Kinase,score,condition
AKT,0.47,Neg15m_NegCTL
AKT,0.47,Neg15m_NegCTL
AKT,0.47,Neg15m_NegCTL
AKT,0.22333333333333336,Neg1h_NegCTL
AKT,0.22333333333333336,Neg1h_NegCTL
AKT,0.22333333333333336,Neg1h_NegCTL
AKT,-0.20333333333333337,Neg24h_NegCTL
AKT,-0.20333333333333337,Neg24h_NegCTL
AKT,-0.20333333333333337,Neg24h_NegCTL
AKT,0.3075,Neg30m_NegCTL
AKT,0.3075,Neg30m_NegCTL
AKT,0.3075,Neg30m_NegCTL
AKT,0.3824999999999999,Neg4h_NegCTL
AKT,0.3824999999999999,Neg4h_NegCTL
AKT,0.3824999999999999,Neg4h_NegCTL
AKT,-0.3366666666666667,Neg5m_NegCTL
AKT,-0.3366666666666667,Neg5m_NegCTL
AKT,-0.3366666666666667,Neg5m_NegCTL
AKT,0.17583333333333334,Pos15m_PosCTL
AKT,0.17583333333333334,Pos15m_PosCTL
AKT,0.17583333333333334,Pos15m_PosCTL
AKT,0.12500000000000008,Pos1h_PosCTL
AKT,0.12500000000000008,Pos1h_PosCTL
AKT,0.12500000000000008,Pos1h_PosCTL
AKT,-1.0258333333333334,Pos24h_PosCTL
AKT,-1.0258333333333334,Pos24h_PosCTL
AKT,-1.0258333333333334,Pos24h_PosCTL
AKT,-0.29333333333333333,Pos30m_PosCTL
AKT,-0.29333333333333333,Pos30m_PosCTL
AKT,-0.29333333333333333,Pos30m_PosCTL
AKT,-0.04333333333333331,Pos4h_PosCTL
AKT,-0.04333333333333331,Pos4h_PosCTL
AKT,-0.04333333333333331,Pos4h_PosCTL
AKT,0.7125,Pos5m_PosCTL
AKT,0.7125,Pos5m_PosCTL
AKT,0.7125,Pos5m_PosCTL
AMPK,0.52,Neg15m_NegCTL
AMPK,0.52,Neg15m_NegCTL
AMPK,0.47,Neg1h_NegCTL
AMPK,0.47,Neg1h_NegCTL
AMPK,0.9366666666666666,Neg24h_NegCTL
AMPK,0.9366666666666666,Neg24h_NegCTL
AMPK,0.08000000000000002,Neg30m_NegCTL
AMPK,0.08000000000000002,Neg30m_NegCTL
AMPK,-0.16249999999999992,Neg4h_NegCTL
AMPK,-0.16249999999999992,Neg4h_NegCTL
AMPK,-0.18416666666666665,Neg5m_NegCTL
AMPK,-0.18416666666666665,Neg5m_NegCTL
AMPK,1.5216666666666667,Pos15m_PosCTL
AMPK,1.5216666666666667,Pos15m_PosCTL
AMPK,1.0758333333333332,Pos1h_PosCTL
AMPK,1.0758333333333332,Pos1h_PosCTL
AMPK,-0.5875,Pos24h_PosCTL
AMPK,-0.5875,Pos24h_PosCTL
AMPK,1.4116666666666666,Pos30m_PosCTL
AMPK,1.4116666666666666,Pos30m_PosCTL
AMPK,1.305,Pos4h_PosCTL
AMPK,1.305,Pos4h_PosCTL
AMPK,2.0033333333333334,Pos5m_PosCTL
AMPK,2.0033333333333334,Pos5m_PosCTL
ATM,-1.16,Neg15m_NegCTL
ATM,-0.6041666666666666,Neg1h_NegCTL
ATM,-1.2875,Neg24h_NegCTL
ATM,-0.9883333333333334,Neg30m_NegCTL
ATM,-1.0625,Neg4h_NegCTL
ATM,-1.211666666666667,Neg5m_NegCTL
ATM,-0.9233333333333332,Pos15m_PosCTL
ATM,-0.6191666666666666,Pos1h_PosCTL
ATM,-0.4133333333333334,Pos24h_PosCTL
ATM,-0.9208333333333334,Pos30m_PosCTL
ATM,-0.6116666666666667,Pos4h_PosCTL
ATM,-0.6716666666666666,Pos5m_PosCTL
ATR,-1.0616666666666668,Neg15m_NegCTL
ATR,-1.0508333333333333,Neg1h_NegCTL
ATR,-0.9033333333333332,Neg24h_NegCTL
ATR,-1.355,Neg30m_NegCTL
ATR,-1.2416666666666667,Neg4h_NegCTL
ATR,-1.0583333333333331,Neg5m_NegCTL
ATR,-1.7983333333333331,Pos15m_PosCTL
ATR,-1.365,Pos1h_PosCTL
ATR,-0.4183333333333333,Pos24h_PosCTL
ATR,-1.6733333333333331,Pos30m_PosCTL
ATR,-1.3758333333333332,Pos4h_PosCTL
ATR,-1.6016666666666666,Pos5m_PosCTL
AUR,0.4116666666666667,Neg15m_NegCTL
AUR,0.4116666666666667,Neg15m_NegCTL
AUR,0.4116666666666667,Neg15m_NegCTL
AUR,-0.02333333333333338,Neg1h_NegCTL
AUR,-0.02333333333333338,Neg1h_NegCTL
AUR,-0.02333333333333338,Neg1h_NegCTL
AUR,0.06249999999999999,Neg24h_NegCTL
AUR,0.06249999999999999,Neg24h_NegCTL
AUR,0.06249999999999999,Neg24h_NegCTL
AUR,-0.03083333333333335,Neg30m_NegCTL
AUR,-0.03083333333333335,Neg30m_NegCTL
AUR,-0.03083333333333335,Neg30m_NegCTL
AUR,-0.3083333333333333,Neg4h_NegCTL
AUR,-0.3083333333333333,Neg4h_NegCTL
AUR,-0.3083333333333333,Neg4h_NegCTL
AUR,-0.3675000000000001,Neg5m_NegCTL
AUR,-0.3675000000000001,Neg5m_NegCTL
AUR,-0.3675000000000001,Neg5m_NegCTL
AUR,-0.2258333333333333,Pos15m_PosCTL
AUR,-0.2258333333333333,Pos15m_PosCTL
AUR,-0.2258333333333333,Pos15m_PosCTL
AUR,-0.20083333333333336,Pos1h_PosCTL
AUR,-0.20083333333333336,Pos1h_PosCTL
AUR,-0.20083333333333336,Pos1h_PosCTL
AUR,0.005,Pos24h_PosCTL
AUR,0.005,Pos24h_PosCTL
AUR,0.005,Pos24h_PosCTL
AUR,0.04416666666666667,Pos30m_PosCTL
AUR,0.04416666666666667,Pos30m_PosCTL
AUR,0.04416666666666667,Pos30m_PosCTL
AUR,0.18666666666666668,Pos4h_PosCTL
AUR,0.18666666666666668,Pos4h_PosCTL
AUR,0.18666666666666668,Pos4h_PosCTL
AUR,0.02500000000000001,Pos5m_PosCTL
AUR,0.02500000000000001,Pos5m_PosCTL
AUR,0.02500000000000001,Pos5m_PosCTL
BARK2,0.7108333333333333,Neg15m_NegCTL
BARK2,0.5499999999999999,Neg1h_NegCTL
BARK2,0.02000000000000002,Neg24h_NegCTL
BARK2,0.5533333333333333,Neg30m_NegCTL
BARK2,0.16333333333333333,Neg4h_NegCTL
BARK2,0.7916666666666666,Neg5m_NegCTL
BARK2,-0.4991666666666667,Pos15m_PosCTL
BARK2,-0.17083333333333334,Pos1h_PosCTL
BARK2,-0.3933333333333333,Pos24h_PosCTL
BARK2,-0.4875,Pos30m_PosCTL
BARK2,-0.3383333333333333,Pos4h_PosCTL
BARK2,-0.19083333333333333,Pos5m_PosCTL
BRSK,0.37833333333333335,Neg15m_NegCTL
BRSK,0.37833333333333335,Neg15m_NegCTL
BRSK,-0.06416666666666665,Neg1h_NegCTL
BRSK,-0.06416666666666665,Neg1h_NegCTL
BRSK,0.7375,Neg24h_NegCTL
BRSK,0.7375,Neg24h_NegCTL
BRSK,0.5175,Neg30m_NegCTL
BRSK,0.5175,Neg30m_NegCTL
BRSK,-0.4491666666666666,Neg4h_NegCTL
BRSK,-0.4491666666666666,Neg4h_NegCTL
BRSK,1.3283333333333334,Neg5m_NegCTL
BRSK,1.3283333333333334,Neg5m_NegCTL
BRSK,-0.9716666666666668,Pos15m_PosCTL
BRSK,-0.9716666666666668,Pos15m_PosCTL
BRSK,0.3341666666666666,Pos1h_PosCTL
BRSK,0.3341666666666666,Pos1h_PosCTL
BRSK,0.4533333333333333,Pos24h_PosCTL
BRSK,0.4533333333333333,Pos24h_PosCTL
BRSK,-0.27499999999999997,Pos30m_PosCTL
BRSK,-0.27499999999999997,Pos30m_PosCTL
BRSK,0.04333333333333335,Pos4h_PosCTL
BRSK,0.04333333333333335,Pos4h_PosCTL
BRSK,-0.00500000000000007,Pos5m_PosCTL
BRSK,-0.00500000000000007,Pos5m_PosCTL
BUD32,-1.0716666666666668,Neg15m_NegCTL
BUD32,-0.735,Neg1h_NegCTL
BUD32,-0.8658333333333333,Neg24h_NegCTL
BUD32,-0.8416666666666667,Neg30m_NegCTL
BUD32,-0.7825,Neg4h_NegCTL
BUD32,-0.9133333333333332,Neg5m_NegCTL
BUD32,-1.0008333333333337,Pos15m_PosCTL
BUD32,-0.7483333333333333,Pos1h_PosCTL
BUD32,-0.4816666666666667,Pos24h_PosCTL
BUD32,-0.9875,Pos30m_PosCTL
BUD32,-0.8275,Pos4h_PosCTL
BUD32,-0.8725,Pos5m_PosCTL
CAMK1,1.2975,Neg15m_NegCTL
CAMK1,1.2975,Neg15m_NegCTL
CAMK1,1.2975,Neg15m_NegCTL
CAMK1,1.2975,Neg15m_NegCTL
CAMK1,1.2975,Neg15m_NegCTL
CAMK1,1.7733333333333332,Neg1h_NegCTL
CAMK1,1.7733333333333332,Neg1h_NegCTL
CAMK1,1.7733333333333332,Neg1h_NegCTL
CAMK1,1.7733333333333332,Neg1h_NegCTL
CAMK1,1.7733333333333332,Neg1h_NegCTL
CAMK1,1.0666666666666669,Neg24h_NegCTL
CAMK1,1.0666666666666669,Neg24h_NegCTL
CAMK1,1.0666666666666669,Neg24h_NegCTL
CAMK1,1.0666666666666669,Neg24h_NegCTL
CAMK1,1.0666666666666669,Neg24h_NegCTL
CAMK1,1.6283333333333334,Neg30m_NegCTL
CAMK1,1.6283333333333334,Neg30m_NegCTL
CAMK1,1.6283333333333334,Neg30m_NegCTL
CAMK1,1.6283333333333334,Neg30m_NegCTL
CAMK1,1.6283333333333334,Neg30m_NegCTL
CAMK1,0.7374999999999999,Neg4h_NegCTL
CAMK1,0.7374999999999999,Neg4h_NegCTL
CAMK1,0.7374999999999999,Neg4h_NegCTL
CAMK1,0.7374999999999999,Neg4h_NegCTL
CAMK1,0.7374999999999999,Neg4h_NegCTL
CAMK1,1.5016666666666667,Neg5m_NegCTL
CAMK1,1.5016666666666667,Neg5m_NegCTL
CAMK1,1.5016666666666667,Neg5m_NegCTL
CAMK1,1.5016666666666667,Neg5m_NegCTL
CAMK1,1.5016666666666667,Neg5m_NegCTL
CAMK1,2.42,Pos15m_PosCTL
CAMK1,2.42,Pos15m_PosCTL
CAMK1,2.42,Pos15m_PosCTL
CAMK1,2.42,Pos15m_PosCTL
CAMK1,2.42,Pos15m_PosCTL
CAMK1,1.893333333333333,Pos1h_PosCTL
CAMK1,1.893333333333333,Pos1h_PosCTL
CAMK1,1.893333333333333,Pos1h_PosCTL
CAMK1,1.893333333333333,Pos1h_PosCTL
CAMK1,1.893333333333333,Pos1h_PosCTL
CAMK1,0.1783333333333333,Pos24h_PosCTL
CAMK1,0.1783333333333333,Pos24h_PosCTL
CAMK1,0.1783333333333333,Pos24h_PosCTL
CAMK1,0.1783333333333333,Pos24h_PosCTL
CAMK1,0.1783333333333333,Pos24h_PosCTL
CAMK1,2.3716666666666666,Pos30m_PosCTL
CAMK1,2.3716666666666666,Pos30m_PosCTL
CAMK1,2.3716666666666666,Pos30m_PosCTL
CAMK1,2.3716666666666666,Pos30m_PosCTL
CAMK1,2.3716666666666666,Pos30m_PosCTL
CAMK1,2.524166666666667,Pos4h_PosCTL
CAMK1,2.524166666666667,Pos4h_PosCTL
CAMK1,2.524166666666667,Pos4h_PosCTL
CAMK1,2.524166666666667,Pos4h_PosCTL
CAMK1,2.524166666666667,Pos4h_PosCTL
CAMK1,2.8541666666666665,Pos5m_PosCTL
CAMK1,2.8541666666666665,Pos5m_PosCTL
CAMK1,2.8541666666666665,Pos5m_PosCTL
CAMK1,2.8541666666666665,Pos5m_PosCTL
CAMK1,2.8541666666666665,Pos5m_PosCTL
CAMK2,-0.16166666666666665,Neg15m_NegCTL
CAMK2,-0.16166666666666665,Neg15m_NegCTL
CAMK2,-0.16166666666666665,Neg15m_NegCTL
CAMK2,-0.16166666666666665,Neg15m_NegCTL
CAMK2,0.20083333333333336,Neg1h_NegCTL
CAMK2,0.20083333333333336,Neg1h_NegCTL
CAMK2,0.20083333333333336,Neg1h_NegCTL
CAMK2,0.20083333333333336,Neg1h_NegCTL
CAMK2,-0.5050000000000001,Neg24h_NegCTL
CAMK2,-0.5050000000000001,Neg24h_NegCTL
CAMK2,-0.5050000000000001,Neg24h_NegCTL
CAMK2,-0.5050000000000001,Neg24h_NegCTL
CAMK2,0.01416666666666666,Neg30m_NegCTL
CAMK2,0.01416666666666666,Neg30m_NegCTL
CAMK2,0.01416666666666666,Neg30m_NegCTL
CAMK2,0.01416666666666666,Neg30m_NegCTL
CAMK2,-0.9916666666666668,Neg4h_NegCTL
CAMK2,-0.9916666666666668,Neg4h_NegCTL
CAMK2,-0.9916666666666668,Neg4h_NegCTL
CAMK2,-0.9916666666666668,Neg4h_NegCTL
CAMK2,-0.26499999999999996,Neg5m_NegCTL
CAMK2,-0.26499999999999996,Neg5m_NegCTL
CAMK2,-0.26499999999999996,Neg5m_NegCTL
CAMK2,-0.26499999999999996,Neg5m_NegCTL
CAMK2,0.17499999999999988,Pos15m_PosCTL
CAMK2,0.17499999999999988,Pos15m_PosCTL
CAMK2,0.17499999999999988,Pos15m_PosCTL
CAMK2,0.17499999999999988,Pos15m_PosCTL
CAMK2,1.0433333333333334,Pos1h_PosCTL
CAMK2,1.0433333333333334,Pos1h_PosCTL
CAMK2,1.0433333333333334,Pos1h_PosCTL
CAMK2,1.0433333333333334,Pos1h_PosCTL
CAMK2,0.585,Pos24h_PosCTL
CAMK2,0.585,Pos24h_PosCTL
CAMK2,0.585,Pos24h_PosCTL
CAMK2,0.585,Pos24h_PosCTL
CAMK2,0.1883333333333333,Pos30m_PosCTL
CAMK2,0.1883333333333333,Pos30m_PosCTL
CAMK2,0.1883333333333333,Pos30m_PosCTL
CAMK2,0.1883333333333333,Pos30m_PosCTL
CAMK2,0.7225,Pos4h_PosCTL
CAMK2,0.7225,Pos4h_PosCTL
CAMK2,0.7225,Pos4h_PosCTL
CAMK2,0.7225,Pos4h_PosCTL
CAMK2,0.54,Pos5m_PosCTL
CAMK2,0.54,Pos5m_PosCTL
CAMK2,0.54,Pos5m_PosCTL
CAMK2,0.54,Pos5m_PosCTL
CAMKK,-1.0533333333333332,Neg15m_NegCTL
CAMKK,-1.0533333333333332,Neg15m_NegCTL
CAMKK,-0.7358333333333333,Neg1h_NegCTL
CAMKK,-0.7358333333333333,Neg1h_NegCTL
CAMKK,-0.8458333333333333,Neg24h_NegCTL
CAMKK,-0.8458333333333333,Neg24h_NegCTL
CAMKK,-0.8425,Neg30m_NegCTL
CAMKK,-0.8425,Neg30m_NegCTL
CAMKK,-0.7758333333333333,Neg4h_NegCTL
CAMKK,-0.7758333333333333,Neg4h_NegCTL
CAMKK,-0.9033333333333332,Neg5m_NegCTL
CAMKK,-0.9033333333333332,Neg5m_NegCTL
CAMKK,-0.9733333333333334,Pos15m_PosCTL
CAMKK,-0.9733333333333334,Pos15m_PosCTL
CAMKK,-0.7408333333333333,Pos1h_PosCTL
CAMKK,-0.7408333333333333,Pos1h_PosCTL
CAMKK,-0.4766666666666667,Pos24h_PosCTL
CAMKK,-0.4766666666666667,Pos24h_PosCTL
CAMKK,-0.985,Pos30m_PosCTL
CAMKK,-0.985,Pos30m_PosCTL
CAMKK,-0.8233333333333334,Pos4h_PosCTL
CAMKK,-0.8233333333333334,Pos4h_PosCTL
CAMKK,-0.8466666666666667,Pos5m_PosCTL
CAMKK,-0.8466666666666667,Pos5m_PosCTL
CDK,-4.4325,Neg15m_NegCTL
CDK,-4.4325,Neg15m_NegCTL
CDK,-4.4325,Neg15m_NegCTL
CDK,-4.4325,Neg15m_NegCTL
CDK,-4.4325,Neg15m_NegCTL
CDK,-4.4325,Neg15m_NegCTL
CDK,-4.4325,Neg15m_NegCTL
CDK,-4.4325,Neg15m_NegCTL
CDK,-4.4325,Neg15m_NegCTL
CDK,-4.4325,Neg15m_NegCTL
CDK,-4.4325,Neg15m_NegCTL
CDK,-4.4325,Neg15m_NegCTL
CDK,-4.4325,Neg15m_NegCTL
CDK,-4.4325,Neg15m_NegCTL
CDK,-4.4325,Neg15m_NegCTL
CDK,-4.4325,Neg15m_NegCTL
CDK,-4.4325,Neg15m_NegCTL
CDK,-4.4325,Neg15m_NegCTL
CDK,-4.4325,Neg15m_NegCTL
CDK,-4.4325,Neg15m_NegCTL
CDK,-4.4325,Neg15m_NegCTL
CDK,-3.82,Neg1h_NegCTL
CDK,-3.82,Neg1h_NegCTL
CDK,-3.82,Neg1h_NegCTL
CDK,-3.82,Neg1h_NegCTL
CDK,-3.82,Neg1h_NegCTL
CDK,-3.82,Neg1h_NegCTL
CDK,-3.82,Neg1h_NegCTL
CDK,-3.82,Neg1h_NegCTL
CDK,-3.82,Neg1h_NegCTL
CDK,-3.82,Neg1h_NegCTL
CDK,-3.82,Neg1h_NegCTL
CDK,-3.82,Neg1h_NegCTL
CDK,-3.82,Neg1h_NegCTL
CDK,-3.82,Neg1h_NegCTL
CDK,-3.82,Neg1h_NegCTL
CDK,-3.82,Neg1h_NegCTL
CDK,-3.82,Neg1h_NegCTL
CDK,-3.82,Neg1h_NegCTL
CDK,-3.82,Neg1h_NegCTL
CDK,-3.82,Neg1h_NegCTL
CDK,-3.82,Neg1h_NegCTL
CDK,-4.099166666666667,Neg24h_NegCTL
CDK,-4.099166666666667,Neg24h_NegCTL
CDK,-4.099166666666667,Neg24h_NegCTL
CDK,-4.099166666666667,Neg24h_NegCTL
CDK,-4.099166666666667,Neg24h_NegCTL
CDK,-4.099166666666667,Neg24h_NegCTL
CDK,-4.099166666666667,Neg24h_NegCTL
CDK,-4.099166666666667,Neg24h_NegCTL
CDK,-4.099166666666667,Neg24h_NegCTL
CDK,-4.099166666666667,Neg24h_NegCTL
CDK,-4.099166666666667,Neg24h_NegCTL
CDK,-4.099166666666667,Neg24h_NegCTL
CDK,-4.099166666666667,Neg24h_NegCTL
CDK,-4.099166666666667,Neg24h_NegCTL
CDK,-4.099166666666667,Neg24h_NegCTL
CDK,-4.099166666666667,Neg24h_NegCTL
CDK,-4.099166666666667,Neg24h_NegCTL
CDK,-4.099166666666667,Neg24h_NegCTL
CDK,-4.099166666666667,Neg24h_NegCTL
CDK,-4.099166666666667,Neg24h_NegCTL
CDK,-4.099166666666667,Neg24h_NegCTL
CDK,-3.35,Neg30m_NegCTL
CDK,-3.35,Neg30m_NegCTL
CDK,-3.35,Neg30m_NegCTL
CDK,-3.35,Neg30m_NegCTL
CDK,-3.35,Neg30m_NegCTL
CDK,-3.35,Neg30m_NegCTL
CDK,-3.35,Neg30m_NegCTL
CDK,-3.35,Neg30m_NegCTL
CDK,-3.35,Neg30m_NegCTL
CDK,-3.35,Neg30m_NegCTL
CDK,-3.35,Neg30m_NegCTL
CDK,-3.35,Neg30m_NegCTL
CDK,-3.35,Neg30m_NegCTL
CDK,-3.35,Neg30m_NegCTL
CDK,-3.35,Neg30m_NegCTL
CDK,-3.35,Neg30m_NegCTL
CDK,-3.35,Neg30m_NegCTL
CDK,-3.35,Neg30m_NegCTL
CDK,-3.35,Neg30m_NegCTL
CDK,-3.35,Neg30m_NegCTL
CDK,-3.35,Neg30m_NegCTL
CDK,-3.138333333333333,Neg4h_NegCTL
CDK,-3.138333333333333,Neg4h_NegCTL
CDK,-3.138333333333333,Neg4h_NegCTL
CDK,-3.138333333333333,Neg4h_NegCTL
CDK,-3.138333333333333,Neg4h_NegCTL
CDK,-3.138333333333333,Neg4h_NegCTL
CDK,-3.138333333333333,Neg4h_NegCTL
CDK,-3.138333333333333,Neg4h_NegCTL
CDK,-3.138333333333333,Neg4h_NegCTL
CDK,-3.138333333333333,Neg4h_NegCTL
CDK,-3.138333333333333,Neg4h_NegCTL
CDK,-3.138333333333333,Neg4h_NegCTL
CDK,-3.138333333333333,Neg4h_NegCTL
CDK,-3.138333333333333,Neg4h_NegCTL
CDK,-3.138333333333333,Neg4h_NegCTL
CDK,-3.138333333333333,Neg4h_NegCTL
CDK,-3.138333333333333,Neg4h_NegCTL
CDK,-3.138333333333333,Neg4h_NegCTL
CDK,-3.138333333333333,Neg4h_NegCTL
CDK,-3.138333333333333,Neg4h_NegCTL
CDK,-3.138333333333333,Neg4h_NegCTL
CDK,-3.4966666666666666,Neg5m_NegCTL
CDK,-3.4966666666666666,Neg5m_NegCTL
CDK,-3.4966666666666666,Neg5m_NegCTL
CDK,-3.4966666666666666,Neg5m_NegCTL
CDK,-3.4966666666666666,Neg5m_NegCTL
CDK,-3.4966666666666666,Neg5m_NegCTL
CDK,-3.4966666666666666,Neg5m_NegCTL
CDK,-3.4966666666666666,Neg5m_NegCTL
CDK,-3.4966666666666666,Neg5m_NegCTL
CDK,-3.4966666666666666,Neg5m_NegCTL
CDK,-3.4966666666666666,Neg5m_NegCTL
CDK,-3.4966666666666666,Neg5m_NegCTL
CDK,-3.4966666666666666,Neg5m_NegCTL
CDK,-3.4966666666666666,Neg5m_NegCTL
CDK,-3.4966666666666666,Neg5m_NegCTL
CDK,-3.4966666666666666,Neg5m_NegCTL
CDK,-3.4966666666666666,Neg5m_NegCTL
CDK,-3.4966666666666666,Neg5m_NegCTL
CDK,-3.4966666666666666,Neg5m_NegCTL
CDK,-3.4966666666666666,Neg5m_NegCTL
CDK,-3.4966666666666666,Neg5m_NegCTL
CDK,-4.479166666666667,Pos15m_PosCTL
CDK,-4.479166666666667,Pos15m_PosCTL
CDK,-4.479166666666667,Pos15m_PosCTL
CDK,-4.479166666666667,Pos15m_PosCTL
CDK,-4.479166666666667,Pos15m_PosCTL
CDK,-4.479166666666667,Pos15m_PosCTL
CDK,-4.479166666666667,Pos15m_PosCTL
CDK,-4.479166666666667,Pos15m_PosCTL
CDK,-4.479166666666667,Pos15m_PosCTL
CDK,-4.479166666666667,Pos15m_PosCTL
CDK,-4.479166666666667,Pos15m_PosCTL
CDK,-4.479166666666667,Pos15m_PosCTL
CDK,-4.479166666666667,Pos15m_PosCTL
CDK,-4.479166666666667,Pos15m_PosCTL
CDK,-4.479166666666667,Pos15m_PosCTL
CDK,-4.479166666666667,Pos15m_PosCTL
CDK,-4.479166666666667,Pos15m_PosCTL
CDK,-4.479166666666667,Pos15m_PosCTL
CDK,-4.479166666666667,Pos15m_PosCTL
CDK,-4.479166666666667,Pos15m_PosCTL
CDK,-4.479166666666667,Pos15m_PosCTL
CDK,-3.195,Pos1h_PosCTL
CDK,-3.195,Pos1h_PosCTL
CDK,-3.195,Pos1h_PosCTL
CDK,-3.195,Pos1h_PosCTL
CDK,-3.195,Pos1h_PosCTL
CDK,-3.195,Pos1h_PosCTL
CDK,-3.195,Pos1h_PosCTL
CDK,-3.195,Pos1h_PosCTL
CDK,-3.195,Pos1h_PosCTL
CDK,-3.195,Pos1h_PosCTL
CDK,-3.195,Pos1h_PosCTL
CDK,-3.195,Pos1h_PosCTL
CDK,-3.195,Pos1h_PosCTL
CDK,-3.195,Pos1h_PosCTL
CDK,-3.195,Pos1h_PosCTL
CDK,-3.195,Pos1h_PosCTL
CDK,-3.195,Pos1h_PosCTL
CDK,-3.195,Pos1h_PosCTL
CDK,-3.195,Pos1h_PosCTL
CDK,-3.195,Pos1h_PosCTL
CDK,-3.195,Pos1h_PosCTL
CDK,-2.0233333333333334,Pos24h_PosCTL
CDK,-2.0233333333333334,Pos24h_PosCTL
CDK,-2.0233333333333334,Pos24h_PosCTL
CDK,-2.0233333333333334,Pos24h_PosCTL
CDK,-2.0233333333333334,Pos24h_PosCTL
CDK,-2.0233333333333334,Pos24h_PosCTL
CDK,-2.0233333333333334,Pos24h_PosCTL
CDK,-2.0233333333333334,Pos24h_PosCTL
CDK,-2.0233333333333334,Pos24h_PosCTL
CDK,-2.0233333333333334,Pos24h_PosCTL
CDK,-2.0233333333333334,Pos24h_PosCTL
CDK,-2.0233333333333334,Pos24h_PosCTL
CDK,-2.0233333333333334,Pos24h_PosCTL
CDK,-2.0233333333333334,Pos24h_PosCTL
CDK,-2.0233333333333334,Pos24h_PosCTL
CDK,-2.0233333333333334,Pos24h_PosCTL
CDK,-2.0233333333333334,Pos24h_PosCTL
CDK,-2.0233333333333334,Pos24h_PosCTL
CDK,-2.0233333333333334,Pos24h_PosCTL
CDK,-2.0233333333333334,Pos24h_PosCTL
CDK,-2.0233333333333334,Pos24h_PosCTL
CDK,-5.128333333333333,Pos30m_PosCTL
CDK,-5.128333333333333,Pos30m_PosCTL
CDK,-5.128333333333333,Pos30m_PosCTL
CDK,-5.128333333333333,Pos30m_PosCTL
CDK,-5.128333333333333,Pos30m_PosCTL
CDK,-5.128333333333333,Pos30m_PosCTL
CDK,-5.128333333333333,Pos30m_PosCTL
CDK,-5.128333333333333,Pos30m_PosCTL
CDK,-5.128333333333333,Pos30m_PosCTL
CDK,-5.128333333333333,Pos30m_PosCTL
CDK,-5.128333333333333,Pos30m_PosCTL
CDK,-5.128333333333333,Pos30m_PosCTL
CDK,-5.128333333333333,Pos30m_PosCTL
CDK,-5.128333333333333,Pos30m_PosCTL
CDK,-5.128333333333333,Pos30m_PosCTL
CDK,-5.128333333333333,Pos30m_PosCTL
CDK,-5.128333333333333,Pos30m_PosCTL
CDK,-5.128333333333333,Pos30m_PosCTL
CDK,-5.128333333333333,Pos30m_PosCTL
CDK,-5.128333333333333,Pos30m_PosCTL
CDK,-5.128333333333333,Pos30m_PosCTL
CDK,-3.8791666666666664,Pos4h_PosCTL
CDK,-3.8791666666666664,Pos4h_PosCTL
CDK,-3.8791666666666664,Pos4h_PosCTL
CDK,-3.8791666666666664,Pos4h_PosCTL
CDK,-3.8791666666666664,Pos4h_PosCTL
CDK,-3.8791666666666664,Pos4h_PosCTL
CDK,-3.8791666666666664,Pos4h_PosCTL
CDK,-3.8791666666666664,Pos4h_PosCTL
CDK,-3.8791666666666664,Pos4h_PosCTL
CDK,-3.8791666666666664,Pos4h_PosCTL
CDK,-3.8791666666666664,Pos4h_PosCTL
CDK,-3.8791666666666664,Pos4h_PosCTL
CDK,-3.8791666666666664,Pos4h_PosCTL
CDK,-3.8791666666666664,Pos4h_PosCTL
CDK,-3.8791666666666664,Pos4h_PosCTL
CDK,-3.8791666666666664,Pos4h_PosCTL
CDK,-3.8791666666666664,Pos4h_PosCTL
CDK,-3.8791666666666664,Pos4h_PosCTL
CDK,-3.8791666666666664,Pos4h_PosCTL
CDK,-3.8791666666666664,Pos4h_PosCTL
CDK,-3.8791666666666664,Pos4h_PosCTL
CDK,-4.066666666666666,Pos5m_PosCTL
CDK,-4.066666666666666,Pos5m_PosCTL
CDK,-4.066666666666666,Pos5m_PosCTL
CDK,-4.066666666666666,Pos5m_PosCTL
CDK,-4.066666666666666,Pos5m_PosCTL
CDK,-4.066666666666666,Pos5m_PosCTL
CDK,-4.066666666666666,Pos5m_PosCTL
CDK,-4.066666666666666,Pos5m_PosCTL
CDK,-4.066666666666666,Pos5m_PosCTL
CDK,-4.066666666666666,Pos5m_PosCTL
CDK,-4.066666666666666,Pos5m_PosCTL
CDK,-4.066666666666666,Pos5m_PosCTL
CDK,-4.066666666666666,Pos5m_PosCTL
CDK,-4.066666666666666,Pos5m_PosCTL
CDK,-4.066666666666666,Pos5m_PosCTL
CDK,-4.066666666666666,Pos5m_PosCTL
CDK,-4.066666666666666,Pos5m_PosCTL
CDK,-4.066666666666666,Pos5m_PosCTL
CDK,-4.066666666666666,Pos5m_PosCTL
CDK,-4.066666666666666,Pos5m_PosCTL
CDK,-4.066666666666666,Pos5m_PosCTL
CHK1,-0.005,Neg15m_NegCTL
CHK1,-0.37,Neg1h_NegCTL
CHK1,0.77,Neg24h_NegCTL
CHK1,-0.17666666666666667,Neg30m_NegCTL
CHK1,-0.2891666666666667,Neg4h_NegCTL
CHK1,0.29333333333333333,Neg5m_NegCTL
CHK1,0.42583333333333334,Pos15m_PosCTL
CHK1,0.34833333333333333,Pos1h_PosCTL
CHK1,0.01583333333333333,Pos24h_PosCTL
CHK1,0.6325,Pos30m_PosCTL
CHK1,0.2441666666666667,Pos4h_PosCTL
CHK1,1.0633333333333332,Pos5m_PosCTL
CK1,-2.035,Neg15m_NegCTL
CK1,-2.035,Neg15m_NegCTL
CK1,-2.035,Neg15m_NegCTL
CK1,-2.035,Neg15m_NegCTL
CK1,-2.035,Neg15m_NegCTL
CK1,-2.035,Neg15m_NegCTL
CK1,-2.035,Neg15m_NegCTL
CK1,-2.035,Neg15m_NegCTL
CK1,-2.035,Neg15m_NegCTL
CK1,-2.035,Neg15m_NegCTL
CK1,-1.7291666666666667,Neg1h_NegCTL
CK1,-1.7291666666666667,Neg1h_NegCTL
CK1,-1.7291666666666667,Neg1h_NegCTL
CK1,-1.7291666666666667,Neg1h_NegCTL
CK1,-1.7291666666666667,Neg1h_NegCTL
CK1,-1.7291666666666667,Neg1h_NegCTL
CK1,-1.7291666666666667,Neg1h_NegCTL
CK1,-1.7291666666666667,Neg1h_NegCTL
CK1,-1.7291666666666667,Neg1h_NegCTL
CK1,-1.7291666666666667,Neg1h_NegCTL
CK1,-1.7291666666666663,Neg24h_NegCTL
CK1,-1.7291666666666663,Neg24h_NegCTL
CK1,-1.7291666666666663,Neg24h_NegCTL
CK1,-1.7291666666666663,Neg24h_NegCTL
CK1,-1.7291666666666663,Neg24h_NegCTL
CK1,-1.7291666666666663,Neg24h_NegCTL
CK1,-1.7291666666666663,Neg24h_NegCTL
CK1,-1.7291666666666663,Neg24h_NegCTL
CK1,-1.7291666666666663,Neg24h_NegCTL
CK1,-1.7291666666666663,Neg24h_NegCTL
CK1,-2.104166666666667,Neg30m_NegCTL
CK1,-2.104166666666667,Neg30m_NegCTL
CK1,-2.104166666666667,Neg30m_NegCTL
CK1,-2.104166666666667,Neg30m_NegCTL
CK1,-2.104166666666667,Neg30m_NegCTL
CK1,-2.104166666666667,Neg30m_NegCTL
CK1,-2.104166666666667,Neg30m_NegCTL
CK1,-2.104166666666667,Neg30m_NegCTL
CK1,-2.104166666666667,Neg30m_NegCTL
CK1,-2.104166666666667,Neg30m_NegCTL
CK1,-1.7716666666666667,Neg4h_NegCTL
CK1,-1.7716666666666667,Neg4h_NegCTL
CK1,-1.7716666666666667,Neg4h_NegCTL
CK1,-1.7716666666666667,Neg4h_NegCTL
CK1,-1.7716666666666667,Neg4h_NegCTL
CK1,-1.7716666666666667,Neg4h_NegCTL
CK1,-1.7716666666666667,Neg4h_NegCTL
CK1,-1.7716666666666667,Neg4h_NegCTL
CK1,-1.7716666666666667,Neg4h_NegCTL
CK1,-1.7716666666666667,Neg4h_NegCTL
CK1,-2.0633333333333335,Neg5m_NegCTL
CK1,-2.0633333333333335,Neg5m_NegCTL
CK1,-2.0633333333333335,Neg5m_NegCTL
CK1,-2.0633333333333335,Neg5m_NegCTL
CK1,-2.0633333333333335,Neg5m_NegCTL
CK1,-2.0633333333333335,Neg5m_NegCTL
CK1,-2.0633333333333335,Neg5m_NegCTL
CK1,-2.0633333333333335,Neg5m_NegCTL
CK1,-2.0633333333333335,Neg5m_NegCTL
CK1,-2.0633333333333335,Neg5m_NegCTL
CK1,-1.9408333333333336,Pos15m_PosCTL
CK1,-1.9408333333333336,Pos15m_PosCTL
CK1,-1.9408333333333336,Pos15m_PosCTL
CK1,-1.9408333333333336,Pos15m_PosCTL
CK1,-1.9408333333333336,Pos15m_PosCTL
CK1,-1.9408333333333336,Pos15m_PosCTL
CK1,-1.9408333333333336,Pos15m_PosCTL
CK1,-1.9408333333333336,Pos15m_PosCTL
CK1,-1.9408333333333336,Pos15m_PosCTL
CK1,-1.9408333333333336,Pos15m_PosCTL
CK1,-0.9975,Pos1h_PosCTL
CK1,-0.9975,Pos1h_PosCTL
CK1,-0.9975,Pos1h_PosCTL
CK1,-0.9975,Pos1h_PosCTL
CK1,-0.9975,Pos1h_PosCTL
CK1,-0.9975,Pos1h_PosCTL
CK1,-0.9975,Pos1h_PosCTL
CK1,-0.9975,Pos1h_PosCTL
CK1,-0.9975,Pos1h_PosCTL
CK1,-0.9975,Pos1h_PosCTL
CK1,-1.0816666666666668,Pos24h_PosCTL
CK1,-1.0816666666666668,Pos24h_PosCTL
CK1,-1.0816666666666668,Pos24h_PosCTL
CK1,-1.0816666666666668,Pos24h_PosCTL
CK1,-1.0816666666666668,Pos24h_PosCTL
CK1,-1.0816666666666668,Pos24h_PosCTL
CK1,-1.0816666666666668,Pos24h_PosCTL
CK1,-1.0816666666666668,Pos24h_PosCTL
CK1,-1.0816666666666668,Pos24h_PosCTL
CK1,-1.0816666666666668,Pos24h_PosCTL
CK1,-1.9908333333333337,Pos30m_PosCTL
CK1,-1.9908333333333337,Pos30m_PosCTL
CK1,-1.9908333333333337,Pos30m_PosCTL
CK1,-1.9908333333333337,Pos30m_PosCTL
CK1,-1.9908333333333337,Pos30m_PosCTL
CK1,-1.9908333333333337,Pos30m_PosCTL
CK1,-1.9908333333333337,Pos30m_PosCTL
CK1,-1.9908333333333337,Pos30m_PosCTL
CK1,-1.9908333333333337,Pos30m_PosCTL
CK1,-1.9908333333333337,Pos30m_PosCTL
CK1,-1.3091666666666666,Pos4h_PosCTL
CK1,-1.3091666666666666,Pos4h_PosCTL
CK1,-1.3091666666666666,Pos4h_PosCTL
CK1,-1.3091666666666666,Pos4h_PosCTL
CK1,-1.3091666666666666,Pos4h_PosCTL
CK1,-1.3091666666666666,Pos4h_PosCTL
CK1,-1.3091666666666666,Pos4h_PosCTL
CK1,-1.3091666666666666,Pos4h_PosCTL
CK1,-1.3091666666666666,Pos4h_PosCTL
CK1,-1.3091666666666666,Pos4h_PosCTL
CK1,-1.518333333333333,Pos5m_PosCTL
CK1,-1.518333333333333,Pos5m_PosCTL
CK1,-1.518333333333333,Pos5m_PosCTL
CK1,-1.518333333333333,Pos5m_PosCTL
CK1,-1.518333333333333,Pos5m_PosCTL
CK1,-1.518333333333333,Pos5m_PosCTL
CK1,-1.518333333333333,Pos5m_PosCTL
CK1,-1.518333333333333,Pos5m_PosCTL
CK1,-1.518333333333333,Pos5m_PosCTL
CK1,-1.518333333333333,Pos5m_PosCTL
CK2,-0.3166666666666667,Neg15m_NegCTL
CK2,-0.3166666666666667,Neg15m_NegCTL
CK2,-0.3166666666666667,Neg15m_NegCTL
CK2,-0.16249999999999998,Neg1h_NegCTL
CK2,-0.16249999999999998,Neg1h_NegCTL
CK2,-0.16249999999999998,Neg1h_NegCTL
CK2,-1.221666666666667,Neg24h_NegCTL
CK2,-1.221666666666667,Neg24h_NegCTL
CK2,-1.221666666666667,Neg24h_NegCTL
CK2,-0.4708333333333333,Neg30m_NegCTL
CK2,-0.4708333333333333,Neg30m_NegCTL
CK2,-0.4708333333333333,Neg30m_NegCTL
CK2,-0.9716666666666668,Neg4h_NegCTL
CK2,-0.9716666666666668,Neg4h_NegCTL
CK2,-0.9716666666666668,Neg4h_NegCTL
CK2,-1.05,Neg5m_NegCTL
CK2,-1.05,Neg5m_NegCTL
CK2,-1.05,Neg5m_NegCTL
CK2,-0.2708333333333333,Pos15m_PosCTL
CK2,-0.2708333333333333,Pos15m_PosCTL
CK2,-0.2708333333333333,Pos15m_PosCTL
CK2,0.3908333333333333,Pos1h_PosCTL
CK2,0.3908333333333333,Pos1h_PosCTL
CK2,0.3908333333333333,Pos1h_PosCTL
CK2,-0.6583333333333333,Pos24h_PosCTL
CK2,-0.6583333333333333,Pos24h_PosCTL
CK2,-0.6583333333333333,Pos24h_PosCTL
CK2,-0.5483333333333333,Pos30m_PosCTL
CK2,-0.5483333333333333,Pos30m_PosCTL
CK2,-0.5483333333333333,Pos30m_PosCTL
CK2,0.21166666666666664,Pos4h_PosCTL
CK2,0.21166666666666664,Pos4h_PosCTL
CK2,0.21166666666666664,Pos4h_PosCTL
CK2,-0.09916666666666668,Pos5m_PosCTL
CK2,-0.09916666666666668,Pos5m_PosCTL
CK2,-0.09916666666666668,Pos5m_PosCTL
CLK,-1.0625,Neg15m_NegCTL
CLK,-1.0625,Neg15m_NegCTL
CLK,-1.0625,Neg15m_NegCTL
CLK,-1.0625,Neg15m_NegCTL
CLK,-0.7333333333333334,Neg1h_NegCTL
CLK,-0.7333333333333334,Neg1h_NegCTL
CLK,-0.7333333333333334,Neg1h_NegCTL
CLK,-0.7333333333333334,Neg1h_NegCTL
CLK,-0.855,Neg24h_NegCTL
CLK,-0.855,Neg24h_NegCTL
CLK,-0.855,Neg24h_NegCTL
CLK,-0.855,Neg24h_NegCTL
CLK,-0.8325,Neg30m_NegCTL
CLK,-0.8325,Neg30m_NegCTL
CLK,-0.8325,Neg30m_NegCTL
CLK,-0.8325,Neg30m_NegCTL
CLK,-0.7816666666666666,Neg4h_NegCTL
CLK,-0.7816666666666666,Neg4h_NegCTL
CLK,-0.7816666666666666,Neg4h_NegCTL
CLK,-0.7816666666666666,Neg4h_NegCTL
CLK,-0.8908333333333334,Neg5m_NegCTL
CLK,-0.8908333333333334,Neg5m_NegCTL
CLK,-0.8908333333333334,Neg5m_NegCTL
CLK,-0.8908333333333334,Neg5m_NegCTL
CLK,-0.985,Pos15m_PosCTL
CLK,-0.985,Pos15m_PosCTL
CLK,-0.985,Pos15m_PosCTL
CLK,-0.985,Pos15m_PosCTL
CLK,-0.74,Pos1h_PosCTL
CLK,-0.74,Pos1h_PosCTL
CLK,-0.74,Pos1h_PosCTL
CLK,-0.74,Pos1h_PosCTL
CLK,-0.4733333333333334,Pos24h_PosCTL
CLK,-0.4733333333333334,Pos24h_PosCTL
CLK,-0.4733333333333334,Pos24h_PosCTL
CLK,-0.4733333333333334,Pos24h_PosCTL
CLK,-0.9783333333333334,Pos30m_PosCTL
CLK,-0.9783333333333334,Pos30m_PosCTL
CLK,-0.9783333333333334,Pos30m_PosCTL
CLK,-0.9783333333333334,Pos30m_PosCTL
CLK,-0.8383333333333334,Pos4h_PosCTL
CLK,-0.8383333333333334,Pos4h_PosCTL
CLK,-0.8383333333333334,Pos4h_PosCTL
CLK,-0.8383333333333334,Pos4h_PosCTL
CLK,-0.8566666666666667,Pos5m_PosCTL
CLK,-0.8566666666666667,Pos5m_PosCTL
CLK,-0.8566666666666667,Pos5m_PosCTL
CLK,-0.8566666666666667,Pos5m_PosCTL
COT,-0.09166666666666667,Neg15m_NegCTL
COT,0.12083333333333336,Neg1h_NegCTL
COT,0.2716666666666667,Neg24h_NegCTL
COT,0.2966666666666667,Neg30m_NegCTL
COT,-0.2841666666666666,Neg4h_NegCTL
COT,-0.1675,Neg5m_NegCTL
COT,0.8283333333333334,Pos15m_PosCTL
COT,0.20083333333333336,Pos1h_PosCTL
COT,0.7116666666666667,Pos24h_PosCTL
COT,0.8758333333333332,Pos30m_PosCTL
COT,-0.09000000000000002,Pos4h_PosCTL
COT,0.6241666666666666,Pos5m_PosCTL
DAPK,-0.5191666666666667,Neg15m_NegCTL
DAPK,-0.5191666666666667,Neg15m_NegCTL
DAPK,-0.5191666666666667,Neg15m_NegCTL
DAPK,-0.5191666666666667,Neg15m_NegCTL
DAPK,-0.5191666666666667,Neg15m_NegCTL
DAPK,-0.44333333333333336,Neg1h_NegCTL
DAPK,-0.44333333333333336,Neg1h_NegCTL
DAPK,-0.44333333333333336,Neg1h_NegCTL
DAPK,-0.44333333333333336,Neg1h_NegCTL
DAPK,-0.44333333333333336,Neg1h_NegCTL
DAPK,0.30583333333333335,Neg24h_NegCTL
DAPK,0.30583333333333335,Neg24h_NegCTL
DAPK,0.30583333333333335,Neg24h_NegCTL
DAPK,0.30583333333333335,Neg24h_NegCTL
DAPK,0.30583333333333335,Neg24h_NegCTL
DAPK,-0.9291666666666668,Neg30m_NegCTL
DAPK,-0.9291666666666668,Neg30m_NegCTL
DAPK,-0.9291666666666668,Neg30m_NegCTL
DAPK,-0.9291666666666668,Neg30m_NegCTL
DAPK,-0.9291666666666668,Neg30m_NegCTL
DAPK,-0.2625,Neg4h_NegCTL
DAPK,-0.2625,Neg4h_NegCTL
DAPK,-0.2625,Neg4h_NegCTL
DAPK,-0.2625,Neg4h_NegCTL
DAPK,-0.2625,Neg4h_NegCTL
DAPK,-0.835,Neg5m_NegCTL
DAPK,-0.835,Neg5m_NegCTL
DAPK,-0.835,Neg5m_NegCTL
DAPK,-0.835,Neg5m_NegCTL
DAPK,-0.835,Neg5m_NegCTL
DAPK,-0.7041666666666666,Pos15m_PosCTL
DAPK,-0.7041666666666666,Pos15m_PosCTL
DAPK,-0.7041666666666666,Pos15m_PosCTL
DAPK,-0.7041666666666666,Pos15m_PosCTL
DAPK,-0.7041666666666666,Pos15m_PosCTL
DAPK,-1.1416666666666666,Pos1h_PosCTL
DAPK,-1.1416666666666666,Pos1h_PosCTL
DAPK,-1.1416666666666666,Pos1h_PosCTL
DAPK,-1.1416666666666666,Pos1h_PosCTL
DAPK,-1.1416666666666666,Pos1h_PosCTL
DAPK,-0.5575,Pos24h_PosCTL
DAPK,-0.5575,Pos24h_PosCTL
DAPK,-0.5575,Pos24h_PosCTL
DAPK,-0.5575,Pos24h_PosCTL
DAPK,-0.5575,Pos24h_PosCTL
DAPK,-1.0841666666666667,Pos30m_PosCTL
DAPK,-1.0841666666666667,Pos30m_PosCTL
DAPK,-1.0841666666666667,Pos30m_PosCTL
DAPK,-1.0841666666666667,Pos30m_PosCTL
DAPK,-1.0841666666666667,Pos30m_PosCTL
DAPK,-0.8791666666666667,Pos4h_PosCTL
DAPK,-0.8791666666666667,Pos4h_PosCTL
DAPK,-0.8791666666666667,Pos4h_PosCTL
DAPK,-0.8791666666666667,Pos4h_PosCTL
DAPK,-0.8791666666666667,Pos4h_PosCTL
DAPK,-0.48,Pos5m_PosCTL
DAPK,-0.48,Pos5m_PosCTL
DAPK,-0.48,Pos5m_PosCTL
DAPK,-0.48,Pos5m_PosCTL
DAPK,-0.48,Pos5m_PosCTL
DMPK,-1.325,Neg15m_NegCTL
DMPK,-1.325,Neg15m_NegCTL
DMPK,-1.325,Neg15m_NegCTL
DMPK,-1.325,Neg15m_NegCTL
DMPK,-1.325,Neg15m_NegCTL
DMPK,-1.325,Neg15m_NegCTL
DMPK,-1.325,Neg15m_NegCTL
DMPK,0.09583333333333326,Neg1h_NegCTL
DMPK,0.09583333333333326,Neg1h_NegCTL
DMPK,0.09583333333333326,Neg1h_NegCTL
DMPK,0.09583333333333326,Neg1h_NegCTL
DMPK,0.09583333333333326,Neg1h_NegCTL
DMPK,0.09583333333333326,Neg1h_NegCTL
DMPK,0.09583333333333326,Neg1h_NegCTL
DMPK,-1.1075,Neg24h_NegCTL
DMPK,-1.1075,Neg24h_NegCTL
DMPK,-1.1075,Neg24h_NegCTL
DMPK,-1.1075,Neg24h_NegCTL
DMPK,-1.1075,Neg24h_NegCTL
DMPK,-1.1075,Neg24h_NegCTL
DMPK,-1.1075,Neg24h_NegCTL
DMPK,-0.905,Neg30m_NegCTL
DMPK,-0.905,Neg30m_NegCTL
DMPK,-0.905,Neg30m_NegCTL
DMPK,-0.905,Neg30m_NegCTL
DMPK,-0.905,Neg30m_NegCTL
DMPK,-0.905,Neg30m_NegCTL
DMPK,-0.905,Neg30m_NegCTL
DMPK,-0.27166666666666667,Neg4h_NegCTL
DMPK,-0.27166666666666667,Neg4h_NegCTL
DMPK,-0.27166666666666667,Neg4h_NegCTL
DMPK,-0.27166666666666667,Neg4h_NegCTL
DMPK,-0.27166666666666667,Neg4h_NegCTL
DMPK,-0.27166666666666667,Neg4h_NegCTL
DMPK,-0.27166666666666667,Neg4h_NegCTL
DMPK,-1.875,Neg5m_NegCTL
DMPK,-1.875,Neg5m_NegCTL
DMPK,-1.875,Neg5m_NegCTL
DMPK,-1.875,Neg5m_NegCTL
DMPK,-1.875,Neg5m_NegCTL
DMPK,-1.875,Neg5m_NegCTL
DMPK,-1.875,Neg5m_NegCTL
DMPK,-0.7166666666666667,Pos15m_PosCTL
DMPK,-0.7166666666666667,Pos15m_PosCTL
DMPK,-0.7166666666666667,Pos15m_PosCTL
DMPK,-0.7166666666666667,Pos15m_PosCTL
DMPK,-0.7166666666666667,Pos15m_PosCTL
DMPK,-0.7166666666666667,Pos15m_PosCTL
DMPK,-0.7166666666666667,Pos15m_PosCTL
DMPK,-0.7091666666666667,Pos1h_PosCTL
DMPK,-0.7091666666666667,Pos1h_PosCTL
DMPK,-0.7091666666666667,Pos1h_PosCTL
DMPK,-0.7091666666666667,Pos1h_PosCTL
DMPK,-0.7091666666666667,Pos1h_PosCTL
DMPK,-0.7091666666666667,Pos1h_PosCTL
DMPK,-0.7091666666666667,Pos1h_PosCTL
DMPK,-1.3725,Pos24h_PosCTL
DMPK,-1.3725,Pos24h_PosCTL
DMPK,-1.3725,Pos24h_PosCTL
DMPK,-1.3725,Pos24h_PosCTL
DMPK,-1.3725,Pos24h_PosCTL
DMPK,-1.3725,Pos24h_PosCTL
DMPK,-1.3725,Pos24h_PosCTL
DMPK,-0.9541666666666668,Pos30m_PosCTL
DMPK,-0.9541666666666668,Pos30m_PosCTL
DMPK,-0.9541666666666668,Pos30m_PosCTL
DMPK,-0.9541666666666668,Pos30m_PosCTL
DMPK,-0.9541666666666668,Pos30m_PosCTL
DMPK,-0.9541666666666668,Pos30m_PosCTL
DMPK,-0.9541666666666668,Pos30m_PosCTL
DMPK,-0.6308333333333334,Pos4h_PosCTL
DMPK,-0.6308333333333334,Pos4h_PosCTL
DMPK,-0.6308333333333334,Pos4h_PosCTL
DMPK,-0.6308333333333334,Pos4h_PosCTL
DMPK,-0.6308333333333334,Pos4h_PosCTL
DMPK,-0.6308333333333334,Pos4h_PosCTL
DMPK,-0.6308333333333334,Pos4h_PosCTL
DMPK,0.2425,Pos5m_PosCTL
DMPK,0.2425,Pos5m_PosCTL
DMPK,0.2425,Pos5m_PosCTL
DMPK,0.2425,Pos5m_PosCTL
DMPK,0.2425,Pos5m_PosCTL
DMPK,0.2425,Pos5m_PosCTL
DMPK,0.2425,Pos5m_PosCTL
DYRK,-4.2475,Neg15m_NegCTL
DYRK,-4.2475,Neg15m_NegCTL
DYRK,-4.2475,Neg15m_NegCTL
DYRK,-4.2475,Neg15m_NegCTL
DYRK,-4.2475,Neg15m_NegCTL
DYRK,-4.2475,Neg15m_NegCTL
DYRK,-4.2475,Neg15m_NegCTL
DYRK,-4.2475,Neg15m_NegCTL
DYRK,-4.2475,Neg15m_NegCTL
DYRK,-4.2475,Neg15m_NegCTL
DYRK,-4.3341666666666665,Neg1h_NegCTL
DYRK,-4.3341666666666665,Neg1h_NegCTL
DYRK,-4.3341666666666665,Neg1h_NegCTL
DYRK,-4.3341666666666665,Neg1h_NegCTL
DYRK,-4.3341666666666665,Neg1h_NegCTL
DYRK,-4.3341666666666665,Neg1h_NegCTL
DYRK,-4.3341666666666665,Neg1h_NegCTL
DYRK,-4.3341666666666665,Neg1h_NegCTL
DYRK,-4.3341666666666665,Neg1h_NegCTL
DYRK,-4.3341666666666665,Neg1h_NegCTL
DYRK,-2.8766666666666665,Neg24h_NegCTL
DYRK,-2.8766666666666665,Neg24h_NegCTL
DYRK,-2.8766666666666665,Neg24h_NegCTL
DYRK,-2.8766666666666665,Neg24h_NegCTL
DYRK,-2.8766666666666665,Neg24h_NegCTL
DYRK,-2.8766666666666665,Neg24h_NegCTL
DYRK,-2.8766666666666665,Neg24h_NegCTL
DYRK,-2.8766666666666665,Neg24h_NegCTL
DYRK,-2.8766666666666665,Neg24h_NegCTL
DYRK,-2.8766666666666665,Neg24h_NegCTL
DYRK,-3.701666666666666,Neg30m_NegCTL
DYRK,-3.701666666666666,Neg30m_NegCTL
DYRK,-3.701666666666666,Neg30m_NegCTL
DYRK,-3.701666666666666,Neg30m_NegCTL
DYRK,-3.701666666666666,Neg30m_NegCTL
DYRK,-3.701666666666666,Neg30m_NegCTL
DYRK,-3.701666666666666,Neg30m_NegCTL
DYRK,-3.701666666666666,Neg30m_NegCTL
DYRK,-3.701666666666666,Neg30m_NegCTL
DYRK,-3.701666666666666,Neg30m_NegCTL
DYRK,-3.274166666666667,Neg4h_NegCTL
DYRK,-3.274166666666667,Neg4h_NegCTL
DYRK,-3.274166666666667,Neg4h_NegCTL
DYRK,-3.274166666666667,Neg4h_NegCTL
DYRK,-3.274166666666667,Neg4h_NegCTL
DYRK,-3.274166666666667,Neg4h_NegCTL
DYRK,-3.274166666666667,Neg4h_NegCTL
DYRK,-3.274166666666667,Neg4h_NegCTL
DYRK,-3.274166666666667,Neg4h_NegCTL
DYRK,-3.274166666666667,Neg4h_NegCTL
DYRK,-2.3608333333333333,Neg5m_NegCTL
DYRK,-2.3608333333333333,Neg5m_NegCTL
DYRK,-2.3608333333333333,Neg5m_NegCTL
DYRK,-2.3608333333333333,Neg5m_NegCTL
DYRK,-2.3608333333333333,Neg5m_NegCTL
DYRK,-2.3608333333333333,Neg5m_NegCTL
DYRK,-2.3608333333333333,Neg5m_NegCTL
DYRK,-2.3608333333333333,Neg5m_NegCTL
DYRK,-2.3608333333333333,Neg5m_NegCTL
DYRK,-2.3608333333333333,Neg5m_NegCTL
DYRK,-4.504166666666666,Pos15m_PosCTL
DYRK,-4.504166666666666,Pos15m_PosCTL
DYRK,-4.504166666666666,Pos15m_PosCTL
DYRK,-4.504166666666666,Pos15m_PosCTL
DYRK,-4.504166666666666,Pos15m_PosCTL
DYRK,-4.504166666666666,Pos15m_PosCTL
DYRK,-4.504166666666666,Pos15m_PosCTL
DYRK,-4.504166666666666,Pos15m_PosCTL
DYRK,-4.504166666666666,Pos15m_PosCTL
DYRK,-4.504166666666666,Pos15m_PosCTL
DYRK,-3.788333333333333,Pos1h_PosCTL
DYRK,-3.788333333333333,Pos1h_PosCTL
DYRK,-3.788333333333333,Pos1h_PosCTL
DYRK,-3.788333333333333,Pos1h_PosCTL
DYRK,-3.788333333333333,Pos1h_PosCTL
DYRK,-3.788333333333333,Pos1h_PosCTL
DYRK,-3.788333333333333,Pos1h_PosCTL
DYRK,-3.788333333333333,Pos1h_PosCTL
DYRK,-3.788333333333333,Pos1h_PosCTL
DYRK,-3.788333333333333,Pos1h_PosCTL
DYRK,-0.9416666666666668,Pos24h_PosCTL
DYRK,-0.9416666666666668,Pos24h_PosCTL
DYRK,-0.9416666666666668,Pos24h_PosCTL
DYRK,-0.9416666666666668,Pos24h_PosCTL
DYRK,-0.9416666666666668,Pos24h_PosCTL
DYRK,-0.9416666666666668,Pos24h_PosCTL
DYRK,-0.9416666666666668,Pos24h_PosCTL
DYRK,-0.9416666666666668,Pos24h_PosCTL
DYRK,-0.9416666666666668,Pos24h_PosCTL
DYRK,-0.9416666666666668,Pos24h_PosCTL
DYRK,-5.0325,Pos30m_PosCTL
DYRK,-5.0325,Pos30m_PosCTL
DYRK,-5.0325,Pos30m_PosCTL
DYRK,-5.0325,Pos30m_PosCTL
DYRK,-5.0325,Pos30m_PosCTL
DYRK,-5.0325,Pos30m_PosCTL
DYRK,-5.0325,Pos30m_PosCTL
DYRK,-5.0325,Pos30m_PosCTL
DYRK,-5.0325,Pos30m_PosCTL
DYRK,-5.0325,Pos30m_PosCTL
DYRK,-4.251666666666667,Pos4h_PosCTL
DYRK,-4.251666666666667,Pos4h_PosCTL
DYRK,-4.251666666666667,Pos4h_PosCTL
DYRK,-4.251666666666667,Pos4h_PosCTL
DYRK,-4.251666666666667,Pos4h_PosCTL
DYRK,-4.251666666666667,Pos4h_PosCTL
DYRK,-4.251666666666667,Pos4h_PosCTL
DYRK,-4.251666666666667,Pos4h_PosCTL
DYRK,-4.251666666666667,Pos4h_PosCTL
DYRK,-4.251666666666667,Pos4h_PosCTL
DYRK,-4.308333333333334,Pos5m_PosCTL
DYRK,-4.308333333333334,Pos5m_PosCTL
DYRK,-4.308333333333334,Pos5m_PosCTL
DYRK,-4.308333333333334,Pos5m_PosCTL
DYRK,-4.308333333333334,Pos5m_PosCTL
DYRK,-4.308333333333334,Pos5m_PosCTL
DYRK,-4.308333333333334,Pos5m_PosCTL
DYRK,-4.308333333333334,Pos5m_PosCTL
DYRK,-4.308333333333334,Pos5m_PosCTL
DYRK,-4.308333333333334,Pos5m_PosCTL
ERK,-4.610833333333333,Neg15m_NegCTL
ERK,-4.610833333333333,Neg15m_NegCTL
ERK,-4.610833333333333,Neg15m_NegCTL
ERK,-4.610833333333333,Neg15m_NegCTL
ERK,-4.610833333333333,Neg15m_NegCTL
ERK,-4.610833333333333,Neg15m_NegCTL
ERK,-4.145,Neg1h_NegCTL
ERK,-4.145,Neg1h_NegCTL
ERK,-4.145,Neg1h_NegCTL
ERK,-4.145,Neg1h_NegCTL
ERK,-4.145,Neg1h_NegCTL
ERK,-4.145,Neg1h_NegCTL
ERK,-3.183333333333333,Neg24h_NegCTL
ERK,-3.183333333333333,Neg24h_NegCTL
ERK,-3.183333333333333,Neg24h_NegCTL
ERK,-3.183333333333333,Neg24h_NegCTL
ERK,-3.183333333333333,Neg24h_NegCTL
ERK,-3.183333333333333,Neg24h_NegCTL
ERK,-4.384166666666666,Neg30m_NegCTL
ERK,-4.384166666666666,Neg30m_NegCTL
ERK,-4.384166666666666,Neg30m_NegCTL
ERK,-4.384166666666666,Neg30m_NegCTL
ERK,-4.384166666666666,Neg30m_NegCTL
ERK,-4.384166666666666,Neg30m_NegCTL
ERK,-2.7108333333333334,Neg4h_NegCTL
ERK,-2.7108333333333334,Neg4h_NegCTL
ERK,-2.7108333333333334,Neg4h_NegCTL
ERK,-2.7108333333333334,Neg4h_NegCTL
ERK,-2.7108333333333334,Neg4h_NegCTL
ERK,-2.7108333333333334,Neg4h_NegCTL
ERK,-2.7983333333333333,Neg5m_NegCTL
ERK,-2.7983333333333333,Neg5m_NegCTL
ERK,-2.7983333333333333,Neg5m_NegCTL
ERK,-2.7983333333333333,Neg5m_NegCTL
ERK,-2.7983333333333333,Neg5m_NegCTL
ERK,-2.7983333333333333,Neg5m_NegCTL
ERK,-4.84,Pos15m_PosCTL
ERK,-4.84,Pos15m_PosCTL
ERK,-4.84,Pos15m_PosCTL
ERK,-4.84,Pos15m_PosCTL
ERK,-4.84,Pos15m_PosCTL
ERK,-4.84,Pos15m_PosCTL
ERK,-4.105833333333333,Pos1h_PosCTL
ERK,-4.105833333333333,Pos1h_PosCTL
ERK,-4.105833333333333,Pos1h_PosCTL
ERK,-4.105833333333333,Pos1h_PosCTL
ERK,-4.105833333333333,Pos1h_PosCTL
ERK,-4.105833333333333,Pos1h_PosCTL
ERK,-1.3383333333333334,Pos24h_PosCTL
ERK,-1.3383333333333334,Pos24h_PosCTL
ERK,-1.3383333333333334,Pos24h_PosCTL
ERK,-1.3383333333333334,Pos24h_PosCTL
ERK,-1.3383333333333334,Pos24h_PosCTL
ERK,-1.3383333333333334,Pos24h_PosCTL
ERK,-5.575,Pos30m_PosCTL
ERK,-5.575,Pos30m_PosCTL
ERK,-5.575,Pos30m_PosCTL
ERK,-5.575,Pos30m_PosCTL
ERK,-5.575,Pos30m_PosCTL
ERK,-5.575,Pos30m_PosCTL
ERK,-4.4191666666666665,Pos4h_PosCTL
ERK,-4.4191666666666665,Pos4h_PosCTL
ERK,-4.4191666666666665,Pos4h_PosCTL
ERK,-4.4191666666666665,Pos4h_PosCTL
ERK,-4.4191666666666665,Pos4h_PosCTL
ERK,-4.4191666666666665,Pos4h_PosCTL
ERK,-4.739166666666667,Pos5m_PosCTL
ERK,-4.739166666666667,Pos5m_PosCTL
ERK,-4.739166666666667,Pos5m_PosCTL
ERK,-4.739166666666667,Pos5m_PosCTL
ERK,-4.739166666666667,Pos5m_PosCTL
ERK,-4.739166666666667,Pos5m_PosCTL
FRAY,-2.1791666666666667,Neg15m_NegCTL
FRAY,-2.1791666666666667,Neg15m_NegCTL
FRAY,-1.850833333333333,Neg1h_NegCTL
FRAY,-1.850833333333333,Neg1h_NegCTL
FRAY,-1.4925,Neg24h_NegCTL
FRAY,-1.4925,Neg24h_NegCTL
FRAY,-1.600833333333333,Neg30m_NegCTL
FRAY,-1.600833333333333,Neg30m_NegCTL
FRAY,-1.8016666666666667,Neg4h_NegCTL
FRAY,-1.8016666666666667,Neg4h_NegCTL
FRAY,-1.5658333333333334,Neg5m_NegCTL
FRAY,-1.5658333333333334,Neg5m_NegCTL
FRAY,-1.4875,Pos15m_PosCTL
FRAY,-1.4875,Pos15m_PosCTL
FRAY,-1.3633333333333333,Pos1h_PosCTL
FRAY,-1.3633333333333333,Pos1h_PosCTL
FRAY,-1.2325,Pos24h_PosCTL
FRAY,-1.2325,Pos24h_PosCTL
FRAY,-1.3883333333333334,Pos30m_PosCTL
FRAY,-1.3883333333333334,Pos30m_PosCTL
FRAY,-1.3825,Pos4h_PosCTL
FRAY,-1.3825,Pos4h_PosCTL
FRAY,-1.265,Pos5m_PosCTL
FRAY,-1.265,Pos5m_PosCTL
GRK,-0.4083333333333333,Neg15m_NegCTL
GRK,-0.4083333333333333,Neg15m_NegCTL
GRK,-0.4083333333333333,Neg15m_NegCTL
GRK,-0.4083333333333333,Neg15m_NegCTL
GRK,-0.4083333333333333,Neg15m_NegCTL
GRK,-0.17250000000000004,Neg1h_NegCTL
GRK,-0.17250000000000004,Neg1h_NegCTL
GRK,-0.17250000000000004,Neg1h_NegCTL
GRK,-0.17250000000000004,Neg1h_NegCTL
GRK,-0.17250000000000004,Neg1h_NegCTL
GRK,-0.8391666666666666,Neg24h_NegCTL
GRK,-0.8391666666666666,Neg24h_NegCTL
GRK,-0.8391666666666666,Neg24h_NegCTL
GRK,-0.8391666666666666,Neg24h_NegCTL
GRK,-0.8391666666666666,Neg24h_NegCTL
GRK,-0.43083333333333335,Neg30m_NegCTL
GRK,-0.43083333333333335,Neg30m_NegCTL
GRK,-0.43083333333333335,Neg30m_NegCTL
GRK,-0.43083333333333335,Neg30m_NegCTL
GRK,-0.43083333333333335,Neg30m_NegCTL
GRK,-0.25,Neg4h_NegCTL
GRK,-0.25,Neg4h_NegCTL
GRK,-0.25,Neg4h_NegCTL
GRK,-0.25,Neg4h_NegCTL
GRK,-0.25,Neg4h_NegCTL
GRK,-0.35416666666666663,Neg5m_NegCTL
GRK,-0.35416666666666663,Neg5m_NegCTL
GRK,-0.35416666666666663,Neg5m_NegCTL
GRK,-0.35416666666666663,Neg5m_NegCTL
GRK,-0.35416666666666663,Neg5m_NegCTL
GRK,0.2308333333333333,Pos15m_PosCTL
GRK,0.2308333333333333,Pos15m_PosCTL
GRK,0.2308333333333333,Pos15m_PosCTL
GRK,0.2308333333333333,Pos15m_PosCTL
GRK,0.2308333333333333,Pos15m_PosCTL
GRK,0.1208333333333333,Pos1h_PosCTL
GRK,0.1208333333333333,Pos1h_PosCTL
GRK,0.1208333333333333,Pos1h_PosCTL
GRK,0.1208333333333333,Pos1h_PosCTL
GRK,0.1208333333333333,Pos1h_PosCTL
GRK,-0.5425,Pos24h_PosCTL
GRK,-0.5425,Pos24h_PosCTL
GRK,-0.5425,Pos24h_PosCTL
GRK,-0.5425,Pos24h_PosCTL
GRK,-0.5425,Pos24h_PosCTL
GRK,0.14583333333333331,Pos30m_PosCTL
GRK,0.14583333333333331,Pos30m_PosCTL
GRK,0.14583333333333331,Pos30m_PosCTL
GRK,0.14583333333333331,Pos30m_PosCTL
GRK,0.14583333333333331,Pos30m_PosCTL
GRK,0.45833333333333326,Pos4h_PosCTL
GRK,0.45833333333333326,Pos4h_PosCTL
GRK,0.45833333333333326,Pos4h_PosCTL
GRK,0.45833333333333326,Pos4h_PosCTL
GRK,0.45833333333333326,Pos4h_PosCTL
GRK,0.4983333333333333,Pos5m_PosCTL
GRK,0.4983333333333333,Pos5m_PosCTL
GRK,0.4983333333333333,Pos5m_PosCTL
GRK,0.4983333333333333,Pos5m_PosCTL
GRK,0.4983333333333333,Pos5m_PosCTL
GSK,-1.580833333333333,Neg15m_NegCTL
GSK,-1.580833333333333,Neg15m_NegCTL
GSK,-1.600833333333333,Neg1h_NegCTL
GSK,-1.600833333333333,Neg1h_NegCTL
GSK,-1.2241666666666666,Neg24h_NegCTL
GSK,-1.2241666666666666,Neg24h_NegCTL
GSK,-1.495,Neg30m_NegCTL
GSK,-1.495,Neg30m_NegCTL
GSK,-1.1808333333333334,Neg4h_NegCTL
GSK,-1.1808333333333334,Neg4h_NegCTL
GSK,-0.7283333333333333,Neg5m_NegCTL
GSK,-0.7283333333333333,Neg5m_NegCTL
GSK,-1.225,Pos15m_PosCTL
GSK,-1.225,Pos15m_PosCTL
GSK,-1.1525,Pos1h_PosCTL
GSK,-1.1525,Pos1h_PosCTL
GSK,-0.3416666666666667,Pos24h_PosCTL
GSK,-0.3416666666666667,Pos24h_PosCTL
GSK,-1.7775,Pos30m_PosCTL
GSK,-1.7775,Pos30m_PosCTL
GSK,-0.9616666666666668,Pos4h_PosCTL
GSK,-0.9616666666666668,Pos4h_PosCTL
GSK,-1.1983333333333333,Pos5m_PosCTL
GSK,-1.1983333333333333,Pos5m_PosCTL
HAL,1.1916666666666669,Neg15m_NegCTL
HAL,0.8183333333333334,Neg1h_NegCTL
HAL,0.1225,Neg24h_NegCTL
HAL,0.6866666666666666,Neg30m_NegCTL
HAL,0.8733333333333333,Neg4h_NegCTL
HAL,0.3016666666666666,Neg5m_NegCTL
HAL,0.8066666666666666,Pos15m_PosCTL
HAL,0.8341666666666666,Pos1h_PosCTL
HAL,0.33249999999999996,Pos24h_PosCTL
HAL,0.7308333333333333,Pos30m_PosCTL
HAL,0.8033333333333333,Pos4h_PosCTL
HAL,0.7466666666666667,Pos5m_PosCTL
IKK,-1.1366666666666667,Neg15m_NegCTL
IKK,-1.1366666666666667,Neg15m_NegCTL
IKK,-1.1366666666666667,Neg15m_NegCTL
IKK,-1.1366666666666667,Neg15m_NegCTL
IKK,-0.2791666666666666,Neg1h_NegCTL
IKK,-0.2791666666666666,Neg1h_NegCTL
IKK,-0.2791666666666666,Neg1h_NegCTL
IKK,-0.2791666666666666,Neg1h_NegCTL
IKK,-1.1525,Neg24h_NegCTL
IKK,-1.1525,Neg24h_NegCTL
IKK,-1.1525,Neg24h_NegCTL
IKK,-1.1525,Neg24h_NegCTL
IKK,-0.8591666666666666,Neg30m_NegCTL
IKK,-0.8591666666666666,Neg30m_NegCTL
IKK,-0.8591666666666666,Neg30m_NegCTL
IKK,-0.8591666666666666,Neg30m_NegCTL
IKK,-1.0683333333333334,Neg4h_NegCTL
IKK,-1.0683333333333334,Neg4h_NegCTL
IKK,-1.0683333333333334,Neg4h_NegCTL
IKK,-1.0683333333333334,Neg4h_NegCTL
IKK,-0.7975,Neg5m_NegCTL
IKK,-0.7975,Neg5m_NegCTL
IKK,-0.7975,Neg5m_NegCTL
IKK,-0.7975,Neg5m_NegCTL
IKK,-1.3708333333333331,Pos15m_PosCTL
IKK,-1.3708333333333331,Pos15m_PosCTL
IKK,-1.3708333333333331,Pos15m_PosCTL
IKK,-1.3708333333333331,Pos15m_PosCTL
IKK,-0.8725,Pos1h_PosCTL
IKK,-0.8725,Pos1h_PosCTL
IKK,-0.8725,Pos1h_PosCTL
IKK,-0.8725,Pos1h_PosCTL
IKK,-1.1033333333333333,Pos24h_PosCTL
IKK,-1.1033333333333333,Pos24h_PosCTL
IKK,-1.1033333333333333,Pos24h_PosCTL
IKK,-1.1033333333333333,Pos24h_PosCTL
IKK,-1.5175,Pos30m_PosCTL
IKK,-1.5175,Pos30m_PosCTL
IKK,-1.5175,Pos30m_PosCTL
IKK,-1.5175,Pos30m_PosCTL
IKK,-0.67,Pos4h_PosCTL
IKK,-0.67,Pos4h_PosCTL
IKK,-0.67,Pos4h_PosCTL
IKK,-0.67,Pos4h_PosCTL
IKK,-0.56,Pos5m_PosCTL
IKK,-0.56,Pos5m_PosCTL
IKK,-0.56,Pos5m_PosCTL
IKK,-0.56,Pos5m_PosCTL
IRAK,-1.215,Neg15m_NegCTL
IRAK,-1.215,Neg15m_NegCTL
IRAK,-1.215,Neg15m_NegCTL
IRAK,-1.215,Neg15m_NegCTL
IRAK,-0.5583333333333333,Neg1h_NegCTL
IRAK,-0.5583333333333333,Neg1h_NegCTL
IRAK,-0.5583333333333333,Neg1h_NegCTL
IRAK,-0.5583333333333333,Neg1h_NegCTL
IRAK,-0.9883333333333332,Neg24h_NegCTL
IRAK,-0.9883333333333332,Neg24h_NegCTL
IRAK,-0.9883333333333332,Neg24h_NegCTL
IRAK,-0.9883333333333332,Neg24h_NegCTL
IRAK,-0.7391666666666667,Neg30m_NegCTL
IRAK,-0.7391666666666667,Neg30m_NegCTL
IRAK,-0.7391666666666667,Neg30m_NegCTL
IRAK,-0.7391666666666667,Neg30m_NegCTL
IRAK,-0.8566666666666667,Neg4h_NegCTL
IRAK,-0.8566666666666667,Neg4h_NegCTL
IRAK,-0.8566666666666667,Neg4h_NegCTL
IRAK,-0.8566666666666667,Neg4h_NegCTL
IRAK,-0.4916666666666667,Neg5m_NegCTL
IRAK,-0.4916666666666667,Neg5m_NegCTL
IRAK,-0.4916666666666667,Neg5m_NegCTL
IRAK,-0.4916666666666667,Neg5m_NegCTL
IRAK,-0.44166666666666665,Pos15m_PosCTL
IRAK,-0.44166666666666665,Pos15m_PosCTL
IRAK,-0.44166666666666665,Pos15m_PosCTL
IRAK,-0.44166666666666665,Pos15m_PosCTL
IRAK,-0.4083333333333333,Pos1h_PosCTL
IRAK,-0.4083333333333333,Pos1h_PosCTL
IRAK,-0.4083333333333333,Pos1h_PosCTL
IRAK,-0.4083333333333333,Pos1h_PosCTL
IRAK,0.04833333333333334,Pos24h_PosCTL
IRAK,0.04833333333333334,Pos24h_PosCTL
IRAK,0.04833333333333334,Pos24h_PosCTL
IRAK,0.04833333333333334,Pos24h_PosCTL
IRAK,-1.0275,Pos30m_PosCTL
IRAK,-1.0275,Pos30m_PosCTL
IRAK,-1.0275,Pos30m_PosCTL
IRAK,-1.0275,Pos30m_PosCTL
IRAK,-0.2725,Pos4h_PosCTL
IRAK,-0.2725,Pos4h_PosCTL
IRAK,-0.2725,Pos4h_PosCTL
IRAK,-0.2725,Pos4h_PosCTL
IRAK,-0.25666666666666665,Pos5m_PosCTL
IRAK,-0.25666666666666665,Pos5m_PosCTL
IRAK,-0.25666666666666665,Pos5m_PosCTL
IRAK,-0.25666666666666665,Pos5m_PosCTL
JNK,-4.070833333333333,Neg15m_NegCTL
JNK,-4.070833333333333,Neg15m_NegCTL
JNK,-4.070833333333333,Neg15m_NegCTL
JNK,-4.1725,Neg1h_NegCTL
JNK,-4.1725,Neg1h_NegCTL
JNK,-4.1725,Neg1h_NegCTL
JNK,-2.6275,Neg24h_NegCTL
JNK,-2.6275,Neg24h_NegCTL
JNK,-2.6275,Neg24h_NegCTL
JNK,-3.725833333333333,Neg30m_NegCTL
JNK,-3.725833333333333,Neg30m_NegCTL
JNK,-3.725833333333333,Neg30m_NegCTL
JNK,-2.7825,Neg4h_NegCTL
JNK,-2.7825,Neg4h_NegCTL
JNK,-2.7825,Neg4h_NegCTL
JNK,-1.945,Neg5m_NegCTL
JNK,-1.945,Neg5m_NegCTL
JNK,-1.945,Neg5m_NegCTL
JNK,-3.61,Pos15m_PosCTL
JNK,-3.61,Pos15m_PosCTL
JNK,-3.61,Pos15m_PosCTL
JNK,-3.5225,Pos1h_PosCTL
JNK,-3.5225,Pos1h_PosCTL
JNK,-3.5225,Pos1h_PosCTL
JNK,-1.6424999999999998,Pos24h_PosCTL
JNK,-1.6424999999999998,Pos24h_PosCTL
JNK,-1.6424999999999998,Pos24h_PosCTL
JNK,-4.211666666666667,Pos30m_PosCTL
JNK,-4.211666666666667,Pos30m_PosCTL
JNK,-4.211666666666667,Pos30m_PosCTL
JNK,-3.9183333333333334,Pos4h_PosCTL
JNK,-3.9183333333333334,Pos4h_PosCTL
JNK,-3.9183333333333334,Pos4h_PosCTL
JNK,-3.6975,Pos5m_PosCTL
JNK,-3.6975,Pos5m_PosCTL
JNK,-3.6975,Pos5m_PosCTL
KHS,0.34500000000000003,Neg15m_NegCTL
KHS,0.34500000000000003,Neg15m_NegCTL
KHS,0.34500000000000003,Neg15m_NegCTL
KHS,0.34500000000000003,Neg15m_NegCTL
KHS,0.11833333333333336,Neg1h_NegCTL
KHS,0.11833333333333336,Neg1h_NegCTL
KHS,0.11833333333333336,Neg1h_NegCTL
KHS,0.11833333333333336,Neg1h_NegCTL
KHS,0.7716666666666667,Neg24h_NegCTL
KHS,0.7716666666666667,Neg24h_NegCTL
KHS,0.7716666666666667,Neg24h_NegCTL
KHS,0.7716666666666667,Neg24h_NegCTL
KHS,0.3491666666666667,Neg30m_NegCTL
KHS,0.3491666666666667,Neg30m_NegCTL
KHS,0.3491666666666667,Neg30m_NegCTL
KHS,0.3491666666666667,Neg30m_NegCTL
KHS,0.25666666666666665,Neg4h_NegCTL
KHS,0.25666666666666665,Neg4h_NegCTL
KHS,0.25666666666666665,Neg4h_NegCTL
KHS,0.25666666666666665,Neg4h_NegCTL
KHS,0.485,Neg5m_NegCTL
KHS,0.485,Neg5m_NegCTL
KHS,0.485,Neg5m_NegCTL
KHS,0.485,Neg5m_NegCTL
KHS,0.74,Pos15m_PosCTL
KHS,0.74,Pos15m_PosCTL
KHS,0.74,Pos15m_PosCTL
KHS,0.74,Pos15m_PosCTL
KHS,0.26,Pos1h_PosCTL
KHS,0.26,Pos1h_PosCTL
KHS,0.26,Pos1h_PosCTL
KHS,0.26,Pos1h_PosCTL
KHS,-0.31583333333333335,Pos24h_PosCTL
KHS,-0.31583333333333335,Pos24h_PosCTL
KHS,-0.31583333333333335,Pos24h_PosCTL
KHS,-0.31583333333333335,Pos24h_PosCTL
KHS,0.9475,Pos30m_PosCTL
KHS,0.9475,Pos30m_PosCTL
KHS,0.9475,Pos30m_PosCTL
KHS,0.9475,Pos30m_PosCTL
KHS,-0.1449999999999999,Pos4h_PosCTL
KHS,-0.1449999999999999,Pos4h_PosCTL
KHS,-0.1449999999999999,Pos4h_PosCTL
KHS,-0.1449999999999999,Pos4h_PosCTL
KHS,0.5141666666666667,Pos5m_PosCTL
KHS,0.5141666666666667,Pos5m_PosCTL
KHS,0.5141666666666667,Pos5m_PosCTL
KHS,0.5141666666666667,Pos5m_PosCTL
LKB,-2.138333333333333,Neg15m_NegCTL
LKB,-1.2583333333333333,Neg1h_NegCTL
LKB,-1.545,Neg24h_NegCTL
LKB,-1.4725,Neg30m_NegCTL
LKB,-1.5983333333333332,Neg4h_NegCTL
LKB,-1.524166666666667,Neg5m_NegCTL
LKB,-1.9766666666666663,Pos15m_PosCTL
LKB,-1.285,Pos1h_PosCTL
LKB,-0.47166666666666673,Pos24h_PosCTL
LKB,-1.9433333333333336,Pos30m_PosCTL
LKB,-1.3241666666666667,Pos4h_PosCTL
LKB,-1.6616666666666666,Pos5m_PosCTL
MAPKAPK,-0.35000000000000003,Neg15m_NegCTL
MAPKAPK,-0.35000000000000003,Neg15m_NegCTL
MAPKAPK,-0.35000000000000003,Neg15m_NegCTL
MAPKAPK,-0.35000000000000003,Neg15m_NegCTL
MAPKAPK,-0.35000000000000003,Neg15m_NegCTL
MAPKAPK,-0.00500000000000001,Neg1h_NegCTL
MAPKAPK,-0.00500000000000001,Neg1h_NegCTL
MAPKAPK,-0.00500000000000001,Neg1h_NegCTL
MAPKAPK,-0.00500000000000001,Neg1h_NegCTL
MAPKAPK,-0.00500000000000001,Neg1h_NegCTL
MAPKAPK,0.10083333333333332,Neg24h_NegCTL
MAPKAPK,0.10083333333333332,Neg24h_NegCTL
MAPKAPK,0.10083333333333332,Neg24h_NegCTL
MAPKAPK,0.10083333333333332,Neg24h_NegCTL
MAPKAPK,0.10083333333333332,Neg24h_NegCTL
MAPKAPK,0.07583333333333335,Neg30m_NegCTL
MAPKAPK,0.07583333333333335,Neg30m_NegCTL
MAPKAPK,0.07583333333333335,Neg30m_NegCTL
MAPKAPK,0.07583333333333335,Neg30m_NegCTL
MAPKAPK,0.07583333333333335,Neg30m_NegCTL
MAPKAPK,-0.15333333333333335,Neg4h_NegCTL
MAPKAPK,-0.15333333333333335,Neg4h_NegCTL
MAPKAPK,-0.15333333333333335,Neg4h_NegCTL
MAPKAPK,-0.15333333333333335,Neg4h_NegCTL
MAPKAPK,-0.15333333333333335,Neg4h_NegCTL
MAPKAPK,-0.3516666666666667,Neg5m_NegCTL
MAPKAPK,-0.3516666666666667,Neg5m_NegCTL
MAPKAPK,-0.3516666666666667,Neg5m_NegCTL
MAPKAPK,-0.3516666666666667,Neg5m_NegCTL
MAPKAPK,-0.3516666666666667,Neg5m_NegCTL
MAPKAPK,-0.01333333333333335,Pos15m_PosCTL
MAPKAPK,-0.01333333333333335,Pos15m_PosCTL
MAPKAPK,-0.01333333333333335,Pos15m_PosCTL
MAPKAPK,-0.01333333333333335,Pos15m_PosCTL
MAPKAPK,-0.01333333333333335,Pos15m_PosCTL
MAPKAPK,0.6341666666666667,Pos1h_PosCTL
MAPKAPK,0.6341666666666667,Pos1h_PosCTL
MAPKAPK,0.6341666666666667,Pos1h_PosCTL
MAPKAPK,0.6341666666666667,Pos1h_PosCTL
MAPKAPK,0.6341666666666667,Pos1h_PosCTL
MAPKAPK,-0.6891666666666667,Pos24h_PosCTL
MAPKAPK,-0.6891666666666667,Pos24h_PosCTL
MAPKAPK,-0.6891666666666667,Pos24h_PosCTL
MAPKAPK,-0.6891666666666667,Pos24h_PosCTL
MAPKAPK,-0.6891666666666667,Pos24h_PosCTL
MAPKAPK,0.2683333333333333,Pos30m_PosCTL
MAPKAPK,0.2683333333333333,Pos30m_PosCTL
MAPKAPK,0.2683333333333333,Pos30m_PosCTL
MAPKAPK,0.2683333333333333,Pos30m_PosCTL
MAPKAPK,0.2683333333333333,Pos30m_PosCTL
MAPKAPK,0.3733333333333333,Pos4h_PosCTL
MAPKAPK,0.3733333333333333,Pos4h_PosCTL
MAPKAPK,0.3733333333333333,Pos4h_PosCTL
MAPKAPK,0.3733333333333333,Pos4h_PosCTL
MAPKAPK,0.3733333333333333,Pos4h_PosCTL
MAPKAPK,0.485,Pos5m_PosCTL
MAPKAPK,0.485,Pos5m_PosCTL
MAPKAPK,0.485,Pos5m_PosCTL
MAPKAPK,0.485,Pos5m_PosCTL
MAPKAPK,0.485,Pos5m_PosCTL
MELK,-0.4558333333333333,Neg15m_NegCTL
MELK,-0.8466666666666667,Neg1h_NegCTL
MELK,0.145,Neg24h_NegCTL
MELK,-0.6341666666666667,Neg30m_NegCTL
MELK,-0.42333333333333334,Neg4h_NegCTL
MELK,-0.13749999999999998,Neg5m_NegCTL
MELK,-0.73,Pos15m_PosCTL
MELK,-0.8533333333333333,Pos1h_PosCTL
MELK,-0.10750000000000004,Pos24h_PosCTL
MELK,-0.6616666666666667,Pos30m_PosCTL
MELK,-0.3683333333333333,Pos4h_PosCTL
MELK,-0.2683333333333333,Pos5m_PosCTL
MLCK,-0.2275,Neg15m_NegCTL
MLCK,-0.2275,Neg15m_NegCTL
MLCK,-0.2275,Neg15m_NegCTL
MLCK,-0.7608333333333334,Neg1h_NegCTL
MLCK,-0.7608333333333334,Neg1h_NegCTL
MLCK,-0.7608333333333334,Neg1h_NegCTL
MLCK,0.1841666666666667,Neg24h_NegCTL
MLCK,0.1841666666666667,Neg24h_NegCTL
MLCK,0.1841666666666667,Neg24h_NegCTL
MLCK,-0.8308333333333333,Neg30m_NegCTL
MLCK,-0.8308333333333333,Neg30m_NegCTL
MLCK,-0.8308333333333333,Neg30m_NegCTL
MLCK,-0.3883333333333333,Neg4h_NegCTL
MLCK,-0.3883333333333333,Neg4h_NegCTL
MLCK,-0.3883333333333333,Neg4h_NegCTL
MLCK,0.3958333333333333,Neg5m_NegCTL
MLCK,0.3958333333333333,Neg5m_NegCTL
MLCK,0.3958333333333333,Neg5m_NegCTL
MLCK,-0.10666666666666667,Pos15m_PosCTL
MLCK,-0.10666666666666667,Pos15m_PosCTL
MLCK,-0.10666666666666667,Pos15m_PosCTL
MLCK,-0.4858333333333332,Pos1h_PosCTL
MLCK,-0.4858333333333332,Pos1h_PosCTL
MLCK,-0.4858333333333332,Pos1h_PosCTL
MLCK,0.4783333333333333,Pos24h_PosCTL
MLCK,0.4783333333333333,Pos24h_PosCTL
MLCK,0.4783333333333333,Pos24h_PosCTL
MLCK,-0.13166666666666663,Pos30m_PosCTL
MLCK,-0.13166666666666663,Pos30m_PosCTL
MLCK,-0.13166666666666663,Pos30m_PosCTL
MLCK,-0.3350000000000001,Pos4h_PosCTL
MLCK,-0.3350000000000001,Pos4h_PosCTL
MLCK,-0.3350000000000001,Pos4h_PosCTL
MLCK,-0.09249999999999996,Pos5m_PosCTL
MLCK,-0.09249999999999996,Pos5m_PosCTL
MLCK,-0.09249999999999996,Pos5m_PosCTL
MLK,-0.615,Neg15m_NegCTL
MLK,-0.615,Neg15m_NegCTL
MLK,-0.615,Neg15m_NegCTL
MLK,-0.615,Neg15m_NegCTL
MLK,-0.615,Neg15m_NegCTL
MLK,-0.615,Neg15m_NegCTL
MLK,-0.615,Neg15m_NegCTL
MLK,-0.18,Neg1h_NegCTL
MLK,-0.18,Neg1h_NegCTL
MLK,-0.18,Neg1h_NegCTL
MLK,-0.18,Neg1h_NegCTL
MLK,-0.18,Neg1h_NegCTL
MLK,-0.18,Neg1h_NegCTL
MLK,-0.18,Neg1h_NegCTL
MLK,-0.2033333333333333,Neg24h_NegCTL
MLK,-0.2033333333333333,Neg24h_NegCTL
MLK,-0.2033333333333333,Neg24h_NegCTL
MLK,-0.2033333333333333,Neg24h_NegCTL
MLK,-0.2033333333333333,Neg24h_NegCTL
MLK,-0.2033333333333333,Neg24h_NegCTL
MLK,-0.2033333333333333,Neg24h_NegCTL
MLK,-0.8616666666666667,Neg30m_NegCTL
MLK,-0.8616666666666667,Neg30m_NegCTL
MLK,-0.8616666666666667,Neg30m_NegCTL
MLK,-0.8616666666666667,Neg30m_NegCTL
MLK,-0.8616666666666667,Neg30m_NegCTL
MLK,-0.8616666666666667,Neg30m_NegCTL
MLK,-0.8616666666666667,Neg30m_NegCTL
MLK,-0.5066666666666666,Neg4h_NegCTL
MLK,-0.5066666666666666,Neg4h_NegCTL
MLK,-0.5066666666666666,Neg4h_NegCTL
MLK,-0.5066666666666666,Neg4h_NegCTL
MLK,-0.5066666666666666,Neg4h_NegCTL
MLK,-0.5066666666666666,Neg4h_NegCTL
MLK,-0.5066666666666666,Neg4h_NegCTL
MLK,-0.3433333333333334,Neg5m_NegCTL
MLK,-0.3433333333333334,Neg5m_NegCTL
MLK,-0.3433333333333334,Neg5m_NegCTL
MLK,-0.3433333333333334,Neg5m_NegCTL
MLK,-0.3433333333333334,Neg5m_NegCTL
MLK,-0.3433333333333334,Neg5m_NegCTL
MLK,-0.3433333333333334,Neg5m_NegCTL
MLK,-0.30583333333333335,Pos15m_PosCTL
MLK,-0.30583333333333335,Pos15m_PosCTL
MLK,-0.30583333333333335,Pos15m_PosCTL
MLK,-0.30583333333333335,Pos15m_PosCTL
MLK,-0.30583333333333335,Pos15m_PosCTL
MLK,-0.30583333333333335,Pos15m_PosCTL
MLK,-0.30583333333333335,Pos15m_PosCTL
MLK,-0.8383333333333334,Pos1h_PosCTL
MLK,-0.8383333333333334,Pos1h_PosCTL
MLK,-0.8383333333333334,Pos1h_PosCTL
MLK,-0.8383333333333334,Pos1h_PosCTL
MLK,-0.8383333333333334,Pos1h_PosCTL
MLK,-0.8383333333333334,Pos1h_PosCTL
MLK,-0.8383333333333334,Pos1h_PosCTL
MLK,-0.6124999999999999,Pos24h_PosCTL
MLK,-0.6124999999999999,Pos24h_PosCTL
MLK,-0.6124999999999999,Pos24h_PosCTL
MLK,-0.6124999999999999,Pos24h_PosCTL
MLK,-0.6124999999999999,Pos24h_PosCTL
MLK,-0.6124999999999999,Pos24h_PosCTL
MLK,-0.6124999999999999,Pos24h_PosCTL
MLK,-0.5291666666666667,Pos30m_PosCTL
MLK,-0.5291666666666667,Pos30m_PosCTL
MLK,-0.5291666666666667,Pos30m_PosCTL
MLK,-0.5291666666666667,Pos30m_PosCTL
MLK,-0.5291666666666667,Pos30m_PosCTL
MLK,-0.5291666666666667,Pos30m_PosCTL
MLK,-0.5291666666666667,Pos30m_PosCTL
MLK,-0.30499999999999994,Pos4h_PosCTL
MLK,-0.30499999999999994,Pos4h_PosCTL
MLK,-0.30499999999999994,Pos4h_PosCTL
MLK,-0.30499999999999994,Pos4h_PosCTL
MLK,-0.30499999999999994,Pos4h_PosCTL
MLK,-0.30499999999999994,Pos4h_PosCTL
MLK,-0.30499999999999994,Pos4h_PosCTL
MLK,0.14333333333333337,Pos5m_PosCTL
MLK,0.14333333333333337,Pos5m_PosCTL
MLK,0.14333333333333337,Pos5m_PosCTL
MLK,0.14333333333333337,Pos5m_PosCTL
MLK,0.14333333333333337,Pos5m_PosCTL
MLK,0.14333333333333337,Pos5m_PosCTL
MLK,0.14333333333333337,Pos5m_PosCTL
MOS,0.92,Neg15m_NegCTL
MOS,-0.7525,Neg1h_NegCTL
MOS,-0.8491666666666666,Neg24h_NegCTL
MOS,1.0725,Neg30m_NegCTL
MOS,-0.7825,Neg4h_NegCTL
MOS,0.65,Neg5m_NegCTL
MOS,-0.9858333333333332,Pos15m_PosCTL
MOS,1.0025,Pos1h_PosCTL
MOS,0.9475,Pos24h_PosCTL
MOS,-0.9941666666666666,Pos30m_PosCTL
MOS,-0.49583333333333335,Pos4h_PosCTL
MOS,-0.86,Pos5m_PosCTL
MSN,-0.05166666666666667,Neg15m_NegCTL
MSN,-0.05166666666666667,Neg15m_NegCTL
MSN,-0.05166666666666667,Neg15m_NegCTL
MSN,-0.3675,Neg1h_NegCTL
MSN,-0.3675,Neg1h_NegCTL
MSN,-0.3675,Neg1h_NegCTL
MSN,0.585,Neg24h_NegCTL
MSN,0.585,Neg24h_NegCTL
MSN,0.585,Neg24h_NegCTL
MSN,-0.5541666666666666,Neg30m_NegCTL
MSN,-0.5541666666666666,Neg30m_NegCTL
MSN,-0.5541666666666666,Neg30m_NegCTL
MSN,0.15416666666666665,Neg4h_NegCTL
MSN,0.15416666666666665,Neg4h_NegCTL
MSN,0.15416666666666665,Neg4h_NegCTL
MSN,0.10583333333333332,Neg5m_NegCTL
MSN,0.10583333333333332,Neg5m_NegCTL
MSN,0.10583333333333332,Neg5m_NegCTL
MSN,0.8358333333333333,Pos15m_PosCTL
MSN,0.8358333333333333,Pos15m_PosCTL
MSN,0.8358333333333333,Pos15m_PosCTL
MSN,-0.11916666666666674,Pos1h_PosCTL
MSN,-0.11916666666666674,Pos1h_PosCTL
MSN,-0.11916666666666674,Pos1h_PosCTL
MSN,0.5966666666666667,Pos24h_PosCTL
MSN,0.5966666666666667,Pos24h_PosCTL
MSN,0.5966666666666667,Pos24h_PosCTL
MSN,1.2175,Pos30m_PosCTL
MSN,1.2175,Pos30m_PosCTL
MSN,1.2175,Pos30m_PosCTL
MSN,0.3899999999999999,Pos4h_PosCTL
MSN,0.3899999999999999,Pos4h_PosCTL
MSN,0.3899999999999999,Pos4h_PosCTL
MSN,1.3925,Pos5m_PosCTL
MSN,1.3925,Pos5m_PosCTL
MSN,1.3925,Pos5m_PosCTL
MST,-2.0175,Neg15m_NegCTL
MST,-2.0175,Neg15m_NegCTL
MST,-2.3975,Neg1h_NegCTL
MST,-2.3975,Neg1h_NegCTL
MST,-0.3541666666666667,Neg24h_NegCTL
MST,-0.3541666666666667,Neg24h_NegCTL
MST,-2.005833333333334,Neg30m_NegCTL
MST,-2.005833333333334,Neg30m_NegCTL
MST,-1.4175,Neg4h_NegCTL
MST,-1.4175,Neg4h_NegCTL
MST,-1.3266666666666669,Neg5m_NegCTL
MST,-1.3266666666666669,Neg5m_NegCTL
MST,-2.091666666666667,Pos15m_PosCTL
MST,-2.091666666666667,Pos15m_PosCTL
MST,-1.9258333333333333,Pos1h_PosCTL
MST,-1.9258333333333333,Pos1h_PosCTL
MST,0.075,Pos24h_PosCTL
MST,0.075,Pos24h_PosCTL
MST,-1.8283333333333336,Pos30m_PosCTL
MST,-1.8283333333333336,Pos30m_PosCTL
MST,-2.1366666666666667,Pos4h_PosCTL
MST,-2.1366666666666667,Pos4h_PosCTL
MST,-1.711666666666667,Pos5m_PosCTL
MST,-1.711666666666667,Pos5m_PosCTL
MTOR,-1.7591666666666668,Neg15m_NegCTL
MTOR,-1.9066666666666667,Neg1h_NegCTL
MTOR,-1.4466666666666663,Neg24h_NegCTL
MTOR,-1.7675,Neg30m_NegCTL
MTOR,-1.3483333333333334,Neg4h_NegCTL
MTOR,-0.8025,Neg5m_NegCTL
MTOR,-1.7858333333333334,Pos15m_PosCTL
MTOR,-1.846666666666667,Pos1h_PosCTL
MTOR,-0.6791666666666667,Pos24h_PosCTL
MTOR,-2.211666666666667,Pos30m_PosCTL
MTOR,-1.8033333333333332,Pos4h_PosCTL
MTOR,-1.58,Pos5m_PosCTL
NAK,-1.0166666666666666,Neg15m_NegCTL
NAK,-1.0166666666666666,Neg15m_NegCTL
NAK,-1.0166666666666666,Neg15m_NegCTL
NAK,-1.0166666666666666,Neg15m_NegCTL
NAK,-0.8308333333333333,Neg1h_NegCTL
NAK,-0.8308333333333333,Neg1h_NegCTL
NAK,-0.8308333333333333,Neg1h_NegCTL
NAK,-0.8308333333333333,Neg1h_NegCTL
NAK,-0.345,Neg24h_NegCTL
NAK,-0.345,Neg24h_NegCTL
NAK,-0.345,Neg24h_NegCTL
NAK,-0.345,Neg24h_NegCTL
NAK,-1.215,Neg30m_NegCTL
NAK,-1.215,Neg30m_NegCTL
NAK,-1.215,Neg30m_NegCTL
NAK,-1.215,Neg30m_NegCTL
NAK,-0.9941666666666666,Neg4h_NegCTL
NAK,-0.9941666666666666,Neg4h_NegCTL
NAK,-0.9941666666666666,Neg4h_NegCTL
NAK,-0.9941666666666666,Neg4h_NegCTL
NAK,-0.26833333333333337,Neg5m_NegCTL
NAK,-0.26833333333333337,Neg5m_NegCTL
NAK,-0.26833333333333337,Neg5m_NegCTL
NAK,-0.26833333333333337,Neg5m_NegCTL
NAK,-0.4125,Pos15m_PosCTL
NAK,-0.4125,Pos15m_PosCTL
NAK,-0.4125,Pos15m_PosCTL
NAK,-0.4125,Pos15m_PosCTL
NAK,-0.17666666666666672,Pos1h_PosCTL
NAK,-0.17666666666666672,Pos1h_PosCTL
NAK,-0.17666666666666672,Pos1h_PosCTL
NAK,-0.17666666666666672,Pos1h_PosCTL
NAK,0.28333333333333327,Pos24h_PosCTL
NAK,0.28333333333333327,Pos24h_PosCTL
NAK,0.28333333333333327,Pos24h_PosCTL
NAK,0.28333333333333327,Pos24h_PosCTL
NAK,-0.17166666666666666,Pos30m_PosCTL
NAK,-0.17166666666666666,Pos30m_PosCTL
NAK,-0.17166666666666666,Pos30m_PosCTL
NAK,-0.17166666666666666,Pos30m_PosCTL
NAK,-0.205,Pos4h_PosCTL
NAK,-0.205,Pos4h_PosCTL
NAK,-0.205,Pos4h_PosCTL
NAK,-0.205,Pos4h_PosCTL
NAK,-0.00749999999999998,Pos5m_PosCTL
NAK,-0.00749999999999998,Pos5m_PosCTL
NAK,-0.00749999999999998,Pos5m_PosCTL
NAK,-0.00749999999999998,Pos5m_PosCTL
NDR,-0.06416666666666664,Neg15m_NegCTL
NDR,-0.06416666666666664,Neg15m_NegCTL
NDR,-0.06416666666666664,Neg15m_NegCTL
NDR,-0.06416666666666664,Neg15m_NegCTL
NDR,0.79,Neg1h_NegCTL
NDR,0.79,Neg1h_NegCTL
NDR,0.79,Neg1h_NegCTL
NDR,0.79,Neg1h_NegCTL
NDR,0.07416666666666666,Neg24h_NegCTL
NDR,0.07416666666666666,Neg24h_NegCTL
NDR,0.07416666666666666,Neg24h_NegCTL
NDR,0.07416666666666666,Neg24h_NegCTL
NDR,0.4458333333333333,Neg30m_NegCTL
NDR,0.4458333333333333,Neg30m_NegCTL
NDR,0.4458333333333333,Neg30m_NegCTL
NDR,0.4458333333333333,Neg30m_NegCTL
NDR,-0.03083333333333338,Neg4h_NegCTL
NDR,-0.03083333333333338,Neg4h_NegCTL
NDR,-0.03083333333333338,Neg4h_NegCTL
NDR,-0.03083333333333338,Neg4h_NegCTL
NDR,-0.8741666666666666,Neg5m_NegCTL
NDR,-0.8741666666666666,Neg5m_NegCTL
NDR,-0.8741666666666666,Neg5m_NegCTL
NDR,-0.8741666666666666,Neg5m_NegCTL
NDR,-0.8791666666666667,Pos15m_PosCTL
NDR,-0.8791666666666667,Pos15m_PosCTL
NDR,-0.8791666666666667,Pos15m_PosCTL
NDR,-0.8791666666666667,Pos15m_PosCTL
NDR,0.16416666666666666,Pos1h_PosCTL
NDR,0.16416666666666666,Pos1h_PosCTL
NDR,0.16416666666666666,Pos1h_PosCTL
NDR,0.16416666666666666,Pos1h_PosCTL
NDR,-0.5508333333333334,Pos24h_PosCTL
NDR,-0.5508333333333334,Pos24h_PosCTL
NDR,-0.5508333333333334,Pos24h_PosCTL
NDR,-0.5508333333333334,Pos24h_PosCTL
NDR,-0.9366666666666666,Pos30m_PosCTL
NDR,-0.9366666666666666,Pos30m_PosCTL
NDR,-0.9366666666666666,Pos30m_PosCTL
NDR,-0.9366666666666666,Pos30m_PosCTL
NDR,0.01333333333333335,Pos4h_PosCTL
NDR,0.01333333333333335,Pos4h_PosCTL
NDR,0.01333333333333335,Pos4h_PosCTL
NDR,0.01333333333333335,Pos4h_PosCTL
NDR,-0.8391666666666666,Pos5m_PosCTL
NDR,-0.8391666666666666,Pos5m_PosCTL
NDR,-0.8391666666666666,Pos5m_PosCTL
NDR,-0.8391666666666666,Pos5m_PosCTL
NEK,-0.7216666666666667,Neg15m_NegCTL
NEK,-0.7216666666666667,Neg15m_NegCTL
NEK,-0.7216666666666667,Neg15m_NegCTL
NEK,-0.7216666666666667,Neg15m_NegCTL
NEK,-0.7216666666666667,Neg15m_NegCTL
NEK,-0.7216666666666667,Neg15m_NegCTL
NEK,-0.7216666666666667,Neg15m_NegCTL
NEK,-0.7216666666666667,Neg15m_NegCTL
NEK,-0.7216666666666667,Neg15m_NegCTL
NEK,-0.4066666666666667,Neg1h_NegCTL
NEK,-0.4066666666666667,Neg1h_NegCTL
NEK,-0.4066666666666667,Neg1h_NegCTL
NEK,-0.4066666666666667,Neg1h_NegCTL
NEK,-0.4066666666666667,Neg1h_NegCTL
NEK,-0.4066666666666667,Neg1h_NegCTL
NEK,-0.4066666666666667,Neg1h_NegCTL
NEK,-0.4066666666666667,Neg1h_NegCTL
NEK,-0.4066666666666667,Neg1h_NegCTL
NEK,0.19,Neg24h_NegCTL
NEK,0.19,Neg24h_NegCTL
NEK,0.19,Neg24h_NegCTL
NEK,0.19,Neg24h_NegCTL
NEK,0.19,Neg24h_NegCTL
NEK,0.19,Neg24h_NegCTL
NEK,0.19,Neg24h_NegCTL
NEK,0.19,Neg24h_NegCTL
NEK,0.19,Neg24h_NegCTL
NEK,-0.7866666666666666,Neg30m_NegCTL
NEK,-0.7866666666666666,Neg30m_NegCTL
NEK,-0.7866666666666666,Neg30m_NegCTL
NEK,-0.7866666666666666,Neg30m_NegCTL
NEK,-0.7866666666666666,Neg30m_NegCTL
NEK,-0.7866666666666666,Neg30m_NegCTL
NEK,-0.7866666666666666,Neg30m_NegCTL
NEK,-0.7866666666666666,Neg30m_NegCTL
NEK,-0.7866666666666666,Neg30m_NegCTL
NEK,-0.3433333333333333,Neg4h_NegCTL
NEK,-0.3433333333333333,Neg4h_NegCTL
NEK,-0.3433333333333333,Neg4h_NegCTL
NEK,-0.3433333333333333,Neg4h_NegCTL
NEK,-0.3433333333333333,Neg4h_NegCTL
NEK,-0.3433333333333333,Neg4h_NegCTL
NEK,-0.3433333333333333,Neg4h_NegCTL
NEK,-0.3433333333333333,Neg4h_NegCTL
NEK,-0.3433333333333333,Neg4h_NegCTL
NEK,-0.6808333333333333,Neg5m_NegCTL
NEK,-0.6808333333333333,Neg5m_NegCTL
NEK,-0.6808333333333333,Neg5m_NegCTL
NEK,-0.6808333333333333,Neg5m_NegCTL
NEK,-0.6808333333333333,Neg5m_NegCTL
NEK,-0.6808333333333333,Neg5m_NegCTL
NEK,-0.6808333333333333,Neg5m_NegCTL
NEK,-0.6808333333333333,Neg5m_NegCTL
NEK,-0.6808333333333333,Neg5m_NegCTL
NEK,-1.0699999999999998,Pos15m_PosCTL
NEK,-1.0699999999999998,Pos15m_PosCTL
NEK,-1.0699999999999998,Pos15m_PosCTL
NEK,-1.0699999999999998,Pos15m_PosCTL
NEK,-1.0699999999999998,Pos15m_PosCTL
NEK,-1.0699999999999998,Pos15m_PosCTL
NEK,-1.0699999999999998,Pos15m_PosCTL
NEK,-1.0699999999999998,Pos15m_PosCTL
NEK,-1.0699999999999998,Pos15m_PosCTL
NEK,-0.4816666666666667,Pos1h_PosCTL
NEK,-0.4816666666666667,Pos1h_PosCTL
NEK,-0.4816666666666667,Pos1h_PosCTL
NEK,-0.4816666666666667,Pos1h_PosCTL
NEK,-0.4816666666666667,Pos1h_PosCTL
NEK,-0.4816666666666667,Pos1h_PosCTL
NEK,-0.4816666666666667,Pos1h_PosCTL
NEK,-0.4816666666666667,Pos1h_PosCTL
NEK,-0.4816666666666667,Pos1h_PosCTL
NEK,0.15666666666666665,Pos24h_PosCTL
NEK,0.15666666666666665,Pos24h_PosCTL
NEK,0.15666666666666665,Pos24h_PosCTL
NEK,0.15666666666666665,Pos24h_PosCTL
NEK,0.15666666666666665,Pos24h_PosCTL
NEK,0.15666666666666665,Pos24h_PosCTL
NEK,0.15666666666666665,Pos24h_PosCTL
NEK,0.15666666666666665,Pos24h_PosCTL
NEK,0.15666666666666665,Pos24h_PosCTL
NEK,-1.080833333333333,Pos30m_PosCTL
NEK,-1.080833333333333,Pos30m_PosCTL
NEK,-1.080833333333333,Pos30m_PosCTL
NEK,-1.080833333333333,Pos30m_PosCTL
NEK,-1.080833333333333,Pos30m_PosCTL
NEK,-1.080833333333333,Pos30m_PosCTL
NEK,-1.080833333333333,Pos30m_PosCTL
NEK,-1.080833333333333,Pos30m_PosCTL
NEK,-1.080833333333333,Pos30m_PosCTL
NEK,-0.32416666666666666,Pos4h_PosCTL
NEK,-0.32416666666666666,Pos4h_PosCTL
NEK,-0.32416666666666666,Pos4h_PosCTL
NEK,-0.32416666666666666,Pos4h_PosCTL
NEK,-0.32416666666666666,Pos4h_PosCTL
NEK,-0.32416666666666666,Pos4h_PosCTL
NEK,-0.32416666666666666,Pos4h_PosCTL
NEK,-0.32416666666666666,Pos4h_PosCTL
NEK,-0.32416666666666666,Pos4h_PosCTL
NEK,-0.4616666666666666,Pos5m_PosCTL
NEK,-0.4616666666666666,Pos5m_PosCTL
NEK,-0.4616666666666666,Pos5m_PosCTL
NEK,-0.4616666666666666,Pos5m_PosCTL
NEK,-0.4616666666666666,Pos5m_PosCTL
NEK,-0.4616666666666666,Pos5m_PosCTL
NEK,-0.4616666666666666,Pos5m_PosCTL
NEK,-0.4616666666666666,Pos5m_PosCTL
NEK,-0.4616666666666666,Pos5m_PosCTL
NIK,-1.0608333333333333,Neg15m_NegCTL
NIK,-0.74,Neg1h_NegCTL
NIK,-0.8575,Neg24h_NegCTL
NIK,-0.8408333333333333,Neg30m_NegCTL
NIK,-0.7891666666666667,Neg4h_NegCTL
NIK,-0.9008333333333334,Neg5m_NegCTL
NIK,-0.9866666666666668,Pos15m_PosCTL
NIK,-0.7433333333333334,Pos1h_PosCTL
NIK,-0.48583333333333334,Pos24h_PosCTL
NIK,-0.9858333333333332,Pos30m_PosCTL
NIK,-0.8383333333333334,Pos4h_PosCTL
NIK,-0.8583333333333334,Pos5m_PosCTL
NMO,-3.1416666666666666,Neg15m_NegCTL
NMO,-2.235,Neg1h_NegCTL
NMO,-2.4283333333333332,Neg24h_NegCTL
NMO,-2.44,Neg30m_NegCTL
NMO,-2.305833333333333,Neg4h_NegCTL
NMO,-2.444166666666667,Neg5m_NegCTL
NMO,-2.9541666666666666,Pos15m_PosCTL
NMO,-2.370833333333333,Pos1h_PosCTL
NMO,-1.3083333333333331,Pos24h_PosCTL
NMO,-3.2183333333333333,Pos30m_PosCTL
NMO,-2.4458333333333333,Pos4h_PosCTL
NMO,-2.3658333333333332,Pos5m_PosCTL
NUAK,-1.4875,Neg15m_NegCTL
NUAK,-1.4875,Neg15m_NegCTL
NUAK,-1.0491666666666666,Neg1h_NegCTL
NUAK,-1.0491666666666666,Neg1h_NegCTL
NUAK,-1.1833333333333331,Neg24h_NegCTL
NUAK,-1.1833333333333331,Neg24h_NegCTL
NUAK,-1.195,Neg30m_NegCTL
NUAK,-1.195,Neg30m_NegCTL
NUAK,-1.105,Neg4h_NegCTL
NUAK,-1.105,Neg4h_NegCTL
NUAK,-1.2766666666666666,Neg5m_NegCTL
NUAK,-1.2766666666666666,Neg5m_NegCTL
NUAK,-1.3833333333333333,Pos15m_PosCTL
NUAK,-1.3833333333333333,Pos15m_PosCTL
NUAK,-1.0683333333333334,Pos1h_PosCTL
NUAK,-1.0683333333333334,Pos1h_PosCTL
NUAK,-0.6825,Pos24h_PosCTL
NUAK,-0.6825,Pos24h_PosCTL
NUAK,-1.3966666666666667,Pos30m_PosCTL
NUAK,-1.3966666666666667,Pos30m_PosCTL
NUAK,-1.1841666666666666,Pos4h_PosCTL
NUAK,-1.1841666666666666,Pos4h_PosCTL
NUAK,-1.2133333333333334,Pos5m_PosCTL
NUAK,-1.2133333333333334,Pos5m_PosCTL
P38,-3.4408333333333334,Neg15m_NegCTL
P38,-3.4408333333333334,Neg15m_NegCTL
P38,-3.4408333333333334,Neg15m_NegCTL
P38,-3.4408333333333334,Neg15m_NegCTL
P38,-3.2616666666666667,Neg1h_NegCTL
P38,-3.2616666666666667,Neg1h_NegCTL
P38,-3.2616666666666667,Neg1h_NegCTL
P38,-3.2616666666666667,Neg1h_NegCTL
P38,-2.0500000000000003,Neg24h_NegCTL
P38,-2.0500000000000003,Neg24h_NegCTL
P38,-2.0500000000000003,Neg24h_NegCTL
P38,-2.0500000000000003,Neg24h_NegCTL
P38,-3.2391666666666667,Neg30m_NegCTL
P38,-3.2391666666666667,Neg30m_NegCTL
P38,-3.2391666666666667,Neg30m_NegCTL
P38,-3.2391666666666667,Neg30m_NegCTL
P38,-2.0091666666666668,Neg4h_NegCTL
P38,-2.0091666666666668,Neg4h_NegCTL
P38,-2.0091666666666668,Neg4h_NegCTL
P38,-2.0091666666666668,Neg4h_NegCTL
P38,-1.9233333333333331,Neg5m_NegCTL
P38,-1.9233333333333331,Neg5m_NegCTL
P38,-1.9233333333333331,Neg5m_NegCTL
P38,-1.9233333333333331,Neg5m_NegCTL
P38,-3.0483333333333333,Pos15m_PosCTL
P38,-3.0483333333333333,Pos15m_PosCTL
P38,-3.0483333333333333,Pos15m_PosCTL
P38,-3.0483333333333333,Pos15m_PosCTL
P38,-3.0383333333333336,Pos1h_PosCTL
P38,-3.0383333333333336,Pos1h_PosCTL
P38,-3.0383333333333336,Pos1h_PosCTL
P38,-3.0383333333333336,Pos1h_PosCTL
P38,-1.5008333333333332,Pos24h_PosCTL
P38,-1.5008333333333332,Pos24h_PosCTL
P38,-1.5008333333333332,Pos24h_PosCTL
P38,-1.5008333333333332,Pos24h_PosCTL
P38,-3.515,Pos30m_PosCTL
P38,-3.515,Pos30m_PosCTL
P38,-3.515,Pos30m_PosCTL
P38,-3.515,Pos30m_PosCTL
P38,-3.43,Pos4h_PosCTL
P38,-3.43,Pos4h_PosCTL
P38,-3.43,Pos4h_PosCTL
P38,-3.43,Pos4h_PosCTL
P38,-2.8891666666666667,Pos5m_PosCTL
P38,-2.8891666666666667,Pos5m_PosCTL
P38,-2.8891666666666667,Pos5m_PosCTL
P38,-2.8891666666666667,Pos5m_PosCTL
PAKA,0.13416666666666666,Neg15m_NegCTL
PAKA,0.13416666666666666,Neg15m_NegCTL
PAKA,0.13416666666666666,Neg15m_NegCTL
PAKA,1.44,Neg1h_NegCTL
PAKA,1.44,Neg1h_NegCTL
PAKA,1.44,Neg1h_NegCTL
PAKA,0.08333333333333334,Neg24h_NegCTL
PAKA,0.08333333333333334,Neg24h_NegCTL
PAKA,0.08333333333333334,Neg24h_NegCTL
PAKA,0.675,Neg30m_NegCTL
PAKA,0.675,Neg30m_NegCTL
PAKA,0.675,Neg30m_NegCTL
PAKA,0.7358333333333333,Neg4h_NegCTL
PAKA,0.7358333333333333,Neg4h_NegCTL
PAKA,0.7358333333333333,Neg4h_NegCTL
PAKA,-1.3,Neg5m_NegCTL
PAKA,-1.3,Neg5m_NegCTL
PAKA,-1.3,Neg5m_NegCTL
PAKA,0.9066666666666668,Pos15m_PosCTL
PAKA,0.9066666666666668,Pos15m_PosCTL
PAKA,0.9066666666666668,Pos15m_PosCTL
PAKA,0.7508333333333334,Pos1h_PosCTL
PAKA,0.7508333333333334,Pos1h_PosCTL
PAKA,0.7508333333333334,Pos1h_PosCTL
PAKA,-1.055,Pos24h_PosCTL
PAKA,-1.055,Pos24h_PosCTL
PAKA,-1.055,Pos24h_PosCTL
PAKA,0.8591666666666667,Pos30m_PosCTL
PAKA,0.8591666666666667,Pos30m_PosCTL
PAKA,0.8591666666666667,Pos30m_PosCTL
PAKA,0.8458333333333334,Pos4h_PosCTL
PAKA,0.8458333333333334,Pos4h_PosCTL
PAKA,0.8458333333333334,Pos4h_PosCTL
PAKA,1.36,Pos5m_PosCTL
PAKA,1.36,Pos5m_PosCTL
PAKA,1.36,Pos5m_PosCTL
PAKB,-0.11083333333333334,Neg15m_NegCTL
PAKB,-0.11083333333333334,Neg15m_NegCTL
PAKB,-0.11083333333333334,Neg15m_NegCTL
PAKB,-0.4541666666666667,Neg1h_NegCTL
PAKB,-0.4541666666666667,Neg1h_NegCTL
PAKB,-0.4541666666666667,Neg1h_NegCTL
PAKB,0.16166666666666665,Neg24h_NegCTL
PAKB,0.16166666666666665,Neg24h_NegCTL
PAKB,0.16166666666666665,Neg24h_NegCTL
PAKB,-0.4825,Neg30m_NegCTL
PAKB,-0.4825,Neg30m_NegCTL
PAKB,-0.4825,Neg30m_NegCTL
PAKB,0.44083333333333335,Neg4h_NegCTL
PAKB,0.44083333333333335,Neg4h_NegCTL
PAKB,0.44083333333333335,Neg4h_NegCTL
PAKB,-0.41583333333333333,Neg5m_NegCTL
PAKB,-0.41583333333333333,Neg5m_NegCTL
PAKB,-0.41583333333333333,Neg5m_NegCTL
PAKB,0.3141666666666667,Pos15m_PosCTL
PAKB,0.3141666666666667,Pos15m_PosCTL
PAKB,0.3141666666666667,Pos15m_PosCTL
PAKB,-0.7125,Pos1h_PosCTL
PAKB,-0.7125,Pos1h_PosCTL
PAKB,-0.7125,Pos1h_PosCTL
PAKB,-0.30833333333333335,Pos24h_PosCTL
PAKB,-0.30833333333333335,Pos24h_PosCTL
PAKB,-0.30833333333333335,Pos24h_PosCTL
PAKB,-0.15333333333333332,Pos30m_PosCTL
PAKB,-0.15333333333333332,Pos30m_PosCTL
PAKB,-0.15333333333333332,Pos30m_PosCTL
PAKB,-0.8191666666666666,Pos4h_PosCTL
PAKB,-0.8191666666666666,Pos4h_PosCTL
PAKB,-0.8191666666666666,Pos4h_PosCTL
PAKB,0.465,Pos5m_PosCTL
PAKB,0.465,Pos5m_PosCTL
PAKB,0.465,Pos5m_PosCTL
PASK,0.3408333333333334,Neg15m_NegCTL
PASK,1.0216666666666667,Neg1h_NegCTL
PASK,0.9,Neg24h_NegCTL
PASK,0.8833333333333333,Neg30m_NegCTL
PASK,0.4341666666666667,Neg4h_NegCTL
PASK,0.4941666666666667,Neg5m_NegCTL
PASK,1.1108333333333331,Pos15m_PosCTL
PASK,0.6816666666666666,Pos1h_PosCTL
PASK,-0.47,Pos24h_PosCTL
PASK,1.1358333333333333,Pos30m_PosCTL
PASK,1.2475,Pos4h_PosCTL
PASK,1.24,Pos5m_PosCTL
PDHK,-1.8833333333333333,Neg15m_NegCTL
PDHK,-1.8833333333333333,Neg15m_NegCTL
PDHK,-1.8833333333333333,Neg15m_NegCTL
PDHK,-1.8833333333333333,Neg15m_NegCTL
PDHK,0.16499999999999998,Neg1h_NegCTL
PDHK,0.16499999999999998,Neg1h_NegCTL
PDHK,0.16499999999999998,Neg1h_NegCTL
PDHK,0.16499999999999998,Neg1h_NegCTL
PDHK,-1.3808333333333334,Neg24h_NegCTL
PDHK,-1.3808333333333334,Neg24h_NegCTL
PDHK,-1.3808333333333334,Neg24h_NegCTL
PDHK,-1.3808333333333334,Neg24h_NegCTL
PDHK,-0.6858333333333333,Neg30m_NegCTL
PDHK,-0.6858333333333333,Neg30m_NegCTL
PDHK,-0.6858333333333333,Neg30m_NegCTL
PDHK,-0.6858333333333333,Neg30m_NegCTL
PDHK,-0.5183333333333333,Neg4h_NegCTL
PDHK,-0.5183333333333333,Neg4h_NegCTL
PDHK,-0.5183333333333333,Neg4h_NegCTL
PDHK,-0.5183333333333333,Neg4h_NegCTL
PDHK,-2.565,Neg5m_NegCTL
PDHK,-2.565,Neg5m_NegCTL
PDHK,-2.565,Neg5m_NegCTL
PDHK,-2.565,Neg5m_NegCTL
PDHK,-0.08999999999999997,Pos15m_PosCTL
PDHK,-0.08999999999999997,Pos15m_PosCTL
PDHK,-0.08999999999999997,Pos15m_PosCTL
PDHK,-0.08999999999999997,Pos15m_PosCTL
PDHK,0.18083333333333343,Pos1h_PosCTL
PDHK,0.18083333333333343,Pos1h_PosCTL
PDHK,0.18083333333333343,Pos1h_PosCTL
PDHK,0.18083333333333343,Pos1h_PosCTL
PDHK,-1.3458333333333332,Pos24h_PosCTL
PDHK,-1.3458333333333332,Pos24h_PosCTL
PDHK,-1.3458333333333332,Pos24h_PosCTL
PDHK,-1.3458333333333332,Pos24h_PosCTL
PDHK,-0.3375,Pos30m_PosCTL
PDHK,-0.3375,Pos30m_PosCTL
PDHK,-0.3375,Pos30m_PosCTL
PDHK,-0.3375,Pos30m_PosCTL
PDHK,0.3358333333333333,Pos4h_PosCTL
PDHK,0.3358333333333333,Pos4h_PosCTL
PDHK,0.3358333333333333,Pos4h_PosCTL
PDHK,0.3358333333333333,Pos4h_PosCTL
PDHK,0.5775,Pos5m_PosCTL
PDHK,0.5775,Pos5m_PosCTL
PDHK,0.5775,Pos5m_PosCTL
PDHK,0.5775,Pos5m_PosCTL
PDK1,-4.774166666666667,Neg15m_NegCTL
PDK1,-4.774166666666667,Neg15m_NegCTL
PDK1,-4.216666666666667,Neg1h_NegCTL
PDK1,-4.216666666666667,Neg1h_NegCTL
PDK1,-2.6241666666666665,Neg24h_NegCTL
PDK1,-2.6241666666666665,Neg24h_NegCTL
PDK1,-3.7941666666666665,Neg30m_NegCTL
PDK1,-3.7941666666666665,Neg30m_NegCTL
PDK1,-2.6075,Neg4h_NegCTL
PDK1,-2.6075,Neg4h_NegCTL
PDK1,-2.8158333333333334,Neg5m_NegCTL
PDK1,-2.8158333333333334,Neg5m_NegCTL
PDK1,-3.799166666666667,Pos15m_PosCTL
PDK1,-3.799166666666667,Pos15m_PosCTL
PDK1,-3.658333333333333,Pos1h_PosCTL
PDK1,-3.658333333333333,Pos1h_PosCTL
PDK1,-0.9783333333333332,Pos24h_PosCTL
PDK1,-0.9783333333333332,Pos24h_PosCTL
PDK1,-4.2275,Pos30m_PosCTL
PDK1,-4.2275,Pos30m_PosCTL
PDK1,-3.865833333333333,Pos4h_PosCTL
PDK1,-3.865833333333333,Pos4h_PosCTL
PDK1,-3.2541666666666664,Pos5m_PosCTL
PDK1,-3.2541666666666664,Pos5m_PosCTL
PEK,-3.875,Neg15m_NegCTL
PEK,-3.875,Neg15m_NegCTL
PEK,-3.875,Neg15m_NegCTL
PEK,-3.875,Neg15m_NegCTL
PEK,-2.9908333333333332,Neg1h_NegCTL
PEK,-2.9908333333333332,Neg1h_NegCTL
PEK,-2.9908333333333332,Neg1h_NegCTL
PEK,-2.9908333333333332,Neg1h_NegCTL
PEK,-3.4016666666666664,Neg24h_NegCTL
PEK,-3.4016666666666664,Neg24h_NegCTL
PEK,-3.4016666666666664,Neg24h_NegCTL
PEK,-3.4016666666666664,Neg24h_NegCTL
PEK,-2.6991666666666667,Neg30m_NegCTL
PEK,-2.6991666666666667,Neg30m_NegCTL
PEK,-2.6991666666666667,Neg30m_NegCTL
PEK,-2.6991666666666667,Neg30m_NegCTL
PEK,-2.7216666666666667,Neg4h_NegCTL
PEK,-2.7216666666666667,Neg4h_NegCTL
PEK,-2.7216666666666667,Neg4h_NegCTL
PEK,-2.7216666666666667,Neg4h_NegCTL
PEK,-3.924166666666667,Neg5m_NegCTL
PEK,-3.924166666666667,Neg5m_NegCTL
PEK,-3.924166666666667,Neg5m_NegCTL
PEK,-3.924166666666667,Neg5m_NegCTL
PEK,-4.005833333333333,Pos15m_PosCTL
PEK,-4.005833333333333,Pos15m_PosCTL
PEK,-4.005833333333333,Pos15m_PosCTL
PEK,-4.005833333333333,Pos15m_PosCTL
PEK,-2.6158333333333332,Pos1h_PosCTL
PEK,-2.6158333333333332,Pos1h_PosCTL
PEK,-2.6158333333333332,Pos1h_PosCTL
PEK,-2.6158333333333332,Pos1h_PosCTL
PEK,-2.171666666666667,Pos24h_PosCTL
PEK,-2.171666666666667,Pos24h_PosCTL
PEK,-2.171666666666667,Pos24h_PosCTL
PEK,-2.171666666666667,Pos24h_PosCTL
PEK,-4.9325,Pos30m_PosCTL
PEK,-4.9325,Pos30m_PosCTL
PEK,-4.9325,Pos30m_PosCTL
PEK,-4.9325,Pos30m_PosCTL
PEK,-3.3825,Pos4h_PosCTL
PEK,-3.3825,Pos4h_PosCTL
PEK,-3.3825,Pos4h_PosCTL
PEK,-3.3825,Pos4h_PosCTL
PEK,-3.024166666666667,Pos5m_PosCTL
PEK,-3.024166666666667,Pos5m_PosCTL
PEK,-3.024166666666667,Pos5m_PosCTL
PEK,-3.024166666666667,Pos5m_PosCTL
PHK,-2.2091666666666665,Neg15m_NegCTL
PHK,-2.2091666666666665,Neg15m_NegCTL
PHK,-0.865,Neg1h_NegCTL
PHK,-0.865,Neg1h_NegCTL
PHK,-1.7991666666666666,Neg24h_NegCTL
PHK,-1.7991666666666666,Neg24h_NegCTL
PHK,-1.56,Neg30m_NegCTL
PHK,-1.56,Neg30m_NegCTL
PHK,-1.5766666666666669,Neg4h_NegCTL
PHK,-1.5766666666666669,Neg4h_NegCTL
PHK,-2.5658333333333334,Neg5m_NegCTL
PHK,-2.5658333333333334,Neg5m_NegCTL
PHK,-1.475,Pos15m_PosCTL
PHK,-1.475,Pos15m_PosCTL
PHK,-1.2608333333333333,Pos1h_PosCTL
PHK,-1.2608333333333333,Pos1h_PosCTL
PHK,-2.26,Pos24h_PosCTL
PHK,-2.26,Pos24h_PosCTL
PHK,-1.4125,Pos30m_PosCTL
PHK,-1.4125,Pos30m_PosCTL
PHK,-1.75,Pos4h_PosCTL
PHK,-1.75,Pos4h_PosCTL
PHK,-0.6174999999999999,Pos5m_PosCTL
PHK,-0.6174999999999999,Pos5m_PosCTL
PIM,0.09666666666666668,Neg15m_NegCTL
PIM,0.09666666666666668,Neg15m_NegCTL
PIM,0.09666666666666668,Neg15m_NegCTL
PIM,0.6166666666666667,Neg1h_NegCTL
PIM,0.6166666666666667,Neg1h_NegCTL
PIM,0.6166666666666667,Neg1h_NegCTL
PIM,0.39,Neg24h_NegCTL
PIM,0.39,Neg24h_NegCTL
PIM,0.39,Neg24h_NegCTL
PIM,0.09833333333333331,Neg30m_NegCTL
PIM,0.09833333333333331,Neg30m_NegCTL
PIM,0.09833333333333331,Neg30m_NegCTL
PIM,0.38416666666666666,Neg4h_NegCTL
PIM,0.38416666666666666,Neg4h_NegCTL
PIM,0.38416666666666666,Neg4h_NegCTL
PIM,-0.9233333333333332,Neg5m_NegCTL
PIM,-0.9233333333333332,Neg5m_NegCTL
PIM,-0.9233333333333332,Neg5m_NegCTL
PIM,0.7175,Pos15m_PosCTL
PIM,0.7175,Pos15m_PosCTL
PIM,0.7175,Pos15m_PosCTL
PIM,0.38833333333333336,Pos1h_PosCTL
PIM,0.38833333333333336,Pos1h_PosCTL
PIM,0.38833333333333336,Pos1h_PosCTL
PIM,-0.11499999999999998,Pos24h_PosCTL
PIM,-0.11499999999999998,Pos24h_PosCTL
PIM,-0.11499999999999998,Pos24h_PosCTL
PIM,0.7675,Pos30m_PosCTL
PIM,0.7675,Pos30m_PosCTL
PIM,0.7675,Pos30m_PosCTL
PIM,0.5358333333333333,Pos4h_PosCTL
PIM,0.5358333333333333,Pos4h_PosCTL
PIM,0.5358333333333333,Pos4h_PosCTL
PIM,1.4375,Pos5m_PosCTL
PIM,1.4375,Pos5m_PosCTL
PIM,1.4375,Pos5m_PosCTL
PKA,2.2741666666666664,Neg15m_NegCTL
PKA,2.2741666666666664,Neg15m_NegCTL
PKA,2.2741666666666664,Neg15m_NegCTL
PKA,2.2741666666666664,Neg15m_NegCTL
PKA,2.2741666666666664,Neg15m_NegCTL
PKA,3.75,Neg1h_NegCTL
PKA,3.75,Neg1h_NegCTL
PKA,3.75,Neg1h_NegCTL
PKA,3.75,Neg1h_NegCTL
PKA,3.75,Neg1h_NegCTL
PKA,0.6225,Neg24h_NegCTL
PKA,0.6225,Neg24h_NegCTL
PKA,0.6225,Neg24h_NegCTL
PKA,0.6225,Neg24h_NegCTL
PKA,0.6225,Neg24h_NegCTL
PKA,2.931666666666666,Neg30m_NegCTL
PKA,2.931666666666666,Neg30m_NegCTL
PKA,2.931666666666666,Neg30m_NegCTL
PKA,2.931666666666666,Neg30m_NegCTL
PKA,2.931666666666666,Neg30m_NegCTL
PKA,2.424166666666667,Neg4h_NegCTL
PKA,2.424166666666667,Neg4h_NegCTL
PKA,2.424166666666667,Neg4h_NegCTL
PKA,2.424166666666667,Neg4h_NegCTL
PKA,2.424166666666667,Neg4h_NegCTL
PKA,0.7558333333333334,Neg5m_NegCTL
PKA,0.7558333333333334,Neg5m_NegCTL
PKA,0.7558333333333334,Neg5m_NegCTL
PKA,0.7558333333333334,Neg5m_NegCTL
PKA,0.7558333333333334,Neg5m_NegCTL
PKA,2.8908333333333336,Pos15m_PosCTL
PKA,2.8908333333333336,Pos15m_PosCTL
PKA,2.8908333333333336,Pos15m_PosCTL
PKA,2.8908333333333336,Pos15m_PosCTL
PKA,2.8908333333333336,Pos15m_PosCTL
PKA,3.111666666666667,Pos1h_PosCTL
PKA,3.111666666666667,Pos1h_PosCTL
PKA,3.111666666666667,Pos1h_PosCTL
PKA,3.111666666666667,Pos1h_PosCTL
PKA,3.111666666666667,Pos1h_PosCTL
PKA,-0.01000000000000004,Pos24h_PosCTL
PKA,-0.01000000000000004,Pos24h_PosCTL
PKA,-0.01000000000000004,Pos24h_PosCTL
PKA,-0.01000000000000004,Pos24h_PosCTL
PKA,-0.01000000000000004,Pos24h_PosCTL
PKA,2.9483333333333333,Pos30m_PosCTL
PKA,2.9483333333333333,Pos30m_PosCTL
PKA,2.9483333333333333,Pos30m_PosCTL
PKA,2.9483333333333333,Pos30m_PosCTL
PKA,2.9483333333333333,Pos30m_PosCTL
PKA,3.3466666666666667,Pos4h_PosCTL
PKA,3.3466666666666667,Pos4h_PosCTL
PKA,3.3466666666666667,Pos4h_PosCTL
PKA,3.3466666666666667,Pos4h_PosCTL
PKA,3.3466666666666667,Pos4h_PosCTL
PKA,3.8466666666666662,Pos5m_PosCTL
PKA,3.8466666666666662,Pos5m_PosCTL
PKA,3.8466666666666662,Pos5m_PosCTL
PKA,3.8466666666666662,Pos5m_PosCTL
PKA,3.8466666666666662,Pos5m_PosCTL
PKCA,-4.109166666666667,Neg15m_NegCTL
PKCA,-4.109166666666667,Neg15m_NegCTL
PKCA,-4.109166666666667,Neg15m_NegCTL
PKCA,-1.413333333333333,Neg1h_NegCTL
PKCA,-1.413333333333333,Neg1h_NegCTL
PKCA,-1.413333333333333,Neg1h_NegCTL
PKCA,-4.128333333333333,Neg24h_NegCTL
PKCA,-4.128333333333333,Neg24h_NegCTL
PKCA,-4.128333333333333,Neg24h_NegCTL
PKCA,-2.4466666666666668,Neg30m_NegCTL
PKCA,-2.4466666666666668,Neg30m_NegCTL
PKCA,-2.4466666666666668,Neg30m_NegCTL
PKCA,-2.1975,Neg4h_NegCTL
PKCA,-2.1975,Neg4h_NegCTL
PKCA,-2.1975,Neg4h_NegCTL
PKCA,-4.91,Neg5m_NegCTL
PKCA,-4.91,Neg5m_NegCTL
PKCA,-4.91,Neg5m_NegCTL
PKCA,-3.586666666666667,Pos15m_PosCTL
PKCA,-3.586666666666667,Pos15m_PosCTL
PKCA,-3.586666666666667,Pos15m_PosCTL
PKCA,-1.9883333333333333,Pos1h_PosCTL
PKCA,-1.9883333333333333,Pos1h_PosCTL
PKCA,-1.9883333333333333,Pos1h_PosCTL
PKCA,-2.94,Pos24h_PosCTL
PKCA,-2.94,Pos24h_PosCTL
PKCA,-2.94,Pos24h_PosCTL
PKCA,-3.9183333333333334,Pos30m_PosCTL
PKCA,-3.9183333333333334,Pos30m_PosCTL
PKCA,-3.9183333333333334,Pos30m_PosCTL
PKCA,-2.8325,Pos4h_PosCTL
PKCA,-2.8325,Pos4h_PosCTL
PKCA,-2.8325,Pos4h_PosCTL
PKCA,-2.080833333333333,Pos5m_PosCTL
PKCA,-2.080833333333333,Pos5m_PosCTL
PKCA,-2.080833333333333,Pos5m_PosCTL
PKCD,0.47,Neg15m_NegCTL
PKCD,0.47,Neg15m_NegCTL
PKCD,1.2466666666666666,Neg1h_NegCTL
PKCD,1.2466666666666666,Neg1h_NegCTL
PKCD,0.2866666666666667,Neg24h_NegCTL
PKCD,0.2866666666666667,Neg24h_NegCTL
PKCD,0.5308333333333334,Neg30m_NegCTL
PKCD,0.5308333333333334,Neg30m_NegCTL
PKCD,-0.1708333333333333,Neg4h_NegCTL
PKCD,-0.1708333333333333,Neg4h_NegCTL
PKCD,-0.2675,Neg5m_NegCTL
PKCD,-0.2675,Neg5m_NegCTL
PKCD,0.855,Pos15m_PosCTL
PKCD,0.855,Pos15m_PosCTL
PKCD,0.9508333333333332,Pos1h_PosCTL
PKCD,0.9508333333333332,Pos1h_PosCTL
PKCD,0.3566666666666667,Pos24h_PosCTL
PKCD,0.3566666666666667,Pos24h_PosCTL
PKCD,1.0625,Pos30m_PosCTL
PKCD,1.0625,Pos30m_PosCTL
PKCD,1.2083333333333333,Pos4h_PosCTL
PKCD,1.2083333333333333,Pos4h_PosCTL
PKCD,1.195,Pos5m_PosCTL
PKCD,1.195,Pos5m_PosCTL
PKCH,-0.5875,Neg15m_NegCTL
PKCH,-0.5875,Neg15m_NegCTL
PKCH,-0.6566666666666666,Neg1h_NegCTL
PKCH,-0.6566666666666666,Neg1h_NegCTL
PKCH,0.05416666666666673,Neg24h_NegCTL
PKCH,0.05416666666666673,Neg24h_NegCTL
PKCH,-0.21833333333333332,Neg30m_NegCTL
PKCH,-0.21833333333333332,Neg30m_NegCTL
PKCH,-0.2883333333333333,Neg4h_NegCTL
PKCH,-0.2883333333333333,Neg4h_NegCTL
PKCH,-0.195,Neg5m_NegCTL
PKCH,-0.195,Neg5m_NegCTL
PKCH,-1.1083333333333334,Pos15m_PosCTL
PKCH,-1.1083333333333334,Pos15m_PosCTL
PKCH,-1.1291666666666669,Pos1h_PosCTL
PKCH,-1.1291666666666669,Pos1h_PosCTL
PKCH,0.8966666666666667,Pos24h_PosCTL
PKCH,0.8966666666666667,Pos24h_PosCTL
PKCH,-0.7041666666666667,Pos30m_PosCTL
PKCH,-0.7041666666666667,Pos30m_PosCTL
PKCH,-0.9558333333333332,Pos4h_PosCTL
PKCH,-0.9558333333333332,Pos4h_PosCTL
PKCH,-1.23,Pos5m_PosCTL
PKCH,-1.23,Pos5m_PosCTL
PKCI,0.7108333333333333,Neg15m_NegCTL
PKCI,0.7108333333333333,Neg15m_NegCTL
PKCI,0.8816666666666666,Neg1h_NegCTL
PKCI,0.8816666666666666,Neg1h_NegCTL
PKCI,0.5075000000000001,Neg24h_NegCTL
PKCI,0.5075000000000001,Neg24h_NegCTL
PKCI,0.7458333333333333,Neg30m_NegCTL
PKCI,0.7458333333333333,Neg30m_NegCTL
PKCI,0.9158333333333334,Neg4h_NegCTL
PKCI,0.9158333333333334,Neg4h_NegCTL
PKCI,-0.3933333333333333,Neg5m_NegCTL
PKCI,-0.3933333333333333,Neg5m_NegCTL
PKCI,1.35,Pos15m_PosCTL
PKCI,1.35,Pos15m_PosCTL
PKCI,0.9825,Pos1h_PosCTL
PKCI,0.9825,Pos1h_PosCTL
PKCI,-0.4616666666666666,Pos24h_PosCTL
PKCI,-0.4616666666666666,Pos24h_PosCTL
PKCI,1.5158333333333334,Pos30m_PosCTL
PKCI,1.5158333333333334,Pos30m_PosCTL
PKCI,1.0533333333333337,Pos4h_PosCTL
PKCI,1.0533333333333337,Pos4h_PosCTL
PKCI,1.6408333333333334,Pos5m_PosCTL
PKCI,1.6408333333333334,Pos5m_PosCTL
PKD,-0.23333333333333336,Neg15m_NegCTL
PKD,-0.23333333333333336,Neg15m_NegCTL
PKD,-0.23333333333333336,Neg15m_NegCTL
PKD,0.85,Neg1h_NegCTL
PKD,0.85,Neg1h_NegCTL
PKD,0.85,Neg1h_NegCTL
PKD,-0.31750000000000006,Neg24h_NegCTL
PKD,-0.31750000000000006,Neg24h_NegCTL
PKD,-0.31750000000000006,Neg24h_NegCTL
PKD,0.30500000000000005,Neg30m_NegCTL
PKD,0.30500000000000005,Neg30m_NegCTL
PKD,0.30500000000000005,Neg30m_NegCTL
PKD,0.3433333333333334,Neg4h_NegCTL
PKD,0.3433333333333334,Neg4h_NegCTL
PKD,0.3433333333333334,Neg4h_NegCTL
PKD,-1.1025,Neg5m_NegCTL
PKD,-1.1025,Neg5m_NegCTL
PKD,-1.1025,Neg5m_NegCTL
PKD,0.8183333333333334,Pos15m_PosCTL
PKD,0.8183333333333334,Pos15m_PosCTL
PKD,0.8183333333333334,Pos15m_PosCTL
PKD,0.5591666666666667,Pos1h_PosCTL
PKD,0.5591666666666667,Pos1h_PosCTL
PKD,0.5591666666666667,Pos1h_PosCTL
PKD,-0.3908333333333333,Pos24h_PosCTL
PKD,-0.3908333333333333,Pos24h_PosCTL
PKD,-0.3908333333333333,Pos24h_PosCTL
PKD,0.9641666666666666,Pos30m_PosCTL
PKD,0.9641666666666666,Pos30m_PosCTL
PKD,0.9641666666666666,Pos30m_PosCTL
PKD,0.8883333333333333,Pos4h_PosCTL
PKD,0.8883333333333333,Pos4h_PosCTL
PKD,0.8883333333333333,Pos4h_PosCTL
PKD,1.2858333333333332,Pos5m_PosCTL
PKD,1.2858333333333332,Pos5m_PosCTL
PKD,1.2858333333333332,Pos5m_PosCTL
PKG,2.444166666666667,Neg15m_NegCTL
PKG,2.444166666666667,Neg15m_NegCTL
PKG,3.2458333333333336,Neg1h_NegCTL
PKG,3.2458333333333336,Neg1h_NegCTL
PKG,0.665,Neg24h_NegCTL
PKG,0.665,Neg24h_NegCTL
PKG,2.9516666666666667,Neg30m_NegCTL
PKG,2.9516666666666667,Neg30m_NegCTL
PKG,2.09,Neg4h_NegCTL
PKG,2.09,Neg4h_NegCTL
PKG,0.6633333333333333,Neg5m_NegCTL
PKG,0.6633333333333333,Neg5m_NegCTL
PKG,2.9325,Pos15m_PosCTL
PKG,2.9325,Pos15m_PosCTL
PKG,3.2,Pos1h_PosCTL
PKG,3.2,Pos1h_PosCTL
PKG,0.07750000000000005,Pos24h_PosCTL
PKG,0.07750000000000005,Pos24h_PosCTL
PKG,2.87,Pos30m_PosCTL
PKG,2.87,Pos30m_PosCTL
PKG,3.1791666666666667,Pos4h_PosCTL
PKG,3.1791666666666667,Pos4h_PosCTL
PKG,3.6458333333333335,Pos5m_PosCTL
PKG,3.6458333333333335,Pos5m_PosCTL
PKN,-1.1341666666666668,Neg15m_NegCTL
PKN,-1.1341666666666668,Neg15m_NegCTL
PKN,-1.1341666666666668,Neg15m_NegCTL
PKN,-0.8133333333333334,Neg1h_NegCTL
PKN,-0.8133333333333334,Neg1h_NegCTL
PKN,-0.8133333333333334,Neg1h_NegCTL
PKN,-0.31916666666666665,Neg24h_NegCTL
PKN,-0.31916666666666665,Neg24h_NegCTL
PKN,-0.31916666666666665,Neg24h_NegCTL
PKN,-1.0741666666666667,Neg30m_NegCTL
PKN,-1.0741666666666667,Neg30m_NegCTL
PKN,-1.0741666666666667,Neg30m_NegCTL
PKN,-0.26333333333333336,Neg4h_NegCTL
PKN,-0.26333333333333336,Neg4h_NegCTL
PKN,-0.26333333333333336,Neg4h_NegCTL
PKN,-0.9216666666666666,Neg5m_NegCTL
PKN,-0.9216666666666666,Neg5m_NegCTL
PKN,-0.9216666666666666,Neg5m_NegCTL
PKN,-0.5308333333333334,Pos15m_PosCTL
PKN,-0.5308333333333334,Pos15m_PosCTL
PKN,-0.5308333333333334,Pos15m_PosCTL
PKN,-0.8225,Pos1h_PosCTL
PKN,-0.8225,Pos1h_PosCTL
PKN,-0.8225,Pos1h_PosCTL
PKN,-0.5641666666666667,Pos24h_PosCTL
PKN,-0.5641666666666667,Pos24h_PosCTL
PKN,-0.5641666666666667,Pos24h_PosCTL
PKN,-0.5433333333333333,Pos30m_PosCTL
PKN,-0.5433333333333333,Pos30m_PosCTL
PKN,-0.5433333333333333,Pos30m_PosCTL
PKN,-0.7191666666666666,Pos4h_PosCTL
PKN,-0.7191666666666666,Pos4h_PosCTL
PKN,-0.7191666666666666,Pos4h_PosCTL
PKN,-0.4933333333333333,Pos5m_PosCTL
PKN,-0.4933333333333333,Pos5m_PosCTL
PKN,-0.4933333333333333,Pos5m_PosCTL
PLK,-3.515,Neg15m_NegCTL
PLK,-3.515,Neg15m_NegCTL
PLK,-3.515,Neg15m_NegCTL
PLK,-3.515,Neg15m_NegCTL
PLK,-3.515,Neg15m_NegCTL
PLK,-2.6575,Neg1h_NegCTL
PLK,-2.6575,Neg1h_NegCTL
PLK,-2.6575,Neg1h_NegCTL
PLK,-2.6575,Neg1h_NegCTL
PLK,-2.6575,Neg1h_NegCTL
PLK,-3.0900000000000003,Neg24h_NegCTL
PLK,-3.0900000000000003,Neg24h_NegCTL
PLK,-3.0900000000000003,Neg24h_NegCTL
PLK,-3.0900000000000003,Neg24h_NegCTL
PLK,-3.0900000000000003,Neg24h_NegCTL
PLK,-2.943333333333334,Neg30m_NegCTL
PLK,-2.943333333333334,Neg30m_NegCTL
PLK,-2.943333333333334,Neg30m_NegCTL
PLK,-2.943333333333334,Neg30m_NegCTL
PLK,-2.943333333333334,Neg30m_NegCTL
PLK,-2.5675,Neg4h_NegCTL
PLK,-2.5675,Neg4h_NegCTL
PLK,-2.5675,Neg4h_NegCTL
PLK,-2.5675,Neg4h_NegCTL
PLK,-2.5675,Neg4h_NegCTL
PLK,-2.9066666666666667,Neg5m_NegCTL
PLK,-2.9066666666666667,Neg5m_NegCTL
PLK,-2.9066666666666667,Neg5m_NegCTL
PLK,-2.9066666666666667,Neg5m_NegCTL
PLK,-2.9066666666666667,Neg5m_NegCTL
PLK,-3.158333333333333,Pos15m_PosCTL
PLK,-3.158333333333333,Pos15m_PosCTL
PLK,-3.158333333333333,Pos15m_PosCTL
PLK,-3.158333333333333,Pos15m_PosCTL
PLK,-3.158333333333333,Pos15m_PosCTL
PLK,-2.650833333333334,Pos1h_PosCTL
PLK,-2.650833333333334,Pos1h_PosCTL
PLK,-2.650833333333334,Pos1h_PosCTL
PLK,-2.650833333333334,Pos1h_PosCTL
PLK,-2.650833333333334,Pos1h_PosCTL
PLK,-0.9308333333333332,Pos24h_PosCTL
PLK,-0.9308333333333332,Pos24h_PosCTL
PLK,-0.9308333333333332,Pos24h_PosCTL
PLK,-0.9308333333333332,Pos24h_PosCTL
PLK,-0.9308333333333332,Pos24h_PosCTL
PLK,-3.288333333333333,Pos30m_PosCTL
PLK,-3.288333333333333,Pos30m_PosCTL
PLK,-3.288333333333333,Pos30m_PosCTL
PLK,-3.288333333333333,Pos30m_PosCTL
PLK,-3.288333333333333,Pos30m_PosCTL
PLK,-2.5033333333333334,Pos4h_PosCTL
PLK,-2.5033333333333334,Pos4h_PosCTL
PLK,-2.5033333333333334,Pos4h_PosCTL
PLK,-2.5033333333333334,Pos4h_PosCTL
PLK,-2.5033333333333334,Pos4h_PosCTL
PLK,-2.904166666666667,Pos5m_PosCTL
PLK,-2.904166666666667,Pos5m_PosCTL
PLK,-2.904166666666667,Pos5m_PosCTL
PLK,-2.904166666666667,Pos5m_PosCTL
PLK,-2.904166666666667,Pos5m_PosCTL
PRKDC,-1.355,Neg15m_NegCTL
PRKDC,-0.8483333333333333,Neg1h_NegCTL
PRKDC,-1.0266666666666666,Neg24h_NegCTL
PRKDC,-1.0841666666666667,Neg30m_NegCTL
PRKDC,-1.1266666666666667,Neg4h_NegCTL
PRKDC,-1.2891666666666666,Neg5m_NegCTL
PRKDC,-1.6583333333333332,Pos15m_PosCTL
PRKDC,-0.8166666666666667,Pos1h_PosCTL
PRKDC,-0.63,Pos24h_PosCTL
PRKDC,-1.485,Pos30m_PosCTL
PRKDC,-1.2916666666666667,Pos4h_PosCTL
PRKDC,-1.6475,Pos5m_PosCTL
QIK,-2.25,Neg15m_NegCTL
QIK,-2.25,Neg15m_NegCTL
QIK,-1.5333333333333334,Neg1h_NegCTL
QIK,-1.5333333333333334,Neg1h_NegCTL
QIK,-1.5158333333333334,Neg24h_NegCTL
QIK,-1.5158333333333334,Neg24h_NegCTL
QIK,-2.275,Neg30m_NegCTL
QIK,-2.275,Neg30m_NegCTL
QIK,-1.7241666666666666,Neg4h_NegCTL
QIK,-1.7241666666666666,Neg4h_NegCTL
QIK,-1.8483333333333336,Neg5m_NegCTL
QIK,-1.8483333333333336,Neg5m_NegCTL
QIK,-1.5683333333333334,Pos15m_PosCTL
QIK,-1.5683333333333334,Pos15m_PosCTL
QIK,-1.2875,Pos1h_PosCTL
QIK,-1.2875,Pos1h_PosCTL
QIK,-1.765,Pos24h_PosCTL
QIK,-1.765,Pos24h_PosCTL
QIK,-1.7666666666666666,Pos30m_PosCTL
QIK,-1.7666666666666666,Pos30m_PosCTL
QIK,-1.6875,Pos4h_PosCTL
QIK,-1.6875,Pos4h_PosCTL
QIK,-1.1183333333333334,Pos5m_PosCTL
QIK,-1.1183333333333334,Pos5m_PosCTL
RAD53,0.7066666666666667,Neg15m_NegCTL
RAD53,0.6833333333333333,Neg1h_NegCTL
RAD53,0.33166666666666667,Neg24h_NegCTL
RAD53,0.7608333333333334,Neg30m_NegCTL
RAD53,0.24833333333333332,Neg4h_NegCTL
RAD53,-0.13416666666666663,Neg5m_NegCTL
RAD53,1.1583333333333332,Pos15m_PosCTL
RAD53,1.215,Pos1h_PosCTL
RAD53,0.06666666666666665,Pos24h_PosCTL
RAD53,1.0466666666666666,Pos30m_PosCTL
RAD53,1.1975,Pos4h_PosCTL
RAD53,1.7575,Pos5m_PosCTL
RAF,-1.6516666666666666,Neg15m_NegCTL
RAF,-1.6516666666666666,Neg15m_NegCTL
RAF,-1.6516666666666666,Neg15m_NegCTL
RAF,-1.6516666666666666,Neg15m_NegCTL
RAF,-1.6516666666666666,Neg15m_NegCTL
RAF,-2.2733333333333334,Neg1h_NegCTL
RAF,-2.2733333333333334,Neg1h_NegCTL
RAF,-2.2733333333333334,Neg1h_NegCTL
RAF,-2.2733333333333334,Neg1h_NegCTL
RAF,-2.2733333333333334,Neg1h_NegCTL
RAF,-1.0216666666666667,Neg24h_NegCTL
RAF,-1.0216666666666667,Neg24h_NegCTL
RAF,-1.0216666666666667,Neg24h_NegCTL
RAF,-1.0216666666666667,Neg24h_NegCTL
RAF,-1.0216666666666667,Neg24h_NegCTL
RAF,-2.3133333333333335,Neg30m_NegCTL
RAF,-2.3133333333333335,Neg30m_NegCTL
RAF,-2.3133333333333335,Neg30m_NegCTL
RAF,-2.3133333333333335,Neg30m_NegCTL
RAF,-2.3133333333333335,Neg30m_NegCTL
RAF,-1.1941666666666666,Neg4h_NegCTL
RAF,-1.1941666666666666,Neg4h_NegCTL
RAF,-1.1941666666666666,Neg4h_NegCTL
RAF,-1.1941666666666666,Neg4h_NegCTL
RAF,-1.1941666666666666,Neg4h_NegCTL
RAF,-1.2366666666666666,Neg5m_NegCTL
RAF,-1.2366666666666666,Neg5m_NegCTL
RAF,-1.2366666666666666,Neg5m_NegCTL
RAF,-1.2366666666666666,Neg5m_NegCTL
RAF,-1.2366666666666666,Neg5m_NegCTL
RAF,-1.9108333333333336,Pos15m_PosCTL
RAF,-1.9108333333333336,Pos15m_PosCTL
RAF,-1.9108333333333336,Pos15m_PosCTL
RAF,-1.9108333333333336,Pos15m_PosCTL
RAF,-1.9108333333333336,Pos15m_PosCTL
RAF,-2.1,Pos1h_PosCTL
RAF,-2.1,Pos1h_PosCTL
RAF,-2.1,Pos1h_PosCTL
RAF,-2.1,Pos1h_PosCTL
RAF,-2.1,Pos1h_PosCTL
RAF,-1.0108333333333333,Pos24h_PosCTL
RAF,-1.0108333333333333,Pos24h_PosCTL
RAF,-1.0108333333333333,Pos24h_PosCTL
RAF,-1.0108333333333333,Pos24h_PosCTL
RAF,-1.0108333333333333,Pos24h_PosCTL
RAF,-1.9416666666666669,Pos30m_PosCTL
RAF,-1.9416666666666669,Pos30m_PosCTL
RAF,-1.9416666666666669,Pos30m_PosCTL
RAF,-1.9416666666666669,Pos30m_PosCTL
RAF,-1.9416666666666669,Pos30m_PosCTL
RAF,-1.8766666666666667,Pos4h_PosCTL
RAF,-1.8766666666666667,Pos4h_PosCTL
RAF,-1.8766666666666667,Pos4h_PosCTL
RAF,-1.8766666666666667,Pos4h_PosCTL
RAF,-1.8766666666666667,Pos4h_PosCTL
RAF,-1.7716666666666665,Pos5m_PosCTL
RAF,-1.7716666666666665,Pos5m_PosCTL
RAF,-1.7716666666666665,Pos5m_PosCTL
RAF,-1.7716666666666665,Pos5m_PosCTL
RAF,-1.7716666666666665,Pos5m_PosCTL
RIPK,1.21,Neg15m_NegCTL
RIPK,1.21,Neg15m_NegCTL
RIPK,1.21,Neg15m_NegCTL
RIPK,1.21,Neg15m_NegCTL
RIPK,1.21,Neg15m_NegCTL
RIPK,1.596666666666667,Neg1h_NegCTL
RIPK,1.596666666666667,Neg1h_NegCTL
RIPK,1.596666666666667,Neg1h_NegCTL
RIPK,1.596666666666667,Neg1h_NegCTL
RIPK,1.596666666666667,Neg1h_NegCTL
RIPK,0.24416666666666667,Neg24h_NegCTL
RIPK,0.24416666666666667,Neg24h_NegCTL
RIPK,0.24416666666666667,Neg24h_NegCTL
RIPK,0.24416666666666667,Neg24h_NegCTL
RIPK,0.24416666666666667,Neg24h_NegCTL
RIPK,1.2691666666666666,Neg30m_NegCTL
RIPK,1.2691666666666666,Neg30m_NegCTL
RIPK,1.2691666666666666,Neg30m_NegCTL
RIPK,1.2691666666666666,Neg30m_NegCTL
RIPK,1.2691666666666666,Neg30m_NegCTL
RIPK,0.7783333333333333,Neg4h_NegCTL
RIPK,0.7783333333333333,Neg4h_NegCTL
RIPK,0.7783333333333333,Neg4h_NegCTL
RIPK,0.7783333333333333,Neg4h_NegCTL
RIPK,0.7783333333333333,Neg4h_NegCTL
RIPK,0.05999999999999998,Neg5m_NegCTL
RIPK,0.05999999999999998,Neg5m_NegCTL
RIPK,0.05999999999999998,Neg5m_NegCTL
RIPK,0.05999999999999998,Neg5m_NegCTL
RIPK,0.05999999999999998,Neg5m_NegCTL
RIPK,0.03416666666666664,Pos15m_PosCTL
RIPK,0.03416666666666664,Pos15m_PosCTL
RIPK,0.03416666666666664,Pos15m_PosCTL
RIPK,0.03416666666666664,Pos15m_PosCTL
RIPK,0.03416666666666664,Pos15m_PosCTL
RIPK,0.83,Pos1h_PosCTL
RIPK,0.83,Pos1h_PosCTL
RIPK,0.83,Pos1h_PosCTL
RIPK,0.83,Pos1h_PosCTL
RIPK,0.83,Pos1h_PosCTL
RIPK,-0.29500000000000004,Pos24h_PosCTL
RIPK,-0.29500000000000004,Pos24h_PosCTL
RIPK,-0.29500000000000004,Pos24h_PosCTL
RIPK,-0.29500000000000004,Pos24h_PosCTL
RIPK,-0.29500000000000004,Pos24h_PosCTL
RIPK,0.1508333333333333,Pos30m_PosCTL
RIPK,0.1508333333333333,Pos30m_PosCTL
RIPK,0.1508333333333333,Pos30m_PosCTL
RIPK,0.1508333333333333,Pos30m_PosCTL
RIPK,0.1508333333333333,Pos30m_PosCTL
RIPK,1.169166666666667,Pos4h_PosCTL
RIPK,1.169166666666667,Pos4h_PosCTL
RIPK,1.169166666666667,Pos4h_PosCTL
RIPK,1.169166666666667,Pos4h_PosCTL
RIPK,1.169166666666667,Pos4h_PosCTL
RIPK,0.3616666666666666,Pos5m_PosCTL
RIPK,0.3616666666666666,Pos5m_PosCTL
RIPK,0.3616666666666666,Pos5m_PosCTL
RIPK,0.3616666666666666,Pos5m_PosCTL
RIPK,0.3616666666666666,Pos5m_PosCTL
RSK,0.37583333333333335,Neg15m_NegCTL
RSK,0.37583333333333335,Neg15m_NegCTL
RSK,0.37583333333333335,Neg15m_NegCTL
RSK,0.37583333333333335,Neg15m_NegCTL
RSK,0.37583333333333335,Neg15m_NegCTL
RSK,0.37583333333333335,Neg15m_NegCTL
RSK,0.37583333333333335,Neg15m_NegCTL
RSK,0.37583333333333335,Neg15m_NegCTL
RSK,1.2241666666666666,Neg1h_NegCTL
RSK,1.2241666666666666,Neg1h_NegCTL
RSK,1.2241666666666666,Neg1h_NegCTL
RSK,1.2241666666666666,Neg1h_NegCTL
RSK,1.2241666666666666,Neg1h_NegCTL
RSK,1.2241666666666666,Neg1h_NegCTL
RSK,1.2241666666666666,Neg1h_NegCTL
RSK,1.2241666666666666,Neg1h_NegCTL
RSK,-0.4016666666666666,Neg24h_NegCTL
RSK,-0.4016666666666666,Neg24h_NegCTL
RSK,-0.4016666666666666,Neg24h_NegCTL
RSK,-0.4016666666666666,Neg24h_NegCTL
RSK,-0.4016666666666666,Neg24h_NegCTL
RSK,-0.4016666666666666,Neg24h_NegCTL
RSK,-0.4016666666666666,Neg24h_NegCTL
RSK,-0.4016666666666666,Neg24h_NegCTL
RSK,0.635,Neg30m_NegCTL
RSK,0.635,Neg30m_NegCTL
RSK,0.635,Neg30m_NegCTL
RSK,0.635,Neg30m_NegCTL
RSK,0.635,Neg30m_NegCTL
RSK,0.635,Neg30m_NegCTL
RSK,0.635,Neg30m_NegCTL
RSK,0.635,Neg30m_NegCTL
RSK,0.545,Neg4h_NegCTL
RSK,0.545,Neg4h_NegCTL
RSK,0.545,Neg4h_NegCTL
RSK,0.545,Neg4h_NegCTL
RSK,0.545,Neg4h_NegCTL
RSK,0.545,Neg4h_NegCTL
RSK,0.545,Neg4h_NegCTL
RSK,0.545,Neg4h_NegCTL
RSK,-0.8099999999999999,Neg5m_NegCTL
RSK,-0.8099999999999999,Neg5m_NegCTL
RSK,-0.8099999999999999,Neg5m_NegCTL
RSK,-0.8099999999999999,Neg5m_NegCTL
RSK,-0.8099999999999999,Neg5m_NegCTL
RSK,-0.8099999999999999,Neg5m_NegCTL
RSK,-0.8099999999999999,Neg5m_NegCTL
RSK,-0.8099999999999999,Neg5m_NegCTL
RSK,1.31,Pos15m_PosCTL
RSK,1.31,Pos15m_PosCTL
RSK,1.31,Pos15m_PosCTL
RSK,1.31,Pos15m_PosCTL
RSK,1.31,Pos15m_PosCTL
RSK,1.31,Pos15m_PosCTL
RSK,1.31,Pos15m_PosCTL
RSK,1.31,Pos15m_PosCTL
RSK,1.0816666666666668,Pos1h_PosCTL
RSK,1.0816666666666668,Pos1h_PosCTL
RSK,1.0816666666666668,Pos1h_PosCTL
RSK,1.0816666666666668,Pos1h_PosCTL
RSK,1.0816666666666668,Pos1h_PosCTL
RSK,1.0816666666666668,Pos1h_PosCTL
RSK,1.0816666666666668,Pos1h_PosCTL
RSK,1.0816666666666668,Pos1h_PosCTL
RSK,-0.4825,Pos24h_PosCTL
RSK,-0.4825,Pos24h_PosCTL
RSK,-0.4825,Pos24h_PosCTL
RSK,-0.4825,Pos24h_PosCTL
RSK,-0.4825,Pos24h_PosCTL
RSK,-0.4825,Pos24h_PosCTL
RSK,-0.4825,Pos24h_PosCTL
RSK,-0.4825,Pos24h_PosCTL
RSK,0.7483333333333333,Pos30m_PosCTL
RSK,0.7483333333333333,Pos30m_PosCTL
RSK,0.7483333333333333,Pos30m_PosCTL
RSK,0.7483333333333333,Pos30m_PosCTL
RSK,0.7483333333333333,Pos30m_PosCTL
RSK,0.7483333333333333,Pos30m_PosCTL
RSK,0.7483333333333333,Pos30m_PosCTL
RSK,0.7483333333333333,Pos30m_PosCTL
RSK,0.905,Pos4h_PosCTL
RSK,0.905,Pos4h_PosCTL
RSK,0.905,Pos4h_PosCTL
RSK,0.905,Pos4h_PosCTL
RSK,0.905,Pos4h_PosCTL
RSK,0.905,Pos4h_PosCTL
RSK,0.905,Pos4h_PosCTL
RSK,0.905,Pos4h_PosCTL
RSK,2.1483333333333334,Pos5m_PosCTL
RSK,2.1483333333333334,Pos5m_PosCTL
RSK,2.1483333333333334,Pos5m_PosCTL
RSK,2.1483333333333334,Pos5m_PosCTL
RSK,2.1483333333333334,Pos5m_PosCTL
RSK,2.1483333333333334,Pos5m_PosCTL
RSK,2.1483333333333334,Pos5m_PosCTL
RSK,2.1483333333333334,Pos5m_PosCTL
SGK,0.1975,Neg15m_NegCTL
SGK,0.1975,Neg15m_NegCTL
SGK,0.1975,Neg15m_NegCTL
SGK,-0.2016666666666667,Neg1h_NegCTL
SGK,-0.2016666666666667,Neg1h_NegCTL
SGK,-0.2016666666666667,Neg1h_NegCTL
SGK,0.8883333333333333,Neg24h_NegCTL
SGK,0.8883333333333333,Neg24h_NegCTL
SGK,0.8883333333333333,Neg24h_NegCTL
SGK,-0.7541666666666667,Neg30m_NegCTL
SGK,-0.7541666666666667,Neg30m_NegCTL
SGK,-0.7541666666666667,Neg30m_NegCTL
SGK,0.5491666666666667,Neg4h_NegCTL
SGK,0.5491666666666667,Neg4h_NegCTL
SGK,0.5491666666666667,Neg4h_NegCTL
SGK,0.5308333333333334,Neg5m_NegCTL
SGK,0.5308333333333334,Neg5m_NegCTL
SGK,0.5308333333333334,Neg5m_NegCTL
SGK,0.8658333333333333,Pos15m_PosCTL
SGK,0.8658333333333333,Pos15m_PosCTL
SGK,0.8658333333333333,Pos15m_PosCTL
SGK,-0.42916666666666664,Pos1h_PosCTL
SGK,-0.42916666666666664,Pos1h_PosCTL
SGK,-0.42916666666666664,Pos1h_PosCTL
SGK,-0.23916666666666664,Pos24h_PosCTL
SGK,-0.23916666666666664,Pos24h_PosCTL
SGK,-0.23916666666666664,Pos24h_PosCTL
SGK,0.4725,Pos30m_PosCTL
SGK,0.4725,Pos30m_PosCTL
SGK,0.4725,Pos30m_PosCTL
SGK,0.08583333333333334,Pos4h_PosCTL
SGK,0.08583333333333334,Pos4h_PosCTL
SGK,0.08583333333333334,Pos4h_PosCTL
SGK,1.1475,Pos5m_PosCTL
SGK,1.1475,Pos5m_PosCTL
SGK,1.1475,Pos5m_PosCTL
SLK,-0.5408333333333333,Neg15m_NegCTL
SLK,-0.5408333333333333,Neg15m_NegCTL
SLK,0.6541666666666667,Neg1h_NegCTL
SLK,0.6541666666666667,Neg1h_NegCTL
SLK,0.35583333333333333,Neg24h_NegCTL
SLK,0.35583333333333333,Neg24h_NegCTL
SLK,0.21083333333333332,Neg30m_NegCTL
SLK,0.21083333333333332,Neg30m_NegCTL
SLK,0.10416666666666669,Neg4h_NegCTL
SLK,0.10416666666666669,Neg4h_NegCTL
SLK,0.13416666666666668,Neg5m_NegCTL
SLK,0.13416666666666668,Neg5m_NegCTL
SLK,0.2241666666666667,Pos15m_PosCTL
SLK,0.2241666666666667,Pos15m_PosCTL
SLK,0.47,Pos1h_PosCTL
SLK,0.47,Pos1h_PosCTL
SLK,0.2733333333333333,Pos24h_PosCTL
SLK,0.2733333333333333,Pos24h_PosCTL
SLK,0.5891666666666667,Pos30m_PosCTL
SLK,0.5891666666666667,Pos30m_PosCTL
SLK,-0.16666666666666663,Pos4h_PosCTL
SLK,-0.16666666666666663,Pos4h_PosCTL
SLK,0.14666666666666667,Pos5m_PosCTL
SLK,0.14666666666666667,Pos5m_PosCTL
STE11,-1.0416666666666667,Neg15m_NegCTL
STE11,-1.0416666666666667,Neg15m_NegCTL
STE11,-1.0416666666666667,Neg15m_NegCTL
STE11,-1.0416666666666667,Neg15m_NegCTL
STE11,-1.0416666666666667,Neg15m_NegCTL
STE11,-1.0416666666666667,Neg15m_NegCTL
STE11,-1.0416666666666667,Neg15m_NegCTL
STE11,-1.0416666666666667,Neg15m_NegCTL
STE11,-1.1091666666666666,Neg1h_NegCTL
STE11,-1.1091666666666666,Neg1h_NegCTL
STE11,-1.1091666666666666,Neg1h_NegCTL
STE11,-1.1091666666666666,Neg1h_NegCTL
STE11,-1.1091666666666666,Neg1h_NegCTL
STE11,-1.1091666666666666,Neg1h_NegCTL
STE11,-1.1091666666666666,Neg1h_NegCTL
STE11,-1.1091666666666666,Neg1h_NegCTL
STE11,-0.9616666666666668,Neg24h_NegCTL
STE11,-0.9616666666666668,Neg24h_NegCTL
STE11,-0.9616666666666668,Neg24h_NegCTL
STE11,-0.9616666666666668,Neg24h_NegCTL
STE11,-0.9616666666666668,Neg24h_NegCTL
STE11,-0.9616666666666668,Neg24h_NegCTL
STE11,-0.9616666666666668,Neg24h_NegCTL
STE11,-0.9616666666666668,Neg24h_NegCTL
STE11,-0.6575,Neg30m_NegCTL
STE11,-0.6575,Neg30m_NegCTL
STE11,-0.6575,Neg30m_NegCTL
STE11,-0.6575,Neg30m_NegCTL
STE11,-0.6575,Neg30m_NegCTL
STE11,-0.6575,Neg30m_NegCTL
STE11,-0.6575,Neg30m_NegCTL
STE11,-0.6575,Neg30m_NegCTL
STE11,-0.73,Neg4h_NegCTL
STE11,-0.73,Neg4h_NegCTL
STE11,-0.73,Neg4h_NegCTL
STE11,-0.73,Neg4h_NegCTL
STE11,-0.73,Neg4h_NegCTL
STE11,-0.73,Neg4h_NegCTL
STE11,-0.73,Neg4h_NegCTL
STE11,-0.73,Neg4h_NegCTL
STE11,-0.5483333333333332,Neg5m_NegCTL
STE11,-0.5483333333333332,Neg5m_NegCTL
STE11,-0.5483333333333332,Neg5m_NegCTL
STE11,-0.5483333333333332,Neg5m_NegCTL
STE11,-0.5483333333333332,Neg5m_NegCTL
STE11,-0.5483333333333332,Neg5m_NegCTL
STE11,-0.5483333333333332,Neg5m_NegCTL
STE11,-0.5483333333333332,Neg5m_NegCTL
STE11,-0.9316666666666666,Pos15m_PosCTL
STE11,-0.9316666666666666,Pos15m_PosCTL
STE11,-0.9316666666666666,Pos15m_PosCTL
STE11,-0.9316666666666666,Pos15m_PosCTL
STE11,-0.9316666666666666,Pos15m_PosCTL
STE11,-0.9316666666666666,Pos15m_PosCTL
STE11,-0.9316666666666666,Pos15m_PosCTL
STE11,-0.9316666666666666,Pos15m_PosCTL
STE11,-0.7966666666666666,Pos1h_PosCTL
STE11,-0.7966666666666666,Pos1h_PosCTL
STE11,-0.7966666666666666,Pos1h_PosCTL
STE11,-0.7966666666666666,Pos1h_PosCTL
STE11,-0.7966666666666666,Pos1h_PosCTL
STE11,-0.7966666666666666,Pos1h_PosCTL
STE11,-0.7966666666666666,Pos1h_PosCTL
STE11,-0.7966666666666666,Pos1h_PosCTL
STE11,-0.42166666666666675,Pos24h_PosCTL
STE11,-0.42166666666666675,Pos24h_PosCTL
STE11,-0.42166666666666675,Pos24h_PosCTL
STE11,-0.42166666666666675,Pos24h_PosCTL
STE11,-0.42166666666666675,Pos24h_PosCTL
STE11,-0.42166666666666675,Pos24h_PosCTL
STE11,-0.42166666666666675,Pos24h_PosCTL
STE11,-0.42166666666666675,Pos24h_PosCTL
STE11,-1.2875,Pos30m_PosCTL
STE11,-1.2875,Pos30m_PosCTL
STE11,-1.2875,Pos30m_PosCTL
STE11,-1.2875,Pos30m_PosCTL
STE11,-1.2875,Pos30m_PosCTL
STE11,-1.2875,Pos30m_PosCTL
STE11,-1.2875,Pos30m_PosCTL
STE11,-1.2875,Pos30m_PosCTL
STE11,-0.7233333333333333,Pos4h_PosCTL
STE11,-0.7233333333333333,Pos4h_PosCTL
STE11,-0.7233333333333333,Pos4h_PosCTL
STE11,-0.7233333333333333,Pos4h_PosCTL
STE11,-0.7233333333333333,Pos4h_PosCTL
STE11,-0.7233333333333333,Pos4h_PosCTL
STE11,-0.7233333333333333,Pos4h_PosCTL
STE11,-0.7233333333333333,Pos4h_PosCTL
STE11,-0.7633333333333333,Pos5m_PosCTL
STE11,-0.7633333333333333,Pos5m_PosCTL
STE11,-0.7633333333333333,Pos5m_PosCTL
STE11,-0.7633333333333333,Pos5m_PosCTL
STE11,-0.7633333333333333,Pos5m_PosCTL
STE11,-0.7633333333333333,Pos5m_PosCTL
STE11,-0.7633333333333333,Pos5m_PosCTL
STE11,-0.7633333333333333,Pos5m_PosCTL
STE7,-2.461666666666667,Neg15m_NegCTL
STE7,-2.461666666666667,Neg15m_NegCTL
STE7,-2.461666666666667,Neg15m_NegCTL
STE7,-2.461666666666667,Neg15m_NegCTL
STE7,-2.461666666666667,Neg15m_NegCTL
STE7,-2.461666666666667,Neg15m_NegCTL
STE7,-2.461666666666667,Neg15m_NegCTL
STE7,-2.001666666666667,Neg1h_NegCTL
STE7,-2.001666666666667,Neg1h_NegCTL
STE7,-2.001666666666667,Neg1h_NegCTL
STE7,-2.001666666666667,Neg1h_NegCTL
STE7,-2.001666666666667,Neg1h_NegCTL
STE7,-2.001666666666667,Neg1h_NegCTL
STE7,-2.001666666666667,Neg1h_NegCTL
STE7,-2.408333333333333,Neg24h_NegCTL
STE7,-2.408333333333333,Neg24h_NegCTL
STE7,-2.408333333333333,Neg24h_NegCTL
STE7,-2.408333333333333,Neg24h_NegCTL
STE7,-2.408333333333333,Neg24h_NegCTL
STE7,-2.408333333333333,Neg24h_NegCTL
STE7,-2.408333333333333,Neg24h_NegCTL
STE7,-1.6208333333333331,Neg30m_NegCTL
STE7,-1.6208333333333331,Neg30m_NegCTL
STE7,-1.6208333333333331,Neg30m_NegCTL
STE7,-1.6208333333333331,Neg30m_NegCTL
STE7,-1.6208333333333331,Neg30m_NegCTL
STE7,-1.6208333333333331,Neg30m_NegCTL
STE7,-1.6208333333333331,Neg30m_NegCTL
STE7,-2.1391666666666667,Neg4h_NegCTL
STE7,-2.1391666666666667,Neg4h_NegCTL
STE7,-2.1391666666666667,Neg4h_NegCTL
STE7,-2.1391666666666667,Neg4h_NegCTL
STE7,-2.1391666666666667,Neg4h_NegCTL
STE7,-2.1391666666666667,Neg4h_NegCTL
STE7,-2.1391666666666667,Neg4h_NegCTL
STE7,-2.35,Neg5m_NegCTL
STE7,-2.35,Neg5m_NegCTL
STE7,-2.35,Neg5m_NegCTL
STE7,-2.35,Neg5m_NegCTL
STE7,-2.35,Neg5m_NegCTL
STE7,-2.35,Neg5m_NegCTL
STE7,-2.35,Neg5m_NegCTL
STE7,-2.35,Pos15m_PosCTL
STE7,-2.35,Pos15m_PosCTL
STE7,-2.35,Pos15m_PosCTL
STE7,-2.35,Pos15m_PosCTL
STE7,-2.35,Pos15m_PosCTL
STE7,-2.35,Pos15m_PosCTL
STE7,-2.35,Pos15m_PosCTL
STE7,-1.4516666666666669,Pos1h_PosCTL
STE7,-1.4516666666666669,Pos1h_PosCTL
STE7,-1.4516666666666669,Pos1h_PosCTL
STE7,-1.4516666666666669,Pos1h_PosCTL
STE7,-1.4516666666666669,Pos1h_PosCTL
STE7,-1.4516666666666669,Pos1h_PosCTL
STE7,-1.4516666666666669,Pos1h_PosCTL
STE7,-0.645,Pos24h_PosCTL
STE7,-0.645,Pos24h_PosCTL
STE7,-0.645,Pos24h_PosCTL
STE7,-0.645,Pos24h_PosCTL
STE7,-0.645,Pos24h_PosCTL
STE7,-0.645,Pos24h_PosCTL
STE7,-0.645,Pos24h_PosCTL
STE7,-2.4058333333333333,Pos30m_PosCTL
STE7,-2.4058333333333333,Pos30m_PosCTL
STE7,-2.4058333333333333,Pos30m_PosCTL
STE7,-2.4058333333333333,Pos30m_PosCTL
STE7,-2.4058333333333333,Pos30m_PosCTL
STE7,-2.4058333333333333,Pos30m_PosCTL
STE7,-2.4058333333333333,Pos30m_PosCTL
STE7,-1.590833333333333,Pos4h_PosCTL
STE7,-1.590833333333333,Pos4h_PosCTL
STE7,-1.590833333333333,Pos4h_PosCTL
STE7,-1.590833333333333,Pos4h_PosCTL
STE7,-1.590833333333333,Pos4h_PosCTL
STE7,-1.590833333333333,Pos4h_PosCTL
STE7,-1.590833333333333,Pos4h_PosCTL
STE7,-1.6616666666666666,Pos5m_PosCTL
STE7,-1.6616666666666666,Pos5m_PosCTL
STE7,-1.6616666666666666,Pos5m_PosCTL
STE7,-1.6616666666666666,Pos5m_PosCTL
STE7,-1.6616666666666666,Pos5m_PosCTL
STE7,-1.6616666666666666,Pos5m_PosCTL
STE7,-1.6616666666666666,Pos5m_PosCTL
STKR,-0.465,Neg15m_NegCTL
STKR,-0.465,Neg15m_NegCTL
STKR,-0.465,Neg15m_NegCTL
STKR,-0.465,Neg15m_NegCTL
STKR,-0.465,Neg15m_NegCTL
STKR,-0.465,Neg15m_NegCTL
STKR,-0.465,Neg15m_NegCTL
STKR,-0.465,Neg15m_NegCTL
STKR,-0.465,Neg15m_NegCTL
STKR,-0.465,Neg15m_NegCTL
STKR,-0.465,Neg15m_NegCTL
STKR,-0.465,Neg15m_NegCTL
STKR,-0.6591666666666667,Neg1h_NegCTL
STKR,-0.6591666666666667,Neg1h_NegCTL
STKR,-0.6591666666666667,Neg1h_NegCTL
STKR,-0.6591666666666667,Neg1h_NegCTL
STKR,-0.6591666666666667,Neg1h_NegCTL
STKR,-0.6591666666666667,Neg1h_NegCTL
STKR,-0.6591666666666667,Neg1h_NegCTL
STKR,-0.6591666666666667,Neg1h_NegCTL
STKR,-0.6591666666666667,Neg1h_NegCTL
STKR,-0.6591666666666667,Neg1h_NegCTL
STKR,-0.6591666666666667,Neg1h_NegCTL
STKR,-0.6591666666666667,Neg1h_NegCTL
STKR,-0.5766666666666667,Neg24h_NegCTL
STKR,-0.5766666666666667,Neg24h_NegCTL
STKR,-0.5766666666666667,Neg24h_NegCTL
STKR,-0.5766666666666667,Neg24h_NegCTL
STKR,-0.5766666666666667,Neg24h_NegCTL
STKR,-0.5766666666666667,Neg24h_NegCTL
STKR,-0.5766666666666667,Neg24h_NegCTL
STKR,-0.5766666666666667,Neg24h_NegCTL
STKR,-0.5766666666666667,Neg24h_NegCTL
STKR,-0.5766666666666667,Neg24h_NegCTL
STKR,-0.5766666666666667,Neg24h_NegCTL
STKR,-0.5766666666666667,Neg24h_NegCTL
STKR,-0.9475,Neg30m_NegCTL
STKR,-0.9475,Neg30m_NegCTL
STKR,-0.9475,Neg30m_NegCTL
STKR,-0.9475,Neg30m_NegCTL
STKR,-0.9475,Neg30m_NegCTL
STKR,-0.9475,Neg30m_NegCTL
STKR,-0.9475,Neg30m_NegCTL
STKR,-0.9475,Neg30m_NegCTL
STKR,-0.9475,Neg30m_NegCTL
STKR,-0.9475,Neg30m_NegCTL
STKR,-0.9475,Neg30m_NegCTL
STKR,-0.9475,Neg30m_NegCTL
STKR,-0.97,Neg4h_NegCTL
STKR,-0.97,Neg4h_NegCTL
STKR,-0.97,Neg4h_NegCTL
STKR,-0.97,Neg4h_NegCTL
STKR,-0.97,Neg4h_NegCTL
STKR,-0.97,Neg4h_NegCTL
STKR,-0.97,Neg4h_NegCTL
STKR,-0.97,Neg4h_NegCTL
STKR,-0.97,Neg4h_NegCTL
STKR,-0.97,Neg4h_NegCTL
STKR,-0.97,Neg4h_NegCTL
STKR,-0.97,Neg4h_NegCTL
STKR,0.27416666666666667,Neg5m_NegCTL
STKR,0.27416666666666667,Neg5m_NegCTL
STKR,0.27416666666666667,Neg5m_NegCTL
STKR,0.27416666666666667,Neg5m_NegCTL
STKR,0.27416666666666667,Neg5m_NegCTL
STKR,0.27416666666666667,Neg5m_NegCTL
STKR,0.27416666666666667,Neg5m_NegCTL
STKR,0.27416666666666667,Neg5m_NegCTL
STKR,0.27416666666666667,Neg5m_NegCTL
STKR,0.27416666666666667,Neg5m_NegCTL
STKR,0.27416666666666667,Neg5m_NegCTL
STKR,0.27416666666666667,Neg5m_NegCTL
STKR,0.435,Pos15m_PosCTL
STKR,0.435,Pos15m_PosCTL
STKR,0.435,Pos15m_PosCTL
STKR,0.435,Pos15m_PosCTL
STKR,0.435,Pos15m_PosCTL
STKR,0.435,Pos15m_PosCTL
STKR,0.435,Pos15m_PosCTL
STKR,0.435,Pos15m_PosCTL
STKR,0.435,Pos15m_PosCTL
STKR,0.435,Pos15m_PosCTL
STKR,0.435,Pos15m_PosCTL
STKR,0.435,Pos15m_PosCTL
STKR,-0.00333333333333334,Pos1h_PosCTL
STKR,-0.00333333333333334,Pos1h_PosCTL
STKR,-0.00333333333333334,Pos1h_PosCTL
STKR,-0.00333333333333334,Pos1h_PosCTL
STKR,-0.00333333333333334,Pos1h_PosCTL
STKR,-0.00333333333333334,Pos1h_PosCTL
STKR,-0.00333333333333334,Pos1h_PosCTL
STKR,-0.00333333333333334,Pos1h_PosCTL
STKR,-0.00333333333333334,Pos1h_PosCTL
STKR,-0.00333333333333334,Pos1h_PosCTL
STKR,-0.00333333333333334,Pos1h_PosCTL
STKR,-0.00333333333333334,Pos1h_PosCTL
STKR,-0.22583333333333336,Pos24h_PosCTL
STKR,-0.22583333333333336,Pos24h_PosCTL
STKR,-0.22583333333333336,Pos24h_PosCTL
STKR,-0.22583333333333336,Pos24h_PosCTL
STKR,-0.22583333333333336,Pos24h_PosCTL
STKR,-0.22583333333333336,Pos24h_PosCTL
STKR,-0.22583333333333336,Pos24h_PosCTL
STKR,-0.22583333333333336,Pos24h_PosCTL
STKR,-0.22583333333333336,Pos24h_PosCTL
STKR,-0.22583333333333336,Pos24h_PosCTL
STKR,-0.22583333333333336,Pos24h_PosCTL
STKR,-0.22583333333333336,Pos24h_PosCTL
STKR,0.1125,Pos30m_PosCTL
STKR,0.1125,Pos30m_PosCTL
STKR,0.1125,Pos30m_PosCTL
STKR,0.1125,Pos30m_PosCTL
STKR,0.1125,Pos30m_PosCTL
STKR,0.1125,Pos30m_PosCTL
STKR,0.1125,Pos30m_PosCTL
STKR,0.1125,Pos30m_PosCTL
STKR,0.1125,Pos30m_PosCTL
STKR,0.1125,Pos30m_PosCTL
STKR,0.1125,Pos30m_PosCTL
STKR,0.1125,Pos30m_PosCTL
STKR,-0.06833333333333336,Pos4h_PosCTL
STKR,-0.06833333333333336,Pos4h_PosCTL
STKR,-0.06833333333333336,Pos4h_PosCTL
STKR,-0.06833333333333336,Pos4h_PosCTL
STKR,-0.06833333333333336,Pos4h_PosCTL
STKR,-0.06833333333333336,Pos4h_PosCTL
STKR,-0.06833333333333336,Pos4h_PosCTL
STKR,-0.06833333333333336,Pos4h_PosCTL
STKR,-0.06833333333333336,Pos4h_PosCTL
STKR,-0.06833333333333336,Pos4h_PosCTL
STKR,-0.06833333333333336,Pos4h_PosCTL
STKR,-0.06833333333333336,Pos4h_PosCTL
STKR,0.43,Pos5m_PosCTL
STKR,0.43,Pos5m_PosCTL
STKR,0.43,Pos5m_PosCTL
STKR,0.43,Pos5m_PosCTL
STKR,0.43,Pos5m_PosCTL
STKR,0.43,Pos5m_PosCTL
STKR,0.43,Pos5m_PosCTL
STKR,0.43,Pos5m_PosCTL
STKR,0.43,Pos5m_PosCTL
STKR,0.43,Pos5m_PosCTL
STKR,0.43,Pos5m_PosCTL
STKR,0.43,Pos5m_PosCTL
TAO,-0.1733333333333333,Neg15m_NegCTL
TAO,-0.1733333333333333,Neg15m_NegCTL
TAO,-0.1733333333333333,Neg15m_NegCTL
TAO,-0.5683333333333334,Neg1h_NegCTL
TAO,-0.5683333333333334,Neg1h_NegCTL
TAO,-0.5683333333333334,Neg1h_NegCTL
TAO,0.73,Neg24h_NegCTL
TAO,0.73,Neg24h_NegCTL
TAO,0.73,Neg24h_NegCTL
TAO,-0.5108333333333334,Neg30m_NegCTL
TAO,-0.5108333333333334,Neg30m_NegCTL
TAO,-0.5108333333333334,Neg30m_NegCTL
TAO,0.7591666666666667,Neg4h_NegCTL
TAO,0.7591666666666667,Neg4h_NegCTL
TAO,0.7591666666666667,Neg4h_NegCTL
TAO,-0.21916666666666668,Neg5m_NegCTL
TAO,-0.21916666666666668,Neg5m_NegCTL
TAO,-0.21916666666666668,Neg5m_NegCTL
TAO,0.4183333333333333,Pos15m_PosCTL
TAO,0.4183333333333333,Pos15m_PosCTL
TAO,0.4183333333333333,Pos15m_PosCTL
TAO,-0.41833333333333333,Pos1h_PosCTL
TAO,-0.41833333333333333,Pos1h_PosCTL
TAO,-0.41833333333333333,Pos1h_PosCTL
TAO,0.7341666666666667,Pos24h_PosCTL
TAO,0.7341666666666667,Pos24h_PosCTL
TAO,0.7341666666666667,Pos24h_PosCTL
TAO,0.425,Pos30m_PosCTL
TAO,0.425,Pos30m_PosCTL
TAO,0.425,Pos30m_PosCTL
TAO,0.17583333333333337,Pos4h_PosCTL
TAO,0.17583333333333337,Pos4h_PosCTL
TAO,0.17583333333333337,Pos4h_PosCTL
TAO,1.0316666666666667,Pos5m_PosCTL
TAO,1.0316666666666667,Pos5m_PosCTL
TAO,1.0316666666666667,Pos5m_PosCTL
TLK,-1.4958333333333331,Neg15m_NegCTL
TLK,-1.4958333333333331,Neg15m_NegCTL
TLK,-1.0616666666666668,Neg1h_NegCTL
TLK,-1.0616666666666668,Neg1h_NegCTL
TLK,-1.211666666666667,Neg24h_NegCTL
TLK,-1.211666666666667,Neg24h_NegCTL
TLK,-1.205,Neg30m_NegCTL
TLK,-1.205,Neg30m_NegCTL
TLK,-1.105,Neg4h_NegCTL
TLK,-1.105,Neg4h_NegCTL
TLK,-1.2891666666666666,Neg5m_NegCTL
TLK,-1.2891666666666666,Neg5m_NegCTL
TLK,-1.395,Pos15m_PosCTL
TLK,-1.395,Pos15m_PosCTL
TLK,-1.0716666666666668,Pos1h_PosCTL
TLK,-1.0716666666666668,Pos1h_PosCTL
TLK,-0.6816666666666666,Pos24h_PosCTL
TLK,-0.6816666666666666,Pos24h_PosCTL
TLK,-1.4058333333333333,Pos30m_PosCTL
TLK,-1.4058333333333333,Pos30m_PosCTL
TLK,-1.1916666666666669,Pos4h_PosCTL
TLK,-1.1916666666666669,Pos4h_PosCTL
TLK,-1.2183333333333333,Pos5m_PosCTL
TLK,-1.2183333333333333,Pos5m_PosCTL
TTK,-1.5008333333333337,Neg15m_NegCTL
TTK,-1.06,Neg1h_NegCTL
TTK,-1.215833333333333,Neg24h_NegCTL
TTK,-1.2,Neg30m_NegCTL
TTK,-1.11,Neg4h_NegCTL
TTK,-1.3,Neg5m_NegCTL
TTK,-1.4016666666666666,Pos15m_PosCTL
TTK,-1.0658333333333334,Pos1h_PosCTL
TTK,-0.6766666666666666,Pos24h_PosCTL
TTK,-1.3983333333333334,Pos30m_PosCTL
TTK,-1.1891666666666667,Pos4h_PosCTL
TTK,-1.221666666666667,Pos5m_PosCTL
ULK,-1.0575,Neg15m_NegCTL
ULK,-1.0575,Neg15m_NegCTL
ULK,-1.0575,Neg15m_NegCTL
ULK,-1.0575,Neg15m_NegCTL
ULK,-1.0575,Neg15m_NegCTL
ULK,-0.7416666666666667,Neg1h_NegCTL
ULK,-0.7416666666666667,Neg1h_NegCTL
ULK,-0.7416666666666667,Neg1h_NegCTL
ULK,-0.7416666666666667,Neg1h_NegCTL
ULK,-0.7416666666666667,Neg1h_NegCTL
ULK,-0.8608333333333333,Neg24h_NegCTL
ULK,-0.8608333333333333,Neg24h_NegCTL
ULK,-0.8608333333333333,Neg24h_NegCTL
ULK,-0.8608333333333333,Neg24h_NegCTL
ULK,-0.8608333333333333,Neg24h_NegCTL
ULK,-0.84,Neg30m_NegCTL
ULK,-0.84,Neg30m_NegCTL
ULK,-0.84,Neg30m_NegCTL
ULK,-0.84,Neg30m_NegCTL
ULK,-0.84,Neg30m_NegCTL
ULK,-0.7791666666666667,Neg4h_NegCTL
ULK,-0.7791666666666667,Neg4h_NegCTL
ULK,-0.7791666666666667,Neg4h_NegCTL
ULK,-0.7791666666666667,Neg4h_NegCTL
ULK,-0.7791666666666667,Neg4h_NegCTL
ULK,-0.8966666666666667,Neg5m_NegCTL
ULK,-0.8966666666666667,Neg5m_NegCTL
ULK,-0.8966666666666667,Neg5m_NegCTL
ULK,-0.8966666666666667,Neg5m_NegCTL
ULK,-0.8966666666666667,Neg5m_NegCTL
ULK,-0.9816666666666668,Pos15m_PosCTL
ULK,-0.9816666666666668,Pos15m_PosCTL
ULK,-0.9816666666666668,Pos15m_PosCTL
ULK,-0.9816666666666668,Pos15m_PosCTL
ULK,-0.9816666666666668,Pos15m_PosCTL
ULK,-0.7483333333333333,Pos1h_PosCTL
ULK,-0.7483333333333333,Pos1h_PosCTL
ULK,-0.7483333333333333,Pos1h_PosCTL
ULK,-0.7483333333333333,Pos1h_PosCTL
ULK,-0.7483333333333333,Pos1h_PosCTL
ULK,-0.485,Pos24h_PosCTL
ULK,-0.485,Pos24h_PosCTL
ULK,-0.485,Pos24h_PosCTL
ULK,-0.485,Pos24h_PosCTL
ULK,-0.485,Pos24h_PosCTL
ULK,-0.9775,Pos30m_PosCTL
ULK,-0.9775,Pos30m_PosCTL
ULK,-0.9775,Pos30m_PosCTL
ULK,-0.9775,Pos30m_PosCTL
ULK,-0.9775,Pos30m_PosCTL
ULK,-0.8241666666666666,Pos4h_PosCTL
ULK,-0.8241666666666666,Pos4h_PosCTL
ULK,-0.8241666666666666,Pos4h_PosCTL
ULK,-0.8241666666666666,Pos4h_PosCTL
ULK,-0.8241666666666666,Pos4h_PosCTL
ULK,-0.8608333333333333,Pos5m_PosCTL
ULK,-0.8608333333333333,Pos5m_PosCTL
ULK,-0.8608333333333333,Pos5m_PosCTL
ULK,-0.8608333333333333,Pos5m_PosCTL
ULK,-0.8608333333333333,Pos5m_PosCTL
VRK1,-0.7775000000000001,Neg15m_NegCTL
VRK1,-1.3816666666666666,Neg1h_NegCTL
VRK1,-0.30833333333333335,Neg24h_NegCTL
VRK1,-1.3883333333333334,Neg30m_NegCTL
VRK1,-0.9391666666666668,Neg4h_NegCTL
VRK1,-0.8908333333333334,Neg5m_NegCTL
VRK1,-1.055,Pos15m_PosCTL
VRK1,-0.7075,Pos1h_PosCTL
VRK1,-0.01916666666666661,Pos24h_PosCTL
VRK1,-1.1908333333333334,Pos30m_PosCTL
VRK1,-1.035,Pos4h_PosCTL
VRK1,-1.330833333333333,Pos5m_PosCTL
WNK,-1.0641666666666667,Neg15m_NegCTL
WNK,-1.0641666666666667,Neg15m_NegCTL
WNK,-1.0641666666666667,Neg15m_NegCTL
WNK,-1.0641666666666667,Neg15m_NegCTL
WNK,-0.75,Neg1h_NegCTL
WNK,-0.75,Neg1h_NegCTL
WNK,-0.75,Neg1h_NegCTL
WNK,-0.75,Neg1h_NegCTL
WNK,-0.8558333333333333,Neg24h_NegCTL
WNK,-0.8558333333333333,Neg24h_NegCTL
WNK,-0.8558333333333333,Neg24h_NegCTL
WNK,-0.8558333333333333,Neg24h_NegCTL
WNK,-0.8433333333333334,Neg30m_NegCTL
WNK,-0.8433333333333334,Neg30m_NegCTL
WNK,-0.8433333333333334,Neg30m_NegCTL
WNK,-0.8433333333333334,Neg30m_NegCTL
WNK,-0.7766666666666666,Neg4h_NegCTL
WNK,-0.7766666666666666,Neg4h_NegCTL
WNK,-0.7766666666666666,Neg4h_NegCTL
WNK,-0.7766666666666666,Neg4h_NegCTL
WNK,-0.9058333333333334,Neg5m_NegCTL
WNK,-0.9058333333333334,Neg5m_NegCTL
WNK,-0.9058333333333334,Neg5m_NegCTL
WNK,-0.9058333333333334,Neg5m_NegCTL
WNK,-0.9825,Pos15m_PosCTL
WNK,-0.9825,Pos15m_PosCTL
WNK,-0.9825,Pos15m_PosCTL
WNK,-0.9825,Pos15m_PosCTL
WNK,-0.7491666666666666,Pos1h_PosCTL
WNK,-0.7491666666666666,Pos1h_PosCTL
WNK,-0.7491666666666666,Pos1h_PosCTL
WNK,-0.7491666666666666,Pos1h_PosCTL
WNK,-0.47833333333333333,Pos24h_PosCTL
WNK,-0.47833333333333333,Pos24h_PosCTL
WNK,-0.47833333333333333,Pos24h_PosCTL
WNK,-0.47833333333333333,Pos24h_PosCTL
WNK,-0.9766666666666668,Pos30m_PosCTL
WNK,-0.9766666666666668,Pos30m_PosCTL
WNK,-0.9766666666666668,Pos30m_PosCTL
WNK,-0.9766666666666668,Pos30m_PosCTL
WNK,-0.8391666666666666,Pos4h_PosCTL
WNK,-0.8391666666666666,Pos4h_PosCTL
WNK,-0.8391666666666666,Pos4h_PosCTL
WNK,-0.8391666666666666,Pos4h_PosCTL
WNK,-0.86,Pos5m_PosCTL
WNK,-0.86,Pos5m_PosCTL
WNK,-0.86,Pos5m_PosCTL
WNK,-0.86,Pos5m_PosCTL
