condition,Kinase,n_peptides,n_pairs,mean_diff,statistic,effect_size,p_value,p_adjusted,source_file
Neg15m_NegCTL,BARK1,93,279,-0.3384912361506849,3129,0.08010752688172043,1.3251246578858198e-33,5.30049863154328e-32,hpv_neg_25.12-signal_Neg15m_NegCTL-STK.csv
Neg15m_NegCTL,VRK2,93,279,-0.3384912361506849,3129,0.08010752688172043,1.3251246578858198e-33,5.30049863154328e-32,hpv_neg_25.12-signal_Neg15m_NegCTL-STK.csv
Neg15m_NegCTL,PKCA,83,249,-0.35593649440547287,2227,0.07155020080321285,2.5009210636302447e-31,6.669122836347319e-30,hpv_neg_25.12-signal_Neg15m_NegCTL-STK.csv
Neg15m_NegCTL,DMPK,77,231,-0.3571759952985984,1558,0.058143006418868486,6.071975454325318e-31,1.2143950908650635e-29,hpv_neg_25.12-signal_Neg15m_NegCTL-STK.csv
Neg15m_NegCTL,PHK,70,210,-0.33761581997926515,1774,0.08007221846084406,7.957959461991693e-26,1.2732735139186709e-24,hpv_neg_25.12-signal_Neg15m_NegCTL-STK.csv
Neg15m_NegCTL,RSK,66,198,-0.36845126164988046,1340,0.06801685193644992,1.405669747042843e-25,1.8742263293904576e-24,hpv_neg_25.12-signal_Neg15m_NegCTL-STK.csv
Neg15m_NegCTL,PIM,58,174,-0.36786641176299834,804,0.05280788177339901,2.249730563511005e-24,2.5711206440125772e-23,hpv_neg_25.12-signal_Neg15m_NegCTL-STK.csv
Neg15m_NegCTL,CDK,64,192,-0.3157893812560516,1718,0.0927245250431779,2.0776979992156058e-22,2.077697999215606e-21,hpv_neg_25.12-signal_Neg15m_NegCTL-STK.csv
Neg15m_NegCTL,PEK,62,186,-0.324263095041865,1638,0.09418664826634467,1.3158933161805392e-21,1.1696829477160349e-20,hpv_neg_25.12-signal_Neg15m_NegCTL-STK.csv
Neg15m_NegCTL,PKA,54,162,-0.3938611322725775,866,0.06559115352571385,2.1960169425953047e-21,1.7568135540762437e-20,hpv_neg_25.12-signal_Neg15m_NegCTL-STK.csv
Neg15m_NegCTL,QIK,48,144,-0.3489235887912275,726,0.06954022988505747,3.205617248450923e-19,2.3313579988733983e-18,hpv_neg_25.12-signal_Neg15m_NegCTL-STK.csv
Neg15m_NegCTL,IKK,39,117,-0.3946555243252248,347,0.0502679994205418,3.112214990163387e-17,2.0748099934422583e-16,hpv_neg_25.12-signal_Neg15m_NegCTL-STK.csv
Neg15m_NegCTL,PKG,43,129,-0.3959362563641748,586,0.06988670244484198,5.885253288061968e-17,3.6216943311150573e-16,hpv_neg_25.12-signal_Neg15m_NegCTL-STK.csv
Neg15m_NegCTL,PDHK,43,129,-0.331756199939862,796,0.0949314251639833,1.4301563531947474e-15,8.1723220182557e-15,hpv_neg_25.12-signal_Neg15m_NegCTL-STK.csv
Neg15m_NegCTL,PKD,31,93,-0.433667179292821,155,0.03546099290780142,7.360173659827689e-15,3.925425951908101e-14,hpv_neg_25.12-signal_Neg15m_NegCTL-STK.csv
Neg15m_NegCTL,MAPKAPK,38,114,-0.3595451242186019,539,0.08222730739893211,9.83215437690973e-15,4.916077188454865e-14,hpv_neg_25.12-signal_Neg15m_NegCTL-STK.csv
Neg15m_NegCTL,RIPK,30,90,-0.44974779512057184,174,0.04249084249084249,4.8323759184308573e-14,2.2740592557321684e-13,hpv_neg_25.12-signal_Neg15m_NegCTL-STK.csv
Neg15m_NegCTL,AKT,34,102,-0.30890481180345974,408,0.07766990291262135,2.1198998298974892e-13,9.42177702176662e-13,hpv_neg_25.12-signal_Neg15m_NegCTL-STK.csv
Neg15m_NegCTL,PAKA,25,75,-0.41942702362514206,95,0.03333333333333333,2.210752178481423e-12,9.308430225184939e-12,hpv_neg_25.12-signal_Neg15m_NegCTL-STK.csv
Neg15m_NegCTL,PDK1,35,105,-0.2623285332376352,583,0.10476190476190476,3.386194307002721e-12,1.3544777228010884e-11,hpv_neg_25.12-signal_Neg15m_NegCTL-STK.csv
Neg15m_NegCTL,P38,29,87,-0.3093695711095359,319,0.08333333333333333,2.4123351776208275e-11,9.18984829569839e-11,hpv_neg_25.12-signal_Neg15m_NegCTL-STK.csv
Neg15m_NegCTL,STE7,29,87,-0.3436385035635984,349,0.09117032392894461,3.553953233928104e-11,1.2923466305193106e-10,hpv_neg_25.12-signal_Neg15m_NegCTL-STK.csv
Neg15m_NegCTL,RAD53,28,84,-0.35937693223437733,289,0.08095238095238096,4.137026678401977e-11,1.4389658011832964e-10,hpv_neg_25.12-signal_Neg15m_NegCTL-STK.csv
Neg15m_NegCTL,AMPK,19,57,-0.43640035595624643,38,0.022988505747126436,3.829486005408735e-10,1.2764953351362452e-9,hpv_neg_25.12-signal_Neg15m_NegCTL-STK.csv
Neg15m_NegCTL,MELK,23,69,-0.304178604946834,165,0.06832298136645963,4.662503753143522e-10,1.4920012010059273e-9,hpv_neg_25.12-signal_Neg15m_NegCTL-STK.csv
Neg15m_NegCTL,ERK,30,90,-0.2516901952418392,505,0.12332112332112333,9.085602052777719e-10,2.7955698623931447e-9,hpv_neg_25.12-signal_Neg15m_NegCTL-STK.csv
Neg15m_NegCTL,CK1,23,69,-0.36960472901607266,186,0.07701863354037267,1.0312027438623194e-9,3.055415537369835e-9,hpv_neg_25.12-signal_Neg15m_NegCTL-STK.csv
Neg15m_NegCTL,SGK,23,69,-0.3402598516550068,191,0.07908902691511387,1.242898193724321e-9,3.551137696355203e-9,hpv_neg_25.12-signal_Neg15m_NegCTL-STK.csv
Neg15m_NegCTL,CAMK1,19,57,-0.4070095282130607,63,0.038112522686025406,1.3427730155896786e-9,3.7042014223163553e-9,hpv_neg_25.12-signal_Neg15m_NegCTL-STK.csv
Neg15m_NegCTL,DYRK,27,81,-0.27149399694275667,365,0.10990665462210178,1.7774241883483169e-9,4.739797835595511e-9,hpv_neg_25.12-signal_Neg15m_NegCTL-STK.csv
Neg15m_NegCTL,PLK,22,66,-0.3460074559829125,194,0.0877431026684758,5.900908892572395e-9,1.5228151980831986e-8,hpv_neg_25.12-signal_Neg15m_NegCTL-STK.csv
Neg15m_NegCTL,DAPK,18,54,-0.3399619617522152,83,0.05589225589225589,2.2068886903624278e-8,5.517221725906069e-8,hpv_neg_25.12-signal_Neg15m_NegCTL-STK.csv
Neg15m_NegCTL,JNK,24,72,-0.2479619780414291,356,0.1354642313546423,7.735294754882743e-8,1.875222970880665e-7,hpv_neg_25.12-signal_Neg15m_NegCTL-STK.csv
Neg15m_NegCTL,MTOR,16,48,-0.27732857550070344,80,0.06802721088435375,1.9379127586349592e-7,4.559794726199904e-7,hpv_neg_25.12-signal_Neg15m_NegCTL-STK.csv
Neg15m_NegCTL,NEK,15,45,-0.33061890652303266,66,0.06376811594202898,3.5677076665929107e-7,8.154760380783795e-7,hpv_neg_25.12-signal_Neg15m_NegCTL-STK.csv
Neg15m_NegCTL,MLK,13,39,-0.3212818224098227,45,0.057692307692307696,1.5283187775960961e-6,3.396263950213547e-6,hpv_neg_25.12-signal_Neg15m_NegCTL-STK.csv
Neg15m_NegCTL,PKCD,11,33,-0.40824207343647145,20,0.035650623885918005,3.390310282164528e-6,7.330400610085466e-6,hpv_neg_25.12-signal_Neg15m_NegCTL-STK.csv
Neg15m_NegCTL,MST,16,48,-0.20935611088622724,133,0.1130952380952381,5.223145506352236e-6,1.0996095802846812e-5,hpv_neg_25.12-signal_Neg15m_NegCTL-STK.csv
Neg15m_NegCTL,GSK,12,36,-0.33452463320338727,44,0.06606606606606606,5.828943673076519e-6,1.1956807534515935e-5,hpv_neg_25.12-signal_Neg15m_NegCTL-STK.csv
Neg15m_NegCTL,RAF,14,42,-0.2928041233704543,92,0.10188261351052048,7.162036781210804e-6,1.4324073562421608e-5,hpv_neg_25.12-signal_Neg15m_NegCTL-STK.csv
Neg15m_NegCTL,AUR,9,27,-0.3660028860628287,4,0.010582010582010581,9.309817688408095e-6,1.7847756347619308e-5,hpv_neg_25.12-signal_Neg15m_NegCTL-STK.csv
Neg15m_NegCTL,PKCI,11,33,-0.31651956866585584,32,0.0570409982174688,9.370072082500137e-6,1.7847756347619308e-5,hpv_neg_25.12-signal_Neg15m_NegCTL-STK.csv
Neg15m_NegCTL,PKCH,13,39,-0.2764653146496509,77,0.09871794871794871,1.295067433513638e-5,2.4094277832811868e-5,hpv_neg_25.12-signal_Neg15m_NegCTL-STK.csv
Neg15m_NegCTL,FRAY,11,33,-0.27589098249654526,41,0.07308377896613191,1.9511292646423835e-5,3.5475077538952427e-5,hpv_neg_25.12-signal_Neg15m_NegCTL-STK.csv
Neg15m_NegCTL,CHK1,10,30,-0.34374254989135344,26,0.05591397849462366,3.62713654859399e-5,6.448242753055982e-5,hpv_neg_25.12-signal_Neg15m_NegCTL-STK.csv
Neg15m_NegCTL,GRK,8,24,-0.39148775764826615,16,0.05333333333333334,1.3657738543896262e-4,2.3752588771993498e-4,hpv_neg_25.12-signal_Neg15m_NegCTL-STK.csv
Neg15m_NegCTL,PRKDC,7,21,-0.3391407318783316,7,0.030303030303030304,1.7415564105844014e-4,2.902594017640669e-4,hpv_neg_25.12-signal_Neg15m_NegCTL-STK.csv
Neg15m_NegCTL,ATR,7,21,-0.38970650989611644,7,0.030303030303030304,1.7415564105844014e-4,2.902594017640669e-4,hpv_neg_25.12-signal_Neg15m_NegCTL-STK.csv
Neg15m_NegCTL,CAMK2,13,39,-0.2844172207034516,132,0.16923076923076924,3.2637595374361165e-4,5.328586999895701e-4,hpv_neg_25.12-signal_Neg15m_NegCTL-STK.csv
Neg15m_NegCTL,IRAK,9,27,-0.255881822140956,54,0.14285714285714285,0.002118082651743454,0.003388932242789527,hpv_neg_25.12-signal_Neg15m_NegCTL-STK.csv
Neg15m_NegCTL,NDR,4,12,-0.3452931530794843,1,0.01282051282051282,0.0032637169016702335,0.005119555924188602,hpv_neg_25.12-signal_Neg15m_NegCTL-STK.csv
Neg15m_NegCTL,STE11,5,15,-0.3392165785748352,12,0.1,0.006979543813140597,0.010737759712523996,hpv_neg_25.12-signal_Neg15m_NegCTL-STK.csv
Neg15m_NegCTL,VRK1,3,9,-0.2750554489423438,0,0,0.009151688852650072,0.01381386996626426,hpv_neg_25.12-signal_Neg15m_NegCTL-STK.csv
Neg15m_NegCTL,MSN,4,12,-0.21248121358465294,7,0.08974358974358974,0.013471197018213178,0.019957328915871375,hpv_neg_25.12-signal_Neg15m_NegCTL-STK.csv
Neg15m_NegCTL,LKB,5,15,-0.1798910406687802,17,0.14166666666666666,0.015785487984724417,0.022960709795962788,hpv_neg_25.12-signal_Neg15m_NegCTL-STK.csv
Neg15m_NegCTL,COT,5,15,-0.260815775680204,19,0.15833333333333333,0.021434319431080633,0.03062045633011519,hpv_neg_25.12-signal_Neg15m_NegCTL-STK.csv
Neg15m_NegCTL,BARK2,3,9,-0.2997701416988129,4,0.08888888888888889,0.03296938124422011,0.04577024986357816,hpv_neg_25.12-signal_Neg15m_NegCTL-STK.csv
Neg15m_NegCTL,CK2,5,15,-0.2297948367550055,22,0.18333333333333332,0.033183431151094164,0.04577024986357816,hpv_neg_25.12-signal_Neg15m_NegCTL-STK.csv
Neg15m_NegCTL,STKR,5,15,-0.24746923451305103,26,0.21666666666666667,0.05708333882482989,0.07740113738959985,hpv_neg_25.12-signal_Neg15m_NegCTL-STK.csv
Neg15m_NegCTL,MARK,6,18,-0.2473742451576163,42,0.24561403508771928,0.06111461900453386,0.0814861586727118,hpv_neg_25.12-signal_Neg15m_NegCTL-STK.csv
Neg15m_NegCTL,MLCK,5,15,-0.12186508941133159,30,0.25,0.09383863903411001,0.12306706758571803,hpv_neg_25.12-signal_Neg15m_NegCTL-STK.csv
Neg15m_NegCTL,PAKB,2,6,-0.16134842102329783,3,0.14285714285714285,0.1422132419363925,0.18350095733728064,hpv_neg_25.12-signal_Neg15m_NegCTL-STK.csv
Neg15m_NegCTL,PASK,1,3,-0.5994832889886187,0,0,0.1814492077214203,0.21665577041363618,hpv_neg_25.12-signal_Neg15m_NegCTL-STK.csv
Neg15m_NegCTL,NMO,1,3,-0.5093486948802218,0,0,0.1814492077214203,0.21665577041363618,hpv_neg_25.12-signal_Neg15m_NegCTL-STK.csv
Neg15m_NegCTL,ATM,1,3,-0.7343822246165294,0,0,0.1814492077214203,0.21665577041363618,hpv_neg_25.12-signal_Neg15m_NegCTL-STK.csv
Neg15m_NegCTL,KHS,1,3,-0.38781687745861565,0,0,0.1814492077214203,0.21665577041363618,hpv_neg_25.12-signal_Neg15m_NegCTL-STK.csv
Neg15m_NegCTL,PKN,1,3,-0.1690361523414546,0,0,0.1814492077214203,0.21665577041363618,hpv_neg_25.12-signal_Neg15m_NegCTL-STK.csv
Neg15m_NegCTL,HAL,2,6,-0.3317654073744798,4,0.19047619047619047,0.20841280368414858,0.24519153374605715,hpv_neg_25.12-signal_Neg15m_NegCTL-STK.csv
Neg15m_NegCTL,TAO,1,3,-0.19459787851864735,1,0.16666666666666666,0.42267807417063546,0.4762569849809978,hpv_neg_25.12-signal_Neg15m_NegCTL-STK.csv
Neg15m_NegCTL,SLK,1,3,-0.14344476306532808,1,0.16666666666666666,0.42267807417063546,0.4762569849809978,hpv_neg_25.12-signal_Neg15m_NegCTL-STK.csv
Neg15m_NegCTL,MOS,1,3,0.6149116331390907,5,0.8333333333333334,0.4226780741706355,0.4762569849809978,hpv_neg_25.12-signal_Neg15m_NegCTL-STK.csv
Neg15m_NegCTL,EGFR,1,3,-0.14706117523056134,2,0.3333333333333333,0.7892680261342813,0.7992587606423102,hpv_neg_25.12-signal_Neg15m_NegCTL-STK.csv
Neg15m_NegCTL,CSK,1,3,-0.14706117523056134,2,0.3333333333333333,0.7892680261342813,0.7992587606423102,hpv_neg_25.12-signal_Neg15m_NegCTL-STK.csv
Neg15m_NegCTL,TEC,1,3,-0.14706117523056134,2,0.3333333333333333,0.7892680261342813,0.7992587606423102,hpv_neg_25.12-signal_Neg15m_NegCTL-STK.csv
Neg15m_NegCTL,PDGFR,1,3,-0.14706117523056134,2,0.3333333333333333,0.7892680261342813,0.7992587606423102,hpv_neg_25.12-signal_Neg15m_NegCTL-STK.csv
Neg15m_NegCTL,SYK,1,3,-0.14706117523056134,2,0.3333333333333333,0.7892680261342813,0.7992587606423102,hpv_neg_25.12-signal_Neg15m_NegCTL-STK.csv
Neg15m_NegCTL,AXL,1,3,-0.14706117523056134,2,0.3333333333333333,0.7892680261342813,0.7992587606423102,hpv_neg_25.12-signal_Neg15m_NegCTL-STK.csv
Neg15m_NegCTL,VEGFR,1,3,-0.14706117523056134,2,0.3333333333333333,0.7892680261342813,0.7992587606423102,hpv_neg_25.12-signal_Neg15m_NegCTL-STK.csv
Neg15m_NegCTL,NAK,1,3,-0.03876788269673881,2,0.3333333333333333,0.7892680261342813,0.7992587606423102,hpv_neg_25.12-signal_Neg15m_NegCTL-STK.csv
Neg15m_NegCTL,BRSK,1,3,-0.07651473513754681,3,0.5,1,1,hpv_neg_25.12-signal_Neg15m_NegCTL-STK.csv
Neg1h_NegCTL,PKA,53,159,-0.29338222811258563,1795,0.14111635220125787,4.17522038311043e-15,3.29842410265724e-13,hpv_neg_25.13-signal_Neg1h_NegCTL-STK.csv
Neg1h_NegCTL,PKG,42,126,-0.2894535236497567,1212,0.15148106486689164,1.1358586706646807e-11,3.658241798088854e-10,hpv_neg_25.13-signal_Neg1h_NegCTL-STK.csv
Neg1h_NegCTL,RSK,65,195,-0.21887701642623086,4221,0.22087912087912087,1.3892057461096914e-11,3.658241798088854e-10,hpv_neg_25.13-signal_Neg1h_NegCTL-STK.csv
Neg1h_NegCTL,DMPK,76,228,-0.1849188581068316,6743,0.25829311269439975,2.485735811406831e-10,4.909328227528492e-9,hpv_neg_25.13-signal_Neg1h_NegCTL-STK.csv
Neg1h_NegCTL,PKCA,81,243,-0.18580802039039795,8265,0.27878971868042907,2.254076030119989e-9,3.561440127589583e-8,hpv_neg_25.13-signal_Neg1h_NegCTL-STK.csv
Neg1h_NegCTL,PKD,31,93,-0.28485114341189094,666,0.1523678792038435,5.87806373527669e-9,7.478299473793471e-8,hpv_neg_25.13-signal_Neg1h_NegCTL-STK.csv
Neg1h_NegCTL,PHK,68,204,-0.18633038933162244,5558,0.2658058345289335,6.6263413058929485e-9,7.478299473793471e-8,hpv_neg_25.13-signal_Neg1h_NegCTL-STK.csv
Neg1h_NegCTL,RIPK,30,90,-0.29933410639204183,616,0.15042735042735042,8.516746025909497e-9,8.06699277559713e-8,hpv_neg_25.13-signal_Neg1h_NegCTL-STK.csv
Neg1h_NegCTL,BARK1,91,273,-0.1646256505645252,11222,0.3000454533301249,1.021138326024953e-8,8.06699277559713e-8,hpv_neg_25.13-signal_Neg1h_NegCTL-STK.csv
Neg1h_NegCTL,VRK2,91,273,-0.1646256505645252,11222,0.3000454533301249,1.021138326024953e-8,8.06699277559713e-8,hpv_neg_25.13-signal_Neg1h_NegCTL-STK.csv
Neg1h_NegCTL,PAKA,25,75,-0.2974966278670555,382,0.13403508771929826,3.6920918453477965e-8,2.6515932343861447e-7,hpv_neg_25.13-signal_Neg1h_NegCTL-STK.csv
Neg1h_NegCTL,PDHK,42,126,-0.2253266983811517,1797,0.22459692538432696,8.14883026234309e-8,5.364646589375868e-7,hpv_neg_25.13-signal_Neg1h_NegCTL-STK.csv
Neg1h_NegCTL,PIM,58,174,-0.16455300379732948,4398,0.28886699507389163,1.3654783143753158e-6,8.29790667966538e-6,hpv_neg_25.13-signal_Neg1h_NegCTL-STK.csv
Neg1h_NegCTL,AMPK,19,57,-0.2712858559147741,221,0.1336963097398669,1.5332625668870124e-6,8.651981627433856e-6,hpv_neg_25.13-signal_Neg1h_NegCTL-STK.csv
Neg1h_NegCTL,IKK,39,117,-0.20158342163827167,1693,0.24525568593365205,1.7406382533682726e-6,9.167361467739569e-6,hpv_neg_25.13-signal_Neg1h_NegCTL-STK.csv
Neg1h_NegCTL,AKT,33,99,-0.18864719164217392,1128,0.22787878787878788,2.6057560826104137e-6,1.2865920657888918e-5,hpv_neg_25.13-signal_Neg1h_NegCTL-STK.csv
Neg1h_NegCTL,PEK,60,180,-0.15884097425292268,4976,0.305463474524248,6.006409088094302e-6,2.7912136350555873e-5,hpv_neg_25.13-signal_Neg1h_NegCTL-STK.csv
Neg1h_NegCTL,RAD53,27,81,-0.21985373629110488,705,0.2122854561878952,6.911091863891086e-6,2.9747242295756214e-5,hpv_neg_25.13-signal_Neg1h_NegCTL-STK.csv
Neg1h_NegCTL,CAMK1,19,57,-0.25794598370686195,261,0.15789473684210525,7.154400045814785e-6,2.9747242295756214e-5,hpv_neg_25.13-signal_Neg1h_NegCTL-STK.csv
Neg1h_NegCTL,PKCD,11,33,-0.3040412783931308,39,0.06951871657754011,1.6612281683221507e-5,6.421516224201225e-5,hpv_neg_25.13-signal_Neg1h_NegCTL-STK.csv
Neg1h_NegCTL,MAPKAPK,37,111,-0.21114829305514696,1646,0.2648005148005148,1.7069853254205787e-5,6.421516224201225e-5,hpv_neg_25.13-signal_Neg1h_NegCTL-STK.csv
Neg1h_NegCTL,QIK,47,141,-0.15873695493984505,3212,0.32084706822495257,2.2415970999651298e-4,8.049371404420238e-4,hpv_neg_25.13-signal_Neg1h_NegCTL-STK.csv
Neg1h_NegCTL,CAMK2,12,36,-0.2316969794457374,132,0.1981981981981982,0.001632870760703568,0.0056085560911122555,hpv_neg_25.13-signal_Neg1h_NegCTL-STK.csv
Neg1h_NegCTL,AUR,9,27,-0.20897598668827463,61,0.16137566137566137,0.0021899289145292434,0.00714749602300745,hpv_neg_25.13-signal_Neg1h_NegCTL-STK.csv
Neg1h_NegCTL,CK1,22,66,-0.18964496321852692,627,0.2835820895522388,0.0022618658300656487,0.00714749602300745,hpv_neg_25.13-signal_Neg1h_NegCTL-STK.csv
Neg1h_NegCTL,PKCI,11,33,-0.20530765732526907,112,0.19964349376114082,0.002683925883929844,0.008155005570402218,hpv_neg_25.13-signal_Neg1h_NegCTL-STK.csv
Neg1h_NegCTL,CDK,62,186,-0.12226721626630833,6569,0.37772411017192803,0.0038329352067925405,0.011214884493948545,hpv_neg_25.13-signal_Neg1h_NegCTL-STK.csv
Neg1h_NegCTL,STE7,28,84,-0.14341554419081587,1146,0.32100840336134456,0.004405471725894112,0.012429723798058389,hpv_neg_25.13-signal_Neg1h_NegCTL-STK.csv
Neg1h_NegCTL,JNK,23,69,0.042606629356050925,1680,0.6956521739130435,0.004771585181087001,0.012998456182961141,hpv_neg_25.13-signal_Neg1h_NegCTL-STK.csv
Neg1h_NegCTL,DAPK,18,54,-0.18084700521126754,417,0.2808080808080808,0.005136905714293831,0.013527185047640422,hpv_neg_25.13-signal_Neg1h_NegCTL-STK.csv
Neg1h_NegCTL,NDR,4,12,-0.31050307492014195,4,0.05128205128205128,0.006801651812875442,0.017333241716682577,hpv_neg_25.13-signal_Neg1h_NegCTL-STK.csv
Neg1h_NegCTL,CK2,4,12,-0.3138937190843872,6,0.07692307692307693,0.01078744925467036,0.026631515347467452,hpv_neg_25.13-signal_Neg1h_NegCTL-STK.csv
Neg1h_NegCTL,ERK,29,87,0.03393952457523395,2511,0.6559561128526645,0.01158224006250319,0.027727180755689456,hpv_neg_25.13-signal_Neg1h_NegCTL-STK.csv
Neg1h_NegCTL,MARK,5,15,-0.31088212481571553,18,0.15,0.01842118248582118,0.04280215930529039,hpv_neg_25.13-signal_Neg1h_NegCTL-STK.csv
Neg1h_NegCTL,VRK1,3,9,0.0993803282874422,42,0.9333333333333333,0.024390241433054127,0.05478357985640006,hpv_neg_25.13-signal_Neg1h_NegCTL-STK.csv
Neg1h_NegCTL,CHK1,10,30,-0.1504147808416631,123,0.2645161290322581,0.024964669301650658,0.05478357985640006,hpv_neg_25.13-signal_Neg1h_NegCTL-STK.csv
Neg1h_NegCTL,DYRK,26,78,0.02720319780696709,1977,0.6416747809152873,0.029885241560856146,0.06380902927858474,hpv_neg_25.13-signal_Neg1h_NegCTL-STK.csv
Neg1h_NegCTL,GRK,8,24,-0.25153329340950614,80,0.26666666666666666,0.04706505784892817,0.09549548064787482,hpv_neg_25.13-signal_Neg1h_NegCTL-STK.csv
Neg1h_NegCTL,SGK,23,69,-0.1272596948984576,875,0.36231884057971014,0.047143338547685036,0.09549548064787482,hpv_neg_25.13-signal_Neg1h_NegCTL-STK.csv
Neg1h_NegCTL,MLCK,5,15,0.08537021658762807,95,0.7916666666666666,0.050057965493253365,0.0988644818491754,hpv_neg_25.13-signal_Neg1h_NegCTL-STK.csv
Neg1h_NegCTL,NEK,15,45,-0.10408238461578648,354,0.34202898550724636,0.06578718956745037,0.12676068233728244,hpv_neg_25.13-signal_Neg1h_NegCTL-STK.csv
Neg1h_NegCTL,MELK,23,69,-0.08894286926273548,910,0.37681159420289856,0.0757746167534658,0.1425284457981857,hpv_neg_25.13-signal_Neg1h_NegCTL-STK.csv
Neg1h_NegCTL,PLK,21,63,-0.11898593878085649,758,0.3759920634920635,0.08761723735034016,0.1609712035041133,hpv_neg_25.13-signal_Neg1h_NegCTL-STK.csv
Neg1h_NegCTL,IRAK,8,24,-0.13430278188766134,96,0.32,0.12637072350224732,0.2268928899244895,hpv_neg_25.13-signal_Neg1h_NegCTL-STK.csv
Neg1h_NegCTL,MST,16,48,0.05689809135641247,731,0.6215986394557823,0.14386245853163104,0.2525585383110856,hpv_neg_25.13-signal_Neg1h_NegCTL-STK.csv
Neg1h_NegCTL,MLK,13,39,-0.09402362480176568,291,0.3730769230769231,0.16926563379954124,0.2866897481998441,hpv_neg_25.13-signal_Neg1h_NegCTL-STK.csv
Neg1h_NegCTL,NMO,1,3,0.26785156037171287,6,1,0.18144920772142026,0.2866897481998441,hpv_neg_25.13-signal_Neg1h_NegCTL-STK.csv
Neg1h_NegCTL,SLK,1,3,0.39718787744055506,6,1,0.18144920772142026,0.2866897481998441,hpv_neg_25.13-signal_Neg1h_NegCTL-STK.csv
Neg1h_NegCTL,PASK,1,3,-0.5376010556589348,0,0,0.1814492077214203,0.2866897481998441,hpv_neg_25.13-signal_Neg1h_NegCTL-STK.csv
Neg1h_NegCTL,ATM,1,3,-0.4383131696895042,0,0,0.1814492077214203,0.2866897481998441,hpv_neg_25.13-signal_Neg1h_NegCTL-STK.csv
Neg1h_NegCTL,P38,28,84,-0.019403928253792894,2076,0.5815126050420169,0.19512529882455443,0.3022529138654863,hpv_neg_25.13-signal_Neg1h_NegCTL-STK.csv
Neg1h_NegCTL,HAL,2,6,-0.2870238606007556,5,0.23809523809523808,0.2945073936801101,0.4474246942447826,hpv_neg_25.13-signal_Neg1h_NegCTL-STK.csv
Neg1h_NegCTL,STKR,4,12,-0.1581561125408666,26,0.3333333333333333,0.32679956766896595,0.487116336714119,hpv_neg_25.13-signal_Neg1h_NegCTL-STK.csv
Neg1h_NegCTL,FRAY,11,33,-0.0725154844009375,229,0.40819964349376114,0.3621587727888085,0.5259318464833955,hpv_neg_25.13-signal_Neg1h_NegCTL-STK.csv
Neg1h_NegCTL,ATR,7,21,-0.07542877193738688,89,0.3852813852813853,0.36615508299476907,0.5259318464833955,hpv_neg_25.13-signal_Neg1h_NegCTL-STK.csv
Neg1h_NegCTL,PKCH,13,39,-0.030842721955487727,331,0.42435897435897435,0.4142900485311383,0.5844448898921416,hpv_neg_25.13-signal_Neg1h_NegCTL-STK.csv
Neg1h_NegCTL,PKN,1,3,0.11369285281601282,5,0.8333333333333334,0.4226780741706355,0.5858169799908809,hpv_neg_25.13-signal_Neg1h_NegCTL-STK.csv
Neg1h_NegCTL,MSN,4,12,0.07547422157159915,49,0.6282051282051282,0.4561258517135216,0.6212748669891069,hpv_neg_25.13-signal_Neg1h_NegCTL-STK.csv
Neg1h_NegCTL,STE11,5,15,-0.0665465251565521,47,0.39166666666666666,0.47773372089157257,0.6396773550921057,hpv_neg_25.13-signal_Neg1h_NegCTL-STK.csv
Neg1h_NegCTL,PDK1,35,105,-0.008571384704281476,2984,0.5362084456424079,0.5205101645447447,0.6853383833172473,hpv_neg_25.13-signal_Neg1h_NegCTL-STK.csv
Neg1h_NegCTL,GSK,12,36,-0.06712770241410712,298,0.44744744744744747,0.5878082861799222,0.7612599116100632,hpv_neg_25.13-signal_Neg1h_NegCTL-STK.csv
Neg1h_NegCTL,MTOR,16,48,-0.0551420533877512,537,0.45663265306122447,0.6044892976967059,0.7702363631941898,hpv_neg_25.13-signal_Neg1h_NegCTL-STK.csv
Neg1h_NegCTL,BARK2,3,9,-0.050137780227394124,18,0.4,0.6355861222787667,0.7970048200003582,hpv_neg_25.13-signal_Neg1h_NegCTL-STK.csv
Neg1h_NegCTL,PRKDC,7,21,-0.06350086777422065,104,0.45021645021645024,0.7022135275104999,0.8667948230207734,hpv_neg_25.13-signal_Neg1h_NegCTL-STK.csv
Neg1h_NegCTL,NAK,1,3,0.07718630086853265,4,0.6666666666666666,0.7892680261342813,0.9447299100698215,hpv_neg_25.13-signal_Neg1h_NegCTL-STK.csv
Neg1h_NegCTL,KHS,1,3,-0.11483277485164725,2,0.3333333333333333,0.7892680261342813,0.9447299100698215,hpv_neg_25.13-signal_Neg1h_NegCTL-STK.csv
Neg1h_NegCTL,PAKB,2,6,0.06005058061851528,12,0.5714285714285714,0.833935414088552,0.9645208985998295,hpv_neg_25.13-signal_Neg1h_NegCTL-STK.csv
Neg1h_NegCTL,LKB,5,15,0.0026651776850345307,56,0.4666666666666667,0.8424296456125092,0.9645208985998295,hpv_neg_25.13-signal_Neg1h_NegCTL-STK.csv
Neg1h_NegCTL,COT,5,15,0.019275691594953737,64,0.5333333333333333,0.8424296456125093,0.9645208985998295,hpv_neg_25.13-signal_Neg1h_NegCTL-STK.csv
Neg1h_NegCTL,RAF,14,42,-0.029023701632714675,443,0.49058693244739754,0.9203210563155108,1,hpv_neg_25.13-signal_Neg1h_NegCTL-STK.csv
Neg1h_NegCTL,BRSK,1,3,-0.043039026612945896,3,0.5,1,1,hpv_neg_25.13-signal_Neg1h_NegCTL-STK.csv
Neg1h_NegCTL,EGFR,1,3,-0.013522127648956328,3,0.5,1,1,hpv_neg_25.13-signal_Neg1h_NegCTL-STK.csv
Neg1h_NegCTL,CSK,1,3,-0.013522127648956328,3,0.5,1,1,hpv_neg_25.13-signal_Neg1h_NegCTL-STK.csv
Neg1h_NegCTL,TEC,1,3,-0.013522127648956328,3,0.5,1,1,hpv_neg_25.13-signal_Neg1h_NegCTL-STK.csv
Neg1h_NegCTL,PDGFR,1,3,-0.013522127648956328,3,0.5,1,1,hpv_neg_25.13-signal_Neg1h_NegCTL-STK.csv
Neg1h_NegCTL,SYK,1,3,-0.013522127648956328,3,0.5,1,1,hpv_neg_25.13-signal_Neg1h_NegCTL-STK.csv
Neg1h_NegCTL,AXL,1,3,-0.013522127648956328,3,0.5,1,1,hpv_neg_25.13-signal_Neg1h_NegCTL-STK.csv
Neg1h_NegCTL,VEGFR,1,3,-0.013522127648956328,3,0.5,1,1,hpv_neg_25.13-signal_Neg1h_NegCTL-STK.csv
Neg1h_NegCTL,TAO,1,3,-0.011069679091125259,3,0.5,1,1,hpv_neg_25.13-signal_Neg1h_NegCTL-STK.csv
Neg24h_NegCTL,PKCD,11,33,-0.08789805638496133,172,0.3065953654188948,0.053640852727545416,1,hpv_neg_25.13-signal_Neg24h_NegCTL-STK.csv
Neg24h_NegCTL,FRAY,11,33,-0.08760952870471819,186,0.3315508021390374,0.09303985221857396,1,hpv_neg_25.13-signal_Neg24h_NegCTL-STK.csv
Neg24h_NegCTL,PKD,31,93,-0.03823093148750114,1797,0.41111873713109126,0.13710509756643213,1,hpv_neg_25.13-signal_Neg24h_NegCTL-STK.csv
Neg24h_NegCTL,SLK,1,3,0.2882464765727197,6,1,0.18144920772142026,1,hpv_neg_25.13-signal_Neg24h_NegCTL-STK.csv
Neg24h_NegCTL,AMPK,19,57,-0.06173708102428092,659,0.3986690865093769,0.18455838933475713,1,hpv_neg_25.13-signal_Neg24h_NegCTL-STK.csv
Neg24h_NegCTL,PIM,58,174,-0.015470359871201681,6779,0.4452545155993432,0.21063296627728662,1,hpv_neg_25.13-signal_Neg24h_NegCTL-STK.csv
Neg24h_NegCTL,CAMK2,12,36,-0.04492402920290899,255,0.38288288288288286,0.22338758895607536,1,hpv_neg_25.13-signal_Neg24h_NegCTL-STK.csv
Neg24h_NegCTL,RSK,65,195,-0.009700821067354412,8679,0.454160125588697,0.26721372422170026,1,hpv_neg_25.13-signal_Neg24h_NegCTL-STK.csv
Neg24h_NegCTL,PHK,68,204,-0.005563016228959299,9553,0.4568627450980392,0.28557993569390105,1,hpv_neg_25.13-signal_Neg24h_NegCTL-STK.csv
Neg24h_NegCTL,VRK1,3,9,0.15405535000857284,32,0.7111111111111111,0.2863205967930593,1,hpv_neg_25.13-signal_Neg24h_NegCTL-STK.csv
Neg24h_NegCTL,DMPK,76,228,-0.0049696410778644635,12004,0.45981766643683447,0.2930050985889306,1,hpv_neg_25.13-signal_Neg24h_NegCTL-STK.csv
Neg24h_NegCTL,AUR,9,27,-0.04489739557402326,145,0.3835978835978836,0.2959825507410112,1,hpv_neg_25.13-signal_Neg24h_NegCTL-STK.csv
Neg24h_NegCTL,PAKA,25,75,-0.02954271601591247,1227,0.4305263157894737,0.29698999152606,1,hpv_neg_25.13-signal_Neg24h_NegCTL-STK.csv
Neg24h_NegCTL,ERK,29,87,0.06843138673080908,2148,0.5611285266457681,0.3230238799173293,1,hpv_neg_25.13-signal_Neg24h_NegCTL-STK.csv
Neg24h_NegCTL,RAD53,27,81,-0.03080808512907994,1452,0.4372177055103884,0.3274206727752907,1,hpv_neg_25.13-signal_Neg24h_NegCTL-STK.csv
Neg24h_NegCTL,PKCH,13,39,-0.027680350991122354,321,0.4115384615384615,0.3391139889185341,1,hpv_neg_25.13-signal_Neg24h_NegCTL-STK.csv
Neg24h_NegCTL,RAF,14,42,-0.03130396452947037,377,0.4174972314507198,0.3548248997146157,1,hpv_neg_25.13-signal_Neg24h_NegCTL-STK.csv
Neg24h_NegCTL,PKCI,11,33,-0.02905653116292424,229,0.40819964349376114,0.3621587727888085,1,hpv_neg_25.13-signal_Neg24h_NegCTL-STK.csv
Neg24h_NegCTL,AKT,33,99,-0.010339534779506047,2217,0.4478787878787879,0.36878604156403005,1,hpv_neg_25.13-signal_Neg24h_NegCTL-STK.csv
Neg24h_NegCTL,PKA,53,159,6.41838259445615e-5,5857,0.4604559748427673,0.38750696211081986,1,hpv_neg_25.13-signal_Neg24h_NegCTL-STK.csv
Neg24h_NegCTL,NMO,1,3,-0.33402768640669667,1,0.16666666666666666,0.42267807417063546,1,hpv_neg_25.13-signal_Neg24h_NegCTL-STK.csv
Neg24h_NegCTL,ATM,1,3,-0.19774837704311982,1,0.16666666666666666,0.42267807417063546,1,hpv_neg_25.13-signal_Neg24h_NegCTL-STK.csv
Neg24h_NegCTL,P38,28,84,0.06083896536841542,1961,0.5492997198879552,0.43380864842199696,1,hpv_neg_25.13-signal_Neg24h_NegCTL-STK.csv
Neg24h_NegCTL,PDHK,42,126,0.0021576072859739413,3698,0.4621922259717535,0.46215618532125124,1,hpv_neg_25.13-signal_Neg24h_NegCTL-STK.csv
Neg24h_NegCTL,MAPKAPK,37,111,-0.010840156761457016,2870,0.4617117117117117,0.48468365989050033,1,hpv_neg_25.13-signal_Neg24h_NegCTL-STK.csv
Neg24h_NegCTL,PKG,42,126,-0.004721994316853633,3726,0.46569178852643417,0.5046907479852529,1,hpv_neg_25.13-signal_Neg24h_NegCTL-STK.csv
Neg24h_NegCTL,LKB,5,15,0.07486213222874355,72,0.6,0.5136556425100474,1,hpv_neg_25.13-signal_Neg24h_NegCTL-STK.csv
Neg24h_NegCTL,MARK,5,15,-0.10262200174719514,48,0.4,0.5136556425100474,1,hpv_neg_25.13-signal_Neg24h_NegCTL-STK.csv
Neg24h_NegCTL,MELK,23,69,-0.00661869506687,1101,0.45590062111801244,0.52623203638731475,1,hpv_neg_25.13-signal_Neg24h_NegCTL-STK.csv
Neg24h_NegCTL,NEK,15,45,-0.01786515907564716,461,0.4454106280193237,0.5273196440064631,1,hpv_neg_25.13-signal_Neg24h_NegCTL-STK.csv
Neg24h_NegCTL,CK1,22,66,-0.005776350257832891,1013,0.45816372682044326,0.5567313427222043,1,hpv_neg_25.13-signal_Neg24h_NegCTL-STK.csv
Neg24h_NegCTL,PKCA,81,243,0.006957283079769303,14190,0.4786480469540579,0.5641836990950646,1,hpv_neg_25.13-signal_Neg24h_NegCTL-STK.csv
Neg24h_NegCTL,CAMK1,19,57,-0.0038901391803120083,762,0.46098003629764067,0.6111074242162402,1,hpv_neg_25.13-signal_Neg24h_NegCTL-STK.csv
Neg24h_NegCTL,MST,16,48,-0.008648082352564371,541,0.46003401360544216,0.6334124326630947,1,hpv_neg_25.13-signal_Neg24h_NegCTL-STK.csv
Neg24h_NegCTL,CHK1,10,30,-0.04726502608740137,209,0.44946236559139785,0.6361619513177685,1,hpv_neg_25.13-signal_Neg24h_NegCTL-STK.csv
Neg24h_NegCTL,BARK1,91,273,0.012916840417293974,18157,0.48546830298655114,0.6775068218174587,1,hpv_neg_25.13-signal_Neg24h_NegCTL-STK.csv
Neg24h_NegCTL,VRK2,91,273,0.012916840417293974,18157,0.48546830298655114,0.6775068218174587,1,hpv_neg_25.13-signal_Neg24h_NegCTL-STK.csv
Neg24h_NegCTL,IRAK,8,24,-0.012628514624345732,135,0.45,0.6786648748084547,1,hpv_neg_25.13-signal_Neg24h_NegCTL-STK.csv
Neg24h_NegCTL,IKK,39,117,0.008873602630390377,3307,0.47906707228741124,0.6953154281935594,1,hpv_neg_25.13-signal_Neg24h_NegCTL-STK.csv
Neg24h_NegCTL,NDR,4,12,-0.047267714177337564,34,0.4358974358974359,0.7240816609153895,1,hpv_neg_25.13-signal_Neg24h_NegCTL-STK.csv
Neg24h_NegCTL,CDK,62,186,0.035484092532277155,8947,0.5144615030763038,0.7328118628807032,1,hpv_neg_25.13-signal_Neg24h_NegCTL-STK.csv
Neg24h_NegCTL,MLK,13,39,-0.007104587826189264,366,0.46923076923076923,0.7429551757015738,1,hpv_neg_25.13-signal_Neg24h_NegCTL-STK.csv
Neg24h_NegCTL,COT,5,15,0.034655258293681684,66,0.55,0.7547525012901841,1,hpv_neg_25.13-signal_Neg24h_NegCTL-STK.csv
Neg24h_NegCTL,RIPK,30,90,8.591354410954375e-4,1971,0.48131868131868133,0.7597566637469276,1,hpv_neg_25.13-signal_Neg24h_NegCTL-STK.csv
Neg24h_NegCTL,MTOR,16,48,0.014494903339781541,559,0.47534013605442177,0.770048439352899,1,hpv_neg_25.13-signal_Neg24h_NegCTL-STK.csv
Neg24h_NegCTL,STKR,4,12,0.056429266518983966,43,0.5512820512820513,0.7836523115344085,1,hpv_neg_25.13-signal_Neg24h_NegCTL-STK.csv
Neg24h_NegCTL,QIK,47,141,0.011475223489722,4872,0.4866646688642493,0.7842979737243427,1,hpv_neg_25.13-signal_Neg24h_NegCTL-STK.csv
Neg24h_NegCTL,EGFR,1,3,-0.04585638401388954,2,0.3333333333333333,0.7892680261342813,1,hpv_neg_25.13-signal_Neg24h_NegCTL-STK.csv
Neg24h_NegCTL,CSK,1,3,-0.04585638401388954,2,0.3333333333333333,0.7892680261342813,1,hpv_neg_25.13-signal_Neg24h_NegCTL-STK.csv
Neg24h_NegCTL,TEC,1,3,-0.04585638401388954,2,0.3333333333333333,0.7892680261342813,1,hpv_neg_25.13-signal_Neg24h_NegCTL-STK.csv
Neg24h_NegCTL,PDGFR,1,3,-0.04585638401388954,2,0.3333333333333333,0.7892680261342813,1,hpv_neg_25.13-signal_Neg24h_NegCTL-STK.csv
Neg24h_NegCTL,SYK,1,3,-0.04585638401388954,2,0.3333333333333333,0.7892680261342813,1,hpv_neg_25.13-signal_Neg24h_NegCTL-STK.csv
Neg24h_NegCTL,AXL,1,3,-0.04585638401388954,2,0.3333333333333333,0.7892680261342813,1,hpv_neg_25.13-signal_Neg24h_NegCTL-STK.csv
Neg24h_NegCTL,VEGFR,1,3,-0.04585638401388954,2,0.3333333333333333,0.7892680261342813,1,hpv_neg_25.13-signal_Neg24h_NegCTL-STK.csv
Neg24h_NegCTL,NAK,1,3,0.09086345474749831,4,0.6666666666666666,0.7892680261342813,1,hpv_neg_25.13-signal_Neg24h_NegCTL-STK.csv
Neg24h_NegCTL,KHS,1,3,-0.1117803979672587,2,0.3333333333333333,0.7892680261342813,1,hpv_neg_25.13-signal_Neg24h_NegCTL-STK.csv
Neg24h_NegCTL,PKN,1,3,0.14592606869405272,4,0.6666666666666666,0.7892680261342813,1,hpv_neg_25.13-signal_Neg24h_NegCTL-STK.csv
Neg24h_NegCTL,PEK,60,180,0.018409266235392824,7959,0.4885819521178637,0.7910214386263754,1,hpv_neg_25.13-signal_Neg24h_NegCTL-STK.csv
Neg24h_NegCTL,PLK,21,63,0.020817439999835336,969,0.4806547619047619,0.7921074185213812,1,hpv_neg_25.13-signal_Neg24h_NegCTL-STK.csv
Neg24h_NegCTL,PRKDC,7,21,0.044689618271195455,123,0.5324675324675324,0.8077702546788954,1,hpv_neg_25.13-signal_Neg24h_NegCTL-STK.csv
Neg24h_NegCTL,STE7,28,84,0.015281454155324593,1734,0.4857142857142857,0.8218091049260463,1,hpv_neg_25.13-signal_Neg24h_NegCTL-STK.csv
Neg24h_NegCTL,HAL,2,6,0.11715260206072445,12,0.5714285714285714,0.833935414088552,1,hpv_neg_25.13-signal_Neg24h_NegCTL-STK.csv
Neg24h_NegCTL,DYRK,26,78,0.03989454395789633,1583,0.5137942226549822,0.8342986709373672,1,hpv_neg_25.13-signal_Neg24h_NegCTL-STK.csv
Neg24h_NegCTL,STE11,5,15,0.0908667910536991,64,0.5333333333333333,0.8424296456125093,1,hpv_neg_25.13-signal_Neg24h_NegCTL-STK.csv
Neg24h_NegCTL,DAPK,18,54,0.013910095053108225,719,0.4841750841750842,0.8430176690443272,1,hpv_neg_25.13-signal_Neg24h_NegCTL-STK.csv
Neg24h_NegCTL,JNK,23,69,0.03631622366782697,1241,0.5138716356107661,0.8435886875875527,1,hpv_neg_25.13-signal_Neg24h_NegCTL-STK.csv
Neg24h_NegCTL,SGK,23,69,0.018662811857673847,1175,0.4865424430641822,0.8482699707945712,1,hpv_neg_25.13-signal_Neg24h_NegCTL-STK.csv
Neg24h_NegCTL,ATR,7,21,-0.0016088205371033119,110,0.47619047619047616,0.8620318791385603,1,hpv_neg_25.13-signal_Neg24h_NegCTL-STK.csv
Neg24h_NegCTL,GSK,12,36,0.035089116139015546,324,0.4864864864864865,0.8937664215473804,1,hpv_neg_25.13-signal_Neg24h_NegCTL-STK.csv
Neg24h_NegCTL,MSN,4,12,-1.015060040762128e-4,37,0.47435897435897434,0.9063293908364868,1,hpv_neg_25.13-signal_Neg24h_NegCTL-STK.csv
Neg24h_NegCTL,CK2,4,12,0.005144470151550973,37,0.47435897435897434,0.9063293908364868,1,hpv_neg_25.13-signal_Neg24h_NegCTL-STK.csv
Neg24h_NegCTL,GRK,8,24,0.036904886934260084,153,0.51,0.9430566709670429,1,hpv_neg_25.13-signal_Neg24h_NegCTL-STK.csv
Neg24h_NegCTL,PDK1,35,105,0.03480292601105268,2799,0.5029649595687331,0.9592068239015468,1,hpv_neg_25.13-signal_Neg24h_NegCTL-STK.csv
Neg24h_NegCTL,MLCK,5,15,0.056406606622804646,59,0.49166666666666664,0.9773446461818073,1,hpv_neg_25.13-signal_Neg24h_NegCTL-STK.csv
Neg24h_NegCTL,BARK2,3,9,0.04136352217805799,23,0.5111111111111111,1,1,hpv_neg_25.13-signal_Neg24h_NegCTL-STK.csv
Neg24h_NegCTL,PASK,1,3,-0.030892187239613733,3,0.5,1,1,hpv_neg_25.13-signal_Neg24h_NegCTL-STK.csv
Neg24h_NegCTL,BRSK,1,3,-0.04398988230793307,3,0.5,1,1,hpv_neg_25.13-signal_Neg24h_NegCTL-STK.csv
Neg24h_NegCTL,TAO,1,3,-0.028954198389693986,3,0.5,1,1,hpv_neg_25.13-signal_Neg24h_NegCTL-STK.csv
Neg24h_NegCTL,PAKB,2,6,0.031161738653095305,10,0.47619047619047616,1,1,hpv_neg_25.13-signal_Neg24h_NegCTL-STK.csv
Neg30m_NegCTL,PKCA,83,249,-0.24822199136180334,5902,0.18962248995983935,2.0473026556565058e-17,1.6378421245252046e-15,hpv_neg_25.12-signal_Neg30m_NegCTL-STK.csv
Neg30m_NegCTL,BARK1,93,279,-0.21966357237288542,8588,0.2198668714797747,5.00425573663924e-16,1.266726178735606e-14,hpv_neg_25.12-signal_Neg30m_NegCTL-STK.csv
Neg30m_NegCTL,VRK2,93,279,-0.21966357237288542,8588,0.2198668714797747,5.00425573663924e-16,1.266726178735606e-14,hpv_neg_25.12-signal_Neg30m_NegCTL-STK.csv
Neg30m_NegCTL,DMPK,77,231,-0.23459170319143496,5179,0.1932751156889088,6.333630893678031e-16,1.266726178735606e-14,hpv_neg_25.12-signal_Neg30m_NegCTL-STK.csv
Neg30m_NegCTL,PKA,54,162,-0.320317286700908,1832,0.13875634325532077,1.521711289021414e-15,2.4347380624342626e-14,hpv_neg_25.12-signal_Neg30m_NegCTL-STK.csv
Neg30m_NegCTL,RSK,66,198,-0.2635427162147829,3452,0.1752195320034516,2.2827371272215725e-15,3.043649502962097e-14,hpv_neg_25.12-signal_Neg30m_NegCTL-STK.csv
Neg30m_NegCTL,PHK,70,210,-0.23381973548487917,4465,0.20153464229293613,6.394171769523849e-14,7.307624879455828e-13,hpv_neg_25.12-signal_Neg30m_NegCTL-STK.csv
Neg30m_NegCTL,PIM,58,174,-0.22575150313951134,3036,0.1994088669950739,6.121956332350153e-12,6.121956332350153e-11,hpv_neg_25.12-signal_Neg30m_NegCTL-STK.csv
Neg30m_NegCTL,PKG,43,129,-0.30712612477187834,1334,0.15909361955873583,1.8401228624475228e-11,1.6356647666200205e-10,hpv_neg_25.12-signal_Neg30m_NegCTL-STK.csv
Neg30m_NegCTL,PKD,31,93,-0.3271668979277015,504,0.1153054221002059,1.18760452261568e-10,9.50083618092544e-10,hpv_neg_25.12-signal_Neg30m_NegCTL-STK.csv
Neg30m_NegCTL,RIPK,30,90,-0.35563059546829257,462,0.11282051282051282,1.7994716072047677e-10,1.3087066234216491e-9,hpv_neg_25.12-signal_Neg30m_NegCTL-STK.csv
Neg30m_NegCTL,IKK,39,117,-0.2624444460213587,1264,0.1831087932782848,2.710850917458537e-9,1.807233944972358e-8,hpv_neg_25.12-signal_Neg30m_NegCTL-STK.csv
Neg30m_NegCTL,PEK,62,186,-0.19488239101541335,4403,0.25317693059628543,5.296105890845753e-9,3.25914208667431e-8,hpv_neg_25.12-signal_Neg30m_NegCTL-STK.csv
Neg30m_NegCTL,QIK,48,144,-0.21882728656428596,2312,0.221455938697318,6.693459927630594e-9,3.824834244360339e-8,hpv_neg_25.12-signal_Neg30m_NegCTL-STK.csv
Neg30m_NegCTL,CDK,64,192,-0.1787540536603627,4819,0.2600928324697755,8.185353603773038e-9,4.365521922012286e-8,hpv_neg_25.12-signal_Neg30m_NegCTL-STK.csv
Neg30m_NegCTL,PDHK,43,129,-0.2439410921469059,1763,0.21025641025641026,1.1314548813608983e-8,5.6572744068044914e-8,hpv_neg_25.12-signal_Neg30m_NegCTL-STK.csv
Neg30m_NegCTL,MAPKAPK,38,114,-0.25197573802680207,1315,0.20061022120518687,2.900324476776043e-8,1.3648585773063734e-7,hpv_neg_25.12-signal_Neg30m_NegCTL-STK.csv
Neg30m_NegCTL,PAKA,25,75,-0.31865374005777136,377,0.13228070175438597,3.177152802083498e-8,1.4120679120371104e-7,hpv_neg_25.12-signal_Neg30m_NegCTL-STK.csv
Neg30m_NegCTL,AKT,34,102,-0.21522994939105855,1068,0.2033123929183324,1.9833931728634568e-7,8.351129148898765e-7,hpv_neg_25.12-signal_Neg30m_NegCTL-STK.csv
Neg30m_NegCTL,CAMK1,19,57,-0.3139738561471999,173,0.10465819721718088,2.1231268597257443e-7,8.492507438902977e-7,hpv_neg_25.12-signal_Neg30m_NegCTL-STK.csv
Neg30m_NegCTL,AMPK,19,57,-0.3078319518998781,183,0.11070780399274047,3.242648426139371e-7,1.235294638529284e-6,hpv_neg_25.12-signal_Neg30m_NegCTL-STK.csv
Neg30m_NegCTL,CK1,23,69,-0.25535039468301174,382,0.15817805383022773,8.112944622379698e-7,2.9501616808653446e-6,hpv_neg_25.12-signal_Neg30m_NegCTL-STK.csv
Neg30m_NegCTL,RAD53,28,84,-0.25203161027390364,727,0.20364145658263305,2.402732592683766e-6,8.357330757160924e-6,hpv_neg_25.12-signal_Neg30m_NegCTL-STK.csv
Neg30m_NegCTL,PKCD,11,33,-0.3230727698016061,31,0.05525846702317291,8.623509562721093e-6,2.8745031875736978e-5,hpv_neg_25.12-signal_Neg30m_NegCTL-STK.csv
Neg30m_NegCTL,DAPK,18,54,-0.25302613219162645,276,0.18585858585858586,6.011432703406738e-5,1.9236584650901564e-4,hpv_neg_25.12-signal_Neg30m_NegCTL-STK.csv
Neg30m_NegCTL,AUR,9,27,-0.2888123168080992,22,0.0582010582010582,6.329904728008034e-5,1.9476629932332413e-4,hpv_neg_25.12-signal_Neg30m_NegCTL-STK.csv
Neg30m_NegCTL,STE7,29,87,-0.19024741949349505,985,0.25731452455590387,8.502584379503136e-5,2.5192842605935214e-4,hpv_neg_25.12-signal_Neg30m_NegCTL-STK.csv
Neg30m_NegCTL,PLK,22,66,-0.2010056871360458,522,0.23609226594301222,1.958956657942886e-4,5.59701902269396e-4,hpv_neg_25.12-signal_Neg30m_NegCTL-STK.csv
Neg30m_NegCTL,MELK,23,69,-0.1643956212248107,592,0.24513457556935817,2.3594496032599535e-4,6.508826491751597e-4,hpv_neg_25.12-signal_Neg30m_NegCTL-STK.csv
Neg30m_NegCTL,NEK,15,45,-0.20255157532017568,214,0.20676328502415459,6.259163998543329e-4,0.0016691103996115545,hpv_neg_25.12-signal_Neg30m_NegCTL-STK.csv
Neg30m_NegCTL,SGK,23,69,-0.17946628019359362,648,0.2683229813664596,8.310786535547684e-4,0.0021447191059477894,hpv_neg_25.12-signal_Neg30m_NegCTL-STK.csv
Neg30m_NegCTL,CAMK2,13,39,-0.2475004865339969,166,0.21282051282051281,0.0018150166425400102,0.004537541606350026,hpv_neg_25.12-signal_Neg30m_NegCTL-STK.csv
Neg30m_NegCTL,PKCI,11,33,-0.22761007585888623,106,0.1889483065953654,0.0018772027519512685,0.004550794550184894,hpv_neg_25.12-signal_Neg30m_NegCTL-STK.csv
Neg30m_NegCTL,NDR,4,12,-0.33897544987706724,1,0.01282051282051282,0.0032637169016702335,0.007679333886282903,hpv_neg_25.12-signal_Neg30m_NegCTL-STK.csv
Neg30m_NegCTL,ATR,7,21,-0.22895695875145472,34,0.1471861471861472,0.0048721157733690795,0.011136264624843609,hpv_neg_25.12-signal_Neg30m_NegCTL-STK.csv
Neg30m_NegCTL,MLK,13,39,-0.16320420778281564,192,0.24615384615384617,0.005849294831209879,0.012998432958244177,hpv_neg_25.12-signal_Neg30m_NegCTL-STK.csv
Neg30m_NegCTL,RAF,14,42,-0.14096817115049598,234,0.2591362126245847,0.0066617767002392836,0.014403841514030884,hpv_neg_25.12-signal_Neg30m_NegCTL-STK.csv
Neg30m_NegCTL,P38,29,87,-0.11664101083233697,1292,0.3375130616509927,0.008527690197622735,0.01795303199499523,hpv_neg_25.12-signal_Neg30m_NegCTL-STK.csv
Neg30m_NegCTL,CHK1,10,30,-0.20069895987360997,107,0.23010752688172043,0.010139290676148644,0.020798544976715166,hpv_neg_25.12-signal_Neg30m_NegCTL-STK.csv
Neg30m_NegCTL,MTOR,16,48,-0.13576246654423016,340,0.2891156462585034,0.011133041980886804,0.022266083961773608,hpv_neg_25.12-signal_Neg30m_NegCTL-STK.csv
Neg30m_NegCTL,PRKDC,7,21,-0.19796792434922117,48,0.2077922077922078,0.01987164849897301,0.038773948290679046,hpv_neg_25.12-signal_Neg30m_NegCTL-STK.csv
Neg30m_NegCTL,GRK,8,24,-0.2796203518412655,70,0.23333333333333334,0.02312104643565692,0.04404008844887032,hpv_neg_25.12-signal_Neg30m_NegCTL-STK.csv
Neg30m_NegCTL,PDK1,35,105,-0.07556829505566563,2154,0.3870619946091644,0.04468617455312875,0.08212134191551704,hpv_neg_25.12-signal_Neg30m_NegCTL-STK.csv
Neg30m_NegCTL,GSK,12,36,-0.10586583255502909,205,0.3078078078078078,0.04516673805353437,0.08212134191551704,hpv_neg_25.12-signal_Neg30m_NegCTL-STK.csv
Neg30m_NegCTL,PKCH,13,39,-0.10933224260379999,256,0.3282051282051282,0.06246336053751865,0.11104597428892204,hpv_neg_25.12-signal_Neg30m_NegCTL-STK.csv
Neg30m_NegCTL,CK2,5,15,-0.17839334128650375,28,0.23333333333333334,0.07360196839165505,0.1262464443391357,hpv_neg_25.12-signal_Neg30m_NegCTL-STK.csv
Neg30m_NegCTL,MARK,6,18,-0.21100808214774583,44,0.2573099415204678,0.07416978604924222,0.1262464443391357,hpv_neg_25.12-signal_Neg30m_NegCTL-STK.csv
Neg30m_NegCTL,FRAY,11,33,-0.10777049948571633,182,0.3244206773618538,0.0799377703236374,0.13322961720606233,hpv_neg_25.12-signal_Neg30m_NegCTL-STK.csv
Neg30m_NegCTL,HAL,2,6,-0.2513619351423083,3,0.14285714285714285,0.1422132419363925,0.23218488479411023,hpv_neg_25.12-signal_Neg30m_NegCTL-STK.csv
Neg30m_NegCTL,IRAK,9,27,-0.10473726650384604,128,0.3386243386243386,0.14608152832218668,0.2337304453154987,hpv_neg_25.12-signal_Neg30m_NegCTL-STK.csv
Neg30m_NegCTL,ERK,30,90,-0.05557077557095299,1697,0.41440781440781443,0.1590448974280781,0.24948219204404407,hpv_neg_25.12-signal_Neg30m_NegCTL-STK.csv
Neg30m_NegCTL,PASK,1,3,-0.6160070749171954,0,0,0.1814492077214203,0.27388559656063444,hpv_neg_25.12-signal_Neg30m_NegCTL-STK.csv
Neg30m_NegCTL,ATM,1,3,-0.41083366461050846,0,0,0.1814492077214203,0.27388559656063444,hpv_neg_25.12-signal_Neg30m_NegCTL-STK.csv
Neg30m_NegCTL,DYRK,27,81,-0.05052981379772432,1411,0.42487202649804273,0.24105175241082968,0.3571137072753032,hpv_neg_25.12-signal_Neg30m_NegCTL-STK.csv
Neg30m_NegCTL,BARK2,3,9,-0.12777311667087482,13,0.28888888888888886,0.2863205967930592,0.41646632260808614,hpv_neg_25.12-signal_Neg30m_NegCTL-STK.csv
Neg30m_NegCTL,VRK1,3,9,-0.06556434508102557,14,0.3111111111111111,0.34325256243603103,0.4809490724704181,hpv_neg_25.12-signal_Neg30m_NegCTL-STK.csv
Neg30m_NegCTL,STE11,5,15,-0.12109021762547073,43,0.35833333333333334,0.34868807754105313,0.4809490724704181,hpv_neg_25.12-signal_Neg30m_NegCTL-STK.csv
Neg30m_NegCTL,STKR,5,15,-0.12266724476077748,43,0.35833333333333334,0.34868807754105313,0.4809490724704181,hpv_neg_25.12-signal_Neg30m_NegCTL-STK.csv
Neg30m_NegCTL,KHS,1,3,-0.23295276274699478,1,0.16666666666666666,0.42267807417063546,0.554331900551653,hpv_neg_25.12-signal_Neg30m_NegCTL-STK.csv
Neg30m_NegCTL,BRSK,1,3,0.14411436579992437,5,0.8333333333333334,0.4226780741706355,0.554331900551653,hpv_neg_25.12-signal_Neg30m_NegCTL-STK.csv
Neg30m_NegCTL,MOS,1,3,0.25078351088161843,5,0.8333333333333334,0.4226780741706355,0.554331900551653,hpv_neg_25.12-signal_Neg30m_NegCTL-STK.csv
Neg30m_NegCTL,MSN,4,12,-0.07056454515331925,29,0.3717948717948718,0.45612585171352166,0.5885494860819634,hpv_neg_25.12-signal_Neg30m_NegCTL-STK.csv
Neg30m_NegCTL,LKB,5,15,-0.052028209529189816,49,0.4083333333333333,0.5509348056804799,0.6886685071005999,hpv_neg_25.12-signal_Neg30m_NegCTL-STK.csv
Neg30m_NegCTL,COT,5,15,-0.06745473298221598,49,0.4083333333333333,0.5509348056804799,0.6886685071005999,hpv_neg_25.12-signal_Neg30m_NegCTL-STK.csv
Neg30m_NegCTL,JNK,24,72,-0.02290542242190547,1211,0.460806697108067,0.5651570015828122,0.6955778481019228,hpv_neg_25.12-signal_Neg30m_NegCTL-STK.csv
Neg30m_NegCTL,TAO,1,3,-0.0403804865313931,2,0.3333333333333333,0.7892680261342813,0.9150933636339493,hpv_neg_25.12-signal_Neg30m_NegCTL-STK.csv
Neg30m_NegCTL,NMO,1,3,0.26323092575020013,4,0.6666666666666666,0.7892680261342813,0.9150933636339493,hpv_neg_25.12-signal_Neg30m_NegCTL-STK.csv
Neg30m_NegCTL,NAK,1,3,-0.017378289127091346,2,0.3333333333333333,0.7892680261342813,0.9150933636339493,hpv_neg_25.12-signal_Neg30m_NegCTL-STK.csv
Neg30m_NegCTL,SLK,1,3,-0.06620403477936523,2,0.3333333333333333,0.7892680261342813,0.9150933636339493,hpv_neg_25.12-signal_Neg30m_NegCTL-STK.csv
Neg30m_NegCTL,MLCK,5,15,0.010673082437267762,57,0.475,0.8870875422894803,1,hpv_neg_25.12-signal_Neg30m_NegCTL-STK.csv
Neg30m_NegCTL,MST,16,48,-0.004447548255233817,582,0.49489795918367346,0.9550143956297488,1,hpv_neg_25.12-signal_Neg30m_NegCTL-STK.csv
Neg30m_NegCTL,EGFR,1,3,0.06393177445855494,3,0.5,1,1,hpv_neg_25.12-signal_Neg30m_NegCTL-STK.csv
Neg30m_NegCTL,CSK,1,3,0.06393177445855494,3,0.5,1,1,hpv_neg_25.12-signal_Neg30m_NegCTL-STK.csv
Neg30m_NegCTL,TEC,1,3,0.06393177445855494,3,0.5,1,1,hpv_neg_25.12-signal_Neg30m_NegCTL-STK.csv
Neg30m_NegCTL,PDGFR,1,3,0.06393177445855494,3,0.5,1,1,hpv_neg_25.12-signal_Neg30m_NegCTL-STK.csv
Neg30m_NegCTL,SYK,1,3,0.06393177445855494,3,0.5,1,1,hpv_neg_25.12-signal_Neg30m_NegCTL-STK.csv
Neg30m_NegCTL,AXL,1,3,0.06393177445855494,3,0.5,1,1,hpv_neg_25.12-signal_Neg30m_NegCTL-STK.csv
Neg30m_NegCTL,VEGFR,1,3,0.06393177445855494,3,0.5,1,1,hpv_neg_25.12-signal_Neg30m_NegCTL-STK.csv
Neg30m_NegCTL,PAKB,2,6,0.040844900797924424,11,0.5238095238095238,1,1,hpv_neg_25.12-signal_Neg30m_NegCTL-STK.csv
Neg30m_NegCTL,PKN,1,3,0.023345251885214857,3,0.5,1,1,hpv_neg_25.12-signal_Neg30m_NegCTL-STK.csv
Neg4h_NegCTL,PKA,53,159,-0.16763540854673256,3044,0.23930817610062893,1.935327137013131e-8,1.5289084382403735e-6,hpv_neg_25.13-signal_Neg4h_NegCTL-STK.csv
Neg4h_NegCTL,PKG,42,126,-0.170312465578736,1871,0.23384576927884015,3.5715685839468944e-7,1.4107695906590233e-5,hpv_neg_25.13-signal_Neg4h_NegCTL-STK.csv
Neg4h_NegCTL,RSK,65,195,-0.12122121645193931,5731,0.2998953427524856,1.9519120964262597e-6,5.140035187255817e-5,hpv_neg_25.13-signal_Neg4h_NegCTL-STK.csv
Neg4h_NegCTL,RIPK,30,90,-0.18913078568680533,900,0.21978021978021978,3.927717178299134e-6,7.757241427140789e-5,hpv_neg_25.13-signal_Neg4h_NegCTL-STK.csv
Neg4h_NegCTL,PKD,31,93,-0.1760230274382848,1009,0.23083962479981698,6.60754518440003e-6,1.0439921391352048e-4,hpv_neg_25.13-signal_Neg4h_NegCTL-STK.csv
Neg4h_NegCTL,DMPK,76,228,-0.10078573839455354,8636,0.33080517888607985,1.4022649486030286e-5,1.8463155156606543e-4,hpv_neg_25.13-signal_Neg4h_NegCTL-STK.csv
Neg4h_NegCTL,PAKA,25,75,-0.18035725592841217,618,0.2168421052631579,2.0555569018868793e-5,2.3198427892723354e-4,hpv_neg_25.13-signal_Neg4h_NegCTL-STK.csv
Neg4h_NegCTL,PKCA,81,243,-0.09868673582987775,10171,0.3430816973622074,3.245926062914649e-5,3.205351987128216e-4,hpv_neg_25.13-signal_Neg4h_NegCTL-STK.csv
Neg4h_NegCTL,PDHK,42,126,-0.1287480357251838,2397,0.2995875515560555,9.503170907988375e-5,8.341672241456463e-4,hpv_neg_25.13-signal_Neg4h_NegCTL-STK.csv
Neg4h_NegCTL,PHK,68,204,-0.10102573786176251,7185,0.3436154949784792,1.0755973083230366e-4,0.00084972187357519895,hpv_neg_25.13-signal_Neg4h_NegCTL-STK.csv
Neg4h_NegCTL,AMPK,19,57,-0.17477399647822833,343,0.2075015124016939,1.2427526960752212e-4,8.925223908176589e-4,hpv_neg_25.13-signal_Neg4h_NegCTL-STK.csv
Neg4h_NegCTL,PKCD,11,33,-0.20368706800111921,73,0.13012477718360071,2.1675724018039403e-4,0.0014269851645209272,hpv_neg_25.13-signal_Neg4h_NegCTL-STK.csv
Neg4h_NegCTL,BARK1,91,273,-0.07967912018007099,13972.5,0.37358626774685166,4.070285562199541e-4,0.0022968039958125982,hpv_neg_25.13-signal_Neg4h_NegCTL-STK.csv
Neg4h_NegCTL,VRK2,91,273,-0.07967912018007099,13972.5,0.37358626774685166,4.070285562199541e-4,0.0022968039958125982,hpv_neg_25.13-signal_Neg4h_NegCTL-STK.csv
Neg4h_NegCTL,PIM,58,174,-0.08849780354318322,5322,0.34955665024630544,8.398453441347774e-4,0.004423185479109828,hpv_neg_25.13-signal_Neg4h_NegCTL-STK.csv
Neg4h_NegCTL,RAD53,27,81,-0.1207606545187753,928,0.2794339054501656,9.110934334212677e-4,0.004498523827517509,hpv_neg_25.13-signal_Neg4h_NegCTL-STK.csv
Neg4h_NegCTL,IKK,39,117,-0.11235326806863033,2255,0.3266695639576995,0.0011423904339199862,0.005308755545863466,hpv_neg_25.13-signal_Neg4h_NegCTL-STK.csv
Neg4h_NegCTL,AKT,33,99,-0.10395122512875107,1569,0.31696969696969696,0.001575216411338651,0.006913449805319636,hpv_neg_25.13-signal_Neg4h_NegCTL-STK.csv
Neg4h_NegCTL,MAPKAPK,37,111,-0.11847845542812364,2090,0.3362290862290862,0.0027556183232828537,0.011457570923123444,hpv_neg_25.13-signal_Neg4h_NegCTL-STK.csv
Neg4h_NegCTL,CAMK1,19,57,-0.14253041483684634,459,0.2776769509981851,0.003546739674330425,0.01400962171360518,hpv_neg_25.13-signal_Neg4h_NegCTL-STK.csv
Neg4h_NegCTL,PEK,60,180,-0.07463746427508243,6140,0.3769183548189073,0.005820509257497525,0.021896201492490688,hpv_neg_25.13-signal_Neg4h_NegCTL-STK.csv
Neg4h_NegCTL,AUR,9,27,-0.14965073333672116,75,0.1984126984126984,0.0063944543368103695,0.022961904209455417,hpv_neg_25.13-signal_Neg4h_NegCTL-STK.csv
Neg4h_NegCTL,ERK,29,87,0.08695812245977796,2499,0.6528213166144201,0.00684760544746621,0.023520036102166547,hpv_neg_25.13-signal_Neg4h_NegCTL-STK.csv
Neg4h_NegCTL,DYRK,26,78,0.07906517210603714,2025.5,0.657416423239208,0.00785923084771123,0.02586996820704946,hpv_neg_25.13-signal_Neg4h_NegCTL-STK.csv
Neg4h_NegCTL,CK1,22,66,-0.11476578141891133,699,0.31614654002713705,0.009498769073957749,0.030016110273706487,hpv_neg_25.13-signal_Neg4h_NegCTL-STK.csv
Neg4h_NegCTL,QIK,47,141,-0.08275459315939696,3760,0.3755868544600939,0.010398490284761327,0.031595412788313265,hpv_neg_25.13-signal_Neg4h_NegCTL-STK.csv
Neg4h_NegCTL,NDR,4,12,-0.17634305661133082,8,0.10256410256410256,0.016728700389704677,0.047198833242381055,hpv_neg_25.13-signal_Neg4h_NegCTL-STK.csv
Neg4h_NegCTL,CK2,4,12,-0.2013983646849718,8,0.10256410256410256,0.016728700389704677,0.047198833242381055,hpv_neg_25.13-signal_Neg4h_NegCTL-STK.csv
Neg4h_NegCTL,JNK,23,69,0.07467754550349734,1603.5,0.6639751552795031,0.01804572594285747,0.049159046533991044,hpv_neg_25.13-signal_Neg4h_NegCTL-STK.csv
Neg4h_NegCTL,CAMK2,12,36,-0.12591203245014732,184,0.27627627627627627,0.019647075858190137,0.05173729975990069,hpv_neg_25.13-signal_Neg4h_NegCTL-STK.csv
Neg4h_NegCTL,PKCI,11,33,-0.12609203511433398,153,0.2727272727272727,0.023255296982184443,0.05926349876105068,hpv_neg_25.13-signal_Neg4h_NegCTL-STK.csv
Neg4h_NegCTL,STE7,28,84,-0.07076253391044637,1372,0.3843137254901961,0.06581844958456211,0.1624892974118877,hpv_neg_25.13-signal_Neg4h_NegCTL-STK.csv
Neg4h_NegCTL,MARK,5,15,-0.17919983056980665,29,0.24166666666666667,0.08322308147757372,0.19923101323419165,hpv_neg_25.13-signal_Neg4h_NegCTL-STK.csv
Neg4h_NegCTL,DAPK,18,54,-0.08653990002388093,537,0.3616161616161616,0.11507372301706945,0.26737717995142607,hpv_neg_25.13-signal_Neg4h_NegCTL-STK.csv
Neg4h_NegCTL,VRK1,3,9,0.1117916235458113,36,0.8,0.12353425375256943,0.2788344584700853,hpv_neg_25.13-signal_Neg4h_NegCTL-STK.csv
Neg4h_NegCTL,CDK,62,186,-0.046318622070941694,7503.5,0.43145880052900926,0.13202135886375743,0.28971353750657886,hpv_neg_25.13-signal_Neg4h_NegCTL-STK.csv
Neg4h_NegCTL,PDK1,35,105,0.04487193135288043,3187,0.5726864330637915,0.1387821096223132,0.2963185583827768,hpv_neg_25.13-signal_Neg4h_NegCTL-STK.csv
Neg4h_NegCTL,P38,28,84,0.03667610554880503,2042,0.5719887955182072,0.1753442648050545,0.3343191404679367,hpv_neg_25.13-signal_Neg4h_NegCTL-STK.csv
Neg4h_NegCTL,CHK1,10,30,-0.07896173237255494,155,0.3333333333333333,0.1800378598736641,0.3343191404679367,hpv_neg_25.13-signal_Neg4h_NegCTL-STK.csv
Neg4h_NegCTL,NAK,1,3,0.07685544108315263,6,1,0.18144920772142026,0.3343191404679367,hpv_neg_25.13-signal_Neg4h_NegCTL-STK.csv
Neg4h_NegCTL,SLK,1,3,0.273848350292013,6,1,0.18144920772142026,0.3343191404679367,hpv_neg_25.13-signal_Neg4h_NegCTL-STK.csv
Neg4h_NegCTL,ATM,1,3,-0.29522866708972967,0,0,0.1814492077214203,0.3343191404679367,hpv_neg_25.13-signal_Neg4h_NegCTL-STK.csv
Neg4h_NegCTL,MLCK,5,15,0.08899269284398839,84,0.7,0.18197117772305416,0.3343191404679367,hpv_neg_25.13-signal_Neg4h_NegCTL-STK.csv
Neg4h_NegCTL,NEK,15,45,-0.05968733403511741,402,0.3884057971014493,0.19426381673126616,0.3485418740555632,hpv_neg_25.13-signal_Neg4h_NegCTL-STK.csv
Neg4h_NegCTL,MST,16,48,0.057640877162289134,686,0.5833333333333334,0.19853651053797905,0.3485418740555632,hpv_neg_25.13-signal_Neg4h_NegCTL-STK.csv
Neg4h_NegCTL,GRK,8,24,-0.11798053762265025,105,0.35,0.20357622354788252,0.3496200360931026,hpv_neg_25.13-signal_Neg4h_NegCTL-STK.csv
Neg4h_NegCTL,PLK,21,63,-0.05702745926361679,829,0.41121031746031744,0.22169644041978426,0.3726386977268714,hpv_neg_25.13-signal_Neg4h_NegCTL-STK.csv
Neg4h_NegCTL,LKB,5,15,0.08541164297419991,81,0.675,0.24429364133177667,0.40206661802521576,hpv_neg_25.13-signal_Neg4h_NegCTL-STK.csv
Neg4h_NegCTL,SGK,23,69,-0.05937464957675832,1023,0.4236024844720497,0.2712771722190133,0.437365236842899,hpv_neg_25.13-signal_Neg4h_NegCTL-STK.csv
Neg4h_NegCTL,FRAY,11,33,-0.04790161891349163,226,0.4028520499108734,0.3346135491181003,0.5286894076065985,hpv_neg_25.13-signal_Neg4h_NegCTL-STK.csv
Neg4h_NegCTL,MELK,23,69,-0.03806392213061078,1048,0.4339544513457557,0.34178082493710865,0.529425199412384,hpv_neg_25.13-signal_Neg4h_NegCTL-STK.csv
Neg4h_NegCTL,MTOR,16,48,0.03200885442011995,678,0.576530612244898,0.3586393947718889,0.5448560035957543,hpv_neg_25.13-signal_Neg4h_NegCTL-STK.csv
Neg4h_NegCTL,PASK,1,3,-0.34069712039737815,1,0.16666666666666666,0.42267807417063546,0.6071194156269129,hpv_neg_25.13-signal_Neg4h_NegCTL-STK.csv
Neg4h_NegCTL,NMO,1,3,0.211281963278722,5,0.8333333333333334,0.4226780741706355,0.6071194156269129,hpv_neg_25.13-signal_Neg4h_NegCTL-STK.csv
Neg4h_NegCTL,PKN,1,3,0.12744374007954562,5,0.8333333333333334,0.4226780741706355,0.6071194156269129,hpv_neg_25.13-signal_Neg4h_NegCTL-STK.csv
Neg4h_NegCTL,COT,5,15,0.04598728532013182,74,0.6166666666666667,0.44323107559105224,0.6252724102088059,hpv_neg_25.13-signal_Neg4h_NegCTL-STK.csv
Neg4h_NegCTL,MSN,4,12,0.05103863739418854,49,0.6282051282051282,0.4561258517135216,0.6321744260590914,hpv_neg_25.13-signal_Neg4h_NegCTL-STK.csv
Neg4h_NegCTL,GSK,12,36,0.02147269414788286,379,0.5690690690690691,0.47471337882350007,0.646592360811319,hpv_neg_25.13-signal_Neg4h_NegCTL-STK.csv
Neg4h_NegCTL,PAKB,2,6,0.1456409092634523,14,0.6666666666666666,0.5293681061847979,0.6912071761907174,hpv_neg_25.13-signal_Neg4h_NegCTL-STK.csv
Neg4h_NegCTL,HAL,2,6,-0.1700236989567796,7,0.3333333333333333,0.5293681061847979,0.6912071761907174,hpv_neg_25.13-signal_Neg4h_NegCTL-STK.csv
Neg4h_NegCTL,EGFR,1,3,0.04207257206780657,4.5,0.75,0.58621368107314,0.6912071761907174,hpv_neg_25.13-signal_Neg4h_NegCTL-STK.csv
Neg4h_NegCTL,CSK,1,3,0.04207257206780657,4.5,0.75,0.58621368107314,0.6912071761907174,hpv_neg_25.13-signal_Neg4h_NegCTL-STK.csv
Neg4h_NegCTL,TEC,1,3,0.04207257206780657,4.5,0.75,0.58621368107314,0.6912071761907174,hpv_neg_25.13-signal_Neg4h_NegCTL-STK.csv
Neg4h_NegCTL,PDGFR,1,3,0.04207257206780657,4.5,0.75,0.58621368107314,0.6912071761907174,hpv_neg_25.13-signal_Neg4h_NegCTL-STK.csv
Neg4h_NegCTL,SYK,1,3,0.04207257206780657,4.5,0.75,0.58621368107314,0.6912071761907174,hpv_neg_25.13-signal_Neg4h_NegCTL-STK.csv
Neg4h_NegCTL,AXL,1,3,0.04207257206780657,4.5,0.75,0.58621368107314,0.6912071761907174,hpv_neg_25.13-signal_Neg4h_NegCTL-STK.csv
Neg4h_NegCTL,VEGFR,1,3,0.04207257206780657,4.5,0.75,0.58621368107314,0.6912071761907174,hpv_neg_25.13-signal_Neg4h_NegCTL-STK.csv
Neg4h_NegCTL,MLK,13,39,-0.03433997575474807,358,0.45897435897435895,0.66023956522124,0.7670430243011466,hpv_neg_25.13-signal_Neg4h_NegCTL-STK.csv
Neg4h_NegCTL,RAF,14,42,0.016915263035597206,485,0.5370985603543743,0.6798843842269466,0.7784183529554896,hpv_neg_25.13-signal_Neg4h_NegCTL-STK.csv
Neg4h_NegCTL,STKR,4,12,-0.09326741809491507,34,0.4358974358974359,0.7240816609153895,0.8171778744616539,hpv_neg_25.13-signal_Neg4h_NegCTL-STK.csv
Neg4h_NegCTL,STE11,5,15,0.04279592672276214,66,0.55,0.7547525012901841,0.8397950366468246,hpv_neg_25.13-signal_Neg4h_NegCTL-STK.csv
Neg4h_NegCTL,KHS,1,3,-0.025332636467397005,2,0.3333333333333333,0.7892680261342813,0.8660024175640031,hpv_neg_25.13-signal_Neg4h_NegCTL-STK.csv
Neg4h_NegCTL,BARK2,3,9,4.129389225641162e-5,24.5,0.5444444444444444,0.8588323362422003,0.9202772763776522,hpv_neg_25.13-signal_Neg4h_NegCTL-STK.csv
Neg4h_NegCTL,ATR,7,21,-0.01640066712523713,110,0.47619047619047616,0.8620318791385603,0.9202772763776522,hpv_neg_25.13-signal_Neg4h_NegCTL-STK.csv
Neg4h_NegCTL,IRAK,8,24,-0.004265449232998469,133,0.44333333333333336,0.8911356946286636,0.9386629316755256,hpv_neg_25.13-signal_Neg4h_NegCTL-STK.csv
Neg4h_NegCTL,PRKDC,7,21,-3.8254579902420263e-4,118,0.5108225108225108,0.944579454524858,0.9818654856245235,hpv_neg_25.13-signal_Neg4h_NegCTL-STK.csv
Neg4h_NegCTL,PKCH,13,39,0.006075161432800892,394,0.5051282051282051,0.9610448182778062,0.986007021349957,hpv_neg_25.13-signal_Neg4h_NegCTL-STK.csv
Neg4h_NegCTL,BRSK,1,3,-0.00404126378769698,3,0.5,1,1,hpv_neg_25.13-signal_Neg4h_NegCTL-STK.csv
Neg4h_NegCTL,TAO,1,3,-0.02812007410934867,3,0.5,1,1,hpv_neg_25.13-signal_Neg4h_NegCTL-STK.csv
Neg5m_NegCTL,BARK1,93,279,-0.22271983621116395,6559,0.16792114695340501,1.1390892481365545e-21,4.556356992546218e-20,hpv_neg_25.12-signal_Neg5m_NegCTL-STK.csv
Neg5m_NegCTL,VRK2,93,279,-0.22271983621116395,6559,0.16792114695340501,1.1390892481365545e-21,4.556356992546218e-20,hpv_neg_25.12-signal_Neg5m_NegCTL-STK.csv
Neg5m_NegCTL,PKCA,83,249,-0.2235964100564122,5144,0.1652690763052209,5.318516178090502e-20,1.4182709808241339e-18,hpv_neg_25.12-signal_Neg5m_NegCTL-STK.csv
Neg5m_NegCTL,DMPK,77,231,-0.2241809048627018,4243,0.1583445290341842,3.6335745461549622e-19,7.267149092309925e-18,hpv_neg_25.12-signal_Neg5m_NegCTL-STK.csv
Neg5m_NegCTL,PIM,58,174,-0.24885494069414565,1824,0.11980295566502464,3.372855582716989e-18,5.3965689323471826e-17,hpv_neg_25.12-signal_Neg5m_NegCTL-STK.csv
Neg5m_NegCTL,CDK,64,192,-0.24483851773468845,2755,0.14869386873920554,5.1876834943465625e-17,6.916911325795417e-16,hpv_neg_25.12-signal_Neg5m_NegCTL-STK.csv
Neg5m_NegCTL,PHK,70,210,-0.20269778163274266,3663,0.16533513879485442,6.840417173231324e-17,7.817619626550086e-16,hpv_neg_25.12-signal_Neg5m_NegCTL-STK.csv
Neg5m_NegCTL,PEK,62,186,-0.2220175761023549,3016,0.1734230349031108,1.1267924892211255e-14,1.123612734055013e-13,hpv_neg_25.12-signal_Neg5m_NegCTL-STK.csv
Neg5m_NegCTL,RSK,66,198,-0.22096734908421733,3626,0.18405157098624436,1.2640643258118896e-14,1.123612734055013e-13,hpv_neg_25.12-signal_Neg5m_NegCTL-STK.csv
Neg5m_NegCTL,QIK,48,144,-0.21953819330740668,1616,0.15478927203065135,6.648497702491534e-13,5.318798161993227e-12,hpv_neg_25.12-signal_Neg5m_NegCTL-STK.csv
Neg5m_NegCTL,PKA,54,162,-0.2026193011041199,2359,0.17867151404983717,2.169289929347915e-12,1.57766540316212e-11,hpv_neg_25.12-signal_Neg5m_NegCTL-STK.csv
Neg5m_NegCTL,IKK,39,117,-0.2628745356650561,1113,0.16123424598000868,2.0319846978577505e-10,1.3546564652385004e-9,hpv_neg_25.12-signal_Neg5m_NegCTL-STK.csv
Neg5m_NegCTL,PDK1,35,105,-0.27466032975129767,777,0.13962264150943396,2.426609416121318e-10,1.4932981022285036e-9,hpv_neg_25.12-signal_Neg5m_NegCTL-STK.csv
Neg5m_NegCTL,MAPKAPK,38,114,-0.22770333068909243,1068,0.16292906178489702,4.2186242363187473e-10,2.41064242075357e-9,hpv_neg_25.12-signal_Neg5m_NegCTL-STK.csv
Neg5m_NegCTL,P38,29,87,-0.2937078624280819,469,0.12251828631138977,9.73553411506524e-10,5.1922848613681285e-9,hpv_neg_25.12-signal_Neg5m_NegCTL-STK.csv
Neg5m_NegCTL,ERK,30,90,-0.2859337455976079,516,0.126007326007326,1.2041279379600868e-9,6.020639689800434e-9,hpv_neg_25.12-signal_Neg5m_NegCTL-STK.csv
Neg5m_NegCTL,PKG,43,129,-0.21774513308196108,1647,0.19642218246869408,3.6570959891983808e-9,1.693324470001796e-8,hpv_neg_25.12-signal_Neg5m_NegCTL-STK.csv
Neg5m_NegCTL,DYRK,27,81,-0.3015740767056874,391,0.11773562180066245,3.809980057504041e-9,1.693324470001796e-8,hpv_neg_25.12-signal_Neg5m_NegCTL-STK.csv
Neg5m_NegCTL,AKT,34,102,-0.1916779636297479,867,0.1650485436893204,4.309277047577881e-9,1.8144324410854235e-8,hpv_neg_25.12-signal_Neg5m_NegCTL-STK.csv
Neg5m_NegCTL,SGK,23,69,-0.2429893552884049,273,0.11304347826086956,2.3459493742865762e-8,9.383797497146305e-8,hpv_neg_25.12-signal_Neg5m_NegCTL-STK.csv
Neg5m_NegCTL,PDHK,43,129,-0.16361673855110978,1898,0.22635658914728682,6.952028765035332e-8,2.6483919104896503e-7,hpv_neg_25.12-signal_Neg5m_NegCTL-STK.csv
Neg5m_NegCTL,JNK,24,72,-0.3091320243289392,358,0.13622526636225266,8.231778968393167e-8,2.9933741703247877e-7,hpv_neg_25.12-signal_Neg5m_NegCTL-STK.csv
Neg5m_NegCTL,PKD,31,93,-0.2150944081579783,794,0.18165179592770533,9.834999230174067e-8,3.420869297451849e-7,hpv_neg_25.12-signal_Neg5m_NegCTL-STK.csv
Neg5m_NegCTL,PAKA,25,75,-0.19827538333571693,421,0.14771929824561403,1.1641392186569865e-7,3.880464062189955e-7,hpv_neg_25.12-signal_Neg5m_NegCTL-STK.csv
Neg5m_NegCTL,RIPK,30,90,-0.22878336709589442,733,0.178998778998779,1.242523348708307e-7,3.9760747158665826e-7,hpv_neg_25.12-signal_Neg5m_NegCTL-STK.csv
Neg5m_NegCTL,MELK,23,69,-0.22841156684594974,330,0.13664596273291926,1.5752811067468811e-7,4.847018789990403e-7,hpv_neg_25.12-signal_Neg5m_NegCTL-STK.csv
Neg5m_NegCTL,RAD53,28,84,-0.22959501828509993,630,0.17647058823529413,2.6214037680949576e-7,7.767122275836911e-7,hpv_neg_25.12-signal_Neg5m_NegCTL-STK.csv
Neg5m_NegCTL,PLK,22,66,-0.23693089930314262,330,0.14925373134328357,1.2413397804419767e-6,3.5466850869770764e-6,hpv_neg_25.12-signal_Neg5m_NegCTL-STK.csv
Neg5m_NegCTL,RAF,14,42,-0.2760356669856233,69,0.07641196013289037,1.784616435575692e-6,4.923079822277771e-6,hpv_neg_25.12-signal_Neg5m_NegCTL-STK.csv
Neg5m_NegCTL,STE7,29,87,-0.22570299691463414,807,0.21081504702194356,2.8251473127799873e-6,7.533726167413299e-6,hpv_neg_25.12-signal_Neg5m_NegCTL-STK.csv
Neg5m_NegCTL,CK1,23,69,-0.19942108668832823,451,0.1867494824016563,6.181526610252274e-6,1.5952326736134902e-5,hpv_neg_25.12-signal_Neg5m_NegCTL-STK.csv
Neg5m_NegCTL,AMPK,19,57,-0.2096353438618711,260,0.1572897761645493,6.89229483649533e-6,1.7230737091238325e-5,hpv_neg_25.12-signal_Neg5m_NegCTL-STK.csv
Neg5m_NegCTL,MST,16,48,-0.20584611564198874,152,0.1292517006802721,7.942597253133737e-6,1.9254781219718153e-5,hpv_neg_25.12-signal_Neg5m_NegCTL-STK.csv
Neg5m_NegCTL,DAPK,18,54,-0.19674198900344236,216,0.14545454545454545,9.983542677447934e-6,2.349068865281867e-5,hpv_neg_25.12-signal_Neg5m_NegCTL-STK.csv
Neg5m_NegCTL,GSK,12,36,-0.386879409281313,62,0.09309309309309309,2.140469587073571e-5,4.8925019133110186e-5,hpv_neg_25.12-signal_Neg5m_NegCTL-STK.csv
Neg5m_NegCTL,CAMK1,19,57,-0.2163099011375305,304,0.1839080459770115,3.362742895583792e-5,7.472761990186205e-5,hpv_neg_25.12-signal_Neg5m_NegCTL-STK.csv
Neg5m_NegCTL,PKCH,13,39,-0.22833751728750334,107,0.1371794871794872,8.070834638520661e-5,1.7450453272477106e-4,hpv_neg_25.12-signal_Neg5m_NegCTL-STK.csv
Neg5m_NegCTL,MTOR,16,48,-0.220312287731422,204,0.17346938775510204,8.375790124053865e-5,1.7633242366429187e-4,hpv_neg_25.12-signal_Neg5m_NegCTL-STK.csv
Neg5m_NegCTL,MLK,13,39,-0.28199052646387357,112,0.14358974358974358,1.0771940495289373e-4,2.209628819546538e-4,hpv_neg_25.12-signal_Neg5m_NegCTL-STK.csv
Neg5m_NegCTL,FRAY,11,33,-0.21964281798330257,75,0.13368983957219252,2.493710652319392e-4,4.987421304638784e-4,hpv_neg_25.12-signal_Neg5m_NegCTL-STK.csv
Neg5m_NegCTL,ATR,7,21,-0.29445418269930296,11,0.047619047619047616,3.0058468224311515e-4,5.865066970597368e-4,hpv_neg_25.12-signal_Neg5m_NegCTL-STK.csv
Neg5m_NegCTL,PKCD,11,33,-0.18308593349323674,83,0.14795008912655971,4.3160807428621644e-4,8.221106176880313e-4,hpv_neg_25.12-signal_Neg5m_NegCTL-STK.csv
Neg5m_NegCTL,CHK1,10,30,-0.2604185846310935,66,0.14193548387096774,6.393571716178944e-4,0.0011692662363505368,hpv_neg_25.12-signal_Neg5m_NegCTL-STK.csv
Neg5m_NegCTL,PKCI,11,33,-0.14975033115655495,89,0.1586452762923351,6.430964299927953e-4,0.0011692662363505368,hpv_neg_25.12-signal_Neg5m_NegCTL-STK.csv
Neg5m_NegCTL,NEK,15,45,-0.19204518400705273,216,0.20869565217391303,6.799140190699919e-4,0.0012087360339022078,hpv_neg_25.12-signal_Neg5m_NegCTL-STK.csv
Neg5m_NegCTL,GRK,8,24,-0.21981518439094483,47,0.15666666666666668,0.003405235821294763,0.005922149254425675,hpv_neg_25.12-signal_Neg5m_NegCTL-STK.csv
Neg5m_NegCTL,PRKDC,7,21,-0.2194732702626589,33,0.14285714285714285,0.004370173456024446,0.0074385931166373554,hpv_neg_25.12-signal_Neg5m_NegCTL-STK.csv
Neg5m_NegCTL,MSN,4,12,-0.21015065504974328,3,0.038461538461538464,0.005355263589809519,0.008925439316349199,hpv_neg_25.12-signal_Neg5m_NegCTL-STK.csv
Neg5m_NegCTL,STE11,5,15,-0.23929463714099797,15,0.125,0.011490067342975488,0.01875929362118447,hpv_neg_25.12-signal_Neg5m_NegCTL-STK.csv
Neg5m_NegCTL,AUR,9,27,-0.14515275431702002,89,0.23544973544973544,0.01682602643852447,0.026921642301639154,hpv_neg_25.12-signal_Neg5m_NegCTL-STK.csv
Neg5m_NegCTL,COT,5,15,-0.17593473395462483,18,0.15,0.01842118248582118,0.02889597252677832,hpv_neg_25.12-signal_Neg5m_NegCTL-STK.csv
Neg5m_NegCTL,IRAK,9,27,-0.26651979928318376,91,0.24074074074074073,0.019158247432460213,0.02947422681916956,hpv_neg_25.12-signal_Neg5m_NegCTL-STK.csv
Neg5m_NegCTL,MLCK,5,15,-0.18815978194433644,21,0.175,0.028767860597467602,0.04342318580749827,hpv_neg_25.12-signal_Neg5m_NegCTL-STK.csv
Neg5m_NegCTL,VRK1,3,9,-0.19240120841992317,4,0.08888888888888889,0.03296938124422011,0.048843527769214974,hpv_neg_25.12-signal_Neg5m_NegCTL-STK.csv
Neg5m_NegCTL,CAMK2,13,39,-0.1203715633986085,242,0.31025641025641026,0.039555378139780994,0.05753509547604509,hpv_neg_25.12-signal_Neg5m_NegCTL-STK.csv
Neg5m_NegCTL,BARK2,3,9,-0.2736748131273191,5,0.1111111111111111,0.044010984012951455,0.06287283430421636,hpv_neg_25.12-signal_Neg5m_NegCTL-STK.csv
Neg5m_NegCTL,PAKB,2,6,-0.1831211372269704,1,0.047619047619047616,0.05917206782585943,0.08304851624682025,hpv_neg_25.12-signal_Neg5m_NegCTL-STK.csv
Neg5m_NegCTL,MARK,6,18,-0.14748677871674123,50,0.29239766081871343,0.1274431640156041,0.17578367450428153,hpv_neg_25.12-signal_Neg5m_NegCTL-STK.csv
Neg5m_NegCTL,NMO,1,3,-1.568401147471459,0,0,0.1814492077214203,0.23796617406087908,hpv_neg_25.12-signal_Neg5m_NegCTL-STK.csv
Neg5m_NegCTL,ATM,1,3,-0.31718026038945446,0,0,0.1814492077214203,0.23796617406087908,hpv_neg_25.12-signal_Neg5m_NegCTL-STK.csv
Neg5m_NegCTL,SLK,1,3,-0.25774947852334423,0,0,0.1814492077214203,0.23796617406087908,hpv_neg_25.12-signal_Neg5m_NegCTL-STK.csv
Neg5m_NegCTL,NDR,4,12,-0.08396492337184616,22,0.28205128205128205,0.19553885910399538,0.25230820529547787,hpv_neg_25.12-signal_Neg5m_NegCTL-STK.csv
Neg5m_NegCTL,STKR,5,15,-0.133835214477306,37,0.30833333333333335,0.20127970635570075,0.2555932779120009,hpv_neg_25.12-signal_Neg5m_NegCTL-STK.csv
Neg5m_NegCTL,LKB,5,15,-0.11115264906295672,39,0.325,0.2442936413317767,0.3053670516647209,hpv_neg_25.12-signal_Neg5m_NegCTL-STK.csv
Neg5m_NegCTL,CK2,5,15,-0.01956920513226986,41,0.3416666666666667,0.29338289215178975,0.3569786590061941,hpv_neg_25.12-signal_Neg5m_NegCTL-STK.csv
Neg5m_NegCTL,HAL,2,6,-0.1521385283359476,5,0.23809523809523808,0.2945073936801101,0.3569786590061941,hpv_neg_25.12-signal_Neg5m_NegCTL-STK.csv
Neg5m_NegCTL,PASK,1,3,-0.3552878946478352,1,0.16666666666666666,0.42267807417063546,0.43914605108637444,hpv_neg_25.12-signal_Neg5m_NegCTL-STK.csv
Neg5m_NegCTL,BRSK,1,3,-0.19147567237740554,1,0.16666666666666666,0.42267807417063546,0.43914605108637444,hpv_neg_25.12-signal_Neg5m_NegCTL-STK.csv
Neg5m_NegCTL,EGFR,1,3,-0.30956829107256756,1,0.16666666666666666,0.42267807417063546,0.43914605108637444,hpv_neg_25.12-signal_Neg5m_NegCTL-STK.csv
Neg5m_NegCTL,CSK,1,3,-0.30956829107256756,1,0.16666666666666666,0.42267807417063546,0.43914605108637444,hpv_neg_25.12-signal_Neg5m_NegCTL-STK.csv
Neg5m_NegCTL,TEC,1,3,-0.30956829107256756,1,0.16666666666666666,0.42267807417063546,0.43914605108637444,hpv_neg_25.12-signal_Neg5m_NegCTL-STK.csv
Neg5m_NegCTL,PDGFR,1,3,-0.30956829107256756,1,0.16666666666666666,0.42267807417063546,0.43914605108637444,hpv_neg_25.12-signal_Neg5m_NegCTL-STK.csv
Neg5m_NegCTL,SYK,1,3,-0.30956829107256756,1,0.16666666666666666,0.42267807417063546,0.43914605108637444,hpv_neg_25.12-signal_Neg5m_NegCTL-STK.csv
Neg5m_NegCTL,AXL,1,3,-0.30956829107256756,1,0.16666666666666666,0.42267807417063546,0.43914605108637444,hpv_neg_25.12-signal_Neg5m_NegCTL-STK.csv
Neg5m_NegCTL,VEGFR,1,3,-0.30956829107256756,1,0.16666666666666666,0.42267807417063546,0.43914605108637444,hpv_neg_25.12-signal_Neg5m_NegCTL-STK.csv
Neg5m_NegCTL,TAO,1,3,-0.10083696034115727,1,0.16666666666666666,0.42267807417063546,0.43914605108637444,hpv_neg_25.12-signal_Neg5m_NegCTL-STK.csv
Neg5m_NegCTL,KHS,1,3,-0.3773354210102541,1,0.16666666666666666,0.42267807417063546,0.43914605108637444,hpv_neg_25.12-signal_Neg5m_NegCTL-STK.csv
Neg5m_NegCTL,PKN,1,3,-0.057703129472905054,2,0.3333333333333333,0.7892680261342813,0.809505667830032,hpv_neg_25.12-signal_Neg5m_NegCTL-STK.csv
Neg5m_NegCTL,MOS,1,3,-0.02508753290012426,3,0.5,1,1,hpv_neg_25.12-signal_Neg5m_NegCTL-STK.csv
Neg5m_NegCTL,NAK,1,3,-0.07819346684467021,3,0.5,1,1,hpv_neg_25.12-signal_Neg5m_NegCTL-STK.csv
Pos15m_PosCTL,BARK1,86,258,-0.4433271447891595,4496,0.1345664601478555,2.53559339638608e-24,1.0015593915725016e-22,hpv_pos_25.10-signal_Pos15m_PosCTL-STK.csv
Pos15m_PosCTL,VRK2,86,258,-0.4433271447891595,4496,0.1345664601478555,2.53559339638608e-24,1.0015593915725016e-22,hpv_pos_25.10-signal_Pos15m_PosCTL-STK.csv
Pos15m_PosCTL,PKCA,76,228,-0.47694090457004895,3282,0.12571822569524246,1.1377209120974458e-22,2.9959984018566072e-21,hpv_pos_25.10-signal_Pos15m_PosCTL-STK.csv
Pos15m_PosCTL,DMPK,71,213,-0.47031719224716595,2715,0.11912597077793866,5.492295993395189e-22,1.0847284586955497e-20,hpv_pos_25.10-signal_Pos15m_PosCTL-STK.csv
Pos15m_PosCTL,RSK,60,180,-0.5366233523987878,1426,0.08753836709637815,8.207071255994494e-22,1.2967172584471302e-20,hpv_pos_25.10-signal_Pos15m_PosCTL-STK.csv
Pos15m_PosCTL,PKA,48,144,-0.6316927128923423,579,0.055459770114942526,2.150950829093425e-20,2.832085258306343e-19,hpv_pos_25.10-signal_Pos15m_PosCTL-STK.csv
Pos15m_PosCTL,PHK,64,192,-0.47340263398347643,2197,0.1185772884283247,4.937392109635084e-20,5.572199666588166e-19,hpv_pos_25.10-signal_Pos15m_PosCTL-STK.csv
Pos15m_PosCTL,PIM,54,162,-0.4834924729258737,1559,0.11807922441869272,3.406609876067548e-17,3.3640272526167035e-16,hpv_pos_25.10-signal_Pos15m_PosCTL-STK.csv
Pos15m_PosCTL,PKG,39,117,-0.6643114152794158,380,0.055048529624800814,6.682122997021151e-17,5.86541907516301e-16,hpv_pos_25.10-signal_Pos15m_PosCTL-STK.csv
Pos15m_PosCTL,PDHK,40,120,-0.5655585914930426,615,0.08471074380165289,2.9129239748984043e-15,2.3012099401697394e-14,hpv_pos_25.10-signal_Pos15m_PosCTL-STK.csv
Pos15m_PosCTL,PEK,55,165,-0.4266829705628419,2004,0.14633077765607885,3.281492665204854e-15,2.3567083686471224e-14,hpv_pos_25.10-signal_Pos15m_PosCTL-STK.csv
Pos15m_PosCTL,CDK,60,180,-0.37843248723014417,2882,0.1769183548189073,5.586939544551313e-14,3.678068533496281e-13,hpv_pos_25.10-signal_Pos15m_PosCTL-STK.csv
Pos15m_PosCTL,QIK,46,138,-0.43567575248348034,1278,0.1332499218016891,7.740656786695401e-14,4.703937585761051e-13,hpv_pos_25.10-signal_Pos15m_PosCTL-STK.csv
Pos15m_PosCTL,PKD,29,87,-0.6691464929132478,228,0.05956112852664577,9.77114229140981e-13,5.513716007295535e-12,hpv_pos_25.10-signal_Pos15m_PosCTL-STK.csv
Pos15m_PosCTL,IKK,35,105,-0.5061415961949012,631,0.11338724168912848,6.1410659234851155e-12,3.234294719702161e-11,hpv_pos_25.10-signal_Pos15m_PosCTL-STK.csv
Pos15m_PosCTL,MAPKAPK,36,108,-0.5088782792356318,733,0.12453278967040435,1.2663560419612171e-11,6.25263295718351e-11,hpv_pos_25.10-signal_Pos15m_PosCTL-STK.csv
Pos15m_PosCTL,AKT,28,84,-0.4522870114031806,271,0.07591036414565826,1.4797483852302813e-11,6.876477790187778e-11,hpv_pos_25.10-signal_Pos15m_PosCTL-STK.csv
Pos15m_PosCTL,PAKA,23,69,-0.6757343494359974,128,0.05300207039337474,1.1090710104903988e-10,4.867589434930084e-10,hpv_pos_25.10-signal_Pos15m_PosCTL-STK.csv
Pos15m_PosCTL,RAD53,26,78,-0.5551471785411863,277,0.0899058747160013,3.160575231786882e-10,1.3141339121640194e-9,hpv_pos_25.10-signal_Pos15m_PosCTL-STK.csv
Pos15m_PosCTL,RIPK,25,75,-0.6022871232636103,256,0.08982456140350877,6.814733745838391e-10,2.6918198296061646e-9,hpv_pos_25.10-signal_Pos15m_PosCTL-STK.csv
Pos15m_PosCTL,AMPK,18,54,-0.6910700655148826,49,0.032996632996632996,2.418315387694881e-9,9.097472172756933e-9,hpv_pos_25.10-signal_Pos15m_PosCTL-STK.csv
Pos15m_PosCTL,CAMK1,19,57,-0.6456809610835432,83,0.05021173623714459,3.563239522254134e-9,1.2795269193548935e-8,hpv_pos_25.10-signal_Pos15m_PosCTL-STK.csv
Pos15m_PosCTL,SGK,22,66,-0.46450190406554753,220,0.09950248756218906,1.5725712850685997e-8,5.4014405008877994e-8,hpv_pos_25.10-signal_Pos15m_PosCTL-STK.csv
Pos15m_PosCTL,STE7,27,81,-0.4423160156857616,474,0.14272809394760613,2.3501980127823172e-8,7.736068458741794e-8,hpv_pos_25.10-signal_Pos15m_PosCTL-STK.csv
Pos15m_PosCTL,CK1,22,66,-0.4936916239258807,281,0.12709181365897784,1.411241171225384e-7,4.459522101072213e-7,hpv_pos_25.10-signal_Pos15m_PosCTL-STK.csv
Pos15m_PosCTL,PDK1,35,105,-0.27519602764956,1232,0.22138364779874214,7.230970595186573e-7,2.197102603922074e-6,hpv_pos_25.10-signal_Pos15m_PosCTL-STK.csv
Pos15m_PosCTL,MELK,21,63,-0.3370623892846916,315,0.15625,2.1274248694927323e-6,6.224687581108365e-6,hpv_pos_25.10-signal_Pos15m_PosCTL-STK.csv
Pos15m_PosCTL,CAMK2,12,36,-0.5363587237041181,44,0.06606606606606606,5.828943673076519e-6,1.6445948220465894e-5,hpv_pos_25.10-signal_Pos15m_PosCTL-STK.csv
Pos15m_PosCTL,PLK,22,66,-0.3588723487232755,423,0.19131614654002713,1.320552833666118e-5,3.597368064124942e-5,hpv_pos_25.10-signal_Pos15m_PosCTL-STK.csv
Pos15m_PosCTL,DAPK,15,45,-0.45247901388373457,139,0.13429951690821257,1.9839050260615237e-5,5.224283235295346e-5,hpv_pos_25.10-signal_Pos15m_PosCTL-STK.csv
Pos15m_PosCTL,PKCD,10,30,-0.6126638331941641,25,0.053763440860215055,2.06590511426516e-5,5.264725936353149e-5,hpv_pos_25.10-signal_Pos15m_PosCTL-STK.csv
Pos15m_PosCTL,P38,30,90,-0.28123976980507276,996,0.24322344322344322,2.3483991362362676e-5,5.7976103675832854e-5,hpv_pos_25.10-signal_Pos15m_PosCTL-STK.csv
Pos15m_PosCTL,PKCI,10,30,-0.6004750304825115,30,0.06451612903225806,3.255657168291335e-5,7.793845948333801e-5,hpv_pos_25.10-signal_Pos15m_PosCTL-STK.csv
Pos15m_PosCTL,NEK,13,39,-0.4099313945720042,100,0.1282051282051282,5.345760648950655e-5,1.2421032096091229e-4,hpv_pos_25.10-signal_Pos15m_PosCTL-STK.csv
Pos15m_PosCTL,CHK1,10,30,-0.48355943733865586,46,0.0989247311827957,1.3039512883810197e-4,2.9432043366314444e-4,hpv_pos_25.10-signal_Pos15m_PosCTL-STK.csv
Pos15m_PosCTL,MLK,12,36,-0.34639661088736806,95,0.14264264264264265,1.9052329527224405e-4,4.1809278684742446e-4,hpv_pos_25.10-signal_Pos15m_PosCTL-STK.csv
Pos15m_PosCTL,GRK,8,24,-0.6199744359279595,22,0.07333333333333333,2.696284950009365e-4,5.756932731101076e-4,hpv_pos_25.10-signal_Pos15m_PosCTL-STK.csv
Pos15m_PosCTL,AUR,8,24,-0.34904519630074743,35,0.11666666666666667,0.001070056155628051,0.0022245904288056852,hpv_pos_25.10-signal_Pos15m_PosCTL-STK.csv
Pos15m_PosCTL,FRAY,11,33,-0.36377469903169934,101,0.1800356506238859,0.0013822053120970893,0.002799851786042822,hpv_pos_25.10-signal_Pos15m_PosCTL-STK.csv
Pos15m_PosCTL,RAF,14,42,-0.25339186207013115,196,0.21705426356589147,0.0014304553789912207,0.0028251493735076613,hpv_pos_25.10-signal_Pos15m_PosCTL-STK.csv
Pos15m_PosCTL,DYRK,28,84,-0.17292380833453855,1095,0.3067226890756303,0.0021049099480584554,0.004055802095039462,hpv_pos_25.10-signal_Pos15m_PosCTL-STK.csv
Pos15m_PosCTL,MTOR,15,45,-0.22720449638780035,246,0.23768115942028986,0.0022213163590990084,0.004178190294495754,hpv_pos_25.10-signal_Pos15m_PosCTL-STK.csv
Pos15m_PosCTL,MST,16,48,-0.19300907409335222,292,0.24829931972789115,0.0024389941264736058,0.004480942697474764,hpv_pos_25.10-signal_Pos15m_PosCTL-STK.csv
Pos15m_PosCTL,ERK,30,90,-0.16751752176082876,1301,0.3177045177045177,0.002685014543117526,0.004820821566051922,hpv_pos_25.10-signal_Pos15m_PosCTL-STK.csv
Pos15m_PosCTL,JNK,25,75,-0.17127373865126064,891,0.3126315789473684,0.004844780916561858,0.008505282053519705,hpv_pos_25.10-signal_Pos15m_PosCTL-STK.csv
Pos15m_PosCTL,IRAK,9,27,-0.37051481964346383,74,0.19576719576719576,0.005943860731778414,0.010207934735010755,hpv_pos_25.10-signal_Pos15m_PosCTL-STK.csv
Pos15m_PosCTL,MARK,5,15,-0.5960004399734987,13,0.10833333333333334,0.008265622271771557,0.01360383665562402,hpv_pos_25.10-signal_Pos15m_PosCTL-STK.csv
Pos15m_PosCTL,STKR,5,15,-0.4332409945986169,13,0.10833333333333334,0.008265622271771557,0.01360383665562402,hpv_pos_25.10-signal_Pos15m_PosCTL-STK.csv
Pos15m_PosCTL,CK2,4,12,-0.4720665963439454,5,0.0641025641025641,0.008589957251185604,0.013849114751911484,hpv_pos_25.10-signal_Pos15m_PosCTL-STK.csv
Pos15m_PosCTL,STE11,5,15,-0.44293432197008153,16,0.13333333333333333,0.013487378597561883,0.021310058184147777,hpv_pos_25.10-signal_Pos15m_PosCTL-STK.csv
Pos15m_PosCTL,GSK,13,39,-0.2840482289583746,218,0.2794871794871795,0.01669839472835173,0.025414756361282105,hpv_pos_25.10-signal_Pos15m_PosCTL-STK.csv
Pos15m_PosCTL,MSN,4,12,-0.3807632903760748,8,0.10256410256410256,0.016728700389704677,0.025414756361282105,hpv_pos_25.10-signal_Pos15m_PosCTL-STK.csv
Pos15m_PosCTL,COT,5,15,-0.29981320767639097,20,0.16666666666666666,0.02486785931788523,0.0370671865304327,hpv_pos_25.10-signal_Pos15m_PosCTL-STK.csv
Pos15m_PosCTL,ATR,6,18,-0.21603060268424792,36,0.21052631578947367,0.03284544736014621,0.04805167298984353,hpv_pos_25.10-signal_Pos15m_PosCTL-STK.csv
Pos15m_PosCTL,PKCH,12,36,-0.179315559068694,199,0.2987987987987988,0.03596156410739234,0.051653882990618086,hpv_pos_25.10-signal_Pos15m_PosCTL-STK.csv
Pos15m_PosCTL,LKB,5,15,-0.2255710807138825,24,0.2,0.0437723237630412,0.06175024245143313,hpv_pos_25.10-signal_Pos15m_PosCTL-STK.csv
Pos15m_PosCTL,PRKDC,6,18,-0.2426120425639076,43,0.25146198830409355,0.06738239183771284,0.09338963079261955,hpv_pos_25.10-signal_Pos15m_PosCTL-STK.csv
Pos15m_PosCTL,NDR,2,6,-0.4715489171865507,2,0.09523809523809523,0.09349248368983569,0.12518485104232235,hpv_pos_25.10-signal_Pos15m_PosCTL-STK.csv
Pos15m_PosCTL,BARK2,2,6,-0.28125913017861515,2,0.09523809523809523,0.09349248368983569,0.12518485104232235,hpv_pos_25.10-signal_Pos15m_PosCTL-STK.csv
Pos15m_PosCTL,PAKB,2,6,-0.31609643241968444,3,0.14285714285714285,0.1422132419363925,0.18417780513073786,hpv_pos_25.10-signal_Pos15m_PosCTL-STK.csv
Pos15m_PosCTL,HAL,2,6,-0.6844126575794677,3,0.14285714285714285,0.1422132419363925,0.18417780513073786,hpv_pos_25.10-signal_Pos15m_PosCTL-STK.csv
Pos15m_PosCTL,MLCK,5,15,-0.12856114358643675,35,0.2916666666666667,0.16407189181421777,0.19636284123276995,hpv_pos_25.10-signal_Pos15m_PosCTL-STK.csv
Pos15m_PosCTL,PASK,1,3,-1.0172062823714587,0,0,0.1814492077214203,0.19636284123276995,hpv_pos_25.10-signal_Pos15m_PosCTL-STK.csv
Pos15m_PosCTL,EGFR,1,3,-0.37527657499548406,0,0,0.1814492077214203,0.19636284123276995,hpv_pos_25.10-signal_Pos15m_PosCTL-STK.csv
Pos15m_PosCTL,CSK,1,3,-0.37527657499548406,0,0,0.1814492077214203,0.19636284123276995,hpv_pos_25.10-signal_Pos15m_PosCTL-STK.csv
Pos15m_PosCTL,TEC,1,3,-0.37527657499548406,0,0,0.1814492077214203,0.19636284123276995,hpv_pos_25.10-signal_Pos15m_PosCTL-STK.csv
Pos15m_PosCTL,PDGFR,1,3,-0.37527657499548406,0,0,0.1814492077214203,0.19636284123276995,hpv_pos_25.10-signal_Pos15m_PosCTL-STK.csv
Pos15m_PosCTL,SYK,1,3,-0.37527657499548406,0,0,0.1814492077214203,0.19636284123276995,hpv_pos_25.10-signal_Pos15m_PosCTL-STK.csv
Pos15m_PosCTL,AXL,1,3,-0.37527657499548406,0,0,0.1814492077214203,0.19636284123276995,hpv_pos_25.10-signal_Pos15m_PosCTL-STK.csv
Pos15m_PosCTL,VEGFR,1,3,-0.37527657499548406,0,0,0.1814492077214203,0.19636284123276995,hpv_pos_25.10-signal_Pos15m_PosCTL-STK.csv
Pos15m_PosCTL,TAO,1,3,-0.517314515754831,0,0,0.1814492077214203,0.19636284123276995,hpv_pos_25.10-signal_Pos15m_PosCTL-STK.csv
Pos15m_PosCTL,ATM,1,3,-0.8533786770993815,0,0,0.1814492077214203,0.19636284123276995,hpv_pos_25.10-signal_Pos15m_PosCTL-STK.csv
Pos15m_PosCTL,NAK,1,3,-0.3557309416641929,0,0,0.1814492077214203,0.19636284123276995,hpv_pos_25.10-signal_Pos15m_PosCTL-STK.csv
Pos15m_PosCTL,SLK,1,3,-0.30172786858497097,1,0.16666666666666666,0.42267807417063546,0.4452209047930693,hpv_pos_25.10-signal_Pos15m_PosCTL-STK.csv
Pos15m_PosCTL,KHS,1,3,-0.25828812384677224,1,0.16666666666666666,0.42267807417063546,0.4452209047930693,hpv_pos_25.10-signal_Pos15m_PosCTL-STK.csv
Pos15m_PosCTL,BRSK,1,3,-0.035868709353763226,2,0.3333333333333333,0.7892680261342813,0.8097684943455613,hpv_pos_25.10-signal_Pos15m_PosCTL-STK.csv
Pos15m_PosCTL,PKN,1,3,-0.2720627674845121,2,0.3333333333333333,0.7892680261342813,0.8097684943455613,hpv_pos_25.10-signal_Pos15m_PosCTL-STK.csv
Pos15m_PosCTL,VRK1,3,9,-0.031596329335595814,21,0.4666666666666667,0.9056954420343094,0.9173069220603902,hpv_pos_25.10-signal_Pos15m_PosCTL-STK.csv
Pos15m_PosCTL,NMO,1,3,-0.0024875716236653815,3,0.5,1,1,hpv_pos_25.10-signal_Pos15m_PosCTL-STK.csv
Pos1h_PosCTL,PKA,51,153,-0.307890080119867,1056,0.0896358543417367,2.11119268233624e-18,1.688954145868992e-16,hpv_pos_25.11-signal_Pos1h_PosCTL-STK.csv
Pos1h_PosCTL,DMPK,73,219,-0.2202403107500795,4040,0.16770444167704443,2.5023277334300435e-17,8.173494408870112e-16,hpv_pos_25.11-signal_Pos1h_PosCTL-STK.csv
Pos1h_PosCTL,RSK,63,189,-0.24777952504660633,2574,0.14335839598997493,3.065060403326292e-17,8.173494408870112e-16,hpv_pos_25.11-signal_Pos1h_PosCTL-STK.csv
Pos1h_PosCTL,PKCA,79,237,-0.21031325575176793,5683,0.20150338616459243,2.6813212528784486e-15,5.3626425057568975e-14,hpv_pos_25.11-signal_Pos1h_PosCTL-STK.csv
Pos1h_PosCTL,PKG,42,126,-0.3125155726374948,766,0.09573803274590677,3.4333791213667153e-15,5.4934065941867444e-14,hpv_pos_25.11-signal_Pos1h_PosCTL-STK.csv
Pos1h_PosCTL,PDHK,42,126,-0.27350342282253254,845,0.10561179852518435,2.566929950980297e-14,3.422573267973729e-13,hpv_pos_25.11-signal_Pos1h_PosCTL-STK.csv
Pos1h_PosCTL,PHK,66,198,-0.20509403877651267,3699,0.187756966651439,4.2416475303390143e-14,4.847597177530303e-13,hpv_pos_25.11-signal_Pos1h_PosCTL-STK.csv
Pos1h_PosCTL,BARK1,89,267,-0.18202581047584282,8428,0.2355637542623959,1.1146051046765112e-13,9.907600930457877e-13,hpv_pos_25.11-signal_Pos1h_PosCTL-STK.csv
Pos1h_PosCTL,VRK2,89,267,-0.18202581047584282,8428,0.2355637542623959,1.1146051046765112e-13,9.907600930457877e-13,hpv_pos_25.11-signal_Pos1h_PosCTL-STK.csv
Pos1h_PosCTL,PIM,56,168,-0.21156443419544885,2552,0.17976894899971824,1.0082834853222023e-12,8.066267882577618e-12,hpv_pos_25.11-signal_Pos1h_PosCTL-STK.csv
Pos1h_PosCTL,PKD,29,87,-0.3243250931493572,323,0.08437826541274818,1.6778945676924596e-11,1.2202869583217887e-10,hpv_pos_25.11-signal_Pos1h_PosCTL-STK.csv
Pos1h_PosCTL,PAKA,24,72,-0.3247923899978079,189,0.07191780821917808,2.7840634920655595e-10,1.8560423280437064e-9,hpv_pos_25.11-signal_Pos1h_PosCTL-STK.csv
Pos1h_PosCTL,AMPK,19,57,-0.34393655051224936,61,0.03690260133091349,1.881820975704135e-9,1.1580436773563909e-8,hpv_pos_25.11-signal_Pos1h_PosCTL-STK.csv
Pos1h_PosCTL,AKT,31,93,-0.20285086368052924,602,0.1377259208419126,2.1910313153326927e-9,1.2520178944758245e-8,hpv_pos_25.11-signal_Pos1h_PosCTL-STK.csv
Pos1h_PosCTL,PEK,58,174,-0.1803915850089102,3594,0.23605911330049262,2.5436483369723697e-9,1.3566124463852638e-8,hpv_pos_25.11-signal_Pos1h_PosCTL-STK.csv
Pos1h_PosCTL,IKK,36,108,-0.23310870346752816,1028,0.1746517159361196,4.405124903097463e-9,2.2025624515487312e-8,hpv_pos_25.11-signal_Pos1h_PosCTL-STK.csv
Pos1h_PosCTL,RAD53,28,84,-0.2481616715865492,506,0.14173669467787114,1.185313810468382e-8,5.577947343380622e-8,hpv_pos_25.11-signal_Pos1h_PosCTL-STK.csv
Pos1h_PosCTL,QIK,46,138,-0.179049087196358,2123,0.22135335210092796,2.2369661216696497e-8,9.94207165186511e-8,hpv_pos_25.11-signal_Pos1h_PosCTL-STK.csv
Pos1h_PosCTL,RIPK,27,81,-0.26496409216776706,548,0.16501053899427884,1.644421222871358e-7,6.92387883314256e-7,hpv_pos_25.11-signal_Pos1h_PosCTL-STK.csv
Pos1h_PosCTL,CDK,62,186,-0.14665788778698716,4990,0.2869300212753723,4.67466285408351e-7,1.869865141633404e-6,hpv_pos_25.11-signal_Pos1h_PosCTL-STK.csv
Pos1h_PosCTL,MAPKAPK,38,114,-0.20264879822280737,1487,0.22684973302822273,6.878061623538985e-7,2.620213951824375e-6,hpv_pos_25.11-signal_Pos1h_PosCTL-STK.csv
Pos1h_PosCTL,CAMK1,19,57,-0.27980846789721714,207,0.12522686025408347,8.739549722992666e-7,3.1780180810882424e-6,hpv_pos_25.11-signal_Pos1h_PosCTL-STK.csv
Pos1h_PosCTL,STE7,28,84,-0.1938794739049214,827,0.23165266106442578,1.9526565118994737e-5,6.791848737041648e-5,hpv_pos_25.11-signal_Pos1h_PosCTL-STK.csv
Pos1h_PosCTL,CK1,23,69,-0.222159922451883,479,0.19834368530020705,2.25992082217771e-5,7.533069407259033e-5,hpv_pos_25.11-signal_Pos1h_PosCTL-STK.csv
Pos1h_PosCTL,PKCD,10,30,-0.30496971179430354,33,0.07096774193548387,4.2564490164800134e-5,1.3620636852736045e-4,hpv_pos_25.11-signal_Pos1h_PosCTL-STK.csv
Pos1h_PosCTL,DAPK,16,48,-0.21895564774029566,186,0.15816326530612246,6.47584774018562e-5,1.9925685354417293e-4,hpv_pos_25.11-signal_Pos1h_PosCTL-STK.csv
Pos1h_PosCTL,PKCI,10,30,-0.24038020946791627,67,0.14408602150537633,6.893605573928749e-4,0.002042549799682592,hpv_pos_25.11-signal_Pos1h_PosCTL-STK.csv
Pos1h_PosCTL,CHK1,10,30,-0.25116151432086387,70,0.15053763440860216,8.620226851406124e-4,0.002462921957544607,hpv_pos_25.11-signal_Pos1h_PosCTL-STK.csv
Pos1h_PosCTL,SGK,22,66,-0.14747325554212912,566,0.25599276345545,9.440950685021039e-4,0.0026044001889713214,hpv_pos_25.11-signal_Pos1h_PosCTL-STK.csv
Pos1h_PosCTL,CAMK2,13,39,-0.2244908448278597,159,0.20384615384615384,0.0012970710262776798,0.0034375415761988977,hpv_pos_25.11-signal_Pos1h_PosCTL-STK.csv
Pos1h_PosCTL,CK2,5,15,-0.35719264963407743,3,0.025,0.001332047360777073,0.0034375415761988977,hpv_pos_25.11-signal_Pos1h_PosCTL-STK.csv
Pos1h_PosCTL,MLK,12,36,-0.1581254456502053,125,0.18768768768768768,0.0019102170296060432,0.004775542574015108,hpv_pos_25.11-signal_Pos1h_PosCTL-STK.csv
Pos1h_PosCTL,GRK,8,24,-0.29383293518680864,42,0.14,0.002130371286855429,0.005164536452982859,hpv_pos_25.11-signal_Pos1h_PosCTL-STK.csv
Pos1h_PosCTL,IRAK,9,27,-0.23852002417345125,62,0.164021164021164,0.002372369510511855,0.005582045907086718,hpv_pos_25.11-signal_Pos1h_PosCTL-STK.csv
Pos1h_PosCTL,AUR,8,24,-0.19738782136528438,49,0.16333333333333333,0.004086211171395094,0.009339911248903071,hpv_pos_25.11-signal_Pos1h_PosCTL-STK.csv
Pos1h_PosCTL,PLK,22,66,-0.1424045175954788,662,0.29941203075531436,0.004655964550439125,0.010346587889864723,hpv_pos_25.11-signal_Pos1h_PosCTL-STK.csv
Pos1h_PosCTL,NEK,14,42,-0.16193494235269223,230,0.2547065337763012,0.009551085056641597,0.020546888513074964,hpv_pos_25.11-signal_Pos1h_PosCTL-STK.csv
Pos1h_PosCTL,STKR,5,15,-0.2557123236838935,14,0.11666666666666667,0.009759772043710608,0.020546888513074964,hpv_pos_25.11-signal_Pos1h_PosCTL-STK.csv
Pos1h_PosCTL,MELK,21,63,-0.09247385244508137,670,0.3323412698412698,0.031921808445636524,0.06433049998872216,hpv_pos_25.11-signal_Pos1h_PosCTL-STK.csv
Pos1h_PosCTL,P38,29,87,-0.09717229156606216,1409,0.3680773249738767,0.03274136772607015,0.06433049998872216,hpv_pos_25.11-signal_Pos1h_PosCTL-STK.csv
Pos1h_PosCTL,NDR,3,9,-0.3498328244635517,4,0.08888888888888889,0.03296938124422011,0.06433049998872216,hpv_pos_25.11-signal_Pos1h_PosCTL-STK.csv
Pos1h_PosCTL,PDK1,35,105,-0.0741789082370617,2089,0.37538185085354897,0.03779988361099776,0.07199977830666239,hpv_pos_25.11-signal_Pos1h_PosCTL-STK.csv
Pos1h_PosCTL,RAF,14,42,-0.09586713765161145,295,0.3266888150609081,0.0511080354485254,0.09382418382541897,hpv_pos_25.11-signal_Pos1h_PosCTL-STK.csv
Pos1h_PosCTL,ATR,7,21,-0.1294913874255651,59,0.2554112554112554,0.05160330110398044,0.09382418382541897,hpv_pos_25.11-signal_Pos1h_PosCTL-STK.csv
Pos1h_PosCTL,FRAY,11,33,-0.12623701140846422,175,0.31194295900178254,0.06063852113119041,0.1078018153443385,hpv_pos_25.11-signal_Pos1h_PosCTL-STK.csv
Pos1h_PosCTL,MARK,6,18,-0.20728486401077686,45,0.2631578947368421,0.08150595513442671,0.14174948719030733,hpv_pos_25.11-signal_Pos1h_PosCTL-STK.csv
Pos1h_PosCTL,PRKDC,7,21,-0.13797306460096093,66,0.2857142857142857,0.08854470668839295,0.15071439436322207,hpv_pos_25.11-signal_Pos1h_PosCTL-STK.csv
Pos1h_PosCTL,GSK,12,36,-0.10570282908699111,229,0.34384384384384387,0.10394018808024387,0.1731016878123749,hpv_pos_25.11-signal_Pos1h_PosCTL-STK.csv
Pos1h_PosCTL,MTOR,15,45,-0.06822276871219368,356,0.34396135265700484,0.10602478378507962,0.1731016878123749,hpv_pos_25.11-signal_Pos1h_PosCTL-STK.csv
Pos1h_PosCTL,PAKB,2,6,-0.08640154296442257,3,0.14285714285714285,0.1422132419363925,0.2230795951943412,hpv_pos_25.11-signal_Pos1h_PosCTL-STK.csv
Pos1h_PosCTL,HAL,2,6,-0.3253301229707146,3,0.14285714285714285,0.1422132419363925,0.2230795951943412,hpv_pos_25.11-signal_Pos1h_PosCTL-STK.csv
Pos1h_PosCTL,BRSK,1,3,0.26668697627339677,6,1,0.18144920772142026,0.2592131538877433,hpv_pos_25.11-signal_Pos1h_PosCTL-STK.csv
Pos1h_PosCTL,PASK,1,3,-0.41078502909481135,0,0,0.1814492077214203,0.2592131538877433,hpv_pos_25.11-signal_Pos1h_PosCTL-STK.csv
Pos1h_PosCTL,ATM,1,3,-0.395437608162385,0,0,0.1814492077214203,0.2592131538877433,hpv_pos_25.11-signal_Pos1h_PosCTL-STK.csv
Pos1h_PosCTL,KHS,1,3,-0.25953363450851413,0,0,0.1814492077214203,0.2592131538877433,hpv_pos_25.11-signal_Pos1h_PosCTL-STK.csv
Pos1h_PosCTL,PKN,1,3,-0.1315406814165255,0,0,0.1814492077214203,0.2592131538877433,hpv_pos_25.11-signal_Pos1h_PosCTL-STK.csv
Pos1h_PosCTL,BARK2,2,6,0.22606451799279847,16,0.7619047619047619,0.29450739368011014,0.4133437104282247,hpv_pos_25.11-signal_Pos1h_PosCTL-STK.csv
Pos1h_PosCTL,MST,16,48,-0.045945146029904495,488,0.41496598639455784,0.3074789512088565,0.4241088982191124,hpv_pos_25.11-signal_Pos1h_PosCTL-STK.csv
Pos1h_PosCTL,ERK,30,90,-0.047446123852539136,1844,0.4503052503052503,0.414037689106424,0.49726832255368886,hpv_pos_25.11-signal_Pos1h_PosCTL-STK.csv
Pos1h_PosCTL,NAK,1,3,-0.27286354850873656,1,0.16666666666666666,0.42267807417063546,0.49726832255368886,hpv_pos_25.11-signal_Pos1h_PosCTL-STK.csv
Pos1h_PosCTL,EGFR,1,3,0.36049252681144317,5,0.8333333333333334,0.4226780741706355,0.49726832255368886,hpv_pos_25.11-signal_Pos1h_PosCTL-STK.csv
Pos1h_PosCTL,CSK,1,3,0.36049252681144317,5,0.8333333333333334,0.4226780741706355,0.49726832255368886,hpv_pos_25.11-signal_Pos1h_PosCTL-STK.csv
Pos1h_PosCTL,TEC,1,3,0.36049252681144317,5,0.8333333333333334,0.4226780741706355,0.49726832255368886,hpv_pos_25.11-signal_Pos1h_PosCTL-STK.csv
Pos1h_PosCTL,PDGFR,1,3,0.36049252681144317,5,0.8333333333333334,0.4226780741706355,0.49726832255368886,hpv_pos_25.11-signal_Pos1h_PosCTL-STK.csv
Pos1h_PosCTL,SYK,1,3,0.36049252681144317,5,0.8333333333333334,0.4226780741706355,0.49726832255368886,hpv_pos_25.11-signal_Pos1h_PosCTL-STK.csv
Pos1h_PosCTL,AXL,1,3,0.36049252681144317,5,0.8333333333333334,0.4226780741706355,0.49726832255368886,hpv_pos_25.11-signal_Pos1h_PosCTL-STK.csv
Pos1h_PosCTL,VEGFR,1,3,0.36049252681144317,5,0.8333333333333334,0.4226780741706355,0.49726832255368886,hpv_pos_25.11-signal_Pos1h_PosCTL-STK.csv
Pos1h_PosCTL,SLK,1,3,0.21988517137740465,5,0.8333333333333334,0.4226780741706355,0.49726832255368886,hpv_pos_25.11-signal_Pos1h_PosCTL-STK.csv
Pos1h_PosCTL,STE11,5,15,-0.10027860986194762,46,0.38333333333333336,0.44323107559105224,0.5138911021345534,hpv_pos_25.11-signal_Pos1h_PosCTL-STK.csv
Pos1h_PosCTL,JNK,24,72,-0.01794007400044812,1211,0.460806697108067,0.5651570015828122,0.6458937160946425,hpv_pos_25.11-signal_Pos1h_PosCTL-STK.csv
Pos1h_PosCTL,PKCH,12,36,-0.02332358275907942,308,0.4624624624624625,0.7003047740926462,0.789075801794531,hpv_pos_25.11-signal_Pos1h_PosCTL-STK.csv
Pos1h_PosCTL,MLCK,5,15,0.004340110560203258,67,0.5583333333333333,0.7119971455885383,0.7911079395428204,hpv_pos_25.11-signal_Pos1h_PosCTL-STK.csv
Pos1h_PosCTL,DYRK,27,81,-0.012386697102630254,1727,0.5200240891297802,0.755993304554758,0.8284858132106937,hpv_pos_25.11-signal_Pos1h_PosCTL-STK.csv
Pos1h_PosCTL,NMO,1,3,-0.03409930963629589,2,0.3333333333333333,0.7892680261342813,0.8402873488132016,hpv_pos_25.11-signal_Pos1h_PosCTL-STK.csv
Pos1h_PosCTL,MOS,1,3,0.11899827853053029,4,0.6666666666666666,0.7892680261342813,0.8402873488132016,hpv_pos_25.11-signal_Pos1h_PosCTL-STK.csv
Pos1h_PosCTL,LKB,5,15,-0.04539238160738002,55,0.4583333333333333,0.7982729813725415,0.8402873488132016,hpv_pos_25.11-signal_Pos1h_PosCTL-STK.csv
Pos1h_PosCTL,MSN,4,12,-0.014988750427843282,30,0.38461538461538464,0.8240981682459778,0.8562058890867301,hpv_pos_25.11-signal_Pos1h_PosCTL-STK.csv
Pos1h_PosCTL,COT,5,15,0.008013896158319577,63,0.525,0.8870875422894802,0.909833376707159,hpv_pos_25.11-signal_Pos1h_PosCTL-STK.csv
Pos1h_PosCTL,VRK1,3,9,0.0022875950703182824,23,0.5111111111111111,1,1,hpv_pos_25.11-signal_Pos1h_PosCTL-STK.csv
Pos1h_PosCTL,TAO,1,3,-0.07594260934526739,1,0.16666666666666666,1,1,hpv_pos_25.11-signal_Pos1h_PosCTL-STK.csv
Pos24h_PosCTL,STE7,28,84,0.10995749209108632,2647,0.7414565826330533,1.2198708035504602e-4,0.009758966428403681,hpv_pos_25.11-signal_Pos24h_PosCTL-STK.csv
Pos24h_PosCTL,P38,29,87,0.0930025210297148,2741,0.7160397074190178,4.686381689846808e-4,0.013279371286167851,hpv_pos_25.11-signal_Pos24h_PosCTL-STK.csv
Pos24h_PosCTL,IKK,36,108,0.08410515388218363,4065,0.6906218144750255,5.869872131334386e-4,0.013279371286167851,hpv_pos_25.11-signal_Pos24h_PosCTL-STK.csv
Pos24h_PosCTL,ERK,30,90,0.10419212201229601,2894,0.7067155067155068,6.639685643083926e-4,0.013279371286167851,hpv_pos_25.11-signal_Pos24h_PosCTL-STK.csv
Pos24h_PosCTL,PEK,58,174,0.06732923542553688,9719,0.6383579638752053,0.0015514545511980948,0.022488480228573714,hpv_pos_25.11-signal_Pos24h_PosCTL-STK.csv
Pos24h_PosCTL,CDK,62,186,0.06499224538685787,11005,0.6327985739750446,0.0016866360171430284,0.022488480228573714,hpv_pos_25.11-signal_Pos24h_PosCTL-STK.csv
Pos24h_PosCTL,RIPK,27,81,0.0827150965707973,2307,0.6946702800361337,0.002353637956595378,0.026898719503947177,hpv_pos_25.11-signal_Pos24h_PosCTL-STK.csv
Pos24h_PosCTL,PDK1,35,105,0.08485674791044133,3690,0.6630727762803235,0.003737505046355727,0.03737505046355727,hpv_pos_25.11-signal_Pos24h_PosCTL-STK.csv
Pos24h_PosCTL,STE11,5,15,0.1766115036638982,108,0.9,0.006979543813140587,0.06204038945013856,hpv_pos_25.11-signal_Pos24h_PosCTL-STK.csv
Pos24h_PosCTL,DYRK,27,81,0.09542138810240564,2211,0.6657633242999097,0.009610018149265542,0.07688014519412434,hpv_pos_25.11-signal_Pos24h_PosCTL-STK.csv
Pos24h_PosCTL,GRK,8,24,0.10662580889795581,238,0.7933333333333333,0.012419330651552318,0.09032240473856232,hpv_pos_25.11-signal_Pos24h_PosCTL-STK.csv
Pos24h_PosCTL,PKCD,10,30,-0.07666559622480874,119,0.25591397849462366,0.020113580186398253,0.13409053457598835,hpv_pos_25.11-signal_Pos24h_PosCTL-STK.csv
Pos24h_PosCTL,GSK,12,36,0.0988845705031093,475,0.7132132132132132,0.02621267454923837,0.1511876562015362,hpv_pos_25.11-signal_Pos24h_PosCTL-STK.csv
Pos24h_PosCTL,JNK,24,72,0.0712297797622455,1710,0.6506849315068494,0.026457839835268837,0.1511876562015362,hpv_pos_25.11-signal_Pos24h_PosCTL-STK.csv
Pos24h_PosCTL,STKR,5,15,0.12236154778013907,99,0.825,0.0287678605974675,0.15342858985316,hpv_pos_25.11-signal_Pos24h_PosCTL-STK.csv
Pos24h_PosCTL,LKB,5,15,0.15030304580595172,98,0.8166666666666667,0.03318343115109412,0.1659171557554706,hpv_pos_25.11-signal_Pos24h_PosCTL-STK.csv
Pos24h_PosCTL,MAPKAPK,38,114,0.0428395745534015,4004,0.6108314263920671,0.04010274978307948,0.17947703654953304,hpv_pos_25.11-signal_Pos24h_PosCTL-STK.csv
Pos24h_PosCTL,BARK1,89,267,0.04240996318271599,20450,0.5715803007434737,0.0426257961805141,0.17947703654953304,hpv_pos_25.11-signal_Pos24h_PosCTL-STK.csv
Pos24h_PosCTL,VRK2,89,267,0.04240996318271599,20450,0.5715803007434737,0.0426257961805141,0.17947703654953304,hpv_pos_25.11-signal_Pos24h_PosCTL-STK.csv
Pos24h_PosCTL,CAMK1,19,57,0.057470001473527536,1069,0.64670296430732,0.05451266575184799,0.21745238947880544,hpv_pos_25.11-signal_Pos24h_PosCTL-STK.csv
Pos24h_PosCTL,CHK1,10,30,0.06880330455703808,325,0.6989247311827957,0.058452722691013426,0.21745238947880544,hpv_pos_25.11-signal_Pos24h_PosCTL-STK.csv
Pos24h_PosCTL,AUR,8,24,-0.0538845212198511,84,0.28,0.06128570178053648,0.21745238947880544,hpv_pos_25.11-signal_Pos24h_PosCTL-STK.csv
Pos24h_PosCTL,PKCA,79,237,0.04113346948839673,16070,0.5697975392688721,0.06251756197515657,0.21745238947880544,hpv_pos_25.11-signal_Pos24h_PosCTL-STK.csv
Pos24h_PosCTL,MARK,6,18,0.08923784917552173,127,0.7426900584795322,0.07416978604924229,0.247232620164141,hpv_pos_25.11-signal_Pos24h_PosCTL-STK.csv
Pos24h_PosCTL,MST,16,48,0.0799044158119086,755,0.6420068027210885,0.08768928149502386,0.2806057007840764,hpv_pos_25.11-signal_Pos24h_PosCTL-STK.csv
Pos24h_PosCTL,HAL,2,6,0.17652039362999467,19,0.9047619047619048,0.09349248368983565,0.28766918058410973,hpv_pos_25.11-signal_Pos24h_PosCTL-STK.csv
Pos24h_PosCTL,IRAK,9,27,0.1272639146473803,255,0.6746031746031746,0.1155712936275528,0.3263799066609859,hpv_pos_25.11-signal_Pos24h_PosCTL-STK.csv
Pos24h_PosCTL,NEK,14,42,0.08684849198467581,577,0.6389811738648948,0.11806248222154303,0.3263799066609859,hpv_pos_25.11-signal_Pos24h_PosCTL-STK.csv
Pos24h_PosCTL,MLCK,5,15,0.0876755968063275,88,0.7333333333333333,0.11831271616460737,0.3263799066609859,hpv_pos_25.11-signal_Pos24h_PosCTL-STK.csv
Pos24h_PosCTL,CK2,5,15,0.0755591226219313,87,0.725,0.13229866187626937,0.3483437485999638,hpv_pos_25.11-signal_Pos24h_PosCTL-STK.csv
Pos24h_PosCTL,CK1,23,69,0.05060869039538302,1458,0.6037267080745342,0.13498320258248597,0.3483437485999638,hpv_pos_25.11-signal_Pos24h_PosCTL-STK.csv
Pos24h_PosCTL,BARK2,2,6,0.10354680547877262,18,0.8571428571428571,0.14221324193639262,0.35553310484098155,hpv_pos_25.11-signal_Pos24h_PosCTL-STK.csv
Pos24h_PosCTL,MTOR,15,45,0.050072536590788634,643,0.621256038647343,0.15826113845753786,0.38366336595766753,hpv_pos_25.11-signal_Pos24h_PosCTL-STK.csv
Pos24h_PosCTL,BRSK,1,3,0.20130022457170385,6,1,0.18144920772142026,0.3923226112895575,hpv_pos_25.11-signal_Pos24h_PosCTL-STK.csv
Pos24h_PosCTL,NAK,1,3,0.2654759700240928,6,1,0.18144920772142026,0.3923226112895575,hpv_pos_25.11-signal_Pos24h_PosCTL-STK.csv
Pos24h_PosCTL,KHS,1,3,0.08856400028035664,6,1,0.18144920772142026,0.3923226112895575,hpv_pos_25.11-signal_Pos24h_PosCTL-STK.csv
Pos24h_PosCTL,PASK,1,3,-0.062024573495989443,0,0,0.1814492077214203,0.3923226112895575,hpv_pos_25.11-signal_Pos24h_PosCTL-STK.csv
Pos24h_PosCTL,PKG,42,126,0.03413166760660118,4541,0.5675540557430321,0.18858497255023265,0.3949078408953259,hpv_pos_25.11-signal_Pos24h_PosCTL-STK.csv
Pos24h_PosCTL,VRK1,3,9,0.11733874571187153,34,0.7555555555555555,0.19251757243647138,0.3949078408953259,hpv_pos_25.11-signal_Pos24h_PosCTL-STK.csv
Pos24h_PosCTL,RSK,63,189,0.027949735072809012,9904,0.5516012252854358,0.218819939243184,0.43398644722001184,hpv_pos_25.11-signal_Pos24h_PosCTL-STK.csv
Pos24h_PosCTL,PLK,22,66,0.06585509647494323,1297,0.5866123925825418,0.22241805420025607,0.43398644722001184,hpv_pos_25.11-signal_Pos24h_PosCTL-STK.csv
Pos24h_PosCTL,DMPK,73,219,0.027088032480045463,13131,0.5450809464508095,0.24755926846576592,0.47035165561413006,hpv_pos_25.11-signal_Pos24h_PosCTL-STK.csv
Pos24h_PosCTL,FRAY,11,33,-0.030713322732650754,216,0.3850267379679144,0.2528140148925949,0.47035165561413006,hpv_pos_25.11-signal_Pos24h_PosCTL-STK.csv
Pos24h_PosCTL,PKA,51,153,0.027687192220329105,6509,0.5524997877939054,0.2602967313082969,0.47326678419690343,hpv_pos_25.11-signal_Pos24h_PosCTL-STK.csv
Pos24h_PosCTL,PAKB,2,6,-0.058024539972760955,5,0.23809523809523808,0.2945073936801101,0.5235686998757513,hpv_pos_25.11-signal_Pos24h_PosCTL-STK.csv
Pos24h_PosCTL,PDHK,42,126,0.03332632961362557,4404,0.5504311961004874,0.32648773714232937,0.5678047602475293,hpv_pos_25.11-signal_Pos24h_PosCTL-STK.csv
Pos24h_PosCTL,CAMK2,13,39,0.05500892182814099,456,0.5846153846153846,0.36068933158739935,0.57312281243476,hpv_pos_25.11-signal_Pos24h_PosCTL-STK.csv
Pos24h_PosCTL,PKCI,10,30,-0.03106903938055269,189,0.4064516129032258,0.37645949782003635,0.57312281243476,hpv_pos_25.11-signal_Pos24h_PosCTL-STK.csv
Pos24h_PosCTL,RAF,14,42,-0.027359317561310832,382,0.4230343300110742,0.38827339722815674,0.57312281243476,hpv_pos_25.11-signal_Pos24h_PosCTL-STK.csv
Pos24h_PosCTL,ATM,1,3,-0.14798602178108902,1,0.16666666666666666,0.42267807417063546,0.57312281243476,hpv_pos_25.11-signal_Pos24h_PosCTL-STK.csv
Pos24h_PosCTL,EGFR,1,3,0.11088716091607434,5,0.8333333333333334,0.4226780741706355,0.57312281243476,hpv_pos_25.11-signal_Pos24h_PosCTL-STK.csv
Pos24h_PosCTL,CSK,1,3,0.11088716091607434,5,0.8333333333333334,0.4226780741706355,0.57312281243476,hpv_pos_25.11-signal_Pos24h_PosCTL-STK.csv
Pos24h_PosCTL,TEC,1,3,0.11088716091607434,5,0.8333333333333334,0.4226780741706355,0.57312281243476,hpv_pos_25.11-signal_Pos24h_PosCTL-STK.csv
Pos24h_PosCTL,PDGFR,1,3,0.11088716091607434,5,0.8333333333333334,0.4226780741706355,0.57312281243476,hpv_pos_25.11-signal_Pos24h_PosCTL-STK.csv
Pos24h_PosCTL,SYK,1,3,0.11088716091607434,5,0.8333333333333334,0.4226780741706355,0.57312281243476,hpv_pos_25.11-signal_Pos24h_PosCTL-STK.csv
Pos24h_PosCTL,AXL,1,3,0.11088716091607434,5,0.8333333333333334,0.4226780741706355,0.57312281243476,hpv_pos_25.11-signal_Pos24h_PosCTL-STK.csv
Pos24h_PosCTL,VEGFR,1,3,0.11088716091607434,5,0.8333333333333334,0.4226780741706355,0.57312281243476,hpv_pos_25.11-signal_Pos24h_PosCTL-STK.csv
Pos24h_PosCTL,TAO,1,3,0.21683799394231568,5,0.8333333333333334,0.4226780741706355,0.57312281243476,hpv_pos_25.11-signal_Pos24h_PosCTL-STK.csv
Pos24h_PosCTL,MOS,1,3,0.17697385350604256,5,0.8333333333333334,0.4226780741706355,0.57312281243476,hpv_pos_25.11-signal_Pos24h_PosCTL-STK.csv
Pos24h_PosCTL,PRKDC,7,21,0.030024581844989504,138,0.5974025974025974,0.44446908757402803,0.5813698853040934,hpv_pos_25.11-signal_Pos24h_PosCTL-STK.csv
Pos24h_PosCTL,MELK,21,63,0.0383425499691595,1119,0.5550595238095238,0.44935276687346803,0.5813698853040934,hpv_pos_25.11-signal_Pos24h_PosCTL-STK.csv
Pos24h_PosCTL,QIK,46,138,0.02467175807575043,5151,0.5370659993744135,0.4505616611106724,0.5813698853040934,hpv_pos_25.11-signal_Pos24h_PosCTL-STK.csv
Pos24h_PosCTL,SGK,22,66,0.023340821968197818,1215,0.5495251017639078,0.48624043710929454,0.6174481741070407,hpv_pos_25.11-signal_Pos24h_PosCTL-STK.csv
Pos24h_PosCTL,PAKA,24,72,-0.004182986734168459,1216,0.4627092846270928,0.5842824745715128,0.730353093214391,hpv_pos_25.11-signal_Pos24h_PosCTL-STK.csv
Pos24h_PosCTL,MSN,4,12,0.06524985380221907,46,0.5897435897435898,0.6101201547975077,0.7509171135969326,hpv_pos_25.11-signal_Pos24h_PosCTL-STK.csv
Pos24h_PosCTL,NDR,3,9,-0.02920507916515044,18,0.4,0.6355861222787667,0.7704074209439596,hpv_pos_25.11-signal_Pos24h_PosCTL-STK.csv
Pos24h_PosCTL,ATR,7,21,-0.024694247179961087,102,0.44155844155844154,0.6513774432194126,0.7708514876823978,hpv_pos_25.11-signal_Pos24h_PosCTL-STK.csv
Pos24h_PosCTL,PKD,29,87,0.020809557791668404,2020,0.5276907001044933,0.65522376453003806,0.7708514876823978,hpv_pos_25.11-signal_Pos24h_PosCTL-STK.csv
Pos24h_PosCTL,DAPK,16,48,0.029999626975190763,626,0.532312925170068,0.7005186465035416,0.8050915929316099,hpv_pos_25.11-signal_Pos24h_PosCTL-STK.csv
Pos24h_PosCTL,PIM,56,168,0.016525943600144824,7338,0.5169061707523246,0.7044551438151587,0.8050915929316099,hpv_pos_25.11-signal_Pos24h_PosCTL-STK.csv
Pos24h_PosCTL,COT,5,15,0.020509373550665892,66,0.55,0.7547525012901841,0.8418858945432334,hpv_pos_25.11-signal_Pos24h_PosCTL-STK.csv
Pos24h_PosCTL,AKT,31,93,0.012691466090987785,2264,0.5179592770533059,0.7650435986031012,0.8418858945432334,hpv_pos_25.11-signal_Pos24h_PosCTL-STK.csv
Pos24h_PosCTL,NMO,1,3,0.14736907604042937,4,0.6666666666666666,0.7892680261342813,0.8418858945432334,hpv_pos_25.11-signal_Pos24h_PosCTL-STK.csv
Pos24h_PosCTL,SLK,1,3,0.07593232688434984,4,0.6666666666666666,0.7892680261342813,0.8418858945432334,hpv_pos_25.11-signal_Pos24h_PosCTL-STK.csv
Pos24h_PosCTL,PKN,1,3,-0.061004637692256544,2,0.3333333333333333,0.7892680261342813,0.8418858945432334,hpv_pos_25.11-signal_Pos24h_PosCTL-STK.csv
Pos24h_PosCTL,AMPK,19,57,0.002848700233378102,806,0.48759830611010285,0.8737443817406862,0.9197309281480908,hpv_pos_25.11-signal_Pos24h_PosCTL-STK.csv
Pos24h_PosCTL,RAD53,28,84,0.0047932344652560875,1757,0.492156862745098,0.9023891111008566,0.9375471284164744,hpv_pos_25.11-signal_Pos24h_PosCTL-STK.csv
Pos24h_PosCTL,PHK,66,198,0.010655216606230606,9928,0.5039338104664738,0.9240156804216073,0.9477083901760074,hpv_pos_25.11-signal_Pos24h_PosCTL-STK.csv
Pos24h_PosCTL,PKCH,12,36,0.034832772430314456,328,0.4924924924924925,0.9436384411817207,0.9555832315764261,hpv_pos_25.11-signal_Pos24h_PosCTL-STK.csv
Pos24h_PosCTL,MLK,12,36,0.022029728086805662,335,0.503003003003003,0.9811989024470065,0.9811989024470065,hpv_pos_25.11-signal_Pos24h_PosCTL-STK.csv
Pos30m_PosCTL,BARK1,86,258,-0.44982481388288653,3698,0.11068211068211069,2.1954797118906238e-27,8.672144861967964e-26,hpv_pos_25.10-signal_Pos30m_PosCTL-STK.csv
Pos30m_PosCTL,VRK2,86,258,-0.44982481388288653,3698,0.11068211068211069,2.1954797118906238e-27,8.672144861967964e-26,hpv_pos_25.10-signal_Pos30m_PosCTL-STK.csv
Pos30m_PosCTL,PKCA,76,228,-0.4776253405864652,2806,0.1074848693786869,9.009623873043045e-25,2.3725342865680016e-23,hpv_pos_25.10-signal_Pos30m_PosCTL-STK.csv
Pos30m_PosCTL,DMPK,71,213,-0.4734063695488491,2310,0.10135579834145057,6.2209476869340454e-24,1.2286371681694739e-22,hpv_pos_25.10-signal_Pos30m_PosCTL-STK.csv
Pos30m_PosCTL,RSK,60,180,-0.530769153619343,1226,0.0752608962553714,4.933757140528221e-23,7.795336282034589e-22,hpv_pos_25.10-signal_Pos30m_PosCTL-STK.csv
Pos30m_PosCTL,PHK,64,192,-0.4711639528831209,2074,0.11193868739205527,1.1107722940259056e-20,1.4625168538007757e-19,hpv_pos_25.10-signal_Pos30m_PosCTL-STK.csv
Pos30m_PosCTL,PKA,48,144,-0.5968319092992692,689,0.06599616858237548,1.637085115840294e-19,1.8475674878769033e-18,hpv_pos_25.10-signal_Pos30m_PosCTL-STK.csv
Pos30m_PosCTL,PEK,55,165,-0.4512615499977682,1379,0.10069368382621395,5.758305771892584e-19,5.686326949743927e-18,hpv_pos_25.10-signal_Pos30m_PosCTL-STK.csv
Pos30m_PosCTL,PIM,54,162,-0.4867669532831711,1310,0.09921987427099901,8.901585411105527e-19,7.813613860859297e-18,hpv_pos_25.10-signal_Pos30m_PosCTL-STK.csv
Pos30m_PosCTL,PKG,39,117,-0.6235830668681311,410,0.05939446617412719,1.3292168488361887e-16,1.0355315450167108e-15,hpv_pos_25.10-signal_Pos30m_PosCTL-STK.csv
Pos30m_PosCTL,PDHK,40,120,-0.5633458047113581,475,0.06542699724517906,1.4418793664789645e-16,1.0355315450167108e-15,hpv_pos_25.10-signal_Pos30m_PosCTL-STK.csv
Pos30m_PosCTL,CDK,60,180,-0.3876180366324989,2487,0.15267034990791897,6.388647511874184e-16,4.205859611983838e-15,hpv_pos_25.10-signal_Pos30m_PosCTL-STK.csv
Pos30m_PosCTL,QIK,46,138,-0.45222077543668127,1060,0.110520279428631,2.055186667239918e-15,1.2489211285534885e-14,hpv_pos_25.10-signal_Pos30m_PosCTL-STK.csv
Pos30m_PosCTL,IKK,35,105,-0.5082135854689285,494,0.08876909254267745,2.587245284080564e-13,1.4599455531597468e-12,hpv_pos_25.10-signal_Pos30m_PosCTL-STK.csv
Pos30m_PosCTL,AKT,28,84,-0.4632474356091342,230,0.06442577030812324,4.128141497342148e-12,2.1741545219335312e-11,hpv_pos_25.10-signal_Pos30m_PosCTL-STK.csv
Pos30m_PosCTL,PKD,29,87,-0.6229086139895258,278,0.07262277951933124,4.450813897349227e-12,2.197589361816181e-11,hpv_pos_25.10-signal_Pos30m_PosCTL-STK.csv
Pos30m_PosCTL,MAPKAPK,36,108,-0.49961445432737506,711,0.12079510703363915,7.926794579532546e-12,3.683628069312184e-11,hpv_pos_25.10-signal_Pos30m_PosCTL-STK.csv
Pos30m_PosCTL,RAD53,26,78,-0.5499763342699165,215,0.06978253813696851,4.1255551623310686e-11,1.8106603212453024e-10,hpv_pos_25.10-signal_Pos30m_PosCTL-STK.csv
Pos30m_PosCTL,PAKA,23,69,-0.6479618129227933,108,0.04472049689440994,5.0024799366942525e-11,2.079978499993926e-10,hpv_pos_25.10-signal_Pos30m_PosCTL-STK.csv
Pos30m_PosCTL,STE7,27,81,-0.4630612360364662,295,0.08882866606443843,1.3031493395376676e-10,5.147439891173788e-10,hpv_pos_25.10-signal_Pos30m_PosCTL-STK.csv
Pos30m_PosCTL,RIPK,25,75,-0.5984796678353557,217,0.07614035087719298,1.8145013370416864e-10,6.825981220299677e-10,hpv_pos_25.10-signal_Pos30m_PosCTL-STK.csv
Pos30m_PosCTL,CK1,22,66,-0.525935100616008,127,0.0574400723654455,4.16958283200373e-10,1.4972592896740666e-9,hpv_pos_25.10-signal_Pos30m_PosCTL-STK.csv
Pos30m_PosCTL,CAMK1,19,57,-0.6490232239975173,45,0.02722323049001815,5.462477433369424e-10,1.876242248852976e-9,hpv_pos_25.10-signal_Pos30m_PosCTL-STK.csv
Pos30m_PosCTL,AMPK,18,54,-0.6793104973176655,26,0.017508417508417508,7.052052768040028e-10,2.3213007028131756e-9,hpv_pos_25.10-signal_Pos30m_PosCTL-STK.csv
Pos30m_PosCTL,SGK,22,66,-0.5026520520173742,150,0.06784260515603799,1.056594157539441e-9,3.3388375378246335e-9,hpv_pos_25.10-signal_Pos30m_PosCTL-STK.csv
Pos30m_PosCTL,MELK,21,63,-0.40785137095710844,135,0.06696428571428571,2.3260755472008453e-9,7.067691085725645e-9,hpv_pos_25.10-signal_Pos30m_PosCTL-STK.csv
Pos30m_PosCTL,PDK1,35,105,-0.31642137506391066,924,0.1660377358490566,2.855915258145439e-9,8.356196496055173e-9,hpv_pos_25.10-signal_Pos30m_PosCTL-STK.csv
Pos30m_PosCTL,P38,30,90,-0.31341736749459764,787,0.1921855921855922,3.9813381183128257e-7,1.1028824592032954e-6,hpv_pos_25.10-signal_Pos30m_PosCTL-STK.csv
Pos30m_PosCTL,CAMK2,12,36,-0.5624154188904117,10,0.015015015015015015,4.048555862898173e-7,1.1028824592032954e-6,hpv_pos_25.10-signal_Pos30m_PosCTL-STK.csv
Pos30m_PosCTL,PLK,22,66,-0.3775151467602066,328,0.1483491632745364,6.922008713343527e-7,1.8227956278471287e-6,hpv_pos_25.10-signal_Pos30m_PosCTL-STK.csv
Pos30m_PosCTL,NEK,13,39,-0.46558314936376066,39,0.05,1.0020942921096475e-6,2.553724163763295e-6,hpv_pos_25.10-signal_Pos30m_PosCTL-STK.csv
Pos30m_PosCTL,PKCD,10,30,-0.625828930991305,5,0.010752688172043012,3.026501801603412e-6,7.471676322708424e-6,hpv_pos_25.10-signal_Pos30m_PosCTL-STK.csv
Pos30m_PosCTL,DAPK,15,45,-0.4786316559874077,116,0.11207729468599034,6.002301757830959e-6,1.4369146632383206e-5,hpv_pos_25.10-signal_Pos30m_PosCTL-STK.csv
Pos30m_PosCTL,DYRK,28,84,-0.22354648878626604,794,0.22240896358543416,9.989095860292833e-6,2.3209958028327467e-5,hpv_pos_25.10-signal_Pos30m_PosCTL-STK.csv
Pos30m_PosCTL,ERK,30,90,-0.21642912310777665,953,0.23272283272283273,1.0729933289623733e-5,2.421899228229357e-5,hpv_pos_25.10-signal_Pos30m_PosCTL-STK.csv
Pos30m_PosCTL,MST,16,48,-0.30921204835690447,163,0.13860544217687074,1.3373465254361444e-5,2.9347326530404283e-5,hpv_pos_25.10-signal_Pos30m_PosCTL-STK.csv
Pos30m_PosCTL,CHK1,10,30,-0.5197447167920147,24,0.05161290322580645,1.8839835739769534e-5,4.0225595228156574e-5,hpv_pos_25.10-signal_Pos30m_PosCTL-STK.csv
Pos30m_PosCTL,PKCI,10,30,-0.5775277985543473,32,0.06881720430107527,3.8942161301380524e-5,8.09587037581332e-5,hpv_pos_25.10-signal_Pos30m_PosCTL-STK.csv
Pos30m_PosCTL,IRAK,9,27,-0.4164710893010388,22,0.0582010582010582,6.329904728008034e-5,1.2822114705452172e-4,hpv_pos_25.10-signal_Pos30m_PosCTL-STK.csv
Pos30m_PosCTL,GRK,8,24,-0.6548931080791973,10,0.03333333333333333,6.727742881565342e-5,1.3287292191091553e-4,hpv_pos_25.10-signal_Pos30m_PosCTL-STK.csv
Pos30m_PosCTL,MLK,12,36,-0.3648648453636053,84,0.12612612612612611,9.458532547348116e-5,1.8224977347329298e-4,hpv_pos_25.10-signal_Pos30m_PosCTL-STK.csv
Pos30m_PosCTL,MTOR,15,45,-0.2773359402706827,172,0.16618357487922705,9.85211720801325e-5,1.8531363319834447e-4,hpv_pos_25.10-signal_Pos30m_PosCTL-STK.csv
Pos30m_PosCTL,JNK,25,75,-0.2206445612706677,719,0.25228070175438594,1.9498036912639146e-4,3.58219747929882e-4,hpv_pos_25.10-signal_Pos30m_PosCTL-STK.csv
Pos30m_PosCTL,FRAY,11,33,-0.38996057368001025,90,0.16042780748663102,6.865679643788366e-4,0.0012327015724074566,hpv_pos_25.10-signal_Pos30m_PosCTL-STK.csv
Pos30m_PosCTL,GSK,13,39,-0.31258854183181073,149,0.191025641025641,7.902797342087868e-4,0.0013873799778332035,hpv_pos_25.10-signal_Pos30m_PosCTL-STK.csv
Pos30m_PosCTL,STKR,5,15,-0.5244595485957593,1,0.008333333333333333,8.919013770591247e-4,0.0015317436692971924,hpv_pos_25.10-signal_Pos30m_PosCTL-STK.csv
Pos30m_PosCTL,STE11,5,15,-0.4959723741849531,4,0.03333333333333333,0.0016205180022727608,0.0027238494080754918,hpv_pos_25.10-signal_Pos30m_PosCTL-STK.csv
Pos30m_PosCTL,LKB,5,15,-0.295033120008865,5,0.041666666666666664,0.001965529409241636,0.003234933819376859,hpv_pos_25.10-signal_Pos30m_PosCTL-STK.csv
Pos30m_PosCTL,CK2,4,12,-0.54429095053328,0,0,0.0025261742685021692,0.004072811575748395,hpv_pos_25.10-signal_Pos30m_PosCTL-STK.csv
Pos30m_PosCTL,MARK,5,15,-0.5795930401869681,8,0.06666666666666667,0.003444524083916485,0.005442348052588046,hpv_pos_25.10-signal_Pos30m_PosCTL-STK.csv
Pos30m_PosCTL,PKCH,12,36,-0.22087781052350255,148,0.2222222222222222,0.003748314721148697,0.005806212999426414,hpv_pos_25.10-signal_Pos30m_PosCTL-STK.csv
Pos30m_PosCTL,RAF,14,42,-0.24657976035730153,220,0.24363233665559247,0.003872732209067934,0.005883573933007053,hpv_pos_25.10-signal_Pos30m_PosCTL-STK.csv
Pos30m_PosCTL,AUR,8,24,-0.2741393248070775,62,0.20666666666666667,0.01241933065155227,0.018511832480615647,hpv_pos_25.10-signal_Pos30m_PosCTL-STK.csv
Pos30m_PosCTL,ATR,6,18,-0.264386586675338,29,0.1695906432748538,0.014735309402339983,0.021557211903423308,hpv_pos_25.10-signal_Pos30m_PosCTL-STK.csv
Pos30m_PosCTL,MSN,4,12,-0.4625573146216163,8,0.10256410256410256,0.016728700389704677,0.02402849692339399,hpv_pos_25.10-signal_Pos30m_PosCTL-STK.csv
Pos30m_PosCTL,COT,5,15,-0.38268090599846605,18,0.15,0.01842118248582118,0.025987025292497738,hpv_pos_25.10-signal_Pos30m_PosCTL-STK.csv
Pos30m_PosCTL,NDR,2,6,-0.4857132900696944,0,0,0.036031686218233556,0.04993865282877984,hpv_pos_25.10-signal_Pos30m_PosCTL-STK.csv
Pos30m_PosCTL,MLCK,5,15,-0.23519114336177854,23,0.19166666666666668,0.038166631333562746,0.05198558405778374,hpv_pos_25.10-signal_Pos30m_PosCTL-STK.csv
Pos30m_PosCTL,PAKB,2,6,-0.38461931529877147,1,0.047619047619047616,0.05917206782585943,0.07923039590242195,hpv_pos_25.10-signal_Pos30m_PosCTL-STK.csv
Pos30m_PosCTL,PRKDC,6,18,-0.2735841687840903,45,0.2631578947368421,0.08150595513442671,0.1073161742603285,hpv_pos_25.10-signal_Pos30m_PosCTL-STK.csv
Pos30m_PosCTL,VRK1,3,9,-0.18806508392571797,9,0.2,0.12353425375256949,0.1599869843680818,hpv_pos_25.10-signal_Pos30m_PosCTL-STK.csv
Pos30m_PosCTL,BARK2,2,6,-0.29778604031990946,3,0.14285714285714285,0.1422132419363925,0.17833089068214297,hpv_pos_25.10-signal_Pos30m_PosCTL-STK.csv
Pos30m_PosCTL,HAL,2,6,-0.6909092333379694,3,0.14285714285714285,0.1422132419363925,0.17833089068214297,hpv_pos_25.10-signal_Pos30m_PosCTL-STK.csv
Pos30m_PosCTL,PASK,1,3,-0.9792582373218485,0,0,0.1814492077214203,0.2077461943477131,hpv_pos_25.10-signal_Pos30m_PosCTL-STK.csv
Pos30m_PosCTL,TAO,1,3,-0.5715263293543881,0,0,0.1814492077214203,0.2077461943477131,hpv_pos_25.10-signal_Pos30m_PosCTL-STK.csv
Pos30m_PosCTL,NMO,1,3,-0.19106267558134307,0,0,0.1814492077214203,0.2077461943477131,hpv_pos_25.10-signal_Pos30m_PosCTL-STK.csv
Pos30m_PosCTL,ATM,1,3,-0.8148875158257661,0,0,0.1814492077214203,0.2077461943477131,hpv_pos_25.10-signal_Pos30m_PosCTL-STK.csv
Pos30m_PosCTL,NAK,1,3,-0.49329443702417414,0,0,0.1814492077214203,0.2077461943477131,hpv_pos_25.10-signal_Pos30m_PosCTL-STK.csv
Pos30m_PosCTL,SLK,1,3,-0.6364728061561689,0,0,0.1814492077214203,0.2077461943477131,hpv_pos_25.10-signal_Pos30m_PosCTL-STK.csv
Pos30m_PosCTL,BRSK,1,3,-0.19001097363148478,1,0.16666666666666666,0.42267807417063546,0.4280970238394897,hpv_pos_25.10-signal_Pos30m_PosCTL-STK.csv
Pos30m_PosCTL,EGFR,1,3,-0.3449703926220293,1,0.16666666666666666,0.42267807417063546,0.4280970238394897,hpv_pos_25.10-signal_Pos30m_PosCTL-STK.csv
Pos30m_PosCTL,CSK,1,3,-0.3449703926220293,1,0.16666666666666666,0.42267807417063546,0.4280970238394897,hpv_pos_25.10-signal_Pos30m_PosCTL-STK.csv
Pos30m_PosCTL,TEC,1,3,-0.3449703926220293,1,0.16666666666666666,0.42267807417063546,0.4280970238394897,hpv_pos_25.10-signal_Pos30m_PosCTL-STK.csv
Pos30m_PosCTL,PDGFR,1,3,-0.3449703926220293,1,0.16666666666666666,0.42267807417063546,0.4280970238394897,hpv_pos_25.10-signal_Pos30m_PosCTL-STK.csv
Pos30m_PosCTL,SYK,1,3,-0.3449703926220293,1,0.16666666666666666,0.42267807417063546,0.4280970238394897,hpv_pos_25.10-signal_Pos30m_PosCTL-STK.csv
Pos30m_PosCTL,AXL,1,3,-0.3449703926220293,1,0.16666666666666666,0.42267807417063546,0.4280970238394897,hpv_pos_25.10-signal_Pos30m_PosCTL-STK.csv
Pos30m_PosCTL,VEGFR,1,3,-0.3449703926220293,1,0.16666666666666666,0.42267807417063546,0.4280970238394897,hpv_pos_25.10-signal_Pos30m_PosCTL-STK.csv
Pos30m_PosCTL,KHS,1,3,-0.2720143429726797,1,0.16666666666666666,0.42267807417063546,0.4280970238394897,hpv_pos_25.10-signal_Pos30m_PosCTL-STK.csv
Pos30m_PosCTL,PKN,1,3,-0.19379325951951315,3,0.5,1,1,hpv_pos_25.10-signal_Pos30m_PosCTL-STK.csv
Pos4h_PosCTL,DMPK,73,219,-0.30603856291513976,3000,0.12453300124533001,9.411189959316663e-22,7.52895196745333e-20,hpv_pos_25.11-signal_Pos4h_PosCTL-STK.csv
Pos4h_PosCTL,RSK,63,189,-0.332179781636984,1781,0.09919242550821498,1.9907903633542935e-21,7.963161453417174e-20,hpv_pos_25.11-signal_Pos4h_PosCTL-STK.csv
Pos4h_PosCTL,PKA,51,153,-0.4112359974377435,685,0.058144469909175794,3.9616050032682966e-21,1.0564280008715458e-19,hpv_pos_25.11-signal_Pos4h_PosCTL-STK.csv
Pos4h_PosCTL,PKCA,79,237,-0.29915983492811404,4195,0.14874304152040563,1.1399326848600297e-20,2.2798653697200594e-19,hpv_pos_25.11-signal_Pos4h_PosCTL-STK.csv
Pos4h_PosCTL,PHK,66,198,-0.3042735069212629,2539,0.128876706766154,2.234041689840565e-19,3.574466703744904e-18,hpv_pos_25.11-signal_Pos4h_PosCTL-STK.csv
Pos4h_PosCTL,BARK1,89,267,-0.2625354031197895,6608,0.18469450500307452,6.948275962842735e-19,7.940886814677412e-18,hpv_pos_25.11-signal_Pos4h_PosCTL-STK.csv
Pos4h_PosCTL,VRK2,89,267,-0.2625354031197895,6608,0.18469450500307452,6.948275962842735e-19,7.940886814677412e-18,hpv_pos_25.11-signal_Pos4h_PosCTL-STK.csv
Pos4h_PosCTL,PIM,56,168,-0.29836456296394354,1812,0.12764158918005072,5.711810991792261e-17,5.711810991792261e-16,hpv_pos_25.11-signal_Pos4h_PosCTL-STK.csv
Pos4h_PosCTL,PKG,42,126,-0.40512870695878606,602,0.0752405949256343,2.0829433604966058e-16,1.8515052093303163e-15,hpv_pos_25.11-signal_Pos4h_PosCTL-STK.csv
Pos4h_PosCTL,PDHK,42,126,-0.3577810896369525,689,0.08611423572053493,1.215751915545757e-15,9.726015324366056e-15,hpv_pos_25.11-signal_Pos4h_PosCTL-STK.csv
Pos4h_PosCTL,QIK,46,138,-0.2852345308263522,1358,0.14159107496611406,4.613758640036777e-13,3.355460829117656e-12,hpv_pos_25.11-signal_Pos4h_PosCTL-STK.csv
Pos4h_PosCTL,PKD,29,87,-0.4299745622122323,209,0.05459770114942529,8.536011501785713e-13,5.690674334523809e-12,hpv_pos_25.11-signal_Pos4h_PosCTL-STK.csv
Pos4h_PosCTL,PEK,58,174,-0.2496292764921682,2874,0.18876847290640394,1.7890881028195258e-12,1.1009772940427852e-11,hpv_pos_25.11-signal_Pos4h_PosCTL-STK.csv
Pos4h_PosCTL,AKT,31,93,-0.2833125799254207,331,0.07572637840311142,1.9471479045538977e-12,1.1126559454593701e-11,hpv_pos_25.11-signal_Pos4h_PosCTL-STK.csv
Pos4h_PosCTL,MAPKAPK,38,114,-0.33760895944834846,797,0.12158657513348589,3.879085804621724e-12,2.0688457624649194e-11,hpv_pos_25.11-signal_Pos4h_PosCTL-STK.csv
Pos4h_PosCTL,RAD53,28,84,-0.36077830033479497,263,0.07366946778711485,1.8534034058878863e-11,9.267017029439431e-11,hpv_pos_25.11-signal_Pos4h_PosCTL-STK.csv
Pos4h_PosCTL,PAKA,24,72,-0.4200127802517414,113,0.04299847792998478,2.5166410086737378e-11,1.1843016511405826e-10,hpv_pos_25.11-signal_Pos4h_PosCTL-STK.csv
Pos4h_PosCTL,IKK,36,108,-0.32298922614956294,797,0.13540604825008495,8.010344392676548e-11,3.549494372857178e-10,hpv_pos_25.11-signal_Pos4h_PosCTL-STK.csv
Pos4h_PosCTL,RIPK,27,81,-0.4172029949132377,281,0.08461306835290575,8.430049135535798e-11,3.549494372857178e-10,hpv_pos_25.11-signal_Pos4h_PosCTL-STK.csv
Pos4h_PosCTL,AMPK,19,57,-0.4744598202937593,9,0.0054446460980036296,1.2605092454815792e-10,5.042036981926317e-10,hpv_pos_25.11-signal_Pos4h_PosCTL-STK.csv
Pos4h_PosCTL,CDK,62,186,-0.2154328505276756,4070,0.23402909550917142,5.167614734334866e-10,1.968615136889473e-9,hpv_pos_25.11-signal_Pos4h_PosCTL-STK.csv
Pos4h_PosCTL,CAMK1,19,57,-0.4353475296249367,108,0.06533575317604355,1.86251225778452e-8,6.772771846489163e-8,hpv_pos_25.11-signal_Pos4h_PosCTL-STK.csv
Pos4h_PosCTL,SGK,22,66,-0.2858764477007199,254,0.114880144730891,5.441141477818603e-8,1.8925709488064706e-7,hpv_pos_25.11-signal_Pos4h_PosCTL-STK.csv
Pos4h_PosCTL,CK1,23,69,-0.32282641684221713,302,0.12505175983436853,1.0430318006208936e-7,3.4767726687363125e-7,hpv_pos_25.11-signal_Pos4h_PosCTL-STK.csv
Pos4h_PosCTL,DAPK,16,48,-0.29943737428004297,125,0.10629251700680271,2.0989918865824285e-6,6.716774037063772e-6,hpv_pos_25.11-signal_Pos4h_PosCTL-STK.csv
Pos4h_PosCTL,PKCD,10,30,-0.432131155932462,16,0.034408602150537634,8.881167598355963e-6,2.7326669533402965e-5,hpv_pos_25.11-signal_Pos4h_PosCTL-STK.csv
Pos4h_PosCTL,CHK1,10,30,-0.38799713409109005,20,0.043010752688172046,2.0463679157240263e-5,6.0633123428860035e-5,hpv_pos_25.11-signal_Pos4h_PosCTL-STK.csv
Pos4h_PosCTL,MELK,21,63,-0.20889533069909413,408,0.20238095238095238,4.056472236456521e-5,1.158992067559006e-4,hpv_pos_25.11-signal_Pos4h_PosCTL-STK.csv
Pos4h_PosCTL,PKCI,10,30,-0.369870375796567,33,0.07096774193548387,4.2564490164800134e-5,1.1741928321324175e-4,hpv_pos_25.11-signal_Pos4h_PosCTL-STK.csv
Pos4h_PosCTL,STE7,28,84,-0.2323419874565423,846,0.23697478991596638,4.6966672151203054e-5,1.252444590698748e-4,hpv_pos_25.11-signal_Pos4h_PosCTL-STK.csv
Pos4h_PosCTL,PLK,22,66,-0.21611522314514442,480,0.21709633649932158,1.0942523972058324e-4,2.8238771540795677e-4,hpv_pos_25.11-signal_Pos4h_PosCTL-STK.csv
Pos4h_PosCTL,CAMK2,13,39,-0.29634696173092906,123,0.1576923076923077,2.0000755313882314e-4,5.000188828470579e-4,hpv_pos_25.11-signal_Pos4h_PosCTL-STK.csv
Pos4h_PosCTL,RAF,14,42,-0.2038455909007653,155,0.1716500553709856,2.1467999780954675e-4,5.20436358326174e-4,hpv_pos_25.11-signal_Pos4h_PosCTL-STK.csv
Pos4h_PosCTL,AUR,8,24,-0.28575147488120295,23,0.07666666666666666,3.011767921188166e-4,7.086512755736862e-4,hpv_pos_25.11-signal_Pos4h_PosCTL-STK.csv
Pos4h_PosCTL,GRK,8,24,-0.4205275166786271,27,0.09,4.6525815807104987e-4,0.0010510933323003907,hpv_pos_25.11-signal_Pos4h_PosCTL-STK.csv
Pos4h_PosCTL,MLK,12,36,-0.22939930448940307,110,0.16516516516516516,4.729919995351758e-4,0.0010510933323003907,hpv_pos_25.11-signal_Pos4h_PosCTL-STK.csv
Pos4h_PosCTL,NEK,14,42,-0.20859702037482936,212,0.23477297895902546,0.0028046462232699573,0.006064099942205314,hpv_pos_25.11-signal_Pos4h_PosCTL-STK.csv
Pos4h_PosCTL,CK2,5,15,-0.36745321628383043,9,0.075,0.004128050101717345,0.008641486488969497,hpv_pos_25.11-signal_Pos4h_PosCTL-STK.csv
Pos4h_PosCTL,PDK1,35,105,-0.11465215333545918,1847,0.33189577717879604,0.00421272466337263,0.008641486488969497,hpv_pos_25.11-signal_Pos4h_PosCTL-STK.csv
Pos4h_PosCTL,FRAY,11,33,-0.20330565103652898,130,0.23172905525846701,0.007358381801725005,0.01471676360345001,hpv_pos_25.11-signal_Pos4h_PosCTL-STK.csv
Pos4h_PosCTL,ATR,7,21,-0.18192091641000402,40,0.17316017316017315,0.009138638700740397,0.01783149014778614,hpv_pos_25.11-signal_Pos4h_PosCTL-STK.csv
Pos4h_PosCTL,STKR,5,15,-0.2885316860472324,15,0.125,0.011490067342975488,0.021885842558048547,hpv_pos_25.11-signal_Pos4h_PosCTL-STK.csv
Pos4h_PosCTL,NDR,3,9,-0.3954886715322008,1,0.022222222222222223,0.012851240187496516,0.02390928406976096,hpv_pos_25.11-signal_Pos4h_PosCTL-STK.csv
Pos4h_PosCTL,MARK,6,18,-0.4056463922097569,24,0.14035087719298245,0.013832594507252102,0.025150171831367456,hpv_pos_25.11-signal_Pos4h_PosCTL-STK.csv
Pos4h_PosCTL,P38,29,87,-0.12662259947272034,1357,0.3544932079414838,0.02717628017637212,0.048313386980217095,hpv_pos_25.11-signal_Pos4h_PosCTL-STK.csv
Pos4h_PosCTL,PAKB,2,6,-0.09728758705205895,0,0,0.036031686218233556,0.06266380211866705,hpv_pos_25.11-signal_Pos4h_PosCTL-STK.csv
Pos4h_PosCTL,PRKDC,7,21,-0.1622014774072999,60,0.2597402597402597,0.05591843854478423,0.09518032092729231,hpv_pos_25.11-signal_Pos4h_PosCTL-STK.csv
Pos4h_PosCTL,HAL,2,6,-0.5393890408677616,1,0.047619047619047616,0.05917206782585943,0.09862011304309906,hpv_pos_25.11-signal_Pos4h_PosCTL-STK.csv
Pos4h_PosCTL,MTOR,15,45,-0.08842210530202027,351,0.3391304347826087,0.06096715515028404,0.09953821249025965,hpv_pos_25.11-signal_Pos4h_PosCTL-STK.csv
Pos4h_PosCTL,IRAK,9,27,-0.16673924169083873,116,0.30687830687830686,0.08154127132990813,0.13046603412785301,hpv_pos_25.11-signal_Pos4h_PosCTL-STK.csv
Pos4h_PosCTL,MLCK,5,15,-0.13828328961730546,32,0.26666666666666666,0.11831271616460735,0.18558857437585466,hpv_pos_25.11-signal_Pos4h_PosCTL-STK.csv
Pos4h_PosCTL,MOS,1,3,0.12522795918963844,6,1,0.18144920772142026,0.25870727486017425,hpv_pos_25.11-signal_Pos4h_PosCTL-STK.csv
Pos4h_PosCTL,SLK,1,3,0.22728272262966862,6,1,0.18144920772142026,0.25870727486017425,hpv_pos_25.11-signal_Pos4h_PosCTL-STK.csv
Pos4h_PosCTL,PASK,1,3,-0.710043976023997,0,0,0.1814492077214203,0.25870727486017425,hpv_pos_25.11-signal_Pos4h_PosCTL-STK.csv
Pos4h_PosCTL,TAO,1,3,-0.24722353772456587,0,0,0.1814492077214203,0.25870727486017425,hpv_pos_25.11-signal_Pos4h_PosCTL-STK.csv
Pos4h_PosCTL,ATM,1,3,-0.5930846444884814,0,0,0.1814492077214203,0.25870727486017425,hpv_pos_25.11-signal_Pos4h_PosCTL-STK.csv
Pos4h_PosCTL,GSK,12,36,-0.14407467296432958,248,0.37237237237237236,0.18432893333787417,0.25870727486017425,hpv_pos_25.11-signal_Pos4h_PosCTL-STK.csv
Pos4h_PosCTL,MSN,4,12,-0.10708339553628143,22,0.28205128205128205,0.19553885910399538,0.2697087711779247,hpv_pos_25.11-signal_Pos4h_PosCTL-STK.csv
Pos4h_PosCTL,BARK2,2,6,0.19031397199584604,16,0.7619047619047619,0.29450739368011014,0.39933205922726794,hpv_pos_25.11-signal_Pos4h_PosCTL-STK.csv
Pos4h_PosCTL,ERK,30,90,-0.0645200860985614,1822,0.4449328449328449,0.3652906000938881,0.4762569849809978,hpv_pos_25.11-signal_Pos4h_PosCTL-STK.csv
Pos4h_PosCTL,MST,16,48,-0.048416285669077845,478,0.4064625850340136,0.3655848268011904,0.4762569849809978,hpv_pos_25.11-signal_Pos4h_PosCTL-STK.csv
Pos4h_PosCTL,KHS,1,3,-0.21126819666598468,0,0,0.37109336952269756,0.4762569849809978,hpv_pos_25.11-signal_Pos4h_PosCTL-STK.csv
Pos4h_PosCTL,BRSK,1,3,-0.450529505325442,1,0.16666666666666666,0.42267807417063546,0.4762569849809978,hpv_pos_25.11-signal_Pos4h_PosCTL-STK.csv
Pos4h_PosCTL,NAK,1,3,-0.3433375854057612,1,0.16666666666666666,0.42267807417063546,0.4762569849809978,hpv_pos_25.11-signal_Pos4h_PosCTL-STK.csv
Pos4h_PosCTL,EGFR,1,3,0.28249764267325644,5,0.8333333333333334,0.4226780741706355,0.4762569849809978,hpv_pos_25.11-signal_Pos4h_PosCTL-STK.csv
Pos4h_PosCTL,CSK,1,3,0.28249764267325644,5,0.8333333333333334,0.4226780741706355,0.4762569849809978,hpv_pos_25.11-signal_Pos4h_PosCTL-STK.csv
Pos4h_PosCTL,TEC,1,3,0.28249764267325644,5,0.8333333333333334,0.4226780741706355,0.4762569849809978,hpv_pos_25.11-signal_Pos4h_PosCTL-STK.csv
Pos4h_PosCTL,PDGFR,1,3,0.28249764267325644,5,0.8333333333333334,0.4226780741706355,0.4762569849809978,hpv_pos_25.11-signal_Pos4h_PosCTL-STK.csv
Pos4h_PosCTL,SYK,1,3,0.28249764267325644,5,0.8333333333333334,0.4226780741706355,0.4762569849809978,hpv_pos_25.11-signal_Pos4h_PosCTL-STK.csv
Pos4h_PosCTL,AXL,1,3,0.28249764267325644,5,0.8333333333333334,0.4226780741706355,0.4762569849809978,hpv_pos_25.11-signal_Pos4h_PosCTL-STK.csv
Pos4h_PosCTL,VEGFR,1,3,0.28249764267325644,5,0.8333333333333334,0.4226780741706355,0.4762569849809978,hpv_pos_25.11-signal_Pos4h_PosCTL-STK.csv
Pos4h_PosCTL,STE11,5,15,-0.16097619483756817,46,0.38333333333333336,0.44323107559105224,0.49247897287894693,hpv_pos_25.11-signal_Pos4h_PosCTL-STK.csv
Pos4h_PosCTL,JNK,24,72,-0.0505003505317026,1162,0.4421613394216134,0.5081019447109973,0.5568240489983532,hpv_pos_25.11-signal_Pos4h_PosCTL-STK.csv
Pos4h_PosCTL,DYRK,27,81,-0.01660985617113756,1778,0.5353809093646492,0.581723556596554,0.628890331455734,hpv_pos_25.11-signal_Pos4h_PosCTL-STK.csv
Pos4h_PosCTL,VRK1,3,9,0.05048952455597969,27,0.6,0.6355861222787667,0.6779585304306844,hpv_pos_25.11-signal_Pos4h_PosCTL-STK.csv
Pos4h_PosCTL,PKCH,12,36,-0.02604739666947284,308,0.4624624624624625,0.7003047740926462,0.7371629200975223,hpv_pos_25.11-signal_Pos4h_PosCTL-STK.csv
Pos4h_PosCTL,NMO,1,3,0.27898531542381033,4,0.6666666666666666,0.7892680261342813,0.8200187284512013,hpv_pos_25.11-signal_Pos4h_PosCTL-STK.csv
Pos4h_PosCTL,COT,5,15,-0.045486913897285125,57,0.475,0.8870875422894803,0.9098333767071591,hpv_pos_25.11-signal_Pos4h_PosCTL-STK.csv
Pos4h_PosCTL,LKB,5,15,-0.02770949241038293,58,0.48333333333333334,0.932106941814807,0.9439057638630958,hpv_pos_25.11-signal_Pos4h_PosCTL-STK.csv
Pos4h_PosCTL,PKN,1,3,-0.039884293443429066,3,0.5,1,1,hpv_pos_25.11-signal_Pos4h_PosCTL-STK.csv
Pos5m_PosCTL,BARK1,86,258,-0.41014611155797576,2515,0.07527461015833109,2.823077669494053e-32,1.115115679450151e-30,hpv_pos_25.10-signal_Pos5m_PosCTL-STK.csv
Pos5m_PosCTL,VRK2,86,258,-0.41014611155797576,2515,0.07527461015833109,2.823077669494053e-32,1.115115679450151e-30,hpv_pos_25.10-signal_Pos5m_PosCTL-STK.csv
Pos5m_PosCTL,PKCA,76,228,-0.4392351573198011,1864,0.07140121044970504,3.213630563128444e-29,8.462560482904902e-28,hpv_pos_25.10-signal_Pos5m_PosCTL-STK.csv
Pos5m_PosCTL,DMPK,71,213,-0.4329018393028461,1406,0.06169101838445,1.3690610048363172e-28,2.7038954845517263e-27,hpv_pos_25.10-signal_Pos5m_PosCTL-STK.csv
Pos5m_PosCTL,RSK,60,180,-0.4917864564169333,704,0.04321669736034377,2.1923486413117664e-26,3.463910853272591e-25,hpv_pos_25.10-signal_Pos5m_PosCTL-STK.csv
Pos5m_PosCTL,PHK,64,192,-0.42405312627622715,1394,0.07523747841105353,1.8470356604649848e-24,2.4319302862788966e-23,hpv_pos_25.10-signal_Pos5m_PosCTL-STK.csv
Pos5m_PosCTL,PEK,55,165,-0.41363178828089814,828,0.06046002190580504,1.2054870929914007e-22,1.3604782906617237e-21,hpv_pos_25.10-signal_Pos5m_PosCTL-STK.csv
Pos5m_PosCTL,PKA,48,144,-0.5578900466527641,389,0.03726053639846743,5.773595903953758e-22,5.701425955154336e-21,hpv_pos_25.10-signal_Pos5m_PosCTL-STK.csv
Pos5m_PosCTL,PIM,54,162,-0.44068473332820546,855,0.06475800954328562,7.3256041115714235e-22,6.4302524979349165e-21,hpv_pos_25.10-signal_Pos5m_PosCTL-STK.csv
Pos5m_PosCTL,CDK,60,180,-0.3577401837309383,1559,0.09570288520564764,5.090196611693308e-21,4.021255323237713e-20,hpv_pos_25.10-signal_Pos5m_PosCTL-STK.csv
Pos5m_PosCTL,PKG,39,117,-0.5992107665583034,168,0.024337244676227728,4.2941260487713553e-19,3.0839632532085185e-18,hpv_pos_25.10-signal_Pos5m_PosCTL-STK.csv
Pos5m_PosCTL,QIK,46,138,-0.40658609659264333,617,0.06433114378062767,6.717740365739859e-19,4.422512407445407e-18,hpv_pos_25.10-signal_Pos5m_PosCTL-STK.csv
Pos5m_PosCTL,PDHK,40,120,-0.5137468230761476,294,0.04049586776859504,2.4314389871577526e-18,1.477566769118942e-17,hpv_pos_25.10-signal_Pos5m_PosCTL-STK.csv
Pos5m_PosCTL,IKK,35,105,-0.49809675004475806,176,0.031626235399820304,8.023916732830132e-17,4.527781584954146e-16,hpv_pos_25.10-signal_Pos5m_PosCTL-STK.csv
Pos5m_PosCTL,MAPKAPK,36,108,-0.46633251897486405,432,0.07339449541284404,1.4145048064425552e-14,7.449725313930791e-14,hpv_pos_25.10-signal_Pos5m_PosCTL-STK.csv
Pos5m_PosCTL,PKD,29,87,-0.610000772628743,147,0.0384012539184953,7.631876655210319e-14,3.768239098510095e-13,hpv_pos_25.10-signal_Pos5m_PosCTL-STK.csv
Pos5m_PosCTL,AKT,28,84,-0.4150058068273391,117,0.03277310924369748,1.0324843998161471e-13,4.798015740322096e-13,hpv_pos_25.10-signal_Pos5m_PosCTL-STK.csv
Pos5m_PosCTL,PDK1,35,105,-0.2821866924752716,521,0.09362084456424079,4.902050003929714e-13,2.1514552795024857e-12,hpv_pos_25.10-signal_Pos5m_PosCTL-STK.csv
Pos5m_PosCTL,RIPK,25,75,-0.5699349811108514,67,0.023508771929824562,7.590378543608406e-13,3.1559994997108636e-12,hpv_pos_25.10-signal_Pos5m_PosCTL-STK.csv
Pos5m_PosCTL,RAD53,26,78,-0.4965893871316352,161,0.05225576111652061,6.4899812207695355e-12,2.5070591381384665e-11,hpv_pos_25.10-signal_Pos5m_PosCTL-STK.csv
Pos5m_PosCTL,STE7,27,81,-0.4484648989837084,202,0.0608250526949714,6.66433441783643e-12,2.5070591381384665e-11,hpv_pos_25.10-signal_Pos5m_PosCTL-STK.csv
Pos5m_PosCTL,PAKA,23,69,-0.6049390941096069,69,0.02857142857142857,1.0172461774728618e-11,3.652838546379822e-11,hpv_pos_25.10-signal_Pos5m_PosCTL-STK.csv
Pos5m_PosCTL,SGK,22,66,-0.4293489928472543,74,0.03346901854364541,4.5149399965897505e-11,1.5507837379590882e-10,hpv_pos_25.10-signal_Pos5m_PosCTL-STK.csv
Pos5m_PosCTL,CAMK1,19,57,-0.6202783928418256,13,0.007864488808227465,1.0508129898174118e-10,3.4589260914823137e-10,hpv_pos_25.10-signal_Pos5m_PosCTL-STK.csv
Pos5m_PosCTL,AMPK,18,54,-0.6238145631277628,11,0.007407407407407408,3.092495429541607e-10,9.77228555735148e-10,hpv_pos_25.10-signal_Pos5m_PosCTL-STK.csv
Pos5m_PosCTL,CK1,22,66,-0.4611271821516261,137,0.06196291270918137,6.263113807053102e-10,1.903023041373827e-9,hpv_pos_25.10-signal_Pos5m_PosCTL-STK.csv
Pos5m_PosCTL,MELK,21,63,-0.3412180430189907,112,0.05555555555555555,8.750082943095181e-10,2.560209453720442e-9,hpv_pos_25.10-signal_Pos5m_PosCTL-STK.csv
Pos5m_PosCTL,P38,30,90,-0.2800090815519798,531,0.12967032967032968,1.0612674417958434e-9,2.9942902822097014e-9,hpv_pos_25.10-signal_Pos5m_PosCTL-STK.csv
Pos5m_PosCTL,ERK,30,90,-0.20387657851623847,559,0.1365079365079365,2.134200445324709e-9,5.8138563855397245e-9,hpv_pos_25.10-signal_Pos5m_PosCTL-STK.csv
Pos5m_PosCTL,DYRK,28,84,-0.1995528171682498,524,0.14677871148459384,1.892526296578521e-8,4.983652580990105e-8,hpv_pos_25.10-signal_Pos5m_PosCTL-STK.csv
Pos5m_PosCTL,PLK,22,66,-0.3325025409111571,296,0.13387607417458164,2.3666581517173199e-7,6.03116109631188e-7,hpv_pos_25.10-signal_Pos5m_PosCTL-STK.csv
Pos5m_PosCTL,NEK,13,39,-0.40761701748209433,22,0.028205128205128206,2.921192572634314e-7,7.211694163690962e-7,hpv_pos_25.10-signal_Pos5m_PosCTL-STK.csv
Pos5m_PosCTL,DAPK,15,45,-0.4046795028602791,65,0.06280193236714976,3.361300709843331e-7,8.046750184170399e-7,hpv_pos_25.10-signal_Pos5m_PosCTL-STK.csv
Pos5m_PosCTL,MST,16,48,-0.21006638487869084,96,0.08163265306122448,4.628830279471605e-7,1.0755223296419319e-6,hpv_pos_25.10-signal_Pos5m_PosCTL-STK.csv
Pos5m_PosCTL,CAMK2,12,36,-0.5055936535819107,14,0.021021021021021023,5.620579188986809e-7,1.268645016942737e-6,hpv_pos_25.10-signal_Pos5m_PosCTL-STK.csv
Pos5m_PosCTL,MTOR,15,45,-0.2582190968250081,85,0.0821256038647343,1.0813672531710166e-6,2.3730003611252867e-6,hpv_pos_25.10-signal_Pos5m_PosCTL-STK.csv
Pos5m_PosCTL,JNK,25,75,-0.18532546290488347,511,0.1792982456140351,1.4085667600519306e-6,3.0074803795703383e-6,hpv_pos_25.10-signal_Pos5m_PosCTL-STK.csv
Pos5m_PosCTL,PKCD,10,30,-0.5667883980823164,12,0.025806451612903226,6.038560912612483e-6,1.2553850318325952e-5,hpv_pos_25.10-signal_Pos5m_PosCTL-STK.csv
Pos5m_PosCTL,MLK,12,36,-0.3418331817246664,47,0.07057057057057058,7.278780733992824e-6,1.4744196871421361e-5,hpv_pos_25.10-signal_Pos5m_PosCTL-STK.csv
Pos5m_PosCTL,CHK1,10,30,-0.46163759551099554,21,0.04516129032258064,1.4253485378572816e-5,2.8150633622681314e-5,hpv_pos_25.10-signal_Pos5m_PosCTL-STK.csv
Pos5m_PosCTL,PKCI,10,30,-0.5185043013693424,27,0.05806451612903226,2.481127651614027e-5,4.780709377500198e-5,hpv_pos_25.10-signal_Pos5m_PosCTL-STK.csv
Pos5m_PosCTL,GRK,8,24,-0.6109818794995633,6,0.02,4.131501382509354e-5,7.771157362339023e-5,hpv_pos_25.10-signal_Pos5m_PosCTL-STK.csv
Pos5m_PosCTL,IRAK,9,27,-0.42550755027240694,25,0.06613756613756613,8.562411816114879e-5,1.573094263890873e-4,hpv_pos_25.10-signal_Pos5m_PosCTL-STK.csv
Pos5m_PosCTL,GSK,13,39,-0.31512747268337626,112,0.14358974358974358,1.0771940495289373e-4,1.9340529525633193e-4,hpv_pos_25.10-signal_Pos5m_PosCTL-STK.csv
Pos5m_PosCTL,FRAY,11,33,-0.32859597988121775,75,0.13368983957219252,2.493710652319392e-4,4.3778475896273764e-4,hpv_pos_25.10-signal_Pos5m_PosCTL-STK.csv
Pos5m_PosCTL,RAF,14,42,-0.2090268219313979,170,0.18826135105204872,4.421953001059662e-4,7.594223632254638e-4,hpv_pos_25.10-signal_Pos5m_PosCTL-STK.csv
Pos5m_PosCTL,PKCH,12,36,-0.19401151175395942,110,0.16516516516516516,4.729919995351758e-4,7.950291056016785e-4,hpv_pos_25.10-signal_Pos5m_PosCTL-STK.csv
Pos5m_PosCTL,LKB,5,15,-0.300499779695522,0,0,7.265138800579516e-4,0.001195720760928712,hpv_pos_25.10-signal_Pos5m_PosCTL-STK.csv
Pos5m_PosCTL,STE11,5,15,-0.47754867587800687,1,0.008333333333333333,8.919013770591247e-4,0.0014379634446463438,hpv_pos_25.10-signal_Pos5m_PosCTL-STK.csv
Pos5m_PosCTL,STKR,5,15,-0.4591812967055709,3,0.025,0.001332047360777073,0.0021046348300277754,hpv_pos_25.10-signal_Pos5m_PosCTL-STK.csv
Pos5m_PosCTL,MARK,5,15,-0.5888466696174126,5,0.041666666666666664,0.001965529409241636,0.003044643594707632,hpv_pos_25.10-signal_Pos5m_PosCTL-STK.csv
Pos5m_PosCTL,ATR,6,18,-0.21058282318040533,18,0.10526315789473684,0.0035242692272555638,0.005354178249099798,hpv_pos_25.10-signal_Pos5m_PosCTL-STK.csv
Pos5m_PosCTL,CK2,4,12,-0.5206815914113664,2,0.02564102564102564,0.00419259258389319,0.006249336115614377,hpv_pos_25.10-signal_Pos5m_PosCTL-STK.csv
Pos5m_PosCTL,AUR,8,24,-0.27266225502561403,51,0.17,0.004888575771644729,0.0071518052955543265,hpv_pos_25.10-signal_Pos5m_PosCTL-STK.csv
Pos5m_PosCTL,PRKDC,6,18,-0.22303083782243754,22,0.1286549707602339,0.006075613544498057,0.00872679036391539,hpv_pos_25.10-signal_Pos5m_PosCTL-STK.csv
Pos5m_PosCTL,VRK1,3,9,-0.1349413848116684,1,0.022222222222222223,0.012851240187496516,0.018129428121646873,hpv_pos_25.10-signal_Pos5m_PosCTL-STK.csv
Pos5m_PosCTL,MSN,4,12,-0.32197256410286956,9,0.11538461538461539,0.02065837724123902,0.028631786001015486,hpv_pos_25.10-signal_Pos5m_PosCTL-STK.csv
Pos5m_PosCTL,MLCK,5,15,-0.1429340061725588,20,0.16666666666666666,0.02486785931788523,0.03329764213750734,hpv_pos_25.10-signal_Pos5m_PosCTL-STK.csv
Pos5m_PosCTL,COT,5,15,-0.2601887845887142,20,0.16666666666666666,0.02486785931788523,0.03329764213750734,hpv_pos_25.10-signal_Pos5m_PosCTL-STK.csv
Pos5m_PosCTL,PAKB,2,6,-0.32125679013935454,0,0,0.036031686218233556,0.04666398706951559,hpv_pos_25.10-signal_Pos5m_PosCTL-STK.csv
Pos5m_PosCTL,HAL,2,6,-0.6449013955326172,0,0,0.036031686218233556,0.04666398706951559,hpv_pos_25.10-signal_Pos5m_PosCTL-STK.csv
Pos5m_PosCTL,NDR,2,6,-0.43888647711170936,1,0.047619047619047616,0.05917206782585943,0.07539666706843379,hpv_pos_25.10-signal_Pos5m_PosCTL-STK.csv
Pos5m_PosCTL,PASK,1,3,-0.8737327732087928,0,0,0.1814492077214203,0.2077461943477131,hpv_pos_25.10-signal_Pos5m_PosCTL-STK.csv
Pos5m_PosCTL,BRSK,1,3,-0.24031057734528094,0,0,0.1814492077214203,0.2077461943477131,hpv_pos_25.10-signal_Pos5m_PosCTL-STK.csv
Pos5m_PosCTL,TAO,1,3,-0.4578240862712333,0,0,0.1814492077214203,0.2077461943477131,hpv_pos_25.10-signal_Pos5m_PosCTL-STK.csv
Pos5m_PosCTL,NMO,1,3,-0.4927292403940203,0,0,0.1814492077214203,0.2077461943477131,hpv_pos_25.10-signal_Pos5m_PosCTL-STK.csv
Pos5m_PosCTL,ATM,1,3,-0.7793556436676141,0,0,0.1814492077214203,0.2077461943477131,hpv_pos_25.10-signal_Pos5m_PosCTL-STK.csv
Pos5m_PosCTL,NAK,1,3,-0.409033483434946,0,0,0.1814492077214203,0.2077461943477131,hpv_pos_25.10-signal_Pos5m_PosCTL-STK.csv
Pos5m_PosCTL,SLK,1,3,-0.274351922175421,0,0,0.1814492077214203,0.2077461943477131,hpv_pos_25.10-signal_Pos5m_PosCTL-STK.csv
Pos5m_PosCTL,KHS,1,3,-0.2004590589988015,1,0.16666666666666666,0.42267807417063546,0.4770223979925743,hpv_pos_25.10-signal_Pos5m_PosCTL-STK.csv
Pos5m_PosCTL,BARK2,2,6,-0.12172460714892619,8,0.38095238095238093,0.6749867139704894,0.7510415549812488,hpv_pos_25.10-signal_Pos5m_PosCTL-STK.csv
Pos5m_PosCTL,EGFR,1,3,-0.05453541860187834,3,0.5,1,1,hpv_pos_25.10-signal_Pos5m_PosCTL-STK.csv
Pos5m_PosCTL,CSK,1,3,-0.05453541860187834,3,0.5,1,1,hpv_pos_25.10-signal_Pos5m_PosCTL-STK.csv
Pos5m_PosCTL,TEC,1,3,-0.05453541860187834,3,0.5,1,1,hpv_pos_25.10-signal_Pos5m_PosCTL-STK.csv
Pos5m_PosCTL,PDGFR,1,3,-0.05453541860187834,3,0.5,1,1,hpv_pos_25.10-signal_Pos5m_PosCTL-STK.csv
Pos5m_PosCTL,SYK,1,3,-0.05453541860187834,3,0.5,1,1,hpv_pos_25.10-signal_Pos5m_PosCTL-STK.csv
Pos5m_PosCTL,AXL,1,3,-0.05453541860187834,3,0.5,1,1,hpv_pos_25.10-signal_Pos5m_PosCTL-STK.csv
Pos5m_PosCTL,VEGFR,1,3,-0.05453541860187834,3,0.5,1,1,hpv_pos_25.10-signal_Pos5m_PosCTL-STK.csv
Pos5m_PosCTL,PKN,1,3,-0.1347743135002319,3,0.5,1,1,hpv_pos_25.10-signal_Pos5m_PosCTL-STK.csv
