Kinase,Score,Rank,Method,Perc,Qrt,group,KinaseFamily,subfamily,hgnc_symbol
SGK1,13.362982648293464,40,PTM-SEA,0.38666666666666666,2,AGC,SGK,SGK,SGK1
PIK3C2A,0,50,PTM-SEA,0,1,NA,NA,NA,PIK3C2A
CHEK1,-92.12094580042134,8,PTM-SEA,0.8933333333333333,4,CAMK,CAMKL,CHK1,CHEK1
AURKA,35.01066843137539,31,PTM-SEA,0.5066666666666667,3,OTHER,AUR,AUR,AURKA
RPS6KA5,3.166550236214883,47,PTM-SEA,0.29333333333333333,2,AGC,RSK,MSK,RPS6KA5
CHEK2,-97.54130841307175,3,PTM-SEA,0.96,4,CAMK,RAD53,RAD53,CHEK2
RAF1,-0.9322609030305621,49,PTM-SEA,0.26666666666666666,2,TKL,RAF,RAF,RAF1
PRKCG,0,50,PTM-SEA,0,1,AGC,PKC,ALPHA,PRKCG
PRKCB,-16.28115593221049,39,PTM-SEA,0.4,2,AGC,PKC,ALPHA,PRKCB
CDK1,-93.9207587670063,7,PTM-SEA,0.9066666666666666,4,CMGC,CDK,CDC2,CDK1
ARAF,75.55701435241531,15,PTM-SEA,0.7866666666666666,4,TKL,RAF,RAF,ARAF
PIM1,64.84646187587984,23,PTM-SEA,0.6133333333333333,3,CAMK,PIM,PIM,PIM1
CDK4,-96.25517398530133,6,PTM-SEA,0.92,4,CMGC,CDK,CDK4,CDK4
SRC,0,50,PTM-SEA,0,1,TK,SRC,SRCA,SRC
BRAF,75.55701435241531,15,PTM-SEA,0.7866666666666666,4,TKL,RAF,RAF,BRAF
PRKCA,21.788773048824755,34,PTM-SEA,0.4666666666666667,2,AGC,PKC,ALPHA,PRKCA
PRKACA,64.49719413802275,24,PTM-SEA,0.6,3,AGC,PKA,PKA,PRKACA
PRKACG,64.84646187587984,23,PTM-SEA,0.6133333333333333,3,AGC,PKA,PKA,PRKACG
PRKACB,64.84646187587984,23,PTM-SEA,0.6133333333333333,3,AGC,PKA,PKA,PRKACB
RPS6KB1,67.41898560531754,21,PTM-SEA,0.7066666666666667,3,AGC,RSK,P70,RPS6KB1
CDK2,-89.63115959759155,10,PTM-SEA,0.8666666666666667,4,CMGC,CDK,CDC2,CDK2
MAPK3,-32.86587251050043,32,PTM-SEA,0.49333333333333335,2,CMGC,MAPK,ERK1,MAPK3
MAPK1,-68.02310474333653,20,PTM-SEA,0.72,3,CMGC,MAPK,ERK1,MAPK1
AKT1,54.868783522322545,26,PTM-SEA,0.5733333333333334,3,AGC,AKT,AKT,AKT1
AKT2,69.00029614026451,18,PTM-SEA,0.7466666666666667,3,AGC,AKT,AKT,AKT2
MAP3K8,-12.33603188687126,41,PTM-SEA,0.37333333333333335,2,STE,STE-UNIQUE,STE-UNIQUE,MAP3K8
PRKCI,64.84646187587984,23,PTM-SEA,0.6133333333333333,3,AGC,PKC,IOTA,PRKCI
MTOR,0,50,PTM-SEA,0,1,ATYPICAL,PIKK,FRAP,MTOR
MAPK8,-68.83813602725498,19,PTM-SEA,0.7333333333333333,3,CMGC,MAPK,JNK,MAPK8
MAPK9,0,50,PTM-SEA,0,1,CMGC,MAPK,JNK,MAPK9
MAPKAPK2,5.237246884000642,45,PTM-SEA,0.32,2,CAMK,MAPKAPK,MAPKAPK,MAPKAPK2
GSK3B,8.537505219142549,42,PTM-SEA,0.36,2,CMGC,GSK,GSK,GSK3B
CDK7,-5.544534412955478,44,PTM-SEA,0.3333333333333333,2,CMGC,CDK,CDK7,CDK7
CDK9,-110.38663967611336,1,PTM-SEA,0.9866666666666667,4,CMGC,CDK,CDK9,CDK9
RPS6KA3,63.733233666240835,25,PTM-SEA,0.5866666666666667,3,AGC,RSK,RSK,RPS6KA3
NEK2,0,50,PTM-SEA,0,1,OTHER,NEK,NEK2,NEK2
DAPK1,0,50,PTM-SEA,0,1,CAMK,DAPK,DAPK,DAPK1
MAPK10,-96.27327935222672,5,PTM-SEA,0.9333333333333333,4,CMGC,MAPK,JNK,MAPK10
PRKAA2,40.76427916413614,30,PTM-SEA,0.52,3,CAMK,CAMKL,AMPK,PRKAA2
SIK1,-97.28137651821862,4,PTM-SEA,0.9466666666666667,4,CAMK,CAMKL,QIK,SIK1
CSNK2A1,0,50,PTM-SEA,0,1,CMGC,CK2,CK2,CSNK2A1
PRKDC,-20.161943319838066,37,PTM-SEA,0.4266666666666667,2,ATYPICAL,PIKK,DNAPK,PRKDC
ATM,0,50,PTM-SEA,0,1,ATYPICAL,PIKK,ATM,ATM
AURKB,-25.54148511109777,33,PTM-SEA,0.48,2,OTHER,AUR,AUR,AURKB
CDK3,0,50,PTM-SEA,0,1,CMGC,CDK,CDC2,CDK3
CDK6,-110.38663967611336,1,PTM-SEA,0.9866666666666667,4,CMGC,CDK,CDK4,CDK6
CDK5,-102.47195537366551,2,PTM-SEA,0.9733333333333334,4,CMGC,CDK,CDK5,CDK5
PRKCE,67.21680399082098,22,PTM-SEA,0.6933333333333334,3,AGC,PKC,ETA,PRKCE
PRKCQ,21.189476090633825,36,PTM-SEA,0.44,2,AGC,PKC,DELTA,PRKCQ
PRKCZ,73.39920714217442,17,PTM-SEA,0.76,4,AGC,PKC,IOTA,PRKCZ
PRKCD,85.19946624192927,12,PTM-SEA,0.84,4,AGC,PKC,DELTA,PRKCD
PRKAA1,3.5661086848369914,46,PTM-SEA,0.30666666666666664,2,CAMK,CAMKL,AMPK,PRKAA1
PAK1,1.66868059439101,48,PTM-SEA,0.28,2,STE,STE20,PAKA,PAK1
PAK2,82.15991902834007,13,PTM-SEA,0.8266666666666667,4,STE,STE20,PAKA,PAK2
PRKG2,-91.6687639428794,9,PTM-SEA,0.88,4,AGC,PKG,PKG,PRKG2
ROCK1,17.90617104651578,38,PTM-SEA,0.41333333333333333,2,AGC,DMPK,ROCK,ROCK1
ATR,0,50,PTM-SEA,0,1,ATYPICAL,PIKK,ATR,ATR
CAMK2G,0,50,PTM-SEA,0,1,CAMK,CAMK2,CAMK2,CAMK2G
DYRK1A,-21.231028983871525,35,PTM-SEA,0.4533333333333333,2,CMGC,DYRK,DYRK1,DYRK1A
PRKG1,51.170274842079976,28,PTM-SEA,0.5466666666666666,3,AGC,PKG,PKG,PRKG1
PRKD1,86.05492685492277,11,PTM-SEA,0.8533333333333334,4,CAMK,PKD,PKD,PRKD1
RPS6KA2,77.57434346155983,14,PTM-SEA,0.8133333333333334,4,AGC,RSK,RSK,RPS6KA2
RPS6KA1,45.443355407196634,29,PTM-SEA,0.5333333333333333,3,AGC,RSK,RSK,RPS6KA1
PKN1,-52.40068721080665,27,PTM-SEA,0.56,3,AGC,PKN,PKN,PKN1
MAPK14,-5.598198722036999,43,PTM-SEA,0.3466666666666667,2,CMGC,MAPK,P38,MAPK14
PIM3,64.84646187587984,23,PTM-SEA,0.6133333333333333,3,CAMK,PIM,PIM,PIM3
BRSK2,0,50,PTM-SEA,0,1,CAMK,CAMKL,BRSK,BRSK2
BRSK1,0,50,PTM-SEA,0,1,CAMK,CAMKL,BRSK,BRSK1
DYRK2,0,50,PTM-SEA,0,1,CMGC,DYRK,DYRK2,DYRK2
PASK,0,50,PTM-SEA,0,1,CAMK,CAMKL,PASK,PASK
VRK1,0,50,PTM-SEA,0,1,CK1,VRK,VRK,VRK1
PRKD2,0,50,PTM-SEA,0,1,CAMK,PKD,PKD,PRKD2
PLK3,0,50,PTM-SEA,0,1,OTHER,PLK,PLK2,PLK3
NEK6,0,50,PTM-SEA,0,1,OTHER,NEK,NEK6,NEK6
PIM2,64.84646187587984,23,PTM-SEA,0.6133333333333333,3,CAMK,PIM,PIM,PIM2
AKT3,74.19294748310772,16,PTM-SEA,0.7733333333333333,4,AGC,AKT,AKT,AKT3
AAK1,301,270,KEA3,0.09428571428571429,1,OTHER,NAK,BIKE,AAK1
ABL1,27,18,KEA3,0.9457142857142857,4,TK,ABL,ABL,ABL1
ABL2,147,150,KEA3,0.5057142857142857,3,TK,ABL,ABL,ABL2
ACVR1,143,145,KEA3,0.5228571428571429,3,TKL,STKR,TYPE1,ACVR1
ACVR1B,222,222,KEA3,0.23714285714285716,1,TKL,STKR,TYPE1,ACVR1B
ACVR2B,211,212,KEA3,0.28,2,TKL,STKR,TYPE2,ACVR2B
AKT1,20.333333333333332,10,KEA3,0.9714285714285714,4,AGC,AKT,AKT,AKT1
AKT2,21.333333333333332,11,KEA3,0.9657142857142857,4,AGC,AKT,AKT,AKT2
AKT3,155,160,KEA3,0.4685714285714286,2,AGC,AKT,AKT,AKT3
ALK,41.5,27,KEA3,0.9171428571428571,4,TK,ALK,ALK,ALK
ARAF,95.5,85,KEA3,0.7285714285714285,3,TKL,RAF,RAF,ARAF
ATM,108.33333333333333,105,KEA3,0.66,3,ATYPICAL,PIKK,ATM,ATM
ATR,85.66666666666667,70,KEA3,0.7771428571428571,4,ATYPICAL,PIKK,ATR,ATR
AURKA,20.333333333333332,10,KEA3,0.9714285714285714,4,OTHER,AUR,AUR,AURKA
AURKB,56.666666666666664,41,KEA3,0.8742857142857143,4,OTHER,AUR,AUR,AURKB
AURKC,185,192,KEA3,0.3514285714285714,2,OTHER,AUR,AUR,AURKC
AXL,142,144,KEA3,0.5257142857142857,3,TK,AXL,AXL,AXL
BLK,258.5,239,KEA3,0.18285714285714286,1,TK,SRC,SRCB,BLK
BMP2K,326,292,KEA3,0.03142857142857143,1,OTHER,NAK,BIKE,BMP2K
BMPR1A,171,178,KEA3,0.4057142857142857,2,TKL,STKR,TYPE1,BMPR1A
BMPR1B,107,103,KEA3,0.6685714285714286,3,TKL,STKR,TYPE1,BMPR1B
BMPR2,207,209,KEA3,0.29714285714285715,2,TKL,STKR,TYPE2,BMPR2
BMX,98.66666666666667,91,KEA3,0.7114285714285714,3,TK,TEC,TEC,BMX
BRAF,165,175,KEA3,0.4142857142857143,2,TKL,RAF,RAF,BRAF
BRSK1,225.33333333333334,224,KEA3,0.22857142857142856,1,CAMK,CAMKL,BRSK,BRSK1
BRSK2,308,277,KEA3,0.07428571428571429,1,CAMK,CAMKL,BRSK,BRSK2
BTK,80.66666666666667,62,KEA3,0.8,4,TK,TEC,TEC,BTK
BUB1,161,170,KEA3,0.42857142857142855,2,OTHER,BUB,BUB,BUB1
CAMK1,177.66666666666666,187,KEA3,0.36857142857142855,2,CAMK,CAMK1,CAMK1,CAMK1
CAMK1D,247,234,KEA3,0.2,1,CAMK,CAMK1,CAMK1,CAMK1D
CAMK2A,45.333333333333336,31,KEA3,0.9057142857142857,4,CAMK,CAMK2,CAMK2,CAMK2A
CAMK2B,155.5,161,KEA3,0.46,2,CAMK,CAMK2,CAMK2,CAMK2B
CAMK2D,93.66666666666667,83,KEA3,0.7342857142857143,3,CAMK,CAMK2,CAMK2,CAMK2D
CAMK2G,35,23,KEA3,0.9314285714285714,4,CAMK,CAMK2,CAMK2,CAMK2G
CAMK4,89.33333333333333,77,KEA3,0.7514285714285714,4,CAMK,CAMK1,CAMK1,CAMK4
CAMKK1,100.33333333333333,93,KEA3,0.7057142857142857,3,OTHER,CAMKK,META,CAMKK1
CAMKK2,114,111,KEA3,0.6428571428571429,3,OTHER,CAMKK,META,CAMKK2
CDC42BPA,287,259,KEA3,0.12571428571428572,1,AGC,DMPK,GEK,CDC42BPA
CDC7,198.5,202,KEA3,0.32,2,OTHER,CDC7,CDC7,CDC7
CDK1,21.5,12,KEA3,0.9628571428571429,4,CMGC,CDK,CDC2,CDK1
CDK11A,160,168,KEA3,0.43714285714285717,2,CMGC,CDK,CDK11,CDK11A
CDK11A,160,168,KEA3,0.43714285714285717,2,NA,NA,NA,CDK11A
CDK12,167,176,KEA3,0.4114285714285714,2,CMGC,CDK,CRK7,CDK12
CDK15,269,246,KEA3,0.16285714285714287,1,CMGC,CDK,PFTAIRE,CDK15
CDK16,255,238,KEA3,0.18571428571428572,1,CMGC,CDK,PCTAIRE,CDK16
CDK18,259,240,KEA3,0.18,1,CMGC,CDK,PCTAIRE,CDK18
CDK19,119,118,KEA3,0.6171428571428571,3,CMGC,CDK,CDK8,CDK19
CDK2,23,15,KEA3,0.9542857142857143,4,CMGC,CDK,CDC2,CDK2
CDK20,193,197,KEA3,0.33714285714285713,2,CMGC,CDK,CCRK,CDK20
CDK3,88,73,KEA3,0.7657142857142857,4,CMGC,CDK,CDC2,CDK3
CDK4,53.666666666666664,40,KEA3,0.88,4,CMGC,CDK,CDK4,CDK4
CDK5,27.666666666666668,20,KEA3,0.94,4,CMGC,CDK,CDK5,CDK5
CDK6,89,76,KEA3,0.7571428571428571,4,CMGC,CDK,CDK4,CDK6
CDK7,60.333333333333336,46,KEA3,0.8571428571428571,4,CMGC,CDK,CDK7,CDK7
CDK8,155.5,161,KEA3,0.46,2,CMGC,CDK,CDK8,CDK8
CDK9,74.33333333333333,55,KEA3,0.8228571428571428,4,CMGC,CDK,CDK9,CDK9
CDKL3,305,274,KEA3,0.08285714285714285,1,CMGC,CDKL,CDKL,CDKL3
CDKL5,84.5,67,KEA3,0.7857142857142857,4,CMGC,CDKL,CDKL,CDKL5
CHEK1,45,30,KEA3,0.9085714285714286,4,CAMK,CAMKL,CHK1,CHEK1
CHEK2,107.33333333333333,104,KEA3,0.6628571428571428,3,CAMK,RAD53,RAD53,CHEK2
CHUK,66.66666666666667,50,KEA3,0.8428571428571429,4,OTHER,IKK,IKK,CHUK
CLK1,115,112,KEA3,0.64,3,CMGC,CLK,CLK,CLK1
CLK2,93.5,82,KEA3,0.7371428571428571,3,CMGC,CLK,CLK,CLK2
CLK3,214.5,215,KEA3,0.26857142857142857,2,CMGC,CLK,CLK,CLK3
CLK4,323,290,KEA3,0.037142857142857144,1,CMGC,CLK,CLK,CLK4
CSF1R,157,162,KEA3,0.45714285714285713,2,TK,PDGFR,PDGFR,CSF1R
CSK,161,170,KEA3,0.42857142857142855,2,TK,CSK,CSK,CSK
CSNK1A1,73.33333333333333,54,KEA3,0.8285714285714286,4,CK1,CK1,CK1-A,CSNK1A1
CSNK1A1L,338,302,KEA3,0.002857142857142857,1,CK1,CK1,CK1-A,CSNK1A1L
CSNK1D,89.33333333333333,77,KEA3,0.7514285714285714,4,CK1,CK1,CK1-D,CSNK1D
CSNK1E,116.66666666666667,114,KEA3,0.6285714285714286,3,CK1,CK1,CK1-D,CSNK1E
CSNK1G1,154.5,159,KEA3,0.4714285714285714,2,CK1,CK1,CK1-G,CSNK1G1
CSNK1G2,221.5,221,KEA3,0.24285714285714285,1,CK1,CK1,CK1-G,CSNK1G2
CSNK1G3,266,244,KEA3,0.16857142857142857,1,CK1,CK1,CK1-G,CSNK1G3
CSNK2A1,84,66,KEA3,0.7885714285714286,4,CMGC,CK2,CK2,CSNK2A1
CSNK2A2,116,113,KEA3,0.6342857142857142,3,CMGC,CK2,CK2,CSNK2A2
DAPK1,157.66666666666666,163,KEA3,0.4542857142857143,2,CAMK,DAPK,DAPK,DAPK1
DAPK3,172.66666666666666,181,KEA3,0.39714285714285713,2,CAMK,DAPK,DAPK,DAPK3
DCLK1,272,249,KEA3,0.15428571428571428,1,CAMK,DCAMKL,DCAMKL,DCLK1
DDR1,106.5,102,KEA3,0.6742857142857143,3,TK,DDR,DDR,DDR1
DDR2,191,195,KEA3,0.34285714285714286,2,TK,DDR,DDR,DDR2
DMPK,149,151,KEA3,0.5,3,AGC,DMPK,GEK,DMPK
DYRK1A,107.33333333333333,104,KEA3,0.6628571428571428,3,CMGC,DYRK,DYRK1,DYRK1A
DYRK1B,87.33333333333333,72,KEA3,0.7714285714285715,4,CMGC,DYRK,DYRK1,DYRK1B
DYRK2,86.33333333333333,71,KEA3,0.7742857142857142,4,CMGC,DYRK,DYRK2,DYRK2
DYRK3,193.5,198,KEA3,0.3342857142857143,2,CMGC,DYRK,DYRK2,DYRK3
DYRK4,85.5,69,KEA3,0.78,4,CMGC,DYRK,DYRK2,DYRK4
EEF2K,133.5,135,KEA3,0.5628571428571428,3,ATYPICAL,ALPHA,EEF2K,EEF2K
EGFR,24.333333333333332,16,KEA3,0.9514285714285714,4,TK,EGFR,EGFR,EGFR
EIF2AK1,317,285,KEA3,0.05142857142857143,1,OTHER,PEK,HRI,EIF2AK1
EIF2AK2,129,128,KEA3,0.5828571428571429,3,OTHER,PEK,PKR,EIF2AK2
EIF2AK3,336,300,KEA3,0.008571428571428572,1,OTHER,PEK,PEK,EIF2AK3
EPHA2,322,289,KEA3,0.04,1,TK,EPH,EPH,EPHA2
EPHA3,130.5,130,KEA3,0.5771428571428572,3,TK,EPH,EPH,EPHA3
EPHA4,327,293,KEA3,0.02857142857142857,1,TK,EPH,EPH,EPHA4
EPHA8,335,299,KEA3,0.011428571428571429,1,TK,EPH,EPH,EPHA8
EPHB1,324,291,KEA3,0.03428571428571429,1,TK,EPH,EPH,EPHB1
EPHB2,294,264,KEA3,0.11142857142857143,1,TK,EPH,EPH,EPHB2
EPHB3,146,147,KEA3,0.5142857142857142,3,TK,EPH,EPH,EPHB3
ERBB2,116,113,KEA3,0.6342857142857142,3,TK,EGFR,EGFR,ERBB2
ERBB4,321,288,KEA3,0.04285714285714286,1,TK,EGFR,EGFR,ERBB4
FASTK,236,229,KEA3,0.21428571428571427,1,ATYPICAL,FAST,FAST,FASTK
FER,11.5,6,KEA3,0.9857142857142858,4,TK,FER,FER,FER
FES,213,214,KEA3,0.2742857142857143,2,TK,FER,FER,FES
FGFR1,141,142,KEA3,0.5342857142857143,3,TK,FGFR,FGFR,FGFR1
FGFR2,96.5,88,KEA3,0.72,3,TK,FGFR,FGFR,FGFR2
FGFR3,179,188,KEA3,0.3657142857142857,2,TK,FGFR,FGFR,FGFR3
FGFR4,123,124,KEA3,0.5942857142857143,3,TK,FGFR,FGFR,FGFR4
FGR,59.5,44,KEA3,0.8628571428571429,4,TK,SRC,SRCA,FGR
FLT1,309,278,KEA3,0.07142857142857142,1,TK,VEGFR,VEGFR,FLT1
FLT3,242,230,KEA3,0.21142857142857144,1,TK,PDGFR,PDGFR,FLT3
FLT4,274,251,KEA3,0.14857142857142858,1,TK,VEGFR,VEGFR,FLT4
FRK,159.5,167,KEA3,0.44,2,TK,SRC,FRK,FRK
FYN,53.333333333333336,39,KEA3,0.8828571428571429,4,TK,SRC,SRCA,FYN
GRK1,332,297,KEA3,0.017142857142857144,1,AGC,GRK,GRK,GRK1
GRK2,16,8,KEA3,0.98,4,AGC,GRK,BARK,GRK2
GRK3,104,100,KEA3,0.68,3,AGC,GRK,BARK,GRK3
GRK5,39.333333333333336,26,KEA3,0.92,4,AGC,GRK,GRK,GRK5
GRK6,130,129,KEA3,0.58,3,AGC,GRK,GRK,GRK6
GSK3A,78,59,KEA3,0.8085714285714286,4,CMGC,GSK,GSK,GSK3A
GSK3B,53,37,KEA3,0.8885714285714286,4,CMGC,GSK,GSK,GSK3B
HASPIN,221,220,KEA3,0.24857142857142858,1,OTHER,HASPIN,HASPIN,HASPIN
HCK,113.33333333333333,110,KEA3,0.6457142857142857,3,TK,SRC,SRCB,HCK
HIPK1,137.5,137,KEA3,0.5571428571428572,3,CMGC,DYRK,HIPK,HIPK1
HIPK2,120.33333333333333,120,KEA3,0.6114285714285714,3,CMGC,DYRK,HIPK,HIPK2
HIPK3,295,265,KEA3,0.10857142857142857,1,CMGC,DYRK,HIPK,HIPK3
HIPK4,107,103,KEA3,0.6685714285714286,3,CMGC,DYRK,HIPK,HIPK4
ICK,203,207,KEA3,0.3028571428571429,2,CMGC,RCK,RCK,CILK1
IGF1R,96.33333333333333,87,KEA3,0.7228571428571429,3,TK,INSR,INSR,IGF1R
IKBKB,66.66666666666667,50,KEA3,0.8428571428571429,4,OTHER,IKK,IKK,IKBKB
IKBKE,38,24,KEA3,0.9285714285714286,4,OTHER,IKK,IKK,IKBKE
ILK,103.33333333333333,98,KEA3,0.6857142857142857,3,TKL,MLK,ILK,ILK
INSR,119.66666666666667,119,KEA3,0.6142857142857143,3,TK,INSR,INSR,INSR
IRAK1,176,185,KEA3,0.38,2,TKL,IRAK,IRAK,IRAK1
IRAK3,251,237,KEA3,0.18857142857142858,1,TKL,IRAK,IRAK,IRAK3
IRAK4,293,263,KEA3,0.11428571428571428,1,TKL,IRAK,IRAK,IRAK4
ITK,172.33333333333334,180,KEA3,0.4,2,TK,TEC,TEC,ITK
JAK1,180.5,189,KEA3,0.3628571428571429,2,TK,JAKA,JAKA,JAK1
JAK2,66.33333333333333,49,KEA3,0.8485714285714285,4,TK,JAKA,JAKA,JAK2
JAK3,175.66666666666666,184,KEA3,0.38857142857142857,2,TK,JAKA,JAKA,JAK3
KDR,303,272,KEA3,0.08857142857142856,1,TK,VEGFR,VEGFR,KDR
KIT,135,136,KEA3,0.56,3,TK,PDGFR,PDGFR,KIT
KSR1,276,253,KEA3,0.14285714285714285,1,TKL,RAF,KSR,KSR1
KSR2,201,205,KEA3,0.30857142857142855,2,TKL,RAF,KSR,KSR2
LATS1,197.66666666666666,200,KEA3,0.32571428571428573,2,AGC,NDR,NDR,LATS1
LATS2,158,164,KEA3,0.44857142857142857,2,AGC,NDR,NDR,LATS2
LCK,21.333333333333332,11,KEA3,0.9657142857142857,4,TK,SRC,SRCB,LCK
LIMK1,286,258,KEA3,0.12857142857142856,1,TKL,LISK,LIMK,LIMK1
LIMK2,215.5,216,KEA3,0.26571428571428574,2,TKL,LISK,LIMK,LIMK2
LRRK2,122,122,KEA3,0.6028571428571429,3,TKL,LRRK,LRRK,LRRK2
LYN,88.33333333333333,74,KEA3,0.7628571428571429,4,TK,SRC,SRCB,LYN
MAK,268,245,KEA3,0.1657142857142857,1,CMGC,RCK,RCK,MAK
MAP2K1,90.66666666666667,78,KEA3,0.7485714285714286,3,STE,STE7,MEK1,MAP2K1
MAP2K2,221.5,221,KEA3,0.24285714285714285,1,STE,STE7,MEK1,MAP2K2
MAP2K3,260,241,KEA3,0.17714285714285713,1,STE,STE7,MEK3,MAP2K3
MAP2K4,151.33333333333334,154,KEA3,0.49142857142857144,2,STE,STE7,MEK4,MAP2K4
MAP2K6,176.66666666666666,186,KEA3,0.37142857142857144,2,STE,STE7,MEK3,MAP2K6
MAP2K7,88,73,KEA3,0.7657142857142857,4,STE,STE7,MEK7,MAP2K7
MAP3K1,264,242,KEA3,0.1742857142857143,1,STE,STE11,MEKK1,MAP3K1
MAP3K10,277,254,KEA3,0.14,1,TKL,MLK,MLK,MAP3K10
MAP3K11,200,204,KEA3,0.31142857142857144,2,TKL,MLK,MLK,MAP3K11
MAP3K13,251,237,KEA3,0.18857142857142858,1,TKL,MLK,LZK,MAP3K13
MAP3K14,126.66666666666667,127,KEA3,0.5857142857142857,3,STE,STE-UNIQUE,STE-UNIQUE,MAP3K14
MAP3K20,205,208,KEA3,0.3,2,TKL,MLK,ZAK,MAP3K20
MAP3K3,292,262,KEA3,0.11714285714285715,1,STE,STE11,MEKK2,MAP3K3
MAP3K4,306,275,KEA3,0.08,1,STE,STE11,MEKK4,MAP3K4
MAP3K5,171.33333333333334,179,KEA3,0.40285714285714286,2,STE,STE11,ASK,MAP3K5
MAP3K6,219,218,KEA3,0.2542857142857143,2,STE,STE11,ASK,MAP3K6
MAP3K7,98.33333333333333,90,KEA3,0.7142857142857143,3,TKL,MLK,TAK1,MAP3K7
MAP3K8,142,144,KEA3,0.5257142857142857,3,STE,STE-UNIQUE,STE-UNIQUE,MAP3K8
MAP4K1,271,248,KEA3,0.15714285714285714,1,STE,STE20,KHS,MAP4K1
MAP4K2,141,142,KEA3,0.5342857142857143,3,STE,STE20,KHS,MAP4K2
MAP4K3,299,268,KEA3,0.1,1,STE,STE20,KHS,MAP4K3
MAP4K4,170,177,KEA3,0.4085714285714286,2,STE,STE20,MSN,MAP4K4
MAP4K5,160.5,169,KEA3,0.4342857142857143,2,STE,STE20,KHS,MAP4K5
MAPK1,22.333333333333332,14,KEA3,0.9571428571428572,4,CMGC,MAPK,ERK1,MAPK1
MAPK10,117.33333333333333,115,KEA3,0.6257142857142857,3,CMGC,MAPK,JNK,MAPK10
MAPK11,101.33333333333333,96,KEA3,0.6942857142857143,3,CMGC,MAPK,P38,MAPK11
MAPK12,110.66666666666667,106,KEA3,0.6571428571428571,3,CMGC,MAPK,P38,MAPK12
MAPK13,182.33333333333334,191,KEA3,0.35714285714285715,2,CMGC,MAPK,P38,MAPK13
MAPK14,26.333333333333332,17,KEA3,0.9485714285714286,4,CMGC,MAPK,P38,MAPK14
MAPK15,224.5,223,KEA3,0.23142857142857143,1,CMGC,MAPK,ERK7,MAPK15
MAPK3,39,25,KEA3,0.9228571428571428,4,CMGC,MAPK,ERK1,MAPK3
MAPK6,211,212,KEA3,0.28,2,CMGC,MAPK,ERK3,MAPK6
MAPK7,106,101,KEA3,0.6771428571428572,3,CMGC,MAPK,ERK5,MAPK7
MAPK8,77,58,KEA3,0.8142857142857143,4,CMGC,MAPK,JNK,MAPK8
MAPK9,58,43,KEA3,0.8685714285714285,4,CMGC,MAPK,JNK,MAPK9
MAPKAPK2,103.33333333333333,98,KEA3,0.6857142857142857,3,CAMK,MAPKAPK,MAPKAPK,MAPKAPK2
MAPKAPK3,300,269,KEA3,0.09714285714285714,1,CAMK,MAPKAPK,MAPKAPK,MAPKAPK3
MAPKAPK5,60,45,KEA3,0.86,4,CAMK,MAPKAPK,MAPKAPK,MAPKAPK5
MARK2,103,97,KEA3,0.6914285714285714,3,CAMK,CAMKL,MARK,MARK2
MARK3,198.33333333333334,201,KEA3,0.32285714285714284,2,CAMK,CAMKL,MARK,MARK3
MARK4,334,298,KEA3,0.014285714285714285,1,CAMK,CAMKL,MARK,MARK4
MAST1,220,219,KEA3,0.25142857142857145,2,AGC,MAST,MAST,MAST1
MAST2,316,284,KEA3,0.054285714285714284,1,AGC,MAST,MAST,MAST2
MATK,234,228,KEA3,0.21714285714285714,1,TK,CSK,CSK,MATK
MELK,307,276,KEA3,0.07714285714285714,1,CAMK,CAMKL,MELK,MELK
MERTK,154,158,KEA3,0.4742857142857143,2,TK,AXL,AXL,MERTK
MET,117.66666666666667,116,KEA3,0.6228571428571429,3,TK,MET,MET,MET
MKNK1,176.66666666666666,186,KEA3,0.37142857142857144,2,CAMK,MAPKAPK,MNK,MKNK1
MKNK2,226,225,KEA3,0.2257142857142857,1,CAMK,MAPKAPK,MNK,MKNK2
MOK,243.5,231,KEA3,0.20857142857142857,1,CMGC,RCK,RCK,MOK
MOS,304,273,KEA3,0.08571428571428572,1,OTHER,MOS,MOS,MOS
MST1R,210,211,KEA3,0.2885714285714286,2,TK,MET,MET,MST1R
MTOR,116.66666666666667,114,KEA3,0.6285714285714286,3,ATYPICAL,PIKK,FRAP,MTOR
MYLK2,210,211,KEA3,0.2885714285714286,2,CAMK,MLCK,MLCK,MYLK2
MYO3A,212,213,KEA3,0.27714285714285714,2,STE,STE20,NINAC,MYO3A
NEK10,289,260,KEA3,0.12285714285714286,1,OTHER,NEK,NEK10,NEK10
NEK11,315,283,KEA3,0.05714285714285714,1,OTHER,NEK,NEK11,NEK11
NEK2,96.66666666666667,89,KEA3,0.7171428571428572,3,OTHER,NEK,NEK2,NEK2
NEK3,175.5,183,KEA3,0.3914285714285714,2,OTHER,NEK,NEK1,NEK3
NEK4,185.5,193,KEA3,0.3485714285714286,2,OTHER,NEK,NEK4,NEK4
NEK6,74.33333333333333,55,KEA3,0.8228571428571428,4,OTHER,NEK,NEK6,NEK6
NEK8,224.5,223,KEA3,0.23142857142857143,1,OTHER,NEK,NEK8,NEK8
NEK9,94.5,84,KEA3,0.7314285714285714,3,OTHER,NEK,NEK8,NEK9
NIM1K,278,255,KEA3,0.13714285714285715,1,CAMK,CAMKL,NIM1,NIM1K
NLK,159,166,KEA3,0.44285714285714284,2,CMGC,MAPK,NMO,NLK
NPR2,93,81,KEA3,0.74,3,RGC,RGC,RGC,NPR2
NRBP2,227,226,KEA3,0.22285714285714286,1,OTHER,NRBP,NRBP,NRBP2
NTRK1,152,156,KEA3,0.48,2,TK,TRK,TRK,NTRK1
NTRK2,70,52,KEA3,0.8371428571428572,4,TK,TRK,TRK,NTRK2
NTRK3,222,222,KEA3,0.23714285714285716,1,TK,TRK,TRK,NTRK3
NUAK1,146.33333333333334,148,KEA3,0.5114285714285715,3,CAMK,CAMKL,NUAK,NUAK1
NUAK2,297,266,KEA3,0.10571428571428572,1,CAMK,CAMKL,NUAK,NUAK2
OXSR1,274.5,252,KEA3,0.1457142857142857,1,STE,STE20,FRAY,OXSR1
PAK1,45.666666666666664,32,KEA3,0.9028571428571428,4,STE,STE20,PAKA,PAK1
PAK2,138.66666666666666,138,KEA3,0.5542857142857143,3,STE,STE20,PAKA,PAK2
PAK3,273,250,KEA3,0.15142857142857144,1,STE,STE20,PAKA,PAK3
PAK4,51,35,KEA3,0.8942857142857142,4,STE,STE20,PAKB,PAK4
PAK5,329,295,KEA3,0.022857142857142857,1,STE,STE20,PAKB,PAK5
PAK6,112,109,KEA3,0.6485714285714286,3,STE,STE20,PAKB,PAK6
PASK,185,192,KEA3,0.3514285714285714,2,CAMK,CAMKL,PASK,PASK
PBK,82.33333333333333,64,KEA3,0.7942857142857143,4,OTHER,TOPK,TOPK,PBK
PDGFRA,245,232,KEA3,0.2057142857142857,1,TK,PDGFR,PDGFR,PDGFRA
PDGFRB,141.66666666666666,143,KEA3,0.5314285714285715,3,TK,PDGFR,PDGFR,PDGFRB
PDIK1L,302,271,KEA3,0.09142857142857143,1,OTHER,NKF4,NKF4,PDIK1L
PDK1,161.5,171,KEA3,0.4257142857142857,2,ATYPICAL,PDHK,PDHK,PDK1
PDPK1,122,122,KEA3,0.6028571428571429,3,AGC,PDK1,PDK1,PDPK1
PIK3CA,176,185,KEA3,0.38,2,NA,NA,NA,PIK3CA
PIK3CB,337,301,KEA3,0.005714285714285714,1,NA,NA,NA,PIK3CB
PIK3CG,313,281,KEA3,0.06285714285714286,1,NA,NA,NA,PIK3CG
PIK3R4,216,217,KEA3,0.26,2,OTHER,VPS15,VPS15,PIK3R4
PIM1,42,28,KEA3,0.9142857142857143,4,CAMK,PIM,PIM,PIM1
PIM2,201.5,206,KEA3,0.3057142857142857,2,CAMK,PIM,PIM,PIM2
PINK1,151,153,KEA3,0.4942857142857143,2,OTHER,NKF2,NKF2,PINK1
PKMYT1,200,204,KEA3,0.31142857142857144,2,OTHER,WEE,WEE,PKMYT1
PKN1,103.66666666666667,99,KEA3,0.6828571428571428,3,AGC,PKN,PKN,PKN1
PLK1,84.66666666666667,68,KEA3,0.7828571428571428,4,OTHER,PLK,PLK1,PLK1
PLK2,153.5,157,KEA3,0.47714285714285715,2,OTHER,PLK,PLK2,PLK2
PLK3,120.66666666666667,121,KEA3,0.6085714285714285,3,OTHER,PLK,PLK2,PLK3
PLK4,131,131,KEA3,0.5742857142857143,3,OTHER,PLK,SAK,PLK4
PNCK,176,185,KEA3,0.38,2,CAMK,CAMK1,CAMK1,PNCK
PRKAA1,12.333333333333334,7,KEA3,0.9828571428571429,4,CAMK,CAMKL,AMPK,PRKAA1
PRKAA2,96,86,KEA3,0.7257142857142858,3,CAMK,CAMKL,AMPK,PRKAA2
PRKACA,5.333333333333334,3,KEA3,0.9942857142857143,4,AGC,PKA,PKA,PRKACA
PRKACB,249.5,236,KEA3,0.19428571428571428,1,AGC,PKA,PKA,PRKACB
PRKCA,3,1,KEA3,1,4,AGC,PKC,ALPHA,PRKCA
PRKCB,56.666666666666664,41,KEA3,0.8742857142857143,4,AGC,PKC,ALPHA,PRKCB
PRKCD,44.333333333333336,29,KEA3,0.9114285714285715,4,AGC,PKC,DELTA,PRKCD
PRKCE,75.66666666666667,56,KEA3,0.82,4,AGC,PKC,ETA,PRKCE
PRKCG,91.33333333333333,79,KEA3,0.7457142857142857,3,AGC,PKC,ALPHA,PRKCG
PRKCH,149,151,KEA3,0.5,3,AGC,PKC,ETA,PRKCH
PRKCI,48.333333333333336,33,KEA3,0.9,4,AGC,PKC,IOTA,PRKCI
PRKCQ,21.666666666666668,13,KEA3,0.96,4,AGC,PKC,DELTA,PRKCQ
PRKCZ,69,51,KEA3,0.84,4,AGC,PKC,IOTA,PRKCZ
PRKD1,28.666666666666668,21,KEA3,0.9371428571428572,4,CAMK,PKD,PKD,PRKD1
PRKD2,176.66666666666666,186,KEA3,0.37142857142857144,2,CAMK,PKD,PKD,PRKD2
PRKD3,270,247,KEA3,0.16,1,CAMK,PKD,PKD,PRKD3
PRKDC,52.333333333333336,36,KEA3,0.8914285714285715,4,ATYPICAL,PIKK,DNAPK,PRKDC
PRKG1,18.333333333333332,9,KEA3,0.9771428571428571,4,AGC,PKG,PKG,PRKG1
PRKG2,187.5,194,KEA3,0.3457142857142857,2,AGC,PKG,PKG,PRKG2
PRKX,209,210,KEA3,0.29428571428571426,2,AGC,PKA,PKA,PRKX
PRKY,145,146,KEA3,0.5171428571428571,3,AGC,PKA,PKA,PRKY
PRPF4B,192.5,196,KEA3,0.34,2,CMGC,DYRK,PRP4,PRPF4B
PTK2,101.33333333333333,96,KEA3,0.6942857142857143,3,TK,FAK,FAK,PTK2
PTK2B,27.333333333333332,19,KEA3,0.9428571428571428,4,TK,FAK,FAK,PTK2B
PTK6,78,59,KEA3,0.8085714285714286,4,TK,SRC,SRM,PTK6
PXK,126,126,KEA3,0.5885714285714285,3,OTHER,SLOB,SLOB,PXK
RAF1,111.33333333333333,107,KEA3,0.6542857142857142,3,TKL,RAF,RAF,RAF1
RET,92,80,KEA3,0.7428571428571429,3,TK,RET,RET,RET
RIOK1,290,261,KEA3,0.12,1,ATYPICAL,RIO,RIO1,RIOK1
RIPK1,211,212,KEA3,0.28,2,TKL,RIPK,RIPK,RIPK1
RIPK2,219,218,KEA3,0.2542857142857143,2,TKL,RIPK,RIPK,RIPK2
RIPK3,146.5,149,KEA3,0.5085714285714286,3,TKL,RIPK,RIPK,RIPK3
ROCK1,53.33333333333333,38,KEA3,0.8857142857142857,4,AGC,DMPK,ROCK,ROCK1
ROCK2,163.33333333333334,174,KEA3,0.41714285714285715,2,AGC,DMPK,ROCK,ROCK2
RPS6KA1,8.333333333333334,4,KEA3,0.9914285714285714,4,AGC,RSK,RSK,RPS6KA1
RPS6KA2,72.5,53,KEA3,0.8314285714285714,4,AGC,RSK,RSK,RPS6KA2
RPS6KA3,10.333333333333334,5,KEA3,0.9885714285714285,4,AGC,RSK,RSK,RPS6KA3
RPS6KA4,60.5,47,KEA3,0.8542857142857143,4,AGC,RSK,MSK,RPS6KA4
RPS6KA5,39,25,KEA3,0.9228571428571428,4,AGC,RSK,MSK,RPS6KA5
RPS6KB1,33,22,KEA3,0.9342857142857143,4,AGC,RSK,P70,RPS6KB1
RPS6KB2,158,164,KEA3,0.44857142857142857,2,AGC,RSK,P70,RPS6KB2
RPS6KL1,314,282,KEA3,0.06,1,AGC,RSKL,RSKL,RPS6KL1
SCYL1,328,294,KEA3,0.025714285714285714,1,OTHER,SCY1,SCY1,SCYL1
SCYL2,151.5,155,KEA3,0.48857142857142855,2,OTHER,SCY1,SCY1,SCYL2
SCYL3,265,243,KEA3,0.17142857142857143,1,OTHER,SCY1,SCY1,SCYL3
SGK1,88.66666666666667,75,KEA3,0.76,4,AGC,SGK,SGK,SGK1
SGK2,196,199,KEA3,0.32857142857142857,2,AGC,SGK,SGK,SGK2
SGK3,132,133,KEA3,0.5685714285714286,3,AGC,SGK,SGK,SGK3
SIK1,233,227,KEA3,0.22,1,CAMK,CAMKL,QIK,SIK1
SIK2,310,279,KEA3,0.06857142857142857,1,CAMK,CAMKL,QIK,SIK2
SMG1,331,296,KEA3,0.02,1,ATYPICAL,PIKK,SMG1,SMG1
SNRK,199,203,KEA3,0.3171428571428571,2,CAMK,CAMKL,SNRK,SNRK
SRC,4.333333333333333,2,KEA3,0.9971428571428571,4,TK,SRC,SRCA,SRC
SRMS,162,172,KEA3,0.4228571428571429,2,TK,SRC,SRM,SRMS
SRPK1,149.5,152,KEA3,0.49714285714285716,2,CMGC,SRPK,SRPK,SRPK1
SRPK2,99.5,92,KEA3,0.7085714285714285,3,CMGC,SRPK,SRPK,SRPK2
STK10,125,125,KEA3,0.5914285714285714,3,STE,STE20,SLK,STK10
STK11,81.33333333333333,63,KEA3,0.7971428571428572,4,CAMK,CAMKL,LKB,STK11
STK16,79.5,60,KEA3,0.8057142857142857,4,OTHER,NAK,MPSK,STK16
STK17A,59.5,44,KEA3,0.8628571428571429,4,CAMK,DAPK,DRAK,STK17A
STK24,141,142,KEA3,0.5342857142857143,3,STE,STE20,YSK,STK24
STK25,155.5,161,KEA3,0.46,2,STE,STE20,YSK,STK25
STK26,100.5,94,KEA3,0.7028571428571428,3,STE,STE20,YSK,STK26
STK3,152,156,KEA3,0.48,2,STE,STE20,MST,STK3
STK33,279,256,KEA3,0.13428571428571429,1,CAMK,CAMK-UNIQUE,CAMK-UNIQUE,STK33
STK36,246,233,KEA3,0.20285714285714285,1,OTHER,ULK,FUSED,STK36
STK38,140.5,141,KEA3,0.5428571428571428,3,AGC,NDR,NDR,STK38
STK38L,214.5,215,KEA3,0.26857142857142857,2,AGC,NDR,NDR,STK38L
STK39,123,124,KEA3,0.5942857142857143,3,STE,STE20,FRAY,STK39
STK4,111.5,108,KEA3,0.6514285714285715,3,STE,STE20,MST,STK4
STK40,216,217,KEA3,0.26,2,CAMK,SGK495,SGK495,STK40
STYK1,196,199,KEA3,0.32857142857142857,2,TK,TK-UNIQUE,TK-UNIQUE,STYK1
SYK,49.666666666666664,34,KEA3,0.8971428571428571,4,TK,SYK,SYK,SYK
TAOK1,311,280,KEA3,0.06571428571428571,1,STE,STE20,TAO,TAOK1
TBK1,61.666666666666664,48,KEA3,0.8514285714285714,4,OTHER,IKK,IKK,TBK1
TEC,182,190,KEA3,0.36,2,TK,TEC,TEC,TEC
TEK,319,286,KEA3,0.04857142857142857,1,TK,TIE,TIE,TEK
TESK1,298,267,KEA3,0.10285714285714286,1,TKL,LISK,TESK,TESK1
TESK2,145,146,KEA3,0.5171428571428571,3,TKL,LISK,TESK,TESK2
TGFBR1,173,182,KEA3,0.3942857142857143,2,TKL,STKR,TYPE1,TGFBR1
TGFBR2,76.5,57,KEA3,0.8171428571428572,4,TKL,STKR,TYPE2,TGFBR2
TLK1,118,117,KEA3,0.62,3,OTHER,TLK,TLK,TLK1
TNIK,320,287,KEA3,0.045714285714285714,1,STE,STE20,MSN,TNIK
TNK2,57.666666666666664,42,KEA3,0.8714285714285714,4,TK,ACK,ACK,TNK2
TNNI3K,83.5,65,KEA3,0.7914285714285715,4,TKL,MLK,HH498,TNNI3K
TP53RK,339,303,KEA3,0,1,OTHER,BUD32,BUD32,TP53RK
TRIB3,139.5,139,KEA3,0.5514285714285714,3,CAMK,TRBL,TRBL,TRIB3
TRPM7,162.5,173,KEA3,0.42,2,ATYPICAL,ALPHA,CHAK,TRPM7
TTK,131.33333333333334,132,KEA3,0.5714285714285714,3,OTHER,TTK,TTK,TTK
TXK,283,257,KEA3,0.13142857142857142,1,TK,TEC,TEC,TXK
TYK2,122.33333333333333,123,KEA3,0.6,3,TK,JAKA,JAKA,TYK2
TYRO3,152,156,KEA3,0.48,2,TK,AXL,AXL,TYRO3
UHMK1,158.5,165,KEA3,0.44571428571428573,2,OTHER,KIS,KIS,UHMK1
ULK1,140.5,141,KEA3,0.5428571428571428,3,OTHER,ULK,ULK,ULK1
VRK1,140,140,KEA3,0.5485714285714286,3,CK1,VRK,VRK,VRK1
VRK3,249,235,KEA3,0.19714285714285715,1,CK1,VRK,VRK,VRK3
WEE1,72.5,53,KEA3,0.8314285714285714,4,OTHER,WEE,WEE,WEE1
WNK1,133.33333333333334,134,KEA3,0.5657142857142857,3,OTHER,WNK,WNK,WNK1
YES1,101,95,KEA3,0.7,3,TK,SRC,SRCA,YES1
ZAP70,79.66666666666667,61,KEA3,0.8028571428571428,4,TK,SYK,SYK,ZAP70
PRKX,2.147032308971182,6,UKA,0.9411764705882353,4,AGC,PKA,PKA,PRKX
MAPKAPK2,1.94127037924828,10,UKA,0.907563025210084,4,CAMK,MAPKAPK,MAPKAPK,MAPKAPK2
CAMK4,1.8266971581118137,13,UKA,0.8823529411764706,4,CAMK,CAMK1,CAMK1,CAMK4
CAMK4,1.8266971581118137,13,UKA,0.8823529411764706,4,OTHER,CAMKK,META,CAMKK1
PLK3,1.8022233887286137,14,UKA,0.8739495798319328,4,OTHER,PLK,PLK2,PLK3
PIM1,1.784732656568278,17,UKA,0.8487394957983193,4,CAMK,PIM,PIM,PIM1
SGK2,1.4923599804367953,30,UKA,0.7394957983193278,3,AGC,SGK,SGK,SGK2
SGK2,1.4923599804367953,30,UKA,0.7394957983193278,3,AGC,SGK,SGK,SGK3
PRKY,1.4752145506787775,31,UKA,0.7310924369747899,3,AGC,PKA,PKA,PRKY
MAPKAPK3,1.4402369671232065,34,UKA,0.7058823529411765,3,CAMK,MAPKAPK,MAPKAPK,MAPKAPK3
PIM2,1.4151262465401753,37,UKA,0.680672268907563,3,CAMK,PIM,PIM,PIM2
CDK10,1.3623501914285805,40,UKA,0.6554621848739496,3,CMGC,CDK,CDK10,CDK10
SGK1,1.271094568022853,48,UKA,0.5714285714285714,3,AGC,SGK,SGK,SGK1
ATR,1.2152971405297082,50,UKA,0.5294117647058824,3,ATYPICAL,PIKK,ATR,ATR
CDKL1,1.1986786284949598,51,UKA,0.5210084033613446,3,CMGC,CDKL,CDKL,CDKL1
CDKL5,1.1664100391561738,55,UKA,0.48739495798319327,2,CMGC,CDKL,CDKL,CDKL5
PAK1,1.1536628878701949,56,UKA,0.47058823529411764,2,STE,STE20,PAKA,PAK1
ARAF,1.1366295485714144,60,UKA,0.42857142857142855,2,TKL,RAF,RAF,ARAF
PIM3,1.1366295485714144,60,UKA,0.42857142857142855,2,CAMK,PIM,PIM,PIM3
BRAF,1.131520142792934,61,UKA,0.42016806722689076,2,TKL,RAF,RAF,BRAF
ROCK1,1.1277271537757951,62,UKA,0.4117647058823529,2,AGC,DMPK,ROCK,ROCK1
CDK3,1.0300625020341572,67,UKA,0.3697478991596639,2,CMGC,CDK,CDC2,CDK3
CDK6,1.0171862378681376,69,UKA,0.3445378151260504,2,CMGC,CDK,CDK4,CDK6
RAF1,1.0171862378681376,69,UKA,0.3445378151260504,2,TKL,RAF,RAF,RAF1
CDK4,1.002788417167495,72,UKA,0.31932773109243695,2,CMGC,CDK,CDK4,CDK4
MAPK14,0.9888526392242026,73,UKA,0.31092436974789917,2,CMGC,MAPK,P38,MAPK14
CDK7,0.9807008872046566,76,UKA,0.2857142857142857,2,CMGC,CDK,CDK7,CDK7
CDK2,0.9683169060893516,77,UKA,0.2689075630252101,2,CMGC,CDK,CDC2,CDK2
DAPK2,0.7381568732465358,80,UKA,0.23529411764705882,1,CAMK,DAPK,DAPK,DAPK2
CDK5,0.3010925385725728,87,UKA,0.17647058823529413,1,CMGC,CDK,CDK5,CDK5
CDKL2,0.216920075033175,91,UKA,0.14285714285714285,1,CMGC,CDKL,CDKL,CDKL2
ROCK2,0.18735387837864637,93,UKA,0.12605042016806722,1,AGC,DMPK,ROCK,ROCK2
DYRK1A,0.1368356412747205,96,UKA,0.09243697478991597,1,CMGC,DYRK,DYRK1,DYRK1A
NUAK1,0.04866356798087586,101,UKA,0.04201680672268908,1,CAMK,CAMKL,NUAK,NUAK1
TBK1,0.04828179030387961,102,UKA,0.03361344537815126,1,OTHER,IKK,IKK,TBK1
CDK9,0,106,UKA,0,1,CMGC,CDK,CDK9,CDK9
PEK,-4.005833333333333,4,KRSA,0.9509906152241918,4,OTHER,PEK,HRI,EIF2AK1
PEK,-4.005833333333333,4,KRSA,0.9509906152241918,4,OTHER,PEK,PKR,EIF2AK2
PEK,-4.005833333333333,4,KRSA,0.9509906152241918,4,OTHER,PEK,PEK,EIF2AK3
PEK,-4.005833333333333,4,KRSA,0.9509906152241918,4,OTHER,PEK,GCN2,EIF2AK4
PKCA,-3.586666666666667,7,KRSA,0.913451511991658,4,AGC,PKC,ALPHA,PRKCA
PKCA,-3.586666666666667,7,KRSA,0.913451511991658,4,AGC,PKC,ALPHA,PRKCB
PKCA,-3.586666666666667,7,KRSA,0.913451511991658,4,AGC,PKC,ALPHA,PRKCG
CDK,-4.479166666666667,3,KRSA,0.9635036496350365,4,CMGC,CDK,CDC2,CDK1
CDK,-4.479166666666667,3,KRSA,0.9635036496350365,4,CMGC,CDK,CDK10,CDK10
CDK,-4.479166666666667,3,KRSA,0.9635036496350365,4,CMGC,CDK,CRK7,CDK12
CDK,-4.479166666666667,3,KRSA,0.9635036496350365,4,CMGC,CDK,CRK7,CDK13
CDK,-4.479166666666667,3,KRSA,0.9635036496350365,4,CMGC,CDK,PFTAIRE,CDK14
CDK,-4.479166666666667,3,KRSA,0.9635036496350365,4,CMGC,CDK,PFTAIRE,CDK15
CDK,-4.479166666666667,3,KRSA,0.9635036496350365,4,CMGC,CDK,PCTAIRE,CDK16
CDK,-4.479166666666667,3,KRSA,0.9635036496350365,4,CMGC,CDK,PCTAIRE,CDK17
CDK,-4.479166666666667,3,KRSA,0.9635036496350365,4,CMGC,CDK,PCTAIRE,CDK18
CDK,-4.479166666666667,3,KRSA,0.9635036496350365,4,CMGC,CDK,CDK8,CDK19
CDK,-4.479166666666667,3,KRSA,0.9635036496350365,4,CMGC,CDK,CDC2,CDK2
CDK,-4.479166666666667,3,KRSA,0.9635036496350365,4,CMGC,CDK,CCRK,CDK20
CDK,-4.479166666666667,3,KRSA,0.9635036496350365,4,CMGC,CDK,CDC2,CDK3
CDK,-4.479166666666667,3,KRSA,0.9635036496350365,4,CMGC,CDK,CDK4,CDK4
CDK,-4.479166666666667,3,KRSA,0.9635036496350365,4,CMGC,CDK,CDK5,CDK5
CDK,-4.479166666666667,3,KRSA,0.9635036496350365,4,CMGC,CDK,CDK4,CDK6
CDK,-4.479166666666667,3,KRSA,0.9635036496350365,4,CMGC,CDK,CDK7,CDK7
CDK,-4.479166666666667,3,KRSA,0.9635036496350365,4,CMGC,CDK,CDK8,CDK8
CDK,-4.479166666666667,3,KRSA,0.9635036496350365,4,CMGC,CDK,CDK9,CDK9
CDK,-4.479166666666667,3,KRSA,0.9635036496350365,4,NA,NA,NA,CDK11A
CDK,-4.479166666666667,3,KRSA,0.9635036496350365,4,NA,NA,NA,CDK11B
ERK,-4.84,1,KRSA,0.9885297184567258,4,CMGC,MAPK,ERK1,MAPK1
ERK,-4.84,1,KRSA,0.9885297184567258,4,CMGC,MAPK,ERK7,MAPK15
ERK,-4.84,1,KRSA,0.9885297184567258,4,CMGC,MAPK,ERK1,MAPK3
ERK,-4.84,1,KRSA,0.9885297184567258,4,CMGC,MAPK,ERK3,MAPK4
ERK,-4.84,1,KRSA,0.9885297184567258,4,CMGC,MAPK,ERK3,MAPK6
ERK,-4.84,1,KRSA,0.9885297184567258,4,CMGC,MAPK,ERK5,MAPK7
DYRK,-4.504166666666666,2,KRSA,0.9760166840458812,4,CMGC,DYRK,DYRK1,DYRK1A
DYRK,-4.504166666666666,2,KRSA,0.9760166840458812,4,CMGC,DYRK,DYRK1,DYRK1B
DYRK,-4.504166666666666,2,KRSA,0.9760166840458812,4,CMGC,DYRK,DYRK2,DYRK2
DYRK,-4.504166666666666,2,KRSA,0.9760166840458812,4,CMGC,DYRK,DYRK2,DYRK3
DYRK,-4.504166666666666,2,KRSA,0.9760166840458812,4,CMGC,DYRK,DYRK2,DYRK4
DYRK,-4.504166666666666,2,KRSA,0.9760166840458812,4,CMGC,DYRK,HIPK,HIPK1
DYRK,-4.504166666666666,2,KRSA,0.9760166840458812,4,CMGC,DYRK,HIPK,HIPK2
DYRK,-4.504166666666666,2,KRSA,0.9760166840458812,4,CMGC,DYRK,HIPK,HIPK3
DYRK,-4.504166666666666,2,KRSA,0.9760166840458812,4,CMGC,DYRK,HIPK,HIPK4
DYRK,-4.504166666666666,2,KRSA,0.9760166840458812,4,CMGC,DYRK,PRP4,PRPF4B
PDK1,-3.799166666666667,5,KRSA,0.9384775808133472,4,ATYPICAL,PDHK,PDHK,PDK1
PDK1,-3.799166666666667,5,KRSA,0.9384775808133472,4,AGC,PDK1,PDK1,PDPK1
NMO,-2.9541666666666666,10,KRSA,0.8759124087591241,4,CMGC,MAPK,NMO,NLK
JNK,-3.61,6,KRSA,0.9259645464025026,4,CMGC,MAPK,JNK,MAPK10
JNK,-3.61,6,KRSA,0.9259645464025026,4,CMGC,MAPK,JNK,MAPK8
JNK,-3.61,6,KRSA,0.9259645464025026,4,CMGC,MAPK,JNK,MAPK9
STE7,-2.35,14,KRSA,0.8258602711157456,4,STE,STE7,MEK1,MAP2K1
STE7,-2.35,14,KRSA,0.8258602711157456,4,STE,STE7,MEK1,MAP2K2
STE7,-2.35,14,KRSA,0.8258602711157456,4,STE,STE7,MEK3,MAP2K3
STE7,-2.35,14,KRSA,0.8258602711157456,4,STE,STE7,MEK4,MAP2K4
STE7,-2.35,14,KRSA,0.8258602711157456,4,STE,STE7,MEK5,MAP2K5
STE7,-2.35,14,KRSA,0.8258602711157456,4,STE,STE7,MEK3,MAP2K6
STE7,-2.35,14,KRSA,0.8258602711157456,4,STE,STE7,MEK7,MAP2K7
PLK,-3.158333333333333,8,KRSA,0.9009384775808134,4,NA,NA,NA,PLK5
PLK,-3.158333333333333,8,KRSA,0.9009384775808134,4,OTHER,PLK,PLK1,PLK1
PLK,-3.158333333333333,8,KRSA,0.9009384775808134,4,OTHER,PLK,PLK2,PLK2
PLK,-3.158333333333333,8,KRSA,0.9009384775808134,4,OTHER,PLK,PLK2,PLK3
PLK,-3.158333333333333,8,KRSA,0.9009384775808134,4,OTHER,PLK,SAK,PLK4
CK1,-1.9408333333333336,17,KRSA,0.7883211678832117,4,CK1,CK1,CK1-A,CSNK1A1
CK1,-1.9408333333333336,17,KRSA,0.7883211678832117,4,CK1,CK1,CK1-A,CSNK1A1L
CK1,-1.9408333333333336,17,KRSA,0.7883211678832117,4,CK1,CK1,CK1-D,CSNK1D
CK1,-1.9408333333333336,17,KRSA,0.7883211678832117,4,CK1,CK1,CK1-D,CSNK1E
CK1,-1.9408333333333336,17,KRSA,0.7883211678832117,4,CK1,CK1,CK1-G,CSNK1G1
CK1,-1.9408333333333336,17,KRSA,0.7883211678832117,4,CK1,CK1,CK1-G,CSNK1G2
CK1,-1.9408333333333336,17,KRSA,0.7883211678832117,4,CK1,CK1,CK1-G,CSNK1G3
CK1,-1.9408333333333336,17,KRSA,0.7883211678832117,4,CK1,TTBK,TTBK,TTBK1
CK1,-1.9408333333333336,17,KRSA,0.7883211678832117,4,CK1,TTBK,TTBK,TTBK2
CK1,-1.9408333333333336,17,KRSA,0.7883211678832117,4,CK1,VRK,VRK,VRK3
P38,-3.0483333333333333,9,KRSA,0.8884254431699687,4,CMGC,MAPK,P38,MAPK11
P38,-3.0483333333333333,9,KRSA,0.8884254431699687,4,CMGC,MAPK,P38,MAPK12
P38,-3.0483333333333333,9,KRSA,0.8884254431699687,4,CMGC,MAPK,P38,MAPK13
P38,-3.0483333333333333,9,KRSA,0.8884254431699687,4,CMGC,MAPK,P38,MAPK14
IKK,-1.3708333333333331,29,KRSA,0.6381647549530761,3,OTHER,IKK,IKK,CHUK
IKK,-1.3708333333333331,29,KRSA,0.6381647549530761,3,OTHER,IKK,IKK,IKBKB
IKK,-1.3708333333333331,29,KRSA,0.6381647549530761,3,OTHER,IKK,IKK,IKBKE
IKK,-1.3708333333333331,29,KRSA,0.6381647549530761,3,OTHER,IKK,IKK,TBK1
LKB,-1.9766666666666663,16,KRSA,0.8008342022940563,4,CAMK,CAMKL,LKB,STK11
PHK,-1.475,25,KRSA,0.6882168925964547,3,CAMK,PHK,PHK,PHKG1
PHK,-1.475,25,KRSA,0.6882168925964547,3,CAMK,PHK,PHK,PHKG2
DMPK,-0.7166666666666667,59,KRSA,0.26277372262773724,2,AGC,DMPK,GEK,CDC42BPA
DMPK,-0.7166666666666667,59,KRSA,0.26277372262773724,2,AGC,DMPK,GEK,CDC42BPB
DMPK,-0.7166666666666667,59,KRSA,0.26277372262773724,2,AGC,DMPK,GEK,CDC42BPG
DMPK,-0.7166666666666667,59,KRSA,0.26277372262773724,2,AGC,DMPK,CRIK,CIT
DMPK,-0.7166666666666667,59,KRSA,0.26277372262773724,2,AGC,DMPK,GEK,DMPK
DMPK,-0.7166666666666667,59,KRSA,0.26277372262773724,2,AGC,DMPK,ROCK,ROCK1
DMPK,-0.7166666666666667,59,KRSA,0.26277372262773724,2,AGC,DMPK,ROCK,ROCK2
GSK,-1.225,32,KRSA,0.6006256517205423,3,CMGC,GSK,GSK,GSK3A
GSK,-1.225,32,KRSA,0.6006256517205423,3,CMGC,GSK,GSK,GSK3B
QIK,-1.5683333333333334,22,KRSA,0.7257559958289885,3,CAMK,CAMKL,QIK,SIK1
QIK,-1.5683333333333334,22,KRSA,0.7257559958289885,3,CAMK,CAMKL,QIK,SIK2
PDHK,-0.08999999999999997,78,KRSA,0.02502606882168926,1,ATYPICAL,PDHK,BCKDK,BCKDK
PDHK,-0.08999999999999997,78,KRSA,0.02502606882168926,1,ATYPICAL,PDHK,PDHK,PDK2
PDHK,-0.08999999999999997,78,KRSA,0.02502606882168926,1,ATYPICAL,PDHK,PDHK,PDK3
PDHK,-0.08999999999999997,78,KRSA,0.02502606882168926,1,ATYPICAL,PDHK,PDHK,PDK4
MTOR,-1.7858333333333334,20,KRSA,0.7507820646506778,4,ATYPICAL,PIKK,FRAP,MTOR
MST,-2.091666666666667,15,KRSA,0.8133472367049009,4,STE,STE20,MST,STK3
MST,-2.091666666666667,15,KRSA,0.8133472367049009,4,STE,STE20,MST,STK4
STE11,-0.9316666666666666,46,KRSA,0.4254431699687174,2,TKL,MLK,TAK1,MAP3K7
STE11,-0.9316666666666666,46,KRSA,0.4254431699687174,2,STE,STE11,MEKK1,MAP3K1
STE11,-0.9316666666666666,46,KRSA,0.4254431699687174,2,STE,STE11,ASK,MAP3K15
STE11,-0.9316666666666666,46,KRSA,0.4254431699687174,2,STE,STE11,MEKK2,MAP3K2
STE11,-0.9316666666666666,46,KRSA,0.4254431699687174,2,STE,STE11,MEKK2,MAP3K3
STE11,-0.9316666666666666,46,KRSA,0.4254431699687174,2,STE,STE11,MEKK4,MAP3K4
STE11,-0.9316666666666666,46,KRSA,0.4254431699687174,2,STE,STE11,ASK,MAP3K5
STE11,-0.9316666666666666,46,KRSA,0.4254431699687174,2,STE,STE11,ASK,MAP3K6
FRAY,-1.4875,24,KRSA,0.7007299270072993,3,STE,STE20,FRAY,OXSR1
FRAY,-1.4875,24,KRSA,0.7007299270072993,3,STE,STE20,FRAY,STK39
TLK,-1.395,27,KRSA,0.6631908237747653,3,OTHER,TLK,TLK,TLK1
TLK,-1.395,27,KRSA,0.6631908237747653,3,OTHER,TLK,TLK,TLK2
NUAK,-1.3833333333333333,28,KRSA,0.6506777893639207,3,CAMK,CAMKL,NUAK,NUAK1
NUAK,-1.3833333333333333,28,KRSA,0.6506777893639207,3,CAMK,CAMKL,NUAK,NUAK2
TTK,-1.4016666666666666,26,KRSA,0.67570385818561,3,OTHER,TTK,TTK,TTK
PKA,2.8908333333333336,12,KRSA,0.8508863399374348,4,AGC,PKA,PKA,PRKACA
PKA,2.8908333333333336,12,KRSA,0.8508863399374348,4,AGC,PKA,PKA,PRKACB
PKA,2.8908333333333336,12,KRSA,0.8508863399374348,4,AGC,PKA,PKA,PRKACG
PKA,2.8908333333333336,12,KRSA,0.8508863399374348,4,AGC,PKA,PKA,PRKX
PKA,2.8908333333333336,12,KRSA,0.8508863399374348,4,AGC,PKA,PKA,PRKY
ATM,-0.9233333333333332,47,KRSA,0.4129301355578728,2,ATYPICAL,PIKK,ATM,ATM
NEK,-1.0699999999999998,36,KRSA,0.5505735140771637,3,OTHER,NEK,NEK11,NEK11
NEK,-1.0699999999999998,36,KRSA,0.5505735140771637,3,OTHER,NEK,NEK2,NEK2
NEK,-1.0699999999999998,36,KRSA,0.5505735140771637,3,OTHER,NEK,NEK1,NEK3
NEK,-1.0699999999999998,36,KRSA,0.5505735140771637,3,OTHER,NEK,NEK4,NEK4
NEK,-1.0699999999999998,36,KRSA,0.5505735140771637,3,OTHER,NEK,NEK1,NEK5
NEK,-1.0699999999999998,36,KRSA,0.5505735140771637,3,OTHER,NEK,NEK6,NEK6
NEK,-1.0699999999999998,36,KRSA,0.5505735140771637,3,OTHER,NEK,NEK6,NEK7
NEK,-1.0699999999999998,36,KRSA,0.5505735140771637,3,OTHER,NEK,NEK8,NEK8
NEK,-1.0699999999999998,36,KRSA,0.5505735140771637,3,OTHER,NEK,NEK8,NEK9
RAF,-1.9108333333333336,18,KRSA,0.7758081334723671,4,TKL,RAF,RAF,ARAF
RAF,-1.9108333333333336,18,KRSA,0.7758081334723671,4,TKL,RAF,RAF,BRAF
RAF,-1.9108333333333336,18,KRSA,0.7758081334723671,4,TKL,RAF,KSR,KSR1
RAF,-1.9108333333333336,18,KRSA,0.7758081334723671,4,TKL,RAF,KSR,KSR2
RAF,-1.9108333333333336,18,KRSA,0.7758081334723671,4,TKL,RAF,RAF,RAF1
ATR,-1.7983333333333331,19,KRSA,0.7632950990615224,4,ATYPICAL,PIKK,ATR,ATR
SGK,0.8658333333333333,50,KRSA,0.3753910323253389,2,AGC,SGK,SGK,SGK1
SGK,0.8658333333333333,50,KRSA,0.3753910323253389,2,AGC,SGK,SGK,SGK2
SGK,0.8658333333333333,50,KRSA,0.3753910323253389,2,AGC,SGK,SGK,SGK3
IRAK,-0.44166666666666665,63,KRSA,0.2127215849843587,1,TKL,IRAK,IRAK,IRAK1
IRAK,-0.44166666666666665,63,KRSA,0.2127215849843587,1,TKL,IRAK,IRAK,IRAK2
IRAK,-0.44166666666666665,63,KRSA,0.2127215849843587,1,TKL,IRAK,IRAK,IRAK3
IRAK,-0.44166666666666665,63,KRSA,0.2127215849843587,1,TKL,IRAK,IRAK,IRAK4
PKG,2.9325,11,KRSA,0.8633993743482794,4,AGC,PKG,PKG,PRKG1
PKG,2.9325,11,KRSA,0.8633993743482794,4,AGC,PKG,PKG,PRKG2
CAMK1,2.42,13,KRSA,0.8383733055265902,4,CAMK,CAMK1,CAMK1,CAMK1
CAMK1,2.42,13,KRSA,0.8383733055265902,4,CAMK,CAMK1,CAMK1,CAMK1D
CAMK1,2.42,13,KRSA,0.8383733055265902,4,CAMK,CAMK1,CAMK1,CAMK1G
CAMK1,2.42,13,KRSA,0.8383733055265902,4,CAMK,CAMK1,CAMK1,CAMK4
CAMK1,2.42,13,KRSA,0.8383733055265902,4,CAMK,CAMK1,CAMK1,PNCK
BUD32,-1.0008333333333337,38,KRSA,0.5255474452554745,3,OTHER,BUD32,BUD32,TP53RK
ULK,-0.9816666666666668,43,KRSA,0.4629822732012513,2,OTHER,ULK,FUSED,STK36
ULK,-0.9816666666666668,43,KRSA,0.4629822732012513,2,OTHER,ULK,ULK,ULK1
ULK,-0.9816666666666668,43,KRSA,0.4629822732012513,2,OTHER,ULK,ULK,ULK2
ULK,-0.9816666666666668,43,KRSA,0.4629822732012513,2,OTHER,ULK,ULK,ULK3
ULK,-0.9816666666666668,43,KRSA,0.4629822732012513,2,OTHER,ULK,ULK,ULK4
MOS,-0.9858333333333332,40,KRSA,0.5005213764337852,3,OTHER,MOS,MOS,MOS
PKCI,1.35,30,KRSA,0.6256517205422315,3,AGC,PKC,IOTA,PRKCI
PKCI,1.35,30,KRSA,0.6256517205422315,3,AGC,PKC,IOTA,PRKCZ
PRKDC,-1.6583333333333332,21,KRSA,0.7382690302398331,3,ATYPICAL,PIKK,DNAPK,PRKDC
NIK,-0.9866666666666668,39,KRSA,0.5130344108446299,3,STE,STE-UNIQUE,STE-UNIQUE,MAP3K14
CLK,-0.985,41,KRSA,0.4880083420229406,2,CMGC,CLK,CLK,CLK1
CLK,-0.985,41,KRSA,0.4880083420229406,2,CMGC,CLK,CLK,CLK2
CLK,-0.985,41,KRSA,0.4880083420229406,2,CMGC,CLK,CLK,CLK3
CLK,-0.985,41,KRSA,0.4880083420229406,2,CMGC,CLK,CLK,CLK4
MLCK,-0.10666666666666667,77,KRSA,0.03753910323253389,1,CAMK,MLCK,MLCK,MYLK
MLCK,-0.10666666666666667,77,KRSA,0.03753910323253389,1,CAMK,MLCK,MLCK,MYLK2
MLCK,-0.10666666666666667,77,KRSA,0.03753910323253389,1,CAMK,MLCK,MLCK,TTN
WNK,-0.9825,42,KRSA,0.4754953076120959,2,OTHER,WNK,WNK,WNK1
WNK,-0.9825,42,KRSA,0.4754953076120959,2,OTHER,WNK,WNK,WNK2
WNK,-0.9825,42,KRSA,0.4754953076120959,2,OTHER,WNK,WNK,WNK3
WNK,-0.9825,42,KRSA,0.4754953076120959,2,OTHER,WNK,WNK,WNK4
CAMKK,-0.9733333333333334,44,KRSA,0.4504692387904067,2,OTHER,CAMKK,META,CAMKK1
CAMKK,-0.9733333333333334,44,KRSA,0.4504692387904067,2,OTHER,CAMKK,META,CAMKK2
RIPK,0.03416666666666664,79,KRSA,0.01251303441084463,1,TKL,RIPK,RIPK,ANKK1
RIPK,0.03416666666666664,79,KRSA,0.01251303441084463,1,TKL,RIPK,RIPK,RIPK1
RIPK,0.03416666666666664,79,KRSA,0.01251303441084463,1,TKL,RIPK,RIPK,RIPK2
RIPK,0.03416666666666664,79,KRSA,0.01251303441084463,1,TKL,RIPK,RIPK,RIPK3
RIPK,0.03416666666666664,79,KRSA,0.01251303441084463,1,TKL,RIPK,RIPK,RIPK4
BRSK,-0.9716666666666668,45,KRSA,0.43795620437956206,2,CAMK,CAMKL,BRSK,BRSK1
BRSK,-0.9716666666666668,45,KRSA,0.43795620437956206,2,CAMK,CAMKL,BRSK,BRSK2
COT,0.8283333333333334,53,KRSA,0.337851929092805,2,STE,STE-UNIQUE,STE-UNIQUE,MAP3K8
NDR,-0.8791666666666667,49,KRSA,0.38790406673618355,2,AGC,NDR,NDR,LATS1
NDR,-0.8791666666666667,49,KRSA,0.38790406673618355,2,AGC,NDR,NDR,LATS2
NDR,-0.8791666666666667,49,KRSA,0.38790406673618355,2,AGC,NDR,NDR,STK38
NDR,-0.8791666666666667,49,KRSA,0.38790406673618355,2,AGC,NDR,NDR,STK38L
MSN,0.8358333333333333,52,KRSA,0.35036496350364965,2,STE,STE20,MSN,MAP4K4
MSN,0.8358333333333333,52,KRSA,0.35036496350364965,2,STE,STE20,MSN,NRK
MSN,0.8358333333333333,52,KRSA,0.35036496350364965,2,STE,STE20,MSN,TNIK
PKCH,-1.1083333333333334,35,KRSA,0.5630865484880083,3,AGC,PKC,ETA,PRKCE
PKCH,-1.1083333333333334,35,KRSA,0.5630865484880083,3,AGC,PKC,ETA,PRKCH
CK2,-0.2708333333333333,71,KRSA,0.11261730969760167,1,CMGC,CK2,CK2,CSNK2A1
CK2,-0.2708333333333333,71,KRSA,0.11261730969760167,1,CMGC,CK2,CK2,CSNK2A2
CK2,-0.2708333333333333,71,KRSA,0.11261730969760167,1,NA,NA,NA,CSNK2A3
PKD,0.8183333333333334,54,KRSA,0.32533889468196037,2,CAMK,PKD,PKD,PRKD1
PKD,0.8183333333333334,54,KRSA,0.32533889468196037,2,CAMK,PKD,PKD,PRKD2
PKD,0.8183333333333334,54,KRSA,0.32533889468196037,2,CAMK,PKD,PKD,PRKD3
CAMK2,0.17499999999999988,76,KRSA,0.05005213764337852,1,CAMK,CAMK2,CAMK2,CAMK2A
CAMK2,0.17499999999999988,76,KRSA,0.05005213764337852,1,CAMK,CAMK2,CAMK2,CAMK2B
CAMK2,0.17499999999999988,76,KRSA,0.05005213764337852,1,CAMK,CAMK2,CAMK2,CAMK2D
CAMK2,0.17499999999999988,76,KRSA,0.05005213764337852,1,CAMK,CAMK2,CAMK2,CAMK2G
PAKB,0.3141666666666667,69,KRSA,0.13764337851929093,1,STE,STE20,PAKB,PAK4
PAKB,0.3141666666666667,69,KRSA,0.13764337851929093,1,STE,STE20,PAKB,PAK5
PAKB,0.3141666666666667,69,KRSA,0.13764337851929093,1,STE,STE20,PAKB,PAK6
MLK,-0.30583333333333335,70,KRSA,0.1251303441084463,1,TKL,MLK,ILK,ILK
MLK,-0.30583333333333335,70,KRSA,0.1251303441084463,1,TKL,MLK,MLK,MAP3K10
MLK,-0.30583333333333335,70,KRSA,0.1251303441084463,1,TKL,MLK,MLK,MAP3K11
MLK,-0.30583333333333335,70,KRSA,0.1251303441084463,1,TKL,MLK,LZK,MAP3K12
MLK,-0.30583333333333335,70,KRSA,0.1251303441084463,1,TKL,MLK,LZK,MAP3K13
MLK,-0.30583333333333335,70,KRSA,0.1251303441084463,1,TKL,MLK,MLK,MAP3K9
MLK,-0.30583333333333335,70,KRSA,0.1251303441084463,1,TKL,MLK,HH498,TNNI3K
DAPK,-0.7041666666666666,60,KRSA,0.2502606882168926,2,CAMK,DAPK,DAPK,DAPK1
DAPK,-0.7041666666666666,60,KRSA,0.2502606882168926,2,CAMK,DAPK,DAPK,DAPK2
DAPK,-0.7041666666666666,60,KRSA,0.2502606882168926,2,CAMK,DAPK,DAPK,DAPK3
DAPK,-0.7041666666666666,60,KRSA,0.2502606882168926,2,CAMK,DAPK,DRAK,STK17A
DAPK,-0.7041666666666666,60,KRSA,0.2502606882168926,2,CAMK,DAPK,DRAK,STK17B
HAL,0.8066666666666666,55,KRSA,0.31282586027111575,2,RGC,RGC,RGC,NPR1
MELK,-0.73,57,KRSA,0.28779979144942647,2,CAMK,CAMKL,MELK,MELK
TAO,0.4183333333333333,66,KRSA,0.17518248175182483,1,STE,STE20,TAO,TAOK1
TAO,0.4183333333333333,66,KRSA,0.17518248175182483,1,STE,STE20,TAO,TAOK2
TAO,0.4183333333333333,66,KRSA,0.17518248175182483,1,STE,STE20,TAO,TAOK3
PASK,1.1108333333333331,34,KRSA,0.5755995828988529,3,CAMK,CAMKL,PASK,PASK
SLK,0.2241666666666667,74,KRSA,0.07507820646506778,1,STE,STE20,SLK,SLK
SLK,0.2241666666666667,74,KRSA,0.07507820646506778,1,STE,STE20,SLK,STK10
KHS,0.74,56,KRSA,0.30031282586027114,2,STE,STE20,KHS,MAP4K1
KHS,0.74,56,KRSA,0.30031282586027114,2,STE,STE20,KHS,MAP4K2
KHS,0.74,56,KRSA,0.30031282586027114,2,STE,STE20,KHS,MAP4K3
KHS,0.74,56,KRSA,0.30031282586027114,2,STE,STE20,KHS,MAP4K5
PKN,-0.5308333333333334,61,KRSA,0.23774765380604795,1,AGC,PKN,PKN,PKN1
PKN,-0.5308333333333334,61,KRSA,0.23774765380604795,1,AGC,PKN,PKN,PKN2
PKN,-0.5308333333333334,61,KRSA,0.23774765380604795,1,AGC,PKN,PKN,PKN3
NAK,-0.4125,67,KRSA,0.16266944734098018,1,OTHER,NAK,BIKE,AAK1
NAK,-0.4125,67,KRSA,0.16266944734098018,1,OTHER,NAK,BIKE,BMP2K
NAK,-0.4125,67,KRSA,0.16266944734098018,1,OTHER,NAK,GAK,GAK
NAK,-0.4125,67,KRSA,0.16266944734098018,1,OTHER,NAK,MPSK,STK16
AMPK,1.5216666666666667,23,KRSA,0.7132429614181439,3,CAMK,CAMKL,AMPK,PRKAA1
AMPK,1.5216666666666667,23,KRSA,0.7132429614181439,3,CAMK,CAMKL,AMPK,PRKAA2
AUR,-0.2258333333333333,73,KRSA,0.08759124087591241,1,OTHER,AUR,AUR,AURKA
AUR,-0.2258333333333333,73,KRSA,0.08759124087591241,1,OTHER,AUR,AUR,AURKB
AUR,-0.2258333333333333,73,KRSA,0.08759124087591241,1,OTHER,AUR,AUR,AURKC
MAPKAPK,-0.01333333333333335,80,KRSA,0,1,CAMK,MAPKAPK,MAPKAPK,MAPKAPK2
MAPKAPK,-0.01333333333333335,80,KRSA,0,1,CAMK,MAPKAPK,MAPKAPK,MAPKAPK3
MAPKAPK,-0.01333333333333335,80,KRSA,0,1,CAMK,MAPKAPK,MAPKAPK,MAPKAPK5
MAPKAPK,-0.01333333333333335,80,KRSA,0,1,CAMK,MAPKAPK,MNK,MKNK1
MAPKAPK,-0.01333333333333335,80,KRSA,0,1,CAMK,MAPKAPK,MNK,MKNK2
VRK1,-1.055,37,KRSA,0.5380604796663191,3,CK1,VRK,VRK,VRK1
PAKA,0.9066666666666668,48,KRSA,0.40041710114702816,2,STE,STE20,PAKA,PAK1
PAKA,0.9066666666666668,48,KRSA,0.40041710114702816,2,STE,STE20,PAKA,PAK2
PAKA,0.9066666666666668,48,KRSA,0.40041710114702816,2,STE,STE20,PAKA,PAK3
RAD53,1.1583333333333332,33,KRSA,0.5881126173096975,3,CAMK,RAD53,RAD53,CHEK2
RSK,1.31,31,KRSA,0.6131386861313869,3,AGC,RSK,RSK,RPS6KA1
RSK,1.31,31,KRSA,0.6131386861313869,3,AGC,RSK,RSK,RPS6KA2
RSK,1.31,31,KRSA,0.6131386861313869,3,AGC,RSK,RSK,RPS6KA3
RSK,1.31,31,KRSA,0.6131386861313869,3,AGC,RSK,MSK,RPS6KA4
RSK,1.31,31,KRSA,0.6131386861313869,3,AGC,RSK,MSK,RPS6KA5
RSK,1.31,31,KRSA,0.6131386861313869,3,AGC,RSK,RSK,RPS6KA6
RSK,1.31,31,KRSA,0.6131386861313869,3,AGC,RSK,P70,RPS6KB1
RSK,1.31,31,KRSA,0.6131386861313869,3,AGC,RSK,P70,RPS6KB2
GRK,0.2308333333333333,72,KRSA,0.10010427528675704,1,AGC,GRK,GRK,GRK1
GRK,0.2308333333333333,72,KRSA,0.10010427528675704,1,AGC,GRK,GRK,GRK4
GRK,0.2308333333333333,72,KRSA,0.10010427528675704,1,AGC,GRK,GRK,GRK5
GRK,0.2308333333333333,72,KRSA,0.10010427528675704,1,AGC,GRK,GRK,GRK6
GRK,0.2308333333333333,72,KRSA,0.10010427528675704,1,AGC,GRK,GRK,GRK7
BARK2,-0.4991666666666667,62,KRSA,0.22523461939520334,1,AGC,GRK,BARK,GRK3
PKCD,0.855,51,KRSA,0.36287799791449427,2,AGC,PKC,DELTA,PRKCD
PKCD,0.855,51,KRSA,0.36287799791449427,2,AGC,PKC,DELTA,PRKCQ
AKT,0.17583333333333334,75,KRSA,0.06256517205422316,1,AGC,AKT,AKT,AKT1
AKT,0.17583333333333334,75,KRSA,0.06256517205422316,1,AGC,AKT,AKT,AKT2
AKT,0.17583333333333334,75,KRSA,0.06256517205422316,1,AGC,AKT,AKT,AKT3
CHK1,0.42583333333333334,65,KRSA,0.18769551616266944,1,CAMK,CAMKL,CHK1,CHEK1
STKR,0.435,64,KRSA,0.20020855057351408,1,TKL,STKR,TYPE1,ACVR1
STKR,0.435,64,KRSA,0.20020855057351408,1,TKL,STKR,TYPE1,ACVR1B
STKR,0.435,64,KRSA,0.20020855057351408,1,TKL,STKR,TYPE1,ACVR1C
STKR,0.435,64,KRSA,0.20020855057351408,1,TKL,STKR,TYPE2,ACVR2A
STKR,0.435,64,KRSA,0.20020855057351408,1,TKL,STKR,TYPE2,ACVR2B
STKR,0.435,64,KRSA,0.20020855057351408,1,TKL,STKR,TYPE1,ACVRL1
STKR,0.435,64,KRSA,0.20020855057351408,1,TKL,STKR,TYPE2,AMHR2
STKR,0.435,64,KRSA,0.20020855057351408,1,TKL,STKR,TYPE1,BMPR1A
STKR,0.435,64,KRSA,0.20020855057351408,1,TKL,STKR,TYPE1,BMPR1B
STKR,0.435,64,KRSA,0.20020855057351408,1,TKL,STKR,TYPE2,BMPR2
STKR,0.435,64,KRSA,0.20020855057351408,1,TKL,STKR,TYPE1,TGFBR1
STKR,0.435,64,KRSA,0.20020855057351408,1,TKL,STKR,TYPE2,TGFBR2
PIM,0.7175,58,KRSA,0.27528675703858185,2,CAMK,PIM,PIM,PIM1
PIM,0.7175,58,KRSA,0.27528675703858185,2,CAMK,PIM,PIM,PIM2
PIM,0.7175,58,KRSA,0.27528675703858185,2,CAMK,PIM,PIM,PIM3
PEK,-4.005833333333333,4,KRSA,0.9509906152241918,4,OTHER,PEK,HRI,EIF2AK1
PEK,-4.005833333333333,4,KRSA,0.9509906152241918,4,OTHER,PEK,PKR,EIF2AK2
PEK,-4.005833333333333,4,KRSA,0.9509906152241918,4,OTHER,PEK,PEK,EIF2AK3
PEK,-4.005833333333333,4,KRSA,0.9509906152241918,4,OTHER,PEK,GCN2,EIF2AK4
PKCA,-3.586666666666667,7,KRSA,0.913451511991658,4,AGC,PKC,ALPHA,PRKCA
PKCA,-3.586666666666667,7,KRSA,0.913451511991658,4,AGC,PKC,ALPHA,PRKCB
PKCA,-3.586666666666667,7,KRSA,0.913451511991658,4,AGC,PKC,ALPHA,PRKCG
CDK,-4.479166666666667,3,KRSA,0.9635036496350365,4,CMGC,CDK,CDC2,CDK1
CDK,-4.479166666666667,3,KRSA,0.9635036496350365,4,CMGC,CDK,CDK10,CDK10
CDK,-4.479166666666667,3,KRSA,0.9635036496350365,4,CMGC,CDK,CRK7,CDK12
CDK,-4.479166666666667,3,KRSA,0.9635036496350365,4,CMGC,CDK,CRK7,CDK13
CDK,-4.479166666666667,3,KRSA,0.9635036496350365,4,CMGC,CDK,PFTAIRE,CDK14
CDK,-4.479166666666667,3,KRSA,0.9635036496350365,4,CMGC,CDK,PFTAIRE,CDK15
CDK,-4.479166666666667,3,KRSA,0.9635036496350365,4,CMGC,CDK,PCTAIRE,CDK16
CDK,-4.479166666666667,3,KRSA,0.9635036496350365,4,CMGC,CDK,PCTAIRE,CDK17
CDK,-4.479166666666667,3,KRSA,0.9635036496350365,4,CMGC,CDK,PCTAIRE,CDK18
CDK,-4.479166666666667,3,KRSA,0.9635036496350365,4,CMGC,CDK,CDK8,CDK19
CDK,-4.479166666666667,3,KRSA,0.9635036496350365,4,CMGC,CDK,CDC2,CDK2
CDK,-4.479166666666667,3,KRSA,0.9635036496350365,4,CMGC,CDK,CCRK,CDK20
CDK,-4.479166666666667,3,KRSA,0.9635036496350365,4,CMGC,CDK,CDC2,CDK3
CDK,-4.479166666666667,3,KRSA,0.9635036496350365,4,CMGC,CDK,CDK4,CDK4
CDK,-4.479166666666667,3,KRSA,0.9635036496350365,4,CMGC,CDK,CDK5,CDK5
CDK,-4.479166666666667,3,KRSA,0.9635036496350365,4,CMGC,CDK,CDK4,CDK6
CDK,-4.479166666666667,3,KRSA,0.9635036496350365,4,CMGC,CDK,CDK7,CDK7
CDK,-4.479166666666667,3,KRSA,0.9635036496350365,4,CMGC,CDK,CDK8,CDK8
CDK,-4.479166666666667,3,KRSA,0.9635036496350365,4,CMGC,CDK,CDK9,CDK9
CDK,-4.479166666666667,3,KRSA,0.9635036496350365,4,NA,NA,NA,CDK11A
CDK,-4.479166666666667,3,KRSA,0.9635036496350365,4,NA,NA,NA,CDK11B
ERK,-4.84,1,KRSA,0.9885297184567258,4,CMGC,MAPK,ERK1,MAPK1
ERK,-4.84,1,KRSA,0.9885297184567258,4,CMGC,MAPK,ERK7,MAPK15
ERK,-4.84,1,KRSA,0.9885297184567258,4,CMGC,MAPK,ERK1,MAPK3
ERK,-4.84,1,KRSA,0.9885297184567258,4,CMGC,MAPK,ERK3,MAPK4
ERK,-4.84,1,KRSA,0.9885297184567258,4,CMGC,MAPK,ERK3,MAPK6
ERK,-4.84,1,KRSA,0.9885297184567258,4,CMGC,MAPK,ERK5,MAPK7
DYRK,-4.504166666666666,2,KRSA,0.9760166840458812,4,CMGC,DYRK,DYRK1,DYRK1A
DYRK,-4.504166666666666,2,KRSA,0.9760166840458812,4,CMGC,DYRK,DYRK1,DYRK1B
DYRK,-4.504166666666666,2,KRSA,0.9760166840458812,4,CMGC,DYRK,DYRK2,DYRK2
DYRK,-4.504166666666666,2,KRSA,0.9760166840458812,4,CMGC,DYRK,DYRK2,DYRK3
DYRK,-4.504166666666666,2,KRSA,0.9760166840458812,4,CMGC,DYRK,DYRK2,DYRK4
DYRK,-4.504166666666666,2,KRSA,0.9760166840458812,4,CMGC,DYRK,HIPK,HIPK1
DYRK,-4.504166666666666,2,KRSA,0.9760166840458812,4,CMGC,DYRK,HIPK,HIPK2
DYRK,-4.504166666666666,2,KRSA,0.9760166840458812,4,CMGC,DYRK,HIPK,HIPK3
DYRK,-4.504166666666666,2,KRSA,0.9760166840458812,4,CMGC,DYRK,HIPK,HIPK4
DYRK,-4.504166666666666,2,KRSA,0.9760166840458812,4,CMGC,DYRK,PRP4,PRPF4B
NMO,-2.9541666666666666,10,KRSA,0.8759124087591241,4,CMGC,MAPK,NMO,NLK
PDK1,-3.799166666666667,5,KRSA,0.9384775808133472,4,ATYPICAL,PDHK,PDHK,PDK1
PDK1,-3.799166666666667,5,KRSA,0.9384775808133472,4,AGC,PDK1,PDK1,PDPK1
JNK,-3.61,6,KRSA,0.9259645464025026,4,CMGC,MAPK,JNK,MAPK10
JNK,-3.61,6,KRSA,0.9259645464025026,4,CMGC,MAPK,JNK,MAPK8
JNK,-3.61,6,KRSA,0.9259645464025026,4,CMGC,MAPK,JNK,MAPK9
PLK,-3.158333333333333,8,KRSA,0.9009384775808134,4,NA,NA,NA,PLK5
PLK,-3.158333333333333,8,KRSA,0.9009384775808134,4,OTHER,PLK,PLK1,PLK1
PLK,-3.158333333333333,8,KRSA,0.9009384775808134,4,OTHER,PLK,PLK2,PLK2
PLK,-3.158333333333333,8,KRSA,0.9009384775808134,4,OTHER,PLK,PLK2,PLK3
PLK,-3.158333333333333,8,KRSA,0.9009384775808134,4,OTHER,PLK,SAK,PLK4
STE7,-2.35,14,KRSA,0.8258602711157456,4,STE,STE7,MEK1,MAP2K1
STE7,-2.35,14,KRSA,0.8258602711157456,4,STE,STE7,MEK1,MAP2K2
STE7,-2.35,14,KRSA,0.8258602711157456,4,STE,STE7,MEK3,MAP2K3
STE7,-2.35,14,KRSA,0.8258602711157456,4,STE,STE7,MEK4,MAP2K4
STE7,-2.35,14,KRSA,0.8258602711157456,4,STE,STE7,MEK5,MAP2K5
STE7,-2.35,14,KRSA,0.8258602711157456,4,STE,STE7,MEK3,MAP2K6
STE7,-2.35,14,KRSA,0.8258602711157456,4,STE,STE7,MEK7,MAP2K7
CK1,-1.9408333333333336,17,KRSA,0.7883211678832117,4,CK1,CK1,CK1-A,CSNK1A1
CK1,-1.9408333333333336,17,KRSA,0.7883211678832117,4,CK1,CK1,CK1-A,CSNK1A1L
CK1,-1.9408333333333336,17,KRSA,0.7883211678832117,4,CK1,CK1,CK1-D,CSNK1D
CK1,-1.9408333333333336,17,KRSA,0.7883211678832117,4,CK1,CK1,CK1-D,CSNK1E
CK1,-1.9408333333333336,17,KRSA,0.7883211678832117,4,CK1,CK1,CK1-G,CSNK1G1
CK1,-1.9408333333333336,17,KRSA,0.7883211678832117,4,CK1,CK1,CK1-G,CSNK1G2
CK1,-1.9408333333333336,17,KRSA,0.7883211678832117,4,CK1,CK1,CK1-G,CSNK1G3
CK1,-1.9408333333333336,17,KRSA,0.7883211678832117,4,CK1,TTBK,TTBK,TTBK1
CK1,-1.9408333333333336,17,KRSA,0.7883211678832117,4,CK1,TTBK,TTBK,TTBK2
CK1,-1.9408333333333336,17,KRSA,0.7883211678832117,4,CK1,VRK,VRK,VRK3
IKK,-1.3708333333333331,29,KRSA,0.6381647549530761,3,OTHER,IKK,IKK,CHUK
IKK,-1.3708333333333331,29,KRSA,0.6381647549530761,3,OTHER,IKK,IKK,IKBKB
IKK,-1.3708333333333331,29,KRSA,0.6381647549530761,3,OTHER,IKK,IKK,IKBKE
IKK,-1.3708333333333331,29,KRSA,0.6381647549530761,3,OTHER,IKK,IKK,TBK1
P38,-3.0483333333333333,9,KRSA,0.8884254431699687,4,CMGC,MAPK,P38,MAPK11
P38,-3.0483333333333333,9,KRSA,0.8884254431699687,4,CMGC,MAPK,P38,MAPK12
P38,-3.0483333333333333,9,KRSA,0.8884254431699687,4,CMGC,MAPK,P38,MAPK13
P38,-3.0483333333333333,9,KRSA,0.8884254431699687,4,CMGC,MAPK,P38,MAPK14
PHK,-1.475,25,KRSA,0.6882168925964547,3,CAMK,PHK,PHK,PHKG1
PHK,-1.475,25,KRSA,0.6882168925964547,3,CAMK,PHK,PHK,PHKG2
LKB,-1.9766666666666663,16,KRSA,0.8008342022940563,4,CAMK,CAMKL,LKB,STK11
DMPK,-0.7166666666666667,59,KRSA,0.26277372262773724,2,AGC,DMPK,GEK,CDC42BPA
DMPK,-0.7166666666666667,59,KRSA,0.26277372262773724,2,AGC,DMPK,GEK,CDC42BPB
DMPK,-0.7166666666666667,59,KRSA,0.26277372262773724,2,AGC,DMPK,GEK,CDC42BPG
DMPK,-0.7166666666666667,59,KRSA,0.26277372262773724,2,AGC,DMPK,CRIK,CIT
DMPK,-0.7166666666666667,59,KRSA,0.26277372262773724,2,AGC,DMPK,GEK,DMPK
DMPK,-0.7166666666666667,59,KRSA,0.26277372262773724,2,AGC,DMPK,ROCK,ROCK1
DMPK,-0.7166666666666667,59,KRSA,0.26277372262773724,2,AGC,DMPK,ROCK,ROCK2
QIK,-1.5683333333333334,22,KRSA,0.7257559958289885,3,CAMK,CAMKL,QIK,SIK1
QIK,-1.5683333333333334,22,KRSA,0.7257559958289885,3,CAMK,CAMKL,QIK,SIK2
PKA,2.8908333333333336,12,KRSA,0.8508863399374348,4,AGC,PKA,PKA,PRKACA
PKA,2.8908333333333336,12,KRSA,0.8508863399374348,4,AGC,PKA,PKA,PRKACB
PKA,2.8908333333333336,12,KRSA,0.8508863399374348,4,AGC,PKA,PKA,PRKACG
PKA,2.8908333333333336,12,KRSA,0.8508863399374348,4,AGC,PKA,PKA,PRKX
PKA,2.8908333333333336,12,KRSA,0.8508863399374348,4,AGC,PKA,PKA,PRKY
GSK,-1.225,32,KRSA,0.6006256517205423,3,CMGC,GSK,GSK,GSK3A
GSK,-1.225,32,KRSA,0.6006256517205423,3,CMGC,GSK,GSK,GSK3B
NUAK,-1.3833333333333333,28,KRSA,0.6506777893639207,3,CAMK,CAMKL,NUAK,NUAK1
NUAK,-1.3833333333333333,28,KRSA,0.6506777893639207,3,CAMK,CAMKL,NUAK,NUAK2
TTK,-1.4016666666666666,26,KRSA,0.67570385818561,3,OTHER,TTK,TTK,TTK
TLK,-1.395,27,KRSA,0.6631908237747653,3,OTHER,TLK,TLK,TLK1
TLK,-1.395,27,KRSA,0.6631908237747653,3,OTHER,TLK,TLK,TLK2
STE11,-0.9316666666666666,46,KRSA,0.4254431699687174,2,TKL,MLK,TAK1,MAP3K7
STE11,-0.9316666666666666,46,KRSA,0.4254431699687174,2,STE,STE11,MEKK1,MAP3K1
STE11,-0.9316666666666666,46,KRSA,0.4254431699687174,2,STE,STE11,ASK,MAP3K15
STE11,-0.9316666666666666,46,KRSA,0.4254431699687174,2,STE,STE11,MEKK2,MAP3K2
STE11,-0.9316666666666666,46,KRSA,0.4254431699687174,2,STE,STE11,MEKK2,MAP3K3
STE11,-0.9316666666666666,46,KRSA,0.4254431699687174,2,STE,STE11,MEKK4,MAP3K4
STE11,-0.9316666666666666,46,KRSA,0.4254431699687174,2,STE,STE11,ASK,MAP3K5
STE11,-0.9316666666666666,46,KRSA,0.4254431699687174,2,STE,STE11,ASK,MAP3K6
MTOR,-1.7858333333333334,20,KRSA,0.7507820646506778,4,ATYPICAL,PIKK,FRAP,MTOR
MST,-2.091666666666667,15,KRSA,0.8133472367049009,4,STE,STE20,MST,STK3
MST,-2.091666666666667,15,KRSA,0.8133472367049009,4,STE,STE20,MST,STK4
CAMK1,2.42,13,KRSA,0.8383733055265902,4,CAMK,CAMK1,CAMK1,CAMK1
CAMK1,2.42,13,KRSA,0.8383733055265902,4,CAMK,CAMK1,CAMK1,CAMK1D
CAMK1,2.42,13,KRSA,0.8383733055265902,4,CAMK,CAMK1,CAMK1,CAMK1G
CAMK1,2.42,13,KRSA,0.8383733055265902,4,CAMK,CAMK1,CAMK1,CAMK4
CAMK1,2.42,13,KRSA,0.8383733055265902,4,CAMK,CAMK1,CAMK1,PNCK
PDHK,-0.08999999999999997,78,KRSA,0.02502606882168926,1,ATYPICAL,PDHK,BCKDK,BCKDK
PDHK,-0.08999999999999997,78,KRSA,0.02502606882168926,1,ATYPICAL,PDHK,PDHK,PDK2
PDHK,-0.08999999999999997,78,KRSA,0.02502606882168926,1,ATYPICAL,PDHK,PDHK,PDK3
PDHK,-0.08999999999999997,78,KRSA,0.02502606882168926,1,ATYPICAL,PDHK,PDHK,PDK4
ATM,-0.9233333333333332,47,KRSA,0.4129301355578728,2,ATYPICAL,PIKK,ATM,ATM
FRAY,-1.4875,24,KRSA,0.7007299270072993,3,STE,STE20,FRAY,OXSR1
FRAY,-1.4875,24,KRSA,0.7007299270072993,3,STE,STE20,FRAY,STK39
ATR,-1.7983333333333331,19,KRSA,0.7632950990615224,4,ATYPICAL,PIKK,ATR,ATR
NEK,-1.0699999999999998,36,KRSA,0.5505735140771637,3,OTHER,NEK,NEK11,NEK11
NEK,-1.0699999999999998,36,KRSA,0.5505735140771637,3,OTHER,NEK,NEK2,NEK2
NEK,-1.0699999999999998,36,KRSA,0.5505735140771637,3,OTHER,NEK,NEK1,NEK3
NEK,-1.0699999999999998,36,KRSA,0.5505735140771637,3,OTHER,NEK,NEK4,NEK4
NEK,-1.0699999999999998,36,KRSA,0.5505735140771637,3,OTHER,NEK,NEK1,NEK5
NEK,-1.0699999999999998,36,KRSA,0.5505735140771637,3,OTHER,NEK,NEK6,NEK6
NEK,-1.0699999999999998,36,KRSA,0.5505735140771637,3,OTHER,NEK,NEK6,NEK7
NEK,-1.0699999999999998,36,KRSA,0.5505735140771637,3,OTHER,NEK,NEK8,NEK8
NEK,-1.0699999999999998,36,KRSA,0.5505735140771637,3,OTHER,NEK,NEK8,NEK9
PKG,2.9325,11,KRSA,0.8633993743482794,4,AGC,PKG,PKG,PRKG1
PKG,2.9325,11,KRSA,0.8633993743482794,4,AGC,PKG,PKG,PRKG2
PKCH,-1.1083333333333334,35,KRSA,0.5630865484880083,3,AGC,PKC,ETA,PRKCE
PKCH,-1.1083333333333334,35,KRSA,0.5630865484880083,3,AGC,PKC,ETA,PRKCH
COT,0.8283333333333334,53,KRSA,0.337851929092805,2,STE,STE-UNIQUE,STE-UNIQUE,MAP3K8
RAF,-1.9108333333333336,18,KRSA,0.7758081334723671,4,TKL,RAF,RAF,ARAF
RAF,-1.9108333333333336,18,KRSA,0.7758081334723671,4,TKL,RAF,RAF,BRAF
RAF,-1.9108333333333336,18,KRSA,0.7758081334723671,4,TKL,RAF,KSR,KSR1
RAF,-1.9108333333333336,18,KRSA,0.7758081334723671,4,TKL,RAF,KSR,KSR2
RAF,-1.9108333333333336,18,KRSA,0.7758081334723671,4,TKL,RAF,RAF,RAF1
RIPK,0.03416666666666664,79,KRSA,0.01251303441084463,1,TKL,RIPK,RIPK,ANKK1
RIPK,0.03416666666666664,79,KRSA,0.01251303441084463,1,TKL,RIPK,RIPK,RIPK1
RIPK,0.03416666666666664,79,KRSA,0.01251303441084463,1,TKL,RIPK,RIPK,RIPK2
RIPK,0.03416666666666664,79,KRSA,0.01251303441084463,1,TKL,RIPK,RIPK,RIPK3
RIPK,0.03416666666666664,79,KRSA,0.01251303441084463,1,TKL,RIPK,RIPK,RIPK4
IRAK,-0.44166666666666665,63,KRSA,0.2127215849843587,1,TKL,IRAK,IRAK,IRAK1
IRAK,-0.44166666666666665,63,KRSA,0.2127215849843587,1,TKL,IRAK,IRAK,IRAK2
IRAK,-0.44166666666666665,63,KRSA,0.2127215849843587,1,TKL,IRAK,IRAK,IRAK3
IRAK,-0.44166666666666665,63,KRSA,0.2127215849843587,1,TKL,IRAK,IRAK,IRAK4
SGK,0.8658333333333333,50,KRSA,0.3753910323253389,2,AGC,SGK,SGK,SGK1
SGK,0.8658333333333333,50,KRSA,0.3753910323253389,2,AGC,SGK,SGK,SGK2
SGK,0.8658333333333333,50,KRSA,0.3753910323253389,2,AGC,SGK,SGK,SGK3
BUD32,-1.0008333333333337,38,KRSA,0.5255474452554745,3,OTHER,BUD32,BUD32,TP53RK
NIK,-0.9866666666666668,39,KRSA,0.5130344108446299,3,STE,STE-UNIQUE,STE-UNIQUE,MAP3K14
MOS,-0.9858333333333332,40,KRSA,0.5005213764337852,3,OTHER,MOS,MOS,MOS
CLK,-0.985,41,KRSA,0.4880083420229406,2,CMGC,CLK,CLK,CLK1
CLK,-0.985,41,KRSA,0.4880083420229406,2,CMGC,CLK,CLK,CLK2
CLK,-0.985,41,KRSA,0.4880083420229406,2,CMGC,CLK,CLK,CLK3
CLK,-0.985,41,KRSA,0.4880083420229406,2,CMGC,CLK,CLK,CLK4
BRSK,-0.9716666666666668,45,KRSA,0.43795620437956206,2,CAMK,CAMKL,BRSK,BRSK1
BRSK,-0.9716666666666668,45,KRSA,0.43795620437956206,2,CAMK,CAMKL,BRSK,BRSK2
CAMK2,0.17499999999999988,76,KRSA,0.05005213764337852,1,CAMK,CAMK2,CAMK2,CAMK2A
CAMK2,0.17499999999999988,76,KRSA,0.05005213764337852,1,CAMK,CAMK2,CAMK2,CAMK2B
CAMK2,0.17499999999999988,76,KRSA,0.05005213764337852,1,CAMK,CAMK2,CAMK2,CAMK2D
CAMK2,0.17499999999999988,76,KRSA,0.05005213764337852,1,CAMK,CAMK2,CAMK2,CAMK2G
WNK,-0.9825,42,KRSA,0.4754953076120959,2,OTHER,WNK,WNK,WNK1
WNK,-0.9825,42,KRSA,0.4754953076120959,2,OTHER,WNK,WNK,WNK2
WNK,-0.9825,42,KRSA,0.4754953076120959,2,OTHER,WNK,WNK,WNK3
WNK,-0.9825,42,KRSA,0.4754953076120959,2,OTHER,WNK,WNK,WNK4
MSN,0.8358333333333333,52,KRSA,0.35036496350364965,2,STE,STE20,MSN,MAP4K4
MSN,0.8358333333333333,52,KRSA,0.35036496350364965,2,STE,STE20,MSN,NRK
MSN,0.8358333333333333,52,KRSA,0.35036496350364965,2,STE,STE20,MSN,TNIK
ULK,-0.9816666666666668,43,KRSA,0.4629822732012513,2,OTHER,ULK,FUSED,STK36
ULK,-0.9816666666666668,43,KRSA,0.4629822732012513,2,OTHER,ULK,ULK,ULK1
ULK,-0.9816666666666668,43,KRSA,0.4629822732012513,2,OTHER,ULK,ULK,ULK2
ULK,-0.9816666666666668,43,KRSA,0.4629822732012513,2,OTHER,ULK,ULK,ULK3
ULK,-0.9816666666666668,43,KRSA,0.4629822732012513,2,OTHER,ULK,ULK,ULK4
PRKDC,-1.6583333333333332,21,KRSA,0.7382690302398331,3,ATYPICAL,PIKK,DNAPK,PRKDC
CAMKK,-0.9733333333333334,44,KRSA,0.4504692387904067,2,OTHER,CAMKK,META,CAMKK1
CAMKK,-0.9733333333333334,44,KRSA,0.4504692387904067,2,OTHER,CAMKK,META,CAMKK2
PKD,0.8183333333333334,54,KRSA,0.32533889468196037,2,CAMK,PKD,PKD,PRKD1
PKD,0.8183333333333334,54,KRSA,0.32533889468196037,2,CAMK,PKD,PKD,PRKD2
PKD,0.8183333333333334,54,KRSA,0.32533889468196037,2,CAMK,PKD,PKD,PRKD3
NDR,-0.8791666666666667,49,KRSA,0.38790406673618355,2,AGC,NDR,NDR,LATS1
NDR,-0.8791666666666667,49,KRSA,0.38790406673618355,2,AGC,NDR,NDR,LATS2
NDR,-0.8791666666666667,49,KRSA,0.38790406673618355,2,AGC,NDR,NDR,STK38
NDR,-0.8791666666666667,49,KRSA,0.38790406673618355,2,AGC,NDR,NDR,STK38L
CK2,-0.2708333333333333,71,KRSA,0.11261730969760167,1,CMGC,CK2,CK2,CSNK2A1
CK2,-0.2708333333333333,71,KRSA,0.11261730969760167,1,CMGC,CK2,CK2,CSNK2A2
CK2,-0.2708333333333333,71,KRSA,0.11261730969760167,1,NA,NA,NA,CSNK2A3
PKCI,1.35,30,KRSA,0.6256517205422315,3,AGC,PKC,IOTA,PRKCI
PKCI,1.35,30,KRSA,0.6256517205422315,3,AGC,PKC,IOTA,PRKCZ
PAKB,0.3141666666666667,69,KRSA,0.13764337851929093,1,STE,STE20,PAKB,PAK4
PAKB,0.3141666666666667,69,KRSA,0.13764337851929093,1,STE,STE20,PAKB,PAK5
PAKB,0.3141666666666667,69,KRSA,0.13764337851929093,1,STE,STE20,PAKB,PAK6
HAL,0.8066666666666666,55,KRSA,0.31282586027111575,2,RGC,RGC,RGC,NPR1
MELK,-0.73,57,KRSA,0.28779979144942647,2,CAMK,CAMKL,MELK,MELK
MAPKAPK,-0.01333333333333335,80,KRSA,0,1,CAMK,MAPKAPK,MAPKAPK,MAPKAPK2
MAPKAPK,-0.01333333333333335,80,KRSA,0,1,CAMK,MAPKAPK,MAPKAPK,MAPKAPK3
MAPKAPK,-0.01333333333333335,80,KRSA,0,1,CAMK,MAPKAPK,MAPKAPK,MAPKAPK5
MAPKAPK,-0.01333333333333335,80,KRSA,0,1,CAMK,MAPKAPK,MNK,MKNK1
MAPKAPK,-0.01333333333333335,80,KRSA,0,1,CAMK,MAPKAPK,MNK,MKNK2
AMPK,1.5216666666666667,23,KRSA,0.7132429614181439,3,CAMK,CAMKL,AMPK,PRKAA1
AMPK,1.5216666666666667,23,KRSA,0.7132429614181439,3,CAMK,CAMKL,AMPK,PRKAA2
TAO,0.4183333333333333,66,KRSA,0.17518248175182483,1,STE,STE20,TAO,TAOK1
TAO,0.4183333333333333,66,KRSA,0.17518248175182483,1,STE,STE20,TAO,TAOK2
TAO,0.4183333333333333,66,KRSA,0.17518248175182483,1,STE,STE20,TAO,TAOK3
MLK,-0.30583333333333335,70,KRSA,0.1251303441084463,1,TKL,MLK,ILK,ILK
MLK,-0.30583333333333335,70,KRSA,0.1251303441084463,1,TKL,MLK,MLK,MAP3K10
MLK,-0.30583333333333335,70,KRSA,0.1251303441084463,1,TKL,MLK,MLK,MAP3K11
MLK,-0.30583333333333335,70,KRSA,0.1251303441084463,1,TKL,MLK,LZK,MAP3K12
MLK,-0.30583333333333335,70,KRSA,0.1251303441084463,1,TKL,MLK,LZK,MAP3K13
MLK,-0.30583333333333335,70,KRSA,0.1251303441084463,1,TKL,MLK,MLK,MAP3K9
MLK,-0.30583333333333335,70,KRSA,0.1251303441084463,1,TKL,MLK,HH498,TNNI3K
SLK,0.2241666666666667,74,KRSA,0.07507820646506778,1,STE,STE20,SLK,SLK
SLK,0.2241666666666667,74,KRSA,0.07507820646506778,1,STE,STE20,SLK,STK10
KHS,0.74,56,KRSA,0.30031282586027114,2,STE,STE20,KHS,MAP4K1
KHS,0.74,56,KRSA,0.30031282586027114,2,STE,STE20,KHS,MAP4K2
KHS,0.74,56,KRSA,0.30031282586027114,2,STE,STE20,KHS,MAP4K3
KHS,0.74,56,KRSA,0.30031282586027114,2,STE,STE20,KHS,MAP4K5
PASK,1.1108333333333331,34,KRSA,0.5755995828988529,3,CAMK,CAMKL,PASK,PASK
RAD53,1.1583333333333332,33,KRSA,0.5881126173096975,3,CAMK,RAD53,RAD53,CHEK2
DAPK,-0.7041666666666666,60,KRSA,0.2502606882168926,2,CAMK,DAPK,DAPK,DAPK1
DAPK,-0.7041666666666666,60,KRSA,0.2502606882168926,2,CAMK,DAPK,DAPK,DAPK2
DAPK,-0.7041666666666666,60,KRSA,0.2502606882168926,2,CAMK,DAPK,DAPK,DAPK3
DAPK,-0.7041666666666666,60,KRSA,0.2502606882168926,2,CAMK,DAPK,DRAK,STK17A
DAPK,-0.7041666666666666,60,KRSA,0.2502606882168926,2,CAMK,DAPK,DRAK,STK17B
MLCK,-0.10666666666666667,77,KRSA,0.03753910323253389,1,CAMK,MLCK,MLCK,MYLK
MLCK,-0.10666666666666667,77,KRSA,0.03753910323253389,1,CAMK,MLCK,MLCK,MYLK2
MLCK,-0.10666666666666667,77,KRSA,0.03753910323253389,1,CAMK,MLCK,MLCK,TTN
PKN,-0.5308333333333334,61,KRSA,0.23774765380604795,1,AGC,PKN,PKN,PKN1
PKN,-0.5308333333333334,61,KRSA,0.23774765380604795,1,AGC,PKN,PKN,PKN2
PKN,-0.5308333333333334,61,KRSA,0.23774765380604795,1,AGC,PKN,PKN,PKN3
NAK,-0.4125,67,KRSA,0.16266944734098018,1,OTHER,NAK,BIKE,AAK1
NAK,-0.4125,67,KRSA,0.16266944734098018,1,OTHER,NAK,BIKE,BMP2K
NAK,-0.4125,67,KRSA,0.16266944734098018,1,OTHER,NAK,GAK,GAK
NAK,-0.4125,67,KRSA,0.16266944734098018,1,OTHER,NAK,MPSK,STK16
VRK1,-1.055,37,KRSA,0.5380604796663191,3,CK1,VRK,VRK,VRK1
AUR,-0.2258333333333333,73,KRSA,0.08759124087591241,1,OTHER,AUR,AUR,AURKA
AUR,-0.2258333333333333,73,KRSA,0.08759124087591241,1,OTHER,AUR,AUR,AURKB
AUR,-0.2258333333333333,73,KRSA,0.08759124087591241,1,OTHER,AUR,AUR,AURKC
AKT,0.17583333333333334,75,KRSA,0.06256517205422316,1,AGC,AKT,AKT,AKT1
AKT,0.17583333333333334,75,KRSA,0.06256517205422316,1,AGC,AKT,AKT,AKT2
AKT,0.17583333333333334,75,KRSA,0.06256517205422316,1,AGC,AKT,AKT,AKT3
RSK,1.31,31,KRSA,0.6131386861313869,3,AGC,RSK,RSK,RPS6KA1
RSK,1.31,31,KRSA,0.6131386861313869,3,AGC,RSK,RSK,RPS6KA2
RSK,1.31,31,KRSA,0.6131386861313869,3,AGC,RSK,RSK,RPS6KA3
RSK,1.31,31,KRSA,0.6131386861313869,3,AGC,RSK,MSK,RPS6KA4
RSK,1.31,31,KRSA,0.6131386861313869,3,AGC,RSK,MSK,RPS6KA5
RSK,1.31,31,KRSA,0.6131386861313869,3,AGC,RSK,RSK,RPS6KA6
RSK,1.31,31,KRSA,0.6131386861313869,3,AGC,RSK,P70,RPS6KB1
RSK,1.31,31,KRSA,0.6131386861313869,3,AGC,RSK,P70,RPS6KB2
PAKA,0.9066666666666668,48,KRSA,0.40041710114702816,2,STE,STE20,PAKA,PAK1
PAKA,0.9066666666666668,48,KRSA,0.40041710114702816,2,STE,STE20,PAKA,PAK2
PAKA,0.9066666666666668,48,KRSA,0.40041710114702816,2,STE,STE20,PAKA,PAK3
STKR,0.435,64,KRSA,0.20020855057351408,1,TKL,STKR,TYPE1,ACVR1
STKR,0.435,64,KRSA,0.20020855057351408,1,TKL,STKR,TYPE1,ACVR1B
STKR,0.435,64,KRSA,0.20020855057351408,1,TKL,STKR,TYPE1,ACVR1C
STKR,0.435,64,KRSA,0.20020855057351408,1,TKL,STKR,TYPE2,ACVR2A
STKR,0.435,64,KRSA,0.20020855057351408,1,TKL,STKR,TYPE2,ACVR2B
STKR,0.435,64,KRSA,0.20020855057351408,1,TKL,STKR,TYPE1,ACVRL1
STKR,0.435,64,KRSA,0.20020855057351408,1,TKL,STKR,TYPE2,AMHR2
STKR,0.435,64,KRSA,0.20020855057351408,1,TKL,STKR,TYPE1,BMPR1A
STKR,0.435,64,KRSA,0.20020855057351408,1,TKL,STKR,TYPE1,BMPR1B
STKR,0.435,64,KRSA,0.20020855057351408,1,TKL,STKR,TYPE2,BMPR2
STKR,0.435,64,KRSA,0.20020855057351408,1,TKL,STKR,TYPE1,TGFBR1
STKR,0.435,64,KRSA,0.20020855057351408,1,TKL,STKR,TYPE2,TGFBR2
PIM,0.7175,58,KRSA,0.27528675703858185,2,CAMK,PIM,PIM,PIM1
PIM,0.7175,58,KRSA,0.27528675703858185,2,CAMK,PIM,PIM,PIM2
PIM,0.7175,58,KRSA,0.27528675703858185,2,CAMK,PIM,PIM,PIM3
CHK1,0.42583333333333334,65,KRSA,0.18769551616266944,1,CAMK,CAMKL,CHK1,CHEK1
PKCD,0.855,51,KRSA,0.36287799791449427,2,AGC,PKC,DELTA,PRKCD
PKCD,0.855,51,KRSA,0.36287799791449427,2,AGC,PKC,DELTA,PRKCQ
GRK,0.2308333333333333,72,KRSA,0.10010427528675704,1,AGC,GRK,GRK,GRK1
GRK,0.2308333333333333,72,KRSA,0.10010427528675704,1,AGC,GRK,GRK,GRK4
GRK,0.2308333333333333,72,KRSA,0.10010427528675704,1,AGC,GRK,GRK,GRK5
GRK,0.2308333333333333,72,KRSA,0.10010427528675704,1,AGC,GRK,GRK,GRK6
GRK,0.2308333333333333,72,KRSA,0.10010427528675704,1,AGC,GRK,GRK,GRK7
BARK2,-0.4991666666666667,62,KRSA,0.22523461939520334,1,AGC,GRK,BARK,GRK3
ERK,-4.84,1,KRSA,0.9885297184567258,4,CMGC,MAPK,ERK1,MAPK1
ERK,-4.84,1,KRSA,0.9885297184567258,4,CMGC,MAPK,ERK7,MAPK15
ERK,-4.84,1,KRSA,0.9885297184567258,4,CMGC,MAPK,ERK1,MAPK3
ERK,-4.84,1,KRSA,0.9885297184567258,4,CMGC,MAPK,ERK3,MAPK4
ERK,-4.84,1,KRSA,0.9885297184567258,4,CMGC,MAPK,ERK3,MAPK6
ERK,-4.84,1,KRSA,0.9885297184567258,4,CMGC,MAPK,ERK5,MAPK7
PEK,-4.005833333333333,4,KRSA,0.9509906152241918,4,OTHER,PEK,HRI,EIF2AK1
PEK,-4.005833333333333,4,KRSA,0.9509906152241918,4,OTHER,PEK,PKR,EIF2AK2
PEK,-4.005833333333333,4,KRSA,0.9509906152241918,4,OTHER,PEK,PEK,EIF2AK3
PEK,-4.005833333333333,4,KRSA,0.9509906152241918,4,OTHER,PEK,GCN2,EIF2AK4
DYRK,-4.504166666666666,2,KRSA,0.9760166840458812,4,CMGC,DYRK,DYRK1,DYRK1A
DYRK,-4.504166666666666,2,KRSA,0.9760166840458812,4,CMGC,DYRK,DYRK1,DYRK1B
DYRK,-4.504166666666666,2,KRSA,0.9760166840458812,4,CMGC,DYRK,DYRK2,DYRK2
DYRK,-4.504166666666666,2,KRSA,0.9760166840458812,4,CMGC,DYRK,DYRK2,DYRK3
DYRK,-4.504166666666666,2,KRSA,0.9760166840458812,4,CMGC,DYRK,DYRK2,DYRK4
DYRK,-4.504166666666666,2,KRSA,0.9760166840458812,4,CMGC,DYRK,HIPK,HIPK1
DYRK,-4.504166666666666,2,KRSA,0.9760166840458812,4,CMGC,DYRK,HIPK,HIPK2
DYRK,-4.504166666666666,2,KRSA,0.9760166840458812,4,CMGC,DYRK,HIPK,HIPK3
DYRK,-4.504166666666666,2,KRSA,0.9760166840458812,4,CMGC,DYRK,HIPK,HIPK4
DYRK,-4.504166666666666,2,KRSA,0.9760166840458812,4,CMGC,DYRK,PRP4,PRPF4B
CDK,-4.479166666666667,3,KRSA,0.9635036496350365,4,CMGC,CDK,CDC2,CDK1
CDK,-4.479166666666667,3,KRSA,0.9635036496350365,4,CMGC,CDK,CDK10,CDK10
CDK,-4.479166666666667,3,KRSA,0.9635036496350365,4,CMGC,CDK,CRK7,CDK12
CDK,-4.479166666666667,3,KRSA,0.9635036496350365,4,CMGC,CDK,CRK7,CDK13
CDK,-4.479166666666667,3,KRSA,0.9635036496350365,4,CMGC,CDK,PFTAIRE,CDK14
CDK,-4.479166666666667,3,KRSA,0.9635036496350365,4,CMGC,CDK,PFTAIRE,CDK15
CDK,-4.479166666666667,3,KRSA,0.9635036496350365,4,CMGC,CDK,PCTAIRE,CDK16
CDK,-4.479166666666667,3,KRSA,0.9635036496350365,4,CMGC,CDK,PCTAIRE,CDK17
CDK,-4.479166666666667,3,KRSA,0.9635036496350365,4,CMGC,CDK,PCTAIRE,CDK18
CDK,-4.479166666666667,3,KRSA,0.9635036496350365,4,CMGC,CDK,CDK8,CDK19
CDK,-4.479166666666667,3,KRSA,0.9635036496350365,4,CMGC,CDK,CDC2,CDK2
CDK,-4.479166666666667,3,KRSA,0.9635036496350365,4,CMGC,CDK,CCRK,CDK20
CDK,-4.479166666666667,3,KRSA,0.9635036496350365,4,CMGC,CDK,CDC2,CDK3
CDK,-4.479166666666667,3,KRSA,0.9635036496350365,4,CMGC,CDK,CDK4,CDK4
CDK,-4.479166666666667,3,KRSA,0.9635036496350365,4,CMGC,CDK,CDK5,CDK5
CDK,-4.479166666666667,3,KRSA,0.9635036496350365,4,CMGC,CDK,CDK4,CDK6
CDK,-4.479166666666667,3,KRSA,0.9635036496350365,4,CMGC,CDK,CDK7,CDK7
CDK,-4.479166666666667,3,KRSA,0.9635036496350365,4,CMGC,CDK,CDK8,CDK8
CDK,-4.479166666666667,3,KRSA,0.9635036496350365,4,CMGC,CDK,CDK9,CDK9
CDK,-4.479166666666667,3,KRSA,0.9635036496350365,4,NA,NA,NA,CDK11A
CDK,-4.479166666666667,3,KRSA,0.9635036496350365,4,NA,NA,NA,CDK11B
PKCA,-3.586666666666667,7,KRSA,0.913451511991658,4,AGC,PKC,ALPHA,PRKCA
PKCA,-3.586666666666667,7,KRSA,0.913451511991658,4,AGC,PKC,ALPHA,PRKCB
PKCA,-3.586666666666667,7,KRSA,0.913451511991658,4,AGC,PKC,ALPHA,PRKCG
JNK,-3.61,6,KRSA,0.9259645464025026,4,CMGC,MAPK,JNK,MAPK10
JNK,-3.61,6,KRSA,0.9259645464025026,4,CMGC,MAPK,JNK,MAPK8
JNK,-3.61,6,KRSA,0.9259645464025026,4,CMGC,MAPK,JNK,MAPK9
PDK1,-3.799166666666667,5,KRSA,0.9384775808133472,4,ATYPICAL,PDHK,PDHK,PDK1
PDK1,-3.799166666666667,5,KRSA,0.9384775808133472,4,AGC,PDK1,PDK1,PDPK1
NMO,-2.9541666666666666,10,KRSA,0.8759124087591241,4,CMGC,MAPK,NMO,NLK
PLK,-3.158333333333333,8,KRSA,0.9009384775808134,4,NA,NA,NA,PLK5
PLK,-3.158333333333333,8,KRSA,0.9009384775808134,4,OTHER,PLK,PLK1,PLK1
PLK,-3.158333333333333,8,KRSA,0.9009384775808134,4,OTHER,PLK,PLK2,PLK2
PLK,-3.158333333333333,8,KRSA,0.9009384775808134,4,OTHER,PLK,PLK2,PLK3
PLK,-3.158333333333333,8,KRSA,0.9009384775808134,4,OTHER,PLK,SAK,PLK4
STE7,-2.35,14,KRSA,0.8258602711157456,4,STE,STE7,MEK1,MAP2K1
STE7,-2.35,14,KRSA,0.8258602711157456,4,STE,STE7,MEK1,MAP2K2
STE7,-2.35,14,KRSA,0.8258602711157456,4,STE,STE7,MEK3,MAP2K3
STE7,-2.35,14,KRSA,0.8258602711157456,4,STE,STE7,MEK4,MAP2K4
STE7,-2.35,14,KRSA,0.8258602711157456,4,STE,STE7,MEK5,MAP2K5
STE7,-2.35,14,KRSA,0.8258602711157456,4,STE,STE7,MEK3,MAP2K6
STE7,-2.35,14,KRSA,0.8258602711157456,4,STE,STE7,MEK7,MAP2K7
PKA,2.8908333333333336,12,KRSA,0.8508863399374348,4,AGC,PKA,PKA,PRKACA
PKA,2.8908333333333336,12,KRSA,0.8508863399374348,4,AGC,PKA,PKA,PRKACB
PKA,2.8908333333333336,12,KRSA,0.8508863399374348,4,AGC,PKA,PKA,PRKACG
PKA,2.8908333333333336,12,KRSA,0.8508863399374348,4,AGC,PKA,PKA,PRKX
PKA,2.8908333333333336,12,KRSA,0.8508863399374348,4,AGC,PKA,PKA,PRKY
CK1,-1.9408333333333336,17,KRSA,0.7883211678832117,4,CK1,CK1,CK1-A,CSNK1A1
CK1,-1.9408333333333336,17,KRSA,0.7883211678832117,4,CK1,CK1,CK1-A,CSNK1A1L
CK1,-1.9408333333333336,17,KRSA,0.7883211678832117,4,CK1,CK1,CK1-D,CSNK1D
CK1,-1.9408333333333336,17,KRSA,0.7883211678832117,4,CK1,CK1,CK1-D,CSNK1E
CK1,-1.9408333333333336,17,KRSA,0.7883211678832117,4,CK1,CK1,CK1-G,CSNK1G1
CK1,-1.9408333333333336,17,KRSA,0.7883211678832117,4,CK1,CK1,CK1-G,CSNK1G2
CK1,-1.9408333333333336,17,KRSA,0.7883211678832117,4,CK1,CK1,CK1-G,CSNK1G3
CK1,-1.9408333333333336,17,KRSA,0.7883211678832117,4,CK1,TTBK,TTBK,TTBK1
CK1,-1.9408333333333336,17,KRSA,0.7883211678832117,4,CK1,TTBK,TTBK,TTBK2
CK1,-1.9408333333333336,17,KRSA,0.7883211678832117,4,CK1,VRK,VRK,VRK3
P38,-3.0483333333333333,9,KRSA,0.8884254431699687,4,CMGC,MAPK,P38,MAPK11
P38,-3.0483333333333333,9,KRSA,0.8884254431699687,4,CMGC,MAPK,P38,MAPK12
P38,-3.0483333333333333,9,KRSA,0.8884254431699687,4,CMGC,MAPK,P38,MAPK13
P38,-3.0483333333333333,9,KRSA,0.8884254431699687,4,CMGC,MAPK,P38,MAPK14
LKB,-1.9766666666666663,16,KRSA,0.8008342022940563,4,CAMK,CAMKL,LKB,STK11
PKG,2.9325,11,KRSA,0.8633993743482794,4,AGC,PKG,PKG,PRKG1
PKG,2.9325,11,KRSA,0.8633993743482794,4,AGC,PKG,PKG,PRKG2
IKK,-1.3708333333333331,29,KRSA,0.6381647549530761,3,OTHER,IKK,IKK,CHUK
IKK,-1.3708333333333331,29,KRSA,0.6381647549530761,3,OTHER,IKK,IKK,IKBKB
IKK,-1.3708333333333331,29,KRSA,0.6381647549530761,3,OTHER,IKK,IKK,IKBKE
IKK,-1.3708333333333331,29,KRSA,0.6381647549530761,3,OTHER,IKK,IKK,TBK1
GSK,-1.225,32,KRSA,0.6006256517205423,3,CMGC,GSK,GSK,GSK3A
GSK,-1.225,32,KRSA,0.6006256517205423,3,CMGC,GSK,GSK,GSK3B
PKCH,-1.1083333333333334,35,KRSA,0.5630865484880083,3,AGC,PKC,ETA,PRKCE
PKCH,-1.1083333333333334,35,KRSA,0.5630865484880083,3,AGC,PKC,ETA,PRKCH
SGK,0.8658333333333333,50,KRSA,0.3753910323253389,2,AGC,SGK,SGK,SGK1
SGK,0.8658333333333333,50,KRSA,0.3753910323253389,2,AGC,SGK,SGK,SGK2
SGK,0.8658333333333333,50,KRSA,0.3753910323253389,2,AGC,SGK,SGK,SGK3
STE11,-0.9316666666666666,46,KRSA,0.4254431699687174,2,TKL,MLK,TAK1,MAP3K7
STE11,-0.9316666666666666,46,KRSA,0.4254431699687174,2,STE,STE11,MEKK1,MAP3K1
STE11,-0.9316666666666666,46,KRSA,0.4254431699687174,2,STE,STE11,ASK,MAP3K15
STE11,-0.9316666666666666,46,KRSA,0.4254431699687174,2,STE,STE11,MEKK2,MAP3K2
STE11,-0.9316666666666666,46,KRSA,0.4254431699687174,2,STE,STE11,MEKK2,MAP3K3
STE11,-0.9316666666666666,46,KRSA,0.4254431699687174,2,STE,STE11,MEKK4,MAP3K4
STE11,-0.9316666666666666,46,KRSA,0.4254431699687174,2,STE,STE11,ASK,MAP3K5
STE11,-0.9316666666666666,46,KRSA,0.4254431699687174,2,STE,STE11,ASK,MAP3K6
MST,-2.091666666666667,15,KRSA,0.8133472367049009,4,STE,STE20,MST,STK3
MST,-2.091666666666667,15,KRSA,0.8133472367049009,4,STE,STE20,MST,STK4
MTOR,-1.7858333333333334,20,KRSA,0.7507820646506778,4,ATYPICAL,PIKK,FRAP,MTOR
NEK,-1.0699999999999998,36,KRSA,0.5505735140771637,3,OTHER,NEK,NEK11,NEK11
NEK,-1.0699999999999998,36,KRSA,0.5505735140771637,3,OTHER,NEK,NEK2,NEK2
NEK,-1.0699999999999998,36,KRSA,0.5505735140771637,3,OTHER,NEK,NEK1,NEK3
NEK,-1.0699999999999998,36,KRSA,0.5505735140771637,3,OTHER,NEK,NEK4,NEK4
NEK,-1.0699999999999998,36,KRSA,0.5505735140771637,3,OTHER,NEK,NEK1,NEK5
NEK,-1.0699999999999998,36,KRSA,0.5505735140771637,3,OTHER,NEK,NEK6,NEK6
NEK,-1.0699999999999998,36,KRSA,0.5505735140771637,3,OTHER,NEK,NEK6,NEK7
NEK,-1.0699999999999998,36,KRSA,0.5505735140771637,3,OTHER,NEK,NEK8,NEK8
NEK,-1.0699999999999998,36,KRSA,0.5505735140771637,3,OTHER,NEK,NEK8,NEK9
CAMK1,2.42,13,KRSA,0.8383733055265902,4,CAMK,CAMK1,CAMK1,CAMK1
CAMK1,2.42,13,KRSA,0.8383733055265902,4,CAMK,CAMK1,CAMK1,CAMK1D
CAMK1,2.42,13,KRSA,0.8383733055265902,4,CAMK,CAMK1,CAMK1,CAMK1G
CAMK1,2.42,13,KRSA,0.8383733055265902,4,CAMK,CAMK1,CAMK1,CAMK4
CAMK1,2.42,13,KRSA,0.8383733055265902,4,CAMK,CAMK1,CAMK1,PNCK
ATR,-1.7983333333333331,19,KRSA,0.7632950990615224,4,ATYPICAL,PIKK,ATR,ATR
TTK,-1.4016666666666666,26,KRSA,0.67570385818561,3,OTHER,TTK,TTK,TTK
TLK,-1.395,27,KRSA,0.6631908237747653,3,OTHER,TLK,TLK,TLK1
TLK,-1.395,27,KRSA,0.6631908237747653,3,OTHER,TLK,TLK,TLK2
COT,0.8283333333333334,53,KRSA,0.337851929092805,2,STE,STE-UNIQUE,STE-UNIQUE,MAP3K8
NUAK,-1.3833333333333333,28,KRSA,0.6506777893639207,3,CAMK,CAMKL,NUAK,NUAK1
NUAK,-1.3833333333333333,28,KRSA,0.6506777893639207,3,CAMK,CAMKL,NUAK,NUAK2
FRAY,-1.4875,24,KRSA,0.7007299270072993,3,STE,STE20,FRAY,OXSR1
FRAY,-1.4875,24,KRSA,0.7007299270072993,3,STE,STE20,FRAY,STK39
QIK,-1.5683333333333334,22,KRSA,0.7257559958289885,3,CAMK,CAMKL,QIK,SIK1
QIK,-1.5683333333333334,22,KRSA,0.7257559958289885,3,CAMK,CAMKL,QIK,SIK2
MSN,0.8358333333333333,52,KRSA,0.35036496350364965,2,STE,STE20,MSN,MAP4K4
MSN,0.8358333333333333,52,KRSA,0.35036496350364965,2,STE,STE20,MSN,NRK
MSN,0.8358333333333333,52,KRSA,0.35036496350364965,2,STE,STE20,MSN,TNIK
IRAK,-0.44166666666666665,63,KRSA,0.2127215849843587,1,TKL,IRAK,IRAK,IRAK1
IRAK,-0.44166666666666665,63,KRSA,0.2127215849843587,1,TKL,IRAK,IRAK,IRAK2
IRAK,-0.44166666666666665,63,KRSA,0.2127215849843587,1,TKL,IRAK,IRAK,IRAK3
IRAK,-0.44166666666666665,63,KRSA,0.2127215849843587,1,TKL,IRAK,IRAK,IRAK4
ATM,-0.9233333333333332,47,KRSA,0.4129301355578728,2,ATYPICAL,PIKK,ATM,ATM
CK2,-0.2708333333333333,71,KRSA,0.11261730969760167,1,CMGC,CK2,CK2,CSNK2A1
CK2,-0.2708333333333333,71,KRSA,0.11261730969760167,1,CMGC,CK2,CK2,CSNK2A2
CK2,-0.2708333333333333,71,KRSA,0.11261730969760167,1,NA,NA,NA,CSNK2A3
PRKDC,-1.6583333333333332,21,KRSA,0.7382690302398331,3,ATYPICAL,PIKK,DNAPK,PRKDC
AMPK,1.5216666666666667,23,KRSA,0.7132429614181439,3,CAMK,CAMKL,AMPK,PRKAA1
AMPK,1.5216666666666667,23,KRSA,0.7132429614181439,3,CAMK,CAMKL,AMPK,PRKAA2
PHK,-1.475,25,KRSA,0.6882168925964547,3,CAMK,PHK,PHK,PHKG1
PHK,-1.475,25,KRSA,0.6882168925964547,3,CAMK,PHK,PHK,PHKG2
PKCI,1.35,30,KRSA,0.6256517205422315,3,AGC,PKC,IOTA,PRKCI
PKCI,1.35,30,KRSA,0.6256517205422315,3,AGC,PKC,IOTA,PRKCZ
RAF,-1.9108333333333336,18,KRSA,0.7758081334723671,4,TKL,RAF,RAF,ARAF
RAF,-1.9108333333333336,18,KRSA,0.7758081334723671,4,TKL,RAF,RAF,BRAF
RAF,-1.9108333333333336,18,KRSA,0.7758081334723671,4,TKL,RAF,KSR,KSR1
RAF,-1.9108333333333336,18,KRSA,0.7758081334723671,4,TKL,RAF,KSR,KSR2
RAF,-1.9108333333333336,18,KRSA,0.7758081334723671,4,TKL,RAF,RAF,RAF1
CAMK2,0.17499999999999988,76,KRSA,0.05005213764337852,1,CAMK,CAMK2,CAMK2,CAMK2A
CAMK2,0.17499999999999988,76,KRSA,0.05005213764337852,1,CAMK,CAMK2,CAMK2,CAMK2B
CAMK2,0.17499999999999988,76,KRSA,0.05005213764337852,1,CAMK,CAMK2,CAMK2,CAMK2D
CAMK2,0.17499999999999988,76,KRSA,0.05005213764337852,1,CAMK,CAMK2,CAMK2,CAMK2G
RSK,1.31,31,KRSA,0.6131386861313869,3,AGC,RSK,RSK,RPS6KA1
RSK,1.31,31,KRSA,0.6131386861313869,3,AGC,RSK,RSK,RPS6KA2
RSK,1.31,31,KRSA,0.6131386861313869,3,AGC,RSK,RSK,RPS6KA3
RSK,1.31,31,KRSA,0.6131386861313869,3,AGC,RSK,MSK,RPS6KA4
RSK,1.31,31,KRSA,0.6131386861313869,3,AGC,RSK,MSK,RPS6KA5
RSK,1.31,31,KRSA,0.6131386861313869,3,AGC,RSK,RSK,RPS6KA6
RSK,1.31,31,KRSA,0.6131386861313869,3,AGC,RSK,P70,RPS6KB1
RSK,1.31,31,KRSA,0.6131386861313869,3,AGC,RSK,P70,RPS6KB2
BRSK,-0.9716666666666668,45,KRSA,0.43795620437956206,2,CAMK,CAMKL,BRSK,BRSK1
BRSK,-0.9716666666666668,45,KRSA,0.43795620437956206,2,CAMK,CAMKL,BRSK,BRSK2
CAMKK,-0.9733333333333334,44,KRSA,0.4504692387904067,2,OTHER,CAMKK,META,CAMKK1
CAMKK,-0.9733333333333334,44,KRSA,0.4504692387904067,2,OTHER,CAMKK,META,CAMKK2
BUD32,-1.0008333333333337,38,KRSA,0.5255474452554745,3,OTHER,BUD32,BUD32,TP53RK
ULK,-0.9816666666666668,43,KRSA,0.4629822732012513,2,OTHER,ULK,FUSED,STK36
ULK,-0.9816666666666668,43,KRSA,0.4629822732012513,2,OTHER,ULK,ULK,ULK1
ULK,-0.9816666666666668,43,KRSA,0.4629822732012513,2,OTHER,ULK,ULK,ULK2
ULK,-0.9816666666666668,43,KRSA,0.4629822732012513,2,OTHER,ULK,ULK,ULK3
ULK,-0.9816666666666668,43,KRSA,0.4629822732012513,2,OTHER,ULK,ULK,ULK4
AKT,0.17583333333333334,75,KRSA,0.06256517205422316,1,AGC,AKT,AKT,AKT1
AKT,0.17583333333333334,75,KRSA,0.06256517205422316,1,AGC,AKT,AKT,AKT2
AKT,0.17583333333333334,75,KRSA,0.06256517205422316,1,AGC,AKT,AKT,AKT3
NIK,-0.9866666666666668,39,KRSA,0.5130344108446299,3,STE,STE-UNIQUE,STE-UNIQUE,MAP3K14
CLK,-0.985,41,KRSA,0.4880083420229406,2,CMGC,CLK,CLK,CLK1
CLK,-0.985,41,KRSA,0.4880083420229406,2,CMGC,CLK,CLK,CLK2
CLK,-0.985,41,KRSA,0.4880083420229406,2,CMGC,CLK,CLK,CLK3
CLK,-0.985,41,KRSA,0.4880083420229406,2,CMGC,CLK,CLK,CLK4
MOS,-0.9858333333333332,40,KRSA,0.5005213764337852,3,OTHER,MOS,MOS,MOS
WNK,-0.9825,42,KRSA,0.4754953076120959,2,OTHER,WNK,WNK,WNK1
WNK,-0.9825,42,KRSA,0.4754953076120959,2,OTHER,WNK,WNK,WNK2
WNK,-0.9825,42,KRSA,0.4754953076120959,2,OTHER,WNK,WNK,WNK3
WNK,-0.9825,42,KRSA,0.4754953076120959,2,OTHER,WNK,WNK,WNK4
PDHK,-0.08999999999999997,78,KRSA,0.02502606882168926,1,ATYPICAL,PDHK,BCKDK,BCKDK
PDHK,-0.08999999999999997,78,KRSA,0.02502606882168926,1,ATYPICAL,PDHK,PDHK,PDK2
PDHK,-0.08999999999999997,78,KRSA,0.02502606882168926,1,ATYPICAL,PDHK,PDHK,PDK3
PDHK,-0.08999999999999997,78,KRSA,0.02502606882168926,1,ATYPICAL,PDHK,PDHK,PDK4
HAL,0.8066666666666666,55,KRSA,0.31282586027111575,2,RGC,RGC,RGC,NPR1
PAKB,0.3141666666666667,69,KRSA,0.13764337851929093,1,STE,STE20,PAKB,PAK4
PAKB,0.3141666666666667,69,KRSA,0.13764337851929093,1,STE,STE20,PAKB,PAK5
PAKB,0.3141666666666667,69,KRSA,0.13764337851929093,1,STE,STE20,PAKB,PAK6
RAD53,1.1583333333333332,33,KRSA,0.5881126173096975,3,CAMK,RAD53,RAD53,CHEK2
PIM,0.7175,58,KRSA,0.27528675703858185,2,CAMK,PIM,PIM,PIM1
PIM,0.7175,58,KRSA,0.27528675703858185,2,CAMK,PIM,PIM,PIM2
PIM,0.7175,58,KRSA,0.27528675703858185,2,CAMK,PIM,PIM,PIM3
DMPK,-0.7166666666666667,59,KRSA,0.26277372262773724,2,AGC,DMPK,GEK,CDC42BPA
DMPK,-0.7166666666666667,59,KRSA,0.26277372262773724,2,AGC,DMPK,GEK,CDC42BPB
DMPK,-0.7166666666666667,59,KRSA,0.26277372262773724,2,AGC,DMPK,GEK,CDC42BPG
DMPK,-0.7166666666666667,59,KRSA,0.26277372262773724,2,AGC,DMPK,CRIK,CIT
DMPK,-0.7166666666666667,59,KRSA,0.26277372262773724,2,AGC,DMPK,GEK,DMPK
DMPK,-0.7166666666666667,59,KRSA,0.26277372262773724,2,AGC,DMPK,ROCK,ROCK1
DMPK,-0.7166666666666667,59,KRSA,0.26277372262773724,2,AGC,DMPK,ROCK,ROCK2
VRK1,-1.055,37,KRSA,0.5380604796663191,3,CK1,VRK,VRK,VRK1
MELK,-0.73,57,KRSA,0.28779979144942647,2,CAMK,CAMKL,MELK,MELK
RIPK,0.03416666666666664,79,KRSA,0.01251303441084463,1,TKL,RIPK,RIPK,ANKK1
RIPK,0.03416666666666664,79,KRSA,0.01251303441084463,1,TKL,RIPK,RIPK,RIPK1
RIPK,0.03416666666666664,79,KRSA,0.01251303441084463,1,TKL,RIPK,RIPK,RIPK2
RIPK,0.03416666666666664,79,KRSA,0.01251303441084463,1,TKL,RIPK,RIPK,RIPK3
RIPK,0.03416666666666664,79,KRSA,0.01251303441084463,1,TKL,RIPK,RIPK,RIPK4
NDR,-0.8791666666666667,49,KRSA,0.38790406673618355,2,AGC,NDR,NDR,LATS1
NDR,-0.8791666666666667,49,KRSA,0.38790406673618355,2,AGC,NDR,NDR,LATS2
NDR,-0.8791666666666667,49,KRSA,0.38790406673618355,2,AGC,NDR,NDR,STK38
NDR,-0.8791666666666667,49,KRSA,0.38790406673618355,2,AGC,NDR,NDR,STK38L
MLCK,-0.10666666666666667,77,KRSA,0.03753910323253389,1,CAMK,MLCK,MLCK,MYLK
MLCK,-0.10666666666666667,77,KRSA,0.03753910323253389,1,CAMK,MLCK,MLCK,MYLK2
MLCK,-0.10666666666666667,77,KRSA,0.03753910323253389,1,CAMK,MLCK,MLCK,TTN
SLK,0.2241666666666667,74,KRSA,0.07507820646506778,1,STE,STE20,SLK,SLK
SLK,0.2241666666666667,74,KRSA,0.07507820646506778,1,STE,STE20,SLK,STK10
TAO,0.4183333333333333,66,KRSA,0.17518248175182483,1,STE,STE20,TAO,TAOK1
TAO,0.4183333333333333,66,KRSA,0.17518248175182483,1,STE,STE20,TAO,TAOK2
TAO,0.4183333333333333,66,KRSA,0.17518248175182483,1,STE,STE20,TAO,TAOK3
PASK,1.1108333333333331,34,KRSA,0.5755995828988529,3,CAMK,CAMKL,PASK,PASK
KHS,0.74,56,KRSA,0.30031282586027114,2,STE,STE20,KHS,MAP4K1
KHS,0.74,56,KRSA,0.30031282586027114,2,STE,STE20,KHS,MAP4K2
KHS,0.74,56,KRSA,0.30031282586027114,2,STE,STE20,KHS,MAP4K3
KHS,0.74,56,KRSA,0.30031282586027114,2,STE,STE20,KHS,MAP4K5
PAKA,0.9066666666666668,48,KRSA,0.40041710114702816,2,STE,STE20,PAKA,PAK1
PAKA,0.9066666666666668,48,KRSA,0.40041710114702816,2,STE,STE20,PAKA,PAK2
PAKA,0.9066666666666668,48,KRSA,0.40041710114702816,2,STE,STE20,PAKA,PAK3
PKCD,0.855,51,KRSA,0.36287799791449427,2,AGC,PKC,DELTA,PRKCD
PKCD,0.855,51,KRSA,0.36287799791449427,2,AGC,PKC,DELTA,PRKCQ
GRK,0.2308333333333333,72,KRSA,0.10010427528675704,1,AGC,GRK,GRK,GRK1
GRK,0.2308333333333333,72,KRSA,0.10010427528675704,1,AGC,GRK,GRK,GRK4
GRK,0.2308333333333333,72,KRSA,0.10010427528675704,1,AGC,GRK,GRK,GRK5
GRK,0.2308333333333333,72,KRSA,0.10010427528675704,1,AGC,GRK,GRK,GRK6
GRK,0.2308333333333333,72,KRSA,0.10010427528675704,1,AGC,GRK,GRK,GRK7
NAK,-0.4125,67,KRSA,0.16266944734098018,1,OTHER,NAK,BIKE,AAK1
NAK,-0.4125,67,KRSA,0.16266944734098018,1,OTHER,NAK,BIKE,BMP2K
NAK,-0.4125,67,KRSA,0.16266944734098018,1,OTHER,NAK,GAK,GAK
NAK,-0.4125,67,KRSA,0.16266944734098018,1,OTHER,NAK,MPSK,STK16
PKN,-0.5308333333333334,61,KRSA,0.23774765380604795,1,AGC,PKN,PKN,PKN1
PKN,-0.5308333333333334,61,KRSA,0.23774765380604795,1,AGC,PKN,PKN,PKN2
PKN,-0.5308333333333334,61,KRSA,0.23774765380604795,1,AGC,PKN,PKN,PKN3
STKR,0.435,64,KRSA,0.20020855057351408,1,TKL,STKR,TYPE1,ACVR1
STKR,0.435,64,KRSA,0.20020855057351408,1,TKL,STKR,TYPE1,ACVR1B
STKR,0.435,64,KRSA,0.20020855057351408,1,TKL,STKR,TYPE1,ACVR1C
STKR,0.435,64,KRSA,0.20020855057351408,1,TKL,STKR,TYPE2,ACVR2A
STKR,0.435,64,KRSA,0.20020855057351408,1,TKL,STKR,TYPE2,ACVR2B
STKR,0.435,64,KRSA,0.20020855057351408,1,TKL,STKR,TYPE1,ACVRL1
STKR,0.435,64,KRSA,0.20020855057351408,1,TKL,STKR,TYPE2,AMHR2
STKR,0.435,64,KRSA,0.20020855057351408,1,TKL,STKR,TYPE1,BMPR1A
STKR,0.435,64,KRSA,0.20020855057351408,1,TKL,STKR,TYPE1,BMPR1B
STKR,0.435,64,KRSA,0.20020855057351408,1,TKL,STKR,TYPE2,BMPR2
STKR,0.435,64,KRSA,0.20020855057351408,1,TKL,STKR,TYPE1,TGFBR1
STKR,0.435,64,KRSA,0.20020855057351408,1,TKL,STKR,TYPE2,TGFBR2
PKD,0.8183333333333334,54,KRSA,0.32533889468196037,2,CAMK,PKD,PKD,PRKD1
PKD,0.8183333333333334,54,KRSA,0.32533889468196037,2,CAMK,PKD,PKD,PRKD2
PKD,0.8183333333333334,54,KRSA,0.32533889468196037,2,CAMK,PKD,PKD,PRKD3
BARK2,-0.4991666666666667,62,KRSA,0.22523461939520334,1,AGC,GRK,BARK,GRK3
AUR,-0.2258333333333333,73,KRSA,0.08759124087591241,1,OTHER,AUR,AUR,AURKA
AUR,-0.2258333333333333,73,KRSA,0.08759124087591241,1,OTHER,AUR,AUR,AURKB
AUR,-0.2258333333333333,73,KRSA,0.08759124087591241,1,OTHER,AUR,AUR,AURKC
MAPKAPK,-0.01333333333333335,80,KRSA,0,1,CAMK,MAPKAPK,MAPKAPK,MAPKAPK2
MAPKAPK,-0.01333333333333335,80,KRSA,0,1,CAMK,MAPKAPK,MAPKAPK,MAPKAPK3
MAPKAPK,-0.01333333333333335,80,KRSA,0,1,CAMK,MAPKAPK,MAPKAPK,MAPKAPK5
MAPKAPK,-0.01333333333333335,80,KRSA,0,1,CAMK,MAPKAPK,MNK,MKNK1
MAPKAPK,-0.01333333333333335,80,KRSA,0,1,CAMK,MAPKAPK,MNK,MKNK2
DAPK,-0.7041666666666666,60,KRSA,0.2502606882168926,2,CAMK,DAPK,DAPK,DAPK1
DAPK,-0.7041666666666666,60,KRSA,0.2502606882168926,2,CAMK,DAPK,DAPK,DAPK2
DAPK,-0.7041666666666666,60,KRSA,0.2502606882168926,2,CAMK,DAPK,DAPK,DAPK3
DAPK,-0.7041666666666666,60,KRSA,0.2502606882168926,2,CAMK,DAPK,DRAK,STK17A
DAPK,-0.7041666666666666,60,KRSA,0.2502606882168926,2,CAMK,DAPK,DRAK,STK17B
MLK,-0.30583333333333335,70,KRSA,0.1251303441084463,1,TKL,MLK,ILK,ILK
MLK,-0.30583333333333335,70,KRSA,0.1251303441084463,1,TKL,MLK,MLK,MAP3K10
MLK,-0.30583333333333335,70,KRSA,0.1251303441084463,1,TKL,MLK,MLK,MAP3K11
MLK,-0.30583333333333335,70,KRSA,0.1251303441084463,1,TKL,MLK,LZK,MAP3K12
MLK,-0.30583333333333335,70,KRSA,0.1251303441084463,1,TKL,MLK,LZK,MAP3K13
MLK,-0.30583333333333335,70,KRSA,0.1251303441084463,1,TKL,MLK,MLK,MAP3K9
MLK,-0.30583333333333335,70,KRSA,0.1251303441084463,1,TKL,MLK,HH498,TNNI3K
CHK1,0.42583333333333334,65,KRSA,0.18769551616266944,1,CAMK,CAMKL,CHK1,CHEK1
ERK,-4.84,1,KRSA,0.9885297184567258,4,CMGC,MAPK,ERK1,MAPK1
ERK,-4.84,1,KRSA,0.9885297184567258,4,CMGC,MAPK,ERK7,MAPK15
ERK,-4.84,1,KRSA,0.9885297184567258,4,CMGC,MAPK,ERK1,MAPK3
ERK,-4.84,1,KRSA,0.9885297184567258,4,CMGC,MAPK,ERK3,MAPK4
ERK,-4.84,1,KRSA,0.9885297184567258,4,CMGC,MAPK,ERK3,MAPK6
ERK,-4.84,1,KRSA,0.9885297184567258,4,CMGC,MAPK,ERK5,MAPK7
DYRK,-4.504166666666666,2,KRSA,0.9760166840458812,4,CMGC,DYRK,DYRK1,DYRK1A
DYRK,-4.504166666666666,2,KRSA,0.9760166840458812,4,CMGC,DYRK,DYRK1,DYRK1B
DYRK,-4.504166666666666,2,KRSA,0.9760166840458812,4,CMGC,DYRK,DYRK2,DYRK2
DYRK,-4.504166666666666,2,KRSA,0.9760166840458812,4,CMGC,DYRK,DYRK2,DYRK3
DYRK,-4.504166666666666,2,KRSA,0.9760166840458812,4,CMGC,DYRK,DYRK2,DYRK4
DYRK,-4.504166666666666,2,KRSA,0.9760166840458812,4,CMGC,DYRK,HIPK,HIPK1
DYRK,-4.504166666666666,2,KRSA,0.9760166840458812,4,CMGC,DYRK,HIPK,HIPK2
DYRK,-4.504166666666666,2,KRSA,0.9760166840458812,4,CMGC,DYRK,HIPK,HIPK3
DYRK,-4.504166666666666,2,KRSA,0.9760166840458812,4,CMGC,DYRK,HIPK,HIPK4
DYRK,-4.504166666666666,2,KRSA,0.9760166840458812,4,CMGC,DYRK,PRP4,PRPF4B
CDK,-4.479166666666667,3,KRSA,0.9635036496350365,4,CMGC,CDK,CDC2,CDK1
CDK,-4.479166666666667,3,KRSA,0.9635036496350365,4,CMGC,CDK,CDK10,CDK10
CDK,-4.479166666666667,3,KRSA,0.9635036496350365,4,CMGC,CDK,CRK7,CDK12
CDK,-4.479166666666667,3,KRSA,0.9635036496350365,4,CMGC,CDK,CRK7,CDK13
CDK,-4.479166666666667,3,KRSA,0.9635036496350365,4,CMGC,CDK,PFTAIRE,CDK14
CDK,-4.479166666666667,3,KRSA,0.9635036496350365,4,CMGC,CDK,PFTAIRE,CDK15
CDK,-4.479166666666667,3,KRSA,0.9635036496350365,4,CMGC,CDK,PCTAIRE,CDK16
CDK,-4.479166666666667,3,KRSA,0.9635036496350365,4,CMGC,CDK,PCTAIRE,CDK17
CDK,-4.479166666666667,3,KRSA,0.9635036496350365,4,CMGC,CDK,PCTAIRE,CDK18
CDK,-4.479166666666667,3,KRSA,0.9635036496350365,4,CMGC,CDK,CDK8,CDK19
CDK,-4.479166666666667,3,KRSA,0.9635036496350365,4,CMGC,CDK,CDC2,CDK2
CDK,-4.479166666666667,3,KRSA,0.9635036496350365,4,CMGC,CDK,CCRK,CDK20
CDK,-4.479166666666667,3,KRSA,0.9635036496350365,4,CMGC,CDK,CDC2,CDK3
CDK,-4.479166666666667,3,KRSA,0.9635036496350365,4,CMGC,CDK,CDK4,CDK4
CDK,-4.479166666666667,3,KRSA,0.9635036496350365,4,CMGC,CDK,CDK5,CDK5
CDK,-4.479166666666667,3,KRSA,0.9635036496350365,4,CMGC,CDK,CDK4,CDK6
CDK,-4.479166666666667,3,KRSA,0.9635036496350365,4,CMGC,CDK,CDK7,CDK7
CDK,-4.479166666666667,3,KRSA,0.9635036496350365,4,CMGC,CDK,CDK8,CDK8
CDK,-4.479166666666667,3,KRSA,0.9635036496350365,4,CMGC,CDK,CDK9,CDK9
CDK,-4.479166666666667,3,KRSA,0.9635036496350365,4,NA,NA,NA,CDK11A
CDK,-4.479166666666667,3,KRSA,0.9635036496350365,4,NA,NA,NA,CDK11B
PEK,-4.005833333333333,4,KRSA,0.9509906152241918,4,OTHER,PEK,HRI,EIF2AK1
PEK,-4.005833333333333,4,KRSA,0.9509906152241918,4,OTHER,PEK,PKR,EIF2AK2
PEK,-4.005833333333333,4,KRSA,0.9509906152241918,4,OTHER,PEK,PEK,EIF2AK3
PEK,-4.005833333333333,4,KRSA,0.9509906152241918,4,OTHER,PEK,GCN2,EIF2AK4
PDK1,-3.799166666666667,5,KRSA,0.9384775808133472,4,ATYPICAL,PDHK,PDHK,PDK1
PDK1,-3.799166666666667,5,KRSA,0.9384775808133472,4,AGC,PDK1,PDK1,PDPK1
PKA,2.8908333333333336,12,KRSA,0.8508863399374348,4,AGC,PKA,PKA,PRKACA
PKA,2.8908333333333336,12,KRSA,0.8508863399374348,4,AGC,PKA,PKA,PRKACB
PKA,2.8908333333333336,12,KRSA,0.8508863399374348,4,AGC,PKA,PKA,PRKACG
PKA,2.8908333333333336,12,KRSA,0.8508863399374348,4,AGC,PKA,PKA,PRKX
PKA,2.8908333333333336,12,KRSA,0.8508863399374348,4,AGC,PKA,PKA,PRKY
JNK,-3.61,6,KRSA,0.9259645464025026,4,CMGC,MAPK,JNK,MAPK10
JNK,-3.61,6,KRSA,0.9259645464025026,4,CMGC,MAPK,JNK,MAPK8
JNK,-3.61,6,KRSA,0.9259645464025026,4,CMGC,MAPK,JNK,MAPK9
NMO,-2.9541666666666666,10,KRSA,0.8759124087591241,4,CMGC,MAPK,NMO,NLK
PKG,2.9325,11,KRSA,0.8633993743482794,4,AGC,PKG,PKG,PRKG1
PKG,2.9325,11,KRSA,0.8633993743482794,4,AGC,PKG,PKG,PRKG2
PLK,-3.158333333333333,8,KRSA,0.9009384775808134,4,NA,NA,NA,PLK5
PLK,-3.158333333333333,8,KRSA,0.9009384775808134,4,OTHER,PLK,PLK1,PLK1
PLK,-3.158333333333333,8,KRSA,0.9009384775808134,4,OTHER,PLK,PLK2,PLK2
PLK,-3.158333333333333,8,KRSA,0.9009384775808134,4,OTHER,PLK,PLK2,PLK3
PLK,-3.158333333333333,8,KRSA,0.9009384775808134,4,OTHER,PLK,SAK,PLK4
P38,-3.0483333333333333,9,KRSA,0.8884254431699687,4,CMGC,MAPK,P38,MAPK11
P38,-3.0483333333333333,9,KRSA,0.8884254431699687,4,CMGC,MAPK,P38,MAPK12
P38,-3.0483333333333333,9,KRSA,0.8884254431699687,4,CMGC,MAPK,P38,MAPK13
P38,-3.0483333333333333,9,KRSA,0.8884254431699687,4,CMGC,MAPK,P38,MAPK14
STE7,-2.35,14,KRSA,0.8258602711157456,4,STE,STE7,MEK1,MAP2K1
STE7,-2.35,14,KRSA,0.8258602711157456,4,STE,STE7,MEK1,MAP2K2
STE7,-2.35,14,KRSA,0.8258602711157456,4,STE,STE7,MEK3,MAP2K3
STE7,-2.35,14,KRSA,0.8258602711157456,4,STE,STE7,MEK4,MAP2K4
STE7,-2.35,14,KRSA,0.8258602711157456,4,STE,STE7,MEK5,MAP2K5
STE7,-2.35,14,KRSA,0.8258602711157456,4,STE,STE7,MEK3,MAP2K6
STE7,-2.35,14,KRSA,0.8258602711157456,4,STE,STE7,MEK7,MAP2K7
PKCA,-3.586666666666667,7,KRSA,0.913451511991658,4,AGC,PKC,ALPHA,PRKCA
PKCA,-3.586666666666667,7,KRSA,0.913451511991658,4,AGC,PKC,ALPHA,PRKCB
PKCA,-3.586666666666667,7,KRSA,0.913451511991658,4,AGC,PKC,ALPHA,PRKCG
LKB,-1.9766666666666663,16,KRSA,0.8008342022940563,4,CAMK,CAMKL,LKB,STK11
CAMK1,2.42,13,KRSA,0.8383733055265902,4,CAMK,CAMK1,CAMK1,CAMK1
CAMK1,2.42,13,KRSA,0.8383733055265902,4,CAMK,CAMK1,CAMK1,CAMK1D
CAMK1,2.42,13,KRSA,0.8383733055265902,4,CAMK,CAMK1,CAMK1,CAMK1G
CAMK1,2.42,13,KRSA,0.8383733055265902,4,CAMK,CAMK1,CAMK1,CAMK4
CAMK1,2.42,13,KRSA,0.8383733055265902,4,CAMK,CAMK1,CAMK1,PNCK
CK1,-1.9408333333333336,17,KRSA,0.7883211678832117,4,CK1,CK1,CK1-A,CSNK1A1
CK1,-1.9408333333333336,17,KRSA,0.7883211678832117,4,CK1,CK1,CK1-A,CSNK1A1L
CK1,-1.9408333333333336,17,KRSA,0.7883211678832117,4,CK1,CK1,CK1-D,CSNK1D
CK1,-1.9408333333333336,17,KRSA,0.7883211678832117,4,CK1,CK1,CK1-D,CSNK1E
CK1,-1.9408333333333336,17,KRSA,0.7883211678832117,4,CK1,CK1,CK1-G,CSNK1G1
CK1,-1.9408333333333336,17,KRSA,0.7883211678832117,4,CK1,CK1,CK1-G,CSNK1G2
CK1,-1.9408333333333336,17,KRSA,0.7883211678832117,4,CK1,CK1,CK1-G,CSNK1G3
CK1,-1.9408333333333336,17,KRSA,0.7883211678832117,4,CK1,TTBK,TTBK,TTBK1
CK1,-1.9408333333333336,17,KRSA,0.7883211678832117,4,CK1,TTBK,TTBK,TTBK2
CK1,-1.9408333333333336,17,KRSA,0.7883211678832117,4,CK1,VRK,VRK,VRK3
GSK,-1.225,32,KRSA,0.6006256517205423,3,CMGC,GSK,GSK,GSK3A
GSK,-1.225,32,KRSA,0.6006256517205423,3,CMGC,GSK,GSK,GSK3B
PKCI,1.35,30,KRSA,0.6256517205422315,3,AGC,PKC,IOTA,PRKCI
PKCI,1.35,30,KRSA,0.6256517205422315,3,AGC,PKC,IOTA,PRKCZ
RAF,-1.9108333333333336,18,KRSA,0.7758081334723671,4,TKL,RAF,RAF,ARAF
RAF,-1.9108333333333336,18,KRSA,0.7758081334723671,4,TKL,RAF,RAF,BRAF
RAF,-1.9108333333333336,18,KRSA,0.7758081334723671,4,TKL,RAF,KSR,KSR1
RAF,-1.9108333333333336,18,KRSA,0.7758081334723671,4,TKL,RAF,KSR,KSR2
RAF,-1.9108333333333336,18,KRSA,0.7758081334723671,4,TKL,RAF,RAF,RAF1
AMPK,1.5216666666666667,23,KRSA,0.7132429614181439,3,CAMK,CAMKL,AMPK,PRKAA1
AMPK,1.5216666666666667,23,KRSA,0.7132429614181439,3,CAMK,CAMKL,AMPK,PRKAA2
RAD53,1.1583333333333332,33,KRSA,0.5881126173096975,3,CAMK,RAD53,RAD53,CHEK2
MTOR,-1.7858333333333334,20,KRSA,0.7507820646506778,4,ATYPICAL,PIKK,FRAP,MTOR
IRAK,-0.44166666666666665,63,KRSA,0.2127215849843587,1,TKL,IRAK,IRAK,IRAK1
IRAK,-0.44166666666666665,63,KRSA,0.2127215849843587,1,TKL,IRAK,IRAK,IRAK2
IRAK,-0.44166666666666665,63,KRSA,0.2127215849843587,1,TKL,IRAK,IRAK,IRAK3
IRAK,-0.44166666666666665,63,KRSA,0.2127215849843587,1,TKL,IRAK,IRAK,IRAK4
PIM,0.7175,58,KRSA,0.27528675703858185,2,CAMK,PIM,PIM,PIM1
PIM,0.7175,58,KRSA,0.27528675703858185,2,CAMK,PIM,PIM,PIM2
PIM,0.7175,58,KRSA,0.27528675703858185,2,CAMK,PIM,PIM,PIM3
FRAY,-1.4875,24,KRSA,0.7007299270072993,3,STE,STE20,FRAY,OXSR1
FRAY,-1.4875,24,KRSA,0.7007299270072993,3,STE,STE20,FRAY,STK39
ATR,-1.7983333333333331,19,KRSA,0.7632950990615224,4,ATYPICAL,PIKK,ATR,ATR
SGK,0.8658333333333333,50,KRSA,0.3753910323253389,2,AGC,SGK,SGK,SGK1
SGK,0.8658333333333333,50,KRSA,0.3753910323253389,2,AGC,SGK,SGK,SGK2
SGK,0.8658333333333333,50,KRSA,0.3753910323253389,2,AGC,SGK,SGK,SGK3
TLK,-1.395,27,KRSA,0.6631908237747653,3,OTHER,TLK,TLK,TLK1
TLK,-1.395,27,KRSA,0.6631908237747653,3,OTHER,TLK,TLK,TLK2
TTK,-1.4016666666666666,26,KRSA,0.67570385818561,3,OTHER,TTK,TTK,TTK
RSK,1.31,31,KRSA,0.6131386861313869,3,AGC,RSK,RSK,RPS6KA1
RSK,1.31,31,KRSA,0.6131386861313869,3,AGC,RSK,RSK,RPS6KA2
RSK,1.31,31,KRSA,0.6131386861313869,3,AGC,RSK,RSK,RPS6KA3
RSK,1.31,31,KRSA,0.6131386861313869,3,AGC,RSK,MSK,RPS6KA4
RSK,1.31,31,KRSA,0.6131386861313869,3,AGC,RSK,MSK,RPS6KA5
RSK,1.31,31,KRSA,0.6131386861313869,3,AGC,RSK,RSK,RPS6KA6
RSK,1.31,31,KRSA,0.6131386861313869,3,AGC,RSK,P70,RPS6KB1
RSK,1.31,31,KRSA,0.6131386861313869,3,AGC,RSK,P70,RPS6KB2
VRK1,-1.055,37,KRSA,0.5380604796663191,3,CK1,VRK,VRK,VRK1
NUAK,-1.3833333333333333,28,KRSA,0.6506777893639207,3,CAMK,CAMKL,NUAK,NUAK1
NUAK,-1.3833333333333333,28,KRSA,0.6506777893639207,3,CAMK,CAMKL,NUAK,NUAK2
STE11,-0.9316666666666666,46,KRSA,0.4254431699687174,2,TKL,MLK,TAK1,MAP3K7
STE11,-0.9316666666666666,46,KRSA,0.4254431699687174,2,STE,STE11,MEKK1,MAP3K1
STE11,-0.9316666666666666,46,KRSA,0.4254431699687174,2,STE,STE11,ASK,MAP3K15
STE11,-0.9316666666666666,46,KRSA,0.4254431699687174,2,STE,STE11,MEKK2,MAP3K2
STE11,-0.9316666666666666,46,KRSA,0.4254431699687174,2,STE,STE11,MEKK2,MAP3K3
STE11,-0.9316666666666666,46,KRSA,0.4254431699687174,2,STE,STE11,MEKK4,MAP3K4
STE11,-0.9316666666666666,46,KRSA,0.4254431699687174,2,STE,STE11,ASK,MAP3K5
STE11,-0.9316666666666666,46,KRSA,0.4254431699687174,2,STE,STE11,ASK,MAP3K6
NDR,-0.8791666666666667,49,KRSA,0.38790406673618355,2,AGC,NDR,NDR,LATS1
NDR,-0.8791666666666667,49,KRSA,0.38790406673618355,2,AGC,NDR,NDR,LATS2
NDR,-0.8791666666666667,49,KRSA,0.38790406673618355,2,AGC,NDR,NDR,STK38
NDR,-0.8791666666666667,49,KRSA,0.38790406673618355,2,AGC,NDR,NDR,STK38L
IKK,-1.3708333333333331,29,KRSA,0.6381647549530761,3,OTHER,IKK,IKK,CHUK
IKK,-1.3708333333333331,29,KRSA,0.6381647549530761,3,OTHER,IKK,IKK,IKBKB
IKK,-1.3708333333333331,29,KRSA,0.6381647549530761,3,OTHER,IKK,IKK,IKBKE
IKK,-1.3708333333333331,29,KRSA,0.6381647549530761,3,OTHER,IKK,IKK,TBK1
HAL,0.8066666666666666,55,KRSA,0.31282586027111575,2,RGC,RGC,RGC,NPR1
PAKB,0.3141666666666667,69,KRSA,0.13764337851929093,1,STE,STE20,PAKB,PAK4
PAKB,0.3141666666666667,69,KRSA,0.13764337851929093,1,STE,STE20,PAKB,PAK5
PAKB,0.3141666666666667,69,KRSA,0.13764337851929093,1,STE,STE20,PAKB,PAK6
PKCD,0.855,51,KRSA,0.36287799791449427,2,AGC,PKC,DELTA,PRKCD
PKCD,0.855,51,KRSA,0.36287799791449427,2,AGC,PKC,DELTA,PRKCQ
MST,-2.091666666666667,15,KRSA,0.8133472367049009,4,STE,STE20,MST,STK3
MST,-2.091666666666667,15,KRSA,0.8133472367049009,4,STE,STE20,MST,STK4
QIK,-1.5683333333333334,22,KRSA,0.7257559958289885,3,CAMK,CAMKL,QIK,SIK1
QIK,-1.5683333333333334,22,KRSA,0.7257559958289885,3,CAMK,CAMKL,QIK,SIK2
PKCH,-1.1083333333333334,35,KRSA,0.5630865484880083,3,AGC,PKC,ETA,PRKCE
PKCH,-1.1083333333333334,35,KRSA,0.5630865484880083,3,AGC,PKC,ETA,PRKCH
PAKA,0.9066666666666668,48,KRSA,0.40041710114702816,2,STE,STE20,PAKA,PAK1
PAKA,0.9066666666666668,48,KRSA,0.40041710114702816,2,STE,STE20,PAKA,PAK2
PAKA,0.9066666666666668,48,KRSA,0.40041710114702816,2,STE,STE20,PAKA,PAK3
ATM,-0.9233333333333332,47,KRSA,0.4129301355578728,2,ATYPICAL,PIKK,ATM,ATM
CLK,-0.985,41,KRSA,0.4880083420229406,2,CMGC,CLK,CLK,CLK1
CLK,-0.985,41,KRSA,0.4880083420229406,2,CMGC,CLK,CLK,CLK2
CLK,-0.985,41,KRSA,0.4880083420229406,2,CMGC,CLK,CLK,CLK3
CLK,-0.985,41,KRSA,0.4880083420229406,2,CMGC,CLK,CLK,CLK4
ULK,-0.9816666666666668,43,KRSA,0.4629822732012513,2,OTHER,ULK,FUSED,STK36
ULK,-0.9816666666666668,43,KRSA,0.4629822732012513,2,OTHER,ULK,ULK,ULK1
ULK,-0.9816666666666668,43,KRSA,0.4629822732012513,2,OTHER,ULK,ULK,ULK2
ULK,-0.9816666666666668,43,KRSA,0.4629822732012513,2,OTHER,ULK,ULK,ULK3
ULK,-0.9816666666666668,43,KRSA,0.4629822732012513,2,OTHER,ULK,ULK,ULK4
NIK,-0.9866666666666668,39,KRSA,0.5130344108446299,3,STE,STE-UNIQUE,STE-UNIQUE,MAP3K14
WNK,-0.9825,42,KRSA,0.4754953076120959,2,OTHER,WNK,WNK,WNK1
WNK,-0.9825,42,KRSA,0.4754953076120959,2,OTHER,WNK,WNK,WNK2
WNK,-0.9825,42,KRSA,0.4754953076120959,2,OTHER,WNK,WNK,WNK3
WNK,-0.9825,42,KRSA,0.4754953076120959,2,OTHER,WNK,WNK,WNK4
BUD32,-1.0008333333333337,38,KRSA,0.5255474452554745,3,OTHER,BUD32,BUD32,TP53RK
CAMKK,-0.9733333333333334,44,KRSA,0.4504692387904067,2,OTHER,CAMKK,META,CAMKK1
CAMKK,-0.9733333333333334,44,KRSA,0.4504692387904067,2,OTHER,CAMKK,META,CAMKK2
MOS,-0.9858333333333332,40,KRSA,0.5005213764337852,3,OTHER,MOS,MOS,MOS
PKD,0.8183333333333334,54,KRSA,0.32533889468196037,2,CAMK,PKD,PKD,PRKD1
PKD,0.8183333333333334,54,KRSA,0.32533889468196037,2,CAMK,PKD,PKD,PRKD2
PKD,0.8183333333333334,54,KRSA,0.32533889468196037,2,CAMK,PKD,PKD,PRKD3
TAO,0.4183333333333333,66,KRSA,0.17518248175182483,1,STE,STE20,TAO,TAOK1
TAO,0.4183333333333333,66,KRSA,0.17518248175182483,1,STE,STE20,TAO,TAOK2
TAO,0.4183333333333333,66,KRSA,0.17518248175182483,1,STE,STE20,TAO,TAOK3
BRSK,-0.9716666666666668,45,KRSA,0.43795620437956206,2,CAMK,CAMKL,BRSK,BRSK1
BRSK,-0.9716666666666668,45,KRSA,0.43795620437956206,2,CAMK,CAMKL,BRSK,BRSK2
SLK,0.2241666666666667,74,KRSA,0.07507820646506778,1,STE,STE20,SLK,SLK
SLK,0.2241666666666667,74,KRSA,0.07507820646506778,1,STE,STE20,SLK,STK10
KHS,0.74,56,KRSA,0.30031282586027114,2,STE,STE20,KHS,MAP4K1
KHS,0.74,56,KRSA,0.30031282586027114,2,STE,STE20,KHS,MAP4K2
KHS,0.74,56,KRSA,0.30031282586027114,2,STE,STE20,KHS,MAP4K3
KHS,0.74,56,KRSA,0.30031282586027114,2,STE,STE20,KHS,MAP4K5
MSN,0.8358333333333333,52,KRSA,0.35036496350364965,2,STE,STE20,MSN,MAP4K4
MSN,0.8358333333333333,52,KRSA,0.35036496350364965,2,STE,STE20,MSN,NRK
MSN,0.8358333333333333,52,KRSA,0.35036496350364965,2,STE,STE20,MSN,TNIK
PASK,1.1108333333333331,34,KRSA,0.5755995828988529,3,CAMK,CAMKL,PASK,PASK
NEK,-1.0699999999999998,36,KRSA,0.5505735140771637,3,OTHER,NEK,NEK11,NEK11
NEK,-1.0699999999999998,36,KRSA,0.5505735140771637,3,OTHER,NEK,NEK2,NEK2
NEK,-1.0699999999999998,36,KRSA,0.5505735140771637,3,OTHER,NEK,NEK1,NEK3
NEK,-1.0699999999999998,36,KRSA,0.5505735140771637,3,OTHER,NEK,NEK4,NEK4
NEK,-1.0699999999999998,36,KRSA,0.5505735140771637,3,OTHER,NEK,NEK1,NEK5
NEK,-1.0699999999999998,36,KRSA,0.5505735140771637,3,OTHER,NEK,NEK6,NEK6
NEK,-1.0699999999999998,36,KRSA,0.5505735140771637,3,OTHER,NEK,NEK6,NEK7
NEK,-1.0699999999999998,36,KRSA,0.5505735140771637,3,OTHER,NEK,NEK8,NEK8
NEK,-1.0699999999999998,36,KRSA,0.5505735140771637,3,OTHER,NEK,NEK8,NEK9
AKT,0.17583333333333334,75,KRSA,0.06256517205422316,1,AGC,AKT,AKT,AKT1
AKT,0.17583333333333334,75,KRSA,0.06256517205422316,1,AGC,AKT,AKT,AKT2
AKT,0.17583333333333334,75,KRSA,0.06256517205422316,1,AGC,AKT,AKT,AKT3
CK2,-0.2708333333333333,71,KRSA,0.11261730969760167,1,CMGC,CK2,CK2,CSNK2A1
CK2,-0.2708333333333333,71,KRSA,0.11261730969760167,1,CMGC,CK2,CK2,CSNK2A2
CK2,-0.2708333333333333,71,KRSA,0.11261730969760167,1,NA,NA,NA,CSNK2A3
PHK,-1.475,25,KRSA,0.6882168925964547,3,CAMK,PHK,PHK,PHKG1
PHK,-1.475,25,KRSA,0.6882168925964547,3,CAMK,PHK,PHK,PHKG2
CHK1,0.42583333333333334,65,KRSA,0.18769551616266944,1,CAMK,CAMKL,CHK1,CHEK1
PRKDC,-1.6583333333333332,21,KRSA,0.7382690302398331,3,ATYPICAL,PIKK,DNAPK,PRKDC
MLCK,-0.10666666666666667,77,KRSA,0.03753910323253389,1,CAMK,MLCK,MLCK,MYLK
MLCK,-0.10666666666666667,77,KRSA,0.03753910323253389,1,CAMK,MLCK,MLCK,MYLK2
MLCK,-0.10666666666666667,77,KRSA,0.03753910323253389,1,CAMK,MLCK,MLCK,TTN
BARK2,-0.4991666666666667,62,KRSA,0.22523461939520334,1,AGC,GRK,BARK,GRK3
STKR,0.435,64,KRSA,0.20020855057351408,1,TKL,STKR,TYPE1,ACVR1
STKR,0.435,64,KRSA,0.20020855057351408,1,TKL,STKR,TYPE1,ACVR1B
STKR,0.435,64,KRSA,0.20020855057351408,1,TKL,STKR,TYPE1,ACVR1C
STKR,0.435,64,KRSA,0.20020855057351408,1,TKL,STKR,TYPE2,ACVR2A
STKR,0.435,64,KRSA,0.20020855057351408,1,TKL,STKR,TYPE2,ACVR2B
STKR,0.435,64,KRSA,0.20020855057351408,1,TKL,STKR,TYPE1,ACVRL1
STKR,0.435,64,KRSA,0.20020855057351408,1,TKL,STKR,TYPE2,AMHR2
STKR,0.435,64,KRSA,0.20020855057351408,1,TKL,STKR,TYPE1,BMPR1A
STKR,0.435,64,KRSA,0.20020855057351408,1,TKL,STKR,TYPE1,BMPR1B
STKR,0.435,64,KRSA,0.20020855057351408,1,TKL,STKR,TYPE2,BMPR2
STKR,0.435,64,KRSA,0.20020855057351408,1,TKL,STKR,TYPE1,TGFBR1
STKR,0.435,64,KRSA,0.20020855057351408,1,TKL,STKR,TYPE2,TGFBR2
MAPKAPK,-0.01333333333333335,80,KRSA,0,1,CAMK,MAPKAPK,MAPKAPK,MAPKAPK2
MAPKAPK,-0.01333333333333335,80,KRSA,0,1,CAMK,MAPKAPK,MAPKAPK,MAPKAPK3
MAPKAPK,-0.01333333333333335,80,KRSA,0,1,CAMK,MAPKAPK,MAPKAPK,MAPKAPK5
MAPKAPK,-0.01333333333333335,80,KRSA,0,1,CAMK,MAPKAPK,MNK,MKNK1
MAPKAPK,-0.01333333333333335,80,KRSA,0,1,CAMK,MAPKAPK,MNK,MKNK2
CAMK2,0.17499999999999988,76,KRSA,0.05005213764337852,1,CAMK,CAMK2,CAMK2,CAMK2A
CAMK2,0.17499999999999988,76,KRSA,0.05005213764337852,1,CAMK,CAMK2,CAMK2,CAMK2B
CAMK2,0.17499999999999988,76,KRSA,0.05005213764337852,1,CAMK,CAMK2,CAMK2,CAMK2D
CAMK2,0.17499999999999988,76,KRSA,0.05005213764337852,1,CAMK,CAMK2,CAMK2,CAMK2G
COT,0.8283333333333334,53,KRSA,0.337851929092805,2,STE,STE-UNIQUE,STE-UNIQUE,MAP3K8
PDHK,-0.08999999999999997,78,KRSA,0.02502606882168926,1,ATYPICAL,PDHK,BCKDK,BCKDK
PDHK,-0.08999999999999997,78,KRSA,0.02502606882168926,1,ATYPICAL,PDHK,PDHK,PDK2
PDHK,-0.08999999999999997,78,KRSA,0.02502606882168926,1,ATYPICAL,PDHK,PDHK,PDK3
PDHK,-0.08999999999999997,78,KRSA,0.02502606882168926,1,ATYPICAL,PDHK,PDHK,PDK4
RIPK,0.03416666666666664,79,KRSA,0.01251303441084463,1,TKL,RIPK,RIPK,ANKK1
RIPK,0.03416666666666664,79,KRSA,0.01251303441084463,1,TKL,RIPK,RIPK,RIPK1
RIPK,0.03416666666666664,79,KRSA,0.01251303441084463,1,TKL,RIPK,RIPK,RIPK2
RIPK,0.03416666666666664,79,KRSA,0.01251303441084463,1,TKL,RIPK,RIPK,RIPK3
RIPK,0.03416666666666664,79,KRSA,0.01251303441084463,1,TKL,RIPK,RIPK,RIPK4
DMPK,-0.7166666666666667,59,KRSA,0.26277372262773724,2,AGC,DMPK,GEK,CDC42BPA
DMPK,-0.7166666666666667,59,KRSA,0.26277372262773724,2,AGC,DMPK,GEK,CDC42BPB
DMPK,-0.7166666666666667,59,KRSA,0.26277372262773724,2,AGC,DMPK,GEK,CDC42BPG
DMPK,-0.7166666666666667,59,KRSA,0.26277372262773724,2,AGC,DMPK,CRIK,CIT
DMPK,-0.7166666666666667,59,KRSA,0.26277372262773724,2,AGC,DMPK,GEK,DMPK
DMPK,-0.7166666666666667,59,KRSA,0.26277372262773724,2,AGC,DMPK,ROCK,ROCK1
DMPK,-0.7166666666666667,59,KRSA,0.26277372262773724,2,AGC,DMPK,ROCK,ROCK2
DAPK,-0.7041666666666666,60,KRSA,0.2502606882168926,2,CAMK,DAPK,DAPK,DAPK1
DAPK,-0.7041666666666666,60,KRSA,0.2502606882168926,2,CAMK,DAPK,DAPK,DAPK2
DAPK,-0.7041666666666666,60,KRSA,0.2502606882168926,2,CAMK,DAPK,DAPK,DAPK3
DAPK,-0.7041666666666666,60,KRSA,0.2502606882168926,2,CAMK,DAPK,DRAK,STK17A
DAPK,-0.7041666666666666,60,KRSA,0.2502606882168926,2,CAMK,DAPK,DRAK,STK17B
MELK,-0.73,57,KRSA,0.28779979144942647,2,CAMK,CAMKL,MELK,MELK
AUR,-0.2258333333333333,73,KRSA,0.08759124087591241,1,OTHER,AUR,AUR,AURKA
AUR,-0.2258333333333333,73,KRSA,0.08759124087591241,1,OTHER,AUR,AUR,AURKB
AUR,-0.2258333333333333,73,KRSA,0.08759124087591241,1,OTHER,AUR,AUR,AURKC
MLK,-0.30583333333333335,70,KRSA,0.1251303441084463,1,TKL,MLK,ILK,ILK
MLK,-0.30583333333333335,70,KRSA,0.1251303441084463,1,TKL,MLK,MLK,MAP3K10
MLK,-0.30583333333333335,70,KRSA,0.1251303441084463,1,TKL,MLK,MLK,MAP3K11
MLK,-0.30583333333333335,70,KRSA,0.1251303441084463,1,TKL,MLK,LZK,MAP3K12
MLK,-0.30583333333333335,70,KRSA,0.1251303441084463,1,TKL,MLK,LZK,MAP3K13
MLK,-0.30583333333333335,70,KRSA,0.1251303441084463,1,TKL,MLK,MLK,MAP3K9
MLK,-0.30583333333333335,70,KRSA,0.1251303441084463,1,TKL,MLK,HH498,TNNI3K
GRK,0.2308333333333333,72,KRSA,0.10010427528675704,1,AGC,GRK,GRK,GRK1
GRK,0.2308333333333333,72,KRSA,0.10010427528675704,1,AGC,GRK,GRK,GRK4
GRK,0.2308333333333333,72,KRSA,0.10010427528675704,1,AGC,GRK,GRK,GRK5
GRK,0.2308333333333333,72,KRSA,0.10010427528675704,1,AGC,GRK,GRK,GRK6
GRK,0.2308333333333333,72,KRSA,0.10010427528675704,1,AGC,GRK,GRK,GRK7
PKN,-0.5308333333333334,61,KRSA,0.23774765380604795,1,AGC,PKN,PKN,PKN1
PKN,-0.5308333333333334,61,KRSA,0.23774765380604795,1,AGC,PKN,PKN,PKN2
PKN,-0.5308333333333334,61,KRSA,0.23774765380604795,1,AGC,PKN,PKN,PKN3
NAK,-0.4125,67,KRSA,0.16266944734098018,1,OTHER,NAK,BIKE,AAK1
NAK,-0.4125,67,KRSA,0.16266944734098018,1,OTHER,NAK,BIKE,BMP2K
NAK,-0.4125,67,KRSA,0.16266944734098018,1,OTHER,NAK,GAK,GAK
NAK,-0.4125,67,KRSA,0.16266944734098018,1,OTHER,NAK,MPSK,STK16
DYRK,-4.504166666666666,2,KRSA,0.9760166840458812,4,CMGC,DYRK,DYRK1,DYRK1A
DYRK,-4.504166666666666,2,KRSA,0.9760166840458812,4,CMGC,DYRK,DYRK1,DYRK1B
DYRK,-4.504166666666666,2,KRSA,0.9760166840458812,4,CMGC,DYRK,DYRK2,DYRK2
DYRK,-4.504166666666666,2,KRSA,0.9760166840458812,4,CMGC,DYRK,DYRK2,DYRK3
DYRK,-4.504166666666666,2,KRSA,0.9760166840458812,4,CMGC,DYRK,DYRK2,DYRK4
DYRK,-4.504166666666666,2,KRSA,0.9760166840458812,4,CMGC,DYRK,HIPK,HIPK1
DYRK,-4.504166666666666,2,KRSA,0.9760166840458812,4,CMGC,DYRK,HIPK,HIPK2
DYRK,-4.504166666666666,2,KRSA,0.9760166840458812,4,CMGC,DYRK,HIPK,HIPK3
DYRK,-4.504166666666666,2,KRSA,0.9760166840458812,4,CMGC,DYRK,HIPK,HIPK4
DYRK,-4.504166666666666,2,KRSA,0.9760166840458812,4,CMGC,DYRK,PRP4,PRPF4B
ERK,-4.84,1,KRSA,0.9885297184567258,4,CMGC,MAPK,ERK1,MAPK1
ERK,-4.84,1,KRSA,0.9885297184567258,4,CMGC,MAPK,ERK7,MAPK15
ERK,-4.84,1,KRSA,0.9885297184567258,4,CMGC,MAPK,ERK1,MAPK3
ERK,-4.84,1,KRSA,0.9885297184567258,4,CMGC,MAPK,ERK3,MAPK4
ERK,-4.84,1,KRSA,0.9885297184567258,4,CMGC,MAPK,ERK3,MAPK6
ERK,-4.84,1,KRSA,0.9885297184567258,4,CMGC,MAPK,ERK5,MAPK7
PDK1,-3.799166666666667,5,KRSA,0.9384775808133472,4,ATYPICAL,PDHK,PDHK,PDK1
PDK1,-3.799166666666667,5,KRSA,0.9384775808133472,4,AGC,PDK1,PDK1,PDPK1
P38,-3.0483333333333333,9,KRSA,0.8884254431699687,4,CMGC,MAPK,P38,MAPK11
P38,-3.0483333333333333,9,KRSA,0.8884254431699687,4,CMGC,MAPK,P38,MAPK12
P38,-3.0483333333333333,9,KRSA,0.8884254431699687,4,CMGC,MAPK,P38,MAPK13
P38,-3.0483333333333333,9,KRSA,0.8884254431699687,4,CMGC,MAPK,P38,MAPK14
PKCA,-3.586666666666667,7,KRSA,0.913451511991658,4,AGC,PKC,ALPHA,PRKCA
PKCA,-3.586666666666667,7,KRSA,0.913451511991658,4,AGC,PKC,ALPHA,PRKCB
PKCA,-3.586666666666667,7,KRSA,0.913451511991658,4,AGC,PKC,ALPHA,PRKCG
CDK,-4.479166666666667,3,KRSA,0.9635036496350365,4,CMGC,CDK,CDC2,CDK1
CDK,-4.479166666666667,3,KRSA,0.9635036496350365,4,CMGC,CDK,CDK10,CDK10
CDK,-4.479166666666667,3,KRSA,0.9635036496350365,4,CMGC,CDK,CRK7,CDK12
CDK,-4.479166666666667,3,KRSA,0.9635036496350365,4,CMGC,CDK,CRK7,CDK13
CDK,-4.479166666666667,3,KRSA,0.9635036496350365,4,CMGC,CDK,PFTAIRE,CDK14
CDK,-4.479166666666667,3,KRSA,0.9635036496350365,4,CMGC,CDK,PFTAIRE,CDK15
CDK,-4.479166666666667,3,KRSA,0.9635036496350365,4,CMGC,CDK,PCTAIRE,CDK16
CDK,-4.479166666666667,3,KRSA,0.9635036496350365,4,CMGC,CDK,PCTAIRE,CDK17
CDK,-4.479166666666667,3,KRSA,0.9635036496350365,4,CMGC,CDK,PCTAIRE,CDK18
CDK,-4.479166666666667,3,KRSA,0.9635036496350365,4,CMGC,CDK,CDK8,CDK19
CDK,-4.479166666666667,3,KRSA,0.9635036496350365,4,CMGC,CDK,CDC2,CDK2
CDK,-4.479166666666667,3,KRSA,0.9635036496350365,4,CMGC,CDK,CCRK,CDK20
CDK,-4.479166666666667,3,KRSA,0.9635036496350365,4,CMGC,CDK,CDC2,CDK3
CDK,-4.479166666666667,3,KRSA,0.9635036496350365,4,CMGC,CDK,CDK4,CDK4
CDK,-4.479166666666667,3,KRSA,0.9635036496350365,4,CMGC,CDK,CDK5,CDK5
CDK,-4.479166666666667,3,KRSA,0.9635036496350365,4,CMGC,CDK,CDK4,CDK6
CDK,-4.479166666666667,3,KRSA,0.9635036496350365,4,CMGC,CDK,CDK7,CDK7
CDK,-4.479166666666667,3,KRSA,0.9635036496350365,4,CMGC,CDK,CDK8,CDK8
CDK,-4.479166666666667,3,KRSA,0.9635036496350365,4,CMGC,CDK,CDK9,CDK9
CDK,-4.479166666666667,3,KRSA,0.9635036496350365,4,NA,NA,NA,CDK11A
CDK,-4.479166666666667,3,KRSA,0.9635036496350365,4,NA,NA,NA,CDK11B
PKG,2.9325,11,KRSA,0.8633993743482794,4,AGC,PKG,PKG,PRKG1
PKG,2.9325,11,KRSA,0.8633993743482794,4,AGC,PKG,PKG,PRKG2
PKA,2.8908333333333336,12,KRSA,0.8508863399374348,4,AGC,PKA,PKA,PRKACA
PKA,2.8908333333333336,12,KRSA,0.8508863399374348,4,AGC,PKA,PKA,PRKACB
PKA,2.8908333333333336,12,KRSA,0.8508863399374348,4,AGC,PKA,PKA,PRKACG
PKA,2.8908333333333336,12,KRSA,0.8508863399374348,4,AGC,PKA,PKA,PRKX
PKA,2.8908333333333336,12,KRSA,0.8508863399374348,4,AGC,PKA,PKA,PRKY
JNK,-3.61,6,KRSA,0.9259645464025026,4,CMGC,MAPK,JNK,MAPK10
JNK,-3.61,6,KRSA,0.9259645464025026,4,CMGC,MAPK,JNK,MAPK8
JNK,-3.61,6,KRSA,0.9259645464025026,4,CMGC,MAPK,JNK,MAPK9
PEK,-4.005833333333333,4,KRSA,0.9509906152241918,4,OTHER,PEK,HRI,EIF2AK1
PEK,-4.005833333333333,4,KRSA,0.9509906152241918,4,OTHER,PEK,PKR,EIF2AK2
PEK,-4.005833333333333,4,KRSA,0.9509906152241918,4,OTHER,PEK,PEK,EIF2AK3
PEK,-4.005833333333333,4,KRSA,0.9509906152241918,4,OTHER,PEK,GCN2,EIF2AK4
PLK,-3.158333333333333,8,KRSA,0.9009384775808134,4,NA,NA,NA,PLK5
PLK,-3.158333333333333,8,KRSA,0.9009384775808134,4,OTHER,PLK,PLK1,PLK1
PLK,-3.158333333333333,8,KRSA,0.9009384775808134,4,OTHER,PLK,PLK2,PLK2
PLK,-3.158333333333333,8,KRSA,0.9009384775808134,4,OTHER,PLK,PLK2,PLK3
PLK,-3.158333333333333,8,KRSA,0.9009384775808134,4,OTHER,PLK,SAK,PLK4
PRKDC,-1.6583333333333332,21,KRSA,0.7382690302398331,3,ATYPICAL,PIKK,DNAPK,PRKDC
NMO,-2.9541666666666666,10,KRSA,0.8759124087591241,4,CMGC,MAPK,NMO,NLK
AMPK,1.5216666666666667,23,KRSA,0.7132429614181439,3,CAMK,CAMKL,AMPK,PRKAA1
AMPK,1.5216666666666667,23,KRSA,0.7132429614181439,3,CAMK,CAMKL,AMPK,PRKAA2
STE7,-2.35,14,KRSA,0.8258602711157456,4,STE,STE7,MEK1,MAP2K1
STE7,-2.35,14,KRSA,0.8258602711157456,4,STE,STE7,MEK1,MAP2K2
STE7,-2.35,14,KRSA,0.8258602711157456,4,STE,STE7,MEK3,MAP2K3
STE7,-2.35,14,KRSA,0.8258602711157456,4,STE,STE7,MEK4,MAP2K4
STE7,-2.35,14,KRSA,0.8258602711157456,4,STE,STE7,MEK5,MAP2K5
STE7,-2.35,14,KRSA,0.8258602711157456,4,STE,STE7,MEK3,MAP2K6
STE7,-2.35,14,KRSA,0.8258602711157456,4,STE,STE7,MEK7,MAP2K7
ATR,-1.7983333333333331,19,KRSA,0.7632950990615224,4,ATYPICAL,PIKK,ATR,ATR
CAMK1,2.42,13,KRSA,0.8383733055265902,4,CAMK,CAMK1,CAMK1,CAMK1
CAMK1,2.42,13,KRSA,0.8383733055265902,4,CAMK,CAMK1,CAMK1,CAMK1D
CAMK1,2.42,13,KRSA,0.8383733055265902,4,CAMK,CAMK1,CAMK1,CAMK1G
CAMK1,2.42,13,KRSA,0.8383733055265902,4,CAMK,CAMK1,CAMK1,CAMK4
CAMK1,2.42,13,KRSA,0.8383733055265902,4,CAMK,CAMK1,CAMK1,PNCK
COT,0.8283333333333334,53,KRSA,0.337851929092805,2,STE,STE-UNIQUE,STE-UNIQUE,MAP3K8
RSK,1.31,31,KRSA,0.6131386861313869,3,AGC,RSK,RSK,RPS6KA1
RSK,1.31,31,KRSA,0.6131386861313869,3,AGC,RSK,RSK,RPS6KA2
RSK,1.31,31,KRSA,0.6131386861313869,3,AGC,RSK,RSK,RPS6KA3
RSK,1.31,31,KRSA,0.6131386861313869,3,AGC,RSK,MSK,RPS6KA4
RSK,1.31,31,KRSA,0.6131386861313869,3,AGC,RSK,MSK,RPS6KA5
RSK,1.31,31,KRSA,0.6131386861313869,3,AGC,RSK,RSK,RPS6KA6
RSK,1.31,31,KRSA,0.6131386861313869,3,AGC,RSK,P70,RPS6KB1
RSK,1.31,31,KRSA,0.6131386861313869,3,AGC,RSK,P70,RPS6KB2
MSN,0.8358333333333333,52,KRSA,0.35036496350364965,2,STE,STE20,MSN,MAP4K4
MSN,0.8358333333333333,52,KRSA,0.35036496350364965,2,STE,STE20,MSN,NRK
MSN,0.8358333333333333,52,KRSA,0.35036496350364965,2,STE,STE20,MSN,TNIK
VRK1,-1.055,37,KRSA,0.5380604796663191,3,CK1,VRK,VRK,VRK1
LKB,-1.9766666666666663,16,KRSA,0.8008342022940563,4,CAMK,CAMKL,LKB,STK11
STE11,-0.9316666666666666,46,KRSA,0.4254431699687174,2,TKL,MLK,TAK1,MAP3K7
STE11,-0.9316666666666666,46,KRSA,0.4254431699687174,2,STE,STE11,MEKK1,MAP3K1
STE11,-0.9316666666666666,46,KRSA,0.4254431699687174,2,STE,STE11,ASK,MAP3K15
STE11,-0.9316666666666666,46,KRSA,0.4254431699687174,2,STE,STE11,MEKK2,MAP3K2
STE11,-0.9316666666666666,46,KRSA,0.4254431699687174,2,STE,STE11,MEKK2,MAP3K3
STE11,-0.9316666666666666,46,KRSA,0.4254431699687174,2,STE,STE11,MEKK4,MAP3K4
STE11,-0.9316666666666666,46,KRSA,0.4254431699687174,2,STE,STE11,ASK,MAP3K5
STE11,-0.9316666666666666,46,KRSA,0.4254431699687174,2,STE,STE11,ASK,MAP3K6
MST,-2.091666666666667,15,KRSA,0.8133472367049009,4,STE,STE20,MST,STK3
MST,-2.091666666666667,15,KRSA,0.8133472367049009,4,STE,STE20,MST,STK4
RAD53,1.1583333333333332,33,KRSA,0.5881126173096975,3,CAMK,RAD53,RAD53,CHEK2
FRAY,-1.4875,24,KRSA,0.7007299270072993,3,STE,STE20,FRAY,OXSR1
FRAY,-1.4875,24,KRSA,0.7007299270072993,3,STE,STE20,FRAY,STK39
MTOR,-1.7858333333333334,20,KRSA,0.7507820646506778,4,ATYPICAL,PIKK,FRAP,MTOR
SGK,0.8658333333333333,50,KRSA,0.3753910323253389,2,AGC,SGK,SGK,SGK1
SGK,0.8658333333333333,50,KRSA,0.3753910323253389,2,AGC,SGK,SGK,SGK2
SGK,0.8658333333333333,50,KRSA,0.3753910323253389,2,AGC,SGK,SGK,SGK3
RAF,-1.9108333333333336,18,KRSA,0.7758081334723671,4,TKL,RAF,RAF,ARAF
RAF,-1.9108333333333336,18,KRSA,0.7758081334723671,4,TKL,RAF,RAF,BRAF
RAF,-1.9108333333333336,18,KRSA,0.7758081334723671,4,TKL,RAF,KSR,KSR1
RAF,-1.9108333333333336,18,KRSA,0.7758081334723671,4,TKL,RAF,KSR,KSR2
RAF,-1.9108333333333336,18,KRSA,0.7758081334723671,4,TKL,RAF,RAF,RAF1
HAL,0.8066666666666666,55,KRSA,0.31282586027111575,2,RGC,RGC,RGC,NPR1
PAKB,0.3141666666666667,69,KRSA,0.13764337851929093,1,STE,STE20,PAKB,PAK4
PAKB,0.3141666666666667,69,KRSA,0.13764337851929093,1,STE,STE20,PAKB,PAK5
PAKB,0.3141666666666667,69,KRSA,0.13764337851929093,1,STE,STE20,PAKB,PAK6
NEK,-1.0699999999999998,36,KRSA,0.5505735140771637,3,OTHER,NEK,NEK11,NEK11
NEK,-1.0699999999999998,36,KRSA,0.5505735140771637,3,OTHER,NEK,NEK2,NEK2
NEK,-1.0699999999999998,36,KRSA,0.5505735140771637,3,OTHER,NEK,NEK1,NEK3
NEK,-1.0699999999999998,36,KRSA,0.5505735140771637,3,OTHER,NEK,NEK4,NEK4
NEK,-1.0699999999999998,36,KRSA,0.5505735140771637,3,OTHER,NEK,NEK1,NEK5
NEK,-1.0699999999999998,36,KRSA,0.5505735140771637,3,OTHER,NEK,NEK6,NEK6
NEK,-1.0699999999999998,36,KRSA,0.5505735140771637,3,OTHER,NEK,NEK6,NEK7
NEK,-1.0699999999999998,36,KRSA,0.5505735140771637,3,OTHER,NEK,NEK8,NEK8
NEK,-1.0699999999999998,36,KRSA,0.5505735140771637,3,OTHER,NEK,NEK8,NEK9
PKCH,-1.1083333333333334,35,KRSA,0.5630865484880083,3,AGC,PKC,ETA,PRKCE
PKCH,-1.1083333333333334,35,KRSA,0.5630865484880083,3,AGC,PKC,ETA,PRKCH
TTK,-1.4016666666666666,26,KRSA,0.67570385818561,3,OTHER,TTK,TTK,TTK
NUAK,-1.3833333333333333,28,KRSA,0.6506777893639207,3,CAMK,CAMKL,NUAK,NUAK1
NUAK,-1.3833333333333333,28,KRSA,0.6506777893639207,3,CAMK,CAMKL,NUAK,NUAK2
PKN,-0.5308333333333334,61,KRSA,0.23774765380604795,1,AGC,PKN,PKN,PKN1
PKN,-0.5308333333333334,61,KRSA,0.23774765380604795,1,AGC,PKN,PKN,PKN2
PKN,-0.5308333333333334,61,KRSA,0.23774765380604795,1,AGC,PKN,PKN,PKN3
CK1,-1.9408333333333336,17,KRSA,0.7883211678832117,4,CK1,CK1,CK1-A,CSNK1A1
CK1,-1.9408333333333336,17,KRSA,0.7883211678832117,4,CK1,CK1,CK1-A,CSNK1A1L
CK1,-1.9408333333333336,17,KRSA,0.7883211678832117,4,CK1,CK1,CK1-D,CSNK1D
CK1,-1.9408333333333336,17,KRSA,0.7883211678832117,4,CK1,CK1,CK1-D,CSNK1E
CK1,-1.9408333333333336,17,KRSA,0.7883211678832117,4,CK1,CK1,CK1-G,CSNK1G1
CK1,-1.9408333333333336,17,KRSA,0.7883211678832117,4,CK1,CK1,CK1-G,CSNK1G2
CK1,-1.9408333333333336,17,KRSA,0.7883211678832117,4,CK1,CK1,CK1-G,CSNK1G3
CK1,-1.9408333333333336,17,KRSA,0.7883211678832117,4,CK1,TTBK,TTBK,TTBK1
CK1,-1.9408333333333336,17,KRSA,0.7883211678832117,4,CK1,TTBK,TTBK,TTBK2
CK1,-1.9408333333333336,17,KRSA,0.7883211678832117,4,CK1,VRK,VRK,VRK3
TLK,-1.395,27,KRSA,0.6631908237747653,3,OTHER,TLK,TLK,TLK1
TLK,-1.395,27,KRSA,0.6631908237747653,3,OTHER,TLK,TLK,TLK2
QIK,-1.5683333333333334,22,KRSA,0.7257559958289885,3,CAMK,CAMKL,QIK,SIK1
QIK,-1.5683333333333334,22,KRSA,0.7257559958289885,3,CAMK,CAMKL,QIK,SIK2
PKCI,1.35,30,KRSA,0.6256517205422315,3,AGC,PKC,IOTA,PRKCI
PKCI,1.35,30,KRSA,0.6256517205422315,3,AGC,PKC,IOTA,PRKCZ
PIM,0.7175,58,KRSA,0.27528675703858185,2,CAMK,PIM,PIM,PIM1
PIM,0.7175,58,KRSA,0.27528675703858185,2,CAMK,PIM,PIM,PIM2
PIM,0.7175,58,KRSA,0.27528675703858185,2,CAMK,PIM,PIM,PIM3
PKCD,0.855,51,KRSA,0.36287799791449427,2,AGC,PKC,DELTA,PRKCD
PKCD,0.855,51,KRSA,0.36287799791449427,2,AGC,PKC,DELTA,PRKCQ
SLK,0.2241666666666667,74,KRSA,0.07507820646506778,1,STE,STE20,SLK,SLK
SLK,0.2241666666666667,74,KRSA,0.07507820646506778,1,STE,STE20,SLK,STK10
KHS,0.74,56,KRSA,0.30031282586027114,2,STE,STE20,KHS,MAP4K1
KHS,0.74,56,KRSA,0.30031282586027114,2,STE,STE20,KHS,MAP4K2
KHS,0.74,56,KRSA,0.30031282586027114,2,STE,STE20,KHS,MAP4K3
KHS,0.74,56,KRSA,0.30031282586027114,2,STE,STE20,KHS,MAP4K5
PASK,1.1108333333333331,34,KRSA,0.5755995828988529,3,CAMK,CAMKL,PASK,PASK
TAO,0.4183333333333333,66,KRSA,0.17518248175182483,1,STE,STE20,TAO,TAOK1
TAO,0.4183333333333333,66,KRSA,0.17518248175182483,1,STE,STE20,TAO,TAOK2
TAO,0.4183333333333333,66,KRSA,0.17518248175182483,1,STE,STE20,TAO,TAOK3
CAMK2,0.17499999999999988,76,KRSA,0.05005213764337852,1,CAMK,CAMK2,CAMK2,CAMK2A
CAMK2,0.17499999999999988,76,KRSA,0.05005213764337852,1,CAMK,CAMK2,CAMK2,CAMK2B
CAMK2,0.17499999999999988,76,KRSA,0.05005213764337852,1,CAMK,CAMK2,CAMK2,CAMK2D
CAMK2,0.17499999999999988,76,KRSA,0.05005213764337852,1,CAMK,CAMK2,CAMK2,CAMK2G
CLK,-0.985,41,KRSA,0.4880083420229406,2,CMGC,CLK,CLK,CLK1
CLK,-0.985,41,KRSA,0.4880083420229406,2,CMGC,CLK,CLK,CLK2
CLK,-0.985,41,KRSA,0.4880083420229406,2,CMGC,CLK,CLK,CLK3
CLK,-0.985,41,KRSA,0.4880083420229406,2,CMGC,CLK,CLK,CLK4
NIK,-0.9866666666666668,39,KRSA,0.5130344108446299,3,STE,STE-UNIQUE,STE-UNIQUE,MAP3K14
CAMKK,-0.9733333333333334,44,KRSA,0.4504692387904067,2,OTHER,CAMKK,META,CAMKK1
CAMKK,-0.9733333333333334,44,KRSA,0.4504692387904067,2,OTHER,CAMKK,META,CAMKK2
WNK,-0.9825,42,KRSA,0.4754953076120959,2,OTHER,WNK,WNK,WNK1
WNK,-0.9825,42,KRSA,0.4754953076120959,2,OTHER,WNK,WNK,WNK2
WNK,-0.9825,42,KRSA,0.4754953076120959,2,OTHER,WNK,WNK,WNK3
WNK,-0.9825,42,KRSA,0.4754953076120959,2,OTHER,WNK,WNK,WNK4
MOS,-0.9858333333333332,40,KRSA,0.5005213764337852,3,OTHER,MOS,MOS,MOS
PKD,0.8183333333333334,54,KRSA,0.32533889468196037,2,CAMK,PKD,PKD,PRKD1
PKD,0.8183333333333334,54,KRSA,0.32533889468196037,2,CAMK,PKD,PKD,PRKD2
PKD,0.8183333333333334,54,KRSA,0.32533889468196037,2,CAMK,PKD,PKD,PRKD3
BRSK,-0.9716666666666668,45,KRSA,0.43795620437956206,2,CAMK,CAMKL,BRSK,BRSK1
BRSK,-0.9716666666666668,45,KRSA,0.43795620437956206,2,CAMK,CAMKL,BRSK,BRSK2
ULK,-0.9816666666666668,43,KRSA,0.4629822732012513,2,OTHER,ULK,FUSED,STK36
ULK,-0.9816666666666668,43,KRSA,0.4629822732012513,2,OTHER,ULK,ULK,ULK1
ULK,-0.9816666666666668,43,KRSA,0.4629822732012513,2,OTHER,ULK,ULK,ULK2
ULK,-0.9816666666666668,43,KRSA,0.4629822732012513,2,OTHER,ULK,ULK,ULK3
ULK,-0.9816666666666668,43,KRSA,0.4629822732012513,2,OTHER,ULK,ULK,ULK4
ATM,-0.9233333333333332,47,KRSA,0.4129301355578728,2,ATYPICAL,PIKK,ATM,ATM
PAKA,0.9066666666666668,48,KRSA,0.40041710114702816,2,STE,STE20,PAKA,PAK1
PAKA,0.9066666666666668,48,KRSA,0.40041710114702816,2,STE,STE20,PAKA,PAK2
PAKA,0.9066666666666668,48,KRSA,0.40041710114702816,2,STE,STE20,PAKA,PAK3
PDHK,-0.08999999999999997,78,KRSA,0.02502606882168926,1,ATYPICAL,PDHK,BCKDK,BCKDK
PDHK,-0.08999999999999997,78,KRSA,0.02502606882168926,1,ATYPICAL,PDHK,PDHK,PDK2
PDHK,-0.08999999999999997,78,KRSA,0.02502606882168926,1,ATYPICAL,PDHK,PDHK,PDK3
PDHK,-0.08999999999999997,78,KRSA,0.02502606882168926,1,ATYPICAL,PDHK,PDHK,PDK4
GSK,-1.225,32,KRSA,0.6006256517205423,3,CMGC,GSK,GSK,GSK3A
GSK,-1.225,32,KRSA,0.6006256517205423,3,CMGC,GSK,GSK,GSK3B
BUD32,-1.0008333333333337,38,KRSA,0.5255474452554745,3,OTHER,BUD32,BUD32,TP53RK
IKK,-1.3708333333333331,29,KRSA,0.6381647549530761,3,OTHER,IKK,IKK,CHUK
IKK,-1.3708333333333331,29,KRSA,0.6381647549530761,3,OTHER,IKK,IKK,IKBKB
IKK,-1.3708333333333331,29,KRSA,0.6381647549530761,3,OTHER,IKK,IKK,IKBKE
IKK,-1.3708333333333331,29,KRSA,0.6381647549530761,3,OTHER,IKK,IKK,TBK1
AUR,-0.2258333333333333,73,KRSA,0.08759124087591241,1,OTHER,AUR,AUR,AURKA
AUR,-0.2258333333333333,73,KRSA,0.08759124087591241,1,OTHER,AUR,AUR,AURKB
AUR,-0.2258333333333333,73,KRSA,0.08759124087591241,1,OTHER,AUR,AUR,AURKC
AKT,0.17583333333333334,75,KRSA,0.06256517205422316,1,AGC,AKT,AKT,AKT1
AKT,0.17583333333333334,75,KRSA,0.06256517205422316,1,AGC,AKT,AKT,AKT2
AKT,0.17583333333333334,75,KRSA,0.06256517205422316,1,AGC,AKT,AKT,AKT3
MLCK,-0.10666666666666667,77,KRSA,0.03753910323253389,1,CAMK,MLCK,MLCK,MYLK
MLCK,-0.10666666666666667,77,KRSA,0.03753910323253389,1,CAMK,MLCK,MLCK,MYLK2
MLCK,-0.10666666666666667,77,KRSA,0.03753910323253389,1,CAMK,MLCK,MLCK,TTN
CHK1,0.42583333333333334,65,KRSA,0.18769551616266944,1,CAMK,CAMKL,CHK1,CHEK1
BARK2,-0.4991666666666667,62,KRSA,0.22523461939520334,1,AGC,GRK,BARK,GRK3
MAPKAPK,-0.01333333333333335,80,KRSA,0,1,CAMK,MAPKAPK,MAPKAPK,MAPKAPK2
MAPKAPK,-0.01333333333333335,80,KRSA,0,1,CAMK,MAPKAPK,MAPKAPK,MAPKAPK3
MAPKAPK,-0.01333333333333335,80,KRSA,0,1,CAMK,MAPKAPK,MAPKAPK,MAPKAPK5
MAPKAPK,-0.01333333333333335,80,KRSA,0,1,CAMK,MAPKAPK,MNK,MKNK1
MAPKAPK,-0.01333333333333335,80,KRSA,0,1,CAMK,MAPKAPK,MNK,MKNK2
STKR,0.435,64,KRSA,0.20020855057351408,1,TKL,STKR,TYPE1,ACVR1
STKR,0.435,64,KRSA,0.20020855057351408,1,TKL,STKR,TYPE1,ACVR1B
STKR,0.435,64,KRSA,0.20020855057351408,1,TKL,STKR,TYPE1,ACVR1C
STKR,0.435,64,KRSA,0.20020855057351408,1,TKL,STKR,TYPE2,ACVR2A
STKR,0.435,64,KRSA,0.20020855057351408,1,TKL,STKR,TYPE2,ACVR2B
STKR,0.435,64,KRSA,0.20020855057351408,1,TKL,STKR,TYPE1,ACVRL1
STKR,0.435,64,KRSA,0.20020855057351408,1,TKL,STKR,TYPE2,AMHR2
STKR,0.435,64,KRSA,0.20020855057351408,1,TKL,STKR,TYPE1,BMPR1A
STKR,0.435,64,KRSA,0.20020855057351408,1,TKL,STKR,TYPE1,BMPR1B
STKR,0.435,64,KRSA,0.20020855057351408,1,TKL,STKR,TYPE2,BMPR2
STKR,0.435,64,KRSA,0.20020855057351408,1,TKL,STKR,TYPE1,TGFBR1
STKR,0.435,64,KRSA,0.20020855057351408,1,TKL,STKR,TYPE2,TGFBR2
GRK,0.2308333333333333,72,KRSA,0.10010427528675704,1,AGC,GRK,GRK,GRK1
GRK,0.2308333333333333,72,KRSA,0.10010427528675704,1,AGC,GRK,GRK,GRK4
GRK,0.2308333333333333,72,KRSA,0.10010427528675704,1,AGC,GRK,GRK,GRK5
GRK,0.2308333333333333,72,KRSA,0.10010427528675704,1,AGC,GRK,GRK,GRK6
GRK,0.2308333333333333,72,KRSA,0.10010427528675704,1,AGC,GRK,GRK,GRK7
NDR,-0.8791666666666667,49,KRSA,0.38790406673618355,2,AGC,NDR,NDR,LATS1
NDR,-0.8791666666666667,49,KRSA,0.38790406673618355,2,AGC,NDR,NDR,LATS2
NDR,-0.8791666666666667,49,KRSA,0.38790406673618355,2,AGC,NDR,NDR,STK38
NDR,-0.8791666666666667,49,KRSA,0.38790406673618355,2,AGC,NDR,NDR,STK38L
PHK,-1.475,25,KRSA,0.6882168925964547,3,CAMK,PHK,PHK,PHKG1
PHK,-1.475,25,KRSA,0.6882168925964547,3,CAMK,PHK,PHK,PHKG2
RIPK,0.03416666666666664,79,KRSA,0.01251303441084463,1,TKL,RIPK,RIPK,ANKK1
RIPK,0.03416666666666664,79,KRSA,0.01251303441084463,1,TKL,RIPK,RIPK,RIPK1
RIPK,0.03416666666666664,79,KRSA,0.01251303441084463,1,TKL,RIPK,RIPK,RIPK2
RIPK,0.03416666666666664,79,KRSA,0.01251303441084463,1,TKL,RIPK,RIPK,RIPK3
RIPK,0.03416666666666664,79,KRSA,0.01251303441084463,1,TKL,RIPK,RIPK,RIPK4
MLK,-0.30583333333333335,70,KRSA,0.1251303441084463,1,TKL,MLK,ILK,ILK
MLK,-0.30583333333333335,70,KRSA,0.1251303441084463,1,TKL,MLK,MLK,MAP3K10
MLK,-0.30583333333333335,70,KRSA,0.1251303441084463,1,TKL,MLK,MLK,MAP3K11
MLK,-0.30583333333333335,70,KRSA,0.1251303441084463,1,TKL,MLK,LZK,MAP3K12
MLK,-0.30583333333333335,70,KRSA,0.1251303441084463,1,TKL,MLK,LZK,MAP3K13
MLK,-0.30583333333333335,70,KRSA,0.1251303441084463,1,TKL,MLK,MLK,MAP3K9
MLK,-0.30583333333333335,70,KRSA,0.1251303441084463,1,TKL,MLK,HH498,TNNI3K
IRAK,-0.44166666666666665,63,KRSA,0.2127215849843587,1,TKL,IRAK,IRAK,IRAK1
IRAK,-0.44166666666666665,63,KRSA,0.2127215849843587,1,TKL,IRAK,IRAK,IRAK2
IRAK,-0.44166666666666665,63,KRSA,0.2127215849843587,1,TKL,IRAK,IRAK,IRAK3
IRAK,-0.44166666666666665,63,KRSA,0.2127215849843587,1,TKL,IRAK,IRAK,IRAK4
DAPK,-0.7041666666666666,60,KRSA,0.2502606882168926,2,CAMK,DAPK,DAPK,DAPK1
DAPK,-0.7041666666666666,60,KRSA,0.2502606882168926,2,CAMK,DAPK,DAPK,DAPK2
DAPK,-0.7041666666666666,60,KRSA,0.2502606882168926,2,CAMK,DAPK,DAPK,DAPK3
DAPK,-0.7041666666666666,60,KRSA,0.2502606882168926,2,CAMK,DAPK,DRAK,STK17A
DAPK,-0.7041666666666666,60,KRSA,0.2502606882168926,2,CAMK,DAPK,DRAK,STK17B
CK2,-0.2708333333333333,71,KRSA,0.11261730969760167,1,CMGC,CK2,CK2,CSNK2A1
CK2,-0.2708333333333333,71,KRSA,0.11261730969760167,1,CMGC,CK2,CK2,CSNK2A2
CK2,-0.2708333333333333,71,KRSA,0.11261730969760167,1,NA,NA,NA,CSNK2A3
MELK,-0.73,57,KRSA,0.28779979144942647,2,CAMK,CAMKL,MELK,MELK
DMPK,-0.7166666666666667,59,KRSA,0.26277372262773724,2,AGC,DMPK,GEK,CDC42BPA
DMPK,-0.7166666666666667,59,KRSA,0.26277372262773724,2,AGC,DMPK,GEK,CDC42BPB
DMPK,-0.7166666666666667,59,KRSA,0.26277372262773724,2,AGC,DMPK,GEK,CDC42BPG
DMPK,-0.7166666666666667,59,KRSA,0.26277372262773724,2,AGC,DMPK,CRIK,CIT
DMPK,-0.7166666666666667,59,KRSA,0.26277372262773724,2,AGC,DMPK,GEK,DMPK
DMPK,-0.7166666666666667,59,KRSA,0.26277372262773724,2,AGC,DMPK,ROCK,ROCK1
DMPK,-0.7166666666666667,59,KRSA,0.26277372262773724,2,AGC,DMPK,ROCK,ROCK2
NAK,-0.4125,67,KRSA,0.16266944734098018,1,OTHER,NAK,BIKE,AAK1
NAK,-0.4125,67,KRSA,0.16266944734098018,1,OTHER,NAK,BIKE,BMP2K
NAK,-0.4125,67,KRSA,0.16266944734098018,1,OTHER,NAK,GAK,GAK
NAK,-0.4125,67,KRSA,0.16266944734098018,1,OTHER,NAK,MPSK,STK16
ERK,-4.84,1,KRSA,0.9885297184567258,4,CMGC,MAPK,ERK1,MAPK1
ERK,-4.84,1,KRSA,0.9885297184567258,4,CMGC,MAPK,ERK7,MAPK15
ERK,-4.84,1,KRSA,0.9885297184567258,4,CMGC,MAPK,ERK1,MAPK3
ERK,-4.84,1,KRSA,0.9885297184567258,4,CMGC,MAPK,ERK3,MAPK4
ERK,-4.84,1,KRSA,0.9885297184567258,4,CMGC,MAPK,ERK3,MAPK6
ERK,-4.84,1,KRSA,0.9885297184567258,4,CMGC,MAPK,ERK5,MAPK7
PKG,2.9325,11,KRSA,0.8633993743482794,4,AGC,PKG,PKG,PRKG1
PKG,2.9325,11,KRSA,0.8633993743482794,4,AGC,PKG,PKG,PRKG2
PKA,2.8908333333333336,12,KRSA,0.8508863399374348,4,AGC,PKA,PKA,PRKACA
PKA,2.8908333333333336,12,KRSA,0.8508863399374348,4,AGC,PKA,PKA,PRKACB
PKA,2.8908333333333336,12,KRSA,0.8508863399374348,4,AGC,PKA,PKA,PRKACG
PKA,2.8908333333333336,12,KRSA,0.8508863399374348,4,AGC,PKA,PKA,PRKX
PKA,2.8908333333333336,12,KRSA,0.8508863399374348,4,AGC,PKA,PKA,PRKY
DYRK,-4.504166666666666,2,KRSA,0.9760166840458812,4,CMGC,DYRK,DYRK1,DYRK1A
DYRK,-4.504166666666666,2,KRSA,0.9760166840458812,4,CMGC,DYRK,DYRK1,DYRK1B
DYRK,-4.504166666666666,2,KRSA,0.9760166840458812,4,CMGC,DYRK,DYRK2,DYRK2
DYRK,-4.504166666666666,2,KRSA,0.9760166840458812,4,CMGC,DYRK,DYRK2,DYRK3
DYRK,-4.504166666666666,2,KRSA,0.9760166840458812,4,CMGC,DYRK,DYRK2,DYRK4
DYRK,-4.504166666666666,2,KRSA,0.9760166840458812,4,CMGC,DYRK,HIPK,HIPK1
DYRK,-4.504166666666666,2,KRSA,0.9760166840458812,4,CMGC,DYRK,HIPK,HIPK2
DYRK,-4.504166666666666,2,KRSA,0.9760166840458812,4,CMGC,DYRK,HIPK,HIPK3
DYRK,-4.504166666666666,2,KRSA,0.9760166840458812,4,CMGC,DYRK,HIPK,HIPK4
DYRK,-4.504166666666666,2,KRSA,0.9760166840458812,4,CMGC,DYRK,PRP4,PRPF4B
JNK,-3.61,6,KRSA,0.9259645464025026,4,CMGC,MAPK,JNK,MAPK10
JNK,-3.61,6,KRSA,0.9259645464025026,4,CMGC,MAPK,JNK,MAPK8
JNK,-3.61,6,KRSA,0.9259645464025026,4,CMGC,MAPK,JNK,MAPK9
CDK,-4.479166666666667,3,KRSA,0.9635036496350365,4,CMGC,CDK,CDC2,CDK1
CDK,-4.479166666666667,3,KRSA,0.9635036496350365,4,CMGC,CDK,CDK10,CDK10
CDK,-4.479166666666667,3,KRSA,0.9635036496350365,4,CMGC,CDK,CRK7,CDK12
CDK,-4.479166666666667,3,KRSA,0.9635036496350365,4,CMGC,CDK,CRK7,CDK13
CDK,-4.479166666666667,3,KRSA,0.9635036496350365,4,CMGC,CDK,PFTAIRE,CDK14
CDK,-4.479166666666667,3,KRSA,0.9635036496350365,4,CMGC,CDK,PFTAIRE,CDK15
CDK,-4.479166666666667,3,KRSA,0.9635036496350365,4,CMGC,CDK,PCTAIRE,CDK16
CDK,-4.479166666666667,3,KRSA,0.9635036496350365,4,CMGC,CDK,PCTAIRE,CDK17
CDK,-4.479166666666667,3,KRSA,0.9635036496350365,4,CMGC,CDK,PCTAIRE,CDK18
CDK,-4.479166666666667,3,KRSA,0.9635036496350365,4,CMGC,CDK,CDK8,CDK19
CDK,-4.479166666666667,3,KRSA,0.9635036496350365,4,CMGC,CDK,CDC2,CDK2
CDK,-4.479166666666667,3,KRSA,0.9635036496350365,4,CMGC,CDK,CCRK,CDK20
CDK,-4.479166666666667,3,KRSA,0.9635036496350365,4,CMGC,CDK,CDC2,CDK3
CDK,-4.479166666666667,3,KRSA,0.9635036496350365,4,CMGC,CDK,CDK4,CDK4
CDK,-4.479166666666667,3,KRSA,0.9635036496350365,4,CMGC,CDK,CDK5,CDK5
CDK,-4.479166666666667,3,KRSA,0.9635036496350365,4,CMGC,CDK,CDK4,CDK6
CDK,-4.479166666666667,3,KRSA,0.9635036496350365,4,CMGC,CDK,CDK7,CDK7
CDK,-4.479166666666667,3,KRSA,0.9635036496350365,4,CMGC,CDK,CDK8,CDK8
CDK,-4.479166666666667,3,KRSA,0.9635036496350365,4,CMGC,CDK,CDK9,CDK9
CDK,-4.479166666666667,3,KRSA,0.9635036496350365,4,NA,NA,NA,CDK11A
CDK,-4.479166666666667,3,KRSA,0.9635036496350365,4,NA,NA,NA,CDK11B
P38,-3.0483333333333333,9,KRSA,0.8884254431699687,4,CMGC,MAPK,P38,MAPK11
P38,-3.0483333333333333,9,KRSA,0.8884254431699687,4,CMGC,MAPK,P38,MAPK12
P38,-3.0483333333333333,9,KRSA,0.8884254431699687,4,CMGC,MAPK,P38,MAPK13
P38,-3.0483333333333333,9,KRSA,0.8884254431699687,4,CMGC,MAPK,P38,MAPK14
PDK1,-3.799166666666667,5,KRSA,0.9384775808133472,4,ATYPICAL,PDHK,PDHK,PDK1
PDK1,-3.799166666666667,5,KRSA,0.9384775808133472,4,AGC,PDK1,PDK1,PDPK1
PLK,-3.158333333333333,8,KRSA,0.9009384775808134,4,NA,NA,NA,PLK5
PLK,-3.158333333333333,8,KRSA,0.9009384775808134,4,OTHER,PLK,PLK1,PLK1
PLK,-3.158333333333333,8,KRSA,0.9009384775808134,4,OTHER,PLK,PLK2,PLK2
PLK,-3.158333333333333,8,KRSA,0.9009384775808134,4,OTHER,PLK,PLK2,PLK3
PLK,-3.158333333333333,8,KRSA,0.9009384775808134,4,OTHER,PLK,SAK,PLK4
PEK,-4.005833333333333,4,KRSA,0.9509906152241918,4,OTHER,PEK,HRI,EIF2AK1
PEK,-4.005833333333333,4,KRSA,0.9509906152241918,4,OTHER,PEK,PKR,EIF2AK2
PEK,-4.005833333333333,4,KRSA,0.9509906152241918,4,OTHER,PEK,PEK,EIF2AK3
PEK,-4.005833333333333,4,KRSA,0.9509906152241918,4,OTHER,PEK,GCN2,EIF2AK4
AMPK,1.5216666666666667,23,KRSA,0.7132429614181439,3,CAMK,CAMKL,AMPK,PRKAA1
AMPK,1.5216666666666667,23,KRSA,0.7132429614181439,3,CAMK,CAMKL,AMPK,PRKAA2
MSN,0.8358333333333333,52,KRSA,0.35036496350364965,2,STE,STE20,MSN,MAP4K4
MSN,0.8358333333333333,52,KRSA,0.35036496350364965,2,STE,STE20,MSN,NRK
MSN,0.8358333333333333,52,KRSA,0.35036496350364965,2,STE,STE20,MSN,TNIK
RSK,1.31,31,KRSA,0.6131386861313869,3,AGC,RSK,RSK,RPS6KA1
RSK,1.31,31,KRSA,0.6131386861313869,3,AGC,RSK,RSK,RPS6KA2
RSK,1.31,31,KRSA,0.6131386861313869,3,AGC,RSK,RSK,RPS6KA3
RSK,1.31,31,KRSA,0.6131386861313869,3,AGC,RSK,MSK,RPS6KA4
RSK,1.31,31,KRSA,0.6131386861313869,3,AGC,RSK,MSK,RPS6KA5
RSK,1.31,31,KRSA,0.6131386861313869,3,AGC,RSK,RSK,RPS6KA6
RSK,1.31,31,KRSA,0.6131386861313869,3,AGC,RSK,P70,RPS6KB1
RSK,1.31,31,KRSA,0.6131386861313869,3,AGC,RSK,P70,RPS6KB2
CAMK1,2.42,13,KRSA,0.8383733055265902,4,CAMK,CAMK1,CAMK1,CAMK1
CAMK1,2.42,13,KRSA,0.8383733055265902,4,CAMK,CAMK1,CAMK1,CAMK1D
CAMK1,2.42,13,KRSA,0.8383733055265902,4,CAMK,CAMK1,CAMK1,CAMK1G
CAMK1,2.42,13,KRSA,0.8383733055265902,4,CAMK,CAMK1,CAMK1,CAMK4
CAMK1,2.42,13,KRSA,0.8383733055265902,4,CAMK,CAMK1,CAMK1,PNCK
PKCH,-1.1083333333333334,35,KRSA,0.5630865484880083,3,AGC,PKC,ETA,PRKCE
PKCH,-1.1083333333333334,35,KRSA,0.5630865484880083,3,AGC,PKC,ETA,PRKCH
PRKDC,-1.6583333333333332,21,KRSA,0.7382690302398331,3,ATYPICAL,PIKK,DNAPK,PRKDC
PKCA,-3.586666666666667,7,KRSA,0.913451511991658,4,AGC,PKC,ALPHA,PRKCA
PKCA,-3.586666666666667,7,KRSA,0.913451511991658,4,AGC,PKC,ALPHA,PRKCB
PKCA,-3.586666666666667,7,KRSA,0.913451511991658,4,AGC,PKC,ALPHA,PRKCG
RAD53,1.1583333333333332,33,KRSA,0.5881126173096975,3,CAMK,RAD53,RAD53,CHEK2
NMO,-2.9541666666666666,10,KRSA,0.8759124087591241,4,CMGC,MAPK,NMO,NLK
MST,-2.091666666666667,15,KRSA,0.8133472367049009,4,STE,STE20,MST,STK3
MST,-2.091666666666667,15,KRSA,0.8133472367049009,4,STE,STE20,MST,STK4
LKB,-1.9766666666666663,16,KRSA,0.8008342022940563,4,CAMK,CAMKL,LKB,STK11
COT,0.8283333333333334,53,KRSA,0.337851929092805,2,STE,STE-UNIQUE,STE-UNIQUE,MAP3K8
ATR,-1.7983333333333331,19,KRSA,0.7632950990615224,4,ATYPICAL,PIKK,ATR,ATR
VRK1,-1.055,37,KRSA,0.5380604796663191,3,CK1,VRK,VRK,VRK1
MTOR,-1.7858333333333334,20,KRSA,0.7507820646506778,4,ATYPICAL,PIKK,FRAP,MTOR
GSK,-1.225,32,KRSA,0.6006256517205423,3,CMGC,GSK,GSK,GSK3A
GSK,-1.225,32,KRSA,0.6006256517205423,3,CMGC,GSK,GSK,GSK3B
RAF,-1.9108333333333336,18,KRSA,0.7758081334723671,4,TKL,RAF,RAF,ARAF
RAF,-1.9108333333333336,18,KRSA,0.7758081334723671,4,TKL,RAF,RAF,BRAF
RAF,-1.9108333333333336,18,KRSA,0.7758081334723671,4,TKL,RAF,KSR,KSR1
RAF,-1.9108333333333336,18,KRSA,0.7758081334723671,4,TKL,RAF,KSR,KSR2
RAF,-1.9108333333333336,18,KRSA,0.7758081334723671,4,TKL,RAF,RAF,RAF1
FRAY,-1.4875,24,KRSA,0.7007299270072993,3,STE,STE20,FRAY,OXSR1
FRAY,-1.4875,24,KRSA,0.7007299270072993,3,STE,STE20,FRAY,STK39
PIM,0.7175,58,KRSA,0.27528675703858185,2,CAMK,PIM,PIM,PIM1
PIM,0.7175,58,KRSA,0.27528675703858185,2,CAMK,PIM,PIM,PIM2
PIM,0.7175,58,KRSA,0.27528675703858185,2,CAMK,PIM,PIM,PIM3
PKD,0.8183333333333334,54,KRSA,0.32533889468196037,2,CAMK,PKD,PKD,PRKD1
PKD,0.8183333333333334,54,KRSA,0.32533889468196037,2,CAMK,PKD,PKD,PRKD2
PKD,0.8183333333333334,54,KRSA,0.32533889468196037,2,CAMK,PKD,PKD,PRKD3
PASK,1.1108333333333331,34,KRSA,0.5755995828988529,3,CAMK,CAMKL,PASK,PASK
TAO,0.4183333333333333,66,KRSA,0.17518248175182483,1,STE,STE20,TAO,TAOK1
TAO,0.4183333333333333,66,KRSA,0.17518248175182483,1,STE,STE20,TAO,TAOK2
TAO,0.4183333333333333,66,KRSA,0.17518248175182483,1,STE,STE20,TAO,TAOK3
STE7,-2.35,14,KRSA,0.8258602711157456,4,STE,STE7,MEK1,MAP2K1
STE7,-2.35,14,KRSA,0.8258602711157456,4,STE,STE7,MEK1,MAP2K2
STE7,-2.35,14,KRSA,0.8258602711157456,4,STE,STE7,MEK3,MAP2K3
STE7,-2.35,14,KRSA,0.8258602711157456,4,STE,STE7,MEK4,MAP2K4
STE7,-2.35,14,KRSA,0.8258602711157456,4,STE,STE7,MEK5,MAP2K5
STE7,-2.35,14,KRSA,0.8258602711157456,4,STE,STE7,MEK3,MAP2K6
STE7,-2.35,14,KRSA,0.8258602711157456,4,STE,STE7,MEK7,MAP2K7
KHS,0.74,56,KRSA,0.30031282586027114,2,STE,STE20,KHS,MAP4K1
KHS,0.74,56,KRSA,0.30031282586027114,2,STE,STE20,KHS,MAP4K2
KHS,0.74,56,KRSA,0.30031282586027114,2,STE,STE20,KHS,MAP4K3
KHS,0.74,56,KRSA,0.30031282586027114,2,STE,STE20,KHS,MAP4K5
STE11,-0.9316666666666666,46,KRSA,0.4254431699687174,2,TKL,MLK,TAK1,MAP3K7
STE11,-0.9316666666666666,46,KRSA,0.4254431699687174,2,STE,STE11,MEKK1,MAP3K1
STE11,-0.9316666666666666,46,KRSA,0.4254431699687174,2,STE,STE11,ASK,MAP3K15
STE11,-0.9316666666666666,46,KRSA,0.4254431699687174,2,STE,STE11,MEKK2,MAP3K2
STE11,-0.9316666666666666,46,KRSA,0.4254431699687174,2,STE,STE11,MEKK2,MAP3K3
STE11,-0.9316666666666666,46,KRSA,0.4254431699687174,2,STE,STE11,MEKK4,MAP3K4
STE11,-0.9316666666666666,46,KRSA,0.4254431699687174,2,STE,STE11,ASK,MAP3K5
STE11,-0.9316666666666666,46,KRSA,0.4254431699687174,2,STE,STE11,ASK,MAP3K6
SLK,0.2241666666666667,74,KRSA,0.07507820646506778,1,STE,STE20,SLK,SLK
SLK,0.2241666666666667,74,KRSA,0.07507820646506778,1,STE,STE20,SLK,STK10
PKCD,0.855,51,KRSA,0.36287799791449427,2,AGC,PKC,DELTA,PRKCD
PKCD,0.855,51,KRSA,0.36287799791449427,2,AGC,PKC,DELTA,PRKCQ
CHK1,0.42583333333333334,65,KRSA,0.18769551616266944,1,CAMK,CAMKL,CHK1,CHEK1
PKCI,1.35,30,KRSA,0.6256517205422315,3,AGC,PKC,IOTA,PRKCI
PKCI,1.35,30,KRSA,0.6256517205422315,3,AGC,PKC,IOTA,PRKCZ
TLK,-1.395,27,KRSA,0.6631908237747653,3,OTHER,TLK,TLK,TLK1
TLK,-1.395,27,KRSA,0.6631908237747653,3,OTHER,TLK,TLK,TLK2
TTK,-1.4016666666666666,26,KRSA,0.67570385818561,3,OTHER,TTK,TTK,TTK
NUAK,-1.3833333333333333,28,KRSA,0.6506777893639207,3,CAMK,CAMKL,NUAK,NUAK1
NUAK,-1.3833333333333333,28,KRSA,0.6506777893639207,3,CAMK,CAMKL,NUAK,NUAK2
STKR,0.435,64,KRSA,0.20020855057351408,1,TKL,STKR,TYPE1,ACVR1
STKR,0.435,64,KRSA,0.20020855057351408,1,TKL,STKR,TYPE1,ACVR1B
STKR,0.435,64,KRSA,0.20020855057351408,1,TKL,STKR,TYPE1,ACVR1C
STKR,0.435,64,KRSA,0.20020855057351408,1,TKL,STKR,TYPE2,ACVR2A
STKR,0.435,64,KRSA,0.20020855057351408,1,TKL,STKR,TYPE2,ACVR2B
STKR,0.435,64,KRSA,0.20020855057351408,1,TKL,STKR,TYPE1,ACVRL1
STKR,0.435,64,KRSA,0.20020855057351408,1,TKL,STKR,TYPE2,AMHR2
STKR,0.435,64,KRSA,0.20020855057351408,1,TKL,STKR,TYPE1,BMPR1A
STKR,0.435,64,KRSA,0.20020855057351408,1,TKL,STKR,TYPE1,BMPR1B
STKR,0.435,64,KRSA,0.20020855057351408,1,TKL,STKR,TYPE2,BMPR2
STKR,0.435,64,KRSA,0.20020855057351408,1,TKL,STKR,TYPE1,TGFBR1
STKR,0.435,64,KRSA,0.20020855057351408,1,TKL,STKR,TYPE2,TGFBR2
QIK,-1.5683333333333334,22,KRSA,0.7257559958289885,3,CAMK,CAMKL,QIK,SIK1
QIK,-1.5683333333333334,22,KRSA,0.7257559958289885,3,CAMK,CAMKL,QIK,SIK2
PKN,-0.5308333333333334,61,KRSA,0.23774765380604795,1,AGC,PKN,PKN,PKN1
PKN,-0.5308333333333334,61,KRSA,0.23774765380604795,1,AGC,PKN,PKN,PKN2
PKN,-0.5308333333333334,61,KRSA,0.23774765380604795,1,AGC,PKN,PKN,PKN3
NEK,-1.0699999999999998,36,KRSA,0.5505735140771637,3,OTHER,NEK,NEK11,NEK11
NEK,-1.0699999999999998,36,KRSA,0.5505735140771637,3,OTHER,NEK,NEK2,NEK2
NEK,-1.0699999999999998,36,KRSA,0.5505735140771637,3,OTHER,NEK,NEK1,NEK3
NEK,-1.0699999999999998,36,KRSA,0.5505735140771637,3,OTHER,NEK,NEK4,NEK4
NEK,-1.0699999999999998,36,KRSA,0.5505735140771637,3,OTHER,NEK,NEK1,NEK5
NEK,-1.0699999999999998,36,KRSA,0.5505735140771637,3,OTHER,NEK,NEK6,NEK6
NEK,-1.0699999999999998,36,KRSA,0.5505735140771637,3,OTHER,NEK,NEK6,NEK7
NEK,-1.0699999999999998,36,KRSA,0.5505735140771637,3,OTHER,NEK,NEK8,NEK8
NEK,-1.0699999999999998,36,KRSA,0.5505735140771637,3,OTHER,NEK,NEK8,NEK9
AKT,0.17583333333333334,75,KRSA,0.06256517205422316,1,AGC,AKT,AKT,AKT1
AKT,0.17583333333333334,75,KRSA,0.06256517205422316,1,AGC,AKT,AKT,AKT2
AKT,0.17583333333333334,75,KRSA,0.06256517205422316,1,AGC,AKT,AKT,AKT3
PAKA,0.9066666666666668,48,KRSA,0.40041710114702816,2,STE,STE20,PAKA,PAK1
PAKA,0.9066666666666668,48,KRSA,0.40041710114702816,2,STE,STE20,PAKA,PAK2
PAKA,0.9066666666666668,48,KRSA,0.40041710114702816,2,STE,STE20,PAKA,PAK3
SGK,0.8658333333333333,50,KRSA,0.3753910323253389,2,AGC,SGK,SGK,SGK1
SGK,0.8658333333333333,50,KRSA,0.3753910323253389,2,AGC,SGK,SGK,SGK2
SGK,0.8658333333333333,50,KRSA,0.3753910323253389,2,AGC,SGK,SGK,SGK3
MLCK,-0.10666666666666667,77,KRSA,0.03753910323253389,1,CAMK,MLCK,MLCK,MYLK
MLCK,-0.10666666666666667,77,KRSA,0.03753910323253389,1,CAMK,MLCK,MLCK,MYLK2
MLCK,-0.10666666666666667,77,KRSA,0.03753910323253389,1,CAMK,MLCK,MLCK,TTN
NDR,-0.8791666666666667,49,KRSA,0.38790406673618355,2,AGC,NDR,NDR,LATS1
NDR,-0.8791666666666667,49,KRSA,0.38790406673618355,2,AGC,NDR,NDR,LATS2
NDR,-0.8791666666666667,49,KRSA,0.38790406673618355,2,AGC,NDR,NDR,STK38
NDR,-0.8791666666666667,49,KRSA,0.38790406673618355,2,AGC,NDR,NDR,STK38L
BUD32,-1.0008333333333337,38,KRSA,0.5255474452554745,3,OTHER,BUD32,BUD32,TP53RK
PDHK,-0.08999999999999997,78,KRSA,0.02502606882168926,1,ATYPICAL,PDHK,BCKDK,BCKDK
PDHK,-0.08999999999999997,78,KRSA,0.02502606882168926,1,ATYPICAL,PDHK,PDHK,PDK2
PDHK,-0.08999999999999997,78,KRSA,0.02502606882168926,1,ATYPICAL,PDHK,PDHK,PDK3
PDHK,-0.08999999999999997,78,KRSA,0.02502606882168926,1,ATYPICAL,PDHK,PDHK,PDK4
MOS,-0.9858333333333332,40,KRSA,0.5005213764337852,3,OTHER,MOS,MOS,MOS
WNK,-0.9825,42,KRSA,0.4754953076120959,2,OTHER,WNK,WNK,WNK1
WNK,-0.9825,42,KRSA,0.4754953076120959,2,OTHER,WNK,WNK,WNK2
WNK,-0.9825,42,KRSA,0.4754953076120959,2,OTHER,WNK,WNK,WNK3
WNK,-0.9825,42,KRSA,0.4754953076120959,2,OTHER,WNK,WNK,WNK4
NIK,-0.9866666666666668,39,KRSA,0.5130344108446299,3,STE,STE-UNIQUE,STE-UNIQUE,MAP3K14
ULK,-0.9816666666666668,43,KRSA,0.4629822732012513,2,OTHER,ULK,FUSED,STK36
ULK,-0.9816666666666668,43,KRSA,0.4629822732012513,2,OTHER,ULK,ULK,ULK1
ULK,-0.9816666666666668,43,KRSA,0.4629822732012513,2,OTHER,ULK,ULK,ULK2
ULK,-0.9816666666666668,43,KRSA,0.4629822732012513,2,OTHER,ULK,ULK,ULK3
ULK,-0.9816666666666668,43,KRSA,0.4629822732012513,2,OTHER,ULK,ULK,ULK4
CAMKK,-0.9733333333333334,44,KRSA,0.4504692387904067,2,OTHER,CAMKK,META,CAMKK1
CAMKK,-0.9733333333333334,44,KRSA,0.4504692387904067,2,OTHER,CAMKK,META,CAMKK2
CLK,-0.985,41,KRSA,0.4880083420229406,2,CMGC,CLK,CLK,CLK1
CLK,-0.985,41,KRSA,0.4880083420229406,2,CMGC,CLK,CLK,CLK2
CLK,-0.985,41,KRSA,0.4880083420229406,2,CMGC,CLK,CLK,CLK3
CLK,-0.985,41,KRSA,0.4880083420229406,2,CMGC,CLK,CLK,CLK4
BRSK,-0.9716666666666668,45,KRSA,0.43795620437956206,2,CAMK,CAMKL,BRSK,BRSK1
BRSK,-0.9716666666666668,45,KRSA,0.43795620437956206,2,CAMK,CAMKL,BRSK,BRSK2
IKK,-1.3708333333333331,29,KRSA,0.6381647549530761,3,OTHER,IKK,IKK,CHUK
IKK,-1.3708333333333331,29,KRSA,0.6381647549530761,3,OTHER,IKK,IKK,IKBKB
IKK,-1.3708333333333331,29,KRSA,0.6381647549530761,3,OTHER,IKK,IKK,IKBKE
IKK,-1.3708333333333331,29,KRSA,0.6381647549530761,3,OTHER,IKK,IKK,TBK1
CK2,-0.2708333333333333,71,KRSA,0.11261730969760167,1,CMGC,CK2,CK2,CSNK2A1
CK2,-0.2708333333333333,71,KRSA,0.11261730969760167,1,CMGC,CK2,CK2,CSNK2A2
CK2,-0.2708333333333333,71,KRSA,0.11261730969760167,1,NA,NA,NA,CSNK2A3
DMPK,-0.7166666666666667,59,KRSA,0.26277372262773724,2,AGC,DMPK,GEK,CDC42BPA
DMPK,-0.7166666666666667,59,KRSA,0.26277372262773724,2,AGC,DMPK,GEK,CDC42BPB
DMPK,-0.7166666666666667,59,KRSA,0.26277372262773724,2,AGC,DMPK,GEK,CDC42BPG
DMPK,-0.7166666666666667,59,KRSA,0.26277372262773724,2,AGC,DMPK,CRIK,CIT
DMPK,-0.7166666666666667,59,KRSA,0.26277372262773724,2,AGC,DMPK,GEK,DMPK
DMPK,-0.7166666666666667,59,KRSA,0.26277372262773724,2,AGC,DMPK,ROCK,ROCK1
DMPK,-0.7166666666666667,59,KRSA,0.26277372262773724,2,AGC,DMPK,ROCK,ROCK2
CK1,-1.9408333333333336,17,KRSA,0.7883211678832117,4,CK1,CK1,CK1-A,CSNK1A1
CK1,-1.9408333333333336,17,KRSA,0.7883211678832117,4,CK1,CK1,CK1-A,CSNK1A1L
CK1,-1.9408333333333336,17,KRSA,0.7883211678832117,4,CK1,CK1,CK1-D,CSNK1D
CK1,-1.9408333333333336,17,KRSA,0.7883211678832117,4,CK1,CK1,CK1-D,CSNK1E
CK1,-1.9408333333333336,17,KRSA,0.7883211678832117,4,CK1,CK1,CK1-G,CSNK1G1
CK1,-1.9408333333333336,17,KRSA,0.7883211678832117,4,CK1,CK1,CK1-G,CSNK1G2
CK1,-1.9408333333333336,17,KRSA,0.7883211678832117,4,CK1,CK1,CK1-G,CSNK1G3
CK1,-1.9408333333333336,17,KRSA,0.7883211678832117,4,CK1,TTBK,TTBK,TTBK1
CK1,-1.9408333333333336,17,KRSA,0.7883211678832117,4,CK1,TTBK,TTBK,TTBK2
CK1,-1.9408333333333336,17,KRSA,0.7883211678832117,4,CK1,VRK,VRK,VRK3
ATM,-0.9233333333333332,47,KRSA,0.4129301355578728,2,ATYPICAL,PIKK,ATM,ATM
DAPK,-0.7041666666666666,60,KRSA,0.2502606882168926,2,CAMK,DAPK,DAPK,DAPK1
DAPK,-0.7041666666666666,60,KRSA,0.2502606882168926,2,CAMK,DAPK,DAPK,DAPK2
DAPK,-0.7041666666666666,60,KRSA,0.2502606882168926,2,CAMK,DAPK,DAPK,DAPK3
DAPK,-0.7041666666666666,60,KRSA,0.2502606882168926,2,CAMK,DAPK,DRAK,STK17A
DAPK,-0.7041666666666666,60,KRSA,0.2502606882168926,2,CAMK,DAPK,DRAK,STK17B
MAPKAPK,-0.01333333333333335,80,KRSA,0,1,CAMK,MAPKAPK,MAPKAPK,MAPKAPK2
MAPKAPK,-0.01333333333333335,80,KRSA,0,1,CAMK,MAPKAPK,MAPKAPK,MAPKAPK3
MAPKAPK,-0.01333333333333335,80,KRSA,0,1,CAMK,MAPKAPK,MAPKAPK,MAPKAPK5
MAPKAPK,-0.01333333333333335,80,KRSA,0,1,CAMK,MAPKAPK,MNK,MKNK1
MAPKAPK,-0.01333333333333335,80,KRSA,0,1,CAMK,MAPKAPK,MNK,MKNK2
IRAK,-0.44166666666666665,63,KRSA,0.2127215849843587,1,TKL,IRAK,IRAK,IRAK1
IRAK,-0.44166666666666665,63,KRSA,0.2127215849843587,1,TKL,IRAK,IRAK,IRAK2
IRAK,-0.44166666666666665,63,KRSA,0.2127215849843587,1,TKL,IRAK,IRAK,IRAK3
IRAK,-0.44166666666666665,63,KRSA,0.2127215849843587,1,TKL,IRAK,IRAK,IRAK4
PAKB,0.3141666666666667,69,KRSA,0.13764337851929093,1,STE,STE20,PAKB,PAK4
PAKB,0.3141666666666667,69,KRSA,0.13764337851929093,1,STE,STE20,PAKB,PAK5
PAKB,0.3141666666666667,69,KRSA,0.13764337851929093,1,STE,STE20,PAKB,PAK6
MELK,-0.73,57,KRSA,0.28779979144942647,2,CAMK,CAMKL,MELK,MELK
HAL,0.8066666666666666,55,KRSA,0.31282586027111575,2,RGC,RGC,RGC,NPR1
NAK,-0.4125,67,KRSA,0.16266944734098018,1,OTHER,NAK,BIKE,AAK1
NAK,-0.4125,67,KRSA,0.16266944734098018,1,OTHER,NAK,BIKE,BMP2K
NAK,-0.4125,67,KRSA,0.16266944734098018,1,OTHER,NAK,GAK,GAK
NAK,-0.4125,67,KRSA,0.16266944734098018,1,OTHER,NAK,MPSK,STK16
GRK,0.2308333333333333,72,KRSA,0.10010427528675704,1,AGC,GRK,GRK,GRK1
GRK,0.2308333333333333,72,KRSA,0.10010427528675704,1,AGC,GRK,GRK,GRK4
GRK,0.2308333333333333,72,KRSA,0.10010427528675704,1,AGC,GRK,GRK,GRK5
GRK,0.2308333333333333,72,KRSA,0.10010427528675704,1,AGC,GRK,GRK,GRK6
GRK,0.2308333333333333,72,KRSA,0.10010427528675704,1,AGC,GRK,GRK,GRK7
CAMK2,0.17499999999999988,76,KRSA,0.05005213764337852,1,CAMK,CAMK2,CAMK2,CAMK2A
CAMK2,0.17499999999999988,76,KRSA,0.05005213764337852,1,CAMK,CAMK2,CAMK2,CAMK2B
CAMK2,0.17499999999999988,76,KRSA,0.05005213764337852,1,CAMK,CAMK2,CAMK2,CAMK2D
CAMK2,0.17499999999999988,76,KRSA,0.05005213764337852,1,CAMK,CAMK2,CAMK2,CAMK2G
RIPK,0.03416666666666664,79,KRSA,0.01251303441084463,1,TKL,RIPK,RIPK,ANKK1
RIPK,0.03416666666666664,79,KRSA,0.01251303441084463,1,TKL,RIPK,RIPK,RIPK1
RIPK,0.03416666666666664,79,KRSA,0.01251303441084463,1,TKL,RIPK,RIPK,RIPK2
RIPK,0.03416666666666664,79,KRSA,0.01251303441084463,1,TKL,RIPK,RIPK,RIPK3
RIPK,0.03416666666666664,79,KRSA,0.01251303441084463,1,TKL,RIPK,RIPK,RIPK4
BARK2,-0.4991666666666667,62,KRSA,0.22523461939520334,1,AGC,GRK,BARK,GRK3
AUR,-0.2258333333333333,73,KRSA,0.08759124087591241,1,OTHER,AUR,AUR,AURKA
AUR,-0.2258333333333333,73,KRSA,0.08759124087591241,1,OTHER,AUR,AUR,AURKB
AUR,-0.2258333333333333,73,KRSA,0.08759124087591241,1,OTHER,AUR,AUR,AURKC
PHK,-1.475,25,KRSA,0.6882168925964547,3,CAMK,PHK,PHK,PHKG1
PHK,-1.475,25,KRSA,0.6882168925964547,3,CAMK,PHK,PHK,PHKG2
MLK,-0.30583333333333335,70,KRSA,0.1251303441084463,1,TKL,MLK,ILK,ILK
MLK,-0.30583333333333335,70,KRSA,0.1251303441084463,1,TKL,MLK,MLK,MAP3K10
MLK,-0.30583333333333335,70,KRSA,0.1251303441084463,1,TKL,MLK,MLK,MAP3K11
MLK,-0.30583333333333335,70,KRSA,0.1251303441084463,1,TKL,MLK,LZK,MAP3K12
MLK,-0.30583333333333335,70,KRSA,0.1251303441084463,1,TKL,MLK,LZK,MAP3K13
MLK,-0.30583333333333335,70,KRSA,0.1251303441084463,1,TKL,MLK,MLK,MAP3K9
MLK,-0.30583333333333335,70,KRSA,0.1251303441084463,1,TKL,MLK,HH498,TNNI3K
ERK,-4.84,1,KRSA,0.9885297184567258,4,CMGC,MAPK,ERK1,MAPK1
ERK,-4.84,1,KRSA,0.9885297184567258,4,CMGC,MAPK,ERK7,MAPK15
ERK,-4.84,1,KRSA,0.9885297184567258,4,CMGC,MAPK,ERK1,MAPK3
ERK,-4.84,1,KRSA,0.9885297184567258,4,CMGC,MAPK,ERK3,MAPK4
ERK,-4.84,1,KRSA,0.9885297184567258,4,CMGC,MAPK,ERK3,MAPK6
ERK,-4.84,1,KRSA,0.9885297184567258,4,CMGC,MAPK,ERK5,MAPK7
DYRK,-4.504166666666666,2,KRSA,0.9760166840458812,4,CMGC,DYRK,DYRK1,DYRK1A
DYRK,-4.504166666666666,2,KRSA,0.9760166840458812,4,CMGC,DYRK,DYRK1,DYRK1B
DYRK,-4.504166666666666,2,KRSA,0.9760166840458812,4,CMGC,DYRK,DYRK2,DYRK2
DYRK,-4.504166666666666,2,KRSA,0.9760166840458812,4,CMGC,DYRK,DYRK2,DYRK3
DYRK,-4.504166666666666,2,KRSA,0.9760166840458812,4,CMGC,DYRK,DYRK2,DYRK4
DYRK,-4.504166666666666,2,KRSA,0.9760166840458812,4,CMGC,DYRK,HIPK,HIPK1
DYRK,-4.504166666666666,2,KRSA,0.9760166840458812,4,CMGC,DYRK,HIPK,HIPK2
DYRK,-4.504166666666666,2,KRSA,0.9760166840458812,4,CMGC,DYRK,HIPK,HIPK3
DYRK,-4.504166666666666,2,KRSA,0.9760166840458812,4,CMGC,DYRK,HIPK,HIPK4
DYRK,-4.504166666666666,2,KRSA,0.9760166840458812,4,CMGC,DYRK,PRP4,PRPF4B
PKA,2.8908333333333336,12,KRSA,0.8508863399374348,4,AGC,PKA,PKA,PRKACA
PKA,2.8908333333333336,12,KRSA,0.8508863399374348,4,AGC,PKA,PKA,PRKACB
PKA,2.8908333333333336,12,KRSA,0.8508863399374348,4,AGC,PKA,PKA,PRKACG
PKA,2.8908333333333336,12,KRSA,0.8508863399374348,4,AGC,PKA,PKA,PRKX
PKA,2.8908333333333336,12,KRSA,0.8508863399374348,4,AGC,PKA,PKA,PRKY
PDK1,-3.799166666666667,5,KRSA,0.9384775808133472,4,ATYPICAL,PDHK,PDHK,PDK1
PDK1,-3.799166666666667,5,KRSA,0.9384775808133472,4,AGC,PDK1,PDK1,PDPK1
PKG,2.9325,11,KRSA,0.8633993743482794,4,AGC,PKG,PKG,PRKG1
PKG,2.9325,11,KRSA,0.8633993743482794,4,AGC,PKG,PKG,PRKG2
CDK,-4.479166666666667,3,KRSA,0.9635036496350365,4,CMGC,CDK,CDC2,CDK1
CDK,-4.479166666666667,3,KRSA,0.9635036496350365,4,CMGC,CDK,CDK10,CDK10
CDK,-4.479166666666667,3,KRSA,0.9635036496350365,4,CMGC,CDK,CRK7,CDK12
CDK,-4.479166666666667,3,KRSA,0.9635036496350365,4,CMGC,CDK,CRK7,CDK13
CDK,-4.479166666666667,3,KRSA,0.9635036496350365,4,CMGC,CDK,PFTAIRE,CDK14
CDK,-4.479166666666667,3,KRSA,0.9635036496350365,4,CMGC,CDK,PFTAIRE,CDK15
CDK,-4.479166666666667,3,KRSA,0.9635036496350365,4,CMGC,CDK,PCTAIRE,CDK16
CDK,-4.479166666666667,3,KRSA,0.9635036496350365,4,CMGC,CDK,PCTAIRE,CDK17
CDK,-4.479166666666667,3,KRSA,0.9635036496350365,4,CMGC,CDK,PCTAIRE,CDK18
CDK,-4.479166666666667,3,KRSA,0.9635036496350365,4,CMGC,CDK,CDK8,CDK19
CDK,-4.479166666666667,3,KRSA,0.9635036496350365,4,CMGC,CDK,CDC2,CDK2
CDK,-4.479166666666667,3,KRSA,0.9635036496350365,4,CMGC,CDK,CCRK,CDK20
CDK,-4.479166666666667,3,KRSA,0.9635036496350365,4,CMGC,CDK,CDC2,CDK3
CDK,-4.479166666666667,3,KRSA,0.9635036496350365,4,CMGC,CDK,CDK4,CDK4
CDK,-4.479166666666667,3,KRSA,0.9635036496350365,4,CMGC,CDK,CDK5,CDK5
CDK,-4.479166666666667,3,KRSA,0.9635036496350365,4,CMGC,CDK,CDK4,CDK6
CDK,-4.479166666666667,3,KRSA,0.9635036496350365,4,CMGC,CDK,CDK7,CDK7
CDK,-4.479166666666667,3,KRSA,0.9635036496350365,4,CMGC,CDK,CDK8,CDK8
CDK,-4.479166666666667,3,KRSA,0.9635036496350365,4,CMGC,CDK,CDK9,CDK9
CDK,-4.479166666666667,3,KRSA,0.9635036496350365,4,NA,NA,NA,CDK11A
CDK,-4.479166666666667,3,KRSA,0.9635036496350365,4,NA,NA,NA,CDK11B
JNK,-3.61,6,KRSA,0.9259645464025026,4,CMGC,MAPK,JNK,MAPK10
JNK,-3.61,6,KRSA,0.9259645464025026,4,CMGC,MAPK,JNK,MAPK8
JNK,-3.61,6,KRSA,0.9259645464025026,4,CMGC,MAPK,JNK,MAPK9
P38,-3.0483333333333333,9,KRSA,0.8884254431699687,4,CMGC,MAPK,P38,MAPK11
P38,-3.0483333333333333,9,KRSA,0.8884254431699687,4,CMGC,MAPK,P38,MAPK12
P38,-3.0483333333333333,9,KRSA,0.8884254431699687,4,CMGC,MAPK,P38,MAPK13
P38,-3.0483333333333333,9,KRSA,0.8884254431699687,4,CMGC,MAPK,P38,MAPK14
CAMK1,2.42,13,KRSA,0.8383733055265902,4,CAMK,CAMK1,CAMK1,CAMK1
CAMK1,2.42,13,KRSA,0.8383733055265902,4,CAMK,CAMK1,CAMK1,CAMK1D
CAMK1,2.42,13,KRSA,0.8383733055265902,4,CAMK,CAMK1,CAMK1,CAMK1G
CAMK1,2.42,13,KRSA,0.8383733055265902,4,CAMK,CAMK1,CAMK1,CAMK4
CAMK1,2.42,13,KRSA,0.8383733055265902,4,CAMK,CAMK1,CAMK1,PNCK
PEK,-4.005833333333333,4,KRSA,0.9509906152241918,4,OTHER,PEK,HRI,EIF2AK1
PEK,-4.005833333333333,4,KRSA,0.9509906152241918,4,OTHER,PEK,PKR,EIF2AK2
PEK,-4.005833333333333,4,KRSA,0.9509906152241918,4,OTHER,PEK,PEK,EIF2AK3
PEK,-4.005833333333333,4,KRSA,0.9509906152241918,4,OTHER,PEK,GCN2,EIF2AK4
MST,-2.091666666666667,15,KRSA,0.8133472367049009,4,STE,STE20,MST,STK3
MST,-2.091666666666667,15,KRSA,0.8133472367049009,4,STE,STE20,MST,STK4
AMPK,1.5216666666666667,23,KRSA,0.7132429614181439,3,CAMK,CAMKL,AMPK,PRKAA1
AMPK,1.5216666666666667,23,KRSA,0.7132429614181439,3,CAMK,CAMKL,AMPK,PRKAA2
PLK,-3.158333333333333,8,KRSA,0.9009384775808134,4,NA,NA,NA,PLK5
PLK,-3.158333333333333,8,KRSA,0.9009384775808134,4,OTHER,PLK,PLK1,PLK1
PLK,-3.158333333333333,8,KRSA,0.9009384775808134,4,OTHER,PLK,PLK2,PLK2
PLK,-3.158333333333333,8,KRSA,0.9009384775808134,4,OTHER,PLK,PLK2,PLK3
PLK,-3.158333333333333,8,KRSA,0.9009384775808134,4,OTHER,PLK,SAK,PLK4
RSK,1.31,31,KRSA,0.6131386861313869,3,AGC,RSK,RSK,RPS6KA1
RSK,1.31,31,KRSA,0.6131386861313869,3,AGC,RSK,RSK,RPS6KA2
RSK,1.31,31,KRSA,0.6131386861313869,3,AGC,RSK,RSK,RPS6KA3
RSK,1.31,31,KRSA,0.6131386861313869,3,AGC,RSK,MSK,RPS6KA4
RSK,1.31,31,KRSA,0.6131386861313869,3,AGC,RSK,MSK,RPS6KA5
RSK,1.31,31,KRSA,0.6131386861313869,3,AGC,RSK,RSK,RPS6KA6
RSK,1.31,31,KRSA,0.6131386861313869,3,AGC,RSK,P70,RPS6KB1
RSK,1.31,31,KRSA,0.6131386861313869,3,AGC,RSK,P70,RPS6KB2
PKD,0.8183333333333334,54,KRSA,0.32533889468196037,2,CAMK,PKD,PKD,PRKD1
PKD,0.8183333333333334,54,KRSA,0.32533889468196037,2,CAMK,PKD,PKD,PRKD2
PKD,0.8183333333333334,54,KRSA,0.32533889468196037,2,CAMK,PKD,PKD,PRKD3
PKCA,-3.586666666666667,7,KRSA,0.913451511991658,4,AGC,PKC,ALPHA,PRKCA
PKCA,-3.586666666666667,7,KRSA,0.913451511991658,4,AGC,PKC,ALPHA,PRKCB
PKCA,-3.586666666666667,7,KRSA,0.913451511991658,4,AGC,PKC,ALPHA,PRKCG
PKCH,-1.1083333333333334,35,KRSA,0.5630865484880083,3,AGC,PKC,ETA,PRKCE
PKCH,-1.1083333333333334,35,KRSA,0.5630865484880083,3,AGC,PKC,ETA,PRKCH
PRKDC,-1.6583333333333332,21,KRSA,0.7382690302398331,3,ATYPICAL,PIKK,DNAPK,PRKDC
LKB,-1.9766666666666663,16,KRSA,0.8008342022940563,4,CAMK,CAMKL,LKB,STK11
NMO,-2.9541666666666666,10,KRSA,0.8759124087591241,4,CMGC,MAPK,NMO,NLK
PAKA,0.9066666666666668,48,KRSA,0.40041710114702816,2,STE,STE20,PAKA,PAK1
PAKA,0.9066666666666668,48,KRSA,0.40041710114702816,2,STE,STE20,PAKA,PAK2
PAKA,0.9066666666666668,48,KRSA,0.40041710114702816,2,STE,STE20,PAKA,PAK3
PKCD,0.855,51,KRSA,0.36287799791449427,2,AGC,PKC,DELTA,PRKCD
PKCD,0.855,51,KRSA,0.36287799791449427,2,AGC,PKC,DELTA,PRKCQ
VRK1,-1.055,37,KRSA,0.5380604796663191,3,CK1,VRK,VRK,VRK1
MTOR,-1.7858333333333334,20,KRSA,0.7507820646506778,4,ATYPICAL,PIKK,FRAP,MTOR
PKCI,1.35,30,KRSA,0.6256517205422315,3,AGC,PKC,IOTA,PRKCI
PKCI,1.35,30,KRSA,0.6256517205422315,3,AGC,PKC,IOTA,PRKCZ
ATR,-1.7983333333333331,19,KRSA,0.7632950990615224,4,ATYPICAL,PIKK,ATR,ATR
RAF,-1.9108333333333336,18,KRSA,0.7758081334723671,4,TKL,RAF,RAF,ARAF
RAF,-1.9108333333333336,18,KRSA,0.7758081334723671,4,TKL,RAF,RAF,BRAF
RAF,-1.9108333333333336,18,KRSA,0.7758081334723671,4,TKL,RAF,KSR,KSR1
RAF,-1.9108333333333336,18,KRSA,0.7758081334723671,4,TKL,RAF,KSR,KSR2
RAF,-1.9108333333333336,18,KRSA,0.7758081334723671,4,TKL,RAF,RAF,RAF1
TAO,0.4183333333333333,66,KRSA,0.17518248175182483,1,STE,STE20,TAO,TAOK1
TAO,0.4183333333333333,66,KRSA,0.17518248175182483,1,STE,STE20,TAO,TAOK2
TAO,0.4183333333333333,66,KRSA,0.17518248175182483,1,STE,STE20,TAO,TAOK3
PASK,1.1108333333333331,34,KRSA,0.5755995828988529,3,CAMK,CAMKL,PASK,PASK
KHS,0.74,56,KRSA,0.30031282586027114,2,STE,STE20,KHS,MAP4K1
KHS,0.74,56,KRSA,0.30031282586027114,2,STE,STE20,KHS,MAP4K2
KHS,0.74,56,KRSA,0.30031282586027114,2,STE,STE20,KHS,MAP4K3
KHS,0.74,56,KRSA,0.30031282586027114,2,STE,STE20,KHS,MAP4K5
FRAY,-1.4875,24,KRSA,0.7007299270072993,3,STE,STE20,FRAY,OXSR1
FRAY,-1.4875,24,KRSA,0.7007299270072993,3,STE,STE20,FRAY,STK39
STKR,0.435,64,KRSA,0.20020855057351408,1,TKL,STKR,TYPE1,ACVR1
STKR,0.435,64,KRSA,0.20020855057351408,1,TKL,STKR,TYPE1,ACVR1B
STKR,0.435,64,KRSA,0.20020855057351408,1,TKL,STKR,TYPE1,ACVR1C
STKR,0.435,64,KRSA,0.20020855057351408,1,TKL,STKR,TYPE2,ACVR2A
STKR,0.435,64,KRSA,0.20020855057351408,1,TKL,STKR,TYPE2,ACVR2B
STKR,0.435,64,KRSA,0.20020855057351408,1,TKL,STKR,TYPE1,ACVRL1
STKR,0.435,64,KRSA,0.20020855057351408,1,TKL,STKR,TYPE2,AMHR2
STKR,0.435,64,KRSA,0.20020855057351408,1,TKL,STKR,TYPE1,BMPR1A
STKR,0.435,64,KRSA,0.20020855057351408,1,TKL,STKR,TYPE1,BMPR1B
STKR,0.435,64,KRSA,0.20020855057351408,1,TKL,STKR,TYPE2,BMPR2
STKR,0.435,64,KRSA,0.20020855057351408,1,TKL,STKR,TYPE1,TGFBR1
STKR,0.435,64,KRSA,0.20020855057351408,1,TKL,STKR,TYPE2,TGFBR2
RAD53,1.1583333333333332,33,KRSA,0.5881126173096975,3,CAMK,RAD53,RAD53,CHEK2
CK2,-0.2708333333333333,71,KRSA,0.11261730969760167,1,CMGC,CK2,CK2,CSNK2A1
CK2,-0.2708333333333333,71,KRSA,0.11261730969760167,1,CMGC,CK2,CK2,CSNK2A2
CK2,-0.2708333333333333,71,KRSA,0.11261730969760167,1,NA,NA,NA,CSNK2A3
GSK,-1.225,32,KRSA,0.6006256517205423,3,CMGC,GSK,GSK,GSK3A
GSK,-1.225,32,KRSA,0.6006256517205423,3,CMGC,GSK,GSK,GSK3B
TTK,-1.4016666666666666,26,KRSA,0.67570385818561,3,OTHER,TTK,TTK,TTK
CHK1,0.42583333333333334,65,KRSA,0.18769551616266944,1,CAMK,CAMKL,CHK1,CHEK1
TLK,-1.395,27,KRSA,0.6631908237747653,3,OTHER,TLK,TLK,TLK1
TLK,-1.395,27,KRSA,0.6631908237747653,3,OTHER,TLK,TLK,TLK2
PKN,-0.5308333333333334,61,KRSA,0.23774765380604795,1,AGC,PKN,PKN,PKN1
PKN,-0.5308333333333334,61,KRSA,0.23774765380604795,1,AGC,PKN,PKN,PKN2
PKN,-0.5308333333333334,61,KRSA,0.23774765380604795,1,AGC,PKN,PKN,PKN3
NUAK,-1.3833333333333333,28,KRSA,0.6506777893639207,3,CAMK,CAMKL,NUAK,NUAK1
NUAK,-1.3833333333333333,28,KRSA,0.6506777893639207,3,CAMK,CAMKL,NUAK,NUAK2
QIK,-1.5683333333333334,22,KRSA,0.7257559958289885,3,CAMK,CAMKL,QIK,SIK1
QIK,-1.5683333333333334,22,KRSA,0.7257559958289885,3,CAMK,CAMKL,QIK,SIK2
STE11,-0.9316666666666666,46,KRSA,0.4254431699687174,2,TKL,MLK,TAK1,MAP3K7
STE11,-0.9316666666666666,46,KRSA,0.4254431699687174,2,STE,STE11,MEKK1,MAP3K1
STE11,-0.9316666666666666,46,KRSA,0.4254431699687174,2,STE,STE11,ASK,MAP3K15
STE11,-0.9316666666666666,46,KRSA,0.4254431699687174,2,STE,STE11,MEKK2,MAP3K2
STE11,-0.9316666666666666,46,KRSA,0.4254431699687174,2,STE,STE11,MEKK2,MAP3K3
STE11,-0.9316666666666666,46,KRSA,0.4254431699687174,2,STE,STE11,MEKK4,MAP3K4
STE11,-0.9316666666666666,46,KRSA,0.4254431699687174,2,STE,STE11,ASK,MAP3K5
STE11,-0.9316666666666666,46,KRSA,0.4254431699687174,2,STE,STE11,ASK,MAP3K6
DAPK,-0.7041666666666666,60,KRSA,0.2502606882168926,2,CAMK,DAPK,DAPK,DAPK1
DAPK,-0.7041666666666666,60,KRSA,0.2502606882168926,2,CAMK,DAPK,DAPK,DAPK2
DAPK,-0.7041666666666666,60,KRSA,0.2502606882168926,2,CAMK,DAPK,DAPK,DAPK3
DAPK,-0.7041666666666666,60,KRSA,0.2502606882168926,2,CAMK,DAPK,DRAK,STK17A
DAPK,-0.7041666666666666,60,KRSA,0.2502606882168926,2,CAMK,DAPK,DRAK,STK17B
PDHK,-0.08999999999999997,78,KRSA,0.02502606882168926,1,ATYPICAL,PDHK,BCKDK,BCKDK
PDHK,-0.08999999999999997,78,KRSA,0.02502606882168926,1,ATYPICAL,PDHK,PDHK,PDK2
PDHK,-0.08999999999999997,78,KRSA,0.02502606882168926,1,ATYPICAL,PDHK,PDHK,PDK3
PDHK,-0.08999999999999997,78,KRSA,0.02502606882168926,1,ATYPICAL,PDHK,PDHK,PDK4
PIM,0.7175,58,KRSA,0.27528675703858185,2,CAMK,PIM,PIM,PIM1
PIM,0.7175,58,KRSA,0.27528675703858185,2,CAMK,PIM,PIM,PIM2
PIM,0.7175,58,KRSA,0.27528675703858185,2,CAMK,PIM,PIM,PIM3
CAMK2,0.17499999999999988,76,KRSA,0.05005213764337852,1,CAMK,CAMK2,CAMK2,CAMK2A
CAMK2,0.17499999999999988,76,KRSA,0.05005213764337852,1,CAMK,CAMK2,CAMK2,CAMK2B
CAMK2,0.17499999999999988,76,KRSA,0.05005213764337852,1,CAMK,CAMK2,CAMK2,CAMK2D
CAMK2,0.17499999999999988,76,KRSA,0.05005213764337852,1,CAMK,CAMK2,CAMK2,CAMK2G
ULK,-0.9816666666666668,43,KRSA,0.4629822732012513,2,OTHER,ULK,FUSED,STK36
ULK,-0.9816666666666668,43,KRSA,0.4629822732012513,2,OTHER,ULK,ULK,ULK1
ULK,-0.9816666666666668,43,KRSA,0.4629822732012513,2,OTHER,ULK,ULK,ULK2
ULK,-0.9816666666666668,43,KRSA,0.4629822732012513,2,OTHER,ULK,ULK,ULK3
ULK,-0.9816666666666668,43,KRSA,0.4629822732012513,2,OTHER,ULK,ULK,ULK4
NIK,-0.9866666666666668,39,KRSA,0.5130344108446299,3,STE,STE-UNIQUE,STE-UNIQUE,MAP3K14
MOS,-0.9858333333333332,40,KRSA,0.5005213764337852,3,OTHER,MOS,MOS,MOS
SLK,0.2241666666666667,74,KRSA,0.07507820646506778,1,STE,STE20,SLK,SLK
SLK,0.2241666666666667,74,KRSA,0.07507820646506778,1,STE,STE20,SLK,STK10
WNK,-0.9825,42,KRSA,0.4754953076120959,2,OTHER,WNK,WNK,WNK1
WNK,-0.9825,42,KRSA,0.4754953076120959,2,OTHER,WNK,WNK,WNK2
WNK,-0.9825,42,KRSA,0.4754953076120959,2,OTHER,WNK,WNK,WNK3
WNK,-0.9825,42,KRSA,0.4754953076120959,2,OTHER,WNK,WNK,WNK4
STE7,-2.35,14,KRSA,0.8258602711157456,4,STE,STE7,MEK1,MAP2K1
STE7,-2.35,14,KRSA,0.8258602711157456,4,STE,STE7,MEK1,MAP2K2
STE7,-2.35,14,KRSA,0.8258602711157456,4,STE,STE7,MEK3,MAP2K3
STE7,-2.35,14,KRSA,0.8258602711157456,4,STE,STE7,MEK4,MAP2K4
STE7,-2.35,14,KRSA,0.8258602711157456,4,STE,STE7,MEK5,MAP2K5
STE7,-2.35,14,KRSA,0.8258602711157456,4,STE,STE7,MEK3,MAP2K6
STE7,-2.35,14,KRSA,0.8258602711157456,4,STE,STE7,MEK7,MAP2K7
BUD32,-1.0008333333333337,38,KRSA,0.5255474452554745,3,OTHER,BUD32,BUD32,TP53RK
BRSK,-0.9716666666666668,45,KRSA,0.43795620437956206,2,CAMK,CAMKL,BRSK,BRSK1
BRSK,-0.9716666666666668,45,KRSA,0.43795620437956206,2,CAMK,CAMKL,BRSK,BRSK2
CLK,-0.985,41,KRSA,0.4880083420229406,2,CMGC,CLK,CLK,CLK1
CLK,-0.985,41,KRSA,0.4880083420229406,2,CMGC,CLK,CLK,CLK2
CLK,-0.985,41,KRSA,0.4880083420229406,2,CMGC,CLK,CLK,CLK3
CLK,-0.985,41,KRSA,0.4880083420229406,2,CMGC,CLK,CLK,CLK4
MSN,0.8358333333333333,52,KRSA,0.35036496350364965,2,STE,STE20,MSN,MAP4K4
MSN,0.8358333333333333,52,KRSA,0.35036496350364965,2,STE,STE20,MSN,NRK
MSN,0.8358333333333333,52,KRSA,0.35036496350364965,2,STE,STE20,MSN,TNIK
CAMKK,-0.9733333333333334,44,KRSA,0.4504692387904067,2,OTHER,CAMKK,META,CAMKK1
CAMKK,-0.9733333333333334,44,KRSA,0.4504692387904067,2,OTHER,CAMKK,META,CAMKK2
CK1,-1.9408333333333336,17,KRSA,0.7883211678832117,4,CK1,CK1,CK1-A,CSNK1A1
CK1,-1.9408333333333336,17,KRSA,0.7883211678832117,4,CK1,CK1,CK1-A,CSNK1A1L
CK1,-1.9408333333333336,17,KRSA,0.7883211678832117,4,CK1,CK1,CK1-D,CSNK1D
CK1,-1.9408333333333336,17,KRSA,0.7883211678832117,4,CK1,CK1,CK1-D,CSNK1E
CK1,-1.9408333333333336,17,KRSA,0.7883211678832117,4,CK1,CK1,CK1-G,CSNK1G1
CK1,-1.9408333333333336,17,KRSA,0.7883211678832117,4,CK1,CK1,CK1-G,CSNK1G2
CK1,-1.9408333333333336,17,KRSA,0.7883211678832117,4,CK1,CK1,CK1-G,CSNK1G3
CK1,-1.9408333333333336,17,KRSA,0.7883211678832117,4,CK1,TTBK,TTBK,TTBK1
CK1,-1.9408333333333336,17,KRSA,0.7883211678832117,4,CK1,TTBK,TTBK,TTBK2
CK1,-1.9408333333333336,17,KRSA,0.7883211678832117,4,CK1,VRK,VRK,VRK3
AKT,0.17583333333333334,75,KRSA,0.06256517205422316,1,AGC,AKT,AKT,AKT1
AKT,0.17583333333333334,75,KRSA,0.06256517205422316,1,AGC,AKT,AKT,AKT2
AKT,0.17583333333333334,75,KRSA,0.06256517205422316,1,AGC,AKT,AKT,AKT3
GRK,0.2308333333333333,72,KRSA,0.10010427528675704,1,AGC,GRK,GRK,GRK1
GRK,0.2308333333333333,72,KRSA,0.10010427528675704,1,AGC,GRK,GRK,GRK4
GRK,0.2308333333333333,72,KRSA,0.10010427528675704,1,AGC,GRK,GRK,GRK5
GRK,0.2308333333333333,72,KRSA,0.10010427528675704,1,AGC,GRK,GRK,GRK6
GRK,0.2308333333333333,72,KRSA,0.10010427528675704,1,AGC,GRK,GRK,GRK7
SGK,0.8658333333333333,50,KRSA,0.3753910323253389,2,AGC,SGK,SGK,SGK1
SGK,0.8658333333333333,50,KRSA,0.3753910323253389,2,AGC,SGK,SGK,SGK2
SGK,0.8658333333333333,50,KRSA,0.3753910323253389,2,AGC,SGK,SGK,SGK3
MELK,-0.73,57,KRSA,0.28779979144942647,2,CAMK,CAMKL,MELK,MELK
NDR,-0.8791666666666667,49,KRSA,0.38790406673618355,2,AGC,NDR,NDR,LATS1
NDR,-0.8791666666666667,49,KRSA,0.38790406673618355,2,AGC,NDR,NDR,LATS2
NDR,-0.8791666666666667,49,KRSA,0.38790406673618355,2,AGC,NDR,NDR,STK38
NDR,-0.8791666666666667,49,KRSA,0.38790406673618355,2,AGC,NDR,NDR,STK38L
MLCK,-0.10666666666666667,77,KRSA,0.03753910323253389,1,CAMK,MLCK,MLCK,MYLK
MLCK,-0.10666666666666667,77,KRSA,0.03753910323253389,1,CAMK,MLCK,MLCK,MYLK2
MLCK,-0.10666666666666667,77,KRSA,0.03753910323253389,1,CAMK,MLCK,MLCK,TTN
MLK,-0.30583333333333335,70,KRSA,0.1251303441084463,1,TKL,MLK,ILK,ILK
MLK,-0.30583333333333335,70,KRSA,0.1251303441084463,1,TKL,MLK,MLK,MAP3K10
MLK,-0.30583333333333335,70,KRSA,0.1251303441084463,1,TKL,MLK,MLK,MAP3K11
MLK,-0.30583333333333335,70,KRSA,0.1251303441084463,1,TKL,MLK,LZK,MAP3K12
MLK,-0.30583333333333335,70,KRSA,0.1251303441084463,1,TKL,MLK,LZK,MAP3K13
MLK,-0.30583333333333335,70,KRSA,0.1251303441084463,1,TKL,MLK,MLK,MAP3K9
MLK,-0.30583333333333335,70,KRSA,0.1251303441084463,1,TKL,MLK,HH498,TNNI3K
RIPK,0.03416666666666664,79,KRSA,0.01251303441084463,1,TKL,RIPK,RIPK,ANKK1
RIPK,0.03416666666666664,79,KRSA,0.01251303441084463,1,TKL,RIPK,RIPK,RIPK1
RIPK,0.03416666666666664,79,KRSA,0.01251303441084463,1,TKL,RIPK,RIPK,RIPK2
RIPK,0.03416666666666664,79,KRSA,0.01251303441084463,1,TKL,RIPK,RIPK,RIPK3
RIPK,0.03416666666666664,79,KRSA,0.01251303441084463,1,TKL,RIPK,RIPK,RIPK4
PHK,-1.475,25,KRSA,0.6882168925964547,3,CAMK,PHK,PHK,PHKG1
PHK,-1.475,25,KRSA,0.6882168925964547,3,CAMK,PHK,PHK,PHKG2
NAK,-0.4125,67,KRSA,0.16266944734098018,1,OTHER,NAK,BIKE,AAK1
NAK,-0.4125,67,KRSA,0.16266944734098018,1,OTHER,NAK,BIKE,BMP2K
NAK,-0.4125,67,KRSA,0.16266944734098018,1,OTHER,NAK,GAK,GAK
NAK,-0.4125,67,KRSA,0.16266944734098018,1,OTHER,NAK,MPSK,STK16
NEK,-1.0699999999999998,36,KRSA,0.5505735140771637,3,OTHER,NEK,NEK11,NEK11
NEK,-1.0699999999999998,36,KRSA,0.5505735140771637,3,OTHER,NEK,NEK2,NEK2
NEK,-1.0699999999999998,36,KRSA,0.5505735140771637,3,OTHER,NEK,NEK1,NEK3
NEK,-1.0699999999999998,36,KRSA,0.5505735140771637,3,OTHER,NEK,NEK4,NEK4
NEK,-1.0699999999999998,36,KRSA,0.5505735140771637,3,OTHER,NEK,NEK1,NEK5
NEK,-1.0699999999999998,36,KRSA,0.5505735140771637,3,OTHER,NEK,NEK6,NEK6
NEK,-1.0699999999999998,36,KRSA,0.5505735140771637,3,OTHER,NEK,NEK6,NEK7
NEK,-1.0699999999999998,36,KRSA,0.5505735140771637,3,OTHER,NEK,NEK8,NEK8
NEK,-1.0699999999999998,36,KRSA,0.5505735140771637,3,OTHER,NEK,NEK8,NEK9
PAKB,0.3141666666666667,69,KRSA,0.13764337851929093,1,STE,STE20,PAKB,PAK4
PAKB,0.3141666666666667,69,KRSA,0.13764337851929093,1,STE,STE20,PAKB,PAK5
PAKB,0.3141666666666667,69,KRSA,0.13764337851929093,1,STE,STE20,PAKB,PAK6
IKK,-1.3708333333333331,29,KRSA,0.6381647549530761,3,OTHER,IKK,IKK,CHUK
IKK,-1.3708333333333331,29,KRSA,0.6381647549530761,3,OTHER,IKK,IKK,IKBKB
IKK,-1.3708333333333331,29,KRSA,0.6381647549530761,3,OTHER,IKK,IKK,IKBKE
IKK,-1.3708333333333331,29,KRSA,0.6381647549530761,3,OTHER,IKK,IKK,TBK1
HAL,0.8066666666666666,55,KRSA,0.31282586027111575,2,RGC,RGC,RGC,NPR1
ATM,-0.9233333333333332,47,KRSA,0.4129301355578728,2,ATYPICAL,PIKK,ATM,ATM
COT,0.8283333333333334,53,KRSA,0.337851929092805,2,STE,STE-UNIQUE,STE-UNIQUE,MAP3K8
DMPK,-0.7166666666666667,59,KRSA,0.26277372262773724,2,AGC,DMPK,GEK,CDC42BPA
DMPK,-0.7166666666666667,59,KRSA,0.26277372262773724,2,AGC,DMPK,GEK,CDC42BPB
DMPK,-0.7166666666666667,59,KRSA,0.26277372262773724,2,AGC,DMPK,GEK,CDC42BPG
DMPK,-0.7166666666666667,59,KRSA,0.26277372262773724,2,AGC,DMPK,CRIK,CIT
DMPK,-0.7166666666666667,59,KRSA,0.26277372262773724,2,AGC,DMPK,GEK,DMPK
DMPK,-0.7166666666666667,59,KRSA,0.26277372262773724,2,AGC,DMPK,ROCK,ROCK1
DMPK,-0.7166666666666667,59,KRSA,0.26277372262773724,2,AGC,DMPK,ROCK,ROCK2
MAPKAPK,-0.01333333333333335,80,KRSA,0,1,CAMK,MAPKAPK,MAPKAPK,MAPKAPK2
MAPKAPK,-0.01333333333333335,80,KRSA,0,1,CAMK,MAPKAPK,MAPKAPK,MAPKAPK3
MAPKAPK,-0.01333333333333335,80,KRSA,0,1,CAMK,MAPKAPK,MAPKAPK,MAPKAPK5
MAPKAPK,-0.01333333333333335,80,KRSA,0,1,CAMK,MAPKAPK,MNK,MKNK1
MAPKAPK,-0.01333333333333335,80,KRSA,0,1,CAMK,MAPKAPK,MNK,MKNK2
IRAK,-0.44166666666666665,63,KRSA,0.2127215849843587,1,TKL,IRAK,IRAK,IRAK1
IRAK,-0.44166666666666665,63,KRSA,0.2127215849843587,1,TKL,IRAK,IRAK,IRAK2
IRAK,-0.44166666666666665,63,KRSA,0.2127215849843587,1,TKL,IRAK,IRAK,IRAK3
IRAK,-0.44166666666666665,63,KRSA,0.2127215849843587,1,TKL,IRAK,IRAK,IRAK4
AUR,-0.2258333333333333,73,KRSA,0.08759124087591241,1,OTHER,AUR,AUR,AURKA
AUR,-0.2258333333333333,73,KRSA,0.08759124087591241,1,OTHER,AUR,AUR,AURKB
AUR,-0.2258333333333333,73,KRSA,0.08759124087591241,1,OTHER,AUR,AUR,AURKC
BARK2,-0.4991666666666667,62,KRSA,0.22523461939520334,1,AGC,GRK,BARK,GRK3
ERK,-4.84,1,KRSA,0.9885297184567258,4,CMGC,MAPK,ERK1,MAPK1
ERK,-4.84,1,KRSA,0.9885297184567258,4,CMGC,MAPK,ERK7,MAPK15
ERK,-4.84,1,KRSA,0.9885297184567258,4,CMGC,MAPK,ERK1,MAPK3
ERK,-4.84,1,KRSA,0.9885297184567258,4,CMGC,MAPK,ERK3,MAPK4
ERK,-4.84,1,KRSA,0.9885297184567258,4,CMGC,MAPK,ERK3,MAPK6
ERK,-4.84,1,KRSA,0.9885297184567258,4,CMGC,MAPK,ERK5,MAPK7
PKA,2.8908333333333336,12,KRSA,0.8508863399374348,4,AGC,PKA,PKA,PRKACA
PKA,2.8908333333333336,12,KRSA,0.8508863399374348,4,AGC,PKA,PKA,PRKACB
PKA,2.8908333333333336,12,KRSA,0.8508863399374348,4,AGC,PKA,PKA,PRKACG
PKA,2.8908333333333336,12,KRSA,0.8508863399374348,4,AGC,PKA,PKA,PRKX
PKA,2.8908333333333336,12,KRSA,0.8508863399374348,4,AGC,PKA,PKA,PRKY
PKG,2.9325,11,KRSA,0.8633993743482794,4,AGC,PKG,PKG,PRKG1
PKG,2.9325,11,KRSA,0.8633993743482794,4,AGC,PKG,PKG,PRKG2
DYRK,-4.504166666666666,2,KRSA,0.9760166840458812,4,CMGC,DYRK,DYRK1,DYRK1A
DYRK,-4.504166666666666,2,KRSA,0.9760166840458812,4,CMGC,DYRK,DYRK1,DYRK1B
DYRK,-4.504166666666666,2,KRSA,0.9760166840458812,4,CMGC,DYRK,DYRK2,DYRK2
DYRK,-4.504166666666666,2,KRSA,0.9760166840458812,4,CMGC,DYRK,DYRK2,DYRK3
DYRK,-4.504166666666666,2,KRSA,0.9760166840458812,4,CMGC,DYRK,DYRK2,DYRK4
DYRK,-4.504166666666666,2,KRSA,0.9760166840458812,4,CMGC,DYRK,HIPK,HIPK1
DYRK,-4.504166666666666,2,KRSA,0.9760166840458812,4,CMGC,DYRK,HIPK,HIPK2
DYRK,-4.504166666666666,2,KRSA,0.9760166840458812,4,CMGC,DYRK,HIPK,HIPK3
DYRK,-4.504166666666666,2,KRSA,0.9760166840458812,4,CMGC,DYRK,HIPK,HIPK4
DYRK,-4.504166666666666,2,KRSA,0.9760166840458812,4,CMGC,DYRK,PRP4,PRPF4B
CAMK1,2.42,13,KRSA,0.8383733055265902,4,CAMK,CAMK1,CAMK1,CAMK1
CAMK1,2.42,13,KRSA,0.8383733055265902,4,CAMK,CAMK1,CAMK1,CAMK1D
CAMK1,2.42,13,KRSA,0.8383733055265902,4,CAMK,CAMK1,CAMK1,CAMK1G
CAMK1,2.42,13,KRSA,0.8383733055265902,4,CAMK,CAMK1,CAMK1,CAMK4
CAMK1,2.42,13,KRSA,0.8383733055265902,4,CAMK,CAMK1,CAMK1,PNCK
PDK1,-3.799166666666667,5,KRSA,0.9384775808133472,4,ATYPICAL,PDHK,PDHK,PDK1
PDK1,-3.799166666666667,5,KRSA,0.9384775808133472,4,AGC,PDK1,PDK1,PDPK1
CDK,-4.479166666666667,3,KRSA,0.9635036496350365,4,CMGC,CDK,CDC2,CDK1
CDK,-4.479166666666667,3,KRSA,0.9635036496350365,4,CMGC,CDK,CDK10,CDK10
CDK,-4.479166666666667,3,KRSA,0.9635036496350365,4,CMGC,CDK,CRK7,CDK12
CDK,-4.479166666666667,3,KRSA,0.9635036496350365,4,CMGC,CDK,CRK7,CDK13
CDK,-4.479166666666667,3,KRSA,0.9635036496350365,4,CMGC,CDK,PFTAIRE,CDK14
CDK,-4.479166666666667,3,KRSA,0.9635036496350365,4,CMGC,CDK,PFTAIRE,CDK15
CDK,-4.479166666666667,3,KRSA,0.9635036496350365,4,CMGC,CDK,PCTAIRE,CDK16
CDK,-4.479166666666667,3,KRSA,0.9635036496350365,4,CMGC,CDK,PCTAIRE,CDK17
CDK,-4.479166666666667,3,KRSA,0.9635036496350365,4,CMGC,CDK,PCTAIRE,CDK18
CDK,-4.479166666666667,3,KRSA,0.9635036496350365,4,CMGC,CDK,CDK8,CDK19
CDK,-4.479166666666667,3,KRSA,0.9635036496350365,4,CMGC,CDK,CDC2,CDK2
CDK,-4.479166666666667,3,KRSA,0.9635036496350365,4,CMGC,CDK,CCRK,CDK20
CDK,-4.479166666666667,3,KRSA,0.9635036496350365,4,CMGC,CDK,CDC2,CDK3
CDK,-4.479166666666667,3,KRSA,0.9635036496350365,4,CMGC,CDK,CDK4,CDK4
CDK,-4.479166666666667,3,KRSA,0.9635036496350365,4,CMGC,CDK,CDK5,CDK5
CDK,-4.479166666666667,3,KRSA,0.9635036496350365,4,CMGC,CDK,CDK4,CDK6
CDK,-4.479166666666667,3,KRSA,0.9635036496350365,4,CMGC,CDK,CDK7,CDK7
CDK,-4.479166666666667,3,KRSA,0.9635036496350365,4,CMGC,CDK,CDK8,CDK8
CDK,-4.479166666666667,3,KRSA,0.9635036496350365,4,CMGC,CDK,CDK9,CDK9
CDK,-4.479166666666667,3,KRSA,0.9635036496350365,4,NA,NA,NA,CDK11A
CDK,-4.479166666666667,3,KRSA,0.9635036496350365,4,NA,NA,NA,CDK11B
AMPK,1.5216666666666667,23,KRSA,0.7132429614181439,3,CAMK,CAMKL,AMPK,PRKAA1
AMPK,1.5216666666666667,23,KRSA,0.7132429614181439,3,CAMK,CAMKL,AMPK,PRKAA2
JNK,-3.61,6,KRSA,0.9259645464025026,4,CMGC,MAPK,JNK,MAPK10
JNK,-3.61,6,KRSA,0.9259645464025026,4,CMGC,MAPK,JNK,MAPK8
JNK,-3.61,6,KRSA,0.9259645464025026,4,CMGC,MAPK,JNK,MAPK9
RSK,1.31,31,KRSA,0.6131386861313869,3,AGC,RSK,RSK,RPS6KA1
RSK,1.31,31,KRSA,0.6131386861313869,3,AGC,RSK,RSK,RPS6KA2
RSK,1.31,31,KRSA,0.6131386861313869,3,AGC,RSK,RSK,RPS6KA3
RSK,1.31,31,KRSA,0.6131386861313869,3,AGC,RSK,MSK,RPS6KA4
RSK,1.31,31,KRSA,0.6131386861313869,3,AGC,RSK,MSK,RPS6KA5
RSK,1.31,31,KRSA,0.6131386861313869,3,AGC,RSK,RSK,RPS6KA6
RSK,1.31,31,KRSA,0.6131386861313869,3,AGC,RSK,P70,RPS6KB1
RSK,1.31,31,KRSA,0.6131386861313869,3,AGC,RSK,P70,RPS6KB2
P38,-3.0483333333333333,9,KRSA,0.8884254431699687,4,CMGC,MAPK,P38,MAPK11
P38,-3.0483333333333333,9,KRSA,0.8884254431699687,4,CMGC,MAPK,P38,MAPK12
P38,-3.0483333333333333,9,KRSA,0.8884254431699687,4,CMGC,MAPK,P38,MAPK13
P38,-3.0483333333333333,9,KRSA,0.8884254431699687,4,CMGC,MAPK,P38,MAPK14
PKD,0.8183333333333334,54,KRSA,0.32533889468196037,2,CAMK,PKD,PKD,PRKD1
PKD,0.8183333333333334,54,KRSA,0.32533889468196037,2,CAMK,PKD,PKD,PRKD2
PKD,0.8183333333333334,54,KRSA,0.32533889468196037,2,CAMK,PKD,PKD,PRKD3
MST,-2.091666666666667,15,KRSA,0.8133472367049009,4,STE,STE20,MST,STK3
MST,-2.091666666666667,15,KRSA,0.8133472367049009,4,STE,STE20,MST,STK4
PKCD,0.855,51,KRSA,0.36287799791449427,2,AGC,PKC,DELTA,PRKCD
PKCD,0.855,51,KRSA,0.36287799791449427,2,AGC,PKC,DELTA,PRKCQ
PEK,-4.005833333333333,4,KRSA,0.9509906152241918,4,OTHER,PEK,HRI,EIF2AK1
PEK,-4.005833333333333,4,KRSA,0.9509906152241918,4,OTHER,PEK,PKR,EIF2AK2
PEK,-4.005833333333333,4,KRSA,0.9509906152241918,4,OTHER,PEK,PEK,EIF2AK3
PEK,-4.005833333333333,4,KRSA,0.9509906152241918,4,OTHER,PEK,GCN2,EIF2AK4
RAF,-1.9108333333333336,18,KRSA,0.7758081334723671,4,TKL,RAF,RAF,ARAF
RAF,-1.9108333333333336,18,KRSA,0.7758081334723671,4,TKL,RAF,RAF,BRAF
RAF,-1.9108333333333336,18,KRSA,0.7758081334723671,4,TKL,RAF,KSR,KSR1
RAF,-1.9108333333333336,18,KRSA,0.7758081334723671,4,TKL,RAF,KSR,KSR2
RAF,-1.9108333333333336,18,KRSA,0.7758081334723671,4,TKL,RAF,RAF,RAF1
PAKA,0.9066666666666668,48,KRSA,0.40041710114702816,2,STE,STE20,PAKA,PAK1
PAKA,0.9066666666666668,48,KRSA,0.40041710114702816,2,STE,STE20,PAKA,PAK2
PAKA,0.9066666666666668,48,KRSA,0.40041710114702816,2,STE,STE20,PAKA,PAK3
ATR,-1.7983333333333331,19,KRSA,0.7632950990615224,4,ATYPICAL,PIKK,ATR,ATR
PLK,-3.158333333333333,8,KRSA,0.9009384775808134,4,NA,NA,NA,PLK5
PLK,-3.158333333333333,8,KRSA,0.9009384775808134,4,OTHER,PLK,PLK1,PLK1
PLK,-3.158333333333333,8,KRSA,0.9009384775808134,4,OTHER,PLK,PLK2,PLK2
PLK,-3.158333333333333,8,KRSA,0.9009384775808134,4,OTHER,PLK,PLK2,PLK3
PLK,-3.158333333333333,8,KRSA,0.9009384775808134,4,OTHER,PLK,SAK,PLK4
PRKDC,-1.6583333333333332,21,KRSA,0.7382690302398331,3,ATYPICAL,PIKK,DNAPK,PRKDC
STKR,0.435,64,KRSA,0.20020855057351408,1,TKL,STKR,TYPE1,ACVR1
STKR,0.435,64,KRSA,0.20020855057351408,1,TKL,STKR,TYPE1,ACVR1B
STKR,0.435,64,KRSA,0.20020855057351408,1,TKL,STKR,TYPE1,ACVR1C
STKR,0.435,64,KRSA,0.20020855057351408,1,TKL,STKR,TYPE2,ACVR2A
STKR,0.435,64,KRSA,0.20020855057351408,1,TKL,STKR,TYPE2,ACVR2B
STKR,0.435,64,KRSA,0.20020855057351408,1,TKL,STKR,TYPE1,ACVRL1
STKR,0.435,64,KRSA,0.20020855057351408,1,TKL,STKR,TYPE2,AMHR2
STKR,0.435,64,KRSA,0.20020855057351408,1,TKL,STKR,TYPE1,BMPR1A
STKR,0.435,64,KRSA,0.20020855057351408,1,TKL,STKR,TYPE1,BMPR1B
STKR,0.435,64,KRSA,0.20020855057351408,1,TKL,STKR,TYPE2,BMPR2
STKR,0.435,64,KRSA,0.20020855057351408,1,TKL,STKR,TYPE1,TGFBR1
STKR,0.435,64,KRSA,0.20020855057351408,1,TKL,STKR,TYPE2,TGFBR2
LKB,-1.9766666666666663,16,KRSA,0.8008342022940563,4,CAMK,CAMKL,LKB,STK11
PKCH,-1.1083333333333334,35,KRSA,0.5630865484880083,3,AGC,PKC,ETA,PRKCE
PKCH,-1.1083333333333334,35,KRSA,0.5630865484880083,3,AGC,PKC,ETA,PRKCH
PASK,1.1108333333333331,34,KRSA,0.5755995828988529,3,CAMK,CAMKL,PASK,PASK
MTOR,-1.7858333333333334,20,KRSA,0.7507820646506778,4,ATYPICAL,PIKK,FRAP,MTOR
KHS,0.74,56,KRSA,0.30031282586027114,2,STE,STE20,KHS,MAP4K1
KHS,0.74,56,KRSA,0.30031282586027114,2,STE,STE20,KHS,MAP4K2
KHS,0.74,56,KRSA,0.30031282586027114,2,STE,STE20,KHS,MAP4K3
KHS,0.74,56,KRSA,0.30031282586027114,2,STE,STE20,KHS,MAP4K5
TAO,0.4183333333333333,66,KRSA,0.17518248175182483,1,STE,STE20,TAO,TAOK1
TAO,0.4183333333333333,66,KRSA,0.17518248175182483,1,STE,STE20,TAO,TAOK2
TAO,0.4183333333333333,66,KRSA,0.17518248175182483,1,STE,STE20,TAO,TAOK3
PDHK,-0.08999999999999997,78,KRSA,0.02502606882168926,1,ATYPICAL,PDHK,BCKDK,BCKDK
PDHK,-0.08999999999999997,78,KRSA,0.02502606882168926,1,ATYPICAL,PDHK,PDHK,PDK2
PDHK,-0.08999999999999997,78,KRSA,0.02502606882168926,1,ATYPICAL,PDHK,PDHK,PDK3
PDHK,-0.08999999999999997,78,KRSA,0.02502606882168926,1,ATYPICAL,PDHK,PDHK,PDK4
NMO,-2.9541666666666666,10,KRSA,0.8759124087591241,4,CMGC,MAPK,NMO,NLK
VRK1,-1.055,37,KRSA,0.5380604796663191,3,CK1,VRK,VRK,VRK1
RAD53,1.1583333333333332,33,KRSA,0.5881126173096975,3,CAMK,RAD53,RAD53,CHEK2
CHK1,0.42583333333333334,65,KRSA,0.18769551616266944,1,CAMK,CAMKL,CHK1,CHEK1
CK2,-0.2708333333333333,71,KRSA,0.11261730969760167,1,CMGC,CK2,CK2,CSNK2A1
CK2,-0.2708333333333333,71,KRSA,0.11261730969760167,1,CMGC,CK2,CK2,CSNK2A2
CK2,-0.2708333333333333,71,KRSA,0.11261730969760167,1,NA,NA,NA,CSNK2A3
RIPK,0.03416666666666664,79,KRSA,0.01251303441084463,1,TKL,RIPK,RIPK,ANKK1
RIPK,0.03416666666666664,79,KRSA,0.01251303441084463,1,TKL,RIPK,RIPK,RIPK1
RIPK,0.03416666666666664,79,KRSA,0.01251303441084463,1,TKL,RIPK,RIPK,RIPK2
RIPK,0.03416666666666664,79,KRSA,0.01251303441084463,1,TKL,RIPK,RIPK,RIPK3
RIPK,0.03416666666666664,79,KRSA,0.01251303441084463,1,TKL,RIPK,RIPK,RIPK4
PKCI,1.35,30,KRSA,0.6256517205422315,3,AGC,PKC,IOTA,PRKCI
PKCI,1.35,30,KRSA,0.6256517205422315,3,AGC,PKC,IOTA,PRKCZ
DMPK,-0.7166666666666667,59,KRSA,0.26277372262773724,2,AGC,DMPK,GEK,CDC42BPA
DMPK,-0.7166666666666667,59,KRSA,0.26277372262773724,2,AGC,DMPK,GEK,CDC42BPB
DMPK,-0.7166666666666667,59,KRSA,0.26277372262773724,2,AGC,DMPK,GEK,CDC42BPG
DMPK,-0.7166666666666667,59,KRSA,0.26277372262773724,2,AGC,DMPK,CRIK,CIT
DMPK,-0.7166666666666667,59,KRSA,0.26277372262773724,2,AGC,DMPK,GEK,DMPK
DMPK,-0.7166666666666667,59,KRSA,0.26277372262773724,2,AGC,DMPK,ROCK,ROCK1
DMPK,-0.7166666666666667,59,KRSA,0.26277372262773724,2,AGC,DMPK,ROCK,ROCK2
PIM,0.7175,58,KRSA,0.27528675703858185,2,CAMK,PIM,PIM,PIM1
PIM,0.7175,58,KRSA,0.27528675703858185,2,CAMK,PIM,PIM,PIM2
PIM,0.7175,58,KRSA,0.27528675703858185,2,CAMK,PIM,PIM,PIM3
CAMK2,0.17499999999999988,76,KRSA,0.05005213764337852,1,CAMK,CAMK2,CAMK2,CAMK2A
CAMK2,0.17499999999999988,76,KRSA,0.05005213764337852,1,CAMK,CAMK2,CAMK2,CAMK2B
CAMK2,0.17499999999999988,76,KRSA,0.05005213764337852,1,CAMK,CAMK2,CAMK2,CAMK2D
CAMK2,0.17499999999999988,76,KRSA,0.05005213764337852,1,CAMK,CAMK2,CAMK2,CAMK2G
MAPKAPK,-0.01333333333333335,80,KRSA,0,1,CAMK,MAPKAPK,MAPKAPK,MAPKAPK2
MAPKAPK,-0.01333333333333335,80,KRSA,0,1,CAMK,MAPKAPK,MAPKAPK,MAPKAPK3
MAPKAPK,-0.01333333333333335,80,KRSA,0,1,CAMK,MAPKAPK,MAPKAPK,MAPKAPK5
MAPKAPK,-0.01333333333333335,80,KRSA,0,1,CAMK,MAPKAPK,MNK,MKNK1
MAPKAPK,-0.01333333333333335,80,KRSA,0,1,CAMK,MAPKAPK,MNK,MKNK2
FRAY,-1.4875,24,KRSA,0.7007299270072993,3,STE,STE20,FRAY,OXSR1
FRAY,-1.4875,24,KRSA,0.7007299270072993,3,STE,STE20,FRAY,STK39
GRK,0.2308333333333333,72,KRSA,0.10010427528675704,1,AGC,GRK,GRK,GRK1
GRK,0.2308333333333333,72,KRSA,0.10010427528675704,1,AGC,GRK,GRK,GRK4
GRK,0.2308333333333333,72,KRSA,0.10010427528675704,1,AGC,GRK,GRK,GRK5
GRK,0.2308333333333333,72,KRSA,0.10010427528675704,1,AGC,GRK,GRK,GRK6
GRK,0.2308333333333333,72,KRSA,0.10010427528675704,1,AGC,GRK,GRK,GRK7
MLK,-0.30583333333333335,70,KRSA,0.1251303441084463,1,TKL,MLK,ILK,ILK
MLK,-0.30583333333333335,70,KRSA,0.1251303441084463,1,TKL,MLK,MLK,MAP3K10
MLK,-0.30583333333333335,70,KRSA,0.1251303441084463,1,TKL,MLK,MLK,MAP3K11
MLK,-0.30583333333333335,70,KRSA,0.1251303441084463,1,TKL,MLK,LZK,MAP3K12
MLK,-0.30583333333333335,70,KRSA,0.1251303441084463,1,TKL,MLK,LZK,MAP3K13
MLK,-0.30583333333333335,70,KRSA,0.1251303441084463,1,TKL,MLK,MLK,MAP3K9
MLK,-0.30583333333333335,70,KRSA,0.1251303441084463,1,TKL,MLK,HH498,TNNI3K
MSN,0.8358333333333333,52,KRSA,0.35036496350364965,2,STE,STE20,MSN,MAP4K4
MSN,0.8358333333333333,52,KRSA,0.35036496350364965,2,STE,STE20,MSN,NRK
MSN,0.8358333333333333,52,KRSA,0.35036496350364965,2,STE,STE20,MSN,TNIK
TTK,-1.4016666666666666,26,KRSA,0.67570385818561,3,OTHER,TTK,TTK,TTK
NUAK,-1.3833333333333333,28,KRSA,0.6506777893639207,3,CAMK,CAMKL,NUAK,NUAK1
NUAK,-1.3833333333333333,28,KRSA,0.6506777893639207,3,CAMK,CAMKL,NUAK,NUAK2
TLK,-1.395,27,KRSA,0.6631908237747653,3,OTHER,TLK,TLK,TLK1
TLK,-1.395,27,KRSA,0.6631908237747653,3,OTHER,TLK,TLK,TLK2
PAKB,0.3141666666666667,69,KRSA,0.13764337851929093,1,STE,STE20,PAKB,PAK4
PAKB,0.3141666666666667,69,KRSA,0.13764337851929093,1,STE,STE20,PAKB,PAK5
PAKB,0.3141666666666667,69,KRSA,0.13764337851929093,1,STE,STE20,PAKB,PAK6
PKN,-0.5308333333333334,61,KRSA,0.23774765380604795,1,AGC,PKN,PKN,PKN1
PKN,-0.5308333333333334,61,KRSA,0.23774765380604795,1,AGC,PKN,PKN,PKN2
PKN,-0.5308333333333334,61,KRSA,0.23774765380604795,1,AGC,PKN,PKN,PKN3
SGK,0.8658333333333333,50,KRSA,0.3753910323253389,2,AGC,SGK,SGK,SGK1
SGK,0.8658333333333333,50,KRSA,0.3753910323253389,2,AGC,SGK,SGK,SGK2
SGK,0.8658333333333333,50,KRSA,0.3753910323253389,2,AGC,SGK,SGK,SGK3
BUD32,-1.0008333333333337,38,KRSA,0.5255474452554745,3,OTHER,BUD32,BUD32,TP53RK
STE11,-0.9316666666666666,46,KRSA,0.4254431699687174,2,TKL,MLK,TAK1,MAP3K7
STE11,-0.9316666666666666,46,KRSA,0.4254431699687174,2,STE,STE11,MEKK1,MAP3K1
STE11,-0.9316666666666666,46,KRSA,0.4254431699687174,2,STE,STE11,ASK,MAP3K15
STE11,-0.9316666666666666,46,KRSA,0.4254431699687174,2,STE,STE11,MEKK2,MAP3K2
STE11,-0.9316666666666666,46,KRSA,0.4254431699687174,2,STE,STE11,MEKK2,MAP3K3
STE11,-0.9316666666666666,46,KRSA,0.4254431699687174,2,STE,STE11,MEKK4,MAP3K4
STE11,-0.9316666666666666,46,KRSA,0.4254431699687174,2,STE,STE11,ASK,MAP3K5
STE11,-0.9316666666666666,46,KRSA,0.4254431699687174,2,STE,STE11,ASK,MAP3K6
NAK,-0.4125,67,KRSA,0.16266944734098018,1,OTHER,NAK,BIKE,AAK1
NAK,-0.4125,67,KRSA,0.16266944734098018,1,OTHER,NAK,BIKE,BMP2K
NAK,-0.4125,67,KRSA,0.16266944734098018,1,OTHER,NAK,GAK,GAK
NAK,-0.4125,67,KRSA,0.16266944734098018,1,OTHER,NAK,MPSK,STK16
SLK,0.2241666666666667,74,KRSA,0.07507820646506778,1,STE,STE20,SLK,SLK
SLK,0.2241666666666667,74,KRSA,0.07507820646506778,1,STE,STE20,SLK,STK10
CAMKK,-0.9733333333333334,44,KRSA,0.4504692387904067,2,OTHER,CAMKK,META,CAMKK1
CAMKK,-0.9733333333333334,44,KRSA,0.4504692387904067,2,OTHER,CAMKK,META,CAMKK2
WNK,-0.9825,42,KRSA,0.4754953076120959,2,OTHER,WNK,WNK,WNK1
WNK,-0.9825,42,KRSA,0.4754953076120959,2,OTHER,WNK,WNK,WNK2
WNK,-0.9825,42,KRSA,0.4754953076120959,2,OTHER,WNK,WNK,WNK3
WNK,-0.9825,42,KRSA,0.4754953076120959,2,OTHER,WNK,WNK,WNK4
BRSK,-0.9716666666666668,45,KRSA,0.43795620437956206,2,CAMK,CAMKL,BRSK,BRSK1
BRSK,-0.9716666666666668,45,KRSA,0.43795620437956206,2,CAMK,CAMKL,BRSK,BRSK2
MOS,-0.9858333333333332,40,KRSA,0.5005213764337852,3,OTHER,MOS,MOS,MOS
CLK,-0.985,41,KRSA,0.4880083420229406,2,CMGC,CLK,CLK,CLK1
CLK,-0.985,41,KRSA,0.4880083420229406,2,CMGC,CLK,CLK,CLK2
CLK,-0.985,41,KRSA,0.4880083420229406,2,CMGC,CLK,CLK,CLK3
CLK,-0.985,41,KRSA,0.4880083420229406,2,CMGC,CLK,CLK,CLK4
HAL,0.8066666666666666,55,KRSA,0.31282586027111575,2,RGC,RGC,RGC,NPR1
ULK,-0.9816666666666668,43,KRSA,0.4629822732012513,2,OTHER,ULK,FUSED,STK36
ULK,-0.9816666666666668,43,KRSA,0.4629822732012513,2,OTHER,ULK,ULK,ULK1
ULK,-0.9816666666666668,43,KRSA,0.4629822732012513,2,OTHER,ULK,ULK,ULK2
ULK,-0.9816666666666668,43,KRSA,0.4629822732012513,2,OTHER,ULK,ULK,ULK3
ULK,-0.9816666666666668,43,KRSA,0.4629822732012513,2,OTHER,ULK,ULK,ULK4
NIK,-0.9866666666666668,39,KRSA,0.5130344108446299,3,STE,STE-UNIQUE,STE-UNIQUE,MAP3K14
IRAK,-0.44166666666666665,63,KRSA,0.2127215849843587,1,TKL,IRAK,IRAK,IRAK1
IRAK,-0.44166666666666665,63,KRSA,0.2127215849843587,1,TKL,IRAK,IRAK,IRAK2
IRAK,-0.44166666666666665,63,KRSA,0.2127215849843587,1,TKL,IRAK,IRAK,IRAK3
IRAK,-0.44166666666666665,63,KRSA,0.2127215849843587,1,TKL,IRAK,IRAK,IRAK4
AUR,-0.2258333333333333,73,KRSA,0.08759124087591241,1,OTHER,AUR,AUR,AURKA
AUR,-0.2258333333333333,73,KRSA,0.08759124087591241,1,OTHER,AUR,AUR,AURKB
AUR,-0.2258333333333333,73,KRSA,0.08759124087591241,1,OTHER,AUR,AUR,AURKC
AKT,0.17583333333333334,75,KRSA,0.06256517205422316,1,AGC,AKT,AKT,AKT1
AKT,0.17583333333333334,75,KRSA,0.06256517205422316,1,AGC,AKT,AKT,AKT2
AKT,0.17583333333333334,75,KRSA,0.06256517205422316,1,AGC,AKT,AKT,AKT3
GSK,-1.225,32,KRSA,0.6006256517205423,3,CMGC,GSK,GSK,GSK3A
GSK,-1.225,32,KRSA,0.6006256517205423,3,CMGC,GSK,GSK,GSK3B
MELK,-0.73,57,KRSA,0.28779979144942647,2,CAMK,CAMKL,MELK,MELK
COT,0.8283333333333334,53,KRSA,0.337851929092805,2,STE,STE-UNIQUE,STE-UNIQUE,MAP3K8
DAPK,-0.7041666666666666,60,KRSA,0.2502606882168926,2,CAMK,DAPK,DAPK,DAPK1
DAPK,-0.7041666666666666,60,KRSA,0.2502606882168926,2,CAMK,DAPK,DAPK,DAPK2
DAPK,-0.7041666666666666,60,KRSA,0.2502606882168926,2,CAMK,DAPK,DAPK,DAPK3
DAPK,-0.7041666666666666,60,KRSA,0.2502606882168926,2,CAMK,DAPK,DRAK,STK17A
DAPK,-0.7041666666666666,60,KRSA,0.2502606882168926,2,CAMK,DAPK,DRAK,STK17B
MLCK,-0.10666666666666667,77,KRSA,0.03753910323253389,1,CAMK,MLCK,MLCK,MYLK
MLCK,-0.10666666666666667,77,KRSA,0.03753910323253389,1,CAMK,MLCK,MLCK,MYLK2
MLCK,-0.10666666666666667,77,KRSA,0.03753910323253389,1,CAMK,MLCK,MLCK,TTN
NDR,-0.8791666666666667,49,KRSA,0.38790406673618355,2,AGC,NDR,NDR,LATS1
NDR,-0.8791666666666667,49,KRSA,0.38790406673618355,2,AGC,NDR,NDR,LATS2
NDR,-0.8791666666666667,49,KRSA,0.38790406673618355,2,AGC,NDR,NDR,STK38
NDR,-0.8791666666666667,49,KRSA,0.38790406673618355,2,AGC,NDR,NDR,STK38L
IKK,-1.3708333333333331,29,KRSA,0.6381647549530761,3,OTHER,IKK,IKK,CHUK
IKK,-1.3708333333333331,29,KRSA,0.6381647549530761,3,OTHER,IKK,IKK,IKBKB
IKK,-1.3708333333333331,29,KRSA,0.6381647549530761,3,OTHER,IKK,IKK,IKBKE
IKK,-1.3708333333333331,29,KRSA,0.6381647549530761,3,OTHER,IKK,IKK,TBK1
PHK,-1.475,25,KRSA,0.6882168925964547,3,CAMK,PHK,PHK,PHKG1
PHK,-1.475,25,KRSA,0.6882168925964547,3,CAMK,PHK,PHK,PHKG2
STE7,-2.35,14,KRSA,0.8258602711157456,4,STE,STE7,MEK1,MAP2K1
STE7,-2.35,14,KRSA,0.8258602711157456,4,STE,STE7,MEK1,MAP2K2
STE7,-2.35,14,KRSA,0.8258602711157456,4,STE,STE7,MEK3,MAP2K3
STE7,-2.35,14,KRSA,0.8258602711157456,4,STE,STE7,MEK4,MAP2K4
STE7,-2.35,14,KRSA,0.8258602711157456,4,STE,STE7,MEK5,MAP2K5
STE7,-2.35,14,KRSA,0.8258602711157456,4,STE,STE7,MEK3,MAP2K6
STE7,-2.35,14,KRSA,0.8258602711157456,4,STE,STE7,MEK7,MAP2K7
QIK,-1.5683333333333334,22,KRSA,0.7257559958289885,3,CAMK,CAMKL,QIK,SIK1
QIK,-1.5683333333333334,22,KRSA,0.7257559958289885,3,CAMK,CAMKL,QIK,SIK2
BARK2,-0.4991666666666667,62,KRSA,0.22523461939520334,1,AGC,GRK,BARK,GRK3
ATM,-0.9233333333333332,47,KRSA,0.4129301355578728,2,ATYPICAL,PIKK,ATM,ATM
PKCA,-3.586666666666667,7,KRSA,0.913451511991658,4,AGC,PKC,ALPHA,PRKCA
PKCA,-3.586666666666667,7,KRSA,0.913451511991658,4,AGC,PKC,ALPHA,PRKCB
PKCA,-3.586666666666667,7,KRSA,0.913451511991658,4,AGC,PKC,ALPHA,PRKCG
NEK,-1.0699999999999998,36,KRSA,0.5505735140771637,3,OTHER,NEK,NEK11,NEK11
NEK,-1.0699999999999998,36,KRSA,0.5505735140771637,3,OTHER,NEK,NEK2,NEK2
NEK,-1.0699999999999998,36,KRSA,0.5505735140771637,3,OTHER,NEK,NEK1,NEK3
NEK,-1.0699999999999998,36,KRSA,0.5505735140771637,3,OTHER,NEK,NEK4,NEK4
NEK,-1.0699999999999998,36,KRSA,0.5505735140771637,3,OTHER,NEK,NEK1,NEK5
NEK,-1.0699999999999998,36,KRSA,0.5505735140771637,3,OTHER,NEK,NEK6,NEK6
NEK,-1.0699999999999998,36,KRSA,0.5505735140771637,3,OTHER,NEK,NEK6,NEK7
NEK,-1.0699999999999998,36,KRSA,0.5505735140771637,3,OTHER,NEK,NEK8,NEK8
NEK,-1.0699999999999998,36,KRSA,0.5505735140771637,3,OTHER,NEK,NEK8,NEK9
CK1,-1.9408333333333336,17,KRSA,0.7883211678832117,4,CK1,CK1,CK1-A,CSNK1A1
CK1,-1.9408333333333336,17,KRSA,0.7883211678832117,4,CK1,CK1,CK1-A,CSNK1A1L
CK1,-1.9408333333333336,17,KRSA,0.7883211678832117,4,CK1,CK1,CK1-D,CSNK1D
CK1,-1.9408333333333336,17,KRSA,0.7883211678832117,4,CK1,CK1,CK1-D,CSNK1E
CK1,-1.9408333333333336,17,KRSA,0.7883211678832117,4,CK1,CK1,CK1-G,CSNK1G1
CK1,-1.9408333333333336,17,KRSA,0.7883211678832117,4,CK1,CK1,CK1-G,CSNK1G2
CK1,-1.9408333333333336,17,KRSA,0.7883211678832117,4,CK1,CK1,CK1-G,CSNK1G3
CK1,-1.9408333333333336,17,KRSA,0.7883211678832117,4,CK1,TTBK,TTBK,TTBK1
CK1,-1.9408333333333336,17,KRSA,0.7883211678832117,4,CK1,TTBK,TTBK,TTBK2
CK1,-1.9408333333333336,17,KRSA,0.7883211678832117,4,CK1,VRK,VRK,VRK3
PKCA,-3.586666666666667,7,KRSA,0.913451511991658,4,AGC,PKC,ALPHA,PRKCA
PKCA,-3.586666666666667,7,KRSA,0.913451511991658,4,AGC,PKC,ALPHA,PRKCB
PKCA,-3.586666666666667,7,KRSA,0.913451511991658,4,AGC,PKC,ALPHA,PRKCG
PEK,-4.005833333333333,4,KRSA,0.9509906152241918,4,OTHER,PEK,HRI,EIF2AK1
PEK,-4.005833333333333,4,KRSA,0.9509906152241918,4,OTHER,PEK,PKR,EIF2AK2
PEK,-4.005833333333333,4,KRSA,0.9509906152241918,4,OTHER,PEK,PEK,EIF2AK3
PEK,-4.005833333333333,4,KRSA,0.9509906152241918,4,OTHER,PEK,GCN2,EIF2AK4
CDK,-4.479166666666667,3,KRSA,0.9635036496350365,4,CMGC,CDK,CDC2,CDK1
CDK,-4.479166666666667,3,KRSA,0.9635036496350365,4,CMGC,CDK,CDK10,CDK10
CDK,-4.479166666666667,3,KRSA,0.9635036496350365,4,CMGC,CDK,CRK7,CDK12
CDK,-4.479166666666667,3,KRSA,0.9635036496350365,4,CMGC,CDK,CRK7,CDK13
CDK,-4.479166666666667,3,KRSA,0.9635036496350365,4,CMGC,CDK,PFTAIRE,CDK14
CDK,-4.479166666666667,3,KRSA,0.9635036496350365,4,CMGC,CDK,PFTAIRE,CDK15
CDK,-4.479166666666667,3,KRSA,0.9635036496350365,4,CMGC,CDK,PCTAIRE,CDK16
CDK,-4.479166666666667,3,KRSA,0.9635036496350365,4,CMGC,CDK,PCTAIRE,CDK17
CDK,-4.479166666666667,3,KRSA,0.9635036496350365,4,CMGC,CDK,PCTAIRE,CDK18
CDK,-4.479166666666667,3,KRSA,0.9635036496350365,4,CMGC,CDK,CDK8,CDK19
CDK,-4.479166666666667,3,KRSA,0.9635036496350365,4,CMGC,CDK,CDC2,CDK2
CDK,-4.479166666666667,3,KRSA,0.9635036496350365,4,CMGC,CDK,CCRK,CDK20
CDK,-4.479166666666667,3,KRSA,0.9635036496350365,4,CMGC,CDK,CDC2,CDK3
CDK,-4.479166666666667,3,KRSA,0.9635036496350365,4,CMGC,CDK,CDK4,CDK4
CDK,-4.479166666666667,3,KRSA,0.9635036496350365,4,CMGC,CDK,CDK5,CDK5
CDK,-4.479166666666667,3,KRSA,0.9635036496350365,4,CMGC,CDK,CDK4,CDK6
CDK,-4.479166666666667,3,KRSA,0.9635036496350365,4,CMGC,CDK,CDK7,CDK7
CDK,-4.479166666666667,3,KRSA,0.9635036496350365,4,CMGC,CDK,CDK8,CDK8
CDK,-4.479166666666667,3,KRSA,0.9635036496350365,4,CMGC,CDK,CDK9,CDK9
CDK,-4.479166666666667,3,KRSA,0.9635036496350365,4,NA,NA,NA,CDK11A
CDK,-4.479166666666667,3,KRSA,0.9635036496350365,4,NA,NA,NA,CDK11B
DYRK,-4.504166666666666,2,KRSA,0.9760166840458812,4,CMGC,DYRK,DYRK1,DYRK1A
DYRK,-4.504166666666666,2,KRSA,0.9760166840458812,4,CMGC,DYRK,DYRK1,DYRK1B
DYRK,-4.504166666666666,2,KRSA,0.9760166840458812,4,CMGC,DYRK,DYRK2,DYRK2
DYRK,-4.504166666666666,2,KRSA,0.9760166840458812,4,CMGC,DYRK,DYRK2,DYRK3
DYRK,-4.504166666666666,2,KRSA,0.9760166840458812,4,CMGC,DYRK,DYRK2,DYRK4
DYRK,-4.504166666666666,2,KRSA,0.9760166840458812,4,CMGC,DYRK,HIPK,HIPK1
DYRK,-4.504166666666666,2,KRSA,0.9760166840458812,4,CMGC,DYRK,HIPK,HIPK2
DYRK,-4.504166666666666,2,KRSA,0.9760166840458812,4,CMGC,DYRK,HIPK,HIPK3
DYRK,-4.504166666666666,2,KRSA,0.9760166840458812,4,CMGC,DYRK,HIPK,HIPK4
DYRK,-4.504166666666666,2,KRSA,0.9760166840458812,4,CMGC,DYRK,PRP4,PRPF4B
PDK1,-3.799166666666667,5,KRSA,0.9384775808133472,4,ATYPICAL,PDHK,PDHK,PDK1
PDK1,-3.799166666666667,5,KRSA,0.9384775808133472,4,AGC,PDK1,PDK1,PDPK1
ERK,-4.84,1,KRSA,0.9885297184567258,4,CMGC,MAPK,ERK1,MAPK1
ERK,-4.84,1,KRSA,0.9885297184567258,4,CMGC,MAPK,ERK7,MAPK15
ERK,-4.84,1,KRSA,0.9885297184567258,4,CMGC,MAPK,ERK1,MAPK3
ERK,-4.84,1,KRSA,0.9885297184567258,4,CMGC,MAPK,ERK3,MAPK4
ERK,-4.84,1,KRSA,0.9885297184567258,4,CMGC,MAPK,ERK3,MAPK6
ERK,-4.84,1,KRSA,0.9885297184567258,4,CMGC,MAPK,ERK5,MAPK7
NMO,-2.9541666666666666,10,KRSA,0.8759124087591241,4,CMGC,MAPK,NMO,NLK
PLK,-3.158333333333333,8,KRSA,0.9009384775808134,4,NA,NA,NA,PLK5
PLK,-3.158333333333333,8,KRSA,0.9009384775808134,4,OTHER,PLK,PLK1,PLK1
PLK,-3.158333333333333,8,KRSA,0.9009384775808134,4,OTHER,PLK,PLK2,PLK2
PLK,-3.158333333333333,8,KRSA,0.9009384775808134,4,OTHER,PLK,PLK2,PLK3
PLK,-3.158333333333333,8,KRSA,0.9009384775808134,4,OTHER,PLK,SAK,PLK4
JNK,-3.61,6,KRSA,0.9259645464025026,4,CMGC,MAPK,JNK,MAPK10
JNK,-3.61,6,KRSA,0.9259645464025026,4,CMGC,MAPK,JNK,MAPK8
JNK,-3.61,6,KRSA,0.9259645464025026,4,CMGC,MAPK,JNK,MAPK9
PHK,-1.475,25,KRSA,0.6882168925964547,3,CAMK,PHK,PHK,PHKG1
PHK,-1.475,25,KRSA,0.6882168925964547,3,CAMK,PHK,PHK,PHKG2
STE7,-2.35,14,KRSA,0.8258602711157456,4,STE,STE7,MEK1,MAP2K1
STE7,-2.35,14,KRSA,0.8258602711157456,4,STE,STE7,MEK1,MAP2K2
STE7,-2.35,14,KRSA,0.8258602711157456,4,STE,STE7,MEK3,MAP2K3
STE7,-2.35,14,KRSA,0.8258602711157456,4,STE,STE7,MEK4,MAP2K4
STE7,-2.35,14,KRSA,0.8258602711157456,4,STE,STE7,MEK5,MAP2K5
STE7,-2.35,14,KRSA,0.8258602711157456,4,STE,STE7,MEK3,MAP2K6
STE7,-2.35,14,KRSA,0.8258602711157456,4,STE,STE7,MEK7,MAP2K7
CK1,-1.9408333333333336,17,KRSA,0.7883211678832117,4,CK1,CK1,CK1-A,CSNK1A1
CK1,-1.9408333333333336,17,KRSA,0.7883211678832117,4,CK1,CK1,CK1-A,CSNK1A1L
CK1,-1.9408333333333336,17,KRSA,0.7883211678832117,4,CK1,CK1,CK1-D,CSNK1D
CK1,-1.9408333333333336,17,KRSA,0.7883211678832117,4,CK1,CK1,CK1-D,CSNK1E
CK1,-1.9408333333333336,17,KRSA,0.7883211678832117,4,CK1,CK1,CK1-G,CSNK1G1
CK1,-1.9408333333333336,17,KRSA,0.7883211678832117,4,CK1,CK1,CK1-G,CSNK1G2
CK1,-1.9408333333333336,17,KRSA,0.7883211678832117,4,CK1,CK1,CK1-G,CSNK1G3
CK1,-1.9408333333333336,17,KRSA,0.7883211678832117,4,CK1,TTBK,TTBK,TTBK1
CK1,-1.9408333333333336,17,KRSA,0.7883211678832117,4,CK1,TTBK,TTBK,TTBK2
CK1,-1.9408333333333336,17,KRSA,0.7883211678832117,4,CK1,VRK,VRK,VRK3
RAF,-1.9108333333333336,18,KRSA,0.7758081334723671,4,TKL,RAF,RAF,ARAF
RAF,-1.9108333333333336,18,KRSA,0.7758081334723671,4,TKL,RAF,RAF,BRAF
RAF,-1.9108333333333336,18,KRSA,0.7758081334723671,4,TKL,RAF,KSR,KSR1
RAF,-1.9108333333333336,18,KRSA,0.7758081334723671,4,TKL,RAF,KSR,KSR2
RAF,-1.9108333333333336,18,KRSA,0.7758081334723671,4,TKL,RAF,RAF,RAF1
QIK,-1.5683333333333334,22,KRSA,0.7257559958289885,3,CAMK,CAMKL,QIK,SIK1
QIK,-1.5683333333333334,22,KRSA,0.7257559958289885,3,CAMK,CAMKL,QIK,SIK2
P38,-3.0483333333333333,9,KRSA,0.8884254431699687,4,CMGC,MAPK,P38,MAPK11
P38,-3.0483333333333333,9,KRSA,0.8884254431699687,4,CMGC,MAPK,P38,MAPK12
P38,-3.0483333333333333,9,KRSA,0.8884254431699687,4,CMGC,MAPK,P38,MAPK13
P38,-3.0483333333333333,9,KRSA,0.8884254431699687,4,CMGC,MAPK,P38,MAPK14
MTOR,-1.7858333333333334,20,KRSA,0.7507820646506778,4,ATYPICAL,PIKK,FRAP,MTOR
CAMK1,2.42,13,KRSA,0.8383733055265902,4,CAMK,CAMK1,CAMK1,CAMK1
CAMK1,2.42,13,KRSA,0.8383733055265902,4,CAMK,CAMK1,CAMK1,CAMK1D
CAMK1,2.42,13,KRSA,0.8383733055265902,4,CAMK,CAMK1,CAMK1,CAMK1G
CAMK1,2.42,13,KRSA,0.8383733055265902,4,CAMK,CAMK1,CAMK1,CAMK4
CAMK1,2.42,13,KRSA,0.8383733055265902,4,CAMK,CAMK1,CAMK1,PNCK
ATR,-1.7983333333333331,19,KRSA,0.7632950990615224,4,ATYPICAL,PIKK,ATR,ATR
BARK2,-0.4991666666666667,62,KRSA,0.22523461939520334,1,AGC,GRK,BARK,GRK3
IKK,-1.3708333333333331,29,KRSA,0.6381647549530761,3,OTHER,IKK,IKK,CHUK
IKK,-1.3708333333333331,29,KRSA,0.6381647549530761,3,OTHER,IKK,IKK,IKBKB
IKK,-1.3708333333333331,29,KRSA,0.6381647549530761,3,OTHER,IKK,IKK,IKBKE
IKK,-1.3708333333333331,29,KRSA,0.6381647549530761,3,OTHER,IKK,IKK,TBK1
DMPK,-0.7166666666666667,59,KRSA,0.26277372262773724,2,AGC,DMPK,GEK,CDC42BPA
DMPK,-0.7166666666666667,59,KRSA,0.26277372262773724,2,AGC,DMPK,GEK,CDC42BPB
DMPK,-0.7166666666666667,59,KRSA,0.26277372262773724,2,AGC,DMPK,GEK,CDC42BPG
DMPK,-0.7166666666666667,59,KRSA,0.26277372262773724,2,AGC,DMPK,CRIK,CIT
DMPK,-0.7166666666666667,59,KRSA,0.26277372262773724,2,AGC,DMPK,GEK,DMPK
DMPK,-0.7166666666666667,59,KRSA,0.26277372262773724,2,AGC,DMPK,ROCK,ROCK1
DMPK,-0.7166666666666667,59,KRSA,0.26277372262773724,2,AGC,DMPK,ROCK,ROCK2
MST,-2.091666666666667,15,KRSA,0.8133472367049009,4,STE,STE20,MST,STK3
MST,-2.091666666666667,15,KRSA,0.8133472367049009,4,STE,STE20,MST,STK4
NAK,-0.4125,67,KRSA,0.16266944734098018,1,OTHER,NAK,BIKE,AAK1
NAK,-0.4125,67,KRSA,0.16266944734098018,1,OTHER,NAK,BIKE,BMP2K
NAK,-0.4125,67,KRSA,0.16266944734098018,1,OTHER,NAK,GAK,GAK
NAK,-0.4125,67,KRSA,0.16266944734098018,1,OTHER,NAK,MPSK,STK16
PRKDC,-1.6583333333333332,21,KRSA,0.7382690302398331,3,ATYPICAL,PIKK,DNAPK,PRKDC
TLK,-1.395,27,KRSA,0.6631908237747653,3,OTHER,TLK,TLK,TLK1
TLK,-1.395,27,KRSA,0.6631908237747653,3,OTHER,TLK,TLK,TLK2
TTK,-1.4016666666666666,26,KRSA,0.67570385818561,3,OTHER,TTK,TTK,TTK
FRAY,-1.4875,24,KRSA,0.7007299270072993,3,STE,STE20,FRAY,OXSR1
FRAY,-1.4875,24,KRSA,0.7007299270072993,3,STE,STE20,FRAY,STK39
NUAK,-1.3833333333333333,28,KRSA,0.6506777893639207,3,CAMK,CAMKL,NUAK,NUAK1
NUAK,-1.3833333333333333,28,KRSA,0.6506777893639207,3,CAMK,CAMKL,NUAK,NUAK2
MELK,-0.73,57,KRSA,0.28779979144942647,2,CAMK,CAMKL,MELK,MELK
PKG,2.9325,11,KRSA,0.8633993743482794,4,AGC,PKG,PKG,PRKG1
PKG,2.9325,11,KRSA,0.8633993743482794,4,AGC,PKG,PKG,PRKG2
LKB,-1.9766666666666663,16,KRSA,0.8008342022940563,4,CAMK,CAMKL,LKB,STK11
AKT,0.17583333333333334,75,KRSA,0.06256517205422316,1,AGC,AKT,AKT,AKT1
AKT,0.17583333333333334,75,KRSA,0.06256517205422316,1,AGC,AKT,AKT,AKT2
AKT,0.17583333333333334,75,KRSA,0.06256517205422316,1,AGC,AKT,AKT,AKT3
ATM,-0.9233333333333332,47,KRSA,0.4129301355578728,2,ATYPICAL,PIKK,ATM,ATM
HAL,0.8066666666666666,55,KRSA,0.31282586027111575,2,RGC,RGC,RGC,NPR1
BUD32,-1.0008333333333337,38,KRSA,0.5255474452554745,3,OTHER,BUD32,BUD32,TP53RK
CLK,-0.985,41,KRSA,0.4880083420229406,2,CMGC,CLK,CLK,CLK1
CLK,-0.985,41,KRSA,0.4880083420229406,2,CMGC,CLK,CLK,CLK2
CLK,-0.985,41,KRSA,0.4880083420229406,2,CMGC,CLK,CLK,CLK3
CLK,-0.985,41,KRSA,0.4880083420229406,2,CMGC,CLK,CLK,CLK4
TAO,0.4183333333333333,66,KRSA,0.17518248175182483,1,STE,STE20,TAO,TAOK1
TAO,0.4183333333333333,66,KRSA,0.17518248175182483,1,STE,STE20,TAO,TAOK2
TAO,0.4183333333333333,66,KRSA,0.17518248175182483,1,STE,STE20,TAO,TAOK3
WNK,-0.9825,42,KRSA,0.4754953076120959,2,OTHER,WNK,WNK,WNK1
WNK,-0.9825,42,KRSA,0.4754953076120959,2,OTHER,WNK,WNK,WNK2
WNK,-0.9825,42,KRSA,0.4754953076120959,2,OTHER,WNK,WNK,WNK3
WNK,-0.9825,42,KRSA,0.4754953076120959,2,OTHER,WNK,WNK,WNK4
ULK,-0.9816666666666668,43,KRSA,0.4629822732012513,2,OTHER,ULK,FUSED,STK36
ULK,-0.9816666666666668,43,KRSA,0.4629822732012513,2,OTHER,ULK,ULK,ULK1
ULK,-0.9816666666666668,43,KRSA,0.4629822732012513,2,OTHER,ULK,ULK,ULK2
ULK,-0.9816666666666668,43,KRSA,0.4629822732012513,2,OTHER,ULK,ULK,ULK3
ULK,-0.9816666666666668,43,KRSA,0.4629822732012513,2,OTHER,ULK,ULK,ULK4
CAMKK,-0.9733333333333334,44,KRSA,0.4504692387904067,2,OTHER,CAMKK,META,CAMKK1
CAMKK,-0.9733333333333334,44,KRSA,0.4504692387904067,2,OTHER,CAMKK,META,CAMKK2
NIK,-0.9866666666666668,39,KRSA,0.5130344108446299,3,STE,STE-UNIQUE,STE-UNIQUE,MAP3K14
BRSK,-0.9716666666666668,45,KRSA,0.43795620437956206,2,CAMK,CAMKL,BRSK,BRSK1
BRSK,-0.9716666666666668,45,KRSA,0.43795620437956206,2,CAMK,CAMKL,BRSK,BRSK2
MOS,-0.9858333333333332,40,KRSA,0.5005213764337852,3,OTHER,MOS,MOS,MOS
COT,0.8283333333333334,53,KRSA,0.337851929092805,2,STE,STE-UNIQUE,STE-UNIQUE,MAP3K8
CK2,-0.2708333333333333,71,KRSA,0.11261730969760167,1,CMGC,CK2,CK2,CSNK2A1
CK2,-0.2708333333333333,71,KRSA,0.11261730969760167,1,CMGC,CK2,CK2,CSNK2A2
CK2,-0.2708333333333333,71,KRSA,0.11261730969760167,1,NA,NA,NA,CSNK2A3
MLK,-0.30583333333333335,70,KRSA,0.1251303441084463,1,TKL,MLK,ILK,ILK
MLK,-0.30583333333333335,70,KRSA,0.1251303441084463,1,TKL,MLK,MLK,MAP3K10
MLK,-0.30583333333333335,70,KRSA,0.1251303441084463,1,TKL,MLK,MLK,MAP3K11
MLK,-0.30583333333333335,70,KRSA,0.1251303441084463,1,TKL,MLK,LZK,MAP3K12
MLK,-0.30583333333333335,70,KRSA,0.1251303441084463,1,TKL,MLK,LZK,MAP3K13
MLK,-0.30583333333333335,70,KRSA,0.1251303441084463,1,TKL,MLK,MLK,MAP3K9
MLK,-0.30583333333333335,70,KRSA,0.1251303441084463,1,TKL,MLK,HH498,TNNI3K
PDHK,-0.08999999999999997,78,KRSA,0.02502606882168926,1,ATYPICAL,PDHK,BCKDK,BCKDK
PDHK,-0.08999999999999997,78,KRSA,0.02502606882168926,1,ATYPICAL,PDHK,PDHK,PDK2
PDHK,-0.08999999999999997,78,KRSA,0.02502606882168926,1,ATYPICAL,PDHK,PDHK,PDK3
PDHK,-0.08999999999999997,78,KRSA,0.02502606882168926,1,ATYPICAL,PDHK,PDHK,PDK4
SLK,0.2241666666666667,74,KRSA,0.07507820646506778,1,STE,STE20,SLK,SLK
SLK,0.2241666666666667,74,KRSA,0.07507820646506778,1,STE,STE20,SLK,STK10
PASK,1.1108333333333331,34,KRSA,0.5755995828988529,3,CAMK,CAMKL,PASK,PASK
KHS,0.74,56,KRSA,0.30031282586027114,2,STE,STE20,KHS,MAP4K1
KHS,0.74,56,KRSA,0.30031282586027114,2,STE,STE20,KHS,MAP4K2
KHS,0.74,56,KRSA,0.30031282586027114,2,STE,STE20,KHS,MAP4K3
KHS,0.74,56,KRSA,0.30031282586027114,2,STE,STE20,KHS,MAP4K5
NEK,-1.0699999999999998,36,KRSA,0.5505735140771637,3,OTHER,NEK,NEK11,NEK11
NEK,-1.0699999999999998,36,KRSA,0.5505735140771637,3,OTHER,NEK,NEK2,NEK2
NEK,-1.0699999999999998,36,KRSA,0.5505735140771637,3,OTHER,NEK,NEK1,NEK3
NEK,-1.0699999999999998,36,KRSA,0.5505735140771637,3,OTHER,NEK,NEK4,NEK4
NEK,-1.0699999999999998,36,KRSA,0.5505735140771637,3,OTHER,NEK,NEK1,NEK5
NEK,-1.0699999999999998,36,KRSA,0.5505735140771637,3,OTHER,NEK,NEK6,NEK6
NEK,-1.0699999999999998,36,KRSA,0.5505735140771637,3,OTHER,NEK,NEK6,NEK7
NEK,-1.0699999999999998,36,KRSA,0.5505735140771637,3,OTHER,NEK,NEK8,NEK8
NEK,-1.0699999999999998,36,KRSA,0.5505735140771637,3,OTHER,NEK,NEK8,NEK9
NDR,-0.8791666666666667,49,KRSA,0.38790406673618355,2,AGC,NDR,NDR,LATS1
NDR,-0.8791666666666667,49,KRSA,0.38790406673618355,2,AGC,NDR,NDR,LATS2
NDR,-0.8791666666666667,49,KRSA,0.38790406673618355,2,AGC,NDR,NDR,STK38
NDR,-0.8791666666666667,49,KRSA,0.38790406673618355,2,AGC,NDR,NDR,STK38L
AUR,-0.2258333333333333,73,KRSA,0.08759124087591241,1,OTHER,AUR,AUR,AURKA
AUR,-0.2258333333333333,73,KRSA,0.08759124087591241,1,OTHER,AUR,AUR,AURKB
AUR,-0.2258333333333333,73,KRSA,0.08759124087591241,1,OTHER,AUR,AUR,AURKC
DAPK,-0.7041666666666666,60,KRSA,0.2502606882168926,2,CAMK,DAPK,DAPK,DAPK1
DAPK,-0.7041666666666666,60,KRSA,0.2502606882168926,2,CAMK,DAPK,DAPK,DAPK2
DAPK,-0.7041666666666666,60,KRSA,0.2502606882168926,2,CAMK,DAPK,DAPK,DAPK3
DAPK,-0.7041666666666666,60,KRSA,0.2502606882168926,2,CAMK,DAPK,DRAK,STK17A
DAPK,-0.7041666666666666,60,KRSA,0.2502606882168926,2,CAMK,DAPK,DRAK,STK17B
PAKA,0.9066666666666668,48,KRSA,0.40041710114702816,2,STE,STE20,PAKA,PAK1
PAKA,0.9066666666666668,48,KRSA,0.40041710114702816,2,STE,STE20,PAKA,PAK2
PAKA,0.9066666666666668,48,KRSA,0.40041710114702816,2,STE,STE20,PAKA,PAK3
RAD53,1.1583333333333332,33,KRSA,0.5881126173096975,3,CAMK,RAD53,RAD53,CHEK2
PKCI,1.35,30,KRSA,0.6256517205422315,3,AGC,PKC,IOTA,PRKCI
PKCI,1.35,30,KRSA,0.6256517205422315,3,AGC,PKC,IOTA,PRKCZ
PKA,2.8908333333333336,12,KRSA,0.8508863399374348,4,AGC,PKA,PKA,PRKACA
PKA,2.8908333333333336,12,KRSA,0.8508863399374348,4,AGC,PKA,PKA,PRKACB
PKA,2.8908333333333336,12,KRSA,0.8508863399374348,4,AGC,PKA,PKA,PRKACG
PKA,2.8908333333333336,12,KRSA,0.8508863399374348,4,AGC,PKA,PKA,PRKX
PKA,2.8908333333333336,12,KRSA,0.8508863399374348,4,AGC,PKA,PKA,PRKY
GRK,0.2308333333333333,72,KRSA,0.10010427528675704,1,AGC,GRK,GRK,GRK1
GRK,0.2308333333333333,72,KRSA,0.10010427528675704,1,AGC,GRK,GRK,GRK4
GRK,0.2308333333333333,72,KRSA,0.10010427528675704,1,AGC,GRK,GRK,GRK5
GRK,0.2308333333333333,72,KRSA,0.10010427528675704,1,AGC,GRK,GRK,GRK6
GRK,0.2308333333333333,72,KRSA,0.10010427528675704,1,AGC,GRK,GRK,GRK7
IRAK,-0.44166666666666665,63,KRSA,0.2127215849843587,1,TKL,IRAK,IRAK,IRAK1
IRAK,-0.44166666666666665,63,KRSA,0.2127215849843587,1,TKL,IRAK,IRAK,IRAK2
IRAK,-0.44166666666666665,63,KRSA,0.2127215849843587,1,TKL,IRAK,IRAK,IRAK3
IRAK,-0.44166666666666665,63,KRSA,0.2127215849843587,1,TKL,IRAK,IRAK,IRAK4
STE11,-0.9316666666666666,46,KRSA,0.4254431699687174,2,TKL,MLK,TAK1,MAP3K7
STE11,-0.9316666666666666,46,KRSA,0.4254431699687174,2,STE,STE11,MEKK1,MAP3K1
STE11,-0.9316666666666666,46,KRSA,0.4254431699687174,2,STE,STE11,ASK,MAP3K15
STE11,-0.9316666666666666,46,KRSA,0.4254431699687174,2,STE,STE11,MEKK2,MAP3K2
STE11,-0.9316666666666666,46,KRSA,0.4254431699687174,2,STE,STE11,MEKK2,MAP3K3
STE11,-0.9316666666666666,46,KRSA,0.4254431699687174,2,STE,STE11,MEKK4,MAP3K4
STE11,-0.9316666666666666,46,KRSA,0.4254431699687174,2,STE,STE11,ASK,MAP3K5
STE11,-0.9316666666666666,46,KRSA,0.4254431699687174,2,STE,STE11,ASK,MAP3K6
PKD,0.8183333333333334,54,KRSA,0.32533889468196037,2,CAMK,PKD,PKD,PRKD1
PKD,0.8183333333333334,54,KRSA,0.32533889468196037,2,CAMK,PKD,PKD,PRKD2
PKD,0.8183333333333334,54,KRSA,0.32533889468196037,2,CAMK,PKD,PKD,PRKD3
GSK,-1.225,32,KRSA,0.6006256517205423,3,CMGC,GSK,GSK,GSK3A
GSK,-1.225,32,KRSA,0.6006256517205423,3,CMGC,GSK,GSK,GSK3B
RIPK,0.03416666666666664,79,KRSA,0.01251303441084463,1,TKL,RIPK,RIPK,ANKK1
RIPK,0.03416666666666664,79,KRSA,0.01251303441084463,1,TKL,RIPK,RIPK,RIPK1
RIPK,0.03416666666666664,79,KRSA,0.01251303441084463,1,TKL,RIPK,RIPK,RIPK2
RIPK,0.03416666666666664,79,KRSA,0.01251303441084463,1,TKL,RIPK,RIPK,RIPK3
RIPK,0.03416666666666664,79,KRSA,0.01251303441084463,1,TKL,RIPK,RIPK,RIPK4
PIM,0.7175,58,KRSA,0.27528675703858185,2,CAMK,PIM,PIM,PIM1
PIM,0.7175,58,KRSA,0.27528675703858185,2,CAMK,PIM,PIM,PIM2
PIM,0.7175,58,KRSA,0.27528675703858185,2,CAMK,PIM,PIM,PIM3
MSN,0.8358333333333333,52,KRSA,0.35036496350364965,2,STE,STE20,MSN,MAP4K4
MSN,0.8358333333333333,52,KRSA,0.35036496350364965,2,STE,STE20,MSN,NRK
MSN,0.8358333333333333,52,KRSA,0.35036496350364965,2,STE,STE20,MSN,TNIK
CAMK2,0.17499999999999988,76,KRSA,0.05005213764337852,1,CAMK,CAMK2,CAMK2,CAMK2A
CAMK2,0.17499999999999988,76,KRSA,0.05005213764337852,1,CAMK,CAMK2,CAMK2,CAMK2B
CAMK2,0.17499999999999988,76,KRSA,0.05005213764337852,1,CAMK,CAMK2,CAMK2,CAMK2D
CAMK2,0.17499999999999988,76,KRSA,0.05005213764337852,1,CAMK,CAMK2,CAMK2,CAMK2G
AMPK,1.5216666666666667,23,KRSA,0.7132429614181439,3,CAMK,CAMKL,AMPK,PRKAA1
AMPK,1.5216666666666667,23,KRSA,0.7132429614181439,3,CAMK,CAMKL,AMPK,PRKAA2
SGK,0.8658333333333333,50,KRSA,0.3753910323253389,2,AGC,SGK,SGK,SGK1
SGK,0.8658333333333333,50,KRSA,0.3753910323253389,2,AGC,SGK,SGK,SGK2
SGK,0.8658333333333333,50,KRSA,0.3753910323253389,2,AGC,SGK,SGK,SGK3
PKN,-0.5308333333333334,61,KRSA,0.23774765380604795,1,AGC,PKN,PKN,PKN1
PKN,-0.5308333333333334,61,KRSA,0.23774765380604795,1,AGC,PKN,PKN,PKN2
PKN,-0.5308333333333334,61,KRSA,0.23774765380604795,1,AGC,PKN,PKN,PKN3
CHK1,0.42583333333333334,65,KRSA,0.18769551616266944,1,CAMK,CAMKL,CHK1,CHEK1
MAPKAPK,-0.01333333333333335,80,KRSA,0,1,CAMK,MAPKAPK,MAPKAPK,MAPKAPK2
MAPKAPK,-0.01333333333333335,80,KRSA,0,1,CAMK,MAPKAPK,MAPKAPK,MAPKAPK3
MAPKAPK,-0.01333333333333335,80,KRSA,0,1,CAMK,MAPKAPK,MAPKAPK,MAPKAPK5
MAPKAPK,-0.01333333333333335,80,KRSA,0,1,CAMK,MAPKAPK,MNK,MKNK1
MAPKAPK,-0.01333333333333335,80,KRSA,0,1,CAMK,MAPKAPK,MNK,MKNK2
PAKB,0.3141666666666667,69,KRSA,0.13764337851929093,1,STE,STE20,PAKB,PAK4
PAKB,0.3141666666666667,69,KRSA,0.13764337851929093,1,STE,STE20,PAKB,PAK5
PAKB,0.3141666666666667,69,KRSA,0.13764337851929093,1,STE,STE20,PAKB,PAK6
RSK,1.31,31,KRSA,0.6131386861313869,3,AGC,RSK,RSK,RPS6KA1
RSK,1.31,31,KRSA,0.6131386861313869,3,AGC,RSK,RSK,RPS6KA2
RSK,1.31,31,KRSA,0.6131386861313869,3,AGC,RSK,RSK,RPS6KA3
RSK,1.31,31,KRSA,0.6131386861313869,3,AGC,RSK,MSK,RPS6KA4
RSK,1.31,31,KRSA,0.6131386861313869,3,AGC,RSK,MSK,RPS6KA5
RSK,1.31,31,KRSA,0.6131386861313869,3,AGC,RSK,RSK,RPS6KA6
RSK,1.31,31,KRSA,0.6131386861313869,3,AGC,RSK,P70,RPS6KB1
RSK,1.31,31,KRSA,0.6131386861313869,3,AGC,RSK,P70,RPS6KB2
VRK1,-1.055,37,KRSA,0.5380604796663191,3,CK1,VRK,VRK,VRK1
PKCD,0.855,51,KRSA,0.36287799791449427,2,AGC,PKC,DELTA,PRKCD
PKCD,0.855,51,KRSA,0.36287799791449427,2,AGC,PKC,DELTA,PRKCQ
MLCK,-0.10666666666666667,77,KRSA,0.03753910323253389,1,CAMK,MLCK,MLCK,MYLK
MLCK,-0.10666666666666667,77,KRSA,0.03753910323253389,1,CAMK,MLCK,MLCK,MYLK2
MLCK,-0.10666666666666667,77,KRSA,0.03753910323253389,1,CAMK,MLCK,MLCK,TTN
STKR,0.435,64,KRSA,0.20020855057351408,1,TKL,STKR,TYPE1,ACVR1
STKR,0.435,64,KRSA,0.20020855057351408,1,TKL,STKR,TYPE1,ACVR1B
STKR,0.435,64,KRSA,0.20020855057351408,1,TKL,STKR,TYPE1,ACVR1C
STKR,0.435,64,KRSA,0.20020855057351408,1,TKL,STKR,TYPE2,ACVR2A
STKR,0.435,64,KRSA,0.20020855057351408,1,TKL,STKR,TYPE2,ACVR2B
STKR,0.435,64,KRSA,0.20020855057351408,1,TKL,STKR,TYPE1,ACVRL1
STKR,0.435,64,KRSA,0.20020855057351408,1,TKL,STKR,TYPE2,AMHR2
STKR,0.435,64,KRSA,0.20020855057351408,1,TKL,STKR,TYPE1,BMPR1A
STKR,0.435,64,KRSA,0.20020855057351408,1,TKL,STKR,TYPE1,BMPR1B
STKR,0.435,64,KRSA,0.20020855057351408,1,TKL,STKR,TYPE2,BMPR2
STKR,0.435,64,KRSA,0.20020855057351408,1,TKL,STKR,TYPE1,TGFBR1
STKR,0.435,64,KRSA,0.20020855057351408,1,TKL,STKR,TYPE2,TGFBR2
PKCH,-1.1083333333333334,35,KRSA,0.5630865484880083,3,AGC,PKC,ETA,PRKCE
PKCH,-1.1083333333333334,35,KRSA,0.5630865484880083,3,AGC,PKC,ETA,PRKCH
PKCA,-3.586666666666667,7,KRSA,0.913451511991658,4,AGC,PKC,ALPHA,PRKCA
PKCA,-3.586666666666667,7,KRSA,0.913451511991658,4,AGC,PKC,ALPHA,PRKCB
PKCA,-3.586666666666667,7,KRSA,0.913451511991658,4,AGC,PKC,ALPHA,PRKCG
CDK,-4.479166666666667,3,KRSA,0.9635036496350365,4,CMGC,CDK,CDC2,CDK1
CDK,-4.479166666666667,3,KRSA,0.9635036496350365,4,CMGC,CDK,CDK10,CDK10
CDK,-4.479166666666667,3,KRSA,0.9635036496350365,4,CMGC,CDK,CRK7,CDK12
CDK,-4.479166666666667,3,KRSA,0.9635036496350365,4,CMGC,CDK,CRK7,CDK13
CDK,-4.479166666666667,3,KRSA,0.9635036496350365,4,CMGC,CDK,PFTAIRE,CDK14
CDK,-4.479166666666667,3,KRSA,0.9635036496350365,4,CMGC,CDK,PFTAIRE,CDK15
CDK,-4.479166666666667,3,KRSA,0.9635036496350365,4,CMGC,CDK,PCTAIRE,CDK16
CDK,-4.479166666666667,3,KRSA,0.9635036496350365,4,CMGC,CDK,PCTAIRE,CDK17
CDK,-4.479166666666667,3,KRSA,0.9635036496350365,4,CMGC,CDK,PCTAIRE,CDK18
CDK,-4.479166666666667,3,KRSA,0.9635036496350365,4,CMGC,CDK,CDK8,CDK19
CDK,-4.479166666666667,3,KRSA,0.9635036496350365,4,CMGC,CDK,CDC2,CDK2
CDK,-4.479166666666667,3,KRSA,0.9635036496350365,4,CMGC,CDK,CCRK,CDK20
CDK,-4.479166666666667,3,KRSA,0.9635036496350365,4,CMGC,CDK,CDC2,CDK3
CDK,-4.479166666666667,3,KRSA,0.9635036496350365,4,CMGC,CDK,CDK4,CDK4
CDK,-4.479166666666667,3,KRSA,0.9635036496350365,4,CMGC,CDK,CDK5,CDK5
CDK,-4.479166666666667,3,KRSA,0.9635036496350365,4,CMGC,CDK,CDK4,CDK6
CDK,-4.479166666666667,3,KRSA,0.9635036496350365,4,CMGC,CDK,CDK7,CDK7
CDK,-4.479166666666667,3,KRSA,0.9635036496350365,4,CMGC,CDK,CDK8,CDK8
CDK,-4.479166666666667,3,KRSA,0.9635036496350365,4,CMGC,CDK,CDK9,CDK9
CDK,-4.479166666666667,3,KRSA,0.9635036496350365,4,NA,NA,NA,CDK11A
CDK,-4.479166666666667,3,KRSA,0.9635036496350365,4,NA,NA,NA,CDK11B
DYRK,-4.504166666666666,2,KRSA,0.9760166840458812,4,CMGC,DYRK,DYRK1,DYRK1A
DYRK,-4.504166666666666,2,KRSA,0.9760166840458812,4,CMGC,DYRK,DYRK1,DYRK1B
DYRK,-4.504166666666666,2,KRSA,0.9760166840458812,4,CMGC,DYRK,DYRK2,DYRK2
DYRK,-4.504166666666666,2,KRSA,0.9760166840458812,4,CMGC,DYRK,DYRK2,DYRK3
DYRK,-4.504166666666666,2,KRSA,0.9760166840458812,4,CMGC,DYRK,DYRK2,DYRK4
DYRK,-4.504166666666666,2,KRSA,0.9760166840458812,4,CMGC,DYRK,HIPK,HIPK1
DYRK,-4.504166666666666,2,KRSA,0.9760166840458812,4,CMGC,DYRK,HIPK,HIPK2
DYRK,-4.504166666666666,2,KRSA,0.9760166840458812,4,CMGC,DYRK,HIPK,HIPK3
DYRK,-4.504166666666666,2,KRSA,0.9760166840458812,4,CMGC,DYRK,HIPK,HIPK4
DYRK,-4.504166666666666,2,KRSA,0.9760166840458812,4,CMGC,DYRK,PRP4,PRPF4B
ERK,-4.84,1,KRSA,0.9885297184567258,4,CMGC,MAPK,ERK1,MAPK1
ERK,-4.84,1,KRSA,0.9885297184567258,4,CMGC,MAPK,ERK7,MAPK15
ERK,-4.84,1,KRSA,0.9885297184567258,4,CMGC,MAPK,ERK1,MAPK3
ERK,-4.84,1,KRSA,0.9885297184567258,4,CMGC,MAPK,ERK3,MAPK4
ERK,-4.84,1,KRSA,0.9885297184567258,4,CMGC,MAPK,ERK3,MAPK6
ERK,-4.84,1,KRSA,0.9885297184567258,4,CMGC,MAPK,ERK5,MAPK7
RAF,-1.9108333333333336,18,KRSA,0.7758081334723671,4,TKL,RAF,RAF,ARAF
RAF,-1.9108333333333336,18,KRSA,0.7758081334723671,4,TKL,RAF,RAF,BRAF
RAF,-1.9108333333333336,18,KRSA,0.7758081334723671,4,TKL,RAF,KSR,KSR1
RAF,-1.9108333333333336,18,KRSA,0.7758081334723671,4,TKL,RAF,KSR,KSR2
RAF,-1.9108333333333336,18,KRSA,0.7758081334723671,4,TKL,RAF,RAF,RAF1
PDK1,-3.799166666666667,5,KRSA,0.9384775808133472,4,ATYPICAL,PDHK,PDHK,PDK1
PDK1,-3.799166666666667,5,KRSA,0.9384775808133472,4,AGC,PDK1,PDK1,PDPK1
PHK,-1.475,25,KRSA,0.6882168925964547,3,CAMK,PHK,PHK,PHKG1
PHK,-1.475,25,KRSA,0.6882168925964547,3,CAMK,PHK,PHK,PHKG2
PEK,-4.005833333333333,4,KRSA,0.9509906152241918,4,OTHER,PEK,HRI,EIF2AK1
PEK,-4.005833333333333,4,KRSA,0.9509906152241918,4,OTHER,PEK,PKR,EIF2AK2
PEK,-4.005833333333333,4,KRSA,0.9509906152241918,4,OTHER,PEK,PEK,EIF2AK3
PEK,-4.005833333333333,4,KRSA,0.9509906152241918,4,OTHER,PEK,GCN2,EIF2AK4
JNK,-3.61,6,KRSA,0.9259645464025026,4,CMGC,MAPK,JNK,MAPK10
JNK,-3.61,6,KRSA,0.9259645464025026,4,CMGC,MAPK,JNK,MAPK8
JNK,-3.61,6,KRSA,0.9259645464025026,4,CMGC,MAPK,JNK,MAPK9
PLK,-3.158333333333333,8,KRSA,0.9009384775808134,4,NA,NA,NA,PLK5
PLK,-3.158333333333333,8,KRSA,0.9009384775808134,4,OTHER,PLK,PLK1,PLK1
PLK,-3.158333333333333,8,KRSA,0.9009384775808134,4,OTHER,PLK,PLK2,PLK2
PLK,-3.158333333333333,8,KRSA,0.9009384775808134,4,OTHER,PLK,PLK2,PLK3
PLK,-3.158333333333333,8,KRSA,0.9009384775808134,4,OTHER,PLK,SAK,PLK4
MST,-2.091666666666667,15,KRSA,0.8133472367049009,4,STE,STE20,MST,STK3
MST,-2.091666666666667,15,KRSA,0.8133472367049009,4,STE,STE20,MST,STK4
NMO,-2.9541666666666666,10,KRSA,0.8759124087591241,4,CMGC,MAPK,NMO,NLK
QIK,-1.5683333333333334,22,KRSA,0.7257559958289885,3,CAMK,CAMKL,QIK,SIK1
QIK,-1.5683333333333334,22,KRSA,0.7257559958289885,3,CAMK,CAMKL,QIK,SIK2
P38,-3.0483333333333333,9,KRSA,0.8884254431699687,4,CMGC,MAPK,P38,MAPK11
P38,-3.0483333333333333,9,KRSA,0.8884254431699687,4,CMGC,MAPK,P38,MAPK12
P38,-3.0483333333333333,9,KRSA,0.8884254431699687,4,CMGC,MAPK,P38,MAPK13
P38,-3.0483333333333333,9,KRSA,0.8884254431699687,4,CMGC,MAPK,P38,MAPK14
STE7,-2.35,14,KRSA,0.8258602711157456,4,STE,STE7,MEK1,MAP2K1
STE7,-2.35,14,KRSA,0.8258602711157456,4,STE,STE7,MEK1,MAP2K2
STE7,-2.35,14,KRSA,0.8258602711157456,4,STE,STE7,MEK3,MAP2K3
STE7,-2.35,14,KRSA,0.8258602711157456,4,STE,STE7,MEK4,MAP2K4
STE7,-2.35,14,KRSA,0.8258602711157456,4,STE,STE7,MEK5,MAP2K5
STE7,-2.35,14,KRSA,0.8258602711157456,4,STE,STE7,MEK3,MAP2K6
STE7,-2.35,14,KRSA,0.8258602711157456,4,STE,STE7,MEK7,MAP2K7
MTOR,-1.7858333333333334,20,KRSA,0.7507820646506778,4,ATYPICAL,PIKK,FRAP,MTOR
PKG,2.9325,11,KRSA,0.8633993743482794,4,AGC,PKG,PKG,PRKG1
PKG,2.9325,11,KRSA,0.8633993743482794,4,AGC,PKG,PKG,PRKG2
CAMK1,2.42,13,KRSA,0.8383733055265902,4,CAMK,CAMK1,CAMK1,CAMK1
CAMK1,2.42,13,KRSA,0.8383733055265902,4,CAMK,CAMK1,CAMK1,CAMK1D
CAMK1,2.42,13,KRSA,0.8383733055265902,4,CAMK,CAMK1,CAMK1,CAMK1G
CAMK1,2.42,13,KRSA,0.8383733055265902,4,CAMK,CAMK1,CAMK1,CAMK4
CAMK1,2.42,13,KRSA,0.8383733055265902,4,CAMK,CAMK1,CAMK1,PNCK
CK1,-1.9408333333333336,17,KRSA,0.7883211678832117,4,CK1,CK1,CK1-A,CSNK1A1
CK1,-1.9408333333333336,17,KRSA,0.7883211678832117,4,CK1,CK1,CK1-A,CSNK1A1L
CK1,-1.9408333333333336,17,KRSA,0.7883211678832117,4,CK1,CK1,CK1-D,CSNK1D
CK1,-1.9408333333333336,17,KRSA,0.7883211678832117,4,CK1,CK1,CK1-D,CSNK1E
CK1,-1.9408333333333336,17,KRSA,0.7883211678832117,4,CK1,CK1,CK1-G,CSNK1G1
CK1,-1.9408333333333336,17,KRSA,0.7883211678832117,4,CK1,CK1,CK1-G,CSNK1G2
CK1,-1.9408333333333336,17,KRSA,0.7883211678832117,4,CK1,CK1,CK1-G,CSNK1G3
CK1,-1.9408333333333336,17,KRSA,0.7883211678832117,4,CK1,TTBK,TTBK,TTBK1
CK1,-1.9408333333333336,17,KRSA,0.7883211678832117,4,CK1,TTBK,TTBK,TTBK2
CK1,-1.9408333333333336,17,KRSA,0.7883211678832117,4,CK1,VRK,VRK,VRK3
DMPK,-0.7166666666666667,59,KRSA,0.26277372262773724,2,AGC,DMPK,GEK,CDC42BPA
DMPK,-0.7166666666666667,59,KRSA,0.26277372262773724,2,AGC,DMPK,GEK,CDC42BPB
DMPK,-0.7166666666666667,59,KRSA,0.26277372262773724,2,AGC,DMPK,GEK,CDC42BPG
DMPK,-0.7166666666666667,59,KRSA,0.26277372262773724,2,AGC,DMPK,CRIK,CIT
DMPK,-0.7166666666666667,59,KRSA,0.26277372262773724,2,AGC,DMPK,GEK,DMPK
DMPK,-0.7166666666666667,59,KRSA,0.26277372262773724,2,AGC,DMPK,ROCK,ROCK1
DMPK,-0.7166666666666667,59,KRSA,0.26277372262773724,2,AGC,DMPK,ROCK,ROCK2
ATR,-1.7983333333333331,19,KRSA,0.7632950990615224,4,ATYPICAL,PIKK,ATR,ATR
FRAY,-1.4875,24,KRSA,0.7007299270072993,3,STE,STE20,FRAY,OXSR1
FRAY,-1.4875,24,KRSA,0.7007299270072993,3,STE,STE20,FRAY,STK39
BARK2,-0.4991666666666667,62,KRSA,0.22523461939520334,1,AGC,GRK,BARK,GRK3
PRKDC,-1.6583333333333332,21,KRSA,0.7382690302398331,3,ATYPICAL,PIKK,DNAPK,PRKDC
DAPK,-0.7041666666666666,60,KRSA,0.2502606882168926,2,CAMK,DAPK,DAPK,DAPK1
DAPK,-0.7041666666666666,60,KRSA,0.2502606882168926,2,CAMK,DAPK,DAPK,DAPK2
DAPK,-0.7041666666666666,60,KRSA,0.2502606882168926,2,CAMK,DAPK,DAPK,DAPK3
DAPK,-0.7041666666666666,60,KRSA,0.2502606882168926,2,CAMK,DAPK,DRAK,STK17A
DAPK,-0.7041666666666666,60,KRSA,0.2502606882168926,2,CAMK,DAPK,DRAK,STK17B
MELK,-0.73,57,KRSA,0.28779979144942647,2,CAMK,CAMKL,MELK,MELK
NEK,-1.0699999999999998,36,KRSA,0.5505735140771637,3,OTHER,NEK,NEK11,NEK11
NEK,-1.0699999999999998,36,KRSA,0.5505735140771637,3,OTHER,NEK,NEK2,NEK2
NEK,-1.0699999999999998,36,KRSA,0.5505735140771637,3,OTHER,NEK,NEK1,NEK3
NEK,-1.0699999999999998,36,KRSA,0.5505735140771637,3,OTHER,NEK,NEK4,NEK4
NEK,-1.0699999999999998,36,KRSA,0.5505735140771637,3,OTHER,NEK,NEK1,NEK5
NEK,-1.0699999999999998,36,KRSA,0.5505735140771637,3,OTHER,NEK,NEK6,NEK6
NEK,-1.0699999999999998,36,KRSA,0.5505735140771637,3,OTHER,NEK,NEK6,NEK7
NEK,-1.0699999999999998,36,KRSA,0.5505735140771637,3,OTHER,NEK,NEK8,NEK8
NEK,-1.0699999999999998,36,KRSA,0.5505735140771637,3,OTHER,NEK,NEK8,NEK9
IKK,-1.3708333333333331,29,KRSA,0.6381647549530761,3,OTHER,IKK,IKK,CHUK
IKK,-1.3708333333333331,29,KRSA,0.6381647549530761,3,OTHER,IKK,IKK,IKBKB
IKK,-1.3708333333333331,29,KRSA,0.6381647549530761,3,OTHER,IKK,IKK,IKBKE
IKK,-1.3708333333333331,29,KRSA,0.6381647549530761,3,OTHER,IKK,IKK,TBK1
NAK,-0.4125,67,KRSA,0.16266944734098018,1,OTHER,NAK,BIKE,AAK1
NAK,-0.4125,67,KRSA,0.16266944734098018,1,OTHER,NAK,BIKE,BMP2K
NAK,-0.4125,67,KRSA,0.16266944734098018,1,OTHER,NAK,GAK,GAK
NAK,-0.4125,67,KRSA,0.16266944734098018,1,OTHER,NAK,MPSK,STK16
TLK,-1.395,27,KRSA,0.6631908237747653,3,OTHER,TLK,TLK,TLK1
TLK,-1.395,27,KRSA,0.6631908237747653,3,OTHER,TLK,TLK,TLK2
NUAK,-1.3833333333333333,28,KRSA,0.6506777893639207,3,CAMK,CAMKL,NUAK,NUAK1
NUAK,-1.3833333333333333,28,KRSA,0.6506777893639207,3,CAMK,CAMKL,NUAK,NUAK2
TTK,-1.4016666666666666,26,KRSA,0.67570385818561,3,OTHER,TTK,TTK,TTK
AKT,0.17583333333333334,75,KRSA,0.06256517205422316,1,AGC,AKT,AKT,AKT1
AKT,0.17583333333333334,75,KRSA,0.06256517205422316,1,AGC,AKT,AKT,AKT2
AKT,0.17583333333333334,75,KRSA,0.06256517205422316,1,AGC,AKT,AKT,AKT3
NDR,-0.8791666666666667,49,KRSA,0.38790406673618355,2,AGC,NDR,NDR,LATS1
NDR,-0.8791666666666667,49,KRSA,0.38790406673618355,2,AGC,NDR,NDR,LATS2
NDR,-0.8791666666666667,49,KRSA,0.38790406673618355,2,AGC,NDR,NDR,STK38
NDR,-0.8791666666666667,49,KRSA,0.38790406673618355,2,AGC,NDR,NDR,STK38L
GSK,-1.225,32,KRSA,0.6006256517205423,3,CMGC,GSK,GSK,GSK3A
GSK,-1.225,32,KRSA,0.6006256517205423,3,CMGC,GSK,GSK,GSK3B
PASK,1.1108333333333331,34,KRSA,0.5755995828988529,3,CAMK,CAMKL,PASK,PASK
CLK,-0.985,41,KRSA,0.4880083420229406,2,CMGC,CLK,CLK,CLK1
CLK,-0.985,41,KRSA,0.4880083420229406,2,CMGC,CLK,CLK,CLK2
CLK,-0.985,41,KRSA,0.4880083420229406,2,CMGC,CLK,CLK,CLK3
CLK,-0.985,41,KRSA,0.4880083420229406,2,CMGC,CLK,CLK,CLK4
WNK,-0.9825,42,KRSA,0.4754953076120959,2,OTHER,WNK,WNK,WNK1
WNK,-0.9825,42,KRSA,0.4754953076120959,2,OTHER,WNK,WNK,WNK2
WNK,-0.9825,42,KRSA,0.4754953076120959,2,OTHER,WNK,WNK,WNK3
WNK,-0.9825,42,KRSA,0.4754953076120959,2,OTHER,WNK,WNK,WNK4
NIK,-0.9866666666666668,39,KRSA,0.5130344108446299,3,STE,STE-UNIQUE,STE-UNIQUE,MAP3K14
MOS,-0.9858333333333332,40,KRSA,0.5005213764337852,3,OTHER,MOS,MOS,MOS
TAO,0.4183333333333333,66,KRSA,0.17518248175182483,1,STE,STE20,TAO,TAOK1
TAO,0.4183333333333333,66,KRSA,0.17518248175182483,1,STE,STE20,TAO,TAOK2
TAO,0.4183333333333333,66,KRSA,0.17518248175182483,1,STE,STE20,TAO,TAOK3
KHS,0.74,56,KRSA,0.30031282586027114,2,STE,STE20,KHS,MAP4K1
KHS,0.74,56,KRSA,0.30031282586027114,2,STE,STE20,KHS,MAP4K2
KHS,0.74,56,KRSA,0.30031282586027114,2,STE,STE20,KHS,MAP4K3
KHS,0.74,56,KRSA,0.30031282586027114,2,STE,STE20,KHS,MAP4K5
MSN,0.8358333333333333,52,KRSA,0.35036496350364965,2,STE,STE20,MSN,MAP4K4
MSN,0.8358333333333333,52,KRSA,0.35036496350364965,2,STE,STE20,MSN,NRK
MSN,0.8358333333333333,52,KRSA,0.35036496350364965,2,STE,STE20,MSN,TNIK
SLK,0.2241666666666667,74,KRSA,0.07507820646506778,1,STE,STE20,SLK,SLK
SLK,0.2241666666666667,74,KRSA,0.07507820646506778,1,STE,STE20,SLK,STK10
CAMKK,-0.9733333333333334,44,KRSA,0.4504692387904067,2,OTHER,CAMKK,META,CAMKK1
CAMKK,-0.9733333333333334,44,KRSA,0.4504692387904067,2,OTHER,CAMKK,META,CAMKK2
PKCI,1.35,30,KRSA,0.6256517205422315,3,AGC,PKC,IOTA,PRKCI
PKCI,1.35,30,KRSA,0.6256517205422315,3,AGC,PKC,IOTA,PRKCZ
BRSK,-0.9716666666666668,45,KRSA,0.43795620437956206,2,CAMK,CAMKL,BRSK,BRSK1
BRSK,-0.9716666666666668,45,KRSA,0.43795620437956206,2,CAMK,CAMKL,BRSK,BRSK2
BUD32,-1.0008333333333337,38,KRSA,0.5255474452554745,3,OTHER,BUD32,BUD32,TP53RK
ULK,-0.9816666666666668,43,KRSA,0.4629822732012513,2,OTHER,ULK,FUSED,STK36
ULK,-0.9816666666666668,43,KRSA,0.4629822732012513,2,OTHER,ULK,ULK,ULK1
ULK,-0.9816666666666668,43,KRSA,0.4629822732012513,2,OTHER,ULK,ULK,ULK2
ULK,-0.9816666666666668,43,KRSA,0.4629822732012513,2,OTHER,ULK,ULK,ULK3
ULK,-0.9816666666666668,43,KRSA,0.4629822732012513,2,OTHER,ULK,ULK,ULK4
MLK,-0.30583333333333335,70,KRSA,0.1251303441084463,1,TKL,MLK,ILK,ILK
MLK,-0.30583333333333335,70,KRSA,0.1251303441084463,1,TKL,MLK,MLK,MAP3K10
MLK,-0.30583333333333335,70,KRSA,0.1251303441084463,1,TKL,MLK,MLK,MAP3K11
MLK,-0.30583333333333335,70,KRSA,0.1251303441084463,1,TKL,MLK,LZK,MAP3K12
MLK,-0.30583333333333335,70,KRSA,0.1251303441084463,1,TKL,MLK,LZK,MAP3K13
MLK,-0.30583333333333335,70,KRSA,0.1251303441084463,1,TKL,MLK,MLK,MAP3K9
MLK,-0.30583333333333335,70,KRSA,0.1251303441084463,1,TKL,MLK,HH498,TNNI3K
ATM,-0.9233333333333332,47,KRSA,0.4129301355578728,2,ATYPICAL,PIKK,ATM,ATM
PKA,2.8908333333333336,12,KRSA,0.8508863399374348,4,AGC,PKA,PKA,PRKACA
PKA,2.8908333333333336,12,KRSA,0.8508863399374348,4,AGC,PKA,PKA,PRKACB
PKA,2.8908333333333336,12,KRSA,0.8508863399374348,4,AGC,PKA,PKA,PRKACG
PKA,2.8908333333333336,12,KRSA,0.8508863399374348,4,AGC,PKA,PKA,PRKX
PKA,2.8908333333333336,12,KRSA,0.8508863399374348,4,AGC,PKA,PKA,PRKY
LKB,-1.9766666666666663,16,KRSA,0.8008342022940563,4,CAMK,CAMKL,LKB,STK11
AUR,-0.2258333333333333,73,KRSA,0.08759124087591241,1,OTHER,AUR,AUR,AURKA
AUR,-0.2258333333333333,73,KRSA,0.08759124087591241,1,OTHER,AUR,AUR,AURKB
AUR,-0.2258333333333333,73,KRSA,0.08759124087591241,1,OTHER,AUR,AUR,AURKC
PKD,0.8183333333333334,54,KRSA,0.32533889468196037,2,CAMK,PKD,PKD,PRKD1
PKD,0.8183333333333334,54,KRSA,0.32533889468196037,2,CAMK,PKD,PKD,PRKD2
PKD,0.8183333333333334,54,KRSA,0.32533889468196037,2,CAMK,PKD,PKD,PRKD3
SGK,0.8658333333333333,50,KRSA,0.3753910323253389,2,AGC,SGK,SGK,SGK1
SGK,0.8658333333333333,50,KRSA,0.3753910323253389,2,AGC,SGK,SGK,SGK2
SGK,0.8658333333333333,50,KRSA,0.3753910323253389,2,AGC,SGK,SGK,SGK3
CK2,-0.2708333333333333,71,KRSA,0.11261730969760167,1,CMGC,CK2,CK2,CSNK2A1
CK2,-0.2708333333333333,71,KRSA,0.11261730969760167,1,CMGC,CK2,CK2,CSNK2A2
CK2,-0.2708333333333333,71,KRSA,0.11261730969760167,1,NA,NA,NA,CSNK2A3
PKCH,-1.1083333333333334,35,KRSA,0.5630865484880083,3,AGC,PKC,ETA,PRKCE
PKCH,-1.1083333333333334,35,KRSA,0.5630865484880083,3,AGC,PKC,ETA,PRKCH
PIM,0.7175,58,KRSA,0.27528675703858185,2,CAMK,PIM,PIM,PIM1
PIM,0.7175,58,KRSA,0.27528675703858185,2,CAMK,PIM,PIM,PIM2
PIM,0.7175,58,KRSA,0.27528675703858185,2,CAMK,PIM,PIM,PIM3
COT,0.8283333333333334,53,KRSA,0.337851929092805,2,STE,STE-UNIQUE,STE-UNIQUE,MAP3K8
STKR,0.435,64,KRSA,0.20020855057351408,1,TKL,STKR,TYPE1,ACVR1
STKR,0.435,64,KRSA,0.20020855057351408,1,TKL,STKR,TYPE1,ACVR1B
STKR,0.435,64,KRSA,0.20020855057351408,1,TKL,STKR,TYPE1,ACVR1C
STKR,0.435,64,KRSA,0.20020855057351408,1,TKL,STKR,TYPE2,ACVR2A
STKR,0.435,64,KRSA,0.20020855057351408,1,TKL,STKR,TYPE2,ACVR2B
STKR,0.435,64,KRSA,0.20020855057351408,1,TKL,STKR,TYPE1,ACVRL1
STKR,0.435,64,KRSA,0.20020855057351408,1,TKL,STKR,TYPE2,AMHR2
STKR,0.435,64,KRSA,0.20020855057351408,1,TKL,STKR,TYPE1,BMPR1A
STKR,0.435,64,KRSA,0.20020855057351408,1,TKL,STKR,TYPE1,BMPR1B
STKR,0.435,64,KRSA,0.20020855057351408,1,TKL,STKR,TYPE2,BMPR2
STKR,0.435,64,KRSA,0.20020855057351408,1,TKL,STKR,TYPE1,TGFBR1
STKR,0.435,64,KRSA,0.20020855057351408,1,TKL,STKR,TYPE2,TGFBR2
PDHK,-0.08999999999999997,78,KRSA,0.02502606882168926,1,ATYPICAL,PDHK,BCKDK,BCKDK
PDHK,-0.08999999999999997,78,KRSA,0.02502606882168926,1,ATYPICAL,PDHK,PDHK,PDK2
PDHK,-0.08999999999999997,78,KRSA,0.02502606882168926,1,ATYPICAL,PDHK,PDHK,PDK3
PDHK,-0.08999999999999997,78,KRSA,0.02502606882168926,1,ATYPICAL,PDHK,PDHK,PDK4
VRK1,-1.055,37,KRSA,0.5380604796663191,3,CK1,VRK,VRK,VRK1
MLCK,-0.10666666666666667,77,KRSA,0.03753910323253389,1,CAMK,MLCK,MLCK,MYLK
MLCK,-0.10666666666666667,77,KRSA,0.03753910323253389,1,CAMK,MLCK,MLCK,MYLK2
MLCK,-0.10666666666666667,77,KRSA,0.03753910323253389,1,CAMK,MLCK,MLCK,TTN
RAD53,1.1583333333333332,33,KRSA,0.5881126173096975,3,CAMK,RAD53,RAD53,CHEK2
CAMK2,0.17499999999999988,76,KRSA,0.05005213764337852,1,CAMK,CAMK2,CAMK2,CAMK2A
CAMK2,0.17499999999999988,76,KRSA,0.05005213764337852,1,CAMK,CAMK2,CAMK2,CAMK2B
CAMK2,0.17499999999999988,76,KRSA,0.05005213764337852,1,CAMK,CAMK2,CAMK2,CAMK2D
CAMK2,0.17499999999999988,76,KRSA,0.05005213764337852,1,CAMK,CAMK2,CAMK2,CAMK2G
PAKA,0.9066666666666668,48,KRSA,0.40041710114702816,2,STE,STE20,PAKA,PAK1
PAKA,0.9066666666666668,48,KRSA,0.40041710114702816,2,STE,STE20,PAKA,PAK2
PAKA,0.9066666666666668,48,KRSA,0.40041710114702816,2,STE,STE20,PAKA,PAK3
MAPKAPK,-0.01333333333333335,80,KRSA,0,1,CAMK,MAPKAPK,MAPKAPK,MAPKAPK2
MAPKAPK,-0.01333333333333335,80,KRSA,0,1,CAMK,MAPKAPK,MAPKAPK,MAPKAPK3
MAPKAPK,-0.01333333333333335,80,KRSA,0,1,CAMK,MAPKAPK,MAPKAPK,MAPKAPK5
MAPKAPK,-0.01333333333333335,80,KRSA,0,1,CAMK,MAPKAPK,MNK,MKNK1
MAPKAPK,-0.01333333333333335,80,KRSA,0,1,CAMK,MAPKAPK,MNK,MKNK2
RIPK,0.03416666666666664,79,KRSA,0.01251303441084463,1,TKL,RIPK,RIPK,ANKK1
RIPK,0.03416666666666664,79,KRSA,0.01251303441084463,1,TKL,RIPK,RIPK,RIPK1
RIPK,0.03416666666666664,79,KRSA,0.01251303441084463,1,TKL,RIPK,RIPK,RIPK2
RIPK,0.03416666666666664,79,KRSA,0.01251303441084463,1,TKL,RIPK,RIPK,RIPK3
RIPK,0.03416666666666664,79,KRSA,0.01251303441084463,1,TKL,RIPK,RIPK,RIPK4
CHK1,0.42583333333333334,65,KRSA,0.18769551616266944,1,CAMK,CAMKL,CHK1,CHEK1
RSK,1.31,31,KRSA,0.6131386861313869,3,AGC,RSK,RSK,RPS6KA1
RSK,1.31,31,KRSA,0.6131386861313869,3,AGC,RSK,RSK,RPS6KA2
RSK,1.31,31,KRSA,0.6131386861313869,3,AGC,RSK,RSK,RPS6KA3
RSK,1.31,31,KRSA,0.6131386861313869,3,AGC,RSK,MSK,RPS6KA4
RSK,1.31,31,KRSA,0.6131386861313869,3,AGC,RSK,MSK,RPS6KA5
RSK,1.31,31,KRSA,0.6131386861313869,3,AGC,RSK,RSK,RPS6KA6
RSK,1.31,31,KRSA,0.6131386861313869,3,AGC,RSK,P70,RPS6KB1
RSK,1.31,31,KRSA,0.6131386861313869,3,AGC,RSK,P70,RPS6KB2
PKCD,0.855,51,KRSA,0.36287799791449427,2,AGC,PKC,DELTA,PRKCD
PKCD,0.855,51,KRSA,0.36287799791449427,2,AGC,PKC,DELTA,PRKCQ
AMPK,1.5216666666666667,23,KRSA,0.7132429614181439,3,CAMK,CAMKL,AMPK,PRKAA1
AMPK,1.5216666666666667,23,KRSA,0.7132429614181439,3,CAMK,CAMKL,AMPK,PRKAA2
IRAK,-0.44166666666666665,63,KRSA,0.2127215849843587,1,TKL,IRAK,IRAK,IRAK1
IRAK,-0.44166666666666665,63,KRSA,0.2127215849843587,1,TKL,IRAK,IRAK,IRAK2
IRAK,-0.44166666666666665,63,KRSA,0.2127215849843587,1,TKL,IRAK,IRAK,IRAK3
IRAK,-0.44166666666666665,63,KRSA,0.2127215849843587,1,TKL,IRAK,IRAK,IRAK4
GRK,0.2308333333333333,72,KRSA,0.10010427528675704,1,AGC,GRK,GRK,GRK1
GRK,0.2308333333333333,72,KRSA,0.10010427528675704,1,AGC,GRK,GRK,GRK4
GRK,0.2308333333333333,72,KRSA,0.10010427528675704,1,AGC,GRK,GRK,GRK5
GRK,0.2308333333333333,72,KRSA,0.10010427528675704,1,AGC,GRK,GRK,GRK6
GRK,0.2308333333333333,72,KRSA,0.10010427528675704,1,AGC,GRK,GRK,GRK7
STE11,-0.9316666666666666,46,KRSA,0.4254431699687174,2,TKL,MLK,TAK1,MAP3K7
STE11,-0.9316666666666666,46,KRSA,0.4254431699687174,2,STE,STE11,MEKK1,MAP3K1
STE11,-0.9316666666666666,46,KRSA,0.4254431699687174,2,STE,STE11,ASK,MAP3K15
STE11,-0.9316666666666666,46,KRSA,0.4254431699687174,2,STE,STE11,MEKK2,MAP3K2
STE11,-0.9316666666666666,46,KRSA,0.4254431699687174,2,STE,STE11,MEKK2,MAP3K3
STE11,-0.9316666666666666,46,KRSA,0.4254431699687174,2,STE,STE11,MEKK4,MAP3K4
STE11,-0.9316666666666666,46,KRSA,0.4254431699687174,2,STE,STE11,ASK,MAP3K5
STE11,-0.9316666666666666,46,KRSA,0.4254431699687174,2,STE,STE11,ASK,MAP3K6
PAKB,0.3141666666666667,69,KRSA,0.13764337851929093,1,STE,STE20,PAKB,PAK4
PAKB,0.3141666666666667,69,KRSA,0.13764337851929093,1,STE,STE20,PAKB,PAK5
PAKB,0.3141666666666667,69,KRSA,0.13764337851929093,1,STE,STE20,PAKB,PAK6
HAL,0.8066666666666666,55,KRSA,0.31282586027111575,2,RGC,RGC,RGC,NPR1
PKN,-0.5308333333333334,61,KRSA,0.23774765380604795,1,AGC,PKN,PKN,PKN1
PKN,-0.5308333333333334,61,KRSA,0.23774765380604795,1,AGC,PKN,PKN,PKN2
PKN,-0.5308333333333334,61,KRSA,0.23774765380604795,1,AGC,PKN,PKN,PKN3
CDK,-4.479166666666667,3,KRSA,0.9635036496350365,4,CMGC,CDK,CDC2,CDK1
CDK,-4.479166666666667,3,KRSA,0.9635036496350365,4,CMGC,CDK,CDK10,CDK10
CDK,-4.479166666666667,3,KRSA,0.9635036496350365,4,CMGC,CDK,CRK7,CDK12
CDK,-4.479166666666667,3,KRSA,0.9635036496350365,4,CMGC,CDK,CRK7,CDK13
CDK,-4.479166666666667,3,KRSA,0.9635036496350365,4,CMGC,CDK,PFTAIRE,CDK14
CDK,-4.479166666666667,3,KRSA,0.9635036496350365,4,CMGC,CDK,PFTAIRE,CDK15
CDK,-4.479166666666667,3,KRSA,0.9635036496350365,4,CMGC,CDK,PCTAIRE,CDK16
CDK,-4.479166666666667,3,KRSA,0.9635036496350365,4,CMGC,CDK,PCTAIRE,CDK17
CDK,-4.479166666666667,3,KRSA,0.9635036496350365,4,CMGC,CDK,PCTAIRE,CDK18
CDK,-4.479166666666667,3,KRSA,0.9635036496350365,4,CMGC,CDK,CDK8,CDK19
CDK,-4.479166666666667,3,KRSA,0.9635036496350365,4,CMGC,CDK,CDC2,CDK2
CDK,-4.479166666666667,3,KRSA,0.9635036496350365,4,CMGC,CDK,CCRK,CDK20
CDK,-4.479166666666667,3,KRSA,0.9635036496350365,4,CMGC,CDK,CDC2,CDK3
CDK,-4.479166666666667,3,KRSA,0.9635036496350365,4,CMGC,CDK,CDK4,CDK4
CDK,-4.479166666666667,3,KRSA,0.9635036496350365,4,CMGC,CDK,CDK5,CDK5
CDK,-4.479166666666667,3,KRSA,0.9635036496350365,4,CMGC,CDK,CDK4,CDK6
CDK,-4.479166666666667,3,KRSA,0.9635036496350365,4,CMGC,CDK,CDK7,CDK7
CDK,-4.479166666666667,3,KRSA,0.9635036496350365,4,CMGC,CDK,CDK8,CDK8
CDK,-4.479166666666667,3,KRSA,0.9635036496350365,4,CMGC,CDK,CDK9,CDK9
CDK,-4.479166666666667,3,KRSA,0.9635036496350365,4,NA,NA,NA,CDK11A
CDK,-4.479166666666667,3,KRSA,0.9635036496350365,4,NA,NA,NA,CDK11B
ERK,-4.84,1,KRSA,0.9885297184567258,4,CMGC,MAPK,ERK1,MAPK1
ERK,-4.84,1,KRSA,0.9885297184567258,4,CMGC,MAPK,ERK7,MAPK15
ERK,-4.84,1,KRSA,0.9885297184567258,4,CMGC,MAPK,ERK1,MAPK3
ERK,-4.84,1,KRSA,0.9885297184567258,4,CMGC,MAPK,ERK3,MAPK4
ERK,-4.84,1,KRSA,0.9885297184567258,4,CMGC,MAPK,ERK3,MAPK6
ERK,-4.84,1,KRSA,0.9885297184567258,4,CMGC,MAPK,ERK5,MAPK7
DYRK,-4.504166666666666,2,KRSA,0.9760166840458812,4,CMGC,DYRK,DYRK1,DYRK1A
DYRK,-4.504166666666666,2,KRSA,0.9760166840458812,4,CMGC,DYRK,DYRK1,DYRK1B
DYRK,-4.504166666666666,2,KRSA,0.9760166840458812,4,CMGC,DYRK,DYRK2,DYRK2
DYRK,-4.504166666666666,2,KRSA,0.9760166840458812,4,CMGC,DYRK,DYRK2,DYRK3
DYRK,-4.504166666666666,2,KRSA,0.9760166840458812,4,CMGC,DYRK,DYRK2,DYRK4
DYRK,-4.504166666666666,2,KRSA,0.9760166840458812,4,CMGC,DYRK,HIPK,HIPK1
DYRK,-4.504166666666666,2,KRSA,0.9760166840458812,4,CMGC,DYRK,HIPK,HIPK2
DYRK,-4.504166666666666,2,KRSA,0.9760166840458812,4,CMGC,DYRK,HIPK,HIPK3
DYRK,-4.504166666666666,2,KRSA,0.9760166840458812,4,CMGC,DYRK,HIPK,HIPK4
DYRK,-4.504166666666666,2,KRSA,0.9760166840458812,4,CMGC,DYRK,PRP4,PRPF4B
PDK1,-3.799166666666667,5,KRSA,0.9384775808133472,4,ATYPICAL,PDHK,PDHK,PDK1
PDK1,-3.799166666666667,5,KRSA,0.9384775808133472,4,AGC,PDK1,PDK1,PDPK1
PEK,-4.005833333333333,4,KRSA,0.9509906152241918,4,OTHER,PEK,HRI,EIF2AK1
PEK,-4.005833333333333,4,KRSA,0.9509906152241918,4,OTHER,PEK,PKR,EIF2AK2
PEK,-4.005833333333333,4,KRSA,0.9509906152241918,4,OTHER,PEK,PEK,EIF2AK3
PEK,-4.005833333333333,4,KRSA,0.9509906152241918,4,OTHER,PEK,GCN2,EIF2AK4
P38,-3.0483333333333333,9,KRSA,0.8884254431699687,4,CMGC,MAPK,P38,MAPK11
P38,-3.0483333333333333,9,KRSA,0.8884254431699687,4,CMGC,MAPK,P38,MAPK12
P38,-3.0483333333333333,9,KRSA,0.8884254431699687,4,CMGC,MAPK,P38,MAPK13
P38,-3.0483333333333333,9,KRSA,0.8884254431699687,4,CMGC,MAPK,P38,MAPK14
MST,-2.091666666666667,15,KRSA,0.8133472367049009,4,STE,STE20,MST,STK3
MST,-2.091666666666667,15,KRSA,0.8133472367049009,4,STE,STE20,MST,STK4
JNK,-3.61,6,KRSA,0.9259645464025026,4,CMGC,MAPK,JNK,MAPK10
JNK,-3.61,6,KRSA,0.9259645464025026,4,CMGC,MAPK,JNK,MAPK8
JNK,-3.61,6,KRSA,0.9259645464025026,4,CMGC,MAPK,JNK,MAPK9
PKG,2.9325,11,KRSA,0.8633993743482794,4,AGC,PKG,PKG,PRKG1
PKG,2.9325,11,KRSA,0.8633993743482794,4,AGC,PKG,PKG,PRKG2
PKCA,-3.586666666666667,7,KRSA,0.913451511991658,4,AGC,PKC,ALPHA,PRKCA
PKCA,-3.586666666666667,7,KRSA,0.913451511991658,4,AGC,PKC,ALPHA,PRKCB
PKCA,-3.586666666666667,7,KRSA,0.913451511991658,4,AGC,PKC,ALPHA,PRKCG
PLK,-3.158333333333333,8,KRSA,0.9009384775808134,4,NA,NA,NA,PLK5
PLK,-3.158333333333333,8,KRSA,0.9009384775808134,4,OTHER,PLK,PLK1,PLK1
PLK,-3.158333333333333,8,KRSA,0.9009384775808134,4,OTHER,PLK,PLK2,PLK2
PLK,-3.158333333333333,8,KRSA,0.9009384775808134,4,OTHER,PLK,PLK2,PLK3
PLK,-3.158333333333333,8,KRSA,0.9009384775808134,4,OTHER,PLK,SAK,PLK4
CAMK1,2.42,13,KRSA,0.8383733055265902,4,CAMK,CAMK1,CAMK1,CAMK1
CAMK1,2.42,13,KRSA,0.8383733055265902,4,CAMK,CAMK1,CAMK1,CAMK1D
CAMK1,2.42,13,KRSA,0.8383733055265902,4,CAMK,CAMK1,CAMK1,CAMK1G
CAMK1,2.42,13,KRSA,0.8383733055265902,4,CAMK,CAMK1,CAMK1,CAMK4
CAMK1,2.42,13,KRSA,0.8383733055265902,4,CAMK,CAMK1,CAMK1,PNCK
RAF,-1.9108333333333336,18,KRSA,0.7758081334723671,4,TKL,RAF,RAF,ARAF
RAF,-1.9108333333333336,18,KRSA,0.7758081334723671,4,TKL,RAF,RAF,BRAF
RAF,-1.9108333333333336,18,KRSA,0.7758081334723671,4,TKL,RAF,KSR,KSR1
RAF,-1.9108333333333336,18,KRSA,0.7758081334723671,4,TKL,RAF,KSR,KSR2
RAF,-1.9108333333333336,18,KRSA,0.7758081334723671,4,TKL,RAF,RAF,RAF1
PKA,2.8908333333333336,12,KRSA,0.8508863399374348,4,AGC,PKA,PKA,PRKACA
PKA,2.8908333333333336,12,KRSA,0.8508863399374348,4,AGC,PKA,PKA,PRKACB
PKA,2.8908333333333336,12,KRSA,0.8508863399374348,4,AGC,PKA,PKA,PRKACG
PKA,2.8908333333333336,12,KRSA,0.8508863399374348,4,AGC,PKA,PKA,PRKX
PKA,2.8908333333333336,12,KRSA,0.8508863399374348,4,AGC,PKA,PKA,PRKY
PKCI,1.35,30,KRSA,0.6256517205422315,3,AGC,PKC,IOTA,PRKCI
PKCI,1.35,30,KRSA,0.6256517205422315,3,AGC,PKC,IOTA,PRKCZ
NMO,-2.9541666666666666,10,KRSA,0.8759124087591241,4,CMGC,MAPK,NMO,NLK
MTOR,-1.7858333333333334,20,KRSA,0.7507820646506778,4,ATYPICAL,PIKK,FRAP,MTOR
PHK,-1.475,25,KRSA,0.6882168925964547,3,CAMK,PHK,PHK,PHKG1
PHK,-1.475,25,KRSA,0.6882168925964547,3,CAMK,PHK,PHK,PHKG2
DAPK,-0.7041666666666666,60,KRSA,0.2502606882168926,2,CAMK,DAPK,DAPK,DAPK1
DAPK,-0.7041666666666666,60,KRSA,0.2502606882168926,2,CAMK,DAPK,DAPK,DAPK2
DAPK,-0.7041666666666666,60,KRSA,0.2502606882168926,2,CAMK,DAPK,DAPK,DAPK3
DAPK,-0.7041666666666666,60,KRSA,0.2502606882168926,2,CAMK,DAPK,DRAK,STK17A
DAPK,-0.7041666666666666,60,KRSA,0.2502606882168926,2,CAMK,DAPK,DRAK,STK17B
ATR,-1.7983333333333331,19,KRSA,0.7632950990615224,4,ATYPICAL,PIKK,ATR,ATR
QIK,-1.5683333333333334,22,KRSA,0.7257559958289885,3,CAMK,CAMKL,QIK,SIK1
QIK,-1.5683333333333334,22,KRSA,0.7257559958289885,3,CAMK,CAMKL,QIK,SIK2
PKD,0.8183333333333334,54,KRSA,0.32533889468196037,2,CAMK,PKD,PKD,PRKD1
PKD,0.8183333333333334,54,KRSA,0.32533889468196037,2,CAMK,PKD,PKD,PRKD2
PKD,0.8183333333333334,54,KRSA,0.32533889468196037,2,CAMK,PKD,PKD,PRKD3
PRKDC,-1.6583333333333332,21,KRSA,0.7382690302398331,3,ATYPICAL,PIKK,DNAPK,PRKDC
PAKA,0.9066666666666668,48,KRSA,0.40041710114702816,2,STE,STE20,PAKA,PAK1
PAKA,0.9066666666666668,48,KRSA,0.40041710114702816,2,STE,STE20,PAKA,PAK2
PAKA,0.9066666666666668,48,KRSA,0.40041710114702816,2,STE,STE20,PAKA,PAK3
PASK,1.1108333333333331,34,KRSA,0.5755995828988529,3,CAMK,CAMKL,PASK,PASK
BARK2,-0.4991666666666667,62,KRSA,0.22523461939520334,1,AGC,GRK,BARK,GRK3
MLK,-0.30583333333333335,70,KRSA,0.1251303441084463,1,TKL,MLK,ILK,ILK
MLK,-0.30583333333333335,70,KRSA,0.1251303441084463,1,TKL,MLK,MLK,MAP3K10
MLK,-0.30583333333333335,70,KRSA,0.1251303441084463,1,TKL,MLK,MLK,MAP3K11
MLK,-0.30583333333333335,70,KRSA,0.1251303441084463,1,TKL,MLK,LZK,MAP3K12
MLK,-0.30583333333333335,70,KRSA,0.1251303441084463,1,TKL,MLK,LZK,MAP3K13
MLK,-0.30583333333333335,70,KRSA,0.1251303441084463,1,TKL,MLK,MLK,MAP3K9
MLK,-0.30583333333333335,70,KRSA,0.1251303441084463,1,TKL,MLK,HH498,TNNI3K
LKB,-1.9766666666666663,16,KRSA,0.8008342022940563,4,CAMK,CAMKL,LKB,STK11
CAMK2,0.17499999999999988,76,KRSA,0.05005213764337852,1,CAMK,CAMK2,CAMK2,CAMK2A
CAMK2,0.17499999999999988,76,KRSA,0.05005213764337852,1,CAMK,CAMK2,CAMK2,CAMK2B
CAMK2,0.17499999999999988,76,KRSA,0.05005213764337852,1,CAMK,CAMK2,CAMK2,CAMK2D
CAMK2,0.17499999999999988,76,KRSA,0.05005213764337852,1,CAMK,CAMK2,CAMK2,CAMK2G
STE7,-2.35,14,KRSA,0.8258602711157456,4,STE,STE7,MEK1,MAP2K1
STE7,-2.35,14,KRSA,0.8258602711157456,4,STE,STE7,MEK1,MAP2K2
STE7,-2.35,14,KRSA,0.8258602711157456,4,STE,STE7,MEK3,MAP2K3
STE7,-2.35,14,KRSA,0.8258602711157456,4,STE,STE7,MEK4,MAP2K4
STE7,-2.35,14,KRSA,0.8258602711157456,4,STE,STE7,MEK5,MAP2K5
STE7,-2.35,14,KRSA,0.8258602711157456,4,STE,STE7,MEK3,MAP2K6
STE7,-2.35,14,KRSA,0.8258602711157456,4,STE,STE7,MEK7,MAP2K7
TTK,-1.4016666666666666,26,KRSA,0.67570385818561,3,OTHER,TTK,TTK,TTK
NAK,-0.4125,67,KRSA,0.16266944734098018,1,OTHER,NAK,BIKE,AAK1
NAK,-0.4125,67,KRSA,0.16266944734098018,1,OTHER,NAK,BIKE,BMP2K
NAK,-0.4125,67,KRSA,0.16266944734098018,1,OTHER,NAK,GAK,GAK
NAK,-0.4125,67,KRSA,0.16266944734098018,1,OTHER,NAK,MPSK,STK16
FRAY,-1.4875,24,KRSA,0.7007299270072993,3,STE,STE20,FRAY,OXSR1
FRAY,-1.4875,24,KRSA,0.7007299270072993,3,STE,STE20,FRAY,STK39
PAKB,0.3141666666666667,69,KRSA,0.13764337851929093,1,STE,STE20,PAKB,PAK4
PAKB,0.3141666666666667,69,KRSA,0.13764337851929093,1,STE,STE20,PAKB,PAK5
PAKB,0.3141666666666667,69,KRSA,0.13764337851929093,1,STE,STE20,PAKB,PAK6
TLK,-1.395,27,KRSA,0.6631908237747653,3,OTHER,TLK,TLK,TLK1
TLK,-1.395,27,KRSA,0.6631908237747653,3,OTHER,TLK,TLK,TLK2
CK1,-1.9408333333333336,17,KRSA,0.7883211678832117,4,CK1,CK1,CK1-A,CSNK1A1
CK1,-1.9408333333333336,17,KRSA,0.7883211678832117,4,CK1,CK1,CK1-A,CSNK1A1L
CK1,-1.9408333333333336,17,KRSA,0.7883211678832117,4,CK1,CK1,CK1-D,CSNK1D
CK1,-1.9408333333333336,17,KRSA,0.7883211678832117,4,CK1,CK1,CK1-D,CSNK1E
CK1,-1.9408333333333336,17,KRSA,0.7883211678832117,4,CK1,CK1,CK1-G,CSNK1G1
CK1,-1.9408333333333336,17,KRSA,0.7883211678832117,4,CK1,CK1,CK1-G,CSNK1G2
CK1,-1.9408333333333336,17,KRSA,0.7883211678832117,4,CK1,CK1,CK1-G,CSNK1G3
CK1,-1.9408333333333336,17,KRSA,0.7883211678832117,4,CK1,TTBK,TTBK,TTBK1
CK1,-1.9408333333333336,17,KRSA,0.7883211678832117,4,CK1,TTBK,TTBK,TTBK2
CK1,-1.9408333333333336,17,KRSA,0.7883211678832117,4,CK1,VRK,VRK,VRK3
NUAK,-1.3833333333333333,28,KRSA,0.6506777893639207,3,CAMK,CAMKL,NUAK,NUAK1
NUAK,-1.3833333333333333,28,KRSA,0.6506777893639207,3,CAMK,CAMKL,NUAK,NUAK2
DMPK,-0.7166666666666667,59,KRSA,0.26277372262773724,2,AGC,DMPK,GEK,CDC42BPA
DMPK,-0.7166666666666667,59,KRSA,0.26277372262773724,2,AGC,DMPK,GEK,CDC42BPB
DMPK,-0.7166666666666667,59,KRSA,0.26277372262773724,2,AGC,DMPK,GEK,CDC42BPG
DMPK,-0.7166666666666667,59,KRSA,0.26277372262773724,2,AGC,DMPK,CRIK,CIT
DMPK,-0.7166666666666667,59,KRSA,0.26277372262773724,2,AGC,DMPK,GEK,DMPK
DMPK,-0.7166666666666667,59,KRSA,0.26277372262773724,2,AGC,DMPK,ROCK,ROCK1
DMPK,-0.7166666666666667,59,KRSA,0.26277372262773724,2,AGC,DMPK,ROCK,ROCK2
RAD53,1.1583333333333332,33,KRSA,0.5881126173096975,3,CAMK,RAD53,RAD53,CHEK2
IKK,-1.3708333333333331,29,KRSA,0.6381647549530761,3,OTHER,IKK,IKK,CHUK
IKK,-1.3708333333333331,29,KRSA,0.6381647549530761,3,OTHER,IKK,IKK,IKBKB
IKK,-1.3708333333333331,29,KRSA,0.6381647549530761,3,OTHER,IKK,IKK,IKBKE
IKK,-1.3708333333333331,29,KRSA,0.6381647549530761,3,OTHER,IKK,IKK,TBK1
AKT,0.17583333333333334,75,KRSA,0.06256517205422316,1,AGC,AKT,AKT,AKT1
AKT,0.17583333333333334,75,KRSA,0.06256517205422316,1,AGC,AKT,AKT,AKT2
AKT,0.17583333333333334,75,KRSA,0.06256517205422316,1,AGC,AKT,AKT,AKT3
PKCD,0.855,51,KRSA,0.36287799791449427,2,AGC,PKC,DELTA,PRKCD
PKCD,0.855,51,KRSA,0.36287799791449427,2,AGC,PKC,DELTA,PRKCQ
WNK,-0.9825,42,KRSA,0.4754953076120959,2,OTHER,WNK,WNK,WNK1
WNK,-0.9825,42,KRSA,0.4754953076120959,2,OTHER,WNK,WNK,WNK2
WNK,-0.9825,42,KRSA,0.4754953076120959,2,OTHER,WNK,WNK,WNK3
WNK,-0.9825,42,KRSA,0.4754953076120959,2,OTHER,WNK,WNK,WNK4
ULK,-0.9816666666666668,43,KRSA,0.4629822732012513,2,OTHER,ULK,FUSED,STK36
ULK,-0.9816666666666668,43,KRSA,0.4629822732012513,2,OTHER,ULK,ULK,ULK1
ULK,-0.9816666666666668,43,KRSA,0.4629822732012513,2,OTHER,ULK,ULK,ULK2
ULK,-0.9816666666666668,43,KRSA,0.4629822732012513,2,OTHER,ULK,ULK,ULK3
ULK,-0.9816666666666668,43,KRSA,0.4629822732012513,2,OTHER,ULK,ULK,ULK4
TAO,0.4183333333333333,66,KRSA,0.17518248175182483,1,STE,STE20,TAO,TAOK1
TAO,0.4183333333333333,66,KRSA,0.17518248175182483,1,STE,STE20,TAO,TAOK2
TAO,0.4183333333333333,66,KRSA,0.17518248175182483,1,STE,STE20,TAO,TAOK3
MLCK,-0.10666666666666667,77,KRSA,0.03753910323253389,1,CAMK,MLCK,MLCK,MYLK
MLCK,-0.10666666666666667,77,KRSA,0.03753910323253389,1,CAMK,MLCK,MLCK,MYLK2
MLCK,-0.10666666666666667,77,KRSA,0.03753910323253389,1,CAMK,MLCK,MLCK,TTN
SLK,0.2241666666666667,74,KRSA,0.07507820646506778,1,STE,STE20,SLK,SLK
SLK,0.2241666666666667,74,KRSA,0.07507820646506778,1,STE,STE20,SLK,STK10
BRSK,-0.9716666666666668,45,KRSA,0.43795620437956206,2,CAMK,CAMKL,BRSK,BRSK1
BRSK,-0.9716666666666668,45,KRSA,0.43795620437956206,2,CAMK,CAMKL,BRSK,BRSK2
KHS,0.74,56,KRSA,0.30031282586027114,2,STE,STE20,KHS,MAP4K1
KHS,0.74,56,KRSA,0.30031282586027114,2,STE,STE20,KHS,MAP4K2
KHS,0.74,56,KRSA,0.30031282586027114,2,STE,STE20,KHS,MAP4K3
KHS,0.74,56,KRSA,0.30031282586027114,2,STE,STE20,KHS,MAP4K5
NIK,-0.9866666666666668,39,KRSA,0.5130344108446299,3,STE,STE-UNIQUE,STE-UNIQUE,MAP3K14
BUD32,-1.0008333333333337,38,KRSA,0.5255474452554745,3,OTHER,BUD32,BUD32,TP53RK
AMPK,1.5216666666666667,23,KRSA,0.7132429614181439,3,CAMK,CAMKL,AMPK,PRKAA1
AMPK,1.5216666666666667,23,KRSA,0.7132429614181439,3,CAMK,CAMKL,AMPK,PRKAA2
CLK,-0.985,41,KRSA,0.4880083420229406,2,CMGC,CLK,CLK,CLK1
CLK,-0.985,41,KRSA,0.4880083420229406,2,CMGC,CLK,CLK,CLK2
CLK,-0.985,41,KRSA,0.4880083420229406,2,CMGC,CLK,CLK,CLK3
CLK,-0.985,41,KRSA,0.4880083420229406,2,CMGC,CLK,CLK,CLK4
MOS,-0.9858333333333332,40,KRSA,0.5005213764337852,3,OTHER,MOS,MOS,MOS
CAMKK,-0.9733333333333334,44,KRSA,0.4504692387904067,2,OTHER,CAMKK,META,CAMKK1
CAMKK,-0.9733333333333334,44,KRSA,0.4504692387904067,2,OTHER,CAMKK,META,CAMKK2
COT,0.8283333333333334,53,KRSA,0.337851929092805,2,STE,STE-UNIQUE,STE-UNIQUE,MAP3K8
NEK,-1.0699999999999998,36,KRSA,0.5505735140771637,3,OTHER,NEK,NEK11,NEK11
NEK,-1.0699999999999998,36,KRSA,0.5505735140771637,3,OTHER,NEK,NEK2,NEK2
NEK,-1.0699999999999998,36,KRSA,0.5505735140771637,3,OTHER,NEK,NEK1,NEK3
NEK,-1.0699999999999998,36,KRSA,0.5505735140771637,3,OTHER,NEK,NEK4,NEK4
NEK,-1.0699999999999998,36,KRSA,0.5505735140771637,3,OTHER,NEK,NEK1,NEK5
NEK,-1.0699999999999998,36,KRSA,0.5505735140771637,3,OTHER,NEK,NEK6,NEK6
NEK,-1.0699999999999998,36,KRSA,0.5505735140771637,3,OTHER,NEK,NEK6,NEK7
NEK,-1.0699999999999998,36,KRSA,0.5505735140771637,3,OTHER,NEK,NEK8,NEK8
NEK,-1.0699999999999998,36,KRSA,0.5505735140771637,3,OTHER,NEK,NEK8,NEK9
NDR,-0.8791666666666667,49,KRSA,0.38790406673618355,2,AGC,NDR,NDR,LATS1
NDR,-0.8791666666666667,49,KRSA,0.38790406673618355,2,AGC,NDR,NDR,LATS2
NDR,-0.8791666666666667,49,KRSA,0.38790406673618355,2,AGC,NDR,NDR,STK38
NDR,-0.8791666666666667,49,KRSA,0.38790406673618355,2,AGC,NDR,NDR,STK38L
VRK1,-1.055,37,KRSA,0.5380604796663191,3,CK1,VRK,VRK,VRK1
PIM,0.7175,58,KRSA,0.27528675703858185,2,CAMK,PIM,PIM,PIM1
PIM,0.7175,58,KRSA,0.27528675703858185,2,CAMK,PIM,PIM,PIM2
PIM,0.7175,58,KRSA,0.27528675703858185,2,CAMK,PIM,PIM,PIM3
RIPK,0.03416666666666664,79,KRSA,0.01251303441084463,1,TKL,RIPK,RIPK,ANKK1
RIPK,0.03416666666666664,79,KRSA,0.01251303441084463,1,TKL,RIPK,RIPK,RIPK1
RIPK,0.03416666666666664,79,KRSA,0.01251303441084463,1,TKL,RIPK,RIPK,RIPK2
RIPK,0.03416666666666664,79,KRSA,0.01251303441084463,1,TKL,RIPK,RIPK,RIPK3
RIPK,0.03416666666666664,79,KRSA,0.01251303441084463,1,TKL,RIPK,RIPK,RIPK4
AUR,-0.2258333333333333,73,KRSA,0.08759124087591241,1,OTHER,AUR,AUR,AURKA
AUR,-0.2258333333333333,73,KRSA,0.08759124087591241,1,OTHER,AUR,AUR,AURKB
AUR,-0.2258333333333333,73,KRSA,0.08759124087591241,1,OTHER,AUR,AUR,AURKC
RSK,1.31,31,KRSA,0.6131386861313869,3,AGC,RSK,RSK,RPS6KA1
RSK,1.31,31,KRSA,0.6131386861313869,3,AGC,RSK,RSK,RPS6KA2
RSK,1.31,31,KRSA,0.6131386861313869,3,AGC,RSK,RSK,RPS6KA3
RSK,1.31,31,KRSA,0.6131386861313869,3,AGC,RSK,MSK,RPS6KA4
RSK,1.31,31,KRSA,0.6131386861313869,3,AGC,RSK,MSK,RPS6KA5
RSK,1.31,31,KRSA,0.6131386861313869,3,AGC,RSK,RSK,RPS6KA6
RSK,1.31,31,KRSA,0.6131386861313869,3,AGC,RSK,P70,RPS6KB1
RSK,1.31,31,KRSA,0.6131386861313869,3,AGC,RSK,P70,RPS6KB2
PKN,-0.5308333333333334,61,KRSA,0.23774765380604795,1,AGC,PKN,PKN,PKN1
PKN,-0.5308333333333334,61,KRSA,0.23774765380604795,1,AGC,PKN,PKN,PKN2
PKN,-0.5308333333333334,61,KRSA,0.23774765380604795,1,AGC,PKN,PKN,PKN3
GRK,0.2308333333333333,72,KRSA,0.10010427528675704,1,AGC,GRK,GRK,GRK1
GRK,0.2308333333333333,72,KRSA,0.10010427528675704,1,AGC,GRK,GRK,GRK4
GRK,0.2308333333333333,72,KRSA,0.10010427528675704,1,AGC,GRK,GRK,GRK5
GRK,0.2308333333333333,72,KRSA,0.10010427528675704,1,AGC,GRK,GRK,GRK6
GRK,0.2308333333333333,72,KRSA,0.10010427528675704,1,AGC,GRK,GRK,GRK7
MELK,-0.73,57,KRSA,0.28779979144942647,2,CAMK,CAMKL,MELK,MELK
MSN,0.8358333333333333,52,KRSA,0.35036496350364965,2,STE,STE20,MSN,MAP4K4
MSN,0.8358333333333333,52,KRSA,0.35036496350364965,2,STE,STE20,MSN,NRK
MSN,0.8358333333333333,52,KRSA,0.35036496350364965,2,STE,STE20,MSN,TNIK
ATM,-0.9233333333333332,47,KRSA,0.4129301355578728,2,ATYPICAL,PIKK,ATM,ATM
STKR,0.435,64,KRSA,0.20020855057351408,1,TKL,STKR,TYPE1,ACVR1
STKR,0.435,64,KRSA,0.20020855057351408,1,TKL,STKR,TYPE1,ACVR1B
STKR,0.435,64,KRSA,0.20020855057351408,1,TKL,STKR,TYPE1,ACVR1C
STKR,0.435,64,KRSA,0.20020855057351408,1,TKL,STKR,TYPE2,ACVR2A
STKR,0.435,64,KRSA,0.20020855057351408,1,TKL,STKR,TYPE2,ACVR2B
STKR,0.435,64,KRSA,0.20020855057351408,1,TKL,STKR,TYPE1,ACVRL1
STKR,0.435,64,KRSA,0.20020855057351408,1,TKL,STKR,TYPE2,AMHR2
STKR,0.435,64,KRSA,0.20020855057351408,1,TKL,STKR,TYPE1,BMPR1A
STKR,0.435,64,KRSA,0.20020855057351408,1,TKL,STKR,TYPE1,BMPR1B
STKR,0.435,64,KRSA,0.20020855057351408,1,TKL,STKR,TYPE2,BMPR2
STKR,0.435,64,KRSA,0.20020855057351408,1,TKL,STKR,TYPE1,TGFBR1
STKR,0.435,64,KRSA,0.20020855057351408,1,TKL,STKR,TYPE2,TGFBR2
HAL,0.8066666666666666,55,KRSA,0.31282586027111575,2,RGC,RGC,RGC,NPR1
PDHK,-0.08999999999999997,78,KRSA,0.02502606882168926,1,ATYPICAL,PDHK,BCKDK,BCKDK
PDHK,-0.08999999999999997,78,KRSA,0.02502606882168926,1,ATYPICAL,PDHK,PDHK,PDK2
PDHK,-0.08999999999999997,78,KRSA,0.02502606882168926,1,ATYPICAL,PDHK,PDHK,PDK3
PDHK,-0.08999999999999997,78,KRSA,0.02502606882168926,1,ATYPICAL,PDHK,PDHK,PDK4
STE11,-0.9316666666666666,46,KRSA,0.4254431699687174,2,TKL,MLK,TAK1,MAP3K7
STE11,-0.9316666666666666,46,KRSA,0.4254431699687174,2,STE,STE11,MEKK1,MAP3K1
STE11,-0.9316666666666666,46,KRSA,0.4254431699687174,2,STE,STE11,ASK,MAP3K15
STE11,-0.9316666666666666,46,KRSA,0.4254431699687174,2,STE,STE11,MEKK2,MAP3K2
STE11,-0.9316666666666666,46,KRSA,0.4254431699687174,2,STE,STE11,MEKK2,MAP3K3
STE11,-0.9316666666666666,46,KRSA,0.4254431699687174,2,STE,STE11,MEKK4,MAP3K4
STE11,-0.9316666666666666,46,KRSA,0.4254431699687174,2,STE,STE11,ASK,MAP3K5
STE11,-0.9316666666666666,46,KRSA,0.4254431699687174,2,STE,STE11,ASK,MAP3K6
MAPKAPK,-0.01333333333333335,80,KRSA,0,1,CAMK,MAPKAPK,MAPKAPK,MAPKAPK2
MAPKAPK,-0.01333333333333335,80,KRSA,0,1,CAMK,MAPKAPK,MAPKAPK,MAPKAPK3
MAPKAPK,-0.01333333333333335,80,KRSA,0,1,CAMK,MAPKAPK,MAPKAPK,MAPKAPK5
MAPKAPK,-0.01333333333333335,80,KRSA,0,1,CAMK,MAPKAPK,MNK,MKNK1
MAPKAPK,-0.01333333333333335,80,KRSA,0,1,CAMK,MAPKAPK,MNK,MKNK2
GSK,-1.225,32,KRSA,0.6006256517205423,3,CMGC,GSK,GSK,GSK3A
GSK,-1.225,32,KRSA,0.6006256517205423,3,CMGC,GSK,GSK,GSK3B
CHK1,0.42583333333333334,65,KRSA,0.18769551616266944,1,CAMK,CAMKL,CHK1,CHEK1
PKCH,-1.1083333333333334,35,KRSA,0.5630865484880083,3,AGC,PKC,ETA,PRKCE
PKCH,-1.1083333333333334,35,KRSA,0.5630865484880083,3,AGC,PKC,ETA,PRKCH
CK2,-0.2708333333333333,71,KRSA,0.11261730969760167,1,CMGC,CK2,CK2,CSNK2A1
CK2,-0.2708333333333333,71,KRSA,0.11261730969760167,1,CMGC,CK2,CK2,CSNK2A2
CK2,-0.2708333333333333,71,KRSA,0.11261730969760167,1,NA,NA,NA,CSNK2A3
SGK,0.8658333333333333,50,KRSA,0.3753910323253389,2,AGC,SGK,SGK,SGK1
SGK,0.8658333333333333,50,KRSA,0.3753910323253389,2,AGC,SGK,SGK,SGK2
SGK,0.8658333333333333,50,KRSA,0.3753910323253389,2,AGC,SGK,SGK,SGK3
IRAK,-0.44166666666666665,63,KRSA,0.2127215849843587,1,TKL,IRAK,IRAK,IRAK1
IRAK,-0.44166666666666665,63,KRSA,0.2127215849843587,1,TKL,IRAK,IRAK,IRAK2
IRAK,-0.44166666666666665,63,KRSA,0.2127215849843587,1,TKL,IRAK,IRAK,IRAK3
IRAK,-0.44166666666666665,63,KRSA,0.2127215849843587,1,TKL,IRAK,IRAK,IRAK4
PKG,2.9325,11,KRSA,0.8633993743482794,4,AGC,PKG,PKG,PRKG1
PKG,2.9325,11,KRSA,0.8633993743482794,4,AGC,PKG,PKG,PRKG2
ERK,-4.84,1,KRSA,0.9885297184567258,4,CMGC,MAPK,ERK1,MAPK1
ERK,-4.84,1,KRSA,0.9885297184567258,4,CMGC,MAPK,ERK7,MAPK15
ERK,-4.84,1,KRSA,0.9885297184567258,4,CMGC,MAPK,ERK1,MAPK3
ERK,-4.84,1,KRSA,0.9885297184567258,4,CMGC,MAPK,ERK3,MAPK4
ERK,-4.84,1,KRSA,0.9885297184567258,4,CMGC,MAPK,ERK3,MAPK6
ERK,-4.84,1,KRSA,0.9885297184567258,4,CMGC,MAPK,ERK5,MAPK7
PKA,2.8908333333333336,12,KRSA,0.8508863399374348,4,AGC,PKA,PKA,PRKACA
PKA,2.8908333333333336,12,KRSA,0.8508863399374348,4,AGC,PKA,PKA,PRKACB
PKA,2.8908333333333336,12,KRSA,0.8508863399374348,4,AGC,PKA,PKA,PRKACG
PKA,2.8908333333333336,12,KRSA,0.8508863399374348,4,AGC,PKA,PKA,PRKX
PKA,2.8908333333333336,12,KRSA,0.8508863399374348,4,AGC,PKA,PKA,PRKY
CAMK1,2.42,13,KRSA,0.8383733055265902,4,CAMK,CAMK1,CAMK1,CAMK1
CAMK1,2.42,13,KRSA,0.8383733055265902,4,CAMK,CAMK1,CAMK1,CAMK1D
CAMK1,2.42,13,KRSA,0.8383733055265902,4,CAMK,CAMK1,CAMK1,CAMK1G
CAMK1,2.42,13,KRSA,0.8383733055265902,4,CAMK,CAMK1,CAMK1,CAMK4
CAMK1,2.42,13,KRSA,0.8383733055265902,4,CAMK,CAMK1,CAMK1,PNCK
DYRK,-4.504166666666666,2,KRSA,0.9760166840458812,4,CMGC,DYRK,DYRK1,DYRK1A
DYRK,-4.504166666666666,2,KRSA,0.9760166840458812,4,CMGC,DYRK,DYRK1,DYRK1B
DYRK,-4.504166666666666,2,KRSA,0.9760166840458812,4,CMGC,DYRK,DYRK2,DYRK2
DYRK,-4.504166666666666,2,KRSA,0.9760166840458812,4,CMGC,DYRK,DYRK2,DYRK3
DYRK,-4.504166666666666,2,KRSA,0.9760166840458812,4,CMGC,DYRK,DYRK2,DYRK4
DYRK,-4.504166666666666,2,KRSA,0.9760166840458812,4,CMGC,DYRK,HIPK,HIPK1
DYRK,-4.504166666666666,2,KRSA,0.9760166840458812,4,CMGC,DYRK,HIPK,HIPK2
DYRK,-4.504166666666666,2,KRSA,0.9760166840458812,4,CMGC,DYRK,HIPK,HIPK3
DYRK,-4.504166666666666,2,KRSA,0.9760166840458812,4,CMGC,DYRK,HIPK,HIPK4
DYRK,-4.504166666666666,2,KRSA,0.9760166840458812,4,CMGC,DYRK,PRP4,PRPF4B
CDK,-4.479166666666667,3,KRSA,0.9635036496350365,4,CMGC,CDK,CDC2,CDK1
CDK,-4.479166666666667,3,KRSA,0.9635036496350365,4,CMGC,CDK,CDK10,CDK10
CDK,-4.479166666666667,3,KRSA,0.9635036496350365,4,CMGC,CDK,CRK7,CDK12
CDK,-4.479166666666667,3,KRSA,0.9635036496350365,4,CMGC,CDK,CRK7,CDK13
CDK,-4.479166666666667,3,KRSA,0.9635036496350365,4,CMGC,CDK,PFTAIRE,CDK14
CDK,-4.479166666666667,3,KRSA,0.9635036496350365,4,CMGC,CDK,PFTAIRE,CDK15
CDK,-4.479166666666667,3,KRSA,0.9635036496350365,4,CMGC,CDK,PCTAIRE,CDK16
CDK,-4.479166666666667,3,KRSA,0.9635036496350365,4,CMGC,CDK,PCTAIRE,CDK17
CDK,-4.479166666666667,3,KRSA,0.9635036496350365,4,CMGC,CDK,PCTAIRE,CDK18
CDK,-4.479166666666667,3,KRSA,0.9635036496350365,4,CMGC,CDK,CDK8,CDK19
CDK,-4.479166666666667,3,KRSA,0.9635036496350365,4,CMGC,CDK,CDC2,CDK2
CDK,-4.479166666666667,3,KRSA,0.9635036496350365,4,CMGC,CDK,CCRK,CDK20
CDK,-4.479166666666667,3,KRSA,0.9635036496350365,4,CMGC,CDK,CDC2,CDK3
CDK,-4.479166666666667,3,KRSA,0.9635036496350365,4,CMGC,CDK,CDK4,CDK4
CDK,-4.479166666666667,3,KRSA,0.9635036496350365,4,CMGC,CDK,CDK5,CDK5
CDK,-4.479166666666667,3,KRSA,0.9635036496350365,4,CMGC,CDK,CDK4,CDK6
CDK,-4.479166666666667,3,KRSA,0.9635036496350365,4,CMGC,CDK,CDK7,CDK7
CDK,-4.479166666666667,3,KRSA,0.9635036496350365,4,CMGC,CDK,CDK8,CDK8
CDK,-4.479166666666667,3,KRSA,0.9635036496350365,4,CMGC,CDK,CDK9,CDK9
CDK,-4.479166666666667,3,KRSA,0.9635036496350365,4,NA,NA,NA,CDK11A
CDK,-4.479166666666667,3,KRSA,0.9635036496350365,4,NA,NA,NA,CDK11B
JNK,-3.61,6,KRSA,0.9259645464025026,4,CMGC,MAPK,JNK,MAPK10
JNK,-3.61,6,KRSA,0.9259645464025026,4,CMGC,MAPK,JNK,MAPK8
JNK,-3.61,6,KRSA,0.9259645464025026,4,CMGC,MAPK,JNK,MAPK9
P38,-3.0483333333333333,9,KRSA,0.8884254431699687,4,CMGC,MAPK,P38,MAPK11
P38,-3.0483333333333333,9,KRSA,0.8884254431699687,4,CMGC,MAPK,P38,MAPK12
P38,-3.0483333333333333,9,KRSA,0.8884254431699687,4,CMGC,MAPK,P38,MAPK13
P38,-3.0483333333333333,9,KRSA,0.8884254431699687,4,CMGC,MAPK,P38,MAPK14
PDK1,-3.799166666666667,5,KRSA,0.9384775808133472,4,ATYPICAL,PDHK,PDHK,PDK1
PDK1,-3.799166666666667,5,KRSA,0.9384775808133472,4,AGC,PDK1,PDK1,PDPK1
RSK,1.31,31,KRSA,0.6131386861313869,3,AGC,RSK,RSK,RPS6KA1
RSK,1.31,31,KRSA,0.6131386861313869,3,AGC,RSK,RSK,RPS6KA2
RSK,1.31,31,KRSA,0.6131386861313869,3,AGC,RSK,RSK,RPS6KA3
RSK,1.31,31,KRSA,0.6131386861313869,3,AGC,RSK,MSK,RPS6KA4
RSK,1.31,31,KRSA,0.6131386861313869,3,AGC,RSK,MSK,RPS6KA5
RSK,1.31,31,KRSA,0.6131386861313869,3,AGC,RSK,RSK,RPS6KA6
RSK,1.31,31,KRSA,0.6131386861313869,3,AGC,RSK,P70,RPS6KB1
RSK,1.31,31,KRSA,0.6131386861313869,3,AGC,RSK,P70,RPS6KB2
PKD,0.8183333333333334,54,KRSA,0.32533889468196037,2,CAMK,PKD,PKD,PRKD1
PKD,0.8183333333333334,54,KRSA,0.32533889468196037,2,CAMK,PKD,PKD,PRKD2
PKD,0.8183333333333334,54,KRSA,0.32533889468196037,2,CAMK,PKD,PKD,PRKD3
MST,-2.091666666666667,15,KRSA,0.8133472367049009,4,STE,STE20,MST,STK3
MST,-2.091666666666667,15,KRSA,0.8133472367049009,4,STE,STE20,MST,STK4
PLK,-3.158333333333333,8,KRSA,0.9009384775808134,4,NA,NA,NA,PLK5
PLK,-3.158333333333333,8,KRSA,0.9009384775808134,4,OTHER,PLK,PLK1,PLK1
PLK,-3.158333333333333,8,KRSA,0.9009384775808134,4,OTHER,PLK,PLK2,PLK2
PLK,-3.158333333333333,8,KRSA,0.9009384775808134,4,OTHER,PLK,PLK2,PLK3
PLK,-3.158333333333333,8,KRSA,0.9009384775808134,4,OTHER,PLK,SAK,PLK4
PAKA,0.9066666666666668,48,KRSA,0.40041710114702816,2,STE,STE20,PAKA,PAK1
PAKA,0.9066666666666668,48,KRSA,0.40041710114702816,2,STE,STE20,PAKA,PAK2
PAKA,0.9066666666666668,48,KRSA,0.40041710114702816,2,STE,STE20,PAKA,PAK3
AMPK,1.5216666666666667,23,KRSA,0.7132429614181439,3,CAMK,CAMKL,AMPK,PRKAA1
AMPK,1.5216666666666667,23,KRSA,0.7132429614181439,3,CAMK,CAMKL,AMPK,PRKAA2
PKCD,0.855,51,KRSA,0.36287799791449427,2,AGC,PKC,DELTA,PRKCD
PKCD,0.855,51,KRSA,0.36287799791449427,2,AGC,PKC,DELTA,PRKCQ
RAF,-1.9108333333333336,18,KRSA,0.7758081334723671,4,TKL,RAF,RAF,ARAF
RAF,-1.9108333333333336,18,KRSA,0.7758081334723671,4,TKL,RAF,RAF,BRAF
RAF,-1.9108333333333336,18,KRSA,0.7758081334723671,4,TKL,RAF,KSR,KSR1
RAF,-1.9108333333333336,18,KRSA,0.7758081334723671,4,TKL,RAF,KSR,KSR2
RAF,-1.9108333333333336,18,KRSA,0.7758081334723671,4,TKL,RAF,RAF,RAF1
PASK,1.1108333333333331,34,KRSA,0.5755995828988529,3,CAMK,CAMKL,PASK,PASK
RIPK,0.03416666666666664,79,KRSA,0.01251303441084463,1,TKL,RIPK,RIPK,ANKK1
RIPK,0.03416666666666664,79,KRSA,0.01251303441084463,1,TKL,RIPK,RIPK,RIPK1
RIPK,0.03416666666666664,79,KRSA,0.01251303441084463,1,TKL,RIPK,RIPK,RIPK2
RIPK,0.03416666666666664,79,KRSA,0.01251303441084463,1,TKL,RIPK,RIPK,RIPK3
RIPK,0.03416666666666664,79,KRSA,0.01251303441084463,1,TKL,RIPK,RIPK,RIPK4
PIM,0.7175,58,KRSA,0.27528675703858185,2,CAMK,PIM,PIM,PIM1
PIM,0.7175,58,KRSA,0.27528675703858185,2,CAMK,PIM,PIM,PIM2
PIM,0.7175,58,KRSA,0.27528675703858185,2,CAMK,PIM,PIM,PIM3
ATR,-1.7983333333333331,19,KRSA,0.7632950990615224,4,ATYPICAL,PIKK,ATR,ATR
CAMK2,0.17499999999999988,76,KRSA,0.05005213764337852,1,CAMK,CAMK2,CAMK2,CAMK2A
CAMK2,0.17499999999999988,76,KRSA,0.05005213764337852,1,CAMK,CAMK2,CAMK2,CAMK2B
CAMK2,0.17499999999999988,76,KRSA,0.05005213764337852,1,CAMK,CAMK2,CAMK2,CAMK2D
CAMK2,0.17499999999999988,76,KRSA,0.05005213764337852,1,CAMK,CAMK2,CAMK2,CAMK2G
RAD53,1.1583333333333332,33,KRSA,0.5881126173096975,3,CAMK,RAD53,RAD53,CHEK2
PKCI,1.35,30,KRSA,0.6256517205422315,3,AGC,PKC,IOTA,PRKCI
PKCI,1.35,30,KRSA,0.6256517205422315,3,AGC,PKC,IOTA,PRKCZ
PRKDC,-1.6583333333333332,21,KRSA,0.7382690302398331,3,ATYPICAL,PIKK,DNAPK,PRKDC
VRK1,-1.055,37,KRSA,0.5380604796663191,3,CK1,VRK,VRK,VRK1
PEK,-4.005833333333333,4,KRSA,0.9509906152241918,4,OTHER,PEK,HRI,EIF2AK1
PEK,-4.005833333333333,4,KRSA,0.9509906152241918,4,OTHER,PEK,PKR,EIF2AK2
PEK,-4.005833333333333,4,KRSA,0.9509906152241918,4,OTHER,PEK,PEK,EIF2AK3
PEK,-4.005833333333333,4,KRSA,0.9509906152241918,4,OTHER,PEK,GCN2,EIF2AK4
MLCK,-0.10666666666666667,77,KRSA,0.03753910323253389,1,CAMK,MLCK,MLCK,MYLK
MLCK,-0.10666666666666667,77,KRSA,0.03753910323253389,1,CAMK,MLCK,MLCK,MYLK2
MLCK,-0.10666666666666667,77,KRSA,0.03753910323253389,1,CAMK,MLCK,MLCK,TTN
NMO,-2.9541666666666666,10,KRSA,0.8759124087591241,4,CMGC,MAPK,NMO,NLK
GRK,0.2308333333333333,72,KRSA,0.10010427528675704,1,AGC,GRK,GRK,GRK1
GRK,0.2308333333333333,72,KRSA,0.10010427528675704,1,AGC,GRK,GRK,GRK4
GRK,0.2308333333333333,72,KRSA,0.10010427528675704,1,AGC,GRK,GRK,GRK5
GRK,0.2308333333333333,72,KRSA,0.10010427528675704,1,AGC,GRK,GRK,GRK6
GRK,0.2308333333333333,72,KRSA,0.10010427528675704,1,AGC,GRK,GRK,GRK7
DAPK,-0.7041666666666666,60,KRSA,0.2502606882168926,2,CAMK,DAPK,DAPK,DAPK1
DAPK,-0.7041666666666666,60,KRSA,0.2502606882168926,2,CAMK,DAPK,DAPK,DAPK2
DAPK,-0.7041666666666666,60,KRSA,0.2502606882168926,2,CAMK,DAPK,DAPK,DAPK3
DAPK,-0.7041666666666666,60,KRSA,0.2502606882168926,2,CAMK,DAPK,DRAK,STK17A
DAPK,-0.7041666666666666,60,KRSA,0.2502606882168926,2,CAMK,DAPK,DRAK,STK17B
CK1,-1.9408333333333336,17,KRSA,0.7883211678832117,4,CK1,CK1,CK1-A,CSNK1A1
CK1,-1.9408333333333336,17,KRSA,0.7883211678832117,4,CK1,CK1,CK1-A,CSNK1A1L
CK1,-1.9408333333333336,17,KRSA,0.7883211678832117,4,CK1,CK1,CK1-D,CSNK1D
CK1,-1.9408333333333336,17,KRSA,0.7883211678832117,4,CK1,CK1,CK1-D,CSNK1E
CK1,-1.9408333333333336,17,KRSA,0.7883211678832117,4,CK1,CK1,CK1-G,CSNK1G1
CK1,-1.9408333333333336,17,KRSA,0.7883211678832117,4,CK1,CK1,CK1-G,CSNK1G2
CK1,-1.9408333333333336,17,KRSA,0.7883211678832117,4,CK1,CK1,CK1-G,CSNK1G3
CK1,-1.9408333333333336,17,KRSA,0.7883211678832117,4,CK1,TTBK,TTBK,TTBK1
CK1,-1.9408333333333336,17,KRSA,0.7883211678832117,4,CK1,TTBK,TTBK,TTBK2
CK1,-1.9408333333333336,17,KRSA,0.7883211678832117,4,CK1,VRK,VRK,VRK3
STE11,-0.9316666666666666,46,KRSA,0.4254431699687174,2,TKL,MLK,TAK1,MAP3K7
STE11,-0.9316666666666666,46,KRSA,0.4254431699687174,2,STE,STE11,MEKK1,MAP3K1
STE11,-0.9316666666666666,46,KRSA,0.4254431699687174,2,STE,STE11,ASK,MAP3K15
STE11,-0.9316666666666666,46,KRSA,0.4254431699687174,2,STE,STE11,MEKK2,MAP3K2
STE11,-0.9316666666666666,46,KRSA,0.4254431699687174,2,STE,STE11,MEKK2,MAP3K3
STE11,-0.9316666666666666,46,KRSA,0.4254431699687174,2,STE,STE11,MEKK4,MAP3K4
STE11,-0.9316666666666666,46,KRSA,0.4254431699687174,2,STE,STE11,ASK,MAP3K5
STE11,-0.9316666666666666,46,KRSA,0.4254431699687174,2,STE,STE11,ASK,MAP3K6
BARK2,-0.4991666666666667,62,KRSA,0.22523461939520334,1,AGC,GRK,BARK,GRK3
QIK,-1.5683333333333334,22,KRSA,0.7257559958289885,3,CAMK,CAMKL,QIK,SIK1
QIK,-1.5683333333333334,22,KRSA,0.7257559958289885,3,CAMK,CAMKL,QIK,SIK2
PDHK,-0.08999999999999997,78,KRSA,0.02502606882168926,1,ATYPICAL,PDHK,BCKDK,BCKDK
PDHK,-0.08999999999999997,78,KRSA,0.02502606882168926,1,ATYPICAL,PDHK,PDHK,PDK2
PDHK,-0.08999999999999997,78,KRSA,0.02502606882168926,1,ATYPICAL,PDHK,PDHK,PDK3
PDHK,-0.08999999999999997,78,KRSA,0.02502606882168926,1,ATYPICAL,PDHK,PDHK,PDK4
PKCA,-3.586666666666667,7,KRSA,0.913451511991658,4,AGC,PKC,ALPHA,PRKCA
PKCA,-3.586666666666667,7,KRSA,0.913451511991658,4,AGC,PKC,ALPHA,PRKCB
PKCA,-3.586666666666667,7,KRSA,0.913451511991658,4,AGC,PKC,ALPHA,PRKCG
TLK,-1.395,27,KRSA,0.6631908237747653,3,OTHER,TLK,TLK,TLK1
TLK,-1.395,27,KRSA,0.6631908237747653,3,OTHER,TLK,TLK,TLK2
NAK,-0.4125,67,KRSA,0.16266944734098018,1,OTHER,NAK,BIKE,AAK1
NAK,-0.4125,67,KRSA,0.16266944734098018,1,OTHER,NAK,BIKE,BMP2K
NAK,-0.4125,67,KRSA,0.16266944734098018,1,OTHER,NAK,GAK,GAK
NAK,-0.4125,67,KRSA,0.16266944734098018,1,OTHER,NAK,MPSK,STK16
PKN,-0.5308333333333334,61,KRSA,0.23774765380604795,1,AGC,PKN,PKN,PKN1
PKN,-0.5308333333333334,61,KRSA,0.23774765380604795,1,AGC,PKN,PKN,PKN2
PKN,-0.5308333333333334,61,KRSA,0.23774765380604795,1,AGC,PKN,PKN,PKN3
TTK,-1.4016666666666666,26,KRSA,0.67570385818561,3,OTHER,TTK,TTK,TTK
MAPKAPK,-0.01333333333333335,80,KRSA,0,1,CAMK,MAPKAPK,MAPKAPK,MAPKAPK2
MAPKAPK,-0.01333333333333335,80,KRSA,0,1,CAMK,MAPKAPK,MAPKAPK,MAPKAPK3
MAPKAPK,-0.01333333333333335,80,KRSA,0,1,CAMK,MAPKAPK,MAPKAPK,MAPKAPK5
MAPKAPK,-0.01333333333333335,80,KRSA,0,1,CAMK,MAPKAPK,MNK,MKNK1
MAPKAPK,-0.01333333333333335,80,KRSA,0,1,CAMK,MAPKAPK,MNK,MKNK2
PAKB,0.3141666666666667,69,KRSA,0.13764337851929093,1,STE,STE20,PAKB,PAK4
PAKB,0.3141666666666667,69,KRSA,0.13764337851929093,1,STE,STE20,PAKB,PAK5
PAKB,0.3141666666666667,69,KRSA,0.13764337851929093,1,STE,STE20,PAKB,PAK6
NUAK,-1.3833333333333333,28,KRSA,0.6506777893639207,3,CAMK,CAMKL,NUAK,NUAK1
NUAK,-1.3833333333333333,28,KRSA,0.6506777893639207,3,CAMK,CAMKL,NUAK,NUAK2
HAL,0.8066666666666666,55,KRSA,0.31282586027111575,2,RGC,RGC,RGC,NPR1
MTOR,-1.7858333333333334,20,KRSA,0.7507820646506778,4,ATYPICAL,PIKK,FRAP,MTOR
PKCH,-1.1083333333333334,35,KRSA,0.5630865484880083,3,AGC,PKC,ETA,PRKCE
PKCH,-1.1083333333333334,35,KRSA,0.5630865484880083,3,AGC,PKC,ETA,PRKCH
FRAY,-1.4875,24,KRSA,0.7007299270072993,3,STE,STE20,FRAY,OXSR1
FRAY,-1.4875,24,KRSA,0.7007299270072993,3,STE,STE20,FRAY,STK39
IKK,-1.3708333333333331,29,KRSA,0.6381647549530761,3,OTHER,IKK,IKK,CHUK
IKK,-1.3708333333333331,29,KRSA,0.6381647549530761,3,OTHER,IKK,IKK,IKBKB
IKK,-1.3708333333333331,29,KRSA,0.6381647549530761,3,OTHER,IKK,IKK,IKBKE
IKK,-1.3708333333333331,29,KRSA,0.6381647549530761,3,OTHER,IKK,IKK,TBK1
PHK,-1.475,25,KRSA,0.6882168925964547,3,CAMK,PHK,PHK,PHKG1
PHK,-1.475,25,KRSA,0.6882168925964547,3,CAMK,PHK,PHK,PHKG2
MELK,-0.73,57,KRSA,0.28779979144942647,2,CAMK,CAMKL,MELK,MELK
LKB,-1.9766666666666663,16,KRSA,0.8008342022940563,4,CAMK,CAMKL,LKB,STK11
CLK,-0.985,41,KRSA,0.4880083420229406,2,CMGC,CLK,CLK,CLK1
CLK,-0.985,41,KRSA,0.4880083420229406,2,CMGC,CLK,CLK,CLK2
CLK,-0.985,41,KRSA,0.4880083420229406,2,CMGC,CLK,CLK,CLK3
CLK,-0.985,41,KRSA,0.4880083420229406,2,CMGC,CLK,CLK,CLK4
ULK,-0.9816666666666668,43,KRSA,0.4629822732012513,2,OTHER,ULK,FUSED,STK36
ULK,-0.9816666666666668,43,KRSA,0.4629822732012513,2,OTHER,ULK,ULK,ULK1
ULK,-0.9816666666666668,43,KRSA,0.4629822732012513,2,OTHER,ULK,ULK,ULK2
ULK,-0.9816666666666668,43,KRSA,0.4629822732012513,2,OTHER,ULK,ULK,ULK3
ULK,-0.9816666666666668,43,KRSA,0.4629822732012513,2,OTHER,ULK,ULK,ULK4
TAO,0.4183333333333333,66,KRSA,0.17518248175182483,1,STE,STE20,TAO,TAOK1
TAO,0.4183333333333333,66,KRSA,0.17518248175182483,1,STE,STE20,TAO,TAOK2
TAO,0.4183333333333333,66,KRSA,0.17518248175182483,1,STE,STE20,TAO,TAOK3
SLK,0.2241666666666667,74,KRSA,0.07507820646506778,1,STE,STE20,SLK,SLK
SLK,0.2241666666666667,74,KRSA,0.07507820646506778,1,STE,STE20,SLK,STK10
WNK,-0.9825,42,KRSA,0.4754953076120959,2,OTHER,WNK,WNK,WNK1
WNK,-0.9825,42,KRSA,0.4754953076120959,2,OTHER,WNK,WNK,WNK2
WNK,-0.9825,42,KRSA,0.4754953076120959,2,OTHER,WNK,WNK,WNK3
WNK,-0.9825,42,KRSA,0.4754953076120959,2,OTHER,WNK,WNK,WNK4
SGK,0.8658333333333333,50,KRSA,0.3753910323253389,2,AGC,SGK,SGK,SGK1
SGK,0.8658333333333333,50,KRSA,0.3753910323253389,2,AGC,SGK,SGK,SGK2
SGK,0.8658333333333333,50,KRSA,0.3753910323253389,2,AGC,SGK,SGK,SGK3
BUD32,-1.0008333333333337,38,KRSA,0.5255474452554745,3,OTHER,BUD32,BUD32,TP53RK
CAMKK,-0.9733333333333334,44,KRSA,0.4504692387904067,2,OTHER,CAMKK,META,CAMKK1
CAMKK,-0.9733333333333334,44,KRSA,0.4504692387904067,2,OTHER,CAMKK,META,CAMKK2
NIK,-0.9866666666666668,39,KRSA,0.5130344108446299,3,STE,STE-UNIQUE,STE-UNIQUE,MAP3K14
MOS,-0.9858333333333332,40,KRSA,0.5005213764337852,3,OTHER,MOS,MOS,MOS
KHS,0.74,56,KRSA,0.30031282586027114,2,STE,STE20,KHS,MAP4K1
KHS,0.74,56,KRSA,0.30031282586027114,2,STE,STE20,KHS,MAP4K2
KHS,0.74,56,KRSA,0.30031282586027114,2,STE,STE20,KHS,MAP4K3
KHS,0.74,56,KRSA,0.30031282586027114,2,STE,STE20,KHS,MAP4K5
BRSK,-0.9716666666666668,45,KRSA,0.43795620437956206,2,CAMK,CAMKL,BRSK,BRSK1
BRSK,-0.9716666666666668,45,KRSA,0.43795620437956206,2,CAMK,CAMKL,BRSK,BRSK2
STE7,-2.35,14,KRSA,0.8258602711157456,4,STE,STE7,MEK1,MAP2K1
STE7,-2.35,14,KRSA,0.8258602711157456,4,STE,STE7,MEK1,MAP2K2
STE7,-2.35,14,KRSA,0.8258602711157456,4,STE,STE7,MEK3,MAP2K3
STE7,-2.35,14,KRSA,0.8258602711157456,4,STE,STE7,MEK4,MAP2K4
STE7,-2.35,14,KRSA,0.8258602711157456,4,STE,STE7,MEK5,MAP2K5
STE7,-2.35,14,KRSA,0.8258602711157456,4,STE,STE7,MEK3,MAP2K6
STE7,-2.35,14,KRSA,0.8258602711157456,4,STE,STE7,MEK7,MAP2K7
MLK,-0.30583333333333335,70,KRSA,0.1251303441084463,1,TKL,MLK,ILK,ILK
MLK,-0.30583333333333335,70,KRSA,0.1251303441084463,1,TKL,MLK,MLK,MAP3K10
MLK,-0.30583333333333335,70,KRSA,0.1251303441084463,1,TKL,MLK,MLK,MAP3K11
MLK,-0.30583333333333335,70,KRSA,0.1251303441084463,1,TKL,MLK,LZK,MAP3K12
MLK,-0.30583333333333335,70,KRSA,0.1251303441084463,1,TKL,MLK,LZK,MAP3K13
MLK,-0.30583333333333335,70,KRSA,0.1251303441084463,1,TKL,MLK,MLK,MAP3K9
MLK,-0.30583333333333335,70,KRSA,0.1251303441084463,1,TKL,MLK,HH498,TNNI3K
CHK1,0.42583333333333334,65,KRSA,0.18769551616266944,1,CAMK,CAMKL,CHK1,CHEK1
DMPK,-0.7166666666666667,59,KRSA,0.26277372262773724,2,AGC,DMPK,GEK,CDC42BPA
DMPK,-0.7166666666666667,59,KRSA,0.26277372262773724,2,AGC,DMPK,GEK,CDC42BPB
DMPK,-0.7166666666666667,59,KRSA,0.26277372262773724,2,AGC,DMPK,GEK,CDC42BPG
DMPK,-0.7166666666666667,59,KRSA,0.26277372262773724,2,AGC,DMPK,CRIK,CIT
DMPK,-0.7166666666666667,59,KRSA,0.26277372262773724,2,AGC,DMPK,GEK,DMPK
DMPK,-0.7166666666666667,59,KRSA,0.26277372262773724,2,AGC,DMPK,ROCK,ROCK1
DMPK,-0.7166666666666667,59,KRSA,0.26277372262773724,2,AGC,DMPK,ROCK,ROCK2
NDR,-0.8791666666666667,49,KRSA,0.38790406673618355,2,AGC,NDR,NDR,LATS1
NDR,-0.8791666666666667,49,KRSA,0.38790406673618355,2,AGC,NDR,NDR,LATS2
NDR,-0.8791666666666667,49,KRSA,0.38790406673618355,2,AGC,NDR,NDR,STK38
NDR,-0.8791666666666667,49,KRSA,0.38790406673618355,2,AGC,NDR,NDR,STK38L
COT,0.8283333333333334,53,KRSA,0.337851929092805,2,STE,STE-UNIQUE,STE-UNIQUE,MAP3K8
GSK,-1.225,32,KRSA,0.6006256517205423,3,CMGC,GSK,GSK,GSK3A
GSK,-1.225,32,KRSA,0.6006256517205423,3,CMGC,GSK,GSK,GSK3B
NEK,-1.0699999999999998,36,KRSA,0.5505735140771637,3,OTHER,NEK,NEK11,NEK11
NEK,-1.0699999999999998,36,KRSA,0.5505735140771637,3,OTHER,NEK,NEK2,NEK2
NEK,-1.0699999999999998,36,KRSA,0.5505735140771637,3,OTHER,NEK,NEK1,NEK3
NEK,-1.0699999999999998,36,KRSA,0.5505735140771637,3,OTHER,NEK,NEK4,NEK4
NEK,-1.0699999999999998,36,KRSA,0.5505735140771637,3,OTHER,NEK,NEK1,NEK5
NEK,-1.0699999999999998,36,KRSA,0.5505735140771637,3,OTHER,NEK,NEK6,NEK6
NEK,-1.0699999999999998,36,KRSA,0.5505735140771637,3,OTHER,NEK,NEK6,NEK7
NEK,-1.0699999999999998,36,KRSA,0.5505735140771637,3,OTHER,NEK,NEK8,NEK8
NEK,-1.0699999999999998,36,KRSA,0.5505735140771637,3,OTHER,NEK,NEK8,NEK9
IRAK,-0.44166666666666665,63,KRSA,0.2127215849843587,1,TKL,IRAK,IRAK,IRAK1
IRAK,-0.44166666666666665,63,KRSA,0.2127215849843587,1,TKL,IRAK,IRAK,IRAK2
IRAK,-0.44166666666666665,63,KRSA,0.2127215849843587,1,TKL,IRAK,IRAK,IRAK3
IRAK,-0.44166666666666665,63,KRSA,0.2127215849843587,1,TKL,IRAK,IRAK,IRAK4
AKT,0.17583333333333334,75,KRSA,0.06256517205422316,1,AGC,AKT,AKT,AKT1
AKT,0.17583333333333334,75,KRSA,0.06256517205422316,1,AGC,AKT,AKT,AKT2
AKT,0.17583333333333334,75,KRSA,0.06256517205422316,1,AGC,AKT,AKT,AKT3
STKR,0.435,64,KRSA,0.20020855057351408,1,TKL,STKR,TYPE1,ACVR1
STKR,0.435,64,KRSA,0.20020855057351408,1,TKL,STKR,TYPE1,ACVR1B
STKR,0.435,64,KRSA,0.20020855057351408,1,TKL,STKR,TYPE1,ACVR1C
STKR,0.435,64,KRSA,0.20020855057351408,1,TKL,STKR,TYPE2,ACVR2A
STKR,0.435,64,KRSA,0.20020855057351408,1,TKL,STKR,TYPE2,ACVR2B
STKR,0.435,64,KRSA,0.20020855057351408,1,TKL,STKR,TYPE1,ACVRL1
STKR,0.435,64,KRSA,0.20020855057351408,1,TKL,STKR,TYPE2,AMHR2
STKR,0.435,64,KRSA,0.20020855057351408,1,TKL,STKR,TYPE1,BMPR1A
STKR,0.435,64,KRSA,0.20020855057351408,1,TKL,STKR,TYPE1,BMPR1B
STKR,0.435,64,KRSA,0.20020855057351408,1,TKL,STKR,TYPE2,BMPR2
STKR,0.435,64,KRSA,0.20020855057351408,1,TKL,STKR,TYPE1,TGFBR1
STKR,0.435,64,KRSA,0.20020855057351408,1,TKL,STKR,TYPE2,TGFBR2
CK2,-0.2708333333333333,71,KRSA,0.11261730969760167,1,CMGC,CK2,CK2,CSNK2A1
CK2,-0.2708333333333333,71,KRSA,0.11261730969760167,1,CMGC,CK2,CK2,CSNK2A2
CK2,-0.2708333333333333,71,KRSA,0.11261730969760167,1,NA,NA,NA,CSNK2A3
AUR,-0.2258333333333333,73,KRSA,0.08759124087591241,1,OTHER,AUR,AUR,AURKA
AUR,-0.2258333333333333,73,KRSA,0.08759124087591241,1,OTHER,AUR,AUR,AURKB
AUR,-0.2258333333333333,73,KRSA,0.08759124087591241,1,OTHER,AUR,AUR,AURKC
MSN,0.8358333333333333,52,KRSA,0.35036496350364965,2,STE,STE20,MSN,MAP4K4
MSN,0.8358333333333333,52,KRSA,0.35036496350364965,2,STE,STE20,MSN,NRK
MSN,0.8358333333333333,52,KRSA,0.35036496350364965,2,STE,STE20,MSN,TNIK
ATM,-0.9233333333333332,47,KRSA,0.4129301355578728,2,ATYPICAL,PIKK,ATM,ATM
