Kinase,Peptide,LFC
BARK1,ACM1_444_456,-0.12876053680886348
CDK,ACM1_444_456,-0.12876053680886348
CK1,ACM1_444_456,-0.12876053680886348
DAPK,ACM1_444_456,-0.12876053680886348
DMPK,ACM1_444_456,-0.12876053680886348
DYRK,ACM1_444_456,-0.12876053680886348
ERK,ACM1_444_456,-0.12876053680886348
GSK,ACM1_444_456,-0.12876053680886348
IRAK,ACM1_444_456,-0.12876053680886348
JNK,ACM1_444_456,-0.12876053680886348
MLCK,ACM1_444_456,-0.12876053680886348
P38,ACM1_444_456,-0.12876053680886348
PDK1,ACM1_444_456,-0.12876053680886348
PEK,ACM1_444_456,-0.12876053680886348
PHK,ACM1_444_456,-0.12876053680886348
PIM,ACM1_444_456,-0.12876053680886348
PKCA,ACM1_444_456,-0.12876053680886348
RSK,ACM1_444_456,-0.12876053680886348
VRK2,ACM1_444_456,-0.12876053680886348
BARK1,ACM4_456_468,-0.1100707360430304
FRAY,ACM4_456_468,-0.1100707360430304
MELK,ACM4_456_468,-0.1100707360430304
PDHK,ACM4_456_468,-0.1100707360430304
PDK1,ACM4_456_468,-0.1100707360430304
PIM,ACM4_456_468,-0.1100707360430304
PKCA,ACM4_456_468,-0.1100707360430304
PKCH,ACM4_456_468,-0.1100707360430304
VRK2,ACM4_456_468,-0.1100707360430304
BARK1,ADDB_696_708,-0.10198928029738408
CDK,ADDB_696_708,-0.10198928029738408
CK1,ADDB_696_708,-0.10198928029738408
DMPK,ADDB_696_708,-0.10198928029738408
DYRK,ADDB_696_708,-0.10198928029738408
ERK,ADDB_696_708,-0.10198928029738408
GSK,ADDB_696_708,-0.10198928029738408
IKK,ADDB_696_708,-0.10198928029738408
JNK,ADDB_696_708,-0.10198928029738408
MELK,ADDB_696_708,-0.10198928029738408
MST,ADDB_696_708,-0.10198928029738408
NEK,ADDB_696_708,-0.10198928029738408
P38,ADDB_696_708,-0.10198928029738408
PDK1,ADDB_696_708,-0.10198928029738408
PEK,ADDB_696_708,-0.10198928029738408
PKCA,ADDB_696_708,-0.10198928029738408
PKCH,ADDB_696_708,-0.10198928029738408
PLK,ADDB_696_708,-0.10198928029738408
QIK,ADDB_696_708,-0.10198928029738408
RIPK,ADDB_696_708,-0.10198928029738408
STE7,ADDB_696_708,-0.10198928029738408
VRK1,ADDB_696_708,-0.10198928029738408
VRK2,ADDB_696_708,-0.10198928029738408
BARK1,ADDB_706_718,-0.14487917223399016
CDK,ADDB_706_718,-0.14487917223399016
CHK1,ADDB_706_718,-0.14487917223399016
DMPK,ADDB_706_718,-0.14487917223399016
DYRK,ADDB_706_718,-0.14487917223399016
ERK,ADDB_706_718,-0.14487917223399016
JNK,ADDB_706_718,-0.14487917223399016
MAPKAPK,ADDB_706_718,-0.14487917223399016
MST,ADDB_706_718,-0.14487917223399016
NEK,ADDB_706_718,-0.14487917223399016
P38,ADDB_706_718,-0.14487917223399016
PAKA,ADDB_706_718,-0.14487917223399016
PDHK,ADDB_706_718,-0.14487917223399016
PDK1,ADDB_706_718,-0.14487917223399016
PEK,ADDB_706_718,-0.14487917223399016
PHK,ADDB_706_718,-0.14487917223399016
PIM,ADDB_706_718,-0.14487917223399016
PKCA,ADDB_706_718,-0.14487917223399016
PLK,ADDB_706_718,-0.14487917223399016
RAD53,ADDB_706_718,-0.14487917223399016
RSK,ADDB_706_718,-0.14487917223399016
VRK2,ADDB_706_718,-0.14487917223399016
AKT,ADRB2_338_350,0.6061323177146258
BARK1,ADRB2_338_350,0.6061323177146258
CAMK1,ADRB2_338_350,0.6061323177146258
CDK,ADRB2_338_350,0.6061323177146258
CHK1,ADRB2_338_350,0.6061323177146258
DMPK,ADRB2_338_350,0.6061323177146258
GRK,ADRB2_338_350,0.6061323177146258
PAKA,ADRB2_338_350,0.6061323177146258
PKA,ADRB2_338_350,0.6061323177146258
PKCA,ADRB2_338_350,0.6061323177146258
PKCI,ADRB2_338_350,0.6061323177146258
PKG,ADRB2_338_350,0.6061323177146258
RAD53,ADRB2_338_350,0.6061323177146258
RSK,ADRB2_338_350,0.6061323177146258
VRK2,ADRB2_338_350,0.6061323177146258
AKT,ANDR_785_797,0.0958656133095325
ATR,ANDR_785_797,0.0958656133095325
BARK1,ANDR_785_797,0.0958656133095325
DMPK,ANDR_785_797,0.0958656133095325
PHK,ANDR_785_797,0.0958656133095325
PIM,ANDR_785_797,0.0958656133095325
PKA,ANDR_785_797,0.0958656133095325
PKD,ANDR_785_797,0.0958656133095325
RAF,ANDR_785_797,0.0958656133095325
RSK,ANDR_785_797,0.0958656133095325
VRK2,ANDR_785_797,0.0958656133095325
AKT,ANXA1_209_221,0.11570706027808372
BARK1,ANXA1_209_221,0.11570706027808372
DMPK,ANXA1_209_221,0.11570706027808372
PHK,ANXA1_209_221,0.11570706027808372
PKA,ANXA1_209_221,0.11570706027808372
PKCA,ANXA1_209_221,0.11570706027808372
PKG,ANXA1_209_221,0.11570706027808372
RSK,ANXA1_209_221,0.11570706027808372
VRK2,ANXA1_209_221,0.11570706027808372
AMPK,BAD_112_124,0.3644320778812092
BARK1,BAD_112_124,0.3644320778812092
CK1,BAD_112_124,0.3644320778812092
DMPK,BAD_112_124,0.3644320778812092
FRAY,BAD_112_124,0.3644320778812092
IRAK,BAD_112_124,0.3644320778812092
NEK,BAD_112_124,0.3644320778812092
PAKA,BAD_112_124,0.3644320778812092
PDHK,BAD_112_124,0.3644320778812092
PEK,BAD_112_124,0.3644320778812092
PHK,BAD_112_124,0.3644320778812092
PIM,BAD_112_124,0.3644320778812092
PKA,BAD_112_124,0.3644320778812092
PKCA,BAD_112_124,0.3644320778812092
PKCI,BAD_112_124,0.3644320778812092
PKD,BAD_112_124,0.3644320778812092
PKG,BAD_112_124,0.3644320778812092
QIK,BAD_112_124,0.3644320778812092
RAF,BAD_112_124,0.3644320778812092
RSK,BAD_112_124,0.3644320778812092
STE7,BAD_112_124,0.3644320778812092
VRK2,BAD_112_124,0.3644320778812092
AKT,BAD_69_81,-0.06171417225859758
BARK1,BAD_69_81,-0.06171417225859758
CDK,BAD_69_81,-0.06171417225859758
DMPK,BAD_69_81,-0.06171417225859758
ERK,BAD_69_81,-0.06171417225859758
MELK,BAD_69_81,-0.06171417225859758
MTOR,BAD_69_81,-0.06171417225859758
PAKA,BAD_69_81,-0.06171417225859758
PAKB,BAD_69_81,-0.06171417225859758
PDHK,BAD_69_81,-0.06171417225859758
PDK1,BAD_69_81,-0.06171417225859758
PEK,BAD_69_81,-0.06171417225859758
PHK,BAD_69_81,-0.06171417225859758
PIM,BAD_69_81,-0.06171417225859758
PKA,BAD_69_81,-0.06171417225859758
PKCA,BAD_69_81,-0.06171417225859758
PKCI,BAD_69_81,-0.06171417225859758
PKD,BAD_69_81,-0.06171417225859758
PKG,BAD_69_81,-0.06171417225859758
QIK,BAD_69_81,-0.06171417225859758
RAD53,BAD_69_81,-0.06171417225859758
RAF,BAD_69_81,-0.06171417225859758
RSK,BAD_69_81,-0.06171417225859758
SGK,BAD_69_81,-0.06171417225859758
VRK2,BAD_69_81,-0.06171417225859758
AKT,BAD_93_105,-0.11532268174665848
BARK1,BAD_93_105,-0.11532268174665848
DMPK,BAD_93_105,-0.11532268174665848
MAPKAPK,BAD_93_105,-0.11532268174665848
PAKA,BAD_93_105,-0.11532268174665848
PHK,BAD_93_105,-0.11532268174665848
PIM,BAD_93_105,-0.11532268174665848
PKA,BAD_93_105,-0.11532268174665848
PKCA,BAD_93_105,-0.11532268174665848
PKCI,BAD_93_105,-0.11532268174665848
PKD,BAD_93_105,-0.11532268174665848
PKG,BAD_93_105,-0.11532268174665848
QIK,BAD_93_105,-0.11532268174665848
RAF,BAD_93_105,-0.11532268174665848
RSK,BAD_93_105,-0.11532268174665848
SGK,BAD_93_105,-0.11532268174665848
VRK2,BAD_93_105,-0.11532268174665848
AKT,BCKD_45_57,-0.09110407518122
BARK1,BCKD_45_57,-0.09110407518122
CDK,BCKD_45_57,-0.09110407518122
DMPK,BCKD_45_57,-0.09110407518122
FRAY,BCKD_45_57,-0.09110407518122
GRK,BCKD_45_57,-0.09110407518122
IKK,BCKD_45_57,-0.09110407518122
MAPKAPK,BCKD_45_57,-0.09110407518122
MELK,BCKD_45_57,-0.09110407518122
MLCK,BCKD_45_57,-0.09110407518122
MST,BCKD_45_57,-0.09110407518122
PAKA,BCKD_45_57,-0.09110407518122
PDHK,BCKD_45_57,-0.09110407518122
PDK1,BCKD_45_57,-0.09110407518122
PEK,BCKD_45_57,-0.09110407518122
PHK,BCKD_45_57,-0.09110407518122
PIM,BCKD_45_57,-0.09110407518122
PKA,BCKD_45_57,-0.09110407518122
PKCA,BCKD_45_57,-0.09110407518122
PKG,BCKD_45_57,-0.09110407518122
PLK,BCKD_45_57,-0.09110407518122
QIK,BCKD_45_57,-0.09110407518122
RSK,BCKD_45_57,-0.09110407518122
SGK,BCKD_45_57,-0.09110407518122
STE7,BCKD_45_57,-0.09110407518122
VRK2,BCKD_45_57,-0.09110407518122
BARK1,CAC1C_1974_1986,0.6137368471172797
CAMK1,CAC1C_1974_1986,0.6137368471172797
MAPKAPK,CAC1C_1974_1986,0.6137368471172797
PDHK,CAC1C_1974_1986,0.6137368471172797
PHK,CAC1C_1974_1986,0.6137368471172797
PIM,CAC1C_1974_1986,0.6137368471172797
PKCA,CAC1C_1974_1986,0.6137368471172797
PKD,CAC1C_1974_1986,0.6137368471172797
PKG,CAC1C_1974_1986,0.6137368471172797
QIK,CAC1C_1974_1986,0.6137368471172797
RAD53,CAC1C_1974_1986,0.6137368471172797
RIPK,CAC1C_1974_1986,0.6137368471172797
RSK,CAC1C_1974_1986,0.6137368471172797
VRK2,CAC1C_1974_1986,0.6137368471172797
AKT,CD27_212_224,-0.16669197887606688
BARK1,CD27_212_224,-0.16669197887606688
CDK,CD27_212_224,-0.16669197887606688
DMPK,CD27_212_224,-0.16669197887606688
ERK,CD27_212_224,-0.16669197887606688
IKK,CD27_212_224,-0.16669197887606688
JNK,CD27_212_224,-0.16669197887606688
P38,CD27_212_224,-0.16669197887606688
PDHK,CD27_212_224,-0.16669197887606688
PEK,CD27_212_224,-0.16669197887606688
PHK,CD27_212_224,-0.16669197887606688
PIM,CD27_212_224,-0.16669197887606688
PKCA,CD27_212_224,-0.16669197887606688
PKD,CD27_212_224,-0.16669197887606688
QIK,CD27_212_224,-0.16669197887606688
RSK,CD27_212_224,-0.16669197887606688
VRK2,CD27_212_224,-0.16669197887606688
BARK1,CDC2_154_169,0.00648402292955937
CDK,CDC2_154_169,0.00648402292955937
COT,CDC2_154_169,0.00648402292955937
PEK,CDC2_154_169,0.00648402292955937
PKG,CDC2_154_169,0.00648402292955937
RSK,CDC2_154_169,0.00648402292955937
STE7,CDC2_154_169,0.00648402292955937
VRK2,CDC2_154_169,0.00648402292955937
BARK1,CDK7_163_175,-0.05708637447965614
CDK,CDK7_163_175,-0.05708637447965614
DMPK,CDK7_163_175,-0.05708637447965614
DYRK,CDK7_163_175,-0.05708637447965614
FRAY,CDK7_163_175,-0.05708637447965614
JNK,CDK7_163_175,-0.05708637447965614
MAPKAPK,CDK7_163_175,-0.05708637447965614
MST,CDK7_163_175,-0.05708637447965614
MTOR,CDK7_163_175,-0.05708637447965614
P38,CDK7_163_175,-0.05708637447965614
PDK1,CDK7_163_175,-0.05708637447965614
PEK,CDK7_163_175,-0.05708637447965614
PHK,CDK7_163_175,-0.05708637447965614
PIM,CDK7_163_175,-0.05708637447965614
PKCA,CDK7_163_175,-0.05708637447965614
PKCI,CDK7_163_175,-0.05708637447965614
PRKDC,CDK7_163_175,-0.05708637447965614
QIK,CDK7_163_175,-0.05708637447965614
STE7,CDK7_163_175,-0.05708637447965614
VRK2,CDK7_163_175,-0.05708637447965614
AKT,CDN1A_139_151,0.2524613174526215
BARK1,CDN1A_139_151,0.2524613174526215
CDK,CDN1A_139_151,0.2524613174526215
DAPK,CDN1A_139_151,0.2524613174526215
DMPK,CDN1A_139_151,0.2524613174526215
IKK,CDN1A_139_151,0.2524613174526215
MELK,CDN1A_139_151,0.2524613174526215
NDR,CDN1A_139_151,0.2524613174526215
PEK,CDN1A_139_151,0.2524613174526215
PHK,CDN1A_139_151,0.2524613174526215
PIM,CDN1A_139_151,0.2524613174526215
PKCA,CDN1A_139_151,0.2524613174526215
PKD,CDN1A_139_151,0.2524613174526215
RIPK,CDN1A_139_151,0.2524613174526215
RSK,CDN1A_139_151,0.2524613174526215
STE7,CDN1A_139_151,0.2524613174526215
VRK2,CDN1A_139_151,0.2524613174526215
AUR,CENPA_1_14,0.02430025387713316
BARK1,CENPA_1_14,0.02430025387713316
DMPK,CENPA_1_14,0.02430025387713316
MAPKAPK,CENPA_1_14,0.02430025387713316
PIM,CENPA_1_14,0.02430025387713316
PKCA,CENPA_1_14,0.02430025387713316
PKG,CENPA_1_14,0.02430025387713316
VRK2,CENPA_1_14,0.02430025387713316
AMPK,CFTR_730_742,0.9243249736719816
BARK1,CFTR_730_742,0.9243249736719816
CAMK2,CFTR_730_742,0.9243249736719816
CDK,CFTR_730_742,0.9243249736719816
DAPK,CFTR_730_742,0.9243249736719816
DYRK,CFTR_730_742,0.9243249736719816
GRK,CFTR_730_742,0.9243249736719816
IKK,CFTR_730_742,0.9243249736719816
MAPKAPK,CFTR_730_742,0.9243249736719816
PAKA,CFTR_730_742,0.9243249736719816
PDHK,CFTR_730_742,0.9243249736719816
PEK,CFTR_730_742,0.9243249736719816
PHK,CFTR_730_742,0.9243249736719816
PKA,CFTR_730_742,0.9243249736719816
PKCA,CFTR_730_742,0.9243249736719816
PKD,CFTR_730_742,0.9243249736719816
PKG,CFTR_730_742,0.9243249736719816
QIK,CFTR_730_742,0.9243249736719816
RAD53,CFTR_730_742,0.9243249736719816
RSK,CFTR_730_742,0.9243249736719816
VRK2,CFTR_730_742,0.9243249736719816
AKT,CGHB_109_121,0.4648311314936002
BARK1,CGHB_109_121,0.4648311314936002
CAMK2,CGHB_109_121,0.4648311314936002
DMPK,CGHB_109_121,0.4648311314936002
IKK,CGHB_109_121,0.4648311314936002
MTOR,CGHB_109_121,0.4648311314936002
PDHK,CGHB_109_121,0.4648311314936002
PDK1,CGHB_109_121,0.4648311314936002
PEK,CGHB_109_121,0.4648311314936002
PKA,CGHB_109_121,0.4648311314936002
PKCA,CGHB_109_121,0.4648311314936002
PKG,CGHB_109_121,0.4648311314936002
RSK,CGHB_109_121,0.4648311314936002
VRK2,CGHB_109_121,0.4648311314936002
AMPK,CREB1_126_138,0.4383131696895036
ATM,CREB1_126_138,0.4383131696895036
BARK1,CREB1_126_138,0.4383131696895036
CAMK1,CREB1_126_138,0.4383131696895036
CAMK2,CREB1_126_138,0.4383131696895036
COT,CREB1_126_138,0.4383131696895036
DMPK,CREB1_126_138,0.4383131696895036
DYRK,CREB1_126_138,0.4383131696895036
GSK,CREB1_126_138,0.4383131696895036
MAPKAPK,CREB1_126_138,0.4383131696895036
PDHK,CREB1_126_138,0.4383131696895036
PHK,CREB1_126_138,0.4383131696895036
PIM,CREB1_126_138,0.4383131696895036
PKA,CREB1_126_138,0.4383131696895036
PKCA,CREB1_126_138,0.4383131696895036
PKCD,CREB1_126_138,0.4383131696895036
PKCH,CREB1_126_138,0.4383131696895036
PKD,CREB1_126_138,0.4383131696895036
QIK,CREB1_126_138,0.4383131696895036
RAD53,CREB1_126_138,0.4383131696895036
RSK,CREB1_126_138,0.4383131696895036
SGK,CREB1_126_138,0.4383131696895036
VRK2,CREB1_126_138,0.4383131696895036
AMPK,CSF1R_701_713,0.463254741709702
BARK1,CSF1R_701_713,0.463254741709702
CDK,CSF1R_701_713,0.463254741709702
CK1,CSF1R_701_713,0.463254741709702
DMPK,CSF1R_701_713,0.463254741709702
PDHK,CSF1R_701_713,0.463254741709702
PEK,CSF1R_701_713,0.463254741709702
PIM,CSF1R_701_713,0.463254741709702
PKA,CSF1R_701_713,0.463254741709702
PKCA,CSF1R_701_713,0.463254741709702
PKG,CSF1R_701_713,0.463254741709702
RSK,CSF1R_701_713,0.463254741709702
VRK2,CSF1R_701_713,0.463254741709702
AMPK,DESP_2842_2854,0.5397726460411265
BARK1,DESP_2842_2854,0.5397726460411265
CAMK1,DESP_2842_2854,0.5397726460411265
CDK,DESP_2842_2854,0.5397726460411265
CK1,DESP_2842_2854,0.5397726460411265
DMPK,DESP_2842_2854,0.5397726460411265
GSK,DESP_2842_2854,0.5397726460411265
IKK,DESP_2842_2854,0.5397726460411265
MAPKAPK,DESP_2842_2854,0.5397726460411265
P38,DESP_2842_2854,0.5397726460411265
PDHK,DESP_2842_2854,0.5397726460411265
PDK1,DESP_2842_2854,0.5397726460411265
PEK,DESP_2842_2854,0.5397726460411265
PHK,DESP_2842_2854,0.5397726460411265
PIM,DESP_2842_2854,0.5397726460411265
PKA,DESP_2842_2854,0.5397726460411265
PKCA,DESP_2842_2854,0.5397726460411265
PKG,DESP_2842_2854,0.5397726460411265
QIK,DESP_2842_2854,0.5397726460411265
RIPK,DESP_2842_2854,0.5397726460411265
RSK,DESP_2842_2854,0.5397726460411265
SGK,DESP_2842_2854,0.5397726460411265
STE11,DESP_2842_2854,0.5397726460411265
STE7,DESP_2842_2854,0.5397726460411265
VRK2,DESP_2842_2854,0.5397726460411265
BARK1,EPB42_241_253,0.5123559309586782
DMPK,EPB42_241_253,0.5123559309586782
PHK,EPB42_241_253,0.5123559309586782
PIM,EPB42_241_253,0.5123559309586782
PKA,EPB42_241_253,0.5123559309586782
PKCA,EPB42_241_253,0.5123559309586782
PKG,EPB42_241_253,0.5123559309586782
RAD53,EPB42_241_253,0.5123559309586782
RSK,EPB42_241_253,0.5123559309586782
VRK2,EPB42_241_253,0.5123559309586782
BARK1,ERBB2_679_691,-0.03920312752739126
DMPK,ERBB2_679_691,-0.03920312752739126
PHK,ERBB2_679_691,-0.03920312752739126
PIM,ERBB2_679_691,-0.03920312752739126
PKA,ERBB2_679_691,-0.03920312752739126
PKCA,ERBB2_679_691,-0.03920312752739126
PKCD,ERBB2_679_691,-0.03920312752739126
PKCH,ERBB2_679_691,-0.03920312752739126
PKG,ERBB2_679_691,-0.03920312752739126
RSK,ERBB2_679_691,-0.03920312752739126
VRK2,ERBB2_679_691,-0.03920312752739126
BARK1,ERF_519_531,0.06282945261564343
CDK,ERF_519_531,0.06282945261564343
CHK1,ERF_519_531,0.06282945261564343
DAPK,ERF_519_531,0.06282945261564343
DMPK,ERF_519_531,0.06282945261564343
DYRK,ERF_519_531,0.06282945261564343
ERK,ERF_519_531,0.06282945261564343
IRAK,ERF_519_531,0.06282945261564343
MST,ERF_519_531,0.06282945261564343
P38,ERF_519_531,0.06282945261564343
PDK1,ERF_519_531,0.06282945261564343
PEK,ERF_519_531,0.06282945261564343
PIM,ERF_519_531,0.06282945261564343
PKA,ERF_519_531,0.06282945261564343
PKCA,ERF_519_531,0.06282945261564343
PKG,ERF_519_531,0.06282945261564343
RAD53,ERF_519_531,0.06282945261564343
RSK,ERF_519_531,0.06282945261564343
VRK2,ERF_519_531,0.06282945261564343
AKT,ESR1_160_172,0.23408196773683976
AUR,ESR1_160_172,0.23408196773683976
BARK1,ESR1_160_172,0.23408196773683976
CK2,ESR1_160_172,0.23408196773683976
DMPK,ESR1_160_172,0.23408196773683976
IKK,ESR1_160_172,0.23408196773683976
PEK,ESR1_160_172,0.23408196773683976
PHK,ESR1_160_172,0.23408196773683976
PIM,ESR1_160_172,0.23408196773683976
PKCA,ESR1_160_172,0.23408196773683976
RSK,ESR1_160_172,0.23408196773683976
STE11,ESR1_160_172,0.23408196773683976
STE7,ESR1_160_172,0.23408196773683976
VRK2,ESR1_160_172,0.23408196773683976
BARK1,FIBA_569_581,-0.12199863049625304
CDK,FIBA_569_581,-0.12199863049625304
CK1,FIBA_569_581,-0.12199863049625304
DAPK,FIBA_569_581,-0.12199863049625304
DMPK,FIBA_569_581,-0.12199863049625304
ERK,FIBA_569_581,-0.12199863049625304
GSK,FIBA_569_581,-0.12199863049625304
HAL,FIBA_569_581,-0.12199863049625304
IKK,FIBA_569_581,-0.12199863049625304
JNK,FIBA_569_581,-0.12199863049625304
MLCK,FIBA_569_581,-0.12199863049625304
MST,FIBA_569_581,-0.12199863049625304
PDHK,FIBA_569_581,-0.12199863049625304
PEK,FIBA_569_581,-0.12199863049625304
PHK,FIBA_569_581,-0.12199863049625304
PIM,FIBA_569_581,-0.12199863049625304
PKA,FIBA_569_581,-0.12199863049625304
PKCA,FIBA_569_581,-0.12199863049625304
PKG,FIBA_569_581,-0.12199863049625304
PLK,FIBA_569_581,-0.12199863049625304
QIK,FIBA_569_581,-0.12199863049625304
RAF,FIBA_569_581,-0.12199863049625304
RIPK,FIBA_569_581,-0.12199863049625304
RSK,FIBA_569_581,-0.12199863049625304
SGK,FIBA_569_581,-0.12199863049625304
STE7,FIBA_569_581,-0.12199863049625304
VRK2,FIBA_569_581,-0.12199863049625304
AKT,FOXO3_25_37,-0.1674170818939403
BARK1,FOXO3_25_37,-0.1674170818939403
CDK,FOXO3_25_37,-0.1674170818939403
ERK,FOXO3_25_37,-0.1674170818939403
MAPKAPK,FOXO3_25_37,-0.1674170818939403
P38,FOXO3_25_37,-0.1674170818939403
PHK,FOXO3_25_37,-0.1674170818939403
PIM,FOXO3_25_37,-0.1674170818939403
PKCA,FOXO3_25_37,-0.1674170818939403
QIK,FOXO3_25_37,-0.1674170818939403
RAF,FOXO3_25_37,-0.1674170818939403
RSK,FOXO3_25_37,-0.1674170818939403
SGK,FOXO3_25_37,-0.1674170818939403
VRK2,FOXO3_25_37,-0.1674170818939403
AKT,FRAP_2443_2455,0.01106967909112525
AMPK,FRAP_2443_2455,0.01106967909112525
BARK1,FRAP_2443_2455,0.01106967909112525
CK1,FRAP_2443_2455,0.01106967909112525
DAPK,FRAP_2443_2455,0.01106967909112525
DMPK,FRAP_2443_2455,0.01106967909112525
MAPKAPK,FRAP_2443_2455,0.01106967909112525
MELK,FRAP_2443_2455,0.01106967909112525
MLK,FRAP_2443_2455,0.01106967909112525
MSN,FRAP_2443_2455,0.01106967909112525
MTOR,FRAP_2443_2455,0.01106967909112525
NEK,FRAP_2443_2455,0.01106967909112525
PDHK,FRAP_2443_2455,0.01106967909112525
PDK1,FRAP_2443_2455,0.01106967909112525
PEK,FRAP_2443_2455,0.01106967909112525
PHK,FRAP_2443_2455,0.01106967909112525
PIM,FRAP_2443_2455,0.01106967909112525
PKA,FRAP_2443_2455,0.01106967909112525
PKCA,FRAP_2443_2455,0.01106967909112525
QIK,FRAP_2443_2455,0.01106967909112525
RSK,FRAP_2443_2455,0.01106967909112525
SGK,FRAP_2443_2455,0.01106967909112525
TAO,FRAP_2443_2455,0.01106967909112525
VRK2,FRAP_2443_2455,0.01106967909112525
AKT,GPR6_349_361,-0.08681523385444123
BARK1,GPR6_349_361,-0.08681523385444123
CDK,GPR6_349_361,-0.08681523385444123
CK1,GPR6_349_361,-0.08681523385444123
DMPK,GPR6_349_361,-0.08681523385444123
DYRK,GPR6_349_361,-0.08681523385444123
ERK,GPR6_349_361,-0.08681523385444123
IKK,GPR6_349_361,-0.08681523385444123
JNK,GPR6_349_361,-0.08681523385444123
MAPKAPK,GPR6_349_361,-0.08681523385444123
MELK,GPR6_349_361,-0.08681523385444123
P38,GPR6_349_361,-0.08681523385444123
PDK1,GPR6_349_361,-0.08681523385444123
PEK,GPR6_349_361,-0.08681523385444123
PHK,GPR6_349_361,-0.08681523385444123
PKCA,GPR6_349_361,-0.08681523385444123
QIK,GPR6_349_361,-0.08681523385444123
RAF,GPR6_349_361,-0.08681523385444123
RSK,GPR6_349_361,-0.08681523385444123
SGK,GPR6_349_361,-0.08681523385444123
VRK2,GPR6_349_361,-0.08681523385444123
AMPK,GPSM2_394_406,0.5908216844504279
BARK1,GPSM2_394_406,0.5908216844504279
CAMK1,GPSM2_394_406,0.5908216844504279
CHK1,GPSM2_394_406,0.5908216844504279
DMPK,GPSM2_394_406,0.5908216844504279
IKK,GPSM2_394_406,0.5908216844504279
MAPKAPK,GPSM2_394_406,0.5908216844504279
MARK,GPSM2_394_406,0.5908216844504279
PHK,GPSM2_394_406,0.5908216844504279
PKCA,GPSM2_394_406,0.5908216844504279
PKD,GPSM2_394_406,0.5908216844504279
VRK2,GPSM2_394_406,0.5908216844504279
BARK1,GSUB_61_73,-0.15471255950627297
CDK,GSUB_61_73,-0.15471255950627297
DAPK,GSUB_61_73,-0.15471255950627297
DMPK,GSUB_61_73,-0.15471255950627297
DYRK,GSUB_61_73,-0.15471255950627297
ERK,GSUB_61_73,-0.15471255950627297
PDK1,GSUB_61_73,-0.15471255950627297
PHK,GSUB_61_73,-0.15471255950627297
PKA,GSUB_61_73,-0.15471255950627297
PKG,GSUB_61_73,-0.15471255950627297
PLK,GSUB_61_73,-0.15471255950627297
VRK2,GSUB_61_73,-0.15471255950627297
AKT,GYS2_1_13,-0.02893004833426597
BARK1,GYS2_1_13,-0.02893004833426597
CDK,GYS2_1_13,-0.02893004833426597
DMPK,GYS2_1_13,-0.02893004833426597
IKK,GYS2_1_13,-0.02893004833426597
MAPKAPK,GYS2_1_13,-0.02893004833426597
MTOR,GYS2_1_13,-0.02893004833426597
PEK,GYS2_1_13,-0.02893004833426597
PHK,GYS2_1_13,-0.02893004833426597
PKA,GYS2_1_13,-0.02893004833426597
PKCA,GYS2_1_13,-0.02893004833426597
QIK,GYS2_1_13,-0.02893004833426597
RSK,GYS2_1_13,-0.02893004833426597
SGK,GYS2_1_13,-0.02893004833426597
VRK2,GYS2_1_13,-0.02893004833426597
AKT,H2B1B_ 27_40,-0.05838698897843297
AMPK,H2B1B_ 27_40,-0.05838698897843297
BARK1,H2B1B_ 27_40,-0.05838698897843297
CAMK1,H2B1B_ 27_40,-0.05838698897843297
CDK,H2B1B_ 27_40,-0.05838698897843297
COT,H2B1B_ 27_40,-0.05838698897843297
DAPK,H2B1B_ 27_40,-0.05838698897843297
DMPK,H2B1B_ 27_40,-0.05838698897843297
IKK,H2B1B_ 27_40,-0.05838698897843297
MLK,H2B1B_ 27_40,-0.05838698897843297
MST,H2B1B_ 27_40,-0.05838698897843297
PAKA,H2B1B_ 27_40,-0.05838698897843297
PAKB,H2B1B_ 27_40,-0.05838698897843297
PDHK,H2B1B_ 27_40,-0.05838698897843297
PEK,H2B1B_ 27_40,-0.05838698897843297
PHK,H2B1B_ 27_40,-0.05838698897843297
PIM,H2B1B_ 27_40,-0.05838698897843297
PKA,H2B1B_ 27_40,-0.05838698897843297
PKCA,H2B1B_ 27_40,-0.05838698897843297
PKCH,H2B1B_ 27_40,-0.05838698897843297
PKD,H2B1B_ 27_40,-0.05838698897843297
PKG,H2B1B_ 27_40,-0.05838698897843297
PLK,H2B1B_ 27_40,-0.05838698897843297
QIK,H2B1B_ 27_40,-0.05838698897843297
RAD53,H2B1B_ 27_40,-0.05838698897843297
RSK,H2B1B_ 27_40,-0.05838698897843297
SGK,H2B1B_ 27_40,-0.05838698897843297
VRK2,H2B1B_ 27_40,-0.05838698897843297
AMPK,H32_3_18,-0.02966587048967669
ATR,H32_3_18,-0.02966587048967669
AUR,H32_3_18,-0.02966587048967669
BARK1,H32_3_18,-0.02966587048967669
DAPK,H32_3_18,-0.02966587048967669
DMPK,H32_3_18,-0.02966587048967669
DYRK,H32_3_18,-0.02966587048967669
MLK,H32_3_18,-0.02966587048967669
MST,H32_3_18,-0.02966587048967669
MTOR,H32_3_18,-0.02966587048967669
PHK,H32_3_18,-0.02966587048967669
PIM,H32_3_18,-0.02966587048967669
PKCA,H32_3_18,-0.02966587048967669
PKCD,H32_3_18,-0.02966587048967669
PRKDC,H32_3_18,-0.02966587048967669
QIK,H32_3_18,-0.02966587048967669
RAD53,H32_3_18,-0.02966587048967669
RSK,H32_3_18,-0.02966587048967669
STE7,H32_3_18,-0.02966587048967669
VRK1,H32_3_18,-0.02966587048967669
VRK2,H32_3_18,-0.02966587048967669
BARK1,IF4E_203_215,-0.16648583407526582
CDK,IF4E_203_215,-0.16648583407526582
DMPK,IF4E_203_215,-0.16648583407526582
ERK,IF4E_203_215,-0.16648583407526582
GRK,IF4E_203_215,-0.16648583407526582
IKK,IF4E_203_215,-0.16648583407526582
LKB,IF4E_203_215,-0.16648583407526582
MAPKAPK,IF4E_203_215,-0.16648583407526582
MLK,IF4E_203_215,-0.16648583407526582
P38,IF4E_203_215,-0.16648583407526582
PEK,IF4E_203_215,-0.16648583407526582
PKCA,IF4E_203_215,-0.16648583407526582
QIK,IF4E_203_215,-0.16648583407526582
RIPK,IF4E_203_215,-0.16648583407526582
STKR,IF4E_203_215,-0.16648583407526582
VRK1,IF4E_203_215,-0.16648583407526582
VRK2,IF4E_203_215,-0.16648583407526582
BARK1,KAP2_92_104,0.5229444916291769
CDK,KAP2_92_104,0.5229444916291769
CK2,KAP2_92_104,0.5229444916291769
DMPK,KAP2_92_104,0.5229444916291769
ERK,KAP2_92_104,0.5229444916291769
GSK,KAP2_92_104,0.5229444916291769
MAPKAPK,KAP2_92_104,0.5229444916291769
PDHK,KAP2_92_104,0.5229444916291769
PEK,KAP2_92_104,0.5229444916291769
PHK,KAP2_92_104,0.5229444916291769
PIM,KAP2_92_104,0.5229444916291769
PKA,KAP2_92_104,0.5229444916291769
PKCA,KAP2_92_104,0.5229444916291769
PKD,KAP2_92_104,0.5229444916291769
PKG,KAP2_92_104,0.5229444916291769
QIK,KAP2_92_104,0.5229444916291769
RIPK,KAP2_92_104,0.5229444916291769
RSK,KAP2_92_104,0.5229444916291769
VRK2,KAP2_92_104,0.5229444916291769
AKT,KAP3_107_119,0.6501086534452464
AUR,KAP3_107_119,0.6501086534452464
BARK1,KAP3_107_119,0.6501086534452464
DMPK,KAP3_107_119,0.6501086534452464
MAPKAPK,KAP3_107_119,0.6501086534452464
PDHK,KAP3_107_119,0.6501086534452464
PHK,KAP3_107_119,0.6501086534452464
PKA,KAP3_107_119,0.6501086534452464
PKCA,KAP3_107_119,0.6501086534452464
RIPK,KAP3_107_119,0.6501086534452464
VRK2,KAP3_107_119,0.6501086534452464
BARK1,KAPCG_192_206,0.14212240785379365
CAMK2,KAPCG_192_206,0.14212240785379365
CDK,KAPCG_192_206,0.14212240785379365
DMPK,KAPCG_192_206,0.14212240785379365
DYRK,KAPCG_192_206,0.14212240785379365
ERK,KAPCG_192_206,0.14212240785379365
GSK,KAPCG_192_206,0.14212240785379365
IKK,KAPCG_192_206,0.14212240785379365
IRAK,KAPCG_192_206,0.14212240785379365
LKB,KAPCG_192_206,0.14212240785379365
MELK,KAPCG_192_206,0.14212240785379365
MST,KAPCG_192_206,0.14212240785379365
MTOR,KAPCG_192_206,0.14212240785379365
PDHK,KAPCG_192_206,0.14212240785379365
PDK1,KAPCG_192_206,0.14212240785379365
PHK,KAPCG_192_206,0.14212240785379365
PIM,KAPCG_192_206,0.14212240785379365
PKCH,KAPCG_192_206,0.14212240785379365
VRK2,KAPCG_192_206,0.14212240785379365
BARK1,KCC2G_278_289,-0.00780153958327112
CAMK2,KCC2G_278_289,-0.00780153958327112
CDK,KCC2G_278_289,-0.00780153958327112
CK1,KCC2G_278_289,-0.00780153958327112
MAPKAPK,KCC2G_278_289,-0.00780153958327112
MELK,KCC2G_278_289,-0.00780153958327112
MLCK,KCC2G_278_289,-0.00780153958327112
PEK,KCC2G_278_289,-0.00780153958327112
PHK,KCC2G_278_289,-0.00780153958327112
PIM,KCC2G_278_289,-0.00780153958327112
PKCA,KCC2G_278_289,-0.00780153958327112
PKCI,KCC2G_278_289,-0.00780153958327112
PLK,KCC2G_278_289,-0.00780153958327112
QIK,KCC2G_278_289,-0.00780153958327112
RSK,KCC2G_278_289,-0.00780153958327112
SGK,KCC2G_278_289,-0.00780153958327112
VRK2,KCC2G_278_289,-0.00780153958327112
AKT,KCNA1_438_450,0.714384802113354
AMPK,KCNA1_438_450,0.714384802113354
BARK1,KCNA1_438_450,0.714384802113354
CAMK1,KCNA1_438_450,0.714384802113354
CDK,KCNA1_438_450,0.714384802113354
CK1,KCNA1_438_450,0.714384802113354
DAPK,KCNA1_438_450,0.714384802113354
DMPK,KCNA1_438_450,0.714384802113354
ERK,KCNA1_438_450,0.714384802113354
GRK,KCNA1_438_450,0.714384802113354
IKK,KCNA1_438_450,0.714384802113354
JNK,KCNA1_438_450,0.714384802113354
MAPKAPK,KCNA1_438_450,0.714384802113354
MELK,KCNA1_438_450,0.714384802113354
NEK,KCNA1_438_450,0.714384802113354
P38,KCNA1_438_450,0.714384802113354
PDHK,KCNA1_438_450,0.714384802113354
PEK,KCNA1_438_450,0.714384802113354
PHK,KCNA1_438_450,0.714384802113354
PKA,KCNA1_438_450,0.714384802113354
PKCA,KCNA1_438_450,0.714384802113354
PKD,KCNA1_438_450,0.714384802113354
PLK,KCNA1_438_450,0.714384802113354
QIK,KCNA1_438_450,0.714384802113354
RAD53,KCNA1_438_450,0.714384802113354
RIPK,KCNA1_438_450,0.714384802113354
RSK,KCNA1_438_450,0.714384802113354
SGK,KCNA1_438_450,0.714384802113354
STE7,KCNA1_438_450,0.714384802113354
STKR,KCNA1_438_450,0.714384802113354
VRK2,KCNA1_438_450,0.714384802113354
AKT,KCNA2_442_454,0.16191178299391082
AMPK,KCNA2_442_454,0.16191178299391082
BARK1,KCNA2_442_454,0.16191178299391082
CAMK1,KCNA2_442_454,0.16191178299391082
CAMK2,KCNA2_442_454,0.16191178299391082
CDK,KCNA2_442_454,0.16191178299391082
CHK1,KCNA2_442_454,0.16191178299391082
CK1,KCNA2_442_454,0.16191178299391082
DMPK,KCNA2_442_454,0.16191178299391082
IKK,KCNA2_442_454,0.16191178299391082
JNK,KCNA2_442_454,0.16191178299391082
MAPKAPK,KCNA2_442_454,0.16191178299391082
NEK,KCNA2_442_454,0.16191178299391082
P38,KCNA2_442_454,0.16191178299391082
PDHK,KCNA2_442_454,0.16191178299391082
PEK,KCNA2_442_454,0.16191178299391082
PHK,KCNA2_442_454,0.16191178299391082
PIM,KCNA2_442_454,0.16191178299391082
PKCA,KCNA2_442_454,0.16191178299391082
PKD,KCNA2_442_454,0.16191178299391082
QIK,KCNA2_442_454,0.16191178299391082
RAD53,KCNA2_442_454,0.16191178299391082
RIPK,KCNA2_442_454,0.16191178299391082
RSK,KCNA2_442_454,0.16191178299391082
SGK,KCNA2_442_454,0.16191178299391082
STKR,KCNA2_442_454,0.16191178299391082
VRK2,KCNA2_442_454,0.16191178299391082
AKT,KCNA3_461_473,0.11483277485164724
AMPK,KCNA3_461_473,0.11483277485164724
BARK1,KCNA3_461_473,0.11483277485164724
CAMK1,KCNA3_461_473,0.11483277485164724
CDK,KCNA3_461_473,0.11483277485164724
CHK1,KCNA3_461_473,0.11483277485164724
CK1,KCNA3_461_473,0.11483277485164724
DMPK,KCNA3_461_473,0.11483277485164724
IKK,KCNA3_461_473,0.11483277485164724
JNK,KCNA3_461_473,0.11483277485164724
KHS,KCNA3_461_473,0.11483277485164724
MAPKAPK,KCNA3_461_473,0.11483277485164724
MARK,KCNA3_461_473,0.11483277485164724
MST,KCNA3_461_473,0.11483277485164724
P38,KCNA3_461_473,0.11483277485164724
PAKA,KCNA3_461_473,0.11483277485164724
PDHK,KCNA3_461_473,0.11483277485164724
PDK1,KCNA3_461_473,0.11483277485164724
PEK,KCNA3_461_473,0.11483277485164724
PHK,KCNA3_461_473,0.11483277485164724
PKA,KCNA3_461_473,0.11483277485164724
PKCA,KCNA3_461_473,0.11483277485164724
PKD,KCNA3_461_473,0.11483277485164724
PKG,KCNA3_461_473,0.11483277485164724
PLK,KCNA3_461_473,0.11483277485164724
QIK,KCNA3_461_473,0.11483277485164724
RAD53,KCNA3_461_473,0.11483277485164724
RSK,KCNA3_461_473,0.11483277485164724
STE7,KCNA3_461_473,0.11483277485164724
VRK2,KCNA3_461_473,0.11483277485164724
AMPK,KCNB1_489_501,-0.07718630086853265
BARK1,KCNB1_489_501,-0.07718630086853265
CAMK1,KCNB1_489_501,-0.07718630086853265
CAMK2,KCNB1_489_501,-0.07718630086853265
CDK,KCNB1_489_501,-0.07718630086853265
CHK1,KCNB1_489_501,-0.07718630086853265
CK1,KCNB1_489_501,-0.07718630086853265
CK2,KCNB1_489_501,-0.07718630086853265
DAPK,KCNB1_489_501,-0.07718630086853265
DMPK,KCNB1_489_501,-0.07718630086853265
GRK,KCNB1_489_501,-0.07718630086853265
IKK,KCNB1_489_501,-0.07718630086853265
MAPKAPK,KCNB1_489_501,-0.07718630086853265
MELK,KCNB1_489_501,-0.07718630086853265
MLCK,KCNB1_489_501,-0.07718630086853265
MLK,KCNB1_489_501,-0.07718630086853265
MST,KCNB1_489_501,-0.07718630086853265
NAK,KCNB1_489_501,-0.07718630086853265
NEK,KCNB1_489_501,-0.07718630086853265
PDHK,KCNB1_489_501,-0.07718630086853265
PEK,KCNB1_489_501,-0.07718630086853265
PHK,KCNB1_489_501,-0.07718630086853265
PIM,KCNB1_489_501,-0.07718630086853265
PKA,KCNB1_489_501,-0.07718630086853265
PKCA,KCNB1_489_501,-0.07718630086853265
PKCD,KCNB1_489_501,-0.07718630086853265
PKD,KCNB1_489_501,-0.07718630086853265
QIK,KCNB1_489_501,-0.07718630086853265
RIPK,KCNB1_489_501,-0.07718630086853265
RSK,KCNB1_489_501,-0.07718630086853265
SGK,KCNB1_489_501,-0.07718630086853265
STE7,KCNB1_489_501,-0.07718630086853265
STKR,KCNB1_489_501,-0.07718630086853265
VRK2,KCNB1_489_501,-0.07718630086853265
BARK1,KIF2C_105_118_S106G,-0.0520150100832127
CAMK2,KIF2C_105_118_S106G,-0.0520150100832127
CDK,KIF2C_105_118_S106G,-0.0520150100832127
DMPK,KIF2C_105_118_S106G,-0.0520150100832127
FRAY,KIF2C_105_118_S106G,-0.0520150100832127
IKK,KIF2C_105_118_S106G,-0.0520150100832127
MELK,KIF2C_105_118_S106G,-0.0520150100832127
NEK,KIF2C_105_118_S106G,-0.0520150100832127
PAKA,KIF2C_105_118_S106G,-0.0520150100832127
PDHK,KIF2C_105_118_S106G,-0.0520150100832127
PEK,KIF2C_105_118_S106G,-0.0520150100832127
PHK,KIF2C_105_118_S106G,-0.0520150100832127
PKCA,KIF2C_105_118_S106G,-0.0520150100832127
PKD,KIF2C_105_118_S106G,-0.0520150100832127
QIK,KIF2C_105_118_S106G,-0.0520150100832127
RIPK,KIF2C_105_118_S106G,-0.0520150100832127
RSK,KIF2C_105_118_S106G,-0.0520150100832127
VRK2,KIF2C_105_118_S106G,-0.0520150100832127
BARK1,KPB1_1011_1023,0.8478807142007915
CDK,KPB1_1011_1023,0.8478807142007915
CK1,KPB1_1011_1023,0.8478807142007915
DMPK,KPB1_1011_1023,0.8478807142007915
IKK,KPB1_1011_1023,0.8478807142007915
P38,KPB1_1011_1023,0.8478807142007915
PAKA,KPB1_1011_1023,0.8478807142007915
PDHK,KPB1_1011_1023,0.8478807142007915
PEK,KPB1_1011_1023,0.8478807142007915
PHK,KPB1_1011_1023,0.8478807142007915
PIM,KPB1_1011_1023,0.8478807142007915
PKA,KPB1_1011_1023,0.8478807142007915
PKCA,KPB1_1011_1023,0.8478807142007915
PKD,KPB1_1011_1023,0.8478807142007915
RIPK,KPB1_1011_1023,0.8478807142007915
RSK,KPB1_1011_1023,0.8478807142007915
SGK,KPB1_1011_1023,0.8478807142007915
VRK2,KPB1_1011_1023,0.8478807142007915
BARK1,KS6A1_374_386,-0.08560078417484422
COT,KS6A1_374_386,-0.08560078417484422
FRAY,KS6A1_374_386,-0.08560078417484422
MAPKAPK,KS6A1_374_386,-0.08560078417484422
MSN,KS6A1_374_386,-0.08560078417484422
MTOR,KS6A1_374_386,-0.08560078417484422
PDHK,KS6A1_374_386,-0.08560078417484422
PDK1,KS6A1_374_386,-0.08560078417484422
PEK,KS6A1_374_386,-0.08560078417484422
PHK,KS6A1_374_386,-0.08560078417484422
PIM,KS6A1_374_386,-0.08560078417484422
PKCA,KS6A1_374_386,-0.08560078417484422
RAD53,KS6A1_374_386,-0.08560078417484422
RSK,KS6A1_374_386,-0.08560078417484422
STE7,KS6A1_374_386,-0.08560078417484422
VRK2,KS6A1_374_386,-0.08560078417484422
AMPK,LIPS_944_956,0.5858443771354386
ATR,LIPS_944_956,0.5858443771354386
BARK1,LIPS_944_956,0.5858443771354386
CDK,LIPS_944_956,0.5858443771354386
DMPK,LIPS_944_956,0.5858443771354386
ERK,LIPS_944_956,0.5858443771354386
NDR,LIPS_944_956,0.5858443771354386
PDHK,LIPS_944_956,0.5858443771354386
PEK,LIPS_944_956,0.5858443771354386
PIM,LIPS_944_956,0.5858443771354386
PKA,LIPS_944_956,0.5858443771354386
PKCA,LIPS_944_956,0.5858443771354386
PKG,LIPS_944_956,0.5858443771354386
PRKDC,LIPS_944_956,0.5858443771354386
RAF,LIPS_944_956,0.5858443771354386
RSK,LIPS_944_956,0.5858443771354386
STE7,LIPS_944_956,0.5858443771354386
VRK2,LIPS_944_956,0.5858443771354386
BARK1,LMNB1_16_28,-0.26785156037171315
CDK,LMNB1_16_28,-0.26785156037171315
DMPK,LMNB1_16_28,-0.26785156037171315
DYRK,LMNB1_16_28,-0.26785156037171315
ERK,LMNB1_16_28,-0.26785156037171315
GSK,LMNB1_16_28,-0.26785156037171315
IKK,LMNB1_16_28,-0.26785156037171315
IRAK,LMNB1_16_28,-0.26785156037171315
JNK,LMNB1_16_28,-0.26785156037171315
MLK,LMNB1_16_28,-0.26785156037171315
NMO,LMNB1_16_28,-0.26785156037171315
P38,LMNB1_16_28,-0.26785156037171315
PDK1,LMNB1_16_28,-0.26785156037171315
PEK,LMNB1_16_28,-0.26785156037171315
PIM,LMNB1_16_28,-0.26785156037171315
PKCA,LMNB1_16_28,-0.26785156037171315
PKG,LMNB1_16_28,-0.26785156037171315
RSK,LMNB1_16_28,-0.26785156037171315
STE7,LMNB1_16_28,-0.26785156037171315
VRK2,LMNB1_16_28,-0.26785156037171315
BARK1,MARCS_152_164,-0.11369285281601282
CDK,MARCS_152_164,-0.11369285281601282
DAPK,MARCS_152_164,-0.11369285281601282
DMPK,MARCS_152_164,-0.11369285281601282
ERK,MARCS_152_164,-0.11369285281601282
JNK,MARCS_152_164,-0.11369285281601282
P38,MARCS_152_164,-0.11369285281601282
PAKA,MARCS_152_164,-0.11369285281601282
PDHK,MARCS_152_164,-0.11369285281601282
PDK1,MARCS_152_164,-0.11369285281601282
PEK,MARCS_152_164,-0.11369285281601282
PHK,MARCS_152_164,-0.11369285281601282
PKA,MARCS_152_164,-0.11369285281601282
PKCA,MARCS_152_164,-0.11369285281601282
PKCH,MARCS_152_164,-0.11369285281601282
PKCI,MARCS_152_164,-0.11369285281601282
PKD,MARCS_152_164,-0.11369285281601282
PKG,MARCS_152_164,-0.11369285281601282
PKN,MARCS_152_164,-0.11369285281601282
RAD53,MARCS_152_164,-0.11369285281601282
VRK2,MARCS_152_164,-0.11369285281601282
BARK1,MARCS_160_172,-0.16975308480208126
CDK,MARCS_160_172,-0.16975308480208126
DMPK,MARCS_160_172,-0.16975308480208126
ERK,MARCS_160_172,-0.16975308480208126
JNK,MARCS_160_172,-0.16975308480208126
MLK,MARCS_160_172,-0.16975308480208126
P38,MARCS_160_172,-0.16975308480208126
PDHK,MARCS_160_172,-0.16975308480208126
PDK1,MARCS_160_172,-0.16975308480208126
PEK,MARCS_160_172,-0.16975308480208126
PKCA,MARCS_160_172,-0.16975308480208126
RAD53,MARCS_160_172,-0.16975308480208126
RIPK,MARCS_160_172,-0.16975308480208126
VRK2,MARCS_160_172,-0.16975308480208126
BARK1,MBP_222_234,-0.1271362527622406
CDK,MBP_222_234,-0.1271362527622406
DYRK,MBP_222_234,-0.1271362527622406
ERK,MBP_222_234,-0.1271362527622406
GSK,MBP_222_234,-0.1271362527622406
JNK,MBP_222_234,-0.1271362527622406
MTOR,MBP_222_234,-0.1271362527622406
PDK1,MBP_222_234,-0.1271362527622406
PEK,MBP_222_234,-0.1271362527622406
VRK2,MBP_222_234,-0.1271362527622406
BARK1,MP2K1_287_299,-0.0811371488181069
CDK,MP2K1_287_299,-0.0811371488181069
DMPK,MP2K1_287_299,-0.0811371488181069
DYRK,MP2K1_287_299,-0.0811371488181069
ERK,MP2K1_287_299,-0.0811371488181069
JNK,MP2K1_287_299,-0.0811371488181069
MAPKAPK,MP2K1_287_299,-0.0811371488181069
P38,MP2K1_287_299,-0.0811371488181069
PAKA,MP2K1_287_299,-0.0811371488181069
PDHK,MP2K1_287_299,-0.0811371488181069
PDK1,MP2K1_287_299,-0.0811371488181069
PEK,MP2K1_287_299,-0.0811371488181069
PHK,MP2K1_287_299,-0.0811371488181069
PIM,MP2K1_287_299,-0.0811371488181069
PKCA,MP2K1_287_299,-0.0811371488181069
PKD,MP2K1_287_299,-0.0811371488181069
STE7,MP2K1_287_299,-0.0811371488181069
VRK2,MP2K1_287_299,-0.0811371488181069
ATR,MPIP1_172_184,-0.02317585395792469
BARK1,MPIP1_172_184,-0.02317585395792469
CHK1,MPIP1_172_184,-0.02317585395792469
DMPK,MPIP1_172_184,-0.02317585395792469
MAPKAPK,MPIP1_172_184,-0.02317585395792469
PHK,MPIP1_172_184,-0.02317585395792469
PIM,MPIP1_172_184,-0.02317585395792469
PKCA,MPIP1_172_184,-0.02317585395792469
PRKDC,MPIP1_172_184,-0.02317585395792469
QIK,MPIP1_172_184,-0.02317585395792469
RAD53,MPIP1_172_184,-0.02317585395792469
RAF,MPIP1_172_184,-0.02317585395792469
RSK,MPIP1_172_184,-0.02317585395792469
VRK2,MPIP1_172_184,-0.02317585395792469
BARK1,MPIP3_208_220,0.04303902661294589
BRSK,MPIP3_208_220,0.04303902661294589
CAMK1,MPIP3_208_220,0.04303902661294589
CDK,MPIP3_208_220,0.04303902661294589
CHK1,MPIP3_208_220,0.04303902661294589
DMPK,MPIP3_208_220,0.04303902661294589
DYRK,MPIP3_208_220,0.04303902661294589
ERK,MPIP3_208_220,0.04303902661294589
IKK,MPIP3_208_220,0.04303902661294589
JNK,MPIP3_208_220,0.04303902661294589
MAPKAPK,MPIP3_208_220,0.04303902661294589
MARK,MPIP3_208_220,0.04303902661294589
MELK,MPIP3_208_220,0.04303902661294589
P38,MPIP3_208_220,0.04303902661294589
PDK1,MPIP3_208_220,0.04303902661294589
PEK,MPIP3_208_220,0.04303902661294589
PHK,MPIP3_208_220,0.04303902661294589
PKCA,MPIP3_208_220,0.04303902661294589
QIK,MPIP3_208_220,0.04303902661294589
RAD53,MPIP3_208_220,0.04303902661294589
RIPK,MPIP3_208_220,0.04303902661294589
VRK2,MPIP3_208_220,0.04303902661294589
AUR,MYPC3_268_280,0.6147102494521365
BARK1,MYPC3_268_280,0.6147102494521365
DMPK,MYPC3_268_280,0.6147102494521365
IKK,MYPC3_268_280,0.6147102494521365
MLK,MYPC3_268_280,0.6147102494521365
MTOR,MYPC3_268_280,0.6147102494521365
PEK,MYPC3_268_280,0.6147102494521365
PHK,MYPC3_268_280,0.6147102494521365
PKA,MYPC3_268_280,0.6147102494521365
PKCA,MYPC3_268_280,0.6147102494521365
PKG,MYPC3_268_280,0.6147102494521365
QIK,MYPC3_268_280,0.6147102494521365
RIPK,MYPC3_268_280,0.6147102494521365
RSK,MYPC3_268_280,0.6147102494521365
VRK2,MYPC3_268_280,0.6147102494521365
BARK1,NCF1_296_308,0.3799205047376919
BARK2,NCF1_296_308,0.3799205047376919
AKT,NCF1_296_308,0.3799205047376919
DMPK,NCF1_296_308,0.3799205047376919
IKK,NCF1_296_308,0.3799205047376919
MELK,NCF1_296_308,0.3799205047376919
NEK,NCF1_296_308,0.3799205047376919
PAKA,NCF1_296_308,0.3799205047376919
PEK,NCF1_296_308,0.3799205047376919
PHK,NCF1_296_308,0.3799205047376919
PIM,NCF1_296_308,0.3799205047376919
PKA,NCF1_296_308,0.3799205047376919
PKCA,NCF1_296_308,0.3799205047376919
PKCD,NCF1_296_308,0.3799205047376919
PKCH,NCF1_296_308,0.3799205047376919
PKCI,NCF1_296_308,0.3799205047376919
PKD,NCF1_296_308,0.3799205047376919
VRK2,NCF1_296_308,0.3799205047376919
AKT,NCF1_321_333,0.6622427879376023
BARK1,NCF1_321_333,0.6622427879376023
DMPK,NCF1_321_333,0.6622427879376023
IRAK,NCF1_321_333,0.6622427879376023
PHK,NCF1_321_333,0.6622427879376023
PKA,NCF1_321_333,0.6622427879376023
PKCA,NCF1_321_333,0.6622427879376023
PKCD,NCF1_321_333,0.6622427879376023
QIK,NCF1_321_333,0.6622427879376023
VRK2,NCF1_321_333,0.6622427879376023
BARK1,NEK2_172_184,-0.16587989880945417
CAMK1,NEK2_172_184,-0.16587989880945417
CAMK2,NEK2_172_184,-0.16587989880945417
CDK,NEK2_172_184,-0.16587989880945417
DYRK,NEK2_172_184,-0.16587989880945417
ERK,NEK2_172_184,-0.16587989880945417
FRAY,NEK2_172_184,-0.16587989880945417
LKB,NEK2_172_184,-0.16587989880945417
MELK,NEK2_172_184,-0.16587989880945417
MST,NEK2_172_184,-0.16587989880945417
MTOR,NEK2_172_184,-0.16587989880945417
NEK,NEK2_172_184,-0.16587989880945417
P38,NEK2_172_184,-0.16587989880945417
PDHK,NEK2_172_184,-0.16587989880945417
PDK1,NEK2_172_184,-0.16587989880945417
PEK,NEK2_172_184,-0.16587989880945417
PKCA,NEK2_172_184,-0.16587989880945417
PKCH,NEK2_172_184,-0.16587989880945417
RSK,NEK2_172_184,-0.16587989880945417
STE11,NEK2_172_184,-0.16587989880945417
STE7,NEK2_172_184,-0.16587989880945417
VRK2,NEK2_172_184,-0.16587989880945417
BARK1,NEK3_158_170,-0.20762045684897917
CAMK2,NEK3_158_170,-0.20762045684897917
DYRK,NEK3_158_170,-0.20762045684897917
ERK,NEK3_158_170,-0.20762045684897917
LKB,NEK3_158_170,-0.20762045684897917
MST,NEK3_158_170,-0.20762045684897917
NEK,NEK3_158_170,-0.20762045684897917
PDHK,NEK3_158_170,-0.20762045684897917
PDK1,NEK3_158_170,-0.20762045684897917
PEK,NEK3_158_170,-0.20762045684897917
PKCH,NEK3_158_170,-0.20762045684897917
STE11,NEK3_158_170,-0.20762045684897917
STE7,NEK3_158_170,-0.20762045684897917
VRK2,NEK3_158_170,-0.20762045684897917
BARK1,NFKB1_330_342,0.6971658182479379
CDK,NFKB1_330_342,0.6971658182479379
DMPK,NFKB1_330_342,0.6971658182479379
IKK,NFKB1_330_342,0.6971658182479379
MAPKAPK,NFKB1_330_342,0.6971658182479379
PAKA,NFKB1_330_342,0.6971658182479379
PDHK,NFKB1_330_342,0.6971658182479379
PEK,NFKB1_330_342,0.6971658182479379
PIM,NFKB1_330_342,0.6971658182479379
PKA,NFKB1_330_342,0.6971658182479379
PKCA,NFKB1_330_342,0.6971658182479379
PKG,NFKB1_330_342,0.6971658182479379
PLK,NFKB1_330_342,0.6971658182479379
STE7,NFKB1_330_342,0.6971658182479379
VRK2,NFKB1_330_342,0.6971658182479379
BARK1,NMDZ1_890_902,0.16982209623787745
AKT,NMDZ1_890_902,0.16982209623787745
AMPK,NMDZ1_890_902,0.16982209623787745
AUR,NMDZ1_890_902,0.16982209623787745
CAMK1,NMDZ1_890_902,0.16982209623787745
CDK,NMDZ1_890_902,0.16982209623787745
CHK1,NMDZ1_890_902,0.16982209623787745
DAPK,NMDZ1_890_902,0.16982209623787745
DMPK,NMDZ1_890_902,0.16982209623787745
FRAY,NMDZ1_890_902,0.16982209623787745
GRK,NMDZ1_890_902,0.16982209623787745
IKK,NMDZ1_890_902,0.16982209623787745
MELK,NMDZ1_890_902,0.16982209623787745
MLK,NMDZ1_890_902,0.16982209623787745
MSN,NMDZ1_890_902,0.16982209623787745
MST,NMDZ1_890_902,0.16982209623787745
MTOR,NMDZ1_890_902,0.16982209623787745
PAKA,NMDZ1_890_902,0.16982209623787745
PDHK,NMDZ1_890_902,0.16982209623787745
PDK1,NMDZ1_890_902,0.16982209623787745
PEK,NMDZ1_890_902,0.16982209623787745
PHK,NMDZ1_890_902,0.16982209623787745
PIM,NMDZ1_890_902,0.16982209623787745
PKA,NMDZ1_890_902,0.16982209623787745
PKCA,NMDZ1_890_902,0.16982209623787745
PKCI,NMDZ1_890_902,0.16982209623787745
PKD,NMDZ1_890_902,0.16982209623787745
PKG,NMDZ1_890_902,0.16982209623787745
PLK,NMDZ1_890_902,0.16982209623787745
QIK,NMDZ1_890_902,0.16982209623787745
RAD53,NMDZ1_890_902,0.16982209623787745
RAF,NMDZ1_890_902,0.16982209623787745
RIPK,NMDZ1_890_902,0.16982209623787745
RSK,NMDZ1_890_902,0.16982209623787745
SGK,NMDZ1_890_902,0.16982209623787745
STE7,NMDZ1_890_902,0.16982209623787745
VRK2,NMDZ1_890_902,0.16982209623787745
AKT,NOS3_1171_1183,-0.04198314035232187
AMPK,NOS3_1171_1183,-0.04198314035232187
BARK1,NOS3_1171_1183,-0.04198314035232187
CDK,NOS3_1171_1183,-0.04198314035232187
CK1,NOS3_1171_1183,-0.04198314035232187
DMPK,NOS3_1171_1183,-0.04198314035232187
MELK,NOS3_1171_1183,-0.04198314035232187
PDHK,NOS3_1171_1183,-0.04198314035232187
PDK1,NOS3_1171_1183,-0.04198314035232187
PEK,NOS3_1171_1183,-0.04198314035232187
PHK,NOS3_1171_1183,-0.04198314035232187
PIM,NOS3_1171_1183,-0.04198314035232187
PKA,NOS3_1171_1183,-0.04198314035232187
PKCA,NOS3_1171_1183,-0.04198314035232187
PKG,NOS3_1171_1183,-0.04198314035232187
QIK,NOS3_1171_1183,-0.04198314035232187
RAD53,NOS3_1171_1183,-0.04198314035232187
RIPK,NOS3_1171_1183,-0.04198314035232187
RSK,NOS3_1171_1183,-0.04198314035232187
SGK,NOS3_1171_1183,-0.04198314035232187
VRK2,NOS3_1171_1183,-0.04198314035232187
AKT,NR4A1_344_356,-0.14657948876996615
BARK1,NR4A1_344_356,-0.14657948876996615
CDK,NR4A1_344_356,-0.14657948876996615
DMPK,NR4A1_344_356,-0.14657948876996615
PHK,NR4A1_344_356,-0.14657948876996615
PIM,NR4A1_344_356,-0.14657948876996615
PKA,NR4A1_344_356,-0.14657948876996615
PKCA,NR4A1_344_356,-0.14657948876996615
RAF,NR4A1_344_356,-0.14657948876996615
RSK,NR4A1_344_356,-0.14657948876996615
VRK2,NR4A1_344_356,-0.14657948876996615
AUR,P53_308_323,-0.22012009638238972
BARK1,P53_308_323,-0.22012009638238972
CAMK1,P53_308_323,-0.22012009638238972
CDK,P53_308_323,-0.22012009638238972
DYRK,P53_308_323,-0.22012009638238972
ERK,P53_308_323,-0.22012009638238972
IKK,P53_308_323,-0.22012009638238972
JNK,P53_308_323,-0.22012009638238972
P38,P53_308_323,-0.22012009638238972
PKCA,P53_308_323,-0.22012009638238972
PLK,P53_308_323,-0.22012009638238972
QIK,P53_308_323,-0.22012009638238972
STE7,P53_308_323,-0.22012009638238972
VRK2,P53_308_323,-0.22012009638238972
AUR,PLEK_106_118,0.05300873286257138
BARK1,PLEK_106_118,0.05300873286257138
CDK,PLEK_106_118,0.05300873286257138
CK1,PLEK_106_118,0.05300873286257138
DMPK,PLEK_106_118,0.05300873286257138
MST,PLEK_106_118,0.05300873286257138
PEK,PLEK_106_118,0.05300873286257138
PKCA,PLEK_106_118,0.05300873286257138
PKCD,PLEK_106_118,0.05300873286257138
PKCH,PLEK_106_118,0.05300873286257138
PLK,PLEK_106_118,0.05300873286257138
VRK2,PLEK_106_118,0.05300873286257138
BARK1,PLM_76_88,0.397599264454857
CDK,PLM_76_88,0.397599264454857
DMPK,PLM_76_88,0.397599264454857
IKK,PLM_76_88,0.397599264454857
PAKA,PLM_76_88,0.397599264454857
PDHK,PLM_76_88,0.397599264454857
PDK1,PLM_76_88,0.397599264454857
PEK,PLM_76_88,0.397599264454857
PIM,PLM_76_88,0.397599264454857
PKA,PLM_76_88,0.397599264454857
PKCA,PLM_76_88,0.397599264454857
PKD,PLM_76_88,0.397599264454857
PKG,PLM_76_88,0.397599264454857
PLK,PLM_76_88,0.397599264454857
RAD53,PLM_76_88,0.397599264454857
RIPK,PLM_76_88,0.397599264454857
RSK,PLM_76_88,0.397599264454857
STE7,PLM_76_88,0.397599264454857
VRK2,PLM_76_88,0.397599264454857
EGFR,PP2AB_297_309,0.01352212764895632
CSK,PP2AB_297_309,0.01352212764895632
TEC,PP2AB_297_309,0.01352212764895632
PDGFR,PP2AB_297_309,0.01352212764895632
SYK,PP2AB_297_309,0.01352212764895632
AXL,PP2AB_297_309,0.01352212764895632
VEGFR,PP2AB_297_309,0.01352212764895632
BARK1,PP2AB_297_309,0.01352212764895632
BARK2,PP2AB_297_309,0.01352212764895632
CDK,PP2AB_297_309,0.01352212764895632
DYRK,PP2AB_297_309,0.01352212764895632
JNK,PP2AB_297_309,0.01352212764895632
VRK2,PP2AB_297_309,0.01352212764895632
AKT,PPR1A_28_40,0.01589388485818421
BARK1,PPR1A_28_40,0.01589388485818421
CDK,PPR1A_28_40,0.01589388485818421
DAPK,PPR1A_28_40,0.01589388485818421
DMPK,PPR1A_28_40,0.01589388485818421
DYRK,PPR1A_28_40,0.01589388485818421
GSK,PPR1A_28_40,0.01589388485818421
JNK,PPR1A_28_40,0.01589388485818421
P38,PPR1A_28_40,0.01589388485818421
PDK1,PPR1A_28_40,0.01589388485818421
PEK,PPR1A_28_40,0.01589388485818421
PHK,PPR1A_28_40,0.01589388485818421
PKA,PPR1A_28_40,0.01589388485818421
RSK,PPR1A_28_40,0.01589388485818421
VRK2,PPR1A_28_40,0.01589388485818421
ATR,PRKDC_2618_2630,-0.24302929170446705
BARK1,PRKDC_2618_2630,-0.24302929170446705
BARK2,PRKDC_2618_2630,-0.24302929170446705
CK1,PRKDC_2618_2630,-0.24302929170446705
DMPK,PRKDC_2618_2630,-0.24302929170446705
IKK,PRKDC_2618_2630,-0.24302929170446705
MELK,PRKDC_2618_2630,-0.24302929170446705
MLK,PRKDC_2618_2630,-0.24302929170446705
MTOR,PRKDC_2618_2630,-0.24302929170446705
NEK,PRKDC_2618_2630,-0.24302929170446705
P38,PRKDC_2618_2630,-0.24302929170446705
PHK,PRKDC_2618_2630,-0.24302929170446705
PIM,PRKDC_2618_2630,-0.24302929170446705
PKA,PRKDC_2618_2630,-0.24302929170446705
PKCA,PRKDC_2618_2630,-0.24302929170446705
PKG,PRKDC_2618_2630,-0.24302929170446705
PRKDC,PRKDC_2618_2630,-0.24302929170446705
PLK,PRKDC_2618_2630,-0.24302929170446705
QIK,PRKDC_2618_2630,-0.24302929170446705
SGK,PRKDC_2618_2630,-0.24302929170446705
STE7,PRKDC_2618_2630,-0.24302929170446705
VRK2,PRKDC_2618_2630,-0.24302929170446705
AKT,PTK6_436_448,0.5560937992318156
BARK1,PTK6_436_448,0.5560937992318156
CAMK1,PTK6_436_448,0.5560937992318156
CDK,PTK6_436_448,0.5560937992318156
CK1,PTK6_436_448,0.5560937992318156
DMPK,PTK6_436_448,0.5560937992318156
MAPKAPK,PTK6_436_448,0.5560937992318156
MELK,PTK6_436_448,0.5560937992318156
P38,PTK6_436_448,0.5560937992318156
PAKA,PTK6_436_448,0.5560937992318156
PDHK,PTK6_436_448,0.5560937992318156
PDK1,PTK6_436_448,0.5560937992318156
PEK,PTK6_436_448,0.5560937992318156
PHK,PTK6_436_448,0.5560937992318156
PIM,PTK6_436_448,0.5560937992318156
PKA,PTK6_436_448,0.5560937992318156
PKCA,PTK6_436_448,0.5560937992318156
PKCD,PTK6_436_448,0.5560937992318156
PKCI,PTK6_436_448,0.5560937992318156
PKD,PTK6_436_448,0.5560937992318156
PKG,PTK6_436_448,0.5560937992318156
QIK,PTK6_436_448,0.5560937992318156
RAD53,PTK6_436_448,0.5560937992318156
RSK,PTK6_436_448,0.5560937992318156
STE7,PTK6_436_448,0.5560937992318156
VRK2,PTK6_436_448,0.5560937992318156
BARK1,PTN12_32_44,0.4787914176371846
CDK,PTN12_32_44,0.4787914176371846
DMPK,PTN12_32_44,0.4787914176371846
FRAY,PTN12_32_44,0.4787914176371846
MAPKAPK,PTN12_32_44,0.4787914176371846
MLK,PTN12_32_44,0.4787914176371846
PAKA,PTN12_32_44,0.4787914176371846
PDHK,PTN12_32_44,0.4787914176371846
PEK,PTN12_32_44,0.4787914176371846
PHK,PTN12_32_44,0.4787914176371846
PIM,PTN12_32_44,0.4787914176371846
PKA,PTN12_32_44,0.4787914176371846
PKCA,PTN12_32_44,0.4787914176371846
PKCD,PTN12_32_44,0.4787914176371846
PKD,PTN12_32_44,0.4787914176371846
PKG,PTN12_32_44,0.4787914176371846
QIK,PTN12_32_44,0.4787914176371846
RAD53,PTN12_32_44,0.4787914176371846
RSK,PTN12_32_44,0.4787914176371846
VRK2,PTN12_32_44,0.4787914176371846
BARK1,RADI_559_569,-0.3971878774405552
COT,RADI_559_569,-0.3971878774405552
DMPK,RADI_559_569,-0.3971878774405552
MSN,RADI_559_569,-0.3971878774405552
MST,RADI_559_569,-0.3971878774405552
PHK,RADI_559_569,-0.3971878774405552
PIM,RADI_559_569,-0.3971878774405552
PKCA,RADI_559_569,-0.3971878774405552
SLK,RADI_559_569,-0.3971878774405552
VRK2,RADI_559_569,-0.3971878774405552
AKT,RAF1_253_265,0.01916871163777529
AMPK,RAF1_253_265,0.01916871163777529
BARK1,RAF1_253_265,0.01916871163777529
CAMK1,RAF1_253_265,0.01916871163777529
CDK,RAF1_253_265,0.01916871163777529
DAPK,RAF1_253_265,0.01916871163777529
DMPK,RAF1_253_265,0.01916871163777529
DYRK,RAF1_253_265,0.01916871163777529
ERK,RAF1_253_265,0.01916871163777529
JNK,RAF1_253_265,0.01916871163777529
MAPKAPK,RAF1_253_265,0.01916871163777529
MARK,RAF1_253_265,0.01916871163777529
NDR,RAF1_253_265,0.01916871163777529
P38,RAF1_253_265,0.01916871163777529
PAKA,RAF1_253_265,0.01916871163777529
PDK1,RAF1_253_265,0.01916871163777529
PHK,RAF1_253_265,0.01916871163777529
PKA,RAF1_253_265,0.01916871163777529
PKCA,RAF1_253_265,0.01916871163777529
QIK,RAF1_253_265,0.01916871163777529
RAF,RAF1_253_265,0.01916871163777529
RIPK,RAF1_253_265,0.01916871163777529
RSK,RAF1_253_265,0.01916871163777529
SGK,RAF1_253_265,0.01916871163777529
VRK2,RAF1_253_265,0.01916871163777529
AKT,RAP1B_172_184,-0.05138118924311612
AMPK,RAP1B_172_184,-0.05138118924311612
BARK1,RAP1B_172_184,-0.05138118924311612
CDK,RAP1B_172_184,-0.05138118924311612
DMPK,RAP1B_172_184,-0.05138118924311612
IKK,RAP1B_172_184,-0.05138118924311612
MAPKAPK,RAP1B_172_184,-0.05138118924311612
PDHK,RAP1B_172_184,-0.05138118924311612
PEK,RAP1B_172_184,-0.05138118924311612
PHK,RAP1B_172_184,-0.05138118924311612
PIM,RAP1B_172_184,-0.05138118924311612
PKA,RAP1B_172_184,-0.05138118924311612
PKCA,RAP1B_172_184,-0.05138118924311612
PKG,RAP1B_172_184,-0.05138118924311612
QIK,RAP1B_172_184,-0.05138118924311612
RAD53,RAP1B_172_184,-0.05138118924311612
RSK,RAP1B_172_184,-0.05138118924311612
VRK2,RAP1B_172_184,-0.05138118924311612
BARK1,RBL2_655_667,-0.03815627802927413
CDK,RBL2_655_667,-0.03815627802927413
CK1,RBL2_655_667,-0.03815627802927413
DMPK,RBL2_655_667,-0.03815627802927413
DYRK,RBL2_655_667,-0.03815627802927413
ERK,RBL2_655_667,-0.03815627802927413
FRAY,RBL2_655_667,-0.03815627802927413
GSK,RBL2_655_667,-0.03815627802927413
IKK,RBL2_655_667,-0.03815627802927413
JNK,RBL2_655_667,-0.03815627802927413
MAPKAPK,RBL2_655_667,-0.03815627802927413
MELK,RBL2_655_667,-0.03815627802927413
MTOR,RBL2_655_667,-0.03815627802927413
NEK,RBL2_655_667,-0.03815627802927413
P38,RBL2_655_667,-0.03815627802927413
PDK1,RBL2_655_667,-0.03815627802927413
PEK,RBL2_655_667,-0.03815627802927413
PHK,RBL2_655_667,-0.03815627802927413
PIM,RBL2_655_667,-0.03815627802927413
PKCA,RBL2_655_667,-0.03815627802927413
PKD,RBL2_655_667,-0.03815627802927413
PLK,RBL2_655_667,-0.03815627802927413
QIK,RBL2_655_667,-0.03815627802927413
RAD53,RBL2_655_667,-0.03815627802927413
RAF,RBL2_655_667,-0.03815627802927413
RIPK,RBL2_655_667,-0.03815627802927413
STE7,RBL2_655_667,-0.03815627802927413
VRK2,RBL2_655_667,-0.03815627802927413
BARK1,RB_242_254,-0.1451302674611134
CDK,RB_242_254,-0.1451302674611134
DYRK,RB_242_254,-0.1451302674611134
ERK,RB_242_254,-0.1451302674611134
IRAK,RB_242_254,-0.1451302674611134
P38,RB_242_254,-0.1451302674611134
PDK1,RB_242_254,-0.1451302674611134
PEK,RB_242_254,-0.1451302674611134
PKCA,RB_242_254,-0.1451302674611134
PLK,RB_242_254,-0.1451302674611134
VRK2,RB_242_254,-0.1451302674611134
ATR,RB_350_362,-0.1729188055389018
BARK1,RB_350_362,-0.1729188055389018
CDK,RB_350_362,-0.1729188055389018
DMPK,RB_350_362,-0.1729188055389018
DYRK,RB_350_362,-0.1729188055389018
PDHK,RB_350_362,-0.1729188055389018
PDK1,RB_350_362,-0.1729188055389018
PEK,RB_350_362,-0.1729188055389018
PHK,RB_350_362,-0.1729188055389018
PIM,RB_350_362,-0.1729188055389018
PKCA,RB_350_362,-0.1729188055389018
PRKDC,RB_350_362,-0.1729188055389018
QIK,RB_350_362,-0.1729188055389018
RSK,RB_350_362,-0.1729188055389018
VRK2,RB_350_362,-0.1729188055389018
BARK1,RB_803_815,-0.1690154725407007
CDK,RB_803_815,-0.1690154725407007
CK1,RB_803_815,-0.1690154725407007
DYRK,RB_803_815,-0.1690154725407007
ERK,RB_803_815,-0.1690154725407007
JNK,RB_803_815,-0.1690154725407007
QIK,RB_803_815,-0.1690154725407007
VRK2,RB_803_815,-0.1690154725407007
BARK1,REL_260_272,0.7865484265257813
CDK,REL_260_272,0.7865484265257813
CK1,REL_260_272,0.7865484265257813
DMPK,REL_260_272,0.7865484265257813
MAPKAPK,REL_260_272,0.7865484265257813
MARK,REL_260_272,0.7865484265257813
PAKA,REL_260_272,0.7865484265257813
PEK,REL_260_272,0.7865484265257813
PIM,REL_260_272,0.7865484265257813
PKCA,REL_260_272,0.7865484265257813
PKD,REL_260_272,0.7865484265257813
PKG,REL_260_272,0.7865484265257813
PLK,REL_260_272,0.7865484265257813
RSK,REL_260_272,0.7865484265257813
STE7,REL_260_272,0.7865484265257813
VRK2,REL_260_272,0.7865484265257813
AKT,RS6_228_240,0.5376010556589348
BARK1,RS6_228_240,0.5376010556589348
CAMK1,RS6_228_240,0.5376010556589348
CDK,RS6_228_240,0.5376010556589348
DAPK,RS6_228_240,0.5376010556589348
DMPK,RS6_228_240,0.5376010556589348
IKK,RS6_228_240,0.5376010556589348
MAPKAPK,RS6_228_240,0.5376010556589348
MELK,RS6_228_240,0.5376010556589348
PAKA,RS6_228_240,0.5376010556589348
PASK,RS6_228_240,0.5376010556589348
PDHK,RS6_228_240,0.5376010556589348
PEK,RS6_228_240,0.5376010556589348
PHK,RS6_228_240,0.5376010556589348
PIM,RS6_228_240,0.5376010556589348
PKA,RS6_228_240,0.5376010556589348
PKCA,RS6_228_240,0.5376010556589348
PKCD,RS6_228_240,0.5376010556589348
PKCI,RS6_228_240,0.5376010556589348
PKD,RS6_228_240,0.5376010556589348
PKG,RS6_228_240,0.5376010556589348
QIK,RS6_228_240,0.5376010556589348
RIPK,RS6_228_240,0.5376010556589348
RSK,RS6_228_240,0.5376010556589348
SGK,RS6_228_240,0.5376010556589348
VRK2,RS6_228_240,0.5376010556589348
BARK1,RYR1_4317_4329,0.28160145465580744
DMPK,RYR1_4317_4329,0.28160145465580744
PHK,RYR1_4317_4329,0.28160145465580744
PIM,RYR1_4317_4329,0.28160145465580744
PKA,RYR1_4317_4329,0.28160145465580744
PKCA,RYR1_4317_4329,0.28160145465580744
PKCH,RYR1_4317_4329,0.28160145465580744
PKG,RYR1_4317_4329,0.28160145465580744
RSK,RYR1_4317_4329,0.28160145465580744
VRK2,RYR1_4317_4329,0.28160145465580744
BARK1,SCN7A_898_910,0.6960463516977647
DMPK,SCN7A_898_910,0.6960463516977647
HAL,SCN7A_898_910,0.6960463516977647
IKK,SCN7A_898_910,0.6960463516977647
PHK,SCN7A_898_910,0.6960463516977647
PKA,SCN7A_898_910,0.6960463516977647
PKCA,SCN7A_898_910,0.6960463516977647
PKG,SCN7A_898_910,0.6960463516977647
RIPK,SCN7A_898_910,0.6960463516977647
RSK,SCN7A_898_910,0.6960463516977647
VRK2,SCN7A_898_910,0.6960463516977647
AUR,STK6_283_295,0.3845378934547335
BARK1,STK6_283_295,0.3845378934547335
CAMK1,STK6_283_295,0.3845378934547335
CAMK2,STK6_283_295,0.3845378934547335
CDK,STK6_283_295,0.3845378934547335
DMPK,STK6_283_295,0.3845378934547335
FRAY,STK6_283_295,0.3845378934547335
IKK,STK6_283_295,0.3845378934547335
IRAK,STK6_283_295,0.3845378934547335
LKB,STK6_283_295,0.3845378934547335
MELK,STK6_283_295,0.3845378934547335
MLK,STK6_283_295,0.3845378934547335
MTOR,STK6_283_295,0.3845378934547335
NDR,STK6_283_295,0.3845378934547335
NEK,STK6_283_295,0.3845378934547335
PAKA,STK6_283_295,0.3845378934547335
PDHK,STK6_283_295,0.3845378934547335
PDK1,STK6_283_295,0.3845378934547335
PEK,STK6_283_295,0.3845378934547335
PHK,STK6_283_295,0.3845378934547335
PKA,STK6_283_295,0.3845378934547335
PKCA,STK6_283_295,0.3845378934547335
PKCD,STK6_283_295,0.3845378934547335
PLK,STK6_283_295,0.3845378934547335
PRKDC,STK6_283_295,0.3845378934547335
QIK,STK6_283_295,0.3845378934547335
RAD53,STK6_283_295,0.3845378934547335
RSK,STK6_283_295,0.3845378934547335
STE7,STK6_283_295,0.3845378934547335
VRK2,STK6_283_295,0.3845378934547335
AKT,TAU_524_536,-0.06762163233677132
BARK1,TAU_524_536,-0.06762163233677132
CAMK1,TAU_524_536,-0.06762163233677132
CDK,TAU_524_536,-0.06762163233677132
DMPK,TAU_524_536,-0.06762163233677132
DYRK,TAU_524_536,-0.06762163233677132
ERK,TAU_524_536,-0.06762163233677132
GRK,TAU_524_536,-0.06762163233677132
GSK,TAU_524_536,-0.06762163233677132
IKK,TAU_524_536,-0.06762163233677132
JNK,TAU_524_536,-0.06762163233677132
MAPKAPK,TAU_524_536,-0.06762163233677132
MELK,TAU_524_536,-0.06762163233677132
MTOR,TAU_524_536,-0.06762163233677132
P38,TAU_524_536,-0.06762163233677132
PDK1,TAU_524_536,-0.06762163233677132
PEK,TAU_524_536,-0.06762163233677132
PHK,TAU_524_536,-0.06762163233677132
PIM,TAU_524_536,-0.06762163233677132
PKA,TAU_524_536,-0.06762163233677132
PKCA,TAU_524_536,-0.06762163233677132
PKD,TAU_524_536,-0.06762163233677132
PLK,TAU_524_536,-0.06762163233677132
QIK,TAU_524_536,-0.06762163233677132
RAF,TAU_524_536,-0.06762163233677132
RIPK,TAU_524_536,-0.06762163233677132
RSK,TAU_524_536,-0.06762163233677132
SGK,TAU_524_536,-0.06762163233677132
STE11,TAU_524_536,-0.06762163233677132
VRK2,TAU_524_536,-0.06762163233677132
AKT,TOP2A_1463_1475,0.5757347178400677
BARK1,TOP2A_1463_1475,0.5757347178400677
CDK,TOP2A_1463_1475,0.5757347178400677
CK1,TOP2A_1463_1475,0.5757347178400677
CK2,TOP2A_1463_1475,0.5757347178400677
DAPK,TOP2A_1463_1475,0.5757347178400677
DMPK,TOP2A_1463_1475,0.5757347178400677
IKK,TOP2A_1463_1475,0.5757347178400677
MLK,TOP2A_1463_1475,0.5757347178400677
NEK,TOP2A_1463_1475,0.5757347178400677
PAKA,TOP2A_1463_1475,0.5757347178400677
PEK,TOP2A_1463_1475,0.5757347178400677
PHK,TOP2A_1463_1475,0.5757347178400677
PIM,TOP2A_1463_1475,0.5757347178400677
PKA,TOP2A_1463_1475,0.5757347178400677
PKCA,TOP2A_1463_1475,0.5757347178400677
PKG,TOP2A_1463_1475,0.5757347178400677
PLK,TOP2A_1463_1475,0.5757347178400677
QIK,TOP2A_1463_1475,0.5757347178400677
RAD53,TOP2A_1463_1475,0.5757347178400677
RIPK,TOP2A_1463_1475,0.5757347178400677
RSK,TOP2A_1463_1475,0.5757347178400677
VRK2,TOP2A_1463_1475,0.5757347178400677
BARK1,TY3H_65_77,0.7748256003847741
CAMK2,TY3H_65_77,0.7748256003847741
MAPKAPK,TY3H_65_77,0.7748256003847741
PHK,TY3H_65_77,0.7748256003847741
PIM,TY3H_65_77,0.7748256003847741
PKA,TY3H_65_77,0.7748256003847741
PKCA,TY3H_65_77,0.7748256003847741
PKG,TY3H_65_77,0.7748256003847741
QIK,TY3H_65_77,0.7748256003847741
RIPK,TY3H_65_77,0.7748256003847741
RSK,TY3H_65_77,0.7748256003847741
VRK2,TY3H_65_77,0.7748256003847741
BARK1,VASP_150_162,0.8111912197920544
DMPK,VASP_150_162,0.8111912197920544
PHK,VASP_150_162,0.8111912197920544
PIM,VASP_150_162,0.8111912197920544
PKA,VASP_150_162,0.8111912197920544
PKCA,VASP_150_162,0.8111912197920544
PKD,VASP_150_162,0.8111912197920544
PKG,VASP_150_162,0.8111912197920544
RIPK,VASP_150_162,0.8111912197920544
RSK,VASP_150_162,0.8111912197920544
VRK2,VASP_150_162,0.8111912197920544
BARK1,VASP_232_244,-0.09716754305734612
CDK,VASP_232_244,-0.09716754305734612
DMPK,VASP_232_244,-0.09716754305734612
IKK,VASP_232_244,-0.09716754305734612
MAPKAPK,VASP_232_244,-0.09716754305734612
PHK,VASP_232_244,-0.09716754305734612
PIM,VASP_232_244,-0.09716754305734612
PKA,VASP_232_244,-0.09716754305734612
PKCA,VASP_232_244,-0.09716754305734612
PKCH,VASP_232_244,-0.09716754305734612
PKD,VASP_232_244,-0.09716754305734612
PKG,VASP_232_244,-0.09716754305734612
RIPK,VASP_232_244,-0.09716754305734612
RSK,VASP_232_244,-0.09716754305734612
VRK2,VASP_232_244,-0.09716754305734612
AKT,VASP_271_283,0.31508123480770794
ATR,VASP_271_283,0.31508123480770794
AMPK,VASP_271_283,0.31508123480770794
BARK1,VASP_271_283,0.31508123480770794
DMPK,VASP_271_283,0.31508123480770794
IKK,VASP_271_283,0.31508123480770794
PAKA,VASP_271_283,0.31508123480770794
PHK,VASP_271_283,0.31508123480770794
PIM,VASP_271_283,0.31508123480770794
PKA,VASP_271_283,0.31508123480770794
PKG,VASP_271_283,0.31508123480770794
RIPK,VASP_271_283,0.31508123480770794
RSK,VASP_271_283,0.31508123480770794
VRK2,VASP_271_283,0.31508123480770794
AKT,VTNC_390_402,0.6563591425892975
BARK1,VTNC_390_402,0.6563591425892975
CDK,VTNC_390_402,0.6563591425892975
DAPK,VTNC_390_402,0.6563591425892975
DMPK,VTNC_390_402,0.6563591425892975
PDHK,VTNC_390_402,0.6563591425892975
PEK,VTNC_390_402,0.6563591425892975
PHK,VTNC_390_402,0.6563591425892975
PKA,VTNC_390_402,0.6563591425892975
PKCA,VTNC_390_402,0.6563591425892975
QIK,VTNC_390_402,0.6563591425892975
RIPK,VTNC_390_402,0.6563591425892975
RSK,VTNC_390_402,0.6563591425892975
SGK,VTNC_390_402,0.6563591425892975
VRK2,VTNC_390_402,0.6563591425892975
BARK1,ACM1_444_456,-0.12876053680886348
CDK,ACM1_444_456,-0.12876053680886348
CK1,ACM1_444_456,-0.12876053680886348
DAPK,ACM1_444_456,-0.12876053680886348
DMPK,ACM1_444_456,-0.12876053680886348
DYRK,ACM1_444_456,-0.12876053680886348
ERK,ACM1_444_456,-0.12876053680886348
GSK,ACM1_444_456,-0.12876053680886348
IRAK,ACM1_444_456,-0.12876053680886348
JNK,ACM1_444_456,-0.12876053680886348
MLCK,ACM1_444_456,-0.12876053680886348
P38,ACM1_444_456,-0.12876053680886348
PDK1,ACM1_444_456,-0.12876053680886348
PEK,ACM1_444_456,-0.12876053680886348
PHK,ACM1_444_456,-0.12876053680886348
PIM,ACM1_444_456,-0.12876053680886348
PKCA,ACM1_444_456,-0.12876053680886348
RSK,ACM1_444_456,-0.12876053680886348
VRK2,ACM1_444_456,-0.12876053680886348
BARK1,ACM4_456_468,-0.1100707360430304
FRAY,ACM4_456_468,-0.1100707360430304
MELK,ACM4_456_468,-0.1100707360430304
PDHK,ACM4_456_468,-0.1100707360430304
PDK1,ACM4_456_468,-0.1100707360430304
PIM,ACM4_456_468,-0.1100707360430304
PKCA,ACM4_456_468,-0.1100707360430304
PKCH,ACM4_456_468,-0.1100707360430304
VRK2,ACM4_456_468,-0.1100707360430304
BARK1,ADDB_696_708,-0.10198928029738408
CDK,ADDB_696_708,-0.10198928029738408
CK1,ADDB_696_708,-0.10198928029738408
DMPK,ADDB_696_708,-0.10198928029738408
DYRK,ADDB_696_708,-0.10198928029738408
ERK,ADDB_696_708,-0.10198928029738408
GSK,ADDB_696_708,-0.10198928029738408
IKK,ADDB_696_708,-0.10198928029738408
JNK,ADDB_696_708,-0.10198928029738408
MELK,ADDB_696_708,-0.10198928029738408
MST,ADDB_696_708,-0.10198928029738408
NEK,ADDB_696_708,-0.10198928029738408
P38,ADDB_696_708,-0.10198928029738408
PDK1,ADDB_696_708,-0.10198928029738408
PEK,ADDB_696_708,-0.10198928029738408
PKCA,ADDB_696_708,-0.10198928029738408
PKCH,ADDB_696_708,-0.10198928029738408
PLK,ADDB_696_708,-0.10198928029738408
QIK,ADDB_696_708,-0.10198928029738408
RIPK,ADDB_696_708,-0.10198928029738408
STE7,ADDB_696_708,-0.10198928029738408
VRK1,ADDB_696_708,-0.10198928029738408
VRK2,ADDB_696_708,-0.10198928029738408
BARK1,ADDB_706_718,-0.14487917223399016
CDK,ADDB_706_718,-0.14487917223399016
CHK1,ADDB_706_718,-0.14487917223399016
DMPK,ADDB_706_718,-0.14487917223399016
DYRK,ADDB_706_718,-0.14487917223399016
ERK,ADDB_706_718,-0.14487917223399016
JNK,ADDB_706_718,-0.14487917223399016
MAPKAPK,ADDB_706_718,-0.14487917223399016
MST,ADDB_706_718,-0.14487917223399016
NEK,ADDB_706_718,-0.14487917223399016
P38,ADDB_706_718,-0.14487917223399016
PAKA,ADDB_706_718,-0.14487917223399016
PDHK,ADDB_706_718,-0.14487917223399016
PDK1,ADDB_706_718,-0.14487917223399016
PEK,ADDB_706_718,-0.14487917223399016
PHK,ADDB_706_718,-0.14487917223399016
PIM,ADDB_706_718,-0.14487917223399016
PKCA,ADDB_706_718,-0.14487917223399016
PLK,ADDB_706_718,-0.14487917223399016
RAD53,ADDB_706_718,-0.14487917223399016
RSK,ADDB_706_718,-0.14487917223399016
VRK2,ADDB_706_718,-0.14487917223399016
AKT,ADRB2_338_350,0.6061323177146258
BARK1,ADRB2_338_350,0.6061323177146258
CAMK1,ADRB2_338_350,0.6061323177146258
CDK,ADRB2_338_350,0.6061323177146258
CHK1,ADRB2_338_350,0.6061323177146258
DMPK,ADRB2_338_350,0.6061323177146258
GRK,ADRB2_338_350,0.6061323177146258
PAKA,ADRB2_338_350,0.6061323177146258
PKA,ADRB2_338_350,0.6061323177146258
PKCA,ADRB2_338_350,0.6061323177146258
PKCI,ADRB2_338_350,0.6061323177146258
PKG,ADRB2_338_350,0.6061323177146258
RAD53,ADRB2_338_350,0.6061323177146258
RSK,ADRB2_338_350,0.6061323177146258
VRK2,ADRB2_338_350,0.6061323177146258
AKT,ANDR_785_797,0.0958656133095325
ATR,ANDR_785_797,0.0958656133095325
BARK1,ANDR_785_797,0.0958656133095325
DMPK,ANDR_785_797,0.0958656133095325
PHK,ANDR_785_797,0.0958656133095325
PIM,ANDR_785_797,0.0958656133095325
PKA,ANDR_785_797,0.0958656133095325
PKD,ANDR_785_797,0.0958656133095325
RAF,ANDR_785_797,0.0958656133095325
RSK,ANDR_785_797,0.0958656133095325
VRK2,ANDR_785_797,0.0958656133095325
AKT,ANXA1_209_221,0.11570706027808372
BARK1,ANXA1_209_221,0.11570706027808372
DMPK,ANXA1_209_221,0.11570706027808372
PHK,ANXA1_209_221,0.11570706027808372
PKA,ANXA1_209_221,0.11570706027808372
PKCA,ANXA1_209_221,0.11570706027808372
PKG,ANXA1_209_221,0.11570706027808372
RSK,ANXA1_209_221,0.11570706027808372
VRK2,ANXA1_209_221,0.11570706027808372
AMPK,BAD_112_124,0.3644320778812092
BARK1,BAD_112_124,0.3644320778812092
CK1,BAD_112_124,0.3644320778812092
DMPK,BAD_112_124,0.3644320778812092
FRAY,BAD_112_124,0.3644320778812092
IRAK,BAD_112_124,0.3644320778812092
NEK,BAD_112_124,0.3644320778812092
PAKA,BAD_112_124,0.3644320778812092
PDHK,BAD_112_124,0.3644320778812092
PEK,BAD_112_124,0.3644320778812092
PHK,BAD_112_124,0.3644320778812092
PIM,BAD_112_124,0.3644320778812092
PKA,BAD_112_124,0.3644320778812092
PKCA,BAD_112_124,0.3644320778812092
PKCI,BAD_112_124,0.3644320778812092
PKD,BAD_112_124,0.3644320778812092
PKG,BAD_112_124,0.3644320778812092
QIK,BAD_112_124,0.3644320778812092
RAF,BAD_112_124,0.3644320778812092
RSK,BAD_112_124,0.3644320778812092
STE7,BAD_112_124,0.3644320778812092
VRK2,BAD_112_124,0.3644320778812092
AKT,BAD_69_81,-0.06171417225859758
BARK1,BAD_69_81,-0.06171417225859758
CDK,BAD_69_81,-0.06171417225859758
DMPK,BAD_69_81,-0.06171417225859758
ERK,BAD_69_81,-0.06171417225859758
MELK,BAD_69_81,-0.06171417225859758
MTOR,BAD_69_81,-0.06171417225859758
PAKA,BAD_69_81,-0.06171417225859758
PAKB,BAD_69_81,-0.06171417225859758
PDHK,BAD_69_81,-0.06171417225859758
PDK1,BAD_69_81,-0.06171417225859758
PEK,BAD_69_81,-0.06171417225859758
PHK,BAD_69_81,-0.06171417225859758
PIM,BAD_69_81,-0.06171417225859758
PKA,BAD_69_81,-0.06171417225859758
PKCA,BAD_69_81,-0.06171417225859758
PKCI,BAD_69_81,-0.06171417225859758
PKD,BAD_69_81,-0.06171417225859758
PKG,BAD_69_81,-0.06171417225859758
QIK,BAD_69_81,-0.06171417225859758
RAD53,BAD_69_81,-0.06171417225859758
RAF,BAD_69_81,-0.06171417225859758
RSK,BAD_69_81,-0.06171417225859758
SGK,BAD_69_81,-0.06171417225859758
VRK2,BAD_69_81,-0.06171417225859758
AKT,BAD_93_105,-0.11532268174665848
BARK1,BAD_93_105,-0.11532268174665848
DMPK,BAD_93_105,-0.11532268174665848
MAPKAPK,BAD_93_105,-0.11532268174665848
PAKA,BAD_93_105,-0.11532268174665848
PHK,BAD_93_105,-0.11532268174665848
PIM,BAD_93_105,-0.11532268174665848
PKA,BAD_93_105,-0.11532268174665848
PKCA,BAD_93_105,-0.11532268174665848
PKCI,BAD_93_105,-0.11532268174665848
PKD,BAD_93_105,-0.11532268174665848
PKG,BAD_93_105,-0.11532268174665848
QIK,BAD_93_105,-0.11532268174665848
RAF,BAD_93_105,-0.11532268174665848
RSK,BAD_93_105,-0.11532268174665848
SGK,BAD_93_105,-0.11532268174665848
VRK2,BAD_93_105,-0.11532268174665848
AKT,BCKD_45_57,-0.09110407518122
BARK1,BCKD_45_57,-0.09110407518122
CDK,BCKD_45_57,-0.09110407518122
DMPK,BCKD_45_57,-0.09110407518122
FRAY,BCKD_45_57,-0.09110407518122
GRK,BCKD_45_57,-0.09110407518122
IKK,BCKD_45_57,-0.09110407518122
MAPKAPK,BCKD_45_57,-0.09110407518122
MELK,BCKD_45_57,-0.09110407518122
MLCK,BCKD_45_57,-0.09110407518122
MST,BCKD_45_57,-0.09110407518122
PAKA,BCKD_45_57,-0.09110407518122
PDHK,BCKD_45_57,-0.09110407518122
PDK1,BCKD_45_57,-0.09110407518122
PEK,BCKD_45_57,-0.09110407518122
PHK,BCKD_45_57,-0.09110407518122
PIM,BCKD_45_57,-0.09110407518122
PKA,BCKD_45_57,-0.09110407518122
PKCA,BCKD_45_57,-0.09110407518122
PKG,BCKD_45_57,-0.09110407518122
PLK,BCKD_45_57,-0.09110407518122
QIK,BCKD_45_57,-0.09110407518122
RSK,BCKD_45_57,-0.09110407518122
SGK,BCKD_45_57,-0.09110407518122
STE7,BCKD_45_57,-0.09110407518122
VRK2,BCKD_45_57,-0.09110407518122
BARK1,CAC1C_1974_1986,0.6137368471172797
CAMK1,CAC1C_1974_1986,0.6137368471172797
MAPKAPK,CAC1C_1974_1986,0.6137368471172797
PDHK,CAC1C_1974_1986,0.6137368471172797
PHK,CAC1C_1974_1986,0.6137368471172797
PIM,CAC1C_1974_1986,0.6137368471172797
PKCA,CAC1C_1974_1986,0.6137368471172797
PKD,CAC1C_1974_1986,0.6137368471172797
PKG,CAC1C_1974_1986,0.6137368471172797
QIK,CAC1C_1974_1986,0.6137368471172797
RAD53,CAC1C_1974_1986,0.6137368471172797
RIPK,CAC1C_1974_1986,0.6137368471172797
RSK,CAC1C_1974_1986,0.6137368471172797
VRK2,CAC1C_1974_1986,0.6137368471172797
AKT,CD27_212_224,-0.16669197887606688
BARK1,CD27_212_224,-0.16669197887606688
CDK,CD27_212_224,-0.16669197887606688
DMPK,CD27_212_224,-0.16669197887606688
ERK,CD27_212_224,-0.16669197887606688
IKK,CD27_212_224,-0.16669197887606688
JNK,CD27_212_224,-0.16669197887606688
P38,CD27_212_224,-0.16669197887606688
PDHK,CD27_212_224,-0.16669197887606688
PEK,CD27_212_224,-0.16669197887606688
PHK,CD27_212_224,-0.16669197887606688
PIM,CD27_212_224,-0.16669197887606688
PKCA,CD27_212_224,-0.16669197887606688
PKD,CD27_212_224,-0.16669197887606688
QIK,CD27_212_224,-0.16669197887606688
RSK,CD27_212_224,-0.16669197887606688
VRK2,CD27_212_224,-0.16669197887606688
BARK1,CDC2_154_169,0.00648402292955937
CDK,CDC2_154_169,0.00648402292955937
COT,CDC2_154_169,0.00648402292955937
PEK,CDC2_154_169,0.00648402292955937
PKG,CDC2_154_169,0.00648402292955937
RSK,CDC2_154_169,0.00648402292955937
STE7,CDC2_154_169,0.00648402292955937
VRK2,CDC2_154_169,0.00648402292955937
BARK1,CDK7_163_175,-0.05708637447965614
CDK,CDK7_163_175,-0.05708637447965614
DMPK,CDK7_163_175,-0.05708637447965614
DYRK,CDK7_163_175,-0.05708637447965614
FRAY,CDK7_163_175,-0.05708637447965614
JNK,CDK7_163_175,-0.05708637447965614
MAPKAPK,CDK7_163_175,-0.05708637447965614
MST,CDK7_163_175,-0.05708637447965614
MTOR,CDK7_163_175,-0.05708637447965614
P38,CDK7_163_175,-0.05708637447965614
PDK1,CDK7_163_175,-0.05708637447965614
PEK,CDK7_163_175,-0.05708637447965614
PHK,CDK7_163_175,-0.05708637447965614
PIM,CDK7_163_175,-0.05708637447965614
PKCA,CDK7_163_175,-0.05708637447965614
PKCI,CDK7_163_175,-0.05708637447965614
PRKDC,CDK7_163_175,-0.05708637447965614
QIK,CDK7_163_175,-0.05708637447965614
STE7,CDK7_163_175,-0.05708637447965614
VRK2,CDK7_163_175,-0.05708637447965614
AKT,CDN1A_139_151,0.2524613174526215
BARK1,CDN1A_139_151,0.2524613174526215
CDK,CDN1A_139_151,0.2524613174526215
DAPK,CDN1A_139_151,0.2524613174526215
DMPK,CDN1A_139_151,0.2524613174526215
IKK,CDN1A_139_151,0.2524613174526215
MELK,CDN1A_139_151,0.2524613174526215
NDR,CDN1A_139_151,0.2524613174526215
PEK,CDN1A_139_151,0.2524613174526215
PHK,CDN1A_139_151,0.2524613174526215
PIM,CDN1A_139_151,0.2524613174526215
PKCA,CDN1A_139_151,0.2524613174526215
PKD,CDN1A_139_151,0.2524613174526215
RIPK,CDN1A_139_151,0.2524613174526215
RSK,CDN1A_139_151,0.2524613174526215
STE7,CDN1A_139_151,0.2524613174526215
VRK2,CDN1A_139_151,0.2524613174526215
AUR,CENPA_1_14,0.02430025387713316
BARK1,CENPA_1_14,0.02430025387713316
DMPK,CENPA_1_14,0.02430025387713316
MAPKAPK,CENPA_1_14,0.02430025387713316
PIM,CENPA_1_14,0.02430025387713316
PKCA,CENPA_1_14,0.02430025387713316
PKG,CENPA_1_14,0.02430025387713316
VRK2,CENPA_1_14,0.02430025387713316
AMPK,CFTR_730_742,0.9243249736719816
BARK1,CFTR_730_742,0.9243249736719816
CAMK2,CFTR_730_742,0.9243249736719816
CDK,CFTR_730_742,0.9243249736719816
DAPK,CFTR_730_742,0.9243249736719816
DYRK,CFTR_730_742,0.9243249736719816
GRK,CFTR_730_742,0.9243249736719816
IKK,CFTR_730_742,0.9243249736719816
MAPKAPK,CFTR_730_742,0.9243249736719816
PAKA,CFTR_730_742,0.9243249736719816
PDHK,CFTR_730_742,0.9243249736719816
PEK,CFTR_730_742,0.9243249736719816
PHK,CFTR_730_742,0.9243249736719816
PKA,CFTR_730_742,0.9243249736719816
PKCA,CFTR_730_742,0.9243249736719816
PKD,CFTR_730_742,0.9243249736719816
PKG,CFTR_730_742,0.9243249736719816
QIK,CFTR_730_742,0.9243249736719816
RAD53,CFTR_730_742,0.9243249736719816
RSK,CFTR_730_742,0.9243249736719816
VRK2,CFTR_730_742,0.9243249736719816
AKT,CGHB_109_121,0.4648311314936002
BARK1,CGHB_109_121,0.4648311314936002
CAMK2,CGHB_109_121,0.4648311314936002
DMPK,CGHB_109_121,0.4648311314936002
IKK,CGHB_109_121,0.4648311314936002
MTOR,CGHB_109_121,0.4648311314936002
PDHK,CGHB_109_121,0.4648311314936002
PDK1,CGHB_109_121,0.4648311314936002
PEK,CGHB_109_121,0.4648311314936002
PKA,CGHB_109_121,0.4648311314936002
PKCA,CGHB_109_121,0.4648311314936002
PKG,CGHB_109_121,0.4648311314936002
RSK,CGHB_109_121,0.4648311314936002
VRK2,CGHB_109_121,0.4648311314936002
AMPK,CREB1_126_138,0.4383131696895036
ATM,CREB1_126_138,0.4383131696895036
BARK1,CREB1_126_138,0.4383131696895036
CAMK1,CREB1_126_138,0.4383131696895036
CAMK2,CREB1_126_138,0.4383131696895036
COT,CREB1_126_138,0.4383131696895036
DMPK,CREB1_126_138,0.4383131696895036
DYRK,CREB1_126_138,0.4383131696895036
GSK,CREB1_126_138,0.4383131696895036
MAPKAPK,CREB1_126_138,0.4383131696895036
PDHK,CREB1_126_138,0.4383131696895036
PHK,CREB1_126_138,0.4383131696895036
PIM,CREB1_126_138,0.4383131696895036
PKA,CREB1_126_138,0.4383131696895036
PKCA,CREB1_126_138,0.4383131696895036
PKCD,CREB1_126_138,0.4383131696895036
PKCH,CREB1_126_138,0.4383131696895036
PKD,CREB1_126_138,0.4383131696895036
QIK,CREB1_126_138,0.4383131696895036
RAD53,CREB1_126_138,0.4383131696895036
RSK,CREB1_126_138,0.4383131696895036
SGK,CREB1_126_138,0.4383131696895036
VRK2,CREB1_126_138,0.4383131696895036
AMPK,CSF1R_701_713,0.463254741709702
BARK1,CSF1R_701_713,0.463254741709702
CDK,CSF1R_701_713,0.463254741709702
CK1,CSF1R_701_713,0.463254741709702
DMPK,CSF1R_701_713,0.463254741709702
PDHK,CSF1R_701_713,0.463254741709702
PEK,CSF1R_701_713,0.463254741709702
PIM,CSF1R_701_713,0.463254741709702
PKA,CSF1R_701_713,0.463254741709702
PKCA,CSF1R_701_713,0.463254741709702
PKG,CSF1R_701_713,0.463254741709702
RSK,CSF1R_701_713,0.463254741709702
VRK2,CSF1R_701_713,0.463254741709702
AMPK,DESP_2842_2854,0.5397726460411265
BARK1,DESP_2842_2854,0.5397726460411265
CAMK1,DESP_2842_2854,0.5397726460411265
CDK,DESP_2842_2854,0.5397726460411265
CK1,DESP_2842_2854,0.5397726460411265
DMPK,DESP_2842_2854,0.5397726460411265
GSK,DESP_2842_2854,0.5397726460411265
IKK,DESP_2842_2854,0.5397726460411265
MAPKAPK,DESP_2842_2854,0.5397726460411265
P38,DESP_2842_2854,0.5397726460411265
PDHK,DESP_2842_2854,0.5397726460411265
PDK1,DESP_2842_2854,0.5397726460411265
PEK,DESP_2842_2854,0.5397726460411265
PHK,DESP_2842_2854,0.5397726460411265
PIM,DESP_2842_2854,0.5397726460411265
PKA,DESP_2842_2854,0.5397726460411265
PKCA,DESP_2842_2854,0.5397726460411265
PKG,DESP_2842_2854,0.5397726460411265
QIK,DESP_2842_2854,0.5397726460411265
RIPK,DESP_2842_2854,0.5397726460411265
RSK,DESP_2842_2854,0.5397726460411265
SGK,DESP_2842_2854,0.5397726460411265
STE11,DESP_2842_2854,0.5397726460411265
STE7,DESP_2842_2854,0.5397726460411265
VRK2,DESP_2842_2854,0.5397726460411265
BARK1,EPB42_241_253,0.5123559309586782
DMPK,EPB42_241_253,0.5123559309586782
PHK,EPB42_241_253,0.5123559309586782
PIM,EPB42_241_253,0.5123559309586782
PKA,EPB42_241_253,0.5123559309586782
PKCA,EPB42_241_253,0.5123559309586782
PKG,EPB42_241_253,0.5123559309586782
RAD53,EPB42_241_253,0.5123559309586782
RSK,EPB42_241_253,0.5123559309586782
VRK2,EPB42_241_253,0.5123559309586782
BARK1,ERBB2_679_691,-0.03920312752739126
DMPK,ERBB2_679_691,-0.03920312752739126
PHK,ERBB2_679_691,-0.03920312752739126
PIM,ERBB2_679_691,-0.03920312752739126
PKA,ERBB2_679_691,-0.03920312752739126
PKCA,ERBB2_679_691,-0.03920312752739126
PKCD,ERBB2_679_691,-0.03920312752739126
PKCH,ERBB2_679_691,-0.03920312752739126
PKG,ERBB2_679_691,-0.03920312752739126
RSK,ERBB2_679_691,-0.03920312752739126
VRK2,ERBB2_679_691,-0.03920312752739126
BARK1,ERF_519_531,0.06282945261564343
CDK,ERF_519_531,0.06282945261564343
CHK1,ERF_519_531,0.06282945261564343
DAPK,ERF_519_531,0.06282945261564343
DMPK,ERF_519_531,0.06282945261564343
DYRK,ERF_519_531,0.06282945261564343
ERK,ERF_519_531,0.06282945261564343
IRAK,ERF_519_531,0.06282945261564343
MST,ERF_519_531,0.06282945261564343
P38,ERF_519_531,0.06282945261564343
PDK1,ERF_519_531,0.06282945261564343
PEK,ERF_519_531,0.06282945261564343
PIM,ERF_519_531,0.06282945261564343
PKA,ERF_519_531,0.06282945261564343
PKCA,ERF_519_531,0.06282945261564343
PKG,ERF_519_531,0.06282945261564343
RAD53,ERF_519_531,0.06282945261564343
RSK,ERF_519_531,0.06282945261564343
VRK2,ERF_519_531,0.06282945261564343
AKT,ESR1_160_172,0.23408196773683976
AUR,ESR1_160_172,0.23408196773683976
BARK1,ESR1_160_172,0.23408196773683976
CK2,ESR1_160_172,0.23408196773683976
DMPK,ESR1_160_172,0.23408196773683976
IKK,ESR1_160_172,0.23408196773683976
PEK,ESR1_160_172,0.23408196773683976
PHK,ESR1_160_172,0.23408196773683976
PIM,ESR1_160_172,0.23408196773683976
PKCA,ESR1_160_172,0.23408196773683976
RSK,ESR1_160_172,0.23408196773683976
STE11,ESR1_160_172,0.23408196773683976
STE7,ESR1_160_172,0.23408196773683976
VRK2,ESR1_160_172,0.23408196773683976
BARK1,FIBA_569_581,-0.12199863049625304
CDK,FIBA_569_581,-0.12199863049625304
CK1,FIBA_569_581,-0.12199863049625304
DAPK,FIBA_569_581,-0.12199863049625304
DMPK,FIBA_569_581,-0.12199863049625304
ERK,FIBA_569_581,-0.12199863049625304
GSK,FIBA_569_581,-0.12199863049625304
HAL,FIBA_569_581,-0.12199863049625304
IKK,FIBA_569_581,-0.12199863049625304
JNK,FIBA_569_581,-0.12199863049625304
MLCK,FIBA_569_581,-0.12199863049625304
MST,FIBA_569_581,-0.12199863049625304
PDHK,FIBA_569_581,-0.12199863049625304
PEK,FIBA_569_581,-0.12199863049625304
PHK,FIBA_569_581,-0.12199863049625304
PIM,FIBA_569_581,-0.12199863049625304
PKA,FIBA_569_581,-0.12199863049625304
PKCA,FIBA_569_581,-0.12199863049625304
PKG,FIBA_569_581,-0.12199863049625304
PLK,FIBA_569_581,-0.12199863049625304
QIK,FIBA_569_581,-0.12199863049625304
RAF,FIBA_569_581,-0.12199863049625304
RIPK,FIBA_569_581,-0.12199863049625304
RSK,FIBA_569_581,-0.12199863049625304
SGK,FIBA_569_581,-0.12199863049625304
STE7,FIBA_569_581,-0.12199863049625304
VRK2,FIBA_569_581,-0.12199863049625304
AKT,FOXO3_25_37,-0.1674170818939403
BARK1,FOXO3_25_37,-0.1674170818939403
CDK,FOXO3_25_37,-0.1674170818939403
ERK,FOXO3_25_37,-0.1674170818939403
MAPKAPK,FOXO3_25_37,-0.1674170818939403
P38,FOXO3_25_37,-0.1674170818939403
PHK,FOXO3_25_37,-0.1674170818939403
PIM,FOXO3_25_37,-0.1674170818939403
PKCA,FOXO3_25_37,-0.1674170818939403
QIK,FOXO3_25_37,-0.1674170818939403
RAF,FOXO3_25_37,-0.1674170818939403
RSK,FOXO3_25_37,-0.1674170818939403
SGK,FOXO3_25_37,-0.1674170818939403
VRK2,FOXO3_25_37,-0.1674170818939403
AKT,FRAP_2443_2455,0.01106967909112525
AMPK,FRAP_2443_2455,0.01106967909112525
BARK1,FRAP_2443_2455,0.01106967909112525
CK1,FRAP_2443_2455,0.01106967909112525
DAPK,FRAP_2443_2455,0.01106967909112525
DMPK,FRAP_2443_2455,0.01106967909112525
MAPKAPK,FRAP_2443_2455,0.01106967909112525
MELK,FRAP_2443_2455,0.01106967909112525
MLK,FRAP_2443_2455,0.01106967909112525
MSN,FRAP_2443_2455,0.01106967909112525
MTOR,FRAP_2443_2455,0.01106967909112525
NEK,FRAP_2443_2455,0.01106967909112525
PDHK,FRAP_2443_2455,0.01106967909112525
PDK1,FRAP_2443_2455,0.01106967909112525
PEK,FRAP_2443_2455,0.01106967909112525
PHK,FRAP_2443_2455,0.01106967909112525
PIM,FRAP_2443_2455,0.01106967909112525
PKA,FRAP_2443_2455,0.01106967909112525
PKCA,FRAP_2443_2455,0.01106967909112525
QIK,FRAP_2443_2455,0.01106967909112525
RSK,FRAP_2443_2455,0.01106967909112525
SGK,FRAP_2443_2455,0.01106967909112525
TAO,FRAP_2443_2455,0.01106967909112525
VRK2,FRAP_2443_2455,0.01106967909112525
AKT,GPR6_349_361,-0.08681523385444123
BARK1,GPR6_349_361,-0.08681523385444123
CDK,GPR6_349_361,-0.08681523385444123
CK1,GPR6_349_361,-0.08681523385444123
DMPK,GPR6_349_361,-0.08681523385444123
DYRK,GPR6_349_361,-0.08681523385444123
ERK,GPR6_349_361,-0.08681523385444123
IKK,GPR6_349_361,-0.08681523385444123
JNK,GPR6_349_361,-0.08681523385444123
MAPKAPK,GPR6_349_361,-0.08681523385444123
MELK,GPR6_349_361,-0.08681523385444123
P38,GPR6_349_361,-0.08681523385444123
PDK1,GPR6_349_361,-0.08681523385444123
PEK,GPR6_349_361,-0.08681523385444123
PHK,GPR6_349_361,-0.08681523385444123
PKCA,GPR6_349_361,-0.08681523385444123
QIK,GPR6_349_361,-0.08681523385444123
RAF,GPR6_349_361,-0.08681523385444123
RSK,GPR6_349_361,-0.08681523385444123
SGK,GPR6_349_361,-0.08681523385444123
VRK2,GPR6_349_361,-0.08681523385444123
AMPK,GPSM2_394_406,0.5908216844504279
BARK1,GPSM2_394_406,0.5908216844504279
CAMK1,GPSM2_394_406,0.5908216844504279
CHK1,GPSM2_394_406,0.5908216844504279
DMPK,GPSM2_394_406,0.5908216844504279
IKK,GPSM2_394_406,0.5908216844504279
MAPKAPK,GPSM2_394_406,0.5908216844504279
MARK,GPSM2_394_406,0.5908216844504279
PHK,GPSM2_394_406,0.5908216844504279
PKCA,GPSM2_394_406,0.5908216844504279
PKD,GPSM2_394_406,0.5908216844504279
VRK2,GPSM2_394_406,0.5908216844504279
BARK1,GSUB_61_73,-0.15471255950627297
CDK,GSUB_61_73,-0.15471255950627297
DAPK,GSUB_61_73,-0.15471255950627297
DMPK,GSUB_61_73,-0.15471255950627297
DYRK,GSUB_61_73,-0.15471255950627297
ERK,GSUB_61_73,-0.15471255950627297
PDK1,GSUB_61_73,-0.15471255950627297
PHK,GSUB_61_73,-0.15471255950627297
PKA,GSUB_61_73,-0.15471255950627297
PKG,GSUB_61_73,-0.15471255950627297
PLK,GSUB_61_73,-0.15471255950627297
VRK2,GSUB_61_73,-0.15471255950627297
AKT,GYS2_1_13,-0.02893004833426597
BARK1,GYS2_1_13,-0.02893004833426597
CDK,GYS2_1_13,-0.02893004833426597
DMPK,GYS2_1_13,-0.02893004833426597
IKK,GYS2_1_13,-0.02893004833426597
MAPKAPK,GYS2_1_13,-0.02893004833426597
MTOR,GYS2_1_13,-0.02893004833426597
PEK,GYS2_1_13,-0.02893004833426597
PHK,GYS2_1_13,-0.02893004833426597
PKA,GYS2_1_13,-0.02893004833426597
PKCA,GYS2_1_13,-0.02893004833426597
QIK,GYS2_1_13,-0.02893004833426597
RSK,GYS2_1_13,-0.02893004833426597
SGK,GYS2_1_13,-0.02893004833426597
VRK2,GYS2_1_13,-0.02893004833426597
AKT,H2B1B_ 27_40,-0.05838698897843297
AMPK,H2B1B_ 27_40,-0.05838698897843297
BARK1,H2B1B_ 27_40,-0.05838698897843297
CAMK1,H2B1B_ 27_40,-0.05838698897843297
CDK,H2B1B_ 27_40,-0.05838698897843297
COT,H2B1B_ 27_40,-0.05838698897843297
DAPK,H2B1B_ 27_40,-0.05838698897843297
DMPK,H2B1B_ 27_40,-0.05838698897843297
IKK,H2B1B_ 27_40,-0.05838698897843297
MLK,H2B1B_ 27_40,-0.05838698897843297
MST,H2B1B_ 27_40,-0.05838698897843297
PAKA,H2B1B_ 27_40,-0.05838698897843297
PAKB,H2B1B_ 27_40,-0.05838698897843297
PDHK,H2B1B_ 27_40,-0.05838698897843297
PEK,H2B1B_ 27_40,-0.05838698897843297
PHK,H2B1B_ 27_40,-0.05838698897843297
PIM,H2B1B_ 27_40,-0.05838698897843297
PKA,H2B1B_ 27_40,-0.05838698897843297
PKCA,H2B1B_ 27_40,-0.05838698897843297
PKCH,H2B1B_ 27_40,-0.05838698897843297
PKD,H2B1B_ 27_40,-0.05838698897843297
PKG,H2B1B_ 27_40,-0.05838698897843297
PLK,H2B1B_ 27_40,-0.05838698897843297
QIK,H2B1B_ 27_40,-0.05838698897843297
RAD53,H2B1B_ 27_40,-0.05838698897843297
RSK,H2B1B_ 27_40,-0.05838698897843297
SGK,H2B1B_ 27_40,-0.05838698897843297
VRK2,H2B1B_ 27_40,-0.05838698897843297
AMPK,H32_3_18,-0.02966587048967669
ATR,H32_3_18,-0.02966587048967669
AUR,H32_3_18,-0.02966587048967669
BARK1,H32_3_18,-0.02966587048967669
DAPK,H32_3_18,-0.02966587048967669
DMPK,H32_3_18,-0.02966587048967669
DYRK,H32_3_18,-0.02966587048967669
MLK,H32_3_18,-0.02966587048967669
MST,H32_3_18,-0.02966587048967669
MTOR,H32_3_18,-0.02966587048967669
PHK,H32_3_18,-0.02966587048967669
PIM,H32_3_18,-0.02966587048967669
PKCA,H32_3_18,-0.02966587048967669
PKCD,H32_3_18,-0.02966587048967669
PRKDC,H32_3_18,-0.02966587048967669
QIK,H32_3_18,-0.02966587048967669
RAD53,H32_3_18,-0.02966587048967669
RSK,H32_3_18,-0.02966587048967669
STE7,H32_3_18,-0.02966587048967669
VRK1,H32_3_18,-0.02966587048967669
VRK2,H32_3_18,-0.02966587048967669
BARK1,IF4E_203_215,-0.16648583407526582
CDK,IF4E_203_215,-0.16648583407526582
DMPK,IF4E_203_215,-0.16648583407526582
ERK,IF4E_203_215,-0.16648583407526582
GRK,IF4E_203_215,-0.16648583407526582
IKK,IF4E_203_215,-0.16648583407526582
LKB,IF4E_203_215,-0.16648583407526582
MAPKAPK,IF4E_203_215,-0.16648583407526582
MLK,IF4E_203_215,-0.16648583407526582
P38,IF4E_203_215,-0.16648583407526582
PEK,IF4E_203_215,-0.16648583407526582
PKCA,IF4E_203_215,-0.16648583407526582
QIK,IF4E_203_215,-0.16648583407526582
RIPK,IF4E_203_215,-0.16648583407526582
STKR,IF4E_203_215,-0.16648583407526582
VRK1,IF4E_203_215,-0.16648583407526582
VRK2,IF4E_203_215,-0.16648583407526582
BARK1,KAP2_92_104,0.5229444916291769
CDK,KAP2_92_104,0.5229444916291769
CK2,KAP2_92_104,0.5229444916291769
DMPK,KAP2_92_104,0.5229444916291769
ERK,KAP2_92_104,0.5229444916291769
GSK,KAP2_92_104,0.5229444916291769
MAPKAPK,KAP2_92_104,0.5229444916291769
PDHK,KAP2_92_104,0.5229444916291769
PEK,KAP2_92_104,0.5229444916291769
PHK,KAP2_92_104,0.5229444916291769
PIM,KAP2_92_104,0.5229444916291769
PKA,KAP2_92_104,0.5229444916291769
PKCA,KAP2_92_104,0.5229444916291769
PKD,KAP2_92_104,0.5229444916291769
PKG,KAP2_92_104,0.5229444916291769
QIK,KAP2_92_104,0.5229444916291769
RIPK,KAP2_92_104,0.5229444916291769
RSK,KAP2_92_104,0.5229444916291769
VRK2,KAP2_92_104,0.5229444916291769
AKT,KAP3_107_119,0.6501086534452464
AUR,KAP3_107_119,0.6501086534452464
BARK1,KAP3_107_119,0.6501086534452464
DMPK,KAP3_107_119,0.6501086534452464
MAPKAPK,KAP3_107_119,0.6501086534452464
PDHK,KAP3_107_119,0.6501086534452464
PHK,KAP3_107_119,0.6501086534452464
PKA,KAP3_107_119,0.6501086534452464
PKCA,KAP3_107_119,0.6501086534452464
RIPK,KAP3_107_119,0.6501086534452464
VRK2,KAP3_107_119,0.6501086534452464
BARK1,KAPCG_192_206,0.14212240785379365
CAMK2,KAPCG_192_206,0.14212240785379365
CDK,KAPCG_192_206,0.14212240785379365
DMPK,KAPCG_192_206,0.14212240785379365
DYRK,KAPCG_192_206,0.14212240785379365
ERK,KAPCG_192_206,0.14212240785379365
GSK,KAPCG_192_206,0.14212240785379365
IKK,KAPCG_192_206,0.14212240785379365
IRAK,KAPCG_192_206,0.14212240785379365
LKB,KAPCG_192_206,0.14212240785379365
MELK,KAPCG_192_206,0.14212240785379365
MST,KAPCG_192_206,0.14212240785379365
MTOR,KAPCG_192_206,0.14212240785379365
PDHK,KAPCG_192_206,0.14212240785379365
PDK1,KAPCG_192_206,0.14212240785379365
PHK,KAPCG_192_206,0.14212240785379365
PIM,KAPCG_192_206,0.14212240785379365
PKCH,KAPCG_192_206,0.14212240785379365
VRK2,KAPCG_192_206,0.14212240785379365
BARK1,KCC2G_278_289,-0.00780153958327112
CAMK2,KCC2G_278_289,-0.00780153958327112
CDK,KCC2G_278_289,-0.00780153958327112
CK1,KCC2G_278_289,-0.00780153958327112
MAPKAPK,KCC2G_278_289,-0.00780153958327112
MELK,KCC2G_278_289,-0.00780153958327112
MLCK,KCC2G_278_289,-0.00780153958327112
PEK,KCC2G_278_289,-0.00780153958327112
PHK,KCC2G_278_289,-0.00780153958327112
PIM,KCC2G_278_289,-0.00780153958327112
PKCA,KCC2G_278_289,-0.00780153958327112
PKCI,KCC2G_278_289,-0.00780153958327112
PLK,KCC2G_278_289,-0.00780153958327112
QIK,KCC2G_278_289,-0.00780153958327112
RSK,KCC2G_278_289,-0.00780153958327112
SGK,KCC2G_278_289,-0.00780153958327112
VRK2,KCC2G_278_289,-0.00780153958327112
AKT,KCNA1_438_450,0.714384802113354
AMPK,KCNA1_438_450,0.714384802113354
BARK1,KCNA1_438_450,0.714384802113354
CAMK1,KCNA1_438_450,0.714384802113354
CDK,KCNA1_438_450,0.714384802113354
CK1,KCNA1_438_450,0.714384802113354
DAPK,KCNA1_438_450,0.714384802113354
DMPK,KCNA1_438_450,0.714384802113354
ERK,KCNA1_438_450,0.714384802113354
GRK,KCNA1_438_450,0.714384802113354
IKK,KCNA1_438_450,0.714384802113354
JNK,KCNA1_438_450,0.714384802113354
MAPKAPK,KCNA1_438_450,0.714384802113354
MELK,KCNA1_438_450,0.714384802113354
NEK,KCNA1_438_450,0.714384802113354
P38,KCNA1_438_450,0.714384802113354
PDHK,KCNA1_438_450,0.714384802113354
PEK,KCNA1_438_450,0.714384802113354
PHK,KCNA1_438_450,0.714384802113354
PKA,KCNA1_438_450,0.714384802113354
PKCA,KCNA1_438_450,0.714384802113354
PKD,KCNA1_438_450,0.714384802113354
PLK,KCNA1_438_450,0.714384802113354
QIK,KCNA1_438_450,0.714384802113354
RAD53,KCNA1_438_450,0.714384802113354
RIPK,KCNA1_438_450,0.714384802113354
RSK,KCNA1_438_450,0.714384802113354
SGK,KCNA1_438_450,0.714384802113354
STE7,KCNA1_438_450,0.714384802113354
STKR,KCNA1_438_450,0.714384802113354
VRK2,KCNA1_438_450,0.714384802113354
AKT,KCNA2_442_454,0.16191178299391082
AMPK,KCNA2_442_454,0.16191178299391082
BARK1,KCNA2_442_454,0.16191178299391082
CAMK1,KCNA2_442_454,0.16191178299391082
CAMK2,KCNA2_442_454,0.16191178299391082
CDK,KCNA2_442_454,0.16191178299391082
CHK1,KCNA2_442_454,0.16191178299391082
CK1,KCNA2_442_454,0.16191178299391082
DMPK,KCNA2_442_454,0.16191178299391082
IKK,KCNA2_442_454,0.16191178299391082
JNK,KCNA2_442_454,0.16191178299391082
MAPKAPK,KCNA2_442_454,0.16191178299391082
NEK,KCNA2_442_454,0.16191178299391082
P38,KCNA2_442_454,0.16191178299391082
PDHK,KCNA2_442_454,0.16191178299391082
PEK,KCNA2_442_454,0.16191178299391082
PHK,KCNA2_442_454,0.16191178299391082
PIM,KCNA2_442_454,0.16191178299391082
PKCA,KCNA2_442_454,0.16191178299391082
PKD,KCNA2_442_454,0.16191178299391082
QIK,KCNA2_442_454,0.16191178299391082
RAD53,KCNA2_442_454,0.16191178299391082
RIPK,KCNA2_442_454,0.16191178299391082
RSK,KCNA2_442_454,0.16191178299391082
SGK,KCNA2_442_454,0.16191178299391082
STKR,KCNA2_442_454,0.16191178299391082
VRK2,KCNA2_442_454,0.16191178299391082
AKT,KCNA3_461_473,0.11483277485164724
AMPK,KCNA3_461_473,0.11483277485164724
BARK1,KCNA3_461_473,0.11483277485164724
CAMK1,KCNA3_461_473,0.11483277485164724
CDK,KCNA3_461_473,0.11483277485164724
CHK1,KCNA3_461_473,0.11483277485164724
CK1,KCNA3_461_473,0.11483277485164724
DMPK,KCNA3_461_473,0.11483277485164724
IKK,KCNA3_461_473,0.11483277485164724
JNK,KCNA3_461_473,0.11483277485164724
KHS,KCNA3_461_473,0.11483277485164724
MAPKAPK,KCNA3_461_473,0.11483277485164724
MARK,KCNA3_461_473,0.11483277485164724
MST,KCNA3_461_473,0.11483277485164724
P38,KCNA3_461_473,0.11483277485164724
PAKA,KCNA3_461_473,0.11483277485164724
PDHK,KCNA3_461_473,0.11483277485164724
PDK1,KCNA3_461_473,0.11483277485164724
PEK,KCNA3_461_473,0.11483277485164724
PHK,KCNA3_461_473,0.11483277485164724
PKA,KCNA3_461_473,0.11483277485164724
PKCA,KCNA3_461_473,0.11483277485164724
PKD,KCNA3_461_473,0.11483277485164724
PKG,KCNA3_461_473,0.11483277485164724
PLK,KCNA3_461_473,0.11483277485164724
QIK,KCNA3_461_473,0.11483277485164724
RAD53,KCNA3_461_473,0.11483277485164724
RSK,KCNA3_461_473,0.11483277485164724
STE7,KCNA3_461_473,0.11483277485164724
VRK2,KCNA3_461_473,0.11483277485164724
AMPK,KCNB1_489_501,-0.07718630086853265
BARK1,KCNB1_489_501,-0.07718630086853265
CAMK1,KCNB1_489_501,-0.07718630086853265
CAMK2,KCNB1_489_501,-0.07718630086853265
CDK,KCNB1_489_501,-0.07718630086853265
CHK1,KCNB1_489_501,-0.07718630086853265
CK1,KCNB1_489_501,-0.07718630086853265
CK2,KCNB1_489_501,-0.07718630086853265
DAPK,KCNB1_489_501,-0.07718630086853265
DMPK,KCNB1_489_501,-0.07718630086853265
GRK,KCNB1_489_501,-0.07718630086853265
IKK,KCNB1_489_501,-0.07718630086853265
MAPKAPK,KCNB1_489_501,-0.07718630086853265
MELK,KCNB1_489_501,-0.07718630086853265
MLCK,KCNB1_489_501,-0.07718630086853265
MLK,KCNB1_489_501,-0.07718630086853265
MST,KCNB1_489_501,-0.07718630086853265
NAK,KCNB1_489_501,-0.07718630086853265
NEK,KCNB1_489_501,-0.07718630086853265
PDHK,KCNB1_489_501,-0.07718630086853265
PEK,KCNB1_489_501,-0.07718630086853265
PHK,KCNB1_489_501,-0.07718630086853265
PIM,KCNB1_489_501,-0.07718630086853265
PKA,KCNB1_489_501,-0.07718630086853265
PKCA,KCNB1_489_501,-0.07718630086853265
PKCD,KCNB1_489_501,-0.07718630086853265
PKD,KCNB1_489_501,-0.07718630086853265
QIK,KCNB1_489_501,-0.07718630086853265
RIPK,KCNB1_489_501,-0.07718630086853265
RSK,KCNB1_489_501,-0.07718630086853265
SGK,KCNB1_489_501,-0.07718630086853265
STE7,KCNB1_489_501,-0.07718630086853265
STKR,KCNB1_489_501,-0.07718630086853265
VRK2,KCNB1_489_501,-0.07718630086853265
BARK1,KIF2C_105_118_S106G,-0.0520150100832127
CAMK2,KIF2C_105_118_S106G,-0.0520150100832127
CDK,KIF2C_105_118_S106G,-0.0520150100832127
DMPK,KIF2C_105_118_S106G,-0.0520150100832127
FRAY,KIF2C_105_118_S106G,-0.0520150100832127
IKK,KIF2C_105_118_S106G,-0.0520150100832127
MELK,KIF2C_105_118_S106G,-0.0520150100832127
NEK,KIF2C_105_118_S106G,-0.0520150100832127
PAKA,KIF2C_105_118_S106G,-0.0520150100832127
PDHK,KIF2C_105_118_S106G,-0.0520150100832127
PEK,KIF2C_105_118_S106G,-0.0520150100832127
PHK,KIF2C_105_118_S106G,-0.0520150100832127
PKCA,KIF2C_105_118_S106G,-0.0520150100832127
PKD,KIF2C_105_118_S106G,-0.0520150100832127
QIK,KIF2C_105_118_S106G,-0.0520150100832127
RIPK,KIF2C_105_118_S106G,-0.0520150100832127
RSK,KIF2C_105_118_S106G,-0.0520150100832127
VRK2,KIF2C_105_118_S106G,-0.0520150100832127
BARK1,KPB1_1011_1023,0.8478807142007915
CDK,KPB1_1011_1023,0.8478807142007915
CK1,KPB1_1011_1023,0.8478807142007915
DMPK,KPB1_1011_1023,0.8478807142007915
IKK,KPB1_1011_1023,0.8478807142007915
P38,KPB1_1011_1023,0.8478807142007915
PAKA,KPB1_1011_1023,0.8478807142007915
PDHK,KPB1_1011_1023,0.8478807142007915
PEK,KPB1_1011_1023,0.8478807142007915
PHK,KPB1_1011_1023,0.8478807142007915
PIM,KPB1_1011_1023,0.8478807142007915
PKA,KPB1_1011_1023,0.8478807142007915
PKCA,KPB1_1011_1023,0.8478807142007915
PKD,KPB1_1011_1023,0.8478807142007915
RIPK,KPB1_1011_1023,0.8478807142007915
RSK,KPB1_1011_1023,0.8478807142007915
SGK,KPB1_1011_1023,0.8478807142007915
VRK2,KPB1_1011_1023,0.8478807142007915
BARK1,KS6A1_374_386,-0.08560078417484422
COT,KS6A1_374_386,-0.08560078417484422
FRAY,KS6A1_374_386,-0.08560078417484422
MAPKAPK,KS6A1_374_386,-0.08560078417484422
MSN,KS6A1_374_386,-0.08560078417484422
MTOR,KS6A1_374_386,-0.08560078417484422
PDHK,KS6A1_374_386,-0.08560078417484422
PDK1,KS6A1_374_386,-0.08560078417484422
PEK,KS6A1_374_386,-0.08560078417484422
PHK,KS6A1_374_386,-0.08560078417484422
PIM,KS6A1_374_386,-0.08560078417484422
PKCA,KS6A1_374_386,-0.08560078417484422
RAD53,KS6A1_374_386,-0.08560078417484422
RSK,KS6A1_374_386,-0.08560078417484422
STE7,KS6A1_374_386,-0.08560078417484422
VRK2,KS6A1_374_386,-0.08560078417484422
AMPK,LIPS_944_956,0.5858443771354386
ATR,LIPS_944_956,0.5858443771354386
BARK1,LIPS_944_956,0.5858443771354386
CDK,LIPS_944_956,0.5858443771354386
DMPK,LIPS_944_956,0.5858443771354386
ERK,LIPS_944_956,0.5858443771354386
NDR,LIPS_944_956,0.5858443771354386
PDHK,LIPS_944_956,0.5858443771354386
PEK,LIPS_944_956,0.5858443771354386
PIM,LIPS_944_956,0.5858443771354386
PKA,LIPS_944_956,0.5858443771354386
PKCA,LIPS_944_956,0.5858443771354386
PKG,LIPS_944_956,0.5858443771354386
PRKDC,LIPS_944_956,0.5858443771354386
RAF,LIPS_944_956,0.5858443771354386
RSK,LIPS_944_956,0.5858443771354386
STE7,LIPS_944_956,0.5858443771354386
VRK2,LIPS_944_956,0.5858443771354386
BARK1,LMNB1_16_28,-0.26785156037171315
CDK,LMNB1_16_28,-0.26785156037171315
DMPK,LMNB1_16_28,-0.26785156037171315
DYRK,LMNB1_16_28,-0.26785156037171315
ERK,LMNB1_16_28,-0.26785156037171315
GSK,LMNB1_16_28,-0.26785156037171315
IKK,LMNB1_16_28,-0.26785156037171315
IRAK,LMNB1_16_28,-0.26785156037171315
JNK,LMNB1_16_28,-0.26785156037171315
MLK,LMNB1_16_28,-0.26785156037171315
NMO,LMNB1_16_28,-0.26785156037171315
P38,LMNB1_16_28,-0.26785156037171315
PDK1,LMNB1_16_28,-0.26785156037171315
PEK,LMNB1_16_28,-0.26785156037171315
PIM,LMNB1_16_28,-0.26785156037171315
PKCA,LMNB1_16_28,-0.26785156037171315
PKG,LMNB1_16_28,-0.26785156037171315
RSK,LMNB1_16_28,-0.26785156037171315
STE7,LMNB1_16_28,-0.26785156037171315
VRK2,LMNB1_16_28,-0.26785156037171315
BARK1,MARCS_152_164,-0.11369285281601282
CDK,MARCS_152_164,-0.11369285281601282
DAPK,MARCS_152_164,-0.11369285281601282
DMPK,MARCS_152_164,-0.11369285281601282
ERK,MARCS_152_164,-0.11369285281601282
JNK,MARCS_152_164,-0.11369285281601282
P38,MARCS_152_164,-0.11369285281601282
PAKA,MARCS_152_164,-0.11369285281601282
PDHK,MARCS_152_164,-0.11369285281601282
PDK1,MARCS_152_164,-0.11369285281601282
PEK,MARCS_152_164,-0.11369285281601282
PHK,MARCS_152_164,-0.11369285281601282
PKA,MARCS_152_164,-0.11369285281601282
PKCA,MARCS_152_164,-0.11369285281601282
PKCH,MARCS_152_164,-0.11369285281601282
PKCI,MARCS_152_164,-0.11369285281601282
PKD,MARCS_152_164,-0.11369285281601282
PKG,MARCS_152_164,-0.11369285281601282
PKN,MARCS_152_164,-0.11369285281601282
RAD53,MARCS_152_164,-0.11369285281601282
VRK2,MARCS_152_164,-0.11369285281601282
BARK1,MARCS_160_172,-0.16975308480208126
CDK,MARCS_160_172,-0.16975308480208126
DMPK,MARCS_160_172,-0.16975308480208126
ERK,MARCS_160_172,-0.16975308480208126
JNK,MARCS_160_172,-0.16975308480208126
MLK,MARCS_160_172,-0.16975308480208126
P38,MARCS_160_172,-0.16975308480208126
PDHK,MARCS_160_172,-0.16975308480208126
PDK1,MARCS_160_172,-0.16975308480208126
PEK,MARCS_160_172,-0.16975308480208126
PKCA,MARCS_160_172,-0.16975308480208126
RAD53,MARCS_160_172,-0.16975308480208126
RIPK,MARCS_160_172,-0.16975308480208126
VRK2,MARCS_160_172,-0.16975308480208126
BARK1,MBP_222_234,-0.1271362527622406
CDK,MBP_222_234,-0.1271362527622406
DYRK,MBP_222_234,-0.1271362527622406
ERK,MBP_222_234,-0.1271362527622406
GSK,MBP_222_234,-0.1271362527622406
JNK,MBP_222_234,-0.1271362527622406
MTOR,MBP_222_234,-0.1271362527622406
PDK1,MBP_222_234,-0.1271362527622406
PEK,MBP_222_234,-0.1271362527622406
VRK2,MBP_222_234,-0.1271362527622406
BARK1,MP2K1_287_299,-0.0811371488181069
CDK,MP2K1_287_299,-0.0811371488181069
DMPK,MP2K1_287_299,-0.0811371488181069
DYRK,MP2K1_287_299,-0.0811371488181069
ERK,MP2K1_287_299,-0.0811371488181069
JNK,MP2K1_287_299,-0.0811371488181069
MAPKAPK,MP2K1_287_299,-0.0811371488181069
P38,MP2K1_287_299,-0.0811371488181069
PAKA,MP2K1_287_299,-0.0811371488181069
PDHK,MP2K1_287_299,-0.0811371488181069
PDK1,MP2K1_287_299,-0.0811371488181069
PEK,MP2K1_287_299,-0.0811371488181069
PHK,MP2K1_287_299,-0.0811371488181069
PIM,MP2K1_287_299,-0.0811371488181069
PKCA,MP2K1_287_299,-0.0811371488181069
PKD,MP2K1_287_299,-0.0811371488181069
STE7,MP2K1_287_299,-0.0811371488181069
VRK2,MP2K1_287_299,-0.0811371488181069
ATR,MPIP1_172_184,-0.02317585395792469
BARK1,MPIP1_172_184,-0.02317585395792469
CHK1,MPIP1_172_184,-0.02317585395792469
DMPK,MPIP1_172_184,-0.02317585395792469
MAPKAPK,MPIP1_172_184,-0.02317585395792469
PHK,MPIP1_172_184,-0.02317585395792469
PIM,MPIP1_172_184,-0.02317585395792469
PKCA,MPIP1_172_184,-0.02317585395792469
PRKDC,MPIP1_172_184,-0.02317585395792469
QIK,MPIP1_172_184,-0.02317585395792469
RAD53,MPIP1_172_184,-0.02317585395792469
RAF,MPIP1_172_184,-0.02317585395792469
RSK,MPIP1_172_184,-0.02317585395792469
VRK2,MPIP1_172_184,-0.02317585395792469
BARK1,MPIP3_208_220,0.04303902661294589
BRSK,MPIP3_208_220,0.04303902661294589
CAMK1,MPIP3_208_220,0.04303902661294589
CDK,MPIP3_208_220,0.04303902661294589
CHK1,MPIP3_208_220,0.04303902661294589
DMPK,MPIP3_208_220,0.04303902661294589
DYRK,MPIP3_208_220,0.04303902661294589
ERK,MPIP3_208_220,0.04303902661294589
IKK,MPIP3_208_220,0.04303902661294589
JNK,MPIP3_208_220,0.04303902661294589
MAPKAPK,MPIP3_208_220,0.04303902661294589
MARK,MPIP3_208_220,0.04303902661294589
MELK,MPIP3_208_220,0.04303902661294589
P38,MPIP3_208_220,0.04303902661294589
PDK1,MPIP3_208_220,0.04303902661294589
PEK,MPIP3_208_220,0.04303902661294589
PHK,MPIP3_208_220,0.04303902661294589
PKCA,MPIP3_208_220,0.04303902661294589
QIK,MPIP3_208_220,0.04303902661294589
RAD53,MPIP3_208_220,0.04303902661294589
RIPK,MPIP3_208_220,0.04303902661294589
VRK2,MPIP3_208_220,0.04303902661294589
AUR,MYPC3_268_280,0.6147102494521365
BARK1,MYPC3_268_280,0.6147102494521365
DMPK,MYPC3_268_280,0.6147102494521365
IKK,MYPC3_268_280,0.6147102494521365
MLK,MYPC3_268_280,0.6147102494521365
MTOR,MYPC3_268_280,0.6147102494521365
PEK,MYPC3_268_280,0.6147102494521365
PHK,MYPC3_268_280,0.6147102494521365
PKA,MYPC3_268_280,0.6147102494521365
PKCA,MYPC3_268_280,0.6147102494521365
PKG,MYPC3_268_280,0.6147102494521365
QIK,MYPC3_268_280,0.6147102494521365
RIPK,MYPC3_268_280,0.6147102494521365
RSK,MYPC3_268_280,0.6147102494521365
VRK2,MYPC3_268_280,0.6147102494521365
BARK1,NCF1_296_308,0.3799205047376919
BARK2,NCF1_296_308,0.3799205047376919
AKT,NCF1_296_308,0.3799205047376919
DMPK,NCF1_296_308,0.3799205047376919
IKK,NCF1_296_308,0.3799205047376919
MELK,NCF1_296_308,0.3799205047376919
NEK,NCF1_296_308,0.3799205047376919
PAKA,NCF1_296_308,0.3799205047376919
PEK,NCF1_296_308,0.3799205047376919
PHK,NCF1_296_308,0.3799205047376919
PIM,NCF1_296_308,0.3799205047376919
PKA,NCF1_296_308,0.3799205047376919
PKCA,NCF1_296_308,0.3799205047376919
PKCD,NCF1_296_308,0.3799205047376919
PKCH,NCF1_296_308,0.3799205047376919
PKCI,NCF1_296_308,0.3799205047376919
PKD,NCF1_296_308,0.3799205047376919
VRK2,NCF1_296_308,0.3799205047376919
AKT,NCF1_321_333,0.6622427879376023
BARK1,NCF1_321_333,0.6622427879376023
DMPK,NCF1_321_333,0.6622427879376023
IRAK,NCF1_321_333,0.6622427879376023
PHK,NCF1_321_333,0.6622427879376023
PKA,NCF1_321_333,0.6622427879376023
PKCA,NCF1_321_333,0.6622427879376023
PKCD,NCF1_321_333,0.6622427879376023
QIK,NCF1_321_333,0.6622427879376023
VRK2,NCF1_321_333,0.6622427879376023
BARK1,NEK2_172_184,-0.16587989880945417
CAMK1,NEK2_172_184,-0.16587989880945417
CAMK2,NEK2_172_184,-0.16587989880945417
CDK,NEK2_172_184,-0.16587989880945417
DYRK,NEK2_172_184,-0.16587989880945417
ERK,NEK2_172_184,-0.16587989880945417
FRAY,NEK2_172_184,-0.16587989880945417
LKB,NEK2_172_184,-0.16587989880945417
MELK,NEK2_172_184,-0.16587989880945417
MST,NEK2_172_184,-0.16587989880945417
MTOR,NEK2_172_184,-0.16587989880945417
NEK,NEK2_172_184,-0.16587989880945417
P38,NEK2_172_184,-0.16587989880945417
PDHK,NEK2_172_184,-0.16587989880945417
PDK1,NEK2_172_184,-0.16587989880945417
PEK,NEK2_172_184,-0.16587989880945417
PKCA,NEK2_172_184,-0.16587989880945417
PKCH,NEK2_172_184,-0.16587989880945417
RSK,NEK2_172_184,-0.16587989880945417
STE11,NEK2_172_184,-0.16587989880945417
STE7,NEK2_172_184,-0.16587989880945417
VRK2,NEK2_172_184,-0.16587989880945417
BARK1,NEK3_158_170,-0.20762045684897917
CAMK2,NEK3_158_170,-0.20762045684897917
DYRK,NEK3_158_170,-0.20762045684897917
ERK,NEK3_158_170,-0.20762045684897917
LKB,NEK3_158_170,-0.20762045684897917
MST,NEK3_158_170,-0.20762045684897917
NEK,NEK3_158_170,-0.20762045684897917
PDHK,NEK3_158_170,-0.20762045684897917
PDK1,NEK3_158_170,-0.20762045684897917
PEK,NEK3_158_170,-0.20762045684897917
PKCH,NEK3_158_170,-0.20762045684897917
STE11,NEK3_158_170,-0.20762045684897917
STE7,NEK3_158_170,-0.20762045684897917
VRK2,NEK3_158_170,-0.20762045684897917
BARK1,NFKB1_330_342,0.6971658182479379
CDK,NFKB1_330_342,0.6971658182479379
DMPK,NFKB1_330_342,0.6971658182479379
IKK,NFKB1_330_342,0.6971658182479379
MAPKAPK,NFKB1_330_342,0.6971658182479379
PAKA,NFKB1_330_342,0.6971658182479379
PDHK,NFKB1_330_342,0.6971658182479379
PEK,NFKB1_330_342,0.6971658182479379
PIM,NFKB1_330_342,0.6971658182479379
PKA,NFKB1_330_342,0.6971658182479379
PKCA,NFKB1_330_342,0.6971658182479379
PKG,NFKB1_330_342,0.6971658182479379
PLK,NFKB1_330_342,0.6971658182479379
STE7,NFKB1_330_342,0.6971658182479379
VRK2,NFKB1_330_342,0.6971658182479379
BARK1,NMDZ1_890_902,0.16982209623787745
AKT,NMDZ1_890_902,0.16982209623787745
AMPK,NMDZ1_890_902,0.16982209623787745
AUR,NMDZ1_890_902,0.16982209623787745
CAMK1,NMDZ1_890_902,0.16982209623787745
CDK,NMDZ1_890_902,0.16982209623787745
CHK1,NMDZ1_890_902,0.16982209623787745
DAPK,NMDZ1_890_902,0.16982209623787745
DMPK,NMDZ1_890_902,0.16982209623787745
FRAY,NMDZ1_890_902,0.16982209623787745
GRK,NMDZ1_890_902,0.16982209623787745
IKK,NMDZ1_890_902,0.16982209623787745
MELK,NMDZ1_890_902,0.16982209623787745
MLK,NMDZ1_890_902,0.16982209623787745
MSN,NMDZ1_890_902,0.16982209623787745
MST,NMDZ1_890_902,0.16982209623787745
MTOR,NMDZ1_890_902,0.16982209623787745
PAKA,NMDZ1_890_902,0.16982209623787745
PDHK,NMDZ1_890_902,0.16982209623787745
PDK1,NMDZ1_890_902,0.16982209623787745
PEK,NMDZ1_890_902,0.16982209623787745
PHK,NMDZ1_890_902,0.16982209623787745
PIM,NMDZ1_890_902,0.16982209623787745
PKA,NMDZ1_890_902,0.16982209623787745
PKCA,NMDZ1_890_902,0.16982209623787745
PKCI,NMDZ1_890_902,0.16982209623787745
PKD,NMDZ1_890_902,0.16982209623787745
PKG,NMDZ1_890_902,0.16982209623787745
PLK,NMDZ1_890_902,0.16982209623787745
QIK,NMDZ1_890_902,0.16982209623787745
RAD53,NMDZ1_890_902,0.16982209623787745
RAF,NMDZ1_890_902,0.16982209623787745
RIPK,NMDZ1_890_902,0.16982209623787745
RSK,NMDZ1_890_902,0.16982209623787745
SGK,NMDZ1_890_902,0.16982209623787745
STE7,NMDZ1_890_902,0.16982209623787745
VRK2,NMDZ1_890_902,0.16982209623787745
AKT,NOS3_1171_1183,-0.04198314035232187
AMPK,NOS3_1171_1183,-0.04198314035232187
BARK1,NOS3_1171_1183,-0.04198314035232187
CDK,NOS3_1171_1183,-0.04198314035232187
CK1,NOS3_1171_1183,-0.04198314035232187
DMPK,NOS3_1171_1183,-0.04198314035232187
MELK,NOS3_1171_1183,-0.04198314035232187
PDHK,NOS3_1171_1183,-0.04198314035232187
PDK1,NOS3_1171_1183,-0.04198314035232187
PEK,NOS3_1171_1183,-0.04198314035232187
PHK,NOS3_1171_1183,-0.04198314035232187
PIM,NOS3_1171_1183,-0.04198314035232187
PKA,NOS3_1171_1183,-0.04198314035232187
PKCA,NOS3_1171_1183,-0.04198314035232187
PKG,NOS3_1171_1183,-0.04198314035232187
QIK,NOS3_1171_1183,-0.04198314035232187
RAD53,NOS3_1171_1183,-0.04198314035232187
RIPK,NOS3_1171_1183,-0.04198314035232187
RSK,NOS3_1171_1183,-0.04198314035232187
SGK,NOS3_1171_1183,-0.04198314035232187
VRK2,NOS3_1171_1183,-0.04198314035232187
AKT,NR4A1_344_356,-0.14657948876996615
BARK1,NR4A1_344_356,-0.14657948876996615
CDK,NR4A1_344_356,-0.14657948876996615
DMPK,NR4A1_344_356,-0.14657948876996615
PHK,NR4A1_344_356,-0.14657948876996615
PIM,NR4A1_344_356,-0.14657948876996615
PKA,NR4A1_344_356,-0.14657948876996615
PKCA,NR4A1_344_356,-0.14657948876996615
RAF,NR4A1_344_356,-0.14657948876996615
RSK,NR4A1_344_356,-0.14657948876996615
VRK2,NR4A1_344_356,-0.14657948876996615
AUR,P53_308_323,-0.22012009638238972
BARK1,P53_308_323,-0.22012009638238972
CAMK1,P53_308_323,-0.22012009638238972
CDK,P53_308_323,-0.22012009638238972
DYRK,P53_308_323,-0.22012009638238972
ERK,P53_308_323,-0.22012009638238972
IKK,P53_308_323,-0.22012009638238972
JNK,P53_308_323,-0.22012009638238972
P38,P53_308_323,-0.22012009638238972
PKCA,P53_308_323,-0.22012009638238972
PLK,P53_308_323,-0.22012009638238972
QIK,P53_308_323,-0.22012009638238972
STE7,P53_308_323,-0.22012009638238972
VRK2,P53_308_323,-0.22012009638238972
AUR,PLEK_106_118,0.05300873286257138
BARK1,PLEK_106_118,0.05300873286257138
CDK,PLEK_106_118,0.05300873286257138
CK1,PLEK_106_118,0.05300873286257138
DMPK,PLEK_106_118,0.05300873286257138
MST,PLEK_106_118,0.05300873286257138
PEK,PLEK_106_118,0.05300873286257138
PKCA,PLEK_106_118,0.05300873286257138
PKCD,PLEK_106_118,0.05300873286257138
PKCH,PLEK_106_118,0.05300873286257138
PLK,PLEK_106_118,0.05300873286257138
VRK2,PLEK_106_118,0.05300873286257138
BARK1,PLM_76_88,0.397599264454857
CDK,PLM_76_88,0.397599264454857
DMPK,PLM_76_88,0.397599264454857
IKK,PLM_76_88,0.397599264454857
PAKA,PLM_76_88,0.397599264454857
PDHK,PLM_76_88,0.397599264454857
PDK1,PLM_76_88,0.397599264454857
PEK,PLM_76_88,0.397599264454857
PIM,PLM_76_88,0.397599264454857
PKA,PLM_76_88,0.397599264454857
PKCA,PLM_76_88,0.397599264454857
PKD,PLM_76_88,0.397599264454857
PKG,PLM_76_88,0.397599264454857
PLK,PLM_76_88,0.397599264454857
RAD53,PLM_76_88,0.397599264454857
RIPK,PLM_76_88,0.397599264454857
RSK,PLM_76_88,0.397599264454857
STE7,PLM_76_88,0.397599264454857
VRK2,PLM_76_88,0.397599264454857
EGFR,PP2AB_297_309,0.01352212764895632
CSK,PP2AB_297_309,0.01352212764895632
TEC,PP2AB_297_309,0.01352212764895632
PDGFR,PP2AB_297_309,0.01352212764895632
SYK,PP2AB_297_309,0.01352212764895632
AXL,PP2AB_297_309,0.01352212764895632
VEGFR,PP2AB_297_309,0.01352212764895632
BARK1,PP2AB_297_309,0.01352212764895632
BARK2,PP2AB_297_309,0.01352212764895632
CDK,PP2AB_297_309,0.01352212764895632
DYRK,PP2AB_297_309,0.01352212764895632
JNK,PP2AB_297_309,0.01352212764895632
VRK2,PP2AB_297_309,0.01352212764895632
AKT,PPR1A_28_40,0.01589388485818421
BARK1,PPR1A_28_40,0.01589388485818421
CDK,PPR1A_28_40,0.01589388485818421
DAPK,PPR1A_28_40,0.01589388485818421
DMPK,PPR1A_28_40,0.01589388485818421
DYRK,PPR1A_28_40,0.01589388485818421
GSK,PPR1A_28_40,0.01589388485818421
JNK,PPR1A_28_40,0.01589388485818421
P38,PPR1A_28_40,0.01589388485818421
PDK1,PPR1A_28_40,0.01589388485818421
PEK,PPR1A_28_40,0.01589388485818421
PHK,PPR1A_28_40,0.01589388485818421
PKA,PPR1A_28_40,0.01589388485818421
RSK,PPR1A_28_40,0.01589388485818421
VRK2,PPR1A_28_40,0.01589388485818421
ATR,PRKDC_2618_2630,-0.24302929170446705
BARK1,PRKDC_2618_2630,-0.24302929170446705
BARK2,PRKDC_2618_2630,-0.24302929170446705
CK1,PRKDC_2618_2630,-0.24302929170446705
DMPK,PRKDC_2618_2630,-0.24302929170446705
IKK,PRKDC_2618_2630,-0.24302929170446705
MELK,PRKDC_2618_2630,-0.24302929170446705
MLK,PRKDC_2618_2630,-0.24302929170446705
MTOR,PRKDC_2618_2630,-0.24302929170446705
NEK,PRKDC_2618_2630,-0.24302929170446705
P38,PRKDC_2618_2630,-0.24302929170446705
PHK,PRKDC_2618_2630,-0.24302929170446705
PIM,PRKDC_2618_2630,-0.24302929170446705
PKA,PRKDC_2618_2630,-0.24302929170446705
PKCA,PRKDC_2618_2630,-0.24302929170446705
PKG,PRKDC_2618_2630,-0.24302929170446705
PRKDC,PRKDC_2618_2630,-0.24302929170446705
PLK,PRKDC_2618_2630,-0.24302929170446705
QIK,PRKDC_2618_2630,-0.24302929170446705
SGK,PRKDC_2618_2630,-0.24302929170446705
STE7,PRKDC_2618_2630,-0.24302929170446705
VRK2,PRKDC_2618_2630,-0.24302929170446705
AKT,PTK6_436_448,0.5560937992318156
BARK1,PTK6_436_448,0.5560937992318156
CAMK1,PTK6_436_448,0.5560937992318156
CDK,PTK6_436_448,0.5560937992318156
CK1,PTK6_436_448,0.5560937992318156
DMPK,PTK6_436_448,0.5560937992318156
MAPKAPK,PTK6_436_448,0.5560937992318156
MELK,PTK6_436_448,0.5560937992318156
P38,PTK6_436_448,0.5560937992318156
PAKA,PTK6_436_448,0.5560937992318156
PDHK,PTK6_436_448,0.5560937992318156
PDK1,PTK6_436_448,0.5560937992318156
PEK,PTK6_436_448,0.5560937992318156
PHK,PTK6_436_448,0.5560937992318156
PIM,PTK6_436_448,0.5560937992318156
PKA,PTK6_436_448,0.5560937992318156
PKCA,PTK6_436_448,0.5560937992318156
PKCD,PTK6_436_448,0.5560937992318156
PKCI,PTK6_436_448,0.5560937992318156
PKD,PTK6_436_448,0.5560937992318156
PKG,PTK6_436_448,0.5560937992318156
QIK,PTK6_436_448,0.5560937992318156
RAD53,PTK6_436_448,0.5560937992318156
RSK,PTK6_436_448,0.5560937992318156
STE7,PTK6_436_448,0.5560937992318156
VRK2,PTK6_436_448,0.5560937992318156
BARK1,PTN12_32_44,0.4787914176371846
CDK,PTN12_32_44,0.4787914176371846
DMPK,PTN12_32_44,0.4787914176371846
FRAY,PTN12_32_44,0.4787914176371846
MAPKAPK,PTN12_32_44,0.4787914176371846
MLK,PTN12_32_44,0.4787914176371846
PAKA,PTN12_32_44,0.4787914176371846
PDHK,PTN12_32_44,0.4787914176371846
PEK,PTN12_32_44,0.4787914176371846
PHK,PTN12_32_44,0.4787914176371846
PIM,PTN12_32_44,0.4787914176371846
PKA,PTN12_32_44,0.4787914176371846
PKCA,PTN12_32_44,0.4787914176371846
PKCD,PTN12_32_44,0.4787914176371846
PKD,PTN12_32_44,0.4787914176371846
PKG,PTN12_32_44,0.4787914176371846
QIK,PTN12_32_44,0.4787914176371846
RAD53,PTN12_32_44,0.4787914176371846
RSK,PTN12_32_44,0.4787914176371846
VRK2,PTN12_32_44,0.4787914176371846
BARK1,RADI_559_569,-0.3971878774405552
COT,RADI_559_569,-0.3971878774405552
DMPK,RADI_559_569,-0.3971878774405552
MSN,RADI_559_569,-0.3971878774405552
MST,RADI_559_569,-0.3971878774405552
PHK,RADI_559_569,-0.3971878774405552
PIM,RADI_559_569,-0.3971878774405552
PKCA,RADI_559_569,-0.3971878774405552
SLK,RADI_559_569,-0.3971878774405552
VRK2,RADI_559_569,-0.3971878774405552
AKT,RAF1_253_265,0.01916871163777529
AMPK,RAF1_253_265,0.01916871163777529
BARK1,RAF1_253_265,0.01916871163777529
CAMK1,RAF1_253_265,0.01916871163777529
CDK,RAF1_253_265,0.01916871163777529
DAPK,RAF1_253_265,0.01916871163777529
DMPK,RAF1_253_265,0.01916871163777529
DYRK,RAF1_253_265,0.01916871163777529
ERK,RAF1_253_265,0.01916871163777529
JNK,RAF1_253_265,0.01916871163777529
MAPKAPK,RAF1_253_265,0.01916871163777529
MARK,RAF1_253_265,0.01916871163777529
NDR,RAF1_253_265,0.01916871163777529
P38,RAF1_253_265,0.01916871163777529
PAKA,RAF1_253_265,0.01916871163777529
PDK1,RAF1_253_265,0.01916871163777529
PHK,RAF1_253_265,0.01916871163777529
PKA,RAF1_253_265,0.01916871163777529
PKCA,RAF1_253_265,0.01916871163777529
QIK,RAF1_253_265,0.01916871163777529
RAF,RAF1_253_265,0.01916871163777529
RIPK,RAF1_253_265,0.01916871163777529
RSK,RAF1_253_265,0.01916871163777529
SGK,RAF1_253_265,0.01916871163777529
VRK2,RAF1_253_265,0.01916871163777529
AKT,RAP1B_172_184,-0.05138118924311612
AMPK,RAP1B_172_184,-0.05138118924311612
BARK1,RAP1B_172_184,-0.05138118924311612
CDK,RAP1B_172_184,-0.05138118924311612
DMPK,RAP1B_172_184,-0.05138118924311612
IKK,RAP1B_172_184,-0.05138118924311612
MAPKAPK,RAP1B_172_184,-0.05138118924311612
PDHK,RAP1B_172_184,-0.05138118924311612
PEK,RAP1B_172_184,-0.05138118924311612
PHK,RAP1B_172_184,-0.05138118924311612
PIM,RAP1B_172_184,-0.05138118924311612
PKA,RAP1B_172_184,-0.05138118924311612
PKCA,RAP1B_172_184,-0.05138118924311612
PKG,RAP1B_172_184,-0.05138118924311612
QIK,RAP1B_172_184,-0.05138118924311612
RAD53,RAP1B_172_184,-0.05138118924311612
RSK,RAP1B_172_184,-0.05138118924311612
VRK2,RAP1B_172_184,-0.05138118924311612
BARK1,RBL2_655_667,-0.03815627802927413
CDK,RBL2_655_667,-0.03815627802927413
CK1,RBL2_655_667,-0.03815627802927413
DMPK,RBL2_655_667,-0.03815627802927413
DYRK,RBL2_655_667,-0.03815627802927413
ERK,RBL2_655_667,-0.03815627802927413
FRAY,RBL2_655_667,-0.03815627802927413
GSK,RBL2_655_667,-0.03815627802927413
IKK,RBL2_655_667,-0.03815627802927413
JNK,RBL2_655_667,-0.03815627802927413
MAPKAPK,RBL2_655_667,-0.03815627802927413
MELK,RBL2_655_667,-0.03815627802927413
MTOR,RBL2_655_667,-0.03815627802927413
NEK,RBL2_655_667,-0.03815627802927413
P38,RBL2_655_667,-0.03815627802927413
PDK1,RBL2_655_667,-0.03815627802927413
PEK,RBL2_655_667,-0.03815627802927413
PHK,RBL2_655_667,-0.03815627802927413
PIM,RBL2_655_667,-0.03815627802927413
PKCA,RBL2_655_667,-0.03815627802927413
PKD,RBL2_655_667,-0.03815627802927413
PLK,RBL2_655_667,-0.03815627802927413
QIK,RBL2_655_667,-0.03815627802927413
RAD53,RBL2_655_667,-0.03815627802927413
RAF,RBL2_655_667,-0.03815627802927413
RIPK,RBL2_655_667,-0.03815627802927413
STE7,RBL2_655_667,-0.03815627802927413
VRK2,RBL2_655_667,-0.03815627802927413
BARK1,RB_242_254,-0.1451302674611134
CDK,RB_242_254,-0.1451302674611134
DYRK,RB_242_254,-0.1451302674611134
ERK,RB_242_254,-0.1451302674611134
IRAK,RB_242_254,-0.1451302674611134
P38,RB_242_254,-0.1451302674611134
PDK1,RB_242_254,-0.1451302674611134
PEK,RB_242_254,-0.1451302674611134
PKCA,RB_242_254,-0.1451302674611134
PLK,RB_242_254,-0.1451302674611134
VRK2,RB_242_254,-0.1451302674611134
ATR,RB_350_362,-0.1729188055389018
BARK1,RB_350_362,-0.1729188055389018
CDK,RB_350_362,-0.1729188055389018
DMPK,RB_350_362,-0.1729188055389018
DYRK,RB_350_362,-0.1729188055389018
PDHK,RB_350_362,-0.1729188055389018
PDK1,RB_350_362,-0.1729188055389018
PEK,RB_350_362,-0.1729188055389018
PHK,RB_350_362,-0.1729188055389018
PIM,RB_350_362,-0.1729188055389018
PKCA,RB_350_362,-0.1729188055389018
PRKDC,RB_350_362,-0.1729188055389018
QIK,RB_350_362,-0.1729188055389018
RSK,RB_350_362,-0.1729188055389018
VRK2,RB_350_362,-0.1729188055389018
BARK1,RB_803_815,-0.1690154725407007
CDK,RB_803_815,-0.1690154725407007
CK1,RB_803_815,-0.1690154725407007
DYRK,RB_803_815,-0.1690154725407007
ERK,RB_803_815,-0.1690154725407007
JNK,RB_803_815,-0.1690154725407007
QIK,RB_803_815,-0.1690154725407007
VRK2,RB_803_815,-0.1690154725407007
BARK1,REL_260_272,0.7865484265257813
CDK,REL_260_272,0.7865484265257813
CK1,REL_260_272,0.7865484265257813
DMPK,REL_260_272,0.7865484265257813
MAPKAPK,REL_260_272,0.7865484265257813
MARK,REL_260_272,0.7865484265257813
PAKA,REL_260_272,0.7865484265257813
PEK,REL_260_272,0.7865484265257813
PIM,REL_260_272,0.7865484265257813
PKCA,REL_260_272,0.7865484265257813
PKD,REL_260_272,0.7865484265257813
PKG,REL_260_272,0.7865484265257813
PLK,REL_260_272,0.7865484265257813
RSK,REL_260_272,0.7865484265257813
STE7,REL_260_272,0.7865484265257813
VRK2,REL_260_272,0.7865484265257813
AKT,RS6_228_240,0.5376010556589348
BARK1,RS6_228_240,0.5376010556589348
CAMK1,RS6_228_240,0.5376010556589348
CDK,RS6_228_240,0.5376010556589348
DAPK,RS6_228_240,0.5376010556589348
DMPK,RS6_228_240,0.5376010556589348
IKK,RS6_228_240,0.5376010556589348
MAPKAPK,RS6_228_240,0.5376010556589348
MELK,RS6_228_240,0.5376010556589348
PAKA,RS6_228_240,0.5376010556589348
PASK,RS6_228_240,0.5376010556589348
PDHK,RS6_228_240,0.5376010556589348
PEK,RS6_228_240,0.5376010556589348
PHK,RS6_228_240,0.5376010556589348
PIM,RS6_228_240,0.5376010556589348
PKA,RS6_228_240,0.5376010556589348
PKCA,RS6_228_240,0.5376010556589348
PKCD,RS6_228_240,0.5376010556589348
PKCI,RS6_228_240,0.5376010556589348
PKD,RS6_228_240,0.5376010556589348
PKG,RS6_228_240,0.5376010556589348
QIK,RS6_228_240,0.5376010556589348
RIPK,RS6_228_240,0.5376010556589348
RSK,RS6_228_240,0.5376010556589348
SGK,RS6_228_240,0.5376010556589348
VRK2,RS6_228_240,0.5376010556589348
BARK1,RYR1_4317_4329,0.28160145465580744
DMPK,RYR1_4317_4329,0.28160145465580744
PHK,RYR1_4317_4329,0.28160145465580744
PIM,RYR1_4317_4329,0.28160145465580744
PKA,RYR1_4317_4329,0.28160145465580744
PKCA,RYR1_4317_4329,0.28160145465580744
PKCH,RYR1_4317_4329,0.28160145465580744
PKG,RYR1_4317_4329,0.28160145465580744
RSK,RYR1_4317_4329,0.28160145465580744
VRK2,RYR1_4317_4329,0.28160145465580744
BARK1,SCN7A_898_910,0.6960463516977647
DMPK,SCN7A_898_910,0.6960463516977647
HAL,SCN7A_898_910,0.6960463516977647
IKK,SCN7A_898_910,0.6960463516977647
PHK,SCN7A_898_910,0.6960463516977647
PKA,SCN7A_898_910,0.6960463516977647
PKCA,SCN7A_898_910,0.6960463516977647
PKG,SCN7A_898_910,0.6960463516977647
RIPK,SCN7A_898_910,0.6960463516977647
RSK,SCN7A_898_910,0.6960463516977647
VRK2,SCN7A_898_910,0.6960463516977647
AUR,STK6_283_295,0.3845378934547335
BARK1,STK6_283_295,0.3845378934547335
CAMK1,STK6_283_295,0.3845378934547335
CAMK2,STK6_283_295,0.3845378934547335
CDK,STK6_283_295,0.3845378934547335
DMPK,STK6_283_295,0.3845378934547335
FRAY,STK6_283_295,0.3845378934547335
IKK,STK6_283_295,0.3845378934547335
IRAK,STK6_283_295,0.3845378934547335
LKB,STK6_283_295,0.3845378934547335
MELK,STK6_283_295,0.3845378934547335
MLK,STK6_283_295,0.3845378934547335
MTOR,STK6_283_295,0.3845378934547335
NDR,STK6_283_295,0.3845378934547335
NEK,STK6_283_295,0.3845378934547335
PAKA,STK6_283_295,0.3845378934547335
PDHK,STK6_283_295,0.3845378934547335
PDK1,STK6_283_295,0.3845378934547335
PEK,STK6_283_295,0.3845378934547335
PHK,STK6_283_295,0.3845378934547335
PKA,STK6_283_295,0.3845378934547335
PKCA,STK6_283_295,0.3845378934547335
PKCD,STK6_283_295,0.3845378934547335
PLK,STK6_283_295,0.3845378934547335
PRKDC,STK6_283_295,0.3845378934547335
QIK,STK6_283_295,0.3845378934547335
RAD53,STK6_283_295,0.3845378934547335
RSK,STK6_283_295,0.3845378934547335
STE7,STK6_283_295,0.3845378934547335
VRK2,STK6_283_295,0.3845378934547335
AKT,TAU_524_536,-0.06762163233677132
BARK1,TAU_524_536,-0.06762163233677132
CAMK1,TAU_524_536,-0.06762163233677132
CDK,TAU_524_536,-0.06762163233677132
DMPK,TAU_524_536,-0.06762163233677132
DYRK,TAU_524_536,-0.06762163233677132
ERK,TAU_524_536,-0.06762163233677132
GRK,TAU_524_536,-0.06762163233677132
GSK,TAU_524_536,-0.06762163233677132
IKK,TAU_524_536,-0.06762163233677132
JNK,TAU_524_536,-0.06762163233677132
MAPKAPK,TAU_524_536,-0.06762163233677132
MELK,TAU_524_536,-0.06762163233677132
MTOR,TAU_524_536,-0.06762163233677132
P38,TAU_524_536,-0.06762163233677132
PDK1,TAU_524_536,-0.06762163233677132
PEK,TAU_524_536,-0.06762163233677132
PHK,TAU_524_536,-0.06762163233677132
PIM,TAU_524_536,-0.06762163233677132
PKA,TAU_524_536,-0.06762163233677132
PKCA,TAU_524_536,-0.06762163233677132
PKD,TAU_524_536,-0.06762163233677132
PLK,TAU_524_536,-0.06762163233677132
QIK,TAU_524_536,-0.06762163233677132
RAF,TAU_524_536,-0.06762163233677132
RIPK,TAU_524_536,-0.06762163233677132
RSK,TAU_524_536,-0.06762163233677132
SGK,TAU_524_536,-0.06762163233677132
STE11,TAU_524_536,-0.06762163233677132
VRK2,TAU_524_536,-0.06762163233677132
AKT,TOP2A_1463_1475,0.5757347178400677
BARK1,TOP2A_1463_1475,0.5757347178400677
CDK,TOP2A_1463_1475,0.5757347178400677
CK1,TOP2A_1463_1475,0.5757347178400677
CK2,TOP2A_1463_1475,0.5757347178400677
DAPK,TOP2A_1463_1475,0.5757347178400677
DMPK,TOP2A_1463_1475,0.5757347178400677
IKK,TOP2A_1463_1475,0.5757347178400677
MLK,TOP2A_1463_1475,0.5757347178400677
NEK,TOP2A_1463_1475,0.5757347178400677
PAKA,TOP2A_1463_1475,0.5757347178400677
PEK,TOP2A_1463_1475,0.5757347178400677
PHK,TOP2A_1463_1475,0.5757347178400677
PIM,TOP2A_1463_1475,0.5757347178400677
PKA,TOP2A_1463_1475,0.5757347178400677
PKCA,TOP2A_1463_1475,0.5757347178400677
PKG,TOP2A_1463_1475,0.5757347178400677
PLK,TOP2A_1463_1475,0.5757347178400677
QIK,TOP2A_1463_1475,0.5757347178400677
RAD53,TOP2A_1463_1475,0.5757347178400677
RIPK,TOP2A_1463_1475,0.5757347178400677
RSK,TOP2A_1463_1475,0.5757347178400677
VRK2,TOP2A_1463_1475,0.5757347178400677
BARK1,TY3H_65_77,0.7748256003847741
CAMK2,TY3H_65_77,0.7748256003847741
MAPKAPK,TY3H_65_77,0.7748256003847741
PHK,TY3H_65_77,0.7748256003847741
PIM,TY3H_65_77,0.7748256003847741
PKA,TY3H_65_77,0.7748256003847741
PKCA,TY3H_65_77,0.7748256003847741
PKG,TY3H_65_77,0.7748256003847741
QIK,TY3H_65_77,0.7748256003847741
RIPK,TY3H_65_77,0.7748256003847741
RSK,TY3H_65_77,0.7748256003847741
VRK2,TY3H_65_77,0.7748256003847741
BARK1,VASP_150_162,0.8111912197920544
DMPK,VASP_150_162,0.8111912197920544
PHK,VASP_150_162,0.8111912197920544
PIM,VASP_150_162,0.8111912197920544
PKA,VASP_150_162,0.8111912197920544
PKCA,VASP_150_162,0.8111912197920544
PKD,VASP_150_162,0.8111912197920544
PKG,VASP_150_162,0.8111912197920544
RIPK,VASP_150_162,0.8111912197920544
RSK,VASP_150_162,0.8111912197920544
VRK2,VASP_150_162,0.8111912197920544
BARK1,VASP_232_244,-0.09716754305734612
CDK,VASP_232_244,-0.09716754305734612
DMPK,VASP_232_244,-0.09716754305734612
IKK,VASP_232_244,-0.09716754305734612
MAPKAPK,VASP_232_244,-0.09716754305734612
PHK,VASP_232_244,-0.09716754305734612
PIM,VASP_232_244,-0.09716754305734612
PKA,VASP_232_244,-0.09716754305734612
PKCA,VASP_232_244,-0.09716754305734612
PKCH,VASP_232_244,-0.09716754305734612
PKD,VASP_232_244,-0.09716754305734612
PKG,VASP_232_244,-0.09716754305734612
RIPK,VASP_232_244,-0.09716754305734612
RSK,VASP_232_244,-0.09716754305734612
VRK2,VASP_232_244,-0.09716754305734612
AKT,VASP_271_283,0.31508123480770794
ATR,VASP_271_283,0.31508123480770794
AMPK,VASP_271_283,0.31508123480770794
BARK1,VASP_271_283,0.31508123480770794
DMPK,VASP_271_283,0.31508123480770794
IKK,VASP_271_283,0.31508123480770794
PAKA,VASP_271_283,0.31508123480770794
PHK,VASP_271_283,0.31508123480770794
PIM,VASP_271_283,0.31508123480770794
PKA,VASP_271_283,0.31508123480770794
PKG,VASP_271_283,0.31508123480770794
RIPK,VASP_271_283,0.31508123480770794
RSK,VASP_271_283,0.31508123480770794
VRK2,VASP_271_283,0.31508123480770794
AKT,VTNC_390_402,0.6563591425892975
BARK1,VTNC_390_402,0.6563591425892975
CDK,VTNC_390_402,0.6563591425892975
DAPK,VTNC_390_402,0.6563591425892975
DMPK,VTNC_390_402,0.6563591425892975
PDHK,VTNC_390_402,0.6563591425892975
PEK,VTNC_390_402,0.6563591425892975
PHK,VTNC_390_402,0.6563591425892975
PKA,VTNC_390_402,0.6563591425892975
PKCA,VTNC_390_402,0.6563591425892975
QIK,VTNC_390_402,0.6563591425892975
RIPK,VTNC_390_402,0.6563591425892975
RSK,VTNC_390_402,0.6563591425892975
SGK,VTNC_390_402,0.6563591425892975
VRK2,VTNC_390_402,0.6563591425892975
BARK1,ACM1_444_456,-0.12876053680886348
CDK,ACM1_444_456,-0.12876053680886348
CK1,ACM1_444_456,-0.12876053680886348
DAPK,ACM1_444_456,-0.12876053680886348
DMPK,ACM1_444_456,-0.12876053680886348
DYRK,ACM1_444_456,-0.12876053680886348
ERK,ACM1_444_456,-0.12876053680886348
GSK,ACM1_444_456,-0.12876053680886348
IRAK,ACM1_444_456,-0.12876053680886348
JNK,ACM1_444_456,-0.12876053680886348
MLCK,ACM1_444_456,-0.12876053680886348
P38,ACM1_444_456,-0.12876053680886348
PDK1,ACM1_444_456,-0.12876053680886348
PEK,ACM1_444_456,-0.12876053680886348
PHK,ACM1_444_456,-0.12876053680886348
PIM,ACM1_444_456,-0.12876053680886348
PKCA,ACM1_444_456,-0.12876053680886348
RSK,ACM1_444_456,-0.12876053680886348
VRK2,ACM1_444_456,-0.12876053680886348
BARK1,ACM4_456_468,-0.1100707360430304
FRAY,ACM4_456_468,-0.1100707360430304
MELK,ACM4_456_468,-0.1100707360430304
PDHK,ACM4_456_468,-0.1100707360430304
PDK1,ACM4_456_468,-0.1100707360430304
PIM,ACM4_456_468,-0.1100707360430304
PKCA,ACM4_456_468,-0.1100707360430304
PKCH,ACM4_456_468,-0.1100707360430304
VRK2,ACM4_456_468,-0.1100707360430304
BARK1,ADDB_696_708,-0.10198928029738408
CDK,ADDB_696_708,-0.10198928029738408
CK1,ADDB_696_708,-0.10198928029738408
DMPK,ADDB_696_708,-0.10198928029738408
DYRK,ADDB_696_708,-0.10198928029738408
ERK,ADDB_696_708,-0.10198928029738408
GSK,ADDB_696_708,-0.10198928029738408
IKK,ADDB_696_708,-0.10198928029738408
JNK,ADDB_696_708,-0.10198928029738408
MELK,ADDB_696_708,-0.10198928029738408
MST,ADDB_696_708,-0.10198928029738408
NEK,ADDB_696_708,-0.10198928029738408
P38,ADDB_696_708,-0.10198928029738408
PDK1,ADDB_696_708,-0.10198928029738408
PEK,ADDB_696_708,-0.10198928029738408
PKCA,ADDB_696_708,-0.10198928029738408
PKCH,ADDB_696_708,-0.10198928029738408
PLK,ADDB_696_708,-0.10198928029738408
QIK,ADDB_696_708,-0.10198928029738408
RIPK,ADDB_696_708,-0.10198928029738408
STE7,ADDB_696_708,-0.10198928029738408
VRK1,ADDB_696_708,-0.10198928029738408
VRK2,ADDB_696_708,-0.10198928029738408
BARK1,ADDB_706_718,-0.14487917223399016
CDK,ADDB_706_718,-0.14487917223399016
CHK1,ADDB_706_718,-0.14487917223399016
DMPK,ADDB_706_718,-0.14487917223399016
DYRK,ADDB_706_718,-0.14487917223399016
ERK,ADDB_706_718,-0.14487917223399016
JNK,ADDB_706_718,-0.14487917223399016
MAPKAPK,ADDB_706_718,-0.14487917223399016
MST,ADDB_706_718,-0.14487917223399016
NEK,ADDB_706_718,-0.14487917223399016
P38,ADDB_706_718,-0.14487917223399016
PAKA,ADDB_706_718,-0.14487917223399016
PDHK,ADDB_706_718,-0.14487917223399016
PDK1,ADDB_706_718,-0.14487917223399016
PEK,ADDB_706_718,-0.14487917223399016
PHK,ADDB_706_718,-0.14487917223399016
PIM,ADDB_706_718,-0.14487917223399016
PKCA,ADDB_706_718,-0.14487917223399016
PLK,ADDB_706_718,-0.14487917223399016
RAD53,ADDB_706_718,-0.14487917223399016
RSK,ADDB_706_718,-0.14487917223399016
VRK2,ADDB_706_718,-0.14487917223399016
AKT,ADRB2_338_350,0.6061323177146258
BARK1,ADRB2_338_350,0.6061323177146258
CAMK1,ADRB2_338_350,0.6061323177146258
CDK,ADRB2_338_350,0.6061323177146258
CHK1,ADRB2_338_350,0.6061323177146258
DMPK,ADRB2_338_350,0.6061323177146258
GRK,ADRB2_338_350,0.6061323177146258
PAKA,ADRB2_338_350,0.6061323177146258
PKA,ADRB2_338_350,0.6061323177146258
PKCA,ADRB2_338_350,0.6061323177146258
PKCI,ADRB2_338_350,0.6061323177146258
PKG,ADRB2_338_350,0.6061323177146258
RAD53,ADRB2_338_350,0.6061323177146258
RSK,ADRB2_338_350,0.6061323177146258
VRK2,ADRB2_338_350,0.6061323177146258
AKT,ANDR_785_797,0.0958656133095325
ATR,ANDR_785_797,0.0958656133095325
BARK1,ANDR_785_797,0.0958656133095325
DMPK,ANDR_785_797,0.0958656133095325
PHK,ANDR_785_797,0.0958656133095325
PIM,ANDR_785_797,0.0958656133095325
PKA,ANDR_785_797,0.0958656133095325
PKD,ANDR_785_797,0.0958656133095325
RAF,ANDR_785_797,0.0958656133095325
RSK,ANDR_785_797,0.0958656133095325
VRK2,ANDR_785_797,0.0958656133095325
AKT,ANXA1_209_221,0.11570706027808372
BARK1,ANXA1_209_221,0.11570706027808372
DMPK,ANXA1_209_221,0.11570706027808372
PHK,ANXA1_209_221,0.11570706027808372
PKA,ANXA1_209_221,0.11570706027808372
PKCA,ANXA1_209_221,0.11570706027808372
PKG,ANXA1_209_221,0.11570706027808372
RSK,ANXA1_209_221,0.11570706027808372
VRK2,ANXA1_209_221,0.11570706027808372
AMPK,BAD_112_124,0.3644320778812092
BARK1,BAD_112_124,0.3644320778812092
CK1,BAD_112_124,0.3644320778812092
DMPK,BAD_112_124,0.3644320778812092
FRAY,BAD_112_124,0.3644320778812092
IRAK,BAD_112_124,0.3644320778812092
NEK,BAD_112_124,0.3644320778812092
PAKA,BAD_112_124,0.3644320778812092
PDHK,BAD_112_124,0.3644320778812092
PEK,BAD_112_124,0.3644320778812092
PHK,BAD_112_124,0.3644320778812092
PIM,BAD_112_124,0.3644320778812092
PKA,BAD_112_124,0.3644320778812092
PKCA,BAD_112_124,0.3644320778812092
PKCI,BAD_112_124,0.3644320778812092
PKD,BAD_112_124,0.3644320778812092
PKG,BAD_112_124,0.3644320778812092
QIK,BAD_112_124,0.3644320778812092
RAF,BAD_112_124,0.3644320778812092
RSK,BAD_112_124,0.3644320778812092
STE7,BAD_112_124,0.3644320778812092
VRK2,BAD_112_124,0.3644320778812092
AKT,BAD_69_81,-0.06171417225859758
BARK1,BAD_69_81,-0.06171417225859758
CDK,BAD_69_81,-0.06171417225859758
DMPK,BAD_69_81,-0.06171417225859758
ERK,BAD_69_81,-0.06171417225859758
MELK,BAD_69_81,-0.06171417225859758
MTOR,BAD_69_81,-0.06171417225859758
PAKA,BAD_69_81,-0.06171417225859758
PAKB,BAD_69_81,-0.06171417225859758
PDHK,BAD_69_81,-0.06171417225859758
PDK1,BAD_69_81,-0.06171417225859758
PEK,BAD_69_81,-0.06171417225859758
PHK,BAD_69_81,-0.06171417225859758
PIM,BAD_69_81,-0.06171417225859758
PKA,BAD_69_81,-0.06171417225859758
PKCA,BAD_69_81,-0.06171417225859758
PKCI,BAD_69_81,-0.06171417225859758
PKD,BAD_69_81,-0.06171417225859758
PKG,BAD_69_81,-0.06171417225859758
QIK,BAD_69_81,-0.06171417225859758
RAD53,BAD_69_81,-0.06171417225859758
RAF,BAD_69_81,-0.06171417225859758
RSK,BAD_69_81,-0.06171417225859758
SGK,BAD_69_81,-0.06171417225859758
VRK2,BAD_69_81,-0.06171417225859758
AKT,BAD_93_105,-0.11532268174665848
BARK1,BAD_93_105,-0.11532268174665848
DMPK,BAD_93_105,-0.11532268174665848
MAPKAPK,BAD_93_105,-0.11532268174665848
PAKA,BAD_93_105,-0.11532268174665848
PHK,BAD_93_105,-0.11532268174665848
PIM,BAD_93_105,-0.11532268174665848
PKA,BAD_93_105,-0.11532268174665848
PKCA,BAD_93_105,-0.11532268174665848
PKCI,BAD_93_105,-0.11532268174665848
PKD,BAD_93_105,-0.11532268174665848
PKG,BAD_93_105,-0.11532268174665848
QIK,BAD_93_105,-0.11532268174665848
RAF,BAD_93_105,-0.11532268174665848
RSK,BAD_93_105,-0.11532268174665848
SGK,BAD_93_105,-0.11532268174665848
VRK2,BAD_93_105,-0.11532268174665848
AKT,BCKD_45_57,-0.09110407518122
BARK1,BCKD_45_57,-0.09110407518122
CDK,BCKD_45_57,-0.09110407518122
DMPK,BCKD_45_57,-0.09110407518122
FRAY,BCKD_45_57,-0.09110407518122
GRK,BCKD_45_57,-0.09110407518122
IKK,BCKD_45_57,-0.09110407518122
MAPKAPK,BCKD_45_57,-0.09110407518122
MELK,BCKD_45_57,-0.09110407518122
MLCK,BCKD_45_57,-0.09110407518122
MST,BCKD_45_57,-0.09110407518122
PAKA,BCKD_45_57,-0.09110407518122
PDHK,BCKD_45_57,-0.09110407518122
PDK1,BCKD_45_57,-0.09110407518122
PEK,BCKD_45_57,-0.09110407518122
PHK,BCKD_45_57,-0.09110407518122
PIM,BCKD_45_57,-0.09110407518122
PKA,BCKD_45_57,-0.09110407518122
PKCA,BCKD_45_57,-0.09110407518122
PKG,BCKD_45_57,-0.09110407518122
PLK,BCKD_45_57,-0.09110407518122
QIK,BCKD_45_57,-0.09110407518122
RSK,BCKD_45_57,-0.09110407518122
SGK,BCKD_45_57,-0.09110407518122
STE7,BCKD_45_57,-0.09110407518122
VRK2,BCKD_45_57,-0.09110407518122
BARK1,CAC1C_1974_1986,0.6137368471172797
CAMK1,CAC1C_1974_1986,0.6137368471172797
MAPKAPK,CAC1C_1974_1986,0.6137368471172797
PDHK,CAC1C_1974_1986,0.6137368471172797
PHK,CAC1C_1974_1986,0.6137368471172797
PIM,CAC1C_1974_1986,0.6137368471172797
PKCA,CAC1C_1974_1986,0.6137368471172797
PKD,CAC1C_1974_1986,0.6137368471172797
PKG,CAC1C_1974_1986,0.6137368471172797
QIK,CAC1C_1974_1986,0.6137368471172797
RAD53,CAC1C_1974_1986,0.6137368471172797
RIPK,CAC1C_1974_1986,0.6137368471172797
RSK,CAC1C_1974_1986,0.6137368471172797
VRK2,CAC1C_1974_1986,0.6137368471172797
AKT,CD27_212_224,-0.16669197887606688
BARK1,CD27_212_224,-0.16669197887606688
CDK,CD27_212_224,-0.16669197887606688
DMPK,CD27_212_224,-0.16669197887606688
ERK,CD27_212_224,-0.16669197887606688
IKK,CD27_212_224,-0.16669197887606688
JNK,CD27_212_224,-0.16669197887606688
P38,CD27_212_224,-0.16669197887606688
PDHK,CD27_212_224,-0.16669197887606688
PEK,CD27_212_224,-0.16669197887606688
PHK,CD27_212_224,-0.16669197887606688
PIM,CD27_212_224,-0.16669197887606688
PKCA,CD27_212_224,-0.16669197887606688
PKD,CD27_212_224,-0.16669197887606688
QIK,CD27_212_224,-0.16669197887606688
RSK,CD27_212_224,-0.16669197887606688
VRK2,CD27_212_224,-0.16669197887606688
BARK1,CDC2_154_169,0.00648402292955937
CDK,CDC2_154_169,0.00648402292955937
COT,CDC2_154_169,0.00648402292955937
PEK,CDC2_154_169,0.00648402292955937
PKG,CDC2_154_169,0.00648402292955937
RSK,CDC2_154_169,0.00648402292955937
STE7,CDC2_154_169,0.00648402292955937
VRK2,CDC2_154_169,0.00648402292955937
BARK1,CDK7_163_175,-0.05708637447965614
CDK,CDK7_163_175,-0.05708637447965614
DMPK,CDK7_163_175,-0.05708637447965614
DYRK,CDK7_163_175,-0.05708637447965614
FRAY,CDK7_163_175,-0.05708637447965614
JNK,CDK7_163_175,-0.05708637447965614
MAPKAPK,CDK7_163_175,-0.05708637447965614
MST,CDK7_163_175,-0.05708637447965614
MTOR,CDK7_163_175,-0.05708637447965614
P38,CDK7_163_175,-0.05708637447965614
PDK1,CDK7_163_175,-0.05708637447965614
PEK,CDK7_163_175,-0.05708637447965614
PHK,CDK7_163_175,-0.05708637447965614
PIM,CDK7_163_175,-0.05708637447965614
PKCA,CDK7_163_175,-0.05708637447965614
PKCI,CDK7_163_175,-0.05708637447965614
PRKDC,CDK7_163_175,-0.05708637447965614
QIK,CDK7_163_175,-0.05708637447965614
STE7,CDK7_163_175,-0.05708637447965614
VRK2,CDK7_163_175,-0.05708637447965614
AKT,CDN1A_139_151,0.2524613174526215
BARK1,CDN1A_139_151,0.2524613174526215
CDK,CDN1A_139_151,0.2524613174526215
DAPK,CDN1A_139_151,0.2524613174526215
DMPK,CDN1A_139_151,0.2524613174526215
IKK,CDN1A_139_151,0.2524613174526215
MELK,CDN1A_139_151,0.2524613174526215
NDR,CDN1A_139_151,0.2524613174526215
PEK,CDN1A_139_151,0.2524613174526215
PHK,CDN1A_139_151,0.2524613174526215
PIM,CDN1A_139_151,0.2524613174526215
PKCA,CDN1A_139_151,0.2524613174526215
PKD,CDN1A_139_151,0.2524613174526215
RIPK,CDN1A_139_151,0.2524613174526215
RSK,CDN1A_139_151,0.2524613174526215
STE7,CDN1A_139_151,0.2524613174526215
VRK2,CDN1A_139_151,0.2524613174526215
AUR,CENPA_1_14,0.02430025387713316
BARK1,CENPA_1_14,0.02430025387713316
DMPK,CENPA_1_14,0.02430025387713316
MAPKAPK,CENPA_1_14,0.02430025387713316
PIM,CENPA_1_14,0.02430025387713316
PKCA,CENPA_1_14,0.02430025387713316
PKG,CENPA_1_14,0.02430025387713316
VRK2,CENPA_1_14,0.02430025387713316
AMPK,CFTR_730_742,0.9243249736719816
BARK1,CFTR_730_742,0.9243249736719816
CAMK2,CFTR_730_742,0.9243249736719816
CDK,CFTR_730_742,0.9243249736719816
DAPK,CFTR_730_742,0.9243249736719816
DYRK,CFTR_730_742,0.9243249736719816
GRK,CFTR_730_742,0.9243249736719816
IKK,CFTR_730_742,0.9243249736719816
MAPKAPK,CFTR_730_742,0.9243249736719816
PAKA,CFTR_730_742,0.9243249736719816
PDHK,CFTR_730_742,0.9243249736719816
PEK,CFTR_730_742,0.9243249736719816
PHK,CFTR_730_742,0.9243249736719816
PKA,CFTR_730_742,0.9243249736719816
PKCA,CFTR_730_742,0.9243249736719816
PKD,CFTR_730_742,0.9243249736719816
PKG,CFTR_730_742,0.9243249736719816
QIK,CFTR_730_742,0.9243249736719816
RAD53,CFTR_730_742,0.9243249736719816
RSK,CFTR_730_742,0.9243249736719816
VRK2,CFTR_730_742,0.9243249736719816
AKT,CGHB_109_121,0.4648311314936002
BARK1,CGHB_109_121,0.4648311314936002
CAMK2,CGHB_109_121,0.4648311314936002
DMPK,CGHB_109_121,0.4648311314936002
IKK,CGHB_109_121,0.4648311314936002
MTOR,CGHB_109_121,0.4648311314936002
PDHK,CGHB_109_121,0.4648311314936002
PDK1,CGHB_109_121,0.4648311314936002
PEK,CGHB_109_121,0.4648311314936002
PKA,CGHB_109_121,0.4648311314936002
PKCA,CGHB_109_121,0.4648311314936002
PKG,CGHB_109_121,0.4648311314936002
RSK,CGHB_109_121,0.4648311314936002
VRK2,CGHB_109_121,0.4648311314936002
AMPK,CREB1_126_138,0.4383131696895036
ATM,CREB1_126_138,0.4383131696895036
BARK1,CREB1_126_138,0.4383131696895036
CAMK1,CREB1_126_138,0.4383131696895036
CAMK2,CREB1_126_138,0.4383131696895036
COT,CREB1_126_138,0.4383131696895036
DMPK,CREB1_126_138,0.4383131696895036
DYRK,CREB1_126_138,0.4383131696895036
GSK,CREB1_126_138,0.4383131696895036
MAPKAPK,CREB1_126_138,0.4383131696895036
PDHK,CREB1_126_138,0.4383131696895036
PHK,CREB1_126_138,0.4383131696895036
PIM,CREB1_126_138,0.4383131696895036
PKA,CREB1_126_138,0.4383131696895036
PKCA,CREB1_126_138,0.4383131696895036
PKCD,CREB1_126_138,0.4383131696895036
PKCH,CREB1_126_138,0.4383131696895036
PKD,CREB1_126_138,0.4383131696895036
QIK,CREB1_126_138,0.4383131696895036
RAD53,CREB1_126_138,0.4383131696895036
RSK,CREB1_126_138,0.4383131696895036
SGK,CREB1_126_138,0.4383131696895036
VRK2,CREB1_126_138,0.4383131696895036
AMPK,CSF1R_701_713,0.463254741709702
BARK1,CSF1R_701_713,0.463254741709702
CDK,CSF1R_701_713,0.463254741709702
CK1,CSF1R_701_713,0.463254741709702
DMPK,CSF1R_701_713,0.463254741709702
PDHK,CSF1R_701_713,0.463254741709702
PEK,CSF1R_701_713,0.463254741709702
PIM,CSF1R_701_713,0.463254741709702
PKA,CSF1R_701_713,0.463254741709702
PKCA,CSF1R_701_713,0.463254741709702
PKG,CSF1R_701_713,0.463254741709702
RSK,CSF1R_701_713,0.463254741709702
VRK2,CSF1R_701_713,0.463254741709702
AMPK,DESP_2842_2854,0.5397726460411265
BARK1,DESP_2842_2854,0.5397726460411265
CAMK1,DESP_2842_2854,0.5397726460411265
CDK,DESP_2842_2854,0.5397726460411265
CK1,DESP_2842_2854,0.5397726460411265
DMPK,DESP_2842_2854,0.5397726460411265
GSK,DESP_2842_2854,0.5397726460411265
IKK,DESP_2842_2854,0.5397726460411265
MAPKAPK,DESP_2842_2854,0.5397726460411265
P38,DESP_2842_2854,0.5397726460411265
PDHK,DESP_2842_2854,0.5397726460411265
PDK1,DESP_2842_2854,0.5397726460411265
PEK,DESP_2842_2854,0.5397726460411265
PHK,DESP_2842_2854,0.5397726460411265
PIM,DESP_2842_2854,0.5397726460411265
PKA,DESP_2842_2854,0.5397726460411265
PKCA,DESP_2842_2854,0.5397726460411265
PKG,DESP_2842_2854,0.5397726460411265
QIK,DESP_2842_2854,0.5397726460411265
RIPK,DESP_2842_2854,0.5397726460411265
RSK,DESP_2842_2854,0.5397726460411265
SGK,DESP_2842_2854,0.5397726460411265
STE11,DESP_2842_2854,0.5397726460411265
STE7,DESP_2842_2854,0.5397726460411265
VRK2,DESP_2842_2854,0.5397726460411265
BARK1,EPB42_241_253,0.5123559309586782
DMPK,EPB42_241_253,0.5123559309586782
PHK,EPB42_241_253,0.5123559309586782
PIM,EPB42_241_253,0.5123559309586782
PKA,EPB42_241_253,0.5123559309586782
PKCA,EPB42_241_253,0.5123559309586782
PKG,EPB42_241_253,0.5123559309586782
RAD53,EPB42_241_253,0.5123559309586782
RSK,EPB42_241_253,0.5123559309586782
VRK2,EPB42_241_253,0.5123559309586782
BARK1,ERBB2_679_691,-0.03920312752739126
DMPK,ERBB2_679_691,-0.03920312752739126
PHK,ERBB2_679_691,-0.03920312752739126
PIM,ERBB2_679_691,-0.03920312752739126
PKA,ERBB2_679_691,-0.03920312752739126
PKCA,ERBB2_679_691,-0.03920312752739126
PKCD,ERBB2_679_691,-0.03920312752739126
PKCH,ERBB2_679_691,-0.03920312752739126
PKG,ERBB2_679_691,-0.03920312752739126
RSK,ERBB2_679_691,-0.03920312752739126
VRK2,ERBB2_679_691,-0.03920312752739126
BARK1,ERF_519_531,0.06282945261564343
CDK,ERF_519_531,0.06282945261564343
CHK1,ERF_519_531,0.06282945261564343
DAPK,ERF_519_531,0.06282945261564343
DMPK,ERF_519_531,0.06282945261564343
DYRK,ERF_519_531,0.06282945261564343
ERK,ERF_519_531,0.06282945261564343
IRAK,ERF_519_531,0.06282945261564343
MST,ERF_519_531,0.06282945261564343
P38,ERF_519_531,0.06282945261564343
PDK1,ERF_519_531,0.06282945261564343
PEK,ERF_519_531,0.06282945261564343
PIM,ERF_519_531,0.06282945261564343
PKA,ERF_519_531,0.06282945261564343
PKCA,ERF_519_531,0.06282945261564343
PKG,ERF_519_531,0.06282945261564343
RAD53,ERF_519_531,0.06282945261564343
RSK,ERF_519_531,0.06282945261564343
VRK2,ERF_519_531,0.06282945261564343
AKT,ESR1_160_172,0.23408196773683976
AUR,ESR1_160_172,0.23408196773683976
BARK1,ESR1_160_172,0.23408196773683976
CK2,ESR1_160_172,0.23408196773683976
DMPK,ESR1_160_172,0.23408196773683976
IKK,ESR1_160_172,0.23408196773683976
PEK,ESR1_160_172,0.23408196773683976
PHK,ESR1_160_172,0.23408196773683976
PIM,ESR1_160_172,0.23408196773683976
PKCA,ESR1_160_172,0.23408196773683976
RSK,ESR1_160_172,0.23408196773683976
STE11,ESR1_160_172,0.23408196773683976
STE7,ESR1_160_172,0.23408196773683976
VRK2,ESR1_160_172,0.23408196773683976
BARK1,FIBA_569_581,-0.12199863049625304
CDK,FIBA_569_581,-0.12199863049625304
CK1,FIBA_569_581,-0.12199863049625304
DAPK,FIBA_569_581,-0.12199863049625304
DMPK,FIBA_569_581,-0.12199863049625304
ERK,FIBA_569_581,-0.12199863049625304
GSK,FIBA_569_581,-0.12199863049625304
HAL,FIBA_569_581,-0.12199863049625304
IKK,FIBA_569_581,-0.12199863049625304
JNK,FIBA_569_581,-0.12199863049625304
MLCK,FIBA_569_581,-0.12199863049625304
MST,FIBA_569_581,-0.12199863049625304
PDHK,FIBA_569_581,-0.12199863049625304
PEK,FIBA_569_581,-0.12199863049625304
PHK,FIBA_569_581,-0.12199863049625304
PIM,FIBA_569_581,-0.12199863049625304
PKA,FIBA_569_581,-0.12199863049625304
PKCA,FIBA_569_581,-0.12199863049625304
PKG,FIBA_569_581,-0.12199863049625304
PLK,FIBA_569_581,-0.12199863049625304
QIK,FIBA_569_581,-0.12199863049625304
RAF,FIBA_569_581,-0.12199863049625304
RIPK,FIBA_569_581,-0.12199863049625304
RSK,FIBA_569_581,-0.12199863049625304
SGK,FIBA_569_581,-0.12199863049625304
STE7,FIBA_569_581,-0.12199863049625304
VRK2,FIBA_569_581,-0.12199863049625304
AKT,FOXO3_25_37,-0.1674170818939403
BARK1,FOXO3_25_37,-0.1674170818939403
CDK,FOXO3_25_37,-0.1674170818939403
ERK,FOXO3_25_37,-0.1674170818939403
MAPKAPK,FOXO3_25_37,-0.1674170818939403
P38,FOXO3_25_37,-0.1674170818939403
PHK,FOXO3_25_37,-0.1674170818939403
PIM,FOXO3_25_37,-0.1674170818939403
PKCA,FOXO3_25_37,-0.1674170818939403
QIK,FOXO3_25_37,-0.1674170818939403
RAF,FOXO3_25_37,-0.1674170818939403
RSK,FOXO3_25_37,-0.1674170818939403
SGK,FOXO3_25_37,-0.1674170818939403
VRK2,FOXO3_25_37,-0.1674170818939403
AKT,FRAP_2443_2455,0.01106967909112525
AMPK,FRAP_2443_2455,0.01106967909112525
BARK1,FRAP_2443_2455,0.01106967909112525
CK1,FRAP_2443_2455,0.01106967909112525
DAPK,FRAP_2443_2455,0.01106967909112525
DMPK,FRAP_2443_2455,0.01106967909112525
MAPKAPK,FRAP_2443_2455,0.01106967909112525
MELK,FRAP_2443_2455,0.01106967909112525
MLK,FRAP_2443_2455,0.01106967909112525
MSN,FRAP_2443_2455,0.01106967909112525
MTOR,FRAP_2443_2455,0.01106967909112525
NEK,FRAP_2443_2455,0.01106967909112525
PDHK,FRAP_2443_2455,0.01106967909112525
PDK1,FRAP_2443_2455,0.01106967909112525
PEK,FRAP_2443_2455,0.01106967909112525
PHK,FRAP_2443_2455,0.01106967909112525
PIM,FRAP_2443_2455,0.01106967909112525
PKA,FRAP_2443_2455,0.01106967909112525
PKCA,FRAP_2443_2455,0.01106967909112525
QIK,FRAP_2443_2455,0.01106967909112525
RSK,FRAP_2443_2455,0.01106967909112525
SGK,FRAP_2443_2455,0.01106967909112525
TAO,FRAP_2443_2455,0.01106967909112525
VRK2,FRAP_2443_2455,0.01106967909112525
AKT,GPR6_349_361,-0.08681523385444123
BARK1,GPR6_349_361,-0.08681523385444123
CDK,GPR6_349_361,-0.08681523385444123
CK1,GPR6_349_361,-0.08681523385444123
DMPK,GPR6_349_361,-0.08681523385444123
DYRK,GPR6_349_361,-0.08681523385444123
ERK,GPR6_349_361,-0.08681523385444123
IKK,GPR6_349_361,-0.08681523385444123
JNK,GPR6_349_361,-0.08681523385444123
MAPKAPK,GPR6_349_361,-0.08681523385444123
MELK,GPR6_349_361,-0.08681523385444123
P38,GPR6_349_361,-0.08681523385444123
PDK1,GPR6_349_361,-0.08681523385444123
PEK,GPR6_349_361,-0.08681523385444123
PHK,GPR6_349_361,-0.08681523385444123
PKCA,GPR6_349_361,-0.08681523385444123
QIK,GPR6_349_361,-0.08681523385444123
RAF,GPR6_349_361,-0.08681523385444123
RSK,GPR6_349_361,-0.08681523385444123
SGK,GPR6_349_361,-0.08681523385444123
VRK2,GPR6_349_361,-0.08681523385444123
AMPK,GPSM2_394_406,0.5908216844504279
BARK1,GPSM2_394_406,0.5908216844504279
CAMK1,GPSM2_394_406,0.5908216844504279
CHK1,GPSM2_394_406,0.5908216844504279
DMPK,GPSM2_394_406,0.5908216844504279
IKK,GPSM2_394_406,0.5908216844504279
MAPKAPK,GPSM2_394_406,0.5908216844504279
MARK,GPSM2_394_406,0.5908216844504279
PHK,GPSM2_394_406,0.5908216844504279
PKCA,GPSM2_394_406,0.5908216844504279
PKD,GPSM2_394_406,0.5908216844504279
VRK2,GPSM2_394_406,0.5908216844504279
BARK1,GSUB_61_73,-0.15471255950627297
CDK,GSUB_61_73,-0.15471255950627297
DAPK,GSUB_61_73,-0.15471255950627297
DMPK,GSUB_61_73,-0.15471255950627297
DYRK,GSUB_61_73,-0.15471255950627297
ERK,GSUB_61_73,-0.15471255950627297
PDK1,GSUB_61_73,-0.15471255950627297
PHK,GSUB_61_73,-0.15471255950627297
PKA,GSUB_61_73,-0.15471255950627297
PKG,GSUB_61_73,-0.15471255950627297
PLK,GSUB_61_73,-0.15471255950627297
VRK2,GSUB_61_73,-0.15471255950627297
AKT,GYS2_1_13,-0.02893004833426597
BARK1,GYS2_1_13,-0.02893004833426597
CDK,GYS2_1_13,-0.02893004833426597
DMPK,GYS2_1_13,-0.02893004833426597
IKK,GYS2_1_13,-0.02893004833426597
MAPKAPK,GYS2_1_13,-0.02893004833426597
MTOR,GYS2_1_13,-0.02893004833426597
PEK,GYS2_1_13,-0.02893004833426597
PHK,GYS2_1_13,-0.02893004833426597
PKA,GYS2_1_13,-0.02893004833426597
PKCA,GYS2_1_13,-0.02893004833426597
QIK,GYS2_1_13,-0.02893004833426597
RSK,GYS2_1_13,-0.02893004833426597
SGK,GYS2_1_13,-0.02893004833426597
VRK2,GYS2_1_13,-0.02893004833426597
AKT,H2B1B_ 27_40,-0.05838698897843297
AMPK,H2B1B_ 27_40,-0.05838698897843297
BARK1,H2B1B_ 27_40,-0.05838698897843297
CAMK1,H2B1B_ 27_40,-0.05838698897843297
CDK,H2B1B_ 27_40,-0.05838698897843297
COT,H2B1B_ 27_40,-0.05838698897843297
DAPK,H2B1B_ 27_40,-0.05838698897843297
DMPK,H2B1B_ 27_40,-0.05838698897843297
IKK,H2B1B_ 27_40,-0.05838698897843297
MLK,H2B1B_ 27_40,-0.05838698897843297
MST,H2B1B_ 27_40,-0.05838698897843297
PAKA,H2B1B_ 27_40,-0.05838698897843297
PAKB,H2B1B_ 27_40,-0.05838698897843297
PDHK,H2B1B_ 27_40,-0.05838698897843297
PEK,H2B1B_ 27_40,-0.05838698897843297
PHK,H2B1B_ 27_40,-0.05838698897843297
PIM,H2B1B_ 27_40,-0.05838698897843297
PKA,H2B1B_ 27_40,-0.05838698897843297
PKCA,H2B1B_ 27_40,-0.05838698897843297
PKCH,H2B1B_ 27_40,-0.05838698897843297
PKD,H2B1B_ 27_40,-0.05838698897843297
PKG,H2B1B_ 27_40,-0.05838698897843297
PLK,H2B1B_ 27_40,-0.05838698897843297
QIK,H2B1B_ 27_40,-0.05838698897843297
RAD53,H2B1B_ 27_40,-0.05838698897843297
RSK,H2B1B_ 27_40,-0.05838698897843297
SGK,H2B1B_ 27_40,-0.05838698897843297
VRK2,H2B1B_ 27_40,-0.05838698897843297
AMPK,H32_3_18,-0.02966587048967669
ATR,H32_3_18,-0.02966587048967669
AUR,H32_3_18,-0.02966587048967669
BARK1,H32_3_18,-0.02966587048967669
DAPK,H32_3_18,-0.02966587048967669
DMPK,H32_3_18,-0.02966587048967669
DYRK,H32_3_18,-0.02966587048967669
MLK,H32_3_18,-0.02966587048967669
MST,H32_3_18,-0.02966587048967669
MTOR,H32_3_18,-0.02966587048967669
PHK,H32_3_18,-0.02966587048967669
PIM,H32_3_18,-0.02966587048967669
PKCA,H32_3_18,-0.02966587048967669
PKCD,H32_3_18,-0.02966587048967669
PRKDC,H32_3_18,-0.02966587048967669
QIK,H32_3_18,-0.02966587048967669
RAD53,H32_3_18,-0.02966587048967669
RSK,H32_3_18,-0.02966587048967669
STE7,H32_3_18,-0.02966587048967669
VRK1,H32_3_18,-0.02966587048967669
VRK2,H32_3_18,-0.02966587048967669
BARK1,IF4E_203_215,-0.16648583407526582
CDK,IF4E_203_215,-0.16648583407526582
DMPK,IF4E_203_215,-0.16648583407526582
ERK,IF4E_203_215,-0.16648583407526582
GRK,IF4E_203_215,-0.16648583407526582
IKK,IF4E_203_215,-0.16648583407526582
LKB,IF4E_203_215,-0.16648583407526582
MAPKAPK,IF4E_203_215,-0.16648583407526582
MLK,IF4E_203_215,-0.16648583407526582
P38,IF4E_203_215,-0.16648583407526582
PEK,IF4E_203_215,-0.16648583407526582
PKCA,IF4E_203_215,-0.16648583407526582
QIK,IF4E_203_215,-0.16648583407526582
RIPK,IF4E_203_215,-0.16648583407526582
STKR,IF4E_203_215,-0.16648583407526582
VRK1,IF4E_203_215,-0.16648583407526582
VRK2,IF4E_203_215,-0.16648583407526582
BARK1,KAP2_92_104,0.5229444916291769
CDK,KAP2_92_104,0.5229444916291769
CK2,KAP2_92_104,0.5229444916291769
DMPK,KAP2_92_104,0.5229444916291769
ERK,KAP2_92_104,0.5229444916291769
GSK,KAP2_92_104,0.5229444916291769
MAPKAPK,KAP2_92_104,0.5229444916291769
PDHK,KAP2_92_104,0.5229444916291769
PEK,KAP2_92_104,0.5229444916291769
PHK,KAP2_92_104,0.5229444916291769
PIM,KAP2_92_104,0.5229444916291769
PKA,KAP2_92_104,0.5229444916291769
PKCA,KAP2_92_104,0.5229444916291769
PKD,KAP2_92_104,0.5229444916291769
PKG,KAP2_92_104,0.5229444916291769
QIK,KAP2_92_104,0.5229444916291769
RIPK,KAP2_92_104,0.5229444916291769
RSK,KAP2_92_104,0.5229444916291769
VRK2,KAP2_92_104,0.5229444916291769
AKT,KAP3_107_119,0.6501086534452464
AUR,KAP3_107_119,0.6501086534452464
BARK1,KAP3_107_119,0.6501086534452464
DMPK,KAP3_107_119,0.6501086534452464
MAPKAPK,KAP3_107_119,0.6501086534452464
PDHK,KAP3_107_119,0.6501086534452464
PHK,KAP3_107_119,0.6501086534452464
PKA,KAP3_107_119,0.6501086534452464
PKCA,KAP3_107_119,0.6501086534452464
RIPK,KAP3_107_119,0.6501086534452464
VRK2,KAP3_107_119,0.6501086534452464
BARK1,KAPCG_192_206,0.14212240785379365
CAMK2,KAPCG_192_206,0.14212240785379365
CDK,KAPCG_192_206,0.14212240785379365
DMPK,KAPCG_192_206,0.14212240785379365
DYRK,KAPCG_192_206,0.14212240785379365
ERK,KAPCG_192_206,0.14212240785379365
GSK,KAPCG_192_206,0.14212240785379365
IKK,KAPCG_192_206,0.14212240785379365
IRAK,KAPCG_192_206,0.14212240785379365
LKB,KAPCG_192_206,0.14212240785379365
MELK,KAPCG_192_206,0.14212240785379365
MST,KAPCG_192_206,0.14212240785379365
MTOR,KAPCG_192_206,0.14212240785379365
PDHK,KAPCG_192_206,0.14212240785379365
PDK1,KAPCG_192_206,0.14212240785379365
PHK,KAPCG_192_206,0.14212240785379365
PIM,KAPCG_192_206,0.14212240785379365
PKCH,KAPCG_192_206,0.14212240785379365
VRK2,KAPCG_192_206,0.14212240785379365
BARK1,KCC2G_278_289,-0.00780153958327112
CAMK2,KCC2G_278_289,-0.00780153958327112
CDK,KCC2G_278_289,-0.00780153958327112
CK1,KCC2G_278_289,-0.00780153958327112
MAPKAPK,KCC2G_278_289,-0.00780153958327112
MELK,KCC2G_278_289,-0.00780153958327112
MLCK,KCC2G_278_289,-0.00780153958327112
PEK,KCC2G_278_289,-0.00780153958327112
PHK,KCC2G_278_289,-0.00780153958327112
PIM,KCC2G_278_289,-0.00780153958327112
PKCA,KCC2G_278_289,-0.00780153958327112
PKCI,KCC2G_278_289,-0.00780153958327112
PLK,KCC2G_278_289,-0.00780153958327112
QIK,KCC2G_278_289,-0.00780153958327112
RSK,KCC2G_278_289,-0.00780153958327112
SGK,KCC2G_278_289,-0.00780153958327112
VRK2,KCC2G_278_289,-0.00780153958327112
AKT,KCNA1_438_450,0.714384802113354
AMPK,KCNA1_438_450,0.714384802113354
BARK1,KCNA1_438_450,0.714384802113354
CAMK1,KCNA1_438_450,0.714384802113354
CDK,KCNA1_438_450,0.714384802113354
CK1,KCNA1_438_450,0.714384802113354
DAPK,KCNA1_438_450,0.714384802113354
DMPK,KCNA1_438_450,0.714384802113354
ERK,KCNA1_438_450,0.714384802113354
GRK,KCNA1_438_450,0.714384802113354
IKK,KCNA1_438_450,0.714384802113354
JNK,KCNA1_438_450,0.714384802113354
MAPKAPK,KCNA1_438_450,0.714384802113354
MELK,KCNA1_438_450,0.714384802113354
NEK,KCNA1_438_450,0.714384802113354
P38,KCNA1_438_450,0.714384802113354
PDHK,KCNA1_438_450,0.714384802113354
PEK,KCNA1_438_450,0.714384802113354
PHK,KCNA1_438_450,0.714384802113354
PKA,KCNA1_438_450,0.714384802113354
PKCA,KCNA1_438_450,0.714384802113354
PKD,KCNA1_438_450,0.714384802113354
PLK,KCNA1_438_450,0.714384802113354
QIK,KCNA1_438_450,0.714384802113354
RAD53,KCNA1_438_450,0.714384802113354
RIPK,KCNA1_438_450,0.714384802113354
RSK,KCNA1_438_450,0.714384802113354
SGK,KCNA1_438_450,0.714384802113354
STE7,KCNA1_438_450,0.714384802113354
STKR,KCNA1_438_450,0.714384802113354
VRK2,KCNA1_438_450,0.714384802113354
AKT,KCNA2_442_454,0.16191178299391082
AMPK,KCNA2_442_454,0.16191178299391082
BARK1,KCNA2_442_454,0.16191178299391082
CAMK1,KCNA2_442_454,0.16191178299391082
CAMK2,KCNA2_442_454,0.16191178299391082
CDK,KCNA2_442_454,0.16191178299391082
CHK1,KCNA2_442_454,0.16191178299391082
CK1,KCNA2_442_454,0.16191178299391082
DMPK,KCNA2_442_454,0.16191178299391082
IKK,KCNA2_442_454,0.16191178299391082
JNK,KCNA2_442_454,0.16191178299391082
MAPKAPK,KCNA2_442_454,0.16191178299391082
NEK,KCNA2_442_454,0.16191178299391082
P38,KCNA2_442_454,0.16191178299391082
PDHK,KCNA2_442_454,0.16191178299391082
PEK,KCNA2_442_454,0.16191178299391082
PHK,KCNA2_442_454,0.16191178299391082
PIM,KCNA2_442_454,0.16191178299391082
PKCA,KCNA2_442_454,0.16191178299391082
PKD,KCNA2_442_454,0.16191178299391082
QIK,KCNA2_442_454,0.16191178299391082
RAD53,KCNA2_442_454,0.16191178299391082
RIPK,KCNA2_442_454,0.16191178299391082
RSK,KCNA2_442_454,0.16191178299391082
SGK,KCNA2_442_454,0.16191178299391082
STKR,KCNA2_442_454,0.16191178299391082
VRK2,KCNA2_442_454,0.16191178299391082
AKT,KCNA3_461_473,0.11483277485164724
AMPK,KCNA3_461_473,0.11483277485164724
BARK1,KCNA3_461_473,0.11483277485164724
CAMK1,KCNA3_461_473,0.11483277485164724
CDK,KCNA3_461_473,0.11483277485164724
CHK1,KCNA3_461_473,0.11483277485164724
CK1,KCNA3_461_473,0.11483277485164724
DMPK,KCNA3_461_473,0.11483277485164724
IKK,KCNA3_461_473,0.11483277485164724
JNK,KCNA3_461_473,0.11483277485164724
KHS,KCNA3_461_473,0.11483277485164724
MAPKAPK,KCNA3_461_473,0.11483277485164724
MARK,KCNA3_461_473,0.11483277485164724
MST,KCNA3_461_473,0.11483277485164724
P38,KCNA3_461_473,0.11483277485164724
PAKA,KCNA3_461_473,0.11483277485164724
PDHK,KCNA3_461_473,0.11483277485164724
PDK1,KCNA3_461_473,0.11483277485164724
PEK,KCNA3_461_473,0.11483277485164724
PHK,KCNA3_461_473,0.11483277485164724
PKA,KCNA3_461_473,0.11483277485164724
PKCA,KCNA3_461_473,0.11483277485164724
PKD,KCNA3_461_473,0.11483277485164724
PKG,KCNA3_461_473,0.11483277485164724
PLK,KCNA3_461_473,0.11483277485164724
QIK,KCNA3_461_473,0.11483277485164724
RAD53,KCNA3_461_473,0.11483277485164724
RSK,KCNA3_461_473,0.11483277485164724
STE7,KCNA3_461_473,0.11483277485164724
VRK2,KCNA3_461_473,0.11483277485164724
AMPK,KCNB1_489_501,-0.07718630086853265
BARK1,KCNB1_489_501,-0.07718630086853265
CAMK1,KCNB1_489_501,-0.07718630086853265
CAMK2,KCNB1_489_501,-0.07718630086853265
CDK,KCNB1_489_501,-0.07718630086853265
CHK1,KCNB1_489_501,-0.07718630086853265
CK1,KCNB1_489_501,-0.07718630086853265
CK2,KCNB1_489_501,-0.07718630086853265
DAPK,KCNB1_489_501,-0.07718630086853265
DMPK,KCNB1_489_501,-0.07718630086853265
GRK,KCNB1_489_501,-0.07718630086853265
IKK,KCNB1_489_501,-0.07718630086853265
MAPKAPK,KCNB1_489_501,-0.07718630086853265
MELK,KCNB1_489_501,-0.07718630086853265
MLCK,KCNB1_489_501,-0.07718630086853265
MLK,KCNB1_489_501,-0.07718630086853265
MST,KCNB1_489_501,-0.07718630086853265
NAK,KCNB1_489_501,-0.07718630086853265
NEK,KCNB1_489_501,-0.07718630086853265
PDHK,KCNB1_489_501,-0.07718630086853265
PEK,KCNB1_489_501,-0.07718630086853265
PHK,KCNB1_489_501,-0.07718630086853265
PIM,KCNB1_489_501,-0.07718630086853265
PKA,KCNB1_489_501,-0.07718630086853265
PKCA,KCNB1_489_501,-0.07718630086853265
PKCD,KCNB1_489_501,-0.07718630086853265
PKD,KCNB1_489_501,-0.07718630086853265
QIK,KCNB1_489_501,-0.07718630086853265
RIPK,KCNB1_489_501,-0.07718630086853265
RSK,KCNB1_489_501,-0.07718630086853265
SGK,KCNB1_489_501,-0.07718630086853265
STE7,KCNB1_489_501,-0.07718630086853265
STKR,KCNB1_489_501,-0.07718630086853265
VRK2,KCNB1_489_501,-0.07718630086853265
BARK1,KIF2C_105_118_S106G,-0.0520150100832127
CAMK2,KIF2C_105_118_S106G,-0.0520150100832127
CDK,KIF2C_105_118_S106G,-0.0520150100832127
DMPK,KIF2C_105_118_S106G,-0.0520150100832127
FRAY,KIF2C_105_118_S106G,-0.0520150100832127
IKK,KIF2C_105_118_S106G,-0.0520150100832127
MELK,KIF2C_105_118_S106G,-0.0520150100832127
NEK,KIF2C_105_118_S106G,-0.0520150100832127
PAKA,KIF2C_105_118_S106G,-0.0520150100832127
PDHK,KIF2C_105_118_S106G,-0.0520150100832127
PEK,KIF2C_105_118_S106G,-0.0520150100832127
PHK,KIF2C_105_118_S106G,-0.0520150100832127
PKCA,KIF2C_105_118_S106G,-0.0520150100832127
PKD,KIF2C_105_118_S106G,-0.0520150100832127
QIK,KIF2C_105_118_S106G,-0.0520150100832127
RIPK,KIF2C_105_118_S106G,-0.0520150100832127
RSK,KIF2C_105_118_S106G,-0.0520150100832127
VRK2,KIF2C_105_118_S106G,-0.0520150100832127
BARK1,KPB1_1011_1023,0.8478807142007915
CDK,KPB1_1011_1023,0.8478807142007915
CK1,KPB1_1011_1023,0.8478807142007915
DMPK,KPB1_1011_1023,0.8478807142007915
IKK,KPB1_1011_1023,0.8478807142007915
P38,KPB1_1011_1023,0.8478807142007915
PAKA,KPB1_1011_1023,0.8478807142007915
PDHK,KPB1_1011_1023,0.8478807142007915
PEK,KPB1_1011_1023,0.8478807142007915
PHK,KPB1_1011_1023,0.8478807142007915
PIM,KPB1_1011_1023,0.8478807142007915
PKA,KPB1_1011_1023,0.8478807142007915
PKCA,KPB1_1011_1023,0.8478807142007915
PKD,KPB1_1011_1023,0.8478807142007915
RIPK,KPB1_1011_1023,0.8478807142007915
RSK,KPB1_1011_1023,0.8478807142007915
SGK,KPB1_1011_1023,0.8478807142007915
VRK2,KPB1_1011_1023,0.8478807142007915
BARK1,KS6A1_374_386,-0.08560078417484422
COT,KS6A1_374_386,-0.08560078417484422
FRAY,KS6A1_374_386,-0.08560078417484422
MAPKAPK,KS6A1_374_386,-0.08560078417484422
MSN,KS6A1_374_386,-0.08560078417484422
MTOR,KS6A1_374_386,-0.08560078417484422
PDHK,KS6A1_374_386,-0.08560078417484422
PDK1,KS6A1_374_386,-0.08560078417484422
PEK,KS6A1_374_386,-0.08560078417484422
PHK,KS6A1_374_386,-0.08560078417484422
PIM,KS6A1_374_386,-0.08560078417484422
PKCA,KS6A1_374_386,-0.08560078417484422
RAD53,KS6A1_374_386,-0.08560078417484422
RSK,KS6A1_374_386,-0.08560078417484422
STE7,KS6A1_374_386,-0.08560078417484422
VRK2,KS6A1_374_386,-0.08560078417484422
AMPK,LIPS_944_956,0.5858443771354386
ATR,LIPS_944_956,0.5858443771354386
BARK1,LIPS_944_956,0.5858443771354386
CDK,LIPS_944_956,0.5858443771354386
DMPK,LIPS_944_956,0.5858443771354386
ERK,LIPS_944_956,0.5858443771354386
NDR,LIPS_944_956,0.5858443771354386
PDHK,LIPS_944_956,0.5858443771354386
PEK,LIPS_944_956,0.5858443771354386
PIM,LIPS_944_956,0.5858443771354386
PKA,LIPS_944_956,0.5858443771354386
PKCA,LIPS_944_956,0.5858443771354386
PKG,LIPS_944_956,0.5858443771354386
PRKDC,LIPS_944_956,0.5858443771354386
RAF,LIPS_944_956,0.5858443771354386
RSK,LIPS_944_956,0.5858443771354386
STE7,LIPS_944_956,0.5858443771354386
VRK2,LIPS_944_956,0.5858443771354386
BARK1,LMNB1_16_28,-0.26785156037171315
CDK,LMNB1_16_28,-0.26785156037171315
DMPK,LMNB1_16_28,-0.26785156037171315
DYRK,LMNB1_16_28,-0.26785156037171315
ERK,LMNB1_16_28,-0.26785156037171315
GSK,LMNB1_16_28,-0.26785156037171315
IKK,LMNB1_16_28,-0.26785156037171315
IRAK,LMNB1_16_28,-0.26785156037171315
JNK,LMNB1_16_28,-0.26785156037171315
MLK,LMNB1_16_28,-0.26785156037171315
NMO,LMNB1_16_28,-0.26785156037171315
P38,LMNB1_16_28,-0.26785156037171315
PDK1,LMNB1_16_28,-0.26785156037171315
PEK,LMNB1_16_28,-0.26785156037171315
PIM,LMNB1_16_28,-0.26785156037171315
PKCA,LMNB1_16_28,-0.26785156037171315
PKG,LMNB1_16_28,-0.26785156037171315
RSK,LMNB1_16_28,-0.26785156037171315
STE7,LMNB1_16_28,-0.26785156037171315
VRK2,LMNB1_16_28,-0.26785156037171315
BARK1,MARCS_152_164,-0.11369285281601282
CDK,MARCS_152_164,-0.11369285281601282
DAPK,MARCS_152_164,-0.11369285281601282
DMPK,MARCS_152_164,-0.11369285281601282
ERK,MARCS_152_164,-0.11369285281601282
JNK,MARCS_152_164,-0.11369285281601282
P38,MARCS_152_164,-0.11369285281601282
PAKA,MARCS_152_164,-0.11369285281601282
PDHK,MARCS_152_164,-0.11369285281601282
PDK1,MARCS_152_164,-0.11369285281601282
PEK,MARCS_152_164,-0.11369285281601282
PHK,MARCS_152_164,-0.11369285281601282
PKA,MARCS_152_164,-0.11369285281601282
PKCA,MARCS_152_164,-0.11369285281601282
PKCH,MARCS_152_164,-0.11369285281601282
PKCI,MARCS_152_164,-0.11369285281601282
PKD,MARCS_152_164,-0.11369285281601282
PKG,MARCS_152_164,-0.11369285281601282
PKN,MARCS_152_164,-0.11369285281601282
RAD53,MARCS_152_164,-0.11369285281601282
VRK2,MARCS_152_164,-0.11369285281601282
BARK1,MARCS_160_172,-0.16975308480208126
CDK,MARCS_160_172,-0.16975308480208126
DMPK,MARCS_160_172,-0.16975308480208126
ERK,MARCS_160_172,-0.16975308480208126
JNK,MARCS_160_172,-0.16975308480208126
MLK,MARCS_160_172,-0.16975308480208126
P38,MARCS_160_172,-0.16975308480208126
PDHK,MARCS_160_172,-0.16975308480208126
PDK1,MARCS_160_172,-0.16975308480208126
PEK,MARCS_160_172,-0.16975308480208126
PKCA,MARCS_160_172,-0.16975308480208126
RAD53,MARCS_160_172,-0.16975308480208126
RIPK,MARCS_160_172,-0.16975308480208126
VRK2,MARCS_160_172,-0.16975308480208126
BARK1,MBP_222_234,-0.1271362527622406
CDK,MBP_222_234,-0.1271362527622406
DYRK,MBP_222_234,-0.1271362527622406
ERK,MBP_222_234,-0.1271362527622406
GSK,MBP_222_234,-0.1271362527622406
JNK,MBP_222_234,-0.1271362527622406
MTOR,MBP_222_234,-0.1271362527622406
PDK1,MBP_222_234,-0.1271362527622406
PEK,MBP_222_234,-0.1271362527622406
VRK2,MBP_222_234,-0.1271362527622406
BARK1,MP2K1_287_299,-0.0811371488181069
CDK,MP2K1_287_299,-0.0811371488181069
DMPK,MP2K1_287_299,-0.0811371488181069
DYRK,MP2K1_287_299,-0.0811371488181069
ERK,MP2K1_287_299,-0.0811371488181069
JNK,MP2K1_287_299,-0.0811371488181069
MAPKAPK,MP2K1_287_299,-0.0811371488181069
P38,MP2K1_287_299,-0.0811371488181069
PAKA,MP2K1_287_299,-0.0811371488181069
PDHK,MP2K1_287_299,-0.0811371488181069
PDK1,MP2K1_287_299,-0.0811371488181069
PEK,MP2K1_287_299,-0.0811371488181069
PHK,MP2K1_287_299,-0.0811371488181069
PIM,MP2K1_287_299,-0.0811371488181069
PKCA,MP2K1_287_299,-0.0811371488181069
PKD,MP2K1_287_299,-0.0811371488181069
STE7,MP2K1_287_299,-0.0811371488181069
VRK2,MP2K1_287_299,-0.0811371488181069
ATR,MPIP1_172_184,-0.02317585395792469
BARK1,MPIP1_172_184,-0.02317585395792469
CHK1,MPIP1_172_184,-0.02317585395792469
DMPK,MPIP1_172_184,-0.02317585395792469
MAPKAPK,MPIP1_172_184,-0.02317585395792469
PHK,MPIP1_172_184,-0.02317585395792469
PIM,MPIP1_172_184,-0.02317585395792469
PKCA,MPIP1_172_184,-0.02317585395792469
PRKDC,MPIP1_172_184,-0.02317585395792469
QIK,MPIP1_172_184,-0.02317585395792469
RAD53,MPIP1_172_184,-0.02317585395792469
RAF,MPIP1_172_184,-0.02317585395792469
RSK,MPIP1_172_184,-0.02317585395792469
VRK2,MPIP1_172_184,-0.02317585395792469
BARK1,MPIP3_208_220,0.04303902661294589
BRSK,MPIP3_208_220,0.04303902661294589
CAMK1,MPIP3_208_220,0.04303902661294589
CDK,MPIP3_208_220,0.04303902661294589
CHK1,MPIP3_208_220,0.04303902661294589
DMPK,MPIP3_208_220,0.04303902661294589
DYRK,MPIP3_208_220,0.04303902661294589
ERK,MPIP3_208_220,0.04303902661294589
IKK,MPIP3_208_220,0.04303902661294589
JNK,MPIP3_208_220,0.04303902661294589
MAPKAPK,MPIP3_208_220,0.04303902661294589
MARK,MPIP3_208_220,0.04303902661294589
MELK,MPIP3_208_220,0.04303902661294589
P38,MPIP3_208_220,0.04303902661294589
PDK1,MPIP3_208_220,0.04303902661294589
PEK,MPIP3_208_220,0.04303902661294589
PHK,MPIP3_208_220,0.04303902661294589
PKCA,MPIP3_208_220,0.04303902661294589
QIK,MPIP3_208_220,0.04303902661294589
RAD53,MPIP3_208_220,0.04303902661294589
RIPK,MPIP3_208_220,0.04303902661294589
VRK2,MPIP3_208_220,0.04303902661294589
AUR,MYPC3_268_280,0.6147102494521365
BARK1,MYPC3_268_280,0.6147102494521365
DMPK,MYPC3_268_280,0.6147102494521365
IKK,MYPC3_268_280,0.6147102494521365
MLK,MYPC3_268_280,0.6147102494521365
MTOR,MYPC3_268_280,0.6147102494521365
PEK,MYPC3_268_280,0.6147102494521365
PHK,MYPC3_268_280,0.6147102494521365
PKA,MYPC3_268_280,0.6147102494521365
PKCA,MYPC3_268_280,0.6147102494521365
PKG,MYPC3_268_280,0.6147102494521365
QIK,MYPC3_268_280,0.6147102494521365
RIPK,MYPC3_268_280,0.6147102494521365
RSK,MYPC3_268_280,0.6147102494521365
VRK2,MYPC3_268_280,0.6147102494521365
BARK1,NCF1_296_308,0.3799205047376919
BARK2,NCF1_296_308,0.3799205047376919
AKT,NCF1_296_308,0.3799205047376919
DMPK,NCF1_296_308,0.3799205047376919
IKK,NCF1_296_308,0.3799205047376919
MELK,NCF1_296_308,0.3799205047376919
NEK,NCF1_296_308,0.3799205047376919
PAKA,NCF1_296_308,0.3799205047376919
PEK,NCF1_296_308,0.3799205047376919
PHK,NCF1_296_308,0.3799205047376919
PIM,NCF1_296_308,0.3799205047376919
PKA,NCF1_296_308,0.3799205047376919
PKCA,NCF1_296_308,0.3799205047376919
PKCD,NCF1_296_308,0.3799205047376919
PKCH,NCF1_296_308,0.3799205047376919
PKCI,NCF1_296_308,0.3799205047376919
PKD,NCF1_296_308,0.3799205047376919
VRK2,NCF1_296_308,0.3799205047376919
AKT,NCF1_321_333,0.6622427879376023
BARK1,NCF1_321_333,0.6622427879376023
DMPK,NCF1_321_333,0.6622427879376023
IRAK,NCF1_321_333,0.6622427879376023
PHK,NCF1_321_333,0.6622427879376023
PKA,NCF1_321_333,0.6622427879376023
PKCA,NCF1_321_333,0.6622427879376023
PKCD,NCF1_321_333,0.6622427879376023
QIK,NCF1_321_333,0.6622427879376023
VRK2,NCF1_321_333,0.6622427879376023
BARK1,NEK2_172_184,-0.16587989880945417
CAMK1,NEK2_172_184,-0.16587989880945417
CAMK2,NEK2_172_184,-0.16587989880945417
CDK,NEK2_172_184,-0.16587989880945417
DYRK,NEK2_172_184,-0.16587989880945417
ERK,NEK2_172_184,-0.16587989880945417
FRAY,NEK2_172_184,-0.16587989880945417
LKB,NEK2_172_184,-0.16587989880945417
MELK,NEK2_172_184,-0.16587989880945417
MST,NEK2_172_184,-0.16587989880945417
MTOR,NEK2_172_184,-0.16587989880945417
NEK,NEK2_172_184,-0.16587989880945417
P38,NEK2_172_184,-0.16587989880945417
PDHK,NEK2_172_184,-0.16587989880945417
PDK1,NEK2_172_184,-0.16587989880945417
PEK,NEK2_172_184,-0.16587989880945417
PKCA,NEK2_172_184,-0.16587989880945417
PKCH,NEK2_172_184,-0.16587989880945417
RSK,NEK2_172_184,-0.16587989880945417
STE11,NEK2_172_184,-0.16587989880945417
STE7,NEK2_172_184,-0.16587989880945417
VRK2,NEK2_172_184,-0.16587989880945417
BARK1,NEK3_158_170,-0.20762045684897917
CAMK2,NEK3_158_170,-0.20762045684897917
DYRK,NEK3_158_170,-0.20762045684897917
ERK,NEK3_158_170,-0.20762045684897917
LKB,NEK3_158_170,-0.20762045684897917
MST,NEK3_158_170,-0.20762045684897917
NEK,NEK3_158_170,-0.20762045684897917
PDHK,NEK3_158_170,-0.20762045684897917
PDK1,NEK3_158_170,-0.20762045684897917
PEK,NEK3_158_170,-0.20762045684897917
PKCH,NEK3_158_170,-0.20762045684897917
STE11,NEK3_158_170,-0.20762045684897917
STE7,NEK3_158_170,-0.20762045684897917
VRK2,NEK3_158_170,-0.20762045684897917
BARK1,NFKB1_330_342,0.6971658182479379
CDK,NFKB1_330_342,0.6971658182479379
DMPK,NFKB1_330_342,0.6971658182479379
IKK,NFKB1_330_342,0.6971658182479379
MAPKAPK,NFKB1_330_342,0.6971658182479379
PAKA,NFKB1_330_342,0.6971658182479379
PDHK,NFKB1_330_342,0.6971658182479379
PEK,NFKB1_330_342,0.6971658182479379
PIM,NFKB1_330_342,0.6971658182479379
PKA,NFKB1_330_342,0.6971658182479379
PKCA,NFKB1_330_342,0.6971658182479379
PKG,NFKB1_330_342,0.6971658182479379
PLK,NFKB1_330_342,0.6971658182479379
STE7,NFKB1_330_342,0.6971658182479379
VRK2,NFKB1_330_342,0.6971658182479379
BARK1,NMDZ1_890_902,0.16982209623787745
AKT,NMDZ1_890_902,0.16982209623787745
AMPK,NMDZ1_890_902,0.16982209623787745
AUR,NMDZ1_890_902,0.16982209623787745
CAMK1,NMDZ1_890_902,0.16982209623787745
CDK,NMDZ1_890_902,0.16982209623787745
CHK1,NMDZ1_890_902,0.16982209623787745
DAPK,NMDZ1_890_902,0.16982209623787745
DMPK,NMDZ1_890_902,0.16982209623787745
FRAY,NMDZ1_890_902,0.16982209623787745
GRK,NMDZ1_890_902,0.16982209623787745
IKK,NMDZ1_890_902,0.16982209623787745
MELK,NMDZ1_890_902,0.16982209623787745
MLK,NMDZ1_890_902,0.16982209623787745
MSN,NMDZ1_890_902,0.16982209623787745
MST,NMDZ1_890_902,0.16982209623787745
MTOR,NMDZ1_890_902,0.16982209623787745
PAKA,NMDZ1_890_902,0.16982209623787745
PDHK,NMDZ1_890_902,0.16982209623787745
PDK1,NMDZ1_890_902,0.16982209623787745
PEK,NMDZ1_890_902,0.16982209623787745
PHK,NMDZ1_890_902,0.16982209623787745
PIM,NMDZ1_890_902,0.16982209623787745
PKA,NMDZ1_890_902,0.16982209623787745
PKCA,NMDZ1_890_902,0.16982209623787745
PKCI,NMDZ1_890_902,0.16982209623787745
PKD,NMDZ1_890_902,0.16982209623787745
PKG,NMDZ1_890_902,0.16982209623787745
PLK,NMDZ1_890_902,0.16982209623787745
QIK,NMDZ1_890_902,0.16982209623787745
RAD53,NMDZ1_890_902,0.16982209623787745
RAF,NMDZ1_890_902,0.16982209623787745
RIPK,NMDZ1_890_902,0.16982209623787745
RSK,NMDZ1_890_902,0.16982209623787745
SGK,NMDZ1_890_902,0.16982209623787745
STE7,NMDZ1_890_902,0.16982209623787745
VRK2,NMDZ1_890_902,0.16982209623787745
AKT,NOS3_1171_1183,-0.04198314035232187
AMPK,NOS3_1171_1183,-0.04198314035232187
BARK1,NOS3_1171_1183,-0.04198314035232187
CDK,NOS3_1171_1183,-0.04198314035232187
CK1,NOS3_1171_1183,-0.04198314035232187
DMPK,NOS3_1171_1183,-0.04198314035232187
MELK,NOS3_1171_1183,-0.04198314035232187
PDHK,NOS3_1171_1183,-0.04198314035232187
PDK1,NOS3_1171_1183,-0.04198314035232187
PEK,NOS3_1171_1183,-0.04198314035232187
PHK,NOS3_1171_1183,-0.04198314035232187
PIM,NOS3_1171_1183,-0.04198314035232187
PKA,NOS3_1171_1183,-0.04198314035232187
PKCA,NOS3_1171_1183,-0.04198314035232187
PKG,NOS3_1171_1183,-0.04198314035232187
QIK,NOS3_1171_1183,-0.04198314035232187
RAD53,NOS3_1171_1183,-0.04198314035232187
RIPK,NOS3_1171_1183,-0.04198314035232187
RSK,NOS3_1171_1183,-0.04198314035232187
SGK,NOS3_1171_1183,-0.04198314035232187
VRK2,NOS3_1171_1183,-0.04198314035232187
AKT,NR4A1_344_356,-0.14657948876996615
BARK1,NR4A1_344_356,-0.14657948876996615
CDK,NR4A1_344_356,-0.14657948876996615
DMPK,NR4A1_344_356,-0.14657948876996615
PHK,NR4A1_344_356,-0.14657948876996615
PIM,NR4A1_344_356,-0.14657948876996615
PKA,NR4A1_344_356,-0.14657948876996615
PKCA,NR4A1_344_356,-0.14657948876996615
RAF,NR4A1_344_356,-0.14657948876996615
RSK,NR4A1_344_356,-0.14657948876996615
VRK2,NR4A1_344_356,-0.14657948876996615
AUR,P53_308_323,-0.22012009638238972
BARK1,P53_308_323,-0.22012009638238972
CAMK1,P53_308_323,-0.22012009638238972
CDK,P53_308_323,-0.22012009638238972
DYRK,P53_308_323,-0.22012009638238972
ERK,P53_308_323,-0.22012009638238972
IKK,P53_308_323,-0.22012009638238972
JNK,P53_308_323,-0.22012009638238972
P38,P53_308_323,-0.22012009638238972
PKCA,P53_308_323,-0.22012009638238972
PLK,P53_308_323,-0.22012009638238972
QIK,P53_308_323,-0.22012009638238972
STE7,P53_308_323,-0.22012009638238972
VRK2,P53_308_323,-0.22012009638238972
AUR,PLEK_106_118,0.05300873286257138
BARK1,PLEK_106_118,0.05300873286257138
CDK,PLEK_106_118,0.05300873286257138
CK1,PLEK_106_118,0.05300873286257138
DMPK,PLEK_106_118,0.05300873286257138
MST,PLEK_106_118,0.05300873286257138
PEK,PLEK_106_118,0.05300873286257138
PKCA,PLEK_106_118,0.05300873286257138
PKCD,PLEK_106_118,0.05300873286257138
PKCH,PLEK_106_118,0.05300873286257138
PLK,PLEK_106_118,0.05300873286257138
VRK2,PLEK_106_118,0.05300873286257138
BARK1,PLM_76_88,0.397599264454857
CDK,PLM_76_88,0.397599264454857
DMPK,PLM_76_88,0.397599264454857
IKK,PLM_76_88,0.397599264454857
PAKA,PLM_76_88,0.397599264454857
PDHK,PLM_76_88,0.397599264454857
PDK1,PLM_76_88,0.397599264454857
PEK,PLM_76_88,0.397599264454857
PIM,PLM_76_88,0.397599264454857
PKA,PLM_76_88,0.397599264454857
PKCA,PLM_76_88,0.397599264454857
PKD,PLM_76_88,0.397599264454857
PKG,PLM_76_88,0.397599264454857
PLK,PLM_76_88,0.397599264454857
RAD53,PLM_76_88,0.397599264454857
RIPK,PLM_76_88,0.397599264454857
RSK,PLM_76_88,0.397599264454857
STE7,PLM_76_88,0.397599264454857
VRK2,PLM_76_88,0.397599264454857
EGFR,PP2AB_297_309,0.01352212764895632
CSK,PP2AB_297_309,0.01352212764895632
TEC,PP2AB_297_309,0.01352212764895632
PDGFR,PP2AB_297_309,0.01352212764895632
SYK,PP2AB_297_309,0.01352212764895632
AXL,PP2AB_297_309,0.01352212764895632
VEGFR,PP2AB_297_309,0.01352212764895632
BARK1,PP2AB_297_309,0.01352212764895632
BARK2,PP2AB_297_309,0.01352212764895632
CDK,PP2AB_297_309,0.01352212764895632
DYRK,PP2AB_297_309,0.01352212764895632
JNK,PP2AB_297_309,0.01352212764895632
VRK2,PP2AB_297_309,0.01352212764895632
AKT,PPR1A_28_40,0.01589388485818421
BARK1,PPR1A_28_40,0.01589388485818421
CDK,PPR1A_28_40,0.01589388485818421
DAPK,PPR1A_28_40,0.01589388485818421
DMPK,PPR1A_28_40,0.01589388485818421
DYRK,PPR1A_28_40,0.01589388485818421
GSK,PPR1A_28_40,0.01589388485818421
JNK,PPR1A_28_40,0.01589388485818421
P38,PPR1A_28_40,0.01589388485818421
PDK1,PPR1A_28_40,0.01589388485818421
PEK,PPR1A_28_40,0.01589388485818421
PHK,PPR1A_28_40,0.01589388485818421
PKA,PPR1A_28_40,0.01589388485818421
RSK,PPR1A_28_40,0.01589388485818421
VRK2,PPR1A_28_40,0.01589388485818421
ATR,PRKDC_2618_2630,-0.24302929170446705
BARK1,PRKDC_2618_2630,-0.24302929170446705
BARK2,PRKDC_2618_2630,-0.24302929170446705
CK1,PRKDC_2618_2630,-0.24302929170446705
DMPK,PRKDC_2618_2630,-0.24302929170446705
IKK,PRKDC_2618_2630,-0.24302929170446705
MELK,PRKDC_2618_2630,-0.24302929170446705
MLK,PRKDC_2618_2630,-0.24302929170446705
MTOR,PRKDC_2618_2630,-0.24302929170446705
NEK,PRKDC_2618_2630,-0.24302929170446705
P38,PRKDC_2618_2630,-0.24302929170446705
PHK,PRKDC_2618_2630,-0.24302929170446705
PIM,PRKDC_2618_2630,-0.24302929170446705
PKA,PRKDC_2618_2630,-0.24302929170446705
PKCA,PRKDC_2618_2630,-0.24302929170446705
PKG,PRKDC_2618_2630,-0.24302929170446705
PRKDC,PRKDC_2618_2630,-0.24302929170446705
PLK,PRKDC_2618_2630,-0.24302929170446705
QIK,PRKDC_2618_2630,-0.24302929170446705
SGK,PRKDC_2618_2630,-0.24302929170446705
STE7,PRKDC_2618_2630,-0.24302929170446705
VRK2,PRKDC_2618_2630,-0.24302929170446705
AKT,PTK6_436_448,0.5560937992318156
BARK1,PTK6_436_448,0.5560937992318156
CAMK1,PTK6_436_448,0.5560937992318156
CDK,PTK6_436_448,0.5560937992318156
CK1,PTK6_436_448,0.5560937992318156
DMPK,PTK6_436_448,0.5560937992318156
MAPKAPK,PTK6_436_448,0.5560937992318156
MELK,PTK6_436_448,0.5560937992318156
P38,PTK6_436_448,0.5560937992318156
PAKA,PTK6_436_448,0.5560937992318156
PDHK,PTK6_436_448,0.5560937992318156
PDK1,PTK6_436_448,0.5560937992318156
PEK,PTK6_436_448,0.5560937992318156
PHK,PTK6_436_448,0.5560937992318156
PIM,PTK6_436_448,0.5560937992318156
PKA,PTK6_436_448,0.5560937992318156
PKCA,PTK6_436_448,0.5560937992318156
PKCD,PTK6_436_448,0.5560937992318156
PKCI,PTK6_436_448,0.5560937992318156
PKD,PTK6_436_448,0.5560937992318156
PKG,PTK6_436_448,0.5560937992318156
QIK,PTK6_436_448,0.5560937992318156
RAD53,PTK6_436_448,0.5560937992318156
RSK,PTK6_436_448,0.5560937992318156
STE7,PTK6_436_448,0.5560937992318156
VRK2,PTK6_436_448,0.5560937992318156
BARK1,PTN12_32_44,0.4787914176371846
CDK,PTN12_32_44,0.4787914176371846
DMPK,PTN12_32_44,0.4787914176371846
FRAY,PTN12_32_44,0.4787914176371846
MAPKAPK,PTN12_32_44,0.4787914176371846
MLK,PTN12_32_44,0.4787914176371846
PAKA,PTN12_32_44,0.4787914176371846
PDHK,PTN12_32_44,0.4787914176371846
PEK,PTN12_32_44,0.4787914176371846
PHK,PTN12_32_44,0.4787914176371846
PIM,PTN12_32_44,0.4787914176371846
PKA,PTN12_32_44,0.4787914176371846
PKCA,PTN12_32_44,0.4787914176371846
PKCD,PTN12_32_44,0.4787914176371846
PKD,PTN12_32_44,0.4787914176371846
PKG,PTN12_32_44,0.4787914176371846
QIK,PTN12_32_44,0.4787914176371846
RAD53,PTN12_32_44,0.4787914176371846
RSK,PTN12_32_44,0.4787914176371846
VRK2,PTN12_32_44,0.4787914176371846
BARK1,RADI_559_569,-0.3971878774405552
COT,RADI_559_569,-0.3971878774405552
DMPK,RADI_559_569,-0.3971878774405552
MSN,RADI_559_569,-0.3971878774405552
MST,RADI_559_569,-0.3971878774405552
PHK,RADI_559_569,-0.3971878774405552
PIM,RADI_559_569,-0.3971878774405552
PKCA,RADI_559_569,-0.3971878774405552
SLK,RADI_559_569,-0.3971878774405552
VRK2,RADI_559_569,-0.3971878774405552
AKT,RAF1_253_265,0.01916871163777529
AMPK,RAF1_253_265,0.01916871163777529
BARK1,RAF1_253_265,0.01916871163777529
CAMK1,RAF1_253_265,0.01916871163777529
CDK,RAF1_253_265,0.01916871163777529
DAPK,RAF1_253_265,0.01916871163777529
DMPK,RAF1_253_265,0.01916871163777529
DYRK,RAF1_253_265,0.01916871163777529
ERK,RAF1_253_265,0.01916871163777529
JNK,RAF1_253_265,0.01916871163777529
MAPKAPK,RAF1_253_265,0.01916871163777529
MARK,RAF1_253_265,0.01916871163777529
NDR,RAF1_253_265,0.01916871163777529
P38,RAF1_253_265,0.01916871163777529
PAKA,RAF1_253_265,0.01916871163777529
PDK1,RAF1_253_265,0.01916871163777529
PHK,RAF1_253_265,0.01916871163777529
PKA,RAF1_253_265,0.01916871163777529
PKCA,RAF1_253_265,0.01916871163777529
QIK,RAF1_253_265,0.01916871163777529
RAF,RAF1_253_265,0.01916871163777529
RIPK,RAF1_253_265,0.01916871163777529
RSK,RAF1_253_265,0.01916871163777529
SGK,RAF1_253_265,0.01916871163777529
VRK2,RAF1_253_265,0.01916871163777529
AKT,RAP1B_172_184,-0.05138118924311612
AMPK,RAP1B_172_184,-0.05138118924311612
BARK1,RAP1B_172_184,-0.05138118924311612
CDK,RAP1B_172_184,-0.05138118924311612
DMPK,RAP1B_172_184,-0.05138118924311612
IKK,RAP1B_172_184,-0.05138118924311612
MAPKAPK,RAP1B_172_184,-0.05138118924311612
PDHK,RAP1B_172_184,-0.05138118924311612
PEK,RAP1B_172_184,-0.05138118924311612
PHK,RAP1B_172_184,-0.05138118924311612
PIM,RAP1B_172_184,-0.05138118924311612
PKA,RAP1B_172_184,-0.05138118924311612
PKCA,RAP1B_172_184,-0.05138118924311612
PKG,RAP1B_172_184,-0.05138118924311612
QIK,RAP1B_172_184,-0.05138118924311612
RAD53,RAP1B_172_184,-0.05138118924311612
RSK,RAP1B_172_184,-0.05138118924311612
VRK2,RAP1B_172_184,-0.05138118924311612
BARK1,RBL2_655_667,-0.03815627802927413
CDK,RBL2_655_667,-0.03815627802927413
CK1,RBL2_655_667,-0.03815627802927413
DMPK,RBL2_655_667,-0.03815627802927413
DYRK,RBL2_655_667,-0.03815627802927413
ERK,RBL2_655_667,-0.03815627802927413
FRAY,RBL2_655_667,-0.03815627802927413
GSK,RBL2_655_667,-0.03815627802927413
IKK,RBL2_655_667,-0.03815627802927413
JNK,RBL2_655_667,-0.03815627802927413
MAPKAPK,RBL2_655_667,-0.03815627802927413
MELK,RBL2_655_667,-0.03815627802927413
MTOR,RBL2_655_667,-0.03815627802927413
NEK,RBL2_655_667,-0.03815627802927413
P38,RBL2_655_667,-0.03815627802927413
PDK1,RBL2_655_667,-0.03815627802927413
PEK,RBL2_655_667,-0.03815627802927413
PHK,RBL2_655_667,-0.03815627802927413
PIM,RBL2_655_667,-0.03815627802927413
PKCA,RBL2_655_667,-0.03815627802927413
PKD,RBL2_655_667,-0.03815627802927413
PLK,RBL2_655_667,-0.03815627802927413
QIK,RBL2_655_667,-0.03815627802927413
RAD53,RBL2_655_667,-0.03815627802927413
RAF,RBL2_655_667,-0.03815627802927413
RIPK,RBL2_655_667,-0.03815627802927413
STE7,RBL2_655_667,-0.03815627802927413
VRK2,RBL2_655_667,-0.03815627802927413
BARK1,RB_242_254,-0.1451302674611134
CDK,RB_242_254,-0.1451302674611134
DYRK,RB_242_254,-0.1451302674611134
ERK,RB_242_254,-0.1451302674611134
IRAK,RB_242_254,-0.1451302674611134
P38,RB_242_254,-0.1451302674611134
PDK1,RB_242_254,-0.1451302674611134
PEK,RB_242_254,-0.1451302674611134
PKCA,RB_242_254,-0.1451302674611134
PLK,RB_242_254,-0.1451302674611134
VRK2,RB_242_254,-0.1451302674611134
ATR,RB_350_362,-0.1729188055389018
BARK1,RB_350_362,-0.1729188055389018
CDK,RB_350_362,-0.1729188055389018
DMPK,RB_350_362,-0.1729188055389018
DYRK,RB_350_362,-0.1729188055389018
PDHK,RB_350_362,-0.1729188055389018
PDK1,RB_350_362,-0.1729188055389018
PEK,RB_350_362,-0.1729188055389018
PHK,RB_350_362,-0.1729188055389018
PIM,RB_350_362,-0.1729188055389018
PKCA,RB_350_362,-0.1729188055389018
PRKDC,RB_350_362,-0.1729188055389018
QIK,RB_350_362,-0.1729188055389018
RSK,RB_350_362,-0.1729188055389018
VRK2,RB_350_362,-0.1729188055389018
BARK1,RB_803_815,-0.1690154725407007
CDK,RB_803_815,-0.1690154725407007
CK1,RB_803_815,-0.1690154725407007
DYRK,RB_803_815,-0.1690154725407007
ERK,RB_803_815,-0.1690154725407007
JNK,RB_803_815,-0.1690154725407007
QIK,RB_803_815,-0.1690154725407007
VRK2,RB_803_815,-0.1690154725407007
BARK1,REL_260_272,0.7865484265257813
CDK,REL_260_272,0.7865484265257813
CK1,REL_260_272,0.7865484265257813
DMPK,REL_260_272,0.7865484265257813
MAPKAPK,REL_260_272,0.7865484265257813
MARK,REL_260_272,0.7865484265257813
PAKA,REL_260_272,0.7865484265257813
PEK,REL_260_272,0.7865484265257813
PIM,REL_260_272,0.7865484265257813
PKCA,REL_260_272,0.7865484265257813
PKD,REL_260_272,0.7865484265257813
PKG,REL_260_272,0.7865484265257813
PLK,REL_260_272,0.7865484265257813
RSK,REL_260_272,0.7865484265257813
STE7,REL_260_272,0.7865484265257813
VRK2,REL_260_272,0.7865484265257813
AKT,RS6_228_240,0.5376010556589348
BARK1,RS6_228_240,0.5376010556589348
CAMK1,RS6_228_240,0.5376010556589348
CDK,RS6_228_240,0.5376010556589348
DAPK,RS6_228_240,0.5376010556589348
DMPK,RS6_228_240,0.5376010556589348
IKK,RS6_228_240,0.5376010556589348
MAPKAPK,RS6_228_240,0.5376010556589348
MELK,RS6_228_240,0.5376010556589348
PAKA,RS6_228_240,0.5376010556589348
PASK,RS6_228_240,0.5376010556589348
PDHK,RS6_228_240,0.5376010556589348
PEK,RS6_228_240,0.5376010556589348
PHK,RS6_228_240,0.5376010556589348
PIM,RS6_228_240,0.5376010556589348
PKA,RS6_228_240,0.5376010556589348
PKCA,RS6_228_240,0.5376010556589348
PKCD,RS6_228_240,0.5376010556589348
PKCI,RS6_228_240,0.5376010556589348
PKD,RS6_228_240,0.5376010556589348
PKG,RS6_228_240,0.5376010556589348
QIK,RS6_228_240,0.5376010556589348
RIPK,RS6_228_240,0.5376010556589348
RSK,RS6_228_240,0.5376010556589348
SGK,RS6_228_240,0.5376010556589348
VRK2,RS6_228_240,0.5376010556589348
BARK1,RYR1_4317_4329,0.28160145465580744
DMPK,RYR1_4317_4329,0.28160145465580744
PHK,RYR1_4317_4329,0.28160145465580744
PIM,RYR1_4317_4329,0.28160145465580744
PKA,RYR1_4317_4329,0.28160145465580744
PKCA,RYR1_4317_4329,0.28160145465580744
PKCH,RYR1_4317_4329,0.28160145465580744
PKG,RYR1_4317_4329,0.28160145465580744
RSK,RYR1_4317_4329,0.28160145465580744
VRK2,RYR1_4317_4329,0.28160145465580744
BARK1,SCN7A_898_910,0.6960463516977647
DMPK,SCN7A_898_910,0.6960463516977647
HAL,SCN7A_898_910,0.6960463516977647
IKK,SCN7A_898_910,0.6960463516977647
PHK,SCN7A_898_910,0.6960463516977647
PKA,SCN7A_898_910,0.6960463516977647
PKCA,SCN7A_898_910,0.6960463516977647
PKG,SCN7A_898_910,0.6960463516977647
RIPK,SCN7A_898_910,0.6960463516977647
RSK,SCN7A_898_910,0.6960463516977647
VRK2,SCN7A_898_910,0.6960463516977647
AUR,STK6_283_295,0.3845378934547335
BARK1,STK6_283_295,0.3845378934547335
CAMK1,STK6_283_295,0.3845378934547335
CAMK2,STK6_283_295,0.3845378934547335
CDK,STK6_283_295,0.3845378934547335
DMPK,STK6_283_295,0.3845378934547335
FRAY,STK6_283_295,0.3845378934547335
IKK,STK6_283_295,0.3845378934547335
IRAK,STK6_283_295,0.3845378934547335
LKB,STK6_283_295,0.3845378934547335
MELK,STK6_283_295,0.3845378934547335
MLK,STK6_283_295,0.3845378934547335
MTOR,STK6_283_295,0.3845378934547335
NDR,STK6_283_295,0.3845378934547335
NEK,STK6_283_295,0.3845378934547335
PAKA,STK6_283_295,0.3845378934547335
PDHK,STK6_283_295,0.3845378934547335
PDK1,STK6_283_295,0.3845378934547335
PEK,STK6_283_295,0.3845378934547335
PHK,STK6_283_295,0.3845378934547335
PKA,STK6_283_295,0.3845378934547335
PKCA,STK6_283_295,0.3845378934547335
PKCD,STK6_283_295,0.3845378934547335
PLK,STK6_283_295,0.3845378934547335
PRKDC,STK6_283_295,0.3845378934547335
QIK,STK6_283_295,0.3845378934547335
RAD53,STK6_283_295,0.3845378934547335
RSK,STK6_283_295,0.3845378934547335
STE7,STK6_283_295,0.3845378934547335
VRK2,STK6_283_295,0.3845378934547335
AKT,TAU_524_536,-0.06762163233677132
BARK1,TAU_524_536,-0.06762163233677132
CAMK1,TAU_524_536,-0.06762163233677132
CDK,TAU_524_536,-0.06762163233677132
DMPK,TAU_524_536,-0.06762163233677132
DYRK,TAU_524_536,-0.06762163233677132
ERK,TAU_524_536,-0.06762163233677132
GRK,TAU_524_536,-0.06762163233677132
GSK,TAU_524_536,-0.06762163233677132
IKK,TAU_524_536,-0.06762163233677132
JNK,TAU_524_536,-0.06762163233677132
MAPKAPK,TAU_524_536,-0.06762163233677132
MELK,TAU_524_536,-0.06762163233677132
MTOR,TAU_524_536,-0.06762163233677132
P38,TAU_524_536,-0.06762163233677132
PDK1,TAU_524_536,-0.06762163233677132
PEK,TAU_524_536,-0.06762163233677132
PHK,TAU_524_536,-0.06762163233677132
PIM,TAU_524_536,-0.06762163233677132
PKA,TAU_524_536,-0.06762163233677132
PKCA,TAU_524_536,-0.06762163233677132
PKD,TAU_524_536,-0.06762163233677132
PLK,TAU_524_536,-0.06762163233677132
QIK,TAU_524_536,-0.06762163233677132
RAF,TAU_524_536,-0.06762163233677132
RIPK,TAU_524_536,-0.06762163233677132
RSK,TAU_524_536,-0.06762163233677132
SGK,TAU_524_536,-0.06762163233677132
STE11,TAU_524_536,-0.06762163233677132
VRK2,TAU_524_536,-0.06762163233677132
AKT,TOP2A_1463_1475,0.5757347178400677
BARK1,TOP2A_1463_1475,0.5757347178400677
CDK,TOP2A_1463_1475,0.5757347178400677
CK1,TOP2A_1463_1475,0.5757347178400677
CK2,TOP2A_1463_1475,0.5757347178400677
DAPK,TOP2A_1463_1475,0.5757347178400677
DMPK,TOP2A_1463_1475,0.5757347178400677
IKK,TOP2A_1463_1475,0.5757347178400677
MLK,TOP2A_1463_1475,0.5757347178400677
NEK,TOP2A_1463_1475,0.5757347178400677
PAKA,TOP2A_1463_1475,0.5757347178400677
PEK,TOP2A_1463_1475,0.5757347178400677
PHK,TOP2A_1463_1475,0.5757347178400677
PIM,TOP2A_1463_1475,0.5757347178400677
PKA,TOP2A_1463_1475,0.5757347178400677
PKCA,TOP2A_1463_1475,0.5757347178400677
PKG,TOP2A_1463_1475,0.5757347178400677
PLK,TOP2A_1463_1475,0.5757347178400677
QIK,TOP2A_1463_1475,0.5757347178400677
RAD53,TOP2A_1463_1475,0.5757347178400677
RIPK,TOP2A_1463_1475,0.5757347178400677
RSK,TOP2A_1463_1475,0.5757347178400677
VRK2,TOP2A_1463_1475,0.5757347178400677
BARK1,TY3H_65_77,0.7748256003847741
CAMK2,TY3H_65_77,0.7748256003847741
MAPKAPK,TY3H_65_77,0.7748256003847741
PHK,TY3H_65_77,0.7748256003847741
PIM,TY3H_65_77,0.7748256003847741
PKA,TY3H_65_77,0.7748256003847741
PKCA,TY3H_65_77,0.7748256003847741
PKG,TY3H_65_77,0.7748256003847741
QIK,TY3H_65_77,0.7748256003847741
RIPK,TY3H_65_77,0.7748256003847741
RSK,TY3H_65_77,0.7748256003847741
VRK2,TY3H_65_77,0.7748256003847741
BARK1,VASP_150_162,0.8111912197920544
DMPK,VASP_150_162,0.8111912197920544
PHK,VASP_150_162,0.8111912197920544
PIM,VASP_150_162,0.8111912197920544
PKA,VASP_150_162,0.8111912197920544
PKCA,VASP_150_162,0.8111912197920544
PKD,VASP_150_162,0.8111912197920544
PKG,VASP_150_162,0.8111912197920544
RIPK,VASP_150_162,0.8111912197920544
RSK,VASP_150_162,0.8111912197920544
VRK2,VASP_150_162,0.8111912197920544
BARK1,VASP_232_244,-0.09716754305734612
CDK,VASP_232_244,-0.09716754305734612
DMPK,VASP_232_244,-0.09716754305734612
IKK,VASP_232_244,-0.09716754305734612
MAPKAPK,VASP_232_244,-0.09716754305734612
PHK,VASP_232_244,-0.09716754305734612
PIM,VASP_232_244,-0.09716754305734612
PKA,VASP_232_244,-0.09716754305734612
PKCA,VASP_232_244,-0.09716754305734612
PKCH,VASP_232_244,-0.09716754305734612
PKD,VASP_232_244,-0.09716754305734612
PKG,VASP_232_244,-0.09716754305734612
RIPK,VASP_232_244,-0.09716754305734612
RSK,VASP_232_244,-0.09716754305734612
VRK2,VASP_232_244,-0.09716754305734612
AKT,VASP_271_283,0.31508123480770794
ATR,VASP_271_283,0.31508123480770794
AMPK,VASP_271_283,0.31508123480770794
BARK1,VASP_271_283,0.31508123480770794
DMPK,VASP_271_283,0.31508123480770794
IKK,VASP_271_283,0.31508123480770794
PAKA,VASP_271_283,0.31508123480770794
PHK,VASP_271_283,0.31508123480770794
PIM,VASP_271_283,0.31508123480770794
PKA,VASP_271_283,0.31508123480770794
PKG,VASP_271_283,0.31508123480770794
RIPK,VASP_271_283,0.31508123480770794
RSK,VASP_271_283,0.31508123480770794
VRK2,VASP_271_283,0.31508123480770794
AKT,VTNC_390_402,0.6563591425892975
BARK1,VTNC_390_402,0.6563591425892975
CDK,VTNC_390_402,0.6563591425892975
DAPK,VTNC_390_402,0.6563591425892975
DMPK,VTNC_390_402,0.6563591425892975
PDHK,VTNC_390_402,0.6563591425892975
PEK,VTNC_390_402,0.6563591425892975
PHK,VTNC_390_402,0.6563591425892975
PKA,VTNC_390_402,0.6563591425892975
PKCA,VTNC_390_402,0.6563591425892975
QIK,VTNC_390_402,0.6563591425892975
RIPK,VTNC_390_402,0.6563591425892975
RSK,VTNC_390_402,0.6563591425892975
SGK,VTNC_390_402,0.6563591425892975
VRK2,VTNC_390_402,0.6563591425892975
