Kinase,Score,Rank,Method,Perc,Qrt,group,KinaseFamily,subfamily,hgnc_symbol
SGK1,-26.19672292900682,37,PTM-SEA,0.4266666666666667,2,AGC,SGK,SGK,SGK1
PIK3C2A,0,50,PTM-SEA,0,1,NA,NA,NA,PIK3C2A
CHEK1,-70.01815500067292,15,PTM-SEA,0.8,4,CAMK,CAMKL,CHK1,CHEK1
AURKA,-4.965328912268074,46,PTM-SEA,0.30666666666666664,2,OTHER,AUR,AUR,AURKA
RPS6KA5,-44.58043255210287,28,PTM-SEA,0.5466666666666666,3,AGC,RSK,MSK,RPS6KA5
CHEK2,-91.32294788174814,5,PTM-SEA,0.9333333333333333,4,CAMK,RAD53,RAD53,CHEK2
RAF1,-17.830788532874198,38,PTM-SEA,0.41333333333333333,2,TKL,RAF,RAF,RAF1
PRKCG,0,50,PTM-SEA,0,1,AGC,PKC,ALPHA,PRKCG
PRKCB,-55.51872048297841,22,PTM-SEA,0.6933333333333334,3,AGC,PKC,ALPHA,PRKCB
CDK1,-91.26216960876988,6,PTM-SEA,0.92,4,CMGC,CDK,CDC2,CDK1
ARAF,59.96475011921353,21,PTM-SEA,0.7066666666666667,3,TKL,RAF,RAF,ARAF
PIM1,52.29840112271729,25,PTM-SEA,0.5866666666666667,3,CAMK,PIM,PIM,PIM1
CDK4,-101.57194993100931,2,PTM-SEA,0.9866666666666667,4,CMGC,CDK,CDK4,CDK4
SRC,0,50,PTM-SEA,0,1,TK,SRC,SRCA,SRC
BRAF,59.96475011921353,21,PTM-SEA,0.7066666666666667,3,TKL,RAF,RAF,BRAF
PRKCA,10.84612188161149,41,PTM-SEA,0.37333333333333335,2,AGC,PKC,ALPHA,PRKCA
PRKACA,54.0858382942943,24,PTM-SEA,0.6666666666666666,3,AGC,PKA,PKA,PRKACA
PRKACG,52.29840112271729,25,PTM-SEA,0.5866666666666667,3,AGC,PKA,PKA,PRKACG
PRKACB,52.29840112271729,25,PTM-SEA,0.5866666666666667,3,AGC,PKA,PKA,PRKACB
RPS6KB1,72.99588012045416,13,PTM-SEA,0.8266666666666667,4,AGC,RSK,P70,RPS6KB1
CDK2,-87.41576694176895,9,PTM-SEA,0.88,4,CMGC,CDK,CDC2,CDK2
MAPK3,-35.08077723893878,31,PTM-SEA,0.5066666666666667,3,CMGC,MAPK,ERK1,MAPK3
MAPK1,-63.556347608998486,18,PTM-SEA,0.76,4,CMGC,MAPK,ERK1,MAPK1
AKT1,48.27045588039472,27,PTM-SEA,0.56,3,AGC,AKT,AKT,AKT1
AKT2,60.93848810328246,19,PTM-SEA,0.7466666666666667,3,AGC,AKT,AKT,AKT2
MAP3K8,-13.474640216375468,39,PTM-SEA,0.4,2,STE,STE-UNIQUE,STE-UNIQUE,MAP3K8
PRKCI,52.29840112271729,25,PTM-SEA,0.5866666666666667,3,AGC,PKC,IOTA,PRKCI
MTOR,0,50,PTM-SEA,0,1,ATYPICAL,PIKK,FRAP,MTOR
MAPK8,-6.281735872153703,45,PTM-SEA,0.32,2,CMGC,MAPK,JNK,MAPK8
MAPK9,0,50,PTM-SEA,0,1,CMGC,MAPK,JNK,MAPK9
MAPKAPK2,-4.66384581241526,47,PTM-SEA,0.29333333333333333,2,CAMK,MAPKAPK,MAPKAPK,MAPKAPK2
GSK3B,74.59319393118658,12,PTM-SEA,0.84,4,CMGC,GSK,GSK,GSK3B
CDK7,-7.560728744939269,44,PTM-SEA,0.3333333333333333,2,CMGC,CDK,CDK7,CDK7
CDK9,-94.25708502024291,4,PTM-SEA,0.9466666666666667,4,CMGC,CDK,CDK9,CDK9
RPS6KA3,51.97598879226912,26,PTM-SEA,0.5733333333333334,3,AGC,RSK,RSK,RPS6KA3
NEK2,0,50,PTM-SEA,0,1,OTHER,NEK,NEK2,NEK2
DAPK1,0,50,PTM-SEA,0,1,CAMK,DAPK,DAPK,DAPK1
MAPK10,-26.714574898785422,36,PTM-SEA,0.44,2,CMGC,MAPK,JNK,MAPK10
PRKAA2,39.66068952903199,30,PTM-SEA,0.52,3,CAMK,CAMKL,AMPK,PRKAA2
SIK1,-27.722672064777324,34,PTM-SEA,0.4666666666666667,2,CAMK,CAMKL,QIK,SIK1
CSNK2A1,0,50,PTM-SEA,0,1,CMGC,CK2,CK2,CSNK2A1
PRKDC,-11.089068825910932,40,PTM-SEA,0.38666666666666666,2,ATYPICAL,PIKK,DNAPK,PRKDC
ATM,0,50,PTM-SEA,0,1,ATYPICAL,PIKK,ATM,ATM
AURKB,-96.05156236836426,3,PTM-SEA,0.9733333333333334,4,OTHER,AUR,AUR,AURKB
CDK3,0,50,PTM-SEA,0,1,CMGC,CDK,CDC2,CDK3
CDK6,-94.25708502024291,4,PTM-SEA,0.9466666666666667,4,CMGC,CDK,CDK4,CDK6
CDK5,-77.1328480607259,11,PTM-SEA,0.8533333333333334,4,CMGC,CDK,CDK5,CDK5
PRKCE,60.357134195280324,20,PTM-SEA,0.7333333333333333,3,AGC,PKC,ETA,PRKCE
PRKCQ,33.777229500137246,32,PTM-SEA,0.49333333333333335,2,AGC,PKC,DELTA,PRKCQ
PRKCZ,70.15412379820623,14,PTM-SEA,0.8133333333333334,4,AGC,PKC,IOTA,PRKCZ
PRKCD,89.919272873480793,8,PTM-SEA,0.8933333333333333,4,AGC,PKC,DELTA,PRKCD
PRKAA1,-0.9650728117286358,49,PTM-SEA,0.26666666666666666,2,CAMK,CAMKL,AMPK,PRKAA1
PAK1,-10.572454501672361,42,PTM-SEA,0.36,2,STE,STE20,PAKA,PAK1
PAK2,91.2327935222672,7,PTM-SEA,0.9066666666666666,4,STE,STE20,PAKA,PAK2
PRKG2,-102.40072185483267,1,PTM-SEA,1,4,AGC,PKG,PKG,PRKG2
ROCK1,4.200694359578817,48,PTM-SEA,0.28,2,AGC,DMPK,ROCK,ROCK1
ATR,0,50,PTM-SEA,0,1,ATYPICAL,PIKK,ATR,ATR
CAMK2G,0,50,PTM-SEA,0,1,CAMK,CAMK2,CAMK2,CAMK2G
DYRK1A,43.260680066326934,29,PTM-SEA,0.5333333333333333,3,CMGC,DYRK,DYRK1,DYRK1A
PRKG1,27.623289940907497,35,PTM-SEA,0.4533333333333333,2,AGC,PKG,PKG,PRKG1
PRKD1,77.86262593091138,10,PTM-SEA,0.8666666666666667,4,CAMK,PKD,PKD,PRKD1
RPS6KA2,68.49017657716885,16,PTM-SEA,0.7866666666666666,4,AGC,RSK,RSK,RPS6KA2
RPS6KA1,32.43189989183737,33,PTM-SEA,0.48,2,AGC,RSK,RSK,RPS6KA1
PKN1,-54.8213945660128,23,PTM-SEA,0.68,3,AGC,PKN,PKN,PKN1
MAPK14,7.609831039257265,43,PTM-SEA,0.3466666666666667,2,CMGC,MAPK,P38,MAPK14
PIM3,52.29840112271729,25,PTM-SEA,0.5866666666666667,3,CAMK,PIM,PIM,PIM3
BRSK2,0,50,PTM-SEA,0,1,CAMK,CAMKL,BRSK,BRSK2
BRSK1,0,50,PTM-SEA,0,1,CAMK,CAMKL,BRSK,BRSK1
DYRK2,0,50,PTM-SEA,0,1,CMGC,DYRK,DYRK2,DYRK2
PASK,0,50,PTM-SEA,0,1,CAMK,CAMKL,PASK,PASK
VRK1,0,50,PTM-SEA,0,1,CK1,VRK,VRK,VRK1
PRKD2,0,50,PTM-SEA,0,1,CAMK,PKD,PKD,PRKD2
PLK3,0,50,PTM-SEA,0,1,OTHER,PLK,PLK2,PLK3
NEK6,0,50,PTM-SEA,0,1,OTHER,NEK,NEK6,NEK6
PIM2,52.29840112271729,25,PTM-SEA,0.5866666666666667,3,CAMK,PIM,PIM,PIM2
AKT3,66.49103428357893,17,PTM-SEA,0.7733333333333333,4,AGC,AKT,AKT,AKT3
AAK1,307,268,KEA3,0.07714285714285714,1,OTHER,NAK,BIKE,AAK1
ABL1,43.333333333333336,27,KEA3,0.9114285714285715,4,TK,ABL,ABL,ABL1
ABL2,115,103,KEA3,0.6485714285714286,3,TK,ABL,ABL,ABL2
ACVR1,128.5,120,KEA3,0.5742857142857143,3,TKL,STKR,TYPE1,ACVR1
ACVR1B,208,198,KEA3,0.29428571428571426,2,TKL,STKR,TYPE1,ACVR1B
ACVR2B,212,201,KEA3,0.2857142857142857,2,TKL,STKR,TYPE2,ACVR2B
AKT1,38.333333333333336,22,KEA3,0.9285714285714286,4,AGC,AKT,AKT,AKT1
AKT2,33.333333333333336,14,KEA3,0.96,4,AGC,AKT,AKT,AKT2
AKT3,141,133,KEA3,0.5257142857142857,3,AGC,AKT,AKT,AKT3
ALK,66.5,49,KEA3,0.8371428571428572,4,TK,ALK,ALK,ALK
ARAF,117.5,106,KEA3,0.6371428571428571,3,TKL,RAF,RAF,ARAF
ATM,122.66666666666667,111,KEA3,0.62,3,ATYPICAL,PIKK,ATM,ATM
ATR,75,58,KEA3,0.8,4,ATYPICAL,PIKK,ATR,ATR
AURKA,33.666666666666664,15,KEA3,0.9571428571428572,4,OTHER,AUR,AUR,AURKA
AURKB,52.333333333333336,36,KEA3,0.88,4,OTHER,AUR,AUR,AURKB
AURKC,185.5,182,KEA3,0.3514285714285714,2,OTHER,AUR,AUR,AURKC
AXL,180.5,173,KEA3,0.38,2,TK,AXL,AXL,AXL
BLK,261,240,KEA3,0.15714285714285714,1,TK,SRC,SRCB,BLK
BMP2K,327,285,KEA3,0.02857142857142857,1,OTHER,NAK,BIKE,BMP2K
BMPR1A,152.5,144,KEA3,0.47714285714285715,2,TKL,STKR,TYPE1,BMPR1A
BMPR1B,123,112,KEA3,0.6142857142857143,3,TKL,STKR,TYPE1,BMPR1B
BMPR2,208,198,KEA3,0.29428571428571426,2,TKL,STKR,TYPE2,BMPR2
BMX,117,105,KEA3,0.6428571428571429,3,TK,TEC,TEC,BMX
BRAF,168,166,KEA3,0.40285714285714286,2,TKL,RAF,RAF,BRAF
BRSK1,226.66666666666666,210,KEA3,0.2571428571428571,2,CAMK,CAMKL,BRSK,BRSK1
BRSK2,312,273,KEA3,0.06285714285714286,1,CAMK,CAMKL,BRSK,BRSK2
BTK,76.33333333333333,60,KEA3,0.7914285714285715,4,TK,TEC,TEC,BTK
BUB1,166,163,KEA3,0.4114285714285714,2,OTHER,BUB,BUB,BUB1
CAMK1,182.66666666666666,176,KEA3,0.37142857142857144,2,CAMK,CAMK1,CAMK1,CAMK1
CAMK1D,253,231,KEA3,0.18857142857142858,1,CAMK,CAMK1,CAMK1,CAMK1D
CAMK2A,38.333333333333336,22,KEA3,0.9285714285714286,4,CAMK,CAMK2,CAMK2,CAMK2A
CAMK2B,123,112,KEA3,0.6142857142857143,3,CAMK,CAMK2,CAMK2,CAMK2B
CAMK2D,98.33333333333333,82,KEA3,0.7257142857142858,3,CAMK,CAMK2,CAMK2,CAMK2D
CAMK2G,4,1,KEA3,1,4,CAMK,CAMK2,CAMK2,CAMK2G
CAMK4,104.33333333333333,88,KEA3,0.7028571428571428,3,CAMK,CAMK1,CAMK1,CAMK4
CAMKK1,126,114,KEA3,0.6028571428571429,3,OTHER,CAMKK,META,CAMKK1
CAMKK2,117.5,106,KEA3,0.6371428571428571,3,OTHER,CAMKK,META,CAMKK2
CDC42BPA,297,260,KEA3,0.1,1,AGC,DMPK,GEK,CDC42BPA
CDC7,209,199,KEA3,0.2914285714285714,2,OTHER,CDC7,CDC7,CDC7
CDK1,42.5,24,KEA3,0.9228571428571428,4,CMGC,CDK,CDC2,CDK1
CDK11A,229,213,KEA3,0.24571428571428572,1,CMGC,CDK,CDK11,CDK11A
CDK11A,229,213,KEA3,0.24571428571428572,1,NA,NA,NA,CDK11A
CDK12,234,215,KEA3,0.24,1,CMGC,CDK,CRK7,CDK12
CDK15,286,253,KEA3,0.12,1,CMGC,CDK,PFTAIRE,CDK15
CDK16,276,249,KEA3,0.13142857142857142,1,CMGC,CDK,PCTAIRE,CDK16
CDK18,272,247,KEA3,0.13714285714285715,1,CMGC,CDK,PCTAIRE,CDK18
CDK19,75,58,KEA3,0.8,4,CMGC,CDK,CDK8,CDK19
CDK2,28.333333333333332,12,KEA3,0.9657142857142857,4,CMGC,CDK,CDC2,CDK2
CDK20,137,130,KEA3,0.5342857142857143,3,CMGC,CDK,CCRK,CDK20
CDK3,99,83,KEA3,0.72,3,CMGC,CDK,CDC2,CDK3
CDK4,63,46,KEA3,0.8457142857142858,4,CMGC,CDK,CDK4,CDK4
CDK5,28.333333333333332,12,KEA3,0.9657142857142857,4,CMGC,CDK,CDK5,CDK5
CDK6,104.66666666666667,89,KEA3,0.7,3,CMGC,CDK,CDK4,CDK6
CDK7,70.66666666666667,53,KEA3,0.8171428571428572,4,CMGC,CDK,CDK7,CDK7
CDK8,215.5,203,KEA3,0.28,2,CMGC,CDK,CDK8,CDK8
CDK9,60.333333333333336,42,KEA3,0.8571428571428571,4,CMGC,CDK,CDK9,CDK9
CDKL3,310,271,KEA3,0.06857142857142857,1,CMGC,CDKL,CDKL,CDKL3
CDKL5,94,77,KEA3,0.7428571428571429,3,CMGC,CDKL,CDKL,CDKL5
CHEK1,41.333333333333336,23,KEA3,0.9257142857142857,4,CAMK,CAMKL,CHK1,CHEK1
CHEK2,81.33333333333333,66,KEA3,0.7742857142857142,4,CAMK,RAD53,RAD53,CHEK2
CHUK,72.33333333333333,56,KEA3,0.8085714285714286,4,OTHER,IKK,IKK,CHUK
CLK1,128.5,120,KEA3,0.5742857142857143,3,CMGC,CLK,CLK,CLK1
CLK2,110,95,KEA3,0.68,3,CMGC,CLK,CLK,CLK2
CLK3,179,171,KEA3,0.38857142857142857,2,CMGC,CLK,CLK,CLK3
CLK4,324,283,KEA3,0.03428571428571429,1,CMGC,CLK,CLK,CLK4
CSF1R,223,207,KEA3,0.26571428571428574,2,TK,PDGFR,PDGFR,CSF1R
CSK,149.33333333333334,140,KEA3,0.49142857142857144,2,TK,CSK,CSK,CSK
CSNK1A1,96.33333333333333,79,KEA3,0.7342857142857143,3,CK1,CK1,CK1-A,CSNK1A1
CSNK1A1L,338,294,KEA3,0.002857142857142857,1,CK1,CK1,CK1-A,CSNK1A1L
CSNK1D,43.333333333333336,27,KEA3,0.9114285714285715,4,CK1,CK1,CK1-D,CSNK1D
CSNK1E,129,121,KEA3,0.5714285714285714,3,CK1,CK1,CK1-D,CSNK1E
CSNK1G1,195,188,KEA3,0.32857142857142857,2,CK1,CK1,CK1-G,CSNK1G1
CSNK1G2,242.5,223,KEA3,0.21714285714285714,1,CK1,CK1,CK1-G,CSNK1G2
CSNK1G3,284,251,KEA3,0.12571428571428572,1,CK1,CK1,CK1-G,CSNK1G3
CSNK2A1,79,63,KEA3,0.7828571428571428,4,CMGC,CK2,CK2,CSNK2A1
CSNK2A2,127,117,KEA3,0.5885714285714285,3,CMGC,CK2,CK2,CSNK2A2
DAPK1,68.66666666666667,50,KEA3,0.8314285714285714,4,CAMK,DAPK,DAPK,DAPK1
DAPK3,128.33333333333334,119,KEA3,0.58,3,CAMK,DAPK,DAPK,DAPK3
DCLK1,264,243,KEA3,0.14857142857142858,1,CAMK,DCAMKL,DCAMKL,DCLK1
DDR1,92.5,75,KEA3,0.7485714285714286,3,TK,DDR,DDR,DDR1
DDR2,146,136,KEA3,0.5171428571428571,3,TK,DDR,DDR,DDR2
DMPK,132,125,KEA3,0.5571428571428572,3,AGC,DMPK,GEK,DMPK
DYRK1A,51,35,KEA3,0.8828571428571429,4,CMGC,DYRK,DYRK1,DYRK1A
DYRK1B,97,80,KEA3,0.7314285714285714,3,CMGC,DYRK,DYRK1,DYRK1B
DYRK2,49,32,KEA3,0.8942857142857142,4,CMGC,DYRK,DYRK2,DYRK2
DYRK3,200,192,KEA3,0.3171428571428571,2,CMGC,DYRK,DYRK2,DYRK3
DYRK4,93,76,KEA3,0.7457142857142857,3,CMGC,DYRK,DYRK2,DYRK4
EEF2K,126,114,KEA3,0.6028571428571429,3,ATYPICAL,ALPHA,EEF2K,EEF2K
EGFR,37,20,KEA3,0.9371428571428572,4,TK,EGFR,EGFR,EGFR
EIF2AK1,319,279,KEA3,0.045714285714285714,1,OTHER,PEK,HRI,EIF2AK1
EIF2AK2,36,18,KEA3,0.9428571428571428,4,OTHER,PEK,PKR,EIF2AK2
EIF2AK3,336,292,KEA3,0.008571428571428572,1,OTHER,PEK,PEK,EIF2AK3
EPHA2,323,282,KEA3,0.037142857142857144,1,TK,EPH,EPH,EPHA2
EPHA3,146.5,137,KEA3,0.5114285714285715,3,TK,EPH,EPH,EPHA3
EPHA4,328,286,KEA3,0.025714285714285714,1,TK,EPH,EPH,EPHA4
EPHA8,335,291,KEA3,0.011428571428571429,1,TK,EPH,EPH,EPHA8
EPHB1,325,284,KEA3,0.03142857142857143,1,TK,EPH,EPH,EPHB1
EPHB2,248,227,KEA3,0.20285714285714285,1,TK,EPH,EPH,EPHB2
EPHB3,109,93,KEA3,0.6885714285714286,3,TK,EPH,EPH,EPHB3
ERBB2,65.5,47,KEA3,0.8428571428571429,4,TK,EGFR,EGFR,ERBB2
ERBB4,230,214,KEA3,0.24285714285714285,1,TK,EGFR,EGFR,ERBB4
FASTK,247,225,KEA3,0.20857142857142857,1,ATYPICAL,FAST,FAST,FASTK
FER,18.5,8,KEA3,0.98,4,TK,FER,FER,FER
FES,261,240,KEA3,0.15714285714285714,1,TK,FER,FER,FES
FGFR1,161,157,KEA3,0.4342857142857143,2,TK,FGFR,FGFR,FGFR1
FGFR2,154,146,KEA3,0.4685714285714286,2,TK,FGFR,FGFR,FGFR2
FGFR3,189.5,185,KEA3,0.34,2,TK,FGFR,FGFR,FGFR3
FGFR4,120.5,109,KEA3,0.6257142857142857,3,TK,FGFR,FGFR,FGFR4
FGR,60.5,43,KEA3,0.8542857142857143,4,TK,SRC,SRCA,FGR
FLT1,313,274,KEA3,0.06,1,TK,VEGFR,VEGFR,FLT1
FLT3,210,200,KEA3,0.2885714285714286,2,TK,PDGFR,PDGFR,FLT3
FLT4,288,255,KEA3,0.11428571428571428,1,TK,VEGFR,VEGFR,FLT4
FRK,197.5,190,KEA3,0.32285714285714284,2,TK,SRC,FRK,FRK
FYN,69.66666666666667,52,KEA3,0.82,4,TK,SRC,SRCA,FYN
GRK1,332,289,KEA3,0.017142857142857144,1,AGC,GRK,GRK,GRK1
GRK2,19.666666666666668,9,KEA3,0.9771428571428571,4,AGC,GRK,BARK,GRK2
GRK3,151,141,KEA3,0.4857142857142857,2,AGC,GRK,BARK,GRK3
GRK5,25.666666666666668,10,KEA3,0.9742857142857143,4,AGC,GRK,GRK,GRK5
GRK6,121,110,KEA3,0.6228571428571429,3,AGC,GRK,GRK,GRK6
GSK3A,71,54,KEA3,0.8142857142857143,4,CMGC,GSK,GSK,GSK3A
GSK3B,49.666666666666664,34,KEA3,0.8857142857142857,4,CMGC,GSK,GSK,GSK3B
HASPIN,222,206,KEA3,0.26857142857142857,2,OTHER,HASPIN,HASPIN,HASPIN
HCK,126,114,KEA3,0.6028571428571429,3,TK,SRC,SRCB,HCK
HIPK1,134.5,127,KEA3,0.5514285714285714,3,CMGC,DYRK,HIPK,HIPK1
HIPK2,103.33333333333333,86,KEA3,0.7085714285714285,3,CMGC,DYRK,HIPK,HIPK2
HIPK3,302,264,KEA3,0.08857142857142856,1,CMGC,DYRK,HIPK,HIPK3
HIPK4,120.5,109,KEA3,0.6257142857142857,3,CMGC,DYRK,HIPK,HIPK4
ICK,253,231,KEA3,0.18857142857142858,1,CMGC,RCK,RCK,CILK1
IGF1R,99.66666666666667,84,KEA3,0.7142857142857143,3,TK,INSR,INSR,IGF1R
IKBKB,76,59,KEA3,0.7971428571428572,4,OTHER,IKK,IKK,IKBKB
IKBKE,53.333333333333336,37,KEA3,0.8771428571428571,4,OTHER,IKK,IKK,IKBKE
ILK,111.33333333333333,98,KEA3,0.6714285714285714,3,TKL,MLK,ILK,ILK
INSR,113.33333333333333,101,KEA3,0.66,3,TK,INSR,INSR,INSR
IRAK1,151.5,142,KEA3,0.4828571428571429,2,TKL,IRAK,IRAK,IRAK1
IRAK3,256.5,235,KEA3,0.1742857142857143,1,TKL,IRAK,IRAK,IRAK3
IRAK4,301,263,KEA3,0.09142857142857143,1,TKL,IRAK,IRAK,IRAK4
ITK,158.66666666666666,153,KEA3,0.44571428571428573,2,TK,TEC,TEC,ITK
JAK1,158.5,152,KEA3,0.44857142857142857,2,TK,JAKA,JAKA,JAK1
JAK2,77.66666666666667,62,KEA3,0.7857142857142857,4,TK,JAKA,JAKA,JAK2
JAK3,164,162,KEA3,0.42,2,TK,JAKA,JAKA,JAK3
KDR,308,269,KEA3,0.07428571428571429,1,TK,VEGFR,VEGFR,KDR
KIT,140,132,KEA3,0.5285714285714286,3,TK,PDGFR,PDGFR,KIT
KSR1,262,241,KEA3,0.15428571428571428,1,TKL,RAF,KSR,KSR1
KSR2,197,189,KEA3,0.32571428571428573,2,TKL,RAF,KSR,KSR2
LATS1,180.66666666666666,174,KEA3,0.37714285714285717,2,AGC,NDR,NDR,LATS1
LATS2,143,134,KEA3,0.5228571428571429,3,AGC,NDR,NDR,LATS2
LCK,35.666666666666664,17,KEA3,0.9485714285714286,4,TK,SRC,SRCB,LCK
LIMK1,296,259,KEA3,0.10285714285714286,1,TKL,LISK,LIMK,LIMK1
LIMK2,184,180,KEA3,0.36,2,TKL,LISK,LIMK,LIMK2
LRRK2,95,78,KEA3,0.7371428571428571,3,TKL,LRRK,LRRK,LRRK2
LYN,88.33333333333333,71,KEA3,0.76,4,TK,SRC,SRCB,LYN
MAK,285,252,KEA3,0.12285714285714286,1,CMGC,RCK,RCK,MAK
MAP2K1,68.66666666666667,50,KEA3,0.8314285714285714,4,STE,STE7,MEK1,MAP2K1
MAP2K2,202,195,KEA3,0.3057142857142857,2,STE,STE7,MEK1,MAP2K2
MAP2K3,271,246,KEA3,0.14,1,STE,STE7,MEK3,MAP2K3
MAP2K4,158.33333333333334,151,KEA3,0.4514285714285714,2,STE,STE7,MEK4,MAP2K4
MAP2K6,163.33333333333334,161,KEA3,0.4228571428571429,2,STE,STE7,MEK3,MAP2K6
MAP2K7,86,68,KEA3,0.7685714285714286,4,STE,STE7,MEK7,MAP2K7
MAP3K1,269,245,KEA3,0.14285714285714285,1,STE,STE11,MEKK1,MAP3K1
MAP3K10,289,256,KEA3,0.11142857142857143,1,TKL,MLK,MLK,MAP3K10
MAP3K11,189,184,KEA3,0.34285714285714286,2,TKL,MLK,MLK,MAP3K11
MAP3K13,257.5,237,KEA3,0.16857142857142857,1,TKL,MLK,LZK,MAP3K13
MAP3K14,117.66666666666667,107,KEA3,0.6342857142857142,3,STE,STE-UNIQUE,STE-UNIQUE,MAP3K14
MAP3K20,254,232,KEA3,0.18285714285714286,1,TKL,MLK,ZAK,MAP3K20
MAP3K3,251,228,KEA3,0.2,1,STE,STE11,MEKK2,MAP3K3
MAP3K4,311,272,KEA3,0.06571428571428571,1,STE,STE11,MEKK4,MAP3K4
MAP3K5,166.66666666666666,164,KEA3,0.4085714285714286,2,STE,STE11,ASK,MAP3K5
MAP3K6,175,168,KEA3,0.39714285714285713,2,STE,STE11,ASK,MAP3K6
MAP3K7,120,108,KEA3,0.6314285714285715,3,TKL,MLK,TAK1,MAP3K7
MAP3K8,137,130,KEA3,0.5342857142857143,3,STE,STE-UNIQUE,STE-UNIQUE,MAP3K8
MAP4K1,287,254,KEA3,0.11714285714285715,1,STE,STE20,KHS,MAP4K1
MAP4K2,148.5,138,KEA3,0.49714285714285716,2,STE,STE20,KHS,MAP4K2
MAP4K3,305,266,KEA3,0.08285714285714285,1,STE,STE20,KHS,MAP4K3
MAP4K4,236,218,KEA3,0.23142857142857143,1,STE,STE20,MSN,MAP4K4
MAP4K5,137,130,KEA3,0.5342857142857143,3,STE,STE20,KHS,MAP4K5
MAPK1,37.333333333333336,21,KEA3,0.9342857142857143,4,CMGC,MAPK,ERK1,MAPK1
MAPK10,126.33333333333333,115,KEA3,0.5971428571428572,3,CMGC,MAPK,JNK,MAPK10
MAPK11,110.33333333333333,96,KEA3,0.6771428571428572,3,CMGC,MAPK,P38,MAPK11
MAPK12,58.666666666666664,40,KEA3,0.8657142857142858,4,CMGC,MAPK,P38,MAPK12
MAPK13,106.33333333333333,91,KEA3,0.6942857142857143,3,CMGC,MAPK,P38,MAPK13
MAPK14,35.333333333333336,16,KEA3,0.9542857142857143,4,CMGC,MAPK,P38,MAPK14
MAPK15,201,194,KEA3,0.30857142857142855,2,CMGC,MAPK,ERK7,MAPK15
MAPK3,43.33333333333333,26,KEA3,0.9171428571428571,4,CMGC,MAPK,ERK1,MAPK3
MAPK6,235.5,217,KEA3,0.2342857142857143,1,CMGC,MAPK,ERK3,MAPK6
MAPK7,110.66666666666667,97,KEA3,0.6742857142857143,3,CMGC,MAPK,ERK5,MAPK7
MAPK8,69.66666666666667,52,KEA3,0.82,4,CMGC,MAPK,JNK,MAPK8
MAPK9,35.666666666666664,17,KEA3,0.9485714285714286,4,CMGC,MAPK,JNK,MAPK9
MAPKAPK2,104,87,KEA3,0.7057142857142857,3,CAMK,MAPKAPK,MAPKAPK,MAPKAPK2
MAPKAPK3,306,267,KEA3,0.08,1,CAMK,MAPKAPK,MAPKAPK,MAPKAPK3
MAPKAPK5,48.333333333333336,30,KEA3,0.9,4,CAMK,MAPKAPK,MAPKAPK,MAPKAPK5
MARK2,111.66666666666667,99,KEA3,0.6685714285714286,3,CAMK,CAMKL,MARK,MARK2
MARK3,183.66666666666666,179,KEA3,0.3628571428571429,2,CAMK,CAMKL,MARK,MARK3
MARK4,334,290,KEA3,0.014285714285714285,1,CAMK,CAMKL,MARK,MARK4
MAST1,220,204,KEA3,0.27714285714285714,2,AGC,MAST,MAST,MAST1
MAST2,318,278,KEA3,0.04857142857142857,1,AGC,MAST,MAST,MAST2
MATK,193,187,KEA3,0.3314285714285714,2,TK,CSK,CSK,MATK
MELK,241,222,KEA3,0.22,1,CAMK,CAMKL,MELK,MELK
MERTK,154,146,KEA3,0.4685714285714286,2,TK,AXL,AXL,MERTK
MET,114.66666666666667,102,KEA3,0.6542857142857142,3,TK,MET,MET,MET
MKNK1,166,163,KEA3,0.4114285714285714,2,CAMK,MAPKAPK,MNK,MKNK1
MKNK2,236.5,219,KEA3,0.22857142857142856,1,CAMK,MAPKAPK,MNK,MKNK2
MOK,220.5,205,KEA3,0.2714285714285714,2,CMGC,RCK,RCK,MOK
MOS,309,270,KEA3,0.07142857142857142,1,OTHER,MOS,MOS,MOS
MST1R,257,236,KEA3,0.17142857142857143,1,TK,MET,MET,MST1R
MTOR,133.33333333333334,126,KEA3,0.5542857142857143,3,ATYPICAL,PIKK,FRAP,MTOR
MYLK2,189,184,KEA3,0.34285714285714286,2,CAMK,MLCK,MLCK,MYLK2
MYO3A,260,239,KEA3,0.16285714285714287,1,STE,STE20,NINAC,MYO3A
NEK10,299,261,KEA3,0.09714285714285714,1,OTHER,NEK,NEK10,NEK10
NEK11,239,221,KEA3,0.22285714285714286,1,OTHER,NEK,NEK11,NEK11
NEK2,99,83,KEA3,0.72,3,OTHER,NEK,NEK2,NEK2
NEK3,193,187,KEA3,0.3314285714285714,2,OTHER,NEK,NEK1,NEK3
NEK4,203.5,197,KEA3,0.3,2,OTHER,NEK,NEK4,NEK4
NEK6,69.66666666666667,52,KEA3,0.82,4,OTHER,NEK,NEK6,NEK6
NEK8,235,216,KEA3,0.23714285714285716,1,OTHER,NEK,NEK8,NEK8
NEK9,108.5,92,KEA3,0.6914285714285714,3,OTHER,NEK,NEK8,NEK9
NIM1K,290,257,KEA3,0.10857142857142857,1,CAMK,CAMKL,NIM1,NIM1K
NLK,155.66666666666666,149,KEA3,0.45714285714285713,2,CMGC,MAPK,NMO,NLK
NPR2,101.5,85,KEA3,0.7114285714285714,3,RGC,RGC,RGC,NPR2
NRBP2,227,211,KEA3,0.2542857142857143,2,OTHER,NRBP,NRBP,NRBP2
NTRK1,163,160,KEA3,0.4257142857142857,2,TK,TRK,TRK,NTRK1
NTRK2,166,163,KEA3,0.4114285714285714,2,TK,TRK,TRK,NTRK2
NTRK3,136,129,KEA3,0.5457142857142857,3,TK,TRK,TRK,NTRK3
NUAK1,69.33333333333333,51,KEA3,0.8285714285714286,4,CAMK,CAMKL,NUAK,NUAK1
NUAK2,247,225,KEA3,0.20857142857142857,1,CAMK,CAMKL,NUAK,NUAK2
OXSR1,275,248,KEA3,0.13428571428571429,1,STE,STE20,FRAY,OXSR1
PAK1,49.33333333333333,33,KEA3,0.8914285714285715,4,STE,STE20,PAKA,PAK1
PAK2,155.66666666666666,149,KEA3,0.45714285714285713,2,STE,STE20,PAKA,PAK2
PAK3,263,242,KEA3,0.15142857142857144,1,STE,STE20,PAKA,PAK3
PAK4,45.666666666666664,29,KEA3,0.9028571428571428,4,STE,STE20,PAKB,PAK4
PAK5,330,288,KEA3,0.02,1,STE,STE20,PAKB,PAK5
PAK6,146.5,137,KEA3,0.5114285714285715,3,STE,STE20,PAKB,PAK6
PASK,185,181,KEA3,0.35428571428571426,2,CAMK,CAMKL,PASK,PASK
PBK,123.33333333333333,113,KEA3,0.6114285714285714,3,OTHER,TOPK,TOPK,PBK
PDGFRA,213,202,KEA3,0.28285714285714286,2,TK,PDGFR,PDGFR,PDGFRA
PDGFRB,153.33333333333334,145,KEA3,0.4742857142857143,2,TK,PDGFR,PDGFR,PDGFRB
PDIK1L,243,224,KEA3,0.21428571428571427,1,OTHER,NKF4,NKF4,PDIK1L
PDK1,154.5,147,KEA3,0.4657142857142857,2,ATYPICAL,PDHK,PDHK,PDK1
PDPK1,139,131,KEA3,0.5314285714285715,3,AGC,PDK1,PDK1,PDPK1
PIK3CA,203,196,KEA3,0.3028571428571429,2,NA,NA,NA,PIK3CA
PIK3CB,337,293,KEA3,0.005714285714285714,1,NA,NA,NA,PIK3CB
PIK3CG,317,277,KEA3,0.05142857142857143,1,NA,NA,NA,PIK3CG
PIK3R4,115,103,KEA3,0.6485714285714286,3,OTHER,VPS15,VPS15,PIK3R4
PIM1,58.666666666666664,40,KEA3,0.8657142857142858,4,CAMK,PIM,PIM,PIM1
PIM2,183,177,KEA3,0.36857142857142855,2,CAMK,PIM,PIM,PIM2
PINK1,151,141,KEA3,0.4857142857142857,2,OTHER,NKF2,NKF2,PINK1
PKMYT1,252,230,KEA3,0.19428571428571428,1,OTHER,WEE,WEE,PKMYT1
PKN1,80.33333333333333,64,KEA3,0.78,4,AGC,PKN,PKN,PKN1
PLK1,105.66666666666667,90,KEA3,0.6971428571428572,3,OTHER,PLK,PLK1,PLK1
PLK2,159.5,155,KEA3,0.44,2,OTHER,PLK,PLK2,PLK2
PLK3,99.66666666666667,84,KEA3,0.7142857142857143,3,OTHER,PLK,PLK2,PLK3
PLK4,137,130,KEA3,0.5342857142857143,3,OTHER,PLK,SAK,PLK4
PNCK,180,172,KEA3,0.38571428571428573,2,CAMK,CAMK1,CAMK1,PNCK
PRKAA1,5.333333333333333,2,KEA3,0.9971428571428571,4,CAMK,CAMKL,AMPK,PRKAA1
PRKAA2,112,100,KEA3,0.6628571428571428,3,CAMK,CAMKL,AMPK,PRKAA2
PRKACA,11.666666666666668,5,KEA3,0.9885714285714285,4,AGC,PKA,PKA,PRKACA
PRKACB,254,232,KEA3,0.18285714285714286,1,AGC,PKA,PKA,PRKACB
PRKCA,7,3,KEA3,0.9942857142857143,4,AGC,PKC,ALPHA,PRKCA
PRKCB,45.333333333333336,28,KEA3,0.9057142857142857,4,AGC,PKC,ALPHA,PRKCB
PRKCD,53.666666666666664,38,KEA3,0.8742857142857143,4,AGC,PKC,DELTA,PRKCD
PRKCE,59.333333333333336,41,KEA3,0.8628571428571429,4,AGC,PKC,ETA,PRKCE
PRKCG,61.666666666666664,44,KEA3,0.8514285714285714,4,AGC,PKC,ALPHA,PRKCG
PRKCH,156.66666666666666,150,KEA3,0.4542857142857143,2,AGC,PKC,ETA,PRKCH
PRKCI,48.66666666666667,31,KEA3,0.8971428571428571,4,AGC,PKC,IOTA,PRKCI
PRKCQ,36,18,KEA3,0.9428571428571428,4,AGC,PKC,DELTA,PRKCQ
PRKCZ,60.333333333333336,42,KEA3,0.8571428571428571,4,AGC,PKC,IOTA,PRKCZ
PRKD1,42.666666666666664,25,KEA3,0.92,4,CAMK,PKD,PKD,PRKD1
PRKD2,167.66666666666666,165,KEA3,0.4057142857142857,2,CAMK,PKD,PKD,PRKD2
PRKD3,266,244,KEA3,0.1457142857142857,1,CAMK,PKD,PKD,PRKD3
PRKDC,36.333333333333336,19,KEA3,0.94,4,ATYPICAL,PIKK,DNAPK,PRKDC
PRKG1,32.333333333333336,13,KEA3,0.9628571428571429,4,AGC,PKG,PKG,PRKG1
PRKG2,180.5,173,KEA3,0.38,2,AGC,PKG,PKG,PRKG2
PRKX,256,234,KEA3,0.17714285714285713,1,AGC,PKA,PKA,PRKX
PRKY,155,148,KEA3,0.46285714285714286,2,AGC,PKA,PKA,PRKY
PRPF4B,198.5,191,KEA3,0.32,2,CMGC,DYRK,PRP4,PRPF4B
PTK2,126.33333333333333,115,KEA3,0.5971428571428572,3,TK,FAK,FAK,PTK2
PTK2B,45.333333333333336,28,KEA3,0.9057142857142857,4,TK,FAK,FAK,PTK2B
PTK6,85,67,KEA3,0.7714285714285715,4,TK,SRC,SRM,PTK6
PXK,112,100,KEA3,0.6628571428571428,3,OTHER,SLOB,SLOB,PXK
RAF1,115.66666666666667,104,KEA3,0.6457142857142857,3,TKL,RAF,RAF,RAF1
RET,87.33333333333333,70,KEA3,0.7628571428571429,4,TK,RET,RET,RET
RIOK1,300,262,KEA3,0.09428571428571429,1,ATYPICAL,RIO,RIO1,RIOK1
RIPK1,258,238,KEA3,0.1657142857142857,1,TKL,RIPK,RIPK,RIPK1
RIPK2,188,183,KEA3,0.3485714285714286,2,TKL,RIPK,RIPK,RIPK2
RIPK3,126.5,116,KEA3,0.5942857142857143,3,TKL,RIPK,RIPK,RIPK3
ROCK1,66,48,KEA3,0.84,4,AGC,DMPK,ROCK,ROCK1
ROCK2,185,181,KEA3,0.35428571428571426,2,AGC,DMPK,ROCK,ROCK2
RPS6KA1,16.333333333333332,7,KEA3,0.9828571428571429,4,AGC,RSK,RSK,RPS6KA1
RPS6KA2,73,57,KEA3,0.8057142857142857,4,AGC,RSK,RSK,RPS6KA2
RPS6KA3,15.333333333333334,6,KEA3,0.9857142857142858,4,AGC,RSK,RSK,RPS6KA3
RPS6KA4,62.5,45,KEA3,0.8485714285714285,4,AGC,RSK,MSK,RPS6KA4
RPS6KA5,58.333333333333336,39,KEA3,0.8714285714285714,4,AGC,RSK,MSK,RPS6KA5
RPS6KB1,27,11,KEA3,0.9714285714285714,4,AGC,RSK,P70,RPS6KB1
RPS6KB2,134.66666666666666,128,KEA3,0.5485714285714286,3,AGC,RSK,P70,RPS6KB2
RPS6KL1,238,220,KEA3,0.2257142857142857,1,AGC,RSKL,RSKL,RPS6KL1
SCYL1,329,287,KEA3,0.022857142857142857,1,OTHER,SCY1,SCY1,SCYL1
SCYL2,148.5,138,KEA3,0.49714285714285716,2,OTHER,SCY1,SCY1,SCYL2
SCYL3,283,250,KEA3,0.12857142857142856,1,OTHER,SCY1,SCY1,SCYL3
SGK1,90.66666666666667,73,KEA3,0.7542857142857143,4,AGC,SGK,SGK,SGK1
SGK2,192,186,KEA3,0.33714285714285713,2,AGC,SGK,SGK,SGK2
SGK3,160,156,KEA3,0.43714285714285717,2,AGC,SGK,SGK,SGK3
SIK1,247.5,226,KEA3,0.2057142857142857,1,CAMK,CAMKL,QIK,SIK1
SIK2,314,275,KEA3,0.05714285714285714,1,CAMK,CAMKL,QIK,SIK2
SMG1,228,212,KEA3,0.24857142857142858,1,ATYPICAL,PIKK,SMG1,SMG1
SNRK,200.5,193,KEA3,0.3142857142857143,2,CAMK,CAMKL,SNRK,SNRK
SRC,8.333333333333334,4,KEA3,0.9914285714285714,4,TK,SRC,SRCA,SRC
SRMS,162,159,KEA3,0.42857142857142855,2,TK,SRC,SRM,SRMS
SRPK1,149,139,KEA3,0.4942857142857143,2,CMGC,SRPK,SRPK,SRPK1
SRPK2,110,95,KEA3,0.68,3,CMGC,SRPK,SRPK,SRPK2
STK10,201,194,KEA3,0.30857142857142855,2,STE,STE20,SLK,STK10
STK11,76.33333333333333,60,KEA3,0.7914285714285715,4,CAMK,CAMKL,LKB,STK11
STK16,90,72,KEA3,0.7571428571428571,4,OTHER,NAK,MPSK,STK16
STK17A,77.5,61,KEA3,0.7885714285714286,4,CAMK,DAPK,DRAK,STK17A
STK24,127,117,KEA3,0.5885714285714285,3,STE,STE20,YSK,STK24
STK25,148.5,138,KEA3,0.49714285714285716,2,STE,STE20,YSK,STK25
STK26,148.5,138,KEA3,0.49714285714285716,2,STE,STE20,YSK,STK26
STK3,131.33333333333334,123,KEA3,0.5657142857142857,3,STE,STE20,MST,STK3
STK33,291,258,KEA3,0.10571428571428572,1,CAMK,CAMK-UNIQUE,CAMK-UNIQUE,STK33
STK36,226.5,209,KEA3,0.26,2,OTHER,ULK,FUSED,STK36
STK38,148.5,138,KEA3,0.49714285714285716,2,AGC,NDR,NDR,STK38
STK38L,176,169,KEA3,0.3942857142857143,2,AGC,NDR,NDR,STK38L
STK39,132,125,KEA3,0.5571428571428572,3,STE,STE20,FRAY,STK39
STK4,161.5,158,KEA3,0.43142857142857144,2,STE,STE20,MST,STK4
STK40,228,212,KEA3,0.24857142857142858,1,CAMK,SGK495,SGK495,STK40
STYK1,220.5,205,KEA3,0.2714285714285714,2,TK,TK-UNIQUE,TK-UNIQUE,STYK1
SYK,49.666666666666664,34,KEA3,0.8857142857142857,4,TK,SYK,SYK,SYK
TAOK1,315,276,KEA3,0.054285714285714284,1,STE,STE20,TAO,TAOK1
TBK1,80.66666666666667,65,KEA3,0.7771428571428571,4,OTHER,IKK,IKK,TBK1
TEC,183.5,178,KEA3,0.3657142857142857,2,TK,TEC,TEC,TEC
TEK,321,280,KEA3,0.04285714285714286,1,TK,TIE,TIE,TEK
TESK1,304,265,KEA3,0.08571428571428572,1,TKL,LISK,TESK,TESK1
TESK2,152,143,KEA3,0.48,2,TKL,LISK,TESK,TESK2
TGFBR1,171,167,KEA3,0.4,2,TKL,STKR,TYPE1,TGFBR1
TGFBR2,95,78,KEA3,0.7371428571428571,3,TKL,STKR,TYPE2,TGFBR2
TLK1,339,295,KEA3,0,1,OTHER,TLK,TLK,TLK1
TNIK,322,281,KEA3,0.04,1,STE,STE20,MSN,TNIK
TNK2,71.66666666666667,55,KEA3,0.8114285714285714,4,TK,ACK,ACK,TNK2
TNNI3K,128,118,KEA3,0.5857142857142857,3,TKL,MLK,HH498,TNNI3K
TP53RK,224,208,KEA3,0.26285714285714284,2,OTHER,BUD32,BUD32,TP53RK
TRIB3,131,122,KEA3,0.5685714285714286,3,CAMK,TRBL,TRBL,TRIB3
TRPM7,181.5,175,KEA3,0.3742857142857143,2,ATYPICAL,ALPHA,CHAK,TRPM7
TTK,131.66666666666666,124,KEA3,0.5628571428571428,3,OTHER,TTK,TTK,TTK
TXK,255,233,KEA3,0.18,1,TK,TEC,TEC,TXK
TYK2,128.33333333333334,119,KEA3,0.58,3,TK,JAKA,JAKA,TYK2
TYRO3,144,135,KEA3,0.52,3,TK,AXL,AXL,TYRO3
UHMK1,159,154,KEA3,0.44285714285714284,2,OTHER,KIS,KIS,UHMK1
ULK1,177.5,170,KEA3,0.3914285714285714,2,OTHER,ULK,ULK,ULK1
VRK1,109.66666666666667,94,KEA3,0.6857142857142857,3,CK1,VRK,VRK,VRK1
VRK3,251.5,229,KEA3,0.19714285714285715,1,CK1,VRK,VRK,VRK3
WEE1,91,74,KEA3,0.7514285714285714,4,OTHER,WEE,WEE,WEE1
WNK1,114.66666666666667,102,KEA3,0.6542857142857142,3,OTHER,WNK,WNK,WNK1
YES1,97.66666666666667,81,KEA3,0.7285714285714285,3,TK,SRC,SRCA,YES1
ZAP70,87,69,KEA3,0.7657142857142857,4,TK,SYK,SYK,ZAP70
PRKX,2.711303739409744,4,UKA,0.9495798319327731,4,AGC,PKA,PKA,PRKX
CAMK4,2.0973445247820743,7,UKA,0.9243697478991597,4,CAMK,CAMK1,CAMK1,CAMK4
CAMK4,2.0973445247820743,7,UKA,0.9243697478991597,4,OTHER,CAMKK,META,CAMKK1
PRKY,1.94954290521427,11,UKA,0.8907563025210085,4,AGC,PKA,PKA,PRKY
SGK2,1.7210635766989006,18,UKA,0.8319327731092437,4,AGC,SGK,SGK,SGK2
SGK2,1.7210635766989006,18,UKA,0.8319327731092437,4,AGC,SGK,SGK,SGK3
PIM2,1.7161562422041563,19,UKA,0.8235294117647058,4,CAMK,PIM,PIM,PIM2
CDK10,1.5617425278931123,23,UKA,0.7899159663865546,4,CMGC,CDK,CDK10,CDK10
PIM1,1.4428297777014858,28,UKA,0.7394957983193278,3,CAMK,PIM,PIM,PIM1
PLK3,1.3913883995853893,32,UKA,0.7058823529411765,3,OTHER,PLK,PLK2,PLK3
ATR,1.364516253185088,33,UKA,0.6974789915966386,3,ATYPICAL,PIKK,ATR,ATR
MAPKAPK2,1.2676062401770316,41,UKA,0.6218487394957983,3,CAMK,MAPKAPK,MAPKAPK,MAPKAPK2
CDKL1,1.2246371667838514,46,UKA,0.5630252100840336,3,CMGC,CDKL,CDKL,CDKL1
SGK1,1.1898750605246395,49,UKA,0.5378151260504201,3,AGC,SGK,SGK,SGK1
CDK3,1.1523286487811302,52,UKA,0.5126050420168067,3,CMGC,CDK,CDC2,CDK3
PAK1,1.1379163479777306,55,UKA,0.48739495798319327,2,STE,STE20,PAKA,PAK1
MAPKAPK3,1.135346550645987,56,UKA,0.47058823529411764,2,CAMK,MAPKAPK,MAPKAPK,MAPKAPK3
ARAF,1.1252167740581955,57,UKA,0.453781512605042,2,TKL,RAF,RAF,ARAF
PIM3,1.1252167740581955,57,UKA,0.453781512605042,2,CAMK,PIM,PIM,PIM3
BRAF,1.1214782044987937,58,UKA,0.4369747899159664,2,TKL,RAF,RAF,BRAF
ROCK1,1.0915149811213505,61,UKA,0.4117647058823529,2,AGC,DMPK,ROCK,ROCK1
CDKL5,1.0486726379974003,64,UKA,0.3865546218487395,2,CMGC,CDKL,CDKL,CDKL5
DAPK2,1.0412641530134008,65,UKA,0.37815126050420167,2,CAMK,DAPK,DAPK,DAPK2
CDK6,1.0171862378681376,69,UKA,0.3445378151260504,2,CMGC,CDK,CDK4,CDK6
RAF1,1.003733563311808,71,UKA,0.3277310924369748,2,TKL,RAF,RAF,RAF1
CDK7,0.999965257831116,72,UKA,0.31932773109243695,2,CMGC,CDK,CDK7,CDK7
CDK4,0.9980932959591152,73,UKA,0.31092436974789917,2,CMGC,CDK,CDK4,CDK4
MAPK14,0.7303749942456851,76,UKA,0.2857142857142857,2,CMGC,MAPK,P38,MAPK14
CDK5,0.7000309777864998,77,UKA,0.2773109243697479,2,CMGC,CDK,CDK5,CDK5
TBK1,0.37610595093120064,89,UKA,0.15966386554621848,1,OTHER,IKK,IKK,TBK1
CDKL2,0.32365552983417567,90,UKA,0.15126050420168066,1,CMGC,CDKL,CDKL,CDKL2
CDK2,0.2958494831602009,92,UKA,0.13445378151260504,1,CMGC,CDK,CDC2,CDK2
ROCK2,0.19437038700631656,95,UKA,0.1092436974789916,1,AGC,DMPK,ROCK,ROCK2
CDK9,0.1567921462603379,97,UKA,0.09243697478991597,1,CMGC,CDK,CDK9,CDK9
NUAK1,0.06503229467657004,104,UKA,0.03361344537815126,1,CAMK,CAMKL,NUAK,NUAK1
DYRK1A,0.00392833550752928,107,UKA,0.008403361344537815,1,CMGC,DYRK,DYRK1,DYRK1A
PKCA,-3.9183333333333334,7,KRSA,0.913451511991658,4,AGC,PKC,ALPHA,PRKCA
PKCA,-3.9183333333333334,7,KRSA,0.913451511991658,4,AGC,PKC,ALPHA,PRKCB
PKCA,-3.9183333333333334,7,KRSA,0.913451511991658,4,AGC,PKC,ALPHA,PRKCG
PEK,-4.9325,4,KRSA,0.9509906152241918,4,OTHER,PEK,HRI,EIF2AK1
PEK,-4.9325,4,KRSA,0.9509906152241918,4,OTHER,PEK,PKR,EIF2AK2
PEK,-4.9325,4,KRSA,0.9509906152241918,4,OTHER,PEK,PEK,EIF2AK3
PEK,-4.9325,4,KRSA,0.9509906152241918,4,OTHER,PEK,GCN2,EIF2AK4
CDK,-5.128333333333333,2,KRSA,0.9760166840458812,4,CMGC,CDK,CDC2,CDK1
CDK,-5.128333333333333,2,KRSA,0.9760166840458812,4,CMGC,CDK,CDK10,CDK10
CDK,-5.128333333333333,2,KRSA,0.9760166840458812,4,CMGC,CDK,CRK7,CDK12
CDK,-5.128333333333333,2,KRSA,0.9760166840458812,4,CMGC,CDK,CRK7,CDK13
CDK,-5.128333333333333,2,KRSA,0.9760166840458812,4,CMGC,CDK,PFTAIRE,CDK14
CDK,-5.128333333333333,2,KRSA,0.9760166840458812,4,CMGC,CDK,PFTAIRE,CDK15
CDK,-5.128333333333333,2,KRSA,0.9760166840458812,4,CMGC,CDK,PCTAIRE,CDK16
CDK,-5.128333333333333,2,KRSA,0.9760166840458812,4,CMGC,CDK,PCTAIRE,CDK17
CDK,-5.128333333333333,2,KRSA,0.9760166840458812,4,CMGC,CDK,PCTAIRE,CDK18
CDK,-5.128333333333333,2,KRSA,0.9760166840458812,4,CMGC,CDK,CDK8,CDK19
CDK,-5.128333333333333,2,KRSA,0.9760166840458812,4,CMGC,CDK,CDC2,CDK2
CDK,-5.128333333333333,2,KRSA,0.9760166840458812,4,CMGC,CDK,CCRK,CDK20
CDK,-5.128333333333333,2,KRSA,0.9760166840458812,4,CMGC,CDK,CDC2,CDK3
CDK,-5.128333333333333,2,KRSA,0.9760166840458812,4,CMGC,CDK,CDK4,CDK4
CDK,-5.128333333333333,2,KRSA,0.9760166840458812,4,CMGC,CDK,CDK5,CDK5
CDK,-5.128333333333333,2,KRSA,0.9760166840458812,4,CMGC,CDK,CDK4,CDK6
CDK,-5.128333333333333,2,KRSA,0.9760166840458812,4,CMGC,CDK,CDK7,CDK7
CDK,-5.128333333333333,2,KRSA,0.9760166840458812,4,CMGC,CDK,CDK8,CDK8
CDK,-5.128333333333333,2,KRSA,0.9760166840458812,4,CMGC,CDK,CDK9,CDK9
CDK,-5.128333333333333,2,KRSA,0.9760166840458812,4,NA,NA,NA,CDK11A
CDK,-5.128333333333333,2,KRSA,0.9760166840458812,4,NA,NA,NA,CDK11B
ERK,-5.575,1,KRSA,0.9885297184567258,4,CMGC,MAPK,ERK1,MAPK1
ERK,-5.575,1,KRSA,0.9885297184567258,4,CMGC,MAPK,ERK7,MAPK15
ERK,-5.575,1,KRSA,0.9885297184567258,4,CMGC,MAPK,ERK1,MAPK3
ERK,-5.575,1,KRSA,0.9885297184567258,4,CMGC,MAPK,ERK3,MAPK4
ERK,-5.575,1,KRSA,0.9885297184567258,4,CMGC,MAPK,ERK3,MAPK6
ERK,-5.575,1,KRSA,0.9885297184567258,4,CMGC,MAPK,ERK5,MAPK7
DYRK,-5.0325,3,KRSA,0.9635036496350365,4,CMGC,DYRK,DYRK1,DYRK1A
DYRK,-5.0325,3,KRSA,0.9635036496350365,4,CMGC,DYRK,DYRK1,DYRK1B
DYRK,-5.0325,3,KRSA,0.9635036496350365,4,CMGC,DYRK,DYRK2,DYRK2
DYRK,-5.0325,3,KRSA,0.9635036496350365,4,CMGC,DYRK,DYRK2,DYRK3
DYRK,-5.0325,3,KRSA,0.9635036496350365,4,CMGC,DYRK,DYRK2,DYRK4
DYRK,-5.0325,3,KRSA,0.9635036496350365,4,CMGC,DYRK,HIPK,HIPK1
DYRK,-5.0325,3,KRSA,0.9635036496350365,4,CMGC,DYRK,HIPK,HIPK2
DYRK,-5.0325,3,KRSA,0.9635036496350365,4,CMGC,DYRK,HIPK,HIPK3
DYRK,-5.0325,3,KRSA,0.9635036496350365,4,CMGC,DYRK,HIPK,HIPK4
DYRK,-5.0325,3,KRSA,0.9635036496350365,4,CMGC,DYRK,PRP4,PRPF4B
PLK,-3.288333333333333,9,KRSA,0.8884254431699687,4,NA,NA,NA,PLK5
PLK,-3.288333333333333,9,KRSA,0.8884254431699687,4,OTHER,PLK,PLK1,PLK1
PLK,-3.288333333333333,9,KRSA,0.8884254431699687,4,OTHER,PLK,PLK2,PLK2
PLK,-3.288333333333333,9,KRSA,0.8884254431699687,4,OTHER,PLK,PLK2,PLK3
PLK,-3.288333333333333,9,KRSA,0.8884254431699687,4,OTHER,PLK,SAK,PLK4
PDK1,-4.2275,5,KRSA,0.9384775808133472,4,ATYPICAL,PDHK,PDHK,PDK1
PDK1,-4.2275,5,KRSA,0.9384775808133472,4,AGC,PDK1,PDK1,PDPK1
NMO,-3.2183333333333333,10,KRSA,0.8759124087591241,4,CMGC,MAPK,NMO,NLK
JNK,-4.211666666666667,6,KRSA,0.9259645464025026,4,CMGC,MAPK,JNK,MAPK10
JNK,-4.211666666666667,6,KRSA,0.9259645464025026,4,CMGC,MAPK,JNK,MAPK8
JNK,-4.211666666666667,6,KRSA,0.9259645464025026,4,CMGC,MAPK,JNK,MAPK9
STE7,-2.4058333333333333,13,KRSA,0.8383733055265902,4,STE,STE7,MEK1,MAP2K1
STE7,-2.4058333333333333,13,KRSA,0.8383733055265902,4,STE,STE7,MEK1,MAP2K2
STE7,-2.4058333333333333,13,KRSA,0.8383733055265902,4,STE,STE7,MEK3,MAP2K3
STE7,-2.4058333333333333,13,KRSA,0.8383733055265902,4,STE,STE7,MEK4,MAP2K4
STE7,-2.4058333333333333,13,KRSA,0.8383733055265902,4,STE,STE7,MEK5,MAP2K5
STE7,-2.4058333333333333,13,KRSA,0.8383733055265902,4,STE,STE7,MEK3,MAP2K6
STE7,-2.4058333333333333,13,KRSA,0.8383733055265902,4,STE,STE7,MEK7,MAP2K7
CK1,-1.9908333333333337,16,KRSA,0.8008342022940563,4,CK1,CK1,CK1-A,CSNK1A1
CK1,-1.9908333333333337,16,KRSA,0.8008342022940563,4,CK1,CK1,CK1-A,CSNK1A1L
CK1,-1.9908333333333337,16,KRSA,0.8008342022940563,4,CK1,CK1,CK1-D,CSNK1D
CK1,-1.9908333333333337,16,KRSA,0.8008342022940563,4,CK1,CK1,CK1-D,CSNK1E
CK1,-1.9908333333333337,16,KRSA,0.8008342022940563,4,CK1,CK1,CK1-G,CSNK1G1
CK1,-1.9908333333333337,16,KRSA,0.8008342022940563,4,CK1,CK1,CK1-G,CSNK1G2
CK1,-1.9908333333333337,16,KRSA,0.8008342022940563,4,CK1,CK1,CK1-G,CSNK1G3
CK1,-1.9908333333333337,16,KRSA,0.8008342022940563,4,CK1,TTBK,TTBK,TTBK1
CK1,-1.9908333333333337,16,KRSA,0.8008342022940563,4,CK1,TTBK,TTBK,TTBK2
CK1,-1.9908333333333337,16,KRSA,0.8008342022940563,4,CK1,VRK,VRK,VRK3
PHK,-1.4125,26,KRSA,0.67570385818561,3,CAMK,PHK,PHK,PHKG1
PHK,-1.4125,26,KRSA,0.67570385818561,3,CAMK,PHK,PHK,PHKG2
IKK,-1.5175,23,KRSA,0.7132429614181439,3,OTHER,IKK,IKK,CHUK
IKK,-1.5175,23,KRSA,0.7132429614181439,3,OTHER,IKK,IKK,IKBKB
IKK,-1.5175,23,KRSA,0.7132429614181439,3,OTHER,IKK,IKK,IKBKE
IKK,-1.5175,23,KRSA,0.7132429614181439,3,OTHER,IKK,IKK,TBK1
P38,-3.515,8,KRSA,0.9009384775808134,4,CMGC,MAPK,P38,MAPK11
P38,-3.515,8,KRSA,0.9009384775808134,4,CMGC,MAPK,P38,MAPK12
P38,-3.515,8,KRSA,0.9009384775808134,4,CMGC,MAPK,P38,MAPK13
P38,-3.515,8,KRSA,0.9009384775808134,4,CMGC,MAPK,P38,MAPK14
QIK,-1.7666666666666666,21,KRSA,0.7382690302398331,3,CAMK,CAMKL,QIK,SIK1
QIK,-1.7666666666666666,21,KRSA,0.7382690302398331,3,CAMK,CAMKL,QIK,SIK2
MTOR,-2.211666666666667,15,KRSA,0.8133472367049009,4,ATYPICAL,PIKK,FRAP,MTOR
DMPK,-0.9541666666666668,49,KRSA,0.38790406673618355,2,AGC,DMPK,GEK,CDC42BPA
DMPK,-0.9541666666666668,49,KRSA,0.38790406673618355,2,AGC,DMPK,GEK,CDC42BPB
DMPK,-0.9541666666666668,49,KRSA,0.38790406673618355,2,AGC,DMPK,GEK,CDC42BPG
DMPK,-0.9541666666666668,49,KRSA,0.38790406673618355,2,AGC,DMPK,CRIK,CIT
DMPK,-0.9541666666666668,49,KRSA,0.38790406673618355,2,AGC,DMPK,GEK,DMPK
DMPK,-0.9541666666666668,49,KRSA,0.38790406673618355,2,AGC,DMPK,ROCK,ROCK1
DMPK,-0.9541666666666668,49,KRSA,0.38790406673618355,2,AGC,DMPK,ROCK,ROCK2
FRAY,-1.3883333333333334,31,KRSA,0.6131386861313869,3,STE,STE20,FRAY,OXSR1
FRAY,-1.3883333333333334,31,KRSA,0.6131386861313869,3,STE,STE20,FRAY,STK39
TLK,-1.4058333333333333,28,KRSA,0.6506777893639207,3,OTHER,TLK,TLK,TLK1
TLK,-1.4058333333333333,28,KRSA,0.6506777893639207,3,OTHER,TLK,TLK,TLK2
NUAK,-1.3966666666666667,30,KRSA,0.6256517205422315,3,CAMK,CAMKL,NUAK,NUAK1
NUAK,-1.3966666666666667,30,KRSA,0.6256517205422315,3,CAMK,CAMKL,NUAK,NUAK2
TTK,-1.3983333333333334,29,KRSA,0.6381647549530761,3,OTHER,TTK,TTK,TTK
ATR,-1.6733333333333331,22,KRSA,0.7257559958289885,3,ATYPICAL,PIKK,ATR,ATR
GSK,-1.7775,20,KRSA,0.7507820646506778,4,CMGC,GSK,GSK,GSK3A
GSK,-1.7775,20,KRSA,0.7507820646506778,4,CMGC,GSK,GSK,GSK3B
ATM,-0.9208333333333334,52,KRSA,0.35036496350364965,2,ATYPICAL,PIKK,ATM,ATM
RAF,-1.9416666666666669,18,KRSA,0.7758081334723671,4,TKL,RAF,RAF,ARAF
RAF,-1.9416666666666669,18,KRSA,0.7758081334723671,4,TKL,RAF,RAF,BRAF
RAF,-1.9416666666666669,18,KRSA,0.7758081334723671,4,TKL,RAF,KSR,KSR1
RAF,-1.9416666666666669,18,KRSA,0.7758081334723671,4,TKL,RAF,KSR,KSR2
RAF,-1.9416666666666669,18,KRSA,0.7758081334723671,4,TKL,RAF,RAF,RAF1
LKB,-1.9433333333333336,17,KRSA,0.7883211678832117,4,CAMK,CAMKL,LKB,STK11
CAMK1,2.3716666666666666,14,KRSA,0.8258602711157456,4,CAMK,CAMK1,CAMK1,CAMK1
CAMK1,2.3716666666666666,14,KRSA,0.8258602711157456,4,CAMK,CAMK1,CAMK1,CAMK1D
CAMK1,2.3716666666666666,14,KRSA,0.8258602711157456,4,CAMK,CAMK1,CAMK1,CAMK1G
CAMK1,2.3716666666666666,14,KRSA,0.8258602711157456,4,CAMK,CAMK1,CAMK1,CAMK4
CAMK1,2.3716666666666666,14,KRSA,0.8258602711157456,4,CAMK,CAMK1,CAMK1,PNCK
PDHK,-0.3375,69,KRSA,0.13764337851929093,1,ATYPICAL,PDHK,BCKDK,BCKDK
PDHK,-0.3375,69,KRSA,0.13764337851929093,1,ATYPICAL,PDHK,PDHK,PDK2
PDHK,-0.3375,69,KRSA,0.13764337851929093,1,ATYPICAL,PDHK,PDHK,PDK3
PDHK,-0.3375,69,KRSA,0.13764337851929093,1,ATYPICAL,PDHK,PDHK,PDK4
PRKDC,-1.485,25,KRSA,0.6882168925964547,3,ATYPICAL,PIKK,DNAPK,PRKDC
NEK,-1.080833333333333,37,KRSA,0.5380604796663191,3,OTHER,NEK,NEK11,NEK11
NEK,-1.080833333333333,37,KRSA,0.5380604796663191,3,OTHER,NEK,NEK2,NEK2
NEK,-1.080833333333333,37,KRSA,0.5380604796663191,3,OTHER,NEK,NEK1,NEK3
NEK,-1.080833333333333,37,KRSA,0.5380604796663191,3,OTHER,NEK,NEK4,NEK4
NEK,-1.080833333333333,37,KRSA,0.5380604796663191,3,OTHER,NEK,NEK1,NEK5
NEK,-1.080833333333333,37,KRSA,0.5380604796663191,3,OTHER,NEK,NEK6,NEK6
NEK,-1.080833333333333,37,KRSA,0.5380604796663191,3,OTHER,NEK,NEK6,NEK7
NEK,-1.080833333333333,37,KRSA,0.5380604796663191,3,OTHER,NEK,NEK8,NEK8
NEK,-1.080833333333333,37,KRSA,0.5380604796663191,3,OTHER,NEK,NEK8,NEK9
STE11,-1.2875,32,KRSA,0.6006256517205423,3,TKL,MLK,TAK1,MAP3K7
STE11,-1.2875,32,KRSA,0.6006256517205423,3,STE,STE11,MEKK1,MAP3K1
STE11,-1.2875,32,KRSA,0.6006256517205423,3,STE,STE11,ASK,MAP3K15
STE11,-1.2875,32,KRSA,0.6006256517205423,3,STE,STE11,MEKK2,MAP3K2
STE11,-1.2875,32,KRSA,0.6006256517205423,3,STE,STE11,MEKK2,MAP3K3
STE11,-1.2875,32,KRSA,0.6006256517205423,3,STE,STE11,MEKK4,MAP3K4
STE11,-1.2875,32,KRSA,0.6006256517205423,3,STE,STE11,ASK,MAP3K5
STE11,-1.2875,32,KRSA,0.6006256517205423,3,STE,STE11,ASK,MAP3K6
MOS,-0.9941666666666666,41,KRSA,0.4880083420229406,2,OTHER,MOS,MOS,MOS
BUD32,-0.9875,42,KRSA,0.4754953076120959,2,OTHER,BUD32,BUD32,TP53RK
CLK,-0.9783333333333334,45,KRSA,0.43795620437956206,2,CMGC,CLK,CLK,CLK1
CLK,-0.9783333333333334,45,KRSA,0.43795620437956206,2,CMGC,CLK,CLK,CLK2
CLK,-0.9783333333333334,45,KRSA,0.43795620437956206,2,CMGC,CLK,CLK,CLK3
CLK,-0.9783333333333334,45,KRSA,0.43795620437956206,2,CMGC,CLK,CLK,CLK4
ULK,-0.9775,46,KRSA,0.4254431699687174,2,OTHER,ULK,FUSED,STK36
ULK,-0.9775,46,KRSA,0.4254431699687174,2,OTHER,ULK,ULK,ULK1
ULK,-0.9775,46,KRSA,0.4254431699687174,2,OTHER,ULK,ULK,ULK2
ULK,-0.9775,46,KRSA,0.4254431699687174,2,OTHER,ULK,ULK,ULK3
ULK,-0.9775,46,KRSA,0.4254431699687174,2,OTHER,ULK,ULK,ULK4
RIPK,0.1508333333333333,76,KRSA,0.05005213764337852,1,TKL,RIPK,RIPK,ANKK1
RIPK,0.1508333333333333,76,KRSA,0.05005213764337852,1,TKL,RIPK,RIPK,RIPK1
RIPK,0.1508333333333333,76,KRSA,0.05005213764337852,1,TKL,RIPK,RIPK,RIPK2
RIPK,0.1508333333333333,76,KRSA,0.05005213764337852,1,TKL,RIPK,RIPK,RIPK3
RIPK,0.1508333333333333,76,KRSA,0.05005213764337852,1,TKL,RIPK,RIPK,RIPK4
NIK,-0.9858333333333332,43,KRSA,0.4629822732012513,2,STE,STE-UNIQUE,STE-UNIQUE,MAP3K14
NDR,-0.9366666666666666,51,KRSA,0.36287799791449427,2,AGC,NDR,NDR,LATS1
NDR,-0.9366666666666666,51,KRSA,0.36287799791449427,2,AGC,NDR,NDR,LATS2
NDR,-0.9366666666666666,51,KRSA,0.36287799791449427,2,AGC,NDR,NDR,STK38
NDR,-0.9366666666666666,51,KRSA,0.36287799791449427,2,AGC,NDR,NDR,STK38L
CAMKK,-0.985,44,KRSA,0.4504692387904067,2,OTHER,CAMKK,META,CAMKK1
CAMKK,-0.985,44,KRSA,0.4504692387904067,2,OTHER,CAMKK,META,CAMKK2
WNK,-0.9766666666666668,47,KRSA,0.4129301355578728,2,OTHER,WNK,WNK,WNK1
WNK,-0.9766666666666668,47,KRSA,0.4129301355578728,2,OTHER,WNK,WNK,WNK2
WNK,-0.9766666666666668,47,KRSA,0.4129301355578728,2,OTHER,WNK,WNK,WNK3
WNK,-0.9766666666666668,47,KRSA,0.4129301355578728,2,OTHER,WNK,WNK,WNK4
PKG,2.87,12,KRSA,0.8508863399374348,4,AGC,PKG,PKG,PRKG1
PKG,2.87,12,KRSA,0.8508863399374348,4,AGC,PKG,PKG,PRKG2
CK2,-0.5483333333333333,63,KRSA,0.2127215849843587,1,CMGC,CK2,CK2,CSNK2A1
CK2,-0.5483333333333333,63,KRSA,0.2127215849843587,1,CMGC,CK2,CK2,CSNK2A2
CK2,-0.5483333333333333,63,KRSA,0.2127215849843587,1,NA,NA,NA,CSNK2A3
PKD,0.9641666666666666,48,KRSA,0.40041710114702816,2,CAMK,PKD,PKD,PRKD1
PKD,0.9641666666666666,48,KRSA,0.40041710114702816,2,CAMK,PKD,PKD,PRKD2
PKD,0.9641666666666666,48,KRSA,0.40041710114702816,2,CAMK,PKD,PKD,PRKD3
PKCI,1.5158333333333334,24,KRSA,0.7007299270072993,3,AGC,PKC,IOTA,PRKCI
PKCI,1.5158333333333334,24,KRSA,0.7007299270072993,3,AGC,PKC,IOTA,PRKCZ
COT,0.8758333333333332,53,KRSA,0.337851929092805,2,STE,STE-UNIQUE,STE-UNIQUE,MAP3K8
MLCK,-0.13166666666666663,78,KRSA,0.02502606882168926,1,CAMK,MLCK,MLCK,MYLK
MLCK,-0.13166666666666663,78,KRSA,0.02502606882168926,1,CAMK,MLCK,MLCK,MYLK2
MLCK,-0.13166666666666663,78,KRSA,0.02502606882168926,1,CAMK,MLCK,MLCK,TTN
DAPK,-1.0841666666666667,36,KRSA,0.5505735140771637,3,CAMK,DAPK,DAPK,DAPK1
DAPK,-1.0841666666666667,36,KRSA,0.5505735140771637,3,CAMK,DAPK,DAPK,DAPK2
DAPK,-1.0841666666666667,36,KRSA,0.5505735140771637,3,CAMK,DAPK,DAPK,DAPK3
DAPK,-1.0841666666666667,36,KRSA,0.5505735140771637,3,CAMK,DAPK,DRAK,STK17A
DAPK,-1.0841666666666667,36,KRSA,0.5505735140771637,3,CAMK,DAPK,DRAK,STK17B
MSN,1.2175,33,KRSA,0.5881126173096975,3,STE,STE20,MSN,MAP4K4
MSN,1.2175,33,KRSA,0.5881126173096975,3,STE,STE20,MSN,NRK
MSN,1.2175,33,KRSA,0.5881126173096975,3,STE,STE20,MSN,TNIK
PKA,2.9483333333333333,11,KRSA,0.8633993743482794,4,AGC,PKA,PKA,PRKACA
PKA,2.9483333333333333,11,KRSA,0.8633993743482794,4,AGC,PKA,PKA,PRKACB
PKA,2.9483333333333333,11,KRSA,0.8633993743482794,4,AGC,PKA,PKA,PRKACG
PKA,2.9483333333333333,11,KRSA,0.8633993743482794,4,AGC,PKA,PKA,PRKX
PKA,2.9483333333333333,11,KRSA,0.8633993743482794,4,AGC,PKA,PKA,PRKY
MST,-1.8283333333333336,19,KRSA,0.7632950990615224,4,STE,STE20,MST,STK3
MST,-1.8283333333333336,19,KRSA,0.7632950990615224,4,STE,STE20,MST,STK4
SGK,0.4725,67,KRSA,0.16266944734098018,1,AGC,SGK,SGK,SGK1
SGK,0.4725,67,KRSA,0.16266944734098018,1,AGC,SGK,SGK,SGK2
SGK,0.4725,67,KRSA,0.16266944734098018,1,AGC,SGK,SGK,SGK3
HAL,0.7308333333333333,57,KRSA,0.28779979144942647,2,RGC,RGC,RGC,NPR1
AKT,-0.29333333333333333,70,KRSA,0.1251303441084463,1,AGC,AKT,AKT,AKT1
AKT,-0.29333333333333333,70,KRSA,0.1251303441084463,1,AGC,AKT,AKT,AKT2
AKT,-0.29333333333333333,70,KRSA,0.1251303441084463,1,AGC,AKT,AKT,AKT3
PAKB,-0.15333333333333332,75,KRSA,0.06256517205422316,1,STE,STE20,PAKB,PAK4
PAKB,-0.15333333333333332,75,KRSA,0.06256517205422316,1,STE,STE20,PAKB,PAK5
PAKB,-0.15333333333333332,75,KRSA,0.06256517205422316,1,STE,STE20,PAKB,PAK6
IRAK,-1.0275,40,KRSA,0.5005213764337852,3,TKL,IRAK,IRAK,IRAK1
IRAK,-1.0275,40,KRSA,0.5005213764337852,3,TKL,IRAK,IRAK,IRAK2
IRAK,-1.0275,40,KRSA,0.5005213764337852,3,TKL,IRAK,IRAK,IRAK3
IRAK,-1.0275,40,KRSA,0.5005213764337852,3,TKL,IRAK,IRAK,IRAK4
NAK,-0.17166666666666666,74,KRSA,0.07507820646506778,1,OTHER,NAK,BIKE,AAK1
NAK,-0.17166666666666666,74,KRSA,0.07507820646506778,1,OTHER,NAK,BIKE,BMP2K
NAK,-0.17166666666666666,74,KRSA,0.07507820646506778,1,OTHER,NAK,GAK,GAK
NAK,-0.17166666666666666,74,KRSA,0.07507820646506778,1,OTHER,NAK,MPSK,STK16
PKN,-0.5433333333333333,64,KRSA,0.20020855057351408,1,AGC,PKN,PKN,PKN1
PKN,-0.5433333333333333,64,KRSA,0.20020855057351408,1,AGC,PKN,PKN,PKN2
PKN,-0.5433333333333333,64,KRSA,0.20020855057351408,1,AGC,PKN,PKN,PKN3
MAPKAPK,0.2683333333333333,72,KRSA,0.10010427528675704,1,CAMK,MAPKAPK,MAPKAPK,MAPKAPK2
MAPKAPK,0.2683333333333333,72,KRSA,0.10010427528675704,1,CAMK,MAPKAPK,MAPKAPK,MAPKAPK3
MAPKAPK,0.2683333333333333,72,KRSA,0.10010427528675704,1,CAMK,MAPKAPK,MAPKAPK,MAPKAPK5
MAPKAPK,0.2683333333333333,72,KRSA,0.10010427528675704,1,CAMK,MAPKAPK,MNK,MKNK1
MAPKAPK,0.2683333333333333,72,KRSA,0.10010427528675704,1,CAMK,MAPKAPK,MNK,MKNK2
MLK,-0.5291666666666667,65,KRSA,0.18769551616266944,1,TKL,MLK,ILK,ILK
MLK,-0.5291666666666667,65,KRSA,0.18769551616266944,1,TKL,MLK,MLK,MAP3K10
MLK,-0.5291666666666667,65,KRSA,0.18769551616266944,1,TKL,MLK,MLK,MAP3K11
MLK,-0.5291666666666667,65,KRSA,0.18769551616266944,1,TKL,MLK,LZK,MAP3K12
MLK,-0.5291666666666667,65,KRSA,0.18769551616266944,1,TKL,MLK,LZK,MAP3K13
MLK,-0.5291666666666667,65,KRSA,0.18769551616266944,1,TKL,MLK,MLK,MAP3K9
MLK,-0.5291666666666667,65,KRSA,0.18769551616266944,1,TKL,MLK,HH498,TNNI3K
VRK1,-1.1908333333333334,34,KRSA,0.5755995828988529,3,CK1,VRK,VRK,VRK1
RSK,0.7483333333333333,56,KRSA,0.30031282586027114,2,AGC,RSK,RSK,RPS6KA1
RSK,0.7483333333333333,56,KRSA,0.30031282586027114,2,AGC,RSK,RSK,RPS6KA2
RSK,0.7483333333333333,56,KRSA,0.30031282586027114,2,AGC,RSK,RSK,RPS6KA3
RSK,0.7483333333333333,56,KRSA,0.30031282586027114,2,AGC,RSK,MSK,RPS6KA4
RSK,0.7483333333333333,56,KRSA,0.30031282586027114,2,AGC,RSK,MSK,RPS6KA5
RSK,0.7483333333333333,56,KRSA,0.30031282586027114,2,AGC,RSK,RSK,RPS6KA6
RSK,0.7483333333333333,56,KRSA,0.30031282586027114,2,AGC,RSK,P70,RPS6KB1
RSK,0.7483333333333333,56,KRSA,0.30031282586027114,2,AGC,RSK,P70,RPS6KB2
TAO,0.425,68,KRSA,0.15015641293013557,1,STE,STE20,TAO,TAOK1
TAO,0.425,68,KRSA,0.15015641293013557,1,STE,STE20,TAO,TAOK2
TAO,0.425,68,KRSA,0.15015641293013557,1,STE,STE20,TAO,TAOK3
SLK,0.5891666666666667,62,KRSA,0.22523461939520334,1,STE,STE20,SLK,SLK
SLK,0.5891666666666667,62,KRSA,0.22523461939520334,1,STE,STE20,SLK,STK10
PASK,1.1358333333333333,35,KRSA,0.5630865484880083,3,CAMK,CAMKL,PASK,PASK
KHS,0.9475,50,KRSA,0.3753910323253389,2,STE,STE20,KHS,MAP4K1
KHS,0.9475,50,KRSA,0.3753910323253389,2,STE,STE20,KHS,MAP4K2
KHS,0.9475,50,KRSA,0.3753910323253389,2,STE,STE20,KHS,MAP4K3
KHS,0.9475,50,KRSA,0.3753910323253389,2,STE,STE20,KHS,MAP4K5
BRSK,-0.27499999999999997,71,KRSA,0.11261730969760167,1,CAMK,CAMKL,BRSK,BRSK1
BRSK,-0.27499999999999997,71,KRSA,0.11261730969760167,1,CAMK,CAMKL,BRSK,BRSK2
GRK,0.14583333333333331,77,KRSA,0.03753910323253389,1,AGC,GRK,GRK,GRK1
GRK,0.14583333333333331,77,KRSA,0.03753910323253389,1,AGC,GRK,GRK,GRK4
GRK,0.14583333333333331,77,KRSA,0.03753910323253389,1,AGC,GRK,GRK,GRK5
GRK,0.14583333333333331,77,KRSA,0.03753910323253389,1,AGC,GRK,GRK,GRK6
GRK,0.14583333333333331,77,KRSA,0.03753910323253389,1,AGC,GRK,GRK,GRK7
PAKA,0.8591666666666667,54,KRSA,0.32533889468196037,2,STE,STE20,PAKA,PAK1
PAKA,0.8591666666666667,54,KRSA,0.32533889468196037,2,STE,STE20,PAKA,PAK2
PAKA,0.8591666666666667,54,KRSA,0.32533889468196037,2,STE,STE20,PAKA,PAK3
PIM,0.7675,55,KRSA,0.31282586027111575,2,CAMK,PIM,PIM,PIM1
PIM,0.7675,55,KRSA,0.31282586027111575,2,CAMK,PIM,PIM,PIM2
PIM,0.7675,55,KRSA,0.31282586027111575,2,CAMK,PIM,PIM,PIM3
RAD53,1.0466666666666666,39,KRSA,0.5130344108446299,3,CAMK,RAD53,RAD53,CHEK2
PKCD,1.0625,38,KRSA,0.5255474452554745,3,AGC,PKC,DELTA,PRKCD
PKCD,1.0625,38,KRSA,0.5255474452554745,3,AGC,PKC,DELTA,PRKCQ
CHK1,0.6325,61,KRSA,0.23774765380604795,1,CAMK,CAMKL,CHK1,CHEK1
CAMK2,0.1883333333333333,73,KRSA,0.08759124087591241,1,CAMK,CAMK2,CAMK2,CAMK2A
CAMK2,0.1883333333333333,73,KRSA,0.08759124087591241,1,CAMK,CAMK2,CAMK2,CAMK2B
CAMK2,0.1883333333333333,73,KRSA,0.08759124087591241,1,CAMK,CAMK2,CAMK2,CAMK2D
CAMK2,0.1883333333333333,73,KRSA,0.08759124087591241,1,CAMK,CAMK2,CAMK2,CAMK2G
BARK2,-0.4875,66,KRSA,0.17518248175182483,1,AGC,GRK,BARK,GRK3
MELK,-0.6616666666666667,60,KRSA,0.2502606882168926,2,CAMK,CAMKL,MELK,MELK
PKCH,-0.7041666666666667,59,KRSA,0.26277372262773724,2,AGC,PKC,ETA,PRKCE
PKCH,-0.7041666666666667,59,KRSA,0.26277372262773724,2,AGC,PKC,ETA,PRKCH
AMPK,1.4116666666666666,27,KRSA,0.6631908237747653,3,CAMK,CAMKL,AMPK,PRKAA1
AMPK,1.4116666666666666,27,KRSA,0.6631908237747653,3,CAMK,CAMKL,AMPK,PRKAA2
STKR,0.1125,79,KRSA,0.01251303441084463,1,TKL,STKR,TYPE1,ACVR1
STKR,0.1125,79,KRSA,0.01251303441084463,1,TKL,STKR,TYPE1,ACVR1B
STKR,0.1125,79,KRSA,0.01251303441084463,1,TKL,STKR,TYPE1,ACVR1C
STKR,0.1125,79,KRSA,0.01251303441084463,1,TKL,STKR,TYPE2,ACVR2A
STKR,0.1125,79,KRSA,0.01251303441084463,1,TKL,STKR,TYPE2,ACVR2B
STKR,0.1125,79,KRSA,0.01251303441084463,1,TKL,STKR,TYPE1,ACVRL1
STKR,0.1125,79,KRSA,0.01251303441084463,1,TKL,STKR,TYPE2,AMHR2
STKR,0.1125,79,KRSA,0.01251303441084463,1,TKL,STKR,TYPE1,BMPR1A
STKR,0.1125,79,KRSA,0.01251303441084463,1,TKL,STKR,TYPE1,BMPR1B
STKR,0.1125,79,KRSA,0.01251303441084463,1,TKL,STKR,TYPE2,BMPR2
STKR,0.1125,79,KRSA,0.01251303441084463,1,TKL,STKR,TYPE1,TGFBR1
STKR,0.1125,79,KRSA,0.01251303441084463,1,TKL,STKR,TYPE2,TGFBR2
AUR,0.04416666666666667,80,KRSA,0,1,OTHER,AUR,AUR,AURKA
AUR,0.04416666666666667,80,KRSA,0,1,OTHER,AUR,AUR,AURKB
AUR,0.04416666666666667,80,KRSA,0,1,OTHER,AUR,AUR,AURKC
PEK,-4.9325,4,KRSA,0.9509906152241918,4,OTHER,PEK,HRI,EIF2AK1
PEK,-4.9325,4,KRSA,0.9509906152241918,4,OTHER,PEK,PKR,EIF2AK2
PEK,-4.9325,4,KRSA,0.9509906152241918,4,OTHER,PEK,PEK,EIF2AK3
PEK,-4.9325,4,KRSA,0.9509906152241918,4,OTHER,PEK,GCN2,EIF2AK4
PKCA,-3.9183333333333334,7,KRSA,0.913451511991658,4,AGC,PKC,ALPHA,PRKCA
PKCA,-3.9183333333333334,7,KRSA,0.913451511991658,4,AGC,PKC,ALPHA,PRKCB
PKCA,-3.9183333333333334,7,KRSA,0.913451511991658,4,AGC,PKC,ALPHA,PRKCG
CDK,-5.128333333333333,2,KRSA,0.9760166840458812,4,CMGC,CDK,CDC2,CDK1
CDK,-5.128333333333333,2,KRSA,0.9760166840458812,4,CMGC,CDK,CDK10,CDK10
CDK,-5.128333333333333,2,KRSA,0.9760166840458812,4,CMGC,CDK,CRK7,CDK12
CDK,-5.128333333333333,2,KRSA,0.9760166840458812,4,CMGC,CDK,CRK7,CDK13
CDK,-5.128333333333333,2,KRSA,0.9760166840458812,4,CMGC,CDK,PFTAIRE,CDK14
CDK,-5.128333333333333,2,KRSA,0.9760166840458812,4,CMGC,CDK,PFTAIRE,CDK15
CDK,-5.128333333333333,2,KRSA,0.9760166840458812,4,CMGC,CDK,PCTAIRE,CDK16
CDK,-5.128333333333333,2,KRSA,0.9760166840458812,4,CMGC,CDK,PCTAIRE,CDK17
CDK,-5.128333333333333,2,KRSA,0.9760166840458812,4,CMGC,CDK,PCTAIRE,CDK18
CDK,-5.128333333333333,2,KRSA,0.9760166840458812,4,CMGC,CDK,CDK8,CDK19
CDK,-5.128333333333333,2,KRSA,0.9760166840458812,4,CMGC,CDK,CDC2,CDK2
CDK,-5.128333333333333,2,KRSA,0.9760166840458812,4,CMGC,CDK,CCRK,CDK20
CDK,-5.128333333333333,2,KRSA,0.9760166840458812,4,CMGC,CDK,CDC2,CDK3
CDK,-5.128333333333333,2,KRSA,0.9760166840458812,4,CMGC,CDK,CDK4,CDK4
CDK,-5.128333333333333,2,KRSA,0.9760166840458812,4,CMGC,CDK,CDK5,CDK5
CDK,-5.128333333333333,2,KRSA,0.9760166840458812,4,CMGC,CDK,CDK4,CDK6
CDK,-5.128333333333333,2,KRSA,0.9760166840458812,4,CMGC,CDK,CDK7,CDK7
CDK,-5.128333333333333,2,KRSA,0.9760166840458812,4,CMGC,CDK,CDK8,CDK8
CDK,-5.128333333333333,2,KRSA,0.9760166840458812,4,CMGC,CDK,CDK9,CDK9
CDK,-5.128333333333333,2,KRSA,0.9760166840458812,4,NA,NA,NA,CDK11A
CDK,-5.128333333333333,2,KRSA,0.9760166840458812,4,NA,NA,NA,CDK11B
ERK,-5.575,1,KRSA,0.9885297184567258,4,CMGC,MAPK,ERK1,MAPK1
ERK,-5.575,1,KRSA,0.9885297184567258,4,CMGC,MAPK,ERK7,MAPK15
ERK,-5.575,1,KRSA,0.9885297184567258,4,CMGC,MAPK,ERK1,MAPK3
ERK,-5.575,1,KRSA,0.9885297184567258,4,CMGC,MAPK,ERK3,MAPK4
ERK,-5.575,1,KRSA,0.9885297184567258,4,CMGC,MAPK,ERK3,MAPK6
ERK,-5.575,1,KRSA,0.9885297184567258,4,CMGC,MAPK,ERK5,MAPK7
DYRK,-5.0325,3,KRSA,0.9635036496350365,4,CMGC,DYRK,DYRK1,DYRK1A
DYRK,-5.0325,3,KRSA,0.9635036496350365,4,CMGC,DYRK,DYRK1,DYRK1B
DYRK,-5.0325,3,KRSA,0.9635036496350365,4,CMGC,DYRK,DYRK2,DYRK2
DYRK,-5.0325,3,KRSA,0.9635036496350365,4,CMGC,DYRK,DYRK2,DYRK3
DYRK,-5.0325,3,KRSA,0.9635036496350365,4,CMGC,DYRK,DYRK2,DYRK4
DYRK,-5.0325,3,KRSA,0.9635036496350365,4,CMGC,DYRK,HIPK,HIPK1
DYRK,-5.0325,3,KRSA,0.9635036496350365,4,CMGC,DYRK,HIPK,HIPK2
DYRK,-5.0325,3,KRSA,0.9635036496350365,4,CMGC,DYRK,HIPK,HIPK3
DYRK,-5.0325,3,KRSA,0.9635036496350365,4,CMGC,DYRK,HIPK,HIPK4
DYRK,-5.0325,3,KRSA,0.9635036496350365,4,CMGC,DYRK,PRP4,PRPF4B
PDK1,-4.2275,5,KRSA,0.9384775808133472,4,ATYPICAL,PDHK,PDHK,PDK1
PDK1,-4.2275,5,KRSA,0.9384775808133472,4,AGC,PDK1,PDK1,PDPK1
STE7,-2.4058333333333333,13,KRSA,0.8383733055265902,4,STE,STE7,MEK1,MAP2K1
STE7,-2.4058333333333333,13,KRSA,0.8383733055265902,4,STE,STE7,MEK1,MAP2K2
STE7,-2.4058333333333333,13,KRSA,0.8383733055265902,4,STE,STE7,MEK3,MAP2K3
STE7,-2.4058333333333333,13,KRSA,0.8383733055265902,4,STE,STE7,MEK4,MAP2K4
STE7,-2.4058333333333333,13,KRSA,0.8383733055265902,4,STE,STE7,MEK5,MAP2K5
STE7,-2.4058333333333333,13,KRSA,0.8383733055265902,4,STE,STE7,MEK3,MAP2K6
STE7,-2.4058333333333333,13,KRSA,0.8383733055265902,4,STE,STE7,MEK7,MAP2K7
NMO,-3.2183333333333333,10,KRSA,0.8759124087591241,4,CMGC,MAPK,NMO,NLK
JNK,-4.211666666666667,6,KRSA,0.9259645464025026,4,CMGC,MAPK,JNK,MAPK10
JNK,-4.211666666666667,6,KRSA,0.9259645464025026,4,CMGC,MAPK,JNK,MAPK8
JNK,-4.211666666666667,6,KRSA,0.9259645464025026,4,CMGC,MAPK,JNK,MAPK9
PLK,-3.288333333333333,9,KRSA,0.8884254431699687,4,NA,NA,NA,PLK5
PLK,-3.288333333333333,9,KRSA,0.8884254431699687,4,OTHER,PLK,PLK1,PLK1
PLK,-3.288333333333333,9,KRSA,0.8884254431699687,4,OTHER,PLK,PLK2,PLK2
PLK,-3.288333333333333,9,KRSA,0.8884254431699687,4,OTHER,PLK,PLK2,PLK3
PLK,-3.288333333333333,9,KRSA,0.8884254431699687,4,OTHER,PLK,SAK,PLK4
P38,-3.515,8,KRSA,0.9009384775808134,4,CMGC,MAPK,P38,MAPK11
P38,-3.515,8,KRSA,0.9009384775808134,4,CMGC,MAPK,P38,MAPK12
P38,-3.515,8,KRSA,0.9009384775808134,4,CMGC,MAPK,P38,MAPK13
P38,-3.515,8,KRSA,0.9009384775808134,4,CMGC,MAPK,P38,MAPK14
MTOR,-2.211666666666667,15,KRSA,0.8133472367049009,4,ATYPICAL,PIKK,FRAP,MTOR
CK1,-1.9908333333333337,16,KRSA,0.8008342022940563,4,CK1,CK1,CK1-A,CSNK1A1
CK1,-1.9908333333333337,16,KRSA,0.8008342022940563,4,CK1,CK1,CK1-A,CSNK1A1L
CK1,-1.9908333333333337,16,KRSA,0.8008342022940563,4,CK1,CK1,CK1-D,CSNK1D
CK1,-1.9908333333333337,16,KRSA,0.8008342022940563,4,CK1,CK1,CK1-D,CSNK1E
CK1,-1.9908333333333337,16,KRSA,0.8008342022940563,4,CK1,CK1,CK1-G,CSNK1G1
CK1,-1.9908333333333337,16,KRSA,0.8008342022940563,4,CK1,CK1,CK1-G,CSNK1G2
CK1,-1.9908333333333337,16,KRSA,0.8008342022940563,4,CK1,CK1,CK1-G,CSNK1G3
CK1,-1.9908333333333337,16,KRSA,0.8008342022940563,4,CK1,TTBK,TTBK,TTBK1
CK1,-1.9908333333333337,16,KRSA,0.8008342022940563,4,CK1,TTBK,TTBK,TTBK2
CK1,-1.9908333333333337,16,KRSA,0.8008342022940563,4,CK1,VRK,VRK,VRK3
PHK,-1.4125,26,KRSA,0.67570385818561,3,CAMK,PHK,PHK,PHKG1
PHK,-1.4125,26,KRSA,0.67570385818561,3,CAMK,PHK,PHK,PHKG2
IKK,-1.5175,23,KRSA,0.7132429614181439,3,OTHER,IKK,IKK,CHUK
IKK,-1.5175,23,KRSA,0.7132429614181439,3,OTHER,IKK,IKK,IKBKB
IKK,-1.5175,23,KRSA,0.7132429614181439,3,OTHER,IKK,IKK,IKBKE
IKK,-1.5175,23,KRSA,0.7132429614181439,3,OTHER,IKK,IKK,TBK1
FRAY,-1.3883333333333334,31,KRSA,0.6131386861313869,3,STE,STE20,FRAY,OXSR1
FRAY,-1.3883333333333334,31,KRSA,0.6131386861313869,3,STE,STE20,FRAY,STK39
LKB,-1.9433333333333336,17,KRSA,0.7883211678832117,4,CAMK,CAMKL,LKB,STK11
QIK,-1.7666666666666666,21,KRSA,0.7382690302398331,3,CAMK,CAMKL,QIK,SIK1
QIK,-1.7666666666666666,21,KRSA,0.7382690302398331,3,CAMK,CAMKL,QIK,SIK2
PDHK,-0.3375,69,KRSA,0.13764337851929093,1,ATYPICAL,PDHK,BCKDK,BCKDK
PDHK,-0.3375,69,KRSA,0.13764337851929093,1,ATYPICAL,PDHK,PDHK,PDK2
PDHK,-0.3375,69,KRSA,0.13764337851929093,1,ATYPICAL,PDHK,PDHK,PDK3
PDHK,-0.3375,69,KRSA,0.13764337851929093,1,ATYPICAL,PDHK,PDHK,PDK4
DMPK,-0.9541666666666668,49,KRSA,0.38790406673618355,2,AGC,DMPK,GEK,CDC42BPA
DMPK,-0.9541666666666668,49,KRSA,0.38790406673618355,2,AGC,DMPK,GEK,CDC42BPB
DMPK,-0.9541666666666668,49,KRSA,0.38790406673618355,2,AGC,DMPK,GEK,CDC42BPG
DMPK,-0.9541666666666668,49,KRSA,0.38790406673618355,2,AGC,DMPK,CRIK,CIT
DMPK,-0.9541666666666668,49,KRSA,0.38790406673618355,2,AGC,DMPK,GEK,DMPK
DMPK,-0.9541666666666668,49,KRSA,0.38790406673618355,2,AGC,DMPK,ROCK,ROCK1
DMPK,-0.9541666666666668,49,KRSA,0.38790406673618355,2,AGC,DMPK,ROCK,ROCK2
STE11,-1.2875,32,KRSA,0.6006256517205423,3,TKL,MLK,TAK1,MAP3K7
STE11,-1.2875,32,KRSA,0.6006256517205423,3,STE,STE11,MEKK1,MAP3K1
STE11,-1.2875,32,KRSA,0.6006256517205423,3,STE,STE11,ASK,MAP3K15
STE11,-1.2875,32,KRSA,0.6006256517205423,3,STE,STE11,MEKK2,MAP3K2
STE11,-1.2875,32,KRSA,0.6006256517205423,3,STE,STE11,MEKK2,MAP3K3
STE11,-1.2875,32,KRSA,0.6006256517205423,3,STE,STE11,MEKK4,MAP3K4
STE11,-1.2875,32,KRSA,0.6006256517205423,3,STE,STE11,ASK,MAP3K5
STE11,-1.2875,32,KRSA,0.6006256517205423,3,STE,STE11,ASK,MAP3K6
TLK,-1.4058333333333333,28,KRSA,0.6506777893639207,3,OTHER,TLK,TLK,TLK1
TLK,-1.4058333333333333,28,KRSA,0.6506777893639207,3,OTHER,TLK,TLK,TLK2
TTK,-1.3983333333333334,29,KRSA,0.6381647549530761,3,OTHER,TTK,TTK,TTK
ATR,-1.6733333333333331,22,KRSA,0.7257559958289885,3,ATYPICAL,PIKK,ATR,ATR
NUAK,-1.3966666666666667,30,KRSA,0.6256517205422315,3,CAMK,CAMKL,NUAK,NUAK1
NUAK,-1.3966666666666667,30,KRSA,0.6256517205422315,3,CAMK,CAMKL,NUAK,NUAK2
GSK,-1.7775,20,KRSA,0.7507820646506778,4,CMGC,GSK,GSK,GSK3A
GSK,-1.7775,20,KRSA,0.7507820646506778,4,CMGC,GSK,GSK,GSK3B
NEK,-1.080833333333333,37,KRSA,0.5380604796663191,3,OTHER,NEK,NEK11,NEK11
NEK,-1.080833333333333,37,KRSA,0.5380604796663191,3,OTHER,NEK,NEK2,NEK2
NEK,-1.080833333333333,37,KRSA,0.5380604796663191,3,OTHER,NEK,NEK1,NEK3
NEK,-1.080833333333333,37,KRSA,0.5380604796663191,3,OTHER,NEK,NEK4,NEK4
NEK,-1.080833333333333,37,KRSA,0.5380604796663191,3,OTHER,NEK,NEK1,NEK5
NEK,-1.080833333333333,37,KRSA,0.5380604796663191,3,OTHER,NEK,NEK6,NEK6
NEK,-1.080833333333333,37,KRSA,0.5380604796663191,3,OTHER,NEK,NEK6,NEK7
NEK,-1.080833333333333,37,KRSA,0.5380604796663191,3,OTHER,NEK,NEK8,NEK8
NEK,-1.080833333333333,37,KRSA,0.5380604796663191,3,OTHER,NEK,NEK8,NEK9
ATM,-0.9208333333333334,52,KRSA,0.35036496350364965,2,ATYPICAL,PIKK,ATM,ATM
RAF,-1.9416666666666669,18,KRSA,0.7758081334723671,4,TKL,RAF,RAF,ARAF
RAF,-1.9416666666666669,18,KRSA,0.7758081334723671,4,TKL,RAF,RAF,BRAF
RAF,-1.9416666666666669,18,KRSA,0.7758081334723671,4,TKL,RAF,KSR,KSR1
RAF,-1.9416666666666669,18,KRSA,0.7758081334723671,4,TKL,RAF,KSR,KSR2
RAF,-1.9416666666666669,18,KRSA,0.7758081334723671,4,TKL,RAF,RAF,RAF1
PKG,2.87,12,KRSA,0.8508863399374348,4,AGC,PKG,PKG,PRKG1
PKG,2.87,12,KRSA,0.8508863399374348,4,AGC,PKG,PKG,PRKG2
PRKDC,-1.485,25,KRSA,0.6882168925964547,3,ATYPICAL,PIKK,DNAPK,PRKDC
NDR,-0.9366666666666666,51,KRSA,0.36287799791449427,2,AGC,NDR,NDR,LATS1
NDR,-0.9366666666666666,51,KRSA,0.36287799791449427,2,AGC,NDR,NDR,LATS2
NDR,-0.9366666666666666,51,KRSA,0.36287799791449427,2,AGC,NDR,NDR,STK38
NDR,-0.9366666666666666,51,KRSA,0.36287799791449427,2,AGC,NDR,NDR,STK38L
CAMKK,-0.985,44,KRSA,0.4504692387904067,2,OTHER,CAMKK,META,CAMKK1
CAMKK,-0.985,44,KRSA,0.4504692387904067,2,OTHER,CAMKK,META,CAMKK2
MOS,-0.9941666666666666,41,KRSA,0.4880083420229406,2,OTHER,MOS,MOS,MOS
CAMK1,2.3716666666666666,14,KRSA,0.8258602711157456,4,CAMK,CAMK1,CAMK1,CAMK1
CAMK1,2.3716666666666666,14,KRSA,0.8258602711157456,4,CAMK,CAMK1,CAMK1,CAMK1D
CAMK1,2.3716666666666666,14,KRSA,0.8258602711157456,4,CAMK,CAMK1,CAMK1,CAMK1G
CAMK1,2.3716666666666666,14,KRSA,0.8258602711157456,4,CAMK,CAMK1,CAMK1,CAMK4
CAMK1,2.3716666666666666,14,KRSA,0.8258602711157456,4,CAMK,CAMK1,CAMK1,PNCK
WNK,-0.9766666666666668,47,KRSA,0.4129301355578728,2,OTHER,WNK,WNK,WNK1
WNK,-0.9766666666666668,47,KRSA,0.4129301355578728,2,OTHER,WNK,WNK,WNK2
WNK,-0.9766666666666668,47,KRSA,0.4129301355578728,2,OTHER,WNK,WNK,WNK3
WNK,-0.9766666666666668,47,KRSA,0.4129301355578728,2,OTHER,WNK,WNK,WNK4
NIK,-0.9858333333333332,43,KRSA,0.4629822732012513,2,STE,STE-UNIQUE,STE-UNIQUE,MAP3K14
BUD32,-0.9875,42,KRSA,0.4754953076120959,2,OTHER,BUD32,BUD32,TP53RK
CLK,-0.9783333333333334,45,KRSA,0.43795620437956206,2,CMGC,CLK,CLK,CLK1
CLK,-0.9783333333333334,45,KRSA,0.43795620437956206,2,CMGC,CLK,CLK,CLK2
CLK,-0.9783333333333334,45,KRSA,0.43795620437956206,2,CMGC,CLK,CLK,CLK3
CLK,-0.9783333333333334,45,KRSA,0.43795620437956206,2,CMGC,CLK,CLK,CLK4
PKA,2.9483333333333333,11,KRSA,0.8633993743482794,4,AGC,PKA,PKA,PRKACA
PKA,2.9483333333333333,11,KRSA,0.8633993743482794,4,AGC,PKA,PKA,PRKACB
PKA,2.9483333333333333,11,KRSA,0.8633993743482794,4,AGC,PKA,PKA,PRKACG
PKA,2.9483333333333333,11,KRSA,0.8633993743482794,4,AGC,PKA,PKA,PRKX
PKA,2.9483333333333333,11,KRSA,0.8633993743482794,4,AGC,PKA,PKA,PRKY
ULK,-0.9775,46,KRSA,0.4254431699687174,2,OTHER,ULK,FUSED,STK36
ULK,-0.9775,46,KRSA,0.4254431699687174,2,OTHER,ULK,ULK,ULK1
ULK,-0.9775,46,KRSA,0.4254431699687174,2,OTHER,ULK,ULK,ULK2
ULK,-0.9775,46,KRSA,0.4254431699687174,2,OTHER,ULK,ULK,ULK3
ULK,-0.9775,46,KRSA,0.4254431699687174,2,OTHER,ULK,ULK,ULK4
PKD,0.9641666666666666,48,KRSA,0.40041710114702816,2,CAMK,PKD,PKD,PRKD1
PKD,0.9641666666666666,48,KRSA,0.40041710114702816,2,CAMK,PKD,PKD,PRKD2
PKD,0.9641666666666666,48,KRSA,0.40041710114702816,2,CAMK,PKD,PKD,PRKD3
PKCI,1.5158333333333334,24,KRSA,0.7007299270072993,3,AGC,PKC,IOTA,PRKCI
PKCI,1.5158333333333334,24,KRSA,0.7007299270072993,3,AGC,PKC,IOTA,PRKCZ
MST,-1.8283333333333336,19,KRSA,0.7632950990615224,4,STE,STE20,MST,STK3
MST,-1.8283333333333336,19,KRSA,0.7632950990615224,4,STE,STE20,MST,STK4
MLCK,-0.13166666666666663,78,KRSA,0.02502606882168926,1,CAMK,MLCK,MLCK,MYLK
MLCK,-0.13166666666666663,78,KRSA,0.02502606882168926,1,CAMK,MLCK,MLCK,MYLK2
MLCK,-0.13166666666666663,78,KRSA,0.02502606882168926,1,CAMK,MLCK,MLCK,TTN
CK2,-0.5483333333333333,63,KRSA,0.2127215849843587,1,CMGC,CK2,CK2,CSNK2A1
CK2,-0.5483333333333333,63,KRSA,0.2127215849843587,1,CMGC,CK2,CK2,CSNK2A2
CK2,-0.5483333333333333,63,KRSA,0.2127215849843587,1,NA,NA,NA,CSNK2A3
RIPK,0.1508333333333333,76,KRSA,0.05005213764337852,1,TKL,RIPK,RIPK,ANKK1
RIPK,0.1508333333333333,76,KRSA,0.05005213764337852,1,TKL,RIPK,RIPK,RIPK1
RIPK,0.1508333333333333,76,KRSA,0.05005213764337852,1,TKL,RIPK,RIPK,RIPK2
RIPK,0.1508333333333333,76,KRSA,0.05005213764337852,1,TKL,RIPK,RIPK,RIPK3
RIPK,0.1508333333333333,76,KRSA,0.05005213764337852,1,TKL,RIPK,RIPK,RIPK4
COT,0.8758333333333332,53,KRSA,0.337851929092805,2,STE,STE-UNIQUE,STE-UNIQUE,MAP3K8
MSN,1.2175,33,KRSA,0.5881126173096975,3,STE,STE20,MSN,MAP4K4
MSN,1.2175,33,KRSA,0.5881126173096975,3,STE,STE20,MSN,NRK
MSN,1.2175,33,KRSA,0.5881126173096975,3,STE,STE20,MSN,TNIK
SGK,0.4725,67,KRSA,0.16266944734098018,1,AGC,SGK,SGK,SGK1
SGK,0.4725,67,KRSA,0.16266944734098018,1,AGC,SGK,SGK,SGK2
SGK,0.4725,67,KRSA,0.16266944734098018,1,AGC,SGK,SGK,SGK3
DAPK,-1.0841666666666667,36,KRSA,0.5505735140771637,3,CAMK,DAPK,DAPK,DAPK1
DAPK,-1.0841666666666667,36,KRSA,0.5505735140771637,3,CAMK,DAPK,DAPK,DAPK2
DAPK,-1.0841666666666667,36,KRSA,0.5505735140771637,3,CAMK,DAPK,DAPK,DAPK3
DAPK,-1.0841666666666667,36,KRSA,0.5505735140771637,3,CAMK,DAPK,DRAK,STK17A
DAPK,-1.0841666666666667,36,KRSA,0.5505735140771637,3,CAMK,DAPK,DRAK,STK17B
HAL,0.7308333333333333,57,KRSA,0.28779979144942647,2,RGC,RGC,RGC,NPR1
PAKB,-0.15333333333333332,75,KRSA,0.06256517205422316,1,STE,STE20,PAKB,PAK4
PAKB,-0.15333333333333332,75,KRSA,0.06256517205422316,1,STE,STE20,PAKB,PAK5
PAKB,-0.15333333333333332,75,KRSA,0.06256517205422316,1,STE,STE20,PAKB,PAK6
MAPKAPK,0.2683333333333333,72,KRSA,0.10010427528675704,1,CAMK,MAPKAPK,MAPKAPK,MAPKAPK2
MAPKAPK,0.2683333333333333,72,KRSA,0.10010427528675704,1,CAMK,MAPKAPK,MAPKAPK,MAPKAPK3
MAPKAPK,0.2683333333333333,72,KRSA,0.10010427528675704,1,CAMK,MAPKAPK,MAPKAPK,MAPKAPK5
MAPKAPK,0.2683333333333333,72,KRSA,0.10010427528675704,1,CAMK,MAPKAPK,MNK,MKNK1
MAPKAPK,0.2683333333333333,72,KRSA,0.10010427528675704,1,CAMK,MAPKAPK,MNK,MKNK2
PAKA,0.8591666666666667,54,KRSA,0.32533889468196037,2,STE,STE20,PAKA,PAK1
PAKA,0.8591666666666667,54,KRSA,0.32533889468196037,2,STE,STE20,PAKA,PAK2
PAKA,0.8591666666666667,54,KRSA,0.32533889468196037,2,STE,STE20,PAKA,PAK3
PKN,-0.5433333333333333,64,KRSA,0.20020855057351408,1,AGC,PKN,PKN,PKN1
PKN,-0.5433333333333333,64,KRSA,0.20020855057351408,1,AGC,PKN,PKN,PKN2
PKN,-0.5433333333333333,64,KRSA,0.20020855057351408,1,AGC,PKN,PKN,PKN3
NAK,-0.17166666666666666,74,KRSA,0.07507820646506778,1,OTHER,NAK,BIKE,AAK1
NAK,-0.17166666666666666,74,KRSA,0.07507820646506778,1,OTHER,NAK,BIKE,BMP2K
NAK,-0.17166666666666666,74,KRSA,0.07507820646506778,1,OTHER,NAK,GAK,GAK
NAK,-0.17166666666666666,74,KRSA,0.07507820646506778,1,OTHER,NAK,MPSK,STK16
AKT,-0.29333333333333333,70,KRSA,0.1251303441084463,1,AGC,AKT,AKT,AKT1
AKT,-0.29333333333333333,70,KRSA,0.1251303441084463,1,AGC,AKT,AKT,AKT2
AKT,-0.29333333333333333,70,KRSA,0.1251303441084463,1,AGC,AKT,AKT,AKT3
CAMK2,0.1883333333333333,73,KRSA,0.08759124087591241,1,CAMK,CAMK2,CAMK2,CAMK2A
CAMK2,0.1883333333333333,73,KRSA,0.08759124087591241,1,CAMK,CAMK2,CAMK2,CAMK2B
CAMK2,0.1883333333333333,73,KRSA,0.08759124087591241,1,CAMK,CAMK2,CAMK2,CAMK2D
CAMK2,0.1883333333333333,73,KRSA,0.08759124087591241,1,CAMK,CAMK2,CAMK2,CAMK2G
KHS,0.9475,50,KRSA,0.3753910323253389,2,STE,STE20,KHS,MAP4K1
KHS,0.9475,50,KRSA,0.3753910323253389,2,STE,STE20,KHS,MAP4K2
KHS,0.9475,50,KRSA,0.3753910323253389,2,STE,STE20,KHS,MAP4K3
KHS,0.9475,50,KRSA,0.3753910323253389,2,STE,STE20,KHS,MAP4K5
PASK,1.1358333333333333,35,KRSA,0.5630865484880083,3,CAMK,CAMKL,PASK,PASK
BRSK,-0.27499999999999997,71,KRSA,0.11261730969760167,1,CAMK,CAMKL,BRSK,BRSK1
BRSK,-0.27499999999999997,71,KRSA,0.11261730969760167,1,CAMK,CAMKL,BRSK,BRSK2
TAO,0.425,68,KRSA,0.15015641293013557,1,STE,STE20,TAO,TAOK1
TAO,0.425,68,KRSA,0.15015641293013557,1,STE,STE20,TAO,TAOK2
TAO,0.425,68,KRSA,0.15015641293013557,1,STE,STE20,TAO,TAOK3
IRAK,-1.0275,40,KRSA,0.5005213764337852,3,TKL,IRAK,IRAK,IRAK1
IRAK,-1.0275,40,KRSA,0.5005213764337852,3,TKL,IRAK,IRAK,IRAK2
IRAK,-1.0275,40,KRSA,0.5005213764337852,3,TKL,IRAK,IRAK,IRAK3
IRAK,-1.0275,40,KRSA,0.5005213764337852,3,TKL,IRAK,IRAK,IRAK4
SLK,0.5891666666666667,62,KRSA,0.22523461939520334,1,STE,STE20,SLK,SLK
SLK,0.5891666666666667,62,KRSA,0.22523461939520334,1,STE,STE20,SLK,STK10
RAD53,1.0466666666666666,39,KRSA,0.5130344108446299,3,CAMK,RAD53,RAD53,CHEK2
VRK1,-1.1908333333333334,34,KRSA,0.5755995828988529,3,CK1,VRK,VRK,VRK1
RSK,0.7483333333333333,56,KRSA,0.30031282586027114,2,AGC,RSK,RSK,RPS6KA1
RSK,0.7483333333333333,56,KRSA,0.30031282586027114,2,AGC,RSK,RSK,RPS6KA2
RSK,0.7483333333333333,56,KRSA,0.30031282586027114,2,AGC,RSK,RSK,RPS6KA3
RSK,0.7483333333333333,56,KRSA,0.30031282586027114,2,AGC,RSK,MSK,RPS6KA4
RSK,0.7483333333333333,56,KRSA,0.30031282586027114,2,AGC,RSK,MSK,RPS6KA5
RSK,0.7483333333333333,56,KRSA,0.30031282586027114,2,AGC,RSK,RSK,RPS6KA6
RSK,0.7483333333333333,56,KRSA,0.30031282586027114,2,AGC,RSK,P70,RPS6KB1
RSK,0.7483333333333333,56,KRSA,0.30031282586027114,2,AGC,RSK,P70,RPS6KB2
MLK,-0.5291666666666667,65,KRSA,0.18769551616266944,1,TKL,MLK,ILK,ILK
MLK,-0.5291666666666667,65,KRSA,0.18769551616266944,1,TKL,MLK,MLK,MAP3K10
MLK,-0.5291666666666667,65,KRSA,0.18769551616266944,1,TKL,MLK,MLK,MAP3K11
MLK,-0.5291666666666667,65,KRSA,0.18769551616266944,1,TKL,MLK,LZK,MAP3K12
MLK,-0.5291666666666667,65,KRSA,0.18769551616266944,1,TKL,MLK,LZK,MAP3K13
MLK,-0.5291666666666667,65,KRSA,0.18769551616266944,1,TKL,MLK,MLK,MAP3K9
MLK,-0.5291666666666667,65,KRSA,0.18769551616266944,1,TKL,MLK,HH498,TNNI3K
MELK,-0.6616666666666667,60,KRSA,0.2502606882168926,2,CAMK,CAMKL,MELK,MELK
PKCD,1.0625,38,KRSA,0.5255474452554745,3,AGC,PKC,DELTA,PRKCD
PKCD,1.0625,38,KRSA,0.5255474452554745,3,AGC,PKC,DELTA,PRKCQ
CHK1,0.6325,61,KRSA,0.23774765380604795,1,CAMK,CAMKL,CHK1,CHEK1
GRK,0.14583333333333331,77,KRSA,0.03753910323253389,1,AGC,GRK,GRK,GRK1
GRK,0.14583333333333331,77,KRSA,0.03753910323253389,1,AGC,GRK,GRK,GRK4
GRK,0.14583333333333331,77,KRSA,0.03753910323253389,1,AGC,GRK,GRK,GRK5
GRK,0.14583333333333331,77,KRSA,0.03753910323253389,1,AGC,GRK,GRK,GRK6
GRK,0.14583333333333331,77,KRSA,0.03753910323253389,1,AGC,GRK,GRK,GRK7
PIM,0.7675,55,KRSA,0.31282586027111575,2,CAMK,PIM,PIM,PIM1
PIM,0.7675,55,KRSA,0.31282586027111575,2,CAMK,PIM,PIM,PIM2
PIM,0.7675,55,KRSA,0.31282586027111575,2,CAMK,PIM,PIM,PIM3
AMPK,1.4116666666666666,27,KRSA,0.6631908237747653,3,CAMK,CAMKL,AMPK,PRKAA1
AMPK,1.4116666666666666,27,KRSA,0.6631908237747653,3,CAMK,CAMKL,AMPK,PRKAA2
PKCH,-0.7041666666666667,59,KRSA,0.26277372262773724,2,AGC,PKC,ETA,PRKCE
PKCH,-0.7041666666666667,59,KRSA,0.26277372262773724,2,AGC,PKC,ETA,PRKCH
BARK2,-0.4875,66,KRSA,0.17518248175182483,1,AGC,GRK,BARK,GRK3
AUR,0.04416666666666667,80,KRSA,0,1,OTHER,AUR,AUR,AURKA
AUR,0.04416666666666667,80,KRSA,0,1,OTHER,AUR,AUR,AURKB
AUR,0.04416666666666667,80,KRSA,0,1,OTHER,AUR,AUR,AURKC
STKR,0.1125,79,KRSA,0.01251303441084463,1,TKL,STKR,TYPE1,ACVR1
STKR,0.1125,79,KRSA,0.01251303441084463,1,TKL,STKR,TYPE1,ACVR1B
STKR,0.1125,79,KRSA,0.01251303441084463,1,TKL,STKR,TYPE1,ACVR1C
STKR,0.1125,79,KRSA,0.01251303441084463,1,TKL,STKR,TYPE2,ACVR2A
STKR,0.1125,79,KRSA,0.01251303441084463,1,TKL,STKR,TYPE2,ACVR2B
STKR,0.1125,79,KRSA,0.01251303441084463,1,TKL,STKR,TYPE1,ACVRL1
STKR,0.1125,79,KRSA,0.01251303441084463,1,TKL,STKR,TYPE2,AMHR2
STKR,0.1125,79,KRSA,0.01251303441084463,1,TKL,STKR,TYPE1,BMPR1A
STKR,0.1125,79,KRSA,0.01251303441084463,1,TKL,STKR,TYPE1,BMPR1B
STKR,0.1125,79,KRSA,0.01251303441084463,1,TKL,STKR,TYPE2,BMPR2
STKR,0.1125,79,KRSA,0.01251303441084463,1,TKL,STKR,TYPE1,TGFBR1
STKR,0.1125,79,KRSA,0.01251303441084463,1,TKL,STKR,TYPE2,TGFBR2
ERK,-5.575,1,KRSA,0.9885297184567258,4,CMGC,MAPK,ERK1,MAPK1
ERK,-5.575,1,KRSA,0.9885297184567258,4,CMGC,MAPK,ERK7,MAPK15
ERK,-5.575,1,KRSA,0.9885297184567258,4,CMGC,MAPK,ERK1,MAPK3
ERK,-5.575,1,KRSA,0.9885297184567258,4,CMGC,MAPK,ERK3,MAPK4
ERK,-5.575,1,KRSA,0.9885297184567258,4,CMGC,MAPK,ERK3,MAPK6
ERK,-5.575,1,KRSA,0.9885297184567258,4,CMGC,MAPK,ERK5,MAPK7
DYRK,-5.0325,3,KRSA,0.9635036496350365,4,CMGC,DYRK,DYRK1,DYRK1A
DYRK,-5.0325,3,KRSA,0.9635036496350365,4,CMGC,DYRK,DYRK1,DYRK1B
DYRK,-5.0325,3,KRSA,0.9635036496350365,4,CMGC,DYRK,DYRK2,DYRK2
DYRK,-5.0325,3,KRSA,0.9635036496350365,4,CMGC,DYRK,DYRK2,DYRK3
DYRK,-5.0325,3,KRSA,0.9635036496350365,4,CMGC,DYRK,DYRK2,DYRK4
DYRK,-5.0325,3,KRSA,0.9635036496350365,4,CMGC,DYRK,HIPK,HIPK1
DYRK,-5.0325,3,KRSA,0.9635036496350365,4,CMGC,DYRK,HIPK,HIPK2
DYRK,-5.0325,3,KRSA,0.9635036496350365,4,CMGC,DYRK,HIPK,HIPK3
DYRK,-5.0325,3,KRSA,0.9635036496350365,4,CMGC,DYRK,HIPK,HIPK4
DYRK,-5.0325,3,KRSA,0.9635036496350365,4,CMGC,DYRK,PRP4,PRPF4B
PEK,-4.9325,4,KRSA,0.9509906152241918,4,OTHER,PEK,HRI,EIF2AK1
PEK,-4.9325,4,KRSA,0.9509906152241918,4,OTHER,PEK,PKR,EIF2AK2
PEK,-4.9325,4,KRSA,0.9509906152241918,4,OTHER,PEK,PEK,EIF2AK3
PEK,-4.9325,4,KRSA,0.9509906152241918,4,OTHER,PEK,GCN2,EIF2AK4
CDK,-5.128333333333333,2,KRSA,0.9760166840458812,4,CMGC,CDK,CDC2,CDK1
CDK,-5.128333333333333,2,KRSA,0.9760166840458812,4,CMGC,CDK,CDK10,CDK10
CDK,-5.128333333333333,2,KRSA,0.9760166840458812,4,CMGC,CDK,CRK7,CDK12
CDK,-5.128333333333333,2,KRSA,0.9760166840458812,4,CMGC,CDK,CRK7,CDK13
CDK,-5.128333333333333,2,KRSA,0.9760166840458812,4,CMGC,CDK,PFTAIRE,CDK14
CDK,-5.128333333333333,2,KRSA,0.9760166840458812,4,CMGC,CDK,PFTAIRE,CDK15
CDK,-5.128333333333333,2,KRSA,0.9760166840458812,4,CMGC,CDK,PCTAIRE,CDK16
CDK,-5.128333333333333,2,KRSA,0.9760166840458812,4,CMGC,CDK,PCTAIRE,CDK17
CDK,-5.128333333333333,2,KRSA,0.9760166840458812,4,CMGC,CDK,PCTAIRE,CDK18
CDK,-5.128333333333333,2,KRSA,0.9760166840458812,4,CMGC,CDK,CDK8,CDK19
CDK,-5.128333333333333,2,KRSA,0.9760166840458812,4,CMGC,CDK,CDC2,CDK2
CDK,-5.128333333333333,2,KRSA,0.9760166840458812,4,CMGC,CDK,CCRK,CDK20
CDK,-5.128333333333333,2,KRSA,0.9760166840458812,4,CMGC,CDK,CDC2,CDK3
CDK,-5.128333333333333,2,KRSA,0.9760166840458812,4,CMGC,CDK,CDK4,CDK4
CDK,-5.128333333333333,2,KRSA,0.9760166840458812,4,CMGC,CDK,CDK5,CDK5
CDK,-5.128333333333333,2,KRSA,0.9760166840458812,4,CMGC,CDK,CDK4,CDK6
CDK,-5.128333333333333,2,KRSA,0.9760166840458812,4,CMGC,CDK,CDK7,CDK7
CDK,-5.128333333333333,2,KRSA,0.9760166840458812,4,CMGC,CDK,CDK8,CDK8
CDK,-5.128333333333333,2,KRSA,0.9760166840458812,4,CMGC,CDK,CDK9,CDK9
CDK,-5.128333333333333,2,KRSA,0.9760166840458812,4,NA,NA,NA,CDK11A
CDK,-5.128333333333333,2,KRSA,0.9760166840458812,4,NA,NA,NA,CDK11B
PKCA,-3.9183333333333334,7,KRSA,0.913451511991658,4,AGC,PKC,ALPHA,PRKCA
PKCA,-3.9183333333333334,7,KRSA,0.913451511991658,4,AGC,PKC,ALPHA,PRKCB
PKCA,-3.9183333333333334,7,KRSA,0.913451511991658,4,AGC,PKC,ALPHA,PRKCG
JNK,-4.211666666666667,6,KRSA,0.9259645464025026,4,CMGC,MAPK,JNK,MAPK10
JNK,-4.211666666666667,6,KRSA,0.9259645464025026,4,CMGC,MAPK,JNK,MAPK8
JNK,-4.211666666666667,6,KRSA,0.9259645464025026,4,CMGC,MAPK,JNK,MAPK9
PDK1,-4.2275,5,KRSA,0.9384775808133472,4,ATYPICAL,PDHK,PDHK,PDK1
PDK1,-4.2275,5,KRSA,0.9384775808133472,4,AGC,PDK1,PDK1,PDPK1
STE7,-2.4058333333333333,13,KRSA,0.8383733055265902,4,STE,STE7,MEK1,MAP2K1
STE7,-2.4058333333333333,13,KRSA,0.8383733055265902,4,STE,STE7,MEK1,MAP2K2
STE7,-2.4058333333333333,13,KRSA,0.8383733055265902,4,STE,STE7,MEK3,MAP2K3
STE7,-2.4058333333333333,13,KRSA,0.8383733055265902,4,STE,STE7,MEK4,MAP2K4
STE7,-2.4058333333333333,13,KRSA,0.8383733055265902,4,STE,STE7,MEK5,MAP2K5
STE7,-2.4058333333333333,13,KRSA,0.8383733055265902,4,STE,STE7,MEK3,MAP2K6
STE7,-2.4058333333333333,13,KRSA,0.8383733055265902,4,STE,STE7,MEK7,MAP2K7
PLK,-3.288333333333333,9,KRSA,0.8884254431699687,4,NA,NA,NA,PLK5
PLK,-3.288333333333333,9,KRSA,0.8884254431699687,4,OTHER,PLK,PLK1,PLK1
PLK,-3.288333333333333,9,KRSA,0.8884254431699687,4,OTHER,PLK,PLK2,PLK2
PLK,-3.288333333333333,9,KRSA,0.8884254431699687,4,OTHER,PLK,PLK2,PLK3
PLK,-3.288333333333333,9,KRSA,0.8884254431699687,4,OTHER,PLK,SAK,PLK4
NMO,-3.2183333333333333,10,KRSA,0.8759124087591241,4,CMGC,MAPK,NMO,NLK
P38,-3.515,8,KRSA,0.9009384775808134,4,CMGC,MAPK,P38,MAPK11
P38,-3.515,8,KRSA,0.9009384775808134,4,CMGC,MAPK,P38,MAPK12
P38,-3.515,8,KRSA,0.9009384775808134,4,CMGC,MAPK,P38,MAPK13
P38,-3.515,8,KRSA,0.9009384775808134,4,CMGC,MAPK,P38,MAPK14
CK1,-1.9908333333333337,16,KRSA,0.8008342022940563,4,CK1,CK1,CK1-A,CSNK1A1
CK1,-1.9908333333333337,16,KRSA,0.8008342022940563,4,CK1,CK1,CK1-A,CSNK1A1L
CK1,-1.9908333333333337,16,KRSA,0.8008342022940563,4,CK1,CK1,CK1-D,CSNK1D
CK1,-1.9908333333333337,16,KRSA,0.8008342022940563,4,CK1,CK1,CK1-D,CSNK1E
CK1,-1.9908333333333337,16,KRSA,0.8008342022940563,4,CK1,CK1,CK1-G,CSNK1G1
CK1,-1.9908333333333337,16,KRSA,0.8008342022940563,4,CK1,CK1,CK1-G,CSNK1G2
CK1,-1.9908333333333337,16,KRSA,0.8008342022940563,4,CK1,CK1,CK1-G,CSNK1G3
CK1,-1.9908333333333337,16,KRSA,0.8008342022940563,4,CK1,TTBK,TTBK,TTBK1
CK1,-1.9908333333333337,16,KRSA,0.8008342022940563,4,CK1,TTBK,TTBK,TTBK2
CK1,-1.9908333333333337,16,KRSA,0.8008342022940563,4,CK1,VRK,VRK,VRK3
LKB,-1.9433333333333336,17,KRSA,0.7883211678832117,4,CAMK,CAMKL,LKB,STK11
MTOR,-2.211666666666667,15,KRSA,0.8133472367049009,4,ATYPICAL,PIKK,FRAP,MTOR
GSK,-1.7775,20,KRSA,0.7507820646506778,4,CMGC,GSK,GSK,GSK3A
GSK,-1.7775,20,KRSA,0.7507820646506778,4,CMGC,GSK,GSK,GSK3B
PKG,2.87,12,KRSA,0.8508863399374348,4,AGC,PKG,PKG,PRKG1
PKG,2.87,12,KRSA,0.8508863399374348,4,AGC,PKG,PKG,PRKG2
PHK,-1.4125,26,KRSA,0.67570385818561,3,CAMK,PHK,PHK,PHKG1
PHK,-1.4125,26,KRSA,0.67570385818561,3,CAMK,PHK,PHK,PHKG2
STE11,-1.2875,32,KRSA,0.6006256517205423,3,TKL,MLK,TAK1,MAP3K7
STE11,-1.2875,32,KRSA,0.6006256517205423,3,STE,STE11,MEKK1,MAP3K1
STE11,-1.2875,32,KRSA,0.6006256517205423,3,STE,STE11,ASK,MAP3K15
STE11,-1.2875,32,KRSA,0.6006256517205423,3,STE,STE11,MEKK2,MAP3K2
STE11,-1.2875,32,KRSA,0.6006256517205423,3,STE,STE11,MEKK2,MAP3K3
STE11,-1.2875,32,KRSA,0.6006256517205423,3,STE,STE11,MEKK4,MAP3K4
STE11,-1.2875,32,KRSA,0.6006256517205423,3,STE,STE11,ASK,MAP3K5
STE11,-1.2875,32,KRSA,0.6006256517205423,3,STE,STE11,ASK,MAP3K6
PKA,2.9483333333333333,11,KRSA,0.8633993743482794,4,AGC,PKA,PKA,PRKACA
PKA,2.9483333333333333,11,KRSA,0.8633993743482794,4,AGC,PKA,PKA,PRKACB
PKA,2.9483333333333333,11,KRSA,0.8633993743482794,4,AGC,PKA,PKA,PRKACG
PKA,2.9483333333333333,11,KRSA,0.8633993743482794,4,AGC,PKA,PKA,PRKX
PKA,2.9483333333333333,11,KRSA,0.8633993743482794,4,AGC,PKA,PKA,PRKY
IKK,-1.5175,23,KRSA,0.7132429614181439,3,OTHER,IKK,IKK,CHUK
IKK,-1.5175,23,KRSA,0.7132429614181439,3,OTHER,IKK,IKK,IKBKB
IKK,-1.5175,23,KRSA,0.7132429614181439,3,OTHER,IKK,IKK,IKBKE
IKK,-1.5175,23,KRSA,0.7132429614181439,3,OTHER,IKK,IKK,TBK1
FRAY,-1.3883333333333334,31,KRSA,0.6131386861313869,3,STE,STE20,FRAY,OXSR1
FRAY,-1.3883333333333334,31,KRSA,0.6131386861313869,3,STE,STE20,FRAY,STK39
PDHK,-0.3375,69,KRSA,0.13764337851929093,1,ATYPICAL,PDHK,BCKDK,BCKDK
PDHK,-0.3375,69,KRSA,0.13764337851929093,1,ATYPICAL,PDHK,PDHK,PDK2
PDHK,-0.3375,69,KRSA,0.13764337851929093,1,ATYPICAL,PDHK,PDHK,PDK3
PDHK,-0.3375,69,KRSA,0.13764337851929093,1,ATYPICAL,PDHK,PDHK,PDK4
TTK,-1.3983333333333334,29,KRSA,0.6381647549530761,3,OTHER,TTK,TTK,TTK
QIK,-1.7666666666666666,21,KRSA,0.7382690302398331,3,CAMK,CAMKL,QIK,SIK1
QIK,-1.7666666666666666,21,KRSA,0.7382690302398331,3,CAMK,CAMKL,QIK,SIK2
CAMK1,2.3716666666666666,14,KRSA,0.8258602711157456,4,CAMK,CAMK1,CAMK1,CAMK1
CAMK1,2.3716666666666666,14,KRSA,0.8258602711157456,4,CAMK,CAMK1,CAMK1,CAMK1D
CAMK1,2.3716666666666666,14,KRSA,0.8258602711157456,4,CAMK,CAMK1,CAMK1,CAMK1G
CAMK1,2.3716666666666666,14,KRSA,0.8258602711157456,4,CAMK,CAMK1,CAMK1,CAMK4
CAMK1,2.3716666666666666,14,KRSA,0.8258602711157456,4,CAMK,CAMK1,CAMK1,PNCK
NUAK,-1.3966666666666667,30,KRSA,0.6256517205422315,3,CAMK,CAMKL,NUAK,NUAK1
NUAK,-1.3966666666666667,30,KRSA,0.6256517205422315,3,CAMK,CAMKL,NUAK,NUAK2
NEK,-1.080833333333333,37,KRSA,0.5380604796663191,3,OTHER,NEK,NEK11,NEK11
NEK,-1.080833333333333,37,KRSA,0.5380604796663191,3,OTHER,NEK,NEK2,NEK2
NEK,-1.080833333333333,37,KRSA,0.5380604796663191,3,OTHER,NEK,NEK1,NEK3
NEK,-1.080833333333333,37,KRSA,0.5380604796663191,3,OTHER,NEK,NEK4,NEK4
NEK,-1.080833333333333,37,KRSA,0.5380604796663191,3,OTHER,NEK,NEK1,NEK5
NEK,-1.080833333333333,37,KRSA,0.5380604796663191,3,OTHER,NEK,NEK6,NEK6
NEK,-1.080833333333333,37,KRSA,0.5380604796663191,3,OTHER,NEK,NEK6,NEK7
NEK,-1.080833333333333,37,KRSA,0.5380604796663191,3,OTHER,NEK,NEK8,NEK8
NEK,-1.080833333333333,37,KRSA,0.5380604796663191,3,OTHER,NEK,NEK8,NEK9
TLK,-1.4058333333333333,28,KRSA,0.6506777893639207,3,OTHER,TLK,TLK,TLK1
TLK,-1.4058333333333333,28,KRSA,0.6506777893639207,3,OTHER,TLK,TLK,TLK2
IRAK,-1.0275,40,KRSA,0.5005213764337852,3,TKL,IRAK,IRAK,IRAK1
IRAK,-1.0275,40,KRSA,0.5005213764337852,3,TKL,IRAK,IRAK,IRAK2
IRAK,-1.0275,40,KRSA,0.5005213764337852,3,TKL,IRAK,IRAK,IRAK3
IRAK,-1.0275,40,KRSA,0.5005213764337852,3,TKL,IRAK,IRAK,IRAK4
PKCI,1.5158333333333334,24,KRSA,0.7007299270072993,3,AGC,PKC,IOTA,PRKCI
PKCI,1.5158333333333334,24,KRSA,0.7007299270072993,3,AGC,PKC,IOTA,PRKCZ
SGK,0.4725,67,KRSA,0.16266944734098018,1,AGC,SGK,SGK,SGK1
SGK,0.4725,67,KRSA,0.16266944734098018,1,AGC,SGK,SGK,SGK2
SGK,0.4725,67,KRSA,0.16266944734098018,1,AGC,SGK,SGK,SGK3
RAF,-1.9416666666666669,18,KRSA,0.7758081334723671,4,TKL,RAF,RAF,ARAF
RAF,-1.9416666666666669,18,KRSA,0.7758081334723671,4,TKL,RAF,RAF,BRAF
RAF,-1.9416666666666669,18,KRSA,0.7758081334723671,4,TKL,RAF,KSR,KSR1
RAF,-1.9416666666666669,18,KRSA,0.7758081334723671,4,TKL,RAF,KSR,KSR2
RAF,-1.9416666666666669,18,KRSA,0.7758081334723671,4,TKL,RAF,RAF,RAF1
ATM,-0.9208333333333334,52,KRSA,0.35036496350364965,2,ATYPICAL,PIKK,ATM,ATM
MST,-1.8283333333333336,19,KRSA,0.7632950990615224,4,STE,STE20,MST,STK3
MST,-1.8283333333333336,19,KRSA,0.7632950990615224,4,STE,STE20,MST,STK4
CK2,-0.5483333333333333,63,KRSA,0.2127215849843587,1,CMGC,CK2,CK2,CSNK2A1
CK2,-0.5483333333333333,63,KRSA,0.2127215849843587,1,CMGC,CK2,CK2,CSNK2A2
CK2,-0.5483333333333333,63,KRSA,0.2127215849843587,1,NA,NA,NA,CSNK2A3
DMPK,-0.9541666666666668,49,KRSA,0.38790406673618355,2,AGC,DMPK,GEK,CDC42BPA
DMPK,-0.9541666666666668,49,KRSA,0.38790406673618355,2,AGC,DMPK,GEK,CDC42BPB
DMPK,-0.9541666666666668,49,KRSA,0.38790406673618355,2,AGC,DMPK,GEK,CDC42BPG
DMPK,-0.9541666666666668,49,KRSA,0.38790406673618355,2,AGC,DMPK,CRIK,CIT
DMPK,-0.9541666666666668,49,KRSA,0.38790406673618355,2,AGC,DMPK,GEK,DMPK
DMPK,-0.9541666666666668,49,KRSA,0.38790406673618355,2,AGC,DMPK,ROCK,ROCK1
DMPK,-0.9541666666666668,49,KRSA,0.38790406673618355,2,AGC,DMPK,ROCK,ROCK2
COT,0.8758333333333332,53,KRSA,0.337851929092805,2,STE,STE-UNIQUE,STE-UNIQUE,MAP3K8
ATR,-1.6733333333333331,22,KRSA,0.7257559958289885,3,ATYPICAL,PIKK,ATR,ATR
MSN,1.2175,33,KRSA,0.5881126173096975,3,STE,STE20,MSN,MAP4K4
MSN,1.2175,33,KRSA,0.5881126173096975,3,STE,STE20,MSN,NRK
MSN,1.2175,33,KRSA,0.5881126173096975,3,STE,STE20,MSN,TNIK
CLK,-0.9783333333333334,45,KRSA,0.43795620437956206,2,CMGC,CLK,CLK,CLK1
CLK,-0.9783333333333334,45,KRSA,0.43795620437956206,2,CMGC,CLK,CLK,CLK2
CLK,-0.9783333333333334,45,KRSA,0.43795620437956206,2,CMGC,CLK,CLK,CLK3
CLK,-0.9783333333333334,45,KRSA,0.43795620437956206,2,CMGC,CLK,CLK,CLK4
CAMKK,-0.985,44,KRSA,0.4504692387904067,2,OTHER,CAMKK,META,CAMKK1
CAMKK,-0.985,44,KRSA,0.4504692387904067,2,OTHER,CAMKK,META,CAMKK2
BUD32,-0.9875,42,KRSA,0.4754953076120959,2,OTHER,BUD32,BUD32,TP53RK
RAD53,1.0466666666666666,39,KRSA,0.5130344108446299,3,CAMK,RAD53,RAD53,CHEK2
NIK,-0.9858333333333332,43,KRSA,0.4629822732012513,2,STE,STE-UNIQUE,STE-UNIQUE,MAP3K14
MOS,-0.9941666666666666,41,KRSA,0.4880083420229406,2,OTHER,MOS,MOS,MOS
WNK,-0.9766666666666668,47,KRSA,0.4129301355578728,2,OTHER,WNK,WNK,WNK1
WNK,-0.9766666666666668,47,KRSA,0.4129301355578728,2,OTHER,WNK,WNK,WNK2
WNK,-0.9766666666666668,47,KRSA,0.4129301355578728,2,OTHER,WNK,WNK,WNK3
WNK,-0.9766666666666668,47,KRSA,0.4129301355578728,2,OTHER,WNK,WNK,WNK4
ULK,-0.9775,46,KRSA,0.4254431699687174,2,OTHER,ULK,FUSED,STK36
ULK,-0.9775,46,KRSA,0.4254431699687174,2,OTHER,ULK,ULK,ULK1
ULK,-0.9775,46,KRSA,0.4254431699687174,2,OTHER,ULK,ULK,ULK2
ULK,-0.9775,46,KRSA,0.4254431699687174,2,OTHER,ULK,ULK,ULK3
ULK,-0.9775,46,KRSA,0.4254431699687174,2,OTHER,ULK,ULK,ULK4
CAMK2,0.1883333333333333,73,KRSA,0.08759124087591241,1,CAMK,CAMK2,CAMK2,CAMK2A
CAMK2,0.1883333333333333,73,KRSA,0.08759124087591241,1,CAMK,CAMK2,CAMK2,CAMK2B
CAMK2,0.1883333333333333,73,KRSA,0.08759124087591241,1,CAMK,CAMK2,CAMK2,CAMK2D
CAMK2,0.1883333333333333,73,KRSA,0.08759124087591241,1,CAMK,CAMK2,CAMK2,CAMK2G
NDR,-0.9366666666666666,51,KRSA,0.36287799791449427,2,AGC,NDR,NDR,LATS1
NDR,-0.9366666666666666,51,KRSA,0.36287799791449427,2,AGC,NDR,NDR,LATS2
NDR,-0.9366666666666666,51,KRSA,0.36287799791449427,2,AGC,NDR,NDR,STK38
NDR,-0.9366666666666666,51,KRSA,0.36287799791449427,2,AGC,NDR,NDR,STK38L
PRKDC,-1.485,25,KRSA,0.6882168925964547,3,ATYPICAL,PIKK,DNAPK,PRKDC
PIM,0.7675,55,KRSA,0.31282586027111575,2,CAMK,PIM,PIM,PIM1
PIM,0.7675,55,KRSA,0.31282586027111575,2,CAMK,PIM,PIM,PIM2
PIM,0.7675,55,KRSA,0.31282586027111575,2,CAMK,PIM,PIM,PIM3
HAL,0.7308333333333333,57,KRSA,0.28779979144942647,2,RGC,RGC,RGC,NPR1
PAKB,-0.15333333333333332,75,KRSA,0.06256517205422316,1,STE,STE20,PAKB,PAK4
PAKB,-0.15333333333333332,75,KRSA,0.06256517205422316,1,STE,STE20,PAKB,PAK5
PAKB,-0.15333333333333332,75,KRSA,0.06256517205422316,1,STE,STE20,PAKB,PAK6
AMPK,1.4116666666666666,27,KRSA,0.6631908237747653,3,CAMK,CAMKL,AMPK,PRKAA1
AMPK,1.4116666666666666,27,KRSA,0.6631908237747653,3,CAMK,CAMKL,AMPK,PRKAA2
PKCD,1.0625,38,KRSA,0.5255474452554745,3,AGC,PKC,DELTA,PRKCD
PKCD,1.0625,38,KRSA,0.5255474452554745,3,AGC,PKC,DELTA,PRKCQ
PKCH,-0.7041666666666667,59,KRSA,0.26277372262773724,2,AGC,PKC,ETA,PRKCE
PKCH,-0.7041666666666667,59,KRSA,0.26277372262773724,2,AGC,PKC,ETA,PRKCH
CHK1,0.6325,61,KRSA,0.23774765380604795,1,CAMK,CAMKL,CHK1,CHEK1
DAPK,-1.0841666666666667,36,KRSA,0.5505735140771637,3,CAMK,DAPK,DAPK,DAPK1
DAPK,-1.0841666666666667,36,KRSA,0.5505735140771637,3,CAMK,DAPK,DAPK,DAPK2
DAPK,-1.0841666666666667,36,KRSA,0.5505735140771637,3,CAMK,DAPK,DAPK,DAPK3
DAPK,-1.0841666666666667,36,KRSA,0.5505735140771637,3,CAMK,DAPK,DRAK,STK17A
DAPK,-1.0841666666666667,36,KRSA,0.5505735140771637,3,CAMK,DAPK,DRAK,STK17B
RSK,0.7483333333333333,56,KRSA,0.30031282586027114,2,AGC,RSK,RSK,RPS6KA1
RSK,0.7483333333333333,56,KRSA,0.30031282586027114,2,AGC,RSK,RSK,RPS6KA2
RSK,0.7483333333333333,56,KRSA,0.30031282586027114,2,AGC,RSK,RSK,RPS6KA3
RSK,0.7483333333333333,56,KRSA,0.30031282586027114,2,AGC,RSK,MSK,RPS6KA4
RSK,0.7483333333333333,56,KRSA,0.30031282586027114,2,AGC,RSK,MSK,RPS6KA5
RSK,0.7483333333333333,56,KRSA,0.30031282586027114,2,AGC,RSK,RSK,RPS6KA6
RSK,0.7483333333333333,56,KRSA,0.30031282586027114,2,AGC,RSK,P70,RPS6KB1
RSK,0.7483333333333333,56,KRSA,0.30031282586027114,2,AGC,RSK,P70,RPS6KB2
PASK,1.1358333333333333,35,KRSA,0.5630865484880083,3,CAMK,CAMKL,PASK,PASK
SLK,0.5891666666666667,62,KRSA,0.22523461939520334,1,STE,STE20,SLK,SLK
SLK,0.5891666666666667,62,KRSA,0.22523461939520334,1,STE,STE20,SLK,STK10
BRSK,-0.27499999999999997,71,KRSA,0.11261730969760167,1,CAMK,CAMKL,BRSK,BRSK1
BRSK,-0.27499999999999997,71,KRSA,0.11261730969760167,1,CAMK,CAMKL,BRSK,BRSK2
KHS,0.9475,50,KRSA,0.3753910323253389,2,STE,STE20,KHS,MAP4K1
KHS,0.9475,50,KRSA,0.3753910323253389,2,STE,STE20,KHS,MAP4K2
KHS,0.9475,50,KRSA,0.3753910323253389,2,STE,STE20,KHS,MAP4K3
KHS,0.9475,50,KRSA,0.3753910323253389,2,STE,STE20,KHS,MAP4K5
TAO,0.425,68,KRSA,0.15015641293013557,1,STE,STE20,TAO,TAOK1
TAO,0.425,68,KRSA,0.15015641293013557,1,STE,STE20,TAO,TAOK2
TAO,0.425,68,KRSA,0.15015641293013557,1,STE,STE20,TAO,TAOK3
MLCK,-0.13166666666666663,78,KRSA,0.02502606882168926,1,CAMK,MLCK,MLCK,MYLK
MLCK,-0.13166666666666663,78,KRSA,0.02502606882168926,1,CAMK,MLCK,MLCK,MYLK2
MLCK,-0.13166666666666663,78,KRSA,0.02502606882168926,1,CAMK,MLCK,MLCK,TTN
PKD,0.9641666666666666,48,KRSA,0.40041710114702816,2,CAMK,PKD,PKD,PRKD1
PKD,0.9641666666666666,48,KRSA,0.40041710114702816,2,CAMK,PKD,PKD,PRKD2
PKD,0.9641666666666666,48,KRSA,0.40041710114702816,2,CAMK,PKD,PKD,PRKD3
STKR,0.1125,79,KRSA,0.01251303441084463,1,TKL,STKR,TYPE1,ACVR1
STKR,0.1125,79,KRSA,0.01251303441084463,1,TKL,STKR,TYPE1,ACVR1B
STKR,0.1125,79,KRSA,0.01251303441084463,1,TKL,STKR,TYPE1,ACVR1C
STKR,0.1125,79,KRSA,0.01251303441084463,1,TKL,STKR,TYPE2,ACVR2A
STKR,0.1125,79,KRSA,0.01251303441084463,1,TKL,STKR,TYPE2,ACVR2B
STKR,0.1125,79,KRSA,0.01251303441084463,1,TKL,STKR,TYPE1,ACVRL1
STKR,0.1125,79,KRSA,0.01251303441084463,1,TKL,STKR,TYPE2,AMHR2
STKR,0.1125,79,KRSA,0.01251303441084463,1,TKL,STKR,TYPE1,BMPR1A
STKR,0.1125,79,KRSA,0.01251303441084463,1,TKL,STKR,TYPE1,BMPR1B
STKR,0.1125,79,KRSA,0.01251303441084463,1,TKL,STKR,TYPE2,BMPR2
STKR,0.1125,79,KRSA,0.01251303441084463,1,TKL,STKR,TYPE1,TGFBR1
STKR,0.1125,79,KRSA,0.01251303441084463,1,TKL,STKR,TYPE2,TGFBR2
NAK,-0.17166666666666666,74,KRSA,0.07507820646506778,1,OTHER,NAK,BIKE,AAK1
NAK,-0.17166666666666666,74,KRSA,0.07507820646506778,1,OTHER,NAK,BIKE,BMP2K
NAK,-0.17166666666666666,74,KRSA,0.07507820646506778,1,OTHER,NAK,GAK,GAK
NAK,-0.17166666666666666,74,KRSA,0.07507820646506778,1,OTHER,NAK,MPSK,STK16
PKN,-0.5433333333333333,64,KRSA,0.20020855057351408,1,AGC,PKN,PKN,PKN1
PKN,-0.5433333333333333,64,KRSA,0.20020855057351408,1,AGC,PKN,PKN,PKN2
PKN,-0.5433333333333333,64,KRSA,0.20020855057351408,1,AGC,PKN,PKN,PKN3
MLK,-0.5291666666666667,65,KRSA,0.18769551616266944,1,TKL,MLK,ILK,ILK
MLK,-0.5291666666666667,65,KRSA,0.18769551616266944,1,TKL,MLK,MLK,MAP3K10
MLK,-0.5291666666666667,65,KRSA,0.18769551616266944,1,TKL,MLK,MLK,MAP3K11
MLK,-0.5291666666666667,65,KRSA,0.18769551616266944,1,TKL,MLK,LZK,MAP3K12
MLK,-0.5291666666666667,65,KRSA,0.18769551616266944,1,TKL,MLK,LZK,MAP3K13
MLK,-0.5291666666666667,65,KRSA,0.18769551616266944,1,TKL,MLK,MLK,MAP3K9
MLK,-0.5291666666666667,65,KRSA,0.18769551616266944,1,TKL,MLK,HH498,TNNI3K
RIPK,0.1508333333333333,76,KRSA,0.05005213764337852,1,TKL,RIPK,RIPK,ANKK1
RIPK,0.1508333333333333,76,KRSA,0.05005213764337852,1,TKL,RIPK,RIPK,RIPK1
RIPK,0.1508333333333333,76,KRSA,0.05005213764337852,1,TKL,RIPK,RIPK,RIPK2
RIPK,0.1508333333333333,76,KRSA,0.05005213764337852,1,TKL,RIPK,RIPK,RIPK3
RIPK,0.1508333333333333,76,KRSA,0.05005213764337852,1,TKL,RIPK,RIPK,RIPK4
VRK1,-1.1908333333333334,34,KRSA,0.5755995828988529,3,CK1,VRK,VRK,VRK1
MAPKAPK,0.2683333333333333,72,KRSA,0.10010427528675704,1,CAMK,MAPKAPK,MAPKAPK,MAPKAPK2
MAPKAPK,0.2683333333333333,72,KRSA,0.10010427528675704,1,CAMK,MAPKAPK,MAPKAPK,MAPKAPK3
MAPKAPK,0.2683333333333333,72,KRSA,0.10010427528675704,1,CAMK,MAPKAPK,MAPKAPK,MAPKAPK5
MAPKAPK,0.2683333333333333,72,KRSA,0.10010427528675704,1,CAMK,MAPKAPK,MNK,MKNK1
MAPKAPK,0.2683333333333333,72,KRSA,0.10010427528675704,1,CAMK,MAPKAPK,MNK,MKNK2
AKT,-0.29333333333333333,70,KRSA,0.1251303441084463,1,AGC,AKT,AKT,AKT1
AKT,-0.29333333333333333,70,KRSA,0.1251303441084463,1,AGC,AKT,AKT,AKT2
AKT,-0.29333333333333333,70,KRSA,0.1251303441084463,1,AGC,AKT,AKT,AKT3
MELK,-0.6616666666666667,60,KRSA,0.2502606882168926,2,CAMK,CAMKL,MELK,MELK
AUR,0.04416666666666667,80,KRSA,0,1,OTHER,AUR,AUR,AURKA
AUR,0.04416666666666667,80,KRSA,0,1,OTHER,AUR,AUR,AURKB
AUR,0.04416666666666667,80,KRSA,0,1,OTHER,AUR,AUR,AURKC
PAKA,0.8591666666666667,54,KRSA,0.32533889468196037,2,STE,STE20,PAKA,PAK1
PAKA,0.8591666666666667,54,KRSA,0.32533889468196037,2,STE,STE20,PAKA,PAK2
PAKA,0.8591666666666667,54,KRSA,0.32533889468196037,2,STE,STE20,PAKA,PAK3
BARK2,-0.4875,66,KRSA,0.17518248175182483,1,AGC,GRK,BARK,GRK3
GRK,0.14583333333333331,77,KRSA,0.03753910323253389,1,AGC,GRK,GRK,GRK1
GRK,0.14583333333333331,77,KRSA,0.03753910323253389,1,AGC,GRK,GRK,GRK4
GRK,0.14583333333333331,77,KRSA,0.03753910323253389,1,AGC,GRK,GRK,GRK5
GRK,0.14583333333333331,77,KRSA,0.03753910323253389,1,AGC,GRK,GRK,GRK6
GRK,0.14583333333333331,77,KRSA,0.03753910323253389,1,AGC,GRK,GRK,GRK7
ERK,-5.575,1,KRSA,0.9885297184567258,4,CMGC,MAPK,ERK1,MAPK1
ERK,-5.575,1,KRSA,0.9885297184567258,4,CMGC,MAPK,ERK7,MAPK15
ERK,-5.575,1,KRSA,0.9885297184567258,4,CMGC,MAPK,ERK1,MAPK3
ERK,-5.575,1,KRSA,0.9885297184567258,4,CMGC,MAPK,ERK3,MAPK4
ERK,-5.575,1,KRSA,0.9885297184567258,4,CMGC,MAPK,ERK3,MAPK6
ERK,-5.575,1,KRSA,0.9885297184567258,4,CMGC,MAPK,ERK5,MAPK7
DYRK,-5.0325,3,KRSA,0.9635036496350365,4,CMGC,DYRK,DYRK1,DYRK1A
DYRK,-5.0325,3,KRSA,0.9635036496350365,4,CMGC,DYRK,DYRK1,DYRK1B
DYRK,-5.0325,3,KRSA,0.9635036496350365,4,CMGC,DYRK,DYRK2,DYRK2
DYRK,-5.0325,3,KRSA,0.9635036496350365,4,CMGC,DYRK,DYRK2,DYRK3
DYRK,-5.0325,3,KRSA,0.9635036496350365,4,CMGC,DYRK,DYRK2,DYRK4
DYRK,-5.0325,3,KRSA,0.9635036496350365,4,CMGC,DYRK,HIPK,HIPK1
DYRK,-5.0325,3,KRSA,0.9635036496350365,4,CMGC,DYRK,HIPK,HIPK2
DYRK,-5.0325,3,KRSA,0.9635036496350365,4,CMGC,DYRK,HIPK,HIPK3
DYRK,-5.0325,3,KRSA,0.9635036496350365,4,CMGC,DYRK,HIPK,HIPK4
DYRK,-5.0325,3,KRSA,0.9635036496350365,4,CMGC,DYRK,PRP4,PRPF4B
PEK,-4.9325,4,KRSA,0.9509906152241918,4,OTHER,PEK,HRI,EIF2AK1
PEK,-4.9325,4,KRSA,0.9509906152241918,4,OTHER,PEK,PKR,EIF2AK2
PEK,-4.9325,4,KRSA,0.9509906152241918,4,OTHER,PEK,PEK,EIF2AK3
PEK,-4.9325,4,KRSA,0.9509906152241918,4,OTHER,PEK,GCN2,EIF2AK4
CDK,-5.128333333333333,2,KRSA,0.9760166840458812,4,CMGC,CDK,CDC2,CDK1
CDK,-5.128333333333333,2,KRSA,0.9760166840458812,4,CMGC,CDK,CDK10,CDK10
CDK,-5.128333333333333,2,KRSA,0.9760166840458812,4,CMGC,CDK,CRK7,CDK12
CDK,-5.128333333333333,2,KRSA,0.9760166840458812,4,CMGC,CDK,CRK7,CDK13
CDK,-5.128333333333333,2,KRSA,0.9760166840458812,4,CMGC,CDK,PFTAIRE,CDK14
CDK,-5.128333333333333,2,KRSA,0.9760166840458812,4,CMGC,CDK,PFTAIRE,CDK15
CDK,-5.128333333333333,2,KRSA,0.9760166840458812,4,CMGC,CDK,PCTAIRE,CDK16
CDK,-5.128333333333333,2,KRSA,0.9760166840458812,4,CMGC,CDK,PCTAIRE,CDK17
CDK,-5.128333333333333,2,KRSA,0.9760166840458812,4,CMGC,CDK,PCTAIRE,CDK18
CDK,-5.128333333333333,2,KRSA,0.9760166840458812,4,CMGC,CDK,CDK8,CDK19
CDK,-5.128333333333333,2,KRSA,0.9760166840458812,4,CMGC,CDK,CDC2,CDK2
CDK,-5.128333333333333,2,KRSA,0.9760166840458812,4,CMGC,CDK,CCRK,CDK20
CDK,-5.128333333333333,2,KRSA,0.9760166840458812,4,CMGC,CDK,CDC2,CDK3
CDK,-5.128333333333333,2,KRSA,0.9760166840458812,4,CMGC,CDK,CDK4,CDK4
CDK,-5.128333333333333,2,KRSA,0.9760166840458812,4,CMGC,CDK,CDK5,CDK5
CDK,-5.128333333333333,2,KRSA,0.9760166840458812,4,CMGC,CDK,CDK4,CDK6
CDK,-5.128333333333333,2,KRSA,0.9760166840458812,4,CMGC,CDK,CDK7,CDK7
CDK,-5.128333333333333,2,KRSA,0.9760166840458812,4,CMGC,CDK,CDK8,CDK8
CDK,-5.128333333333333,2,KRSA,0.9760166840458812,4,CMGC,CDK,CDK9,CDK9
CDK,-5.128333333333333,2,KRSA,0.9760166840458812,4,NA,NA,NA,CDK11A
CDK,-5.128333333333333,2,KRSA,0.9760166840458812,4,NA,NA,NA,CDK11B
PKCA,-3.9183333333333334,7,KRSA,0.913451511991658,4,AGC,PKC,ALPHA,PRKCA
PKCA,-3.9183333333333334,7,KRSA,0.913451511991658,4,AGC,PKC,ALPHA,PRKCB
PKCA,-3.9183333333333334,7,KRSA,0.913451511991658,4,AGC,PKC,ALPHA,PRKCG
PDK1,-4.2275,5,KRSA,0.9384775808133472,4,ATYPICAL,PDHK,PDHK,PDK1
PDK1,-4.2275,5,KRSA,0.9384775808133472,4,AGC,PDK1,PDK1,PDPK1
JNK,-4.211666666666667,6,KRSA,0.9259645464025026,4,CMGC,MAPK,JNK,MAPK10
JNK,-4.211666666666667,6,KRSA,0.9259645464025026,4,CMGC,MAPK,JNK,MAPK8
JNK,-4.211666666666667,6,KRSA,0.9259645464025026,4,CMGC,MAPK,JNK,MAPK9
NMO,-3.2183333333333333,10,KRSA,0.8759124087591241,4,CMGC,MAPK,NMO,NLK
STE7,-2.4058333333333333,13,KRSA,0.8383733055265902,4,STE,STE7,MEK1,MAP2K1
STE7,-2.4058333333333333,13,KRSA,0.8383733055265902,4,STE,STE7,MEK1,MAP2K2
STE7,-2.4058333333333333,13,KRSA,0.8383733055265902,4,STE,STE7,MEK3,MAP2K3
STE7,-2.4058333333333333,13,KRSA,0.8383733055265902,4,STE,STE7,MEK4,MAP2K4
STE7,-2.4058333333333333,13,KRSA,0.8383733055265902,4,STE,STE7,MEK5,MAP2K5
STE7,-2.4058333333333333,13,KRSA,0.8383733055265902,4,STE,STE7,MEK3,MAP2K6
STE7,-2.4058333333333333,13,KRSA,0.8383733055265902,4,STE,STE7,MEK7,MAP2K7
PKA,2.9483333333333333,11,KRSA,0.8633993743482794,4,AGC,PKA,PKA,PRKACA
PKA,2.9483333333333333,11,KRSA,0.8633993743482794,4,AGC,PKA,PKA,PRKACB
PKA,2.9483333333333333,11,KRSA,0.8633993743482794,4,AGC,PKA,PKA,PRKACG
PKA,2.9483333333333333,11,KRSA,0.8633993743482794,4,AGC,PKA,PKA,PRKX
PKA,2.9483333333333333,11,KRSA,0.8633993743482794,4,AGC,PKA,PKA,PRKY
PLK,-3.288333333333333,9,KRSA,0.8884254431699687,4,NA,NA,NA,PLK5
PLK,-3.288333333333333,9,KRSA,0.8884254431699687,4,OTHER,PLK,PLK1,PLK1
PLK,-3.288333333333333,9,KRSA,0.8884254431699687,4,OTHER,PLK,PLK2,PLK2
PLK,-3.288333333333333,9,KRSA,0.8884254431699687,4,OTHER,PLK,PLK2,PLK3
PLK,-3.288333333333333,9,KRSA,0.8884254431699687,4,OTHER,PLK,SAK,PLK4
PKG,2.87,12,KRSA,0.8508863399374348,4,AGC,PKG,PKG,PRKG1
PKG,2.87,12,KRSA,0.8508863399374348,4,AGC,PKG,PKG,PRKG2
P38,-3.515,8,KRSA,0.9009384775808134,4,CMGC,MAPK,P38,MAPK11
P38,-3.515,8,KRSA,0.9009384775808134,4,CMGC,MAPK,P38,MAPK12
P38,-3.515,8,KRSA,0.9009384775808134,4,CMGC,MAPK,P38,MAPK13
P38,-3.515,8,KRSA,0.9009384775808134,4,CMGC,MAPK,P38,MAPK14
CAMK1,2.3716666666666666,14,KRSA,0.8258602711157456,4,CAMK,CAMK1,CAMK1,CAMK1
CAMK1,2.3716666666666666,14,KRSA,0.8258602711157456,4,CAMK,CAMK1,CAMK1,CAMK1D
CAMK1,2.3716666666666666,14,KRSA,0.8258602711157456,4,CAMK,CAMK1,CAMK1,CAMK1G
CAMK1,2.3716666666666666,14,KRSA,0.8258602711157456,4,CAMK,CAMK1,CAMK1,CAMK4
CAMK1,2.3716666666666666,14,KRSA,0.8258602711157456,4,CAMK,CAMK1,CAMK1,PNCK
GSK,-1.7775,20,KRSA,0.7507820646506778,4,CMGC,GSK,GSK,GSK3A
GSK,-1.7775,20,KRSA,0.7507820646506778,4,CMGC,GSK,GSK,GSK3B
CK1,-1.9908333333333337,16,KRSA,0.8008342022940563,4,CK1,CK1,CK1-A,CSNK1A1
CK1,-1.9908333333333337,16,KRSA,0.8008342022940563,4,CK1,CK1,CK1-A,CSNK1A1L
CK1,-1.9908333333333337,16,KRSA,0.8008342022940563,4,CK1,CK1,CK1-D,CSNK1D
CK1,-1.9908333333333337,16,KRSA,0.8008342022940563,4,CK1,CK1,CK1-D,CSNK1E
CK1,-1.9908333333333337,16,KRSA,0.8008342022940563,4,CK1,CK1,CK1-G,CSNK1G1
CK1,-1.9908333333333337,16,KRSA,0.8008342022940563,4,CK1,CK1,CK1-G,CSNK1G2
CK1,-1.9908333333333337,16,KRSA,0.8008342022940563,4,CK1,CK1,CK1-G,CSNK1G3
CK1,-1.9908333333333337,16,KRSA,0.8008342022940563,4,CK1,TTBK,TTBK,TTBK1
CK1,-1.9908333333333337,16,KRSA,0.8008342022940563,4,CK1,TTBK,TTBK,TTBK2
CK1,-1.9908333333333337,16,KRSA,0.8008342022940563,4,CK1,VRK,VRK,VRK3
MTOR,-2.211666666666667,15,KRSA,0.8133472367049009,4,ATYPICAL,PIKK,FRAP,MTOR
LKB,-1.9433333333333336,17,KRSA,0.7883211678832117,4,CAMK,CAMKL,LKB,STK11
SGK,0.4725,67,KRSA,0.16266944734098018,1,AGC,SGK,SGK,SGK1
SGK,0.4725,67,KRSA,0.16266944734098018,1,AGC,SGK,SGK,SGK2
SGK,0.4725,67,KRSA,0.16266944734098018,1,AGC,SGK,SGK,SGK3
PKCI,1.5158333333333334,24,KRSA,0.7007299270072993,3,AGC,PKC,IOTA,PRKCI
PKCI,1.5158333333333334,24,KRSA,0.7007299270072993,3,AGC,PKC,IOTA,PRKCZ
STE11,-1.2875,32,KRSA,0.6006256517205423,3,TKL,MLK,TAK1,MAP3K7
STE11,-1.2875,32,KRSA,0.6006256517205423,3,STE,STE11,MEKK1,MAP3K1
STE11,-1.2875,32,KRSA,0.6006256517205423,3,STE,STE11,ASK,MAP3K15
STE11,-1.2875,32,KRSA,0.6006256517205423,3,STE,STE11,MEKK2,MAP3K2
STE11,-1.2875,32,KRSA,0.6006256517205423,3,STE,STE11,MEKK2,MAP3K3
STE11,-1.2875,32,KRSA,0.6006256517205423,3,STE,STE11,MEKK4,MAP3K4
STE11,-1.2875,32,KRSA,0.6006256517205423,3,STE,STE11,ASK,MAP3K5
STE11,-1.2875,32,KRSA,0.6006256517205423,3,STE,STE11,ASK,MAP3K6
IRAK,-1.0275,40,KRSA,0.5005213764337852,3,TKL,IRAK,IRAK,IRAK1
IRAK,-1.0275,40,KRSA,0.5005213764337852,3,TKL,IRAK,IRAK,IRAK2
IRAK,-1.0275,40,KRSA,0.5005213764337852,3,TKL,IRAK,IRAK,IRAK3
IRAK,-1.0275,40,KRSA,0.5005213764337852,3,TKL,IRAK,IRAK,IRAK4
AMPK,1.4116666666666666,27,KRSA,0.6631908237747653,3,CAMK,CAMKL,AMPK,PRKAA1
AMPK,1.4116666666666666,27,KRSA,0.6631908237747653,3,CAMK,CAMKL,AMPK,PRKAA2
IKK,-1.5175,23,KRSA,0.7132429614181439,3,OTHER,IKK,IKK,CHUK
IKK,-1.5175,23,KRSA,0.7132429614181439,3,OTHER,IKK,IKK,IKBKB
IKK,-1.5175,23,KRSA,0.7132429614181439,3,OTHER,IKK,IKK,IKBKE
IKK,-1.5175,23,KRSA,0.7132429614181439,3,OTHER,IKK,IKK,TBK1
RAD53,1.0466666666666666,39,KRSA,0.5130344108446299,3,CAMK,RAD53,RAD53,CHEK2
CK2,-0.5483333333333333,63,KRSA,0.2127215849843587,1,CMGC,CK2,CK2,CSNK2A1
CK2,-0.5483333333333333,63,KRSA,0.2127215849843587,1,CMGC,CK2,CK2,CSNK2A2
CK2,-0.5483333333333333,63,KRSA,0.2127215849843587,1,NA,NA,NA,CSNK2A3
PKCH,-0.7041666666666667,59,KRSA,0.26277372262773724,2,AGC,PKC,ETA,PRKCE
PKCH,-0.7041666666666667,59,KRSA,0.26277372262773724,2,AGC,PKC,ETA,PRKCH
TLK,-1.4058333333333333,28,KRSA,0.6506777893639207,3,OTHER,TLK,TLK,TLK1
TLK,-1.4058333333333333,28,KRSA,0.6506777893639207,3,OTHER,TLK,TLK,TLK2
TTK,-1.3983333333333334,29,KRSA,0.6381647549530761,3,OTHER,TTK,TTK,TTK
FRAY,-1.3883333333333334,31,KRSA,0.6131386861313869,3,STE,STE20,FRAY,OXSR1
FRAY,-1.3883333333333334,31,KRSA,0.6131386861313869,3,STE,STE20,FRAY,STK39
NUAK,-1.3966666666666667,30,KRSA,0.6256517205422315,3,CAMK,CAMKL,NUAK,NUAK1
NUAK,-1.3966666666666667,30,KRSA,0.6256517205422315,3,CAMK,CAMKL,NUAK,NUAK2
RAF,-1.9416666666666669,18,KRSA,0.7758081334723671,4,TKL,RAF,RAF,ARAF
RAF,-1.9416666666666669,18,KRSA,0.7758081334723671,4,TKL,RAF,RAF,BRAF
RAF,-1.9416666666666669,18,KRSA,0.7758081334723671,4,TKL,RAF,KSR,KSR1
RAF,-1.9416666666666669,18,KRSA,0.7758081334723671,4,TKL,RAF,KSR,KSR2
RAF,-1.9416666666666669,18,KRSA,0.7758081334723671,4,TKL,RAF,RAF,RAF1
PAKA,0.8591666666666667,54,KRSA,0.32533889468196037,2,STE,STE20,PAKA,PAK1
PAKA,0.8591666666666667,54,KRSA,0.32533889468196037,2,STE,STE20,PAKA,PAK2
PAKA,0.8591666666666667,54,KRSA,0.32533889468196037,2,STE,STE20,PAKA,PAK3
PIM,0.7675,55,KRSA,0.31282586027111575,2,CAMK,PIM,PIM,PIM1
PIM,0.7675,55,KRSA,0.31282586027111575,2,CAMK,PIM,PIM,PIM2
PIM,0.7675,55,KRSA,0.31282586027111575,2,CAMK,PIM,PIM,PIM3
ATR,-1.6733333333333331,22,KRSA,0.7257559958289885,3,ATYPICAL,PIKK,ATR,ATR
NEK,-1.080833333333333,37,KRSA,0.5380604796663191,3,OTHER,NEK,NEK11,NEK11
NEK,-1.080833333333333,37,KRSA,0.5380604796663191,3,OTHER,NEK,NEK2,NEK2
NEK,-1.080833333333333,37,KRSA,0.5380604796663191,3,OTHER,NEK,NEK1,NEK3
NEK,-1.080833333333333,37,KRSA,0.5380604796663191,3,OTHER,NEK,NEK4,NEK4
NEK,-1.080833333333333,37,KRSA,0.5380604796663191,3,OTHER,NEK,NEK1,NEK5
NEK,-1.080833333333333,37,KRSA,0.5380604796663191,3,OTHER,NEK,NEK6,NEK6
NEK,-1.080833333333333,37,KRSA,0.5380604796663191,3,OTHER,NEK,NEK6,NEK7
NEK,-1.080833333333333,37,KRSA,0.5380604796663191,3,OTHER,NEK,NEK8,NEK8
NEK,-1.080833333333333,37,KRSA,0.5380604796663191,3,OTHER,NEK,NEK8,NEK9
MST,-1.8283333333333336,19,KRSA,0.7632950990615224,4,STE,STE20,MST,STK3
MST,-1.8283333333333336,19,KRSA,0.7632950990615224,4,STE,STE20,MST,STK4
PAKB,-0.15333333333333332,75,KRSA,0.06256517205422316,1,STE,STE20,PAKB,PAK4
PAKB,-0.15333333333333332,75,KRSA,0.06256517205422316,1,STE,STE20,PAKB,PAK5
PAKB,-0.15333333333333332,75,KRSA,0.06256517205422316,1,STE,STE20,PAKB,PAK6
ATM,-0.9208333333333334,52,KRSA,0.35036496350364965,2,ATYPICAL,PIKK,ATM,ATM
HAL,0.7308333333333333,57,KRSA,0.28779979144942647,2,RGC,RGC,RGC,NPR1
RSK,0.7483333333333333,56,KRSA,0.30031282586027114,2,AGC,RSK,RSK,RPS6KA1
RSK,0.7483333333333333,56,KRSA,0.30031282586027114,2,AGC,RSK,RSK,RPS6KA2
RSK,0.7483333333333333,56,KRSA,0.30031282586027114,2,AGC,RSK,RSK,RPS6KA3
RSK,0.7483333333333333,56,KRSA,0.30031282586027114,2,AGC,RSK,MSK,RPS6KA4
RSK,0.7483333333333333,56,KRSA,0.30031282586027114,2,AGC,RSK,MSK,RPS6KA5
RSK,0.7483333333333333,56,KRSA,0.30031282586027114,2,AGC,RSK,RSK,RPS6KA6
RSK,0.7483333333333333,56,KRSA,0.30031282586027114,2,AGC,RSK,P70,RPS6KB1
RSK,0.7483333333333333,56,KRSA,0.30031282586027114,2,AGC,RSK,P70,RPS6KB2
BUD32,-0.9875,42,KRSA,0.4754953076120959,2,OTHER,BUD32,BUD32,TP53RK
CLK,-0.9783333333333334,45,KRSA,0.43795620437956206,2,CMGC,CLK,CLK,CLK1
CLK,-0.9783333333333334,45,KRSA,0.43795620437956206,2,CMGC,CLK,CLK,CLK2
CLK,-0.9783333333333334,45,KRSA,0.43795620437956206,2,CMGC,CLK,CLK,CLK3
CLK,-0.9783333333333334,45,KRSA,0.43795620437956206,2,CMGC,CLK,CLK,CLK4
WNK,-0.9766666666666668,47,KRSA,0.4129301355578728,2,OTHER,WNK,WNK,WNK1
WNK,-0.9766666666666668,47,KRSA,0.4129301355578728,2,OTHER,WNK,WNK,WNK2
WNK,-0.9766666666666668,47,KRSA,0.4129301355578728,2,OTHER,WNK,WNK,WNK3
WNK,-0.9766666666666668,47,KRSA,0.4129301355578728,2,OTHER,WNK,WNK,WNK4
ULK,-0.9775,46,KRSA,0.4254431699687174,2,OTHER,ULK,FUSED,STK36
ULK,-0.9775,46,KRSA,0.4254431699687174,2,OTHER,ULK,ULK,ULK1
ULK,-0.9775,46,KRSA,0.4254431699687174,2,OTHER,ULK,ULK,ULK2
ULK,-0.9775,46,KRSA,0.4254431699687174,2,OTHER,ULK,ULK,ULK3
ULK,-0.9775,46,KRSA,0.4254431699687174,2,OTHER,ULK,ULK,ULK4
CAMKK,-0.985,44,KRSA,0.4504692387904067,2,OTHER,CAMKK,META,CAMKK1
CAMKK,-0.985,44,KRSA,0.4504692387904067,2,OTHER,CAMKK,META,CAMKK2
NIK,-0.9858333333333332,43,KRSA,0.4629822732012513,2,STE,STE-UNIQUE,STE-UNIQUE,MAP3K14
MOS,-0.9941666666666666,41,KRSA,0.4880083420229406,2,OTHER,MOS,MOS,MOS
COT,0.8758333333333332,53,KRSA,0.337851929092805,2,STE,STE-UNIQUE,STE-UNIQUE,MAP3K8
PKCD,1.0625,38,KRSA,0.5255474452554745,3,AGC,PKC,DELTA,PRKCD
PKCD,1.0625,38,KRSA,0.5255474452554745,3,AGC,PKC,DELTA,PRKCQ
MLCK,-0.13166666666666663,78,KRSA,0.02502606882168926,1,CAMK,MLCK,MLCK,MYLK
MLCK,-0.13166666666666663,78,KRSA,0.02502606882168926,1,CAMK,MLCK,MLCK,MYLK2
MLCK,-0.13166666666666663,78,KRSA,0.02502606882168926,1,CAMK,MLCK,MLCK,TTN
PRKDC,-1.485,25,KRSA,0.6882168925964547,3,ATYPICAL,PIKK,DNAPK,PRKDC
CHK1,0.6325,61,KRSA,0.23774765380604795,1,CAMK,CAMKL,CHK1,CHEK1
SLK,0.5891666666666667,62,KRSA,0.22523461939520334,1,STE,STE20,SLK,SLK
SLK,0.5891666666666667,62,KRSA,0.22523461939520334,1,STE,STE20,SLK,STK10
BRSK,-0.27499999999999997,71,KRSA,0.11261730969760167,1,CAMK,CAMKL,BRSK,BRSK1
BRSK,-0.27499999999999997,71,KRSA,0.11261730969760167,1,CAMK,CAMKL,BRSK,BRSK2
TAO,0.425,68,KRSA,0.15015641293013557,1,STE,STE20,TAO,TAOK1
TAO,0.425,68,KRSA,0.15015641293013557,1,STE,STE20,TAO,TAOK2
TAO,0.425,68,KRSA,0.15015641293013557,1,STE,STE20,TAO,TAOK3
PASK,1.1358333333333333,35,KRSA,0.5630865484880083,3,CAMK,CAMKL,PASK,PASK
PHK,-1.4125,26,KRSA,0.67570385818561,3,CAMK,PHK,PHK,PHKG1
PHK,-1.4125,26,KRSA,0.67570385818561,3,CAMK,PHK,PHK,PHKG2
KHS,0.9475,50,KRSA,0.3753910323253389,2,STE,STE20,KHS,MAP4K1
KHS,0.9475,50,KRSA,0.3753910323253389,2,STE,STE20,KHS,MAP4K2
KHS,0.9475,50,KRSA,0.3753910323253389,2,STE,STE20,KHS,MAP4K3
KHS,0.9475,50,KRSA,0.3753910323253389,2,STE,STE20,KHS,MAP4K5
CAMK2,0.1883333333333333,73,KRSA,0.08759124087591241,1,CAMK,CAMK2,CAMK2,CAMK2A
CAMK2,0.1883333333333333,73,KRSA,0.08759124087591241,1,CAMK,CAMK2,CAMK2,CAMK2B
CAMK2,0.1883333333333333,73,KRSA,0.08759124087591241,1,CAMK,CAMK2,CAMK2,CAMK2D
CAMK2,0.1883333333333333,73,KRSA,0.08759124087591241,1,CAMK,CAMK2,CAMK2,CAMK2G
VRK1,-1.1908333333333334,34,KRSA,0.5755995828988529,3,CK1,VRK,VRK,VRK1
MSN,1.2175,33,KRSA,0.5881126173096975,3,STE,STE20,MSN,MAP4K4
MSN,1.2175,33,KRSA,0.5881126173096975,3,STE,STE20,MSN,NRK
MSN,1.2175,33,KRSA,0.5881126173096975,3,STE,STE20,MSN,TNIK
NDR,-0.9366666666666666,51,KRSA,0.36287799791449427,2,AGC,NDR,NDR,LATS1
NDR,-0.9366666666666666,51,KRSA,0.36287799791449427,2,AGC,NDR,NDR,LATS2
NDR,-0.9366666666666666,51,KRSA,0.36287799791449427,2,AGC,NDR,NDR,STK38
NDR,-0.9366666666666666,51,KRSA,0.36287799791449427,2,AGC,NDR,NDR,STK38L
GRK,0.14583333333333331,77,KRSA,0.03753910323253389,1,AGC,GRK,GRK,GRK1
GRK,0.14583333333333331,77,KRSA,0.03753910323253389,1,AGC,GRK,GRK,GRK4
GRK,0.14583333333333331,77,KRSA,0.03753910323253389,1,AGC,GRK,GRK,GRK5
GRK,0.14583333333333331,77,KRSA,0.03753910323253389,1,AGC,GRK,GRK,GRK6
GRK,0.14583333333333331,77,KRSA,0.03753910323253389,1,AGC,GRK,GRK,GRK7
PKD,0.9641666666666666,48,KRSA,0.40041710114702816,2,CAMK,PKD,PKD,PRKD1
PKD,0.9641666666666666,48,KRSA,0.40041710114702816,2,CAMK,PKD,PKD,PRKD2
PKD,0.9641666666666666,48,KRSA,0.40041710114702816,2,CAMK,PKD,PKD,PRKD3
AUR,0.04416666666666667,80,KRSA,0,1,OTHER,AUR,AUR,AURKA
AUR,0.04416666666666667,80,KRSA,0,1,OTHER,AUR,AUR,AURKB
AUR,0.04416666666666667,80,KRSA,0,1,OTHER,AUR,AUR,AURKC
AKT,-0.29333333333333333,70,KRSA,0.1251303441084463,1,AGC,AKT,AKT,AKT1
AKT,-0.29333333333333333,70,KRSA,0.1251303441084463,1,AGC,AKT,AKT,AKT2
AKT,-0.29333333333333333,70,KRSA,0.1251303441084463,1,AGC,AKT,AKT,AKT3
QIK,-1.7666666666666666,21,KRSA,0.7382690302398331,3,CAMK,CAMKL,QIK,SIK1
QIK,-1.7666666666666666,21,KRSA,0.7382690302398331,3,CAMK,CAMKL,QIK,SIK2
PDHK,-0.3375,69,KRSA,0.13764337851929093,1,ATYPICAL,PDHK,BCKDK,BCKDK
PDHK,-0.3375,69,KRSA,0.13764337851929093,1,ATYPICAL,PDHK,PDHK,PDK2
PDHK,-0.3375,69,KRSA,0.13764337851929093,1,ATYPICAL,PDHK,PDHK,PDK3
PDHK,-0.3375,69,KRSA,0.13764337851929093,1,ATYPICAL,PDHK,PDHK,PDK4
MELK,-0.6616666666666667,60,KRSA,0.2502606882168926,2,CAMK,CAMKL,MELK,MELK
MAPKAPK,0.2683333333333333,72,KRSA,0.10010427528675704,1,CAMK,MAPKAPK,MAPKAPK,MAPKAPK2
MAPKAPK,0.2683333333333333,72,KRSA,0.10010427528675704,1,CAMK,MAPKAPK,MAPKAPK,MAPKAPK3
MAPKAPK,0.2683333333333333,72,KRSA,0.10010427528675704,1,CAMK,MAPKAPK,MAPKAPK,MAPKAPK5
MAPKAPK,0.2683333333333333,72,KRSA,0.10010427528675704,1,CAMK,MAPKAPK,MNK,MKNK1
MAPKAPK,0.2683333333333333,72,KRSA,0.10010427528675704,1,CAMK,MAPKAPK,MNK,MKNK2
BARK2,-0.4875,66,KRSA,0.17518248175182483,1,AGC,GRK,BARK,GRK3
RIPK,0.1508333333333333,76,KRSA,0.05005213764337852,1,TKL,RIPK,RIPK,ANKK1
RIPK,0.1508333333333333,76,KRSA,0.05005213764337852,1,TKL,RIPK,RIPK,RIPK1
RIPK,0.1508333333333333,76,KRSA,0.05005213764337852,1,TKL,RIPK,RIPK,RIPK2
RIPK,0.1508333333333333,76,KRSA,0.05005213764337852,1,TKL,RIPK,RIPK,RIPK3
RIPK,0.1508333333333333,76,KRSA,0.05005213764337852,1,TKL,RIPK,RIPK,RIPK4
DAPK,-1.0841666666666667,36,KRSA,0.5505735140771637,3,CAMK,DAPK,DAPK,DAPK1
DAPK,-1.0841666666666667,36,KRSA,0.5505735140771637,3,CAMK,DAPK,DAPK,DAPK2
DAPK,-1.0841666666666667,36,KRSA,0.5505735140771637,3,CAMK,DAPK,DAPK,DAPK3
DAPK,-1.0841666666666667,36,KRSA,0.5505735140771637,3,CAMK,DAPK,DRAK,STK17A
DAPK,-1.0841666666666667,36,KRSA,0.5505735140771637,3,CAMK,DAPK,DRAK,STK17B
DMPK,-0.9541666666666668,49,KRSA,0.38790406673618355,2,AGC,DMPK,GEK,CDC42BPA
DMPK,-0.9541666666666668,49,KRSA,0.38790406673618355,2,AGC,DMPK,GEK,CDC42BPB
DMPK,-0.9541666666666668,49,KRSA,0.38790406673618355,2,AGC,DMPK,GEK,CDC42BPG
DMPK,-0.9541666666666668,49,KRSA,0.38790406673618355,2,AGC,DMPK,CRIK,CIT
DMPK,-0.9541666666666668,49,KRSA,0.38790406673618355,2,AGC,DMPK,GEK,DMPK
DMPK,-0.9541666666666668,49,KRSA,0.38790406673618355,2,AGC,DMPK,ROCK,ROCK1
DMPK,-0.9541666666666668,49,KRSA,0.38790406673618355,2,AGC,DMPK,ROCK,ROCK2
PKN,-0.5433333333333333,64,KRSA,0.20020855057351408,1,AGC,PKN,PKN,PKN1
PKN,-0.5433333333333333,64,KRSA,0.20020855057351408,1,AGC,PKN,PKN,PKN2
PKN,-0.5433333333333333,64,KRSA,0.20020855057351408,1,AGC,PKN,PKN,PKN3
NAK,-0.17166666666666666,74,KRSA,0.07507820646506778,1,OTHER,NAK,BIKE,AAK1
NAK,-0.17166666666666666,74,KRSA,0.07507820646506778,1,OTHER,NAK,BIKE,BMP2K
NAK,-0.17166666666666666,74,KRSA,0.07507820646506778,1,OTHER,NAK,GAK,GAK
NAK,-0.17166666666666666,74,KRSA,0.07507820646506778,1,OTHER,NAK,MPSK,STK16
STKR,0.1125,79,KRSA,0.01251303441084463,1,TKL,STKR,TYPE1,ACVR1
STKR,0.1125,79,KRSA,0.01251303441084463,1,TKL,STKR,TYPE1,ACVR1B
STKR,0.1125,79,KRSA,0.01251303441084463,1,TKL,STKR,TYPE1,ACVR1C
STKR,0.1125,79,KRSA,0.01251303441084463,1,TKL,STKR,TYPE2,ACVR2A
STKR,0.1125,79,KRSA,0.01251303441084463,1,TKL,STKR,TYPE2,ACVR2B
STKR,0.1125,79,KRSA,0.01251303441084463,1,TKL,STKR,TYPE1,ACVRL1
STKR,0.1125,79,KRSA,0.01251303441084463,1,TKL,STKR,TYPE2,AMHR2
STKR,0.1125,79,KRSA,0.01251303441084463,1,TKL,STKR,TYPE1,BMPR1A
STKR,0.1125,79,KRSA,0.01251303441084463,1,TKL,STKR,TYPE1,BMPR1B
STKR,0.1125,79,KRSA,0.01251303441084463,1,TKL,STKR,TYPE2,BMPR2
STKR,0.1125,79,KRSA,0.01251303441084463,1,TKL,STKR,TYPE1,TGFBR1
STKR,0.1125,79,KRSA,0.01251303441084463,1,TKL,STKR,TYPE2,TGFBR2
MLK,-0.5291666666666667,65,KRSA,0.18769551616266944,1,TKL,MLK,ILK,ILK
MLK,-0.5291666666666667,65,KRSA,0.18769551616266944,1,TKL,MLK,MLK,MAP3K10
MLK,-0.5291666666666667,65,KRSA,0.18769551616266944,1,TKL,MLK,MLK,MAP3K11
MLK,-0.5291666666666667,65,KRSA,0.18769551616266944,1,TKL,MLK,LZK,MAP3K12
MLK,-0.5291666666666667,65,KRSA,0.18769551616266944,1,TKL,MLK,LZK,MAP3K13
MLK,-0.5291666666666667,65,KRSA,0.18769551616266944,1,TKL,MLK,MLK,MAP3K9
MLK,-0.5291666666666667,65,KRSA,0.18769551616266944,1,TKL,MLK,HH498,TNNI3K
ERK,-5.575,1,KRSA,0.9885297184567258,4,CMGC,MAPK,ERK1,MAPK1
ERK,-5.575,1,KRSA,0.9885297184567258,4,CMGC,MAPK,ERK7,MAPK15
ERK,-5.575,1,KRSA,0.9885297184567258,4,CMGC,MAPK,ERK1,MAPK3
ERK,-5.575,1,KRSA,0.9885297184567258,4,CMGC,MAPK,ERK3,MAPK4
ERK,-5.575,1,KRSA,0.9885297184567258,4,CMGC,MAPK,ERK3,MAPK6
ERK,-5.575,1,KRSA,0.9885297184567258,4,CMGC,MAPK,ERK5,MAPK7
DYRK,-5.0325,3,KRSA,0.9635036496350365,4,CMGC,DYRK,DYRK1,DYRK1A
DYRK,-5.0325,3,KRSA,0.9635036496350365,4,CMGC,DYRK,DYRK1,DYRK1B
DYRK,-5.0325,3,KRSA,0.9635036496350365,4,CMGC,DYRK,DYRK2,DYRK2
DYRK,-5.0325,3,KRSA,0.9635036496350365,4,CMGC,DYRK,DYRK2,DYRK3
DYRK,-5.0325,3,KRSA,0.9635036496350365,4,CMGC,DYRK,DYRK2,DYRK4
DYRK,-5.0325,3,KRSA,0.9635036496350365,4,CMGC,DYRK,HIPK,HIPK1
DYRK,-5.0325,3,KRSA,0.9635036496350365,4,CMGC,DYRK,HIPK,HIPK2
DYRK,-5.0325,3,KRSA,0.9635036496350365,4,CMGC,DYRK,HIPK,HIPK3
DYRK,-5.0325,3,KRSA,0.9635036496350365,4,CMGC,DYRK,HIPK,HIPK4
DYRK,-5.0325,3,KRSA,0.9635036496350365,4,CMGC,DYRK,PRP4,PRPF4B
CDK,-5.128333333333333,2,KRSA,0.9760166840458812,4,CMGC,CDK,CDC2,CDK1
CDK,-5.128333333333333,2,KRSA,0.9760166840458812,4,CMGC,CDK,CDK10,CDK10
CDK,-5.128333333333333,2,KRSA,0.9760166840458812,4,CMGC,CDK,CRK7,CDK12
CDK,-5.128333333333333,2,KRSA,0.9760166840458812,4,CMGC,CDK,CRK7,CDK13
CDK,-5.128333333333333,2,KRSA,0.9760166840458812,4,CMGC,CDK,PFTAIRE,CDK14
CDK,-5.128333333333333,2,KRSA,0.9760166840458812,4,CMGC,CDK,PFTAIRE,CDK15
CDK,-5.128333333333333,2,KRSA,0.9760166840458812,4,CMGC,CDK,PCTAIRE,CDK16
CDK,-5.128333333333333,2,KRSA,0.9760166840458812,4,CMGC,CDK,PCTAIRE,CDK17
CDK,-5.128333333333333,2,KRSA,0.9760166840458812,4,CMGC,CDK,PCTAIRE,CDK18
CDK,-5.128333333333333,2,KRSA,0.9760166840458812,4,CMGC,CDK,CDK8,CDK19
CDK,-5.128333333333333,2,KRSA,0.9760166840458812,4,CMGC,CDK,CDC2,CDK2
CDK,-5.128333333333333,2,KRSA,0.9760166840458812,4,CMGC,CDK,CCRK,CDK20
CDK,-5.128333333333333,2,KRSA,0.9760166840458812,4,CMGC,CDK,CDC2,CDK3
CDK,-5.128333333333333,2,KRSA,0.9760166840458812,4,CMGC,CDK,CDK4,CDK4
CDK,-5.128333333333333,2,KRSA,0.9760166840458812,4,CMGC,CDK,CDK5,CDK5
CDK,-5.128333333333333,2,KRSA,0.9760166840458812,4,CMGC,CDK,CDK4,CDK6
CDK,-5.128333333333333,2,KRSA,0.9760166840458812,4,CMGC,CDK,CDK7,CDK7
CDK,-5.128333333333333,2,KRSA,0.9760166840458812,4,CMGC,CDK,CDK8,CDK8
CDK,-5.128333333333333,2,KRSA,0.9760166840458812,4,CMGC,CDK,CDK9,CDK9
CDK,-5.128333333333333,2,KRSA,0.9760166840458812,4,NA,NA,NA,CDK11A
CDK,-5.128333333333333,2,KRSA,0.9760166840458812,4,NA,NA,NA,CDK11B
PEK,-4.9325,4,KRSA,0.9509906152241918,4,OTHER,PEK,HRI,EIF2AK1
PEK,-4.9325,4,KRSA,0.9509906152241918,4,OTHER,PEK,PKR,EIF2AK2
PEK,-4.9325,4,KRSA,0.9509906152241918,4,OTHER,PEK,PEK,EIF2AK3
PEK,-4.9325,4,KRSA,0.9509906152241918,4,OTHER,PEK,GCN2,EIF2AK4
PDK1,-4.2275,5,KRSA,0.9384775808133472,4,ATYPICAL,PDHK,PDHK,PDK1
PDK1,-4.2275,5,KRSA,0.9384775808133472,4,AGC,PDK1,PDK1,PDPK1
PKCA,-3.9183333333333334,7,KRSA,0.913451511991658,4,AGC,PKC,ALPHA,PRKCA
PKCA,-3.9183333333333334,7,KRSA,0.913451511991658,4,AGC,PKC,ALPHA,PRKCB
PKCA,-3.9183333333333334,7,KRSA,0.913451511991658,4,AGC,PKC,ALPHA,PRKCG
P38,-3.515,8,KRSA,0.9009384775808134,4,CMGC,MAPK,P38,MAPK11
P38,-3.515,8,KRSA,0.9009384775808134,4,CMGC,MAPK,P38,MAPK12
P38,-3.515,8,KRSA,0.9009384775808134,4,CMGC,MAPK,P38,MAPK13
P38,-3.515,8,KRSA,0.9009384775808134,4,CMGC,MAPK,P38,MAPK14
JNK,-4.211666666666667,6,KRSA,0.9259645464025026,4,CMGC,MAPK,JNK,MAPK10
JNK,-4.211666666666667,6,KRSA,0.9259645464025026,4,CMGC,MAPK,JNK,MAPK8
JNK,-4.211666666666667,6,KRSA,0.9259645464025026,4,CMGC,MAPK,JNK,MAPK9
NMO,-3.2183333333333333,10,KRSA,0.8759124087591241,4,CMGC,MAPK,NMO,NLK
PKG,2.87,12,KRSA,0.8508863399374348,4,AGC,PKG,PKG,PRKG1
PKG,2.87,12,KRSA,0.8508863399374348,4,AGC,PKG,PKG,PRKG2
PLK,-3.288333333333333,9,KRSA,0.8884254431699687,4,NA,NA,NA,PLK5
PLK,-3.288333333333333,9,KRSA,0.8884254431699687,4,OTHER,PLK,PLK1,PLK1
PLK,-3.288333333333333,9,KRSA,0.8884254431699687,4,OTHER,PLK,PLK2,PLK2
PLK,-3.288333333333333,9,KRSA,0.8884254431699687,4,OTHER,PLK,PLK2,PLK3
PLK,-3.288333333333333,9,KRSA,0.8884254431699687,4,OTHER,PLK,SAK,PLK4
PKA,2.9483333333333333,11,KRSA,0.8633993743482794,4,AGC,PKA,PKA,PRKACA
PKA,2.9483333333333333,11,KRSA,0.8633993743482794,4,AGC,PKA,PKA,PRKACB
PKA,2.9483333333333333,11,KRSA,0.8633993743482794,4,AGC,PKA,PKA,PRKACG
PKA,2.9483333333333333,11,KRSA,0.8633993743482794,4,AGC,PKA,PKA,PRKX
PKA,2.9483333333333333,11,KRSA,0.8633993743482794,4,AGC,PKA,PKA,PRKY
PKCI,1.5158333333333334,24,KRSA,0.7007299270072993,3,AGC,PKC,IOTA,PRKCI
PKCI,1.5158333333333334,24,KRSA,0.7007299270072993,3,AGC,PKC,IOTA,PRKCZ
ATR,-1.6733333333333331,22,KRSA,0.7257559958289885,3,ATYPICAL,PIKK,ATR,ATR
PRKDC,-1.485,25,KRSA,0.6882168925964547,3,ATYPICAL,PIKK,DNAPK,PRKDC
MSN,1.2175,33,KRSA,0.5881126173096975,3,STE,STE20,MSN,MAP4K4
MSN,1.2175,33,KRSA,0.5881126173096975,3,STE,STE20,MSN,NRK
MSN,1.2175,33,KRSA,0.5881126173096975,3,STE,STE20,MSN,TNIK
LKB,-1.9433333333333336,17,KRSA,0.7883211678832117,4,CAMK,CAMKL,LKB,STK11
CAMK1,2.3716666666666666,14,KRSA,0.8258602711157456,4,CAMK,CAMK1,CAMK1,CAMK1
CAMK1,2.3716666666666666,14,KRSA,0.8258602711157456,4,CAMK,CAMK1,CAMK1,CAMK1D
CAMK1,2.3716666666666666,14,KRSA,0.8258602711157456,4,CAMK,CAMK1,CAMK1,CAMK1G
CAMK1,2.3716666666666666,14,KRSA,0.8258602711157456,4,CAMK,CAMK1,CAMK1,CAMK4
CAMK1,2.3716666666666666,14,KRSA,0.8258602711157456,4,CAMK,CAMK1,CAMK1,PNCK
STE11,-1.2875,32,KRSA,0.6006256517205423,3,TKL,MLK,TAK1,MAP3K7
STE11,-1.2875,32,KRSA,0.6006256517205423,3,STE,STE11,MEKK1,MAP3K1
STE11,-1.2875,32,KRSA,0.6006256517205423,3,STE,STE11,ASK,MAP3K15
STE11,-1.2875,32,KRSA,0.6006256517205423,3,STE,STE11,MEKK2,MAP3K2
STE11,-1.2875,32,KRSA,0.6006256517205423,3,STE,STE11,MEKK2,MAP3K3
STE11,-1.2875,32,KRSA,0.6006256517205423,3,STE,STE11,MEKK4,MAP3K4
STE11,-1.2875,32,KRSA,0.6006256517205423,3,STE,STE11,ASK,MAP3K5
STE11,-1.2875,32,KRSA,0.6006256517205423,3,STE,STE11,ASK,MAP3K6
MST,-1.8283333333333336,19,KRSA,0.7632950990615224,4,STE,STE20,MST,STK3
MST,-1.8283333333333336,19,KRSA,0.7632950990615224,4,STE,STE20,MST,STK4
COT,0.8758333333333332,53,KRSA,0.337851929092805,2,STE,STE-UNIQUE,STE-UNIQUE,MAP3K8
HAL,0.7308333333333333,57,KRSA,0.28779979144942647,2,RGC,RGC,RGC,NPR1
DAPK,-1.0841666666666667,36,KRSA,0.5505735140771637,3,CAMK,DAPK,DAPK,DAPK1
DAPK,-1.0841666666666667,36,KRSA,0.5505735140771637,3,CAMK,DAPK,DAPK,DAPK2
DAPK,-1.0841666666666667,36,KRSA,0.5505735140771637,3,CAMK,DAPK,DAPK,DAPK3
DAPK,-1.0841666666666667,36,KRSA,0.5505735140771637,3,CAMK,DAPK,DRAK,STK17A
DAPK,-1.0841666666666667,36,KRSA,0.5505735140771637,3,CAMK,DAPK,DRAK,STK17B
RAF,-1.9416666666666669,18,KRSA,0.7758081334723671,4,TKL,RAF,RAF,ARAF
RAF,-1.9416666666666669,18,KRSA,0.7758081334723671,4,TKL,RAF,RAF,BRAF
RAF,-1.9416666666666669,18,KRSA,0.7758081334723671,4,TKL,RAF,KSR,KSR1
RAF,-1.9416666666666669,18,KRSA,0.7758081334723671,4,TKL,RAF,KSR,KSR2
RAF,-1.9416666666666669,18,KRSA,0.7758081334723671,4,TKL,RAF,RAF,RAF1
QIK,-1.7666666666666666,21,KRSA,0.7382690302398331,3,CAMK,CAMKL,QIK,SIK1
QIK,-1.7666666666666666,21,KRSA,0.7382690302398331,3,CAMK,CAMKL,QIK,SIK2
STE7,-2.4058333333333333,13,KRSA,0.8383733055265902,4,STE,STE7,MEK1,MAP2K1
STE7,-2.4058333333333333,13,KRSA,0.8383733055265902,4,STE,STE7,MEK1,MAP2K2
STE7,-2.4058333333333333,13,KRSA,0.8383733055265902,4,STE,STE7,MEK3,MAP2K3
STE7,-2.4058333333333333,13,KRSA,0.8383733055265902,4,STE,STE7,MEK4,MAP2K4
STE7,-2.4058333333333333,13,KRSA,0.8383733055265902,4,STE,STE7,MEK5,MAP2K5
STE7,-2.4058333333333333,13,KRSA,0.8383733055265902,4,STE,STE7,MEK3,MAP2K6
STE7,-2.4058333333333333,13,KRSA,0.8383733055265902,4,STE,STE7,MEK7,MAP2K7
TTK,-1.3983333333333334,29,KRSA,0.6381647549530761,3,OTHER,TTK,TTK,TTK
TLK,-1.4058333333333333,28,KRSA,0.6506777893639207,3,OTHER,TLK,TLK,TLK1
TLK,-1.4058333333333333,28,KRSA,0.6506777893639207,3,OTHER,TLK,TLK,TLK2
NUAK,-1.3966666666666667,30,KRSA,0.6256517205422315,3,CAMK,CAMKL,NUAK,NUAK1
NUAK,-1.3966666666666667,30,KRSA,0.6256517205422315,3,CAMK,CAMKL,NUAK,NUAK2
PHK,-1.4125,26,KRSA,0.67570385818561,3,CAMK,PHK,PHK,PHKG1
PHK,-1.4125,26,KRSA,0.67570385818561,3,CAMK,PHK,PHK,PHKG2
VRK1,-1.1908333333333334,34,KRSA,0.5755995828988529,3,CK1,VRK,VRK,VRK1
MLK,-0.5291666666666667,65,KRSA,0.18769551616266944,1,TKL,MLK,ILK,ILK
MLK,-0.5291666666666667,65,KRSA,0.18769551616266944,1,TKL,MLK,MLK,MAP3K10
MLK,-0.5291666666666667,65,KRSA,0.18769551616266944,1,TKL,MLK,MLK,MAP3K11
MLK,-0.5291666666666667,65,KRSA,0.18769551616266944,1,TKL,MLK,LZK,MAP3K12
MLK,-0.5291666666666667,65,KRSA,0.18769551616266944,1,TKL,MLK,LZK,MAP3K13
MLK,-0.5291666666666667,65,KRSA,0.18769551616266944,1,TKL,MLK,MLK,MAP3K9
MLK,-0.5291666666666667,65,KRSA,0.18769551616266944,1,TKL,MLK,HH498,TNNI3K
AMPK,1.4116666666666666,27,KRSA,0.6631908237747653,3,CAMK,CAMKL,AMPK,PRKAA1
AMPK,1.4116666666666666,27,KRSA,0.6631908237747653,3,CAMK,CAMKL,AMPK,PRKAA2
DMPK,-0.9541666666666668,49,KRSA,0.38790406673618355,2,AGC,DMPK,GEK,CDC42BPA
DMPK,-0.9541666666666668,49,KRSA,0.38790406673618355,2,AGC,DMPK,GEK,CDC42BPB
DMPK,-0.9541666666666668,49,KRSA,0.38790406673618355,2,AGC,DMPK,GEK,CDC42BPG
DMPK,-0.9541666666666668,49,KRSA,0.38790406673618355,2,AGC,DMPK,CRIK,CIT
DMPK,-0.9541666666666668,49,KRSA,0.38790406673618355,2,AGC,DMPK,GEK,DMPK
DMPK,-0.9541666666666668,49,KRSA,0.38790406673618355,2,AGC,DMPK,ROCK,ROCK1
DMPK,-0.9541666666666668,49,KRSA,0.38790406673618355,2,AGC,DMPK,ROCK,ROCK2
MTOR,-2.211666666666667,15,KRSA,0.8133472367049009,4,ATYPICAL,PIKK,FRAP,MTOR
NDR,-0.9366666666666666,51,KRSA,0.36287799791449427,2,AGC,NDR,NDR,LATS1
NDR,-0.9366666666666666,51,KRSA,0.36287799791449427,2,AGC,NDR,NDR,LATS2
NDR,-0.9366666666666666,51,KRSA,0.36287799791449427,2,AGC,NDR,NDR,STK38
NDR,-0.9366666666666666,51,KRSA,0.36287799791449427,2,AGC,NDR,NDR,STK38L
IKK,-1.5175,23,KRSA,0.7132429614181439,3,OTHER,IKK,IKK,CHUK
IKK,-1.5175,23,KRSA,0.7132429614181439,3,OTHER,IKK,IKK,IKBKB
IKK,-1.5175,23,KRSA,0.7132429614181439,3,OTHER,IKK,IKK,IKBKE
IKK,-1.5175,23,KRSA,0.7132429614181439,3,OTHER,IKK,IKK,TBK1
SLK,0.5891666666666667,62,KRSA,0.22523461939520334,1,STE,STE20,SLK,SLK
SLK,0.5891666666666667,62,KRSA,0.22523461939520334,1,STE,STE20,SLK,STK10
KHS,0.9475,50,KRSA,0.3753910323253389,2,STE,STE20,KHS,MAP4K1
KHS,0.9475,50,KRSA,0.3753910323253389,2,STE,STE20,KHS,MAP4K2
KHS,0.9475,50,KRSA,0.3753910323253389,2,STE,STE20,KHS,MAP4K3
KHS,0.9475,50,KRSA,0.3753910323253389,2,STE,STE20,KHS,MAP4K5
PASK,1.1358333333333333,35,KRSA,0.5630865484880083,3,CAMK,CAMKL,PASK,PASK
PKD,0.9641666666666666,48,KRSA,0.40041710114702816,2,CAMK,PKD,PKD,PRKD1
PKD,0.9641666666666666,48,KRSA,0.40041710114702816,2,CAMK,PKD,PKD,PRKD2
PKD,0.9641666666666666,48,KRSA,0.40041710114702816,2,CAMK,PKD,PKD,PRKD3
TAO,0.425,68,KRSA,0.15015641293013557,1,STE,STE20,TAO,TAOK1
TAO,0.425,68,KRSA,0.15015641293013557,1,STE,STE20,TAO,TAOK2
TAO,0.425,68,KRSA,0.15015641293013557,1,STE,STE20,TAO,TAOK3
RAD53,1.0466666666666666,39,KRSA,0.5130344108446299,3,CAMK,RAD53,RAD53,CHEK2
CAMKK,-0.985,44,KRSA,0.4504692387904067,2,OTHER,CAMKK,META,CAMKK1
CAMKK,-0.985,44,KRSA,0.4504692387904067,2,OTHER,CAMKK,META,CAMKK2
BRSK,-0.27499999999999997,71,KRSA,0.11261730969760167,1,CAMK,CAMKL,BRSK,BRSK1
BRSK,-0.27499999999999997,71,KRSA,0.11261730969760167,1,CAMK,CAMKL,BRSK,BRSK2
BUD32,-0.9875,42,KRSA,0.4754953076120959,2,OTHER,BUD32,BUD32,TP53RK
CLK,-0.9783333333333334,45,KRSA,0.43795620437956206,2,CMGC,CLK,CLK,CLK1
CLK,-0.9783333333333334,45,KRSA,0.43795620437956206,2,CMGC,CLK,CLK,CLK2
CLK,-0.9783333333333334,45,KRSA,0.43795620437956206,2,CMGC,CLK,CLK,CLK3
CLK,-0.9783333333333334,45,KRSA,0.43795620437956206,2,CMGC,CLK,CLK,CLK4
ATM,-0.9208333333333334,52,KRSA,0.35036496350364965,2,ATYPICAL,PIKK,ATM,ATM
NIK,-0.9858333333333332,43,KRSA,0.4629822732012513,2,STE,STE-UNIQUE,STE-UNIQUE,MAP3K14
MOS,-0.9941666666666666,41,KRSA,0.4880083420229406,2,OTHER,MOS,MOS,MOS
ULK,-0.9775,46,KRSA,0.4254431699687174,2,OTHER,ULK,FUSED,STK36
ULK,-0.9775,46,KRSA,0.4254431699687174,2,OTHER,ULK,ULK,ULK1
ULK,-0.9775,46,KRSA,0.4254431699687174,2,OTHER,ULK,ULK,ULK2
ULK,-0.9775,46,KRSA,0.4254431699687174,2,OTHER,ULK,ULK,ULK3
ULK,-0.9775,46,KRSA,0.4254431699687174,2,OTHER,ULK,ULK,ULK4
WNK,-0.9766666666666668,47,KRSA,0.4129301355578728,2,OTHER,WNK,WNK,WNK1
WNK,-0.9766666666666668,47,KRSA,0.4129301355578728,2,OTHER,WNK,WNK,WNK2
WNK,-0.9766666666666668,47,KRSA,0.4129301355578728,2,OTHER,WNK,WNK,WNK3
WNK,-0.9766666666666668,47,KRSA,0.4129301355578728,2,OTHER,WNK,WNK,WNK4
IRAK,-1.0275,40,KRSA,0.5005213764337852,3,TKL,IRAK,IRAK,IRAK1
IRAK,-1.0275,40,KRSA,0.5005213764337852,3,TKL,IRAK,IRAK,IRAK2
IRAK,-1.0275,40,KRSA,0.5005213764337852,3,TKL,IRAK,IRAK,IRAK3
IRAK,-1.0275,40,KRSA,0.5005213764337852,3,TKL,IRAK,IRAK,IRAK4
PIM,0.7675,55,KRSA,0.31282586027111575,2,CAMK,PIM,PIM,PIM1
PIM,0.7675,55,KRSA,0.31282586027111575,2,CAMK,PIM,PIM,PIM2
PIM,0.7675,55,KRSA,0.31282586027111575,2,CAMK,PIM,PIM,PIM3
MELK,-0.6616666666666667,60,KRSA,0.2502606882168926,2,CAMK,CAMKL,MELK,MELK
GSK,-1.7775,20,KRSA,0.7507820646506778,4,CMGC,GSK,GSK,GSK3A
GSK,-1.7775,20,KRSA,0.7507820646506778,4,CMGC,GSK,GSK,GSK3B
NEK,-1.080833333333333,37,KRSA,0.5380604796663191,3,OTHER,NEK,NEK11,NEK11
NEK,-1.080833333333333,37,KRSA,0.5380604796663191,3,OTHER,NEK,NEK2,NEK2
NEK,-1.080833333333333,37,KRSA,0.5380604796663191,3,OTHER,NEK,NEK1,NEK3
NEK,-1.080833333333333,37,KRSA,0.5380604796663191,3,OTHER,NEK,NEK4,NEK4
NEK,-1.080833333333333,37,KRSA,0.5380604796663191,3,OTHER,NEK,NEK1,NEK5
NEK,-1.080833333333333,37,KRSA,0.5380604796663191,3,OTHER,NEK,NEK6,NEK6
NEK,-1.080833333333333,37,KRSA,0.5380604796663191,3,OTHER,NEK,NEK6,NEK7
NEK,-1.080833333333333,37,KRSA,0.5380604796663191,3,OTHER,NEK,NEK8,NEK8
NEK,-1.080833333333333,37,KRSA,0.5380604796663191,3,OTHER,NEK,NEK8,NEK9
SGK,0.4725,67,KRSA,0.16266944734098018,1,AGC,SGK,SGK,SGK1
SGK,0.4725,67,KRSA,0.16266944734098018,1,AGC,SGK,SGK,SGK2
SGK,0.4725,67,KRSA,0.16266944734098018,1,AGC,SGK,SGK,SGK3
AKT,-0.29333333333333333,70,KRSA,0.1251303441084463,1,AGC,AKT,AKT,AKT1
AKT,-0.29333333333333333,70,KRSA,0.1251303441084463,1,AGC,AKT,AKT,AKT2
AKT,-0.29333333333333333,70,KRSA,0.1251303441084463,1,AGC,AKT,AKT,AKT3
FRAY,-1.3883333333333334,31,KRSA,0.6131386861313869,3,STE,STE20,FRAY,OXSR1
FRAY,-1.3883333333333334,31,KRSA,0.6131386861313869,3,STE,STE20,FRAY,STK39
MLCK,-0.13166666666666663,78,KRSA,0.02502606882168926,1,CAMK,MLCK,MLCK,MYLK
MLCK,-0.13166666666666663,78,KRSA,0.02502606882168926,1,CAMK,MLCK,MLCK,MYLK2
MLCK,-0.13166666666666663,78,KRSA,0.02502606882168926,1,CAMK,MLCK,MLCK,TTN
STKR,0.1125,79,KRSA,0.01251303441084463,1,TKL,STKR,TYPE1,ACVR1
STKR,0.1125,79,KRSA,0.01251303441084463,1,TKL,STKR,TYPE1,ACVR1B
STKR,0.1125,79,KRSA,0.01251303441084463,1,TKL,STKR,TYPE1,ACVR1C
STKR,0.1125,79,KRSA,0.01251303441084463,1,TKL,STKR,TYPE2,ACVR2A
STKR,0.1125,79,KRSA,0.01251303441084463,1,TKL,STKR,TYPE2,ACVR2B
STKR,0.1125,79,KRSA,0.01251303441084463,1,TKL,STKR,TYPE1,ACVRL1
STKR,0.1125,79,KRSA,0.01251303441084463,1,TKL,STKR,TYPE2,AMHR2
STKR,0.1125,79,KRSA,0.01251303441084463,1,TKL,STKR,TYPE1,BMPR1A
STKR,0.1125,79,KRSA,0.01251303441084463,1,TKL,STKR,TYPE1,BMPR1B
STKR,0.1125,79,KRSA,0.01251303441084463,1,TKL,STKR,TYPE2,BMPR2
STKR,0.1125,79,KRSA,0.01251303441084463,1,TKL,STKR,TYPE1,TGFBR1
STKR,0.1125,79,KRSA,0.01251303441084463,1,TKL,STKR,TYPE2,TGFBR2
PKCD,1.0625,38,KRSA,0.5255474452554745,3,AGC,PKC,DELTA,PRKCD
PKCD,1.0625,38,KRSA,0.5255474452554745,3,AGC,PKC,DELTA,PRKCQ
AUR,0.04416666666666667,80,KRSA,0,1,OTHER,AUR,AUR,AURKA
AUR,0.04416666666666667,80,KRSA,0,1,OTHER,AUR,AUR,AURKB
AUR,0.04416666666666667,80,KRSA,0,1,OTHER,AUR,AUR,AURKC
CAMK2,0.1883333333333333,73,KRSA,0.08759124087591241,1,CAMK,CAMK2,CAMK2,CAMK2A
CAMK2,0.1883333333333333,73,KRSA,0.08759124087591241,1,CAMK,CAMK2,CAMK2,CAMK2B
CAMK2,0.1883333333333333,73,KRSA,0.08759124087591241,1,CAMK,CAMK2,CAMK2,CAMK2D
CAMK2,0.1883333333333333,73,KRSA,0.08759124087591241,1,CAMK,CAMK2,CAMK2,CAMK2G
RIPK,0.1508333333333333,76,KRSA,0.05005213764337852,1,TKL,RIPK,RIPK,ANKK1
RIPK,0.1508333333333333,76,KRSA,0.05005213764337852,1,TKL,RIPK,RIPK,RIPK1
RIPK,0.1508333333333333,76,KRSA,0.05005213764337852,1,TKL,RIPK,RIPK,RIPK2
RIPK,0.1508333333333333,76,KRSA,0.05005213764337852,1,TKL,RIPK,RIPK,RIPK3
RIPK,0.1508333333333333,76,KRSA,0.05005213764337852,1,TKL,RIPK,RIPK,RIPK4
BARK2,-0.4875,66,KRSA,0.17518248175182483,1,AGC,GRK,BARK,GRK3
CK1,-1.9908333333333337,16,KRSA,0.8008342022940563,4,CK1,CK1,CK1-A,CSNK1A1
CK1,-1.9908333333333337,16,KRSA,0.8008342022940563,4,CK1,CK1,CK1-A,CSNK1A1L
CK1,-1.9908333333333337,16,KRSA,0.8008342022940563,4,CK1,CK1,CK1-D,CSNK1D
CK1,-1.9908333333333337,16,KRSA,0.8008342022940563,4,CK1,CK1,CK1-D,CSNK1E
CK1,-1.9908333333333337,16,KRSA,0.8008342022940563,4,CK1,CK1,CK1-G,CSNK1G1
CK1,-1.9908333333333337,16,KRSA,0.8008342022940563,4,CK1,CK1,CK1-G,CSNK1G2
CK1,-1.9908333333333337,16,KRSA,0.8008342022940563,4,CK1,CK1,CK1-G,CSNK1G3
CK1,-1.9908333333333337,16,KRSA,0.8008342022940563,4,CK1,TTBK,TTBK,TTBK1
CK1,-1.9908333333333337,16,KRSA,0.8008342022940563,4,CK1,TTBK,TTBK,TTBK2
CK1,-1.9908333333333337,16,KRSA,0.8008342022940563,4,CK1,VRK,VRK,VRK3
GRK,0.14583333333333331,77,KRSA,0.03753910323253389,1,AGC,GRK,GRK,GRK1
GRK,0.14583333333333331,77,KRSA,0.03753910323253389,1,AGC,GRK,GRK,GRK4
GRK,0.14583333333333331,77,KRSA,0.03753910323253389,1,AGC,GRK,GRK,GRK5
GRK,0.14583333333333331,77,KRSA,0.03753910323253389,1,AGC,GRK,GRK,GRK6
GRK,0.14583333333333331,77,KRSA,0.03753910323253389,1,AGC,GRK,GRK,GRK7
MAPKAPK,0.2683333333333333,72,KRSA,0.10010427528675704,1,CAMK,MAPKAPK,MAPKAPK,MAPKAPK2
MAPKAPK,0.2683333333333333,72,KRSA,0.10010427528675704,1,CAMK,MAPKAPK,MAPKAPK,MAPKAPK3
MAPKAPK,0.2683333333333333,72,KRSA,0.10010427528675704,1,CAMK,MAPKAPK,MAPKAPK,MAPKAPK5
MAPKAPK,0.2683333333333333,72,KRSA,0.10010427528675704,1,CAMK,MAPKAPK,MNK,MKNK1
MAPKAPK,0.2683333333333333,72,KRSA,0.10010427528675704,1,CAMK,MAPKAPK,MNK,MKNK2
PKCH,-0.7041666666666667,59,KRSA,0.26277372262773724,2,AGC,PKC,ETA,PRKCE
PKCH,-0.7041666666666667,59,KRSA,0.26277372262773724,2,AGC,PKC,ETA,PRKCH
PAKA,0.8591666666666667,54,KRSA,0.32533889468196037,2,STE,STE20,PAKA,PAK1
PAKA,0.8591666666666667,54,KRSA,0.32533889468196037,2,STE,STE20,PAKA,PAK2
PAKA,0.8591666666666667,54,KRSA,0.32533889468196037,2,STE,STE20,PAKA,PAK3
CK2,-0.5483333333333333,63,KRSA,0.2127215849843587,1,CMGC,CK2,CK2,CSNK2A1
CK2,-0.5483333333333333,63,KRSA,0.2127215849843587,1,CMGC,CK2,CK2,CSNK2A2
CK2,-0.5483333333333333,63,KRSA,0.2127215849843587,1,NA,NA,NA,CSNK2A3
NAK,-0.17166666666666666,74,KRSA,0.07507820646506778,1,OTHER,NAK,BIKE,AAK1
NAK,-0.17166666666666666,74,KRSA,0.07507820646506778,1,OTHER,NAK,BIKE,BMP2K
NAK,-0.17166666666666666,74,KRSA,0.07507820646506778,1,OTHER,NAK,GAK,GAK
NAK,-0.17166666666666666,74,KRSA,0.07507820646506778,1,OTHER,NAK,MPSK,STK16
PKN,-0.5433333333333333,64,KRSA,0.20020855057351408,1,AGC,PKN,PKN,PKN1
PKN,-0.5433333333333333,64,KRSA,0.20020855057351408,1,AGC,PKN,PKN,PKN2
PKN,-0.5433333333333333,64,KRSA,0.20020855057351408,1,AGC,PKN,PKN,PKN3
PDHK,-0.3375,69,KRSA,0.13764337851929093,1,ATYPICAL,PDHK,BCKDK,BCKDK
PDHK,-0.3375,69,KRSA,0.13764337851929093,1,ATYPICAL,PDHK,PDHK,PDK2
PDHK,-0.3375,69,KRSA,0.13764337851929093,1,ATYPICAL,PDHK,PDHK,PDK3
PDHK,-0.3375,69,KRSA,0.13764337851929093,1,ATYPICAL,PDHK,PDHK,PDK4
CHK1,0.6325,61,KRSA,0.23774765380604795,1,CAMK,CAMKL,CHK1,CHEK1
RSK,0.7483333333333333,56,KRSA,0.30031282586027114,2,AGC,RSK,RSK,RPS6KA1
RSK,0.7483333333333333,56,KRSA,0.30031282586027114,2,AGC,RSK,RSK,RPS6KA2
RSK,0.7483333333333333,56,KRSA,0.30031282586027114,2,AGC,RSK,RSK,RPS6KA3
RSK,0.7483333333333333,56,KRSA,0.30031282586027114,2,AGC,RSK,MSK,RPS6KA4
RSK,0.7483333333333333,56,KRSA,0.30031282586027114,2,AGC,RSK,MSK,RPS6KA5
RSK,0.7483333333333333,56,KRSA,0.30031282586027114,2,AGC,RSK,RSK,RPS6KA6
RSK,0.7483333333333333,56,KRSA,0.30031282586027114,2,AGC,RSK,P70,RPS6KB1
RSK,0.7483333333333333,56,KRSA,0.30031282586027114,2,AGC,RSK,P70,RPS6KB2
PAKB,-0.15333333333333332,75,KRSA,0.06256517205422316,1,STE,STE20,PAKB,PAK4
PAKB,-0.15333333333333332,75,KRSA,0.06256517205422316,1,STE,STE20,PAKB,PAK5
PAKB,-0.15333333333333332,75,KRSA,0.06256517205422316,1,STE,STE20,PAKB,PAK6
ERK,-5.575,1,KRSA,0.9885297184567258,4,CMGC,MAPK,ERK1,MAPK1
ERK,-5.575,1,KRSA,0.9885297184567258,4,CMGC,MAPK,ERK7,MAPK15
ERK,-5.575,1,KRSA,0.9885297184567258,4,CMGC,MAPK,ERK1,MAPK3
ERK,-5.575,1,KRSA,0.9885297184567258,4,CMGC,MAPK,ERK3,MAPK4
ERK,-5.575,1,KRSA,0.9885297184567258,4,CMGC,MAPK,ERK3,MAPK6
ERK,-5.575,1,KRSA,0.9885297184567258,4,CMGC,MAPK,ERK5,MAPK7
DYRK,-5.0325,3,KRSA,0.9635036496350365,4,CMGC,DYRK,DYRK1,DYRK1A
DYRK,-5.0325,3,KRSA,0.9635036496350365,4,CMGC,DYRK,DYRK1,DYRK1B
DYRK,-5.0325,3,KRSA,0.9635036496350365,4,CMGC,DYRK,DYRK2,DYRK2
DYRK,-5.0325,3,KRSA,0.9635036496350365,4,CMGC,DYRK,DYRK2,DYRK3
DYRK,-5.0325,3,KRSA,0.9635036496350365,4,CMGC,DYRK,DYRK2,DYRK4
DYRK,-5.0325,3,KRSA,0.9635036496350365,4,CMGC,DYRK,HIPK,HIPK1
DYRK,-5.0325,3,KRSA,0.9635036496350365,4,CMGC,DYRK,HIPK,HIPK2
DYRK,-5.0325,3,KRSA,0.9635036496350365,4,CMGC,DYRK,HIPK,HIPK3
DYRK,-5.0325,3,KRSA,0.9635036496350365,4,CMGC,DYRK,HIPK,HIPK4
DYRK,-5.0325,3,KRSA,0.9635036496350365,4,CMGC,DYRK,PRP4,PRPF4B
CDK,-5.128333333333333,2,KRSA,0.9760166840458812,4,CMGC,CDK,CDC2,CDK1
CDK,-5.128333333333333,2,KRSA,0.9760166840458812,4,CMGC,CDK,CDK10,CDK10
CDK,-5.128333333333333,2,KRSA,0.9760166840458812,4,CMGC,CDK,CRK7,CDK12
CDK,-5.128333333333333,2,KRSA,0.9760166840458812,4,CMGC,CDK,CRK7,CDK13
CDK,-5.128333333333333,2,KRSA,0.9760166840458812,4,CMGC,CDK,PFTAIRE,CDK14
CDK,-5.128333333333333,2,KRSA,0.9760166840458812,4,CMGC,CDK,PFTAIRE,CDK15
CDK,-5.128333333333333,2,KRSA,0.9760166840458812,4,CMGC,CDK,PCTAIRE,CDK16
CDK,-5.128333333333333,2,KRSA,0.9760166840458812,4,CMGC,CDK,PCTAIRE,CDK17
CDK,-5.128333333333333,2,KRSA,0.9760166840458812,4,CMGC,CDK,PCTAIRE,CDK18
CDK,-5.128333333333333,2,KRSA,0.9760166840458812,4,CMGC,CDK,CDK8,CDK19
CDK,-5.128333333333333,2,KRSA,0.9760166840458812,4,CMGC,CDK,CDC2,CDK2
CDK,-5.128333333333333,2,KRSA,0.9760166840458812,4,CMGC,CDK,CCRK,CDK20
CDK,-5.128333333333333,2,KRSA,0.9760166840458812,4,CMGC,CDK,CDC2,CDK3
CDK,-5.128333333333333,2,KRSA,0.9760166840458812,4,CMGC,CDK,CDK4,CDK4
CDK,-5.128333333333333,2,KRSA,0.9760166840458812,4,CMGC,CDK,CDK5,CDK5
CDK,-5.128333333333333,2,KRSA,0.9760166840458812,4,CMGC,CDK,CDK4,CDK6
CDK,-5.128333333333333,2,KRSA,0.9760166840458812,4,CMGC,CDK,CDK7,CDK7
CDK,-5.128333333333333,2,KRSA,0.9760166840458812,4,CMGC,CDK,CDK8,CDK8
CDK,-5.128333333333333,2,KRSA,0.9760166840458812,4,CMGC,CDK,CDK9,CDK9
CDK,-5.128333333333333,2,KRSA,0.9760166840458812,4,NA,NA,NA,CDK11A
CDK,-5.128333333333333,2,KRSA,0.9760166840458812,4,NA,NA,NA,CDK11B
PEK,-4.9325,4,KRSA,0.9509906152241918,4,OTHER,PEK,HRI,EIF2AK1
PEK,-4.9325,4,KRSA,0.9509906152241918,4,OTHER,PEK,PKR,EIF2AK2
PEK,-4.9325,4,KRSA,0.9509906152241918,4,OTHER,PEK,PEK,EIF2AK3
PEK,-4.9325,4,KRSA,0.9509906152241918,4,OTHER,PEK,GCN2,EIF2AK4
PDK1,-4.2275,5,KRSA,0.9384775808133472,4,ATYPICAL,PDHK,PDHK,PDK1
PDK1,-4.2275,5,KRSA,0.9384775808133472,4,AGC,PDK1,PDK1,PDPK1
JNK,-4.211666666666667,6,KRSA,0.9259645464025026,4,CMGC,MAPK,JNK,MAPK10
JNK,-4.211666666666667,6,KRSA,0.9259645464025026,4,CMGC,MAPK,JNK,MAPK8
JNK,-4.211666666666667,6,KRSA,0.9259645464025026,4,CMGC,MAPK,JNK,MAPK9
P38,-3.515,8,KRSA,0.9009384775808134,4,CMGC,MAPK,P38,MAPK11
P38,-3.515,8,KRSA,0.9009384775808134,4,CMGC,MAPK,P38,MAPK12
P38,-3.515,8,KRSA,0.9009384775808134,4,CMGC,MAPK,P38,MAPK13
P38,-3.515,8,KRSA,0.9009384775808134,4,CMGC,MAPK,P38,MAPK14
PKA,2.9483333333333333,11,KRSA,0.8633993743482794,4,AGC,PKA,PKA,PRKACA
PKA,2.9483333333333333,11,KRSA,0.8633993743482794,4,AGC,PKA,PKA,PRKACB
PKA,2.9483333333333333,11,KRSA,0.8633993743482794,4,AGC,PKA,PKA,PRKACG
PKA,2.9483333333333333,11,KRSA,0.8633993743482794,4,AGC,PKA,PKA,PRKX
PKA,2.9483333333333333,11,KRSA,0.8633993743482794,4,AGC,PKA,PKA,PRKY
PKG,2.87,12,KRSA,0.8508863399374348,4,AGC,PKG,PKG,PRKG1
PKG,2.87,12,KRSA,0.8508863399374348,4,AGC,PKG,PKG,PRKG2
PKCA,-3.9183333333333334,7,KRSA,0.913451511991658,4,AGC,PKC,ALPHA,PRKCA
PKCA,-3.9183333333333334,7,KRSA,0.913451511991658,4,AGC,PKC,ALPHA,PRKCB
PKCA,-3.9183333333333334,7,KRSA,0.913451511991658,4,AGC,PKC,ALPHA,PRKCG
PLK,-3.288333333333333,9,KRSA,0.8884254431699687,4,NA,NA,NA,PLK5
PLK,-3.288333333333333,9,KRSA,0.8884254431699687,4,OTHER,PLK,PLK1,PLK1
PLK,-3.288333333333333,9,KRSA,0.8884254431699687,4,OTHER,PLK,PLK2,PLK2
PLK,-3.288333333333333,9,KRSA,0.8884254431699687,4,OTHER,PLK,PLK2,PLK3
PLK,-3.288333333333333,9,KRSA,0.8884254431699687,4,OTHER,PLK,SAK,PLK4
NMO,-3.2183333333333333,10,KRSA,0.8759124087591241,4,CMGC,MAPK,NMO,NLK
PRKDC,-1.485,25,KRSA,0.6882168925964547,3,ATYPICAL,PIKK,DNAPK,PRKDC
CAMK1,2.3716666666666666,14,KRSA,0.8258602711157456,4,CAMK,CAMK1,CAMK1,CAMK1
CAMK1,2.3716666666666666,14,KRSA,0.8258602711157456,4,CAMK,CAMK1,CAMK1,CAMK1D
CAMK1,2.3716666666666666,14,KRSA,0.8258602711157456,4,CAMK,CAMK1,CAMK1,CAMK1G
CAMK1,2.3716666666666666,14,KRSA,0.8258602711157456,4,CAMK,CAMK1,CAMK1,CAMK4
CAMK1,2.3716666666666666,14,KRSA,0.8258602711157456,4,CAMK,CAMK1,CAMK1,PNCK
MST,-1.8283333333333336,19,KRSA,0.7632950990615224,4,STE,STE20,MST,STK3
MST,-1.8283333333333336,19,KRSA,0.7632950990615224,4,STE,STE20,MST,STK4
MTOR,-2.211666666666667,15,KRSA,0.8133472367049009,4,ATYPICAL,PIKK,FRAP,MTOR
AMPK,1.4116666666666666,27,KRSA,0.6631908237747653,3,CAMK,CAMKL,AMPK,PRKAA1
AMPK,1.4116666666666666,27,KRSA,0.6631908237747653,3,CAMK,CAMKL,AMPK,PRKAA2
STE7,-2.4058333333333333,13,KRSA,0.8383733055265902,4,STE,STE7,MEK1,MAP2K1
STE7,-2.4058333333333333,13,KRSA,0.8383733055265902,4,STE,STE7,MEK1,MAP2K2
STE7,-2.4058333333333333,13,KRSA,0.8383733055265902,4,STE,STE7,MEK3,MAP2K3
STE7,-2.4058333333333333,13,KRSA,0.8383733055265902,4,STE,STE7,MEK4,MAP2K4
STE7,-2.4058333333333333,13,KRSA,0.8383733055265902,4,STE,STE7,MEK5,MAP2K5
STE7,-2.4058333333333333,13,KRSA,0.8383733055265902,4,STE,STE7,MEK3,MAP2K6
STE7,-2.4058333333333333,13,KRSA,0.8383733055265902,4,STE,STE7,MEK7,MAP2K7
LKB,-1.9433333333333336,17,KRSA,0.7883211678832117,4,CAMK,CAMKL,LKB,STK11
RAF,-1.9416666666666669,18,KRSA,0.7758081334723671,4,TKL,RAF,RAF,ARAF
RAF,-1.9416666666666669,18,KRSA,0.7758081334723671,4,TKL,RAF,RAF,BRAF
RAF,-1.9416666666666669,18,KRSA,0.7758081334723671,4,TKL,RAF,KSR,KSR1
RAF,-1.9416666666666669,18,KRSA,0.7758081334723671,4,TKL,RAF,KSR,KSR2
RAF,-1.9416666666666669,18,KRSA,0.7758081334723671,4,TKL,RAF,RAF,RAF1
QIK,-1.7666666666666666,21,KRSA,0.7382690302398331,3,CAMK,CAMKL,QIK,SIK1
QIK,-1.7666666666666666,21,KRSA,0.7382690302398331,3,CAMK,CAMKL,QIK,SIK2
PKD,0.9641666666666666,48,KRSA,0.40041710114702816,2,CAMK,PKD,PKD,PRKD1
PKD,0.9641666666666666,48,KRSA,0.40041710114702816,2,CAMK,PKD,PKD,PRKD2
PKD,0.9641666666666666,48,KRSA,0.40041710114702816,2,CAMK,PKD,PKD,PRKD3
ATR,-1.6733333333333331,22,KRSA,0.7257559958289885,3,ATYPICAL,PIKK,ATR,ATR
FRAY,-1.3883333333333334,31,KRSA,0.6131386861313869,3,STE,STE20,FRAY,OXSR1
FRAY,-1.3883333333333334,31,KRSA,0.6131386861313869,3,STE,STE20,FRAY,STK39
PKCI,1.5158333333333334,24,KRSA,0.7007299270072993,3,AGC,PKC,IOTA,PRKCI
PKCI,1.5158333333333334,24,KRSA,0.7007299270072993,3,AGC,PKC,IOTA,PRKCZ
GSK,-1.7775,20,KRSA,0.7507820646506778,4,CMGC,GSK,GSK,GSK3A
GSK,-1.7775,20,KRSA,0.7507820646506778,4,CMGC,GSK,GSK,GSK3B
MSN,1.2175,33,KRSA,0.5881126173096975,3,STE,STE20,MSN,MAP4K4
MSN,1.2175,33,KRSA,0.5881126173096975,3,STE,STE20,MSN,NRK
MSN,1.2175,33,KRSA,0.5881126173096975,3,STE,STE20,MSN,TNIK
PHK,-1.4125,26,KRSA,0.67570385818561,3,CAMK,PHK,PHK,PHKG1
PHK,-1.4125,26,KRSA,0.67570385818561,3,CAMK,PHK,PHK,PHKG2
IRAK,-1.0275,40,KRSA,0.5005213764337852,3,TKL,IRAK,IRAK,IRAK1
IRAK,-1.0275,40,KRSA,0.5005213764337852,3,TKL,IRAK,IRAK,IRAK2
IRAK,-1.0275,40,KRSA,0.5005213764337852,3,TKL,IRAK,IRAK,IRAK3
IRAK,-1.0275,40,KRSA,0.5005213764337852,3,TKL,IRAK,IRAK,IRAK4
PAKA,0.8591666666666667,54,KRSA,0.32533889468196037,2,STE,STE20,PAKA,PAK1
PAKA,0.8591666666666667,54,KRSA,0.32533889468196037,2,STE,STE20,PAKA,PAK2
PAKA,0.8591666666666667,54,KRSA,0.32533889468196037,2,STE,STE20,PAKA,PAK3
IKK,-1.5175,23,KRSA,0.7132429614181439,3,OTHER,IKK,IKK,CHUK
IKK,-1.5175,23,KRSA,0.7132429614181439,3,OTHER,IKK,IKK,IKBKB
IKK,-1.5175,23,KRSA,0.7132429614181439,3,OTHER,IKK,IKK,IKBKE
IKK,-1.5175,23,KRSA,0.7132429614181439,3,OTHER,IKK,IKK,TBK1
KHS,0.9475,50,KRSA,0.3753910323253389,2,STE,STE20,KHS,MAP4K1
KHS,0.9475,50,KRSA,0.3753910323253389,2,STE,STE20,KHS,MAP4K2
KHS,0.9475,50,KRSA,0.3753910323253389,2,STE,STE20,KHS,MAP4K3
KHS,0.9475,50,KRSA,0.3753910323253389,2,STE,STE20,KHS,MAP4K5
RAD53,1.0466666666666666,39,KRSA,0.5130344108446299,3,CAMK,RAD53,RAD53,CHEK2
TAO,0.425,68,KRSA,0.15015641293013557,1,STE,STE20,TAO,TAOK1
TAO,0.425,68,KRSA,0.15015641293013557,1,STE,STE20,TAO,TAOK2
TAO,0.425,68,KRSA,0.15015641293013557,1,STE,STE20,TAO,TAOK3
PASK,1.1358333333333333,35,KRSA,0.5630865484880083,3,CAMK,CAMKL,PASK,PASK
STE11,-1.2875,32,KRSA,0.6006256517205423,3,TKL,MLK,TAK1,MAP3K7
STE11,-1.2875,32,KRSA,0.6006256517205423,3,STE,STE11,MEKK1,MAP3K1
STE11,-1.2875,32,KRSA,0.6006256517205423,3,STE,STE11,ASK,MAP3K15
STE11,-1.2875,32,KRSA,0.6006256517205423,3,STE,STE11,MEKK2,MAP3K2
STE11,-1.2875,32,KRSA,0.6006256517205423,3,STE,STE11,MEKK2,MAP3K3
STE11,-1.2875,32,KRSA,0.6006256517205423,3,STE,STE11,MEKK4,MAP3K4
STE11,-1.2875,32,KRSA,0.6006256517205423,3,STE,STE11,ASK,MAP3K5
STE11,-1.2875,32,KRSA,0.6006256517205423,3,STE,STE11,ASK,MAP3K6
SLK,0.5891666666666667,62,KRSA,0.22523461939520334,1,STE,STE20,SLK,SLK
SLK,0.5891666666666667,62,KRSA,0.22523461939520334,1,STE,STE20,SLK,STK10
NUAK,-1.3966666666666667,30,KRSA,0.6256517205422315,3,CAMK,CAMKL,NUAK,NUAK1
NUAK,-1.3966666666666667,30,KRSA,0.6256517205422315,3,CAMK,CAMKL,NUAK,NUAK2
TLK,-1.4058333333333333,28,KRSA,0.6506777893639207,3,OTHER,TLK,TLK,TLK1
TLK,-1.4058333333333333,28,KRSA,0.6506777893639207,3,OTHER,TLK,TLK,TLK2
CK1,-1.9908333333333337,16,KRSA,0.8008342022940563,4,CK1,CK1,CK1-A,CSNK1A1
CK1,-1.9908333333333337,16,KRSA,0.8008342022940563,4,CK1,CK1,CK1-A,CSNK1A1L
CK1,-1.9908333333333337,16,KRSA,0.8008342022940563,4,CK1,CK1,CK1-D,CSNK1D
CK1,-1.9908333333333337,16,KRSA,0.8008342022940563,4,CK1,CK1,CK1-D,CSNK1E
CK1,-1.9908333333333337,16,KRSA,0.8008342022940563,4,CK1,CK1,CK1-G,CSNK1G1
CK1,-1.9908333333333337,16,KRSA,0.8008342022940563,4,CK1,CK1,CK1-G,CSNK1G2
CK1,-1.9908333333333337,16,KRSA,0.8008342022940563,4,CK1,CK1,CK1-G,CSNK1G3
CK1,-1.9908333333333337,16,KRSA,0.8008342022940563,4,CK1,TTBK,TTBK,TTBK1
CK1,-1.9908333333333337,16,KRSA,0.8008342022940563,4,CK1,TTBK,TTBK,TTBK2
CK1,-1.9908333333333337,16,KRSA,0.8008342022940563,4,CK1,VRK,VRK,VRK3
PKCD,1.0625,38,KRSA,0.5255474452554745,3,AGC,PKC,DELTA,PRKCD
PKCD,1.0625,38,KRSA,0.5255474452554745,3,AGC,PKC,DELTA,PRKCQ
TTK,-1.3983333333333334,29,KRSA,0.6381647549530761,3,OTHER,TTK,TTK,TTK
DAPK,-1.0841666666666667,36,KRSA,0.5505735140771637,3,CAMK,DAPK,DAPK,DAPK1
DAPK,-1.0841666666666667,36,KRSA,0.5505735140771637,3,CAMK,DAPK,DAPK,DAPK2
DAPK,-1.0841666666666667,36,KRSA,0.5505735140771637,3,CAMK,DAPK,DAPK,DAPK3
DAPK,-1.0841666666666667,36,KRSA,0.5505735140771637,3,CAMK,DAPK,DRAK,STK17A
DAPK,-1.0841666666666667,36,KRSA,0.5505735140771637,3,CAMK,DAPK,DRAK,STK17B
COT,0.8758333333333332,53,KRSA,0.337851929092805,2,STE,STE-UNIQUE,STE-UNIQUE,MAP3K8
RSK,0.7483333333333333,56,KRSA,0.30031282586027114,2,AGC,RSK,RSK,RPS6KA1
RSK,0.7483333333333333,56,KRSA,0.30031282586027114,2,AGC,RSK,RSK,RPS6KA2
RSK,0.7483333333333333,56,KRSA,0.30031282586027114,2,AGC,RSK,RSK,RPS6KA3
RSK,0.7483333333333333,56,KRSA,0.30031282586027114,2,AGC,RSK,MSK,RPS6KA4
RSK,0.7483333333333333,56,KRSA,0.30031282586027114,2,AGC,RSK,MSK,RPS6KA5
RSK,0.7483333333333333,56,KRSA,0.30031282586027114,2,AGC,RSK,RSK,RPS6KA6
RSK,0.7483333333333333,56,KRSA,0.30031282586027114,2,AGC,RSK,P70,RPS6KB1
RSK,0.7483333333333333,56,KRSA,0.30031282586027114,2,AGC,RSK,P70,RPS6KB2
VRK1,-1.1908333333333334,34,KRSA,0.5755995828988529,3,CK1,VRK,VRK,VRK1
RIPK,0.1508333333333333,76,KRSA,0.05005213764337852,1,TKL,RIPK,RIPK,ANKK1
RIPK,0.1508333333333333,76,KRSA,0.05005213764337852,1,TKL,RIPK,RIPK,RIPK1
RIPK,0.1508333333333333,76,KRSA,0.05005213764337852,1,TKL,RIPK,RIPK,RIPK2
RIPK,0.1508333333333333,76,KRSA,0.05005213764337852,1,TKL,RIPK,RIPK,RIPK3
RIPK,0.1508333333333333,76,KRSA,0.05005213764337852,1,TKL,RIPK,RIPK,RIPK4
NDR,-0.9366666666666666,51,KRSA,0.36287799791449427,2,AGC,NDR,NDR,LATS1
NDR,-0.9366666666666666,51,KRSA,0.36287799791449427,2,AGC,NDR,NDR,LATS2
NDR,-0.9366666666666666,51,KRSA,0.36287799791449427,2,AGC,NDR,NDR,STK38
NDR,-0.9366666666666666,51,KRSA,0.36287799791449427,2,AGC,NDR,NDR,STK38L
MLCK,-0.13166666666666663,78,KRSA,0.02502606882168926,1,CAMK,MLCK,MLCK,MYLK
MLCK,-0.13166666666666663,78,KRSA,0.02502606882168926,1,CAMK,MLCK,MLCK,MYLK2
MLCK,-0.13166666666666663,78,KRSA,0.02502606882168926,1,CAMK,MLCK,MLCK,TTN
MOS,-0.9941666666666666,41,KRSA,0.4880083420229406,2,OTHER,MOS,MOS,MOS
NIK,-0.9858333333333332,43,KRSA,0.4629822732012513,2,STE,STE-UNIQUE,STE-UNIQUE,MAP3K14
WNK,-0.9766666666666668,47,KRSA,0.4129301355578728,2,OTHER,WNK,WNK,WNK1
WNK,-0.9766666666666668,47,KRSA,0.4129301355578728,2,OTHER,WNK,WNK,WNK2
WNK,-0.9766666666666668,47,KRSA,0.4129301355578728,2,OTHER,WNK,WNK,WNK3
WNK,-0.9766666666666668,47,KRSA,0.4129301355578728,2,OTHER,WNK,WNK,WNK4
ULK,-0.9775,46,KRSA,0.4254431699687174,2,OTHER,ULK,FUSED,STK36
ULK,-0.9775,46,KRSA,0.4254431699687174,2,OTHER,ULK,ULK,ULK1
ULK,-0.9775,46,KRSA,0.4254431699687174,2,OTHER,ULK,ULK,ULK2
ULK,-0.9775,46,KRSA,0.4254431699687174,2,OTHER,ULK,ULK,ULK3
ULK,-0.9775,46,KRSA,0.4254431699687174,2,OTHER,ULK,ULK,ULK4
BRSK,-0.27499999999999997,71,KRSA,0.11261730969760167,1,CAMK,CAMKL,BRSK,BRSK1
BRSK,-0.27499999999999997,71,KRSA,0.11261730969760167,1,CAMK,CAMKL,BRSK,BRSK2
BUD32,-0.9875,42,KRSA,0.4754953076120959,2,OTHER,BUD32,BUD32,TP53RK
CLK,-0.9783333333333334,45,KRSA,0.43795620437956206,2,CMGC,CLK,CLK,CLK1
CLK,-0.9783333333333334,45,KRSA,0.43795620437956206,2,CMGC,CLK,CLK,CLK2
CLK,-0.9783333333333334,45,KRSA,0.43795620437956206,2,CMGC,CLK,CLK,CLK3
CLK,-0.9783333333333334,45,KRSA,0.43795620437956206,2,CMGC,CLK,CLK,CLK4
CAMKK,-0.985,44,KRSA,0.4504692387904067,2,OTHER,CAMKK,META,CAMKK1
CAMKK,-0.985,44,KRSA,0.4504692387904067,2,OTHER,CAMKK,META,CAMKK2
PKCH,-0.7041666666666667,59,KRSA,0.26277372262773724,2,AGC,PKC,ETA,PRKCE
PKCH,-0.7041666666666667,59,KRSA,0.26277372262773724,2,AGC,PKC,ETA,PRKCH
NEK,-1.080833333333333,37,KRSA,0.5380604796663191,3,OTHER,NEK,NEK11,NEK11
NEK,-1.080833333333333,37,KRSA,0.5380604796663191,3,OTHER,NEK,NEK2,NEK2
NEK,-1.080833333333333,37,KRSA,0.5380604796663191,3,OTHER,NEK,NEK1,NEK3
NEK,-1.080833333333333,37,KRSA,0.5380604796663191,3,OTHER,NEK,NEK4,NEK4
NEK,-1.080833333333333,37,KRSA,0.5380604796663191,3,OTHER,NEK,NEK1,NEK5
NEK,-1.080833333333333,37,KRSA,0.5380604796663191,3,OTHER,NEK,NEK6,NEK6
NEK,-1.080833333333333,37,KRSA,0.5380604796663191,3,OTHER,NEK,NEK6,NEK7
NEK,-1.080833333333333,37,KRSA,0.5380604796663191,3,OTHER,NEK,NEK8,NEK8
NEK,-1.080833333333333,37,KRSA,0.5380604796663191,3,OTHER,NEK,NEK8,NEK9
ATM,-0.9208333333333334,52,KRSA,0.35036496350364965,2,ATYPICAL,PIKK,ATM,ATM
CHK1,0.6325,61,KRSA,0.23774765380604795,1,CAMK,CAMKL,CHK1,CHEK1
MLK,-0.5291666666666667,65,KRSA,0.18769551616266944,1,TKL,MLK,ILK,ILK
MLK,-0.5291666666666667,65,KRSA,0.18769551616266944,1,TKL,MLK,MLK,MAP3K10
MLK,-0.5291666666666667,65,KRSA,0.18769551616266944,1,TKL,MLK,MLK,MAP3K11
MLK,-0.5291666666666667,65,KRSA,0.18769551616266944,1,TKL,MLK,LZK,MAP3K12
MLK,-0.5291666666666667,65,KRSA,0.18769551616266944,1,TKL,MLK,LZK,MAP3K13
MLK,-0.5291666666666667,65,KRSA,0.18769551616266944,1,TKL,MLK,MLK,MAP3K9
MLK,-0.5291666666666667,65,KRSA,0.18769551616266944,1,TKL,MLK,HH498,TNNI3K
AUR,0.04416666666666667,80,KRSA,0,1,OTHER,AUR,AUR,AURKA
AUR,0.04416666666666667,80,KRSA,0,1,OTHER,AUR,AUR,AURKB
AUR,0.04416666666666667,80,KRSA,0,1,OTHER,AUR,AUR,AURKC
DMPK,-0.9541666666666668,49,KRSA,0.38790406673618355,2,AGC,DMPK,GEK,CDC42BPA
DMPK,-0.9541666666666668,49,KRSA,0.38790406673618355,2,AGC,DMPK,GEK,CDC42BPB
DMPK,-0.9541666666666668,49,KRSA,0.38790406673618355,2,AGC,DMPK,GEK,CDC42BPG
DMPK,-0.9541666666666668,49,KRSA,0.38790406673618355,2,AGC,DMPK,CRIK,CIT
DMPK,-0.9541666666666668,49,KRSA,0.38790406673618355,2,AGC,DMPK,GEK,DMPK
DMPK,-0.9541666666666668,49,KRSA,0.38790406673618355,2,AGC,DMPK,ROCK,ROCK1
DMPK,-0.9541666666666668,49,KRSA,0.38790406673618355,2,AGC,DMPK,ROCK,ROCK2
PIM,0.7675,55,KRSA,0.31282586027111575,2,CAMK,PIM,PIM,PIM1
PIM,0.7675,55,KRSA,0.31282586027111575,2,CAMK,PIM,PIM,PIM2
PIM,0.7675,55,KRSA,0.31282586027111575,2,CAMK,PIM,PIM,PIM3
SGK,0.4725,67,KRSA,0.16266944734098018,1,AGC,SGK,SGK,SGK1
SGK,0.4725,67,KRSA,0.16266944734098018,1,AGC,SGK,SGK,SGK2
SGK,0.4725,67,KRSA,0.16266944734098018,1,AGC,SGK,SGK,SGK3
MELK,-0.6616666666666667,60,KRSA,0.2502606882168926,2,CAMK,CAMKL,MELK,MELK
PAKB,-0.15333333333333332,75,KRSA,0.06256517205422316,1,STE,STE20,PAKB,PAK4
PAKB,-0.15333333333333332,75,KRSA,0.06256517205422316,1,STE,STE20,PAKB,PAK5
PAKB,-0.15333333333333332,75,KRSA,0.06256517205422316,1,STE,STE20,PAKB,PAK6
PKN,-0.5433333333333333,64,KRSA,0.20020855057351408,1,AGC,PKN,PKN,PKN1
PKN,-0.5433333333333333,64,KRSA,0.20020855057351408,1,AGC,PKN,PKN,PKN2
PKN,-0.5433333333333333,64,KRSA,0.20020855057351408,1,AGC,PKN,PKN,PKN3
NAK,-0.17166666666666666,74,KRSA,0.07507820646506778,1,OTHER,NAK,BIKE,AAK1
NAK,-0.17166666666666666,74,KRSA,0.07507820646506778,1,OTHER,NAK,BIKE,BMP2K
NAK,-0.17166666666666666,74,KRSA,0.07507820646506778,1,OTHER,NAK,GAK,GAK
NAK,-0.17166666666666666,74,KRSA,0.07507820646506778,1,OTHER,NAK,MPSK,STK16
HAL,0.7308333333333333,57,KRSA,0.28779979144942647,2,RGC,RGC,RGC,NPR1
BARK2,-0.4875,66,KRSA,0.17518248175182483,1,AGC,GRK,BARK,GRK3
CAMK2,0.1883333333333333,73,KRSA,0.08759124087591241,1,CAMK,CAMK2,CAMK2,CAMK2A
CAMK2,0.1883333333333333,73,KRSA,0.08759124087591241,1,CAMK,CAMK2,CAMK2,CAMK2B
CAMK2,0.1883333333333333,73,KRSA,0.08759124087591241,1,CAMK,CAMK2,CAMK2,CAMK2D
CAMK2,0.1883333333333333,73,KRSA,0.08759124087591241,1,CAMK,CAMK2,CAMK2,CAMK2G
GRK,0.14583333333333331,77,KRSA,0.03753910323253389,1,AGC,GRK,GRK,GRK1
GRK,0.14583333333333331,77,KRSA,0.03753910323253389,1,AGC,GRK,GRK,GRK4
GRK,0.14583333333333331,77,KRSA,0.03753910323253389,1,AGC,GRK,GRK,GRK5
GRK,0.14583333333333331,77,KRSA,0.03753910323253389,1,AGC,GRK,GRK,GRK6
GRK,0.14583333333333331,77,KRSA,0.03753910323253389,1,AGC,GRK,GRK,GRK7
STKR,0.1125,79,KRSA,0.01251303441084463,1,TKL,STKR,TYPE1,ACVR1
STKR,0.1125,79,KRSA,0.01251303441084463,1,TKL,STKR,TYPE1,ACVR1B
STKR,0.1125,79,KRSA,0.01251303441084463,1,TKL,STKR,TYPE1,ACVR1C
STKR,0.1125,79,KRSA,0.01251303441084463,1,TKL,STKR,TYPE2,ACVR2A
STKR,0.1125,79,KRSA,0.01251303441084463,1,TKL,STKR,TYPE2,ACVR2B
STKR,0.1125,79,KRSA,0.01251303441084463,1,TKL,STKR,TYPE1,ACVRL1
STKR,0.1125,79,KRSA,0.01251303441084463,1,TKL,STKR,TYPE2,AMHR2
STKR,0.1125,79,KRSA,0.01251303441084463,1,TKL,STKR,TYPE1,BMPR1A
STKR,0.1125,79,KRSA,0.01251303441084463,1,TKL,STKR,TYPE1,BMPR1B
STKR,0.1125,79,KRSA,0.01251303441084463,1,TKL,STKR,TYPE2,BMPR2
STKR,0.1125,79,KRSA,0.01251303441084463,1,TKL,STKR,TYPE1,TGFBR1
STKR,0.1125,79,KRSA,0.01251303441084463,1,TKL,STKR,TYPE2,TGFBR2
AKT,-0.29333333333333333,70,KRSA,0.1251303441084463,1,AGC,AKT,AKT,AKT1
AKT,-0.29333333333333333,70,KRSA,0.1251303441084463,1,AGC,AKT,AKT,AKT2
AKT,-0.29333333333333333,70,KRSA,0.1251303441084463,1,AGC,AKT,AKT,AKT3
PDHK,-0.3375,69,KRSA,0.13764337851929093,1,ATYPICAL,PDHK,BCKDK,BCKDK
PDHK,-0.3375,69,KRSA,0.13764337851929093,1,ATYPICAL,PDHK,PDHK,PDK2
PDHK,-0.3375,69,KRSA,0.13764337851929093,1,ATYPICAL,PDHK,PDHK,PDK3
PDHK,-0.3375,69,KRSA,0.13764337851929093,1,ATYPICAL,PDHK,PDHK,PDK4
CK2,-0.5483333333333333,63,KRSA,0.2127215849843587,1,CMGC,CK2,CK2,CSNK2A1
CK2,-0.5483333333333333,63,KRSA,0.2127215849843587,1,CMGC,CK2,CK2,CSNK2A2
CK2,-0.5483333333333333,63,KRSA,0.2127215849843587,1,NA,NA,NA,CSNK2A3
MAPKAPK,0.2683333333333333,72,KRSA,0.10010427528675704,1,CAMK,MAPKAPK,MAPKAPK,MAPKAPK2
MAPKAPK,0.2683333333333333,72,KRSA,0.10010427528675704,1,CAMK,MAPKAPK,MAPKAPK,MAPKAPK3
MAPKAPK,0.2683333333333333,72,KRSA,0.10010427528675704,1,CAMK,MAPKAPK,MAPKAPK,MAPKAPK5
MAPKAPK,0.2683333333333333,72,KRSA,0.10010427528675704,1,CAMK,MAPKAPK,MNK,MKNK1
MAPKAPK,0.2683333333333333,72,KRSA,0.10010427528675704,1,CAMK,MAPKAPK,MNK,MKNK2
ERK,-5.575,1,KRSA,0.9885297184567258,4,CMGC,MAPK,ERK1,MAPK1
ERK,-5.575,1,KRSA,0.9885297184567258,4,CMGC,MAPK,ERK7,MAPK15
ERK,-5.575,1,KRSA,0.9885297184567258,4,CMGC,MAPK,ERK1,MAPK3
ERK,-5.575,1,KRSA,0.9885297184567258,4,CMGC,MAPK,ERK3,MAPK4
ERK,-5.575,1,KRSA,0.9885297184567258,4,CMGC,MAPK,ERK3,MAPK6
ERK,-5.575,1,KRSA,0.9885297184567258,4,CMGC,MAPK,ERK5,MAPK7
DYRK,-5.0325,3,KRSA,0.9635036496350365,4,CMGC,DYRK,DYRK1,DYRK1A
DYRK,-5.0325,3,KRSA,0.9635036496350365,4,CMGC,DYRK,DYRK1,DYRK1B
DYRK,-5.0325,3,KRSA,0.9635036496350365,4,CMGC,DYRK,DYRK2,DYRK2
DYRK,-5.0325,3,KRSA,0.9635036496350365,4,CMGC,DYRK,DYRK2,DYRK3
DYRK,-5.0325,3,KRSA,0.9635036496350365,4,CMGC,DYRK,DYRK2,DYRK4
DYRK,-5.0325,3,KRSA,0.9635036496350365,4,CMGC,DYRK,HIPK,HIPK1
DYRK,-5.0325,3,KRSA,0.9635036496350365,4,CMGC,DYRK,HIPK,HIPK2
DYRK,-5.0325,3,KRSA,0.9635036496350365,4,CMGC,DYRK,HIPK,HIPK3
DYRK,-5.0325,3,KRSA,0.9635036496350365,4,CMGC,DYRK,HIPK,HIPK4
DYRK,-5.0325,3,KRSA,0.9635036496350365,4,CMGC,DYRK,PRP4,PRPF4B
CDK,-5.128333333333333,2,KRSA,0.9760166840458812,4,CMGC,CDK,CDC2,CDK1
CDK,-5.128333333333333,2,KRSA,0.9760166840458812,4,CMGC,CDK,CDK10,CDK10
CDK,-5.128333333333333,2,KRSA,0.9760166840458812,4,CMGC,CDK,CRK7,CDK12
CDK,-5.128333333333333,2,KRSA,0.9760166840458812,4,CMGC,CDK,CRK7,CDK13
CDK,-5.128333333333333,2,KRSA,0.9760166840458812,4,CMGC,CDK,PFTAIRE,CDK14
CDK,-5.128333333333333,2,KRSA,0.9760166840458812,4,CMGC,CDK,PFTAIRE,CDK15
CDK,-5.128333333333333,2,KRSA,0.9760166840458812,4,CMGC,CDK,PCTAIRE,CDK16
CDK,-5.128333333333333,2,KRSA,0.9760166840458812,4,CMGC,CDK,PCTAIRE,CDK17
CDK,-5.128333333333333,2,KRSA,0.9760166840458812,4,CMGC,CDK,PCTAIRE,CDK18
CDK,-5.128333333333333,2,KRSA,0.9760166840458812,4,CMGC,CDK,CDK8,CDK19
CDK,-5.128333333333333,2,KRSA,0.9760166840458812,4,CMGC,CDK,CDC2,CDK2
CDK,-5.128333333333333,2,KRSA,0.9760166840458812,4,CMGC,CDK,CCRK,CDK20
CDK,-5.128333333333333,2,KRSA,0.9760166840458812,4,CMGC,CDK,CDC2,CDK3
CDK,-5.128333333333333,2,KRSA,0.9760166840458812,4,CMGC,CDK,CDK4,CDK4
CDK,-5.128333333333333,2,KRSA,0.9760166840458812,4,CMGC,CDK,CDK5,CDK5
CDK,-5.128333333333333,2,KRSA,0.9760166840458812,4,CMGC,CDK,CDK4,CDK6
CDK,-5.128333333333333,2,KRSA,0.9760166840458812,4,CMGC,CDK,CDK7,CDK7
CDK,-5.128333333333333,2,KRSA,0.9760166840458812,4,CMGC,CDK,CDK8,CDK8
CDK,-5.128333333333333,2,KRSA,0.9760166840458812,4,CMGC,CDK,CDK9,CDK9
CDK,-5.128333333333333,2,KRSA,0.9760166840458812,4,NA,NA,NA,CDK11A
CDK,-5.128333333333333,2,KRSA,0.9760166840458812,4,NA,NA,NA,CDK11B
PKA,2.9483333333333333,11,KRSA,0.8633993743482794,4,AGC,PKA,PKA,PRKACA
PKA,2.9483333333333333,11,KRSA,0.8633993743482794,4,AGC,PKA,PKA,PRKACB
PKA,2.9483333333333333,11,KRSA,0.8633993743482794,4,AGC,PKA,PKA,PRKACG
PKA,2.9483333333333333,11,KRSA,0.8633993743482794,4,AGC,PKA,PKA,PRKX
PKA,2.9483333333333333,11,KRSA,0.8633993743482794,4,AGC,PKA,PKA,PRKY
PDK1,-4.2275,5,KRSA,0.9384775808133472,4,ATYPICAL,PDHK,PDHK,PDK1
PDK1,-4.2275,5,KRSA,0.9384775808133472,4,AGC,PDK1,PDK1,PDPK1
PEK,-4.9325,4,KRSA,0.9509906152241918,4,OTHER,PEK,HRI,EIF2AK1
PEK,-4.9325,4,KRSA,0.9509906152241918,4,OTHER,PEK,PKR,EIF2AK2
PEK,-4.9325,4,KRSA,0.9509906152241918,4,OTHER,PEK,PEK,EIF2AK3
PEK,-4.9325,4,KRSA,0.9509906152241918,4,OTHER,PEK,GCN2,EIF2AK4
JNK,-4.211666666666667,6,KRSA,0.9259645464025026,4,CMGC,MAPK,JNK,MAPK10
JNK,-4.211666666666667,6,KRSA,0.9259645464025026,4,CMGC,MAPK,JNK,MAPK8
JNK,-4.211666666666667,6,KRSA,0.9259645464025026,4,CMGC,MAPK,JNK,MAPK9
P38,-3.515,8,KRSA,0.9009384775808134,4,CMGC,MAPK,P38,MAPK11
P38,-3.515,8,KRSA,0.9009384775808134,4,CMGC,MAPK,P38,MAPK12
P38,-3.515,8,KRSA,0.9009384775808134,4,CMGC,MAPK,P38,MAPK13
P38,-3.515,8,KRSA,0.9009384775808134,4,CMGC,MAPK,P38,MAPK14
PKG,2.87,12,KRSA,0.8508863399374348,4,AGC,PKG,PKG,PRKG1
PKG,2.87,12,KRSA,0.8508863399374348,4,AGC,PKG,PKG,PRKG2
CAMK1,2.3716666666666666,14,KRSA,0.8258602711157456,4,CAMK,CAMK1,CAMK1,CAMK1
CAMK1,2.3716666666666666,14,KRSA,0.8258602711157456,4,CAMK,CAMK1,CAMK1,CAMK1D
CAMK1,2.3716666666666666,14,KRSA,0.8258602711157456,4,CAMK,CAMK1,CAMK1,CAMK1G
CAMK1,2.3716666666666666,14,KRSA,0.8258602711157456,4,CAMK,CAMK1,CAMK1,CAMK4
CAMK1,2.3716666666666666,14,KRSA,0.8258602711157456,4,CAMK,CAMK1,CAMK1,PNCK
PLK,-3.288333333333333,9,KRSA,0.8884254431699687,4,NA,NA,NA,PLK5
PLK,-3.288333333333333,9,KRSA,0.8884254431699687,4,OTHER,PLK,PLK1,PLK1
PLK,-3.288333333333333,9,KRSA,0.8884254431699687,4,OTHER,PLK,PLK2,PLK2
PLK,-3.288333333333333,9,KRSA,0.8884254431699687,4,OTHER,PLK,PLK2,PLK3
PLK,-3.288333333333333,9,KRSA,0.8884254431699687,4,OTHER,PLK,SAK,PLK4
PKD,0.9641666666666666,48,KRSA,0.40041710114702816,2,CAMK,PKD,PKD,PRKD1
PKD,0.9641666666666666,48,KRSA,0.40041710114702816,2,CAMK,PKD,PKD,PRKD2
PKD,0.9641666666666666,48,KRSA,0.40041710114702816,2,CAMK,PKD,PKD,PRKD3
AMPK,1.4116666666666666,27,KRSA,0.6631908237747653,3,CAMK,CAMKL,AMPK,PRKAA1
AMPK,1.4116666666666666,27,KRSA,0.6631908237747653,3,CAMK,CAMKL,AMPK,PRKAA2
NMO,-3.2183333333333333,10,KRSA,0.8759124087591241,4,CMGC,MAPK,NMO,NLK
PKCA,-3.9183333333333334,7,KRSA,0.913451511991658,4,AGC,PKC,ALPHA,PRKCA
PKCA,-3.9183333333333334,7,KRSA,0.913451511991658,4,AGC,PKC,ALPHA,PRKCB
PKCA,-3.9183333333333334,7,KRSA,0.913451511991658,4,AGC,PKC,ALPHA,PRKCG
MTOR,-2.211666666666667,15,KRSA,0.8133472367049009,4,ATYPICAL,PIKK,FRAP,MTOR
MST,-1.8283333333333336,19,KRSA,0.7632950990615224,4,STE,STE20,MST,STK3
MST,-1.8283333333333336,19,KRSA,0.7632950990615224,4,STE,STE20,MST,STK4
PRKDC,-1.485,25,KRSA,0.6882168925964547,3,ATYPICAL,PIKK,DNAPK,PRKDC
RAF,-1.9416666666666669,18,KRSA,0.7758081334723671,4,TKL,RAF,RAF,ARAF
RAF,-1.9416666666666669,18,KRSA,0.7758081334723671,4,TKL,RAF,RAF,BRAF
RAF,-1.9416666666666669,18,KRSA,0.7758081334723671,4,TKL,RAF,KSR,KSR1
RAF,-1.9416666666666669,18,KRSA,0.7758081334723671,4,TKL,RAF,KSR,KSR2
RAF,-1.9416666666666669,18,KRSA,0.7758081334723671,4,TKL,RAF,RAF,RAF1
LKB,-1.9433333333333336,17,KRSA,0.7883211678832117,4,CAMK,CAMKL,LKB,STK11
STE7,-2.4058333333333333,13,KRSA,0.8383733055265902,4,STE,STE7,MEK1,MAP2K1
STE7,-2.4058333333333333,13,KRSA,0.8383733055265902,4,STE,STE7,MEK1,MAP2K2
STE7,-2.4058333333333333,13,KRSA,0.8383733055265902,4,STE,STE7,MEK3,MAP2K3
STE7,-2.4058333333333333,13,KRSA,0.8383733055265902,4,STE,STE7,MEK4,MAP2K4
STE7,-2.4058333333333333,13,KRSA,0.8383733055265902,4,STE,STE7,MEK5,MAP2K5
STE7,-2.4058333333333333,13,KRSA,0.8383733055265902,4,STE,STE7,MEK3,MAP2K6
STE7,-2.4058333333333333,13,KRSA,0.8383733055265902,4,STE,STE7,MEK7,MAP2K7
MSN,1.2175,33,KRSA,0.5881126173096975,3,STE,STE20,MSN,MAP4K4
MSN,1.2175,33,KRSA,0.5881126173096975,3,STE,STE20,MSN,NRK
MSN,1.2175,33,KRSA,0.5881126173096975,3,STE,STE20,MSN,TNIK
PAKA,0.8591666666666667,54,KRSA,0.32533889468196037,2,STE,STE20,PAKA,PAK1
PAKA,0.8591666666666667,54,KRSA,0.32533889468196037,2,STE,STE20,PAKA,PAK2
PAKA,0.8591666666666667,54,KRSA,0.32533889468196037,2,STE,STE20,PAKA,PAK3
PKCD,1.0625,38,KRSA,0.5255474452554745,3,AGC,PKC,DELTA,PRKCD
PKCD,1.0625,38,KRSA,0.5255474452554745,3,AGC,PKC,DELTA,PRKCQ
QIK,-1.7666666666666666,21,KRSA,0.7382690302398331,3,CAMK,CAMKL,QIK,SIK1
QIK,-1.7666666666666666,21,KRSA,0.7382690302398331,3,CAMK,CAMKL,QIK,SIK2
VRK1,-1.1908333333333334,34,KRSA,0.5755995828988529,3,CK1,VRK,VRK,VRK1
RSK,0.7483333333333333,56,KRSA,0.30031282586027114,2,AGC,RSK,RSK,RPS6KA1
RSK,0.7483333333333333,56,KRSA,0.30031282586027114,2,AGC,RSK,RSK,RPS6KA2
RSK,0.7483333333333333,56,KRSA,0.30031282586027114,2,AGC,RSK,RSK,RPS6KA3
RSK,0.7483333333333333,56,KRSA,0.30031282586027114,2,AGC,RSK,MSK,RPS6KA4
RSK,0.7483333333333333,56,KRSA,0.30031282586027114,2,AGC,RSK,MSK,RPS6KA5
RSK,0.7483333333333333,56,KRSA,0.30031282586027114,2,AGC,RSK,RSK,RPS6KA6
RSK,0.7483333333333333,56,KRSA,0.30031282586027114,2,AGC,RSK,P70,RPS6KB1
RSK,0.7483333333333333,56,KRSA,0.30031282586027114,2,AGC,RSK,P70,RPS6KB2
PKCI,1.5158333333333334,24,KRSA,0.7007299270072993,3,AGC,PKC,IOTA,PRKCI
PKCI,1.5158333333333334,24,KRSA,0.7007299270072993,3,AGC,PKC,IOTA,PRKCZ
GSK,-1.7775,20,KRSA,0.7507820646506778,4,CMGC,GSK,GSK,GSK3A
GSK,-1.7775,20,KRSA,0.7507820646506778,4,CMGC,GSK,GSK,GSK3B
ATR,-1.6733333333333331,22,KRSA,0.7257559958289885,3,ATYPICAL,PIKK,ATR,ATR
TAO,0.425,68,KRSA,0.15015641293013557,1,STE,STE20,TAO,TAOK1
TAO,0.425,68,KRSA,0.15015641293013557,1,STE,STE20,TAO,TAOK2
TAO,0.425,68,KRSA,0.15015641293013557,1,STE,STE20,TAO,TAOK3
PASK,1.1358333333333333,35,KRSA,0.5630865484880083,3,CAMK,CAMKL,PASK,PASK
KHS,0.9475,50,KRSA,0.3753910323253389,2,STE,STE20,KHS,MAP4K1
KHS,0.9475,50,KRSA,0.3753910323253389,2,STE,STE20,KHS,MAP4K2
KHS,0.9475,50,KRSA,0.3753910323253389,2,STE,STE20,KHS,MAP4K3
KHS,0.9475,50,KRSA,0.3753910323253389,2,STE,STE20,KHS,MAP4K5
SLK,0.5891666666666667,62,KRSA,0.22523461939520334,1,STE,STE20,SLK,SLK
SLK,0.5891666666666667,62,KRSA,0.22523461939520334,1,STE,STE20,SLK,STK10
FRAY,-1.3883333333333334,31,KRSA,0.6131386861313869,3,STE,STE20,FRAY,OXSR1
FRAY,-1.3883333333333334,31,KRSA,0.6131386861313869,3,STE,STE20,FRAY,STK39
RAD53,1.0466666666666666,39,KRSA,0.5130344108446299,3,CAMK,RAD53,RAD53,CHEK2
CK1,-1.9908333333333337,16,KRSA,0.8008342022940563,4,CK1,CK1,CK1-A,CSNK1A1
CK1,-1.9908333333333337,16,KRSA,0.8008342022940563,4,CK1,CK1,CK1-A,CSNK1A1L
CK1,-1.9908333333333337,16,KRSA,0.8008342022940563,4,CK1,CK1,CK1-D,CSNK1D
CK1,-1.9908333333333337,16,KRSA,0.8008342022940563,4,CK1,CK1,CK1-D,CSNK1E
CK1,-1.9908333333333337,16,KRSA,0.8008342022940563,4,CK1,CK1,CK1-G,CSNK1G1
CK1,-1.9908333333333337,16,KRSA,0.8008342022940563,4,CK1,CK1,CK1-G,CSNK1G2
CK1,-1.9908333333333337,16,KRSA,0.8008342022940563,4,CK1,CK1,CK1-G,CSNK1G3
CK1,-1.9908333333333337,16,KRSA,0.8008342022940563,4,CK1,TTBK,TTBK,TTBK1
CK1,-1.9908333333333337,16,KRSA,0.8008342022940563,4,CK1,TTBK,TTBK,TTBK2
CK1,-1.9908333333333337,16,KRSA,0.8008342022940563,4,CK1,VRK,VRK,VRK3
MELK,-0.6616666666666667,60,KRSA,0.2502606882168926,2,CAMK,CAMKL,MELK,MELK
TTK,-1.3983333333333334,29,KRSA,0.6381647549530761,3,OTHER,TTK,TTK,TTK
CHK1,0.6325,61,KRSA,0.23774765380604795,1,CAMK,CAMKL,CHK1,CHEK1
PAKB,-0.15333333333333332,75,KRSA,0.06256517205422316,1,STE,STE20,PAKB,PAK4
PAKB,-0.15333333333333332,75,KRSA,0.06256517205422316,1,STE,STE20,PAKB,PAK5
PAKB,-0.15333333333333332,75,KRSA,0.06256517205422316,1,STE,STE20,PAKB,PAK6
TLK,-1.4058333333333333,28,KRSA,0.6506777893639207,3,OTHER,TLK,TLK,TLK1
TLK,-1.4058333333333333,28,KRSA,0.6506777893639207,3,OTHER,TLK,TLK,TLK2
NUAK,-1.3966666666666667,30,KRSA,0.6256517205422315,3,CAMK,CAMKL,NUAK,NUAK1
NUAK,-1.3966666666666667,30,KRSA,0.6256517205422315,3,CAMK,CAMKL,NUAK,NUAK2
IRAK,-1.0275,40,KRSA,0.5005213764337852,3,TKL,IRAK,IRAK,IRAK1
IRAK,-1.0275,40,KRSA,0.5005213764337852,3,TKL,IRAK,IRAK,IRAK2
IRAK,-1.0275,40,KRSA,0.5005213764337852,3,TKL,IRAK,IRAK,IRAK3
IRAK,-1.0275,40,KRSA,0.5005213764337852,3,TKL,IRAK,IRAK,IRAK4
RIPK,0.1508333333333333,76,KRSA,0.05005213764337852,1,TKL,RIPK,RIPK,ANKK1
RIPK,0.1508333333333333,76,KRSA,0.05005213764337852,1,TKL,RIPK,RIPK,RIPK1
RIPK,0.1508333333333333,76,KRSA,0.05005213764337852,1,TKL,RIPK,RIPK,RIPK2
RIPK,0.1508333333333333,76,KRSA,0.05005213764337852,1,TKL,RIPK,RIPK,RIPK3
RIPK,0.1508333333333333,76,KRSA,0.05005213764337852,1,TKL,RIPK,RIPK,RIPK4
STE11,-1.2875,32,KRSA,0.6006256517205423,3,TKL,MLK,TAK1,MAP3K7
STE11,-1.2875,32,KRSA,0.6006256517205423,3,STE,STE11,MEKK1,MAP3K1
STE11,-1.2875,32,KRSA,0.6006256517205423,3,STE,STE11,ASK,MAP3K15
STE11,-1.2875,32,KRSA,0.6006256517205423,3,STE,STE11,MEKK2,MAP3K2
STE11,-1.2875,32,KRSA,0.6006256517205423,3,STE,STE11,MEKK2,MAP3K3
STE11,-1.2875,32,KRSA,0.6006256517205423,3,STE,STE11,MEKK4,MAP3K4
STE11,-1.2875,32,KRSA,0.6006256517205423,3,STE,STE11,ASK,MAP3K5
STE11,-1.2875,32,KRSA,0.6006256517205423,3,STE,STE11,ASK,MAP3K6
PIM,0.7675,55,KRSA,0.31282586027111575,2,CAMK,PIM,PIM,PIM1
PIM,0.7675,55,KRSA,0.31282586027111575,2,CAMK,PIM,PIM,PIM2
PIM,0.7675,55,KRSA,0.31282586027111575,2,CAMK,PIM,PIM,PIM3
PKCH,-0.7041666666666667,59,KRSA,0.26277372262773724,2,AGC,PKC,ETA,PRKCE
PKCH,-0.7041666666666667,59,KRSA,0.26277372262773724,2,AGC,PKC,ETA,PRKCH
CAMK2,0.1883333333333333,73,KRSA,0.08759124087591241,1,CAMK,CAMK2,CAMK2,CAMK2A
CAMK2,0.1883333333333333,73,KRSA,0.08759124087591241,1,CAMK,CAMK2,CAMK2,CAMK2B
CAMK2,0.1883333333333333,73,KRSA,0.08759124087591241,1,CAMK,CAMK2,CAMK2,CAMK2D
CAMK2,0.1883333333333333,73,KRSA,0.08759124087591241,1,CAMK,CAMK2,CAMK2,CAMK2G
ULK,-0.9775,46,KRSA,0.4254431699687174,2,OTHER,ULK,FUSED,STK36
ULK,-0.9775,46,KRSA,0.4254431699687174,2,OTHER,ULK,ULK,ULK1
ULK,-0.9775,46,KRSA,0.4254431699687174,2,OTHER,ULK,ULK,ULK2
ULK,-0.9775,46,KRSA,0.4254431699687174,2,OTHER,ULK,ULK,ULK3
ULK,-0.9775,46,KRSA,0.4254431699687174,2,OTHER,ULK,ULK,ULK4
NIK,-0.9858333333333332,43,KRSA,0.4629822732012513,2,STE,STE-UNIQUE,STE-UNIQUE,MAP3K14
MOS,-0.9941666666666666,41,KRSA,0.4880083420229406,2,OTHER,MOS,MOS,MOS
WNK,-0.9766666666666668,47,KRSA,0.4129301355578728,2,OTHER,WNK,WNK,WNK1
WNK,-0.9766666666666668,47,KRSA,0.4129301355578728,2,OTHER,WNK,WNK,WNK2
WNK,-0.9766666666666668,47,KRSA,0.4129301355578728,2,OTHER,WNK,WNK,WNK3
WNK,-0.9766666666666668,47,KRSA,0.4129301355578728,2,OTHER,WNK,WNK,WNK4
BUD32,-0.9875,42,KRSA,0.4754953076120959,2,OTHER,BUD32,BUD32,TP53RK
BRSK,-0.27499999999999997,71,KRSA,0.11261730969760167,1,CAMK,CAMKL,BRSK,BRSK1
BRSK,-0.27499999999999997,71,KRSA,0.11261730969760167,1,CAMK,CAMKL,BRSK,BRSK2
CLK,-0.9783333333333334,45,KRSA,0.43795620437956206,2,CMGC,CLK,CLK,CLK1
CLK,-0.9783333333333334,45,KRSA,0.43795620437956206,2,CMGC,CLK,CLK,CLK2
CLK,-0.9783333333333334,45,KRSA,0.43795620437956206,2,CMGC,CLK,CLK,CLK3
CLK,-0.9783333333333334,45,KRSA,0.43795620437956206,2,CMGC,CLK,CLK,CLK4
CAMKK,-0.985,44,KRSA,0.4504692387904067,2,OTHER,CAMKK,META,CAMKK1
CAMKK,-0.985,44,KRSA,0.4504692387904067,2,OTHER,CAMKK,META,CAMKK2
GRK,0.14583333333333331,77,KRSA,0.03753910323253389,1,AGC,GRK,GRK,GRK1
GRK,0.14583333333333331,77,KRSA,0.03753910323253389,1,AGC,GRK,GRK,GRK4
GRK,0.14583333333333331,77,KRSA,0.03753910323253389,1,AGC,GRK,GRK,GRK5
GRK,0.14583333333333331,77,KRSA,0.03753910323253389,1,AGC,GRK,GRK,GRK6
GRK,0.14583333333333331,77,KRSA,0.03753910323253389,1,AGC,GRK,GRK,GRK7
MAPKAPK,0.2683333333333333,72,KRSA,0.10010427528675704,1,CAMK,MAPKAPK,MAPKAPK,MAPKAPK2
MAPKAPK,0.2683333333333333,72,KRSA,0.10010427528675704,1,CAMK,MAPKAPK,MAPKAPK,MAPKAPK3
MAPKAPK,0.2683333333333333,72,KRSA,0.10010427528675704,1,CAMK,MAPKAPK,MAPKAPK,MAPKAPK5
MAPKAPK,0.2683333333333333,72,KRSA,0.10010427528675704,1,CAMK,MAPKAPK,MNK,MKNK1
MAPKAPK,0.2683333333333333,72,KRSA,0.10010427528675704,1,CAMK,MAPKAPK,MNK,MKNK2
NDR,-0.9366666666666666,51,KRSA,0.36287799791449427,2,AGC,NDR,NDR,LATS1
NDR,-0.9366666666666666,51,KRSA,0.36287799791449427,2,AGC,NDR,NDR,LATS2
NDR,-0.9366666666666666,51,KRSA,0.36287799791449427,2,AGC,NDR,NDR,STK38
NDR,-0.9366666666666666,51,KRSA,0.36287799791449427,2,AGC,NDR,NDR,STK38L
MLCK,-0.13166666666666663,78,KRSA,0.02502606882168926,1,CAMK,MLCK,MLCK,MYLK
MLCK,-0.13166666666666663,78,KRSA,0.02502606882168926,1,CAMK,MLCK,MLCK,MYLK2
MLCK,-0.13166666666666663,78,KRSA,0.02502606882168926,1,CAMK,MLCK,MLCK,TTN
NAK,-0.17166666666666666,74,KRSA,0.07507820646506778,1,OTHER,NAK,BIKE,AAK1
NAK,-0.17166666666666666,74,KRSA,0.07507820646506778,1,OTHER,NAK,BIKE,BMP2K
NAK,-0.17166666666666666,74,KRSA,0.07507820646506778,1,OTHER,NAK,GAK,GAK
NAK,-0.17166666666666666,74,KRSA,0.07507820646506778,1,OTHER,NAK,MPSK,STK16
STKR,0.1125,79,KRSA,0.01251303441084463,1,TKL,STKR,TYPE1,ACVR1
STKR,0.1125,79,KRSA,0.01251303441084463,1,TKL,STKR,TYPE1,ACVR1B
STKR,0.1125,79,KRSA,0.01251303441084463,1,TKL,STKR,TYPE1,ACVR1C
STKR,0.1125,79,KRSA,0.01251303441084463,1,TKL,STKR,TYPE2,ACVR2A
STKR,0.1125,79,KRSA,0.01251303441084463,1,TKL,STKR,TYPE2,ACVR2B
STKR,0.1125,79,KRSA,0.01251303441084463,1,TKL,STKR,TYPE1,ACVRL1
STKR,0.1125,79,KRSA,0.01251303441084463,1,TKL,STKR,TYPE2,AMHR2
STKR,0.1125,79,KRSA,0.01251303441084463,1,TKL,STKR,TYPE1,BMPR1A
STKR,0.1125,79,KRSA,0.01251303441084463,1,TKL,STKR,TYPE1,BMPR1B
STKR,0.1125,79,KRSA,0.01251303441084463,1,TKL,STKR,TYPE2,BMPR2
STKR,0.1125,79,KRSA,0.01251303441084463,1,TKL,STKR,TYPE1,TGFBR1
STKR,0.1125,79,KRSA,0.01251303441084463,1,TKL,STKR,TYPE2,TGFBR2
NEK,-1.080833333333333,37,KRSA,0.5380604796663191,3,OTHER,NEK,NEK11,NEK11
NEK,-1.080833333333333,37,KRSA,0.5380604796663191,3,OTHER,NEK,NEK2,NEK2
NEK,-1.080833333333333,37,KRSA,0.5380604796663191,3,OTHER,NEK,NEK1,NEK3
NEK,-1.080833333333333,37,KRSA,0.5380604796663191,3,OTHER,NEK,NEK4,NEK4
NEK,-1.080833333333333,37,KRSA,0.5380604796663191,3,OTHER,NEK,NEK1,NEK5
NEK,-1.080833333333333,37,KRSA,0.5380604796663191,3,OTHER,NEK,NEK6,NEK6
NEK,-1.080833333333333,37,KRSA,0.5380604796663191,3,OTHER,NEK,NEK6,NEK7
NEK,-1.080833333333333,37,KRSA,0.5380604796663191,3,OTHER,NEK,NEK8,NEK8
NEK,-1.080833333333333,37,KRSA,0.5380604796663191,3,OTHER,NEK,NEK8,NEK9
PKN,-0.5433333333333333,64,KRSA,0.20020855057351408,1,AGC,PKN,PKN,PKN1
PKN,-0.5433333333333333,64,KRSA,0.20020855057351408,1,AGC,PKN,PKN,PKN2
PKN,-0.5433333333333333,64,KRSA,0.20020855057351408,1,AGC,PKN,PKN,PKN3
PDHK,-0.3375,69,KRSA,0.13764337851929093,1,ATYPICAL,PDHK,BCKDK,BCKDK
PDHK,-0.3375,69,KRSA,0.13764337851929093,1,ATYPICAL,PDHK,PDHK,PDK2
PDHK,-0.3375,69,KRSA,0.13764337851929093,1,ATYPICAL,PDHK,PDHK,PDK3
PDHK,-0.3375,69,KRSA,0.13764337851929093,1,ATYPICAL,PDHK,PDHK,PDK4
IKK,-1.5175,23,KRSA,0.7132429614181439,3,OTHER,IKK,IKK,CHUK
IKK,-1.5175,23,KRSA,0.7132429614181439,3,OTHER,IKK,IKK,IKBKB
IKK,-1.5175,23,KRSA,0.7132429614181439,3,OTHER,IKK,IKK,IKBKE
IKK,-1.5175,23,KRSA,0.7132429614181439,3,OTHER,IKK,IKK,TBK1
HAL,0.7308333333333333,57,KRSA,0.28779979144942647,2,RGC,RGC,RGC,NPR1
DAPK,-1.0841666666666667,36,KRSA,0.5505735140771637,3,CAMK,DAPK,DAPK,DAPK1
DAPK,-1.0841666666666667,36,KRSA,0.5505735140771637,3,CAMK,DAPK,DAPK,DAPK2
DAPK,-1.0841666666666667,36,KRSA,0.5505735140771637,3,CAMK,DAPK,DAPK,DAPK3
DAPK,-1.0841666666666667,36,KRSA,0.5505735140771637,3,CAMK,DAPK,DRAK,STK17A
DAPK,-1.0841666666666667,36,KRSA,0.5505735140771637,3,CAMK,DAPK,DRAK,STK17B
ATM,-0.9208333333333334,52,KRSA,0.35036496350364965,2,ATYPICAL,PIKK,ATM,ATM
COT,0.8758333333333332,53,KRSA,0.337851929092805,2,STE,STE-UNIQUE,STE-UNIQUE,MAP3K8
DMPK,-0.9541666666666668,49,KRSA,0.38790406673618355,2,AGC,DMPK,GEK,CDC42BPA
DMPK,-0.9541666666666668,49,KRSA,0.38790406673618355,2,AGC,DMPK,GEK,CDC42BPB
DMPK,-0.9541666666666668,49,KRSA,0.38790406673618355,2,AGC,DMPK,GEK,CDC42BPG
DMPK,-0.9541666666666668,49,KRSA,0.38790406673618355,2,AGC,DMPK,CRIK,CIT
DMPK,-0.9541666666666668,49,KRSA,0.38790406673618355,2,AGC,DMPK,GEK,DMPK
DMPK,-0.9541666666666668,49,KRSA,0.38790406673618355,2,AGC,DMPK,ROCK,ROCK1
DMPK,-0.9541666666666668,49,KRSA,0.38790406673618355,2,AGC,DMPK,ROCK,ROCK2
CK2,-0.5483333333333333,63,KRSA,0.2127215849843587,1,CMGC,CK2,CK2,CSNK2A1
CK2,-0.5483333333333333,63,KRSA,0.2127215849843587,1,CMGC,CK2,CK2,CSNK2A2
CK2,-0.5483333333333333,63,KRSA,0.2127215849843587,1,NA,NA,NA,CSNK2A3
AKT,-0.29333333333333333,70,KRSA,0.1251303441084463,1,AGC,AKT,AKT,AKT1
AKT,-0.29333333333333333,70,KRSA,0.1251303441084463,1,AGC,AKT,AKT,AKT2
AKT,-0.29333333333333333,70,KRSA,0.1251303441084463,1,AGC,AKT,AKT,AKT3
AUR,0.04416666666666667,80,KRSA,0,1,OTHER,AUR,AUR,AURKA
AUR,0.04416666666666667,80,KRSA,0,1,OTHER,AUR,AUR,AURKB
AUR,0.04416666666666667,80,KRSA,0,1,OTHER,AUR,AUR,AURKC
SGK,0.4725,67,KRSA,0.16266944734098018,1,AGC,SGK,SGK,SGK1
SGK,0.4725,67,KRSA,0.16266944734098018,1,AGC,SGK,SGK,SGK2
SGK,0.4725,67,KRSA,0.16266944734098018,1,AGC,SGK,SGK,SGK3
PHK,-1.4125,26,KRSA,0.67570385818561,3,CAMK,PHK,PHK,PHKG1
PHK,-1.4125,26,KRSA,0.67570385818561,3,CAMK,PHK,PHK,PHKG2
MLK,-0.5291666666666667,65,KRSA,0.18769551616266944,1,TKL,MLK,ILK,ILK
MLK,-0.5291666666666667,65,KRSA,0.18769551616266944,1,TKL,MLK,MLK,MAP3K10
MLK,-0.5291666666666667,65,KRSA,0.18769551616266944,1,TKL,MLK,MLK,MAP3K11
MLK,-0.5291666666666667,65,KRSA,0.18769551616266944,1,TKL,MLK,LZK,MAP3K12
MLK,-0.5291666666666667,65,KRSA,0.18769551616266944,1,TKL,MLK,LZK,MAP3K13
MLK,-0.5291666666666667,65,KRSA,0.18769551616266944,1,TKL,MLK,MLK,MAP3K9
MLK,-0.5291666666666667,65,KRSA,0.18769551616266944,1,TKL,MLK,HH498,TNNI3K
BARK2,-0.4875,66,KRSA,0.17518248175182483,1,AGC,GRK,BARK,GRK3
ERK,-5.575,1,KRSA,0.9885297184567258,4,CMGC,MAPK,ERK1,MAPK1
ERK,-5.575,1,KRSA,0.9885297184567258,4,CMGC,MAPK,ERK7,MAPK15
ERK,-5.575,1,KRSA,0.9885297184567258,4,CMGC,MAPK,ERK1,MAPK3
ERK,-5.575,1,KRSA,0.9885297184567258,4,CMGC,MAPK,ERK3,MAPK4
ERK,-5.575,1,KRSA,0.9885297184567258,4,CMGC,MAPK,ERK3,MAPK6
ERK,-5.575,1,KRSA,0.9885297184567258,4,CMGC,MAPK,ERK5,MAPK7
DYRK,-5.0325,3,KRSA,0.9635036496350365,4,CMGC,DYRK,DYRK1,DYRK1A
DYRK,-5.0325,3,KRSA,0.9635036496350365,4,CMGC,DYRK,DYRK1,DYRK1B
DYRK,-5.0325,3,KRSA,0.9635036496350365,4,CMGC,DYRK,DYRK2,DYRK2
DYRK,-5.0325,3,KRSA,0.9635036496350365,4,CMGC,DYRK,DYRK2,DYRK3
DYRK,-5.0325,3,KRSA,0.9635036496350365,4,CMGC,DYRK,DYRK2,DYRK4
DYRK,-5.0325,3,KRSA,0.9635036496350365,4,CMGC,DYRK,HIPK,HIPK1
DYRK,-5.0325,3,KRSA,0.9635036496350365,4,CMGC,DYRK,HIPK,HIPK2
DYRK,-5.0325,3,KRSA,0.9635036496350365,4,CMGC,DYRK,HIPK,HIPK3
DYRK,-5.0325,3,KRSA,0.9635036496350365,4,CMGC,DYRK,HIPK,HIPK4
DYRK,-5.0325,3,KRSA,0.9635036496350365,4,CMGC,DYRK,PRP4,PRPF4B
PKA,2.9483333333333333,11,KRSA,0.8633993743482794,4,AGC,PKA,PKA,PRKACA
PKA,2.9483333333333333,11,KRSA,0.8633993743482794,4,AGC,PKA,PKA,PRKACB
PKA,2.9483333333333333,11,KRSA,0.8633993743482794,4,AGC,PKA,PKA,PRKACG
PKA,2.9483333333333333,11,KRSA,0.8633993743482794,4,AGC,PKA,PKA,PRKX
PKA,2.9483333333333333,11,KRSA,0.8633993743482794,4,AGC,PKA,PKA,PRKY
CDK,-5.128333333333333,2,KRSA,0.9760166840458812,4,CMGC,CDK,CDC2,CDK1
CDK,-5.128333333333333,2,KRSA,0.9760166840458812,4,CMGC,CDK,CDK10,CDK10
CDK,-5.128333333333333,2,KRSA,0.9760166840458812,4,CMGC,CDK,CRK7,CDK12
CDK,-5.128333333333333,2,KRSA,0.9760166840458812,4,CMGC,CDK,CRK7,CDK13
CDK,-5.128333333333333,2,KRSA,0.9760166840458812,4,CMGC,CDK,PFTAIRE,CDK14
CDK,-5.128333333333333,2,KRSA,0.9760166840458812,4,CMGC,CDK,PFTAIRE,CDK15
CDK,-5.128333333333333,2,KRSA,0.9760166840458812,4,CMGC,CDK,PCTAIRE,CDK16
CDK,-5.128333333333333,2,KRSA,0.9760166840458812,4,CMGC,CDK,PCTAIRE,CDK17
CDK,-5.128333333333333,2,KRSA,0.9760166840458812,4,CMGC,CDK,PCTAIRE,CDK18
CDK,-5.128333333333333,2,KRSA,0.9760166840458812,4,CMGC,CDK,CDK8,CDK19
CDK,-5.128333333333333,2,KRSA,0.9760166840458812,4,CMGC,CDK,CDC2,CDK2
CDK,-5.128333333333333,2,KRSA,0.9760166840458812,4,CMGC,CDK,CCRK,CDK20
CDK,-5.128333333333333,2,KRSA,0.9760166840458812,4,CMGC,CDK,CDC2,CDK3
CDK,-5.128333333333333,2,KRSA,0.9760166840458812,4,CMGC,CDK,CDK4,CDK4
CDK,-5.128333333333333,2,KRSA,0.9760166840458812,4,CMGC,CDK,CDK5,CDK5
CDK,-5.128333333333333,2,KRSA,0.9760166840458812,4,CMGC,CDK,CDK4,CDK6
CDK,-5.128333333333333,2,KRSA,0.9760166840458812,4,CMGC,CDK,CDK7,CDK7
CDK,-5.128333333333333,2,KRSA,0.9760166840458812,4,CMGC,CDK,CDK8,CDK8
CDK,-5.128333333333333,2,KRSA,0.9760166840458812,4,CMGC,CDK,CDK9,CDK9
CDK,-5.128333333333333,2,KRSA,0.9760166840458812,4,NA,NA,NA,CDK11A
CDK,-5.128333333333333,2,KRSA,0.9760166840458812,4,NA,NA,NA,CDK11B
PKG,2.87,12,KRSA,0.8508863399374348,4,AGC,PKG,PKG,PRKG1
PKG,2.87,12,KRSA,0.8508863399374348,4,AGC,PKG,PKG,PRKG2
JNK,-4.211666666666667,6,KRSA,0.9259645464025026,4,CMGC,MAPK,JNK,MAPK10
JNK,-4.211666666666667,6,KRSA,0.9259645464025026,4,CMGC,MAPK,JNK,MAPK8
JNK,-4.211666666666667,6,KRSA,0.9259645464025026,4,CMGC,MAPK,JNK,MAPK9
PDK1,-4.2275,5,KRSA,0.9384775808133472,4,ATYPICAL,PDHK,PDHK,PDK1
PDK1,-4.2275,5,KRSA,0.9384775808133472,4,AGC,PDK1,PDK1,PDPK1
CAMK1,2.3716666666666666,14,KRSA,0.8258602711157456,4,CAMK,CAMK1,CAMK1,CAMK1
CAMK1,2.3716666666666666,14,KRSA,0.8258602711157456,4,CAMK,CAMK1,CAMK1,CAMK1D
CAMK1,2.3716666666666666,14,KRSA,0.8258602711157456,4,CAMK,CAMK1,CAMK1,CAMK1G
CAMK1,2.3716666666666666,14,KRSA,0.8258602711157456,4,CAMK,CAMK1,CAMK1,CAMK4
CAMK1,2.3716666666666666,14,KRSA,0.8258602711157456,4,CAMK,CAMK1,CAMK1,PNCK
PEK,-4.9325,4,KRSA,0.9509906152241918,4,OTHER,PEK,HRI,EIF2AK1
PEK,-4.9325,4,KRSA,0.9509906152241918,4,OTHER,PEK,PKR,EIF2AK2
PEK,-4.9325,4,KRSA,0.9509906152241918,4,OTHER,PEK,PEK,EIF2AK3
PEK,-4.9325,4,KRSA,0.9509906152241918,4,OTHER,PEK,GCN2,EIF2AK4
P38,-3.515,8,KRSA,0.9009384775808134,4,CMGC,MAPK,P38,MAPK11
P38,-3.515,8,KRSA,0.9009384775808134,4,CMGC,MAPK,P38,MAPK12
P38,-3.515,8,KRSA,0.9009384775808134,4,CMGC,MAPK,P38,MAPK13
P38,-3.515,8,KRSA,0.9009384775808134,4,CMGC,MAPK,P38,MAPK14
AMPK,1.4116666666666666,27,KRSA,0.6631908237747653,3,CAMK,CAMKL,AMPK,PRKAA1
AMPK,1.4116666666666666,27,KRSA,0.6631908237747653,3,CAMK,CAMKL,AMPK,PRKAA2
RSK,0.7483333333333333,56,KRSA,0.30031282586027114,2,AGC,RSK,RSK,RPS6KA1
RSK,0.7483333333333333,56,KRSA,0.30031282586027114,2,AGC,RSK,RSK,RPS6KA2
RSK,0.7483333333333333,56,KRSA,0.30031282586027114,2,AGC,RSK,RSK,RPS6KA3
RSK,0.7483333333333333,56,KRSA,0.30031282586027114,2,AGC,RSK,MSK,RPS6KA4
RSK,0.7483333333333333,56,KRSA,0.30031282586027114,2,AGC,RSK,MSK,RPS6KA5
RSK,0.7483333333333333,56,KRSA,0.30031282586027114,2,AGC,RSK,RSK,RPS6KA6
RSK,0.7483333333333333,56,KRSA,0.30031282586027114,2,AGC,RSK,P70,RPS6KB1
RSK,0.7483333333333333,56,KRSA,0.30031282586027114,2,AGC,RSK,P70,RPS6KB2
PKD,0.9641666666666666,48,KRSA,0.40041710114702816,2,CAMK,PKD,PKD,PRKD1
PKD,0.9641666666666666,48,KRSA,0.40041710114702816,2,CAMK,PKD,PKD,PRKD2
PKD,0.9641666666666666,48,KRSA,0.40041710114702816,2,CAMK,PKD,PKD,PRKD3
NMO,-3.2183333333333333,10,KRSA,0.8759124087591241,4,CMGC,MAPK,NMO,NLK
MSN,1.2175,33,KRSA,0.5881126173096975,3,STE,STE20,MSN,MAP4K4
MSN,1.2175,33,KRSA,0.5881126173096975,3,STE,STE20,MSN,NRK
MSN,1.2175,33,KRSA,0.5881126173096975,3,STE,STE20,MSN,TNIK
PLK,-3.288333333333333,9,KRSA,0.8884254431699687,4,NA,NA,NA,PLK5
PLK,-3.288333333333333,9,KRSA,0.8884254431699687,4,OTHER,PLK,PLK1,PLK1
PLK,-3.288333333333333,9,KRSA,0.8884254431699687,4,OTHER,PLK,PLK2,PLK2
PLK,-3.288333333333333,9,KRSA,0.8884254431699687,4,OTHER,PLK,PLK2,PLK3
PLK,-3.288333333333333,9,KRSA,0.8884254431699687,4,OTHER,PLK,SAK,PLK4
MST,-1.8283333333333336,19,KRSA,0.7632950990615224,4,STE,STE20,MST,STK3
MST,-1.8283333333333336,19,KRSA,0.7632950990615224,4,STE,STE20,MST,STK4
PAKA,0.8591666666666667,54,KRSA,0.32533889468196037,2,STE,STE20,PAKA,PAK1
PAKA,0.8591666666666667,54,KRSA,0.32533889468196037,2,STE,STE20,PAKA,PAK2
PAKA,0.8591666666666667,54,KRSA,0.32533889468196037,2,STE,STE20,PAKA,PAK3
PRKDC,-1.485,25,KRSA,0.6882168925964547,3,ATYPICAL,PIKK,DNAPK,PRKDC
RAD53,1.0466666666666666,39,KRSA,0.5130344108446299,3,CAMK,RAD53,RAD53,CHEK2
PASK,1.1358333333333333,35,KRSA,0.5630865484880083,3,CAMK,CAMKL,PASK,PASK
SLK,0.5891666666666667,62,KRSA,0.22523461939520334,1,STE,STE20,SLK,SLK
SLK,0.5891666666666667,62,KRSA,0.22523461939520334,1,STE,STE20,SLK,STK10
TAO,0.425,68,KRSA,0.15015641293013557,1,STE,STE20,TAO,TAOK1
TAO,0.425,68,KRSA,0.15015641293013557,1,STE,STE20,TAO,TAOK2
TAO,0.425,68,KRSA,0.15015641293013557,1,STE,STE20,TAO,TAOK3
KHS,0.9475,50,KRSA,0.3753910323253389,2,STE,STE20,KHS,MAP4K1
KHS,0.9475,50,KRSA,0.3753910323253389,2,STE,STE20,KHS,MAP4K2
KHS,0.9475,50,KRSA,0.3753910323253389,2,STE,STE20,KHS,MAP4K3
KHS,0.9475,50,KRSA,0.3753910323253389,2,STE,STE20,KHS,MAP4K5
MTOR,-2.211666666666667,15,KRSA,0.8133472367049009,4,ATYPICAL,PIKK,FRAP,MTOR
PKCD,1.0625,38,KRSA,0.5255474452554745,3,AGC,PKC,DELTA,PRKCD
PKCD,1.0625,38,KRSA,0.5255474452554745,3,AGC,PKC,DELTA,PRKCQ
PKCH,-0.7041666666666667,59,KRSA,0.26277372262773724,2,AGC,PKC,ETA,PRKCE
PKCH,-0.7041666666666667,59,KRSA,0.26277372262773724,2,AGC,PKC,ETA,PRKCH
LKB,-1.9433333333333336,17,KRSA,0.7883211678832117,4,CAMK,CAMKL,LKB,STK11
VRK1,-1.1908333333333334,34,KRSA,0.5755995828988529,3,CK1,VRK,VRK,VRK1
PIM,0.7675,55,KRSA,0.31282586027111575,2,CAMK,PIM,PIM,PIM1
PIM,0.7675,55,KRSA,0.31282586027111575,2,CAMK,PIM,PIM,PIM2
PIM,0.7675,55,KRSA,0.31282586027111575,2,CAMK,PIM,PIM,PIM3
MLCK,-0.13166666666666663,78,KRSA,0.02502606882168926,1,CAMK,MLCK,MLCK,MYLK
MLCK,-0.13166666666666663,78,KRSA,0.02502606882168926,1,CAMK,MLCK,MLCK,MYLK2
MLCK,-0.13166666666666663,78,KRSA,0.02502606882168926,1,CAMK,MLCK,MLCK,TTN
RAF,-1.9416666666666669,18,KRSA,0.7758081334723671,4,TKL,RAF,RAF,ARAF
RAF,-1.9416666666666669,18,KRSA,0.7758081334723671,4,TKL,RAF,RAF,BRAF
RAF,-1.9416666666666669,18,KRSA,0.7758081334723671,4,TKL,RAF,KSR,KSR1
RAF,-1.9416666666666669,18,KRSA,0.7758081334723671,4,TKL,RAF,KSR,KSR2
RAF,-1.9416666666666669,18,KRSA,0.7758081334723671,4,TKL,RAF,RAF,RAF1
STE7,-2.4058333333333333,13,KRSA,0.8383733055265902,4,STE,STE7,MEK1,MAP2K1
STE7,-2.4058333333333333,13,KRSA,0.8383733055265902,4,STE,STE7,MEK1,MAP2K2
STE7,-2.4058333333333333,13,KRSA,0.8383733055265902,4,STE,STE7,MEK3,MAP2K3
STE7,-2.4058333333333333,13,KRSA,0.8383733055265902,4,STE,STE7,MEK4,MAP2K4
STE7,-2.4058333333333333,13,KRSA,0.8383733055265902,4,STE,STE7,MEK5,MAP2K5
STE7,-2.4058333333333333,13,KRSA,0.8383733055265902,4,STE,STE7,MEK3,MAP2K6
STE7,-2.4058333333333333,13,KRSA,0.8383733055265902,4,STE,STE7,MEK7,MAP2K7
PKCI,1.5158333333333334,24,KRSA,0.7007299270072993,3,AGC,PKC,IOTA,PRKCI
PKCI,1.5158333333333334,24,KRSA,0.7007299270072993,3,AGC,PKC,IOTA,PRKCZ
DMPK,-0.9541666666666668,49,KRSA,0.38790406673618355,2,AGC,DMPK,GEK,CDC42BPA
DMPK,-0.9541666666666668,49,KRSA,0.38790406673618355,2,AGC,DMPK,GEK,CDC42BPB
DMPK,-0.9541666666666668,49,KRSA,0.38790406673618355,2,AGC,DMPK,GEK,CDC42BPG
DMPK,-0.9541666666666668,49,KRSA,0.38790406673618355,2,AGC,DMPK,CRIK,CIT
DMPK,-0.9541666666666668,49,KRSA,0.38790406673618355,2,AGC,DMPK,GEK,DMPK
DMPK,-0.9541666666666668,49,KRSA,0.38790406673618355,2,AGC,DMPK,ROCK,ROCK1
DMPK,-0.9541666666666668,49,KRSA,0.38790406673618355,2,AGC,DMPK,ROCK,ROCK2
BARK2,-0.4875,66,KRSA,0.17518248175182483,1,AGC,GRK,BARK,GRK3
AKT,-0.29333333333333333,70,KRSA,0.1251303441084463,1,AGC,AKT,AKT,AKT1
AKT,-0.29333333333333333,70,KRSA,0.1251303441084463,1,AGC,AKT,AKT,AKT2
AKT,-0.29333333333333333,70,KRSA,0.1251303441084463,1,AGC,AKT,AKT,AKT3
ATR,-1.6733333333333331,22,KRSA,0.7257559958289885,3,ATYPICAL,PIKK,ATR,ATR
GSK,-1.7775,20,KRSA,0.7507820646506778,4,CMGC,GSK,GSK,GSK3A
GSK,-1.7775,20,KRSA,0.7507820646506778,4,CMGC,GSK,GSK,GSK3B
RIPK,0.1508333333333333,76,KRSA,0.05005213764337852,1,TKL,RIPK,RIPK,ANKK1
RIPK,0.1508333333333333,76,KRSA,0.05005213764337852,1,TKL,RIPK,RIPK,RIPK1
RIPK,0.1508333333333333,76,KRSA,0.05005213764337852,1,TKL,RIPK,RIPK,RIPK2
RIPK,0.1508333333333333,76,KRSA,0.05005213764337852,1,TKL,RIPK,RIPK,RIPK3
RIPK,0.1508333333333333,76,KRSA,0.05005213764337852,1,TKL,RIPK,RIPK,RIPK4
PDHK,-0.3375,69,KRSA,0.13764337851929093,1,ATYPICAL,PDHK,BCKDK,BCKDK
PDHK,-0.3375,69,KRSA,0.13764337851929093,1,ATYPICAL,PDHK,PDHK,PDK2
PDHK,-0.3375,69,KRSA,0.13764337851929093,1,ATYPICAL,PDHK,PDHK,PDK3
PDHK,-0.3375,69,KRSA,0.13764337851929093,1,ATYPICAL,PDHK,PDHK,PDK4
NAK,-0.17166666666666666,74,KRSA,0.07507820646506778,1,OTHER,NAK,BIKE,AAK1
NAK,-0.17166666666666666,74,KRSA,0.07507820646506778,1,OTHER,NAK,BIKE,BMP2K
NAK,-0.17166666666666666,74,KRSA,0.07507820646506778,1,OTHER,NAK,GAK,GAK
NAK,-0.17166666666666666,74,KRSA,0.07507820646506778,1,OTHER,NAK,MPSK,STK16
PKN,-0.5433333333333333,64,KRSA,0.20020855057351408,1,AGC,PKN,PKN,PKN1
PKN,-0.5433333333333333,64,KRSA,0.20020855057351408,1,AGC,PKN,PKN,PKN2
PKN,-0.5433333333333333,64,KRSA,0.20020855057351408,1,AGC,PKN,PKN,PKN3
DAPK,-1.0841666666666667,36,KRSA,0.5505735140771637,3,CAMK,DAPK,DAPK,DAPK1
DAPK,-1.0841666666666667,36,KRSA,0.5505735140771637,3,CAMK,DAPK,DAPK,DAPK2
DAPK,-1.0841666666666667,36,KRSA,0.5505735140771637,3,CAMK,DAPK,DAPK,DAPK3
DAPK,-1.0841666666666667,36,KRSA,0.5505735140771637,3,CAMK,DAPK,DRAK,STK17A
DAPK,-1.0841666666666667,36,KRSA,0.5505735140771637,3,CAMK,DAPK,DRAK,STK17B
MELK,-0.6616666666666667,60,KRSA,0.2502606882168926,2,CAMK,CAMKL,MELK,MELK
FRAY,-1.3883333333333334,31,KRSA,0.6131386861313869,3,STE,STE20,FRAY,OXSR1
FRAY,-1.3883333333333334,31,KRSA,0.6131386861313869,3,STE,STE20,FRAY,STK39
PAKB,-0.15333333333333332,75,KRSA,0.06256517205422316,1,STE,STE20,PAKB,PAK4
PAKB,-0.15333333333333332,75,KRSA,0.06256517205422316,1,STE,STE20,PAKB,PAK5
PAKB,-0.15333333333333332,75,KRSA,0.06256517205422316,1,STE,STE20,PAKB,PAK6
TTK,-1.3983333333333334,29,KRSA,0.6381647549530761,3,OTHER,TTK,TTK,TTK
TLK,-1.4058333333333333,28,KRSA,0.6506777893639207,3,OTHER,TLK,TLK,TLK1
TLK,-1.4058333333333333,28,KRSA,0.6506777893639207,3,OTHER,TLK,TLK,TLK2
NUAK,-1.3966666666666667,30,KRSA,0.6256517205422315,3,CAMK,CAMKL,NUAK,NUAK1
NUAK,-1.3966666666666667,30,KRSA,0.6256517205422315,3,CAMK,CAMKL,NUAK,NUAK2
CHK1,0.6325,61,KRSA,0.23774765380604795,1,CAMK,CAMKL,CHK1,CHEK1
MAPKAPK,0.2683333333333333,72,KRSA,0.10010427528675704,1,CAMK,MAPKAPK,MAPKAPK,MAPKAPK2
MAPKAPK,0.2683333333333333,72,KRSA,0.10010427528675704,1,CAMK,MAPKAPK,MAPKAPK,MAPKAPK3
MAPKAPK,0.2683333333333333,72,KRSA,0.10010427528675704,1,CAMK,MAPKAPK,MAPKAPK,MAPKAPK5
MAPKAPK,0.2683333333333333,72,KRSA,0.10010427528675704,1,CAMK,MAPKAPK,MNK,MKNK1
MAPKAPK,0.2683333333333333,72,KRSA,0.10010427528675704,1,CAMK,MAPKAPK,MNK,MKNK2
QIK,-1.7666666666666666,21,KRSA,0.7382690302398331,3,CAMK,CAMKL,QIK,SIK1
QIK,-1.7666666666666666,21,KRSA,0.7382690302398331,3,CAMK,CAMKL,QIK,SIK2
CAMK2,0.1883333333333333,73,KRSA,0.08759124087591241,1,CAMK,CAMK2,CAMK2,CAMK2A
CAMK2,0.1883333333333333,73,KRSA,0.08759124087591241,1,CAMK,CAMK2,CAMK2,CAMK2B
CAMK2,0.1883333333333333,73,KRSA,0.08759124087591241,1,CAMK,CAMK2,CAMK2,CAMK2D
CAMK2,0.1883333333333333,73,KRSA,0.08759124087591241,1,CAMK,CAMK2,CAMK2,CAMK2G
HAL,0.7308333333333333,57,KRSA,0.28779979144942647,2,RGC,RGC,RGC,NPR1
CK1,-1.9908333333333337,16,KRSA,0.8008342022940563,4,CK1,CK1,CK1-A,CSNK1A1
CK1,-1.9908333333333337,16,KRSA,0.8008342022940563,4,CK1,CK1,CK1-A,CSNK1A1L
CK1,-1.9908333333333337,16,KRSA,0.8008342022940563,4,CK1,CK1,CK1-D,CSNK1D
CK1,-1.9908333333333337,16,KRSA,0.8008342022940563,4,CK1,CK1,CK1-D,CSNK1E
CK1,-1.9908333333333337,16,KRSA,0.8008342022940563,4,CK1,CK1,CK1-G,CSNK1G1
CK1,-1.9908333333333337,16,KRSA,0.8008342022940563,4,CK1,CK1,CK1-G,CSNK1G2
CK1,-1.9908333333333337,16,KRSA,0.8008342022940563,4,CK1,CK1,CK1-G,CSNK1G3
CK1,-1.9908333333333337,16,KRSA,0.8008342022940563,4,CK1,TTBK,TTBK,TTBK1
CK1,-1.9908333333333337,16,KRSA,0.8008342022940563,4,CK1,TTBK,TTBK,TTBK2
CK1,-1.9908333333333337,16,KRSA,0.8008342022940563,4,CK1,VRK,VRK,VRK3
MOS,-0.9941666666666666,41,KRSA,0.4880083420229406,2,OTHER,MOS,MOS,MOS
PKCA,-3.9183333333333334,7,KRSA,0.913451511991658,4,AGC,PKC,ALPHA,PRKCA
PKCA,-3.9183333333333334,7,KRSA,0.913451511991658,4,AGC,PKC,ALPHA,PRKCB
PKCA,-3.9183333333333334,7,KRSA,0.913451511991658,4,AGC,PKC,ALPHA,PRKCG
PHK,-1.4125,26,KRSA,0.67570385818561,3,CAMK,PHK,PHK,PHKG1
PHK,-1.4125,26,KRSA,0.67570385818561,3,CAMK,PHK,PHK,PHKG2
BRSK,-0.27499999999999997,71,KRSA,0.11261730969760167,1,CAMK,CAMKL,BRSK,BRSK1
BRSK,-0.27499999999999997,71,KRSA,0.11261730969760167,1,CAMK,CAMKL,BRSK,BRSK2
NIK,-0.9858333333333332,43,KRSA,0.4629822732012513,2,STE,STE-UNIQUE,STE-UNIQUE,MAP3K14
ULK,-0.9775,46,KRSA,0.4254431699687174,2,OTHER,ULK,FUSED,STK36
ULK,-0.9775,46,KRSA,0.4254431699687174,2,OTHER,ULK,ULK,ULK1
ULK,-0.9775,46,KRSA,0.4254431699687174,2,OTHER,ULK,ULK,ULK2
ULK,-0.9775,46,KRSA,0.4254431699687174,2,OTHER,ULK,ULK,ULK3
ULK,-0.9775,46,KRSA,0.4254431699687174,2,OTHER,ULK,ULK,ULK4
CLK,-0.9783333333333334,45,KRSA,0.43795620437956206,2,CMGC,CLK,CLK,CLK1
CLK,-0.9783333333333334,45,KRSA,0.43795620437956206,2,CMGC,CLK,CLK,CLK2
CLK,-0.9783333333333334,45,KRSA,0.43795620437956206,2,CMGC,CLK,CLK,CLK3
CLK,-0.9783333333333334,45,KRSA,0.43795620437956206,2,CMGC,CLK,CLK,CLK4
WNK,-0.9766666666666668,47,KRSA,0.4129301355578728,2,OTHER,WNK,WNK,WNK1
WNK,-0.9766666666666668,47,KRSA,0.4129301355578728,2,OTHER,WNK,WNK,WNK2
WNK,-0.9766666666666668,47,KRSA,0.4129301355578728,2,OTHER,WNK,WNK,WNK3
WNK,-0.9766666666666668,47,KRSA,0.4129301355578728,2,OTHER,WNK,WNK,WNK4
CAMKK,-0.985,44,KRSA,0.4504692387904067,2,OTHER,CAMKK,META,CAMKK1
CAMKK,-0.985,44,KRSA,0.4504692387904067,2,OTHER,CAMKK,META,CAMKK2
BUD32,-0.9875,42,KRSA,0.4754953076120959,2,OTHER,BUD32,BUD32,TP53RK
IRAK,-1.0275,40,KRSA,0.5005213764337852,3,TKL,IRAK,IRAK,IRAK1
IRAK,-1.0275,40,KRSA,0.5005213764337852,3,TKL,IRAK,IRAK,IRAK2
IRAK,-1.0275,40,KRSA,0.5005213764337852,3,TKL,IRAK,IRAK,IRAK3
IRAK,-1.0275,40,KRSA,0.5005213764337852,3,TKL,IRAK,IRAK,IRAK4
AUR,0.04416666666666667,80,KRSA,0,1,OTHER,AUR,AUR,AURKA
AUR,0.04416666666666667,80,KRSA,0,1,OTHER,AUR,AUR,AURKB
AUR,0.04416666666666667,80,KRSA,0,1,OTHER,AUR,AUR,AURKC
STE11,-1.2875,32,KRSA,0.6006256517205423,3,TKL,MLK,TAK1,MAP3K7
STE11,-1.2875,32,KRSA,0.6006256517205423,3,STE,STE11,MEKK1,MAP3K1
STE11,-1.2875,32,KRSA,0.6006256517205423,3,STE,STE11,ASK,MAP3K15
STE11,-1.2875,32,KRSA,0.6006256517205423,3,STE,STE11,MEKK2,MAP3K2
STE11,-1.2875,32,KRSA,0.6006256517205423,3,STE,STE11,MEKK2,MAP3K3
STE11,-1.2875,32,KRSA,0.6006256517205423,3,STE,STE11,MEKK4,MAP3K4
STE11,-1.2875,32,KRSA,0.6006256517205423,3,STE,STE11,ASK,MAP3K5
STE11,-1.2875,32,KRSA,0.6006256517205423,3,STE,STE11,ASK,MAP3K6
COT,0.8758333333333332,53,KRSA,0.337851929092805,2,STE,STE-UNIQUE,STE-UNIQUE,MAP3K8
NEK,-1.080833333333333,37,KRSA,0.5380604796663191,3,OTHER,NEK,NEK11,NEK11
NEK,-1.080833333333333,37,KRSA,0.5380604796663191,3,OTHER,NEK,NEK2,NEK2
NEK,-1.080833333333333,37,KRSA,0.5380604796663191,3,OTHER,NEK,NEK1,NEK3
NEK,-1.080833333333333,37,KRSA,0.5380604796663191,3,OTHER,NEK,NEK4,NEK4
NEK,-1.080833333333333,37,KRSA,0.5380604796663191,3,OTHER,NEK,NEK1,NEK5
NEK,-1.080833333333333,37,KRSA,0.5380604796663191,3,OTHER,NEK,NEK6,NEK6
NEK,-1.080833333333333,37,KRSA,0.5380604796663191,3,OTHER,NEK,NEK6,NEK7
NEK,-1.080833333333333,37,KRSA,0.5380604796663191,3,OTHER,NEK,NEK8,NEK8
NEK,-1.080833333333333,37,KRSA,0.5380604796663191,3,OTHER,NEK,NEK8,NEK9
NDR,-0.9366666666666666,51,KRSA,0.36287799791449427,2,AGC,NDR,NDR,LATS1
NDR,-0.9366666666666666,51,KRSA,0.36287799791449427,2,AGC,NDR,NDR,LATS2
NDR,-0.9366666666666666,51,KRSA,0.36287799791449427,2,AGC,NDR,NDR,STK38
NDR,-0.9366666666666666,51,KRSA,0.36287799791449427,2,AGC,NDR,NDR,STK38L
GRK,0.14583333333333331,77,KRSA,0.03753910323253389,1,AGC,GRK,GRK,GRK1
GRK,0.14583333333333331,77,KRSA,0.03753910323253389,1,AGC,GRK,GRK,GRK4
GRK,0.14583333333333331,77,KRSA,0.03753910323253389,1,AGC,GRK,GRK,GRK5
GRK,0.14583333333333331,77,KRSA,0.03753910323253389,1,AGC,GRK,GRK,GRK6
GRK,0.14583333333333331,77,KRSA,0.03753910323253389,1,AGC,GRK,GRK,GRK7
SGK,0.4725,67,KRSA,0.16266944734098018,1,AGC,SGK,SGK,SGK1
SGK,0.4725,67,KRSA,0.16266944734098018,1,AGC,SGK,SGK,SGK2
SGK,0.4725,67,KRSA,0.16266944734098018,1,AGC,SGK,SGK,SGK3
CK2,-0.5483333333333333,63,KRSA,0.2127215849843587,1,CMGC,CK2,CK2,CSNK2A1
CK2,-0.5483333333333333,63,KRSA,0.2127215849843587,1,CMGC,CK2,CK2,CSNK2A2
CK2,-0.5483333333333333,63,KRSA,0.2127215849843587,1,NA,NA,NA,CSNK2A3
ATM,-0.9208333333333334,52,KRSA,0.35036496350364965,2,ATYPICAL,PIKK,ATM,ATM
IKK,-1.5175,23,KRSA,0.7132429614181439,3,OTHER,IKK,IKK,CHUK
IKK,-1.5175,23,KRSA,0.7132429614181439,3,OTHER,IKK,IKK,IKBKB
IKK,-1.5175,23,KRSA,0.7132429614181439,3,OTHER,IKK,IKK,IKBKE
IKK,-1.5175,23,KRSA,0.7132429614181439,3,OTHER,IKK,IKK,TBK1
MLK,-0.5291666666666667,65,KRSA,0.18769551616266944,1,TKL,MLK,ILK,ILK
MLK,-0.5291666666666667,65,KRSA,0.18769551616266944,1,TKL,MLK,MLK,MAP3K10
MLK,-0.5291666666666667,65,KRSA,0.18769551616266944,1,TKL,MLK,MLK,MAP3K11
MLK,-0.5291666666666667,65,KRSA,0.18769551616266944,1,TKL,MLK,LZK,MAP3K12
MLK,-0.5291666666666667,65,KRSA,0.18769551616266944,1,TKL,MLK,LZK,MAP3K13
MLK,-0.5291666666666667,65,KRSA,0.18769551616266944,1,TKL,MLK,MLK,MAP3K9
MLK,-0.5291666666666667,65,KRSA,0.18769551616266944,1,TKL,MLK,HH498,TNNI3K
STKR,0.1125,79,KRSA,0.01251303441084463,1,TKL,STKR,TYPE1,ACVR1
STKR,0.1125,79,KRSA,0.01251303441084463,1,TKL,STKR,TYPE1,ACVR1B
STKR,0.1125,79,KRSA,0.01251303441084463,1,TKL,STKR,TYPE1,ACVR1C
STKR,0.1125,79,KRSA,0.01251303441084463,1,TKL,STKR,TYPE2,ACVR2A
STKR,0.1125,79,KRSA,0.01251303441084463,1,TKL,STKR,TYPE2,ACVR2B
STKR,0.1125,79,KRSA,0.01251303441084463,1,TKL,STKR,TYPE1,ACVRL1
STKR,0.1125,79,KRSA,0.01251303441084463,1,TKL,STKR,TYPE2,AMHR2
STKR,0.1125,79,KRSA,0.01251303441084463,1,TKL,STKR,TYPE1,BMPR1A
STKR,0.1125,79,KRSA,0.01251303441084463,1,TKL,STKR,TYPE1,BMPR1B
STKR,0.1125,79,KRSA,0.01251303441084463,1,TKL,STKR,TYPE2,BMPR2
STKR,0.1125,79,KRSA,0.01251303441084463,1,TKL,STKR,TYPE1,TGFBR1
STKR,0.1125,79,KRSA,0.01251303441084463,1,TKL,STKR,TYPE2,TGFBR2
CDK,-5.128333333333333,2,KRSA,0.9760166840458812,4,CMGC,CDK,CDC2,CDK1
CDK,-5.128333333333333,2,KRSA,0.9760166840458812,4,CMGC,CDK,CDK10,CDK10
CDK,-5.128333333333333,2,KRSA,0.9760166840458812,4,CMGC,CDK,CRK7,CDK12
CDK,-5.128333333333333,2,KRSA,0.9760166840458812,4,CMGC,CDK,CRK7,CDK13
CDK,-5.128333333333333,2,KRSA,0.9760166840458812,4,CMGC,CDK,PFTAIRE,CDK14
CDK,-5.128333333333333,2,KRSA,0.9760166840458812,4,CMGC,CDK,PFTAIRE,CDK15
CDK,-5.128333333333333,2,KRSA,0.9760166840458812,4,CMGC,CDK,PCTAIRE,CDK16
CDK,-5.128333333333333,2,KRSA,0.9760166840458812,4,CMGC,CDK,PCTAIRE,CDK17
CDK,-5.128333333333333,2,KRSA,0.9760166840458812,4,CMGC,CDK,PCTAIRE,CDK18
CDK,-5.128333333333333,2,KRSA,0.9760166840458812,4,CMGC,CDK,CDK8,CDK19
CDK,-5.128333333333333,2,KRSA,0.9760166840458812,4,CMGC,CDK,CDC2,CDK2
CDK,-5.128333333333333,2,KRSA,0.9760166840458812,4,CMGC,CDK,CCRK,CDK20
CDK,-5.128333333333333,2,KRSA,0.9760166840458812,4,CMGC,CDK,CDC2,CDK3
CDK,-5.128333333333333,2,KRSA,0.9760166840458812,4,CMGC,CDK,CDK4,CDK4
CDK,-5.128333333333333,2,KRSA,0.9760166840458812,4,CMGC,CDK,CDK5,CDK5
CDK,-5.128333333333333,2,KRSA,0.9760166840458812,4,CMGC,CDK,CDK4,CDK6
CDK,-5.128333333333333,2,KRSA,0.9760166840458812,4,CMGC,CDK,CDK7,CDK7
CDK,-5.128333333333333,2,KRSA,0.9760166840458812,4,CMGC,CDK,CDK8,CDK8
CDK,-5.128333333333333,2,KRSA,0.9760166840458812,4,CMGC,CDK,CDK9,CDK9
CDK,-5.128333333333333,2,KRSA,0.9760166840458812,4,NA,NA,NA,CDK11A
CDK,-5.128333333333333,2,KRSA,0.9760166840458812,4,NA,NA,NA,CDK11B
PEK,-4.9325,4,KRSA,0.9509906152241918,4,OTHER,PEK,HRI,EIF2AK1
PEK,-4.9325,4,KRSA,0.9509906152241918,4,OTHER,PEK,PKR,EIF2AK2
PEK,-4.9325,4,KRSA,0.9509906152241918,4,OTHER,PEK,PEK,EIF2AK3
PEK,-4.9325,4,KRSA,0.9509906152241918,4,OTHER,PEK,GCN2,EIF2AK4
PKCA,-3.9183333333333334,7,KRSA,0.913451511991658,4,AGC,PKC,ALPHA,PRKCA
PKCA,-3.9183333333333334,7,KRSA,0.913451511991658,4,AGC,PKC,ALPHA,PRKCB
PKCA,-3.9183333333333334,7,KRSA,0.913451511991658,4,AGC,PKC,ALPHA,PRKCG
ERK,-5.575,1,KRSA,0.9885297184567258,4,CMGC,MAPK,ERK1,MAPK1
ERK,-5.575,1,KRSA,0.9885297184567258,4,CMGC,MAPK,ERK7,MAPK15
ERK,-5.575,1,KRSA,0.9885297184567258,4,CMGC,MAPK,ERK1,MAPK3
ERK,-5.575,1,KRSA,0.9885297184567258,4,CMGC,MAPK,ERK3,MAPK4
ERK,-5.575,1,KRSA,0.9885297184567258,4,CMGC,MAPK,ERK3,MAPK6
ERK,-5.575,1,KRSA,0.9885297184567258,4,CMGC,MAPK,ERK5,MAPK7
DYRK,-5.0325,3,KRSA,0.9635036496350365,4,CMGC,DYRK,DYRK1,DYRK1A
DYRK,-5.0325,3,KRSA,0.9635036496350365,4,CMGC,DYRK,DYRK1,DYRK1B
DYRK,-5.0325,3,KRSA,0.9635036496350365,4,CMGC,DYRK,DYRK2,DYRK2
DYRK,-5.0325,3,KRSA,0.9635036496350365,4,CMGC,DYRK,DYRK2,DYRK3
DYRK,-5.0325,3,KRSA,0.9635036496350365,4,CMGC,DYRK,DYRK2,DYRK4
DYRK,-5.0325,3,KRSA,0.9635036496350365,4,CMGC,DYRK,HIPK,HIPK1
DYRK,-5.0325,3,KRSA,0.9635036496350365,4,CMGC,DYRK,HIPK,HIPK2
DYRK,-5.0325,3,KRSA,0.9635036496350365,4,CMGC,DYRK,HIPK,HIPK3
DYRK,-5.0325,3,KRSA,0.9635036496350365,4,CMGC,DYRK,HIPK,HIPK4
DYRK,-5.0325,3,KRSA,0.9635036496350365,4,CMGC,DYRK,PRP4,PRPF4B
PDK1,-4.2275,5,KRSA,0.9384775808133472,4,ATYPICAL,PDHK,PDHK,PDK1
PDK1,-4.2275,5,KRSA,0.9384775808133472,4,AGC,PDK1,PDK1,PDPK1
JNK,-4.211666666666667,6,KRSA,0.9259645464025026,4,CMGC,MAPK,JNK,MAPK10
JNK,-4.211666666666667,6,KRSA,0.9259645464025026,4,CMGC,MAPK,JNK,MAPK8
JNK,-4.211666666666667,6,KRSA,0.9259645464025026,4,CMGC,MAPK,JNK,MAPK9
P38,-3.515,8,KRSA,0.9009384775808134,4,CMGC,MAPK,P38,MAPK11
P38,-3.515,8,KRSA,0.9009384775808134,4,CMGC,MAPK,P38,MAPK12
P38,-3.515,8,KRSA,0.9009384775808134,4,CMGC,MAPK,P38,MAPK13
P38,-3.515,8,KRSA,0.9009384775808134,4,CMGC,MAPK,P38,MAPK14
PLK,-3.288333333333333,9,KRSA,0.8884254431699687,4,NA,NA,NA,PLK5
PLK,-3.288333333333333,9,KRSA,0.8884254431699687,4,OTHER,PLK,PLK1,PLK1
PLK,-3.288333333333333,9,KRSA,0.8884254431699687,4,OTHER,PLK,PLK2,PLK2
PLK,-3.288333333333333,9,KRSA,0.8884254431699687,4,OTHER,PLK,PLK2,PLK3
PLK,-3.288333333333333,9,KRSA,0.8884254431699687,4,OTHER,PLK,SAK,PLK4
NMO,-3.2183333333333333,10,KRSA,0.8759124087591241,4,CMGC,MAPK,NMO,NLK
DMPK,-0.9541666666666668,49,KRSA,0.38790406673618355,2,AGC,DMPK,GEK,CDC42BPA
DMPK,-0.9541666666666668,49,KRSA,0.38790406673618355,2,AGC,DMPK,GEK,CDC42BPB
DMPK,-0.9541666666666668,49,KRSA,0.38790406673618355,2,AGC,DMPK,GEK,CDC42BPG
DMPK,-0.9541666666666668,49,KRSA,0.38790406673618355,2,AGC,DMPK,CRIK,CIT
DMPK,-0.9541666666666668,49,KRSA,0.38790406673618355,2,AGC,DMPK,GEK,DMPK
DMPK,-0.9541666666666668,49,KRSA,0.38790406673618355,2,AGC,DMPK,ROCK,ROCK1
DMPK,-0.9541666666666668,49,KRSA,0.38790406673618355,2,AGC,DMPK,ROCK,ROCK2
RAF,-1.9416666666666669,18,KRSA,0.7758081334723671,4,TKL,RAF,RAF,ARAF
RAF,-1.9416666666666669,18,KRSA,0.7758081334723671,4,TKL,RAF,RAF,BRAF
RAF,-1.9416666666666669,18,KRSA,0.7758081334723671,4,TKL,RAF,KSR,KSR1
RAF,-1.9416666666666669,18,KRSA,0.7758081334723671,4,TKL,RAF,KSR,KSR2
RAF,-1.9416666666666669,18,KRSA,0.7758081334723671,4,TKL,RAF,RAF,RAF1
MST,-1.8283333333333336,19,KRSA,0.7632950990615224,4,STE,STE20,MST,STK3
MST,-1.8283333333333336,19,KRSA,0.7632950990615224,4,STE,STE20,MST,STK4
IKK,-1.5175,23,KRSA,0.7132429614181439,3,OTHER,IKK,IKK,CHUK
IKK,-1.5175,23,KRSA,0.7132429614181439,3,OTHER,IKK,IKK,IKBKB
IKK,-1.5175,23,KRSA,0.7132429614181439,3,OTHER,IKK,IKK,IKBKE
IKK,-1.5175,23,KRSA,0.7132429614181439,3,OTHER,IKK,IKK,TBK1
QIK,-1.7666666666666666,21,KRSA,0.7382690302398331,3,CAMK,CAMKL,QIK,SIK1
QIK,-1.7666666666666666,21,KRSA,0.7382690302398331,3,CAMK,CAMKL,QIK,SIK2
DAPK,-1.0841666666666667,36,KRSA,0.5505735140771637,3,CAMK,DAPK,DAPK,DAPK1
DAPK,-1.0841666666666667,36,KRSA,0.5505735140771637,3,CAMK,DAPK,DAPK,DAPK2
DAPK,-1.0841666666666667,36,KRSA,0.5505735140771637,3,CAMK,DAPK,DAPK,DAPK3
DAPK,-1.0841666666666667,36,KRSA,0.5505735140771637,3,CAMK,DAPK,DRAK,STK17A
DAPK,-1.0841666666666667,36,KRSA,0.5505735140771637,3,CAMK,DAPK,DRAK,STK17B
PHK,-1.4125,26,KRSA,0.67570385818561,3,CAMK,PHK,PHK,PHKG1
PHK,-1.4125,26,KRSA,0.67570385818561,3,CAMK,PHK,PHK,PHKG2
CK1,-1.9908333333333337,16,KRSA,0.8008342022940563,4,CK1,CK1,CK1-A,CSNK1A1
CK1,-1.9908333333333337,16,KRSA,0.8008342022940563,4,CK1,CK1,CK1-A,CSNK1A1L
CK1,-1.9908333333333337,16,KRSA,0.8008342022940563,4,CK1,CK1,CK1-D,CSNK1D
CK1,-1.9908333333333337,16,KRSA,0.8008342022940563,4,CK1,CK1,CK1-D,CSNK1E
CK1,-1.9908333333333337,16,KRSA,0.8008342022940563,4,CK1,CK1,CK1-G,CSNK1G1
CK1,-1.9908333333333337,16,KRSA,0.8008342022940563,4,CK1,CK1,CK1-G,CSNK1G2
CK1,-1.9908333333333337,16,KRSA,0.8008342022940563,4,CK1,CK1,CK1-G,CSNK1G3
CK1,-1.9908333333333337,16,KRSA,0.8008342022940563,4,CK1,TTBK,TTBK,TTBK1
CK1,-1.9908333333333337,16,KRSA,0.8008342022940563,4,CK1,TTBK,TTBK,TTBK2
CK1,-1.9908333333333337,16,KRSA,0.8008342022940563,4,CK1,VRK,VRK,VRK3
GSK,-1.7775,20,KRSA,0.7507820646506778,4,CMGC,GSK,GSK,GSK3A
GSK,-1.7775,20,KRSA,0.7507820646506778,4,CMGC,GSK,GSK,GSK3B
VRK1,-1.1908333333333334,34,KRSA,0.5755995828988529,3,CK1,VRK,VRK,VRK1
MELK,-0.6616666666666667,60,KRSA,0.2502606882168926,2,CAMK,CAMKL,MELK,MELK
MTOR,-2.211666666666667,15,KRSA,0.8133472367049009,4,ATYPICAL,PIKK,FRAP,MTOR
LKB,-1.9433333333333336,17,KRSA,0.7883211678832117,4,CAMK,CAMKL,LKB,STK11
AKT,-0.29333333333333333,70,KRSA,0.1251303441084463,1,AGC,AKT,AKT,AKT1
AKT,-0.29333333333333333,70,KRSA,0.1251303441084463,1,AGC,AKT,AKT,AKT2
AKT,-0.29333333333333333,70,KRSA,0.1251303441084463,1,AGC,AKT,AKT,AKT3
STE7,-2.4058333333333333,13,KRSA,0.8383733055265902,4,STE,STE7,MEK1,MAP2K1
STE7,-2.4058333333333333,13,KRSA,0.8383733055265902,4,STE,STE7,MEK1,MAP2K2
STE7,-2.4058333333333333,13,KRSA,0.8383733055265902,4,STE,STE7,MEK3,MAP2K3
STE7,-2.4058333333333333,13,KRSA,0.8383733055265902,4,STE,STE7,MEK4,MAP2K4
STE7,-2.4058333333333333,13,KRSA,0.8383733055265902,4,STE,STE7,MEK5,MAP2K5
STE7,-2.4058333333333333,13,KRSA,0.8383733055265902,4,STE,STE7,MEK3,MAP2K6
STE7,-2.4058333333333333,13,KRSA,0.8383733055265902,4,STE,STE7,MEK7,MAP2K7
PKG,2.87,12,KRSA,0.8508863399374348,4,AGC,PKG,PKG,PRKG1
PKG,2.87,12,KRSA,0.8508863399374348,4,AGC,PKG,PKG,PRKG2
COT,0.8758333333333332,53,KRSA,0.337851929092805,2,STE,STE-UNIQUE,STE-UNIQUE,MAP3K8
CAMK1,2.3716666666666666,14,KRSA,0.8258602711157456,4,CAMK,CAMK1,CAMK1,CAMK1
CAMK1,2.3716666666666666,14,KRSA,0.8258602711157456,4,CAMK,CAMK1,CAMK1,CAMK1D
CAMK1,2.3716666666666666,14,KRSA,0.8258602711157456,4,CAMK,CAMK1,CAMK1,CAMK1G
CAMK1,2.3716666666666666,14,KRSA,0.8258602711157456,4,CAMK,CAMK1,CAMK1,CAMK4
CAMK1,2.3716666666666666,14,KRSA,0.8258602711157456,4,CAMK,CAMK1,CAMK1,PNCK
PAKB,-0.15333333333333332,75,KRSA,0.06256517205422316,1,STE,STE20,PAKB,PAK4
PAKB,-0.15333333333333332,75,KRSA,0.06256517205422316,1,STE,STE20,PAKB,PAK5
PAKB,-0.15333333333333332,75,KRSA,0.06256517205422316,1,STE,STE20,PAKB,PAK6
PKN,-0.5433333333333333,64,KRSA,0.20020855057351408,1,AGC,PKN,PKN,PKN1
PKN,-0.5433333333333333,64,KRSA,0.20020855057351408,1,AGC,PKN,PKN,PKN2
PKN,-0.5433333333333333,64,KRSA,0.20020855057351408,1,AGC,PKN,PKN,PKN3
TTK,-1.3983333333333334,29,KRSA,0.6381647549530761,3,OTHER,TTK,TTK,TTK
TLK,-1.4058333333333333,28,KRSA,0.6506777893639207,3,OTHER,TLK,TLK,TLK1
TLK,-1.4058333333333333,28,KRSA,0.6506777893639207,3,OTHER,TLK,TLK,TLK2
NUAK,-1.3966666666666667,30,KRSA,0.6256517205422315,3,CAMK,CAMKL,NUAK,NUAK1
NUAK,-1.3966666666666667,30,KRSA,0.6256517205422315,3,CAMK,CAMKL,NUAK,NUAK2
PKCH,-0.7041666666666667,59,KRSA,0.26277372262773724,2,AGC,PKC,ETA,PRKCE
PKCH,-0.7041666666666667,59,KRSA,0.26277372262773724,2,AGC,PKC,ETA,PRKCH
NEK,-1.080833333333333,37,KRSA,0.5380604796663191,3,OTHER,NEK,NEK11,NEK11
NEK,-1.080833333333333,37,KRSA,0.5380604796663191,3,OTHER,NEK,NEK2,NEK2
NEK,-1.080833333333333,37,KRSA,0.5380604796663191,3,OTHER,NEK,NEK1,NEK3
NEK,-1.080833333333333,37,KRSA,0.5380604796663191,3,OTHER,NEK,NEK4,NEK4
NEK,-1.080833333333333,37,KRSA,0.5380604796663191,3,OTHER,NEK,NEK1,NEK5
NEK,-1.080833333333333,37,KRSA,0.5380604796663191,3,OTHER,NEK,NEK6,NEK6
NEK,-1.080833333333333,37,KRSA,0.5380604796663191,3,OTHER,NEK,NEK6,NEK7
NEK,-1.080833333333333,37,KRSA,0.5380604796663191,3,OTHER,NEK,NEK8,NEK8
NEK,-1.080833333333333,37,KRSA,0.5380604796663191,3,OTHER,NEK,NEK8,NEK9
MLK,-0.5291666666666667,65,KRSA,0.18769551616266944,1,TKL,MLK,ILK,ILK
MLK,-0.5291666666666667,65,KRSA,0.18769551616266944,1,TKL,MLK,MLK,MAP3K10
MLK,-0.5291666666666667,65,KRSA,0.18769551616266944,1,TKL,MLK,MLK,MAP3K11
MLK,-0.5291666666666667,65,KRSA,0.18769551616266944,1,TKL,MLK,LZK,MAP3K12
MLK,-0.5291666666666667,65,KRSA,0.18769551616266944,1,TKL,MLK,LZK,MAP3K13
MLK,-0.5291666666666667,65,KRSA,0.18769551616266944,1,TKL,MLK,MLK,MAP3K9
MLK,-0.5291666666666667,65,KRSA,0.18769551616266944,1,TKL,MLK,HH498,TNNI3K
MLCK,-0.13166666666666663,78,KRSA,0.02502606882168926,1,CAMK,MLCK,MLCK,MYLK
MLCK,-0.13166666666666663,78,KRSA,0.02502606882168926,1,CAMK,MLCK,MLCK,MYLK2
MLCK,-0.13166666666666663,78,KRSA,0.02502606882168926,1,CAMK,MLCK,MLCK,TTN
NDR,-0.9366666666666666,51,KRSA,0.36287799791449427,2,AGC,NDR,NDR,LATS1
NDR,-0.9366666666666666,51,KRSA,0.36287799791449427,2,AGC,NDR,NDR,LATS2
NDR,-0.9366666666666666,51,KRSA,0.36287799791449427,2,AGC,NDR,NDR,STK38
NDR,-0.9366666666666666,51,KRSA,0.36287799791449427,2,AGC,NDR,NDR,STK38L
ATR,-1.6733333333333331,22,KRSA,0.7257559958289885,3,ATYPICAL,PIKK,ATR,ATR
MSN,1.2175,33,KRSA,0.5881126173096975,3,STE,STE20,MSN,MAP4K4
MSN,1.2175,33,KRSA,0.5881126173096975,3,STE,STE20,MSN,NRK
MSN,1.2175,33,KRSA,0.5881126173096975,3,STE,STE20,MSN,TNIK
FRAY,-1.3883333333333334,31,KRSA,0.6131386861313869,3,STE,STE20,FRAY,OXSR1
FRAY,-1.3883333333333334,31,KRSA,0.6131386861313869,3,STE,STE20,FRAY,STK39
SLK,0.5891666666666667,62,KRSA,0.22523461939520334,1,STE,STE20,SLK,SLK
SLK,0.5891666666666667,62,KRSA,0.22523461939520334,1,STE,STE20,SLK,STK10
KHS,0.9475,50,KRSA,0.3753910323253389,2,STE,STE20,KHS,MAP4K1
KHS,0.9475,50,KRSA,0.3753910323253389,2,STE,STE20,KHS,MAP4K2
KHS,0.9475,50,KRSA,0.3753910323253389,2,STE,STE20,KHS,MAP4K3
KHS,0.9475,50,KRSA,0.3753910323253389,2,STE,STE20,KHS,MAP4K5
PASK,1.1358333333333333,35,KRSA,0.5630865484880083,3,CAMK,CAMKL,PASK,PASK
STE11,-1.2875,32,KRSA,0.6006256517205423,3,TKL,MLK,TAK1,MAP3K7
STE11,-1.2875,32,KRSA,0.6006256517205423,3,STE,STE11,MEKK1,MAP3K1
STE11,-1.2875,32,KRSA,0.6006256517205423,3,STE,STE11,ASK,MAP3K15
STE11,-1.2875,32,KRSA,0.6006256517205423,3,STE,STE11,MEKK2,MAP3K2
STE11,-1.2875,32,KRSA,0.6006256517205423,3,STE,STE11,MEKK2,MAP3K3
STE11,-1.2875,32,KRSA,0.6006256517205423,3,STE,STE11,MEKK4,MAP3K4
STE11,-1.2875,32,KRSA,0.6006256517205423,3,STE,STE11,ASK,MAP3K5
STE11,-1.2875,32,KRSA,0.6006256517205423,3,STE,STE11,ASK,MAP3K6
RIPK,0.1508333333333333,76,KRSA,0.05005213764337852,1,TKL,RIPK,RIPK,ANKK1
RIPK,0.1508333333333333,76,KRSA,0.05005213764337852,1,TKL,RIPK,RIPK,RIPK1
RIPK,0.1508333333333333,76,KRSA,0.05005213764337852,1,TKL,RIPK,RIPK,RIPK2
RIPK,0.1508333333333333,76,KRSA,0.05005213764337852,1,TKL,RIPK,RIPK,RIPK3
RIPK,0.1508333333333333,76,KRSA,0.05005213764337852,1,TKL,RIPK,RIPK,RIPK4
PKA,2.9483333333333333,11,KRSA,0.8633993743482794,4,AGC,PKA,PKA,PRKACA
PKA,2.9483333333333333,11,KRSA,0.8633993743482794,4,AGC,PKA,PKA,PRKACB
PKA,2.9483333333333333,11,KRSA,0.8633993743482794,4,AGC,PKA,PKA,PRKACG
PKA,2.9483333333333333,11,KRSA,0.8633993743482794,4,AGC,PKA,PKA,PRKX
PKA,2.9483333333333333,11,KRSA,0.8633993743482794,4,AGC,PKA,PKA,PRKY
CAMKK,-0.985,44,KRSA,0.4504692387904067,2,OTHER,CAMKK,META,CAMKK1
CAMKK,-0.985,44,KRSA,0.4504692387904067,2,OTHER,CAMKK,META,CAMKK2
RSK,0.7483333333333333,56,KRSA,0.30031282586027114,2,AGC,RSK,RSK,RPS6KA1
RSK,0.7483333333333333,56,KRSA,0.30031282586027114,2,AGC,RSK,RSK,RPS6KA2
RSK,0.7483333333333333,56,KRSA,0.30031282586027114,2,AGC,RSK,RSK,RPS6KA3
RSK,0.7483333333333333,56,KRSA,0.30031282586027114,2,AGC,RSK,MSK,RPS6KA4
RSK,0.7483333333333333,56,KRSA,0.30031282586027114,2,AGC,RSK,MSK,RPS6KA5
RSK,0.7483333333333333,56,KRSA,0.30031282586027114,2,AGC,RSK,RSK,RPS6KA6
RSK,0.7483333333333333,56,KRSA,0.30031282586027114,2,AGC,RSK,P70,RPS6KB1
RSK,0.7483333333333333,56,KRSA,0.30031282586027114,2,AGC,RSK,P70,RPS6KB2
BRSK,-0.27499999999999997,71,KRSA,0.11261730969760167,1,CAMK,CAMKL,BRSK,BRSK1
BRSK,-0.27499999999999997,71,KRSA,0.11261730969760167,1,CAMK,CAMKL,BRSK,BRSK2
TAO,0.425,68,KRSA,0.15015641293013557,1,STE,STE20,TAO,TAOK1
TAO,0.425,68,KRSA,0.15015641293013557,1,STE,STE20,TAO,TAOK2
TAO,0.425,68,KRSA,0.15015641293013557,1,STE,STE20,TAO,TAOK3
BUD32,-0.9875,42,KRSA,0.4754953076120959,2,OTHER,BUD32,BUD32,TP53RK
CLK,-0.9783333333333334,45,KRSA,0.43795620437956206,2,CMGC,CLK,CLK,CLK1
CLK,-0.9783333333333334,45,KRSA,0.43795620437956206,2,CMGC,CLK,CLK,CLK2
CLK,-0.9783333333333334,45,KRSA,0.43795620437956206,2,CMGC,CLK,CLK,CLK3
CLK,-0.9783333333333334,45,KRSA,0.43795620437956206,2,CMGC,CLK,CLK,CLK4
ATM,-0.9208333333333334,52,KRSA,0.35036496350364965,2,ATYPICAL,PIKK,ATM,ATM
NIK,-0.9858333333333332,43,KRSA,0.4629822732012513,2,STE,STE-UNIQUE,STE-UNIQUE,MAP3K14
MOS,-0.9941666666666666,41,KRSA,0.4880083420229406,2,OTHER,MOS,MOS,MOS
ULK,-0.9775,46,KRSA,0.4254431699687174,2,OTHER,ULK,FUSED,STK36
ULK,-0.9775,46,KRSA,0.4254431699687174,2,OTHER,ULK,ULK,ULK1
ULK,-0.9775,46,KRSA,0.4254431699687174,2,OTHER,ULK,ULK,ULK2
ULK,-0.9775,46,KRSA,0.4254431699687174,2,OTHER,ULK,ULK,ULK3
ULK,-0.9775,46,KRSA,0.4254431699687174,2,OTHER,ULK,ULK,ULK4
WNK,-0.9766666666666668,47,KRSA,0.4129301355578728,2,OTHER,WNK,WNK,WNK1
WNK,-0.9766666666666668,47,KRSA,0.4129301355578728,2,OTHER,WNK,WNK,WNK2
WNK,-0.9766666666666668,47,KRSA,0.4129301355578728,2,OTHER,WNK,WNK,WNK3
WNK,-0.9766666666666668,47,KRSA,0.4129301355578728,2,OTHER,WNK,WNK,WNK4
IRAK,-1.0275,40,KRSA,0.5005213764337852,3,TKL,IRAK,IRAK,IRAK1
IRAK,-1.0275,40,KRSA,0.5005213764337852,3,TKL,IRAK,IRAK,IRAK2
IRAK,-1.0275,40,KRSA,0.5005213764337852,3,TKL,IRAK,IRAK,IRAK3
IRAK,-1.0275,40,KRSA,0.5005213764337852,3,TKL,IRAK,IRAK,IRAK4
SGK,0.4725,67,KRSA,0.16266944734098018,1,AGC,SGK,SGK,SGK1
SGK,0.4725,67,KRSA,0.16266944734098018,1,AGC,SGK,SGK,SGK2
SGK,0.4725,67,KRSA,0.16266944734098018,1,AGC,SGK,SGK,SGK3
AUR,0.04416666666666667,80,KRSA,0,1,OTHER,AUR,AUR,AURKA
AUR,0.04416666666666667,80,KRSA,0,1,OTHER,AUR,AUR,AURKB
AUR,0.04416666666666667,80,KRSA,0,1,OTHER,AUR,AUR,AURKC
PDHK,-0.3375,69,KRSA,0.13764337851929093,1,ATYPICAL,PDHK,BCKDK,BCKDK
PDHK,-0.3375,69,KRSA,0.13764337851929093,1,ATYPICAL,PDHK,PDHK,PDK2
PDHK,-0.3375,69,KRSA,0.13764337851929093,1,ATYPICAL,PDHK,PDHK,PDK3
PDHK,-0.3375,69,KRSA,0.13764337851929093,1,ATYPICAL,PDHK,PDHK,PDK4
STKR,0.1125,79,KRSA,0.01251303441084463,1,TKL,STKR,TYPE1,ACVR1
STKR,0.1125,79,KRSA,0.01251303441084463,1,TKL,STKR,TYPE1,ACVR1B
STKR,0.1125,79,KRSA,0.01251303441084463,1,TKL,STKR,TYPE1,ACVR1C
STKR,0.1125,79,KRSA,0.01251303441084463,1,TKL,STKR,TYPE2,ACVR2A
STKR,0.1125,79,KRSA,0.01251303441084463,1,TKL,STKR,TYPE2,ACVR2B
STKR,0.1125,79,KRSA,0.01251303441084463,1,TKL,STKR,TYPE1,ACVRL1
STKR,0.1125,79,KRSA,0.01251303441084463,1,TKL,STKR,TYPE2,AMHR2
STKR,0.1125,79,KRSA,0.01251303441084463,1,TKL,STKR,TYPE1,BMPR1A
STKR,0.1125,79,KRSA,0.01251303441084463,1,TKL,STKR,TYPE1,BMPR1B
STKR,0.1125,79,KRSA,0.01251303441084463,1,TKL,STKR,TYPE2,BMPR2
STKR,0.1125,79,KRSA,0.01251303441084463,1,TKL,STKR,TYPE1,TGFBR1
STKR,0.1125,79,KRSA,0.01251303441084463,1,TKL,STKR,TYPE2,TGFBR2
PKCD,1.0625,38,KRSA,0.5255474452554745,3,AGC,PKC,DELTA,PRKCD
PKCD,1.0625,38,KRSA,0.5255474452554745,3,AGC,PKC,DELTA,PRKCQ
CHK1,0.6325,61,KRSA,0.23774765380604795,1,CAMK,CAMKL,CHK1,CHEK1
PKCI,1.5158333333333334,24,KRSA,0.7007299270072993,3,AGC,PKC,IOTA,PRKCI
PKCI,1.5158333333333334,24,KRSA,0.7007299270072993,3,AGC,PKC,IOTA,PRKCZ
BARK2,-0.4875,66,KRSA,0.17518248175182483,1,AGC,GRK,BARK,GRK3
GRK,0.14583333333333331,77,KRSA,0.03753910323253389,1,AGC,GRK,GRK,GRK1
GRK,0.14583333333333331,77,KRSA,0.03753910323253389,1,AGC,GRK,GRK,GRK4
GRK,0.14583333333333331,77,KRSA,0.03753910323253389,1,AGC,GRK,GRK,GRK5
GRK,0.14583333333333331,77,KRSA,0.03753910323253389,1,AGC,GRK,GRK,GRK6
GRK,0.14583333333333331,77,KRSA,0.03753910323253389,1,AGC,GRK,GRK,GRK7
PRKDC,-1.485,25,KRSA,0.6882168925964547,3,ATYPICAL,PIKK,DNAPK,PRKDC
MAPKAPK,0.2683333333333333,72,KRSA,0.10010427528675704,1,CAMK,MAPKAPK,MAPKAPK,MAPKAPK2
MAPKAPK,0.2683333333333333,72,KRSA,0.10010427528675704,1,CAMK,MAPKAPK,MAPKAPK,MAPKAPK3
MAPKAPK,0.2683333333333333,72,KRSA,0.10010427528675704,1,CAMK,MAPKAPK,MAPKAPK,MAPKAPK5
MAPKAPK,0.2683333333333333,72,KRSA,0.10010427528675704,1,CAMK,MAPKAPK,MNK,MKNK1
MAPKAPK,0.2683333333333333,72,KRSA,0.10010427528675704,1,CAMK,MAPKAPK,MNK,MKNK2
PKD,0.9641666666666666,48,KRSA,0.40041710114702816,2,CAMK,PKD,PKD,PRKD1
PKD,0.9641666666666666,48,KRSA,0.40041710114702816,2,CAMK,PKD,PKD,PRKD2
PKD,0.9641666666666666,48,KRSA,0.40041710114702816,2,CAMK,PKD,PKD,PRKD3
AMPK,1.4116666666666666,27,KRSA,0.6631908237747653,3,CAMK,CAMKL,AMPK,PRKAA1
AMPK,1.4116666666666666,27,KRSA,0.6631908237747653,3,CAMK,CAMKL,AMPK,PRKAA2
RAD53,1.0466666666666666,39,KRSA,0.5130344108446299,3,CAMK,RAD53,RAD53,CHEK2
PAKA,0.8591666666666667,54,KRSA,0.32533889468196037,2,STE,STE20,PAKA,PAK1
PAKA,0.8591666666666667,54,KRSA,0.32533889468196037,2,STE,STE20,PAKA,PAK2
PAKA,0.8591666666666667,54,KRSA,0.32533889468196037,2,STE,STE20,PAKA,PAK3
CK2,-0.5483333333333333,63,KRSA,0.2127215849843587,1,CMGC,CK2,CK2,CSNK2A1
CK2,-0.5483333333333333,63,KRSA,0.2127215849843587,1,CMGC,CK2,CK2,CSNK2A2
CK2,-0.5483333333333333,63,KRSA,0.2127215849843587,1,NA,NA,NA,CSNK2A3
PIM,0.7675,55,KRSA,0.31282586027111575,2,CAMK,PIM,PIM,PIM1
PIM,0.7675,55,KRSA,0.31282586027111575,2,CAMK,PIM,PIM,PIM2
PIM,0.7675,55,KRSA,0.31282586027111575,2,CAMK,PIM,PIM,PIM3
HAL,0.7308333333333333,57,KRSA,0.28779979144942647,2,RGC,RGC,RGC,NPR1
NAK,-0.17166666666666666,74,KRSA,0.07507820646506778,1,OTHER,NAK,BIKE,AAK1
NAK,-0.17166666666666666,74,KRSA,0.07507820646506778,1,OTHER,NAK,BIKE,BMP2K
NAK,-0.17166666666666666,74,KRSA,0.07507820646506778,1,OTHER,NAK,GAK,GAK
NAK,-0.17166666666666666,74,KRSA,0.07507820646506778,1,OTHER,NAK,MPSK,STK16
CAMK2,0.1883333333333333,73,KRSA,0.08759124087591241,1,CAMK,CAMK2,CAMK2,CAMK2A
CAMK2,0.1883333333333333,73,KRSA,0.08759124087591241,1,CAMK,CAMK2,CAMK2,CAMK2B
CAMK2,0.1883333333333333,73,KRSA,0.08759124087591241,1,CAMK,CAMK2,CAMK2,CAMK2D
CAMK2,0.1883333333333333,73,KRSA,0.08759124087591241,1,CAMK,CAMK2,CAMK2,CAMK2G
ERK,-5.575,1,KRSA,0.9885297184567258,4,CMGC,MAPK,ERK1,MAPK1
ERK,-5.575,1,KRSA,0.9885297184567258,4,CMGC,MAPK,ERK7,MAPK15
ERK,-5.575,1,KRSA,0.9885297184567258,4,CMGC,MAPK,ERK1,MAPK3
ERK,-5.575,1,KRSA,0.9885297184567258,4,CMGC,MAPK,ERK3,MAPK4
ERK,-5.575,1,KRSA,0.9885297184567258,4,CMGC,MAPK,ERK3,MAPK6
ERK,-5.575,1,KRSA,0.9885297184567258,4,CMGC,MAPK,ERK5,MAPK7
CDK,-5.128333333333333,2,KRSA,0.9760166840458812,4,CMGC,CDK,CDC2,CDK1
CDK,-5.128333333333333,2,KRSA,0.9760166840458812,4,CMGC,CDK,CDK10,CDK10
CDK,-5.128333333333333,2,KRSA,0.9760166840458812,4,CMGC,CDK,CRK7,CDK12
CDK,-5.128333333333333,2,KRSA,0.9760166840458812,4,CMGC,CDK,CRK7,CDK13
CDK,-5.128333333333333,2,KRSA,0.9760166840458812,4,CMGC,CDK,PFTAIRE,CDK14
CDK,-5.128333333333333,2,KRSA,0.9760166840458812,4,CMGC,CDK,PFTAIRE,CDK15
CDK,-5.128333333333333,2,KRSA,0.9760166840458812,4,CMGC,CDK,PCTAIRE,CDK16
CDK,-5.128333333333333,2,KRSA,0.9760166840458812,4,CMGC,CDK,PCTAIRE,CDK17
CDK,-5.128333333333333,2,KRSA,0.9760166840458812,4,CMGC,CDK,PCTAIRE,CDK18
CDK,-5.128333333333333,2,KRSA,0.9760166840458812,4,CMGC,CDK,CDK8,CDK19
CDK,-5.128333333333333,2,KRSA,0.9760166840458812,4,CMGC,CDK,CDC2,CDK2
CDK,-5.128333333333333,2,KRSA,0.9760166840458812,4,CMGC,CDK,CCRK,CDK20
CDK,-5.128333333333333,2,KRSA,0.9760166840458812,4,CMGC,CDK,CDC2,CDK3
CDK,-5.128333333333333,2,KRSA,0.9760166840458812,4,CMGC,CDK,CDK4,CDK4
CDK,-5.128333333333333,2,KRSA,0.9760166840458812,4,CMGC,CDK,CDK5,CDK5
CDK,-5.128333333333333,2,KRSA,0.9760166840458812,4,CMGC,CDK,CDK4,CDK6
CDK,-5.128333333333333,2,KRSA,0.9760166840458812,4,CMGC,CDK,CDK7,CDK7
CDK,-5.128333333333333,2,KRSA,0.9760166840458812,4,CMGC,CDK,CDK8,CDK8
CDK,-5.128333333333333,2,KRSA,0.9760166840458812,4,CMGC,CDK,CDK9,CDK9
CDK,-5.128333333333333,2,KRSA,0.9760166840458812,4,NA,NA,NA,CDK11A
CDK,-5.128333333333333,2,KRSA,0.9760166840458812,4,NA,NA,NA,CDK11B
DYRK,-5.0325,3,KRSA,0.9635036496350365,4,CMGC,DYRK,DYRK1,DYRK1A
DYRK,-5.0325,3,KRSA,0.9635036496350365,4,CMGC,DYRK,DYRK1,DYRK1B
DYRK,-5.0325,3,KRSA,0.9635036496350365,4,CMGC,DYRK,DYRK2,DYRK2
DYRK,-5.0325,3,KRSA,0.9635036496350365,4,CMGC,DYRK,DYRK2,DYRK3
DYRK,-5.0325,3,KRSA,0.9635036496350365,4,CMGC,DYRK,DYRK2,DYRK4
DYRK,-5.0325,3,KRSA,0.9635036496350365,4,CMGC,DYRK,HIPK,HIPK1
DYRK,-5.0325,3,KRSA,0.9635036496350365,4,CMGC,DYRK,HIPK,HIPK2
DYRK,-5.0325,3,KRSA,0.9635036496350365,4,CMGC,DYRK,HIPK,HIPK3
DYRK,-5.0325,3,KRSA,0.9635036496350365,4,CMGC,DYRK,HIPK,HIPK4
DYRK,-5.0325,3,KRSA,0.9635036496350365,4,CMGC,DYRK,PRP4,PRPF4B
JNK,-4.211666666666667,6,KRSA,0.9259645464025026,4,CMGC,MAPK,JNK,MAPK10
JNK,-4.211666666666667,6,KRSA,0.9259645464025026,4,CMGC,MAPK,JNK,MAPK8
JNK,-4.211666666666667,6,KRSA,0.9259645464025026,4,CMGC,MAPK,JNK,MAPK9
PEK,-4.9325,4,KRSA,0.9509906152241918,4,OTHER,PEK,HRI,EIF2AK1
PEK,-4.9325,4,KRSA,0.9509906152241918,4,OTHER,PEK,PKR,EIF2AK2
PEK,-4.9325,4,KRSA,0.9509906152241918,4,OTHER,PEK,PEK,EIF2AK3
PEK,-4.9325,4,KRSA,0.9509906152241918,4,OTHER,PEK,GCN2,EIF2AK4
P38,-3.515,8,KRSA,0.9009384775808134,4,CMGC,MAPK,P38,MAPK11
P38,-3.515,8,KRSA,0.9009384775808134,4,CMGC,MAPK,P38,MAPK12
P38,-3.515,8,KRSA,0.9009384775808134,4,CMGC,MAPK,P38,MAPK13
P38,-3.515,8,KRSA,0.9009384775808134,4,CMGC,MAPK,P38,MAPK14
PDK1,-4.2275,5,KRSA,0.9384775808133472,4,ATYPICAL,PDHK,PDHK,PDK1
PDK1,-4.2275,5,KRSA,0.9384775808133472,4,AGC,PDK1,PDK1,PDPK1
PKCA,-3.9183333333333334,7,KRSA,0.913451511991658,4,AGC,PKC,ALPHA,PRKCA
PKCA,-3.9183333333333334,7,KRSA,0.913451511991658,4,AGC,PKC,ALPHA,PRKCB
PKCA,-3.9183333333333334,7,KRSA,0.913451511991658,4,AGC,PKC,ALPHA,PRKCG
PLK,-3.288333333333333,9,KRSA,0.8884254431699687,4,NA,NA,NA,PLK5
PLK,-3.288333333333333,9,KRSA,0.8884254431699687,4,OTHER,PLK,PLK1,PLK1
PLK,-3.288333333333333,9,KRSA,0.8884254431699687,4,OTHER,PLK,PLK2,PLK2
PLK,-3.288333333333333,9,KRSA,0.8884254431699687,4,OTHER,PLK,PLK2,PLK3
PLK,-3.288333333333333,9,KRSA,0.8884254431699687,4,OTHER,PLK,SAK,PLK4
NMO,-3.2183333333333333,10,KRSA,0.8759124087591241,4,CMGC,MAPK,NMO,NLK
RAF,-1.9416666666666669,18,KRSA,0.7758081334723671,4,TKL,RAF,RAF,ARAF
RAF,-1.9416666666666669,18,KRSA,0.7758081334723671,4,TKL,RAF,RAF,BRAF
RAF,-1.9416666666666669,18,KRSA,0.7758081334723671,4,TKL,RAF,KSR,KSR1
RAF,-1.9416666666666669,18,KRSA,0.7758081334723671,4,TKL,RAF,KSR,KSR2
RAF,-1.9416666666666669,18,KRSA,0.7758081334723671,4,TKL,RAF,RAF,RAF1
PKA,2.9483333333333333,11,KRSA,0.8633993743482794,4,AGC,PKA,PKA,PRKACA
PKA,2.9483333333333333,11,KRSA,0.8633993743482794,4,AGC,PKA,PKA,PRKACB
PKA,2.9483333333333333,11,KRSA,0.8633993743482794,4,AGC,PKA,PKA,PRKACG
PKA,2.9483333333333333,11,KRSA,0.8633993743482794,4,AGC,PKA,PKA,PRKX
PKA,2.9483333333333333,11,KRSA,0.8633993743482794,4,AGC,PKA,PKA,PRKY
PKG,2.87,12,KRSA,0.8508863399374348,4,AGC,PKG,PKG,PRKG1
PKG,2.87,12,KRSA,0.8508863399374348,4,AGC,PKG,PKG,PRKG2
CAMK1,2.3716666666666666,14,KRSA,0.8258602711157456,4,CAMK,CAMK1,CAMK1,CAMK1
CAMK1,2.3716666666666666,14,KRSA,0.8258602711157456,4,CAMK,CAMK1,CAMK1,CAMK1D
CAMK1,2.3716666666666666,14,KRSA,0.8258602711157456,4,CAMK,CAMK1,CAMK1,CAMK1G
CAMK1,2.3716666666666666,14,KRSA,0.8258602711157456,4,CAMK,CAMK1,CAMK1,CAMK4
CAMK1,2.3716666666666666,14,KRSA,0.8258602711157456,4,CAMK,CAMK1,CAMK1,PNCK
CK1,-1.9908333333333337,16,KRSA,0.8008342022940563,4,CK1,CK1,CK1-A,CSNK1A1
CK1,-1.9908333333333337,16,KRSA,0.8008342022940563,4,CK1,CK1,CK1-A,CSNK1A1L
CK1,-1.9908333333333337,16,KRSA,0.8008342022940563,4,CK1,CK1,CK1-D,CSNK1D
CK1,-1.9908333333333337,16,KRSA,0.8008342022940563,4,CK1,CK1,CK1-D,CSNK1E
CK1,-1.9908333333333337,16,KRSA,0.8008342022940563,4,CK1,CK1,CK1-G,CSNK1G1
CK1,-1.9908333333333337,16,KRSA,0.8008342022940563,4,CK1,CK1,CK1-G,CSNK1G2
CK1,-1.9908333333333337,16,KRSA,0.8008342022940563,4,CK1,CK1,CK1-G,CSNK1G3
CK1,-1.9908333333333337,16,KRSA,0.8008342022940563,4,CK1,TTBK,TTBK,TTBK1
CK1,-1.9908333333333337,16,KRSA,0.8008342022940563,4,CK1,TTBK,TTBK,TTBK2
CK1,-1.9908333333333337,16,KRSA,0.8008342022940563,4,CK1,VRK,VRK,VRK3
MST,-1.8283333333333336,19,KRSA,0.7632950990615224,4,STE,STE20,MST,STK3
MST,-1.8283333333333336,19,KRSA,0.7632950990615224,4,STE,STE20,MST,STK4
MTOR,-2.211666666666667,15,KRSA,0.8133472367049009,4,ATYPICAL,PIKK,FRAP,MTOR
GSK,-1.7775,20,KRSA,0.7507820646506778,4,CMGC,GSK,GSK,GSK3A
GSK,-1.7775,20,KRSA,0.7507820646506778,4,CMGC,GSK,GSK,GSK3B
QIK,-1.7666666666666666,21,KRSA,0.7382690302398331,3,CAMK,CAMKL,QIK,SIK1
QIK,-1.7666666666666666,21,KRSA,0.7382690302398331,3,CAMK,CAMKL,QIK,SIK2
VRK1,-1.1908333333333334,34,KRSA,0.5755995828988529,3,CK1,VRK,VRK,VRK1
MELK,-0.6616666666666667,60,KRSA,0.2502606882168926,2,CAMK,CAMKL,MELK,MELK
PKD,0.9641666666666666,48,KRSA,0.40041710114702816,2,CAMK,PKD,PKD,PRKD1
PKD,0.9641666666666666,48,KRSA,0.40041710114702816,2,CAMK,PKD,PKD,PRKD2
PKD,0.9641666666666666,48,KRSA,0.40041710114702816,2,CAMK,PKD,PKD,PRKD3
DAPK,-1.0841666666666667,36,KRSA,0.5505735140771637,3,CAMK,DAPK,DAPK,DAPK1
DAPK,-1.0841666666666667,36,KRSA,0.5505735140771637,3,CAMK,DAPK,DAPK,DAPK2
DAPK,-1.0841666666666667,36,KRSA,0.5505735140771637,3,CAMK,DAPK,DAPK,DAPK3
DAPK,-1.0841666666666667,36,KRSA,0.5505735140771637,3,CAMK,DAPK,DRAK,STK17A
DAPK,-1.0841666666666667,36,KRSA,0.5505735140771637,3,CAMK,DAPK,DRAK,STK17B
LKB,-1.9433333333333336,17,KRSA,0.7883211678832117,4,CAMK,CAMKL,LKB,STK11
STE7,-2.4058333333333333,13,KRSA,0.8383733055265902,4,STE,STE7,MEK1,MAP2K1
STE7,-2.4058333333333333,13,KRSA,0.8383733055265902,4,STE,STE7,MEK1,MAP2K2
STE7,-2.4058333333333333,13,KRSA,0.8383733055265902,4,STE,STE7,MEK3,MAP2K3
STE7,-2.4058333333333333,13,KRSA,0.8383733055265902,4,STE,STE7,MEK4,MAP2K4
STE7,-2.4058333333333333,13,KRSA,0.8383733055265902,4,STE,STE7,MEK5,MAP2K5
STE7,-2.4058333333333333,13,KRSA,0.8383733055265902,4,STE,STE7,MEK3,MAP2K6
STE7,-2.4058333333333333,13,KRSA,0.8383733055265902,4,STE,STE7,MEK7,MAP2K7
BARK2,-0.4875,66,KRSA,0.17518248175182483,1,AGC,GRK,BARK,GRK3
IKK,-1.5175,23,KRSA,0.7132429614181439,3,OTHER,IKK,IKK,CHUK
IKK,-1.5175,23,KRSA,0.7132429614181439,3,OTHER,IKK,IKK,IKBKB
IKK,-1.5175,23,KRSA,0.7132429614181439,3,OTHER,IKK,IKK,IKBKE
IKK,-1.5175,23,KRSA,0.7132429614181439,3,OTHER,IKK,IKK,TBK1
ATR,-1.6733333333333331,22,KRSA,0.7257559958289885,3,ATYPICAL,PIKK,ATR,ATR
KHS,0.9475,50,KRSA,0.3753910323253389,2,STE,STE20,KHS,MAP4K1
KHS,0.9475,50,KRSA,0.3753910323253389,2,STE,STE20,KHS,MAP4K2
KHS,0.9475,50,KRSA,0.3753910323253389,2,STE,STE20,KHS,MAP4K3
KHS,0.9475,50,KRSA,0.3753910323253389,2,STE,STE20,KHS,MAP4K5
PASK,1.1358333333333333,35,KRSA,0.5630865484880083,3,CAMK,CAMKL,PASK,PASK
DMPK,-0.9541666666666668,49,KRSA,0.38790406673618355,2,AGC,DMPK,GEK,CDC42BPA
DMPK,-0.9541666666666668,49,KRSA,0.38790406673618355,2,AGC,DMPK,GEK,CDC42BPB
DMPK,-0.9541666666666668,49,KRSA,0.38790406673618355,2,AGC,DMPK,GEK,CDC42BPG
DMPK,-0.9541666666666668,49,KRSA,0.38790406673618355,2,AGC,DMPK,CRIK,CIT
DMPK,-0.9541666666666668,49,KRSA,0.38790406673618355,2,AGC,DMPK,GEK,DMPK
DMPK,-0.9541666666666668,49,KRSA,0.38790406673618355,2,AGC,DMPK,ROCK,ROCK1
DMPK,-0.9541666666666668,49,KRSA,0.38790406673618355,2,AGC,DMPK,ROCK,ROCK2
AMPK,1.4116666666666666,27,KRSA,0.6631908237747653,3,CAMK,CAMKL,AMPK,PRKAA1
AMPK,1.4116666666666666,27,KRSA,0.6631908237747653,3,CAMK,CAMKL,AMPK,PRKAA2
NUAK,-1.3966666666666667,30,KRSA,0.6256517205422315,3,CAMK,CAMKL,NUAK,NUAK1
NUAK,-1.3966666666666667,30,KRSA,0.6256517205422315,3,CAMK,CAMKL,NUAK,NUAK2
CHK1,0.6325,61,KRSA,0.23774765380604795,1,CAMK,CAMKL,CHK1,CHEK1
PKN,-0.5433333333333333,64,KRSA,0.20020855057351408,1,AGC,PKN,PKN,PKN1
PKN,-0.5433333333333333,64,KRSA,0.20020855057351408,1,AGC,PKN,PKN,PKN2
PKN,-0.5433333333333333,64,KRSA,0.20020855057351408,1,AGC,PKN,PKN,PKN3
TLK,-1.4058333333333333,28,KRSA,0.6506777893639207,3,OTHER,TLK,TLK,TLK1
TLK,-1.4058333333333333,28,KRSA,0.6506777893639207,3,OTHER,TLK,TLK,TLK2
PAKB,-0.15333333333333332,75,KRSA,0.06256517205422316,1,STE,STE20,PAKB,PAK4
PAKB,-0.15333333333333332,75,KRSA,0.06256517205422316,1,STE,STE20,PAKB,PAK5
PAKB,-0.15333333333333332,75,KRSA,0.06256517205422316,1,STE,STE20,PAKB,PAK6
PKCI,1.5158333333333334,24,KRSA,0.7007299270072993,3,AGC,PKC,IOTA,PRKCI
PKCI,1.5158333333333334,24,KRSA,0.7007299270072993,3,AGC,PKC,IOTA,PRKCZ
PKCD,1.0625,38,KRSA,0.5255474452554745,3,AGC,PKC,DELTA,PRKCD
PKCD,1.0625,38,KRSA,0.5255474452554745,3,AGC,PKC,DELTA,PRKCQ
TTK,-1.3983333333333334,29,KRSA,0.6381647549530761,3,OTHER,TTK,TTK,TTK
PHK,-1.4125,26,KRSA,0.67570385818561,3,CAMK,PHK,PHK,PHKG1
PHK,-1.4125,26,KRSA,0.67570385818561,3,CAMK,PHK,PHK,PHKG2
NEK,-1.080833333333333,37,KRSA,0.5380604796663191,3,OTHER,NEK,NEK11,NEK11
NEK,-1.080833333333333,37,KRSA,0.5380604796663191,3,OTHER,NEK,NEK2,NEK2
NEK,-1.080833333333333,37,KRSA,0.5380604796663191,3,OTHER,NEK,NEK1,NEK3
NEK,-1.080833333333333,37,KRSA,0.5380604796663191,3,OTHER,NEK,NEK4,NEK4
NEK,-1.080833333333333,37,KRSA,0.5380604796663191,3,OTHER,NEK,NEK1,NEK5
NEK,-1.080833333333333,37,KRSA,0.5380604796663191,3,OTHER,NEK,NEK6,NEK6
NEK,-1.080833333333333,37,KRSA,0.5380604796663191,3,OTHER,NEK,NEK6,NEK7
NEK,-1.080833333333333,37,KRSA,0.5380604796663191,3,OTHER,NEK,NEK8,NEK8
NEK,-1.080833333333333,37,KRSA,0.5380604796663191,3,OTHER,NEK,NEK8,NEK9
AKT,-0.29333333333333333,70,KRSA,0.1251303441084463,1,AGC,AKT,AKT,AKT1
AKT,-0.29333333333333333,70,KRSA,0.1251303441084463,1,AGC,AKT,AKT,AKT2
AKT,-0.29333333333333333,70,KRSA,0.1251303441084463,1,AGC,AKT,AKT,AKT3
MLK,-0.5291666666666667,65,KRSA,0.18769551616266944,1,TKL,MLK,ILK,ILK
MLK,-0.5291666666666667,65,KRSA,0.18769551616266944,1,TKL,MLK,MLK,MAP3K10
MLK,-0.5291666666666667,65,KRSA,0.18769551616266944,1,TKL,MLK,MLK,MAP3K11
MLK,-0.5291666666666667,65,KRSA,0.18769551616266944,1,TKL,MLK,LZK,MAP3K12
MLK,-0.5291666666666667,65,KRSA,0.18769551616266944,1,TKL,MLK,LZK,MAP3K13
MLK,-0.5291666666666667,65,KRSA,0.18769551616266944,1,TKL,MLK,MLK,MAP3K9
MLK,-0.5291666666666667,65,KRSA,0.18769551616266944,1,TKL,MLK,HH498,TNNI3K
SGK,0.4725,67,KRSA,0.16266944734098018,1,AGC,SGK,SGK,SGK1
SGK,0.4725,67,KRSA,0.16266944734098018,1,AGC,SGK,SGK,SGK2
SGK,0.4725,67,KRSA,0.16266944734098018,1,AGC,SGK,SGK,SGK3
PAKA,0.8591666666666667,54,KRSA,0.32533889468196037,2,STE,STE20,PAKA,PAK1
PAKA,0.8591666666666667,54,KRSA,0.32533889468196037,2,STE,STE20,PAKA,PAK2
PAKA,0.8591666666666667,54,KRSA,0.32533889468196037,2,STE,STE20,PAKA,PAK3
IRAK,-1.0275,40,KRSA,0.5005213764337852,3,TKL,IRAK,IRAK,IRAK1
IRAK,-1.0275,40,KRSA,0.5005213764337852,3,TKL,IRAK,IRAK,IRAK2
IRAK,-1.0275,40,KRSA,0.5005213764337852,3,TKL,IRAK,IRAK,IRAK3
IRAK,-1.0275,40,KRSA,0.5005213764337852,3,TKL,IRAK,IRAK,IRAK4
NDR,-0.9366666666666666,51,KRSA,0.36287799791449427,2,AGC,NDR,NDR,LATS1
NDR,-0.9366666666666666,51,KRSA,0.36287799791449427,2,AGC,NDR,NDR,LATS2
NDR,-0.9366666666666666,51,KRSA,0.36287799791449427,2,AGC,NDR,NDR,STK38
NDR,-0.9366666666666666,51,KRSA,0.36287799791449427,2,AGC,NDR,NDR,STK38L
RAD53,1.0466666666666666,39,KRSA,0.5130344108446299,3,CAMK,RAD53,RAD53,CHEK2
SLK,0.5891666666666667,62,KRSA,0.22523461939520334,1,STE,STE20,SLK,SLK
SLK,0.5891666666666667,62,KRSA,0.22523461939520334,1,STE,STE20,SLK,STK10
MLCK,-0.13166666666666663,78,KRSA,0.02502606882168926,1,CAMK,MLCK,MLCK,MYLK
MLCK,-0.13166666666666663,78,KRSA,0.02502606882168926,1,CAMK,MLCK,MLCK,MYLK2
MLCK,-0.13166666666666663,78,KRSA,0.02502606882168926,1,CAMK,MLCK,MLCK,TTN
MOS,-0.9941666666666666,41,KRSA,0.4880083420229406,2,OTHER,MOS,MOS,MOS
NIK,-0.9858333333333332,43,KRSA,0.4629822732012513,2,STE,STE-UNIQUE,STE-UNIQUE,MAP3K14
WNK,-0.9766666666666668,47,KRSA,0.4129301355578728,2,OTHER,WNK,WNK,WNK1
WNK,-0.9766666666666668,47,KRSA,0.4129301355578728,2,OTHER,WNK,WNK,WNK2
WNK,-0.9766666666666668,47,KRSA,0.4129301355578728,2,OTHER,WNK,WNK,WNK3
WNK,-0.9766666666666668,47,KRSA,0.4129301355578728,2,OTHER,WNK,WNK,WNK4
ULK,-0.9775,46,KRSA,0.4254431699687174,2,OTHER,ULK,FUSED,STK36
ULK,-0.9775,46,KRSA,0.4254431699687174,2,OTHER,ULK,ULK,ULK1
ULK,-0.9775,46,KRSA,0.4254431699687174,2,OTHER,ULK,ULK,ULK2
ULK,-0.9775,46,KRSA,0.4254431699687174,2,OTHER,ULK,ULK,ULK3
ULK,-0.9775,46,KRSA,0.4254431699687174,2,OTHER,ULK,ULK,ULK4
TAO,0.425,68,KRSA,0.15015641293013557,1,STE,STE20,TAO,TAOK1
TAO,0.425,68,KRSA,0.15015641293013557,1,STE,STE20,TAO,TAOK2
TAO,0.425,68,KRSA,0.15015641293013557,1,STE,STE20,TAO,TAOK3
BRSK,-0.27499999999999997,71,KRSA,0.11261730969760167,1,CAMK,CAMKL,BRSK,BRSK1
BRSK,-0.27499999999999997,71,KRSA,0.11261730969760167,1,CAMK,CAMKL,BRSK,BRSK2
PIM,0.7675,55,KRSA,0.31282586027111575,2,CAMK,PIM,PIM,PIM1
PIM,0.7675,55,KRSA,0.31282586027111575,2,CAMK,PIM,PIM,PIM2
PIM,0.7675,55,KRSA,0.31282586027111575,2,CAMK,PIM,PIM,PIM3
BUD32,-0.9875,42,KRSA,0.4754953076120959,2,OTHER,BUD32,BUD32,TP53RK
CLK,-0.9783333333333334,45,KRSA,0.43795620437956206,2,CMGC,CLK,CLK,CLK1
CLK,-0.9783333333333334,45,KRSA,0.43795620437956206,2,CMGC,CLK,CLK,CLK2
CLK,-0.9783333333333334,45,KRSA,0.43795620437956206,2,CMGC,CLK,CLK,CLK3
CLK,-0.9783333333333334,45,KRSA,0.43795620437956206,2,CMGC,CLK,CLK,CLK4
CAMKK,-0.985,44,KRSA,0.4504692387904067,2,OTHER,CAMKK,META,CAMKK1
CAMKK,-0.985,44,KRSA,0.4504692387904067,2,OTHER,CAMKK,META,CAMKK2
CAMK2,0.1883333333333333,73,KRSA,0.08759124087591241,1,CAMK,CAMK2,CAMK2,CAMK2A
CAMK2,0.1883333333333333,73,KRSA,0.08759124087591241,1,CAMK,CAMK2,CAMK2,CAMK2B
CAMK2,0.1883333333333333,73,KRSA,0.08759124087591241,1,CAMK,CAMK2,CAMK2,CAMK2D
CAMK2,0.1883333333333333,73,KRSA,0.08759124087591241,1,CAMK,CAMK2,CAMK2,CAMK2G
MAPKAPK,0.2683333333333333,72,KRSA,0.10010427528675704,1,CAMK,MAPKAPK,MAPKAPK,MAPKAPK2
MAPKAPK,0.2683333333333333,72,KRSA,0.10010427528675704,1,CAMK,MAPKAPK,MAPKAPK,MAPKAPK3
MAPKAPK,0.2683333333333333,72,KRSA,0.10010427528675704,1,CAMK,MAPKAPK,MAPKAPK,MAPKAPK5
MAPKAPK,0.2683333333333333,72,KRSA,0.10010427528675704,1,CAMK,MAPKAPK,MNK,MKNK1
MAPKAPK,0.2683333333333333,72,KRSA,0.10010427528675704,1,CAMK,MAPKAPK,MNK,MKNK2
PKCH,-0.7041666666666667,59,KRSA,0.26277372262773724,2,AGC,PKC,ETA,PRKCE
PKCH,-0.7041666666666667,59,KRSA,0.26277372262773724,2,AGC,PKC,ETA,PRKCH
PDHK,-0.3375,69,KRSA,0.13764337851929093,1,ATYPICAL,PDHK,BCKDK,BCKDK
PDHK,-0.3375,69,KRSA,0.13764337851929093,1,ATYPICAL,PDHK,PDHK,PDK2
PDHK,-0.3375,69,KRSA,0.13764337851929093,1,ATYPICAL,PDHK,PDHK,PDK3
PDHK,-0.3375,69,KRSA,0.13764337851929093,1,ATYPICAL,PDHK,PDHK,PDK4
STE11,-1.2875,32,KRSA,0.6006256517205423,3,TKL,MLK,TAK1,MAP3K7
STE11,-1.2875,32,KRSA,0.6006256517205423,3,STE,STE11,MEKK1,MAP3K1
STE11,-1.2875,32,KRSA,0.6006256517205423,3,STE,STE11,ASK,MAP3K15
STE11,-1.2875,32,KRSA,0.6006256517205423,3,STE,STE11,MEKK2,MAP3K2
STE11,-1.2875,32,KRSA,0.6006256517205423,3,STE,STE11,MEKK2,MAP3K3
STE11,-1.2875,32,KRSA,0.6006256517205423,3,STE,STE11,MEKK4,MAP3K4
STE11,-1.2875,32,KRSA,0.6006256517205423,3,STE,STE11,ASK,MAP3K5
STE11,-1.2875,32,KRSA,0.6006256517205423,3,STE,STE11,ASK,MAP3K6
ATM,-0.9208333333333334,52,KRSA,0.35036496350364965,2,ATYPICAL,PIKK,ATM,ATM
RSK,0.7483333333333333,56,KRSA,0.30031282586027114,2,AGC,RSK,RSK,RPS6KA1
RSK,0.7483333333333333,56,KRSA,0.30031282586027114,2,AGC,RSK,RSK,RPS6KA2
RSK,0.7483333333333333,56,KRSA,0.30031282586027114,2,AGC,RSK,RSK,RPS6KA3
RSK,0.7483333333333333,56,KRSA,0.30031282586027114,2,AGC,RSK,MSK,RPS6KA4
RSK,0.7483333333333333,56,KRSA,0.30031282586027114,2,AGC,RSK,MSK,RPS6KA5
RSK,0.7483333333333333,56,KRSA,0.30031282586027114,2,AGC,RSK,RSK,RPS6KA6
RSK,0.7483333333333333,56,KRSA,0.30031282586027114,2,AGC,RSK,P70,RPS6KB1
RSK,0.7483333333333333,56,KRSA,0.30031282586027114,2,AGC,RSK,P70,RPS6KB2
MSN,1.2175,33,KRSA,0.5881126173096975,3,STE,STE20,MSN,MAP4K4
MSN,1.2175,33,KRSA,0.5881126173096975,3,STE,STE20,MSN,NRK
MSN,1.2175,33,KRSA,0.5881126173096975,3,STE,STE20,MSN,TNIK
PRKDC,-1.485,25,KRSA,0.6882168925964547,3,ATYPICAL,PIKK,DNAPK,PRKDC
FRAY,-1.3883333333333334,31,KRSA,0.6131386861313869,3,STE,STE20,FRAY,OXSR1
FRAY,-1.3883333333333334,31,KRSA,0.6131386861313869,3,STE,STE20,FRAY,STK39
NAK,-0.17166666666666666,74,KRSA,0.07507820646506778,1,OTHER,NAK,BIKE,AAK1
NAK,-0.17166666666666666,74,KRSA,0.07507820646506778,1,OTHER,NAK,BIKE,BMP2K
NAK,-0.17166666666666666,74,KRSA,0.07507820646506778,1,OTHER,NAK,GAK,GAK
NAK,-0.17166666666666666,74,KRSA,0.07507820646506778,1,OTHER,NAK,MPSK,STK16
HAL,0.7308333333333333,57,KRSA,0.28779979144942647,2,RGC,RGC,RGC,NPR1
AUR,0.04416666666666667,80,KRSA,0,1,OTHER,AUR,AUR,AURKA
AUR,0.04416666666666667,80,KRSA,0,1,OTHER,AUR,AUR,AURKB
AUR,0.04416666666666667,80,KRSA,0,1,OTHER,AUR,AUR,AURKC
GRK,0.14583333333333331,77,KRSA,0.03753910323253389,1,AGC,GRK,GRK,GRK1
GRK,0.14583333333333331,77,KRSA,0.03753910323253389,1,AGC,GRK,GRK,GRK4
GRK,0.14583333333333331,77,KRSA,0.03753910323253389,1,AGC,GRK,GRK,GRK5
GRK,0.14583333333333331,77,KRSA,0.03753910323253389,1,AGC,GRK,GRK,GRK6
GRK,0.14583333333333331,77,KRSA,0.03753910323253389,1,AGC,GRK,GRK,GRK7
STKR,0.1125,79,KRSA,0.01251303441084463,1,TKL,STKR,TYPE1,ACVR1
STKR,0.1125,79,KRSA,0.01251303441084463,1,TKL,STKR,TYPE1,ACVR1B
STKR,0.1125,79,KRSA,0.01251303441084463,1,TKL,STKR,TYPE1,ACVR1C
STKR,0.1125,79,KRSA,0.01251303441084463,1,TKL,STKR,TYPE2,ACVR2A
STKR,0.1125,79,KRSA,0.01251303441084463,1,TKL,STKR,TYPE2,ACVR2B
STKR,0.1125,79,KRSA,0.01251303441084463,1,TKL,STKR,TYPE1,ACVRL1
STKR,0.1125,79,KRSA,0.01251303441084463,1,TKL,STKR,TYPE2,AMHR2
STKR,0.1125,79,KRSA,0.01251303441084463,1,TKL,STKR,TYPE1,BMPR1A
STKR,0.1125,79,KRSA,0.01251303441084463,1,TKL,STKR,TYPE1,BMPR1B
STKR,0.1125,79,KRSA,0.01251303441084463,1,TKL,STKR,TYPE2,BMPR2
STKR,0.1125,79,KRSA,0.01251303441084463,1,TKL,STKR,TYPE1,TGFBR1
STKR,0.1125,79,KRSA,0.01251303441084463,1,TKL,STKR,TYPE2,TGFBR2
CK2,-0.5483333333333333,63,KRSA,0.2127215849843587,1,CMGC,CK2,CK2,CSNK2A1
CK2,-0.5483333333333333,63,KRSA,0.2127215849843587,1,CMGC,CK2,CK2,CSNK2A2
CK2,-0.5483333333333333,63,KRSA,0.2127215849843587,1,NA,NA,NA,CSNK2A3
RIPK,0.1508333333333333,76,KRSA,0.05005213764337852,1,TKL,RIPK,RIPK,ANKK1
RIPK,0.1508333333333333,76,KRSA,0.05005213764337852,1,TKL,RIPK,RIPK,RIPK1
RIPK,0.1508333333333333,76,KRSA,0.05005213764337852,1,TKL,RIPK,RIPK,RIPK2
RIPK,0.1508333333333333,76,KRSA,0.05005213764337852,1,TKL,RIPK,RIPK,RIPK3
RIPK,0.1508333333333333,76,KRSA,0.05005213764337852,1,TKL,RIPK,RIPK,RIPK4
COT,0.8758333333333332,53,KRSA,0.337851929092805,2,STE,STE-UNIQUE,STE-UNIQUE,MAP3K8
ERK,-5.575,1,KRSA,0.9885297184567258,4,CMGC,MAPK,ERK1,MAPK1
ERK,-5.575,1,KRSA,0.9885297184567258,4,CMGC,MAPK,ERK7,MAPK15
ERK,-5.575,1,KRSA,0.9885297184567258,4,CMGC,MAPK,ERK1,MAPK3
ERK,-5.575,1,KRSA,0.9885297184567258,4,CMGC,MAPK,ERK3,MAPK4
ERK,-5.575,1,KRSA,0.9885297184567258,4,CMGC,MAPK,ERK3,MAPK6
ERK,-5.575,1,KRSA,0.9885297184567258,4,CMGC,MAPK,ERK5,MAPK7
DYRK,-5.0325,3,KRSA,0.9635036496350365,4,CMGC,DYRK,DYRK1,DYRK1A
DYRK,-5.0325,3,KRSA,0.9635036496350365,4,CMGC,DYRK,DYRK1,DYRK1B
DYRK,-5.0325,3,KRSA,0.9635036496350365,4,CMGC,DYRK,DYRK2,DYRK2
DYRK,-5.0325,3,KRSA,0.9635036496350365,4,CMGC,DYRK,DYRK2,DYRK3
DYRK,-5.0325,3,KRSA,0.9635036496350365,4,CMGC,DYRK,DYRK2,DYRK4
DYRK,-5.0325,3,KRSA,0.9635036496350365,4,CMGC,DYRK,HIPK,HIPK1
DYRK,-5.0325,3,KRSA,0.9635036496350365,4,CMGC,DYRK,HIPK,HIPK2
DYRK,-5.0325,3,KRSA,0.9635036496350365,4,CMGC,DYRK,HIPK,HIPK3
DYRK,-5.0325,3,KRSA,0.9635036496350365,4,CMGC,DYRK,HIPK,HIPK4
DYRK,-5.0325,3,KRSA,0.9635036496350365,4,CMGC,DYRK,PRP4,PRPF4B
CDK,-5.128333333333333,2,KRSA,0.9760166840458812,4,CMGC,CDK,CDC2,CDK1
CDK,-5.128333333333333,2,KRSA,0.9760166840458812,4,CMGC,CDK,CDK10,CDK10
CDK,-5.128333333333333,2,KRSA,0.9760166840458812,4,CMGC,CDK,CRK7,CDK12
CDK,-5.128333333333333,2,KRSA,0.9760166840458812,4,CMGC,CDK,CRK7,CDK13
CDK,-5.128333333333333,2,KRSA,0.9760166840458812,4,CMGC,CDK,PFTAIRE,CDK14
CDK,-5.128333333333333,2,KRSA,0.9760166840458812,4,CMGC,CDK,PFTAIRE,CDK15
CDK,-5.128333333333333,2,KRSA,0.9760166840458812,4,CMGC,CDK,PCTAIRE,CDK16
CDK,-5.128333333333333,2,KRSA,0.9760166840458812,4,CMGC,CDK,PCTAIRE,CDK17
CDK,-5.128333333333333,2,KRSA,0.9760166840458812,4,CMGC,CDK,PCTAIRE,CDK18
CDK,-5.128333333333333,2,KRSA,0.9760166840458812,4,CMGC,CDK,CDK8,CDK19
CDK,-5.128333333333333,2,KRSA,0.9760166840458812,4,CMGC,CDK,CDC2,CDK2
CDK,-5.128333333333333,2,KRSA,0.9760166840458812,4,CMGC,CDK,CCRK,CDK20
CDK,-5.128333333333333,2,KRSA,0.9760166840458812,4,CMGC,CDK,CDC2,CDK3
CDK,-5.128333333333333,2,KRSA,0.9760166840458812,4,CMGC,CDK,CDK4,CDK4
CDK,-5.128333333333333,2,KRSA,0.9760166840458812,4,CMGC,CDK,CDK5,CDK5
CDK,-5.128333333333333,2,KRSA,0.9760166840458812,4,CMGC,CDK,CDK4,CDK6
CDK,-5.128333333333333,2,KRSA,0.9760166840458812,4,CMGC,CDK,CDK7,CDK7
CDK,-5.128333333333333,2,KRSA,0.9760166840458812,4,CMGC,CDK,CDK8,CDK8
CDK,-5.128333333333333,2,KRSA,0.9760166840458812,4,CMGC,CDK,CDK9,CDK9
CDK,-5.128333333333333,2,KRSA,0.9760166840458812,4,NA,NA,NA,CDK11A
CDK,-5.128333333333333,2,KRSA,0.9760166840458812,4,NA,NA,NA,CDK11B
JNK,-4.211666666666667,6,KRSA,0.9259645464025026,4,CMGC,MAPK,JNK,MAPK10
JNK,-4.211666666666667,6,KRSA,0.9259645464025026,4,CMGC,MAPK,JNK,MAPK8
JNK,-4.211666666666667,6,KRSA,0.9259645464025026,4,CMGC,MAPK,JNK,MAPK9
PKA,2.9483333333333333,11,KRSA,0.8633993743482794,4,AGC,PKA,PKA,PRKACA
PKA,2.9483333333333333,11,KRSA,0.8633993743482794,4,AGC,PKA,PKA,PRKACB
PKA,2.9483333333333333,11,KRSA,0.8633993743482794,4,AGC,PKA,PKA,PRKACG
PKA,2.9483333333333333,11,KRSA,0.8633993743482794,4,AGC,PKA,PKA,PRKX
PKA,2.9483333333333333,11,KRSA,0.8633993743482794,4,AGC,PKA,PKA,PRKY
PDK1,-4.2275,5,KRSA,0.9384775808133472,4,ATYPICAL,PDHK,PDHK,PDK1
PDK1,-4.2275,5,KRSA,0.9384775808133472,4,AGC,PDK1,PDK1,PDPK1
CAMK1,2.3716666666666666,14,KRSA,0.8258602711157456,4,CAMK,CAMK1,CAMK1,CAMK1
CAMK1,2.3716666666666666,14,KRSA,0.8258602711157456,4,CAMK,CAMK1,CAMK1,CAMK1D
CAMK1,2.3716666666666666,14,KRSA,0.8258602711157456,4,CAMK,CAMK1,CAMK1,CAMK1G
CAMK1,2.3716666666666666,14,KRSA,0.8258602711157456,4,CAMK,CAMK1,CAMK1,CAMK4
CAMK1,2.3716666666666666,14,KRSA,0.8258602711157456,4,CAMK,CAMK1,CAMK1,PNCK
P38,-3.515,8,KRSA,0.9009384775808134,4,CMGC,MAPK,P38,MAPK11
P38,-3.515,8,KRSA,0.9009384775808134,4,CMGC,MAPK,P38,MAPK12
P38,-3.515,8,KRSA,0.9009384775808134,4,CMGC,MAPK,P38,MAPK13
P38,-3.515,8,KRSA,0.9009384775808134,4,CMGC,MAPK,P38,MAPK14
PKG,2.87,12,KRSA,0.8508863399374348,4,AGC,PKG,PKG,PRKG1
PKG,2.87,12,KRSA,0.8508863399374348,4,AGC,PKG,PKG,PRKG2
PEK,-4.9325,4,KRSA,0.9509906152241918,4,OTHER,PEK,HRI,EIF2AK1
PEK,-4.9325,4,KRSA,0.9509906152241918,4,OTHER,PEK,PKR,EIF2AK2
PEK,-4.9325,4,KRSA,0.9509906152241918,4,OTHER,PEK,PEK,EIF2AK3
PEK,-4.9325,4,KRSA,0.9509906152241918,4,OTHER,PEK,GCN2,EIF2AK4
PLK,-3.288333333333333,9,KRSA,0.8884254431699687,4,NA,NA,NA,PLK5
PLK,-3.288333333333333,9,KRSA,0.8884254431699687,4,OTHER,PLK,PLK1,PLK1
PLK,-3.288333333333333,9,KRSA,0.8884254431699687,4,OTHER,PLK,PLK2,PLK2
PLK,-3.288333333333333,9,KRSA,0.8884254431699687,4,OTHER,PLK,PLK2,PLK3
PLK,-3.288333333333333,9,KRSA,0.8884254431699687,4,OTHER,PLK,SAK,PLK4
PKD,0.9641666666666666,48,KRSA,0.40041710114702816,2,CAMK,PKD,PKD,PRKD1
PKD,0.9641666666666666,48,KRSA,0.40041710114702816,2,CAMK,PKD,PKD,PRKD2
PKD,0.9641666666666666,48,KRSA,0.40041710114702816,2,CAMK,PKD,PKD,PRKD3
NMO,-3.2183333333333333,10,KRSA,0.8759124087591241,4,CMGC,MAPK,NMO,NLK
RAF,-1.9416666666666669,18,KRSA,0.7758081334723671,4,TKL,RAF,RAF,ARAF
RAF,-1.9416666666666669,18,KRSA,0.7758081334723671,4,TKL,RAF,RAF,BRAF
RAF,-1.9416666666666669,18,KRSA,0.7758081334723671,4,TKL,RAF,KSR,KSR1
RAF,-1.9416666666666669,18,KRSA,0.7758081334723671,4,TKL,RAF,KSR,KSR2
RAF,-1.9416666666666669,18,KRSA,0.7758081334723671,4,TKL,RAF,RAF,RAF1
AMPK,1.4116666666666666,27,KRSA,0.6631908237747653,3,CAMK,CAMKL,AMPK,PRKAA1
AMPK,1.4116666666666666,27,KRSA,0.6631908237747653,3,CAMK,CAMKL,AMPK,PRKAA2
ATR,-1.6733333333333331,22,KRSA,0.7257559958289885,3,ATYPICAL,PIKK,ATR,ATR
PKCA,-3.9183333333333334,7,KRSA,0.913451511991658,4,AGC,PKC,ALPHA,PRKCA
PKCA,-3.9183333333333334,7,KRSA,0.913451511991658,4,AGC,PKC,ALPHA,PRKCB
PKCA,-3.9183333333333334,7,KRSA,0.913451511991658,4,AGC,PKC,ALPHA,PRKCG
PAKA,0.8591666666666667,54,KRSA,0.32533889468196037,2,STE,STE20,PAKA,PAK1
PAKA,0.8591666666666667,54,KRSA,0.32533889468196037,2,STE,STE20,PAKA,PAK2
PAKA,0.8591666666666667,54,KRSA,0.32533889468196037,2,STE,STE20,PAKA,PAK3
MST,-1.8283333333333336,19,KRSA,0.7632950990615224,4,STE,STE20,MST,STK3
MST,-1.8283333333333336,19,KRSA,0.7632950990615224,4,STE,STE20,MST,STK4
MTOR,-2.211666666666667,15,KRSA,0.8133472367049009,4,ATYPICAL,PIKK,FRAP,MTOR
PRKDC,-1.485,25,KRSA,0.6882168925964547,3,ATYPICAL,PIKK,DNAPK,PRKDC
PKCD,1.0625,38,KRSA,0.5255474452554745,3,AGC,PKC,DELTA,PRKCD
PKCD,1.0625,38,KRSA,0.5255474452554745,3,AGC,PKC,DELTA,PRKCQ
RSK,0.7483333333333333,56,KRSA,0.30031282586027114,2,AGC,RSK,RSK,RPS6KA1
RSK,0.7483333333333333,56,KRSA,0.30031282586027114,2,AGC,RSK,RSK,RPS6KA2
RSK,0.7483333333333333,56,KRSA,0.30031282586027114,2,AGC,RSK,RSK,RPS6KA3
RSK,0.7483333333333333,56,KRSA,0.30031282586027114,2,AGC,RSK,MSK,RPS6KA4
RSK,0.7483333333333333,56,KRSA,0.30031282586027114,2,AGC,RSK,MSK,RPS6KA5
RSK,0.7483333333333333,56,KRSA,0.30031282586027114,2,AGC,RSK,RSK,RPS6KA6
RSK,0.7483333333333333,56,KRSA,0.30031282586027114,2,AGC,RSK,P70,RPS6KB1
RSK,0.7483333333333333,56,KRSA,0.30031282586027114,2,AGC,RSK,P70,RPS6KB2
QIK,-1.7666666666666666,21,KRSA,0.7382690302398331,3,CAMK,CAMKL,QIK,SIK1
QIK,-1.7666666666666666,21,KRSA,0.7382690302398331,3,CAMK,CAMKL,QIK,SIK2
VRK1,-1.1908333333333334,34,KRSA,0.5755995828988529,3,CK1,VRK,VRK,VRK1
KHS,0.9475,50,KRSA,0.3753910323253389,2,STE,STE20,KHS,MAP4K1
KHS,0.9475,50,KRSA,0.3753910323253389,2,STE,STE20,KHS,MAP4K2
KHS,0.9475,50,KRSA,0.3753910323253389,2,STE,STE20,KHS,MAP4K3
KHS,0.9475,50,KRSA,0.3753910323253389,2,STE,STE20,KHS,MAP4K5
PASK,1.1358333333333333,35,KRSA,0.5630865484880083,3,CAMK,CAMKL,PASK,PASK
RAD53,1.0466666666666666,39,KRSA,0.5130344108446299,3,CAMK,RAD53,RAD53,CHEK2
GSK,-1.7775,20,KRSA,0.7507820646506778,4,CMGC,GSK,GSK,GSK3A
GSK,-1.7775,20,KRSA,0.7507820646506778,4,CMGC,GSK,GSK,GSK3B
CAMK2,0.1883333333333333,73,KRSA,0.08759124087591241,1,CAMK,CAMK2,CAMK2,CAMK2A
CAMK2,0.1883333333333333,73,KRSA,0.08759124087591241,1,CAMK,CAMK2,CAMK2,CAMK2B
CAMK2,0.1883333333333333,73,KRSA,0.08759124087591241,1,CAMK,CAMK2,CAMK2,CAMK2D
CAMK2,0.1883333333333333,73,KRSA,0.08759124087591241,1,CAMK,CAMK2,CAMK2,CAMK2G
MELK,-0.6616666666666667,60,KRSA,0.2502606882168926,2,CAMK,CAMKL,MELK,MELK
CK1,-1.9908333333333337,16,KRSA,0.8008342022940563,4,CK1,CK1,CK1-A,CSNK1A1
CK1,-1.9908333333333337,16,KRSA,0.8008342022940563,4,CK1,CK1,CK1-A,CSNK1A1L
CK1,-1.9908333333333337,16,KRSA,0.8008342022940563,4,CK1,CK1,CK1-D,CSNK1D
CK1,-1.9908333333333337,16,KRSA,0.8008342022940563,4,CK1,CK1,CK1-D,CSNK1E
CK1,-1.9908333333333337,16,KRSA,0.8008342022940563,4,CK1,CK1,CK1-G,CSNK1G1
CK1,-1.9908333333333337,16,KRSA,0.8008342022940563,4,CK1,CK1,CK1-G,CSNK1G2
CK1,-1.9908333333333337,16,KRSA,0.8008342022940563,4,CK1,CK1,CK1-G,CSNK1G3
CK1,-1.9908333333333337,16,KRSA,0.8008342022940563,4,CK1,TTBK,TTBK,TTBK1
CK1,-1.9908333333333337,16,KRSA,0.8008342022940563,4,CK1,TTBK,TTBK,TTBK2
CK1,-1.9908333333333337,16,KRSA,0.8008342022940563,4,CK1,VRK,VRK,VRK3
MAPKAPK,0.2683333333333333,72,KRSA,0.10010427528675704,1,CAMK,MAPKAPK,MAPKAPK,MAPKAPK2
MAPKAPK,0.2683333333333333,72,KRSA,0.10010427528675704,1,CAMK,MAPKAPK,MAPKAPK,MAPKAPK3
MAPKAPK,0.2683333333333333,72,KRSA,0.10010427528675704,1,CAMK,MAPKAPK,MAPKAPK,MAPKAPK5
MAPKAPK,0.2683333333333333,72,KRSA,0.10010427528675704,1,CAMK,MAPKAPK,MNK,MKNK1
MAPKAPK,0.2683333333333333,72,KRSA,0.10010427528675704,1,CAMK,MAPKAPK,MNK,MKNK2
RIPK,0.1508333333333333,76,KRSA,0.05005213764337852,1,TKL,RIPK,RIPK,ANKK1
RIPK,0.1508333333333333,76,KRSA,0.05005213764337852,1,TKL,RIPK,RIPK,RIPK1
RIPK,0.1508333333333333,76,KRSA,0.05005213764337852,1,TKL,RIPK,RIPK,RIPK2
RIPK,0.1508333333333333,76,KRSA,0.05005213764337852,1,TKL,RIPK,RIPK,RIPK3
RIPK,0.1508333333333333,76,KRSA,0.05005213764337852,1,TKL,RIPK,RIPK,RIPK4
PDHK,-0.3375,69,KRSA,0.13764337851929093,1,ATYPICAL,PDHK,BCKDK,BCKDK
PDHK,-0.3375,69,KRSA,0.13764337851929093,1,ATYPICAL,PDHK,PDHK,PDK2
PDHK,-0.3375,69,KRSA,0.13764337851929093,1,ATYPICAL,PDHK,PDHK,PDK3
PDHK,-0.3375,69,KRSA,0.13764337851929093,1,ATYPICAL,PDHK,PDHK,PDK4
DAPK,-1.0841666666666667,36,KRSA,0.5505735140771637,3,CAMK,DAPK,DAPK,DAPK1
DAPK,-1.0841666666666667,36,KRSA,0.5505735140771637,3,CAMK,DAPK,DAPK,DAPK2
DAPK,-1.0841666666666667,36,KRSA,0.5505735140771637,3,CAMK,DAPK,DAPK,DAPK3
DAPK,-1.0841666666666667,36,KRSA,0.5505735140771637,3,CAMK,DAPK,DRAK,STK17A
DAPK,-1.0841666666666667,36,KRSA,0.5505735140771637,3,CAMK,DAPK,DRAK,STK17B
BARK2,-0.4875,66,KRSA,0.17518248175182483,1,AGC,GRK,BARK,GRK3
CHK1,0.6325,61,KRSA,0.23774765380604795,1,CAMK,CAMKL,CHK1,CHEK1
LKB,-1.9433333333333336,17,KRSA,0.7883211678832117,4,CAMK,CAMKL,LKB,STK11
TLK,-1.4058333333333333,28,KRSA,0.6506777893639207,3,OTHER,TLK,TLK,TLK1
TLK,-1.4058333333333333,28,KRSA,0.6506777893639207,3,OTHER,TLK,TLK,TLK2
NUAK,-1.3966666666666667,30,KRSA,0.6256517205422315,3,CAMK,CAMKL,NUAK,NUAK1
NUAK,-1.3966666666666667,30,KRSA,0.6256517205422315,3,CAMK,CAMKL,NUAK,NUAK2
PAKB,-0.15333333333333332,75,KRSA,0.06256517205422316,1,STE,STE20,PAKB,PAK4
PAKB,-0.15333333333333332,75,KRSA,0.06256517205422316,1,STE,STE20,PAKB,PAK5
PAKB,-0.15333333333333332,75,KRSA,0.06256517205422316,1,STE,STE20,PAKB,PAK6
TTK,-1.3983333333333334,29,KRSA,0.6381647549530761,3,OTHER,TTK,TTK,TTK
PKN,-0.5433333333333333,64,KRSA,0.20020855057351408,1,AGC,PKN,PKN,PKN1
PKN,-0.5433333333333333,64,KRSA,0.20020855057351408,1,AGC,PKN,PKN,PKN2
PKN,-0.5433333333333333,64,KRSA,0.20020855057351408,1,AGC,PKN,PKN,PKN3
PKCI,1.5158333333333334,24,KRSA,0.7007299270072993,3,AGC,PKC,IOTA,PRKCI
PKCI,1.5158333333333334,24,KRSA,0.7007299270072993,3,AGC,PKC,IOTA,PRKCZ
PIM,0.7675,55,KRSA,0.31282586027111575,2,CAMK,PIM,PIM,PIM1
PIM,0.7675,55,KRSA,0.31282586027111575,2,CAMK,PIM,PIM,PIM2
PIM,0.7675,55,KRSA,0.31282586027111575,2,CAMK,PIM,PIM,PIM3
IRAK,-1.0275,40,KRSA,0.5005213764337852,3,TKL,IRAK,IRAK,IRAK1
IRAK,-1.0275,40,KRSA,0.5005213764337852,3,TKL,IRAK,IRAK,IRAK2
IRAK,-1.0275,40,KRSA,0.5005213764337852,3,TKL,IRAK,IRAK,IRAK3
IRAK,-1.0275,40,KRSA,0.5005213764337852,3,TKL,IRAK,IRAK,IRAK4
GRK,0.14583333333333331,77,KRSA,0.03753910323253389,1,AGC,GRK,GRK,GRK1
GRK,0.14583333333333331,77,KRSA,0.03753910323253389,1,AGC,GRK,GRK,GRK4
GRK,0.14583333333333331,77,KRSA,0.03753910323253389,1,AGC,GRK,GRK,GRK5
GRK,0.14583333333333331,77,KRSA,0.03753910323253389,1,AGC,GRK,GRK,GRK6
GRK,0.14583333333333331,77,KRSA,0.03753910323253389,1,AGC,GRK,GRK,GRK7
MSN,1.2175,33,KRSA,0.5881126173096975,3,STE,STE20,MSN,MAP4K4
MSN,1.2175,33,KRSA,0.5881126173096975,3,STE,STE20,MSN,NRK
MSN,1.2175,33,KRSA,0.5881126173096975,3,STE,STE20,MSN,TNIK
SLK,0.5891666666666667,62,KRSA,0.22523461939520334,1,STE,STE20,SLK,SLK
SLK,0.5891666666666667,62,KRSA,0.22523461939520334,1,STE,STE20,SLK,STK10
BUD32,-0.9875,42,KRSA,0.4754953076120959,2,OTHER,BUD32,BUD32,TP53RK
BRSK,-0.27499999999999997,71,KRSA,0.11261730969760167,1,CAMK,CAMKL,BRSK,BRSK1
BRSK,-0.27499999999999997,71,KRSA,0.11261730969760167,1,CAMK,CAMKL,BRSK,BRSK2
FRAY,-1.3883333333333334,31,KRSA,0.6131386861313869,3,STE,STE20,FRAY,OXSR1
FRAY,-1.3883333333333334,31,KRSA,0.6131386861313869,3,STE,STE20,FRAY,STK39
MOS,-0.9941666666666666,41,KRSA,0.4880083420229406,2,OTHER,MOS,MOS,MOS
WNK,-0.9766666666666668,47,KRSA,0.4129301355578728,2,OTHER,WNK,WNK,WNK1
WNK,-0.9766666666666668,47,KRSA,0.4129301355578728,2,OTHER,WNK,WNK,WNK2
WNK,-0.9766666666666668,47,KRSA,0.4129301355578728,2,OTHER,WNK,WNK,WNK3
WNK,-0.9766666666666668,47,KRSA,0.4129301355578728,2,OTHER,WNK,WNK,WNK4
CAMKK,-0.985,44,KRSA,0.4504692387904067,2,OTHER,CAMKK,META,CAMKK1
CAMKK,-0.985,44,KRSA,0.4504692387904067,2,OTHER,CAMKK,META,CAMKK2
ULK,-0.9775,46,KRSA,0.4254431699687174,2,OTHER,ULK,FUSED,STK36
ULK,-0.9775,46,KRSA,0.4254431699687174,2,OTHER,ULK,ULK,ULK1
ULK,-0.9775,46,KRSA,0.4254431699687174,2,OTHER,ULK,ULK,ULK2
ULK,-0.9775,46,KRSA,0.4254431699687174,2,OTHER,ULK,ULK,ULK3
ULK,-0.9775,46,KRSA,0.4254431699687174,2,OTHER,ULK,ULK,ULK4
TAO,0.425,68,KRSA,0.15015641293013557,1,STE,STE20,TAO,TAOK1
TAO,0.425,68,KRSA,0.15015641293013557,1,STE,STE20,TAO,TAOK2
TAO,0.425,68,KRSA,0.15015641293013557,1,STE,STE20,TAO,TAOK3
NIK,-0.9858333333333332,43,KRSA,0.4629822732012513,2,STE,STE-UNIQUE,STE-UNIQUE,MAP3K14
PKCH,-0.7041666666666667,59,KRSA,0.26277372262773724,2,AGC,PKC,ETA,PRKCE
PKCH,-0.7041666666666667,59,KRSA,0.26277372262773724,2,AGC,PKC,ETA,PRKCH
CLK,-0.9783333333333334,45,KRSA,0.43795620437956206,2,CMGC,CLK,CLK,CLK1
CLK,-0.9783333333333334,45,KRSA,0.43795620437956206,2,CMGC,CLK,CLK,CLK2
CLK,-0.9783333333333334,45,KRSA,0.43795620437956206,2,CMGC,CLK,CLK,CLK3
CLK,-0.9783333333333334,45,KRSA,0.43795620437956206,2,CMGC,CLK,CLK,CLK4
STKR,0.1125,79,KRSA,0.01251303441084463,1,TKL,STKR,TYPE1,ACVR1
STKR,0.1125,79,KRSA,0.01251303441084463,1,TKL,STKR,TYPE1,ACVR1B
STKR,0.1125,79,KRSA,0.01251303441084463,1,TKL,STKR,TYPE1,ACVR1C
STKR,0.1125,79,KRSA,0.01251303441084463,1,TKL,STKR,TYPE2,ACVR2A
STKR,0.1125,79,KRSA,0.01251303441084463,1,TKL,STKR,TYPE2,ACVR2B
STKR,0.1125,79,KRSA,0.01251303441084463,1,TKL,STKR,TYPE1,ACVRL1
STKR,0.1125,79,KRSA,0.01251303441084463,1,TKL,STKR,TYPE2,AMHR2
STKR,0.1125,79,KRSA,0.01251303441084463,1,TKL,STKR,TYPE1,BMPR1A
STKR,0.1125,79,KRSA,0.01251303441084463,1,TKL,STKR,TYPE1,BMPR1B
STKR,0.1125,79,KRSA,0.01251303441084463,1,TKL,STKR,TYPE2,BMPR2
STKR,0.1125,79,KRSA,0.01251303441084463,1,TKL,STKR,TYPE1,TGFBR1
STKR,0.1125,79,KRSA,0.01251303441084463,1,TKL,STKR,TYPE2,TGFBR2
HAL,0.7308333333333333,57,KRSA,0.28779979144942647,2,RGC,RGC,RGC,NPR1
MLCK,-0.13166666666666663,78,KRSA,0.02502606882168926,1,CAMK,MLCK,MLCK,MYLK
MLCK,-0.13166666666666663,78,KRSA,0.02502606882168926,1,CAMK,MLCK,MLCK,MYLK2
MLCK,-0.13166666666666663,78,KRSA,0.02502606882168926,1,CAMK,MLCK,MLCK,TTN
NDR,-0.9366666666666666,51,KRSA,0.36287799791449427,2,AGC,NDR,NDR,LATS1
NDR,-0.9366666666666666,51,KRSA,0.36287799791449427,2,AGC,NDR,NDR,LATS2
NDR,-0.9366666666666666,51,KRSA,0.36287799791449427,2,AGC,NDR,NDR,STK38
NDR,-0.9366666666666666,51,KRSA,0.36287799791449427,2,AGC,NDR,NDR,STK38L
NAK,-0.17166666666666666,74,KRSA,0.07507820646506778,1,OTHER,NAK,BIKE,AAK1
NAK,-0.17166666666666666,74,KRSA,0.07507820646506778,1,OTHER,NAK,BIKE,BMP2K
NAK,-0.17166666666666666,74,KRSA,0.07507820646506778,1,OTHER,NAK,GAK,GAK
NAK,-0.17166666666666666,74,KRSA,0.07507820646506778,1,OTHER,NAK,MPSK,STK16
STE7,-2.4058333333333333,13,KRSA,0.8383733055265902,4,STE,STE7,MEK1,MAP2K1
STE7,-2.4058333333333333,13,KRSA,0.8383733055265902,4,STE,STE7,MEK1,MAP2K2
STE7,-2.4058333333333333,13,KRSA,0.8383733055265902,4,STE,STE7,MEK3,MAP2K3
STE7,-2.4058333333333333,13,KRSA,0.8383733055265902,4,STE,STE7,MEK4,MAP2K4
STE7,-2.4058333333333333,13,KRSA,0.8383733055265902,4,STE,STE7,MEK5,MAP2K5
STE7,-2.4058333333333333,13,KRSA,0.8383733055265902,4,STE,STE7,MEK3,MAP2K6
STE7,-2.4058333333333333,13,KRSA,0.8383733055265902,4,STE,STE7,MEK7,MAP2K7
CK2,-0.5483333333333333,63,KRSA,0.2127215849843587,1,CMGC,CK2,CK2,CSNK2A1
CK2,-0.5483333333333333,63,KRSA,0.2127215849843587,1,CMGC,CK2,CK2,CSNK2A2
CK2,-0.5483333333333333,63,KRSA,0.2127215849843587,1,NA,NA,NA,CSNK2A3
MLK,-0.5291666666666667,65,KRSA,0.18769551616266944,1,TKL,MLK,ILK,ILK
MLK,-0.5291666666666667,65,KRSA,0.18769551616266944,1,TKL,MLK,MLK,MAP3K10
MLK,-0.5291666666666667,65,KRSA,0.18769551616266944,1,TKL,MLK,MLK,MAP3K11
MLK,-0.5291666666666667,65,KRSA,0.18769551616266944,1,TKL,MLK,LZK,MAP3K12
MLK,-0.5291666666666667,65,KRSA,0.18769551616266944,1,TKL,MLK,LZK,MAP3K13
MLK,-0.5291666666666667,65,KRSA,0.18769551616266944,1,TKL,MLK,MLK,MAP3K9
MLK,-0.5291666666666667,65,KRSA,0.18769551616266944,1,TKL,MLK,HH498,TNNI3K
COT,0.8758333333333332,53,KRSA,0.337851929092805,2,STE,STE-UNIQUE,STE-UNIQUE,MAP3K8
PHK,-1.4125,26,KRSA,0.67570385818561,3,CAMK,PHK,PHK,PHKG1
PHK,-1.4125,26,KRSA,0.67570385818561,3,CAMK,PHK,PHK,PHKG2
NEK,-1.080833333333333,37,KRSA,0.5380604796663191,3,OTHER,NEK,NEK11,NEK11
NEK,-1.080833333333333,37,KRSA,0.5380604796663191,3,OTHER,NEK,NEK2,NEK2
NEK,-1.080833333333333,37,KRSA,0.5380604796663191,3,OTHER,NEK,NEK1,NEK3
NEK,-1.080833333333333,37,KRSA,0.5380604796663191,3,OTHER,NEK,NEK4,NEK4
NEK,-1.080833333333333,37,KRSA,0.5380604796663191,3,OTHER,NEK,NEK1,NEK5
NEK,-1.080833333333333,37,KRSA,0.5380604796663191,3,OTHER,NEK,NEK6,NEK6
NEK,-1.080833333333333,37,KRSA,0.5380604796663191,3,OTHER,NEK,NEK6,NEK7
NEK,-1.080833333333333,37,KRSA,0.5380604796663191,3,OTHER,NEK,NEK8,NEK8
NEK,-1.080833333333333,37,KRSA,0.5380604796663191,3,OTHER,NEK,NEK8,NEK9
AUR,0.04416666666666667,80,KRSA,0,1,OTHER,AUR,AUR,AURKA
AUR,0.04416666666666667,80,KRSA,0,1,OTHER,AUR,AUR,AURKB
AUR,0.04416666666666667,80,KRSA,0,1,OTHER,AUR,AUR,AURKC
DMPK,-0.9541666666666668,49,KRSA,0.38790406673618355,2,AGC,DMPK,GEK,CDC42BPA
DMPK,-0.9541666666666668,49,KRSA,0.38790406673618355,2,AGC,DMPK,GEK,CDC42BPB
DMPK,-0.9541666666666668,49,KRSA,0.38790406673618355,2,AGC,DMPK,GEK,CDC42BPG
DMPK,-0.9541666666666668,49,KRSA,0.38790406673618355,2,AGC,DMPK,CRIK,CIT
DMPK,-0.9541666666666668,49,KRSA,0.38790406673618355,2,AGC,DMPK,GEK,DMPK
DMPK,-0.9541666666666668,49,KRSA,0.38790406673618355,2,AGC,DMPK,ROCK,ROCK1
DMPK,-0.9541666666666668,49,KRSA,0.38790406673618355,2,AGC,DMPK,ROCK,ROCK2
AKT,-0.29333333333333333,70,KRSA,0.1251303441084463,1,AGC,AKT,AKT,AKT1
AKT,-0.29333333333333333,70,KRSA,0.1251303441084463,1,AGC,AKT,AKT,AKT2
AKT,-0.29333333333333333,70,KRSA,0.1251303441084463,1,AGC,AKT,AKT,AKT3
ATM,-0.9208333333333334,52,KRSA,0.35036496350364965,2,ATYPICAL,PIKK,ATM,ATM
IKK,-1.5175,23,KRSA,0.7132429614181439,3,OTHER,IKK,IKK,CHUK
IKK,-1.5175,23,KRSA,0.7132429614181439,3,OTHER,IKK,IKK,IKBKB
IKK,-1.5175,23,KRSA,0.7132429614181439,3,OTHER,IKK,IKK,IKBKE
IKK,-1.5175,23,KRSA,0.7132429614181439,3,OTHER,IKK,IKK,TBK1
SGK,0.4725,67,KRSA,0.16266944734098018,1,AGC,SGK,SGK,SGK1
SGK,0.4725,67,KRSA,0.16266944734098018,1,AGC,SGK,SGK,SGK2
SGK,0.4725,67,KRSA,0.16266944734098018,1,AGC,SGK,SGK,SGK3
STE11,-1.2875,32,KRSA,0.6006256517205423,3,TKL,MLK,TAK1,MAP3K7
STE11,-1.2875,32,KRSA,0.6006256517205423,3,STE,STE11,MEKK1,MAP3K1
STE11,-1.2875,32,KRSA,0.6006256517205423,3,STE,STE11,ASK,MAP3K15
STE11,-1.2875,32,KRSA,0.6006256517205423,3,STE,STE11,MEKK2,MAP3K2
STE11,-1.2875,32,KRSA,0.6006256517205423,3,STE,STE11,MEKK2,MAP3K3
STE11,-1.2875,32,KRSA,0.6006256517205423,3,STE,STE11,MEKK4,MAP3K4
STE11,-1.2875,32,KRSA,0.6006256517205423,3,STE,STE11,ASK,MAP3K5
STE11,-1.2875,32,KRSA,0.6006256517205423,3,STE,STE11,ASK,MAP3K6
PKA,2.9483333333333333,11,KRSA,0.8633993743482794,4,AGC,PKA,PKA,PRKACA
PKA,2.9483333333333333,11,KRSA,0.8633993743482794,4,AGC,PKA,PKA,PRKACB
PKA,2.9483333333333333,11,KRSA,0.8633993743482794,4,AGC,PKA,PKA,PRKACG
PKA,2.9483333333333333,11,KRSA,0.8633993743482794,4,AGC,PKA,PKA,PRKX
PKA,2.9483333333333333,11,KRSA,0.8633993743482794,4,AGC,PKA,PKA,PRKY
ERK,-5.575,1,KRSA,0.9885297184567258,4,CMGC,MAPK,ERK1,MAPK1
ERK,-5.575,1,KRSA,0.9885297184567258,4,CMGC,MAPK,ERK7,MAPK15
ERK,-5.575,1,KRSA,0.9885297184567258,4,CMGC,MAPK,ERK1,MAPK3
ERK,-5.575,1,KRSA,0.9885297184567258,4,CMGC,MAPK,ERK3,MAPK4
ERK,-5.575,1,KRSA,0.9885297184567258,4,CMGC,MAPK,ERK3,MAPK6
ERK,-5.575,1,KRSA,0.9885297184567258,4,CMGC,MAPK,ERK5,MAPK7
PKG,2.87,12,KRSA,0.8508863399374348,4,AGC,PKG,PKG,PRKG1
PKG,2.87,12,KRSA,0.8508863399374348,4,AGC,PKG,PKG,PRKG2
JNK,-4.211666666666667,6,KRSA,0.9259645464025026,4,CMGC,MAPK,JNK,MAPK10
JNK,-4.211666666666667,6,KRSA,0.9259645464025026,4,CMGC,MAPK,JNK,MAPK8
JNK,-4.211666666666667,6,KRSA,0.9259645464025026,4,CMGC,MAPK,JNK,MAPK9
DYRK,-5.0325,3,KRSA,0.9635036496350365,4,CMGC,DYRK,DYRK1,DYRK1A
DYRK,-5.0325,3,KRSA,0.9635036496350365,4,CMGC,DYRK,DYRK1,DYRK1B
DYRK,-5.0325,3,KRSA,0.9635036496350365,4,CMGC,DYRK,DYRK2,DYRK2
DYRK,-5.0325,3,KRSA,0.9635036496350365,4,CMGC,DYRK,DYRK2,DYRK3
DYRK,-5.0325,3,KRSA,0.9635036496350365,4,CMGC,DYRK,DYRK2,DYRK4
DYRK,-5.0325,3,KRSA,0.9635036496350365,4,CMGC,DYRK,HIPK,HIPK1
DYRK,-5.0325,3,KRSA,0.9635036496350365,4,CMGC,DYRK,HIPK,HIPK2
DYRK,-5.0325,3,KRSA,0.9635036496350365,4,CMGC,DYRK,HIPK,HIPK3
DYRK,-5.0325,3,KRSA,0.9635036496350365,4,CMGC,DYRK,HIPK,HIPK4
DYRK,-5.0325,3,KRSA,0.9635036496350365,4,CMGC,DYRK,PRP4,PRPF4B
CDK,-5.128333333333333,2,KRSA,0.9760166840458812,4,CMGC,CDK,CDC2,CDK1
CDK,-5.128333333333333,2,KRSA,0.9760166840458812,4,CMGC,CDK,CDK10,CDK10
CDK,-5.128333333333333,2,KRSA,0.9760166840458812,4,CMGC,CDK,CRK7,CDK12
CDK,-5.128333333333333,2,KRSA,0.9760166840458812,4,CMGC,CDK,CRK7,CDK13
CDK,-5.128333333333333,2,KRSA,0.9760166840458812,4,CMGC,CDK,PFTAIRE,CDK14
CDK,-5.128333333333333,2,KRSA,0.9760166840458812,4,CMGC,CDK,PFTAIRE,CDK15
CDK,-5.128333333333333,2,KRSA,0.9760166840458812,4,CMGC,CDK,PCTAIRE,CDK16
CDK,-5.128333333333333,2,KRSA,0.9760166840458812,4,CMGC,CDK,PCTAIRE,CDK17
CDK,-5.128333333333333,2,KRSA,0.9760166840458812,4,CMGC,CDK,PCTAIRE,CDK18
CDK,-5.128333333333333,2,KRSA,0.9760166840458812,4,CMGC,CDK,CDK8,CDK19
CDK,-5.128333333333333,2,KRSA,0.9760166840458812,4,CMGC,CDK,CDC2,CDK2
CDK,-5.128333333333333,2,KRSA,0.9760166840458812,4,CMGC,CDK,CCRK,CDK20
CDK,-5.128333333333333,2,KRSA,0.9760166840458812,4,CMGC,CDK,CDC2,CDK3
CDK,-5.128333333333333,2,KRSA,0.9760166840458812,4,CMGC,CDK,CDK4,CDK4
CDK,-5.128333333333333,2,KRSA,0.9760166840458812,4,CMGC,CDK,CDK5,CDK5
CDK,-5.128333333333333,2,KRSA,0.9760166840458812,4,CMGC,CDK,CDK4,CDK6
CDK,-5.128333333333333,2,KRSA,0.9760166840458812,4,CMGC,CDK,CDK7,CDK7
CDK,-5.128333333333333,2,KRSA,0.9760166840458812,4,CMGC,CDK,CDK8,CDK8
CDK,-5.128333333333333,2,KRSA,0.9760166840458812,4,CMGC,CDK,CDK9,CDK9
CDK,-5.128333333333333,2,KRSA,0.9760166840458812,4,NA,NA,NA,CDK11A
CDK,-5.128333333333333,2,KRSA,0.9760166840458812,4,NA,NA,NA,CDK11B
PDK1,-4.2275,5,KRSA,0.9384775808133472,4,ATYPICAL,PDHK,PDHK,PDK1
PDK1,-4.2275,5,KRSA,0.9384775808133472,4,AGC,PDK1,PDK1,PDPK1
P38,-3.515,8,KRSA,0.9009384775808134,4,CMGC,MAPK,P38,MAPK11
P38,-3.515,8,KRSA,0.9009384775808134,4,CMGC,MAPK,P38,MAPK12
P38,-3.515,8,KRSA,0.9009384775808134,4,CMGC,MAPK,P38,MAPK13
P38,-3.515,8,KRSA,0.9009384775808134,4,CMGC,MAPK,P38,MAPK14
PEK,-4.9325,4,KRSA,0.9509906152241918,4,OTHER,PEK,HRI,EIF2AK1
PEK,-4.9325,4,KRSA,0.9509906152241918,4,OTHER,PEK,PKR,EIF2AK2
PEK,-4.9325,4,KRSA,0.9509906152241918,4,OTHER,PEK,PEK,EIF2AK3
PEK,-4.9325,4,KRSA,0.9509906152241918,4,OTHER,PEK,GCN2,EIF2AK4
CAMK1,2.3716666666666666,14,KRSA,0.8258602711157456,4,CAMK,CAMK1,CAMK1,CAMK1
CAMK1,2.3716666666666666,14,KRSA,0.8258602711157456,4,CAMK,CAMK1,CAMK1,CAMK1D
CAMK1,2.3716666666666666,14,KRSA,0.8258602711157456,4,CAMK,CAMK1,CAMK1,CAMK1G
CAMK1,2.3716666666666666,14,KRSA,0.8258602711157456,4,CAMK,CAMK1,CAMK1,CAMK4
CAMK1,2.3716666666666666,14,KRSA,0.8258602711157456,4,CAMK,CAMK1,CAMK1,PNCK
MST,-1.8283333333333336,19,KRSA,0.7632950990615224,4,STE,STE20,MST,STK3
MST,-1.8283333333333336,19,KRSA,0.7632950990615224,4,STE,STE20,MST,STK4
PKD,0.9641666666666666,48,KRSA,0.40041710114702816,2,CAMK,PKD,PKD,PRKD1
PKD,0.9641666666666666,48,KRSA,0.40041710114702816,2,CAMK,PKD,PKD,PRKD2
PKD,0.9641666666666666,48,KRSA,0.40041710114702816,2,CAMK,PKD,PKD,PRKD3
NMO,-3.2183333333333333,10,KRSA,0.8759124087591241,4,CMGC,MAPK,NMO,NLK
PAKA,0.8591666666666667,54,KRSA,0.32533889468196037,2,STE,STE20,PAKA,PAK1
PAKA,0.8591666666666667,54,KRSA,0.32533889468196037,2,STE,STE20,PAKA,PAK2
PAKA,0.8591666666666667,54,KRSA,0.32533889468196037,2,STE,STE20,PAKA,PAK3
PLK,-3.288333333333333,9,KRSA,0.8884254431699687,4,NA,NA,NA,PLK5
PLK,-3.288333333333333,9,KRSA,0.8884254431699687,4,OTHER,PLK,PLK1,PLK1
PLK,-3.288333333333333,9,KRSA,0.8884254431699687,4,OTHER,PLK,PLK2,PLK2
PLK,-3.288333333333333,9,KRSA,0.8884254431699687,4,OTHER,PLK,PLK2,PLK3
PLK,-3.288333333333333,9,KRSA,0.8884254431699687,4,OTHER,PLK,SAK,PLK4
RSK,0.7483333333333333,56,KRSA,0.30031282586027114,2,AGC,RSK,RSK,RPS6KA1
RSK,0.7483333333333333,56,KRSA,0.30031282586027114,2,AGC,RSK,RSK,RPS6KA2
RSK,0.7483333333333333,56,KRSA,0.30031282586027114,2,AGC,RSK,RSK,RPS6KA3
RSK,0.7483333333333333,56,KRSA,0.30031282586027114,2,AGC,RSK,MSK,RPS6KA4
RSK,0.7483333333333333,56,KRSA,0.30031282586027114,2,AGC,RSK,MSK,RPS6KA5
RSK,0.7483333333333333,56,KRSA,0.30031282586027114,2,AGC,RSK,RSK,RPS6KA6
RSK,0.7483333333333333,56,KRSA,0.30031282586027114,2,AGC,RSK,P70,RPS6KB1
RSK,0.7483333333333333,56,KRSA,0.30031282586027114,2,AGC,RSK,P70,RPS6KB2
PKCD,1.0625,38,KRSA,0.5255474452554745,3,AGC,PKC,DELTA,PRKCD
PKCD,1.0625,38,KRSA,0.5255474452554745,3,AGC,PKC,DELTA,PRKCQ
MTOR,-2.211666666666667,15,KRSA,0.8133472367049009,4,ATYPICAL,PIKK,FRAP,MTOR
PASK,1.1358333333333333,35,KRSA,0.5630865484880083,3,CAMK,CAMKL,PASK,PASK
RAF,-1.9416666666666669,18,KRSA,0.7758081334723671,4,TKL,RAF,RAF,ARAF
RAF,-1.9416666666666669,18,KRSA,0.7758081334723671,4,TKL,RAF,RAF,BRAF
RAF,-1.9416666666666669,18,KRSA,0.7758081334723671,4,TKL,RAF,KSR,KSR1
RAF,-1.9416666666666669,18,KRSA,0.7758081334723671,4,TKL,RAF,KSR,KSR2
RAF,-1.9416666666666669,18,KRSA,0.7758081334723671,4,TKL,RAF,RAF,RAF1
PKCI,1.5158333333333334,24,KRSA,0.7007299270072993,3,AGC,PKC,IOTA,PRKCI
PKCI,1.5158333333333334,24,KRSA,0.7007299270072993,3,AGC,PKC,IOTA,PRKCZ
ATR,-1.6733333333333331,22,KRSA,0.7257559958289885,3,ATYPICAL,PIKK,ATR,ATR
CK1,-1.9908333333333337,16,KRSA,0.8008342022940563,4,CK1,CK1,CK1-A,CSNK1A1
CK1,-1.9908333333333337,16,KRSA,0.8008342022940563,4,CK1,CK1,CK1-A,CSNK1A1L
CK1,-1.9908333333333337,16,KRSA,0.8008342022940563,4,CK1,CK1,CK1-D,CSNK1D
CK1,-1.9908333333333337,16,KRSA,0.8008342022940563,4,CK1,CK1,CK1-D,CSNK1E
CK1,-1.9908333333333337,16,KRSA,0.8008342022940563,4,CK1,CK1,CK1-G,CSNK1G1
CK1,-1.9908333333333337,16,KRSA,0.8008342022940563,4,CK1,CK1,CK1-G,CSNK1G2
CK1,-1.9908333333333337,16,KRSA,0.8008342022940563,4,CK1,CK1,CK1-G,CSNK1G3
CK1,-1.9908333333333337,16,KRSA,0.8008342022940563,4,CK1,TTBK,TTBK,TTBK1
CK1,-1.9908333333333337,16,KRSA,0.8008342022940563,4,CK1,TTBK,TTBK,TTBK2
CK1,-1.9908333333333337,16,KRSA,0.8008342022940563,4,CK1,VRK,VRK,VRK3
AMPK,1.4116666666666666,27,KRSA,0.6631908237747653,3,CAMK,CAMKL,AMPK,PRKAA1
AMPK,1.4116666666666666,27,KRSA,0.6631908237747653,3,CAMK,CAMKL,AMPK,PRKAA2
RIPK,0.1508333333333333,76,KRSA,0.05005213764337852,1,TKL,RIPK,RIPK,ANKK1
RIPK,0.1508333333333333,76,KRSA,0.05005213764337852,1,TKL,RIPK,RIPK,RIPK1
RIPK,0.1508333333333333,76,KRSA,0.05005213764337852,1,TKL,RIPK,RIPK,RIPK2
RIPK,0.1508333333333333,76,KRSA,0.05005213764337852,1,TKL,RIPK,RIPK,RIPK3
RIPK,0.1508333333333333,76,KRSA,0.05005213764337852,1,TKL,RIPK,RIPK,RIPK4
PRKDC,-1.485,25,KRSA,0.6882168925964547,3,ATYPICAL,PIKK,DNAPK,PRKDC
VRK1,-1.1908333333333334,34,KRSA,0.5755995828988529,3,CK1,VRK,VRK,VRK1
MLCK,-0.13166666666666663,78,KRSA,0.02502606882168926,1,CAMK,MLCK,MLCK,MYLK
MLCK,-0.13166666666666663,78,KRSA,0.02502606882168926,1,CAMK,MLCK,MLCK,MYLK2
MLCK,-0.13166666666666663,78,KRSA,0.02502606882168926,1,CAMK,MLCK,MLCK,TTN
QIK,-1.7666666666666666,21,KRSA,0.7382690302398331,3,CAMK,CAMKL,QIK,SIK1
QIK,-1.7666666666666666,21,KRSA,0.7382690302398331,3,CAMK,CAMKL,QIK,SIK2
STE7,-2.4058333333333333,13,KRSA,0.8383733055265902,4,STE,STE7,MEK1,MAP2K1
STE7,-2.4058333333333333,13,KRSA,0.8383733055265902,4,STE,STE7,MEK1,MAP2K2
STE7,-2.4058333333333333,13,KRSA,0.8383733055265902,4,STE,STE7,MEK3,MAP2K3
STE7,-2.4058333333333333,13,KRSA,0.8383733055265902,4,STE,STE7,MEK4,MAP2K4
STE7,-2.4058333333333333,13,KRSA,0.8383733055265902,4,STE,STE7,MEK5,MAP2K5
STE7,-2.4058333333333333,13,KRSA,0.8383733055265902,4,STE,STE7,MEK3,MAP2K6
STE7,-2.4058333333333333,13,KRSA,0.8383733055265902,4,STE,STE7,MEK7,MAP2K7
RAD53,1.0466666666666666,39,KRSA,0.5130344108446299,3,CAMK,RAD53,RAD53,CHEK2
DAPK,-1.0841666666666667,36,KRSA,0.5505735140771637,3,CAMK,DAPK,DAPK,DAPK1
DAPK,-1.0841666666666667,36,KRSA,0.5505735140771637,3,CAMK,DAPK,DAPK,DAPK2
DAPK,-1.0841666666666667,36,KRSA,0.5505735140771637,3,CAMK,DAPK,DAPK,DAPK3
DAPK,-1.0841666666666667,36,KRSA,0.5505735140771637,3,CAMK,DAPK,DRAK,STK17A
DAPK,-1.0841666666666667,36,KRSA,0.5505735140771637,3,CAMK,DAPK,DRAK,STK17B
PKCA,-3.9183333333333334,7,KRSA,0.913451511991658,4,AGC,PKC,ALPHA,PRKCA
PKCA,-3.9183333333333334,7,KRSA,0.913451511991658,4,AGC,PKC,ALPHA,PRKCB
PKCA,-3.9183333333333334,7,KRSA,0.913451511991658,4,AGC,PKC,ALPHA,PRKCG
MELK,-0.6616666666666667,60,KRSA,0.2502606882168926,2,CAMK,CAMKL,MELK,MELK
BARK2,-0.4875,66,KRSA,0.17518248175182483,1,AGC,GRK,BARK,GRK3
CAMK2,0.1883333333333333,73,KRSA,0.08759124087591241,1,CAMK,CAMK2,CAMK2,CAMK2A
CAMK2,0.1883333333333333,73,KRSA,0.08759124087591241,1,CAMK,CAMK2,CAMK2,CAMK2B
CAMK2,0.1883333333333333,73,KRSA,0.08759124087591241,1,CAMK,CAMK2,CAMK2,CAMK2D
CAMK2,0.1883333333333333,73,KRSA,0.08759124087591241,1,CAMK,CAMK2,CAMK2,CAMK2G
PKN,-0.5433333333333333,64,KRSA,0.20020855057351408,1,AGC,PKN,PKN,PKN1
PKN,-0.5433333333333333,64,KRSA,0.20020855057351408,1,AGC,PKN,PKN,PKN2
PKN,-0.5433333333333333,64,KRSA,0.20020855057351408,1,AGC,PKN,PKN,PKN3
CK2,-0.5483333333333333,63,KRSA,0.2127215849843587,1,CMGC,CK2,CK2,CSNK2A1
CK2,-0.5483333333333333,63,KRSA,0.2127215849843587,1,CMGC,CK2,CK2,CSNK2A2
CK2,-0.5483333333333333,63,KRSA,0.2127215849843587,1,NA,NA,NA,CSNK2A3
PDHK,-0.3375,69,KRSA,0.13764337851929093,1,ATYPICAL,PDHK,BCKDK,BCKDK
PDHK,-0.3375,69,KRSA,0.13764337851929093,1,ATYPICAL,PDHK,PDHK,PDK2
PDHK,-0.3375,69,KRSA,0.13764337851929093,1,ATYPICAL,PDHK,PDHK,PDK3
PDHK,-0.3375,69,KRSA,0.13764337851929093,1,ATYPICAL,PDHK,PDHK,PDK4
NUAK,-1.3966666666666667,30,KRSA,0.6256517205422315,3,CAMK,CAMKL,NUAK,NUAK1
NUAK,-1.3966666666666667,30,KRSA,0.6256517205422315,3,CAMK,CAMKL,NUAK,NUAK2
PAKB,-0.15333333333333332,75,KRSA,0.06256517205422316,1,STE,STE20,PAKB,PAK4
PAKB,-0.15333333333333332,75,KRSA,0.06256517205422316,1,STE,STE20,PAKB,PAK5
PAKB,-0.15333333333333332,75,KRSA,0.06256517205422316,1,STE,STE20,PAKB,PAK6
TLK,-1.4058333333333333,28,KRSA,0.6506777893639207,3,OTHER,TLK,TLK,TLK1
TLK,-1.4058333333333333,28,KRSA,0.6506777893639207,3,OTHER,TLK,TLK,TLK2
TTK,-1.3983333333333334,29,KRSA,0.6381647549530761,3,OTHER,TTK,TTK,TTK
NAK,-0.17166666666666666,74,KRSA,0.07507820646506778,1,OTHER,NAK,BIKE,AAK1
NAK,-0.17166666666666666,74,KRSA,0.07507820646506778,1,OTHER,NAK,BIKE,BMP2K
NAK,-0.17166666666666666,74,KRSA,0.07507820646506778,1,OTHER,NAK,GAK,GAK
NAK,-0.17166666666666666,74,KRSA,0.07507820646506778,1,OTHER,NAK,MPSK,STK16
HAL,0.7308333333333333,57,KRSA,0.28779979144942647,2,RGC,RGC,RGC,NPR1
STKR,0.1125,79,KRSA,0.01251303441084463,1,TKL,STKR,TYPE1,ACVR1
STKR,0.1125,79,KRSA,0.01251303441084463,1,TKL,STKR,TYPE1,ACVR1B
STKR,0.1125,79,KRSA,0.01251303441084463,1,TKL,STKR,TYPE1,ACVR1C
STKR,0.1125,79,KRSA,0.01251303441084463,1,TKL,STKR,TYPE2,ACVR2A
STKR,0.1125,79,KRSA,0.01251303441084463,1,TKL,STKR,TYPE2,ACVR2B
STKR,0.1125,79,KRSA,0.01251303441084463,1,TKL,STKR,TYPE1,ACVRL1
STKR,0.1125,79,KRSA,0.01251303441084463,1,TKL,STKR,TYPE2,AMHR2
STKR,0.1125,79,KRSA,0.01251303441084463,1,TKL,STKR,TYPE1,BMPR1A
STKR,0.1125,79,KRSA,0.01251303441084463,1,TKL,STKR,TYPE1,BMPR1B
STKR,0.1125,79,KRSA,0.01251303441084463,1,TKL,STKR,TYPE2,BMPR2
STKR,0.1125,79,KRSA,0.01251303441084463,1,TKL,STKR,TYPE1,TGFBR1
STKR,0.1125,79,KRSA,0.01251303441084463,1,TKL,STKR,TYPE2,TGFBR2
PIM,0.7675,55,KRSA,0.31282586027111575,2,CAMK,PIM,PIM,PIM1
PIM,0.7675,55,KRSA,0.31282586027111575,2,CAMK,PIM,PIM,PIM2
PIM,0.7675,55,KRSA,0.31282586027111575,2,CAMK,PIM,PIM,PIM3
NEK,-1.080833333333333,37,KRSA,0.5380604796663191,3,OTHER,NEK,NEK11,NEK11
NEK,-1.080833333333333,37,KRSA,0.5380604796663191,3,OTHER,NEK,NEK2,NEK2
NEK,-1.080833333333333,37,KRSA,0.5380604796663191,3,OTHER,NEK,NEK1,NEK3
NEK,-1.080833333333333,37,KRSA,0.5380604796663191,3,OTHER,NEK,NEK4,NEK4
NEK,-1.080833333333333,37,KRSA,0.5380604796663191,3,OTHER,NEK,NEK1,NEK5
NEK,-1.080833333333333,37,KRSA,0.5380604796663191,3,OTHER,NEK,NEK6,NEK6
NEK,-1.080833333333333,37,KRSA,0.5380604796663191,3,OTHER,NEK,NEK6,NEK7
NEK,-1.080833333333333,37,KRSA,0.5380604796663191,3,OTHER,NEK,NEK8,NEK8
NEK,-1.080833333333333,37,KRSA,0.5380604796663191,3,OTHER,NEK,NEK8,NEK9
GSK,-1.7775,20,KRSA,0.7507820646506778,4,CMGC,GSK,GSK,GSK3A
GSK,-1.7775,20,KRSA,0.7507820646506778,4,CMGC,GSK,GSK,GSK3B
MAPKAPK,0.2683333333333333,72,KRSA,0.10010427528675704,1,CAMK,MAPKAPK,MAPKAPK,MAPKAPK2
MAPKAPK,0.2683333333333333,72,KRSA,0.10010427528675704,1,CAMK,MAPKAPK,MAPKAPK,MAPKAPK3
MAPKAPK,0.2683333333333333,72,KRSA,0.10010427528675704,1,CAMK,MAPKAPK,MAPKAPK,MAPKAPK5
MAPKAPK,0.2683333333333333,72,KRSA,0.10010427528675704,1,CAMK,MAPKAPK,MNK,MKNK1
MAPKAPK,0.2683333333333333,72,KRSA,0.10010427528675704,1,CAMK,MAPKAPK,MNK,MKNK2
FRAY,-1.3883333333333334,31,KRSA,0.6131386861313869,3,STE,STE20,FRAY,OXSR1
FRAY,-1.3883333333333334,31,KRSA,0.6131386861313869,3,STE,STE20,FRAY,STK39
GRK,0.14583333333333331,77,KRSA,0.03753910323253389,1,AGC,GRK,GRK,GRK1
GRK,0.14583333333333331,77,KRSA,0.03753910323253389,1,AGC,GRK,GRK,GRK4
GRK,0.14583333333333331,77,KRSA,0.03753910323253389,1,AGC,GRK,GRK,GRK5
GRK,0.14583333333333331,77,KRSA,0.03753910323253389,1,AGC,GRK,GRK,GRK6
GRK,0.14583333333333331,77,KRSA,0.03753910323253389,1,AGC,GRK,GRK,GRK7
TAO,0.425,68,KRSA,0.15015641293013557,1,STE,STE20,TAO,TAOK1
TAO,0.425,68,KRSA,0.15015641293013557,1,STE,STE20,TAO,TAOK2
TAO,0.425,68,KRSA,0.15015641293013557,1,STE,STE20,TAO,TAOK3
CAMKK,-0.985,44,KRSA,0.4504692387904067,2,OTHER,CAMKK,META,CAMKK1
CAMKK,-0.985,44,KRSA,0.4504692387904067,2,OTHER,CAMKK,META,CAMKK2
ULK,-0.9775,46,KRSA,0.4254431699687174,2,OTHER,ULK,FUSED,STK36
ULK,-0.9775,46,KRSA,0.4254431699687174,2,OTHER,ULK,ULK,ULK1
ULK,-0.9775,46,KRSA,0.4254431699687174,2,OTHER,ULK,ULK,ULK2
ULK,-0.9775,46,KRSA,0.4254431699687174,2,OTHER,ULK,ULK,ULK3
ULK,-0.9775,46,KRSA,0.4254431699687174,2,OTHER,ULK,ULK,ULK4
LKB,-1.9433333333333336,17,KRSA,0.7883211678832117,4,CAMK,CAMKL,LKB,STK11
CLK,-0.9783333333333334,45,KRSA,0.43795620437956206,2,CMGC,CLK,CLK,CLK1
CLK,-0.9783333333333334,45,KRSA,0.43795620437956206,2,CMGC,CLK,CLK,CLK2
CLK,-0.9783333333333334,45,KRSA,0.43795620437956206,2,CMGC,CLK,CLK,CLK3
CLK,-0.9783333333333334,45,KRSA,0.43795620437956206,2,CMGC,CLK,CLK,CLK4
NIK,-0.9858333333333332,43,KRSA,0.4629822732012513,2,STE,STE-UNIQUE,STE-UNIQUE,MAP3K14
BUD32,-0.9875,42,KRSA,0.4754953076120959,2,OTHER,BUD32,BUD32,TP53RK
WNK,-0.9766666666666668,47,KRSA,0.4129301355578728,2,OTHER,WNK,WNK,WNK1
WNK,-0.9766666666666668,47,KRSA,0.4129301355578728,2,OTHER,WNK,WNK,WNK2
WNK,-0.9766666666666668,47,KRSA,0.4129301355578728,2,OTHER,WNK,WNK,WNK3
WNK,-0.9766666666666668,47,KRSA,0.4129301355578728,2,OTHER,WNK,WNK,WNK4
MOS,-0.9941666666666666,41,KRSA,0.4880083420229406,2,OTHER,MOS,MOS,MOS
SLK,0.5891666666666667,62,KRSA,0.22523461939520334,1,STE,STE20,SLK,SLK
SLK,0.5891666666666667,62,KRSA,0.22523461939520334,1,STE,STE20,SLK,STK10
KHS,0.9475,50,KRSA,0.3753910323253389,2,STE,STE20,KHS,MAP4K1
KHS,0.9475,50,KRSA,0.3753910323253389,2,STE,STE20,KHS,MAP4K2
KHS,0.9475,50,KRSA,0.3753910323253389,2,STE,STE20,KHS,MAP4K3
KHS,0.9475,50,KRSA,0.3753910323253389,2,STE,STE20,KHS,MAP4K5
BRSK,-0.27499999999999997,71,KRSA,0.11261730969760167,1,CAMK,CAMKL,BRSK,BRSK1
BRSK,-0.27499999999999997,71,KRSA,0.11261730969760167,1,CAMK,CAMKL,BRSK,BRSK2
AKT,-0.29333333333333333,70,KRSA,0.1251303441084463,1,AGC,AKT,AKT,AKT1
AKT,-0.29333333333333333,70,KRSA,0.1251303441084463,1,AGC,AKT,AKT,AKT2
AKT,-0.29333333333333333,70,KRSA,0.1251303441084463,1,AGC,AKT,AKT,AKT3
STE11,-1.2875,32,KRSA,0.6006256517205423,3,TKL,MLK,TAK1,MAP3K7
STE11,-1.2875,32,KRSA,0.6006256517205423,3,STE,STE11,MEKK1,MAP3K1
STE11,-1.2875,32,KRSA,0.6006256517205423,3,STE,STE11,ASK,MAP3K15
STE11,-1.2875,32,KRSA,0.6006256517205423,3,STE,STE11,MEKK2,MAP3K2
STE11,-1.2875,32,KRSA,0.6006256517205423,3,STE,STE11,MEKK2,MAP3K3
STE11,-1.2875,32,KRSA,0.6006256517205423,3,STE,STE11,MEKK4,MAP3K4
STE11,-1.2875,32,KRSA,0.6006256517205423,3,STE,STE11,ASK,MAP3K5
STE11,-1.2875,32,KRSA,0.6006256517205423,3,STE,STE11,ASK,MAP3K6
MLK,-0.5291666666666667,65,KRSA,0.18769551616266944,1,TKL,MLK,ILK,ILK
MLK,-0.5291666666666667,65,KRSA,0.18769551616266944,1,TKL,MLK,MLK,MAP3K10
MLK,-0.5291666666666667,65,KRSA,0.18769551616266944,1,TKL,MLK,MLK,MAP3K11
MLK,-0.5291666666666667,65,KRSA,0.18769551616266944,1,TKL,MLK,LZK,MAP3K12
MLK,-0.5291666666666667,65,KRSA,0.18769551616266944,1,TKL,MLK,LZK,MAP3K13
MLK,-0.5291666666666667,65,KRSA,0.18769551616266944,1,TKL,MLK,MLK,MAP3K9
MLK,-0.5291666666666667,65,KRSA,0.18769551616266944,1,TKL,MLK,HH498,TNNI3K
IRAK,-1.0275,40,KRSA,0.5005213764337852,3,TKL,IRAK,IRAK,IRAK1
IRAK,-1.0275,40,KRSA,0.5005213764337852,3,TKL,IRAK,IRAK,IRAK2
IRAK,-1.0275,40,KRSA,0.5005213764337852,3,TKL,IRAK,IRAK,IRAK3
IRAK,-1.0275,40,KRSA,0.5005213764337852,3,TKL,IRAK,IRAK,IRAK4
DMPK,-0.9541666666666668,49,KRSA,0.38790406673618355,2,AGC,DMPK,GEK,CDC42BPA
DMPK,-0.9541666666666668,49,KRSA,0.38790406673618355,2,AGC,DMPK,GEK,CDC42BPB
DMPK,-0.9541666666666668,49,KRSA,0.38790406673618355,2,AGC,DMPK,GEK,CDC42BPG
DMPK,-0.9541666666666668,49,KRSA,0.38790406673618355,2,AGC,DMPK,CRIK,CIT
DMPK,-0.9541666666666668,49,KRSA,0.38790406673618355,2,AGC,DMPK,GEK,DMPK
DMPK,-0.9541666666666668,49,KRSA,0.38790406673618355,2,AGC,DMPK,ROCK,ROCK1
DMPK,-0.9541666666666668,49,KRSA,0.38790406673618355,2,AGC,DMPK,ROCK,ROCK2
SGK,0.4725,67,KRSA,0.16266944734098018,1,AGC,SGK,SGK,SGK1
SGK,0.4725,67,KRSA,0.16266944734098018,1,AGC,SGK,SGK,SGK2
SGK,0.4725,67,KRSA,0.16266944734098018,1,AGC,SGK,SGK,SGK3
PHK,-1.4125,26,KRSA,0.67570385818561,3,CAMK,PHK,PHK,PHKG1
PHK,-1.4125,26,KRSA,0.67570385818561,3,CAMK,PHK,PHK,PHKG2
IKK,-1.5175,23,KRSA,0.7132429614181439,3,OTHER,IKK,IKK,CHUK
IKK,-1.5175,23,KRSA,0.7132429614181439,3,OTHER,IKK,IKK,IKBKB
IKK,-1.5175,23,KRSA,0.7132429614181439,3,OTHER,IKK,IKK,IKBKE
IKK,-1.5175,23,KRSA,0.7132429614181439,3,OTHER,IKK,IKK,TBK1
COT,0.8758333333333332,53,KRSA,0.337851929092805,2,STE,STE-UNIQUE,STE-UNIQUE,MAP3K8
NDR,-0.9366666666666666,51,KRSA,0.36287799791449427,2,AGC,NDR,NDR,LATS1
NDR,-0.9366666666666666,51,KRSA,0.36287799791449427,2,AGC,NDR,NDR,LATS2
NDR,-0.9366666666666666,51,KRSA,0.36287799791449427,2,AGC,NDR,NDR,STK38
NDR,-0.9366666666666666,51,KRSA,0.36287799791449427,2,AGC,NDR,NDR,STK38L
CHK1,0.6325,61,KRSA,0.23774765380604795,1,CAMK,CAMKL,CHK1,CHEK1
AUR,0.04416666666666667,80,KRSA,0,1,OTHER,AUR,AUR,AURKA
AUR,0.04416666666666667,80,KRSA,0,1,OTHER,AUR,AUR,AURKB
AUR,0.04416666666666667,80,KRSA,0,1,OTHER,AUR,AUR,AURKC
PKCH,-0.7041666666666667,59,KRSA,0.26277372262773724,2,AGC,PKC,ETA,PRKCE
PKCH,-0.7041666666666667,59,KRSA,0.26277372262773724,2,AGC,PKC,ETA,PRKCH
MSN,1.2175,33,KRSA,0.5881126173096975,3,STE,STE20,MSN,MAP4K4
MSN,1.2175,33,KRSA,0.5881126173096975,3,STE,STE20,MSN,NRK
MSN,1.2175,33,KRSA,0.5881126173096975,3,STE,STE20,MSN,TNIK
ATM,-0.9208333333333334,52,KRSA,0.35036496350364965,2,ATYPICAL,PIKK,ATM,ATM
