Kinase,Peptide,LFC
BARK1,ACM1_444_456,-0.22249665355926349
CDK,ACM1_444_456,-0.22249665355926349
CK1,ACM1_444_456,-0.22249665355926349
DAPK,ACM1_444_456,-0.22249665355926349
DMPK,ACM1_444_456,-0.22249665355926349
DYRK,ACM1_444_456,-0.22249665355926349
ERK,ACM1_444_456,-0.22249665355926349
GSK,ACM1_444_456,-0.22249665355926349
IRAK,ACM1_444_456,-0.22249665355926349
JNK,ACM1_444_456,-0.22249665355926349
MLCK,ACM1_444_456,-0.22249665355926349
P38,ACM1_444_456,-0.22249665355926349
PDK1,ACM1_444_456,-0.22249665355926349
PEK,ACM1_444_456,-0.22249665355926349
PHK,ACM1_444_456,-0.22249665355926349
PIM,ACM1_444_456,-0.22249665355926349
PKCA,ACM1_444_456,-0.22249665355926349
RSK,ACM1_444_456,-0.22249665355926349
VRK2,ACM1_444_456,-0.22249665355926349
BARK1,ACM4_456_468,-0.13355713813538994
FRAY,ACM4_456_468,-0.13355713813538994
MELK,ACM4_456_468,-0.13355713813538994
PDHK,ACM4_456_468,-0.13355713813538994
PDK1,ACM4_456_468,-0.13355713813538994
PIM,ACM4_456_468,-0.13355713813538994
PKCA,ACM4_456_468,-0.13355713813538994
PKCH,ACM4_456_468,-0.13355713813538994
VRK2,ACM4_456_468,-0.13355713813538994
BARK1,ADDB_696_708,-0.13225168591134384
CDK,ADDB_696_708,-0.13225168591134384
CK1,ADDB_696_708,-0.13225168591134384
DMPK,ADDB_696_708,-0.13225168591134384
DYRK,ADDB_696_708,-0.13225168591134384
ERK,ADDB_696_708,-0.13225168591134384
GSK,ADDB_696_708,-0.13225168591134384
IKK,ADDB_696_708,-0.13225168591134384
JNK,ADDB_696_708,-0.13225168591134384
MELK,ADDB_696_708,-0.13225168591134384
MST,ADDB_696_708,-0.13225168591134384
NEK,ADDB_696_708,-0.13225168591134384
P38,ADDB_696_708,-0.13225168591134384
PDK1,ADDB_696_708,-0.13225168591134384
PEK,ADDB_696_708,-0.13225168591134384
PKCA,ADDB_696_708,-0.13225168591134384
PKCH,ADDB_696_708,-0.13225168591134384
PLK,ADDB_696_708,-0.13225168591134384
QIK,ADDB_696_708,-0.13225168591134384
RIPK,ADDB_696_708,-0.13225168591134384
STE7,ADDB_696_708,-0.13225168591134384
VRK1,ADDB_696_708,-0.13225168591134384
VRK2,ADDB_696_708,-0.13225168591134384
BARK1,ADDB_706_718,-0.04250907750259593
CDK,ADDB_706_718,-0.04250907750259593
CHK1,ADDB_706_718,-0.04250907750259593
DMPK,ADDB_706_718,-0.04250907750259593
DYRK,ADDB_706_718,-0.04250907750259593
ERK,ADDB_706_718,-0.04250907750259593
JNK,ADDB_706_718,-0.04250907750259593
MAPKAPK,ADDB_706_718,-0.04250907750259593
MST,ADDB_706_718,-0.04250907750259593
NEK,ADDB_706_718,-0.04250907750259593
P38,ADDB_706_718,-0.04250907750259593
PAKA,ADDB_706_718,-0.04250907750259593
PDHK,ADDB_706_718,-0.04250907750259593
PDK1,ADDB_706_718,-0.04250907750259593
PEK,ADDB_706_718,-0.04250907750259593
PHK,ADDB_706_718,-0.04250907750259593
PIM,ADDB_706_718,-0.04250907750259593
PKCA,ADDB_706_718,-0.04250907750259593
PLK,ADDB_706_718,-0.04250907750259593
RAD53,ADDB_706_718,-0.04250907750259593
RSK,ADDB_706_718,-0.04250907750259593
VRK2,ADDB_706_718,-0.04250907750259593
AKT,ADRB2_338_350,0.3890990725073484
BARK1,ADRB2_338_350,0.3890990725073484
CAMK1,ADRB2_338_350,0.3890990725073484
CDK,ADRB2_338_350,0.3890990725073484
CHK1,ADRB2_338_350,0.3890990725073484
DMPK,ADRB2_338_350,0.3890990725073484
GRK,ADRB2_338_350,0.3890990725073484
PAKA,ADRB2_338_350,0.3890990725073484
PKA,ADRB2_338_350,0.3890990725073484
PKCA,ADRB2_338_350,0.3890990725073484
PKCI,ADRB2_338_350,0.3890990725073484
PKG,ADRB2_338_350,0.3890990725073484
RAD53,ADRB2_338_350,0.3890990725073484
RSK,ADRB2_338_350,0.3890990725073484
VRK2,ADRB2_338_350,0.3890990725073484
AKT,ANDR_785_797,0.12974472642205165
ATR,ANDR_785_797,0.12974472642205165
BARK1,ANDR_785_797,0.12974472642205165
DMPK,ANDR_785_797,0.12974472642205165
PHK,ANDR_785_797,0.12974472642205165
PIM,ANDR_785_797,0.12974472642205165
PKA,ANDR_785_797,0.12974472642205165
PKD,ANDR_785_797,0.12974472642205165
RAF,ANDR_785_797,0.12974472642205165
RSK,ANDR_785_797,0.12974472642205165
VRK2,ANDR_785_797,0.12974472642205165
AKT,ANXA1_209_221,0.1113688934241462
BARK1,ANXA1_209_221,0.1113688934241462
DMPK,ANXA1_209_221,0.1113688934241462
PHK,ANXA1_209_221,0.1113688934241462
PKA,ANXA1_209_221,0.1113688934241462
PKCA,ANXA1_209_221,0.1113688934241462
PKG,ANXA1_209_221,0.1113688934241462
RSK,ANXA1_209_221,0.1113688934241462
VRK2,ANXA1_209_221,0.1113688934241462
AMPK,BAD_112_124,0.2165535041421049
BARK1,BAD_112_124,0.2165535041421049
CK1,BAD_112_124,0.2165535041421049
DMPK,BAD_112_124,0.2165535041421049
FRAY,BAD_112_124,0.2165535041421049
IRAK,BAD_112_124,0.2165535041421049
NEK,BAD_112_124,0.2165535041421049
PAKA,BAD_112_124,0.2165535041421049
PDHK,BAD_112_124,0.2165535041421049
PEK,BAD_112_124,0.2165535041421049
PHK,BAD_112_124,0.2165535041421049
PIM,BAD_112_124,0.2165535041421049
PKA,BAD_112_124,0.2165535041421049
PKCA,BAD_112_124,0.2165535041421049
PKCI,BAD_112_124,0.2165535041421049
PKD,BAD_112_124,0.2165535041421049
PKG,BAD_112_124,0.2165535041421049
QIK,BAD_112_124,0.2165535041421049
RAF,BAD_112_124,0.2165535041421049
RSK,BAD_112_124,0.2165535041421049
STE7,BAD_112_124,0.2165535041421049
VRK2,BAD_112_124,0.2165535041421049
AKT,BAD_69_81,-0.2507049490632364
BARK1,BAD_69_81,-0.2507049490632364
CDK,BAD_69_81,-0.2507049490632364
DMPK,BAD_69_81,-0.2507049490632364
ERK,BAD_69_81,-0.2507049490632364
MELK,BAD_69_81,-0.2507049490632364
MTOR,BAD_69_81,-0.2507049490632364
PAKA,BAD_69_81,-0.2507049490632364
PAKB,BAD_69_81,-0.2507049490632364
PDHK,BAD_69_81,-0.2507049490632364
PDK1,BAD_69_81,-0.2507049490632364
PEK,BAD_69_81,-0.2507049490632364
PHK,BAD_69_81,-0.2507049490632364
PIM,BAD_69_81,-0.2507049490632364
PKA,BAD_69_81,-0.2507049490632364
PKCA,BAD_69_81,-0.2507049490632364
PKCI,BAD_69_81,-0.2507049490632364
PKD,BAD_69_81,-0.2507049490632364
PKG,BAD_69_81,-0.2507049490632364
QIK,BAD_69_81,-0.2507049490632364
RAD53,BAD_69_81,-0.2507049490632364
RAF,BAD_69_81,-0.2507049490632364
RSK,BAD_69_81,-0.2507049490632364
SGK,BAD_69_81,-0.2507049490632364
VRK2,BAD_69_81,-0.2507049490632364
AKT,BAD_93_105,-0.03523430110626642
BARK1,BAD_93_105,-0.03523430110626642
DMPK,BAD_93_105,-0.03523430110626642
MAPKAPK,BAD_93_105,-0.03523430110626642
PAKA,BAD_93_105,-0.03523430110626642
PHK,BAD_93_105,-0.03523430110626642
PIM,BAD_93_105,-0.03523430110626642
PKA,BAD_93_105,-0.03523430110626642
PKCA,BAD_93_105,-0.03523430110626642
PKCI,BAD_93_105,-0.03523430110626642
PKD,BAD_93_105,-0.03523430110626642
PKG,BAD_93_105,-0.03523430110626642
QIK,BAD_93_105,-0.03523430110626642
RAF,BAD_93_105,-0.03523430110626642
RSK,BAD_93_105,-0.03523430110626642
SGK,BAD_93_105,-0.03523430110626642
VRK2,BAD_93_105,-0.03523430110626642
AKT,BCKD_45_57,-0.03877511172333688
BARK1,BCKD_45_57,-0.03877511172333688
CDK,BCKD_45_57,-0.03877511172333688
DMPK,BCKD_45_57,-0.03877511172333688
FRAY,BCKD_45_57,-0.03877511172333688
GRK,BCKD_45_57,-0.03877511172333688
IKK,BCKD_45_57,-0.03877511172333688
MAPKAPK,BCKD_45_57,-0.03877511172333688
MELK,BCKD_45_57,-0.03877511172333688
MLCK,BCKD_45_57,-0.03877511172333688
MST,BCKD_45_57,-0.03877511172333688
PAKA,BCKD_45_57,-0.03877511172333688
PDHK,BCKD_45_57,-0.03877511172333688
PDK1,BCKD_45_57,-0.03877511172333688
PEK,BCKD_45_57,-0.03877511172333688
PHK,BCKD_45_57,-0.03877511172333688
PIM,BCKD_45_57,-0.03877511172333688
PKA,BCKD_45_57,-0.03877511172333688
PKCA,BCKD_45_57,-0.03877511172333688
PKG,BCKD_45_57,-0.03877511172333688
PLK,BCKD_45_57,-0.03877511172333688
QIK,BCKD_45_57,-0.03877511172333688
RSK,BCKD_45_57,-0.03877511172333688
SGK,BCKD_45_57,-0.03877511172333688
STE7,BCKD_45_57,-0.03877511172333688
VRK2,BCKD_45_57,-0.03877511172333688
BARK1,CAC1C_1974_1986,0.4057131062407319
CAMK1,CAC1C_1974_1986,0.4057131062407319
MAPKAPK,CAC1C_1974_1986,0.4057131062407319
PDHK,CAC1C_1974_1986,0.4057131062407319
PHK,CAC1C_1974_1986,0.4057131062407319
PIM,CAC1C_1974_1986,0.4057131062407319
PKCA,CAC1C_1974_1986,0.4057131062407319
PKD,CAC1C_1974_1986,0.4057131062407319
PKG,CAC1C_1974_1986,0.4057131062407319
QIK,CAC1C_1974_1986,0.4057131062407319
RAD53,CAC1C_1974_1986,0.4057131062407319
RIPK,CAC1C_1974_1986,0.4057131062407319
RSK,CAC1C_1974_1986,0.4057131062407319
VRK2,CAC1C_1974_1986,0.4057131062407319
AKT,CD27_212_224,-0.06525150045176531
BARK1,CD27_212_224,-0.06525150045176531
CDK,CD27_212_224,-0.06525150045176531
DMPK,CD27_212_224,-0.06525150045176531
ERK,CD27_212_224,-0.06525150045176531
IKK,CD27_212_224,-0.06525150045176531
JNK,CD27_212_224,-0.06525150045176531
P38,CD27_212_224,-0.06525150045176531
PDHK,CD27_212_224,-0.06525150045176531
PEK,CD27_212_224,-0.06525150045176531
PHK,CD27_212_224,-0.06525150045176531
PIM,CD27_212_224,-0.06525150045176531
PKCA,CD27_212_224,-0.06525150045176531
PKD,CD27_212_224,-0.06525150045176531
QIK,CD27_212_224,-0.06525150045176531
RSK,CD27_212_224,-0.06525150045176531
VRK2,CD27_212_224,-0.06525150045176531
BARK1,CDC2_154_169,-0.07579873731504114
CDK,CDC2_154_169,-0.07579873731504114
COT,CDC2_154_169,-0.07579873731504114
PEK,CDC2_154_169,-0.07579873731504114
PKG,CDC2_154_169,-0.07579873731504114
RSK,CDC2_154_169,-0.07579873731504114
STE7,CDC2_154_169,-0.07579873731504114
VRK2,CDC2_154_169,-0.07579873731504114
BARK1,CDK7_163_175,-0.00121789993399268
CDK,CDK7_163_175,-0.00121789993399268
DMPK,CDK7_163_175,-0.00121789993399268
DYRK,CDK7_163_175,-0.00121789993399268
FRAY,CDK7_163_175,-0.00121789993399268
JNK,CDK7_163_175,-0.00121789993399268
MAPKAPK,CDK7_163_175,-0.00121789993399268
MST,CDK7_163_175,-0.00121789993399268
MTOR,CDK7_163_175,-0.00121789993399268
P38,CDK7_163_175,-0.00121789993399268
PDK1,CDK7_163_175,-0.00121789993399268
PEK,CDK7_163_175,-0.00121789993399268
PHK,CDK7_163_175,-0.00121789993399268
PIM,CDK7_163_175,-0.00121789993399268
PKCA,CDK7_163_175,-0.00121789993399268
PKCI,CDK7_163_175,-0.00121789993399268
PRKDC,CDK7_163_175,-0.00121789993399268
QIK,CDK7_163_175,-0.00121789993399268
STE7,CDK7_163_175,-0.00121789993399268
VRK2,CDK7_163_175,-0.00121789993399268
AKT,CDN1A_139_151,0.16496463566532724
BARK1,CDN1A_139_151,0.16496463566532724
CDK,CDN1A_139_151,0.16496463566532724
DAPK,CDN1A_139_151,0.16496463566532724
DMPK,CDN1A_139_151,0.16496463566532724
IKK,CDN1A_139_151,0.16496463566532724
MELK,CDN1A_139_151,0.16496463566532724
NDR,CDN1A_139_151,0.16496463566532724
PEK,CDN1A_139_151,0.16496463566532724
PHK,CDN1A_139_151,0.16496463566532724
PIM,CDN1A_139_151,0.16496463566532724
PKCA,CDN1A_139_151,0.16496463566532724
PKD,CDN1A_139_151,0.16496463566532724
RIPK,CDN1A_139_151,0.16496463566532724
RSK,CDN1A_139_151,0.16496463566532724
STE7,CDN1A_139_151,0.16496463566532724
VRK2,CDN1A_139_151,0.16496463566532724
AUR,CENPA_1_14,0.03404654201166727
BARK1,CENPA_1_14,0.03404654201166727
DMPK,CENPA_1_14,0.03404654201166727
MAPKAPK,CENPA_1_14,0.03404654201166727
PIM,CENPA_1_14,0.03404654201166727
PKCA,CENPA_1_14,0.03404654201166727
PKG,CENPA_1_14,0.03404654201166727
VRK2,CENPA_1_14,0.03404654201166727
AMPK,CFTR_730_742,0.511647861095652
BARK1,CFTR_730_742,0.511647861095652
CAMK2,CFTR_730_742,0.511647861095652
CDK,CFTR_730_742,0.511647861095652
DAPK,CFTR_730_742,0.511647861095652
DYRK,CFTR_730_742,0.511647861095652
GRK,CFTR_730_742,0.511647861095652
IKK,CFTR_730_742,0.511647861095652
MAPKAPK,CFTR_730_742,0.511647861095652
PAKA,CFTR_730_742,0.511647861095652
PDHK,CFTR_730_742,0.511647861095652
PEK,CFTR_730_742,0.511647861095652
PHK,CFTR_730_742,0.511647861095652
PKA,CFTR_730_742,0.511647861095652
PKCA,CFTR_730_742,0.511647861095652
PKD,CFTR_730_742,0.511647861095652
PKG,CFTR_730_742,0.511647861095652
QIK,CFTR_730_742,0.511647861095652
RAD53,CFTR_730_742,0.511647861095652
RSK,CFTR_730_742,0.511647861095652
VRK2,CFTR_730_742,0.511647861095652
AKT,CGHB_109_121,0.22684549468162304
BARK1,CGHB_109_121,0.22684549468162304
CAMK2,CGHB_109_121,0.22684549468162304
DMPK,CGHB_109_121,0.22684549468162304
IKK,CGHB_109_121,0.22684549468162304
MTOR,CGHB_109_121,0.22684549468162304
PDHK,CGHB_109_121,0.22684549468162304
PDK1,CGHB_109_121,0.22684549468162304
PEK,CGHB_109_121,0.22684549468162304
PKA,CGHB_109_121,0.22684549468162304
PKCA,CGHB_109_121,0.22684549468162304
PKG,CGHB_109_121,0.22684549468162304
RSK,CGHB_109_121,0.22684549468162304
VRK2,CGHB_109_121,0.22684549468162304
AMPK,CREB1_126_138,0.29522866708972967
ATM,CREB1_126_138,0.29522866708972967
BARK1,CREB1_126_138,0.29522866708972967
CAMK1,CREB1_126_138,0.29522866708972967
CAMK2,CREB1_126_138,0.29522866708972967
COT,CREB1_126_138,0.29522866708972967
DMPK,CREB1_126_138,0.29522866708972967
DYRK,CREB1_126_138,0.29522866708972967
GSK,CREB1_126_138,0.29522866708972967
MAPKAPK,CREB1_126_138,0.29522866708972967
PDHK,CREB1_126_138,0.29522866708972967
PHK,CREB1_126_138,0.29522866708972967
PIM,CREB1_126_138,0.29522866708972967
PKA,CREB1_126_138,0.29522866708972967
PKCA,CREB1_126_138,0.29522866708972967
PKCD,CREB1_126_138,0.29522866708972967
PKCH,CREB1_126_138,0.29522866708972967
PKD,CREB1_126_138,0.29522866708972967
QIK,CREB1_126_138,0.29522866708972967
RAD53,CREB1_126_138,0.29522866708972967
RSK,CREB1_126_138,0.29522866708972967
SGK,CREB1_126_138,0.29522866708972967
VRK2,CREB1_126_138,0.29522866708972967
AMPK,CSF1R_701_713,0.338872347655179
BARK1,CSF1R_701_713,0.338872347655179
CDK,CSF1R_701_713,0.338872347655179
CK1,CSF1R_701_713,0.338872347655179
DMPK,CSF1R_701_713,0.338872347655179
PDHK,CSF1R_701_713,0.338872347655179
PEK,CSF1R_701_713,0.338872347655179
PIM,CSF1R_701_713,0.338872347655179
PKA,CSF1R_701_713,0.338872347655179
PKCA,CSF1R_701_713,0.338872347655179
PKG,CSF1R_701_713,0.338872347655179
RSK,CSF1R_701_713,0.338872347655179
VRK2,CSF1R_701_713,0.338872347655179
AMPK,DESP_2842_2854,0.34316453917916656
BARK1,DESP_2842_2854,0.34316453917916656
CAMK1,DESP_2842_2854,0.34316453917916656
CDK,DESP_2842_2854,0.34316453917916656
CK1,DESP_2842_2854,0.34316453917916656
DMPK,DESP_2842_2854,0.34316453917916656
GSK,DESP_2842_2854,0.34316453917916656
IKK,DESP_2842_2854,0.34316453917916656
MAPKAPK,DESP_2842_2854,0.34316453917916656
P38,DESP_2842_2854,0.34316453917916656
PDHK,DESP_2842_2854,0.34316453917916656
PDK1,DESP_2842_2854,0.34316453917916656
PEK,DESP_2842_2854,0.34316453917916656
PHK,DESP_2842_2854,0.34316453917916656
PIM,DESP_2842_2854,0.34316453917916656
PKA,DESP_2842_2854,0.34316453917916656
PKCA,DESP_2842_2854,0.34316453917916656
PKG,DESP_2842_2854,0.34316453917916656
QIK,DESP_2842_2854,0.34316453917916656
RIPK,DESP_2842_2854,0.34316453917916656
RSK,DESP_2842_2854,0.34316453917916656
SGK,DESP_2842_2854,0.34316453917916656
STE11,DESP_2842_2854,0.34316453917916656
STE7,DESP_2842_2854,0.34316453917916656
VRK2,DESP_2842_2854,0.34316453917916656
BARK1,EPB42_241_253,0.2584573835125834
DMPK,EPB42_241_253,0.2584573835125834
PHK,EPB42_241_253,0.2584573835125834
PIM,EPB42_241_253,0.2584573835125834
PKA,EPB42_241_253,0.2584573835125834
PKCA,EPB42_241_253,0.2584573835125834
PKG,EPB42_241_253,0.2584573835125834
RAD53,EPB42_241_253,0.2584573835125834
RSK,EPB42_241_253,0.2584573835125834
VRK2,EPB42_241_253,0.2584573835125834
BARK1,ERBB2_679_691,0.00165614642002864
DMPK,ERBB2_679_691,0.00165614642002864
PHK,ERBB2_679_691,0.00165614642002864
PIM,ERBB2_679_691,0.00165614642002864
PKA,ERBB2_679_691,0.00165614642002864
PKCA,ERBB2_679_691,0.00165614642002864
PKCD,ERBB2_679_691,0.00165614642002864
PKCH,ERBB2_679_691,0.00165614642002864
PKG,ERBB2_679_691,0.00165614642002864
RSK,ERBB2_679_691,0.00165614642002864
VRK2,ERBB2_679_691,0.00165614642002864
BARK1,ERF_519_531,-0.08856530582498016
CDK,ERF_519_531,-0.08856530582498016
CHK1,ERF_519_531,-0.08856530582498016
DAPK,ERF_519_531,-0.08856530582498016
DMPK,ERF_519_531,-0.08856530582498016
DYRK,ERF_519_531,-0.08856530582498016
ERK,ERF_519_531,-0.08856530582498016
IRAK,ERF_519_531,-0.08856530582498016
MST,ERF_519_531,-0.08856530582498016
P38,ERF_519_531,-0.08856530582498016
PDK1,ERF_519_531,-0.08856530582498016
PEK,ERF_519_531,-0.08856530582498016
PIM,ERF_519_531,-0.08856530582498016
PKA,ERF_519_531,-0.08856530582498016
PKCA,ERF_519_531,-0.08856530582498016
PKG,ERF_519_531,-0.08856530582498016
RAD53,ERF_519_531,-0.08856530582498016
RSK,ERF_519_531,-0.08856530582498016
VRK2,ERF_519_531,-0.08856530582498016
AKT,ESR1_160_172,0.17695707888924872
AUR,ESR1_160_172,0.17695707888924872
BARK1,ESR1_160_172,0.17695707888924872
CK2,ESR1_160_172,0.17695707888924872
DMPK,ESR1_160_172,0.17695707888924872
IKK,ESR1_160_172,0.17695707888924872
PEK,ESR1_160_172,0.17695707888924872
PHK,ESR1_160_172,0.17695707888924872
PIM,ESR1_160_172,0.17695707888924872
PKCA,ESR1_160_172,0.17695707888924872
RSK,ESR1_160_172,0.17695707888924872
STE11,ESR1_160_172,0.17695707888924872
STE7,ESR1_160_172,0.17695707888924872
VRK2,ESR1_160_172,0.17695707888924872
BARK1,FIBA_569_581,-0.13083756982136813
CDK,FIBA_569_581,-0.13083756982136813
CK1,FIBA_569_581,-0.13083756982136813
DAPK,FIBA_569_581,-0.13083756982136813
DMPK,FIBA_569_581,-0.13083756982136813
ERK,FIBA_569_581,-0.13083756982136813
GSK,FIBA_569_581,-0.13083756982136813
HAL,FIBA_569_581,-0.13083756982136813
IKK,FIBA_569_581,-0.13083756982136813
JNK,FIBA_569_581,-0.13083756982136813
MLCK,FIBA_569_581,-0.13083756982136813
MST,FIBA_569_581,-0.13083756982136813
PDHK,FIBA_569_581,-0.13083756982136813
PEK,FIBA_569_581,-0.13083756982136813
PHK,FIBA_569_581,-0.13083756982136813
PIM,FIBA_569_581,-0.13083756982136813
PKA,FIBA_569_581,-0.13083756982136813
PKCA,FIBA_569_581,-0.13083756982136813
PKG,FIBA_569_581,-0.13083756982136813
PLK,FIBA_569_581,-0.13083756982136813
QIK,FIBA_569_581,-0.13083756982136813
RAF,FIBA_569_581,-0.13083756982136813
RIPK,FIBA_569_581,-0.13083756982136813
RSK,FIBA_569_581,-0.13083756982136813
SGK,FIBA_569_581,-0.13083756982136813
STE7,FIBA_569_581,-0.13083756982136813
VRK2,FIBA_569_581,-0.13083756982136813
AKT,FOXO3_25_37,-0.17899757536641658
BARK1,FOXO3_25_37,-0.17899757536641658
CDK,FOXO3_25_37,-0.17899757536641658
ERK,FOXO3_25_37,-0.17899757536641658
MAPKAPK,FOXO3_25_37,-0.17899757536641658
P38,FOXO3_25_37,-0.17899757536641658
PHK,FOXO3_25_37,-0.17899757536641658
PIM,FOXO3_25_37,-0.17899757536641658
PKCA,FOXO3_25_37,-0.17899757536641658
QIK,FOXO3_25_37,-0.17899757536641658
RAF,FOXO3_25_37,-0.17899757536641658
RSK,FOXO3_25_37,-0.17899757536641658
SGK,FOXO3_25_37,-0.17899757536641658
VRK2,FOXO3_25_37,-0.17899757536641658
AKT,FRAP_2443_2455,0.02812007410934867
AMPK,FRAP_2443_2455,0.02812007410934867
BARK1,FRAP_2443_2455,0.02812007410934867
CK1,FRAP_2443_2455,0.02812007410934867
DAPK,FRAP_2443_2455,0.02812007410934867
DMPK,FRAP_2443_2455,0.02812007410934867
MAPKAPK,FRAP_2443_2455,0.02812007410934867
MELK,FRAP_2443_2455,0.02812007410934867
MLK,FRAP_2443_2455,0.02812007410934867
MSN,FRAP_2443_2455,0.02812007410934867
MTOR,FRAP_2443_2455,0.02812007410934867
NEK,FRAP_2443_2455,0.02812007410934867
PDHK,FRAP_2443_2455,0.02812007410934867
PDK1,FRAP_2443_2455,0.02812007410934867
PEK,FRAP_2443_2455,0.02812007410934867
PHK,FRAP_2443_2455,0.02812007410934867
PIM,FRAP_2443_2455,0.02812007410934867
PKA,FRAP_2443_2455,0.02812007410934867
PKCA,FRAP_2443_2455,0.02812007410934867
QIK,FRAP_2443_2455,0.02812007410934867
RSK,FRAP_2443_2455,0.02812007410934867
SGK,FRAP_2443_2455,0.02812007410934867
TAO,FRAP_2443_2455,0.02812007410934867
VRK2,FRAP_2443_2455,0.02812007410934867
AKT,GPR6_349_361,0.01161101820034606
BARK1,GPR6_349_361,0.01161101820034606
CDK,GPR6_349_361,0.01161101820034606
CK1,GPR6_349_361,0.01161101820034606
DMPK,GPR6_349_361,0.01161101820034606
DYRK,GPR6_349_361,0.01161101820034606
ERK,GPR6_349_361,0.01161101820034606
IKK,GPR6_349_361,0.01161101820034606
JNK,GPR6_349_361,0.01161101820034606
MAPKAPK,GPR6_349_361,0.01161101820034606
MELK,GPR6_349_361,0.01161101820034606
P38,GPR6_349_361,0.01161101820034606
PDK1,GPR6_349_361,0.01161101820034606
PEK,GPR6_349_361,0.01161101820034606
PHK,GPR6_349_361,0.01161101820034606
PKCA,GPR6_349_361,0.01161101820034606
QIK,GPR6_349_361,0.01161101820034606
RAF,GPR6_349_361,0.01161101820034606
RSK,GPR6_349_361,0.01161101820034606
SGK,GPR6_349_361,0.01161101820034606
VRK2,GPR6_349_361,0.01161101820034606
AMPK,GPSM2_394_406,0.3662770898088012
BARK1,GPSM2_394_406,0.3662770898088012
CAMK1,GPSM2_394_406,0.3662770898088012
CHK1,GPSM2_394_406,0.3662770898088012
DMPK,GPSM2_394_406,0.3662770898088012
IKK,GPSM2_394_406,0.3662770898088012
MAPKAPK,GPSM2_394_406,0.3662770898088012
MARK,GPSM2_394_406,0.3662770898088012
PHK,GPSM2_394_406,0.3662770898088012
PKCA,GPSM2_394_406,0.3662770898088012
PKD,GPSM2_394_406,0.3662770898088012
VRK2,GPSM2_394_406,0.3662770898088012
BARK1,GSUB_61_73,-0.1243710760552649
CDK,GSUB_61_73,-0.1243710760552649
DAPK,GSUB_61_73,-0.1243710760552649
DMPK,GSUB_61_73,-0.1243710760552649
DYRK,GSUB_61_73,-0.1243710760552649
ERK,GSUB_61_73,-0.1243710760552649
PDK1,GSUB_61_73,-0.1243710760552649
PHK,GSUB_61_73,-0.1243710760552649
PKA,GSUB_61_73,-0.1243710760552649
PKG,GSUB_61_73,-0.1243710760552649
PLK,GSUB_61_73,-0.1243710760552649
VRK2,GSUB_61_73,-0.1243710760552649
AKT,GYS2_1_13,-0.19815611722329804
BARK1,GYS2_1_13,-0.19815611722329804
CDK,GYS2_1_13,-0.19815611722329804
DMPK,GYS2_1_13,-0.19815611722329804
IKK,GYS2_1_13,-0.19815611722329804
MAPKAPK,GYS2_1_13,-0.19815611722329804
MTOR,GYS2_1_13,-0.19815611722329804
PEK,GYS2_1_13,-0.19815611722329804
PHK,GYS2_1_13,-0.19815611722329804
PKA,GYS2_1_13,-0.19815611722329804
PKCA,GYS2_1_13,-0.19815611722329804
QIK,GYS2_1_13,-0.19815611722329804
RSK,GYS2_1_13,-0.19815611722329804
SGK,GYS2_1_13,-0.19815611722329804
VRK2,GYS2_1_13,-0.19815611722329804
AKT,H2B1B_ 27_40,-0.04057686946366819
AMPK,H2B1B_ 27_40,-0.04057686946366819
BARK1,H2B1B_ 27_40,-0.04057686946366819
CAMK1,H2B1B_ 27_40,-0.04057686946366819
CDK,H2B1B_ 27_40,-0.04057686946366819
COT,H2B1B_ 27_40,-0.04057686946366819
DAPK,H2B1B_ 27_40,-0.04057686946366819
DMPK,H2B1B_ 27_40,-0.04057686946366819
IKK,H2B1B_ 27_40,-0.04057686946366819
MLK,H2B1B_ 27_40,-0.04057686946366819
MST,H2B1B_ 27_40,-0.04057686946366819
PAKA,H2B1B_ 27_40,-0.04057686946366819
PAKB,H2B1B_ 27_40,-0.04057686946366819
PDHK,H2B1B_ 27_40,-0.04057686946366819
PEK,H2B1B_ 27_40,-0.04057686946366819
PHK,H2B1B_ 27_40,-0.04057686946366819
PIM,H2B1B_ 27_40,-0.04057686946366819
PKA,H2B1B_ 27_40,-0.04057686946366819
PKCA,H2B1B_ 27_40,-0.04057686946366819
PKCH,H2B1B_ 27_40,-0.04057686946366819
PKD,H2B1B_ 27_40,-0.04057686946366819
PKG,H2B1B_ 27_40,-0.04057686946366819
PLK,H2B1B_ 27_40,-0.04057686946366819
QIK,H2B1B_ 27_40,-0.04057686946366819
RAD53,H2B1B_ 27_40,-0.04057686946366819
RSK,H2B1B_ 27_40,-0.04057686946366819
SGK,H2B1B_ 27_40,-0.04057686946366819
VRK2,H2B1B_ 27_40,-0.04057686946366819
AMPK,H32_3_18,-0.01026681376925136
ATR,H32_3_18,-0.01026681376925136
AUR,H32_3_18,-0.01026681376925136
BARK1,H32_3_18,-0.01026681376925136
DAPK,H32_3_18,-0.01026681376925136
DMPK,H32_3_18,-0.01026681376925136
DYRK,H32_3_18,-0.01026681376925136
MLK,H32_3_18,-0.01026681376925136
MST,H32_3_18,-0.01026681376925136
MTOR,H32_3_18,-0.01026681376925136
PHK,H32_3_18,-0.01026681376925136
PIM,H32_3_18,-0.01026681376925136
PKCA,H32_3_18,-0.01026681376925136
PKCD,H32_3_18,-0.01026681376925136
PRKDC,H32_3_18,-0.01026681376925136
QIK,H32_3_18,-0.01026681376925136
RAD53,H32_3_18,-0.01026681376925136
RSK,H32_3_18,-0.01026681376925136
STE7,H32_3_18,-0.01026681376925136
VRK1,H32_3_18,-0.01026681376925136
VRK2,H32_3_18,-0.01026681376925136
BARK1,IF4E_203_215,-0.1928563709568388
CDK,IF4E_203_215,-0.1928563709568388
DMPK,IF4E_203_215,-0.1928563709568388
ERK,IF4E_203_215,-0.1928563709568388
GRK,IF4E_203_215,-0.1928563709568388
IKK,IF4E_203_215,-0.1928563709568388
LKB,IF4E_203_215,-0.1928563709568388
MAPKAPK,IF4E_203_215,-0.1928563709568388
MLK,IF4E_203_215,-0.1928563709568388
P38,IF4E_203_215,-0.1928563709568388
PEK,IF4E_203_215,-0.1928563709568388
PKCA,IF4E_203_215,-0.1928563709568388
QIK,IF4E_203_215,-0.1928563709568388
RIPK,IF4E_203_215,-0.1928563709568388
STKR,IF4E_203_215,-0.1928563709568388
VRK1,IF4E_203_215,-0.1928563709568388
VRK2,IF4E_203_215,-0.1928563709568388
BARK1,KAP2_92_104,0.3635282883363032
CDK,KAP2_92_104,0.3635282883363032
CK2,KAP2_92_104,0.3635282883363032
DMPK,KAP2_92_104,0.3635282883363032
ERK,KAP2_92_104,0.3635282883363032
GSK,KAP2_92_104,0.3635282883363032
MAPKAPK,KAP2_92_104,0.3635282883363032
PDHK,KAP2_92_104,0.3635282883363032
PEK,KAP2_92_104,0.3635282883363032
PHK,KAP2_92_104,0.3635282883363032
PIM,KAP2_92_104,0.3635282883363032
PKA,KAP2_92_104,0.3635282883363032
PKCA,KAP2_92_104,0.3635282883363032
PKD,KAP2_92_104,0.3635282883363032
PKG,KAP2_92_104,0.3635282883363032
QIK,KAP2_92_104,0.3635282883363032
RIPK,KAP2_92_104,0.3635282883363032
RSK,KAP2_92_104,0.3635282883363032
VRK2,KAP2_92_104,0.3635282883363032
AKT,KAP3_107_119,0.4373902244222461
AUR,KAP3_107_119,0.4373902244222461
BARK1,KAP3_107_119,0.4373902244222461
DMPK,KAP3_107_119,0.4373902244222461
MAPKAPK,KAP3_107_119,0.4373902244222461
PDHK,KAP3_107_119,0.4373902244222461
PHK,KAP3_107_119,0.4373902244222461
PKA,KAP3_107_119,0.4373902244222461
PKCA,KAP3_107_119,0.4373902244222461
RIPK,KAP3_107_119,0.4373902244222461
VRK2,KAP3_107_119,0.4373902244222461
BARK1,KAPCG_192_206,0.020216068004746
CAMK2,KAPCG_192_206,0.020216068004746
CDK,KAPCG_192_206,0.020216068004746
DMPK,KAPCG_192_206,0.020216068004746
DYRK,KAPCG_192_206,0.020216068004746
ERK,KAPCG_192_206,0.020216068004746
GSK,KAPCG_192_206,0.020216068004746
IKK,KAPCG_192_206,0.020216068004746
IRAK,KAPCG_192_206,0.020216068004746
LKB,KAPCG_192_206,0.020216068004746
MELK,KAPCG_192_206,0.020216068004746
MST,KAPCG_192_206,0.020216068004746
MTOR,KAPCG_192_206,0.020216068004746
PDHK,KAPCG_192_206,0.020216068004746
PDK1,KAPCG_192_206,0.020216068004746
PHK,KAPCG_192_206,0.020216068004746
PIM,KAPCG_192_206,0.020216068004746
PKCH,KAPCG_192_206,0.020216068004746
VRK2,KAPCG_192_206,0.020216068004746
BARK1,KCC2G_278_289,0.02400131196717906
CAMK2,KCC2G_278_289,0.02400131196717906
CDK,KCC2G_278_289,0.02400131196717906
CK1,KCC2G_278_289,0.02400131196717906
MAPKAPK,KCC2G_278_289,0.02400131196717906
MELK,KCC2G_278_289,0.02400131196717906
MLCK,KCC2G_278_289,0.02400131196717906
PEK,KCC2G_278_289,0.02400131196717906
PHK,KCC2G_278_289,0.02400131196717906
PIM,KCC2G_278_289,0.02400131196717906
PKCA,KCC2G_278_289,0.02400131196717906
PKCI,KCC2G_278_289,0.02400131196717906
PLK,KCC2G_278_289,0.02400131196717906
QIK,KCC2G_278_289,0.02400131196717906
RSK,KCC2G_278_289,0.02400131196717906
SGK,KCC2G_278_289,0.02400131196717906
VRK2,KCC2G_278_289,0.02400131196717906
AKT,KCNA1_438_450,0.49038575483436464
AMPK,KCNA1_438_450,0.49038575483436464
BARK1,KCNA1_438_450,0.49038575483436464
CAMK1,KCNA1_438_450,0.49038575483436464
CDK,KCNA1_438_450,0.49038575483436464
CK1,KCNA1_438_450,0.49038575483436464
DAPK,KCNA1_438_450,0.49038575483436464
DMPK,KCNA1_438_450,0.49038575483436464
ERK,KCNA1_438_450,0.49038575483436464
GRK,KCNA1_438_450,0.49038575483436464
IKK,KCNA1_438_450,0.49038575483436464
JNK,KCNA1_438_450,0.49038575483436464
MAPKAPK,KCNA1_438_450,0.49038575483436464
MELK,KCNA1_438_450,0.49038575483436464
NEK,KCNA1_438_450,0.49038575483436464
P38,KCNA1_438_450,0.49038575483436464
PDHK,KCNA1_438_450,0.49038575483436464
PEK,KCNA1_438_450,0.49038575483436464
PHK,KCNA1_438_450,0.49038575483436464
PKA,KCNA1_438_450,0.49038575483436464
PKCA,KCNA1_438_450,0.49038575483436464
PKD,KCNA1_438_450,0.49038575483436464
PLK,KCNA1_438_450,0.49038575483436464
QIK,KCNA1_438_450,0.49038575483436464
RAD53,KCNA1_438_450,0.49038575483436464
RIPK,KCNA1_438_450,0.49038575483436464
RSK,KCNA1_438_450,0.49038575483436464
SGK,KCNA1_438_450,0.49038575483436464
STE7,KCNA1_438_450,0.49038575483436464
STKR,KCNA1_438_450,0.49038575483436464
VRK2,KCNA1_438_450,0.49038575483436464
AKT,KCNA2_442_454,0.152395729585287
AMPK,KCNA2_442_454,0.152395729585287
BARK1,KCNA2_442_454,0.152395729585287
CAMK1,KCNA2_442_454,0.152395729585287
CAMK2,KCNA2_442_454,0.152395729585287
CDK,KCNA2_442_454,0.152395729585287
CHK1,KCNA2_442_454,0.152395729585287
CK1,KCNA2_442_454,0.152395729585287
DMPK,KCNA2_442_454,0.152395729585287
IKK,KCNA2_442_454,0.152395729585287
JNK,KCNA2_442_454,0.152395729585287
MAPKAPK,KCNA2_442_454,0.152395729585287
NEK,KCNA2_442_454,0.152395729585287
P38,KCNA2_442_454,0.152395729585287
PDHK,KCNA2_442_454,0.152395729585287
PEK,KCNA2_442_454,0.152395729585287
PHK,KCNA2_442_454,0.152395729585287
PIM,KCNA2_442_454,0.152395729585287
PKCA,KCNA2_442_454,0.152395729585287
PKD,KCNA2_442_454,0.152395729585287
QIK,KCNA2_442_454,0.152395729585287
RAD53,KCNA2_442_454,0.152395729585287
RIPK,KCNA2_442_454,0.152395729585287
RSK,KCNA2_442_454,0.152395729585287
SGK,KCNA2_442_454,0.152395729585287
STKR,KCNA2_442_454,0.152395729585287
VRK2,KCNA2_442_454,0.152395729585287
AKT,KCNA3_461_473,0.025332636467397
AMPK,KCNA3_461_473,0.025332636467397
BARK1,KCNA3_461_473,0.025332636467397
CAMK1,KCNA3_461_473,0.025332636467397
CDK,KCNA3_461_473,0.025332636467397
CHK1,KCNA3_461_473,0.025332636467397
CK1,KCNA3_461_473,0.025332636467397
DMPK,KCNA3_461_473,0.025332636467397
IKK,KCNA3_461_473,0.025332636467397
JNK,KCNA3_461_473,0.025332636467397
KHS,KCNA3_461_473,0.025332636467397
MAPKAPK,KCNA3_461_473,0.025332636467397
MARK,KCNA3_461_473,0.025332636467397
MST,KCNA3_461_473,0.025332636467397
P38,KCNA3_461_473,0.025332636467397
PAKA,KCNA3_461_473,0.025332636467397
PDHK,KCNA3_461_473,0.025332636467397
PDK1,KCNA3_461_473,0.025332636467397
PEK,KCNA3_461_473,0.025332636467397
PHK,KCNA3_461_473,0.025332636467397
PKA,KCNA3_461_473,0.025332636467397
PKCA,KCNA3_461_473,0.025332636467397
PKD,KCNA3_461_473,0.025332636467397
PKG,KCNA3_461_473,0.025332636467397
PLK,KCNA3_461_473,0.025332636467397
QIK,KCNA3_461_473,0.025332636467397
RAD53,KCNA3_461_473,0.025332636467397
RSK,KCNA3_461_473,0.025332636467397
STE7,KCNA3_461_473,0.025332636467397
VRK2,KCNA3_461_473,0.025332636467397
AMPK,KCNB1_489_501,-0.07685544108315263
BARK1,KCNB1_489_501,-0.07685544108315263
CAMK1,KCNB1_489_501,-0.07685544108315263
CAMK2,KCNB1_489_501,-0.07685544108315263
CDK,KCNB1_489_501,-0.07685544108315263
CHK1,KCNB1_489_501,-0.07685544108315263
CK1,KCNB1_489_501,-0.07685544108315263
CK2,KCNB1_489_501,-0.07685544108315263
DAPK,KCNB1_489_501,-0.07685544108315263
DMPK,KCNB1_489_501,-0.07685544108315263
GRK,KCNB1_489_501,-0.07685544108315263
IKK,KCNB1_489_501,-0.07685544108315263
MAPKAPK,KCNB1_489_501,-0.07685544108315263
MELK,KCNB1_489_501,-0.07685544108315263
MLCK,KCNB1_489_501,-0.07685544108315263
MLK,KCNB1_489_501,-0.07685544108315263
MST,KCNB1_489_501,-0.07685544108315263
NAK,KCNB1_489_501,-0.07685544108315263
NEK,KCNB1_489_501,-0.07685544108315263
PDHK,KCNB1_489_501,-0.07685544108315263
PEK,KCNB1_489_501,-0.07685544108315263
PHK,KCNB1_489_501,-0.07685544108315263
PIM,KCNB1_489_501,-0.07685544108315263
PKA,KCNB1_489_501,-0.07685544108315263
PKCA,KCNB1_489_501,-0.07685544108315263
PKCD,KCNB1_489_501,-0.07685544108315263
PKD,KCNB1_489_501,-0.07685544108315263
QIK,KCNB1_489_501,-0.07685544108315263
RIPK,KCNB1_489_501,-0.07685544108315263
RSK,KCNB1_489_501,-0.07685544108315263
SGK,KCNB1_489_501,-0.07685544108315263
STE7,KCNB1_489_501,-0.07685544108315263
STKR,KCNB1_489_501,-0.07685544108315263
VRK2,KCNB1_489_501,-0.07685544108315263
BARK1,KIF2C_105_118_S106G,0.07197889768856727
CAMK2,KIF2C_105_118_S106G,0.07197889768856727
CDK,KIF2C_105_118_S106G,0.07197889768856727
DMPK,KIF2C_105_118_S106G,0.07197889768856727
FRAY,KIF2C_105_118_S106G,0.07197889768856727
IKK,KIF2C_105_118_S106G,0.07197889768856727
MELK,KIF2C_105_118_S106G,0.07197889768856727
NEK,KIF2C_105_118_S106G,0.07197889768856727
PAKA,KIF2C_105_118_S106G,0.07197889768856727
PDHK,KIF2C_105_118_S106G,0.07197889768856727
PEK,KIF2C_105_118_S106G,0.07197889768856727
PHK,KIF2C_105_118_S106G,0.07197889768856727
PKCA,KIF2C_105_118_S106G,0.07197889768856727
PKD,KIF2C_105_118_S106G,0.07197889768856727
QIK,KIF2C_105_118_S106G,0.07197889768856727
RIPK,KIF2C_105_118_S106G,0.07197889768856727
RSK,KIF2C_105_118_S106G,0.07197889768856727
VRK2,KIF2C_105_118_S106G,0.07197889768856727
BARK1,KPB1_1011_1023,0.5461402582280656
CDK,KPB1_1011_1023,0.5461402582280656
CK1,KPB1_1011_1023,0.5461402582280656
DMPK,KPB1_1011_1023,0.5461402582280656
IKK,KPB1_1011_1023,0.5461402582280656
P38,KPB1_1011_1023,0.5461402582280656
PAKA,KPB1_1011_1023,0.5461402582280656
PDHK,KPB1_1011_1023,0.5461402582280656
PEK,KPB1_1011_1023,0.5461402582280656
PHK,KPB1_1011_1023,0.5461402582280656
PIM,KPB1_1011_1023,0.5461402582280656
PKA,KPB1_1011_1023,0.5461402582280656
PKCA,KPB1_1011_1023,0.5461402582280656
PKD,KPB1_1011_1023,0.5461402582280656
RIPK,KPB1_1011_1023,0.5461402582280656
RSK,KPB1_1011_1023,0.5461402582280656
SGK,KPB1_1011_1023,0.5461402582280656
VRK2,KPB1_1011_1023,0.5461402582280656
BARK1,KS6A1_374_386,-0.13494113661966653
COT,KS6A1_374_386,-0.13494113661966653
FRAY,KS6A1_374_386,-0.13494113661966653
MAPKAPK,KS6A1_374_386,-0.13494113661966653
MSN,KS6A1_374_386,-0.13494113661966653
MTOR,KS6A1_374_386,-0.13494113661966653
PDHK,KS6A1_374_386,-0.13494113661966653
PDK1,KS6A1_374_386,-0.13494113661966653
PEK,KS6A1_374_386,-0.13494113661966653
PHK,KS6A1_374_386,-0.13494113661966653
PIM,KS6A1_374_386,-0.13494113661966653
PKCA,KS6A1_374_386,-0.13494113661966653
RAD53,KS6A1_374_386,-0.13494113661966653
RSK,KS6A1_374_386,-0.13494113661966653
STE7,KS6A1_374_386,-0.13494113661966653
VRK2,KS6A1_374_386,-0.13494113661966653
AMPK,LIPS_944_956,0.373569590864222
ATR,LIPS_944_956,0.373569590864222
BARK1,LIPS_944_956,0.373569590864222
CDK,LIPS_944_956,0.373569590864222
DMPK,LIPS_944_956,0.373569590864222
ERK,LIPS_944_956,0.373569590864222
NDR,LIPS_944_956,0.373569590864222
PDHK,LIPS_944_956,0.373569590864222
PEK,LIPS_944_956,0.373569590864222
PIM,LIPS_944_956,0.373569590864222
PKA,LIPS_944_956,0.373569590864222
PKCA,LIPS_944_956,0.373569590864222
PKG,LIPS_944_956,0.373569590864222
PRKDC,LIPS_944_956,0.373569590864222
RAF,LIPS_944_956,0.373569590864222
RSK,LIPS_944_956,0.373569590864222
STE7,LIPS_944_956,0.373569590864222
VRK2,LIPS_944_956,0.373569590864222
BARK1,LMNB1_16_28,-0.211281963278722
CDK,LMNB1_16_28,-0.211281963278722
DMPK,LMNB1_16_28,-0.211281963278722
DYRK,LMNB1_16_28,-0.211281963278722
ERK,LMNB1_16_28,-0.211281963278722
GSK,LMNB1_16_28,-0.211281963278722
IKK,LMNB1_16_28,-0.211281963278722
IRAK,LMNB1_16_28,-0.211281963278722
JNK,LMNB1_16_28,-0.211281963278722
MLK,LMNB1_16_28,-0.211281963278722
NMO,LMNB1_16_28,-0.211281963278722
P38,LMNB1_16_28,-0.211281963278722
PDK1,LMNB1_16_28,-0.211281963278722
PEK,LMNB1_16_28,-0.211281963278722
PIM,LMNB1_16_28,-0.211281963278722
PKCA,LMNB1_16_28,-0.211281963278722
PKG,LMNB1_16_28,-0.211281963278722
RSK,LMNB1_16_28,-0.211281963278722
STE7,LMNB1_16_28,-0.211281963278722
VRK2,LMNB1_16_28,-0.211281963278722
BARK1,MARCS_152_164,-0.12744374007954562
CDK,MARCS_152_164,-0.12744374007954562
DAPK,MARCS_152_164,-0.12744374007954562
DMPK,MARCS_152_164,-0.12744374007954562
ERK,MARCS_152_164,-0.12744374007954562
JNK,MARCS_152_164,-0.12744374007954562
P38,MARCS_152_164,-0.12744374007954562
PAKA,MARCS_152_164,-0.12744374007954562
PDHK,MARCS_152_164,-0.12744374007954562
PDK1,MARCS_152_164,-0.12744374007954562
PEK,MARCS_152_164,-0.12744374007954562
PHK,MARCS_152_164,-0.12744374007954562
PKA,MARCS_152_164,-0.12744374007954562
PKCA,MARCS_152_164,-0.12744374007954562
PKCH,MARCS_152_164,-0.12744374007954562
PKCI,MARCS_152_164,-0.12744374007954562
PKD,MARCS_152_164,-0.12744374007954562
PKG,MARCS_152_164,-0.12744374007954562
PKN,MARCS_152_164,-0.12744374007954562
RAD53,MARCS_152_164,-0.12744374007954562
VRK2,MARCS_152_164,-0.12744374007954562
BARK1,MARCS_160_172,-0.22260511394244187
CDK,MARCS_160_172,-0.22260511394244187
DMPK,MARCS_160_172,-0.22260511394244187
ERK,MARCS_160_172,-0.22260511394244187
JNK,MARCS_160_172,-0.22260511394244187
MLK,MARCS_160_172,-0.22260511394244187
P38,MARCS_160_172,-0.22260511394244187
PDHK,MARCS_160_172,-0.22260511394244187
PDK1,MARCS_160_172,-0.22260511394244187
PEK,MARCS_160_172,-0.22260511394244187
PKCA,MARCS_160_172,-0.22260511394244187
RAD53,MARCS_160_172,-0.22260511394244187
RIPK,MARCS_160_172,-0.22260511394244187
VRK2,MARCS_160_172,-0.22260511394244187
BARK1,MBP_222_234,-0.23312465690664175
CDK,MBP_222_234,-0.23312465690664175
DYRK,MBP_222_234,-0.23312465690664175
ERK,MBP_222_234,-0.23312465690664175
GSK,MBP_222_234,-0.23312465690664175
JNK,MBP_222_234,-0.23312465690664175
MTOR,MBP_222_234,-0.23312465690664175
PDK1,MBP_222_234,-0.23312465690664175
PEK,MBP_222_234,-0.23312465690664175
VRK2,MBP_222_234,-0.23312465690664175
BARK1,MP2K1_287_299,-0.21530254360460108
CDK,MP2K1_287_299,-0.21530254360460108
DMPK,MP2K1_287_299,-0.21530254360460108
DYRK,MP2K1_287_299,-0.21530254360460108
ERK,MP2K1_287_299,-0.21530254360460108
JNK,MP2K1_287_299,-0.21530254360460108
MAPKAPK,MP2K1_287_299,-0.21530254360460108
P38,MP2K1_287_299,-0.21530254360460108
PAKA,MP2K1_287_299,-0.21530254360460108
PDHK,MP2K1_287_299,-0.21530254360460108
PDK1,MP2K1_287_299,-0.21530254360460108
PEK,MP2K1_287_299,-0.21530254360460108
PHK,MP2K1_287_299,-0.21530254360460108
PIM,MP2K1_287_299,-0.21530254360460108
PKCA,MP2K1_287_299,-0.21530254360460108
PKD,MP2K1_287_299,-0.21530254360460108
STE7,MP2K1_287_299,-0.21530254360460108
VRK2,MP2K1_287_299,-0.21530254360460108
ATR,MPIP1_172_184,-0.11611350724583028
BARK1,MPIP1_172_184,-0.11611350724583028
CHK1,MPIP1_172_184,-0.11611350724583028
DMPK,MPIP1_172_184,-0.11611350724583028
MAPKAPK,MPIP1_172_184,-0.11611350724583028
PHK,MPIP1_172_184,-0.11611350724583028
PIM,MPIP1_172_184,-0.11611350724583028
PKCA,MPIP1_172_184,-0.11611350724583028
PRKDC,MPIP1_172_184,-0.11611350724583028
QIK,MPIP1_172_184,-0.11611350724583028
RAD53,MPIP1_172_184,-0.11611350724583028
RAF,MPIP1_172_184,-0.11611350724583028
RSK,MPIP1_172_184,-0.11611350724583028
VRK2,MPIP1_172_184,-0.11611350724583028
BARK1,MPIP3_208_220,0.00404126378769698
BRSK,MPIP3_208_220,0.00404126378769698
CAMK1,MPIP3_208_220,0.00404126378769698
CDK,MPIP3_208_220,0.00404126378769698
CHK1,MPIP3_208_220,0.00404126378769698
DMPK,MPIP3_208_220,0.00404126378769698
DYRK,MPIP3_208_220,0.00404126378769698
ERK,MPIP3_208_220,0.00404126378769698
IKK,MPIP3_208_220,0.00404126378769698
JNK,MPIP3_208_220,0.00404126378769698
MAPKAPK,MPIP3_208_220,0.00404126378769698
MARK,MPIP3_208_220,0.00404126378769698
MELK,MPIP3_208_220,0.00404126378769698
P38,MPIP3_208_220,0.00404126378769698
PDK1,MPIP3_208_220,0.00404126378769698
PEK,MPIP3_208_220,0.00404126378769698
PHK,MPIP3_208_220,0.00404126378769698
PKCA,MPIP3_208_220,0.00404126378769698
QIK,MPIP3_208_220,0.00404126378769698
RAD53,MPIP3_208_220,0.00404126378769698
RIPK,MPIP3_208_220,0.00404126378769698
VRK2,MPIP3_208_220,0.00404126378769698
AUR,MYPC3_268_280,0.42143052767338673
BARK1,MYPC3_268_280,0.42143052767338673
DMPK,MYPC3_268_280,0.42143052767338673
IKK,MYPC3_268_280,0.42143052767338673
MLK,MYPC3_268_280,0.42143052767338673
MTOR,MYPC3_268_280,0.42143052767338673
PEK,MYPC3_268_280,0.42143052767338673
PHK,MYPC3_268_280,0.42143052767338673
PKA,MYPC3_268_280,0.42143052767338673
PKCA,MYPC3_268_280,0.42143052767338673
PKG,MYPC3_268_280,0.42143052767338673
QIK,MYPC3_268_280,0.42143052767338673
RIPK,MYPC3_268_280,0.42143052767338673
RSK,MYPC3_268_280,0.42143052767338673
VRK2,MYPC3_268_280,0.42143052767338673
BARK1,NCF1_296_308,0.3136668806568152
BARK2,NCF1_296_308,0.3136668806568152
AKT,NCF1_296_308,0.3136668806568152
DMPK,NCF1_296_308,0.3136668806568152
IKK,NCF1_296_308,0.3136668806568152
MELK,NCF1_296_308,0.3136668806568152
NEK,NCF1_296_308,0.3136668806568152
PAKA,NCF1_296_308,0.3136668806568152
PEK,NCF1_296_308,0.3136668806568152
PHK,NCF1_296_308,0.3136668806568152
PIM,NCF1_296_308,0.3136668806568152
PKA,NCF1_296_308,0.3136668806568152
PKCA,NCF1_296_308,0.3136668806568152
PKCD,NCF1_296_308,0.3136668806568152
PKCH,NCF1_296_308,0.3136668806568152
PKCI,NCF1_296_308,0.3136668806568152
PKD,NCF1_296_308,0.3136668806568152
VRK2,NCF1_296_308,0.3136668806568152
AKT,NCF1_321_333,0.42062776699550614
BARK1,NCF1_321_333,0.42062776699550614
DMPK,NCF1_321_333,0.42062776699550614
IRAK,NCF1_321_333,0.42062776699550614
PHK,NCF1_321_333,0.42062776699550614
PKA,NCF1_321_333,0.42062776699550614
PKCA,NCF1_321_333,0.42062776699550614
PKCD,NCF1_321_333,0.42062776699550614
QIK,NCF1_321_333,0.42062776699550614
VRK2,NCF1_321_333,0.42062776699550614
BARK1,NEK2_172_184,-0.1921875641557905
CAMK1,NEK2_172_184,-0.1921875641557905
CAMK2,NEK2_172_184,-0.1921875641557905
CDK,NEK2_172_184,-0.1921875641557905
DYRK,NEK2_172_184,-0.1921875641557905
ERK,NEK2_172_184,-0.1921875641557905
FRAY,NEK2_172_184,-0.1921875641557905
LKB,NEK2_172_184,-0.1921875641557905
MELK,NEK2_172_184,-0.1921875641557905
MST,NEK2_172_184,-0.1921875641557905
MTOR,NEK2_172_184,-0.1921875641557905
NEK,NEK2_172_184,-0.1921875641557905
P38,NEK2_172_184,-0.1921875641557905
PDHK,NEK2_172_184,-0.1921875641557905
PDK1,NEK2_172_184,-0.1921875641557905
PEK,NEK2_172_184,-0.1921875641557905
PKCA,NEK2_172_184,-0.1921875641557905
PKCH,NEK2_172_184,-0.1921875641557905
RSK,NEK2_172_184,-0.1921875641557905
STE11,NEK2_172_184,-0.1921875641557905
STE7,NEK2_172_184,-0.1921875641557905
VRK2,NEK2_172_184,-0.1921875641557905
BARK1,NEK3_158_170,-0.22659736060802277
CAMK2,NEK3_158_170,-0.22659736060802277
DYRK,NEK3_158_170,-0.22659736060802277
ERK,NEK3_158_170,-0.22659736060802277
LKB,NEK3_158_170,-0.22659736060802277
MST,NEK3_158_170,-0.22659736060802277
NEK,NEK3_158_170,-0.22659736060802277
PDHK,NEK3_158_170,-0.22659736060802277
PDK1,NEK3_158_170,-0.22659736060802277
PEK,NEK3_158_170,-0.22659736060802277
PKCH,NEK3_158_170,-0.22659736060802277
STE11,NEK3_158_170,-0.22659736060802277
STE7,NEK3_158_170,-0.22659736060802277
VRK2,NEK3_158_170,-0.22659736060802277
BARK1,NFKB1_330_342,0.4768577707122971
CDK,NFKB1_330_342,0.4768577707122971
DMPK,NFKB1_330_342,0.4768577707122971
IKK,NFKB1_330_342,0.4768577707122971
MAPKAPK,NFKB1_330_342,0.4768577707122971
PAKA,NFKB1_330_342,0.4768577707122971
PDHK,NFKB1_330_342,0.4768577707122971
PEK,NFKB1_330_342,0.4768577707122971
PIM,NFKB1_330_342,0.4768577707122971
PKA,NFKB1_330_342,0.4768577707122971
PKCA,NFKB1_330_342,0.4768577707122971
PKG,NFKB1_330_342,0.4768577707122971
PLK,NFKB1_330_342,0.4768577707122971
STE7,NFKB1_330_342,0.4768577707122971
VRK2,NFKB1_330_342,0.4768577707122971
BARK1,NMDZ1_890_902,0.1765148632255761
AKT,NMDZ1_890_902,0.1765148632255761
AMPK,NMDZ1_890_902,0.1765148632255761
AUR,NMDZ1_890_902,0.1765148632255761
CAMK1,NMDZ1_890_902,0.1765148632255761
CDK,NMDZ1_890_902,0.1765148632255761
CHK1,NMDZ1_890_902,0.1765148632255761
DAPK,NMDZ1_890_902,0.1765148632255761
DMPK,NMDZ1_890_902,0.1765148632255761
FRAY,NMDZ1_890_902,0.1765148632255761
GRK,NMDZ1_890_902,0.1765148632255761
IKK,NMDZ1_890_902,0.1765148632255761
MELK,NMDZ1_890_902,0.1765148632255761
MLK,NMDZ1_890_902,0.1765148632255761
MSN,NMDZ1_890_902,0.1765148632255761
MST,NMDZ1_890_902,0.1765148632255761
MTOR,NMDZ1_890_902,0.1765148632255761
PAKA,NMDZ1_890_902,0.1765148632255761
PDHK,NMDZ1_890_902,0.1765148632255761
PDK1,NMDZ1_890_902,0.1765148632255761
PEK,NMDZ1_890_902,0.1765148632255761
PHK,NMDZ1_890_902,0.1765148632255761
PIM,NMDZ1_890_902,0.1765148632255761
PKA,NMDZ1_890_902,0.1765148632255761
PKCA,NMDZ1_890_902,0.1765148632255761
PKCI,NMDZ1_890_902,0.1765148632255761
PKD,NMDZ1_890_902,0.1765148632255761
PKG,NMDZ1_890_902,0.1765148632255761
PLK,NMDZ1_890_902,0.1765148632255761
QIK,NMDZ1_890_902,0.1765148632255761
RAD53,NMDZ1_890_902,0.1765148632255761
RAF,NMDZ1_890_902,0.1765148632255761
RIPK,NMDZ1_890_902,0.1765148632255761
RSK,NMDZ1_890_902,0.1765148632255761
SGK,NMDZ1_890_902,0.1765148632255761
STE7,NMDZ1_890_902,0.1765148632255761
VRK2,NMDZ1_890_902,0.1765148632255761
AKT,NOS3_1171_1183,0.07719324773936562
AMPK,NOS3_1171_1183,0.07719324773936562
BARK1,NOS3_1171_1183,0.07719324773936562
CDK,NOS3_1171_1183,0.07719324773936562
CK1,NOS3_1171_1183,0.07719324773936562
DMPK,NOS3_1171_1183,0.07719324773936562
MELK,NOS3_1171_1183,0.07719324773936562
PDHK,NOS3_1171_1183,0.07719324773936562
PDK1,NOS3_1171_1183,0.07719324773936562
PEK,NOS3_1171_1183,0.07719324773936562
PHK,NOS3_1171_1183,0.07719324773936562
PIM,NOS3_1171_1183,0.07719324773936562
PKA,NOS3_1171_1183,0.07719324773936562
PKCA,NOS3_1171_1183,0.07719324773936562
PKG,NOS3_1171_1183,0.07719324773936562
QIK,NOS3_1171_1183,0.07719324773936562
RAD53,NOS3_1171_1183,0.07719324773936562
RIPK,NOS3_1171_1183,0.07719324773936562
RSK,NOS3_1171_1183,0.07719324773936562
SGK,NOS3_1171_1183,0.07719324773936562
VRK2,NOS3_1171_1183,0.07719324773936562
AKT,NR4A1_344_356,-0.17807208649656067
BARK1,NR4A1_344_356,-0.17807208649656067
CDK,NR4A1_344_356,-0.17807208649656067
DMPK,NR4A1_344_356,-0.17807208649656067
PHK,NR4A1_344_356,-0.17807208649656067
PIM,NR4A1_344_356,-0.17807208649656067
PKA,NR4A1_344_356,-0.17807208649656067
PKCA,NR4A1_344_356,-0.17807208649656067
RAF,NR4A1_344_356,-0.17807208649656067
RSK,NR4A1_344_356,-0.17807208649656067
VRK2,NR4A1_344_356,-0.17807208649656067
AUR,P53_308_323,-0.1637542830624608
BARK1,P53_308_323,-0.1637542830624608
CAMK1,P53_308_323,-0.1637542830624608
CDK,P53_308_323,-0.1637542830624608
DYRK,P53_308_323,-0.1637542830624608
ERK,P53_308_323,-0.1637542830624608
IKK,P53_308_323,-0.1637542830624608
JNK,P53_308_323,-0.1637542830624608
P38,P53_308_323,-0.1637542830624608
PKCA,P53_308_323,-0.1637542830624608
PLK,P53_308_323,-0.1637542830624608
QIK,P53_308_323,-0.1637542830624608
STE7,P53_308_323,-0.1637542830624608
VRK2,P53_308_323,-0.1637542830624608
AUR,PLEK_106_118,0.11017144779516976
BARK1,PLEK_106_118,0.11017144779516976
CDK,PLEK_106_118,0.11017144779516976
CK1,PLEK_106_118,0.11017144779516976
DMPK,PLEK_106_118,0.11017144779516976
MST,PLEK_106_118,0.11017144779516976
PEK,PLEK_106_118,0.11017144779516976
PKCA,PLEK_106_118,0.11017144779516976
PKCD,PLEK_106_118,0.11017144779516976
PKCH,PLEK_106_118,0.11017144779516976
PLK,PLEK_106_118,0.11017144779516976
VRK2,PLEK_106_118,0.11017144779516976
BARK1,PLM_76_88,0.35751422096728075
CDK,PLM_76_88,0.35751422096728075
DMPK,PLM_76_88,0.35751422096728075
IKK,PLM_76_88,0.35751422096728075
PAKA,PLM_76_88,0.35751422096728075
PDHK,PLM_76_88,0.35751422096728075
PDK1,PLM_76_88,0.35751422096728075
PEK,PLM_76_88,0.35751422096728075
PIM,PLM_76_88,0.35751422096728075
PKA,PLM_76_88,0.35751422096728075
PKCA,PLM_76_88,0.35751422096728075
PKD,PLM_76_88,0.35751422096728075
PKG,PLM_76_88,0.35751422096728075
PLK,PLM_76_88,0.35751422096728075
RAD53,PLM_76_88,0.35751422096728075
RIPK,PLM_76_88,0.35751422096728075
RSK,PLM_76_88,0.35751422096728075
STE7,PLM_76_88,0.35751422096728075
VRK2,PLM_76_88,0.35751422096728075
EGFR,PP2AB_297_309,-0.04207257206780657
CSK,PP2AB_297_309,-0.04207257206780657
TEC,PP2AB_297_309,-0.04207257206780657
PDGFR,PP2AB_297_309,-0.04207257206780657
SYK,PP2AB_297_309,-0.04207257206780657
AXL,PP2AB_297_309,-0.04207257206780657
VEGFR,PP2AB_297_309,-0.04207257206780657
BARK1,PP2AB_297_309,-0.04207257206780657
BARK2,PP2AB_297_309,-0.04207257206780657
CDK,PP2AB_297_309,-0.04207257206780657
DYRK,PP2AB_297_309,-0.04207257206780657
JNK,PP2AB_297_309,-0.04207257206780657
VRK2,PP2AB_297_309,-0.04207257206780657
AKT,PPR1A_28_40,-0.09249897958334805
BARK1,PPR1A_28_40,-0.09249897958334805
CDK,PPR1A_28_40,-0.09249897958334805
DAPK,PPR1A_28_40,-0.09249897958334805
DMPK,PPR1A_28_40,-0.09249897958334805
DYRK,PPR1A_28_40,-0.09249897958334805
GSK,PPR1A_28_40,-0.09249897958334805
JNK,PPR1A_28_40,-0.09249897958334805
P38,PPR1A_28_40,-0.09249897958334805
PDK1,PPR1A_28_40,-0.09249897958334805
PEK,PPR1A_28_40,-0.09249897958334805
PHK,PPR1A_28_40,-0.09249897958334805
PKA,PPR1A_28_40,-0.09249897958334805
RSK,PPR1A_28_40,-0.09249897958334805
VRK2,PPR1A_28_40,-0.09249897958334805
ATR,PRKDC_2618_2630,-0.2717181902657784
BARK1,PRKDC_2618_2630,-0.2717181902657784
BARK2,PRKDC_2618_2630,-0.2717181902657784
CK1,PRKDC_2618_2630,-0.2717181902657784
DMPK,PRKDC_2618_2630,-0.2717181902657784
IKK,PRKDC_2618_2630,-0.2717181902657784
MELK,PRKDC_2618_2630,-0.2717181902657784
MLK,PRKDC_2618_2630,-0.2717181902657784
MTOR,PRKDC_2618_2630,-0.2717181902657784
NEK,PRKDC_2618_2630,-0.2717181902657784
P38,PRKDC_2618_2630,-0.2717181902657784
PHK,PRKDC_2618_2630,-0.2717181902657784
PIM,PRKDC_2618_2630,-0.2717181902657784
PKA,PRKDC_2618_2630,-0.2717181902657784
PKCA,PRKDC_2618_2630,-0.2717181902657784
PKG,PRKDC_2618_2630,-0.2717181902657784
PRKDC,PRKDC_2618_2630,-0.2717181902657784
PLK,PRKDC_2618_2630,-0.2717181902657784
QIK,PRKDC_2618_2630,-0.2717181902657784
SGK,PRKDC_2618_2630,-0.2717181902657784
STE7,PRKDC_2618_2630,-0.2717181902657784
VRK2,PRKDC_2618_2630,-0.2717181902657784
AKT,PTK6_436_448,0.34108052354431173
BARK1,PTK6_436_448,0.34108052354431173
CAMK1,PTK6_436_448,0.34108052354431173
CDK,PTK6_436_448,0.34108052354431173
CK1,PTK6_436_448,0.34108052354431173
DMPK,PTK6_436_448,0.34108052354431173
MAPKAPK,PTK6_436_448,0.34108052354431173
MELK,PTK6_436_448,0.34108052354431173
P38,PTK6_436_448,0.34108052354431173
PAKA,PTK6_436_448,0.34108052354431173
PDHK,PTK6_436_448,0.34108052354431173
PDK1,PTK6_436_448,0.34108052354431173
PEK,PTK6_436_448,0.34108052354431173
PHK,PTK6_436_448,0.34108052354431173
PIM,PTK6_436_448,0.34108052354431173
PKA,PTK6_436_448,0.34108052354431173
PKCA,PTK6_436_448,0.34108052354431173
PKCD,PTK6_436_448,0.34108052354431173
PKCI,PTK6_436_448,0.34108052354431173
PKD,PTK6_436_448,0.34108052354431173
PKG,PTK6_436_448,0.34108052354431173
QIK,PTK6_436_448,0.34108052354431173
RAD53,PTK6_436_448,0.34108052354431173
RSK,PTK6_436_448,0.34108052354431173
STE7,PTK6_436_448,0.34108052354431173
VRK2,PTK6_436_448,0.34108052354431173
BARK1,PTN12_32_44,0.3401844371208688
CDK,PTN12_32_44,0.3401844371208688
DMPK,PTN12_32_44,0.3401844371208688
FRAY,PTN12_32_44,0.3401844371208688
MAPKAPK,PTN12_32_44,0.3401844371208688
MLK,PTN12_32_44,0.3401844371208688
PAKA,PTN12_32_44,0.3401844371208688
PDHK,PTN12_32_44,0.3401844371208688
PEK,PTN12_32_44,0.3401844371208688
PHK,PTN12_32_44,0.3401844371208688
PIM,PTN12_32_44,0.3401844371208688
PKA,PTN12_32_44,0.3401844371208688
PKCA,PTN12_32_44,0.3401844371208688
PKCD,PTN12_32_44,0.3401844371208688
PKD,PTN12_32_44,0.3401844371208688
PKG,PTN12_32_44,0.3401844371208688
QIK,PTN12_32_44,0.3401844371208688
RAD53,PTN12_32_44,0.3401844371208688
RSK,PTN12_32_44,0.3401844371208688
VRK2,PTN12_32_44,0.3401844371208688
BARK1,RADI_559_569,-0.2738483502920131
COT,RADI_559_569,-0.2738483502920131
DMPK,RADI_559_569,-0.2738483502920131
MSN,RADI_559_569,-0.2738483502920131
MST,RADI_559_569,-0.2738483502920131
PHK,RADI_559_569,-0.2738483502920131
PIM,RADI_559_569,-0.2738483502920131
PKCA,RADI_559_569,-0.2738483502920131
SLK,RADI_559_569,-0.2738483502920131
VRK2,RADI_559_569,-0.2738483502920131
AKT,RAF1_253_265,0.00247098707086866
AMPK,RAF1_253_265,0.00247098707086866
BARK1,RAF1_253_265,0.00247098707086866
CAMK1,RAF1_253_265,0.00247098707086866
CDK,RAF1_253_265,0.00247098707086866
DAPK,RAF1_253_265,0.00247098707086866
DMPK,RAF1_253_265,0.00247098707086866
DYRK,RAF1_253_265,0.00247098707086866
ERK,RAF1_253_265,0.00247098707086866
JNK,RAF1_253_265,0.00247098707086866
MAPKAPK,RAF1_253_265,0.00247098707086866
MARK,RAF1_253_265,0.00247098707086866
NDR,RAF1_253_265,0.00247098707086866
P38,RAF1_253_265,0.00247098707086866
PAKA,RAF1_253_265,0.00247098707086866
PDK1,RAF1_253_265,0.00247098707086866
PHK,RAF1_253_265,0.00247098707086866
PKA,RAF1_253_265,0.00247098707086866
PKCA,RAF1_253_265,0.00247098707086866
QIK,RAF1_253_265,0.00247098707086866
RAF,RAF1_253_265,0.00247098707086866
RIPK,RAF1_253_265,0.00247098707086866
RSK,RAF1_253_265,0.00247098707086866
SGK,RAF1_253_265,0.00247098707086866
VRK2,RAF1_253_265,0.00247098707086866
AKT,RAP1B_172_184,-0.09485307123700408
AMPK,RAP1B_172_184,-0.09485307123700408
BARK1,RAP1B_172_184,-0.09485307123700408
CDK,RAP1B_172_184,-0.09485307123700408
DMPK,RAP1B_172_184,-0.09485307123700408
IKK,RAP1B_172_184,-0.09485307123700408
MAPKAPK,RAP1B_172_184,-0.09485307123700408
PDHK,RAP1B_172_184,-0.09485307123700408
PEK,RAP1B_172_184,-0.09485307123700408
PHK,RAP1B_172_184,-0.09485307123700408
PIM,RAP1B_172_184,-0.09485307123700408
PKA,RAP1B_172_184,-0.09485307123700408
PKCA,RAP1B_172_184,-0.09485307123700408
PKG,RAP1B_172_184,-0.09485307123700408
QIK,RAP1B_172_184,-0.09485307123700408
RAD53,RAP1B_172_184,-0.09485307123700408
RSK,RAP1B_172_184,-0.09485307123700408
VRK2,RAP1B_172_184,-0.09485307123700408
BARK1,RBL2_655_667,0.05799794359455923
CDK,RBL2_655_667,0.05799794359455923
CK1,RBL2_655_667,0.05799794359455923
DMPK,RBL2_655_667,0.05799794359455923
DYRK,RBL2_655_667,0.05799794359455923
ERK,RBL2_655_667,0.05799794359455923
FRAY,RBL2_655_667,0.05799794359455923
GSK,RBL2_655_667,0.05799794359455923
IKK,RBL2_655_667,0.05799794359455923
JNK,RBL2_655_667,0.05799794359455923
MAPKAPK,RBL2_655_667,0.05799794359455923
MELK,RBL2_655_667,0.05799794359455923
MTOR,RBL2_655_667,0.05799794359455923
NEK,RBL2_655_667,0.05799794359455923
P38,RBL2_655_667,0.05799794359455923
PDK1,RBL2_655_667,0.05799794359455923
PEK,RBL2_655_667,0.05799794359455923
PHK,RBL2_655_667,0.05799794359455923
PIM,RBL2_655_667,0.05799794359455923
PKCA,RBL2_655_667,0.05799794359455923
PKD,RBL2_655_667,0.05799794359455923
PLK,RBL2_655_667,0.05799794359455923
QIK,RBL2_655_667,0.05799794359455923
RAD53,RBL2_655_667,0.05799794359455923
RAF,RBL2_655_667,0.05799794359455923
RIPK,RBL2_655_667,0.05799794359455923
STE7,RBL2_655_667,0.05799794359455923
VRK2,RBL2_655_667,0.05799794359455923
BARK1,RB_242_254,-0.26529683546031
CDK,RB_242_254,-0.26529683546031
DYRK,RB_242_254,-0.26529683546031
ERK,RB_242_254,-0.26529683546031
IRAK,RB_242_254,-0.26529683546031
P38,RB_242_254,-0.26529683546031
PDK1,RB_242_254,-0.26529683546031
PEK,RB_242_254,-0.26529683546031
PKCA,RB_242_254,-0.26529683546031
PLK,RB_242_254,-0.26529683546031
VRK2,RB_242_254,-0.26529683546031
ATR,RB_350_362,-0.13594237190110517
BARK1,RB_350_362,-0.13594237190110517
CDK,RB_350_362,-0.13594237190110517
DMPK,RB_350_362,-0.13594237190110517
DYRK,RB_350_362,-0.13594237190110517
PDHK,RB_350_362,-0.13594237190110517
PDK1,RB_350_362,-0.13594237190110517
PEK,RB_350_362,-0.13594237190110517
PHK,RB_350_362,-0.13594237190110517
PIM,RB_350_362,-0.13594237190110517
PKCA,RB_350_362,-0.13594237190110517
PRKDC,RB_350_362,-0.13594237190110517
QIK,RB_350_362,-0.13594237190110517
RSK,RB_350_362,-0.13594237190110517
VRK2,RB_350_362,-0.13594237190110517
BARK1,RB_803_815,-0.24385431349665007
CDK,RB_803_815,-0.24385431349665007
CK1,RB_803_815,-0.24385431349665007
DYRK,RB_803_815,-0.24385431349665007
ERK,RB_803_815,-0.24385431349665007
JNK,RB_803_815,-0.24385431349665007
QIK,RB_803_815,-0.24385431349665007
VRK2,RB_803_815,-0.24385431349665007
BARK1,REL_260_272,0.49787717571427
CDK,REL_260_272,0.49787717571427
CK1,REL_260_272,0.49787717571427
DMPK,REL_260_272,0.49787717571427
MAPKAPK,REL_260_272,0.49787717571427
MARK,REL_260_272,0.49787717571427
PAKA,REL_260_272,0.49787717571427
PEK,REL_260_272,0.49787717571427
PIM,REL_260_272,0.49787717571427
PKCA,REL_260_272,0.49787717571427
PKD,REL_260_272,0.49787717571427
PKG,REL_260_272,0.49787717571427
PLK,REL_260_272,0.49787717571427
RSK,REL_260_272,0.49787717571427
STE7,REL_260_272,0.49787717571427
VRK2,REL_260_272,0.49787717571427
AKT,RS6_228_240,0.34069712039737815
BARK1,RS6_228_240,0.34069712039737815
CAMK1,RS6_228_240,0.34069712039737815
CDK,RS6_228_240,0.34069712039737815
DAPK,RS6_228_240,0.34069712039737815
DMPK,RS6_228_240,0.34069712039737815
IKK,RS6_228_240,0.34069712039737815
MAPKAPK,RS6_228_240,0.34069712039737815
MELK,RS6_228_240,0.34069712039737815
PAKA,RS6_228_240,0.34069712039737815
PASK,RS6_228_240,0.34069712039737815
PDHK,RS6_228_240,0.34069712039737815
PEK,RS6_228_240,0.34069712039737815
PHK,RS6_228_240,0.34069712039737815
PIM,RS6_228_240,0.34069712039737815
PKA,RS6_228_240,0.34069712039737815
PKCA,RS6_228_240,0.34069712039737815
PKCD,RS6_228_240,0.34069712039737815
PKCI,RS6_228_240,0.34069712039737815
PKD,RS6_228_240,0.34069712039737815
PKG,RS6_228_240,0.34069712039737815
QIK,RS6_228_240,0.34069712039737815
RIPK,RS6_228_240,0.34069712039737815
RSK,RS6_228_240,0.34069712039737815
SGK,RS6_228_240,0.34069712039737815
VRK2,RS6_228_240,0.34069712039737815
BARK1,RYR1_4317_4329,0.09782049598038758
DMPK,RYR1_4317_4329,0.09782049598038758
PHK,RYR1_4317_4329,0.09782049598038758
PIM,RYR1_4317_4329,0.09782049598038758
PKA,RYR1_4317_4329,0.09782049598038758
PKCA,RYR1_4317_4329,0.09782049598038758
PKCH,RYR1_4317_4329,0.09782049598038758
PKG,RYR1_4317_4329,0.09782049598038758
RSK,RYR1_4317_4329,0.09782049598038758
VRK2,RYR1_4317_4329,0.09782049598038758
BARK1,SCN7A_898_910,0.4708849677349279
DMPK,SCN7A_898_910,0.4708849677349279
HAL,SCN7A_898_910,0.4708849677349279
IKK,SCN7A_898_910,0.4708849677349279
PHK,SCN7A_898_910,0.4708849677349279
PKA,SCN7A_898_910,0.4708849677349279
PKCA,SCN7A_898_910,0.4708849677349279
PKG,SCN7A_898_910,0.4708849677349279
RIPK,SCN7A_898_910,0.4708849677349279
RSK,SCN7A_898_910,0.4708849677349279
VRK2,SCN7A_898_910,0.4708849677349279
AUR,STK6_283_295,0.16436701284490832
BARK1,STK6_283_295,0.16436701284490832
CAMK1,STK6_283_295,0.16436701284490832
CAMK2,STK6_283_295,0.16436701284490832
CDK,STK6_283_295,0.16436701284490832
DMPK,STK6_283_295,0.16436701284490832
FRAY,STK6_283_295,0.16436701284490832
IKK,STK6_283_295,0.16436701284490832
IRAK,STK6_283_295,0.16436701284490832
LKB,STK6_283_295,0.16436701284490832
MELK,STK6_283_295,0.16436701284490832
MLK,STK6_283_295,0.16436701284490832
MTOR,STK6_283_295,0.16436701284490832
NDR,STK6_283_295,0.16436701284490832
NEK,STK6_283_295,0.16436701284490832
PAKA,STK6_283_295,0.16436701284490832
PDHK,STK6_283_295,0.16436701284490832
PDK1,STK6_283_295,0.16436701284490832
PEK,STK6_283_295,0.16436701284490832
PHK,STK6_283_295,0.16436701284490832
PKA,STK6_283_295,0.16436701284490832
PKCA,STK6_283_295,0.16436701284490832
PKCD,STK6_283_295,0.16436701284490832
PLK,STK6_283_295,0.16436701284490832
PRKDC,STK6_283_295,0.16436701284490832
QIK,STK6_283_295,0.16436701284490832
RAD53,STK6_283_295,0.16436701284490832
RSK,STK6_283_295,0.16436701284490832
STE7,STK6_283_295,0.16436701284490832
VRK2,STK6_283_295,0.16436701284490832
AKT,TAU_524_536,-0.3153163269184116
BARK1,TAU_524_536,-0.3153163269184116
CAMK1,TAU_524_536,-0.3153163269184116
CDK,TAU_524_536,-0.3153163269184116
DMPK,TAU_524_536,-0.3153163269184116
DYRK,TAU_524_536,-0.3153163269184116
ERK,TAU_524_536,-0.3153163269184116
GRK,TAU_524_536,-0.3153163269184116
GSK,TAU_524_536,-0.3153163269184116
IKK,TAU_524_536,-0.3153163269184116
JNK,TAU_524_536,-0.3153163269184116
MAPKAPK,TAU_524_536,-0.3153163269184116
MELK,TAU_524_536,-0.3153163269184116
MTOR,TAU_524_536,-0.3153163269184116
P38,TAU_524_536,-0.3153163269184116
PDK1,TAU_524_536,-0.3153163269184116
PEK,TAU_524_536,-0.3153163269184116
PHK,TAU_524_536,-0.3153163269184116
PIM,TAU_524_536,-0.3153163269184116
PKA,TAU_524_536,-0.3153163269184116
PKCA,TAU_524_536,-0.3153163269184116
PKD,TAU_524_536,-0.3153163269184116
PLK,TAU_524_536,-0.3153163269184116
QIK,TAU_524_536,-0.3153163269184116
RAF,TAU_524_536,-0.3153163269184116
RIPK,TAU_524_536,-0.3153163269184116
RSK,TAU_524_536,-0.3153163269184116
SGK,TAU_524_536,-0.3153163269184116
STE11,TAU_524_536,-0.3153163269184116
VRK2,TAU_524_536,-0.3153163269184116
AKT,TOP2A_1463_1475,0.3419635325974906
BARK1,TOP2A_1463_1475,0.3419635325974906
CDK,TOP2A_1463_1475,0.3419635325974906
CK1,TOP2A_1463_1475,0.3419635325974906
CK2,TOP2A_1463_1475,0.3419635325974906
DAPK,TOP2A_1463_1475,0.3419635325974906
DMPK,TOP2A_1463_1475,0.3419635325974906
IKK,TOP2A_1463_1475,0.3419635325974906
MLK,TOP2A_1463_1475,0.3419635325974906
NEK,TOP2A_1463_1475,0.3419635325974906
PAKA,TOP2A_1463_1475,0.3419635325974906
PEK,TOP2A_1463_1475,0.3419635325974906
PHK,TOP2A_1463_1475,0.3419635325974906
PIM,TOP2A_1463_1475,0.3419635325974906
PKA,TOP2A_1463_1475,0.3419635325974906
PKCA,TOP2A_1463_1475,0.3419635325974906
PKG,TOP2A_1463_1475,0.3419635325974906
PLK,TOP2A_1463_1475,0.3419635325974906
QIK,TOP2A_1463_1475,0.3419635325974906
RAD53,TOP2A_1463_1475,0.3419635325974906
RIPK,TOP2A_1463_1475,0.3419635325974906
RSK,TOP2A_1463_1475,0.3419635325974906
VRK2,TOP2A_1463_1475,0.3419635325974906
BARK1,TY3H_65_77,0.5399037122910416
CAMK2,TY3H_65_77,0.5399037122910416
MAPKAPK,TY3H_65_77,0.5399037122910416
PHK,TY3H_65_77,0.5399037122910416
PIM,TY3H_65_77,0.5399037122910416
PKA,TY3H_65_77,0.5399037122910416
PKCA,TY3H_65_77,0.5399037122910416
PKG,TY3H_65_77,0.5399037122910416
QIK,TY3H_65_77,0.5399037122910416
RIPK,TY3H_65_77,0.5399037122910416
RSK,TY3H_65_77,0.5399037122910416
VRK2,TY3H_65_77,0.5399037122910416
BARK1,VASP_150_162,0.4830976477515628
DMPK,VASP_150_162,0.4830976477515628
PHK,VASP_150_162,0.4830976477515628
PIM,VASP_150_162,0.4830976477515628
PKA,VASP_150_162,0.4830976477515628
PKCA,VASP_150_162,0.4830976477515628
PKD,VASP_150_162,0.4830976477515628
PKG,VASP_150_162,0.4830976477515628
RIPK,VASP_150_162,0.4830976477515628
RSK,VASP_150_162,0.4830976477515628
VRK2,VASP_150_162,0.4830976477515628
BARK1,VASP_232_244,-0.0651224462195292
CDK,VASP_232_244,-0.0651224462195292
DMPK,VASP_232_244,-0.0651224462195292
IKK,VASP_232_244,-0.0651224462195292
MAPKAPK,VASP_232_244,-0.0651224462195292
PHK,VASP_232_244,-0.0651224462195292
PIM,VASP_232_244,-0.0651224462195292
PKA,VASP_232_244,-0.0651224462195292
PKCA,VASP_232_244,-0.0651224462195292
PKCH,VASP_232_244,-0.0651224462195292
PKD,VASP_232_244,-0.0651224462195292
PKG,VASP_232_244,-0.0651224462195292
RIPK,VASP_232_244,-0.0651224462195292
RSK,VASP_232_244,-0.0651224462195292
VRK2,VASP_232_244,-0.0651224462195292
AKT,VASP_271_283,0.14553123577235225
ATR,VASP_271_283,0.14553123577235225
AMPK,VASP_271_283,0.14553123577235225
BARK1,VASP_271_283,0.14553123577235225
DMPK,VASP_271_283,0.14553123577235225
IKK,VASP_271_283,0.14553123577235225
PAKA,VASP_271_283,0.14553123577235225
PHK,VASP_271_283,0.14553123577235225
PIM,VASP_271_283,0.14553123577235225
PKA,VASP_271_283,0.14553123577235225
PKG,VASP_271_283,0.14553123577235225
RIPK,VASP_271_283,0.14553123577235225
RSK,VASP_271_283,0.14553123577235225
VRK2,VASP_271_283,0.14553123577235225
AKT,VTNC_390_402,0.41486582067369265
BARK1,VTNC_390_402,0.41486582067369265
CDK,VTNC_390_402,0.41486582067369265
DAPK,VTNC_390_402,0.41486582067369265
DMPK,VTNC_390_402,0.41486582067369265
PDHK,VTNC_390_402,0.41486582067369265
PEK,VTNC_390_402,0.41486582067369265
PHK,VTNC_390_402,0.41486582067369265
PKA,VTNC_390_402,0.41486582067369265
PKCA,VTNC_390_402,0.41486582067369265
QIK,VTNC_390_402,0.41486582067369265
RIPK,VTNC_390_402,0.41486582067369265
RSK,VTNC_390_402,0.41486582067369265
SGK,VTNC_390_402,0.41486582067369265
VRK2,VTNC_390_402,0.41486582067369265
BARK1,ACM1_444_456,-0.22249665355926349
CDK,ACM1_444_456,-0.22249665355926349
CK1,ACM1_444_456,-0.22249665355926349
DAPK,ACM1_444_456,-0.22249665355926349
DMPK,ACM1_444_456,-0.22249665355926349
DYRK,ACM1_444_456,-0.22249665355926349
ERK,ACM1_444_456,-0.22249665355926349
GSK,ACM1_444_456,-0.22249665355926349
IRAK,ACM1_444_456,-0.22249665355926349
JNK,ACM1_444_456,-0.22249665355926349
MLCK,ACM1_444_456,-0.22249665355926349
P38,ACM1_444_456,-0.22249665355926349
PDK1,ACM1_444_456,-0.22249665355926349
PEK,ACM1_444_456,-0.22249665355926349
PHK,ACM1_444_456,-0.22249665355926349
PIM,ACM1_444_456,-0.22249665355926349
PKCA,ACM1_444_456,-0.22249665355926349
RSK,ACM1_444_456,-0.22249665355926349
VRK2,ACM1_444_456,-0.22249665355926349
BARK1,ACM4_456_468,-0.13355713813538994
FRAY,ACM4_456_468,-0.13355713813538994
MELK,ACM4_456_468,-0.13355713813538994
PDHK,ACM4_456_468,-0.13355713813538994
PDK1,ACM4_456_468,-0.13355713813538994
PIM,ACM4_456_468,-0.13355713813538994
PKCA,ACM4_456_468,-0.13355713813538994
PKCH,ACM4_456_468,-0.13355713813538994
VRK2,ACM4_456_468,-0.13355713813538994
BARK1,ADDB_696_708,-0.13225168591134384
CDK,ADDB_696_708,-0.13225168591134384
CK1,ADDB_696_708,-0.13225168591134384
DMPK,ADDB_696_708,-0.13225168591134384
DYRK,ADDB_696_708,-0.13225168591134384
ERK,ADDB_696_708,-0.13225168591134384
GSK,ADDB_696_708,-0.13225168591134384
IKK,ADDB_696_708,-0.13225168591134384
JNK,ADDB_696_708,-0.13225168591134384
MELK,ADDB_696_708,-0.13225168591134384
MST,ADDB_696_708,-0.13225168591134384
NEK,ADDB_696_708,-0.13225168591134384
P38,ADDB_696_708,-0.13225168591134384
PDK1,ADDB_696_708,-0.13225168591134384
PEK,ADDB_696_708,-0.13225168591134384
PKCA,ADDB_696_708,-0.13225168591134384
PKCH,ADDB_696_708,-0.13225168591134384
PLK,ADDB_696_708,-0.13225168591134384
QIK,ADDB_696_708,-0.13225168591134384
RIPK,ADDB_696_708,-0.13225168591134384
STE7,ADDB_696_708,-0.13225168591134384
VRK1,ADDB_696_708,-0.13225168591134384
VRK2,ADDB_696_708,-0.13225168591134384
BARK1,ADDB_706_718,-0.04250907750259593
CDK,ADDB_706_718,-0.04250907750259593
CHK1,ADDB_706_718,-0.04250907750259593
DMPK,ADDB_706_718,-0.04250907750259593
DYRK,ADDB_706_718,-0.04250907750259593
ERK,ADDB_706_718,-0.04250907750259593
JNK,ADDB_706_718,-0.04250907750259593
MAPKAPK,ADDB_706_718,-0.04250907750259593
MST,ADDB_706_718,-0.04250907750259593
NEK,ADDB_706_718,-0.04250907750259593
P38,ADDB_706_718,-0.04250907750259593
PAKA,ADDB_706_718,-0.04250907750259593
PDHK,ADDB_706_718,-0.04250907750259593
PDK1,ADDB_706_718,-0.04250907750259593
PEK,ADDB_706_718,-0.04250907750259593
PHK,ADDB_706_718,-0.04250907750259593
PIM,ADDB_706_718,-0.04250907750259593
PKCA,ADDB_706_718,-0.04250907750259593
PLK,ADDB_706_718,-0.04250907750259593
RAD53,ADDB_706_718,-0.04250907750259593
RSK,ADDB_706_718,-0.04250907750259593
VRK2,ADDB_706_718,-0.04250907750259593
AKT,ADRB2_338_350,0.3890990725073484
BARK1,ADRB2_338_350,0.3890990725073484
CAMK1,ADRB2_338_350,0.3890990725073484
CDK,ADRB2_338_350,0.3890990725073484
CHK1,ADRB2_338_350,0.3890990725073484
DMPK,ADRB2_338_350,0.3890990725073484
GRK,ADRB2_338_350,0.3890990725073484
PAKA,ADRB2_338_350,0.3890990725073484
PKA,ADRB2_338_350,0.3890990725073484
PKCA,ADRB2_338_350,0.3890990725073484
PKCI,ADRB2_338_350,0.3890990725073484
PKG,ADRB2_338_350,0.3890990725073484
RAD53,ADRB2_338_350,0.3890990725073484
RSK,ADRB2_338_350,0.3890990725073484
VRK2,ADRB2_338_350,0.3890990725073484
AKT,ANDR_785_797,0.12974472642205165
ATR,ANDR_785_797,0.12974472642205165
BARK1,ANDR_785_797,0.12974472642205165
DMPK,ANDR_785_797,0.12974472642205165
PHK,ANDR_785_797,0.12974472642205165
PIM,ANDR_785_797,0.12974472642205165
PKA,ANDR_785_797,0.12974472642205165
PKD,ANDR_785_797,0.12974472642205165
RAF,ANDR_785_797,0.12974472642205165
RSK,ANDR_785_797,0.12974472642205165
VRK2,ANDR_785_797,0.12974472642205165
AKT,ANXA1_209_221,0.1113688934241462
BARK1,ANXA1_209_221,0.1113688934241462
DMPK,ANXA1_209_221,0.1113688934241462
PHK,ANXA1_209_221,0.1113688934241462
PKA,ANXA1_209_221,0.1113688934241462
PKCA,ANXA1_209_221,0.1113688934241462
PKG,ANXA1_209_221,0.1113688934241462
RSK,ANXA1_209_221,0.1113688934241462
VRK2,ANXA1_209_221,0.1113688934241462
AMPK,BAD_112_124,0.2165535041421049
BARK1,BAD_112_124,0.2165535041421049
CK1,BAD_112_124,0.2165535041421049
DMPK,BAD_112_124,0.2165535041421049
FRAY,BAD_112_124,0.2165535041421049
IRAK,BAD_112_124,0.2165535041421049
NEK,BAD_112_124,0.2165535041421049
PAKA,BAD_112_124,0.2165535041421049
PDHK,BAD_112_124,0.2165535041421049
PEK,BAD_112_124,0.2165535041421049
PHK,BAD_112_124,0.2165535041421049
PIM,BAD_112_124,0.2165535041421049
PKA,BAD_112_124,0.2165535041421049
PKCA,BAD_112_124,0.2165535041421049
PKCI,BAD_112_124,0.2165535041421049
PKD,BAD_112_124,0.2165535041421049
PKG,BAD_112_124,0.2165535041421049
QIK,BAD_112_124,0.2165535041421049
RAF,BAD_112_124,0.2165535041421049
RSK,BAD_112_124,0.2165535041421049
STE7,BAD_112_124,0.2165535041421049
VRK2,BAD_112_124,0.2165535041421049
AKT,BAD_69_81,-0.2507049490632364
BARK1,BAD_69_81,-0.2507049490632364
CDK,BAD_69_81,-0.2507049490632364
DMPK,BAD_69_81,-0.2507049490632364
ERK,BAD_69_81,-0.2507049490632364
MELK,BAD_69_81,-0.2507049490632364
MTOR,BAD_69_81,-0.2507049490632364
PAKA,BAD_69_81,-0.2507049490632364
PAKB,BAD_69_81,-0.2507049490632364
PDHK,BAD_69_81,-0.2507049490632364
PDK1,BAD_69_81,-0.2507049490632364
PEK,BAD_69_81,-0.2507049490632364
PHK,BAD_69_81,-0.2507049490632364
PIM,BAD_69_81,-0.2507049490632364
PKA,BAD_69_81,-0.2507049490632364
PKCA,BAD_69_81,-0.2507049490632364
PKCI,BAD_69_81,-0.2507049490632364
PKD,BAD_69_81,-0.2507049490632364
PKG,BAD_69_81,-0.2507049490632364
QIK,BAD_69_81,-0.2507049490632364
RAD53,BAD_69_81,-0.2507049490632364
RAF,BAD_69_81,-0.2507049490632364
RSK,BAD_69_81,-0.2507049490632364
SGK,BAD_69_81,-0.2507049490632364
VRK2,BAD_69_81,-0.2507049490632364
AKT,BAD_93_105,-0.03523430110626642
BARK1,BAD_93_105,-0.03523430110626642
DMPK,BAD_93_105,-0.03523430110626642
MAPKAPK,BAD_93_105,-0.03523430110626642
PAKA,BAD_93_105,-0.03523430110626642
PHK,BAD_93_105,-0.03523430110626642
PIM,BAD_93_105,-0.03523430110626642
PKA,BAD_93_105,-0.03523430110626642
PKCA,BAD_93_105,-0.03523430110626642
PKCI,BAD_93_105,-0.03523430110626642
PKD,BAD_93_105,-0.03523430110626642
PKG,BAD_93_105,-0.03523430110626642
QIK,BAD_93_105,-0.03523430110626642
RAF,BAD_93_105,-0.03523430110626642
RSK,BAD_93_105,-0.03523430110626642
SGK,BAD_93_105,-0.03523430110626642
VRK2,BAD_93_105,-0.03523430110626642
AKT,BCKD_45_57,-0.03877511172333688
BARK1,BCKD_45_57,-0.03877511172333688
CDK,BCKD_45_57,-0.03877511172333688
DMPK,BCKD_45_57,-0.03877511172333688
FRAY,BCKD_45_57,-0.03877511172333688
GRK,BCKD_45_57,-0.03877511172333688
IKK,BCKD_45_57,-0.03877511172333688
MAPKAPK,BCKD_45_57,-0.03877511172333688
MELK,BCKD_45_57,-0.03877511172333688
MLCK,BCKD_45_57,-0.03877511172333688
MST,BCKD_45_57,-0.03877511172333688
PAKA,BCKD_45_57,-0.03877511172333688
PDHK,BCKD_45_57,-0.03877511172333688
PDK1,BCKD_45_57,-0.03877511172333688
PEK,BCKD_45_57,-0.03877511172333688
PHK,BCKD_45_57,-0.03877511172333688
PIM,BCKD_45_57,-0.03877511172333688
PKA,BCKD_45_57,-0.03877511172333688
PKCA,BCKD_45_57,-0.03877511172333688
PKG,BCKD_45_57,-0.03877511172333688
PLK,BCKD_45_57,-0.03877511172333688
QIK,BCKD_45_57,-0.03877511172333688
RSK,BCKD_45_57,-0.03877511172333688
SGK,BCKD_45_57,-0.03877511172333688
STE7,BCKD_45_57,-0.03877511172333688
VRK2,BCKD_45_57,-0.03877511172333688
BARK1,CAC1C_1974_1986,0.4057131062407319
CAMK1,CAC1C_1974_1986,0.4057131062407319
MAPKAPK,CAC1C_1974_1986,0.4057131062407319
PDHK,CAC1C_1974_1986,0.4057131062407319
PHK,CAC1C_1974_1986,0.4057131062407319
PIM,CAC1C_1974_1986,0.4057131062407319
PKCA,CAC1C_1974_1986,0.4057131062407319
PKD,CAC1C_1974_1986,0.4057131062407319
PKG,CAC1C_1974_1986,0.4057131062407319
QIK,CAC1C_1974_1986,0.4057131062407319
RAD53,CAC1C_1974_1986,0.4057131062407319
RIPK,CAC1C_1974_1986,0.4057131062407319
RSK,CAC1C_1974_1986,0.4057131062407319
VRK2,CAC1C_1974_1986,0.4057131062407319
AKT,CD27_212_224,-0.06525150045176531
BARK1,CD27_212_224,-0.06525150045176531
CDK,CD27_212_224,-0.06525150045176531
DMPK,CD27_212_224,-0.06525150045176531
ERK,CD27_212_224,-0.06525150045176531
IKK,CD27_212_224,-0.06525150045176531
JNK,CD27_212_224,-0.06525150045176531
P38,CD27_212_224,-0.06525150045176531
PDHK,CD27_212_224,-0.06525150045176531
PEK,CD27_212_224,-0.06525150045176531
PHK,CD27_212_224,-0.06525150045176531
PIM,CD27_212_224,-0.06525150045176531
PKCA,CD27_212_224,-0.06525150045176531
PKD,CD27_212_224,-0.06525150045176531
QIK,CD27_212_224,-0.06525150045176531
RSK,CD27_212_224,-0.06525150045176531
VRK2,CD27_212_224,-0.06525150045176531
BARK1,CDC2_154_169,-0.07579873731504114
CDK,CDC2_154_169,-0.07579873731504114
COT,CDC2_154_169,-0.07579873731504114
PEK,CDC2_154_169,-0.07579873731504114
PKG,CDC2_154_169,-0.07579873731504114
RSK,CDC2_154_169,-0.07579873731504114
STE7,CDC2_154_169,-0.07579873731504114
VRK2,CDC2_154_169,-0.07579873731504114
BARK1,CDK7_163_175,-0.00121789993399268
CDK,CDK7_163_175,-0.00121789993399268
DMPK,CDK7_163_175,-0.00121789993399268
DYRK,CDK7_163_175,-0.00121789993399268
FRAY,CDK7_163_175,-0.00121789993399268
JNK,CDK7_163_175,-0.00121789993399268
MAPKAPK,CDK7_163_175,-0.00121789993399268
MST,CDK7_163_175,-0.00121789993399268
MTOR,CDK7_163_175,-0.00121789993399268
P38,CDK7_163_175,-0.00121789993399268
PDK1,CDK7_163_175,-0.00121789993399268
PEK,CDK7_163_175,-0.00121789993399268
PHK,CDK7_163_175,-0.00121789993399268
PIM,CDK7_163_175,-0.00121789993399268
PKCA,CDK7_163_175,-0.00121789993399268
PKCI,CDK7_163_175,-0.00121789993399268
PRKDC,CDK7_163_175,-0.00121789993399268
QIK,CDK7_163_175,-0.00121789993399268
STE7,CDK7_163_175,-0.00121789993399268
VRK2,CDK7_163_175,-0.00121789993399268
AKT,CDN1A_139_151,0.16496463566532724
BARK1,CDN1A_139_151,0.16496463566532724
CDK,CDN1A_139_151,0.16496463566532724
DAPK,CDN1A_139_151,0.16496463566532724
DMPK,CDN1A_139_151,0.16496463566532724
IKK,CDN1A_139_151,0.16496463566532724
MELK,CDN1A_139_151,0.16496463566532724
NDR,CDN1A_139_151,0.16496463566532724
PEK,CDN1A_139_151,0.16496463566532724
PHK,CDN1A_139_151,0.16496463566532724
PIM,CDN1A_139_151,0.16496463566532724
PKCA,CDN1A_139_151,0.16496463566532724
PKD,CDN1A_139_151,0.16496463566532724
RIPK,CDN1A_139_151,0.16496463566532724
RSK,CDN1A_139_151,0.16496463566532724
STE7,CDN1A_139_151,0.16496463566532724
VRK2,CDN1A_139_151,0.16496463566532724
AUR,CENPA_1_14,0.03404654201166727
BARK1,CENPA_1_14,0.03404654201166727
DMPK,CENPA_1_14,0.03404654201166727
MAPKAPK,CENPA_1_14,0.03404654201166727
PIM,CENPA_1_14,0.03404654201166727
PKCA,CENPA_1_14,0.03404654201166727
PKG,CENPA_1_14,0.03404654201166727
VRK2,CENPA_1_14,0.03404654201166727
AMPK,CFTR_730_742,0.511647861095652
BARK1,CFTR_730_742,0.511647861095652
CAMK2,CFTR_730_742,0.511647861095652
CDK,CFTR_730_742,0.511647861095652
DAPK,CFTR_730_742,0.511647861095652
DYRK,CFTR_730_742,0.511647861095652
GRK,CFTR_730_742,0.511647861095652
IKK,CFTR_730_742,0.511647861095652
MAPKAPK,CFTR_730_742,0.511647861095652
PAKA,CFTR_730_742,0.511647861095652
PDHK,CFTR_730_742,0.511647861095652
PEK,CFTR_730_742,0.511647861095652
PHK,CFTR_730_742,0.511647861095652
PKA,CFTR_730_742,0.511647861095652
PKCA,CFTR_730_742,0.511647861095652
PKD,CFTR_730_742,0.511647861095652
PKG,CFTR_730_742,0.511647861095652
QIK,CFTR_730_742,0.511647861095652
RAD53,CFTR_730_742,0.511647861095652
RSK,CFTR_730_742,0.511647861095652
VRK2,CFTR_730_742,0.511647861095652
AKT,CGHB_109_121,0.22684549468162304
BARK1,CGHB_109_121,0.22684549468162304
CAMK2,CGHB_109_121,0.22684549468162304
DMPK,CGHB_109_121,0.22684549468162304
IKK,CGHB_109_121,0.22684549468162304
MTOR,CGHB_109_121,0.22684549468162304
PDHK,CGHB_109_121,0.22684549468162304
PDK1,CGHB_109_121,0.22684549468162304
PEK,CGHB_109_121,0.22684549468162304
PKA,CGHB_109_121,0.22684549468162304
PKCA,CGHB_109_121,0.22684549468162304
PKG,CGHB_109_121,0.22684549468162304
RSK,CGHB_109_121,0.22684549468162304
VRK2,CGHB_109_121,0.22684549468162304
AMPK,CREB1_126_138,0.29522866708972967
ATM,CREB1_126_138,0.29522866708972967
BARK1,CREB1_126_138,0.29522866708972967
CAMK1,CREB1_126_138,0.29522866708972967
CAMK2,CREB1_126_138,0.29522866708972967
COT,CREB1_126_138,0.29522866708972967
DMPK,CREB1_126_138,0.29522866708972967
DYRK,CREB1_126_138,0.29522866708972967
GSK,CREB1_126_138,0.29522866708972967
MAPKAPK,CREB1_126_138,0.29522866708972967
PDHK,CREB1_126_138,0.29522866708972967
PHK,CREB1_126_138,0.29522866708972967
PIM,CREB1_126_138,0.29522866708972967
PKA,CREB1_126_138,0.29522866708972967
PKCA,CREB1_126_138,0.29522866708972967
PKCD,CREB1_126_138,0.29522866708972967
PKCH,CREB1_126_138,0.29522866708972967
PKD,CREB1_126_138,0.29522866708972967
QIK,CREB1_126_138,0.29522866708972967
RAD53,CREB1_126_138,0.29522866708972967
RSK,CREB1_126_138,0.29522866708972967
SGK,CREB1_126_138,0.29522866708972967
VRK2,CREB1_126_138,0.29522866708972967
AMPK,CSF1R_701_713,0.338872347655179
BARK1,CSF1R_701_713,0.338872347655179
CDK,CSF1R_701_713,0.338872347655179
CK1,CSF1R_701_713,0.338872347655179
DMPK,CSF1R_701_713,0.338872347655179
PDHK,CSF1R_701_713,0.338872347655179
PEK,CSF1R_701_713,0.338872347655179
PIM,CSF1R_701_713,0.338872347655179
PKA,CSF1R_701_713,0.338872347655179
PKCA,CSF1R_701_713,0.338872347655179
PKG,CSF1R_701_713,0.338872347655179
RSK,CSF1R_701_713,0.338872347655179
VRK2,CSF1R_701_713,0.338872347655179
AMPK,DESP_2842_2854,0.34316453917916656
BARK1,DESP_2842_2854,0.34316453917916656
CAMK1,DESP_2842_2854,0.34316453917916656
CDK,DESP_2842_2854,0.34316453917916656
CK1,DESP_2842_2854,0.34316453917916656
DMPK,DESP_2842_2854,0.34316453917916656
GSK,DESP_2842_2854,0.34316453917916656
IKK,DESP_2842_2854,0.34316453917916656
MAPKAPK,DESP_2842_2854,0.34316453917916656
P38,DESP_2842_2854,0.34316453917916656
PDHK,DESP_2842_2854,0.34316453917916656
PDK1,DESP_2842_2854,0.34316453917916656
PEK,DESP_2842_2854,0.34316453917916656
PHK,DESP_2842_2854,0.34316453917916656
PIM,DESP_2842_2854,0.34316453917916656
PKA,DESP_2842_2854,0.34316453917916656
PKCA,DESP_2842_2854,0.34316453917916656
PKG,DESP_2842_2854,0.34316453917916656
QIK,DESP_2842_2854,0.34316453917916656
RIPK,DESP_2842_2854,0.34316453917916656
RSK,DESP_2842_2854,0.34316453917916656
SGK,DESP_2842_2854,0.34316453917916656
STE11,DESP_2842_2854,0.34316453917916656
STE7,DESP_2842_2854,0.34316453917916656
VRK2,DESP_2842_2854,0.34316453917916656
BARK1,EPB42_241_253,0.2584573835125834
DMPK,EPB42_241_253,0.2584573835125834
PHK,EPB42_241_253,0.2584573835125834
PIM,EPB42_241_253,0.2584573835125834
PKA,EPB42_241_253,0.2584573835125834
PKCA,EPB42_241_253,0.2584573835125834
PKG,EPB42_241_253,0.2584573835125834
RAD53,EPB42_241_253,0.2584573835125834
RSK,EPB42_241_253,0.2584573835125834
VRK2,EPB42_241_253,0.2584573835125834
BARK1,ERBB2_679_691,0.00165614642002864
DMPK,ERBB2_679_691,0.00165614642002864
PHK,ERBB2_679_691,0.00165614642002864
PIM,ERBB2_679_691,0.00165614642002864
PKA,ERBB2_679_691,0.00165614642002864
PKCA,ERBB2_679_691,0.00165614642002864
PKCD,ERBB2_679_691,0.00165614642002864
PKCH,ERBB2_679_691,0.00165614642002864
PKG,ERBB2_679_691,0.00165614642002864
RSK,ERBB2_679_691,0.00165614642002864
VRK2,ERBB2_679_691,0.00165614642002864
BARK1,ERF_519_531,-0.08856530582498016
CDK,ERF_519_531,-0.08856530582498016
CHK1,ERF_519_531,-0.08856530582498016
DAPK,ERF_519_531,-0.08856530582498016
DMPK,ERF_519_531,-0.08856530582498016
DYRK,ERF_519_531,-0.08856530582498016
ERK,ERF_519_531,-0.08856530582498016
IRAK,ERF_519_531,-0.08856530582498016
MST,ERF_519_531,-0.08856530582498016
P38,ERF_519_531,-0.08856530582498016
PDK1,ERF_519_531,-0.08856530582498016
PEK,ERF_519_531,-0.08856530582498016
PIM,ERF_519_531,-0.08856530582498016
PKA,ERF_519_531,-0.08856530582498016
PKCA,ERF_519_531,-0.08856530582498016
PKG,ERF_519_531,-0.08856530582498016
RAD53,ERF_519_531,-0.08856530582498016
RSK,ERF_519_531,-0.08856530582498016
VRK2,ERF_519_531,-0.08856530582498016
AKT,ESR1_160_172,0.17695707888924872
AUR,ESR1_160_172,0.17695707888924872
BARK1,ESR1_160_172,0.17695707888924872
CK2,ESR1_160_172,0.17695707888924872
DMPK,ESR1_160_172,0.17695707888924872
IKK,ESR1_160_172,0.17695707888924872
PEK,ESR1_160_172,0.17695707888924872
PHK,ESR1_160_172,0.17695707888924872
PIM,ESR1_160_172,0.17695707888924872
PKCA,ESR1_160_172,0.17695707888924872
RSK,ESR1_160_172,0.17695707888924872
STE11,ESR1_160_172,0.17695707888924872
STE7,ESR1_160_172,0.17695707888924872
VRK2,ESR1_160_172,0.17695707888924872
BARK1,FIBA_569_581,-0.13083756982136813
CDK,FIBA_569_581,-0.13083756982136813
CK1,FIBA_569_581,-0.13083756982136813
DAPK,FIBA_569_581,-0.13083756982136813
DMPK,FIBA_569_581,-0.13083756982136813
ERK,FIBA_569_581,-0.13083756982136813
GSK,FIBA_569_581,-0.13083756982136813
HAL,FIBA_569_581,-0.13083756982136813
IKK,FIBA_569_581,-0.13083756982136813
JNK,FIBA_569_581,-0.13083756982136813
MLCK,FIBA_569_581,-0.13083756982136813
MST,FIBA_569_581,-0.13083756982136813
PDHK,FIBA_569_581,-0.13083756982136813
PEK,FIBA_569_581,-0.13083756982136813
PHK,FIBA_569_581,-0.13083756982136813
PIM,FIBA_569_581,-0.13083756982136813
PKA,FIBA_569_581,-0.13083756982136813
PKCA,FIBA_569_581,-0.13083756982136813
PKG,FIBA_569_581,-0.13083756982136813
PLK,FIBA_569_581,-0.13083756982136813
QIK,FIBA_569_581,-0.13083756982136813
RAF,FIBA_569_581,-0.13083756982136813
RIPK,FIBA_569_581,-0.13083756982136813
RSK,FIBA_569_581,-0.13083756982136813
SGK,FIBA_569_581,-0.13083756982136813
STE7,FIBA_569_581,-0.13083756982136813
VRK2,FIBA_569_581,-0.13083756982136813
AKT,FOXO3_25_37,-0.17899757536641658
BARK1,FOXO3_25_37,-0.17899757536641658
CDK,FOXO3_25_37,-0.17899757536641658
ERK,FOXO3_25_37,-0.17899757536641658
MAPKAPK,FOXO3_25_37,-0.17899757536641658
P38,FOXO3_25_37,-0.17899757536641658
PHK,FOXO3_25_37,-0.17899757536641658
PIM,FOXO3_25_37,-0.17899757536641658
PKCA,FOXO3_25_37,-0.17899757536641658
QIK,FOXO3_25_37,-0.17899757536641658
RAF,FOXO3_25_37,-0.17899757536641658
RSK,FOXO3_25_37,-0.17899757536641658
SGK,FOXO3_25_37,-0.17899757536641658
VRK2,FOXO3_25_37,-0.17899757536641658
AKT,FRAP_2443_2455,0.02812007410934867
AMPK,FRAP_2443_2455,0.02812007410934867
BARK1,FRAP_2443_2455,0.02812007410934867
CK1,FRAP_2443_2455,0.02812007410934867
DAPK,FRAP_2443_2455,0.02812007410934867
DMPK,FRAP_2443_2455,0.02812007410934867
MAPKAPK,FRAP_2443_2455,0.02812007410934867
MELK,FRAP_2443_2455,0.02812007410934867
MLK,FRAP_2443_2455,0.02812007410934867
MSN,FRAP_2443_2455,0.02812007410934867
MTOR,FRAP_2443_2455,0.02812007410934867
NEK,FRAP_2443_2455,0.02812007410934867
PDHK,FRAP_2443_2455,0.02812007410934867
PDK1,FRAP_2443_2455,0.02812007410934867
PEK,FRAP_2443_2455,0.02812007410934867
PHK,FRAP_2443_2455,0.02812007410934867
PIM,FRAP_2443_2455,0.02812007410934867
PKA,FRAP_2443_2455,0.02812007410934867
PKCA,FRAP_2443_2455,0.02812007410934867
QIK,FRAP_2443_2455,0.02812007410934867
RSK,FRAP_2443_2455,0.02812007410934867
SGK,FRAP_2443_2455,0.02812007410934867
TAO,FRAP_2443_2455,0.02812007410934867
VRK2,FRAP_2443_2455,0.02812007410934867
AKT,GPR6_349_361,0.01161101820034606
BARK1,GPR6_349_361,0.01161101820034606
CDK,GPR6_349_361,0.01161101820034606
CK1,GPR6_349_361,0.01161101820034606
DMPK,GPR6_349_361,0.01161101820034606
DYRK,GPR6_349_361,0.01161101820034606
ERK,GPR6_349_361,0.01161101820034606
IKK,GPR6_349_361,0.01161101820034606
JNK,GPR6_349_361,0.01161101820034606
MAPKAPK,GPR6_349_361,0.01161101820034606
MELK,GPR6_349_361,0.01161101820034606
P38,GPR6_349_361,0.01161101820034606
PDK1,GPR6_349_361,0.01161101820034606
PEK,GPR6_349_361,0.01161101820034606
PHK,GPR6_349_361,0.01161101820034606
PKCA,GPR6_349_361,0.01161101820034606
QIK,GPR6_349_361,0.01161101820034606
RAF,GPR6_349_361,0.01161101820034606
RSK,GPR6_349_361,0.01161101820034606
SGK,GPR6_349_361,0.01161101820034606
VRK2,GPR6_349_361,0.01161101820034606
AMPK,GPSM2_394_406,0.3662770898088012
BARK1,GPSM2_394_406,0.3662770898088012
CAMK1,GPSM2_394_406,0.3662770898088012
CHK1,GPSM2_394_406,0.3662770898088012
DMPK,GPSM2_394_406,0.3662770898088012
IKK,GPSM2_394_406,0.3662770898088012
MAPKAPK,GPSM2_394_406,0.3662770898088012
MARK,GPSM2_394_406,0.3662770898088012
PHK,GPSM2_394_406,0.3662770898088012
PKCA,GPSM2_394_406,0.3662770898088012
PKD,GPSM2_394_406,0.3662770898088012
VRK2,GPSM2_394_406,0.3662770898088012
BARK1,GSUB_61_73,-0.1243710760552649
CDK,GSUB_61_73,-0.1243710760552649
DAPK,GSUB_61_73,-0.1243710760552649
DMPK,GSUB_61_73,-0.1243710760552649
DYRK,GSUB_61_73,-0.1243710760552649
ERK,GSUB_61_73,-0.1243710760552649
PDK1,GSUB_61_73,-0.1243710760552649
PHK,GSUB_61_73,-0.1243710760552649
PKA,GSUB_61_73,-0.1243710760552649
PKG,GSUB_61_73,-0.1243710760552649
PLK,GSUB_61_73,-0.1243710760552649
VRK2,GSUB_61_73,-0.1243710760552649
AKT,GYS2_1_13,-0.19815611722329804
BARK1,GYS2_1_13,-0.19815611722329804
CDK,GYS2_1_13,-0.19815611722329804
DMPK,GYS2_1_13,-0.19815611722329804
IKK,GYS2_1_13,-0.19815611722329804
MAPKAPK,GYS2_1_13,-0.19815611722329804
MTOR,GYS2_1_13,-0.19815611722329804
PEK,GYS2_1_13,-0.19815611722329804
PHK,GYS2_1_13,-0.19815611722329804
PKA,GYS2_1_13,-0.19815611722329804
PKCA,GYS2_1_13,-0.19815611722329804
QIK,GYS2_1_13,-0.19815611722329804
RSK,GYS2_1_13,-0.19815611722329804
SGK,GYS2_1_13,-0.19815611722329804
VRK2,GYS2_1_13,-0.19815611722329804
AKT,H2B1B_ 27_40,-0.04057686946366819
AMPK,H2B1B_ 27_40,-0.04057686946366819
BARK1,H2B1B_ 27_40,-0.04057686946366819
CAMK1,H2B1B_ 27_40,-0.04057686946366819
CDK,H2B1B_ 27_40,-0.04057686946366819
COT,H2B1B_ 27_40,-0.04057686946366819
DAPK,H2B1B_ 27_40,-0.04057686946366819
DMPK,H2B1B_ 27_40,-0.04057686946366819
IKK,H2B1B_ 27_40,-0.04057686946366819
MLK,H2B1B_ 27_40,-0.04057686946366819
MST,H2B1B_ 27_40,-0.04057686946366819
PAKA,H2B1B_ 27_40,-0.04057686946366819
PAKB,H2B1B_ 27_40,-0.04057686946366819
PDHK,H2B1B_ 27_40,-0.04057686946366819
PEK,H2B1B_ 27_40,-0.04057686946366819
PHK,H2B1B_ 27_40,-0.04057686946366819
PIM,H2B1B_ 27_40,-0.04057686946366819
PKA,H2B1B_ 27_40,-0.04057686946366819
PKCA,H2B1B_ 27_40,-0.04057686946366819
PKCH,H2B1B_ 27_40,-0.04057686946366819
PKD,H2B1B_ 27_40,-0.04057686946366819
PKG,H2B1B_ 27_40,-0.04057686946366819
PLK,H2B1B_ 27_40,-0.04057686946366819
QIK,H2B1B_ 27_40,-0.04057686946366819
RAD53,H2B1B_ 27_40,-0.04057686946366819
RSK,H2B1B_ 27_40,-0.04057686946366819
SGK,H2B1B_ 27_40,-0.04057686946366819
VRK2,H2B1B_ 27_40,-0.04057686946366819
AMPK,H32_3_18,-0.01026681376925136
ATR,H32_3_18,-0.01026681376925136
AUR,H32_3_18,-0.01026681376925136
BARK1,H32_3_18,-0.01026681376925136
DAPK,H32_3_18,-0.01026681376925136
DMPK,H32_3_18,-0.01026681376925136
DYRK,H32_3_18,-0.01026681376925136
MLK,H32_3_18,-0.01026681376925136
MST,H32_3_18,-0.01026681376925136
MTOR,H32_3_18,-0.01026681376925136
PHK,H32_3_18,-0.01026681376925136
PIM,H32_3_18,-0.01026681376925136
PKCA,H32_3_18,-0.01026681376925136
PKCD,H32_3_18,-0.01026681376925136
PRKDC,H32_3_18,-0.01026681376925136
QIK,H32_3_18,-0.01026681376925136
RAD53,H32_3_18,-0.01026681376925136
RSK,H32_3_18,-0.01026681376925136
STE7,H32_3_18,-0.01026681376925136
VRK1,H32_3_18,-0.01026681376925136
VRK2,H32_3_18,-0.01026681376925136
BARK1,IF4E_203_215,-0.1928563709568388
CDK,IF4E_203_215,-0.1928563709568388
DMPK,IF4E_203_215,-0.1928563709568388
ERK,IF4E_203_215,-0.1928563709568388
GRK,IF4E_203_215,-0.1928563709568388
IKK,IF4E_203_215,-0.1928563709568388
LKB,IF4E_203_215,-0.1928563709568388
MAPKAPK,IF4E_203_215,-0.1928563709568388
MLK,IF4E_203_215,-0.1928563709568388
P38,IF4E_203_215,-0.1928563709568388
PEK,IF4E_203_215,-0.1928563709568388
PKCA,IF4E_203_215,-0.1928563709568388
QIK,IF4E_203_215,-0.1928563709568388
RIPK,IF4E_203_215,-0.1928563709568388
STKR,IF4E_203_215,-0.1928563709568388
VRK1,IF4E_203_215,-0.1928563709568388
VRK2,IF4E_203_215,-0.1928563709568388
BARK1,KAP2_92_104,0.3635282883363032
CDK,KAP2_92_104,0.3635282883363032
CK2,KAP2_92_104,0.3635282883363032
DMPK,KAP2_92_104,0.3635282883363032
ERK,KAP2_92_104,0.3635282883363032
GSK,KAP2_92_104,0.3635282883363032
MAPKAPK,KAP2_92_104,0.3635282883363032
PDHK,KAP2_92_104,0.3635282883363032
PEK,KAP2_92_104,0.3635282883363032
PHK,KAP2_92_104,0.3635282883363032
PIM,KAP2_92_104,0.3635282883363032
PKA,KAP2_92_104,0.3635282883363032
PKCA,KAP2_92_104,0.3635282883363032
PKD,KAP2_92_104,0.3635282883363032
PKG,KAP2_92_104,0.3635282883363032
QIK,KAP2_92_104,0.3635282883363032
RIPK,KAP2_92_104,0.3635282883363032
RSK,KAP2_92_104,0.3635282883363032
VRK2,KAP2_92_104,0.3635282883363032
AKT,KAP3_107_119,0.4373902244222461
AUR,KAP3_107_119,0.4373902244222461
BARK1,KAP3_107_119,0.4373902244222461
DMPK,KAP3_107_119,0.4373902244222461
MAPKAPK,KAP3_107_119,0.4373902244222461
PDHK,KAP3_107_119,0.4373902244222461
PHK,KAP3_107_119,0.4373902244222461
PKA,KAP3_107_119,0.4373902244222461
PKCA,KAP3_107_119,0.4373902244222461
RIPK,KAP3_107_119,0.4373902244222461
VRK2,KAP3_107_119,0.4373902244222461
BARK1,KAPCG_192_206,0.020216068004746
CAMK2,KAPCG_192_206,0.020216068004746
CDK,KAPCG_192_206,0.020216068004746
DMPK,KAPCG_192_206,0.020216068004746
DYRK,KAPCG_192_206,0.020216068004746
ERK,KAPCG_192_206,0.020216068004746
GSK,KAPCG_192_206,0.020216068004746
IKK,KAPCG_192_206,0.020216068004746
IRAK,KAPCG_192_206,0.020216068004746
LKB,KAPCG_192_206,0.020216068004746
MELK,KAPCG_192_206,0.020216068004746
MST,KAPCG_192_206,0.020216068004746
MTOR,KAPCG_192_206,0.020216068004746
PDHK,KAPCG_192_206,0.020216068004746
PDK1,KAPCG_192_206,0.020216068004746
PHK,KAPCG_192_206,0.020216068004746
PIM,KAPCG_192_206,0.020216068004746
PKCH,KAPCG_192_206,0.020216068004746
VRK2,KAPCG_192_206,0.020216068004746
BARK1,KCC2G_278_289,0.02400131196717906
CAMK2,KCC2G_278_289,0.02400131196717906
CDK,KCC2G_278_289,0.02400131196717906
CK1,KCC2G_278_289,0.02400131196717906
MAPKAPK,KCC2G_278_289,0.02400131196717906
MELK,KCC2G_278_289,0.02400131196717906
MLCK,KCC2G_278_289,0.02400131196717906
PEK,KCC2G_278_289,0.02400131196717906
PHK,KCC2G_278_289,0.02400131196717906
PIM,KCC2G_278_289,0.02400131196717906
PKCA,KCC2G_278_289,0.02400131196717906
PKCI,KCC2G_278_289,0.02400131196717906
PLK,KCC2G_278_289,0.02400131196717906
QIK,KCC2G_278_289,0.02400131196717906
RSK,KCC2G_278_289,0.02400131196717906
SGK,KCC2G_278_289,0.02400131196717906
VRK2,KCC2G_278_289,0.02400131196717906
AKT,KCNA1_438_450,0.49038575483436464
AMPK,KCNA1_438_450,0.49038575483436464
BARK1,KCNA1_438_450,0.49038575483436464
CAMK1,KCNA1_438_450,0.49038575483436464
CDK,KCNA1_438_450,0.49038575483436464
CK1,KCNA1_438_450,0.49038575483436464
DAPK,KCNA1_438_450,0.49038575483436464
DMPK,KCNA1_438_450,0.49038575483436464
ERK,KCNA1_438_450,0.49038575483436464
GRK,KCNA1_438_450,0.49038575483436464
IKK,KCNA1_438_450,0.49038575483436464
JNK,KCNA1_438_450,0.49038575483436464
MAPKAPK,KCNA1_438_450,0.49038575483436464
MELK,KCNA1_438_450,0.49038575483436464
NEK,KCNA1_438_450,0.49038575483436464
P38,KCNA1_438_450,0.49038575483436464
PDHK,KCNA1_438_450,0.49038575483436464
PEK,KCNA1_438_450,0.49038575483436464
PHK,KCNA1_438_450,0.49038575483436464
PKA,KCNA1_438_450,0.49038575483436464
PKCA,KCNA1_438_450,0.49038575483436464
PKD,KCNA1_438_450,0.49038575483436464
PLK,KCNA1_438_450,0.49038575483436464
QIK,KCNA1_438_450,0.49038575483436464
RAD53,KCNA1_438_450,0.49038575483436464
RIPK,KCNA1_438_450,0.49038575483436464
RSK,KCNA1_438_450,0.49038575483436464
SGK,KCNA1_438_450,0.49038575483436464
STE7,KCNA1_438_450,0.49038575483436464
STKR,KCNA1_438_450,0.49038575483436464
VRK2,KCNA1_438_450,0.49038575483436464
AKT,KCNA2_442_454,0.152395729585287
AMPK,KCNA2_442_454,0.152395729585287
BARK1,KCNA2_442_454,0.152395729585287
CAMK1,KCNA2_442_454,0.152395729585287
CAMK2,KCNA2_442_454,0.152395729585287
CDK,KCNA2_442_454,0.152395729585287
CHK1,KCNA2_442_454,0.152395729585287
CK1,KCNA2_442_454,0.152395729585287
DMPK,KCNA2_442_454,0.152395729585287
IKK,KCNA2_442_454,0.152395729585287
JNK,KCNA2_442_454,0.152395729585287
MAPKAPK,KCNA2_442_454,0.152395729585287
NEK,KCNA2_442_454,0.152395729585287
P38,KCNA2_442_454,0.152395729585287
PDHK,KCNA2_442_454,0.152395729585287
PEK,KCNA2_442_454,0.152395729585287
PHK,KCNA2_442_454,0.152395729585287
PIM,KCNA2_442_454,0.152395729585287
PKCA,KCNA2_442_454,0.152395729585287
PKD,KCNA2_442_454,0.152395729585287
QIK,KCNA2_442_454,0.152395729585287
RAD53,KCNA2_442_454,0.152395729585287
RIPK,KCNA2_442_454,0.152395729585287
RSK,KCNA2_442_454,0.152395729585287
SGK,KCNA2_442_454,0.152395729585287
STKR,KCNA2_442_454,0.152395729585287
VRK2,KCNA2_442_454,0.152395729585287
AKT,KCNA3_461_473,0.025332636467397
AMPK,KCNA3_461_473,0.025332636467397
BARK1,KCNA3_461_473,0.025332636467397
CAMK1,KCNA3_461_473,0.025332636467397
CDK,KCNA3_461_473,0.025332636467397
CHK1,KCNA3_461_473,0.025332636467397
CK1,KCNA3_461_473,0.025332636467397
DMPK,KCNA3_461_473,0.025332636467397
IKK,KCNA3_461_473,0.025332636467397
JNK,KCNA3_461_473,0.025332636467397
KHS,KCNA3_461_473,0.025332636467397
MAPKAPK,KCNA3_461_473,0.025332636467397
MARK,KCNA3_461_473,0.025332636467397
MST,KCNA3_461_473,0.025332636467397
P38,KCNA3_461_473,0.025332636467397
PAKA,KCNA3_461_473,0.025332636467397
PDHK,KCNA3_461_473,0.025332636467397
PDK1,KCNA3_461_473,0.025332636467397
PEK,KCNA3_461_473,0.025332636467397
PHK,KCNA3_461_473,0.025332636467397
PKA,KCNA3_461_473,0.025332636467397
PKCA,KCNA3_461_473,0.025332636467397
PKD,KCNA3_461_473,0.025332636467397
PKG,KCNA3_461_473,0.025332636467397
PLK,KCNA3_461_473,0.025332636467397
QIK,KCNA3_461_473,0.025332636467397
RAD53,KCNA3_461_473,0.025332636467397
RSK,KCNA3_461_473,0.025332636467397
STE7,KCNA3_461_473,0.025332636467397
VRK2,KCNA3_461_473,0.025332636467397
AMPK,KCNB1_489_501,-0.07685544108315263
BARK1,KCNB1_489_501,-0.07685544108315263
CAMK1,KCNB1_489_501,-0.07685544108315263
CAMK2,KCNB1_489_501,-0.07685544108315263
CDK,KCNB1_489_501,-0.07685544108315263
CHK1,KCNB1_489_501,-0.07685544108315263
CK1,KCNB1_489_501,-0.07685544108315263
CK2,KCNB1_489_501,-0.07685544108315263
DAPK,KCNB1_489_501,-0.07685544108315263
DMPK,KCNB1_489_501,-0.07685544108315263
GRK,KCNB1_489_501,-0.07685544108315263
IKK,KCNB1_489_501,-0.07685544108315263
MAPKAPK,KCNB1_489_501,-0.07685544108315263
MELK,KCNB1_489_501,-0.07685544108315263
MLCK,KCNB1_489_501,-0.07685544108315263
MLK,KCNB1_489_501,-0.07685544108315263
MST,KCNB1_489_501,-0.07685544108315263
NAK,KCNB1_489_501,-0.07685544108315263
NEK,KCNB1_489_501,-0.07685544108315263
PDHK,KCNB1_489_501,-0.07685544108315263
PEK,KCNB1_489_501,-0.07685544108315263
PHK,KCNB1_489_501,-0.07685544108315263
PIM,KCNB1_489_501,-0.07685544108315263
PKA,KCNB1_489_501,-0.07685544108315263
PKCA,KCNB1_489_501,-0.07685544108315263
PKCD,KCNB1_489_501,-0.07685544108315263
PKD,KCNB1_489_501,-0.07685544108315263
QIK,KCNB1_489_501,-0.07685544108315263
RIPK,KCNB1_489_501,-0.07685544108315263
RSK,KCNB1_489_501,-0.07685544108315263
SGK,KCNB1_489_501,-0.07685544108315263
STE7,KCNB1_489_501,-0.07685544108315263
STKR,KCNB1_489_501,-0.07685544108315263
VRK2,KCNB1_489_501,-0.07685544108315263
BARK1,KIF2C_105_118_S106G,0.07197889768856727
CAMK2,KIF2C_105_118_S106G,0.07197889768856727
CDK,KIF2C_105_118_S106G,0.07197889768856727
DMPK,KIF2C_105_118_S106G,0.07197889768856727
FRAY,KIF2C_105_118_S106G,0.07197889768856727
IKK,KIF2C_105_118_S106G,0.07197889768856727
MELK,KIF2C_105_118_S106G,0.07197889768856727
NEK,KIF2C_105_118_S106G,0.07197889768856727
PAKA,KIF2C_105_118_S106G,0.07197889768856727
PDHK,KIF2C_105_118_S106G,0.07197889768856727
PEK,KIF2C_105_118_S106G,0.07197889768856727
PHK,KIF2C_105_118_S106G,0.07197889768856727
PKCA,KIF2C_105_118_S106G,0.07197889768856727
PKD,KIF2C_105_118_S106G,0.07197889768856727
QIK,KIF2C_105_118_S106G,0.07197889768856727
RIPK,KIF2C_105_118_S106G,0.07197889768856727
RSK,KIF2C_105_118_S106G,0.07197889768856727
VRK2,KIF2C_105_118_S106G,0.07197889768856727
BARK1,KPB1_1011_1023,0.5461402582280656
CDK,KPB1_1011_1023,0.5461402582280656
CK1,KPB1_1011_1023,0.5461402582280656
DMPK,KPB1_1011_1023,0.5461402582280656
IKK,KPB1_1011_1023,0.5461402582280656
P38,KPB1_1011_1023,0.5461402582280656
PAKA,KPB1_1011_1023,0.5461402582280656
PDHK,KPB1_1011_1023,0.5461402582280656
PEK,KPB1_1011_1023,0.5461402582280656
PHK,KPB1_1011_1023,0.5461402582280656
PIM,KPB1_1011_1023,0.5461402582280656
PKA,KPB1_1011_1023,0.5461402582280656
PKCA,KPB1_1011_1023,0.5461402582280656
PKD,KPB1_1011_1023,0.5461402582280656
RIPK,KPB1_1011_1023,0.5461402582280656
RSK,KPB1_1011_1023,0.5461402582280656
SGK,KPB1_1011_1023,0.5461402582280656
VRK2,KPB1_1011_1023,0.5461402582280656
BARK1,KS6A1_374_386,-0.13494113661966653
COT,KS6A1_374_386,-0.13494113661966653
FRAY,KS6A1_374_386,-0.13494113661966653
MAPKAPK,KS6A1_374_386,-0.13494113661966653
MSN,KS6A1_374_386,-0.13494113661966653
MTOR,KS6A1_374_386,-0.13494113661966653
PDHK,KS6A1_374_386,-0.13494113661966653
PDK1,KS6A1_374_386,-0.13494113661966653
PEK,KS6A1_374_386,-0.13494113661966653
PHK,KS6A1_374_386,-0.13494113661966653
PIM,KS6A1_374_386,-0.13494113661966653
PKCA,KS6A1_374_386,-0.13494113661966653
RAD53,KS6A1_374_386,-0.13494113661966653
RSK,KS6A1_374_386,-0.13494113661966653
STE7,KS6A1_374_386,-0.13494113661966653
VRK2,KS6A1_374_386,-0.13494113661966653
AMPK,LIPS_944_956,0.373569590864222
ATR,LIPS_944_956,0.373569590864222
BARK1,LIPS_944_956,0.373569590864222
CDK,LIPS_944_956,0.373569590864222
DMPK,LIPS_944_956,0.373569590864222
ERK,LIPS_944_956,0.373569590864222
NDR,LIPS_944_956,0.373569590864222
PDHK,LIPS_944_956,0.373569590864222
PEK,LIPS_944_956,0.373569590864222
PIM,LIPS_944_956,0.373569590864222
PKA,LIPS_944_956,0.373569590864222
PKCA,LIPS_944_956,0.373569590864222
PKG,LIPS_944_956,0.373569590864222
PRKDC,LIPS_944_956,0.373569590864222
RAF,LIPS_944_956,0.373569590864222
RSK,LIPS_944_956,0.373569590864222
STE7,LIPS_944_956,0.373569590864222
VRK2,LIPS_944_956,0.373569590864222
BARK1,LMNB1_16_28,-0.211281963278722
CDK,LMNB1_16_28,-0.211281963278722
DMPK,LMNB1_16_28,-0.211281963278722
DYRK,LMNB1_16_28,-0.211281963278722
ERK,LMNB1_16_28,-0.211281963278722
GSK,LMNB1_16_28,-0.211281963278722
IKK,LMNB1_16_28,-0.211281963278722
IRAK,LMNB1_16_28,-0.211281963278722
JNK,LMNB1_16_28,-0.211281963278722
MLK,LMNB1_16_28,-0.211281963278722
NMO,LMNB1_16_28,-0.211281963278722
P38,LMNB1_16_28,-0.211281963278722
PDK1,LMNB1_16_28,-0.211281963278722
PEK,LMNB1_16_28,-0.211281963278722
PIM,LMNB1_16_28,-0.211281963278722
PKCA,LMNB1_16_28,-0.211281963278722
PKG,LMNB1_16_28,-0.211281963278722
RSK,LMNB1_16_28,-0.211281963278722
STE7,LMNB1_16_28,-0.211281963278722
VRK2,LMNB1_16_28,-0.211281963278722
BARK1,MARCS_152_164,-0.12744374007954562
CDK,MARCS_152_164,-0.12744374007954562
DAPK,MARCS_152_164,-0.12744374007954562
DMPK,MARCS_152_164,-0.12744374007954562
ERK,MARCS_152_164,-0.12744374007954562
JNK,MARCS_152_164,-0.12744374007954562
P38,MARCS_152_164,-0.12744374007954562
PAKA,MARCS_152_164,-0.12744374007954562
PDHK,MARCS_152_164,-0.12744374007954562
PDK1,MARCS_152_164,-0.12744374007954562
PEK,MARCS_152_164,-0.12744374007954562
PHK,MARCS_152_164,-0.12744374007954562
PKA,MARCS_152_164,-0.12744374007954562
PKCA,MARCS_152_164,-0.12744374007954562
PKCH,MARCS_152_164,-0.12744374007954562
PKCI,MARCS_152_164,-0.12744374007954562
PKD,MARCS_152_164,-0.12744374007954562
PKG,MARCS_152_164,-0.12744374007954562
PKN,MARCS_152_164,-0.12744374007954562
RAD53,MARCS_152_164,-0.12744374007954562
VRK2,MARCS_152_164,-0.12744374007954562
BARK1,MARCS_160_172,-0.22260511394244187
CDK,MARCS_160_172,-0.22260511394244187
DMPK,MARCS_160_172,-0.22260511394244187
ERK,MARCS_160_172,-0.22260511394244187
JNK,MARCS_160_172,-0.22260511394244187
MLK,MARCS_160_172,-0.22260511394244187
P38,MARCS_160_172,-0.22260511394244187
PDHK,MARCS_160_172,-0.22260511394244187
PDK1,MARCS_160_172,-0.22260511394244187
PEK,MARCS_160_172,-0.22260511394244187
PKCA,MARCS_160_172,-0.22260511394244187
RAD53,MARCS_160_172,-0.22260511394244187
RIPK,MARCS_160_172,-0.22260511394244187
VRK2,MARCS_160_172,-0.22260511394244187
BARK1,MBP_222_234,-0.23312465690664175
CDK,MBP_222_234,-0.23312465690664175
DYRK,MBP_222_234,-0.23312465690664175
ERK,MBP_222_234,-0.23312465690664175
GSK,MBP_222_234,-0.23312465690664175
JNK,MBP_222_234,-0.23312465690664175
MTOR,MBP_222_234,-0.23312465690664175
PDK1,MBP_222_234,-0.23312465690664175
PEK,MBP_222_234,-0.23312465690664175
VRK2,MBP_222_234,-0.23312465690664175
BARK1,MP2K1_287_299,-0.21530254360460108
CDK,MP2K1_287_299,-0.21530254360460108
DMPK,MP2K1_287_299,-0.21530254360460108
DYRK,MP2K1_287_299,-0.21530254360460108
ERK,MP2K1_287_299,-0.21530254360460108
JNK,MP2K1_287_299,-0.21530254360460108
MAPKAPK,MP2K1_287_299,-0.21530254360460108
P38,MP2K1_287_299,-0.21530254360460108
PAKA,MP2K1_287_299,-0.21530254360460108
PDHK,MP2K1_287_299,-0.21530254360460108
PDK1,MP2K1_287_299,-0.21530254360460108
PEK,MP2K1_287_299,-0.21530254360460108
PHK,MP2K1_287_299,-0.21530254360460108
PIM,MP2K1_287_299,-0.21530254360460108
PKCA,MP2K1_287_299,-0.21530254360460108
PKD,MP2K1_287_299,-0.21530254360460108
STE7,MP2K1_287_299,-0.21530254360460108
VRK2,MP2K1_287_299,-0.21530254360460108
ATR,MPIP1_172_184,-0.11611350724583028
BARK1,MPIP1_172_184,-0.11611350724583028
CHK1,MPIP1_172_184,-0.11611350724583028
DMPK,MPIP1_172_184,-0.11611350724583028
MAPKAPK,MPIP1_172_184,-0.11611350724583028
PHK,MPIP1_172_184,-0.11611350724583028
PIM,MPIP1_172_184,-0.11611350724583028
PKCA,MPIP1_172_184,-0.11611350724583028
PRKDC,MPIP1_172_184,-0.11611350724583028
QIK,MPIP1_172_184,-0.11611350724583028
RAD53,MPIP1_172_184,-0.11611350724583028
RAF,MPIP1_172_184,-0.11611350724583028
RSK,MPIP1_172_184,-0.11611350724583028
VRK2,MPIP1_172_184,-0.11611350724583028
BARK1,MPIP3_208_220,0.00404126378769698
BRSK,MPIP3_208_220,0.00404126378769698
CAMK1,MPIP3_208_220,0.00404126378769698
CDK,MPIP3_208_220,0.00404126378769698
CHK1,MPIP3_208_220,0.00404126378769698
DMPK,MPIP3_208_220,0.00404126378769698
DYRK,MPIP3_208_220,0.00404126378769698
ERK,MPIP3_208_220,0.00404126378769698
IKK,MPIP3_208_220,0.00404126378769698
JNK,MPIP3_208_220,0.00404126378769698
MAPKAPK,MPIP3_208_220,0.00404126378769698
MARK,MPIP3_208_220,0.00404126378769698
MELK,MPIP3_208_220,0.00404126378769698
P38,MPIP3_208_220,0.00404126378769698
PDK1,MPIP3_208_220,0.00404126378769698
PEK,MPIP3_208_220,0.00404126378769698
PHK,MPIP3_208_220,0.00404126378769698
PKCA,MPIP3_208_220,0.00404126378769698
QIK,MPIP3_208_220,0.00404126378769698
RAD53,MPIP3_208_220,0.00404126378769698
RIPK,MPIP3_208_220,0.00404126378769698
VRK2,MPIP3_208_220,0.00404126378769698
AUR,MYPC3_268_280,0.42143052767338673
BARK1,MYPC3_268_280,0.42143052767338673
DMPK,MYPC3_268_280,0.42143052767338673
IKK,MYPC3_268_280,0.42143052767338673
MLK,MYPC3_268_280,0.42143052767338673
MTOR,MYPC3_268_280,0.42143052767338673
PEK,MYPC3_268_280,0.42143052767338673
PHK,MYPC3_268_280,0.42143052767338673
PKA,MYPC3_268_280,0.42143052767338673
PKCA,MYPC3_268_280,0.42143052767338673
PKG,MYPC3_268_280,0.42143052767338673
QIK,MYPC3_268_280,0.42143052767338673
RIPK,MYPC3_268_280,0.42143052767338673
RSK,MYPC3_268_280,0.42143052767338673
VRK2,MYPC3_268_280,0.42143052767338673
BARK1,NCF1_296_308,0.3136668806568152
BARK2,NCF1_296_308,0.3136668806568152
AKT,NCF1_296_308,0.3136668806568152
DMPK,NCF1_296_308,0.3136668806568152
IKK,NCF1_296_308,0.3136668806568152
MELK,NCF1_296_308,0.3136668806568152
NEK,NCF1_296_308,0.3136668806568152
PAKA,NCF1_296_308,0.3136668806568152
PEK,NCF1_296_308,0.3136668806568152
PHK,NCF1_296_308,0.3136668806568152
PIM,NCF1_296_308,0.3136668806568152
PKA,NCF1_296_308,0.3136668806568152
PKCA,NCF1_296_308,0.3136668806568152
PKCD,NCF1_296_308,0.3136668806568152
PKCH,NCF1_296_308,0.3136668806568152
PKCI,NCF1_296_308,0.3136668806568152
PKD,NCF1_296_308,0.3136668806568152
VRK2,NCF1_296_308,0.3136668806568152
AKT,NCF1_321_333,0.42062776699550614
BARK1,NCF1_321_333,0.42062776699550614
DMPK,NCF1_321_333,0.42062776699550614
IRAK,NCF1_321_333,0.42062776699550614
PHK,NCF1_321_333,0.42062776699550614
PKA,NCF1_321_333,0.42062776699550614
PKCA,NCF1_321_333,0.42062776699550614
PKCD,NCF1_321_333,0.42062776699550614
QIK,NCF1_321_333,0.42062776699550614
VRK2,NCF1_321_333,0.42062776699550614
BARK1,NEK2_172_184,-0.1921875641557905
CAMK1,NEK2_172_184,-0.1921875641557905
CAMK2,NEK2_172_184,-0.1921875641557905
CDK,NEK2_172_184,-0.1921875641557905
DYRK,NEK2_172_184,-0.1921875641557905
ERK,NEK2_172_184,-0.1921875641557905
FRAY,NEK2_172_184,-0.1921875641557905
LKB,NEK2_172_184,-0.1921875641557905
MELK,NEK2_172_184,-0.1921875641557905
MST,NEK2_172_184,-0.1921875641557905
MTOR,NEK2_172_184,-0.1921875641557905
NEK,NEK2_172_184,-0.1921875641557905
P38,NEK2_172_184,-0.1921875641557905
PDHK,NEK2_172_184,-0.1921875641557905
PDK1,NEK2_172_184,-0.1921875641557905
PEK,NEK2_172_184,-0.1921875641557905
PKCA,NEK2_172_184,-0.1921875641557905
PKCH,NEK2_172_184,-0.1921875641557905
RSK,NEK2_172_184,-0.1921875641557905
STE11,NEK2_172_184,-0.1921875641557905
STE7,NEK2_172_184,-0.1921875641557905
VRK2,NEK2_172_184,-0.1921875641557905
BARK1,NEK3_158_170,-0.22659736060802277
CAMK2,NEK3_158_170,-0.22659736060802277
DYRK,NEK3_158_170,-0.22659736060802277
ERK,NEK3_158_170,-0.22659736060802277
LKB,NEK3_158_170,-0.22659736060802277
MST,NEK3_158_170,-0.22659736060802277
NEK,NEK3_158_170,-0.22659736060802277
PDHK,NEK3_158_170,-0.22659736060802277
PDK1,NEK3_158_170,-0.22659736060802277
PEK,NEK3_158_170,-0.22659736060802277
PKCH,NEK3_158_170,-0.22659736060802277
STE11,NEK3_158_170,-0.22659736060802277
STE7,NEK3_158_170,-0.22659736060802277
VRK2,NEK3_158_170,-0.22659736060802277
BARK1,NFKB1_330_342,0.4768577707122971
CDK,NFKB1_330_342,0.4768577707122971
DMPK,NFKB1_330_342,0.4768577707122971
IKK,NFKB1_330_342,0.4768577707122971
MAPKAPK,NFKB1_330_342,0.4768577707122971
PAKA,NFKB1_330_342,0.4768577707122971
PDHK,NFKB1_330_342,0.4768577707122971
PEK,NFKB1_330_342,0.4768577707122971
PIM,NFKB1_330_342,0.4768577707122971
PKA,NFKB1_330_342,0.4768577707122971
PKCA,NFKB1_330_342,0.4768577707122971
PKG,NFKB1_330_342,0.4768577707122971
PLK,NFKB1_330_342,0.4768577707122971
STE7,NFKB1_330_342,0.4768577707122971
VRK2,NFKB1_330_342,0.4768577707122971
BARK1,NMDZ1_890_902,0.1765148632255761
AKT,NMDZ1_890_902,0.1765148632255761
AMPK,NMDZ1_890_902,0.1765148632255761
AUR,NMDZ1_890_902,0.1765148632255761
CAMK1,NMDZ1_890_902,0.1765148632255761
CDK,NMDZ1_890_902,0.1765148632255761
CHK1,NMDZ1_890_902,0.1765148632255761
DAPK,NMDZ1_890_902,0.1765148632255761
DMPK,NMDZ1_890_902,0.1765148632255761
FRAY,NMDZ1_890_902,0.1765148632255761
GRK,NMDZ1_890_902,0.1765148632255761
IKK,NMDZ1_890_902,0.1765148632255761
MELK,NMDZ1_890_902,0.1765148632255761
MLK,NMDZ1_890_902,0.1765148632255761
MSN,NMDZ1_890_902,0.1765148632255761
MST,NMDZ1_890_902,0.1765148632255761
MTOR,NMDZ1_890_902,0.1765148632255761
PAKA,NMDZ1_890_902,0.1765148632255761
PDHK,NMDZ1_890_902,0.1765148632255761
PDK1,NMDZ1_890_902,0.1765148632255761
PEK,NMDZ1_890_902,0.1765148632255761
PHK,NMDZ1_890_902,0.1765148632255761
PIM,NMDZ1_890_902,0.1765148632255761
PKA,NMDZ1_890_902,0.1765148632255761
PKCA,NMDZ1_890_902,0.1765148632255761
PKCI,NMDZ1_890_902,0.1765148632255761
PKD,NMDZ1_890_902,0.1765148632255761
PKG,NMDZ1_890_902,0.1765148632255761
PLK,NMDZ1_890_902,0.1765148632255761
QIK,NMDZ1_890_902,0.1765148632255761
RAD53,NMDZ1_890_902,0.1765148632255761
RAF,NMDZ1_890_902,0.1765148632255761
RIPK,NMDZ1_890_902,0.1765148632255761
RSK,NMDZ1_890_902,0.1765148632255761
SGK,NMDZ1_890_902,0.1765148632255761
STE7,NMDZ1_890_902,0.1765148632255761
VRK2,NMDZ1_890_902,0.1765148632255761
AKT,NOS3_1171_1183,0.07719324773936562
AMPK,NOS3_1171_1183,0.07719324773936562
BARK1,NOS3_1171_1183,0.07719324773936562
CDK,NOS3_1171_1183,0.07719324773936562
CK1,NOS3_1171_1183,0.07719324773936562
DMPK,NOS3_1171_1183,0.07719324773936562
MELK,NOS3_1171_1183,0.07719324773936562
PDHK,NOS3_1171_1183,0.07719324773936562
PDK1,NOS3_1171_1183,0.07719324773936562
PEK,NOS3_1171_1183,0.07719324773936562
PHK,NOS3_1171_1183,0.07719324773936562
PIM,NOS3_1171_1183,0.07719324773936562
PKA,NOS3_1171_1183,0.07719324773936562
PKCA,NOS3_1171_1183,0.07719324773936562
PKG,NOS3_1171_1183,0.07719324773936562
QIK,NOS3_1171_1183,0.07719324773936562
RAD53,NOS3_1171_1183,0.07719324773936562
RIPK,NOS3_1171_1183,0.07719324773936562
RSK,NOS3_1171_1183,0.07719324773936562
SGK,NOS3_1171_1183,0.07719324773936562
VRK2,NOS3_1171_1183,0.07719324773936562
AKT,NR4A1_344_356,-0.17807208649656067
BARK1,NR4A1_344_356,-0.17807208649656067
CDK,NR4A1_344_356,-0.17807208649656067
DMPK,NR4A1_344_356,-0.17807208649656067
PHK,NR4A1_344_356,-0.17807208649656067
PIM,NR4A1_344_356,-0.17807208649656067
PKA,NR4A1_344_356,-0.17807208649656067
PKCA,NR4A1_344_356,-0.17807208649656067
RAF,NR4A1_344_356,-0.17807208649656067
RSK,NR4A1_344_356,-0.17807208649656067
VRK2,NR4A1_344_356,-0.17807208649656067
AUR,P53_308_323,-0.1637542830624608
BARK1,P53_308_323,-0.1637542830624608
CAMK1,P53_308_323,-0.1637542830624608
CDK,P53_308_323,-0.1637542830624608
DYRK,P53_308_323,-0.1637542830624608
ERK,P53_308_323,-0.1637542830624608
IKK,P53_308_323,-0.1637542830624608
JNK,P53_308_323,-0.1637542830624608
P38,P53_308_323,-0.1637542830624608
PKCA,P53_308_323,-0.1637542830624608
PLK,P53_308_323,-0.1637542830624608
QIK,P53_308_323,-0.1637542830624608
STE7,P53_308_323,-0.1637542830624608
VRK2,P53_308_323,-0.1637542830624608
AUR,PLEK_106_118,0.11017144779516976
BARK1,PLEK_106_118,0.11017144779516976
CDK,PLEK_106_118,0.11017144779516976
CK1,PLEK_106_118,0.11017144779516976
DMPK,PLEK_106_118,0.11017144779516976
MST,PLEK_106_118,0.11017144779516976
PEK,PLEK_106_118,0.11017144779516976
PKCA,PLEK_106_118,0.11017144779516976
PKCD,PLEK_106_118,0.11017144779516976
PKCH,PLEK_106_118,0.11017144779516976
PLK,PLEK_106_118,0.11017144779516976
VRK2,PLEK_106_118,0.11017144779516976
BARK1,PLM_76_88,0.35751422096728075
CDK,PLM_76_88,0.35751422096728075
DMPK,PLM_76_88,0.35751422096728075
IKK,PLM_76_88,0.35751422096728075
PAKA,PLM_76_88,0.35751422096728075
PDHK,PLM_76_88,0.35751422096728075
PDK1,PLM_76_88,0.35751422096728075
PEK,PLM_76_88,0.35751422096728075
PIM,PLM_76_88,0.35751422096728075
PKA,PLM_76_88,0.35751422096728075
PKCA,PLM_76_88,0.35751422096728075
PKD,PLM_76_88,0.35751422096728075
PKG,PLM_76_88,0.35751422096728075
PLK,PLM_76_88,0.35751422096728075
RAD53,PLM_76_88,0.35751422096728075
RIPK,PLM_76_88,0.35751422096728075
RSK,PLM_76_88,0.35751422096728075
STE7,PLM_76_88,0.35751422096728075
VRK2,PLM_76_88,0.35751422096728075
EGFR,PP2AB_297_309,-0.04207257206780657
CSK,PP2AB_297_309,-0.04207257206780657
TEC,PP2AB_297_309,-0.04207257206780657
PDGFR,PP2AB_297_309,-0.04207257206780657
SYK,PP2AB_297_309,-0.04207257206780657
AXL,PP2AB_297_309,-0.04207257206780657
VEGFR,PP2AB_297_309,-0.04207257206780657
BARK1,PP2AB_297_309,-0.04207257206780657
BARK2,PP2AB_297_309,-0.04207257206780657
CDK,PP2AB_297_309,-0.04207257206780657
DYRK,PP2AB_297_309,-0.04207257206780657
JNK,PP2AB_297_309,-0.04207257206780657
VRK2,PP2AB_297_309,-0.04207257206780657
AKT,PPR1A_28_40,-0.09249897958334805
BARK1,PPR1A_28_40,-0.09249897958334805
CDK,PPR1A_28_40,-0.09249897958334805
DAPK,PPR1A_28_40,-0.09249897958334805
DMPK,PPR1A_28_40,-0.09249897958334805
DYRK,PPR1A_28_40,-0.09249897958334805
GSK,PPR1A_28_40,-0.09249897958334805
JNK,PPR1A_28_40,-0.09249897958334805
P38,PPR1A_28_40,-0.09249897958334805
PDK1,PPR1A_28_40,-0.09249897958334805
PEK,PPR1A_28_40,-0.09249897958334805
PHK,PPR1A_28_40,-0.09249897958334805
PKA,PPR1A_28_40,-0.09249897958334805
RSK,PPR1A_28_40,-0.09249897958334805
VRK2,PPR1A_28_40,-0.09249897958334805
ATR,PRKDC_2618_2630,-0.2717181902657784
BARK1,PRKDC_2618_2630,-0.2717181902657784
BARK2,PRKDC_2618_2630,-0.2717181902657784
CK1,PRKDC_2618_2630,-0.2717181902657784
DMPK,PRKDC_2618_2630,-0.2717181902657784
IKK,PRKDC_2618_2630,-0.2717181902657784
MELK,PRKDC_2618_2630,-0.2717181902657784
MLK,PRKDC_2618_2630,-0.2717181902657784
MTOR,PRKDC_2618_2630,-0.2717181902657784
NEK,PRKDC_2618_2630,-0.2717181902657784
P38,PRKDC_2618_2630,-0.2717181902657784
PHK,PRKDC_2618_2630,-0.2717181902657784
PIM,PRKDC_2618_2630,-0.2717181902657784
PKA,PRKDC_2618_2630,-0.2717181902657784
PKCA,PRKDC_2618_2630,-0.2717181902657784
PKG,PRKDC_2618_2630,-0.2717181902657784
PRKDC,PRKDC_2618_2630,-0.2717181902657784
PLK,PRKDC_2618_2630,-0.2717181902657784
QIK,PRKDC_2618_2630,-0.2717181902657784
SGK,PRKDC_2618_2630,-0.2717181902657784
STE7,PRKDC_2618_2630,-0.2717181902657784
VRK2,PRKDC_2618_2630,-0.2717181902657784
AKT,PTK6_436_448,0.34108052354431173
BARK1,PTK6_436_448,0.34108052354431173
CAMK1,PTK6_436_448,0.34108052354431173
CDK,PTK6_436_448,0.34108052354431173
CK1,PTK6_436_448,0.34108052354431173
DMPK,PTK6_436_448,0.34108052354431173
MAPKAPK,PTK6_436_448,0.34108052354431173
MELK,PTK6_436_448,0.34108052354431173
P38,PTK6_436_448,0.34108052354431173
PAKA,PTK6_436_448,0.34108052354431173
PDHK,PTK6_436_448,0.34108052354431173
PDK1,PTK6_436_448,0.34108052354431173
PEK,PTK6_436_448,0.34108052354431173
PHK,PTK6_436_448,0.34108052354431173
PIM,PTK6_436_448,0.34108052354431173
PKA,PTK6_436_448,0.34108052354431173
PKCA,PTK6_436_448,0.34108052354431173
PKCD,PTK6_436_448,0.34108052354431173
PKCI,PTK6_436_448,0.34108052354431173
PKD,PTK6_436_448,0.34108052354431173
PKG,PTK6_436_448,0.34108052354431173
QIK,PTK6_436_448,0.34108052354431173
RAD53,PTK6_436_448,0.34108052354431173
RSK,PTK6_436_448,0.34108052354431173
STE7,PTK6_436_448,0.34108052354431173
VRK2,PTK6_436_448,0.34108052354431173
BARK1,PTN12_32_44,0.3401844371208688
CDK,PTN12_32_44,0.3401844371208688
DMPK,PTN12_32_44,0.3401844371208688
FRAY,PTN12_32_44,0.3401844371208688
MAPKAPK,PTN12_32_44,0.3401844371208688
MLK,PTN12_32_44,0.3401844371208688
PAKA,PTN12_32_44,0.3401844371208688
PDHK,PTN12_32_44,0.3401844371208688
PEK,PTN12_32_44,0.3401844371208688
PHK,PTN12_32_44,0.3401844371208688
PIM,PTN12_32_44,0.3401844371208688
PKA,PTN12_32_44,0.3401844371208688
PKCA,PTN12_32_44,0.3401844371208688
PKCD,PTN12_32_44,0.3401844371208688
PKD,PTN12_32_44,0.3401844371208688
PKG,PTN12_32_44,0.3401844371208688
QIK,PTN12_32_44,0.3401844371208688
RAD53,PTN12_32_44,0.3401844371208688
RSK,PTN12_32_44,0.3401844371208688
VRK2,PTN12_32_44,0.3401844371208688
BARK1,RADI_559_569,-0.2738483502920131
COT,RADI_559_569,-0.2738483502920131
DMPK,RADI_559_569,-0.2738483502920131
MSN,RADI_559_569,-0.2738483502920131
MST,RADI_559_569,-0.2738483502920131
PHK,RADI_559_569,-0.2738483502920131
PIM,RADI_559_569,-0.2738483502920131
PKCA,RADI_559_569,-0.2738483502920131
SLK,RADI_559_569,-0.2738483502920131
VRK2,RADI_559_569,-0.2738483502920131
AKT,RAF1_253_265,0.00247098707086866
AMPK,RAF1_253_265,0.00247098707086866
BARK1,RAF1_253_265,0.00247098707086866
CAMK1,RAF1_253_265,0.00247098707086866
CDK,RAF1_253_265,0.00247098707086866
DAPK,RAF1_253_265,0.00247098707086866
DMPK,RAF1_253_265,0.00247098707086866
DYRK,RAF1_253_265,0.00247098707086866
ERK,RAF1_253_265,0.00247098707086866
JNK,RAF1_253_265,0.00247098707086866
MAPKAPK,RAF1_253_265,0.00247098707086866
MARK,RAF1_253_265,0.00247098707086866
NDR,RAF1_253_265,0.00247098707086866
P38,RAF1_253_265,0.00247098707086866
PAKA,RAF1_253_265,0.00247098707086866
PDK1,RAF1_253_265,0.00247098707086866
PHK,RAF1_253_265,0.00247098707086866
PKA,RAF1_253_265,0.00247098707086866
PKCA,RAF1_253_265,0.00247098707086866
QIK,RAF1_253_265,0.00247098707086866
RAF,RAF1_253_265,0.00247098707086866
RIPK,RAF1_253_265,0.00247098707086866
RSK,RAF1_253_265,0.00247098707086866
SGK,RAF1_253_265,0.00247098707086866
VRK2,RAF1_253_265,0.00247098707086866
AKT,RAP1B_172_184,-0.09485307123700408
AMPK,RAP1B_172_184,-0.09485307123700408
BARK1,RAP1B_172_184,-0.09485307123700408
CDK,RAP1B_172_184,-0.09485307123700408
DMPK,RAP1B_172_184,-0.09485307123700408
IKK,RAP1B_172_184,-0.09485307123700408
MAPKAPK,RAP1B_172_184,-0.09485307123700408
PDHK,RAP1B_172_184,-0.09485307123700408
PEK,RAP1B_172_184,-0.09485307123700408
PHK,RAP1B_172_184,-0.09485307123700408
PIM,RAP1B_172_184,-0.09485307123700408
PKA,RAP1B_172_184,-0.09485307123700408
PKCA,RAP1B_172_184,-0.09485307123700408
PKG,RAP1B_172_184,-0.09485307123700408
QIK,RAP1B_172_184,-0.09485307123700408
RAD53,RAP1B_172_184,-0.09485307123700408
RSK,RAP1B_172_184,-0.09485307123700408
VRK2,RAP1B_172_184,-0.09485307123700408
BARK1,RBL2_655_667,0.05799794359455923
CDK,RBL2_655_667,0.05799794359455923
CK1,RBL2_655_667,0.05799794359455923
DMPK,RBL2_655_667,0.05799794359455923
DYRK,RBL2_655_667,0.05799794359455923
ERK,RBL2_655_667,0.05799794359455923
FRAY,RBL2_655_667,0.05799794359455923
GSK,RBL2_655_667,0.05799794359455923
IKK,RBL2_655_667,0.05799794359455923
JNK,RBL2_655_667,0.05799794359455923
MAPKAPK,RBL2_655_667,0.05799794359455923
MELK,RBL2_655_667,0.05799794359455923
MTOR,RBL2_655_667,0.05799794359455923
NEK,RBL2_655_667,0.05799794359455923
P38,RBL2_655_667,0.05799794359455923
PDK1,RBL2_655_667,0.05799794359455923
PEK,RBL2_655_667,0.05799794359455923
PHK,RBL2_655_667,0.05799794359455923
PIM,RBL2_655_667,0.05799794359455923
PKCA,RBL2_655_667,0.05799794359455923
PKD,RBL2_655_667,0.05799794359455923
PLK,RBL2_655_667,0.05799794359455923
QIK,RBL2_655_667,0.05799794359455923
RAD53,RBL2_655_667,0.05799794359455923
RAF,RBL2_655_667,0.05799794359455923
RIPK,RBL2_655_667,0.05799794359455923
STE7,RBL2_655_667,0.05799794359455923
VRK2,RBL2_655_667,0.05799794359455923
BARK1,RB_242_254,-0.26529683546031
CDK,RB_242_254,-0.26529683546031
DYRK,RB_242_254,-0.26529683546031
ERK,RB_242_254,-0.26529683546031
IRAK,RB_242_254,-0.26529683546031
P38,RB_242_254,-0.26529683546031
PDK1,RB_242_254,-0.26529683546031
PEK,RB_242_254,-0.26529683546031
PKCA,RB_242_254,-0.26529683546031
PLK,RB_242_254,-0.26529683546031
VRK2,RB_242_254,-0.26529683546031
ATR,RB_350_362,-0.13594237190110517
BARK1,RB_350_362,-0.13594237190110517
CDK,RB_350_362,-0.13594237190110517
DMPK,RB_350_362,-0.13594237190110517
DYRK,RB_350_362,-0.13594237190110517
PDHK,RB_350_362,-0.13594237190110517
PDK1,RB_350_362,-0.13594237190110517
PEK,RB_350_362,-0.13594237190110517
PHK,RB_350_362,-0.13594237190110517
PIM,RB_350_362,-0.13594237190110517
PKCA,RB_350_362,-0.13594237190110517
PRKDC,RB_350_362,-0.13594237190110517
QIK,RB_350_362,-0.13594237190110517
RSK,RB_350_362,-0.13594237190110517
VRK2,RB_350_362,-0.13594237190110517
BARK1,RB_803_815,-0.24385431349665007
CDK,RB_803_815,-0.24385431349665007
CK1,RB_803_815,-0.24385431349665007
DYRK,RB_803_815,-0.24385431349665007
ERK,RB_803_815,-0.24385431349665007
JNK,RB_803_815,-0.24385431349665007
QIK,RB_803_815,-0.24385431349665007
VRK2,RB_803_815,-0.24385431349665007
BARK1,REL_260_272,0.49787717571427
CDK,REL_260_272,0.49787717571427
CK1,REL_260_272,0.49787717571427
DMPK,REL_260_272,0.49787717571427
MAPKAPK,REL_260_272,0.49787717571427
MARK,REL_260_272,0.49787717571427
PAKA,REL_260_272,0.49787717571427
PEK,REL_260_272,0.49787717571427
PIM,REL_260_272,0.49787717571427
PKCA,REL_260_272,0.49787717571427
PKD,REL_260_272,0.49787717571427
PKG,REL_260_272,0.49787717571427
PLK,REL_260_272,0.49787717571427
RSK,REL_260_272,0.49787717571427
STE7,REL_260_272,0.49787717571427
VRK2,REL_260_272,0.49787717571427
AKT,RS6_228_240,0.34069712039737815
BARK1,RS6_228_240,0.34069712039737815
CAMK1,RS6_228_240,0.34069712039737815
CDK,RS6_228_240,0.34069712039737815
DAPK,RS6_228_240,0.34069712039737815
DMPK,RS6_228_240,0.34069712039737815
IKK,RS6_228_240,0.34069712039737815
MAPKAPK,RS6_228_240,0.34069712039737815
MELK,RS6_228_240,0.34069712039737815
PAKA,RS6_228_240,0.34069712039737815
PASK,RS6_228_240,0.34069712039737815
PDHK,RS6_228_240,0.34069712039737815
PEK,RS6_228_240,0.34069712039737815
PHK,RS6_228_240,0.34069712039737815
PIM,RS6_228_240,0.34069712039737815
PKA,RS6_228_240,0.34069712039737815
PKCA,RS6_228_240,0.34069712039737815
PKCD,RS6_228_240,0.34069712039737815
PKCI,RS6_228_240,0.34069712039737815
PKD,RS6_228_240,0.34069712039737815
PKG,RS6_228_240,0.34069712039737815
QIK,RS6_228_240,0.34069712039737815
RIPK,RS6_228_240,0.34069712039737815
RSK,RS6_228_240,0.34069712039737815
SGK,RS6_228_240,0.34069712039737815
VRK2,RS6_228_240,0.34069712039737815
BARK1,RYR1_4317_4329,0.09782049598038758
DMPK,RYR1_4317_4329,0.09782049598038758
PHK,RYR1_4317_4329,0.09782049598038758
PIM,RYR1_4317_4329,0.09782049598038758
PKA,RYR1_4317_4329,0.09782049598038758
PKCA,RYR1_4317_4329,0.09782049598038758
PKCH,RYR1_4317_4329,0.09782049598038758
PKG,RYR1_4317_4329,0.09782049598038758
RSK,RYR1_4317_4329,0.09782049598038758
VRK2,RYR1_4317_4329,0.09782049598038758
BARK1,SCN7A_898_910,0.4708849677349279
DMPK,SCN7A_898_910,0.4708849677349279
HAL,SCN7A_898_910,0.4708849677349279
IKK,SCN7A_898_910,0.4708849677349279
PHK,SCN7A_898_910,0.4708849677349279
PKA,SCN7A_898_910,0.4708849677349279
PKCA,SCN7A_898_910,0.4708849677349279
PKG,SCN7A_898_910,0.4708849677349279
RIPK,SCN7A_898_910,0.4708849677349279
RSK,SCN7A_898_910,0.4708849677349279
VRK2,SCN7A_898_910,0.4708849677349279
AUR,STK6_283_295,0.16436701284490832
BARK1,STK6_283_295,0.16436701284490832
CAMK1,STK6_283_295,0.16436701284490832
CAMK2,STK6_283_295,0.16436701284490832
CDK,STK6_283_295,0.16436701284490832
DMPK,STK6_283_295,0.16436701284490832
FRAY,STK6_283_295,0.16436701284490832
IKK,STK6_283_295,0.16436701284490832
IRAK,STK6_283_295,0.16436701284490832
LKB,STK6_283_295,0.16436701284490832
MELK,STK6_283_295,0.16436701284490832
MLK,STK6_283_295,0.16436701284490832
MTOR,STK6_283_295,0.16436701284490832
NDR,STK6_283_295,0.16436701284490832
NEK,STK6_283_295,0.16436701284490832
PAKA,STK6_283_295,0.16436701284490832
PDHK,STK6_283_295,0.16436701284490832
PDK1,STK6_283_295,0.16436701284490832
PEK,STK6_283_295,0.16436701284490832
PHK,STK6_283_295,0.16436701284490832
PKA,STK6_283_295,0.16436701284490832
PKCA,STK6_283_295,0.16436701284490832
PKCD,STK6_283_295,0.16436701284490832
PLK,STK6_283_295,0.16436701284490832
PRKDC,STK6_283_295,0.16436701284490832
QIK,STK6_283_295,0.16436701284490832
RAD53,STK6_283_295,0.16436701284490832
RSK,STK6_283_295,0.16436701284490832
STE7,STK6_283_295,0.16436701284490832
VRK2,STK6_283_295,0.16436701284490832
AKT,TAU_524_536,-0.3153163269184116
BARK1,TAU_524_536,-0.3153163269184116
CAMK1,TAU_524_536,-0.3153163269184116
CDK,TAU_524_536,-0.3153163269184116
DMPK,TAU_524_536,-0.3153163269184116
DYRK,TAU_524_536,-0.3153163269184116
ERK,TAU_524_536,-0.3153163269184116
GRK,TAU_524_536,-0.3153163269184116
GSK,TAU_524_536,-0.3153163269184116
IKK,TAU_524_536,-0.3153163269184116
JNK,TAU_524_536,-0.3153163269184116
MAPKAPK,TAU_524_536,-0.3153163269184116
MELK,TAU_524_536,-0.3153163269184116
MTOR,TAU_524_536,-0.3153163269184116
P38,TAU_524_536,-0.3153163269184116
PDK1,TAU_524_536,-0.3153163269184116
PEK,TAU_524_536,-0.3153163269184116
PHK,TAU_524_536,-0.3153163269184116
PIM,TAU_524_536,-0.3153163269184116
PKA,TAU_524_536,-0.3153163269184116
PKCA,TAU_524_536,-0.3153163269184116
PKD,TAU_524_536,-0.3153163269184116
PLK,TAU_524_536,-0.3153163269184116
QIK,TAU_524_536,-0.3153163269184116
RAF,TAU_524_536,-0.3153163269184116
RIPK,TAU_524_536,-0.3153163269184116
RSK,TAU_524_536,-0.3153163269184116
SGK,TAU_524_536,-0.3153163269184116
STE11,TAU_524_536,-0.3153163269184116
VRK2,TAU_524_536,-0.3153163269184116
AKT,TOP2A_1463_1475,0.3419635325974906
BARK1,TOP2A_1463_1475,0.3419635325974906
CDK,TOP2A_1463_1475,0.3419635325974906
CK1,TOP2A_1463_1475,0.3419635325974906
CK2,TOP2A_1463_1475,0.3419635325974906
DAPK,TOP2A_1463_1475,0.3419635325974906
DMPK,TOP2A_1463_1475,0.3419635325974906
IKK,TOP2A_1463_1475,0.3419635325974906
MLK,TOP2A_1463_1475,0.3419635325974906
NEK,TOP2A_1463_1475,0.3419635325974906
PAKA,TOP2A_1463_1475,0.3419635325974906
PEK,TOP2A_1463_1475,0.3419635325974906
PHK,TOP2A_1463_1475,0.3419635325974906
PIM,TOP2A_1463_1475,0.3419635325974906
PKA,TOP2A_1463_1475,0.3419635325974906
PKCA,TOP2A_1463_1475,0.3419635325974906
PKG,TOP2A_1463_1475,0.3419635325974906
PLK,TOP2A_1463_1475,0.3419635325974906
QIK,TOP2A_1463_1475,0.3419635325974906
RAD53,TOP2A_1463_1475,0.3419635325974906
RIPK,TOP2A_1463_1475,0.3419635325974906
RSK,TOP2A_1463_1475,0.3419635325974906
VRK2,TOP2A_1463_1475,0.3419635325974906
BARK1,TY3H_65_77,0.5399037122910416
CAMK2,TY3H_65_77,0.5399037122910416
MAPKAPK,TY3H_65_77,0.5399037122910416
PHK,TY3H_65_77,0.5399037122910416
PIM,TY3H_65_77,0.5399037122910416
PKA,TY3H_65_77,0.5399037122910416
PKCA,TY3H_65_77,0.5399037122910416
PKG,TY3H_65_77,0.5399037122910416
QIK,TY3H_65_77,0.5399037122910416
RIPK,TY3H_65_77,0.5399037122910416
RSK,TY3H_65_77,0.5399037122910416
VRK2,TY3H_65_77,0.5399037122910416
BARK1,VASP_150_162,0.4830976477515628
DMPK,VASP_150_162,0.4830976477515628
PHK,VASP_150_162,0.4830976477515628
PIM,VASP_150_162,0.4830976477515628
PKA,VASP_150_162,0.4830976477515628
PKCA,VASP_150_162,0.4830976477515628
PKD,VASP_150_162,0.4830976477515628
PKG,VASP_150_162,0.4830976477515628
RIPK,VASP_150_162,0.4830976477515628
RSK,VASP_150_162,0.4830976477515628
VRK2,VASP_150_162,0.4830976477515628
BARK1,VASP_232_244,-0.0651224462195292
CDK,VASP_232_244,-0.0651224462195292
DMPK,VASP_232_244,-0.0651224462195292
IKK,VASP_232_244,-0.0651224462195292
MAPKAPK,VASP_232_244,-0.0651224462195292
PHK,VASP_232_244,-0.0651224462195292
PIM,VASP_232_244,-0.0651224462195292
PKA,VASP_232_244,-0.0651224462195292
PKCA,VASP_232_244,-0.0651224462195292
PKCH,VASP_232_244,-0.0651224462195292
PKD,VASP_232_244,-0.0651224462195292
PKG,VASP_232_244,-0.0651224462195292
RIPK,VASP_232_244,-0.0651224462195292
RSK,VASP_232_244,-0.0651224462195292
VRK2,VASP_232_244,-0.0651224462195292
AKT,VASP_271_283,0.14553123577235225
ATR,VASP_271_283,0.14553123577235225
AMPK,VASP_271_283,0.14553123577235225
BARK1,VASP_271_283,0.14553123577235225
DMPK,VASP_271_283,0.14553123577235225
IKK,VASP_271_283,0.14553123577235225
PAKA,VASP_271_283,0.14553123577235225
PHK,VASP_271_283,0.14553123577235225
PIM,VASP_271_283,0.14553123577235225
PKA,VASP_271_283,0.14553123577235225
PKG,VASP_271_283,0.14553123577235225
RIPK,VASP_271_283,0.14553123577235225
RSK,VASP_271_283,0.14553123577235225
VRK2,VASP_271_283,0.14553123577235225
AKT,VTNC_390_402,0.41486582067369265
BARK1,VTNC_390_402,0.41486582067369265
CDK,VTNC_390_402,0.41486582067369265
DAPK,VTNC_390_402,0.41486582067369265
DMPK,VTNC_390_402,0.41486582067369265
PDHK,VTNC_390_402,0.41486582067369265
PEK,VTNC_390_402,0.41486582067369265
PHK,VTNC_390_402,0.41486582067369265
PKA,VTNC_390_402,0.41486582067369265
PKCA,VTNC_390_402,0.41486582067369265
QIK,VTNC_390_402,0.41486582067369265
RIPK,VTNC_390_402,0.41486582067369265
RSK,VTNC_390_402,0.41486582067369265
SGK,VTNC_390_402,0.41486582067369265
VRK2,VTNC_390_402,0.41486582067369265
BARK1,ACM1_444_456,-0.22249665355926349
CDK,ACM1_444_456,-0.22249665355926349
CK1,ACM1_444_456,-0.22249665355926349
DAPK,ACM1_444_456,-0.22249665355926349
DMPK,ACM1_444_456,-0.22249665355926349
DYRK,ACM1_444_456,-0.22249665355926349
ERK,ACM1_444_456,-0.22249665355926349
GSK,ACM1_444_456,-0.22249665355926349
IRAK,ACM1_444_456,-0.22249665355926349
JNK,ACM1_444_456,-0.22249665355926349
MLCK,ACM1_444_456,-0.22249665355926349
P38,ACM1_444_456,-0.22249665355926349
PDK1,ACM1_444_456,-0.22249665355926349
PEK,ACM1_444_456,-0.22249665355926349
PHK,ACM1_444_456,-0.22249665355926349
PIM,ACM1_444_456,-0.22249665355926349
PKCA,ACM1_444_456,-0.22249665355926349
RSK,ACM1_444_456,-0.22249665355926349
VRK2,ACM1_444_456,-0.22249665355926349
BARK1,ACM4_456_468,-0.13355713813538994
FRAY,ACM4_456_468,-0.13355713813538994
MELK,ACM4_456_468,-0.13355713813538994
PDHK,ACM4_456_468,-0.13355713813538994
PDK1,ACM4_456_468,-0.13355713813538994
PIM,ACM4_456_468,-0.13355713813538994
PKCA,ACM4_456_468,-0.13355713813538994
PKCH,ACM4_456_468,-0.13355713813538994
VRK2,ACM4_456_468,-0.13355713813538994
BARK1,ADDB_696_708,-0.13225168591134384
CDK,ADDB_696_708,-0.13225168591134384
CK1,ADDB_696_708,-0.13225168591134384
DMPK,ADDB_696_708,-0.13225168591134384
DYRK,ADDB_696_708,-0.13225168591134384
ERK,ADDB_696_708,-0.13225168591134384
GSK,ADDB_696_708,-0.13225168591134384
IKK,ADDB_696_708,-0.13225168591134384
JNK,ADDB_696_708,-0.13225168591134384
MELK,ADDB_696_708,-0.13225168591134384
MST,ADDB_696_708,-0.13225168591134384
NEK,ADDB_696_708,-0.13225168591134384
P38,ADDB_696_708,-0.13225168591134384
PDK1,ADDB_696_708,-0.13225168591134384
PEK,ADDB_696_708,-0.13225168591134384
PKCA,ADDB_696_708,-0.13225168591134384
PKCH,ADDB_696_708,-0.13225168591134384
PLK,ADDB_696_708,-0.13225168591134384
QIK,ADDB_696_708,-0.13225168591134384
RIPK,ADDB_696_708,-0.13225168591134384
STE7,ADDB_696_708,-0.13225168591134384
VRK1,ADDB_696_708,-0.13225168591134384
VRK2,ADDB_696_708,-0.13225168591134384
BARK1,ADDB_706_718,-0.04250907750259593
CDK,ADDB_706_718,-0.04250907750259593
CHK1,ADDB_706_718,-0.04250907750259593
DMPK,ADDB_706_718,-0.04250907750259593
DYRK,ADDB_706_718,-0.04250907750259593
ERK,ADDB_706_718,-0.04250907750259593
JNK,ADDB_706_718,-0.04250907750259593
MAPKAPK,ADDB_706_718,-0.04250907750259593
MST,ADDB_706_718,-0.04250907750259593
NEK,ADDB_706_718,-0.04250907750259593
P38,ADDB_706_718,-0.04250907750259593
PAKA,ADDB_706_718,-0.04250907750259593
PDHK,ADDB_706_718,-0.04250907750259593
PDK1,ADDB_706_718,-0.04250907750259593
PEK,ADDB_706_718,-0.04250907750259593
PHK,ADDB_706_718,-0.04250907750259593
PIM,ADDB_706_718,-0.04250907750259593
PKCA,ADDB_706_718,-0.04250907750259593
PLK,ADDB_706_718,-0.04250907750259593
RAD53,ADDB_706_718,-0.04250907750259593
RSK,ADDB_706_718,-0.04250907750259593
VRK2,ADDB_706_718,-0.04250907750259593
AKT,ADRB2_338_350,0.3890990725073484
BARK1,ADRB2_338_350,0.3890990725073484
CAMK1,ADRB2_338_350,0.3890990725073484
CDK,ADRB2_338_350,0.3890990725073484
CHK1,ADRB2_338_350,0.3890990725073484
DMPK,ADRB2_338_350,0.3890990725073484
GRK,ADRB2_338_350,0.3890990725073484
PAKA,ADRB2_338_350,0.3890990725073484
PKA,ADRB2_338_350,0.3890990725073484
PKCA,ADRB2_338_350,0.3890990725073484
PKCI,ADRB2_338_350,0.3890990725073484
PKG,ADRB2_338_350,0.3890990725073484
RAD53,ADRB2_338_350,0.3890990725073484
RSK,ADRB2_338_350,0.3890990725073484
VRK2,ADRB2_338_350,0.3890990725073484
AKT,ANDR_785_797,0.12974472642205165
ATR,ANDR_785_797,0.12974472642205165
BARK1,ANDR_785_797,0.12974472642205165
DMPK,ANDR_785_797,0.12974472642205165
PHK,ANDR_785_797,0.12974472642205165
PIM,ANDR_785_797,0.12974472642205165
PKA,ANDR_785_797,0.12974472642205165
PKD,ANDR_785_797,0.12974472642205165
RAF,ANDR_785_797,0.12974472642205165
RSK,ANDR_785_797,0.12974472642205165
VRK2,ANDR_785_797,0.12974472642205165
AKT,ANXA1_209_221,0.1113688934241462
BARK1,ANXA1_209_221,0.1113688934241462
DMPK,ANXA1_209_221,0.1113688934241462
PHK,ANXA1_209_221,0.1113688934241462
PKA,ANXA1_209_221,0.1113688934241462
PKCA,ANXA1_209_221,0.1113688934241462
PKG,ANXA1_209_221,0.1113688934241462
RSK,ANXA1_209_221,0.1113688934241462
VRK2,ANXA1_209_221,0.1113688934241462
AMPK,BAD_112_124,0.2165535041421049
BARK1,BAD_112_124,0.2165535041421049
CK1,BAD_112_124,0.2165535041421049
DMPK,BAD_112_124,0.2165535041421049
FRAY,BAD_112_124,0.2165535041421049
IRAK,BAD_112_124,0.2165535041421049
NEK,BAD_112_124,0.2165535041421049
PAKA,BAD_112_124,0.2165535041421049
PDHK,BAD_112_124,0.2165535041421049
PEK,BAD_112_124,0.2165535041421049
PHK,BAD_112_124,0.2165535041421049
PIM,BAD_112_124,0.2165535041421049
PKA,BAD_112_124,0.2165535041421049
PKCA,BAD_112_124,0.2165535041421049
PKCI,BAD_112_124,0.2165535041421049
PKD,BAD_112_124,0.2165535041421049
PKG,BAD_112_124,0.2165535041421049
QIK,BAD_112_124,0.2165535041421049
RAF,BAD_112_124,0.2165535041421049
RSK,BAD_112_124,0.2165535041421049
STE7,BAD_112_124,0.2165535041421049
VRK2,BAD_112_124,0.2165535041421049
AKT,BAD_69_81,-0.2507049490632364
BARK1,BAD_69_81,-0.2507049490632364
CDK,BAD_69_81,-0.2507049490632364
DMPK,BAD_69_81,-0.2507049490632364
ERK,BAD_69_81,-0.2507049490632364
MELK,BAD_69_81,-0.2507049490632364
MTOR,BAD_69_81,-0.2507049490632364
PAKA,BAD_69_81,-0.2507049490632364
PAKB,BAD_69_81,-0.2507049490632364
PDHK,BAD_69_81,-0.2507049490632364
PDK1,BAD_69_81,-0.2507049490632364
PEK,BAD_69_81,-0.2507049490632364
PHK,BAD_69_81,-0.2507049490632364
PIM,BAD_69_81,-0.2507049490632364
PKA,BAD_69_81,-0.2507049490632364
PKCA,BAD_69_81,-0.2507049490632364
PKCI,BAD_69_81,-0.2507049490632364
PKD,BAD_69_81,-0.2507049490632364
PKG,BAD_69_81,-0.2507049490632364
QIK,BAD_69_81,-0.2507049490632364
RAD53,BAD_69_81,-0.2507049490632364
RAF,BAD_69_81,-0.2507049490632364
RSK,BAD_69_81,-0.2507049490632364
SGK,BAD_69_81,-0.2507049490632364
VRK2,BAD_69_81,-0.2507049490632364
AKT,BAD_93_105,-0.03523430110626642
BARK1,BAD_93_105,-0.03523430110626642
DMPK,BAD_93_105,-0.03523430110626642
MAPKAPK,BAD_93_105,-0.03523430110626642
PAKA,BAD_93_105,-0.03523430110626642
PHK,BAD_93_105,-0.03523430110626642
PIM,BAD_93_105,-0.03523430110626642
PKA,BAD_93_105,-0.03523430110626642
PKCA,BAD_93_105,-0.03523430110626642
PKCI,BAD_93_105,-0.03523430110626642
PKD,BAD_93_105,-0.03523430110626642
PKG,BAD_93_105,-0.03523430110626642
QIK,BAD_93_105,-0.03523430110626642
RAF,BAD_93_105,-0.03523430110626642
RSK,BAD_93_105,-0.03523430110626642
SGK,BAD_93_105,-0.03523430110626642
VRK2,BAD_93_105,-0.03523430110626642
AKT,BCKD_45_57,-0.03877511172333688
BARK1,BCKD_45_57,-0.03877511172333688
CDK,BCKD_45_57,-0.03877511172333688
DMPK,BCKD_45_57,-0.03877511172333688
FRAY,BCKD_45_57,-0.03877511172333688
GRK,BCKD_45_57,-0.03877511172333688
IKK,BCKD_45_57,-0.03877511172333688
MAPKAPK,BCKD_45_57,-0.03877511172333688
MELK,BCKD_45_57,-0.03877511172333688
MLCK,BCKD_45_57,-0.03877511172333688
MST,BCKD_45_57,-0.03877511172333688
PAKA,BCKD_45_57,-0.03877511172333688
PDHK,BCKD_45_57,-0.03877511172333688
PDK1,BCKD_45_57,-0.03877511172333688
PEK,BCKD_45_57,-0.03877511172333688
PHK,BCKD_45_57,-0.03877511172333688
PIM,BCKD_45_57,-0.03877511172333688
PKA,BCKD_45_57,-0.03877511172333688
PKCA,BCKD_45_57,-0.03877511172333688
PKG,BCKD_45_57,-0.03877511172333688
PLK,BCKD_45_57,-0.03877511172333688
QIK,BCKD_45_57,-0.03877511172333688
RSK,BCKD_45_57,-0.03877511172333688
SGK,BCKD_45_57,-0.03877511172333688
STE7,BCKD_45_57,-0.03877511172333688
VRK2,BCKD_45_57,-0.03877511172333688
BARK1,CAC1C_1974_1986,0.4057131062407319
CAMK1,CAC1C_1974_1986,0.4057131062407319
MAPKAPK,CAC1C_1974_1986,0.4057131062407319
PDHK,CAC1C_1974_1986,0.4057131062407319
PHK,CAC1C_1974_1986,0.4057131062407319
PIM,CAC1C_1974_1986,0.4057131062407319
PKCA,CAC1C_1974_1986,0.4057131062407319
PKD,CAC1C_1974_1986,0.4057131062407319
PKG,CAC1C_1974_1986,0.4057131062407319
QIK,CAC1C_1974_1986,0.4057131062407319
RAD53,CAC1C_1974_1986,0.4057131062407319
RIPK,CAC1C_1974_1986,0.4057131062407319
RSK,CAC1C_1974_1986,0.4057131062407319
VRK2,CAC1C_1974_1986,0.4057131062407319
AKT,CD27_212_224,-0.06525150045176531
BARK1,CD27_212_224,-0.06525150045176531
CDK,CD27_212_224,-0.06525150045176531
DMPK,CD27_212_224,-0.06525150045176531
ERK,CD27_212_224,-0.06525150045176531
IKK,CD27_212_224,-0.06525150045176531
JNK,CD27_212_224,-0.06525150045176531
P38,CD27_212_224,-0.06525150045176531
PDHK,CD27_212_224,-0.06525150045176531
PEK,CD27_212_224,-0.06525150045176531
PHK,CD27_212_224,-0.06525150045176531
PIM,CD27_212_224,-0.06525150045176531
PKCA,CD27_212_224,-0.06525150045176531
PKD,CD27_212_224,-0.06525150045176531
QIK,CD27_212_224,-0.06525150045176531
RSK,CD27_212_224,-0.06525150045176531
VRK2,CD27_212_224,-0.06525150045176531
BARK1,CDC2_154_169,-0.07579873731504114
CDK,CDC2_154_169,-0.07579873731504114
COT,CDC2_154_169,-0.07579873731504114
PEK,CDC2_154_169,-0.07579873731504114
PKG,CDC2_154_169,-0.07579873731504114
RSK,CDC2_154_169,-0.07579873731504114
STE7,CDC2_154_169,-0.07579873731504114
VRK2,CDC2_154_169,-0.07579873731504114
BARK1,CDK7_163_175,-0.00121789993399268
CDK,CDK7_163_175,-0.00121789993399268
DMPK,CDK7_163_175,-0.00121789993399268
DYRK,CDK7_163_175,-0.00121789993399268
FRAY,CDK7_163_175,-0.00121789993399268
JNK,CDK7_163_175,-0.00121789993399268
MAPKAPK,CDK7_163_175,-0.00121789993399268
MST,CDK7_163_175,-0.00121789993399268
MTOR,CDK7_163_175,-0.00121789993399268
P38,CDK7_163_175,-0.00121789993399268
PDK1,CDK7_163_175,-0.00121789993399268
PEK,CDK7_163_175,-0.00121789993399268
PHK,CDK7_163_175,-0.00121789993399268
PIM,CDK7_163_175,-0.00121789993399268
PKCA,CDK7_163_175,-0.00121789993399268
PKCI,CDK7_163_175,-0.00121789993399268
PRKDC,CDK7_163_175,-0.00121789993399268
QIK,CDK7_163_175,-0.00121789993399268
STE7,CDK7_163_175,-0.00121789993399268
VRK2,CDK7_163_175,-0.00121789993399268
AKT,CDN1A_139_151,0.16496463566532724
BARK1,CDN1A_139_151,0.16496463566532724
CDK,CDN1A_139_151,0.16496463566532724
DAPK,CDN1A_139_151,0.16496463566532724
DMPK,CDN1A_139_151,0.16496463566532724
IKK,CDN1A_139_151,0.16496463566532724
MELK,CDN1A_139_151,0.16496463566532724
NDR,CDN1A_139_151,0.16496463566532724
PEK,CDN1A_139_151,0.16496463566532724
PHK,CDN1A_139_151,0.16496463566532724
PIM,CDN1A_139_151,0.16496463566532724
PKCA,CDN1A_139_151,0.16496463566532724
PKD,CDN1A_139_151,0.16496463566532724
RIPK,CDN1A_139_151,0.16496463566532724
RSK,CDN1A_139_151,0.16496463566532724
STE7,CDN1A_139_151,0.16496463566532724
VRK2,CDN1A_139_151,0.16496463566532724
AUR,CENPA_1_14,0.03404654201166727
BARK1,CENPA_1_14,0.03404654201166727
DMPK,CENPA_1_14,0.03404654201166727
MAPKAPK,CENPA_1_14,0.03404654201166727
PIM,CENPA_1_14,0.03404654201166727
PKCA,CENPA_1_14,0.03404654201166727
PKG,CENPA_1_14,0.03404654201166727
VRK2,CENPA_1_14,0.03404654201166727
AMPK,CFTR_730_742,0.511647861095652
BARK1,CFTR_730_742,0.511647861095652
CAMK2,CFTR_730_742,0.511647861095652
CDK,CFTR_730_742,0.511647861095652
DAPK,CFTR_730_742,0.511647861095652
DYRK,CFTR_730_742,0.511647861095652
GRK,CFTR_730_742,0.511647861095652
IKK,CFTR_730_742,0.511647861095652
MAPKAPK,CFTR_730_742,0.511647861095652
PAKA,CFTR_730_742,0.511647861095652
PDHK,CFTR_730_742,0.511647861095652
PEK,CFTR_730_742,0.511647861095652
PHK,CFTR_730_742,0.511647861095652
PKA,CFTR_730_742,0.511647861095652
PKCA,CFTR_730_742,0.511647861095652
PKD,CFTR_730_742,0.511647861095652
PKG,CFTR_730_742,0.511647861095652
QIK,CFTR_730_742,0.511647861095652
RAD53,CFTR_730_742,0.511647861095652
RSK,CFTR_730_742,0.511647861095652
VRK2,CFTR_730_742,0.511647861095652
AKT,CGHB_109_121,0.22684549468162304
BARK1,CGHB_109_121,0.22684549468162304
CAMK2,CGHB_109_121,0.22684549468162304
DMPK,CGHB_109_121,0.22684549468162304
IKK,CGHB_109_121,0.22684549468162304
MTOR,CGHB_109_121,0.22684549468162304
PDHK,CGHB_109_121,0.22684549468162304
PDK1,CGHB_109_121,0.22684549468162304
PEK,CGHB_109_121,0.22684549468162304
PKA,CGHB_109_121,0.22684549468162304
PKCA,CGHB_109_121,0.22684549468162304
PKG,CGHB_109_121,0.22684549468162304
RSK,CGHB_109_121,0.22684549468162304
VRK2,CGHB_109_121,0.22684549468162304
AMPK,CREB1_126_138,0.29522866708972967
ATM,CREB1_126_138,0.29522866708972967
BARK1,CREB1_126_138,0.29522866708972967
CAMK1,CREB1_126_138,0.29522866708972967
CAMK2,CREB1_126_138,0.29522866708972967
COT,CREB1_126_138,0.29522866708972967
DMPK,CREB1_126_138,0.29522866708972967
DYRK,CREB1_126_138,0.29522866708972967
GSK,CREB1_126_138,0.29522866708972967
MAPKAPK,CREB1_126_138,0.29522866708972967
PDHK,CREB1_126_138,0.29522866708972967
PHK,CREB1_126_138,0.29522866708972967
PIM,CREB1_126_138,0.29522866708972967
PKA,CREB1_126_138,0.29522866708972967
PKCA,CREB1_126_138,0.29522866708972967
PKCD,CREB1_126_138,0.29522866708972967
PKCH,CREB1_126_138,0.29522866708972967
PKD,CREB1_126_138,0.29522866708972967
QIK,CREB1_126_138,0.29522866708972967
RAD53,CREB1_126_138,0.29522866708972967
RSK,CREB1_126_138,0.29522866708972967
SGK,CREB1_126_138,0.29522866708972967
VRK2,CREB1_126_138,0.29522866708972967
AMPK,CSF1R_701_713,0.338872347655179
BARK1,CSF1R_701_713,0.338872347655179
CDK,CSF1R_701_713,0.338872347655179
CK1,CSF1R_701_713,0.338872347655179
DMPK,CSF1R_701_713,0.338872347655179
PDHK,CSF1R_701_713,0.338872347655179
PEK,CSF1R_701_713,0.338872347655179
PIM,CSF1R_701_713,0.338872347655179
PKA,CSF1R_701_713,0.338872347655179
PKCA,CSF1R_701_713,0.338872347655179
PKG,CSF1R_701_713,0.338872347655179
RSK,CSF1R_701_713,0.338872347655179
VRK2,CSF1R_701_713,0.338872347655179
AMPK,DESP_2842_2854,0.34316453917916656
BARK1,DESP_2842_2854,0.34316453917916656
CAMK1,DESP_2842_2854,0.34316453917916656
CDK,DESP_2842_2854,0.34316453917916656
CK1,DESP_2842_2854,0.34316453917916656
DMPK,DESP_2842_2854,0.34316453917916656
GSK,DESP_2842_2854,0.34316453917916656
IKK,DESP_2842_2854,0.34316453917916656
MAPKAPK,DESP_2842_2854,0.34316453917916656
P38,DESP_2842_2854,0.34316453917916656
PDHK,DESP_2842_2854,0.34316453917916656
PDK1,DESP_2842_2854,0.34316453917916656
PEK,DESP_2842_2854,0.34316453917916656
PHK,DESP_2842_2854,0.34316453917916656
PIM,DESP_2842_2854,0.34316453917916656
PKA,DESP_2842_2854,0.34316453917916656
PKCA,DESP_2842_2854,0.34316453917916656
PKG,DESP_2842_2854,0.34316453917916656
QIK,DESP_2842_2854,0.34316453917916656
RIPK,DESP_2842_2854,0.34316453917916656
RSK,DESP_2842_2854,0.34316453917916656
SGK,DESP_2842_2854,0.34316453917916656
STE11,DESP_2842_2854,0.34316453917916656
STE7,DESP_2842_2854,0.34316453917916656
VRK2,DESP_2842_2854,0.34316453917916656
BARK1,EPB42_241_253,0.2584573835125834
DMPK,EPB42_241_253,0.2584573835125834
PHK,EPB42_241_253,0.2584573835125834
PIM,EPB42_241_253,0.2584573835125834
PKA,EPB42_241_253,0.2584573835125834
PKCA,EPB42_241_253,0.2584573835125834
PKG,EPB42_241_253,0.2584573835125834
RAD53,EPB42_241_253,0.2584573835125834
RSK,EPB42_241_253,0.2584573835125834
VRK2,EPB42_241_253,0.2584573835125834
BARK1,ERBB2_679_691,0.00165614642002864
DMPK,ERBB2_679_691,0.00165614642002864
PHK,ERBB2_679_691,0.00165614642002864
PIM,ERBB2_679_691,0.00165614642002864
PKA,ERBB2_679_691,0.00165614642002864
PKCA,ERBB2_679_691,0.00165614642002864
PKCD,ERBB2_679_691,0.00165614642002864
PKCH,ERBB2_679_691,0.00165614642002864
PKG,ERBB2_679_691,0.00165614642002864
RSK,ERBB2_679_691,0.00165614642002864
VRK2,ERBB2_679_691,0.00165614642002864
BARK1,ERF_519_531,-0.08856530582498016
CDK,ERF_519_531,-0.08856530582498016
CHK1,ERF_519_531,-0.08856530582498016
DAPK,ERF_519_531,-0.08856530582498016
DMPK,ERF_519_531,-0.08856530582498016
DYRK,ERF_519_531,-0.08856530582498016
ERK,ERF_519_531,-0.08856530582498016
IRAK,ERF_519_531,-0.08856530582498016
MST,ERF_519_531,-0.08856530582498016
P38,ERF_519_531,-0.08856530582498016
PDK1,ERF_519_531,-0.08856530582498016
PEK,ERF_519_531,-0.08856530582498016
PIM,ERF_519_531,-0.08856530582498016
PKA,ERF_519_531,-0.08856530582498016
PKCA,ERF_519_531,-0.08856530582498016
PKG,ERF_519_531,-0.08856530582498016
RAD53,ERF_519_531,-0.08856530582498016
RSK,ERF_519_531,-0.08856530582498016
VRK2,ERF_519_531,-0.08856530582498016
AKT,ESR1_160_172,0.17695707888924872
AUR,ESR1_160_172,0.17695707888924872
BARK1,ESR1_160_172,0.17695707888924872
CK2,ESR1_160_172,0.17695707888924872
DMPK,ESR1_160_172,0.17695707888924872
IKK,ESR1_160_172,0.17695707888924872
PEK,ESR1_160_172,0.17695707888924872
PHK,ESR1_160_172,0.17695707888924872
PIM,ESR1_160_172,0.17695707888924872
PKCA,ESR1_160_172,0.17695707888924872
RSK,ESR1_160_172,0.17695707888924872
STE11,ESR1_160_172,0.17695707888924872
STE7,ESR1_160_172,0.17695707888924872
VRK2,ESR1_160_172,0.17695707888924872
BARK1,FIBA_569_581,-0.13083756982136813
CDK,FIBA_569_581,-0.13083756982136813
CK1,FIBA_569_581,-0.13083756982136813
DAPK,FIBA_569_581,-0.13083756982136813
DMPK,FIBA_569_581,-0.13083756982136813
ERK,FIBA_569_581,-0.13083756982136813
GSK,FIBA_569_581,-0.13083756982136813
HAL,FIBA_569_581,-0.13083756982136813
IKK,FIBA_569_581,-0.13083756982136813
JNK,FIBA_569_581,-0.13083756982136813
MLCK,FIBA_569_581,-0.13083756982136813
MST,FIBA_569_581,-0.13083756982136813
PDHK,FIBA_569_581,-0.13083756982136813
PEK,FIBA_569_581,-0.13083756982136813
PHK,FIBA_569_581,-0.13083756982136813
PIM,FIBA_569_581,-0.13083756982136813
PKA,FIBA_569_581,-0.13083756982136813
PKCA,FIBA_569_581,-0.13083756982136813
PKG,FIBA_569_581,-0.13083756982136813
PLK,FIBA_569_581,-0.13083756982136813
QIK,FIBA_569_581,-0.13083756982136813
RAF,FIBA_569_581,-0.13083756982136813
RIPK,FIBA_569_581,-0.13083756982136813
RSK,FIBA_569_581,-0.13083756982136813
SGK,FIBA_569_581,-0.13083756982136813
STE7,FIBA_569_581,-0.13083756982136813
VRK2,FIBA_569_581,-0.13083756982136813
AKT,FOXO3_25_37,-0.17899757536641658
BARK1,FOXO3_25_37,-0.17899757536641658
CDK,FOXO3_25_37,-0.17899757536641658
ERK,FOXO3_25_37,-0.17899757536641658
MAPKAPK,FOXO3_25_37,-0.17899757536641658
P38,FOXO3_25_37,-0.17899757536641658
PHK,FOXO3_25_37,-0.17899757536641658
PIM,FOXO3_25_37,-0.17899757536641658
PKCA,FOXO3_25_37,-0.17899757536641658
QIK,FOXO3_25_37,-0.17899757536641658
RAF,FOXO3_25_37,-0.17899757536641658
RSK,FOXO3_25_37,-0.17899757536641658
SGK,FOXO3_25_37,-0.17899757536641658
VRK2,FOXO3_25_37,-0.17899757536641658
AKT,FRAP_2443_2455,0.02812007410934867
AMPK,FRAP_2443_2455,0.02812007410934867
BARK1,FRAP_2443_2455,0.02812007410934867
CK1,FRAP_2443_2455,0.02812007410934867
DAPK,FRAP_2443_2455,0.02812007410934867
DMPK,FRAP_2443_2455,0.02812007410934867
MAPKAPK,FRAP_2443_2455,0.02812007410934867
MELK,FRAP_2443_2455,0.02812007410934867
MLK,FRAP_2443_2455,0.02812007410934867
MSN,FRAP_2443_2455,0.02812007410934867
MTOR,FRAP_2443_2455,0.02812007410934867
NEK,FRAP_2443_2455,0.02812007410934867
PDHK,FRAP_2443_2455,0.02812007410934867
PDK1,FRAP_2443_2455,0.02812007410934867
PEK,FRAP_2443_2455,0.02812007410934867
PHK,FRAP_2443_2455,0.02812007410934867
PIM,FRAP_2443_2455,0.02812007410934867
PKA,FRAP_2443_2455,0.02812007410934867
PKCA,FRAP_2443_2455,0.02812007410934867
QIK,FRAP_2443_2455,0.02812007410934867
RSK,FRAP_2443_2455,0.02812007410934867
SGK,FRAP_2443_2455,0.02812007410934867
TAO,FRAP_2443_2455,0.02812007410934867
VRK2,FRAP_2443_2455,0.02812007410934867
AKT,GPR6_349_361,0.01161101820034606
BARK1,GPR6_349_361,0.01161101820034606
CDK,GPR6_349_361,0.01161101820034606
CK1,GPR6_349_361,0.01161101820034606
DMPK,GPR6_349_361,0.01161101820034606
DYRK,GPR6_349_361,0.01161101820034606
ERK,GPR6_349_361,0.01161101820034606
IKK,GPR6_349_361,0.01161101820034606
JNK,GPR6_349_361,0.01161101820034606
MAPKAPK,GPR6_349_361,0.01161101820034606
MELK,GPR6_349_361,0.01161101820034606
P38,GPR6_349_361,0.01161101820034606
PDK1,GPR6_349_361,0.01161101820034606
PEK,GPR6_349_361,0.01161101820034606
PHK,GPR6_349_361,0.01161101820034606
PKCA,GPR6_349_361,0.01161101820034606
QIK,GPR6_349_361,0.01161101820034606
RAF,GPR6_349_361,0.01161101820034606
RSK,GPR6_349_361,0.01161101820034606
SGK,GPR6_349_361,0.01161101820034606
VRK2,GPR6_349_361,0.01161101820034606
AMPK,GPSM2_394_406,0.3662770898088012
BARK1,GPSM2_394_406,0.3662770898088012
CAMK1,GPSM2_394_406,0.3662770898088012
CHK1,GPSM2_394_406,0.3662770898088012
DMPK,GPSM2_394_406,0.3662770898088012
IKK,GPSM2_394_406,0.3662770898088012
MAPKAPK,GPSM2_394_406,0.3662770898088012
MARK,GPSM2_394_406,0.3662770898088012
PHK,GPSM2_394_406,0.3662770898088012
PKCA,GPSM2_394_406,0.3662770898088012
PKD,GPSM2_394_406,0.3662770898088012
VRK2,GPSM2_394_406,0.3662770898088012
BARK1,GSUB_61_73,-0.1243710760552649
CDK,GSUB_61_73,-0.1243710760552649
DAPK,GSUB_61_73,-0.1243710760552649
DMPK,GSUB_61_73,-0.1243710760552649
DYRK,GSUB_61_73,-0.1243710760552649
ERK,GSUB_61_73,-0.1243710760552649
PDK1,GSUB_61_73,-0.1243710760552649
PHK,GSUB_61_73,-0.1243710760552649
PKA,GSUB_61_73,-0.1243710760552649
PKG,GSUB_61_73,-0.1243710760552649
PLK,GSUB_61_73,-0.1243710760552649
VRK2,GSUB_61_73,-0.1243710760552649
AKT,GYS2_1_13,-0.19815611722329804
BARK1,GYS2_1_13,-0.19815611722329804
CDK,GYS2_1_13,-0.19815611722329804
DMPK,GYS2_1_13,-0.19815611722329804
IKK,GYS2_1_13,-0.19815611722329804
MAPKAPK,GYS2_1_13,-0.19815611722329804
MTOR,GYS2_1_13,-0.19815611722329804
PEK,GYS2_1_13,-0.19815611722329804
PHK,GYS2_1_13,-0.19815611722329804
PKA,GYS2_1_13,-0.19815611722329804
PKCA,GYS2_1_13,-0.19815611722329804
QIK,GYS2_1_13,-0.19815611722329804
RSK,GYS2_1_13,-0.19815611722329804
SGK,GYS2_1_13,-0.19815611722329804
VRK2,GYS2_1_13,-0.19815611722329804
AKT,H2B1B_ 27_40,-0.04057686946366819
AMPK,H2B1B_ 27_40,-0.04057686946366819
BARK1,H2B1B_ 27_40,-0.04057686946366819
CAMK1,H2B1B_ 27_40,-0.04057686946366819
CDK,H2B1B_ 27_40,-0.04057686946366819
COT,H2B1B_ 27_40,-0.04057686946366819
DAPK,H2B1B_ 27_40,-0.04057686946366819
DMPK,H2B1B_ 27_40,-0.04057686946366819
IKK,H2B1B_ 27_40,-0.04057686946366819
MLK,H2B1B_ 27_40,-0.04057686946366819
MST,H2B1B_ 27_40,-0.04057686946366819
PAKA,H2B1B_ 27_40,-0.04057686946366819
PAKB,H2B1B_ 27_40,-0.04057686946366819
PDHK,H2B1B_ 27_40,-0.04057686946366819
PEK,H2B1B_ 27_40,-0.04057686946366819
PHK,H2B1B_ 27_40,-0.04057686946366819
PIM,H2B1B_ 27_40,-0.04057686946366819
PKA,H2B1B_ 27_40,-0.04057686946366819
PKCA,H2B1B_ 27_40,-0.04057686946366819
PKCH,H2B1B_ 27_40,-0.04057686946366819
PKD,H2B1B_ 27_40,-0.04057686946366819
PKG,H2B1B_ 27_40,-0.04057686946366819
PLK,H2B1B_ 27_40,-0.04057686946366819
QIK,H2B1B_ 27_40,-0.04057686946366819
RAD53,H2B1B_ 27_40,-0.04057686946366819
RSK,H2B1B_ 27_40,-0.04057686946366819
SGK,H2B1B_ 27_40,-0.04057686946366819
VRK2,H2B1B_ 27_40,-0.04057686946366819
AMPK,H32_3_18,-0.01026681376925136
ATR,H32_3_18,-0.01026681376925136
AUR,H32_3_18,-0.01026681376925136
BARK1,H32_3_18,-0.01026681376925136
DAPK,H32_3_18,-0.01026681376925136
DMPK,H32_3_18,-0.01026681376925136
DYRK,H32_3_18,-0.01026681376925136
MLK,H32_3_18,-0.01026681376925136
MST,H32_3_18,-0.01026681376925136
MTOR,H32_3_18,-0.01026681376925136
PHK,H32_3_18,-0.01026681376925136
PIM,H32_3_18,-0.01026681376925136
PKCA,H32_3_18,-0.01026681376925136
PKCD,H32_3_18,-0.01026681376925136
PRKDC,H32_3_18,-0.01026681376925136
QIK,H32_3_18,-0.01026681376925136
RAD53,H32_3_18,-0.01026681376925136
RSK,H32_3_18,-0.01026681376925136
STE7,H32_3_18,-0.01026681376925136
VRK1,H32_3_18,-0.01026681376925136
VRK2,H32_3_18,-0.01026681376925136
BARK1,IF4E_203_215,-0.1928563709568388
CDK,IF4E_203_215,-0.1928563709568388
DMPK,IF4E_203_215,-0.1928563709568388
ERK,IF4E_203_215,-0.1928563709568388
GRK,IF4E_203_215,-0.1928563709568388
IKK,IF4E_203_215,-0.1928563709568388
LKB,IF4E_203_215,-0.1928563709568388
MAPKAPK,IF4E_203_215,-0.1928563709568388
MLK,IF4E_203_215,-0.1928563709568388
P38,IF4E_203_215,-0.1928563709568388
PEK,IF4E_203_215,-0.1928563709568388
PKCA,IF4E_203_215,-0.1928563709568388
QIK,IF4E_203_215,-0.1928563709568388
RIPK,IF4E_203_215,-0.1928563709568388
STKR,IF4E_203_215,-0.1928563709568388
VRK1,IF4E_203_215,-0.1928563709568388
VRK2,IF4E_203_215,-0.1928563709568388
BARK1,KAP2_92_104,0.3635282883363032
CDK,KAP2_92_104,0.3635282883363032
CK2,KAP2_92_104,0.3635282883363032
DMPK,KAP2_92_104,0.3635282883363032
ERK,KAP2_92_104,0.3635282883363032
GSK,KAP2_92_104,0.3635282883363032
MAPKAPK,KAP2_92_104,0.3635282883363032
PDHK,KAP2_92_104,0.3635282883363032
PEK,KAP2_92_104,0.3635282883363032
PHK,KAP2_92_104,0.3635282883363032
PIM,KAP2_92_104,0.3635282883363032
PKA,KAP2_92_104,0.3635282883363032
PKCA,KAP2_92_104,0.3635282883363032
PKD,KAP2_92_104,0.3635282883363032
PKG,KAP2_92_104,0.3635282883363032
QIK,KAP2_92_104,0.3635282883363032
RIPK,KAP2_92_104,0.3635282883363032
RSK,KAP2_92_104,0.3635282883363032
VRK2,KAP2_92_104,0.3635282883363032
AKT,KAP3_107_119,0.4373902244222461
AUR,KAP3_107_119,0.4373902244222461
BARK1,KAP3_107_119,0.4373902244222461
DMPK,KAP3_107_119,0.4373902244222461
MAPKAPK,KAP3_107_119,0.4373902244222461
PDHK,KAP3_107_119,0.4373902244222461
PHK,KAP3_107_119,0.4373902244222461
PKA,KAP3_107_119,0.4373902244222461
PKCA,KAP3_107_119,0.4373902244222461
RIPK,KAP3_107_119,0.4373902244222461
VRK2,KAP3_107_119,0.4373902244222461
BARK1,KAPCG_192_206,0.020216068004746
CAMK2,KAPCG_192_206,0.020216068004746
CDK,KAPCG_192_206,0.020216068004746
DMPK,KAPCG_192_206,0.020216068004746
DYRK,KAPCG_192_206,0.020216068004746
ERK,KAPCG_192_206,0.020216068004746
GSK,KAPCG_192_206,0.020216068004746
IKK,KAPCG_192_206,0.020216068004746
IRAK,KAPCG_192_206,0.020216068004746
LKB,KAPCG_192_206,0.020216068004746
MELK,KAPCG_192_206,0.020216068004746
MST,KAPCG_192_206,0.020216068004746
MTOR,KAPCG_192_206,0.020216068004746
PDHK,KAPCG_192_206,0.020216068004746
PDK1,KAPCG_192_206,0.020216068004746
PHK,KAPCG_192_206,0.020216068004746
PIM,KAPCG_192_206,0.020216068004746
PKCH,KAPCG_192_206,0.020216068004746
VRK2,KAPCG_192_206,0.020216068004746
BARK1,KCC2G_278_289,0.02400131196717906
CAMK2,KCC2G_278_289,0.02400131196717906
CDK,KCC2G_278_289,0.02400131196717906
CK1,KCC2G_278_289,0.02400131196717906
MAPKAPK,KCC2G_278_289,0.02400131196717906
MELK,KCC2G_278_289,0.02400131196717906
MLCK,KCC2G_278_289,0.02400131196717906
PEK,KCC2G_278_289,0.02400131196717906
PHK,KCC2G_278_289,0.02400131196717906
PIM,KCC2G_278_289,0.02400131196717906
PKCA,KCC2G_278_289,0.02400131196717906
PKCI,KCC2G_278_289,0.02400131196717906
PLK,KCC2G_278_289,0.02400131196717906
QIK,KCC2G_278_289,0.02400131196717906
RSK,KCC2G_278_289,0.02400131196717906
SGK,KCC2G_278_289,0.02400131196717906
VRK2,KCC2G_278_289,0.02400131196717906
AKT,KCNA1_438_450,0.49038575483436464
AMPK,KCNA1_438_450,0.49038575483436464
BARK1,KCNA1_438_450,0.49038575483436464
CAMK1,KCNA1_438_450,0.49038575483436464
CDK,KCNA1_438_450,0.49038575483436464
CK1,KCNA1_438_450,0.49038575483436464
DAPK,KCNA1_438_450,0.49038575483436464
DMPK,KCNA1_438_450,0.49038575483436464
ERK,KCNA1_438_450,0.49038575483436464
GRK,KCNA1_438_450,0.49038575483436464
IKK,KCNA1_438_450,0.49038575483436464
JNK,KCNA1_438_450,0.49038575483436464
MAPKAPK,KCNA1_438_450,0.49038575483436464
MELK,KCNA1_438_450,0.49038575483436464
NEK,KCNA1_438_450,0.49038575483436464
P38,KCNA1_438_450,0.49038575483436464
PDHK,KCNA1_438_450,0.49038575483436464
PEK,KCNA1_438_450,0.49038575483436464
PHK,KCNA1_438_450,0.49038575483436464
PKA,KCNA1_438_450,0.49038575483436464
PKCA,KCNA1_438_450,0.49038575483436464
PKD,KCNA1_438_450,0.49038575483436464
PLK,KCNA1_438_450,0.49038575483436464
QIK,KCNA1_438_450,0.49038575483436464
RAD53,KCNA1_438_450,0.49038575483436464
RIPK,KCNA1_438_450,0.49038575483436464
RSK,KCNA1_438_450,0.49038575483436464
SGK,KCNA1_438_450,0.49038575483436464
STE7,KCNA1_438_450,0.49038575483436464
STKR,KCNA1_438_450,0.49038575483436464
VRK2,KCNA1_438_450,0.49038575483436464
AKT,KCNA2_442_454,0.152395729585287
AMPK,KCNA2_442_454,0.152395729585287
BARK1,KCNA2_442_454,0.152395729585287
CAMK1,KCNA2_442_454,0.152395729585287
CAMK2,KCNA2_442_454,0.152395729585287
CDK,KCNA2_442_454,0.152395729585287
CHK1,KCNA2_442_454,0.152395729585287
CK1,KCNA2_442_454,0.152395729585287
DMPK,KCNA2_442_454,0.152395729585287
IKK,KCNA2_442_454,0.152395729585287
JNK,KCNA2_442_454,0.152395729585287
MAPKAPK,KCNA2_442_454,0.152395729585287
NEK,KCNA2_442_454,0.152395729585287
P38,KCNA2_442_454,0.152395729585287
PDHK,KCNA2_442_454,0.152395729585287
PEK,KCNA2_442_454,0.152395729585287
PHK,KCNA2_442_454,0.152395729585287
PIM,KCNA2_442_454,0.152395729585287
PKCA,KCNA2_442_454,0.152395729585287
PKD,KCNA2_442_454,0.152395729585287
QIK,KCNA2_442_454,0.152395729585287
RAD53,KCNA2_442_454,0.152395729585287
RIPK,KCNA2_442_454,0.152395729585287
RSK,KCNA2_442_454,0.152395729585287
SGK,KCNA2_442_454,0.152395729585287
STKR,KCNA2_442_454,0.152395729585287
VRK2,KCNA2_442_454,0.152395729585287
AKT,KCNA3_461_473,0.025332636467397
AMPK,KCNA3_461_473,0.025332636467397
BARK1,KCNA3_461_473,0.025332636467397
CAMK1,KCNA3_461_473,0.025332636467397
CDK,KCNA3_461_473,0.025332636467397
CHK1,KCNA3_461_473,0.025332636467397
CK1,KCNA3_461_473,0.025332636467397
DMPK,KCNA3_461_473,0.025332636467397
IKK,KCNA3_461_473,0.025332636467397
JNK,KCNA3_461_473,0.025332636467397
KHS,KCNA3_461_473,0.025332636467397
MAPKAPK,KCNA3_461_473,0.025332636467397
MARK,KCNA3_461_473,0.025332636467397
MST,KCNA3_461_473,0.025332636467397
P38,KCNA3_461_473,0.025332636467397
PAKA,KCNA3_461_473,0.025332636467397
PDHK,KCNA3_461_473,0.025332636467397
PDK1,KCNA3_461_473,0.025332636467397
PEK,KCNA3_461_473,0.025332636467397
PHK,KCNA3_461_473,0.025332636467397
PKA,KCNA3_461_473,0.025332636467397
PKCA,KCNA3_461_473,0.025332636467397
PKD,KCNA3_461_473,0.025332636467397
PKG,KCNA3_461_473,0.025332636467397
PLK,KCNA3_461_473,0.025332636467397
QIK,KCNA3_461_473,0.025332636467397
RAD53,KCNA3_461_473,0.025332636467397
RSK,KCNA3_461_473,0.025332636467397
STE7,KCNA3_461_473,0.025332636467397
VRK2,KCNA3_461_473,0.025332636467397
AMPK,KCNB1_489_501,-0.07685544108315263
BARK1,KCNB1_489_501,-0.07685544108315263
CAMK1,KCNB1_489_501,-0.07685544108315263
CAMK2,KCNB1_489_501,-0.07685544108315263
CDK,KCNB1_489_501,-0.07685544108315263
CHK1,KCNB1_489_501,-0.07685544108315263
CK1,KCNB1_489_501,-0.07685544108315263
CK2,KCNB1_489_501,-0.07685544108315263
DAPK,KCNB1_489_501,-0.07685544108315263
DMPK,KCNB1_489_501,-0.07685544108315263
GRK,KCNB1_489_501,-0.07685544108315263
IKK,KCNB1_489_501,-0.07685544108315263
MAPKAPK,KCNB1_489_501,-0.07685544108315263
MELK,KCNB1_489_501,-0.07685544108315263
MLCK,KCNB1_489_501,-0.07685544108315263
MLK,KCNB1_489_501,-0.07685544108315263
MST,KCNB1_489_501,-0.07685544108315263
NAK,KCNB1_489_501,-0.07685544108315263
NEK,KCNB1_489_501,-0.07685544108315263
PDHK,KCNB1_489_501,-0.07685544108315263
PEK,KCNB1_489_501,-0.07685544108315263
PHK,KCNB1_489_501,-0.07685544108315263
PIM,KCNB1_489_501,-0.07685544108315263
PKA,KCNB1_489_501,-0.07685544108315263
PKCA,KCNB1_489_501,-0.07685544108315263
PKCD,KCNB1_489_501,-0.07685544108315263
PKD,KCNB1_489_501,-0.07685544108315263
QIK,KCNB1_489_501,-0.07685544108315263
RIPK,KCNB1_489_501,-0.07685544108315263
RSK,KCNB1_489_501,-0.07685544108315263
SGK,KCNB1_489_501,-0.07685544108315263
STE7,KCNB1_489_501,-0.07685544108315263
STKR,KCNB1_489_501,-0.07685544108315263
VRK2,KCNB1_489_501,-0.07685544108315263
BARK1,KIF2C_105_118_S106G,0.07197889768856727
CAMK2,KIF2C_105_118_S106G,0.07197889768856727
CDK,KIF2C_105_118_S106G,0.07197889768856727
DMPK,KIF2C_105_118_S106G,0.07197889768856727
FRAY,KIF2C_105_118_S106G,0.07197889768856727
IKK,KIF2C_105_118_S106G,0.07197889768856727
MELK,KIF2C_105_118_S106G,0.07197889768856727
NEK,KIF2C_105_118_S106G,0.07197889768856727
PAKA,KIF2C_105_118_S106G,0.07197889768856727
PDHK,KIF2C_105_118_S106G,0.07197889768856727
PEK,KIF2C_105_118_S106G,0.07197889768856727
PHK,KIF2C_105_118_S106G,0.07197889768856727
PKCA,KIF2C_105_118_S106G,0.07197889768856727
PKD,KIF2C_105_118_S106G,0.07197889768856727
QIK,KIF2C_105_118_S106G,0.07197889768856727
RIPK,KIF2C_105_118_S106G,0.07197889768856727
RSK,KIF2C_105_118_S106G,0.07197889768856727
VRK2,KIF2C_105_118_S106G,0.07197889768856727
BARK1,KPB1_1011_1023,0.5461402582280656
CDK,KPB1_1011_1023,0.5461402582280656
CK1,KPB1_1011_1023,0.5461402582280656
DMPK,KPB1_1011_1023,0.5461402582280656
IKK,KPB1_1011_1023,0.5461402582280656
P38,KPB1_1011_1023,0.5461402582280656
PAKA,KPB1_1011_1023,0.5461402582280656
PDHK,KPB1_1011_1023,0.5461402582280656
PEK,KPB1_1011_1023,0.5461402582280656
PHK,KPB1_1011_1023,0.5461402582280656
PIM,KPB1_1011_1023,0.5461402582280656
PKA,KPB1_1011_1023,0.5461402582280656
PKCA,KPB1_1011_1023,0.5461402582280656
PKD,KPB1_1011_1023,0.5461402582280656
RIPK,KPB1_1011_1023,0.5461402582280656
RSK,KPB1_1011_1023,0.5461402582280656
SGK,KPB1_1011_1023,0.5461402582280656
VRK2,KPB1_1011_1023,0.5461402582280656
BARK1,KS6A1_374_386,-0.13494113661966653
COT,KS6A1_374_386,-0.13494113661966653
FRAY,KS6A1_374_386,-0.13494113661966653
MAPKAPK,KS6A1_374_386,-0.13494113661966653
MSN,KS6A1_374_386,-0.13494113661966653
MTOR,KS6A1_374_386,-0.13494113661966653
PDHK,KS6A1_374_386,-0.13494113661966653
PDK1,KS6A1_374_386,-0.13494113661966653
PEK,KS6A1_374_386,-0.13494113661966653
PHK,KS6A1_374_386,-0.13494113661966653
PIM,KS6A1_374_386,-0.13494113661966653
PKCA,KS6A1_374_386,-0.13494113661966653
RAD53,KS6A1_374_386,-0.13494113661966653
RSK,KS6A1_374_386,-0.13494113661966653
STE7,KS6A1_374_386,-0.13494113661966653
VRK2,KS6A1_374_386,-0.13494113661966653
AMPK,LIPS_944_956,0.373569590864222
ATR,LIPS_944_956,0.373569590864222
BARK1,LIPS_944_956,0.373569590864222
CDK,LIPS_944_956,0.373569590864222
DMPK,LIPS_944_956,0.373569590864222
ERK,LIPS_944_956,0.373569590864222
NDR,LIPS_944_956,0.373569590864222
PDHK,LIPS_944_956,0.373569590864222
PEK,LIPS_944_956,0.373569590864222
PIM,LIPS_944_956,0.373569590864222
PKA,LIPS_944_956,0.373569590864222
PKCA,LIPS_944_956,0.373569590864222
PKG,LIPS_944_956,0.373569590864222
PRKDC,LIPS_944_956,0.373569590864222
RAF,LIPS_944_956,0.373569590864222
RSK,LIPS_944_956,0.373569590864222
STE7,LIPS_944_956,0.373569590864222
VRK2,LIPS_944_956,0.373569590864222
BARK1,LMNB1_16_28,-0.211281963278722
CDK,LMNB1_16_28,-0.211281963278722
DMPK,LMNB1_16_28,-0.211281963278722
DYRK,LMNB1_16_28,-0.211281963278722
ERK,LMNB1_16_28,-0.211281963278722
GSK,LMNB1_16_28,-0.211281963278722
IKK,LMNB1_16_28,-0.211281963278722
IRAK,LMNB1_16_28,-0.211281963278722
JNK,LMNB1_16_28,-0.211281963278722
MLK,LMNB1_16_28,-0.211281963278722
NMO,LMNB1_16_28,-0.211281963278722
P38,LMNB1_16_28,-0.211281963278722
PDK1,LMNB1_16_28,-0.211281963278722
PEK,LMNB1_16_28,-0.211281963278722
PIM,LMNB1_16_28,-0.211281963278722
PKCA,LMNB1_16_28,-0.211281963278722
PKG,LMNB1_16_28,-0.211281963278722
RSK,LMNB1_16_28,-0.211281963278722
STE7,LMNB1_16_28,-0.211281963278722
VRK2,LMNB1_16_28,-0.211281963278722
BARK1,MARCS_152_164,-0.12744374007954562
CDK,MARCS_152_164,-0.12744374007954562
DAPK,MARCS_152_164,-0.12744374007954562
DMPK,MARCS_152_164,-0.12744374007954562
ERK,MARCS_152_164,-0.12744374007954562
JNK,MARCS_152_164,-0.12744374007954562
P38,MARCS_152_164,-0.12744374007954562
PAKA,MARCS_152_164,-0.12744374007954562
PDHK,MARCS_152_164,-0.12744374007954562
PDK1,MARCS_152_164,-0.12744374007954562
PEK,MARCS_152_164,-0.12744374007954562
PHK,MARCS_152_164,-0.12744374007954562
PKA,MARCS_152_164,-0.12744374007954562
PKCA,MARCS_152_164,-0.12744374007954562
PKCH,MARCS_152_164,-0.12744374007954562
PKCI,MARCS_152_164,-0.12744374007954562
PKD,MARCS_152_164,-0.12744374007954562
PKG,MARCS_152_164,-0.12744374007954562
PKN,MARCS_152_164,-0.12744374007954562
RAD53,MARCS_152_164,-0.12744374007954562
VRK2,MARCS_152_164,-0.12744374007954562
BARK1,MARCS_160_172,-0.22260511394244187
CDK,MARCS_160_172,-0.22260511394244187
DMPK,MARCS_160_172,-0.22260511394244187
ERK,MARCS_160_172,-0.22260511394244187
JNK,MARCS_160_172,-0.22260511394244187
MLK,MARCS_160_172,-0.22260511394244187
P38,MARCS_160_172,-0.22260511394244187
PDHK,MARCS_160_172,-0.22260511394244187
PDK1,MARCS_160_172,-0.22260511394244187
PEK,MARCS_160_172,-0.22260511394244187
PKCA,MARCS_160_172,-0.22260511394244187
RAD53,MARCS_160_172,-0.22260511394244187
RIPK,MARCS_160_172,-0.22260511394244187
VRK2,MARCS_160_172,-0.22260511394244187
BARK1,MBP_222_234,-0.23312465690664175
CDK,MBP_222_234,-0.23312465690664175
DYRK,MBP_222_234,-0.23312465690664175
ERK,MBP_222_234,-0.23312465690664175
GSK,MBP_222_234,-0.23312465690664175
JNK,MBP_222_234,-0.23312465690664175
MTOR,MBP_222_234,-0.23312465690664175
PDK1,MBP_222_234,-0.23312465690664175
PEK,MBP_222_234,-0.23312465690664175
VRK2,MBP_222_234,-0.23312465690664175
BARK1,MP2K1_287_299,-0.21530254360460108
CDK,MP2K1_287_299,-0.21530254360460108
DMPK,MP2K1_287_299,-0.21530254360460108
DYRK,MP2K1_287_299,-0.21530254360460108
ERK,MP2K1_287_299,-0.21530254360460108
JNK,MP2K1_287_299,-0.21530254360460108
MAPKAPK,MP2K1_287_299,-0.21530254360460108
P38,MP2K1_287_299,-0.21530254360460108
PAKA,MP2K1_287_299,-0.21530254360460108
PDHK,MP2K1_287_299,-0.21530254360460108
PDK1,MP2K1_287_299,-0.21530254360460108
PEK,MP2K1_287_299,-0.21530254360460108
PHK,MP2K1_287_299,-0.21530254360460108
PIM,MP2K1_287_299,-0.21530254360460108
PKCA,MP2K1_287_299,-0.21530254360460108
PKD,MP2K1_287_299,-0.21530254360460108
STE7,MP2K1_287_299,-0.21530254360460108
VRK2,MP2K1_287_299,-0.21530254360460108
ATR,MPIP1_172_184,-0.11611350724583028
BARK1,MPIP1_172_184,-0.11611350724583028
CHK1,MPIP1_172_184,-0.11611350724583028
DMPK,MPIP1_172_184,-0.11611350724583028
MAPKAPK,MPIP1_172_184,-0.11611350724583028
PHK,MPIP1_172_184,-0.11611350724583028
PIM,MPIP1_172_184,-0.11611350724583028
PKCA,MPIP1_172_184,-0.11611350724583028
PRKDC,MPIP1_172_184,-0.11611350724583028
QIK,MPIP1_172_184,-0.11611350724583028
RAD53,MPIP1_172_184,-0.11611350724583028
RAF,MPIP1_172_184,-0.11611350724583028
RSK,MPIP1_172_184,-0.11611350724583028
VRK2,MPIP1_172_184,-0.11611350724583028
BARK1,MPIP3_208_220,0.00404126378769698
BRSK,MPIP3_208_220,0.00404126378769698
CAMK1,MPIP3_208_220,0.00404126378769698
CDK,MPIP3_208_220,0.00404126378769698
CHK1,MPIP3_208_220,0.00404126378769698
DMPK,MPIP3_208_220,0.00404126378769698
DYRK,MPIP3_208_220,0.00404126378769698
ERK,MPIP3_208_220,0.00404126378769698
IKK,MPIP3_208_220,0.00404126378769698
JNK,MPIP3_208_220,0.00404126378769698
MAPKAPK,MPIP3_208_220,0.00404126378769698
MARK,MPIP3_208_220,0.00404126378769698
MELK,MPIP3_208_220,0.00404126378769698
P38,MPIP3_208_220,0.00404126378769698
PDK1,MPIP3_208_220,0.00404126378769698
PEK,MPIP3_208_220,0.00404126378769698
PHK,MPIP3_208_220,0.00404126378769698
PKCA,MPIP3_208_220,0.00404126378769698
QIK,MPIP3_208_220,0.00404126378769698
RAD53,MPIP3_208_220,0.00404126378769698
RIPK,MPIP3_208_220,0.00404126378769698
VRK2,MPIP3_208_220,0.00404126378769698
AUR,MYPC3_268_280,0.42143052767338673
BARK1,MYPC3_268_280,0.42143052767338673
DMPK,MYPC3_268_280,0.42143052767338673
IKK,MYPC3_268_280,0.42143052767338673
MLK,MYPC3_268_280,0.42143052767338673
MTOR,MYPC3_268_280,0.42143052767338673
PEK,MYPC3_268_280,0.42143052767338673
PHK,MYPC3_268_280,0.42143052767338673
PKA,MYPC3_268_280,0.42143052767338673
PKCA,MYPC3_268_280,0.42143052767338673
PKG,MYPC3_268_280,0.42143052767338673
QIK,MYPC3_268_280,0.42143052767338673
RIPK,MYPC3_268_280,0.42143052767338673
RSK,MYPC3_268_280,0.42143052767338673
VRK2,MYPC3_268_280,0.42143052767338673
BARK1,NCF1_296_308,0.3136668806568152
BARK2,NCF1_296_308,0.3136668806568152
AKT,NCF1_296_308,0.3136668806568152
DMPK,NCF1_296_308,0.3136668806568152
IKK,NCF1_296_308,0.3136668806568152
MELK,NCF1_296_308,0.3136668806568152
NEK,NCF1_296_308,0.3136668806568152
PAKA,NCF1_296_308,0.3136668806568152
PEK,NCF1_296_308,0.3136668806568152
PHK,NCF1_296_308,0.3136668806568152
PIM,NCF1_296_308,0.3136668806568152
PKA,NCF1_296_308,0.3136668806568152
PKCA,NCF1_296_308,0.3136668806568152
PKCD,NCF1_296_308,0.3136668806568152
PKCH,NCF1_296_308,0.3136668806568152
PKCI,NCF1_296_308,0.3136668806568152
PKD,NCF1_296_308,0.3136668806568152
VRK2,NCF1_296_308,0.3136668806568152
AKT,NCF1_321_333,0.42062776699550614
BARK1,NCF1_321_333,0.42062776699550614
DMPK,NCF1_321_333,0.42062776699550614
IRAK,NCF1_321_333,0.42062776699550614
PHK,NCF1_321_333,0.42062776699550614
PKA,NCF1_321_333,0.42062776699550614
PKCA,NCF1_321_333,0.42062776699550614
PKCD,NCF1_321_333,0.42062776699550614
QIK,NCF1_321_333,0.42062776699550614
VRK2,NCF1_321_333,0.42062776699550614
BARK1,NEK2_172_184,-0.1921875641557905
CAMK1,NEK2_172_184,-0.1921875641557905
CAMK2,NEK2_172_184,-0.1921875641557905
CDK,NEK2_172_184,-0.1921875641557905
DYRK,NEK2_172_184,-0.1921875641557905
ERK,NEK2_172_184,-0.1921875641557905
FRAY,NEK2_172_184,-0.1921875641557905
LKB,NEK2_172_184,-0.1921875641557905
MELK,NEK2_172_184,-0.1921875641557905
MST,NEK2_172_184,-0.1921875641557905
MTOR,NEK2_172_184,-0.1921875641557905
NEK,NEK2_172_184,-0.1921875641557905
P38,NEK2_172_184,-0.1921875641557905
PDHK,NEK2_172_184,-0.1921875641557905
PDK1,NEK2_172_184,-0.1921875641557905
PEK,NEK2_172_184,-0.1921875641557905
PKCA,NEK2_172_184,-0.1921875641557905
PKCH,NEK2_172_184,-0.1921875641557905
RSK,NEK2_172_184,-0.1921875641557905
STE11,NEK2_172_184,-0.1921875641557905
STE7,NEK2_172_184,-0.1921875641557905
VRK2,NEK2_172_184,-0.1921875641557905
BARK1,NEK3_158_170,-0.22659736060802277
CAMK2,NEK3_158_170,-0.22659736060802277
DYRK,NEK3_158_170,-0.22659736060802277
ERK,NEK3_158_170,-0.22659736060802277
LKB,NEK3_158_170,-0.22659736060802277
MST,NEK3_158_170,-0.22659736060802277
NEK,NEK3_158_170,-0.22659736060802277
PDHK,NEK3_158_170,-0.22659736060802277
PDK1,NEK3_158_170,-0.22659736060802277
PEK,NEK3_158_170,-0.22659736060802277
PKCH,NEK3_158_170,-0.22659736060802277
STE11,NEK3_158_170,-0.22659736060802277
STE7,NEK3_158_170,-0.22659736060802277
VRK2,NEK3_158_170,-0.22659736060802277
BARK1,NFKB1_330_342,0.4768577707122971
CDK,NFKB1_330_342,0.4768577707122971
DMPK,NFKB1_330_342,0.4768577707122971
IKK,NFKB1_330_342,0.4768577707122971
MAPKAPK,NFKB1_330_342,0.4768577707122971
PAKA,NFKB1_330_342,0.4768577707122971
PDHK,NFKB1_330_342,0.4768577707122971
PEK,NFKB1_330_342,0.4768577707122971
PIM,NFKB1_330_342,0.4768577707122971
PKA,NFKB1_330_342,0.4768577707122971
PKCA,NFKB1_330_342,0.4768577707122971
PKG,NFKB1_330_342,0.4768577707122971
PLK,NFKB1_330_342,0.4768577707122971
STE7,NFKB1_330_342,0.4768577707122971
VRK2,NFKB1_330_342,0.4768577707122971
BARK1,NMDZ1_890_902,0.1765148632255761
AKT,NMDZ1_890_902,0.1765148632255761
AMPK,NMDZ1_890_902,0.1765148632255761
AUR,NMDZ1_890_902,0.1765148632255761
CAMK1,NMDZ1_890_902,0.1765148632255761
CDK,NMDZ1_890_902,0.1765148632255761
CHK1,NMDZ1_890_902,0.1765148632255761
DAPK,NMDZ1_890_902,0.1765148632255761
DMPK,NMDZ1_890_902,0.1765148632255761
FRAY,NMDZ1_890_902,0.1765148632255761
GRK,NMDZ1_890_902,0.1765148632255761
IKK,NMDZ1_890_902,0.1765148632255761
MELK,NMDZ1_890_902,0.1765148632255761
MLK,NMDZ1_890_902,0.1765148632255761
MSN,NMDZ1_890_902,0.1765148632255761
MST,NMDZ1_890_902,0.1765148632255761
MTOR,NMDZ1_890_902,0.1765148632255761
PAKA,NMDZ1_890_902,0.1765148632255761
PDHK,NMDZ1_890_902,0.1765148632255761
PDK1,NMDZ1_890_902,0.1765148632255761
PEK,NMDZ1_890_902,0.1765148632255761
PHK,NMDZ1_890_902,0.1765148632255761
PIM,NMDZ1_890_902,0.1765148632255761
PKA,NMDZ1_890_902,0.1765148632255761
PKCA,NMDZ1_890_902,0.1765148632255761
PKCI,NMDZ1_890_902,0.1765148632255761
PKD,NMDZ1_890_902,0.1765148632255761
PKG,NMDZ1_890_902,0.1765148632255761
PLK,NMDZ1_890_902,0.1765148632255761
QIK,NMDZ1_890_902,0.1765148632255761
RAD53,NMDZ1_890_902,0.1765148632255761
RAF,NMDZ1_890_902,0.1765148632255761
RIPK,NMDZ1_890_902,0.1765148632255761
RSK,NMDZ1_890_902,0.1765148632255761
SGK,NMDZ1_890_902,0.1765148632255761
STE7,NMDZ1_890_902,0.1765148632255761
VRK2,NMDZ1_890_902,0.1765148632255761
AKT,NOS3_1171_1183,0.07719324773936562
AMPK,NOS3_1171_1183,0.07719324773936562
BARK1,NOS3_1171_1183,0.07719324773936562
CDK,NOS3_1171_1183,0.07719324773936562
CK1,NOS3_1171_1183,0.07719324773936562
DMPK,NOS3_1171_1183,0.07719324773936562
MELK,NOS3_1171_1183,0.07719324773936562
PDHK,NOS3_1171_1183,0.07719324773936562
PDK1,NOS3_1171_1183,0.07719324773936562
PEK,NOS3_1171_1183,0.07719324773936562
PHK,NOS3_1171_1183,0.07719324773936562
PIM,NOS3_1171_1183,0.07719324773936562
PKA,NOS3_1171_1183,0.07719324773936562
PKCA,NOS3_1171_1183,0.07719324773936562
PKG,NOS3_1171_1183,0.07719324773936562
QIK,NOS3_1171_1183,0.07719324773936562
RAD53,NOS3_1171_1183,0.07719324773936562
RIPK,NOS3_1171_1183,0.07719324773936562
RSK,NOS3_1171_1183,0.07719324773936562
SGK,NOS3_1171_1183,0.07719324773936562
VRK2,NOS3_1171_1183,0.07719324773936562
AKT,NR4A1_344_356,-0.17807208649656067
BARK1,NR4A1_344_356,-0.17807208649656067
CDK,NR4A1_344_356,-0.17807208649656067
DMPK,NR4A1_344_356,-0.17807208649656067
PHK,NR4A1_344_356,-0.17807208649656067
PIM,NR4A1_344_356,-0.17807208649656067
PKA,NR4A1_344_356,-0.17807208649656067
PKCA,NR4A1_344_356,-0.17807208649656067
RAF,NR4A1_344_356,-0.17807208649656067
RSK,NR4A1_344_356,-0.17807208649656067
VRK2,NR4A1_344_356,-0.17807208649656067
AUR,P53_308_323,-0.1637542830624608
BARK1,P53_308_323,-0.1637542830624608
CAMK1,P53_308_323,-0.1637542830624608
CDK,P53_308_323,-0.1637542830624608
DYRK,P53_308_323,-0.1637542830624608
ERK,P53_308_323,-0.1637542830624608
IKK,P53_308_323,-0.1637542830624608
JNK,P53_308_323,-0.1637542830624608
P38,P53_308_323,-0.1637542830624608
PKCA,P53_308_323,-0.1637542830624608
PLK,P53_308_323,-0.1637542830624608
QIK,P53_308_323,-0.1637542830624608
STE7,P53_308_323,-0.1637542830624608
VRK2,P53_308_323,-0.1637542830624608
AUR,PLEK_106_118,0.11017144779516976
BARK1,PLEK_106_118,0.11017144779516976
CDK,PLEK_106_118,0.11017144779516976
CK1,PLEK_106_118,0.11017144779516976
DMPK,PLEK_106_118,0.11017144779516976
MST,PLEK_106_118,0.11017144779516976
PEK,PLEK_106_118,0.11017144779516976
PKCA,PLEK_106_118,0.11017144779516976
PKCD,PLEK_106_118,0.11017144779516976
PKCH,PLEK_106_118,0.11017144779516976
PLK,PLEK_106_118,0.11017144779516976
VRK2,PLEK_106_118,0.11017144779516976
BARK1,PLM_76_88,0.35751422096728075
CDK,PLM_76_88,0.35751422096728075
DMPK,PLM_76_88,0.35751422096728075
IKK,PLM_76_88,0.35751422096728075
PAKA,PLM_76_88,0.35751422096728075
PDHK,PLM_76_88,0.35751422096728075
PDK1,PLM_76_88,0.35751422096728075
PEK,PLM_76_88,0.35751422096728075
PIM,PLM_76_88,0.35751422096728075
PKA,PLM_76_88,0.35751422096728075
PKCA,PLM_76_88,0.35751422096728075
PKD,PLM_76_88,0.35751422096728075
PKG,PLM_76_88,0.35751422096728075
PLK,PLM_76_88,0.35751422096728075
RAD53,PLM_76_88,0.35751422096728075
RIPK,PLM_76_88,0.35751422096728075
RSK,PLM_76_88,0.35751422096728075
STE7,PLM_76_88,0.35751422096728075
VRK2,PLM_76_88,0.35751422096728075
EGFR,PP2AB_297_309,-0.04207257206780657
CSK,PP2AB_297_309,-0.04207257206780657
TEC,PP2AB_297_309,-0.04207257206780657
PDGFR,PP2AB_297_309,-0.04207257206780657
SYK,PP2AB_297_309,-0.04207257206780657
AXL,PP2AB_297_309,-0.04207257206780657
VEGFR,PP2AB_297_309,-0.04207257206780657
BARK1,PP2AB_297_309,-0.04207257206780657
BARK2,PP2AB_297_309,-0.04207257206780657
CDK,PP2AB_297_309,-0.04207257206780657
DYRK,PP2AB_297_309,-0.04207257206780657
JNK,PP2AB_297_309,-0.04207257206780657
VRK2,PP2AB_297_309,-0.04207257206780657
AKT,PPR1A_28_40,-0.09249897958334805
BARK1,PPR1A_28_40,-0.09249897958334805
CDK,PPR1A_28_40,-0.09249897958334805
DAPK,PPR1A_28_40,-0.09249897958334805
DMPK,PPR1A_28_40,-0.09249897958334805
DYRK,PPR1A_28_40,-0.09249897958334805
GSK,PPR1A_28_40,-0.09249897958334805
JNK,PPR1A_28_40,-0.09249897958334805
P38,PPR1A_28_40,-0.09249897958334805
PDK1,PPR1A_28_40,-0.09249897958334805
PEK,PPR1A_28_40,-0.09249897958334805
PHK,PPR1A_28_40,-0.09249897958334805
PKA,PPR1A_28_40,-0.09249897958334805
RSK,PPR1A_28_40,-0.09249897958334805
VRK2,PPR1A_28_40,-0.09249897958334805
ATR,PRKDC_2618_2630,-0.2717181902657784
BARK1,PRKDC_2618_2630,-0.2717181902657784
BARK2,PRKDC_2618_2630,-0.2717181902657784
CK1,PRKDC_2618_2630,-0.2717181902657784
DMPK,PRKDC_2618_2630,-0.2717181902657784
IKK,PRKDC_2618_2630,-0.2717181902657784
MELK,PRKDC_2618_2630,-0.2717181902657784
MLK,PRKDC_2618_2630,-0.2717181902657784
MTOR,PRKDC_2618_2630,-0.2717181902657784
NEK,PRKDC_2618_2630,-0.2717181902657784
P38,PRKDC_2618_2630,-0.2717181902657784
PHK,PRKDC_2618_2630,-0.2717181902657784
PIM,PRKDC_2618_2630,-0.2717181902657784
PKA,PRKDC_2618_2630,-0.2717181902657784
PKCA,PRKDC_2618_2630,-0.2717181902657784
PKG,PRKDC_2618_2630,-0.2717181902657784
PRKDC,PRKDC_2618_2630,-0.2717181902657784
PLK,PRKDC_2618_2630,-0.2717181902657784
QIK,PRKDC_2618_2630,-0.2717181902657784
SGK,PRKDC_2618_2630,-0.2717181902657784
STE7,PRKDC_2618_2630,-0.2717181902657784
VRK2,PRKDC_2618_2630,-0.2717181902657784
AKT,PTK6_436_448,0.34108052354431173
BARK1,PTK6_436_448,0.34108052354431173
CAMK1,PTK6_436_448,0.34108052354431173
CDK,PTK6_436_448,0.34108052354431173
CK1,PTK6_436_448,0.34108052354431173
DMPK,PTK6_436_448,0.34108052354431173
MAPKAPK,PTK6_436_448,0.34108052354431173
MELK,PTK6_436_448,0.34108052354431173
P38,PTK6_436_448,0.34108052354431173
PAKA,PTK6_436_448,0.34108052354431173
PDHK,PTK6_436_448,0.34108052354431173
PDK1,PTK6_436_448,0.34108052354431173
PEK,PTK6_436_448,0.34108052354431173
PHK,PTK6_436_448,0.34108052354431173
PIM,PTK6_436_448,0.34108052354431173
PKA,PTK6_436_448,0.34108052354431173
PKCA,PTK6_436_448,0.34108052354431173
PKCD,PTK6_436_448,0.34108052354431173
PKCI,PTK6_436_448,0.34108052354431173
PKD,PTK6_436_448,0.34108052354431173
PKG,PTK6_436_448,0.34108052354431173
QIK,PTK6_436_448,0.34108052354431173
RAD53,PTK6_436_448,0.34108052354431173
RSK,PTK6_436_448,0.34108052354431173
STE7,PTK6_436_448,0.34108052354431173
VRK2,PTK6_436_448,0.34108052354431173
BARK1,PTN12_32_44,0.3401844371208688
CDK,PTN12_32_44,0.3401844371208688
DMPK,PTN12_32_44,0.3401844371208688
FRAY,PTN12_32_44,0.3401844371208688
MAPKAPK,PTN12_32_44,0.3401844371208688
MLK,PTN12_32_44,0.3401844371208688
PAKA,PTN12_32_44,0.3401844371208688
PDHK,PTN12_32_44,0.3401844371208688
PEK,PTN12_32_44,0.3401844371208688
PHK,PTN12_32_44,0.3401844371208688
PIM,PTN12_32_44,0.3401844371208688
PKA,PTN12_32_44,0.3401844371208688
PKCA,PTN12_32_44,0.3401844371208688
PKCD,PTN12_32_44,0.3401844371208688
PKD,PTN12_32_44,0.3401844371208688
PKG,PTN12_32_44,0.3401844371208688
QIK,PTN12_32_44,0.3401844371208688
RAD53,PTN12_32_44,0.3401844371208688
RSK,PTN12_32_44,0.3401844371208688
VRK2,PTN12_32_44,0.3401844371208688
BARK1,RADI_559_569,-0.2738483502920131
COT,RADI_559_569,-0.2738483502920131
DMPK,RADI_559_569,-0.2738483502920131
MSN,RADI_559_569,-0.2738483502920131
MST,RADI_559_569,-0.2738483502920131
PHK,RADI_559_569,-0.2738483502920131
PIM,RADI_559_569,-0.2738483502920131
PKCA,RADI_559_569,-0.2738483502920131
SLK,RADI_559_569,-0.2738483502920131
VRK2,RADI_559_569,-0.2738483502920131
AKT,RAF1_253_265,0.00247098707086866
AMPK,RAF1_253_265,0.00247098707086866
BARK1,RAF1_253_265,0.00247098707086866
CAMK1,RAF1_253_265,0.00247098707086866
CDK,RAF1_253_265,0.00247098707086866
DAPK,RAF1_253_265,0.00247098707086866
DMPK,RAF1_253_265,0.00247098707086866
DYRK,RAF1_253_265,0.00247098707086866
ERK,RAF1_253_265,0.00247098707086866
JNK,RAF1_253_265,0.00247098707086866
MAPKAPK,RAF1_253_265,0.00247098707086866
MARK,RAF1_253_265,0.00247098707086866
NDR,RAF1_253_265,0.00247098707086866
P38,RAF1_253_265,0.00247098707086866
PAKA,RAF1_253_265,0.00247098707086866
PDK1,RAF1_253_265,0.00247098707086866
PHK,RAF1_253_265,0.00247098707086866
PKA,RAF1_253_265,0.00247098707086866
PKCA,RAF1_253_265,0.00247098707086866
QIK,RAF1_253_265,0.00247098707086866
RAF,RAF1_253_265,0.00247098707086866
RIPK,RAF1_253_265,0.00247098707086866
RSK,RAF1_253_265,0.00247098707086866
SGK,RAF1_253_265,0.00247098707086866
VRK2,RAF1_253_265,0.00247098707086866
AKT,RAP1B_172_184,-0.09485307123700408
AMPK,RAP1B_172_184,-0.09485307123700408
BARK1,RAP1B_172_184,-0.09485307123700408
CDK,RAP1B_172_184,-0.09485307123700408
DMPK,RAP1B_172_184,-0.09485307123700408
IKK,RAP1B_172_184,-0.09485307123700408
MAPKAPK,RAP1B_172_184,-0.09485307123700408
PDHK,RAP1B_172_184,-0.09485307123700408
PEK,RAP1B_172_184,-0.09485307123700408
PHK,RAP1B_172_184,-0.09485307123700408
PIM,RAP1B_172_184,-0.09485307123700408
PKA,RAP1B_172_184,-0.09485307123700408
PKCA,RAP1B_172_184,-0.09485307123700408
PKG,RAP1B_172_184,-0.09485307123700408
QIK,RAP1B_172_184,-0.09485307123700408
RAD53,RAP1B_172_184,-0.09485307123700408
RSK,RAP1B_172_184,-0.09485307123700408
VRK2,RAP1B_172_184,-0.09485307123700408
BARK1,RBL2_655_667,0.05799794359455923
CDK,RBL2_655_667,0.05799794359455923
CK1,RBL2_655_667,0.05799794359455923
DMPK,RBL2_655_667,0.05799794359455923
DYRK,RBL2_655_667,0.05799794359455923
ERK,RBL2_655_667,0.05799794359455923
FRAY,RBL2_655_667,0.05799794359455923
GSK,RBL2_655_667,0.05799794359455923
IKK,RBL2_655_667,0.05799794359455923
JNK,RBL2_655_667,0.05799794359455923
MAPKAPK,RBL2_655_667,0.05799794359455923
MELK,RBL2_655_667,0.05799794359455923
MTOR,RBL2_655_667,0.05799794359455923
NEK,RBL2_655_667,0.05799794359455923
P38,RBL2_655_667,0.05799794359455923
PDK1,RBL2_655_667,0.05799794359455923
PEK,RBL2_655_667,0.05799794359455923
PHK,RBL2_655_667,0.05799794359455923
PIM,RBL2_655_667,0.05799794359455923
PKCA,RBL2_655_667,0.05799794359455923
PKD,RBL2_655_667,0.05799794359455923
PLK,RBL2_655_667,0.05799794359455923
QIK,RBL2_655_667,0.05799794359455923
RAD53,RBL2_655_667,0.05799794359455923
RAF,RBL2_655_667,0.05799794359455923
RIPK,RBL2_655_667,0.05799794359455923
STE7,RBL2_655_667,0.05799794359455923
VRK2,RBL2_655_667,0.05799794359455923
BARK1,RB_242_254,-0.26529683546031
CDK,RB_242_254,-0.26529683546031
DYRK,RB_242_254,-0.26529683546031
ERK,RB_242_254,-0.26529683546031
IRAK,RB_242_254,-0.26529683546031
P38,RB_242_254,-0.26529683546031
PDK1,RB_242_254,-0.26529683546031
PEK,RB_242_254,-0.26529683546031
PKCA,RB_242_254,-0.26529683546031
PLK,RB_242_254,-0.26529683546031
VRK2,RB_242_254,-0.26529683546031
ATR,RB_350_362,-0.13594237190110517
BARK1,RB_350_362,-0.13594237190110517
CDK,RB_350_362,-0.13594237190110517
DMPK,RB_350_362,-0.13594237190110517
DYRK,RB_350_362,-0.13594237190110517
PDHK,RB_350_362,-0.13594237190110517
PDK1,RB_350_362,-0.13594237190110517
PEK,RB_350_362,-0.13594237190110517
PHK,RB_350_362,-0.13594237190110517
PIM,RB_350_362,-0.13594237190110517
PKCA,RB_350_362,-0.13594237190110517
PRKDC,RB_350_362,-0.13594237190110517
QIK,RB_350_362,-0.13594237190110517
RSK,RB_350_362,-0.13594237190110517
VRK2,RB_350_362,-0.13594237190110517
BARK1,RB_803_815,-0.24385431349665007
CDK,RB_803_815,-0.24385431349665007
CK1,RB_803_815,-0.24385431349665007
DYRK,RB_803_815,-0.24385431349665007
ERK,RB_803_815,-0.24385431349665007
JNK,RB_803_815,-0.24385431349665007
QIK,RB_803_815,-0.24385431349665007
VRK2,RB_803_815,-0.24385431349665007
BARK1,REL_260_272,0.49787717571427
CDK,REL_260_272,0.49787717571427
CK1,REL_260_272,0.49787717571427
DMPK,REL_260_272,0.49787717571427
MAPKAPK,REL_260_272,0.49787717571427
MARK,REL_260_272,0.49787717571427
PAKA,REL_260_272,0.49787717571427
PEK,REL_260_272,0.49787717571427
PIM,REL_260_272,0.49787717571427
PKCA,REL_260_272,0.49787717571427
PKD,REL_260_272,0.49787717571427
PKG,REL_260_272,0.49787717571427
PLK,REL_260_272,0.49787717571427
RSK,REL_260_272,0.49787717571427
STE7,REL_260_272,0.49787717571427
VRK2,REL_260_272,0.49787717571427
AKT,RS6_228_240,0.34069712039737815
BARK1,RS6_228_240,0.34069712039737815
CAMK1,RS6_228_240,0.34069712039737815
CDK,RS6_228_240,0.34069712039737815
DAPK,RS6_228_240,0.34069712039737815
DMPK,RS6_228_240,0.34069712039737815
IKK,RS6_228_240,0.34069712039737815
MAPKAPK,RS6_228_240,0.34069712039737815
MELK,RS6_228_240,0.34069712039737815
PAKA,RS6_228_240,0.34069712039737815
PASK,RS6_228_240,0.34069712039737815
PDHK,RS6_228_240,0.34069712039737815
PEK,RS6_228_240,0.34069712039737815
PHK,RS6_228_240,0.34069712039737815
PIM,RS6_228_240,0.34069712039737815
PKA,RS6_228_240,0.34069712039737815
PKCA,RS6_228_240,0.34069712039737815
PKCD,RS6_228_240,0.34069712039737815
PKCI,RS6_228_240,0.34069712039737815
PKD,RS6_228_240,0.34069712039737815
PKG,RS6_228_240,0.34069712039737815
QIK,RS6_228_240,0.34069712039737815
RIPK,RS6_228_240,0.34069712039737815
RSK,RS6_228_240,0.34069712039737815
SGK,RS6_228_240,0.34069712039737815
VRK2,RS6_228_240,0.34069712039737815
BARK1,RYR1_4317_4329,0.09782049598038758
DMPK,RYR1_4317_4329,0.09782049598038758
PHK,RYR1_4317_4329,0.09782049598038758
PIM,RYR1_4317_4329,0.09782049598038758
PKA,RYR1_4317_4329,0.09782049598038758
PKCA,RYR1_4317_4329,0.09782049598038758
PKCH,RYR1_4317_4329,0.09782049598038758
PKG,RYR1_4317_4329,0.09782049598038758
RSK,RYR1_4317_4329,0.09782049598038758
VRK2,RYR1_4317_4329,0.09782049598038758
BARK1,SCN7A_898_910,0.4708849677349279
DMPK,SCN7A_898_910,0.4708849677349279
HAL,SCN7A_898_910,0.4708849677349279
IKK,SCN7A_898_910,0.4708849677349279
PHK,SCN7A_898_910,0.4708849677349279
PKA,SCN7A_898_910,0.4708849677349279
PKCA,SCN7A_898_910,0.4708849677349279
PKG,SCN7A_898_910,0.4708849677349279
RIPK,SCN7A_898_910,0.4708849677349279
RSK,SCN7A_898_910,0.4708849677349279
VRK2,SCN7A_898_910,0.4708849677349279
AUR,STK6_283_295,0.16436701284490832
BARK1,STK6_283_295,0.16436701284490832
CAMK1,STK6_283_295,0.16436701284490832
CAMK2,STK6_283_295,0.16436701284490832
CDK,STK6_283_295,0.16436701284490832
DMPK,STK6_283_295,0.16436701284490832
FRAY,STK6_283_295,0.16436701284490832
IKK,STK6_283_295,0.16436701284490832
IRAK,STK6_283_295,0.16436701284490832
LKB,STK6_283_295,0.16436701284490832
MELK,STK6_283_295,0.16436701284490832
MLK,STK6_283_295,0.16436701284490832
MTOR,STK6_283_295,0.16436701284490832
NDR,STK6_283_295,0.16436701284490832
NEK,STK6_283_295,0.16436701284490832
PAKA,STK6_283_295,0.16436701284490832
PDHK,STK6_283_295,0.16436701284490832
PDK1,STK6_283_295,0.16436701284490832
PEK,STK6_283_295,0.16436701284490832
PHK,STK6_283_295,0.16436701284490832
PKA,STK6_283_295,0.16436701284490832
PKCA,STK6_283_295,0.16436701284490832
PKCD,STK6_283_295,0.16436701284490832
PLK,STK6_283_295,0.16436701284490832
PRKDC,STK6_283_295,0.16436701284490832
QIK,STK6_283_295,0.16436701284490832
RAD53,STK6_283_295,0.16436701284490832
RSK,STK6_283_295,0.16436701284490832
STE7,STK6_283_295,0.16436701284490832
VRK2,STK6_283_295,0.16436701284490832
AKT,TAU_524_536,-0.3153163269184116
BARK1,TAU_524_536,-0.3153163269184116
CAMK1,TAU_524_536,-0.3153163269184116
CDK,TAU_524_536,-0.3153163269184116
DMPK,TAU_524_536,-0.3153163269184116
DYRK,TAU_524_536,-0.3153163269184116
ERK,TAU_524_536,-0.3153163269184116
GRK,TAU_524_536,-0.3153163269184116
GSK,TAU_524_536,-0.3153163269184116
IKK,TAU_524_536,-0.3153163269184116
JNK,TAU_524_536,-0.3153163269184116
MAPKAPK,TAU_524_536,-0.3153163269184116
MELK,TAU_524_536,-0.3153163269184116
MTOR,TAU_524_536,-0.3153163269184116
P38,TAU_524_536,-0.3153163269184116
PDK1,TAU_524_536,-0.3153163269184116
PEK,TAU_524_536,-0.3153163269184116
PHK,TAU_524_536,-0.3153163269184116
PIM,TAU_524_536,-0.3153163269184116
PKA,TAU_524_536,-0.3153163269184116
PKCA,TAU_524_536,-0.3153163269184116
PKD,TAU_524_536,-0.3153163269184116
PLK,TAU_524_536,-0.3153163269184116
QIK,TAU_524_536,-0.3153163269184116
RAF,TAU_524_536,-0.3153163269184116
RIPK,TAU_524_536,-0.3153163269184116
RSK,TAU_524_536,-0.3153163269184116
SGK,TAU_524_536,-0.3153163269184116
STE11,TAU_524_536,-0.3153163269184116
VRK2,TAU_524_536,-0.3153163269184116
AKT,TOP2A_1463_1475,0.3419635325974906
BARK1,TOP2A_1463_1475,0.3419635325974906
CDK,TOP2A_1463_1475,0.3419635325974906
CK1,TOP2A_1463_1475,0.3419635325974906
CK2,TOP2A_1463_1475,0.3419635325974906
DAPK,TOP2A_1463_1475,0.3419635325974906
DMPK,TOP2A_1463_1475,0.3419635325974906
IKK,TOP2A_1463_1475,0.3419635325974906
MLK,TOP2A_1463_1475,0.3419635325974906
NEK,TOP2A_1463_1475,0.3419635325974906
PAKA,TOP2A_1463_1475,0.3419635325974906
PEK,TOP2A_1463_1475,0.3419635325974906
PHK,TOP2A_1463_1475,0.3419635325974906
PIM,TOP2A_1463_1475,0.3419635325974906
PKA,TOP2A_1463_1475,0.3419635325974906
PKCA,TOP2A_1463_1475,0.3419635325974906
PKG,TOP2A_1463_1475,0.3419635325974906
PLK,TOP2A_1463_1475,0.3419635325974906
QIK,TOP2A_1463_1475,0.3419635325974906
RAD53,TOP2A_1463_1475,0.3419635325974906
RIPK,TOP2A_1463_1475,0.3419635325974906
RSK,TOP2A_1463_1475,0.3419635325974906
VRK2,TOP2A_1463_1475,0.3419635325974906
BARK1,TY3H_65_77,0.5399037122910416
CAMK2,TY3H_65_77,0.5399037122910416
MAPKAPK,TY3H_65_77,0.5399037122910416
PHK,TY3H_65_77,0.5399037122910416
PIM,TY3H_65_77,0.5399037122910416
PKA,TY3H_65_77,0.5399037122910416
PKCA,TY3H_65_77,0.5399037122910416
PKG,TY3H_65_77,0.5399037122910416
QIK,TY3H_65_77,0.5399037122910416
RIPK,TY3H_65_77,0.5399037122910416
RSK,TY3H_65_77,0.5399037122910416
VRK2,TY3H_65_77,0.5399037122910416
BARK1,VASP_150_162,0.4830976477515628
DMPK,VASP_150_162,0.4830976477515628
PHK,VASP_150_162,0.4830976477515628
PIM,VASP_150_162,0.4830976477515628
PKA,VASP_150_162,0.4830976477515628
PKCA,VASP_150_162,0.4830976477515628
PKD,VASP_150_162,0.4830976477515628
PKG,VASP_150_162,0.4830976477515628
RIPK,VASP_150_162,0.4830976477515628
RSK,VASP_150_162,0.4830976477515628
VRK2,VASP_150_162,0.4830976477515628
BARK1,VASP_232_244,-0.0651224462195292
CDK,VASP_232_244,-0.0651224462195292
DMPK,VASP_232_244,-0.0651224462195292
IKK,VASP_232_244,-0.0651224462195292
MAPKAPK,VASP_232_244,-0.0651224462195292
PHK,VASP_232_244,-0.0651224462195292
PIM,VASP_232_244,-0.0651224462195292
PKA,VASP_232_244,-0.0651224462195292
PKCA,VASP_232_244,-0.0651224462195292
PKCH,VASP_232_244,-0.0651224462195292
PKD,VASP_232_244,-0.0651224462195292
PKG,VASP_232_244,-0.0651224462195292
RIPK,VASP_232_244,-0.0651224462195292
RSK,VASP_232_244,-0.0651224462195292
VRK2,VASP_232_244,-0.0651224462195292
AKT,VASP_271_283,0.14553123577235225
ATR,VASP_271_283,0.14553123577235225
AMPK,VASP_271_283,0.14553123577235225
BARK1,VASP_271_283,0.14553123577235225
DMPK,VASP_271_283,0.14553123577235225
IKK,VASP_271_283,0.14553123577235225
PAKA,VASP_271_283,0.14553123577235225
PHK,VASP_271_283,0.14553123577235225
PIM,VASP_271_283,0.14553123577235225
PKA,VASP_271_283,0.14553123577235225
PKG,VASP_271_283,0.14553123577235225
RIPK,VASP_271_283,0.14553123577235225
RSK,VASP_271_283,0.14553123577235225
VRK2,VASP_271_283,0.14553123577235225
AKT,VTNC_390_402,0.41486582067369265
BARK1,VTNC_390_402,0.41486582067369265
CDK,VTNC_390_402,0.41486582067369265
DAPK,VTNC_390_402,0.41486582067369265
DMPK,VTNC_390_402,0.41486582067369265
PDHK,VTNC_390_402,0.41486582067369265
PEK,VTNC_390_402,0.41486582067369265
PHK,VTNC_390_402,0.41486582067369265
PKA,VTNC_390_402,0.41486582067369265
PKCA,VTNC_390_402,0.41486582067369265
QIK,VTNC_390_402,0.41486582067369265
RIPK,VTNC_390_402,0.41486582067369265
RSK,VTNC_390_402,0.41486582067369265
SGK,VTNC_390_402,0.41486582067369265
VRK2,VTNC_390_402,0.41486582067369265
