Kinase,Score,Rank,Method,Perc,Qrt,group,KinaseFamily,subfamily,hgnc_symbol
SGK1,6.331417739343237,49,PTM-SEA,0.26666666666666666,2,AGC,SGK,SGK,SGK1
PIK3C2A,0,51,PTM-SEA,0,1,NA,NA,NA,PIK3C2A
CHEK1,7.404766651988101,48,PTM-SEA,0.28,2,CAMK,CAMKL,CHK1,CHEK1
AURKA,-12.315152242096106,42,PTM-SEA,0.36,2,OTHER,AUR,AUR,AURKA
RPS6KA5,-26.03229783440296,38,PTM-SEA,0.41333333333333333,2,AGC,RSK,MSK,RPS6KA5
CHEK2,13.299993832015886,41,PTM-SEA,0.37333333333333335,2,CAMK,RAD53,RAD53,CHEK2
RAF1,11.483318833684054,43,PTM-SEA,0.3466666666666667,2,TKL,RAF,RAF,RAF1
PRKCG,0,51,PTM-SEA,0,1,AGC,PKC,ALPHA,PRKCG
PRKCB,-24.174059448839397,39,PTM-SEA,0.4,2,AGC,PKC,ALPHA,PRKCB
CDK1,-94.36768153126823,8,PTM-SEA,0.8933333333333333,4,CMGC,CDK,CDC2,CDK1
ARAF,67.30622545000676,18,PTM-SEA,0.7466666666666667,3,TKL,RAF,RAF,ARAF
PIM1,61.16527973153285,24,PTM-SEA,0.6,3,CAMK,PIM,PIM,PIM1
CDK4,-104.3405614207667,2,PTM-SEA,0.9733333333333334,4,CMGC,CDK,CDK4,CDK4
SRC,0,51,PTM-SEA,0,1,TK,SRC,SRCA,SRC
BRAF,67.30622545000676,18,PTM-SEA,0.7466666666666667,3,TKL,RAF,RAF,BRAF
PRKCA,51.19746921316836,32,PTM-SEA,0.49333333333333335,2,AGC,PKC,ALPHA,PRKCA
PRKACA,71.0850830757756,15,PTM-SEA,0.8,4,AGC,PKA,PKA,PRKACA
PRKACG,61.16527973153285,24,PTM-SEA,0.6,3,AGC,PKA,PKA,PRKACG
PRKACB,61.16527973153285,24,PTM-SEA,0.6,3,AGC,PKA,PKA,PRKACB
RPS6KB1,69.62438066801508,17,PTM-SEA,0.7733333333333333,4,AGC,RSK,P70,RPS6KB1
CDK2,-89.36935476835846,10,PTM-SEA,0.8666666666666667,4,CMGC,CDK,CDC2,CDK2
MAPK3,9.508623243109184,45,PTM-SEA,0.32,2,CMGC,MAPK,ERK1,MAPK3
MAPK1,-42.25622614993327,36,PTM-SEA,0.44,2,CMGC,MAPK,ERK1,MAPK1
AKT1,56.97895558844571,28,PTM-SEA,0.5466666666666666,3,AGC,AKT,AKT,AKT1
AKT2,65.6070247886174,21,PTM-SEA,0.7066666666666667,3,AGC,AKT,AKT,AKT2
MAP3K8,-46.30705899614339,35,PTM-SEA,0.4533333333333333,2,STE,STE-UNIQUE,STE-UNIQUE,MAP3K8
PRKCI,61.16527973153285,24,PTM-SEA,0.6,3,AGC,PKC,IOTA,PRKCI
MTOR,0,51,PTM-SEA,0,1,ATYPICAL,PIKK,FRAP,MTOR
MAPK8,-52.94943777330593,29,PTM-SEA,0.5333333333333333,3,CMGC,MAPK,JNK,MAPK8
MAPK9,0,51,PTM-SEA,0,1,CMGC,MAPK,JNK,MAPK9
MAPKAPK2,47.49979597575377,33,PTM-SEA,0.48,2,CAMK,MAPKAPK,MAPKAPK,MAPKAPK2
GSK3B,47.03485100582151,34,PTM-SEA,0.4666666666666667,2,CMGC,GSK,GSK,GSK3B
CDK7,-78.609375,13,PTM-SEA,0.8266666666666667,4,CMGC,CDK,CDK7,CDK7
CDK9,-111.8671875,1,PTM-SEA,0.9866666666666667,4,CMGC,CDK,CDK9,CDK9
RPS6KA3,64.02634218188004,22,PTM-SEA,0.6933333333333334,3,AGC,RSK,RSK,RPS6KA3
NEK2,0,51,PTM-SEA,0,1,OTHER,NEK,NEK2,NEK2
DAPK1,0,51,PTM-SEA,0,1,CAMK,DAPK,DAPK,DAPK1
MAPK10,-57.4453125,27,PTM-SEA,0.56,3,CMGC,MAPK,JNK,MAPK10
PRKAA2,28.033312800447685,37,PTM-SEA,0.4266666666666667,2,CAMK,CAMKL,AMPK,PRKAA2
SIK1,-58.453125,26,PTM-SEA,0.5733333333333334,3,CAMK,CAMKL,QIK,SIK1
CSNK2A1,61.72313666070719,23,PTM-SEA,0.68,3,CMGC,CK2,CK2,CSNK2A1
PRKDC,-97.25390625,4,PTM-SEA,0.9466666666666667,4,ATYPICAL,PIKK,DNAPK,PRKDC
ATM,0,51,PTM-SEA,0,1,ATYPICAL,PIKK,ATM,ATM
AURKB,-9.705714981586347,44,PTM-SEA,0.3333333333333333,2,OTHER,AUR,AUR,AURKB
CDK3,0,51,PTM-SEA,0,1,CMGC,CDK,CDC2,CDK3
CDK6,-111.8671875,1,PTM-SEA,0.9866666666666667,4,CMGC,CDK,CDK4,CDK6
CDK5,-96.04471539633272,6,PTM-SEA,0.92,4,CMGC,CDK,CDK5,CDK5
PRKCE,66.95418009050447,20,PTM-SEA,0.72,3,AGC,PKC,ETA,PRKCE
PRKCQ,-83.89796002417151,12,PTM-SEA,0.84,4,AGC,PKC,DELTA,PRKCQ
PRKCZ,70.4005023897325,16,PTM-SEA,0.7866666666666666,4,AGC,PKC,IOTA,PRKCZ
PRKCD,96.39349758487874,5,PTM-SEA,0.9333333333333333,4,AGC,PKC,DELTA,PRKCD
PRKAA1,4.111345643575037,50,PTM-SEA,0.25333333333333335,2,CAMK,CAMKL,AMPK,PRKAA1
PAK1,9.120403667510061,46,PTM-SEA,0.30666666666666664,2,STE,STE20,PAKA,PAK1
PAK2,95.7421875,7,PTM-SEA,0.9066666666666666,4,STE,STE20,PAKA,PAK2
PRKG2,-51.73535982991022,31,PTM-SEA,0.5066666666666667,3,AGC,PKG,PKG,PRKG2
ROCK1,-90.27659333596931,9,PTM-SEA,0.88,4,AGC,DMPK,ROCK,ROCK1
ATR,0,51,PTM-SEA,0,1,ATYPICAL,PIKK,ATR,ATR
CAMK2G,0,51,PTM-SEA,0,1,CAMK,CAMK2,CAMK2,CAMK2G
DYRK1A,18.210027018158947,40,PTM-SEA,0.38666666666666666,2,CMGC,DYRK,DYRK1,DYRK1A
PRKG1,61.11832471773002,25,PTM-SEA,0.5866666666666667,3,AGC,PKG,PKG,PRKG1
PRKD1,85.02297652988393,11,PTM-SEA,0.8533333333333334,4,CAMK,PKD,PKD,PRKD1
RPS6KA2,98.48908012045376,3,PTM-SEA,0.96,4,AGC,RSK,RSK,RPS6KA2
RPS6KA1,52.03793476359137,30,PTM-SEA,0.52,3,AGC,RSK,RSK,RPS6KA1
PKN1,7.875975653388233,47,PTM-SEA,0.29333333333333333,2,AGC,PKN,PKN,PKN1
MAPK14,67.26344470339237,19,PTM-SEA,0.7333333333333333,3,CMGC,MAPK,P38,MAPK14
PIM3,61.16527973153285,24,PTM-SEA,0.6,3,CAMK,PIM,PIM,PIM3
BRSK2,0,51,PTM-SEA,0,1,CAMK,CAMKL,BRSK,BRSK2
BRSK1,0,51,PTM-SEA,0,1,CAMK,CAMKL,BRSK,BRSK1
DYRK2,0,51,PTM-SEA,0,1,CMGC,DYRK,DYRK2,DYRK2
PASK,0,51,PTM-SEA,0,1,CAMK,CAMKL,PASK,PASK
VRK1,0,51,PTM-SEA,0,1,CK1,VRK,VRK,VRK1
PRKD2,0,51,PTM-SEA,0,1,CAMK,PKD,PKD,PRKD2
PLK3,0,51,PTM-SEA,0,1,OTHER,PLK,PLK2,PLK3
NEK6,0,51,PTM-SEA,0,1,OTHER,NEK,NEK6,NEK6
PIM2,61.16527973153285,24,PTM-SEA,0.6,3,CAMK,PIM,PIM,PIM2
AKT3,71.27428898508734,14,PTM-SEA,0.8133333333333334,4,AGC,AKT,AKT,AKT3
AAK1,298,267,KEA3,0.10285714285714286,1,OTHER,NAK,BIKE,AAK1
ABL1,24.333333333333332,17,KEA3,0.9485714285714286,4,TK,ABL,ABL,ABL1
ABL2,143.33333333333334,143,KEA3,0.52,3,TK,ABL,ABL,ABL2
ACVR1,156.5,163,KEA3,0.44857142857142857,2,TKL,STKR,TYPE1,ACVR1
ACVR1B,215.5,217,KEA3,0.26571428571428574,2,TKL,STKR,TYPE1,ACVR1B
ACVR2B,213,215,KEA3,0.2714285714285714,2,TKL,STKR,TYPE2,ACVR2B
AKT1,16.333333333333332,8,KEA3,0.98,4,AGC,AKT,AKT,AKT1
AKT2,34,24,KEA3,0.9257142857142857,4,AGC,AKT,AKT,AKT2
AKT3,129,128,KEA3,0.5657142857142857,3,AGC,AKT,AKT,AKT3
ALK,38,25,KEA3,0.9228571428571428,4,TK,ALK,ALK,ALK
ARAF,101.5,92,KEA3,0.6885714285714286,3,TKL,RAF,RAF,ARAF
ATM,115.66666666666667,110,KEA3,0.6314285714285715,3,ATYPICAL,PIKK,ATM,ATM
ATR,78.66666666666667,58,KEA3,0.8171428571428572,4,ATYPICAL,PIKK,ATR,ATR
AURKA,43,27,KEA3,0.9171428571428571,4,OTHER,AUR,AUR,AURKA
AURKB,89.33333333333333,71,KEA3,0.7742857142857142,4,OTHER,AUR,AUR,AURKB
AURKC,186,193,KEA3,0.34285714285714286,2,OTHER,AUR,AUR,AURKC
AXL,202,206,KEA3,0.3,2,TK,AXL,AXL,AXL
BLK,258,239,KEA3,0.18285714285714286,1,TK,SRC,SRCB,BLK
BMP2K,324,290,KEA3,0.037142857142857144,1,OTHER,NAK,BIKE,BMP2K
BMPR1A,162.5,167,KEA3,0.43142857142857144,2,TKL,STKR,TYPE1,BMPR1A
BMPR1B,111,104,KEA3,0.6485714285714286,3,TKL,STKR,TYPE1,BMPR1B
BMPR2,221,221,KEA3,0.25142857142857145,2,TKL,STKR,TYPE2,BMPR2
BMX,99.66666666666667,88,KEA3,0.7057142857142857,3,TK,TEC,TEC,BMX
BRAF,164,170,KEA3,0.4228571428571429,2,TKL,RAF,RAF,BRAF
BRSK1,134.66666666666666,133,KEA3,0.5514285714285714,3,CAMK,CAMKL,BRSK,BRSK1
BRSK2,305,274,KEA3,0.08285714285714285,1,CAMK,CAMKL,BRSK,BRSK2
BTK,81,60,KEA3,0.8114285714285714,4,TK,TEC,TEC,BTK
BUB1,154.5,160,KEA3,0.46,2,OTHER,BUB,BUB,BUB1
CAMK1,104,95,KEA3,0.68,3,CAMK,CAMK1,CAMK1,CAMK1
CAMK1D,244,229,KEA3,0.21714285714285714,1,CAMK,CAMK1,CAMK1,CAMK1D
CAMK2A,47.666666666666664,30,KEA3,0.9057142857142857,4,CAMK,CAMK2,CAMK2,CAMK2A
CAMK2B,141.5,140,KEA3,0.5285714285714286,3,CAMK,CAMK2,CAMK2,CAMK2B
CAMK2D,97.33333333333333,82,KEA3,0.7314285714285714,3,CAMK,CAMK2,CAMK2,CAMK2D
CAMK2G,21,13,KEA3,0.9628571428571429,4,CAMK,CAMK2,CAMK2,CAMK2G
CAMK4,82.66666666666667,62,KEA3,0.8028571428571428,4,CAMK,CAMK1,CAMK1,CAMK4
CAMKK1,103.66666666666667,94,KEA3,0.6828571428571428,3,OTHER,CAMKK,META,CAMKK1
CAMKK2,89,70,KEA3,0.7771428571428571,4,OTHER,CAMKK,META,CAMKK2
CDC42BPA,280,254,KEA3,0.14,1,AGC,DMPK,GEK,CDC42BPA
CDC7,171.5,180,KEA3,0.38857142857142857,2,OTHER,CDC7,CDC7,CDC7
CDK1,18.5,10,KEA3,0.9742857142857143,4,CMGC,CDK,CDC2,CDK1
CDK11A,332,296,KEA3,0.02,1,CMGC,CDK,CDK11,CDK11A
CDK11A,332,296,KEA3,0.02,1,NA,NA,NA,CDK11A
CDK12,315,283,KEA3,0.05714285714285714,1,CMGC,CDK,CRK7,CDK12
CDK15,259,240,KEA3,0.18,1,CMGC,CDK,PFTAIRE,CDK15
CDK16,241,228,KEA3,0.22285714285714286,1,CMGC,CDK,PCTAIRE,CDK16
CDK18,246,230,KEA3,0.21428571428571427,1,CMGC,CDK,PCTAIRE,CDK18
CDK19,187,195,KEA3,0.3342857142857143,2,CMGC,CDK,CDK8,CDK19
CDK2,21.666666666666668,14,KEA3,0.96,4,CMGC,CDK,CDC2,CDK2
CDK20,288,259,KEA3,0.12571428571428572,1,CMGC,CDK,CCRK,CDK20
CDK3,84,64,KEA3,0.7971428571428572,4,CMGC,CDK,CDC2,CDK3
CDK4,62.666666666666664,45,KEA3,0.86,4,CMGC,CDK,CDK4,CDK4
CDK5,17.666666666666668,9,KEA3,0.9771428571428571,4,CMGC,CDK,CDK5,CDK5
CDK6,96.33333333333333,81,KEA3,0.7342857142857143,3,CMGC,CDK,CDK4,CDK6
CDK7,61.666666666666664,43,KEA3,0.8657142857142858,4,CMGC,CDK,CDK7,CDK7
CDK8,182.5,190,KEA3,0.35428571428571426,2,CMGC,CDK,CDK8,CDK8
CDK9,83,63,KEA3,0.8,4,CMGC,CDK,CDK9,CDK9
CDKL3,302,271,KEA3,0.09142857142857143,1,CMGC,CDKL,CDKL,CDKL3
CDKL5,91,73,KEA3,0.7685714285714286,4,CMGC,CDKL,CDKL,CDKL5
CHEK1,52.66666666666667,34,KEA3,0.8942857142857142,4,CAMK,CAMKL,CHK1,CHEK1
CHEK2,92,75,KEA3,0.7628571428571429,4,CAMK,RAD53,RAD53,CHEK2
CHUK,61.66666666666667,44,KEA3,0.8628571428571429,4,OTHER,IKK,IKK,CHUK
CLK1,120,117,KEA3,0.6028571428571429,3,CMGC,CLK,CLK,CLK1
CLK2,95.5,80,KEA3,0.74,3,CMGC,CLK,CLK,CLK2
CLK3,208.5,211,KEA3,0.2857142857142857,2,CMGC,CLK,CLK,CLK3
CLK4,321,288,KEA3,0.04285714285714286,1,CMGC,CLK,CLK,CLK4
CSF1R,131,130,KEA3,0.56,3,TK,PDGFR,PDGFR,CSF1R
CSK,171.66666666666666,181,KEA3,0.38571428571428573,2,TK,CSK,CSK,CSK
CSNK1A1,73.66666666666667,56,KEA3,0.8228571428571428,4,CK1,CK1,CK1-A,CSNK1A1
CSNK1A1L,337,301,KEA3,0.005714285714285714,1,CK1,CK1,CK1-A,CSNK1A1L
CSNK1D,112,105,KEA3,0.6457142857142857,3,CK1,CK1,CK1-D,CSNK1D
CSNK1E,135.66666666666666,135,KEA3,0.5457142857142857,3,CK1,CK1,CK1-D,CSNK1E
CSNK1G1,140,139,KEA3,0.5314285714285715,3,CK1,CK1,CK1-G,CSNK1G1
CSNK1G2,214.5,216,KEA3,0.26857142857142857,2,CK1,CK1,CK1-G,CSNK1G2
CSNK1G3,256,238,KEA3,0.18857142857142858,1,CK1,CK1,CK1-G,CSNK1G3
CSNK2A1,49,32,KEA3,0.9,4,CMGC,CK2,CK2,CSNK2A1
CSNK2A2,119.33333333333333,116,KEA3,0.6057142857142858,3,CMGC,CK2,CK2,CSNK2A2
DAPK1,171.33333333333334,179,KEA3,0.3914285714285714,2,CAMK,DAPK,DAPK,DAPK1
DAPK3,205.66666666666666,209,KEA3,0.2914285714285714,2,CAMK,DAPK,DAPK,DAPK3
DCLK1,263,243,KEA3,0.17142857142857143,1,CAMK,DCAMKL,DCAMKL,DCLK1
DDR1,117.5,113,KEA3,0.6171428571428571,3,TK,DDR,DDR,DDR1
DDR2,173,183,KEA3,0.37714285714285717,2,TK,DDR,DDR,DDR2
DMPK,122,119,KEA3,0.5942857142857143,3,AGC,DMPK,GEK,DMPK
DYRK1A,114,108,KEA3,0.6371428571428571,3,CMGC,DYRK,DYRK1,DYRK1A
DYRK1B,119.33333333333333,116,KEA3,0.6057142857142858,3,CMGC,DYRK,DYRK1,DYRK1B
DYRK2,100.66666666666667,90,KEA3,0.6942857142857143,3,CMGC,DYRK,DYRK2,DYRK2
DYRK3,187,195,KEA3,0.3342857142857143,2,CMGC,DYRK,DYRK2,DYRK3
DYRK4,86.5,67,KEA3,0.7885714285714286,4,CMGC,DYRK,DYRK2,DYRK4
EEF2K,128.5,127,KEA3,0.5685714285714286,3,ATYPICAL,ALPHA,EEF2K,EEF2K
EGFR,24.333333333333332,17,KEA3,0.9485714285714286,4,TK,EGFR,EGFR,EGFR
EIF2AK1,314,282,KEA3,0.06,1,OTHER,PEK,HRI,EIF2AK1
EIF2AK2,135.33333333333334,134,KEA3,0.5485714285714286,3,OTHER,PEK,PKR,EIF2AK2
EIF2AK3,335,299,KEA3,0.011428571428571429,1,OTHER,PEK,PEK,EIF2AK3
EPHA2,320,287,KEA3,0.045714285714285714,1,TK,EPH,EPH,EPHA2
EPHA3,116,111,KEA3,0.6228571428571429,3,TK,EPH,EPH,EPHA3
EPHA4,325,291,KEA3,0.03428571428571429,1,TK,EPH,EPH,EPHA4
EPHA8,334,298,KEA3,0.014285714285714285,1,TK,EPH,EPH,EPHA8
EPHB1,322,289,KEA3,0.04,1,TK,EPH,EPH,EPHB1
EPHB2,290,261,KEA3,0.12,1,TK,EPH,EPH,EPHB2
EPHB3,181,189,KEA3,0.35714285714285715,2,TK,EPH,EPH,EPHB3
ERBB2,125.5,123,KEA3,0.58,3,TK,EGFR,EGFR,ERBB2
ERBB4,319,286,KEA3,0.04857142857142857,1,TK,EGFR,EGFR,ERBB4
FASTK,230,226,KEA3,0.22857142857142856,1,ATYPICAL,FAST,FAST,FASTK
FER,12.5,6,KEA3,0.9857142857142858,4,TK,FER,FER,FER
FES,196,203,KEA3,0.31142857142857144,2,TK,FER,FER,FES
FGFR1,151.66666666666666,155,KEA3,0.48,2,TK,FGFR,FGFR,FGFR1
FGFR2,99,85,KEA3,0.7142857142857143,3,TK,FGFR,FGFR,FGFR2
FGFR3,170,177,KEA3,0.39714285714285713,2,TK,FGFR,FGFR,FGFR3
FGFR4,111,104,KEA3,0.6485714285714286,3,TK,FGFR,FGFR,FGFR4
FGR,58.5,40,KEA3,0.8742857142857143,4,TK,SRC,SRCA,FGR
FLT1,306,275,KEA3,0.08,1,TK,VEGFR,VEGFR,FLT1
FLT3,227,225,KEA3,0.2342857142857143,1,TK,PDGFR,PDGFR,FLT3
FLT4,265,245,KEA3,0.1657142857142857,1,TK,VEGFR,VEGFR,FLT4
FRK,152,156,KEA3,0.4714285714285714,2,TK,SRC,FRK,FRK
FYN,53.666666666666664,35,KEA3,0.8885714285714286,4,TK,SRC,SRCA,FYN
GRK1,330,295,KEA3,0.022857142857142857,1,AGC,GRK,GRK,GRK1
GRK2,19.333333333333332,12,KEA3,0.9657142857142857,4,AGC,GRK,BARK,GRK2
GRK3,98,84,KEA3,0.7228571428571429,3,AGC,GRK,BARK,GRK3
GRK5,46.333333333333336,29,KEA3,0.9085714285714286,4,AGC,GRK,GRK,GRK5
GRK6,122,119,KEA3,0.5942857142857143,3,AGC,GRK,GRK,GRK6
GSK3A,82.33333333333333,61,KEA3,0.8085714285714286,4,CMGC,GSK,GSK,GSK3A
GSK3B,19.333333333333332,12,KEA3,0.9657142857142857,4,CMGC,GSK,GSK,GSK3B
HASPIN,222,222,KEA3,0.24857142857142858,1,OTHER,HASPIN,HASPIN,HASPIN
HCK,107,99,KEA3,0.6657142857142857,3,TK,SRC,SRCB,HCK
HIPK1,145.5,147,KEA3,0.5057142857142857,3,CMGC,DYRK,HIPK,HIPK1
HIPK2,128.33333333333334,126,KEA3,0.5714285714285714,3,CMGC,DYRK,HIPK,HIPK2
HIPK3,291,262,KEA3,0.11714285714285715,1,CMGC,DYRK,HIPK,HIPK3
HIPK4,95.5,80,KEA3,0.74,3,CMGC,DYRK,HIPK,HIPK4
ICK,185,192,KEA3,0.3485714285714286,2,CMGC,RCK,RCK,CILK1
IGF1R,107.33333333333333,100,KEA3,0.6628571428571428,3,TK,INSR,INSR,IGF1R
IKBKB,60.33333333333333,41,KEA3,0.8714285714285714,4,OTHER,IKK,IKK,IKBKB
IKBKE,46.333333333333336,29,KEA3,0.9085714285714286,4,OTHER,IKK,IKK,IKBKE
ILK,101,91,KEA3,0.6914285714285714,3,TKL,MLK,ILK,ILK
INSR,112.33333333333333,106,KEA3,0.6428571428571429,3,TK,INSR,INSR,INSR
IRAK1,167.5,173,KEA3,0.4114285714285714,2,TKL,IRAK,IRAK,IRAK1
IRAK3,247.5,233,KEA3,0.20285714285714285,1,TKL,IRAK,IRAK,IRAK3
IRAK4,289,260,KEA3,0.12285714285714286,1,TKL,IRAK,IRAK,IRAK4
ITK,169,175,KEA3,0.40285714285714286,2,TK,TEC,TEC,ITK
JAK1,172,182,KEA3,0.38,2,TK,JAKA,JAKA,JAK1
JAK2,71.66666666666667,53,KEA3,0.8314285714285714,4,TK,JAKA,JAKA,JAK2
JAK3,171,178,KEA3,0.3942857142857143,2,TK,JAKA,JAKA,JAK3
KDR,300,269,KEA3,0.09714285714285714,1,TK,VEGFR,VEGFR,KDR
KIT,166,172,KEA3,0.41714285714285715,2,TK,PDGFR,PDGFR,KIT
KSR1,268,246,KEA3,0.16285714285714287,1,TKL,RAF,KSR,KSR1
KSR2,184,191,KEA3,0.3514285714285714,2,TKL,RAF,KSR,KSR2
LATS1,194.33333333333334,199,KEA3,0.32285714285714284,2,AGC,NDR,NDR,LATS1
LATS2,152,156,KEA3,0.4714285714285714,2,AGC,NDR,NDR,LATS2
LCK,30.333333333333332,22,KEA3,0.9342857142857143,4,TK,SRC,SRCB,LCK
LIMK1,279,253,KEA3,0.14285714285714285,1,TKL,LISK,LIMK,LIMK1
LIMK2,209.5,212,KEA3,0.28285714285714286,2,TKL,LISK,LIMK,LIMK2
LRRK2,118.5,114,KEA3,0.6142857142857143,3,TKL,LRRK,LRRK,LRRK2
LYN,89.66666666666667,72,KEA3,0.7714285714285715,4,TK,SRC,SRCB,LYN
MAK,258,239,KEA3,0.18285714285714286,1,CMGC,RCK,RCK,MAK
MAP2K1,99,85,KEA3,0.7142857142857143,3,STE,STE7,MEK1,MAP2K1
MAP2K2,227,225,KEA3,0.2342857142857143,1,STE,STE7,MEK1,MAP2K2
MAP2K3,247,232,KEA3,0.20857142857142857,1,STE,STE7,MEK3,MAP2K3
MAP2K4,146,148,KEA3,0.5,3,STE,STE7,MEK4,MAP2K4
MAP2K6,172,182,KEA3,0.38,2,STE,STE7,MEK3,MAP2K6
MAP2K7,94,77,KEA3,0.7514285714285714,4,STE,STE7,MEK7,MAP2K7
MAP3K1,254,236,KEA3,0.19428571428571428,1,STE,STE11,MEKK1,MAP3K1
MAP3K10,269,247,KEA3,0.16,1,TKL,MLK,MLK,MAP3K10
MAP3K11,195.66666666666666,202,KEA3,0.3142857142857143,2,TKL,MLK,MLK,MAP3K11
MAP3K13,247.5,233,KEA3,0.20285714285714285,1,TKL,MLK,LZK,MAP3K13
MAP3K14,119,115,KEA3,0.6114285714285714,3,STE,STE-UNIQUE,STE-UNIQUE,MAP3K14
MAP3K20,277,252,KEA3,0.1457142857142857,1,TKL,MLK,ZAK,MAP3K20
MAP3K3,286,258,KEA3,0.12857142857142856,1,STE,STE11,MEKK2,MAP3K3
MAP3K4,303,272,KEA3,0.08857142857142856,1,STE,STE11,MEKK4,MAP3K4
MAP3K5,168.66666666666666,174,KEA3,0.4085714285714286,2,STE,STE11,ASK,MAP3K5
MAP3K6,200,205,KEA3,0.3057142857142857,2,STE,STE11,ASK,MAP3K6
MAP3K7,104.33333333333333,96,KEA3,0.6771428571428572,3,TKL,MLK,TAK1,MAP3K7
MAP3K8,137,138,KEA3,0.5371428571428571,3,STE,STE-UNIQUE,STE-UNIQUE,MAP3K8
MAP4K1,261,242,KEA3,0.1742857142857143,1,STE,STE20,KHS,MAP4K1
MAP4K2,159.5,166,KEA3,0.4342857142857143,2,STE,STE20,KHS,MAP4K2
MAP4K3,295,265,KEA3,0.10857142857142857,1,STE,STE20,KHS,MAP4K3
MAP4K4,150,153,KEA3,0.4857142857142857,2,STE,STE20,MSN,MAP4K4
MAP4K5,146,148,KEA3,0.5,3,STE,STE20,KHS,MAP4K5
MAPK1,25.666666666666668,18,KEA3,0.9457142857142857,4,CMGC,MAPK,ERK1,MAPK1
MAPK10,120.33333333333333,118,KEA3,0.6,3,CMGC,MAPK,JNK,MAPK10
MAPK11,95.33333333333333,79,KEA3,0.7457142857142857,3,CMGC,MAPK,P38,MAPK11
MAPK12,117,112,KEA3,0.62,3,CMGC,MAPK,P38,MAPK12
MAPK13,178,186,KEA3,0.3657142857142857,2,CMGC,MAPK,P38,MAPK13
MAPK14,28.333333333333332,21,KEA3,0.9371428571428572,4,CMGC,MAPK,P38,MAPK14
MAPK15,218,218,KEA3,0.26,2,CMGC,MAPK,ERK7,MAPK15
MAPK3,27.666666666666664,19,KEA3,0.9428571428571428,4,CMGC,MAPK,ERK1,MAPK3
MAPK6,202.5,207,KEA3,0.29714285714285715,2,CMGC,MAPK,ERK3,MAPK6
MAPK7,110.66666666666667,103,KEA3,0.6542857142857142,3,CMGC,MAPK,ERK5,MAPK7
MAPK8,76.33333333333333,57,KEA3,0.82,4,CMGC,MAPK,JNK,MAPK8
MAPK9,58,39,KEA3,0.8771428571428571,4,CMGC,MAPK,JNK,MAPK9
MAPKAPK2,79,59,KEA3,0.8142857142857143,4,CAMK,MAPKAPK,MAPKAPK,MAPKAPK2
MAPKAPK3,297,266,KEA3,0.10571428571428572,1,CAMK,MAPKAPK,MAPKAPK,MAPKAPK3
MAPKAPK5,63.666666666666664,46,KEA3,0.8571428571428571,4,CAMK,MAPKAPK,MAPKAPK,MAPKAPK5
MARK2,99.33333333333333,86,KEA3,0.7114285714285714,3,CAMK,CAMKL,MARK,MARK2
MARK3,94.66666666666667,78,KEA3,0.7485714285714286,3,CAMK,CAMKL,MARK,MARK3
MARK4,333,297,KEA3,0.017142857142857144,1,CAMK,CAMKL,MARK,MARK4
MAST1,246.5,231,KEA3,0.21142857142857144,1,AGC,MAST,MAST,MAST1
MAST2,313,281,KEA3,0.06285714285714286,1,AGC,MAST,MAST,MAST2
MATK,218,218,KEA3,0.26,2,TK,CSK,CSK,MATK
MELK,304,273,KEA3,0.08571428571428572,1,CAMK,CAMKL,MELK,MELK
MERTK,154,159,KEA3,0.46285714285714286,2,TK,AXL,AXL,MERTK
MET,122.33333333333333,120,KEA3,0.5914285714285714,3,TK,MET,MET,MET
MKNK1,186.33333333333334,194,KEA3,0.34,2,CAMK,MAPKAPK,MNK,MKNK1
MKNK2,220.5,220,KEA3,0.2542857142857143,2,CAMK,MAPKAPK,MNK,MKNK2
MOK,239,227,KEA3,0.2257142857142857,1,CMGC,RCK,RCK,MOK
MOS,301,270,KEA3,0.09428571428571429,1,OTHER,MOS,MOS,MOS
MST1R,193,197,KEA3,0.32857142857142857,2,TK,MET,MET,MST1R
MTOR,115,109,KEA3,0.6342857142857142,3,ATYPICAL,PIKK,FRAP,MTOR
MYLK2,202,206,KEA3,0.3,2,CAMK,MLCK,MLCK,MYLK2
MYO3A,195,200,KEA3,0.32,2,STE,STE20,NINAC,MYO3A
NEK10,283,256,KEA3,0.13428571428571429,1,OTHER,NEK,NEK10,NEK10
NEK11,312,280,KEA3,0.06571428571428571,1,OTHER,NEK,NEK11,NEK11
NEK2,100,89,KEA3,0.7,3,OTHER,NEK,NEK2,NEK2
NEK3,169.5,176,KEA3,0.4,2,OTHER,NEK,NEK1,NEK3
NEK4,180.5,188,KEA3,0.36,2,OTHER,NEK,NEK4,NEK4
NEK6,110.33333333333333,102,KEA3,0.6571428571428571,3,OTHER,NEK,NEK6,NEK6
NEK8,219,219,KEA3,0.2571428571428571,2,OTHER,NEK,NEK8,NEK8
NEK9,99.5,87,KEA3,0.7085714285714285,3,OTHER,NEK,NEK8,NEK9
NIM1K,270,248,KEA3,0.15714285714285714,1,CAMK,CAMKL,NIM1,NIM1K
NLK,153.33333333333334,158,KEA3,0.4657142857142857,2,CMGC,MAPK,NMO,NLK
NPR2,99,85,KEA3,0.7142857142857143,3,RGC,RGC,RGC,NPR2
NRBP2,227,225,KEA3,0.2342857142857143,1,OTHER,NRBP,NRBP,NRBP2
NTRK1,125,122,KEA3,0.5828571428571429,3,TK,TRK,TRK,NTRK1
NTRK2,45,28,KEA3,0.9142857142857143,4,TK,TRK,TRK,NTRK2
NTRK3,204,208,KEA3,0.29428571428571426,2,TK,TRK,TRK,NTRK3
NUAK1,154.66666666666666,161,KEA3,0.45714285714285713,2,CAMK,CAMKL,NUAK,NUAK1
NUAK2,293,263,KEA3,0.11428571428571428,1,CAMK,CAMKL,NUAK,NUAK2
OXSR1,274,250,KEA3,0.15142857142857144,1,STE,STE20,FRAY,OXSR1
PAK1,42.666666666666664,26,KEA3,0.92,4,STE,STE20,PAKA,PAK1
PAK2,146.33333333333334,149,KEA3,0.49714285714285716,2,STE,STE20,PAKA,PAK2
PAK3,264,244,KEA3,0.16857142857142857,1,STE,STE20,PAKA,PAK3
PAK4,54.666666666666664,37,KEA3,0.8828571428571429,4,STE,STE20,PAKB,PAK4
PAK5,327,293,KEA3,0.02857142857142857,1,STE,STE20,PAKB,PAK5
PAK6,106,97,KEA3,0.6714285714285714,3,STE,STE20,PAKB,PAK6
PASK,169,175,KEA3,0.40285714285714286,2,CAMK,CAMKL,PASK,PASK
PBK,103.33333333333333,93,KEA3,0.6857142857142857,3,OTHER,TOPK,TOPK,PBK
PDGFRA,230,226,KEA3,0.22857142857142856,1,TK,PDGFR,PDGFR,PDGFRA
PDGFRB,149.33333333333334,152,KEA3,0.48857142857142855,2,TK,PDGFR,PDGFR,PDGFRB
PDIK1L,299,268,KEA3,0.1,1,OTHER,NKF4,NKF4,PDIK1L
PDK1,156.5,163,KEA3,0.44857142857142857,2,ATYPICAL,PDHK,PDHK,PDK1
PDPK1,113,107,KEA3,0.64,3,AGC,PDK1,PDK1,PDPK1
PIK3CA,158,164,KEA3,0.44571428571428573,2,NA,NA,NA,PIK3CA
PIK3CB,336,300,KEA3,0.008571428571428572,1,NA,NA,NA,PIK3CB
PIK3CG,310,278,KEA3,0.07142857142857142,1,NA,NA,NA,PIK3CG
PIK3R4,198,204,KEA3,0.30857142857142855,2,OTHER,VPS15,VPS15,PIK3R4
PIM1,48.333333333333336,31,KEA3,0.9028571428571428,4,CAMK,PIM,PIM,PIM1
PIM2,195.5,201,KEA3,0.3171428571428571,2,CAMK,PIM,PIM,PIM2
PINK1,151,154,KEA3,0.4828571428571429,2,OTHER,NKF2,NKF2,PINK1
PKMYT1,281,255,KEA3,0.13714285714285715,1,OTHER,WEE,WEE,PKMYT1
PKN1,116,111,KEA3,0.6228571428571429,3,AGC,PKN,PKN,PKN1
PLK1,60.333333333333336,42,KEA3,0.8685714285714285,4,OTHER,PLK,PLK1,PLK1
PLK2,156,162,KEA3,0.4542857142857143,2,OTHER,PLK,PLK2,PLK2
PLK3,63.66666666666667,47,KEA3,0.8542857142857143,4,OTHER,PLK,PLK2,PLK3
PLK4,133,131,KEA3,0.5571428571428572,3,OTHER,PLK,SAK,PLK4
PNCK,179,187,KEA3,0.3628571428571429,2,CAMK,CAMK1,CAMK1,PNCK
PRKAA1,7.666666666666667,4,KEA3,0.9914285714285714,4,CAMK,CAMKL,AMPK,PRKAA1
PRKAA2,88,68,KEA3,0.7828571428571428,4,CAMK,CAMKL,AMPK,PRKAA2
PRKACA,3,2,KEA3,0.9971428571428571,4,AGC,PKA,PKA,PRKACA
PRKACB,248.5,234,KEA3,0.2,1,AGC,PKA,PKA,PRKACB
PRKCA,2.3333333333333335,1,KEA3,1,4,AGC,PKC,ALPHA,PRKCA
PRKCB,27.666666666666668,20,KEA3,0.94,4,AGC,PKC,ALPHA,PRKCB
PRKCD,71,51,KEA3,0.84,4,AGC,PKC,DELTA,PRKCD
PRKCE,70.33333333333333,50,KEA3,0.8428571428571429,4,AGC,PKC,ETA,PRKCE
PRKCG,88.33333333333333,69,KEA3,0.78,4,AGC,PKC,ALPHA,PRKCG
PRKCH,143.66666666666666,145,KEA3,0.5114285714285715,3,AGC,PKC,ETA,PRKCH
PRKCI,54,36,KEA3,0.8857142857142857,4,AGC,PKC,IOTA,PRKCI
PRKCQ,22,15,KEA3,0.9571428571428572,4,AGC,PKC,DELTA,PRKCQ
PRKCZ,72,54,KEA3,0.8285714285714286,4,AGC,PKC,IOTA,PRKCZ
PRKD1,23.666666666666668,16,KEA3,0.9542857142857143,4,CAMK,PKD,PKD,PRKD1
PRKD2,177,185,KEA3,0.36857142857142855,2,CAMK,PKD,PKD,PRKD2
PRKD3,260,241,KEA3,0.17714285714285713,1,CAMK,PKD,PKD,PRKD3
PRKDC,57.666666666666664,38,KEA3,0.88,4,ATYPICAL,PIKK,DNAPK,PRKDC
PRKG1,8.333333333333334,5,KEA3,0.9885714285714285,4,AGC,PKG,PKG,PRKG1
PRKG2,189.5,196,KEA3,0.3314285714285714,2,AGC,PKG,PKG,PRKG2
PRKX,100,89,KEA3,0.7,3,AGC,PKA,PKA,PRKX
PRKY,148,150,KEA3,0.4942857142857143,2,AGC,PKA,PKA,PRKY
PRPF4B,186,193,KEA3,0.34285714285714286,2,CMGC,DYRK,PRP4,PRPF4B
PTK2,106,97,KEA3,0.6714285714285714,3,TK,FAK,FAK,PTK2
PTK2B,31,23,KEA3,0.9285714285714286,4,TK,FAK,FAK,PTK2B
PTK6,91.33333333333333,74,KEA3,0.7657142857142857,4,TK,SRC,SRM,PTK6
PXK,136.5,137,KEA3,0.54,3,OTHER,SLOB,SLOB,PXK
RAF1,116,111,KEA3,0.6228571428571429,3,TKL,RAF,RAF,RAF1
RET,96.33333333333333,81,KEA3,0.7342857142857143,3,TK,RET,RET,RET
RIOK1,284,257,KEA3,0.13142857142857142,1,ATYPICAL,RIO,RIO1,RIOK1
RIPK1,194,198,KEA3,0.32571428571428573,2,TKL,RIPK,RIPK,RIPK1
RIPK2,212.5,214,KEA3,0.2742857142857143,2,TKL,RIPK,RIPK,RIPK2
RIPK3,142,142,KEA3,0.5228571428571429,3,TKL,RIPK,RIPK,RIPK3
ROCK1,71.66666666666667,53,KEA3,0.8314285714285714,4,AGC,DMPK,ROCK,ROCK1
ROCK2,159.33333333333334,165,KEA3,0.44285714285714284,2,AGC,DMPK,ROCK,ROCK2
RPS6KA1,16,7,KEA3,0.9828571428571429,4,AGC,RSK,RSK,RPS6KA1
RPS6KA2,85,66,KEA3,0.7914285714285715,4,AGC,RSK,RSK,RPS6KA2
RPS6KA3,18.666666666666668,11,KEA3,0.9714285714285714,4,AGC,RSK,RSK,RPS6KA3
RPS6KA4,70,49,KEA3,0.8457142857142858,4,AGC,RSK,MSK,RPS6KA4
RPS6KA5,51.666666666666664,33,KEA3,0.8971428571428571,4,AGC,RSK,MSK,RPS6KA5
RPS6KB1,31,23,KEA3,0.9285714285714286,4,AGC,RSK,P70,RPS6KB1
RPS6KB2,152.66666666666666,157,KEA3,0.4685714285714286,2,AGC,RSK,P70,RPS6KB2
RPS6KL1,311,279,KEA3,0.06857142857142857,1,AGC,RSKL,RSKL,RPS6KL1
SCYL1,326,292,KEA3,0.03142857142857143,1,OTHER,SCY1,SCY1,SCYL1
SCYL2,143.5,144,KEA3,0.5142857142857142,3,OTHER,SCY1,SCY1,SCYL2
SCYL3,255,237,KEA3,0.19142857142857142,1,OTHER,SCY1,SCY1,SCYL3
SGK1,108.66666666666667,101,KEA3,0.66,3,AGC,SGK,SGK,SGK1
SGK2,177,185,KEA3,0.36857142857142855,2,AGC,SGK,SGK,SGK2
SGK3,98,84,KEA3,0.7228571428571429,3,AGC,SGK,SGK,SGK3
SIK1,226,224,KEA3,0.24285714285714285,1,CAMK,CAMKL,QIK,SIK1
SIK2,307,276,KEA3,0.07714285714285714,1,CAMK,CAMKL,QIK,SIK2
SMG1,329,294,KEA3,0.025714285714285714,1,ATYPICAL,PIKK,SMG1,SMG1
SNRK,223,223,KEA3,0.24571428571428572,1,CAMK,CAMKL,SNRK,SNRK
SRC,3.6666666666666665,3,KEA3,0.9942857142857143,4,TK,SRC,SRCA,SRC
SRMS,140,139,KEA3,0.5314285714285715,3,TK,SRC,SRM,SRMS
SRPK1,167.5,173,KEA3,0.4114285714285714,2,CMGC,SRPK,SRPK,SRPK1
SRPK2,106.5,98,KEA3,0.6685714285714286,3,CMGC,SRPK,SRPK,SRPK2
STK10,94,77,KEA3,0.7514285714285714,4,STE,STE20,SLK,STK10
STK11,88,68,KEA3,0.7828571428571428,4,CAMK,CAMKL,LKB,STK11
STK16,97.5,83,KEA3,0.7285714285714285,3,OTHER,NAK,MPSK,STK16
STK17A,71.5,52,KEA3,0.8371428571428572,4,CAMK,DAPK,DRAK,STK17A
STK24,159.5,166,KEA3,0.4342857142857143,2,STE,STE20,YSK,STK24
STK25,143.5,144,KEA3,0.5142857142857142,3,STE,STE20,YSK,STK25
STK26,93.5,76,KEA3,0.76,4,STE,STE20,YSK,STK26
STK3,148.33333333333334,151,KEA3,0.49142857142857144,2,STE,STE20,MST,STK3
STK33,271,249,KEA3,0.15428571428571428,1,CAMK,CAMK-UNIQUE,CAMK-UNIQUE,STK33
STK36,244,229,KEA3,0.21714285714285714,1,OTHER,ULK,FUSED,STK36
STK38,159.5,166,KEA3,0.4342857142857143,2,AGC,NDR,NDR,STK38
STK38L,207.5,210,KEA3,0.2885714285714286,2,AGC,NDR,NDR,STK38L
STK39,125,122,KEA3,0.5828571428571429,3,STE,STE20,FRAY,STK39
STK4,144.5,146,KEA3,0.5085714285714286,3,STE,STE20,MST,STK4
STK40,212.5,214,KEA3,0.2742857142857143,2,CAMK,SGK495,SGK495,STK40
STYK1,210.5,213,KEA3,0.28,2,TK,TK-UNIQUE,TK-UNIQUE,STYK1
SYK,53.666666666666664,35,KEA3,0.8885714285714286,4,TK,SYK,SYK,SYK
TAOK1,308,277,KEA3,0.07428571428571429,1,STE,STE20,TAO,TAOK1
TBK1,72.33333333333333,55,KEA3,0.8257142857142857,4,OTHER,IKK,IKK,TBK1
TEC,173.5,184,KEA3,0.3742857142857143,2,TK,TEC,TEC,TEC
TEK,317,284,KEA3,0.054285714285714284,1,TK,TIE,TIE,TEK
TESK1,294,264,KEA3,0.11142857142857143,1,TKL,LISK,TESK,TESK1
TESK2,130.5,129,KEA3,0.5628571428571428,3,TKL,LISK,TESK,TESK2
TGFBR1,165.5,171,KEA3,0.42,2,TKL,STKR,TYPE1,TGFBR1
TGFBR2,94,77,KEA3,0.7514285714285714,4,TKL,STKR,TYPE2,TGFBR2
TLK1,339,303,KEA3,0,1,OTHER,TLK,TLK,TLK1
TNIK,318,285,KEA3,0.05142857142857143,1,STE,STE20,MSN,TNIK
TNK2,68.33333333333333,48,KEA3,0.8514285714285714,4,TK,ACK,ACK,TNK2
TNNI3K,70,49,KEA3,0.8457142857142858,4,TKL,MLK,HH498,TNNI3K
TP53RK,338,302,KEA3,0.002857142857142857,1,OTHER,BUD32,BUD32,TP53RK
TRIB3,128,125,KEA3,0.5742857142857143,3,CAMK,TRBL,TRBL,TRIB3
TRPM7,163,168,KEA3,0.42857142857142855,2,ATYPICAL,ALPHA,CHAK,TRPM7
TTK,141.66666666666666,141,KEA3,0.5257142857142857,3,OTHER,TTK,TTK,TTK
TXK,275,251,KEA3,0.14857142857142858,1,TK,TEC,TEC,TXK
TYK2,127,124,KEA3,0.5771428571428572,3,TK,JAKA,JAKA,TYK2
TYRO3,136,136,KEA3,0.5428571428571428,3,TK,AXL,AXL,TYRO3
UHMK1,152,156,KEA3,0.4714285714285714,2,OTHER,KIS,KIS,UHMK1
ULK1,134.5,132,KEA3,0.5542857142857143,3,OTHER,ULK,ULK,ULK1
VRK1,163.66666666666666,169,KEA3,0.4257142857142857,2,CK1,VRK,VRK,VRK1
VRK3,249.5,235,KEA3,0.19714285714285715,1,CK1,VRK,VRK,VRK3
WEE1,84.5,65,KEA3,0.7942857142857143,4,OTHER,WEE,WEE,WEE1
WNK1,124,121,KEA3,0.5885714285714285,3,OTHER,WNK,WNK,WNK1
YES1,100.66666666666667,90,KEA3,0.6942857142857143,3,TK,SRC,SRCA,YES1
ZAP70,82.66666666666667,62,KEA3,0.8028571428571428,4,TK,SYK,SYK,ZAP70
CAMK4,3.6655462488490698,1,UKA,0.9666666666666667,4,CAMK,CAMK1,CAMK1,CAMK4
CAMK4,3.6655462488490698,1,UKA,0.9666666666666667,4,OTHER,CAMKK,META,CAMKK1
PRKX,2.7624562618571256,2,UKA,0.9583333333333334,4,AGC,PKA,PKA,PRKX
PIM2,1.683275015809501,18,UKA,0.8166666666666667,4,CAMK,PIM,PIM,PIM2
CDK10,1.624153563690844,20,UKA,0.8,4,CMGC,CDK,CDK10,CDK10
MAPKAPK3,1.5256671624478326,22,UKA,0.7833333333333333,4,CAMK,MAPKAPK,MAPKAPK,MAPKAPK3
PIM1,1.3845128816013417,27,UKA,0.7333333333333333,3,CAMK,PIM,PIM,PIM1
PLK3,1.377744518918843,28,UKA,0.7166666666666667,3,OTHER,PLK,PLK2,PLK3
PRKY,1.377744518918843,28,UKA,0.7166666666666667,3,AGC,PKA,PKA,PRKY
MAPKAPK2,1.3601948794024454,30,UKA,0.7,3,CAMK,MAPKAPK,MAPKAPK,MAPKAPK2
SGK2,1.1869797532552258,39,UKA,0.6166666666666667,3,AGC,SGK,SGK,SGK2
SGK2,1.1869797532552258,39,UKA,0.6166666666666667,3,AGC,SGK,SGK,SGK3
ATR,1.1686166007758545,41,UKA,0.6,3,ATYPICAL,PIKK,ATR,ATR
ROCK1,1.160396270529163,43,UKA,0.5833333333333334,3,AGC,DMPK,ROCK,ROCK1
SGK1,1.0950033089671716,52,UKA,0.5083333333333333,3,AGC,SGK,SGK,SGK1
CDK3,1.0152387257171327,55,UKA,0.48333333333333334,2,CMGC,CDK,CDC2,CDK3
CDK7,0.6993610453646018,63,UKA,0.4166666666666667,2,CMGC,CDK,CDK7,CDK7
PAK1,0.6079435317133293,64,UKA,0.4083333333333333,2,STE,STE20,PAKA,PAK1
ARAF,0.5423602861703197,66,UKA,0.38333333333333336,2,TKL,RAF,RAF,ARAF
PIM3,0.5423602861703197,66,UKA,0.38333333333333336,2,CAMK,PIM,PIM,PIM3
BRAF,0.5350814373197559,67,UKA,0.375,2,TKL,RAF,RAF,BRAF
DAPK2,0.5037569136312066,68,UKA,0.36666666666666664,2,CAMK,DAPK,DAPK,DAPK2
CDKL1,0.4481500497575753,70,UKA,0.35,2,CMGC,CDKL,CDKL,CDKL1
CDKL2,0.4294633368662624,71,UKA,0.3416666666666667,2,CMGC,CDKL,CDKL,CDKL2
RAF1,0.2623176602210903,83,UKA,0.24166666666666667,1,TKL,RAF,RAF,RAF1
ROCK2,0.26040893671861254,84,UKA,0.23333333333333334,1,AGC,DMPK,ROCK,ROCK2
TBK1,0.2448602571431056,86,UKA,0.21666666666666667,1,OTHER,IKK,IKK,TBK1
CDKL5,0.18977653918336693,88,UKA,0.2,1,CMGC,CDKL,CDKL,CDKL5
MAPK14,0.1786908935721258,89,UKA,0.19166666666666668,1,CMGC,MAPK,P38,MAPK14
NUAK1,0.15740108868456937,92,UKA,0.16666666666666666,1,CAMK,CAMKL,NUAK,NUAK1
CDK9,0.11977195695347977,93,UKA,0.15833333333333333,1,CMGC,CDK,CDK9,CDK9
CDK4,0.0501222959631252,100,UKA,0.1,1,CMGC,CDK,CDK4,CDK4
CDK2,0.04470102823726557,102,UKA,0.08333333333333333,1,CMGC,CDK,CDC2,CDK2
CDK6,0.00700490156865848,106,UKA,0.025,1,CMGC,CDK,CDK4,CDK6
DYRK1A,0.00305097172425401,107,UKA,0.016666666666666666,1,CMGC,DYRK,DYRK1,DYRK1A
CDK5,0,109,UKA,0,1,CMGC,CDK,CDK5,CDK5
CDK,-3.8791666666666664,4,KRSA,0.9509906152241918,4,CMGC,CDK,CDC2,CDK1
CDK,-3.8791666666666664,4,KRSA,0.9509906152241918,4,CMGC,CDK,CDK10,CDK10
CDK,-3.8791666666666664,4,KRSA,0.9509906152241918,4,CMGC,CDK,CRK7,CDK12
CDK,-3.8791666666666664,4,KRSA,0.9509906152241918,4,CMGC,CDK,CRK7,CDK13
CDK,-3.8791666666666664,4,KRSA,0.9509906152241918,4,CMGC,CDK,PFTAIRE,CDK14
CDK,-3.8791666666666664,4,KRSA,0.9509906152241918,4,CMGC,CDK,PFTAIRE,CDK15
CDK,-3.8791666666666664,4,KRSA,0.9509906152241918,4,CMGC,CDK,PCTAIRE,CDK16
CDK,-3.8791666666666664,4,KRSA,0.9509906152241918,4,CMGC,CDK,PCTAIRE,CDK17
CDK,-3.8791666666666664,4,KRSA,0.9509906152241918,4,CMGC,CDK,PCTAIRE,CDK18
CDK,-3.8791666666666664,4,KRSA,0.9509906152241918,4,CMGC,CDK,CDK8,CDK19
CDK,-3.8791666666666664,4,KRSA,0.9509906152241918,4,CMGC,CDK,CDC2,CDK2
CDK,-3.8791666666666664,4,KRSA,0.9509906152241918,4,CMGC,CDK,CCRK,CDK20
CDK,-3.8791666666666664,4,KRSA,0.9509906152241918,4,CMGC,CDK,CDC2,CDK3
CDK,-3.8791666666666664,4,KRSA,0.9509906152241918,4,CMGC,CDK,CDK4,CDK4
CDK,-3.8791666666666664,4,KRSA,0.9509906152241918,4,CMGC,CDK,CDK5,CDK5
CDK,-3.8791666666666664,4,KRSA,0.9509906152241918,4,CMGC,CDK,CDK4,CDK6
CDK,-3.8791666666666664,4,KRSA,0.9509906152241918,4,CMGC,CDK,CDK7,CDK7
CDK,-3.8791666666666664,4,KRSA,0.9509906152241918,4,CMGC,CDK,CDK8,CDK8
CDK,-3.8791666666666664,4,KRSA,0.9509906152241918,4,CMGC,CDK,CDK9,CDK9
CDK,-3.8791666666666664,4,KRSA,0.9509906152241918,4,NA,NA,NA,CDK11A
CDK,-3.8791666666666664,4,KRSA,0.9509906152241918,4,NA,NA,NA,CDK11B
PKCA,-2.8325,10,KRSA,0.8759124087591241,4,AGC,PKC,ALPHA,PRKCA
PKCA,-2.8325,10,KRSA,0.8759124087591241,4,AGC,PKC,ALPHA,PRKCB
PKCA,-2.8325,10,KRSA,0.8759124087591241,4,AGC,PKC,ALPHA,PRKCG
PEK,-3.3825,7,KRSA,0.913451511991658,4,OTHER,PEK,HRI,EIF2AK1
PEK,-3.3825,7,KRSA,0.913451511991658,4,OTHER,PEK,PKR,EIF2AK2
PEK,-3.3825,7,KRSA,0.913451511991658,4,OTHER,PEK,PEK,EIF2AK3
PEK,-3.3825,7,KRSA,0.913451511991658,4,OTHER,PEK,GCN2,EIF2AK4
QIK,-1.6875,18,KRSA,0.7758081334723671,4,CAMK,CAMKL,QIK,SIK1
QIK,-1.6875,18,KRSA,0.7758081334723671,4,CAMK,CAMKL,QIK,SIK2
PLK,-2.5033333333333334,12,KRSA,0.8508863399374348,4,NA,NA,NA,PLK5
PLK,-2.5033333333333334,12,KRSA,0.8508863399374348,4,OTHER,PLK,PLK1,PLK1
PLK,-2.5033333333333334,12,KRSA,0.8508863399374348,4,OTHER,PLK,PLK2,PLK2
PLK,-2.5033333333333334,12,KRSA,0.8508863399374348,4,OTHER,PLK,PLK2,PLK3
PLK,-2.5033333333333334,12,KRSA,0.8508863399374348,4,OTHER,PLK,SAK,PLK4
JNK,-3.9183333333333334,3,KRSA,0.9635036496350365,4,CMGC,MAPK,JNK,MAPK10
JNK,-3.9183333333333334,3,KRSA,0.9635036496350365,4,CMGC,MAPK,JNK,MAPK8
JNK,-3.9183333333333334,3,KRSA,0.9635036496350365,4,CMGC,MAPK,JNK,MAPK9
PDK1,-3.865833333333333,5,KRSA,0.9384775808133472,4,ATYPICAL,PDHK,PDHK,PDK1
PDK1,-3.865833333333333,5,KRSA,0.9384775808133472,4,AGC,PDK1,PDK1,PDPK1
NMO,-2.4458333333333333,13,KRSA,0.8383733055265902,4,CMGC,MAPK,NMO,NLK
DYRK,-4.251666666666667,2,KRSA,0.9760166840458812,4,CMGC,DYRK,DYRK1,DYRK1A
DYRK,-4.251666666666667,2,KRSA,0.9760166840458812,4,CMGC,DYRK,DYRK1,DYRK1B
DYRK,-4.251666666666667,2,KRSA,0.9760166840458812,4,CMGC,DYRK,DYRK2,DYRK2
DYRK,-4.251666666666667,2,KRSA,0.9760166840458812,4,CMGC,DYRK,DYRK2,DYRK3
DYRK,-4.251666666666667,2,KRSA,0.9760166840458812,4,CMGC,DYRK,DYRK2,DYRK4
DYRK,-4.251666666666667,2,KRSA,0.9760166840458812,4,CMGC,DYRK,HIPK,HIPK1
DYRK,-4.251666666666667,2,KRSA,0.9760166840458812,4,CMGC,DYRK,HIPK,HIPK2
DYRK,-4.251666666666667,2,KRSA,0.9760166840458812,4,CMGC,DYRK,HIPK,HIPK3
DYRK,-4.251666666666667,2,KRSA,0.9760166840458812,4,CMGC,DYRK,HIPK,HIPK4
DYRK,-4.251666666666667,2,KRSA,0.9760166840458812,4,CMGC,DYRK,PRP4,PRPF4B
ERK,-4.4191666666666665,1,KRSA,0.9885297184567258,4,CMGC,MAPK,ERK1,MAPK1
ERK,-4.4191666666666665,1,KRSA,0.9885297184567258,4,CMGC,MAPK,ERK7,MAPK15
ERK,-4.4191666666666665,1,KRSA,0.9885297184567258,4,CMGC,MAPK,ERK1,MAPK3
ERK,-4.4191666666666665,1,KRSA,0.9885297184567258,4,CMGC,MAPK,ERK3,MAPK4
ERK,-4.4191666666666665,1,KRSA,0.9885297184567258,4,CMGC,MAPK,ERK3,MAPK6
ERK,-4.4191666666666665,1,KRSA,0.9885297184567258,4,CMGC,MAPK,ERK5,MAPK7
PKG,3.1791666666666667,9,KRSA,0.8884254431699687,4,AGC,PKG,PKG,PRKG1
PKG,3.1791666666666667,9,KRSA,0.8884254431699687,4,AGC,PKG,PKG,PRKG2
P38,-3.43,6,KRSA,0.9259645464025026,4,CMGC,MAPK,P38,MAPK11
P38,-3.43,6,KRSA,0.9259645464025026,4,CMGC,MAPK,P38,MAPK12
P38,-3.43,6,KRSA,0.9259645464025026,4,CMGC,MAPK,P38,MAPK13
P38,-3.43,6,KRSA,0.9259645464025026,4,CMGC,MAPK,P38,MAPK14
PHK,-1.75,17,KRSA,0.7883211678832117,4,CAMK,PHK,PHK,PHKG1
PHK,-1.75,17,KRSA,0.7883211678832117,4,CAMK,PHK,PHK,PHKG2
STE7,-1.590833333333333,19,KRSA,0.7632950990615224,4,STE,STE7,MEK1,MAP2K1
STE7,-1.590833333333333,19,KRSA,0.7632950990615224,4,STE,STE7,MEK1,MAP2K2
STE7,-1.590833333333333,19,KRSA,0.7632950990615224,4,STE,STE7,MEK3,MAP2K3
STE7,-1.590833333333333,19,KRSA,0.7632950990615224,4,STE,STE7,MEK4,MAP2K4
STE7,-1.590833333333333,19,KRSA,0.7632950990615224,4,STE,STE7,MEK5,MAP2K5
STE7,-1.590833333333333,19,KRSA,0.7632950990615224,4,STE,STE7,MEK3,MAP2K6
STE7,-1.590833333333333,19,KRSA,0.7632950990615224,4,STE,STE7,MEK7,MAP2K7
MST,-2.1366666666666667,14,KRSA,0.8258602711157456,4,STE,STE20,MST,STK3
MST,-2.1366666666666667,14,KRSA,0.8258602711157456,4,STE,STE20,MST,STK4
RAF,-1.8766666666666667,15,KRSA,0.8133472367049009,4,TKL,RAF,RAF,ARAF
RAF,-1.8766666666666667,15,KRSA,0.8133472367049009,4,TKL,RAF,RAF,BRAF
RAF,-1.8766666666666667,15,KRSA,0.8133472367049009,4,TKL,RAF,KSR,KSR1
RAF,-1.8766666666666667,15,KRSA,0.8133472367049009,4,TKL,RAF,KSR,KSR2
RAF,-1.8766666666666667,15,KRSA,0.8133472367049009,4,TKL,RAF,RAF,RAF1
PRKDC,-1.2916666666666667,25,KRSA,0.6882168925964547,3,ATYPICAL,PIKK,DNAPK,PRKDC
CK1,-1.3091666666666666,23,KRSA,0.7132429614181439,3,CK1,CK1,CK1-A,CSNK1A1
CK1,-1.3091666666666666,23,KRSA,0.7132429614181439,3,CK1,CK1,CK1-A,CSNK1A1L
CK1,-1.3091666666666666,23,KRSA,0.7132429614181439,3,CK1,CK1,CK1-D,CSNK1D
CK1,-1.3091666666666666,23,KRSA,0.7132429614181439,3,CK1,CK1,CK1-D,CSNK1E
CK1,-1.3091666666666666,23,KRSA,0.7132429614181439,3,CK1,CK1,CK1-G,CSNK1G1
CK1,-1.3091666666666666,23,KRSA,0.7132429614181439,3,CK1,CK1,CK1-G,CSNK1G2
CK1,-1.3091666666666666,23,KRSA,0.7132429614181439,3,CK1,CK1,CK1-G,CSNK1G3
CK1,-1.3091666666666666,23,KRSA,0.7132429614181439,3,CK1,TTBK,TTBK,TTBK1
CK1,-1.3091666666666666,23,KRSA,0.7132429614181439,3,CK1,TTBK,TTBK,TTBK2
CK1,-1.3091666666666666,23,KRSA,0.7132429614181439,3,CK1,VRK,VRK,VRK3
PKA,3.3466666666666667,8,KRSA,0.9009384775808134,4,AGC,PKA,PKA,PRKACA
PKA,3.3466666666666667,8,KRSA,0.9009384775808134,4,AGC,PKA,PKA,PRKACB
PKA,3.3466666666666667,8,KRSA,0.9009384775808134,4,AGC,PKA,PKA,PRKACG
PKA,3.3466666666666667,8,KRSA,0.9009384775808134,4,AGC,PKA,PKA,PRKX
PKA,3.3466666666666667,8,KRSA,0.9009384775808134,4,AGC,PKA,PKA,PRKY
BARK2,-0.3383333333333333,61,KRSA,0.22523461939520334,1,AGC,GRK,BARK,GRK3
MTOR,-1.8033333333333332,16,KRSA,0.8008342022940563,4,ATYPICAL,PIKK,FRAP,MTOR
MLK,-0.30499999999999994,65,KRSA,0.17518248175182483,1,TKL,MLK,ILK,ILK
MLK,-0.30499999999999994,65,KRSA,0.17518248175182483,1,TKL,MLK,MLK,MAP3K10
MLK,-0.30499999999999994,65,KRSA,0.17518248175182483,1,TKL,MLK,MLK,MAP3K11
MLK,-0.30499999999999994,65,KRSA,0.17518248175182483,1,TKL,MLK,LZK,MAP3K12
MLK,-0.30499999999999994,65,KRSA,0.17518248175182483,1,TKL,MLK,LZK,MAP3K13
MLK,-0.30499999999999994,65,KRSA,0.17518248175182483,1,TKL,MLK,MLK,MAP3K9
MLK,-0.30499999999999994,65,KRSA,0.17518248175182483,1,TKL,MLK,HH498,TNNI3K
ATR,-1.3758333333333332,21,KRSA,0.7382690302398331,3,ATYPICAL,PIKK,ATR,ATR
FRAY,-1.3825,20,KRSA,0.7507820646506778,4,STE,STE20,FRAY,OXSR1
FRAY,-1.3825,20,KRSA,0.7507820646506778,4,STE,STE20,FRAY,STK39
SGK,0.08583333333333334,75,KRSA,0.05005213764337852,1,AGC,SGK,SGK,SGK1
SGK,0.08583333333333334,75,KRSA,0.05005213764337852,1,AGC,SGK,SGK,SGK2
SGK,0.08583333333333334,75,KRSA,0.05005213764337852,1,AGC,SGK,SGK,SGK3
TLK,-1.1916666666666669,29,KRSA,0.6381647549530761,3,OTHER,TLK,TLK,TLK1
TLK,-1.1916666666666669,29,KRSA,0.6381647549530761,3,OTHER,TLK,TLK,TLK2
NAK,-0.205,69,KRSA,0.1251303441084463,1,OTHER,NAK,BIKE,AAK1
NAK,-0.205,69,KRSA,0.1251303441084463,1,OTHER,NAK,BIKE,BMP2K
NAK,-0.205,69,KRSA,0.1251303441084463,1,OTHER,NAK,GAK,GAK
NAK,-0.205,69,KRSA,0.1251303441084463,1,OTHER,NAK,MPSK,STK16
NUAK,-1.1841666666666666,31,KRSA,0.6131386861313869,3,CAMK,CAMKL,NUAK,NUAK1
NUAK,-1.1841666666666666,31,KRSA,0.6131386861313869,3,CAMK,CAMKL,NUAK,NUAK2
IKK,-0.67,51,KRSA,0.35036496350364965,2,OTHER,IKK,IKK,CHUK
IKK,-0.67,51,KRSA,0.35036496350364965,2,OTHER,IKK,IKK,IKBKB
IKK,-0.67,51,KRSA,0.35036496350364965,2,OTHER,IKK,IKK,IKBKE
IKK,-0.67,51,KRSA,0.35036496350364965,2,OTHER,IKK,IKK,TBK1
VRK1,-1.035,34,KRSA,0.5755995828988529,3,CK1,VRK,VRK,VRK1
PAKB,-0.8191666666666666,46,KRSA,0.4129301355578728,2,STE,STE20,PAKB,PAK4
PAKB,-0.8191666666666666,46,KRSA,0.4129301355578728,2,STE,STE20,PAKB,PAK5
PAKB,-0.8191666666666666,46,KRSA,0.4129301355578728,2,STE,STE20,PAKB,PAK6
MLCK,-0.3350000000000001,63,KRSA,0.20020855057351408,1,CAMK,MLCK,MLCK,MYLK
MLCK,-0.3350000000000001,63,KRSA,0.20020855057351408,1,CAMK,MLCK,MLCK,MYLK2
MLCK,-0.3350000000000001,63,KRSA,0.20020855057351408,1,CAMK,MLCK,MLCK,TTN
TTK,-1.1891666666666667,30,KRSA,0.6256517205422315,3,OTHER,TTK,TTK,TTK
CAMK1,2.524166666666667,11,KRSA,0.8633993743482794,4,CAMK,CAMK1,CAMK1,CAMK1
CAMK1,2.524166666666667,11,KRSA,0.8633993743482794,4,CAMK,CAMK1,CAMK1,CAMK1D
CAMK1,2.524166666666667,11,KRSA,0.8633993743482794,4,CAMK,CAMK1,CAMK1,CAMK1G
CAMK1,2.524166666666667,11,KRSA,0.8633993743482794,4,CAMK,CAMK1,CAMK1,CAMK4
CAMK1,2.524166666666667,11,KRSA,0.8633993743482794,4,CAMK,CAMK1,CAMK1,PNCK
DMPK,-0.6308333333333334,52,KRSA,0.337851929092805,2,AGC,DMPK,GEK,CDC42BPA
DMPK,-0.6308333333333334,52,KRSA,0.337851929092805,2,AGC,DMPK,GEK,CDC42BPB
DMPK,-0.6308333333333334,52,KRSA,0.337851929092805,2,AGC,DMPK,GEK,CDC42BPG
DMPK,-0.6308333333333334,52,KRSA,0.337851929092805,2,AGC,DMPK,CRIK,CIT
DMPK,-0.6308333333333334,52,KRSA,0.337851929092805,2,AGC,DMPK,GEK,DMPK
DMPK,-0.6308333333333334,52,KRSA,0.337851929092805,2,AGC,DMPK,ROCK,ROCK1
DMPK,-0.6308333333333334,52,KRSA,0.337851929092805,2,AGC,DMPK,ROCK,ROCK2
LKB,-1.3241666666666667,22,KRSA,0.7257559958289885,3,CAMK,CAMKL,LKB,STK11
DAPK,-0.8791666666666667,39,KRSA,0.5130344108446299,3,CAMK,DAPK,DAPK,DAPK1
DAPK,-0.8791666666666667,39,KRSA,0.5130344108446299,3,CAMK,DAPK,DAPK,DAPK2
DAPK,-0.8791666666666667,39,KRSA,0.5130344108446299,3,CAMK,DAPK,DAPK,DAPK3
DAPK,-0.8791666666666667,39,KRSA,0.5130344108446299,3,CAMK,DAPK,DRAK,STK17A
DAPK,-0.8791666666666667,39,KRSA,0.5130344108446299,3,CAMK,DAPK,DRAK,STK17B
ATM,-0.6116666666666667,53,KRSA,0.32533889468196037,2,ATYPICAL,PIKK,ATM,ATM
RAD53,1.1975,28,KRSA,0.6506777893639207,3,CAMK,RAD53,RAD53,CHEK2
KHS,-0.1449999999999999,73,KRSA,0.07507820646506778,1,STE,STE20,KHS,MAP4K1
KHS,-0.1449999999999999,73,KRSA,0.07507820646506778,1,STE,STE20,KHS,MAP4K2
KHS,-0.1449999999999999,73,KRSA,0.07507820646506778,1,STE,STE20,KHS,MAP4K3
KHS,-0.1449999999999999,73,KRSA,0.07507820646506778,1,STE,STE20,KHS,MAP4K5
BRSK,0.04333333333333335,77,KRSA,0.02502606882168926,1,CAMK,CAMKL,BRSK,BRSK1
BRSK,0.04333333333333335,77,KRSA,0.02502606882168926,1,CAMK,CAMKL,BRSK,BRSK2
WNK,-0.8391666666666666,41,KRSA,0.4880083420229406,2,OTHER,WNK,WNK,WNK1
WNK,-0.8391666666666666,41,KRSA,0.4880083420229406,2,OTHER,WNK,WNK,WNK2
WNK,-0.8391666666666666,41,KRSA,0.4880083420229406,2,OTHER,WNK,WNK,WNK3
WNK,-0.8391666666666666,41,KRSA,0.4880083420229406,2,OTHER,WNK,WNK,WNK4
NIK,-0.8383333333333334,42,KRSA,0.4629822732012513,2,STE,STE-UNIQUE,STE-UNIQUE,MAP3K14
ULK,-0.8241666666666666,44,KRSA,0.43795620437956206,2,OTHER,ULK,FUSED,STK36
ULK,-0.8241666666666666,44,KRSA,0.43795620437956206,2,OTHER,ULK,ULK,ULK1
ULK,-0.8241666666666666,44,KRSA,0.43795620437956206,2,OTHER,ULK,ULK,ULK2
ULK,-0.8241666666666666,44,KRSA,0.43795620437956206,2,OTHER,ULK,ULK,ULK3
ULK,-0.8241666666666666,44,KRSA,0.43795620437956206,2,OTHER,ULK,ULK,ULK4
BUD32,-0.8275,43,KRSA,0.4504692387904067,2,OTHER,BUD32,BUD32,TP53RK
CAMKK,-0.8233333333333334,45,KRSA,0.4254431699687174,2,OTHER,CAMKK,META,CAMKK1
CAMKK,-0.8233333333333334,45,KRSA,0.4254431699687174,2,OTHER,CAMKK,META,CAMKK2
CLK,-0.8383333333333334,42,KRSA,0.4629822732012513,2,CMGC,CLK,CLK,CLK1
CLK,-0.8383333333333334,42,KRSA,0.4629822732012513,2,CMGC,CLK,CLK,CLK2
CLK,-0.8383333333333334,42,KRSA,0.4629822732012513,2,CMGC,CLK,CLK,CLK3
CLK,-0.8383333333333334,42,KRSA,0.4629822732012513,2,CMGC,CLK,CLK,CLK4
TAO,0.17583333333333337,71,KRSA,0.10010427528675704,1,STE,STE20,TAO,TAOK1
TAO,0.17583333333333337,71,KRSA,0.10010427528675704,1,STE,STE20,TAO,TAOK2
TAO,0.17583333333333337,71,KRSA,0.10010427528675704,1,STE,STE20,TAO,TAOK3
PIM,0.5358333333333333,54,KRSA,0.31282586027111575,2,CAMK,PIM,PIM,PIM1
PIM,0.5358333333333333,54,KRSA,0.31282586027111575,2,CAMK,PIM,PIM,PIM2
PIM,0.5358333333333333,54,KRSA,0.31282586027111575,2,CAMK,PIM,PIM,PIM3
MOS,-0.49583333333333335,55,KRSA,0.30031282586027114,2,OTHER,MOS,MOS,MOS
SLK,-0.16666666666666663,72,KRSA,0.08759124087591241,1,STE,STE20,SLK,SLK
SLK,-0.16666666666666663,72,KRSA,0.08759124087591241,1,STE,STE20,SLK,STK10
PASK,1.2475,26,KRSA,0.67570385818561,3,CAMK,CAMKL,PASK,PASK
MSN,0.3899999999999999,58,KRSA,0.26277372262773724,2,STE,STE20,MSN,MAP4K4
MSN,0.3899999999999999,58,KRSA,0.26277372262773724,2,STE,STE20,MSN,NRK
MSN,0.3899999999999999,58,KRSA,0.26277372262773724,2,STE,STE20,MSN,TNIK
IRAK,-0.2725,66,KRSA,0.16266944734098018,1,TKL,IRAK,IRAK,IRAK1
IRAK,-0.2725,66,KRSA,0.16266944734098018,1,TKL,IRAK,IRAK,IRAK2
IRAK,-0.2725,66,KRSA,0.16266944734098018,1,TKL,IRAK,IRAK,IRAK3
IRAK,-0.2725,66,KRSA,0.16266944734098018,1,TKL,IRAK,IRAK,IRAK4
GRK,0.45833333333333326,57,KRSA,0.27528675703858185,2,AGC,GRK,GRK,GRK1
GRK,0.45833333333333326,57,KRSA,0.27528675703858185,2,AGC,GRK,GRK,GRK4
GRK,0.45833333333333326,57,KRSA,0.27528675703858185,2,AGC,GRK,GRK,GRK5
GRK,0.45833333333333326,57,KRSA,0.27528675703858185,2,AGC,GRK,GRK,GRK6
GRK,0.45833333333333326,57,KRSA,0.27528675703858185,2,AGC,GRK,GRK,GRK7
MELK,-0.3683333333333333,60,KRSA,0.23774765380604795,1,CAMK,CAMKL,MELK,MELK
CAMK2,0.7225,49,KRSA,0.3753910323253389,2,CAMK,CAMK2,CAMK2,CAMK2A
CAMK2,0.7225,49,KRSA,0.3753910323253389,2,CAMK,CAMK2,CAMK2,CAMK2B
CAMK2,0.7225,49,KRSA,0.3753910323253389,2,CAMK,CAMK2,CAMK2,CAMK2D
CAMK2,0.7225,49,KRSA,0.3753910323253389,2,CAMK,CAMK2,CAMK2,CAMK2G
PDHK,0.3358333333333333,62,KRSA,0.2127215849843587,1,ATYPICAL,PDHK,BCKDK,BCKDK
PDHK,0.3358333333333333,62,KRSA,0.2127215849843587,1,ATYPICAL,PDHK,PDHK,PDK2
PDHK,0.3358333333333333,62,KRSA,0.2127215849843587,1,ATYPICAL,PDHK,PDHK,PDK3
PDHK,0.3358333333333333,62,KRSA,0.2127215849843587,1,ATYPICAL,PDHK,PDHK,PDK4
NDR,0.01333333333333335,79,KRSA,0,1,AGC,NDR,NDR,LATS1
NDR,0.01333333333333335,79,KRSA,0,1,AGC,NDR,NDR,LATS2
NDR,0.01333333333333335,79,KRSA,0,1,AGC,NDR,NDR,STK38
NDR,0.01333333333333335,79,KRSA,0,1,AGC,NDR,NDR,STK38L
STKR,-0.06833333333333336,76,KRSA,0.03753910323253389,1,TKL,STKR,TYPE1,ACVR1
STKR,-0.06833333333333336,76,KRSA,0.03753910323253389,1,TKL,STKR,TYPE1,ACVR1B
STKR,-0.06833333333333336,76,KRSA,0.03753910323253389,1,TKL,STKR,TYPE1,ACVR1C
STKR,-0.06833333333333336,76,KRSA,0.03753910323253389,1,TKL,STKR,TYPE2,ACVR2A
STKR,-0.06833333333333336,76,KRSA,0.03753910323253389,1,TKL,STKR,TYPE2,ACVR2B
STKR,-0.06833333333333336,76,KRSA,0.03753910323253389,1,TKL,STKR,TYPE1,ACVRL1
STKR,-0.06833333333333336,76,KRSA,0.03753910323253389,1,TKL,STKR,TYPE2,AMHR2
STKR,-0.06833333333333336,76,KRSA,0.03753910323253389,1,TKL,STKR,TYPE1,BMPR1A
STKR,-0.06833333333333336,76,KRSA,0.03753910323253389,1,TKL,STKR,TYPE1,BMPR1B
STKR,-0.06833333333333336,76,KRSA,0.03753910323253389,1,TKL,STKR,TYPE2,BMPR2
STKR,-0.06833333333333336,76,KRSA,0.03753910323253389,1,TKL,STKR,TYPE1,TGFBR1
STKR,-0.06833333333333336,76,KRSA,0.03753910323253389,1,TKL,STKR,TYPE2,TGFBR2
PKCD,1.2083333333333333,27,KRSA,0.6631908237747653,3,AGC,PKC,DELTA,PRKCD
PKCD,1.2083333333333333,27,KRSA,0.6631908237747653,3,AGC,PKC,DELTA,PRKCQ
GSK,-0.9616666666666668,35,KRSA,0.5630865484880083,3,CMGC,GSK,GSK,GSK3A
GSK,-0.9616666666666668,35,KRSA,0.5630865484880083,3,CMGC,GSK,GSK,GSK3B
AKT,-0.04333333333333331,78,KRSA,0.01251303441084463,1,AGC,AKT,AKT,AKT1
AKT,-0.04333333333333331,78,KRSA,0.01251303441084463,1,AGC,AKT,AKT,AKT2
AKT,-0.04333333333333331,78,KRSA,0.01251303441084463,1,AGC,AKT,AKT,AKT3
COT,-0.09000000000000002,74,KRSA,0.06256517205422316,1,STE,STE-UNIQUE,STE-UNIQUE,MAP3K8
PKCH,-0.9558333333333332,36,KRSA,0.5505735140771637,3,AGC,PKC,ETA,PRKCE
PKCH,-0.9558333333333332,36,KRSA,0.5505735140771637,3,AGC,PKC,ETA,PRKCH
RIPK,1.169166666666667,32,KRSA,0.6006256517205423,3,TKL,RIPK,RIPK,ANKK1
RIPK,1.169166666666667,32,KRSA,0.6006256517205423,3,TKL,RIPK,RIPK,RIPK1
RIPK,1.169166666666667,32,KRSA,0.6006256517205423,3,TKL,RIPK,RIPK,RIPK2
RIPK,1.169166666666667,32,KRSA,0.6006256517205423,3,TKL,RIPK,RIPK,RIPK3
RIPK,1.169166666666667,32,KRSA,0.6006256517205423,3,TKL,RIPK,RIPK,RIPK4
STE11,-0.7233333333333333,48,KRSA,0.38790406673618355,2,TKL,MLK,TAK1,MAP3K7
STE11,-0.7233333333333333,48,KRSA,0.38790406673618355,2,STE,STE11,MEKK1,MAP3K1
STE11,-0.7233333333333333,48,KRSA,0.38790406673618355,2,STE,STE11,ASK,MAP3K15
STE11,-0.7233333333333333,48,KRSA,0.38790406673618355,2,STE,STE11,MEKK2,MAP3K2
STE11,-0.7233333333333333,48,KRSA,0.38790406673618355,2,STE,STE11,MEKK2,MAP3K3
STE11,-0.7233333333333333,48,KRSA,0.38790406673618355,2,STE,STE11,MEKK4,MAP3K4
STE11,-0.7233333333333333,48,KRSA,0.38790406673618355,2,STE,STE11,ASK,MAP3K5
STE11,-0.7233333333333333,48,KRSA,0.38790406673618355,2,STE,STE11,ASK,MAP3K6
CK2,0.21166666666666664,68,KRSA,0.13764337851929093,1,CMGC,CK2,CK2,CSNK2A1
CK2,0.21166666666666664,68,KRSA,0.13764337851929093,1,CMGC,CK2,CK2,CSNK2A2
CK2,0.21166666666666664,68,KRSA,0.13764337851929093,1,NA,NA,NA,CSNK2A3
PKD,0.8883333333333333,38,KRSA,0.5255474452554745,3,CAMK,PKD,PKD,PRKD1
PKD,0.8883333333333333,38,KRSA,0.5255474452554745,3,CAMK,PKD,PKD,PRKD2
PKD,0.8883333333333333,38,KRSA,0.5255474452554745,3,CAMK,PKD,PKD,PRKD3
AMPK,1.305,24,KRSA,0.7007299270072993,3,CAMK,CAMKL,AMPK,PRKAA1
AMPK,1.305,24,KRSA,0.7007299270072993,3,CAMK,CAMKL,AMPK,PRKAA2
AUR,0.18666666666666668,70,KRSA,0.11261730969760167,1,OTHER,AUR,AUR,AURKA
AUR,0.18666666666666668,70,KRSA,0.11261730969760167,1,OTHER,AUR,AUR,AURKB
AUR,0.18666666666666668,70,KRSA,0.11261730969760167,1,OTHER,AUR,AUR,AURKC
RSK,0.905,37,KRSA,0.5380604796663191,3,AGC,RSK,RSK,RPS6KA1
RSK,0.905,37,KRSA,0.5380604796663191,3,AGC,RSK,RSK,RPS6KA2
RSK,0.905,37,KRSA,0.5380604796663191,3,AGC,RSK,RSK,RPS6KA3
RSK,0.905,37,KRSA,0.5380604796663191,3,AGC,RSK,MSK,RPS6KA4
RSK,0.905,37,KRSA,0.5380604796663191,3,AGC,RSK,MSK,RPS6KA5
RSK,0.905,37,KRSA,0.5380604796663191,3,AGC,RSK,RSK,RPS6KA6
RSK,0.905,37,KRSA,0.5380604796663191,3,AGC,RSK,P70,RPS6KB1
RSK,0.905,37,KRSA,0.5380604796663191,3,AGC,RSK,P70,RPS6KB2
PKCI,1.0533333333333337,33,KRSA,0.5881126173096975,3,AGC,PKC,IOTA,PRKCI
PKCI,1.0533333333333337,33,KRSA,0.5881126173096975,3,AGC,PKC,IOTA,PRKCZ
CHK1,0.2441666666666667,67,KRSA,0.15015641293013557,1,CAMK,CAMKL,CHK1,CHEK1
PAKA,0.8458333333333334,40,KRSA,0.5005213764337852,3,STE,STE20,PAKA,PAK1
PAKA,0.8458333333333334,40,KRSA,0.5005213764337852,3,STE,STE20,PAKA,PAK2
PAKA,0.8458333333333334,40,KRSA,0.5005213764337852,3,STE,STE20,PAKA,PAK3
PKN,-0.7191666666666666,50,KRSA,0.36287799791449427,2,AGC,PKN,PKN,PKN1
PKN,-0.7191666666666666,50,KRSA,0.36287799791449427,2,AGC,PKN,PKN,PKN2
PKN,-0.7191666666666666,50,KRSA,0.36287799791449427,2,AGC,PKN,PKN,PKN3
MAPKAPK,0.3733333333333333,59,KRSA,0.2502606882168926,2,CAMK,MAPKAPK,MAPKAPK,MAPKAPK2
MAPKAPK,0.3733333333333333,59,KRSA,0.2502606882168926,2,CAMK,MAPKAPK,MAPKAPK,MAPKAPK3
MAPKAPK,0.3733333333333333,59,KRSA,0.2502606882168926,2,CAMK,MAPKAPK,MAPKAPK,MAPKAPK5
MAPKAPK,0.3733333333333333,59,KRSA,0.2502606882168926,2,CAMK,MAPKAPK,MNK,MKNK1
MAPKAPK,0.3733333333333333,59,KRSA,0.2502606882168926,2,CAMK,MAPKAPK,MNK,MKNK2
HAL,0.8033333333333333,47,KRSA,0.40041710114702816,2,RGC,RGC,RGC,NPR1
NEK,-0.32416666666666666,64,KRSA,0.18769551616266944,1,OTHER,NEK,NEK11,NEK11
NEK,-0.32416666666666666,64,KRSA,0.18769551616266944,1,OTHER,NEK,NEK2,NEK2
NEK,-0.32416666666666666,64,KRSA,0.18769551616266944,1,OTHER,NEK,NEK1,NEK3
NEK,-0.32416666666666666,64,KRSA,0.18769551616266944,1,OTHER,NEK,NEK4,NEK4
NEK,-0.32416666666666666,64,KRSA,0.18769551616266944,1,OTHER,NEK,NEK1,NEK5
NEK,-0.32416666666666666,64,KRSA,0.18769551616266944,1,OTHER,NEK,NEK6,NEK6
NEK,-0.32416666666666666,64,KRSA,0.18769551616266944,1,OTHER,NEK,NEK6,NEK7
NEK,-0.32416666666666666,64,KRSA,0.18769551616266944,1,OTHER,NEK,NEK8,NEK8
NEK,-0.32416666666666666,64,KRSA,0.18769551616266944,1,OTHER,NEK,NEK8,NEK9
JNK,-3.9183333333333334,3,KRSA,0.9635036496350365,4,CMGC,MAPK,JNK,MAPK10
JNK,-3.9183333333333334,3,KRSA,0.9635036496350365,4,CMGC,MAPK,JNK,MAPK8
JNK,-3.9183333333333334,3,KRSA,0.9635036496350365,4,CMGC,MAPK,JNK,MAPK9
PEK,-3.3825,7,KRSA,0.913451511991658,4,OTHER,PEK,HRI,EIF2AK1
PEK,-3.3825,7,KRSA,0.913451511991658,4,OTHER,PEK,PKR,EIF2AK2
PEK,-3.3825,7,KRSA,0.913451511991658,4,OTHER,PEK,PEK,EIF2AK3
PEK,-3.3825,7,KRSA,0.913451511991658,4,OTHER,PEK,GCN2,EIF2AK4
PDK1,-3.865833333333333,5,KRSA,0.9384775808133472,4,ATYPICAL,PDHK,PDHK,PDK1
PDK1,-3.865833333333333,5,KRSA,0.9384775808133472,4,AGC,PDK1,PDK1,PDPK1
CDK,-3.8791666666666664,4,KRSA,0.9509906152241918,4,CMGC,CDK,CDC2,CDK1
CDK,-3.8791666666666664,4,KRSA,0.9509906152241918,4,CMGC,CDK,CDK10,CDK10
CDK,-3.8791666666666664,4,KRSA,0.9509906152241918,4,CMGC,CDK,CRK7,CDK12
CDK,-3.8791666666666664,4,KRSA,0.9509906152241918,4,CMGC,CDK,CRK7,CDK13
CDK,-3.8791666666666664,4,KRSA,0.9509906152241918,4,CMGC,CDK,PFTAIRE,CDK14
CDK,-3.8791666666666664,4,KRSA,0.9509906152241918,4,CMGC,CDK,PFTAIRE,CDK15
CDK,-3.8791666666666664,4,KRSA,0.9509906152241918,4,CMGC,CDK,PCTAIRE,CDK16
CDK,-3.8791666666666664,4,KRSA,0.9509906152241918,4,CMGC,CDK,PCTAIRE,CDK17
CDK,-3.8791666666666664,4,KRSA,0.9509906152241918,4,CMGC,CDK,PCTAIRE,CDK18
CDK,-3.8791666666666664,4,KRSA,0.9509906152241918,4,CMGC,CDK,CDK8,CDK19
CDK,-3.8791666666666664,4,KRSA,0.9509906152241918,4,CMGC,CDK,CDC2,CDK2
CDK,-3.8791666666666664,4,KRSA,0.9509906152241918,4,CMGC,CDK,CCRK,CDK20
CDK,-3.8791666666666664,4,KRSA,0.9509906152241918,4,CMGC,CDK,CDC2,CDK3
CDK,-3.8791666666666664,4,KRSA,0.9509906152241918,4,CMGC,CDK,CDK4,CDK4
CDK,-3.8791666666666664,4,KRSA,0.9509906152241918,4,CMGC,CDK,CDK5,CDK5
CDK,-3.8791666666666664,4,KRSA,0.9509906152241918,4,CMGC,CDK,CDK4,CDK6
CDK,-3.8791666666666664,4,KRSA,0.9509906152241918,4,CMGC,CDK,CDK7,CDK7
CDK,-3.8791666666666664,4,KRSA,0.9509906152241918,4,CMGC,CDK,CDK8,CDK8
CDK,-3.8791666666666664,4,KRSA,0.9509906152241918,4,CMGC,CDK,CDK9,CDK9
CDK,-3.8791666666666664,4,KRSA,0.9509906152241918,4,NA,NA,NA,CDK11A
CDK,-3.8791666666666664,4,KRSA,0.9509906152241918,4,NA,NA,NA,CDK11B
PKG,3.1791666666666667,9,KRSA,0.8884254431699687,4,AGC,PKG,PKG,PRKG1
PKG,3.1791666666666667,9,KRSA,0.8884254431699687,4,AGC,PKG,PKG,PRKG2
PKCA,-2.8325,10,KRSA,0.8759124087591241,4,AGC,PKC,ALPHA,PRKCA
PKCA,-2.8325,10,KRSA,0.8759124087591241,4,AGC,PKC,ALPHA,PRKCB
PKCA,-2.8325,10,KRSA,0.8759124087591241,4,AGC,PKC,ALPHA,PRKCG
P38,-3.43,6,KRSA,0.9259645464025026,4,CMGC,MAPK,P38,MAPK11
P38,-3.43,6,KRSA,0.9259645464025026,4,CMGC,MAPK,P38,MAPK12
P38,-3.43,6,KRSA,0.9259645464025026,4,CMGC,MAPK,P38,MAPK13
P38,-3.43,6,KRSA,0.9259645464025026,4,CMGC,MAPK,P38,MAPK14
DYRK,-4.251666666666667,2,KRSA,0.9760166840458812,4,CMGC,DYRK,DYRK1,DYRK1A
DYRK,-4.251666666666667,2,KRSA,0.9760166840458812,4,CMGC,DYRK,DYRK1,DYRK1B
DYRK,-4.251666666666667,2,KRSA,0.9760166840458812,4,CMGC,DYRK,DYRK2,DYRK2
DYRK,-4.251666666666667,2,KRSA,0.9760166840458812,4,CMGC,DYRK,DYRK2,DYRK3
DYRK,-4.251666666666667,2,KRSA,0.9760166840458812,4,CMGC,DYRK,DYRK2,DYRK4
DYRK,-4.251666666666667,2,KRSA,0.9760166840458812,4,CMGC,DYRK,HIPK,HIPK1
DYRK,-4.251666666666667,2,KRSA,0.9760166840458812,4,CMGC,DYRK,HIPK,HIPK2
DYRK,-4.251666666666667,2,KRSA,0.9760166840458812,4,CMGC,DYRK,HIPK,HIPK3
DYRK,-4.251666666666667,2,KRSA,0.9760166840458812,4,CMGC,DYRK,HIPK,HIPK4
DYRK,-4.251666666666667,2,KRSA,0.9760166840458812,4,CMGC,DYRK,PRP4,PRPF4B
ERK,-4.4191666666666665,1,KRSA,0.9885297184567258,4,CMGC,MAPK,ERK1,MAPK1
ERK,-4.4191666666666665,1,KRSA,0.9885297184567258,4,CMGC,MAPK,ERK7,MAPK15
ERK,-4.4191666666666665,1,KRSA,0.9885297184567258,4,CMGC,MAPK,ERK1,MAPK3
ERK,-4.4191666666666665,1,KRSA,0.9885297184567258,4,CMGC,MAPK,ERK3,MAPK4
ERK,-4.4191666666666665,1,KRSA,0.9885297184567258,4,CMGC,MAPK,ERK3,MAPK6
ERK,-4.4191666666666665,1,KRSA,0.9885297184567258,4,CMGC,MAPK,ERK5,MAPK7
QIK,-1.6875,18,KRSA,0.7758081334723671,4,CAMK,CAMKL,QIK,SIK1
QIK,-1.6875,18,KRSA,0.7758081334723671,4,CAMK,CAMKL,QIK,SIK2
PLK,-2.5033333333333334,12,KRSA,0.8508863399374348,4,NA,NA,NA,PLK5
PLK,-2.5033333333333334,12,KRSA,0.8508863399374348,4,OTHER,PLK,PLK1,PLK1
PLK,-2.5033333333333334,12,KRSA,0.8508863399374348,4,OTHER,PLK,PLK2,PLK2
PLK,-2.5033333333333334,12,KRSA,0.8508863399374348,4,OTHER,PLK,PLK2,PLK3
PLK,-2.5033333333333334,12,KRSA,0.8508863399374348,4,OTHER,PLK,SAK,PLK4
RAF,-1.8766666666666667,15,KRSA,0.8133472367049009,4,TKL,RAF,RAF,ARAF
RAF,-1.8766666666666667,15,KRSA,0.8133472367049009,4,TKL,RAF,RAF,BRAF
RAF,-1.8766666666666667,15,KRSA,0.8133472367049009,4,TKL,RAF,KSR,KSR1
RAF,-1.8766666666666667,15,KRSA,0.8133472367049009,4,TKL,RAF,KSR,KSR2
RAF,-1.8766666666666667,15,KRSA,0.8133472367049009,4,TKL,RAF,RAF,RAF1
NMO,-2.4458333333333333,13,KRSA,0.8383733055265902,4,CMGC,MAPK,NMO,NLK
MST,-2.1366666666666667,14,KRSA,0.8258602711157456,4,STE,STE20,MST,STK3
MST,-2.1366666666666667,14,KRSA,0.8258602711157456,4,STE,STE20,MST,STK4
PHK,-1.75,17,KRSA,0.7883211678832117,4,CAMK,PHK,PHK,PHKG1
PHK,-1.75,17,KRSA,0.7883211678832117,4,CAMK,PHK,PHK,PHKG2
CK1,-1.3091666666666666,23,KRSA,0.7132429614181439,3,CK1,CK1,CK1-A,CSNK1A1
CK1,-1.3091666666666666,23,KRSA,0.7132429614181439,3,CK1,CK1,CK1-A,CSNK1A1L
CK1,-1.3091666666666666,23,KRSA,0.7132429614181439,3,CK1,CK1,CK1-D,CSNK1D
CK1,-1.3091666666666666,23,KRSA,0.7132429614181439,3,CK1,CK1,CK1-D,CSNK1E
CK1,-1.3091666666666666,23,KRSA,0.7132429614181439,3,CK1,CK1,CK1-G,CSNK1G1
CK1,-1.3091666666666666,23,KRSA,0.7132429614181439,3,CK1,CK1,CK1-G,CSNK1G2
CK1,-1.3091666666666666,23,KRSA,0.7132429614181439,3,CK1,CK1,CK1-G,CSNK1G3
CK1,-1.3091666666666666,23,KRSA,0.7132429614181439,3,CK1,TTBK,TTBK,TTBK1
CK1,-1.3091666666666666,23,KRSA,0.7132429614181439,3,CK1,TTBK,TTBK,TTBK2
CK1,-1.3091666666666666,23,KRSA,0.7132429614181439,3,CK1,VRK,VRK,VRK3
MTOR,-1.8033333333333332,16,KRSA,0.8008342022940563,4,ATYPICAL,PIKK,FRAP,MTOR
PKA,3.3466666666666667,8,KRSA,0.9009384775808134,4,AGC,PKA,PKA,PRKACA
PKA,3.3466666666666667,8,KRSA,0.9009384775808134,4,AGC,PKA,PKA,PRKACB
PKA,3.3466666666666667,8,KRSA,0.9009384775808134,4,AGC,PKA,PKA,PRKACG
PKA,3.3466666666666667,8,KRSA,0.9009384775808134,4,AGC,PKA,PKA,PRKX
PKA,3.3466666666666667,8,KRSA,0.9009384775808134,4,AGC,PKA,PKA,PRKY
MLCK,-0.3350000000000001,63,KRSA,0.20020855057351408,1,CAMK,MLCK,MLCK,MYLK
MLCK,-0.3350000000000001,63,KRSA,0.20020855057351408,1,CAMK,MLCK,MLCK,MYLK2
MLCK,-0.3350000000000001,63,KRSA,0.20020855057351408,1,CAMK,MLCK,MLCK,TTN
DAPK,-0.8791666666666667,39,KRSA,0.5130344108446299,3,CAMK,DAPK,DAPK,DAPK1
DAPK,-0.8791666666666667,39,KRSA,0.5130344108446299,3,CAMK,DAPK,DAPK,DAPK2
DAPK,-0.8791666666666667,39,KRSA,0.5130344108446299,3,CAMK,DAPK,DAPK,DAPK3
DAPK,-0.8791666666666667,39,KRSA,0.5130344108446299,3,CAMK,DAPK,DRAK,STK17A
DAPK,-0.8791666666666667,39,KRSA,0.5130344108446299,3,CAMK,DAPK,DRAK,STK17B
CAMK1,2.524166666666667,11,KRSA,0.8633993743482794,4,CAMK,CAMK1,CAMK1,CAMK1
CAMK1,2.524166666666667,11,KRSA,0.8633993743482794,4,CAMK,CAMK1,CAMK1,CAMK1D
CAMK1,2.524166666666667,11,KRSA,0.8633993743482794,4,CAMK,CAMK1,CAMK1,CAMK1G
CAMK1,2.524166666666667,11,KRSA,0.8633993743482794,4,CAMK,CAMK1,CAMK1,CAMK4
CAMK1,2.524166666666667,11,KRSA,0.8633993743482794,4,CAMK,CAMK1,CAMK1,PNCK
SGK,0.08583333333333334,75,KRSA,0.05005213764337852,1,AGC,SGK,SGK,SGK1
SGK,0.08583333333333334,75,KRSA,0.05005213764337852,1,AGC,SGK,SGK,SGK2
SGK,0.08583333333333334,75,KRSA,0.05005213764337852,1,AGC,SGK,SGK,SGK3
BARK2,-0.3383333333333333,61,KRSA,0.22523461939520334,1,AGC,GRK,BARK,GRK3
MLK,-0.30499999999999994,65,KRSA,0.17518248175182483,1,TKL,MLK,ILK,ILK
MLK,-0.30499999999999994,65,KRSA,0.17518248175182483,1,TKL,MLK,MLK,MAP3K10
MLK,-0.30499999999999994,65,KRSA,0.17518248175182483,1,TKL,MLK,MLK,MAP3K11
MLK,-0.30499999999999994,65,KRSA,0.17518248175182483,1,TKL,MLK,LZK,MAP3K12
MLK,-0.30499999999999994,65,KRSA,0.17518248175182483,1,TKL,MLK,LZK,MAP3K13
MLK,-0.30499999999999994,65,KRSA,0.17518248175182483,1,TKL,MLK,MLK,MAP3K9
MLK,-0.30499999999999994,65,KRSA,0.17518248175182483,1,TKL,MLK,HH498,TNNI3K
MELK,-0.3683333333333333,60,KRSA,0.23774765380604795,1,CAMK,CAMKL,MELK,MELK
PRKDC,-1.2916666666666667,25,KRSA,0.6882168925964547,3,ATYPICAL,PIKK,DNAPK,PRKDC
FRAY,-1.3825,20,KRSA,0.7507820646506778,4,STE,STE20,FRAY,OXSR1
FRAY,-1.3825,20,KRSA,0.7507820646506778,4,STE,STE20,FRAY,STK39
PKN,-0.7191666666666666,50,KRSA,0.36287799791449427,2,AGC,PKN,PKN,PKN1
PKN,-0.7191666666666666,50,KRSA,0.36287799791449427,2,AGC,PKN,PKN,PKN2
PKN,-0.7191666666666666,50,KRSA,0.36287799791449427,2,AGC,PKN,PKN,PKN3
PAKB,-0.8191666666666666,46,KRSA,0.4129301355578728,2,STE,STE20,PAKB,PAK4
PAKB,-0.8191666666666666,46,KRSA,0.4129301355578728,2,STE,STE20,PAKB,PAK5
PAKB,-0.8191666666666666,46,KRSA,0.4129301355578728,2,STE,STE20,PAKB,PAK6
NUAK,-1.1841666666666666,31,KRSA,0.6131386861313869,3,CAMK,CAMKL,NUAK,NUAK1
NUAK,-1.1841666666666666,31,KRSA,0.6131386861313869,3,CAMK,CAMKL,NUAK,NUAK2
TLK,-1.1916666666666669,29,KRSA,0.6381647549530761,3,OTHER,TLK,TLK,TLK1
TLK,-1.1916666666666669,29,KRSA,0.6381647549530761,3,OTHER,TLK,TLK,TLK2
NAK,-0.205,69,KRSA,0.1251303441084463,1,OTHER,NAK,BIKE,AAK1
NAK,-0.205,69,KRSA,0.1251303441084463,1,OTHER,NAK,BIKE,BMP2K
NAK,-0.205,69,KRSA,0.1251303441084463,1,OTHER,NAK,GAK,GAK
NAK,-0.205,69,KRSA,0.1251303441084463,1,OTHER,NAK,MPSK,STK16
PASK,1.2475,26,KRSA,0.67570385818561,3,CAMK,CAMKL,PASK,PASK
TTK,-1.1891666666666667,30,KRSA,0.6256517205422315,3,OTHER,TTK,TTK,TTK
STE7,-1.590833333333333,19,KRSA,0.7632950990615224,4,STE,STE7,MEK1,MAP2K1
STE7,-1.590833333333333,19,KRSA,0.7632950990615224,4,STE,STE7,MEK1,MAP2K2
STE7,-1.590833333333333,19,KRSA,0.7632950990615224,4,STE,STE7,MEK3,MAP2K3
STE7,-1.590833333333333,19,KRSA,0.7632950990615224,4,STE,STE7,MEK4,MAP2K4
STE7,-1.590833333333333,19,KRSA,0.7632950990615224,4,STE,STE7,MEK5,MAP2K5
STE7,-1.590833333333333,19,KRSA,0.7632950990615224,4,STE,STE7,MEK3,MAP2K6
STE7,-1.590833333333333,19,KRSA,0.7632950990615224,4,STE,STE7,MEK7,MAP2K7
PIM,0.5358333333333333,54,KRSA,0.31282586027111575,2,CAMK,PIM,PIM,PIM1
PIM,0.5358333333333333,54,KRSA,0.31282586027111575,2,CAMK,PIM,PIM,PIM2
PIM,0.5358333333333333,54,KRSA,0.31282586027111575,2,CAMK,PIM,PIM,PIM3
VRK1,-1.035,34,KRSA,0.5755995828988529,3,CK1,VRK,VRK,VRK1
GSK,-0.9616666666666668,35,KRSA,0.5630865484880083,3,CMGC,GSK,GSK,GSK3A
GSK,-0.9616666666666668,35,KRSA,0.5630865484880083,3,CMGC,GSK,GSK,GSK3B
ATR,-1.3758333333333332,21,KRSA,0.7382690302398331,3,ATYPICAL,PIKK,ATR,ATR
KHS,-0.1449999999999999,73,KRSA,0.07507820646506778,1,STE,STE20,KHS,MAP4K1
KHS,-0.1449999999999999,73,KRSA,0.07507820646506778,1,STE,STE20,KHS,MAP4K2
KHS,-0.1449999999999999,73,KRSA,0.07507820646506778,1,STE,STE20,KHS,MAP4K3
KHS,-0.1449999999999999,73,KRSA,0.07507820646506778,1,STE,STE20,KHS,MAP4K5
NIK,-0.8383333333333334,42,KRSA,0.4629822732012513,2,STE,STE-UNIQUE,STE-UNIQUE,MAP3K14
CLK,-0.8383333333333334,42,KRSA,0.4629822732012513,2,CMGC,CLK,CLK,CLK1
CLK,-0.8383333333333334,42,KRSA,0.4629822732012513,2,CMGC,CLK,CLK,CLK2
CLK,-0.8383333333333334,42,KRSA,0.4629822732012513,2,CMGC,CLK,CLK,CLK3
CLK,-0.8383333333333334,42,KRSA,0.4629822732012513,2,CMGC,CLK,CLK,CLK4
CAMK2,0.7225,49,KRSA,0.3753910323253389,2,CAMK,CAMK2,CAMK2,CAMK2A
CAMK2,0.7225,49,KRSA,0.3753910323253389,2,CAMK,CAMK2,CAMK2,CAMK2B
CAMK2,0.7225,49,KRSA,0.3753910323253389,2,CAMK,CAMK2,CAMK2,CAMK2D
CAMK2,0.7225,49,KRSA,0.3753910323253389,2,CAMK,CAMK2,CAMK2,CAMK2G
BUD32,-0.8275,43,KRSA,0.4504692387904067,2,OTHER,BUD32,BUD32,TP53RK
WNK,-0.8391666666666666,41,KRSA,0.4880083420229406,2,OTHER,WNK,WNK,WNK1
WNK,-0.8391666666666666,41,KRSA,0.4880083420229406,2,OTHER,WNK,WNK,WNK2
WNK,-0.8391666666666666,41,KRSA,0.4880083420229406,2,OTHER,WNK,WNK,WNK3
WNK,-0.8391666666666666,41,KRSA,0.4880083420229406,2,OTHER,WNK,WNK,WNK4
MOS,-0.49583333333333335,55,KRSA,0.30031282586027114,2,OTHER,MOS,MOS,MOS
BRSK,0.04333333333333335,77,KRSA,0.02502606882168926,1,CAMK,CAMKL,BRSK,BRSK1
BRSK,0.04333333333333335,77,KRSA,0.02502606882168926,1,CAMK,CAMKL,BRSK,BRSK2
TAO,0.17583333333333337,71,KRSA,0.10010427528675704,1,STE,STE20,TAO,TAOK1
TAO,0.17583333333333337,71,KRSA,0.10010427528675704,1,STE,STE20,TAO,TAOK2
TAO,0.17583333333333337,71,KRSA,0.10010427528675704,1,STE,STE20,TAO,TAOK3
ULK,-0.8241666666666666,44,KRSA,0.43795620437956206,2,OTHER,ULK,FUSED,STK36
ULK,-0.8241666666666666,44,KRSA,0.43795620437956206,2,OTHER,ULK,ULK,ULK1
ULK,-0.8241666666666666,44,KRSA,0.43795620437956206,2,OTHER,ULK,ULK,ULK2
ULK,-0.8241666666666666,44,KRSA,0.43795620437956206,2,OTHER,ULK,ULK,ULK3
ULK,-0.8241666666666666,44,KRSA,0.43795620437956206,2,OTHER,ULK,ULK,ULK4
SLK,-0.16666666666666663,72,KRSA,0.08759124087591241,1,STE,STE20,SLK,SLK
SLK,-0.16666666666666663,72,KRSA,0.08759124087591241,1,STE,STE20,SLK,STK10
CAMKK,-0.8233333333333334,45,KRSA,0.4254431699687174,2,OTHER,CAMKK,META,CAMKK1
CAMKK,-0.8233333333333334,45,KRSA,0.4254431699687174,2,OTHER,CAMKK,META,CAMKK2
PDHK,0.3358333333333333,62,KRSA,0.2127215849843587,1,ATYPICAL,PDHK,BCKDK,BCKDK
PDHK,0.3358333333333333,62,KRSA,0.2127215849843587,1,ATYPICAL,PDHK,PDHK,PDK2
PDHK,0.3358333333333333,62,KRSA,0.2127215849843587,1,ATYPICAL,PDHK,PDHK,PDK3
PDHK,0.3358333333333333,62,KRSA,0.2127215849843587,1,ATYPICAL,PDHK,PDHK,PDK4
AUR,0.18666666666666668,70,KRSA,0.11261730969760167,1,OTHER,AUR,AUR,AURKA
AUR,0.18666666666666668,70,KRSA,0.11261730969760167,1,OTHER,AUR,AUR,AURKB
AUR,0.18666666666666668,70,KRSA,0.11261730969760167,1,OTHER,AUR,AUR,AURKC
ATM,-0.6116666666666667,53,KRSA,0.32533889468196037,2,ATYPICAL,PIKK,ATM,ATM
MSN,0.3899999999999999,58,KRSA,0.26277372262773724,2,STE,STE20,MSN,MAP4K4
MSN,0.3899999999999999,58,KRSA,0.26277372262773724,2,STE,STE20,MSN,NRK
MSN,0.3899999999999999,58,KRSA,0.26277372262773724,2,STE,STE20,MSN,TNIK
IKK,-0.67,51,KRSA,0.35036496350364965,2,OTHER,IKK,IKK,CHUK
IKK,-0.67,51,KRSA,0.35036496350364965,2,OTHER,IKK,IKK,IKBKB
IKK,-0.67,51,KRSA,0.35036496350364965,2,OTHER,IKK,IKK,IKBKE
IKK,-0.67,51,KRSA,0.35036496350364965,2,OTHER,IKK,IKK,TBK1
RAD53,1.1975,28,KRSA,0.6506777893639207,3,CAMK,RAD53,RAD53,CHEK2
RSK,0.905,37,KRSA,0.5380604796663191,3,AGC,RSK,RSK,RPS6KA1
RSK,0.905,37,KRSA,0.5380604796663191,3,AGC,RSK,RSK,RPS6KA2
RSK,0.905,37,KRSA,0.5380604796663191,3,AGC,RSK,RSK,RPS6KA3
RSK,0.905,37,KRSA,0.5380604796663191,3,AGC,RSK,MSK,RPS6KA4
RSK,0.905,37,KRSA,0.5380604796663191,3,AGC,RSK,MSK,RPS6KA5
RSK,0.905,37,KRSA,0.5380604796663191,3,AGC,RSK,RSK,RPS6KA6
RSK,0.905,37,KRSA,0.5380604796663191,3,AGC,RSK,P70,RPS6KB1
RSK,0.905,37,KRSA,0.5380604796663191,3,AGC,RSK,P70,RPS6KB2
AMPK,1.305,24,KRSA,0.7007299270072993,3,CAMK,CAMKL,AMPK,PRKAA1
AMPK,1.305,24,KRSA,0.7007299270072993,3,CAMK,CAMKL,AMPK,PRKAA2
GRK,0.45833333333333326,57,KRSA,0.27528675703858185,2,AGC,GRK,GRK,GRK1
GRK,0.45833333333333326,57,KRSA,0.27528675703858185,2,AGC,GRK,GRK,GRK4
GRK,0.45833333333333326,57,KRSA,0.27528675703858185,2,AGC,GRK,GRK,GRK5
GRK,0.45833333333333326,57,KRSA,0.27528675703858185,2,AGC,GRK,GRK,GRK6
GRK,0.45833333333333326,57,KRSA,0.27528675703858185,2,AGC,GRK,GRK,GRK7
PAKA,0.8458333333333334,40,KRSA,0.5005213764337852,3,STE,STE20,PAKA,PAK1
PAKA,0.8458333333333334,40,KRSA,0.5005213764337852,3,STE,STE20,PAKA,PAK2
PAKA,0.8458333333333334,40,KRSA,0.5005213764337852,3,STE,STE20,PAKA,PAK3
DMPK,-0.6308333333333334,52,KRSA,0.337851929092805,2,AGC,DMPK,GEK,CDC42BPA
DMPK,-0.6308333333333334,52,KRSA,0.337851929092805,2,AGC,DMPK,GEK,CDC42BPB
DMPK,-0.6308333333333334,52,KRSA,0.337851929092805,2,AGC,DMPK,GEK,CDC42BPG
DMPK,-0.6308333333333334,52,KRSA,0.337851929092805,2,AGC,DMPK,CRIK,CIT
DMPK,-0.6308333333333334,52,KRSA,0.337851929092805,2,AGC,DMPK,GEK,DMPK
DMPK,-0.6308333333333334,52,KRSA,0.337851929092805,2,AGC,DMPK,ROCK,ROCK1
DMPK,-0.6308333333333334,52,KRSA,0.337851929092805,2,AGC,DMPK,ROCK,ROCK2
PKCH,-0.9558333333333332,36,KRSA,0.5505735140771637,3,AGC,PKC,ETA,PRKCE
PKCH,-0.9558333333333332,36,KRSA,0.5505735140771637,3,AGC,PKC,ETA,PRKCH
IRAK,-0.2725,66,KRSA,0.16266944734098018,1,TKL,IRAK,IRAK,IRAK1
IRAK,-0.2725,66,KRSA,0.16266944734098018,1,TKL,IRAK,IRAK,IRAK2
IRAK,-0.2725,66,KRSA,0.16266944734098018,1,TKL,IRAK,IRAK,IRAK3
IRAK,-0.2725,66,KRSA,0.16266944734098018,1,TKL,IRAK,IRAK,IRAK4
PKD,0.8883333333333333,38,KRSA,0.5255474452554745,3,CAMK,PKD,PKD,PRKD1
PKD,0.8883333333333333,38,KRSA,0.5255474452554745,3,CAMK,PKD,PKD,PRKD2
PKD,0.8883333333333333,38,KRSA,0.5255474452554745,3,CAMK,PKD,PKD,PRKD3
AKT,-0.04333333333333331,78,KRSA,0.01251303441084463,1,AGC,AKT,AKT,AKT1
AKT,-0.04333333333333331,78,KRSA,0.01251303441084463,1,AGC,AKT,AKT,AKT2
AKT,-0.04333333333333331,78,KRSA,0.01251303441084463,1,AGC,AKT,AKT,AKT3
LKB,-1.3241666666666667,22,KRSA,0.7257559958289885,3,CAMK,CAMKL,LKB,STK11
CK2,0.21166666666666664,68,KRSA,0.13764337851929093,1,CMGC,CK2,CK2,CSNK2A1
CK2,0.21166666666666664,68,KRSA,0.13764337851929093,1,CMGC,CK2,CK2,CSNK2A2
CK2,0.21166666666666664,68,KRSA,0.13764337851929093,1,NA,NA,NA,CSNK2A3
RIPK,1.169166666666667,32,KRSA,0.6006256517205423,3,TKL,RIPK,RIPK,ANKK1
RIPK,1.169166666666667,32,KRSA,0.6006256517205423,3,TKL,RIPK,RIPK,RIPK1
RIPK,1.169166666666667,32,KRSA,0.6006256517205423,3,TKL,RIPK,RIPK,RIPK2
RIPK,1.169166666666667,32,KRSA,0.6006256517205423,3,TKL,RIPK,RIPK,RIPK3
RIPK,1.169166666666667,32,KRSA,0.6006256517205423,3,TKL,RIPK,RIPK,RIPK4
STE11,-0.7233333333333333,48,KRSA,0.38790406673618355,2,TKL,MLK,TAK1,MAP3K7
STE11,-0.7233333333333333,48,KRSA,0.38790406673618355,2,STE,STE11,MEKK1,MAP3K1
STE11,-0.7233333333333333,48,KRSA,0.38790406673618355,2,STE,STE11,ASK,MAP3K15
STE11,-0.7233333333333333,48,KRSA,0.38790406673618355,2,STE,STE11,MEKK2,MAP3K2
STE11,-0.7233333333333333,48,KRSA,0.38790406673618355,2,STE,STE11,MEKK2,MAP3K3
STE11,-0.7233333333333333,48,KRSA,0.38790406673618355,2,STE,STE11,MEKK4,MAP3K4
STE11,-0.7233333333333333,48,KRSA,0.38790406673618355,2,STE,STE11,ASK,MAP3K5
STE11,-0.7233333333333333,48,KRSA,0.38790406673618355,2,STE,STE11,ASK,MAP3K6
CHK1,0.2441666666666667,67,KRSA,0.15015641293013557,1,CAMK,CAMKL,CHK1,CHEK1
PKCD,1.2083333333333333,27,KRSA,0.6631908237747653,3,AGC,PKC,DELTA,PRKCD
PKCD,1.2083333333333333,27,KRSA,0.6631908237747653,3,AGC,PKC,DELTA,PRKCQ
PKCI,1.0533333333333337,33,KRSA,0.5881126173096975,3,AGC,PKC,IOTA,PRKCI
PKCI,1.0533333333333337,33,KRSA,0.5881126173096975,3,AGC,PKC,IOTA,PRKCZ
HAL,0.8033333333333333,47,KRSA,0.40041710114702816,2,RGC,RGC,RGC,NPR1
NDR,0.01333333333333335,79,KRSA,0,1,AGC,NDR,NDR,LATS1
NDR,0.01333333333333335,79,KRSA,0,1,AGC,NDR,NDR,LATS2
NDR,0.01333333333333335,79,KRSA,0,1,AGC,NDR,NDR,STK38
NDR,0.01333333333333335,79,KRSA,0,1,AGC,NDR,NDR,STK38L
COT,-0.09000000000000002,74,KRSA,0.06256517205422316,1,STE,STE-UNIQUE,STE-UNIQUE,MAP3K8
MAPKAPK,0.3733333333333333,59,KRSA,0.2502606882168926,2,CAMK,MAPKAPK,MAPKAPK,MAPKAPK2
MAPKAPK,0.3733333333333333,59,KRSA,0.2502606882168926,2,CAMK,MAPKAPK,MAPKAPK,MAPKAPK3
MAPKAPK,0.3733333333333333,59,KRSA,0.2502606882168926,2,CAMK,MAPKAPK,MAPKAPK,MAPKAPK5
MAPKAPK,0.3733333333333333,59,KRSA,0.2502606882168926,2,CAMK,MAPKAPK,MNK,MKNK1
MAPKAPK,0.3733333333333333,59,KRSA,0.2502606882168926,2,CAMK,MAPKAPK,MNK,MKNK2
NEK,-0.32416666666666666,64,KRSA,0.18769551616266944,1,OTHER,NEK,NEK11,NEK11
NEK,-0.32416666666666666,64,KRSA,0.18769551616266944,1,OTHER,NEK,NEK2,NEK2
NEK,-0.32416666666666666,64,KRSA,0.18769551616266944,1,OTHER,NEK,NEK1,NEK3
NEK,-0.32416666666666666,64,KRSA,0.18769551616266944,1,OTHER,NEK,NEK4,NEK4
NEK,-0.32416666666666666,64,KRSA,0.18769551616266944,1,OTHER,NEK,NEK1,NEK5
NEK,-0.32416666666666666,64,KRSA,0.18769551616266944,1,OTHER,NEK,NEK6,NEK6
NEK,-0.32416666666666666,64,KRSA,0.18769551616266944,1,OTHER,NEK,NEK6,NEK7
NEK,-0.32416666666666666,64,KRSA,0.18769551616266944,1,OTHER,NEK,NEK8,NEK8
NEK,-0.32416666666666666,64,KRSA,0.18769551616266944,1,OTHER,NEK,NEK8,NEK9
STKR,-0.06833333333333336,76,KRSA,0.03753910323253389,1,TKL,STKR,TYPE1,ACVR1
STKR,-0.06833333333333336,76,KRSA,0.03753910323253389,1,TKL,STKR,TYPE1,ACVR1B
STKR,-0.06833333333333336,76,KRSA,0.03753910323253389,1,TKL,STKR,TYPE1,ACVR1C
STKR,-0.06833333333333336,76,KRSA,0.03753910323253389,1,TKL,STKR,TYPE2,ACVR2A
STKR,-0.06833333333333336,76,KRSA,0.03753910323253389,1,TKL,STKR,TYPE2,ACVR2B
STKR,-0.06833333333333336,76,KRSA,0.03753910323253389,1,TKL,STKR,TYPE1,ACVRL1
STKR,-0.06833333333333336,76,KRSA,0.03753910323253389,1,TKL,STKR,TYPE2,AMHR2
STKR,-0.06833333333333336,76,KRSA,0.03753910323253389,1,TKL,STKR,TYPE1,BMPR1A
STKR,-0.06833333333333336,76,KRSA,0.03753910323253389,1,TKL,STKR,TYPE1,BMPR1B
STKR,-0.06833333333333336,76,KRSA,0.03753910323253389,1,TKL,STKR,TYPE2,BMPR2
STKR,-0.06833333333333336,76,KRSA,0.03753910323253389,1,TKL,STKR,TYPE1,TGFBR1
STKR,-0.06833333333333336,76,KRSA,0.03753910323253389,1,TKL,STKR,TYPE2,TGFBR2
JNK,-3.9183333333333334,3,KRSA,0.9635036496350365,4,CMGC,MAPK,JNK,MAPK10
JNK,-3.9183333333333334,3,KRSA,0.9635036496350365,4,CMGC,MAPK,JNK,MAPK8
JNK,-3.9183333333333334,3,KRSA,0.9635036496350365,4,CMGC,MAPK,JNK,MAPK9
PKG,3.1791666666666667,9,KRSA,0.8884254431699687,4,AGC,PKG,PKG,PRKG1
PKG,3.1791666666666667,9,KRSA,0.8884254431699687,4,AGC,PKG,PKG,PRKG2
DYRK,-4.251666666666667,2,KRSA,0.9760166840458812,4,CMGC,DYRK,DYRK1,DYRK1A
DYRK,-4.251666666666667,2,KRSA,0.9760166840458812,4,CMGC,DYRK,DYRK1,DYRK1B
DYRK,-4.251666666666667,2,KRSA,0.9760166840458812,4,CMGC,DYRK,DYRK2,DYRK2
DYRK,-4.251666666666667,2,KRSA,0.9760166840458812,4,CMGC,DYRK,DYRK2,DYRK3
DYRK,-4.251666666666667,2,KRSA,0.9760166840458812,4,CMGC,DYRK,DYRK2,DYRK4
DYRK,-4.251666666666667,2,KRSA,0.9760166840458812,4,CMGC,DYRK,HIPK,HIPK1
DYRK,-4.251666666666667,2,KRSA,0.9760166840458812,4,CMGC,DYRK,HIPK,HIPK2
DYRK,-4.251666666666667,2,KRSA,0.9760166840458812,4,CMGC,DYRK,HIPK,HIPK3
DYRK,-4.251666666666667,2,KRSA,0.9760166840458812,4,CMGC,DYRK,HIPK,HIPK4
DYRK,-4.251666666666667,2,KRSA,0.9760166840458812,4,CMGC,DYRK,PRP4,PRPF4B
PKA,3.3466666666666667,8,KRSA,0.9009384775808134,4,AGC,PKA,PKA,PRKACA
PKA,3.3466666666666667,8,KRSA,0.9009384775808134,4,AGC,PKA,PKA,PRKACB
PKA,3.3466666666666667,8,KRSA,0.9009384775808134,4,AGC,PKA,PKA,PRKACG
PKA,3.3466666666666667,8,KRSA,0.9009384775808134,4,AGC,PKA,PKA,PRKX
PKA,3.3466666666666667,8,KRSA,0.9009384775808134,4,AGC,PKA,PKA,PRKY
ERK,-4.4191666666666665,1,KRSA,0.9885297184567258,4,CMGC,MAPK,ERK1,MAPK1
ERK,-4.4191666666666665,1,KRSA,0.9885297184567258,4,CMGC,MAPK,ERK7,MAPK15
ERK,-4.4191666666666665,1,KRSA,0.9885297184567258,4,CMGC,MAPK,ERK1,MAPK3
ERK,-4.4191666666666665,1,KRSA,0.9885297184567258,4,CMGC,MAPK,ERK3,MAPK4
ERK,-4.4191666666666665,1,KRSA,0.9885297184567258,4,CMGC,MAPK,ERK3,MAPK6
ERK,-4.4191666666666665,1,KRSA,0.9885297184567258,4,CMGC,MAPK,ERK5,MAPK7
CDK,-3.8791666666666664,4,KRSA,0.9509906152241918,4,CMGC,CDK,CDC2,CDK1
CDK,-3.8791666666666664,4,KRSA,0.9509906152241918,4,CMGC,CDK,CDK10,CDK10
CDK,-3.8791666666666664,4,KRSA,0.9509906152241918,4,CMGC,CDK,CRK7,CDK12
CDK,-3.8791666666666664,4,KRSA,0.9509906152241918,4,CMGC,CDK,CRK7,CDK13
CDK,-3.8791666666666664,4,KRSA,0.9509906152241918,4,CMGC,CDK,PFTAIRE,CDK14
CDK,-3.8791666666666664,4,KRSA,0.9509906152241918,4,CMGC,CDK,PFTAIRE,CDK15
CDK,-3.8791666666666664,4,KRSA,0.9509906152241918,4,CMGC,CDK,PCTAIRE,CDK16
CDK,-3.8791666666666664,4,KRSA,0.9509906152241918,4,CMGC,CDK,PCTAIRE,CDK17
CDK,-3.8791666666666664,4,KRSA,0.9509906152241918,4,CMGC,CDK,PCTAIRE,CDK18
CDK,-3.8791666666666664,4,KRSA,0.9509906152241918,4,CMGC,CDK,CDK8,CDK19
CDK,-3.8791666666666664,4,KRSA,0.9509906152241918,4,CMGC,CDK,CDC2,CDK2
CDK,-3.8791666666666664,4,KRSA,0.9509906152241918,4,CMGC,CDK,CCRK,CDK20
CDK,-3.8791666666666664,4,KRSA,0.9509906152241918,4,CMGC,CDK,CDC2,CDK3
CDK,-3.8791666666666664,4,KRSA,0.9509906152241918,4,CMGC,CDK,CDK4,CDK4
CDK,-3.8791666666666664,4,KRSA,0.9509906152241918,4,CMGC,CDK,CDK5,CDK5
CDK,-3.8791666666666664,4,KRSA,0.9509906152241918,4,CMGC,CDK,CDK4,CDK6
CDK,-3.8791666666666664,4,KRSA,0.9509906152241918,4,CMGC,CDK,CDK7,CDK7
CDK,-3.8791666666666664,4,KRSA,0.9509906152241918,4,CMGC,CDK,CDK8,CDK8
CDK,-3.8791666666666664,4,KRSA,0.9509906152241918,4,CMGC,CDK,CDK9,CDK9
CDK,-3.8791666666666664,4,KRSA,0.9509906152241918,4,NA,NA,NA,CDK11A
CDK,-3.8791666666666664,4,KRSA,0.9509906152241918,4,NA,NA,NA,CDK11B
P38,-3.43,6,KRSA,0.9259645464025026,4,CMGC,MAPK,P38,MAPK11
P38,-3.43,6,KRSA,0.9259645464025026,4,CMGC,MAPK,P38,MAPK12
P38,-3.43,6,KRSA,0.9259645464025026,4,CMGC,MAPK,P38,MAPK13
P38,-3.43,6,KRSA,0.9259645464025026,4,CMGC,MAPK,P38,MAPK14
PDK1,-3.865833333333333,5,KRSA,0.9384775808133472,4,ATYPICAL,PDHK,PDHK,PDK1
PDK1,-3.865833333333333,5,KRSA,0.9384775808133472,4,AGC,PDK1,PDK1,PDPK1
MST,-2.1366666666666667,14,KRSA,0.8258602711157456,4,STE,STE20,MST,STK3
MST,-2.1366666666666667,14,KRSA,0.8258602711157456,4,STE,STE20,MST,STK4
PEK,-3.3825,7,KRSA,0.913451511991658,4,OTHER,PEK,HRI,EIF2AK1
PEK,-3.3825,7,KRSA,0.913451511991658,4,OTHER,PEK,PKR,EIF2AK2
PEK,-3.3825,7,KRSA,0.913451511991658,4,OTHER,PEK,PEK,EIF2AK3
PEK,-3.3825,7,KRSA,0.913451511991658,4,OTHER,PEK,GCN2,EIF2AK4
MTOR,-1.8033333333333332,16,KRSA,0.8008342022940563,4,ATYPICAL,PIKK,FRAP,MTOR
PKCA,-2.8325,10,KRSA,0.8759124087591241,4,AGC,PKC,ALPHA,PRKCA
PKCA,-2.8325,10,KRSA,0.8759124087591241,4,AGC,PKC,ALPHA,PRKCB
PKCA,-2.8325,10,KRSA,0.8759124087591241,4,AGC,PKC,ALPHA,PRKCG
PLK,-2.5033333333333334,12,KRSA,0.8508863399374348,4,NA,NA,NA,PLK5
PLK,-2.5033333333333334,12,KRSA,0.8508863399374348,4,OTHER,PLK,PLK1,PLK1
PLK,-2.5033333333333334,12,KRSA,0.8508863399374348,4,OTHER,PLK,PLK2,PLK2
PLK,-2.5033333333333334,12,KRSA,0.8508863399374348,4,OTHER,PLK,PLK2,PLK3
PLK,-2.5033333333333334,12,KRSA,0.8508863399374348,4,OTHER,PLK,SAK,PLK4
QIK,-1.6875,18,KRSA,0.7758081334723671,4,CAMK,CAMKL,QIK,SIK1
QIK,-1.6875,18,KRSA,0.7758081334723671,4,CAMK,CAMKL,QIK,SIK2
CK1,-1.3091666666666666,23,KRSA,0.7132429614181439,3,CK1,CK1,CK1-A,CSNK1A1
CK1,-1.3091666666666666,23,KRSA,0.7132429614181439,3,CK1,CK1,CK1-A,CSNK1A1L
CK1,-1.3091666666666666,23,KRSA,0.7132429614181439,3,CK1,CK1,CK1-D,CSNK1D
CK1,-1.3091666666666666,23,KRSA,0.7132429614181439,3,CK1,CK1,CK1-D,CSNK1E
CK1,-1.3091666666666666,23,KRSA,0.7132429614181439,3,CK1,CK1,CK1-G,CSNK1G1
CK1,-1.3091666666666666,23,KRSA,0.7132429614181439,3,CK1,CK1,CK1-G,CSNK1G2
CK1,-1.3091666666666666,23,KRSA,0.7132429614181439,3,CK1,CK1,CK1-G,CSNK1G3
CK1,-1.3091666666666666,23,KRSA,0.7132429614181439,3,CK1,TTBK,TTBK,TTBK1
CK1,-1.3091666666666666,23,KRSA,0.7132429614181439,3,CK1,TTBK,TTBK,TTBK2
CK1,-1.3091666666666666,23,KRSA,0.7132429614181439,3,CK1,VRK,VRK,VRK3
RAF,-1.8766666666666667,15,KRSA,0.8133472367049009,4,TKL,RAF,RAF,ARAF
RAF,-1.8766666666666667,15,KRSA,0.8133472367049009,4,TKL,RAF,RAF,BRAF
RAF,-1.8766666666666667,15,KRSA,0.8133472367049009,4,TKL,RAF,KSR,KSR1
RAF,-1.8766666666666667,15,KRSA,0.8133472367049009,4,TKL,RAF,KSR,KSR2
RAF,-1.8766666666666667,15,KRSA,0.8133472367049009,4,TKL,RAF,RAF,RAF1
NMO,-2.4458333333333333,13,KRSA,0.8383733055265902,4,CMGC,MAPK,NMO,NLK
CAMK1,2.524166666666667,11,KRSA,0.8633993743482794,4,CAMK,CAMK1,CAMK1,CAMK1
CAMK1,2.524166666666667,11,KRSA,0.8633993743482794,4,CAMK,CAMK1,CAMK1,CAMK1D
CAMK1,2.524166666666667,11,KRSA,0.8633993743482794,4,CAMK,CAMK1,CAMK1,CAMK1G
CAMK1,2.524166666666667,11,KRSA,0.8633993743482794,4,CAMK,CAMK1,CAMK1,CAMK4
CAMK1,2.524166666666667,11,KRSA,0.8633993743482794,4,CAMK,CAMK1,CAMK1,PNCK
MLCK,-0.3350000000000001,63,KRSA,0.20020855057351408,1,CAMK,MLCK,MLCK,MYLK
MLCK,-0.3350000000000001,63,KRSA,0.20020855057351408,1,CAMK,MLCK,MLCK,MYLK2
MLCK,-0.3350000000000001,63,KRSA,0.20020855057351408,1,CAMK,MLCK,MLCK,TTN
VRK1,-1.035,34,KRSA,0.5755995828988529,3,CK1,VRK,VRK,VRK1
AMPK,1.305,24,KRSA,0.7007299270072993,3,CAMK,CAMKL,AMPK,PRKAA1
AMPK,1.305,24,KRSA,0.7007299270072993,3,CAMK,CAMKL,AMPK,PRKAA2
GSK,-0.9616666666666668,35,KRSA,0.5630865484880083,3,CMGC,GSK,GSK,GSK3A
GSK,-0.9616666666666668,35,KRSA,0.5630865484880083,3,CMGC,GSK,GSK,GSK3B
PASK,1.2475,26,KRSA,0.67570385818561,3,CAMK,CAMKL,PASK,PASK
PHK,-1.75,17,KRSA,0.7883211678832117,4,CAMK,PHK,PHK,PHKG1
PHK,-1.75,17,KRSA,0.7883211678832117,4,CAMK,PHK,PHK,PHKG2
MELK,-0.3683333333333333,60,KRSA,0.23774765380604795,1,CAMK,CAMKL,MELK,MELK
RSK,0.905,37,KRSA,0.5380604796663191,3,AGC,RSK,RSK,RPS6KA1
RSK,0.905,37,KRSA,0.5380604796663191,3,AGC,RSK,RSK,RPS6KA2
RSK,0.905,37,KRSA,0.5380604796663191,3,AGC,RSK,RSK,RPS6KA3
RSK,0.905,37,KRSA,0.5380604796663191,3,AGC,RSK,MSK,RPS6KA4
RSK,0.905,37,KRSA,0.5380604796663191,3,AGC,RSK,MSK,RPS6KA5
RSK,0.905,37,KRSA,0.5380604796663191,3,AGC,RSK,RSK,RPS6KA6
RSK,0.905,37,KRSA,0.5380604796663191,3,AGC,RSK,P70,RPS6KB1
RSK,0.905,37,KRSA,0.5380604796663191,3,AGC,RSK,P70,RPS6KB2
PAKA,0.8458333333333334,40,KRSA,0.5005213764337852,3,STE,STE20,PAKA,PAK1
PAKA,0.8458333333333334,40,KRSA,0.5005213764337852,3,STE,STE20,PAKA,PAK2
PAKA,0.8458333333333334,40,KRSA,0.5005213764337852,3,STE,STE20,PAKA,PAK3
PDHK,0.3358333333333333,62,KRSA,0.2127215849843587,1,ATYPICAL,PDHK,BCKDK,BCKDK
PDHK,0.3358333333333333,62,KRSA,0.2127215849843587,1,ATYPICAL,PDHK,PDHK,PDK2
PDHK,0.3358333333333333,62,KRSA,0.2127215849843587,1,ATYPICAL,PDHK,PDHK,PDK3
PDHK,0.3358333333333333,62,KRSA,0.2127215849843587,1,ATYPICAL,PDHK,PDHK,PDK4
PKCH,-0.9558333333333332,36,KRSA,0.5505735140771637,3,AGC,PKC,ETA,PRKCE
PKCH,-0.9558333333333332,36,KRSA,0.5505735140771637,3,AGC,PKC,ETA,PRKCH
PRKDC,-1.2916666666666667,25,KRSA,0.6882168925964547,3,ATYPICAL,PIKK,DNAPK,PRKDC
BARK2,-0.3383333333333333,61,KRSA,0.22523461939520334,1,AGC,GRK,BARK,GRK3
SGK,0.08583333333333334,75,KRSA,0.05005213764337852,1,AGC,SGK,SGK,SGK1
SGK,0.08583333333333334,75,KRSA,0.05005213764337852,1,AGC,SGK,SGK,SGK2
SGK,0.08583333333333334,75,KRSA,0.05005213764337852,1,AGC,SGK,SGK,SGK3
PKD,0.8883333333333333,38,KRSA,0.5255474452554745,3,CAMK,PKD,PKD,PRKD1
PKD,0.8883333333333333,38,KRSA,0.5255474452554745,3,CAMK,PKD,PKD,PRKD2
PKD,0.8883333333333333,38,KRSA,0.5255474452554745,3,CAMK,PKD,PKD,PRKD3
LKB,-1.3241666666666667,22,KRSA,0.7257559958289885,3,CAMK,CAMKL,LKB,STK11
PKCD,1.2083333333333333,27,KRSA,0.6631908237747653,3,AGC,PKC,DELTA,PRKCD
PKCD,1.2083333333333333,27,KRSA,0.6631908237747653,3,AGC,PKC,DELTA,PRKCQ
TTK,-1.1891666666666667,30,KRSA,0.6256517205422315,3,OTHER,TTK,TTK,TTK
NAK,-0.205,69,KRSA,0.1251303441084463,1,OTHER,NAK,BIKE,AAK1
NAK,-0.205,69,KRSA,0.1251303441084463,1,OTHER,NAK,BIKE,BMP2K
NAK,-0.205,69,KRSA,0.1251303441084463,1,OTHER,NAK,GAK,GAK
NAK,-0.205,69,KRSA,0.1251303441084463,1,OTHER,NAK,MPSK,STK16
STE7,-1.590833333333333,19,KRSA,0.7632950990615224,4,STE,STE7,MEK1,MAP2K1
STE7,-1.590833333333333,19,KRSA,0.7632950990615224,4,STE,STE7,MEK1,MAP2K2
STE7,-1.590833333333333,19,KRSA,0.7632950990615224,4,STE,STE7,MEK3,MAP2K3
STE7,-1.590833333333333,19,KRSA,0.7632950990615224,4,STE,STE7,MEK4,MAP2K4
STE7,-1.590833333333333,19,KRSA,0.7632950990615224,4,STE,STE7,MEK5,MAP2K5
STE7,-1.590833333333333,19,KRSA,0.7632950990615224,4,STE,STE7,MEK3,MAP2K6
STE7,-1.590833333333333,19,KRSA,0.7632950990615224,4,STE,STE7,MEK7,MAP2K7
NUAK,-1.1841666666666666,31,KRSA,0.6131386861313869,3,CAMK,CAMKL,NUAK,NUAK1
NUAK,-1.1841666666666666,31,KRSA,0.6131386861313869,3,CAMK,CAMKL,NUAK,NUAK2
PKN,-0.7191666666666666,50,KRSA,0.36287799791449427,2,AGC,PKN,PKN,PKN1
PKN,-0.7191666666666666,50,KRSA,0.36287799791449427,2,AGC,PKN,PKN,PKN2
PKN,-0.7191666666666666,50,KRSA,0.36287799791449427,2,AGC,PKN,PKN,PKN3
TLK,-1.1916666666666669,29,KRSA,0.6381647549530761,3,OTHER,TLK,TLK,TLK1
TLK,-1.1916666666666669,29,KRSA,0.6381647549530761,3,OTHER,TLK,TLK,TLK2
PAKB,-0.8191666666666666,46,KRSA,0.4129301355578728,2,STE,STE20,PAKB,PAK4
PAKB,-0.8191666666666666,46,KRSA,0.4129301355578728,2,STE,STE20,PAKB,PAK5
PAKB,-0.8191666666666666,46,KRSA,0.4129301355578728,2,STE,STE20,PAKB,PAK6
NEK,-0.32416666666666666,64,KRSA,0.18769551616266944,1,OTHER,NEK,NEK11,NEK11
NEK,-0.32416666666666666,64,KRSA,0.18769551616266944,1,OTHER,NEK,NEK2,NEK2
NEK,-0.32416666666666666,64,KRSA,0.18769551616266944,1,OTHER,NEK,NEK1,NEK3
NEK,-0.32416666666666666,64,KRSA,0.18769551616266944,1,OTHER,NEK,NEK4,NEK4
NEK,-0.32416666666666666,64,KRSA,0.18769551616266944,1,OTHER,NEK,NEK1,NEK5
NEK,-0.32416666666666666,64,KRSA,0.18769551616266944,1,OTHER,NEK,NEK6,NEK6
NEK,-0.32416666666666666,64,KRSA,0.18769551616266944,1,OTHER,NEK,NEK6,NEK7
NEK,-0.32416666666666666,64,KRSA,0.18769551616266944,1,OTHER,NEK,NEK8,NEK8
NEK,-0.32416666666666666,64,KRSA,0.18769551616266944,1,OTHER,NEK,NEK8,NEK9
PKCI,1.0533333333333337,33,KRSA,0.5881126173096975,3,AGC,PKC,IOTA,PRKCI
PKCI,1.0533333333333337,33,KRSA,0.5881126173096975,3,AGC,PKC,IOTA,PRKCZ
RAD53,1.1975,28,KRSA,0.6506777893639207,3,CAMK,RAD53,RAD53,CHEK2
STE11,-0.7233333333333333,48,KRSA,0.38790406673618355,2,TKL,MLK,TAK1,MAP3K7
STE11,-0.7233333333333333,48,KRSA,0.38790406673618355,2,STE,STE11,MEKK1,MAP3K1
STE11,-0.7233333333333333,48,KRSA,0.38790406673618355,2,STE,STE11,ASK,MAP3K15
STE11,-0.7233333333333333,48,KRSA,0.38790406673618355,2,STE,STE11,MEKK2,MAP3K2
STE11,-0.7233333333333333,48,KRSA,0.38790406673618355,2,STE,STE11,MEKK2,MAP3K3
STE11,-0.7233333333333333,48,KRSA,0.38790406673618355,2,STE,STE11,MEKK4,MAP3K4
STE11,-0.7233333333333333,48,KRSA,0.38790406673618355,2,STE,STE11,ASK,MAP3K5
STE11,-0.7233333333333333,48,KRSA,0.38790406673618355,2,STE,STE11,ASK,MAP3K6
IRAK,-0.2725,66,KRSA,0.16266944734098018,1,TKL,IRAK,IRAK,IRAK1
IRAK,-0.2725,66,KRSA,0.16266944734098018,1,TKL,IRAK,IRAK,IRAK2
IRAK,-0.2725,66,KRSA,0.16266944734098018,1,TKL,IRAK,IRAK,IRAK3
IRAK,-0.2725,66,KRSA,0.16266944734098018,1,TKL,IRAK,IRAK,IRAK4
DAPK,-0.8791666666666667,39,KRSA,0.5130344108446299,3,CAMK,DAPK,DAPK,DAPK1
DAPK,-0.8791666666666667,39,KRSA,0.5130344108446299,3,CAMK,DAPK,DAPK,DAPK2
DAPK,-0.8791666666666667,39,KRSA,0.5130344108446299,3,CAMK,DAPK,DAPK,DAPK3
DAPK,-0.8791666666666667,39,KRSA,0.5130344108446299,3,CAMK,DAPK,DRAK,STK17A
DAPK,-0.8791666666666667,39,KRSA,0.5130344108446299,3,CAMK,DAPK,DRAK,STK17B
CHK1,0.2441666666666667,67,KRSA,0.15015641293013557,1,CAMK,CAMKL,CHK1,CHEK1
ATR,-1.3758333333333332,21,KRSA,0.7382690302398331,3,ATYPICAL,PIKK,ATR,ATR
FRAY,-1.3825,20,KRSA,0.7507820646506778,4,STE,STE20,FRAY,OXSR1
FRAY,-1.3825,20,KRSA,0.7507820646506778,4,STE,STE20,FRAY,STK39
CLK,-0.8383333333333334,42,KRSA,0.4629822732012513,2,CMGC,CLK,CLK,CLK1
CLK,-0.8383333333333334,42,KRSA,0.4629822732012513,2,CMGC,CLK,CLK,CLK2
CLK,-0.8383333333333334,42,KRSA,0.4629822732012513,2,CMGC,CLK,CLK,CLK3
CLK,-0.8383333333333334,42,KRSA,0.4629822732012513,2,CMGC,CLK,CLK,CLK4
NIK,-0.8383333333333334,42,KRSA,0.4629822732012513,2,STE,STE-UNIQUE,STE-UNIQUE,MAP3K14
WNK,-0.8391666666666666,41,KRSA,0.4880083420229406,2,OTHER,WNK,WNK,WNK1
WNK,-0.8391666666666666,41,KRSA,0.4880083420229406,2,OTHER,WNK,WNK,WNK2
WNK,-0.8391666666666666,41,KRSA,0.4880083420229406,2,OTHER,WNK,WNK,WNK3
WNK,-0.8391666666666666,41,KRSA,0.4880083420229406,2,OTHER,WNK,WNK,WNK4
BUD32,-0.8275,43,KRSA,0.4504692387904067,2,OTHER,BUD32,BUD32,TP53RK
CAMKK,-0.8233333333333334,45,KRSA,0.4254431699687174,2,OTHER,CAMKK,META,CAMKK1
CAMKK,-0.8233333333333334,45,KRSA,0.4254431699687174,2,OTHER,CAMKK,META,CAMKK2
IKK,-0.67,51,KRSA,0.35036496350364965,2,OTHER,IKK,IKK,CHUK
IKK,-0.67,51,KRSA,0.35036496350364965,2,OTHER,IKK,IKK,IKBKB
IKK,-0.67,51,KRSA,0.35036496350364965,2,OTHER,IKK,IKK,IKBKE
IKK,-0.67,51,KRSA,0.35036496350364965,2,OTHER,IKK,IKK,TBK1
TAO,0.17583333333333337,71,KRSA,0.10010427528675704,1,STE,STE20,TAO,TAOK1
TAO,0.17583333333333337,71,KRSA,0.10010427528675704,1,STE,STE20,TAO,TAOK2
TAO,0.17583333333333337,71,KRSA,0.10010427528675704,1,STE,STE20,TAO,TAOK3
KHS,-0.1449999999999999,73,KRSA,0.07507820646506778,1,STE,STE20,KHS,MAP4K1
KHS,-0.1449999999999999,73,KRSA,0.07507820646506778,1,STE,STE20,KHS,MAP4K2
KHS,-0.1449999999999999,73,KRSA,0.07507820646506778,1,STE,STE20,KHS,MAP4K3
KHS,-0.1449999999999999,73,KRSA,0.07507820646506778,1,STE,STE20,KHS,MAP4K5
SLK,-0.16666666666666663,72,KRSA,0.08759124087591241,1,STE,STE20,SLK,SLK
SLK,-0.16666666666666663,72,KRSA,0.08759124087591241,1,STE,STE20,SLK,STK10
BRSK,0.04333333333333335,77,KRSA,0.02502606882168926,1,CAMK,CAMKL,BRSK,BRSK1
BRSK,0.04333333333333335,77,KRSA,0.02502606882168926,1,CAMK,CAMKL,BRSK,BRSK2
ULK,-0.8241666666666666,44,KRSA,0.43795620437956206,2,OTHER,ULK,FUSED,STK36
ULK,-0.8241666666666666,44,KRSA,0.43795620437956206,2,OTHER,ULK,ULK,ULK1
ULK,-0.8241666666666666,44,KRSA,0.43795620437956206,2,OTHER,ULK,ULK,ULK2
ULK,-0.8241666666666666,44,KRSA,0.43795620437956206,2,OTHER,ULK,ULK,ULK3
ULK,-0.8241666666666666,44,KRSA,0.43795620437956206,2,OTHER,ULK,ULK,ULK4
MOS,-0.49583333333333335,55,KRSA,0.30031282586027114,2,OTHER,MOS,MOS,MOS
PIM,0.5358333333333333,54,KRSA,0.31282586027111575,2,CAMK,PIM,PIM,PIM1
PIM,0.5358333333333333,54,KRSA,0.31282586027111575,2,CAMK,PIM,PIM,PIM2
PIM,0.5358333333333333,54,KRSA,0.31282586027111575,2,CAMK,PIM,PIM,PIM3
RIPK,1.169166666666667,32,KRSA,0.6006256517205423,3,TKL,RIPK,RIPK,ANKK1
RIPK,1.169166666666667,32,KRSA,0.6006256517205423,3,TKL,RIPK,RIPK,RIPK1
RIPK,1.169166666666667,32,KRSA,0.6006256517205423,3,TKL,RIPK,RIPK,RIPK2
RIPK,1.169166666666667,32,KRSA,0.6006256517205423,3,TKL,RIPK,RIPK,RIPK3
RIPK,1.169166666666667,32,KRSA,0.6006256517205423,3,TKL,RIPK,RIPK,RIPK4
HAL,0.8033333333333333,47,KRSA,0.40041710114702816,2,RGC,RGC,RGC,NPR1
MLK,-0.30499999999999994,65,KRSA,0.17518248175182483,1,TKL,MLK,ILK,ILK
MLK,-0.30499999999999994,65,KRSA,0.17518248175182483,1,TKL,MLK,MLK,MAP3K10
MLK,-0.30499999999999994,65,KRSA,0.17518248175182483,1,TKL,MLK,MLK,MAP3K11
MLK,-0.30499999999999994,65,KRSA,0.17518248175182483,1,TKL,MLK,LZK,MAP3K12
MLK,-0.30499999999999994,65,KRSA,0.17518248175182483,1,TKL,MLK,LZK,MAP3K13
MLK,-0.30499999999999994,65,KRSA,0.17518248175182483,1,TKL,MLK,MLK,MAP3K9
MLK,-0.30499999999999994,65,KRSA,0.17518248175182483,1,TKL,MLK,HH498,TNNI3K
AUR,0.18666666666666668,70,KRSA,0.11261730969760167,1,OTHER,AUR,AUR,AURKA
AUR,0.18666666666666668,70,KRSA,0.11261730969760167,1,OTHER,AUR,AUR,AURKB
AUR,0.18666666666666668,70,KRSA,0.11261730969760167,1,OTHER,AUR,AUR,AURKC
NDR,0.01333333333333335,79,KRSA,0,1,AGC,NDR,NDR,LATS1
NDR,0.01333333333333335,79,KRSA,0,1,AGC,NDR,NDR,LATS2
NDR,0.01333333333333335,79,KRSA,0,1,AGC,NDR,NDR,STK38
NDR,0.01333333333333335,79,KRSA,0,1,AGC,NDR,NDR,STK38L
COT,-0.09000000000000002,74,KRSA,0.06256517205422316,1,STE,STE-UNIQUE,STE-UNIQUE,MAP3K8
MAPKAPK,0.3733333333333333,59,KRSA,0.2502606882168926,2,CAMK,MAPKAPK,MAPKAPK,MAPKAPK2
MAPKAPK,0.3733333333333333,59,KRSA,0.2502606882168926,2,CAMK,MAPKAPK,MAPKAPK,MAPKAPK3
MAPKAPK,0.3733333333333333,59,KRSA,0.2502606882168926,2,CAMK,MAPKAPK,MAPKAPK,MAPKAPK5
MAPKAPK,0.3733333333333333,59,KRSA,0.2502606882168926,2,CAMK,MAPKAPK,MNK,MKNK1
MAPKAPK,0.3733333333333333,59,KRSA,0.2502606882168926,2,CAMK,MAPKAPK,MNK,MKNK2
AKT,-0.04333333333333331,78,KRSA,0.01251303441084463,1,AGC,AKT,AKT,AKT1
AKT,-0.04333333333333331,78,KRSA,0.01251303441084463,1,AGC,AKT,AKT,AKT2
AKT,-0.04333333333333331,78,KRSA,0.01251303441084463,1,AGC,AKT,AKT,AKT3
MSN,0.3899999999999999,58,KRSA,0.26277372262773724,2,STE,STE20,MSN,MAP4K4
MSN,0.3899999999999999,58,KRSA,0.26277372262773724,2,STE,STE20,MSN,NRK
MSN,0.3899999999999999,58,KRSA,0.26277372262773724,2,STE,STE20,MSN,TNIK
ATM,-0.6116666666666667,53,KRSA,0.32533889468196037,2,ATYPICAL,PIKK,ATM,ATM
CK2,0.21166666666666664,68,KRSA,0.13764337851929093,1,CMGC,CK2,CK2,CSNK2A1
CK2,0.21166666666666664,68,KRSA,0.13764337851929093,1,CMGC,CK2,CK2,CSNK2A2
CK2,0.21166666666666664,68,KRSA,0.13764337851929093,1,NA,NA,NA,CSNK2A3
DMPK,-0.6308333333333334,52,KRSA,0.337851929092805,2,AGC,DMPK,GEK,CDC42BPA
DMPK,-0.6308333333333334,52,KRSA,0.337851929092805,2,AGC,DMPK,GEK,CDC42BPB
DMPK,-0.6308333333333334,52,KRSA,0.337851929092805,2,AGC,DMPK,GEK,CDC42BPG
DMPK,-0.6308333333333334,52,KRSA,0.337851929092805,2,AGC,DMPK,CRIK,CIT
DMPK,-0.6308333333333334,52,KRSA,0.337851929092805,2,AGC,DMPK,GEK,DMPK
DMPK,-0.6308333333333334,52,KRSA,0.337851929092805,2,AGC,DMPK,ROCK,ROCK1
DMPK,-0.6308333333333334,52,KRSA,0.337851929092805,2,AGC,DMPK,ROCK,ROCK2
STKR,-0.06833333333333336,76,KRSA,0.03753910323253389,1,TKL,STKR,TYPE1,ACVR1
STKR,-0.06833333333333336,76,KRSA,0.03753910323253389,1,TKL,STKR,TYPE1,ACVR1B
STKR,-0.06833333333333336,76,KRSA,0.03753910323253389,1,TKL,STKR,TYPE1,ACVR1C
STKR,-0.06833333333333336,76,KRSA,0.03753910323253389,1,TKL,STKR,TYPE2,ACVR2A
STKR,-0.06833333333333336,76,KRSA,0.03753910323253389,1,TKL,STKR,TYPE2,ACVR2B
STKR,-0.06833333333333336,76,KRSA,0.03753910323253389,1,TKL,STKR,TYPE1,ACVRL1
STKR,-0.06833333333333336,76,KRSA,0.03753910323253389,1,TKL,STKR,TYPE2,AMHR2
STKR,-0.06833333333333336,76,KRSA,0.03753910323253389,1,TKL,STKR,TYPE1,BMPR1A
STKR,-0.06833333333333336,76,KRSA,0.03753910323253389,1,TKL,STKR,TYPE1,BMPR1B
STKR,-0.06833333333333336,76,KRSA,0.03753910323253389,1,TKL,STKR,TYPE2,BMPR2
STKR,-0.06833333333333336,76,KRSA,0.03753910323253389,1,TKL,STKR,TYPE1,TGFBR1
STKR,-0.06833333333333336,76,KRSA,0.03753910323253389,1,TKL,STKR,TYPE2,TGFBR2
CAMK2,0.7225,49,KRSA,0.3753910323253389,2,CAMK,CAMK2,CAMK2,CAMK2A
CAMK2,0.7225,49,KRSA,0.3753910323253389,2,CAMK,CAMK2,CAMK2,CAMK2B
CAMK2,0.7225,49,KRSA,0.3753910323253389,2,CAMK,CAMK2,CAMK2,CAMK2D
CAMK2,0.7225,49,KRSA,0.3753910323253389,2,CAMK,CAMK2,CAMK2,CAMK2G
GRK,0.45833333333333326,57,KRSA,0.27528675703858185,2,AGC,GRK,GRK,GRK1
GRK,0.45833333333333326,57,KRSA,0.27528675703858185,2,AGC,GRK,GRK,GRK4
GRK,0.45833333333333326,57,KRSA,0.27528675703858185,2,AGC,GRK,GRK,GRK5
GRK,0.45833333333333326,57,KRSA,0.27528675703858185,2,AGC,GRK,GRK,GRK6
GRK,0.45833333333333326,57,KRSA,0.27528675703858185,2,AGC,GRK,GRK,GRK7
PKG,3.1791666666666667,9,KRSA,0.8884254431699687,4,AGC,PKG,PKG,PRKG1
PKG,3.1791666666666667,9,KRSA,0.8884254431699687,4,AGC,PKG,PKG,PRKG2
JNK,-3.9183333333333334,3,KRSA,0.9635036496350365,4,CMGC,MAPK,JNK,MAPK10
JNK,-3.9183333333333334,3,KRSA,0.9635036496350365,4,CMGC,MAPK,JNK,MAPK8
JNK,-3.9183333333333334,3,KRSA,0.9635036496350365,4,CMGC,MAPK,JNK,MAPK9
PKA,3.3466666666666667,8,KRSA,0.9009384775808134,4,AGC,PKA,PKA,PRKACA
PKA,3.3466666666666667,8,KRSA,0.9009384775808134,4,AGC,PKA,PKA,PRKACB
PKA,3.3466666666666667,8,KRSA,0.9009384775808134,4,AGC,PKA,PKA,PRKACG
PKA,3.3466666666666667,8,KRSA,0.9009384775808134,4,AGC,PKA,PKA,PRKX
PKA,3.3466666666666667,8,KRSA,0.9009384775808134,4,AGC,PKA,PKA,PRKY
DYRK,-4.251666666666667,2,KRSA,0.9760166840458812,4,CMGC,DYRK,DYRK1,DYRK1A
DYRK,-4.251666666666667,2,KRSA,0.9760166840458812,4,CMGC,DYRK,DYRK1,DYRK1B
DYRK,-4.251666666666667,2,KRSA,0.9760166840458812,4,CMGC,DYRK,DYRK2,DYRK2
DYRK,-4.251666666666667,2,KRSA,0.9760166840458812,4,CMGC,DYRK,DYRK2,DYRK3
DYRK,-4.251666666666667,2,KRSA,0.9760166840458812,4,CMGC,DYRK,DYRK2,DYRK4
DYRK,-4.251666666666667,2,KRSA,0.9760166840458812,4,CMGC,DYRK,HIPK,HIPK1
DYRK,-4.251666666666667,2,KRSA,0.9760166840458812,4,CMGC,DYRK,HIPK,HIPK2
DYRK,-4.251666666666667,2,KRSA,0.9760166840458812,4,CMGC,DYRK,HIPK,HIPK3
DYRK,-4.251666666666667,2,KRSA,0.9760166840458812,4,CMGC,DYRK,HIPK,HIPK4
DYRK,-4.251666666666667,2,KRSA,0.9760166840458812,4,CMGC,DYRK,PRP4,PRPF4B
ERK,-4.4191666666666665,1,KRSA,0.9885297184567258,4,CMGC,MAPK,ERK1,MAPK1
ERK,-4.4191666666666665,1,KRSA,0.9885297184567258,4,CMGC,MAPK,ERK7,MAPK15
ERK,-4.4191666666666665,1,KRSA,0.9885297184567258,4,CMGC,MAPK,ERK1,MAPK3
ERK,-4.4191666666666665,1,KRSA,0.9885297184567258,4,CMGC,MAPK,ERK3,MAPK4
ERK,-4.4191666666666665,1,KRSA,0.9885297184567258,4,CMGC,MAPK,ERK3,MAPK6
ERK,-4.4191666666666665,1,KRSA,0.9885297184567258,4,CMGC,MAPK,ERK5,MAPK7
PDK1,-3.865833333333333,5,KRSA,0.9384775808133472,4,ATYPICAL,PDHK,PDHK,PDK1
PDK1,-3.865833333333333,5,KRSA,0.9384775808133472,4,AGC,PDK1,PDK1,PDPK1
P38,-3.43,6,KRSA,0.9259645464025026,4,CMGC,MAPK,P38,MAPK11
P38,-3.43,6,KRSA,0.9259645464025026,4,CMGC,MAPK,P38,MAPK12
P38,-3.43,6,KRSA,0.9259645464025026,4,CMGC,MAPK,P38,MAPK13
P38,-3.43,6,KRSA,0.9259645464025026,4,CMGC,MAPK,P38,MAPK14
CAMK1,2.524166666666667,11,KRSA,0.8633993743482794,4,CAMK,CAMK1,CAMK1,CAMK1
CAMK1,2.524166666666667,11,KRSA,0.8633993743482794,4,CAMK,CAMK1,CAMK1,CAMK1D
CAMK1,2.524166666666667,11,KRSA,0.8633993743482794,4,CAMK,CAMK1,CAMK1,CAMK1G
CAMK1,2.524166666666667,11,KRSA,0.8633993743482794,4,CAMK,CAMK1,CAMK1,CAMK4
CAMK1,2.524166666666667,11,KRSA,0.8633993743482794,4,CAMK,CAMK1,CAMK1,PNCK
MST,-2.1366666666666667,14,KRSA,0.8258602711157456,4,STE,STE20,MST,STK3
MST,-2.1366666666666667,14,KRSA,0.8258602711157456,4,STE,STE20,MST,STK4
CDK,-3.8791666666666664,4,KRSA,0.9509906152241918,4,CMGC,CDK,CDC2,CDK1
CDK,-3.8791666666666664,4,KRSA,0.9509906152241918,4,CMGC,CDK,CDK10,CDK10
CDK,-3.8791666666666664,4,KRSA,0.9509906152241918,4,CMGC,CDK,CRK7,CDK12
CDK,-3.8791666666666664,4,KRSA,0.9509906152241918,4,CMGC,CDK,CRK7,CDK13
CDK,-3.8791666666666664,4,KRSA,0.9509906152241918,4,CMGC,CDK,PFTAIRE,CDK14
CDK,-3.8791666666666664,4,KRSA,0.9509906152241918,4,CMGC,CDK,PFTAIRE,CDK15
CDK,-3.8791666666666664,4,KRSA,0.9509906152241918,4,CMGC,CDK,PCTAIRE,CDK16
CDK,-3.8791666666666664,4,KRSA,0.9509906152241918,4,CMGC,CDK,PCTAIRE,CDK17
CDK,-3.8791666666666664,4,KRSA,0.9509906152241918,4,CMGC,CDK,PCTAIRE,CDK18
CDK,-3.8791666666666664,4,KRSA,0.9509906152241918,4,CMGC,CDK,CDK8,CDK19
CDK,-3.8791666666666664,4,KRSA,0.9509906152241918,4,CMGC,CDK,CDC2,CDK2
CDK,-3.8791666666666664,4,KRSA,0.9509906152241918,4,CMGC,CDK,CCRK,CDK20
CDK,-3.8791666666666664,4,KRSA,0.9509906152241918,4,CMGC,CDK,CDC2,CDK3
CDK,-3.8791666666666664,4,KRSA,0.9509906152241918,4,CMGC,CDK,CDK4,CDK4
CDK,-3.8791666666666664,4,KRSA,0.9509906152241918,4,CMGC,CDK,CDK5,CDK5
CDK,-3.8791666666666664,4,KRSA,0.9509906152241918,4,CMGC,CDK,CDK4,CDK6
CDK,-3.8791666666666664,4,KRSA,0.9509906152241918,4,CMGC,CDK,CDK7,CDK7
CDK,-3.8791666666666664,4,KRSA,0.9509906152241918,4,CMGC,CDK,CDK8,CDK8
CDK,-3.8791666666666664,4,KRSA,0.9509906152241918,4,CMGC,CDK,CDK9,CDK9
CDK,-3.8791666666666664,4,KRSA,0.9509906152241918,4,NA,NA,NA,CDK11A
CDK,-3.8791666666666664,4,KRSA,0.9509906152241918,4,NA,NA,NA,CDK11B
PDHK,0.3358333333333333,62,KRSA,0.2127215849843587,1,ATYPICAL,PDHK,BCKDK,BCKDK
PDHK,0.3358333333333333,62,KRSA,0.2127215849843587,1,ATYPICAL,PDHK,PDHK,PDK2
PDHK,0.3358333333333333,62,KRSA,0.2127215849843587,1,ATYPICAL,PDHK,PDHK,PDK3
PDHK,0.3358333333333333,62,KRSA,0.2127215849843587,1,ATYPICAL,PDHK,PDHK,PDK4
MTOR,-1.8033333333333332,16,KRSA,0.8008342022940563,4,ATYPICAL,PIKK,FRAP,MTOR
RAD53,1.1975,28,KRSA,0.6506777893639207,3,CAMK,RAD53,RAD53,CHEK2
PAKA,0.8458333333333334,40,KRSA,0.5005213764337852,3,STE,STE20,PAKA,PAK1
PAKA,0.8458333333333334,40,KRSA,0.5005213764337852,3,STE,STE20,PAKA,PAK2
PAKA,0.8458333333333334,40,KRSA,0.5005213764337852,3,STE,STE20,PAKA,PAK3
RAF,-1.8766666666666667,15,KRSA,0.8133472367049009,4,TKL,RAF,RAF,ARAF
RAF,-1.8766666666666667,15,KRSA,0.8133472367049009,4,TKL,RAF,RAF,BRAF
RAF,-1.8766666666666667,15,KRSA,0.8133472367049009,4,TKL,RAF,KSR,KSR1
RAF,-1.8766666666666667,15,KRSA,0.8133472367049009,4,TKL,RAF,KSR,KSR2
RAF,-1.8766666666666667,15,KRSA,0.8133472367049009,4,TKL,RAF,RAF,RAF1
AMPK,1.305,24,KRSA,0.7007299270072993,3,CAMK,CAMKL,AMPK,PRKAA1
AMPK,1.305,24,KRSA,0.7007299270072993,3,CAMK,CAMKL,AMPK,PRKAA2
RSK,0.905,37,KRSA,0.5380604796663191,3,AGC,RSK,RSK,RPS6KA1
RSK,0.905,37,KRSA,0.5380604796663191,3,AGC,RSK,RSK,RPS6KA2
RSK,0.905,37,KRSA,0.5380604796663191,3,AGC,RSK,RSK,RPS6KA3
RSK,0.905,37,KRSA,0.5380604796663191,3,AGC,RSK,MSK,RPS6KA4
RSK,0.905,37,KRSA,0.5380604796663191,3,AGC,RSK,MSK,RPS6KA5
RSK,0.905,37,KRSA,0.5380604796663191,3,AGC,RSK,RSK,RPS6KA6
RSK,0.905,37,KRSA,0.5380604796663191,3,AGC,RSK,P70,RPS6KB1
RSK,0.905,37,KRSA,0.5380604796663191,3,AGC,RSK,P70,RPS6KB2
ATR,-1.3758333333333332,21,KRSA,0.7382690302398331,3,ATYPICAL,PIKK,ATR,ATR
PASK,1.2475,26,KRSA,0.67570385818561,3,CAMK,CAMKL,PASK,PASK
PKCD,1.2083333333333333,27,KRSA,0.6631908237747653,3,AGC,PKC,DELTA,PRKCD
PKCD,1.2083333333333333,27,KRSA,0.6631908237747653,3,AGC,PKC,DELTA,PRKCQ
MLCK,-0.3350000000000001,63,KRSA,0.20020855057351408,1,CAMK,MLCK,MLCK,MYLK
MLCK,-0.3350000000000001,63,KRSA,0.20020855057351408,1,CAMK,MLCK,MLCK,MYLK2
MLCK,-0.3350000000000001,63,KRSA,0.20020855057351408,1,CAMK,MLCK,MLCK,TTN
PKCI,1.0533333333333337,33,KRSA,0.5881126173096975,3,AGC,PKC,IOTA,PRKCI
PKCI,1.0533333333333337,33,KRSA,0.5881126173096975,3,AGC,PKC,IOTA,PRKCZ
PKD,0.8883333333333333,38,KRSA,0.5255474452554745,3,CAMK,PKD,PKD,PRKD1
PKD,0.8883333333333333,38,KRSA,0.5255474452554745,3,CAMK,PKD,PKD,PRKD2
PKD,0.8883333333333333,38,KRSA,0.5255474452554745,3,CAMK,PKD,PKD,PRKD3
PKCH,-0.9558333333333332,36,KRSA,0.5505735140771637,3,AGC,PKC,ETA,PRKCE
PKCH,-0.9558333333333332,36,KRSA,0.5505735140771637,3,AGC,PKC,ETA,PRKCH
NMO,-2.4458333333333333,13,KRSA,0.8383733055265902,4,CMGC,MAPK,NMO,NLK
IRAK,-0.2725,66,KRSA,0.16266944734098018,1,TKL,IRAK,IRAK,IRAK1
IRAK,-0.2725,66,KRSA,0.16266944734098018,1,TKL,IRAK,IRAK,IRAK2
IRAK,-0.2725,66,KRSA,0.16266944734098018,1,TKL,IRAK,IRAK,IRAK3
IRAK,-0.2725,66,KRSA,0.16266944734098018,1,TKL,IRAK,IRAK,IRAK4
VRK1,-1.035,34,KRSA,0.5755995828988529,3,CK1,VRK,VRK,VRK1
PLK,-2.5033333333333334,12,KRSA,0.8508863399374348,4,NA,NA,NA,PLK5
PLK,-2.5033333333333334,12,KRSA,0.8508863399374348,4,OTHER,PLK,PLK1,PLK1
PLK,-2.5033333333333334,12,KRSA,0.8508863399374348,4,OTHER,PLK,PLK2,PLK2
PLK,-2.5033333333333334,12,KRSA,0.8508863399374348,4,OTHER,PLK,PLK2,PLK3
PLK,-2.5033333333333334,12,KRSA,0.8508863399374348,4,OTHER,PLK,SAK,PLK4
PHK,-1.75,17,KRSA,0.7883211678832117,4,CAMK,PHK,PHK,PHKG1
PHK,-1.75,17,KRSA,0.7883211678832117,4,CAMK,PHK,PHK,PHKG2
RIPK,1.169166666666667,32,KRSA,0.6006256517205423,3,TKL,RIPK,RIPK,ANKK1
RIPK,1.169166666666667,32,KRSA,0.6006256517205423,3,TKL,RIPK,RIPK,RIPK1
RIPK,1.169166666666667,32,KRSA,0.6006256517205423,3,TKL,RIPK,RIPK,RIPK2
RIPK,1.169166666666667,32,KRSA,0.6006256517205423,3,TKL,RIPK,RIPK,RIPK3
RIPK,1.169166666666667,32,KRSA,0.6006256517205423,3,TKL,RIPK,RIPK,RIPK4
MELK,-0.3683333333333333,60,KRSA,0.23774765380604795,1,CAMK,CAMKL,MELK,MELK
BARK2,-0.3383333333333333,61,KRSA,0.22523461939520334,1,AGC,GRK,BARK,GRK3
GSK,-0.9616666666666668,35,KRSA,0.5630865484880083,3,CMGC,GSK,GSK,GSK3A
GSK,-0.9616666666666668,35,KRSA,0.5630865484880083,3,CMGC,GSK,GSK,GSK3B
PKN,-0.7191666666666666,50,KRSA,0.36287799791449427,2,AGC,PKN,PKN,PKN1
PKN,-0.7191666666666666,50,KRSA,0.36287799791449427,2,AGC,PKN,PKN,PKN2
PKN,-0.7191666666666666,50,KRSA,0.36287799791449427,2,AGC,PKN,PKN,PKN3
TTK,-1.1891666666666667,30,KRSA,0.6256517205422315,3,OTHER,TTK,TTK,TTK
CAMK2,0.7225,49,KRSA,0.3753910323253389,2,CAMK,CAMK2,CAMK2,CAMK2A
CAMK2,0.7225,49,KRSA,0.3753910323253389,2,CAMK,CAMK2,CAMK2,CAMK2B
CAMK2,0.7225,49,KRSA,0.3753910323253389,2,CAMK,CAMK2,CAMK2,CAMK2D
CAMK2,0.7225,49,KRSA,0.3753910323253389,2,CAMK,CAMK2,CAMK2,CAMK2G
CK1,-1.3091666666666666,23,KRSA,0.7132429614181439,3,CK1,CK1,CK1-A,CSNK1A1
CK1,-1.3091666666666666,23,KRSA,0.7132429614181439,3,CK1,CK1,CK1-A,CSNK1A1L
CK1,-1.3091666666666666,23,KRSA,0.7132429614181439,3,CK1,CK1,CK1-D,CSNK1D
CK1,-1.3091666666666666,23,KRSA,0.7132429614181439,3,CK1,CK1,CK1-D,CSNK1E
CK1,-1.3091666666666666,23,KRSA,0.7132429614181439,3,CK1,CK1,CK1-G,CSNK1G1
CK1,-1.3091666666666666,23,KRSA,0.7132429614181439,3,CK1,CK1,CK1-G,CSNK1G2
CK1,-1.3091666666666666,23,KRSA,0.7132429614181439,3,CK1,CK1,CK1-G,CSNK1G3
CK1,-1.3091666666666666,23,KRSA,0.7132429614181439,3,CK1,TTBK,TTBK,TTBK1
CK1,-1.3091666666666666,23,KRSA,0.7132429614181439,3,CK1,TTBK,TTBK,TTBK2
CK1,-1.3091666666666666,23,KRSA,0.7132429614181439,3,CK1,VRK,VRK,VRK3
NAK,-0.205,69,KRSA,0.1251303441084463,1,OTHER,NAK,BIKE,AAK1
NAK,-0.205,69,KRSA,0.1251303441084463,1,OTHER,NAK,BIKE,BMP2K
NAK,-0.205,69,KRSA,0.1251303441084463,1,OTHER,NAK,GAK,GAK
NAK,-0.205,69,KRSA,0.1251303441084463,1,OTHER,NAK,MPSK,STK16
TLK,-1.1916666666666669,29,KRSA,0.6381647549530761,3,OTHER,TLK,TLK,TLK1
TLK,-1.1916666666666669,29,KRSA,0.6381647549530761,3,OTHER,TLK,TLK,TLK2
NUAK,-1.1841666666666666,31,KRSA,0.6131386861313869,3,CAMK,CAMKL,NUAK,NUAK1
NUAK,-1.1841666666666666,31,KRSA,0.6131386861313869,3,CAMK,CAMKL,NUAK,NUAK2
PEK,-3.3825,7,KRSA,0.913451511991658,4,OTHER,PEK,HRI,EIF2AK1
PEK,-3.3825,7,KRSA,0.913451511991658,4,OTHER,PEK,PKR,EIF2AK2
PEK,-3.3825,7,KRSA,0.913451511991658,4,OTHER,PEK,PEK,EIF2AK3
PEK,-3.3825,7,KRSA,0.913451511991658,4,OTHER,PEK,GCN2,EIF2AK4
PAKB,-0.8191666666666666,46,KRSA,0.4129301355578728,2,STE,STE20,PAKB,PAK4
PAKB,-0.8191666666666666,46,KRSA,0.4129301355578728,2,STE,STE20,PAKB,PAK5
PAKB,-0.8191666666666666,46,KRSA,0.4129301355578728,2,STE,STE20,PAKB,PAK6
PRKDC,-1.2916666666666667,25,KRSA,0.6882168925964547,3,ATYPICAL,PIKK,DNAPK,PRKDC
QIK,-1.6875,18,KRSA,0.7758081334723671,4,CAMK,CAMKL,QIK,SIK1
QIK,-1.6875,18,KRSA,0.7758081334723671,4,CAMK,CAMKL,QIK,SIK2
FRAY,-1.3825,20,KRSA,0.7507820646506778,4,STE,STE20,FRAY,OXSR1
FRAY,-1.3825,20,KRSA,0.7507820646506778,4,STE,STE20,FRAY,STK39
HAL,0.8033333333333333,47,KRSA,0.40041710114702816,2,RGC,RGC,RGC,NPR1
PIM,0.5358333333333333,54,KRSA,0.31282586027111575,2,CAMK,PIM,PIM,PIM1
PIM,0.5358333333333333,54,KRSA,0.31282586027111575,2,CAMK,PIM,PIM,PIM2
PIM,0.5358333333333333,54,KRSA,0.31282586027111575,2,CAMK,PIM,PIM,PIM3
MAPKAPK,0.3733333333333333,59,KRSA,0.2502606882168926,2,CAMK,MAPKAPK,MAPKAPK,MAPKAPK2
MAPKAPK,0.3733333333333333,59,KRSA,0.2502606882168926,2,CAMK,MAPKAPK,MAPKAPK,MAPKAPK3
MAPKAPK,0.3733333333333333,59,KRSA,0.2502606882168926,2,CAMK,MAPKAPK,MAPKAPK,MAPKAPK5
MAPKAPK,0.3733333333333333,59,KRSA,0.2502606882168926,2,CAMK,MAPKAPK,MNK,MKNK1
MAPKAPK,0.3733333333333333,59,KRSA,0.2502606882168926,2,CAMK,MAPKAPK,MNK,MKNK2
DAPK,-0.8791666666666667,39,KRSA,0.5130344108446299,3,CAMK,DAPK,DAPK,DAPK1
DAPK,-0.8791666666666667,39,KRSA,0.5130344108446299,3,CAMK,DAPK,DAPK,DAPK2
DAPK,-0.8791666666666667,39,KRSA,0.5130344108446299,3,CAMK,DAPK,DAPK,DAPK3
DAPK,-0.8791666666666667,39,KRSA,0.5130344108446299,3,CAMK,DAPK,DRAK,STK17A
DAPK,-0.8791666666666667,39,KRSA,0.5130344108446299,3,CAMK,DAPK,DRAK,STK17B
CK2,0.21166666666666664,68,KRSA,0.13764337851929093,1,CMGC,CK2,CK2,CSNK2A1
CK2,0.21166666666666664,68,KRSA,0.13764337851929093,1,CMGC,CK2,CK2,CSNK2A2
CK2,0.21166666666666664,68,KRSA,0.13764337851929093,1,NA,NA,NA,CSNK2A3
NDR,0.01333333333333335,79,KRSA,0,1,AGC,NDR,NDR,LATS1
NDR,0.01333333333333335,79,KRSA,0,1,AGC,NDR,NDR,LATS2
NDR,0.01333333333333335,79,KRSA,0,1,AGC,NDR,NDR,STK38
NDR,0.01333333333333335,79,KRSA,0,1,AGC,NDR,NDR,STK38L
COT,-0.09000000000000002,74,KRSA,0.06256517205422316,1,STE,STE-UNIQUE,STE-UNIQUE,MAP3K8
LKB,-1.3241666666666667,22,KRSA,0.7257559958289885,3,CAMK,CAMKL,LKB,STK11
WNK,-0.8391666666666666,41,KRSA,0.4880083420229406,2,OTHER,WNK,WNK,WNK1
WNK,-0.8391666666666666,41,KRSA,0.4880083420229406,2,OTHER,WNK,WNK,WNK2
WNK,-0.8391666666666666,41,KRSA,0.4880083420229406,2,OTHER,WNK,WNK,WNK3
WNK,-0.8391666666666666,41,KRSA,0.4880083420229406,2,OTHER,WNK,WNK,WNK4
SLK,-0.16666666666666663,72,KRSA,0.08759124087591241,1,STE,STE20,SLK,SLK
SLK,-0.16666666666666663,72,KRSA,0.08759124087591241,1,STE,STE20,SLK,STK10
TAO,0.17583333333333337,71,KRSA,0.10010427528675704,1,STE,STE20,TAO,TAOK1
TAO,0.17583333333333337,71,KRSA,0.10010427528675704,1,STE,STE20,TAO,TAOK2
TAO,0.17583333333333337,71,KRSA,0.10010427528675704,1,STE,STE20,TAO,TAOK3
CLK,-0.8383333333333334,42,KRSA,0.4629822732012513,2,CMGC,CLK,CLK,CLK1
CLK,-0.8383333333333334,42,KRSA,0.4629822732012513,2,CMGC,CLK,CLK,CLK2
CLK,-0.8383333333333334,42,KRSA,0.4629822732012513,2,CMGC,CLK,CLK,CLK3
CLK,-0.8383333333333334,42,KRSA,0.4629822732012513,2,CMGC,CLK,CLK,CLK4
NIK,-0.8383333333333334,42,KRSA,0.4629822732012513,2,STE,STE-UNIQUE,STE-UNIQUE,MAP3K14
ULK,-0.8241666666666666,44,KRSA,0.43795620437956206,2,OTHER,ULK,FUSED,STK36
ULK,-0.8241666666666666,44,KRSA,0.43795620437956206,2,OTHER,ULK,ULK,ULK1
ULK,-0.8241666666666666,44,KRSA,0.43795620437956206,2,OTHER,ULK,ULK,ULK2
ULK,-0.8241666666666666,44,KRSA,0.43795620437956206,2,OTHER,ULK,ULK,ULK3
ULK,-0.8241666666666666,44,KRSA,0.43795620437956206,2,OTHER,ULK,ULK,ULK4
MOS,-0.49583333333333335,55,KRSA,0.30031282586027114,2,OTHER,MOS,MOS,MOS
BUD32,-0.8275,43,KRSA,0.4504692387904067,2,OTHER,BUD32,BUD32,TP53RK
BRSK,0.04333333333333335,77,KRSA,0.02502606882168926,1,CAMK,CAMKL,BRSK,BRSK1
BRSK,0.04333333333333335,77,KRSA,0.02502606882168926,1,CAMK,CAMKL,BRSK,BRSK2
CAMKK,-0.8233333333333334,45,KRSA,0.4254431699687174,2,OTHER,CAMKK,META,CAMKK1
CAMKK,-0.8233333333333334,45,KRSA,0.4254431699687174,2,OTHER,CAMKK,META,CAMKK2
KHS,-0.1449999999999999,73,KRSA,0.07507820646506778,1,STE,STE20,KHS,MAP4K1
KHS,-0.1449999999999999,73,KRSA,0.07507820646506778,1,STE,STE20,KHS,MAP4K2
KHS,-0.1449999999999999,73,KRSA,0.07507820646506778,1,STE,STE20,KHS,MAP4K3
KHS,-0.1449999999999999,73,KRSA,0.07507820646506778,1,STE,STE20,KHS,MAP4K5
STE11,-0.7233333333333333,48,KRSA,0.38790406673618355,2,TKL,MLK,TAK1,MAP3K7
STE11,-0.7233333333333333,48,KRSA,0.38790406673618355,2,STE,STE11,MEKK1,MAP3K1
STE11,-0.7233333333333333,48,KRSA,0.38790406673618355,2,STE,STE11,ASK,MAP3K15
STE11,-0.7233333333333333,48,KRSA,0.38790406673618355,2,STE,STE11,MEKK2,MAP3K2
STE11,-0.7233333333333333,48,KRSA,0.38790406673618355,2,STE,STE11,MEKK2,MAP3K3
STE11,-0.7233333333333333,48,KRSA,0.38790406673618355,2,STE,STE11,MEKK4,MAP3K4
STE11,-0.7233333333333333,48,KRSA,0.38790406673618355,2,STE,STE11,ASK,MAP3K5
STE11,-0.7233333333333333,48,KRSA,0.38790406673618355,2,STE,STE11,ASK,MAP3K6
SGK,0.08583333333333334,75,KRSA,0.05005213764337852,1,AGC,SGK,SGK,SGK1
SGK,0.08583333333333334,75,KRSA,0.05005213764337852,1,AGC,SGK,SGK,SGK2
SGK,0.08583333333333334,75,KRSA,0.05005213764337852,1,AGC,SGK,SGK,SGK3
GRK,0.45833333333333326,57,KRSA,0.27528675703858185,2,AGC,GRK,GRK,GRK1
GRK,0.45833333333333326,57,KRSA,0.27528675703858185,2,AGC,GRK,GRK,GRK4
GRK,0.45833333333333326,57,KRSA,0.27528675703858185,2,AGC,GRK,GRK,GRK5
GRK,0.45833333333333326,57,KRSA,0.27528675703858185,2,AGC,GRK,GRK,GRK6
GRK,0.45833333333333326,57,KRSA,0.27528675703858185,2,AGC,GRK,GRK,GRK7
CHK1,0.2441666666666667,67,KRSA,0.15015641293013557,1,CAMK,CAMKL,CHK1,CHEK1
PKCA,-2.8325,10,KRSA,0.8759124087591241,4,AGC,PKC,ALPHA,PRKCA
PKCA,-2.8325,10,KRSA,0.8759124087591241,4,AGC,PKC,ALPHA,PRKCB
PKCA,-2.8325,10,KRSA,0.8759124087591241,4,AGC,PKC,ALPHA,PRKCG
NEK,-0.32416666666666666,64,KRSA,0.18769551616266944,1,OTHER,NEK,NEK11,NEK11
NEK,-0.32416666666666666,64,KRSA,0.18769551616266944,1,OTHER,NEK,NEK2,NEK2
NEK,-0.32416666666666666,64,KRSA,0.18769551616266944,1,OTHER,NEK,NEK1,NEK3
NEK,-0.32416666666666666,64,KRSA,0.18769551616266944,1,OTHER,NEK,NEK4,NEK4
NEK,-0.32416666666666666,64,KRSA,0.18769551616266944,1,OTHER,NEK,NEK1,NEK5
NEK,-0.32416666666666666,64,KRSA,0.18769551616266944,1,OTHER,NEK,NEK6,NEK6
NEK,-0.32416666666666666,64,KRSA,0.18769551616266944,1,OTHER,NEK,NEK6,NEK7
NEK,-0.32416666666666666,64,KRSA,0.18769551616266944,1,OTHER,NEK,NEK8,NEK8
NEK,-0.32416666666666666,64,KRSA,0.18769551616266944,1,OTHER,NEK,NEK8,NEK9
AKT,-0.04333333333333331,78,KRSA,0.01251303441084463,1,AGC,AKT,AKT,AKT1
AKT,-0.04333333333333331,78,KRSA,0.01251303441084463,1,AGC,AKT,AKT,AKT2
AKT,-0.04333333333333331,78,KRSA,0.01251303441084463,1,AGC,AKT,AKT,AKT3
IKK,-0.67,51,KRSA,0.35036496350364965,2,OTHER,IKK,IKK,CHUK
IKK,-0.67,51,KRSA,0.35036496350364965,2,OTHER,IKK,IKK,IKBKB
IKK,-0.67,51,KRSA,0.35036496350364965,2,OTHER,IKK,IKK,IKBKE
IKK,-0.67,51,KRSA,0.35036496350364965,2,OTHER,IKK,IKK,TBK1
STKR,-0.06833333333333336,76,KRSA,0.03753910323253389,1,TKL,STKR,TYPE1,ACVR1
STKR,-0.06833333333333336,76,KRSA,0.03753910323253389,1,TKL,STKR,TYPE1,ACVR1B
STKR,-0.06833333333333336,76,KRSA,0.03753910323253389,1,TKL,STKR,TYPE1,ACVR1C
STKR,-0.06833333333333336,76,KRSA,0.03753910323253389,1,TKL,STKR,TYPE2,ACVR2A
STKR,-0.06833333333333336,76,KRSA,0.03753910323253389,1,TKL,STKR,TYPE2,ACVR2B
STKR,-0.06833333333333336,76,KRSA,0.03753910323253389,1,TKL,STKR,TYPE1,ACVRL1
STKR,-0.06833333333333336,76,KRSA,0.03753910323253389,1,TKL,STKR,TYPE2,AMHR2
STKR,-0.06833333333333336,76,KRSA,0.03753910323253389,1,TKL,STKR,TYPE1,BMPR1A
STKR,-0.06833333333333336,76,KRSA,0.03753910323253389,1,TKL,STKR,TYPE1,BMPR1B
STKR,-0.06833333333333336,76,KRSA,0.03753910323253389,1,TKL,STKR,TYPE2,BMPR2
STKR,-0.06833333333333336,76,KRSA,0.03753910323253389,1,TKL,STKR,TYPE1,TGFBR1
STKR,-0.06833333333333336,76,KRSA,0.03753910323253389,1,TKL,STKR,TYPE2,TGFBR2
STE7,-1.590833333333333,19,KRSA,0.7632950990615224,4,STE,STE7,MEK1,MAP2K1
STE7,-1.590833333333333,19,KRSA,0.7632950990615224,4,STE,STE7,MEK1,MAP2K2
STE7,-1.590833333333333,19,KRSA,0.7632950990615224,4,STE,STE7,MEK3,MAP2K3
STE7,-1.590833333333333,19,KRSA,0.7632950990615224,4,STE,STE7,MEK4,MAP2K4
STE7,-1.590833333333333,19,KRSA,0.7632950990615224,4,STE,STE7,MEK5,MAP2K5
STE7,-1.590833333333333,19,KRSA,0.7632950990615224,4,STE,STE7,MEK3,MAP2K6
STE7,-1.590833333333333,19,KRSA,0.7632950990615224,4,STE,STE7,MEK7,MAP2K7
MLK,-0.30499999999999994,65,KRSA,0.17518248175182483,1,TKL,MLK,ILK,ILK
MLK,-0.30499999999999994,65,KRSA,0.17518248175182483,1,TKL,MLK,MLK,MAP3K10
MLK,-0.30499999999999994,65,KRSA,0.17518248175182483,1,TKL,MLK,MLK,MAP3K11
MLK,-0.30499999999999994,65,KRSA,0.17518248175182483,1,TKL,MLK,LZK,MAP3K12
MLK,-0.30499999999999994,65,KRSA,0.17518248175182483,1,TKL,MLK,LZK,MAP3K13
MLK,-0.30499999999999994,65,KRSA,0.17518248175182483,1,TKL,MLK,MLK,MAP3K9
MLK,-0.30499999999999994,65,KRSA,0.17518248175182483,1,TKL,MLK,HH498,TNNI3K
ATM,-0.6116666666666667,53,KRSA,0.32533889468196037,2,ATYPICAL,PIKK,ATM,ATM
MSN,0.3899999999999999,58,KRSA,0.26277372262773724,2,STE,STE20,MSN,MAP4K4
MSN,0.3899999999999999,58,KRSA,0.26277372262773724,2,STE,STE20,MSN,NRK
MSN,0.3899999999999999,58,KRSA,0.26277372262773724,2,STE,STE20,MSN,TNIK
DMPK,-0.6308333333333334,52,KRSA,0.337851929092805,2,AGC,DMPK,GEK,CDC42BPA
DMPK,-0.6308333333333334,52,KRSA,0.337851929092805,2,AGC,DMPK,GEK,CDC42BPB
DMPK,-0.6308333333333334,52,KRSA,0.337851929092805,2,AGC,DMPK,GEK,CDC42BPG
DMPK,-0.6308333333333334,52,KRSA,0.337851929092805,2,AGC,DMPK,CRIK,CIT
DMPK,-0.6308333333333334,52,KRSA,0.337851929092805,2,AGC,DMPK,GEK,DMPK
DMPK,-0.6308333333333334,52,KRSA,0.337851929092805,2,AGC,DMPK,ROCK,ROCK1
DMPK,-0.6308333333333334,52,KRSA,0.337851929092805,2,AGC,DMPK,ROCK,ROCK2
AUR,0.18666666666666668,70,KRSA,0.11261730969760167,1,OTHER,AUR,AUR,AURKA
AUR,0.18666666666666668,70,KRSA,0.11261730969760167,1,OTHER,AUR,AUR,AURKB
AUR,0.18666666666666668,70,KRSA,0.11261730969760167,1,OTHER,AUR,AUR,AURKC
ERK,-4.4191666666666665,1,KRSA,0.9885297184567258,4,CMGC,MAPK,ERK1,MAPK1
ERK,-4.4191666666666665,1,KRSA,0.9885297184567258,4,CMGC,MAPK,ERK7,MAPK15
ERK,-4.4191666666666665,1,KRSA,0.9885297184567258,4,CMGC,MAPK,ERK1,MAPK3
ERK,-4.4191666666666665,1,KRSA,0.9885297184567258,4,CMGC,MAPK,ERK3,MAPK4
ERK,-4.4191666666666665,1,KRSA,0.9885297184567258,4,CMGC,MAPK,ERK3,MAPK6
ERK,-4.4191666666666665,1,KRSA,0.9885297184567258,4,CMGC,MAPK,ERK5,MAPK7
DYRK,-4.251666666666667,2,KRSA,0.9760166840458812,4,CMGC,DYRK,DYRK1,DYRK1A
DYRK,-4.251666666666667,2,KRSA,0.9760166840458812,4,CMGC,DYRK,DYRK1,DYRK1B
DYRK,-4.251666666666667,2,KRSA,0.9760166840458812,4,CMGC,DYRK,DYRK2,DYRK2
DYRK,-4.251666666666667,2,KRSA,0.9760166840458812,4,CMGC,DYRK,DYRK2,DYRK3
DYRK,-4.251666666666667,2,KRSA,0.9760166840458812,4,CMGC,DYRK,DYRK2,DYRK4
DYRK,-4.251666666666667,2,KRSA,0.9760166840458812,4,CMGC,DYRK,HIPK,HIPK1
DYRK,-4.251666666666667,2,KRSA,0.9760166840458812,4,CMGC,DYRK,HIPK,HIPK2
DYRK,-4.251666666666667,2,KRSA,0.9760166840458812,4,CMGC,DYRK,HIPK,HIPK3
DYRK,-4.251666666666667,2,KRSA,0.9760166840458812,4,CMGC,DYRK,HIPK,HIPK4
DYRK,-4.251666666666667,2,KRSA,0.9760166840458812,4,CMGC,DYRK,PRP4,PRPF4B
CDK,-3.8791666666666664,4,KRSA,0.9509906152241918,4,CMGC,CDK,CDC2,CDK1
CDK,-3.8791666666666664,4,KRSA,0.9509906152241918,4,CMGC,CDK,CDK10,CDK10
CDK,-3.8791666666666664,4,KRSA,0.9509906152241918,4,CMGC,CDK,CRK7,CDK12
CDK,-3.8791666666666664,4,KRSA,0.9509906152241918,4,CMGC,CDK,CRK7,CDK13
CDK,-3.8791666666666664,4,KRSA,0.9509906152241918,4,CMGC,CDK,PFTAIRE,CDK14
CDK,-3.8791666666666664,4,KRSA,0.9509906152241918,4,CMGC,CDK,PFTAIRE,CDK15
CDK,-3.8791666666666664,4,KRSA,0.9509906152241918,4,CMGC,CDK,PCTAIRE,CDK16
CDK,-3.8791666666666664,4,KRSA,0.9509906152241918,4,CMGC,CDK,PCTAIRE,CDK17
CDK,-3.8791666666666664,4,KRSA,0.9509906152241918,4,CMGC,CDK,PCTAIRE,CDK18
CDK,-3.8791666666666664,4,KRSA,0.9509906152241918,4,CMGC,CDK,CDK8,CDK19
CDK,-3.8791666666666664,4,KRSA,0.9509906152241918,4,CMGC,CDK,CDC2,CDK2
CDK,-3.8791666666666664,4,KRSA,0.9509906152241918,4,CMGC,CDK,CCRK,CDK20
CDK,-3.8791666666666664,4,KRSA,0.9509906152241918,4,CMGC,CDK,CDC2,CDK3
CDK,-3.8791666666666664,4,KRSA,0.9509906152241918,4,CMGC,CDK,CDK4,CDK4
CDK,-3.8791666666666664,4,KRSA,0.9509906152241918,4,CMGC,CDK,CDK5,CDK5
CDK,-3.8791666666666664,4,KRSA,0.9509906152241918,4,CMGC,CDK,CDK4,CDK6
CDK,-3.8791666666666664,4,KRSA,0.9509906152241918,4,CMGC,CDK,CDK7,CDK7
CDK,-3.8791666666666664,4,KRSA,0.9509906152241918,4,CMGC,CDK,CDK8,CDK8
CDK,-3.8791666666666664,4,KRSA,0.9509906152241918,4,CMGC,CDK,CDK9,CDK9
CDK,-3.8791666666666664,4,KRSA,0.9509906152241918,4,NA,NA,NA,CDK11A
CDK,-3.8791666666666664,4,KRSA,0.9509906152241918,4,NA,NA,NA,CDK11B
PDK1,-3.865833333333333,5,KRSA,0.9384775808133472,4,ATYPICAL,PDHK,PDHK,PDK1
PDK1,-3.865833333333333,5,KRSA,0.9384775808133472,4,AGC,PDK1,PDK1,PDPK1
JNK,-3.9183333333333334,3,KRSA,0.9635036496350365,4,CMGC,MAPK,JNK,MAPK10
JNK,-3.9183333333333334,3,KRSA,0.9635036496350365,4,CMGC,MAPK,JNK,MAPK8
JNK,-3.9183333333333334,3,KRSA,0.9635036496350365,4,CMGC,MAPK,JNK,MAPK9
PEK,-3.3825,7,KRSA,0.913451511991658,4,OTHER,PEK,HRI,EIF2AK1
PEK,-3.3825,7,KRSA,0.913451511991658,4,OTHER,PEK,PKR,EIF2AK2
PEK,-3.3825,7,KRSA,0.913451511991658,4,OTHER,PEK,PEK,EIF2AK3
PEK,-3.3825,7,KRSA,0.913451511991658,4,OTHER,PEK,GCN2,EIF2AK4
P38,-3.43,6,KRSA,0.9259645464025026,4,CMGC,MAPK,P38,MAPK11
P38,-3.43,6,KRSA,0.9259645464025026,4,CMGC,MAPK,P38,MAPK12
P38,-3.43,6,KRSA,0.9259645464025026,4,CMGC,MAPK,P38,MAPK13
P38,-3.43,6,KRSA,0.9259645464025026,4,CMGC,MAPK,P38,MAPK14
PKCA,-2.8325,10,KRSA,0.8759124087591241,4,AGC,PKC,ALPHA,PRKCA
PKCA,-2.8325,10,KRSA,0.8759124087591241,4,AGC,PKC,ALPHA,PRKCB
PKCA,-2.8325,10,KRSA,0.8759124087591241,4,AGC,PKC,ALPHA,PRKCG
PLK,-2.5033333333333334,12,KRSA,0.8508863399374348,4,NA,NA,NA,PLK5
PLK,-2.5033333333333334,12,KRSA,0.8508863399374348,4,OTHER,PLK,PLK1,PLK1
PLK,-2.5033333333333334,12,KRSA,0.8508863399374348,4,OTHER,PLK,PLK2,PLK2
PLK,-2.5033333333333334,12,KRSA,0.8508863399374348,4,OTHER,PLK,PLK2,PLK3
PLK,-2.5033333333333334,12,KRSA,0.8508863399374348,4,OTHER,PLK,SAK,PLK4
PKA,3.3466666666666667,8,KRSA,0.9009384775808134,4,AGC,PKA,PKA,PRKACA
PKA,3.3466666666666667,8,KRSA,0.9009384775808134,4,AGC,PKA,PKA,PRKACB
PKA,3.3466666666666667,8,KRSA,0.9009384775808134,4,AGC,PKA,PKA,PRKACG
PKA,3.3466666666666667,8,KRSA,0.9009384775808134,4,AGC,PKA,PKA,PRKX
PKA,3.3466666666666667,8,KRSA,0.9009384775808134,4,AGC,PKA,PKA,PRKY
PKG,3.1791666666666667,9,KRSA,0.8884254431699687,4,AGC,PKG,PKG,PRKG1
PKG,3.1791666666666667,9,KRSA,0.8884254431699687,4,AGC,PKG,PKG,PRKG2
NMO,-2.4458333333333333,13,KRSA,0.8383733055265902,4,CMGC,MAPK,NMO,NLK
MST,-2.1366666666666667,14,KRSA,0.8258602711157456,4,STE,STE20,MST,STK3
MST,-2.1366666666666667,14,KRSA,0.8258602711157456,4,STE,STE20,MST,STK4
RAF,-1.8766666666666667,15,KRSA,0.8133472367049009,4,TKL,RAF,RAF,ARAF
RAF,-1.8766666666666667,15,KRSA,0.8133472367049009,4,TKL,RAF,RAF,BRAF
RAF,-1.8766666666666667,15,KRSA,0.8133472367049009,4,TKL,RAF,KSR,KSR1
RAF,-1.8766666666666667,15,KRSA,0.8133472367049009,4,TKL,RAF,KSR,KSR2
RAF,-1.8766666666666667,15,KRSA,0.8133472367049009,4,TKL,RAF,RAF,RAF1
FRAY,-1.3825,20,KRSA,0.7507820646506778,4,STE,STE20,FRAY,OXSR1
FRAY,-1.3825,20,KRSA,0.7507820646506778,4,STE,STE20,FRAY,STK39
PHK,-1.75,17,KRSA,0.7883211678832117,4,CAMK,PHK,PHK,PHKG1
PHK,-1.75,17,KRSA,0.7883211678832117,4,CAMK,PHK,PHK,PHKG2
STE7,-1.590833333333333,19,KRSA,0.7632950990615224,4,STE,STE7,MEK1,MAP2K1
STE7,-1.590833333333333,19,KRSA,0.7632950990615224,4,STE,STE7,MEK1,MAP2K2
STE7,-1.590833333333333,19,KRSA,0.7632950990615224,4,STE,STE7,MEK3,MAP2K3
STE7,-1.590833333333333,19,KRSA,0.7632950990615224,4,STE,STE7,MEK4,MAP2K4
STE7,-1.590833333333333,19,KRSA,0.7632950990615224,4,STE,STE7,MEK5,MAP2K5
STE7,-1.590833333333333,19,KRSA,0.7632950990615224,4,STE,STE7,MEK3,MAP2K6
STE7,-1.590833333333333,19,KRSA,0.7632950990615224,4,STE,STE7,MEK7,MAP2K7
CK1,-1.3091666666666666,23,KRSA,0.7132429614181439,3,CK1,CK1,CK1-A,CSNK1A1
CK1,-1.3091666666666666,23,KRSA,0.7132429614181439,3,CK1,CK1,CK1-A,CSNK1A1L
CK1,-1.3091666666666666,23,KRSA,0.7132429614181439,3,CK1,CK1,CK1-D,CSNK1D
CK1,-1.3091666666666666,23,KRSA,0.7132429614181439,3,CK1,CK1,CK1-D,CSNK1E
CK1,-1.3091666666666666,23,KRSA,0.7132429614181439,3,CK1,CK1,CK1-G,CSNK1G1
CK1,-1.3091666666666666,23,KRSA,0.7132429614181439,3,CK1,CK1,CK1-G,CSNK1G2
CK1,-1.3091666666666666,23,KRSA,0.7132429614181439,3,CK1,CK1,CK1-G,CSNK1G3
CK1,-1.3091666666666666,23,KRSA,0.7132429614181439,3,CK1,TTBK,TTBK,TTBK1
CK1,-1.3091666666666666,23,KRSA,0.7132429614181439,3,CK1,TTBK,TTBK,TTBK2
CK1,-1.3091666666666666,23,KRSA,0.7132429614181439,3,CK1,VRK,VRK,VRK3
RAD53,1.1975,28,KRSA,0.6506777893639207,3,CAMK,RAD53,RAD53,CHEK2
IRAK,-0.2725,66,KRSA,0.16266944734098018,1,TKL,IRAK,IRAK,IRAK1
IRAK,-0.2725,66,KRSA,0.16266944734098018,1,TKL,IRAK,IRAK,IRAK2
IRAK,-0.2725,66,KRSA,0.16266944734098018,1,TKL,IRAK,IRAK,IRAK3
IRAK,-0.2725,66,KRSA,0.16266944734098018,1,TKL,IRAK,IRAK,IRAK4
QIK,-1.6875,18,KRSA,0.7758081334723671,4,CAMK,CAMKL,QIK,SIK1
QIK,-1.6875,18,KRSA,0.7758081334723671,4,CAMK,CAMKL,QIK,SIK2
CAMK1,2.524166666666667,11,KRSA,0.8633993743482794,4,CAMK,CAMK1,CAMK1,CAMK1
CAMK1,2.524166666666667,11,KRSA,0.8633993743482794,4,CAMK,CAMK1,CAMK1,CAMK1D
CAMK1,2.524166666666667,11,KRSA,0.8633993743482794,4,CAMK,CAMK1,CAMK1,CAMK1G
CAMK1,2.524166666666667,11,KRSA,0.8633993743482794,4,CAMK,CAMK1,CAMK1,CAMK4
CAMK1,2.524166666666667,11,KRSA,0.8633993743482794,4,CAMK,CAMK1,CAMK1,PNCK
MTOR,-1.8033333333333332,16,KRSA,0.8008342022940563,4,ATYPICAL,PIKK,FRAP,MTOR
LKB,-1.3241666666666667,22,KRSA,0.7257559958289885,3,CAMK,CAMKL,LKB,STK11
AMPK,1.305,24,KRSA,0.7007299270072993,3,CAMK,CAMKL,AMPK,PRKAA1
AMPK,1.305,24,KRSA,0.7007299270072993,3,CAMK,CAMKL,AMPK,PRKAA2
RIPK,1.169166666666667,32,KRSA,0.6006256517205423,3,TKL,RIPK,RIPK,ANKK1
RIPK,1.169166666666667,32,KRSA,0.6006256517205423,3,TKL,RIPK,RIPK,RIPK1
RIPK,1.169166666666667,32,KRSA,0.6006256517205423,3,TKL,RIPK,RIPK,RIPK2
RIPK,1.169166666666667,32,KRSA,0.6006256517205423,3,TKL,RIPK,RIPK,RIPK3
RIPK,1.169166666666667,32,KRSA,0.6006256517205423,3,TKL,RIPK,RIPK,RIPK4
TLK,-1.1916666666666669,29,KRSA,0.6381647549530761,3,OTHER,TLK,TLK,TLK1
TLK,-1.1916666666666669,29,KRSA,0.6381647549530761,3,OTHER,TLK,TLK,TLK2
NUAK,-1.1841666666666666,31,KRSA,0.6131386861313869,3,CAMK,CAMKL,NUAK,NUAK1
NUAK,-1.1841666666666666,31,KRSA,0.6131386861313869,3,CAMK,CAMKL,NUAK,NUAK2
PAKB,-0.8191666666666666,46,KRSA,0.4129301355578728,2,STE,STE20,PAKB,PAK4
PAKB,-0.8191666666666666,46,KRSA,0.4129301355578728,2,STE,STE20,PAKB,PAK5
PAKB,-0.8191666666666666,46,KRSA,0.4129301355578728,2,STE,STE20,PAKB,PAK6
TTK,-1.1891666666666667,30,KRSA,0.6256517205422315,3,OTHER,TTK,TTK,TTK
GSK,-0.9616666666666668,35,KRSA,0.5630865484880083,3,CMGC,GSK,GSK,GSK3A
GSK,-0.9616666666666668,35,KRSA,0.5630865484880083,3,CMGC,GSK,GSK,GSK3B
HAL,0.8033333333333333,47,KRSA,0.40041710114702816,2,RGC,RGC,RGC,NPR1
MLCK,-0.3350000000000001,63,KRSA,0.20020855057351408,1,CAMK,MLCK,MLCK,MYLK
MLCK,-0.3350000000000001,63,KRSA,0.20020855057351408,1,CAMK,MLCK,MLCK,MYLK2
MLCK,-0.3350000000000001,63,KRSA,0.20020855057351408,1,CAMK,MLCK,MLCK,TTN
PKCH,-0.9558333333333332,36,KRSA,0.5505735140771637,3,AGC,PKC,ETA,PRKCE
PKCH,-0.9558333333333332,36,KRSA,0.5505735140771637,3,AGC,PKC,ETA,PRKCH
DMPK,-0.6308333333333334,52,KRSA,0.337851929092805,2,AGC,DMPK,GEK,CDC42BPA
DMPK,-0.6308333333333334,52,KRSA,0.337851929092805,2,AGC,DMPK,GEK,CDC42BPB
DMPK,-0.6308333333333334,52,KRSA,0.337851929092805,2,AGC,DMPK,GEK,CDC42BPG
DMPK,-0.6308333333333334,52,KRSA,0.337851929092805,2,AGC,DMPK,CRIK,CIT
DMPK,-0.6308333333333334,52,KRSA,0.337851929092805,2,AGC,DMPK,GEK,DMPK
DMPK,-0.6308333333333334,52,KRSA,0.337851929092805,2,AGC,DMPK,ROCK,ROCK1
DMPK,-0.6308333333333334,52,KRSA,0.337851929092805,2,AGC,DMPK,ROCK,ROCK2
MAPKAPK,0.3733333333333333,59,KRSA,0.2502606882168926,2,CAMK,MAPKAPK,MAPKAPK,MAPKAPK2
MAPKAPK,0.3733333333333333,59,KRSA,0.2502606882168926,2,CAMK,MAPKAPK,MAPKAPK,MAPKAPK3
MAPKAPK,0.3733333333333333,59,KRSA,0.2502606882168926,2,CAMK,MAPKAPK,MAPKAPK,MAPKAPK5
MAPKAPK,0.3733333333333333,59,KRSA,0.2502606882168926,2,CAMK,MAPKAPK,MNK,MKNK1
MAPKAPK,0.3733333333333333,59,KRSA,0.2502606882168926,2,CAMK,MAPKAPK,MNK,MKNK2
ATM,-0.6116666666666667,53,KRSA,0.32533889468196037,2,ATYPICAL,PIKK,ATM,ATM
KHS,-0.1449999999999999,73,KRSA,0.07507820646506778,1,STE,STE20,KHS,MAP4K1
KHS,-0.1449999999999999,73,KRSA,0.07507820646506778,1,STE,STE20,KHS,MAP4K2
KHS,-0.1449999999999999,73,KRSA,0.07507820646506778,1,STE,STE20,KHS,MAP4K3
KHS,-0.1449999999999999,73,KRSA,0.07507820646506778,1,STE,STE20,KHS,MAP4K5
SLK,-0.16666666666666663,72,KRSA,0.08759124087591241,1,STE,STE20,SLK,SLK
SLK,-0.16666666666666663,72,KRSA,0.08759124087591241,1,STE,STE20,SLK,STK10
WNK,-0.8391666666666666,41,KRSA,0.4880083420229406,2,OTHER,WNK,WNK,WNK1
WNK,-0.8391666666666666,41,KRSA,0.4880083420229406,2,OTHER,WNK,WNK,WNK2
WNK,-0.8391666666666666,41,KRSA,0.4880083420229406,2,OTHER,WNK,WNK,WNK3
WNK,-0.8391666666666666,41,KRSA,0.4880083420229406,2,OTHER,WNK,WNK,WNK4
SGK,0.08583333333333334,75,KRSA,0.05005213764337852,1,AGC,SGK,SGK,SGK1
SGK,0.08583333333333334,75,KRSA,0.05005213764337852,1,AGC,SGK,SGK,SGK2
SGK,0.08583333333333334,75,KRSA,0.05005213764337852,1,AGC,SGK,SGK,SGK3
NIK,-0.8383333333333334,42,KRSA,0.4629822732012513,2,STE,STE-UNIQUE,STE-UNIQUE,MAP3K14
ULK,-0.8241666666666666,44,KRSA,0.43795620437956206,2,OTHER,ULK,FUSED,STK36
ULK,-0.8241666666666666,44,KRSA,0.43795620437956206,2,OTHER,ULK,ULK,ULK1
ULK,-0.8241666666666666,44,KRSA,0.43795620437956206,2,OTHER,ULK,ULK,ULK2
ULK,-0.8241666666666666,44,KRSA,0.43795620437956206,2,OTHER,ULK,ULK,ULK3
ULK,-0.8241666666666666,44,KRSA,0.43795620437956206,2,OTHER,ULK,ULK,ULK4
BUD32,-0.8275,43,KRSA,0.4504692387904067,2,OTHER,BUD32,BUD32,TP53RK
CAMKK,-0.8233333333333334,45,KRSA,0.4254431699687174,2,OTHER,CAMKK,META,CAMKK1
CAMKK,-0.8233333333333334,45,KRSA,0.4254431699687174,2,OTHER,CAMKK,META,CAMKK2
CLK,-0.8383333333333334,42,KRSA,0.4629822732012513,2,CMGC,CLK,CLK,CLK1
CLK,-0.8383333333333334,42,KRSA,0.4629822732012513,2,CMGC,CLK,CLK,CLK2
CLK,-0.8383333333333334,42,KRSA,0.4629822732012513,2,CMGC,CLK,CLK,CLK3
CLK,-0.8383333333333334,42,KRSA,0.4629822732012513,2,CMGC,CLK,CLK,CLK4
GRK,0.45833333333333326,57,KRSA,0.27528675703858185,2,AGC,GRK,GRK,GRK1
GRK,0.45833333333333326,57,KRSA,0.27528675703858185,2,AGC,GRK,GRK,GRK4
GRK,0.45833333333333326,57,KRSA,0.27528675703858185,2,AGC,GRK,GRK,GRK5
GRK,0.45833333333333326,57,KRSA,0.27528675703858185,2,AGC,GRK,GRK,GRK6
GRK,0.45833333333333326,57,KRSA,0.27528675703858185,2,AGC,GRK,GRK,GRK7
TAO,0.17583333333333337,71,KRSA,0.10010427528675704,1,STE,STE20,TAO,TAOK1
TAO,0.17583333333333337,71,KRSA,0.10010427528675704,1,STE,STE20,TAO,TAOK2
TAO,0.17583333333333337,71,KRSA,0.10010427528675704,1,STE,STE20,TAO,TAOK3
MOS,-0.49583333333333335,55,KRSA,0.30031282586027114,2,OTHER,MOS,MOS,MOS
BRSK,0.04333333333333335,77,KRSA,0.02502606882168926,1,CAMK,CAMKL,BRSK,BRSK1
BRSK,0.04333333333333335,77,KRSA,0.02502606882168926,1,CAMK,CAMKL,BRSK,BRSK2
PASK,1.2475,26,KRSA,0.67570385818561,3,CAMK,CAMKL,PASK,PASK
MSN,0.3899999999999999,58,KRSA,0.26277372262773724,2,STE,STE20,MSN,MAP4K4
MSN,0.3899999999999999,58,KRSA,0.26277372262773724,2,STE,STE20,MSN,NRK
MSN,0.3899999999999999,58,KRSA,0.26277372262773724,2,STE,STE20,MSN,TNIK
PDHK,0.3358333333333333,62,KRSA,0.2127215849843587,1,ATYPICAL,PDHK,BCKDK,BCKDK
PDHK,0.3358333333333333,62,KRSA,0.2127215849843587,1,ATYPICAL,PDHK,PDHK,PDK2
PDHK,0.3358333333333333,62,KRSA,0.2127215849843587,1,ATYPICAL,PDHK,PDHK,PDK3
PDHK,0.3358333333333333,62,KRSA,0.2127215849843587,1,ATYPICAL,PDHK,PDHK,PDK4
STE11,-0.7233333333333333,48,KRSA,0.38790406673618355,2,TKL,MLK,TAK1,MAP3K7
STE11,-0.7233333333333333,48,KRSA,0.38790406673618355,2,STE,STE11,MEKK1,MAP3K1
STE11,-0.7233333333333333,48,KRSA,0.38790406673618355,2,STE,STE11,ASK,MAP3K15
STE11,-0.7233333333333333,48,KRSA,0.38790406673618355,2,STE,STE11,MEKK2,MAP3K2
STE11,-0.7233333333333333,48,KRSA,0.38790406673618355,2,STE,STE11,MEKK2,MAP3K3
STE11,-0.7233333333333333,48,KRSA,0.38790406673618355,2,STE,STE11,MEKK4,MAP3K4
STE11,-0.7233333333333333,48,KRSA,0.38790406673618355,2,STE,STE11,ASK,MAP3K5
STE11,-0.7233333333333333,48,KRSA,0.38790406673618355,2,STE,STE11,ASK,MAP3K6
PRKDC,-1.2916666666666667,25,KRSA,0.6882168925964547,3,ATYPICAL,PIKK,DNAPK,PRKDC
RSK,0.905,37,KRSA,0.5380604796663191,3,AGC,RSK,RSK,RPS6KA1
RSK,0.905,37,KRSA,0.5380604796663191,3,AGC,RSK,RSK,RPS6KA2
RSK,0.905,37,KRSA,0.5380604796663191,3,AGC,RSK,RSK,RPS6KA3
RSK,0.905,37,KRSA,0.5380604796663191,3,AGC,RSK,MSK,RPS6KA4
RSK,0.905,37,KRSA,0.5380604796663191,3,AGC,RSK,MSK,RPS6KA5
RSK,0.905,37,KRSA,0.5380604796663191,3,AGC,RSK,RSK,RPS6KA6
RSK,0.905,37,KRSA,0.5380604796663191,3,AGC,RSK,P70,RPS6KB1
RSK,0.905,37,KRSA,0.5380604796663191,3,AGC,RSK,P70,RPS6KB2
AUR,0.18666666666666668,70,KRSA,0.11261730969760167,1,OTHER,AUR,AUR,AURKA
AUR,0.18666666666666668,70,KRSA,0.11261730969760167,1,OTHER,AUR,AUR,AURKB
AUR,0.18666666666666668,70,KRSA,0.11261730969760167,1,OTHER,AUR,AUR,AURKC
MLK,-0.30499999999999994,65,KRSA,0.17518248175182483,1,TKL,MLK,ILK,ILK
MLK,-0.30499999999999994,65,KRSA,0.17518248175182483,1,TKL,MLK,MLK,MAP3K10
MLK,-0.30499999999999994,65,KRSA,0.17518248175182483,1,TKL,MLK,MLK,MAP3K11
MLK,-0.30499999999999994,65,KRSA,0.17518248175182483,1,TKL,MLK,LZK,MAP3K12
MLK,-0.30499999999999994,65,KRSA,0.17518248175182483,1,TKL,MLK,LZK,MAP3K13
MLK,-0.30499999999999994,65,KRSA,0.17518248175182483,1,TKL,MLK,MLK,MAP3K9
MLK,-0.30499999999999994,65,KRSA,0.17518248175182483,1,TKL,MLK,HH498,TNNI3K
PKCI,1.0533333333333337,33,KRSA,0.5881126173096975,3,AGC,PKC,IOTA,PRKCI
PKCI,1.0533333333333337,33,KRSA,0.5881126173096975,3,AGC,PKC,IOTA,PRKCZ
DAPK,-0.8791666666666667,39,KRSA,0.5130344108446299,3,CAMK,DAPK,DAPK,DAPK1
DAPK,-0.8791666666666667,39,KRSA,0.5130344108446299,3,CAMK,DAPK,DAPK,DAPK2
DAPK,-0.8791666666666667,39,KRSA,0.5130344108446299,3,CAMK,DAPK,DAPK,DAPK3
DAPK,-0.8791666666666667,39,KRSA,0.5130344108446299,3,CAMK,DAPK,DRAK,STK17A
DAPK,-0.8791666666666667,39,KRSA,0.5130344108446299,3,CAMK,DAPK,DRAK,STK17B
PKCD,1.2083333333333333,27,KRSA,0.6631908237747653,3,AGC,PKC,DELTA,PRKCD
PKCD,1.2083333333333333,27,KRSA,0.6631908237747653,3,AGC,PKC,DELTA,PRKCQ
PIM,0.5358333333333333,54,KRSA,0.31282586027111575,2,CAMK,PIM,PIM,PIM1
PIM,0.5358333333333333,54,KRSA,0.31282586027111575,2,CAMK,PIM,PIM,PIM2
PIM,0.5358333333333333,54,KRSA,0.31282586027111575,2,CAMK,PIM,PIM,PIM3
CAMK2,0.7225,49,KRSA,0.3753910323253389,2,CAMK,CAMK2,CAMK2,CAMK2A
CAMK2,0.7225,49,KRSA,0.3753910323253389,2,CAMK,CAMK2,CAMK2,CAMK2B
CAMK2,0.7225,49,KRSA,0.3753910323253389,2,CAMK,CAMK2,CAMK2,CAMK2D
CAMK2,0.7225,49,KRSA,0.3753910323253389,2,CAMK,CAMK2,CAMK2,CAMK2G
PKD,0.8883333333333333,38,KRSA,0.5255474452554745,3,CAMK,PKD,PKD,PRKD1
PKD,0.8883333333333333,38,KRSA,0.5255474452554745,3,CAMK,PKD,PKD,PRKD2
PKD,0.8883333333333333,38,KRSA,0.5255474452554745,3,CAMK,PKD,PKD,PRKD3
NDR,0.01333333333333335,79,KRSA,0,1,AGC,NDR,NDR,LATS1
NDR,0.01333333333333335,79,KRSA,0,1,AGC,NDR,NDR,LATS2
NDR,0.01333333333333335,79,KRSA,0,1,AGC,NDR,NDR,STK38
NDR,0.01333333333333335,79,KRSA,0,1,AGC,NDR,NDR,STK38L
COT,-0.09000000000000002,74,KRSA,0.06256517205422316,1,STE,STE-UNIQUE,STE-UNIQUE,MAP3K8
PAKA,0.8458333333333334,40,KRSA,0.5005213764337852,3,STE,STE20,PAKA,PAK1
PAKA,0.8458333333333334,40,KRSA,0.5005213764337852,3,STE,STE20,PAKA,PAK2
PAKA,0.8458333333333334,40,KRSA,0.5005213764337852,3,STE,STE20,PAKA,PAK3
BARK2,-0.3383333333333333,61,KRSA,0.22523461939520334,1,AGC,GRK,BARK,GRK3
ATR,-1.3758333333333332,21,KRSA,0.7382690302398331,3,ATYPICAL,PIKK,ATR,ATR
NEK,-0.32416666666666666,64,KRSA,0.18769551616266944,1,OTHER,NEK,NEK11,NEK11
NEK,-0.32416666666666666,64,KRSA,0.18769551616266944,1,OTHER,NEK,NEK2,NEK2
NEK,-0.32416666666666666,64,KRSA,0.18769551616266944,1,OTHER,NEK,NEK1,NEK3
NEK,-0.32416666666666666,64,KRSA,0.18769551616266944,1,OTHER,NEK,NEK4,NEK4
NEK,-0.32416666666666666,64,KRSA,0.18769551616266944,1,OTHER,NEK,NEK1,NEK5
NEK,-0.32416666666666666,64,KRSA,0.18769551616266944,1,OTHER,NEK,NEK6,NEK6
NEK,-0.32416666666666666,64,KRSA,0.18769551616266944,1,OTHER,NEK,NEK6,NEK7
NEK,-0.32416666666666666,64,KRSA,0.18769551616266944,1,OTHER,NEK,NEK8,NEK8
NEK,-0.32416666666666666,64,KRSA,0.18769551616266944,1,OTHER,NEK,NEK8,NEK9
IKK,-0.67,51,KRSA,0.35036496350364965,2,OTHER,IKK,IKK,CHUK
IKK,-0.67,51,KRSA,0.35036496350364965,2,OTHER,IKK,IKK,IKBKB
IKK,-0.67,51,KRSA,0.35036496350364965,2,OTHER,IKK,IKK,IKBKE
IKK,-0.67,51,KRSA,0.35036496350364965,2,OTHER,IKK,IKK,TBK1
AKT,-0.04333333333333331,78,KRSA,0.01251303441084463,1,AGC,AKT,AKT,AKT1
AKT,-0.04333333333333331,78,KRSA,0.01251303441084463,1,AGC,AKT,AKT,AKT2
AKT,-0.04333333333333331,78,KRSA,0.01251303441084463,1,AGC,AKT,AKT,AKT3
VRK1,-1.035,34,KRSA,0.5755995828988529,3,CK1,VRK,VRK,VRK1
MELK,-0.3683333333333333,60,KRSA,0.23774765380604795,1,CAMK,CAMKL,MELK,MELK
STKR,-0.06833333333333336,76,KRSA,0.03753910323253389,1,TKL,STKR,TYPE1,ACVR1
STKR,-0.06833333333333336,76,KRSA,0.03753910323253389,1,TKL,STKR,TYPE1,ACVR1B
STKR,-0.06833333333333336,76,KRSA,0.03753910323253389,1,TKL,STKR,TYPE1,ACVR1C
STKR,-0.06833333333333336,76,KRSA,0.03753910323253389,1,TKL,STKR,TYPE2,ACVR2A
STKR,-0.06833333333333336,76,KRSA,0.03753910323253389,1,TKL,STKR,TYPE2,ACVR2B
STKR,-0.06833333333333336,76,KRSA,0.03753910323253389,1,TKL,STKR,TYPE1,ACVRL1
STKR,-0.06833333333333336,76,KRSA,0.03753910323253389,1,TKL,STKR,TYPE2,AMHR2
STKR,-0.06833333333333336,76,KRSA,0.03753910323253389,1,TKL,STKR,TYPE1,BMPR1A
STKR,-0.06833333333333336,76,KRSA,0.03753910323253389,1,TKL,STKR,TYPE1,BMPR1B
STKR,-0.06833333333333336,76,KRSA,0.03753910323253389,1,TKL,STKR,TYPE2,BMPR2
STKR,-0.06833333333333336,76,KRSA,0.03753910323253389,1,TKL,STKR,TYPE1,TGFBR1
STKR,-0.06833333333333336,76,KRSA,0.03753910323253389,1,TKL,STKR,TYPE2,TGFBR2
CK2,0.21166666666666664,68,KRSA,0.13764337851929093,1,CMGC,CK2,CK2,CSNK2A1
CK2,0.21166666666666664,68,KRSA,0.13764337851929093,1,CMGC,CK2,CK2,CSNK2A2
CK2,0.21166666666666664,68,KRSA,0.13764337851929093,1,NA,NA,NA,CSNK2A3
CHK1,0.2441666666666667,67,KRSA,0.15015641293013557,1,CAMK,CAMKL,CHK1,CHEK1
NAK,-0.205,69,KRSA,0.1251303441084463,1,OTHER,NAK,BIKE,AAK1
NAK,-0.205,69,KRSA,0.1251303441084463,1,OTHER,NAK,BIKE,BMP2K
NAK,-0.205,69,KRSA,0.1251303441084463,1,OTHER,NAK,GAK,GAK
NAK,-0.205,69,KRSA,0.1251303441084463,1,OTHER,NAK,MPSK,STK16
PKN,-0.7191666666666666,50,KRSA,0.36287799791449427,2,AGC,PKN,PKN,PKN1
PKN,-0.7191666666666666,50,KRSA,0.36287799791449427,2,AGC,PKN,PKN,PKN2
PKN,-0.7191666666666666,50,KRSA,0.36287799791449427,2,AGC,PKN,PKN,PKN3
DYRK,-4.251666666666667,2,KRSA,0.9760166840458812,4,CMGC,DYRK,DYRK1,DYRK1A
DYRK,-4.251666666666667,2,KRSA,0.9760166840458812,4,CMGC,DYRK,DYRK1,DYRK1B
DYRK,-4.251666666666667,2,KRSA,0.9760166840458812,4,CMGC,DYRK,DYRK2,DYRK2
DYRK,-4.251666666666667,2,KRSA,0.9760166840458812,4,CMGC,DYRK,DYRK2,DYRK3
DYRK,-4.251666666666667,2,KRSA,0.9760166840458812,4,CMGC,DYRK,DYRK2,DYRK4
DYRK,-4.251666666666667,2,KRSA,0.9760166840458812,4,CMGC,DYRK,HIPK,HIPK1
DYRK,-4.251666666666667,2,KRSA,0.9760166840458812,4,CMGC,DYRK,HIPK,HIPK2
DYRK,-4.251666666666667,2,KRSA,0.9760166840458812,4,CMGC,DYRK,HIPK,HIPK3
DYRK,-4.251666666666667,2,KRSA,0.9760166840458812,4,CMGC,DYRK,HIPK,HIPK4
DYRK,-4.251666666666667,2,KRSA,0.9760166840458812,4,CMGC,DYRK,PRP4,PRPF4B
ERK,-4.4191666666666665,1,KRSA,0.9885297184567258,4,CMGC,MAPK,ERK1,MAPK1
ERK,-4.4191666666666665,1,KRSA,0.9885297184567258,4,CMGC,MAPK,ERK7,MAPK15
ERK,-4.4191666666666665,1,KRSA,0.9885297184567258,4,CMGC,MAPK,ERK1,MAPK3
ERK,-4.4191666666666665,1,KRSA,0.9885297184567258,4,CMGC,MAPK,ERK3,MAPK4
ERK,-4.4191666666666665,1,KRSA,0.9885297184567258,4,CMGC,MAPK,ERK3,MAPK6
ERK,-4.4191666666666665,1,KRSA,0.9885297184567258,4,CMGC,MAPK,ERK5,MAPK7
CDK,-3.8791666666666664,4,KRSA,0.9509906152241918,4,CMGC,CDK,CDC2,CDK1
CDK,-3.8791666666666664,4,KRSA,0.9509906152241918,4,CMGC,CDK,CDK10,CDK10
CDK,-3.8791666666666664,4,KRSA,0.9509906152241918,4,CMGC,CDK,CRK7,CDK12
CDK,-3.8791666666666664,4,KRSA,0.9509906152241918,4,CMGC,CDK,CRK7,CDK13
CDK,-3.8791666666666664,4,KRSA,0.9509906152241918,4,CMGC,CDK,PFTAIRE,CDK14
CDK,-3.8791666666666664,4,KRSA,0.9509906152241918,4,CMGC,CDK,PFTAIRE,CDK15
CDK,-3.8791666666666664,4,KRSA,0.9509906152241918,4,CMGC,CDK,PCTAIRE,CDK16
CDK,-3.8791666666666664,4,KRSA,0.9509906152241918,4,CMGC,CDK,PCTAIRE,CDK17
CDK,-3.8791666666666664,4,KRSA,0.9509906152241918,4,CMGC,CDK,PCTAIRE,CDK18
CDK,-3.8791666666666664,4,KRSA,0.9509906152241918,4,CMGC,CDK,CDK8,CDK19
CDK,-3.8791666666666664,4,KRSA,0.9509906152241918,4,CMGC,CDK,CDC2,CDK2
CDK,-3.8791666666666664,4,KRSA,0.9509906152241918,4,CMGC,CDK,CCRK,CDK20
CDK,-3.8791666666666664,4,KRSA,0.9509906152241918,4,CMGC,CDK,CDC2,CDK3
CDK,-3.8791666666666664,4,KRSA,0.9509906152241918,4,CMGC,CDK,CDK4,CDK4
CDK,-3.8791666666666664,4,KRSA,0.9509906152241918,4,CMGC,CDK,CDK5,CDK5
CDK,-3.8791666666666664,4,KRSA,0.9509906152241918,4,CMGC,CDK,CDK4,CDK6
CDK,-3.8791666666666664,4,KRSA,0.9509906152241918,4,CMGC,CDK,CDK7,CDK7
CDK,-3.8791666666666664,4,KRSA,0.9509906152241918,4,CMGC,CDK,CDK8,CDK8
CDK,-3.8791666666666664,4,KRSA,0.9509906152241918,4,CMGC,CDK,CDK9,CDK9
CDK,-3.8791666666666664,4,KRSA,0.9509906152241918,4,NA,NA,NA,CDK11A
CDK,-3.8791666666666664,4,KRSA,0.9509906152241918,4,NA,NA,NA,CDK11B
PDK1,-3.865833333333333,5,KRSA,0.9384775808133472,4,ATYPICAL,PDHK,PDHK,PDK1
PDK1,-3.865833333333333,5,KRSA,0.9384775808133472,4,AGC,PDK1,PDK1,PDPK1
PKA,3.3466666666666667,8,KRSA,0.9009384775808134,4,AGC,PKA,PKA,PRKACA
PKA,3.3466666666666667,8,KRSA,0.9009384775808134,4,AGC,PKA,PKA,PRKACB
PKA,3.3466666666666667,8,KRSA,0.9009384775808134,4,AGC,PKA,PKA,PRKACG
PKA,3.3466666666666667,8,KRSA,0.9009384775808134,4,AGC,PKA,PKA,PRKX
PKA,3.3466666666666667,8,KRSA,0.9009384775808134,4,AGC,PKA,PKA,PRKY
PEK,-3.3825,7,KRSA,0.913451511991658,4,OTHER,PEK,HRI,EIF2AK1
PEK,-3.3825,7,KRSA,0.913451511991658,4,OTHER,PEK,PKR,EIF2AK2
PEK,-3.3825,7,KRSA,0.913451511991658,4,OTHER,PEK,PEK,EIF2AK3
PEK,-3.3825,7,KRSA,0.913451511991658,4,OTHER,PEK,GCN2,EIF2AK4
JNK,-3.9183333333333334,3,KRSA,0.9635036496350365,4,CMGC,MAPK,JNK,MAPK10
JNK,-3.9183333333333334,3,KRSA,0.9635036496350365,4,CMGC,MAPK,JNK,MAPK8
JNK,-3.9183333333333334,3,KRSA,0.9635036496350365,4,CMGC,MAPK,JNK,MAPK9
PLK,-2.5033333333333334,12,KRSA,0.8508863399374348,4,NA,NA,NA,PLK5
PLK,-2.5033333333333334,12,KRSA,0.8508863399374348,4,OTHER,PLK,PLK1,PLK1
PLK,-2.5033333333333334,12,KRSA,0.8508863399374348,4,OTHER,PLK,PLK2,PLK2
PLK,-2.5033333333333334,12,KRSA,0.8508863399374348,4,OTHER,PLK,PLK2,PLK3
PLK,-2.5033333333333334,12,KRSA,0.8508863399374348,4,OTHER,PLK,SAK,PLK4
PKCA,-2.8325,10,KRSA,0.8759124087591241,4,AGC,PKC,ALPHA,PRKCA
PKCA,-2.8325,10,KRSA,0.8759124087591241,4,AGC,PKC,ALPHA,PRKCB
PKCA,-2.8325,10,KRSA,0.8759124087591241,4,AGC,PKC,ALPHA,PRKCG
PKG,3.1791666666666667,9,KRSA,0.8884254431699687,4,AGC,PKG,PKG,PRKG1
PKG,3.1791666666666667,9,KRSA,0.8884254431699687,4,AGC,PKG,PKG,PRKG2
CAMK1,2.524166666666667,11,KRSA,0.8633993743482794,4,CAMK,CAMK1,CAMK1,CAMK1
CAMK1,2.524166666666667,11,KRSA,0.8633993743482794,4,CAMK,CAMK1,CAMK1,CAMK1D
CAMK1,2.524166666666667,11,KRSA,0.8633993743482794,4,CAMK,CAMK1,CAMK1,CAMK1G
CAMK1,2.524166666666667,11,KRSA,0.8633993743482794,4,CAMK,CAMK1,CAMK1,CAMK4
CAMK1,2.524166666666667,11,KRSA,0.8633993743482794,4,CAMK,CAMK1,CAMK1,PNCK
P38,-3.43,6,KRSA,0.9259645464025026,4,CMGC,MAPK,P38,MAPK11
P38,-3.43,6,KRSA,0.9259645464025026,4,CMGC,MAPK,P38,MAPK12
P38,-3.43,6,KRSA,0.9259645464025026,4,CMGC,MAPK,P38,MAPK13
P38,-3.43,6,KRSA,0.9259645464025026,4,CMGC,MAPK,P38,MAPK14
RAF,-1.8766666666666667,15,KRSA,0.8133472367049009,4,TKL,RAF,RAF,ARAF
RAF,-1.8766666666666667,15,KRSA,0.8133472367049009,4,TKL,RAF,RAF,BRAF
RAF,-1.8766666666666667,15,KRSA,0.8133472367049009,4,TKL,RAF,KSR,KSR1
RAF,-1.8766666666666667,15,KRSA,0.8133472367049009,4,TKL,RAF,KSR,KSR2
RAF,-1.8766666666666667,15,KRSA,0.8133472367049009,4,TKL,RAF,RAF,RAF1
RIPK,1.169166666666667,32,KRSA,0.6006256517205423,3,TKL,RIPK,RIPK,ANKK1
RIPK,1.169166666666667,32,KRSA,0.6006256517205423,3,TKL,RIPK,RIPK,RIPK1
RIPK,1.169166666666667,32,KRSA,0.6006256517205423,3,TKL,RIPK,RIPK,RIPK2
RIPK,1.169166666666667,32,KRSA,0.6006256517205423,3,TKL,RIPK,RIPK,RIPK3
RIPK,1.169166666666667,32,KRSA,0.6006256517205423,3,TKL,RIPK,RIPK,RIPK4
NMO,-2.4458333333333333,13,KRSA,0.8383733055265902,4,CMGC,MAPK,NMO,NLK
MST,-2.1366666666666667,14,KRSA,0.8258602711157456,4,STE,STE20,MST,STK3
MST,-2.1366666666666667,14,KRSA,0.8258602711157456,4,STE,STE20,MST,STK4
PHK,-1.75,17,KRSA,0.7883211678832117,4,CAMK,PHK,PHK,PHKG1
PHK,-1.75,17,KRSA,0.7883211678832117,4,CAMK,PHK,PHK,PHKG2
FRAY,-1.3825,20,KRSA,0.7507820646506778,4,STE,STE20,FRAY,OXSR1
FRAY,-1.3825,20,KRSA,0.7507820646506778,4,STE,STE20,FRAY,STK39
HAL,0.8033333333333333,47,KRSA,0.40041710114702816,2,RGC,RGC,RGC,NPR1
MLK,-0.30499999999999994,65,KRSA,0.17518248175182483,1,TKL,MLK,ILK,ILK
MLK,-0.30499999999999994,65,KRSA,0.17518248175182483,1,TKL,MLK,MLK,MAP3K10
MLK,-0.30499999999999994,65,KRSA,0.17518248175182483,1,TKL,MLK,MLK,MAP3K11
MLK,-0.30499999999999994,65,KRSA,0.17518248175182483,1,TKL,MLK,LZK,MAP3K12
MLK,-0.30499999999999994,65,KRSA,0.17518248175182483,1,TKL,MLK,LZK,MAP3K13
MLK,-0.30499999999999994,65,KRSA,0.17518248175182483,1,TKL,MLK,MLK,MAP3K9
MLK,-0.30499999999999994,65,KRSA,0.17518248175182483,1,TKL,MLK,HH498,TNNI3K
CK1,-1.3091666666666666,23,KRSA,0.7132429614181439,3,CK1,CK1,CK1-A,CSNK1A1
CK1,-1.3091666666666666,23,KRSA,0.7132429614181439,3,CK1,CK1,CK1-A,CSNK1A1L
CK1,-1.3091666666666666,23,KRSA,0.7132429614181439,3,CK1,CK1,CK1-D,CSNK1D
CK1,-1.3091666666666666,23,KRSA,0.7132429614181439,3,CK1,CK1,CK1-D,CSNK1E
CK1,-1.3091666666666666,23,KRSA,0.7132429614181439,3,CK1,CK1,CK1-G,CSNK1G1
CK1,-1.3091666666666666,23,KRSA,0.7132429614181439,3,CK1,CK1,CK1-G,CSNK1G2
CK1,-1.3091666666666666,23,KRSA,0.7132429614181439,3,CK1,CK1,CK1-G,CSNK1G3
CK1,-1.3091666666666666,23,KRSA,0.7132429614181439,3,CK1,TTBK,TTBK,TTBK1
CK1,-1.3091666666666666,23,KRSA,0.7132429614181439,3,CK1,TTBK,TTBK,TTBK2
CK1,-1.3091666666666666,23,KRSA,0.7132429614181439,3,CK1,VRK,VRK,VRK3
AMPK,1.305,24,KRSA,0.7007299270072993,3,CAMK,CAMKL,AMPK,PRKAA1
AMPK,1.305,24,KRSA,0.7007299270072993,3,CAMK,CAMKL,AMPK,PRKAA2
QIK,-1.6875,18,KRSA,0.7758081334723671,4,CAMK,CAMKL,QIK,SIK1
QIK,-1.6875,18,KRSA,0.7758081334723671,4,CAMK,CAMKL,QIK,SIK2
RAD53,1.1975,28,KRSA,0.6506777893639207,3,CAMK,RAD53,RAD53,CHEK2
PKCD,1.2083333333333333,27,KRSA,0.6631908237747653,3,AGC,PKC,DELTA,PRKCD
PKCD,1.2083333333333333,27,KRSA,0.6631908237747653,3,AGC,PKC,DELTA,PRKCQ
MSN,0.3899999999999999,58,KRSA,0.26277372262773724,2,STE,STE20,MSN,MAP4K4
MSN,0.3899999999999999,58,KRSA,0.26277372262773724,2,STE,STE20,MSN,NRK
MSN,0.3899999999999999,58,KRSA,0.26277372262773724,2,STE,STE20,MSN,TNIK
TLK,-1.1916666666666669,29,KRSA,0.6381647549530761,3,OTHER,TLK,TLK,TLK1
TLK,-1.1916666666666669,29,KRSA,0.6381647549530761,3,OTHER,TLK,TLK,TLK2
PAKB,-0.8191666666666666,46,KRSA,0.4129301355578728,2,STE,STE20,PAKB,PAK4
PAKB,-0.8191666666666666,46,KRSA,0.4129301355578728,2,STE,STE20,PAKB,PAK5
PAKB,-0.8191666666666666,46,KRSA,0.4129301355578728,2,STE,STE20,PAKB,PAK6
TTK,-1.1891666666666667,30,KRSA,0.6256517205422315,3,OTHER,TTK,TTK,TTK
NUAK,-1.1841666666666666,31,KRSA,0.6131386861313869,3,CAMK,CAMKL,NUAK,NUAK1
NUAK,-1.1841666666666666,31,KRSA,0.6131386861313869,3,CAMK,CAMKL,NUAK,NUAK2
STE7,-1.590833333333333,19,KRSA,0.7632950990615224,4,STE,STE7,MEK1,MAP2K1
STE7,-1.590833333333333,19,KRSA,0.7632950990615224,4,STE,STE7,MEK1,MAP2K2
STE7,-1.590833333333333,19,KRSA,0.7632950990615224,4,STE,STE7,MEK3,MAP2K3
STE7,-1.590833333333333,19,KRSA,0.7632950990615224,4,STE,STE7,MEK4,MAP2K4
STE7,-1.590833333333333,19,KRSA,0.7632950990615224,4,STE,STE7,MEK5,MAP2K5
STE7,-1.590833333333333,19,KRSA,0.7632950990615224,4,STE,STE7,MEK3,MAP2K6
STE7,-1.590833333333333,19,KRSA,0.7632950990615224,4,STE,STE7,MEK7,MAP2K7
IRAK,-0.2725,66,KRSA,0.16266944734098018,1,TKL,IRAK,IRAK,IRAK1
IRAK,-0.2725,66,KRSA,0.16266944734098018,1,TKL,IRAK,IRAK,IRAK2
IRAK,-0.2725,66,KRSA,0.16266944734098018,1,TKL,IRAK,IRAK,IRAK3
IRAK,-0.2725,66,KRSA,0.16266944734098018,1,TKL,IRAK,IRAK,IRAK4
BRSK,0.04333333333333335,77,KRSA,0.02502606882168926,1,CAMK,CAMKL,BRSK,BRSK1
BRSK,0.04333333333333335,77,KRSA,0.02502606882168926,1,CAMK,CAMKL,BRSK,BRSK2
LKB,-1.3241666666666667,22,KRSA,0.7257559958289885,3,CAMK,CAMKL,LKB,STK11
TAO,0.17583333333333337,71,KRSA,0.10010427528675704,1,STE,STE20,TAO,TAOK1
TAO,0.17583333333333337,71,KRSA,0.10010427528675704,1,STE,STE20,TAO,TAOK2
TAO,0.17583333333333337,71,KRSA,0.10010427528675704,1,STE,STE20,TAO,TAOK3
PASK,1.2475,26,KRSA,0.67570385818561,3,CAMK,CAMKL,PASK,PASK
GRK,0.45833333333333326,57,KRSA,0.27528675703858185,2,AGC,GRK,GRK,GRK1
GRK,0.45833333333333326,57,KRSA,0.27528675703858185,2,AGC,GRK,GRK,GRK4
GRK,0.45833333333333326,57,KRSA,0.27528675703858185,2,AGC,GRK,GRK,GRK5
GRK,0.45833333333333326,57,KRSA,0.27528675703858185,2,AGC,GRK,GRK,GRK6
GRK,0.45833333333333326,57,KRSA,0.27528675703858185,2,AGC,GRK,GRK,GRK7
ATR,-1.3758333333333332,21,KRSA,0.7382690302398331,3,ATYPICAL,PIKK,ATR,ATR
STE11,-0.7233333333333333,48,KRSA,0.38790406673618355,2,TKL,MLK,TAK1,MAP3K7
STE11,-0.7233333333333333,48,KRSA,0.38790406673618355,2,STE,STE11,MEKK1,MAP3K1
STE11,-0.7233333333333333,48,KRSA,0.38790406673618355,2,STE,STE11,ASK,MAP3K15
STE11,-0.7233333333333333,48,KRSA,0.38790406673618355,2,STE,STE11,MEKK2,MAP3K2
STE11,-0.7233333333333333,48,KRSA,0.38790406673618355,2,STE,STE11,MEKK2,MAP3K3
STE11,-0.7233333333333333,48,KRSA,0.38790406673618355,2,STE,STE11,MEKK4,MAP3K4
STE11,-0.7233333333333333,48,KRSA,0.38790406673618355,2,STE,STE11,ASK,MAP3K5
STE11,-0.7233333333333333,48,KRSA,0.38790406673618355,2,STE,STE11,ASK,MAP3K6
MTOR,-1.8033333333333332,16,KRSA,0.8008342022940563,4,ATYPICAL,PIKK,FRAP,MTOR
MOS,-0.49583333333333335,55,KRSA,0.30031282586027114,2,OTHER,MOS,MOS,MOS
NIK,-0.8383333333333334,42,KRSA,0.4629822732012513,2,STE,STE-UNIQUE,STE-UNIQUE,MAP3K14
BUD32,-0.8275,43,KRSA,0.4504692387904067,2,OTHER,BUD32,BUD32,TP53RK
WNK,-0.8391666666666666,41,KRSA,0.4880083420229406,2,OTHER,WNK,WNK,WNK1
WNK,-0.8391666666666666,41,KRSA,0.4880083420229406,2,OTHER,WNK,WNK,WNK2
WNK,-0.8391666666666666,41,KRSA,0.4880083420229406,2,OTHER,WNK,WNK,WNK3
WNK,-0.8391666666666666,41,KRSA,0.4880083420229406,2,OTHER,WNK,WNK,WNK4
CLK,-0.8383333333333334,42,KRSA,0.4629822732012513,2,CMGC,CLK,CLK,CLK1
CLK,-0.8383333333333334,42,KRSA,0.4629822732012513,2,CMGC,CLK,CLK,CLK2
CLK,-0.8383333333333334,42,KRSA,0.4629822732012513,2,CMGC,CLK,CLK,CLK3
CLK,-0.8383333333333334,42,KRSA,0.4629822732012513,2,CMGC,CLK,CLK,CLK4
KHS,-0.1449999999999999,73,KRSA,0.07507820646506778,1,STE,STE20,KHS,MAP4K1
KHS,-0.1449999999999999,73,KRSA,0.07507820646506778,1,STE,STE20,KHS,MAP4K2
KHS,-0.1449999999999999,73,KRSA,0.07507820646506778,1,STE,STE20,KHS,MAP4K3
KHS,-0.1449999999999999,73,KRSA,0.07507820646506778,1,STE,STE20,KHS,MAP4K5
SLK,-0.16666666666666663,72,KRSA,0.08759124087591241,1,STE,STE20,SLK,SLK
SLK,-0.16666666666666663,72,KRSA,0.08759124087591241,1,STE,STE20,SLK,STK10
ULK,-0.8241666666666666,44,KRSA,0.43795620437956206,2,OTHER,ULK,FUSED,STK36
ULK,-0.8241666666666666,44,KRSA,0.43795620437956206,2,OTHER,ULK,ULK,ULK1
ULK,-0.8241666666666666,44,KRSA,0.43795620437956206,2,OTHER,ULK,ULK,ULK2
ULK,-0.8241666666666666,44,KRSA,0.43795620437956206,2,OTHER,ULK,ULK,ULK3
ULK,-0.8241666666666666,44,KRSA,0.43795620437956206,2,OTHER,ULK,ULK,ULK4
CAMKK,-0.8233333333333334,45,KRSA,0.4254431699687174,2,OTHER,CAMKK,META,CAMKK1
CAMKK,-0.8233333333333334,45,KRSA,0.4254431699687174,2,OTHER,CAMKK,META,CAMKK2
BARK2,-0.3383333333333333,61,KRSA,0.22523461939520334,1,AGC,GRK,BARK,GRK3
VRK1,-1.035,34,KRSA,0.5755995828988529,3,CK1,VRK,VRK,VRK1
PRKDC,-1.2916666666666667,25,KRSA,0.6882168925964547,3,ATYPICAL,PIKK,DNAPK,PRKDC
ATM,-0.6116666666666667,53,KRSA,0.32533889468196037,2,ATYPICAL,PIKK,ATM,ATM
STKR,-0.06833333333333336,76,KRSA,0.03753910323253389,1,TKL,STKR,TYPE1,ACVR1
STKR,-0.06833333333333336,76,KRSA,0.03753910323253389,1,TKL,STKR,TYPE1,ACVR1B
STKR,-0.06833333333333336,76,KRSA,0.03753910323253389,1,TKL,STKR,TYPE1,ACVR1C
STKR,-0.06833333333333336,76,KRSA,0.03753910323253389,1,TKL,STKR,TYPE2,ACVR2A
STKR,-0.06833333333333336,76,KRSA,0.03753910323253389,1,TKL,STKR,TYPE2,ACVR2B
STKR,-0.06833333333333336,76,KRSA,0.03753910323253389,1,TKL,STKR,TYPE1,ACVRL1
STKR,-0.06833333333333336,76,KRSA,0.03753910323253389,1,TKL,STKR,TYPE2,AMHR2
STKR,-0.06833333333333336,76,KRSA,0.03753910323253389,1,TKL,STKR,TYPE1,BMPR1A
STKR,-0.06833333333333336,76,KRSA,0.03753910323253389,1,TKL,STKR,TYPE1,BMPR1B
STKR,-0.06833333333333336,76,KRSA,0.03753910323253389,1,TKL,STKR,TYPE2,BMPR2
STKR,-0.06833333333333336,76,KRSA,0.03753910323253389,1,TKL,STKR,TYPE1,TGFBR1
STKR,-0.06833333333333336,76,KRSA,0.03753910323253389,1,TKL,STKR,TYPE2,TGFBR2
PKCI,1.0533333333333337,33,KRSA,0.5881126173096975,3,AGC,PKC,IOTA,PRKCI
PKCI,1.0533333333333337,33,KRSA,0.5881126173096975,3,AGC,PKC,IOTA,PRKCZ
SGK,0.08583333333333334,75,KRSA,0.05005213764337852,1,AGC,SGK,SGK,SGK1
SGK,0.08583333333333334,75,KRSA,0.05005213764337852,1,AGC,SGK,SGK,SGK2
SGK,0.08583333333333334,75,KRSA,0.05005213764337852,1,AGC,SGK,SGK,SGK3
PKCH,-0.9558333333333332,36,KRSA,0.5505735140771637,3,AGC,PKC,ETA,PRKCE
PKCH,-0.9558333333333332,36,KRSA,0.5505735140771637,3,AGC,PKC,ETA,PRKCH
MAPKAPK,0.3733333333333333,59,KRSA,0.2502606882168926,2,CAMK,MAPKAPK,MAPKAPK,MAPKAPK2
MAPKAPK,0.3733333333333333,59,KRSA,0.2502606882168926,2,CAMK,MAPKAPK,MAPKAPK,MAPKAPK3
MAPKAPK,0.3733333333333333,59,KRSA,0.2502606882168926,2,CAMK,MAPKAPK,MAPKAPK,MAPKAPK5
MAPKAPK,0.3733333333333333,59,KRSA,0.2502606882168926,2,CAMK,MAPKAPK,MNK,MKNK1
MAPKAPK,0.3733333333333333,59,KRSA,0.2502606882168926,2,CAMK,MAPKAPK,MNK,MKNK2
AKT,-0.04333333333333331,78,KRSA,0.01251303441084463,1,AGC,AKT,AKT,AKT1
AKT,-0.04333333333333331,78,KRSA,0.01251303441084463,1,AGC,AKT,AKT,AKT2
AKT,-0.04333333333333331,78,KRSA,0.01251303441084463,1,AGC,AKT,AKT,AKT3
GSK,-0.9616666666666668,35,KRSA,0.5630865484880083,3,CMGC,GSK,GSK,GSK3A
GSK,-0.9616666666666668,35,KRSA,0.5630865484880083,3,CMGC,GSK,GSK,GSK3B
MELK,-0.3683333333333333,60,KRSA,0.23774765380604795,1,CAMK,CAMKL,MELK,MELK
RSK,0.905,37,KRSA,0.5380604796663191,3,AGC,RSK,RSK,RPS6KA1
RSK,0.905,37,KRSA,0.5380604796663191,3,AGC,RSK,RSK,RPS6KA2
RSK,0.905,37,KRSA,0.5380604796663191,3,AGC,RSK,RSK,RPS6KA3
RSK,0.905,37,KRSA,0.5380604796663191,3,AGC,RSK,MSK,RPS6KA4
RSK,0.905,37,KRSA,0.5380604796663191,3,AGC,RSK,MSK,RPS6KA5
RSK,0.905,37,KRSA,0.5380604796663191,3,AGC,RSK,RSK,RPS6KA6
RSK,0.905,37,KRSA,0.5380604796663191,3,AGC,RSK,P70,RPS6KB1
RSK,0.905,37,KRSA,0.5380604796663191,3,AGC,RSK,P70,RPS6KB2
DMPK,-0.6308333333333334,52,KRSA,0.337851929092805,2,AGC,DMPK,GEK,CDC42BPA
DMPK,-0.6308333333333334,52,KRSA,0.337851929092805,2,AGC,DMPK,GEK,CDC42BPB
DMPK,-0.6308333333333334,52,KRSA,0.337851929092805,2,AGC,DMPK,GEK,CDC42BPG
DMPK,-0.6308333333333334,52,KRSA,0.337851929092805,2,AGC,DMPK,CRIK,CIT
DMPK,-0.6308333333333334,52,KRSA,0.337851929092805,2,AGC,DMPK,GEK,DMPK
DMPK,-0.6308333333333334,52,KRSA,0.337851929092805,2,AGC,DMPK,ROCK,ROCK1
DMPK,-0.6308333333333334,52,KRSA,0.337851929092805,2,AGC,DMPK,ROCK,ROCK2
CK2,0.21166666666666664,68,KRSA,0.13764337851929093,1,CMGC,CK2,CK2,CSNK2A1
CK2,0.21166666666666664,68,KRSA,0.13764337851929093,1,CMGC,CK2,CK2,CSNK2A2
CK2,0.21166666666666664,68,KRSA,0.13764337851929093,1,NA,NA,NA,CSNK2A3
NEK,-0.32416666666666666,64,KRSA,0.18769551616266944,1,OTHER,NEK,NEK11,NEK11
NEK,-0.32416666666666666,64,KRSA,0.18769551616266944,1,OTHER,NEK,NEK2,NEK2
NEK,-0.32416666666666666,64,KRSA,0.18769551616266944,1,OTHER,NEK,NEK1,NEK3
NEK,-0.32416666666666666,64,KRSA,0.18769551616266944,1,OTHER,NEK,NEK4,NEK4
NEK,-0.32416666666666666,64,KRSA,0.18769551616266944,1,OTHER,NEK,NEK1,NEK5
NEK,-0.32416666666666666,64,KRSA,0.18769551616266944,1,OTHER,NEK,NEK6,NEK6
NEK,-0.32416666666666666,64,KRSA,0.18769551616266944,1,OTHER,NEK,NEK6,NEK7
NEK,-0.32416666666666666,64,KRSA,0.18769551616266944,1,OTHER,NEK,NEK8,NEK8
NEK,-0.32416666666666666,64,KRSA,0.18769551616266944,1,OTHER,NEK,NEK8,NEK9
PKD,0.8883333333333333,38,KRSA,0.5255474452554745,3,CAMK,PKD,PKD,PRKD1
PKD,0.8883333333333333,38,KRSA,0.5255474452554745,3,CAMK,PKD,PKD,PRKD2
PKD,0.8883333333333333,38,KRSA,0.5255474452554745,3,CAMK,PKD,PKD,PRKD3
CAMK2,0.7225,49,KRSA,0.3753910323253389,2,CAMK,CAMK2,CAMK2,CAMK2A
CAMK2,0.7225,49,KRSA,0.3753910323253389,2,CAMK,CAMK2,CAMK2,CAMK2B
CAMK2,0.7225,49,KRSA,0.3753910323253389,2,CAMK,CAMK2,CAMK2,CAMK2D
CAMK2,0.7225,49,KRSA,0.3753910323253389,2,CAMK,CAMK2,CAMK2,CAMK2G
NDR,0.01333333333333335,79,KRSA,0,1,AGC,NDR,NDR,LATS1
NDR,0.01333333333333335,79,KRSA,0,1,AGC,NDR,NDR,LATS2
NDR,0.01333333333333335,79,KRSA,0,1,AGC,NDR,NDR,STK38
NDR,0.01333333333333335,79,KRSA,0,1,AGC,NDR,NDR,STK38L
PAKA,0.8458333333333334,40,KRSA,0.5005213764337852,3,STE,STE20,PAKA,PAK1
PAKA,0.8458333333333334,40,KRSA,0.5005213764337852,3,STE,STE20,PAKA,PAK2
PAKA,0.8458333333333334,40,KRSA,0.5005213764337852,3,STE,STE20,PAKA,PAK3
COT,-0.09000000000000002,74,KRSA,0.06256517205422316,1,STE,STE-UNIQUE,STE-UNIQUE,MAP3K8
DAPK,-0.8791666666666667,39,KRSA,0.5130344108446299,3,CAMK,DAPK,DAPK,DAPK1
DAPK,-0.8791666666666667,39,KRSA,0.5130344108446299,3,CAMK,DAPK,DAPK,DAPK2
DAPK,-0.8791666666666667,39,KRSA,0.5130344108446299,3,CAMK,DAPK,DAPK,DAPK3
DAPK,-0.8791666666666667,39,KRSA,0.5130344108446299,3,CAMK,DAPK,DRAK,STK17A
DAPK,-0.8791666666666667,39,KRSA,0.5130344108446299,3,CAMK,DAPK,DRAK,STK17B
MLCK,-0.3350000000000001,63,KRSA,0.20020855057351408,1,CAMK,MLCK,MLCK,MYLK
MLCK,-0.3350000000000001,63,KRSA,0.20020855057351408,1,CAMK,MLCK,MLCK,MYLK2
MLCK,-0.3350000000000001,63,KRSA,0.20020855057351408,1,CAMK,MLCK,MLCK,TTN
IKK,-0.67,51,KRSA,0.35036496350364965,2,OTHER,IKK,IKK,CHUK
IKK,-0.67,51,KRSA,0.35036496350364965,2,OTHER,IKK,IKK,IKBKB
IKK,-0.67,51,KRSA,0.35036496350364965,2,OTHER,IKK,IKK,IKBKE
IKK,-0.67,51,KRSA,0.35036496350364965,2,OTHER,IKK,IKK,TBK1
NAK,-0.205,69,KRSA,0.1251303441084463,1,OTHER,NAK,BIKE,AAK1
NAK,-0.205,69,KRSA,0.1251303441084463,1,OTHER,NAK,BIKE,BMP2K
NAK,-0.205,69,KRSA,0.1251303441084463,1,OTHER,NAK,GAK,GAK
NAK,-0.205,69,KRSA,0.1251303441084463,1,OTHER,NAK,MPSK,STK16
CHK1,0.2441666666666667,67,KRSA,0.15015641293013557,1,CAMK,CAMKL,CHK1,CHEK1
PKN,-0.7191666666666666,50,KRSA,0.36287799791449427,2,AGC,PKN,PKN,PKN1
PKN,-0.7191666666666666,50,KRSA,0.36287799791449427,2,AGC,PKN,PKN,PKN2
PKN,-0.7191666666666666,50,KRSA,0.36287799791449427,2,AGC,PKN,PKN,PKN3
PIM,0.5358333333333333,54,KRSA,0.31282586027111575,2,CAMK,PIM,PIM,PIM1
PIM,0.5358333333333333,54,KRSA,0.31282586027111575,2,CAMK,PIM,PIM,PIM2
PIM,0.5358333333333333,54,KRSA,0.31282586027111575,2,CAMK,PIM,PIM,PIM3
AUR,0.18666666666666668,70,KRSA,0.11261730969760167,1,OTHER,AUR,AUR,AURKA
AUR,0.18666666666666668,70,KRSA,0.11261730969760167,1,OTHER,AUR,AUR,AURKB
AUR,0.18666666666666668,70,KRSA,0.11261730969760167,1,OTHER,AUR,AUR,AURKC
PDHK,0.3358333333333333,62,KRSA,0.2127215849843587,1,ATYPICAL,PDHK,BCKDK,BCKDK
PDHK,0.3358333333333333,62,KRSA,0.2127215849843587,1,ATYPICAL,PDHK,PDHK,PDK2
PDHK,0.3358333333333333,62,KRSA,0.2127215849843587,1,ATYPICAL,PDHK,PDHK,PDK3
PDHK,0.3358333333333333,62,KRSA,0.2127215849843587,1,ATYPICAL,PDHK,PDHK,PDK4
PKA,3.3466666666666667,8,KRSA,0.9009384775808134,4,AGC,PKA,PKA,PRKACA
PKA,3.3466666666666667,8,KRSA,0.9009384775808134,4,AGC,PKA,PKA,PRKACB
PKA,3.3466666666666667,8,KRSA,0.9009384775808134,4,AGC,PKA,PKA,PRKACG
PKA,3.3466666666666667,8,KRSA,0.9009384775808134,4,AGC,PKA,PKA,PRKX
PKA,3.3466666666666667,8,KRSA,0.9009384775808134,4,AGC,PKA,PKA,PRKY
PKG,3.1791666666666667,9,KRSA,0.8884254431699687,4,AGC,PKG,PKG,PRKG1
PKG,3.1791666666666667,9,KRSA,0.8884254431699687,4,AGC,PKG,PKG,PRKG2
CAMK1,2.524166666666667,11,KRSA,0.8633993743482794,4,CAMK,CAMK1,CAMK1,CAMK1
CAMK1,2.524166666666667,11,KRSA,0.8633993743482794,4,CAMK,CAMK1,CAMK1,CAMK1D
CAMK1,2.524166666666667,11,KRSA,0.8633993743482794,4,CAMK,CAMK1,CAMK1,CAMK1G
CAMK1,2.524166666666667,11,KRSA,0.8633993743482794,4,CAMK,CAMK1,CAMK1,CAMK4
CAMK1,2.524166666666667,11,KRSA,0.8633993743482794,4,CAMK,CAMK1,CAMK1,PNCK
DYRK,-4.251666666666667,2,KRSA,0.9760166840458812,4,CMGC,DYRK,DYRK1,DYRK1A
DYRK,-4.251666666666667,2,KRSA,0.9760166840458812,4,CMGC,DYRK,DYRK1,DYRK1B
DYRK,-4.251666666666667,2,KRSA,0.9760166840458812,4,CMGC,DYRK,DYRK2,DYRK2
DYRK,-4.251666666666667,2,KRSA,0.9760166840458812,4,CMGC,DYRK,DYRK2,DYRK3
DYRK,-4.251666666666667,2,KRSA,0.9760166840458812,4,CMGC,DYRK,DYRK2,DYRK4
DYRK,-4.251666666666667,2,KRSA,0.9760166840458812,4,CMGC,DYRK,HIPK,HIPK1
DYRK,-4.251666666666667,2,KRSA,0.9760166840458812,4,CMGC,DYRK,HIPK,HIPK2
DYRK,-4.251666666666667,2,KRSA,0.9760166840458812,4,CMGC,DYRK,HIPK,HIPK3
DYRK,-4.251666666666667,2,KRSA,0.9760166840458812,4,CMGC,DYRK,HIPK,HIPK4
DYRK,-4.251666666666667,2,KRSA,0.9760166840458812,4,CMGC,DYRK,PRP4,PRPF4B
PDK1,-3.865833333333333,5,KRSA,0.9384775808133472,4,ATYPICAL,PDHK,PDHK,PDK1
PDK1,-3.865833333333333,5,KRSA,0.9384775808133472,4,AGC,PDK1,PDK1,PDPK1
ERK,-4.4191666666666665,1,KRSA,0.9885297184567258,4,CMGC,MAPK,ERK1,MAPK1
ERK,-4.4191666666666665,1,KRSA,0.9885297184567258,4,CMGC,MAPK,ERK7,MAPK15
ERK,-4.4191666666666665,1,KRSA,0.9885297184567258,4,CMGC,MAPK,ERK1,MAPK3
ERK,-4.4191666666666665,1,KRSA,0.9885297184567258,4,CMGC,MAPK,ERK3,MAPK4
ERK,-4.4191666666666665,1,KRSA,0.9885297184567258,4,CMGC,MAPK,ERK3,MAPK6
ERK,-4.4191666666666665,1,KRSA,0.9885297184567258,4,CMGC,MAPK,ERK5,MAPK7
RIPK,1.169166666666667,32,KRSA,0.6006256517205423,3,TKL,RIPK,RIPK,ANKK1
RIPK,1.169166666666667,32,KRSA,0.6006256517205423,3,TKL,RIPK,RIPK,RIPK1
RIPK,1.169166666666667,32,KRSA,0.6006256517205423,3,TKL,RIPK,RIPK,RIPK2
RIPK,1.169166666666667,32,KRSA,0.6006256517205423,3,TKL,RIPK,RIPK,RIPK3
RIPK,1.169166666666667,32,KRSA,0.6006256517205423,3,TKL,RIPK,RIPK,RIPK4
PEK,-3.3825,7,KRSA,0.913451511991658,4,OTHER,PEK,HRI,EIF2AK1
PEK,-3.3825,7,KRSA,0.913451511991658,4,OTHER,PEK,PKR,EIF2AK2
PEK,-3.3825,7,KRSA,0.913451511991658,4,OTHER,PEK,PEK,EIF2AK3
PEK,-3.3825,7,KRSA,0.913451511991658,4,OTHER,PEK,GCN2,EIF2AK4
JNK,-3.9183333333333334,3,KRSA,0.9635036496350365,4,CMGC,MAPK,JNK,MAPK10
JNK,-3.9183333333333334,3,KRSA,0.9635036496350365,4,CMGC,MAPK,JNK,MAPK8
JNK,-3.9183333333333334,3,KRSA,0.9635036496350365,4,CMGC,MAPK,JNK,MAPK9
CDK,-3.8791666666666664,4,KRSA,0.9509906152241918,4,CMGC,CDK,CDC2,CDK1
CDK,-3.8791666666666664,4,KRSA,0.9509906152241918,4,CMGC,CDK,CDK10,CDK10
CDK,-3.8791666666666664,4,KRSA,0.9509906152241918,4,CMGC,CDK,CRK7,CDK12
CDK,-3.8791666666666664,4,KRSA,0.9509906152241918,4,CMGC,CDK,CRK7,CDK13
CDK,-3.8791666666666664,4,KRSA,0.9509906152241918,4,CMGC,CDK,PFTAIRE,CDK14
CDK,-3.8791666666666664,4,KRSA,0.9509906152241918,4,CMGC,CDK,PFTAIRE,CDK15
CDK,-3.8791666666666664,4,KRSA,0.9509906152241918,4,CMGC,CDK,PCTAIRE,CDK16
CDK,-3.8791666666666664,4,KRSA,0.9509906152241918,4,CMGC,CDK,PCTAIRE,CDK17
CDK,-3.8791666666666664,4,KRSA,0.9509906152241918,4,CMGC,CDK,PCTAIRE,CDK18
CDK,-3.8791666666666664,4,KRSA,0.9509906152241918,4,CMGC,CDK,CDK8,CDK19
CDK,-3.8791666666666664,4,KRSA,0.9509906152241918,4,CMGC,CDK,CDC2,CDK2
CDK,-3.8791666666666664,4,KRSA,0.9509906152241918,4,CMGC,CDK,CCRK,CDK20
CDK,-3.8791666666666664,4,KRSA,0.9509906152241918,4,CMGC,CDK,CDC2,CDK3
CDK,-3.8791666666666664,4,KRSA,0.9509906152241918,4,CMGC,CDK,CDK4,CDK4
CDK,-3.8791666666666664,4,KRSA,0.9509906152241918,4,CMGC,CDK,CDK5,CDK5
CDK,-3.8791666666666664,4,KRSA,0.9509906152241918,4,CMGC,CDK,CDK4,CDK6
CDK,-3.8791666666666664,4,KRSA,0.9509906152241918,4,CMGC,CDK,CDK7,CDK7
CDK,-3.8791666666666664,4,KRSA,0.9509906152241918,4,CMGC,CDK,CDK8,CDK8
CDK,-3.8791666666666664,4,KRSA,0.9509906152241918,4,CMGC,CDK,CDK9,CDK9
CDK,-3.8791666666666664,4,KRSA,0.9509906152241918,4,NA,NA,NA,CDK11A
CDK,-3.8791666666666664,4,KRSA,0.9509906152241918,4,NA,NA,NA,CDK11B
P38,-3.43,6,KRSA,0.9259645464025026,4,CMGC,MAPK,P38,MAPK11
P38,-3.43,6,KRSA,0.9259645464025026,4,CMGC,MAPK,P38,MAPK12
P38,-3.43,6,KRSA,0.9259645464025026,4,CMGC,MAPK,P38,MAPK13
P38,-3.43,6,KRSA,0.9259645464025026,4,CMGC,MAPK,P38,MAPK14
HAL,0.8033333333333333,47,KRSA,0.40041710114702816,2,RGC,RGC,RGC,NPR1
MST,-2.1366666666666667,14,KRSA,0.8258602711157456,4,STE,STE20,MST,STK3
MST,-2.1366666666666667,14,KRSA,0.8258602711157456,4,STE,STE20,MST,STK4
NMO,-2.4458333333333333,13,KRSA,0.8383733055265902,4,CMGC,MAPK,NMO,NLK
LKB,-1.3241666666666667,22,KRSA,0.7257559958289885,3,CAMK,CAMKL,LKB,STK11
PKCD,1.2083333333333333,27,KRSA,0.6631908237747653,3,AGC,PKC,DELTA,PRKCD
PKCD,1.2083333333333333,27,KRSA,0.6631908237747653,3,AGC,PKC,DELTA,PRKCQ
MTOR,-1.8033333333333332,16,KRSA,0.8008342022940563,4,ATYPICAL,PIKK,FRAP,MTOR
PKD,0.8883333333333333,38,KRSA,0.5255474452554745,3,CAMK,PKD,PKD,PRKD1
PKD,0.8883333333333333,38,KRSA,0.5255474452554745,3,CAMK,PKD,PKD,PRKD2
PKD,0.8883333333333333,38,KRSA,0.5255474452554745,3,CAMK,PKD,PKD,PRKD3
BRSK,0.04333333333333335,77,KRSA,0.02502606882168926,1,CAMK,CAMKL,BRSK,BRSK1
BRSK,0.04333333333333335,77,KRSA,0.02502606882168926,1,CAMK,CAMKL,BRSK,BRSK2
PASK,1.2475,26,KRSA,0.67570385818561,3,CAMK,CAMKL,PASK,PASK
PHK,-1.75,17,KRSA,0.7883211678832117,4,CAMK,PHK,PHK,PHKG1
PHK,-1.75,17,KRSA,0.7883211678832117,4,CAMK,PHK,PHK,PHKG2
ATR,-1.3758333333333332,21,KRSA,0.7382690302398331,3,ATYPICAL,PIKK,ATR,ATR
GRK,0.45833333333333326,57,KRSA,0.27528675703858185,2,AGC,GRK,GRK,GRK1
GRK,0.45833333333333326,57,KRSA,0.27528675703858185,2,AGC,GRK,GRK,GRK4
GRK,0.45833333333333326,57,KRSA,0.27528675703858185,2,AGC,GRK,GRK,GRK5
GRK,0.45833333333333326,57,KRSA,0.27528675703858185,2,AGC,GRK,GRK,GRK6
GRK,0.45833333333333326,57,KRSA,0.27528675703858185,2,AGC,GRK,GRK,GRK7
RAD53,1.1975,28,KRSA,0.6506777893639207,3,CAMK,RAD53,RAD53,CHEK2
BARK2,-0.3383333333333333,61,KRSA,0.22523461939520334,1,AGC,GRK,BARK,GRK3
RAF,-1.8766666666666667,15,KRSA,0.8133472367049009,4,TKL,RAF,RAF,ARAF
RAF,-1.8766666666666667,15,KRSA,0.8133472367049009,4,TKL,RAF,RAF,BRAF
RAF,-1.8766666666666667,15,KRSA,0.8133472367049009,4,TKL,RAF,KSR,KSR1
RAF,-1.8766666666666667,15,KRSA,0.8133472367049009,4,TKL,RAF,KSR,KSR2
RAF,-1.8766666666666667,15,KRSA,0.8133472367049009,4,TKL,RAF,RAF,RAF1
FRAY,-1.3825,20,KRSA,0.7507820646506778,4,STE,STE20,FRAY,OXSR1
FRAY,-1.3825,20,KRSA,0.7507820646506778,4,STE,STE20,FRAY,STK39
PKCH,-0.9558333333333332,36,KRSA,0.5505735140771637,3,AGC,PKC,ETA,PRKCE
PKCH,-0.9558333333333332,36,KRSA,0.5505735140771637,3,AGC,PKC,ETA,PRKCH
PLK,-2.5033333333333334,12,KRSA,0.8508863399374348,4,NA,NA,NA,PLK5
PLK,-2.5033333333333334,12,KRSA,0.8508863399374348,4,OTHER,PLK,PLK1,PLK1
PLK,-2.5033333333333334,12,KRSA,0.8508863399374348,4,OTHER,PLK,PLK2,PLK2
PLK,-2.5033333333333334,12,KRSA,0.8508863399374348,4,OTHER,PLK,PLK2,PLK3
PLK,-2.5033333333333334,12,KRSA,0.8508863399374348,4,OTHER,PLK,SAK,PLK4
MLK,-0.30499999999999994,65,KRSA,0.17518248175182483,1,TKL,MLK,ILK,ILK
MLK,-0.30499999999999994,65,KRSA,0.17518248175182483,1,TKL,MLK,MLK,MAP3K10
MLK,-0.30499999999999994,65,KRSA,0.17518248175182483,1,TKL,MLK,MLK,MAP3K11
MLK,-0.30499999999999994,65,KRSA,0.17518248175182483,1,TKL,MLK,LZK,MAP3K12
MLK,-0.30499999999999994,65,KRSA,0.17518248175182483,1,TKL,MLK,LZK,MAP3K13
MLK,-0.30499999999999994,65,KRSA,0.17518248175182483,1,TKL,MLK,MLK,MAP3K9
MLK,-0.30499999999999994,65,KRSA,0.17518248175182483,1,TKL,MLK,HH498,TNNI3K
IKK,-0.67,51,KRSA,0.35036496350364965,2,OTHER,IKK,IKK,CHUK
IKK,-0.67,51,KRSA,0.35036496350364965,2,OTHER,IKK,IKK,IKBKB
IKK,-0.67,51,KRSA,0.35036496350364965,2,OTHER,IKK,IKK,IKBKE
IKK,-0.67,51,KRSA,0.35036496350364965,2,OTHER,IKK,IKK,TBK1
AMPK,1.305,24,KRSA,0.7007299270072993,3,CAMK,CAMKL,AMPK,PRKAA1
AMPK,1.305,24,KRSA,0.7007299270072993,3,CAMK,CAMKL,AMPK,PRKAA2
TTK,-1.1891666666666667,30,KRSA,0.6256517205422315,3,OTHER,TTK,TTK,TTK
RSK,0.905,37,KRSA,0.5380604796663191,3,AGC,RSK,RSK,RPS6KA1
RSK,0.905,37,KRSA,0.5380604796663191,3,AGC,RSK,RSK,RPS6KA2
RSK,0.905,37,KRSA,0.5380604796663191,3,AGC,RSK,RSK,RPS6KA3
RSK,0.905,37,KRSA,0.5380604796663191,3,AGC,RSK,MSK,RPS6KA4
RSK,0.905,37,KRSA,0.5380604796663191,3,AGC,RSK,MSK,RPS6KA5
RSK,0.905,37,KRSA,0.5380604796663191,3,AGC,RSK,RSK,RPS6KA6
RSK,0.905,37,KRSA,0.5380604796663191,3,AGC,RSK,P70,RPS6KB1
RSK,0.905,37,KRSA,0.5380604796663191,3,AGC,RSK,P70,RPS6KB2
NUAK,-1.1841666666666666,31,KRSA,0.6131386861313869,3,CAMK,CAMKL,NUAK,NUAK1
NUAK,-1.1841666666666666,31,KRSA,0.6131386861313869,3,CAMK,CAMKL,NUAK,NUAK2
PKN,-0.7191666666666666,50,KRSA,0.36287799791449427,2,AGC,PKN,PKN,PKN1
PKN,-0.7191666666666666,50,KRSA,0.36287799791449427,2,AGC,PKN,PKN,PKN2
PKN,-0.7191666666666666,50,KRSA,0.36287799791449427,2,AGC,PKN,PKN,PKN3
TLK,-1.1916666666666669,29,KRSA,0.6381647549530761,3,OTHER,TLK,TLK,TLK1
TLK,-1.1916666666666669,29,KRSA,0.6381647549530761,3,OTHER,TLK,TLK,TLK2
PAKB,-0.8191666666666666,46,KRSA,0.4129301355578728,2,STE,STE20,PAKB,PAK4
PAKB,-0.8191666666666666,46,KRSA,0.4129301355578728,2,STE,STE20,PAKB,PAK5
PAKB,-0.8191666666666666,46,KRSA,0.4129301355578728,2,STE,STE20,PAKB,PAK6
PAKA,0.8458333333333334,40,KRSA,0.5005213764337852,3,STE,STE20,PAKA,PAK1
PAKA,0.8458333333333334,40,KRSA,0.5005213764337852,3,STE,STE20,PAKA,PAK2
PAKA,0.8458333333333334,40,KRSA,0.5005213764337852,3,STE,STE20,PAKA,PAK3
PKCI,1.0533333333333337,33,KRSA,0.5881126173096975,3,AGC,PKC,IOTA,PRKCI
PKCI,1.0533333333333337,33,KRSA,0.5881126173096975,3,AGC,PKC,IOTA,PRKCZ
STE11,-0.7233333333333333,48,KRSA,0.38790406673618355,2,TKL,MLK,TAK1,MAP3K7
STE11,-0.7233333333333333,48,KRSA,0.38790406673618355,2,STE,STE11,MEKK1,MAP3K1
STE11,-0.7233333333333333,48,KRSA,0.38790406673618355,2,STE,STE11,ASK,MAP3K15
STE11,-0.7233333333333333,48,KRSA,0.38790406673618355,2,STE,STE11,MEKK2,MAP3K2
STE11,-0.7233333333333333,48,KRSA,0.38790406673618355,2,STE,STE11,MEKK2,MAP3K3
STE11,-0.7233333333333333,48,KRSA,0.38790406673618355,2,STE,STE11,MEKK4,MAP3K4
STE11,-0.7233333333333333,48,KRSA,0.38790406673618355,2,STE,STE11,ASK,MAP3K5
STE11,-0.7233333333333333,48,KRSA,0.38790406673618355,2,STE,STE11,ASK,MAP3K6
AKT,-0.04333333333333331,78,KRSA,0.01251303441084463,1,AGC,AKT,AKT,AKT1
AKT,-0.04333333333333331,78,KRSA,0.01251303441084463,1,AGC,AKT,AKT,AKT2
AKT,-0.04333333333333331,78,KRSA,0.01251303441084463,1,AGC,AKT,AKT,AKT3
MAPKAPK,0.3733333333333333,59,KRSA,0.2502606882168926,2,CAMK,MAPKAPK,MAPKAPK,MAPKAPK2
MAPKAPK,0.3733333333333333,59,KRSA,0.2502606882168926,2,CAMK,MAPKAPK,MAPKAPK,MAPKAPK3
MAPKAPK,0.3733333333333333,59,KRSA,0.2502606882168926,2,CAMK,MAPKAPK,MAPKAPK,MAPKAPK5
MAPKAPK,0.3733333333333333,59,KRSA,0.2502606882168926,2,CAMK,MAPKAPK,MNK,MKNK1
MAPKAPK,0.3733333333333333,59,KRSA,0.2502606882168926,2,CAMK,MAPKAPK,MNK,MKNK2
SGK,0.08583333333333334,75,KRSA,0.05005213764337852,1,AGC,SGK,SGK,SGK1
SGK,0.08583333333333334,75,KRSA,0.05005213764337852,1,AGC,SGK,SGK,SGK2
SGK,0.08583333333333334,75,KRSA,0.05005213764337852,1,AGC,SGK,SGK,SGK3
CLK,-0.8383333333333334,42,KRSA,0.4629822732012513,2,CMGC,CLK,CLK,CLK1
CLK,-0.8383333333333334,42,KRSA,0.4629822732012513,2,CMGC,CLK,CLK,CLK2
CLK,-0.8383333333333334,42,KRSA,0.4629822732012513,2,CMGC,CLK,CLK,CLK3
CLK,-0.8383333333333334,42,KRSA,0.4629822732012513,2,CMGC,CLK,CLK,CLK4
NIK,-0.8383333333333334,42,KRSA,0.4629822732012513,2,STE,STE-UNIQUE,STE-UNIQUE,MAP3K14
WNK,-0.8391666666666666,41,KRSA,0.4880083420229406,2,OTHER,WNK,WNK,WNK1
WNK,-0.8391666666666666,41,KRSA,0.4880083420229406,2,OTHER,WNK,WNK,WNK2
WNK,-0.8391666666666666,41,KRSA,0.4880083420229406,2,OTHER,WNK,WNK,WNK3
WNK,-0.8391666666666666,41,KRSA,0.4880083420229406,2,OTHER,WNK,WNK,WNK4
BUD32,-0.8275,43,KRSA,0.4504692387904067,2,OTHER,BUD32,BUD32,TP53RK
CAMKK,-0.8233333333333334,45,KRSA,0.4254431699687174,2,OTHER,CAMKK,META,CAMKK1
CAMKK,-0.8233333333333334,45,KRSA,0.4254431699687174,2,OTHER,CAMKK,META,CAMKK2
TAO,0.17583333333333337,71,KRSA,0.10010427528675704,1,STE,STE20,TAO,TAOK1
TAO,0.17583333333333337,71,KRSA,0.10010427528675704,1,STE,STE20,TAO,TAOK2
TAO,0.17583333333333337,71,KRSA,0.10010427528675704,1,STE,STE20,TAO,TAOK3
KHS,-0.1449999999999999,73,KRSA,0.07507820646506778,1,STE,STE20,KHS,MAP4K1
KHS,-0.1449999999999999,73,KRSA,0.07507820646506778,1,STE,STE20,KHS,MAP4K2
KHS,-0.1449999999999999,73,KRSA,0.07507820646506778,1,STE,STE20,KHS,MAP4K3
KHS,-0.1449999999999999,73,KRSA,0.07507820646506778,1,STE,STE20,KHS,MAP4K5
SLK,-0.16666666666666663,72,KRSA,0.08759124087591241,1,STE,STE20,SLK,SLK
SLK,-0.16666666666666663,72,KRSA,0.08759124087591241,1,STE,STE20,SLK,STK10
ULK,-0.8241666666666666,44,KRSA,0.43795620437956206,2,OTHER,ULK,FUSED,STK36
ULK,-0.8241666666666666,44,KRSA,0.43795620437956206,2,OTHER,ULK,ULK,ULK1
ULK,-0.8241666666666666,44,KRSA,0.43795620437956206,2,OTHER,ULK,ULK,ULK2
ULK,-0.8241666666666666,44,KRSA,0.43795620437956206,2,OTHER,ULK,ULK,ULK3
ULK,-0.8241666666666666,44,KRSA,0.43795620437956206,2,OTHER,ULK,ULK,ULK4
MOS,-0.49583333333333335,55,KRSA,0.30031282586027114,2,OTHER,MOS,MOS,MOS
PIM,0.5358333333333333,54,KRSA,0.31282586027111575,2,CAMK,PIM,PIM,PIM1
PIM,0.5358333333333333,54,KRSA,0.31282586027111575,2,CAMK,PIM,PIM,PIM2
PIM,0.5358333333333333,54,KRSA,0.31282586027111575,2,CAMK,PIM,PIM,PIM3
PDHK,0.3358333333333333,62,KRSA,0.2127215849843587,1,ATYPICAL,PDHK,BCKDK,BCKDK
PDHK,0.3358333333333333,62,KRSA,0.2127215849843587,1,ATYPICAL,PDHK,PDHK,PDK2
PDHK,0.3358333333333333,62,KRSA,0.2127215849843587,1,ATYPICAL,PDHK,PDHK,PDK3
PDHK,0.3358333333333333,62,KRSA,0.2127215849843587,1,ATYPICAL,PDHK,PDHK,PDK4
VRK1,-1.035,34,KRSA,0.5755995828988529,3,CK1,VRK,VRK,VRK1
COT,-0.09000000000000002,74,KRSA,0.06256517205422316,1,STE,STE-UNIQUE,STE-UNIQUE,MAP3K8
PRKDC,-1.2916666666666667,25,KRSA,0.6882168925964547,3,ATYPICAL,PIKK,DNAPK,PRKDC
DMPK,-0.6308333333333334,52,KRSA,0.337851929092805,2,AGC,DMPK,GEK,CDC42BPA
DMPK,-0.6308333333333334,52,KRSA,0.337851929092805,2,AGC,DMPK,GEK,CDC42BPB
DMPK,-0.6308333333333334,52,KRSA,0.337851929092805,2,AGC,DMPK,GEK,CDC42BPG
DMPK,-0.6308333333333334,52,KRSA,0.337851929092805,2,AGC,DMPK,CRIK,CIT
DMPK,-0.6308333333333334,52,KRSA,0.337851929092805,2,AGC,DMPK,GEK,DMPK
DMPK,-0.6308333333333334,52,KRSA,0.337851929092805,2,AGC,DMPK,ROCK,ROCK1
DMPK,-0.6308333333333334,52,KRSA,0.337851929092805,2,AGC,DMPK,ROCK,ROCK2
CK1,-1.3091666666666666,23,KRSA,0.7132429614181439,3,CK1,CK1,CK1-A,CSNK1A1
CK1,-1.3091666666666666,23,KRSA,0.7132429614181439,3,CK1,CK1,CK1-A,CSNK1A1L
CK1,-1.3091666666666666,23,KRSA,0.7132429614181439,3,CK1,CK1,CK1-D,CSNK1D
CK1,-1.3091666666666666,23,KRSA,0.7132429614181439,3,CK1,CK1,CK1-D,CSNK1E
CK1,-1.3091666666666666,23,KRSA,0.7132429614181439,3,CK1,CK1,CK1-G,CSNK1G1
CK1,-1.3091666666666666,23,KRSA,0.7132429614181439,3,CK1,CK1,CK1-G,CSNK1G2
CK1,-1.3091666666666666,23,KRSA,0.7132429614181439,3,CK1,CK1,CK1-G,CSNK1G3
CK1,-1.3091666666666666,23,KRSA,0.7132429614181439,3,CK1,TTBK,TTBK,TTBK1
CK1,-1.3091666666666666,23,KRSA,0.7132429614181439,3,CK1,TTBK,TTBK,TTBK2
CK1,-1.3091666666666666,23,KRSA,0.7132429614181439,3,CK1,VRK,VRK,VRK3
NAK,-0.205,69,KRSA,0.1251303441084463,1,OTHER,NAK,BIKE,AAK1
NAK,-0.205,69,KRSA,0.1251303441084463,1,OTHER,NAK,BIKE,BMP2K
NAK,-0.205,69,KRSA,0.1251303441084463,1,OTHER,NAK,GAK,GAK
NAK,-0.205,69,KRSA,0.1251303441084463,1,OTHER,NAK,MPSK,STK16
QIK,-1.6875,18,KRSA,0.7758081334723671,4,CAMK,CAMKL,QIK,SIK1
QIK,-1.6875,18,KRSA,0.7758081334723671,4,CAMK,CAMKL,QIK,SIK2
MELK,-0.3683333333333333,60,KRSA,0.23774765380604795,1,CAMK,CAMKL,MELK,MELK
CHK1,0.2441666666666667,67,KRSA,0.15015641293013557,1,CAMK,CAMKL,CHK1,CHEK1
NDR,0.01333333333333335,79,KRSA,0,1,AGC,NDR,NDR,LATS1
NDR,0.01333333333333335,79,KRSA,0,1,AGC,NDR,NDR,LATS2
NDR,0.01333333333333335,79,KRSA,0,1,AGC,NDR,NDR,STK38
NDR,0.01333333333333335,79,KRSA,0,1,AGC,NDR,NDR,STK38L
DAPK,-0.8791666666666667,39,KRSA,0.5130344108446299,3,CAMK,DAPK,DAPK,DAPK1
DAPK,-0.8791666666666667,39,KRSA,0.5130344108446299,3,CAMK,DAPK,DAPK,DAPK2
DAPK,-0.8791666666666667,39,KRSA,0.5130344108446299,3,CAMK,DAPK,DAPK,DAPK3
DAPK,-0.8791666666666667,39,KRSA,0.5130344108446299,3,CAMK,DAPK,DRAK,STK17A
DAPK,-0.8791666666666667,39,KRSA,0.5130344108446299,3,CAMK,DAPK,DRAK,STK17B
MSN,0.3899999999999999,58,KRSA,0.26277372262773724,2,STE,STE20,MSN,MAP4K4
MSN,0.3899999999999999,58,KRSA,0.26277372262773724,2,STE,STE20,MSN,NRK
MSN,0.3899999999999999,58,KRSA,0.26277372262773724,2,STE,STE20,MSN,TNIK
MLCK,-0.3350000000000001,63,KRSA,0.20020855057351408,1,CAMK,MLCK,MLCK,MYLK
MLCK,-0.3350000000000001,63,KRSA,0.20020855057351408,1,CAMK,MLCK,MLCK,MYLK2
MLCK,-0.3350000000000001,63,KRSA,0.20020855057351408,1,CAMK,MLCK,MLCK,TTN
IRAK,-0.2725,66,KRSA,0.16266944734098018,1,TKL,IRAK,IRAK,IRAK1
IRAK,-0.2725,66,KRSA,0.16266944734098018,1,TKL,IRAK,IRAK,IRAK2
IRAK,-0.2725,66,KRSA,0.16266944734098018,1,TKL,IRAK,IRAK,IRAK3
IRAK,-0.2725,66,KRSA,0.16266944734098018,1,TKL,IRAK,IRAK,IRAK4
ATM,-0.6116666666666667,53,KRSA,0.32533889468196037,2,ATYPICAL,PIKK,ATM,ATM
CK2,0.21166666666666664,68,KRSA,0.13764337851929093,1,CMGC,CK2,CK2,CSNK2A1
CK2,0.21166666666666664,68,KRSA,0.13764337851929093,1,CMGC,CK2,CK2,CSNK2A2
CK2,0.21166666666666664,68,KRSA,0.13764337851929093,1,NA,NA,NA,CSNK2A3
STE7,-1.590833333333333,19,KRSA,0.7632950990615224,4,STE,STE7,MEK1,MAP2K1
STE7,-1.590833333333333,19,KRSA,0.7632950990615224,4,STE,STE7,MEK1,MAP2K2
STE7,-1.590833333333333,19,KRSA,0.7632950990615224,4,STE,STE7,MEK3,MAP2K3
STE7,-1.590833333333333,19,KRSA,0.7632950990615224,4,STE,STE7,MEK4,MAP2K4
STE7,-1.590833333333333,19,KRSA,0.7632950990615224,4,STE,STE7,MEK5,MAP2K5
STE7,-1.590833333333333,19,KRSA,0.7632950990615224,4,STE,STE7,MEK3,MAP2K6
STE7,-1.590833333333333,19,KRSA,0.7632950990615224,4,STE,STE7,MEK7,MAP2K7
AUR,0.18666666666666668,70,KRSA,0.11261730969760167,1,OTHER,AUR,AUR,AURKA
AUR,0.18666666666666668,70,KRSA,0.11261730969760167,1,OTHER,AUR,AUR,AURKB
AUR,0.18666666666666668,70,KRSA,0.11261730969760167,1,OTHER,AUR,AUR,AURKC
PKCA,-2.8325,10,KRSA,0.8759124087591241,4,AGC,PKC,ALPHA,PRKCA
PKCA,-2.8325,10,KRSA,0.8759124087591241,4,AGC,PKC,ALPHA,PRKCB
PKCA,-2.8325,10,KRSA,0.8759124087591241,4,AGC,PKC,ALPHA,PRKCG
STKR,-0.06833333333333336,76,KRSA,0.03753910323253389,1,TKL,STKR,TYPE1,ACVR1
STKR,-0.06833333333333336,76,KRSA,0.03753910323253389,1,TKL,STKR,TYPE1,ACVR1B
STKR,-0.06833333333333336,76,KRSA,0.03753910323253389,1,TKL,STKR,TYPE1,ACVR1C
STKR,-0.06833333333333336,76,KRSA,0.03753910323253389,1,TKL,STKR,TYPE2,ACVR2A
STKR,-0.06833333333333336,76,KRSA,0.03753910323253389,1,TKL,STKR,TYPE2,ACVR2B
STKR,-0.06833333333333336,76,KRSA,0.03753910323253389,1,TKL,STKR,TYPE1,ACVRL1
STKR,-0.06833333333333336,76,KRSA,0.03753910323253389,1,TKL,STKR,TYPE2,AMHR2
STKR,-0.06833333333333336,76,KRSA,0.03753910323253389,1,TKL,STKR,TYPE1,BMPR1A
STKR,-0.06833333333333336,76,KRSA,0.03753910323253389,1,TKL,STKR,TYPE1,BMPR1B
STKR,-0.06833333333333336,76,KRSA,0.03753910323253389,1,TKL,STKR,TYPE2,BMPR2
STKR,-0.06833333333333336,76,KRSA,0.03753910323253389,1,TKL,STKR,TYPE1,TGFBR1
STKR,-0.06833333333333336,76,KRSA,0.03753910323253389,1,TKL,STKR,TYPE2,TGFBR2
CAMK2,0.7225,49,KRSA,0.3753910323253389,2,CAMK,CAMK2,CAMK2,CAMK2A
CAMK2,0.7225,49,KRSA,0.3753910323253389,2,CAMK,CAMK2,CAMK2,CAMK2B
CAMK2,0.7225,49,KRSA,0.3753910323253389,2,CAMK,CAMK2,CAMK2,CAMK2D
CAMK2,0.7225,49,KRSA,0.3753910323253389,2,CAMK,CAMK2,CAMK2,CAMK2G
GSK,-0.9616666666666668,35,KRSA,0.5630865484880083,3,CMGC,GSK,GSK,GSK3A
GSK,-0.9616666666666668,35,KRSA,0.5630865484880083,3,CMGC,GSK,GSK,GSK3B
NEK,-0.32416666666666666,64,KRSA,0.18769551616266944,1,OTHER,NEK,NEK11,NEK11
NEK,-0.32416666666666666,64,KRSA,0.18769551616266944,1,OTHER,NEK,NEK2,NEK2
NEK,-0.32416666666666666,64,KRSA,0.18769551616266944,1,OTHER,NEK,NEK1,NEK3
NEK,-0.32416666666666666,64,KRSA,0.18769551616266944,1,OTHER,NEK,NEK4,NEK4
NEK,-0.32416666666666666,64,KRSA,0.18769551616266944,1,OTHER,NEK,NEK1,NEK5
NEK,-0.32416666666666666,64,KRSA,0.18769551616266944,1,OTHER,NEK,NEK6,NEK6
NEK,-0.32416666666666666,64,KRSA,0.18769551616266944,1,OTHER,NEK,NEK6,NEK7
NEK,-0.32416666666666666,64,KRSA,0.18769551616266944,1,OTHER,NEK,NEK8,NEK8
NEK,-0.32416666666666666,64,KRSA,0.18769551616266944,1,OTHER,NEK,NEK8,NEK9
PKA,3.3466666666666667,8,KRSA,0.9009384775808134,4,AGC,PKA,PKA,PRKACA
PKA,3.3466666666666667,8,KRSA,0.9009384775808134,4,AGC,PKA,PKA,PRKACB
PKA,3.3466666666666667,8,KRSA,0.9009384775808134,4,AGC,PKA,PKA,PRKACG
PKA,3.3466666666666667,8,KRSA,0.9009384775808134,4,AGC,PKA,PKA,PRKX
PKA,3.3466666666666667,8,KRSA,0.9009384775808134,4,AGC,PKA,PKA,PRKY
PDK1,-3.865833333333333,5,KRSA,0.9384775808133472,4,ATYPICAL,PDHK,PDHK,PDK1
PDK1,-3.865833333333333,5,KRSA,0.9384775808133472,4,AGC,PDK1,PDK1,PDPK1
DYRK,-4.251666666666667,2,KRSA,0.9760166840458812,4,CMGC,DYRK,DYRK1,DYRK1A
DYRK,-4.251666666666667,2,KRSA,0.9760166840458812,4,CMGC,DYRK,DYRK1,DYRK1B
DYRK,-4.251666666666667,2,KRSA,0.9760166840458812,4,CMGC,DYRK,DYRK2,DYRK2
DYRK,-4.251666666666667,2,KRSA,0.9760166840458812,4,CMGC,DYRK,DYRK2,DYRK3
DYRK,-4.251666666666667,2,KRSA,0.9760166840458812,4,CMGC,DYRK,DYRK2,DYRK4
DYRK,-4.251666666666667,2,KRSA,0.9760166840458812,4,CMGC,DYRK,HIPK,HIPK1
DYRK,-4.251666666666667,2,KRSA,0.9760166840458812,4,CMGC,DYRK,HIPK,HIPK2
DYRK,-4.251666666666667,2,KRSA,0.9760166840458812,4,CMGC,DYRK,HIPK,HIPK3
DYRK,-4.251666666666667,2,KRSA,0.9760166840458812,4,CMGC,DYRK,HIPK,HIPK4
DYRK,-4.251666666666667,2,KRSA,0.9760166840458812,4,CMGC,DYRK,PRP4,PRPF4B
CAMK1,2.524166666666667,11,KRSA,0.8633993743482794,4,CAMK,CAMK1,CAMK1,CAMK1
CAMK1,2.524166666666667,11,KRSA,0.8633993743482794,4,CAMK,CAMK1,CAMK1,CAMK1D
CAMK1,2.524166666666667,11,KRSA,0.8633993743482794,4,CAMK,CAMK1,CAMK1,CAMK1G
CAMK1,2.524166666666667,11,KRSA,0.8633993743482794,4,CAMK,CAMK1,CAMK1,CAMK4
CAMK1,2.524166666666667,11,KRSA,0.8633993743482794,4,CAMK,CAMK1,CAMK1,PNCK
ERK,-4.4191666666666665,1,KRSA,0.9885297184567258,4,CMGC,MAPK,ERK1,MAPK1
ERK,-4.4191666666666665,1,KRSA,0.9885297184567258,4,CMGC,MAPK,ERK7,MAPK15
ERK,-4.4191666666666665,1,KRSA,0.9885297184567258,4,CMGC,MAPK,ERK1,MAPK3
ERK,-4.4191666666666665,1,KRSA,0.9885297184567258,4,CMGC,MAPK,ERK3,MAPK4
ERK,-4.4191666666666665,1,KRSA,0.9885297184567258,4,CMGC,MAPK,ERK3,MAPK6
ERK,-4.4191666666666665,1,KRSA,0.9885297184567258,4,CMGC,MAPK,ERK5,MAPK7
RIPK,1.169166666666667,32,KRSA,0.6006256517205423,3,TKL,RIPK,RIPK,ANKK1
RIPK,1.169166666666667,32,KRSA,0.6006256517205423,3,TKL,RIPK,RIPK,RIPK1
RIPK,1.169166666666667,32,KRSA,0.6006256517205423,3,TKL,RIPK,RIPK,RIPK2
RIPK,1.169166666666667,32,KRSA,0.6006256517205423,3,TKL,RIPK,RIPK,RIPK3
RIPK,1.169166666666667,32,KRSA,0.6006256517205423,3,TKL,RIPK,RIPK,RIPK4
PKG,3.1791666666666667,9,KRSA,0.8884254431699687,4,AGC,PKG,PKG,PRKG1
PKG,3.1791666666666667,9,KRSA,0.8884254431699687,4,AGC,PKG,PKG,PRKG2
JNK,-3.9183333333333334,3,KRSA,0.9635036496350365,4,CMGC,MAPK,JNK,MAPK10
JNK,-3.9183333333333334,3,KRSA,0.9635036496350365,4,CMGC,MAPK,JNK,MAPK8
JNK,-3.9183333333333334,3,KRSA,0.9635036496350365,4,CMGC,MAPK,JNK,MAPK9
HAL,0.8033333333333333,47,KRSA,0.40041710114702816,2,RGC,RGC,RGC,NPR1
P38,-3.43,6,KRSA,0.9259645464025026,4,CMGC,MAPK,P38,MAPK11
P38,-3.43,6,KRSA,0.9259645464025026,4,CMGC,MAPK,P38,MAPK12
P38,-3.43,6,KRSA,0.9259645464025026,4,CMGC,MAPK,P38,MAPK13
P38,-3.43,6,KRSA,0.9259645464025026,4,CMGC,MAPK,P38,MAPK14
PKCD,1.2083333333333333,27,KRSA,0.6631908237747653,3,AGC,PKC,DELTA,PRKCD
PKCD,1.2083333333333333,27,KRSA,0.6631908237747653,3,AGC,PKC,DELTA,PRKCQ
CDK,-3.8791666666666664,4,KRSA,0.9509906152241918,4,CMGC,CDK,CDC2,CDK1
CDK,-3.8791666666666664,4,KRSA,0.9509906152241918,4,CMGC,CDK,CDK10,CDK10
CDK,-3.8791666666666664,4,KRSA,0.9509906152241918,4,CMGC,CDK,CRK7,CDK12
CDK,-3.8791666666666664,4,KRSA,0.9509906152241918,4,CMGC,CDK,CRK7,CDK13
CDK,-3.8791666666666664,4,KRSA,0.9509906152241918,4,CMGC,CDK,PFTAIRE,CDK14
CDK,-3.8791666666666664,4,KRSA,0.9509906152241918,4,CMGC,CDK,PFTAIRE,CDK15
CDK,-3.8791666666666664,4,KRSA,0.9509906152241918,4,CMGC,CDK,PCTAIRE,CDK16
CDK,-3.8791666666666664,4,KRSA,0.9509906152241918,4,CMGC,CDK,PCTAIRE,CDK17
CDK,-3.8791666666666664,4,KRSA,0.9509906152241918,4,CMGC,CDK,PCTAIRE,CDK18
CDK,-3.8791666666666664,4,KRSA,0.9509906152241918,4,CMGC,CDK,CDK8,CDK19
CDK,-3.8791666666666664,4,KRSA,0.9509906152241918,4,CMGC,CDK,CDC2,CDK2
CDK,-3.8791666666666664,4,KRSA,0.9509906152241918,4,CMGC,CDK,CCRK,CDK20
CDK,-3.8791666666666664,4,KRSA,0.9509906152241918,4,CMGC,CDK,CDC2,CDK3
CDK,-3.8791666666666664,4,KRSA,0.9509906152241918,4,CMGC,CDK,CDK4,CDK4
CDK,-3.8791666666666664,4,KRSA,0.9509906152241918,4,CMGC,CDK,CDK5,CDK5
CDK,-3.8791666666666664,4,KRSA,0.9509906152241918,4,CMGC,CDK,CDK4,CDK6
CDK,-3.8791666666666664,4,KRSA,0.9509906152241918,4,CMGC,CDK,CDK7,CDK7
CDK,-3.8791666666666664,4,KRSA,0.9509906152241918,4,CMGC,CDK,CDK8,CDK8
CDK,-3.8791666666666664,4,KRSA,0.9509906152241918,4,CMGC,CDK,CDK9,CDK9
CDK,-3.8791666666666664,4,KRSA,0.9509906152241918,4,NA,NA,NA,CDK11A
CDK,-3.8791666666666664,4,KRSA,0.9509906152241918,4,NA,NA,NA,CDK11B
NMO,-2.4458333333333333,13,KRSA,0.8383733055265902,4,CMGC,MAPK,NMO,NLK
MTOR,-1.8033333333333332,16,KRSA,0.8008342022940563,4,ATYPICAL,PIKK,FRAP,MTOR
MST,-2.1366666666666667,14,KRSA,0.8258602711157456,4,STE,STE20,MST,STK3
MST,-2.1366666666666667,14,KRSA,0.8258602711157456,4,STE,STE20,MST,STK4
PLK,-2.5033333333333334,12,KRSA,0.8508863399374348,4,NA,NA,NA,PLK5
PLK,-2.5033333333333334,12,KRSA,0.8508863399374348,4,OTHER,PLK,PLK1,PLK1
PLK,-2.5033333333333334,12,KRSA,0.8508863399374348,4,OTHER,PLK,PLK2,PLK2
PLK,-2.5033333333333334,12,KRSA,0.8508863399374348,4,OTHER,PLK,PLK2,PLK3
PLK,-2.5033333333333334,12,KRSA,0.8508863399374348,4,OTHER,PLK,SAK,PLK4
BRSK,0.04333333333333335,77,KRSA,0.02502606882168926,1,CAMK,CAMKL,BRSK,BRSK1
BRSK,0.04333333333333335,77,KRSA,0.02502606882168926,1,CAMK,CAMKL,BRSK,BRSK2
ATR,-1.3758333333333332,21,KRSA,0.7382690302398331,3,ATYPICAL,PIKK,ATR,ATR
PEK,-3.3825,7,KRSA,0.913451511991658,4,OTHER,PEK,HRI,EIF2AK1
PEK,-3.3825,7,KRSA,0.913451511991658,4,OTHER,PEK,PKR,EIF2AK2
PEK,-3.3825,7,KRSA,0.913451511991658,4,OTHER,PEK,PEK,EIF2AK3
PEK,-3.3825,7,KRSA,0.913451511991658,4,OTHER,PEK,GCN2,EIF2AK4
PASK,1.2475,26,KRSA,0.67570385818561,3,CAMK,CAMKL,PASK,PASK
MAPKAPK,0.3733333333333333,59,KRSA,0.2502606882168926,2,CAMK,MAPKAPK,MAPKAPK,MAPKAPK2
MAPKAPK,0.3733333333333333,59,KRSA,0.2502606882168926,2,CAMK,MAPKAPK,MAPKAPK,MAPKAPK3
MAPKAPK,0.3733333333333333,59,KRSA,0.2502606882168926,2,CAMK,MAPKAPK,MAPKAPK,MAPKAPK5
MAPKAPK,0.3733333333333333,59,KRSA,0.2502606882168926,2,CAMK,MAPKAPK,MNK,MKNK1
MAPKAPK,0.3733333333333333,59,KRSA,0.2502606882168926,2,CAMK,MAPKAPK,MNK,MKNK2
RAD53,1.1975,28,KRSA,0.6506777893639207,3,CAMK,RAD53,RAD53,CHEK2
PKD,0.8883333333333333,38,KRSA,0.5255474452554745,3,CAMK,PKD,PKD,PRKD1
PKD,0.8883333333333333,38,KRSA,0.5255474452554745,3,CAMK,PKD,PKD,PRKD2
PKD,0.8883333333333333,38,KRSA,0.5255474452554745,3,CAMK,PKD,PKD,PRKD3
PKCH,-0.9558333333333332,36,KRSA,0.5505735140771637,3,AGC,PKC,ETA,PRKCE
PKCH,-0.9558333333333332,36,KRSA,0.5505735140771637,3,AGC,PKC,ETA,PRKCH
LKB,-1.3241666666666667,22,KRSA,0.7257559958289885,3,CAMK,CAMKL,LKB,STK11
FRAY,-1.3825,20,KRSA,0.7507820646506778,4,STE,STE20,FRAY,OXSR1
FRAY,-1.3825,20,KRSA,0.7507820646506778,4,STE,STE20,FRAY,STK39
RAF,-1.8766666666666667,15,KRSA,0.8133472367049009,4,TKL,RAF,RAF,ARAF
RAF,-1.8766666666666667,15,KRSA,0.8133472367049009,4,TKL,RAF,RAF,BRAF
RAF,-1.8766666666666667,15,KRSA,0.8133472367049009,4,TKL,RAF,KSR,KSR1
RAF,-1.8766666666666667,15,KRSA,0.8133472367049009,4,TKL,RAF,KSR,KSR2
RAF,-1.8766666666666667,15,KRSA,0.8133472367049009,4,TKL,RAF,RAF,RAF1
AMPK,1.305,24,KRSA,0.7007299270072993,3,CAMK,CAMKL,AMPK,PRKAA1
AMPK,1.305,24,KRSA,0.7007299270072993,3,CAMK,CAMKL,AMPK,PRKAA2
PDHK,0.3358333333333333,62,KRSA,0.2127215849843587,1,ATYPICAL,PDHK,BCKDK,BCKDK
PDHK,0.3358333333333333,62,KRSA,0.2127215849843587,1,ATYPICAL,PDHK,PDHK,PDK2
PDHK,0.3358333333333333,62,KRSA,0.2127215849843587,1,ATYPICAL,PDHK,PDHK,PDK3
PDHK,0.3358333333333333,62,KRSA,0.2127215849843587,1,ATYPICAL,PDHK,PDHK,PDK4
MSN,0.3899999999999999,58,KRSA,0.26277372262773724,2,STE,STE20,MSN,MAP4K4
MSN,0.3899999999999999,58,KRSA,0.26277372262773724,2,STE,STE20,MSN,NRK
MSN,0.3899999999999999,58,KRSA,0.26277372262773724,2,STE,STE20,MSN,TNIK
GRK,0.45833333333333326,57,KRSA,0.27528675703858185,2,AGC,GRK,GRK,GRK1
GRK,0.45833333333333326,57,KRSA,0.27528675703858185,2,AGC,GRK,GRK,GRK4
GRK,0.45833333333333326,57,KRSA,0.27528675703858185,2,AGC,GRK,GRK,GRK5
GRK,0.45833333333333326,57,KRSA,0.27528675703858185,2,AGC,GRK,GRK,GRK6
GRK,0.45833333333333326,57,KRSA,0.27528675703858185,2,AGC,GRK,GRK,GRK7
STE7,-1.590833333333333,19,KRSA,0.7632950990615224,4,STE,STE7,MEK1,MAP2K1
STE7,-1.590833333333333,19,KRSA,0.7632950990615224,4,STE,STE7,MEK1,MAP2K2
STE7,-1.590833333333333,19,KRSA,0.7632950990615224,4,STE,STE7,MEK3,MAP2K3
STE7,-1.590833333333333,19,KRSA,0.7632950990615224,4,STE,STE7,MEK4,MAP2K4
STE7,-1.590833333333333,19,KRSA,0.7632950990615224,4,STE,STE7,MEK5,MAP2K5
STE7,-1.590833333333333,19,KRSA,0.7632950990615224,4,STE,STE7,MEK3,MAP2K6
STE7,-1.590833333333333,19,KRSA,0.7632950990615224,4,STE,STE7,MEK7,MAP2K7
RSK,0.905,37,KRSA,0.5380604796663191,3,AGC,RSK,RSK,RPS6KA1
RSK,0.905,37,KRSA,0.5380604796663191,3,AGC,RSK,RSK,RPS6KA2
RSK,0.905,37,KRSA,0.5380604796663191,3,AGC,RSK,RSK,RPS6KA3
RSK,0.905,37,KRSA,0.5380604796663191,3,AGC,RSK,MSK,RPS6KA4
RSK,0.905,37,KRSA,0.5380604796663191,3,AGC,RSK,MSK,RPS6KA5
RSK,0.905,37,KRSA,0.5380604796663191,3,AGC,RSK,RSK,RPS6KA6
RSK,0.905,37,KRSA,0.5380604796663191,3,AGC,RSK,P70,RPS6KB1
RSK,0.905,37,KRSA,0.5380604796663191,3,AGC,RSK,P70,RPS6KB2
PKN,-0.7191666666666666,50,KRSA,0.36287799791449427,2,AGC,PKN,PKN,PKN1
PKN,-0.7191666666666666,50,KRSA,0.36287799791449427,2,AGC,PKN,PKN,PKN2
PKN,-0.7191666666666666,50,KRSA,0.36287799791449427,2,AGC,PKN,PKN,PKN3
PAKA,0.8458333333333334,40,KRSA,0.5005213764337852,3,STE,STE20,PAKA,PAK1
PAKA,0.8458333333333334,40,KRSA,0.5005213764337852,3,STE,STE20,PAKA,PAK2
PAKA,0.8458333333333334,40,KRSA,0.5005213764337852,3,STE,STE20,PAKA,PAK3
TTK,-1.1891666666666667,30,KRSA,0.6256517205422315,3,OTHER,TTK,TTK,TTK
CAMK2,0.7225,49,KRSA,0.3753910323253389,2,CAMK,CAMK2,CAMK2,CAMK2A
CAMK2,0.7225,49,KRSA,0.3753910323253389,2,CAMK,CAMK2,CAMK2,CAMK2B
CAMK2,0.7225,49,KRSA,0.3753910323253389,2,CAMK,CAMK2,CAMK2,CAMK2D
CAMK2,0.7225,49,KRSA,0.3753910323253389,2,CAMK,CAMK2,CAMK2,CAMK2G
TLK,-1.1916666666666669,29,KRSA,0.6381647549530761,3,OTHER,TLK,TLK,TLK1
TLK,-1.1916666666666669,29,KRSA,0.6381647549530761,3,OTHER,TLK,TLK,TLK2
NUAK,-1.1841666666666666,31,KRSA,0.6131386861313869,3,CAMK,CAMKL,NUAK,NUAK1
NUAK,-1.1841666666666666,31,KRSA,0.6131386861313869,3,CAMK,CAMKL,NUAK,NUAK2
PHK,-1.75,17,KRSA,0.7883211678832117,4,CAMK,PHK,PHK,PHKG1
PHK,-1.75,17,KRSA,0.7883211678832117,4,CAMK,PHK,PHK,PHKG2
PAKB,-0.8191666666666666,46,KRSA,0.4129301355578728,2,STE,STE20,PAKB,PAK4
PAKB,-0.8191666666666666,46,KRSA,0.4129301355578728,2,STE,STE20,PAKB,PAK5
PAKB,-0.8191666666666666,46,KRSA,0.4129301355578728,2,STE,STE20,PAKB,PAK6
PRKDC,-1.2916666666666667,25,KRSA,0.6882168925964547,3,ATYPICAL,PIKK,DNAPK,PRKDC
NAK,-0.205,69,KRSA,0.1251303441084463,1,OTHER,NAK,BIKE,AAK1
NAK,-0.205,69,KRSA,0.1251303441084463,1,OTHER,NAK,BIKE,BMP2K
NAK,-0.205,69,KRSA,0.1251303441084463,1,OTHER,NAK,GAK,GAK
NAK,-0.205,69,KRSA,0.1251303441084463,1,OTHER,NAK,MPSK,STK16
AKT,-0.04333333333333331,78,KRSA,0.01251303441084463,1,AGC,AKT,AKT,AKT1
AKT,-0.04333333333333331,78,KRSA,0.01251303441084463,1,AGC,AKT,AKT,AKT2
AKT,-0.04333333333333331,78,KRSA,0.01251303441084463,1,AGC,AKT,AKT,AKT3
AUR,0.18666666666666668,70,KRSA,0.11261730969760167,1,OTHER,AUR,AUR,AURKA
AUR,0.18666666666666668,70,KRSA,0.11261730969760167,1,OTHER,AUR,AUR,AURKB
AUR,0.18666666666666668,70,KRSA,0.11261730969760167,1,OTHER,AUR,AUR,AURKC
PKCI,1.0533333333333337,33,KRSA,0.5881126173096975,3,AGC,PKC,IOTA,PRKCI
PKCI,1.0533333333333337,33,KRSA,0.5881126173096975,3,AGC,PKC,IOTA,PRKCZ
CK2,0.21166666666666664,68,KRSA,0.13764337851929093,1,CMGC,CK2,CK2,CSNK2A1
CK2,0.21166666666666664,68,KRSA,0.13764337851929093,1,CMGC,CK2,CK2,CSNK2A2
CK2,0.21166666666666664,68,KRSA,0.13764337851929093,1,NA,NA,NA,CSNK2A3
NDR,0.01333333333333335,79,KRSA,0,1,AGC,NDR,NDR,LATS1
NDR,0.01333333333333335,79,KRSA,0,1,AGC,NDR,NDR,LATS2
NDR,0.01333333333333335,79,KRSA,0,1,AGC,NDR,NDR,STK38
NDR,0.01333333333333335,79,KRSA,0,1,AGC,NDR,NDR,STK38L
MLCK,-0.3350000000000001,63,KRSA,0.20020855057351408,1,CAMK,MLCK,MLCK,MYLK
MLCK,-0.3350000000000001,63,KRSA,0.20020855057351408,1,CAMK,MLCK,MLCK,MYLK2
MLCK,-0.3350000000000001,63,KRSA,0.20020855057351408,1,CAMK,MLCK,MLCK,TTN
WNK,-0.8391666666666666,41,KRSA,0.4880083420229406,2,OTHER,WNK,WNK,WNK1
WNK,-0.8391666666666666,41,KRSA,0.4880083420229406,2,OTHER,WNK,WNK,WNK2
WNK,-0.8391666666666666,41,KRSA,0.4880083420229406,2,OTHER,WNK,WNK,WNK3
WNK,-0.8391666666666666,41,KRSA,0.4880083420229406,2,OTHER,WNK,WNK,WNK4
SLK,-0.16666666666666663,72,KRSA,0.08759124087591241,1,STE,STE20,SLK,SLK
SLK,-0.16666666666666663,72,KRSA,0.08759124087591241,1,STE,STE20,SLK,STK10
TAO,0.17583333333333337,71,KRSA,0.10010427528675704,1,STE,STE20,TAO,TAOK1
TAO,0.17583333333333337,71,KRSA,0.10010427528675704,1,STE,STE20,TAO,TAOK2
TAO,0.17583333333333337,71,KRSA,0.10010427528675704,1,STE,STE20,TAO,TAOK3
CLK,-0.8383333333333334,42,KRSA,0.4629822732012513,2,CMGC,CLK,CLK,CLK1
CLK,-0.8383333333333334,42,KRSA,0.4629822732012513,2,CMGC,CLK,CLK,CLK2
CLK,-0.8383333333333334,42,KRSA,0.4629822732012513,2,CMGC,CLK,CLK,CLK3
CLK,-0.8383333333333334,42,KRSA,0.4629822732012513,2,CMGC,CLK,CLK,CLK4
NIK,-0.8383333333333334,42,KRSA,0.4629822732012513,2,STE,STE-UNIQUE,STE-UNIQUE,MAP3K14
ULK,-0.8241666666666666,44,KRSA,0.43795620437956206,2,OTHER,ULK,FUSED,STK36
ULK,-0.8241666666666666,44,KRSA,0.43795620437956206,2,OTHER,ULK,ULK,ULK1
ULK,-0.8241666666666666,44,KRSA,0.43795620437956206,2,OTHER,ULK,ULK,ULK2
ULK,-0.8241666666666666,44,KRSA,0.43795620437956206,2,OTHER,ULK,ULK,ULK3
ULK,-0.8241666666666666,44,KRSA,0.43795620437956206,2,OTHER,ULK,ULK,ULK4
MOS,-0.49583333333333335,55,KRSA,0.30031282586027114,2,OTHER,MOS,MOS,MOS
BUD32,-0.8275,43,KRSA,0.4504692387904067,2,OTHER,BUD32,BUD32,TP53RK
CAMKK,-0.8233333333333334,45,KRSA,0.4254431699687174,2,OTHER,CAMKK,META,CAMKK1
CAMKK,-0.8233333333333334,45,KRSA,0.4254431699687174,2,OTHER,CAMKK,META,CAMKK2
KHS,-0.1449999999999999,73,KRSA,0.07507820646506778,1,STE,STE20,KHS,MAP4K1
KHS,-0.1449999999999999,73,KRSA,0.07507820646506778,1,STE,STE20,KHS,MAP4K2
KHS,-0.1449999999999999,73,KRSA,0.07507820646506778,1,STE,STE20,KHS,MAP4K3
KHS,-0.1449999999999999,73,KRSA,0.07507820646506778,1,STE,STE20,KHS,MAP4K5
STE11,-0.7233333333333333,48,KRSA,0.38790406673618355,2,TKL,MLK,TAK1,MAP3K7
STE11,-0.7233333333333333,48,KRSA,0.38790406673618355,2,STE,STE11,MEKK1,MAP3K1
STE11,-0.7233333333333333,48,KRSA,0.38790406673618355,2,STE,STE11,ASK,MAP3K15
STE11,-0.7233333333333333,48,KRSA,0.38790406673618355,2,STE,STE11,MEKK2,MAP3K2
STE11,-0.7233333333333333,48,KRSA,0.38790406673618355,2,STE,STE11,MEKK2,MAP3K3
STE11,-0.7233333333333333,48,KRSA,0.38790406673618355,2,STE,STE11,MEKK4,MAP3K4
STE11,-0.7233333333333333,48,KRSA,0.38790406673618355,2,STE,STE11,ASK,MAP3K5
STE11,-0.7233333333333333,48,KRSA,0.38790406673618355,2,STE,STE11,ASK,MAP3K6
IRAK,-0.2725,66,KRSA,0.16266944734098018,1,TKL,IRAK,IRAK,IRAK1
IRAK,-0.2725,66,KRSA,0.16266944734098018,1,TKL,IRAK,IRAK,IRAK2
IRAK,-0.2725,66,KRSA,0.16266944734098018,1,TKL,IRAK,IRAK,IRAK3
IRAK,-0.2725,66,KRSA,0.16266944734098018,1,TKL,IRAK,IRAK,IRAK4
DMPK,-0.6308333333333334,52,KRSA,0.337851929092805,2,AGC,DMPK,GEK,CDC42BPA
DMPK,-0.6308333333333334,52,KRSA,0.337851929092805,2,AGC,DMPK,GEK,CDC42BPB
DMPK,-0.6308333333333334,52,KRSA,0.337851929092805,2,AGC,DMPK,GEK,CDC42BPG
DMPK,-0.6308333333333334,52,KRSA,0.337851929092805,2,AGC,DMPK,CRIK,CIT
DMPK,-0.6308333333333334,52,KRSA,0.337851929092805,2,AGC,DMPK,GEK,DMPK
DMPK,-0.6308333333333334,52,KRSA,0.337851929092805,2,AGC,DMPK,ROCK,ROCK1
DMPK,-0.6308333333333334,52,KRSA,0.337851929092805,2,AGC,DMPK,ROCK,ROCK2
SGK,0.08583333333333334,75,KRSA,0.05005213764337852,1,AGC,SGK,SGK,SGK1
SGK,0.08583333333333334,75,KRSA,0.05005213764337852,1,AGC,SGK,SGK,SGK2
SGK,0.08583333333333334,75,KRSA,0.05005213764337852,1,AGC,SGK,SGK,SGK3
COT,-0.09000000000000002,74,KRSA,0.06256517205422316,1,STE,STE-UNIQUE,STE-UNIQUE,MAP3K8
PKCA,-2.8325,10,KRSA,0.8759124087591241,4,AGC,PKC,ALPHA,PRKCA
PKCA,-2.8325,10,KRSA,0.8759124087591241,4,AGC,PKC,ALPHA,PRKCB
PKCA,-2.8325,10,KRSA,0.8759124087591241,4,AGC,PKC,ALPHA,PRKCG
VRK1,-1.035,34,KRSA,0.5755995828988529,3,CK1,VRK,VRK,VRK1
PIM,0.5358333333333333,54,KRSA,0.31282586027111575,2,CAMK,PIM,PIM,PIM1
PIM,0.5358333333333333,54,KRSA,0.31282586027111575,2,CAMK,PIM,PIM,PIM2
PIM,0.5358333333333333,54,KRSA,0.31282586027111575,2,CAMK,PIM,PIM,PIM3
CHK1,0.2441666666666667,67,KRSA,0.15015641293013557,1,CAMK,CAMKL,CHK1,CHEK1
BARK2,-0.3383333333333333,61,KRSA,0.22523461939520334,1,AGC,GRK,BARK,GRK3
DAPK,-0.8791666666666667,39,KRSA,0.5130344108446299,3,CAMK,DAPK,DAPK,DAPK1
DAPK,-0.8791666666666667,39,KRSA,0.5130344108446299,3,CAMK,DAPK,DAPK,DAPK2
DAPK,-0.8791666666666667,39,KRSA,0.5130344108446299,3,CAMK,DAPK,DAPK,DAPK3
DAPK,-0.8791666666666667,39,KRSA,0.5130344108446299,3,CAMK,DAPK,DRAK,STK17A
DAPK,-0.8791666666666667,39,KRSA,0.5130344108446299,3,CAMK,DAPK,DRAK,STK17B
MELK,-0.3683333333333333,60,KRSA,0.23774765380604795,1,CAMK,CAMKL,MELK,MELK
NEK,-0.32416666666666666,64,KRSA,0.18769551616266944,1,OTHER,NEK,NEK11,NEK11
NEK,-0.32416666666666666,64,KRSA,0.18769551616266944,1,OTHER,NEK,NEK2,NEK2
NEK,-0.32416666666666666,64,KRSA,0.18769551616266944,1,OTHER,NEK,NEK1,NEK3
NEK,-0.32416666666666666,64,KRSA,0.18769551616266944,1,OTHER,NEK,NEK4,NEK4
NEK,-0.32416666666666666,64,KRSA,0.18769551616266944,1,OTHER,NEK,NEK1,NEK5
NEK,-0.32416666666666666,64,KRSA,0.18769551616266944,1,OTHER,NEK,NEK6,NEK6
NEK,-0.32416666666666666,64,KRSA,0.18769551616266944,1,OTHER,NEK,NEK6,NEK7
NEK,-0.32416666666666666,64,KRSA,0.18769551616266944,1,OTHER,NEK,NEK8,NEK8
NEK,-0.32416666666666666,64,KRSA,0.18769551616266944,1,OTHER,NEK,NEK8,NEK9
GSK,-0.9616666666666668,35,KRSA,0.5630865484880083,3,CMGC,GSK,GSK,GSK3A
GSK,-0.9616666666666668,35,KRSA,0.5630865484880083,3,CMGC,GSK,GSK,GSK3B
IKK,-0.67,51,KRSA,0.35036496350364965,2,OTHER,IKK,IKK,CHUK
IKK,-0.67,51,KRSA,0.35036496350364965,2,OTHER,IKK,IKK,IKBKB
IKK,-0.67,51,KRSA,0.35036496350364965,2,OTHER,IKK,IKK,IKBKE
IKK,-0.67,51,KRSA,0.35036496350364965,2,OTHER,IKK,IKK,TBK1
STKR,-0.06833333333333336,76,KRSA,0.03753910323253389,1,TKL,STKR,TYPE1,ACVR1
STKR,-0.06833333333333336,76,KRSA,0.03753910323253389,1,TKL,STKR,TYPE1,ACVR1B
STKR,-0.06833333333333336,76,KRSA,0.03753910323253389,1,TKL,STKR,TYPE1,ACVR1C
STKR,-0.06833333333333336,76,KRSA,0.03753910323253389,1,TKL,STKR,TYPE2,ACVR2A
STKR,-0.06833333333333336,76,KRSA,0.03753910323253389,1,TKL,STKR,TYPE2,ACVR2B
STKR,-0.06833333333333336,76,KRSA,0.03753910323253389,1,TKL,STKR,TYPE1,ACVRL1
STKR,-0.06833333333333336,76,KRSA,0.03753910323253389,1,TKL,STKR,TYPE2,AMHR2
STKR,-0.06833333333333336,76,KRSA,0.03753910323253389,1,TKL,STKR,TYPE1,BMPR1A
STKR,-0.06833333333333336,76,KRSA,0.03753910323253389,1,TKL,STKR,TYPE1,BMPR1B
STKR,-0.06833333333333336,76,KRSA,0.03753910323253389,1,TKL,STKR,TYPE2,BMPR2
STKR,-0.06833333333333336,76,KRSA,0.03753910323253389,1,TKL,STKR,TYPE1,TGFBR1
STKR,-0.06833333333333336,76,KRSA,0.03753910323253389,1,TKL,STKR,TYPE2,TGFBR2
MLK,-0.30499999999999994,65,KRSA,0.17518248175182483,1,TKL,MLK,ILK,ILK
MLK,-0.30499999999999994,65,KRSA,0.17518248175182483,1,TKL,MLK,MLK,MAP3K10
MLK,-0.30499999999999994,65,KRSA,0.17518248175182483,1,TKL,MLK,MLK,MAP3K11
MLK,-0.30499999999999994,65,KRSA,0.17518248175182483,1,TKL,MLK,LZK,MAP3K12
MLK,-0.30499999999999994,65,KRSA,0.17518248175182483,1,TKL,MLK,LZK,MAP3K13
MLK,-0.30499999999999994,65,KRSA,0.17518248175182483,1,TKL,MLK,MLK,MAP3K9
MLK,-0.30499999999999994,65,KRSA,0.17518248175182483,1,TKL,MLK,HH498,TNNI3K
ATM,-0.6116666666666667,53,KRSA,0.32533889468196037,2,ATYPICAL,PIKK,ATM,ATM
QIK,-1.6875,18,KRSA,0.7758081334723671,4,CAMK,CAMKL,QIK,SIK1
QIK,-1.6875,18,KRSA,0.7758081334723671,4,CAMK,CAMKL,QIK,SIK2
CK1,-1.3091666666666666,23,KRSA,0.7132429614181439,3,CK1,CK1,CK1-A,CSNK1A1
CK1,-1.3091666666666666,23,KRSA,0.7132429614181439,3,CK1,CK1,CK1-A,CSNK1A1L
CK1,-1.3091666666666666,23,KRSA,0.7132429614181439,3,CK1,CK1,CK1-D,CSNK1D
CK1,-1.3091666666666666,23,KRSA,0.7132429614181439,3,CK1,CK1,CK1-D,CSNK1E
CK1,-1.3091666666666666,23,KRSA,0.7132429614181439,3,CK1,CK1,CK1-G,CSNK1G1
CK1,-1.3091666666666666,23,KRSA,0.7132429614181439,3,CK1,CK1,CK1-G,CSNK1G2
CK1,-1.3091666666666666,23,KRSA,0.7132429614181439,3,CK1,CK1,CK1-G,CSNK1G3
CK1,-1.3091666666666666,23,KRSA,0.7132429614181439,3,CK1,TTBK,TTBK,TTBK1
CK1,-1.3091666666666666,23,KRSA,0.7132429614181439,3,CK1,TTBK,TTBK,TTBK2
CK1,-1.3091666666666666,23,KRSA,0.7132429614181439,3,CK1,VRK,VRK,VRK3
PKCA,-2.8325,10,KRSA,0.8759124087591241,4,AGC,PKC,ALPHA,PRKCA
PKCA,-2.8325,10,KRSA,0.8759124087591241,4,AGC,PKC,ALPHA,PRKCB
PKCA,-2.8325,10,KRSA,0.8759124087591241,4,AGC,PKC,ALPHA,PRKCG
CDK,-3.8791666666666664,4,KRSA,0.9509906152241918,4,CMGC,CDK,CDC2,CDK1
CDK,-3.8791666666666664,4,KRSA,0.9509906152241918,4,CMGC,CDK,CDK10,CDK10
CDK,-3.8791666666666664,4,KRSA,0.9509906152241918,4,CMGC,CDK,CRK7,CDK12
CDK,-3.8791666666666664,4,KRSA,0.9509906152241918,4,CMGC,CDK,CRK7,CDK13
CDK,-3.8791666666666664,4,KRSA,0.9509906152241918,4,CMGC,CDK,PFTAIRE,CDK14
CDK,-3.8791666666666664,4,KRSA,0.9509906152241918,4,CMGC,CDK,PFTAIRE,CDK15
CDK,-3.8791666666666664,4,KRSA,0.9509906152241918,4,CMGC,CDK,PCTAIRE,CDK16
CDK,-3.8791666666666664,4,KRSA,0.9509906152241918,4,CMGC,CDK,PCTAIRE,CDK17
CDK,-3.8791666666666664,4,KRSA,0.9509906152241918,4,CMGC,CDK,PCTAIRE,CDK18
CDK,-3.8791666666666664,4,KRSA,0.9509906152241918,4,CMGC,CDK,CDK8,CDK19
CDK,-3.8791666666666664,4,KRSA,0.9509906152241918,4,CMGC,CDK,CDC2,CDK2
CDK,-3.8791666666666664,4,KRSA,0.9509906152241918,4,CMGC,CDK,CCRK,CDK20
CDK,-3.8791666666666664,4,KRSA,0.9509906152241918,4,CMGC,CDK,CDC2,CDK3
CDK,-3.8791666666666664,4,KRSA,0.9509906152241918,4,CMGC,CDK,CDK4,CDK4
CDK,-3.8791666666666664,4,KRSA,0.9509906152241918,4,CMGC,CDK,CDK5,CDK5
CDK,-3.8791666666666664,4,KRSA,0.9509906152241918,4,CMGC,CDK,CDK4,CDK6
CDK,-3.8791666666666664,4,KRSA,0.9509906152241918,4,CMGC,CDK,CDK7,CDK7
CDK,-3.8791666666666664,4,KRSA,0.9509906152241918,4,CMGC,CDK,CDK8,CDK8
CDK,-3.8791666666666664,4,KRSA,0.9509906152241918,4,CMGC,CDK,CDK9,CDK9
CDK,-3.8791666666666664,4,KRSA,0.9509906152241918,4,NA,NA,NA,CDK11A
CDK,-3.8791666666666664,4,KRSA,0.9509906152241918,4,NA,NA,NA,CDK11B
ERK,-4.4191666666666665,1,KRSA,0.9885297184567258,4,CMGC,MAPK,ERK1,MAPK1
ERK,-4.4191666666666665,1,KRSA,0.9885297184567258,4,CMGC,MAPK,ERK7,MAPK15
ERK,-4.4191666666666665,1,KRSA,0.9885297184567258,4,CMGC,MAPK,ERK1,MAPK3
ERK,-4.4191666666666665,1,KRSA,0.9885297184567258,4,CMGC,MAPK,ERK3,MAPK4
ERK,-4.4191666666666665,1,KRSA,0.9885297184567258,4,CMGC,MAPK,ERK3,MAPK6
ERK,-4.4191666666666665,1,KRSA,0.9885297184567258,4,CMGC,MAPK,ERK5,MAPK7
PEK,-3.3825,7,KRSA,0.913451511991658,4,OTHER,PEK,HRI,EIF2AK1
PEK,-3.3825,7,KRSA,0.913451511991658,4,OTHER,PEK,PKR,EIF2AK2
PEK,-3.3825,7,KRSA,0.913451511991658,4,OTHER,PEK,PEK,EIF2AK3
PEK,-3.3825,7,KRSA,0.913451511991658,4,OTHER,PEK,GCN2,EIF2AK4
DYRK,-4.251666666666667,2,KRSA,0.9760166840458812,4,CMGC,DYRK,DYRK1,DYRK1A
DYRK,-4.251666666666667,2,KRSA,0.9760166840458812,4,CMGC,DYRK,DYRK1,DYRK1B
DYRK,-4.251666666666667,2,KRSA,0.9760166840458812,4,CMGC,DYRK,DYRK2,DYRK2
DYRK,-4.251666666666667,2,KRSA,0.9760166840458812,4,CMGC,DYRK,DYRK2,DYRK3
DYRK,-4.251666666666667,2,KRSA,0.9760166840458812,4,CMGC,DYRK,DYRK2,DYRK4
DYRK,-4.251666666666667,2,KRSA,0.9760166840458812,4,CMGC,DYRK,HIPK,HIPK1
DYRK,-4.251666666666667,2,KRSA,0.9760166840458812,4,CMGC,DYRK,HIPK,HIPK2
DYRK,-4.251666666666667,2,KRSA,0.9760166840458812,4,CMGC,DYRK,HIPK,HIPK3
DYRK,-4.251666666666667,2,KRSA,0.9760166840458812,4,CMGC,DYRK,HIPK,HIPK4
DYRK,-4.251666666666667,2,KRSA,0.9760166840458812,4,CMGC,DYRK,PRP4,PRPF4B
JNK,-3.9183333333333334,3,KRSA,0.9635036496350365,4,CMGC,MAPK,JNK,MAPK10
JNK,-3.9183333333333334,3,KRSA,0.9635036496350365,4,CMGC,MAPK,JNK,MAPK8
JNK,-3.9183333333333334,3,KRSA,0.9635036496350365,4,CMGC,MAPK,JNK,MAPK9
P38,-3.43,6,KRSA,0.9259645464025026,4,CMGC,MAPK,P38,MAPK11
P38,-3.43,6,KRSA,0.9259645464025026,4,CMGC,MAPK,P38,MAPK12
P38,-3.43,6,KRSA,0.9259645464025026,4,CMGC,MAPK,P38,MAPK13
P38,-3.43,6,KRSA,0.9259645464025026,4,CMGC,MAPK,P38,MAPK14
PDK1,-3.865833333333333,5,KRSA,0.9384775808133472,4,ATYPICAL,PDHK,PDHK,PDK1
PDK1,-3.865833333333333,5,KRSA,0.9384775808133472,4,AGC,PDK1,PDK1,PDPK1
PLK,-2.5033333333333334,12,KRSA,0.8508863399374348,4,NA,NA,NA,PLK5
PLK,-2.5033333333333334,12,KRSA,0.8508863399374348,4,OTHER,PLK,PLK1,PLK1
PLK,-2.5033333333333334,12,KRSA,0.8508863399374348,4,OTHER,PLK,PLK2,PLK2
PLK,-2.5033333333333334,12,KRSA,0.8508863399374348,4,OTHER,PLK,PLK2,PLK3
PLK,-2.5033333333333334,12,KRSA,0.8508863399374348,4,OTHER,PLK,SAK,PLK4
STE7,-1.590833333333333,19,KRSA,0.7632950990615224,4,STE,STE7,MEK1,MAP2K1
STE7,-1.590833333333333,19,KRSA,0.7632950990615224,4,STE,STE7,MEK1,MAP2K2
STE7,-1.590833333333333,19,KRSA,0.7632950990615224,4,STE,STE7,MEK3,MAP2K3
STE7,-1.590833333333333,19,KRSA,0.7632950990615224,4,STE,STE7,MEK4,MAP2K4
STE7,-1.590833333333333,19,KRSA,0.7632950990615224,4,STE,STE7,MEK5,MAP2K5
STE7,-1.590833333333333,19,KRSA,0.7632950990615224,4,STE,STE7,MEK3,MAP2K6
STE7,-1.590833333333333,19,KRSA,0.7632950990615224,4,STE,STE7,MEK7,MAP2K7
NMO,-2.4458333333333333,13,KRSA,0.8383733055265902,4,CMGC,MAPK,NMO,NLK
PHK,-1.75,17,KRSA,0.7883211678832117,4,CAMK,PHK,PHK,PHKG1
PHK,-1.75,17,KRSA,0.7883211678832117,4,CAMK,PHK,PHK,PHKG2
QIK,-1.6875,18,KRSA,0.7758081334723671,4,CAMK,CAMKL,QIK,SIK1
QIK,-1.6875,18,KRSA,0.7758081334723671,4,CAMK,CAMKL,QIK,SIK2
PKA,3.3466666666666667,8,KRSA,0.9009384775808134,4,AGC,PKA,PKA,PRKACA
PKA,3.3466666666666667,8,KRSA,0.9009384775808134,4,AGC,PKA,PKA,PRKACB
PKA,3.3466666666666667,8,KRSA,0.9009384775808134,4,AGC,PKA,PKA,PRKACG
PKA,3.3466666666666667,8,KRSA,0.9009384775808134,4,AGC,PKA,PKA,PRKX
PKA,3.3466666666666667,8,KRSA,0.9009384775808134,4,AGC,PKA,PKA,PRKY
PRKDC,-1.2916666666666667,25,KRSA,0.6882168925964547,3,ATYPICAL,PIKK,DNAPK,PRKDC
CAMK1,2.524166666666667,11,KRSA,0.8633993743482794,4,CAMK,CAMK1,CAMK1,CAMK1
CAMK1,2.524166666666667,11,KRSA,0.8633993743482794,4,CAMK,CAMK1,CAMK1,CAMK1D
CAMK1,2.524166666666667,11,KRSA,0.8633993743482794,4,CAMK,CAMK1,CAMK1,CAMK1G
CAMK1,2.524166666666667,11,KRSA,0.8633993743482794,4,CAMK,CAMK1,CAMK1,CAMK4
CAMK1,2.524166666666667,11,KRSA,0.8633993743482794,4,CAMK,CAMK1,CAMK1,PNCK
DMPK,-0.6308333333333334,52,KRSA,0.337851929092805,2,AGC,DMPK,GEK,CDC42BPA
DMPK,-0.6308333333333334,52,KRSA,0.337851929092805,2,AGC,DMPK,GEK,CDC42BPB
DMPK,-0.6308333333333334,52,KRSA,0.337851929092805,2,AGC,DMPK,GEK,CDC42BPG
DMPK,-0.6308333333333334,52,KRSA,0.337851929092805,2,AGC,DMPK,CRIK,CIT
DMPK,-0.6308333333333334,52,KRSA,0.337851929092805,2,AGC,DMPK,GEK,DMPK
DMPK,-0.6308333333333334,52,KRSA,0.337851929092805,2,AGC,DMPK,ROCK,ROCK1
DMPK,-0.6308333333333334,52,KRSA,0.337851929092805,2,AGC,DMPK,ROCK,ROCK2
PKG,3.1791666666666667,9,KRSA,0.8884254431699687,4,AGC,PKG,PKG,PRKG1
PKG,3.1791666666666667,9,KRSA,0.8884254431699687,4,AGC,PKG,PKG,PRKG2
IKK,-0.67,51,KRSA,0.35036496350364965,2,OTHER,IKK,IKK,CHUK
IKK,-0.67,51,KRSA,0.35036496350364965,2,OTHER,IKK,IKK,IKBKB
IKK,-0.67,51,KRSA,0.35036496350364965,2,OTHER,IKK,IKK,IKBKE
IKK,-0.67,51,KRSA,0.35036496350364965,2,OTHER,IKK,IKK,TBK1
RAF,-1.8766666666666667,15,KRSA,0.8133472367049009,4,TKL,RAF,RAF,ARAF
RAF,-1.8766666666666667,15,KRSA,0.8133472367049009,4,TKL,RAF,RAF,BRAF
RAF,-1.8766666666666667,15,KRSA,0.8133472367049009,4,TKL,RAF,KSR,KSR1
RAF,-1.8766666666666667,15,KRSA,0.8133472367049009,4,TKL,RAF,KSR,KSR2
RAF,-1.8766666666666667,15,KRSA,0.8133472367049009,4,TKL,RAF,RAF,RAF1
LKB,-1.3241666666666667,22,KRSA,0.7257559958289885,3,CAMK,CAMKL,LKB,STK11
ATR,-1.3758333333333332,21,KRSA,0.7382690302398331,3,ATYPICAL,PIKK,ATR,ATR
CK1,-1.3091666666666666,23,KRSA,0.7132429614181439,3,CK1,CK1,CK1-A,CSNK1A1
CK1,-1.3091666666666666,23,KRSA,0.7132429614181439,3,CK1,CK1,CK1-A,CSNK1A1L
CK1,-1.3091666666666666,23,KRSA,0.7132429614181439,3,CK1,CK1,CK1-D,CSNK1D
CK1,-1.3091666666666666,23,KRSA,0.7132429614181439,3,CK1,CK1,CK1-D,CSNK1E
CK1,-1.3091666666666666,23,KRSA,0.7132429614181439,3,CK1,CK1,CK1-G,CSNK1G1
CK1,-1.3091666666666666,23,KRSA,0.7132429614181439,3,CK1,CK1,CK1-G,CSNK1G2
CK1,-1.3091666666666666,23,KRSA,0.7132429614181439,3,CK1,CK1,CK1-G,CSNK1G3
CK1,-1.3091666666666666,23,KRSA,0.7132429614181439,3,CK1,TTBK,TTBK,TTBK1
CK1,-1.3091666666666666,23,KRSA,0.7132429614181439,3,CK1,TTBK,TTBK,TTBK2
CK1,-1.3091666666666666,23,KRSA,0.7132429614181439,3,CK1,VRK,VRK,VRK3
MTOR,-1.8033333333333332,16,KRSA,0.8008342022940563,4,ATYPICAL,PIKK,FRAP,MTOR
MST,-2.1366666666666667,14,KRSA,0.8258602711157456,4,STE,STE20,MST,STK3
MST,-2.1366666666666667,14,KRSA,0.8258602711157456,4,STE,STE20,MST,STK4
TLK,-1.1916666666666669,29,KRSA,0.6381647549530761,3,OTHER,TLK,TLK,TLK1
TLK,-1.1916666666666669,29,KRSA,0.6381647549530761,3,OTHER,TLK,TLK,TLK2
MSN,0.3899999999999999,58,KRSA,0.26277372262773724,2,STE,STE20,MSN,MAP4K4
MSN,0.3899999999999999,58,KRSA,0.26277372262773724,2,STE,STE20,MSN,NRK
MSN,0.3899999999999999,58,KRSA,0.26277372262773724,2,STE,STE20,MSN,TNIK
PKCI,1.0533333333333337,33,KRSA,0.5881126173096975,3,AGC,PKC,IOTA,PRKCI
PKCI,1.0533333333333337,33,KRSA,0.5881126173096975,3,AGC,PKC,IOTA,PRKCZ
MLK,-0.30499999999999994,65,KRSA,0.17518248175182483,1,TKL,MLK,ILK,ILK
MLK,-0.30499999999999994,65,KRSA,0.17518248175182483,1,TKL,MLK,MLK,MAP3K10
MLK,-0.30499999999999994,65,KRSA,0.17518248175182483,1,TKL,MLK,MLK,MAP3K11
MLK,-0.30499999999999994,65,KRSA,0.17518248175182483,1,TKL,MLK,LZK,MAP3K12
MLK,-0.30499999999999994,65,KRSA,0.17518248175182483,1,TKL,MLK,LZK,MAP3K13
MLK,-0.30499999999999994,65,KRSA,0.17518248175182483,1,TKL,MLK,MLK,MAP3K9
MLK,-0.30499999999999994,65,KRSA,0.17518248175182483,1,TKL,MLK,HH498,TNNI3K
TTK,-1.1891666666666667,30,KRSA,0.6256517205422315,3,OTHER,TTK,TTK,TTK
VRK1,-1.035,34,KRSA,0.5755995828988529,3,CK1,VRK,VRK,VRK1
FRAY,-1.3825,20,KRSA,0.7507820646506778,4,STE,STE20,FRAY,OXSR1
FRAY,-1.3825,20,KRSA,0.7507820646506778,4,STE,STE20,FRAY,STK39
NUAK,-1.1841666666666666,31,KRSA,0.6131386861313869,3,CAMK,CAMKL,NUAK,NUAK1
NUAK,-1.1841666666666666,31,KRSA,0.6131386861313869,3,CAMK,CAMKL,NUAK,NUAK2
PDHK,0.3358333333333333,62,KRSA,0.2127215849843587,1,ATYPICAL,PDHK,BCKDK,BCKDK
PDHK,0.3358333333333333,62,KRSA,0.2127215849843587,1,ATYPICAL,PDHK,PDHK,PDK2
PDHK,0.3358333333333333,62,KRSA,0.2127215849843587,1,ATYPICAL,PDHK,PDHK,PDK3
PDHK,0.3358333333333333,62,KRSA,0.2127215849843587,1,ATYPICAL,PDHK,PDHK,PDK4
GSK,-0.9616666666666668,35,KRSA,0.5630865484880083,3,CMGC,GSK,GSK,GSK3A
GSK,-0.9616666666666668,35,KRSA,0.5630865484880083,3,CMGC,GSK,GSK,GSK3B
ATM,-0.6116666666666667,53,KRSA,0.32533889468196037,2,ATYPICAL,PIKK,ATM,ATM
DAPK,-0.8791666666666667,39,KRSA,0.5130344108446299,3,CAMK,DAPK,DAPK,DAPK1
DAPK,-0.8791666666666667,39,KRSA,0.5130344108446299,3,CAMK,DAPK,DAPK,DAPK2
DAPK,-0.8791666666666667,39,KRSA,0.5130344108446299,3,CAMK,DAPK,DAPK,DAPK3
DAPK,-0.8791666666666667,39,KRSA,0.5130344108446299,3,CAMK,DAPK,DRAK,STK17A
DAPK,-0.8791666666666667,39,KRSA,0.5130344108446299,3,CAMK,DAPK,DRAK,STK17B
STE11,-0.7233333333333333,48,KRSA,0.38790406673618355,2,TKL,MLK,TAK1,MAP3K7
STE11,-0.7233333333333333,48,KRSA,0.38790406673618355,2,STE,STE11,MEKK1,MAP3K1
STE11,-0.7233333333333333,48,KRSA,0.38790406673618355,2,STE,STE11,ASK,MAP3K15
STE11,-0.7233333333333333,48,KRSA,0.38790406673618355,2,STE,STE11,MEKK2,MAP3K2
STE11,-0.7233333333333333,48,KRSA,0.38790406673618355,2,STE,STE11,MEKK2,MAP3K3
STE11,-0.7233333333333333,48,KRSA,0.38790406673618355,2,STE,STE11,MEKK4,MAP3K4
STE11,-0.7233333333333333,48,KRSA,0.38790406673618355,2,STE,STE11,ASK,MAP3K5
STE11,-0.7233333333333333,48,KRSA,0.38790406673618355,2,STE,STE11,ASK,MAP3K6
CAMKK,-0.8233333333333334,45,KRSA,0.4254431699687174,2,OTHER,CAMKK,META,CAMKK1
CAMKK,-0.8233333333333334,45,KRSA,0.4254431699687174,2,OTHER,CAMKK,META,CAMKK2
WNK,-0.8391666666666666,41,KRSA,0.4880083420229406,2,OTHER,WNK,WNK,WNK1
WNK,-0.8391666666666666,41,KRSA,0.4880083420229406,2,OTHER,WNK,WNK,WNK2
WNK,-0.8391666666666666,41,KRSA,0.4880083420229406,2,OTHER,WNK,WNK,WNK3
WNK,-0.8391666666666666,41,KRSA,0.4880083420229406,2,OTHER,WNK,WNK,WNK4
NIK,-0.8383333333333334,42,KRSA,0.4629822732012513,2,STE,STE-UNIQUE,STE-UNIQUE,MAP3K14
CLK,-0.8383333333333334,42,KRSA,0.4629822732012513,2,CMGC,CLK,CLK,CLK1
CLK,-0.8383333333333334,42,KRSA,0.4629822732012513,2,CMGC,CLK,CLK,CLK2
CLK,-0.8383333333333334,42,KRSA,0.4629822732012513,2,CMGC,CLK,CLK,CLK3
CLK,-0.8383333333333334,42,KRSA,0.4629822732012513,2,CMGC,CLK,CLK,CLK4
BUD32,-0.8275,43,KRSA,0.4504692387904067,2,OTHER,BUD32,BUD32,TP53RK
MOS,-0.49583333333333335,55,KRSA,0.30031282586027114,2,OTHER,MOS,MOS,MOS
ULK,-0.8241666666666666,44,KRSA,0.43795620437956206,2,OTHER,ULK,FUSED,STK36
ULK,-0.8241666666666666,44,KRSA,0.43795620437956206,2,OTHER,ULK,ULK,ULK1
ULK,-0.8241666666666666,44,KRSA,0.43795620437956206,2,OTHER,ULK,ULK,ULK2
ULK,-0.8241666666666666,44,KRSA,0.43795620437956206,2,OTHER,ULK,ULK,ULK3
ULK,-0.8241666666666666,44,KRSA,0.43795620437956206,2,OTHER,ULK,ULK,ULK4
NEK,-0.32416666666666666,64,KRSA,0.18769551616266944,1,OTHER,NEK,NEK11,NEK11
NEK,-0.32416666666666666,64,KRSA,0.18769551616266944,1,OTHER,NEK,NEK2,NEK2
NEK,-0.32416666666666666,64,KRSA,0.18769551616266944,1,OTHER,NEK,NEK1,NEK3
NEK,-0.32416666666666666,64,KRSA,0.18769551616266944,1,OTHER,NEK,NEK4,NEK4
NEK,-0.32416666666666666,64,KRSA,0.18769551616266944,1,OTHER,NEK,NEK1,NEK5
NEK,-0.32416666666666666,64,KRSA,0.18769551616266944,1,OTHER,NEK,NEK6,NEK6
NEK,-0.32416666666666666,64,KRSA,0.18769551616266944,1,OTHER,NEK,NEK6,NEK7
NEK,-0.32416666666666666,64,KRSA,0.18769551616266944,1,OTHER,NEK,NEK8,NEK8
NEK,-0.32416666666666666,64,KRSA,0.18769551616266944,1,OTHER,NEK,NEK8,NEK9
CHK1,0.2441666666666667,67,KRSA,0.15015641293013557,1,CAMK,CAMKL,CHK1,CHEK1
PKCD,1.2083333333333333,27,KRSA,0.6631908237747653,3,AGC,PKC,DELTA,PRKCD
PKCD,1.2083333333333333,27,KRSA,0.6631908237747653,3,AGC,PKC,DELTA,PRKCQ
KHS,-0.1449999999999999,73,KRSA,0.07507820646506778,1,STE,STE20,KHS,MAP4K1
KHS,-0.1449999999999999,73,KRSA,0.07507820646506778,1,STE,STE20,KHS,MAP4K2
KHS,-0.1449999999999999,73,KRSA,0.07507820646506778,1,STE,STE20,KHS,MAP4K3
KHS,-0.1449999999999999,73,KRSA,0.07507820646506778,1,STE,STE20,KHS,MAP4K5
BRSK,0.04333333333333335,77,KRSA,0.02502606882168926,1,CAMK,CAMKL,BRSK,BRSK1
BRSK,0.04333333333333335,77,KRSA,0.02502606882168926,1,CAMK,CAMKL,BRSK,BRSK2
PASK,1.2475,26,KRSA,0.67570385818561,3,CAMK,CAMKL,PASK,PASK
TAO,0.17583333333333337,71,KRSA,0.10010427528675704,1,STE,STE20,TAO,TAOK1
TAO,0.17583333333333337,71,KRSA,0.10010427528675704,1,STE,STE20,TAO,TAOK2
TAO,0.17583333333333337,71,KRSA,0.10010427528675704,1,STE,STE20,TAO,TAOK3
SLK,-0.16666666666666663,72,KRSA,0.08759124087591241,1,STE,STE20,SLK,SLK
SLK,-0.16666666666666663,72,KRSA,0.08759124087591241,1,STE,STE20,SLK,STK10
RAD53,1.1975,28,KRSA,0.6506777893639207,3,CAMK,RAD53,RAD53,CHEK2
BARK2,-0.3383333333333333,61,KRSA,0.22523461939520334,1,AGC,GRK,BARK,GRK3
MELK,-0.3683333333333333,60,KRSA,0.23774765380604795,1,CAMK,CAMKL,MELK,MELK
NDR,0.01333333333333335,79,KRSA,0,1,AGC,NDR,NDR,LATS1
NDR,0.01333333333333335,79,KRSA,0,1,AGC,NDR,NDR,LATS2
NDR,0.01333333333333335,79,KRSA,0,1,AGC,NDR,NDR,STK38
NDR,0.01333333333333335,79,KRSA,0,1,AGC,NDR,NDR,STK38L
MAPKAPK,0.3733333333333333,59,KRSA,0.2502606882168926,2,CAMK,MAPKAPK,MAPKAPK,MAPKAPK2
MAPKAPK,0.3733333333333333,59,KRSA,0.2502606882168926,2,CAMK,MAPKAPK,MAPKAPK,MAPKAPK3
MAPKAPK,0.3733333333333333,59,KRSA,0.2502606882168926,2,CAMK,MAPKAPK,MAPKAPK,MAPKAPK5
MAPKAPK,0.3733333333333333,59,KRSA,0.2502606882168926,2,CAMK,MAPKAPK,MNK,MKNK1
MAPKAPK,0.3733333333333333,59,KRSA,0.2502606882168926,2,CAMK,MAPKAPK,MNK,MKNK2
STKR,-0.06833333333333336,76,KRSA,0.03753910323253389,1,TKL,STKR,TYPE1,ACVR1
STKR,-0.06833333333333336,76,KRSA,0.03753910323253389,1,TKL,STKR,TYPE1,ACVR1B
STKR,-0.06833333333333336,76,KRSA,0.03753910323253389,1,TKL,STKR,TYPE1,ACVR1C
STKR,-0.06833333333333336,76,KRSA,0.03753910323253389,1,TKL,STKR,TYPE2,ACVR2A
STKR,-0.06833333333333336,76,KRSA,0.03753910323253389,1,TKL,STKR,TYPE2,ACVR2B
STKR,-0.06833333333333336,76,KRSA,0.03753910323253389,1,TKL,STKR,TYPE1,ACVRL1
STKR,-0.06833333333333336,76,KRSA,0.03753910323253389,1,TKL,STKR,TYPE2,AMHR2
STKR,-0.06833333333333336,76,KRSA,0.03753910323253389,1,TKL,STKR,TYPE1,BMPR1A
STKR,-0.06833333333333336,76,KRSA,0.03753910323253389,1,TKL,STKR,TYPE1,BMPR1B
STKR,-0.06833333333333336,76,KRSA,0.03753910323253389,1,TKL,STKR,TYPE2,BMPR2
STKR,-0.06833333333333336,76,KRSA,0.03753910323253389,1,TKL,STKR,TYPE1,TGFBR1
STKR,-0.06833333333333336,76,KRSA,0.03753910323253389,1,TKL,STKR,TYPE2,TGFBR2
PKCH,-0.9558333333333332,36,KRSA,0.5505735140771637,3,AGC,PKC,ETA,PRKCE
PKCH,-0.9558333333333332,36,KRSA,0.5505735140771637,3,AGC,PKC,ETA,PRKCH
CAMK2,0.7225,49,KRSA,0.3753910323253389,2,CAMK,CAMK2,CAMK2,CAMK2A
CAMK2,0.7225,49,KRSA,0.3753910323253389,2,CAMK,CAMK2,CAMK2,CAMK2B
CAMK2,0.7225,49,KRSA,0.3753910323253389,2,CAMK,CAMK2,CAMK2,CAMK2D
CAMK2,0.7225,49,KRSA,0.3753910323253389,2,CAMK,CAMK2,CAMK2,CAMK2G
PIM,0.5358333333333333,54,KRSA,0.31282586027111575,2,CAMK,PIM,PIM,PIM1
PIM,0.5358333333333333,54,KRSA,0.31282586027111575,2,CAMK,PIM,PIM,PIM2
PIM,0.5358333333333333,54,KRSA,0.31282586027111575,2,CAMK,PIM,PIM,PIM3
IRAK,-0.2725,66,KRSA,0.16266944734098018,1,TKL,IRAK,IRAK,IRAK1
IRAK,-0.2725,66,KRSA,0.16266944734098018,1,TKL,IRAK,IRAK,IRAK2
IRAK,-0.2725,66,KRSA,0.16266944734098018,1,TKL,IRAK,IRAK,IRAK3
IRAK,-0.2725,66,KRSA,0.16266944734098018,1,TKL,IRAK,IRAK,IRAK4
AMPK,1.305,24,KRSA,0.7007299270072993,3,CAMK,CAMKL,AMPK,PRKAA1
AMPK,1.305,24,KRSA,0.7007299270072993,3,CAMK,CAMKL,AMPK,PRKAA2
SGK,0.08583333333333334,75,KRSA,0.05005213764337852,1,AGC,SGK,SGK,SGK1
SGK,0.08583333333333334,75,KRSA,0.05005213764337852,1,AGC,SGK,SGK,SGK2
SGK,0.08583333333333334,75,KRSA,0.05005213764337852,1,AGC,SGK,SGK,SGK3
PAKA,0.8458333333333334,40,KRSA,0.5005213764337852,3,STE,STE20,PAKA,PAK1
PAKA,0.8458333333333334,40,KRSA,0.5005213764337852,3,STE,STE20,PAKA,PAK2
PAKA,0.8458333333333334,40,KRSA,0.5005213764337852,3,STE,STE20,PAKA,PAK3
CK2,0.21166666666666664,68,KRSA,0.13764337851929093,1,CMGC,CK2,CK2,CSNK2A1
CK2,0.21166666666666664,68,KRSA,0.13764337851929093,1,CMGC,CK2,CK2,CSNK2A2
CK2,0.21166666666666664,68,KRSA,0.13764337851929093,1,NA,NA,NA,CSNK2A3
RIPK,1.169166666666667,32,KRSA,0.6006256517205423,3,TKL,RIPK,RIPK,ANKK1
RIPK,1.169166666666667,32,KRSA,0.6006256517205423,3,TKL,RIPK,RIPK,RIPK1
RIPK,1.169166666666667,32,KRSA,0.6006256517205423,3,TKL,RIPK,RIPK,RIPK2
RIPK,1.169166666666667,32,KRSA,0.6006256517205423,3,TKL,RIPK,RIPK,RIPK3
RIPK,1.169166666666667,32,KRSA,0.6006256517205423,3,TKL,RIPK,RIPK,RIPK4
PKD,0.8883333333333333,38,KRSA,0.5255474452554745,3,CAMK,PKD,PKD,PRKD1
PKD,0.8883333333333333,38,KRSA,0.5255474452554745,3,CAMK,PKD,PKD,PRKD2
PKD,0.8883333333333333,38,KRSA,0.5255474452554745,3,CAMK,PKD,PKD,PRKD3
HAL,0.8033333333333333,47,KRSA,0.40041710114702816,2,RGC,RGC,RGC,NPR1
NAK,-0.205,69,KRSA,0.1251303441084463,1,OTHER,NAK,BIKE,AAK1
NAK,-0.205,69,KRSA,0.1251303441084463,1,OTHER,NAK,BIKE,BMP2K
NAK,-0.205,69,KRSA,0.1251303441084463,1,OTHER,NAK,GAK,GAK
NAK,-0.205,69,KRSA,0.1251303441084463,1,OTHER,NAK,MPSK,STK16
PAKB,-0.8191666666666666,46,KRSA,0.4129301355578728,2,STE,STE20,PAKB,PAK4
PAKB,-0.8191666666666666,46,KRSA,0.4129301355578728,2,STE,STE20,PAKB,PAK5
PAKB,-0.8191666666666666,46,KRSA,0.4129301355578728,2,STE,STE20,PAKB,PAK6
PKN,-0.7191666666666666,50,KRSA,0.36287799791449427,2,AGC,PKN,PKN,PKN1
PKN,-0.7191666666666666,50,KRSA,0.36287799791449427,2,AGC,PKN,PKN,PKN2
PKN,-0.7191666666666666,50,KRSA,0.36287799791449427,2,AGC,PKN,PKN,PKN3
AUR,0.18666666666666668,70,KRSA,0.11261730969760167,1,OTHER,AUR,AUR,AURKA
AUR,0.18666666666666668,70,KRSA,0.11261730969760167,1,OTHER,AUR,AUR,AURKB
AUR,0.18666666666666668,70,KRSA,0.11261730969760167,1,OTHER,AUR,AUR,AURKC
MLCK,-0.3350000000000001,63,KRSA,0.20020855057351408,1,CAMK,MLCK,MLCK,MYLK
MLCK,-0.3350000000000001,63,KRSA,0.20020855057351408,1,CAMK,MLCK,MLCK,MYLK2
MLCK,-0.3350000000000001,63,KRSA,0.20020855057351408,1,CAMK,MLCK,MLCK,TTN
COT,-0.09000000000000002,74,KRSA,0.06256517205422316,1,STE,STE-UNIQUE,STE-UNIQUE,MAP3K8
RSK,0.905,37,KRSA,0.5380604796663191,3,AGC,RSK,RSK,RPS6KA1
RSK,0.905,37,KRSA,0.5380604796663191,3,AGC,RSK,RSK,RPS6KA2
RSK,0.905,37,KRSA,0.5380604796663191,3,AGC,RSK,RSK,RPS6KA3
RSK,0.905,37,KRSA,0.5380604796663191,3,AGC,RSK,MSK,RPS6KA4
RSK,0.905,37,KRSA,0.5380604796663191,3,AGC,RSK,MSK,RPS6KA5
RSK,0.905,37,KRSA,0.5380604796663191,3,AGC,RSK,RSK,RPS6KA6
RSK,0.905,37,KRSA,0.5380604796663191,3,AGC,RSK,P70,RPS6KB1
RSK,0.905,37,KRSA,0.5380604796663191,3,AGC,RSK,P70,RPS6KB2
GRK,0.45833333333333326,57,KRSA,0.27528675703858185,2,AGC,GRK,GRK,GRK1
GRK,0.45833333333333326,57,KRSA,0.27528675703858185,2,AGC,GRK,GRK,GRK4
GRK,0.45833333333333326,57,KRSA,0.27528675703858185,2,AGC,GRK,GRK,GRK5
GRK,0.45833333333333326,57,KRSA,0.27528675703858185,2,AGC,GRK,GRK,GRK6
GRK,0.45833333333333326,57,KRSA,0.27528675703858185,2,AGC,GRK,GRK,GRK7
AKT,-0.04333333333333331,78,KRSA,0.01251303441084463,1,AGC,AKT,AKT,AKT1
AKT,-0.04333333333333331,78,KRSA,0.01251303441084463,1,AGC,AKT,AKT,AKT2
AKT,-0.04333333333333331,78,KRSA,0.01251303441084463,1,AGC,AKT,AKT,AKT3
ERK,-4.4191666666666665,1,KRSA,0.9885297184567258,4,CMGC,MAPK,ERK1,MAPK1
ERK,-4.4191666666666665,1,KRSA,0.9885297184567258,4,CMGC,MAPK,ERK7,MAPK15
ERK,-4.4191666666666665,1,KRSA,0.9885297184567258,4,CMGC,MAPK,ERK1,MAPK3
ERK,-4.4191666666666665,1,KRSA,0.9885297184567258,4,CMGC,MAPK,ERK3,MAPK4
ERK,-4.4191666666666665,1,KRSA,0.9885297184567258,4,CMGC,MAPK,ERK3,MAPK6
ERK,-4.4191666666666665,1,KRSA,0.9885297184567258,4,CMGC,MAPK,ERK5,MAPK7
DYRK,-4.251666666666667,2,KRSA,0.9760166840458812,4,CMGC,DYRK,DYRK1,DYRK1A
DYRK,-4.251666666666667,2,KRSA,0.9760166840458812,4,CMGC,DYRK,DYRK1,DYRK1B
DYRK,-4.251666666666667,2,KRSA,0.9760166840458812,4,CMGC,DYRK,DYRK2,DYRK2
DYRK,-4.251666666666667,2,KRSA,0.9760166840458812,4,CMGC,DYRK,DYRK2,DYRK3
DYRK,-4.251666666666667,2,KRSA,0.9760166840458812,4,CMGC,DYRK,DYRK2,DYRK4
DYRK,-4.251666666666667,2,KRSA,0.9760166840458812,4,CMGC,DYRK,HIPK,HIPK1
DYRK,-4.251666666666667,2,KRSA,0.9760166840458812,4,CMGC,DYRK,HIPK,HIPK2
DYRK,-4.251666666666667,2,KRSA,0.9760166840458812,4,CMGC,DYRK,HIPK,HIPK3
DYRK,-4.251666666666667,2,KRSA,0.9760166840458812,4,CMGC,DYRK,HIPK,HIPK4
DYRK,-4.251666666666667,2,KRSA,0.9760166840458812,4,CMGC,DYRK,PRP4,PRPF4B
CDK,-3.8791666666666664,4,KRSA,0.9509906152241918,4,CMGC,CDK,CDC2,CDK1
CDK,-3.8791666666666664,4,KRSA,0.9509906152241918,4,CMGC,CDK,CDK10,CDK10
CDK,-3.8791666666666664,4,KRSA,0.9509906152241918,4,CMGC,CDK,CRK7,CDK12
CDK,-3.8791666666666664,4,KRSA,0.9509906152241918,4,CMGC,CDK,CRK7,CDK13
CDK,-3.8791666666666664,4,KRSA,0.9509906152241918,4,CMGC,CDK,PFTAIRE,CDK14
CDK,-3.8791666666666664,4,KRSA,0.9509906152241918,4,CMGC,CDK,PFTAIRE,CDK15
CDK,-3.8791666666666664,4,KRSA,0.9509906152241918,4,CMGC,CDK,PCTAIRE,CDK16
CDK,-3.8791666666666664,4,KRSA,0.9509906152241918,4,CMGC,CDK,PCTAIRE,CDK17
CDK,-3.8791666666666664,4,KRSA,0.9509906152241918,4,CMGC,CDK,PCTAIRE,CDK18
CDK,-3.8791666666666664,4,KRSA,0.9509906152241918,4,CMGC,CDK,CDK8,CDK19
CDK,-3.8791666666666664,4,KRSA,0.9509906152241918,4,CMGC,CDK,CDC2,CDK2
CDK,-3.8791666666666664,4,KRSA,0.9509906152241918,4,CMGC,CDK,CCRK,CDK20
CDK,-3.8791666666666664,4,KRSA,0.9509906152241918,4,CMGC,CDK,CDC2,CDK3
CDK,-3.8791666666666664,4,KRSA,0.9509906152241918,4,CMGC,CDK,CDK4,CDK4
CDK,-3.8791666666666664,4,KRSA,0.9509906152241918,4,CMGC,CDK,CDK5,CDK5
CDK,-3.8791666666666664,4,KRSA,0.9509906152241918,4,CMGC,CDK,CDK4,CDK6
CDK,-3.8791666666666664,4,KRSA,0.9509906152241918,4,CMGC,CDK,CDK7,CDK7
CDK,-3.8791666666666664,4,KRSA,0.9509906152241918,4,CMGC,CDK,CDK8,CDK8
CDK,-3.8791666666666664,4,KRSA,0.9509906152241918,4,CMGC,CDK,CDK9,CDK9
CDK,-3.8791666666666664,4,KRSA,0.9509906152241918,4,NA,NA,NA,CDK11A
CDK,-3.8791666666666664,4,KRSA,0.9509906152241918,4,NA,NA,NA,CDK11B
JNK,-3.9183333333333334,3,KRSA,0.9635036496350365,4,CMGC,MAPK,JNK,MAPK10
JNK,-3.9183333333333334,3,KRSA,0.9635036496350365,4,CMGC,MAPK,JNK,MAPK8
JNK,-3.9183333333333334,3,KRSA,0.9635036496350365,4,CMGC,MAPK,JNK,MAPK9
PKCA,-2.8325,10,KRSA,0.8759124087591241,4,AGC,PKC,ALPHA,PRKCA
PKCA,-2.8325,10,KRSA,0.8759124087591241,4,AGC,PKC,ALPHA,PRKCB
PKCA,-2.8325,10,KRSA,0.8759124087591241,4,AGC,PKC,ALPHA,PRKCG
P38,-3.43,6,KRSA,0.9259645464025026,4,CMGC,MAPK,P38,MAPK11
P38,-3.43,6,KRSA,0.9259645464025026,4,CMGC,MAPK,P38,MAPK12
P38,-3.43,6,KRSA,0.9259645464025026,4,CMGC,MAPK,P38,MAPK13
P38,-3.43,6,KRSA,0.9259645464025026,4,CMGC,MAPK,P38,MAPK14
PDK1,-3.865833333333333,5,KRSA,0.9384775808133472,4,ATYPICAL,PDHK,PDHK,PDK1
PDK1,-3.865833333333333,5,KRSA,0.9384775808133472,4,AGC,PDK1,PDK1,PDPK1
PEK,-3.3825,7,KRSA,0.913451511991658,4,OTHER,PEK,HRI,EIF2AK1
PEK,-3.3825,7,KRSA,0.913451511991658,4,OTHER,PEK,PKR,EIF2AK2
PEK,-3.3825,7,KRSA,0.913451511991658,4,OTHER,PEK,PEK,EIF2AK3
PEK,-3.3825,7,KRSA,0.913451511991658,4,OTHER,PEK,GCN2,EIF2AK4
NMO,-2.4458333333333333,13,KRSA,0.8383733055265902,4,CMGC,MAPK,NMO,NLK
PKA,3.3466666666666667,8,KRSA,0.9009384775808134,4,AGC,PKA,PKA,PRKACA
PKA,3.3466666666666667,8,KRSA,0.9009384775808134,4,AGC,PKA,PKA,PRKACB
PKA,3.3466666666666667,8,KRSA,0.9009384775808134,4,AGC,PKA,PKA,PRKACG
PKA,3.3466666666666667,8,KRSA,0.9009384775808134,4,AGC,PKA,PKA,PRKX
PKA,3.3466666666666667,8,KRSA,0.9009384775808134,4,AGC,PKA,PKA,PRKY
STE7,-1.590833333333333,19,KRSA,0.7632950990615224,4,STE,STE7,MEK1,MAP2K1
STE7,-1.590833333333333,19,KRSA,0.7632950990615224,4,STE,STE7,MEK1,MAP2K2
STE7,-1.590833333333333,19,KRSA,0.7632950990615224,4,STE,STE7,MEK3,MAP2K3
STE7,-1.590833333333333,19,KRSA,0.7632950990615224,4,STE,STE7,MEK4,MAP2K4
STE7,-1.590833333333333,19,KRSA,0.7632950990615224,4,STE,STE7,MEK5,MAP2K5
STE7,-1.590833333333333,19,KRSA,0.7632950990615224,4,STE,STE7,MEK3,MAP2K6
STE7,-1.590833333333333,19,KRSA,0.7632950990615224,4,STE,STE7,MEK7,MAP2K7
PLK,-2.5033333333333334,12,KRSA,0.8508863399374348,4,NA,NA,NA,PLK5
PLK,-2.5033333333333334,12,KRSA,0.8508863399374348,4,OTHER,PLK,PLK1,PLK1
PLK,-2.5033333333333334,12,KRSA,0.8508863399374348,4,OTHER,PLK,PLK2,PLK2
PLK,-2.5033333333333334,12,KRSA,0.8508863399374348,4,OTHER,PLK,PLK2,PLK3
PLK,-2.5033333333333334,12,KRSA,0.8508863399374348,4,OTHER,PLK,SAK,PLK4
CAMK1,2.524166666666667,11,KRSA,0.8633993743482794,4,CAMK,CAMK1,CAMK1,CAMK1
CAMK1,2.524166666666667,11,KRSA,0.8633993743482794,4,CAMK,CAMK1,CAMK1,CAMK1D
CAMK1,2.524166666666667,11,KRSA,0.8633993743482794,4,CAMK,CAMK1,CAMK1,CAMK1G
CAMK1,2.524166666666667,11,KRSA,0.8633993743482794,4,CAMK,CAMK1,CAMK1,CAMK4
CAMK1,2.524166666666667,11,KRSA,0.8633993743482794,4,CAMK,CAMK1,CAMK1,PNCK
QIK,-1.6875,18,KRSA,0.7758081334723671,4,CAMK,CAMKL,QIK,SIK1
QIK,-1.6875,18,KRSA,0.7758081334723671,4,CAMK,CAMKL,QIK,SIK2
PHK,-1.75,17,KRSA,0.7883211678832117,4,CAMK,PHK,PHK,PHKG1
PHK,-1.75,17,KRSA,0.7883211678832117,4,CAMK,PHK,PHK,PHKG2
PKG,3.1791666666666667,9,KRSA,0.8884254431699687,4,AGC,PKG,PKG,PRKG1
PKG,3.1791666666666667,9,KRSA,0.8884254431699687,4,AGC,PKG,PKG,PRKG2
PRKDC,-1.2916666666666667,25,KRSA,0.6882168925964547,3,ATYPICAL,PIKK,DNAPK,PRKDC
RAF,-1.8766666666666667,15,KRSA,0.8133472367049009,4,TKL,RAF,RAF,ARAF
RAF,-1.8766666666666667,15,KRSA,0.8133472367049009,4,TKL,RAF,RAF,BRAF
RAF,-1.8766666666666667,15,KRSA,0.8133472367049009,4,TKL,RAF,KSR,KSR1
RAF,-1.8766666666666667,15,KRSA,0.8133472367049009,4,TKL,RAF,KSR,KSR2
RAF,-1.8766666666666667,15,KRSA,0.8133472367049009,4,TKL,RAF,RAF,RAF1
VRK1,-1.035,34,KRSA,0.5755995828988529,3,CK1,VRK,VRK,VRK1
DMPK,-0.6308333333333334,52,KRSA,0.337851929092805,2,AGC,DMPK,GEK,CDC42BPA
DMPK,-0.6308333333333334,52,KRSA,0.337851929092805,2,AGC,DMPK,GEK,CDC42BPB
DMPK,-0.6308333333333334,52,KRSA,0.337851929092805,2,AGC,DMPK,GEK,CDC42BPG
DMPK,-0.6308333333333334,52,KRSA,0.337851929092805,2,AGC,DMPK,CRIK,CIT
DMPK,-0.6308333333333334,52,KRSA,0.337851929092805,2,AGC,DMPK,GEK,DMPK
DMPK,-0.6308333333333334,52,KRSA,0.337851929092805,2,AGC,DMPK,ROCK,ROCK1
DMPK,-0.6308333333333334,52,KRSA,0.337851929092805,2,AGC,DMPK,ROCK,ROCK2
IKK,-0.67,51,KRSA,0.35036496350364965,2,OTHER,IKK,IKK,CHUK
IKK,-0.67,51,KRSA,0.35036496350364965,2,OTHER,IKK,IKK,IKBKB
IKK,-0.67,51,KRSA,0.35036496350364965,2,OTHER,IKK,IKK,IKBKE
IKK,-0.67,51,KRSA,0.35036496350364965,2,OTHER,IKK,IKK,TBK1
ATR,-1.3758333333333332,21,KRSA,0.7382690302398331,3,ATYPICAL,PIKK,ATR,ATR
MST,-2.1366666666666667,14,KRSA,0.8258602711157456,4,STE,STE20,MST,STK3
MST,-2.1366666666666667,14,KRSA,0.8258602711157456,4,STE,STE20,MST,STK4
CK1,-1.3091666666666666,23,KRSA,0.7132429614181439,3,CK1,CK1,CK1-A,CSNK1A1
CK1,-1.3091666666666666,23,KRSA,0.7132429614181439,3,CK1,CK1,CK1-A,CSNK1A1L
CK1,-1.3091666666666666,23,KRSA,0.7132429614181439,3,CK1,CK1,CK1-D,CSNK1D
CK1,-1.3091666666666666,23,KRSA,0.7132429614181439,3,CK1,CK1,CK1-D,CSNK1E
CK1,-1.3091666666666666,23,KRSA,0.7132429614181439,3,CK1,CK1,CK1-G,CSNK1G1
CK1,-1.3091666666666666,23,KRSA,0.7132429614181439,3,CK1,CK1,CK1-G,CSNK1G2
CK1,-1.3091666666666666,23,KRSA,0.7132429614181439,3,CK1,CK1,CK1-G,CSNK1G3
CK1,-1.3091666666666666,23,KRSA,0.7132429614181439,3,CK1,TTBK,TTBK,TTBK1
CK1,-1.3091666666666666,23,KRSA,0.7132429614181439,3,CK1,TTBK,TTBK,TTBK2
CK1,-1.3091666666666666,23,KRSA,0.7132429614181439,3,CK1,VRK,VRK,VRK3
DAPK,-0.8791666666666667,39,KRSA,0.5130344108446299,3,CAMK,DAPK,DAPK,DAPK1
DAPK,-0.8791666666666667,39,KRSA,0.5130344108446299,3,CAMK,DAPK,DAPK,DAPK2
DAPK,-0.8791666666666667,39,KRSA,0.5130344108446299,3,CAMK,DAPK,DAPK,DAPK3
DAPK,-0.8791666666666667,39,KRSA,0.5130344108446299,3,CAMK,DAPK,DRAK,STK17A
DAPK,-0.8791666666666667,39,KRSA,0.5130344108446299,3,CAMK,DAPK,DRAK,STK17B
GSK,-0.9616666666666668,35,KRSA,0.5630865484880083,3,CMGC,GSK,GSK,GSK3A
GSK,-0.9616666666666668,35,KRSA,0.5630865484880083,3,CMGC,GSK,GSK,GSK3B
PKCI,1.0533333333333337,33,KRSA,0.5881126173096975,3,AGC,PKC,IOTA,PRKCI
PKCI,1.0533333333333337,33,KRSA,0.5881126173096975,3,AGC,PKC,IOTA,PRKCZ
PKCD,1.2083333333333333,27,KRSA,0.6631908237747653,3,AGC,PKC,DELTA,PRKCD
PKCD,1.2083333333333333,27,KRSA,0.6631908237747653,3,AGC,PKC,DELTA,PRKCQ
LKB,-1.3241666666666667,22,KRSA,0.7257559958289885,3,CAMK,CAMKL,LKB,STK11
MTOR,-1.8033333333333332,16,KRSA,0.8008342022940563,4,ATYPICAL,PIKK,FRAP,MTOR
AMPK,1.305,24,KRSA,0.7007299270072993,3,CAMK,CAMKL,AMPK,PRKAA1
AMPK,1.305,24,KRSA,0.7007299270072993,3,CAMK,CAMKL,AMPK,PRKAA2
MLK,-0.30499999999999994,65,KRSA,0.17518248175182483,1,TKL,MLK,ILK,ILK
MLK,-0.30499999999999994,65,KRSA,0.17518248175182483,1,TKL,MLK,MLK,MAP3K10
MLK,-0.30499999999999994,65,KRSA,0.17518248175182483,1,TKL,MLK,MLK,MAP3K11
MLK,-0.30499999999999994,65,KRSA,0.17518248175182483,1,TKL,MLK,LZK,MAP3K12
MLK,-0.30499999999999994,65,KRSA,0.17518248175182483,1,TKL,MLK,LZK,MAP3K13
MLK,-0.30499999999999994,65,KRSA,0.17518248175182483,1,TKL,MLK,MLK,MAP3K9
MLK,-0.30499999999999994,65,KRSA,0.17518248175182483,1,TKL,MLK,HH498,TNNI3K
TLK,-1.1916666666666669,29,KRSA,0.6381647549530761,3,OTHER,TLK,TLK,TLK1
TLK,-1.1916666666666669,29,KRSA,0.6381647549530761,3,OTHER,TLK,TLK,TLK2
NUAK,-1.1841666666666666,31,KRSA,0.6131386861313869,3,CAMK,CAMKL,NUAK,NUAK1
NUAK,-1.1841666666666666,31,KRSA,0.6131386861313869,3,CAMK,CAMKL,NUAK,NUAK2
TTK,-1.1891666666666667,30,KRSA,0.6256517205422315,3,OTHER,TTK,TTK,TTK
PKN,-0.7191666666666666,50,KRSA,0.36287799791449427,2,AGC,PKN,PKN,PKN1
PKN,-0.7191666666666666,50,KRSA,0.36287799791449427,2,AGC,PKN,PKN,PKN2
PKN,-0.7191666666666666,50,KRSA,0.36287799791449427,2,AGC,PKN,PKN,PKN3
CAMK2,0.7225,49,KRSA,0.3753910323253389,2,CAMK,CAMK2,CAMK2,CAMK2A
CAMK2,0.7225,49,KRSA,0.3753910323253389,2,CAMK,CAMK2,CAMK2,CAMK2B
CAMK2,0.7225,49,KRSA,0.3753910323253389,2,CAMK,CAMK2,CAMK2,CAMK2D
CAMK2,0.7225,49,KRSA,0.3753910323253389,2,CAMK,CAMK2,CAMK2,CAMK2G
FRAY,-1.3825,20,KRSA,0.7507820646506778,4,STE,STE20,FRAY,OXSR1
FRAY,-1.3825,20,KRSA,0.7507820646506778,4,STE,STE20,FRAY,STK39
PAKA,0.8458333333333334,40,KRSA,0.5005213764337852,3,STE,STE20,PAKA,PAK1
PAKA,0.8458333333333334,40,KRSA,0.5005213764337852,3,STE,STE20,PAKA,PAK2
PAKA,0.8458333333333334,40,KRSA,0.5005213764337852,3,STE,STE20,PAKA,PAK3
IRAK,-0.2725,66,KRSA,0.16266944734098018,1,TKL,IRAK,IRAK,IRAK1
IRAK,-0.2725,66,KRSA,0.16266944734098018,1,TKL,IRAK,IRAK,IRAK2
IRAK,-0.2725,66,KRSA,0.16266944734098018,1,TKL,IRAK,IRAK,IRAK3
IRAK,-0.2725,66,KRSA,0.16266944734098018,1,TKL,IRAK,IRAK,IRAK4
SLK,-0.16666666666666663,72,KRSA,0.08759124087591241,1,STE,STE20,SLK,SLK
SLK,-0.16666666666666663,72,KRSA,0.08759124087591241,1,STE,STE20,SLK,STK10
MSN,0.3899999999999999,58,KRSA,0.26277372262773724,2,STE,STE20,MSN,MAP4K4
MSN,0.3899999999999999,58,KRSA,0.26277372262773724,2,STE,STE20,MSN,NRK
MSN,0.3899999999999999,58,KRSA,0.26277372262773724,2,STE,STE20,MSN,TNIK
TAO,0.17583333333333337,71,KRSA,0.10010427528675704,1,STE,STE20,TAO,TAOK1
TAO,0.17583333333333337,71,KRSA,0.10010427528675704,1,STE,STE20,TAO,TAOK2
TAO,0.17583333333333337,71,KRSA,0.10010427528675704,1,STE,STE20,TAO,TAOK3
PASK,1.2475,26,KRSA,0.67570385818561,3,CAMK,CAMKL,PASK,PASK
CLK,-0.8383333333333334,42,KRSA,0.4629822732012513,2,CMGC,CLK,CLK,CLK1
CLK,-0.8383333333333334,42,KRSA,0.4629822732012513,2,CMGC,CLK,CLK,CLK2
CLK,-0.8383333333333334,42,KRSA,0.4629822732012513,2,CMGC,CLK,CLK,CLK3
CLK,-0.8383333333333334,42,KRSA,0.4629822732012513,2,CMGC,CLK,CLK,CLK4
WNK,-0.8391666666666666,41,KRSA,0.4880083420229406,2,OTHER,WNK,WNK,WNK1
WNK,-0.8391666666666666,41,KRSA,0.4880083420229406,2,OTHER,WNK,WNK,WNK2
WNK,-0.8391666666666666,41,KRSA,0.4880083420229406,2,OTHER,WNK,WNK,WNK3
WNK,-0.8391666666666666,41,KRSA,0.4880083420229406,2,OTHER,WNK,WNK,WNK4
NIK,-0.8383333333333334,42,KRSA,0.4629822732012513,2,STE,STE-UNIQUE,STE-UNIQUE,MAP3K14
SGK,0.08583333333333334,75,KRSA,0.05005213764337852,1,AGC,SGK,SGK,SGK1
SGK,0.08583333333333334,75,KRSA,0.05005213764337852,1,AGC,SGK,SGK,SGK2
SGK,0.08583333333333334,75,KRSA,0.05005213764337852,1,AGC,SGK,SGK,SGK3
MOS,-0.49583333333333335,55,KRSA,0.30031282586027114,2,OTHER,MOS,MOS,MOS
KHS,-0.1449999999999999,73,KRSA,0.07507820646506778,1,STE,STE20,KHS,MAP4K1
KHS,-0.1449999999999999,73,KRSA,0.07507820646506778,1,STE,STE20,KHS,MAP4K2
KHS,-0.1449999999999999,73,KRSA,0.07507820646506778,1,STE,STE20,KHS,MAP4K3
KHS,-0.1449999999999999,73,KRSA,0.07507820646506778,1,STE,STE20,KHS,MAP4K5
CAMKK,-0.8233333333333334,45,KRSA,0.4254431699687174,2,OTHER,CAMKK,META,CAMKK1
CAMKK,-0.8233333333333334,45,KRSA,0.4254431699687174,2,OTHER,CAMKK,META,CAMKK2
BRSK,0.04333333333333335,77,KRSA,0.02502606882168926,1,CAMK,CAMKL,BRSK,BRSK1
BRSK,0.04333333333333335,77,KRSA,0.02502606882168926,1,CAMK,CAMKL,BRSK,BRSK2
BUD32,-0.8275,43,KRSA,0.4504692387904067,2,OTHER,BUD32,BUD32,TP53RK
ULK,-0.8241666666666666,44,KRSA,0.43795620437956206,2,OTHER,ULK,FUSED,STK36
ULK,-0.8241666666666666,44,KRSA,0.43795620437956206,2,OTHER,ULK,ULK,ULK1
ULK,-0.8241666666666666,44,KRSA,0.43795620437956206,2,OTHER,ULK,ULK,ULK2
ULK,-0.8241666666666666,44,KRSA,0.43795620437956206,2,OTHER,ULK,ULK,ULK3
ULK,-0.8241666666666666,44,KRSA,0.43795620437956206,2,OTHER,ULK,ULK,ULK4
PKCH,-0.9558333333333332,36,KRSA,0.5505735140771637,3,AGC,PKC,ETA,PRKCE
PKCH,-0.9558333333333332,36,KRSA,0.5505735140771637,3,AGC,PKC,ETA,PRKCH
ATM,-0.6116666666666667,53,KRSA,0.32533889468196037,2,ATYPICAL,PIKK,ATM,ATM
AKT,-0.04333333333333331,78,KRSA,0.01251303441084463,1,AGC,AKT,AKT,AKT1
AKT,-0.04333333333333331,78,KRSA,0.01251303441084463,1,AGC,AKT,AKT,AKT2
AKT,-0.04333333333333331,78,KRSA,0.01251303441084463,1,AGC,AKT,AKT,AKT3
RSK,0.905,37,KRSA,0.5380604796663191,3,AGC,RSK,RSK,RPS6KA1
RSK,0.905,37,KRSA,0.5380604796663191,3,AGC,RSK,RSK,RPS6KA2
RSK,0.905,37,KRSA,0.5380604796663191,3,AGC,RSK,RSK,RPS6KA3
RSK,0.905,37,KRSA,0.5380604796663191,3,AGC,RSK,MSK,RPS6KA4
RSK,0.905,37,KRSA,0.5380604796663191,3,AGC,RSK,MSK,RPS6KA5
RSK,0.905,37,KRSA,0.5380604796663191,3,AGC,RSK,RSK,RPS6KA6
RSK,0.905,37,KRSA,0.5380604796663191,3,AGC,RSK,P70,RPS6KB1
RSK,0.905,37,KRSA,0.5380604796663191,3,AGC,RSK,P70,RPS6KB2
PKD,0.8883333333333333,38,KRSA,0.5255474452554745,3,CAMK,PKD,PKD,PRKD1
PKD,0.8883333333333333,38,KRSA,0.5255474452554745,3,CAMK,PKD,PKD,PRKD2
PKD,0.8883333333333333,38,KRSA,0.5255474452554745,3,CAMK,PKD,PKD,PRKD3
GRK,0.45833333333333326,57,KRSA,0.27528675703858185,2,AGC,GRK,GRK,GRK1
GRK,0.45833333333333326,57,KRSA,0.27528675703858185,2,AGC,GRK,GRK,GRK4
GRK,0.45833333333333326,57,KRSA,0.27528675703858185,2,AGC,GRK,GRK,GRK5
GRK,0.45833333333333326,57,KRSA,0.27528675703858185,2,AGC,GRK,GRK,GRK6
GRK,0.45833333333333326,57,KRSA,0.27528675703858185,2,AGC,GRK,GRK,GRK7
MAPKAPK,0.3733333333333333,59,KRSA,0.2502606882168926,2,CAMK,MAPKAPK,MAPKAPK,MAPKAPK2
MAPKAPK,0.3733333333333333,59,KRSA,0.2502606882168926,2,CAMK,MAPKAPK,MAPKAPK,MAPKAPK3
MAPKAPK,0.3733333333333333,59,KRSA,0.2502606882168926,2,CAMK,MAPKAPK,MAPKAPK,MAPKAPK5
MAPKAPK,0.3733333333333333,59,KRSA,0.2502606882168926,2,CAMK,MAPKAPK,MNK,MKNK1
MAPKAPK,0.3733333333333333,59,KRSA,0.2502606882168926,2,CAMK,MAPKAPK,MNK,MKNK2
NEK,-0.32416666666666666,64,KRSA,0.18769551616266944,1,OTHER,NEK,NEK11,NEK11
NEK,-0.32416666666666666,64,KRSA,0.18769551616266944,1,OTHER,NEK,NEK2,NEK2
NEK,-0.32416666666666666,64,KRSA,0.18769551616266944,1,OTHER,NEK,NEK1,NEK3
NEK,-0.32416666666666666,64,KRSA,0.18769551616266944,1,OTHER,NEK,NEK4,NEK4
NEK,-0.32416666666666666,64,KRSA,0.18769551616266944,1,OTHER,NEK,NEK1,NEK5
NEK,-0.32416666666666666,64,KRSA,0.18769551616266944,1,OTHER,NEK,NEK6,NEK6
NEK,-0.32416666666666666,64,KRSA,0.18769551616266944,1,OTHER,NEK,NEK6,NEK7
NEK,-0.32416666666666666,64,KRSA,0.18769551616266944,1,OTHER,NEK,NEK8,NEK8
NEK,-0.32416666666666666,64,KRSA,0.18769551616266944,1,OTHER,NEK,NEK8,NEK9
STE11,-0.7233333333333333,48,KRSA,0.38790406673618355,2,TKL,MLK,TAK1,MAP3K7
STE11,-0.7233333333333333,48,KRSA,0.38790406673618355,2,STE,STE11,MEKK1,MAP3K1
STE11,-0.7233333333333333,48,KRSA,0.38790406673618355,2,STE,STE11,ASK,MAP3K15
STE11,-0.7233333333333333,48,KRSA,0.38790406673618355,2,STE,STE11,MEKK2,MAP3K2
STE11,-0.7233333333333333,48,KRSA,0.38790406673618355,2,STE,STE11,MEKK2,MAP3K3
STE11,-0.7233333333333333,48,KRSA,0.38790406673618355,2,STE,STE11,MEKK4,MAP3K4
STE11,-0.7233333333333333,48,KRSA,0.38790406673618355,2,STE,STE11,ASK,MAP3K5
STE11,-0.7233333333333333,48,KRSA,0.38790406673618355,2,STE,STE11,ASK,MAP3K6
MELK,-0.3683333333333333,60,KRSA,0.23774765380604795,1,CAMK,CAMKL,MELK,MELK
BARK2,-0.3383333333333333,61,KRSA,0.22523461939520334,1,AGC,GRK,BARK,GRK3
MLCK,-0.3350000000000001,63,KRSA,0.20020855057351408,1,CAMK,MLCK,MLCK,MYLK
MLCK,-0.3350000000000001,63,KRSA,0.20020855057351408,1,CAMK,MLCK,MLCK,MYLK2
MLCK,-0.3350000000000001,63,KRSA,0.20020855057351408,1,CAMK,MLCK,MLCK,TTN
PDHK,0.3358333333333333,62,KRSA,0.2127215849843587,1,ATYPICAL,PDHK,BCKDK,BCKDK
PDHK,0.3358333333333333,62,KRSA,0.2127215849843587,1,ATYPICAL,PDHK,PDHK,PDK2
PDHK,0.3358333333333333,62,KRSA,0.2127215849843587,1,ATYPICAL,PDHK,PDHK,PDK3
PDHK,0.3358333333333333,62,KRSA,0.2127215849843587,1,ATYPICAL,PDHK,PDHK,PDK4
COT,-0.09000000000000002,74,KRSA,0.06256517205422316,1,STE,STE-UNIQUE,STE-UNIQUE,MAP3K8
NDR,0.01333333333333335,79,KRSA,0,1,AGC,NDR,NDR,LATS1
NDR,0.01333333333333335,79,KRSA,0,1,AGC,NDR,NDR,LATS2
NDR,0.01333333333333335,79,KRSA,0,1,AGC,NDR,NDR,STK38
NDR,0.01333333333333335,79,KRSA,0,1,AGC,NDR,NDR,STK38L
AUR,0.18666666666666668,70,KRSA,0.11261730969760167,1,OTHER,AUR,AUR,AURKA
AUR,0.18666666666666668,70,KRSA,0.11261730969760167,1,OTHER,AUR,AUR,AURKB
AUR,0.18666666666666668,70,KRSA,0.11261730969760167,1,OTHER,AUR,AUR,AURKC
STKR,-0.06833333333333336,76,KRSA,0.03753910323253389,1,TKL,STKR,TYPE1,ACVR1
STKR,-0.06833333333333336,76,KRSA,0.03753910323253389,1,TKL,STKR,TYPE1,ACVR1B
STKR,-0.06833333333333336,76,KRSA,0.03753910323253389,1,TKL,STKR,TYPE1,ACVR1C
STKR,-0.06833333333333336,76,KRSA,0.03753910323253389,1,TKL,STKR,TYPE2,ACVR2A
STKR,-0.06833333333333336,76,KRSA,0.03753910323253389,1,TKL,STKR,TYPE2,ACVR2B
STKR,-0.06833333333333336,76,KRSA,0.03753910323253389,1,TKL,STKR,TYPE1,ACVRL1
STKR,-0.06833333333333336,76,KRSA,0.03753910323253389,1,TKL,STKR,TYPE2,AMHR2
STKR,-0.06833333333333336,76,KRSA,0.03753910323253389,1,TKL,STKR,TYPE1,BMPR1A
STKR,-0.06833333333333336,76,KRSA,0.03753910323253389,1,TKL,STKR,TYPE1,BMPR1B
STKR,-0.06833333333333336,76,KRSA,0.03753910323253389,1,TKL,STKR,TYPE2,BMPR2
STKR,-0.06833333333333336,76,KRSA,0.03753910323253389,1,TKL,STKR,TYPE1,TGFBR1
STKR,-0.06833333333333336,76,KRSA,0.03753910323253389,1,TKL,STKR,TYPE2,TGFBR2
CHK1,0.2441666666666667,67,KRSA,0.15015641293013557,1,CAMK,CAMKL,CHK1,CHEK1
RIPK,1.169166666666667,32,KRSA,0.6006256517205423,3,TKL,RIPK,RIPK,ANKK1
RIPK,1.169166666666667,32,KRSA,0.6006256517205423,3,TKL,RIPK,RIPK,RIPK1
RIPK,1.169166666666667,32,KRSA,0.6006256517205423,3,TKL,RIPK,RIPK,RIPK2
RIPK,1.169166666666667,32,KRSA,0.6006256517205423,3,TKL,RIPK,RIPK,RIPK3
RIPK,1.169166666666667,32,KRSA,0.6006256517205423,3,TKL,RIPK,RIPK,RIPK4
PIM,0.5358333333333333,54,KRSA,0.31282586027111575,2,CAMK,PIM,PIM,PIM1
PIM,0.5358333333333333,54,KRSA,0.31282586027111575,2,CAMK,PIM,PIM,PIM2
PIM,0.5358333333333333,54,KRSA,0.31282586027111575,2,CAMK,PIM,PIM,PIM3
RAD53,1.1975,28,KRSA,0.6506777893639207,3,CAMK,RAD53,RAD53,CHEK2
CK2,0.21166666666666664,68,KRSA,0.13764337851929093,1,CMGC,CK2,CK2,CSNK2A1
CK2,0.21166666666666664,68,KRSA,0.13764337851929093,1,CMGC,CK2,CK2,CSNK2A2
CK2,0.21166666666666664,68,KRSA,0.13764337851929093,1,NA,NA,NA,CSNK2A3
PAKB,-0.8191666666666666,46,KRSA,0.4129301355578728,2,STE,STE20,PAKB,PAK4
PAKB,-0.8191666666666666,46,KRSA,0.4129301355578728,2,STE,STE20,PAKB,PAK5
PAKB,-0.8191666666666666,46,KRSA,0.4129301355578728,2,STE,STE20,PAKB,PAK6
HAL,0.8033333333333333,47,KRSA,0.40041710114702816,2,RGC,RGC,RGC,NPR1
NAK,-0.205,69,KRSA,0.1251303441084463,1,OTHER,NAK,BIKE,AAK1
NAK,-0.205,69,KRSA,0.1251303441084463,1,OTHER,NAK,BIKE,BMP2K
NAK,-0.205,69,KRSA,0.1251303441084463,1,OTHER,NAK,GAK,GAK
NAK,-0.205,69,KRSA,0.1251303441084463,1,OTHER,NAK,MPSK,STK16
ERK,-4.4191666666666665,1,KRSA,0.9885297184567258,4,CMGC,MAPK,ERK1,MAPK1
ERK,-4.4191666666666665,1,KRSA,0.9885297184567258,4,CMGC,MAPK,ERK7,MAPK15
ERK,-4.4191666666666665,1,KRSA,0.9885297184567258,4,CMGC,MAPK,ERK1,MAPK3
ERK,-4.4191666666666665,1,KRSA,0.9885297184567258,4,CMGC,MAPK,ERK3,MAPK4
ERK,-4.4191666666666665,1,KRSA,0.9885297184567258,4,CMGC,MAPK,ERK3,MAPK6
ERK,-4.4191666666666665,1,KRSA,0.9885297184567258,4,CMGC,MAPK,ERK5,MAPK7
DYRK,-4.251666666666667,2,KRSA,0.9760166840458812,4,CMGC,DYRK,DYRK1,DYRK1A
DYRK,-4.251666666666667,2,KRSA,0.9760166840458812,4,CMGC,DYRK,DYRK1,DYRK1B
DYRK,-4.251666666666667,2,KRSA,0.9760166840458812,4,CMGC,DYRK,DYRK2,DYRK2
DYRK,-4.251666666666667,2,KRSA,0.9760166840458812,4,CMGC,DYRK,DYRK2,DYRK3
DYRK,-4.251666666666667,2,KRSA,0.9760166840458812,4,CMGC,DYRK,DYRK2,DYRK4
DYRK,-4.251666666666667,2,KRSA,0.9760166840458812,4,CMGC,DYRK,HIPK,HIPK1
DYRK,-4.251666666666667,2,KRSA,0.9760166840458812,4,CMGC,DYRK,HIPK,HIPK2
DYRK,-4.251666666666667,2,KRSA,0.9760166840458812,4,CMGC,DYRK,HIPK,HIPK3
DYRK,-4.251666666666667,2,KRSA,0.9760166840458812,4,CMGC,DYRK,HIPK,HIPK4
DYRK,-4.251666666666667,2,KRSA,0.9760166840458812,4,CMGC,DYRK,PRP4,PRPF4B
JNK,-3.9183333333333334,3,KRSA,0.9635036496350365,4,CMGC,MAPK,JNK,MAPK10
JNK,-3.9183333333333334,3,KRSA,0.9635036496350365,4,CMGC,MAPK,JNK,MAPK8
JNK,-3.9183333333333334,3,KRSA,0.9635036496350365,4,CMGC,MAPK,JNK,MAPK9
P38,-3.43,6,KRSA,0.9259645464025026,4,CMGC,MAPK,P38,MAPK11
P38,-3.43,6,KRSA,0.9259645464025026,4,CMGC,MAPK,P38,MAPK12
P38,-3.43,6,KRSA,0.9259645464025026,4,CMGC,MAPK,P38,MAPK13
P38,-3.43,6,KRSA,0.9259645464025026,4,CMGC,MAPK,P38,MAPK14
PDK1,-3.865833333333333,5,KRSA,0.9384775808133472,4,ATYPICAL,PDHK,PDHK,PDK1
PDK1,-3.865833333333333,5,KRSA,0.9384775808133472,4,AGC,PDK1,PDK1,PDPK1
CDK,-3.8791666666666664,4,KRSA,0.9509906152241918,4,CMGC,CDK,CDC2,CDK1
CDK,-3.8791666666666664,4,KRSA,0.9509906152241918,4,CMGC,CDK,CDK10,CDK10
CDK,-3.8791666666666664,4,KRSA,0.9509906152241918,4,CMGC,CDK,CRK7,CDK12
CDK,-3.8791666666666664,4,KRSA,0.9509906152241918,4,CMGC,CDK,CRK7,CDK13
CDK,-3.8791666666666664,4,KRSA,0.9509906152241918,4,CMGC,CDK,PFTAIRE,CDK14
CDK,-3.8791666666666664,4,KRSA,0.9509906152241918,4,CMGC,CDK,PFTAIRE,CDK15
CDK,-3.8791666666666664,4,KRSA,0.9509906152241918,4,CMGC,CDK,PCTAIRE,CDK16
CDK,-3.8791666666666664,4,KRSA,0.9509906152241918,4,CMGC,CDK,PCTAIRE,CDK17
CDK,-3.8791666666666664,4,KRSA,0.9509906152241918,4,CMGC,CDK,PCTAIRE,CDK18
CDK,-3.8791666666666664,4,KRSA,0.9509906152241918,4,CMGC,CDK,CDK8,CDK19
CDK,-3.8791666666666664,4,KRSA,0.9509906152241918,4,CMGC,CDK,CDC2,CDK2
CDK,-3.8791666666666664,4,KRSA,0.9509906152241918,4,CMGC,CDK,CCRK,CDK20
CDK,-3.8791666666666664,4,KRSA,0.9509906152241918,4,CMGC,CDK,CDC2,CDK3
CDK,-3.8791666666666664,4,KRSA,0.9509906152241918,4,CMGC,CDK,CDK4,CDK4
CDK,-3.8791666666666664,4,KRSA,0.9509906152241918,4,CMGC,CDK,CDK5,CDK5
CDK,-3.8791666666666664,4,KRSA,0.9509906152241918,4,CMGC,CDK,CDK4,CDK6
CDK,-3.8791666666666664,4,KRSA,0.9509906152241918,4,CMGC,CDK,CDK7,CDK7
CDK,-3.8791666666666664,4,KRSA,0.9509906152241918,4,CMGC,CDK,CDK8,CDK8
CDK,-3.8791666666666664,4,KRSA,0.9509906152241918,4,CMGC,CDK,CDK9,CDK9
CDK,-3.8791666666666664,4,KRSA,0.9509906152241918,4,NA,NA,NA,CDK11A
CDK,-3.8791666666666664,4,KRSA,0.9509906152241918,4,NA,NA,NA,CDK11B
PKA,3.3466666666666667,8,KRSA,0.9009384775808134,4,AGC,PKA,PKA,PRKACA
PKA,3.3466666666666667,8,KRSA,0.9009384775808134,4,AGC,PKA,PKA,PRKACB
PKA,3.3466666666666667,8,KRSA,0.9009384775808134,4,AGC,PKA,PKA,PRKACG
PKA,3.3466666666666667,8,KRSA,0.9009384775808134,4,AGC,PKA,PKA,PRKX
PKA,3.3466666666666667,8,KRSA,0.9009384775808134,4,AGC,PKA,PKA,PRKY
PEK,-3.3825,7,KRSA,0.913451511991658,4,OTHER,PEK,HRI,EIF2AK1
PEK,-3.3825,7,KRSA,0.913451511991658,4,OTHER,PEK,PKR,EIF2AK2
PEK,-3.3825,7,KRSA,0.913451511991658,4,OTHER,PEK,PEK,EIF2AK3
PEK,-3.3825,7,KRSA,0.913451511991658,4,OTHER,PEK,GCN2,EIF2AK4
CAMK1,2.524166666666667,11,KRSA,0.8633993743482794,4,CAMK,CAMK1,CAMK1,CAMK1
CAMK1,2.524166666666667,11,KRSA,0.8633993743482794,4,CAMK,CAMK1,CAMK1,CAMK1D
CAMK1,2.524166666666667,11,KRSA,0.8633993743482794,4,CAMK,CAMK1,CAMK1,CAMK1G
CAMK1,2.524166666666667,11,KRSA,0.8633993743482794,4,CAMK,CAMK1,CAMK1,CAMK4
CAMK1,2.524166666666667,11,KRSA,0.8633993743482794,4,CAMK,CAMK1,CAMK1,PNCK
NMO,-2.4458333333333333,13,KRSA,0.8383733055265902,4,CMGC,MAPK,NMO,NLK
PKG,3.1791666666666667,9,KRSA,0.8884254431699687,4,AGC,PKG,PKG,PRKG1
PKG,3.1791666666666667,9,KRSA,0.8884254431699687,4,AGC,PKG,PKG,PRKG2
PKCA,-2.8325,10,KRSA,0.8759124087591241,4,AGC,PKC,ALPHA,PRKCA
PKCA,-2.8325,10,KRSA,0.8759124087591241,4,AGC,PKC,ALPHA,PRKCB
PKCA,-2.8325,10,KRSA,0.8759124087591241,4,AGC,PKC,ALPHA,PRKCG
PKCI,1.0533333333333337,33,KRSA,0.5881126173096975,3,AGC,PKC,IOTA,PRKCI
PKCI,1.0533333333333337,33,KRSA,0.5881126173096975,3,AGC,PKC,IOTA,PRKCZ
PLK,-2.5033333333333334,12,KRSA,0.8508863399374348,4,NA,NA,NA,PLK5
PLK,-2.5033333333333334,12,KRSA,0.8508863399374348,4,OTHER,PLK,PLK1,PLK1
PLK,-2.5033333333333334,12,KRSA,0.8508863399374348,4,OTHER,PLK,PLK2,PLK2
PLK,-2.5033333333333334,12,KRSA,0.8508863399374348,4,OTHER,PLK,PLK2,PLK3
PLK,-2.5033333333333334,12,KRSA,0.8508863399374348,4,OTHER,PLK,SAK,PLK4
AMPK,1.305,24,KRSA,0.7007299270072993,3,CAMK,CAMKL,AMPK,PRKAA1
AMPK,1.305,24,KRSA,0.7007299270072993,3,CAMK,CAMKL,AMPK,PRKAA2
STE7,-1.590833333333333,19,KRSA,0.7632950990615224,4,STE,STE7,MEK1,MAP2K1
STE7,-1.590833333333333,19,KRSA,0.7632950990615224,4,STE,STE7,MEK1,MAP2K2
STE7,-1.590833333333333,19,KRSA,0.7632950990615224,4,STE,STE7,MEK3,MAP2K3
STE7,-1.590833333333333,19,KRSA,0.7632950990615224,4,STE,STE7,MEK4,MAP2K4
STE7,-1.590833333333333,19,KRSA,0.7632950990615224,4,STE,STE7,MEK5,MAP2K5
STE7,-1.590833333333333,19,KRSA,0.7632950990615224,4,STE,STE7,MEK3,MAP2K6
STE7,-1.590833333333333,19,KRSA,0.7632950990615224,4,STE,STE7,MEK7,MAP2K7
PKD,0.8883333333333333,38,KRSA,0.5255474452554745,3,CAMK,PKD,PKD,PRKD1
PKD,0.8883333333333333,38,KRSA,0.5255474452554745,3,CAMK,PKD,PKD,PRKD2
PKD,0.8883333333333333,38,KRSA,0.5255474452554745,3,CAMK,PKD,PKD,PRKD3
ATR,-1.3758333333333332,21,KRSA,0.7382690302398331,3,ATYPICAL,PIKK,ATR,ATR
FRAY,-1.3825,20,KRSA,0.7507820646506778,4,STE,STE20,FRAY,OXSR1
FRAY,-1.3825,20,KRSA,0.7507820646506778,4,STE,STE20,FRAY,STK39
VRK1,-1.035,34,KRSA,0.5755995828988529,3,CK1,VRK,VRK,VRK1
SGK,0.08583333333333334,75,KRSA,0.05005213764337852,1,AGC,SGK,SGK,SGK1
SGK,0.08583333333333334,75,KRSA,0.05005213764337852,1,AGC,SGK,SGK,SGK2
SGK,0.08583333333333334,75,KRSA,0.05005213764337852,1,AGC,SGK,SGK,SGK3
PKCH,-0.9558333333333332,36,KRSA,0.5505735140771637,3,AGC,PKC,ETA,PRKCE
PKCH,-0.9558333333333332,36,KRSA,0.5505735140771637,3,AGC,PKC,ETA,PRKCH
MST,-2.1366666666666667,14,KRSA,0.8258602711157456,4,STE,STE20,MST,STK3
MST,-2.1366666666666667,14,KRSA,0.8258602711157456,4,STE,STE20,MST,STK4
PKCD,1.2083333333333333,27,KRSA,0.6631908237747653,3,AGC,PKC,DELTA,PRKCD
PKCD,1.2083333333333333,27,KRSA,0.6631908237747653,3,AGC,PKC,DELTA,PRKCQ
PRKDC,-1.2916666666666667,25,KRSA,0.6882168925964547,3,ATYPICAL,PIKK,DNAPK,PRKDC
GSK,-0.9616666666666668,35,KRSA,0.5630865484880083,3,CMGC,GSK,GSK,GSK3A
GSK,-0.9616666666666668,35,KRSA,0.5630865484880083,3,CMGC,GSK,GSK,GSK3B
MSN,0.3899999999999999,58,KRSA,0.26277372262773724,2,STE,STE20,MSN,MAP4K4
MSN,0.3899999999999999,58,KRSA,0.26277372262773724,2,STE,STE20,MSN,NRK
MSN,0.3899999999999999,58,KRSA,0.26277372262773724,2,STE,STE20,MSN,TNIK
LKB,-1.3241666666666667,22,KRSA,0.7257559958289885,3,CAMK,CAMKL,LKB,STK11
AKT,-0.04333333333333331,78,KRSA,0.01251303441084463,1,AGC,AKT,AKT,AKT1
AKT,-0.04333333333333331,78,KRSA,0.01251303441084463,1,AGC,AKT,AKT,AKT2
AKT,-0.04333333333333331,78,KRSA,0.01251303441084463,1,AGC,AKT,AKT,AKT3
PAKA,0.8458333333333334,40,KRSA,0.5005213764337852,3,STE,STE20,PAKA,PAK1
PAKA,0.8458333333333334,40,KRSA,0.5005213764337852,3,STE,STE20,PAKA,PAK2
PAKA,0.8458333333333334,40,KRSA,0.5005213764337852,3,STE,STE20,PAKA,PAK3
KHS,-0.1449999999999999,73,KRSA,0.07507820646506778,1,STE,STE20,KHS,MAP4K1
KHS,-0.1449999999999999,73,KRSA,0.07507820646506778,1,STE,STE20,KHS,MAP4K2
KHS,-0.1449999999999999,73,KRSA,0.07507820646506778,1,STE,STE20,KHS,MAP4K3
KHS,-0.1449999999999999,73,KRSA,0.07507820646506778,1,STE,STE20,KHS,MAP4K5
CAMK2,0.7225,49,KRSA,0.3753910323253389,2,CAMK,CAMK2,CAMK2,CAMK2A
CAMK2,0.7225,49,KRSA,0.3753910323253389,2,CAMK,CAMK2,CAMK2,CAMK2B
CAMK2,0.7225,49,KRSA,0.3753910323253389,2,CAMK,CAMK2,CAMK2,CAMK2D
CAMK2,0.7225,49,KRSA,0.3753910323253389,2,CAMK,CAMK2,CAMK2,CAMK2G
RAD53,1.1975,28,KRSA,0.6506777893639207,3,CAMK,RAD53,RAD53,CHEK2
TAO,0.17583333333333337,71,KRSA,0.10010427528675704,1,STE,STE20,TAO,TAOK1
TAO,0.17583333333333337,71,KRSA,0.10010427528675704,1,STE,STE20,TAO,TAOK2
TAO,0.17583333333333337,71,KRSA,0.10010427528675704,1,STE,STE20,TAO,TAOK3
PASK,1.2475,26,KRSA,0.67570385818561,3,CAMK,CAMKL,PASK,PASK
MTOR,-1.8033333333333332,16,KRSA,0.8008342022940563,4,ATYPICAL,PIKK,FRAP,MTOR
RSK,0.905,37,KRSA,0.5380604796663191,3,AGC,RSK,RSK,RPS6KA1
RSK,0.905,37,KRSA,0.5380604796663191,3,AGC,RSK,RSK,RPS6KA2
RSK,0.905,37,KRSA,0.5380604796663191,3,AGC,RSK,RSK,RPS6KA3
RSK,0.905,37,KRSA,0.5380604796663191,3,AGC,RSK,MSK,RPS6KA4
RSK,0.905,37,KRSA,0.5380604796663191,3,AGC,RSK,MSK,RPS6KA5
RSK,0.905,37,KRSA,0.5380604796663191,3,AGC,RSK,RSK,RPS6KA6
RSK,0.905,37,KRSA,0.5380604796663191,3,AGC,RSK,P70,RPS6KB1
RSK,0.905,37,KRSA,0.5380604796663191,3,AGC,RSK,P70,RPS6KB2
SLK,-0.16666666666666663,72,KRSA,0.08759124087591241,1,STE,STE20,SLK,SLK
SLK,-0.16666666666666663,72,KRSA,0.08759124087591241,1,STE,STE20,SLK,STK10
NUAK,-1.1841666666666666,31,KRSA,0.6131386861313869,3,CAMK,CAMKL,NUAK,NUAK1
NUAK,-1.1841666666666666,31,KRSA,0.6131386861313869,3,CAMK,CAMKL,NUAK,NUAK2
AUR,0.18666666666666668,70,KRSA,0.11261730969760167,1,OTHER,AUR,AUR,AURKA
AUR,0.18666666666666668,70,KRSA,0.11261730969760167,1,OTHER,AUR,AUR,AURKB
AUR,0.18666666666666668,70,KRSA,0.11261730969760167,1,OTHER,AUR,AUR,AURKC
PKN,-0.7191666666666666,50,KRSA,0.36287799791449427,2,AGC,PKN,PKN,PKN1
PKN,-0.7191666666666666,50,KRSA,0.36287799791449427,2,AGC,PKN,PKN,PKN2
PKN,-0.7191666666666666,50,KRSA,0.36287799791449427,2,AGC,PKN,PKN,PKN3
PIM,0.5358333333333333,54,KRSA,0.31282586027111575,2,CAMK,PIM,PIM,PIM1
PIM,0.5358333333333333,54,KRSA,0.31282586027111575,2,CAMK,PIM,PIM,PIM2
PIM,0.5358333333333333,54,KRSA,0.31282586027111575,2,CAMK,PIM,PIM,PIM3
TLK,-1.1916666666666669,29,KRSA,0.6381647549530761,3,OTHER,TLK,TLK,TLK1
TLK,-1.1916666666666669,29,KRSA,0.6381647549530761,3,OTHER,TLK,TLK,TLK2
RAF,-1.8766666666666667,15,KRSA,0.8133472367049009,4,TKL,RAF,RAF,ARAF
RAF,-1.8766666666666667,15,KRSA,0.8133472367049009,4,TKL,RAF,RAF,BRAF
RAF,-1.8766666666666667,15,KRSA,0.8133472367049009,4,TKL,RAF,KSR,KSR1
RAF,-1.8766666666666667,15,KRSA,0.8133472367049009,4,TKL,RAF,KSR,KSR2
RAF,-1.8766666666666667,15,KRSA,0.8133472367049009,4,TKL,RAF,RAF,RAF1
TTK,-1.1891666666666667,30,KRSA,0.6256517205422315,3,OTHER,TTK,TTK,TTK
PHK,-1.75,17,KRSA,0.7883211678832117,4,CAMK,PHK,PHK,PHKG1
PHK,-1.75,17,KRSA,0.7883211678832117,4,CAMK,PHK,PHK,PHKG2
DAPK,-0.8791666666666667,39,KRSA,0.5130344108446299,3,CAMK,DAPK,DAPK,DAPK1
DAPK,-0.8791666666666667,39,KRSA,0.5130344108446299,3,CAMK,DAPK,DAPK,DAPK2
DAPK,-0.8791666666666667,39,KRSA,0.5130344108446299,3,CAMK,DAPK,DAPK,DAPK3
DAPK,-0.8791666666666667,39,KRSA,0.5130344108446299,3,CAMK,DAPK,DRAK,STK17A
DAPK,-0.8791666666666667,39,KRSA,0.5130344108446299,3,CAMK,DAPK,DRAK,STK17B
QIK,-1.6875,18,KRSA,0.7758081334723671,4,CAMK,CAMKL,QIK,SIK1
QIK,-1.6875,18,KRSA,0.7758081334723671,4,CAMK,CAMKL,QIK,SIK2
IKK,-0.67,51,KRSA,0.35036496350364965,2,OTHER,IKK,IKK,CHUK
IKK,-0.67,51,KRSA,0.35036496350364965,2,OTHER,IKK,IKK,IKBKB
IKK,-0.67,51,KRSA,0.35036496350364965,2,OTHER,IKK,IKK,IKBKE
IKK,-0.67,51,KRSA,0.35036496350364965,2,OTHER,IKK,IKK,TBK1
RIPK,1.169166666666667,32,KRSA,0.6006256517205423,3,TKL,RIPK,RIPK,ANKK1
RIPK,1.169166666666667,32,KRSA,0.6006256517205423,3,TKL,RIPK,RIPK,RIPK1
RIPK,1.169166666666667,32,KRSA,0.6006256517205423,3,TKL,RIPK,RIPK,RIPK2
RIPK,1.169166666666667,32,KRSA,0.6006256517205423,3,TKL,RIPK,RIPK,RIPK3
RIPK,1.169166666666667,32,KRSA,0.6006256517205423,3,TKL,RIPK,RIPK,RIPK4
IRAK,-0.2725,66,KRSA,0.16266944734098018,1,TKL,IRAK,IRAK,IRAK1
IRAK,-0.2725,66,KRSA,0.16266944734098018,1,TKL,IRAK,IRAK,IRAK2
IRAK,-0.2725,66,KRSA,0.16266944734098018,1,TKL,IRAK,IRAK,IRAK3
IRAK,-0.2725,66,KRSA,0.16266944734098018,1,TKL,IRAK,IRAK,IRAK4
MOS,-0.49583333333333335,55,KRSA,0.30031282586027114,2,OTHER,MOS,MOS,MOS
NIK,-0.8383333333333334,42,KRSA,0.4629822732012513,2,STE,STE-UNIQUE,STE-UNIQUE,MAP3K14
WNK,-0.8391666666666666,41,KRSA,0.4880083420229406,2,OTHER,WNK,WNK,WNK1
WNK,-0.8391666666666666,41,KRSA,0.4880083420229406,2,OTHER,WNK,WNK,WNK2
WNK,-0.8391666666666666,41,KRSA,0.4880083420229406,2,OTHER,WNK,WNK,WNK3
WNK,-0.8391666666666666,41,KRSA,0.4880083420229406,2,OTHER,WNK,WNK,WNK4
ULK,-0.8241666666666666,44,KRSA,0.43795620437956206,2,OTHER,ULK,FUSED,STK36
ULK,-0.8241666666666666,44,KRSA,0.43795620437956206,2,OTHER,ULK,ULK,ULK1
ULK,-0.8241666666666666,44,KRSA,0.43795620437956206,2,OTHER,ULK,ULK,ULK2
ULK,-0.8241666666666666,44,KRSA,0.43795620437956206,2,OTHER,ULK,ULK,ULK3
ULK,-0.8241666666666666,44,KRSA,0.43795620437956206,2,OTHER,ULK,ULK,ULK4
BRSK,0.04333333333333335,77,KRSA,0.02502606882168926,1,CAMK,CAMKL,BRSK,BRSK1
BRSK,0.04333333333333335,77,KRSA,0.02502606882168926,1,CAMK,CAMKL,BRSK,BRSK2
BUD32,-0.8275,43,KRSA,0.4504692387904067,2,OTHER,BUD32,BUD32,TP53RK
CLK,-0.8383333333333334,42,KRSA,0.4629822732012513,2,CMGC,CLK,CLK,CLK1
CLK,-0.8383333333333334,42,KRSA,0.4629822732012513,2,CMGC,CLK,CLK,CLK2
CLK,-0.8383333333333334,42,KRSA,0.4629822732012513,2,CMGC,CLK,CLK,CLK3
CLK,-0.8383333333333334,42,KRSA,0.4629822732012513,2,CMGC,CLK,CLK,CLK4
CAMKK,-0.8233333333333334,45,KRSA,0.4254431699687174,2,OTHER,CAMKK,META,CAMKK1
CAMKK,-0.8233333333333334,45,KRSA,0.4254431699687174,2,OTHER,CAMKK,META,CAMKK2
GRK,0.45833333333333326,57,KRSA,0.27528675703858185,2,AGC,GRK,GRK,GRK1
GRK,0.45833333333333326,57,KRSA,0.27528675703858185,2,AGC,GRK,GRK,GRK4
GRK,0.45833333333333326,57,KRSA,0.27528675703858185,2,AGC,GRK,GRK,GRK5
GRK,0.45833333333333326,57,KRSA,0.27528675703858185,2,AGC,GRK,GRK,GRK6
GRK,0.45833333333333326,57,KRSA,0.27528675703858185,2,AGC,GRK,GRK,GRK7
CK2,0.21166666666666664,68,KRSA,0.13764337851929093,1,CMGC,CK2,CK2,CSNK2A1
CK2,0.21166666666666664,68,KRSA,0.13764337851929093,1,CMGC,CK2,CK2,CSNK2A2
CK2,0.21166666666666664,68,KRSA,0.13764337851929093,1,NA,NA,NA,CSNK2A3
MAPKAPK,0.3733333333333333,59,KRSA,0.2502606882168926,2,CAMK,MAPKAPK,MAPKAPK,MAPKAPK2
MAPKAPK,0.3733333333333333,59,KRSA,0.2502606882168926,2,CAMK,MAPKAPK,MAPKAPK,MAPKAPK3
MAPKAPK,0.3733333333333333,59,KRSA,0.2502606882168926,2,CAMK,MAPKAPK,MAPKAPK,MAPKAPK5
MAPKAPK,0.3733333333333333,59,KRSA,0.2502606882168926,2,CAMK,MAPKAPK,MNK,MKNK1
MAPKAPK,0.3733333333333333,59,KRSA,0.2502606882168926,2,CAMK,MAPKAPK,MNK,MKNK2
PDHK,0.3358333333333333,62,KRSA,0.2127215849843587,1,ATYPICAL,PDHK,BCKDK,BCKDK
PDHK,0.3358333333333333,62,KRSA,0.2127215849843587,1,ATYPICAL,PDHK,PDHK,PDK2
PDHK,0.3358333333333333,62,KRSA,0.2127215849843587,1,ATYPICAL,PDHK,PDHK,PDK3
PDHK,0.3358333333333333,62,KRSA,0.2127215849843587,1,ATYPICAL,PDHK,PDHK,PDK4
NEK,-0.32416666666666666,64,KRSA,0.18769551616266944,1,OTHER,NEK,NEK11,NEK11
NEK,-0.32416666666666666,64,KRSA,0.18769551616266944,1,OTHER,NEK,NEK2,NEK2
NEK,-0.32416666666666666,64,KRSA,0.18769551616266944,1,OTHER,NEK,NEK1,NEK3
NEK,-0.32416666666666666,64,KRSA,0.18769551616266944,1,OTHER,NEK,NEK4,NEK4
NEK,-0.32416666666666666,64,KRSA,0.18769551616266944,1,OTHER,NEK,NEK1,NEK5
NEK,-0.32416666666666666,64,KRSA,0.18769551616266944,1,OTHER,NEK,NEK6,NEK6
NEK,-0.32416666666666666,64,KRSA,0.18769551616266944,1,OTHER,NEK,NEK6,NEK7
NEK,-0.32416666666666666,64,KRSA,0.18769551616266944,1,OTHER,NEK,NEK8,NEK8
NEK,-0.32416666666666666,64,KRSA,0.18769551616266944,1,OTHER,NEK,NEK8,NEK9
STE11,-0.7233333333333333,48,KRSA,0.38790406673618355,2,TKL,MLK,TAK1,MAP3K7
STE11,-0.7233333333333333,48,KRSA,0.38790406673618355,2,STE,STE11,MEKK1,MAP3K1
STE11,-0.7233333333333333,48,KRSA,0.38790406673618355,2,STE,STE11,ASK,MAP3K15
STE11,-0.7233333333333333,48,KRSA,0.38790406673618355,2,STE,STE11,MEKK2,MAP3K2
STE11,-0.7233333333333333,48,KRSA,0.38790406673618355,2,STE,STE11,MEKK2,MAP3K3
STE11,-0.7233333333333333,48,KRSA,0.38790406673618355,2,STE,STE11,MEKK4,MAP3K4
STE11,-0.7233333333333333,48,KRSA,0.38790406673618355,2,STE,STE11,ASK,MAP3K5
STE11,-0.7233333333333333,48,KRSA,0.38790406673618355,2,STE,STE11,ASK,MAP3K6
ATM,-0.6116666666666667,53,KRSA,0.32533889468196037,2,ATYPICAL,PIKK,ATM,ATM
CHK1,0.2441666666666667,67,KRSA,0.15015641293013557,1,CAMK,CAMKL,CHK1,CHEK1
MLK,-0.30499999999999994,65,KRSA,0.17518248175182483,1,TKL,MLK,ILK,ILK
MLK,-0.30499999999999994,65,KRSA,0.17518248175182483,1,TKL,MLK,MLK,MAP3K10
MLK,-0.30499999999999994,65,KRSA,0.17518248175182483,1,TKL,MLK,MLK,MAP3K11
MLK,-0.30499999999999994,65,KRSA,0.17518248175182483,1,TKL,MLK,LZK,MAP3K12
MLK,-0.30499999999999994,65,KRSA,0.17518248175182483,1,TKL,MLK,LZK,MAP3K13
MLK,-0.30499999999999994,65,KRSA,0.17518248175182483,1,TKL,MLK,MLK,MAP3K9
MLK,-0.30499999999999994,65,KRSA,0.17518248175182483,1,TKL,MLK,HH498,TNNI3K
MELK,-0.3683333333333333,60,KRSA,0.23774765380604795,1,CAMK,CAMKL,MELK,MELK
DMPK,-0.6308333333333334,52,KRSA,0.337851929092805,2,AGC,DMPK,GEK,CDC42BPA
DMPK,-0.6308333333333334,52,KRSA,0.337851929092805,2,AGC,DMPK,GEK,CDC42BPB
DMPK,-0.6308333333333334,52,KRSA,0.337851929092805,2,AGC,DMPK,GEK,CDC42BPG
DMPK,-0.6308333333333334,52,KRSA,0.337851929092805,2,AGC,DMPK,CRIK,CIT
DMPK,-0.6308333333333334,52,KRSA,0.337851929092805,2,AGC,DMPK,GEK,DMPK
DMPK,-0.6308333333333334,52,KRSA,0.337851929092805,2,AGC,DMPK,ROCK,ROCK1
DMPK,-0.6308333333333334,52,KRSA,0.337851929092805,2,AGC,DMPK,ROCK,ROCK2
CK1,-1.3091666666666666,23,KRSA,0.7132429614181439,3,CK1,CK1,CK1-A,CSNK1A1
CK1,-1.3091666666666666,23,KRSA,0.7132429614181439,3,CK1,CK1,CK1-A,CSNK1A1L
CK1,-1.3091666666666666,23,KRSA,0.7132429614181439,3,CK1,CK1,CK1-D,CSNK1D
CK1,-1.3091666666666666,23,KRSA,0.7132429614181439,3,CK1,CK1,CK1-D,CSNK1E
CK1,-1.3091666666666666,23,KRSA,0.7132429614181439,3,CK1,CK1,CK1-G,CSNK1G1
CK1,-1.3091666666666666,23,KRSA,0.7132429614181439,3,CK1,CK1,CK1-G,CSNK1G2
CK1,-1.3091666666666666,23,KRSA,0.7132429614181439,3,CK1,CK1,CK1-G,CSNK1G3
CK1,-1.3091666666666666,23,KRSA,0.7132429614181439,3,CK1,TTBK,TTBK,TTBK1
CK1,-1.3091666666666666,23,KRSA,0.7132429614181439,3,CK1,TTBK,TTBK,TTBK2
CK1,-1.3091666666666666,23,KRSA,0.7132429614181439,3,CK1,VRK,VRK,VRK3
PAKB,-0.8191666666666666,46,KRSA,0.4129301355578728,2,STE,STE20,PAKB,PAK4
PAKB,-0.8191666666666666,46,KRSA,0.4129301355578728,2,STE,STE20,PAKB,PAK5
PAKB,-0.8191666666666666,46,KRSA,0.4129301355578728,2,STE,STE20,PAKB,PAK6
NAK,-0.205,69,KRSA,0.1251303441084463,1,OTHER,NAK,BIKE,AAK1
NAK,-0.205,69,KRSA,0.1251303441084463,1,OTHER,NAK,BIKE,BMP2K
NAK,-0.205,69,KRSA,0.1251303441084463,1,OTHER,NAK,GAK,GAK
NAK,-0.205,69,KRSA,0.1251303441084463,1,OTHER,NAK,MPSK,STK16
HAL,0.8033333333333333,47,KRSA,0.40041710114702816,2,RGC,RGC,RGC,NPR1
BARK2,-0.3383333333333333,61,KRSA,0.22523461939520334,1,AGC,GRK,BARK,GRK3
STKR,-0.06833333333333336,76,KRSA,0.03753910323253389,1,TKL,STKR,TYPE1,ACVR1
STKR,-0.06833333333333336,76,KRSA,0.03753910323253389,1,TKL,STKR,TYPE1,ACVR1B
STKR,-0.06833333333333336,76,KRSA,0.03753910323253389,1,TKL,STKR,TYPE1,ACVR1C
STKR,-0.06833333333333336,76,KRSA,0.03753910323253389,1,TKL,STKR,TYPE2,ACVR2A
STKR,-0.06833333333333336,76,KRSA,0.03753910323253389,1,TKL,STKR,TYPE2,ACVR2B
STKR,-0.06833333333333336,76,KRSA,0.03753910323253389,1,TKL,STKR,TYPE1,ACVRL1
STKR,-0.06833333333333336,76,KRSA,0.03753910323253389,1,TKL,STKR,TYPE2,AMHR2
STKR,-0.06833333333333336,76,KRSA,0.03753910323253389,1,TKL,STKR,TYPE1,BMPR1A
STKR,-0.06833333333333336,76,KRSA,0.03753910323253389,1,TKL,STKR,TYPE1,BMPR1B
STKR,-0.06833333333333336,76,KRSA,0.03753910323253389,1,TKL,STKR,TYPE2,BMPR2
STKR,-0.06833333333333336,76,KRSA,0.03753910323253389,1,TKL,STKR,TYPE1,TGFBR1
STKR,-0.06833333333333336,76,KRSA,0.03753910323253389,1,TKL,STKR,TYPE2,TGFBR2
MLCK,-0.3350000000000001,63,KRSA,0.20020855057351408,1,CAMK,MLCK,MLCK,MYLK
MLCK,-0.3350000000000001,63,KRSA,0.20020855057351408,1,CAMK,MLCK,MLCK,MYLK2
MLCK,-0.3350000000000001,63,KRSA,0.20020855057351408,1,CAMK,MLCK,MLCK,TTN
NDR,0.01333333333333335,79,KRSA,0,1,AGC,NDR,NDR,LATS1
NDR,0.01333333333333335,79,KRSA,0,1,AGC,NDR,NDR,LATS2
NDR,0.01333333333333335,79,KRSA,0,1,AGC,NDR,NDR,STK38
NDR,0.01333333333333335,79,KRSA,0,1,AGC,NDR,NDR,STK38L
COT,-0.09000000000000002,74,KRSA,0.06256517205422316,1,STE,STE-UNIQUE,STE-UNIQUE,MAP3K8
ERK,-4.4191666666666665,1,KRSA,0.9885297184567258,4,CMGC,MAPK,ERK1,MAPK1
ERK,-4.4191666666666665,1,KRSA,0.9885297184567258,4,CMGC,MAPK,ERK7,MAPK15
ERK,-4.4191666666666665,1,KRSA,0.9885297184567258,4,CMGC,MAPK,ERK1,MAPK3
ERK,-4.4191666666666665,1,KRSA,0.9885297184567258,4,CMGC,MAPK,ERK3,MAPK4
ERK,-4.4191666666666665,1,KRSA,0.9885297184567258,4,CMGC,MAPK,ERK3,MAPK6
ERK,-4.4191666666666665,1,KRSA,0.9885297184567258,4,CMGC,MAPK,ERK5,MAPK7
DYRK,-4.251666666666667,2,KRSA,0.9760166840458812,4,CMGC,DYRK,DYRK1,DYRK1A
DYRK,-4.251666666666667,2,KRSA,0.9760166840458812,4,CMGC,DYRK,DYRK1,DYRK1B
DYRK,-4.251666666666667,2,KRSA,0.9760166840458812,4,CMGC,DYRK,DYRK2,DYRK2
DYRK,-4.251666666666667,2,KRSA,0.9760166840458812,4,CMGC,DYRK,DYRK2,DYRK3
DYRK,-4.251666666666667,2,KRSA,0.9760166840458812,4,CMGC,DYRK,DYRK2,DYRK4
DYRK,-4.251666666666667,2,KRSA,0.9760166840458812,4,CMGC,DYRK,HIPK,HIPK1
DYRK,-4.251666666666667,2,KRSA,0.9760166840458812,4,CMGC,DYRK,HIPK,HIPK2
DYRK,-4.251666666666667,2,KRSA,0.9760166840458812,4,CMGC,DYRK,HIPK,HIPK3
DYRK,-4.251666666666667,2,KRSA,0.9760166840458812,4,CMGC,DYRK,HIPK,HIPK4
DYRK,-4.251666666666667,2,KRSA,0.9760166840458812,4,CMGC,DYRK,PRP4,PRPF4B
PDK1,-3.865833333333333,5,KRSA,0.9384775808133472,4,ATYPICAL,PDHK,PDHK,PDK1
PDK1,-3.865833333333333,5,KRSA,0.9384775808133472,4,AGC,PDK1,PDK1,PDPK1
JNK,-3.9183333333333334,3,KRSA,0.9635036496350365,4,CMGC,MAPK,JNK,MAPK10
JNK,-3.9183333333333334,3,KRSA,0.9635036496350365,4,CMGC,MAPK,JNK,MAPK8
JNK,-3.9183333333333334,3,KRSA,0.9635036496350365,4,CMGC,MAPK,JNK,MAPK9
PKA,3.3466666666666667,8,KRSA,0.9009384775808134,4,AGC,PKA,PKA,PRKACA
PKA,3.3466666666666667,8,KRSA,0.9009384775808134,4,AGC,PKA,PKA,PRKACB
PKA,3.3466666666666667,8,KRSA,0.9009384775808134,4,AGC,PKA,PKA,PRKACG
PKA,3.3466666666666667,8,KRSA,0.9009384775808134,4,AGC,PKA,PKA,PRKX
PKA,3.3466666666666667,8,KRSA,0.9009384775808134,4,AGC,PKA,PKA,PRKY
P38,-3.43,6,KRSA,0.9259645464025026,4,CMGC,MAPK,P38,MAPK11
P38,-3.43,6,KRSA,0.9259645464025026,4,CMGC,MAPK,P38,MAPK12
P38,-3.43,6,KRSA,0.9259645464025026,4,CMGC,MAPK,P38,MAPK13
P38,-3.43,6,KRSA,0.9259645464025026,4,CMGC,MAPK,P38,MAPK14
PKG,3.1791666666666667,9,KRSA,0.8884254431699687,4,AGC,PKG,PKG,PRKG1
PKG,3.1791666666666667,9,KRSA,0.8884254431699687,4,AGC,PKG,PKG,PRKG2
CAMK1,2.524166666666667,11,KRSA,0.8633993743482794,4,CAMK,CAMK1,CAMK1,CAMK1
CAMK1,2.524166666666667,11,KRSA,0.8633993743482794,4,CAMK,CAMK1,CAMK1,CAMK1D
CAMK1,2.524166666666667,11,KRSA,0.8633993743482794,4,CAMK,CAMK1,CAMK1,CAMK1G
CAMK1,2.524166666666667,11,KRSA,0.8633993743482794,4,CAMK,CAMK1,CAMK1,CAMK4
CAMK1,2.524166666666667,11,KRSA,0.8633993743482794,4,CAMK,CAMK1,CAMK1,PNCK
PEK,-3.3825,7,KRSA,0.913451511991658,4,OTHER,PEK,HRI,EIF2AK1
PEK,-3.3825,7,KRSA,0.913451511991658,4,OTHER,PEK,PKR,EIF2AK2
PEK,-3.3825,7,KRSA,0.913451511991658,4,OTHER,PEK,PEK,EIF2AK3
PEK,-3.3825,7,KRSA,0.913451511991658,4,OTHER,PEK,GCN2,EIF2AK4
CDK,-3.8791666666666664,4,KRSA,0.9509906152241918,4,CMGC,CDK,CDC2,CDK1
CDK,-3.8791666666666664,4,KRSA,0.9509906152241918,4,CMGC,CDK,CDK10,CDK10
CDK,-3.8791666666666664,4,KRSA,0.9509906152241918,4,CMGC,CDK,CRK7,CDK12
CDK,-3.8791666666666664,4,KRSA,0.9509906152241918,4,CMGC,CDK,CRK7,CDK13
CDK,-3.8791666666666664,4,KRSA,0.9509906152241918,4,CMGC,CDK,PFTAIRE,CDK14
CDK,-3.8791666666666664,4,KRSA,0.9509906152241918,4,CMGC,CDK,PFTAIRE,CDK15
CDK,-3.8791666666666664,4,KRSA,0.9509906152241918,4,CMGC,CDK,PCTAIRE,CDK16
CDK,-3.8791666666666664,4,KRSA,0.9509906152241918,4,CMGC,CDK,PCTAIRE,CDK17
CDK,-3.8791666666666664,4,KRSA,0.9509906152241918,4,CMGC,CDK,PCTAIRE,CDK18
CDK,-3.8791666666666664,4,KRSA,0.9509906152241918,4,CMGC,CDK,CDK8,CDK19
CDK,-3.8791666666666664,4,KRSA,0.9509906152241918,4,CMGC,CDK,CDC2,CDK2
CDK,-3.8791666666666664,4,KRSA,0.9509906152241918,4,CMGC,CDK,CCRK,CDK20
CDK,-3.8791666666666664,4,KRSA,0.9509906152241918,4,CMGC,CDK,CDC2,CDK3
CDK,-3.8791666666666664,4,KRSA,0.9509906152241918,4,CMGC,CDK,CDK4,CDK4
CDK,-3.8791666666666664,4,KRSA,0.9509906152241918,4,CMGC,CDK,CDK5,CDK5
CDK,-3.8791666666666664,4,KRSA,0.9509906152241918,4,CMGC,CDK,CDK4,CDK6
CDK,-3.8791666666666664,4,KRSA,0.9509906152241918,4,CMGC,CDK,CDK7,CDK7
CDK,-3.8791666666666664,4,KRSA,0.9509906152241918,4,CMGC,CDK,CDK8,CDK8
CDK,-3.8791666666666664,4,KRSA,0.9509906152241918,4,CMGC,CDK,CDK9,CDK9
CDK,-3.8791666666666664,4,KRSA,0.9509906152241918,4,NA,NA,NA,CDK11A
CDK,-3.8791666666666664,4,KRSA,0.9509906152241918,4,NA,NA,NA,CDK11B
MTOR,-1.8033333333333332,16,KRSA,0.8008342022940563,4,ATYPICAL,PIKK,FRAP,MTOR
PKD,0.8883333333333333,38,KRSA,0.5255474452554745,3,CAMK,PKD,PKD,PRKD1
PKD,0.8883333333333333,38,KRSA,0.5255474452554745,3,CAMK,PKD,PKD,PRKD2
PKD,0.8883333333333333,38,KRSA,0.5255474452554745,3,CAMK,PKD,PKD,PRKD3
PLK,-2.5033333333333334,12,KRSA,0.8508863399374348,4,NA,NA,NA,PLK5
PLK,-2.5033333333333334,12,KRSA,0.8508863399374348,4,OTHER,PLK,PLK1,PLK1
PLK,-2.5033333333333334,12,KRSA,0.8508863399374348,4,OTHER,PLK,PLK2,PLK2
PLK,-2.5033333333333334,12,KRSA,0.8508863399374348,4,OTHER,PLK,PLK2,PLK3
PLK,-2.5033333333333334,12,KRSA,0.8508863399374348,4,OTHER,PLK,SAK,PLK4
PKCD,1.2083333333333333,27,KRSA,0.6631908237747653,3,AGC,PKC,DELTA,PRKCD
PKCD,1.2083333333333333,27,KRSA,0.6631908237747653,3,AGC,PKC,DELTA,PRKCQ
NMO,-2.4458333333333333,13,KRSA,0.8383733055265902,4,CMGC,MAPK,NMO,NLK
PAKA,0.8458333333333334,40,KRSA,0.5005213764337852,3,STE,STE20,PAKA,PAK1
PAKA,0.8458333333333334,40,KRSA,0.5005213764337852,3,STE,STE20,PAKA,PAK2
PAKA,0.8458333333333334,40,KRSA,0.5005213764337852,3,STE,STE20,PAKA,PAK3
AMPK,1.305,24,KRSA,0.7007299270072993,3,CAMK,CAMKL,AMPK,PRKAA1
AMPK,1.305,24,KRSA,0.7007299270072993,3,CAMK,CAMKL,AMPK,PRKAA2
PKCH,-0.9558333333333332,36,KRSA,0.5505735140771637,3,AGC,PKC,ETA,PRKCE
PKCH,-0.9558333333333332,36,KRSA,0.5505735140771637,3,AGC,PKC,ETA,PRKCH
MST,-2.1366666666666667,14,KRSA,0.8258602711157456,4,STE,STE20,MST,STK3
MST,-2.1366666666666667,14,KRSA,0.8258602711157456,4,STE,STE20,MST,STK4
PKCA,-2.8325,10,KRSA,0.8759124087591241,4,AGC,PKC,ALPHA,PRKCA
PKCA,-2.8325,10,KRSA,0.8759124087591241,4,AGC,PKC,ALPHA,PRKCB
PKCA,-2.8325,10,KRSA,0.8759124087591241,4,AGC,PKC,ALPHA,PRKCG
RAD53,1.1975,28,KRSA,0.6506777893639207,3,CAMK,RAD53,RAD53,CHEK2
KHS,-0.1449999999999999,73,KRSA,0.07507820646506778,1,STE,STE20,KHS,MAP4K1
KHS,-0.1449999999999999,73,KRSA,0.07507820646506778,1,STE,STE20,KHS,MAP4K2
KHS,-0.1449999999999999,73,KRSA,0.07507820646506778,1,STE,STE20,KHS,MAP4K3
KHS,-0.1449999999999999,73,KRSA,0.07507820646506778,1,STE,STE20,KHS,MAP4K5
PASK,1.2475,26,KRSA,0.67570385818561,3,CAMK,CAMKL,PASK,PASK
CHK1,0.2441666666666667,67,KRSA,0.15015641293013557,1,CAMK,CAMKL,CHK1,CHEK1
RIPK,1.169166666666667,32,KRSA,0.6006256517205423,3,TKL,RIPK,RIPK,ANKK1
RIPK,1.169166666666667,32,KRSA,0.6006256517205423,3,TKL,RIPK,RIPK,RIPK1
RIPK,1.169166666666667,32,KRSA,0.6006256517205423,3,TKL,RIPK,RIPK,RIPK2
RIPK,1.169166666666667,32,KRSA,0.6006256517205423,3,TKL,RIPK,RIPK,RIPK3
RIPK,1.169166666666667,32,KRSA,0.6006256517205423,3,TKL,RIPK,RIPK,RIPK4
RSK,0.905,37,KRSA,0.5380604796663191,3,AGC,RSK,RSK,RPS6KA1
RSK,0.905,37,KRSA,0.5380604796663191,3,AGC,RSK,RSK,RPS6KA2
RSK,0.905,37,KRSA,0.5380604796663191,3,AGC,RSK,RSK,RPS6KA3
RSK,0.905,37,KRSA,0.5380604796663191,3,AGC,RSK,MSK,RPS6KA4
RSK,0.905,37,KRSA,0.5380604796663191,3,AGC,RSK,MSK,RPS6KA5
RSK,0.905,37,KRSA,0.5380604796663191,3,AGC,RSK,RSK,RPS6KA6
RSK,0.905,37,KRSA,0.5380604796663191,3,AGC,RSK,P70,RPS6KB1
RSK,0.905,37,KRSA,0.5380604796663191,3,AGC,RSK,P70,RPS6KB2
GSK,-0.9616666666666668,35,KRSA,0.5630865484880083,3,CMGC,GSK,GSK,GSK3A
GSK,-0.9616666666666668,35,KRSA,0.5630865484880083,3,CMGC,GSK,GSK,GSK3B
VRK1,-1.035,34,KRSA,0.5755995828988529,3,CK1,VRK,VRK,VRK1
LKB,-1.3241666666666667,22,KRSA,0.7257559958289885,3,CAMK,CAMKL,LKB,STK11
MELK,-0.3683333333333333,60,KRSA,0.23774765380604795,1,CAMK,CAMKL,MELK,MELK
RAF,-1.8766666666666667,15,KRSA,0.8133472367049009,4,TKL,RAF,RAF,ARAF
RAF,-1.8766666666666667,15,KRSA,0.8133472367049009,4,TKL,RAF,RAF,BRAF
RAF,-1.8766666666666667,15,KRSA,0.8133472367049009,4,TKL,RAF,KSR,KSR1
RAF,-1.8766666666666667,15,KRSA,0.8133472367049009,4,TKL,RAF,KSR,KSR2
RAF,-1.8766666666666667,15,KRSA,0.8133472367049009,4,TKL,RAF,RAF,RAF1
PKCI,1.0533333333333337,33,KRSA,0.5881126173096975,3,AGC,PKC,IOTA,PRKCI
PKCI,1.0533333333333337,33,KRSA,0.5881126173096975,3,AGC,PKC,IOTA,PRKCZ
STE11,-0.7233333333333333,48,KRSA,0.38790406673618355,2,TKL,MLK,TAK1,MAP3K7
STE11,-0.7233333333333333,48,KRSA,0.38790406673618355,2,STE,STE11,MEKK1,MAP3K1
STE11,-0.7233333333333333,48,KRSA,0.38790406673618355,2,STE,STE11,ASK,MAP3K15
STE11,-0.7233333333333333,48,KRSA,0.38790406673618355,2,STE,STE11,MEKK2,MAP3K2
STE11,-0.7233333333333333,48,KRSA,0.38790406673618355,2,STE,STE11,MEKK2,MAP3K3
STE11,-0.7233333333333333,48,KRSA,0.38790406673618355,2,STE,STE11,MEKK4,MAP3K4
STE11,-0.7233333333333333,48,KRSA,0.38790406673618355,2,STE,STE11,ASK,MAP3K5
STE11,-0.7233333333333333,48,KRSA,0.38790406673618355,2,STE,STE11,ASK,MAP3K6
STE7,-1.590833333333333,19,KRSA,0.7632950990615224,4,STE,STE7,MEK1,MAP2K1
STE7,-1.590833333333333,19,KRSA,0.7632950990615224,4,STE,STE7,MEK1,MAP2K2
STE7,-1.590833333333333,19,KRSA,0.7632950990615224,4,STE,STE7,MEK3,MAP2K3
STE7,-1.590833333333333,19,KRSA,0.7632950990615224,4,STE,STE7,MEK4,MAP2K4
STE7,-1.590833333333333,19,KRSA,0.7632950990615224,4,STE,STE7,MEK5,MAP2K5
STE7,-1.590833333333333,19,KRSA,0.7632950990615224,4,STE,STE7,MEK3,MAP2K6
STE7,-1.590833333333333,19,KRSA,0.7632950990615224,4,STE,STE7,MEK7,MAP2K7
PDHK,0.3358333333333333,62,KRSA,0.2127215849843587,1,ATYPICAL,PDHK,BCKDK,BCKDK
PDHK,0.3358333333333333,62,KRSA,0.2127215849843587,1,ATYPICAL,PDHK,PDHK,PDK2
PDHK,0.3358333333333333,62,KRSA,0.2127215849843587,1,ATYPICAL,PDHK,PDHK,PDK3
PDHK,0.3358333333333333,62,KRSA,0.2127215849843587,1,ATYPICAL,PDHK,PDHK,PDK4
ATR,-1.3758333333333332,21,KRSA,0.7382690302398331,3,ATYPICAL,PIKK,ATR,ATR
QIK,-1.6875,18,KRSA,0.7758081334723671,4,CAMK,CAMKL,QIK,SIK1
QIK,-1.6875,18,KRSA,0.7758081334723671,4,CAMK,CAMKL,QIK,SIK2
MAPKAPK,0.3733333333333333,59,KRSA,0.2502606882168926,2,CAMK,MAPKAPK,MAPKAPK,MAPKAPK2
MAPKAPK,0.3733333333333333,59,KRSA,0.2502606882168926,2,CAMK,MAPKAPK,MAPKAPK,MAPKAPK3
MAPKAPK,0.3733333333333333,59,KRSA,0.2502606882168926,2,CAMK,MAPKAPK,MAPKAPK,MAPKAPK5
MAPKAPK,0.3733333333333333,59,KRSA,0.2502606882168926,2,CAMK,MAPKAPK,MNK,MKNK1
MAPKAPK,0.3733333333333333,59,KRSA,0.2502606882168926,2,CAMK,MAPKAPK,MNK,MKNK2
PRKDC,-1.2916666666666667,25,KRSA,0.6882168925964547,3,ATYPICAL,PIKK,DNAPK,PRKDC
PIM,0.5358333333333333,54,KRSA,0.31282586027111575,2,CAMK,PIM,PIM,PIM1
PIM,0.5358333333333333,54,KRSA,0.31282586027111575,2,CAMK,PIM,PIM,PIM2
PIM,0.5358333333333333,54,KRSA,0.31282586027111575,2,CAMK,PIM,PIM,PIM3
NUAK,-1.1841666666666666,31,KRSA,0.6131386861313869,3,CAMK,CAMKL,NUAK,NUAK1
NUAK,-1.1841666666666666,31,KRSA,0.6131386861313869,3,CAMK,CAMKL,NUAK,NUAK2
TTK,-1.1891666666666667,30,KRSA,0.6256517205422315,3,OTHER,TTK,TTK,TTK
PKN,-0.7191666666666666,50,KRSA,0.36287799791449427,2,AGC,PKN,PKN,PKN1
PKN,-0.7191666666666666,50,KRSA,0.36287799791449427,2,AGC,PKN,PKN,PKN2
PKN,-0.7191666666666666,50,KRSA,0.36287799791449427,2,AGC,PKN,PKN,PKN3
TLK,-1.1916666666666669,29,KRSA,0.6381647549530761,3,OTHER,TLK,TLK,TLK1
TLK,-1.1916666666666669,29,KRSA,0.6381647549530761,3,OTHER,TLK,TLK,TLK2
PAKB,-0.8191666666666666,46,KRSA,0.4129301355578728,2,STE,STE20,PAKB,PAK4
PAKB,-0.8191666666666666,46,KRSA,0.4129301355578728,2,STE,STE20,PAKB,PAK5
PAKB,-0.8191666666666666,46,KRSA,0.4129301355578728,2,STE,STE20,PAKB,PAK6
DAPK,-0.8791666666666667,39,KRSA,0.5130344108446299,3,CAMK,DAPK,DAPK,DAPK1
DAPK,-0.8791666666666667,39,KRSA,0.5130344108446299,3,CAMK,DAPK,DAPK,DAPK2
DAPK,-0.8791666666666667,39,KRSA,0.5130344108446299,3,CAMK,DAPK,DAPK,DAPK3
DAPK,-0.8791666666666667,39,KRSA,0.5130344108446299,3,CAMK,DAPK,DRAK,STK17A
DAPK,-0.8791666666666667,39,KRSA,0.5130344108446299,3,CAMK,DAPK,DRAK,STK17B
FRAY,-1.3825,20,KRSA,0.7507820646506778,4,STE,STE20,FRAY,OXSR1
FRAY,-1.3825,20,KRSA,0.7507820646506778,4,STE,STE20,FRAY,STK39
CAMK2,0.7225,49,KRSA,0.3753910323253389,2,CAMK,CAMK2,CAMK2,CAMK2A
CAMK2,0.7225,49,KRSA,0.3753910323253389,2,CAMK,CAMK2,CAMK2,CAMK2B
CAMK2,0.7225,49,KRSA,0.3753910323253389,2,CAMK,CAMK2,CAMK2,CAMK2D
CAMK2,0.7225,49,KRSA,0.3753910323253389,2,CAMK,CAMK2,CAMK2,CAMK2G
IKK,-0.67,51,KRSA,0.35036496350364965,2,OTHER,IKK,IKK,CHUK
IKK,-0.67,51,KRSA,0.35036496350364965,2,OTHER,IKK,IKK,IKBKB
IKK,-0.67,51,KRSA,0.35036496350364965,2,OTHER,IKK,IKK,IKBKE
IKK,-0.67,51,KRSA,0.35036496350364965,2,OTHER,IKK,IKK,TBK1
HAL,0.8033333333333333,47,KRSA,0.40041710114702816,2,RGC,RGC,RGC,NPR1
NAK,-0.205,69,KRSA,0.1251303441084463,1,OTHER,NAK,BIKE,AAK1
NAK,-0.205,69,KRSA,0.1251303441084463,1,OTHER,NAK,BIKE,BMP2K
NAK,-0.205,69,KRSA,0.1251303441084463,1,OTHER,NAK,GAK,GAK
NAK,-0.205,69,KRSA,0.1251303441084463,1,OTHER,NAK,MPSK,STK16
PHK,-1.75,17,KRSA,0.7883211678832117,4,CAMK,PHK,PHK,PHKG1
PHK,-1.75,17,KRSA,0.7883211678832117,4,CAMK,PHK,PHK,PHKG2
TAO,0.17583333333333337,71,KRSA,0.10010427528675704,1,STE,STE20,TAO,TAOK1
TAO,0.17583333333333337,71,KRSA,0.10010427528675704,1,STE,STE20,TAO,TAOK2
TAO,0.17583333333333337,71,KRSA,0.10010427528675704,1,STE,STE20,TAO,TAOK3
CLK,-0.8383333333333334,42,KRSA,0.4629822732012513,2,CMGC,CLK,CLK,CLK1
CLK,-0.8383333333333334,42,KRSA,0.4629822732012513,2,CMGC,CLK,CLK,CLK2
CLK,-0.8383333333333334,42,KRSA,0.4629822732012513,2,CMGC,CLK,CLK,CLK3
CLK,-0.8383333333333334,42,KRSA,0.4629822732012513,2,CMGC,CLK,CLK,CLK4
CAMKK,-0.8233333333333334,45,KRSA,0.4254431699687174,2,OTHER,CAMKK,META,CAMKK1
CAMKK,-0.8233333333333334,45,KRSA,0.4254431699687174,2,OTHER,CAMKK,META,CAMKK2
MOS,-0.49583333333333335,55,KRSA,0.30031282586027114,2,OTHER,MOS,MOS,MOS
WNK,-0.8391666666666666,41,KRSA,0.4880083420229406,2,OTHER,WNK,WNK,WNK1
WNK,-0.8391666666666666,41,KRSA,0.4880083420229406,2,OTHER,WNK,WNK,WNK2
WNK,-0.8391666666666666,41,KRSA,0.4880083420229406,2,OTHER,WNK,WNK,WNK3
WNK,-0.8391666666666666,41,KRSA,0.4880083420229406,2,OTHER,WNK,WNK,WNK4
BRSK,0.04333333333333335,77,KRSA,0.02502606882168926,1,CAMK,CAMKL,BRSK,BRSK1
BRSK,0.04333333333333335,77,KRSA,0.02502606882168926,1,CAMK,CAMKL,BRSK,BRSK2
ULK,-0.8241666666666666,44,KRSA,0.43795620437956206,2,OTHER,ULK,FUSED,STK36
ULK,-0.8241666666666666,44,KRSA,0.43795620437956206,2,OTHER,ULK,ULK,ULK1
ULK,-0.8241666666666666,44,KRSA,0.43795620437956206,2,OTHER,ULK,ULK,ULK2
ULK,-0.8241666666666666,44,KRSA,0.43795620437956206,2,OTHER,ULK,ULK,ULK3
ULK,-0.8241666666666666,44,KRSA,0.43795620437956206,2,OTHER,ULK,ULK,ULK4
NDR,0.01333333333333335,79,KRSA,0,1,AGC,NDR,NDR,LATS1
NDR,0.01333333333333335,79,KRSA,0,1,AGC,NDR,NDR,LATS2
NDR,0.01333333333333335,79,KRSA,0,1,AGC,NDR,NDR,STK38
NDR,0.01333333333333335,79,KRSA,0,1,AGC,NDR,NDR,STK38L
SLK,-0.16666666666666663,72,KRSA,0.08759124087591241,1,STE,STE20,SLK,SLK
SLK,-0.16666666666666663,72,KRSA,0.08759124087591241,1,STE,STE20,SLK,STK10
NIK,-0.8383333333333334,42,KRSA,0.4629822732012513,2,STE,STE-UNIQUE,STE-UNIQUE,MAP3K14
BUD32,-0.8275,43,KRSA,0.4504692387904067,2,OTHER,BUD32,BUD32,TP53RK
CK2,0.21166666666666664,68,KRSA,0.13764337851929093,1,CMGC,CK2,CK2,CSNK2A1
CK2,0.21166666666666664,68,KRSA,0.13764337851929093,1,CMGC,CK2,CK2,CSNK2A2
CK2,0.21166666666666664,68,KRSA,0.13764337851929093,1,NA,NA,NA,CSNK2A3
CK1,-1.3091666666666666,23,KRSA,0.7132429614181439,3,CK1,CK1,CK1-A,CSNK1A1
CK1,-1.3091666666666666,23,KRSA,0.7132429614181439,3,CK1,CK1,CK1-A,CSNK1A1L
CK1,-1.3091666666666666,23,KRSA,0.7132429614181439,3,CK1,CK1,CK1-D,CSNK1D
CK1,-1.3091666666666666,23,KRSA,0.7132429614181439,3,CK1,CK1,CK1-D,CSNK1E
CK1,-1.3091666666666666,23,KRSA,0.7132429614181439,3,CK1,CK1,CK1-G,CSNK1G1
CK1,-1.3091666666666666,23,KRSA,0.7132429614181439,3,CK1,CK1,CK1-G,CSNK1G2
CK1,-1.3091666666666666,23,KRSA,0.7132429614181439,3,CK1,CK1,CK1-G,CSNK1G3
CK1,-1.3091666666666666,23,KRSA,0.7132429614181439,3,CK1,TTBK,TTBK,TTBK1
CK1,-1.3091666666666666,23,KRSA,0.7132429614181439,3,CK1,TTBK,TTBK,TTBK2
CK1,-1.3091666666666666,23,KRSA,0.7132429614181439,3,CK1,VRK,VRK,VRK3
IRAK,-0.2725,66,KRSA,0.16266944734098018,1,TKL,IRAK,IRAK,IRAK1
IRAK,-0.2725,66,KRSA,0.16266944734098018,1,TKL,IRAK,IRAK,IRAK2
IRAK,-0.2725,66,KRSA,0.16266944734098018,1,TKL,IRAK,IRAK,IRAK3
IRAK,-0.2725,66,KRSA,0.16266944734098018,1,TKL,IRAK,IRAK,IRAK4
GRK,0.45833333333333326,57,KRSA,0.27528675703858185,2,AGC,GRK,GRK,GRK1
GRK,0.45833333333333326,57,KRSA,0.27528675703858185,2,AGC,GRK,GRK,GRK4
GRK,0.45833333333333326,57,KRSA,0.27528675703858185,2,AGC,GRK,GRK,GRK5
GRK,0.45833333333333326,57,KRSA,0.27528675703858185,2,AGC,GRK,GRK,GRK6
GRK,0.45833333333333326,57,KRSA,0.27528675703858185,2,AGC,GRK,GRK,GRK7
NEK,-0.32416666666666666,64,KRSA,0.18769551616266944,1,OTHER,NEK,NEK11,NEK11
NEK,-0.32416666666666666,64,KRSA,0.18769551616266944,1,OTHER,NEK,NEK2,NEK2
NEK,-0.32416666666666666,64,KRSA,0.18769551616266944,1,OTHER,NEK,NEK1,NEK3
NEK,-0.32416666666666666,64,KRSA,0.18769551616266944,1,OTHER,NEK,NEK4,NEK4
NEK,-0.32416666666666666,64,KRSA,0.18769551616266944,1,OTHER,NEK,NEK1,NEK5
NEK,-0.32416666666666666,64,KRSA,0.18769551616266944,1,OTHER,NEK,NEK6,NEK6
NEK,-0.32416666666666666,64,KRSA,0.18769551616266944,1,OTHER,NEK,NEK6,NEK7
NEK,-0.32416666666666666,64,KRSA,0.18769551616266944,1,OTHER,NEK,NEK8,NEK8
NEK,-0.32416666666666666,64,KRSA,0.18769551616266944,1,OTHER,NEK,NEK8,NEK9
COT,-0.09000000000000002,74,KRSA,0.06256517205422316,1,STE,STE-UNIQUE,STE-UNIQUE,MAP3K8
MLCK,-0.3350000000000001,63,KRSA,0.20020855057351408,1,CAMK,MLCK,MLCK,MYLK
MLCK,-0.3350000000000001,63,KRSA,0.20020855057351408,1,CAMK,MLCK,MLCK,MYLK2
MLCK,-0.3350000000000001,63,KRSA,0.20020855057351408,1,CAMK,MLCK,MLCK,TTN
BARK2,-0.3383333333333333,61,KRSA,0.22523461939520334,1,AGC,GRK,BARK,GRK3
DMPK,-0.6308333333333334,52,KRSA,0.337851929092805,2,AGC,DMPK,GEK,CDC42BPA
DMPK,-0.6308333333333334,52,KRSA,0.337851929092805,2,AGC,DMPK,GEK,CDC42BPB
DMPK,-0.6308333333333334,52,KRSA,0.337851929092805,2,AGC,DMPK,GEK,CDC42BPG
DMPK,-0.6308333333333334,52,KRSA,0.337851929092805,2,AGC,DMPK,CRIK,CIT
DMPK,-0.6308333333333334,52,KRSA,0.337851929092805,2,AGC,DMPK,GEK,DMPK
DMPK,-0.6308333333333334,52,KRSA,0.337851929092805,2,AGC,DMPK,ROCK,ROCK1
DMPK,-0.6308333333333334,52,KRSA,0.337851929092805,2,AGC,DMPK,ROCK,ROCK2
MSN,0.3899999999999999,58,KRSA,0.26277372262773724,2,STE,STE20,MSN,MAP4K4
MSN,0.3899999999999999,58,KRSA,0.26277372262773724,2,STE,STE20,MSN,NRK
MSN,0.3899999999999999,58,KRSA,0.26277372262773724,2,STE,STE20,MSN,TNIK
ATM,-0.6116666666666667,53,KRSA,0.32533889468196037,2,ATYPICAL,PIKK,ATM,ATM
STKR,-0.06833333333333336,76,KRSA,0.03753910323253389,1,TKL,STKR,TYPE1,ACVR1
STKR,-0.06833333333333336,76,KRSA,0.03753910323253389,1,TKL,STKR,TYPE1,ACVR1B
STKR,-0.06833333333333336,76,KRSA,0.03753910323253389,1,TKL,STKR,TYPE1,ACVR1C
STKR,-0.06833333333333336,76,KRSA,0.03753910323253389,1,TKL,STKR,TYPE2,ACVR2A
STKR,-0.06833333333333336,76,KRSA,0.03753910323253389,1,TKL,STKR,TYPE2,ACVR2B
STKR,-0.06833333333333336,76,KRSA,0.03753910323253389,1,TKL,STKR,TYPE1,ACVRL1
STKR,-0.06833333333333336,76,KRSA,0.03753910323253389,1,TKL,STKR,TYPE2,AMHR2
STKR,-0.06833333333333336,76,KRSA,0.03753910323253389,1,TKL,STKR,TYPE1,BMPR1A
STKR,-0.06833333333333336,76,KRSA,0.03753910323253389,1,TKL,STKR,TYPE1,BMPR1B
STKR,-0.06833333333333336,76,KRSA,0.03753910323253389,1,TKL,STKR,TYPE2,BMPR2
STKR,-0.06833333333333336,76,KRSA,0.03753910323253389,1,TKL,STKR,TYPE1,TGFBR1
STKR,-0.06833333333333336,76,KRSA,0.03753910323253389,1,TKL,STKR,TYPE2,TGFBR2
SGK,0.08583333333333334,75,KRSA,0.05005213764337852,1,AGC,SGK,SGK,SGK1
SGK,0.08583333333333334,75,KRSA,0.05005213764337852,1,AGC,SGK,SGK,SGK2
SGK,0.08583333333333334,75,KRSA,0.05005213764337852,1,AGC,SGK,SGK,SGK3
AUR,0.18666666666666668,70,KRSA,0.11261730969760167,1,OTHER,AUR,AUR,AURKA
AUR,0.18666666666666668,70,KRSA,0.11261730969760167,1,OTHER,AUR,AUR,AURKB
AUR,0.18666666666666668,70,KRSA,0.11261730969760167,1,OTHER,AUR,AUR,AURKC
AKT,-0.04333333333333331,78,KRSA,0.01251303441084463,1,AGC,AKT,AKT,AKT1
AKT,-0.04333333333333331,78,KRSA,0.01251303441084463,1,AGC,AKT,AKT,AKT2
AKT,-0.04333333333333331,78,KRSA,0.01251303441084463,1,AGC,AKT,AKT,AKT3
MLK,-0.30499999999999994,65,KRSA,0.17518248175182483,1,TKL,MLK,ILK,ILK
MLK,-0.30499999999999994,65,KRSA,0.17518248175182483,1,TKL,MLK,MLK,MAP3K10
MLK,-0.30499999999999994,65,KRSA,0.17518248175182483,1,TKL,MLK,MLK,MAP3K11
MLK,-0.30499999999999994,65,KRSA,0.17518248175182483,1,TKL,MLK,LZK,MAP3K12
MLK,-0.30499999999999994,65,KRSA,0.17518248175182483,1,TKL,MLK,LZK,MAP3K13
MLK,-0.30499999999999994,65,KRSA,0.17518248175182483,1,TKL,MLK,MLK,MAP3K9
MLK,-0.30499999999999994,65,KRSA,0.17518248175182483,1,TKL,MLK,HH498,TNNI3K
