Kinase,Score,Rank,Method,Perc,Qrt,group,KinaseFamily,subfamily,hgnc_symbol
SGK1,6.3329230643385035,48,PTM-SEA,0.35526315789473684,2,AGC,SGK,SGK,SGK1
PIK3C2A,0,55,PTM-SEA,0,1,NA,NA,NA,PIK3C2A
CHEK1,52.08349453091685,20,PTM-SEA,0.7236842105263158,3,CAMK,CAMKL,CHK1,CHEK1
AURKA,-30.40076172943006,32,PTM-SEA,0.5657894736842105,3,OTHER,AUR,AUR,AURKA
DAPK3,0,55,PTM-SEA,0,1,CAMK,DAPK,DAPK,DAPK3
RPS6KA5,-71.4320077132175,15,PTM-SEA,0.8026315789473685,4,AGC,RSK,MSK,RPS6KA5
CHEK2,18.614007443423183,39,PTM-SEA,0.47368421052631576,2,CAMK,RAD53,RAD53,CHEK2
RAF1,-29.005499205108116,34,PTM-SEA,0.5394736842105263,3,TKL,RAF,RAF,RAF1
PRKCG,0,55,PTM-SEA,0,1,AGC,PKC,ALPHA,PRKCG
PRKCB,-34.2717067713676,30,PTM-SEA,0.5921052631578947,3,AGC,PKC,ALPHA,PRKCB
CDK1,-42.06638082871422,25,PTM-SEA,0.6578947368421053,3,CMGC,CDK,CDC2,CDK1
ARAF,70.89235740497136,16,PTM-SEA,0.7763157894736842,4,TKL,RAF,RAF,ARAF
PIM1,5.760617412337564,49,PTM-SEA,0.34210526315789475,2,CAMK,PIM,PIM,PIM1
CDK4,-100.92679729232391,3,PTM-SEA,0.9736842105263158,4,CMGC,CDK,CDK4,CDK4
SRC,0,55,PTM-SEA,0,1,TK,SRC,SRCA,SRC
BRAF,70.89235740497136,16,PTM-SEA,0.7763157894736842,4,TKL,RAF,RAF,BRAF
PRKCA,29.117634186063544,33,PTM-SEA,0.5526315789473685,3,AGC,PKC,ALPHA,PRKCA
PRKACA,11.432903162728529,44,PTM-SEA,0.40789473684210525,2,AGC,PKA,PKA,PRKACA
PRKACG,0.4325882370275256,53,PTM-SEA,0.2631578947368421,2,AGC,PKA,PKA,PRKACG
PRKACB,5.684245280858906,51,PTM-SEA,0.2894736842105263,2,AGC,PKA,PKA,PRKACB
RPS6KB1,10.88208733493789,45,PTM-SEA,0.39473684210526316,2,AGC,RSK,P70,RPS6KB1
CDK2,-56.13984982719393,18,PTM-SEA,0.75,4,CMGC,CDK,CDC2,CDK2
MAPK3,-13.780751081964933,43,PTM-SEA,0.42105263157894735,2,CMGC,MAPK,ERK1,MAPK3
MAPK1,-42.16894314980627,24,PTM-SEA,0.6710526315789473,3,CMGC,MAPK,ERK1,MAPK1
AKT1,38.18823488922854,27,PTM-SEA,0.631578947368421,3,AGC,AKT,AKT,AKT1
AKT2,77.71638241686331,11,PTM-SEA,0.8552631578947368,4,AGC,AKT,AKT,AKT2
MAP3K8,-0.1623135587691027,54,PTM-SEA,0.25,2,STE,STE-UNIQUE,STE-UNIQUE,MAP3K8
PRKCI,5.684245280858906,51,PTM-SEA,0.2894736842105263,2,AGC,PKC,IOTA,PRKCI
MTOR,0,55,PTM-SEA,0,1,ATYPICAL,PIKK,FRAP,MTOR
MAPK8,-78.48633770689199,10,PTM-SEA,0.868421052631579,4,CMGC,MAPK,JNK,MAPK8
MAPK9,0,55,PTM-SEA,0,1,CMGC,MAPK,JNK,MAPK9
MAPKAPK2,77.1041818128315,12,PTM-SEA,0.8421052631578947,4,CAMK,MAPKAPK,MAPKAPK,MAPKAPK2
GSK3B,-36.10422718638723,29,PTM-SEA,0.6052631578947368,3,CMGC,GSK,GSK,GSK3B
CDK7,53.40769230769231,19,PTM-SEA,0.7368421052631579,3,CMGC,CDK,CDK7,CDK7
CDK9,-84.64615384615384,8,PTM-SEA,0.8947368421052632,4,CMGC,CDK,CDK9,CDK9
RPS6KA3,27.268329955368102,37,PTM-SEA,0.5,3,AGC,RSK,RSK,RPS6KA3
NEK2,0,55,PTM-SEA,0,1,OTHER,NEK,NEK2,NEK2
DAPK1,14.23814506696052,42,PTM-SEA,0.4342105263157895,2,CAMK,DAPK,DAPK,DAPK1
MAPK10,-75.57692307692307,14,PTM-SEA,0.8157894736842105,4,CMGC,MAPK,JNK,MAPK10
PRKAA2,46.177183396274614,22,PTM-SEA,0.6973684210526315,3,CAMK,CAMKL,AMPK,PRKAA2
SIK1,-76.58461538461538,13,PTM-SEA,0.8289473684210527,4,CAMK,CAMKL,QIK,SIK1
CSNK2A1,28.45704282619358,35,PTM-SEA,0.5263157894736842,3,CMGC,CK2,CK2,CSNK2A1
PRKDC,-123.4423076923077,1,PTM-SEA,1,4,ATYPICAL,PIKK,DNAPK,PRKDC
ATM,0,55,PTM-SEA,0,1,ATYPICAL,PIKK,ATM,ATM
AURKB,105.80079682417818,2,PTM-SEA,0.9868421052631579,4,OTHER,AUR,AUR,AURKB
CDK3,0,55,PTM-SEA,0,1,CMGC,CDK,CDC2,CDK3
CDK6,-84.64615384615384,8,PTM-SEA,0.8947368421052632,4,CMGC,CDK,CDK4,CDK6
CDK5,-97.43877819706462,5,PTM-SEA,0.9473684210526315,4,CMGC,CDK,CDK5,CDK5
PRKCE,38.66963710038301,26,PTM-SEA,0.6447368421052632,3,AGC,PKC,ETA,PRKCE
PRKCQ,-94.74726818746475,6,PTM-SEA,0.9342105263157895,4,AGC,PKC,DELTA,PRKCQ
PRKCZ,69.44122078034769,17,PTM-SEA,0.7631578947368421,4,AGC,PKC,IOTA,PRKCZ
PRKCD,46.23765105487372,21,PTM-SEA,0.7105263157894737,3,AGC,PKC,DELTA,PRKCD
PRKAA1,-45.53345775419962,23,PTM-SEA,0.6842105263157895,3,CAMK,CAMKL,AMPK,PRKAA1
PAK1,-6.57939919163527,47,PTM-SEA,0.3684210526315789,2,STE,STE20,PAKA,PAK1
PAK2,16.123076923076923,41,PTM-SEA,0.4473684210526316,2,STE,STE20,PAKA,PAK2
PRKG2,32.21576743838567,31,PTM-SEA,0.5789473684210527,3,AGC,PKG,PKG,PRKG2
ROCK1,-98.68797126776468,4,PTM-SEA,0.9605263157894737,4,AGC,DMPK,ROCK,ROCK1
ATR,0,55,PTM-SEA,0,1,ATYPICAL,PIKK,ATR,ATR
CAMK2G,0,55,PTM-SEA,0,1,CAMK,CAMK2,CAMK2,CAMK2G
DYRK1A,24.369246878635288,38,PTM-SEA,0.4868421052631579,2,CMGC,DYRK,DYRK1,DYRK1A
PRKG1,17.878674687289713,40,PTM-SEA,0.4605263157894737,2,AGC,PKG,PKG,PRKG1
PRKD1,-5.50785488451266,52,PTM-SEA,0.27631578947368424,2,CAMK,PKD,PKD,PRKD1
RPS6KA2,8.330092455055823,46,PTM-SEA,0.3815789473684211,2,AGC,RSK,RSK,RPS6KA2
RPS6KA1,27.566186412493032,36,PTM-SEA,0.5131578947368421,3,AGC,RSK,RSK,RPS6KA1
PKN1,-37.775227271385994,28,PTM-SEA,0.618421052631579,3,AGC,PKN,PKN,PKN1
MAPK14,81.9722962807054,9,PTM-SEA,0.881578947368421,4,CMGC,MAPK,P38,MAPK14
PIM3,5.684245280858906,51,PTM-SEA,0.2894736842105263,2,CAMK,PIM,PIM,PIM3
BRSK2,0,55,PTM-SEA,0,1,CAMK,CAMKL,BRSK,BRSK2
BRSK1,0,55,PTM-SEA,0,1,CAMK,CAMKL,BRSK,BRSK1
DYRK2,0,55,PTM-SEA,0,1,CMGC,DYRK,DYRK2,DYRK2
PASK,0,55,PTM-SEA,0,1,CAMK,CAMKL,PASK,PASK
VRK1,0,55,PTM-SEA,0,1,CK1,VRK,VRK,VRK1
PRKD2,0,55,PTM-SEA,0,1,CAMK,PKD,PKD,PRKD2
PLK3,0,55,PTM-SEA,0,1,OTHER,PLK,PLK2,PLK3
NEK6,0,55,PTM-SEA,0,1,OTHER,NEK,NEK6,NEK6
PIM2,5.694514064504725,50,PTM-SEA,0.32894736842105265,2,CAMK,PIM,PIM,PIM2
AKT3,86.23151548779356,7,PTM-SEA,0.9210526315789473,4,AGC,AKT,AKT,AKT3
AAK1,302,264,KEA3,0.08857142857142856,1,OTHER,NAK,BIKE,AAK1
ABL1,54.333333333333336,33,KEA3,0.8885714285714286,4,TK,ABL,ABL,ABL1
ABL2,170,166,KEA3,0.4142857142857143,2,TK,ABL,ABL,ABL2
ACVR1,66.5,51,KEA3,0.8285714285714286,4,TKL,STKR,TYPE1,ACVR1
ACVR1B,136.5,126,KEA3,0.5657142857142857,3,TKL,STKR,TYPE1,ACVR1B
ACVR2B,212,206,KEA3,0.27714285714285714,2,TKL,STKR,TYPE2,ACVR2B
AKT1,59,41,KEA3,0.8628571428571429,4,AGC,AKT,AKT,AKT1
AKT2,40.333333333333336,21,KEA3,0.9314285714285714,4,AGC,AKT,AKT,AKT2
AKT3,108,100,KEA3,0.6457142857142857,3,AGC,AKT,AKT,AKT3
ALK,162.5,155,KEA3,0.4542857142857143,2,TK,ALK,ALK,ALK
ARAF,91,78,KEA3,0.72,3,TKL,RAF,RAF,ARAF
ATM,87,73,KEA3,0.7342857142857143,3,ATYPICAL,PIKK,ATM,ATM
ATR,42.333333333333336,24,KEA3,0.9171428571428571,4,ATYPICAL,PIKK,ATR,ATR
AURKA,60,42,KEA3,0.86,4,OTHER,AUR,AUR,AURKA
AURKB,46.66666666666667,28,KEA3,0.9028571428571428,4,OTHER,AUR,AUR,AURKB
AURKC,185,177,KEA3,0.37142857142857144,2,OTHER,AUR,AUR,AURKC
AXL,201,196,KEA3,0.31142857142857144,2,TK,AXL,AXL,AXL
BLK,257.5,236,KEA3,0.17142857142857143,1,TK,SRC,SRCB,BLK
BMP2K,325,283,KEA3,0.03428571428571429,1,OTHER,NAK,BIKE,BMP2K
BMPR1A,196,186,KEA3,0.34285714285714286,2,TKL,STKR,TYPE1,BMPR1A
BMPR1B,113,104,KEA3,0.6342857142857142,3,TKL,STKR,TYPE1,BMPR1B
BMPR2,226.5,220,KEA3,0.22285714285714286,1,TKL,STKR,TYPE2,BMPR2
BMX,136.66666666666666,127,KEA3,0.5628571428571428,3,TK,TEC,TEC,BMX
BRAF,121,112,KEA3,0.6085714285714285,3,TKL,RAF,RAF,BRAF
BRSK1,224.33333333333334,217,KEA3,0.2342857142857143,1,CAMK,CAMKL,BRSK,BRSK1
BRSK2,165,159,KEA3,0.44,2,CAMK,CAMKL,BRSK,BRSK2
BTK,62.666666666666664,46,KEA3,0.8428571428571429,4,TK,TEC,TEC,BTK
BUB1,149,138,KEA3,0.5285714285714286,3,OTHER,BUB,BUB,BUB1
CAMK1,140,131,KEA3,0.5485714285714286,3,CAMK,CAMK1,CAMK1,CAMK1
CAMK1D,245,230,KEA3,0.18857142857142858,1,CAMK,CAMK1,CAMK1,CAMK1D
CAMK2A,56.333333333333336,36,KEA3,0.88,4,CAMK,CAMK2,CAMK2,CAMK2A
CAMK2B,120.5,110,KEA3,0.6171428571428571,3,CAMK,CAMK2,CAMK2,CAMK2B
CAMK2D,95,85,KEA3,0.7,3,CAMK,CAMK2,CAMK2,CAMK2D
CAMK2G,6,1,KEA3,1,4,CAMK,CAMK2,CAMK2,CAMK2G
CAMK4,93.66666666666667,83,KEA3,0.7057142857142857,3,CAMK,CAMK1,CAMK1,CAMK4
CAMKK1,165.33333333333334,160,KEA3,0.43714285714285717,2,OTHER,CAMKK,META,CAMKK1
CAMKK2,195.5,185,KEA3,0.3457142857142857,2,OTHER,CAMKK,META,CAMKK2
CDC42BPA,287,253,KEA3,0.12,1,AGC,DMPK,GEK,CDC42BPA
CDC7,198,191,KEA3,0.32571428571428573,2,OTHER,CDC7,CDC7,CDC7
CDK1,24.5,6,KEA3,0.9857142857142858,4,CMGC,CDK,CDC2,CDK1
CDK11A,332,288,KEA3,0.02,1,CMGC,CDK,CDK11,CDK11A
CDK11A,332,288,KEA3,0.02,1,NA,NA,NA,CDK11A
CDK12,315,275,KEA3,0.05714285714285714,1,CMGC,CDK,CRK7,CDK12
CDK15,270,240,KEA3,0.16,1,CMGC,CDK,PFTAIRE,CDK15
CDK16,256,235,KEA3,0.1742857142857143,1,CMGC,CDK,PCTAIRE,CDK16
CDK18,225,219,KEA3,0.22857142857142856,1,CMGC,CDK,PCTAIRE,CDK18
CDK19,284,250,KEA3,0.12857142857142856,1,CMGC,CDK,CDK8,CDK19
CDK2,33,16,KEA3,0.9457142857142857,4,CMGC,CDK,CDC2,CDK2
CDK20,55,34,KEA3,0.8857142857142857,4,CMGC,CDK,CCRK,CDK20
CDK3,32.333333333333336,15,KEA3,0.9514285714285714,4,CMGC,CDK,CDC2,CDK3
CDK4,31.666666666666664,14,KEA3,0.9542857142857143,4,CMGC,CDK,CDK4,CDK4
CDK5,26.666666666666664,8,KEA3,0.9771428571428571,4,CMGC,CDK,CDK5,CDK5
CDK6,26.333333333333332,7,KEA3,0.9828571428571429,4,CMGC,CDK,CDK4,CDK6
CDK7,56,35,KEA3,0.8828571428571429,4,CMGC,CDK,CDK7,CDK7
CDK8,90,77,KEA3,0.7228571428571429,3,CMGC,CDK,CDK8,CDK8
CDK9,31.666666666666664,14,KEA3,0.9542857142857143,4,CMGC,CDK,CDK9,CDK9
CDKL3,305,267,KEA3,0.08,1,CMGC,CDKL,CDKL,CDKL3
CDKL5,73.5,56,KEA3,0.8028571428571428,4,CMGC,CDKL,CDKL,CDKL5
CHEK1,10.333333333333334,4,KEA3,0.9914285714285714,4,CAMK,CAMKL,CHK1,CHEK1
CHEK2,23,5,KEA3,0.9885714285714285,4,CAMK,RAD53,RAD53,CHEK2
CHUK,50,30,KEA3,0.8971428571428571,4,OTHER,IKK,IKK,CHUK
CLK1,139.5,130,KEA3,0.5542857142857143,3,CMGC,CLK,CLK,CLK1
CLK2,124.5,116,KEA3,0.5971428571428572,3,CMGC,CLK,CLK,CLK2
CLK3,210.5,204,KEA3,0.2857142857142857,2,CMGC,CLK,CLK,CLK3
CLK4,322,281,KEA3,0.04,1,CMGC,CLK,CLK,CLK4
CSF1R,334,290,KEA3,0.014285714285714285,1,TK,PDGFR,PDGFR,CSF1R
CSK,167.66666666666666,164,KEA3,0.4257142857142857,2,TK,CSK,CSK,CSK
CSNK1A1,89.66666666666667,76,KEA3,0.7257142857142858,3,CK1,CK1,CK1-A,CSNK1A1
CSNK1A1L,338,294,KEA3,0.002857142857142857,1,CK1,CK1,CK1-A,CSNK1A1L
CSNK1D,38,19,KEA3,0.9371428571428572,4,CK1,CK1,CK1-D,CSNK1D
CSNK1E,105,97,KEA3,0.6571428571428571,3,CK1,CK1,CK1-D,CSNK1E
CSNK1G1,226.5,220,KEA3,0.22285714285714286,1,CK1,CK1,CK1-G,CSNK1G1
CSNK1G2,235,225,KEA3,0.20285714285714285,1,CK1,CK1,CK1-G,CSNK1G2
CSNK1G3,268,238,KEA3,0.1657142857142857,1,CK1,CK1,CK1-G,CSNK1G3
CSNK2A1,93.33333333333333,82,KEA3,0.7085714285714285,3,CMGC,CK2,CK2,CSNK2A1
CSNK2A2,101,92,KEA3,0.6714285714285714,3,CMGC,CK2,CK2,CSNK2A2
DAPK1,30,13,KEA3,0.96,4,CAMK,DAPK,DAPK,DAPK1
DAPK3,80.66666666666667,69,KEA3,0.7542857142857143,4,CAMK,DAPK,DAPK,DAPK3
DCLK1,213,207,KEA3,0.2714285714285714,2,CAMK,DCAMKL,DCAMKL,DCLK1
DDR1,142,132,KEA3,0.5457142857142857,3,TK,DDR,DDR,DDR1
DDR2,241,228,KEA3,0.19428571428571428,1,TK,DDR,DDR,DDR2
DMPK,219,213,KEA3,0.25142857142857145,2,AGC,DMPK,GEK,DMPK
DYRK1A,27.333333333333332,10,KEA3,0.9685714285714285,4,CMGC,DYRK,DYRK1,DYRK1A
DYRK1B,83,70,KEA3,0.7514285714285714,4,CMGC,DYRK,DYRK1,DYRK1B
DYRK2,73.66666666666667,57,KEA3,0.7971428571428572,4,CMGC,DYRK,DYRK2,DYRK2
DYRK3,189.5,181,KEA3,0.35714285714285715,2,CMGC,DYRK,DYRK2,DYRK3
DYRK4,88,74,KEA3,0.7314285714285714,3,CMGC,DYRK,DYRK2,DYRK4
EEF2K,156.5,147,KEA3,0.4857142857142857,2,ATYPICAL,ALPHA,EEF2K,EEF2K
EGFR,61,43,KEA3,0.8514285714285714,4,TK,EGFR,EGFR,EGFR
EIF2AK1,314,274,KEA3,0.06,1,OTHER,PEK,HRI,EIF2AK1
EIF2AK2,42.33333333333333,23,KEA3,0.9257142857142857,4,OTHER,PEK,PKR,EIF2AK2
EIF2AK3,336,292,KEA3,0.008571428571428572,1,OTHER,PEK,PEK,EIF2AK3
EPHA2,320,279,KEA3,0.045714285714285714,1,TK,EPH,EPH,EPHA2
EPHA3,158,149,KEA3,0.4742857142857143,2,TK,EPH,EPH,EPHA3
EPHA4,326,284,KEA3,0.03142857142857143,1,TK,EPH,EPH,EPHA4
EPHA8,335,291,KEA3,0.011428571428571429,1,TK,EPH,EPH,EPHA8
EPHB1,323,282,KEA3,0.037142857142857144,1,TK,EPH,EPH,EPHB1
EPHB2,293,258,KEA3,0.10571428571428572,1,TK,EPH,EPH,EPHB2
EPHB3,243,229,KEA3,0.19142857142857142,1,TK,EPH,EPH,EPHB3
ERBB2,62,44,KEA3,0.8485714285714285,4,TK,EGFR,EGFR,ERBB2
ERBB4,319,278,KEA3,0.04857142857142857,1,TK,EGFR,EGFR,ERBB4
FASTK,237.5,227,KEA3,0.19714285714285715,1,ATYPICAL,FAST,FAST,FASTK
FER,8.5,3,KEA3,0.9942857142857143,4,TK,FER,FER,FER
FES,205,199,KEA3,0.3028571428571429,2,TK,FER,FER,FES
FGFR1,163.66666666666666,157,KEA3,0.44571428571428573,2,TK,FGFR,FGFR,FGFR1
FGFR2,170,166,KEA3,0.4142857142857143,2,TK,FGFR,FGFR,FGFR2
FGFR3,206,200,KEA3,0.3,2,TK,FGFR,FGFR,FGFR3
FGFR4,134.5,125,KEA3,0.5685714285714286,3,TK,FGFR,FGFR,FGFR4
FGR,61,43,KEA3,0.8514285714285714,4,TK,SRC,SRCA,FGR
FLT1,306,268,KEA3,0.07714285714285714,1,TK,VEGFR,VEGFR,FLT1
FLT3,234,224,KEA3,0.20857142857142857,1,TK,PDGFR,PDGFR,FLT3
FLT4,273,242,KEA3,0.15428571428571428,1,TK,VEGFR,VEGFR,FLT4
FRK,200.5,195,KEA3,0.3142857142857143,2,TK,SRC,FRK,FRK
FYN,65,49,KEA3,0.8342857142857143,4,TK,SRC,SRCA,FYN
GRK1,330,287,KEA3,0.022857142857142857,1,AGC,GRK,GRK,GRK1
GRK2,28.333333333333332,11,KEA3,0.9657142857142857,4,AGC,GRK,BARK,GRK2
GRK3,230,222,KEA3,0.21428571428571427,1,AGC,GRK,BARK,GRK3
GRK5,45.666666666666664,26,KEA3,0.9114285714285715,4,AGC,GRK,GRK,GRK5
GRK6,199,193,KEA3,0.32,2,AGC,GRK,GRK,GRK6
GSK3A,70,54,KEA3,0.8085714285714286,4,CMGC,GSK,GSK,GSK3A
GSK3B,33.333333333333336,17,KEA3,0.9428571428571428,4,CMGC,GSK,GSK,GSK3B
HASPIN,222,215,KEA3,0.24,1,OTHER,HASPIN,HASPIN,HASPIN
HCK,158,149,KEA3,0.4742857142857143,2,TK,SRC,SRCB,HCK
HIPK1,128.5,119,KEA3,0.5857142857142857,3,CMGC,DYRK,HIPK,HIPK1
HIPK2,53.666666666666664,32,KEA3,0.8914285714285715,4,CMGC,DYRK,HIPK,HIPK2
HIPK3,294,259,KEA3,0.10285714285714286,1,CMGC,DYRK,HIPK,HIPK3
HIPK4,142.5,133,KEA3,0.5428571428571428,3,CMGC,DYRK,HIPK,HIPK4
ICK,285,251,KEA3,0.12571428571428572,1,CMGC,RCK,RCK,CILK1
IGF1R,171.33333333333334,167,KEA3,0.4114285714285714,2,TK,INSR,INSR,IGF1R
IKBKB,58,39,KEA3,0.8685714285714285,4,OTHER,IKK,IKK,IKBKB
IKBKE,89.33333333333333,75,KEA3,0.7285714285714285,3,OTHER,IKK,IKK,IKBKE
ILK,126,118,KEA3,0.5885714285714285,3,TKL,MLK,ILK,ILK
INSR,99.66666666666667,90,KEA3,0.68,3,TK,INSR,INSR,INSR
IRAK1,158,149,KEA3,0.4742857142857143,2,TKL,IRAK,IRAK,IRAK1
IRAK3,251,233,KEA3,0.18,1,TKL,IRAK,IRAK,IRAK3
IRAK4,292,257,KEA3,0.10857142857142857,1,TKL,IRAK,IRAK,IRAK4
ITK,117.33333333333333,107,KEA3,0.6257142857142857,3,TK,TEC,TEC,ITK
JAK1,161,153,KEA3,0.46,2,TK,JAKA,JAKA,JAK1
JAK2,78.33333333333333,64,KEA3,0.7685714285714286,4,TK,JAKA,JAKA,JAK2
JAK3,162,154,KEA3,0.45714285714285713,2,TK,JAKA,JAKA,JAK3
KDR,303,265,KEA3,0.08571428571428572,1,TK,VEGFR,VEGFR,KDR
KIT,237,226,KEA3,0.2,1,TK,PDGFR,PDGFR,KIT
KSR1,208,201,KEA3,0.29714285714285715,2,TKL,RAF,KSR,KSR1
KSR2,186,179,KEA3,0.3657142857142857,2,TKL,RAF,KSR,KSR2
LATS1,187.33333333333334,180,KEA3,0.3628571428571429,2,AGC,NDR,NDR,LATS1
LATS2,101,92,KEA3,0.6714285714285714,3,AGC,NDR,NDR,LATS2
LCK,67.33333333333333,52,KEA3,0.8228571428571428,4,TK,SRC,SRCB,LCK
LIMK1,286,252,KEA3,0.12285714285714286,1,TKL,LISK,LIMK,LIMK1
LIMK2,212,206,KEA3,0.27714285714285714,2,TKL,LISK,LIMK,LIMK2
LRRK2,44,25,KEA3,0.9142857142857143,4,TKL,LRRK,LRRK,LRRK2
LYN,73.66666666666667,57,KEA3,0.7971428571428572,4,TK,SRC,SRCB,LYN
MAK,269,239,KEA3,0.16285714285714287,1,CMGC,RCK,RCK,MAK
MAP2K1,131.66666666666666,122,KEA3,0.5771428571428572,3,STE,STE7,MEK1,MAP2K1
MAP2K2,168,165,KEA3,0.42,2,STE,STE7,MEK1,MAP2K2
MAP2K3,224,216,KEA3,0.23714285714285716,1,STE,STE7,MEK3,MAP2K3
MAP2K4,109.33333333333333,101,KEA3,0.6428571428571429,3,STE,STE7,MEK4,MAP2K4
MAP2K6,120.33333333333333,109,KEA3,0.62,3,STE,STE7,MEK3,MAP2K6
MAP2K7,160,151,KEA3,0.4685714285714286,2,STE,STE7,MEK7,MAP2K7
MAP3K1,222,215,KEA3,0.24,1,STE,STE11,MEKK1,MAP3K1
MAP3K10,274,243,KEA3,0.14857142857142858,1,TKL,MLK,MLK,MAP3K10
MAP3K11,197.33333333333334,189,KEA3,0.3314285714285714,2,TKL,MLK,MLK,MAP3K11
MAP3K13,213,207,KEA3,0.2714285714285714,2,TKL,MLK,LZK,MAP3K13
MAP3K14,124.33333333333333,115,KEA3,0.6,3,STE,STE-UNIQUE,STE-UNIQUE,MAP3K14
MAP3K20,192,183,KEA3,0.3514285714285714,2,TKL,MLK,ZAK,MAP3K20
MAP3K3,179,171,KEA3,0.3942857142857143,2,STE,STE11,MEKK2,MAP3K3
MAP3K4,163,156,KEA3,0.44857142857142857,2,STE,STE11,MEKK4,MAP3K4
MAP3K5,139,129,KEA3,0.5571428571428572,3,STE,STE11,ASK,MAP3K5
MAP3K6,99,89,KEA3,0.6828571428571428,3,STE,STE11,ASK,MAP3K6
MAP3K7,91.33333333333333,79,KEA3,0.7171428571428572,3,TKL,MLK,TAK1,MAP3K7
MAP3K8,27,9,KEA3,0.9742857142857143,4,STE,STE-UNIQUE,STE-UNIQUE,MAP3K8
MAP4K1,271,241,KEA3,0.15714285714285714,1,STE,STE20,KHS,MAP4K1
MAP4K2,204.5,198,KEA3,0.3057142857142857,2,STE,STE20,KHS,MAP4K2
MAP4K3,298,262,KEA3,0.09428571428571429,1,STE,STE20,KHS,MAP4K3
MAP4K4,153,143,KEA3,0.5,3,STE,STE20,MSN,MAP4K4
MAP4K5,208.5,202,KEA3,0.29428571428571426,2,STE,STE20,KHS,MAP4K5
MAPK1,66.33333333333333,50,KEA3,0.8314285714285714,4,CMGC,MAPK,ERK1,MAPK1
MAPK10,155.33333333333334,146,KEA3,0.49142857142857144,2,CMGC,MAPK,JNK,MAPK10
MAPK11,103.66666666666667,96,KEA3,0.66,3,CMGC,MAPK,P38,MAPK11
MAPK12,183,176,KEA3,0.37714285714285717,2,CMGC,MAPK,P38,MAPK12
MAPK13,143.66666666666666,134,KEA3,0.54,3,CMGC,MAPK,P38,MAPK13
MAPK14,26.666666666666664,8,KEA3,0.9771428571428571,4,CMGC,MAPK,P38,MAPK14
MAPK15,222,215,KEA3,0.24,1,CMGC,MAPK,ERK7,MAPK15
MAPK3,58.66666666666667,40,KEA3,0.8657142857142858,4,CMGC,MAPK,ERK1,MAPK3
MAPK6,210.5,204,KEA3,0.2857142857142857,2,CMGC,MAPK,ERK3,MAPK6
MAPK7,106.66666666666667,98,KEA3,0.6542857142857142,3,CMGC,MAPK,ERK5,MAPK7
MAPK8,72.33333333333333,55,KEA3,0.8057142857142857,4,CMGC,MAPK,JNK,MAPK8
MAPK9,70,54,KEA3,0.8085714285714286,4,CMGC,MAPK,JNK,MAPK9
MAPKAPK2,79.33333333333333,67,KEA3,0.76,4,CAMK,MAPKAPK,MAPKAPK,MAPKAPK2
MAPKAPK3,301,263,KEA3,0.09142857142857143,1,CAMK,MAPKAPK,MAPKAPK,MAPKAPK3
MAPKAPK5,68,53,KEA3,0.8142857142857143,4,CAMK,MAPKAPK,MAPKAPK,MAPKAPK5
MARK2,131.33333333333334,121,KEA3,0.58,3,CAMK,CAMKL,MARK,MARK2
MARK3,197,188,KEA3,0.3342857142857143,2,CAMK,CAMKL,MARK,MARK3
MARK4,333,289,KEA3,0.017142857142857144,1,CAMK,CAMKL,MARK,MARK4
MAST1,217,210,KEA3,0.26,2,AGC,MAST,MAST,MAST1
MAST2,313,273,KEA3,0.06285714285714286,1,AGC,MAST,MAST,MAST2
MATK,126,118,KEA3,0.5885714285714285,3,TK,CSK,CSK,MATK
MELK,164,158,KEA3,0.44285714285714284,2,CAMK,CAMKL,MELK,MELK
MERTK,153,143,KEA3,0.5,3,TK,AXL,AXL,MERTK
MET,150,140,KEA3,0.5171428571428571,3,TK,MET,MET,MET
MKNK1,57.333333333333336,38,KEA3,0.8742857142857143,4,CAMK,MAPKAPK,MNK,MKNK1
MKNK2,145.5,135,KEA3,0.5371428571428571,3,CAMK,MAPKAPK,MNK,MKNK2
MOK,218.5,212,KEA3,0.2542857142857143,2,CMGC,RCK,RCK,MOK
MOS,304,266,KEA3,0.08285714285714285,1,OTHER,MOS,MOS,MOS
MST1R,281,248,KEA3,0.13428571428571429,1,TK,MET,MET,MST1R
MTOR,76.33333333333333,62,KEA3,0.7742857142857142,4,ATYPICAL,PIKK,FRAP,MTOR
MYLK2,151.5,141,KEA3,0.5142857142857142,3,CAMK,MLCK,MLCK,MYLK2
MYO3A,202,197,KEA3,0.30857142857142855,2,STE,STE20,NINAC,MYO3A
NEK10,289,254,KEA3,0.11714285714285715,1,OTHER,NEK,NEK10,NEK10
NEK11,155,145,KEA3,0.4942857142857143,2,OTHER,NEK,NEK11,NEK11
NEK2,107.66666666666667,99,KEA3,0.6514285714285715,3,OTHER,NEK,NEK2,NEK2
NEK3,174,169,KEA3,0.4,2,OTHER,NEK,NEK1,NEK3
NEK4,189.5,181,KEA3,0.35714285714285715,2,OTHER,NEK,NEK4,NEK4
NEK6,29.333333333333332,12,KEA3,0.9628571428571429,4,OTHER,NEK,NEK6,NEK6
NEK8,224.5,218,KEA3,0.23142857142857143,1,OTHER,NEK,NEK8,NEK8
NEK9,163,156,KEA3,0.44857142857142857,2,OTHER,NEK,NEK8,NEK9
NIM1K,275,244,KEA3,0.1457142857142857,1,CAMK,CAMKL,NIM1,NIM1K
NLK,116,106,KEA3,0.6285714285714286,3,CMGC,MAPK,NMO,NLK
NPR2,96,86,KEA3,0.6971428571428572,3,RGC,RGC,RGC,NPR2
NRBP2,227,221,KEA3,0.22,1,OTHER,NRBP,NRBP,NRBP2
NTRK1,167,163,KEA3,0.42857142857142855,2,TK,TRK,TRK,NTRK1
NTRK2,311,272,KEA3,0.06571428571428571,1,TK,TRK,TRK,NTRK2
NTRK3,221,214,KEA3,0.24857142857142858,1,TK,TRK,TRK,NTRK3
NUAK1,58,39,KEA3,0.8685714285714285,4,CAMK,CAMKL,NUAK,NUAK1
NUAK2,174,169,KEA3,0.4,2,CAMK,CAMKL,NUAK,NUAK2
OXSR1,274,243,KEA3,0.14857142857142858,1,STE,STE20,FRAY,OXSR1
PAK1,27.333333333333332,10,KEA3,0.9685714285714285,4,STE,STE20,PAKA,PAK1
PAK2,147.33333333333334,136,KEA3,0.5342857142857143,3,STE,STE20,PAKA,PAK2
PAK3,210,203,KEA3,0.2914285714285714,2,STE,STE20,PAKA,PAK3
PAK4,41.666666666666664,22,KEA3,0.9285714285714286,4,STE,STE20,PAKB,PAK4
PAK5,328,286,KEA3,0.025714285714285714,1,STE,STE20,PAKB,PAK5
PAK6,182.5,175,KEA3,0.38285714285714284,2,STE,STE20,PAKB,PAK6
PASK,297,261,KEA3,0.09714285714285714,1,CAMK,CAMKL,PASK,PASK
PBK,185.33333333333334,178,KEA3,0.36857142857142855,2,OTHER,TOPK,TOPK,PBK
PDGFRA,254,234,KEA3,0.17714285714285713,1,TK,PDGFR,PDGFR,PDGFRA
PDGFRB,158.33333333333334,150,KEA3,0.4714285714285714,2,TK,PDGFR,PDGFR,PDGFRB
PDIK1L,168,165,KEA3,0.42,2,OTHER,NKF4,NKF4,PDIK1L
PDK1,99,89,KEA3,0.6828571428571428,3,ATYPICAL,PDHK,PDHK,PDK1
PDPK1,112,103,KEA3,0.6371428571428571,3,AGC,PDK1,PDK1,PDPK1
PIK3CA,230,222,KEA3,0.21428571428571427,1,NA,NA,NA,PIK3CA
PIK3CB,337,293,KEA3,0.005714285714285714,1,NA,NA,NA,PIK3CB
PIK3CG,310,271,KEA3,0.06857142857142857,1,NA,NA,NA,PIK3CG
PIK3R4,211,205,KEA3,0.28285714285714286,2,OTHER,VPS15,VPS15,PIK3R4
PIM1,33,16,KEA3,0.9457142857142857,4,CAMK,PIM,PIM,PIM1
PIM2,199.5,194,KEA3,0.3171428571428571,2,CAMK,PIM,PIM,PIM2
PINK1,150,140,KEA3,0.5171428571428571,3,OTHER,NKF2,NKF2,PINK1
PKMYT1,185,177,KEA3,0.37142857142857144,2,OTHER,WEE,WEE,PKMYT1
PKN1,100.33333333333333,91,KEA3,0.6771428571428572,3,AGC,PKN,PKN,PKN1
PLK1,47.333333333333336,29,KEA3,0.9,4,OTHER,PLK,PLK1,PLK1
PLK2,153,143,KEA3,0.5,3,OTHER,PLK,PLK2,PLK2
PLK3,42.333333333333336,24,KEA3,0.9171428571428571,4,OTHER,PLK,PLK2,PLK3
PLK4,130,120,KEA3,0.5828571428571429,3,OTHER,PLK,SAK,PLK4
PNCK,175,170,KEA3,0.39714285714285713,2,CAMK,CAMK1,CAMK1,PNCK
PRKAA1,34.666666666666664,18,KEA3,0.94,4,CAMK,CAMKL,AMPK,PRKAA1
PRKAA2,46,27,KEA3,0.9057142857142857,4,CAMK,CAMKL,AMPK,PRKAA2
PRKACA,38.333333333333336,20,KEA3,0.9342857142857143,4,AGC,PKA,PKA,PRKACA
PRKACB,250,232,KEA3,0.18285714285714286,1,AGC,PKA,PKA,PRKACB
PRKCA,8.333333333333334,2,KEA3,0.9971428571428571,4,AGC,PKC,ALPHA,PRKCA
PRKCB,46,27,KEA3,0.9057142857142857,4,AGC,PKC,ALPHA,PRKCB
PRKCD,94.33333333333333,84,KEA3,0.7028571428571428,3,AGC,PKC,DELTA,PRKCD
PRKCE,97.33333333333333,87,KEA3,0.6942857142857143,3,AGC,PKC,ETA,PRKCE
PRKCG,103.33333333333333,94,KEA3,0.6657142857142857,3,AGC,PKC,ALPHA,PRKCG
PRKCH,152.33333333333334,142,KEA3,0.5114285714285715,3,AGC,PKC,ETA,PRKCH
PRKCI,79,66,KEA3,0.7628571428571429,4,AGC,PKC,IOTA,PRKCI
PRKCQ,87,73,KEA3,0.7342857142857143,3,AGC,PKC,DELTA,PRKCQ
PRKCZ,61,43,KEA3,0.8514285714285714,4,AGC,PKC,IOTA,PRKCZ
PRKD1,75,59,KEA3,0.7914285714285715,4,CAMK,PKD,PKD,PRKD1
PRKD2,172,168,KEA3,0.4057142857142857,2,CAMK,PKD,PKD,PRKD2
PRKD3,215,208,KEA3,0.26571428571428574,2,CAMK,PKD,PKD,PRKD3
PRKDC,56.666666666666664,37,KEA3,0.8771428571428571,4,ATYPICAL,PIKK,DNAPK,PRKDC
PRKG1,68,53,KEA3,0.8142857142857143,4,AGC,PKG,PKG,PRKG1
PRKG2,232.5,223,KEA3,0.21142857142857144,1,AGC,PKG,PKG,PRKG2
PRKX,280,247,KEA3,0.13714285714285715,1,AGC,PKA,PKA,PRKX
PRKY,148,137,KEA3,0.5314285714285715,3,AGC,PKA,PKA,PRKY
PRPF4B,138,128,KEA3,0.56,3,CMGC,DYRK,PRP4,PRPF4B
PTK2,120.66666666666667,111,KEA3,0.6142857142857143,3,TK,FAK,FAK,PTK2
PTK2B,97.66666666666667,88,KEA3,0.6914285714285714,3,TK,FAK,FAK,PTK2B
PTK6,101.66666666666667,93,KEA3,0.6685714285714286,3,TK,SRC,SRM,PTK6
PXK,157.5,148,KEA3,0.4828571428571429,2,OTHER,SLOB,SLOB,PXK
RAF1,99,89,KEA3,0.6828571428571428,3,TKL,RAF,RAF,RAF1
RET,76,61,KEA3,0.7771428571428571,4,TK,RET,RET,RET
RIOK1,290,255,KEA3,0.11428571428571428,1,ATYPICAL,RIO,RIO1,RIOK1
RIPK1,278,246,KEA3,0.14,1,TKL,RIPK,RIPK,RIPK1
RIPK2,215,208,KEA3,0.26571428571428574,2,TKL,RIPK,RIPK,RIPK2
RIPK3,103.5,95,KEA3,0.6628571428571428,3,TKL,RIPK,RIPK,RIPK3
ROCK1,42.333333333333336,24,KEA3,0.9171428571428571,4,AGC,DMPK,ROCK,ROCK1
ROCK2,180.66666666666666,173,KEA3,0.38857142857142857,2,AGC,DMPK,ROCK,ROCK2
RPS6KA1,85,71,KEA3,0.7457142857142857,3,AGC,RSK,RSK,RPS6KA1
RPS6KA2,80,68,KEA3,0.7571428571428571,4,AGC,RSK,RSK,RPS6KA2
RPS6KA3,68,53,KEA3,0.8142857142857143,4,AGC,RSK,RSK,RPS6KA3
RPS6KA4,76,61,KEA3,0.7771428571428571,4,AGC,RSK,MSK,RPS6KA4
RPS6KA5,74.66666666666667,58,KEA3,0.7942857142857143,4,AGC,RSK,MSK,RPS6KA5
RPS6KB1,76,61,KEA3,0.7771428571428571,4,AGC,RSK,P70,RPS6KB1
RPS6KB2,179.33333333333334,172,KEA3,0.3914285714285714,2,AGC,RSK,P70,RPS6KB2
RPS6KL1,154,144,KEA3,0.49714285714285716,2,AGC,RSKL,RSKL,RPS6KL1
SCYL1,327,285,KEA3,0.02857142857142857,1,OTHER,SCY1,SCY1,SCYL1
SCYL2,183,176,KEA3,0.37714285714285717,2,OTHER,SCY1,SCY1,SCYL2
SCYL3,267,237,KEA3,0.16857142857142857,1,OTHER,SCY1,SCY1,SCYL3
SGK1,76.66666666666667,63,KEA3,0.7714285714285715,4,AGC,SGK,SGK,SGK1
SGK2,291,256,KEA3,0.11142857142857143,1,AGC,SGK,SGK,SGK2
SGK3,197,188,KEA3,0.3342857142857143,2,AGC,SGK,SGK,SGK3
SIK1,235,225,KEA3,0.20285714285714285,1,CAMK,CAMKL,QIK,SIK1
SIK2,307,269,KEA3,0.07428571428571429,1,CAMK,CAMKL,QIK,SIK2
SMG1,140,131,KEA3,0.5485714285714286,3,ATYPICAL,PIKK,SMG1,SMG1
SNRK,197.5,190,KEA3,0.32857142857142857,2,CAMK,CAMKL,SNRK,SNRK
SRC,52.33333333333333,31,KEA3,0.8942857142857142,4,TK,SRC,SRCA,SRC
SRMS,321,280,KEA3,0.04285714285714286,1,TK,SRC,SRM,SRMS
SRPK1,161,153,KEA3,0.46,2,CMGC,SRPK,SRPK,SRPK1
SRPK2,133,123,KEA3,0.5742857142857143,3,CMGC,SRPK,SRPK,SRPK2
STK10,195,184,KEA3,0.3485714285714286,2,STE,STE20,SLK,STK10
STK11,78.66666666666667,65,KEA3,0.7657142857142857,4,CAMK,CAMKL,LKB,STK11
STK16,85,71,KEA3,0.7457142857142857,3,OTHER,NAK,MPSK,STK16
STK17A,87,73,KEA3,0.7342857142857143,3,CAMK,DAPK,DRAK,STK17A
STK24,149.5,139,KEA3,0.5257142857142857,3,STE,STE20,YSK,STK24
STK25,165.5,161,KEA3,0.4342857142857143,2,STE,STE20,YSK,STK25
STK26,86,72,KEA3,0.7428571428571429,3,STE,STE20,YSK,STK26
STK3,115,105,KEA3,0.6314285714285715,3,STE,STE20,MST,STK3
STK33,276,245,KEA3,0.14285714285714285,1,CAMK,CAMK-UNIQUE,CAMK-UNIQUE,STK33
STK36,190.5,182,KEA3,0.35428571428571426,2,OTHER,ULK,FUSED,STK36
STK38,150,140,KEA3,0.5171428571428571,3,AGC,NDR,NDR,STK38
STK38L,160.5,152,KEA3,0.4657142857142857,2,AGC,NDR,NDR,STK38L
STK39,121,112,KEA3,0.6085714285714285,3,STE,STE20,FRAY,STK39
STK4,93,81,KEA3,0.7114285714285714,3,STE,STE20,MST,STK4
STK40,217.5,211,KEA3,0.2571428571428571,2,CAMK,SGK495,SGK495,STK40
STYK1,215.5,209,KEA3,0.26285714285714284,2,TK,TK-UNIQUE,TK-UNIQUE,STYK1
SYK,67.33333333333333,52,KEA3,0.8228571428571428,4,TK,SYK,SYK,SYK
TAOK1,308,270,KEA3,0.07142857142857142,1,STE,STE20,TAO,TAOK1
TBK1,75.33333333333333,60,KEA3,0.7885714285714286,4,OTHER,IKK,IKK,TBK1
TEC,198.5,192,KEA3,0.32285714285714284,2,TK,TEC,TEC,TEC
TEK,317,276,KEA3,0.054285714285714284,1,TK,TIE,TIE,TEK
TESK1,296,260,KEA3,0.1,1,TKL,LISK,TESK,TESK1
TESK2,153,143,KEA3,0.5,3,TKL,LISK,TESK,TESK2
TGFBR1,166,162,KEA3,0.43142857142857144,2,TKL,STKR,TYPE1,TGFBR1
TGFBR2,62.5,45,KEA3,0.8457142857142858,4,TKL,STKR,TYPE2,TGFBR2
TLK1,339,295,KEA3,0,1,OTHER,TLK,TLK,TLK1
TNIK,318,277,KEA3,0.05142857142857143,1,STE,STE20,MSN,TNIK
TNK2,64,48,KEA3,0.8371428571428572,4,TK,ACK,ACK,TNK2
TNNI3K,156.5,147,KEA3,0.4857142857142857,2,TKL,MLK,HH498,TNNI3K
TP53RK,134,124,KEA3,0.5714285714285714,3,OTHER,BUD32,BUD32,TP53RK
TRIB3,76,61,KEA3,0.7771428571428571,4,CAMK,TRBL,TRBL,TRIB3
TRPM7,172,168,KEA3,0.4057142857142857,2,ATYPICAL,ALPHA,CHAK,TRPM7
TTK,125,117,KEA3,0.5942857142857143,3,OTHER,TTK,TTK,TTK
TXK,282,249,KEA3,0.13142857142857142,1,TK,TEC,TEC,TXK
TYK2,123,114,KEA3,0.6028571428571429,3,TK,JAKA,JAKA,TYK2
TYRO3,181.5,174,KEA3,0.38571428571428573,2,TK,AXL,AXL,TYRO3
UHMK1,92.5,80,KEA3,0.7142857142857143,3,OTHER,KIS,KIS,UHMK1
ULK1,196.5,187,KEA3,0.34,2,OTHER,ULK,ULK,ULK1
VRK1,63.333333333333336,47,KEA3,0.84,4,CK1,VRK,VRK,VRK1
VRK3,248,231,KEA3,0.18571428571428572,1,CK1,VRK,VRK,VRK3
WEE1,111.5,102,KEA3,0.64,3,OTHER,WEE,WEE,WEE1
WNK1,108,100,KEA3,0.6457142857142857,3,OTHER,WNK,WNK,WNK1
YES1,118.33333333333333,108,KEA3,0.6228571428571429,3,TK,SRC,SRCA,YES1
ZAP70,121.66666666666667,113,KEA3,0.6057142857142858,3,TK,SYK,SYK,ZAP70
CDKL5,1.858254151278406,5,UKA,0.957983193277311,4,CMGC,CDKL,CDKL,CDKL5
PIM1,1.5528419686577808,9,UKA,0.9243697478991597,4,CAMK,PIM,PIM,PIM1
TBK1,1.1869797532552258,12,UKA,0.8991596638655462,4,OTHER,IKK,IKK,TBK1
DYRK1A,1.1391112380780586,14,UKA,0.8823529411764706,4,CMGC,DYRK,DYRK1,DYRK1A
CDK2,0.8954036459548183,21,UKA,0.8235294117647058,4,CMGC,CDK,CDC2,CDK2
ROCK1,0.8204482088348123,28,UKA,0.7563025210084033,4,AGC,DMPK,ROCK,ROCK1
CDK6,0.7856861025756003,31,UKA,0.7310924369747899,3,CMGC,CDK,CDK4,CDK6
MAPKAPK2,0.6916490514132742,37,UKA,0.680672268907563,3,CAMK,MAPKAPK,MAPKAPK,MAPKAPK2
ROCK2,0.6101044134290186,42,UKA,0.6386554621848739,3,AGC,DMPK,ROCK,ROCK2
PRKX,0.5272435506827876,49,UKA,0.5798319327731093,3,AGC,PKA,PKA,PRKX
CDK4,0.5080223252358317,51,UKA,0.5630252100840336,3,CMGC,CDK,CDK4,CDK4
MAPK14,0.338422029362044,63,UKA,0.46218487394957986,2,CMGC,MAPK,P38,MAPK14
CDK3,0.3169097146714856,64,UKA,0.453781512605042,2,CMGC,CDK,CDC2,CDK3
CDK5,0.30105779140029604,65,UKA,0.44537815126050423,2,CMGC,CDK,CDK5,CDK5
NUAK1,0.2941420306357878,66,UKA,0.4369747899159664,2,CAMK,CAMKL,NUAK,NUAK1
CDKL1,0.29290695827844376,68,UKA,0.42016806722689076,2,CMGC,CDKL,CDKL,CDKL1
CDK9,0.275370283614955,71,UKA,0.3949579831932773,2,CMGC,CDK,CDK9,CDK9
MAPKAPK3,0.20204035626280387,77,UKA,0.3445378151260504,2,CAMK,MAPKAPK,MAPKAPK,MAPKAPK3
CAMK4,0.18385684175796457,80,UKA,0.31932773109243695,2,CAMK,CAMK1,CAMK1,CAMK4
CAMK4,0.18385684175796457,80,UKA,0.31932773109243695,2,OTHER,CAMKK,META,CAMKK1
SGK1,0.1830961606243397,81,UKA,0.31092436974789917,2,AGC,SGK,SGK,SGK1
CDKL2,0.17848696559614127,83,UKA,0.29411764705882354,2,CMGC,CDKL,CDKL,CDKL2
CDK10,0.17147414974623254,85,UKA,0.2773109243697479,2,CMGC,CDK,CDK10,CDK10
PRKY,0.15989390554324223,88,UKA,0.25210084033613445,2,AGC,PKA,PKA,PRKY
SGK2,0.15119529894819625,91,UKA,0.226890756302521,1,AGC,SGK,SGK,SGK2
SGK2,0.15119529894819625,91,UKA,0.226890756302521,1,AGC,SGK,SGK,SGK3
ATR,0.13312218566250114,94,UKA,0.19327731092436976,1,ATYPICAL,PIKK,ATR,ATR
RAF1,0.10790539730951958,97,UKA,0.16806722689075632,1,TKL,RAF,RAF,RAF1
DAPK3,0.10237290870955856,98,UKA,0.15126050420168066,1,CAMK,DAPK,DAPK,DAPK3
ARAF,0.10017949757290372,99,UKA,0.13445378151260504,1,TKL,RAF,RAF,ARAF
PIM3,0.10017949757290372,99,UKA,0.13445378151260504,1,CAMK,PIM,PIM,PIM3
BRAF,0.08865059801678118,100,UKA,0.12605042016806722,1,TKL,RAF,RAF,BRAF
DAPK2,0.05948351506743278,107,UKA,0.06722689075630252,1,CAMK,DAPK,DAPK,DAPK2
PIM2,0.05551732784983137,108,UKA,0.058823529411764705,1,CAMK,PIM,PIM,PIM2
CDK7,0.04287180232318691,109,UKA,0.05042016806722689,1,CMGC,CDK,CDK7,CDK7
PLK3,0.0381045263321496,111,UKA,0.03361344537815126,1,OTHER,PLK,PLK2,PLK3
PAK1,0.01322826573375516,115,UKA,0,1,STE,STE20,PAKA,PAK1
PKCA,-4.128333333333333,1,KRSA,0.9885297184567258,4,AGC,PKC,ALPHA,PRKCA
PKCA,-4.128333333333333,1,KRSA,0.9885297184567258,4,AGC,PKC,ALPHA,PRKCB
PKCA,-4.128333333333333,1,KRSA,0.9885297184567258,4,AGC,PKC,ALPHA,PRKCG
PLK,-3.0900000000000003,5,KRSA,0.9384775808133472,4,NA,NA,NA,PLK5
PLK,-3.0900000000000003,5,KRSA,0.9384775808133472,4,OTHER,PLK,PLK1,PLK1
PLK,-3.0900000000000003,5,KRSA,0.9384775808133472,4,OTHER,PLK,PLK2,PLK2
PLK,-3.0900000000000003,5,KRSA,0.9384775808133472,4,OTHER,PLK,PLK2,PLK3
PLK,-3.0900000000000003,5,KRSA,0.9384775808133472,4,OTHER,PLK,SAK,PLK4
DYRK,-2.8766666666666665,6,KRSA,0.9259645464025026,4,CMGC,DYRK,DYRK1,DYRK1A
DYRK,-2.8766666666666665,6,KRSA,0.9259645464025026,4,CMGC,DYRK,DYRK1,DYRK1B
DYRK,-2.8766666666666665,6,KRSA,0.9259645464025026,4,CMGC,DYRK,DYRK2,DYRK2
DYRK,-2.8766666666666665,6,KRSA,0.9259645464025026,4,CMGC,DYRK,DYRK2,DYRK3
DYRK,-2.8766666666666665,6,KRSA,0.9259645464025026,4,CMGC,DYRK,DYRK2,DYRK4
DYRK,-2.8766666666666665,6,KRSA,0.9259645464025026,4,CMGC,DYRK,HIPK,HIPK1
DYRK,-2.8766666666666665,6,KRSA,0.9259645464025026,4,CMGC,DYRK,HIPK,HIPK2
DYRK,-2.8766666666666665,6,KRSA,0.9259645464025026,4,CMGC,DYRK,HIPK,HIPK3
DYRK,-2.8766666666666665,6,KRSA,0.9259645464025026,4,CMGC,DYRK,HIPK,HIPK4
DYRK,-2.8766666666666665,6,KRSA,0.9259645464025026,4,CMGC,DYRK,PRP4,PRPF4B
CDK,-4.099166666666667,2,KRSA,0.9760166840458812,4,CMGC,CDK,CDC2,CDK1
CDK,-4.099166666666667,2,KRSA,0.9760166840458812,4,CMGC,CDK,CDK10,CDK10
CDK,-4.099166666666667,2,KRSA,0.9760166840458812,4,CMGC,CDK,CRK7,CDK12
CDK,-4.099166666666667,2,KRSA,0.9760166840458812,4,CMGC,CDK,CRK7,CDK13
CDK,-4.099166666666667,2,KRSA,0.9760166840458812,4,CMGC,CDK,PFTAIRE,CDK14
CDK,-4.099166666666667,2,KRSA,0.9760166840458812,4,CMGC,CDK,PFTAIRE,CDK15
CDK,-4.099166666666667,2,KRSA,0.9760166840458812,4,CMGC,CDK,PCTAIRE,CDK16
CDK,-4.099166666666667,2,KRSA,0.9760166840458812,4,CMGC,CDK,PCTAIRE,CDK17
CDK,-4.099166666666667,2,KRSA,0.9760166840458812,4,CMGC,CDK,PCTAIRE,CDK18
CDK,-4.099166666666667,2,KRSA,0.9760166840458812,4,CMGC,CDK,CDK8,CDK19
CDK,-4.099166666666667,2,KRSA,0.9760166840458812,4,CMGC,CDK,CDC2,CDK2
CDK,-4.099166666666667,2,KRSA,0.9760166840458812,4,CMGC,CDK,CCRK,CDK20
CDK,-4.099166666666667,2,KRSA,0.9760166840458812,4,CMGC,CDK,CDC2,CDK3
CDK,-4.099166666666667,2,KRSA,0.9760166840458812,4,CMGC,CDK,CDK4,CDK4
CDK,-4.099166666666667,2,KRSA,0.9760166840458812,4,CMGC,CDK,CDK5,CDK5
CDK,-4.099166666666667,2,KRSA,0.9760166840458812,4,CMGC,CDK,CDK4,CDK6
CDK,-4.099166666666667,2,KRSA,0.9760166840458812,4,CMGC,CDK,CDK7,CDK7
CDK,-4.099166666666667,2,KRSA,0.9760166840458812,4,CMGC,CDK,CDK8,CDK8
CDK,-4.099166666666667,2,KRSA,0.9760166840458812,4,CMGC,CDK,CDK9,CDK9
CDK,-4.099166666666667,2,KRSA,0.9760166840458812,4,NA,NA,NA,CDK11A
CDK,-4.099166666666667,2,KRSA,0.9760166840458812,4,NA,NA,NA,CDK11B
NMO,-2.4283333333333332,9,KRSA,0.8884254431699687,4,CMGC,MAPK,NMO,NLK
PEK,-3.4016666666666664,3,KRSA,0.9635036496350365,4,OTHER,PEK,HRI,EIF2AK1
PEK,-3.4016666666666664,3,KRSA,0.9635036496350365,4,OTHER,PEK,PKR,EIF2AK2
PEK,-3.4016666666666664,3,KRSA,0.9635036496350365,4,OTHER,PEK,PEK,EIF2AK3
PEK,-3.4016666666666664,3,KRSA,0.9635036496350365,4,OTHER,PEK,GCN2,EIF2AK4
JNK,-2.6275,7,KRSA,0.913451511991658,4,CMGC,MAPK,JNK,MAPK10
JNK,-2.6275,7,KRSA,0.913451511991658,4,CMGC,MAPK,JNK,MAPK8
JNK,-2.6275,7,KRSA,0.913451511991658,4,CMGC,MAPK,JNK,MAPK9
ERK,-3.183333333333333,4,KRSA,0.9509906152241918,4,CMGC,MAPK,ERK1,MAPK1
ERK,-3.183333333333333,4,KRSA,0.9509906152241918,4,CMGC,MAPK,ERK7,MAPK15
ERK,-3.183333333333333,4,KRSA,0.9509906152241918,4,CMGC,MAPK,ERK1,MAPK3
ERK,-3.183333333333333,4,KRSA,0.9509906152241918,4,CMGC,MAPK,ERK3,MAPK4
ERK,-3.183333333333333,4,KRSA,0.9509906152241918,4,CMGC,MAPK,ERK3,MAPK6
ERK,-3.183333333333333,4,KRSA,0.9509906152241918,4,CMGC,MAPK,ERK5,MAPK7
PDK1,-2.6241666666666665,8,KRSA,0.9009384775808134,4,ATYPICAL,PDHK,PDHK,PDK1
PDK1,-2.6241666666666665,8,KRSA,0.9009384775808134,4,AGC,PDK1,PDK1,PDPK1
STE7,-2.408333333333333,10,KRSA,0.8759124087591241,4,STE,STE7,MEK1,MAP2K1
STE7,-2.408333333333333,10,KRSA,0.8759124087591241,4,STE,STE7,MEK1,MAP2K2
STE7,-2.408333333333333,10,KRSA,0.8759124087591241,4,STE,STE7,MEK3,MAP2K3
STE7,-2.408333333333333,10,KRSA,0.8759124087591241,4,STE,STE7,MEK4,MAP2K4
STE7,-2.408333333333333,10,KRSA,0.8759124087591241,4,STE,STE7,MEK5,MAP2K5
STE7,-2.408333333333333,10,KRSA,0.8759124087591241,4,STE,STE7,MEK3,MAP2K6
STE7,-2.408333333333333,10,KRSA,0.8759124087591241,4,STE,STE7,MEK7,MAP2K7
P38,-2.0500000000000003,11,KRSA,0.8633993743482794,4,CMGC,MAPK,P38,MAPK11
P38,-2.0500000000000003,11,KRSA,0.8633993743482794,4,CMGC,MAPK,P38,MAPK12
P38,-2.0500000000000003,11,KRSA,0.8633993743482794,4,CMGC,MAPK,P38,MAPK13
P38,-2.0500000000000003,11,KRSA,0.8633993743482794,4,CMGC,MAPK,P38,MAPK14
CK1,-1.7291666666666663,13,KRSA,0.8383733055265902,4,CK1,CK1,CK1-A,CSNK1A1
CK1,-1.7291666666666663,13,KRSA,0.8383733055265902,4,CK1,CK1,CK1-A,CSNK1A1L
CK1,-1.7291666666666663,13,KRSA,0.8383733055265902,4,CK1,CK1,CK1-D,CSNK1D
CK1,-1.7291666666666663,13,KRSA,0.8383733055265902,4,CK1,CK1,CK1-D,CSNK1E
CK1,-1.7291666666666663,13,KRSA,0.8383733055265902,4,CK1,CK1,CK1-G,CSNK1G1
CK1,-1.7291666666666663,13,KRSA,0.8383733055265902,4,CK1,CK1,CK1-G,CSNK1G2
CK1,-1.7291666666666663,13,KRSA,0.8383733055265902,4,CK1,CK1,CK1-G,CSNK1G3
CK1,-1.7291666666666663,13,KRSA,0.8383733055265902,4,CK1,TTBK,TTBK,TTBK1
CK1,-1.7291666666666663,13,KRSA,0.8383733055265902,4,CK1,TTBK,TTBK,TTBK2
CK1,-1.7291666666666663,13,KRSA,0.8383733055265902,4,CK1,VRK,VRK,VRK3
ATM,-1.2875,19,KRSA,0.7632950990615224,4,ATYPICAL,PIKK,ATM,ATM
GSK,-1.2241666666666666,21,KRSA,0.7382690302398331,3,CMGC,GSK,GSK,GSK3A
GSK,-1.2241666666666666,21,KRSA,0.7382690302398331,3,CMGC,GSK,GSK,GSK3B
PHK,-1.7991666666666666,12,KRSA,0.8508863399374348,4,CAMK,PHK,PHK,PHKG1
PHK,-1.7991666666666666,12,KRSA,0.8508863399374348,4,CAMK,PHK,PHK,PHKG2
RAF,-1.0216666666666667,30,KRSA,0.6256517205422315,3,TKL,RAF,RAF,ARAF
RAF,-1.0216666666666667,30,KRSA,0.6256517205422315,3,TKL,RAF,RAF,BRAF
RAF,-1.0216666666666667,30,KRSA,0.6256517205422315,3,TKL,RAF,KSR,KSR1
RAF,-1.0216666666666667,30,KRSA,0.6256517205422315,3,TKL,RAF,KSR,KSR2
RAF,-1.0216666666666667,30,KRSA,0.6256517205422315,3,TKL,RAF,RAF,RAF1
FRAY,-1.4925,16,KRSA,0.8008342022940563,4,STE,STE20,FRAY,OXSR1
FRAY,-1.4925,16,KRSA,0.8008342022940563,4,STE,STE20,FRAY,STK39
TLK,-1.211666666666667,24,KRSA,0.7007299270072993,3,OTHER,TLK,TLK,TLK1
TLK,-1.211666666666667,24,KRSA,0.7007299270072993,3,OTHER,TLK,TLK,TLK2
NUAK,-1.1833333333333331,25,KRSA,0.6882168925964547,3,CAMK,CAMKL,NUAK,NUAK1
NUAK,-1.1833333333333331,25,KRSA,0.6882168925964547,3,CAMK,CAMKL,NUAK,NUAK2
TTK,-1.215833333333333,23,KRSA,0.7132429614181439,3,OTHER,TTK,TTK,TTK
QIK,-1.5158333333333334,15,KRSA,0.8133472367049009,4,CAMK,CAMKL,QIK,SIK1
QIK,-1.5158333333333334,15,KRSA,0.8133472367049009,4,CAMK,CAMKL,QIK,SIK2
LKB,-1.545,14,KRSA,0.8258602711157456,4,CAMK,CAMKL,LKB,STK11
ATR,-0.9033333333333332,34,KRSA,0.5755995828988529,3,ATYPICAL,PIKK,ATR,ATR
DMPK,-1.1075,27,KRSA,0.6631908237747653,3,AGC,DMPK,GEK,CDC42BPA
DMPK,-1.1075,27,KRSA,0.6631908237747653,3,AGC,DMPK,GEK,CDC42BPB
DMPK,-1.1075,27,KRSA,0.6631908237747653,3,AGC,DMPK,GEK,CDC42BPG
DMPK,-1.1075,27,KRSA,0.6631908237747653,3,AGC,DMPK,CRIK,CIT
DMPK,-1.1075,27,KRSA,0.6631908237747653,3,AGC,DMPK,GEK,DMPK
DMPK,-1.1075,27,KRSA,0.6631908237747653,3,AGC,DMPK,ROCK,ROCK1
DMPK,-1.1075,27,KRSA,0.6631908237747653,3,AGC,DMPK,ROCK,ROCK2
IKK,-1.1525,26,KRSA,0.67570385818561,3,OTHER,IKK,IKK,CHUK
IKK,-1.1525,26,KRSA,0.67570385818561,3,OTHER,IKK,IKK,IKBKB
IKK,-1.1525,26,KRSA,0.67570385818561,3,OTHER,IKK,IKK,IKBKE
IKK,-1.1525,26,KRSA,0.67570385818561,3,OTHER,IKK,IKK,TBK1
MTOR,-1.4466666666666663,17,KRSA,0.7883211678832117,4,ATYPICAL,PIKK,FRAP,MTOR
PKA,0.6225,50,KRSA,0.3753910323253389,2,AGC,PKA,PKA,PRKACA
PKA,0.6225,50,KRSA,0.3753910323253389,2,AGC,PKA,PKA,PRKACB
PKA,0.6225,50,KRSA,0.3753910323253389,2,AGC,PKA,PKA,PRKACG
PKA,0.6225,50,KRSA,0.3753910323253389,2,AGC,PKA,PKA,PRKX
PKA,0.6225,50,KRSA,0.3753910323253389,2,AGC,PKA,PKA,PRKY
IRAK,-0.9883333333333332,31,KRSA,0.6131386861313869,3,TKL,IRAK,IRAK,IRAK1
IRAK,-0.9883333333333332,31,KRSA,0.6131386861313869,3,TKL,IRAK,IRAK,IRAK2
IRAK,-0.9883333333333332,31,KRSA,0.6131386861313869,3,TKL,IRAK,IRAK,IRAK3
IRAK,-0.9883333333333332,31,KRSA,0.6131386861313869,3,TKL,IRAK,IRAK,IRAK4
MST,-0.3541666666666667,58,KRSA,0.27528675703858185,2,STE,STE20,MST,STK3
MST,-0.3541666666666667,58,KRSA,0.27528675703858185,2,STE,STE20,MST,STK4
PDHK,-1.3808333333333334,18,KRSA,0.7758081334723671,4,ATYPICAL,PDHK,BCKDK,BCKDK
PDHK,-1.3808333333333334,18,KRSA,0.7758081334723671,4,ATYPICAL,PDHK,PDHK,PDK2
PDHK,-1.3808333333333334,18,KRSA,0.7758081334723671,4,ATYPICAL,PDHK,PDHK,PDK3
PDHK,-1.3808333333333334,18,KRSA,0.7758081334723671,4,ATYPICAL,PDHK,PDHK,PDK4
CAMK2,-0.5050000000000001,54,KRSA,0.32533889468196037,2,CAMK,CAMK2,CAMK2,CAMK2A
CAMK2,-0.5050000000000001,54,KRSA,0.32533889468196037,2,CAMK,CAMK2,CAMK2,CAMK2B
CAMK2,-0.5050000000000001,54,KRSA,0.32533889468196037,2,CAMK,CAMK2,CAMK2,CAMK2D
CAMK2,-0.5050000000000001,54,KRSA,0.32533889468196037,2,CAMK,CAMK2,CAMK2,CAMK2G
BUD32,-0.8658333333333333,37,KRSA,0.5380604796663191,3,OTHER,BUD32,BUD32,TP53RK
ULK,-0.8608333333333333,38,KRSA,0.5255474452554745,3,OTHER,ULK,FUSED,STK36
ULK,-0.8608333333333333,38,KRSA,0.5255474452554745,3,OTHER,ULK,ULK,ULK1
ULK,-0.8608333333333333,38,KRSA,0.5255474452554745,3,OTHER,ULK,ULK,ULK2
ULK,-0.8608333333333333,38,KRSA,0.5255474452554745,3,OTHER,ULK,ULK,ULK3
ULK,-0.8608333333333333,38,KRSA,0.5255474452554745,3,OTHER,ULK,ULK,ULK4
MOS,-0.8491666666666666,42,KRSA,0.4754953076120959,2,OTHER,MOS,MOS,MOS
NIK,-0.8575,39,KRSA,0.5130344108446299,3,STE,STE-UNIQUE,STE-UNIQUE,MAP3K14
CLK,-0.855,41,KRSA,0.4880083420229406,2,CMGC,CLK,CLK,CLK1
CLK,-0.855,41,KRSA,0.4880083420229406,2,CMGC,CLK,CLK,CLK2
CLK,-0.855,41,KRSA,0.4880083420229406,2,CMGC,CLK,CLK,CLK3
CLK,-0.855,41,KRSA,0.4880083420229406,2,CMGC,CLK,CLK,CLK4
WNK,-0.8558333333333333,40,KRSA,0.5005213764337852,3,OTHER,WNK,WNK,WNK1
WNK,-0.8558333333333333,40,KRSA,0.5005213764337852,3,OTHER,WNK,WNK,WNK2
WNK,-0.8558333333333333,40,KRSA,0.5005213764337852,3,OTHER,WNK,WNK,WNK3
WNK,-0.8558333333333333,40,KRSA,0.5005213764337852,3,OTHER,WNK,WNK,WNK4
CAMKK,-0.8458333333333333,43,KRSA,0.4629822732012513,2,OTHER,CAMKK,META,CAMKK1
CAMKK,-0.8458333333333333,43,KRSA,0.4629822732012513,2,OTHER,CAMKK,META,CAMKK2
STE11,-0.9616666666666668,32,KRSA,0.6006256517205423,3,TKL,MLK,TAK1,MAP3K7
STE11,-0.9616666666666668,32,KRSA,0.6006256517205423,3,STE,STE11,MEKK1,MAP3K1
STE11,-0.9616666666666668,32,KRSA,0.6006256517205423,3,STE,STE11,ASK,MAP3K15
STE11,-0.9616666666666668,32,KRSA,0.6006256517205423,3,STE,STE11,MEKK2,MAP3K2
STE11,-0.9616666666666668,32,KRSA,0.6006256517205423,3,STE,STE11,MEKK2,MAP3K3
STE11,-0.9616666666666668,32,KRSA,0.6006256517205423,3,STE,STE11,MEKK4,MAP3K4
STE11,-0.9616666666666668,32,KRSA,0.6006256517205423,3,STE,STE11,ASK,MAP3K5
STE11,-0.9616666666666668,32,KRSA,0.6006256517205423,3,STE,STE11,ASK,MAP3K6
PKG,0.665,49,KRSA,0.38790406673618355,2,AGC,PKG,PKG,PRKG1
PKG,0.665,49,KRSA,0.38790406673618355,2,AGC,PKG,PKG,PRKG2
CK2,-1.221666666666667,22,KRSA,0.7257559958289885,3,CMGC,CK2,CK2,CSNK2A1
CK2,-1.221666666666667,22,KRSA,0.7257559958289885,3,CMGC,CK2,CK2,CSNK2A2
CK2,-1.221666666666667,22,KRSA,0.7257559958289885,3,NA,NA,NA,CSNK2A3
CAMK1,1.0666666666666669,28,KRSA,0.6506777893639207,3,CAMK,CAMK1,CAMK1,CAMK1
CAMK1,1.0666666666666669,28,KRSA,0.6506777893639207,3,CAMK,CAMK1,CAMK1,CAMK1D
CAMK1,1.0666666666666669,28,KRSA,0.6506777893639207,3,CAMK,CAMK1,CAMK1,CAMK1G
CAMK1,1.0666666666666669,28,KRSA,0.6506777893639207,3,CAMK,CAMK1,CAMK1,CAMK4
CAMK1,1.0666666666666669,28,KRSA,0.6506777893639207,3,CAMK,CAMK1,CAMK1,PNCK
RIPK,0.24416666666666667,67,KRSA,0.16266944734098018,1,TKL,RIPK,RIPK,ANKK1
RIPK,0.24416666666666667,67,KRSA,0.16266944734098018,1,TKL,RIPK,RIPK,RIPK1
RIPK,0.24416666666666667,67,KRSA,0.16266944734098018,1,TKL,RIPK,RIPK,RIPK2
RIPK,0.24416666666666667,67,KRSA,0.16266944734098018,1,TKL,RIPK,RIPK,RIPK3
RIPK,0.24416666666666667,67,KRSA,0.16266944734098018,1,TKL,RIPK,RIPK,RIPK4
PAKB,0.16166666666666665,72,KRSA,0.10010427528675704,1,STE,STE20,PAKB,PAK4
PAKB,0.16166666666666665,72,KRSA,0.10010427528675704,1,STE,STE20,PAKB,PAK5
PAKB,0.16166666666666665,72,KRSA,0.10010427528675704,1,STE,STE20,PAKB,PAK6
GRK,-0.8391666666666666,44,KRSA,0.4504692387904067,2,AGC,GRK,GRK,GRK1
GRK,-0.8391666666666666,44,KRSA,0.4504692387904067,2,AGC,GRK,GRK,GRK4
GRK,-0.8391666666666666,44,KRSA,0.4504692387904067,2,AGC,GRK,GRK,GRK5
GRK,-0.8391666666666666,44,KRSA,0.4504692387904067,2,AGC,GRK,GRK,GRK6
GRK,-0.8391666666666666,44,KRSA,0.4504692387904067,2,AGC,GRK,GRK,GRK7
MLK,-0.2033333333333333,69,KRSA,0.13764337851929093,1,TKL,MLK,ILK,ILK
MLK,-0.2033333333333333,69,KRSA,0.13764337851929093,1,TKL,MLK,MLK,MAP3K10
MLK,-0.2033333333333333,69,KRSA,0.13764337851929093,1,TKL,MLK,MLK,MAP3K11
MLK,-0.2033333333333333,69,KRSA,0.13764337851929093,1,TKL,MLK,LZK,MAP3K12
MLK,-0.2033333333333333,69,KRSA,0.13764337851929093,1,TKL,MLK,LZK,MAP3K13
MLK,-0.2033333333333333,69,KRSA,0.13764337851929093,1,TKL,MLK,MLK,MAP3K9
MLK,-0.2033333333333333,69,KRSA,0.13764337851929093,1,TKL,MLK,HH498,TNNI3K
HAL,0.1225,74,KRSA,0.07507820646506778,1,RGC,RGC,RGC,NPR1
PRKDC,-1.0266666666666666,29,KRSA,0.6381647549530761,3,ATYPICAL,PIKK,DNAPK,PRKDC
PKCI,0.5075000000000001,53,KRSA,0.337851929092805,2,AGC,PKC,IOTA,PRKCI
PKCI,0.5075000000000001,53,KRSA,0.337851929092805,2,AGC,PKC,IOTA,PRKCZ
PKD,-0.31750000000000006,62,KRSA,0.22523461939520334,1,CAMK,PKD,PKD,PRKD1
PKD,-0.31750000000000006,62,KRSA,0.22523461939520334,1,CAMK,PKD,PKD,PRKD2
PKD,-0.31750000000000006,62,KRSA,0.22523461939520334,1,CAMK,PKD,PKD,PRKD3
SGK,0.8883333333333333,36,KRSA,0.5505735140771637,3,AGC,SGK,SGK,SGK1
SGK,0.8883333333333333,36,KRSA,0.5505735140771637,3,AGC,SGK,SGK,SGK2
SGK,0.8883333333333333,36,KRSA,0.5505735140771637,3,AGC,SGK,SGK,SGK3
STKR,-0.5766666666666667,52,KRSA,0.35036496350364965,2,TKL,STKR,TYPE1,ACVR1
STKR,-0.5766666666666667,52,KRSA,0.35036496350364965,2,TKL,STKR,TYPE1,ACVR1B
STKR,-0.5766666666666667,52,KRSA,0.35036496350364965,2,TKL,STKR,TYPE1,ACVR1C
STKR,-0.5766666666666667,52,KRSA,0.35036496350364965,2,TKL,STKR,TYPE2,ACVR2A
STKR,-0.5766666666666667,52,KRSA,0.35036496350364965,2,TKL,STKR,TYPE2,ACVR2B
STKR,-0.5766666666666667,52,KRSA,0.35036496350364965,2,TKL,STKR,TYPE1,ACVRL1
STKR,-0.5766666666666667,52,KRSA,0.35036496350364965,2,TKL,STKR,TYPE2,AMHR2
STKR,-0.5766666666666667,52,KRSA,0.35036496350364965,2,TKL,STKR,TYPE1,BMPR1A
STKR,-0.5766666666666667,52,KRSA,0.35036496350364965,2,TKL,STKR,TYPE1,BMPR1B
STKR,-0.5766666666666667,52,KRSA,0.35036496350364965,2,TKL,STKR,TYPE2,BMPR2
STKR,-0.5766666666666667,52,KRSA,0.35036496350364965,2,TKL,STKR,TYPE1,TGFBR1
STKR,-0.5766666666666667,52,KRSA,0.35036496350364965,2,TKL,STKR,TYPE2,TGFBR2
PKCD,0.2866666666666667,65,KRSA,0.18769551616266944,1,AGC,PKC,DELTA,PRKCD
PKCD,0.2866666666666667,65,KRSA,0.18769551616266944,1,AGC,PKC,DELTA,PRKCQ
PIM,0.39,56,KRSA,0.30031282586027114,2,CAMK,PIM,PIM,PIM1
PIM,0.39,56,KRSA,0.30031282586027114,2,CAMK,PIM,PIM,PIM2
PIM,0.39,56,KRSA,0.30031282586027114,2,CAMK,PIM,PIM,PIM3
RAD53,0.33166666666666667,60,KRSA,0.2502606882168926,2,CAMK,RAD53,RAD53,CHEK2
PKCH,0.05416666666666673,79,KRSA,0.01251303441084463,1,AGC,PKC,ETA,PRKCE
PKCH,0.05416666666666673,79,KRSA,0.01251303441084463,1,AGC,PKC,ETA,PRKCH
TAO,0.73,48,KRSA,0.40041710114702816,2,STE,STE20,TAO,TAOK1
TAO,0.73,48,KRSA,0.40041710114702816,2,STE,STE20,TAO,TAOK2
TAO,0.73,48,KRSA,0.40041710114702816,2,STE,STE20,TAO,TAOK3
BRSK,0.7375,47,KRSA,0.4129301355578728,2,CAMK,CAMKL,BRSK,BRSK1
BRSK,0.7375,47,KRSA,0.4129301355578728,2,CAMK,CAMKL,BRSK,BRSK2
PASK,0.9,35,KRSA,0.5630865484880083,3,CAMK,CAMKL,PASK,PASK
SLK,0.35583333333333333,57,KRSA,0.28779979144942647,2,STE,STE20,SLK,SLK
SLK,0.35583333333333333,57,KRSA,0.28779979144942647,2,STE,STE20,SLK,STK10
KHS,0.7716666666666667,45,KRSA,0.43795620437956206,2,STE,STE20,KHS,MAP4K1
KHS,0.7716666666666667,45,KRSA,0.43795620437956206,2,STE,STE20,KHS,MAP4K2
KHS,0.7716666666666667,45,KRSA,0.43795620437956206,2,STE,STE20,KHS,MAP4K3
KHS,0.7716666666666667,45,KRSA,0.43795620437956206,2,STE,STE20,KHS,MAP4K5
PKN,-0.31916666666666665,61,KRSA,0.23774765380604795,1,AGC,PKN,PKN,PKN1
PKN,-0.31916666666666665,61,KRSA,0.23774765380604795,1,AGC,PKN,PKN,PKN2
PKN,-0.31916666666666665,61,KRSA,0.23774765380604795,1,AGC,PKN,PKN,PKN3
MELK,0.145,73,KRSA,0.08759124087591241,1,CAMK,CAMKL,MELK,MELK
NAK,-0.345,59,KRSA,0.26277372262773724,2,OTHER,NAK,BIKE,AAK1
NAK,-0.345,59,KRSA,0.26277372262773724,2,OTHER,NAK,BIKE,BMP2K
NAK,-0.345,59,KRSA,0.26277372262773724,2,OTHER,NAK,GAK,GAK
NAK,-0.345,59,KRSA,0.26277372262773724,2,OTHER,NAK,MPSK,STK16
AUR,0.06249999999999999,78,KRSA,0.02502606882168926,1,OTHER,AUR,AUR,AURKA
AUR,0.06249999999999999,78,KRSA,0.02502606882168926,1,OTHER,AUR,AUR,AURKB
AUR,0.06249999999999999,78,KRSA,0.02502606882168926,1,OTHER,AUR,AUR,AURKC
NDR,0.07416666666666666,77,KRSA,0.03753910323253389,1,AGC,NDR,NDR,LATS1
NDR,0.07416666666666666,77,KRSA,0.03753910323253389,1,AGC,NDR,NDR,LATS2
NDR,0.07416666666666666,77,KRSA,0.03753910323253389,1,AGC,NDR,NDR,STK38
NDR,0.07416666666666666,77,KRSA,0.03753910323253389,1,AGC,NDR,NDR,STK38L
MLCK,0.1841666666666667,71,KRSA,0.11261730969760167,1,CAMK,MLCK,MLCK,MYLK
MLCK,0.1841666666666667,71,KRSA,0.11261730969760167,1,CAMK,MLCK,MLCK,MYLK2
MLCK,0.1841666666666667,71,KRSA,0.11261730969760167,1,CAMK,MLCK,MLCK,TTN
COT,0.2716666666666667,66,KRSA,0.17518248175182483,1,STE,STE-UNIQUE,STE-UNIQUE,MAP3K8
VRK1,-0.30833333333333335,63,KRSA,0.2127215849843587,1,CK1,VRK,VRK,VRK1
RSK,-0.4016666666666666,55,KRSA,0.31282586027111575,2,AGC,RSK,RSK,RPS6KA1
RSK,-0.4016666666666666,55,KRSA,0.31282586027111575,2,AGC,RSK,RSK,RPS6KA2
RSK,-0.4016666666666666,55,KRSA,0.31282586027111575,2,AGC,RSK,RSK,RPS6KA3
RSK,-0.4016666666666666,55,KRSA,0.31282586027111575,2,AGC,RSK,MSK,RPS6KA4
RSK,-0.4016666666666666,55,KRSA,0.31282586027111575,2,AGC,RSK,MSK,RPS6KA5
RSK,-0.4016666666666666,55,KRSA,0.31282586027111575,2,AGC,RSK,RSK,RPS6KA6
RSK,-0.4016666666666666,55,KRSA,0.31282586027111575,2,AGC,RSK,P70,RPS6KB1
RSK,-0.4016666666666666,55,KRSA,0.31282586027111575,2,AGC,RSK,P70,RPS6KB2
PAKA,0.08333333333333334,76,KRSA,0.05005213764337852,1,STE,STE20,PAKA,PAK1
PAKA,0.08333333333333334,76,KRSA,0.05005213764337852,1,STE,STE20,PAKA,PAK2
PAKA,0.08333333333333334,76,KRSA,0.05005213764337852,1,STE,STE20,PAKA,PAK3
AKT,-0.20333333333333337,68,KRSA,0.15015641293013557,1,AGC,AKT,AKT,AKT1
AKT,-0.20333333333333337,68,KRSA,0.15015641293013557,1,AGC,AKT,AKT,AKT2
AKT,-0.20333333333333337,68,KRSA,0.15015641293013557,1,AGC,AKT,AKT,AKT3
MAPKAPK,0.10083333333333332,75,KRSA,0.06256517205422316,1,CAMK,MAPKAPK,MAPKAPK,MAPKAPK2
MAPKAPK,0.10083333333333332,75,KRSA,0.06256517205422316,1,CAMK,MAPKAPK,MAPKAPK,MAPKAPK3
MAPKAPK,0.10083333333333332,75,KRSA,0.06256517205422316,1,CAMK,MAPKAPK,MAPKAPK,MAPKAPK5
MAPKAPK,0.10083333333333332,75,KRSA,0.06256517205422316,1,CAMK,MAPKAPK,MNK,MKNK1
MAPKAPK,0.10083333333333332,75,KRSA,0.06256517205422316,1,CAMK,MAPKAPK,MNK,MKNK2
MSN,0.585,51,KRSA,0.36287799791449427,2,STE,STE20,MSN,MAP4K4
MSN,0.585,51,KRSA,0.36287799791449427,2,STE,STE20,MSN,NRK
MSN,0.585,51,KRSA,0.36287799791449427,2,STE,STE20,MSN,TNIK
NEK,0.19,70,KRSA,0.1251303441084463,1,OTHER,NEK,NEK11,NEK11
NEK,0.19,70,KRSA,0.1251303441084463,1,OTHER,NEK,NEK2,NEK2
NEK,0.19,70,KRSA,0.1251303441084463,1,OTHER,NEK,NEK1,NEK3
NEK,0.19,70,KRSA,0.1251303441084463,1,OTHER,NEK,NEK4,NEK4
NEK,0.19,70,KRSA,0.1251303441084463,1,OTHER,NEK,NEK1,NEK5
NEK,0.19,70,KRSA,0.1251303441084463,1,OTHER,NEK,NEK6,NEK6
NEK,0.19,70,KRSA,0.1251303441084463,1,OTHER,NEK,NEK6,NEK7
NEK,0.19,70,KRSA,0.1251303441084463,1,OTHER,NEK,NEK8,NEK8
NEK,0.19,70,KRSA,0.1251303441084463,1,OTHER,NEK,NEK8,NEK9
BARK2,0.02000000000000002,80,KRSA,0,1,AGC,GRK,BARK,GRK3
DAPK,0.30583333333333335,64,KRSA,0.20020855057351408,1,CAMK,DAPK,DAPK,DAPK1
DAPK,0.30583333333333335,64,KRSA,0.20020855057351408,1,CAMK,DAPK,DAPK,DAPK2
DAPK,0.30583333333333335,64,KRSA,0.20020855057351408,1,CAMK,DAPK,DAPK,DAPK3
DAPK,0.30583333333333335,64,KRSA,0.20020855057351408,1,CAMK,DAPK,DRAK,STK17A
DAPK,0.30583333333333335,64,KRSA,0.20020855057351408,1,CAMK,DAPK,DRAK,STK17B
CHK1,0.77,46,KRSA,0.4254431699687174,2,CAMK,CAMKL,CHK1,CHEK1
AMPK,0.9366666666666666,33,KRSA,0.5881126173096975,3,CAMK,CAMKL,AMPK,PRKAA1
AMPK,0.9366666666666666,33,KRSA,0.5881126173096975,3,CAMK,CAMKL,AMPK,PRKAA2
PKCA,-4.128333333333333,1,KRSA,0.9885297184567258,4,AGC,PKC,ALPHA,PRKCA
PKCA,-4.128333333333333,1,KRSA,0.9885297184567258,4,AGC,PKC,ALPHA,PRKCB
PKCA,-4.128333333333333,1,KRSA,0.9885297184567258,4,AGC,PKC,ALPHA,PRKCG
DYRK,-2.8766666666666665,6,KRSA,0.9259645464025026,4,CMGC,DYRK,DYRK1,DYRK1A
DYRK,-2.8766666666666665,6,KRSA,0.9259645464025026,4,CMGC,DYRK,DYRK1,DYRK1B
DYRK,-2.8766666666666665,6,KRSA,0.9259645464025026,4,CMGC,DYRK,DYRK2,DYRK2
DYRK,-2.8766666666666665,6,KRSA,0.9259645464025026,4,CMGC,DYRK,DYRK2,DYRK3
DYRK,-2.8766666666666665,6,KRSA,0.9259645464025026,4,CMGC,DYRK,DYRK2,DYRK4
DYRK,-2.8766666666666665,6,KRSA,0.9259645464025026,4,CMGC,DYRK,HIPK,HIPK1
DYRK,-2.8766666666666665,6,KRSA,0.9259645464025026,4,CMGC,DYRK,HIPK,HIPK2
DYRK,-2.8766666666666665,6,KRSA,0.9259645464025026,4,CMGC,DYRK,HIPK,HIPK3
DYRK,-2.8766666666666665,6,KRSA,0.9259645464025026,4,CMGC,DYRK,HIPK,HIPK4
DYRK,-2.8766666666666665,6,KRSA,0.9259645464025026,4,CMGC,DYRK,PRP4,PRPF4B
PLK,-3.0900000000000003,5,KRSA,0.9384775808133472,4,NA,NA,NA,PLK5
PLK,-3.0900000000000003,5,KRSA,0.9384775808133472,4,OTHER,PLK,PLK1,PLK1
PLK,-3.0900000000000003,5,KRSA,0.9384775808133472,4,OTHER,PLK,PLK2,PLK2
PLK,-3.0900000000000003,5,KRSA,0.9384775808133472,4,OTHER,PLK,PLK2,PLK3
PLK,-3.0900000000000003,5,KRSA,0.9384775808133472,4,OTHER,PLK,SAK,PLK4
CDK,-4.099166666666667,2,KRSA,0.9760166840458812,4,CMGC,CDK,CDC2,CDK1
CDK,-4.099166666666667,2,KRSA,0.9760166840458812,4,CMGC,CDK,CDK10,CDK10
CDK,-4.099166666666667,2,KRSA,0.9760166840458812,4,CMGC,CDK,CRK7,CDK12
CDK,-4.099166666666667,2,KRSA,0.9760166840458812,4,CMGC,CDK,CRK7,CDK13
CDK,-4.099166666666667,2,KRSA,0.9760166840458812,4,CMGC,CDK,PFTAIRE,CDK14
CDK,-4.099166666666667,2,KRSA,0.9760166840458812,4,CMGC,CDK,PFTAIRE,CDK15
CDK,-4.099166666666667,2,KRSA,0.9760166840458812,4,CMGC,CDK,PCTAIRE,CDK16
CDK,-4.099166666666667,2,KRSA,0.9760166840458812,4,CMGC,CDK,PCTAIRE,CDK17
CDK,-4.099166666666667,2,KRSA,0.9760166840458812,4,CMGC,CDK,PCTAIRE,CDK18
CDK,-4.099166666666667,2,KRSA,0.9760166840458812,4,CMGC,CDK,CDK8,CDK19
CDK,-4.099166666666667,2,KRSA,0.9760166840458812,4,CMGC,CDK,CDC2,CDK2
CDK,-4.099166666666667,2,KRSA,0.9760166840458812,4,CMGC,CDK,CCRK,CDK20
CDK,-4.099166666666667,2,KRSA,0.9760166840458812,4,CMGC,CDK,CDC2,CDK3
CDK,-4.099166666666667,2,KRSA,0.9760166840458812,4,CMGC,CDK,CDK4,CDK4
CDK,-4.099166666666667,2,KRSA,0.9760166840458812,4,CMGC,CDK,CDK5,CDK5
CDK,-4.099166666666667,2,KRSA,0.9760166840458812,4,CMGC,CDK,CDK4,CDK6
CDK,-4.099166666666667,2,KRSA,0.9760166840458812,4,CMGC,CDK,CDK7,CDK7
CDK,-4.099166666666667,2,KRSA,0.9760166840458812,4,CMGC,CDK,CDK8,CDK8
CDK,-4.099166666666667,2,KRSA,0.9760166840458812,4,CMGC,CDK,CDK9,CDK9
CDK,-4.099166666666667,2,KRSA,0.9760166840458812,4,NA,NA,NA,CDK11A
CDK,-4.099166666666667,2,KRSA,0.9760166840458812,4,NA,NA,NA,CDK11B
PEK,-3.4016666666666664,3,KRSA,0.9635036496350365,4,OTHER,PEK,HRI,EIF2AK1
PEK,-3.4016666666666664,3,KRSA,0.9635036496350365,4,OTHER,PEK,PKR,EIF2AK2
PEK,-3.4016666666666664,3,KRSA,0.9635036496350365,4,OTHER,PEK,PEK,EIF2AK3
PEK,-3.4016666666666664,3,KRSA,0.9635036496350365,4,OTHER,PEK,GCN2,EIF2AK4
NMO,-2.4283333333333332,9,KRSA,0.8884254431699687,4,CMGC,MAPK,NMO,NLK
ERK,-3.183333333333333,4,KRSA,0.9509906152241918,4,CMGC,MAPK,ERK1,MAPK1
ERK,-3.183333333333333,4,KRSA,0.9509906152241918,4,CMGC,MAPK,ERK7,MAPK15
ERK,-3.183333333333333,4,KRSA,0.9509906152241918,4,CMGC,MAPK,ERK1,MAPK3
ERK,-3.183333333333333,4,KRSA,0.9509906152241918,4,CMGC,MAPK,ERK3,MAPK4
ERK,-3.183333333333333,4,KRSA,0.9509906152241918,4,CMGC,MAPK,ERK3,MAPK6
ERK,-3.183333333333333,4,KRSA,0.9509906152241918,4,CMGC,MAPK,ERK5,MAPK7
JNK,-2.6275,7,KRSA,0.913451511991658,4,CMGC,MAPK,JNK,MAPK10
JNK,-2.6275,7,KRSA,0.913451511991658,4,CMGC,MAPK,JNK,MAPK8
JNK,-2.6275,7,KRSA,0.913451511991658,4,CMGC,MAPK,JNK,MAPK9
PDK1,-2.6241666666666665,8,KRSA,0.9009384775808134,4,ATYPICAL,PDHK,PDHK,PDK1
PDK1,-2.6241666666666665,8,KRSA,0.9009384775808134,4,AGC,PDK1,PDK1,PDPK1
STE7,-2.408333333333333,10,KRSA,0.8759124087591241,4,STE,STE7,MEK1,MAP2K1
STE7,-2.408333333333333,10,KRSA,0.8759124087591241,4,STE,STE7,MEK1,MAP2K2
STE7,-2.408333333333333,10,KRSA,0.8759124087591241,4,STE,STE7,MEK3,MAP2K3
STE7,-2.408333333333333,10,KRSA,0.8759124087591241,4,STE,STE7,MEK4,MAP2K4
STE7,-2.408333333333333,10,KRSA,0.8759124087591241,4,STE,STE7,MEK5,MAP2K5
STE7,-2.408333333333333,10,KRSA,0.8759124087591241,4,STE,STE7,MEK3,MAP2K6
STE7,-2.408333333333333,10,KRSA,0.8759124087591241,4,STE,STE7,MEK7,MAP2K7
CK1,-1.7291666666666663,13,KRSA,0.8383733055265902,4,CK1,CK1,CK1-A,CSNK1A1
CK1,-1.7291666666666663,13,KRSA,0.8383733055265902,4,CK1,CK1,CK1-A,CSNK1A1L
CK1,-1.7291666666666663,13,KRSA,0.8383733055265902,4,CK1,CK1,CK1-D,CSNK1D
CK1,-1.7291666666666663,13,KRSA,0.8383733055265902,4,CK1,CK1,CK1-D,CSNK1E
CK1,-1.7291666666666663,13,KRSA,0.8383733055265902,4,CK1,CK1,CK1-G,CSNK1G1
CK1,-1.7291666666666663,13,KRSA,0.8383733055265902,4,CK1,CK1,CK1-G,CSNK1G2
CK1,-1.7291666666666663,13,KRSA,0.8383733055265902,4,CK1,CK1,CK1-G,CSNK1G3
CK1,-1.7291666666666663,13,KRSA,0.8383733055265902,4,CK1,TTBK,TTBK,TTBK1
CK1,-1.7291666666666663,13,KRSA,0.8383733055265902,4,CK1,TTBK,TTBK,TTBK2
CK1,-1.7291666666666663,13,KRSA,0.8383733055265902,4,CK1,VRK,VRK,VRK3
IRAK,-0.9883333333333332,31,KRSA,0.6131386861313869,3,TKL,IRAK,IRAK,IRAK1
IRAK,-0.9883333333333332,31,KRSA,0.6131386861313869,3,TKL,IRAK,IRAK,IRAK2
IRAK,-0.9883333333333332,31,KRSA,0.6131386861313869,3,TKL,IRAK,IRAK,IRAK3
IRAK,-0.9883333333333332,31,KRSA,0.6131386861313869,3,TKL,IRAK,IRAK,IRAK4
FRAY,-1.4925,16,KRSA,0.8008342022940563,4,STE,STE20,FRAY,OXSR1
FRAY,-1.4925,16,KRSA,0.8008342022940563,4,STE,STE20,FRAY,STK39
P38,-2.0500000000000003,11,KRSA,0.8633993743482794,4,CMGC,MAPK,P38,MAPK11
P38,-2.0500000000000003,11,KRSA,0.8633993743482794,4,CMGC,MAPK,P38,MAPK12
P38,-2.0500000000000003,11,KRSA,0.8633993743482794,4,CMGC,MAPK,P38,MAPK13
P38,-2.0500000000000003,11,KRSA,0.8633993743482794,4,CMGC,MAPK,P38,MAPK14
GSK,-1.2241666666666666,21,KRSA,0.7382690302398331,3,CMGC,GSK,GSK,GSK3A
GSK,-1.2241666666666666,21,KRSA,0.7382690302398331,3,CMGC,GSK,GSK,GSK3B
ATM,-1.2875,19,KRSA,0.7632950990615224,4,ATYPICAL,PIKK,ATM,ATM
RAF,-1.0216666666666667,30,KRSA,0.6256517205422315,3,TKL,RAF,RAF,ARAF
RAF,-1.0216666666666667,30,KRSA,0.6256517205422315,3,TKL,RAF,RAF,BRAF
RAF,-1.0216666666666667,30,KRSA,0.6256517205422315,3,TKL,RAF,KSR,KSR1
RAF,-1.0216666666666667,30,KRSA,0.6256517205422315,3,TKL,RAF,KSR,KSR2
RAF,-1.0216666666666667,30,KRSA,0.6256517205422315,3,TKL,RAF,RAF,RAF1
PHK,-1.7991666666666666,12,KRSA,0.8508863399374348,4,CAMK,PHK,PHK,PHKG1
PHK,-1.7991666666666666,12,KRSA,0.8508863399374348,4,CAMK,PHK,PHK,PHKG2
CAMK2,-0.5050000000000001,54,KRSA,0.32533889468196037,2,CAMK,CAMK2,CAMK2,CAMK2A
CAMK2,-0.5050000000000001,54,KRSA,0.32533889468196037,2,CAMK,CAMK2,CAMK2,CAMK2B
CAMK2,-0.5050000000000001,54,KRSA,0.32533889468196037,2,CAMK,CAMK2,CAMK2,CAMK2D
CAMK2,-0.5050000000000001,54,KRSA,0.32533889468196037,2,CAMK,CAMK2,CAMK2,CAMK2G
QIK,-1.5158333333333334,15,KRSA,0.8133472367049009,4,CAMK,CAMKL,QIK,SIK1
QIK,-1.5158333333333334,15,KRSA,0.8133472367049009,4,CAMK,CAMKL,QIK,SIK2
PKA,0.6225,50,KRSA,0.3753910323253389,2,AGC,PKA,PKA,PRKACA
PKA,0.6225,50,KRSA,0.3753910323253389,2,AGC,PKA,PKA,PRKACB
PKA,0.6225,50,KRSA,0.3753910323253389,2,AGC,PKA,PKA,PRKACG
PKA,0.6225,50,KRSA,0.3753910323253389,2,AGC,PKA,PKA,PRKX
PKA,0.6225,50,KRSA,0.3753910323253389,2,AGC,PKA,PKA,PRKY
DMPK,-1.1075,27,KRSA,0.6631908237747653,3,AGC,DMPK,GEK,CDC42BPA
DMPK,-1.1075,27,KRSA,0.6631908237747653,3,AGC,DMPK,GEK,CDC42BPB
DMPK,-1.1075,27,KRSA,0.6631908237747653,3,AGC,DMPK,GEK,CDC42BPG
DMPK,-1.1075,27,KRSA,0.6631908237747653,3,AGC,DMPK,CRIK,CIT
DMPK,-1.1075,27,KRSA,0.6631908237747653,3,AGC,DMPK,GEK,DMPK
DMPK,-1.1075,27,KRSA,0.6631908237747653,3,AGC,DMPK,ROCK,ROCK1
DMPK,-1.1075,27,KRSA,0.6631908237747653,3,AGC,DMPK,ROCK,ROCK2
LKB,-1.545,14,KRSA,0.8258602711157456,4,CAMK,CAMKL,LKB,STK11
MTOR,-1.4466666666666663,17,KRSA,0.7883211678832117,4,ATYPICAL,PIKK,FRAP,MTOR
TLK,-1.211666666666667,24,KRSA,0.7007299270072993,3,OTHER,TLK,TLK,TLK1
TLK,-1.211666666666667,24,KRSA,0.7007299270072993,3,OTHER,TLK,TLK,TLK2
TTK,-1.215833333333333,23,KRSA,0.7132429614181439,3,OTHER,TTK,TTK,TTK
NUAK,-1.1833333333333331,25,KRSA,0.6882168925964547,3,CAMK,CAMKL,NUAK,NUAK1
NUAK,-1.1833333333333331,25,KRSA,0.6882168925964547,3,CAMK,CAMKL,NUAK,NUAK2
IKK,-1.1525,26,KRSA,0.67570385818561,3,OTHER,IKK,IKK,CHUK
IKK,-1.1525,26,KRSA,0.67570385818561,3,OTHER,IKK,IKK,IKBKB
IKK,-1.1525,26,KRSA,0.67570385818561,3,OTHER,IKK,IKK,IKBKE
IKK,-1.1525,26,KRSA,0.67570385818561,3,OTHER,IKK,IKK,TBK1
CAMK1,1.0666666666666669,28,KRSA,0.6506777893639207,3,CAMK,CAMK1,CAMK1,CAMK1
CAMK1,1.0666666666666669,28,KRSA,0.6506777893639207,3,CAMK,CAMK1,CAMK1,CAMK1D
CAMK1,1.0666666666666669,28,KRSA,0.6506777893639207,3,CAMK,CAMK1,CAMK1,CAMK1G
CAMK1,1.0666666666666669,28,KRSA,0.6506777893639207,3,CAMK,CAMK1,CAMK1,CAMK4
CAMK1,1.0666666666666669,28,KRSA,0.6506777893639207,3,CAMK,CAMK1,CAMK1,PNCK
PKD,-0.31750000000000006,62,KRSA,0.22523461939520334,1,CAMK,PKD,PKD,PRKD1
PKD,-0.31750000000000006,62,KRSA,0.22523461939520334,1,CAMK,PKD,PKD,PRKD2
PKD,-0.31750000000000006,62,KRSA,0.22523461939520334,1,CAMK,PKD,PKD,PRKD3
PDHK,-1.3808333333333334,18,KRSA,0.7758081334723671,4,ATYPICAL,PDHK,BCKDK,BCKDK
PDHK,-1.3808333333333334,18,KRSA,0.7758081334723671,4,ATYPICAL,PDHK,PDHK,PDK2
PDHK,-1.3808333333333334,18,KRSA,0.7758081334723671,4,ATYPICAL,PDHK,PDHK,PDK3
PDHK,-1.3808333333333334,18,KRSA,0.7758081334723671,4,ATYPICAL,PDHK,PDHK,PDK4
ATR,-0.9033333333333332,34,KRSA,0.5755995828988529,3,ATYPICAL,PIKK,ATR,ATR
MST,-0.3541666666666667,58,KRSA,0.27528675703858185,2,STE,STE20,MST,STK3
MST,-0.3541666666666667,58,KRSA,0.27528675703858185,2,STE,STE20,MST,STK4
ULK,-0.8608333333333333,38,KRSA,0.5255474452554745,3,OTHER,ULK,FUSED,STK36
ULK,-0.8608333333333333,38,KRSA,0.5255474452554745,3,OTHER,ULK,ULK,ULK1
ULK,-0.8608333333333333,38,KRSA,0.5255474452554745,3,OTHER,ULK,ULK,ULK2
ULK,-0.8608333333333333,38,KRSA,0.5255474452554745,3,OTHER,ULK,ULK,ULK3
ULK,-0.8608333333333333,38,KRSA,0.5255474452554745,3,OTHER,ULK,ULK,ULK4
WNK,-0.8558333333333333,40,KRSA,0.5005213764337852,3,OTHER,WNK,WNK,WNK1
WNK,-0.8558333333333333,40,KRSA,0.5005213764337852,3,OTHER,WNK,WNK,WNK2
WNK,-0.8558333333333333,40,KRSA,0.5005213764337852,3,OTHER,WNK,WNK,WNK3
WNK,-0.8558333333333333,40,KRSA,0.5005213764337852,3,OTHER,WNK,WNK,WNK4
BUD32,-0.8658333333333333,37,KRSA,0.5380604796663191,3,OTHER,BUD32,BUD32,TP53RK
PKG,0.665,49,KRSA,0.38790406673618355,2,AGC,PKG,PKG,PRKG1
PKG,0.665,49,KRSA,0.38790406673618355,2,AGC,PKG,PKG,PRKG2
SGK,0.8883333333333333,36,KRSA,0.5505735140771637,3,AGC,SGK,SGK,SGK1
SGK,0.8883333333333333,36,KRSA,0.5505735140771637,3,AGC,SGK,SGK,SGK2
SGK,0.8883333333333333,36,KRSA,0.5505735140771637,3,AGC,SGK,SGK,SGK3
NIK,-0.8575,39,KRSA,0.5130344108446299,3,STE,STE-UNIQUE,STE-UNIQUE,MAP3K14
MOS,-0.8491666666666666,42,KRSA,0.4754953076120959,2,OTHER,MOS,MOS,MOS
CLK,-0.855,41,KRSA,0.4880083420229406,2,CMGC,CLK,CLK,CLK1
CLK,-0.855,41,KRSA,0.4880083420229406,2,CMGC,CLK,CLK,CLK2
CLK,-0.855,41,KRSA,0.4880083420229406,2,CMGC,CLK,CLK,CLK3
CLK,-0.855,41,KRSA,0.4880083420229406,2,CMGC,CLK,CLK,CLK4
CAMKK,-0.8458333333333333,43,KRSA,0.4629822732012513,2,OTHER,CAMKK,META,CAMKK1
CAMKK,-0.8458333333333333,43,KRSA,0.4629822732012513,2,OTHER,CAMKK,META,CAMKK2
STE11,-0.9616666666666668,32,KRSA,0.6006256517205423,3,TKL,MLK,TAK1,MAP3K7
STE11,-0.9616666666666668,32,KRSA,0.6006256517205423,3,STE,STE11,MEKK1,MAP3K1
STE11,-0.9616666666666668,32,KRSA,0.6006256517205423,3,STE,STE11,ASK,MAP3K15
STE11,-0.9616666666666668,32,KRSA,0.6006256517205423,3,STE,STE11,MEKK2,MAP3K2
STE11,-0.9616666666666668,32,KRSA,0.6006256517205423,3,STE,STE11,MEKK2,MAP3K3
STE11,-0.9616666666666668,32,KRSA,0.6006256517205423,3,STE,STE11,MEKK4,MAP3K4
STE11,-0.9616666666666668,32,KRSA,0.6006256517205423,3,STE,STE11,ASK,MAP3K5
STE11,-0.9616666666666668,32,KRSA,0.6006256517205423,3,STE,STE11,ASK,MAP3K6
RAD53,0.33166666666666667,60,KRSA,0.2502606882168926,2,CAMK,RAD53,RAD53,CHEK2
HAL,0.1225,74,KRSA,0.07507820646506778,1,RGC,RGC,RGC,NPR1
PAKB,0.16166666666666665,72,KRSA,0.10010427528675704,1,STE,STE20,PAKB,PAK4
PAKB,0.16166666666666665,72,KRSA,0.10010427528675704,1,STE,STE20,PAKB,PAK5
PAKB,0.16166666666666665,72,KRSA,0.10010427528675704,1,STE,STE20,PAKB,PAK6
PKCD,0.2866666666666667,65,KRSA,0.18769551616266944,1,AGC,PKC,DELTA,PRKCD
PKCD,0.2866666666666667,65,KRSA,0.18769551616266944,1,AGC,PKC,DELTA,PRKCQ
CK2,-1.221666666666667,22,KRSA,0.7257559958289885,3,CMGC,CK2,CK2,CSNK2A1
CK2,-1.221666666666667,22,KRSA,0.7257559958289885,3,CMGC,CK2,CK2,CSNK2A2
CK2,-1.221666666666667,22,KRSA,0.7257559958289885,3,NA,NA,NA,CSNK2A3
RIPK,0.24416666666666667,67,KRSA,0.16266944734098018,1,TKL,RIPK,RIPK,ANKK1
RIPK,0.24416666666666667,67,KRSA,0.16266944734098018,1,TKL,RIPK,RIPK,RIPK1
RIPK,0.24416666666666667,67,KRSA,0.16266944734098018,1,TKL,RIPK,RIPK,RIPK2
RIPK,0.24416666666666667,67,KRSA,0.16266944734098018,1,TKL,RIPK,RIPK,RIPK3
RIPK,0.24416666666666667,67,KRSA,0.16266944734098018,1,TKL,RIPK,RIPK,RIPK4
NEK,0.19,70,KRSA,0.1251303441084463,1,OTHER,NEK,NEK11,NEK11
NEK,0.19,70,KRSA,0.1251303441084463,1,OTHER,NEK,NEK2,NEK2
NEK,0.19,70,KRSA,0.1251303441084463,1,OTHER,NEK,NEK1,NEK3
NEK,0.19,70,KRSA,0.1251303441084463,1,OTHER,NEK,NEK4,NEK4
NEK,0.19,70,KRSA,0.1251303441084463,1,OTHER,NEK,NEK1,NEK5
NEK,0.19,70,KRSA,0.1251303441084463,1,OTHER,NEK,NEK6,NEK6
NEK,0.19,70,KRSA,0.1251303441084463,1,OTHER,NEK,NEK6,NEK7
NEK,0.19,70,KRSA,0.1251303441084463,1,OTHER,NEK,NEK8,NEK8
NEK,0.19,70,KRSA,0.1251303441084463,1,OTHER,NEK,NEK8,NEK9
PKCH,0.05416666666666673,79,KRSA,0.01251303441084463,1,AGC,PKC,ETA,PRKCE
PKCH,0.05416666666666673,79,KRSA,0.01251303441084463,1,AGC,PKC,ETA,PRKCH
KHS,0.7716666666666667,45,KRSA,0.43795620437956206,2,STE,STE20,KHS,MAP4K1
KHS,0.7716666666666667,45,KRSA,0.43795620437956206,2,STE,STE20,KHS,MAP4K2
KHS,0.7716666666666667,45,KRSA,0.43795620437956206,2,STE,STE20,KHS,MAP4K3
KHS,0.7716666666666667,45,KRSA,0.43795620437956206,2,STE,STE20,KHS,MAP4K5
SLK,0.35583333333333333,57,KRSA,0.28779979144942647,2,STE,STE20,SLK,SLK
SLK,0.35583333333333333,57,KRSA,0.28779979144942647,2,STE,STE20,SLK,STK10
TAO,0.73,48,KRSA,0.40041710114702816,2,STE,STE20,TAO,TAOK1
TAO,0.73,48,KRSA,0.40041710114702816,2,STE,STE20,TAO,TAOK2
TAO,0.73,48,KRSA,0.40041710114702816,2,STE,STE20,TAO,TAOK3
PASK,0.9,35,KRSA,0.5630865484880083,3,CAMK,CAMKL,PASK,PASK
BRSK,0.7375,47,KRSA,0.4129301355578728,2,CAMK,CAMKL,BRSK,BRSK1
BRSK,0.7375,47,KRSA,0.4129301355578728,2,CAMK,CAMKL,BRSK,BRSK2
COT,0.2716666666666667,66,KRSA,0.17518248175182483,1,STE,STE-UNIQUE,STE-UNIQUE,MAP3K8
MLCK,0.1841666666666667,71,KRSA,0.11261730969760167,1,CAMK,MLCK,MLCK,MYLK
MLCK,0.1841666666666667,71,KRSA,0.11261730969760167,1,CAMK,MLCK,MLCK,MYLK2
MLCK,0.1841666666666667,71,KRSA,0.11261730969760167,1,CAMK,MLCK,MLCK,TTN
NDR,0.07416666666666666,77,KRSA,0.03753910323253389,1,AGC,NDR,NDR,LATS1
NDR,0.07416666666666666,77,KRSA,0.03753910323253389,1,AGC,NDR,NDR,LATS2
NDR,0.07416666666666666,77,KRSA,0.03753910323253389,1,AGC,NDR,NDR,STK38
NDR,0.07416666666666666,77,KRSA,0.03753910323253389,1,AGC,NDR,NDR,STK38L
AKT,-0.20333333333333337,68,KRSA,0.15015641293013557,1,AGC,AKT,AKT,AKT1
AKT,-0.20333333333333337,68,KRSA,0.15015641293013557,1,AGC,AKT,AKT,AKT2
AKT,-0.20333333333333337,68,KRSA,0.15015641293013557,1,AGC,AKT,AKT,AKT3
DAPK,0.30583333333333335,64,KRSA,0.20020855057351408,1,CAMK,DAPK,DAPK,DAPK1
DAPK,0.30583333333333335,64,KRSA,0.20020855057351408,1,CAMK,DAPK,DAPK,DAPK2
DAPK,0.30583333333333335,64,KRSA,0.20020855057351408,1,CAMK,DAPK,DAPK,DAPK3
DAPK,0.30583333333333335,64,KRSA,0.20020855057351408,1,CAMK,DAPK,DRAK,STK17A
DAPK,0.30583333333333335,64,KRSA,0.20020855057351408,1,CAMK,DAPK,DRAK,STK17B
PKCI,0.5075000000000001,53,KRSA,0.337851929092805,2,AGC,PKC,IOTA,PRKCI
PKCI,0.5075000000000001,53,KRSA,0.337851929092805,2,AGC,PKC,IOTA,PRKCZ
PRKDC,-1.0266666666666666,29,KRSA,0.6381647549530761,3,ATYPICAL,PIKK,DNAPK,PRKDC
PIM,0.39,56,KRSA,0.30031282586027114,2,CAMK,PIM,PIM,PIM1
PIM,0.39,56,KRSA,0.30031282586027114,2,CAMK,PIM,PIM,PIM2
PIM,0.39,56,KRSA,0.30031282586027114,2,CAMK,PIM,PIM,PIM3
GRK,-0.8391666666666666,44,KRSA,0.4504692387904067,2,AGC,GRK,GRK,GRK1
GRK,-0.8391666666666666,44,KRSA,0.4504692387904067,2,AGC,GRK,GRK,GRK4
GRK,-0.8391666666666666,44,KRSA,0.4504692387904067,2,AGC,GRK,GRK,GRK5
GRK,-0.8391666666666666,44,KRSA,0.4504692387904067,2,AGC,GRK,GRK,GRK6
GRK,-0.8391666666666666,44,KRSA,0.4504692387904067,2,AGC,GRK,GRK,GRK7
NAK,-0.345,59,KRSA,0.26277372262773724,2,OTHER,NAK,BIKE,AAK1
NAK,-0.345,59,KRSA,0.26277372262773724,2,OTHER,NAK,BIKE,BMP2K
NAK,-0.345,59,KRSA,0.26277372262773724,2,OTHER,NAK,GAK,GAK
NAK,-0.345,59,KRSA,0.26277372262773724,2,OTHER,NAK,MPSK,STK16
STKR,-0.5766666666666667,52,KRSA,0.35036496350364965,2,TKL,STKR,TYPE1,ACVR1
STKR,-0.5766666666666667,52,KRSA,0.35036496350364965,2,TKL,STKR,TYPE1,ACVR1B
STKR,-0.5766666666666667,52,KRSA,0.35036496350364965,2,TKL,STKR,TYPE1,ACVR1C
STKR,-0.5766666666666667,52,KRSA,0.35036496350364965,2,TKL,STKR,TYPE2,ACVR2A
STKR,-0.5766666666666667,52,KRSA,0.35036496350364965,2,TKL,STKR,TYPE2,ACVR2B
STKR,-0.5766666666666667,52,KRSA,0.35036496350364965,2,TKL,STKR,TYPE1,ACVRL1
STKR,-0.5766666666666667,52,KRSA,0.35036496350364965,2,TKL,STKR,TYPE2,AMHR2
STKR,-0.5766666666666667,52,KRSA,0.35036496350364965,2,TKL,STKR,TYPE1,BMPR1A
STKR,-0.5766666666666667,52,KRSA,0.35036496350364965,2,TKL,STKR,TYPE1,BMPR1B
STKR,-0.5766666666666667,52,KRSA,0.35036496350364965,2,TKL,STKR,TYPE2,BMPR2
STKR,-0.5766666666666667,52,KRSA,0.35036496350364965,2,TKL,STKR,TYPE1,TGFBR1
STKR,-0.5766666666666667,52,KRSA,0.35036496350364965,2,TKL,STKR,TYPE2,TGFBR2
PKN,-0.31916666666666665,61,KRSA,0.23774765380604795,1,AGC,PKN,PKN,PKN1
PKN,-0.31916666666666665,61,KRSA,0.23774765380604795,1,AGC,PKN,PKN,PKN2
PKN,-0.31916666666666665,61,KRSA,0.23774765380604795,1,AGC,PKN,PKN,PKN3
MSN,0.585,51,KRSA,0.36287799791449427,2,STE,STE20,MSN,MAP4K4
MSN,0.585,51,KRSA,0.36287799791449427,2,STE,STE20,MSN,NRK
MSN,0.585,51,KRSA,0.36287799791449427,2,STE,STE20,MSN,TNIK
MLK,-0.2033333333333333,69,KRSA,0.13764337851929093,1,TKL,MLK,ILK,ILK
MLK,-0.2033333333333333,69,KRSA,0.13764337851929093,1,TKL,MLK,MLK,MAP3K10
MLK,-0.2033333333333333,69,KRSA,0.13764337851929093,1,TKL,MLK,MLK,MAP3K11
MLK,-0.2033333333333333,69,KRSA,0.13764337851929093,1,TKL,MLK,LZK,MAP3K12
MLK,-0.2033333333333333,69,KRSA,0.13764337851929093,1,TKL,MLK,LZK,MAP3K13
MLK,-0.2033333333333333,69,KRSA,0.13764337851929093,1,TKL,MLK,MLK,MAP3K9
MLK,-0.2033333333333333,69,KRSA,0.13764337851929093,1,TKL,MLK,HH498,TNNI3K
MAPKAPK,0.10083333333333332,75,KRSA,0.06256517205422316,1,CAMK,MAPKAPK,MAPKAPK,MAPKAPK2
MAPKAPK,0.10083333333333332,75,KRSA,0.06256517205422316,1,CAMK,MAPKAPK,MAPKAPK,MAPKAPK3
MAPKAPK,0.10083333333333332,75,KRSA,0.06256517205422316,1,CAMK,MAPKAPK,MAPKAPK,MAPKAPK5
MAPKAPK,0.10083333333333332,75,KRSA,0.06256517205422316,1,CAMK,MAPKAPK,MNK,MKNK1
MAPKAPK,0.10083333333333332,75,KRSA,0.06256517205422316,1,CAMK,MAPKAPK,MNK,MKNK2
CHK1,0.77,46,KRSA,0.4254431699687174,2,CAMK,CAMKL,CHK1,CHEK1
VRK1,-0.30833333333333335,63,KRSA,0.2127215849843587,1,CK1,VRK,VRK,VRK1
PAKA,0.08333333333333334,76,KRSA,0.05005213764337852,1,STE,STE20,PAKA,PAK1
PAKA,0.08333333333333334,76,KRSA,0.05005213764337852,1,STE,STE20,PAKA,PAK2
PAKA,0.08333333333333334,76,KRSA,0.05005213764337852,1,STE,STE20,PAKA,PAK3
AMPK,0.9366666666666666,33,KRSA,0.5881126173096975,3,CAMK,CAMKL,AMPK,PRKAA1
AMPK,0.9366666666666666,33,KRSA,0.5881126173096975,3,CAMK,CAMKL,AMPK,PRKAA2
AUR,0.06249999999999999,78,KRSA,0.02502606882168926,1,OTHER,AUR,AUR,AURKA
AUR,0.06249999999999999,78,KRSA,0.02502606882168926,1,OTHER,AUR,AUR,AURKB
AUR,0.06249999999999999,78,KRSA,0.02502606882168926,1,OTHER,AUR,AUR,AURKC
RSK,-0.4016666666666666,55,KRSA,0.31282586027111575,2,AGC,RSK,RSK,RPS6KA1
RSK,-0.4016666666666666,55,KRSA,0.31282586027111575,2,AGC,RSK,RSK,RPS6KA2
RSK,-0.4016666666666666,55,KRSA,0.31282586027111575,2,AGC,RSK,RSK,RPS6KA3
RSK,-0.4016666666666666,55,KRSA,0.31282586027111575,2,AGC,RSK,MSK,RPS6KA4
RSK,-0.4016666666666666,55,KRSA,0.31282586027111575,2,AGC,RSK,MSK,RPS6KA5
RSK,-0.4016666666666666,55,KRSA,0.31282586027111575,2,AGC,RSK,RSK,RPS6KA6
RSK,-0.4016666666666666,55,KRSA,0.31282586027111575,2,AGC,RSK,P70,RPS6KB1
RSK,-0.4016666666666666,55,KRSA,0.31282586027111575,2,AGC,RSK,P70,RPS6KB2
BARK2,0.02000000000000002,80,KRSA,0,1,AGC,GRK,BARK,GRK3
MELK,0.145,73,KRSA,0.08759124087591241,1,CAMK,CAMKL,MELK,MELK
PKCA,-4.128333333333333,1,KRSA,0.9885297184567258,4,AGC,PKC,ALPHA,PRKCA
PKCA,-4.128333333333333,1,KRSA,0.9885297184567258,4,AGC,PKC,ALPHA,PRKCB
PKCA,-4.128333333333333,1,KRSA,0.9885297184567258,4,AGC,PKC,ALPHA,PRKCG
STE7,-2.408333333333333,10,KRSA,0.8759124087591241,4,STE,STE7,MEK1,MAP2K1
STE7,-2.408333333333333,10,KRSA,0.8759124087591241,4,STE,STE7,MEK1,MAP2K2
STE7,-2.408333333333333,10,KRSA,0.8759124087591241,4,STE,STE7,MEK3,MAP2K3
STE7,-2.408333333333333,10,KRSA,0.8759124087591241,4,STE,STE7,MEK4,MAP2K4
STE7,-2.408333333333333,10,KRSA,0.8759124087591241,4,STE,STE7,MEK5,MAP2K5
STE7,-2.408333333333333,10,KRSA,0.8759124087591241,4,STE,STE7,MEK3,MAP2K6
STE7,-2.408333333333333,10,KRSA,0.8759124087591241,4,STE,STE7,MEK7,MAP2K7
PLK,-3.0900000000000003,5,KRSA,0.9384775808133472,4,NA,NA,NA,PLK5
PLK,-3.0900000000000003,5,KRSA,0.9384775808133472,4,OTHER,PLK,PLK1,PLK1
PLK,-3.0900000000000003,5,KRSA,0.9384775808133472,4,OTHER,PLK,PLK2,PLK2
PLK,-3.0900000000000003,5,KRSA,0.9384775808133472,4,OTHER,PLK,PLK2,PLK3
PLK,-3.0900000000000003,5,KRSA,0.9384775808133472,4,OTHER,PLK,SAK,PLK4
PEK,-3.4016666666666664,3,KRSA,0.9635036496350365,4,OTHER,PEK,HRI,EIF2AK1
PEK,-3.4016666666666664,3,KRSA,0.9635036496350365,4,OTHER,PEK,PKR,EIF2AK2
PEK,-3.4016666666666664,3,KRSA,0.9635036496350365,4,OTHER,PEK,PEK,EIF2AK3
PEK,-3.4016666666666664,3,KRSA,0.9635036496350365,4,OTHER,PEK,GCN2,EIF2AK4
NMO,-2.4283333333333332,9,KRSA,0.8884254431699687,4,CMGC,MAPK,NMO,NLK
PHK,-1.7991666666666666,12,KRSA,0.8508863399374348,4,CAMK,PHK,PHK,PHKG1
PHK,-1.7991666666666666,12,KRSA,0.8508863399374348,4,CAMK,PHK,PHK,PHKG2
DYRK,-2.8766666666666665,6,KRSA,0.9259645464025026,4,CMGC,DYRK,DYRK1,DYRK1A
DYRK,-2.8766666666666665,6,KRSA,0.9259645464025026,4,CMGC,DYRK,DYRK1,DYRK1B
DYRK,-2.8766666666666665,6,KRSA,0.9259645464025026,4,CMGC,DYRK,DYRK2,DYRK2
DYRK,-2.8766666666666665,6,KRSA,0.9259645464025026,4,CMGC,DYRK,DYRK2,DYRK3
DYRK,-2.8766666666666665,6,KRSA,0.9259645464025026,4,CMGC,DYRK,DYRK2,DYRK4
DYRK,-2.8766666666666665,6,KRSA,0.9259645464025026,4,CMGC,DYRK,HIPK,HIPK1
DYRK,-2.8766666666666665,6,KRSA,0.9259645464025026,4,CMGC,DYRK,HIPK,HIPK2
DYRK,-2.8766666666666665,6,KRSA,0.9259645464025026,4,CMGC,DYRK,HIPK,HIPK3
DYRK,-2.8766666666666665,6,KRSA,0.9259645464025026,4,CMGC,DYRK,HIPK,HIPK4
DYRK,-2.8766666666666665,6,KRSA,0.9259645464025026,4,CMGC,DYRK,PRP4,PRPF4B
FRAY,-1.4925,16,KRSA,0.8008342022940563,4,STE,STE20,FRAY,OXSR1
FRAY,-1.4925,16,KRSA,0.8008342022940563,4,STE,STE20,FRAY,STK39
CDK,-4.099166666666667,2,KRSA,0.9760166840458812,4,CMGC,CDK,CDC2,CDK1
CDK,-4.099166666666667,2,KRSA,0.9760166840458812,4,CMGC,CDK,CDK10,CDK10
CDK,-4.099166666666667,2,KRSA,0.9760166840458812,4,CMGC,CDK,CRK7,CDK12
CDK,-4.099166666666667,2,KRSA,0.9760166840458812,4,CMGC,CDK,CRK7,CDK13
CDK,-4.099166666666667,2,KRSA,0.9760166840458812,4,CMGC,CDK,PFTAIRE,CDK14
CDK,-4.099166666666667,2,KRSA,0.9760166840458812,4,CMGC,CDK,PFTAIRE,CDK15
CDK,-4.099166666666667,2,KRSA,0.9760166840458812,4,CMGC,CDK,PCTAIRE,CDK16
CDK,-4.099166666666667,2,KRSA,0.9760166840458812,4,CMGC,CDK,PCTAIRE,CDK17
CDK,-4.099166666666667,2,KRSA,0.9760166840458812,4,CMGC,CDK,PCTAIRE,CDK18
CDK,-4.099166666666667,2,KRSA,0.9760166840458812,4,CMGC,CDK,CDK8,CDK19
CDK,-4.099166666666667,2,KRSA,0.9760166840458812,4,CMGC,CDK,CDC2,CDK2
CDK,-4.099166666666667,2,KRSA,0.9760166840458812,4,CMGC,CDK,CCRK,CDK20
CDK,-4.099166666666667,2,KRSA,0.9760166840458812,4,CMGC,CDK,CDC2,CDK3
CDK,-4.099166666666667,2,KRSA,0.9760166840458812,4,CMGC,CDK,CDK4,CDK4
CDK,-4.099166666666667,2,KRSA,0.9760166840458812,4,CMGC,CDK,CDK5,CDK5
CDK,-4.099166666666667,2,KRSA,0.9760166840458812,4,CMGC,CDK,CDK4,CDK6
CDK,-4.099166666666667,2,KRSA,0.9760166840458812,4,CMGC,CDK,CDK7,CDK7
CDK,-4.099166666666667,2,KRSA,0.9760166840458812,4,CMGC,CDK,CDK8,CDK8
CDK,-4.099166666666667,2,KRSA,0.9760166840458812,4,CMGC,CDK,CDK9,CDK9
CDK,-4.099166666666667,2,KRSA,0.9760166840458812,4,NA,NA,NA,CDK11A
CDK,-4.099166666666667,2,KRSA,0.9760166840458812,4,NA,NA,NA,CDK11B
JNK,-2.6275,7,KRSA,0.913451511991658,4,CMGC,MAPK,JNK,MAPK10
JNK,-2.6275,7,KRSA,0.913451511991658,4,CMGC,MAPK,JNK,MAPK8
JNK,-2.6275,7,KRSA,0.913451511991658,4,CMGC,MAPK,JNK,MAPK9
CK1,-1.7291666666666663,13,KRSA,0.8383733055265902,4,CK1,CK1,CK1-A,CSNK1A1
CK1,-1.7291666666666663,13,KRSA,0.8383733055265902,4,CK1,CK1,CK1-A,CSNK1A1L
CK1,-1.7291666666666663,13,KRSA,0.8383733055265902,4,CK1,CK1,CK1-D,CSNK1D
CK1,-1.7291666666666663,13,KRSA,0.8383733055265902,4,CK1,CK1,CK1-D,CSNK1E
CK1,-1.7291666666666663,13,KRSA,0.8383733055265902,4,CK1,CK1,CK1-G,CSNK1G1
CK1,-1.7291666666666663,13,KRSA,0.8383733055265902,4,CK1,CK1,CK1-G,CSNK1G2
CK1,-1.7291666666666663,13,KRSA,0.8383733055265902,4,CK1,CK1,CK1-G,CSNK1G3
CK1,-1.7291666666666663,13,KRSA,0.8383733055265902,4,CK1,TTBK,TTBK,TTBK1
CK1,-1.7291666666666663,13,KRSA,0.8383733055265902,4,CK1,TTBK,TTBK,TTBK2
CK1,-1.7291666666666663,13,KRSA,0.8383733055265902,4,CK1,VRK,VRK,VRK3
ERK,-3.183333333333333,4,KRSA,0.9509906152241918,4,CMGC,MAPK,ERK1,MAPK1
ERK,-3.183333333333333,4,KRSA,0.9509906152241918,4,CMGC,MAPK,ERK7,MAPK15
ERK,-3.183333333333333,4,KRSA,0.9509906152241918,4,CMGC,MAPK,ERK1,MAPK3
ERK,-3.183333333333333,4,KRSA,0.9509906152241918,4,CMGC,MAPK,ERK3,MAPK4
ERK,-3.183333333333333,4,KRSA,0.9509906152241918,4,CMGC,MAPK,ERK3,MAPK6
ERK,-3.183333333333333,4,KRSA,0.9509906152241918,4,CMGC,MAPK,ERK5,MAPK7
PDK1,-2.6241666666666665,8,KRSA,0.9009384775808134,4,ATYPICAL,PDHK,PDHK,PDK1
PDK1,-2.6241666666666665,8,KRSA,0.9009384775808134,4,AGC,PDK1,PDK1,PDPK1
ATM,-1.2875,19,KRSA,0.7632950990615224,4,ATYPICAL,PIKK,ATM,ATM
CAMK1,1.0666666666666669,28,KRSA,0.6506777893639207,3,CAMK,CAMK1,CAMK1,CAMK1
CAMK1,1.0666666666666669,28,KRSA,0.6506777893639207,3,CAMK,CAMK1,CAMK1,CAMK1D
CAMK1,1.0666666666666669,28,KRSA,0.6506777893639207,3,CAMK,CAMK1,CAMK1,CAMK1G
CAMK1,1.0666666666666669,28,KRSA,0.6506777893639207,3,CAMK,CAMK1,CAMK1,CAMK4
CAMK1,1.0666666666666669,28,KRSA,0.6506777893639207,3,CAMK,CAMK1,CAMK1,PNCK
IRAK,-0.9883333333333332,31,KRSA,0.6131386861313869,3,TKL,IRAK,IRAK,IRAK1
IRAK,-0.9883333333333332,31,KRSA,0.6131386861313869,3,TKL,IRAK,IRAK,IRAK2
IRAK,-0.9883333333333332,31,KRSA,0.6131386861313869,3,TKL,IRAK,IRAK,IRAK3
IRAK,-0.9883333333333332,31,KRSA,0.6131386861313869,3,TKL,IRAK,IRAK,IRAK4
GSK,-1.2241666666666666,21,KRSA,0.7382690302398331,3,CMGC,GSK,GSK,GSK3A
GSK,-1.2241666666666666,21,KRSA,0.7382690302398331,3,CMGC,GSK,GSK,GSK3B
DMPK,-1.1075,27,KRSA,0.6631908237747653,3,AGC,DMPK,GEK,CDC42BPA
DMPK,-1.1075,27,KRSA,0.6631908237747653,3,AGC,DMPK,GEK,CDC42BPB
DMPK,-1.1075,27,KRSA,0.6631908237747653,3,AGC,DMPK,GEK,CDC42BPG
DMPK,-1.1075,27,KRSA,0.6631908237747653,3,AGC,DMPK,CRIK,CIT
DMPK,-1.1075,27,KRSA,0.6631908237747653,3,AGC,DMPK,GEK,DMPK
DMPK,-1.1075,27,KRSA,0.6631908237747653,3,AGC,DMPK,ROCK,ROCK1
DMPK,-1.1075,27,KRSA,0.6631908237747653,3,AGC,DMPK,ROCK,ROCK2
MTOR,-1.4466666666666663,17,KRSA,0.7883211678832117,4,ATYPICAL,PIKK,FRAP,MTOR
PKCH,0.05416666666666673,79,KRSA,0.01251303441084463,1,AGC,PKC,ETA,PRKCE
PKCH,0.05416666666666673,79,KRSA,0.01251303441084463,1,AGC,PKC,ETA,PRKCH
MST,-0.3541666666666667,58,KRSA,0.27528675703858185,2,STE,STE20,MST,STK3
MST,-0.3541666666666667,58,KRSA,0.27528675703858185,2,STE,STE20,MST,STK4
IKK,-1.1525,26,KRSA,0.67570385818561,3,OTHER,IKK,IKK,CHUK
IKK,-1.1525,26,KRSA,0.67570385818561,3,OTHER,IKK,IKK,IKBKB
IKK,-1.1525,26,KRSA,0.67570385818561,3,OTHER,IKK,IKK,IKBKE
IKK,-1.1525,26,KRSA,0.67570385818561,3,OTHER,IKK,IKK,TBK1
ATR,-0.9033333333333332,34,KRSA,0.5755995828988529,3,ATYPICAL,PIKK,ATR,ATR
CK2,-1.221666666666667,22,KRSA,0.7257559958289885,3,CMGC,CK2,CK2,CSNK2A1
CK2,-1.221666666666667,22,KRSA,0.7257559958289885,3,CMGC,CK2,CK2,CSNK2A2
CK2,-1.221666666666667,22,KRSA,0.7257559958289885,3,NA,NA,NA,CSNK2A3
QIK,-1.5158333333333334,15,KRSA,0.8133472367049009,4,CAMK,CAMKL,QIK,SIK1
QIK,-1.5158333333333334,15,KRSA,0.8133472367049009,4,CAMK,CAMKL,QIK,SIK2
TTK,-1.215833333333333,23,KRSA,0.7132429614181439,3,OTHER,TTK,TTK,TTK
PKD,-0.31750000000000006,62,KRSA,0.22523461939520334,1,CAMK,PKD,PKD,PRKD1
PKD,-0.31750000000000006,62,KRSA,0.22523461939520334,1,CAMK,PKD,PKD,PRKD2
PKD,-0.31750000000000006,62,KRSA,0.22523461939520334,1,CAMK,PKD,PKD,PRKD3
TLK,-1.211666666666667,24,KRSA,0.7007299270072993,3,OTHER,TLK,TLK,TLK1
TLK,-1.211666666666667,24,KRSA,0.7007299270072993,3,OTHER,TLK,TLK,TLK2
COT,0.2716666666666667,66,KRSA,0.17518248175182483,1,STE,STE-UNIQUE,STE-UNIQUE,MAP3K8
NUAK,-1.1833333333333331,25,KRSA,0.6882168925964547,3,CAMK,CAMKL,NUAK,NUAK1
NUAK,-1.1833333333333331,25,KRSA,0.6882168925964547,3,CAMK,CAMKL,NUAK,NUAK2
CHK1,0.77,46,KRSA,0.4254431699687174,2,CAMK,CAMKL,CHK1,CHEK1
CAMK2,-0.5050000000000001,54,KRSA,0.32533889468196037,2,CAMK,CAMK2,CAMK2,CAMK2A
CAMK2,-0.5050000000000001,54,KRSA,0.32533889468196037,2,CAMK,CAMK2,CAMK2,CAMK2B
CAMK2,-0.5050000000000001,54,KRSA,0.32533889468196037,2,CAMK,CAMK2,CAMK2,CAMK2D
CAMK2,-0.5050000000000001,54,KRSA,0.32533889468196037,2,CAMK,CAMK2,CAMK2,CAMK2G
HAL,0.1225,74,KRSA,0.07507820646506778,1,RGC,RGC,RGC,NPR1
SGK,0.8883333333333333,36,KRSA,0.5505735140771637,3,AGC,SGK,SGK,SGK1
SGK,0.8883333333333333,36,KRSA,0.5505735140771637,3,AGC,SGK,SGK,SGK2
SGK,0.8883333333333333,36,KRSA,0.5505735140771637,3,AGC,SGK,SGK,SGK3
PKA,0.6225,50,KRSA,0.3753910323253389,2,AGC,PKA,PKA,PRKACA
PKA,0.6225,50,KRSA,0.3753910323253389,2,AGC,PKA,PKA,PRKACB
PKA,0.6225,50,KRSA,0.3753910323253389,2,AGC,PKA,PKA,PRKACG
PKA,0.6225,50,KRSA,0.3753910323253389,2,AGC,PKA,PKA,PRKX
PKA,0.6225,50,KRSA,0.3753910323253389,2,AGC,PKA,PKA,PRKY
CLK,-0.855,41,KRSA,0.4880083420229406,2,CMGC,CLK,CLK,CLK1
CLK,-0.855,41,KRSA,0.4880083420229406,2,CMGC,CLK,CLK,CLK2
CLK,-0.855,41,KRSA,0.4880083420229406,2,CMGC,CLK,CLK,CLK3
CLK,-0.855,41,KRSA,0.4880083420229406,2,CMGC,CLK,CLK,CLK4
LKB,-1.545,14,KRSA,0.8258602711157456,4,CAMK,CAMKL,LKB,STK11
NIK,-0.8575,39,KRSA,0.5130344108446299,3,STE,STE-UNIQUE,STE-UNIQUE,MAP3K14
CAMKK,-0.8458333333333333,43,KRSA,0.4629822732012513,2,OTHER,CAMKK,META,CAMKK1
CAMKK,-0.8458333333333333,43,KRSA,0.4629822732012513,2,OTHER,CAMKK,META,CAMKK2
BUD32,-0.8658333333333333,37,KRSA,0.5380604796663191,3,OTHER,BUD32,BUD32,TP53RK
ULK,-0.8608333333333333,38,KRSA,0.5255474452554745,3,OTHER,ULK,FUSED,STK36
ULK,-0.8608333333333333,38,KRSA,0.5255474452554745,3,OTHER,ULK,ULK,ULK1
ULK,-0.8608333333333333,38,KRSA,0.5255474452554745,3,OTHER,ULK,ULK,ULK2
ULK,-0.8608333333333333,38,KRSA,0.5255474452554745,3,OTHER,ULK,ULK,ULK3
ULK,-0.8608333333333333,38,KRSA,0.5255474452554745,3,OTHER,ULK,ULK,ULK4
MOS,-0.8491666666666666,42,KRSA,0.4754953076120959,2,OTHER,MOS,MOS,MOS
WNK,-0.8558333333333333,40,KRSA,0.5005213764337852,3,OTHER,WNK,WNK,WNK1
WNK,-0.8558333333333333,40,KRSA,0.5005213764337852,3,OTHER,WNK,WNK,WNK2
WNK,-0.8558333333333333,40,KRSA,0.5005213764337852,3,OTHER,WNK,WNK,WNK3
WNK,-0.8558333333333333,40,KRSA,0.5005213764337852,3,OTHER,WNK,WNK,WNK4
KHS,0.7716666666666667,45,KRSA,0.43795620437956206,2,STE,STE20,KHS,MAP4K1
KHS,0.7716666666666667,45,KRSA,0.43795620437956206,2,STE,STE20,KHS,MAP4K2
KHS,0.7716666666666667,45,KRSA,0.43795620437956206,2,STE,STE20,KHS,MAP4K3
KHS,0.7716666666666667,45,KRSA,0.43795620437956206,2,STE,STE20,KHS,MAP4K5
RAF,-1.0216666666666667,30,KRSA,0.6256517205422315,3,TKL,RAF,RAF,ARAF
RAF,-1.0216666666666667,30,KRSA,0.6256517205422315,3,TKL,RAF,RAF,BRAF
RAF,-1.0216666666666667,30,KRSA,0.6256517205422315,3,TKL,RAF,KSR,KSR1
RAF,-1.0216666666666667,30,KRSA,0.6256517205422315,3,TKL,RAF,KSR,KSR2
RAF,-1.0216666666666667,30,KRSA,0.6256517205422315,3,TKL,RAF,RAF,RAF1
TAO,0.73,48,KRSA,0.40041710114702816,2,STE,STE20,TAO,TAOK1
TAO,0.73,48,KRSA,0.40041710114702816,2,STE,STE20,TAO,TAOK2
TAO,0.73,48,KRSA,0.40041710114702816,2,STE,STE20,TAO,TAOK3
BRSK,0.7375,47,KRSA,0.4129301355578728,2,CAMK,CAMKL,BRSK,BRSK1
BRSK,0.7375,47,KRSA,0.4129301355578728,2,CAMK,CAMKL,BRSK,BRSK2
AUR,0.06249999999999999,78,KRSA,0.02502606882168926,1,OTHER,AUR,AUR,AURKA
AUR,0.06249999999999999,78,KRSA,0.02502606882168926,1,OTHER,AUR,AUR,AURKB
AUR,0.06249999999999999,78,KRSA,0.02502606882168926,1,OTHER,AUR,AUR,AURKC
PASK,0.9,35,KRSA,0.5630865484880083,3,CAMK,CAMKL,PASK,PASK
SLK,0.35583333333333333,57,KRSA,0.28779979144942647,2,STE,STE20,SLK,SLK
SLK,0.35583333333333333,57,KRSA,0.28779979144942647,2,STE,STE20,SLK,STK10
PKCD,0.2866666666666667,65,KRSA,0.18769551616266944,1,AGC,PKC,DELTA,PRKCD
PKCD,0.2866666666666667,65,KRSA,0.18769551616266944,1,AGC,PKC,DELTA,PRKCQ
RAD53,0.33166666666666667,60,KRSA,0.2502606882168926,2,CAMK,RAD53,RAD53,CHEK2
P38,-2.0500000000000003,11,KRSA,0.8633993743482794,4,CMGC,MAPK,P38,MAPK11
P38,-2.0500000000000003,11,KRSA,0.8633993743482794,4,CMGC,MAPK,P38,MAPK12
P38,-2.0500000000000003,11,KRSA,0.8633993743482794,4,CMGC,MAPK,P38,MAPK13
P38,-2.0500000000000003,11,KRSA,0.8633993743482794,4,CMGC,MAPK,P38,MAPK14
PDHK,-1.3808333333333334,18,KRSA,0.7758081334723671,4,ATYPICAL,PDHK,BCKDK,BCKDK
PDHK,-1.3808333333333334,18,KRSA,0.7758081334723671,4,ATYPICAL,PDHK,PDHK,PDK2
PDHK,-1.3808333333333334,18,KRSA,0.7758081334723671,4,ATYPICAL,PDHK,PDHK,PDK3
PDHK,-1.3808333333333334,18,KRSA,0.7758081334723671,4,ATYPICAL,PDHK,PDHK,PDK4
RSK,-0.4016666666666666,55,KRSA,0.31282586027111575,2,AGC,RSK,RSK,RPS6KA1
RSK,-0.4016666666666666,55,KRSA,0.31282586027111575,2,AGC,RSK,RSK,RPS6KA2
RSK,-0.4016666666666666,55,KRSA,0.31282586027111575,2,AGC,RSK,RSK,RPS6KA3
RSK,-0.4016666666666666,55,KRSA,0.31282586027111575,2,AGC,RSK,MSK,RPS6KA4
RSK,-0.4016666666666666,55,KRSA,0.31282586027111575,2,AGC,RSK,MSK,RPS6KA5
RSK,-0.4016666666666666,55,KRSA,0.31282586027111575,2,AGC,RSK,RSK,RPS6KA6
RSK,-0.4016666666666666,55,KRSA,0.31282586027111575,2,AGC,RSK,P70,RPS6KB1
RSK,-0.4016666666666666,55,KRSA,0.31282586027111575,2,AGC,RSK,P70,RPS6KB2
PIM,0.39,56,KRSA,0.30031282586027114,2,CAMK,PIM,PIM,PIM1
PIM,0.39,56,KRSA,0.30031282586027114,2,CAMK,PIM,PIM,PIM2
PIM,0.39,56,KRSA,0.30031282586027114,2,CAMK,PIM,PIM,PIM3
STE11,-0.9616666666666668,32,KRSA,0.6006256517205423,3,TKL,MLK,TAK1,MAP3K7
STE11,-0.9616666666666668,32,KRSA,0.6006256517205423,3,STE,STE11,MEKK1,MAP3K1
STE11,-0.9616666666666668,32,KRSA,0.6006256517205423,3,STE,STE11,ASK,MAP3K15
STE11,-0.9616666666666668,32,KRSA,0.6006256517205423,3,STE,STE11,MEKK2,MAP3K2
STE11,-0.9616666666666668,32,KRSA,0.6006256517205423,3,STE,STE11,MEKK2,MAP3K3
STE11,-0.9616666666666668,32,KRSA,0.6006256517205423,3,STE,STE11,MEKK4,MAP3K4
STE11,-0.9616666666666668,32,KRSA,0.6006256517205423,3,STE,STE11,ASK,MAP3K5
STE11,-0.9616666666666668,32,KRSA,0.6006256517205423,3,STE,STE11,ASK,MAP3K6
PRKDC,-1.0266666666666666,29,KRSA,0.6381647549530761,3,ATYPICAL,PIKK,DNAPK,PRKDC
GRK,-0.8391666666666666,44,KRSA,0.4504692387904067,2,AGC,GRK,GRK,GRK1
GRK,-0.8391666666666666,44,KRSA,0.4504692387904067,2,AGC,GRK,GRK,GRK4
GRK,-0.8391666666666666,44,KRSA,0.4504692387904067,2,AGC,GRK,GRK,GRK5
GRK,-0.8391666666666666,44,KRSA,0.4504692387904067,2,AGC,GRK,GRK,GRK6
GRK,-0.8391666666666666,44,KRSA,0.4504692387904067,2,AGC,GRK,GRK,GRK7
BARK2,0.02000000000000002,80,KRSA,0,1,AGC,GRK,BARK,GRK3
AMPK,0.9366666666666666,33,KRSA,0.5881126173096975,3,CAMK,CAMKL,AMPK,PRKAA1
AMPK,0.9366666666666666,33,KRSA,0.5881126173096975,3,CAMK,CAMKL,AMPK,PRKAA2
MELK,0.145,73,KRSA,0.08759124087591241,1,CAMK,CAMKL,MELK,MELK
AKT,-0.20333333333333337,68,KRSA,0.15015641293013557,1,AGC,AKT,AKT,AKT1
AKT,-0.20333333333333337,68,KRSA,0.15015641293013557,1,AGC,AKT,AKT,AKT2
AKT,-0.20333333333333337,68,KRSA,0.15015641293013557,1,AGC,AKT,AKT,AKT3
PKG,0.665,49,KRSA,0.38790406673618355,2,AGC,PKG,PKG,PRKG1
PKG,0.665,49,KRSA,0.38790406673618355,2,AGC,PKG,PKG,PRKG2
VRK1,-0.30833333333333335,63,KRSA,0.2127215849843587,1,CK1,VRK,VRK,VRK1
MLCK,0.1841666666666667,71,KRSA,0.11261730969760167,1,CAMK,MLCK,MLCK,MYLK
MLCK,0.1841666666666667,71,KRSA,0.11261730969760167,1,CAMK,MLCK,MLCK,MYLK2
MLCK,0.1841666666666667,71,KRSA,0.11261730969760167,1,CAMK,MLCK,MLCK,TTN
NDR,0.07416666666666666,77,KRSA,0.03753910323253389,1,AGC,NDR,NDR,LATS1
NDR,0.07416666666666666,77,KRSA,0.03753910323253389,1,AGC,NDR,NDR,LATS2
NDR,0.07416666666666666,77,KRSA,0.03753910323253389,1,AGC,NDR,NDR,STK38
NDR,0.07416666666666666,77,KRSA,0.03753910323253389,1,AGC,NDR,NDR,STK38L
STKR,-0.5766666666666667,52,KRSA,0.35036496350364965,2,TKL,STKR,TYPE1,ACVR1
STKR,-0.5766666666666667,52,KRSA,0.35036496350364965,2,TKL,STKR,TYPE1,ACVR1B
STKR,-0.5766666666666667,52,KRSA,0.35036496350364965,2,TKL,STKR,TYPE1,ACVR1C
STKR,-0.5766666666666667,52,KRSA,0.35036496350364965,2,TKL,STKR,TYPE2,ACVR2A
STKR,-0.5766666666666667,52,KRSA,0.35036496350364965,2,TKL,STKR,TYPE2,ACVR2B
STKR,-0.5766666666666667,52,KRSA,0.35036496350364965,2,TKL,STKR,TYPE1,ACVRL1
STKR,-0.5766666666666667,52,KRSA,0.35036496350364965,2,TKL,STKR,TYPE2,AMHR2
STKR,-0.5766666666666667,52,KRSA,0.35036496350364965,2,TKL,STKR,TYPE1,BMPR1A
STKR,-0.5766666666666667,52,KRSA,0.35036496350364965,2,TKL,STKR,TYPE1,BMPR1B
STKR,-0.5766666666666667,52,KRSA,0.35036496350364965,2,TKL,STKR,TYPE2,BMPR2
STKR,-0.5766666666666667,52,KRSA,0.35036496350364965,2,TKL,STKR,TYPE1,TGFBR1
STKR,-0.5766666666666667,52,KRSA,0.35036496350364965,2,TKL,STKR,TYPE2,TGFBR2
NEK,0.19,70,KRSA,0.1251303441084463,1,OTHER,NEK,NEK11,NEK11
NEK,0.19,70,KRSA,0.1251303441084463,1,OTHER,NEK,NEK2,NEK2
NEK,0.19,70,KRSA,0.1251303441084463,1,OTHER,NEK,NEK1,NEK3
NEK,0.19,70,KRSA,0.1251303441084463,1,OTHER,NEK,NEK4,NEK4
NEK,0.19,70,KRSA,0.1251303441084463,1,OTHER,NEK,NEK1,NEK5
NEK,0.19,70,KRSA,0.1251303441084463,1,OTHER,NEK,NEK6,NEK6
NEK,0.19,70,KRSA,0.1251303441084463,1,OTHER,NEK,NEK6,NEK7
NEK,0.19,70,KRSA,0.1251303441084463,1,OTHER,NEK,NEK8,NEK8
NEK,0.19,70,KRSA,0.1251303441084463,1,OTHER,NEK,NEK8,NEK9
DAPK,0.30583333333333335,64,KRSA,0.20020855057351408,1,CAMK,DAPK,DAPK,DAPK1
DAPK,0.30583333333333335,64,KRSA,0.20020855057351408,1,CAMK,DAPK,DAPK,DAPK2
DAPK,0.30583333333333335,64,KRSA,0.20020855057351408,1,CAMK,DAPK,DAPK,DAPK3
DAPK,0.30583333333333335,64,KRSA,0.20020855057351408,1,CAMK,DAPK,DRAK,STK17A
DAPK,0.30583333333333335,64,KRSA,0.20020855057351408,1,CAMK,DAPK,DRAK,STK17B
PKCI,0.5075000000000001,53,KRSA,0.337851929092805,2,AGC,PKC,IOTA,PRKCI
PKCI,0.5075000000000001,53,KRSA,0.337851929092805,2,AGC,PKC,IOTA,PRKCZ
RIPK,0.24416666666666667,67,KRSA,0.16266944734098018,1,TKL,RIPK,RIPK,ANKK1
RIPK,0.24416666666666667,67,KRSA,0.16266944734098018,1,TKL,RIPK,RIPK,RIPK1
RIPK,0.24416666666666667,67,KRSA,0.16266944734098018,1,TKL,RIPK,RIPK,RIPK2
RIPK,0.24416666666666667,67,KRSA,0.16266944734098018,1,TKL,RIPK,RIPK,RIPK3
RIPK,0.24416666666666667,67,KRSA,0.16266944734098018,1,TKL,RIPK,RIPK,RIPK4
MLK,-0.2033333333333333,69,KRSA,0.13764337851929093,1,TKL,MLK,ILK,ILK
MLK,-0.2033333333333333,69,KRSA,0.13764337851929093,1,TKL,MLK,MLK,MAP3K10
MLK,-0.2033333333333333,69,KRSA,0.13764337851929093,1,TKL,MLK,MLK,MAP3K11
MLK,-0.2033333333333333,69,KRSA,0.13764337851929093,1,TKL,MLK,LZK,MAP3K12
MLK,-0.2033333333333333,69,KRSA,0.13764337851929093,1,TKL,MLK,LZK,MAP3K13
MLK,-0.2033333333333333,69,KRSA,0.13764337851929093,1,TKL,MLK,MLK,MAP3K9
MLK,-0.2033333333333333,69,KRSA,0.13764337851929093,1,TKL,MLK,HH498,TNNI3K
PAKA,0.08333333333333334,76,KRSA,0.05005213764337852,1,STE,STE20,PAKA,PAK1
PAKA,0.08333333333333334,76,KRSA,0.05005213764337852,1,STE,STE20,PAKA,PAK2
PAKA,0.08333333333333334,76,KRSA,0.05005213764337852,1,STE,STE20,PAKA,PAK3
NAK,-0.345,59,KRSA,0.26277372262773724,2,OTHER,NAK,BIKE,AAK1
NAK,-0.345,59,KRSA,0.26277372262773724,2,OTHER,NAK,BIKE,BMP2K
NAK,-0.345,59,KRSA,0.26277372262773724,2,OTHER,NAK,GAK,GAK
NAK,-0.345,59,KRSA,0.26277372262773724,2,OTHER,NAK,MPSK,STK16
PAKB,0.16166666666666665,72,KRSA,0.10010427528675704,1,STE,STE20,PAKB,PAK4
PAKB,0.16166666666666665,72,KRSA,0.10010427528675704,1,STE,STE20,PAKB,PAK5
PAKB,0.16166666666666665,72,KRSA,0.10010427528675704,1,STE,STE20,PAKB,PAK6
MAPKAPK,0.10083333333333332,75,KRSA,0.06256517205422316,1,CAMK,MAPKAPK,MAPKAPK,MAPKAPK2
MAPKAPK,0.10083333333333332,75,KRSA,0.06256517205422316,1,CAMK,MAPKAPK,MAPKAPK,MAPKAPK3
MAPKAPK,0.10083333333333332,75,KRSA,0.06256517205422316,1,CAMK,MAPKAPK,MAPKAPK,MAPKAPK5
MAPKAPK,0.10083333333333332,75,KRSA,0.06256517205422316,1,CAMK,MAPKAPK,MNK,MKNK1
MAPKAPK,0.10083333333333332,75,KRSA,0.06256517205422316,1,CAMK,MAPKAPK,MNK,MKNK2
MSN,0.585,51,KRSA,0.36287799791449427,2,STE,STE20,MSN,MAP4K4
MSN,0.585,51,KRSA,0.36287799791449427,2,STE,STE20,MSN,NRK
MSN,0.585,51,KRSA,0.36287799791449427,2,STE,STE20,MSN,TNIK
PKN,-0.31916666666666665,61,KRSA,0.23774765380604795,1,AGC,PKN,PKN,PKN1
PKN,-0.31916666666666665,61,KRSA,0.23774765380604795,1,AGC,PKN,PKN,PKN2
PKN,-0.31916666666666665,61,KRSA,0.23774765380604795,1,AGC,PKN,PKN,PKN3
FRAY,-1.4925,16,KRSA,0.8008342022940563,4,STE,STE20,FRAY,OXSR1
FRAY,-1.4925,16,KRSA,0.8008342022940563,4,STE,STE20,FRAY,STK39
PKCA,-4.128333333333333,1,KRSA,0.9885297184567258,4,AGC,PKC,ALPHA,PRKCA
PKCA,-4.128333333333333,1,KRSA,0.9885297184567258,4,AGC,PKC,ALPHA,PRKCB
PKCA,-4.128333333333333,1,KRSA,0.9885297184567258,4,AGC,PKC,ALPHA,PRKCG
STE7,-2.408333333333333,10,KRSA,0.8759124087591241,4,STE,STE7,MEK1,MAP2K1
STE7,-2.408333333333333,10,KRSA,0.8759124087591241,4,STE,STE7,MEK1,MAP2K2
STE7,-2.408333333333333,10,KRSA,0.8759124087591241,4,STE,STE7,MEK3,MAP2K3
STE7,-2.408333333333333,10,KRSA,0.8759124087591241,4,STE,STE7,MEK4,MAP2K4
STE7,-2.408333333333333,10,KRSA,0.8759124087591241,4,STE,STE7,MEK5,MAP2K5
STE7,-2.408333333333333,10,KRSA,0.8759124087591241,4,STE,STE7,MEK3,MAP2K6
STE7,-2.408333333333333,10,KRSA,0.8759124087591241,4,STE,STE7,MEK7,MAP2K7
PLK,-3.0900000000000003,5,KRSA,0.9384775808133472,4,NA,NA,NA,PLK5
PLK,-3.0900000000000003,5,KRSA,0.9384775808133472,4,OTHER,PLK,PLK1,PLK1
PLK,-3.0900000000000003,5,KRSA,0.9384775808133472,4,OTHER,PLK,PLK2,PLK2
PLK,-3.0900000000000003,5,KRSA,0.9384775808133472,4,OTHER,PLK,PLK2,PLK3
PLK,-3.0900000000000003,5,KRSA,0.9384775808133472,4,OTHER,PLK,SAK,PLK4
PEK,-3.4016666666666664,3,KRSA,0.9635036496350365,4,OTHER,PEK,HRI,EIF2AK1
PEK,-3.4016666666666664,3,KRSA,0.9635036496350365,4,OTHER,PEK,PKR,EIF2AK2
PEK,-3.4016666666666664,3,KRSA,0.9635036496350365,4,OTHER,PEK,PEK,EIF2AK3
PEK,-3.4016666666666664,3,KRSA,0.9635036496350365,4,OTHER,PEK,GCN2,EIF2AK4
NMO,-2.4283333333333332,9,KRSA,0.8884254431699687,4,CMGC,MAPK,NMO,NLK
CDK,-4.099166666666667,2,KRSA,0.9760166840458812,4,CMGC,CDK,CDC2,CDK1
CDK,-4.099166666666667,2,KRSA,0.9760166840458812,4,CMGC,CDK,CDK10,CDK10
CDK,-4.099166666666667,2,KRSA,0.9760166840458812,4,CMGC,CDK,CRK7,CDK12
CDK,-4.099166666666667,2,KRSA,0.9760166840458812,4,CMGC,CDK,CRK7,CDK13
CDK,-4.099166666666667,2,KRSA,0.9760166840458812,4,CMGC,CDK,PFTAIRE,CDK14
CDK,-4.099166666666667,2,KRSA,0.9760166840458812,4,CMGC,CDK,PFTAIRE,CDK15
CDK,-4.099166666666667,2,KRSA,0.9760166840458812,4,CMGC,CDK,PCTAIRE,CDK16
CDK,-4.099166666666667,2,KRSA,0.9760166840458812,4,CMGC,CDK,PCTAIRE,CDK17
CDK,-4.099166666666667,2,KRSA,0.9760166840458812,4,CMGC,CDK,PCTAIRE,CDK18
CDK,-4.099166666666667,2,KRSA,0.9760166840458812,4,CMGC,CDK,CDK8,CDK19
CDK,-4.099166666666667,2,KRSA,0.9760166840458812,4,CMGC,CDK,CDC2,CDK2
CDK,-4.099166666666667,2,KRSA,0.9760166840458812,4,CMGC,CDK,CCRK,CDK20
CDK,-4.099166666666667,2,KRSA,0.9760166840458812,4,CMGC,CDK,CDC2,CDK3
CDK,-4.099166666666667,2,KRSA,0.9760166840458812,4,CMGC,CDK,CDK4,CDK4
CDK,-4.099166666666667,2,KRSA,0.9760166840458812,4,CMGC,CDK,CDK5,CDK5
CDK,-4.099166666666667,2,KRSA,0.9760166840458812,4,CMGC,CDK,CDK4,CDK6
CDK,-4.099166666666667,2,KRSA,0.9760166840458812,4,CMGC,CDK,CDK7,CDK7
CDK,-4.099166666666667,2,KRSA,0.9760166840458812,4,CMGC,CDK,CDK8,CDK8
CDK,-4.099166666666667,2,KRSA,0.9760166840458812,4,CMGC,CDK,CDK9,CDK9
CDK,-4.099166666666667,2,KRSA,0.9760166840458812,4,NA,NA,NA,CDK11A
CDK,-4.099166666666667,2,KRSA,0.9760166840458812,4,NA,NA,NA,CDK11B
PHK,-1.7991666666666666,12,KRSA,0.8508863399374348,4,CAMK,PHK,PHK,PHKG1
PHK,-1.7991666666666666,12,KRSA,0.8508863399374348,4,CAMK,PHK,PHK,PHKG2
PKCD,0.2866666666666667,65,KRSA,0.18769551616266944,1,AGC,PKC,DELTA,PRKCD
PKCD,0.2866666666666667,65,KRSA,0.18769551616266944,1,AGC,PKC,DELTA,PRKCQ
ATR,-0.9033333333333332,34,KRSA,0.5755995828988529,3,ATYPICAL,PIKK,ATR,ATR
CK1,-1.7291666666666663,13,KRSA,0.8383733055265902,4,CK1,CK1,CK1-A,CSNK1A1
CK1,-1.7291666666666663,13,KRSA,0.8383733055265902,4,CK1,CK1,CK1-A,CSNK1A1L
CK1,-1.7291666666666663,13,KRSA,0.8383733055265902,4,CK1,CK1,CK1-D,CSNK1D
CK1,-1.7291666666666663,13,KRSA,0.8383733055265902,4,CK1,CK1,CK1-D,CSNK1E
CK1,-1.7291666666666663,13,KRSA,0.8383733055265902,4,CK1,CK1,CK1-G,CSNK1G1
CK1,-1.7291666666666663,13,KRSA,0.8383733055265902,4,CK1,CK1,CK1-G,CSNK1G2
CK1,-1.7291666666666663,13,KRSA,0.8383733055265902,4,CK1,CK1,CK1-G,CSNK1G3
CK1,-1.7291666666666663,13,KRSA,0.8383733055265902,4,CK1,TTBK,TTBK,TTBK1
CK1,-1.7291666666666663,13,KRSA,0.8383733055265902,4,CK1,TTBK,TTBK,TTBK2
CK1,-1.7291666666666663,13,KRSA,0.8383733055265902,4,CK1,VRK,VRK,VRK3
NDR,0.07416666666666666,77,KRSA,0.03753910323253389,1,AGC,NDR,NDR,LATS1
NDR,0.07416666666666666,77,KRSA,0.03753910323253389,1,AGC,NDR,NDR,LATS2
NDR,0.07416666666666666,77,KRSA,0.03753910323253389,1,AGC,NDR,NDR,STK38
NDR,0.07416666666666666,77,KRSA,0.03753910323253389,1,AGC,NDR,NDR,STK38L
DYRK,-2.8766666666666665,6,KRSA,0.9259645464025026,4,CMGC,DYRK,DYRK1,DYRK1A
DYRK,-2.8766666666666665,6,KRSA,0.9259645464025026,4,CMGC,DYRK,DYRK1,DYRK1B
DYRK,-2.8766666666666665,6,KRSA,0.9259645464025026,4,CMGC,DYRK,DYRK2,DYRK2
DYRK,-2.8766666666666665,6,KRSA,0.9259645464025026,4,CMGC,DYRK,DYRK2,DYRK3
DYRK,-2.8766666666666665,6,KRSA,0.9259645464025026,4,CMGC,DYRK,DYRK2,DYRK4
DYRK,-2.8766666666666665,6,KRSA,0.9259645464025026,4,CMGC,DYRK,HIPK,HIPK1
DYRK,-2.8766666666666665,6,KRSA,0.9259645464025026,4,CMGC,DYRK,HIPK,HIPK2
DYRK,-2.8766666666666665,6,KRSA,0.9259645464025026,4,CMGC,DYRK,HIPK,HIPK3
DYRK,-2.8766666666666665,6,KRSA,0.9259645464025026,4,CMGC,DYRK,HIPK,HIPK4
DYRK,-2.8766666666666665,6,KRSA,0.9259645464025026,4,CMGC,DYRK,PRP4,PRPF4B
HAL,0.1225,74,KRSA,0.07507820646506778,1,RGC,RGC,RGC,NPR1
RSK,-0.4016666666666666,55,KRSA,0.31282586027111575,2,AGC,RSK,RSK,RPS6KA1
RSK,-0.4016666666666666,55,KRSA,0.31282586027111575,2,AGC,RSK,RSK,RPS6KA2
RSK,-0.4016666666666666,55,KRSA,0.31282586027111575,2,AGC,RSK,RSK,RPS6KA3
RSK,-0.4016666666666666,55,KRSA,0.31282586027111575,2,AGC,RSK,MSK,RPS6KA4
RSK,-0.4016666666666666,55,KRSA,0.31282586027111575,2,AGC,RSK,MSK,RPS6KA5
RSK,-0.4016666666666666,55,KRSA,0.31282586027111575,2,AGC,RSK,RSK,RPS6KA6
RSK,-0.4016666666666666,55,KRSA,0.31282586027111575,2,AGC,RSK,P70,RPS6KB1
RSK,-0.4016666666666666,55,KRSA,0.31282586027111575,2,AGC,RSK,P70,RPS6KB2
PAKA,0.08333333333333334,76,KRSA,0.05005213764337852,1,STE,STE20,PAKA,PAK1
PAKA,0.08333333333333334,76,KRSA,0.05005213764337852,1,STE,STE20,PAKA,PAK2
PAKA,0.08333333333333334,76,KRSA,0.05005213764337852,1,STE,STE20,PAKA,PAK3
PRKDC,-1.0266666666666666,29,KRSA,0.6381647549530761,3,ATYPICAL,PIKK,DNAPK,PRKDC
CK2,-1.221666666666667,22,KRSA,0.7257559958289885,3,CMGC,CK2,CK2,CSNK2A1
CK2,-1.221666666666667,22,KRSA,0.7257559958289885,3,CMGC,CK2,CK2,CSNK2A2
CK2,-1.221666666666667,22,KRSA,0.7257559958289885,3,NA,NA,NA,CSNK2A3
SGK,0.8883333333333333,36,KRSA,0.5505735140771637,3,AGC,SGK,SGK,SGK1
SGK,0.8883333333333333,36,KRSA,0.5505735140771637,3,AGC,SGK,SGK,SGK2
SGK,0.8883333333333333,36,KRSA,0.5505735140771637,3,AGC,SGK,SGK,SGK3
ATM,-1.2875,19,KRSA,0.7632950990615224,4,ATYPICAL,PIKK,ATM,ATM
DMPK,-1.1075,27,KRSA,0.6631908237747653,3,AGC,DMPK,GEK,CDC42BPA
DMPK,-1.1075,27,KRSA,0.6631908237747653,3,AGC,DMPK,GEK,CDC42BPB
DMPK,-1.1075,27,KRSA,0.6631908237747653,3,AGC,DMPK,GEK,CDC42BPG
DMPK,-1.1075,27,KRSA,0.6631908237747653,3,AGC,DMPK,CRIK,CIT
DMPK,-1.1075,27,KRSA,0.6631908237747653,3,AGC,DMPK,GEK,DMPK
DMPK,-1.1075,27,KRSA,0.6631908237747653,3,AGC,DMPK,ROCK,ROCK1
DMPK,-1.1075,27,KRSA,0.6631908237747653,3,AGC,DMPK,ROCK,ROCK2
LKB,-1.545,14,KRSA,0.8258602711157456,4,CAMK,CAMKL,LKB,STK11
CAMK2,-0.5050000000000001,54,KRSA,0.32533889468196037,2,CAMK,CAMK2,CAMK2,CAMK2A
CAMK2,-0.5050000000000001,54,KRSA,0.32533889468196037,2,CAMK,CAMK2,CAMK2,CAMK2B
CAMK2,-0.5050000000000001,54,KRSA,0.32533889468196037,2,CAMK,CAMK2,CAMK2,CAMK2D
CAMK2,-0.5050000000000001,54,KRSA,0.32533889468196037,2,CAMK,CAMK2,CAMK2,CAMK2G
IRAK,-0.9883333333333332,31,KRSA,0.6131386861313869,3,TKL,IRAK,IRAK,IRAK1
IRAK,-0.9883333333333332,31,KRSA,0.6131386861313869,3,TKL,IRAK,IRAK,IRAK2
IRAK,-0.9883333333333332,31,KRSA,0.6131386861313869,3,TKL,IRAK,IRAK,IRAK3
IRAK,-0.9883333333333332,31,KRSA,0.6131386861313869,3,TKL,IRAK,IRAK,IRAK4
PDK1,-2.6241666666666665,8,KRSA,0.9009384775808134,4,ATYPICAL,PDHK,PDHK,PDK1
PDK1,-2.6241666666666665,8,KRSA,0.9009384775808134,4,AGC,PDK1,PDK1,PDPK1
MTOR,-1.4466666666666663,17,KRSA,0.7883211678832117,4,ATYPICAL,PIKK,FRAP,MTOR
MST,-0.3541666666666667,58,KRSA,0.27528675703858185,2,STE,STE20,MST,STK3
MST,-0.3541666666666667,58,KRSA,0.27528675703858185,2,STE,STE20,MST,STK4
PKCH,0.05416666666666673,79,KRSA,0.01251303441084463,1,AGC,PKC,ETA,PRKCE
PKCH,0.05416666666666673,79,KRSA,0.01251303441084463,1,AGC,PKC,ETA,PRKCH
TAO,0.73,48,KRSA,0.40041710114702816,2,STE,STE20,TAO,TAOK1
TAO,0.73,48,KRSA,0.40041710114702816,2,STE,STE20,TAO,TAOK2
TAO,0.73,48,KRSA,0.40041710114702816,2,STE,STE20,TAO,TAOK3
BRSK,0.7375,47,KRSA,0.4129301355578728,2,CAMK,CAMKL,BRSK,BRSK1
BRSK,0.7375,47,KRSA,0.4129301355578728,2,CAMK,CAMKL,BRSK,BRSK2
PDHK,-1.3808333333333334,18,KRSA,0.7758081334723671,4,ATYPICAL,PDHK,BCKDK,BCKDK
PDHK,-1.3808333333333334,18,KRSA,0.7758081334723671,4,ATYPICAL,PDHK,PDHK,PDK2
PDHK,-1.3808333333333334,18,KRSA,0.7758081334723671,4,ATYPICAL,PDHK,PDHK,PDK3
PDHK,-1.3808333333333334,18,KRSA,0.7758081334723671,4,ATYPICAL,PDHK,PDHK,PDK4
SLK,0.35583333333333333,57,KRSA,0.28779979144942647,2,STE,STE20,SLK,SLK
SLK,0.35583333333333333,57,KRSA,0.28779979144942647,2,STE,STE20,SLK,STK10
ERK,-3.183333333333333,4,KRSA,0.9509906152241918,4,CMGC,MAPK,ERK1,MAPK1
ERK,-3.183333333333333,4,KRSA,0.9509906152241918,4,CMGC,MAPK,ERK7,MAPK15
ERK,-3.183333333333333,4,KRSA,0.9509906152241918,4,CMGC,MAPK,ERK1,MAPK3
ERK,-3.183333333333333,4,KRSA,0.9509906152241918,4,CMGC,MAPK,ERK3,MAPK4
ERK,-3.183333333333333,4,KRSA,0.9509906152241918,4,CMGC,MAPK,ERK3,MAPK6
ERK,-3.183333333333333,4,KRSA,0.9509906152241918,4,CMGC,MAPK,ERK5,MAPK7
KHS,0.7716666666666667,45,KRSA,0.43795620437956206,2,STE,STE20,KHS,MAP4K1
KHS,0.7716666666666667,45,KRSA,0.43795620437956206,2,STE,STE20,KHS,MAP4K2
KHS,0.7716666666666667,45,KRSA,0.43795620437956206,2,STE,STE20,KHS,MAP4K3
KHS,0.7716666666666667,45,KRSA,0.43795620437956206,2,STE,STE20,KHS,MAP4K5
TTK,-1.215833333333333,23,KRSA,0.7132429614181439,3,OTHER,TTK,TTK,TTK
PASK,0.9,35,KRSA,0.5630865484880083,3,CAMK,CAMKL,PASK,PASK
NEK,0.19,70,KRSA,0.1251303441084463,1,OTHER,NEK,NEK11,NEK11
NEK,0.19,70,KRSA,0.1251303441084463,1,OTHER,NEK,NEK2,NEK2
NEK,0.19,70,KRSA,0.1251303441084463,1,OTHER,NEK,NEK1,NEK3
NEK,0.19,70,KRSA,0.1251303441084463,1,OTHER,NEK,NEK4,NEK4
NEK,0.19,70,KRSA,0.1251303441084463,1,OTHER,NEK,NEK1,NEK5
NEK,0.19,70,KRSA,0.1251303441084463,1,OTHER,NEK,NEK6,NEK6
NEK,0.19,70,KRSA,0.1251303441084463,1,OTHER,NEK,NEK6,NEK7
NEK,0.19,70,KRSA,0.1251303441084463,1,OTHER,NEK,NEK8,NEK8
NEK,0.19,70,KRSA,0.1251303441084463,1,OTHER,NEK,NEK8,NEK9
TLK,-1.211666666666667,24,KRSA,0.7007299270072993,3,OTHER,TLK,TLK,TLK1
TLK,-1.211666666666667,24,KRSA,0.7007299270072993,3,OTHER,TLK,TLK,TLK2
JNK,-2.6275,7,KRSA,0.913451511991658,4,CMGC,MAPK,JNK,MAPK10
JNK,-2.6275,7,KRSA,0.913451511991658,4,CMGC,MAPK,JNK,MAPK8
JNK,-2.6275,7,KRSA,0.913451511991658,4,CMGC,MAPK,JNK,MAPK9
NUAK,-1.1833333333333331,25,KRSA,0.6882168925964547,3,CAMK,CAMKL,NUAK,NUAK1
NUAK,-1.1833333333333331,25,KRSA,0.6882168925964547,3,CAMK,CAMKL,NUAK,NUAK2
RAF,-1.0216666666666667,30,KRSA,0.6256517205422315,3,TKL,RAF,RAF,ARAF
RAF,-1.0216666666666667,30,KRSA,0.6256517205422315,3,TKL,RAF,RAF,BRAF
RAF,-1.0216666666666667,30,KRSA,0.6256517205422315,3,TKL,RAF,KSR,KSR1
RAF,-1.0216666666666667,30,KRSA,0.6256517205422315,3,TKL,RAF,KSR,KSR2
RAF,-1.0216666666666667,30,KRSA,0.6256517205422315,3,TKL,RAF,RAF,RAF1
COT,0.2716666666666667,66,KRSA,0.17518248175182483,1,STE,STE-UNIQUE,STE-UNIQUE,MAP3K8
MLCK,0.1841666666666667,71,KRSA,0.11261730969760167,1,CAMK,MLCK,MLCK,MYLK
MLCK,0.1841666666666667,71,KRSA,0.11261730969760167,1,CAMK,MLCK,MLCK,MYLK2
MLCK,0.1841666666666667,71,KRSA,0.11261730969760167,1,CAMK,MLCK,MLCK,TTN
AUR,0.06249999999999999,78,KRSA,0.02502606882168926,1,OTHER,AUR,AUR,AURKA
AUR,0.06249999999999999,78,KRSA,0.02502606882168926,1,OTHER,AUR,AUR,AURKB
AUR,0.06249999999999999,78,KRSA,0.02502606882168926,1,OTHER,AUR,AUR,AURKC
CLK,-0.855,41,KRSA,0.4880083420229406,2,CMGC,CLK,CLK,CLK1
CLK,-0.855,41,KRSA,0.4880083420229406,2,CMGC,CLK,CLK,CLK2
CLK,-0.855,41,KRSA,0.4880083420229406,2,CMGC,CLK,CLK,CLK3
CLK,-0.855,41,KRSA,0.4880083420229406,2,CMGC,CLK,CLK,CLK4
CAMKK,-0.8458333333333333,43,KRSA,0.4629822732012513,2,OTHER,CAMKK,META,CAMKK1
CAMKK,-0.8458333333333333,43,KRSA,0.4629822732012513,2,OTHER,CAMKK,META,CAMKK2
NIK,-0.8575,39,KRSA,0.5130344108446299,3,STE,STE-UNIQUE,STE-UNIQUE,MAP3K14
WNK,-0.8558333333333333,40,KRSA,0.5005213764337852,3,OTHER,WNK,WNK,WNK1
WNK,-0.8558333333333333,40,KRSA,0.5005213764337852,3,OTHER,WNK,WNK,WNK2
WNK,-0.8558333333333333,40,KRSA,0.5005213764337852,3,OTHER,WNK,WNK,WNK3
WNK,-0.8558333333333333,40,KRSA,0.5005213764337852,3,OTHER,WNK,WNK,WNK4
BUD32,-0.8658333333333333,37,KRSA,0.5380604796663191,3,OTHER,BUD32,BUD32,TP53RK
ULK,-0.8608333333333333,38,KRSA,0.5255474452554745,3,OTHER,ULK,FUSED,STK36
ULK,-0.8608333333333333,38,KRSA,0.5255474452554745,3,OTHER,ULK,ULK,ULK1
ULK,-0.8608333333333333,38,KRSA,0.5255474452554745,3,OTHER,ULK,ULK,ULK2
ULK,-0.8608333333333333,38,KRSA,0.5255474452554745,3,OTHER,ULK,ULK,ULK3
ULK,-0.8608333333333333,38,KRSA,0.5255474452554745,3,OTHER,ULK,ULK,ULK4
CAMK1,1.0666666666666669,28,KRSA,0.6506777893639207,3,CAMK,CAMK1,CAMK1,CAMK1
CAMK1,1.0666666666666669,28,KRSA,0.6506777893639207,3,CAMK,CAMK1,CAMK1,CAMK1D
CAMK1,1.0666666666666669,28,KRSA,0.6506777893639207,3,CAMK,CAMK1,CAMK1,CAMK1G
CAMK1,1.0666666666666669,28,KRSA,0.6506777893639207,3,CAMK,CAMK1,CAMK1,CAMK4
CAMK1,1.0666666666666669,28,KRSA,0.6506777893639207,3,CAMK,CAMK1,CAMK1,PNCK
MOS,-0.8491666666666666,42,KRSA,0.4754953076120959,2,OTHER,MOS,MOS,MOS
PKD,-0.31750000000000006,62,KRSA,0.22523461939520334,1,CAMK,PKD,PKD,PRKD1
PKD,-0.31750000000000006,62,KRSA,0.22523461939520334,1,CAMK,PKD,PKD,PRKD2
PKD,-0.31750000000000006,62,KRSA,0.22523461939520334,1,CAMK,PKD,PKD,PRKD3
PIM,0.39,56,KRSA,0.30031282586027114,2,CAMK,PIM,PIM,PIM1
PIM,0.39,56,KRSA,0.30031282586027114,2,CAMK,PIM,PIM,PIM2
PIM,0.39,56,KRSA,0.30031282586027114,2,CAMK,PIM,PIM,PIM3
DAPK,0.30583333333333335,64,KRSA,0.20020855057351408,1,CAMK,DAPK,DAPK,DAPK1
DAPK,0.30583333333333335,64,KRSA,0.20020855057351408,1,CAMK,DAPK,DAPK,DAPK2
DAPK,0.30583333333333335,64,KRSA,0.20020855057351408,1,CAMK,DAPK,DAPK,DAPK3
DAPK,0.30583333333333335,64,KRSA,0.20020855057351408,1,CAMK,DAPK,DRAK,STK17A
DAPK,0.30583333333333335,64,KRSA,0.20020855057351408,1,CAMK,DAPK,DRAK,STK17B
QIK,-1.5158333333333334,15,KRSA,0.8133472367049009,4,CAMK,CAMKL,QIK,SIK1
QIK,-1.5158333333333334,15,KRSA,0.8133472367049009,4,CAMK,CAMKL,QIK,SIK2
AMPK,0.9366666666666666,33,KRSA,0.5881126173096975,3,CAMK,CAMKL,AMPK,PRKAA1
AMPK,0.9366666666666666,33,KRSA,0.5881126173096975,3,CAMK,CAMKL,AMPK,PRKAA2
GSK,-1.2241666666666666,21,KRSA,0.7382690302398331,3,CMGC,GSK,GSK,GSK3A
GSK,-1.2241666666666666,21,KRSA,0.7382690302398331,3,CMGC,GSK,GSK,GSK3B
STE11,-0.9616666666666668,32,KRSA,0.6006256517205423,3,TKL,MLK,TAK1,MAP3K7
STE11,-0.9616666666666668,32,KRSA,0.6006256517205423,3,STE,STE11,MEKK1,MAP3K1
STE11,-0.9616666666666668,32,KRSA,0.6006256517205423,3,STE,STE11,ASK,MAP3K15
STE11,-0.9616666666666668,32,KRSA,0.6006256517205423,3,STE,STE11,MEKK2,MAP3K2
STE11,-0.9616666666666668,32,KRSA,0.6006256517205423,3,STE,STE11,MEKK2,MAP3K3
STE11,-0.9616666666666668,32,KRSA,0.6006256517205423,3,STE,STE11,MEKK4,MAP3K4
STE11,-0.9616666666666668,32,KRSA,0.6006256517205423,3,STE,STE11,ASK,MAP3K5
STE11,-0.9616666666666668,32,KRSA,0.6006256517205423,3,STE,STE11,ASK,MAP3K6
P38,-2.0500000000000003,11,KRSA,0.8633993743482794,4,CMGC,MAPK,P38,MAPK11
P38,-2.0500000000000003,11,KRSA,0.8633993743482794,4,CMGC,MAPK,P38,MAPK12
P38,-2.0500000000000003,11,KRSA,0.8633993743482794,4,CMGC,MAPK,P38,MAPK13
P38,-2.0500000000000003,11,KRSA,0.8633993743482794,4,CMGC,MAPK,P38,MAPK14
MLK,-0.2033333333333333,69,KRSA,0.13764337851929093,1,TKL,MLK,ILK,ILK
MLK,-0.2033333333333333,69,KRSA,0.13764337851929093,1,TKL,MLK,MLK,MAP3K10
MLK,-0.2033333333333333,69,KRSA,0.13764337851929093,1,TKL,MLK,MLK,MAP3K11
MLK,-0.2033333333333333,69,KRSA,0.13764337851929093,1,TKL,MLK,LZK,MAP3K12
MLK,-0.2033333333333333,69,KRSA,0.13764337851929093,1,TKL,MLK,LZK,MAP3K13
MLK,-0.2033333333333333,69,KRSA,0.13764337851929093,1,TKL,MLK,MLK,MAP3K9
MLK,-0.2033333333333333,69,KRSA,0.13764337851929093,1,TKL,MLK,HH498,TNNI3K
CHK1,0.77,46,KRSA,0.4254431699687174,2,CAMK,CAMKL,CHK1,CHEK1
MELK,0.145,73,KRSA,0.08759124087591241,1,CAMK,CAMKL,MELK,MELK
GRK,-0.8391666666666666,44,KRSA,0.4504692387904067,2,AGC,GRK,GRK,GRK1
GRK,-0.8391666666666666,44,KRSA,0.4504692387904067,2,AGC,GRK,GRK,GRK4
GRK,-0.8391666666666666,44,KRSA,0.4504692387904067,2,AGC,GRK,GRK,GRK5
GRK,-0.8391666666666666,44,KRSA,0.4504692387904067,2,AGC,GRK,GRK,GRK6
GRK,-0.8391666666666666,44,KRSA,0.4504692387904067,2,AGC,GRK,GRK,GRK7
RAD53,0.33166666666666667,60,KRSA,0.2502606882168926,2,CAMK,RAD53,RAD53,CHEK2
MSN,0.585,51,KRSA,0.36287799791449427,2,STE,STE20,MSN,MAP4K4
MSN,0.585,51,KRSA,0.36287799791449427,2,STE,STE20,MSN,NRK
MSN,0.585,51,KRSA,0.36287799791449427,2,STE,STE20,MSN,TNIK
PKA,0.6225,50,KRSA,0.3753910323253389,2,AGC,PKA,PKA,PRKACA
PKA,0.6225,50,KRSA,0.3753910323253389,2,AGC,PKA,PKA,PRKACB
PKA,0.6225,50,KRSA,0.3753910323253389,2,AGC,PKA,PKA,PRKACG
PKA,0.6225,50,KRSA,0.3753910323253389,2,AGC,PKA,PKA,PRKX
PKA,0.6225,50,KRSA,0.3753910323253389,2,AGC,PKA,PKA,PRKY
RIPK,0.24416666666666667,67,KRSA,0.16266944734098018,1,TKL,RIPK,RIPK,ANKK1
RIPK,0.24416666666666667,67,KRSA,0.16266944734098018,1,TKL,RIPK,RIPK,RIPK1
RIPK,0.24416666666666667,67,KRSA,0.16266944734098018,1,TKL,RIPK,RIPK,RIPK2
RIPK,0.24416666666666667,67,KRSA,0.16266944734098018,1,TKL,RIPK,RIPK,RIPK3
RIPK,0.24416666666666667,67,KRSA,0.16266944734098018,1,TKL,RIPK,RIPK,RIPK4
IKK,-1.1525,26,KRSA,0.67570385818561,3,OTHER,IKK,IKK,CHUK
IKK,-1.1525,26,KRSA,0.67570385818561,3,OTHER,IKK,IKK,IKBKB
IKK,-1.1525,26,KRSA,0.67570385818561,3,OTHER,IKK,IKK,IKBKE
IKK,-1.1525,26,KRSA,0.67570385818561,3,OTHER,IKK,IKK,TBK1
AKT,-0.20333333333333337,68,KRSA,0.15015641293013557,1,AGC,AKT,AKT,AKT1
AKT,-0.20333333333333337,68,KRSA,0.15015641293013557,1,AGC,AKT,AKT,AKT2
AKT,-0.20333333333333337,68,KRSA,0.15015641293013557,1,AGC,AKT,AKT,AKT3
PKG,0.665,49,KRSA,0.38790406673618355,2,AGC,PKG,PKG,PRKG1
PKG,0.665,49,KRSA,0.38790406673618355,2,AGC,PKG,PKG,PRKG2
NAK,-0.345,59,KRSA,0.26277372262773724,2,OTHER,NAK,BIKE,AAK1
NAK,-0.345,59,KRSA,0.26277372262773724,2,OTHER,NAK,BIKE,BMP2K
NAK,-0.345,59,KRSA,0.26277372262773724,2,OTHER,NAK,GAK,GAK
NAK,-0.345,59,KRSA,0.26277372262773724,2,OTHER,NAK,MPSK,STK16
PAKB,0.16166666666666665,72,KRSA,0.10010427528675704,1,STE,STE20,PAKB,PAK4
PAKB,0.16166666666666665,72,KRSA,0.10010427528675704,1,STE,STE20,PAKB,PAK5
PAKB,0.16166666666666665,72,KRSA,0.10010427528675704,1,STE,STE20,PAKB,PAK6
PKN,-0.31916666666666665,61,KRSA,0.23774765380604795,1,AGC,PKN,PKN,PKN1
PKN,-0.31916666666666665,61,KRSA,0.23774765380604795,1,AGC,PKN,PKN,PKN2
PKN,-0.31916666666666665,61,KRSA,0.23774765380604795,1,AGC,PKN,PKN,PKN3
PKCI,0.5075000000000001,53,KRSA,0.337851929092805,2,AGC,PKC,IOTA,PRKCI
PKCI,0.5075000000000001,53,KRSA,0.337851929092805,2,AGC,PKC,IOTA,PRKCZ
BARK2,0.02000000000000002,80,KRSA,0,1,AGC,GRK,BARK,GRK3
MAPKAPK,0.10083333333333332,75,KRSA,0.06256517205422316,1,CAMK,MAPKAPK,MAPKAPK,MAPKAPK2
MAPKAPK,0.10083333333333332,75,KRSA,0.06256517205422316,1,CAMK,MAPKAPK,MAPKAPK,MAPKAPK3
MAPKAPK,0.10083333333333332,75,KRSA,0.06256517205422316,1,CAMK,MAPKAPK,MAPKAPK,MAPKAPK5
MAPKAPK,0.10083333333333332,75,KRSA,0.06256517205422316,1,CAMK,MAPKAPK,MNK,MKNK1
MAPKAPK,0.10083333333333332,75,KRSA,0.06256517205422316,1,CAMK,MAPKAPK,MNK,MKNK2
STKR,-0.5766666666666667,52,KRSA,0.35036496350364965,2,TKL,STKR,TYPE1,ACVR1
STKR,-0.5766666666666667,52,KRSA,0.35036496350364965,2,TKL,STKR,TYPE1,ACVR1B
STKR,-0.5766666666666667,52,KRSA,0.35036496350364965,2,TKL,STKR,TYPE1,ACVR1C
STKR,-0.5766666666666667,52,KRSA,0.35036496350364965,2,TKL,STKR,TYPE2,ACVR2A
STKR,-0.5766666666666667,52,KRSA,0.35036496350364965,2,TKL,STKR,TYPE2,ACVR2B
STKR,-0.5766666666666667,52,KRSA,0.35036496350364965,2,TKL,STKR,TYPE1,ACVRL1
STKR,-0.5766666666666667,52,KRSA,0.35036496350364965,2,TKL,STKR,TYPE2,AMHR2
STKR,-0.5766666666666667,52,KRSA,0.35036496350364965,2,TKL,STKR,TYPE1,BMPR1A
STKR,-0.5766666666666667,52,KRSA,0.35036496350364965,2,TKL,STKR,TYPE1,BMPR1B
STKR,-0.5766666666666667,52,KRSA,0.35036496350364965,2,TKL,STKR,TYPE2,BMPR2
STKR,-0.5766666666666667,52,KRSA,0.35036496350364965,2,TKL,STKR,TYPE1,TGFBR1
STKR,-0.5766666666666667,52,KRSA,0.35036496350364965,2,TKL,STKR,TYPE2,TGFBR2
VRK1,-0.30833333333333335,63,KRSA,0.2127215849843587,1,CK1,VRK,VRK,VRK1
CDK,-4.099166666666667,2,KRSA,0.9760166840458812,4,CMGC,CDK,CDC2,CDK1
CDK,-4.099166666666667,2,KRSA,0.9760166840458812,4,CMGC,CDK,CDK10,CDK10
CDK,-4.099166666666667,2,KRSA,0.9760166840458812,4,CMGC,CDK,CRK7,CDK12
CDK,-4.099166666666667,2,KRSA,0.9760166840458812,4,CMGC,CDK,CRK7,CDK13
CDK,-4.099166666666667,2,KRSA,0.9760166840458812,4,CMGC,CDK,PFTAIRE,CDK14
CDK,-4.099166666666667,2,KRSA,0.9760166840458812,4,CMGC,CDK,PFTAIRE,CDK15
CDK,-4.099166666666667,2,KRSA,0.9760166840458812,4,CMGC,CDK,PCTAIRE,CDK16
CDK,-4.099166666666667,2,KRSA,0.9760166840458812,4,CMGC,CDK,PCTAIRE,CDK17
CDK,-4.099166666666667,2,KRSA,0.9760166840458812,4,CMGC,CDK,PCTAIRE,CDK18
CDK,-4.099166666666667,2,KRSA,0.9760166840458812,4,CMGC,CDK,CDK8,CDK19
CDK,-4.099166666666667,2,KRSA,0.9760166840458812,4,CMGC,CDK,CDC2,CDK2
CDK,-4.099166666666667,2,KRSA,0.9760166840458812,4,CMGC,CDK,CCRK,CDK20
CDK,-4.099166666666667,2,KRSA,0.9760166840458812,4,CMGC,CDK,CDC2,CDK3
CDK,-4.099166666666667,2,KRSA,0.9760166840458812,4,CMGC,CDK,CDK4,CDK4
CDK,-4.099166666666667,2,KRSA,0.9760166840458812,4,CMGC,CDK,CDK5,CDK5
CDK,-4.099166666666667,2,KRSA,0.9760166840458812,4,CMGC,CDK,CDK4,CDK6
CDK,-4.099166666666667,2,KRSA,0.9760166840458812,4,CMGC,CDK,CDK7,CDK7
CDK,-4.099166666666667,2,KRSA,0.9760166840458812,4,CMGC,CDK,CDK8,CDK8
CDK,-4.099166666666667,2,KRSA,0.9760166840458812,4,CMGC,CDK,CDK9,CDK9
CDK,-4.099166666666667,2,KRSA,0.9760166840458812,4,NA,NA,NA,CDK11A
CDK,-4.099166666666667,2,KRSA,0.9760166840458812,4,NA,NA,NA,CDK11B
ERK,-3.183333333333333,4,KRSA,0.9509906152241918,4,CMGC,MAPK,ERK1,MAPK1
ERK,-3.183333333333333,4,KRSA,0.9509906152241918,4,CMGC,MAPK,ERK7,MAPK15
ERK,-3.183333333333333,4,KRSA,0.9509906152241918,4,CMGC,MAPK,ERK1,MAPK3
ERK,-3.183333333333333,4,KRSA,0.9509906152241918,4,CMGC,MAPK,ERK3,MAPK4
ERK,-3.183333333333333,4,KRSA,0.9509906152241918,4,CMGC,MAPK,ERK3,MAPK6
ERK,-3.183333333333333,4,KRSA,0.9509906152241918,4,CMGC,MAPK,ERK5,MAPK7
DYRK,-2.8766666666666665,6,KRSA,0.9259645464025026,4,CMGC,DYRK,DYRK1,DYRK1A
DYRK,-2.8766666666666665,6,KRSA,0.9259645464025026,4,CMGC,DYRK,DYRK1,DYRK1B
DYRK,-2.8766666666666665,6,KRSA,0.9259645464025026,4,CMGC,DYRK,DYRK2,DYRK2
DYRK,-2.8766666666666665,6,KRSA,0.9259645464025026,4,CMGC,DYRK,DYRK2,DYRK3
DYRK,-2.8766666666666665,6,KRSA,0.9259645464025026,4,CMGC,DYRK,DYRK2,DYRK4
DYRK,-2.8766666666666665,6,KRSA,0.9259645464025026,4,CMGC,DYRK,HIPK,HIPK1
DYRK,-2.8766666666666665,6,KRSA,0.9259645464025026,4,CMGC,DYRK,HIPK,HIPK2
DYRK,-2.8766666666666665,6,KRSA,0.9259645464025026,4,CMGC,DYRK,HIPK,HIPK3
DYRK,-2.8766666666666665,6,KRSA,0.9259645464025026,4,CMGC,DYRK,HIPK,HIPK4
DYRK,-2.8766666666666665,6,KRSA,0.9259645464025026,4,CMGC,DYRK,PRP4,PRPF4B
PDK1,-2.6241666666666665,8,KRSA,0.9009384775808134,4,ATYPICAL,PDHK,PDHK,PDK1
PDK1,-2.6241666666666665,8,KRSA,0.9009384775808134,4,AGC,PDK1,PDK1,PDPK1
PKCA,-4.128333333333333,1,KRSA,0.9885297184567258,4,AGC,PKC,ALPHA,PRKCA
PKCA,-4.128333333333333,1,KRSA,0.9885297184567258,4,AGC,PKC,ALPHA,PRKCB
PKCA,-4.128333333333333,1,KRSA,0.9885297184567258,4,AGC,PKC,ALPHA,PRKCG
JNK,-2.6275,7,KRSA,0.913451511991658,4,CMGC,MAPK,JNK,MAPK10
JNK,-2.6275,7,KRSA,0.913451511991658,4,CMGC,MAPK,JNK,MAPK8
JNK,-2.6275,7,KRSA,0.913451511991658,4,CMGC,MAPK,JNK,MAPK9
P38,-2.0500000000000003,11,KRSA,0.8633993743482794,4,CMGC,MAPK,P38,MAPK11
P38,-2.0500000000000003,11,KRSA,0.8633993743482794,4,CMGC,MAPK,P38,MAPK12
P38,-2.0500000000000003,11,KRSA,0.8633993743482794,4,CMGC,MAPK,P38,MAPK13
P38,-2.0500000000000003,11,KRSA,0.8633993743482794,4,CMGC,MAPK,P38,MAPK14
PEK,-3.4016666666666664,3,KRSA,0.9635036496350365,4,OTHER,PEK,HRI,EIF2AK1
PEK,-3.4016666666666664,3,KRSA,0.9635036496350365,4,OTHER,PEK,PKR,EIF2AK2
PEK,-3.4016666666666664,3,KRSA,0.9635036496350365,4,OTHER,PEK,PEK,EIF2AK3
PEK,-3.4016666666666664,3,KRSA,0.9635036496350365,4,OTHER,PEK,GCN2,EIF2AK4
PLK,-3.0900000000000003,5,KRSA,0.9384775808133472,4,NA,NA,NA,PLK5
PLK,-3.0900000000000003,5,KRSA,0.9384775808133472,4,OTHER,PLK,PLK1,PLK1
PLK,-3.0900000000000003,5,KRSA,0.9384775808133472,4,OTHER,PLK,PLK2,PLK2
PLK,-3.0900000000000003,5,KRSA,0.9384775808133472,4,OTHER,PLK,PLK2,PLK3
PLK,-3.0900000000000003,5,KRSA,0.9384775808133472,4,OTHER,PLK,SAK,PLK4
STE7,-2.408333333333333,10,KRSA,0.8759124087591241,4,STE,STE7,MEK1,MAP2K1
STE7,-2.408333333333333,10,KRSA,0.8759124087591241,4,STE,STE7,MEK1,MAP2K2
STE7,-2.408333333333333,10,KRSA,0.8759124087591241,4,STE,STE7,MEK3,MAP2K3
STE7,-2.408333333333333,10,KRSA,0.8759124087591241,4,STE,STE7,MEK4,MAP2K4
STE7,-2.408333333333333,10,KRSA,0.8759124087591241,4,STE,STE7,MEK5,MAP2K5
STE7,-2.408333333333333,10,KRSA,0.8759124087591241,4,STE,STE7,MEK3,MAP2K6
STE7,-2.408333333333333,10,KRSA,0.8759124087591241,4,STE,STE7,MEK7,MAP2K7
NMO,-2.4283333333333332,9,KRSA,0.8884254431699687,4,CMGC,MAPK,NMO,NLK
LKB,-1.545,14,KRSA,0.8258602711157456,4,CAMK,CAMKL,LKB,STK11
GSK,-1.2241666666666666,21,KRSA,0.7382690302398331,3,CMGC,GSK,GSK,GSK3A
GSK,-1.2241666666666666,21,KRSA,0.7382690302398331,3,CMGC,GSK,GSK,GSK3B
MTOR,-1.4466666666666663,17,KRSA,0.7883211678832117,4,ATYPICAL,PIKK,FRAP,MTOR
FRAY,-1.4925,16,KRSA,0.8008342022940563,4,STE,STE20,FRAY,OXSR1
FRAY,-1.4925,16,KRSA,0.8008342022940563,4,STE,STE20,FRAY,STK39
QIK,-1.5158333333333334,15,KRSA,0.8133472367049009,4,CAMK,CAMKL,QIK,SIK1
QIK,-1.5158333333333334,15,KRSA,0.8133472367049009,4,CAMK,CAMKL,QIK,SIK2
MLCK,0.1841666666666667,71,KRSA,0.11261730969760167,1,CAMK,MLCK,MLCK,MYLK
MLCK,0.1841666666666667,71,KRSA,0.11261730969760167,1,CAMK,MLCK,MLCK,MYLK2
MLCK,0.1841666666666667,71,KRSA,0.11261730969760167,1,CAMK,MLCK,MLCK,TTN
CK1,-1.7291666666666663,13,KRSA,0.8383733055265902,4,CK1,CK1,CK1-A,CSNK1A1
CK1,-1.7291666666666663,13,KRSA,0.8383733055265902,4,CK1,CK1,CK1-A,CSNK1A1L
CK1,-1.7291666666666663,13,KRSA,0.8383733055265902,4,CK1,CK1,CK1-D,CSNK1D
CK1,-1.7291666666666663,13,KRSA,0.8383733055265902,4,CK1,CK1,CK1-D,CSNK1E
CK1,-1.7291666666666663,13,KRSA,0.8383733055265902,4,CK1,CK1,CK1-G,CSNK1G1
CK1,-1.7291666666666663,13,KRSA,0.8383733055265902,4,CK1,CK1,CK1-G,CSNK1G2
CK1,-1.7291666666666663,13,KRSA,0.8383733055265902,4,CK1,CK1,CK1-G,CSNK1G3
CK1,-1.7291666666666663,13,KRSA,0.8383733055265902,4,CK1,TTBK,TTBK,TTBK1
CK1,-1.7291666666666663,13,KRSA,0.8383733055265902,4,CK1,TTBK,TTBK,TTBK2
CK1,-1.7291666666666663,13,KRSA,0.8383733055265902,4,CK1,VRK,VRK,VRK3
COT,0.2716666666666667,66,KRSA,0.17518248175182483,1,STE,STE-UNIQUE,STE-UNIQUE,MAP3K8
MSN,0.585,51,KRSA,0.36287799791449427,2,STE,STE20,MSN,MAP4K4
MSN,0.585,51,KRSA,0.36287799791449427,2,STE,STE20,MSN,NRK
MSN,0.585,51,KRSA,0.36287799791449427,2,STE,STE20,MSN,TNIK
STE11,-0.9616666666666668,32,KRSA,0.6006256517205423,3,TKL,MLK,TAK1,MAP3K7
STE11,-0.9616666666666668,32,KRSA,0.6006256517205423,3,STE,STE11,MEKK1,MAP3K1
STE11,-0.9616666666666668,32,KRSA,0.6006256517205423,3,STE,STE11,ASK,MAP3K15
STE11,-0.9616666666666668,32,KRSA,0.6006256517205423,3,STE,STE11,MEKK2,MAP3K2
STE11,-0.9616666666666668,32,KRSA,0.6006256517205423,3,STE,STE11,MEKK2,MAP3K3
STE11,-0.9616666666666668,32,KRSA,0.6006256517205423,3,STE,STE11,MEKK4,MAP3K4
STE11,-0.9616666666666668,32,KRSA,0.6006256517205423,3,STE,STE11,ASK,MAP3K5
STE11,-0.9616666666666668,32,KRSA,0.6006256517205423,3,STE,STE11,ASK,MAP3K6
VRK1,-0.30833333333333335,63,KRSA,0.2127215849843587,1,CK1,VRK,VRK,VRK1
PRKDC,-1.0266666666666666,29,KRSA,0.6381647549530761,3,ATYPICAL,PIKK,DNAPK,PRKDC
TTK,-1.215833333333333,23,KRSA,0.7132429614181439,3,OTHER,TTK,TTK,TTK
PKN,-0.31916666666666665,61,KRSA,0.23774765380604795,1,AGC,PKN,PKN,PKN1
PKN,-0.31916666666666665,61,KRSA,0.23774765380604795,1,AGC,PKN,PKN,PKN2
PKN,-0.31916666666666665,61,KRSA,0.23774765380604795,1,AGC,PKN,PKN,PKN3
NUAK,-1.1833333333333331,25,KRSA,0.6882168925964547,3,CAMK,CAMKL,NUAK,NUAK1
NUAK,-1.1833333333333331,25,KRSA,0.6882168925964547,3,CAMK,CAMKL,NUAK,NUAK2
TLK,-1.211666666666667,24,KRSA,0.7007299270072993,3,OTHER,TLK,TLK,TLK1
TLK,-1.211666666666667,24,KRSA,0.7007299270072993,3,OTHER,TLK,TLK,TLK2
PIM,0.39,56,KRSA,0.30031282586027114,2,CAMK,PIM,PIM,PIM1
PIM,0.39,56,KRSA,0.30031282586027114,2,CAMK,PIM,PIM,PIM2
PIM,0.39,56,KRSA,0.30031282586027114,2,CAMK,PIM,PIM,PIM3
PKCD,0.2866666666666667,65,KRSA,0.18769551616266944,1,AGC,PKC,DELTA,PRKCD
PKCD,0.2866666666666667,65,KRSA,0.18769551616266944,1,AGC,PKC,DELTA,PRKCQ
AMPK,0.9366666666666666,33,KRSA,0.5881126173096975,3,CAMK,CAMKL,AMPK,PRKAA1
AMPK,0.9366666666666666,33,KRSA,0.5881126173096975,3,CAMK,CAMKL,AMPK,PRKAA2
PDHK,-1.3808333333333334,18,KRSA,0.7758081334723671,4,ATYPICAL,PDHK,BCKDK,BCKDK
PDHK,-1.3808333333333334,18,KRSA,0.7758081334723671,4,ATYPICAL,PDHK,PDHK,PDK2
PDHK,-1.3808333333333334,18,KRSA,0.7758081334723671,4,ATYPICAL,PDHK,PDHK,PDK3
PDHK,-1.3808333333333334,18,KRSA,0.7758081334723671,4,ATYPICAL,PDHK,PDHK,PDK4
SGK,0.8883333333333333,36,KRSA,0.5505735140771637,3,AGC,SGK,SGK,SGK1
SGK,0.8883333333333333,36,KRSA,0.5505735140771637,3,AGC,SGK,SGK,SGK2
SGK,0.8883333333333333,36,KRSA,0.5505735140771637,3,AGC,SGK,SGK,SGK3
PKG,0.665,49,KRSA,0.38790406673618355,2,AGC,PKG,PKG,PRKG1
PKG,0.665,49,KRSA,0.38790406673618355,2,AGC,PKG,PKG,PRKG2
ATM,-1.2875,19,KRSA,0.7632950990615224,4,ATYPICAL,PIKK,ATM,ATM
PKA,0.6225,50,KRSA,0.3753910323253389,2,AGC,PKA,PKA,PRKACA
PKA,0.6225,50,KRSA,0.3753910323253389,2,AGC,PKA,PKA,PRKACB
PKA,0.6225,50,KRSA,0.3753910323253389,2,AGC,PKA,PKA,PRKACG
PKA,0.6225,50,KRSA,0.3753910323253389,2,AGC,PKA,PKA,PRKX
PKA,0.6225,50,KRSA,0.3753910323253389,2,AGC,PKA,PKA,PRKY
IKK,-1.1525,26,KRSA,0.67570385818561,3,OTHER,IKK,IKK,CHUK
IKK,-1.1525,26,KRSA,0.67570385818561,3,OTHER,IKK,IKK,IKBKB
IKK,-1.1525,26,KRSA,0.67570385818561,3,OTHER,IKK,IKK,IKBKE
IKK,-1.1525,26,KRSA,0.67570385818561,3,OTHER,IKK,IKK,TBK1
RSK,-0.4016666666666666,55,KRSA,0.31282586027111575,2,AGC,RSK,RSK,RPS6KA1
RSK,-0.4016666666666666,55,KRSA,0.31282586027111575,2,AGC,RSK,RSK,RPS6KA2
RSK,-0.4016666666666666,55,KRSA,0.31282586027111575,2,AGC,RSK,RSK,RPS6KA3
RSK,-0.4016666666666666,55,KRSA,0.31282586027111575,2,AGC,RSK,MSK,RPS6KA4
RSK,-0.4016666666666666,55,KRSA,0.31282586027111575,2,AGC,RSK,MSK,RPS6KA5
RSK,-0.4016666666666666,55,KRSA,0.31282586027111575,2,AGC,RSK,RSK,RPS6KA6
RSK,-0.4016666666666666,55,KRSA,0.31282586027111575,2,AGC,RSK,P70,RPS6KB1
RSK,-0.4016666666666666,55,KRSA,0.31282586027111575,2,AGC,RSK,P70,RPS6KB2
AKT,-0.20333333333333337,68,KRSA,0.15015641293013557,1,AGC,AKT,AKT,AKT1
AKT,-0.20333333333333337,68,KRSA,0.15015641293013557,1,AGC,AKT,AKT,AKT2
AKT,-0.20333333333333337,68,KRSA,0.15015641293013557,1,AGC,AKT,AKT,AKT3
HAL,0.1225,74,KRSA,0.07507820646506778,1,RGC,RGC,RGC,NPR1
RAF,-1.0216666666666667,30,KRSA,0.6256517205422315,3,TKL,RAF,RAF,ARAF
RAF,-1.0216666666666667,30,KRSA,0.6256517205422315,3,TKL,RAF,RAF,BRAF
RAF,-1.0216666666666667,30,KRSA,0.6256517205422315,3,TKL,RAF,KSR,KSR1
RAF,-1.0216666666666667,30,KRSA,0.6256517205422315,3,TKL,RAF,KSR,KSR2
RAF,-1.0216666666666667,30,KRSA,0.6256517205422315,3,TKL,RAF,RAF,RAF1
ULK,-0.8608333333333333,38,KRSA,0.5255474452554745,3,OTHER,ULK,FUSED,STK36
ULK,-0.8608333333333333,38,KRSA,0.5255474452554745,3,OTHER,ULK,ULK,ULK1
ULK,-0.8608333333333333,38,KRSA,0.5255474452554745,3,OTHER,ULK,ULK,ULK2
ULK,-0.8608333333333333,38,KRSA,0.5255474452554745,3,OTHER,ULK,ULK,ULK3
ULK,-0.8608333333333333,38,KRSA,0.5255474452554745,3,OTHER,ULK,ULK,ULK4
BUD32,-0.8658333333333333,37,KRSA,0.5380604796663191,3,OTHER,BUD32,BUD32,TP53RK
CLK,-0.855,41,KRSA,0.4880083420229406,2,CMGC,CLK,CLK,CLK1
CLK,-0.855,41,KRSA,0.4880083420229406,2,CMGC,CLK,CLK,CLK2
CLK,-0.855,41,KRSA,0.4880083420229406,2,CMGC,CLK,CLK,CLK3
CLK,-0.855,41,KRSA,0.4880083420229406,2,CMGC,CLK,CLK,CLK4
NIK,-0.8575,39,KRSA,0.5130344108446299,3,STE,STE-UNIQUE,STE-UNIQUE,MAP3K14
CK2,-1.221666666666667,22,KRSA,0.7257559958289885,3,CMGC,CK2,CK2,CSNK2A1
CK2,-1.221666666666667,22,KRSA,0.7257559958289885,3,CMGC,CK2,CK2,CSNK2A2
CK2,-1.221666666666667,22,KRSA,0.7257559958289885,3,NA,NA,NA,CSNK2A3
CAMKK,-0.8458333333333333,43,KRSA,0.4629822732012513,2,OTHER,CAMKK,META,CAMKK1
CAMKK,-0.8458333333333333,43,KRSA,0.4629822732012513,2,OTHER,CAMKK,META,CAMKK2
MOS,-0.8491666666666666,42,KRSA,0.4754953076120959,2,OTHER,MOS,MOS,MOS
WNK,-0.8558333333333333,40,KRSA,0.5005213764337852,3,OTHER,WNK,WNK,WNK1
WNK,-0.8558333333333333,40,KRSA,0.5005213764337852,3,OTHER,WNK,WNK,WNK2
WNK,-0.8558333333333333,40,KRSA,0.5005213764337852,3,OTHER,WNK,WNK,WNK3
WNK,-0.8558333333333333,40,KRSA,0.5005213764337852,3,OTHER,WNK,WNK,WNK4
IRAK,-0.9883333333333332,31,KRSA,0.6131386861313869,3,TKL,IRAK,IRAK,IRAK1
IRAK,-0.9883333333333332,31,KRSA,0.6131386861313869,3,TKL,IRAK,IRAK,IRAK2
IRAK,-0.9883333333333332,31,KRSA,0.6131386861313869,3,TKL,IRAK,IRAK,IRAK3
IRAK,-0.9883333333333332,31,KRSA,0.6131386861313869,3,TKL,IRAK,IRAK,IRAK4
PHK,-1.7991666666666666,12,KRSA,0.8508863399374348,4,CAMK,PHK,PHK,PHKG1
PHK,-1.7991666666666666,12,KRSA,0.8508863399374348,4,CAMK,PHK,PHK,PHKG2
CHK1,0.77,46,KRSA,0.4254431699687174,2,CAMK,CAMKL,CHK1,CHEK1
CAMK1,1.0666666666666669,28,KRSA,0.6506777893639207,3,CAMK,CAMK1,CAMK1,CAMK1
CAMK1,1.0666666666666669,28,KRSA,0.6506777893639207,3,CAMK,CAMK1,CAMK1,CAMK1D
CAMK1,1.0666666666666669,28,KRSA,0.6506777893639207,3,CAMK,CAMK1,CAMK1,CAMK1G
CAMK1,1.0666666666666669,28,KRSA,0.6506777893639207,3,CAMK,CAMK1,CAMK1,CAMK4
CAMK1,1.0666666666666669,28,KRSA,0.6506777893639207,3,CAMK,CAMK1,CAMK1,PNCK
DMPK,-1.1075,27,KRSA,0.6631908237747653,3,AGC,DMPK,GEK,CDC42BPA
DMPK,-1.1075,27,KRSA,0.6631908237747653,3,AGC,DMPK,GEK,CDC42BPB
DMPK,-1.1075,27,KRSA,0.6631908237747653,3,AGC,DMPK,GEK,CDC42BPG
DMPK,-1.1075,27,KRSA,0.6631908237747653,3,AGC,DMPK,CRIK,CIT
DMPK,-1.1075,27,KRSA,0.6631908237747653,3,AGC,DMPK,GEK,DMPK
DMPK,-1.1075,27,KRSA,0.6631908237747653,3,AGC,DMPK,ROCK,ROCK1
DMPK,-1.1075,27,KRSA,0.6631908237747653,3,AGC,DMPK,ROCK,ROCK2
BARK2,0.02000000000000002,80,KRSA,0,1,AGC,GRK,BARK,GRK3
SLK,0.35583333333333333,57,KRSA,0.28779979144942647,2,STE,STE20,SLK,SLK
SLK,0.35583333333333333,57,KRSA,0.28779979144942647,2,STE,STE20,SLK,STK10
BRSK,0.7375,47,KRSA,0.4129301355578728,2,CAMK,CAMKL,BRSK,BRSK1
BRSK,0.7375,47,KRSA,0.4129301355578728,2,CAMK,CAMKL,BRSK,BRSK2
KHS,0.7716666666666667,45,KRSA,0.43795620437956206,2,STE,STE20,KHS,MAP4K1
KHS,0.7716666666666667,45,KRSA,0.43795620437956206,2,STE,STE20,KHS,MAP4K2
KHS,0.7716666666666667,45,KRSA,0.43795620437956206,2,STE,STE20,KHS,MAP4K3
KHS,0.7716666666666667,45,KRSA,0.43795620437956206,2,STE,STE20,KHS,MAP4K5
PASK,0.9,35,KRSA,0.5630865484880083,3,CAMK,CAMKL,PASK,PASK
TAO,0.73,48,KRSA,0.40041710114702816,2,STE,STE20,TAO,TAOK1
TAO,0.73,48,KRSA,0.40041710114702816,2,STE,STE20,TAO,TAOK2
TAO,0.73,48,KRSA,0.40041710114702816,2,STE,STE20,TAO,TAOK3
STKR,-0.5766666666666667,52,KRSA,0.35036496350364965,2,TKL,STKR,TYPE1,ACVR1
STKR,-0.5766666666666667,52,KRSA,0.35036496350364965,2,TKL,STKR,TYPE1,ACVR1B
STKR,-0.5766666666666667,52,KRSA,0.35036496350364965,2,TKL,STKR,TYPE1,ACVR1C
STKR,-0.5766666666666667,52,KRSA,0.35036496350364965,2,TKL,STKR,TYPE2,ACVR2A
STKR,-0.5766666666666667,52,KRSA,0.35036496350364965,2,TKL,STKR,TYPE2,ACVR2B
STKR,-0.5766666666666667,52,KRSA,0.35036496350364965,2,TKL,STKR,TYPE1,ACVRL1
STKR,-0.5766666666666667,52,KRSA,0.35036496350364965,2,TKL,STKR,TYPE2,AMHR2
STKR,-0.5766666666666667,52,KRSA,0.35036496350364965,2,TKL,STKR,TYPE1,BMPR1A
STKR,-0.5766666666666667,52,KRSA,0.35036496350364965,2,TKL,STKR,TYPE1,BMPR1B
STKR,-0.5766666666666667,52,KRSA,0.35036496350364965,2,TKL,STKR,TYPE2,BMPR2
STKR,-0.5766666666666667,52,KRSA,0.35036496350364965,2,TKL,STKR,TYPE1,TGFBR1
STKR,-0.5766666666666667,52,KRSA,0.35036496350364965,2,TKL,STKR,TYPE2,TGFBR2
ATR,-0.9033333333333332,34,KRSA,0.5755995828988529,3,ATYPICAL,PIKK,ATR,ATR
MLK,-0.2033333333333333,69,KRSA,0.13764337851929093,1,TKL,MLK,ILK,ILK
MLK,-0.2033333333333333,69,KRSA,0.13764337851929093,1,TKL,MLK,MLK,MAP3K10
MLK,-0.2033333333333333,69,KRSA,0.13764337851929093,1,TKL,MLK,MLK,MAP3K11
MLK,-0.2033333333333333,69,KRSA,0.13764337851929093,1,TKL,MLK,LZK,MAP3K12
MLK,-0.2033333333333333,69,KRSA,0.13764337851929093,1,TKL,MLK,LZK,MAP3K13
MLK,-0.2033333333333333,69,KRSA,0.13764337851929093,1,TKL,MLK,MLK,MAP3K9
MLK,-0.2033333333333333,69,KRSA,0.13764337851929093,1,TKL,MLK,HH498,TNNI3K
DAPK,0.30583333333333335,64,KRSA,0.20020855057351408,1,CAMK,DAPK,DAPK,DAPK1
DAPK,0.30583333333333335,64,KRSA,0.20020855057351408,1,CAMK,DAPK,DAPK,DAPK2
DAPK,0.30583333333333335,64,KRSA,0.20020855057351408,1,CAMK,DAPK,DAPK,DAPK3
DAPK,0.30583333333333335,64,KRSA,0.20020855057351408,1,CAMK,DAPK,DRAK,STK17A
DAPK,0.30583333333333335,64,KRSA,0.20020855057351408,1,CAMK,DAPK,DRAK,STK17B
PKCH,0.05416666666666673,79,KRSA,0.01251303441084463,1,AGC,PKC,ETA,PRKCE
PKCH,0.05416666666666673,79,KRSA,0.01251303441084463,1,AGC,PKC,ETA,PRKCH
MST,-0.3541666666666667,58,KRSA,0.27528675703858185,2,STE,STE20,MST,STK3
MST,-0.3541666666666667,58,KRSA,0.27528675703858185,2,STE,STE20,MST,STK4
RIPK,0.24416666666666667,67,KRSA,0.16266944734098018,1,TKL,RIPK,RIPK,ANKK1
RIPK,0.24416666666666667,67,KRSA,0.16266944734098018,1,TKL,RIPK,RIPK,RIPK1
RIPK,0.24416666666666667,67,KRSA,0.16266944734098018,1,TKL,RIPK,RIPK,RIPK2
RIPK,0.24416666666666667,67,KRSA,0.16266944734098018,1,TKL,RIPK,RIPK,RIPK3
RIPK,0.24416666666666667,67,KRSA,0.16266944734098018,1,TKL,RIPK,RIPK,RIPK4
AUR,0.06249999999999999,78,KRSA,0.02502606882168926,1,OTHER,AUR,AUR,AURKA
AUR,0.06249999999999999,78,KRSA,0.02502606882168926,1,OTHER,AUR,AUR,AURKB
AUR,0.06249999999999999,78,KRSA,0.02502606882168926,1,OTHER,AUR,AUR,AURKC
GRK,-0.8391666666666666,44,KRSA,0.4504692387904067,2,AGC,GRK,GRK,GRK1
GRK,-0.8391666666666666,44,KRSA,0.4504692387904067,2,AGC,GRK,GRK,GRK4
GRK,-0.8391666666666666,44,KRSA,0.4504692387904067,2,AGC,GRK,GRK,GRK5
GRK,-0.8391666666666666,44,KRSA,0.4504692387904067,2,AGC,GRK,GRK,GRK6
GRK,-0.8391666666666666,44,KRSA,0.4504692387904067,2,AGC,GRK,GRK,GRK7
PKCI,0.5075000000000001,53,KRSA,0.337851929092805,2,AGC,PKC,IOTA,PRKCI
PKCI,0.5075000000000001,53,KRSA,0.337851929092805,2,AGC,PKC,IOTA,PRKCZ
MELK,0.145,73,KRSA,0.08759124087591241,1,CAMK,CAMKL,MELK,MELK
NEK,0.19,70,KRSA,0.1251303441084463,1,OTHER,NEK,NEK11,NEK11
NEK,0.19,70,KRSA,0.1251303441084463,1,OTHER,NEK,NEK2,NEK2
NEK,0.19,70,KRSA,0.1251303441084463,1,OTHER,NEK,NEK1,NEK3
NEK,0.19,70,KRSA,0.1251303441084463,1,OTHER,NEK,NEK4,NEK4
NEK,0.19,70,KRSA,0.1251303441084463,1,OTHER,NEK,NEK1,NEK5
NEK,0.19,70,KRSA,0.1251303441084463,1,OTHER,NEK,NEK6,NEK6
NEK,0.19,70,KRSA,0.1251303441084463,1,OTHER,NEK,NEK6,NEK7
NEK,0.19,70,KRSA,0.1251303441084463,1,OTHER,NEK,NEK8,NEK8
NEK,0.19,70,KRSA,0.1251303441084463,1,OTHER,NEK,NEK8,NEK9
PKD,-0.31750000000000006,62,KRSA,0.22523461939520334,1,CAMK,PKD,PKD,PRKD1
PKD,-0.31750000000000006,62,KRSA,0.22523461939520334,1,CAMK,PKD,PKD,PRKD2
PKD,-0.31750000000000006,62,KRSA,0.22523461939520334,1,CAMK,PKD,PKD,PRKD3
PAKB,0.16166666666666665,72,KRSA,0.10010427528675704,1,STE,STE20,PAKB,PAK4
PAKB,0.16166666666666665,72,KRSA,0.10010427528675704,1,STE,STE20,PAKB,PAK5
PAKB,0.16166666666666665,72,KRSA,0.10010427528675704,1,STE,STE20,PAKB,PAK6
CAMK2,-0.5050000000000001,54,KRSA,0.32533889468196037,2,CAMK,CAMK2,CAMK2,CAMK2A
CAMK2,-0.5050000000000001,54,KRSA,0.32533889468196037,2,CAMK,CAMK2,CAMK2,CAMK2B
CAMK2,-0.5050000000000001,54,KRSA,0.32533889468196037,2,CAMK,CAMK2,CAMK2,CAMK2D
CAMK2,-0.5050000000000001,54,KRSA,0.32533889468196037,2,CAMK,CAMK2,CAMK2,CAMK2G
NAK,-0.345,59,KRSA,0.26277372262773724,2,OTHER,NAK,BIKE,AAK1
NAK,-0.345,59,KRSA,0.26277372262773724,2,OTHER,NAK,BIKE,BMP2K
NAK,-0.345,59,KRSA,0.26277372262773724,2,OTHER,NAK,GAK,GAK
NAK,-0.345,59,KRSA,0.26277372262773724,2,OTHER,NAK,MPSK,STK16
NDR,0.07416666666666666,77,KRSA,0.03753910323253389,1,AGC,NDR,NDR,LATS1
NDR,0.07416666666666666,77,KRSA,0.03753910323253389,1,AGC,NDR,NDR,LATS2
NDR,0.07416666666666666,77,KRSA,0.03753910323253389,1,AGC,NDR,NDR,STK38
NDR,0.07416666666666666,77,KRSA,0.03753910323253389,1,AGC,NDR,NDR,STK38L
MAPKAPK,0.10083333333333332,75,KRSA,0.06256517205422316,1,CAMK,MAPKAPK,MAPKAPK,MAPKAPK2
MAPKAPK,0.10083333333333332,75,KRSA,0.06256517205422316,1,CAMK,MAPKAPK,MAPKAPK,MAPKAPK3
MAPKAPK,0.10083333333333332,75,KRSA,0.06256517205422316,1,CAMK,MAPKAPK,MAPKAPK,MAPKAPK5
MAPKAPK,0.10083333333333332,75,KRSA,0.06256517205422316,1,CAMK,MAPKAPK,MNK,MKNK1
MAPKAPK,0.10083333333333332,75,KRSA,0.06256517205422316,1,CAMK,MAPKAPK,MNK,MKNK2
RAD53,0.33166666666666667,60,KRSA,0.2502606882168926,2,CAMK,RAD53,RAD53,CHEK2
PAKA,0.08333333333333334,76,KRSA,0.05005213764337852,1,STE,STE20,PAKA,PAK1
PAKA,0.08333333333333334,76,KRSA,0.05005213764337852,1,STE,STE20,PAKA,PAK2
PAKA,0.08333333333333334,76,KRSA,0.05005213764337852,1,STE,STE20,PAKA,PAK3
CDK,-4.099166666666667,2,KRSA,0.9760166840458812,4,CMGC,CDK,CDC2,CDK1
CDK,-4.099166666666667,2,KRSA,0.9760166840458812,4,CMGC,CDK,CDK10,CDK10
CDK,-4.099166666666667,2,KRSA,0.9760166840458812,4,CMGC,CDK,CRK7,CDK12
CDK,-4.099166666666667,2,KRSA,0.9760166840458812,4,CMGC,CDK,CRK7,CDK13
CDK,-4.099166666666667,2,KRSA,0.9760166840458812,4,CMGC,CDK,PFTAIRE,CDK14
CDK,-4.099166666666667,2,KRSA,0.9760166840458812,4,CMGC,CDK,PFTAIRE,CDK15
CDK,-4.099166666666667,2,KRSA,0.9760166840458812,4,CMGC,CDK,PCTAIRE,CDK16
CDK,-4.099166666666667,2,KRSA,0.9760166840458812,4,CMGC,CDK,PCTAIRE,CDK17
CDK,-4.099166666666667,2,KRSA,0.9760166840458812,4,CMGC,CDK,PCTAIRE,CDK18
CDK,-4.099166666666667,2,KRSA,0.9760166840458812,4,CMGC,CDK,CDK8,CDK19
CDK,-4.099166666666667,2,KRSA,0.9760166840458812,4,CMGC,CDK,CDC2,CDK2
CDK,-4.099166666666667,2,KRSA,0.9760166840458812,4,CMGC,CDK,CCRK,CDK20
CDK,-4.099166666666667,2,KRSA,0.9760166840458812,4,CMGC,CDK,CDC2,CDK3
CDK,-4.099166666666667,2,KRSA,0.9760166840458812,4,CMGC,CDK,CDK4,CDK4
CDK,-4.099166666666667,2,KRSA,0.9760166840458812,4,CMGC,CDK,CDK5,CDK5
CDK,-4.099166666666667,2,KRSA,0.9760166840458812,4,CMGC,CDK,CDK4,CDK6
CDK,-4.099166666666667,2,KRSA,0.9760166840458812,4,CMGC,CDK,CDK7,CDK7
CDK,-4.099166666666667,2,KRSA,0.9760166840458812,4,CMGC,CDK,CDK8,CDK8
CDK,-4.099166666666667,2,KRSA,0.9760166840458812,4,CMGC,CDK,CDK9,CDK9
CDK,-4.099166666666667,2,KRSA,0.9760166840458812,4,NA,NA,NA,CDK11A
CDK,-4.099166666666667,2,KRSA,0.9760166840458812,4,NA,NA,NA,CDK11B
ERK,-3.183333333333333,4,KRSA,0.9509906152241918,4,CMGC,MAPK,ERK1,MAPK1
ERK,-3.183333333333333,4,KRSA,0.9509906152241918,4,CMGC,MAPK,ERK7,MAPK15
ERK,-3.183333333333333,4,KRSA,0.9509906152241918,4,CMGC,MAPK,ERK1,MAPK3
ERK,-3.183333333333333,4,KRSA,0.9509906152241918,4,CMGC,MAPK,ERK3,MAPK4
ERK,-3.183333333333333,4,KRSA,0.9509906152241918,4,CMGC,MAPK,ERK3,MAPK6
ERK,-3.183333333333333,4,KRSA,0.9509906152241918,4,CMGC,MAPK,ERK5,MAPK7
DYRK,-2.8766666666666665,6,KRSA,0.9259645464025026,4,CMGC,DYRK,DYRK1,DYRK1A
DYRK,-2.8766666666666665,6,KRSA,0.9259645464025026,4,CMGC,DYRK,DYRK1,DYRK1B
DYRK,-2.8766666666666665,6,KRSA,0.9259645464025026,4,CMGC,DYRK,DYRK2,DYRK2
DYRK,-2.8766666666666665,6,KRSA,0.9259645464025026,4,CMGC,DYRK,DYRK2,DYRK3
DYRK,-2.8766666666666665,6,KRSA,0.9259645464025026,4,CMGC,DYRK,DYRK2,DYRK4
DYRK,-2.8766666666666665,6,KRSA,0.9259645464025026,4,CMGC,DYRK,HIPK,HIPK1
DYRK,-2.8766666666666665,6,KRSA,0.9259645464025026,4,CMGC,DYRK,HIPK,HIPK2
DYRK,-2.8766666666666665,6,KRSA,0.9259645464025026,4,CMGC,DYRK,HIPK,HIPK3
DYRK,-2.8766666666666665,6,KRSA,0.9259645464025026,4,CMGC,DYRK,HIPK,HIPK4
DYRK,-2.8766666666666665,6,KRSA,0.9259645464025026,4,CMGC,DYRK,PRP4,PRPF4B
P38,-2.0500000000000003,11,KRSA,0.8633993743482794,4,CMGC,MAPK,P38,MAPK11
P38,-2.0500000000000003,11,KRSA,0.8633993743482794,4,CMGC,MAPK,P38,MAPK12
P38,-2.0500000000000003,11,KRSA,0.8633993743482794,4,CMGC,MAPK,P38,MAPK13
P38,-2.0500000000000003,11,KRSA,0.8633993743482794,4,CMGC,MAPK,P38,MAPK14
JNK,-2.6275,7,KRSA,0.913451511991658,4,CMGC,MAPK,JNK,MAPK10
JNK,-2.6275,7,KRSA,0.913451511991658,4,CMGC,MAPK,JNK,MAPK8
JNK,-2.6275,7,KRSA,0.913451511991658,4,CMGC,MAPK,JNK,MAPK9
PKCA,-4.128333333333333,1,KRSA,0.9885297184567258,4,AGC,PKC,ALPHA,PRKCA
PKCA,-4.128333333333333,1,KRSA,0.9885297184567258,4,AGC,PKC,ALPHA,PRKCB
PKCA,-4.128333333333333,1,KRSA,0.9885297184567258,4,AGC,PKC,ALPHA,PRKCG
PDK1,-2.6241666666666665,8,KRSA,0.9009384775808134,4,ATYPICAL,PDHK,PDHK,PDK1
PDK1,-2.6241666666666665,8,KRSA,0.9009384775808134,4,AGC,PDK1,PDK1,PDPK1
PLK,-3.0900000000000003,5,KRSA,0.9384775808133472,4,NA,NA,NA,PLK5
PLK,-3.0900000000000003,5,KRSA,0.9384775808133472,4,OTHER,PLK,PLK1,PLK1
PLK,-3.0900000000000003,5,KRSA,0.9384775808133472,4,OTHER,PLK,PLK2,PLK2
PLK,-3.0900000000000003,5,KRSA,0.9384775808133472,4,OTHER,PLK,PLK2,PLK3
PLK,-3.0900000000000003,5,KRSA,0.9384775808133472,4,OTHER,PLK,SAK,PLK4
PEK,-3.4016666666666664,3,KRSA,0.9635036496350365,4,OTHER,PEK,HRI,EIF2AK1
PEK,-3.4016666666666664,3,KRSA,0.9635036496350365,4,OTHER,PEK,PKR,EIF2AK2
PEK,-3.4016666666666664,3,KRSA,0.9635036496350365,4,OTHER,PEK,PEK,EIF2AK3
PEK,-3.4016666666666664,3,KRSA,0.9635036496350365,4,OTHER,PEK,GCN2,EIF2AK4
NMO,-2.4283333333333332,9,KRSA,0.8884254431699687,4,CMGC,MAPK,NMO,NLK
GSK,-1.2241666666666666,21,KRSA,0.7382690302398331,3,CMGC,GSK,GSK,GSK3A
GSK,-1.2241666666666666,21,KRSA,0.7382690302398331,3,CMGC,GSK,GSK,GSK3B
COT,0.2716666666666667,66,KRSA,0.17518248175182483,1,STE,STE-UNIQUE,STE-UNIQUE,MAP3K8
STE7,-2.408333333333333,10,KRSA,0.8759124087591241,4,STE,STE7,MEK1,MAP2K1
STE7,-2.408333333333333,10,KRSA,0.8759124087591241,4,STE,STE7,MEK1,MAP2K2
STE7,-2.408333333333333,10,KRSA,0.8759124087591241,4,STE,STE7,MEK3,MAP2K3
STE7,-2.408333333333333,10,KRSA,0.8759124087591241,4,STE,STE7,MEK4,MAP2K4
STE7,-2.408333333333333,10,KRSA,0.8759124087591241,4,STE,STE7,MEK5,MAP2K5
STE7,-2.408333333333333,10,KRSA,0.8759124087591241,4,STE,STE7,MEK3,MAP2K6
STE7,-2.408333333333333,10,KRSA,0.8759124087591241,4,STE,STE7,MEK7,MAP2K7
LKB,-1.545,14,KRSA,0.8258602711157456,4,CAMK,CAMKL,LKB,STK11
PKCD,0.2866666666666667,65,KRSA,0.18769551616266944,1,AGC,PKC,DELTA,PRKCD
PKCD,0.2866666666666667,65,KRSA,0.18769551616266944,1,AGC,PKC,DELTA,PRKCQ
MSN,0.585,51,KRSA,0.36287799791449427,2,STE,STE20,MSN,MAP4K4
MSN,0.585,51,KRSA,0.36287799791449427,2,STE,STE20,MSN,NRK
MSN,0.585,51,KRSA,0.36287799791449427,2,STE,STE20,MSN,TNIK
QIK,-1.5158333333333334,15,KRSA,0.8133472367049009,4,CAMK,CAMKL,QIK,SIK1
QIK,-1.5158333333333334,15,KRSA,0.8133472367049009,4,CAMK,CAMKL,QIK,SIK2
STE11,-0.9616666666666668,32,KRSA,0.6006256517205423,3,TKL,MLK,TAK1,MAP3K7
STE11,-0.9616666666666668,32,KRSA,0.6006256517205423,3,STE,STE11,MEKK1,MAP3K1
STE11,-0.9616666666666668,32,KRSA,0.6006256517205423,3,STE,STE11,ASK,MAP3K15
STE11,-0.9616666666666668,32,KRSA,0.6006256517205423,3,STE,STE11,MEKK2,MAP3K2
STE11,-0.9616666666666668,32,KRSA,0.6006256517205423,3,STE,STE11,MEKK2,MAP3K3
STE11,-0.9616666666666668,32,KRSA,0.6006256517205423,3,STE,STE11,MEKK4,MAP3K4
STE11,-0.9616666666666668,32,KRSA,0.6006256517205423,3,STE,STE11,ASK,MAP3K5
STE11,-0.9616666666666668,32,KRSA,0.6006256517205423,3,STE,STE11,ASK,MAP3K6
MTOR,-1.4466666666666663,17,KRSA,0.7883211678832117,4,ATYPICAL,PIKK,FRAP,MTOR
AMPK,0.9366666666666666,33,KRSA,0.5881126173096975,3,CAMK,CAMKL,AMPK,PRKAA1
AMPK,0.9366666666666666,33,KRSA,0.5881126173096975,3,CAMK,CAMKL,AMPK,PRKAA2
PIM,0.39,56,KRSA,0.30031282586027114,2,CAMK,PIM,PIM,PIM1
PIM,0.39,56,KRSA,0.30031282586027114,2,CAMK,PIM,PIM,PIM2
PIM,0.39,56,KRSA,0.30031282586027114,2,CAMK,PIM,PIM,PIM3
CHK1,0.77,46,KRSA,0.4254431699687174,2,CAMK,CAMKL,CHK1,CHEK1
PHK,-1.7991666666666666,12,KRSA,0.8508863399374348,4,CAMK,PHK,PHK,PHKG1
PHK,-1.7991666666666666,12,KRSA,0.8508863399374348,4,CAMK,PHK,PHK,PHKG2
FRAY,-1.4925,16,KRSA,0.8008342022940563,4,STE,STE20,FRAY,OXSR1
FRAY,-1.4925,16,KRSA,0.8008342022940563,4,STE,STE20,FRAY,STK39
TLK,-1.211666666666667,24,KRSA,0.7007299270072993,3,OTHER,TLK,TLK,TLK1
TLK,-1.211666666666667,24,KRSA,0.7007299270072993,3,OTHER,TLK,TLK,TLK2
PKN,-0.31916666666666665,61,KRSA,0.23774765380604795,1,AGC,PKN,PKN,PKN1
PKN,-0.31916666666666665,61,KRSA,0.23774765380604795,1,AGC,PKN,PKN,PKN2
PKN,-0.31916666666666665,61,KRSA,0.23774765380604795,1,AGC,PKN,PKN,PKN3
MLCK,0.1841666666666667,71,KRSA,0.11261730969760167,1,CAMK,MLCK,MLCK,MYLK
MLCK,0.1841666666666667,71,KRSA,0.11261730969760167,1,CAMK,MLCK,MLCK,MYLK2
MLCK,0.1841666666666667,71,KRSA,0.11261730969760167,1,CAMK,MLCK,MLCK,TTN
VRK1,-0.30833333333333335,63,KRSA,0.2127215849843587,1,CK1,VRK,VRK,VRK1
TTK,-1.215833333333333,23,KRSA,0.7132429614181439,3,OTHER,TTK,TTK,TTK
NUAK,-1.1833333333333331,25,KRSA,0.6882168925964547,3,CAMK,CAMKL,NUAK,NUAK1
NUAK,-1.1833333333333331,25,KRSA,0.6882168925964547,3,CAMK,CAMKL,NUAK,NUAK2
IKK,-1.1525,26,KRSA,0.67570385818561,3,OTHER,IKK,IKK,CHUK
IKK,-1.1525,26,KRSA,0.67570385818561,3,OTHER,IKK,IKK,IKBKB
IKK,-1.1525,26,KRSA,0.67570385818561,3,OTHER,IKK,IKK,IKBKE
IKK,-1.1525,26,KRSA,0.67570385818561,3,OTHER,IKK,IKK,TBK1
SGK,0.8883333333333333,36,KRSA,0.5505735140771637,3,AGC,SGK,SGK,SGK1
SGK,0.8883333333333333,36,KRSA,0.5505735140771637,3,AGC,SGK,SGK,SGK2
SGK,0.8883333333333333,36,KRSA,0.5505735140771637,3,AGC,SGK,SGK,SGK3
PDHK,-1.3808333333333334,18,KRSA,0.7758081334723671,4,ATYPICAL,PDHK,BCKDK,BCKDK
PDHK,-1.3808333333333334,18,KRSA,0.7758081334723671,4,ATYPICAL,PDHK,PDHK,PDK2
PDHK,-1.3808333333333334,18,KRSA,0.7758081334723671,4,ATYPICAL,PDHK,PDHK,PDK3
PDHK,-1.3808333333333334,18,KRSA,0.7758081334723671,4,ATYPICAL,PDHK,PDHK,PDK4
RAF,-1.0216666666666667,30,KRSA,0.6256517205422315,3,TKL,RAF,RAF,ARAF
RAF,-1.0216666666666667,30,KRSA,0.6256517205422315,3,TKL,RAF,RAF,BRAF
RAF,-1.0216666666666667,30,KRSA,0.6256517205422315,3,TKL,RAF,KSR,KSR1
RAF,-1.0216666666666667,30,KRSA,0.6256517205422315,3,TKL,RAF,KSR,KSR2
RAF,-1.0216666666666667,30,KRSA,0.6256517205422315,3,TKL,RAF,RAF,RAF1
CK1,-1.7291666666666663,13,KRSA,0.8383733055265902,4,CK1,CK1,CK1-A,CSNK1A1
CK1,-1.7291666666666663,13,KRSA,0.8383733055265902,4,CK1,CK1,CK1-A,CSNK1A1L
CK1,-1.7291666666666663,13,KRSA,0.8383733055265902,4,CK1,CK1,CK1-D,CSNK1D
CK1,-1.7291666666666663,13,KRSA,0.8383733055265902,4,CK1,CK1,CK1-D,CSNK1E
CK1,-1.7291666666666663,13,KRSA,0.8383733055265902,4,CK1,CK1,CK1-G,CSNK1G1
CK1,-1.7291666666666663,13,KRSA,0.8383733055265902,4,CK1,CK1,CK1-G,CSNK1G2
CK1,-1.7291666666666663,13,KRSA,0.8383733055265902,4,CK1,CK1,CK1-G,CSNK1G3
CK1,-1.7291666666666663,13,KRSA,0.8383733055265902,4,CK1,TTBK,TTBK,TTBK1
CK1,-1.7291666666666663,13,KRSA,0.8383733055265902,4,CK1,TTBK,TTBK,TTBK2
CK1,-1.7291666666666663,13,KRSA,0.8383733055265902,4,CK1,VRK,VRK,VRK3
GRK,-0.8391666666666666,44,KRSA,0.4504692387904067,2,AGC,GRK,GRK,GRK1
GRK,-0.8391666666666666,44,KRSA,0.4504692387904067,2,AGC,GRK,GRK,GRK4
GRK,-0.8391666666666666,44,KRSA,0.4504692387904067,2,AGC,GRK,GRK,GRK5
GRK,-0.8391666666666666,44,KRSA,0.4504692387904067,2,AGC,GRK,GRK,GRK6
GRK,-0.8391666666666666,44,KRSA,0.4504692387904067,2,AGC,GRK,GRK,GRK7
PKG,0.665,49,KRSA,0.38790406673618355,2,AGC,PKG,PKG,PRKG1
PKG,0.665,49,KRSA,0.38790406673618355,2,AGC,PKG,PKG,PRKG2
PRKDC,-1.0266666666666666,29,KRSA,0.6381647549530761,3,ATYPICAL,PIKK,DNAPK,PRKDC
IRAK,-0.9883333333333332,31,KRSA,0.6131386861313869,3,TKL,IRAK,IRAK,IRAK1
IRAK,-0.9883333333333332,31,KRSA,0.6131386861313869,3,TKL,IRAK,IRAK,IRAK2
IRAK,-0.9883333333333332,31,KRSA,0.6131386861313869,3,TKL,IRAK,IRAK,IRAK3
IRAK,-0.9883333333333332,31,KRSA,0.6131386861313869,3,TKL,IRAK,IRAK,IRAK4
TAO,0.73,48,KRSA,0.40041710114702816,2,STE,STE20,TAO,TAOK1
TAO,0.73,48,KRSA,0.40041710114702816,2,STE,STE20,TAO,TAOK2
TAO,0.73,48,KRSA,0.40041710114702816,2,STE,STE20,TAO,TAOK3
CLK,-0.855,41,KRSA,0.4880083420229406,2,CMGC,CLK,CLK,CLK1
CLK,-0.855,41,KRSA,0.4880083420229406,2,CMGC,CLK,CLK,CLK2
CLK,-0.855,41,KRSA,0.4880083420229406,2,CMGC,CLK,CLK,CLK3
CLK,-0.855,41,KRSA,0.4880083420229406,2,CMGC,CLK,CLK,CLK4
SLK,0.35583333333333333,57,KRSA,0.28779979144942647,2,STE,STE20,SLK,SLK
SLK,0.35583333333333333,57,KRSA,0.28779979144942647,2,STE,STE20,SLK,STK10
PKA,0.6225,50,KRSA,0.3753910323253389,2,AGC,PKA,PKA,PRKACA
PKA,0.6225,50,KRSA,0.3753910323253389,2,AGC,PKA,PKA,PRKACB
PKA,0.6225,50,KRSA,0.3753910323253389,2,AGC,PKA,PKA,PRKACG
PKA,0.6225,50,KRSA,0.3753910323253389,2,AGC,PKA,PKA,PRKX
PKA,0.6225,50,KRSA,0.3753910323253389,2,AGC,PKA,PKA,PRKY
BRSK,0.7375,47,KRSA,0.4129301355578728,2,CAMK,CAMKL,BRSK,BRSK1
BRSK,0.7375,47,KRSA,0.4129301355578728,2,CAMK,CAMKL,BRSK,BRSK2
KHS,0.7716666666666667,45,KRSA,0.43795620437956206,2,STE,STE20,KHS,MAP4K1
KHS,0.7716666666666667,45,KRSA,0.43795620437956206,2,STE,STE20,KHS,MAP4K2
KHS,0.7716666666666667,45,KRSA,0.43795620437956206,2,STE,STE20,KHS,MAP4K3
KHS,0.7716666666666667,45,KRSA,0.43795620437956206,2,STE,STE20,KHS,MAP4K5
BUD32,-0.8658333333333333,37,KRSA,0.5380604796663191,3,OTHER,BUD32,BUD32,TP53RK
NIK,-0.8575,39,KRSA,0.5130344108446299,3,STE,STE-UNIQUE,STE-UNIQUE,MAP3K14
MOS,-0.8491666666666666,42,KRSA,0.4754953076120959,2,OTHER,MOS,MOS,MOS
WNK,-0.8558333333333333,40,KRSA,0.5005213764337852,3,OTHER,WNK,WNK,WNK1
WNK,-0.8558333333333333,40,KRSA,0.5005213764337852,3,OTHER,WNK,WNK,WNK2
WNK,-0.8558333333333333,40,KRSA,0.5005213764337852,3,OTHER,WNK,WNK,WNK3
WNK,-0.8558333333333333,40,KRSA,0.5005213764337852,3,OTHER,WNK,WNK,WNK4
CAMKK,-0.8458333333333333,43,KRSA,0.4629822732012513,2,OTHER,CAMKK,META,CAMKK1
CAMKK,-0.8458333333333333,43,KRSA,0.4629822732012513,2,OTHER,CAMKK,META,CAMKK2
PASK,0.9,35,KRSA,0.5630865484880083,3,CAMK,CAMKL,PASK,PASK
ULK,-0.8608333333333333,38,KRSA,0.5255474452554745,3,OTHER,ULK,FUSED,STK36
ULK,-0.8608333333333333,38,KRSA,0.5255474452554745,3,OTHER,ULK,ULK,ULK1
ULK,-0.8608333333333333,38,KRSA,0.5255474452554745,3,OTHER,ULK,ULK,ULK2
ULK,-0.8608333333333333,38,KRSA,0.5255474452554745,3,OTHER,ULK,ULK,ULK3
ULK,-0.8608333333333333,38,KRSA,0.5255474452554745,3,OTHER,ULK,ULK,ULK4
ATM,-1.2875,19,KRSA,0.7632950990615224,4,ATYPICAL,PIKK,ATM,ATM
RSK,-0.4016666666666666,55,KRSA,0.31282586027111575,2,AGC,RSK,RSK,RPS6KA1
RSK,-0.4016666666666666,55,KRSA,0.31282586027111575,2,AGC,RSK,RSK,RPS6KA2
RSK,-0.4016666666666666,55,KRSA,0.31282586027111575,2,AGC,RSK,RSK,RPS6KA3
RSK,-0.4016666666666666,55,KRSA,0.31282586027111575,2,AGC,RSK,MSK,RPS6KA4
RSK,-0.4016666666666666,55,KRSA,0.31282586027111575,2,AGC,RSK,MSK,RPS6KA5
RSK,-0.4016666666666666,55,KRSA,0.31282586027111575,2,AGC,RSK,RSK,RPS6KA6
RSK,-0.4016666666666666,55,KRSA,0.31282586027111575,2,AGC,RSK,P70,RPS6KB1
RSK,-0.4016666666666666,55,KRSA,0.31282586027111575,2,AGC,RSK,P70,RPS6KB2
MELK,0.145,73,KRSA,0.08759124087591241,1,CAMK,CAMKL,MELK,MELK
AKT,-0.20333333333333337,68,KRSA,0.15015641293013557,1,AGC,AKT,AKT,AKT1
AKT,-0.20333333333333337,68,KRSA,0.15015641293013557,1,AGC,AKT,AKT,AKT2
AKT,-0.20333333333333337,68,KRSA,0.15015641293013557,1,AGC,AKT,AKT,AKT3
CAMK1,1.0666666666666669,28,KRSA,0.6506777893639207,3,CAMK,CAMK1,CAMK1,CAMK1
CAMK1,1.0666666666666669,28,KRSA,0.6506777893639207,3,CAMK,CAMK1,CAMK1,CAMK1D
CAMK1,1.0666666666666669,28,KRSA,0.6506777893639207,3,CAMK,CAMK1,CAMK1,CAMK1G
CAMK1,1.0666666666666669,28,KRSA,0.6506777893639207,3,CAMK,CAMK1,CAMK1,CAMK4
CAMK1,1.0666666666666669,28,KRSA,0.6506777893639207,3,CAMK,CAMK1,CAMK1,PNCK
CK2,-1.221666666666667,22,KRSA,0.7257559958289885,3,CMGC,CK2,CK2,CSNK2A1
CK2,-1.221666666666667,22,KRSA,0.7257559958289885,3,CMGC,CK2,CK2,CSNK2A2
CK2,-1.221666666666667,22,KRSA,0.7257559958289885,3,NA,NA,NA,CSNK2A3
BARK2,0.02000000000000002,80,KRSA,0,1,AGC,GRK,BARK,GRK3
PKD,-0.31750000000000006,62,KRSA,0.22523461939520334,1,CAMK,PKD,PKD,PRKD1
PKD,-0.31750000000000006,62,KRSA,0.22523461939520334,1,CAMK,PKD,PKD,PRKD2
PKD,-0.31750000000000006,62,KRSA,0.22523461939520334,1,CAMK,PKD,PKD,PRKD3
NDR,0.07416666666666666,77,KRSA,0.03753910323253389,1,AGC,NDR,NDR,LATS1
NDR,0.07416666666666666,77,KRSA,0.03753910323253389,1,AGC,NDR,NDR,LATS2
NDR,0.07416666666666666,77,KRSA,0.03753910323253389,1,AGC,NDR,NDR,STK38
NDR,0.07416666666666666,77,KRSA,0.03753910323253389,1,AGC,NDR,NDR,STK38L
DAPK,0.30583333333333335,64,KRSA,0.20020855057351408,1,CAMK,DAPK,DAPK,DAPK1
DAPK,0.30583333333333335,64,KRSA,0.20020855057351408,1,CAMK,DAPK,DAPK,DAPK2
DAPK,0.30583333333333335,64,KRSA,0.20020855057351408,1,CAMK,DAPK,DAPK,DAPK3
DAPK,0.30583333333333335,64,KRSA,0.20020855057351408,1,CAMK,DAPK,DRAK,STK17A
DAPK,0.30583333333333335,64,KRSA,0.20020855057351408,1,CAMK,DAPK,DRAK,STK17B
MAPKAPK,0.10083333333333332,75,KRSA,0.06256517205422316,1,CAMK,MAPKAPK,MAPKAPK,MAPKAPK2
MAPKAPK,0.10083333333333332,75,KRSA,0.06256517205422316,1,CAMK,MAPKAPK,MAPKAPK,MAPKAPK3
MAPKAPK,0.10083333333333332,75,KRSA,0.06256517205422316,1,CAMK,MAPKAPK,MAPKAPK,MAPKAPK5
MAPKAPK,0.10083333333333332,75,KRSA,0.06256517205422316,1,CAMK,MAPKAPK,MNK,MKNK1
MAPKAPK,0.10083333333333332,75,KRSA,0.06256517205422316,1,CAMK,MAPKAPK,MNK,MKNK2
DMPK,-1.1075,27,KRSA,0.6631908237747653,3,AGC,DMPK,GEK,CDC42BPA
DMPK,-1.1075,27,KRSA,0.6631908237747653,3,AGC,DMPK,GEK,CDC42BPB
DMPK,-1.1075,27,KRSA,0.6631908237747653,3,AGC,DMPK,GEK,CDC42BPG
DMPK,-1.1075,27,KRSA,0.6631908237747653,3,AGC,DMPK,CRIK,CIT
DMPK,-1.1075,27,KRSA,0.6631908237747653,3,AGC,DMPK,GEK,DMPK
DMPK,-1.1075,27,KRSA,0.6631908237747653,3,AGC,DMPK,ROCK,ROCK1
DMPK,-1.1075,27,KRSA,0.6631908237747653,3,AGC,DMPK,ROCK,ROCK2
STKR,-0.5766666666666667,52,KRSA,0.35036496350364965,2,TKL,STKR,TYPE1,ACVR1
STKR,-0.5766666666666667,52,KRSA,0.35036496350364965,2,TKL,STKR,TYPE1,ACVR1B
STKR,-0.5766666666666667,52,KRSA,0.35036496350364965,2,TKL,STKR,TYPE1,ACVR1C
STKR,-0.5766666666666667,52,KRSA,0.35036496350364965,2,TKL,STKR,TYPE2,ACVR2A
STKR,-0.5766666666666667,52,KRSA,0.35036496350364965,2,TKL,STKR,TYPE2,ACVR2B
STKR,-0.5766666666666667,52,KRSA,0.35036496350364965,2,TKL,STKR,TYPE1,ACVRL1
STKR,-0.5766666666666667,52,KRSA,0.35036496350364965,2,TKL,STKR,TYPE2,AMHR2
STKR,-0.5766666666666667,52,KRSA,0.35036496350364965,2,TKL,STKR,TYPE1,BMPR1A
STKR,-0.5766666666666667,52,KRSA,0.35036496350364965,2,TKL,STKR,TYPE1,BMPR1B
STKR,-0.5766666666666667,52,KRSA,0.35036496350364965,2,TKL,STKR,TYPE2,BMPR2
STKR,-0.5766666666666667,52,KRSA,0.35036496350364965,2,TKL,STKR,TYPE1,TGFBR1
STKR,-0.5766666666666667,52,KRSA,0.35036496350364965,2,TKL,STKR,TYPE2,TGFBR2
AUR,0.06249999999999999,78,KRSA,0.02502606882168926,1,OTHER,AUR,AUR,AURKA
AUR,0.06249999999999999,78,KRSA,0.02502606882168926,1,OTHER,AUR,AUR,AURKB
AUR,0.06249999999999999,78,KRSA,0.02502606882168926,1,OTHER,AUR,AUR,AURKC
PKCI,0.5075000000000001,53,KRSA,0.337851929092805,2,AGC,PKC,IOTA,PRKCI
PKCI,0.5075000000000001,53,KRSA,0.337851929092805,2,AGC,PKC,IOTA,PRKCZ
CAMK2,-0.5050000000000001,54,KRSA,0.32533889468196037,2,CAMK,CAMK2,CAMK2,CAMK2A
CAMK2,-0.5050000000000001,54,KRSA,0.32533889468196037,2,CAMK,CAMK2,CAMK2,CAMK2B
CAMK2,-0.5050000000000001,54,KRSA,0.32533889468196037,2,CAMK,CAMK2,CAMK2,CAMK2D
CAMK2,-0.5050000000000001,54,KRSA,0.32533889468196037,2,CAMK,CAMK2,CAMK2,CAMK2G
NEK,0.19,70,KRSA,0.1251303441084463,1,OTHER,NEK,NEK11,NEK11
NEK,0.19,70,KRSA,0.1251303441084463,1,OTHER,NEK,NEK2,NEK2
NEK,0.19,70,KRSA,0.1251303441084463,1,OTHER,NEK,NEK1,NEK3
NEK,0.19,70,KRSA,0.1251303441084463,1,OTHER,NEK,NEK4,NEK4
NEK,0.19,70,KRSA,0.1251303441084463,1,OTHER,NEK,NEK1,NEK5
NEK,0.19,70,KRSA,0.1251303441084463,1,OTHER,NEK,NEK6,NEK6
NEK,0.19,70,KRSA,0.1251303441084463,1,OTHER,NEK,NEK6,NEK7
NEK,0.19,70,KRSA,0.1251303441084463,1,OTHER,NEK,NEK8,NEK8
NEK,0.19,70,KRSA,0.1251303441084463,1,OTHER,NEK,NEK8,NEK9
MST,-0.3541666666666667,58,KRSA,0.27528675703858185,2,STE,STE20,MST,STK3
MST,-0.3541666666666667,58,KRSA,0.27528675703858185,2,STE,STE20,MST,STK4
RAD53,0.33166666666666667,60,KRSA,0.2502606882168926,2,CAMK,RAD53,RAD53,CHEK2
ATR,-0.9033333333333332,34,KRSA,0.5755995828988529,3,ATYPICAL,PIKK,ATR,ATR
PAKA,0.08333333333333334,76,KRSA,0.05005213764337852,1,STE,STE20,PAKA,PAK1
PAKA,0.08333333333333334,76,KRSA,0.05005213764337852,1,STE,STE20,PAKA,PAK2
PAKA,0.08333333333333334,76,KRSA,0.05005213764337852,1,STE,STE20,PAKA,PAK3
RIPK,0.24416666666666667,67,KRSA,0.16266944734098018,1,TKL,RIPK,RIPK,ANKK1
RIPK,0.24416666666666667,67,KRSA,0.16266944734098018,1,TKL,RIPK,RIPK,RIPK1
RIPK,0.24416666666666667,67,KRSA,0.16266944734098018,1,TKL,RIPK,RIPK,RIPK2
RIPK,0.24416666666666667,67,KRSA,0.16266944734098018,1,TKL,RIPK,RIPK,RIPK3
RIPK,0.24416666666666667,67,KRSA,0.16266944734098018,1,TKL,RIPK,RIPK,RIPK4
PAKB,0.16166666666666665,72,KRSA,0.10010427528675704,1,STE,STE20,PAKB,PAK4
PAKB,0.16166666666666665,72,KRSA,0.10010427528675704,1,STE,STE20,PAKB,PAK5
PAKB,0.16166666666666665,72,KRSA,0.10010427528675704,1,STE,STE20,PAKB,PAK6
NAK,-0.345,59,KRSA,0.26277372262773724,2,OTHER,NAK,BIKE,AAK1
NAK,-0.345,59,KRSA,0.26277372262773724,2,OTHER,NAK,BIKE,BMP2K
NAK,-0.345,59,KRSA,0.26277372262773724,2,OTHER,NAK,GAK,GAK
NAK,-0.345,59,KRSA,0.26277372262773724,2,OTHER,NAK,MPSK,STK16
MLK,-0.2033333333333333,69,KRSA,0.13764337851929093,1,TKL,MLK,ILK,ILK
MLK,-0.2033333333333333,69,KRSA,0.13764337851929093,1,TKL,MLK,MLK,MAP3K10
MLK,-0.2033333333333333,69,KRSA,0.13764337851929093,1,TKL,MLK,MLK,MAP3K11
MLK,-0.2033333333333333,69,KRSA,0.13764337851929093,1,TKL,MLK,LZK,MAP3K12
MLK,-0.2033333333333333,69,KRSA,0.13764337851929093,1,TKL,MLK,LZK,MAP3K13
MLK,-0.2033333333333333,69,KRSA,0.13764337851929093,1,TKL,MLK,MLK,MAP3K9
MLK,-0.2033333333333333,69,KRSA,0.13764337851929093,1,TKL,MLK,HH498,TNNI3K
PKCH,0.05416666666666673,79,KRSA,0.01251303441084463,1,AGC,PKC,ETA,PRKCE
PKCH,0.05416666666666673,79,KRSA,0.01251303441084463,1,AGC,PKC,ETA,PRKCH
HAL,0.1225,74,KRSA,0.07507820646506778,1,RGC,RGC,RGC,NPR1
CDK,-4.099166666666667,2,KRSA,0.9760166840458812,4,CMGC,CDK,CDC2,CDK1
CDK,-4.099166666666667,2,KRSA,0.9760166840458812,4,CMGC,CDK,CDK10,CDK10
CDK,-4.099166666666667,2,KRSA,0.9760166840458812,4,CMGC,CDK,CRK7,CDK12
CDK,-4.099166666666667,2,KRSA,0.9760166840458812,4,CMGC,CDK,CRK7,CDK13
CDK,-4.099166666666667,2,KRSA,0.9760166840458812,4,CMGC,CDK,PFTAIRE,CDK14
CDK,-4.099166666666667,2,KRSA,0.9760166840458812,4,CMGC,CDK,PFTAIRE,CDK15
CDK,-4.099166666666667,2,KRSA,0.9760166840458812,4,CMGC,CDK,PCTAIRE,CDK16
CDK,-4.099166666666667,2,KRSA,0.9760166840458812,4,CMGC,CDK,PCTAIRE,CDK17
CDK,-4.099166666666667,2,KRSA,0.9760166840458812,4,CMGC,CDK,PCTAIRE,CDK18
CDK,-4.099166666666667,2,KRSA,0.9760166840458812,4,CMGC,CDK,CDK8,CDK19
CDK,-4.099166666666667,2,KRSA,0.9760166840458812,4,CMGC,CDK,CDC2,CDK2
CDK,-4.099166666666667,2,KRSA,0.9760166840458812,4,CMGC,CDK,CCRK,CDK20
CDK,-4.099166666666667,2,KRSA,0.9760166840458812,4,CMGC,CDK,CDC2,CDK3
CDK,-4.099166666666667,2,KRSA,0.9760166840458812,4,CMGC,CDK,CDK4,CDK4
CDK,-4.099166666666667,2,KRSA,0.9760166840458812,4,CMGC,CDK,CDK5,CDK5
CDK,-4.099166666666667,2,KRSA,0.9760166840458812,4,CMGC,CDK,CDK4,CDK6
CDK,-4.099166666666667,2,KRSA,0.9760166840458812,4,CMGC,CDK,CDK7,CDK7
CDK,-4.099166666666667,2,KRSA,0.9760166840458812,4,CMGC,CDK,CDK8,CDK8
CDK,-4.099166666666667,2,KRSA,0.9760166840458812,4,CMGC,CDK,CDK9,CDK9
CDK,-4.099166666666667,2,KRSA,0.9760166840458812,4,NA,NA,NA,CDK11A
CDK,-4.099166666666667,2,KRSA,0.9760166840458812,4,NA,NA,NA,CDK11B
ERK,-3.183333333333333,4,KRSA,0.9509906152241918,4,CMGC,MAPK,ERK1,MAPK1
ERK,-3.183333333333333,4,KRSA,0.9509906152241918,4,CMGC,MAPK,ERK7,MAPK15
ERK,-3.183333333333333,4,KRSA,0.9509906152241918,4,CMGC,MAPK,ERK1,MAPK3
ERK,-3.183333333333333,4,KRSA,0.9509906152241918,4,CMGC,MAPK,ERK3,MAPK4
ERK,-3.183333333333333,4,KRSA,0.9509906152241918,4,CMGC,MAPK,ERK3,MAPK6
ERK,-3.183333333333333,4,KRSA,0.9509906152241918,4,CMGC,MAPK,ERK5,MAPK7
PKCA,-4.128333333333333,1,KRSA,0.9885297184567258,4,AGC,PKC,ALPHA,PRKCA
PKCA,-4.128333333333333,1,KRSA,0.9885297184567258,4,AGC,PKC,ALPHA,PRKCB
PKCA,-4.128333333333333,1,KRSA,0.9885297184567258,4,AGC,PKC,ALPHA,PRKCG
JNK,-2.6275,7,KRSA,0.913451511991658,4,CMGC,MAPK,JNK,MAPK10
JNK,-2.6275,7,KRSA,0.913451511991658,4,CMGC,MAPK,JNK,MAPK8
JNK,-2.6275,7,KRSA,0.913451511991658,4,CMGC,MAPK,JNK,MAPK9
PDK1,-2.6241666666666665,8,KRSA,0.9009384775808134,4,ATYPICAL,PDHK,PDHK,PDK1
PDK1,-2.6241666666666665,8,KRSA,0.9009384775808134,4,AGC,PDK1,PDK1,PDPK1
PEK,-3.4016666666666664,3,KRSA,0.9635036496350365,4,OTHER,PEK,HRI,EIF2AK1
PEK,-3.4016666666666664,3,KRSA,0.9635036496350365,4,OTHER,PEK,PKR,EIF2AK2
PEK,-3.4016666666666664,3,KRSA,0.9635036496350365,4,OTHER,PEK,PEK,EIF2AK3
PEK,-3.4016666666666664,3,KRSA,0.9635036496350365,4,OTHER,PEK,GCN2,EIF2AK4
PKCD,0.2866666666666667,65,KRSA,0.18769551616266944,1,AGC,PKC,DELTA,PRKCD
PKCD,0.2866666666666667,65,KRSA,0.18769551616266944,1,AGC,PKC,DELTA,PRKCQ
P38,-2.0500000000000003,11,KRSA,0.8633993743482794,4,CMGC,MAPK,P38,MAPK11
P38,-2.0500000000000003,11,KRSA,0.8633993743482794,4,CMGC,MAPK,P38,MAPK12
P38,-2.0500000000000003,11,KRSA,0.8633993743482794,4,CMGC,MAPK,P38,MAPK13
P38,-2.0500000000000003,11,KRSA,0.8633993743482794,4,CMGC,MAPK,P38,MAPK14
DYRK,-2.8766666666666665,6,KRSA,0.9259645464025026,4,CMGC,DYRK,DYRK1,DYRK1A
DYRK,-2.8766666666666665,6,KRSA,0.9259645464025026,4,CMGC,DYRK,DYRK1,DYRK1B
DYRK,-2.8766666666666665,6,KRSA,0.9259645464025026,4,CMGC,DYRK,DYRK2,DYRK2
DYRK,-2.8766666666666665,6,KRSA,0.9259645464025026,4,CMGC,DYRK,DYRK2,DYRK3
DYRK,-2.8766666666666665,6,KRSA,0.9259645464025026,4,CMGC,DYRK,DYRK2,DYRK4
DYRK,-2.8766666666666665,6,KRSA,0.9259645464025026,4,CMGC,DYRK,HIPK,HIPK1
DYRK,-2.8766666666666665,6,KRSA,0.9259645464025026,4,CMGC,DYRK,HIPK,HIPK2
DYRK,-2.8766666666666665,6,KRSA,0.9259645464025026,4,CMGC,DYRK,HIPK,HIPK3
DYRK,-2.8766666666666665,6,KRSA,0.9259645464025026,4,CMGC,DYRK,HIPK,HIPK4
DYRK,-2.8766666666666665,6,KRSA,0.9259645464025026,4,CMGC,DYRK,PRP4,PRPF4B
PLK,-3.0900000000000003,5,KRSA,0.9384775808133472,4,NA,NA,NA,PLK5
PLK,-3.0900000000000003,5,KRSA,0.9384775808133472,4,OTHER,PLK,PLK1,PLK1
PLK,-3.0900000000000003,5,KRSA,0.9384775808133472,4,OTHER,PLK,PLK2,PLK2
PLK,-3.0900000000000003,5,KRSA,0.9384775808133472,4,OTHER,PLK,PLK2,PLK3
PLK,-3.0900000000000003,5,KRSA,0.9384775808133472,4,OTHER,PLK,SAK,PLK4
CAMK2,-0.5050000000000001,54,KRSA,0.32533889468196037,2,CAMK,CAMK2,CAMK2,CAMK2A
CAMK2,-0.5050000000000001,54,KRSA,0.32533889468196037,2,CAMK,CAMK2,CAMK2,CAMK2B
CAMK2,-0.5050000000000001,54,KRSA,0.32533889468196037,2,CAMK,CAMK2,CAMK2,CAMK2D
CAMK2,-0.5050000000000001,54,KRSA,0.32533889468196037,2,CAMK,CAMK2,CAMK2,CAMK2G
KHS,0.7716666666666667,45,KRSA,0.43795620437956206,2,STE,STE20,KHS,MAP4K1
KHS,0.7716666666666667,45,KRSA,0.43795620437956206,2,STE,STE20,KHS,MAP4K2
KHS,0.7716666666666667,45,KRSA,0.43795620437956206,2,STE,STE20,KHS,MAP4K3
KHS,0.7716666666666667,45,KRSA,0.43795620437956206,2,STE,STE20,KHS,MAP4K5
MLCK,0.1841666666666667,71,KRSA,0.11261730969760167,1,CAMK,MLCK,MLCK,MYLK
MLCK,0.1841666666666667,71,KRSA,0.11261730969760167,1,CAMK,MLCK,MLCK,MYLK2
MLCK,0.1841666666666667,71,KRSA,0.11261730969760167,1,CAMK,MLCK,MLCK,TTN
COT,0.2716666666666667,66,KRSA,0.17518248175182483,1,STE,STE-UNIQUE,STE-UNIQUE,MAP3K8
PASK,0.9,35,KRSA,0.5630865484880083,3,CAMK,CAMKL,PASK,PASK
SLK,0.35583333333333333,57,KRSA,0.28779979144942647,2,STE,STE20,SLK,SLK
SLK,0.35583333333333333,57,KRSA,0.28779979144942647,2,STE,STE20,SLK,STK10
MST,-0.3541666666666667,58,KRSA,0.27528675703858185,2,STE,STE20,MST,STK3
MST,-0.3541666666666667,58,KRSA,0.27528675703858185,2,STE,STE20,MST,STK4
CHK1,0.77,46,KRSA,0.4254431699687174,2,CAMK,CAMKL,CHK1,CHEK1
PKCH,0.05416666666666673,79,KRSA,0.01251303441084463,1,AGC,PKC,ETA,PRKCE
PKCH,0.05416666666666673,79,KRSA,0.01251303441084463,1,AGC,PKC,ETA,PRKCH
QIK,-1.5158333333333334,15,KRSA,0.8133472367049009,4,CAMK,CAMKL,QIK,SIK1
QIK,-1.5158333333333334,15,KRSA,0.8133472367049009,4,CAMK,CAMKL,QIK,SIK2
PRKDC,-1.0266666666666666,29,KRSA,0.6381647549530761,3,ATYPICAL,PIKK,DNAPK,PRKDC
PIM,0.39,56,KRSA,0.30031282586027114,2,CAMK,PIM,PIM,PIM1
PIM,0.39,56,KRSA,0.30031282586027114,2,CAMK,PIM,PIM,PIM2
PIM,0.39,56,KRSA,0.30031282586027114,2,CAMK,PIM,PIM,PIM3
AUR,0.06249999999999999,78,KRSA,0.02502606882168926,1,OTHER,AUR,AUR,AURKA
AUR,0.06249999999999999,78,KRSA,0.02502606882168926,1,OTHER,AUR,AUR,AURKB
AUR,0.06249999999999999,78,KRSA,0.02502606882168926,1,OTHER,AUR,AUR,AURKC
PDHK,-1.3808333333333334,18,KRSA,0.7758081334723671,4,ATYPICAL,PDHK,BCKDK,BCKDK
PDHK,-1.3808333333333334,18,KRSA,0.7758081334723671,4,ATYPICAL,PDHK,PDHK,PDK2
PDHK,-1.3808333333333334,18,KRSA,0.7758081334723671,4,ATYPICAL,PDHK,PDHK,PDK3
PDHK,-1.3808333333333334,18,KRSA,0.7758081334723671,4,ATYPICAL,PDHK,PDHK,PDK4
PKCI,0.5075000000000001,53,KRSA,0.337851929092805,2,AGC,PKC,IOTA,PRKCI
PKCI,0.5075000000000001,53,KRSA,0.337851929092805,2,AGC,PKC,IOTA,PRKCZ
MTOR,-1.4466666666666663,17,KRSA,0.7883211678832117,4,ATYPICAL,PIKK,FRAP,MTOR
NMO,-2.4283333333333332,9,KRSA,0.8884254431699687,4,CMGC,MAPK,NMO,NLK
CK1,-1.7291666666666663,13,KRSA,0.8383733055265902,4,CK1,CK1,CK1-A,CSNK1A1
CK1,-1.7291666666666663,13,KRSA,0.8383733055265902,4,CK1,CK1,CK1-A,CSNK1A1L
CK1,-1.7291666666666663,13,KRSA,0.8383733055265902,4,CK1,CK1,CK1-D,CSNK1D
CK1,-1.7291666666666663,13,KRSA,0.8383733055265902,4,CK1,CK1,CK1-D,CSNK1E
CK1,-1.7291666666666663,13,KRSA,0.8383733055265902,4,CK1,CK1,CK1-G,CSNK1G1
CK1,-1.7291666666666663,13,KRSA,0.8383733055265902,4,CK1,CK1,CK1-G,CSNK1G2
CK1,-1.7291666666666663,13,KRSA,0.8383733055265902,4,CK1,CK1,CK1-G,CSNK1G3
CK1,-1.7291666666666663,13,KRSA,0.8383733055265902,4,CK1,TTBK,TTBK,TTBK1
CK1,-1.7291666666666663,13,KRSA,0.8383733055265902,4,CK1,TTBK,TTBK,TTBK2
CK1,-1.7291666666666663,13,KRSA,0.8383733055265902,4,CK1,VRK,VRK,VRK3
CAMK1,1.0666666666666669,28,KRSA,0.6506777893639207,3,CAMK,CAMK1,CAMK1,CAMK1
CAMK1,1.0666666666666669,28,KRSA,0.6506777893639207,3,CAMK,CAMK1,CAMK1,CAMK1D
CAMK1,1.0666666666666669,28,KRSA,0.6506777893639207,3,CAMK,CAMK1,CAMK1,CAMK1G
CAMK1,1.0666666666666669,28,KRSA,0.6506777893639207,3,CAMK,CAMK1,CAMK1,CAMK4
CAMK1,1.0666666666666669,28,KRSA,0.6506777893639207,3,CAMK,CAMK1,CAMK1,PNCK
AMPK,0.9366666666666666,33,KRSA,0.5881126173096975,3,CAMK,CAMKL,AMPK,PRKAA1
AMPK,0.9366666666666666,33,KRSA,0.5881126173096975,3,CAMK,CAMKL,AMPK,PRKAA2
STE7,-2.408333333333333,10,KRSA,0.8759124087591241,4,STE,STE7,MEK1,MAP2K1
STE7,-2.408333333333333,10,KRSA,0.8759124087591241,4,STE,STE7,MEK1,MAP2K2
STE7,-2.408333333333333,10,KRSA,0.8759124087591241,4,STE,STE7,MEK3,MAP2K3
STE7,-2.408333333333333,10,KRSA,0.8759124087591241,4,STE,STE7,MEK4,MAP2K4
STE7,-2.408333333333333,10,KRSA,0.8759124087591241,4,STE,STE7,MEK5,MAP2K5
STE7,-2.408333333333333,10,KRSA,0.8759124087591241,4,STE,STE7,MEK3,MAP2K6
STE7,-2.408333333333333,10,KRSA,0.8759124087591241,4,STE,STE7,MEK7,MAP2K7
MSN,0.585,51,KRSA,0.36287799791449427,2,STE,STE20,MSN,MAP4K4
MSN,0.585,51,KRSA,0.36287799791449427,2,STE,STE20,MSN,NRK
MSN,0.585,51,KRSA,0.36287799791449427,2,STE,STE20,MSN,TNIK
ATR,-0.9033333333333332,34,KRSA,0.5755995828988529,3,ATYPICAL,PIKK,ATR,ATR
SGK,0.8883333333333333,36,KRSA,0.5505735140771637,3,AGC,SGK,SGK,SGK1
SGK,0.8883333333333333,36,KRSA,0.5505735140771637,3,AGC,SGK,SGK,SGK2
SGK,0.8883333333333333,36,KRSA,0.5505735140771637,3,AGC,SGK,SGK,SGK3
PKD,-0.31750000000000006,62,KRSA,0.22523461939520334,1,CAMK,PKD,PKD,PRKD1
PKD,-0.31750000000000006,62,KRSA,0.22523461939520334,1,CAMK,PKD,PKD,PRKD2
PKD,-0.31750000000000006,62,KRSA,0.22523461939520334,1,CAMK,PKD,PKD,PRKD3
GSK,-1.2241666666666666,21,KRSA,0.7382690302398331,3,CMGC,GSK,GSK,GSK3A
GSK,-1.2241666666666666,21,KRSA,0.7382690302398331,3,CMGC,GSK,GSK,GSK3B
PKN,-0.31916666666666665,61,KRSA,0.23774765380604795,1,AGC,PKN,PKN,PKN1
PKN,-0.31916666666666665,61,KRSA,0.23774765380604795,1,AGC,PKN,PKN,PKN2
PKN,-0.31916666666666665,61,KRSA,0.23774765380604795,1,AGC,PKN,PKN,PKN3
TTK,-1.215833333333333,23,KRSA,0.7132429614181439,3,OTHER,TTK,TTK,TTK
HAL,0.1225,74,KRSA,0.07507820646506778,1,RGC,RGC,RGC,NPR1
TLK,-1.211666666666667,24,KRSA,0.7007299270072993,3,OTHER,TLK,TLK,TLK1
TLK,-1.211666666666667,24,KRSA,0.7007299270072993,3,OTHER,TLK,TLK,TLK2
NUAK,-1.1833333333333331,25,KRSA,0.6882168925964547,3,CAMK,CAMKL,NUAK,NUAK1
NUAK,-1.1833333333333331,25,KRSA,0.6882168925964547,3,CAMK,CAMKL,NUAK,NUAK2
PHK,-1.7991666666666666,12,KRSA,0.8508863399374348,4,CAMK,PHK,PHK,PHKG1
PHK,-1.7991666666666666,12,KRSA,0.8508863399374348,4,CAMK,PHK,PHK,PHKG2
PAKB,0.16166666666666665,72,KRSA,0.10010427528675704,1,STE,STE20,PAKB,PAK4
PAKB,0.16166666666666665,72,KRSA,0.10010427528675704,1,STE,STE20,PAKB,PAK5
PAKB,0.16166666666666665,72,KRSA,0.10010427528675704,1,STE,STE20,PAKB,PAK6
DMPK,-1.1075,27,KRSA,0.6631908237747653,3,AGC,DMPK,GEK,CDC42BPA
DMPK,-1.1075,27,KRSA,0.6631908237747653,3,AGC,DMPK,GEK,CDC42BPB
DMPK,-1.1075,27,KRSA,0.6631908237747653,3,AGC,DMPK,GEK,CDC42BPG
DMPK,-1.1075,27,KRSA,0.6631908237747653,3,AGC,DMPK,CRIK,CIT
DMPK,-1.1075,27,KRSA,0.6631908237747653,3,AGC,DMPK,GEK,DMPK
DMPK,-1.1075,27,KRSA,0.6631908237747653,3,AGC,DMPK,ROCK,ROCK1
DMPK,-1.1075,27,KRSA,0.6631908237747653,3,AGC,DMPK,ROCK,ROCK2
NAK,-0.345,59,KRSA,0.26277372262773724,2,OTHER,NAK,BIKE,AAK1
NAK,-0.345,59,KRSA,0.26277372262773724,2,OTHER,NAK,BIKE,BMP2K
NAK,-0.345,59,KRSA,0.26277372262773724,2,OTHER,NAK,GAK,GAK
NAK,-0.345,59,KRSA,0.26277372262773724,2,OTHER,NAK,MPSK,STK16
RAF,-1.0216666666666667,30,KRSA,0.6256517205422315,3,TKL,RAF,RAF,ARAF
RAF,-1.0216666666666667,30,KRSA,0.6256517205422315,3,TKL,RAF,RAF,BRAF
RAF,-1.0216666666666667,30,KRSA,0.6256517205422315,3,TKL,RAF,KSR,KSR1
RAF,-1.0216666666666667,30,KRSA,0.6256517205422315,3,TKL,RAF,KSR,KSR2
RAF,-1.0216666666666667,30,KRSA,0.6256517205422315,3,TKL,RAF,RAF,RAF1
AKT,-0.20333333333333337,68,KRSA,0.15015641293013557,1,AGC,AKT,AKT,AKT1
AKT,-0.20333333333333337,68,KRSA,0.15015641293013557,1,AGC,AKT,AKT,AKT2
AKT,-0.20333333333333337,68,KRSA,0.15015641293013557,1,AGC,AKT,AKT,AKT3
NEK,0.19,70,KRSA,0.1251303441084463,1,OTHER,NEK,NEK11,NEK11
NEK,0.19,70,KRSA,0.1251303441084463,1,OTHER,NEK,NEK2,NEK2
NEK,0.19,70,KRSA,0.1251303441084463,1,OTHER,NEK,NEK1,NEK3
NEK,0.19,70,KRSA,0.1251303441084463,1,OTHER,NEK,NEK4,NEK4
NEK,0.19,70,KRSA,0.1251303441084463,1,OTHER,NEK,NEK1,NEK5
NEK,0.19,70,KRSA,0.1251303441084463,1,OTHER,NEK,NEK6,NEK6
NEK,0.19,70,KRSA,0.1251303441084463,1,OTHER,NEK,NEK6,NEK7
NEK,0.19,70,KRSA,0.1251303441084463,1,OTHER,NEK,NEK8,NEK8
NEK,0.19,70,KRSA,0.1251303441084463,1,OTHER,NEK,NEK8,NEK9
MELK,0.145,73,KRSA,0.08759124087591241,1,CAMK,CAMKL,MELK,MELK
LKB,-1.545,14,KRSA,0.8258602711157456,4,CAMK,CAMKL,LKB,STK11
WNK,-0.8558333333333333,40,KRSA,0.5005213764337852,3,OTHER,WNK,WNK,WNK1
WNK,-0.8558333333333333,40,KRSA,0.5005213764337852,3,OTHER,WNK,WNK,WNK2
WNK,-0.8558333333333333,40,KRSA,0.5005213764337852,3,OTHER,WNK,WNK,WNK3
WNK,-0.8558333333333333,40,KRSA,0.5005213764337852,3,OTHER,WNK,WNK,WNK4
TAO,0.73,48,KRSA,0.40041710114702816,2,STE,STE20,TAO,TAOK1
TAO,0.73,48,KRSA,0.40041710114702816,2,STE,STE20,TAO,TAOK2
TAO,0.73,48,KRSA,0.40041710114702816,2,STE,STE20,TAO,TAOK3
CLK,-0.855,41,KRSA,0.4880083420229406,2,CMGC,CLK,CLK,CLK1
CLK,-0.855,41,KRSA,0.4880083420229406,2,CMGC,CLK,CLK,CLK2
CLK,-0.855,41,KRSA,0.4880083420229406,2,CMGC,CLK,CLK,CLK3
CLK,-0.855,41,KRSA,0.4880083420229406,2,CMGC,CLK,CLK,CLK4
NIK,-0.8575,39,KRSA,0.5130344108446299,3,STE,STE-UNIQUE,STE-UNIQUE,MAP3K14
IKK,-1.1525,26,KRSA,0.67570385818561,3,OTHER,IKK,IKK,CHUK
IKK,-1.1525,26,KRSA,0.67570385818561,3,OTHER,IKK,IKK,IKBKB
IKK,-1.1525,26,KRSA,0.67570385818561,3,OTHER,IKK,IKK,IKBKE
IKK,-1.1525,26,KRSA,0.67570385818561,3,OTHER,IKK,IKK,TBK1
ULK,-0.8608333333333333,38,KRSA,0.5255474452554745,3,OTHER,ULK,FUSED,STK36
ULK,-0.8608333333333333,38,KRSA,0.5255474452554745,3,OTHER,ULK,ULK,ULK1
ULK,-0.8608333333333333,38,KRSA,0.5255474452554745,3,OTHER,ULK,ULK,ULK2
ULK,-0.8608333333333333,38,KRSA,0.5255474452554745,3,OTHER,ULK,ULK,ULK3
ULK,-0.8608333333333333,38,KRSA,0.5255474452554745,3,OTHER,ULK,ULK,ULK4
MOS,-0.8491666666666666,42,KRSA,0.4754953076120959,2,OTHER,MOS,MOS,MOS
BUD32,-0.8658333333333333,37,KRSA,0.5380604796663191,3,OTHER,BUD32,BUD32,TP53RK
BRSK,0.7375,47,KRSA,0.4129301355578728,2,CAMK,CAMKL,BRSK,BRSK1
BRSK,0.7375,47,KRSA,0.4129301355578728,2,CAMK,CAMKL,BRSK,BRSK2
CAMKK,-0.8458333333333333,43,KRSA,0.4629822732012513,2,OTHER,CAMKK,META,CAMKK1
CAMKK,-0.8458333333333333,43,KRSA,0.4629822732012513,2,OTHER,CAMKK,META,CAMKK2
STE11,-0.9616666666666668,32,KRSA,0.6006256517205423,3,TKL,MLK,TAK1,MAP3K7
STE11,-0.9616666666666668,32,KRSA,0.6006256517205423,3,STE,STE11,MEKK1,MAP3K1
STE11,-0.9616666666666668,32,KRSA,0.6006256517205423,3,STE,STE11,ASK,MAP3K15
STE11,-0.9616666666666668,32,KRSA,0.6006256517205423,3,STE,STE11,MEKK2,MAP3K2
STE11,-0.9616666666666668,32,KRSA,0.6006256517205423,3,STE,STE11,MEKK2,MAP3K3
STE11,-0.9616666666666668,32,KRSA,0.6006256517205423,3,STE,STE11,MEKK4,MAP3K4
STE11,-0.9616666666666668,32,KRSA,0.6006256517205423,3,STE,STE11,ASK,MAP3K5
STE11,-0.9616666666666668,32,KRSA,0.6006256517205423,3,STE,STE11,ASK,MAP3K6
RIPK,0.24416666666666667,67,KRSA,0.16266944734098018,1,TKL,RIPK,RIPK,ANKK1
RIPK,0.24416666666666667,67,KRSA,0.16266944734098018,1,TKL,RIPK,RIPK,RIPK1
RIPK,0.24416666666666667,67,KRSA,0.16266944734098018,1,TKL,RIPK,RIPK,RIPK2
RIPK,0.24416666666666667,67,KRSA,0.16266944734098018,1,TKL,RIPK,RIPK,RIPK3
RIPK,0.24416666666666667,67,KRSA,0.16266944734098018,1,TKL,RIPK,RIPK,RIPK4
PAKA,0.08333333333333334,76,KRSA,0.05005213764337852,1,STE,STE20,PAKA,PAK1
PAKA,0.08333333333333334,76,KRSA,0.05005213764337852,1,STE,STE20,PAKA,PAK2
PAKA,0.08333333333333334,76,KRSA,0.05005213764337852,1,STE,STE20,PAKA,PAK3
RAD53,0.33166666666666667,60,KRSA,0.2502606882168926,2,CAMK,RAD53,RAD53,CHEK2
FRAY,-1.4925,16,KRSA,0.8008342022940563,4,STE,STE20,FRAY,OXSR1
FRAY,-1.4925,16,KRSA,0.8008342022940563,4,STE,STE20,FRAY,STK39
NDR,0.07416666666666666,77,KRSA,0.03753910323253389,1,AGC,NDR,NDR,LATS1
NDR,0.07416666666666666,77,KRSA,0.03753910323253389,1,AGC,NDR,NDR,LATS2
NDR,0.07416666666666666,77,KRSA,0.03753910323253389,1,AGC,NDR,NDR,STK38
NDR,0.07416666666666666,77,KRSA,0.03753910323253389,1,AGC,NDR,NDR,STK38L
VRK1,-0.30833333333333335,63,KRSA,0.2127215849843587,1,CK1,VRK,VRK,VRK1
BARK2,0.02000000000000002,80,KRSA,0,1,AGC,GRK,BARK,GRK3
DAPK,0.30583333333333335,64,KRSA,0.20020855057351408,1,CAMK,DAPK,DAPK,DAPK1
DAPK,0.30583333333333335,64,KRSA,0.20020855057351408,1,CAMK,DAPK,DAPK,DAPK2
DAPK,0.30583333333333335,64,KRSA,0.20020855057351408,1,CAMK,DAPK,DAPK,DAPK3
DAPK,0.30583333333333335,64,KRSA,0.20020855057351408,1,CAMK,DAPK,DRAK,STK17A
DAPK,0.30583333333333335,64,KRSA,0.20020855057351408,1,CAMK,DAPK,DRAK,STK17B
GRK,-0.8391666666666666,44,KRSA,0.4504692387904067,2,AGC,GRK,GRK,GRK1
GRK,-0.8391666666666666,44,KRSA,0.4504692387904067,2,AGC,GRK,GRK,GRK4
GRK,-0.8391666666666666,44,KRSA,0.4504692387904067,2,AGC,GRK,GRK,GRK5
GRK,-0.8391666666666666,44,KRSA,0.4504692387904067,2,AGC,GRK,GRK,GRK6
GRK,-0.8391666666666666,44,KRSA,0.4504692387904067,2,AGC,GRK,GRK,GRK7
RSK,-0.4016666666666666,55,KRSA,0.31282586027111575,2,AGC,RSK,RSK,RPS6KA1
RSK,-0.4016666666666666,55,KRSA,0.31282586027111575,2,AGC,RSK,RSK,RPS6KA2
RSK,-0.4016666666666666,55,KRSA,0.31282586027111575,2,AGC,RSK,RSK,RPS6KA3
RSK,-0.4016666666666666,55,KRSA,0.31282586027111575,2,AGC,RSK,MSK,RPS6KA4
RSK,-0.4016666666666666,55,KRSA,0.31282586027111575,2,AGC,RSK,MSK,RPS6KA5
RSK,-0.4016666666666666,55,KRSA,0.31282586027111575,2,AGC,RSK,RSK,RPS6KA6
RSK,-0.4016666666666666,55,KRSA,0.31282586027111575,2,AGC,RSK,P70,RPS6KB1
RSK,-0.4016666666666666,55,KRSA,0.31282586027111575,2,AGC,RSK,P70,RPS6KB2
CK2,-1.221666666666667,22,KRSA,0.7257559958289885,3,CMGC,CK2,CK2,CSNK2A1
CK2,-1.221666666666667,22,KRSA,0.7257559958289885,3,CMGC,CK2,CK2,CSNK2A2
CK2,-1.221666666666667,22,KRSA,0.7257559958289885,3,NA,NA,NA,CSNK2A3
IRAK,-0.9883333333333332,31,KRSA,0.6131386861313869,3,TKL,IRAK,IRAK,IRAK1
IRAK,-0.9883333333333332,31,KRSA,0.6131386861313869,3,TKL,IRAK,IRAK,IRAK2
IRAK,-0.9883333333333332,31,KRSA,0.6131386861313869,3,TKL,IRAK,IRAK,IRAK3
IRAK,-0.9883333333333332,31,KRSA,0.6131386861313869,3,TKL,IRAK,IRAK,IRAK4
STKR,-0.5766666666666667,52,KRSA,0.35036496350364965,2,TKL,STKR,TYPE1,ACVR1
STKR,-0.5766666666666667,52,KRSA,0.35036496350364965,2,TKL,STKR,TYPE1,ACVR1B
STKR,-0.5766666666666667,52,KRSA,0.35036496350364965,2,TKL,STKR,TYPE1,ACVR1C
STKR,-0.5766666666666667,52,KRSA,0.35036496350364965,2,TKL,STKR,TYPE2,ACVR2A
STKR,-0.5766666666666667,52,KRSA,0.35036496350364965,2,TKL,STKR,TYPE2,ACVR2B
STKR,-0.5766666666666667,52,KRSA,0.35036496350364965,2,TKL,STKR,TYPE1,ACVRL1
STKR,-0.5766666666666667,52,KRSA,0.35036496350364965,2,TKL,STKR,TYPE2,AMHR2
STKR,-0.5766666666666667,52,KRSA,0.35036496350364965,2,TKL,STKR,TYPE1,BMPR1A
STKR,-0.5766666666666667,52,KRSA,0.35036496350364965,2,TKL,STKR,TYPE1,BMPR1B
STKR,-0.5766666666666667,52,KRSA,0.35036496350364965,2,TKL,STKR,TYPE2,BMPR2
STKR,-0.5766666666666667,52,KRSA,0.35036496350364965,2,TKL,STKR,TYPE1,TGFBR1
STKR,-0.5766666666666667,52,KRSA,0.35036496350364965,2,TKL,STKR,TYPE2,TGFBR2
MAPKAPK,0.10083333333333332,75,KRSA,0.06256517205422316,1,CAMK,MAPKAPK,MAPKAPK,MAPKAPK2
MAPKAPK,0.10083333333333332,75,KRSA,0.06256517205422316,1,CAMK,MAPKAPK,MAPKAPK,MAPKAPK3
MAPKAPK,0.10083333333333332,75,KRSA,0.06256517205422316,1,CAMK,MAPKAPK,MAPKAPK,MAPKAPK5
MAPKAPK,0.10083333333333332,75,KRSA,0.06256517205422316,1,CAMK,MAPKAPK,MNK,MKNK1
MAPKAPK,0.10083333333333332,75,KRSA,0.06256517205422316,1,CAMK,MAPKAPK,MNK,MKNK2
MLK,-0.2033333333333333,69,KRSA,0.13764337851929093,1,TKL,MLK,ILK,ILK
MLK,-0.2033333333333333,69,KRSA,0.13764337851929093,1,TKL,MLK,MLK,MAP3K10
MLK,-0.2033333333333333,69,KRSA,0.13764337851929093,1,TKL,MLK,MLK,MAP3K11
MLK,-0.2033333333333333,69,KRSA,0.13764337851929093,1,TKL,MLK,LZK,MAP3K12
MLK,-0.2033333333333333,69,KRSA,0.13764337851929093,1,TKL,MLK,LZK,MAP3K13
MLK,-0.2033333333333333,69,KRSA,0.13764337851929093,1,TKL,MLK,MLK,MAP3K9
MLK,-0.2033333333333333,69,KRSA,0.13764337851929093,1,TKL,MLK,HH498,TNNI3K
ATM,-1.2875,19,KRSA,0.7632950990615224,4,ATYPICAL,PIKK,ATM,ATM
PKA,0.6225,50,KRSA,0.3753910323253389,2,AGC,PKA,PKA,PRKACA
PKA,0.6225,50,KRSA,0.3753910323253389,2,AGC,PKA,PKA,PRKACB
PKA,0.6225,50,KRSA,0.3753910323253389,2,AGC,PKA,PKA,PRKACG
PKA,0.6225,50,KRSA,0.3753910323253389,2,AGC,PKA,PKA,PRKX
PKA,0.6225,50,KRSA,0.3753910323253389,2,AGC,PKA,PKA,PRKY
PKG,0.665,49,KRSA,0.38790406673618355,2,AGC,PKG,PKG,PRKG1
PKG,0.665,49,KRSA,0.38790406673618355,2,AGC,PKG,PKG,PRKG2
PKCA,-4.128333333333333,1,KRSA,0.9885297184567258,4,AGC,PKC,ALPHA,PRKCA
PKCA,-4.128333333333333,1,KRSA,0.9885297184567258,4,AGC,PKC,ALPHA,PRKCB
PKCA,-4.128333333333333,1,KRSA,0.9885297184567258,4,AGC,PKC,ALPHA,PRKCG
CDK,-4.099166666666667,2,KRSA,0.9760166840458812,4,CMGC,CDK,CDC2,CDK1
CDK,-4.099166666666667,2,KRSA,0.9760166840458812,4,CMGC,CDK,CDK10,CDK10
CDK,-4.099166666666667,2,KRSA,0.9760166840458812,4,CMGC,CDK,CRK7,CDK12
CDK,-4.099166666666667,2,KRSA,0.9760166840458812,4,CMGC,CDK,CRK7,CDK13
CDK,-4.099166666666667,2,KRSA,0.9760166840458812,4,CMGC,CDK,PFTAIRE,CDK14
CDK,-4.099166666666667,2,KRSA,0.9760166840458812,4,CMGC,CDK,PFTAIRE,CDK15
CDK,-4.099166666666667,2,KRSA,0.9760166840458812,4,CMGC,CDK,PCTAIRE,CDK16
CDK,-4.099166666666667,2,KRSA,0.9760166840458812,4,CMGC,CDK,PCTAIRE,CDK17
CDK,-4.099166666666667,2,KRSA,0.9760166840458812,4,CMGC,CDK,PCTAIRE,CDK18
CDK,-4.099166666666667,2,KRSA,0.9760166840458812,4,CMGC,CDK,CDK8,CDK19
CDK,-4.099166666666667,2,KRSA,0.9760166840458812,4,CMGC,CDK,CDC2,CDK2
CDK,-4.099166666666667,2,KRSA,0.9760166840458812,4,CMGC,CDK,CCRK,CDK20
CDK,-4.099166666666667,2,KRSA,0.9760166840458812,4,CMGC,CDK,CDC2,CDK3
CDK,-4.099166666666667,2,KRSA,0.9760166840458812,4,CMGC,CDK,CDK4,CDK4
CDK,-4.099166666666667,2,KRSA,0.9760166840458812,4,CMGC,CDK,CDK5,CDK5
CDK,-4.099166666666667,2,KRSA,0.9760166840458812,4,CMGC,CDK,CDK4,CDK6
CDK,-4.099166666666667,2,KRSA,0.9760166840458812,4,CMGC,CDK,CDK7,CDK7
CDK,-4.099166666666667,2,KRSA,0.9760166840458812,4,CMGC,CDK,CDK8,CDK8
CDK,-4.099166666666667,2,KRSA,0.9760166840458812,4,CMGC,CDK,CDK9,CDK9
CDK,-4.099166666666667,2,KRSA,0.9760166840458812,4,NA,NA,NA,CDK11A
CDK,-4.099166666666667,2,KRSA,0.9760166840458812,4,NA,NA,NA,CDK11B
PEK,-3.4016666666666664,3,KRSA,0.9635036496350365,4,OTHER,PEK,HRI,EIF2AK1
PEK,-3.4016666666666664,3,KRSA,0.9635036496350365,4,OTHER,PEK,PKR,EIF2AK2
PEK,-3.4016666666666664,3,KRSA,0.9635036496350365,4,OTHER,PEK,PEK,EIF2AK3
PEK,-3.4016666666666664,3,KRSA,0.9635036496350365,4,OTHER,PEK,GCN2,EIF2AK4
KHS,0.7716666666666667,45,KRSA,0.43795620437956206,2,STE,STE20,KHS,MAP4K1
KHS,0.7716666666666667,45,KRSA,0.43795620437956206,2,STE,STE20,KHS,MAP4K2
KHS,0.7716666666666667,45,KRSA,0.43795620437956206,2,STE,STE20,KHS,MAP4K3
KHS,0.7716666666666667,45,KRSA,0.43795620437956206,2,STE,STE20,KHS,MAP4K5
PLK,-3.0900000000000003,5,KRSA,0.9384775808133472,4,NA,NA,NA,PLK5
PLK,-3.0900000000000003,5,KRSA,0.9384775808133472,4,OTHER,PLK,PLK1,PLK1
PLK,-3.0900000000000003,5,KRSA,0.9384775808133472,4,OTHER,PLK,PLK2,PLK2
PLK,-3.0900000000000003,5,KRSA,0.9384775808133472,4,OTHER,PLK,PLK2,PLK3
PLK,-3.0900000000000003,5,KRSA,0.9384775808133472,4,OTHER,PLK,SAK,PLK4
PDHK,-1.3808333333333334,18,KRSA,0.7758081334723671,4,ATYPICAL,PDHK,BCKDK,BCKDK
PDHK,-1.3808333333333334,18,KRSA,0.7758081334723671,4,ATYPICAL,PDHK,PDHK,PDK2
PDHK,-1.3808333333333334,18,KRSA,0.7758081334723671,4,ATYPICAL,PDHK,PDHK,PDK3
PDHK,-1.3808333333333334,18,KRSA,0.7758081334723671,4,ATYPICAL,PDHK,PDHK,PDK4
IRAK,-0.9883333333333332,31,KRSA,0.6131386861313869,3,TKL,IRAK,IRAK,IRAK1
IRAK,-0.9883333333333332,31,KRSA,0.6131386861313869,3,TKL,IRAK,IRAK,IRAK2
IRAK,-0.9883333333333332,31,KRSA,0.6131386861313869,3,TKL,IRAK,IRAK,IRAK3
IRAK,-0.9883333333333332,31,KRSA,0.6131386861313869,3,TKL,IRAK,IRAK,IRAK4
SGK,0.8883333333333333,36,KRSA,0.5505735140771637,3,AGC,SGK,SGK,SGK1
SGK,0.8883333333333333,36,KRSA,0.5505735140771637,3,AGC,SGK,SGK,SGK2
SGK,0.8883333333333333,36,KRSA,0.5505735140771637,3,AGC,SGK,SGK,SGK3
CK1,-1.7291666666666663,13,KRSA,0.8383733055265902,4,CK1,CK1,CK1-A,CSNK1A1
CK1,-1.7291666666666663,13,KRSA,0.8383733055265902,4,CK1,CK1,CK1-A,CSNK1A1L
CK1,-1.7291666666666663,13,KRSA,0.8383733055265902,4,CK1,CK1,CK1-D,CSNK1D
CK1,-1.7291666666666663,13,KRSA,0.8383733055265902,4,CK1,CK1,CK1-D,CSNK1E
CK1,-1.7291666666666663,13,KRSA,0.8383733055265902,4,CK1,CK1,CK1-G,CSNK1G1
CK1,-1.7291666666666663,13,KRSA,0.8383733055265902,4,CK1,CK1,CK1-G,CSNK1G2
CK1,-1.7291666666666663,13,KRSA,0.8383733055265902,4,CK1,CK1,CK1-G,CSNK1G3
CK1,-1.7291666666666663,13,KRSA,0.8383733055265902,4,CK1,TTBK,TTBK,TTBK1
CK1,-1.7291666666666663,13,KRSA,0.8383733055265902,4,CK1,TTBK,TTBK,TTBK2
CK1,-1.7291666666666663,13,KRSA,0.8383733055265902,4,CK1,VRK,VRK,VRK3
GRK,-0.8391666666666666,44,KRSA,0.4504692387904067,2,AGC,GRK,GRK,GRK1
GRK,-0.8391666666666666,44,KRSA,0.4504692387904067,2,AGC,GRK,GRK,GRK4
GRK,-0.8391666666666666,44,KRSA,0.4504692387904067,2,AGC,GRK,GRK,GRK5
GRK,-0.8391666666666666,44,KRSA,0.4504692387904067,2,AGC,GRK,GRK,GRK6
GRK,-0.8391666666666666,44,KRSA,0.4504692387904067,2,AGC,GRK,GRK,GRK7
QIK,-1.5158333333333334,15,KRSA,0.8133472367049009,4,CAMK,CAMKL,QIK,SIK1
QIK,-1.5158333333333334,15,KRSA,0.8133472367049009,4,CAMK,CAMKL,QIK,SIK2
JNK,-2.6275,7,KRSA,0.913451511991658,4,CMGC,MAPK,JNK,MAPK10
JNK,-2.6275,7,KRSA,0.913451511991658,4,CMGC,MAPK,JNK,MAPK8
JNK,-2.6275,7,KRSA,0.913451511991658,4,CMGC,MAPK,JNK,MAPK9
DMPK,-1.1075,27,KRSA,0.6631908237747653,3,AGC,DMPK,GEK,CDC42BPA
DMPK,-1.1075,27,KRSA,0.6631908237747653,3,AGC,DMPK,GEK,CDC42BPB
DMPK,-1.1075,27,KRSA,0.6631908237747653,3,AGC,DMPK,GEK,CDC42BPG
DMPK,-1.1075,27,KRSA,0.6631908237747653,3,AGC,DMPK,CRIK,CIT
DMPK,-1.1075,27,KRSA,0.6631908237747653,3,AGC,DMPK,GEK,DMPK
DMPK,-1.1075,27,KRSA,0.6631908237747653,3,AGC,DMPK,ROCK,ROCK1
DMPK,-1.1075,27,KRSA,0.6631908237747653,3,AGC,DMPK,ROCK,ROCK2
AKT,-0.20333333333333337,68,KRSA,0.15015641293013557,1,AGC,AKT,AKT,AKT1
AKT,-0.20333333333333337,68,KRSA,0.15015641293013557,1,AGC,AKT,AKT,AKT2
AKT,-0.20333333333333337,68,KRSA,0.15015641293013557,1,AGC,AKT,AKT,AKT3
PHK,-1.7991666666666666,12,KRSA,0.8508863399374348,4,CAMK,PHK,PHK,PHKG1
PHK,-1.7991666666666666,12,KRSA,0.8508863399374348,4,CAMK,PHK,PHK,PHKG2
CAMK2,-0.5050000000000001,54,KRSA,0.32533889468196037,2,CAMK,CAMK2,CAMK2,CAMK2A
CAMK2,-0.5050000000000001,54,KRSA,0.32533889468196037,2,CAMK,CAMK2,CAMK2,CAMK2B
CAMK2,-0.5050000000000001,54,KRSA,0.32533889468196037,2,CAMK,CAMK2,CAMK2,CAMK2D
CAMK2,-0.5050000000000001,54,KRSA,0.32533889468196037,2,CAMK,CAMK2,CAMK2,CAMK2G
CK2,-1.221666666666667,22,KRSA,0.7257559958289885,3,CMGC,CK2,CK2,CSNK2A1
CK2,-1.221666666666667,22,KRSA,0.7257559958289885,3,CMGC,CK2,CK2,CSNK2A2
CK2,-1.221666666666667,22,KRSA,0.7257559958289885,3,NA,NA,NA,CSNK2A3
P38,-2.0500000000000003,11,KRSA,0.8633993743482794,4,CMGC,MAPK,P38,MAPK11
P38,-2.0500000000000003,11,KRSA,0.8633993743482794,4,CMGC,MAPK,P38,MAPK12
P38,-2.0500000000000003,11,KRSA,0.8633993743482794,4,CMGC,MAPK,P38,MAPK13
P38,-2.0500000000000003,11,KRSA,0.8633993743482794,4,CMGC,MAPK,P38,MAPK14
ERK,-3.183333333333333,4,KRSA,0.9509906152241918,4,CMGC,MAPK,ERK1,MAPK1
ERK,-3.183333333333333,4,KRSA,0.9509906152241918,4,CMGC,MAPK,ERK7,MAPK15
ERK,-3.183333333333333,4,KRSA,0.9509906152241918,4,CMGC,MAPK,ERK1,MAPK3
ERK,-3.183333333333333,4,KRSA,0.9509906152241918,4,CMGC,MAPK,ERK3,MAPK4
ERK,-3.183333333333333,4,KRSA,0.9509906152241918,4,CMGC,MAPK,ERK3,MAPK6
ERK,-3.183333333333333,4,KRSA,0.9509906152241918,4,CMGC,MAPK,ERK5,MAPK7
IKK,-1.1525,26,KRSA,0.67570385818561,3,OTHER,IKK,IKK,CHUK
IKK,-1.1525,26,KRSA,0.67570385818561,3,OTHER,IKK,IKK,IKBKB
IKK,-1.1525,26,KRSA,0.67570385818561,3,OTHER,IKK,IKK,IKBKE
IKK,-1.1525,26,KRSA,0.67570385818561,3,OTHER,IKK,IKK,TBK1
STKR,-0.5766666666666667,52,KRSA,0.35036496350364965,2,TKL,STKR,TYPE1,ACVR1
STKR,-0.5766666666666667,52,KRSA,0.35036496350364965,2,TKL,STKR,TYPE1,ACVR1B
STKR,-0.5766666666666667,52,KRSA,0.35036496350364965,2,TKL,STKR,TYPE1,ACVR1C
STKR,-0.5766666666666667,52,KRSA,0.35036496350364965,2,TKL,STKR,TYPE2,ACVR2A
STKR,-0.5766666666666667,52,KRSA,0.35036496350364965,2,TKL,STKR,TYPE2,ACVR2B
STKR,-0.5766666666666667,52,KRSA,0.35036496350364965,2,TKL,STKR,TYPE1,ACVRL1
STKR,-0.5766666666666667,52,KRSA,0.35036496350364965,2,TKL,STKR,TYPE2,AMHR2
STKR,-0.5766666666666667,52,KRSA,0.35036496350364965,2,TKL,STKR,TYPE1,BMPR1A
STKR,-0.5766666666666667,52,KRSA,0.35036496350364965,2,TKL,STKR,TYPE1,BMPR1B
STKR,-0.5766666666666667,52,KRSA,0.35036496350364965,2,TKL,STKR,TYPE2,BMPR2
STKR,-0.5766666666666667,52,KRSA,0.35036496350364965,2,TKL,STKR,TYPE1,TGFBR1
STKR,-0.5766666666666667,52,KRSA,0.35036496350364965,2,TKL,STKR,TYPE2,TGFBR2
AMPK,0.9366666666666666,33,KRSA,0.5881126173096975,3,CAMK,CAMKL,AMPK,PRKAA1
AMPK,0.9366666666666666,33,KRSA,0.5881126173096975,3,CAMK,CAMKL,AMPK,PRKAA2
PDK1,-2.6241666666666665,8,KRSA,0.9009384775808134,4,ATYPICAL,PDHK,PDHK,PDK1
PDK1,-2.6241666666666665,8,KRSA,0.9009384775808134,4,AGC,PDK1,PDK1,PDPK1
CHK1,0.77,46,KRSA,0.4254431699687174,2,CAMK,CAMKL,CHK1,CHEK1
MAPKAPK,0.10083333333333332,75,KRSA,0.06256517205422316,1,CAMK,MAPKAPK,MAPKAPK,MAPKAPK2
MAPKAPK,0.10083333333333332,75,KRSA,0.06256517205422316,1,CAMK,MAPKAPK,MAPKAPK,MAPKAPK3
MAPKAPK,0.10083333333333332,75,KRSA,0.06256517205422316,1,CAMK,MAPKAPK,MAPKAPK,MAPKAPK5
MAPKAPK,0.10083333333333332,75,KRSA,0.06256517205422316,1,CAMK,MAPKAPK,MNK,MKNK1
MAPKAPK,0.10083333333333332,75,KRSA,0.06256517205422316,1,CAMK,MAPKAPK,MNK,MKNK2
MLCK,0.1841666666666667,71,KRSA,0.11261730969760167,1,CAMK,MLCK,MLCK,MYLK
MLCK,0.1841666666666667,71,KRSA,0.11261730969760167,1,CAMK,MLCK,MLCK,MYLK2
MLCK,0.1841666666666667,71,KRSA,0.11261730969760167,1,CAMK,MLCK,MLCK,TTN
MST,-0.3541666666666667,58,KRSA,0.27528675703858185,2,STE,STE20,MST,STK3
MST,-0.3541666666666667,58,KRSA,0.27528675703858185,2,STE,STE20,MST,STK4
COT,0.2716666666666667,66,KRSA,0.17518248175182483,1,STE,STE-UNIQUE,STE-UNIQUE,MAP3K8
RSK,-0.4016666666666666,55,KRSA,0.31282586027111575,2,AGC,RSK,RSK,RPS6KA1
RSK,-0.4016666666666666,55,KRSA,0.31282586027111575,2,AGC,RSK,RSK,RPS6KA2
RSK,-0.4016666666666666,55,KRSA,0.31282586027111575,2,AGC,RSK,RSK,RPS6KA3
RSK,-0.4016666666666666,55,KRSA,0.31282586027111575,2,AGC,RSK,MSK,RPS6KA4
RSK,-0.4016666666666666,55,KRSA,0.31282586027111575,2,AGC,RSK,MSK,RPS6KA5
RSK,-0.4016666666666666,55,KRSA,0.31282586027111575,2,AGC,RSK,RSK,RPS6KA6
RSK,-0.4016666666666666,55,KRSA,0.31282586027111575,2,AGC,RSK,P70,RPS6KB1
RSK,-0.4016666666666666,55,KRSA,0.31282586027111575,2,AGC,RSK,P70,RPS6KB2
MSN,0.585,51,KRSA,0.36287799791449427,2,STE,STE20,MSN,MAP4K4
MSN,0.585,51,KRSA,0.36287799791449427,2,STE,STE20,MSN,NRK
MSN,0.585,51,KRSA,0.36287799791449427,2,STE,STE20,MSN,TNIK
ATM,-1.2875,19,KRSA,0.7632950990615224,4,ATYPICAL,PIKK,ATM,ATM
PKA,0.6225,50,KRSA,0.3753910323253389,2,AGC,PKA,PKA,PRKACA
PKA,0.6225,50,KRSA,0.3753910323253389,2,AGC,PKA,PKA,PRKACB
PKA,0.6225,50,KRSA,0.3753910323253389,2,AGC,PKA,PKA,PRKACG
PKA,0.6225,50,KRSA,0.3753910323253389,2,AGC,PKA,PKA,PRKX
PKA,0.6225,50,KRSA,0.3753910323253389,2,AGC,PKA,PKA,PRKY
PKCD,0.2866666666666667,65,KRSA,0.18769551616266944,1,AGC,PKC,DELTA,PRKCD
PKCD,0.2866666666666667,65,KRSA,0.18769551616266944,1,AGC,PKC,DELTA,PRKCQ
RIPK,0.24416666666666667,67,KRSA,0.16266944734098018,1,TKL,RIPK,RIPK,ANKK1
RIPK,0.24416666666666667,67,KRSA,0.16266944734098018,1,TKL,RIPK,RIPK,RIPK1
RIPK,0.24416666666666667,67,KRSA,0.16266944734098018,1,TKL,RIPK,RIPK,RIPK2
RIPK,0.24416666666666667,67,KRSA,0.16266944734098018,1,TKL,RIPK,RIPK,RIPK3
RIPK,0.24416666666666667,67,KRSA,0.16266944734098018,1,TKL,RIPK,RIPK,RIPK4
BARK2,0.02000000000000002,80,KRSA,0,1,AGC,GRK,BARK,GRK3
NEK,0.19,70,KRSA,0.1251303441084463,1,OTHER,NEK,NEK11,NEK11
NEK,0.19,70,KRSA,0.1251303441084463,1,OTHER,NEK,NEK2,NEK2
NEK,0.19,70,KRSA,0.1251303441084463,1,OTHER,NEK,NEK1,NEK3
NEK,0.19,70,KRSA,0.1251303441084463,1,OTHER,NEK,NEK4,NEK4
NEK,0.19,70,KRSA,0.1251303441084463,1,OTHER,NEK,NEK1,NEK5
NEK,0.19,70,KRSA,0.1251303441084463,1,OTHER,NEK,NEK6,NEK6
NEK,0.19,70,KRSA,0.1251303441084463,1,OTHER,NEK,NEK6,NEK7
NEK,0.19,70,KRSA,0.1251303441084463,1,OTHER,NEK,NEK8,NEK8
NEK,0.19,70,KRSA,0.1251303441084463,1,OTHER,NEK,NEK8,NEK9
PRKDC,-1.0266666666666666,29,KRSA,0.6381647549530761,3,ATYPICAL,PIKK,DNAPK,PRKDC
MELK,0.145,73,KRSA,0.08759124087591241,1,CAMK,CAMKL,MELK,MELK
TTK,-1.215833333333333,23,KRSA,0.7132429614181439,3,OTHER,TTK,TTK,TTK
HAL,0.1225,74,KRSA,0.07507820646506778,1,RGC,RGC,RGC,NPR1
PKN,-0.31916666666666665,61,KRSA,0.23774765380604795,1,AGC,PKN,PKN,PKN1
PKN,-0.31916666666666665,61,KRSA,0.23774765380604795,1,AGC,PKN,PKN,PKN2
PKN,-0.31916666666666665,61,KRSA,0.23774765380604795,1,AGC,PKN,PKN,PKN3
STE7,-2.408333333333333,10,KRSA,0.8759124087591241,4,STE,STE7,MEK1,MAP2K1
STE7,-2.408333333333333,10,KRSA,0.8759124087591241,4,STE,STE7,MEK1,MAP2K2
STE7,-2.408333333333333,10,KRSA,0.8759124087591241,4,STE,STE7,MEK3,MAP2K3
STE7,-2.408333333333333,10,KRSA,0.8759124087591241,4,STE,STE7,MEK4,MAP2K4
STE7,-2.408333333333333,10,KRSA,0.8759124087591241,4,STE,STE7,MEK5,MAP2K5
STE7,-2.408333333333333,10,KRSA,0.8759124087591241,4,STE,STE7,MEK3,MAP2K6
STE7,-2.408333333333333,10,KRSA,0.8759124087591241,4,STE,STE7,MEK7,MAP2K7
TLK,-1.211666666666667,24,KRSA,0.7007299270072993,3,OTHER,TLK,TLK,TLK1
TLK,-1.211666666666667,24,KRSA,0.7007299270072993,3,OTHER,TLK,TLK,TLK2
PAKB,0.16166666666666665,72,KRSA,0.10010427528675704,1,STE,STE20,PAKB,PAK4
PAKB,0.16166666666666665,72,KRSA,0.10010427528675704,1,STE,STE20,PAKB,PAK5
PAKB,0.16166666666666665,72,KRSA,0.10010427528675704,1,STE,STE20,PAKB,PAK6
NAK,-0.345,59,KRSA,0.26277372262773724,2,OTHER,NAK,BIKE,AAK1
NAK,-0.345,59,KRSA,0.26277372262773724,2,OTHER,NAK,BIKE,BMP2K
NAK,-0.345,59,KRSA,0.26277372262773724,2,OTHER,NAK,GAK,GAK
NAK,-0.345,59,KRSA,0.26277372262773724,2,OTHER,NAK,MPSK,STK16
PKCH,0.05416666666666673,79,KRSA,0.01251303441084463,1,AGC,PKC,ETA,PRKCE
PKCH,0.05416666666666673,79,KRSA,0.01251303441084463,1,AGC,PKC,ETA,PRKCH
NUAK,-1.1833333333333331,25,KRSA,0.6882168925964547,3,CAMK,CAMKL,NUAK,NUAK1
NUAK,-1.1833333333333331,25,KRSA,0.6882168925964547,3,CAMK,CAMKL,NUAK,NUAK2
PIM,0.39,56,KRSA,0.30031282586027114,2,CAMK,PIM,PIM,PIM1
PIM,0.39,56,KRSA,0.30031282586027114,2,CAMK,PIM,PIM,PIM2
PIM,0.39,56,KRSA,0.30031282586027114,2,CAMK,PIM,PIM,PIM3
PKCI,0.5075000000000001,53,KRSA,0.337851929092805,2,AGC,PKC,IOTA,PRKCI
PKCI,0.5075000000000001,53,KRSA,0.337851929092805,2,AGC,PKC,IOTA,PRKCZ
AUR,0.06249999999999999,78,KRSA,0.02502606882168926,1,OTHER,AUR,AUR,AURKA
AUR,0.06249999999999999,78,KRSA,0.02502606882168926,1,OTHER,AUR,AUR,AURKB
AUR,0.06249999999999999,78,KRSA,0.02502606882168926,1,OTHER,AUR,AUR,AURKC
NMO,-2.4283333333333332,9,KRSA,0.8884254431699687,4,CMGC,MAPK,NMO,NLK
ULK,-0.8608333333333333,38,KRSA,0.5255474452554745,3,OTHER,ULK,FUSED,STK36
ULK,-0.8608333333333333,38,KRSA,0.5255474452554745,3,OTHER,ULK,ULK,ULK1
ULK,-0.8608333333333333,38,KRSA,0.5255474452554745,3,OTHER,ULK,ULK,ULK2
ULK,-0.8608333333333333,38,KRSA,0.5255474452554745,3,OTHER,ULK,ULK,ULK3
ULK,-0.8608333333333333,38,KRSA,0.5255474452554745,3,OTHER,ULK,ULK,ULK4
BRSK,0.7375,47,KRSA,0.4129301355578728,2,CAMK,CAMKL,BRSK,BRSK1
BRSK,0.7375,47,KRSA,0.4129301355578728,2,CAMK,CAMKL,BRSK,BRSK2
PKG,0.665,49,KRSA,0.38790406673618355,2,AGC,PKG,PKG,PRKG1
PKG,0.665,49,KRSA,0.38790406673618355,2,AGC,PKG,PKG,PRKG2
PAKA,0.08333333333333334,76,KRSA,0.05005213764337852,1,STE,STE20,PAKA,PAK1
PAKA,0.08333333333333334,76,KRSA,0.05005213764337852,1,STE,STE20,PAKA,PAK2
PAKA,0.08333333333333334,76,KRSA,0.05005213764337852,1,STE,STE20,PAKA,PAK3
STE11,-0.9616666666666668,32,KRSA,0.6006256517205423,3,TKL,MLK,TAK1,MAP3K7
STE11,-0.9616666666666668,32,KRSA,0.6006256517205423,3,STE,STE11,MEKK1,MAP3K1
STE11,-0.9616666666666668,32,KRSA,0.6006256517205423,3,STE,STE11,ASK,MAP3K15
STE11,-0.9616666666666668,32,KRSA,0.6006256517205423,3,STE,STE11,MEKK2,MAP3K2
STE11,-0.9616666666666668,32,KRSA,0.6006256517205423,3,STE,STE11,MEKK2,MAP3K3
STE11,-0.9616666666666668,32,KRSA,0.6006256517205423,3,STE,STE11,MEKK4,MAP3K4
STE11,-0.9616666666666668,32,KRSA,0.6006256517205423,3,STE,STE11,ASK,MAP3K5
STE11,-0.9616666666666668,32,KRSA,0.6006256517205423,3,STE,STE11,ASK,MAP3K6
NDR,0.07416666666666666,77,KRSA,0.03753910323253389,1,AGC,NDR,NDR,LATS1
NDR,0.07416666666666666,77,KRSA,0.03753910323253389,1,AGC,NDR,NDR,LATS2
NDR,0.07416666666666666,77,KRSA,0.03753910323253389,1,AGC,NDR,NDR,STK38
NDR,0.07416666666666666,77,KRSA,0.03753910323253389,1,AGC,NDR,NDR,STK38L
TAO,0.73,48,KRSA,0.40041710114702816,2,STE,STE20,TAO,TAOK1
TAO,0.73,48,KRSA,0.40041710114702816,2,STE,STE20,TAO,TAOK2
TAO,0.73,48,KRSA,0.40041710114702816,2,STE,STE20,TAO,TAOK3
CLK,-0.855,41,KRSA,0.4880083420229406,2,CMGC,CLK,CLK,CLK1
CLK,-0.855,41,KRSA,0.4880083420229406,2,CMGC,CLK,CLK,CLK2
CLK,-0.855,41,KRSA,0.4880083420229406,2,CMGC,CLK,CLK,CLK3
CLK,-0.855,41,KRSA,0.4880083420229406,2,CMGC,CLK,CLK,CLK4
RAF,-1.0216666666666667,30,KRSA,0.6256517205422315,3,TKL,RAF,RAF,ARAF
RAF,-1.0216666666666667,30,KRSA,0.6256517205422315,3,TKL,RAF,RAF,BRAF
RAF,-1.0216666666666667,30,KRSA,0.6256517205422315,3,TKL,RAF,KSR,KSR1
RAF,-1.0216666666666667,30,KRSA,0.6256517205422315,3,TKL,RAF,KSR,KSR2
RAF,-1.0216666666666667,30,KRSA,0.6256517205422315,3,TKL,RAF,RAF,RAF1
PASK,0.9,35,KRSA,0.5630865484880083,3,CAMK,CAMKL,PASK,PASK
NIK,-0.8575,39,KRSA,0.5130344108446299,3,STE,STE-UNIQUE,STE-UNIQUE,MAP3K14
WNK,-0.8558333333333333,40,KRSA,0.5005213764337852,3,OTHER,WNK,WNK,WNK1
WNK,-0.8558333333333333,40,KRSA,0.5005213764337852,3,OTHER,WNK,WNK,WNK2
WNK,-0.8558333333333333,40,KRSA,0.5005213764337852,3,OTHER,WNK,WNK,WNK3
WNK,-0.8558333333333333,40,KRSA,0.5005213764337852,3,OTHER,WNK,WNK,WNK4
MLK,-0.2033333333333333,69,KRSA,0.13764337851929093,1,TKL,MLK,ILK,ILK
MLK,-0.2033333333333333,69,KRSA,0.13764337851929093,1,TKL,MLK,MLK,MAP3K10
MLK,-0.2033333333333333,69,KRSA,0.13764337851929093,1,TKL,MLK,MLK,MAP3K11
MLK,-0.2033333333333333,69,KRSA,0.13764337851929093,1,TKL,MLK,LZK,MAP3K12
MLK,-0.2033333333333333,69,KRSA,0.13764337851929093,1,TKL,MLK,LZK,MAP3K13
MLK,-0.2033333333333333,69,KRSA,0.13764337851929093,1,TKL,MLK,MLK,MAP3K9
MLK,-0.2033333333333333,69,KRSA,0.13764337851929093,1,TKL,MLK,HH498,TNNI3K
BUD32,-0.8658333333333333,37,KRSA,0.5380604796663191,3,OTHER,BUD32,BUD32,TP53RK
SLK,0.35583333333333333,57,KRSA,0.28779979144942647,2,STE,STE20,SLK,SLK
SLK,0.35583333333333333,57,KRSA,0.28779979144942647,2,STE,STE20,SLK,STK10
CAMKK,-0.8458333333333333,43,KRSA,0.4629822732012513,2,OTHER,CAMKK,META,CAMKK1
CAMKK,-0.8458333333333333,43,KRSA,0.4629822732012513,2,OTHER,CAMKK,META,CAMKK2
LKB,-1.545,14,KRSA,0.8258602711157456,4,CAMK,CAMKL,LKB,STK11
RAD53,0.33166666666666667,60,KRSA,0.2502606882168926,2,CAMK,RAD53,RAD53,CHEK2
MOS,-0.8491666666666666,42,KRSA,0.4754953076120959,2,OTHER,MOS,MOS,MOS
VRK1,-0.30833333333333335,63,KRSA,0.2127215849843587,1,CK1,VRK,VRK,VRK1
MTOR,-1.4466666666666663,17,KRSA,0.7883211678832117,4,ATYPICAL,PIKK,FRAP,MTOR
DYRK,-2.8766666666666665,6,KRSA,0.9259645464025026,4,CMGC,DYRK,DYRK1,DYRK1A
DYRK,-2.8766666666666665,6,KRSA,0.9259645464025026,4,CMGC,DYRK,DYRK1,DYRK1B
DYRK,-2.8766666666666665,6,KRSA,0.9259645464025026,4,CMGC,DYRK,DYRK2,DYRK2
DYRK,-2.8766666666666665,6,KRSA,0.9259645464025026,4,CMGC,DYRK,DYRK2,DYRK3
DYRK,-2.8766666666666665,6,KRSA,0.9259645464025026,4,CMGC,DYRK,DYRK2,DYRK4
DYRK,-2.8766666666666665,6,KRSA,0.9259645464025026,4,CMGC,DYRK,HIPK,HIPK1
DYRK,-2.8766666666666665,6,KRSA,0.9259645464025026,4,CMGC,DYRK,HIPK,HIPK2
DYRK,-2.8766666666666665,6,KRSA,0.9259645464025026,4,CMGC,DYRK,HIPK,HIPK3
DYRK,-2.8766666666666665,6,KRSA,0.9259645464025026,4,CMGC,DYRK,HIPK,HIPK4
DYRK,-2.8766666666666665,6,KRSA,0.9259645464025026,4,CMGC,DYRK,PRP4,PRPF4B
DAPK,0.30583333333333335,64,KRSA,0.20020855057351408,1,CAMK,DAPK,DAPK,DAPK1
DAPK,0.30583333333333335,64,KRSA,0.20020855057351408,1,CAMK,DAPK,DAPK,DAPK2
DAPK,0.30583333333333335,64,KRSA,0.20020855057351408,1,CAMK,DAPK,DAPK,DAPK3
DAPK,0.30583333333333335,64,KRSA,0.20020855057351408,1,CAMK,DAPK,DRAK,STK17A
DAPK,0.30583333333333335,64,KRSA,0.20020855057351408,1,CAMK,DAPK,DRAK,STK17B
ATR,-0.9033333333333332,34,KRSA,0.5755995828988529,3,ATYPICAL,PIKK,ATR,ATR
FRAY,-1.4925,16,KRSA,0.8008342022940563,4,STE,STE20,FRAY,OXSR1
FRAY,-1.4925,16,KRSA,0.8008342022940563,4,STE,STE20,FRAY,STK39
GSK,-1.2241666666666666,21,KRSA,0.7382690302398331,3,CMGC,GSK,GSK,GSK3A
GSK,-1.2241666666666666,21,KRSA,0.7382690302398331,3,CMGC,GSK,GSK,GSK3B
PKD,-0.31750000000000006,62,KRSA,0.22523461939520334,1,CAMK,PKD,PKD,PRKD1
PKD,-0.31750000000000006,62,KRSA,0.22523461939520334,1,CAMK,PKD,PKD,PRKD2
PKD,-0.31750000000000006,62,KRSA,0.22523461939520334,1,CAMK,PKD,PKD,PRKD3
CAMK1,1.0666666666666669,28,KRSA,0.6506777893639207,3,CAMK,CAMK1,CAMK1,CAMK1
CAMK1,1.0666666666666669,28,KRSA,0.6506777893639207,3,CAMK,CAMK1,CAMK1,CAMK1D
CAMK1,1.0666666666666669,28,KRSA,0.6506777893639207,3,CAMK,CAMK1,CAMK1,CAMK1G
CAMK1,1.0666666666666669,28,KRSA,0.6506777893639207,3,CAMK,CAMK1,CAMK1,CAMK4
CAMK1,1.0666666666666669,28,KRSA,0.6506777893639207,3,CAMK,CAMK1,CAMK1,PNCK
CDK,-4.099166666666667,2,KRSA,0.9760166840458812,4,CMGC,CDK,CDC2,CDK1
CDK,-4.099166666666667,2,KRSA,0.9760166840458812,4,CMGC,CDK,CDK10,CDK10
CDK,-4.099166666666667,2,KRSA,0.9760166840458812,4,CMGC,CDK,CRK7,CDK12
CDK,-4.099166666666667,2,KRSA,0.9760166840458812,4,CMGC,CDK,CRK7,CDK13
CDK,-4.099166666666667,2,KRSA,0.9760166840458812,4,CMGC,CDK,PFTAIRE,CDK14
CDK,-4.099166666666667,2,KRSA,0.9760166840458812,4,CMGC,CDK,PFTAIRE,CDK15
CDK,-4.099166666666667,2,KRSA,0.9760166840458812,4,CMGC,CDK,PCTAIRE,CDK16
CDK,-4.099166666666667,2,KRSA,0.9760166840458812,4,CMGC,CDK,PCTAIRE,CDK17
CDK,-4.099166666666667,2,KRSA,0.9760166840458812,4,CMGC,CDK,PCTAIRE,CDK18
CDK,-4.099166666666667,2,KRSA,0.9760166840458812,4,CMGC,CDK,CDK8,CDK19
CDK,-4.099166666666667,2,KRSA,0.9760166840458812,4,CMGC,CDK,CDC2,CDK2
CDK,-4.099166666666667,2,KRSA,0.9760166840458812,4,CMGC,CDK,CCRK,CDK20
CDK,-4.099166666666667,2,KRSA,0.9760166840458812,4,CMGC,CDK,CDC2,CDK3
CDK,-4.099166666666667,2,KRSA,0.9760166840458812,4,CMGC,CDK,CDK4,CDK4
CDK,-4.099166666666667,2,KRSA,0.9760166840458812,4,CMGC,CDK,CDK5,CDK5
CDK,-4.099166666666667,2,KRSA,0.9760166840458812,4,CMGC,CDK,CDK4,CDK6
CDK,-4.099166666666667,2,KRSA,0.9760166840458812,4,CMGC,CDK,CDK7,CDK7
CDK,-4.099166666666667,2,KRSA,0.9760166840458812,4,CMGC,CDK,CDK8,CDK8
CDK,-4.099166666666667,2,KRSA,0.9760166840458812,4,CMGC,CDK,CDK9,CDK9
CDK,-4.099166666666667,2,KRSA,0.9760166840458812,4,NA,NA,NA,CDK11A
CDK,-4.099166666666667,2,KRSA,0.9760166840458812,4,NA,NA,NA,CDK11B
PKCA,-4.128333333333333,1,KRSA,0.9885297184567258,4,AGC,PKC,ALPHA,PRKCA
PKCA,-4.128333333333333,1,KRSA,0.9885297184567258,4,AGC,PKC,ALPHA,PRKCB
PKCA,-4.128333333333333,1,KRSA,0.9885297184567258,4,AGC,PKC,ALPHA,PRKCG
ERK,-3.183333333333333,4,KRSA,0.9509906152241918,4,CMGC,MAPK,ERK1,MAPK1
ERK,-3.183333333333333,4,KRSA,0.9509906152241918,4,CMGC,MAPK,ERK7,MAPK15
ERK,-3.183333333333333,4,KRSA,0.9509906152241918,4,CMGC,MAPK,ERK1,MAPK3
ERK,-3.183333333333333,4,KRSA,0.9509906152241918,4,CMGC,MAPK,ERK3,MAPK4
ERK,-3.183333333333333,4,KRSA,0.9509906152241918,4,CMGC,MAPK,ERK3,MAPK6
ERK,-3.183333333333333,4,KRSA,0.9509906152241918,4,CMGC,MAPK,ERK5,MAPK7
PDK1,-2.6241666666666665,8,KRSA,0.9009384775808134,4,ATYPICAL,PDHK,PDHK,PDK1
PDK1,-2.6241666666666665,8,KRSA,0.9009384775808134,4,AGC,PDK1,PDK1,PDPK1
PEK,-3.4016666666666664,3,KRSA,0.9635036496350365,4,OTHER,PEK,HRI,EIF2AK1
PEK,-3.4016666666666664,3,KRSA,0.9635036496350365,4,OTHER,PEK,PKR,EIF2AK2
PEK,-3.4016666666666664,3,KRSA,0.9635036496350365,4,OTHER,PEK,PEK,EIF2AK3
PEK,-3.4016666666666664,3,KRSA,0.9635036496350365,4,OTHER,PEK,GCN2,EIF2AK4
DYRK,-2.8766666666666665,6,KRSA,0.9259645464025026,4,CMGC,DYRK,DYRK1,DYRK1A
DYRK,-2.8766666666666665,6,KRSA,0.9259645464025026,4,CMGC,DYRK,DYRK1,DYRK1B
DYRK,-2.8766666666666665,6,KRSA,0.9259645464025026,4,CMGC,DYRK,DYRK2,DYRK2
DYRK,-2.8766666666666665,6,KRSA,0.9259645464025026,4,CMGC,DYRK,DYRK2,DYRK3
DYRK,-2.8766666666666665,6,KRSA,0.9259645464025026,4,CMGC,DYRK,DYRK2,DYRK4
DYRK,-2.8766666666666665,6,KRSA,0.9259645464025026,4,CMGC,DYRK,HIPK,HIPK1
DYRK,-2.8766666666666665,6,KRSA,0.9259645464025026,4,CMGC,DYRK,HIPK,HIPK2
DYRK,-2.8766666666666665,6,KRSA,0.9259645464025026,4,CMGC,DYRK,HIPK,HIPK3
DYRK,-2.8766666666666665,6,KRSA,0.9259645464025026,4,CMGC,DYRK,HIPK,HIPK4
DYRK,-2.8766666666666665,6,KRSA,0.9259645464025026,4,CMGC,DYRK,PRP4,PRPF4B
AMPK,0.9366666666666666,33,KRSA,0.5881126173096975,3,CAMK,CAMKL,AMPK,PRKAA1
AMPK,0.9366666666666666,33,KRSA,0.5881126173096975,3,CAMK,CAMKL,AMPK,PRKAA2
PLK,-3.0900000000000003,5,KRSA,0.9384775808133472,4,NA,NA,NA,PLK5
PLK,-3.0900000000000003,5,KRSA,0.9384775808133472,4,OTHER,PLK,PLK1,PLK1
PLK,-3.0900000000000003,5,KRSA,0.9384775808133472,4,OTHER,PLK,PLK2,PLK2
PLK,-3.0900000000000003,5,KRSA,0.9384775808133472,4,OTHER,PLK,PLK2,PLK3
PLK,-3.0900000000000003,5,KRSA,0.9384775808133472,4,OTHER,PLK,SAK,PLK4
STE7,-2.408333333333333,10,KRSA,0.8759124087591241,4,STE,STE7,MEK1,MAP2K1
STE7,-2.408333333333333,10,KRSA,0.8759124087591241,4,STE,STE7,MEK1,MAP2K2
STE7,-2.408333333333333,10,KRSA,0.8759124087591241,4,STE,STE7,MEK3,MAP2K3
STE7,-2.408333333333333,10,KRSA,0.8759124087591241,4,STE,STE7,MEK4,MAP2K4
STE7,-2.408333333333333,10,KRSA,0.8759124087591241,4,STE,STE7,MEK5,MAP2K5
STE7,-2.408333333333333,10,KRSA,0.8759124087591241,4,STE,STE7,MEK3,MAP2K6
STE7,-2.408333333333333,10,KRSA,0.8759124087591241,4,STE,STE7,MEK7,MAP2K7
NMO,-2.4283333333333332,9,KRSA,0.8884254431699687,4,CMGC,MAPK,NMO,NLK
LKB,-1.545,14,KRSA,0.8258602711157456,4,CAMK,CAMKL,LKB,STK11
MTOR,-1.4466666666666663,17,KRSA,0.7883211678832117,4,ATYPICAL,PIKK,FRAP,MTOR
JNK,-2.6275,7,KRSA,0.913451511991658,4,CMGC,MAPK,JNK,MAPK10
JNK,-2.6275,7,KRSA,0.913451511991658,4,CMGC,MAPK,JNK,MAPK8
JNK,-2.6275,7,KRSA,0.913451511991658,4,CMGC,MAPK,JNK,MAPK9
PHK,-1.7991666666666666,12,KRSA,0.8508863399374348,4,CAMK,PHK,PHK,PHKG1
PHK,-1.7991666666666666,12,KRSA,0.8508863399374348,4,CAMK,PHK,PHK,PHKG2
BARK2,0.02000000000000002,80,KRSA,0,1,AGC,GRK,BARK,GRK3
PKCI,0.5075000000000001,53,KRSA,0.337851929092805,2,AGC,PKC,IOTA,PRKCI
PKCI,0.5075000000000001,53,KRSA,0.337851929092805,2,AGC,PKC,IOTA,PRKCZ
CK2,-1.221666666666667,22,KRSA,0.7257559958289885,3,CMGC,CK2,CK2,CSNK2A1
CK2,-1.221666666666667,22,KRSA,0.7257559958289885,3,CMGC,CK2,CK2,CSNK2A2
CK2,-1.221666666666667,22,KRSA,0.7257559958289885,3,NA,NA,NA,CSNK2A3
P38,-2.0500000000000003,11,KRSA,0.8633993743482794,4,CMGC,MAPK,P38,MAPK11
P38,-2.0500000000000003,11,KRSA,0.8633993743482794,4,CMGC,MAPK,P38,MAPK12
P38,-2.0500000000000003,11,KRSA,0.8633993743482794,4,CMGC,MAPK,P38,MAPK13
P38,-2.0500000000000003,11,KRSA,0.8633993743482794,4,CMGC,MAPK,P38,MAPK14
GSK,-1.2241666666666666,21,KRSA,0.7382690302398331,3,CMGC,GSK,GSK,GSK3A
GSK,-1.2241666666666666,21,KRSA,0.7382690302398331,3,CMGC,GSK,GSK,GSK3B
IKK,-1.1525,26,KRSA,0.67570385818561,3,OTHER,IKK,IKK,CHUK
IKK,-1.1525,26,KRSA,0.67570385818561,3,OTHER,IKK,IKK,IKBKB
IKK,-1.1525,26,KRSA,0.67570385818561,3,OTHER,IKK,IKK,IKBKE
IKK,-1.1525,26,KRSA,0.67570385818561,3,OTHER,IKK,IKK,TBK1
STE11,-0.9616666666666668,32,KRSA,0.6006256517205423,3,TKL,MLK,TAK1,MAP3K7
STE11,-0.9616666666666668,32,KRSA,0.6006256517205423,3,STE,STE11,MEKK1,MAP3K1
STE11,-0.9616666666666668,32,KRSA,0.6006256517205423,3,STE,STE11,ASK,MAP3K15
STE11,-0.9616666666666668,32,KRSA,0.6006256517205423,3,STE,STE11,MEKK2,MAP3K2
STE11,-0.9616666666666668,32,KRSA,0.6006256517205423,3,STE,STE11,MEKK2,MAP3K3
STE11,-0.9616666666666668,32,KRSA,0.6006256517205423,3,STE,STE11,MEKK4,MAP3K4
STE11,-0.9616666666666668,32,KRSA,0.6006256517205423,3,STE,STE11,ASK,MAP3K5
STE11,-0.9616666666666668,32,KRSA,0.6006256517205423,3,STE,STE11,ASK,MAP3K6
PKG,0.665,49,KRSA,0.38790406673618355,2,AGC,PKG,PKG,PRKG1
PKG,0.665,49,KRSA,0.38790406673618355,2,AGC,PKG,PKG,PRKG2
SGK,0.8883333333333333,36,KRSA,0.5505735140771637,3,AGC,SGK,SGK,SGK1
SGK,0.8883333333333333,36,KRSA,0.5505735140771637,3,AGC,SGK,SGK,SGK2
SGK,0.8883333333333333,36,KRSA,0.5505735140771637,3,AGC,SGK,SGK,SGK3
GRK,-0.8391666666666666,44,KRSA,0.4504692387904067,2,AGC,GRK,GRK,GRK1
GRK,-0.8391666666666666,44,KRSA,0.4504692387904067,2,AGC,GRK,GRK,GRK4
GRK,-0.8391666666666666,44,KRSA,0.4504692387904067,2,AGC,GRK,GRK,GRK5
GRK,-0.8391666666666666,44,KRSA,0.4504692387904067,2,AGC,GRK,GRK,GRK6
GRK,-0.8391666666666666,44,KRSA,0.4504692387904067,2,AGC,GRK,GRK,GRK7
FRAY,-1.4925,16,KRSA,0.8008342022940563,4,STE,STE20,FRAY,OXSR1
FRAY,-1.4925,16,KRSA,0.8008342022940563,4,STE,STE20,FRAY,STK39
PKD,-0.31750000000000006,62,KRSA,0.22523461939520334,1,CAMK,PKD,PKD,PRKD1
PKD,-0.31750000000000006,62,KRSA,0.22523461939520334,1,CAMK,PKD,PKD,PRKD2
PKD,-0.31750000000000006,62,KRSA,0.22523461939520334,1,CAMK,PKD,PKD,PRKD3
IRAK,-0.9883333333333332,31,KRSA,0.6131386861313869,3,TKL,IRAK,IRAK,IRAK1
IRAK,-0.9883333333333332,31,KRSA,0.6131386861313869,3,TKL,IRAK,IRAK,IRAK2
IRAK,-0.9883333333333332,31,KRSA,0.6131386861313869,3,TKL,IRAK,IRAK,IRAK3
IRAK,-0.9883333333333332,31,KRSA,0.6131386861313869,3,TKL,IRAK,IRAK,IRAK4
NAK,-0.345,59,KRSA,0.26277372262773724,2,OTHER,NAK,BIKE,AAK1
NAK,-0.345,59,KRSA,0.26277372262773724,2,OTHER,NAK,BIKE,BMP2K
NAK,-0.345,59,KRSA,0.26277372262773724,2,OTHER,NAK,GAK,GAK
NAK,-0.345,59,KRSA,0.26277372262773724,2,OTHER,NAK,MPSK,STK16
TLK,-1.211666666666667,24,KRSA,0.7007299270072993,3,OTHER,TLK,TLK,TLK1
TLK,-1.211666666666667,24,KRSA,0.7007299270072993,3,OTHER,TLK,TLK,TLK2
HAL,0.1225,74,KRSA,0.07507820646506778,1,RGC,RGC,RGC,NPR1
TTK,-1.215833333333333,23,KRSA,0.7132429614181439,3,OTHER,TTK,TTK,TTK
RAF,-1.0216666666666667,30,KRSA,0.6256517205422315,3,TKL,RAF,RAF,ARAF
RAF,-1.0216666666666667,30,KRSA,0.6256517205422315,3,TKL,RAF,RAF,BRAF
RAF,-1.0216666666666667,30,KRSA,0.6256517205422315,3,TKL,RAF,KSR,KSR1
RAF,-1.0216666666666667,30,KRSA,0.6256517205422315,3,TKL,RAF,KSR,KSR2
RAF,-1.0216666666666667,30,KRSA,0.6256517205422315,3,TKL,RAF,RAF,RAF1
NUAK,-1.1833333333333331,25,KRSA,0.6882168925964547,3,CAMK,CAMKL,NUAK,NUAK1
NUAK,-1.1833333333333331,25,KRSA,0.6882168925964547,3,CAMK,CAMKL,NUAK,NUAK2
CAMK1,1.0666666666666669,28,KRSA,0.6506777893639207,3,CAMK,CAMK1,CAMK1,CAMK1
CAMK1,1.0666666666666669,28,KRSA,0.6506777893639207,3,CAMK,CAMK1,CAMK1,CAMK1D
CAMK1,1.0666666666666669,28,KRSA,0.6506777893639207,3,CAMK,CAMK1,CAMK1,CAMK1G
CAMK1,1.0666666666666669,28,KRSA,0.6506777893639207,3,CAMK,CAMK1,CAMK1,CAMK4
CAMK1,1.0666666666666669,28,KRSA,0.6506777893639207,3,CAMK,CAMK1,CAMK1,PNCK
DMPK,-1.1075,27,KRSA,0.6631908237747653,3,AGC,DMPK,GEK,CDC42BPA
DMPK,-1.1075,27,KRSA,0.6631908237747653,3,AGC,DMPK,GEK,CDC42BPB
DMPK,-1.1075,27,KRSA,0.6631908237747653,3,AGC,DMPK,GEK,CDC42BPG
DMPK,-1.1075,27,KRSA,0.6631908237747653,3,AGC,DMPK,CRIK,CIT
DMPK,-1.1075,27,KRSA,0.6631908237747653,3,AGC,DMPK,GEK,DMPK
DMPK,-1.1075,27,KRSA,0.6631908237747653,3,AGC,DMPK,ROCK,ROCK1
DMPK,-1.1075,27,KRSA,0.6631908237747653,3,AGC,DMPK,ROCK,ROCK2
TAO,0.73,48,KRSA,0.40041710114702816,2,STE,STE20,TAO,TAOK1
TAO,0.73,48,KRSA,0.40041710114702816,2,STE,STE20,TAO,TAOK2
TAO,0.73,48,KRSA,0.40041710114702816,2,STE,STE20,TAO,TAOK3
BRSK,0.7375,47,KRSA,0.4129301355578728,2,CAMK,CAMKL,BRSK,BRSK1
BRSK,0.7375,47,KRSA,0.4129301355578728,2,CAMK,CAMKL,BRSK,BRSK2
MLCK,0.1841666666666667,71,KRSA,0.11261730969760167,1,CAMK,MLCK,MLCK,MYLK
MLCK,0.1841666666666667,71,KRSA,0.11261730969760167,1,CAMK,MLCK,MLCK,MYLK2
MLCK,0.1841666666666667,71,KRSA,0.11261730969760167,1,CAMK,MLCK,MLCK,TTN
KHS,0.7716666666666667,45,KRSA,0.43795620437956206,2,STE,STE20,KHS,MAP4K1
KHS,0.7716666666666667,45,KRSA,0.43795620437956206,2,STE,STE20,KHS,MAP4K2
KHS,0.7716666666666667,45,KRSA,0.43795620437956206,2,STE,STE20,KHS,MAP4K3
KHS,0.7716666666666667,45,KRSA,0.43795620437956206,2,STE,STE20,KHS,MAP4K5
PASK,0.9,35,KRSA,0.5630865484880083,3,CAMK,CAMKL,PASK,PASK
PKA,0.6225,50,KRSA,0.3753910323253389,2,AGC,PKA,PKA,PRKACA
PKA,0.6225,50,KRSA,0.3753910323253389,2,AGC,PKA,PKA,PRKACB
PKA,0.6225,50,KRSA,0.3753910323253389,2,AGC,PKA,PKA,PRKACG
PKA,0.6225,50,KRSA,0.3753910323253389,2,AGC,PKA,PKA,PRKX
PKA,0.6225,50,KRSA,0.3753910323253389,2,AGC,PKA,PKA,PRKY
PKCH,0.05416666666666673,79,KRSA,0.01251303441084463,1,AGC,PKC,ETA,PRKCE
PKCH,0.05416666666666673,79,KRSA,0.01251303441084463,1,AGC,PKC,ETA,PRKCH
PAKA,0.08333333333333334,76,KRSA,0.05005213764337852,1,STE,STE20,PAKA,PAK1
PAKA,0.08333333333333334,76,KRSA,0.05005213764337852,1,STE,STE20,PAKA,PAK2
PAKA,0.08333333333333334,76,KRSA,0.05005213764337852,1,STE,STE20,PAKA,PAK3
RAD53,0.33166666666666667,60,KRSA,0.2502606882168926,2,CAMK,RAD53,RAD53,CHEK2
PDHK,-1.3808333333333334,18,KRSA,0.7758081334723671,4,ATYPICAL,PDHK,BCKDK,BCKDK
PDHK,-1.3808333333333334,18,KRSA,0.7758081334723671,4,ATYPICAL,PDHK,PDHK,PDK2
PDHK,-1.3808333333333334,18,KRSA,0.7758081334723671,4,ATYPICAL,PDHK,PDHK,PDK3
PDHK,-1.3808333333333334,18,KRSA,0.7758081334723671,4,ATYPICAL,PDHK,PDHK,PDK4
MOS,-0.8491666666666666,42,KRSA,0.4754953076120959,2,OTHER,MOS,MOS,MOS
QIK,-1.5158333333333334,15,KRSA,0.8133472367049009,4,CAMK,CAMKL,QIK,SIK1
QIK,-1.5158333333333334,15,KRSA,0.8133472367049009,4,CAMK,CAMKL,QIK,SIK2
WNK,-0.8558333333333333,40,KRSA,0.5005213764337852,3,OTHER,WNK,WNK,WNK1
WNK,-0.8558333333333333,40,KRSA,0.5005213764337852,3,OTHER,WNK,WNK,WNK2
WNK,-0.8558333333333333,40,KRSA,0.5005213764337852,3,OTHER,WNK,WNK,WNK3
WNK,-0.8558333333333333,40,KRSA,0.5005213764337852,3,OTHER,WNK,WNK,WNK4
BUD32,-0.8658333333333333,37,KRSA,0.5380604796663191,3,OTHER,BUD32,BUD32,TP53RK
SLK,0.35583333333333333,57,KRSA,0.28779979144942647,2,STE,STE20,SLK,SLK
SLK,0.35583333333333333,57,KRSA,0.28779979144942647,2,STE,STE20,SLK,STK10
CAMKK,-0.8458333333333333,43,KRSA,0.4629822732012513,2,OTHER,CAMKK,META,CAMKK1
CAMKK,-0.8458333333333333,43,KRSA,0.4629822732012513,2,OTHER,CAMKK,META,CAMKK2
STKR,-0.5766666666666667,52,KRSA,0.35036496350364965,2,TKL,STKR,TYPE1,ACVR1
STKR,-0.5766666666666667,52,KRSA,0.35036496350364965,2,TKL,STKR,TYPE1,ACVR1B
STKR,-0.5766666666666667,52,KRSA,0.35036496350364965,2,TKL,STKR,TYPE1,ACVR1C
STKR,-0.5766666666666667,52,KRSA,0.35036496350364965,2,TKL,STKR,TYPE2,ACVR2A
STKR,-0.5766666666666667,52,KRSA,0.35036496350364965,2,TKL,STKR,TYPE2,ACVR2B
STKR,-0.5766666666666667,52,KRSA,0.35036496350364965,2,TKL,STKR,TYPE1,ACVRL1
STKR,-0.5766666666666667,52,KRSA,0.35036496350364965,2,TKL,STKR,TYPE2,AMHR2
STKR,-0.5766666666666667,52,KRSA,0.35036496350364965,2,TKL,STKR,TYPE1,BMPR1A
STKR,-0.5766666666666667,52,KRSA,0.35036496350364965,2,TKL,STKR,TYPE1,BMPR1B
STKR,-0.5766666666666667,52,KRSA,0.35036496350364965,2,TKL,STKR,TYPE2,BMPR2
STKR,-0.5766666666666667,52,KRSA,0.35036496350364965,2,TKL,STKR,TYPE1,TGFBR1
STKR,-0.5766666666666667,52,KRSA,0.35036496350364965,2,TKL,STKR,TYPE2,TGFBR2
ULK,-0.8608333333333333,38,KRSA,0.5255474452554745,3,OTHER,ULK,FUSED,STK36
ULK,-0.8608333333333333,38,KRSA,0.5255474452554745,3,OTHER,ULK,ULK,ULK1
ULK,-0.8608333333333333,38,KRSA,0.5255474452554745,3,OTHER,ULK,ULK,ULK2
ULK,-0.8608333333333333,38,KRSA,0.5255474452554745,3,OTHER,ULK,ULK,ULK3
ULK,-0.8608333333333333,38,KRSA,0.5255474452554745,3,OTHER,ULK,ULK,ULK4
NIK,-0.8575,39,KRSA,0.5130344108446299,3,STE,STE-UNIQUE,STE-UNIQUE,MAP3K14
CLK,-0.855,41,KRSA,0.4880083420229406,2,CMGC,CLK,CLK,CLK1
CLK,-0.855,41,KRSA,0.4880083420229406,2,CMGC,CLK,CLK,CLK2
CLK,-0.855,41,KRSA,0.4880083420229406,2,CMGC,CLK,CLK,CLK3
CLK,-0.855,41,KRSA,0.4880083420229406,2,CMGC,CLK,CLK,CLK4
PRKDC,-1.0266666666666666,29,KRSA,0.6381647549530761,3,ATYPICAL,PIKK,DNAPK,PRKDC
NEK,0.19,70,KRSA,0.1251303441084463,1,OTHER,NEK,NEK11,NEK11
NEK,0.19,70,KRSA,0.1251303441084463,1,OTHER,NEK,NEK2,NEK2
NEK,0.19,70,KRSA,0.1251303441084463,1,OTHER,NEK,NEK1,NEK3
NEK,0.19,70,KRSA,0.1251303441084463,1,OTHER,NEK,NEK4,NEK4
NEK,0.19,70,KRSA,0.1251303441084463,1,OTHER,NEK,NEK1,NEK5
NEK,0.19,70,KRSA,0.1251303441084463,1,OTHER,NEK,NEK6,NEK6
NEK,0.19,70,KRSA,0.1251303441084463,1,OTHER,NEK,NEK6,NEK7
NEK,0.19,70,KRSA,0.1251303441084463,1,OTHER,NEK,NEK8,NEK8
NEK,0.19,70,KRSA,0.1251303441084463,1,OTHER,NEK,NEK8,NEK9
ATM,-1.2875,19,KRSA,0.7632950990615224,4,ATYPICAL,PIKK,ATM,ATM
PIM,0.39,56,KRSA,0.30031282586027114,2,CAMK,PIM,PIM,PIM1
PIM,0.39,56,KRSA,0.30031282586027114,2,CAMK,PIM,PIM,PIM2
PIM,0.39,56,KRSA,0.30031282586027114,2,CAMK,PIM,PIM,PIM3
PKCD,0.2866666666666667,65,KRSA,0.18769551616266944,1,AGC,PKC,DELTA,PRKCD
PKCD,0.2866666666666667,65,KRSA,0.18769551616266944,1,AGC,PKC,DELTA,PRKCQ
MAPKAPK,0.10083333333333332,75,KRSA,0.06256517205422316,1,CAMK,MAPKAPK,MAPKAPK,MAPKAPK2
MAPKAPK,0.10083333333333332,75,KRSA,0.06256517205422316,1,CAMK,MAPKAPK,MAPKAPK,MAPKAPK3
MAPKAPK,0.10083333333333332,75,KRSA,0.06256517205422316,1,CAMK,MAPKAPK,MAPKAPK,MAPKAPK5
MAPKAPK,0.10083333333333332,75,KRSA,0.06256517205422316,1,CAMK,MAPKAPK,MNK,MKNK1
MAPKAPK,0.10083333333333332,75,KRSA,0.06256517205422316,1,CAMK,MAPKAPK,MNK,MKNK2
CHK1,0.77,46,KRSA,0.4254431699687174,2,CAMK,CAMKL,CHK1,CHEK1
MLK,-0.2033333333333333,69,KRSA,0.13764337851929093,1,TKL,MLK,ILK,ILK
MLK,-0.2033333333333333,69,KRSA,0.13764337851929093,1,TKL,MLK,MLK,MAP3K10
MLK,-0.2033333333333333,69,KRSA,0.13764337851929093,1,TKL,MLK,MLK,MAP3K11
MLK,-0.2033333333333333,69,KRSA,0.13764337851929093,1,TKL,MLK,LZK,MAP3K12
MLK,-0.2033333333333333,69,KRSA,0.13764337851929093,1,TKL,MLK,LZK,MAP3K13
MLK,-0.2033333333333333,69,KRSA,0.13764337851929093,1,TKL,MLK,MLK,MAP3K9
MLK,-0.2033333333333333,69,KRSA,0.13764337851929093,1,TKL,MLK,HH498,TNNI3K
MST,-0.3541666666666667,58,KRSA,0.27528675703858185,2,STE,STE20,MST,STK3
MST,-0.3541666666666667,58,KRSA,0.27528675703858185,2,STE,STE20,MST,STK4
CK1,-1.7291666666666663,13,KRSA,0.8383733055265902,4,CK1,CK1,CK1-A,CSNK1A1
CK1,-1.7291666666666663,13,KRSA,0.8383733055265902,4,CK1,CK1,CK1-A,CSNK1A1L
CK1,-1.7291666666666663,13,KRSA,0.8383733055265902,4,CK1,CK1,CK1-D,CSNK1D
CK1,-1.7291666666666663,13,KRSA,0.8383733055265902,4,CK1,CK1,CK1-D,CSNK1E
CK1,-1.7291666666666663,13,KRSA,0.8383733055265902,4,CK1,CK1,CK1-G,CSNK1G1
CK1,-1.7291666666666663,13,KRSA,0.8383733055265902,4,CK1,CK1,CK1-G,CSNK1G2
CK1,-1.7291666666666663,13,KRSA,0.8383733055265902,4,CK1,CK1,CK1-G,CSNK1G3
CK1,-1.7291666666666663,13,KRSA,0.8383733055265902,4,CK1,TTBK,TTBK,TTBK1
CK1,-1.7291666666666663,13,KRSA,0.8383733055265902,4,CK1,TTBK,TTBK,TTBK2
CK1,-1.7291666666666663,13,KRSA,0.8383733055265902,4,CK1,VRK,VRK,VRK3
ATR,-0.9033333333333332,34,KRSA,0.5755995828988529,3,ATYPICAL,PIKK,ATR,ATR
RSK,-0.4016666666666666,55,KRSA,0.31282586027111575,2,AGC,RSK,RSK,RPS6KA1
RSK,-0.4016666666666666,55,KRSA,0.31282586027111575,2,AGC,RSK,RSK,RPS6KA2
RSK,-0.4016666666666666,55,KRSA,0.31282586027111575,2,AGC,RSK,RSK,RPS6KA3
RSK,-0.4016666666666666,55,KRSA,0.31282586027111575,2,AGC,RSK,MSK,RPS6KA4
RSK,-0.4016666666666666,55,KRSA,0.31282586027111575,2,AGC,RSK,MSK,RPS6KA5
RSK,-0.4016666666666666,55,KRSA,0.31282586027111575,2,AGC,RSK,RSK,RPS6KA6
RSK,-0.4016666666666666,55,KRSA,0.31282586027111575,2,AGC,RSK,P70,RPS6KB1
RSK,-0.4016666666666666,55,KRSA,0.31282586027111575,2,AGC,RSK,P70,RPS6KB2
RIPK,0.24416666666666667,67,KRSA,0.16266944734098018,1,TKL,RIPK,RIPK,ANKK1
RIPK,0.24416666666666667,67,KRSA,0.16266944734098018,1,TKL,RIPK,RIPK,RIPK1
RIPK,0.24416666666666667,67,KRSA,0.16266944734098018,1,TKL,RIPK,RIPK,RIPK2
RIPK,0.24416666666666667,67,KRSA,0.16266944734098018,1,TKL,RIPK,RIPK,RIPK3
RIPK,0.24416666666666667,67,KRSA,0.16266944734098018,1,TKL,RIPK,RIPK,RIPK4
AKT,-0.20333333333333337,68,KRSA,0.15015641293013557,1,AGC,AKT,AKT,AKT1
AKT,-0.20333333333333337,68,KRSA,0.15015641293013557,1,AGC,AKT,AKT,AKT2
AKT,-0.20333333333333337,68,KRSA,0.15015641293013557,1,AGC,AKT,AKT,AKT3
CAMK2,-0.5050000000000001,54,KRSA,0.32533889468196037,2,CAMK,CAMK2,CAMK2,CAMK2A
CAMK2,-0.5050000000000001,54,KRSA,0.32533889468196037,2,CAMK,CAMK2,CAMK2,CAMK2B
CAMK2,-0.5050000000000001,54,KRSA,0.32533889468196037,2,CAMK,CAMK2,CAMK2,CAMK2D
CAMK2,-0.5050000000000001,54,KRSA,0.32533889468196037,2,CAMK,CAMK2,CAMK2,CAMK2G
DAPK,0.30583333333333335,64,KRSA,0.20020855057351408,1,CAMK,DAPK,DAPK,DAPK1
DAPK,0.30583333333333335,64,KRSA,0.20020855057351408,1,CAMK,DAPK,DAPK,DAPK2
DAPK,0.30583333333333335,64,KRSA,0.20020855057351408,1,CAMK,DAPK,DAPK,DAPK3
DAPK,0.30583333333333335,64,KRSA,0.20020855057351408,1,CAMK,DAPK,DRAK,STK17A
DAPK,0.30583333333333335,64,KRSA,0.20020855057351408,1,CAMK,DAPK,DRAK,STK17B
NDR,0.07416666666666666,77,KRSA,0.03753910323253389,1,AGC,NDR,NDR,LATS1
NDR,0.07416666666666666,77,KRSA,0.03753910323253389,1,AGC,NDR,NDR,LATS2
NDR,0.07416666666666666,77,KRSA,0.03753910323253389,1,AGC,NDR,NDR,STK38
NDR,0.07416666666666666,77,KRSA,0.03753910323253389,1,AGC,NDR,NDR,STK38L
VRK1,-0.30833333333333335,63,KRSA,0.2127215849843587,1,CK1,VRK,VRK,VRK1
COT,0.2716666666666667,66,KRSA,0.17518248175182483,1,STE,STE-UNIQUE,STE-UNIQUE,MAP3K8
MELK,0.145,73,KRSA,0.08759124087591241,1,CAMK,CAMKL,MELK,MELK
MSN,0.585,51,KRSA,0.36287799791449427,2,STE,STE20,MSN,MAP4K4
MSN,0.585,51,KRSA,0.36287799791449427,2,STE,STE20,MSN,NRK
MSN,0.585,51,KRSA,0.36287799791449427,2,STE,STE20,MSN,TNIK
PKN,-0.31916666666666665,61,KRSA,0.23774765380604795,1,AGC,PKN,PKN,PKN1
PKN,-0.31916666666666665,61,KRSA,0.23774765380604795,1,AGC,PKN,PKN,PKN2
PKN,-0.31916666666666665,61,KRSA,0.23774765380604795,1,AGC,PKN,PKN,PKN3
PAKB,0.16166666666666665,72,KRSA,0.10010427528675704,1,STE,STE20,PAKB,PAK4
PAKB,0.16166666666666665,72,KRSA,0.10010427528675704,1,STE,STE20,PAKB,PAK5
PAKB,0.16166666666666665,72,KRSA,0.10010427528675704,1,STE,STE20,PAKB,PAK6
AUR,0.06249999999999999,78,KRSA,0.02502606882168926,1,OTHER,AUR,AUR,AURKA
AUR,0.06249999999999999,78,KRSA,0.02502606882168926,1,OTHER,AUR,AUR,AURKB
AUR,0.06249999999999999,78,KRSA,0.02502606882168926,1,OTHER,AUR,AUR,AURKC
CDK,-4.099166666666667,2,KRSA,0.9760166840458812,4,CMGC,CDK,CDC2,CDK1
CDK,-4.099166666666667,2,KRSA,0.9760166840458812,4,CMGC,CDK,CDK10,CDK10
CDK,-4.099166666666667,2,KRSA,0.9760166840458812,4,CMGC,CDK,CRK7,CDK12
CDK,-4.099166666666667,2,KRSA,0.9760166840458812,4,CMGC,CDK,CRK7,CDK13
CDK,-4.099166666666667,2,KRSA,0.9760166840458812,4,CMGC,CDK,PFTAIRE,CDK14
CDK,-4.099166666666667,2,KRSA,0.9760166840458812,4,CMGC,CDK,PFTAIRE,CDK15
CDK,-4.099166666666667,2,KRSA,0.9760166840458812,4,CMGC,CDK,PCTAIRE,CDK16
CDK,-4.099166666666667,2,KRSA,0.9760166840458812,4,CMGC,CDK,PCTAIRE,CDK17
CDK,-4.099166666666667,2,KRSA,0.9760166840458812,4,CMGC,CDK,PCTAIRE,CDK18
CDK,-4.099166666666667,2,KRSA,0.9760166840458812,4,CMGC,CDK,CDK8,CDK19
CDK,-4.099166666666667,2,KRSA,0.9760166840458812,4,CMGC,CDK,CDC2,CDK2
CDK,-4.099166666666667,2,KRSA,0.9760166840458812,4,CMGC,CDK,CCRK,CDK20
CDK,-4.099166666666667,2,KRSA,0.9760166840458812,4,CMGC,CDK,CDC2,CDK3
CDK,-4.099166666666667,2,KRSA,0.9760166840458812,4,CMGC,CDK,CDK4,CDK4
CDK,-4.099166666666667,2,KRSA,0.9760166840458812,4,CMGC,CDK,CDK5,CDK5
CDK,-4.099166666666667,2,KRSA,0.9760166840458812,4,CMGC,CDK,CDK4,CDK6
CDK,-4.099166666666667,2,KRSA,0.9760166840458812,4,CMGC,CDK,CDK7,CDK7
CDK,-4.099166666666667,2,KRSA,0.9760166840458812,4,CMGC,CDK,CDK8,CDK8
CDK,-4.099166666666667,2,KRSA,0.9760166840458812,4,CMGC,CDK,CDK9,CDK9
CDK,-4.099166666666667,2,KRSA,0.9760166840458812,4,NA,NA,NA,CDK11A
CDK,-4.099166666666667,2,KRSA,0.9760166840458812,4,NA,NA,NA,CDK11B
ERK,-3.183333333333333,4,KRSA,0.9509906152241918,4,CMGC,MAPK,ERK1,MAPK1
ERK,-3.183333333333333,4,KRSA,0.9509906152241918,4,CMGC,MAPK,ERK7,MAPK15
ERK,-3.183333333333333,4,KRSA,0.9509906152241918,4,CMGC,MAPK,ERK1,MAPK3
ERK,-3.183333333333333,4,KRSA,0.9509906152241918,4,CMGC,MAPK,ERK3,MAPK4
ERK,-3.183333333333333,4,KRSA,0.9509906152241918,4,CMGC,MAPK,ERK3,MAPK6
ERK,-3.183333333333333,4,KRSA,0.9509906152241918,4,CMGC,MAPK,ERK5,MAPK7
PEK,-3.4016666666666664,3,KRSA,0.9635036496350365,4,OTHER,PEK,HRI,EIF2AK1
PEK,-3.4016666666666664,3,KRSA,0.9635036496350365,4,OTHER,PEK,PKR,EIF2AK2
PEK,-3.4016666666666664,3,KRSA,0.9635036496350365,4,OTHER,PEK,PEK,EIF2AK3
PEK,-3.4016666666666664,3,KRSA,0.9635036496350365,4,OTHER,PEK,GCN2,EIF2AK4
PKCA,-4.128333333333333,1,KRSA,0.9885297184567258,4,AGC,PKC,ALPHA,PRKCA
PKCA,-4.128333333333333,1,KRSA,0.9885297184567258,4,AGC,PKC,ALPHA,PRKCB
PKCA,-4.128333333333333,1,KRSA,0.9885297184567258,4,AGC,PKC,ALPHA,PRKCG
BARK2,0.02000000000000002,80,KRSA,0,1,AGC,GRK,BARK,GRK3
PDK1,-2.6241666666666665,8,KRSA,0.9009384775808134,4,ATYPICAL,PDHK,PDHK,PDK1
PDK1,-2.6241666666666665,8,KRSA,0.9009384775808134,4,AGC,PDK1,PDK1,PDPK1
STE7,-2.408333333333333,10,KRSA,0.8759124087591241,4,STE,STE7,MEK1,MAP2K1
STE7,-2.408333333333333,10,KRSA,0.8759124087591241,4,STE,STE7,MEK1,MAP2K2
STE7,-2.408333333333333,10,KRSA,0.8759124087591241,4,STE,STE7,MEK3,MAP2K3
STE7,-2.408333333333333,10,KRSA,0.8759124087591241,4,STE,STE7,MEK4,MAP2K4
STE7,-2.408333333333333,10,KRSA,0.8759124087591241,4,STE,STE7,MEK5,MAP2K5
STE7,-2.408333333333333,10,KRSA,0.8759124087591241,4,STE,STE7,MEK3,MAP2K6
STE7,-2.408333333333333,10,KRSA,0.8759124087591241,4,STE,STE7,MEK7,MAP2K7
CK2,-1.221666666666667,22,KRSA,0.7257559958289885,3,CMGC,CK2,CK2,CSNK2A1
CK2,-1.221666666666667,22,KRSA,0.7257559958289885,3,CMGC,CK2,CK2,CSNK2A2
CK2,-1.221666666666667,22,KRSA,0.7257559958289885,3,NA,NA,NA,CSNK2A3
AMPK,0.9366666666666666,33,KRSA,0.5881126173096975,3,CAMK,CAMKL,AMPK,PRKAA1
AMPK,0.9366666666666666,33,KRSA,0.5881126173096975,3,CAMK,CAMKL,AMPK,PRKAA2
PLK,-3.0900000000000003,5,KRSA,0.9384775808133472,4,NA,NA,NA,PLK5
PLK,-3.0900000000000003,5,KRSA,0.9384775808133472,4,OTHER,PLK,PLK1,PLK1
PLK,-3.0900000000000003,5,KRSA,0.9384775808133472,4,OTHER,PLK,PLK2,PLK2
PLK,-3.0900000000000003,5,KRSA,0.9384775808133472,4,OTHER,PLK,PLK2,PLK3
PLK,-3.0900000000000003,5,KRSA,0.9384775808133472,4,OTHER,PLK,SAK,PLK4
NMO,-2.4283333333333332,9,KRSA,0.8884254431699687,4,CMGC,MAPK,NMO,NLK
LKB,-1.545,14,KRSA,0.8258602711157456,4,CAMK,CAMKL,LKB,STK11
JNK,-2.6275,7,KRSA,0.913451511991658,4,CMGC,MAPK,JNK,MAPK10
JNK,-2.6275,7,KRSA,0.913451511991658,4,CMGC,MAPK,JNK,MAPK8
JNK,-2.6275,7,KRSA,0.913451511991658,4,CMGC,MAPK,JNK,MAPK9
PKCH,0.05416666666666673,79,KRSA,0.01251303441084463,1,AGC,PKC,ETA,PRKCE
PKCH,0.05416666666666673,79,KRSA,0.01251303441084463,1,AGC,PKC,ETA,PRKCH
PDHK,-1.3808333333333334,18,KRSA,0.7758081334723671,4,ATYPICAL,PDHK,BCKDK,BCKDK
PDHK,-1.3808333333333334,18,KRSA,0.7758081334723671,4,ATYPICAL,PDHK,PDHK,PDK2
PDHK,-1.3808333333333334,18,KRSA,0.7758081334723671,4,ATYPICAL,PDHK,PDHK,PDK3
PDHK,-1.3808333333333334,18,KRSA,0.7758081334723671,4,ATYPICAL,PDHK,PDHK,PDK4
MLCK,0.1841666666666667,71,KRSA,0.11261730969760167,1,CAMK,MLCK,MLCK,MYLK
MLCK,0.1841666666666667,71,KRSA,0.11261730969760167,1,CAMK,MLCK,MLCK,MYLK2
MLCK,0.1841666666666667,71,KRSA,0.11261730969760167,1,CAMK,MLCK,MLCK,TTN
PHK,-1.7991666666666666,12,KRSA,0.8508863399374348,4,CAMK,PHK,PHK,PHKG1
PHK,-1.7991666666666666,12,KRSA,0.8508863399374348,4,CAMK,PHK,PHK,PHKG2
QIK,-1.5158333333333334,15,KRSA,0.8133472367049009,4,CAMK,CAMKL,QIK,SIK1
QIK,-1.5158333333333334,15,KRSA,0.8133472367049009,4,CAMK,CAMKL,QIK,SIK2
DYRK,-2.8766666666666665,6,KRSA,0.9259645464025026,4,CMGC,DYRK,DYRK1,DYRK1A
DYRK,-2.8766666666666665,6,KRSA,0.9259645464025026,4,CMGC,DYRK,DYRK1,DYRK1B
DYRK,-2.8766666666666665,6,KRSA,0.9259645464025026,4,CMGC,DYRK,DYRK2,DYRK2
DYRK,-2.8766666666666665,6,KRSA,0.9259645464025026,4,CMGC,DYRK,DYRK2,DYRK3
DYRK,-2.8766666666666665,6,KRSA,0.9259645464025026,4,CMGC,DYRK,DYRK2,DYRK4
DYRK,-2.8766666666666665,6,KRSA,0.9259645464025026,4,CMGC,DYRK,HIPK,HIPK1
DYRK,-2.8766666666666665,6,KRSA,0.9259645464025026,4,CMGC,DYRK,HIPK,HIPK2
DYRK,-2.8766666666666665,6,KRSA,0.9259645464025026,4,CMGC,DYRK,HIPK,HIPK3
DYRK,-2.8766666666666665,6,KRSA,0.9259645464025026,4,CMGC,DYRK,HIPK,HIPK4
DYRK,-2.8766666666666665,6,KRSA,0.9259645464025026,4,CMGC,DYRK,PRP4,PRPF4B
PKCD,0.2866666666666667,65,KRSA,0.18769551616266944,1,AGC,PKC,DELTA,PRKCD
PKCD,0.2866666666666667,65,KRSA,0.18769551616266944,1,AGC,PKC,DELTA,PRKCQ
CK1,-1.7291666666666663,13,KRSA,0.8383733055265902,4,CK1,CK1,CK1-A,CSNK1A1
CK1,-1.7291666666666663,13,KRSA,0.8383733055265902,4,CK1,CK1,CK1-A,CSNK1A1L
CK1,-1.7291666666666663,13,KRSA,0.8383733055265902,4,CK1,CK1,CK1-D,CSNK1D
CK1,-1.7291666666666663,13,KRSA,0.8383733055265902,4,CK1,CK1,CK1-D,CSNK1E
CK1,-1.7291666666666663,13,KRSA,0.8383733055265902,4,CK1,CK1,CK1-G,CSNK1G1
CK1,-1.7291666666666663,13,KRSA,0.8383733055265902,4,CK1,CK1,CK1-G,CSNK1G2
CK1,-1.7291666666666663,13,KRSA,0.8383733055265902,4,CK1,CK1,CK1-G,CSNK1G3
CK1,-1.7291666666666663,13,KRSA,0.8383733055265902,4,CK1,TTBK,TTBK,TTBK1
CK1,-1.7291666666666663,13,KRSA,0.8383733055265902,4,CK1,TTBK,TTBK,TTBK2
CK1,-1.7291666666666663,13,KRSA,0.8383733055265902,4,CK1,VRK,VRK,VRK3
PKCI,0.5075000000000001,53,KRSA,0.337851929092805,2,AGC,PKC,IOTA,PRKCI
PKCI,0.5075000000000001,53,KRSA,0.337851929092805,2,AGC,PKC,IOTA,PRKCZ
BRSK,0.7375,47,KRSA,0.4129301355578728,2,CAMK,CAMKL,BRSK,BRSK1
BRSK,0.7375,47,KRSA,0.4129301355578728,2,CAMK,CAMKL,BRSK,BRSK2
PASK,0.9,35,KRSA,0.5630865484880083,3,CAMK,CAMKL,PASK,PASK
TAO,0.73,48,KRSA,0.40041710114702816,2,STE,STE20,TAO,TAOK1
TAO,0.73,48,KRSA,0.40041710114702816,2,STE,STE20,TAO,TAOK2
TAO,0.73,48,KRSA,0.40041710114702816,2,STE,STE20,TAO,TAOK3
MTOR,-1.4466666666666663,17,KRSA,0.7883211678832117,4,ATYPICAL,PIKK,FRAP,MTOR
SGK,0.8883333333333333,36,KRSA,0.5505735140771637,3,AGC,SGK,SGK,SGK1
SGK,0.8883333333333333,36,KRSA,0.5505735140771637,3,AGC,SGK,SGK,SGK2
SGK,0.8883333333333333,36,KRSA,0.5505735140771637,3,AGC,SGK,SGK,SGK3
NEK,0.19,70,KRSA,0.1251303441084463,1,OTHER,NEK,NEK11,NEK11
NEK,0.19,70,KRSA,0.1251303441084463,1,OTHER,NEK,NEK2,NEK2
NEK,0.19,70,KRSA,0.1251303441084463,1,OTHER,NEK,NEK1,NEK3
NEK,0.19,70,KRSA,0.1251303441084463,1,OTHER,NEK,NEK4,NEK4
NEK,0.19,70,KRSA,0.1251303441084463,1,OTHER,NEK,NEK1,NEK5
NEK,0.19,70,KRSA,0.1251303441084463,1,OTHER,NEK,NEK6,NEK6
NEK,0.19,70,KRSA,0.1251303441084463,1,OTHER,NEK,NEK6,NEK7
NEK,0.19,70,KRSA,0.1251303441084463,1,OTHER,NEK,NEK8,NEK8
NEK,0.19,70,KRSA,0.1251303441084463,1,OTHER,NEK,NEK8,NEK9
CAMK1,1.0666666666666669,28,KRSA,0.6506777893639207,3,CAMK,CAMK1,CAMK1,CAMK1
CAMK1,1.0666666666666669,28,KRSA,0.6506777893639207,3,CAMK,CAMK1,CAMK1,CAMK1D
CAMK1,1.0666666666666669,28,KRSA,0.6506777893639207,3,CAMK,CAMK1,CAMK1,CAMK1G
CAMK1,1.0666666666666669,28,KRSA,0.6506777893639207,3,CAMK,CAMK1,CAMK1,CAMK4
CAMK1,1.0666666666666669,28,KRSA,0.6506777893639207,3,CAMK,CAMK1,CAMK1,PNCK
P38,-2.0500000000000003,11,KRSA,0.8633993743482794,4,CMGC,MAPK,P38,MAPK11
P38,-2.0500000000000003,11,KRSA,0.8633993743482794,4,CMGC,MAPK,P38,MAPK12
P38,-2.0500000000000003,11,KRSA,0.8633993743482794,4,CMGC,MAPK,P38,MAPK13
P38,-2.0500000000000003,11,KRSA,0.8633993743482794,4,CMGC,MAPK,P38,MAPK14
GSK,-1.2241666666666666,21,KRSA,0.7382690302398331,3,CMGC,GSK,GSK,GSK3A
GSK,-1.2241666666666666,21,KRSA,0.7382690302398331,3,CMGC,GSK,GSK,GSK3B
RAF,-1.0216666666666667,30,KRSA,0.6256517205422315,3,TKL,RAF,RAF,ARAF
RAF,-1.0216666666666667,30,KRSA,0.6256517205422315,3,TKL,RAF,RAF,BRAF
RAF,-1.0216666666666667,30,KRSA,0.6256517205422315,3,TKL,RAF,KSR,KSR1
RAF,-1.0216666666666667,30,KRSA,0.6256517205422315,3,TKL,RAF,KSR,KSR2
RAF,-1.0216666666666667,30,KRSA,0.6256517205422315,3,TKL,RAF,RAF,RAF1
IRAK,-0.9883333333333332,31,KRSA,0.6131386861313869,3,TKL,IRAK,IRAK,IRAK1
IRAK,-0.9883333333333332,31,KRSA,0.6131386861313869,3,TKL,IRAK,IRAK,IRAK2
IRAK,-0.9883333333333332,31,KRSA,0.6131386861313869,3,TKL,IRAK,IRAK,IRAK3
IRAK,-0.9883333333333332,31,KRSA,0.6131386861313869,3,TKL,IRAK,IRAK,IRAK4
HAL,0.1225,74,KRSA,0.07507820646506778,1,RGC,RGC,RGC,NPR1
PKG,0.665,49,KRSA,0.38790406673618355,2,AGC,PKG,PKG,PRKG1
PKG,0.665,49,KRSA,0.38790406673618355,2,AGC,PKG,PKG,PRKG2
TTK,-1.215833333333333,23,KRSA,0.7132429614181439,3,OTHER,TTK,TTK,TTK
NAK,-0.345,59,KRSA,0.26277372262773724,2,OTHER,NAK,BIKE,AAK1
NAK,-0.345,59,KRSA,0.26277372262773724,2,OTHER,NAK,BIKE,BMP2K
NAK,-0.345,59,KRSA,0.26277372262773724,2,OTHER,NAK,GAK,GAK
NAK,-0.345,59,KRSA,0.26277372262773724,2,OTHER,NAK,MPSK,STK16
FRAY,-1.4925,16,KRSA,0.8008342022940563,4,STE,STE20,FRAY,OXSR1
FRAY,-1.4925,16,KRSA,0.8008342022940563,4,STE,STE20,FRAY,STK39
STE11,-0.9616666666666668,32,KRSA,0.6006256517205423,3,TKL,MLK,TAK1,MAP3K7
STE11,-0.9616666666666668,32,KRSA,0.6006256517205423,3,STE,STE11,MEKK1,MAP3K1
STE11,-0.9616666666666668,32,KRSA,0.6006256517205423,3,STE,STE11,ASK,MAP3K15
STE11,-0.9616666666666668,32,KRSA,0.6006256517205423,3,STE,STE11,MEKK2,MAP3K2
STE11,-0.9616666666666668,32,KRSA,0.6006256517205423,3,STE,STE11,MEKK2,MAP3K3
STE11,-0.9616666666666668,32,KRSA,0.6006256517205423,3,STE,STE11,MEKK4,MAP3K4
STE11,-0.9616666666666668,32,KRSA,0.6006256517205423,3,STE,STE11,ASK,MAP3K5
STE11,-0.9616666666666668,32,KRSA,0.6006256517205423,3,STE,STE11,ASK,MAP3K6
TLK,-1.211666666666667,24,KRSA,0.7007299270072993,3,OTHER,TLK,TLK,TLK1
TLK,-1.211666666666667,24,KRSA,0.7007299270072993,3,OTHER,TLK,TLK,TLK2
NUAK,-1.1833333333333331,25,KRSA,0.6882168925964547,3,CAMK,CAMKL,NUAK,NUAK1
NUAK,-1.1833333333333331,25,KRSA,0.6882168925964547,3,CAMK,CAMKL,NUAK,NUAK2
MAPKAPK,0.10083333333333332,75,KRSA,0.06256517205422316,1,CAMK,MAPKAPK,MAPKAPK,MAPKAPK2
MAPKAPK,0.10083333333333332,75,KRSA,0.06256517205422316,1,CAMK,MAPKAPK,MAPKAPK,MAPKAPK3
MAPKAPK,0.10083333333333332,75,KRSA,0.06256517205422316,1,CAMK,MAPKAPK,MAPKAPK,MAPKAPK5
MAPKAPK,0.10083333333333332,75,KRSA,0.06256517205422316,1,CAMK,MAPKAPK,MNK,MKNK1
MAPKAPK,0.10083333333333332,75,KRSA,0.06256517205422316,1,CAMK,MAPKAPK,MNK,MKNK2
PKA,0.6225,50,KRSA,0.3753910323253389,2,AGC,PKA,PKA,PRKACA
PKA,0.6225,50,KRSA,0.3753910323253389,2,AGC,PKA,PKA,PRKACB
PKA,0.6225,50,KRSA,0.3753910323253389,2,AGC,PKA,PKA,PRKACG
PKA,0.6225,50,KRSA,0.3753910323253389,2,AGC,PKA,PKA,PRKX
PKA,0.6225,50,KRSA,0.3753910323253389,2,AGC,PKA,PKA,PRKY
RAD53,0.33166666666666667,60,KRSA,0.2502606882168926,2,CAMK,RAD53,RAD53,CHEK2
IKK,-1.1525,26,KRSA,0.67570385818561,3,OTHER,IKK,IKK,CHUK
IKK,-1.1525,26,KRSA,0.67570385818561,3,OTHER,IKK,IKK,IKBKB
IKK,-1.1525,26,KRSA,0.67570385818561,3,OTHER,IKK,IKK,IKBKE
IKK,-1.1525,26,KRSA,0.67570385818561,3,OTHER,IKK,IKK,TBK1
PAKA,0.08333333333333334,76,KRSA,0.05005213764337852,1,STE,STE20,PAKA,PAK1
PAKA,0.08333333333333334,76,KRSA,0.05005213764337852,1,STE,STE20,PAKA,PAK2
PAKA,0.08333333333333334,76,KRSA,0.05005213764337852,1,STE,STE20,PAKA,PAK3
RSK,-0.4016666666666666,55,KRSA,0.31282586027111575,2,AGC,RSK,RSK,RPS6KA1
RSK,-0.4016666666666666,55,KRSA,0.31282586027111575,2,AGC,RSK,RSK,RPS6KA2
RSK,-0.4016666666666666,55,KRSA,0.31282586027111575,2,AGC,RSK,RSK,RPS6KA3
RSK,-0.4016666666666666,55,KRSA,0.31282586027111575,2,AGC,RSK,MSK,RPS6KA4
RSK,-0.4016666666666666,55,KRSA,0.31282586027111575,2,AGC,RSK,MSK,RPS6KA5
RSK,-0.4016666666666666,55,KRSA,0.31282586027111575,2,AGC,RSK,RSK,RPS6KA6
RSK,-0.4016666666666666,55,KRSA,0.31282586027111575,2,AGC,RSK,P70,RPS6KB1
RSK,-0.4016666666666666,55,KRSA,0.31282586027111575,2,AGC,RSK,P70,RPS6KB2
CHK1,0.77,46,KRSA,0.4254431699687174,2,CAMK,CAMKL,CHK1,CHEK1
PRKDC,-1.0266666666666666,29,KRSA,0.6381647549530761,3,ATYPICAL,PIKK,DNAPK,PRKDC
GRK,-0.8391666666666666,44,KRSA,0.4504692387904067,2,AGC,GRK,GRK,GRK1
GRK,-0.8391666666666666,44,KRSA,0.4504692387904067,2,AGC,GRK,GRK,GRK4
GRK,-0.8391666666666666,44,KRSA,0.4504692387904067,2,AGC,GRK,GRK,GRK5
GRK,-0.8391666666666666,44,KRSA,0.4504692387904067,2,AGC,GRK,GRK,GRK6
GRK,-0.8391666666666666,44,KRSA,0.4504692387904067,2,AGC,GRK,GRK,GRK7
WNK,-0.8558333333333333,40,KRSA,0.5005213764337852,3,OTHER,WNK,WNK,WNK1
WNK,-0.8558333333333333,40,KRSA,0.5005213764337852,3,OTHER,WNK,WNK,WNK2
WNK,-0.8558333333333333,40,KRSA,0.5005213764337852,3,OTHER,WNK,WNK,WNK3
WNK,-0.8558333333333333,40,KRSA,0.5005213764337852,3,OTHER,WNK,WNK,WNK4
ULK,-0.8608333333333333,38,KRSA,0.5255474452554745,3,OTHER,ULK,FUSED,STK36
ULK,-0.8608333333333333,38,KRSA,0.5255474452554745,3,OTHER,ULK,ULK,ULK1
ULK,-0.8608333333333333,38,KRSA,0.5255474452554745,3,OTHER,ULK,ULK,ULK2
ULK,-0.8608333333333333,38,KRSA,0.5255474452554745,3,OTHER,ULK,ULK,ULK3
ULK,-0.8608333333333333,38,KRSA,0.5255474452554745,3,OTHER,ULK,ULK,ULK4
SLK,0.35583333333333333,57,KRSA,0.28779979144942647,2,STE,STE20,SLK,SLK
SLK,0.35583333333333333,57,KRSA,0.28779979144942647,2,STE,STE20,SLK,STK10
KHS,0.7716666666666667,45,KRSA,0.43795620437956206,2,STE,STE20,KHS,MAP4K1
KHS,0.7716666666666667,45,KRSA,0.43795620437956206,2,STE,STE20,KHS,MAP4K2
KHS,0.7716666666666667,45,KRSA,0.43795620437956206,2,STE,STE20,KHS,MAP4K3
KHS,0.7716666666666667,45,KRSA,0.43795620437956206,2,STE,STE20,KHS,MAP4K5
NIK,-0.8575,39,KRSA,0.5130344108446299,3,STE,STE-UNIQUE,STE-UNIQUE,MAP3K14
BUD32,-0.8658333333333333,37,KRSA,0.5380604796663191,3,OTHER,BUD32,BUD32,TP53RK
CLK,-0.855,41,KRSA,0.4880083420229406,2,CMGC,CLK,CLK,CLK1
CLK,-0.855,41,KRSA,0.4880083420229406,2,CMGC,CLK,CLK,CLK2
CLK,-0.855,41,KRSA,0.4880083420229406,2,CMGC,CLK,CLK,CLK3
CLK,-0.855,41,KRSA,0.4880083420229406,2,CMGC,CLK,CLK,CLK4
MOS,-0.8491666666666666,42,KRSA,0.4754953076120959,2,OTHER,MOS,MOS,MOS
CAMKK,-0.8458333333333333,43,KRSA,0.4629822732012513,2,OTHER,CAMKK,META,CAMKK1
CAMKK,-0.8458333333333333,43,KRSA,0.4629822732012513,2,OTHER,CAMKK,META,CAMKK2
NDR,0.07416666666666666,77,KRSA,0.03753910323253389,1,AGC,NDR,NDR,LATS1
NDR,0.07416666666666666,77,KRSA,0.03753910323253389,1,AGC,NDR,NDR,LATS2
NDR,0.07416666666666666,77,KRSA,0.03753910323253389,1,AGC,NDR,NDR,STK38
NDR,0.07416666666666666,77,KRSA,0.03753910323253389,1,AGC,NDR,NDR,STK38L
DAPK,0.30583333333333335,64,KRSA,0.20020855057351408,1,CAMK,DAPK,DAPK,DAPK1
DAPK,0.30583333333333335,64,KRSA,0.20020855057351408,1,CAMK,DAPK,DAPK,DAPK2
DAPK,0.30583333333333335,64,KRSA,0.20020855057351408,1,CAMK,DAPK,DAPK,DAPK3
DAPK,0.30583333333333335,64,KRSA,0.20020855057351408,1,CAMK,DAPK,DRAK,STK17A
DAPK,0.30583333333333335,64,KRSA,0.20020855057351408,1,CAMK,DAPK,DRAK,STK17B
AUR,0.06249999999999999,78,KRSA,0.02502606882168926,1,OTHER,AUR,AUR,AURKA
AUR,0.06249999999999999,78,KRSA,0.02502606882168926,1,OTHER,AUR,AUR,AURKB
AUR,0.06249999999999999,78,KRSA,0.02502606882168926,1,OTHER,AUR,AUR,AURKC
PKD,-0.31750000000000006,62,KRSA,0.22523461939520334,1,CAMK,PKD,PKD,PRKD1
PKD,-0.31750000000000006,62,KRSA,0.22523461939520334,1,CAMK,PKD,PKD,PRKD2
PKD,-0.31750000000000006,62,KRSA,0.22523461939520334,1,CAMK,PKD,PKD,PRKD3
MSN,0.585,51,KRSA,0.36287799791449427,2,STE,STE20,MSN,MAP4K4
MSN,0.585,51,KRSA,0.36287799791449427,2,STE,STE20,MSN,NRK
MSN,0.585,51,KRSA,0.36287799791449427,2,STE,STE20,MSN,TNIK
PKN,-0.31916666666666665,61,KRSA,0.23774765380604795,1,AGC,PKN,PKN,PKN1
PKN,-0.31916666666666665,61,KRSA,0.23774765380604795,1,AGC,PKN,PKN,PKN2
PKN,-0.31916666666666665,61,KRSA,0.23774765380604795,1,AGC,PKN,PKN,PKN3
MELK,0.145,73,KRSA,0.08759124087591241,1,CAMK,CAMKL,MELK,MELK
PAKB,0.16166666666666665,72,KRSA,0.10010427528675704,1,STE,STE20,PAKB,PAK4
PAKB,0.16166666666666665,72,KRSA,0.10010427528675704,1,STE,STE20,PAKB,PAK5
PAKB,0.16166666666666665,72,KRSA,0.10010427528675704,1,STE,STE20,PAKB,PAK6
STKR,-0.5766666666666667,52,KRSA,0.35036496350364965,2,TKL,STKR,TYPE1,ACVR1
STKR,-0.5766666666666667,52,KRSA,0.35036496350364965,2,TKL,STKR,TYPE1,ACVR1B
STKR,-0.5766666666666667,52,KRSA,0.35036496350364965,2,TKL,STKR,TYPE1,ACVR1C
STKR,-0.5766666666666667,52,KRSA,0.35036496350364965,2,TKL,STKR,TYPE2,ACVR2A
STKR,-0.5766666666666667,52,KRSA,0.35036496350364965,2,TKL,STKR,TYPE2,ACVR2B
STKR,-0.5766666666666667,52,KRSA,0.35036496350364965,2,TKL,STKR,TYPE1,ACVRL1
STKR,-0.5766666666666667,52,KRSA,0.35036496350364965,2,TKL,STKR,TYPE2,AMHR2
STKR,-0.5766666666666667,52,KRSA,0.35036496350364965,2,TKL,STKR,TYPE1,BMPR1A
STKR,-0.5766666666666667,52,KRSA,0.35036496350364965,2,TKL,STKR,TYPE1,BMPR1B
STKR,-0.5766666666666667,52,KRSA,0.35036496350364965,2,TKL,STKR,TYPE2,BMPR2
STKR,-0.5766666666666667,52,KRSA,0.35036496350364965,2,TKL,STKR,TYPE1,TGFBR1
STKR,-0.5766666666666667,52,KRSA,0.35036496350364965,2,TKL,STKR,TYPE2,TGFBR2
ATM,-1.2875,19,KRSA,0.7632950990615224,4,ATYPICAL,PIKK,ATM,ATM
ATR,-0.9033333333333332,34,KRSA,0.5755995828988529,3,ATYPICAL,PIKK,ATR,ATR
MLK,-0.2033333333333333,69,KRSA,0.13764337851929093,1,TKL,MLK,ILK,ILK
MLK,-0.2033333333333333,69,KRSA,0.13764337851929093,1,TKL,MLK,MLK,MAP3K10
MLK,-0.2033333333333333,69,KRSA,0.13764337851929093,1,TKL,MLK,MLK,MAP3K11
MLK,-0.2033333333333333,69,KRSA,0.13764337851929093,1,TKL,MLK,LZK,MAP3K12
MLK,-0.2033333333333333,69,KRSA,0.13764337851929093,1,TKL,MLK,LZK,MAP3K13
MLK,-0.2033333333333333,69,KRSA,0.13764337851929093,1,TKL,MLK,MLK,MAP3K9
MLK,-0.2033333333333333,69,KRSA,0.13764337851929093,1,TKL,MLK,HH498,TNNI3K
PIM,0.39,56,KRSA,0.30031282586027114,2,CAMK,PIM,PIM,PIM1
PIM,0.39,56,KRSA,0.30031282586027114,2,CAMK,PIM,PIM,PIM2
PIM,0.39,56,KRSA,0.30031282586027114,2,CAMK,PIM,PIM,PIM3
COT,0.2716666666666667,66,KRSA,0.17518248175182483,1,STE,STE-UNIQUE,STE-UNIQUE,MAP3K8
VRK1,-0.30833333333333335,63,KRSA,0.2127215849843587,1,CK1,VRK,VRK,VRK1
RIPK,0.24416666666666667,67,KRSA,0.16266944734098018,1,TKL,RIPK,RIPK,ANKK1
RIPK,0.24416666666666667,67,KRSA,0.16266944734098018,1,TKL,RIPK,RIPK,RIPK1
RIPK,0.24416666666666667,67,KRSA,0.16266944734098018,1,TKL,RIPK,RIPK,RIPK2
RIPK,0.24416666666666667,67,KRSA,0.16266944734098018,1,TKL,RIPK,RIPK,RIPK3
RIPK,0.24416666666666667,67,KRSA,0.16266944734098018,1,TKL,RIPK,RIPK,RIPK4
DMPK,-1.1075,27,KRSA,0.6631908237747653,3,AGC,DMPK,GEK,CDC42BPA
DMPK,-1.1075,27,KRSA,0.6631908237747653,3,AGC,DMPK,GEK,CDC42BPB
DMPK,-1.1075,27,KRSA,0.6631908237747653,3,AGC,DMPK,GEK,CDC42BPG
DMPK,-1.1075,27,KRSA,0.6631908237747653,3,AGC,DMPK,CRIK,CIT
DMPK,-1.1075,27,KRSA,0.6631908237747653,3,AGC,DMPK,GEK,DMPK
DMPK,-1.1075,27,KRSA,0.6631908237747653,3,AGC,DMPK,ROCK,ROCK1
DMPK,-1.1075,27,KRSA,0.6631908237747653,3,AGC,DMPK,ROCK,ROCK2
MST,-0.3541666666666667,58,KRSA,0.27528675703858185,2,STE,STE20,MST,STK3
MST,-0.3541666666666667,58,KRSA,0.27528675703858185,2,STE,STE20,MST,STK4
AKT,-0.20333333333333337,68,KRSA,0.15015641293013557,1,AGC,AKT,AKT,AKT1
AKT,-0.20333333333333337,68,KRSA,0.15015641293013557,1,AGC,AKT,AKT,AKT2
AKT,-0.20333333333333337,68,KRSA,0.15015641293013557,1,AGC,AKT,AKT,AKT3
CAMK2,-0.5050000000000001,54,KRSA,0.32533889468196037,2,CAMK,CAMK2,CAMK2,CAMK2A
CAMK2,-0.5050000000000001,54,KRSA,0.32533889468196037,2,CAMK,CAMK2,CAMK2,CAMK2B
CAMK2,-0.5050000000000001,54,KRSA,0.32533889468196037,2,CAMK,CAMK2,CAMK2,CAMK2D
CAMK2,-0.5050000000000001,54,KRSA,0.32533889468196037,2,CAMK,CAMK2,CAMK2,CAMK2G
PKCA,-4.128333333333333,1,KRSA,0.9885297184567258,4,AGC,PKC,ALPHA,PRKCA
PKCA,-4.128333333333333,1,KRSA,0.9885297184567258,4,AGC,PKC,ALPHA,PRKCB
PKCA,-4.128333333333333,1,KRSA,0.9885297184567258,4,AGC,PKC,ALPHA,PRKCG
CDK,-4.099166666666667,2,KRSA,0.9760166840458812,4,CMGC,CDK,CDC2,CDK1
CDK,-4.099166666666667,2,KRSA,0.9760166840458812,4,CMGC,CDK,CDK10,CDK10
CDK,-4.099166666666667,2,KRSA,0.9760166840458812,4,CMGC,CDK,CRK7,CDK12
CDK,-4.099166666666667,2,KRSA,0.9760166840458812,4,CMGC,CDK,CRK7,CDK13
CDK,-4.099166666666667,2,KRSA,0.9760166840458812,4,CMGC,CDK,PFTAIRE,CDK14
CDK,-4.099166666666667,2,KRSA,0.9760166840458812,4,CMGC,CDK,PFTAIRE,CDK15
CDK,-4.099166666666667,2,KRSA,0.9760166840458812,4,CMGC,CDK,PCTAIRE,CDK16
CDK,-4.099166666666667,2,KRSA,0.9760166840458812,4,CMGC,CDK,PCTAIRE,CDK17
CDK,-4.099166666666667,2,KRSA,0.9760166840458812,4,CMGC,CDK,PCTAIRE,CDK18
CDK,-4.099166666666667,2,KRSA,0.9760166840458812,4,CMGC,CDK,CDK8,CDK19
CDK,-4.099166666666667,2,KRSA,0.9760166840458812,4,CMGC,CDK,CDC2,CDK2
CDK,-4.099166666666667,2,KRSA,0.9760166840458812,4,CMGC,CDK,CCRK,CDK20
CDK,-4.099166666666667,2,KRSA,0.9760166840458812,4,CMGC,CDK,CDC2,CDK3
CDK,-4.099166666666667,2,KRSA,0.9760166840458812,4,CMGC,CDK,CDK4,CDK4
CDK,-4.099166666666667,2,KRSA,0.9760166840458812,4,CMGC,CDK,CDK5,CDK5
CDK,-4.099166666666667,2,KRSA,0.9760166840458812,4,CMGC,CDK,CDK4,CDK6
CDK,-4.099166666666667,2,KRSA,0.9760166840458812,4,CMGC,CDK,CDK7,CDK7
CDK,-4.099166666666667,2,KRSA,0.9760166840458812,4,CMGC,CDK,CDK8,CDK8
CDK,-4.099166666666667,2,KRSA,0.9760166840458812,4,CMGC,CDK,CDK9,CDK9
CDK,-4.099166666666667,2,KRSA,0.9760166840458812,4,NA,NA,NA,CDK11A
CDK,-4.099166666666667,2,KRSA,0.9760166840458812,4,NA,NA,NA,CDK11B
BRSK,0.7375,47,KRSA,0.4129301355578728,2,CAMK,CAMKL,BRSK,BRSK1
BRSK,0.7375,47,KRSA,0.4129301355578728,2,CAMK,CAMKL,BRSK,BRSK2
PEK,-3.4016666666666664,3,KRSA,0.9635036496350365,4,OTHER,PEK,HRI,EIF2AK1
PEK,-3.4016666666666664,3,KRSA,0.9635036496350365,4,OTHER,PEK,PKR,EIF2AK2
PEK,-3.4016666666666664,3,KRSA,0.9635036496350365,4,OTHER,PEK,PEK,EIF2AK3
PEK,-3.4016666666666664,3,KRSA,0.9635036496350365,4,OTHER,PEK,GCN2,EIF2AK4
PASK,0.9,35,KRSA,0.5630865484880083,3,CAMK,CAMKL,PASK,PASK
TAO,0.73,48,KRSA,0.40041710114702816,2,STE,STE20,TAO,TAOK1
TAO,0.73,48,KRSA,0.40041710114702816,2,STE,STE20,TAO,TAOK2
TAO,0.73,48,KRSA,0.40041710114702816,2,STE,STE20,TAO,TAOK3
PKCH,0.05416666666666673,79,KRSA,0.01251303441084463,1,AGC,PKC,ETA,PRKCE
PKCH,0.05416666666666673,79,KRSA,0.01251303441084463,1,AGC,PKC,ETA,PRKCH
ERK,-3.183333333333333,4,KRSA,0.9509906152241918,4,CMGC,MAPK,ERK1,MAPK1
ERK,-3.183333333333333,4,KRSA,0.9509906152241918,4,CMGC,MAPK,ERK7,MAPK15
ERK,-3.183333333333333,4,KRSA,0.9509906152241918,4,CMGC,MAPK,ERK1,MAPK3
ERK,-3.183333333333333,4,KRSA,0.9509906152241918,4,CMGC,MAPK,ERK3,MAPK4
ERK,-3.183333333333333,4,KRSA,0.9509906152241918,4,CMGC,MAPK,ERK3,MAPK6
ERK,-3.183333333333333,4,KRSA,0.9509906152241918,4,CMGC,MAPK,ERK5,MAPK7
PHK,-1.7991666666666666,12,KRSA,0.8508863399374348,4,CAMK,PHK,PHK,PHKG1
PHK,-1.7991666666666666,12,KRSA,0.8508863399374348,4,CAMK,PHK,PHK,PHKG2
LKB,-1.545,14,KRSA,0.8258602711157456,4,CAMK,CAMKL,LKB,STK11
STE7,-2.408333333333333,10,KRSA,0.8759124087591241,4,STE,STE7,MEK1,MAP2K1
STE7,-2.408333333333333,10,KRSA,0.8759124087591241,4,STE,STE7,MEK1,MAP2K2
STE7,-2.408333333333333,10,KRSA,0.8759124087591241,4,STE,STE7,MEK3,MAP2K3
STE7,-2.408333333333333,10,KRSA,0.8759124087591241,4,STE,STE7,MEK4,MAP2K4
STE7,-2.408333333333333,10,KRSA,0.8759124087591241,4,STE,STE7,MEK5,MAP2K5
STE7,-2.408333333333333,10,KRSA,0.8759124087591241,4,STE,STE7,MEK3,MAP2K6
STE7,-2.408333333333333,10,KRSA,0.8759124087591241,4,STE,STE7,MEK7,MAP2K7
AUR,0.06249999999999999,78,KRSA,0.02502606882168926,1,OTHER,AUR,AUR,AURKA
AUR,0.06249999999999999,78,KRSA,0.02502606882168926,1,OTHER,AUR,AUR,AURKB
AUR,0.06249999999999999,78,KRSA,0.02502606882168926,1,OTHER,AUR,AUR,AURKC
CAMK2,-0.5050000000000001,54,KRSA,0.32533889468196037,2,CAMK,CAMK2,CAMK2,CAMK2A
CAMK2,-0.5050000000000001,54,KRSA,0.32533889468196037,2,CAMK,CAMK2,CAMK2,CAMK2B
CAMK2,-0.5050000000000001,54,KRSA,0.32533889468196037,2,CAMK,CAMK2,CAMK2,CAMK2D
CAMK2,-0.5050000000000001,54,KRSA,0.32533889468196037,2,CAMK,CAMK2,CAMK2,CAMK2G
MSN,0.585,51,KRSA,0.36287799791449427,2,STE,STE20,MSN,MAP4K4
MSN,0.585,51,KRSA,0.36287799791449427,2,STE,STE20,MSN,NRK
MSN,0.585,51,KRSA,0.36287799791449427,2,STE,STE20,MSN,TNIK
CK2,-1.221666666666667,22,KRSA,0.7257559958289885,3,CMGC,CK2,CK2,CSNK2A1
CK2,-1.221666666666667,22,KRSA,0.7257559958289885,3,CMGC,CK2,CK2,CSNK2A2
CK2,-1.221666666666667,22,KRSA,0.7257559958289885,3,NA,NA,NA,CSNK2A3
DYRK,-2.8766666666666665,6,KRSA,0.9259645464025026,4,CMGC,DYRK,DYRK1,DYRK1A
DYRK,-2.8766666666666665,6,KRSA,0.9259645464025026,4,CMGC,DYRK,DYRK1,DYRK1B
DYRK,-2.8766666666666665,6,KRSA,0.9259645464025026,4,CMGC,DYRK,DYRK2,DYRK2
DYRK,-2.8766666666666665,6,KRSA,0.9259645464025026,4,CMGC,DYRK,DYRK2,DYRK3
DYRK,-2.8766666666666665,6,KRSA,0.9259645464025026,4,CMGC,DYRK,DYRK2,DYRK4
DYRK,-2.8766666666666665,6,KRSA,0.9259645464025026,4,CMGC,DYRK,HIPK,HIPK1
DYRK,-2.8766666666666665,6,KRSA,0.9259645464025026,4,CMGC,DYRK,HIPK,HIPK2
DYRK,-2.8766666666666665,6,KRSA,0.9259645464025026,4,CMGC,DYRK,HIPK,HIPK3
DYRK,-2.8766666666666665,6,KRSA,0.9259645464025026,4,CMGC,DYRK,HIPK,HIPK4
DYRK,-2.8766666666666665,6,KRSA,0.9259645464025026,4,CMGC,DYRK,PRP4,PRPF4B
AMPK,0.9366666666666666,33,KRSA,0.5881126173096975,3,CAMK,CAMKL,AMPK,PRKAA1
AMPK,0.9366666666666666,33,KRSA,0.5881126173096975,3,CAMK,CAMKL,AMPK,PRKAA2
DAPK,0.30583333333333335,64,KRSA,0.20020855057351408,1,CAMK,DAPK,DAPK,DAPK1
DAPK,0.30583333333333335,64,KRSA,0.20020855057351408,1,CAMK,DAPK,DAPK,DAPK2
DAPK,0.30583333333333335,64,KRSA,0.20020855057351408,1,CAMK,DAPK,DAPK,DAPK3
DAPK,0.30583333333333335,64,KRSA,0.20020855057351408,1,CAMK,DAPK,DRAK,STK17A
DAPK,0.30583333333333335,64,KRSA,0.20020855057351408,1,CAMK,DAPK,DRAK,STK17B
STKR,-0.5766666666666667,52,KRSA,0.35036496350364965,2,TKL,STKR,TYPE1,ACVR1
STKR,-0.5766666666666667,52,KRSA,0.35036496350364965,2,TKL,STKR,TYPE1,ACVR1B
STKR,-0.5766666666666667,52,KRSA,0.35036496350364965,2,TKL,STKR,TYPE1,ACVR1C
STKR,-0.5766666666666667,52,KRSA,0.35036496350364965,2,TKL,STKR,TYPE2,ACVR2A
STKR,-0.5766666666666667,52,KRSA,0.35036496350364965,2,TKL,STKR,TYPE2,ACVR2B
STKR,-0.5766666666666667,52,KRSA,0.35036496350364965,2,TKL,STKR,TYPE1,ACVRL1
STKR,-0.5766666666666667,52,KRSA,0.35036496350364965,2,TKL,STKR,TYPE2,AMHR2
STKR,-0.5766666666666667,52,KRSA,0.35036496350364965,2,TKL,STKR,TYPE1,BMPR1A
STKR,-0.5766666666666667,52,KRSA,0.35036496350364965,2,TKL,STKR,TYPE1,BMPR1B
STKR,-0.5766666666666667,52,KRSA,0.35036496350364965,2,TKL,STKR,TYPE2,BMPR2
STKR,-0.5766666666666667,52,KRSA,0.35036496350364965,2,TKL,STKR,TYPE1,TGFBR1
STKR,-0.5766666666666667,52,KRSA,0.35036496350364965,2,TKL,STKR,TYPE2,TGFBR2
PLK,-3.0900000000000003,5,KRSA,0.9384775808133472,4,NA,NA,NA,PLK5
PLK,-3.0900000000000003,5,KRSA,0.9384775808133472,4,OTHER,PLK,PLK1,PLK1
PLK,-3.0900000000000003,5,KRSA,0.9384775808133472,4,OTHER,PLK,PLK2,PLK2
PLK,-3.0900000000000003,5,KRSA,0.9384775808133472,4,OTHER,PLK,PLK2,PLK3
PLK,-3.0900000000000003,5,KRSA,0.9384775808133472,4,OTHER,PLK,SAK,PLK4
PDHK,-1.3808333333333334,18,KRSA,0.7758081334723671,4,ATYPICAL,PDHK,BCKDK,BCKDK
PDHK,-1.3808333333333334,18,KRSA,0.7758081334723671,4,ATYPICAL,PDHK,PDHK,PDK2
PDHK,-1.3808333333333334,18,KRSA,0.7758081334723671,4,ATYPICAL,PDHK,PDHK,PDK3
PDHK,-1.3808333333333334,18,KRSA,0.7758081334723671,4,ATYPICAL,PDHK,PDHK,PDK4
CAMK1,1.0666666666666669,28,KRSA,0.6506777893639207,3,CAMK,CAMK1,CAMK1,CAMK1
CAMK1,1.0666666666666669,28,KRSA,0.6506777893639207,3,CAMK,CAMK1,CAMK1,CAMK1D
CAMK1,1.0666666666666669,28,KRSA,0.6506777893639207,3,CAMK,CAMK1,CAMK1,CAMK1G
CAMK1,1.0666666666666669,28,KRSA,0.6506777893639207,3,CAMK,CAMK1,CAMK1,CAMK4
CAMK1,1.0666666666666669,28,KRSA,0.6506777893639207,3,CAMK,CAMK1,CAMK1,PNCK
VRK1,-0.30833333333333335,63,KRSA,0.2127215849843587,1,CK1,VRK,VRK,VRK1
IRAK,-0.9883333333333332,31,KRSA,0.6131386861313869,3,TKL,IRAK,IRAK,IRAK1
IRAK,-0.9883333333333332,31,KRSA,0.6131386861313869,3,TKL,IRAK,IRAK,IRAK2
IRAK,-0.9883333333333332,31,KRSA,0.6131386861313869,3,TKL,IRAK,IRAK,IRAK3
IRAK,-0.9883333333333332,31,KRSA,0.6131386861313869,3,TKL,IRAK,IRAK,IRAK4
PKN,-0.31916666666666665,61,KRSA,0.23774765380604795,1,AGC,PKN,PKN,PKN1
PKN,-0.31916666666666665,61,KRSA,0.23774765380604795,1,AGC,PKN,PKN,PKN2
PKN,-0.31916666666666665,61,KRSA,0.23774765380604795,1,AGC,PKN,PKN,PKN3
PKCD,0.2866666666666667,65,KRSA,0.18769551616266944,1,AGC,PKC,DELTA,PRKCD
PKCD,0.2866666666666667,65,KRSA,0.18769551616266944,1,AGC,PKC,DELTA,PRKCQ
MLCK,0.1841666666666667,71,KRSA,0.11261730969760167,1,CAMK,MLCK,MLCK,MYLK
MLCK,0.1841666666666667,71,KRSA,0.11261730969760167,1,CAMK,MLCK,MLCK,MYLK2
MLCK,0.1841666666666667,71,KRSA,0.11261730969760167,1,CAMK,MLCK,MLCK,TTN
PAKB,0.16166666666666665,72,KRSA,0.10010427528675704,1,STE,STE20,PAKB,PAK4
PAKB,0.16166666666666665,72,KRSA,0.10010427528675704,1,STE,STE20,PAKB,PAK5
PAKB,0.16166666666666665,72,KRSA,0.10010427528675704,1,STE,STE20,PAKB,PAK6
QIK,-1.5158333333333334,15,KRSA,0.8133472367049009,4,CAMK,CAMKL,QIK,SIK1
QIK,-1.5158333333333334,15,KRSA,0.8133472367049009,4,CAMK,CAMKL,QIK,SIK2
PRKDC,-1.0266666666666666,29,KRSA,0.6381647549530761,3,ATYPICAL,PIKK,DNAPK,PRKDC
JNK,-2.6275,7,KRSA,0.913451511991658,4,CMGC,MAPK,JNK,MAPK10
JNK,-2.6275,7,KRSA,0.913451511991658,4,CMGC,MAPK,JNK,MAPK8
JNK,-2.6275,7,KRSA,0.913451511991658,4,CMGC,MAPK,JNK,MAPK9
GRK,-0.8391666666666666,44,KRSA,0.4504692387904067,2,AGC,GRK,GRK,GRK1
GRK,-0.8391666666666666,44,KRSA,0.4504692387904067,2,AGC,GRK,GRK,GRK4
GRK,-0.8391666666666666,44,KRSA,0.4504692387904067,2,AGC,GRK,GRK,GRK5
GRK,-0.8391666666666666,44,KRSA,0.4504692387904067,2,AGC,GRK,GRK,GRK6
GRK,-0.8391666666666666,44,KRSA,0.4504692387904067,2,AGC,GRK,GRK,GRK7
MLK,-0.2033333333333333,69,KRSA,0.13764337851929093,1,TKL,MLK,ILK,ILK
MLK,-0.2033333333333333,69,KRSA,0.13764337851929093,1,TKL,MLK,MLK,MAP3K10
MLK,-0.2033333333333333,69,KRSA,0.13764337851929093,1,TKL,MLK,MLK,MAP3K11
MLK,-0.2033333333333333,69,KRSA,0.13764337851929093,1,TKL,MLK,LZK,MAP3K12
MLK,-0.2033333333333333,69,KRSA,0.13764337851929093,1,TKL,MLK,LZK,MAP3K13
MLK,-0.2033333333333333,69,KRSA,0.13764337851929093,1,TKL,MLK,MLK,MAP3K9
MLK,-0.2033333333333333,69,KRSA,0.13764337851929093,1,TKL,MLK,HH498,TNNI3K
ATM,-1.2875,19,KRSA,0.7632950990615224,4,ATYPICAL,PIKK,ATM,ATM
IKK,-1.1525,26,KRSA,0.67570385818561,3,OTHER,IKK,IKK,CHUK
IKK,-1.1525,26,KRSA,0.67570385818561,3,OTHER,IKK,IKK,IKBKB
IKK,-1.1525,26,KRSA,0.67570385818561,3,OTHER,IKK,IKK,IKBKE
IKK,-1.1525,26,KRSA,0.67570385818561,3,OTHER,IKK,IKK,TBK1
PDK1,-2.6241666666666665,8,KRSA,0.9009384775808134,4,ATYPICAL,PDHK,PDHK,PDK1
PDK1,-2.6241666666666665,8,KRSA,0.9009384775808134,4,AGC,PDK1,PDK1,PDPK1
MELK,0.145,73,KRSA,0.08759124087591241,1,CAMK,CAMKL,MELK,MELK
P38,-2.0500000000000003,11,KRSA,0.8633993743482794,4,CMGC,MAPK,P38,MAPK11
P38,-2.0500000000000003,11,KRSA,0.8633993743482794,4,CMGC,MAPK,P38,MAPK12
P38,-2.0500000000000003,11,KRSA,0.8633993743482794,4,CMGC,MAPK,P38,MAPK13
P38,-2.0500000000000003,11,KRSA,0.8633993743482794,4,CMGC,MAPK,P38,MAPK14
CK1,-1.7291666666666663,13,KRSA,0.8383733055265902,4,CK1,CK1,CK1-A,CSNK1A1
CK1,-1.7291666666666663,13,KRSA,0.8383733055265902,4,CK1,CK1,CK1-A,CSNK1A1L
CK1,-1.7291666666666663,13,KRSA,0.8383733055265902,4,CK1,CK1,CK1-D,CSNK1D
CK1,-1.7291666666666663,13,KRSA,0.8383733055265902,4,CK1,CK1,CK1-D,CSNK1E
CK1,-1.7291666666666663,13,KRSA,0.8383733055265902,4,CK1,CK1,CK1-G,CSNK1G1
CK1,-1.7291666666666663,13,KRSA,0.8383733055265902,4,CK1,CK1,CK1-G,CSNK1G2
CK1,-1.7291666666666663,13,KRSA,0.8383733055265902,4,CK1,CK1,CK1-G,CSNK1G3
CK1,-1.7291666666666663,13,KRSA,0.8383733055265902,4,CK1,TTBK,TTBK,TTBK1
CK1,-1.7291666666666663,13,KRSA,0.8383733055265902,4,CK1,TTBK,TTBK,TTBK2
CK1,-1.7291666666666663,13,KRSA,0.8383733055265902,4,CK1,VRK,VRK,VRK3
NMO,-2.4283333333333332,9,KRSA,0.8884254431699687,4,CMGC,MAPK,NMO,NLK
BARK2,0.02000000000000002,80,KRSA,0,1,AGC,GRK,BARK,GRK3
AKT,-0.20333333333333337,68,KRSA,0.15015641293013557,1,AGC,AKT,AKT,AKT1
AKT,-0.20333333333333337,68,KRSA,0.15015641293013557,1,AGC,AKT,AKT,AKT2
AKT,-0.20333333333333337,68,KRSA,0.15015641293013557,1,AGC,AKT,AKT,AKT3
RSK,-0.4016666666666666,55,KRSA,0.31282586027111575,2,AGC,RSK,RSK,RPS6KA1
RSK,-0.4016666666666666,55,KRSA,0.31282586027111575,2,AGC,RSK,RSK,RPS6KA2
RSK,-0.4016666666666666,55,KRSA,0.31282586027111575,2,AGC,RSK,RSK,RPS6KA3
RSK,-0.4016666666666666,55,KRSA,0.31282586027111575,2,AGC,RSK,MSK,RPS6KA4
RSK,-0.4016666666666666,55,KRSA,0.31282586027111575,2,AGC,RSK,MSK,RPS6KA5
RSK,-0.4016666666666666,55,KRSA,0.31282586027111575,2,AGC,RSK,RSK,RPS6KA6
RSK,-0.4016666666666666,55,KRSA,0.31282586027111575,2,AGC,RSK,P70,RPS6KB1
RSK,-0.4016666666666666,55,KRSA,0.31282586027111575,2,AGC,RSK,P70,RPS6KB2
STE11,-0.9616666666666668,32,KRSA,0.6006256517205423,3,TKL,MLK,TAK1,MAP3K7
STE11,-0.9616666666666668,32,KRSA,0.6006256517205423,3,STE,STE11,MEKK1,MAP3K1
STE11,-0.9616666666666668,32,KRSA,0.6006256517205423,3,STE,STE11,ASK,MAP3K15
STE11,-0.9616666666666668,32,KRSA,0.6006256517205423,3,STE,STE11,MEKK2,MAP3K2
STE11,-0.9616666666666668,32,KRSA,0.6006256517205423,3,STE,STE11,MEKK2,MAP3K3
STE11,-0.9616666666666668,32,KRSA,0.6006256517205423,3,STE,STE11,MEKK4,MAP3K4
STE11,-0.9616666666666668,32,KRSA,0.6006256517205423,3,STE,STE11,ASK,MAP3K5
STE11,-0.9616666666666668,32,KRSA,0.6006256517205423,3,STE,STE11,ASK,MAP3K6
MST,-0.3541666666666667,58,KRSA,0.27528675703858185,2,STE,STE20,MST,STK3
MST,-0.3541666666666667,58,KRSA,0.27528675703858185,2,STE,STE20,MST,STK4
HAL,0.1225,74,KRSA,0.07507820646506778,1,RGC,RGC,RGC,NPR1
TLK,-1.211666666666667,24,KRSA,0.7007299270072993,3,OTHER,TLK,TLK,TLK1
TLK,-1.211666666666667,24,KRSA,0.7007299270072993,3,OTHER,TLK,TLK,TLK2
TTK,-1.215833333333333,23,KRSA,0.7132429614181439,3,OTHER,TTK,TTK,TTK
PKCI,0.5075000000000001,53,KRSA,0.337851929092805,2,AGC,PKC,IOTA,PRKCI
PKCI,0.5075000000000001,53,KRSA,0.337851929092805,2,AGC,PKC,IOTA,PRKCZ
NUAK,-1.1833333333333331,25,KRSA,0.6882168925964547,3,CAMK,CAMKL,NUAK,NUAK1
NUAK,-1.1833333333333331,25,KRSA,0.6882168925964547,3,CAMK,CAMKL,NUAK,NUAK2
NAK,-0.345,59,KRSA,0.26277372262773724,2,OTHER,NAK,BIKE,AAK1
NAK,-0.345,59,KRSA,0.26277372262773724,2,OTHER,NAK,BIKE,BMP2K
NAK,-0.345,59,KRSA,0.26277372262773724,2,OTHER,NAK,GAK,GAK
NAK,-0.345,59,KRSA,0.26277372262773724,2,OTHER,NAK,MPSK,STK16
NEK,0.19,70,KRSA,0.1251303441084463,1,OTHER,NEK,NEK11,NEK11
NEK,0.19,70,KRSA,0.1251303441084463,1,OTHER,NEK,NEK2,NEK2
NEK,0.19,70,KRSA,0.1251303441084463,1,OTHER,NEK,NEK1,NEK3
NEK,0.19,70,KRSA,0.1251303441084463,1,OTHER,NEK,NEK4,NEK4
NEK,0.19,70,KRSA,0.1251303441084463,1,OTHER,NEK,NEK1,NEK5
NEK,0.19,70,KRSA,0.1251303441084463,1,OTHER,NEK,NEK6,NEK6
NEK,0.19,70,KRSA,0.1251303441084463,1,OTHER,NEK,NEK6,NEK7
NEK,0.19,70,KRSA,0.1251303441084463,1,OTHER,NEK,NEK8,NEK8
NEK,0.19,70,KRSA,0.1251303441084463,1,OTHER,NEK,NEK8,NEK9
MAPKAPK,0.10083333333333332,75,KRSA,0.06256517205422316,1,CAMK,MAPKAPK,MAPKAPK,MAPKAPK2
MAPKAPK,0.10083333333333332,75,KRSA,0.06256517205422316,1,CAMK,MAPKAPK,MAPKAPK,MAPKAPK3
MAPKAPK,0.10083333333333332,75,KRSA,0.06256517205422316,1,CAMK,MAPKAPK,MAPKAPK,MAPKAPK5
MAPKAPK,0.10083333333333332,75,KRSA,0.06256517205422316,1,CAMK,MAPKAPK,MNK,MKNK1
MAPKAPK,0.10083333333333332,75,KRSA,0.06256517205422316,1,CAMK,MAPKAPK,MNK,MKNK2
SGK,0.8883333333333333,36,KRSA,0.5505735140771637,3,AGC,SGK,SGK,SGK1
SGK,0.8883333333333333,36,KRSA,0.5505735140771637,3,AGC,SGK,SGK,SGK2
SGK,0.8883333333333333,36,KRSA,0.5505735140771637,3,AGC,SGK,SGK,SGK3
PKD,-0.31750000000000006,62,KRSA,0.22523461939520334,1,CAMK,PKD,PKD,PRKD1
PKD,-0.31750000000000006,62,KRSA,0.22523461939520334,1,CAMK,PKD,PKD,PRKD2
PKD,-0.31750000000000006,62,KRSA,0.22523461939520334,1,CAMK,PKD,PKD,PRKD3
FRAY,-1.4925,16,KRSA,0.8008342022940563,4,STE,STE20,FRAY,OXSR1
FRAY,-1.4925,16,KRSA,0.8008342022940563,4,STE,STE20,FRAY,STK39
BUD32,-0.8658333333333333,37,KRSA,0.5380604796663191,3,OTHER,BUD32,BUD32,TP53RK
SLK,0.35583333333333333,57,KRSA,0.28779979144942647,2,STE,STE20,SLK,SLK
SLK,0.35583333333333333,57,KRSA,0.28779979144942647,2,STE,STE20,SLK,STK10
WNK,-0.8558333333333333,40,KRSA,0.5005213764337852,3,OTHER,WNK,WNK,WNK1
WNK,-0.8558333333333333,40,KRSA,0.5005213764337852,3,OTHER,WNK,WNK,WNK2
WNK,-0.8558333333333333,40,KRSA,0.5005213764337852,3,OTHER,WNK,WNK,WNK3
WNK,-0.8558333333333333,40,KRSA,0.5005213764337852,3,OTHER,WNK,WNK,WNK4
CLK,-0.855,41,KRSA,0.4880083420229406,2,CMGC,CLK,CLK,CLK1
CLK,-0.855,41,KRSA,0.4880083420229406,2,CMGC,CLK,CLK,CLK2
CLK,-0.855,41,KRSA,0.4880083420229406,2,CMGC,CLK,CLK,CLK3
CLK,-0.855,41,KRSA,0.4880083420229406,2,CMGC,CLK,CLK,CLK4
NIK,-0.8575,39,KRSA,0.5130344108446299,3,STE,STE-UNIQUE,STE-UNIQUE,MAP3K14
MOS,-0.8491666666666666,42,KRSA,0.4754953076120959,2,OTHER,MOS,MOS,MOS
KHS,0.7716666666666667,45,KRSA,0.43795620437956206,2,STE,STE20,KHS,MAP4K1
KHS,0.7716666666666667,45,KRSA,0.43795620437956206,2,STE,STE20,KHS,MAP4K2
KHS,0.7716666666666667,45,KRSA,0.43795620437956206,2,STE,STE20,KHS,MAP4K3
KHS,0.7716666666666667,45,KRSA,0.43795620437956206,2,STE,STE20,KHS,MAP4K5
CAMKK,-0.8458333333333333,43,KRSA,0.4629822732012513,2,OTHER,CAMKK,META,CAMKK1
CAMKK,-0.8458333333333333,43,KRSA,0.4629822732012513,2,OTHER,CAMKK,META,CAMKK2
ULK,-0.8608333333333333,38,KRSA,0.5255474452554745,3,OTHER,ULK,FUSED,STK36
ULK,-0.8608333333333333,38,KRSA,0.5255474452554745,3,OTHER,ULK,ULK,ULK1
ULK,-0.8608333333333333,38,KRSA,0.5255474452554745,3,OTHER,ULK,ULK,ULK2
ULK,-0.8608333333333333,38,KRSA,0.5255474452554745,3,OTHER,ULK,ULK,ULK3
ULK,-0.8608333333333333,38,KRSA,0.5255474452554745,3,OTHER,ULK,ULK,ULK4
MTOR,-1.4466666666666663,17,KRSA,0.7883211678832117,4,ATYPICAL,PIKK,FRAP,MTOR
RAD53,0.33166666666666667,60,KRSA,0.2502606882168926,2,CAMK,RAD53,RAD53,CHEK2
CHK1,0.77,46,KRSA,0.4254431699687174,2,CAMK,CAMKL,CHK1,CHEK1
PKG,0.665,49,KRSA,0.38790406673618355,2,AGC,PKG,PKG,PRKG1
PKG,0.665,49,KRSA,0.38790406673618355,2,AGC,PKG,PKG,PRKG2
PAKA,0.08333333333333334,76,KRSA,0.05005213764337852,1,STE,STE20,PAKA,PAK1
PAKA,0.08333333333333334,76,KRSA,0.05005213764337852,1,STE,STE20,PAKA,PAK2
PAKA,0.08333333333333334,76,KRSA,0.05005213764337852,1,STE,STE20,PAKA,PAK3
ATR,-0.9033333333333332,34,KRSA,0.5755995828988529,3,ATYPICAL,PIKK,ATR,ATR
RIPK,0.24416666666666667,67,KRSA,0.16266944734098018,1,TKL,RIPK,RIPK,ANKK1
RIPK,0.24416666666666667,67,KRSA,0.16266944734098018,1,TKL,RIPK,RIPK,RIPK1
RIPK,0.24416666666666667,67,KRSA,0.16266944734098018,1,TKL,RIPK,RIPK,RIPK2
RIPK,0.24416666666666667,67,KRSA,0.16266944734098018,1,TKL,RIPK,RIPK,RIPK3
RIPK,0.24416666666666667,67,KRSA,0.16266944734098018,1,TKL,RIPK,RIPK,RIPK4
RAF,-1.0216666666666667,30,KRSA,0.6256517205422315,3,TKL,RAF,RAF,ARAF
RAF,-1.0216666666666667,30,KRSA,0.6256517205422315,3,TKL,RAF,RAF,BRAF
RAF,-1.0216666666666667,30,KRSA,0.6256517205422315,3,TKL,RAF,KSR,KSR1
RAF,-1.0216666666666667,30,KRSA,0.6256517205422315,3,TKL,RAF,KSR,KSR2
RAF,-1.0216666666666667,30,KRSA,0.6256517205422315,3,TKL,RAF,RAF,RAF1
PIM,0.39,56,KRSA,0.30031282586027114,2,CAMK,PIM,PIM,PIM1
PIM,0.39,56,KRSA,0.30031282586027114,2,CAMK,PIM,PIM,PIM2
PIM,0.39,56,KRSA,0.30031282586027114,2,CAMK,PIM,PIM,PIM3
PKA,0.6225,50,KRSA,0.3753910323253389,2,AGC,PKA,PKA,PRKACA
PKA,0.6225,50,KRSA,0.3753910323253389,2,AGC,PKA,PKA,PRKACB
PKA,0.6225,50,KRSA,0.3753910323253389,2,AGC,PKA,PKA,PRKACG
PKA,0.6225,50,KRSA,0.3753910323253389,2,AGC,PKA,PKA,PRKX
PKA,0.6225,50,KRSA,0.3753910323253389,2,AGC,PKA,PKA,PRKY
DMPK,-1.1075,27,KRSA,0.6631908237747653,3,AGC,DMPK,GEK,CDC42BPA
DMPK,-1.1075,27,KRSA,0.6631908237747653,3,AGC,DMPK,GEK,CDC42BPB
DMPK,-1.1075,27,KRSA,0.6631908237747653,3,AGC,DMPK,GEK,CDC42BPG
DMPK,-1.1075,27,KRSA,0.6631908237747653,3,AGC,DMPK,CRIK,CIT
DMPK,-1.1075,27,KRSA,0.6631908237747653,3,AGC,DMPK,GEK,DMPK
DMPK,-1.1075,27,KRSA,0.6631908237747653,3,AGC,DMPK,ROCK,ROCK1
DMPK,-1.1075,27,KRSA,0.6631908237747653,3,AGC,DMPK,ROCK,ROCK2
NDR,0.07416666666666666,77,KRSA,0.03753910323253389,1,AGC,NDR,NDR,LATS1
NDR,0.07416666666666666,77,KRSA,0.03753910323253389,1,AGC,NDR,NDR,LATS2
NDR,0.07416666666666666,77,KRSA,0.03753910323253389,1,AGC,NDR,NDR,STK38
NDR,0.07416666666666666,77,KRSA,0.03753910323253389,1,AGC,NDR,NDR,STK38L
COT,0.2716666666666667,66,KRSA,0.17518248175182483,1,STE,STE-UNIQUE,STE-UNIQUE,MAP3K8
GSK,-1.2241666666666666,21,KRSA,0.7382690302398331,3,CMGC,GSK,GSK,GSK3A
GSK,-1.2241666666666666,21,KRSA,0.7382690302398331,3,CMGC,GSK,GSK,GSK3B
PKCA,-4.128333333333333,1,KRSA,0.9885297184567258,4,AGC,PKC,ALPHA,PRKCA
PKCA,-4.128333333333333,1,KRSA,0.9885297184567258,4,AGC,PKC,ALPHA,PRKCB
PKCA,-4.128333333333333,1,KRSA,0.9885297184567258,4,AGC,PKC,ALPHA,PRKCG
GSK,-1.2241666666666666,21,KRSA,0.7382690302398331,3,CMGC,GSK,GSK,GSK3A
GSK,-1.2241666666666666,21,KRSA,0.7382690302398331,3,CMGC,GSK,GSK,GSK3B
PHK,-1.7991666666666666,12,KRSA,0.8508863399374348,4,CAMK,PHK,PHK,PHKG1
PHK,-1.7991666666666666,12,KRSA,0.8508863399374348,4,CAMK,PHK,PHK,PHKG2
PEK,-3.4016666666666664,3,KRSA,0.9635036496350365,4,OTHER,PEK,HRI,EIF2AK1
PEK,-3.4016666666666664,3,KRSA,0.9635036496350365,4,OTHER,PEK,PKR,EIF2AK2
PEK,-3.4016666666666664,3,KRSA,0.9635036496350365,4,OTHER,PEK,PEK,EIF2AK3
PEK,-3.4016666666666664,3,KRSA,0.9635036496350365,4,OTHER,PEK,GCN2,EIF2AK4
PKD,-0.31750000000000006,62,KRSA,0.22523461939520334,1,CAMK,PKD,PKD,PRKD1
PKD,-0.31750000000000006,62,KRSA,0.22523461939520334,1,CAMK,PKD,PKD,PRKD2
PKD,-0.31750000000000006,62,KRSA,0.22523461939520334,1,CAMK,PKD,PKD,PRKD3
PDHK,-1.3808333333333334,18,KRSA,0.7758081334723671,4,ATYPICAL,PDHK,BCKDK,BCKDK
PDHK,-1.3808333333333334,18,KRSA,0.7758081334723671,4,ATYPICAL,PDHK,PDHK,PDK2
PDHK,-1.3808333333333334,18,KRSA,0.7758081334723671,4,ATYPICAL,PDHK,PDHK,PDK3
PDHK,-1.3808333333333334,18,KRSA,0.7758081334723671,4,ATYPICAL,PDHK,PDHK,PDK4
NDR,0.07416666666666666,77,KRSA,0.03753910323253389,1,AGC,NDR,NDR,LATS1
NDR,0.07416666666666666,77,KRSA,0.03753910323253389,1,AGC,NDR,NDR,LATS2
NDR,0.07416666666666666,77,KRSA,0.03753910323253389,1,AGC,NDR,NDR,STK38
NDR,0.07416666666666666,77,KRSA,0.03753910323253389,1,AGC,NDR,NDR,STK38L
PKA,0.6225,50,KRSA,0.3753910323253389,2,AGC,PKA,PKA,PRKACA
PKA,0.6225,50,KRSA,0.3753910323253389,2,AGC,PKA,PKA,PRKACB
PKA,0.6225,50,KRSA,0.3753910323253389,2,AGC,PKA,PKA,PRKACG
PKA,0.6225,50,KRSA,0.3753910323253389,2,AGC,PKA,PKA,PRKX
PKA,0.6225,50,KRSA,0.3753910323253389,2,AGC,PKA,PKA,PRKY
DMPK,-1.1075,27,KRSA,0.6631908237747653,3,AGC,DMPK,GEK,CDC42BPA
DMPK,-1.1075,27,KRSA,0.6631908237747653,3,AGC,DMPK,GEK,CDC42BPB
DMPK,-1.1075,27,KRSA,0.6631908237747653,3,AGC,DMPK,GEK,CDC42BPG
DMPK,-1.1075,27,KRSA,0.6631908237747653,3,AGC,DMPK,CRIK,CIT
DMPK,-1.1075,27,KRSA,0.6631908237747653,3,AGC,DMPK,GEK,DMPK
DMPK,-1.1075,27,KRSA,0.6631908237747653,3,AGC,DMPK,ROCK,ROCK1
DMPK,-1.1075,27,KRSA,0.6631908237747653,3,AGC,DMPK,ROCK,ROCK2
AKT,-0.20333333333333337,68,KRSA,0.15015641293013557,1,AGC,AKT,AKT,AKT1
AKT,-0.20333333333333337,68,KRSA,0.15015641293013557,1,AGC,AKT,AKT,AKT2
AKT,-0.20333333333333337,68,KRSA,0.15015641293013557,1,AGC,AKT,AKT,AKT3
P38,-2.0500000000000003,11,KRSA,0.8633993743482794,4,CMGC,MAPK,P38,MAPK11
P38,-2.0500000000000003,11,KRSA,0.8633993743482794,4,CMGC,MAPK,P38,MAPK12
P38,-2.0500000000000003,11,KRSA,0.8633993743482794,4,CMGC,MAPK,P38,MAPK13
P38,-2.0500000000000003,11,KRSA,0.8633993743482794,4,CMGC,MAPK,P38,MAPK14
CAMK2,-0.5050000000000001,54,KRSA,0.32533889468196037,2,CAMK,CAMK2,CAMK2,CAMK2A
CAMK2,-0.5050000000000001,54,KRSA,0.32533889468196037,2,CAMK,CAMK2,CAMK2,CAMK2B
CAMK2,-0.5050000000000001,54,KRSA,0.32533889468196037,2,CAMK,CAMK2,CAMK2,CAMK2D
CAMK2,-0.5050000000000001,54,KRSA,0.32533889468196037,2,CAMK,CAMK2,CAMK2,CAMK2G
PKCH,0.05416666666666673,79,KRSA,0.01251303441084463,1,AGC,PKC,ETA,PRKCE
PKCH,0.05416666666666673,79,KRSA,0.01251303441084463,1,AGC,PKC,ETA,PRKCH
CDK,-4.099166666666667,2,KRSA,0.9760166840458812,4,CMGC,CDK,CDC2,CDK1
CDK,-4.099166666666667,2,KRSA,0.9760166840458812,4,CMGC,CDK,CDK10,CDK10
CDK,-4.099166666666667,2,KRSA,0.9760166840458812,4,CMGC,CDK,CRK7,CDK12
CDK,-4.099166666666667,2,KRSA,0.9760166840458812,4,CMGC,CDK,CRK7,CDK13
CDK,-4.099166666666667,2,KRSA,0.9760166840458812,4,CMGC,CDK,PFTAIRE,CDK14
CDK,-4.099166666666667,2,KRSA,0.9760166840458812,4,CMGC,CDK,PFTAIRE,CDK15
CDK,-4.099166666666667,2,KRSA,0.9760166840458812,4,CMGC,CDK,PCTAIRE,CDK16
CDK,-4.099166666666667,2,KRSA,0.9760166840458812,4,CMGC,CDK,PCTAIRE,CDK17
CDK,-4.099166666666667,2,KRSA,0.9760166840458812,4,CMGC,CDK,PCTAIRE,CDK18
CDK,-4.099166666666667,2,KRSA,0.9760166840458812,4,CMGC,CDK,CDK8,CDK19
CDK,-4.099166666666667,2,KRSA,0.9760166840458812,4,CMGC,CDK,CDC2,CDK2
CDK,-4.099166666666667,2,KRSA,0.9760166840458812,4,CMGC,CDK,CCRK,CDK20
CDK,-4.099166666666667,2,KRSA,0.9760166840458812,4,CMGC,CDK,CDC2,CDK3
CDK,-4.099166666666667,2,KRSA,0.9760166840458812,4,CMGC,CDK,CDK4,CDK4
CDK,-4.099166666666667,2,KRSA,0.9760166840458812,4,CMGC,CDK,CDK5,CDK5
CDK,-4.099166666666667,2,KRSA,0.9760166840458812,4,CMGC,CDK,CDK4,CDK6
CDK,-4.099166666666667,2,KRSA,0.9760166840458812,4,CMGC,CDK,CDK7,CDK7
CDK,-4.099166666666667,2,KRSA,0.9760166840458812,4,CMGC,CDK,CDK8,CDK8
CDK,-4.099166666666667,2,KRSA,0.9760166840458812,4,CMGC,CDK,CDK9,CDK9
CDK,-4.099166666666667,2,KRSA,0.9760166840458812,4,NA,NA,NA,CDK11A
CDK,-4.099166666666667,2,KRSA,0.9760166840458812,4,NA,NA,NA,CDK11B
QIK,-1.5158333333333334,15,KRSA,0.8133472367049009,4,CAMK,CAMKL,QIK,SIK1
QIK,-1.5158333333333334,15,KRSA,0.8133472367049009,4,CAMK,CAMKL,QIK,SIK2
ATR,-0.9033333333333332,34,KRSA,0.5755995828988529,3,ATYPICAL,PIKK,ATR,ATR
PKCD,0.2866666666666667,65,KRSA,0.18769551616266944,1,AGC,PKC,DELTA,PRKCD
PKCD,0.2866666666666667,65,KRSA,0.18769551616266944,1,AGC,PKC,DELTA,PRKCQ
GRK,-0.8391666666666666,44,KRSA,0.4504692387904067,2,AGC,GRK,GRK,GRK1
GRK,-0.8391666666666666,44,KRSA,0.4504692387904067,2,AGC,GRK,GRK,GRK4
GRK,-0.8391666666666666,44,KRSA,0.4504692387904067,2,AGC,GRK,GRK,GRK5
GRK,-0.8391666666666666,44,KRSA,0.4504692387904067,2,AGC,GRK,GRK,GRK6
GRK,-0.8391666666666666,44,KRSA,0.4504692387904067,2,AGC,GRK,GRK,GRK7
PRKDC,-1.0266666666666666,29,KRSA,0.6381647549530761,3,ATYPICAL,PIKK,DNAPK,PRKDC
RSK,-0.4016666666666666,55,KRSA,0.31282586027111575,2,AGC,RSK,RSK,RPS6KA1
RSK,-0.4016666666666666,55,KRSA,0.31282586027111575,2,AGC,RSK,RSK,RPS6KA2
RSK,-0.4016666666666666,55,KRSA,0.31282586027111575,2,AGC,RSK,RSK,RPS6KA3
RSK,-0.4016666666666666,55,KRSA,0.31282586027111575,2,AGC,RSK,MSK,RPS6KA4
RSK,-0.4016666666666666,55,KRSA,0.31282586027111575,2,AGC,RSK,MSK,RPS6KA5
RSK,-0.4016666666666666,55,KRSA,0.31282586027111575,2,AGC,RSK,RSK,RPS6KA6
RSK,-0.4016666666666666,55,KRSA,0.31282586027111575,2,AGC,RSK,P70,RPS6KB1
RSK,-0.4016666666666666,55,KRSA,0.31282586027111575,2,AGC,RSK,P70,RPS6KB2
PKCI,0.5075000000000001,53,KRSA,0.337851929092805,2,AGC,PKC,IOTA,PRKCI
PKCI,0.5075000000000001,53,KRSA,0.337851929092805,2,AGC,PKC,IOTA,PRKCZ
AUR,0.06249999999999999,78,KRSA,0.02502606882168926,1,OTHER,AUR,AUR,AURKA
AUR,0.06249999999999999,78,KRSA,0.02502606882168926,1,OTHER,AUR,AUR,AURKB
AUR,0.06249999999999999,78,KRSA,0.02502606882168926,1,OTHER,AUR,AUR,AURKC
LKB,-1.545,14,KRSA,0.8258602711157456,4,CAMK,CAMKL,LKB,STK11
CK2,-1.221666666666667,22,KRSA,0.7257559958289885,3,CMGC,CK2,CK2,CSNK2A1
CK2,-1.221666666666667,22,KRSA,0.7257559958289885,3,CMGC,CK2,CK2,CSNK2A2
CK2,-1.221666666666667,22,KRSA,0.7257559958289885,3,NA,NA,NA,CSNK2A3
PKG,0.665,49,KRSA,0.38790406673618355,2,AGC,PKG,PKG,PRKG1
PKG,0.665,49,KRSA,0.38790406673618355,2,AGC,PKG,PKG,PRKG2
JNK,-2.6275,7,KRSA,0.913451511991658,4,CMGC,MAPK,JNK,MAPK10
JNK,-2.6275,7,KRSA,0.913451511991658,4,CMGC,MAPK,JNK,MAPK8
JNK,-2.6275,7,KRSA,0.913451511991658,4,CMGC,MAPK,JNK,MAPK9
STKR,-0.5766666666666667,52,KRSA,0.35036496350364965,2,TKL,STKR,TYPE1,ACVR1
STKR,-0.5766666666666667,52,KRSA,0.35036496350364965,2,TKL,STKR,TYPE1,ACVR1B
STKR,-0.5766666666666667,52,KRSA,0.35036496350364965,2,TKL,STKR,TYPE1,ACVR1C
STKR,-0.5766666666666667,52,KRSA,0.35036496350364965,2,TKL,STKR,TYPE2,ACVR2A
STKR,-0.5766666666666667,52,KRSA,0.35036496350364965,2,TKL,STKR,TYPE2,ACVR2B
STKR,-0.5766666666666667,52,KRSA,0.35036496350364965,2,TKL,STKR,TYPE1,ACVRL1
STKR,-0.5766666666666667,52,KRSA,0.35036496350364965,2,TKL,STKR,TYPE2,AMHR2
STKR,-0.5766666666666667,52,KRSA,0.35036496350364965,2,TKL,STKR,TYPE1,BMPR1A
STKR,-0.5766666666666667,52,KRSA,0.35036496350364965,2,TKL,STKR,TYPE1,BMPR1B
STKR,-0.5766666666666667,52,KRSA,0.35036496350364965,2,TKL,STKR,TYPE2,BMPR2
STKR,-0.5766666666666667,52,KRSA,0.35036496350364965,2,TKL,STKR,TYPE1,TGFBR1
STKR,-0.5766666666666667,52,KRSA,0.35036496350364965,2,TKL,STKR,TYPE2,TGFBR2
MELK,0.145,73,KRSA,0.08759124087591241,1,CAMK,CAMKL,MELK,MELK
PLK,-3.0900000000000003,5,KRSA,0.9384775808133472,4,NA,NA,NA,PLK5
PLK,-3.0900000000000003,5,KRSA,0.9384775808133472,4,OTHER,PLK,PLK1,PLK1
PLK,-3.0900000000000003,5,KRSA,0.9384775808133472,4,OTHER,PLK,PLK2,PLK2
PLK,-3.0900000000000003,5,KRSA,0.9384775808133472,4,OTHER,PLK,PLK2,PLK3
PLK,-3.0900000000000003,5,KRSA,0.9384775808133472,4,OTHER,PLK,SAK,PLK4
PDK1,-2.6241666666666665,8,KRSA,0.9009384775808134,4,ATYPICAL,PDHK,PDHK,PDK1
PDK1,-2.6241666666666665,8,KRSA,0.9009384775808134,4,AGC,PDK1,PDK1,PDPK1
CAMK1,1.0666666666666669,28,KRSA,0.6506777893639207,3,CAMK,CAMK1,CAMK1,CAMK1
CAMK1,1.0666666666666669,28,KRSA,0.6506777893639207,3,CAMK,CAMK1,CAMK1,CAMK1D
CAMK1,1.0666666666666669,28,KRSA,0.6506777893639207,3,CAMK,CAMK1,CAMK1,CAMK1G
CAMK1,1.0666666666666669,28,KRSA,0.6506777893639207,3,CAMK,CAMK1,CAMK1,CAMK4
CAMK1,1.0666666666666669,28,KRSA,0.6506777893639207,3,CAMK,CAMK1,CAMK1,PNCK
MAPKAPK,0.10083333333333332,75,KRSA,0.06256517205422316,1,CAMK,MAPKAPK,MAPKAPK,MAPKAPK2
MAPKAPK,0.10083333333333332,75,KRSA,0.06256517205422316,1,CAMK,MAPKAPK,MAPKAPK,MAPKAPK3
MAPKAPK,0.10083333333333332,75,KRSA,0.06256517205422316,1,CAMK,MAPKAPK,MAPKAPK,MAPKAPK5
MAPKAPK,0.10083333333333332,75,KRSA,0.06256517205422316,1,CAMK,MAPKAPK,MNK,MKNK1
MAPKAPK,0.10083333333333332,75,KRSA,0.06256517205422316,1,CAMK,MAPKAPK,MNK,MKNK2
NEK,0.19,70,KRSA,0.1251303441084463,1,OTHER,NEK,NEK11,NEK11
NEK,0.19,70,KRSA,0.1251303441084463,1,OTHER,NEK,NEK2,NEK2
NEK,0.19,70,KRSA,0.1251303441084463,1,OTHER,NEK,NEK1,NEK3
NEK,0.19,70,KRSA,0.1251303441084463,1,OTHER,NEK,NEK4,NEK4
NEK,0.19,70,KRSA,0.1251303441084463,1,OTHER,NEK,NEK1,NEK5
NEK,0.19,70,KRSA,0.1251303441084463,1,OTHER,NEK,NEK6,NEK6
NEK,0.19,70,KRSA,0.1251303441084463,1,OTHER,NEK,NEK6,NEK7
NEK,0.19,70,KRSA,0.1251303441084463,1,OTHER,NEK,NEK8,NEK8
NEK,0.19,70,KRSA,0.1251303441084463,1,OTHER,NEK,NEK8,NEK9
VRK1,-0.30833333333333335,63,KRSA,0.2127215849843587,1,CK1,VRK,VRK,VRK1
MLCK,0.1841666666666667,71,KRSA,0.11261730969760167,1,CAMK,MLCK,MLCK,MYLK
MLCK,0.1841666666666667,71,KRSA,0.11261730969760167,1,CAMK,MLCK,MLCK,MYLK2
MLCK,0.1841666666666667,71,KRSA,0.11261730969760167,1,CAMK,MLCK,MLCK,TTN
COT,0.2716666666666667,66,KRSA,0.17518248175182483,1,STE,STE-UNIQUE,STE-UNIQUE,MAP3K8
MTOR,-1.4466666666666663,17,KRSA,0.7883211678832117,4,ATYPICAL,PIKK,FRAP,MTOR
ATM,-1.2875,19,KRSA,0.7632950990615224,4,ATYPICAL,PIKK,ATM,ATM
MST,-0.3541666666666667,58,KRSA,0.27528675703858185,2,STE,STE20,MST,STK3
MST,-0.3541666666666667,58,KRSA,0.27528675703858185,2,STE,STE20,MST,STK4
MSN,0.585,51,KRSA,0.36287799791449427,2,STE,STE20,MSN,MAP4K4
MSN,0.585,51,KRSA,0.36287799791449427,2,STE,STE20,MSN,NRK
MSN,0.585,51,KRSA,0.36287799791449427,2,STE,STE20,MSN,TNIK
DAPK,0.30583333333333335,64,KRSA,0.20020855057351408,1,CAMK,DAPK,DAPK,DAPK1
DAPK,0.30583333333333335,64,KRSA,0.20020855057351408,1,CAMK,DAPK,DAPK,DAPK2
DAPK,0.30583333333333335,64,KRSA,0.20020855057351408,1,CAMK,DAPK,DAPK,DAPK3
DAPK,0.30583333333333335,64,KRSA,0.20020855057351408,1,CAMK,DAPK,DRAK,STK17A
DAPK,0.30583333333333335,64,KRSA,0.20020855057351408,1,CAMK,DAPK,DRAK,STK17B
STE11,-0.9616666666666668,32,KRSA,0.6006256517205423,3,TKL,MLK,TAK1,MAP3K7
STE11,-0.9616666666666668,32,KRSA,0.6006256517205423,3,STE,STE11,MEKK1,MAP3K1
STE11,-0.9616666666666668,32,KRSA,0.6006256517205423,3,STE,STE11,ASK,MAP3K15
STE11,-0.9616666666666668,32,KRSA,0.6006256517205423,3,STE,STE11,MEKK2,MAP3K2
STE11,-0.9616666666666668,32,KRSA,0.6006256517205423,3,STE,STE11,MEKK2,MAP3K3
STE11,-0.9616666666666668,32,KRSA,0.6006256517205423,3,STE,STE11,MEKK4,MAP3K4
STE11,-0.9616666666666668,32,KRSA,0.6006256517205423,3,STE,STE11,ASK,MAP3K5
STE11,-0.9616666666666668,32,KRSA,0.6006256517205423,3,STE,STE11,ASK,MAP3K6
BARK2,0.02000000000000002,80,KRSA,0,1,AGC,GRK,BARK,GRK3
CK1,-1.7291666666666663,13,KRSA,0.8383733055265902,4,CK1,CK1,CK1-A,CSNK1A1
CK1,-1.7291666666666663,13,KRSA,0.8383733055265902,4,CK1,CK1,CK1-A,CSNK1A1L
CK1,-1.7291666666666663,13,KRSA,0.8383733055265902,4,CK1,CK1,CK1-D,CSNK1D
CK1,-1.7291666666666663,13,KRSA,0.8383733055265902,4,CK1,CK1,CK1-D,CSNK1E
CK1,-1.7291666666666663,13,KRSA,0.8383733055265902,4,CK1,CK1,CK1-G,CSNK1G1
CK1,-1.7291666666666663,13,KRSA,0.8383733055265902,4,CK1,CK1,CK1-G,CSNK1G2
CK1,-1.7291666666666663,13,KRSA,0.8383733055265902,4,CK1,CK1,CK1-G,CSNK1G3
CK1,-1.7291666666666663,13,KRSA,0.8383733055265902,4,CK1,TTBK,TTBK,TTBK1
CK1,-1.7291666666666663,13,KRSA,0.8383733055265902,4,CK1,TTBK,TTBK,TTBK2
CK1,-1.7291666666666663,13,KRSA,0.8383733055265902,4,CK1,VRK,VRK,VRK3
RIPK,0.24416666666666667,67,KRSA,0.16266944734098018,1,TKL,RIPK,RIPK,ANKK1
RIPK,0.24416666666666667,67,KRSA,0.16266944734098018,1,TKL,RIPK,RIPK,RIPK1
RIPK,0.24416666666666667,67,KRSA,0.16266944734098018,1,TKL,RIPK,RIPK,RIPK2
RIPK,0.24416666666666667,67,KRSA,0.16266944734098018,1,TKL,RIPK,RIPK,RIPK3
RIPK,0.24416666666666667,67,KRSA,0.16266944734098018,1,TKL,RIPK,RIPK,RIPK4
IKK,-1.1525,26,KRSA,0.67570385818561,3,OTHER,IKK,IKK,CHUK
IKK,-1.1525,26,KRSA,0.67570385818561,3,OTHER,IKK,IKK,IKBKB
IKK,-1.1525,26,KRSA,0.67570385818561,3,OTHER,IKK,IKK,IKBKE
IKK,-1.1525,26,KRSA,0.67570385818561,3,OTHER,IKK,IKK,TBK1
RAF,-1.0216666666666667,30,KRSA,0.6256517205422315,3,TKL,RAF,RAF,ARAF
RAF,-1.0216666666666667,30,KRSA,0.6256517205422315,3,TKL,RAF,RAF,BRAF
RAF,-1.0216666666666667,30,KRSA,0.6256517205422315,3,TKL,RAF,KSR,KSR1
RAF,-1.0216666666666667,30,KRSA,0.6256517205422315,3,TKL,RAF,KSR,KSR2
RAF,-1.0216666666666667,30,KRSA,0.6256517205422315,3,TKL,RAF,RAF,RAF1
NMO,-2.4283333333333332,9,KRSA,0.8884254431699687,4,CMGC,MAPK,NMO,NLK
PKN,-0.31916666666666665,61,KRSA,0.23774765380604795,1,AGC,PKN,PKN,PKN1
PKN,-0.31916666666666665,61,KRSA,0.23774765380604795,1,AGC,PKN,PKN,PKN2
PKN,-0.31916666666666665,61,KRSA,0.23774765380604795,1,AGC,PKN,PKN,PKN3
AMPK,0.9366666666666666,33,KRSA,0.5881126173096975,3,CAMK,CAMKL,AMPK,PRKAA1
AMPK,0.9366666666666666,33,KRSA,0.5881126173096975,3,CAMK,CAMKL,AMPK,PRKAA2
TTK,-1.215833333333333,23,KRSA,0.7132429614181439,3,OTHER,TTK,TTK,TTK
PAKB,0.16166666666666665,72,KRSA,0.10010427528675704,1,STE,STE20,PAKB,PAK4
PAKB,0.16166666666666665,72,KRSA,0.10010427528675704,1,STE,STE20,PAKB,PAK5
PAKB,0.16166666666666665,72,KRSA,0.10010427528675704,1,STE,STE20,PAKB,PAK6
NUAK,-1.1833333333333331,25,KRSA,0.6882168925964547,3,CAMK,CAMKL,NUAK,NUAK1
NUAK,-1.1833333333333331,25,KRSA,0.6882168925964547,3,CAMK,CAMKL,NUAK,NUAK2
TLK,-1.211666666666667,24,KRSA,0.7007299270072993,3,OTHER,TLK,TLK,TLK1
TLK,-1.211666666666667,24,KRSA,0.7007299270072993,3,OTHER,TLK,TLK,TLK2
PIM,0.39,56,KRSA,0.30031282586027114,2,CAMK,PIM,PIM,PIM1
PIM,0.39,56,KRSA,0.30031282586027114,2,CAMK,PIM,PIM,PIM2
PIM,0.39,56,KRSA,0.30031282586027114,2,CAMK,PIM,PIM,PIM3
HAL,0.1225,74,KRSA,0.07507820646506778,1,RGC,RGC,RGC,NPR1
NAK,-0.345,59,KRSA,0.26277372262773724,2,OTHER,NAK,BIKE,AAK1
NAK,-0.345,59,KRSA,0.26277372262773724,2,OTHER,NAK,BIKE,BMP2K
NAK,-0.345,59,KRSA,0.26277372262773724,2,OTHER,NAK,GAK,GAK
NAK,-0.345,59,KRSA,0.26277372262773724,2,OTHER,NAK,MPSK,STK16
DYRK,-2.8766666666666665,6,KRSA,0.9259645464025026,4,CMGC,DYRK,DYRK1,DYRK1A
DYRK,-2.8766666666666665,6,KRSA,0.9259645464025026,4,CMGC,DYRK,DYRK1,DYRK1B
DYRK,-2.8766666666666665,6,KRSA,0.9259645464025026,4,CMGC,DYRK,DYRK2,DYRK2
DYRK,-2.8766666666666665,6,KRSA,0.9259645464025026,4,CMGC,DYRK,DYRK2,DYRK3
DYRK,-2.8766666666666665,6,KRSA,0.9259645464025026,4,CMGC,DYRK,DYRK2,DYRK4
DYRK,-2.8766666666666665,6,KRSA,0.9259645464025026,4,CMGC,DYRK,HIPK,HIPK1
DYRK,-2.8766666666666665,6,KRSA,0.9259645464025026,4,CMGC,DYRK,HIPK,HIPK2
DYRK,-2.8766666666666665,6,KRSA,0.9259645464025026,4,CMGC,DYRK,HIPK,HIPK3
DYRK,-2.8766666666666665,6,KRSA,0.9259645464025026,4,CMGC,DYRK,HIPK,HIPK4
DYRK,-2.8766666666666665,6,KRSA,0.9259645464025026,4,CMGC,DYRK,PRP4,PRPF4B
SGK,0.8883333333333333,36,KRSA,0.5505735140771637,3,AGC,SGK,SGK,SGK1
SGK,0.8883333333333333,36,KRSA,0.5505735140771637,3,AGC,SGK,SGK,SGK2
SGK,0.8883333333333333,36,KRSA,0.5505735140771637,3,AGC,SGK,SGK,SGK3
ULK,-0.8608333333333333,38,KRSA,0.5255474452554745,3,OTHER,ULK,FUSED,STK36
ULK,-0.8608333333333333,38,KRSA,0.5255474452554745,3,OTHER,ULK,ULK,ULK1
ULK,-0.8608333333333333,38,KRSA,0.5255474452554745,3,OTHER,ULK,ULK,ULK2
ULK,-0.8608333333333333,38,KRSA,0.5255474452554745,3,OTHER,ULK,ULK,ULK3
ULK,-0.8608333333333333,38,KRSA,0.5255474452554745,3,OTHER,ULK,ULK,ULK4
KHS,0.7716666666666667,45,KRSA,0.43795620437956206,2,STE,STE20,KHS,MAP4K1
KHS,0.7716666666666667,45,KRSA,0.43795620437956206,2,STE,STE20,KHS,MAP4K2
KHS,0.7716666666666667,45,KRSA,0.43795620437956206,2,STE,STE20,KHS,MAP4K3
KHS,0.7716666666666667,45,KRSA,0.43795620437956206,2,STE,STE20,KHS,MAP4K5
CAMKK,-0.8458333333333333,43,KRSA,0.4629822732012513,2,OTHER,CAMKK,META,CAMKK1
CAMKK,-0.8458333333333333,43,KRSA,0.4629822732012513,2,OTHER,CAMKK,META,CAMKK2
NIK,-0.8575,39,KRSA,0.5130344108446299,3,STE,STE-UNIQUE,STE-UNIQUE,MAP3K14
FRAY,-1.4925,16,KRSA,0.8008342022940563,4,STE,STE20,FRAY,OXSR1
FRAY,-1.4925,16,KRSA,0.8008342022940563,4,STE,STE20,FRAY,STK39
SLK,0.35583333333333333,57,KRSA,0.28779979144942647,2,STE,STE20,SLK,SLK
SLK,0.35583333333333333,57,KRSA,0.28779979144942647,2,STE,STE20,SLK,STK10
PASK,0.9,35,KRSA,0.5630865484880083,3,CAMK,CAMKL,PASK,PASK
CLK,-0.855,41,KRSA,0.4880083420229406,2,CMGC,CLK,CLK,CLK1
CLK,-0.855,41,KRSA,0.4880083420229406,2,CMGC,CLK,CLK,CLK2
CLK,-0.855,41,KRSA,0.4880083420229406,2,CMGC,CLK,CLK,CLK3
CLK,-0.855,41,KRSA,0.4880083420229406,2,CMGC,CLK,CLK,CLK4
BRSK,0.7375,47,KRSA,0.4129301355578728,2,CAMK,CAMKL,BRSK,BRSK1
BRSK,0.7375,47,KRSA,0.4129301355578728,2,CAMK,CAMKL,BRSK,BRSK2
BUD32,-0.8658333333333333,37,KRSA,0.5380604796663191,3,OTHER,BUD32,BUD32,TP53RK
TAO,0.73,48,KRSA,0.40041710114702816,2,STE,STE20,TAO,TAOK1
TAO,0.73,48,KRSA,0.40041710114702816,2,STE,STE20,TAO,TAOK2
TAO,0.73,48,KRSA,0.40041710114702816,2,STE,STE20,TAO,TAOK3
MOS,-0.8491666666666666,42,KRSA,0.4754953076120959,2,OTHER,MOS,MOS,MOS
WNK,-0.8558333333333333,40,KRSA,0.5005213764337852,3,OTHER,WNK,WNK,WNK1
WNK,-0.8558333333333333,40,KRSA,0.5005213764337852,3,OTHER,WNK,WNK,WNK2
WNK,-0.8558333333333333,40,KRSA,0.5005213764337852,3,OTHER,WNK,WNK,WNK3
WNK,-0.8558333333333333,40,KRSA,0.5005213764337852,3,OTHER,WNK,WNK,WNK4
CHK1,0.77,46,KRSA,0.4254431699687174,2,CAMK,CAMKL,CHK1,CHEK1
STE7,-2.408333333333333,10,KRSA,0.8759124087591241,4,STE,STE7,MEK1,MAP2K1
STE7,-2.408333333333333,10,KRSA,0.8759124087591241,4,STE,STE7,MEK1,MAP2K2
STE7,-2.408333333333333,10,KRSA,0.8759124087591241,4,STE,STE7,MEK3,MAP2K3
STE7,-2.408333333333333,10,KRSA,0.8759124087591241,4,STE,STE7,MEK4,MAP2K4
STE7,-2.408333333333333,10,KRSA,0.8759124087591241,4,STE,STE7,MEK5,MAP2K5
STE7,-2.408333333333333,10,KRSA,0.8759124087591241,4,STE,STE7,MEK3,MAP2K6
STE7,-2.408333333333333,10,KRSA,0.8759124087591241,4,STE,STE7,MEK7,MAP2K7
MLK,-0.2033333333333333,69,KRSA,0.13764337851929093,1,TKL,MLK,ILK,ILK
MLK,-0.2033333333333333,69,KRSA,0.13764337851929093,1,TKL,MLK,MLK,MAP3K10
MLK,-0.2033333333333333,69,KRSA,0.13764337851929093,1,TKL,MLK,MLK,MAP3K11
MLK,-0.2033333333333333,69,KRSA,0.13764337851929093,1,TKL,MLK,LZK,MAP3K12
MLK,-0.2033333333333333,69,KRSA,0.13764337851929093,1,TKL,MLK,LZK,MAP3K13
MLK,-0.2033333333333333,69,KRSA,0.13764337851929093,1,TKL,MLK,MLK,MAP3K9
MLK,-0.2033333333333333,69,KRSA,0.13764337851929093,1,TKL,MLK,HH498,TNNI3K
ERK,-3.183333333333333,4,KRSA,0.9509906152241918,4,CMGC,MAPK,ERK1,MAPK1
ERK,-3.183333333333333,4,KRSA,0.9509906152241918,4,CMGC,MAPK,ERK7,MAPK15
ERK,-3.183333333333333,4,KRSA,0.9509906152241918,4,CMGC,MAPK,ERK1,MAPK3
ERK,-3.183333333333333,4,KRSA,0.9509906152241918,4,CMGC,MAPK,ERK3,MAPK4
ERK,-3.183333333333333,4,KRSA,0.9509906152241918,4,CMGC,MAPK,ERK3,MAPK6
ERK,-3.183333333333333,4,KRSA,0.9509906152241918,4,CMGC,MAPK,ERK5,MAPK7
IRAK,-0.9883333333333332,31,KRSA,0.6131386861313869,3,TKL,IRAK,IRAK,IRAK1
IRAK,-0.9883333333333332,31,KRSA,0.6131386861313869,3,TKL,IRAK,IRAK,IRAK2
IRAK,-0.9883333333333332,31,KRSA,0.6131386861313869,3,TKL,IRAK,IRAK,IRAK3
IRAK,-0.9883333333333332,31,KRSA,0.6131386861313869,3,TKL,IRAK,IRAK,IRAK4
PAKA,0.08333333333333334,76,KRSA,0.05005213764337852,1,STE,STE20,PAKA,PAK1
PAKA,0.08333333333333334,76,KRSA,0.05005213764337852,1,STE,STE20,PAKA,PAK2
PAKA,0.08333333333333334,76,KRSA,0.05005213764337852,1,STE,STE20,PAKA,PAK3
RAD53,0.33166666666666667,60,KRSA,0.2502606882168926,2,CAMK,RAD53,RAD53,CHEK2
