Kinase,Peptide,LFC
BARK1,ACM1_444_456,-0.0957275678777485
CDK,ACM1_444_456,-0.0957275678777485
CK1,ACM1_444_456,-0.0957275678777485
DAPK,ACM1_444_456,-0.0957275678777485
DMPK,ACM1_444_456,-0.0957275678777485
DYRK,ACM1_444_456,-0.0957275678777485
ERK,ACM1_444_456,-0.0957275678777485
GSK,ACM1_444_456,-0.0957275678777485
IRAK,ACM1_444_456,-0.0957275678777485
JNK,ACM1_444_456,-0.0957275678777485
MLCK,ACM1_444_456,-0.0957275678777485
P38,ACM1_444_456,-0.0957275678777485
PDK1,ACM1_444_456,-0.0957275678777485
PEK,ACM1_444_456,-0.0957275678777485
PHK,ACM1_444_456,-0.0957275678777485
PIM,ACM1_444_456,-0.0957275678777485
PKCA,ACM1_444_456,-0.0957275678777485
RSK,ACM1_444_456,-0.0957275678777485
VRK2,ACM1_444_456,-0.0957275678777485
BARK1,ACM4_456_468,0.09254498121343988
FRAY,ACM4_456_468,0.09254498121343988
MELK,ACM4_456_468,0.09254498121343988
PDHK,ACM4_456_468,0.09254498121343988
PDK1,ACM4_456_468,0.09254498121343988
PIM,ACM4_456_468,0.09254498121343988
PKCA,ACM4_456_468,0.09254498121343988
PKCH,ACM4_456_468,0.09254498121343988
VRK2,ACM4_456_468,0.09254498121343988
BARK1,ADDB_696_708,-0.3031706622890968
CDK,ADDB_696_708,-0.3031706622890968
CK1,ADDB_696_708,-0.3031706622890968
DMPK,ADDB_696_708,-0.3031706622890968
DYRK,ADDB_696_708,-0.3031706622890968
ERK,ADDB_696_708,-0.3031706622890968
GSK,ADDB_696_708,-0.3031706622890968
IKK,ADDB_696_708,-0.3031706622890968
JNK,ADDB_696_708,-0.3031706622890968
MELK,ADDB_696_708,-0.3031706622890968
MST,ADDB_696_708,-0.3031706622890968
NEK,ADDB_696_708,-0.3031706622890968
P38,ADDB_696_708,-0.3031706622890968
PDK1,ADDB_696_708,-0.3031706622890968
PEK,ADDB_696_708,-0.3031706622890968
PKCA,ADDB_696_708,-0.3031706622890968
PKCH,ADDB_696_708,-0.3031706622890968
PLK,ADDB_696_708,-0.3031706622890968
QIK,ADDB_696_708,-0.3031706622890968
RIPK,ADDB_696_708,-0.3031706622890968
STE7,ADDB_696_708,-0.3031706622890968
VRK1,ADDB_696_708,-0.3031706622890968
VRK2,ADDB_696_708,-0.3031706622890968
BARK1,ADDB_706_718,0.09434295923007152
CDK,ADDB_706_718,0.09434295923007152
CHK1,ADDB_706_718,0.09434295923007152
DMPK,ADDB_706_718,0.09434295923007152
DYRK,ADDB_706_718,0.09434295923007152
ERK,ADDB_706_718,0.09434295923007152
JNK,ADDB_706_718,0.09434295923007152
MAPKAPK,ADDB_706_718,0.09434295923007152
MST,ADDB_706_718,0.09434295923007152
NEK,ADDB_706_718,0.09434295923007152
P38,ADDB_706_718,0.09434295923007152
PAKA,ADDB_706_718,0.09434295923007152
PDHK,ADDB_706_718,0.09434295923007152
PDK1,ADDB_706_718,0.09434295923007152
PEK,ADDB_706_718,0.09434295923007152
PHK,ADDB_706_718,0.09434295923007152
PIM,ADDB_706_718,0.09434295923007152
PKCA,ADDB_706_718,0.09434295923007152
PLK,ADDB_706_718,0.09434295923007152
RAD53,ADDB_706_718,0.09434295923007152
RSK,ADDB_706_718,0.09434295923007152
VRK2,ADDB_706_718,0.09434295923007152
AKT,ADRB2_338_350,0.747425985326775
BARK1,ADRB2_338_350,0.747425985326775
CAMK1,ADRB2_338_350,0.747425985326775
CDK,ADRB2_338_350,0.747425985326775
CHK1,ADRB2_338_350,0.747425985326775
DMPK,ADRB2_338_350,0.747425985326775
GRK,ADRB2_338_350,0.747425985326775
PAKA,ADRB2_338_350,0.747425985326775
PKA,ADRB2_338_350,0.747425985326775
PKCA,ADRB2_338_350,0.747425985326775
PKCI,ADRB2_338_350,0.747425985326775
PKG,ADRB2_338_350,0.747425985326775
RAD53,ADRB2_338_350,0.747425985326775
RSK,ADRB2_338_350,0.747425985326775
VRK2,ADRB2_338_350,0.747425985326775
AKT,ANDR_785_797,0.3193155223680059
ATR,ANDR_785_797,0.3193155223680059
BARK1,ANDR_785_797,0.3193155223680059
DMPK,ANDR_785_797,0.3193155223680059
PHK,ANDR_785_797,0.3193155223680059
PIM,ANDR_785_797,0.3193155223680059
PKA,ANDR_785_797,0.3193155223680059
PKD,ANDR_785_797,0.3193155223680059
RAF,ANDR_785_797,0.3193155223680059
RSK,ANDR_785_797,0.3193155223680059
VRK2,ANDR_785_797,0.3193155223680059
AKT,ANXA1_209_221,0.4455914599987934
BARK1,ANXA1_209_221,0.4455914599987934
DMPK,ANXA1_209_221,0.4455914599987934
PHK,ANXA1_209_221,0.4455914599987934
PKA,ANXA1_209_221,0.4455914599987934
PKCA,ANXA1_209_221,0.4455914599987934
PKG,ANXA1_209_221,0.4455914599987934
RSK,ANXA1_209_221,0.4455914599987934
VRK2,ANXA1_209_221,0.4455914599987934
AMPK,BAD_112_124,0.8008922567049348
BARK1,BAD_112_124,0.8008922567049348
CK1,BAD_112_124,0.8008922567049348
DMPK,BAD_112_124,0.8008922567049348
FRAY,BAD_112_124,0.8008922567049348
IRAK,BAD_112_124,0.8008922567049348
NEK,BAD_112_124,0.8008922567049348
PAKA,BAD_112_124,0.8008922567049348
PDHK,BAD_112_124,0.8008922567049348
PEK,BAD_112_124,0.8008922567049348
PHK,BAD_112_124,0.8008922567049348
PIM,BAD_112_124,0.8008922567049348
PKA,BAD_112_124,0.8008922567049348
PKCA,BAD_112_124,0.8008922567049348
PKCI,BAD_112_124,0.8008922567049348
PKD,BAD_112_124,0.8008922567049348
PKG,BAD_112_124,0.8008922567049348
QIK,BAD_112_124,0.8008922567049348
RAF,BAD_112_124,0.8008922567049348
RSK,BAD_112_124,0.8008922567049348
STE7,BAD_112_124,0.8008922567049348
VRK2,BAD_112_124,0.8008922567049348
AKT,BAD_69_81,0.13569511265041417
BARK1,BAD_69_81,0.13569511265041417
CDK,BAD_69_81,0.13569511265041417
DMPK,BAD_69_81,0.13569511265041417
ERK,BAD_69_81,0.13569511265041417
MELK,BAD_69_81,0.13569511265041417
MTOR,BAD_69_81,0.13569511265041417
PAKA,BAD_69_81,0.13569511265041417
PAKB,BAD_69_81,0.13569511265041417
PDHK,BAD_69_81,0.13569511265041417
PDK1,BAD_69_81,0.13569511265041417
PEK,BAD_69_81,0.13569511265041417
PHK,BAD_69_81,0.13569511265041417
PIM,BAD_69_81,0.13569511265041417
PKA,BAD_69_81,0.13569511265041417
PKCA,BAD_69_81,0.13569511265041417
PKCI,BAD_69_81,0.13569511265041417
PKD,BAD_69_81,0.13569511265041417
PKG,BAD_69_81,0.13569511265041417
QIK,BAD_69_81,0.13569511265041417
RAD53,BAD_69_81,0.13569511265041417
RAF,BAD_69_81,0.13569511265041417
RSK,BAD_69_81,0.13569511265041417
SGK,BAD_69_81,0.13569511265041417
VRK2,BAD_69_81,0.13569511265041417
AKT,BAD_93_105,0.05588629154744613
BARK1,BAD_93_105,0.05588629154744613
DMPK,BAD_93_105,0.05588629154744613
MAPKAPK,BAD_93_105,0.05588629154744613
PAKA,BAD_93_105,0.05588629154744613
PHK,BAD_93_105,0.05588629154744613
PIM,BAD_93_105,0.05588629154744613
PKA,BAD_93_105,0.05588629154744613
PKCA,BAD_93_105,0.05588629154744613
PKCI,BAD_93_105,0.05588629154744613
PKD,BAD_93_105,0.05588629154744613
PKG,BAD_93_105,0.05588629154744613
QIK,BAD_93_105,0.05588629154744613
RAF,BAD_93_105,0.05588629154744613
RSK,BAD_93_105,0.05588629154744613
SGK,BAD_93_105,0.05588629154744613
VRK2,BAD_93_105,0.05588629154744613
AKT,BCKD_45_57,-0.00703057722073048
BARK1,BCKD_45_57,-0.00703057722073048
CDK,BCKD_45_57,-0.00703057722073048
DMPK,BCKD_45_57,-0.00703057722073048
FRAY,BCKD_45_57,-0.00703057722073048
GRK,BCKD_45_57,-0.00703057722073048
IKK,BCKD_45_57,-0.00703057722073048
MAPKAPK,BCKD_45_57,-0.00703057722073048
MELK,BCKD_45_57,-0.00703057722073048
MLCK,BCKD_45_57,-0.00703057722073048
MST,BCKD_45_57,-0.00703057722073048
PAKA,BCKD_45_57,-0.00703057722073048
PDHK,BCKD_45_57,-0.00703057722073048
PDK1,BCKD_45_57,-0.00703057722073048
PEK,BCKD_45_57,-0.00703057722073048
PHK,BCKD_45_57,-0.00703057722073048
PIM,BCKD_45_57,-0.00703057722073048
PKA,BCKD_45_57,-0.00703057722073048
PKCA,BCKD_45_57,-0.00703057722073048
PKG,BCKD_45_57,-0.00703057722073048
PLK,BCKD_45_57,-0.00703057722073048
QIK,BCKD_45_57,-0.00703057722073048
RSK,BCKD_45_57,-0.00703057722073048
SGK,BCKD_45_57,-0.00703057722073048
STE7,BCKD_45_57,-0.00703057722073048
VRK2,BCKD_45_57,-0.00703057722073048
BARK1,C1R_201_213,-0.05853683767828391
CDK,C1R_201_213,-0.05853683767828391
CK1,C1R_201_213,-0.05853683767828391
CK2,C1R_201_213,-0.05853683767828391
DMPK,C1R_201_213,-0.05853683767828391
DYRK,C1R_201_213,-0.05853683767828391
ERK,C1R_201_213,-0.05853683767828391
IRAK,C1R_201_213,-0.05853683767828391
JNK,C1R_201_213,-0.05853683767828391
P38,C1R_201_213,-0.05853683767828391
PDHK,C1R_201_213,-0.05853683767828391
PEK,C1R_201_213,-0.05853683767828391
PHK,C1R_201_213,-0.05853683767828391
PKCA,C1R_201_213,-0.05853683767828391
PLK,C1R_201_213,-0.05853683767828391
QIK,C1R_201_213,-0.05853683767828391
STE7,C1R_201_213,-0.05853683767828391
STKR,C1R_201_213,-0.05853683767828391
VRK2,C1R_201_213,-0.05853683767828391
BARK1,CAC1C_1974_1986,0.6092122046082048
CAMK1,CAC1C_1974_1986,0.6092122046082048
MAPKAPK,CAC1C_1974_1986,0.6092122046082048
PDHK,CAC1C_1974_1986,0.6092122046082048
PHK,CAC1C_1974_1986,0.6092122046082048
PIM,CAC1C_1974_1986,0.6092122046082048
PKCA,CAC1C_1974_1986,0.6092122046082048
PKD,CAC1C_1974_1986,0.6092122046082048
PKG,CAC1C_1974_1986,0.6092122046082048
QIK,CAC1C_1974_1986,0.6092122046082048
RAD53,CAC1C_1974_1986,0.6092122046082048
RIPK,CAC1C_1974_1986,0.6092122046082048
RSK,CAC1C_1974_1986,0.6092122046082048
VRK2,CAC1C_1974_1986,0.6092122046082048
AKT,CD27_212_224,0.1811838662271956
BARK1,CD27_212_224,0.1811838662271956
CDK,CD27_212_224,0.1811838662271956
DMPK,CD27_212_224,0.1811838662271956
ERK,CD27_212_224,0.1811838662271956
IKK,CD27_212_224,0.1811838662271956
JNK,CD27_212_224,0.1811838662271956
P38,CD27_212_224,0.1811838662271956
PDHK,CD27_212_224,0.1811838662271956
PEK,CD27_212_224,0.1811838662271956
PHK,CD27_212_224,0.1811838662271956
PIM,CD27_212_224,0.1811838662271956
PKCA,CD27_212_224,0.1811838662271956
PKD,CD27_212_224,0.1811838662271956
QIK,CD27_212_224,0.1811838662271956
RSK,CD27_212_224,0.1811838662271956
VRK2,CD27_212_224,0.1811838662271956
BARK1,CDC2_154_169,-0.15033372973205
CDK,CDC2_154_169,-0.15033372973205
COT,CDC2_154_169,-0.15033372973205
PEK,CDC2_154_169,-0.15033372973205
PKG,CDC2_154_169,-0.15033372973205
RSK,CDC2_154_169,-0.15033372973205
STE7,CDC2_154_169,-0.15033372973205
VRK2,CDC2_154_169,-0.15033372973205
BARK1,CDK7_163_175,-0.04691201452091261
CDK,CDK7_163_175,-0.04691201452091261
DMPK,CDK7_163_175,-0.04691201452091261
DYRK,CDK7_163_175,-0.04691201452091261
FRAY,CDK7_163_175,-0.04691201452091261
JNK,CDK7_163_175,-0.04691201452091261
MAPKAPK,CDK7_163_175,-0.04691201452091261
MST,CDK7_163_175,-0.04691201452091261
MTOR,CDK7_163_175,-0.04691201452091261
P38,CDK7_163_175,-0.04691201452091261
PDK1,CDK7_163_175,-0.04691201452091261
PEK,CDK7_163_175,-0.04691201452091261
PHK,CDK7_163_175,-0.04691201452091261
PIM,CDK7_163_175,-0.04691201452091261
PKCA,CDK7_163_175,-0.04691201452091261
PKCI,CDK7_163_175,-0.04691201452091261
PRKDC,CDK7_163_175,-0.04691201452091261
QIK,CDK7_163_175,-0.04691201452091261
STE7,CDK7_163_175,-0.04691201452091261
VRK2,CDK7_163_175,-0.04691201452091261
AUR,CENPA_1_14,0.17896993712879272
BARK1,CENPA_1_14,0.17896993712879272
DMPK,CENPA_1_14,0.17896993712879272
MAPKAPK,CENPA_1_14,0.17896993712879272
PIM,CENPA_1_14,0.17896993712879272
PKCA,CENPA_1_14,0.17896993712879272
PKG,CENPA_1_14,0.17896993712879272
VRK2,CENPA_1_14,0.17896993712879272
AMPK,CFTR_730_742,1.0227746303676195
BARK1,CFTR_730_742,1.0227746303676195
CAMK2,CFTR_730_742,1.0227746303676195
CDK,CFTR_730_742,1.0227746303676195
DAPK,CFTR_730_742,1.0227746303676195
DYRK,CFTR_730_742,1.0227746303676195
GRK,CFTR_730_742,1.0227746303676195
IKK,CFTR_730_742,1.0227746303676195
MAPKAPK,CFTR_730_742,1.0227746303676195
PAKA,CFTR_730_742,1.0227746303676195
PDHK,CFTR_730_742,1.0227746303676195
PEK,CFTR_730_742,1.0227746303676195
PHK,CFTR_730_742,1.0227746303676195
PKA,CFTR_730_742,1.0227746303676195
PKCA,CFTR_730_742,1.0227746303676195
PKD,CFTR_730_742,1.0227746303676195
PKG,CFTR_730_742,1.0227746303676195
QIK,CFTR_730_742,1.0227746303676195
RAD53,CFTR_730_742,1.0227746303676195
RSK,CFTR_730_742,1.0227746303676195
VRK2,CFTR_730_742,1.0227746303676195
AKT,CGHB_109_121,0.410031206756132
BARK1,CGHB_109_121,0.410031206756132
CAMK2,CGHB_109_121,0.410031206756132
DMPK,CGHB_109_121,0.410031206756132
IKK,CGHB_109_121,0.410031206756132
MTOR,CGHB_109_121,0.410031206756132
PDHK,CGHB_109_121,0.410031206756132
PDK1,CGHB_109_121,0.410031206756132
PEK,CGHB_109_121,0.410031206756132
PKA,CGHB_109_121,0.410031206756132
PKCA,CGHB_109_121,0.410031206756132
PKG,CGHB_109_121,0.410031206756132
RSK,CGHB_109_121,0.410031206756132
VRK2,CGHB_109_121,0.410031206756132
AMPK,CREB1_126_138,0.5930846444884814
ATM,CREB1_126_138,0.5930846444884814
BARK1,CREB1_126_138,0.5930846444884814
CAMK1,CREB1_126_138,0.5930846444884814
CAMK2,CREB1_126_138,0.5930846444884814
COT,CREB1_126_138,0.5930846444884814
DMPK,CREB1_126_138,0.5930846444884814
DYRK,CREB1_126_138,0.5930846444884814
GSK,CREB1_126_138,0.5930846444884814
MAPKAPK,CREB1_126_138,0.5930846444884814
PDHK,CREB1_126_138,0.5930846444884814
PHK,CREB1_126_138,0.5930846444884814
PIM,CREB1_126_138,0.5930846444884814
PKA,CREB1_126_138,0.5930846444884814
PKCA,CREB1_126_138,0.5930846444884814
PKCD,CREB1_126_138,0.5930846444884814
PKCH,CREB1_126_138,0.5930846444884814
PKD,CREB1_126_138,0.5930846444884814
QIK,CREB1_126_138,0.5930846444884814
RAD53,CREB1_126_138,0.5930846444884814
RSK,CREB1_126_138,0.5930846444884814
SGK,CREB1_126_138,0.5930846444884814
VRK2,CREB1_126_138,0.5930846444884814
AMPK,CSF1R_701_713,0.6344561528923899
BARK1,CSF1R_701_713,0.6344561528923899
CDK,CSF1R_701_713,0.6344561528923899
CK1,CSF1R_701_713,0.6344561528923899
DMPK,CSF1R_701_713,0.6344561528923899
PDHK,CSF1R_701_713,0.6344561528923899
PEK,CSF1R_701_713,0.6344561528923899
PIM,CSF1R_701_713,0.6344561528923899
PKA,CSF1R_701_713,0.6344561528923899
PKCA,CSF1R_701_713,0.6344561528923899
PKG,CSF1R_701_713,0.6344561528923899
RSK,CSF1R_701_713,0.6344561528923899
VRK2,CSF1R_701_713,0.6344561528923899
AMPK,DESP_2842_2854,1.0096071825362227
BARK1,DESP_2842_2854,1.0096071825362227
CAMK1,DESP_2842_2854,1.0096071825362227
CDK,DESP_2842_2854,1.0096071825362227
CK1,DESP_2842_2854,1.0096071825362227
DMPK,DESP_2842_2854,1.0096071825362227
GSK,DESP_2842_2854,1.0096071825362227
IKK,DESP_2842_2854,1.0096071825362227
MAPKAPK,DESP_2842_2854,1.0096071825362227
P38,DESP_2842_2854,1.0096071825362227
PDHK,DESP_2842_2854,1.0096071825362227
PDK1,DESP_2842_2854,1.0096071825362227
PEK,DESP_2842_2854,1.0096071825362227
PHK,DESP_2842_2854,1.0096071825362227
PIM,DESP_2842_2854,1.0096071825362227
PKA,DESP_2842_2854,1.0096071825362227
PKCA,DESP_2842_2854,1.0096071825362227
PKG,DESP_2842_2854,1.0096071825362227
QIK,DESP_2842_2854,1.0096071825362227
RIPK,DESP_2842_2854,1.0096071825362227
RSK,DESP_2842_2854,1.0096071825362227
SGK,DESP_2842_2854,1.0096071825362227
STE11,DESP_2842_2854,1.0096071825362227
STE7,DESP_2842_2854,1.0096071825362227
VRK2,DESP_2842_2854,1.0096071825362227
BARK1,EPB42_241_253,1.008485154745084
DMPK,EPB42_241_253,1.008485154745084
PHK,EPB42_241_253,1.008485154745084
PIM,EPB42_241_253,1.008485154745084
PKA,EPB42_241_253,1.008485154745084
PKCA,EPB42_241_253,1.008485154745084
PKG,EPB42_241_253,1.008485154745084
RAD53,EPB42_241_253,1.008485154745084
RSK,EPB42_241_253,1.008485154745084
VRK2,EPB42_241_253,1.008485154745084
BARK1,ERBB2_679_691,0.01722796155520889
DMPK,ERBB2_679_691,0.01722796155520889
PHK,ERBB2_679_691,0.01722796155520889
PIM,ERBB2_679_691,0.01722796155520889
PKA,ERBB2_679_691,0.01722796155520889
PKCA,ERBB2_679_691,0.01722796155520889
PKCD,ERBB2_679_691,0.01722796155520889
PKCH,ERBB2_679_691,0.01722796155520889
PKG,ERBB2_679_691,0.01722796155520889
RSK,ERBB2_679_691,0.01722796155520889
VRK2,ERBB2_679_691,0.01722796155520889
BARK1,ERF_519_531,0.14510425550486397
CDK,ERF_519_531,0.14510425550486397
CHK1,ERF_519_531,0.14510425550486397
DAPK,ERF_519_531,0.14510425550486397
DMPK,ERF_519_531,0.14510425550486397
DYRK,ERF_519_531,0.14510425550486397
ERK,ERF_519_531,0.14510425550486397
IRAK,ERF_519_531,0.14510425550486397
MST,ERF_519_531,0.14510425550486397
P38,ERF_519_531,0.14510425550486397
PDK1,ERF_519_531,0.14510425550486397
PEK,ERF_519_531,0.14510425550486397
PIM,ERF_519_531,0.14510425550486397
PKA,ERF_519_531,0.14510425550486397
PKCA,ERF_519_531,0.14510425550486397
PKG,ERF_519_531,0.14510425550486397
RAD53,ERF_519_531,0.14510425550486397
RSK,ERF_519_531,0.14510425550486397
VRK2,ERF_519_531,0.14510425550486397
AKT,ESR1_160_172,0.27172791010756353
AUR,ESR1_160_172,0.27172791010756353
BARK1,ESR1_160_172,0.27172791010756353
CK2,ESR1_160_172,0.27172791010756353
DMPK,ESR1_160_172,0.27172791010756353
IKK,ESR1_160_172,0.27172791010756353
PEK,ESR1_160_172,0.27172791010756353
PHK,ESR1_160_172,0.27172791010756353
PIM,ESR1_160_172,0.27172791010756353
PKCA,ESR1_160_172,0.27172791010756353
RSK,ESR1_160_172,0.27172791010756353
STE11,ESR1_160_172,0.27172791010756353
STE7,ESR1_160_172,0.27172791010756353
VRK2,ESR1_160_172,0.27172791010756353
BARK1,FIBA_569_581,0.2583076516064038
CDK,FIBA_569_581,0.2583076516064038
CK1,FIBA_569_581,0.2583076516064038
DAPK,FIBA_569_581,0.2583076516064038
DMPK,FIBA_569_581,0.2583076516064038
ERK,FIBA_569_581,0.2583076516064038
GSK,FIBA_569_581,0.2583076516064038
HAL,FIBA_569_581,0.2583076516064038
IKK,FIBA_569_581,0.2583076516064038
JNK,FIBA_569_581,0.2583076516064038
MLCK,FIBA_569_581,0.2583076516064038
MST,FIBA_569_581,0.2583076516064038
PDHK,FIBA_569_581,0.2583076516064038
PEK,FIBA_569_581,0.2583076516064038
PHK,FIBA_569_581,0.2583076516064038
PIM,FIBA_569_581,0.2583076516064038
PKA,FIBA_569_581,0.2583076516064038
PKCA,FIBA_569_581,0.2583076516064038
PKG,FIBA_569_581,0.2583076516064038
PLK,FIBA_569_581,0.2583076516064038
QIK,FIBA_569_581,0.2583076516064038
RAF,FIBA_569_581,0.2583076516064038
RIPK,FIBA_569_581,0.2583076516064038
RSK,FIBA_569_581,0.2583076516064038
SGK,FIBA_569_581,0.2583076516064038
STE7,FIBA_569_581,0.2583076516064038
VRK2,FIBA_569_581,0.2583076516064038
AKT,FOXO3_25_37,-0.02286282017724576
BARK1,FOXO3_25_37,-0.02286282017724576
CDK,FOXO3_25_37,-0.02286282017724576
ERK,FOXO3_25_37,-0.02286282017724576
MAPKAPK,FOXO3_25_37,-0.02286282017724576
P38,FOXO3_25_37,-0.02286282017724576
PHK,FOXO3_25_37,-0.02286282017724576
PIM,FOXO3_25_37,-0.02286282017724576
PKCA,FOXO3_25_37,-0.02286282017724576
QIK,FOXO3_25_37,-0.02286282017724576
RAF,FOXO3_25_37,-0.02286282017724576
RSK,FOXO3_25_37,-0.02286282017724576
SGK,FOXO3_25_37,-0.02286282017724576
VRK2,FOXO3_25_37,-0.02286282017724576
AKT,FRAP_2443_2455,0.24722353772456587
AMPK,FRAP_2443_2455,0.24722353772456587
BARK1,FRAP_2443_2455,0.24722353772456587
CK1,FRAP_2443_2455,0.24722353772456587
DAPK,FRAP_2443_2455,0.24722353772456587
DMPK,FRAP_2443_2455,0.24722353772456587
MAPKAPK,FRAP_2443_2455,0.24722353772456587
MELK,FRAP_2443_2455,0.24722353772456587
MLK,FRAP_2443_2455,0.24722353772456587
MSN,FRAP_2443_2455,0.24722353772456587
MTOR,FRAP_2443_2455,0.24722353772456587
NEK,FRAP_2443_2455,0.24722353772456587
PDHK,FRAP_2443_2455,0.24722353772456587
PDK1,FRAP_2443_2455,0.24722353772456587
PEK,FRAP_2443_2455,0.24722353772456587
PHK,FRAP_2443_2455,0.24722353772456587
PIM,FRAP_2443_2455,0.24722353772456587
PKA,FRAP_2443_2455,0.24722353772456587
PKCA,FRAP_2443_2455,0.24722353772456587
QIK,FRAP_2443_2455,0.24722353772456587
RSK,FRAP_2443_2455,0.24722353772456587
SGK,FRAP_2443_2455,0.24722353772456587
TAO,FRAP_2443_2455,0.24722353772456587
VRK2,FRAP_2443_2455,0.24722353772456587
AKT,GPR6_349_361,0.1446030870873066
BARK1,GPR6_349_361,0.1446030870873066
CDK,GPR6_349_361,0.1446030870873066
CK1,GPR6_349_361,0.1446030870873066
DMPK,GPR6_349_361,0.1446030870873066
DYRK,GPR6_349_361,0.1446030870873066
ERK,GPR6_349_361,0.1446030870873066
IKK,GPR6_349_361,0.1446030870873066
JNK,GPR6_349_361,0.1446030870873066
MAPKAPK,GPR6_349_361,0.1446030870873066
MELK,GPR6_349_361,0.1446030870873066
P38,GPR6_349_361,0.1446030870873066
PDK1,GPR6_349_361,0.1446030870873066
PEK,GPR6_349_361,0.1446030870873066
PHK,GPR6_349_361,0.1446030870873066
PKCA,GPR6_349_361,0.1446030870873066
QIK,GPR6_349_361,0.1446030870873066
RAF,GPR6_349_361,0.1446030870873066
RSK,GPR6_349_361,0.1446030870873066
SGK,GPR6_349_361,0.1446030870873066
VRK2,GPR6_349_361,0.1446030870873066
AMPK,GPSM2_394_406,1.0369994169400496
BARK1,GPSM2_394_406,1.0369994169400496
CAMK1,GPSM2_394_406,1.0369994169400496
CHK1,GPSM2_394_406,1.0369994169400496
DMPK,GPSM2_394_406,1.0369994169400496
IKK,GPSM2_394_406,1.0369994169400496
MAPKAPK,GPSM2_394_406,1.0369994169400496
MARK,GPSM2_394_406,1.0369994169400496
PHK,GPSM2_394_406,1.0369994169400496
PKCA,GPSM2_394_406,1.0369994169400496
PKD,GPSM2_394_406,1.0369994169400496
VRK2,GPSM2_394_406,1.0369994169400496
BARK1,GSUB_61_73,0.1089941993251721
CDK,GSUB_61_73,0.1089941993251721
DAPK,GSUB_61_73,0.1089941993251721
DMPK,GSUB_61_73,0.1089941993251721
DYRK,GSUB_61_73,0.1089941993251721
ERK,GSUB_61_73,0.1089941993251721
PDK1,GSUB_61_73,0.1089941993251721
PHK,GSUB_61_73,0.1089941993251721
PKA,GSUB_61_73,0.1089941993251721
PKG,GSUB_61_73,0.1089941993251721
PLK,GSUB_61_73,0.1089941993251721
VRK2,GSUB_61_73,0.1089941993251721
AKT,GYS2_1_13,-0.00520366101287688
BARK1,GYS2_1_13,-0.00520366101287688
CDK,GYS2_1_13,-0.00520366101287688
DMPK,GYS2_1_13,-0.00520366101287688
IKK,GYS2_1_13,-0.00520366101287688
MAPKAPK,GYS2_1_13,-0.00520366101287688
MTOR,GYS2_1_13,-0.00520366101287688
PEK,GYS2_1_13,-0.00520366101287688
PHK,GYS2_1_13,-0.00520366101287688
PKA,GYS2_1_13,-0.00520366101287688
PKCA,GYS2_1_13,-0.00520366101287688
QIK,GYS2_1_13,-0.00520366101287688
RSK,GYS2_1_13,-0.00520366101287688
SGK,GYS2_1_13,-0.00520366101287688
VRK2,GYS2_1_13,-0.00520366101287688
AKT,H2B1B_ 27_40,0.05888006145370372
AMPK,H2B1B_ 27_40,0.05888006145370372
BARK1,H2B1B_ 27_40,0.05888006145370372
CAMK1,H2B1B_ 27_40,0.05888006145370372
CDK,H2B1B_ 27_40,0.05888006145370372
COT,H2B1B_ 27_40,0.05888006145370372
DAPK,H2B1B_ 27_40,0.05888006145370372
DMPK,H2B1B_ 27_40,0.05888006145370372
IKK,H2B1B_ 27_40,0.05888006145370372
MLK,H2B1B_ 27_40,0.05888006145370372
MST,H2B1B_ 27_40,0.05888006145370372
PAKA,H2B1B_ 27_40,0.05888006145370372
PAKB,H2B1B_ 27_40,0.05888006145370372
PDHK,H2B1B_ 27_40,0.05888006145370372
PEK,H2B1B_ 27_40,0.05888006145370372
PHK,H2B1B_ 27_40,0.05888006145370372
PIM,H2B1B_ 27_40,0.05888006145370372
PKA,H2B1B_ 27_40,0.05888006145370372
PKCA,H2B1B_ 27_40,0.05888006145370372
PKCH,H2B1B_ 27_40,0.05888006145370372
PKD,H2B1B_ 27_40,0.05888006145370372
PKG,H2B1B_ 27_40,0.05888006145370372
PLK,H2B1B_ 27_40,0.05888006145370372
QIK,H2B1B_ 27_40,0.05888006145370372
RAD53,H2B1B_ 27_40,0.05888006145370372
RSK,H2B1B_ 27_40,0.05888006145370372
SGK,H2B1B_ 27_40,0.05888006145370372
VRK2,H2B1B_ 27_40,0.05888006145370372
AMPK,H32_3_18,0.08996017736343939
ATR,H32_3_18,0.08996017736343939
AUR,H32_3_18,0.08996017736343939
BARK1,H32_3_18,0.08996017736343939
DAPK,H32_3_18,0.08996017736343939
DMPK,H32_3_18,0.08996017736343939
DYRK,H32_3_18,0.08996017736343939
MLK,H32_3_18,0.08996017736343939
MST,H32_3_18,0.08996017736343939
MTOR,H32_3_18,0.08996017736343939
PHK,H32_3_18,0.08996017736343939
PIM,H32_3_18,0.08996017736343939
PKCA,H32_3_18,0.08996017736343939
PKCD,H32_3_18,0.08996017736343939
PRKDC,H32_3_18,0.08996017736343939
QIK,H32_3_18,0.08996017736343939
RAD53,H32_3_18,0.08996017736343939
RSK,H32_3_18,0.08996017736343939
STE7,H32_3_18,0.08996017736343939
VRK1,H32_3_18,0.08996017736343939
VRK2,H32_3_18,0.08996017736343939
BARK1,IF4E_203_215,0.06174191125771837
CDK,IF4E_203_215,0.06174191125771837
DMPK,IF4E_203_215,0.06174191125771837
ERK,IF4E_203_215,0.06174191125771837
GRK,IF4E_203_215,0.06174191125771837
IKK,IF4E_203_215,0.06174191125771837
LKB,IF4E_203_215,0.06174191125771837
MAPKAPK,IF4E_203_215,0.06174191125771837
MLK,IF4E_203_215,0.06174191125771837
P38,IF4E_203_215,0.06174191125771837
PEK,IF4E_203_215,0.06174191125771837
PKCA,IF4E_203_215,0.06174191125771837
QIK,IF4E_203_215,0.06174191125771837
RIPK,IF4E_203_215,0.06174191125771837
STKR,IF4E_203_215,0.06174191125771837
VRK1,IF4E_203_215,0.06174191125771837
VRK2,IF4E_203_215,0.06174191125771837
BARK1,K6PL_766_778,-0.12522795918963858
AKT,K6PL_766_778,-0.12522795918963858
CAMK2,K6PL_766_778,-0.12522795918963858
CDK,K6PL_766_778,-0.12522795918963858
MAPKAPK,K6PL_766_778,-0.12522795918963858
MARK,K6PL_766_778,-0.12522795918963858
MOS,K6PL_766_778,-0.12522795918963858
PEK,K6PL_766_778,-0.12522795918963858
PHK,K6PL_766_778,-0.12522795918963858
PKA,K6PL_766_778,-0.12522795918963858
PKCA,K6PL_766_778,-0.12522795918963858
PKG,K6PL_766_778,-0.12522795918963858
RAD53,K6PL_766_778,-0.12522795918963858
RSK,K6PL_766_778,-0.12522795918963858
VRK2,K6PL_766_778,-0.12522795918963858
BARK1,KAP2_92_104,0.6918040625380625
CDK,KAP2_92_104,0.6918040625380625
CK2,KAP2_92_104,0.6918040625380625
DMPK,KAP2_92_104,0.6918040625380625
ERK,KAP2_92_104,0.6918040625380625
GSK,KAP2_92_104,0.6918040625380625
MAPKAPK,KAP2_92_104,0.6918040625380625
PDHK,KAP2_92_104,0.6918040625380625
PEK,KAP2_92_104,0.6918040625380625
PHK,KAP2_92_104,0.6918040625380625
PIM,KAP2_92_104,0.6918040625380625
PKA,KAP2_92_104,0.6918040625380625
PKCA,KAP2_92_104,0.6918040625380625
PKD,KAP2_92_104,0.6918040625380625
PKG,KAP2_92_104,0.6918040625380625
QIK,KAP2_92_104,0.6918040625380625
RIPK,KAP2_92_104,0.6918040625380625
RSK,KAP2_92_104,0.6918040625380625
VRK2,KAP2_92_104,0.6918040625380625
AKT,KAP3_107_119,0.6448266668925484
AUR,KAP3_107_119,0.6448266668925484
BARK1,KAP3_107_119,0.6448266668925484
DMPK,KAP3_107_119,0.6448266668925484
MAPKAPK,KAP3_107_119,0.6448266668925484
PDHK,KAP3_107_119,0.6448266668925484
PHK,KAP3_107_119,0.6448266668925484
PKA,KAP3_107_119,0.6448266668925484
PKCA,KAP3_107_119,0.6448266668925484
RIPK,KAP3_107_119,0.6448266668925484
VRK2,KAP3_107_119,0.6448266668925484
BARK1,KAPCG_192_206,0.01013623443491308
CAMK2,KAPCG_192_206,0.01013623443491308
CDK,KAPCG_192_206,0.01013623443491308
DMPK,KAPCG_192_206,0.01013623443491308
DYRK,KAPCG_192_206,0.01013623443491308
ERK,KAPCG_192_206,0.01013623443491308
GSK,KAPCG_192_206,0.01013623443491308
IKK,KAPCG_192_206,0.01013623443491308
IRAK,KAPCG_192_206,0.01013623443491308
LKB,KAPCG_192_206,0.01013623443491308
MELK,KAPCG_192_206,0.01013623443491308
MST,KAPCG_192_206,0.01013623443491308
MTOR,KAPCG_192_206,0.01013623443491308
PDHK,KAPCG_192_206,0.01013623443491308
PDK1,KAPCG_192_206,0.01013623443491308
PHK,KAPCG_192_206,0.01013623443491308
PIM,KAPCG_192_206,0.01013623443491308
PKCH,KAPCG_192_206,0.01013623443491308
VRK2,KAPCG_192_206,0.01013623443491308
BARK1,KCC2G_278_289,0.19252935617284123
CAMK2,KCC2G_278_289,0.19252935617284123
CDK,KCC2G_278_289,0.19252935617284123
CK1,KCC2G_278_289,0.19252935617284123
MAPKAPK,KCC2G_278_289,0.19252935617284123
MELK,KCC2G_278_289,0.19252935617284123
MLCK,KCC2G_278_289,0.19252935617284123
PEK,KCC2G_278_289,0.19252935617284123
PHK,KCC2G_278_289,0.19252935617284123
PIM,KCC2G_278_289,0.19252935617284123
PKCA,KCC2G_278_289,0.19252935617284123
PKCI,KCC2G_278_289,0.19252935617284123
PLK,KCC2G_278_289,0.19252935617284123
QIK,KCC2G_278_289,0.19252935617284123
RSK,KCC2G_278_289,0.19252935617284123
SGK,KCC2G_278_289,0.19252935617284123
VRK2,KCC2G_278_289,0.19252935617284123
AKT,KCNA1_438_450,0.7444442132044292
AMPK,KCNA1_438_450,0.7444442132044292
BARK1,KCNA1_438_450,0.7444442132044292
CAMK1,KCNA1_438_450,0.7444442132044292
CDK,KCNA1_438_450,0.7444442132044292
CK1,KCNA1_438_450,0.7444442132044292
DAPK,KCNA1_438_450,0.7444442132044292
DMPK,KCNA1_438_450,0.7444442132044292
ERK,KCNA1_438_450,0.7444442132044292
GRK,KCNA1_438_450,0.7444442132044292
IKK,KCNA1_438_450,0.7444442132044292
JNK,KCNA1_438_450,0.7444442132044292
MAPKAPK,KCNA1_438_450,0.7444442132044292
MELK,KCNA1_438_450,0.7444442132044292
NEK,KCNA1_438_450,0.7444442132044292
P38,KCNA1_438_450,0.7444442132044292
PDHK,KCNA1_438_450,0.7444442132044292
PEK,KCNA1_438_450,0.7444442132044292
PHK,KCNA1_438_450,0.7444442132044292
PKA,KCNA1_438_450,0.7444442132044292
PKCA,KCNA1_438_450,0.7444442132044292
PKD,KCNA1_438_450,0.7444442132044292
PLK,KCNA1_438_450,0.7444442132044292
QIK,KCNA1_438_450,0.7444442132044292
RAD53,KCNA1_438_450,0.7444442132044292
RIPK,KCNA1_438_450,0.7444442132044292
RSK,KCNA1_438_450,0.7444442132044292
SGK,KCNA1_438_450,0.7444442132044292
STE7,KCNA1_438_450,0.7444442132044292
STKR,KCNA1_438_450,0.7444442132044292
VRK2,KCNA1_438_450,0.7444442132044292
AKT,KCNA2_442_454,0.3516715580465369
AMPK,KCNA2_442_454,0.3516715580465369
BARK1,KCNA2_442_454,0.3516715580465369
CAMK1,KCNA2_442_454,0.3516715580465369
CAMK2,KCNA2_442_454,0.3516715580465369
CDK,KCNA2_442_454,0.3516715580465369
CHK1,KCNA2_442_454,0.3516715580465369
CK1,KCNA2_442_454,0.3516715580465369
DMPK,KCNA2_442_454,0.3516715580465369
IKK,KCNA2_442_454,0.3516715580465369
JNK,KCNA2_442_454,0.3516715580465369
MAPKAPK,KCNA2_442_454,0.3516715580465369
NEK,KCNA2_442_454,0.3516715580465369
P38,KCNA2_442_454,0.3516715580465369
PDHK,KCNA2_442_454,0.3516715580465369
PEK,KCNA2_442_454,0.3516715580465369
PHK,KCNA2_442_454,0.3516715580465369
PIM,KCNA2_442_454,0.3516715580465369
PKCA,KCNA2_442_454,0.3516715580465369
PKD,KCNA2_442_454,0.3516715580465369
QIK,KCNA2_442_454,0.3516715580465369
RAD53,KCNA2_442_454,0.3516715580465369
RIPK,KCNA2_442_454,0.3516715580465369
RSK,KCNA2_442_454,0.3516715580465369
SGK,KCNA2_442_454,0.3516715580465369
STKR,KCNA2_442_454,0.3516715580465369
VRK2,KCNA2_442_454,0.3516715580465369
AKT,KCNA3_461_473,0.21126819666598468
AMPK,KCNA3_461_473,0.21126819666598468
BARK1,KCNA3_461_473,0.21126819666598468
CAMK1,KCNA3_461_473,0.21126819666598468
CDK,KCNA3_461_473,0.21126819666598468
CHK1,KCNA3_461_473,0.21126819666598468
CK1,KCNA3_461_473,0.21126819666598468
DMPK,KCNA3_461_473,0.21126819666598468
IKK,KCNA3_461_473,0.21126819666598468
JNK,KCNA3_461_473,0.21126819666598468
KHS,KCNA3_461_473,0.21126819666598468
MAPKAPK,KCNA3_461_473,0.21126819666598468
MARK,KCNA3_461_473,0.21126819666598468
MST,KCNA3_461_473,0.21126819666598468
P38,KCNA3_461_473,0.21126819666598468
PAKA,KCNA3_461_473,0.21126819666598468
PDHK,KCNA3_461_473,0.21126819666598468
PDK1,KCNA3_461_473,0.21126819666598468
PEK,KCNA3_461_473,0.21126819666598468
PHK,KCNA3_461_473,0.21126819666598468
PKA,KCNA3_461_473,0.21126819666598468
PKCA,KCNA3_461_473,0.21126819666598468
PKD,KCNA3_461_473,0.21126819666598468
PKG,KCNA3_461_473,0.21126819666598468
PLK,KCNA3_461_473,0.21126819666598468
QIK,KCNA3_461_473,0.21126819666598468
RAD53,KCNA3_461_473,0.21126819666598468
RSK,KCNA3_461_473,0.21126819666598468
STE7,KCNA3_461_473,0.21126819666598468
VRK2,KCNA3_461_473,0.21126819666598468
AMPK,KCNB1_489_501,0.3433375854057612
BARK1,KCNB1_489_501,0.3433375854057612
CAMK1,KCNB1_489_501,0.3433375854057612
CAMK2,KCNB1_489_501,0.3433375854057612
CDK,KCNB1_489_501,0.3433375854057612
CHK1,KCNB1_489_501,0.3433375854057612
CK1,KCNB1_489_501,0.3433375854057612
CK2,KCNB1_489_501,0.3433375854057612
DAPK,KCNB1_489_501,0.3433375854057612
DMPK,KCNB1_489_501,0.3433375854057612
GRK,KCNB1_489_501,0.3433375854057612
IKK,KCNB1_489_501,0.3433375854057612
MAPKAPK,KCNB1_489_501,0.3433375854057612
MELK,KCNB1_489_501,0.3433375854057612
MLCK,KCNB1_489_501,0.3433375854057612
MLK,KCNB1_489_501,0.3433375854057612
MST,KCNB1_489_501,0.3433375854057612
NAK,KCNB1_489_501,0.3433375854057612
NEK,KCNB1_489_501,0.3433375854057612
PDHK,KCNB1_489_501,0.3433375854057612
PEK,KCNB1_489_501,0.3433375854057612
PHK,KCNB1_489_501,0.3433375854057612
PIM,KCNB1_489_501,0.3433375854057612
PKA,KCNB1_489_501,0.3433375854057612
PKCA,KCNB1_489_501,0.3433375854057612
PKCD,KCNB1_489_501,0.3433375854057612
PKD,KCNB1_489_501,0.3433375854057612
QIK,KCNB1_489_501,0.3433375854057612
RIPK,KCNB1_489_501,0.3433375854057612
RSK,KCNB1_489_501,0.3433375854057612
SGK,KCNB1_489_501,0.3433375854057612
STE7,KCNB1_489_501,0.3433375854057612
STKR,KCNB1_489_501,0.3433375854057612
VRK2,KCNB1_489_501,0.3433375854057612
BARK1,KIF2C_105_118_S106G,0.12549035930025157
CAMK2,KIF2C_105_118_S106G,0.12549035930025157
CDK,KIF2C_105_118_S106G,0.12549035930025157
DMPK,KIF2C_105_118_S106G,0.12549035930025157
FRAY,KIF2C_105_118_S106G,0.12549035930025157
IKK,KIF2C_105_118_S106G,0.12549035930025157
MELK,KIF2C_105_118_S106G,0.12549035930025157
NEK,KIF2C_105_118_S106G,0.12549035930025157
PAKA,KIF2C_105_118_S106G,0.12549035930025157
PDHK,KIF2C_105_118_S106G,0.12549035930025157
PEK,KIF2C_105_118_S106G,0.12549035930025157
PHK,KIF2C_105_118_S106G,0.12549035930025157
PKCA,KIF2C_105_118_S106G,0.12549035930025157
PKD,KIF2C_105_118_S106G,0.12549035930025157
QIK,KIF2C_105_118_S106G,0.12549035930025157
RIPK,KIF2C_105_118_S106G,0.12549035930025157
RSK,KIF2C_105_118_S106G,0.12549035930025157
VRK2,KIF2C_105_118_S106G,0.12549035930025157
BARK1,KPB1_1011_1023,0.8641925620439336
CDK,KPB1_1011_1023,0.8641925620439336
CK1,KPB1_1011_1023,0.8641925620439336
DMPK,KPB1_1011_1023,0.8641925620439336
IKK,KPB1_1011_1023,0.8641925620439336
P38,KPB1_1011_1023,0.8641925620439336
PAKA,KPB1_1011_1023,0.8641925620439336
PDHK,KPB1_1011_1023,0.8641925620439336
PEK,KPB1_1011_1023,0.8641925620439336
PHK,KPB1_1011_1023,0.8641925620439336
PIM,KPB1_1011_1023,0.8641925620439336
PKA,KPB1_1011_1023,0.8641925620439336
PKCA,KPB1_1011_1023,0.8641925620439336
PKD,KPB1_1011_1023,0.8641925620439336
RIPK,KPB1_1011_1023,0.8641925620439336
RSK,KPB1_1011_1023,0.8641925620439336
SGK,KPB1_1011_1023,0.8641925620439336
VRK2,KPB1_1011_1023,0.8641925620439336
BARK1,KS6A1_374_386,-0.04691368409404095
COT,KS6A1_374_386,-0.04691368409404095
FRAY,KS6A1_374_386,-0.04691368409404095
MAPKAPK,KS6A1_374_386,-0.04691368409404095
MSN,KS6A1_374_386,-0.04691368409404095
MTOR,KS6A1_374_386,-0.04691368409404095
PDHK,KS6A1_374_386,-0.04691368409404095
PDK1,KS6A1_374_386,-0.04691368409404095
PEK,KS6A1_374_386,-0.04691368409404095
PHK,KS6A1_374_386,-0.04691368409404095
PIM,KS6A1_374_386,-0.04691368409404095
PKCA,KS6A1_374_386,-0.04691368409404095
RAD53,KS6A1_374_386,-0.04691368409404095
RSK,KS6A1_374_386,-0.04691368409404095
STE7,KS6A1_374_386,-0.04691368409404095
VRK2,KS6A1_374_386,-0.04691368409404095
AMPK,LIPS_944_956,0.6041812252972102
ATR,LIPS_944_956,0.6041812252972102
BARK1,LIPS_944_956,0.6041812252972102
CDK,LIPS_944_956,0.6041812252972102
DMPK,LIPS_944_956,0.6041812252972102
ERK,LIPS_944_956,0.6041812252972102
NDR,LIPS_944_956,0.6041812252972102
PDHK,LIPS_944_956,0.6041812252972102
PEK,LIPS_944_956,0.6041812252972102
PIM,LIPS_944_956,0.6041812252972102
PKA,LIPS_944_956,0.6041812252972102
PKCA,LIPS_944_956,0.6041812252972102
PKG,LIPS_944_956,0.6041812252972102
PRKDC,LIPS_944_956,0.6041812252972102
RAF,LIPS_944_956,0.6041812252972102
RSK,LIPS_944_956,0.6041812252972102
STE7,LIPS_944_956,0.6041812252972102
VRK2,LIPS_944_956,0.6041812252972102
BARK1,LMNB1_16_28,-0.27898531542381055
CDK,LMNB1_16_28,-0.27898531542381055
DMPK,LMNB1_16_28,-0.27898531542381055
DYRK,LMNB1_16_28,-0.27898531542381055
ERK,LMNB1_16_28,-0.27898531542381055
GSK,LMNB1_16_28,-0.27898531542381055
IKK,LMNB1_16_28,-0.27898531542381055
IRAK,LMNB1_16_28,-0.27898531542381055
JNK,LMNB1_16_28,-0.27898531542381055
MLK,LMNB1_16_28,-0.27898531542381055
NMO,LMNB1_16_28,-0.27898531542381055
P38,LMNB1_16_28,-0.27898531542381055
PDK1,LMNB1_16_28,-0.27898531542381055
PEK,LMNB1_16_28,-0.27898531542381055
PIM,LMNB1_16_28,-0.27898531542381055
PKCA,LMNB1_16_28,-0.27898531542381055
PKG,LMNB1_16_28,-0.27898531542381055
RSK,LMNB1_16_28,-0.27898531542381055
STE7,LMNB1_16_28,-0.27898531542381055
VRK2,LMNB1_16_28,-0.27898531542381055
BARK1,MARCS_152_164,0.03988429344342906
CDK,MARCS_152_164,0.03988429344342906
DAPK,MARCS_152_164,0.03988429344342906
DMPK,MARCS_152_164,0.03988429344342906
ERK,MARCS_152_164,0.03988429344342906
JNK,MARCS_152_164,0.03988429344342906
P38,MARCS_152_164,0.03988429344342906
PAKA,MARCS_152_164,0.03988429344342906
PDHK,MARCS_152_164,0.03988429344342906
PDK1,MARCS_152_164,0.03988429344342906
PEK,MARCS_152_164,0.03988429344342906
PHK,MARCS_152_164,0.03988429344342906
PKA,MARCS_152_164,0.03988429344342906
PKCA,MARCS_152_164,0.03988429344342906
PKCH,MARCS_152_164,0.03988429344342906
PKCI,MARCS_152_164,0.03988429344342906
PKD,MARCS_152_164,0.03988429344342906
PKG,MARCS_152_164,0.03988429344342906
PKN,MARCS_152_164,0.03988429344342906
RAD53,MARCS_152_164,0.03988429344342906
VRK2,MARCS_152_164,0.03988429344342906
BARK1,MARCS_160_172,0.20273894646787277
CDK,MARCS_160_172,0.20273894646787277
DMPK,MARCS_160_172,0.20273894646787277
ERK,MARCS_160_172,0.20273894646787277
JNK,MARCS_160_172,0.20273894646787277
MLK,MARCS_160_172,0.20273894646787277
P38,MARCS_160_172,0.20273894646787277
PDHK,MARCS_160_172,0.20273894646787277
PDK1,MARCS_160_172,0.20273894646787277
PEK,MARCS_160_172,0.20273894646787277
PKCA,MARCS_160_172,0.20273894646787277
RAD53,MARCS_160_172,0.20273894646787277
RIPK,MARCS_160_172,0.20273894646787277
VRK2,MARCS_160_172,0.20273894646787277
BARK1,MBP_222_234,-0.1416239324216487
CDK,MBP_222_234,-0.1416239324216487
DYRK,MBP_222_234,-0.1416239324216487
ERK,MBP_222_234,-0.1416239324216487
GSK,MBP_222_234,-0.1416239324216487
JNK,MBP_222_234,-0.1416239324216487
MTOR,MBP_222_234,-0.1416239324216487
PDK1,MBP_222_234,-0.1416239324216487
PEK,MBP_222_234,-0.1416239324216487
VRK2,MBP_222_234,-0.1416239324216487
BARK1,MP2K1_287_299,-0.05021807151520423
CDK,MP2K1_287_299,-0.05021807151520423
DMPK,MP2K1_287_299,-0.05021807151520423
DYRK,MP2K1_287_299,-0.05021807151520423
ERK,MP2K1_287_299,-0.05021807151520423
JNK,MP2K1_287_299,-0.05021807151520423
MAPKAPK,MP2K1_287_299,-0.05021807151520423
P38,MP2K1_287_299,-0.05021807151520423
PAKA,MP2K1_287_299,-0.05021807151520423
PDHK,MP2K1_287_299,-0.05021807151520423
PDK1,MP2K1_287_299,-0.05021807151520423
PEK,MP2K1_287_299,-0.05021807151520423
PHK,MP2K1_287_299,-0.05021807151520423
PIM,MP2K1_287_299,-0.05021807151520423
PKCA,MP2K1_287_299,-0.05021807151520423
PKD,MP2K1_287_299,-0.05021807151520423
STE7,MP2K1_287_299,-0.05021807151520423
VRK2,MP2K1_287_299,-0.05021807151520423
ATR,MPIP1_172_184,0.04398542732114604
BARK1,MPIP1_172_184,0.04398542732114604
CHK1,MPIP1_172_184,0.04398542732114604
DMPK,MPIP1_172_184,0.04398542732114604
MAPKAPK,MPIP1_172_184,0.04398542732114604
PHK,MPIP1_172_184,0.04398542732114604
PIM,MPIP1_172_184,0.04398542732114604
PKCA,MPIP1_172_184,0.04398542732114604
PRKDC,MPIP1_172_184,0.04398542732114604
QIK,MPIP1_172_184,0.04398542732114604
RAD53,MPIP1_172_184,0.04398542732114604
RAF,MPIP1_172_184,0.04398542732114604
RSK,MPIP1_172_184,0.04398542732114604
VRK2,MPIP1_172_184,0.04398542732114604
BARK1,MPIP3_208_220,0.450529505325442
BRSK,MPIP3_208_220,0.450529505325442
CAMK1,MPIP3_208_220,0.450529505325442
CDK,MPIP3_208_220,0.450529505325442
CHK1,MPIP3_208_220,0.450529505325442
DMPK,MPIP3_208_220,0.450529505325442
DYRK,MPIP3_208_220,0.450529505325442
ERK,MPIP3_208_220,0.450529505325442
IKK,MPIP3_208_220,0.450529505325442
JNK,MPIP3_208_220,0.450529505325442
MAPKAPK,MPIP3_208_220,0.450529505325442
MARK,MPIP3_208_220,0.450529505325442
MELK,MPIP3_208_220,0.450529505325442
P38,MPIP3_208_220,0.450529505325442
PDK1,MPIP3_208_220,0.450529505325442
PEK,MPIP3_208_220,0.450529505325442
PHK,MPIP3_208_220,0.450529505325442
PKCA,MPIP3_208_220,0.450529505325442
QIK,MPIP3_208_220,0.450529505325442
RAD53,MPIP3_208_220,0.450529505325442
RIPK,MPIP3_208_220,0.450529505325442
VRK2,MPIP3_208_220,0.450529505325442
AKT,NCF1_321_333,0.7128328993081924
BARK1,NCF1_321_333,0.7128328993081924
DMPK,NCF1_321_333,0.7128328993081924
IRAK,NCF1_321_333,0.7128328993081924
PHK,NCF1_321_333,0.7128328993081924
PKA,NCF1_321_333,0.7128328993081924
PKCA,NCF1_321_333,0.7128328993081924
PKCD,NCF1_321_333,0.7128328993081924
QIK,NCF1_321_333,0.7128328993081924
VRK2,NCF1_321_333,0.7128328993081924
BARK1,NEK2_172_184,-0.17745495171035142
CAMK1,NEK2_172_184,-0.17745495171035142
CAMK2,NEK2_172_184,-0.17745495171035142
CDK,NEK2_172_184,-0.17745495171035142
DYRK,NEK2_172_184,-0.17745495171035142
ERK,NEK2_172_184,-0.17745495171035142
FRAY,NEK2_172_184,-0.17745495171035142
LKB,NEK2_172_184,-0.17745495171035142
MELK,NEK2_172_184,-0.17745495171035142
MST,NEK2_172_184,-0.17745495171035142
MTOR,NEK2_172_184,-0.17745495171035142
NEK,NEK2_172_184,-0.17745495171035142
P38,NEK2_172_184,-0.17745495171035142
PDHK,NEK2_172_184,-0.17745495171035142
PDK1,NEK2_172_184,-0.17745495171035142
PEK,NEK2_172_184,-0.17745495171035142
PKCA,NEK2_172_184,-0.17745495171035142
PKCH,NEK2_172_184,-0.17745495171035142
RSK,NEK2_172_184,-0.17745495171035142
STE11,NEK2_172_184,-0.17745495171035142
STE7,NEK2_172_184,-0.17745495171035142
VRK2,NEK2_172_184,-0.17745495171035142
BARK1,NEK3_158_170,-0.29521910068876817
CAMK2,NEK3_158_170,-0.29521910068876817
DYRK,NEK3_158_170,-0.29521910068876817
ERK,NEK3_158_170,-0.29521910068876817
LKB,NEK3_158_170,-0.29521910068876817
MST,NEK3_158_170,-0.29521910068876817
NEK,NEK3_158_170,-0.29521910068876817
PDHK,NEK3_158_170,-0.29521910068876817
PDK1,NEK3_158_170,-0.29521910068876817
PEK,NEK3_158_170,-0.29521910068876817
PKCH,NEK3_158_170,-0.29521910068876817
STE11,NEK3_158_170,-0.29521910068876817
STE7,NEK3_158_170,-0.29521910068876817
VRK2,NEK3_158_170,-0.29521910068876817
BARK1,NFKB1_330_342,0.7900809369192944
CDK,NFKB1_330_342,0.7900809369192944
DMPK,NFKB1_330_342,0.7900809369192944
IKK,NFKB1_330_342,0.7900809369192944
MAPKAPK,NFKB1_330_342,0.7900809369192944
PAKA,NFKB1_330_342,0.7900809369192944
PDHK,NFKB1_330_342,0.7900809369192944
PEK,NFKB1_330_342,0.7900809369192944
PIM,NFKB1_330_342,0.7900809369192944
PKA,NFKB1_330_342,0.7900809369192944
PKCA,NFKB1_330_342,0.7900809369192944
PKG,NFKB1_330_342,0.7900809369192944
PLK,NFKB1_330_342,0.7900809369192944
STE7,NFKB1_330_342,0.7900809369192944
VRK2,NFKB1_330_342,0.7900809369192944
BARK1,NMDZ1_890_902,0.4553064511442682
AKT,NMDZ1_890_902,0.4553064511442682
AMPK,NMDZ1_890_902,0.4553064511442682
AUR,NMDZ1_890_902,0.4553064511442682
CAMK1,NMDZ1_890_902,0.4553064511442682
CDK,NMDZ1_890_902,0.4553064511442682
CHK1,NMDZ1_890_902,0.4553064511442682
DAPK,NMDZ1_890_902,0.4553064511442682
DMPK,NMDZ1_890_902,0.4553064511442682
FRAY,NMDZ1_890_902,0.4553064511442682
GRK,NMDZ1_890_902,0.4553064511442682
IKK,NMDZ1_890_902,0.4553064511442682
MELK,NMDZ1_890_902,0.4553064511442682
MLK,NMDZ1_890_902,0.4553064511442682
MSN,NMDZ1_890_902,0.4553064511442682
MST,NMDZ1_890_902,0.4553064511442682
MTOR,NMDZ1_890_902,0.4553064511442682
PAKA,NMDZ1_890_902,0.4553064511442682
PDHK,NMDZ1_890_902,0.4553064511442682
PDK1,NMDZ1_890_902,0.4553064511442682
PEK,NMDZ1_890_902,0.4553064511442682
PHK,NMDZ1_890_902,0.4553064511442682
PIM,NMDZ1_890_902,0.4553064511442682
PKA,NMDZ1_890_902,0.4553064511442682
PKCA,NMDZ1_890_902,0.4553064511442682
PKCI,NMDZ1_890_902,0.4553064511442682
PKD,NMDZ1_890_902,0.4553064511442682
PKG,NMDZ1_890_902,0.4553064511442682
PLK,NMDZ1_890_902,0.4553064511442682
QIK,NMDZ1_890_902,0.4553064511442682
RAD53,NMDZ1_890_902,0.4553064511442682
RAF,NMDZ1_890_902,0.4553064511442682
RIPK,NMDZ1_890_902,0.4553064511442682
RSK,NMDZ1_890_902,0.4553064511442682
SGK,NMDZ1_890_902,0.4553064511442682
STE7,NMDZ1_890_902,0.4553064511442682
VRK2,NMDZ1_890_902,0.4553064511442682
AKT,NOS3_1171_1183,0.21853458352464727
AMPK,NOS3_1171_1183,0.21853458352464727
BARK1,NOS3_1171_1183,0.21853458352464727
CDK,NOS3_1171_1183,0.21853458352464727
CK1,NOS3_1171_1183,0.21853458352464727
DMPK,NOS3_1171_1183,0.21853458352464727
MELK,NOS3_1171_1183,0.21853458352464727
PDHK,NOS3_1171_1183,0.21853458352464727
PDK1,NOS3_1171_1183,0.21853458352464727
PEK,NOS3_1171_1183,0.21853458352464727
PHK,NOS3_1171_1183,0.21853458352464727
PIM,NOS3_1171_1183,0.21853458352464727
PKA,NOS3_1171_1183,0.21853458352464727
PKCA,NOS3_1171_1183,0.21853458352464727
PKG,NOS3_1171_1183,0.21853458352464727
QIK,NOS3_1171_1183,0.21853458352464727
RAD53,NOS3_1171_1183,0.21853458352464727
RIPK,NOS3_1171_1183,0.21853458352464727
RSK,NOS3_1171_1183,0.21853458352464727
SGK,NOS3_1171_1183,0.21853458352464727
VRK2,NOS3_1171_1183,0.21853458352464727
AKT,NR4A1_344_356,0.0607126107434004
BARK1,NR4A1_344_356,0.0607126107434004
CDK,NR4A1_344_356,0.0607126107434004
DMPK,NR4A1_344_356,0.0607126107434004
PHK,NR4A1_344_356,0.0607126107434004
PIM,NR4A1_344_356,0.0607126107434004
PKA,NR4A1_344_356,0.0607126107434004
PKCA,NR4A1_344_356,0.0607126107434004
RAF,NR4A1_344_356,0.0607126107434004
RSK,NR4A1_344_356,0.0607126107434004
VRK2,NR4A1_344_356,0.0607126107434004
AUR,P53_308_323,-0.05920973930075283
BARK1,P53_308_323,-0.05920973930075283
CAMK1,P53_308_323,-0.05920973930075283
CDK,P53_308_323,-0.05920973930075283
DYRK,P53_308_323,-0.05920973930075283
ERK,P53_308_323,-0.05920973930075283
IKK,P53_308_323,-0.05920973930075283
JNK,P53_308_323,-0.05920973930075283
P38,P53_308_323,-0.05920973930075283
PKCA,P53_308_323,-0.05920973930075283
PLK,P53_308_323,-0.05920973930075283
QIK,P53_308_323,-0.05920973930075283
STE7,P53_308_323,-0.05920973930075283
VRK2,P53_308_323,-0.05920973930075283
AUR,PLEK_106_118,0.16508702695536215
BARK1,PLEK_106_118,0.16508702695536215
CDK,PLEK_106_118,0.16508702695536215
CK1,PLEK_106_118,0.16508702695536215
DMPK,PLEK_106_118,0.16508702695536215
MST,PLEK_106_118,0.16508702695536215
PEK,PLEK_106_118,0.16508702695536215
PKCA,PLEK_106_118,0.16508702695536215
PKCD,PLEK_106_118,0.16508702695536215
PKCH,PLEK_106_118,0.16508702695536215
PLK,PLEK_106_118,0.16508702695536215
VRK2,PLEK_106_118,0.16508702695536215
BARK1,PLM_76_88,0.575259554280259
CDK,PLM_76_88,0.575259554280259
DMPK,PLM_76_88,0.575259554280259
IKK,PLM_76_88,0.575259554280259
PAKA,PLM_76_88,0.575259554280259
PDHK,PLM_76_88,0.575259554280259
PDK1,PLM_76_88,0.575259554280259
PEK,PLM_76_88,0.575259554280259
PIM,PLM_76_88,0.575259554280259
PKA,PLM_76_88,0.575259554280259
PKCA,PLM_76_88,0.575259554280259
PKD,PLM_76_88,0.575259554280259
PKG,PLM_76_88,0.575259554280259
PLK,PLM_76_88,0.575259554280259
RAD53,PLM_76_88,0.575259554280259
RIPK,PLM_76_88,0.575259554280259
RSK,PLM_76_88,0.575259554280259
STE7,PLM_76_88,0.575259554280259
VRK2,PLM_76_88,0.575259554280259
EGFR,PP2AB_297_309,-0.2824976426732566
CSK,PP2AB_297_309,-0.2824976426732566
TEC,PP2AB_297_309,-0.2824976426732566
PDGFR,PP2AB_297_309,-0.2824976426732566
SYK,PP2AB_297_309,-0.2824976426732566
AXL,PP2AB_297_309,-0.2824976426732566
VEGFR,PP2AB_297_309,-0.2824976426732566
BARK1,PP2AB_297_309,-0.2824976426732566
BARK2,PP2AB_297_309,-0.2824976426732566
CDK,PP2AB_297_309,-0.2824976426732566
DYRK,PP2AB_297_309,-0.2824976426732566
JNK,PP2AB_297_309,-0.2824976426732566
VRK2,PP2AB_297_309,-0.2824976426732566
AKT,PPR1A_28_40,0.0305897422037423
BARK1,PPR1A_28_40,0.0305897422037423
CDK,PPR1A_28_40,0.0305897422037423
DAPK,PPR1A_28_40,0.0305897422037423
DMPK,PPR1A_28_40,0.0305897422037423
DYRK,PPR1A_28_40,0.0305897422037423
GSK,PPR1A_28_40,0.0305897422037423
JNK,PPR1A_28_40,0.0305897422037423
P38,PPR1A_28_40,0.0305897422037423
PDK1,PPR1A_28_40,0.0305897422037423
PEK,PPR1A_28_40,0.0305897422037423
PHK,PPR1A_28_40,0.0305897422037423
PKA,PPR1A_28_40,0.0305897422037423
RSK,PPR1A_28_40,0.0305897422037423
VRK2,PPR1A_28_40,0.0305897422037423
ATR,PRKDC_2618_2630,-0.09813030131843568
BARK1,PRKDC_2618_2630,-0.09813030131843568
BARK2,PRKDC_2618_2630,-0.09813030131843568
CK1,PRKDC_2618_2630,-0.09813030131843568
DMPK,PRKDC_2618_2630,-0.09813030131843568
IKK,PRKDC_2618_2630,-0.09813030131843568
MELK,PRKDC_2618_2630,-0.09813030131843568
MLK,PRKDC_2618_2630,-0.09813030131843568
MTOR,PRKDC_2618_2630,-0.09813030131843568
NEK,PRKDC_2618_2630,-0.09813030131843568
P38,PRKDC_2618_2630,-0.09813030131843568
PHK,PRKDC_2618_2630,-0.09813030131843568
PIM,PRKDC_2618_2630,-0.09813030131843568
PKA,PRKDC_2618_2630,-0.09813030131843568
PKCA,PRKDC_2618_2630,-0.09813030131843568
PKG,PRKDC_2618_2630,-0.09813030131843568
PRKDC,PRKDC_2618_2630,-0.09813030131843568
PLK,PRKDC_2618_2630,-0.09813030131843568
QIK,PRKDC_2618_2630,-0.09813030131843568
SGK,PRKDC_2618_2630,-0.09813030131843568
STE7,PRKDC_2618_2630,-0.09813030131843568
VRK2,PRKDC_2618_2630,-0.09813030131843568
AKT,PTK6_436_448,0.6079520494724763
BARK1,PTK6_436_448,0.6079520494724763
CAMK1,PTK6_436_448,0.6079520494724763
CDK,PTK6_436_448,0.6079520494724763
CK1,PTK6_436_448,0.6079520494724763
DMPK,PTK6_436_448,0.6079520494724763
MAPKAPK,PTK6_436_448,0.6079520494724763
MELK,PTK6_436_448,0.6079520494724763
P38,PTK6_436_448,0.6079520494724763
PAKA,PTK6_436_448,0.6079520494724763
PDHK,PTK6_436_448,0.6079520494724763
PDK1,PTK6_436_448,0.6079520494724763
PEK,PTK6_436_448,0.6079520494724763
PHK,PTK6_436_448,0.6079520494724763
PIM,PTK6_436_448,0.6079520494724763
PKA,PTK6_436_448,0.6079520494724763
PKCA,PTK6_436_448,0.6079520494724763
PKCD,PTK6_436_448,0.6079520494724763
PKCI,PTK6_436_448,0.6079520494724763
PKD,PTK6_436_448,0.6079520494724763
PKG,PTK6_436_448,0.6079520494724763
QIK,PTK6_436_448,0.6079520494724763
RAD53,PTK6_436_448,0.6079520494724763
RSK,PTK6_436_448,0.6079520494724763
STE7,PTK6_436_448,0.6079520494724763
VRK2,PTK6_436_448,0.6079520494724763
BARK1,PTN12_32_44,0.5424418699932984
CDK,PTN12_32_44,0.5424418699932984
DMPK,PTN12_32_44,0.5424418699932984
FRAY,PTN12_32_44,0.5424418699932984
MAPKAPK,PTN12_32_44,0.5424418699932984
MLK,PTN12_32_44,0.5424418699932984
PAKA,PTN12_32_44,0.5424418699932984
PDHK,PTN12_32_44,0.5424418699932984
PEK,PTN12_32_44,0.5424418699932984
PHK,PTN12_32_44,0.5424418699932984
PIM,PTN12_32_44,0.5424418699932984
PKA,PTN12_32_44,0.5424418699932984
PKCA,PTN12_32_44,0.5424418699932984
PKCD,PTN12_32_44,0.5424418699932984
PKD,PTN12_32_44,0.5424418699932984
PKG,PTN12_32_44,0.5424418699932984
QIK,PTN12_32_44,0.5424418699932984
RAD53,PTN12_32_44,0.5424418699932984
RSK,PTN12_32_44,0.5424418699932984
VRK2,PTN12_32_44,0.5424418699932984
BARK1,RADI_559_569,-0.22728272262966875
COT,RADI_559_569,-0.22728272262966875
DMPK,RADI_559_569,-0.22728272262966875
MSN,RADI_559_569,-0.22728272262966875
MST,RADI_559_569,-0.22728272262966875
PHK,RADI_559_569,-0.22728272262966875
PIM,RADI_559_569,-0.22728272262966875
PKCA,RADI_559_569,-0.22728272262966875
SLK,RADI_559_569,-0.22728272262966875
VRK2,RADI_559_569,-0.22728272262966875
AKT,RAF1_253_265,0.04294142054098948
AMPK,RAF1_253_265,0.04294142054098948
BARK1,RAF1_253_265,0.04294142054098948
CAMK1,RAF1_253_265,0.04294142054098948
CDK,RAF1_253_265,0.04294142054098948
DAPK,RAF1_253_265,0.04294142054098948
DMPK,RAF1_253_265,0.04294142054098948
DYRK,RAF1_253_265,0.04294142054098948
ERK,RAF1_253_265,0.04294142054098948
JNK,RAF1_253_265,0.04294142054098948
MAPKAPK,RAF1_253_265,0.04294142054098948
MARK,RAF1_253_265,0.04294142054098948
NDR,RAF1_253_265,0.04294142054098948
P38,RAF1_253_265,0.04294142054098948
PAKA,RAF1_253_265,0.04294142054098948
PDK1,RAF1_253_265,0.04294142054098948
PHK,RAF1_253_265,0.04294142054098948
PKA,RAF1_253_265,0.04294142054098948
PKCA,RAF1_253_265,0.04294142054098948
QIK,RAF1_253_265,0.04294142054098948
RAF,RAF1_253_265,0.04294142054098948
RIPK,RAF1_253_265,0.04294142054098948
RSK,RAF1_253_265,0.04294142054098948
SGK,RAF1_253_265,0.04294142054098948
VRK2,RAF1_253_265,0.04294142054098948
AKT,RAP1B_172_184,0.23802138639178003
AMPK,RAP1B_172_184,0.23802138639178003
BARK1,RAP1B_172_184,0.23802138639178003
CDK,RAP1B_172_184,0.23802138639178003
DMPK,RAP1B_172_184,0.23802138639178003
IKK,RAP1B_172_184,0.23802138639178003
MAPKAPK,RAP1B_172_184,0.23802138639178003
PDHK,RAP1B_172_184,0.23802138639178003
PEK,RAP1B_172_184,0.23802138639178003
PHK,RAP1B_172_184,0.23802138639178003
PIM,RAP1B_172_184,0.23802138639178003
PKA,RAP1B_172_184,0.23802138639178003
PKCA,RAP1B_172_184,0.23802138639178003
PKG,RAP1B_172_184,0.23802138639178003
QIK,RAP1B_172_184,0.23802138639178003
RAD53,RAP1B_172_184,0.23802138639178003
RSK,RAP1B_172_184,0.23802138639178003
VRK2,RAP1B_172_184,0.23802138639178003
BARK1,RBL2_655_667,-0.0413458981667425
CDK,RBL2_655_667,-0.0413458981667425
CK1,RBL2_655_667,-0.0413458981667425
DMPK,RBL2_655_667,-0.0413458981667425
DYRK,RBL2_655_667,-0.0413458981667425
ERK,RBL2_655_667,-0.0413458981667425
FRAY,RBL2_655_667,-0.0413458981667425
GSK,RBL2_655_667,-0.0413458981667425
IKK,RBL2_655_667,-0.0413458981667425
JNK,RBL2_655_667,-0.0413458981667425
MAPKAPK,RBL2_655_667,-0.0413458981667425
MELK,RBL2_655_667,-0.0413458981667425
MTOR,RBL2_655_667,-0.0413458981667425
NEK,RBL2_655_667,-0.0413458981667425
P38,RBL2_655_667,-0.0413458981667425
PDK1,RBL2_655_667,-0.0413458981667425
PEK,RBL2_655_667,-0.0413458981667425
PHK,RBL2_655_667,-0.0413458981667425
PIM,RBL2_655_667,-0.0413458981667425
PKCA,RBL2_655_667,-0.0413458981667425
PKD,RBL2_655_667,-0.0413458981667425
PLK,RBL2_655_667,-0.0413458981667425
QIK,RBL2_655_667,-0.0413458981667425
RAD53,RBL2_655_667,-0.0413458981667425
RAF,RBL2_655_667,-0.0413458981667425
RIPK,RBL2_655_667,-0.0413458981667425
STE7,RBL2_655_667,-0.0413458981667425
VRK2,RBL2_655_667,-0.0413458981667425
BARK1,RB_242_254,-0.27440611851391594
CDK,RB_242_254,-0.27440611851391594
DYRK,RB_242_254,-0.27440611851391594
ERK,RB_242_254,-0.27440611851391594
IRAK,RB_242_254,-0.27440611851391594
P38,RB_242_254,-0.27440611851391594
PDK1,RB_242_254,-0.27440611851391594
PEK,RB_242_254,-0.27440611851391594
PKCA,RB_242_254,-0.27440611851391594
PLK,RB_242_254,-0.27440611851391594
VRK2,RB_242_254,-0.27440611851391594
ATR,RB_350_362,0.00298245895024902
BARK1,RB_350_362,0.00298245895024902
CDK,RB_350_362,0.00298245895024902
DMPK,RB_350_362,0.00298245895024902
DYRK,RB_350_362,0.00298245895024902
PDHK,RB_350_362,0.00298245895024902
PDK1,RB_350_362,0.00298245895024902
PEK,RB_350_362,0.00298245895024902
PHK,RB_350_362,0.00298245895024902
PIM,RB_350_362,0.00298245895024902
PKCA,RB_350_362,0.00298245895024902
PRKDC,RB_350_362,0.00298245895024902
QIK,RB_350_362,0.00298245895024902
RSK,RB_350_362,0.00298245895024902
VRK2,RB_350_362,0.00298245895024902
BARK1,RB_803_815,-0.17848927936425932
CDK,RB_803_815,-0.17848927936425932
CK1,RB_803_815,-0.17848927936425932
DYRK,RB_803_815,-0.17848927936425932
ERK,RB_803_815,-0.17848927936425932
JNK,RB_803_815,-0.17848927936425932
QIK,RB_803_815,-0.17848927936425932
VRK2,RB_803_815,-0.17848927936425932
BARK1,REL_260_272,0.8173677729757145
CDK,REL_260_272,0.8173677729757145
CK1,REL_260_272,0.8173677729757145
DMPK,REL_260_272,0.8173677729757145
MAPKAPK,REL_260_272,0.8173677729757145
MARK,REL_260_272,0.8173677729757145
PAKA,REL_260_272,0.8173677729757145
PEK,REL_260_272,0.8173677729757145
PIM,REL_260_272,0.8173677729757145
PKCA,REL_260_272,0.8173677729757145
PKD,REL_260_272,0.8173677729757145
PKG,REL_260_272,0.8173677729757145
PLK,REL_260_272,0.8173677729757145
RSK,REL_260_272,0.8173677729757145
STE7,REL_260_272,0.8173677729757145
VRK2,REL_260_272,0.8173677729757145
AKT,RS6_228_240,0.710043976023997
BARK1,RS6_228_240,0.710043976023997
CAMK1,RS6_228_240,0.710043976023997
CDK,RS6_228_240,0.710043976023997
DAPK,RS6_228_240,0.710043976023997
DMPK,RS6_228_240,0.710043976023997
IKK,RS6_228_240,0.710043976023997
MAPKAPK,RS6_228_240,0.710043976023997
MELK,RS6_228_240,0.710043976023997
PAKA,RS6_228_240,0.710043976023997
PASK,RS6_228_240,0.710043976023997
PDHK,RS6_228_240,0.710043976023997
PEK,RS6_228_240,0.710043976023997
PHK,RS6_228_240,0.710043976023997
PIM,RS6_228_240,0.710043976023997
PKA,RS6_228_240,0.710043976023997
PKCA,RS6_228_240,0.710043976023997
PKCD,RS6_228_240,0.710043976023997
PKCI,RS6_228_240,0.710043976023997
PKD,RS6_228_240,0.710043976023997
PKG,RS6_228_240,0.710043976023997
QIK,RS6_228_240,0.710043976023997
RIPK,RS6_228_240,0.710043976023997
RSK,RS6_228_240,0.710043976023997
SGK,RS6_228_240,0.710043976023997
VRK2,RS6_228_240,0.710043976023997
BARK1,RYR1_4317_4329,0.27263841735257
DMPK,RYR1_4317_4329,0.27263841735257
PHK,RYR1_4317_4329,0.27263841735257
PIM,RYR1_4317_4329,0.27263841735257
PKA,RYR1_4317_4329,0.27263841735257
PKCA,RYR1_4317_4329,0.27263841735257
PKCH,RYR1_4317_4329,0.27263841735257
PKG,RYR1_4317_4329,0.27263841735257
RSK,RYR1_4317_4329,0.27263841735257
VRK2,RYR1_4317_4329,0.27263841735257
BARK1,SCN7A_898_910,0.8204704301291196
DMPK,SCN7A_898_910,0.8204704301291196
HAL,SCN7A_898_910,0.8204704301291196
IKK,SCN7A_898_910,0.8204704301291196
PHK,SCN7A_898_910,0.8204704301291196
PKA,SCN7A_898_910,0.8204704301291196
PKCA,SCN7A_898_910,0.8204704301291196
PKG,SCN7A_898_910,0.8204704301291196
RIPK,SCN7A_898_910,0.8204704301291196
RSK,SCN7A_898_910,0.8204704301291196
VRK2,SCN7A_898_910,0.8204704301291196
AUR,STK6_283_295,0.5393433687584022
BARK1,STK6_283_295,0.5393433687584022
CAMK1,STK6_283_295,0.5393433687584022
CAMK2,STK6_283_295,0.5393433687584022
CDK,STK6_283_295,0.5393433687584022
DMPK,STK6_283_295,0.5393433687584022
FRAY,STK6_283_295,0.5393433687584022
IKK,STK6_283_295,0.5393433687584022
IRAK,STK6_283_295,0.5393433687584022
LKB,STK6_283_295,0.5393433687584022
MELK,STK6_283_295,0.5393433687584022
MLK,STK6_283_295,0.5393433687584022
MTOR,STK6_283_295,0.5393433687584022
NDR,STK6_283_295,0.5393433687584022
NEK,STK6_283_295,0.5393433687584022
PAKA,STK6_283_295,0.5393433687584022
PDHK,STK6_283_295,0.5393433687584022
PDK1,STK6_283_295,0.5393433687584022
PEK,STK6_283_295,0.5393433687584022
PHK,STK6_283_295,0.5393433687584022
PKA,STK6_283_295,0.5393433687584022
PKCA,STK6_283_295,0.5393433687584022
PKCD,STK6_283_295,0.5393433687584022
PLK,STK6_283_295,0.5393433687584022
PRKDC,STK6_283_295,0.5393433687584022
QIK,STK6_283_295,0.5393433687584022
RAD53,STK6_283_295,0.5393433687584022
RSK,STK6_283_295,0.5393433687584022
STE7,STK6_283_295,0.5393433687584022
VRK2,STK6_283_295,0.5393433687584022
AKT,TAU_524_536,-0.00378006605682422
BARK1,TAU_524_536,-0.00378006605682422
CAMK1,TAU_524_536,-0.00378006605682422
CDK,TAU_524_536,-0.00378006605682422
DMPK,TAU_524_536,-0.00378006605682422
DYRK,TAU_524_536,-0.00378006605682422
ERK,TAU_524_536,-0.00378006605682422
GRK,TAU_524_536,-0.00378006605682422
GSK,TAU_524_536,-0.00378006605682422
IKK,TAU_524_536,-0.00378006605682422
JNK,TAU_524_536,-0.00378006605682422
MAPKAPK,TAU_524_536,-0.00378006605682422
MELK,TAU_524_536,-0.00378006605682422
MTOR,TAU_524_536,-0.00378006605682422
P38,TAU_524_536,-0.00378006605682422
PDK1,TAU_524_536,-0.00378006605682422
PEK,TAU_524_536,-0.00378006605682422
PHK,TAU_524_536,-0.00378006605682422
PIM,TAU_524_536,-0.00378006605682422
PKA,TAU_524_536,-0.00378006605682422
PKCA,TAU_524_536,-0.00378006605682422
PKD,TAU_524_536,-0.00378006605682422
PLK,TAU_524_536,-0.00378006605682422
QIK,TAU_524_536,-0.00378006605682422
RAF,TAU_524_536,-0.00378006605682422
RIPK,TAU_524_536,-0.00378006605682422
RSK,TAU_524_536,-0.00378006605682422
SGK,TAU_524_536,-0.00378006605682422
STE11,TAU_524_536,-0.00378006605682422
VRK2,TAU_524_536,-0.00378006605682422
AKT,TOP2A_1463_1475,0.5889333610460531
BARK1,TOP2A_1463_1475,0.5889333610460531
CDK,TOP2A_1463_1475,0.5889333610460531
CK1,TOP2A_1463_1475,0.5889333610460531
CK2,TOP2A_1463_1475,0.5889333610460531
DAPK,TOP2A_1463_1475,0.5889333610460531
DMPK,TOP2A_1463_1475,0.5889333610460531
IKK,TOP2A_1463_1475,0.5889333610460531
MLK,TOP2A_1463_1475,0.5889333610460531
NEK,TOP2A_1463_1475,0.5889333610460531
PAKA,TOP2A_1463_1475,0.5889333610460531
PEK,TOP2A_1463_1475,0.5889333610460531
PHK,TOP2A_1463_1475,0.5889333610460531
PIM,TOP2A_1463_1475,0.5889333610460531
PKA,TOP2A_1463_1475,0.5889333610460531
PKCA,TOP2A_1463_1475,0.5889333610460531
PKG,TOP2A_1463_1475,0.5889333610460531
PLK,TOP2A_1463_1475,0.5889333610460531
QIK,TOP2A_1463_1475,0.5889333610460531
RAD53,TOP2A_1463_1475,0.5889333610460531
RIPK,TOP2A_1463_1475,0.5889333610460531
RSK,TOP2A_1463_1475,0.5889333610460531
VRK2,TOP2A_1463_1475,0.5889333610460531
BARK1,TY3H_65_77,0.862013570359896
CAMK2,TY3H_65_77,0.862013570359896
MAPKAPK,TY3H_65_77,0.862013570359896
PHK,TY3H_65_77,0.862013570359896
PIM,TY3H_65_77,0.862013570359896
PKA,TY3H_65_77,0.862013570359896
PKCA,TY3H_65_77,0.862013570359896
PKG,TY3H_65_77,0.862013570359896
QIK,TY3H_65_77,0.862013570359896
RIPK,TY3H_65_77,0.862013570359896
RSK,TY3H_65_77,0.862013570359896
VRK2,TY3H_65_77,0.862013570359896
BARK1,VASP_150_162,0.8312879741742663
DMPK,VASP_150_162,0.8312879741742663
PHK,VASP_150_162,0.8312879741742663
PIM,VASP_150_162,0.8312879741742663
PKA,VASP_150_162,0.8312879741742663
PKCA,VASP_150_162,0.8312879741742663
PKD,VASP_150_162,0.8312879741742663
PKG,VASP_150_162,0.8312879741742663
RIPK,VASP_150_162,0.8312879741742663
RSK,VASP_150_162,0.8312879741742663
VRK2,VASP_150_162,0.8312879741742663
BARK1,VASP_232_244,-0.1610701461752173
CDK,VASP_232_244,-0.1610701461752173
DMPK,VASP_232_244,-0.1610701461752173
IKK,VASP_232_244,-0.1610701461752173
MAPKAPK,VASP_232_244,-0.1610701461752173
PHK,VASP_232_244,-0.1610701461752173
PIM,VASP_232_244,-0.1610701461752173
PKA,VASP_232_244,-0.1610701461752173
PKCA,VASP_232_244,-0.1610701461752173
PKCH,VASP_232_244,-0.1610701461752173
PKD,VASP_232_244,-0.1610701461752173
PKG,VASP_232_244,-0.1610701461752173
RIPK,VASP_232_244,-0.1610701461752173
RSK,VASP_232_244,-0.1610701461752173
VRK2,VASP_232_244,-0.1610701461752173
AKT,VASP_271_283,0.3111519048884131
ATR,VASP_271_283,0.3111519048884131
AMPK,VASP_271_283,0.3111519048884131
BARK1,VASP_271_283,0.3111519048884131
DMPK,VASP_271_283,0.3111519048884131
IKK,VASP_271_283,0.3111519048884131
PAKA,VASP_271_283,0.3111519048884131
PHK,VASP_271_283,0.3111519048884131
PIM,VASP_271_283,0.3111519048884131
PKA,VASP_271_283,0.3111519048884131
PKG,VASP_271_283,0.3111519048884131
RIPK,VASP_271_283,0.3111519048884131
RSK,VASP_271_283,0.3111519048884131
VRK2,VASP_271_283,0.3111519048884131
BARK1,ACM1_444_456,-0.0957275678777485
CDK,ACM1_444_456,-0.0957275678777485
CK1,ACM1_444_456,-0.0957275678777485
DAPK,ACM1_444_456,-0.0957275678777485
DMPK,ACM1_444_456,-0.0957275678777485
DYRK,ACM1_444_456,-0.0957275678777485
ERK,ACM1_444_456,-0.0957275678777485
GSK,ACM1_444_456,-0.0957275678777485
IRAK,ACM1_444_456,-0.0957275678777485
JNK,ACM1_444_456,-0.0957275678777485
MLCK,ACM1_444_456,-0.0957275678777485
P38,ACM1_444_456,-0.0957275678777485
PDK1,ACM1_444_456,-0.0957275678777485
PEK,ACM1_444_456,-0.0957275678777485
PHK,ACM1_444_456,-0.0957275678777485
PIM,ACM1_444_456,-0.0957275678777485
PKCA,ACM1_444_456,-0.0957275678777485
RSK,ACM1_444_456,-0.0957275678777485
VRK2,ACM1_444_456,-0.0957275678777485
BARK1,ACM4_456_468,0.09254498121343988
FRAY,ACM4_456_468,0.09254498121343988
MELK,ACM4_456_468,0.09254498121343988
PDHK,ACM4_456_468,0.09254498121343988
PDK1,ACM4_456_468,0.09254498121343988
PIM,ACM4_456_468,0.09254498121343988
PKCA,ACM4_456_468,0.09254498121343988
PKCH,ACM4_456_468,0.09254498121343988
VRK2,ACM4_456_468,0.09254498121343988
BARK1,ADDB_696_708,-0.3031706622890968
CDK,ADDB_696_708,-0.3031706622890968
CK1,ADDB_696_708,-0.3031706622890968
DMPK,ADDB_696_708,-0.3031706622890968
DYRK,ADDB_696_708,-0.3031706622890968
ERK,ADDB_696_708,-0.3031706622890968
GSK,ADDB_696_708,-0.3031706622890968
IKK,ADDB_696_708,-0.3031706622890968
JNK,ADDB_696_708,-0.3031706622890968
MELK,ADDB_696_708,-0.3031706622890968
MST,ADDB_696_708,-0.3031706622890968
NEK,ADDB_696_708,-0.3031706622890968
P38,ADDB_696_708,-0.3031706622890968
PDK1,ADDB_696_708,-0.3031706622890968
PEK,ADDB_696_708,-0.3031706622890968
PKCA,ADDB_696_708,-0.3031706622890968
PKCH,ADDB_696_708,-0.3031706622890968
PLK,ADDB_696_708,-0.3031706622890968
QIK,ADDB_696_708,-0.3031706622890968
RIPK,ADDB_696_708,-0.3031706622890968
STE7,ADDB_696_708,-0.3031706622890968
VRK1,ADDB_696_708,-0.3031706622890968
VRK2,ADDB_696_708,-0.3031706622890968
BARK1,ADDB_706_718,0.09434295923007152
CDK,ADDB_706_718,0.09434295923007152
CHK1,ADDB_706_718,0.09434295923007152
DMPK,ADDB_706_718,0.09434295923007152
DYRK,ADDB_706_718,0.09434295923007152
ERK,ADDB_706_718,0.09434295923007152
JNK,ADDB_706_718,0.09434295923007152
MAPKAPK,ADDB_706_718,0.09434295923007152
MST,ADDB_706_718,0.09434295923007152
NEK,ADDB_706_718,0.09434295923007152
P38,ADDB_706_718,0.09434295923007152
PAKA,ADDB_706_718,0.09434295923007152
PDHK,ADDB_706_718,0.09434295923007152
PDK1,ADDB_706_718,0.09434295923007152
PEK,ADDB_706_718,0.09434295923007152
PHK,ADDB_706_718,0.09434295923007152
PIM,ADDB_706_718,0.09434295923007152
PKCA,ADDB_706_718,0.09434295923007152
PLK,ADDB_706_718,0.09434295923007152
RAD53,ADDB_706_718,0.09434295923007152
RSK,ADDB_706_718,0.09434295923007152
VRK2,ADDB_706_718,0.09434295923007152
AKT,ADRB2_338_350,0.747425985326775
BARK1,ADRB2_338_350,0.747425985326775
CAMK1,ADRB2_338_350,0.747425985326775
CDK,ADRB2_338_350,0.747425985326775
CHK1,ADRB2_338_350,0.747425985326775
DMPK,ADRB2_338_350,0.747425985326775
GRK,ADRB2_338_350,0.747425985326775
PAKA,ADRB2_338_350,0.747425985326775
PKA,ADRB2_338_350,0.747425985326775
PKCA,ADRB2_338_350,0.747425985326775
PKCI,ADRB2_338_350,0.747425985326775
PKG,ADRB2_338_350,0.747425985326775
RAD53,ADRB2_338_350,0.747425985326775
RSK,ADRB2_338_350,0.747425985326775
VRK2,ADRB2_338_350,0.747425985326775
AKT,ANDR_785_797,0.3193155223680059
ATR,ANDR_785_797,0.3193155223680059
BARK1,ANDR_785_797,0.3193155223680059
DMPK,ANDR_785_797,0.3193155223680059
PHK,ANDR_785_797,0.3193155223680059
PIM,ANDR_785_797,0.3193155223680059
PKA,ANDR_785_797,0.3193155223680059
PKD,ANDR_785_797,0.3193155223680059
RAF,ANDR_785_797,0.3193155223680059
RSK,ANDR_785_797,0.3193155223680059
VRK2,ANDR_785_797,0.3193155223680059
AKT,ANXA1_209_221,0.4455914599987934
BARK1,ANXA1_209_221,0.4455914599987934
DMPK,ANXA1_209_221,0.4455914599987934
PHK,ANXA1_209_221,0.4455914599987934
PKA,ANXA1_209_221,0.4455914599987934
PKCA,ANXA1_209_221,0.4455914599987934
PKG,ANXA1_209_221,0.4455914599987934
RSK,ANXA1_209_221,0.4455914599987934
VRK2,ANXA1_209_221,0.4455914599987934
AMPK,BAD_112_124,0.8008922567049348
BARK1,BAD_112_124,0.8008922567049348
CK1,BAD_112_124,0.8008922567049348
DMPK,BAD_112_124,0.8008922567049348
FRAY,BAD_112_124,0.8008922567049348
IRAK,BAD_112_124,0.8008922567049348
NEK,BAD_112_124,0.8008922567049348
PAKA,BAD_112_124,0.8008922567049348
PDHK,BAD_112_124,0.8008922567049348
PEK,BAD_112_124,0.8008922567049348
PHK,BAD_112_124,0.8008922567049348
PIM,BAD_112_124,0.8008922567049348
PKA,BAD_112_124,0.8008922567049348
PKCA,BAD_112_124,0.8008922567049348
PKCI,BAD_112_124,0.8008922567049348
PKD,BAD_112_124,0.8008922567049348
PKG,BAD_112_124,0.8008922567049348
QIK,BAD_112_124,0.8008922567049348
RAF,BAD_112_124,0.8008922567049348
RSK,BAD_112_124,0.8008922567049348
STE7,BAD_112_124,0.8008922567049348
VRK2,BAD_112_124,0.8008922567049348
AKT,BAD_69_81,0.13569511265041417
BARK1,BAD_69_81,0.13569511265041417
CDK,BAD_69_81,0.13569511265041417
DMPK,BAD_69_81,0.13569511265041417
ERK,BAD_69_81,0.13569511265041417
MELK,BAD_69_81,0.13569511265041417
MTOR,BAD_69_81,0.13569511265041417
PAKA,BAD_69_81,0.13569511265041417
PAKB,BAD_69_81,0.13569511265041417
PDHK,BAD_69_81,0.13569511265041417
PDK1,BAD_69_81,0.13569511265041417
PEK,BAD_69_81,0.13569511265041417
PHK,BAD_69_81,0.13569511265041417
PIM,BAD_69_81,0.13569511265041417
PKA,BAD_69_81,0.13569511265041417
PKCA,BAD_69_81,0.13569511265041417
PKCI,BAD_69_81,0.13569511265041417
PKD,BAD_69_81,0.13569511265041417
PKG,BAD_69_81,0.13569511265041417
QIK,BAD_69_81,0.13569511265041417
RAD53,BAD_69_81,0.13569511265041417
RAF,BAD_69_81,0.13569511265041417
RSK,BAD_69_81,0.13569511265041417
SGK,BAD_69_81,0.13569511265041417
VRK2,BAD_69_81,0.13569511265041417
AKT,BAD_93_105,0.05588629154744613
BARK1,BAD_93_105,0.05588629154744613
DMPK,BAD_93_105,0.05588629154744613
MAPKAPK,BAD_93_105,0.05588629154744613
PAKA,BAD_93_105,0.05588629154744613
PHK,BAD_93_105,0.05588629154744613
PIM,BAD_93_105,0.05588629154744613
PKA,BAD_93_105,0.05588629154744613
PKCA,BAD_93_105,0.05588629154744613
PKCI,BAD_93_105,0.05588629154744613
PKD,BAD_93_105,0.05588629154744613
PKG,BAD_93_105,0.05588629154744613
QIK,BAD_93_105,0.05588629154744613
RAF,BAD_93_105,0.05588629154744613
RSK,BAD_93_105,0.05588629154744613
SGK,BAD_93_105,0.05588629154744613
VRK2,BAD_93_105,0.05588629154744613
AKT,BCKD_45_57,-0.00703057722073048
BARK1,BCKD_45_57,-0.00703057722073048
CDK,BCKD_45_57,-0.00703057722073048
DMPK,BCKD_45_57,-0.00703057722073048
FRAY,BCKD_45_57,-0.00703057722073048
GRK,BCKD_45_57,-0.00703057722073048
IKK,BCKD_45_57,-0.00703057722073048
MAPKAPK,BCKD_45_57,-0.00703057722073048
MELK,BCKD_45_57,-0.00703057722073048
MLCK,BCKD_45_57,-0.00703057722073048
MST,BCKD_45_57,-0.00703057722073048
PAKA,BCKD_45_57,-0.00703057722073048
PDHK,BCKD_45_57,-0.00703057722073048
PDK1,BCKD_45_57,-0.00703057722073048
PEK,BCKD_45_57,-0.00703057722073048
PHK,BCKD_45_57,-0.00703057722073048
PIM,BCKD_45_57,-0.00703057722073048
PKA,BCKD_45_57,-0.00703057722073048
PKCA,BCKD_45_57,-0.00703057722073048
PKG,BCKD_45_57,-0.00703057722073048
PLK,BCKD_45_57,-0.00703057722073048
QIK,BCKD_45_57,-0.00703057722073048
RSK,BCKD_45_57,-0.00703057722073048
SGK,BCKD_45_57,-0.00703057722073048
STE7,BCKD_45_57,-0.00703057722073048
VRK2,BCKD_45_57,-0.00703057722073048
BARK1,C1R_201_213,-0.05853683767828391
CDK,C1R_201_213,-0.05853683767828391
CK1,C1R_201_213,-0.05853683767828391
CK2,C1R_201_213,-0.05853683767828391
DMPK,C1R_201_213,-0.05853683767828391
DYRK,C1R_201_213,-0.05853683767828391
ERK,C1R_201_213,-0.05853683767828391
IRAK,C1R_201_213,-0.05853683767828391
JNK,C1R_201_213,-0.05853683767828391
P38,C1R_201_213,-0.05853683767828391
PDHK,C1R_201_213,-0.05853683767828391
PEK,C1R_201_213,-0.05853683767828391
PHK,C1R_201_213,-0.05853683767828391
PKCA,C1R_201_213,-0.05853683767828391
PLK,C1R_201_213,-0.05853683767828391
QIK,C1R_201_213,-0.05853683767828391
STE7,C1R_201_213,-0.05853683767828391
STKR,C1R_201_213,-0.05853683767828391
VRK2,C1R_201_213,-0.05853683767828391
BARK1,CAC1C_1974_1986,0.6092122046082048
CAMK1,CAC1C_1974_1986,0.6092122046082048
MAPKAPK,CAC1C_1974_1986,0.6092122046082048
PDHK,CAC1C_1974_1986,0.6092122046082048
PHK,CAC1C_1974_1986,0.6092122046082048
PIM,CAC1C_1974_1986,0.6092122046082048
PKCA,CAC1C_1974_1986,0.6092122046082048
PKD,CAC1C_1974_1986,0.6092122046082048
PKG,CAC1C_1974_1986,0.6092122046082048
QIK,CAC1C_1974_1986,0.6092122046082048
RAD53,CAC1C_1974_1986,0.6092122046082048
RIPK,CAC1C_1974_1986,0.6092122046082048
RSK,CAC1C_1974_1986,0.6092122046082048
VRK2,CAC1C_1974_1986,0.6092122046082048
AKT,CD27_212_224,0.1811838662271956
BARK1,CD27_212_224,0.1811838662271956
CDK,CD27_212_224,0.1811838662271956
DMPK,CD27_212_224,0.1811838662271956
ERK,CD27_212_224,0.1811838662271956
IKK,CD27_212_224,0.1811838662271956
JNK,CD27_212_224,0.1811838662271956
P38,CD27_212_224,0.1811838662271956
PDHK,CD27_212_224,0.1811838662271956
PEK,CD27_212_224,0.1811838662271956
PHK,CD27_212_224,0.1811838662271956
PIM,CD27_212_224,0.1811838662271956
PKCA,CD27_212_224,0.1811838662271956
PKD,CD27_212_224,0.1811838662271956
QIK,CD27_212_224,0.1811838662271956
RSK,CD27_212_224,0.1811838662271956
VRK2,CD27_212_224,0.1811838662271956
BARK1,CDC2_154_169,-0.15033372973205
CDK,CDC2_154_169,-0.15033372973205
COT,CDC2_154_169,-0.15033372973205
PEK,CDC2_154_169,-0.15033372973205
PKG,CDC2_154_169,-0.15033372973205
RSK,CDC2_154_169,-0.15033372973205
STE7,CDC2_154_169,-0.15033372973205
VRK2,CDC2_154_169,-0.15033372973205
BARK1,CDK7_163_175,-0.04691201452091261
CDK,CDK7_163_175,-0.04691201452091261
DMPK,CDK7_163_175,-0.04691201452091261
DYRK,CDK7_163_175,-0.04691201452091261
FRAY,CDK7_163_175,-0.04691201452091261
JNK,CDK7_163_175,-0.04691201452091261
MAPKAPK,CDK7_163_175,-0.04691201452091261
MST,CDK7_163_175,-0.04691201452091261
MTOR,CDK7_163_175,-0.04691201452091261
P38,CDK7_163_175,-0.04691201452091261
PDK1,CDK7_163_175,-0.04691201452091261
PEK,CDK7_163_175,-0.04691201452091261
PHK,CDK7_163_175,-0.04691201452091261
PIM,CDK7_163_175,-0.04691201452091261
PKCA,CDK7_163_175,-0.04691201452091261
PKCI,CDK7_163_175,-0.04691201452091261
PRKDC,CDK7_163_175,-0.04691201452091261
QIK,CDK7_163_175,-0.04691201452091261
STE7,CDK7_163_175,-0.04691201452091261
VRK2,CDK7_163_175,-0.04691201452091261
AUR,CENPA_1_14,0.17896993712879272
BARK1,CENPA_1_14,0.17896993712879272
DMPK,CENPA_1_14,0.17896993712879272
MAPKAPK,CENPA_1_14,0.17896993712879272
PIM,CENPA_1_14,0.17896993712879272
PKCA,CENPA_1_14,0.17896993712879272
PKG,CENPA_1_14,0.17896993712879272
VRK2,CENPA_1_14,0.17896993712879272
AMPK,CFTR_730_742,1.0227746303676195
BARK1,CFTR_730_742,1.0227746303676195
CAMK2,CFTR_730_742,1.0227746303676195
CDK,CFTR_730_742,1.0227746303676195
DAPK,CFTR_730_742,1.0227746303676195
DYRK,CFTR_730_742,1.0227746303676195
GRK,CFTR_730_742,1.0227746303676195
IKK,CFTR_730_742,1.0227746303676195
MAPKAPK,CFTR_730_742,1.0227746303676195
PAKA,CFTR_730_742,1.0227746303676195
PDHK,CFTR_730_742,1.0227746303676195
PEK,CFTR_730_742,1.0227746303676195
PHK,CFTR_730_742,1.0227746303676195
PKA,CFTR_730_742,1.0227746303676195
PKCA,CFTR_730_742,1.0227746303676195
PKD,CFTR_730_742,1.0227746303676195
PKG,CFTR_730_742,1.0227746303676195
QIK,CFTR_730_742,1.0227746303676195
RAD53,CFTR_730_742,1.0227746303676195
RSK,CFTR_730_742,1.0227746303676195
VRK2,CFTR_730_742,1.0227746303676195
AKT,CGHB_109_121,0.410031206756132
BARK1,CGHB_109_121,0.410031206756132
CAMK2,CGHB_109_121,0.410031206756132
DMPK,CGHB_109_121,0.410031206756132
IKK,CGHB_109_121,0.410031206756132
MTOR,CGHB_109_121,0.410031206756132
PDHK,CGHB_109_121,0.410031206756132
PDK1,CGHB_109_121,0.410031206756132
PEK,CGHB_109_121,0.410031206756132
PKA,CGHB_109_121,0.410031206756132
PKCA,CGHB_109_121,0.410031206756132
PKG,CGHB_109_121,0.410031206756132
RSK,CGHB_109_121,0.410031206756132
VRK2,CGHB_109_121,0.410031206756132
AMPK,CREB1_126_138,0.5930846444884814
ATM,CREB1_126_138,0.5930846444884814
BARK1,CREB1_126_138,0.5930846444884814
CAMK1,CREB1_126_138,0.5930846444884814
CAMK2,CREB1_126_138,0.5930846444884814
COT,CREB1_126_138,0.5930846444884814
DMPK,CREB1_126_138,0.5930846444884814
DYRK,CREB1_126_138,0.5930846444884814
GSK,CREB1_126_138,0.5930846444884814
MAPKAPK,CREB1_126_138,0.5930846444884814
PDHK,CREB1_126_138,0.5930846444884814
PHK,CREB1_126_138,0.5930846444884814
PIM,CREB1_126_138,0.5930846444884814
PKA,CREB1_126_138,0.5930846444884814
PKCA,CREB1_126_138,0.5930846444884814
PKCD,CREB1_126_138,0.5930846444884814
PKCH,CREB1_126_138,0.5930846444884814
PKD,CREB1_126_138,0.5930846444884814
QIK,CREB1_126_138,0.5930846444884814
RAD53,CREB1_126_138,0.5930846444884814
RSK,CREB1_126_138,0.5930846444884814
SGK,CREB1_126_138,0.5930846444884814
VRK2,CREB1_126_138,0.5930846444884814
AMPK,CSF1R_701_713,0.6344561528923899
BARK1,CSF1R_701_713,0.6344561528923899
CDK,CSF1R_701_713,0.6344561528923899
CK1,CSF1R_701_713,0.6344561528923899
DMPK,CSF1R_701_713,0.6344561528923899
PDHK,CSF1R_701_713,0.6344561528923899
PEK,CSF1R_701_713,0.6344561528923899
PIM,CSF1R_701_713,0.6344561528923899
PKA,CSF1R_701_713,0.6344561528923899
PKCA,CSF1R_701_713,0.6344561528923899
PKG,CSF1R_701_713,0.6344561528923899
RSK,CSF1R_701_713,0.6344561528923899
VRK2,CSF1R_701_713,0.6344561528923899
AMPK,DESP_2842_2854,1.0096071825362227
BARK1,DESP_2842_2854,1.0096071825362227
CAMK1,DESP_2842_2854,1.0096071825362227
CDK,DESP_2842_2854,1.0096071825362227
CK1,DESP_2842_2854,1.0096071825362227
DMPK,DESP_2842_2854,1.0096071825362227
GSK,DESP_2842_2854,1.0096071825362227
IKK,DESP_2842_2854,1.0096071825362227
MAPKAPK,DESP_2842_2854,1.0096071825362227
P38,DESP_2842_2854,1.0096071825362227
PDHK,DESP_2842_2854,1.0096071825362227
PDK1,DESP_2842_2854,1.0096071825362227
PEK,DESP_2842_2854,1.0096071825362227
PHK,DESP_2842_2854,1.0096071825362227
PIM,DESP_2842_2854,1.0096071825362227
PKA,DESP_2842_2854,1.0096071825362227
PKCA,DESP_2842_2854,1.0096071825362227
PKG,DESP_2842_2854,1.0096071825362227
QIK,DESP_2842_2854,1.0096071825362227
RIPK,DESP_2842_2854,1.0096071825362227
RSK,DESP_2842_2854,1.0096071825362227
SGK,DESP_2842_2854,1.0096071825362227
STE11,DESP_2842_2854,1.0096071825362227
STE7,DESP_2842_2854,1.0096071825362227
VRK2,DESP_2842_2854,1.0096071825362227
BARK1,EPB42_241_253,1.008485154745084
DMPK,EPB42_241_253,1.008485154745084
PHK,EPB42_241_253,1.008485154745084
PIM,EPB42_241_253,1.008485154745084
PKA,EPB42_241_253,1.008485154745084
PKCA,EPB42_241_253,1.008485154745084
PKG,EPB42_241_253,1.008485154745084
RAD53,EPB42_241_253,1.008485154745084
RSK,EPB42_241_253,1.008485154745084
VRK2,EPB42_241_253,1.008485154745084
BARK1,ERBB2_679_691,0.01722796155520889
DMPK,ERBB2_679_691,0.01722796155520889
PHK,ERBB2_679_691,0.01722796155520889
PIM,ERBB2_679_691,0.01722796155520889
PKA,ERBB2_679_691,0.01722796155520889
PKCA,ERBB2_679_691,0.01722796155520889
PKCD,ERBB2_679_691,0.01722796155520889
PKCH,ERBB2_679_691,0.01722796155520889
PKG,ERBB2_679_691,0.01722796155520889
RSK,ERBB2_679_691,0.01722796155520889
VRK2,ERBB2_679_691,0.01722796155520889
BARK1,ERF_519_531,0.14510425550486397
CDK,ERF_519_531,0.14510425550486397
CHK1,ERF_519_531,0.14510425550486397
DAPK,ERF_519_531,0.14510425550486397
DMPK,ERF_519_531,0.14510425550486397
DYRK,ERF_519_531,0.14510425550486397
ERK,ERF_519_531,0.14510425550486397
IRAK,ERF_519_531,0.14510425550486397
MST,ERF_519_531,0.14510425550486397
P38,ERF_519_531,0.14510425550486397
PDK1,ERF_519_531,0.14510425550486397
PEK,ERF_519_531,0.14510425550486397
PIM,ERF_519_531,0.14510425550486397
PKA,ERF_519_531,0.14510425550486397
PKCA,ERF_519_531,0.14510425550486397
PKG,ERF_519_531,0.14510425550486397
RAD53,ERF_519_531,0.14510425550486397
RSK,ERF_519_531,0.14510425550486397
VRK2,ERF_519_531,0.14510425550486397
AKT,ESR1_160_172,0.27172791010756353
AUR,ESR1_160_172,0.27172791010756353
BARK1,ESR1_160_172,0.27172791010756353
CK2,ESR1_160_172,0.27172791010756353
DMPK,ESR1_160_172,0.27172791010756353
IKK,ESR1_160_172,0.27172791010756353
PEK,ESR1_160_172,0.27172791010756353
PHK,ESR1_160_172,0.27172791010756353
PIM,ESR1_160_172,0.27172791010756353
PKCA,ESR1_160_172,0.27172791010756353
RSK,ESR1_160_172,0.27172791010756353
STE11,ESR1_160_172,0.27172791010756353
STE7,ESR1_160_172,0.27172791010756353
VRK2,ESR1_160_172,0.27172791010756353
BARK1,FIBA_569_581,0.2583076516064038
CDK,FIBA_569_581,0.2583076516064038
CK1,FIBA_569_581,0.2583076516064038
DAPK,FIBA_569_581,0.2583076516064038
DMPK,FIBA_569_581,0.2583076516064038
ERK,FIBA_569_581,0.2583076516064038
GSK,FIBA_569_581,0.2583076516064038
HAL,FIBA_569_581,0.2583076516064038
IKK,FIBA_569_581,0.2583076516064038
JNK,FIBA_569_581,0.2583076516064038
MLCK,FIBA_569_581,0.2583076516064038
MST,FIBA_569_581,0.2583076516064038
PDHK,FIBA_569_581,0.2583076516064038
PEK,FIBA_569_581,0.2583076516064038
PHK,FIBA_569_581,0.2583076516064038
PIM,FIBA_569_581,0.2583076516064038
PKA,FIBA_569_581,0.2583076516064038
PKCA,FIBA_569_581,0.2583076516064038
PKG,FIBA_569_581,0.2583076516064038
PLK,FIBA_569_581,0.2583076516064038
QIK,FIBA_569_581,0.2583076516064038
RAF,FIBA_569_581,0.2583076516064038
RIPK,FIBA_569_581,0.2583076516064038
RSK,FIBA_569_581,0.2583076516064038
SGK,FIBA_569_581,0.2583076516064038
STE7,FIBA_569_581,0.2583076516064038
VRK2,FIBA_569_581,0.2583076516064038
AKT,FOXO3_25_37,-0.02286282017724576
BARK1,FOXO3_25_37,-0.02286282017724576
CDK,FOXO3_25_37,-0.02286282017724576
ERK,FOXO3_25_37,-0.02286282017724576
MAPKAPK,FOXO3_25_37,-0.02286282017724576
P38,FOXO3_25_37,-0.02286282017724576
PHK,FOXO3_25_37,-0.02286282017724576
PIM,FOXO3_25_37,-0.02286282017724576
PKCA,FOXO3_25_37,-0.02286282017724576
QIK,FOXO3_25_37,-0.02286282017724576
RAF,FOXO3_25_37,-0.02286282017724576
RSK,FOXO3_25_37,-0.02286282017724576
SGK,FOXO3_25_37,-0.02286282017724576
VRK2,FOXO3_25_37,-0.02286282017724576
AKT,FRAP_2443_2455,0.24722353772456587
AMPK,FRAP_2443_2455,0.24722353772456587
BARK1,FRAP_2443_2455,0.24722353772456587
CK1,FRAP_2443_2455,0.24722353772456587
DAPK,FRAP_2443_2455,0.24722353772456587
DMPK,FRAP_2443_2455,0.24722353772456587
MAPKAPK,FRAP_2443_2455,0.24722353772456587
MELK,FRAP_2443_2455,0.24722353772456587
MLK,FRAP_2443_2455,0.24722353772456587
MSN,FRAP_2443_2455,0.24722353772456587
MTOR,FRAP_2443_2455,0.24722353772456587
NEK,FRAP_2443_2455,0.24722353772456587
PDHK,FRAP_2443_2455,0.24722353772456587
PDK1,FRAP_2443_2455,0.24722353772456587
PEK,FRAP_2443_2455,0.24722353772456587
PHK,FRAP_2443_2455,0.24722353772456587
PIM,FRAP_2443_2455,0.24722353772456587
PKA,FRAP_2443_2455,0.24722353772456587
PKCA,FRAP_2443_2455,0.24722353772456587
QIK,FRAP_2443_2455,0.24722353772456587
RSK,FRAP_2443_2455,0.24722353772456587
SGK,FRAP_2443_2455,0.24722353772456587
TAO,FRAP_2443_2455,0.24722353772456587
VRK2,FRAP_2443_2455,0.24722353772456587
AKT,GPR6_349_361,0.1446030870873066
BARK1,GPR6_349_361,0.1446030870873066
CDK,GPR6_349_361,0.1446030870873066
CK1,GPR6_349_361,0.1446030870873066
DMPK,GPR6_349_361,0.1446030870873066
DYRK,GPR6_349_361,0.1446030870873066
ERK,GPR6_349_361,0.1446030870873066
IKK,GPR6_349_361,0.1446030870873066
JNK,GPR6_349_361,0.1446030870873066
MAPKAPK,GPR6_349_361,0.1446030870873066
MELK,GPR6_349_361,0.1446030870873066
P38,GPR6_349_361,0.1446030870873066
PDK1,GPR6_349_361,0.1446030870873066
PEK,GPR6_349_361,0.1446030870873066
PHK,GPR6_349_361,0.1446030870873066
PKCA,GPR6_349_361,0.1446030870873066
QIK,GPR6_349_361,0.1446030870873066
RAF,GPR6_349_361,0.1446030870873066
RSK,GPR6_349_361,0.1446030870873066
SGK,GPR6_349_361,0.1446030870873066
VRK2,GPR6_349_361,0.1446030870873066
AMPK,GPSM2_394_406,1.0369994169400496
BARK1,GPSM2_394_406,1.0369994169400496
CAMK1,GPSM2_394_406,1.0369994169400496
CHK1,GPSM2_394_406,1.0369994169400496
DMPK,GPSM2_394_406,1.0369994169400496
IKK,GPSM2_394_406,1.0369994169400496
MAPKAPK,GPSM2_394_406,1.0369994169400496
MARK,GPSM2_394_406,1.0369994169400496
PHK,GPSM2_394_406,1.0369994169400496
PKCA,GPSM2_394_406,1.0369994169400496
PKD,GPSM2_394_406,1.0369994169400496
VRK2,GPSM2_394_406,1.0369994169400496
BARK1,GSUB_61_73,0.1089941993251721
CDK,GSUB_61_73,0.1089941993251721
DAPK,GSUB_61_73,0.1089941993251721
DMPK,GSUB_61_73,0.1089941993251721
DYRK,GSUB_61_73,0.1089941993251721
ERK,GSUB_61_73,0.1089941993251721
PDK1,GSUB_61_73,0.1089941993251721
PHK,GSUB_61_73,0.1089941993251721
PKA,GSUB_61_73,0.1089941993251721
PKG,GSUB_61_73,0.1089941993251721
PLK,GSUB_61_73,0.1089941993251721
VRK2,GSUB_61_73,0.1089941993251721
AKT,GYS2_1_13,-0.00520366101287688
BARK1,GYS2_1_13,-0.00520366101287688
CDK,GYS2_1_13,-0.00520366101287688
DMPK,GYS2_1_13,-0.00520366101287688
IKK,GYS2_1_13,-0.00520366101287688
MAPKAPK,GYS2_1_13,-0.00520366101287688
MTOR,GYS2_1_13,-0.00520366101287688
PEK,GYS2_1_13,-0.00520366101287688
PHK,GYS2_1_13,-0.00520366101287688
PKA,GYS2_1_13,-0.00520366101287688
PKCA,GYS2_1_13,-0.00520366101287688
QIK,GYS2_1_13,-0.00520366101287688
RSK,GYS2_1_13,-0.00520366101287688
SGK,GYS2_1_13,-0.00520366101287688
VRK2,GYS2_1_13,-0.00520366101287688
AKT,H2B1B_ 27_40,0.05888006145370372
AMPK,H2B1B_ 27_40,0.05888006145370372
BARK1,H2B1B_ 27_40,0.05888006145370372
CAMK1,H2B1B_ 27_40,0.05888006145370372
CDK,H2B1B_ 27_40,0.05888006145370372
COT,H2B1B_ 27_40,0.05888006145370372
DAPK,H2B1B_ 27_40,0.05888006145370372
DMPK,H2B1B_ 27_40,0.05888006145370372
IKK,H2B1B_ 27_40,0.05888006145370372
MLK,H2B1B_ 27_40,0.05888006145370372
MST,H2B1B_ 27_40,0.05888006145370372
PAKA,H2B1B_ 27_40,0.05888006145370372
PAKB,H2B1B_ 27_40,0.05888006145370372
PDHK,H2B1B_ 27_40,0.05888006145370372
PEK,H2B1B_ 27_40,0.05888006145370372
PHK,H2B1B_ 27_40,0.05888006145370372
PIM,H2B1B_ 27_40,0.05888006145370372
PKA,H2B1B_ 27_40,0.05888006145370372
PKCA,H2B1B_ 27_40,0.05888006145370372
PKCH,H2B1B_ 27_40,0.05888006145370372
PKD,H2B1B_ 27_40,0.05888006145370372
PKG,H2B1B_ 27_40,0.05888006145370372
PLK,H2B1B_ 27_40,0.05888006145370372
QIK,H2B1B_ 27_40,0.05888006145370372
RAD53,H2B1B_ 27_40,0.05888006145370372
RSK,H2B1B_ 27_40,0.05888006145370372
SGK,H2B1B_ 27_40,0.05888006145370372
VRK2,H2B1B_ 27_40,0.05888006145370372
AMPK,H32_3_18,0.08996017736343939
ATR,H32_3_18,0.08996017736343939
AUR,H32_3_18,0.08996017736343939
BARK1,H32_3_18,0.08996017736343939
DAPK,H32_3_18,0.08996017736343939
DMPK,H32_3_18,0.08996017736343939
DYRK,H32_3_18,0.08996017736343939
MLK,H32_3_18,0.08996017736343939
MST,H32_3_18,0.08996017736343939
MTOR,H32_3_18,0.08996017736343939
PHK,H32_3_18,0.08996017736343939
PIM,H32_3_18,0.08996017736343939
PKCA,H32_3_18,0.08996017736343939
PKCD,H32_3_18,0.08996017736343939
PRKDC,H32_3_18,0.08996017736343939
QIK,H32_3_18,0.08996017736343939
RAD53,H32_3_18,0.08996017736343939
RSK,H32_3_18,0.08996017736343939
STE7,H32_3_18,0.08996017736343939
VRK1,H32_3_18,0.08996017736343939
VRK2,H32_3_18,0.08996017736343939
BARK1,IF4E_203_215,0.06174191125771837
CDK,IF4E_203_215,0.06174191125771837
DMPK,IF4E_203_215,0.06174191125771837
ERK,IF4E_203_215,0.06174191125771837
GRK,IF4E_203_215,0.06174191125771837
IKK,IF4E_203_215,0.06174191125771837
LKB,IF4E_203_215,0.06174191125771837
MAPKAPK,IF4E_203_215,0.06174191125771837
MLK,IF4E_203_215,0.06174191125771837
P38,IF4E_203_215,0.06174191125771837
PEK,IF4E_203_215,0.06174191125771837
PKCA,IF4E_203_215,0.06174191125771837
QIK,IF4E_203_215,0.06174191125771837
RIPK,IF4E_203_215,0.06174191125771837
STKR,IF4E_203_215,0.06174191125771837
VRK1,IF4E_203_215,0.06174191125771837
VRK2,IF4E_203_215,0.06174191125771837
BARK1,K6PL_766_778,-0.12522795918963858
AKT,K6PL_766_778,-0.12522795918963858
CAMK2,K6PL_766_778,-0.12522795918963858
CDK,K6PL_766_778,-0.12522795918963858
MAPKAPK,K6PL_766_778,-0.12522795918963858
MARK,K6PL_766_778,-0.12522795918963858
MOS,K6PL_766_778,-0.12522795918963858
PEK,K6PL_766_778,-0.12522795918963858
PHK,K6PL_766_778,-0.12522795918963858
PKA,K6PL_766_778,-0.12522795918963858
PKCA,K6PL_766_778,-0.12522795918963858
PKG,K6PL_766_778,-0.12522795918963858
RAD53,K6PL_766_778,-0.12522795918963858
RSK,K6PL_766_778,-0.12522795918963858
VRK2,K6PL_766_778,-0.12522795918963858
BARK1,KAP2_92_104,0.6918040625380625
CDK,KAP2_92_104,0.6918040625380625
CK2,KAP2_92_104,0.6918040625380625
DMPK,KAP2_92_104,0.6918040625380625
ERK,KAP2_92_104,0.6918040625380625
GSK,KAP2_92_104,0.6918040625380625
MAPKAPK,KAP2_92_104,0.6918040625380625
PDHK,KAP2_92_104,0.6918040625380625
PEK,KAP2_92_104,0.6918040625380625
PHK,KAP2_92_104,0.6918040625380625
PIM,KAP2_92_104,0.6918040625380625
PKA,KAP2_92_104,0.6918040625380625
PKCA,KAP2_92_104,0.6918040625380625
PKD,KAP2_92_104,0.6918040625380625
PKG,KAP2_92_104,0.6918040625380625
QIK,KAP2_92_104,0.6918040625380625
RIPK,KAP2_92_104,0.6918040625380625
RSK,KAP2_92_104,0.6918040625380625
VRK2,KAP2_92_104,0.6918040625380625
AKT,KAP3_107_119,0.6448266668925484
AUR,KAP3_107_119,0.6448266668925484
BARK1,KAP3_107_119,0.6448266668925484
DMPK,KAP3_107_119,0.6448266668925484
MAPKAPK,KAP3_107_119,0.6448266668925484
PDHK,KAP3_107_119,0.6448266668925484
PHK,KAP3_107_119,0.6448266668925484
PKA,KAP3_107_119,0.6448266668925484
PKCA,KAP3_107_119,0.6448266668925484
RIPK,KAP3_107_119,0.6448266668925484
VRK2,KAP3_107_119,0.6448266668925484
BARK1,KAPCG_192_206,0.01013623443491308
CAMK2,KAPCG_192_206,0.01013623443491308
CDK,KAPCG_192_206,0.01013623443491308
DMPK,KAPCG_192_206,0.01013623443491308
DYRK,KAPCG_192_206,0.01013623443491308
ERK,KAPCG_192_206,0.01013623443491308
GSK,KAPCG_192_206,0.01013623443491308
IKK,KAPCG_192_206,0.01013623443491308
IRAK,KAPCG_192_206,0.01013623443491308
LKB,KAPCG_192_206,0.01013623443491308
MELK,KAPCG_192_206,0.01013623443491308
MST,KAPCG_192_206,0.01013623443491308
MTOR,KAPCG_192_206,0.01013623443491308
PDHK,KAPCG_192_206,0.01013623443491308
PDK1,KAPCG_192_206,0.01013623443491308
PHK,KAPCG_192_206,0.01013623443491308
PIM,KAPCG_192_206,0.01013623443491308
PKCH,KAPCG_192_206,0.01013623443491308
VRK2,KAPCG_192_206,0.01013623443491308
BARK1,KCC2G_278_289,0.19252935617284123
CAMK2,KCC2G_278_289,0.19252935617284123
CDK,KCC2G_278_289,0.19252935617284123
CK1,KCC2G_278_289,0.19252935617284123
MAPKAPK,KCC2G_278_289,0.19252935617284123
MELK,KCC2G_278_289,0.19252935617284123
MLCK,KCC2G_278_289,0.19252935617284123
PEK,KCC2G_278_289,0.19252935617284123
PHK,KCC2G_278_289,0.19252935617284123
PIM,KCC2G_278_289,0.19252935617284123
PKCA,KCC2G_278_289,0.19252935617284123
PKCI,KCC2G_278_289,0.19252935617284123
PLK,KCC2G_278_289,0.19252935617284123
QIK,KCC2G_278_289,0.19252935617284123
RSK,KCC2G_278_289,0.19252935617284123
SGK,KCC2G_278_289,0.19252935617284123
VRK2,KCC2G_278_289,0.19252935617284123
AKT,KCNA1_438_450,0.7444442132044292
AMPK,KCNA1_438_450,0.7444442132044292
BARK1,KCNA1_438_450,0.7444442132044292
CAMK1,KCNA1_438_450,0.7444442132044292
CDK,KCNA1_438_450,0.7444442132044292
CK1,KCNA1_438_450,0.7444442132044292
DAPK,KCNA1_438_450,0.7444442132044292
DMPK,KCNA1_438_450,0.7444442132044292
ERK,KCNA1_438_450,0.7444442132044292
GRK,KCNA1_438_450,0.7444442132044292
IKK,KCNA1_438_450,0.7444442132044292
JNK,KCNA1_438_450,0.7444442132044292
MAPKAPK,KCNA1_438_450,0.7444442132044292
MELK,KCNA1_438_450,0.7444442132044292
NEK,KCNA1_438_450,0.7444442132044292
P38,KCNA1_438_450,0.7444442132044292
PDHK,KCNA1_438_450,0.7444442132044292
PEK,KCNA1_438_450,0.7444442132044292
PHK,KCNA1_438_450,0.7444442132044292
PKA,KCNA1_438_450,0.7444442132044292
PKCA,KCNA1_438_450,0.7444442132044292
PKD,KCNA1_438_450,0.7444442132044292
PLK,KCNA1_438_450,0.7444442132044292
QIK,KCNA1_438_450,0.7444442132044292
RAD53,KCNA1_438_450,0.7444442132044292
RIPK,KCNA1_438_450,0.7444442132044292
RSK,KCNA1_438_450,0.7444442132044292
SGK,KCNA1_438_450,0.7444442132044292
STE7,KCNA1_438_450,0.7444442132044292
STKR,KCNA1_438_450,0.7444442132044292
VRK2,KCNA1_438_450,0.7444442132044292
AKT,KCNA2_442_454,0.3516715580465369
AMPK,KCNA2_442_454,0.3516715580465369
BARK1,KCNA2_442_454,0.3516715580465369
CAMK1,KCNA2_442_454,0.3516715580465369
CAMK2,KCNA2_442_454,0.3516715580465369
CDK,KCNA2_442_454,0.3516715580465369
CHK1,KCNA2_442_454,0.3516715580465369
CK1,KCNA2_442_454,0.3516715580465369
DMPK,KCNA2_442_454,0.3516715580465369
IKK,KCNA2_442_454,0.3516715580465369
JNK,KCNA2_442_454,0.3516715580465369
MAPKAPK,KCNA2_442_454,0.3516715580465369
NEK,KCNA2_442_454,0.3516715580465369
P38,KCNA2_442_454,0.3516715580465369
PDHK,KCNA2_442_454,0.3516715580465369
PEK,KCNA2_442_454,0.3516715580465369
PHK,KCNA2_442_454,0.3516715580465369
PIM,KCNA2_442_454,0.3516715580465369
PKCA,KCNA2_442_454,0.3516715580465369
PKD,KCNA2_442_454,0.3516715580465369
QIK,KCNA2_442_454,0.3516715580465369
RAD53,KCNA2_442_454,0.3516715580465369
RIPK,KCNA2_442_454,0.3516715580465369
RSK,KCNA2_442_454,0.3516715580465369
SGK,KCNA2_442_454,0.3516715580465369
STKR,KCNA2_442_454,0.3516715580465369
VRK2,KCNA2_442_454,0.3516715580465369
AKT,KCNA3_461_473,0.21126819666598468
AMPK,KCNA3_461_473,0.21126819666598468
BARK1,KCNA3_461_473,0.21126819666598468
CAMK1,KCNA3_461_473,0.21126819666598468
CDK,KCNA3_461_473,0.21126819666598468
CHK1,KCNA3_461_473,0.21126819666598468
CK1,KCNA3_461_473,0.21126819666598468
DMPK,KCNA3_461_473,0.21126819666598468
IKK,KCNA3_461_473,0.21126819666598468
JNK,KCNA3_461_473,0.21126819666598468
KHS,KCNA3_461_473,0.21126819666598468
MAPKAPK,KCNA3_461_473,0.21126819666598468
MARK,KCNA3_461_473,0.21126819666598468
MST,KCNA3_461_473,0.21126819666598468
P38,KCNA3_461_473,0.21126819666598468
PAKA,KCNA3_461_473,0.21126819666598468
PDHK,KCNA3_461_473,0.21126819666598468
PDK1,KCNA3_461_473,0.21126819666598468
PEK,KCNA3_461_473,0.21126819666598468
PHK,KCNA3_461_473,0.21126819666598468
PKA,KCNA3_461_473,0.21126819666598468
PKCA,KCNA3_461_473,0.21126819666598468
PKD,KCNA3_461_473,0.21126819666598468
PKG,KCNA3_461_473,0.21126819666598468
PLK,KCNA3_461_473,0.21126819666598468
QIK,KCNA3_461_473,0.21126819666598468
RAD53,KCNA3_461_473,0.21126819666598468
RSK,KCNA3_461_473,0.21126819666598468
STE7,KCNA3_461_473,0.21126819666598468
VRK2,KCNA3_461_473,0.21126819666598468
AMPK,KCNB1_489_501,0.3433375854057612
BARK1,KCNB1_489_501,0.3433375854057612
CAMK1,KCNB1_489_501,0.3433375854057612
CAMK2,KCNB1_489_501,0.3433375854057612
CDK,KCNB1_489_501,0.3433375854057612
CHK1,KCNB1_489_501,0.3433375854057612
CK1,KCNB1_489_501,0.3433375854057612
CK2,KCNB1_489_501,0.3433375854057612
DAPK,KCNB1_489_501,0.3433375854057612
DMPK,KCNB1_489_501,0.3433375854057612
GRK,KCNB1_489_501,0.3433375854057612
IKK,KCNB1_489_501,0.3433375854057612
MAPKAPK,KCNB1_489_501,0.3433375854057612
MELK,KCNB1_489_501,0.3433375854057612
MLCK,KCNB1_489_501,0.3433375854057612
MLK,KCNB1_489_501,0.3433375854057612
MST,KCNB1_489_501,0.3433375854057612
NAK,KCNB1_489_501,0.3433375854057612
NEK,KCNB1_489_501,0.3433375854057612
PDHK,KCNB1_489_501,0.3433375854057612
PEK,KCNB1_489_501,0.3433375854057612
PHK,KCNB1_489_501,0.3433375854057612
PIM,KCNB1_489_501,0.3433375854057612
PKA,KCNB1_489_501,0.3433375854057612
PKCA,KCNB1_489_501,0.3433375854057612
PKCD,KCNB1_489_501,0.3433375854057612
PKD,KCNB1_489_501,0.3433375854057612
QIK,KCNB1_489_501,0.3433375854057612
RIPK,KCNB1_489_501,0.3433375854057612
RSK,KCNB1_489_501,0.3433375854057612
SGK,KCNB1_489_501,0.3433375854057612
STE7,KCNB1_489_501,0.3433375854057612
STKR,KCNB1_489_501,0.3433375854057612
VRK2,KCNB1_489_501,0.3433375854057612
BARK1,KIF2C_105_118_S106G,0.12549035930025157
CAMK2,KIF2C_105_118_S106G,0.12549035930025157
CDK,KIF2C_105_118_S106G,0.12549035930025157
DMPK,KIF2C_105_118_S106G,0.12549035930025157
FRAY,KIF2C_105_118_S106G,0.12549035930025157
IKK,KIF2C_105_118_S106G,0.12549035930025157
MELK,KIF2C_105_118_S106G,0.12549035930025157
NEK,KIF2C_105_118_S106G,0.12549035930025157
PAKA,KIF2C_105_118_S106G,0.12549035930025157
PDHK,KIF2C_105_118_S106G,0.12549035930025157
PEK,KIF2C_105_118_S106G,0.12549035930025157
PHK,KIF2C_105_118_S106G,0.12549035930025157
PKCA,KIF2C_105_118_S106G,0.12549035930025157
PKD,KIF2C_105_118_S106G,0.12549035930025157
QIK,KIF2C_105_118_S106G,0.12549035930025157
RIPK,KIF2C_105_118_S106G,0.12549035930025157
RSK,KIF2C_105_118_S106G,0.12549035930025157
VRK2,KIF2C_105_118_S106G,0.12549035930025157
BARK1,KPB1_1011_1023,0.8641925620439336
CDK,KPB1_1011_1023,0.8641925620439336
CK1,KPB1_1011_1023,0.8641925620439336
DMPK,KPB1_1011_1023,0.8641925620439336
IKK,KPB1_1011_1023,0.8641925620439336
P38,KPB1_1011_1023,0.8641925620439336
PAKA,KPB1_1011_1023,0.8641925620439336
PDHK,KPB1_1011_1023,0.8641925620439336
PEK,KPB1_1011_1023,0.8641925620439336
PHK,KPB1_1011_1023,0.8641925620439336
PIM,KPB1_1011_1023,0.8641925620439336
PKA,KPB1_1011_1023,0.8641925620439336
PKCA,KPB1_1011_1023,0.8641925620439336
PKD,KPB1_1011_1023,0.8641925620439336
RIPK,KPB1_1011_1023,0.8641925620439336
RSK,KPB1_1011_1023,0.8641925620439336
SGK,KPB1_1011_1023,0.8641925620439336
VRK2,KPB1_1011_1023,0.8641925620439336
BARK1,KS6A1_374_386,-0.04691368409404095
COT,KS6A1_374_386,-0.04691368409404095
FRAY,KS6A1_374_386,-0.04691368409404095
MAPKAPK,KS6A1_374_386,-0.04691368409404095
MSN,KS6A1_374_386,-0.04691368409404095
MTOR,KS6A1_374_386,-0.04691368409404095
PDHK,KS6A1_374_386,-0.04691368409404095
PDK1,KS6A1_374_386,-0.04691368409404095
PEK,KS6A1_374_386,-0.04691368409404095
PHK,KS6A1_374_386,-0.04691368409404095
PIM,KS6A1_374_386,-0.04691368409404095
PKCA,KS6A1_374_386,-0.04691368409404095
RAD53,KS6A1_374_386,-0.04691368409404095
RSK,KS6A1_374_386,-0.04691368409404095
STE7,KS6A1_374_386,-0.04691368409404095
VRK2,KS6A1_374_386,-0.04691368409404095
AMPK,LIPS_944_956,0.6041812252972102
ATR,LIPS_944_956,0.6041812252972102
BARK1,LIPS_944_956,0.6041812252972102
CDK,LIPS_944_956,0.6041812252972102
DMPK,LIPS_944_956,0.6041812252972102
ERK,LIPS_944_956,0.6041812252972102
NDR,LIPS_944_956,0.6041812252972102
PDHK,LIPS_944_956,0.6041812252972102
PEK,LIPS_944_956,0.6041812252972102
PIM,LIPS_944_956,0.6041812252972102
PKA,LIPS_944_956,0.6041812252972102
PKCA,LIPS_944_956,0.6041812252972102
PKG,LIPS_944_956,0.6041812252972102
PRKDC,LIPS_944_956,0.6041812252972102
RAF,LIPS_944_956,0.6041812252972102
RSK,LIPS_944_956,0.6041812252972102
STE7,LIPS_944_956,0.6041812252972102
VRK2,LIPS_944_956,0.6041812252972102
BARK1,LMNB1_16_28,-0.27898531542381055
CDK,LMNB1_16_28,-0.27898531542381055
DMPK,LMNB1_16_28,-0.27898531542381055
DYRK,LMNB1_16_28,-0.27898531542381055
ERK,LMNB1_16_28,-0.27898531542381055
GSK,LMNB1_16_28,-0.27898531542381055
IKK,LMNB1_16_28,-0.27898531542381055
IRAK,LMNB1_16_28,-0.27898531542381055
JNK,LMNB1_16_28,-0.27898531542381055
MLK,LMNB1_16_28,-0.27898531542381055
NMO,LMNB1_16_28,-0.27898531542381055
P38,LMNB1_16_28,-0.27898531542381055
PDK1,LMNB1_16_28,-0.27898531542381055
PEK,LMNB1_16_28,-0.27898531542381055
PIM,LMNB1_16_28,-0.27898531542381055
PKCA,LMNB1_16_28,-0.27898531542381055
PKG,LMNB1_16_28,-0.27898531542381055
RSK,LMNB1_16_28,-0.27898531542381055
STE7,LMNB1_16_28,-0.27898531542381055
VRK2,LMNB1_16_28,-0.27898531542381055
BARK1,MARCS_152_164,0.03988429344342906
CDK,MARCS_152_164,0.03988429344342906
DAPK,MARCS_152_164,0.03988429344342906
DMPK,MARCS_152_164,0.03988429344342906
ERK,MARCS_152_164,0.03988429344342906
JNK,MARCS_152_164,0.03988429344342906
P38,MARCS_152_164,0.03988429344342906
PAKA,MARCS_152_164,0.03988429344342906
PDHK,MARCS_152_164,0.03988429344342906
PDK1,MARCS_152_164,0.03988429344342906
PEK,MARCS_152_164,0.03988429344342906
PHK,MARCS_152_164,0.03988429344342906
PKA,MARCS_152_164,0.03988429344342906
PKCA,MARCS_152_164,0.03988429344342906
PKCH,MARCS_152_164,0.03988429344342906
PKCI,MARCS_152_164,0.03988429344342906
PKD,MARCS_152_164,0.03988429344342906
PKG,MARCS_152_164,0.03988429344342906
PKN,MARCS_152_164,0.03988429344342906
RAD53,MARCS_152_164,0.03988429344342906
VRK2,MARCS_152_164,0.03988429344342906
BARK1,MARCS_160_172,0.20273894646787277
CDK,MARCS_160_172,0.20273894646787277
DMPK,MARCS_160_172,0.20273894646787277
ERK,MARCS_160_172,0.20273894646787277
JNK,MARCS_160_172,0.20273894646787277
MLK,MARCS_160_172,0.20273894646787277
P38,MARCS_160_172,0.20273894646787277
PDHK,MARCS_160_172,0.20273894646787277
PDK1,MARCS_160_172,0.20273894646787277
PEK,MARCS_160_172,0.20273894646787277
PKCA,MARCS_160_172,0.20273894646787277
RAD53,MARCS_160_172,0.20273894646787277
RIPK,MARCS_160_172,0.20273894646787277
VRK2,MARCS_160_172,0.20273894646787277
BARK1,MBP_222_234,-0.1416239324216487
CDK,MBP_222_234,-0.1416239324216487
DYRK,MBP_222_234,-0.1416239324216487
ERK,MBP_222_234,-0.1416239324216487
GSK,MBP_222_234,-0.1416239324216487
JNK,MBP_222_234,-0.1416239324216487
MTOR,MBP_222_234,-0.1416239324216487
PDK1,MBP_222_234,-0.1416239324216487
PEK,MBP_222_234,-0.1416239324216487
VRK2,MBP_222_234,-0.1416239324216487
BARK1,MP2K1_287_299,-0.05021807151520423
CDK,MP2K1_287_299,-0.05021807151520423
DMPK,MP2K1_287_299,-0.05021807151520423
DYRK,MP2K1_287_299,-0.05021807151520423
ERK,MP2K1_287_299,-0.05021807151520423
JNK,MP2K1_287_299,-0.05021807151520423
MAPKAPK,MP2K1_287_299,-0.05021807151520423
P38,MP2K1_287_299,-0.05021807151520423
PAKA,MP2K1_287_299,-0.05021807151520423
PDHK,MP2K1_287_299,-0.05021807151520423
PDK1,MP2K1_287_299,-0.05021807151520423
PEK,MP2K1_287_299,-0.05021807151520423
PHK,MP2K1_287_299,-0.05021807151520423
PIM,MP2K1_287_299,-0.05021807151520423
PKCA,MP2K1_287_299,-0.05021807151520423
PKD,MP2K1_287_299,-0.05021807151520423
STE7,MP2K1_287_299,-0.05021807151520423
VRK2,MP2K1_287_299,-0.05021807151520423
ATR,MPIP1_172_184,0.04398542732114604
BARK1,MPIP1_172_184,0.04398542732114604
CHK1,MPIP1_172_184,0.04398542732114604
DMPK,MPIP1_172_184,0.04398542732114604
MAPKAPK,MPIP1_172_184,0.04398542732114604
PHK,MPIP1_172_184,0.04398542732114604
PIM,MPIP1_172_184,0.04398542732114604
PKCA,MPIP1_172_184,0.04398542732114604
PRKDC,MPIP1_172_184,0.04398542732114604
QIK,MPIP1_172_184,0.04398542732114604
RAD53,MPIP1_172_184,0.04398542732114604
RAF,MPIP1_172_184,0.04398542732114604
RSK,MPIP1_172_184,0.04398542732114604
VRK2,MPIP1_172_184,0.04398542732114604
BARK1,MPIP3_208_220,0.450529505325442
BRSK,MPIP3_208_220,0.450529505325442
CAMK1,MPIP3_208_220,0.450529505325442
CDK,MPIP3_208_220,0.450529505325442
CHK1,MPIP3_208_220,0.450529505325442
DMPK,MPIP3_208_220,0.450529505325442
DYRK,MPIP3_208_220,0.450529505325442
ERK,MPIP3_208_220,0.450529505325442
IKK,MPIP3_208_220,0.450529505325442
JNK,MPIP3_208_220,0.450529505325442
MAPKAPK,MPIP3_208_220,0.450529505325442
MARK,MPIP3_208_220,0.450529505325442
MELK,MPIP3_208_220,0.450529505325442
P38,MPIP3_208_220,0.450529505325442
PDK1,MPIP3_208_220,0.450529505325442
PEK,MPIP3_208_220,0.450529505325442
PHK,MPIP3_208_220,0.450529505325442
PKCA,MPIP3_208_220,0.450529505325442
QIK,MPIP3_208_220,0.450529505325442
RAD53,MPIP3_208_220,0.450529505325442
RIPK,MPIP3_208_220,0.450529505325442
VRK2,MPIP3_208_220,0.450529505325442
AKT,NCF1_321_333,0.7128328993081924
BARK1,NCF1_321_333,0.7128328993081924
DMPK,NCF1_321_333,0.7128328993081924
IRAK,NCF1_321_333,0.7128328993081924
PHK,NCF1_321_333,0.7128328993081924
PKA,NCF1_321_333,0.7128328993081924
PKCA,NCF1_321_333,0.7128328993081924
PKCD,NCF1_321_333,0.7128328993081924
QIK,NCF1_321_333,0.7128328993081924
VRK2,NCF1_321_333,0.7128328993081924
BARK1,NEK2_172_184,-0.17745495171035142
CAMK1,NEK2_172_184,-0.17745495171035142
CAMK2,NEK2_172_184,-0.17745495171035142
CDK,NEK2_172_184,-0.17745495171035142
DYRK,NEK2_172_184,-0.17745495171035142
ERK,NEK2_172_184,-0.17745495171035142
FRAY,NEK2_172_184,-0.17745495171035142
LKB,NEK2_172_184,-0.17745495171035142
MELK,NEK2_172_184,-0.17745495171035142
MST,NEK2_172_184,-0.17745495171035142
MTOR,NEK2_172_184,-0.17745495171035142
NEK,NEK2_172_184,-0.17745495171035142
P38,NEK2_172_184,-0.17745495171035142
PDHK,NEK2_172_184,-0.17745495171035142
PDK1,NEK2_172_184,-0.17745495171035142
PEK,NEK2_172_184,-0.17745495171035142
PKCA,NEK2_172_184,-0.17745495171035142
PKCH,NEK2_172_184,-0.17745495171035142
RSK,NEK2_172_184,-0.17745495171035142
STE11,NEK2_172_184,-0.17745495171035142
STE7,NEK2_172_184,-0.17745495171035142
VRK2,NEK2_172_184,-0.17745495171035142
BARK1,NEK3_158_170,-0.29521910068876817
CAMK2,NEK3_158_170,-0.29521910068876817
DYRK,NEK3_158_170,-0.29521910068876817
ERK,NEK3_158_170,-0.29521910068876817
LKB,NEK3_158_170,-0.29521910068876817
MST,NEK3_158_170,-0.29521910068876817
NEK,NEK3_158_170,-0.29521910068876817
PDHK,NEK3_158_170,-0.29521910068876817
PDK1,NEK3_158_170,-0.29521910068876817
PEK,NEK3_158_170,-0.29521910068876817
PKCH,NEK3_158_170,-0.29521910068876817
STE11,NEK3_158_170,-0.29521910068876817
STE7,NEK3_158_170,-0.29521910068876817
VRK2,NEK3_158_170,-0.29521910068876817
BARK1,NFKB1_330_342,0.7900809369192944
CDK,NFKB1_330_342,0.7900809369192944
DMPK,NFKB1_330_342,0.7900809369192944
IKK,NFKB1_330_342,0.7900809369192944
MAPKAPK,NFKB1_330_342,0.7900809369192944
PAKA,NFKB1_330_342,0.7900809369192944
PDHK,NFKB1_330_342,0.7900809369192944
PEK,NFKB1_330_342,0.7900809369192944
PIM,NFKB1_330_342,0.7900809369192944
PKA,NFKB1_330_342,0.7900809369192944
PKCA,NFKB1_330_342,0.7900809369192944
PKG,NFKB1_330_342,0.7900809369192944
PLK,NFKB1_330_342,0.7900809369192944
STE7,NFKB1_330_342,0.7900809369192944
VRK2,NFKB1_330_342,0.7900809369192944
BARK1,NMDZ1_890_902,0.4553064511442682
AKT,NMDZ1_890_902,0.4553064511442682
AMPK,NMDZ1_890_902,0.4553064511442682
AUR,NMDZ1_890_902,0.4553064511442682
CAMK1,NMDZ1_890_902,0.4553064511442682
CDK,NMDZ1_890_902,0.4553064511442682
CHK1,NMDZ1_890_902,0.4553064511442682
DAPK,NMDZ1_890_902,0.4553064511442682
DMPK,NMDZ1_890_902,0.4553064511442682
FRAY,NMDZ1_890_902,0.4553064511442682
GRK,NMDZ1_890_902,0.4553064511442682
IKK,NMDZ1_890_902,0.4553064511442682
MELK,NMDZ1_890_902,0.4553064511442682
MLK,NMDZ1_890_902,0.4553064511442682
MSN,NMDZ1_890_902,0.4553064511442682
MST,NMDZ1_890_902,0.4553064511442682
MTOR,NMDZ1_890_902,0.4553064511442682
PAKA,NMDZ1_890_902,0.4553064511442682
PDHK,NMDZ1_890_902,0.4553064511442682
PDK1,NMDZ1_890_902,0.4553064511442682
PEK,NMDZ1_890_902,0.4553064511442682
PHK,NMDZ1_890_902,0.4553064511442682
PIM,NMDZ1_890_902,0.4553064511442682
PKA,NMDZ1_890_902,0.4553064511442682
PKCA,NMDZ1_890_902,0.4553064511442682
PKCI,NMDZ1_890_902,0.4553064511442682
PKD,NMDZ1_890_902,0.4553064511442682
PKG,NMDZ1_890_902,0.4553064511442682
PLK,NMDZ1_890_902,0.4553064511442682
QIK,NMDZ1_890_902,0.4553064511442682
RAD53,NMDZ1_890_902,0.4553064511442682
RAF,NMDZ1_890_902,0.4553064511442682
RIPK,NMDZ1_890_902,0.4553064511442682
RSK,NMDZ1_890_902,0.4553064511442682
SGK,NMDZ1_890_902,0.4553064511442682
STE7,NMDZ1_890_902,0.4553064511442682
VRK2,NMDZ1_890_902,0.4553064511442682
AKT,NOS3_1171_1183,0.21853458352464727
AMPK,NOS3_1171_1183,0.21853458352464727
BARK1,NOS3_1171_1183,0.21853458352464727
CDK,NOS3_1171_1183,0.21853458352464727
CK1,NOS3_1171_1183,0.21853458352464727
DMPK,NOS3_1171_1183,0.21853458352464727
MELK,NOS3_1171_1183,0.21853458352464727
PDHK,NOS3_1171_1183,0.21853458352464727
PDK1,NOS3_1171_1183,0.21853458352464727
PEK,NOS3_1171_1183,0.21853458352464727
PHK,NOS3_1171_1183,0.21853458352464727
PIM,NOS3_1171_1183,0.21853458352464727
PKA,NOS3_1171_1183,0.21853458352464727
PKCA,NOS3_1171_1183,0.21853458352464727
PKG,NOS3_1171_1183,0.21853458352464727
QIK,NOS3_1171_1183,0.21853458352464727
RAD53,NOS3_1171_1183,0.21853458352464727
RIPK,NOS3_1171_1183,0.21853458352464727
RSK,NOS3_1171_1183,0.21853458352464727
SGK,NOS3_1171_1183,0.21853458352464727
VRK2,NOS3_1171_1183,0.21853458352464727
AKT,NR4A1_344_356,0.0607126107434004
BARK1,NR4A1_344_356,0.0607126107434004
CDK,NR4A1_344_356,0.0607126107434004
DMPK,NR4A1_344_356,0.0607126107434004
PHK,NR4A1_344_356,0.0607126107434004
PIM,NR4A1_344_356,0.0607126107434004
PKA,NR4A1_344_356,0.0607126107434004
PKCA,NR4A1_344_356,0.0607126107434004
RAF,NR4A1_344_356,0.0607126107434004
RSK,NR4A1_344_356,0.0607126107434004
VRK2,NR4A1_344_356,0.0607126107434004
AUR,P53_308_323,-0.05920973930075283
BARK1,P53_308_323,-0.05920973930075283
CAMK1,P53_308_323,-0.05920973930075283
CDK,P53_308_323,-0.05920973930075283
DYRK,P53_308_323,-0.05920973930075283
ERK,P53_308_323,-0.05920973930075283
IKK,P53_308_323,-0.05920973930075283
JNK,P53_308_323,-0.05920973930075283
P38,P53_308_323,-0.05920973930075283
PKCA,P53_308_323,-0.05920973930075283
PLK,P53_308_323,-0.05920973930075283
QIK,P53_308_323,-0.05920973930075283
STE7,P53_308_323,-0.05920973930075283
VRK2,P53_308_323,-0.05920973930075283
AUR,PLEK_106_118,0.16508702695536215
BARK1,PLEK_106_118,0.16508702695536215
CDK,PLEK_106_118,0.16508702695536215
CK1,PLEK_106_118,0.16508702695536215
DMPK,PLEK_106_118,0.16508702695536215
MST,PLEK_106_118,0.16508702695536215
PEK,PLEK_106_118,0.16508702695536215
PKCA,PLEK_106_118,0.16508702695536215
PKCD,PLEK_106_118,0.16508702695536215
PKCH,PLEK_106_118,0.16508702695536215
PLK,PLEK_106_118,0.16508702695536215
VRK2,PLEK_106_118,0.16508702695536215
BARK1,PLM_76_88,0.575259554280259
CDK,PLM_76_88,0.575259554280259
DMPK,PLM_76_88,0.575259554280259
IKK,PLM_76_88,0.575259554280259
PAKA,PLM_76_88,0.575259554280259
PDHK,PLM_76_88,0.575259554280259
PDK1,PLM_76_88,0.575259554280259
PEK,PLM_76_88,0.575259554280259
PIM,PLM_76_88,0.575259554280259
PKA,PLM_76_88,0.575259554280259
PKCA,PLM_76_88,0.575259554280259
PKD,PLM_76_88,0.575259554280259
PKG,PLM_76_88,0.575259554280259
PLK,PLM_76_88,0.575259554280259
RAD53,PLM_76_88,0.575259554280259
RIPK,PLM_76_88,0.575259554280259
RSK,PLM_76_88,0.575259554280259
STE7,PLM_76_88,0.575259554280259
VRK2,PLM_76_88,0.575259554280259
EGFR,PP2AB_297_309,-0.2824976426732566
CSK,PP2AB_297_309,-0.2824976426732566
TEC,PP2AB_297_309,-0.2824976426732566
PDGFR,PP2AB_297_309,-0.2824976426732566
SYK,PP2AB_297_309,-0.2824976426732566
AXL,PP2AB_297_309,-0.2824976426732566
VEGFR,PP2AB_297_309,-0.2824976426732566
BARK1,PP2AB_297_309,-0.2824976426732566
BARK2,PP2AB_297_309,-0.2824976426732566
CDK,PP2AB_297_309,-0.2824976426732566
DYRK,PP2AB_297_309,-0.2824976426732566
JNK,PP2AB_297_309,-0.2824976426732566
VRK2,PP2AB_297_309,-0.2824976426732566
AKT,PPR1A_28_40,0.0305897422037423
BARK1,PPR1A_28_40,0.0305897422037423
CDK,PPR1A_28_40,0.0305897422037423
DAPK,PPR1A_28_40,0.0305897422037423
DMPK,PPR1A_28_40,0.0305897422037423
DYRK,PPR1A_28_40,0.0305897422037423
GSK,PPR1A_28_40,0.0305897422037423
JNK,PPR1A_28_40,0.0305897422037423
P38,PPR1A_28_40,0.0305897422037423
PDK1,PPR1A_28_40,0.0305897422037423
PEK,PPR1A_28_40,0.0305897422037423
PHK,PPR1A_28_40,0.0305897422037423
PKA,PPR1A_28_40,0.0305897422037423
RSK,PPR1A_28_40,0.0305897422037423
VRK2,PPR1A_28_40,0.0305897422037423
ATR,PRKDC_2618_2630,-0.09813030131843568
BARK1,PRKDC_2618_2630,-0.09813030131843568
BARK2,PRKDC_2618_2630,-0.09813030131843568
CK1,PRKDC_2618_2630,-0.09813030131843568
DMPK,PRKDC_2618_2630,-0.09813030131843568
IKK,PRKDC_2618_2630,-0.09813030131843568
MELK,PRKDC_2618_2630,-0.09813030131843568
MLK,PRKDC_2618_2630,-0.09813030131843568
MTOR,PRKDC_2618_2630,-0.09813030131843568
NEK,PRKDC_2618_2630,-0.09813030131843568
P38,PRKDC_2618_2630,-0.09813030131843568
PHK,PRKDC_2618_2630,-0.09813030131843568
PIM,PRKDC_2618_2630,-0.09813030131843568
PKA,PRKDC_2618_2630,-0.09813030131843568
PKCA,PRKDC_2618_2630,-0.09813030131843568
PKG,PRKDC_2618_2630,-0.09813030131843568
PRKDC,PRKDC_2618_2630,-0.09813030131843568
PLK,PRKDC_2618_2630,-0.09813030131843568
QIK,PRKDC_2618_2630,-0.09813030131843568
SGK,PRKDC_2618_2630,-0.09813030131843568
STE7,PRKDC_2618_2630,-0.09813030131843568
VRK2,PRKDC_2618_2630,-0.09813030131843568
AKT,PTK6_436_448,0.6079520494724763
BARK1,PTK6_436_448,0.6079520494724763
CAMK1,PTK6_436_448,0.6079520494724763
CDK,PTK6_436_448,0.6079520494724763
CK1,PTK6_436_448,0.6079520494724763
DMPK,PTK6_436_448,0.6079520494724763
MAPKAPK,PTK6_436_448,0.6079520494724763
MELK,PTK6_436_448,0.6079520494724763
P38,PTK6_436_448,0.6079520494724763
PAKA,PTK6_436_448,0.6079520494724763
PDHK,PTK6_436_448,0.6079520494724763
PDK1,PTK6_436_448,0.6079520494724763
PEK,PTK6_436_448,0.6079520494724763
PHK,PTK6_436_448,0.6079520494724763
PIM,PTK6_436_448,0.6079520494724763
PKA,PTK6_436_448,0.6079520494724763
PKCA,PTK6_436_448,0.6079520494724763
PKCD,PTK6_436_448,0.6079520494724763
PKCI,PTK6_436_448,0.6079520494724763
PKD,PTK6_436_448,0.6079520494724763
PKG,PTK6_436_448,0.6079520494724763
QIK,PTK6_436_448,0.6079520494724763
RAD53,PTK6_436_448,0.6079520494724763
RSK,PTK6_436_448,0.6079520494724763
STE7,PTK6_436_448,0.6079520494724763
VRK2,PTK6_436_448,0.6079520494724763
BARK1,PTN12_32_44,0.5424418699932984
CDK,PTN12_32_44,0.5424418699932984
DMPK,PTN12_32_44,0.5424418699932984
FRAY,PTN12_32_44,0.5424418699932984
MAPKAPK,PTN12_32_44,0.5424418699932984
MLK,PTN12_32_44,0.5424418699932984
PAKA,PTN12_32_44,0.5424418699932984
PDHK,PTN12_32_44,0.5424418699932984
PEK,PTN12_32_44,0.5424418699932984
PHK,PTN12_32_44,0.5424418699932984
PIM,PTN12_32_44,0.5424418699932984
PKA,PTN12_32_44,0.5424418699932984
PKCA,PTN12_32_44,0.5424418699932984
PKCD,PTN12_32_44,0.5424418699932984
PKD,PTN12_32_44,0.5424418699932984
PKG,PTN12_32_44,0.5424418699932984
QIK,PTN12_32_44,0.5424418699932984
RAD53,PTN12_32_44,0.5424418699932984
RSK,PTN12_32_44,0.5424418699932984
VRK2,PTN12_32_44,0.5424418699932984
BARK1,RADI_559_569,-0.22728272262966875
COT,RADI_559_569,-0.22728272262966875
DMPK,RADI_559_569,-0.22728272262966875
MSN,RADI_559_569,-0.22728272262966875
MST,RADI_559_569,-0.22728272262966875
PHK,RADI_559_569,-0.22728272262966875
PIM,RADI_559_569,-0.22728272262966875
PKCA,RADI_559_569,-0.22728272262966875
SLK,RADI_559_569,-0.22728272262966875
VRK2,RADI_559_569,-0.22728272262966875
AKT,RAF1_253_265,0.04294142054098948
AMPK,RAF1_253_265,0.04294142054098948
BARK1,RAF1_253_265,0.04294142054098948
CAMK1,RAF1_253_265,0.04294142054098948
CDK,RAF1_253_265,0.04294142054098948
DAPK,RAF1_253_265,0.04294142054098948
DMPK,RAF1_253_265,0.04294142054098948
DYRK,RAF1_253_265,0.04294142054098948
ERK,RAF1_253_265,0.04294142054098948
JNK,RAF1_253_265,0.04294142054098948
MAPKAPK,RAF1_253_265,0.04294142054098948
MARK,RAF1_253_265,0.04294142054098948
NDR,RAF1_253_265,0.04294142054098948
P38,RAF1_253_265,0.04294142054098948
PAKA,RAF1_253_265,0.04294142054098948
PDK1,RAF1_253_265,0.04294142054098948
PHK,RAF1_253_265,0.04294142054098948
PKA,RAF1_253_265,0.04294142054098948
PKCA,RAF1_253_265,0.04294142054098948
QIK,RAF1_253_265,0.04294142054098948
RAF,RAF1_253_265,0.04294142054098948
RIPK,RAF1_253_265,0.04294142054098948
RSK,RAF1_253_265,0.04294142054098948
SGK,RAF1_253_265,0.04294142054098948
VRK2,RAF1_253_265,0.04294142054098948
AKT,RAP1B_172_184,0.23802138639178003
AMPK,RAP1B_172_184,0.23802138639178003
BARK1,RAP1B_172_184,0.23802138639178003
CDK,RAP1B_172_184,0.23802138639178003
DMPK,RAP1B_172_184,0.23802138639178003
IKK,RAP1B_172_184,0.23802138639178003
MAPKAPK,RAP1B_172_184,0.23802138639178003
PDHK,RAP1B_172_184,0.23802138639178003
PEK,RAP1B_172_184,0.23802138639178003
PHK,RAP1B_172_184,0.23802138639178003
PIM,RAP1B_172_184,0.23802138639178003
PKA,RAP1B_172_184,0.23802138639178003
PKCA,RAP1B_172_184,0.23802138639178003
PKG,RAP1B_172_184,0.23802138639178003
QIK,RAP1B_172_184,0.23802138639178003
RAD53,RAP1B_172_184,0.23802138639178003
RSK,RAP1B_172_184,0.23802138639178003
VRK2,RAP1B_172_184,0.23802138639178003
BARK1,RBL2_655_667,-0.0413458981667425
CDK,RBL2_655_667,-0.0413458981667425
CK1,RBL2_655_667,-0.0413458981667425
DMPK,RBL2_655_667,-0.0413458981667425
DYRK,RBL2_655_667,-0.0413458981667425
ERK,RBL2_655_667,-0.0413458981667425
FRAY,RBL2_655_667,-0.0413458981667425
GSK,RBL2_655_667,-0.0413458981667425
IKK,RBL2_655_667,-0.0413458981667425
JNK,RBL2_655_667,-0.0413458981667425
MAPKAPK,RBL2_655_667,-0.0413458981667425
MELK,RBL2_655_667,-0.0413458981667425
MTOR,RBL2_655_667,-0.0413458981667425
NEK,RBL2_655_667,-0.0413458981667425
P38,RBL2_655_667,-0.0413458981667425
PDK1,RBL2_655_667,-0.0413458981667425
PEK,RBL2_655_667,-0.0413458981667425
PHK,RBL2_655_667,-0.0413458981667425
PIM,RBL2_655_667,-0.0413458981667425
PKCA,RBL2_655_667,-0.0413458981667425
PKD,RBL2_655_667,-0.0413458981667425
PLK,RBL2_655_667,-0.0413458981667425
QIK,RBL2_655_667,-0.0413458981667425
RAD53,RBL2_655_667,-0.0413458981667425
RAF,RBL2_655_667,-0.0413458981667425
RIPK,RBL2_655_667,-0.0413458981667425
STE7,RBL2_655_667,-0.0413458981667425
VRK2,RBL2_655_667,-0.0413458981667425
BARK1,RB_242_254,-0.27440611851391594
CDK,RB_242_254,-0.27440611851391594
DYRK,RB_242_254,-0.27440611851391594
ERK,RB_242_254,-0.27440611851391594
IRAK,RB_242_254,-0.27440611851391594
P38,RB_242_254,-0.27440611851391594
PDK1,RB_242_254,-0.27440611851391594
PEK,RB_242_254,-0.27440611851391594
PKCA,RB_242_254,-0.27440611851391594
PLK,RB_242_254,-0.27440611851391594
VRK2,RB_242_254,-0.27440611851391594
ATR,RB_350_362,0.00298245895024902
BARK1,RB_350_362,0.00298245895024902
CDK,RB_350_362,0.00298245895024902
DMPK,RB_350_362,0.00298245895024902
DYRK,RB_350_362,0.00298245895024902
PDHK,RB_350_362,0.00298245895024902
PDK1,RB_350_362,0.00298245895024902
PEK,RB_350_362,0.00298245895024902
PHK,RB_350_362,0.00298245895024902
PIM,RB_350_362,0.00298245895024902
PKCA,RB_350_362,0.00298245895024902
PRKDC,RB_350_362,0.00298245895024902
QIK,RB_350_362,0.00298245895024902
RSK,RB_350_362,0.00298245895024902
VRK2,RB_350_362,0.00298245895024902
BARK1,RB_803_815,-0.17848927936425932
CDK,RB_803_815,-0.17848927936425932
CK1,RB_803_815,-0.17848927936425932
DYRK,RB_803_815,-0.17848927936425932
ERK,RB_803_815,-0.17848927936425932
JNK,RB_803_815,-0.17848927936425932
QIK,RB_803_815,-0.17848927936425932
VRK2,RB_803_815,-0.17848927936425932
BARK1,REL_260_272,0.8173677729757145
CDK,REL_260_272,0.8173677729757145
CK1,REL_260_272,0.8173677729757145
DMPK,REL_260_272,0.8173677729757145
MAPKAPK,REL_260_272,0.8173677729757145
MARK,REL_260_272,0.8173677729757145
PAKA,REL_260_272,0.8173677729757145
PEK,REL_260_272,0.8173677729757145
PIM,REL_260_272,0.8173677729757145
PKCA,REL_260_272,0.8173677729757145
PKD,REL_260_272,0.8173677729757145
PKG,REL_260_272,0.8173677729757145
PLK,REL_260_272,0.8173677729757145
RSK,REL_260_272,0.8173677729757145
STE7,REL_260_272,0.8173677729757145
VRK2,REL_260_272,0.8173677729757145
AKT,RS6_228_240,0.710043976023997
BARK1,RS6_228_240,0.710043976023997
CAMK1,RS6_228_240,0.710043976023997
CDK,RS6_228_240,0.710043976023997
DAPK,RS6_228_240,0.710043976023997
DMPK,RS6_228_240,0.710043976023997
IKK,RS6_228_240,0.710043976023997
MAPKAPK,RS6_228_240,0.710043976023997
MELK,RS6_228_240,0.710043976023997
PAKA,RS6_228_240,0.710043976023997
PASK,RS6_228_240,0.710043976023997
PDHK,RS6_228_240,0.710043976023997
PEK,RS6_228_240,0.710043976023997
PHK,RS6_228_240,0.710043976023997
PIM,RS6_228_240,0.710043976023997
PKA,RS6_228_240,0.710043976023997
PKCA,RS6_228_240,0.710043976023997
PKCD,RS6_228_240,0.710043976023997
PKCI,RS6_228_240,0.710043976023997
PKD,RS6_228_240,0.710043976023997
PKG,RS6_228_240,0.710043976023997
QIK,RS6_228_240,0.710043976023997
RIPK,RS6_228_240,0.710043976023997
RSK,RS6_228_240,0.710043976023997
SGK,RS6_228_240,0.710043976023997
VRK2,RS6_228_240,0.710043976023997
BARK1,RYR1_4317_4329,0.27263841735257
DMPK,RYR1_4317_4329,0.27263841735257
PHK,RYR1_4317_4329,0.27263841735257
PIM,RYR1_4317_4329,0.27263841735257
PKA,RYR1_4317_4329,0.27263841735257
PKCA,RYR1_4317_4329,0.27263841735257
PKCH,RYR1_4317_4329,0.27263841735257
PKG,RYR1_4317_4329,0.27263841735257
RSK,RYR1_4317_4329,0.27263841735257
VRK2,RYR1_4317_4329,0.27263841735257
BARK1,SCN7A_898_910,0.8204704301291196
DMPK,SCN7A_898_910,0.8204704301291196
HAL,SCN7A_898_910,0.8204704301291196
IKK,SCN7A_898_910,0.8204704301291196
PHK,SCN7A_898_910,0.8204704301291196
PKA,SCN7A_898_910,0.8204704301291196
PKCA,SCN7A_898_910,0.8204704301291196
PKG,SCN7A_898_910,0.8204704301291196
RIPK,SCN7A_898_910,0.8204704301291196
RSK,SCN7A_898_910,0.8204704301291196
VRK2,SCN7A_898_910,0.8204704301291196
AUR,STK6_283_295,0.5393433687584022
BARK1,STK6_283_295,0.5393433687584022
CAMK1,STK6_283_295,0.5393433687584022
CAMK2,STK6_283_295,0.5393433687584022
CDK,STK6_283_295,0.5393433687584022
DMPK,STK6_283_295,0.5393433687584022
FRAY,STK6_283_295,0.5393433687584022
IKK,STK6_283_295,0.5393433687584022
IRAK,STK6_283_295,0.5393433687584022
LKB,STK6_283_295,0.5393433687584022
MELK,STK6_283_295,0.5393433687584022
MLK,STK6_283_295,0.5393433687584022
MTOR,STK6_283_295,0.5393433687584022
NDR,STK6_283_295,0.5393433687584022
NEK,STK6_283_295,0.5393433687584022
PAKA,STK6_283_295,0.5393433687584022
PDHK,STK6_283_295,0.5393433687584022
PDK1,STK6_283_295,0.5393433687584022
PEK,STK6_283_295,0.5393433687584022
PHK,STK6_283_295,0.5393433687584022
PKA,STK6_283_295,0.5393433687584022
PKCA,STK6_283_295,0.5393433687584022
PKCD,STK6_283_295,0.5393433687584022
PLK,STK6_283_295,0.5393433687584022
PRKDC,STK6_283_295,0.5393433687584022
QIK,STK6_283_295,0.5393433687584022
RAD53,STK6_283_295,0.5393433687584022
RSK,STK6_283_295,0.5393433687584022
STE7,STK6_283_295,0.5393433687584022
VRK2,STK6_283_295,0.5393433687584022
AKT,TAU_524_536,-0.00378006605682422
BARK1,TAU_524_536,-0.00378006605682422
CAMK1,TAU_524_536,-0.00378006605682422
CDK,TAU_524_536,-0.00378006605682422
DMPK,TAU_524_536,-0.00378006605682422
DYRK,TAU_524_536,-0.00378006605682422
ERK,TAU_524_536,-0.00378006605682422
GRK,TAU_524_536,-0.00378006605682422
GSK,TAU_524_536,-0.00378006605682422
IKK,TAU_524_536,-0.00378006605682422
JNK,TAU_524_536,-0.00378006605682422
MAPKAPK,TAU_524_536,-0.00378006605682422
MELK,TAU_524_536,-0.00378006605682422
MTOR,TAU_524_536,-0.00378006605682422
P38,TAU_524_536,-0.00378006605682422
PDK1,TAU_524_536,-0.00378006605682422
PEK,TAU_524_536,-0.00378006605682422
PHK,TAU_524_536,-0.00378006605682422
PIM,TAU_524_536,-0.00378006605682422
PKA,TAU_524_536,-0.00378006605682422
PKCA,TAU_524_536,-0.00378006605682422
PKD,TAU_524_536,-0.00378006605682422
PLK,TAU_524_536,-0.00378006605682422
QIK,TAU_524_536,-0.00378006605682422
RAF,TAU_524_536,-0.00378006605682422
RIPK,TAU_524_536,-0.00378006605682422
RSK,TAU_524_536,-0.00378006605682422
SGK,TAU_524_536,-0.00378006605682422
STE11,TAU_524_536,-0.00378006605682422
VRK2,TAU_524_536,-0.00378006605682422
AKT,TOP2A_1463_1475,0.5889333610460531
BARK1,TOP2A_1463_1475,0.5889333610460531
CDK,TOP2A_1463_1475,0.5889333610460531
CK1,TOP2A_1463_1475,0.5889333610460531
CK2,TOP2A_1463_1475,0.5889333610460531
DAPK,TOP2A_1463_1475,0.5889333610460531
DMPK,TOP2A_1463_1475,0.5889333610460531
IKK,TOP2A_1463_1475,0.5889333610460531
MLK,TOP2A_1463_1475,0.5889333610460531
NEK,TOP2A_1463_1475,0.5889333610460531
PAKA,TOP2A_1463_1475,0.5889333610460531
PEK,TOP2A_1463_1475,0.5889333610460531
PHK,TOP2A_1463_1475,0.5889333610460531
PIM,TOP2A_1463_1475,0.5889333610460531
PKA,TOP2A_1463_1475,0.5889333610460531
PKCA,TOP2A_1463_1475,0.5889333610460531
PKG,TOP2A_1463_1475,0.5889333610460531
PLK,TOP2A_1463_1475,0.5889333610460531
QIK,TOP2A_1463_1475,0.5889333610460531
RAD53,TOP2A_1463_1475,0.5889333610460531
RIPK,TOP2A_1463_1475,0.5889333610460531
RSK,TOP2A_1463_1475,0.5889333610460531
VRK2,TOP2A_1463_1475,0.5889333610460531
BARK1,TY3H_65_77,0.862013570359896
CAMK2,TY3H_65_77,0.862013570359896
MAPKAPK,TY3H_65_77,0.862013570359896
PHK,TY3H_65_77,0.862013570359896
PIM,TY3H_65_77,0.862013570359896
PKA,TY3H_65_77,0.862013570359896
PKCA,TY3H_65_77,0.862013570359896
PKG,TY3H_65_77,0.862013570359896
QIK,TY3H_65_77,0.862013570359896
RIPK,TY3H_65_77,0.862013570359896
RSK,TY3H_65_77,0.862013570359896
VRK2,TY3H_65_77,0.862013570359896
BARK1,VASP_150_162,0.8312879741742663
DMPK,VASP_150_162,0.8312879741742663
PHK,VASP_150_162,0.8312879741742663
PIM,VASP_150_162,0.8312879741742663
PKA,VASP_150_162,0.8312879741742663
PKCA,VASP_150_162,0.8312879741742663
PKD,VASP_150_162,0.8312879741742663
PKG,VASP_150_162,0.8312879741742663
RIPK,VASP_150_162,0.8312879741742663
RSK,VASP_150_162,0.8312879741742663
VRK2,VASP_150_162,0.8312879741742663
BARK1,VASP_232_244,-0.1610701461752173
CDK,VASP_232_244,-0.1610701461752173
DMPK,VASP_232_244,-0.1610701461752173
IKK,VASP_232_244,-0.1610701461752173
MAPKAPK,VASP_232_244,-0.1610701461752173
PHK,VASP_232_244,-0.1610701461752173
PIM,VASP_232_244,-0.1610701461752173
PKA,VASP_232_244,-0.1610701461752173
PKCA,VASP_232_244,-0.1610701461752173
PKCH,VASP_232_244,-0.1610701461752173
PKD,VASP_232_244,-0.1610701461752173
PKG,VASP_232_244,-0.1610701461752173
RIPK,VASP_232_244,-0.1610701461752173
RSK,VASP_232_244,-0.1610701461752173
VRK2,VASP_232_244,-0.1610701461752173
AKT,VASP_271_283,0.3111519048884131
ATR,VASP_271_283,0.3111519048884131
AMPK,VASP_271_283,0.3111519048884131
BARK1,VASP_271_283,0.3111519048884131
DMPK,VASP_271_283,0.3111519048884131
IKK,VASP_271_283,0.3111519048884131
PAKA,VASP_271_283,0.3111519048884131
PHK,VASP_271_283,0.3111519048884131
PIM,VASP_271_283,0.3111519048884131
PKA,VASP_271_283,0.3111519048884131
PKG,VASP_271_283,0.3111519048884131
RIPK,VASP_271_283,0.3111519048884131
RSK,VASP_271_283,0.3111519048884131
VRK2,VASP_271_283,0.3111519048884131
BARK1,ACM1_444_456,-0.0957275678777485
CDK,ACM1_444_456,-0.0957275678777485
CK1,ACM1_444_456,-0.0957275678777485
DAPK,ACM1_444_456,-0.0957275678777485
DMPK,ACM1_444_456,-0.0957275678777485
DYRK,ACM1_444_456,-0.0957275678777485
ERK,ACM1_444_456,-0.0957275678777485
GSK,ACM1_444_456,-0.0957275678777485
IRAK,ACM1_444_456,-0.0957275678777485
JNK,ACM1_444_456,-0.0957275678777485
MLCK,ACM1_444_456,-0.0957275678777485
P38,ACM1_444_456,-0.0957275678777485
PDK1,ACM1_444_456,-0.0957275678777485
PEK,ACM1_444_456,-0.0957275678777485
PHK,ACM1_444_456,-0.0957275678777485
PIM,ACM1_444_456,-0.0957275678777485
PKCA,ACM1_444_456,-0.0957275678777485
RSK,ACM1_444_456,-0.0957275678777485
VRK2,ACM1_444_456,-0.0957275678777485
BARK1,ACM4_456_468,0.09254498121343988
FRAY,ACM4_456_468,0.09254498121343988
MELK,ACM4_456_468,0.09254498121343988
PDHK,ACM4_456_468,0.09254498121343988
PDK1,ACM4_456_468,0.09254498121343988
PIM,ACM4_456_468,0.09254498121343988
PKCA,ACM4_456_468,0.09254498121343988
PKCH,ACM4_456_468,0.09254498121343988
VRK2,ACM4_456_468,0.09254498121343988
BARK1,ADDB_696_708,-0.3031706622890968
CDK,ADDB_696_708,-0.3031706622890968
CK1,ADDB_696_708,-0.3031706622890968
DMPK,ADDB_696_708,-0.3031706622890968
DYRK,ADDB_696_708,-0.3031706622890968
ERK,ADDB_696_708,-0.3031706622890968
GSK,ADDB_696_708,-0.3031706622890968
IKK,ADDB_696_708,-0.3031706622890968
JNK,ADDB_696_708,-0.3031706622890968
MELK,ADDB_696_708,-0.3031706622890968
MST,ADDB_696_708,-0.3031706622890968
NEK,ADDB_696_708,-0.3031706622890968
P38,ADDB_696_708,-0.3031706622890968
PDK1,ADDB_696_708,-0.3031706622890968
PEK,ADDB_696_708,-0.3031706622890968
PKCA,ADDB_696_708,-0.3031706622890968
PKCH,ADDB_696_708,-0.3031706622890968
PLK,ADDB_696_708,-0.3031706622890968
QIK,ADDB_696_708,-0.3031706622890968
RIPK,ADDB_696_708,-0.3031706622890968
STE7,ADDB_696_708,-0.3031706622890968
VRK1,ADDB_696_708,-0.3031706622890968
VRK2,ADDB_696_708,-0.3031706622890968
BARK1,ADDB_706_718,0.09434295923007152
CDK,ADDB_706_718,0.09434295923007152
CHK1,ADDB_706_718,0.09434295923007152
DMPK,ADDB_706_718,0.09434295923007152
DYRK,ADDB_706_718,0.09434295923007152
ERK,ADDB_706_718,0.09434295923007152
JNK,ADDB_706_718,0.09434295923007152
MAPKAPK,ADDB_706_718,0.09434295923007152
MST,ADDB_706_718,0.09434295923007152
NEK,ADDB_706_718,0.09434295923007152
P38,ADDB_706_718,0.09434295923007152
PAKA,ADDB_706_718,0.09434295923007152
PDHK,ADDB_706_718,0.09434295923007152
PDK1,ADDB_706_718,0.09434295923007152
PEK,ADDB_706_718,0.09434295923007152
PHK,ADDB_706_718,0.09434295923007152
PIM,ADDB_706_718,0.09434295923007152
PKCA,ADDB_706_718,0.09434295923007152
PLK,ADDB_706_718,0.09434295923007152
RAD53,ADDB_706_718,0.09434295923007152
RSK,ADDB_706_718,0.09434295923007152
VRK2,ADDB_706_718,0.09434295923007152
AKT,ADRB2_338_350,0.747425985326775
BARK1,ADRB2_338_350,0.747425985326775
CAMK1,ADRB2_338_350,0.747425985326775
CDK,ADRB2_338_350,0.747425985326775
CHK1,ADRB2_338_350,0.747425985326775
DMPK,ADRB2_338_350,0.747425985326775
GRK,ADRB2_338_350,0.747425985326775
PAKA,ADRB2_338_350,0.747425985326775
PKA,ADRB2_338_350,0.747425985326775
PKCA,ADRB2_338_350,0.747425985326775
PKCI,ADRB2_338_350,0.747425985326775
PKG,ADRB2_338_350,0.747425985326775
RAD53,ADRB2_338_350,0.747425985326775
RSK,ADRB2_338_350,0.747425985326775
VRK2,ADRB2_338_350,0.747425985326775
AKT,ANDR_785_797,0.3193155223680059
ATR,ANDR_785_797,0.3193155223680059
BARK1,ANDR_785_797,0.3193155223680059
DMPK,ANDR_785_797,0.3193155223680059
PHK,ANDR_785_797,0.3193155223680059
PIM,ANDR_785_797,0.3193155223680059
PKA,ANDR_785_797,0.3193155223680059
PKD,ANDR_785_797,0.3193155223680059
RAF,ANDR_785_797,0.3193155223680059
RSK,ANDR_785_797,0.3193155223680059
VRK2,ANDR_785_797,0.3193155223680059
AKT,ANXA1_209_221,0.4455914599987934
BARK1,ANXA1_209_221,0.4455914599987934
DMPK,ANXA1_209_221,0.4455914599987934
PHK,ANXA1_209_221,0.4455914599987934
PKA,ANXA1_209_221,0.4455914599987934
PKCA,ANXA1_209_221,0.4455914599987934
PKG,ANXA1_209_221,0.4455914599987934
RSK,ANXA1_209_221,0.4455914599987934
VRK2,ANXA1_209_221,0.4455914599987934
AMPK,BAD_112_124,0.8008922567049348
BARK1,BAD_112_124,0.8008922567049348
CK1,BAD_112_124,0.8008922567049348
DMPK,BAD_112_124,0.8008922567049348
FRAY,BAD_112_124,0.8008922567049348
IRAK,BAD_112_124,0.8008922567049348
NEK,BAD_112_124,0.8008922567049348
PAKA,BAD_112_124,0.8008922567049348
PDHK,BAD_112_124,0.8008922567049348
PEK,BAD_112_124,0.8008922567049348
PHK,BAD_112_124,0.8008922567049348
PIM,BAD_112_124,0.8008922567049348
PKA,BAD_112_124,0.8008922567049348
PKCA,BAD_112_124,0.8008922567049348
PKCI,BAD_112_124,0.8008922567049348
PKD,BAD_112_124,0.8008922567049348
PKG,BAD_112_124,0.8008922567049348
QIK,BAD_112_124,0.8008922567049348
RAF,BAD_112_124,0.8008922567049348
RSK,BAD_112_124,0.8008922567049348
STE7,BAD_112_124,0.8008922567049348
VRK2,BAD_112_124,0.8008922567049348
AKT,BAD_69_81,0.13569511265041417
BARK1,BAD_69_81,0.13569511265041417
CDK,BAD_69_81,0.13569511265041417
DMPK,BAD_69_81,0.13569511265041417
ERK,BAD_69_81,0.13569511265041417
MELK,BAD_69_81,0.13569511265041417
MTOR,BAD_69_81,0.13569511265041417
PAKA,BAD_69_81,0.13569511265041417
PAKB,BAD_69_81,0.13569511265041417
PDHK,BAD_69_81,0.13569511265041417
PDK1,BAD_69_81,0.13569511265041417
PEK,BAD_69_81,0.13569511265041417
PHK,BAD_69_81,0.13569511265041417
PIM,BAD_69_81,0.13569511265041417
PKA,BAD_69_81,0.13569511265041417
PKCA,BAD_69_81,0.13569511265041417
PKCI,BAD_69_81,0.13569511265041417
PKD,BAD_69_81,0.13569511265041417
PKG,BAD_69_81,0.13569511265041417
QIK,BAD_69_81,0.13569511265041417
RAD53,BAD_69_81,0.13569511265041417
RAF,BAD_69_81,0.13569511265041417
RSK,BAD_69_81,0.13569511265041417
SGK,BAD_69_81,0.13569511265041417
VRK2,BAD_69_81,0.13569511265041417
AKT,BAD_93_105,0.05588629154744613
BARK1,BAD_93_105,0.05588629154744613
DMPK,BAD_93_105,0.05588629154744613
MAPKAPK,BAD_93_105,0.05588629154744613
PAKA,BAD_93_105,0.05588629154744613
PHK,BAD_93_105,0.05588629154744613
PIM,BAD_93_105,0.05588629154744613
PKA,BAD_93_105,0.05588629154744613
PKCA,BAD_93_105,0.05588629154744613
PKCI,BAD_93_105,0.05588629154744613
PKD,BAD_93_105,0.05588629154744613
PKG,BAD_93_105,0.05588629154744613
QIK,BAD_93_105,0.05588629154744613
RAF,BAD_93_105,0.05588629154744613
RSK,BAD_93_105,0.05588629154744613
SGK,BAD_93_105,0.05588629154744613
VRK2,BAD_93_105,0.05588629154744613
AKT,BCKD_45_57,-0.00703057722073048
BARK1,BCKD_45_57,-0.00703057722073048
CDK,BCKD_45_57,-0.00703057722073048
DMPK,BCKD_45_57,-0.00703057722073048
FRAY,BCKD_45_57,-0.00703057722073048
GRK,BCKD_45_57,-0.00703057722073048
IKK,BCKD_45_57,-0.00703057722073048
MAPKAPK,BCKD_45_57,-0.00703057722073048
MELK,BCKD_45_57,-0.00703057722073048
MLCK,BCKD_45_57,-0.00703057722073048
MST,BCKD_45_57,-0.00703057722073048
PAKA,BCKD_45_57,-0.00703057722073048
PDHK,BCKD_45_57,-0.00703057722073048
PDK1,BCKD_45_57,-0.00703057722073048
PEK,BCKD_45_57,-0.00703057722073048
PHK,BCKD_45_57,-0.00703057722073048
PIM,BCKD_45_57,-0.00703057722073048
PKA,BCKD_45_57,-0.00703057722073048
PKCA,BCKD_45_57,-0.00703057722073048
PKG,BCKD_45_57,-0.00703057722073048
PLK,BCKD_45_57,-0.00703057722073048
QIK,BCKD_45_57,-0.00703057722073048
RSK,BCKD_45_57,-0.00703057722073048
SGK,BCKD_45_57,-0.00703057722073048
STE7,BCKD_45_57,-0.00703057722073048
VRK2,BCKD_45_57,-0.00703057722073048
BARK1,C1R_201_213,-0.05853683767828391
CDK,C1R_201_213,-0.05853683767828391
CK1,C1R_201_213,-0.05853683767828391
CK2,C1R_201_213,-0.05853683767828391
DMPK,C1R_201_213,-0.05853683767828391
DYRK,C1R_201_213,-0.05853683767828391
ERK,C1R_201_213,-0.05853683767828391
IRAK,C1R_201_213,-0.05853683767828391
JNK,C1R_201_213,-0.05853683767828391
P38,C1R_201_213,-0.05853683767828391
PDHK,C1R_201_213,-0.05853683767828391
PEK,C1R_201_213,-0.05853683767828391
PHK,C1R_201_213,-0.05853683767828391
PKCA,C1R_201_213,-0.05853683767828391
PLK,C1R_201_213,-0.05853683767828391
QIK,C1R_201_213,-0.05853683767828391
STE7,C1R_201_213,-0.05853683767828391
STKR,C1R_201_213,-0.05853683767828391
VRK2,C1R_201_213,-0.05853683767828391
BARK1,CAC1C_1974_1986,0.6092122046082048
CAMK1,CAC1C_1974_1986,0.6092122046082048
MAPKAPK,CAC1C_1974_1986,0.6092122046082048
PDHK,CAC1C_1974_1986,0.6092122046082048
PHK,CAC1C_1974_1986,0.6092122046082048
PIM,CAC1C_1974_1986,0.6092122046082048
PKCA,CAC1C_1974_1986,0.6092122046082048
PKD,CAC1C_1974_1986,0.6092122046082048
PKG,CAC1C_1974_1986,0.6092122046082048
QIK,CAC1C_1974_1986,0.6092122046082048
RAD53,CAC1C_1974_1986,0.6092122046082048
RIPK,CAC1C_1974_1986,0.6092122046082048
RSK,CAC1C_1974_1986,0.6092122046082048
VRK2,CAC1C_1974_1986,0.6092122046082048
AKT,CD27_212_224,0.1811838662271956
BARK1,CD27_212_224,0.1811838662271956
CDK,CD27_212_224,0.1811838662271956
DMPK,CD27_212_224,0.1811838662271956
ERK,CD27_212_224,0.1811838662271956
IKK,CD27_212_224,0.1811838662271956
JNK,CD27_212_224,0.1811838662271956
P38,CD27_212_224,0.1811838662271956
PDHK,CD27_212_224,0.1811838662271956
PEK,CD27_212_224,0.1811838662271956
PHK,CD27_212_224,0.1811838662271956
PIM,CD27_212_224,0.1811838662271956
PKCA,CD27_212_224,0.1811838662271956
PKD,CD27_212_224,0.1811838662271956
QIK,CD27_212_224,0.1811838662271956
RSK,CD27_212_224,0.1811838662271956
VRK2,CD27_212_224,0.1811838662271956
BARK1,CDC2_154_169,-0.15033372973205
CDK,CDC2_154_169,-0.15033372973205
COT,CDC2_154_169,-0.15033372973205
PEK,CDC2_154_169,-0.15033372973205
PKG,CDC2_154_169,-0.15033372973205
RSK,CDC2_154_169,-0.15033372973205
STE7,CDC2_154_169,-0.15033372973205
VRK2,CDC2_154_169,-0.15033372973205
BARK1,CDK7_163_175,-0.04691201452091261
CDK,CDK7_163_175,-0.04691201452091261
DMPK,CDK7_163_175,-0.04691201452091261
DYRK,CDK7_163_175,-0.04691201452091261
FRAY,CDK7_163_175,-0.04691201452091261
JNK,CDK7_163_175,-0.04691201452091261
MAPKAPK,CDK7_163_175,-0.04691201452091261
MST,CDK7_163_175,-0.04691201452091261
MTOR,CDK7_163_175,-0.04691201452091261
P38,CDK7_163_175,-0.04691201452091261
PDK1,CDK7_163_175,-0.04691201452091261
PEK,CDK7_163_175,-0.04691201452091261
PHK,CDK7_163_175,-0.04691201452091261
PIM,CDK7_163_175,-0.04691201452091261
PKCA,CDK7_163_175,-0.04691201452091261
PKCI,CDK7_163_175,-0.04691201452091261
PRKDC,CDK7_163_175,-0.04691201452091261
QIK,CDK7_163_175,-0.04691201452091261
STE7,CDK7_163_175,-0.04691201452091261
VRK2,CDK7_163_175,-0.04691201452091261
AUR,CENPA_1_14,0.17896993712879272
BARK1,CENPA_1_14,0.17896993712879272
DMPK,CENPA_1_14,0.17896993712879272
MAPKAPK,CENPA_1_14,0.17896993712879272
PIM,CENPA_1_14,0.17896993712879272
PKCA,CENPA_1_14,0.17896993712879272
PKG,CENPA_1_14,0.17896993712879272
VRK2,CENPA_1_14,0.17896993712879272
AMPK,CFTR_730_742,1.0227746303676195
BARK1,CFTR_730_742,1.0227746303676195
CAMK2,CFTR_730_742,1.0227746303676195
CDK,CFTR_730_742,1.0227746303676195
DAPK,CFTR_730_742,1.0227746303676195
DYRK,CFTR_730_742,1.0227746303676195
GRK,CFTR_730_742,1.0227746303676195
IKK,CFTR_730_742,1.0227746303676195
MAPKAPK,CFTR_730_742,1.0227746303676195
PAKA,CFTR_730_742,1.0227746303676195
PDHK,CFTR_730_742,1.0227746303676195
PEK,CFTR_730_742,1.0227746303676195
PHK,CFTR_730_742,1.0227746303676195
PKA,CFTR_730_742,1.0227746303676195
PKCA,CFTR_730_742,1.0227746303676195
PKD,CFTR_730_742,1.0227746303676195
PKG,CFTR_730_742,1.0227746303676195
QIK,CFTR_730_742,1.0227746303676195
RAD53,CFTR_730_742,1.0227746303676195
RSK,CFTR_730_742,1.0227746303676195
VRK2,CFTR_730_742,1.0227746303676195
AKT,CGHB_109_121,0.410031206756132
BARK1,CGHB_109_121,0.410031206756132
CAMK2,CGHB_109_121,0.410031206756132
DMPK,CGHB_109_121,0.410031206756132
IKK,CGHB_109_121,0.410031206756132
MTOR,CGHB_109_121,0.410031206756132
PDHK,CGHB_109_121,0.410031206756132
PDK1,CGHB_109_121,0.410031206756132
PEK,CGHB_109_121,0.410031206756132
PKA,CGHB_109_121,0.410031206756132
PKCA,CGHB_109_121,0.410031206756132
PKG,CGHB_109_121,0.410031206756132
RSK,CGHB_109_121,0.410031206756132
VRK2,CGHB_109_121,0.410031206756132
AMPK,CREB1_126_138,0.5930846444884814
ATM,CREB1_126_138,0.5930846444884814
BARK1,CREB1_126_138,0.5930846444884814
CAMK1,CREB1_126_138,0.5930846444884814
CAMK2,CREB1_126_138,0.5930846444884814
COT,CREB1_126_138,0.5930846444884814
DMPK,CREB1_126_138,0.5930846444884814
DYRK,CREB1_126_138,0.5930846444884814
GSK,CREB1_126_138,0.5930846444884814
MAPKAPK,CREB1_126_138,0.5930846444884814
PDHK,CREB1_126_138,0.5930846444884814
PHK,CREB1_126_138,0.5930846444884814
PIM,CREB1_126_138,0.5930846444884814
PKA,CREB1_126_138,0.5930846444884814
PKCA,CREB1_126_138,0.5930846444884814
PKCD,CREB1_126_138,0.5930846444884814
PKCH,CREB1_126_138,0.5930846444884814
PKD,CREB1_126_138,0.5930846444884814
QIK,CREB1_126_138,0.5930846444884814
RAD53,CREB1_126_138,0.5930846444884814
RSK,CREB1_126_138,0.5930846444884814
SGK,CREB1_126_138,0.5930846444884814
VRK2,CREB1_126_138,0.5930846444884814
AMPK,CSF1R_701_713,0.6344561528923899
BARK1,CSF1R_701_713,0.6344561528923899
CDK,CSF1R_701_713,0.6344561528923899
CK1,CSF1R_701_713,0.6344561528923899
DMPK,CSF1R_701_713,0.6344561528923899
PDHK,CSF1R_701_713,0.6344561528923899
PEK,CSF1R_701_713,0.6344561528923899
PIM,CSF1R_701_713,0.6344561528923899
PKA,CSF1R_701_713,0.6344561528923899
PKCA,CSF1R_701_713,0.6344561528923899
PKG,CSF1R_701_713,0.6344561528923899
RSK,CSF1R_701_713,0.6344561528923899
VRK2,CSF1R_701_713,0.6344561528923899
AMPK,DESP_2842_2854,1.0096071825362227
BARK1,DESP_2842_2854,1.0096071825362227
CAMK1,DESP_2842_2854,1.0096071825362227
CDK,DESP_2842_2854,1.0096071825362227
CK1,DESP_2842_2854,1.0096071825362227
DMPK,DESP_2842_2854,1.0096071825362227
GSK,DESP_2842_2854,1.0096071825362227
IKK,DESP_2842_2854,1.0096071825362227
MAPKAPK,DESP_2842_2854,1.0096071825362227
P38,DESP_2842_2854,1.0096071825362227
PDHK,DESP_2842_2854,1.0096071825362227
PDK1,DESP_2842_2854,1.0096071825362227
PEK,DESP_2842_2854,1.0096071825362227
PHK,DESP_2842_2854,1.0096071825362227
PIM,DESP_2842_2854,1.0096071825362227
PKA,DESP_2842_2854,1.0096071825362227
PKCA,DESP_2842_2854,1.0096071825362227
PKG,DESP_2842_2854,1.0096071825362227
QIK,DESP_2842_2854,1.0096071825362227
RIPK,DESP_2842_2854,1.0096071825362227
RSK,DESP_2842_2854,1.0096071825362227
SGK,DESP_2842_2854,1.0096071825362227
STE11,DESP_2842_2854,1.0096071825362227
STE7,DESP_2842_2854,1.0096071825362227
VRK2,DESP_2842_2854,1.0096071825362227
BARK1,EPB42_241_253,1.008485154745084
DMPK,EPB42_241_253,1.008485154745084
PHK,EPB42_241_253,1.008485154745084
PIM,EPB42_241_253,1.008485154745084
PKA,EPB42_241_253,1.008485154745084
PKCA,EPB42_241_253,1.008485154745084
PKG,EPB42_241_253,1.008485154745084
RAD53,EPB42_241_253,1.008485154745084
RSK,EPB42_241_253,1.008485154745084
VRK2,EPB42_241_253,1.008485154745084
BARK1,ERBB2_679_691,0.01722796155520889
DMPK,ERBB2_679_691,0.01722796155520889
PHK,ERBB2_679_691,0.01722796155520889
PIM,ERBB2_679_691,0.01722796155520889
PKA,ERBB2_679_691,0.01722796155520889
PKCA,ERBB2_679_691,0.01722796155520889
PKCD,ERBB2_679_691,0.01722796155520889
PKCH,ERBB2_679_691,0.01722796155520889
PKG,ERBB2_679_691,0.01722796155520889
RSK,ERBB2_679_691,0.01722796155520889
VRK2,ERBB2_679_691,0.01722796155520889
BARK1,ERF_519_531,0.14510425550486397
CDK,ERF_519_531,0.14510425550486397
CHK1,ERF_519_531,0.14510425550486397
DAPK,ERF_519_531,0.14510425550486397
DMPK,ERF_519_531,0.14510425550486397
DYRK,ERF_519_531,0.14510425550486397
ERK,ERF_519_531,0.14510425550486397
IRAK,ERF_519_531,0.14510425550486397
MST,ERF_519_531,0.14510425550486397
P38,ERF_519_531,0.14510425550486397
PDK1,ERF_519_531,0.14510425550486397
PEK,ERF_519_531,0.14510425550486397
PIM,ERF_519_531,0.14510425550486397
PKA,ERF_519_531,0.14510425550486397
PKCA,ERF_519_531,0.14510425550486397
PKG,ERF_519_531,0.14510425550486397
RAD53,ERF_519_531,0.14510425550486397
RSK,ERF_519_531,0.14510425550486397
VRK2,ERF_519_531,0.14510425550486397
AKT,ESR1_160_172,0.27172791010756353
AUR,ESR1_160_172,0.27172791010756353
BARK1,ESR1_160_172,0.27172791010756353
CK2,ESR1_160_172,0.27172791010756353
DMPK,ESR1_160_172,0.27172791010756353
IKK,ESR1_160_172,0.27172791010756353
PEK,ESR1_160_172,0.27172791010756353
PHK,ESR1_160_172,0.27172791010756353
PIM,ESR1_160_172,0.27172791010756353
PKCA,ESR1_160_172,0.27172791010756353
RSK,ESR1_160_172,0.27172791010756353
STE11,ESR1_160_172,0.27172791010756353
STE7,ESR1_160_172,0.27172791010756353
VRK2,ESR1_160_172,0.27172791010756353
BARK1,FIBA_569_581,0.2583076516064038
CDK,FIBA_569_581,0.2583076516064038
CK1,FIBA_569_581,0.2583076516064038
DAPK,FIBA_569_581,0.2583076516064038
DMPK,FIBA_569_581,0.2583076516064038
ERK,FIBA_569_581,0.2583076516064038
GSK,FIBA_569_581,0.2583076516064038
HAL,FIBA_569_581,0.2583076516064038
IKK,FIBA_569_581,0.2583076516064038
JNK,FIBA_569_581,0.2583076516064038
MLCK,FIBA_569_581,0.2583076516064038
MST,FIBA_569_581,0.2583076516064038
PDHK,FIBA_569_581,0.2583076516064038
PEK,FIBA_569_581,0.2583076516064038
PHK,FIBA_569_581,0.2583076516064038
PIM,FIBA_569_581,0.2583076516064038
PKA,FIBA_569_581,0.2583076516064038
PKCA,FIBA_569_581,0.2583076516064038
PKG,FIBA_569_581,0.2583076516064038
PLK,FIBA_569_581,0.2583076516064038
QIK,FIBA_569_581,0.2583076516064038
RAF,FIBA_569_581,0.2583076516064038
RIPK,FIBA_569_581,0.2583076516064038
RSK,FIBA_569_581,0.2583076516064038
SGK,FIBA_569_581,0.2583076516064038
STE7,FIBA_569_581,0.2583076516064038
VRK2,FIBA_569_581,0.2583076516064038
AKT,FOXO3_25_37,-0.02286282017724576
BARK1,FOXO3_25_37,-0.02286282017724576
CDK,FOXO3_25_37,-0.02286282017724576
ERK,FOXO3_25_37,-0.02286282017724576
MAPKAPK,FOXO3_25_37,-0.02286282017724576
P38,FOXO3_25_37,-0.02286282017724576
PHK,FOXO3_25_37,-0.02286282017724576
PIM,FOXO3_25_37,-0.02286282017724576
PKCA,FOXO3_25_37,-0.02286282017724576
QIK,FOXO3_25_37,-0.02286282017724576
RAF,FOXO3_25_37,-0.02286282017724576
RSK,FOXO3_25_37,-0.02286282017724576
SGK,FOXO3_25_37,-0.02286282017724576
VRK2,FOXO3_25_37,-0.02286282017724576
AKT,FRAP_2443_2455,0.24722353772456587
AMPK,FRAP_2443_2455,0.24722353772456587
BARK1,FRAP_2443_2455,0.24722353772456587
CK1,FRAP_2443_2455,0.24722353772456587
DAPK,FRAP_2443_2455,0.24722353772456587
DMPK,FRAP_2443_2455,0.24722353772456587
MAPKAPK,FRAP_2443_2455,0.24722353772456587
MELK,FRAP_2443_2455,0.24722353772456587
MLK,FRAP_2443_2455,0.24722353772456587
MSN,FRAP_2443_2455,0.24722353772456587
MTOR,FRAP_2443_2455,0.24722353772456587
NEK,FRAP_2443_2455,0.24722353772456587
PDHK,FRAP_2443_2455,0.24722353772456587
PDK1,FRAP_2443_2455,0.24722353772456587
PEK,FRAP_2443_2455,0.24722353772456587
PHK,FRAP_2443_2455,0.24722353772456587
PIM,FRAP_2443_2455,0.24722353772456587
PKA,FRAP_2443_2455,0.24722353772456587
PKCA,FRAP_2443_2455,0.24722353772456587
QIK,FRAP_2443_2455,0.24722353772456587
RSK,FRAP_2443_2455,0.24722353772456587
SGK,FRAP_2443_2455,0.24722353772456587
TAO,FRAP_2443_2455,0.24722353772456587
VRK2,FRAP_2443_2455,0.24722353772456587
AKT,GPR6_349_361,0.1446030870873066
BARK1,GPR6_349_361,0.1446030870873066
CDK,GPR6_349_361,0.1446030870873066
CK1,GPR6_349_361,0.1446030870873066
DMPK,GPR6_349_361,0.1446030870873066
DYRK,GPR6_349_361,0.1446030870873066
ERK,GPR6_349_361,0.1446030870873066
IKK,GPR6_349_361,0.1446030870873066
JNK,GPR6_349_361,0.1446030870873066
MAPKAPK,GPR6_349_361,0.1446030870873066
MELK,GPR6_349_361,0.1446030870873066
P38,GPR6_349_361,0.1446030870873066
PDK1,GPR6_349_361,0.1446030870873066
PEK,GPR6_349_361,0.1446030870873066
PHK,GPR6_349_361,0.1446030870873066
PKCA,GPR6_349_361,0.1446030870873066
QIK,GPR6_349_361,0.1446030870873066
RAF,GPR6_349_361,0.1446030870873066
RSK,GPR6_349_361,0.1446030870873066
SGK,GPR6_349_361,0.1446030870873066
VRK2,GPR6_349_361,0.1446030870873066
AMPK,GPSM2_394_406,1.0369994169400496
BARK1,GPSM2_394_406,1.0369994169400496
CAMK1,GPSM2_394_406,1.0369994169400496
CHK1,GPSM2_394_406,1.0369994169400496
DMPK,GPSM2_394_406,1.0369994169400496
IKK,GPSM2_394_406,1.0369994169400496
MAPKAPK,GPSM2_394_406,1.0369994169400496
MARK,GPSM2_394_406,1.0369994169400496
PHK,GPSM2_394_406,1.0369994169400496
PKCA,GPSM2_394_406,1.0369994169400496
PKD,GPSM2_394_406,1.0369994169400496
VRK2,GPSM2_394_406,1.0369994169400496
BARK1,GSUB_61_73,0.1089941993251721
CDK,GSUB_61_73,0.1089941993251721
DAPK,GSUB_61_73,0.1089941993251721
DMPK,GSUB_61_73,0.1089941993251721
DYRK,GSUB_61_73,0.1089941993251721
ERK,GSUB_61_73,0.1089941993251721
PDK1,GSUB_61_73,0.1089941993251721
PHK,GSUB_61_73,0.1089941993251721
PKA,GSUB_61_73,0.1089941993251721
PKG,GSUB_61_73,0.1089941993251721
PLK,GSUB_61_73,0.1089941993251721
VRK2,GSUB_61_73,0.1089941993251721
AKT,GYS2_1_13,-0.00520366101287688
BARK1,GYS2_1_13,-0.00520366101287688
CDK,GYS2_1_13,-0.00520366101287688
DMPK,GYS2_1_13,-0.00520366101287688
IKK,GYS2_1_13,-0.00520366101287688
MAPKAPK,GYS2_1_13,-0.00520366101287688
MTOR,GYS2_1_13,-0.00520366101287688
PEK,GYS2_1_13,-0.00520366101287688
PHK,GYS2_1_13,-0.00520366101287688
PKA,GYS2_1_13,-0.00520366101287688
PKCA,GYS2_1_13,-0.00520366101287688
QIK,GYS2_1_13,-0.00520366101287688
RSK,GYS2_1_13,-0.00520366101287688
SGK,GYS2_1_13,-0.00520366101287688
VRK2,GYS2_1_13,-0.00520366101287688
AKT,H2B1B_ 27_40,0.05888006145370372
AMPK,H2B1B_ 27_40,0.05888006145370372
BARK1,H2B1B_ 27_40,0.05888006145370372
CAMK1,H2B1B_ 27_40,0.05888006145370372
CDK,H2B1B_ 27_40,0.05888006145370372
COT,H2B1B_ 27_40,0.05888006145370372
DAPK,H2B1B_ 27_40,0.05888006145370372
DMPK,H2B1B_ 27_40,0.05888006145370372
IKK,H2B1B_ 27_40,0.05888006145370372
MLK,H2B1B_ 27_40,0.05888006145370372
MST,H2B1B_ 27_40,0.05888006145370372
PAKA,H2B1B_ 27_40,0.05888006145370372
PAKB,H2B1B_ 27_40,0.05888006145370372
PDHK,H2B1B_ 27_40,0.05888006145370372
PEK,H2B1B_ 27_40,0.05888006145370372
PHK,H2B1B_ 27_40,0.05888006145370372
PIM,H2B1B_ 27_40,0.05888006145370372
PKA,H2B1B_ 27_40,0.05888006145370372
PKCA,H2B1B_ 27_40,0.05888006145370372
PKCH,H2B1B_ 27_40,0.05888006145370372
PKD,H2B1B_ 27_40,0.05888006145370372
PKG,H2B1B_ 27_40,0.05888006145370372
PLK,H2B1B_ 27_40,0.05888006145370372
QIK,H2B1B_ 27_40,0.05888006145370372
RAD53,H2B1B_ 27_40,0.05888006145370372
RSK,H2B1B_ 27_40,0.05888006145370372
SGK,H2B1B_ 27_40,0.05888006145370372
VRK2,H2B1B_ 27_40,0.05888006145370372
AMPK,H32_3_18,0.08996017736343939
ATR,H32_3_18,0.08996017736343939
AUR,H32_3_18,0.08996017736343939
BARK1,H32_3_18,0.08996017736343939
DAPK,H32_3_18,0.08996017736343939
DMPK,H32_3_18,0.08996017736343939
DYRK,H32_3_18,0.08996017736343939
MLK,H32_3_18,0.08996017736343939
MST,H32_3_18,0.08996017736343939
MTOR,H32_3_18,0.08996017736343939
PHK,H32_3_18,0.08996017736343939
PIM,H32_3_18,0.08996017736343939
PKCA,H32_3_18,0.08996017736343939
PKCD,H32_3_18,0.08996017736343939
PRKDC,H32_3_18,0.08996017736343939
QIK,H32_3_18,0.08996017736343939
RAD53,H32_3_18,0.08996017736343939
RSK,H32_3_18,0.08996017736343939
STE7,H32_3_18,0.08996017736343939
VRK1,H32_3_18,0.08996017736343939
VRK2,H32_3_18,0.08996017736343939
BARK1,IF4E_203_215,0.06174191125771837
CDK,IF4E_203_215,0.06174191125771837
DMPK,IF4E_203_215,0.06174191125771837
ERK,IF4E_203_215,0.06174191125771837
GRK,IF4E_203_215,0.06174191125771837
IKK,IF4E_203_215,0.06174191125771837
LKB,IF4E_203_215,0.06174191125771837
MAPKAPK,IF4E_203_215,0.06174191125771837
MLK,IF4E_203_215,0.06174191125771837
P38,IF4E_203_215,0.06174191125771837
PEK,IF4E_203_215,0.06174191125771837
PKCA,IF4E_203_215,0.06174191125771837
QIK,IF4E_203_215,0.06174191125771837
RIPK,IF4E_203_215,0.06174191125771837
STKR,IF4E_203_215,0.06174191125771837
VRK1,IF4E_203_215,0.06174191125771837
VRK2,IF4E_203_215,0.06174191125771837
BARK1,K6PL_766_778,-0.12522795918963858
AKT,K6PL_766_778,-0.12522795918963858
CAMK2,K6PL_766_778,-0.12522795918963858
CDK,K6PL_766_778,-0.12522795918963858
MAPKAPK,K6PL_766_778,-0.12522795918963858
MARK,K6PL_766_778,-0.12522795918963858
MOS,K6PL_766_778,-0.12522795918963858
PEK,K6PL_766_778,-0.12522795918963858
PHK,K6PL_766_778,-0.12522795918963858
PKA,K6PL_766_778,-0.12522795918963858
PKCA,K6PL_766_778,-0.12522795918963858
PKG,K6PL_766_778,-0.12522795918963858
RAD53,K6PL_766_778,-0.12522795918963858
RSK,K6PL_766_778,-0.12522795918963858
VRK2,K6PL_766_778,-0.12522795918963858
BARK1,KAP2_92_104,0.6918040625380625
CDK,KAP2_92_104,0.6918040625380625
CK2,KAP2_92_104,0.6918040625380625
DMPK,KAP2_92_104,0.6918040625380625
ERK,KAP2_92_104,0.6918040625380625
GSK,KAP2_92_104,0.6918040625380625
MAPKAPK,KAP2_92_104,0.6918040625380625
PDHK,KAP2_92_104,0.6918040625380625
PEK,KAP2_92_104,0.6918040625380625
PHK,KAP2_92_104,0.6918040625380625
PIM,KAP2_92_104,0.6918040625380625
PKA,KAP2_92_104,0.6918040625380625
PKCA,KAP2_92_104,0.6918040625380625
PKD,KAP2_92_104,0.6918040625380625
PKG,KAP2_92_104,0.6918040625380625
QIK,KAP2_92_104,0.6918040625380625
RIPK,KAP2_92_104,0.6918040625380625
RSK,KAP2_92_104,0.6918040625380625
VRK2,KAP2_92_104,0.6918040625380625
AKT,KAP3_107_119,0.6448266668925484
AUR,KAP3_107_119,0.6448266668925484
BARK1,KAP3_107_119,0.6448266668925484
DMPK,KAP3_107_119,0.6448266668925484
MAPKAPK,KAP3_107_119,0.6448266668925484
PDHK,KAP3_107_119,0.6448266668925484
PHK,KAP3_107_119,0.6448266668925484
PKA,KAP3_107_119,0.6448266668925484
PKCA,KAP3_107_119,0.6448266668925484
RIPK,KAP3_107_119,0.6448266668925484
VRK2,KAP3_107_119,0.6448266668925484
BARK1,KAPCG_192_206,0.01013623443491308
CAMK2,KAPCG_192_206,0.01013623443491308
CDK,KAPCG_192_206,0.01013623443491308
DMPK,KAPCG_192_206,0.01013623443491308
DYRK,KAPCG_192_206,0.01013623443491308
ERK,KAPCG_192_206,0.01013623443491308
GSK,KAPCG_192_206,0.01013623443491308
IKK,KAPCG_192_206,0.01013623443491308
IRAK,KAPCG_192_206,0.01013623443491308
LKB,KAPCG_192_206,0.01013623443491308
MELK,KAPCG_192_206,0.01013623443491308
MST,KAPCG_192_206,0.01013623443491308
MTOR,KAPCG_192_206,0.01013623443491308
PDHK,KAPCG_192_206,0.01013623443491308
PDK1,KAPCG_192_206,0.01013623443491308
PHK,KAPCG_192_206,0.01013623443491308
PIM,KAPCG_192_206,0.01013623443491308
PKCH,KAPCG_192_206,0.01013623443491308
VRK2,KAPCG_192_206,0.01013623443491308
BARK1,KCC2G_278_289,0.19252935617284123
CAMK2,KCC2G_278_289,0.19252935617284123
CDK,KCC2G_278_289,0.19252935617284123
CK1,KCC2G_278_289,0.19252935617284123
MAPKAPK,KCC2G_278_289,0.19252935617284123
MELK,KCC2G_278_289,0.19252935617284123
MLCK,KCC2G_278_289,0.19252935617284123
PEK,KCC2G_278_289,0.19252935617284123
PHK,KCC2G_278_289,0.19252935617284123
PIM,KCC2G_278_289,0.19252935617284123
PKCA,KCC2G_278_289,0.19252935617284123
PKCI,KCC2G_278_289,0.19252935617284123
PLK,KCC2G_278_289,0.19252935617284123
QIK,KCC2G_278_289,0.19252935617284123
RSK,KCC2G_278_289,0.19252935617284123
SGK,KCC2G_278_289,0.19252935617284123
VRK2,KCC2G_278_289,0.19252935617284123
AKT,KCNA1_438_450,0.7444442132044292
AMPK,KCNA1_438_450,0.7444442132044292
BARK1,KCNA1_438_450,0.7444442132044292
CAMK1,KCNA1_438_450,0.7444442132044292
CDK,KCNA1_438_450,0.7444442132044292
CK1,KCNA1_438_450,0.7444442132044292
DAPK,KCNA1_438_450,0.7444442132044292
DMPK,KCNA1_438_450,0.7444442132044292
ERK,KCNA1_438_450,0.7444442132044292
GRK,KCNA1_438_450,0.7444442132044292
IKK,KCNA1_438_450,0.7444442132044292
JNK,KCNA1_438_450,0.7444442132044292
MAPKAPK,KCNA1_438_450,0.7444442132044292
MELK,KCNA1_438_450,0.7444442132044292
NEK,KCNA1_438_450,0.7444442132044292
P38,KCNA1_438_450,0.7444442132044292
PDHK,KCNA1_438_450,0.7444442132044292
PEK,KCNA1_438_450,0.7444442132044292
PHK,KCNA1_438_450,0.7444442132044292
PKA,KCNA1_438_450,0.7444442132044292
PKCA,KCNA1_438_450,0.7444442132044292
PKD,KCNA1_438_450,0.7444442132044292
PLK,KCNA1_438_450,0.7444442132044292
QIK,KCNA1_438_450,0.7444442132044292
RAD53,KCNA1_438_450,0.7444442132044292
RIPK,KCNA1_438_450,0.7444442132044292
RSK,KCNA1_438_450,0.7444442132044292
SGK,KCNA1_438_450,0.7444442132044292
STE7,KCNA1_438_450,0.7444442132044292
STKR,KCNA1_438_450,0.7444442132044292
VRK2,KCNA1_438_450,0.7444442132044292
AKT,KCNA2_442_454,0.3516715580465369
AMPK,KCNA2_442_454,0.3516715580465369
BARK1,KCNA2_442_454,0.3516715580465369
CAMK1,KCNA2_442_454,0.3516715580465369
CAMK2,KCNA2_442_454,0.3516715580465369
CDK,KCNA2_442_454,0.3516715580465369
CHK1,KCNA2_442_454,0.3516715580465369
CK1,KCNA2_442_454,0.3516715580465369
DMPK,KCNA2_442_454,0.3516715580465369
IKK,KCNA2_442_454,0.3516715580465369
JNK,KCNA2_442_454,0.3516715580465369
MAPKAPK,KCNA2_442_454,0.3516715580465369
NEK,KCNA2_442_454,0.3516715580465369
P38,KCNA2_442_454,0.3516715580465369
PDHK,KCNA2_442_454,0.3516715580465369
PEK,KCNA2_442_454,0.3516715580465369
PHK,KCNA2_442_454,0.3516715580465369
PIM,KCNA2_442_454,0.3516715580465369
PKCA,KCNA2_442_454,0.3516715580465369
PKD,KCNA2_442_454,0.3516715580465369
QIK,KCNA2_442_454,0.3516715580465369
RAD53,KCNA2_442_454,0.3516715580465369
RIPK,KCNA2_442_454,0.3516715580465369
RSK,KCNA2_442_454,0.3516715580465369
SGK,KCNA2_442_454,0.3516715580465369
STKR,KCNA2_442_454,0.3516715580465369
VRK2,KCNA2_442_454,0.3516715580465369
AKT,KCNA3_461_473,0.21126819666598468
AMPK,KCNA3_461_473,0.21126819666598468
BARK1,KCNA3_461_473,0.21126819666598468
CAMK1,KCNA3_461_473,0.21126819666598468
CDK,KCNA3_461_473,0.21126819666598468
CHK1,KCNA3_461_473,0.21126819666598468
CK1,KCNA3_461_473,0.21126819666598468
DMPK,KCNA3_461_473,0.21126819666598468
IKK,KCNA3_461_473,0.21126819666598468
JNK,KCNA3_461_473,0.21126819666598468
KHS,KCNA3_461_473,0.21126819666598468
MAPKAPK,KCNA3_461_473,0.21126819666598468
MARK,KCNA3_461_473,0.21126819666598468
MST,KCNA3_461_473,0.21126819666598468
P38,KCNA3_461_473,0.21126819666598468
PAKA,KCNA3_461_473,0.21126819666598468
PDHK,KCNA3_461_473,0.21126819666598468
PDK1,KCNA3_461_473,0.21126819666598468
PEK,KCNA3_461_473,0.21126819666598468
PHK,KCNA3_461_473,0.21126819666598468
PKA,KCNA3_461_473,0.21126819666598468
PKCA,KCNA3_461_473,0.21126819666598468
PKD,KCNA3_461_473,0.21126819666598468
PKG,KCNA3_461_473,0.21126819666598468
PLK,KCNA3_461_473,0.21126819666598468
QIK,KCNA3_461_473,0.21126819666598468
RAD53,KCNA3_461_473,0.21126819666598468
RSK,KCNA3_461_473,0.21126819666598468
STE7,KCNA3_461_473,0.21126819666598468
VRK2,KCNA3_461_473,0.21126819666598468
AMPK,KCNB1_489_501,0.3433375854057612
BARK1,KCNB1_489_501,0.3433375854057612
CAMK1,KCNB1_489_501,0.3433375854057612
CAMK2,KCNB1_489_501,0.3433375854057612
CDK,KCNB1_489_501,0.3433375854057612
CHK1,KCNB1_489_501,0.3433375854057612
CK1,KCNB1_489_501,0.3433375854057612
CK2,KCNB1_489_501,0.3433375854057612
DAPK,KCNB1_489_501,0.3433375854057612
DMPK,KCNB1_489_501,0.3433375854057612
GRK,KCNB1_489_501,0.3433375854057612
IKK,KCNB1_489_501,0.3433375854057612
MAPKAPK,KCNB1_489_501,0.3433375854057612
MELK,KCNB1_489_501,0.3433375854057612
MLCK,KCNB1_489_501,0.3433375854057612
MLK,KCNB1_489_501,0.3433375854057612
MST,KCNB1_489_501,0.3433375854057612
NAK,KCNB1_489_501,0.3433375854057612
NEK,KCNB1_489_501,0.3433375854057612
PDHK,KCNB1_489_501,0.3433375854057612
PEK,KCNB1_489_501,0.3433375854057612
PHK,KCNB1_489_501,0.3433375854057612
PIM,KCNB1_489_501,0.3433375854057612
PKA,KCNB1_489_501,0.3433375854057612
PKCA,KCNB1_489_501,0.3433375854057612
PKCD,KCNB1_489_501,0.3433375854057612
PKD,KCNB1_489_501,0.3433375854057612
QIK,KCNB1_489_501,0.3433375854057612
RIPK,KCNB1_489_501,0.3433375854057612
RSK,KCNB1_489_501,0.3433375854057612
SGK,KCNB1_489_501,0.3433375854057612
STE7,KCNB1_489_501,0.3433375854057612
STKR,KCNB1_489_501,0.3433375854057612
VRK2,KCNB1_489_501,0.3433375854057612
BARK1,KIF2C_105_118_S106G,0.12549035930025157
CAMK2,KIF2C_105_118_S106G,0.12549035930025157
CDK,KIF2C_105_118_S106G,0.12549035930025157
DMPK,KIF2C_105_118_S106G,0.12549035930025157
FRAY,KIF2C_105_118_S106G,0.12549035930025157
IKK,KIF2C_105_118_S106G,0.12549035930025157
MELK,KIF2C_105_118_S106G,0.12549035930025157
NEK,KIF2C_105_118_S106G,0.12549035930025157
PAKA,KIF2C_105_118_S106G,0.12549035930025157
PDHK,KIF2C_105_118_S106G,0.12549035930025157
PEK,KIF2C_105_118_S106G,0.12549035930025157
PHK,KIF2C_105_118_S106G,0.12549035930025157
PKCA,KIF2C_105_118_S106G,0.12549035930025157
PKD,KIF2C_105_118_S106G,0.12549035930025157
QIK,KIF2C_105_118_S106G,0.12549035930025157
RIPK,KIF2C_105_118_S106G,0.12549035930025157
RSK,KIF2C_105_118_S106G,0.12549035930025157
VRK2,KIF2C_105_118_S106G,0.12549035930025157
BARK1,KPB1_1011_1023,0.8641925620439336
CDK,KPB1_1011_1023,0.8641925620439336
CK1,KPB1_1011_1023,0.8641925620439336
DMPK,KPB1_1011_1023,0.8641925620439336
IKK,KPB1_1011_1023,0.8641925620439336
P38,KPB1_1011_1023,0.8641925620439336
PAKA,KPB1_1011_1023,0.8641925620439336
PDHK,KPB1_1011_1023,0.8641925620439336
PEK,KPB1_1011_1023,0.8641925620439336
PHK,KPB1_1011_1023,0.8641925620439336
PIM,KPB1_1011_1023,0.8641925620439336
PKA,KPB1_1011_1023,0.8641925620439336
PKCA,KPB1_1011_1023,0.8641925620439336
PKD,KPB1_1011_1023,0.8641925620439336
RIPK,KPB1_1011_1023,0.8641925620439336
RSK,KPB1_1011_1023,0.8641925620439336
SGK,KPB1_1011_1023,0.8641925620439336
VRK2,KPB1_1011_1023,0.8641925620439336
BARK1,KS6A1_374_386,-0.04691368409404095
COT,KS6A1_374_386,-0.04691368409404095
FRAY,KS6A1_374_386,-0.04691368409404095
MAPKAPK,KS6A1_374_386,-0.04691368409404095
MSN,KS6A1_374_386,-0.04691368409404095
MTOR,KS6A1_374_386,-0.04691368409404095
PDHK,KS6A1_374_386,-0.04691368409404095
PDK1,KS6A1_374_386,-0.04691368409404095
PEK,KS6A1_374_386,-0.04691368409404095
PHK,KS6A1_374_386,-0.04691368409404095
PIM,KS6A1_374_386,-0.04691368409404095
PKCA,KS6A1_374_386,-0.04691368409404095
RAD53,KS6A1_374_386,-0.04691368409404095
RSK,KS6A1_374_386,-0.04691368409404095
STE7,KS6A1_374_386,-0.04691368409404095
VRK2,KS6A1_374_386,-0.04691368409404095
AMPK,LIPS_944_956,0.6041812252972102
ATR,LIPS_944_956,0.6041812252972102
BARK1,LIPS_944_956,0.6041812252972102
CDK,LIPS_944_956,0.6041812252972102
DMPK,LIPS_944_956,0.6041812252972102
ERK,LIPS_944_956,0.6041812252972102
NDR,LIPS_944_956,0.6041812252972102
PDHK,LIPS_944_956,0.6041812252972102
PEK,LIPS_944_956,0.6041812252972102
PIM,LIPS_944_956,0.6041812252972102
PKA,LIPS_944_956,0.6041812252972102
PKCA,LIPS_944_956,0.6041812252972102
PKG,LIPS_944_956,0.6041812252972102
PRKDC,LIPS_944_956,0.6041812252972102
RAF,LIPS_944_956,0.6041812252972102
RSK,LIPS_944_956,0.6041812252972102
STE7,LIPS_944_956,0.6041812252972102
VRK2,LIPS_944_956,0.6041812252972102
BARK1,LMNB1_16_28,-0.27898531542381055
CDK,LMNB1_16_28,-0.27898531542381055
DMPK,LMNB1_16_28,-0.27898531542381055
DYRK,LMNB1_16_28,-0.27898531542381055
ERK,LMNB1_16_28,-0.27898531542381055
GSK,LMNB1_16_28,-0.27898531542381055
IKK,LMNB1_16_28,-0.27898531542381055
IRAK,LMNB1_16_28,-0.27898531542381055
JNK,LMNB1_16_28,-0.27898531542381055
MLK,LMNB1_16_28,-0.27898531542381055
NMO,LMNB1_16_28,-0.27898531542381055
P38,LMNB1_16_28,-0.27898531542381055
PDK1,LMNB1_16_28,-0.27898531542381055
PEK,LMNB1_16_28,-0.27898531542381055
PIM,LMNB1_16_28,-0.27898531542381055
PKCA,LMNB1_16_28,-0.27898531542381055
PKG,LMNB1_16_28,-0.27898531542381055
RSK,LMNB1_16_28,-0.27898531542381055
STE7,LMNB1_16_28,-0.27898531542381055
VRK2,LMNB1_16_28,-0.27898531542381055
BARK1,MARCS_152_164,0.03988429344342906
CDK,MARCS_152_164,0.03988429344342906
DAPK,MARCS_152_164,0.03988429344342906
DMPK,MARCS_152_164,0.03988429344342906
ERK,MARCS_152_164,0.03988429344342906
JNK,MARCS_152_164,0.03988429344342906
P38,MARCS_152_164,0.03988429344342906
PAKA,MARCS_152_164,0.03988429344342906
PDHK,MARCS_152_164,0.03988429344342906
PDK1,MARCS_152_164,0.03988429344342906
PEK,MARCS_152_164,0.03988429344342906
PHK,MARCS_152_164,0.03988429344342906
PKA,MARCS_152_164,0.03988429344342906
PKCA,MARCS_152_164,0.03988429344342906
PKCH,MARCS_152_164,0.03988429344342906
PKCI,MARCS_152_164,0.03988429344342906
PKD,MARCS_152_164,0.03988429344342906
PKG,MARCS_152_164,0.03988429344342906
PKN,MARCS_152_164,0.03988429344342906
RAD53,MARCS_152_164,0.03988429344342906
VRK2,MARCS_152_164,0.03988429344342906
BARK1,MARCS_160_172,0.20273894646787277
CDK,MARCS_160_172,0.20273894646787277
DMPK,MARCS_160_172,0.20273894646787277
ERK,MARCS_160_172,0.20273894646787277
JNK,MARCS_160_172,0.20273894646787277
MLK,MARCS_160_172,0.20273894646787277
P38,MARCS_160_172,0.20273894646787277
PDHK,MARCS_160_172,0.20273894646787277
PDK1,MARCS_160_172,0.20273894646787277
PEK,MARCS_160_172,0.20273894646787277
PKCA,MARCS_160_172,0.20273894646787277
RAD53,MARCS_160_172,0.20273894646787277
RIPK,MARCS_160_172,0.20273894646787277
VRK2,MARCS_160_172,0.20273894646787277
BARK1,MBP_222_234,-0.1416239324216487
CDK,MBP_222_234,-0.1416239324216487
DYRK,MBP_222_234,-0.1416239324216487
ERK,MBP_222_234,-0.1416239324216487
GSK,MBP_222_234,-0.1416239324216487
JNK,MBP_222_234,-0.1416239324216487
MTOR,MBP_222_234,-0.1416239324216487
PDK1,MBP_222_234,-0.1416239324216487
PEK,MBP_222_234,-0.1416239324216487
VRK2,MBP_222_234,-0.1416239324216487
BARK1,MP2K1_287_299,-0.05021807151520423
CDK,MP2K1_287_299,-0.05021807151520423
DMPK,MP2K1_287_299,-0.05021807151520423
DYRK,MP2K1_287_299,-0.05021807151520423
ERK,MP2K1_287_299,-0.05021807151520423
JNK,MP2K1_287_299,-0.05021807151520423
MAPKAPK,MP2K1_287_299,-0.05021807151520423
P38,MP2K1_287_299,-0.05021807151520423
PAKA,MP2K1_287_299,-0.05021807151520423
PDHK,MP2K1_287_299,-0.05021807151520423
PDK1,MP2K1_287_299,-0.05021807151520423
PEK,MP2K1_287_299,-0.05021807151520423
PHK,MP2K1_287_299,-0.05021807151520423
PIM,MP2K1_287_299,-0.05021807151520423
PKCA,MP2K1_287_299,-0.05021807151520423
PKD,MP2K1_287_299,-0.05021807151520423
STE7,MP2K1_287_299,-0.05021807151520423
VRK2,MP2K1_287_299,-0.05021807151520423
ATR,MPIP1_172_184,0.04398542732114604
BARK1,MPIP1_172_184,0.04398542732114604
CHK1,MPIP1_172_184,0.04398542732114604
DMPK,MPIP1_172_184,0.04398542732114604
MAPKAPK,MPIP1_172_184,0.04398542732114604
PHK,MPIP1_172_184,0.04398542732114604
PIM,MPIP1_172_184,0.04398542732114604
PKCA,MPIP1_172_184,0.04398542732114604
PRKDC,MPIP1_172_184,0.04398542732114604
QIK,MPIP1_172_184,0.04398542732114604
RAD53,MPIP1_172_184,0.04398542732114604
RAF,MPIP1_172_184,0.04398542732114604
RSK,MPIP1_172_184,0.04398542732114604
VRK2,MPIP1_172_184,0.04398542732114604
BARK1,MPIP3_208_220,0.450529505325442
BRSK,MPIP3_208_220,0.450529505325442
CAMK1,MPIP3_208_220,0.450529505325442
CDK,MPIP3_208_220,0.450529505325442
CHK1,MPIP3_208_220,0.450529505325442
DMPK,MPIP3_208_220,0.450529505325442
DYRK,MPIP3_208_220,0.450529505325442
ERK,MPIP3_208_220,0.450529505325442
IKK,MPIP3_208_220,0.450529505325442
JNK,MPIP3_208_220,0.450529505325442
MAPKAPK,MPIP3_208_220,0.450529505325442
MARK,MPIP3_208_220,0.450529505325442
MELK,MPIP3_208_220,0.450529505325442
P38,MPIP3_208_220,0.450529505325442
PDK1,MPIP3_208_220,0.450529505325442
PEK,MPIP3_208_220,0.450529505325442
PHK,MPIP3_208_220,0.450529505325442
PKCA,MPIP3_208_220,0.450529505325442
QIK,MPIP3_208_220,0.450529505325442
RAD53,MPIP3_208_220,0.450529505325442
RIPK,MPIP3_208_220,0.450529505325442
VRK2,MPIP3_208_220,0.450529505325442
AKT,NCF1_321_333,0.7128328993081924
BARK1,NCF1_321_333,0.7128328993081924
DMPK,NCF1_321_333,0.7128328993081924
IRAK,NCF1_321_333,0.7128328993081924
PHK,NCF1_321_333,0.7128328993081924
PKA,NCF1_321_333,0.7128328993081924
PKCA,NCF1_321_333,0.7128328993081924
PKCD,NCF1_321_333,0.7128328993081924
QIK,NCF1_321_333,0.7128328993081924
VRK2,NCF1_321_333,0.7128328993081924
BARK1,NEK2_172_184,-0.17745495171035142
CAMK1,NEK2_172_184,-0.17745495171035142
CAMK2,NEK2_172_184,-0.17745495171035142
CDK,NEK2_172_184,-0.17745495171035142
DYRK,NEK2_172_184,-0.17745495171035142
ERK,NEK2_172_184,-0.17745495171035142
FRAY,NEK2_172_184,-0.17745495171035142
LKB,NEK2_172_184,-0.17745495171035142
MELK,NEK2_172_184,-0.17745495171035142
MST,NEK2_172_184,-0.17745495171035142
MTOR,NEK2_172_184,-0.17745495171035142
NEK,NEK2_172_184,-0.17745495171035142
P38,NEK2_172_184,-0.17745495171035142
PDHK,NEK2_172_184,-0.17745495171035142
PDK1,NEK2_172_184,-0.17745495171035142
PEK,NEK2_172_184,-0.17745495171035142
PKCA,NEK2_172_184,-0.17745495171035142
PKCH,NEK2_172_184,-0.17745495171035142
RSK,NEK2_172_184,-0.17745495171035142
STE11,NEK2_172_184,-0.17745495171035142
STE7,NEK2_172_184,-0.17745495171035142
VRK2,NEK2_172_184,-0.17745495171035142
BARK1,NEK3_158_170,-0.29521910068876817
CAMK2,NEK3_158_170,-0.29521910068876817
DYRK,NEK3_158_170,-0.29521910068876817
ERK,NEK3_158_170,-0.29521910068876817
LKB,NEK3_158_170,-0.29521910068876817
MST,NEK3_158_170,-0.29521910068876817
NEK,NEK3_158_170,-0.29521910068876817
PDHK,NEK3_158_170,-0.29521910068876817
PDK1,NEK3_158_170,-0.29521910068876817
PEK,NEK3_158_170,-0.29521910068876817
PKCH,NEK3_158_170,-0.29521910068876817
STE11,NEK3_158_170,-0.29521910068876817
STE7,NEK3_158_170,-0.29521910068876817
VRK2,NEK3_158_170,-0.29521910068876817
BARK1,NFKB1_330_342,0.7900809369192944
CDK,NFKB1_330_342,0.7900809369192944
DMPK,NFKB1_330_342,0.7900809369192944
IKK,NFKB1_330_342,0.7900809369192944
MAPKAPK,NFKB1_330_342,0.7900809369192944
PAKA,NFKB1_330_342,0.7900809369192944
PDHK,NFKB1_330_342,0.7900809369192944
PEK,NFKB1_330_342,0.7900809369192944
PIM,NFKB1_330_342,0.7900809369192944
PKA,NFKB1_330_342,0.7900809369192944
PKCA,NFKB1_330_342,0.7900809369192944
PKG,NFKB1_330_342,0.7900809369192944
PLK,NFKB1_330_342,0.7900809369192944
STE7,NFKB1_330_342,0.7900809369192944
VRK2,NFKB1_330_342,0.7900809369192944
BARK1,NMDZ1_890_902,0.4553064511442682
AKT,NMDZ1_890_902,0.4553064511442682
AMPK,NMDZ1_890_902,0.4553064511442682
AUR,NMDZ1_890_902,0.4553064511442682
CAMK1,NMDZ1_890_902,0.4553064511442682
CDK,NMDZ1_890_902,0.4553064511442682
CHK1,NMDZ1_890_902,0.4553064511442682
DAPK,NMDZ1_890_902,0.4553064511442682
DMPK,NMDZ1_890_902,0.4553064511442682
FRAY,NMDZ1_890_902,0.4553064511442682
GRK,NMDZ1_890_902,0.4553064511442682
IKK,NMDZ1_890_902,0.4553064511442682
MELK,NMDZ1_890_902,0.4553064511442682
MLK,NMDZ1_890_902,0.4553064511442682
MSN,NMDZ1_890_902,0.4553064511442682
MST,NMDZ1_890_902,0.4553064511442682
MTOR,NMDZ1_890_902,0.4553064511442682
PAKA,NMDZ1_890_902,0.4553064511442682
PDHK,NMDZ1_890_902,0.4553064511442682
PDK1,NMDZ1_890_902,0.4553064511442682
PEK,NMDZ1_890_902,0.4553064511442682
PHK,NMDZ1_890_902,0.4553064511442682
PIM,NMDZ1_890_902,0.4553064511442682
PKA,NMDZ1_890_902,0.4553064511442682
PKCA,NMDZ1_890_902,0.4553064511442682
PKCI,NMDZ1_890_902,0.4553064511442682
PKD,NMDZ1_890_902,0.4553064511442682
PKG,NMDZ1_890_902,0.4553064511442682
PLK,NMDZ1_890_902,0.4553064511442682
QIK,NMDZ1_890_902,0.4553064511442682
RAD53,NMDZ1_890_902,0.4553064511442682
RAF,NMDZ1_890_902,0.4553064511442682
RIPK,NMDZ1_890_902,0.4553064511442682
RSK,NMDZ1_890_902,0.4553064511442682
SGK,NMDZ1_890_902,0.4553064511442682
STE7,NMDZ1_890_902,0.4553064511442682
VRK2,NMDZ1_890_902,0.4553064511442682
AKT,NOS3_1171_1183,0.21853458352464727
AMPK,NOS3_1171_1183,0.21853458352464727
BARK1,NOS3_1171_1183,0.21853458352464727
CDK,NOS3_1171_1183,0.21853458352464727
CK1,NOS3_1171_1183,0.21853458352464727
DMPK,NOS3_1171_1183,0.21853458352464727
MELK,NOS3_1171_1183,0.21853458352464727
PDHK,NOS3_1171_1183,0.21853458352464727
PDK1,NOS3_1171_1183,0.21853458352464727
PEK,NOS3_1171_1183,0.21853458352464727
PHK,NOS3_1171_1183,0.21853458352464727
PIM,NOS3_1171_1183,0.21853458352464727
PKA,NOS3_1171_1183,0.21853458352464727
PKCA,NOS3_1171_1183,0.21853458352464727
PKG,NOS3_1171_1183,0.21853458352464727
QIK,NOS3_1171_1183,0.21853458352464727
RAD53,NOS3_1171_1183,0.21853458352464727
RIPK,NOS3_1171_1183,0.21853458352464727
RSK,NOS3_1171_1183,0.21853458352464727
SGK,NOS3_1171_1183,0.21853458352464727
VRK2,NOS3_1171_1183,0.21853458352464727
AKT,NR4A1_344_356,0.0607126107434004
BARK1,NR4A1_344_356,0.0607126107434004
CDK,NR4A1_344_356,0.0607126107434004
DMPK,NR4A1_344_356,0.0607126107434004
PHK,NR4A1_344_356,0.0607126107434004
PIM,NR4A1_344_356,0.0607126107434004
PKA,NR4A1_344_356,0.0607126107434004
PKCA,NR4A1_344_356,0.0607126107434004
RAF,NR4A1_344_356,0.0607126107434004
RSK,NR4A1_344_356,0.0607126107434004
VRK2,NR4A1_344_356,0.0607126107434004
AUR,P53_308_323,-0.05920973930075283
BARK1,P53_308_323,-0.05920973930075283
CAMK1,P53_308_323,-0.05920973930075283
CDK,P53_308_323,-0.05920973930075283
DYRK,P53_308_323,-0.05920973930075283
ERK,P53_308_323,-0.05920973930075283
IKK,P53_308_323,-0.05920973930075283
JNK,P53_308_323,-0.05920973930075283
P38,P53_308_323,-0.05920973930075283
PKCA,P53_308_323,-0.05920973930075283
PLK,P53_308_323,-0.05920973930075283
QIK,P53_308_323,-0.05920973930075283
STE7,P53_308_323,-0.05920973930075283
VRK2,P53_308_323,-0.05920973930075283
AUR,PLEK_106_118,0.16508702695536215
BARK1,PLEK_106_118,0.16508702695536215
CDK,PLEK_106_118,0.16508702695536215
CK1,PLEK_106_118,0.16508702695536215
DMPK,PLEK_106_118,0.16508702695536215
MST,PLEK_106_118,0.16508702695536215
PEK,PLEK_106_118,0.16508702695536215
PKCA,PLEK_106_118,0.16508702695536215
PKCD,PLEK_106_118,0.16508702695536215
PKCH,PLEK_106_118,0.16508702695536215
PLK,PLEK_106_118,0.16508702695536215
VRK2,PLEK_106_118,0.16508702695536215
BARK1,PLM_76_88,0.575259554280259
CDK,PLM_76_88,0.575259554280259
DMPK,PLM_76_88,0.575259554280259
IKK,PLM_76_88,0.575259554280259
PAKA,PLM_76_88,0.575259554280259
PDHK,PLM_76_88,0.575259554280259
PDK1,PLM_76_88,0.575259554280259
PEK,PLM_76_88,0.575259554280259
PIM,PLM_76_88,0.575259554280259
PKA,PLM_76_88,0.575259554280259
PKCA,PLM_76_88,0.575259554280259
PKD,PLM_76_88,0.575259554280259
PKG,PLM_76_88,0.575259554280259
PLK,PLM_76_88,0.575259554280259
RAD53,PLM_76_88,0.575259554280259
RIPK,PLM_76_88,0.575259554280259
RSK,PLM_76_88,0.575259554280259
STE7,PLM_76_88,0.575259554280259
VRK2,PLM_76_88,0.575259554280259
EGFR,PP2AB_297_309,-0.2824976426732566
CSK,PP2AB_297_309,-0.2824976426732566
TEC,PP2AB_297_309,-0.2824976426732566
PDGFR,PP2AB_297_309,-0.2824976426732566
SYK,PP2AB_297_309,-0.2824976426732566
AXL,PP2AB_297_309,-0.2824976426732566
VEGFR,PP2AB_297_309,-0.2824976426732566
BARK1,PP2AB_297_309,-0.2824976426732566
BARK2,PP2AB_297_309,-0.2824976426732566
CDK,PP2AB_297_309,-0.2824976426732566
DYRK,PP2AB_297_309,-0.2824976426732566
JNK,PP2AB_297_309,-0.2824976426732566
VRK2,PP2AB_297_309,-0.2824976426732566
AKT,PPR1A_28_40,0.0305897422037423
BARK1,PPR1A_28_40,0.0305897422037423
CDK,PPR1A_28_40,0.0305897422037423
DAPK,PPR1A_28_40,0.0305897422037423
DMPK,PPR1A_28_40,0.0305897422037423
DYRK,PPR1A_28_40,0.0305897422037423
GSK,PPR1A_28_40,0.0305897422037423
JNK,PPR1A_28_40,0.0305897422037423
P38,PPR1A_28_40,0.0305897422037423
PDK1,PPR1A_28_40,0.0305897422037423
PEK,PPR1A_28_40,0.0305897422037423
PHK,PPR1A_28_40,0.0305897422037423
PKA,PPR1A_28_40,0.0305897422037423
RSK,PPR1A_28_40,0.0305897422037423
VRK2,PPR1A_28_40,0.0305897422037423
ATR,PRKDC_2618_2630,-0.09813030131843568
BARK1,PRKDC_2618_2630,-0.09813030131843568
BARK2,PRKDC_2618_2630,-0.09813030131843568
CK1,PRKDC_2618_2630,-0.09813030131843568
DMPK,PRKDC_2618_2630,-0.09813030131843568
IKK,PRKDC_2618_2630,-0.09813030131843568
MELK,PRKDC_2618_2630,-0.09813030131843568
MLK,PRKDC_2618_2630,-0.09813030131843568
MTOR,PRKDC_2618_2630,-0.09813030131843568
NEK,PRKDC_2618_2630,-0.09813030131843568
P38,PRKDC_2618_2630,-0.09813030131843568
PHK,PRKDC_2618_2630,-0.09813030131843568
PIM,PRKDC_2618_2630,-0.09813030131843568
PKA,PRKDC_2618_2630,-0.09813030131843568
PKCA,PRKDC_2618_2630,-0.09813030131843568
PKG,PRKDC_2618_2630,-0.09813030131843568
PRKDC,PRKDC_2618_2630,-0.09813030131843568
PLK,PRKDC_2618_2630,-0.09813030131843568
QIK,PRKDC_2618_2630,-0.09813030131843568
SGK,PRKDC_2618_2630,-0.09813030131843568
STE7,PRKDC_2618_2630,-0.09813030131843568
VRK2,PRKDC_2618_2630,-0.09813030131843568
AKT,PTK6_436_448,0.6079520494724763
BARK1,PTK6_436_448,0.6079520494724763
CAMK1,PTK6_436_448,0.6079520494724763
CDK,PTK6_436_448,0.6079520494724763
CK1,PTK6_436_448,0.6079520494724763
DMPK,PTK6_436_448,0.6079520494724763
MAPKAPK,PTK6_436_448,0.6079520494724763
MELK,PTK6_436_448,0.6079520494724763
P38,PTK6_436_448,0.6079520494724763
PAKA,PTK6_436_448,0.6079520494724763
PDHK,PTK6_436_448,0.6079520494724763
PDK1,PTK6_436_448,0.6079520494724763
PEK,PTK6_436_448,0.6079520494724763
PHK,PTK6_436_448,0.6079520494724763
PIM,PTK6_436_448,0.6079520494724763
PKA,PTK6_436_448,0.6079520494724763
PKCA,PTK6_436_448,0.6079520494724763
PKCD,PTK6_436_448,0.6079520494724763
PKCI,PTK6_436_448,0.6079520494724763
PKD,PTK6_436_448,0.6079520494724763
PKG,PTK6_436_448,0.6079520494724763
QIK,PTK6_436_448,0.6079520494724763
RAD53,PTK6_436_448,0.6079520494724763
RSK,PTK6_436_448,0.6079520494724763
STE7,PTK6_436_448,0.6079520494724763
VRK2,PTK6_436_448,0.6079520494724763
BARK1,PTN12_32_44,0.5424418699932984
CDK,PTN12_32_44,0.5424418699932984
DMPK,PTN12_32_44,0.5424418699932984
FRAY,PTN12_32_44,0.5424418699932984
MAPKAPK,PTN12_32_44,0.5424418699932984
MLK,PTN12_32_44,0.5424418699932984
PAKA,PTN12_32_44,0.5424418699932984
PDHK,PTN12_32_44,0.5424418699932984
PEK,PTN12_32_44,0.5424418699932984
PHK,PTN12_32_44,0.5424418699932984
PIM,PTN12_32_44,0.5424418699932984
PKA,PTN12_32_44,0.5424418699932984
PKCA,PTN12_32_44,0.5424418699932984
PKCD,PTN12_32_44,0.5424418699932984
PKD,PTN12_32_44,0.5424418699932984
PKG,PTN12_32_44,0.5424418699932984
QIK,PTN12_32_44,0.5424418699932984
RAD53,PTN12_32_44,0.5424418699932984
RSK,PTN12_32_44,0.5424418699932984
VRK2,PTN12_32_44,0.5424418699932984
BARK1,RADI_559_569,-0.22728272262966875
COT,RADI_559_569,-0.22728272262966875
DMPK,RADI_559_569,-0.22728272262966875
MSN,RADI_559_569,-0.22728272262966875
MST,RADI_559_569,-0.22728272262966875
PHK,RADI_559_569,-0.22728272262966875
PIM,RADI_559_569,-0.22728272262966875
PKCA,RADI_559_569,-0.22728272262966875
SLK,RADI_559_569,-0.22728272262966875
VRK2,RADI_559_569,-0.22728272262966875
AKT,RAF1_253_265,0.04294142054098948
AMPK,RAF1_253_265,0.04294142054098948
BARK1,RAF1_253_265,0.04294142054098948
CAMK1,RAF1_253_265,0.04294142054098948
CDK,RAF1_253_265,0.04294142054098948
DAPK,RAF1_253_265,0.04294142054098948
DMPK,RAF1_253_265,0.04294142054098948
DYRK,RAF1_253_265,0.04294142054098948
ERK,RAF1_253_265,0.04294142054098948
JNK,RAF1_253_265,0.04294142054098948
MAPKAPK,RAF1_253_265,0.04294142054098948
MARK,RAF1_253_265,0.04294142054098948
NDR,RAF1_253_265,0.04294142054098948
P38,RAF1_253_265,0.04294142054098948
PAKA,RAF1_253_265,0.04294142054098948
PDK1,RAF1_253_265,0.04294142054098948
PHK,RAF1_253_265,0.04294142054098948
PKA,RAF1_253_265,0.04294142054098948
PKCA,RAF1_253_265,0.04294142054098948
QIK,RAF1_253_265,0.04294142054098948
RAF,RAF1_253_265,0.04294142054098948
RIPK,RAF1_253_265,0.04294142054098948
RSK,RAF1_253_265,0.04294142054098948
SGK,RAF1_253_265,0.04294142054098948
VRK2,RAF1_253_265,0.04294142054098948
AKT,RAP1B_172_184,0.23802138639178003
AMPK,RAP1B_172_184,0.23802138639178003
BARK1,RAP1B_172_184,0.23802138639178003
CDK,RAP1B_172_184,0.23802138639178003
DMPK,RAP1B_172_184,0.23802138639178003
IKK,RAP1B_172_184,0.23802138639178003
MAPKAPK,RAP1B_172_184,0.23802138639178003
PDHK,RAP1B_172_184,0.23802138639178003
PEK,RAP1B_172_184,0.23802138639178003
PHK,RAP1B_172_184,0.23802138639178003
PIM,RAP1B_172_184,0.23802138639178003
PKA,RAP1B_172_184,0.23802138639178003
PKCA,RAP1B_172_184,0.23802138639178003
PKG,RAP1B_172_184,0.23802138639178003
QIK,RAP1B_172_184,0.23802138639178003
RAD53,RAP1B_172_184,0.23802138639178003
RSK,RAP1B_172_184,0.23802138639178003
VRK2,RAP1B_172_184,0.23802138639178003
BARK1,RBL2_655_667,-0.0413458981667425
CDK,RBL2_655_667,-0.0413458981667425
CK1,RBL2_655_667,-0.0413458981667425
DMPK,RBL2_655_667,-0.0413458981667425
DYRK,RBL2_655_667,-0.0413458981667425
ERK,RBL2_655_667,-0.0413458981667425
FRAY,RBL2_655_667,-0.0413458981667425
GSK,RBL2_655_667,-0.0413458981667425
IKK,RBL2_655_667,-0.0413458981667425
JNK,RBL2_655_667,-0.0413458981667425
MAPKAPK,RBL2_655_667,-0.0413458981667425
MELK,RBL2_655_667,-0.0413458981667425
MTOR,RBL2_655_667,-0.0413458981667425
NEK,RBL2_655_667,-0.0413458981667425
P38,RBL2_655_667,-0.0413458981667425
PDK1,RBL2_655_667,-0.0413458981667425
PEK,RBL2_655_667,-0.0413458981667425
PHK,RBL2_655_667,-0.0413458981667425
PIM,RBL2_655_667,-0.0413458981667425
PKCA,RBL2_655_667,-0.0413458981667425
PKD,RBL2_655_667,-0.0413458981667425
PLK,RBL2_655_667,-0.0413458981667425
QIK,RBL2_655_667,-0.0413458981667425
RAD53,RBL2_655_667,-0.0413458981667425
RAF,RBL2_655_667,-0.0413458981667425
RIPK,RBL2_655_667,-0.0413458981667425
STE7,RBL2_655_667,-0.0413458981667425
VRK2,RBL2_655_667,-0.0413458981667425
BARK1,RB_242_254,-0.27440611851391594
CDK,RB_242_254,-0.27440611851391594
DYRK,RB_242_254,-0.27440611851391594
ERK,RB_242_254,-0.27440611851391594
IRAK,RB_242_254,-0.27440611851391594
P38,RB_242_254,-0.27440611851391594
PDK1,RB_242_254,-0.27440611851391594
PEK,RB_242_254,-0.27440611851391594
PKCA,RB_242_254,-0.27440611851391594
PLK,RB_242_254,-0.27440611851391594
VRK2,RB_242_254,-0.27440611851391594
ATR,RB_350_362,0.00298245895024902
BARK1,RB_350_362,0.00298245895024902
CDK,RB_350_362,0.00298245895024902
DMPK,RB_350_362,0.00298245895024902
DYRK,RB_350_362,0.00298245895024902
PDHK,RB_350_362,0.00298245895024902
PDK1,RB_350_362,0.00298245895024902
PEK,RB_350_362,0.00298245895024902
PHK,RB_350_362,0.00298245895024902
PIM,RB_350_362,0.00298245895024902
PKCA,RB_350_362,0.00298245895024902
PRKDC,RB_350_362,0.00298245895024902
QIK,RB_350_362,0.00298245895024902
RSK,RB_350_362,0.00298245895024902
VRK2,RB_350_362,0.00298245895024902
BARK1,RB_803_815,-0.17848927936425932
CDK,RB_803_815,-0.17848927936425932
CK1,RB_803_815,-0.17848927936425932
DYRK,RB_803_815,-0.17848927936425932
ERK,RB_803_815,-0.17848927936425932
JNK,RB_803_815,-0.17848927936425932
QIK,RB_803_815,-0.17848927936425932
VRK2,RB_803_815,-0.17848927936425932
BARK1,REL_260_272,0.8173677729757145
CDK,REL_260_272,0.8173677729757145
CK1,REL_260_272,0.8173677729757145
DMPK,REL_260_272,0.8173677729757145
MAPKAPK,REL_260_272,0.8173677729757145
MARK,REL_260_272,0.8173677729757145
PAKA,REL_260_272,0.8173677729757145
PEK,REL_260_272,0.8173677729757145
PIM,REL_260_272,0.8173677729757145
PKCA,REL_260_272,0.8173677729757145
PKD,REL_260_272,0.8173677729757145
PKG,REL_260_272,0.8173677729757145
PLK,REL_260_272,0.8173677729757145
RSK,REL_260_272,0.8173677729757145
STE7,REL_260_272,0.8173677729757145
VRK2,REL_260_272,0.8173677729757145
AKT,RS6_228_240,0.710043976023997
BARK1,RS6_228_240,0.710043976023997
CAMK1,RS6_228_240,0.710043976023997
CDK,RS6_228_240,0.710043976023997
DAPK,RS6_228_240,0.710043976023997
DMPK,RS6_228_240,0.710043976023997
IKK,RS6_228_240,0.710043976023997
MAPKAPK,RS6_228_240,0.710043976023997
MELK,RS6_228_240,0.710043976023997
PAKA,RS6_228_240,0.710043976023997
PASK,RS6_228_240,0.710043976023997
PDHK,RS6_228_240,0.710043976023997
PEK,RS6_228_240,0.710043976023997
PHK,RS6_228_240,0.710043976023997
PIM,RS6_228_240,0.710043976023997
PKA,RS6_228_240,0.710043976023997
PKCA,RS6_228_240,0.710043976023997
PKCD,RS6_228_240,0.710043976023997
PKCI,RS6_228_240,0.710043976023997
PKD,RS6_228_240,0.710043976023997
PKG,RS6_228_240,0.710043976023997
QIK,RS6_228_240,0.710043976023997
RIPK,RS6_228_240,0.710043976023997
RSK,RS6_228_240,0.710043976023997
SGK,RS6_228_240,0.710043976023997
VRK2,RS6_228_240,0.710043976023997
BARK1,RYR1_4317_4329,0.27263841735257
DMPK,RYR1_4317_4329,0.27263841735257
PHK,RYR1_4317_4329,0.27263841735257
PIM,RYR1_4317_4329,0.27263841735257
PKA,RYR1_4317_4329,0.27263841735257
PKCA,RYR1_4317_4329,0.27263841735257
PKCH,RYR1_4317_4329,0.27263841735257
PKG,RYR1_4317_4329,0.27263841735257
RSK,RYR1_4317_4329,0.27263841735257
VRK2,RYR1_4317_4329,0.27263841735257
BARK1,SCN7A_898_910,0.8204704301291196
DMPK,SCN7A_898_910,0.8204704301291196
HAL,SCN7A_898_910,0.8204704301291196
IKK,SCN7A_898_910,0.8204704301291196
PHK,SCN7A_898_910,0.8204704301291196
PKA,SCN7A_898_910,0.8204704301291196
PKCA,SCN7A_898_910,0.8204704301291196
PKG,SCN7A_898_910,0.8204704301291196
RIPK,SCN7A_898_910,0.8204704301291196
RSK,SCN7A_898_910,0.8204704301291196
VRK2,SCN7A_898_910,0.8204704301291196
AUR,STK6_283_295,0.5393433687584022
BARK1,STK6_283_295,0.5393433687584022
CAMK1,STK6_283_295,0.5393433687584022
CAMK2,STK6_283_295,0.5393433687584022
CDK,STK6_283_295,0.5393433687584022
DMPK,STK6_283_295,0.5393433687584022
FRAY,STK6_283_295,0.5393433687584022
IKK,STK6_283_295,0.5393433687584022
IRAK,STK6_283_295,0.5393433687584022
LKB,STK6_283_295,0.5393433687584022
MELK,STK6_283_295,0.5393433687584022
MLK,STK6_283_295,0.5393433687584022
MTOR,STK6_283_295,0.5393433687584022
NDR,STK6_283_295,0.5393433687584022
NEK,STK6_283_295,0.5393433687584022
PAKA,STK6_283_295,0.5393433687584022
PDHK,STK6_283_295,0.5393433687584022
PDK1,STK6_283_295,0.5393433687584022
PEK,STK6_283_295,0.5393433687584022
PHK,STK6_283_295,0.5393433687584022
PKA,STK6_283_295,0.5393433687584022
PKCA,STK6_283_295,0.5393433687584022
PKCD,STK6_283_295,0.5393433687584022
PLK,STK6_283_295,0.5393433687584022
PRKDC,STK6_283_295,0.5393433687584022
QIK,STK6_283_295,0.5393433687584022
RAD53,STK6_283_295,0.5393433687584022
RSK,STK6_283_295,0.5393433687584022
STE7,STK6_283_295,0.5393433687584022
VRK2,STK6_283_295,0.5393433687584022
AKT,TAU_524_536,-0.00378006605682422
BARK1,TAU_524_536,-0.00378006605682422
CAMK1,TAU_524_536,-0.00378006605682422
CDK,TAU_524_536,-0.00378006605682422
DMPK,TAU_524_536,-0.00378006605682422
DYRK,TAU_524_536,-0.00378006605682422
ERK,TAU_524_536,-0.00378006605682422
GRK,TAU_524_536,-0.00378006605682422
GSK,TAU_524_536,-0.00378006605682422
IKK,TAU_524_536,-0.00378006605682422
JNK,TAU_524_536,-0.00378006605682422
MAPKAPK,TAU_524_536,-0.00378006605682422
MELK,TAU_524_536,-0.00378006605682422
MTOR,TAU_524_536,-0.00378006605682422
P38,TAU_524_536,-0.00378006605682422
PDK1,TAU_524_536,-0.00378006605682422
PEK,TAU_524_536,-0.00378006605682422
PHK,TAU_524_536,-0.00378006605682422
PIM,TAU_524_536,-0.00378006605682422
PKA,TAU_524_536,-0.00378006605682422
PKCA,TAU_524_536,-0.00378006605682422
PKD,TAU_524_536,-0.00378006605682422
PLK,TAU_524_536,-0.00378006605682422
QIK,TAU_524_536,-0.00378006605682422
RAF,TAU_524_536,-0.00378006605682422
RIPK,TAU_524_536,-0.00378006605682422
RSK,TAU_524_536,-0.00378006605682422
SGK,TAU_524_536,-0.00378006605682422
STE11,TAU_524_536,-0.00378006605682422
VRK2,TAU_524_536,-0.00378006605682422
AKT,TOP2A_1463_1475,0.5889333610460531
BARK1,TOP2A_1463_1475,0.5889333610460531
CDK,TOP2A_1463_1475,0.5889333610460531
CK1,TOP2A_1463_1475,0.5889333610460531
CK2,TOP2A_1463_1475,0.5889333610460531
DAPK,TOP2A_1463_1475,0.5889333610460531
DMPK,TOP2A_1463_1475,0.5889333610460531
IKK,TOP2A_1463_1475,0.5889333610460531
MLK,TOP2A_1463_1475,0.5889333610460531
NEK,TOP2A_1463_1475,0.5889333610460531
PAKA,TOP2A_1463_1475,0.5889333610460531
PEK,TOP2A_1463_1475,0.5889333610460531
PHK,TOP2A_1463_1475,0.5889333610460531
PIM,TOP2A_1463_1475,0.5889333610460531
PKA,TOP2A_1463_1475,0.5889333610460531
PKCA,TOP2A_1463_1475,0.5889333610460531
PKG,TOP2A_1463_1475,0.5889333610460531
PLK,TOP2A_1463_1475,0.5889333610460531
QIK,TOP2A_1463_1475,0.5889333610460531
RAD53,TOP2A_1463_1475,0.5889333610460531
RIPK,TOP2A_1463_1475,0.5889333610460531
RSK,TOP2A_1463_1475,0.5889333610460531
VRK2,TOP2A_1463_1475,0.5889333610460531
BARK1,TY3H_65_77,0.862013570359896
CAMK2,TY3H_65_77,0.862013570359896
MAPKAPK,TY3H_65_77,0.862013570359896
PHK,TY3H_65_77,0.862013570359896
PIM,TY3H_65_77,0.862013570359896
PKA,TY3H_65_77,0.862013570359896
PKCA,TY3H_65_77,0.862013570359896
PKG,TY3H_65_77,0.862013570359896
QIK,TY3H_65_77,0.862013570359896
RIPK,TY3H_65_77,0.862013570359896
RSK,TY3H_65_77,0.862013570359896
VRK2,TY3H_65_77,0.862013570359896
BARK1,VASP_150_162,0.8312879741742663
DMPK,VASP_150_162,0.8312879741742663
PHK,VASP_150_162,0.8312879741742663
PIM,VASP_150_162,0.8312879741742663
PKA,VASP_150_162,0.8312879741742663
PKCA,VASP_150_162,0.8312879741742663
PKD,VASP_150_162,0.8312879741742663
PKG,VASP_150_162,0.8312879741742663
RIPK,VASP_150_162,0.8312879741742663
RSK,VASP_150_162,0.8312879741742663
VRK2,VASP_150_162,0.8312879741742663
BARK1,VASP_232_244,-0.1610701461752173
CDK,VASP_232_244,-0.1610701461752173
DMPK,VASP_232_244,-0.1610701461752173
IKK,VASP_232_244,-0.1610701461752173
MAPKAPK,VASP_232_244,-0.1610701461752173
PHK,VASP_232_244,-0.1610701461752173
PIM,VASP_232_244,-0.1610701461752173
PKA,VASP_232_244,-0.1610701461752173
PKCA,VASP_232_244,-0.1610701461752173
PKCH,VASP_232_244,-0.1610701461752173
PKD,VASP_232_244,-0.1610701461752173
PKG,VASP_232_244,-0.1610701461752173
RIPK,VASP_232_244,-0.1610701461752173
RSK,VASP_232_244,-0.1610701461752173
VRK2,VASP_232_244,-0.1610701461752173
AKT,VASP_271_283,0.3111519048884131
ATR,VASP_271_283,0.3111519048884131
AMPK,VASP_271_283,0.3111519048884131
BARK1,VASP_271_283,0.3111519048884131
DMPK,VASP_271_283,0.3111519048884131
IKK,VASP_271_283,0.3111519048884131
PAKA,VASP_271_283,0.3111519048884131
PHK,VASP_271_283,0.3111519048884131
PIM,VASP_271_283,0.3111519048884131
PKA,VASP_271_283,0.3111519048884131
PKG,VASP_271_283,0.3111519048884131
RIPK,VASP_271_283,0.3111519048884131
RSK,VASP_271_283,0.3111519048884131
VRK2,VASP_271_283,0.3111519048884131
