Kinase,Peptide,LFC
BARK1,ACM1_444_456,0.07809200934545135
CDK,ACM1_444_456,0.07809200934545135
CK1,ACM1_444_456,0.07809200934545135
DAPK,ACM1_444_456,0.07809200934545135
DMPK,ACM1_444_456,0.07809200934545135
DYRK,ACM1_444_456,0.07809200934545135
ERK,ACM1_444_456,0.07809200934545135
GSK,ACM1_444_456,0.07809200934545135
IRAK,ACM1_444_456,0.07809200934545135
JNK,ACM1_444_456,0.07809200934545135
MLCK,ACM1_444_456,0.07809200934545135
P38,ACM1_444_456,0.07809200934545135
PDK1,ACM1_444_456,0.07809200934545135
PEK,ACM1_444_456,0.07809200934545135
PHK,ACM1_444_456,0.07809200934545135
PIM,ACM1_444_456,0.07809200934545135
PKCA,ACM1_444_456,0.07809200934545135
RSK,ACM1_444_456,0.07809200934545135
VRK2,ACM1_444_456,0.07809200934545135
BARK1,ACM4_456_468,0.24234141847711815
FRAY,ACM4_456_468,0.24234141847711815
MELK,ACM4_456_468,0.24234141847711815
PDHK,ACM4_456_468,0.24234141847711815
PDK1,ACM4_456_468,0.24234141847711815
PIM,ACM4_456_468,0.24234141847711815
PKCA,ACM4_456_468,0.24234141847711815
PKCH,ACM4_456_468,0.24234141847711815
VRK2,ACM4_456_468,0.24234141847711815
BARK1,ADDB_696_708,0.19250058832666755
CDK,ADDB_696_708,0.19250058832666755
CK1,ADDB_696_708,0.19250058832666755
DMPK,ADDB_696_708,0.19250058832666755
DYRK,ADDB_696_708,0.19250058832666755
ERK,ADDB_696_708,0.19250058832666755
GSK,ADDB_696_708,0.19250058832666755
IKK,ADDB_696_708,0.19250058832666755
JNK,ADDB_696_708,0.19250058832666755
MELK,ADDB_696_708,0.19250058832666755
MST,ADDB_696_708,0.19250058832666755
NEK,ADDB_696_708,0.19250058832666755
P38,ADDB_696_708,0.19250058832666755
PDK1,ADDB_696_708,0.19250058832666755
PEK,ADDB_696_708,0.19250058832666755
PKCA,ADDB_696_708,0.19250058832666755
PKCH,ADDB_696_708,0.19250058832666755
PLK,ADDB_696_708,0.19250058832666755
QIK,ADDB_696_708,0.19250058832666755
RIPK,ADDB_696_708,0.19250058832666755
STE7,ADDB_696_708,0.19250058832666755
VRK1,ADDB_696_708,0.19250058832666755
VRK2,ADDB_696_708,0.19250058832666755
BARK1,ADDB_706_718,0.3906757527244302
CDK,ADDB_706_718,0.3906757527244302
CHK1,ADDB_706_718,0.3906757527244302
DMPK,ADDB_706_718,0.3906757527244302
DYRK,ADDB_706_718,0.3906757527244302
ERK,ADDB_706_718,0.3906757527244302
JNK,ADDB_706_718,0.3906757527244302
MAPKAPK,ADDB_706_718,0.3906757527244302
MST,ADDB_706_718,0.3906757527244302
NEK,ADDB_706_718,0.3906757527244302
P38,ADDB_706_718,0.3906757527244302
PAKA,ADDB_706_718,0.3906757527244302
PDHK,ADDB_706_718,0.3906757527244302
PDK1,ADDB_706_718,0.3906757527244302
PEK,ADDB_706_718,0.3906757527244302
PHK,ADDB_706_718,0.3906757527244302
PIM,ADDB_706_718,0.3906757527244302
PKCA,ADDB_706_718,0.3906757527244302
PLK,ADDB_706_718,0.3906757527244302
RAD53,ADDB_706_718,0.3906757527244302
RSK,ADDB_706_718,0.3906757527244302
VRK2,ADDB_706_718,0.3906757527244302
AKT,ADRB2_338_350,1.0244356277052546
BARK1,ADRB2_338_350,1.0244356277052546
CAMK1,ADRB2_338_350,1.0244356277052546
CDK,ADRB2_338_350,1.0244356277052546
CHK1,ADRB2_338_350,1.0244356277052546
DMPK,ADRB2_338_350,1.0244356277052546
GRK,ADRB2_338_350,1.0244356277052546
PAKA,ADRB2_338_350,1.0244356277052546
PKA,ADRB2_338_350,1.0244356277052546
PKCA,ADRB2_338_350,1.0244356277052546
PKCI,ADRB2_338_350,1.0244356277052546
PKG,ADRB2_338_350,1.0244356277052546
RAD53,ADRB2_338_350,1.0244356277052546
RSK,ADRB2_338_350,1.0244356277052546
VRK2,ADRB2_338_350,1.0244356277052546
AKT,ANDR_785_797,0.38546363625234054
ATR,ANDR_785_797,0.38546363625234054
BARK1,ANDR_785_797,0.38546363625234054
DMPK,ANDR_785_797,0.38546363625234054
PHK,ANDR_785_797,0.38546363625234054
PIM,ANDR_785_797,0.38546363625234054
PKA,ANDR_785_797,0.38546363625234054
PKD,ANDR_785_797,0.38546363625234054
RAF,ANDR_785_797,0.38546363625234054
RSK,ANDR_785_797,0.38546363625234054
VRK2,ANDR_785_797,0.38546363625234054
AKT,ANXA1_209_221,0.617093914431608
BARK1,ANXA1_209_221,0.617093914431608
DMPK,ANXA1_209_221,0.617093914431608
PHK,ANXA1_209_221,0.617093914431608
PKA,ANXA1_209_221,0.617093914431608
PKCA,ANXA1_209_221,0.617093914431608
PKG,ANXA1_209_221,0.617093914431608
RSK,ANXA1_209_221,0.617093914431608
VRK2,ANXA1_209_221,0.617093914431608
AMPK,BAD_112_124,0.9585295553381178
BARK1,BAD_112_124,0.9585295553381178
CK1,BAD_112_124,0.9585295553381178
DMPK,BAD_112_124,0.9585295553381178
FRAY,BAD_112_124,0.9585295553381178
IRAK,BAD_112_124,0.9585295553381178
NEK,BAD_112_124,0.9585295553381178
PAKA,BAD_112_124,0.9585295553381178
PDHK,BAD_112_124,0.9585295553381178
PEK,BAD_112_124,0.9585295553381178
PHK,BAD_112_124,0.9585295553381178
PIM,BAD_112_124,0.9585295553381178
PKA,BAD_112_124,0.9585295553381178
PKCA,BAD_112_124,0.9585295553381178
PKCI,BAD_112_124,0.9585295553381178
PKD,BAD_112_124,0.9585295553381178
PKG,BAD_112_124,0.9585295553381178
QIK,BAD_112_124,0.9585295553381178
RAF,BAD_112_124,0.9585295553381178
RSK,BAD_112_124,0.9585295553381178
STE7,BAD_112_124,0.9585295553381178
VRK2,BAD_112_124,0.9585295553381178
AKT,BAD_69_81,0.4176968951171611
BARK1,BAD_69_81,0.4176968951171611
CDK,BAD_69_81,0.4176968951171611
DMPK,BAD_69_81,0.4176968951171611
ERK,BAD_69_81,0.4176968951171611
MELK,BAD_69_81,0.4176968951171611
MTOR,BAD_69_81,0.4176968951171611
PAKA,BAD_69_81,0.4176968951171611
PAKB,BAD_69_81,0.4176968951171611
PDHK,BAD_69_81,0.4176968951171611
PDK1,BAD_69_81,0.4176968951171611
PEK,BAD_69_81,0.4176968951171611
PHK,BAD_69_81,0.4176968951171611
PIM,BAD_69_81,0.4176968951171611
PKA,BAD_69_81,0.4176968951171611
PKCA,BAD_69_81,0.4176968951171611
PKCI,BAD_69_81,0.4176968951171611
PKD,BAD_69_81,0.4176968951171611
PKG,BAD_69_81,0.4176968951171611
QIK,BAD_69_81,0.4176968951171611
RAD53,BAD_69_81,0.4176968951171611
RAF,BAD_69_81,0.4176968951171611
RSK,BAD_69_81,0.4176968951171611
SGK,BAD_69_81,0.4176968951171611
VRK2,BAD_69_81,0.4176968951171611
AKT,BAD_93_105,0.22063981792997972
BARK1,BAD_93_105,0.22063981792997972
DMPK,BAD_93_105,0.22063981792997972
MAPKAPK,BAD_93_105,0.22063981792997972
PAKA,BAD_93_105,0.22063981792997972
PHK,BAD_93_105,0.22063981792997972
PIM,BAD_93_105,0.22063981792997972
PKA,BAD_93_105,0.22063981792997972
PKCA,BAD_93_105,0.22063981792997972
PKCI,BAD_93_105,0.22063981792997972
PKD,BAD_93_105,0.22063981792997972
PKG,BAD_93_105,0.22063981792997972
QIK,BAD_93_105,0.22063981792997972
RAF,BAD_93_105,0.22063981792997972
RSK,BAD_93_105,0.22063981792997972
SGK,BAD_93_105,0.22063981792997972
VRK2,BAD_93_105,0.22063981792997972
AKT,BCKD_45_57,0.1971063590415956
BARK1,BCKD_45_57,0.1971063590415956
CDK,BCKD_45_57,0.1971063590415956
DMPK,BCKD_45_57,0.1971063590415956
FRAY,BCKD_45_57,0.1971063590415956
GRK,BCKD_45_57,0.1971063590415956
IKK,BCKD_45_57,0.1971063590415956
MAPKAPK,BCKD_45_57,0.1971063590415956
MELK,BCKD_45_57,0.1971063590415956
MLCK,BCKD_45_57,0.1971063590415956
MST,BCKD_45_57,0.1971063590415956
PAKA,BCKD_45_57,0.1971063590415956
PDHK,BCKD_45_57,0.1971063590415956
PDK1,BCKD_45_57,0.1971063590415956
PEK,BCKD_45_57,0.1971063590415956
PHK,BCKD_45_57,0.1971063590415956
PIM,BCKD_45_57,0.1971063590415956
PKA,BCKD_45_57,0.1971063590415956
PKCA,BCKD_45_57,0.1971063590415956
PKG,BCKD_45_57,0.1971063590415956
PLK,BCKD_45_57,0.1971063590415956
QIK,BCKD_45_57,0.1971063590415956
RSK,BCKD_45_57,0.1971063590415956
SGK,BCKD_45_57,0.1971063590415956
STE7,BCKD_45_57,0.1971063590415956
VRK2,BCKD_45_57,0.1971063590415956
BARK1,C1R_201_213,0.21047729546759028
CDK,C1R_201_213,0.21047729546759028
CK1,C1R_201_213,0.21047729546759028
CK2,C1R_201_213,0.21047729546759028
DMPK,C1R_201_213,0.21047729546759028
DYRK,C1R_201_213,0.21047729546759028
ERK,C1R_201_213,0.21047729546759028
IRAK,C1R_201_213,0.21047729546759028
JNK,C1R_201_213,0.21047729546759028
P38,C1R_201_213,0.21047729546759028
PDHK,C1R_201_213,0.21047729546759028
PEK,C1R_201_213,0.21047729546759028
PHK,C1R_201_213,0.21047729546759028
PKCA,C1R_201_213,0.21047729546759028
PLK,C1R_201_213,0.21047729546759028
QIK,C1R_201_213,0.21047729546759028
STE7,C1R_201_213,0.21047729546759028
STKR,C1R_201_213,0.21047729546759028
VRK2,C1R_201_213,0.21047729546759028
BARK1,CAC1C_1974_1986,0.970255193380524
CAMK1,CAC1C_1974_1986,0.970255193380524
MAPKAPK,CAC1C_1974_1986,0.970255193380524
PDHK,CAC1C_1974_1986,0.970255193380524
PHK,CAC1C_1974_1986,0.970255193380524
PIM,CAC1C_1974_1986,0.970255193380524
PKCA,CAC1C_1974_1986,0.970255193380524
PKD,CAC1C_1974_1986,0.970255193380524
PKG,CAC1C_1974_1986,0.970255193380524
QIK,CAC1C_1974_1986,0.970255193380524
RAD53,CAC1C_1974_1986,0.970255193380524
RIPK,CAC1C_1974_1986,0.970255193380524
RSK,CAC1C_1974_1986,0.970255193380524
VRK2,CAC1C_1974_1986,0.970255193380524
AKT,CD27_212_224,0.1579244026807028
BARK1,CD27_212_224,0.1579244026807028
CDK,CD27_212_224,0.1579244026807028
DMPK,CD27_212_224,0.1579244026807028
ERK,CD27_212_224,0.1579244026807028
IKK,CD27_212_224,0.1579244026807028
JNK,CD27_212_224,0.1579244026807028
P38,CD27_212_224,0.1579244026807028
PDHK,CD27_212_224,0.1579244026807028
PEK,CD27_212_224,0.1579244026807028
PHK,CD27_212_224,0.1579244026807028
PIM,CD27_212_224,0.1579244026807028
PKCA,CD27_212_224,0.1579244026807028
PKD,CD27_212_224,0.1579244026807028
QIK,CD27_212_224,0.1579244026807028
RSK,CD27_212_224,0.1579244026807028
VRK2,CD27_212_224,0.1579244026807028
BARK1,CDC2_154_169,0.1659263547018135
CDK,CDC2_154_169,0.1659263547018135
COT,CDC2_154_169,0.1659263547018135
PEK,CDC2_154_169,0.1659263547018135
PKG,CDC2_154_169,0.1659263547018135
RSK,CDC2_154_169,0.1659263547018135
STE7,CDC2_154_169,0.1659263547018135
VRK2,CDC2_154_169,0.1659263547018135
BARK1,CDK7_163_175,0.2627696919937176
CDK,CDK7_163_175,0.2627696919937176
DMPK,CDK7_163_175,0.2627696919937176
DYRK,CDK7_163_175,0.2627696919937176
FRAY,CDK7_163_175,0.2627696919937176
JNK,CDK7_163_175,0.2627696919937176
MAPKAPK,CDK7_163_175,0.2627696919937176
MST,CDK7_163_175,0.2627696919937176
MTOR,CDK7_163_175,0.2627696919937176
P38,CDK7_163_175,0.2627696919937176
PDK1,CDK7_163_175,0.2627696919937176
PEK,CDK7_163_175,0.2627696919937176
PHK,CDK7_163_175,0.2627696919937176
PIM,CDK7_163_175,0.2627696919937176
PKCA,CDK7_163_175,0.2627696919937176
PKCI,CDK7_163_175,0.2627696919937176
PRKDC,CDK7_163_175,0.2627696919937176
QIK,CDK7_163_175,0.2627696919937176
STE7,CDK7_163_175,0.2627696919937176
VRK2,CDK7_163_175,0.2627696919937176
AUR,CENPA_1_14,0.13560177113008215
BARK1,CENPA_1_14,0.13560177113008215
DMPK,CENPA_1_14,0.13560177113008215
MAPKAPK,CENPA_1_14,0.13560177113008215
PIM,CENPA_1_14,0.13560177113008215
PKCA,CENPA_1_14,0.13560177113008215
PKG,CENPA_1_14,0.13560177113008215
VRK2,CENPA_1_14,0.13560177113008215
AMPK,CFTR_730_742,1.2998652497073797
BARK1,CFTR_730_742,1.2998652497073797
CAMK2,CFTR_730_742,1.2998652497073797
CDK,CFTR_730_742,1.2998652497073797
DAPK,CFTR_730_742,1.2998652497073797
DYRK,CFTR_730_742,1.2998652497073797
GRK,CFTR_730_742,1.2998652497073797
IKK,CFTR_730_742,1.2998652497073797
MAPKAPK,CFTR_730_742,1.2998652497073797
PAKA,CFTR_730_742,1.2998652497073797
PDHK,CFTR_730_742,1.2998652497073797
PEK,CFTR_730_742,1.2998652497073797
PHK,CFTR_730_742,1.2998652497073797
PKA,CFTR_730_742,1.2998652497073797
PKCA,CFTR_730_742,1.2998652497073797
PKD,CFTR_730_742,1.2998652497073797
PKG,CFTR_730_742,1.2998652497073797
QIK,CFTR_730_742,1.2998652497073797
RAD53,CFTR_730_742,1.2998652497073797
RSK,CFTR_730_742,1.2998652497073797
VRK2,CFTR_730_742,1.2998652497073797
AKT,CGHB_109_121,0.5973016851845617
BARK1,CGHB_109_121,0.5973016851845617
CAMK2,CGHB_109_121,0.5973016851845617
DMPK,CGHB_109_121,0.5973016851845617
IKK,CGHB_109_121,0.5973016851845617
MTOR,CGHB_109_121,0.5973016851845617
PDHK,CGHB_109_121,0.5973016851845617
PDK1,CGHB_109_121,0.5973016851845617
PEK,CGHB_109_121,0.5973016851845617
PKA,CGHB_109_121,0.5973016851845617
PKCA,CGHB_109_121,0.5973016851845617
PKG,CGHB_109_121,0.5973016851845617
RSK,CGHB_109_121,0.5973016851845617
VRK2,CGHB_109_121,0.5973016851845617
AMPK,CREB1_126_138,0.8148875158257655
ATM,CREB1_126_138,0.8148875158257655
BARK1,CREB1_126_138,0.8148875158257655
CAMK1,CREB1_126_138,0.8148875158257655
CAMK2,CREB1_126_138,0.8148875158257655
COT,CREB1_126_138,0.8148875158257655
DMPK,CREB1_126_138,0.8148875158257655
DYRK,CREB1_126_138,0.8148875158257655
GSK,CREB1_126_138,0.8148875158257655
MAPKAPK,CREB1_126_138,0.8148875158257655
PDHK,CREB1_126_138,0.8148875158257655
PHK,CREB1_126_138,0.8148875158257655
PIM,CREB1_126_138,0.8148875158257655
PKA,CREB1_126_138,0.8148875158257655
PKCA,CREB1_126_138,0.8148875158257655
PKCD,CREB1_126_138,0.8148875158257655
PKCH,CREB1_126_138,0.8148875158257655
PKD,CREB1_126_138,0.8148875158257655
QIK,CREB1_126_138,0.8148875158257655
RAD53,CREB1_126_138,0.8148875158257655
RSK,CREB1_126_138,0.8148875158257655
SGK,CREB1_126_138,0.8148875158257655
VRK2,CREB1_126_138,0.8148875158257655
AMPK,CSF1R_701_713,0.8796526266380033
BARK1,CSF1R_701_713,0.8796526266380033
CDK,CSF1R_701_713,0.8796526266380033
CK1,CSF1R_701_713,0.8796526266380033
DMPK,CSF1R_701_713,0.8796526266380033
PDHK,CSF1R_701_713,0.8796526266380033
PEK,CSF1R_701_713,0.8796526266380033
PIM,CSF1R_701_713,0.8796526266380033
PKA,CSF1R_701_713,0.8796526266380033
PKCA,CSF1R_701_713,0.8796526266380033
PKG,CSF1R_701_713,0.8796526266380033
RSK,CSF1R_701_713,0.8796526266380033
VRK2,CSF1R_701_713,0.8796526266380033
AMPK,DESP_2842_2854,1.3980447516316366
BARK1,DESP_2842_2854,1.3980447516316366
CAMK1,DESP_2842_2854,1.3980447516316366
CDK,DESP_2842_2854,1.3980447516316366
CK1,DESP_2842_2854,1.3980447516316366
DMPK,DESP_2842_2854,1.3980447516316366
GSK,DESP_2842_2854,1.3980447516316366
IKK,DESP_2842_2854,1.3980447516316366
MAPKAPK,DESP_2842_2854,1.3980447516316366
P38,DESP_2842_2854,1.3980447516316366
PDHK,DESP_2842_2854,1.3980447516316366
PDK1,DESP_2842_2854,1.3980447516316366
PEK,DESP_2842_2854,1.3980447516316366
PHK,DESP_2842_2854,1.3980447516316366
PIM,DESP_2842_2854,1.3980447516316366
PKA,DESP_2842_2854,1.3980447516316366
PKCA,DESP_2842_2854,1.3980447516316366
PKG,DESP_2842_2854,1.3980447516316366
QIK,DESP_2842_2854,1.3980447516316366
RIPK,DESP_2842_2854,1.3980447516316366
RSK,DESP_2842_2854,1.3980447516316366
SGK,DESP_2842_2854,1.3980447516316366
STE11,DESP_2842_2854,1.3980447516316366
STE7,DESP_2842_2854,1.3980447516316366
VRK2,DESP_2842_2854,1.3980447516316366
BARK1,EPB42_241_253,1.168965892721454
DMPK,EPB42_241_253,1.168965892721454
PHK,EPB42_241_253,1.168965892721454
PIM,EPB42_241_253,1.168965892721454
PKA,EPB42_241_253,1.168965892721454
PKCA,EPB42_241_253,1.168965892721454
PKG,EPB42_241_253,1.168965892721454
RAD53,EPB42_241_253,1.168965892721454
RSK,EPB42_241_253,1.168965892721454
VRK2,EPB42_241_253,1.168965892721454
BARK1,ERBB2_679_691,0.23889849031002977
DMPK,ERBB2_679_691,0.23889849031002977
PHK,ERBB2_679_691,0.23889849031002977
PIM,ERBB2_679_691,0.23889849031002977
PKA,ERBB2_679_691,0.23889849031002977
PKCA,ERBB2_679_691,0.23889849031002977
PKCD,ERBB2_679_691,0.23889849031002977
PKCH,ERBB2_679_691,0.23889849031002977
PKG,ERBB2_679_691,0.23889849031002977
RSK,ERBB2_679_691,0.23889849031002977
VRK2,ERBB2_679_691,0.23889849031002977
BARK1,ERF_519_531,0.37958342839185344
CDK,ERF_519_531,0.37958342839185344
CHK1,ERF_519_531,0.37958342839185344
DAPK,ERF_519_531,0.37958342839185344
DMPK,ERF_519_531,0.37958342839185344
DYRK,ERF_519_531,0.37958342839185344
ERK,ERF_519_531,0.37958342839185344
IRAK,ERF_519_531,0.37958342839185344
MST,ERF_519_531,0.37958342839185344
P38,ERF_519_531,0.37958342839185344
PDK1,ERF_519_531,0.37958342839185344
PEK,ERF_519_531,0.37958342839185344
PIM,ERF_519_531,0.37958342839185344
PKA,ERF_519_531,0.37958342839185344
PKCA,ERF_519_531,0.37958342839185344
PKG,ERF_519_531,0.37958342839185344
RAD53,ERF_519_531,0.37958342839185344
RSK,ERF_519_531,0.37958342839185344
VRK2,ERF_519_531,0.37958342839185344
AKT,ESR1_160_172,0.4706190679481222
AUR,ESR1_160_172,0.4706190679481222
BARK1,ESR1_160_172,0.4706190679481222
CK2,ESR1_160_172,0.4706190679481222
DMPK,ESR1_160_172,0.4706190679481222
IKK,ESR1_160_172,0.4706190679481222
PEK,ESR1_160_172,0.4706190679481222
PHK,ESR1_160_172,0.4706190679481222
PIM,ESR1_160_172,0.4706190679481222
PKCA,ESR1_160_172,0.4706190679481222
RSK,ESR1_160_172,0.4706190679481222
STE11,ESR1_160_172,0.4706190679481222
STE7,ESR1_160_172,0.4706190679481222
VRK2,ESR1_160_172,0.4706190679481222
BARK1,FIBA_569_581,0.19498628565464937
CDK,FIBA_569_581,0.19498628565464937
CK1,FIBA_569_581,0.19498628565464937
DAPK,FIBA_569_581,0.19498628565464937
DMPK,FIBA_569_581,0.19498628565464937
ERK,FIBA_569_581,0.19498628565464937
GSK,FIBA_569_581,0.19498628565464937
HAL,FIBA_569_581,0.19498628565464937
IKK,FIBA_569_581,0.19498628565464937
JNK,FIBA_569_581,0.19498628565464937
MLCK,FIBA_569_581,0.19498628565464937
MST,FIBA_569_581,0.19498628565464937
PDHK,FIBA_569_581,0.19498628565464937
PEK,FIBA_569_581,0.19498628565464937
PHK,FIBA_569_581,0.19498628565464937
PIM,FIBA_569_581,0.19498628565464937
PKA,FIBA_569_581,0.19498628565464937
PKCA,FIBA_569_581,0.19498628565464937
PKG,FIBA_569_581,0.19498628565464937
PLK,FIBA_569_581,0.19498628565464937
QIK,FIBA_569_581,0.19498628565464937
RAF,FIBA_569_581,0.19498628565464937
RIPK,FIBA_569_581,0.19498628565464937
RSK,FIBA_569_581,0.19498628565464937
SGK,FIBA_569_581,0.19498628565464937
STE7,FIBA_569_581,0.19498628565464937
VRK2,FIBA_569_581,0.19498628565464937
AKT,FOXO3_25_37,0.04314510401232911
BARK1,FOXO3_25_37,0.04314510401232911
CDK,FOXO3_25_37,0.04314510401232911
ERK,FOXO3_25_37,0.04314510401232911
MAPKAPK,FOXO3_25_37,0.04314510401232911
P38,FOXO3_25_37,0.04314510401232911
PHK,FOXO3_25_37,0.04314510401232911
PIM,FOXO3_25_37,0.04314510401232911
PKCA,FOXO3_25_37,0.04314510401232911
QIK,FOXO3_25_37,0.04314510401232911
RAF,FOXO3_25_37,0.04314510401232911
RSK,FOXO3_25_37,0.04314510401232911
SGK,FOXO3_25_37,0.04314510401232911
VRK2,FOXO3_25_37,0.04314510401232911
AKT,FRAP_2443_2455,0.5715263293543881
AMPK,FRAP_2443_2455,0.5715263293543881
BARK1,FRAP_2443_2455,0.5715263293543881
CK1,FRAP_2443_2455,0.5715263293543881
DAPK,FRAP_2443_2455,0.5715263293543881
DMPK,FRAP_2443_2455,0.5715263293543881
MAPKAPK,FRAP_2443_2455,0.5715263293543881
MELK,FRAP_2443_2455,0.5715263293543881
MLK,FRAP_2443_2455,0.5715263293543881
MSN,FRAP_2443_2455,0.5715263293543881
MTOR,FRAP_2443_2455,0.5715263293543881
NEK,FRAP_2443_2455,0.5715263293543881
PDHK,FRAP_2443_2455,0.5715263293543881
PDK1,FRAP_2443_2455,0.5715263293543881
PEK,FRAP_2443_2455,0.5715263293543881
PHK,FRAP_2443_2455,0.5715263293543881
PIM,FRAP_2443_2455,0.5715263293543881
PKA,FRAP_2443_2455,0.5715263293543881
PKCA,FRAP_2443_2455,0.5715263293543881
QIK,FRAP_2443_2455,0.5715263293543881
RSK,FRAP_2443_2455,0.5715263293543881
SGK,FRAP_2443_2455,0.5715263293543881
TAO,FRAP_2443_2455,0.5715263293543881
VRK2,FRAP_2443_2455,0.5715263293543881
AKT,GPR6_349_361,0.35459147266993407
BARK1,GPR6_349_361,0.35459147266993407
CDK,GPR6_349_361,0.35459147266993407
CK1,GPR6_349_361,0.35459147266993407
DMPK,GPR6_349_361,0.35459147266993407
DYRK,GPR6_349_361,0.35459147266993407
ERK,GPR6_349_361,0.35459147266993407
IKK,GPR6_349_361,0.35459147266993407
JNK,GPR6_349_361,0.35459147266993407
MAPKAPK,GPR6_349_361,0.35459147266993407
MELK,GPR6_349_361,0.35459147266993407
P38,GPR6_349_361,0.35459147266993407
PDK1,GPR6_349_361,0.35459147266993407
PEK,GPR6_349_361,0.35459147266993407
PHK,GPR6_349_361,0.35459147266993407
PKCA,GPR6_349_361,0.35459147266993407
QIK,GPR6_349_361,0.35459147266993407
RAF,GPR6_349_361,0.35459147266993407
RSK,GPR6_349_361,0.35459147266993407
SGK,GPR6_349_361,0.35459147266993407
VRK2,GPR6_349_361,0.35459147266993407
AMPK,GPSM2_394_406,1.1129895430006371
BARK1,GPSM2_394_406,1.1129895430006371
CAMK1,GPSM2_394_406,1.1129895430006371
CHK1,GPSM2_394_406,1.1129895430006371
DMPK,GPSM2_394_406,1.1129895430006371
IKK,GPSM2_394_406,1.1129895430006371
MAPKAPK,GPSM2_394_406,1.1129895430006371
MARK,GPSM2_394_406,1.1129895430006371
PHK,GPSM2_394_406,1.1129895430006371
PKCA,GPSM2_394_406,1.1129895430006371
PKD,GPSM2_394_406,1.1129895430006371
VRK2,GPSM2_394_406,1.1129895430006371
BARK1,GSUB_61_73,0.11160901030463824
CDK,GSUB_61_73,0.11160901030463824
DAPK,GSUB_61_73,0.11160901030463824
DMPK,GSUB_61_73,0.11160901030463824
DYRK,GSUB_61_73,0.11160901030463824
ERK,GSUB_61_73,0.11160901030463824
PDK1,GSUB_61_73,0.11160901030463824
PHK,GSUB_61_73,0.11160901030463824
PKA,GSUB_61_73,0.11160901030463824
PKG,GSUB_61_73,0.11160901030463824
PLK,GSUB_61_73,0.11160901030463824
VRK2,GSUB_61_73,0.11160901030463824
AKT,GYS2_1_13,0.04819523534827101
BARK1,GYS2_1_13,0.04819523534827101
CDK,GYS2_1_13,0.04819523534827101
DMPK,GYS2_1_13,0.04819523534827101
IKK,GYS2_1_13,0.04819523534827101
MAPKAPK,GYS2_1_13,0.04819523534827101
MTOR,GYS2_1_13,0.04819523534827101
PEK,GYS2_1_13,0.04819523534827101
PHK,GYS2_1_13,0.04819523534827101
PKA,GYS2_1_13,0.04819523534827101
PKCA,GYS2_1_13,0.04819523534827101
QIK,GYS2_1_13,0.04819523534827101
RSK,GYS2_1_13,0.04819523534827101
SGK,GYS2_1_13,0.04819523534827101
VRK2,GYS2_1_13,0.04819523534827101
AKT,H2B1B_ 27_40,0.3515417354803819
AMPK,H2B1B_ 27_40,0.3515417354803819
BARK1,H2B1B_ 27_40,0.3515417354803819
CAMK1,H2B1B_ 27_40,0.3515417354803819
CDK,H2B1B_ 27_40,0.3515417354803819
COT,H2B1B_ 27_40,0.3515417354803819
DAPK,H2B1B_ 27_40,0.3515417354803819
DMPK,H2B1B_ 27_40,0.3515417354803819
IKK,H2B1B_ 27_40,0.3515417354803819
MLK,H2B1B_ 27_40,0.3515417354803819
MST,H2B1B_ 27_40,0.3515417354803819
PAKA,H2B1B_ 27_40,0.3515417354803819
PAKB,H2B1B_ 27_40,0.3515417354803819
PDHK,H2B1B_ 27_40,0.3515417354803819
PEK,H2B1B_ 27_40,0.3515417354803819
PHK,H2B1B_ 27_40,0.3515417354803819
PIM,H2B1B_ 27_40,0.3515417354803819
PKA,H2B1B_ 27_40,0.3515417354803819
PKCA,H2B1B_ 27_40,0.3515417354803819
PKCH,H2B1B_ 27_40,0.3515417354803819
PKD,H2B1B_ 27_40,0.3515417354803819
PKG,H2B1B_ 27_40,0.3515417354803819
PLK,H2B1B_ 27_40,0.3515417354803819
QIK,H2B1B_ 27_40,0.3515417354803819
RAD53,H2B1B_ 27_40,0.3515417354803819
RSK,H2B1B_ 27_40,0.3515417354803819
SGK,H2B1B_ 27_40,0.3515417354803819
VRK2,H2B1B_ 27_40,0.3515417354803819
AMPK,H32_3_18,0.20328162056822813
ATR,H32_3_18,0.20328162056822813
AUR,H32_3_18,0.20328162056822813
BARK1,H32_3_18,0.20328162056822813
DAPK,H32_3_18,0.20328162056822813
DMPK,H32_3_18,0.20328162056822813
DYRK,H32_3_18,0.20328162056822813
MLK,H32_3_18,0.20328162056822813
MST,H32_3_18,0.20328162056822813
MTOR,H32_3_18,0.20328162056822813
PHK,H32_3_18,0.20328162056822813
PIM,H32_3_18,0.20328162056822813
PKCA,H32_3_18,0.20328162056822813
PKCD,H32_3_18,0.20328162056822813
PRKDC,H32_3_18,0.20328162056822813
QIK,H32_3_18,0.20328162056822813
RAD53,H32_3_18,0.20328162056822813
RSK,H32_3_18,0.20328162056822813
STE7,H32_3_18,0.20328162056822813
VRK1,H32_3_18,0.20328162056822813
VRK2,H32_3_18,0.20328162056822813
BARK1,IF4E_203_215,0.16841304288225817
CDK,IF4E_203_215,0.16841304288225817
DMPK,IF4E_203_215,0.16841304288225817
ERK,IF4E_203_215,0.16841304288225817
GRK,IF4E_203_215,0.16841304288225817
IKK,IF4E_203_215,0.16841304288225817
LKB,IF4E_203_215,0.16841304288225817
MAPKAPK,IF4E_203_215,0.16841304288225817
MLK,IF4E_203_215,0.16841304288225817
P38,IF4E_203_215,0.16841304288225817
PEK,IF4E_203_215,0.16841304288225817
PKCA,IF4E_203_215,0.16841304288225817
QIK,IF4E_203_215,0.16841304288225817
RIPK,IF4E_203_215,0.16841304288225817
STKR,IF4E_203_215,0.16841304288225817
VRK1,IF4E_203_215,0.16841304288225817
VRK2,IF4E_203_215,0.16841304288225817
BARK1,KAP2_92_104,1.0027730016932337
CDK,KAP2_92_104,1.0027730016932337
CK2,KAP2_92_104,1.0027730016932337
DMPK,KAP2_92_104,1.0027730016932337
ERK,KAP2_92_104,1.0027730016932337
GSK,KAP2_92_104,1.0027730016932337
MAPKAPK,KAP2_92_104,1.0027730016932337
PDHK,KAP2_92_104,1.0027730016932337
PEK,KAP2_92_104,1.0027730016932337
PHK,KAP2_92_104,1.0027730016932337
PIM,KAP2_92_104,1.0027730016932337
PKA,KAP2_92_104,1.0027730016932337
PKCA,KAP2_92_104,1.0027730016932337
PKD,KAP2_92_104,1.0027730016932337
PKG,KAP2_92_104,1.0027730016932337
QIK,KAP2_92_104,1.0027730016932337
RIPK,KAP2_92_104,1.0027730016932337
RSK,KAP2_92_104,1.0027730016932337
VRK2,KAP2_92_104,1.0027730016932337
BARK1,KAPCG_192_206,0.15054149396274466
CAMK2,KAPCG_192_206,0.15054149396274466
CDK,KAPCG_192_206,0.15054149396274466
DMPK,KAPCG_192_206,0.15054149396274466
DYRK,KAPCG_192_206,0.15054149396274466
ERK,KAPCG_192_206,0.15054149396274466
GSK,KAPCG_192_206,0.15054149396274466
IKK,KAPCG_192_206,0.15054149396274466
IRAK,KAPCG_192_206,0.15054149396274466
LKB,KAPCG_192_206,0.15054149396274466
MELK,KAPCG_192_206,0.15054149396274466
MST,KAPCG_192_206,0.15054149396274466
MTOR,KAPCG_192_206,0.15054149396274466
PDHK,KAPCG_192_206,0.15054149396274466
PDK1,KAPCG_192_206,0.15054149396274466
PHK,KAPCG_192_206,0.15054149396274466
PIM,KAPCG_192_206,0.15054149396274466
PKCH,KAPCG_192_206,0.15054149396274466
VRK2,KAPCG_192_206,0.15054149396274466
BARK1,KCC2G_278_289,0.21247662574302212
CAMK2,KCC2G_278_289,0.21247662574302212
CDK,KCC2G_278_289,0.21247662574302212
CK1,KCC2G_278_289,0.21247662574302212
MAPKAPK,KCC2G_278_289,0.21247662574302212
MELK,KCC2G_278_289,0.21247662574302212
MLCK,KCC2G_278_289,0.21247662574302212
PEK,KCC2G_278_289,0.21247662574302212
PHK,KCC2G_278_289,0.21247662574302212
PIM,KCC2G_278_289,0.21247662574302212
PKCA,KCC2G_278_289,0.21247662574302212
PKCI,KCC2G_278_289,0.21247662574302212
PLK,KCC2G_278_289,0.21247662574302212
QIK,KCC2G_278_289,0.21247662574302212
RSK,KCC2G_278_289,0.21247662574302212
SGK,KCC2G_278_289,0.21247662574302212
VRK2,KCC2G_278_289,0.21247662574302212
AKT,KCNA1_438_450,1.145058390622398
AMPK,KCNA1_438_450,1.145058390622398
BARK1,KCNA1_438_450,1.145058390622398
CAMK1,KCNA1_438_450,1.145058390622398
CDK,KCNA1_438_450,1.145058390622398
CK1,KCNA1_438_450,1.145058390622398
DAPK,KCNA1_438_450,1.145058390622398
DMPK,KCNA1_438_450,1.145058390622398
ERK,KCNA1_438_450,1.145058390622398
GRK,KCNA1_438_450,1.145058390622398
IKK,KCNA1_438_450,1.145058390622398
JNK,KCNA1_438_450,1.145058390622398
MAPKAPK,KCNA1_438_450,1.145058390622398
MELK,KCNA1_438_450,1.145058390622398
NEK,KCNA1_438_450,1.145058390622398
P38,KCNA1_438_450,1.145058390622398
PDHK,KCNA1_438_450,1.145058390622398
PEK,KCNA1_438_450,1.145058390622398
PHK,KCNA1_438_450,1.145058390622398
PKA,KCNA1_438_450,1.145058390622398
PKCA,KCNA1_438_450,1.145058390622398
PKD,KCNA1_438_450,1.145058390622398
PLK,KCNA1_438_450,1.145058390622398
QIK,KCNA1_438_450,1.145058390622398
RAD53,KCNA1_438_450,1.145058390622398
RIPK,KCNA1_438_450,1.145058390622398
RSK,KCNA1_438_450,1.145058390622398
SGK,KCNA1_438_450,1.145058390622398
STE7,KCNA1_438_450,1.145058390622398
STKR,KCNA1_438_450,1.145058390622398
VRK2,KCNA1_438_450,1.145058390622398
AKT,KCNA2_442_454,0.6050545769823756
AMPK,KCNA2_442_454,0.6050545769823756
BARK1,KCNA2_442_454,0.6050545769823756
CAMK1,KCNA2_442_454,0.6050545769823756
CAMK2,KCNA2_442_454,0.6050545769823756
CDK,KCNA2_442_454,0.6050545769823756
CHK1,KCNA2_442_454,0.6050545769823756
CK1,KCNA2_442_454,0.6050545769823756
DMPK,KCNA2_442_454,0.6050545769823756
IKK,KCNA2_442_454,0.6050545769823756
JNK,KCNA2_442_454,0.6050545769823756
MAPKAPK,KCNA2_442_454,0.6050545769823756
NEK,KCNA2_442_454,0.6050545769823756
P38,KCNA2_442_454,0.6050545769823756
PDHK,KCNA2_442_454,0.6050545769823756
PEK,KCNA2_442_454,0.6050545769823756
PHK,KCNA2_442_454,0.6050545769823756
PIM,KCNA2_442_454,0.6050545769823756
PKCA,KCNA2_442_454,0.6050545769823756
PKD,KCNA2_442_454,0.6050545769823756
QIK,KCNA2_442_454,0.6050545769823756
RAD53,KCNA2_442_454,0.6050545769823756
RIPK,KCNA2_442_454,0.6050545769823756
RSK,KCNA2_442_454,0.6050545769823756
SGK,KCNA2_442_454,0.6050545769823756
STKR,KCNA2_442_454,0.6050545769823756
VRK2,KCNA2_442_454,0.6050545769823756
AKT,KCNA3_461_473,0.2720143429726797
AMPK,KCNA3_461_473,0.2720143429726797
BARK1,KCNA3_461_473,0.2720143429726797
CAMK1,KCNA3_461_473,0.2720143429726797
CDK,KCNA3_461_473,0.2720143429726797
CHK1,KCNA3_461_473,0.2720143429726797
CK1,KCNA3_461_473,0.2720143429726797
DMPK,KCNA3_461_473,0.2720143429726797
IKK,KCNA3_461_473,0.2720143429726797
JNK,KCNA3_461_473,0.2720143429726797
KHS,KCNA3_461_473,0.2720143429726797
MAPKAPK,KCNA3_461_473,0.2720143429726797
MARK,KCNA3_461_473,0.2720143429726797
MST,KCNA3_461_473,0.2720143429726797
P38,KCNA3_461_473,0.2720143429726797
PAKA,KCNA3_461_473,0.2720143429726797
PDHK,KCNA3_461_473,0.2720143429726797
PDK1,KCNA3_461_473,0.2720143429726797
PEK,KCNA3_461_473,0.2720143429726797
PHK,KCNA3_461_473,0.2720143429726797
PKA,KCNA3_461_473,0.2720143429726797
PKCA,KCNA3_461_473,0.2720143429726797
PKD,KCNA3_461_473,0.2720143429726797
PKG,KCNA3_461_473,0.2720143429726797
PLK,KCNA3_461_473,0.2720143429726797
QIK,KCNA3_461_473,0.2720143429726797
RAD53,KCNA3_461_473,0.2720143429726797
RSK,KCNA3_461_473,0.2720143429726797
STE7,KCNA3_461_473,0.2720143429726797
VRK2,KCNA3_461_473,0.2720143429726797
AMPK,KCNB1_489_501,0.49329443702417414
BARK1,KCNB1_489_501,0.49329443702417414
CAMK1,KCNB1_489_501,0.49329443702417414
CAMK2,KCNB1_489_501,0.49329443702417414
CDK,KCNB1_489_501,0.49329443702417414
CHK1,KCNB1_489_501,0.49329443702417414
CK1,KCNB1_489_501,0.49329443702417414
CK2,KCNB1_489_501,0.49329443702417414
DAPK,KCNB1_489_501,0.49329443702417414
DMPK,KCNB1_489_501,0.49329443702417414
GRK,KCNB1_489_501,0.49329443702417414
IKK,KCNB1_489_501,0.49329443702417414
MAPKAPK,KCNB1_489_501,0.49329443702417414
MELK,KCNB1_489_501,0.49329443702417414
MLCK,KCNB1_489_501,0.49329443702417414
MLK,KCNB1_489_501,0.49329443702417414
MST,KCNB1_489_501,0.49329443702417414
NAK,KCNB1_489_501,0.49329443702417414
NEK,KCNB1_489_501,0.49329443702417414
PDHK,KCNB1_489_501,0.49329443702417414
PEK,KCNB1_489_501,0.49329443702417414
PHK,KCNB1_489_501,0.49329443702417414
PIM,KCNB1_489_501,0.49329443702417414
PKA,KCNB1_489_501,0.49329443702417414
PKCA,KCNB1_489_501,0.49329443702417414
PKCD,KCNB1_489_501,0.49329443702417414
PKD,KCNB1_489_501,0.49329443702417414
QIK,KCNB1_489_501,0.49329443702417414
RIPK,KCNB1_489_501,0.49329443702417414
RSK,KCNB1_489_501,0.49329443702417414
SGK,KCNB1_489_501,0.49329443702417414
STE7,KCNB1_489_501,0.49329443702417414
STKR,KCNB1_489_501,0.49329443702417414
VRK2,KCNB1_489_501,0.49329443702417414
BARK1,KIF2C_105_118_S106G,0.29037268732297683
CAMK2,KIF2C_105_118_S106G,0.29037268732297683
CDK,KIF2C_105_118_S106G,0.29037268732297683
DMPK,KIF2C_105_118_S106G,0.29037268732297683
FRAY,KIF2C_105_118_S106G,0.29037268732297683
IKK,KIF2C_105_118_S106G,0.29037268732297683
MELK,KIF2C_105_118_S106G,0.29037268732297683
NEK,KIF2C_105_118_S106G,0.29037268732297683
PAKA,KIF2C_105_118_S106G,0.29037268732297683
PDHK,KIF2C_105_118_S106G,0.29037268732297683
PEK,KIF2C_105_118_S106G,0.29037268732297683
PHK,KIF2C_105_118_S106G,0.29037268732297683
PKCA,KIF2C_105_118_S106G,0.29037268732297683
PKD,KIF2C_105_118_S106G,0.29037268732297683
QIK,KIF2C_105_118_S106G,0.29037268732297683
RIPK,KIF2C_105_118_S106G,0.29037268732297683
RSK,KIF2C_105_118_S106G,0.29037268732297683
VRK2,KIF2C_105_118_S106G,0.29037268732297683
BARK1,KPB1_1011_1023,1.3035205399065586
CDK,KPB1_1011_1023,1.3035205399065586
CK1,KPB1_1011_1023,1.3035205399065586
DMPK,KPB1_1011_1023,1.3035205399065586
IKK,KPB1_1011_1023,1.3035205399065586
P38,KPB1_1011_1023,1.3035205399065586
PAKA,KPB1_1011_1023,1.3035205399065586
PDHK,KPB1_1011_1023,1.3035205399065586
PEK,KPB1_1011_1023,1.3035205399065586
PHK,KPB1_1011_1023,1.3035205399065586
PIM,KPB1_1011_1023,1.3035205399065586
PKA,KPB1_1011_1023,1.3035205399065586
PKCA,KPB1_1011_1023,1.3035205399065586
PKD,KPB1_1011_1023,1.3035205399065586
RIPK,KPB1_1011_1023,1.3035205399065586
RSK,KPB1_1011_1023,1.3035205399065586
SGK,KPB1_1011_1023,1.3035205399065586
VRK2,KPB1_1011_1023,1.3035205399065586
BARK1,KS6A1_374_386,-0.05542388217179983
COT,KS6A1_374_386,-0.05542388217179983
FRAY,KS6A1_374_386,-0.05542388217179983
MAPKAPK,KS6A1_374_386,-0.05542388217179983
MSN,KS6A1_374_386,-0.05542388217179983
MTOR,KS6A1_374_386,-0.05542388217179983
PDHK,KS6A1_374_386,-0.05542388217179983
PDK1,KS6A1_374_386,-0.05542388217179983
PEK,KS6A1_374_386,-0.05542388217179983
PHK,KS6A1_374_386,-0.05542388217179983
PIM,KS6A1_374_386,-0.05542388217179983
PKCA,KS6A1_374_386,-0.05542388217179983
RAD53,KS6A1_374_386,-0.05542388217179983
RSK,KS6A1_374_386,-0.05542388217179983
STE7,KS6A1_374_386,-0.05542388217179983
VRK2,KS6A1_374_386,-0.05542388217179983
BARK1,LMNB1_16_28,0.19106267558134307
CDK,LMNB1_16_28,0.19106267558134307
DMPK,LMNB1_16_28,0.19106267558134307
DYRK,LMNB1_16_28,0.19106267558134307
ERK,LMNB1_16_28,0.19106267558134307
GSK,LMNB1_16_28,0.19106267558134307
IKK,LMNB1_16_28,0.19106267558134307
IRAK,LMNB1_16_28,0.19106267558134307
JNK,LMNB1_16_28,0.19106267558134307
MLK,LMNB1_16_28,0.19106267558134307
NMO,LMNB1_16_28,0.19106267558134307
P38,LMNB1_16_28,0.19106267558134307
PDK1,LMNB1_16_28,0.19106267558134307
PEK,LMNB1_16_28,0.19106267558134307
PIM,LMNB1_16_28,0.19106267558134307
PKCA,LMNB1_16_28,0.19106267558134307
PKG,LMNB1_16_28,0.19106267558134307
RSK,LMNB1_16_28,0.19106267558134307
STE7,LMNB1_16_28,0.19106267558134307
VRK2,LMNB1_16_28,0.19106267558134307
BARK1,MARCS_152_164,0.19379325951951315
CDK,MARCS_152_164,0.19379325951951315
DAPK,MARCS_152_164,0.19379325951951315
DMPK,MARCS_152_164,0.19379325951951315
ERK,MARCS_152_164,0.19379325951951315
JNK,MARCS_152_164,0.19379325951951315
P38,MARCS_152_164,0.19379325951951315
PAKA,MARCS_152_164,0.19379325951951315
PDHK,MARCS_152_164,0.19379325951951315
PDK1,MARCS_152_164,0.19379325951951315
PEK,MARCS_152_164,0.19379325951951315
PHK,MARCS_152_164,0.19379325951951315
PKA,MARCS_152_164,0.19379325951951315
PKCA,MARCS_152_164,0.19379325951951315
PKCH,MARCS_152_164,0.19379325951951315
PKCI,MARCS_152_164,0.19379325951951315
PKD,MARCS_152_164,0.19379325951951315
PKG,MARCS_152_164,0.19379325951951315
PKN,MARCS_152_164,0.19379325951951315
RAD53,MARCS_152_164,0.19379325951951315
VRK2,MARCS_152_164,0.19379325951951315
BARK1,MARCS_160_172,0.23717788876709928
CDK,MARCS_160_172,0.23717788876709928
DMPK,MARCS_160_172,0.23717788876709928
ERK,MARCS_160_172,0.23717788876709928
JNK,MARCS_160_172,0.23717788876709928
MLK,MARCS_160_172,0.23717788876709928
P38,MARCS_160_172,0.23717788876709928
PDHK,MARCS_160_172,0.23717788876709928
PDK1,MARCS_160_172,0.23717788876709928
PEK,MARCS_160_172,0.23717788876709928
PKCA,MARCS_160_172,0.23717788876709928
RAD53,MARCS_160_172,0.23717788876709928
RIPK,MARCS_160_172,0.23717788876709928
VRK2,MARCS_160_172,0.23717788876709928
BARK1,MBP_222_234,-0.02327700378845509
CDK,MBP_222_234,-0.02327700378845509
DYRK,MBP_222_234,-0.02327700378845509
ERK,MBP_222_234,-0.02327700378845509
GSK,MBP_222_234,-0.02327700378845509
JNK,MBP_222_234,-0.02327700378845509
MTOR,MBP_222_234,-0.02327700378845509
PDK1,MBP_222_234,-0.02327700378845509
PEK,MBP_222_234,-0.02327700378845509
VRK2,MBP_222_234,-0.02327700378845509
BARK1,MP2K1_287_299,-0.04808540165365057
CDK,MP2K1_287_299,-0.04808540165365057
DMPK,MP2K1_287_299,-0.04808540165365057
DYRK,MP2K1_287_299,-0.04808540165365057
ERK,MP2K1_287_299,-0.04808540165365057
JNK,MP2K1_287_299,-0.04808540165365057
MAPKAPK,MP2K1_287_299,-0.04808540165365057
P38,MP2K1_287_299,-0.04808540165365057
PAKA,MP2K1_287_299,-0.04808540165365057
PDHK,MP2K1_287_299,-0.04808540165365057
PDK1,MP2K1_287_299,-0.04808540165365057
PEK,MP2K1_287_299,-0.04808540165365057
PHK,MP2K1_287_299,-0.04808540165365057
PIM,MP2K1_287_299,-0.04808540165365057
PKCA,MP2K1_287_299,-0.04808540165365057
PKD,MP2K1_287_299,-0.04808540165365057
STE7,MP2K1_287_299,-0.04808540165365057
VRK2,MP2K1_287_299,-0.04808540165365057
ATR,MPIP1_172_184,0.03173448033954784
BARK1,MPIP1_172_184,0.03173448033954784
CHK1,MPIP1_172_184,0.03173448033954784
DMPK,MPIP1_172_184,0.03173448033954784
MAPKAPK,MPIP1_172_184,0.03173448033954784
PHK,MPIP1_172_184,0.03173448033954784
PIM,MPIP1_172_184,0.03173448033954784
PKCA,MPIP1_172_184,0.03173448033954784
PRKDC,MPIP1_172_184,0.03173448033954784
QIK,MPIP1_172_184,0.03173448033954784
RAD53,MPIP1_172_184,0.03173448033954784
RAF,MPIP1_172_184,0.03173448033954784
RSK,MPIP1_172_184,0.03173448033954784
VRK2,MPIP1_172_184,0.03173448033954784
BARK1,MPIP3_208_220,0.1900109736314848
BRSK,MPIP3_208_220,0.1900109736314848
CAMK1,MPIP3_208_220,0.1900109736314848
CDK,MPIP3_208_220,0.1900109736314848
CHK1,MPIP3_208_220,0.1900109736314848
DMPK,MPIP3_208_220,0.1900109736314848
DYRK,MPIP3_208_220,0.1900109736314848
ERK,MPIP3_208_220,0.1900109736314848
IKK,MPIP3_208_220,0.1900109736314848
JNK,MPIP3_208_220,0.1900109736314848
MAPKAPK,MPIP3_208_220,0.1900109736314848
MARK,MPIP3_208_220,0.1900109736314848
MELK,MPIP3_208_220,0.1900109736314848
P38,MPIP3_208_220,0.1900109736314848
PDK1,MPIP3_208_220,0.1900109736314848
PEK,MPIP3_208_220,0.1900109736314848
PHK,MPIP3_208_220,0.1900109736314848
PKCA,MPIP3_208_220,0.1900109736314848
QIK,MPIP3_208_220,0.1900109736314848
RAD53,MPIP3_208_220,0.1900109736314848
RIPK,MPIP3_208_220,0.1900109736314848
VRK2,MPIP3_208_220,0.1900109736314848
AKT,NCF1_321_333,0.964861164847882
BARK1,NCF1_321_333,0.964861164847882
DMPK,NCF1_321_333,0.964861164847882
IRAK,NCF1_321_333,0.964861164847882
PHK,NCF1_321_333,0.964861164847882
PKA,NCF1_321_333,0.964861164847882
PKCA,NCF1_321_333,0.964861164847882
PKCD,NCF1_321_333,0.964861164847882
QIK,NCF1_321_333,0.964861164847882
VRK2,NCF1_321_333,0.964861164847882
BARK1,NEK2_172_184,0.06876695564973753
CAMK1,NEK2_172_184,0.06876695564973753
CAMK2,NEK2_172_184,0.06876695564973753
CDK,NEK2_172_184,0.06876695564973753
DYRK,NEK2_172_184,0.06876695564973753
ERK,NEK2_172_184,0.06876695564973753
FRAY,NEK2_172_184,0.06876695564973753
LKB,NEK2_172_184,0.06876695564973753
MELK,NEK2_172_184,0.06876695564973753
MST,NEK2_172_184,0.06876695564973753
MTOR,NEK2_172_184,0.06876695564973753
NEK,NEK2_172_184,0.06876695564973753
P38,NEK2_172_184,0.06876695564973753
PDHK,NEK2_172_184,0.06876695564973753
PDK1,NEK2_172_184,0.06876695564973753
PEK,NEK2_172_184,0.06876695564973753
PKCA,NEK2_172_184,0.06876695564973753
PKCH,NEK2_172_184,0.06876695564973753
RSK,NEK2_172_184,0.06876695564973753
STE11,NEK2_172_184,0.06876695564973753
STE7,NEK2_172_184,0.06876695564973753
VRK2,NEK2_172_184,0.06876695564973753
BARK1,NEK3_158_170,0.3291133431924583
CAMK2,NEK3_158_170,0.3291133431924583
DYRK,NEK3_158_170,0.3291133431924583
ERK,NEK3_158_170,0.3291133431924583
LKB,NEK3_158_170,0.3291133431924583
MST,NEK3_158_170,0.3291133431924583
NEK,NEK3_158_170,0.3291133431924583
PDHK,NEK3_158_170,0.3291133431924583
PDK1,NEK3_158_170,0.3291133431924583
PEK,NEK3_158_170,0.3291133431924583
PKCH,NEK3_158_170,0.3291133431924583
STE11,NEK3_158_170,0.3291133431924583
STE7,NEK3_158_170,0.3291133431924583
VRK2,NEK3_158_170,0.3291133431924583
BARK1,NFKB1_330_342,1.118982622293989
CDK,NFKB1_330_342,1.118982622293989
DMPK,NFKB1_330_342,1.118982622293989
IKK,NFKB1_330_342,1.118982622293989
MAPKAPK,NFKB1_330_342,1.118982622293989
PAKA,NFKB1_330_342,1.118982622293989
PDHK,NFKB1_330_342,1.118982622293989
PEK,NFKB1_330_342,1.118982622293989
PIM,NFKB1_330_342,1.118982622293989
PKA,NFKB1_330_342,1.118982622293989
PKCA,NFKB1_330_342,1.118982622293989
PKG,NFKB1_330_342,1.118982622293989
PLK,NFKB1_330_342,1.118982622293989
STE7,NFKB1_330_342,1.118982622293989
VRK2,NFKB1_330_342,1.118982622293989
BARK1,NMDZ1_890_902,0.697654005147708
AKT,NMDZ1_890_902,0.697654005147708
AMPK,NMDZ1_890_902,0.697654005147708
AUR,NMDZ1_890_902,0.697654005147708
CAMK1,NMDZ1_890_902,0.697654005147708
CDK,NMDZ1_890_902,0.697654005147708
CHK1,NMDZ1_890_902,0.697654005147708
DAPK,NMDZ1_890_902,0.697654005147708
DMPK,NMDZ1_890_902,0.697654005147708
FRAY,NMDZ1_890_902,0.697654005147708
GRK,NMDZ1_890_902,0.697654005147708
IKK,NMDZ1_890_902,0.697654005147708
MELK,NMDZ1_890_902,0.697654005147708
MLK,NMDZ1_890_902,0.697654005147708
MSN,NMDZ1_890_902,0.697654005147708
MST,NMDZ1_890_902,0.697654005147708
MTOR,NMDZ1_890_902,0.697654005147708
PAKA,NMDZ1_890_902,0.697654005147708
PDHK,NMDZ1_890_902,0.697654005147708
PDK1,NMDZ1_890_902,0.697654005147708
PEK,NMDZ1_890_902,0.697654005147708
PHK,NMDZ1_890_902,0.697654005147708
PIM,NMDZ1_890_902,0.697654005147708
PKA,NMDZ1_890_902,0.697654005147708
PKCA,NMDZ1_890_902,0.697654005147708
PKCI,NMDZ1_890_902,0.697654005147708
PKD,NMDZ1_890_902,0.697654005147708
PKG,NMDZ1_890_902,0.697654005147708
PLK,NMDZ1_890_902,0.697654005147708
QIK,NMDZ1_890_902,0.697654005147708
RAD53,NMDZ1_890_902,0.697654005147708
RAF,NMDZ1_890_902,0.697654005147708
RIPK,NMDZ1_890_902,0.697654005147708
RSK,NMDZ1_890_902,0.697654005147708
SGK,NMDZ1_890_902,0.697654005147708
STE7,NMDZ1_890_902,0.697654005147708
VRK2,NMDZ1_890_902,0.697654005147708
AKT,NOS3_1171_1183,0.3326515732651926
AMPK,NOS3_1171_1183,0.3326515732651926
BARK1,NOS3_1171_1183,0.3326515732651926
CDK,NOS3_1171_1183,0.3326515732651926
CK1,NOS3_1171_1183,0.3326515732651926
DMPK,NOS3_1171_1183,0.3326515732651926
MELK,NOS3_1171_1183,0.3326515732651926
PDHK,NOS3_1171_1183,0.3326515732651926
PDK1,NOS3_1171_1183,0.3326515732651926
PEK,NOS3_1171_1183,0.3326515732651926
PHK,NOS3_1171_1183,0.3326515732651926
PIM,NOS3_1171_1183,0.3326515732651926
PKA,NOS3_1171_1183,0.3326515732651926
PKCA,NOS3_1171_1183,0.3326515732651926
PKG,NOS3_1171_1183,0.3326515732651926
QIK,NOS3_1171_1183,0.3326515732651926
RAD53,NOS3_1171_1183,0.3326515732651926
RIPK,NOS3_1171_1183,0.3326515732651926
RSK,NOS3_1171_1183,0.3326515732651926
SGK,NOS3_1171_1183,0.3326515732651926
VRK2,NOS3_1171_1183,0.3326515732651926
AKT,NR4A1_344_356,0.13737487676392818
BARK1,NR4A1_344_356,0.13737487676392818
CDK,NR4A1_344_356,0.13737487676392818
DMPK,NR4A1_344_356,0.13737487676392818
PHK,NR4A1_344_356,0.13737487676392818
PIM,NR4A1_344_356,0.13737487676392818
PKA,NR4A1_344_356,0.13737487676392818
PKCA,NR4A1_344_356,0.13737487676392818
RAF,NR4A1_344_356,0.13737487676392818
RSK,NR4A1_344_356,0.13737487676392818
VRK2,NR4A1_344_356,0.13737487676392818
AUR,P53_308_323,0.21540636720687267
BARK1,P53_308_323,0.21540636720687267
CAMK1,P53_308_323,0.21540636720687267
CDK,P53_308_323,0.21540636720687267
DYRK,P53_308_323,0.21540636720687267
ERK,P53_308_323,0.21540636720687267
IKK,P53_308_323,0.21540636720687267
JNK,P53_308_323,0.21540636720687267
P38,P53_308_323,0.21540636720687267
PKCA,P53_308_323,0.21540636720687267
PLK,P53_308_323,0.21540636720687267
QIK,P53_308_323,0.21540636720687267
STE7,P53_308_323,0.21540636720687267
VRK2,P53_308_323,0.21540636720687267
AUR,PLEK_106_118,0.1270899274232787
BARK1,PLEK_106_118,0.1270899274232787
CDK,PLEK_106_118,0.1270899274232787
CK1,PLEK_106_118,0.1270899274232787
DMPK,PLEK_106_118,0.1270899274232787
MST,PLEK_106_118,0.1270899274232787
PEK,PLEK_106_118,0.1270899274232787
PKCA,PLEK_106_118,0.1270899274232787
PKCD,PLEK_106_118,0.1270899274232787
PKCH,PLEK_106_118,0.1270899274232787
PLK,PLEK_106_118,0.1270899274232787
VRK2,PLEK_106_118,0.1270899274232787
BARK1,PLM_76_88,0.8950008259804493
CDK,PLM_76_88,0.8950008259804493
DMPK,PLM_76_88,0.8950008259804493
IKK,PLM_76_88,0.8950008259804493
PAKA,PLM_76_88,0.8950008259804493
PDHK,PLM_76_88,0.8950008259804493
PDK1,PLM_76_88,0.8950008259804493
PEK,PLM_76_88,0.8950008259804493
PIM,PLM_76_88,0.8950008259804493
PKA,PLM_76_88,0.8950008259804493
PKCA,PLM_76_88,0.8950008259804493
PKD,PLM_76_88,0.8950008259804493
PKG,PLM_76_88,0.8950008259804493
PLK,PLM_76_88,0.8950008259804493
RAD53,PLM_76_88,0.8950008259804493
RIPK,PLM_76_88,0.8950008259804493
RSK,PLM_76_88,0.8950008259804493
STE7,PLM_76_88,0.8950008259804493
VRK2,PLM_76_88,0.8950008259804493
EGFR,PP2AB_297_309,0.3449703926220293
CSK,PP2AB_297_309,0.3449703926220293
TEC,PP2AB_297_309,0.3449703926220293
PDGFR,PP2AB_297_309,0.3449703926220293
SYK,PP2AB_297_309,0.3449703926220293
AXL,PP2AB_297_309,0.3449703926220293
VEGFR,PP2AB_297_309,0.3449703926220293
BARK1,PP2AB_297_309,0.3449703926220293
BARK2,PP2AB_297_309,0.3449703926220293
CDK,PP2AB_297_309,0.3449703926220293
DYRK,PP2AB_297_309,0.3449703926220293
JNK,PP2AB_297_309,0.3449703926220293
VRK2,PP2AB_297_309,0.3449703926220293
AKT,PPR1A_28_40,0.2668350255862422
BARK1,PPR1A_28_40,0.2668350255862422
CDK,PPR1A_28_40,0.2668350255862422
DAPK,PPR1A_28_40,0.2668350255862422
DMPK,PPR1A_28_40,0.2668350255862422
DYRK,PPR1A_28_40,0.2668350255862422
GSK,PPR1A_28_40,0.2668350255862422
JNK,PPR1A_28_40,0.2668350255862422
P38,PPR1A_28_40,0.2668350255862422
PDK1,PPR1A_28_40,0.2668350255862422
PEK,PPR1A_28_40,0.2668350255862422
PHK,PPR1A_28_40,0.2668350255862422
PKA,PPR1A_28_40,0.2668350255862422
RSK,PPR1A_28_40,0.2668350255862422
VRK2,PPR1A_28_40,0.2668350255862422
ATR,PRKDC_2618_2630,0.25060168801778965
BARK1,PRKDC_2618_2630,0.25060168801778965
BARK2,PRKDC_2618_2630,0.25060168801778965
CK1,PRKDC_2618_2630,0.25060168801778965
DMPK,PRKDC_2618_2630,0.25060168801778965
IKK,PRKDC_2618_2630,0.25060168801778965
MELK,PRKDC_2618_2630,0.25060168801778965
MLK,PRKDC_2618_2630,0.25060168801778965
MTOR,PRKDC_2618_2630,0.25060168801778965
NEK,PRKDC_2618_2630,0.25060168801778965
P38,PRKDC_2618_2630,0.25060168801778965
PHK,PRKDC_2618_2630,0.25060168801778965
PIM,PRKDC_2618_2630,0.25060168801778965
PKA,PRKDC_2618_2630,0.25060168801778965
PKCA,PRKDC_2618_2630,0.25060168801778965
PKG,PRKDC_2618_2630,0.25060168801778965
PRKDC,PRKDC_2618_2630,0.25060168801778965
PLK,PRKDC_2618_2630,0.25060168801778965
QIK,PRKDC_2618_2630,0.25060168801778965
SGK,PRKDC_2618_2630,0.25060168801778965
STE7,PRKDC_2618_2630,0.25060168801778965
VRK2,PRKDC_2618_2630,0.25060168801778965
AKT,PTK6_436_448,0.8080242697271499
BARK1,PTK6_436_448,0.8080242697271499
CAMK1,PTK6_436_448,0.8080242697271499
CDK,PTK6_436_448,0.8080242697271499
CK1,PTK6_436_448,0.8080242697271499
DMPK,PTK6_436_448,0.8080242697271499
MAPKAPK,PTK6_436_448,0.8080242697271499
MELK,PTK6_436_448,0.8080242697271499
P38,PTK6_436_448,0.8080242697271499
PAKA,PTK6_436_448,0.8080242697271499
PDHK,PTK6_436_448,0.8080242697271499
PDK1,PTK6_436_448,0.8080242697271499
PEK,PTK6_436_448,0.8080242697271499
PHK,PTK6_436_448,0.8080242697271499
PIM,PTK6_436_448,0.8080242697271499
PKA,PTK6_436_448,0.8080242697271499
PKCA,PTK6_436_448,0.8080242697271499
PKCD,PTK6_436_448,0.8080242697271499
PKCI,PTK6_436_448,0.8080242697271499
PKD,PTK6_436_448,0.8080242697271499
PKG,PTK6_436_448,0.8080242697271499
QIK,PTK6_436_448,0.8080242697271499
RAD53,PTK6_436_448,0.8080242697271499
RSK,PTK6_436_448,0.8080242697271499
STE7,PTK6_436_448,0.8080242697271499
VRK2,PTK6_436_448,0.8080242697271499
BARK1,PTN12_32_44,0.8703628825075652
CDK,PTN12_32_44,0.8703628825075652
DMPK,PTN12_32_44,0.8703628825075652
FRAY,PTN12_32_44,0.8703628825075652
MAPKAPK,PTN12_32_44,0.8703628825075652
MLK,PTN12_32_44,0.8703628825075652
PAKA,PTN12_32_44,0.8703628825075652
PDHK,PTN12_32_44,0.8703628825075652
PEK,PTN12_32_44,0.8703628825075652
PHK,PTN12_32_44,0.8703628825075652
PIM,PTN12_32_44,0.8703628825075652
PKA,PTN12_32_44,0.8703628825075652
PKCA,PTN12_32_44,0.8703628825075652
PKCD,PTN12_32_44,0.8703628825075652
PKD,PTN12_32_44,0.8703628825075652
PKG,PTN12_32_44,0.8703628825075652
QIK,PTN12_32_44,0.8703628825075652
RAD53,PTN12_32_44,0.8703628825075652
RSK,PTN12_32_44,0.8703628825075652
VRK2,PTN12_32_44,0.8703628825075652
BARK1,RADI_559_569,0.6364728061561689
COT,RADI_559_569,0.6364728061561689
DMPK,RADI_559_569,0.6364728061561689
MSN,RADI_559_569,0.6364728061561689
MST,RADI_559_569,0.6364728061561689
PHK,RADI_559_569,0.6364728061561689
PIM,RADI_559_569,0.6364728061561689
PKCA,RADI_559_569,0.6364728061561689
SLK,RADI_559_569,0.6364728061561689
VRK2,RADI_559_569,0.6364728061561689
AKT,RAF1_253_265,0.21309581578226225
AMPK,RAF1_253_265,0.21309581578226225
BARK1,RAF1_253_265,0.21309581578226225
CAMK1,RAF1_253_265,0.21309581578226225
CDK,RAF1_253_265,0.21309581578226225
DAPK,RAF1_253_265,0.21309581578226225
DMPK,RAF1_253_265,0.21309581578226225
DYRK,RAF1_253_265,0.21309581578226225
ERK,RAF1_253_265,0.21309581578226225
JNK,RAF1_253_265,0.21309581578226225
MAPKAPK,RAF1_253_265,0.21309581578226225
MARK,RAF1_253_265,0.21309581578226225
NDR,RAF1_253_265,0.21309581578226225
P38,RAF1_253_265,0.21309581578226225
PAKA,RAF1_253_265,0.21309581578226225
PDK1,RAF1_253_265,0.21309581578226225
PHK,RAF1_253_265,0.21309581578226225
PKA,RAF1_253_265,0.21309581578226225
PKCA,RAF1_253_265,0.21309581578226225
QIK,RAF1_253_265,0.21309581578226225
RAF,RAF1_253_265,0.21309581578226225
RIPK,RAF1_253_265,0.21309581578226225
RSK,RAF1_253_265,0.21309581578226225
SGK,RAF1_253_265,0.21309581578226225
VRK2,RAF1_253_265,0.21309581578226225
AKT,RAP1B_172_184,0.2979955549306602
AMPK,RAP1B_172_184,0.2979955549306602
BARK1,RAP1B_172_184,0.2979955549306602
CDK,RAP1B_172_184,0.2979955549306602
DMPK,RAP1B_172_184,0.2979955549306602
IKK,RAP1B_172_184,0.2979955549306602
MAPKAPK,RAP1B_172_184,0.2979955549306602
PDHK,RAP1B_172_184,0.2979955549306602
PEK,RAP1B_172_184,0.2979955549306602
PHK,RAP1B_172_184,0.2979955549306602
PIM,RAP1B_172_184,0.2979955549306602
PKA,RAP1B_172_184,0.2979955549306602
PKCA,RAP1B_172_184,0.2979955549306602
PKG,RAP1B_172_184,0.2979955549306602
QIK,RAP1B_172_184,0.2979955549306602
RAD53,RAP1B_172_184,0.2979955549306602
RSK,RAP1B_172_184,0.2979955549306602
VRK2,RAP1B_172_184,0.2979955549306602
BARK1,RBL2_655_667,-0.00124412718375072
CDK,RBL2_655_667,-0.00124412718375072
CK1,RBL2_655_667,-0.00124412718375072
DMPK,RBL2_655_667,-0.00124412718375072
DYRK,RBL2_655_667,-0.00124412718375072
ERK,RBL2_655_667,-0.00124412718375072
FRAY,RBL2_655_667,-0.00124412718375072
GSK,RBL2_655_667,-0.00124412718375072
IKK,RBL2_655_667,-0.00124412718375072
JNK,RBL2_655_667,-0.00124412718375072
MAPKAPK,RBL2_655_667,-0.00124412718375072
MELK,RBL2_655_667,-0.00124412718375072
MTOR,RBL2_655_667,-0.00124412718375072
NEK,RBL2_655_667,-0.00124412718375072
P38,RBL2_655_667,-0.00124412718375072
PDK1,RBL2_655_667,-0.00124412718375072
PEK,RBL2_655_667,-0.00124412718375072
PHK,RBL2_655_667,-0.00124412718375072
PIM,RBL2_655_667,-0.00124412718375072
PKCA,RBL2_655_667,-0.00124412718375072
PKD,RBL2_655_667,-0.00124412718375072
PLK,RBL2_655_667,-0.00124412718375072
QIK,RBL2_655_667,-0.00124412718375072
RAD53,RBL2_655_667,-0.00124412718375072
RAF,RBL2_655_667,-0.00124412718375072
RIPK,RBL2_655_667,-0.00124412718375072
STE7,RBL2_655_667,-0.00124412718375072
VRK2,RBL2_655_667,-0.00124412718375072
BARK1,RB_242_254,0.05676141641724008
CDK,RB_242_254,0.05676141641724008
DYRK,RB_242_254,0.05676141641724008
ERK,RB_242_254,0.05676141641724008
IRAK,RB_242_254,0.05676141641724008
P38,RB_242_254,0.05676141641724008
PDK1,RB_242_254,0.05676141641724008
PEK,RB_242_254,0.05676141641724008
PKCA,RB_242_254,0.05676141641724008
PLK,RB_242_254,0.05676141641724008
VRK2,RB_242_254,0.05676141641724008
ATR,RB_350_362,0.13478676742813206
BARK1,RB_350_362,0.13478676742813206
CDK,RB_350_362,0.13478676742813206
DMPK,RB_350_362,0.13478676742813206
DYRK,RB_350_362,0.13478676742813206
PDHK,RB_350_362,0.13478676742813206
PDK1,RB_350_362,0.13478676742813206
PEK,RB_350_362,0.13478676742813206
PHK,RB_350_362,0.13478676742813206
PIM,RB_350_362,0.13478676742813206
PKCA,RB_350_362,0.13478676742813206
PRKDC,RB_350_362,0.13478676742813206
QIK,RB_350_362,0.13478676742813206
RSK,RB_350_362,0.13478676742813206
VRK2,RB_350_362,0.13478676742813206
AUR,RB_774_786,-0.4148689253247983
BARK1,RB_774_786,-0.4148689253247983
CDK,RB_774_786,-0.4148689253247983
DMPK,RB_774_786,-0.4148689253247983
DYRK,RB_774_786,-0.4148689253247983
ERK,RB_774_786,-0.4148689253247983
GSK,RB_774_786,-0.4148689253247983
JNK,RB_774_786,-0.4148689253247983
MLK,RB_774_786,-0.4148689253247983
P38,RB_774_786,-0.4148689253247983
PHK,RB_774_786,-0.4148689253247983
PKA,RB_774_786,-0.4148689253247983
PKCA,RB_774_786,-0.4148689253247983
PLK,RB_774_786,-0.4148689253247983
QIK,RB_774_786,-0.4148689253247983
RAF,RB_774_786,-0.4148689253247983
VRK2,RB_774_786,-0.4148689253247983
BARK1,RB_803_815,0.07377452907709112
CDK,RB_803_815,0.07377452907709112
CK1,RB_803_815,0.07377452907709112
DYRK,RB_803_815,0.07377452907709112
ERK,RB_803_815,0.07377452907709112
JNK,RB_803_815,0.07377452907709112
QIK,RB_803_815,0.07377452907709112
VRK2,RB_803_815,0.07377452907709112
BARK1,REL_260_272,1.1098545255477756
CDK,REL_260_272,1.1098545255477756
CK1,REL_260_272,1.1098545255477756
DMPK,REL_260_272,1.1098545255477756
MAPKAPK,REL_260_272,1.1098545255477756
MARK,REL_260_272,1.1098545255477756
PAKA,REL_260_272,1.1098545255477756
PEK,REL_260_272,1.1098545255477756
PIM,REL_260_272,1.1098545255477756
PKCA,REL_260_272,1.1098545255477756
PKD,REL_260_272,1.1098545255477756
PKG,REL_260_272,1.1098545255477756
PLK,REL_260_272,1.1098545255477756
RSK,REL_260_272,1.1098545255477756
STE7,REL_260_272,1.1098545255477756
VRK2,REL_260_272,1.1098545255477756
AKT,RS6_228_240,0.9792582373218484
BARK1,RS6_228_240,0.9792582373218484
CAMK1,RS6_228_240,0.9792582373218484
CDK,RS6_228_240,0.9792582373218484
DAPK,RS6_228_240,0.9792582373218484
DMPK,RS6_228_240,0.9792582373218484
IKK,RS6_228_240,0.9792582373218484
MAPKAPK,RS6_228_240,0.9792582373218484
MELK,RS6_228_240,0.9792582373218484
PAKA,RS6_228_240,0.9792582373218484
PASK,RS6_228_240,0.9792582373218484
PDHK,RS6_228_240,0.9792582373218484
PEK,RS6_228_240,0.9792582373218484
PHK,RS6_228_240,0.9792582373218484
PIM,RS6_228_240,0.9792582373218484
PKA,RS6_228_240,0.9792582373218484
PKCA,RS6_228_240,0.9792582373218484
PKCD,RS6_228_240,0.9792582373218484
PKCI,RS6_228_240,0.9792582373218484
PKD,RS6_228_240,0.9792582373218484
PKG,RS6_228_240,0.9792582373218484
QIK,RS6_228_240,0.9792582373218484
RIPK,RS6_228_240,0.9792582373218484
RSK,RS6_228_240,0.9792582373218484
SGK,RS6_228_240,0.9792582373218484
VRK2,RS6_228_240,0.9792582373218484
BARK1,RYR1_4317_4329,0.5311802433081579
DMPK,RYR1_4317_4329,0.5311802433081579
PHK,RYR1_4317_4329,0.5311802433081579
PIM,RYR1_4317_4329,0.5311802433081579
PKA,RYR1_4317_4329,0.5311802433081579
PKCA,RYR1_4317_4329,0.5311802433081579
PKCH,RYR1_4317_4329,0.5311802433081579
PKG,RYR1_4317_4329,0.5311802433081579
RSK,RYR1_4317_4329,0.5311802433081579
VRK2,RYR1_4317_4329,0.5311802433081579
BARK1,SCN7A_898_910,1.1868321810212894
DMPK,SCN7A_898_910,1.1868321810212894
HAL,SCN7A_898_910,1.1868321810212894
IKK,SCN7A_898_910,1.1868321810212894
PHK,SCN7A_898_910,1.1868321810212894
PKA,SCN7A_898_910,1.1868321810212894
PKCA,SCN7A_898_910,1.1868321810212894
PKG,SCN7A_898_910,1.1868321810212894
RIPK,SCN7A_898_910,1.1868321810212894
RSK,SCN7A_898_910,1.1868321810212894
VRK2,SCN7A_898_910,1.1868321810212894
AUR,STK6_283_295,0.758330764357126
BARK1,STK6_283_295,0.758330764357126
CAMK1,STK6_283_295,0.758330764357126
CAMK2,STK6_283_295,0.758330764357126
CDK,STK6_283_295,0.758330764357126
DMPK,STK6_283_295,0.758330764357126
FRAY,STK6_283_295,0.758330764357126
IKK,STK6_283_295,0.758330764357126
IRAK,STK6_283_295,0.758330764357126
LKB,STK6_283_295,0.758330764357126
MELK,STK6_283_295,0.758330764357126
MLK,STK6_283_295,0.758330764357126
MTOR,STK6_283_295,0.758330764357126
NDR,STK6_283_295,0.758330764357126
NEK,STK6_283_295,0.758330764357126
PAKA,STK6_283_295,0.758330764357126
PDHK,STK6_283_295,0.758330764357126
PDK1,STK6_283_295,0.758330764357126
PEK,STK6_283_295,0.758330764357126
PHK,STK6_283_295,0.758330764357126
PKA,STK6_283_295,0.758330764357126
PKCA,STK6_283_295,0.758330764357126
PKCD,STK6_283_295,0.758330764357126
PLK,STK6_283_295,0.758330764357126
PRKDC,STK6_283_295,0.758330764357126
QIK,STK6_283_295,0.758330764357126
RAD53,STK6_283_295,0.758330764357126
RSK,STK6_283_295,0.758330764357126
STE7,STK6_283_295,0.758330764357126
VRK2,STK6_283_295,0.758330764357126
AKT,TAU_524_536,0.21331775250281088
BARK1,TAU_524_536,0.21331775250281088
CAMK1,TAU_524_536,0.21331775250281088
CDK,TAU_524_536,0.21331775250281088
DMPK,TAU_524_536,0.21331775250281088
DYRK,TAU_524_536,0.21331775250281088
ERK,TAU_524_536,0.21331775250281088
GRK,TAU_524_536,0.21331775250281088
GSK,TAU_524_536,0.21331775250281088
IKK,TAU_524_536,0.21331775250281088
JNK,TAU_524_536,0.21331775250281088
MAPKAPK,TAU_524_536,0.21331775250281088
MELK,TAU_524_536,0.21331775250281088
MTOR,TAU_524_536,0.21331775250281088
P38,TAU_524_536,0.21331775250281088
PDK1,TAU_524_536,0.21331775250281088
PEK,TAU_524_536,0.21331775250281088
PHK,TAU_524_536,0.21331775250281088
PIM,TAU_524_536,0.21331775250281088
PKA,TAU_524_536,0.21331775250281088
PKCA,TAU_524_536,0.21331775250281088
PKD,TAU_524_536,0.21331775250281088
PLK,TAU_524_536,0.21331775250281088
QIK,TAU_524_536,0.21331775250281088
RAF,TAU_524_536,0.21331775250281088
RIPK,TAU_524_536,0.21331775250281088
RSK,TAU_524_536,0.21331775250281088
SGK,TAU_524_536,0.21331775250281088
STE11,TAU_524_536,0.21331775250281088
VRK2,TAU_524_536,0.21331775250281088
BARK1,TY3H_65_77,1.1289796917326185
CAMK2,TY3H_65_77,1.1289796917326185
MAPKAPK,TY3H_65_77,1.1289796917326185
PHK,TY3H_65_77,1.1289796917326185
PIM,TY3H_65_77,1.1289796917326185
PKA,TY3H_65_77,1.1289796917326185
PKCA,TY3H_65_77,1.1289796917326185
PKG,TY3H_65_77,1.1289796917326185
QIK,TY3H_65_77,1.1289796917326185
RIPK,TY3H_65_77,1.1289796917326185
RSK,TY3H_65_77,1.1289796917326185
VRK2,TY3H_65_77,1.1289796917326185
BARK1,VASP_150_162,1.1346533002352583
DMPK,VASP_150_162,1.1346533002352583
PHK,VASP_150_162,1.1346533002352583
PIM,VASP_150_162,1.1346533002352583
PKA,VASP_150_162,1.1346533002352583
PKCA,VASP_150_162,1.1346533002352583
PKD,VASP_150_162,1.1346533002352583
PKG,VASP_150_162,1.1346533002352583
RIPK,VASP_150_162,1.1346533002352583
RSK,VASP_150_162,1.1346533002352583
VRK2,VASP_150_162,1.1346533002352583
BARK1,VASP_232_244,-0.5901212451938225
CDK,VASP_232_244,-0.5901212451938225
DMPK,VASP_232_244,-0.5901212451938225
IKK,VASP_232_244,-0.5901212451938225
MAPKAPK,VASP_232_244,-0.5901212451938225
PHK,VASP_232_244,-0.5901212451938225
PIM,VASP_232_244,-0.5901212451938225
PKA,VASP_232_244,-0.5901212451938225
PKCA,VASP_232_244,-0.5901212451938225
PKCH,VASP_232_244,-0.5901212451938225
PKD,VASP_232_244,-0.5901212451938225
PKG,VASP_232_244,-0.5901212451938225
RIPK,VASP_232_244,-0.5901212451938225
RSK,VASP_232_244,-0.5901212451938225
VRK2,VASP_232_244,-0.5901212451938225
AKT,VASP_271_283,0.5804513274459892
ATR,VASP_271_283,0.5804513274459892
AMPK,VASP_271_283,0.5804513274459892
BARK1,VASP_271_283,0.5804513274459892
DMPK,VASP_271_283,0.5804513274459892
IKK,VASP_271_283,0.5804513274459892
PAKA,VASP_271_283,0.5804513274459892
PHK,VASP_271_283,0.5804513274459892
PIM,VASP_271_283,0.5804513274459892
PKA,VASP_271_283,0.5804513274459892
PKG,VASP_271_283,0.5804513274459892
RIPK,VASP_271_283,0.5804513274459892
RSK,VASP_271_283,0.5804513274459892
VRK2,VASP_271_283,0.5804513274459892
BARK1,ACM1_444_456,0.07809200934545135
CDK,ACM1_444_456,0.07809200934545135
CK1,ACM1_444_456,0.07809200934545135
DAPK,ACM1_444_456,0.07809200934545135
DMPK,ACM1_444_456,0.07809200934545135
DYRK,ACM1_444_456,0.07809200934545135
ERK,ACM1_444_456,0.07809200934545135
GSK,ACM1_444_456,0.07809200934545135
IRAK,ACM1_444_456,0.07809200934545135
JNK,ACM1_444_456,0.07809200934545135
MLCK,ACM1_444_456,0.07809200934545135
P38,ACM1_444_456,0.07809200934545135
PDK1,ACM1_444_456,0.07809200934545135
PEK,ACM1_444_456,0.07809200934545135
PHK,ACM1_444_456,0.07809200934545135
PIM,ACM1_444_456,0.07809200934545135
PKCA,ACM1_444_456,0.07809200934545135
RSK,ACM1_444_456,0.07809200934545135
VRK2,ACM1_444_456,0.07809200934545135
BARK1,ACM4_456_468,0.24234141847711815
FRAY,ACM4_456_468,0.24234141847711815
MELK,ACM4_456_468,0.24234141847711815
PDHK,ACM4_456_468,0.24234141847711815
PDK1,ACM4_456_468,0.24234141847711815
PIM,ACM4_456_468,0.24234141847711815
PKCA,ACM4_456_468,0.24234141847711815
PKCH,ACM4_456_468,0.24234141847711815
VRK2,ACM4_456_468,0.24234141847711815
BARK1,ADDB_696_708,0.19250058832666755
CDK,ADDB_696_708,0.19250058832666755
CK1,ADDB_696_708,0.19250058832666755
DMPK,ADDB_696_708,0.19250058832666755
DYRK,ADDB_696_708,0.19250058832666755
ERK,ADDB_696_708,0.19250058832666755
GSK,ADDB_696_708,0.19250058832666755
IKK,ADDB_696_708,0.19250058832666755
JNK,ADDB_696_708,0.19250058832666755
MELK,ADDB_696_708,0.19250058832666755
MST,ADDB_696_708,0.19250058832666755
NEK,ADDB_696_708,0.19250058832666755
P38,ADDB_696_708,0.19250058832666755
PDK1,ADDB_696_708,0.19250058832666755
PEK,ADDB_696_708,0.19250058832666755
PKCA,ADDB_696_708,0.19250058832666755
PKCH,ADDB_696_708,0.19250058832666755
PLK,ADDB_696_708,0.19250058832666755
QIK,ADDB_696_708,0.19250058832666755
RIPK,ADDB_696_708,0.19250058832666755
STE7,ADDB_696_708,0.19250058832666755
VRK1,ADDB_696_708,0.19250058832666755
VRK2,ADDB_696_708,0.19250058832666755
BARK1,ADDB_706_718,0.3906757527244302
CDK,ADDB_706_718,0.3906757527244302
CHK1,ADDB_706_718,0.3906757527244302
DMPK,ADDB_706_718,0.3906757527244302
DYRK,ADDB_706_718,0.3906757527244302
ERK,ADDB_706_718,0.3906757527244302
JNK,ADDB_706_718,0.3906757527244302
MAPKAPK,ADDB_706_718,0.3906757527244302
MST,ADDB_706_718,0.3906757527244302
NEK,ADDB_706_718,0.3906757527244302
P38,ADDB_706_718,0.3906757527244302
PAKA,ADDB_706_718,0.3906757527244302
PDHK,ADDB_706_718,0.3906757527244302
PDK1,ADDB_706_718,0.3906757527244302
PEK,ADDB_706_718,0.3906757527244302
PHK,ADDB_706_718,0.3906757527244302
PIM,ADDB_706_718,0.3906757527244302
PKCA,ADDB_706_718,0.3906757527244302
PLK,ADDB_706_718,0.3906757527244302
RAD53,ADDB_706_718,0.3906757527244302
RSK,ADDB_706_718,0.3906757527244302
VRK2,ADDB_706_718,0.3906757527244302
AKT,ADRB2_338_350,1.0244356277052546
BARK1,ADRB2_338_350,1.0244356277052546
CAMK1,ADRB2_338_350,1.0244356277052546
CDK,ADRB2_338_350,1.0244356277052546
CHK1,ADRB2_338_350,1.0244356277052546
DMPK,ADRB2_338_350,1.0244356277052546
GRK,ADRB2_338_350,1.0244356277052546
PAKA,ADRB2_338_350,1.0244356277052546
PKA,ADRB2_338_350,1.0244356277052546
PKCA,ADRB2_338_350,1.0244356277052546
PKCI,ADRB2_338_350,1.0244356277052546
PKG,ADRB2_338_350,1.0244356277052546
RAD53,ADRB2_338_350,1.0244356277052546
RSK,ADRB2_338_350,1.0244356277052546
VRK2,ADRB2_338_350,1.0244356277052546
AKT,ANDR_785_797,0.38546363625234054
ATR,ANDR_785_797,0.38546363625234054
BARK1,ANDR_785_797,0.38546363625234054
DMPK,ANDR_785_797,0.38546363625234054
PHK,ANDR_785_797,0.38546363625234054
PIM,ANDR_785_797,0.38546363625234054
PKA,ANDR_785_797,0.38546363625234054
PKD,ANDR_785_797,0.38546363625234054
RAF,ANDR_785_797,0.38546363625234054
RSK,ANDR_785_797,0.38546363625234054
VRK2,ANDR_785_797,0.38546363625234054
AKT,ANXA1_209_221,0.617093914431608
BARK1,ANXA1_209_221,0.617093914431608
DMPK,ANXA1_209_221,0.617093914431608
PHK,ANXA1_209_221,0.617093914431608
PKA,ANXA1_209_221,0.617093914431608
PKCA,ANXA1_209_221,0.617093914431608
PKG,ANXA1_209_221,0.617093914431608
RSK,ANXA1_209_221,0.617093914431608
VRK2,ANXA1_209_221,0.617093914431608
AMPK,BAD_112_124,0.9585295553381178
BARK1,BAD_112_124,0.9585295553381178
CK1,BAD_112_124,0.9585295553381178
DMPK,BAD_112_124,0.9585295553381178
FRAY,BAD_112_124,0.9585295553381178
IRAK,BAD_112_124,0.9585295553381178
NEK,BAD_112_124,0.9585295553381178
PAKA,BAD_112_124,0.9585295553381178
PDHK,BAD_112_124,0.9585295553381178
PEK,BAD_112_124,0.9585295553381178
PHK,BAD_112_124,0.9585295553381178
PIM,BAD_112_124,0.9585295553381178
PKA,BAD_112_124,0.9585295553381178
PKCA,BAD_112_124,0.9585295553381178
PKCI,BAD_112_124,0.9585295553381178
PKD,BAD_112_124,0.9585295553381178
PKG,BAD_112_124,0.9585295553381178
QIK,BAD_112_124,0.9585295553381178
RAF,BAD_112_124,0.9585295553381178
RSK,BAD_112_124,0.9585295553381178
STE7,BAD_112_124,0.9585295553381178
VRK2,BAD_112_124,0.9585295553381178
AKT,BAD_69_81,0.4176968951171611
BARK1,BAD_69_81,0.4176968951171611
CDK,BAD_69_81,0.4176968951171611
DMPK,BAD_69_81,0.4176968951171611
ERK,BAD_69_81,0.4176968951171611
MELK,BAD_69_81,0.4176968951171611
MTOR,BAD_69_81,0.4176968951171611
PAKA,BAD_69_81,0.4176968951171611
PAKB,BAD_69_81,0.4176968951171611
PDHK,BAD_69_81,0.4176968951171611
PDK1,BAD_69_81,0.4176968951171611
PEK,BAD_69_81,0.4176968951171611
PHK,BAD_69_81,0.4176968951171611
PIM,BAD_69_81,0.4176968951171611
PKA,BAD_69_81,0.4176968951171611
PKCA,BAD_69_81,0.4176968951171611
PKCI,BAD_69_81,0.4176968951171611
PKD,BAD_69_81,0.4176968951171611
PKG,BAD_69_81,0.4176968951171611
QIK,BAD_69_81,0.4176968951171611
RAD53,BAD_69_81,0.4176968951171611
RAF,BAD_69_81,0.4176968951171611
RSK,BAD_69_81,0.4176968951171611
SGK,BAD_69_81,0.4176968951171611
VRK2,BAD_69_81,0.4176968951171611
AKT,BAD_93_105,0.22063981792997972
BARK1,BAD_93_105,0.22063981792997972
DMPK,BAD_93_105,0.22063981792997972
MAPKAPK,BAD_93_105,0.22063981792997972
PAKA,BAD_93_105,0.22063981792997972
PHK,BAD_93_105,0.22063981792997972
PIM,BAD_93_105,0.22063981792997972
PKA,BAD_93_105,0.22063981792997972
PKCA,BAD_93_105,0.22063981792997972
PKCI,BAD_93_105,0.22063981792997972
PKD,BAD_93_105,0.22063981792997972
PKG,BAD_93_105,0.22063981792997972
QIK,BAD_93_105,0.22063981792997972
RAF,BAD_93_105,0.22063981792997972
RSK,BAD_93_105,0.22063981792997972
SGK,BAD_93_105,0.22063981792997972
VRK2,BAD_93_105,0.22063981792997972
AKT,BCKD_45_57,0.1971063590415956
BARK1,BCKD_45_57,0.1971063590415956
CDK,BCKD_45_57,0.1971063590415956
DMPK,BCKD_45_57,0.1971063590415956
FRAY,BCKD_45_57,0.1971063590415956
GRK,BCKD_45_57,0.1971063590415956
IKK,BCKD_45_57,0.1971063590415956
MAPKAPK,BCKD_45_57,0.1971063590415956
MELK,BCKD_45_57,0.1971063590415956
MLCK,BCKD_45_57,0.1971063590415956
MST,BCKD_45_57,0.1971063590415956
PAKA,BCKD_45_57,0.1971063590415956
PDHK,BCKD_45_57,0.1971063590415956
PDK1,BCKD_45_57,0.1971063590415956
PEK,BCKD_45_57,0.1971063590415956
PHK,BCKD_45_57,0.1971063590415956
PIM,BCKD_45_57,0.1971063590415956
PKA,BCKD_45_57,0.1971063590415956
PKCA,BCKD_45_57,0.1971063590415956
PKG,BCKD_45_57,0.1971063590415956
PLK,BCKD_45_57,0.1971063590415956
QIK,BCKD_45_57,0.1971063590415956
RSK,BCKD_45_57,0.1971063590415956
SGK,BCKD_45_57,0.1971063590415956
STE7,BCKD_45_57,0.1971063590415956
VRK2,BCKD_45_57,0.1971063590415956
BARK1,C1R_201_213,0.21047729546759028
CDK,C1R_201_213,0.21047729546759028
CK1,C1R_201_213,0.21047729546759028
CK2,C1R_201_213,0.21047729546759028
DMPK,C1R_201_213,0.21047729546759028
DYRK,C1R_201_213,0.21047729546759028
ERK,C1R_201_213,0.21047729546759028
IRAK,C1R_201_213,0.21047729546759028
JNK,C1R_201_213,0.21047729546759028
P38,C1R_201_213,0.21047729546759028
PDHK,C1R_201_213,0.21047729546759028
PEK,C1R_201_213,0.21047729546759028
PHK,C1R_201_213,0.21047729546759028
PKCA,C1R_201_213,0.21047729546759028
PLK,C1R_201_213,0.21047729546759028
QIK,C1R_201_213,0.21047729546759028
STE7,C1R_201_213,0.21047729546759028
STKR,C1R_201_213,0.21047729546759028
VRK2,C1R_201_213,0.21047729546759028
BARK1,CAC1C_1974_1986,0.970255193380524
CAMK1,CAC1C_1974_1986,0.970255193380524
MAPKAPK,CAC1C_1974_1986,0.970255193380524
PDHK,CAC1C_1974_1986,0.970255193380524
PHK,CAC1C_1974_1986,0.970255193380524
PIM,CAC1C_1974_1986,0.970255193380524
PKCA,CAC1C_1974_1986,0.970255193380524
PKD,CAC1C_1974_1986,0.970255193380524
PKG,CAC1C_1974_1986,0.970255193380524
QIK,CAC1C_1974_1986,0.970255193380524
RAD53,CAC1C_1974_1986,0.970255193380524
RIPK,CAC1C_1974_1986,0.970255193380524
RSK,CAC1C_1974_1986,0.970255193380524
VRK2,CAC1C_1974_1986,0.970255193380524
AKT,CD27_212_224,0.1579244026807028
BARK1,CD27_212_224,0.1579244026807028
CDK,CD27_212_224,0.1579244026807028
DMPK,CD27_212_224,0.1579244026807028
ERK,CD27_212_224,0.1579244026807028
IKK,CD27_212_224,0.1579244026807028
JNK,CD27_212_224,0.1579244026807028
P38,CD27_212_224,0.1579244026807028
PDHK,CD27_212_224,0.1579244026807028
PEK,CD27_212_224,0.1579244026807028
PHK,CD27_212_224,0.1579244026807028
PIM,CD27_212_224,0.1579244026807028
PKCA,CD27_212_224,0.1579244026807028
PKD,CD27_212_224,0.1579244026807028
QIK,CD27_212_224,0.1579244026807028
RSK,CD27_212_224,0.1579244026807028
VRK2,CD27_212_224,0.1579244026807028
BARK1,CDC2_154_169,0.1659263547018135
CDK,CDC2_154_169,0.1659263547018135
COT,CDC2_154_169,0.1659263547018135
PEK,CDC2_154_169,0.1659263547018135
PKG,CDC2_154_169,0.1659263547018135
RSK,CDC2_154_169,0.1659263547018135
STE7,CDC2_154_169,0.1659263547018135
VRK2,CDC2_154_169,0.1659263547018135
BARK1,CDK7_163_175,0.2627696919937176
CDK,CDK7_163_175,0.2627696919937176
DMPK,CDK7_163_175,0.2627696919937176
DYRK,CDK7_163_175,0.2627696919937176
FRAY,CDK7_163_175,0.2627696919937176
JNK,CDK7_163_175,0.2627696919937176
MAPKAPK,CDK7_163_175,0.2627696919937176
MST,CDK7_163_175,0.2627696919937176
MTOR,CDK7_163_175,0.2627696919937176
P38,CDK7_163_175,0.2627696919937176
PDK1,CDK7_163_175,0.2627696919937176
PEK,CDK7_163_175,0.2627696919937176
PHK,CDK7_163_175,0.2627696919937176
PIM,CDK7_163_175,0.2627696919937176
PKCA,CDK7_163_175,0.2627696919937176
PKCI,CDK7_163_175,0.2627696919937176
PRKDC,CDK7_163_175,0.2627696919937176
QIK,CDK7_163_175,0.2627696919937176
STE7,CDK7_163_175,0.2627696919937176
VRK2,CDK7_163_175,0.2627696919937176
AUR,CENPA_1_14,0.13560177113008215
BARK1,CENPA_1_14,0.13560177113008215
DMPK,CENPA_1_14,0.13560177113008215
MAPKAPK,CENPA_1_14,0.13560177113008215
PIM,CENPA_1_14,0.13560177113008215
PKCA,CENPA_1_14,0.13560177113008215
PKG,CENPA_1_14,0.13560177113008215
VRK2,CENPA_1_14,0.13560177113008215
AMPK,CFTR_730_742,1.2998652497073797
BARK1,CFTR_730_742,1.2998652497073797
CAMK2,CFTR_730_742,1.2998652497073797
CDK,CFTR_730_742,1.2998652497073797
DAPK,CFTR_730_742,1.2998652497073797
DYRK,CFTR_730_742,1.2998652497073797
GRK,CFTR_730_742,1.2998652497073797
IKK,CFTR_730_742,1.2998652497073797
MAPKAPK,CFTR_730_742,1.2998652497073797
PAKA,CFTR_730_742,1.2998652497073797
PDHK,CFTR_730_742,1.2998652497073797
PEK,CFTR_730_742,1.2998652497073797
PHK,CFTR_730_742,1.2998652497073797
PKA,CFTR_730_742,1.2998652497073797
PKCA,CFTR_730_742,1.2998652497073797
PKD,CFTR_730_742,1.2998652497073797
PKG,CFTR_730_742,1.2998652497073797
QIK,CFTR_730_742,1.2998652497073797
RAD53,CFTR_730_742,1.2998652497073797
RSK,CFTR_730_742,1.2998652497073797
VRK2,CFTR_730_742,1.2998652497073797
AKT,CGHB_109_121,0.5973016851845617
BARK1,CGHB_109_121,0.5973016851845617
CAMK2,CGHB_109_121,0.5973016851845617
DMPK,CGHB_109_121,0.5973016851845617
IKK,CGHB_109_121,0.5973016851845617
MTOR,CGHB_109_121,0.5973016851845617
PDHK,CGHB_109_121,0.5973016851845617
PDK1,CGHB_109_121,0.5973016851845617
PEK,CGHB_109_121,0.5973016851845617
PKA,CGHB_109_121,0.5973016851845617
PKCA,CGHB_109_121,0.5973016851845617
PKG,CGHB_109_121,0.5973016851845617
RSK,CGHB_109_121,0.5973016851845617
VRK2,CGHB_109_121,0.5973016851845617
AMPK,CREB1_126_138,0.8148875158257655
ATM,CREB1_126_138,0.8148875158257655
BARK1,CREB1_126_138,0.8148875158257655
CAMK1,CREB1_126_138,0.8148875158257655
CAMK2,CREB1_126_138,0.8148875158257655
COT,CREB1_126_138,0.8148875158257655
DMPK,CREB1_126_138,0.8148875158257655
DYRK,CREB1_126_138,0.8148875158257655
GSK,CREB1_126_138,0.8148875158257655
MAPKAPK,CREB1_126_138,0.8148875158257655
PDHK,CREB1_126_138,0.8148875158257655
PHK,CREB1_126_138,0.8148875158257655
PIM,CREB1_126_138,0.8148875158257655
PKA,CREB1_126_138,0.8148875158257655
PKCA,CREB1_126_138,0.8148875158257655
PKCD,CREB1_126_138,0.8148875158257655
PKCH,CREB1_126_138,0.8148875158257655
PKD,CREB1_126_138,0.8148875158257655
QIK,CREB1_126_138,0.8148875158257655
RAD53,CREB1_126_138,0.8148875158257655
RSK,CREB1_126_138,0.8148875158257655
SGK,CREB1_126_138,0.8148875158257655
VRK2,CREB1_126_138,0.8148875158257655
AMPK,CSF1R_701_713,0.8796526266380033
BARK1,CSF1R_701_713,0.8796526266380033
CDK,CSF1R_701_713,0.8796526266380033
CK1,CSF1R_701_713,0.8796526266380033
DMPK,CSF1R_701_713,0.8796526266380033
PDHK,CSF1R_701_713,0.8796526266380033
PEK,CSF1R_701_713,0.8796526266380033
PIM,CSF1R_701_713,0.8796526266380033
PKA,CSF1R_701_713,0.8796526266380033
PKCA,CSF1R_701_713,0.8796526266380033
PKG,CSF1R_701_713,0.8796526266380033
RSK,CSF1R_701_713,0.8796526266380033
VRK2,CSF1R_701_713,0.8796526266380033
AMPK,DESP_2842_2854,1.3980447516316366
BARK1,DESP_2842_2854,1.3980447516316366
CAMK1,DESP_2842_2854,1.3980447516316366
CDK,DESP_2842_2854,1.3980447516316366
CK1,DESP_2842_2854,1.3980447516316366
DMPK,DESP_2842_2854,1.3980447516316366
GSK,DESP_2842_2854,1.3980447516316366
IKK,DESP_2842_2854,1.3980447516316366
MAPKAPK,DESP_2842_2854,1.3980447516316366
P38,DESP_2842_2854,1.3980447516316366
PDHK,DESP_2842_2854,1.3980447516316366
PDK1,DESP_2842_2854,1.3980447516316366
PEK,DESP_2842_2854,1.3980447516316366
PHK,DESP_2842_2854,1.3980447516316366
PIM,DESP_2842_2854,1.3980447516316366
PKA,DESP_2842_2854,1.3980447516316366
PKCA,DESP_2842_2854,1.3980447516316366
PKG,DESP_2842_2854,1.3980447516316366
QIK,DESP_2842_2854,1.3980447516316366
RIPK,DESP_2842_2854,1.3980447516316366
RSK,DESP_2842_2854,1.3980447516316366
SGK,DESP_2842_2854,1.3980447516316366
STE11,DESP_2842_2854,1.3980447516316366
STE7,DESP_2842_2854,1.3980447516316366
VRK2,DESP_2842_2854,1.3980447516316366
BARK1,EPB42_241_253,1.168965892721454
DMPK,EPB42_241_253,1.168965892721454
PHK,EPB42_241_253,1.168965892721454
PIM,EPB42_241_253,1.168965892721454
PKA,EPB42_241_253,1.168965892721454
PKCA,EPB42_241_253,1.168965892721454
PKG,EPB42_241_253,1.168965892721454
RAD53,EPB42_241_253,1.168965892721454
RSK,EPB42_241_253,1.168965892721454
VRK2,EPB42_241_253,1.168965892721454
BARK1,ERBB2_679_691,0.23889849031002977
DMPK,ERBB2_679_691,0.23889849031002977
PHK,ERBB2_679_691,0.23889849031002977
PIM,ERBB2_679_691,0.23889849031002977
PKA,ERBB2_679_691,0.23889849031002977
PKCA,ERBB2_679_691,0.23889849031002977
PKCD,ERBB2_679_691,0.23889849031002977
PKCH,ERBB2_679_691,0.23889849031002977
PKG,ERBB2_679_691,0.23889849031002977
RSK,ERBB2_679_691,0.23889849031002977
VRK2,ERBB2_679_691,0.23889849031002977
BARK1,ERF_519_531,0.37958342839185344
CDK,ERF_519_531,0.37958342839185344
CHK1,ERF_519_531,0.37958342839185344
DAPK,ERF_519_531,0.37958342839185344
DMPK,ERF_519_531,0.37958342839185344
DYRK,ERF_519_531,0.37958342839185344
ERK,ERF_519_531,0.37958342839185344
IRAK,ERF_519_531,0.37958342839185344
MST,ERF_519_531,0.37958342839185344
P38,ERF_519_531,0.37958342839185344
PDK1,ERF_519_531,0.37958342839185344
PEK,ERF_519_531,0.37958342839185344
PIM,ERF_519_531,0.37958342839185344
PKA,ERF_519_531,0.37958342839185344
PKCA,ERF_519_531,0.37958342839185344
PKG,ERF_519_531,0.37958342839185344
RAD53,ERF_519_531,0.37958342839185344
RSK,ERF_519_531,0.37958342839185344
VRK2,ERF_519_531,0.37958342839185344
AKT,ESR1_160_172,0.4706190679481222
AUR,ESR1_160_172,0.4706190679481222
BARK1,ESR1_160_172,0.4706190679481222
CK2,ESR1_160_172,0.4706190679481222
DMPK,ESR1_160_172,0.4706190679481222
IKK,ESR1_160_172,0.4706190679481222
PEK,ESR1_160_172,0.4706190679481222
PHK,ESR1_160_172,0.4706190679481222
PIM,ESR1_160_172,0.4706190679481222
PKCA,ESR1_160_172,0.4706190679481222
RSK,ESR1_160_172,0.4706190679481222
STE11,ESR1_160_172,0.4706190679481222
STE7,ESR1_160_172,0.4706190679481222
VRK2,ESR1_160_172,0.4706190679481222
BARK1,FIBA_569_581,0.19498628565464937
CDK,FIBA_569_581,0.19498628565464937
CK1,FIBA_569_581,0.19498628565464937
DAPK,FIBA_569_581,0.19498628565464937
DMPK,FIBA_569_581,0.19498628565464937
ERK,FIBA_569_581,0.19498628565464937
GSK,FIBA_569_581,0.19498628565464937
HAL,FIBA_569_581,0.19498628565464937
IKK,FIBA_569_581,0.19498628565464937
JNK,FIBA_569_581,0.19498628565464937
MLCK,FIBA_569_581,0.19498628565464937
MST,FIBA_569_581,0.19498628565464937
PDHK,FIBA_569_581,0.19498628565464937
PEK,FIBA_569_581,0.19498628565464937
PHK,FIBA_569_581,0.19498628565464937
PIM,FIBA_569_581,0.19498628565464937
PKA,FIBA_569_581,0.19498628565464937
PKCA,FIBA_569_581,0.19498628565464937
PKG,FIBA_569_581,0.19498628565464937
PLK,FIBA_569_581,0.19498628565464937
QIK,FIBA_569_581,0.19498628565464937
RAF,FIBA_569_581,0.19498628565464937
RIPK,FIBA_569_581,0.19498628565464937
RSK,FIBA_569_581,0.19498628565464937
SGK,FIBA_569_581,0.19498628565464937
STE7,FIBA_569_581,0.19498628565464937
VRK2,FIBA_569_581,0.19498628565464937
AKT,FOXO3_25_37,0.04314510401232911
BARK1,FOXO3_25_37,0.04314510401232911
CDK,FOXO3_25_37,0.04314510401232911
ERK,FOXO3_25_37,0.04314510401232911
MAPKAPK,FOXO3_25_37,0.04314510401232911
P38,FOXO3_25_37,0.04314510401232911
PHK,FOXO3_25_37,0.04314510401232911
PIM,FOXO3_25_37,0.04314510401232911
PKCA,FOXO3_25_37,0.04314510401232911
QIK,FOXO3_25_37,0.04314510401232911
RAF,FOXO3_25_37,0.04314510401232911
RSK,FOXO3_25_37,0.04314510401232911
SGK,FOXO3_25_37,0.04314510401232911
VRK2,FOXO3_25_37,0.04314510401232911
AKT,FRAP_2443_2455,0.5715263293543881
AMPK,FRAP_2443_2455,0.5715263293543881
BARK1,FRAP_2443_2455,0.5715263293543881
CK1,FRAP_2443_2455,0.5715263293543881
DAPK,FRAP_2443_2455,0.5715263293543881
DMPK,FRAP_2443_2455,0.5715263293543881
MAPKAPK,FRAP_2443_2455,0.5715263293543881
MELK,FRAP_2443_2455,0.5715263293543881
MLK,FRAP_2443_2455,0.5715263293543881
MSN,FRAP_2443_2455,0.5715263293543881
MTOR,FRAP_2443_2455,0.5715263293543881
NEK,FRAP_2443_2455,0.5715263293543881
PDHK,FRAP_2443_2455,0.5715263293543881
PDK1,FRAP_2443_2455,0.5715263293543881
PEK,FRAP_2443_2455,0.5715263293543881
PHK,FRAP_2443_2455,0.5715263293543881
PIM,FRAP_2443_2455,0.5715263293543881
PKA,FRAP_2443_2455,0.5715263293543881
PKCA,FRAP_2443_2455,0.5715263293543881
QIK,FRAP_2443_2455,0.5715263293543881
RSK,FRAP_2443_2455,0.5715263293543881
SGK,FRAP_2443_2455,0.5715263293543881
TAO,FRAP_2443_2455,0.5715263293543881
VRK2,FRAP_2443_2455,0.5715263293543881
AKT,GPR6_349_361,0.35459147266993407
BARK1,GPR6_349_361,0.35459147266993407
CDK,GPR6_349_361,0.35459147266993407
CK1,GPR6_349_361,0.35459147266993407
DMPK,GPR6_349_361,0.35459147266993407
DYRK,GPR6_349_361,0.35459147266993407
ERK,GPR6_349_361,0.35459147266993407
IKK,GPR6_349_361,0.35459147266993407
JNK,GPR6_349_361,0.35459147266993407
MAPKAPK,GPR6_349_361,0.35459147266993407
MELK,GPR6_349_361,0.35459147266993407
P38,GPR6_349_361,0.35459147266993407
PDK1,GPR6_349_361,0.35459147266993407
PEK,GPR6_349_361,0.35459147266993407
PHK,GPR6_349_361,0.35459147266993407
PKCA,GPR6_349_361,0.35459147266993407
QIK,GPR6_349_361,0.35459147266993407
RAF,GPR6_349_361,0.35459147266993407
RSK,GPR6_349_361,0.35459147266993407
SGK,GPR6_349_361,0.35459147266993407
VRK2,GPR6_349_361,0.35459147266993407
AMPK,GPSM2_394_406,1.1129895430006371
BARK1,GPSM2_394_406,1.1129895430006371
CAMK1,GPSM2_394_406,1.1129895430006371
CHK1,GPSM2_394_406,1.1129895430006371
DMPK,GPSM2_394_406,1.1129895430006371
IKK,GPSM2_394_406,1.1129895430006371
MAPKAPK,GPSM2_394_406,1.1129895430006371
MARK,GPSM2_394_406,1.1129895430006371
PHK,GPSM2_394_406,1.1129895430006371
PKCA,GPSM2_394_406,1.1129895430006371
PKD,GPSM2_394_406,1.1129895430006371
VRK2,GPSM2_394_406,1.1129895430006371
BARK1,GSUB_61_73,0.11160901030463824
CDK,GSUB_61_73,0.11160901030463824
DAPK,GSUB_61_73,0.11160901030463824
DMPK,GSUB_61_73,0.11160901030463824
DYRK,GSUB_61_73,0.11160901030463824
ERK,GSUB_61_73,0.11160901030463824
PDK1,GSUB_61_73,0.11160901030463824
PHK,GSUB_61_73,0.11160901030463824
PKA,GSUB_61_73,0.11160901030463824
PKG,GSUB_61_73,0.11160901030463824
PLK,GSUB_61_73,0.11160901030463824
VRK2,GSUB_61_73,0.11160901030463824
AKT,GYS2_1_13,0.04819523534827101
BARK1,GYS2_1_13,0.04819523534827101
CDK,GYS2_1_13,0.04819523534827101
DMPK,GYS2_1_13,0.04819523534827101
IKK,GYS2_1_13,0.04819523534827101
MAPKAPK,GYS2_1_13,0.04819523534827101
MTOR,GYS2_1_13,0.04819523534827101
PEK,GYS2_1_13,0.04819523534827101
PHK,GYS2_1_13,0.04819523534827101
PKA,GYS2_1_13,0.04819523534827101
PKCA,GYS2_1_13,0.04819523534827101
QIK,GYS2_1_13,0.04819523534827101
RSK,GYS2_1_13,0.04819523534827101
SGK,GYS2_1_13,0.04819523534827101
VRK2,GYS2_1_13,0.04819523534827101
AKT,H2B1B_ 27_40,0.3515417354803819
AMPK,H2B1B_ 27_40,0.3515417354803819
BARK1,H2B1B_ 27_40,0.3515417354803819
CAMK1,H2B1B_ 27_40,0.3515417354803819
CDK,H2B1B_ 27_40,0.3515417354803819
COT,H2B1B_ 27_40,0.3515417354803819
DAPK,H2B1B_ 27_40,0.3515417354803819
DMPK,H2B1B_ 27_40,0.3515417354803819
IKK,H2B1B_ 27_40,0.3515417354803819
MLK,H2B1B_ 27_40,0.3515417354803819
MST,H2B1B_ 27_40,0.3515417354803819
PAKA,H2B1B_ 27_40,0.3515417354803819
PAKB,H2B1B_ 27_40,0.3515417354803819
PDHK,H2B1B_ 27_40,0.3515417354803819
PEK,H2B1B_ 27_40,0.3515417354803819
PHK,H2B1B_ 27_40,0.3515417354803819
PIM,H2B1B_ 27_40,0.3515417354803819
PKA,H2B1B_ 27_40,0.3515417354803819
PKCA,H2B1B_ 27_40,0.3515417354803819
PKCH,H2B1B_ 27_40,0.3515417354803819
PKD,H2B1B_ 27_40,0.3515417354803819
PKG,H2B1B_ 27_40,0.3515417354803819
PLK,H2B1B_ 27_40,0.3515417354803819
QIK,H2B1B_ 27_40,0.3515417354803819
RAD53,H2B1B_ 27_40,0.3515417354803819
RSK,H2B1B_ 27_40,0.3515417354803819
SGK,H2B1B_ 27_40,0.3515417354803819
VRK2,H2B1B_ 27_40,0.3515417354803819
AMPK,H32_3_18,0.20328162056822813
ATR,H32_3_18,0.20328162056822813
AUR,H32_3_18,0.20328162056822813
BARK1,H32_3_18,0.20328162056822813
DAPK,H32_3_18,0.20328162056822813
DMPK,H32_3_18,0.20328162056822813
DYRK,H32_3_18,0.20328162056822813
MLK,H32_3_18,0.20328162056822813
MST,H32_3_18,0.20328162056822813
MTOR,H32_3_18,0.20328162056822813
PHK,H32_3_18,0.20328162056822813
PIM,H32_3_18,0.20328162056822813
PKCA,H32_3_18,0.20328162056822813
PKCD,H32_3_18,0.20328162056822813
PRKDC,H32_3_18,0.20328162056822813
QIK,H32_3_18,0.20328162056822813
RAD53,H32_3_18,0.20328162056822813
RSK,H32_3_18,0.20328162056822813
STE7,H32_3_18,0.20328162056822813
VRK1,H32_3_18,0.20328162056822813
VRK2,H32_3_18,0.20328162056822813
BARK1,IF4E_203_215,0.16841304288225817
CDK,IF4E_203_215,0.16841304288225817
DMPK,IF4E_203_215,0.16841304288225817
ERK,IF4E_203_215,0.16841304288225817
GRK,IF4E_203_215,0.16841304288225817
IKK,IF4E_203_215,0.16841304288225817
LKB,IF4E_203_215,0.16841304288225817
MAPKAPK,IF4E_203_215,0.16841304288225817
MLK,IF4E_203_215,0.16841304288225817
P38,IF4E_203_215,0.16841304288225817
PEK,IF4E_203_215,0.16841304288225817
PKCA,IF4E_203_215,0.16841304288225817
QIK,IF4E_203_215,0.16841304288225817
RIPK,IF4E_203_215,0.16841304288225817
STKR,IF4E_203_215,0.16841304288225817
VRK1,IF4E_203_215,0.16841304288225817
VRK2,IF4E_203_215,0.16841304288225817
BARK1,KAP2_92_104,1.0027730016932337
CDK,KAP2_92_104,1.0027730016932337
CK2,KAP2_92_104,1.0027730016932337
DMPK,KAP2_92_104,1.0027730016932337
ERK,KAP2_92_104,1.0027730016932337
GSK,KAP2_92_104,1.0027730016932337
MAPKAPK,KAP2_92_104,1.0027730016932337
PDHK,KAP2_92_104,1.0027730016932337
PEK,KAP2_92_104,1.0027730016932337
PHK,KAP2_92_104,1.0027730016932337
PIM,KAP2_92_104,1.0027730016932337
PKA,KAP2_92_104,1.0027730016932337
PKCA,KAP2_92_104,1.0027730016932337
PKD,KAP2_92_104,1.0027730016932337
PKG,KAP2_92_104,1.0027730016932337
QIK,KAP2_92_104,1.0027730016932337
RIPK,KAP2_92_104,1.0027730016932337
RSK,KAP2_92_104,1.0027730016932337
VRK2,KAP2_92_104,1.0027730016932337
BARK1,KAPCG_192_206,0.15054149396274466
CAMK2,KAPCG_192_206,0.15054149396274466
CDK,KAPCG_192_206,0.15054149396274466
DMPK,KAPCG_192_206,0.15054149396274466
DYRK,KAPCG_192_206,0.15054149396274466
ERK,KAPCG_192_206,0.15054149396274466
GSK,KAPCG_192_206,0.15054149396274466
IKK,KAPCG_192_206,0.15054149396274466
IRAK,KAPCG_192_206,0.15054149396274466
LKB,KAPCG_192_206,0.15054149396274466
MELK,KAPCG_192_206,0.15054149396274466
MST,KAPCG_192_206,0.15054149396274466
MTOR,KAPCG_192_206,0.15054149396274466
PDHK,KAPCG_192_206,0.15054149396274466
PDK1,KAPCG_192_206,0.15054149396274466
PHK,KAPCG_192_206,0.15054149396274466
PIM,KAPCG_192_206,0.15054149396274466
PKCH,KAPCG_192_206,0.15054149396274466
VRK2,KAPCG_192_206,0.15054149396274466
BARK1,KCC2G_278_289,0.21247662574302212
CAMK2,KCC2G_278_289,0.21247662574302212
CDK,KCC2G_278_289,0.21247662574302212
CK1,KCC2G_278_289,0.21247662574302212
MAPKAPK,KCC2G_278_289,0.21247662574302212
MELK,KCC2G_278_289,0.21247662574302212
MLCK,KCC2G_278_289,0.21247662574302212
PEK,KCC2G_278_289,0.21247662574302212
PHK,KCC2G_278_289,0.21247662574302212
PIM,KCC2G_278_289,0.21247662574302212
PKCA,KCC2G_278_289,0.21247662574302212
PKCI,KCC2G_278_289,0.21247662574302212
PLK,KCC2G_278_289,0.21247662574302212
QIK,KCC2G_278_289,0.21247662574302212
RSK,KCC2G_278_289,0.21247662574302212
SGK,KCC2G_278_289,0.21247662574302212
VRK2,KCC2G_278_289,0.21247662574302212
AKT,KCNA1_438_450,1.145058390622398
AMPK,KCNA1_438_450,1.145058390622398
BARK1,KCNA1_438_450,1.145058390622398
CAMK1,KCNA1_438_450,1.145058390622398
CDK,KCNA1_438_450,1.145058390622398
CK1,KCNA1_438_450,1.145058390622398
DAPK,KCNA1_438_450,1.145058390622398
DMPK,KCNA1_438_450,1.145058390622398
ERK,KCNA1_438_450,1.145058390622398
GRK,KCNA1_438_450,1.145058390622398
IKK,KCNA1_438_450,1.145058390622398
JNK,KCNA1_438_450,1.145058390622398
MAPKAPK,KCNA1_438_450,1.145058390622398
MELK,KCNA1_438_450,1.145058390622398
NEK,KCNA1_438_450,1.145058390622398
P38,KCNA1_438_450,1.145058390622398
PDHK,KCNA1_438_450,1.145058390622398
PEK,KCNA1_438_450,1.145058390622398
PHK,KCNA1_438_450,1.145058390622398
PKA,KCNA1_438_450,1.145058390622398
PKCA,KCNA1_438_450,1.145058390622398
PKD,KCNA1_438_450,1.145058390622398
PLK,KCNA1_438_450,1.145058390622398
QIK,KCNA1_438_450,1.145058390622398
RAD53,KCNA1_438_450,1.145058390622398
RIPK,KCNA1_438_450,1.145058390622398
RSK,KCNA1_438_450,1.145058390622398
SGK,KCNA1_438_450,1.145058390622398
STE7,KCNA1_438_450,1.145058390622398
STKR,KCNA1_438_450,1.145058390622398
VRK2,KCNA1_438_450,1.145058390622398
AKT,KCNA2_442_454,0.6050545769823756
AMPK,KCNA2_442_454,0.6050545769823756
BARK1,KCNA2_442_454,0.6050545769823756
CAMK1,KCNA2_442_454,0.6050545769823756
CAMK2,KCNA2_442_454,0.6050545769823756
CDK,KCNA2_442_454,0.6050545769823756
CHK1,KCNA2_442_454,0.6050545769823756
CK1,KCNA2_442_454,0.6050545769823756
DMPK,KCNA2_442_454,0.6050545769823756
IKK,KCNA2_442_454,0.6050545769823756
JNK,KCNA2_442_454,0.6050545769823756
MAPKAPK,KCNA2_442_454,0.6050545769823756
NEK,KCNA2_442_454,0.6050545769823756
P38,KCNA2_442_454,0.6050545769823756
PDHK,KCNA2_442_454,0.6050545769823756
PEK,KCNA2_442_454,0.6050545769823756
PHK,KCNA2_442_454,0.6050545769823756
PIM,KCNA2_442_454,0.6050545769823756
PKCA,KCNA2_442_454,0.6050545769823756
PKD,KCNA2_442_454,0.6050545769823756
QIK,KCNA2_442_454,0.6050545769823756
RAD53,KCNA2_442_454,0.6050545769823756
RIPK,KCNA2_442_454,0.6050545769823756
RSK,KCNA2_442_454,0.6050545769823756
SGK,KCNA2_442_454,0.6050545769823756
STKR,KCNA2_442_454,0.6050545769823756
VRK2,KCNA2_442_454,0.6050545769823756
AKT,KCNA3_461_473,0.2720143429726797
AMPK,KCNA3_461_473,0.2720143429726797
BARK1,KCNA3_461_473,0.2720143429726797
CAMK1,KCNA3_461_473,0.2720143429726797
CDK,KCNA3_461_473,0.2720143429726797
CHK1,KCNA3_461_473,0.2720143429726797
CK1,KCNA3_461_473,0.2720143429726797
DMPK,KCNA3_461_473,0.2720143429726797
IKK,KCNA3_461_473,0.2720143429726797
JNK,KCNA3_461_473,0.2720143429726797
KHS,KCNA3_461_473,0.2720143429726797
MAPKAPK,KCNA3_461_473,0.2720143429726797
MARK,KCNA3_461_473,0.2720143429726797
MST,KCNA3_461_473,0.2720143429726797
P38,KCNA3_461_473,0.2720143429726797
PAKA,KCNA3_461_473,0.2720143429726797
PDHK,KCNA3_461_473,0.2720143429726797
PDK1,KCNA3_461_473,0.2720143429726797
PEK,KCNA3_461_473,0.2720143429726797
PHK,KCNA3_461_473,0.2720143429726797
PKA,KCNA3_461_473,0.2720143429726797
PKCA,KCNA3_461_473,0.2720143429726797
PKD,KCNA3_461_473,0.2720143429726797
PKG,KCNA3_461_473,0.2720143429726797
PLK,KCNA3_461_473,0.2720143429726797
QIK,KCNA3_461_473,0.2720143429726797
RAD53,KCNA3_461_473,0.2720143429726797
RSK,KCNA3_461_473,0.2720143429726797
STE7,KCNA3_461_473,0.2720143429726797
VRK2,KCNA3_461_473,0.2720143429726797
AMPK,KCNB1_489_501,0.49329443702417414
BARK1,KCNB1_489_501,0.49329443702417414
CAMK1,KCNB1_489_501,0.49329443702417414
CAMK2,KCNB1_489_501,0.49329443702417414
CDK,KCNB1_489_501,0.49329443702417414
CHK1,KCNB1_489_501,0.49329443702417414
CK1,KCNB1_489_501,0.49329443702417414
CK2,KCNB1_489_501,0.49329443702417414
DAPK,KCNB1_489_501,0.49329443702417414
DMPK,KCNB1_489_501,0.49329443702417414
GRK,KCNB1_489_501,0.49329443702417414
IKK,KCNB1_489_501,0.49329443702417414
MAPKAPK,KCNB1_489_501,0.49329443702417414
MELK,KCNB1_489_501,0.49329443702417414
MLCK,KCNB1_489_501,0.49329443702417414
MLK,KCNB1_489_501,0.49329443702417414
MST,KCNB1_489_501,0.49329443702417414
NAK,KCNB1_489_501,0.49329443702417414
NEK,KCNB1_489_501,0.49329443702417414
PDHK,KCNB1_489_501,0.49329443702417414
PEK,KCNB1_489_501,0.49329443702417414
PHK,KCNB1_489_501,0.49329443702417414
PIM,KCNB1_489_501,0.49329443702417414
PKA,KCNB1_489_501,0.49329443702417414
PKCA,KCNB1_489_501,0.49329443702417414
PKCD,KCNB1_489_501,0.49329443702417414
PKD,KCNB1_489_501,0.49329443702417414
QIK,KCNB1_489_501,0.49329443702417414
RIPK,KCNB1_489_501,0.49329443702417414
RSK,KCNB1_489_501,0.49329443702417414
SGK,KCNB1_489_501,0.49329443702417414
STE7,KCNB1_489_501,0.49329443702417414
STKR,KCNB1_489_501,0.49329443702417414
VRK2,KCNB1_489_501,0.49329443702417414
BARK1,KIF2C_105_118_S106G,0.29037268732297683
CAMK2,KIF2C_105_118_S106G,0.29037268732297683
CDK,KIF2C_105_118_S106G,0.29037268732297683
DMPK,KIF2C_105_118_S106G,0.29037268732297683
FRAY,KIF2C_105_118_S106G,0.29037268732297683
IKK,KIF2C_105_118_S106G,0.29037268732297683
MELK,KIF2C_105_118_S106G,0.29037268732297683
NEK,KIF2C_105_118_S106G,0.29037268732297683
PAKA,KIF2C_105_118_S106G,0.29037268732297683
PDHK,KIF2C_105_118_S106G,0.29037268732297683
PEK,KIF2C_105_118_S106G,0.29037268732297683
PHK,KIF2C_105_118_S106G,0.29037268732297683
PKCA,KIF2C_105_118_S106G,0.29037268732297683
PKD,KIF2C_105_118_S106G,0.29037268732297683
QIK,KIF2C_105_118_S106G,0.29037268732297683
RIPK,KIF2C_105_118_S106G,0.29037268732297683
RSK,KIF2C_105_118_S106G,0.29037268732297683
VRK2,KIF2C_105_118_S106G,0.29037268732297683
BARK1,KPB1_1011_1023,1.3035205399065586
CDK,KPB1_1011_1023,1.3035205399065586
CK1,KPB1_1011_1023,1.3035205399065586
DMPK,KPB1_1011_1023,1.3035205399065586
IKK,KPB1_1011_1023,1.3035205399065586
P38,KPB1_1011_1023,1.3035205399065586
PAKA,KPB1_1011_1023,1.3035205399065586
PDHK,KPB1_1011_1023,1.3035205399065586
PEK,KPB1_1011_1023,1.3035205399065586
PHK,KPB1_1011_1023,1.3035205399065586
PIM,KPB1_1011_1023,1.3035205399065586
PKA,KPB1_1011_1023,1.3035205399065586
PKCA,KPB1_1011_1023,1.3035205399065586
PKD,KPB1_1011_1023,1.3035205399065586
RIPK,KPB1_1011_1023,1.3035205399065586
RSK,KPB1_1011_1023,1.3035205399065586
SGK,KPB1_1011_1023,1.3035205399065586
VRK2,KPB1_1011_1023,1.3035205399065586
BARK1,KS6A1_374_386,-0.05542388217179983
COT,KS6A1_374_386,-0.05542388217179983
FRAY,KS6A1_374_386,-0.05542388217179983
MAPKAPK,KS6A1_374_386,-0.05542388217179983
MSN,KS6A1_374_386,-0.05542388217179983
MTOR,KS6A1_374_386,-0.05542388217179983
PDHK,KS6A1_374_386,-0.05542388217179983
PDK1,KS6A1_374_386,-0.05542388217179983
PEK,KS6A1_374_386,-0.05542388217179983
PHK,KS6A1_374_386,-0.05542388217179983
PIM,KS6A1_374_386,-0.05542388217179983
PKCA,KS6A1_374_386,-0.05542388217179983
RAD53,KS6A1_374_386,-0.05542388217179983
RSK,KS6A1_374_386,-0.05542388217179983
STE7,KS6A1_374_386,-0.05542388217179983
VRK2,KS6A1_374_386,-0.05542388217179983
BARK1,LMNB1_16_28,0.19106267558134307
CDK,LMNB1_16_28,0.19106267558134307
DMPK,LMNB1_16_28,0.19106267558134307
DYRK,LMNB1_16_28,0.19106267558134307
ERK,LMNB1_16_28,0.19106267558134307
GSK,LMNB1_16_28,0.19106267558134307
IKK,LMNB1_16_28,0.19106267558134307
IRAK,LMNB1_16_28,0.19106267558134307
JNK,LMNB1_16_28,0.19106267558134307
MLK,LMNB1_16_28,0.19106267558134307
NMO,LMNB1_16_28,0.19106267558134307
P38,LMNB1_16_28,0.19106267558134307
PDK1,LMNB1_16_28,0.19106267558134307
PEK,LMNB1_16_28,0.19106267558134307
PIM,LMNB1_16_28,0.19106267558134307
PKCA,LMNB1_16_28,0.19106267558134307
PKG,LMNB1_16_28,0.19106267558134307
RSK,LMNB1_16_28,0.19106267558134307
STE7,LMNB1_16_28,0.19106267558134307
VRK2,LMNB1_16_28,0.19106267558134307
BARK1,MARCS_152_164,0.19379325951951315
CDK,MARCS_152_164,0.19379325951951315
DAPK,MARCS_152_164,0.19379325951951315
DMPK,MARCS_152_164,0.19379325951951315
ERK,MARCS_152_164,0.19379325951951315
JNK,MARCS_152_164,0.19379325951951315
P38,MARCS_152_164,0.19379325951951315
PAKA,MARCS_152_164,0.19379325951951315
PDHK,MARCS_152_164,0.19379325951951315
PDK1,MARCS_152_164,0.19379325951951315
PEK,MARCS_152_164,0.19379325951951315
PHK,MARCS_152_164,0.19379325951951315
PKA,MARCS_152_164,0.19379325951951315
PKCA,MARCS_152_164,0.19379325951951315
PKCH,MARCS_152_164,0.19379325951951315
PKCI,MARCS_152_164,0.19379325951951315
PKD,MARCS_152_164,0.19379325951951315
PKG,MARCS_152_164,0.19379325951951315
PKN,MARCS_152_164,0.19379325951951315
RAD53,MARCS_152_164,0.19379325951951315
VRK2,MARCS_152_164,0.19379325951951315
BARK1,MARCS_160_172,0.23717788876709928
CDK,MARCS_160_172,0.23717788876709928
DMPK,MARCS_160_172,0.23717788876709928
ERK,MARCS_160_172,0.23717788876709928
JNK,MARCS_160_172,0.23717788876709928
MLK,MARCS_160_172,0.23717788876709928
P38,MARCS_160_172,0.23717788876709928
PDHK,MARCS_160_172,0.23717788876709928
PDK1,MARCS_160_172,0.23717788876709928
PEK,MARCS_160_172,0.23717788876709928
PKCA,MARCS_160_172,0.23717788876709928
RAD53,MARCS_160_172,0.23717788876709928
RIPK,MARCS_160_172,0.23717788876709928
VRK2,MARCS_160_172,0.23717788876709928
BARK1,MBP_222_234,-0.02327700378845509
CDK,MBP_222_234,-0.02327700378845509
DYRK,MBP_222_234,-0.02327700378845509
ERK,MBP_222_234,-0.02327700378845509
GSK,MBP_222_234,-0.02327700378845509
JNK,MBP_222_234,-0.02327700378845509
MTOR,MBP_222_234,-0.02327700378845509
PDK1,MBP_222_234,-0.02327700378845509
PEK,MBP_222_234,-0.02327700378845509
VRK2,MBP_222_234,-0.02327700378845509
BARK1,MP2K1_287_299,-0.04808540165365057
CDK,MP2K1_287_299,-0.04808540165365057
DMPK,MP2K1_287_299,-0.04808540165365057
DYRK,MP2K1_287_299,-0.04808540165365057
ERK,MP2K1_287_299,-0.04808540165365057
JNK,MP2K1_287_299,-0.04808540165365057
MAPKAPK,MP2K1_287_299,-0.04808540165365057
P38,MP2K1_287_299,-0.04808540165365057
PAKA,MP2K1_287_299,-0.04808540165365057
PDHK,MP2K1_287_299,-0.04808540165365057
PDK1,MP2K1_287_299,-0.04808540165365057
PEK,MP2K1_287_299,-0.04808540165365057
PHK,MP2K1_287_299,-0.04808540165365057
PIM,MP2K1_287_299,-0.04808540165365057
PKCA,MP2K1_287_299,-0.04808540165365057
PKD,MP2K1_287_299,-0.04808540165365057
STE7,MP2K1_287_299,-0.04808540165365057
VRK2,MP2K1_287_299,-0.04808540165365057
ATR,MPIP1_172_184,0.03173448033954784
BARK1,MPIP1_172_184,0.03173448033954784
CHK1,MPIP1_172_184,0.03173448033954784
DMPK,MPIP1_172_184,0.03173448033954784
MAPKAPK,MPIP1_172_184,0.03173448033954784
PHK,MPIP1_172_184,0.03173448033954784
PIM,MPIP1_172_184,0.03173448033954784
PKCA,MPIP1_172_184,0.03173448033954784
PRKDC,MPIP1_172_184,0.03173448033954784
QIK,MPIP1_172_184,0.03173448033954784
RAD53,MPIP1_172_184,0.03173448033954784
RAF,MPIP1_172_184,0.03173448033954784
RSK,MPIP1_172_184,0.03173448033954784
VRK2,MPIP1_172_184,0.03173448033954784
BARK1,MPIP3_208_220,0.1900109736314848
BRSK,MPIP3_208_220,0.1900109736314848
CAMK1,MPIP3_208_220,0.1900109736314848
CDK,MPIP3_208_220,0.1900109736314848
CHK1,MPIP3_208_220,0.1900109736314848
DMPK,MPIP3_208_220,0.1900109736314848
DYRK,MPIP3_208_220,0.1900109736314848
ERK,MPIP3_208_220,0.1900109736314848
IKK,MPIP3_208_220,0.1900109736314848
JNK,MPIP3_208_220,0.1900109736314848
MAPKAPK,MPIP3_208_220,0.1900109736314848
MARK,MPIP3_208_220,0.1900109736314848
MELK,MPIP3_208_220,0.1900109736314848
P38,MPIP3_208_220,0.1900109736314848
PDK1,MPIP3_208_220,0.1900109736314848
PEK,MPIP3_208_220,0.1900109736314848
PHK,MPIP3_208_220,0.1900109736314848
PKCA,MPIP3_208_220,0.1900109736314848
QIK,MPIP3_208_220,0.1900109736314848
RAD53,MPIP3_208_220,0.1900109736314848
RIPK,MPIP3_208_220,0.1900109736314848
VRK2,MPIP3_208_220,0.1900109736314848
AKT,NCF1_321_333,0.964861164847882
BARK1,NCF1_321_333,0.964861164847882
DMPK,NCF1_321_333,0.964861164847882
IRAK,NCF1_321_333,0.964861164847882
PHK,NCF1_321_333,0.964861164847882
PKA,NCF1_321_333,0.964861164847882
PKCA,NCF1_321_333,0.964861164847882
PKCD,NCF1_321_333,0.964861164847882
QIK,NCF1_321_333,0.964861164847882
VRK2,NCF1_321_333,0.964861164847882
BARK1,NEK2_172_184,0.06876695564973753
CAMK1,NEK2_172_184,0.06876695564973753
CAMK2,NEK2_172_184,0.06876695564973753
CDK,NEK2_172_184,0.06876695564973753
DYRK,NEK2_172_184,0.06876695564973753
ERK,NEK2_172_184,0.06876695564973753
FRAY,NEK2_172_184,0.06876695564973753
LKB,NEK2_172_184,0.06876695564973753
MELK,NEK2_172_184,0.06876695564973753
MST,NEK2_172_184,0.06876695564973753
MTOR,NEK2_172_184,0.06876695564973753
NEK,NEK2_172_184,0.06876695564973753
P38,NEK2_172_184,0.06876695564973753
PDHK,NEK2_172_184,0.06876695564973753
PDK1,NEK2_172_184,0.06876695564973753
PEK,NEK2_172_184,0.06876695564973753
PKCA,NEK2_172_184,0.06876695564973753
PKCH,NEK2_172_184,0.06876695564973753
RSK,NEK2_172_184,0.06876695564973753
STE11,NEK2_172_184,0.06876695564973753
STE7,NEK2_172_184,0.06876695564973753
VRK2,NEK2_172_184,0.06876695564973753
BARK1,NEK3_158_170,0.3291133431924583
CAMK2,NEK3_158_170,0.3291133431924583
DYRK,NEK3_158_170,0.3291133431924583
ERK,NEK3_158_170,0.3291133431924583
LKB,NEK3_158_170,0.3291133431924583
MST,NEK3_158_170,0.3291133431924583
NEK,NEK3_158_170,0.3291133431924583
PDHK,NEK3_158_170,0.3291133431924583
PDK1,NEK3_158_170,0.3291133431924583
PEK,NEK3_158_170,0.3291133431924583
PKCH,NEK3_158_170,0.3291133431924583
STE11,NEK3_158_170,0.3291133431924583
STE7,NEK3_158_170,0.3291133431924583
VRK2,NEK3_158_170,0.3291133431924583
BARK1,NFKB1_330_342,1.118982622293989
CDK,NFKB1_330_342,1.118982622293989
DMPK,NFKB1_330_342,1.118982622293989
IKK,NFKB1_330_342,1.118982622293989
MAPKAPK,NFKB1_330_342,1.118982622293989
PAKA,NFKB1_330_342,1.118982622293989
PDHK,NFKB1_330_342,1.118982622293989
PEK,NFKB1_330_342,1.118982622293989
PIM,NFKB1_330_342,1.118982622293989
PKA,NFKB1_330_342,1.118982622293989
PKCA,NFKB1_330_342,1.118982622293989
PKG,NFKB1_330_342,1.118982622293989
PLK,NFKB1_330_342,1.118982622293989
STE7,NFKB1_330_342,1.118982622293989
VRK2,NFKB1_330_342,1.118982622293989
BARK1,NMDZ1_890_902,0.697654005147708
AKT,NMDZ1_890_902,0.697654005147708
AMPK,NMDZ1_890_902,0.697654005147708
AUR,NMDZ1_890_902,0.697654005147708
CAMK1,NMDZ1_890_902,0.697654005147708
CDK,NMDZ1_890_902,0.697654005147708
CHK1,NMDZ1_890_902,0.697654005147708
DAPK,NMDZ1_890_902,0.697654005147708
DMPK,NMDZ1_890_902,0.697654005147708
FRAY,NMDZ1_890_902,0.697654005147708
GRK,NMDZ1_890_902,0.697654005147708
IKK,NMDZ1_890_902,0.697654005147708
MELK,NMDZ1_890_902,0.697654005147708
MLK,NMDZ1_890_902,0.697654005147708
MSN,NMDZ1_890_902,0.697654005147708
MST,NMDZ1_890_902,0.697654005147708
MTOR,NMDZ1_890_902,0.697654005147708
PAKA,NMDZ1_890_902,0.697654005147708
PDHK,NMDZ1_890_902,0.697654005147708
PDK1,NMDZ1_890_902,0.697654005147708
PEK,NMDZ1_890_902,0.697654005147708
PHK,NMDZ1_890_902,0.697654005147708
PIM,NMDZ1_890_902,0.697654005147708
PKA,NMDZ1_890_902,0.697654005147708
PKCA,NMDZ1_890_902,0.697654005147708
PKCI,NMDZ1_890_902,0.697654005147708
PKD,NMDZ1_890_902,0.697654005147708
PKG,NMDZ1_890_902,0.697654005147708
PLK,NMDZ1_890_902,0.697654005147708
QIK,NMDZ1_890_902,0.697654005147708
RAD53,NMDZ1_890_902,0.697654005147708
RAF,NMDZ1_890_902,0.697654005147708
RIPK,NMDZ1_890_902,0.697654005147708
RSK,NMDZ1_890_902,0.697654005147708
SGK,NMDZ1_890_902,0.697654005147708
STE7,NMDZ1_890_902,0.697654005147708
VRK2,NMDZ1_890_902,0.697654005147708
AKT,NOS3_1171_1183,0.3326515732651926
AMPK,NOS3_1171_1183,0.3326515732651926
BARK1,NOS3_1171_1183,0.3326515732651926
CDK,NOS3_1171_1183,0.3326515732651926
CK1,NOS3_1171_1183,0.3326515732651926
DMPK,NOS3_1171_1183,0.3326515732651926
MELK,NOS3_1171_1183,0.3326515732651926
PDHK,NOS3_1171_1183,0.3326515732651926
PDK1,NOS3_1171_1183,0.3326515732651926
PEK,NOS3_1171_1183,0.3326515732651926
PHK,NOS3_1171_1183,0.3326515732651926
PIM,NOS3_1171_1183,0.3326515732651926
PKA,NOS3_1171_1183,0.3326515732651926
PKCA,NOS3_1171_1183,0.3326515732651926
PKG,NOS3_1171_1183,0.3326515732651926
QIK,NOS3_1171_1183,0.3326515732651926
RAD53,NOS3_1171_1183,0.3326515732651926
RIPK,NOS3_1171_1183,0.3326515732651926
RSK,NOS3_1171_1183,0.3326515732651926
SGK,NOS3_1171_1183,0.3326515732651926
VRK2,NOS3_1171_1183,0.3326515732651926
AKT,NR4A1_344_356,0.13737487676392818
BARK1,NR4A1_344_356,0.13737487676392818
CDK,NR4A1_344_356,0.13737487676392818
DMPK,NR4A1_344_356,0.13737487676392818
PHK,NR4A1_344_356,0.13737487676392818
PIM,NR4A1_344_356,0.13737487676392818
PKA,NR4A1_344_356,0.13737487676392818
PKCA,NR4A1_344_356,0.13737487676392818
RAF,NR4A1_344_356,0.13737487676392818
RSK,NR4A1_344_356,0.13737487676392818
VRK2,NR4A1_344_356,0.13737487676392818
AUR,P53_308_323,0.21540636720687267
BARK1,P53_308_323,0.21540636720687267
CAMK1,P53_308_323,0.21540636720687267
CDK,P53_308_323,0.21540636720687267
DYRK,P53_308_323,0.21540636720687267
ERK,P53_308_323,0.21540636720687267
IKK,P53_308_323,0.21540636720687267
JNK,P53_308_323,0.21540636720687267
P38,P53_308_323,0.21540636720687267
PKCA,P53_308_323,0.21540636720687267
PLK,P53_308_323,0.21540636720687267
QIK,P53_308_323,0.21540636720687267
STE7,P53_308_323,0.21540636720687267
VRK2,P53_308_323,0.21540636720687267
AUR,PLEK_106_118,0.1270899274232787
BARK1,PLEK_106_118,0.1270899274232787
CDK,PLEK_106_118,0.1270899274232787
CK1,PLEK_106_118,0.1270899274232787
DMPK,PLEK_106_118,0.1270899274232787
MST,PLEK_106_118,0.1270899274232787
PEK,PLEK_106_118,0.1270899274232787
PKCA,PLEK_106_118,0.1270899274232787
PKCD,PLEK_106_118,0.1270899274232787
PKCH,PLEK_106_118,0.1270899274232787
PLK,PLEK_106_118,0.1270899274232787
VRK2,PLEK_106_118,0.1270899274232787
BARK1,PLM_76_88,0.8950008259804493
CDK,PLM_76_88,0.8950008259804493
DMPK,PLM_76_88,0.8950008259804493
IKK,PLM_76_88,0.8950008259804493
PAKA,PLM_76_88,0.8950008259804493
PDHK,PLM_76_88,0.8950008259804493
PDK1,PLM_76_88,0.8950008259804493
PEK,PLM_76_88,0.8950008259804493
PIM,PLM_76_88,0.8950008259804493
PKA,PLM_76_88,0.8950008259804493
PKCA,PLM_76_88,0.8950008259804493
PKD,PLM_76_88,0.8950008259804493
PKG,PLM_76_88,0.8950008259804493
PLK,PLM_76_88,0.8950008259804493
RAD53,PLM_76_88,0.8950008259804493
RIPK,PLM_76_88,0.8950008259804493
RSK,PLM_76_88,0.8950008259804493
STE7,PLM_76_88,0.8950008259804493
VRK2,PLM_76_88,0.8950008259804493
EGFR,PP2AB_297_309,0.3449703926220293
CSK,PP2AB_297_309,0.3449703926220293
TEC,PP2AB_297_309,0.3449703926220293
PDGFR,PP2AB_297_309,0.3449703926220293
SYK,PP2AB_297_309,0.3449703926220293
AXL,PP2AB_297_309,0.3449703926220293
VEGFR,PP2AB_297_309,0.3449703926220293
BARK1,PP2AB_297_309,0.3449703926220293
BARK2,PP2AB_297_309,0.3449703926220293
CDK,PP2AB_297_309,0.3449703926220293
DYRK,PP2AB_297_309,0.3449703926220293
JNK,PP2AB_297_309,0.3449703926220293
VRK2,PP2AB_297_309,0.3449703926220293
AKT,PPR1A_28_40,0.2668350255862422
BARK1,PPR1A_28_40,0.2668350255862422
CDK,PPR1A_28_40,0.2668350255862422
DAPK,PPR1A_28_40,0.2668350255862422
DMPK,PPR1A_28_40,0.2668350255862422
DYRK,PPR1A_28_40,0.2668350255862422
GSK,PPR1A_28_40,0.2668350255862422
JNK,PPR1A_28_40,0.2668350255862422
P38,PPR1A_28_40,0.2668350255862422
PDK1,PPR1A_28_40,0.2668350255862422
PEK,PPR1A_28_40,0.2668350255862422
PHK,PPR1A_28_40,0.2668350255862422
PKA,PPR1A_28_40,0.2668350255862422
RSK,PPR1A_28_40,0.2668350255862422
VRK2,PPR1A_28_40,0.2668350255862422
ATR,PRKDC_2618_2630,0.25060168801778965
BARK1,PRKDC_2618_2630,0.25060168801778965
BARK2,PRKDC_2618_2630,0.25060168801778965
CK1,PRKDC_2618_2630,0.25060168801778965
DMPK,PRKDC_2618_2630,0.25060168801778965
IKK,PRKDC_2618_2630,0.25060168801778965
MELK,PRKDC_2618_2630,0.25060168801778965
MLK,PRKDC_2618_2630,0.25060168801778965
MTOR,PRKDC_2618_2630,0.25060168801778965
NEK,PRKDC_2618_2630,0.25060168801778965
P38,PRKDC_2618_2630,0.25060168801778965
PHK,PRKDC_2618_2630,0.25060168801778965
PIM,PRKDC_2618_2630,0.25060168801778965
PKA,PRKDC_2618_2630,0.25060168801778965
PKCA,PRKDC_2618_2630,0.25060168801778965
PKG,PRKDC_2618_2630,0.25060168801778965
PRKDC,PRKDC_2618_2630,0.25060168801778965
PLK,PRKDC_2618_2630,0.25060168801778965
QIK,PRKDC_2618_2630,0.25060168801778965
SGK,PRKDC_2618_2630,0.25060168801778965
STE7,PRKDC_2618_2630,0.25060168801778965
VRK2,PRKDC_2618_2630,0.25060168801778965
AKT,PTK6_436_448,0.8080242697271499
BARK1,PTK6_436_448,0.8080242697271499
CAMK1,PTK6_436_448,0.8080242697271499
CDK,PTK6_436_448,0.8080242697271499
CK1,PTK6_436_448,0.8080242697271499
DMPK,PTK6_436_448,0.8080242697271499
MAPKAPK,PTK6_436_448,0.8080242697271499
MELK,PTK6_436_448,0.8080242697271499
P38,PTK6_436_448,0.8080242697271499
PAKA,PTK6_436_448,0.8080242697271499
PDHK,PTK6_436_448,0.8080242697271499
PDK1,PTK6_436_448,0.8080242697271499
PEK,PTK6_436_448,0.8080242697271499
PHK,PTK6_436_448,0.8080242697271499
PIM,PTK6_436_448,0.8080242697271499
PKA,PTK6_436_448,0.8080242697271499
PKCA,PTK6_436_448,0.8080242697271499
PKCD,PTK6_436_448,0.8080242697271499
PKCI,PTK6_436_448,0.8080242697271499
PKD,PTK6_436_448,0.8080242697271499
PKG,PTK6_436_448,0.8080242697271499
QIK,PTK6_436_448,0.8080242697271499
RAD53,PTK6_436_448,0.8080242697271499
RSK,PTK6_436_448,0.8080242697271499
STE7,PTK6_436_448,0.8080242697271499
VRK2,PTK6_436_448,0.8080242697271499
BARK1,PTN12_32_44,0.8703628825075652
CDK,PTN12_32_44,0.8703628825075652
DMPK,PTN12_32_44,0.8703628825075652
FRAY,PTN12_32_44,0.8703628825075652
MAPKAPK,PTN12_32_44,0.8703628825075652
MLK,PTN12_32_44,0.8703628825075652
PAKA,PTN12_32_44,0.8703628825075652
PDHK,PTN12_32_44,0.8703628825075652
PEK,PTN12_32_44,0.8703628825075652
PHK,PTN12_32_44,0.8703628825075652
PIM,PTN12_32_44,0.8703628825075652
PKA,PTN12_32_44,0.8703628825075652
PKCA,PTN12_32_44,0.8703628825075652
PKCD,PTN12_32_44,0.8703628825075652
PKD,PTN12_32_44,0.8703628825075652
PKG,PTN12_32_44,0.8703628825075652
QIK,PTN12_32_44,0.8703628825075652
RAD53,PTN12_32_44,0.8703628825075652
RSK,PTN12_32_44,0.8703628825075652
VRK2,PTN12_32_44,0.8703628825075652
BARK1,RADI_559_569,0.6364728061561689
COT,RADI_559_569,0.6364728061561689
DMPK,RADI_559_569,0.6364728061561689
MSN,RADI_559_569,0.6364728061561689
MST,RADI_559_569,0.6364728061561689
PHK,RADI_559_569,0.6364728061561689
PIM,RADI_559_569,0.6364728061561689
PKCA,RADI_559_569,0.6364728061561689
SLK,RADI_559_569,0.6364728061561689
VRK2,RADI_559_569,0.6364728061561689
AKT,RAF1_253_265,0.21309581578226225
AMPK,RAF1_253_265,0.21309581578226225
BARK1,RAF1_253_265,0.21309581578226225
CAMK1,RAF1_253_265,0.21309581578226225
CDK,RAF1_253_265,0.21309581578226225
DAPK,RAF1_253_265,0.21309581578226225
DMPK,RAF1_253_265,0.21309581578226225
DYRK,RAF1_253_265,0.21309581578226225
ERK,RAF1_253_265,0.21309581578226225
JNK,RAF1_253_265,0.21309581578226225
MAPKAPK,RAF1_253_265,0.21309581578226225
MARK,RAF1_253_265,0.21309581578226225
NDR,RAF1_253_265,0.21309581578226225
P38,RAF1_253_265,0.21309581578226225
PAKA,RAF1_253_265,0.21309581578226225
PDK1,RAF1_253_265,0.21309581578226225
PHK,RAF1_253_265,0.21309581578226225
PKA,RAF1_253_265,0.21309581578226225
PKCA,RAF1_253_265,0.21309581578226225
QIK,RAF1_253_265,0.21309581578226225
RAF,RAF1_253_265,0.21309581578226225
RIPK,RAF1_253_265,0.21309581578226225
RSK,RAF1_253_265,0.21309581578226225
SGK,RAF1_253_265,0.21309581578226225
VRK2,RAF1_253_265,0.21309581578226225
AKT,RAP1B_172_184,0.2979955549306602
AMPK,RAP1B_172_184,0.2979955549306602
BARK1,RAP1B_172_184,0.2979955549306602
CDK,RAP1B_172_184,0.2979955549306602
DMPK,RAP1B_172_184,0.2979955549306602
IKK,RAP1B_172_184,0.2979955549306602
MAPKAPK,RAP1B_172_184,0.2979955549306602
PDHK,RAP1B_172_184,0.2979955549306602
PEK,RAP1B_172_184,0.2979955549306602
PHK,RAP1B_172_184,0.2979955549306602
PIM,RAP1B_172_184,0.2979955549306602
PKA,RAP1B_172_184,0.2979955549306602
PKCA,RAP1B_172_184,0.2979955549306602
PKG,RAP1B_172_184,0.2979955549306602
QIK,RAP1B_172_184,0.2979955549306602
RAD53,RAP1B_172_184,0.2979955549306602
RSK,RAP1B_172_184,0.2979955549306602
VRK2,RAP1B_172_184,0.2979955549306602
BARK1,RBL2_655_667,-0.00124412718375072
CDK,RBL2_655_667,-0.00124412718375072
CK1,RBL2_655_667,-0.00124412718375072
DMPK,RBL2_655_667,-0.00124412718375072
DYRK,RBL2_655_667,-0.00124412718375072
ERK,RBL2_655_667,-0.00124412718375072
FRAY,RBL2_655_667,-0.00124412718375072
GSK,RBL2_655_667,-0.00124412718375072
IKK,RBL2_655_667,-0.00124412718375072
JNK,RBL2_655_667,-0.00124412718375072
MAPKAPK,RBL2_655_667,-0.00124412718375072
MELK,RBL2_655_667,-0.00124412718375072
MTOR,RBL2_655_667,-0.00124412718375072
NEK,RBL2_655_667,-0.00124412718375072
P38,RBL2_655_667,-0.00124412718375072
PDK1,RBL2_655_667,-0.00124412718375072
PEK,RBL2_655_667,-0.00124412718375072
PHK,RBL2_655_667,-0.00124412718375072
PIM,RBL2_655_667,-0.00124412718375072
PKCA,RBL2_655_667,-0.00124412718375072
PKD,RBL2_655_667,-0.00124412718375072
PLK,RBL2_655_667,-0.00124412718375072
QIK,RBL2_655_667,-0.00124412718375072
RAD53,RBL2_655_667,-0.00124412718375072
RAF,RBL2_655_667,-0.00124412718375072
RIPK,RBL2_655_667,-0.00124412718375072
STE7,RBL2_655_667,-0.00124412718375072
VRK2,RBL2_655_667,-0.00124412718375072
BARK1,RB_242_254,0.05676141641724008
CDK,RB_242_254,0.05676141641724008
DYRK,RB_242_254,0.05676141641724008
ERK,RB_242_254,0.05676141641724008
IRAK,RB_242_254,0.05676141641724008
P38,RB_242_254,0.05676141641724008
PDK1,RB_242_254,0.05676141641724008
PEK,RB_242_254,0.05676141641724008
PKCA,RB_242_254,0.05676141641724008
PLK,RB_242_254,0.05676141641724008
VRK2,RB_242_254,0.05676141641724008
ATR,RB_350_362,0.13478676742813206
BARK1,RB_350_362,0.13478676742813206
CDK,RB_350_362,0.13478676742813206
DMPK,RB_350_362,0.13478676742813206
DYRK,RB_350_362,0.13478676742813206
PDHK,RB_350_362,0.13478676742813206
PDK1,RB_350_362,0.13478676742813206
PEK,RB_350_362,0.13478676742813206
PHK,RB_350_362,0.13478676742813206
PIM,RB_350_362,0.13478676742813206
PKCA,RB_350_362,0.13478676742813206
PRKDC,RB_350_362,0.13478676742813206
QIK,RB_350_362,0.13478676742813206
RSK,RB_350_362,0.13478676742813206
VRK2,RB_350_362,0.13478676742813206
AUR,RB_774_786,-0.4148689253247983
BARK1,RB_774_786,-0.4148689253247983
CDK,RB_774_786,-0.4148689253247983
DMPK,RB_774_786,-0.4148689253247983
DYRK,RB_774_786,-0.4148689253247983
ERK,RB_774_786,-0.4148689253247983
GSK,RB_774_786,-0.4148689253247983
JNK,RB_774_786,-0.4148689253247983
MLK,RB_774_786,-0.4148689253247983
P38,RB_774_786,-0.4148689253247983
PHK,RB_774_786,-0.4148689253247983
PKA,RB_774_786,-0.4148689253247983
PKCA,RB_774_786,-0.4148689253247983
PLK,RB_774_786,-0.4148689253247983
QIK,RB_774_786,-0.4148689253247983
RAF,RB_774_786,-0.4148689253247983
VRK2,RB_774_786,-0.4148689253247983
BARK1,RB_803_815,0.07377452907709112
CDK,RB_803_815,0.07377452907709112
CK1,RB_803_815,0.07377452907709112
DYRK,RB_803_815,0.07377452907709112
ERK,RB_803_815,0.07377452907709112
JNK,RB_803_815,0.07377452907709112
QIK,RB_803_815,0.07377452907709112
VRK2,RB_803_815,0.07377452907709112
BARK1,REL_260_272,1.1098545255477756
CDK,REL_260_272,1.1098545255477756
CK1,REL_260_272,1.1098545255477756
DMPK,REL_260_272,1.1098545255477756
MAPKAPK,REL_260_272,1.1098545255477756
MARK,REL_260_272,1.1098545255477756
PAKA,REL_260_272,1.1098545255477756
PEK,REL_260_272,1.1098545255477756
PIM,REL_260_272,1.1098545255477756
PKCA,REL_260_272,1.1098545255477756
PKD,REL_260_272,1.1098545255477756
PKG,REL_260_272,1.1098545255477756
PLK,REL_260_272,1.1098545255477756
RSK,REL_260_272,1.1098545255477756
STE7,REL_260_272,1.1098545255477756
VRK2,REL_260_272,1.1098545255477756
AKT,RS6_228_240,0.9792582373218484
BARK1,RS6_228_240,0.9792582373218484
CAMK1,RS6_228_240,0.9792582373218484
CDK,RS6_228_240,0.9792582373218484
DAPK,RS6_228_240,0.9792582373218484
DMPK,RS6_228_240,0.9792582373218484
IKK,RS6_228_240,0.9792582373218484
MAPKAPK,RS6_228_240,0.9792582373218484
MELK,RS6_228_240,0.9792582373218484
PAKA,RS6_228_240,0.9792582373218484
PASK,RS6_228_240,0.9792582373218484
PDHK,RS6_228_240,0.9792582373218484
PEK,RS6_228_240,0.9792582373218484
PHK,RS6_228_240,0.9792582373218484
PIM,RS6_228_240,0.9792582373218484
PKA,RS6_228_240,0.9792582373218484
PKCA,RS6_228_240,0.9792582373218484
PKCD,RS6_228_240,0.9792582373218484
PKCI,RS6_228_240,0.9792582373218484
PKD,RS6_228_240,0.9792582373218484
PKG,RS6_228_240,0.9792582373218484
QIK,RS6_228_240,0.9792582373218484
RIPK,RS6_228_240,0.9792582373218484
RSK,RS6_228_240,0.9792582373218484
SGK,RS6_228_240,0.9792582373218484
VRK2,RS6_228_240,0.9792582373218484
BARK1,RYR1_4317_4329,0.5311802433081579
DMPK,RYR1_4317_4329,0.5311802433081579
PHK,RYR1_4317_4329,0.5311802433081579
PIM,RYR1_4317_4329,0.5311802433081579
PKA,RYR1_4317_4329,0.5311802433081579
PKCA,RYR1_4317_4329,0.5311802433081579
PKCH,RYR1_4317_4329,0.5311802433081579
PKG,RYR1_4317_4329,0.5311802433081579
RSK,RYR1_4317_4329,0.5311802433081579
VRK2,RYR1_4317_4329,0.5311802433081579
BARK1,SCN7A_898_910,1.1868321810212894
DMPK,SCN7A_898_910,1.1868321810212894
HAL,SCN7A_898_910,1.1868321810212894
IKK,SCN7A_898_910,1.1868321810212894
PHK,SCN7A_898_910,1.1868321810212894
PKA,SCN7A_898_910,1.1868321810212894
PKCA,SCN7A_898_910,1.1868321810212894
PKG,SCN7A_898_910,1.1868321810212894
RIPK,SCN7A_898_910,1.1868321810212894
RSK,SCN7A_898_910,1.1868321810212894
VRK2,SCN7A_898_910,1.1868321810212894
AUR,STK6_283_295,0.758330764357126
BARK1,STK6_283_295,0.758330764357126
CAMK1,STK6_283_295,0.758330764357126
CAMK2,STK6_283_295,0.758330764357126
CDK,STK6_283_295,0.758330764357126
DMPK,STK6_283_295,0.758330764357126
FRAY,STK6_283_295,0.758330764357126
IKK,STK6_283_295,0.758330764357126
IRAK,STK6_283_295,0.758330764357126
LKB,STK6_283_295,0.758330764357126
MELK,STK6_283_295,0.758330764357126
MLK,STK6_283_295,0.758330764357126
MTOR,STK6_283_295,0.758330764357126
NDR,STK6_283_295,0.758330764357126
NEK,STK6_283_295,0.758330764357126
PAKA,STK6_283_295,0.758330764357126
PDHK,STK6_283_295,0.758330764357126
PDK1,STK6_283_295,0.758330764357126
PEK,STK6_283_295,0.758330764357126
PHK,STK6_283_295,0.758330764357126
PKA,STK6_283_295,0.758330764357126
PKCA,STK6_283_295,0.758330764357126
PKCD,STK6_283_295,0.758330764357126
PLK,STK6_283_295,0.758330764357126
PRKDC,STK6_283_295,0.758330764357126
QIK,STK6_283_295,0.758330764357126
RAD53,STK6_283_295,0.758330764357126
RSK,STK6_283_295,0.758330764357126
STE7,STK6_283_295,0.758330764357126
VRK2,STK6_283_295,0.758330764357126
AKT,TAU_524_536,0.21331775250281088
BARK1,TAU_524_536,0.21331775250281088
CAMK1,TAU_524_536,0.21331775250281088
CDK,TAU_524_536,0.21331775250281088
DMPK,TAU_524_536,0.21331775250281088
DYRK,TAU_524_536,0.21331775250281088
ERK,TAU_524_536,0.21331775250281088
GRK,TAU_524_536,0.21331775250281088
GSK,TAU_524_536,0.21331775250281088
IKK,TAU_524_536,0.21331775250281088
JNK,TAU_524_536,0.21331775250281088
MAPKAPK,TAU_524_536,0.21331775250281088
MELK,TAU_524_536,0.21331775250281088
MTOR,TAU_524_536,0.21331775250281088
P38,TAU_524_536,0.21331775250281088
PDK1,TAU_524_536,0.21331775250281088
PEK,TAU_524_536,0.21331775250281088
PHK,TAU_524_536,0.21331775250281088
PIM,TAU_524_536,0.21331775250281088
PKA,TAU_524_536,0.21331775250281088
PKCA,TAU_524_536,0.21331775250281088
PKD,TAU_524_536,0.21331775250281088
PLK,TAU_524_536,0.21331775250281088
QIK,TAU_524_536,0.21331775250281088
RAF,TAU_524_536,0.21331775250281088
RIPK,TAU_524_536,0.21331775250281088
RSK,TAU_524_536,0.21331775250281088
SGK,TAU_524_536,0.21331775250281088
STE11,TAU_524_536,0.21331775250281088
VRK2,TAU_524_536,0.21331775250281088
BARK1,TY3H_65_77,1.1289796917326185
CAMK2,TY3H_65_77,1.1289796917326185
MAPKAPK,TY3H_65_77,1.1289796917326185
PHK,TY3H_65_77,1.1289796917326185
PIM,TY3H_65_77,1.1289796917326185
PKA,TY3H_65_77,1.1289796917326185
PKCA,TY3H_65_77,1.1289796917326185
PKG,TY3H_65_77,1.1289796917326185
QIK,TY3H_65_77,1.1289796917326185
RIPK,TY3H_65_77,1.1289796917326185
RSK,TY3H_65_77,1.1289796917326185
VRK2,TY3H_65_77,1.1289796917326185
BARK1,VASP_150_162,1.1346533002352583
DMPK,VASP_150_162,1.1346533002352583
PHK,VASP_150_162,1.1346533002352583
PIM,VASP_150_162,1.1346533002352583
PKA,VASP_150_162,1.1346533002352583
PKCA,VASP_150_162,1.1346533002352583
PKD,VASP_150_162,1.1346533002352583
PKG,VASP_150_162,1.1346533002352583
RIPK,VASP_150_162,1.1346533002352583
RSK,VASP_150_162,1.1346533002352583
VRK2,VASP_150_162,1.1346533002352583
BARK1,VASP_232_244,-0.5901212451938225
CDK,VASP_232_244,-0.5901212451938225
DMPK,VASP_232_244,-0.5901212451938225
IKK,VASP_232_244,-0.5901212451938225
MAPKAPK,VASP_232_244,-0.5901212451938225
PHK,VASP_232_244,-0.5901212451938225
PIM,VASP_232_244,-0.5901212451938225
PKA,VASP_232_244,-0.5901212451938225
PKCA,VASP_232_244,-0.5901212451938225
PKCH,VASP_232_244,-0.5901212451938225
PKD,VASP_232_244,-0.5901212451938225
PKG,VASP_232_244,-0.5901212451938225
RIPK,VASP_232_244,-0.5901212451938225
RSK,VASP_232_244,-0.5901212451938225
VRK2,VASP_232_244,-0.5901212451938225
AKT,VASP_271_283,0.5804513274459892
ATR,VASP_271_283,0.5804513274459892
AMPK,VASP_271_283,0.5804513274459892
BARK1,VASP_271_283,0.5804513274459892
DMPK,VASP_271_283,0.5804513274459892
IKK,VASP_271_283,0.5804513274459892
PAKA,VASP_271_283,0.5804513274459892
PHK,VASP_271_283,0.5804513274459892
PIM,VASP_271_283,0.5804513274459892
PKA,VASP_271_283,0.5804513274459892
PKG,VASP_271_283,0.5804513274459892
RIPK,VASP_271_283,0.5804513274459892
RSK,VASP_271_283,0.5804513274459892
VRK2,VASP_271_283,0.5804513274459892
BARK1,ACM1_444_456,0.07809200934545135
CDK,ACM1_444_456,0.07809200934545135
CK1,ACM1_444_456,0.07809200934545135
DAPK,ACM1_444_456,0.07809200934545135
DMPK,ACM1_444_456,0.07809200934545135
DYRK,ACM1_444_456,0.07809200934545135
ERK,ACM1_444_456,0.07809200934545135
GSK,ACM1_444_456,0.07809200934545135
IRAK,ACM1_444_456,0.07809200934545135
JNK,ACM1_444_456,0.07809200934545135
MLCK,ACM1_444_456,0.07809200934545135
P38,ACM1_444_456,0.07809200934545135
PDK1,ACM1_444_456,0.07809200934545135
PEK,ACM1_444_456,0.07809200934545135
PHK,ACM1_444_456,0.07809200934545135
PIM,ACM1_444_456,0.07809200934545135
PKCA,ACM1_444_456,0.07809200934545135
RSK,ACM1_444_456,0.07809200934545135
VRK2,ACM1_444_456,0.07809200934545135
BARK1,ACM4_456_468,0.24234141847711815
FRAY,ACM4_456_468,0.24234141847711815
MELK,ACM4_456_468,0.24234141847711815
PDHK,ACM4_456_468,0.24234141847711815
PDK1,ACM4_456_468,0.24234141847711815
PIM,ACM4_456_468,0.24234141847711815
PKCA,ACM4_456_468,0.24234141847711815
PKCH,ACM4_456_468,0.24234141847711815
VRK2,ACM4_456_468,0.24234141847711815
BARK1,ADDB_696_708,0.19250058832666755
CDK,ADDB_696_708,0.19250058832666755
CK1,ADDB_696_708,0.19250058832666755
DMPK,ADDB_696_708,0.19250058832666755
DYRK,ADDB_696_708,0.19250058832666755
ERK,ADDB_696_708,0.19250058832666755
GSK,ADDB_696_708,0.19250058832666755
IKK,ADDB_696_708,0.19250058832666755
JNK,ADDB_696_708,0.19250058832666755
MELK,ADDB_696_708,0.19250058832666755
MST,ADDB_696_708,0.19250058832666755
NEK,ADDB_696_708,0.19250058832666755
P38,ADDB_696_708,0.19250058832666755
PDK1,ADDB_696_708,0.19250058832666755
PEK,ADDB_696_708,0.19250058832666755
PKCA,ADDB_696_708,0.19250058832666755
PKCH,ADDB_696_708,0.19250058832666755
PLK,ADDB_696_708,0.19250058832666755
QIK,ADDB_696_708,0.19250058832666755
RIPK,ADDB_696_708,0.19250058832666755
STE7,ADDB_696_708,0.19250058832666755
VRK1,ADDB_696_708,0.19250058832666755
VRK2,ADDB_696_708,0.19250058832666755
BARK1,ADDB_706_718,0.3906757527244302
CDK,ADDB_706_718,0.3906757527244302
CHK1,ADDB_706_718,0.3906757527244302
DMPK,ADDB_706_718,0.3906757527244302
DYRK,ADDB_706_718,0.3906757527244302
ERK,ADDB_706_718,0.3906757527244302
JNK,ADDB_706_718,0.3906757527244302
MAPKAPK,ADDB_706_718,0.3906757527244302
MST,ADDB_706_718,0.3906757527244302
NEK,ADDB_706_718,0.3906757527244302
P38,ADDB_706_718,0.3906757527244302
PAKA,ADDB_706_718,0.3906757527244302
PDHK,ADDB_706_718,0.3906757527244302
PDK1,ADDB_706_718,0.3906757527244302
PEK,ADDB_706_718,0.3906757527244302
PHK,ADDB_706_718,0.3906757527244302
PIM,ADDB_706_718,0.3906757527244302
PKCA,ADDB_706_718,0.3906757527244302
PLK,ADDB_706_718,0.3906757527244302
RAD53,ADDB_706_718,0.3906757527244302
RSK,ADDB_706_718,0.3906757527244302
VRK2,ADDB_706_718,0.3906757527244302
AKT,ADRB2_338_350,1.0244356277052546
BARK1,ADRB2_338_350,1.0244356277052546
CAMK1,ADRB2_338_350,1.0244356277052546
CDK,ADRB2_338_350,1.0244356277052546
CHK1,ADRB2_338_350,1.0244356277052546
DMPK,ADRB2_338_350,1.0244356277052546
GRK,ADRB2_338_350,1.0244356277052546
PAKA,ADRB2_338_350,1.0244356277052546
PKA,ADRB2_338_350,1.0244356277052546
PKCA,ADRB2_338_350,1.0244356277052546
PKCI,ADRB2_338_350,1.0244356277052546
PKG,ADRB2_338_350,1.0244356277052546
RAD53,ADRB2_338_350,1.0244356277052546
RSK,ADRB2_338_350,1.0244356277052546
VRK2,ADRB2_338_350,1.0244356277052546
AKT,ANDR_785_797,0.38546363625234054
ATR,ANDR_785_797,0.38546363625234054
BARK1,ANDR_785_797,0.38546363625234054
DMPK,ANDR_785_797,0.38546363625234054
PHK,ANDR_785_797,0.38546363625234054
PIM,ANDR_785_797,0.38546363625234054
PKA,ANDR_785_797,0.38546363625234054
PKD,ANDR_785_797,0.38546363625234054
RAF,ANDR_785_797,0.38546363625234054
RSK,ANDR_785_797,0.38546363625234054
VRK2,ANDR_785_797,0.38546363625234054
AKT,ANXA1_209_221,0.617093914431608
BARK1,ANXA1_209_221,0.617093914431608
DMPK,ANXA1_209_221,0.617093914431608
PHK,ANXA1_209_221,0.617093914431608
PKA,ANXA1_209_221,0.617093914431608
PKCA,ANXA1_209_221,0.617093914431608
PKG,ANXA1_209_221,0.617093914431608
RSK,ANXA1_209_221,0.617093914431608
VRK2,ANXA1_209_221,0.617093914431608
AMPK,BAD_112_124,0.9585295553381178
BARK1,BAD_112_124,0.9585295553381178
CK1,BAD_112_124,0.9585295553381178
DMPK,BAD_112_124,0.9585295553381178
FRAY,BAD_112_124,0.9585295553381178
IRAK,BAD_112_124,0.9585295553381178
NEK,BAD_112_124,0.9585295553381178
PAKA,BAD_112_124,0.9585295553381178
PDHK,BAD_112_124,0.9585295553381178
PEK,BAD_112_124,0.9585295553381178
PHK,BAD_112_124,0.9585295553381178
PIM,BAD_112_124,0.9585295553381178
PKA,BAD_112_124,0.9585295553381178
PKCA,BAD_112_124,0.9585295553381178
PKCI,BAD_112_124,0.9585295553381178
PKD,BAD_112_124,0.9585295553381178
PKG,BAD_112_124,0.9585295553381178
QIK,BAD_112_124,0.9585295553381178
RAF,BAD_112_124,0.9585295553381178
RSK,BAD_112_124,0.9585295553381178
STE7,BAD_112_124,0.9585295553381178
VRK2,BAD_112_124,0.9585295553381178
AKT,BAD_69_81,0.4176968951171611
BARK1,BAD_69_81,0.4176968951171611
CDK,BAD_69_81,0.4176968951171611
DMPK,BAD_69_81,0.4176968951171611
ERK,BAD_69_81,0.4176968951171611
MELK,BAD_69_81,0.4176968951171611
MTOR,BAD_69_81,0.4176968951171611
PAKA,BAD_69_81,0.4176968951171611
PAKB,BAD_69_81,0.4176968951171611
PDHK,BAD_69_81,0.4176968951171611
PDK1,BAD_69_81,0.4176968951171611
PEK,BAD_69_81,0.4176968951171611
PHK,BAD_69_81,0.4176968951171611
PIM,BAD_69_81,0.4176968951171611
PKA,BAD_69_81,0.4176968951171611
PKCA,BAD_69_81,0.4176968951171611
PKCI,BAD_69_81,0.4176968951171611
PKD,BAD_69_81,0.4176968951171611
PKG,BAD_69_81,0.4176968951171611
QIK,BAD_69_81,0.4176968951171611
RAD53,BAD_69_81,0.4176968951171611
RAF,BAD_69_81,0.4176968951171611
RSK,BAD_69_81,0.4176968951171611
SGK,BAD_69_81,0.4176968951171611
VRK2,BAD_69_81,0.4176968951171611
AKT,BAD_93_105,0.22063981792997972
BARK1,BAD_93_105,0.22063981792997972
DMPK,BAD_93_105,0.22063981792997972
MAPKAPK,BAD_93_105,0.22063981792997972
PAKA,BAD_93_105,0.22063981792997972
PHK,BAD_93_105,0.22063981792997972
PIM,BAD_93_105,0.22063981792997972
PKA,BAD_93_105,0.22063981792997972
PKCA,BAD_93_105,0.22063981792997972
PKCI,BAD_93_105,0.22063981792997972
PKD,BAD_93_105,0.22063981792997972
PKG,BAD_93_105,0.22063981792997972
QIK,BAD_93_105,0.22063981792997972
RAF,BAD_93_105,0.22063981792997972
RSK,BAD_93_105,0.22063981792997972
SGK,BAD_93_105,0.22063981792997972
VRK2,BAD_93_105,0.22063981792997972
AKT,BCKD_45_57,0.1971063590415956
BARK1,BCKD_45_57,0.1971063590415956
CDK,BCKD_45_57,0.1971063590415956
DMPK,BCKD_45_57,0.1971063590415956
FRAY,BCKD_45_57,0.1971063590415956
GRK,BCKD_45_57,0.1971063590415956
IKK,BCKD_45_57,0.1971063590415956
MAPKAPK,BCKD_45_57,0.1971063590415956
MELK,BCKD_45_57,0.1971063590415956
MLCK,BCKD_45_57,0.1971063590415956
MST,BCKD_45_57,0.1971063590415956
PAKA,BCKD_45_57,0.1971063590415956
PDHK,BCKD_45_57,0.1971063590415956
PDK1,BCKD_45_57,0.1971063590415956
PEK,BCKD_45_57,0.1971063590415956
PHK,BCKD_45_57,0.1971063590415956
PIM,BCKD_45_57,0.1971063590415956
PKA,BCKD_45_57,0.1971063590415956
PKCA,BCKD_45_57,0.1971063590415956
PKG,BCKD_45_57,0.1971063590415956
PLK,BCKD_45_57,0.1971063590415956
QIK,BCKD_45_57,0.1971063590415956
RSK,BCKD_45_57,0.1971063590415956
SGK,BCKD_45_57,0.1971063590415956
STE7,BCKD_45_57,0.1971063590415956
VRK2,BCKD_45_57,0.1971063590415956
BARK1,C1R_201_213,0.21047729546759028
CDK,C1R_201_213,0.21047729546759028
CK1,C1R_201_213,0.21047729546759028
CK2,C1R_201_213,0.21047729546759028
DMPK,C1R_201_213,0.21047729546759028
DYRK,C1R_201_213,0.21047729546759028
ERK,C1R_201_213,0.21047729546759028
IRAK,C1R_201_213,0.21047729546759028
JNK,C1R_201_213,0.21047729546759028
P38,C1R_201_213,0.21047729546759028
PDHK,C1R_201_213,0.21047729546759028
PEK,C1R_201_213,0.21047729546759028
PHK,C1R_201_213,0.21047729546759028
PKCA,C1R_201_213,0.21047729546759028
PLK,C1R_201_213,0.21047729546759028
QIK,C1R_201_213,0.21047729546759028
STE7,C1R_201_213,0.21047729546759028
STKR,C1R_201_213,0.21047729546759028
VRK2,C1R_201_213,0.21047729546759028
BARK1,CAC1C_1974_1986,0.970255193380524
CAMK1,CAC1C_1974_1986,0.970255193380524
MAPKAPK,CAC1C_1974_1986,0.970255193380524
PDHK,CAC1C_1974_1986,0.970255193380524
PHK,CAC1C_1974_1986,0.970255193380524
PIM,CAC1C_1974_1986,0.970255193380524
PKCA,CAC1C_1974_1986,0.970255193380524
PKD,CAC1C_1974_1986,0.970255193380524
PKG,CAC1C_1974_1986,0.970255193380524
QIK,CAC1C_1974_1986,0.970255193380524
RAD53,CAC1C_1974_1986,0.970255193380524
RIPK,CAC1C_1974_1986,0.970255193380524
RSK,CAC1C_1974_1986,0.970255193380524
VRK2,CAC1C_1974_1986,0.970255193380524
AKT,CD27_212_224,0.1579244026807028
BARK1,CD27_212_224,0.1579244026807028
CDK,CD27_212_224,0.1579244026807028
DMPK,CD27_212_224,0.1579244026807028
ERK,CD27_212_224,0.1579244026807028
IKK,CD27_212_224,0.1579244026807028
JNK,CD27_212_224,0.1579244026807028
P38,CD27_212_224,0.1579244026807028
PDHK,CD27_212_224,0.1579244026807028
PEK,CD27_212_224,0.1579244026807028
PHK,CD27_212_224,0.1579244026807028
PIM,CD27_212_224,0.1579244026807028
PKCA,CD27_212_224,0.1579244026807028
PKD,CD27_212_224,0.1579244026807028
QIK,CD27_212_224,0.1579244026807028
RSK,CD27_212_224,0.1579244026807028
VRK2,CD27_212_224,0.1579244026807028
BARK1,CDC2_154_169,0.1659263547018135
CDK,CDC2_154_169,0.1659263547018135
COT,CDC2_154_169,0.1659263547018135
PEK,CDC2_154_169,0.1659263547018135
PKG,CDC2_154_169,0.1659263547018135
RSK,CDC2_154_169,0.1659263547018135
STE7,CDC2_154_169,0.1659263547018135
VRK2,CDC2_154_169,0.1659263547018135
BARK1,CDK7_163_175,0.2627696919937176
CDK,CDK7_163_175,0.2627696919937176
DMPK,CDK7_163_175,0.2627696919937176
DYRK,CDK7_163_175,0.2627696919937176
FRAY,CDK7_163_175,0.2627696919937176
JNK,CDK7_163_175,0.2627696919937176
MAPKAPK,CDK7_163_175,0.2627696919937176
MST,CDK7_163_175,0.2627696919937176
MTOR,CDK7_163_175,0.2627696919937176
P38,CDK7_163_175,0.2627696919937176
PDK1,CDK7_163_175,0.2627696919937176
PEK,CDK7_163_175,0.2627696919937176
PHK,CDK7_163_175,0.2627696919937176
PIM,CDK7_163_175,0.2627696919937176
PKCA,CDK7_163_175,0.2627696919937176
PKCI,CDK7_163_175,0.2627696919937176
PRKDC,CDK7_163_175,0.2627696919937176
QIK,CDK7_163_175,0.2627696919937176
STE7,CDK7_163_175,0.2627696919937176
VRK2,CDK7_163_175,0.2627696919937176
AUR,CENPA_1_14,0.13560177113008215
BARK1,CENPA_1_14,0.13560177113008215
DMPK,CENPA_1_14,0.13560177113008215
MAPKAPK,CENPA_1_14,0.13560177113008215
PIM,CENPA_1_14,0.13560177113008215
PKCA,CENPA_1_14,0.13560177113008215
PKG,CENPA_1_14,0.13560177113008215
VRK2,CENPA_1_14,0.13560177113008215
AMPK,CFTR_730_742,1.2998652497073797
BARK1,CFTR_730_742,1.2998652497073797
CAMK2,CFTR_730_742,1.2998652497073797
CDK,CFTR_730_742,1.2998652497073797
DAPK,CFTR_730_742,1.2998652497073797
DYRK,CFTR_730_742,1.2998652497073797
GRK,CFTR_730_742,1.2998652497073797
IKK,CFTR_730_742,1.2998652497073797
MAPKAPK,CFTR_730_742,1.2998652497073797
PAKA,CFTR_730_742,1.2998652497073797
PDHK,CFTR_730_742,1.2998652497073797
PEK,CFTR_730_742,1.2998652497073797
PHK,CFTR_730_742,1.2998652497073797
PKA,CFTR_730_742,1.2998652497073797
PKCA,CFTR_730_742,1.2998652497073797
PKD,CFTR_730_742,1.2998652497073797
PKG,CFTR_730_742,1.2998652497073797
QIK,CFTR_730_742,1.2998652497073797
RAD53,CFTR_730_742,1.2998652497073797
RSK,CFTR_730_742,1.2998652497073797
VRK2,CFTR_730_742,1.2998652497073797
AKT,CGHB_109_121,0.5973016851845617
BARK1,CGHB_109_121,0.5973016851845617
CAMK2,CGHB_109_121,0.5973016851845617
DMPK,CGHB_109_121,0.5973016851845617
IKK,CGHB_109_121,0.5973016851845617
MTOR,CGHB_109_121,0.5973016851845617
PDHK,CGHB_109_121,0.5973016851845617
PDK1,CGHB_109_121,0.5973016851845617
PEK,CGHB_109_121,0.5973016851845617
PKA,CGHB_109_121,0.5973016851845617
PKCA,CGHB_109_121,0.5973016851845617
PKG,CGHB_109_121,0.5973016851845617
RSK,CGHB_109_121,0.5973016851845617
VRK2,CGHB_109_121,0.5973016851845617
AMPK,CREB1_126_138,0.8148875158257655
ATM,CREB1_126_138,0.8148875158257655
BARK1,CREB1_126_138,0.8148875158257655
CAMK1,CREB1_126_138,0.8148875158257655
CAMK2,CREB1_126_138,0.8148875158257655
COT,CREB1_126_138,0.8148875158257655
DMPK,CREB1_126_138,0.8148875158257655
DYRK,CREB1_126_138,0.8148875158257655
GSK,CREB1_126_138,0.8148875158257655
MAPKAPK,CREB1_126_138,0.8148875158257655
PDHK,CREB1_126_138,0.8148875158257655
PHK,CREB1_126_138,0.8148875158257655
PIM,CREB1_126_138,0.8148875158257655
PKA,CREB1_126_138,0.8148875158257655
PKCA,CREB1_126_138,0.8148875158257655
PKCD,CREB1_126_138,0.8148875158257655
PKCH,CREB1_126_138,0.8148875158257655
PKD,CREB1_126_138,0.8148875158257655
QIK,CREB1_126_138,0.8148875158257655
RAD53,CREB1_126_138,0.8148875158257655
RSK,CREB1_126_138,0.8148875158257655
SGK,CREB1_126_138,0.8148875158257655
VRK2,CREB1_126_138,0.8148875158257655
AMPK,CSF1R_701_713,0.8796526266380033
BARK1,CSF1R_701_713,0.8796526266380033
CDK,CSF1R_701_713,0.8796526266380033
CK1,CSF1R_701_713,0.8796526266380033
DMPK,CSF1R_701_713,0.8796526266380033
PDHK,CSF1R_701_713,0.8796526266380033
PEK,CSF1R_701_713,0.8796526266380033
PIM,CSF1R_701_713,0.8796526266380033
PKA,CSF1R_701_713,0.8796526266380033
PKCA,CSF1R_701_713,0.8796526266380033
PKG,CSF1R_701_713,0.8796526266380033
RSK,CSF1R_701_713,0.8796526266380033
VRK2,CSF1R_701_713,0.8796526266380033
AMPK,DESP_2842_2854,1.3980447516316366
BARK1,DESP_2842_2854,1.3980447516316366
CAMK1,DESP_2842_2854,1.3980447516316366
CDK,DESP_2842_2854,1.3980447516316366
CK1,DESP_2842_2854,1.3980447516316366
DMPK,DESP_2842_2854,1.3980447516316366
GSK,DESP_2842_2854,1.3980447516316366
IKK,DESP_2842_2854,1.3980447516316366
MAPKAPK,DESP_2842_2854,1.3980447516316366
P38,DESP_2842_2854,1.3980447516316366
PDHK,DESP_2842_2854,1.3980447516316366
PDK1,DESP_2842_2854,1.3980447516316366
PEK,DESP_2842_2854,1.3980447516316366
PHK,DESP_2842_2854,1.3980447516316366
PIM,DESP_2842_2854,1.3980447516316366
PKA,DESP_2842_2854,1.3980447516316366
PKCA,DESP_2842_2854,1.3980447516316366
PKG,DESP_2842_2854,1.3980447516316366
QIK,DESP_2842_2854,1.3980447516316366
RIPK,DESP_2842_2854,1.3980447516316366
RSK,DESP_2842_2854,1.3980447516316366
SGK,DESP_2842_2854,1.3980447516316366
STE11,DESP_2842_2854,1.3980447516316366
STE7,DESP_2842_2854,1.3980447516316366
VRK2,DESP_2842_2854,1.3980447516316366
BARK1,EPB42_241_253,1.168965892721454
DMPK,EPB42_241_253,1.168965892721454
PHK,EPB42_241_253,1.168965892721454
PIM,EPB42_241_253,1.168965892721454
PKA,EPB42_241_253,1.168965892721454
PKCA,EPB42_241_253,1.168965892721454
PKG,EPB42_241_253,1.168965892721454
RAD53,EPB42_241_253,1.168965892721454
RSK,EPB42_241_253,1.168965892721454
VRK2,EPB42_241_253,1.168965892721454
BARK1,ERBB2_679_691,0.23889849031002977
DMPK,ERBB2_679_691,0.23889849031002977
PHK,ERBB2_679_691,0.23889849031002977
PIM,ERBB2_679_691,0.23889849031002977
PKA,ERBB2_679_691,0.23889849031002977
PKCA,ERBB2_679_691,0.23889849031002977
PKCD,ERBB2_679_691,0.23889849031002977
PKCH,ERBB2_679_691,0.23889849031002977
PKG,ERBB2_679_691,0.23889849031002977
RSK,ERBB2_679_691,0.23889849031002977
VRK2,ERBB2_679_691,0.23889849031002977
BARK1,ERF_519_531,0.37958342839185344
CDK,ERF_519_531,0.37958342839185344
CHK1,ERF_519_531,0.37958342839185344
DAPK,ERF_519_531,0.37958342839185344
DMPK,ERF_519_531,0.37958342839185344
DYRK,ERF_519_531,0.37958342839185344
ERK,ERF_519_531,0.37958342839185344
IRAK,ERF_519_531,0.37958342839185344
MST,ERF_519_531,0.37958342839185344
P38,ERF_519_531,0.37958342839185344
PDK1,ERF_519_531,0.37958342839185344
PEK,ERF_519_531,0.37958342839185344
PIM,ERF_519_531,0.37958342839185344
PKA,ERF_519_531,0.37958342839185344
PKCA,ERF_519_531,0.37958342839185344
PKG,ERF_519_531,0.37958342839185344
RAD53,ERF_519_531,0.37958342839185344
RSK,ERF_519_531,0.37958342839185344
VRK2,ERF_519_531,0.37958342839185344
AKT,ESR1_160_172,0.4706190679481222
AUR,ESR1_160_172,0.4706190679481222
BARK1,ESR1_160_172,0.4706190679481222
CK2,ESR1_160_172,0.4706190679481222
DMPK,ESR1_160_172,0.4706190679481222
IKK,ESR1_160_172,0.4706190679481222
PEK,ESR1_160_172,0.4706190679481222
PHK,ESR1_160_172,0.4706190679481222
PIM,ESR1_160_172,0.4706190679481222
PKCA,ESR1_160_172,0.4706190679481222
RSK,ESR1_160_172,0.4706190679481222
STE11,ESR1_160_172,0.4706190679481222
STE7,ESR1_160_172,0.4706190679481222
VRK2,ESR1_160_172,0.4706190679481222
BARK1,FIBA_569_581,0.19498628565464937
CDK,FIBA_569_581,0.19498628565464937
CK1,FIBA_569_581,0.19498628565464937
DAPK,FIBA_569_581,0.19498628565464937
DMPK,FIBA_569_581,0.19498628565464937
ERK,FIBA_569_581,0.19498628565464937
GSK,FIBA_569_581,0.19498628565464937
HAL,FIBA_569_581,0.19498628565464937
IKK,FIBA_569_581,0.19498628565464937
JNK,FIBA_569_581,0.19498628565464937
MLCK,FIBA_569_581,0.19498628565464937
MST,FIBA_569_581,0.19498628565464937
PDHK,FIBA_569_581,0.19498628565464937
PEK,FIBA_569_581,0.19498628565464937
PHK,FIBA_569_581,0.19498628565464937
PIM,FIBA_569_581,0.19498628565464937
PKA,FIBA_569_581,0.19498628565464937
PKCA,FIBA_569_581,0.19498628565464937
PKG,FIBA_569_581,0.19498628565464937
PLK,FIBA_569_581,0.19498628565464937
QIK,FIBA_569_581,0.19498628565464937
RAF,FIBA_569_581,0.19498628565464937
RIPK,FIBA_569_581,0.19498628565464937
RSK,FIBA_569_581,0.19498628565464937
SGK,FIBA_569_581,0.19498628565464937
STE7,FIBA_569_581,0.19498628565464937
VRK2,FIBA_569_581,0.19498628565464937
AKT,FOXO3_25_37,0.04314510401232911
BARK1,FOXO3_25_37,0.04314510401232911
CDK,FOXO3_25_37,0.04314510401232911
ERK,FOXO3_25_37,0.04314510401232911
MAPKAPK,FOXO3_25_37,0.04314510401232911
P38,FOXO3_25_37,0.04314510401232911
PHK,FOXO3_25_37,0.04314510401232911
PIM,FOXO3_25_37,0.04314510401232911
PKCA,FOXO3_25_37,0.04314510401232911
QIK,FOXO3_25_37,0.04314510401232911
RAF,FOXO3_25_37,0.04314510401232911
RSK,FOXO3_25_37,0.04314510401232911
SGK,FOXO3_25_37,0.04314510401232911
VRK2,FOXO3_25_37,0.04314510401232911
AKT,FRAP_2443_2455,0.5715263293543881
AMPK,FRAP_2443_2455,0.5715263293543881
BARK1,FRAP_2443_2455,0.5715263293543881
CK1,FRAP_2443_2455,0.5715263293543881
DAPK,FRAP_2443_2455,0.5715263293543881
DMPK,FRAP_2443_2455,0.5715263293543881
MAPKAPK,FRAP_2443_2455,0.5715263293543881
MELK,FRAP_2443_2455,0.5715263293543881
MLK,FRAP_2443_2455,0.5715263293543881
MSN,FRAP_2443_2455,0.5715263293543881
MTOR,FRAP_2443_2455,0.5715263293543881
NEK,FRAP_2443_2455,0.5715263293543881
PDHK,FRAP_2443_2455,0.5715263293543881
PDK1,FRAP_2443_2455,0.5715263293543881
PEK,FRAP_2443_2455,0.5715263293543881
PHK,FRAP_2443_2455,0.5715263293543881
PIM,FRAP_2443_2455,0.5715263293543881
PKA,FRAP_2443_2455,0.5715263293543881
PKCA,FRAP_2443_2455,0.5715263293543881
QIK,FRAP_2443_2455,0.5715263293543881
RSK,FRAP_2443_2455,0.5715263293543881
SGK,FRAP_2443_2455,0.5715263293543881
TAO,FRAP_2443_2455,0.5715263293543881
VRK2,FRAP_2443_2455,0.5715263293543881
AKT,GPR6_349_361,0.35459147266993407
BARK1,GPR6_349_361,0.35459147266993407
CDK,GPR6_349_361,0.35459147266993407
CK1,GPR6_349_361,0.35459147266993407
DMPK,GPR6_349_361,0.35459147266993407
DYRK,GPR6_349_361,0.35459147266993407
ERK,GPR6_349_361,0.35459147266993407
IKK,GPR6_349_361,0.35459147266993407
JNK,GPR6_349_361,0.35459147266993407
MAPKAPK,GPR6_349_361,0.35459147266993407
MELK,GPR6_349_361,0.35459147266993407
P38,GPR6_349_361,0.35459147266993407
PDK1,GPR6_349_361,0.35459147266993407
PEK,GPR6_349_361,0.35459147266993407
PHK,GPR6_349_361,0.35459147266993407
PKCA,GPR6_349_361,0.35459147266993407
QIK,GPR6_349_361,0.35459147266993407
RAF,GPR6_349_361,0.35459147266993407
RSK,GPR6_349_361,0.35459147266993407
SGK,GPR6_349_361,0.35459147266993407
VRK2,GPR6_349_361,0.35459147266993407
AMPK,GPSM2_394_406,1.1129895430006371
BARK1,GPSM2_394_406,1.1129895430006371
CAMK1,GPSM2_394_406,1.1129895430006371
CHK1,GPSM2_394_406,1.1129895430006371
DMPK,GPSM2_394_406,1.1129895430006371
IKK,GPSM2_394_406,1.1129895430006371
MAPKAPK,GPSM2_394_406,1.1129895430006371
MARK,GPSM2_394_406,1.1129895430006371
PHK,GPSM2_394_406,1.1129895430006371
PKCA,GPSM2_394_406,1.1129895430006371
PKD,GPSM2_394_406,1.1129895430006371
VRK2,GPSM2_394_406,1.1129895430006371
BARK1,GSUB_61_73,0.11160901030463824
CDK,GSUB_61_73,0.11160901030463824
DAPK,GSUB_61_73,0.11160901030463824
DMPK,GSUB_61_73,0.11160901030463824
DYRK,GSUB_61_73,0.11160901030463824
ERK,GSUB_61_73,0.11160901030463824
PDK1,GSUB_61_73,0.11160901030463824
PHK,GSUB_61_73,0.11160901030463824
PKA,GSUB_61_73,0.11160901030463824
PKG,GSUB_61_73,0.11160901030463824
PLK,GSUB_61_73,0.11160901030463824
VRK2,GSUB_61_73,0.11160901030463824
AKT,GYS2_1_13,0.04819523534827101
BARK1,GYS2_1_13,0.04819523534827101
CDK,GYS2_1_13,0.04819523534827101
DMPK,GYS2_1_13,0.04819523534827101
IKK,GYS2_1_13,0.04819523534827101
MAPKAPK,GYS2_1_13,0.04819523534827101
MTOR,GYS2_1_13,0.04819523534827101
PEK,GYS2_1_13,0.04819523534827101
PHK,GYS2_1_13,0.04819523534827101
PKA,GYS2_1_13,0.04819523534827101
PKCA,GYS2_1_13,0.04819523534827101
QIK,GYS2_1_13,0.04819523534827101
RSK,GYS2_1_13,0.04819523534827101
SGK,GYS2_1_13,0.04819523534827101
VRK2,GYS2_1_13,0.04819523534827101
AKT,H2B1B_ 27_40,0.3515417354803819
AMPK,H2B1B_ 27_40,0.3515417354803819
BARK1,H2B1B_ 27_40,0.3515417354803819
CAMK1,H2B1B_ 27_40,0.3515417354803819
CDK,H2B1B_ 27_40,0.3515417354803819
COT,H2B1B_ 27_40,0.3515417354803819
DAPK,H2B1B_ 27_40,0.3515417354803819
DMPK,H2B1B_ 27_40,0.3515417354803819
IKK,H2B1B_ 27_40,0.3515417354803819
MLK,H2B1B_ 27_40,0.3515417354803819
MST,H2B1B_ 27_40,0.3515417354803819
PAKA,H2B1B_ 27_40,0.3515417354803819
PAKB,H2B1B_ 27_40,0.3515417354803819
PDHK,H2B1B_ 27_40,0.3515417354803819
PEK,H2B1B_ 27_40,0.3515417354803819
PHK,H2B1B_ 27_40,0.3515417354803819
PIM,H2B1B_ 27_40,0.3515417354803819
PKA,H2B1B_ 27_40,0.3515417354803819
PKCA,H2B1B_ 27_40,0.3515417354803819
PKCH,H2B1B_ 27_40,0.3515417354803819
PKD,H2B1B_ 27_40,0.3515417354803819
PKG,H2B1B_ 27_40,0.3515417354803819
PLK,H2B1B_ 27_40,0.3515417354803819
QIK,H2B1B_ 27_40,0.3515417354803819
RAD53,H2B1B_ 27_40,0.3515417354803819
RSK,H2B1B_ 27_40,0.3515417354803819
SGK,H2B1B_ 27_40,0.3515417354803819
VRK2,H2B1B_ 27_40,0.3515417354803819
AMPK,H32_3_18,0.20328162056822813
ATR,H32_3_18,0.20328162056822813
AUR,H32_3_18,0.20328162056822813
BARK1,H32_3_18,0.20328162056822813
DAPK,H32_3_18,0.20328162056822813
DMPK,H32_3_18,0.20328162056822813
DYRK,H32_3_18,0.20328162056822813
MLK,H32_3_18,0.20328162056822813
MST,H32_3_18,0.20328162056822813
MTOR,H32_3_18,0.20328162056822813
PHK,H32_3_18,0.20328162056822813
PIM,H32_3_18,0.20328162056822813
PKCA,H32_3_18,0.20328162056822813
PKCD,H32_3_18,0.20328162056822813
PRKDC,H32_3_18,0.20328162056822813
QIK,H32_3_18,0.20328162056822813
RAD53,H32_3_18,0.20328162056822813
RSK,H32_3_18,0.20328162056822813
STE7,H32_3_18,0.20328162056822813
VRK1,H32_3_18,0.20328162056822813
VRK2,H32_3_18,0.20328162056822813
BARK1,IF4E_203_215,0.16841304288225817
CDK,IF4E_203_215,0.16841304288225817
DMPK,IF4E_203_215,0.16841304288225817
ERK,IF4E_203_215,0.16841304288225817
GRK,IF4E_203_215,0.16841304288225817
IKK,IF4E_203_215,0.16841304288225817
LKB,IF4E_203_215,0.16841304288225817
MAPKAPK,IF4E_203_215,0.16841304288225817
MLK,IF4E_203_215,0.16841304288225817
P38,IF4E_203_215,0.16841304288225817
PEK,IF4E_203_215,0.16841304288225817
PKCA,IF4E_203_215,0.16841304288225817
QIK,IF4E_203_215,0.16841304288225817
RIPK,IF4E_203_215,0.16841304288225817
STKR,IF4E_203_215,0.16841304288225817
VRK1,IF4E_203_215,0.16841304288225817
VRK2,IF4E_203_215,0.16841304288225817
BARK1,KAP2_92_104,1.0027730016932337
CDK,KAP2_92_104,1.0027730016932337
CK2,KAP2_92_104,1.0027730016932337
DMPK,KAP2_92_104,1.0027730016932337
ERK,KAP2_92_104,1.0027730016932337
GSK,KAP2_92_104,1.0027730016932337
MAPKAPK,KAP2_92_104,1.0027730016932337
PDHK,KAP2_92_104,1.0027730016932337
PEK,KAP2_92_104,1.0027730016932337
PHK,KAP2_92_104,1.0027730016932337
PIM,KAP2_92_104,1.0027730016932337
PKA,KAP2_92_104,1.0027730016932337
PKCA,KAP2_92_104,1.0027730016932337
PKD,KAP2_92_104,1.0027730016932337
PKG,KAP2_92_104,1.0027730016932337
QIK,KAP2_92_104,1.0027730016932337
RIPK,KAP2_92_104,1.0027730016932337
RSK,KAP2_92_104,1.0027730016932337
VRK2,KAP2_92_104,1.0027730016932337
BARK1,KAPCG_192_206,0.15054149396274466
CAMK2,KAPCG_192_206,0.15054149396274466
CDK,KAPCG_192_206,0.15054149396274466
DMPK,KAPCG_192_206,0.15054149396274466
DYRK,KAPCG_192_206,0.15054149396274466
ERK,KAPCG_192_206,0.15054149396274466
GSK,KAPCG_192_206,0.15054149396274466
IKK,KAPCG_192_206,0.15054149396274466
IRAK,KAPCG_192_206,0.15054149396274466
LKB,KAPCG_192_206,0.15054149396274466
MELK,KAPCG_192_206,0.15054149396274466
MST,KAPCG_192_206,0.15054149396274466
MTOR,KAPCG_192_206,0.15054149396274466
PDHK,KAPCG_192_206,0.15054149396274466
PDK1,KAPCG_192_206,0.15054149396274466
PHK,KAPCG_192_206,0.15054149396274466
PIM,KAPCG_192_206,0.15054149396274466
PKCH,KAPCG_192_206,0.15054149396274466
VRK2,KAPCG_192_206,0.15054149396274466
BARK1,KCC2G_278_289,0.21247662574302212
CAMK2,KCC2G_278_289,0.21247662574302212
CDK,KCC2G_278_289,0.21247662574302212
CK1,KCC2G_278_289,0.21247662574302212
MAPKAPK,KCC2G_278_289,0.21247662574302212
MELK,KCC2G_278_289,0.21247662574302212
MLCK,KCC2G_278_289,0.21247662574302212
PEK,KCC2G_278_289,0.21247662574302212
PHK,KCC2G_278_289,0.21247662574302212
PIM,KCC2G_278_289,0.21247662574302212
PKCA,KCC2G_278_289,0.21247662574302212
PKCI,KCC2G_278_289,0.21247662574302212
PLK,KCC2G_278_289,0.21247662574302212
QIK,KCC2G_278_289,0.21247662574302212
RSK,KCC2G_278_289,0.21247662574302212
SGK,KCC2G_278_289,0.21247662574302212
VRK2,KCC2G_278_289,0.21247662574302212
AKT,KCNA1_438_450,1.145058390622398
AMPK,KCNA1_438_450,1.145058390622398
BARK1,KCNA1_438_450,1.145058390622398
CAMK1,KCNA1_438_450,1.145058390622398
CDK,KCNA1_438_450,1.145058390622398
CK1,KCNA1_438_450,1.145058390622398
DAPK,KCNA1_438_450,1.145058390622398
DMPK,KCNA1_438_450,1.145058390622398
ERK,KCNA1_438_450,1.145058390622398
GRK,KCNA1_438_450,1.145058390622398
IKK,KCNA1_438_450,1.145058390622398
JNK,KCNA1_438_450,1.145058390622398
MAPKAPK,KCNA1_438_450,1.145058390622398
MELK,KCNA1_438_450,1.145058390622398
NEK,KCNA1_438_450,1.145058390622398
P38,KCNA1_438_450,1.145058390622398
PDHK,KCNA1_438_450,1.145058390622398
PEK,KCNA1_438_450,1.145058390622398
PHK,KCNA1_438_450,1.145058390622398
PKA,KCNA1_438_450,1.145058390622398
PKCA,KCNA1_438_450,1.145058390622398
PKD,KCNA1_438_450,1.145058390622398
PLK,KCNA1_438_450,1.145058390622398
QIK,KCNA1_438_450,1.145058390622398
RAD53,KCNA1_438_450,1.145058390622398
RIPK,KCNA1_438_450,1.145058390622398
RSK,KCNA1_438_450,1.145058390622398
SGK,KCNA1_438_450,1.145058390622398
STE7,KCNA1_438_450,1.145058390622398
STKR,KCNA1_438_450,1.145058390622398
VRK2,KCNA1_438_450,1.145058390622398
AKT,KCNA2_442_454,0.6050545769823756
AMPK,KCNA2_442_454,0.6050545769823756
BARK1,KCNA2_442_454,0.6050545769823756
CAMK1,KCNA2_442_454,0.6050545769823756
CAMK2,KCNA2_442_454,0.6050545769823756
CDK,KCNA2_442_454,0.6050545769823756
CHK1,KCNA2_442_454,0.6050545769823756
CK1,KCNA2_442_454,0.6050545769823756
DMPK,KCNA2_442_454,0.6050545769823756
IKK,KCNA2_442_454,0.6050545769823756
JNK,KCNA2_442_454,0.6050545769823756
MAPKAPK,KCNA2_442_454,0.6050545769823756
NEK,KCNA2_442_454,0.6050545769823756
P38,KCNA2_442_454,0.6050545769823756
PDHK,KCNA2_442_454,0.6050545769823756
PEK,KCNA2_442_454,0.6050545769823756
PHK,KCNA2_442_454,0.6050545769823756
PIM,KCNA2_442_454,0.6050545769823756
PKCA,KCNA2_442_454,0.6050545769823756
PKD,KCNA2_442_454,0.6050545769823756
QIK,KCNA2_442_454,0.6050545769823756
RAD53,KCNA2_442_454,0.6050545769823756
RIPK,KCNA2_442_454,0.6050545769823756
RSK,KCNA2_442_454,0.6050545769823756
SGK,KCNA2_442_454,0.6050545769823756
STKR,KCNA2_442_454,0.6050545769823756
VRK2,KCNA2_442_454,0.6050545769823756
AKT,KCNA3_461_473,0.2720143429726797
AMPK,KCNA3_461_473,0.2720143429726797
BARK1,KCNA3_461_473,0.2720143429726797
CAMK1,KCNA3_461_473,0.2720143429726797
CDK,KCNA3_461_473,0.2720143429726797
CHK1,KCNA3_461_473,0.2720143429726797
CK1,KCNA3_461_473,0.2720143429726797
DMPK,KCNA3_461_473,0.2720143429726797
IKK,KCNA3_461_473,0.2720143429726797
JNK,KCNA3_461_473,0.2720143429726797
KHS,KCNA3_461_473,0.2720143429726797
MAPKAPK,KCNA3_461_473,0.2720143429726797
MARK,KCNA3_461_473,0.2720143429726797
MST,KCNA3_461_473,0.2720143429726797
P38,KCNA3_461_473,0.2720143429726797
PAKA,KCNA3_461_473,0.2720143429726797
PDHK,KCNA3_461_473,0.2720143429726797
PDK1,KCNA3_461_473,0.2720143429726797
PEK,KCNA3_461_473,0.2720143429726797
PHK,KCNA3_461_473,0.2720143429726797
PKA,KCNA3_461_473,0.2720143429726797
PKCA,KCNA3_461_473,0.2720143429726797
PKD,KCNA3_461_473,0.2720143429726797
PKG,KCNA3_461_473,0.2720143429726797
PLK,KCNA3_461_473,0.2720143429726797
QIK,KCNA3_461_473,0.2720143429726797
RAD53,KCNA3_461_473,0.2720143429726797
RSK,KCNA3_461_473,0.2720143429726797
STE7,KCNA3_461_473,0.2720143429726797
VRK2,KCNA3_461_473,0.2720143429726797
AMPK,KCNB1_489_501,0.49329443702417414
BARK1,KCNB1_489_501,0.49329443702417414
CAMK1,KCNB1_489_501,0.49329443702417414
CAMK2,KCNB1_489_501,0.49329443702417414
CDK,KCNB1_489_501,0.49329443702417414
CHK1,KCNB1_489_501,0.49329443702417414
CK1,KCNB1_489_501,0.49329443702417414
CK2,KCNB1_489_501,0.49329443702417414
DAPK,KCNB1_489_501,0.49329443702417414
DMPK,KCNB1_489_501,0.49329443702417414
GRK,KCNB1_489_501,0.49329443702417414
IKK,KCNB1_489_501,0.49329443702417414
MAPKAPK,KCNB1_489_501,0.49329443702417414
MELK,KCNB1_489_501,0.49329443702417414
MLCK,KCNB1_489_501,0.49329443702417414
MLK,KCNB1_489_501,0.49329443702417414
MST,KCNB1_489_501,0.49329443702417414
NAK,KCNB1_489_501,0.49329443702417414
NEK,KCNB1_489_501,0.49329443702417414
PDHK,KCNB1_489_501,0.49329443702417414
PEK,KCNB1_489_501,0.49329443702417414
PHK,KCNB1_489_501,0.49329443702417414
PIM,KCNB1_489_501,0.49329443702417414
PKA,KCNB1_489_501,0.49329443702417414
PKCA,KCNB1_489_501,0.49329443702417414
PKCD,KCNB1_489_501,0.49329443702417414
PKD,KCNB1_489_501,0.49329443702417414
QIK,KCNB1_489_501,0.49329443702417414
RIPK,KCNB1_489_501,0.49329443702417414
RSK,KCNB1_489_501,0.49329443702417414
SGK,KCNB1_489_501,0.49329443702417414
STE7,KCNB1_489_501,0.49329443702417414
STKR,KCNB1_489_501,0.49329443702417414
VRK2,KCNB1_489_501,0.49329443702417414
BARK1,KIF2C_105_118_S106G,0.29037268732297683
CAMK2,KIF2C_105_118_S106G,0.29037268732297683
CDK,KIF2C_105_118_S106G,0.29037268732297683
DMPK,KIF2C_105_118_S106G,0.29037268732297683
FRAY,KIF2C_105_118_S106G,0.29037268732297683
IKK,KIF2C_105_118_S106G,0.29037268732297683
MELK,KIF2C_105_118_S106G,0.29037268732297683
NEK,KIF2C_105_118_S106G,0.29037268732297683
PAKA,KIF2C_105_118_S106G,0.29037268732297683
PDHK,KIF2C_105_118_S106G,0.29037268732297683
PEK,KIF2C_105_118_S106G,0.29037268732297683
PHK,KIF2C_105_118_S106G,0.29037268732297683
PKCA,KIF2C_105_118_S106G,0.29037268732297683
PKD,KIF2C_105_118_S106G,0.29037268732297683
QIK,KIF2C_105_118_S106G,0.29037268732297683
RIPK,KIF2C_105_118_S106G,0.29037268732297683
RSK,KIF2C_105_118_S106G,0.29037268732297683
VRK2,KIF2C_105_118_S106G,0.29037268732297683
BARK1,KPB1_1011_1023,1.3035205399065586
CDK,KPB1_1011_1023,1.3035205399065586
CK1,KPB1_1011_1023,1.3035205399065586
DMPK,KPB1_1011_1023,1.3035205399065586
IKK,KPB1_1011_1023,1.3035205399065586
P38,KPB1_1011_1023,1.3035205399065586
PAKA,KPB1_1011_1023,1.3035205399065586
PDHK,KPB1_1011_1023,1.3035205399065586
PEK,KPB1_1011_1023,1.3035205399065586
PHK,KPB1_1011_1023,1.3035205399065586
PIM,KPB1_1011_1023,1.3035205399065586
PKA,KPB1_1011_1023,1.3035205399065586
PKCA,KPB1_1011_1023,1.3035205399065586
PKD,KPB1_1011_1023,1.3035205399065586
RIPK,KPB1_1011_1023,1.3035205399065586
RSK,KPB1_1011_1023,1.3035205399065586
SGK,KPB1_1011_1023,1.3035205399065586
VRK2,KPB1_1011_1023,1.3035205399065586
BARK1,KS6A1_374_386,-0.05542388217179983
COT,KS6A1_374_386,-0.05542388217179983
FRAY,KS6A1_374_386,-0.05542388217179983
MAPKAPK,KS6A1_374_386,-0.05542388217179983
MSN,KS6A1_374_386,-0.05542388217179983
MTOR,KS6A1_374_386,-0.05542388217179983
PDHK,KS6A1_374_386,-0.05542388217179983
PDK1,KS6A1_374_386,-0.05542388217179983
PEK,KS6A1_374_386,-0.05542388217179983
PHK,KS6A1_374_386,-0.05542388217179983
PIM,KS6A1_374_386,-0.05542388217179983
PKCA,KS6A1_374_386,-0.05542388217179983
RAD53,KS6A1_374_386,-0.05542388217179983
RSK,KS6A1_374_386,-0.05542388217179983
STE7,KS6A1_374_386,-0.05542388217179983
VRK2,KS6A1_374_386,-0.05542388217179983
BARK1,LMNB1_16_28,0.19106267558134307
CDK,LMNB1_16_28,0.19106267558134307
DMPK,LMNB1_16_28,0.19106267558134307
DYRK,LMNB1_16_28,0.19106267558134307
ERK,LMNB1_16_28,0.19106267558134307
GSK,LMNB1_16_28,0.19106267558134307
IKK,LMNB1_16_28,0.19106267558134307
IRAK,LMNB1_16_28,0.19106267558134307
JNK,LMNB1_16_28,0.19106267558134307
MLK,LMNB1_16_28,0.19106267558134307
NMO,LMNB1_16_28,0.19106267558134307
P38,LMNB1_16_28,0.19106267558134307
PDK1,LMNB1_16_28,0.19106267558134307
PEK,LMNB1_16_28,0.19106267558134307
PIM,LMNB1_16_28,0.19106267558134307
PKCA,LMNB1_16_28,0.19106267558134307
PKG,LMNB1_16_28,0.19106267558134307
RSK,LMNB1_16_28,0.19106267558134307
STE7,LMNB1_16_28,0.19106267558134307
VRK2,LMNB1_16_28,0.19106267558134307
BARK1,MARCS_152_164,0.19379325951951315
CDK,MARCS_152_164,0.19379325951951315
DAPK,MARCS_152_164,0.19379325951951315
DMPK,MARCS_152_164,0.19379325951951315
ERK,MARCS_152_164,0.19379325951951315
JNK,MARCS_152_164,0.19379325951951315
P38,MARCS_152_164,0.19379325951951315
PAKA,MARCS_152_164,0.19379325951951315
PDHK,MARCS_152_164,0.19379325951951315
PDK1,MARCS_152_164,0.19379325951951315
PEK,MARCS_152_164,0.19379325951951315
PHK,MARCS_152_164,0.19379325951951315
PKA,MARCS_152_164,0.19379325951951315
PKCA,MARCS_152_164,0.19379325951951315
PKCH,MARCS_152_164,0.19379325951951315
PKCI,MARCS_152_164,0.19379325951951315
PKD,MARCS_152_164,0.19379325951951315
PKG,MARCS_152_164,0.19379325951951315
PKN,MARCS_152_164,0.19379325951951315
RAD53,MARCS_152_164,0.19379325951951315
VRK2,MARCS_152_164,0.19379325951951315
BARK1,MARCS_160_172,0.23717788876709928
CDK,MARCS_160_172,0.23717788876709928
DMPK,MARCS_160_172,0.23717788876709928
ERK,MARCS_160_172,0.23717788876709928
JNK,MARCS_160_172,0.23717788876709928
MLK,MARCS_160_172,0.23717788876709928
P38,MARCS_160_172,0.23717788876709928
PDHK,MARCS_160_172,0.23717788876709928
PDK1,MARCS_160_172,0.23717788876709928
PEK,MARCS_160_172,0.23717788876709928
PKCA,MARCS_160_172,0.23717788876709928
RAD53,MARCS_160_172,0.23717788876709928
RIPK,MARCS_160_172,0.23717788876709928
VRK2,MARCS_160_172,0.23717788876709928
BARK1,MBP_222_234,-0.02327700378845509
CDK,MBP_222_234,-0.02327700378845509
DYRK,MBP_222_234,-0.02327700378845509
ERK,MBP_222_234,-0.02327700378845509
GSK,MBP_222_234,-0.02327700378845509
JNK,MBP_222_234,-0.02327700378845509
MTOR,MBP_222_234,-0.02327700378845509
PDK1,MBP_222_234,-0.02327700378845509
PEK,MBP_222_234,-0.02327700378845509
VRK2,MBP_222_234,-0.02327700378845509
BARK1,MP2K1_287_299,-0.04808540165365057
CDK,MP2K1_287_299,-0.04808540165365057
DMPK,MP2K1_287_299,-0.04808540165365057
DYRK,MP2K1_287_299,-0.04808540165365057
ERK,MP2K1_287_299,-0.04808540165365057
JNK,MP2K1_287_299,-0.04808540165365057
MAPKAPK,MP2K1_287_299,-0.04808540165365057
P38,MP2K1_287_299,-0.04808540165365057
PAKA,MP2K1_287_299,-0.04808540165365057
PDHK,MP2K1_287_299,-0.04808540165365057
PDK1,MP2K1_287_299,-0.04808540165365057
PEK,MP2K1_287_299,-0.04808540165365057
PHK,MP2K1_287_299,-0.04808540165365057
PIM,MP2K1_287_299,-0.04808540165365057
PKCA,MP2K1_287_299,-0.04808540165365057
PKD,MP2K1_287_299,-0.04808540165365057
STE7,MP2K1_287_299,-0.04808540165365057
VRK2,MP2K1_287_299,-0.04808540165365057
ATR,MPIP1_172_184,0.03173448033954784
BARK1,MPIP1_172_184,0.03173448033954784
CHK1,MPIP1_172_184,0.03173448033954784
DMPK,MPIP1_172_184,0.03173448033954784
MAPKAPK,MPIP1_172_184,0.03173448033954784
PHK,MPIP1_172_184,0.03173448033954784
PIM,MPIP1_172_184,0.03173448033954784
PKCA,MPIP1_172_184,0.03173448033954784
PRKDC,MPIP1_172_184,0.03173448033954784
QIK,MPIP1_172_184,0.03173448033954784
RAD53,MPIP1_172_184,0.03173448033954784
RAF,MPIP1_172_184,0.03173448033954784
RSK,MPIP1_172_184,0.03173448033954784
VRK2,MPIP1_172_184,0.03173448033954784
BARK1,MPIP3_208_220,0.1900109736314848
BRSK,MPIP3_208_220,0.1900109736314848
CAMK1,MPIP3_208_220,0.1900109736314848
CDK,MPIP3_208_220,0.1900109736314848
CHK1,MPIP3_208_220,0.1900109736314848
DMPK,MPIP3_208_220,0.1900109736314848
DYRK,MPIP3_208_220,0.1900109736314848
ERK,MPIP3_208_220,0.1900109736314848
IKK,MPIP3_208_220,0.1900109736314848
JNK,MPIP3_208_220,0.1900109736314848
MAPKAPK,MPIP3_208_220,0.1900109736314848
MARK,MPIP3_208_220,0.1900109736314848
MELK,MPIP3_208_220,0.1900109736314848
P38,MPIP3_208_220,0.1900109736314848
PDK1,MPIP3_208_220,0.1900109736314848
PEK,MPIP3_208_220,0.1900109736314848
PHK,MPIP3_208_220,0.1900109736314848
PKCA,MPIP3_208_220,0.1900109736314848
QIK,MPIP3_208_220,0.1900109736314848
RAD53,MPIP3_208_220,0.1900109736314848
RIPK,MPIP3_208_220,0.1900109736314848
VRK2,MPIP3_208_220,0.1900109736314848
AKT,NCF1_321_333,0.964861164847882
BARK1,NCF1_321_333,0.964861164847882
DMPK,NCF1_321_333,0.964861164847882
IRAK,NCF1_321_333,0.964861164847882
PHK,NCF1_321_333,0.964861164847882
PKA,NCF1_321_333,0.964861164847882
PKCA,NCF1_321_333,0.964861164847882
PKCD,NCF1_321_333,0.964861164847882
QIK,NCF1_321_333,0.964861164847882
VRK2,NCF1_321_333,0.964861164847882
BARK1,NEK2_172_184,0.06876695564973753
CAMK1,NEK2_172_184,0.06876695564973753
CAMK2,NEK2_172_184,0.06876695564973753
CDK,NEK2_172_184,0.06876695564973753
DYRK,NEK2_172_184,0.06876695564973753
ERK,NEK2_172_184,0.06876695564973753
FRAY,NEK2_172_184,0.06876695564973753
LKB,NEK2_172_184,0.06876695564973753
MELK,NEK2_172_184,0.06876695564973753
MST,NEK2_172_184,0.06876695564973753
MTOR,NEK2_172_184,0.06876695564973753
NEK,NEK2_172_184,0.06876695564973753
P38,NEK2_172_184,0.06876695564973753
PDHK,NEK2_172_184,0.06876695564973753
PDK1,NEK2_172_184,0.06876695564973753
PEK,NEK2_172_184,0.06876695564973753
PKCA,NEK2_172_184,0.06876695564973753
PKCH,NEK2_172_184,0.06876695564973753
RSK,NEK2_172_184,0.06876695564973753
STE11,NEK2_172_184,0.06876695564973753
STE7,NEK2_172_184,0.06876695564973753
VRK2,NEK2_172_184,0.06876695564973753
BARK1,NEK3_158_170,0.3291133431924583
CAMK2,NEK3_158_170,0.3291133431924583
DYRK,NEK3_158_170,0.3291133431924583
ERK,NEK3_158_170,0.3291133431924583
LKB,NEK3_158_170,0.3291133431924583
MST,NEK3_158_170,0.3291133431924583
NEK,NEK3_158_170,0.3291133431924583
PDHK,NEK3_158_170,0.3291133431924583
PDK1,NEK3_158_170,0.3291133431924583
PEK,NEK3_158_170,0.3291133431924583
PKCH,NEK3_158_170,0.3291133431924583
STE11,NEK3_158_170,0.3291133431924583
STE7,NEK3_158_170,0.3291133431924583
VRK2,NEK3_158_170,0.3291133431924583
BARK1,NFKB1_330_342,1.118982622293989
CDK,NFKB1_330_342,1.118982622293989
DMPK,NFKB1_330_342,1.118982622293989
IKK,NFKB1_330_342,1.118982622293989
MAPKAPK,NFKB1_330_342,1.118982622293989
PAKA,NFKB1_330_342,1.118982622293989
PDHK,NFKB1_330_342,1.118982622293989
PEK,NFKB1_330_342,1.118982622293989
PIM,NFKB1_330_342,1.118982622293989
PKA,NFKB1_330_342,1.118982622293989
PKCA,NFKB1_330_342,1.118982622293989
PKG,NFKB1_330_342,1.118982622293989
PLK,NFKB1_330_342,1.118982622293989
STE7,NFKB1_330_342,1.118982622293989
VRK2,NFKB1_330_342,1.118982622293989
BARK1,NMDZ1_890_902,0.697654005147708
AKT,NMDZ1_890_902,0.697654005147708
AMPK,NMDZ1_890_902,0.697654005147708
AUR,NMDZ1_890_902,0.697654005147708
CAMK1,NMDZ1_890_902,0.697654005147708
CDK,NMDZ1_890_902,0.697654005147708
CHK1,NMDZ1_890_902,0.697654005147708
DAPK,NMDZ1_890_902,0.697654005147708
DMPK,NMDZ1_890_902,0.697654005147708
FRAY,NMDZ1_890_902,0.697654005147708
GRK,NMDZ1_890_902,0.697654005147708
IKK,NMDZ1_890_902,0.697654005147708
MELK,NMDZ1_890_902,0.697654005147708
MLK,NMDZ1_890_902,0.697654005147708
MSN,NMDZ1_890_902,0.697654005147708
MST,NMDZ1_890_902,0.697654005147708
MTOR,NMDZ1_890_902,0.697654005147708
PAKA,NMDZ1_890_902,0.697654005147708
PDHK,NMDZ1_890_902,0.697654005147708
PDK1,NMDZ1_890_902,0.697654005147708
PEK,NMDZ1_890_902,0.697654005147708
PHK,NMDZ1_890_902,0.697654005147708
PIM,NMDZ1_890_902,0.697654005147708
PKA,NMDZ1_890_902,0.697654005147708
PKCA,NMDZ1_890_902,0.697654005147708
PKCI,NMDZ1_890_902,0.697654005147708
PKD,NMDZ1_890_902,0.697654005147708
PKG,NMDZ1_890_902,0.697654005147708
PLK,NMDZ1_890_902,0.697654005147708
QIK,NMDZ1_890_902,0.697654005147708
RAD53,NMDZ1_890_902,0.697654005147708
RAF,NMDZ1_890_902,0.697654005147708
RIPK,NMDZ1_890_902,0.697654005147708
RSK,NMDZ1_890_902,0.697654005147708
SGK,NMDZ1_890_902,0.697654005147708
STE7,NMDZ1_890_902,0.697654005147708
VRK2,NMDZ1_890_902,0.697654005147708
AKT,NOS3_1171_1183,0.3326515732651926
AMPK,NOS3_1171_1183,0.3326515732651926
BARK1,NOS3_1171_1183,0.3326515732651926
CDK,NOS3_1171_1183,0.3326515732651926
CK1,NOS3_1171_1183,0.3326515732651926
DMPK,NOS3_1171_1183,0.3326515732651926
MELK,NOS3_1171_1183,0.3326515732651926
PDHK,NOS3_1171_1183,0.3326515732651926
PDK1,NOS3_1171_1183,0.3326515732651926
PEK,NOS3_1171_1183,0.3326515732651926
PHK,NOS3_1171_1183,0.3326515732651926
PIM,NOS3_1171_1183,0.3326515732651926
PKA,NOS3_1171_1183,0.3326515732651926
PKCA,NOS3_1171_1183,0.3326515732651926
PKG,NOS3_1171_1183,0.3326515732651926
QIK,NOS3_1171_1183,0.3326515732651926
RAD53,NOS3_1171_1183,0.3326515732651926
RIPK,NOS3_1171_1183,0.3326515732651926
RSK,NOS3_1171_1183,0.3326515732651926
SGK,NOS3_1171_1183,0.3326515732651926
VRK2,NOS3_1171_1183,0.3326515732651926
AKT,NR4A1_344_356,0.13737487676392818
BARK1,NR4A1_344_356,0.13737487676392818
CDK,NR4A1_344_356,0.13737487676392818
DMPK,NR4A1_344_356,0.13737487676392818
PHK,NR4A1_344_356,0.13737487676392818
PIM,NR4A1_344_356,0.13737487676392818
PKA,NR4A1_344_356,0.13737487676392818
PKCA,NR4A1_344_356,0.13737487676392818
RAF,NR4A1_344_356,0.13737487676392818
RSK,NR4A1_344_356,0.13737487676392818
VRK2,NR4A1_344_356,0.13737487676392818
AUR,P53_308_323,0.21540636720687267
BARK1,P53_308_323,0.21540636720687267
CAMK1,P53_308_323,0.21540636720687267
CDK,P53_308_323,0.21540636720687267
DYRK,P53_308_323,0.21540636720687267
ERK,P53_308_323,0.21540636720687267
IKK,P53_308_323,0.21540636720687267
JNK,P53_308_323,0.21540636720687267
P38,P53_308_323,0.21540636720687267
PKCA,P53_308_323,0.21540636720687267
PLK,P53_308_323,0.21540636720687267
QIK,P53_308_323,0.21540636720687267
STE7,P53_308_323,0.21540636720687267
VRK2,P53_308_323,0.21540636720687267
AUR,PLEK_106_118,0.1270899274232787
BARK1,PLEK_106_118,0.1270899274232787
CDK,PLEK_106_118,0.1270899274232787
CK1,PLEK_106_118,0.1270899274232787
DMPK,PLEK_106_118,0.1270899274232787
MST,PLEK_106_118,0.1270899274232787
PEK,PLEK_106_118,0.1270899274232787
PKCA,PLEK_106_118,0.1270899274232787
PKCD,PLEK_106_118,0.1270899274232787
PKCH,PLEK_106_118,0.1270899274232787
PLK,PLEK_106_118,0.1270899274232787
VRK2,PLEK_106_118,0.1270899274232787
BARK1,PLM_76_88,0.8950008259804493
CDK,PLM_76_88,0.8950008259804493
DMPK,PLM_76_88,0.8950008259804493
IKK,PLM_76_88,0.8950008259804493
PAKA,PLM_76_88,0.8950008259804493
PDHK,PLM_76_88,0.8950008259804493
PDK1,PLM_76_88,0.8950008259804493
PEK,PLM_76_88,0.8950008259804493
PIM,PLM_76_88,0.8950008259804493
PKA,PLM_76_88,0.8950008259804493
PKCA,PLM_76_88,0.8950008259804493
PKD,PLM_76_88,0.8950008259804493
PKG,PLM_76_88,0.8950008259804493
PLK,PLM_76_88,0.8950008259804493
RAD53,PLM_76_88,0.8950008259804493
RIPK,PLM_76_88,0.8950008259804493
RSK,PLM_76_88,0.8950008259804493
STE7,PLM_76_88,0.8950008259804493
VRK2,PLM_76_88,0.8950008259804493
EGFR,PP2AB_297_309,0.3449703926220293
CSK,PP2AB_297_309,0.3449703926220293
TEC,PP2AB_297_309,0.3449703926220293
PDGFR,PP2AB_297_309,0.3449703926220293
SYK,PP2AB_297_309,0.3449703926220293
AXL,PP2AB_297_309,0.3449703926220293
VEGFR,PP2AB_297_309,0.3449703926220293
BARK1,PP2AB_297_309,0.3449703926220293
BARK2,PP2AB_297_309,0.3449703926220293
CDK,PP2AB_297_309,0.3449703926220293
DYRK,PP2AB_297_309,0.3449703926220293
JNK,PP2AB_297_309,0.3449703926220293
VRK2,PP2AB_297_309,0.3449703926220293
AKT,PPR1A_28_40,0.2668350255862422
BARK1,PPR1A_28_40,0.2668350255862422
CDK,PPR1A_28_40,0.2668350255862422
DAPK,PPR1A_28_40,0.2668350255862422
DMPK,PPR1A_28_40,0.2668350255862422
DYRK,PPR1A_28_40,0.2668350255862422
GSK,PPR1A_28_40,0.2668350255862422
JNK,PPR1A_28_40,0.2668350255862422
P38,PPR1A_28_40,0.2668350255862422
PDK1,PPR1A_28_40,0.2668350255862422
PEK,PPR1A_28_40,0.2668350255862422
PHK,PPR1A_28_40,0.2668350255862422
PKA,PPR1A_28_40,0.2668350255862422
RSK,PPR1A_28_40,0.2668350255862422
VRK2,PPR1A_28_40,0.2668350255862422
ATR,PRKDC_2618_2630,0.25060168801778965
BARK1,PRKDC_2618_2630,0.25060168801778965
BARK2,PRKDC_2618_2630,0.25060168801778965
CK1,PRKDC_2618_2630,0.25060168801778965
DMPK,PRKDC_2618_2630,0.25060168801778965
IKK,PRKDC_2618_2630,0.25060168801778965
MELK,PRKDC_2618_2630,0.25060168801778965
MLK,PRKDC_2618_2630,0.25060168801778965
MTOR,PRKDC_2618_2630,0.25060168801778965
NEK,PRKDC_2618_2630,0.25060168801778965
P38,PRKDC_2618_2630,0.25060168801778965
PHK,PRKDC_2618_2630,0.25060168801778965
PIM,PRKDC_2618_2630,0.25060168801778965
PKA,PRKDC_2618_2630,0.25060168801778965
PKCA,PRKDC_2618_2630,0.25060168801778965
PKG,PRKDC_2618_2630,0.25060168801778965
PRKDC,PRKDC_2618_2630,0.25060168801778965
PLK,PRKDC_2618_2630,0.25060168801778965
QIK,PRKDC_2618_2630,0.25060168801778965
SGK,PRKDC_2618_2630,0.25060168801778965
STE7,PRKDC_2618_2630,0.25060168801778965
VRK2,PRKDC_2618_2630,0.25060168801778965
AKT,PTK6_436_448,0.8080242697271499
BARK1,PTK6_436_448,0.8080242697271499
CAMK1,PTK6_436_448,0.8080242697271499
CDK,PTK6_436_448,0.8080242697271499
CK1,PTK6_436_448,0.8080242697271499
DMPK,PTK6_436_448,0.8080242697271499
MAPKAPK,PTK6_436_448,0.8080242697271499
MELK,PTK6_436_448,0.8080242697271499
P38,PTK6_436_448,0.8080242697271499
PAKA,PTK6_436_448,0.8080242697271499
PDHK,PTK6_436_448,0.8080242697271499
PDK1,PTK6_436_448,0.8080242697271499
PEK,PTK6_436_448,0.8080242697271499
PHK,PTK6_436_448,0.8080242697271499
PIM,PTK6_436_448,0.8080242697271499
PKA,PTK6_436_448,0.8080242697271499
PKCA,PTK6_436_448,0.8080242697271499
PKCD,PTK6_436_448,0.8080242697271499
PKCI,PTK6_436_448,0.8080242697271499
PKD,PTK6_436_448,0.8080242697271499
PKG,PTK6_436_448,0.8080242697271499
QIK,PTK6_436_448,0.8080242697271499
RAD53,PTK6_436_448,0.8080242697271499
RSK,PTK6_436_448,0.8080242697271499
STE7,PTK6_436_448,0.8080242697271499
VRK2,PTK6_436_448,0.8080242697271499
BARK1,PTN12_32_44,0.8703628825075652
CDK,PTN12_32_44,0.8703628825075652
DMPK,PTN12_32_44,0.8703628825075652
FRAY,PTN12_32_44,0.8703628825075652
MAPKAPK,PTN12_32_44,0.8703628825075652
MLK,PTN12_32_44,0.8703628825075652
PAKA,PTN12_32_44,0.8703628825075652
PDHK,PTN12_32_44,0.8703628825075652
PEK,PTN12_32_44,0.8703628825075652
PHK,PTN12_32_44,0.8703628825075652
PIM,PTN12_32_44,0.8703628825075652
PKA,PTN12_32_44,0.8703628825075652
PKCA,PTN12_32_44,0.8703628825075652
PKCD,PTN12_32_44,0.8703628825075652
PKD,PTN12_32_44,0.8703628825075652
PKG,PTN12_32_44,0.8703628825075652
QIK,PTN12_32_44,0.8703628825075652
RAD53,PTN12_32_44,0.8703628825075652
RSK,PTN12_32_44,0.8703628825075652
VRK2,PTN12_32_44,0.8703628825075652
BARK1,RADI_559_569,0.6364728061561689
COT,RADI_559_569,0.6364728061561689
DMPK,RADI_559_569,0.6364728061561689
MSN,RADI_559_569,0.6364728061561689
MST,RADI_559_569,0.6364728061561689
PHK,RADI_559_569,0.6364728061561689
PIM,RADI_559_569,0.6364728061561689
PKCA,RADI_559_569,0.6364728061561689
SLK,RADI_559_569,0.6364728061561689
VRK2,RADI_559_569,0.6364728061561689
AKT,RAF1_253_265,0.21309581578226225
AMPK,RAF1_253_265,0.21309581578226225
BARK1,RAF1_253_265,0.21309581578226225
CAMK1,RAF1_253_265,0.21309581578226225
CDK,RAF1_253_265,0.21309581578226225
DAPK,RAF1_253_265,0.21309581578226225
DMPK,RAF1_253_265,0.21309581578226225
DYRK,RAF1_253_265,0.21309581578226225
ERK,RAF1_253_265,0.21309581578226225
JNK,RAF1_253_265,0.21309581578226225
MAPKAPK,RAF1_253_265,0.21309581578226225
MARK,RAF1_253_265,0.21309581578226225
NDR,RAF1_253_265,0.21309581578226225
P38,RAF1_253_265,0.21309581578226225
PAKA,RAF1_253_265,0.21309581578226225
PDK1,RAF1_253_265,0.21309581578226225
PHK,RAF1_253_265,0.21309581578226225
PKA,RAF1_253_265,0.21309581578226225
PKCA,RAF1_253_265,0.21309581578226225
QIK,RAF1_253_265,0.21309581578226225
RAF,RAF1_253_265,0.21309581578226225
RIPK,RAF1_253_265,0.21309581578226225
RSK,RAF1_253_265,0.21309581578226225
SGK,RAF1_253_265,0.21309581578226225
VRK2,RAF1_253_265,0.21309581578226225
AKT,RAP1B_172_184,0.2979955549306602
AMPK,RAP1B_172_184,0.2979955549306602
BARK1,RAP1B_172_184,0.2979955549306602
CDK,RAP1B_172_184,0.2979955549306602
DMPK,RAP1B_172_184,0.2979955549306602
IKK,RAP1B_172_184,0.2979955549306602
MAPKAPK,RAP1B_172_184,0.2979955549306602
PDHK,RAP1B_172_184,0.2979955549306602
PEK,RAP1B_172_184,0.2979955549306602
PHK,RAP1B_172_184,0.2979955549306602
PIM,RAP1B_172_184,0.2979955549306602
PKA,RAP1B_172_184,0.2979955549306602
PKCA,RAP1B_172_184,0.2979955549306602
PKG,RAP1B_172_184,0.2979955549306602
QIK,RAP1B_172_184,0.2979955549306602
RAD53,RAP1B_172_184,0.2979955549306602
RSK,RAP1B_172_184,0.2979955549306602
VRK2,RAP1B_172_184,0.2979955549306602
BARK1,RBL2_655_667,-0.00124412718375072
CDK,RBL2_655_667,-0.00124412718375072
CK1,RBL2_655_667,-0.00124412718375072
DMPK,RBL2_655_667,-0.00124412718375072
DYRK,RBL2_655_667,-0.00124412718375072
ERK,RBL2_655_667,-0.00124412718375072
FRAY,RBL2_655_667,-0.00124412718375072
GSK,RBL2_655_667,-0.00124412718375072
IKK,RBL2_655_667,-0.00124412718375072
JNK,RBL2_655_667,-0.00124412718375072
MAPKAPK,RBL2_655_667,-0.00124412718375072
MELK,RBL2_655_667,-0.00124412718375072
MTOR,RBL2_655_667,-0.00124412718375072
NEK,RBL2_655_667,-0.00124412718375072
P38,RBL2_655_667,-0.00124412718375072
PDK1,RBL2_655_667,-0.00124412718375072
PEK,RBL2_655_667,-0.00124412718375072
PHK,RBL2_655_667,-0.00124412718375072
PIM,RBL2_655_667,-0.00124412718375072
PKCA,RBL2_655_667,-0.00124412718375072
PKD,RBL2_655_667,-0.00124412718375072
PLK,RBL2_655_667,-0.00124412718375072
QIK,RBL2_655_667,-0.00124412718375072
RAD53,RBL2_655_667,-0.00124412718375072
RAF,RBL2_655_667,-0.00124412718375072
RIPK,RBL2_655_667,-0.00124412718375072
STE7,RBL2_655_667,-0.00124412718375072
VRK2,RBL2_655_667,-0.00124412718375072
BARK1,RB_242_254,0.05676141641724008
CDK,RB_242_254,0.05676141641724008
DYRK,RB_242_254,0.05676141641724008
ERK,RB_242_254,0.05676141641724008
IRAK,RB_242_254,0.05676141641724008
P38,RB_242_254,0.05676141641724008
PDK1,RB_242_254,0.05676141641724008
PEK,RB_242_254,0.05676141641724008
PKCA,RB_242_254,0.05676141641724008
PLK,RB_242_254,0.05676141641724008
VRK2,RB_242_254,0.05676141641724008
ATR,RB_350_362,0.13478676742813206
BARK1,RB_350_362,0.13478676742813206
CDK,RB_350_362,0.13478676742813206
DMPK,RB_350_362,0.13478676742813206
DYRK,RB_350_362,0.13478676742813206
PDHK,RB_350_362,0.13478676742813206
PDK1,RB_350_362,0.13478676742813206
PEK,RB_350_362,0.13478676742813206
PHK,RB_350_362,0.13478676742813206
PIM,RB_350_362,0.13478676742813206
PKCA,RB_350_362,0.13478676742813206
PRKDC,RB_350_362,0.13478676742813206
QIK,RB_350_362,0.13478676742813206
RSK,RB_350_362,0.13478676742813206
VRK2,RB_350_362,0.13478676742813206
AUR,RB_774_786,-0.4148689253247983
BARK1,RB_774_786,-0.4148689253247983
CDK,RB_774_786,-0.4148689253247983
DMPK,RB_774_786,-0.4148689253247983
DYRK,RB_774_786,-0.4148689253247983
ERK,RB_774_786,-0.4148689253247983
GSK,RB_774_786,-0.4148689253247983
JNK,RB_774_786,-0.4148689253247983
MLK,RB_774_786,-0.4148689253247983
P38,RB_774_786,-0.4148689253247983
PHK,RB_774_786,-0.4148689253247983
PKA,RB_774_786,-0.4148689253247983
PKCA,RB_774_786,-0.4148689253247983
PLK,RB_774_786,-0.4148689253247983
QIK,RB_774_786,-0.4148689253247983
RAF,RB_774_786,-0.4148689253247983
VRK2,RB_774_786,-0.4148689253247983
BARK1,RB_803_815,0.07377452907709112
CDK,RB_803_815,0.07377452907709112
CK1,RB_803_815,0.07377452907709112
DYRK,RB_803_815,0.07377452907709112
ERK,RB_803_815,0.07377452907709112
JNK,RB_803_815,0.07377452907709112
QIK,RB_803_815,0.07377452907709112
VRK2,RB_803_815,0.07377452907709112
BARK1,REL_260_272,1.1098545255477756
CDK,REL_260_272,1.1098545255477756
CK1,REL_260_272,1.1098545255477756
DMPK,REL_260_272,1.1098545255477756
MAPKAPK,REL_260_272,1.1098545255477756
MARK,REL_260_272,1.1098545255477756
PAKA,REL_260_272,1.1098545255477756
PEK,REL_260_272,1.1098545255477756
PIM,REL_260_272,1.1098545255477756
PKCA,REL_260_272,1.1098545255477756
PKD,REL_260_272,1.1098545255477756
PKG,REL_260_272,1.1098545255477756
PLK,REL_260_272,1.1098545255477756
RSK,REL_260_272,1.1098545255477756
STE7,REL_260_272,1.1098545255477756
VRK2,REL_260_272,1.1098545255477756
AKT,RS6_228_240,0.9792582373218484
BARK1,RS6_228_240,0.9792582373218484
CAMK1,RS6_228_240,0.9792582373218484
CDK,RS6_228_240,0.9792582373218484
DAPK,RS6_228_240,0.9792582373218484
DMPK,RS6_228_240,0.9792582373218484
IKK,RS6_228_240,0.9792582373218484
MAPKAPK,RS6_228_240,0.9792582373218484
MELK,RS6_228_240,0.9792582373218484
PAKA,RS6_228_240,0.9792582373218484
PASK,RS6_228_240,0.9792582373218484
PDHK,RS6_228_240,0.9792582373218484
PEK,RS6_228_240,0.9792582373218484
PHK,RS6_228_240,0.9792582373218484
PIM,RS6_228_240,0.9792582373218484
PKA,RS6_228_240,0.9792582373218484
PKCA,RS6_228_240,0.9792582373218484
PKCD,RS6_228_240,0.9792582373218484
PKCI,RS6_228_240,0.9792582373218484
PKD,RS6_228_240,0.9792582373218484
PKG,RS6_228_240,0.9792582373218484
QIK,RS6_228_240,0.9792582373218484
RIPK,RS6_228_240,0.9792582373218484
RSK,RS6_228_240,0.9792582373218484
SGK,RS6_228_240,0.9792582373218484
VRK2,RS6_228_240,0.9792582373218484
BARK1,RYR1_4317_4329,0.5311802433081579
DMPK,RYR1_4317_4329,0.5311802433081579
PHK,RYR1_4317_4329,0.5311802433081579
PIM,RYR1_4317_4329,0.5311802433081579
PKA,RYR1_4317_4329,0.5311802433081579
PKCA,RYR1_4317_4329,0.5311802433081579
PKCH,RYR1_4317_4329,0.5311802433081579
PKG,RYR1_4317_4329,0.5311802433081579
RSK,RYR1_4317_4329,0.5311802433081579
VRK2,RYR1_4317_4329,0.5311802433081579
BARK1,SCN7A_898_910,1.1868321810212894
DMPK,SCN7A_898_910,1.1868321810212894
HAL,SCN7A_898_910,1.1868321810212894
IKK,SCN7A_898_910,1.1868321810212894
PHK,SCN7A_898_910,1.1868321810212894
PKA,SCN7A_898_910,1.1868321810212894
PKCA,SCN7A_898_910,1.1868321810212894
PKG,SCN7A_898_910,1.1868321810212894
RIPK,SCN7A_898_910,1.1868321810212894
RSK,SCN7A_898_910,1.1868321810212894
VRK2,SCN7A_898_910,1.1868321810212894
AUR,STK6_283_295,0.758330764357126
BARK1,STK6_283_295,0.758330764357126
CAMK1,STK6_283_295,0.758330764357126
CAMK2,STK6_283_295,0.758330764357126
CDK,STK6_283_295,0.758330764357126
DMPK,STK6_283_295,0.758330764357126
FRAY,STK6_283_295,0.758330764357126
IKK,STK6_283_295,0.758330764357126
IRAK,STK6_283_295,0.758330764357126
LKB,STK6_283_295,0.758330764357126
MELK,STK6_283_295,0.758330764357126
MLK,STK6_283_295,0.758330764357126
MTOR,STK6_283_295,0.758330764357126
NDR,STK6_283_295,0.758330764357126
NEK,STK6_283_295,0.758330764357126
PAKA,STK6_283_295,0.758330764357126
PDHK,STK6_283_295,0.758330764357126
PDK1,STK6_283_295,0.758330764357126
PEK,STK6_283_295,0.758330764357126
PHK,STK6_283_295,0.758330764357126
PKA,STK6_283_295,0.758330764357126
PKCA,STK6_283_295,0.758330764357126
PKCD,STK6_283_295,0.758330764357126
PLK,STK6_283_295,0.758330764357126
PRKDC,STK6_283_295,0.758330764357126
QIK,STK6_283_295,0.758330764357126
RAD53,STK6_283_295,0.758330764357126
RSK,STK6_283_295,0.758330764357126
STE7,STK6_283_295,0.758330764357126
VRK2,STK6_283_295,0.758330764357126
AKT,TAU_524_536,0.21331775250281088
BARK1,TAU_524_536,0.21331775250281088
CAMK1,TAU_524_536,0.21331775250281088
CDK,TAU_524_536,0.21331775250281088
DMPK,TAU_524_536,0.21331775250281088
DYRK,TAU_524_536,0.21331775250281088
ERK,TAU_524_536,0.21331775250281088
GRK,TAU_524_536,0.21331775250281088
GSK,TAU_524_536,0.21331775250281088
IKK,TAU_524_536,0.21331775250281088
JNK,TAU_524_536,0.21331775250281088
MAPKAPK,TAU_524_536,0.21331775250281088
MELK,TAU_524_536,0.21331775250281088
MTOR,TAU_524_536,0.21331775250281088
P38,TAU_524_536,0.21331775250281088
PDK1,TAU_524_536,0.21331775250281088
PEK,TAU_524_536,0.21331775250281088
PHK,TAU_524_536,0.21331775250281088
PIM,TAU_524_536,0.21331775250281088
PKA,TAU_524_536,0.21331775250281088
PKCA,TAU_524_536,0.21331775250281088
PKD,TAU_524_536,0.21331775250281088
PLK,TAU_524_536,0.21331775250281088
QIK,TAU_524_536,0.21331775250281088
RAF,TAU_524_536,0.21331775250281088
RIPK,TAU_524_536,0.21331775250281088
RSK,TAU_524_536,0.21331775250281088
SGK,TAU_524_536,0.21331775250281088
STE11,TAU_524_536,0.21331775250281088
VRK2,TAU_524_536,0.21331775250281088
BARK1,TY3H_65_77,1.1289796917326185
CAMK2,TY3H_65_77,1.1289796917326185
MAPKAPK,TY3H_65_77,1.1289796917326185
PHK,TY3H_65_77,1.1289796917326185
PIM,TY3H_65_77,1.1289796917326185
PKA,TY3H_65_77,1.1289796917326185
PKCA,TY3H_65_77,1.1289796917326185
PKG,TY3H_65_77,1.1289796917326185
QIK,TY3H_65_77,1.1289796917326185
RIPK,TY3H_65_77,1.1289796917326185
RSK,TY3H_65_77,1.1289796917326185
VRK2,TY3H_65_77,1.1289796917326185
BARK1,VASP_150_162,1.1346533002352583
DMPK,VASP_150_162,1.1346533002352583
PHK,VASP_150_162,1.1346533002352583
PIM,VASP_150_162,1.1346533002352583
PKA,VASP_150_162,1.1346533002352583
PKCA,VASP_150_162,1.1346533002352583
PKD,VASP_150_162,1.1346533002352583
PKG,VASP_150_162,1.1346533002352583
RIPK,VASP_150_162,1.1346533002352583
RSK,VASP_150_162,1.1346533002352583
VRK2,VASP_150_162,1.1346533002352583
BARK1,VASP_232_244,-0.5901212451938225
CDK,VASP_232_244,-0.5901212451938225
DMPK,VASP_232_244,-0.5901212451938225
IKK,VASP_232_244,-0.5901212451938225
MAPKAPK,VASP_232_244,-0.5901212451938225
PHK,VASP_232_244,-0.5901212451938225
PIM,VASP_232_244,-0.5901212451938225
PKA,VASP_232_244,-0.5901212451938225
PKCA,VASP_232_244,-0.5901212451938225
PKCH,VASP_232_244,-0.5901212451938225
PKD,VASP_232_244,-0.5901212451938225
PKG,VASP_232_244,-0.5901212451938225
RIPK,VASP_232_244,-0.5901212451938225
RSK,VASP_232_244,-0.5901212451938225
VRK2,VASP_232_244,-0.5901212451938225
AKT,VASP_271_283,0.5804513274459892
ATR,VASP_271_283,0.5804513274459892
AMPK,VASP_271_283,0.5804513274459892
BARK1,VASP_271_283,0.5804513274459892
DMPK,VASP_271_283,0.5804513274459892
IKK,VASP_271_283,0.5804513274459892
PAKA,VASP_271_283,0.5804513274459892
PHK,VASP_271_283,0.5804513274459892
PIM,VASP_271_283,0.5804513274459892
PKA,VASP_271_283,0.5804513274459892
PKG,VASP_271_283,0.5804513274459892
RIPK,VASP_271_283,0.5804513274459892
RSK,VASP_271_283,0.5804513274459892
VRK2,VASP_271_283,0.5804513274459892
