Kinase,Peptide,LFC
BARK1,ACM1_444_456,-0.19522656890430465
CDK,ACM1_444_456,-0.19522656890430465
CK1,ACM1_444_456,-0.19522656890430465
DAPK,ACM1_444_456,-0.19522656890430465
DMPK,ACM1_444_456,-0.19522656890430465
DYRK,ACM1_444_456,-0.19522656890430465
ERK,ACM1_444_456,-0.19522656890430465
GSK,ACM1_444_456,-0.19522656890430465
IRAK,ACM1_444_456,-0.19522656890430465
JNK,ACM1_444_456,-0.19522656890430465
MLCK,ACM1_444_456,-0.19522656890430465
P38,ACM1_444_456,-0.19522656890430465
PDK1,ACM1_444_456,-0.19522656890430465
PEK,ACM1_444_456,-0.19522656890430465
PHK,ACM1_444_456,-0.19522656890430465
PIM,ACM1_444_456,-0.19522656890430465
PKCA,ACM1_444_456,-0.19522656890430465
RSK,ACM1_444_456,-0.19522656890430465
VRK2,ACM1_444_456,-0.19522656890430465
BARK1,ACM4_456_468,-0.10469840930917464
FRAY,ACM4_456_468,-0.10469840930917464
MELK,ACM4_456_468,-0.10469840930917464
PDHK,ACM4_456_468,-0.10469840930917464
PDK1,ACM4_456_468,-0.10469840930917464
PIM,ACM4_456_468,-0.10469840930917464
PKCA,ACM4_456_468,-0.10469840930917464
PKCH,ACM4_456_468,-0.10469840930917464
VRK2,ACM4_456_468,-0.10469840930917464
BARK1,ADDB_696_708,-0.3650149108456959
CDK,ADDB_696_708,-0.3650149108456959
CK1,ADDB_696_708,-0.3650149108456959
DMPK,ADDB_696_708,-0.3650149108456959
DYRK,ADDB_696_708,-0.3650149108456959
ERK,ADDB_696_708,-0.3650149108456959
GSK,ADDB_696_708,-0.3650149108456959
IKK,ADDB_696_708,-0.3650149108456959
JNK,ADDB_696_708,-0.3650149108456959
MELK,ADDB_696_708,-0.3650149108456959
MST,ADDB_696_708,-0.3650149108456959
NEK,ADDB_696_708,-0.3650149108456959
P38,ADDB_696_708,-0.3650149108456959
PDK1,ADDB_696_708,-0.3650149108456959
PEK,ADDB_696_708,-0.3650149108456959
PKCA,ADDB_696_708,-0.3650149108456959
PKCH,ADDB_696_708,-0.3650149108456959
PLK,ADDB_696_708,-0.3650149108456959
QIK,ADDB_696_708,-0.3650149108456959
RIPK,ADDB_696_708,-0.3650149108456959
STE7,ADDB_696_708,-0.3650149108456959
VRK1,ADDB_696_708,-0.3650149108456959
VRK2,ADDB_696_708,-0.3650149108456959
BARK1,ADDB_706_718,0.14717537322662633
CDK,ADDB_706_718,0.14717537322662633
CHK1,ADDB_706_718,0.14717537322662633
DMPK,ADDB_706_718,0.14717537322662633
DYRK,ADDB_706_718,0.14717537322662633
ERK,ADDB_706_718,0.14717537322662633
JNK,ADDB_706_718,0.14717537322662633
MAPKAPK,ADDB_706_718,0.14717537322662633
MST,ADDB_706_718,0.14717537322662633
NEK,ADDB_706_718,0.14717537322662633
P38,ADDB_706_718,0.14717537322662633
PAKA,ADDB_706_718,0.14717537322662633
PDHK,ADDB_706_718,0.14717537322662633
PDK1,ADDB_706_718,0.14717537322662633
PEK,ADDB_706_718,0.14717537322662633
PHK,ADDB_706_718,0.14717537322662633
PIM,ADDB_706_718,0.14717537322662633
PKCA,ADDB_706_718,0.14717537322662633
PLK,ADDB_706_718,0.14717537322662633
RAD53,ADDB_706_718,0.14717537322662633
RSK,ADDB_706_718,0.14717537322662633
VRK2,ADDB_706_718,0.14717537322662633
AKT,ADRB2_338_350,-0.05579148890482433
BARK1,ADRB2_338_350,-0.05579148890482433
CAMK1,ADRB2_338_350,-0.05579148890482433
CDK,ADRB2_338_350,-0.05579148890482433
CHK1,ADRB2_338_350,-0.05579148890482433
DMPK,ADRB2_338_350,-0.05579148890482433
GRK,ADRB2_338_350,-0.05579148890482433
PAKA,ADRB2_338_350,-0.05579148890482433
PKA,ADRB2_338_350,-0.05579148890482433
PKCA,ADRB2_338_350,-0.05579148890482433
PKCI,ADRB2_338_350,-0.05579148890482433
PKG,ADRB2_338_350,-0.05579148890482433
RAD53,ADRB2_338_350,-0.05579148890482433
RSK,ADRB2_338_350,-0.05579148890482433
VRK2,ADRB2_338_350,-0.05579148890482433
AKT,ANDR_785_797,0.25802163216803553
ATR,ANDR_785_797,0.25802163216803553
BARK1,ANDR_785_797,0.25802163216803553
DMPK,ANDR_785_797,0.25802163216803553
PHK,ANDR_785_797,0.25802163216803553
PIM,ANDR_785_797,0.25802163216803553
PKA,ANDR_785_797,0.25802163216803553
PKD,ANDR_785_797,0.25802163216803553
RAF,ANDR_785_797,0.25802163216803553
RSK,ANDR_785_797,0.25802163216803553
VRK2,ANDR_785_797,0.25802163216803553
AKT,ANXA1_209_221,0.16355191874255195
BARK1,ANXA1_209_221,0.16355191874255195
DMPK,ANXA1_209_221,0.16355191874255195
PHK,ANXA1_209_221,0.16355191874255195
PKA,ANXA1_209_221,0.16355191874255195
PKCA,ANXA1_209_221,0.16355191874255195
PKG,ANXA1_209_221,0.16355191874255195
RSK,ANXA1_209_221,0.16355191874255195
VRK2,ANXA1_209_221,0.16355191874255195
AMPK,BAD_112_124,0.14854051952786868
BARK1,BAD_112_124,0.14854051952786868
CK1,BAD_112_124,0.14854051952786868
DMPK,BAD_112_124,0.14854051952786868
FRAY,BAD_112_124,0.14854051952786868
IRAK,BAD_112_124,0.14854051952786868
NEK,BAD_112_124,0.14854051952786868
PAKA,BAD_112_124,0.14854051952786868
PDHK,BAD_112_124,0.14854051952786868
PEK,BAD_112_124,0.14854051952786868
PHK,BAD_112_124,0.14854051952786868
PIM,BAD_112_124,0.14854051952786868
PKA,BAD_112_124,0.14854051952786868
PKCA,BAD_112_124,0.14854051952786868
PKCI,BAD_112_124,0.14854051952786868
PKD,BAD_112_124,0.14854051952786868
PKG,BAD_112_124,0.14854051952786868
QIK,BAD_112_124,0.14854051952786868
RAF,BAD_112_124,0.14854051952786868
RSK,BAD_112_124,0.14854051952786868
STE7,BAD_112_124,0.14854051952786868
VRK2,BAD_112_124,0.14854051952786868
AKT,BAD_69_81,-0.16705821657101289
BARK1,BAD_69_81,-0.16705821657101289
CDK,BAD_69_81,-0.16705821657101289
DMPK,BAD_69_81,-0.16705821657101289
ERK,BAD_69_81,-0.16705821657101289
MELK,BAD_69_81,-0.16705821657101289
MTOR,BAD_69_81,-0.16705821657101289
PAKA,BAD_69_81,-0.16705821657101289
PAKB,BAD_69_81,-0.16705821657101289
PDHK,BAD_69_81,-0.16705821657101289
PDK1,BAD_69_81,-0.16705821657101289
PEK,BAD_69_81,-0.16705821657101289
PHK,BAD_69_81,-0.16705821657101289
PIM,BAD_69_81,-0.16705821657101289
PKA,BAD_69_81,-0.16705821657101289
PKCA,BAD_69_81,-0.16705821657101289
PKCI,BAD_69_81,-0.16705821657101289
PKD,BAD_69_81,-0.16705821657101289
PKG,BAD_69_81,-0.16705821657101289
QIK,BAD_69_81,-0.16705821657101289
RAD53,BAD_69_81,-0.16705821657101289
RAF,BAD_69_81,-0.16705821657101289
RSK,BAD_69_81,-0.16705821657101289
SGK,BAD_69_81,-0.16705821657101289
VRK2,BAD_69_81,-0.16705821657101289
AKT,BAD_93_105,-0.02274082502375694
BARK1,BAD_93_105,-0.02274082502375694
DMPK,BAD_93_105,-0.02274082502375694
MAPKAPK,BAD_93_105,-0.02274082502375694
PAKA,BAD_93_105,-0.02274082502375694
PHK,BAD_93_105,-0.02274082502375694
PIM,BAD_93_105,-0.02274082502375694
PKA,BAD_93_105,-0.02274082502375694
PKCA,BAD_93_105,-0.02274082502375694
PKCI,BAD_93_105,-0.02274082502375694
PKD,BAD_93_105,-0.02274082502375694
PKG,BAD_93_105,-0.02274082502375694
QIK,BAD_93_105,-0.02274082502375694
RAF,BAD_93_105,-0.02274082502375694
RSK,BAD_93_105,-0.02274082502375694
SGK,BAD_93_105,-0.02274082502375694
VRK2,BAD_93_105,-0.02274082502375694
AKT,BCKD_45_57,0.03742785618462698
BARK1,BCKD_45_57,0.03742785618462698
CDK,BCKD_45_57,0.03742785618462698
DMPK,BCKD_45_57,0.03742785618462698
FRAY,BCKD_45_57,0.03742785618462698
GRK,BCKD_45_57,0.03742785618462698
IKK,BCKD_45_57,0.03742785618462698
MAPKAPK,BCKD_45_57,0.03742785618462698
MELK,BCKD_45_57,0.03742785618462698
MLCK,BCKD_45_57,0.03742785618462698
MST,BCKD_45_57,0.03742785618462698
PAKA,BCKD_45_57,0.03742785618462698
PDHK,BCKD_45_57,0.03742785618462698
PDK1,BCKD_45_57,0.03742785618462698
PEK,BCKD_45_57,0.03742785618462698
PHK,BCKD_45_57,0.03742785618462698
PIM,BCKD_45_57,0.03742785618462698
PKA,BCKD_45_57,0.03742785618462698
PKCA,BCKD_45_57,0.03742785618462698
PKG,BCKD_45_57,0.03742785618462698
PLK,BCKD_45_57,0.03742785618462698
QIK,BCKD_45_57,0.03742785618462698
RSK,BCKD_45_57,0.03742785618462698
SGK,BCKD_45_57,0.03742785618462698
STE7,BCKD_45_57,0.03742785618462698
VRK2,BCKD_45_57,0.03742785618462698
BARK1,CAC1C_1974_1986,-0.04409819130209917
CAMK1,CAC1C_1974_1986,-0.04409819130209917
MAPKAPK,CAC1C_1974_1986,-0.04409819130209917
PDHK,CAC1C_1974_1986,-0.04409819130209917
PHK,CAC1C_1974_1986,-0.04409819130209917
PIM,CAC1C_1974_1986,-0.04409819130209917
PKCA,CAC1C_1974_1986,-0.04409819130209917
PKD,CAC1C_1974_1986,-0.04409819130209917
PKG,CAC1C_1974_1986,-0.04409819130209917
QIK,CAC1C_1974_1986,-0.04409819130209917
RAD53,CAC1C_1974_1986,-0.04409819130209917
RIPK,CAC1C_1974_1986,-0.04409819130209917
RSK,CAC1C_1974_1986,-0.04409819130209917
VRK2,CAC1C_1974_1986,-0.04409819130209917
AKT,CD27_212_224,-0.04223304659451769
BARK1,CD27_212_224,-0.04223304659451769
CDK,CD27_212_224,-0.04223304659451769
DMPK,CD27_212_224,-0.04223304659451769
ERK,CD27_212_224,-0.04223304659451769
IKK,CD27_212_224,-0.04223304659451769
JNK,CD27_212_224,-0.04223304659451769
P38,CD27_212_224,-0.04223304659451769
PDHK,CD27_212_224,-0.04223304659451769
PEK,CD27_212_224,-0.04223304659451769
PHK,CD27_212_224,-0.04223304659451769
PIM,CD27_212_224,-0.04223304659451769
PKCA,CD27_212_224,-0.04223304659451769
PKD,CD27_212_224,-0.04223304659451769
QIK,CD27_212_224,-0.04223304659451769
RSK,CD27_212_224,-0.04223304659451769
VRK2,CD27_212_224,-0.04223304659451769
BARK1,CDC2_154_169,-0.240878095721226
CDK,CDC2_154_169,-0.240878095721226
COT,CDC2_154_169,-0.240878095721226
PEK,CDC2_154_169,-0.240878095721226
PKG,CDC2_154_169,-0.240878095721226
RSK,CDC2_154_169,-0.240878095721226
STE7,CDC2_154_169,-0.240878095721226
VRK2,CDC2_154_169,-0.240878095721226
BARK1,CDK7_163_175,0.06493470535496085
CDK,CDK7_163_175,0.06493470535496085
DMPK,CDK7_163_175,0.06493470535496085
DYRK,CDK7_163_175,0.06493470535496085
FRAY,CDK7_163_175,0.06493470535496085
JNK,CDK7_163_175,0.06493470535496085
MAPKAPK,CDK7_163_175,0.06493470535496085
MST,CDK7_163_175,0.06493470535496085
MTOR,CDK7_163_175,0.06493470535496085
P38,CDK7_163_175,0.06493470535496085
PDK1,CDK7_163_175,0.06493470535496085
PEK,CDK7_163_175,0.06493470535496085
PHK,CDK7_163_175,0.06493470535496085
PIM,CDK7_163_175,0.06493470535496085
PKCA,CDK7_163_175,0.06493470535496085
PKCI,CDK7_163_175,0.06493470535496085
PRKDC,CDK7_163_175,0.06493470535496085
QIK,CDK7_163_175,0.06493470535496085
STE7,CDK7_163_175,0.06493470535496085
VRK2,CDK7_163_175,0.06493470535496085
AKT,CDN1A_139_151,0.02401099267822282
BARK1,CDN1A_139_151,0.02401099267822282
CDK,CDN1A_139_151,0.02401099267822282
DAPK,CDN1A_139_151,0.02401099267822282
DMPK,CDN1A_139_151,0.02401099267822282
IKK,CDN1A_139_151,0.02401099267822282
MELK,CDN1A_139_151,0.02401099267822282
NDR,CDN1A_139_151,0.02401099267822282
PEK,CDN1A_139_151,0.02401099267822282
PHK,CDN1A_139_151,0.02401099267822282
PIM,CDN1A_139_151,0.02401099267822282
PKCA,CDN1A_139_151,0.02401099267822282
PKD,CDN1A_139_151,0.02401099267822282
RIPK,CDN1A_139_151,0.02401099267822282
RSK,CDN1A_139_151,0.02401099267822282
STE7,CDN1A_139_151,0.02401099267822282
VRK2,CDN1A_139_151,0.02401099267822282
AUR,CENPA_1_14,0.08433670874332695
BARK1,CENPA_1_14,0.08433670874332695
DMPK,CENPA_1_14,0.08433670874332695
MAPKAPK,CENPA_1_14,0.08433670874332695
PIM,CENPA_1_14,0.08433670874332695
PKCA,CENPA_1_14,0.08433670874332695
PKG,CENPA_1_14,0.08433670874332695
VRK2,CENPA_1_14,0.08433670874332695
AMPK,CFTR_730_742,-0.05915225564898859
BARK1,CFTR_730_742,-0.05915225564898859
CAMK2,CFTR_730_742,-0.05915225564898859
CDK,CFTR_730_742,-0.05915225564898859
DAPK,CFTR_730_742,-0.05915225564898859
DYRK,CFTR_730_742,-0.05915225564898859
GRK,CFTR_730_742,-0.05915225564898859
IKK,CFTR_730_742,-0.05915225564898859
MAPKAPK,CFTR_730_742,-0.05915225564898859
PAKA,CFTR_730_742,-0.05915225564898859
PDHK,CFTR_730_742,-0.05915225564898859
PEK,CFTR_730_742,-0.05915225564898859
PHK,CFTR_730_742,-0.05915225564898859
PKA,CFTR_730_742,-0.05915225564898859
PKCA,CFTR_730_742,-0.05915225564898859
PKD,CFTR_730_742,-0.05915225564898859
PKG,CFTR_730_742,-0.05915225564898859
QIK,CFTR_730_742,-0.05915225564898859
RAD53,CFTR_730_742,-0.05915225564898859
RSK,CFTR_730_742,-0.05915225564898859
VRK2,CFTR_730_742,-0.05915225564898859
AKT,CGHB_109_121,0.09314972573574418
BARK1,CGHB_109_121,0.09314972573574418
CAMK2,CGHB_109_121,0.09314972573574418
DMPK,CGHB_109_121,0.09314972573574418
IKK,CGHB_109_121,0.09314972573574418
MTOR,CGHB_109_121,0.09314972573574418
PDHK,CGHB_109_121,0.09314972573574418
PDK1,CGHB_109_121,0.09314972573574418
PEK,CGHB_109_121,0.09314972573574418
PKA,CGHB_109_121,0.09314972573574418
PKCA,CGHB_109_121,0.09314972573574418
PKG,CGHB_109_121,0.09314972573574418
RSK,CGHB_109_121,0.09314972573574418
VRK2,CGHB_109_121,0.09314972573574418
AMPK,CREB1_126_138,0.1977483770431192
ATM,CREB1_126_138,0.1977483770431192
BARK1,CREB1_126_138,0.1977483770431192
CAMK1,CREB1_126_138,0.1977483770431192
CAMK2,CREB1_126_138,0.1977483770431192
COT,CREB1_126_138,0.1977483770431192
DMPK,CREB1_126_138,0.1977483770431192
DYRK,CREB1_126_138,0.1977483770431192
GSK,CREB1_126_138,0.1977483770431192
MAPKAPK,CREB1_126_138,0.1977483770431192
PDHK,CREB1_126_138,0.1977483770431192
PHK,CREB1_126_138,0.1977483770431192
PIM,CREB1_126_138,0.1977483770431192
PKA,CREB1_126_138,0.1977483770431192
PKCA,CREB1_126_138,0.1977483770431192
PKCD,CREB1_126_138,0.1977483770431192
PKCH,CREB1_126_138,0.1977483770431192
PKD,CREB1_126_138,0.1977483770431192
QIK,CREB1_126_138,0.1977483770431192
RAD53,CREB1_126_138,0.1977483770431192
RSK,CREB1_126_138,0.1977483770431192
SGK,CREB1_126_138,0.1977483770431192
VRK2,CREB1_126_138,0.1977483770431192
AMPK,CSF1R_701_713,0.0944771458216452
BARK1,CSF1R_701_713,0.0944771458216452
CDK,CSF1R_701_713,0.0944771458216452
CK1,CSF1R_701_713,0.0944771458216452
DMPK,CSF1R_701_713,0.0944771458216452
PDHK,CSF1R_701_713,0.0944771458216452
PEK,CSF1R_701_713,0.0944771458216452
PIM,CSF1R_701_713,0.0944771458216452
PKA,CSF1R_701_713,0.0944771458216452
PKCA,CSF1R_701_713,0.0944771458216452
PKG,CSF1R_701_713,0.0944771458216452
RSK,CSF1R_701_713,0.0944771458216452
VRK2,CSF1R_701_713,0.0944771458216452
AMPK,DESP_2842_2854,-0.14560539303417208
BARK1,DESP_2842_2854,-0.14560539303417208
CAMK1,DESP_2842_2854,-0.14560539303417208
CDK,DESP_2842_2854,-0.14560539303417208
CK1,DESP_2842_2854,-0.14560539303417208
DMPK,DESP_2842_2854,-0.14560539303417208
GSK,DESP_2842_2854,-0.14560539303417208
IKK,DESP_2842_2854,-0.14560539303417208
MAPKAPK,DESP_2842_2854,-0.14560539303417208
P38,DESP_2842_2854,-0.14560539303417208
PDHK,DESP_2842_2854,-0.14560539303417208
PDK1,DESP_2842_2854,-0.14560539303417208
PEK,DESP_2842_2854,-0.14560539303417208
PHK,DESP_2842_2854,-0.14560539303417208
PIM,DESP_2842_2854,-0.14560539303417208
PKA,DESP_2842_2854,-0.14560539303417208
PKCA,DESP_2842_2854,-0.14560539303417208
PKG,DESP_2842_2854,-0.14560539303417208
QIK,DESP_2842_2854,-0.14560539303417208
RIPK,DESP_2842_2854,-0.14560539303417208
RSK,DESP_2842_2854,-0.14560539303417208
SGK,DESP_2842_2854,-0.14560539303417208
STE11,DESP_2842_2854,-0.14560539303417208
STE7,DESP_2842_2854,-0.14560539303417208
VRK2,DESP_2842_2854,-0.14560539303417208
BARK1,EPB42_241_253,-0.12472035776779104
DMPK,EPB42_241_253,-0.12472035776779104
PHK,EPB42_241_253,-0.12472035776779104
PIM,EPB42_241_253,-0.12472035776779104
PKA,EPB42_241_253,-0.12472035776779104
PKCA,EPB42_241_253,-0.12472035776779104
PKG,EPB42_241_253,-0.12472035776779104
RAD53,EPB42_241_253,-0.12472035776779104
RSK,EPB42_241_253,-0.12472035776779104
VRK2,EPB42_241_253,-0.12472035776779104
BARK1,ERBB2_679_691,0.17914582214113456
DMPK,ERBB2_679_691,0.17914582214113456
PHK,ERBB2_679_691,0.17914582214113456
PIM,ERBB2_679_691,0.17914582214113456
PKA,ERBB2_679_691,0.17914582214113456
PKCA,ERBB2_679_691,0.17914582214113456
PKCD,ERBB2_679_691,0.17914582214113456
PKCH,ERBB2_679_691,0.17914582214113456
PKG,ERBB2_679_691,0.17914582214113456
RSK,ERBB2_679_691,0.17914582214113456
VRK2,ERBB2_679_691,0.17914582214113456
BARK1,ERF_519_531,0.04249450573688811
CDK,ERF_519_531,0.04249450573688811
CHK1,ERF_519_531,0.04249450573688811
DAPK,ERF_519_531,0.04249450573688811
DMPK,ERF_519_531,0.04249450573688811
DYRK,ERF_519_531,0.04249450573688811
ERK,ERF_519_531,0.04249450573688811
IRAK,ERF_519_531,0.04249450573688811
MST,ERF_519_531,0.04249450573688811
P38,ERF_519_531,0.04249450573688811
PDK1,ERF_519_531,0.04249450573688811
PEK,ERF_519_531,0.04249450573688811
PIM,ERF_519_531,0.04249450573688811
PKA,ERF_519_531,0.04249450573688811
PKCA,ERF_519_531,0.04249450573688811
PKG,ERF_519_531,0.04249450573688811
RAD53,ERF_519_531,0.04249450573688811
RSK,ERF_519_531,0.04249450573688811
VRK2,ERF_519_531,0.04249450573688811
AKT,ESR1_160_172,0.04348991937797386
AUR,ESR1_160_172,0.04348991937797386
BARK1,ESR1_160_172,0.04348991937797386
CK2,ESR1_160_172,0.04348991937797386
DMPK,ESR1_160_172,0.04348991937797386
IKK,ESR1_160_172,0.04348991937797386
PEK,ESR1_160_172,0.04348991937797386
PHK,ESR1_160_172,0.04348991937797386
PIM,ESR1_160_172,0.04348991937797386
PKCA,ESR1_160_172,0.04348991937797386
RSK,ESR1_160_172,0.04348991937797386
STE11,ESR1_160_172,0.04348991937797386
STE7,ESR1_160_172,0.04348991937797386
VRK2,ESR1_160_172,0.04348991937797386
BARK1,FIBA_569_581,-0.15668796260484924
CDK,FIBA_569_581,-0.15668796260484924
CK1,FIBA_569_581,-0.15668796260484924
DAPK,FIBA_569_581,-0.15668796260484924
DMPK,FIBA_569_581,-0.15668796260484924
ERK,FIBA_569_581,-0.15668796260484924
GSK,FIBA_569_581,-0.15668796260484924
HAL,FIBA_569_581,-0.15668796260484924
IKK,FIBA_569_581,-0.15668796260484924
JNK,FIBA_569_581,-0.15668796260484924
MLCK,FIBA_569_581,-0.15668796260484924
MST,FIBA_569_581,-0.15668796260484924
PDHK,FIBA_569_581,-0.15668796260484924
PEK,FIBA_569_581,-0.15668796260484924
PHK,FIBA_569_581,-0.15668796260484924
PIM,FIBA_569_581,-0.15668796260484924
PKA,FIBA_569_581,-0.15668796260484924
PKCA,FIBA_569_581,-0.15668796260484924
PKG,FIBA_569_581,-0.15668796260484924
PLK,FIBA_569_581,-0.15668796260484924
QIK,FIBA_569_581,-0.15668796260484924
RAF,FIBA_569_581,-0.15668796260484924
RIPK,FIBA_569_581,-0.15668796260484924
RSK,FIBA_569_581,-0.15668796260484924
SGK,FIBA_569_581,-0.15668796260484924
STE7,FIBA_569_581,-0.15668796260484924
VRK2,FIBA_569_581,-0.15668796260484924
AKT,FOXO3_25_37,-0.22671128922799227
BARK1,FOXO3_25_37,-0.22671128922799227
CDK,FOXO3_25_37,-0.22671128922799227
ERK,FOXO3_25_37,-0.22671128922799227
MAPKAPK,FOXO3_25_37,-0.22671128922799227
P38,FOXO3_25_37,-0.22671128922799227
PHK,FOXO3_25_37,-0.22671128922799227
PIM,FOXO3_25_37,-0.22671128922799227
PKCA,FOXO3_25_37,-0.22671128922799227
QIK,FOXO3_25_37,-0.22671128922799227
RAF,FOXO3_25_37,-0.22671128922799227
RSK,FOXO3_25_37,-0.22671128922799227
SGK,FOXO3_25_37,-0.22671128922799227
VRK2,FOXO3_25_37,-0.22671128922799227
AKT,FRAP_2443_2455,0.02895419838969398
AMPK,FRAP_2443_2455,0.02895419838969398
BARK1,FRAP_2443_2455,0.02895419838969398
CK1,FRAP_2443_2455,0.02895419838969398
DAPK,FRAP_2443_2455,0.02895419838969398
DMPK,FRAP_2443_2455,0.02895419838969398
MAPKAPK,FRAP_2443_2455,0.02895419838969398
MELK,FRAP_2443_2455,0.02895419838969398
MLK,FRAP_2443_2455,0.02895419838969398
MSN,FRAP_2443_2455,0.02895419838969398
MTOR,FRAP_2443_2455,0.02895419838969398
NEK,FRAP_2443_2455,0.02895419838969398
PDHK,FRAP_2443_2455,0.02895419838969398
PDK1,FRAP_2443_2455,0.02895419838969398
PEK,FRAP_2443_2455,0.02895419838969398
PHK,FRAP_2443_2455,0.02895419838969398
PIM,FRAP_2443_2455,0.02895419838969398
PKA,FRAP_2443_2455,0.02895419838969398
PKCA,FRAP_2443_2455,0.02895419838969398
QIK,FRAP_2443_2455,0.02895419838969398
RSK,FRAP_2443_2455,0.02895419838969398
SGK,FRAP_2443_2455,0.02895419838969398
TAO,FRAP_2443_2455,0.02895419838969398
VRK2,FRAP_2443_2455,0.02895419838969398
AKT,GPR6_349_361,0.01689579505220913
BARK1,GPR6_349_361,0.01689579505220913
CDK,GPR6_349_361,0.01689579505220913
CK1,GPR6_349_361,0.01689579505220913
DMPK,GPR6_349_361,0.01689579505220913
DYRK,GPR6_349_361,0.01689579505220913
ERK,GPR6_349_361,0.01689579505220913
IKK,GPR6_349_361,0.01689579505220913
JNK,GPR6_349_361,0.01689579505220913
MAPKAPK,GPR6_349_361,0.01689579505220913
MELK,GPR6_349_361,0.01689579505220913
P38,GPR6_349_361,0.01689579505220913
PDK1,GPR6_349_361,0.01689579505220913
PEK,GPR6_349_361,0.01689579505220913
PHK,GPR6_349_361,0.01689579505220913
PKCA,GPR6_349_361,0.01689579505220913
QIK,GPR6_349_361,0.01689579505220913
RAF,GPR6_349_361,0.01689579505220913
RSK,GPR6_349_361,0.01689579505220913
SGK,GPR6_349_361,0.01689579505220913
VRK2,GPR6_349_361,0.01689579505220913
AMPK,GPSM2_394_406,0.05133732124418966
BARK1,GPSM2_394_406,0.05133732124418966
CAMK1,GPSM2_394_406,0.05133732124418966
CHK1,GPSM2_394_406,0.05133732124418966
DMPK,GPSM2_394_406,0.05133732124418966
IKK,GPSM2_394_406,0.05133732124418966
MAPKAPK,GPSM2_394_406,0.05133732124418966
MARK,GPSM2_394_406,0.05133732124418966
PHK,GPSM2_394_406,0.05133732124418966
PKCA,GPSM2_394_406,0.05133732124418966
PKD,GPSM2_394_406,0.05133732124418966
VRK2,GPSM2_394_406,0.05133732124418966
BARK1,GSUB_61_73,-0.1648101404167388
CDK,GSUB_61_73,-0.1648101404167388
DAPK,GSUB_61_73,-0.1648101404167388
DMPK,GSUB_61_73,-0.1648101404167388
DYRK,GSUB_61_73,-0.1648101404167388
ERK,GSUB_61_73,-0.1648101404167388
PDK1,GSUB_61_73,-0.1648101404167388
PHK,GSUB_61_73,-0.1648101404167388
PKA,GSUB_61_73,-0.1648101404167388
PKG,GSUB_61_73,-0.1648101404167388
PLK,GSUB_61_73,-0.1648101404167388
VRK2,GSUB_61_73,-0.1648101404167388
AKT,GYS2_1_13,-0.2706282915565594
BARK1,GYS2_1_13,-0.2706282915565594
CDK,GYS2_1_13,-0.2706282915565594
DMPK,GYS2_1_13,-0.2706282915565594
IKK,GYS2_1_13,-0.2706282915565594
MAPKAPK,GYS2_1_13,-0.2706282915565594
MTOR,GYS2_1_13,-0.2706282915565594
PEK,GYS2_1_13,-0.2706282915565594
PHK,GYS2_1_13,-0.2706282915565594
PKA,GYS2_1_13,-0.2706282915565594
PKCA,GYS2_1_13,-0.2706282915565594
QIK,GYS2_1_13,-0.2706282915565594
RSK,GYS2_1_13,-0.2706282915565594
SGK,GYS2_1_13,-0.2706282915565594
VRK2,GYS2_1_13,-0.2706282915565594
AKT,H2B1B_ 27_40,0.10473473926482237
AMPK,H2B1B_ 27_40,0.10473473926482237
BARK1,H2B1B_ 27_40,0.10473473926482237
CAMK1,H2B1B_ 27_40,0.10473473926482237
CDK,H2B1B_ 27_40,0.10473473926482237
COT,H2B1B_ 27_40,0.10473473926482237
DAPK,H2B1B_ 27_40,0.10473473926482237
DMPK,H2B1B_ 27_40,0.10473473926482237
IKK,H2B1B_ 27_40,0.10473473926482237
MLK,H2B1B_ 27_40,0.10473473926482237
MST,H2B1B_ 27_40,0.10473473926482237
PAKA,H2B1B_ 27_40,0.10473473926482237
PAKB,H2B1B_ 27_40,0.10473473926482237
PDHK,H2B1B_ 27_40,0.10473473926482237
PEK,H2B1B_ 27_40,0.10473473926482237
PHK,H2B1B_ 27_40,0.10473473926482237
PIM,H2B1B_ 27_40,0.10473473926482237
PKA,H2B1B_ 27_40,0.10473473926482237
PKCA,H2B1B_ 27_40,0.10473473926482237
PKCH,H2B1B_ 27_40,0.10473473926482237
PKD,H2B1B_ 27_40,0.10473473926482237
PKG,H2B1B_ 27_40,0.10473473926482237
PLK,H2B1B_ 27_40,0.10473473926482237
QIK,H2B1B_ 27_40,0.10473473926482237
RAD53,H2B1B_ 27_40,0.10473473926482237
RSK,H2B1B_ 27_40,0.10473473926482237
SGK,H2B1B_ 27_40,0.10473473926482237
VRK2,H2B1B_ 27_40,0.10473473926482237
AMPK,H32_3_18,0.15946803424344164
ATR,H32_3_18,0.15946803424344164
AUR,H32_3_18,0.15946803424344164
BARK1,H32_3_18,0.15946803424344164
DAPK,H32_3_18,0.15946803424344164
DMPK,H32_3_18,0.15946803424344164
DYRK,H32_3_18,0.15946803424344164
MLK,H32_3_18,0.15946803424344164
MST,H32_3_18,0.15946803424344164
MTOR,H32_3_18,0.15946803424344164
PHK,H32_3_18,0.15946803424344164
PIM,H32_3_18,0.15946803424344164
PKCA,H32_3_18,0.15946803424344164
PKCD,H32_3_18,0.15946803424344164
PRKDC,H32_3_18,0.15946803424344164
QIK,H32_3_18,0.15946803424344164
RAD53,H32_3_18,0.15946803424344164
RSK,H32_3_18,0.15946803424344164
STE7,H32_3_18,0.15946803424344164
VRK1,H32_3_18,0.15946803424344164
VRK2,H32_3_18,0.15946803424344164
BARK1,IF4E_203_215,-0.25661917342346435
CDK,IF4E_203_215,-0.25661917342346435
DMPK,IF4E_203_215,-0.25661917342346435
ERK,IF4E_203_215,-0.25661917342346435
GRK,IF4E_203_215,-0.25661917342346435
IKK,IF4E_203_215,-0.25661917342346435
LKB,IF4E_203_215,-0.25661917342346435
MAPKAPK,IF4E_203_215,-0.25661917342346435
MLK,IF4E_203_215,-0.25661917342346435
P38,IF4E_203_215,-0.25661917342346435
PEK,IF4E_203_215,-0.25661917342346435
PKCA,IF4E_203_215,-0.25661917342346435
QIK,IF4E_203_215,-0.25661917342346435
RIPK,IF4E_203_215,-0.25661917342346435
STKR,IF4E_203_215,-0.25661917342346435
VRK1,IF4E_203_215,-0.25661917342346435
VRK2,IF4E_203_215,-0.25661917342346435
BARK1,KAP2_92_104,0.00490897999672559
CDK,KAP2_92_104,0.00490897999672559
CK2,KAP2_92_104,0.00490897999672559
DMPK,KAP2_92_104,0.00490897999672559
ERK,KAP2_92_104,0.00490897999672559
GSK,KAP2_92_104,0.00490897999672559
MAPKAPK,KAP2_92_104,0.00490897999672559
PDHK,KAP2_92_104,0.00490897999672559
PEK,KAP2_92_104,0.00490897999672559
PHK,KAP2_92_104,0.00490897999672559
PIM,KAP2_92_104,0.00490897999672559
PKA,KAP2_92_104,0.00490897999672559
PKCA,KAP2_92_104,0.00490897999672559
PKD,KAP2_92_104,0.00490897999672559
PKG,KAP2_92_104,0.00490897999672559
QIK,KAP2_92_104,0.00490897999672559
RIPK,KAP2_92_104,0.00490897999672559
RSK,KAP2_92_104,0.00490897999672559
VRK2,KAP2_92_104,0.00490897999672559
AKT,KAP3_107_119,0.05001999875580528
AUR,KAP3_107_119,0.05001999875580528
BARK1,KAP3_107_119,0.05001999875580528
DMPK,KAP3_107_119,0.05001999875580528
MAPKAPK,KAP3_107_119,0.05001999875580528
PDHK,KAP3_107_119,0.05001999875580528
PHK,KAP3_107_119,0.05001999875580528
PKA,KAP3_107_119,0.05001999875580528
PKCA,KAP3_107_119,0.05001999875580528
RIPK,KAP3_107_119,0.05001999875580528
VRK2,KAP3_107_119,0.05001999875580528
BARK1,KAPCG_192_206,0.13151311925656728
CAMK2,KAPCG_192_206,0.13151311925656728
CDK,KAPCG_192_206,0.13151311925656728
DMPK,KAPCG_192_206,0.13151311925656728
DYRK,KAPCG_192_206,0.13151311925656728
ERK,KAPCG_192_206,0.13151311925656728
GSK,KAPCG_192_206,0.13151311925656728
IKK,KAPCG_192_206,0.13151311925656728
IRAK,KAPCG_192_206,0.13151311925656728
LKB,KAPCG_192_206,0.13151311925656728
MELK,KAPCG_192_206,0.13151311925656728
MST,KAPCG_192_206,0.13151311925656728
MTOR,KAPCG_192_206,0.13151311925656728
PDHK,KAPCG_192_206,0.13151311925656728
PDK1,KAPCG_192_206,0.13151311925656728
PHK,KAPCG_192_206,0.13151311925656728
PIM,KAPCG_192_206,0.13151311925656728
PKCH,KAPCG_192_206,0.13151311925656728
VRK2,KAPCG_192_206,0.13151311925656728
BARK1,KCC2G_278_289,0.12331709695800176
CAMK2,KCC2G_278_289,0.12331709695800176
CDK,KCC2G_278_289,0.12331709695800176
CK1,KCC2G_278_289,0.12331709695800176
MAPKAPK,KCC2G_278_289,0.12331709695800176
MELK,KCC2G_278_289,0.12331709695800176
MLCK,KCC2G_278_289,0.12331709695800176
PEK,KCC2G_278_289,0.12331709695800176
PHK,KCC2G_278_289,0.12331709695800176
PIM,KCC2G_278_289,0.12331709695800176
PKCA,KCC2G_278_289,0.12331709695800176
PKCI,KCC2G_278_289,0.12331709695800176
PLK,KCC2G_278_289,0.12331709695800176
QIK,KCC2G_278_289,0.12331709695800176
RSK,KCC2G_278_289,0.12331709695800176
SGK,KCC2G_278_289,0.12331709695800176
VRK2,KCC2G_278_289,0.12331709695800176
AKT,KCNA1_438_450,0.08064146739098366
AMPK,KCNA1_438_450,0.08064146739098366
BARK1,KCNA1_438_450,0.08064146739098366
CAMK1,KCNA1_438_450,0.08064146739098366
CDK,KCNA1_438_450,0.08064146739098366
CK1,KCNA1_438_450,0.08064146739098366
DAPK,KCNA1_438_450,0.08064146739098366
DMPK,KCNA1_438_450,0.08064146739098366
ERK,KCNA1_438_450,0.08064146739098366
GRK,KCNA1_438_450,0.08064146739098366
IKK,KCNA1_438_450,0.08064146739098366
JNK,KCNA1_438_450,0.08064146739098366
MAPKAPK,KCNA1_438_450,0.08064146739098366
MELK,KCNA1_438_450,0.08064146739098366
NEK,KCNA1_438_450,0.08064146739098366
P38,KCNA1_438_450,0.08064146739098366
PDHK,KCNA1_438_450,0.08064146739098366
PEK,KCNA1_438_450,0.08064146739098366
PHK,KCNA1_438_450,0.08064146739098366
PKA,KCNA1_438_450,0.08064146739098366
PKCA,KCNA1_438_450,0.08064146739098366
PKD,KCNA1_438_450,0.08064146739098366
PLK,KCNA1_438_450,0.08064146739098366
QIK,KCNA1_438_450,0.08064146739098366
RAD53,KCNA1_438_450,0.08064146739098366
RIPK,KCNA1_438_450,0.08064146739098366
RSK,KCNA1_438_450,0.08064146739098366
SGK,KCNA1_438_450,0.08064146739098366
STE7,KCNA1_438_450,0.08064146739098366
STKR,KCNA1_438_450,0.08064146739098366
VRK2,KCNA1_438_450,0.08064146739098366
AKT,KCNA2_442_454,0.04112409470404307
AMPK,KCNA2_442_454,0.04112409470404307
BARK1,KCNA2_442_454,0.04112409470404307
CAMK1,KCNA2_442_454,0.04112409470404307
CAMK2,KCNA2_442_454,0.04112409470404307
CDK,KCNA2_442_454,0.04112409470404307
CHK1,KCNA2_442_454,0.04112409470404307
CK1,KCNA2_442_454,0.04112409470404307
DMPK,KCNA2_442_454,0.04112409470404307
IKK,KCNA2_442_454,0.04112409470404307
JNK,KCNA2_442_454,0.04112409470404307
MAPKAPK,KCNA2_442_454,0.04112409470404307
NEK,KCNA2_442_454,0.04112409470404307
P38,KCNA2_442_454,0.04112409470404307
PDHK,KCNA2_442_454,0.04112409470404307
PEK,KCNA2_442_454,0.04112409470404307
PHK,KCNA2_442_454,0.04112409470404307
PIM,KCNA2_442_454,0.04112409470404307
PKCA,KCNA2_442_454,0.04112409470404307
PKD,KCNA2_442_454,0.04112409470404307
QIK,KCNA2_442_454,0.04112409470404307
RAD53,KCNA2_442_454,0.04112409470404307
RIPK,KCNA2_442_454,0.04112409470404307
RSK,KCNA2_442_454,0.04112409470404307
SGK,KCNA2_442_454,0.04112409470404307
STKR,KCNA2_442_454,0.04112409470404307
VRK2,KCNA2_442_454,0.04112409470404307
AKT,KCNA3_461_473,0.1117803979672587
AMPK,KCNA3_461_473,0.1117803979672587
BARK1,KCNA3_461_473,0.1117803979672587
CAMK1,KCNA3_461_473,0.1117803979672587
CDK,KCNA3_461_473,0.1117803979672587
CHK1,KCNA3_461_473,0.1117803979672587
CK1,KCNA3_461_473,0.1117803979672587
DMPK,KCNA3_461_473,0.1117803979672587
IKK,KCNA3_461_473,0.1117803979672587
JNK,KCNA3_461_473,0.1117803979672587
KHS,KCNA3_461_473,0.1117803979672587
MAPKAPK,KCNA3_461_473,0.1117803979672587
MARK,KCNA3_461_473,0.1117803979672587
MST,KCNA3_461_473,0.1117803979672587
P38,KCNA3_461_473,0.1117803979672587
PAKA,KCNA3_461_473,0.1117803979672587
PDHK,KCNA3_461_473,0.1117803979672587
PDK1,KCNA3_461_473,0.1117803979672587
PEK,KCNA3_461_473,0.1117803979672587
PHK,KCNA3_461_473,0.1117803979672587
PKA,KCNA3_461_473,0.1117803979672587
PKCA,KCNA3_461_473,0.1117803979672587
PKD,KCNA3_461_473,0.1117803979672587
PKG,KCNA3_461_473,0.1117803979672587
PLK,KCNA3_461_473,0.1117803979672587
QIK,KCNA3_461_473,0.1117803979672587
RAD53,KCNA3_461_473,0.1117803979672587
RSK,KCNA3_461_473,0.1117803979672587
STE7,KCNA3_461_473,0.1117803979672587
VRK2,KCNA3_461_473,0.1117803979672587
AMPK,KCNB1_489_501,-0.09086345474749832
BARK1,KCNB1_489_501,-0.09086345474749832
CAMK1,KCNB1_489_501,-0.09086345474749832
CAMK2,KCNB1_489_501,-0.09086345474749832
CDK,KCNB1_489_501,-0.09086345474749832
CHK1,KCNB1_489_501,-0.09086345474749832
CK1,KCNB1_489_501,-0.09086345474749832
CK2,KCNB1_489_501,-0.09086345474749832
DAPK,KCNB1_489_501,-0.09086345474749832
DMPK,KCNB1_489_501,-0.09086345474749832
GRK,KCNB1_489_501,-0.09086345474749832
IKK,KCNB1_489_501,-0.09086345474749832
MAPKAPK,KCNB1_489_501,-0.09086345474749832
MELK,KCNB1_489_501,-0.09086345474749832
MLCK,KCNB1_489_501,-0.09086345474749832
MLK,KCNB1_489_501,-0.09086345474749832
MST,KCNB1_489_501,-0.09086345474749832
NAK,KCNB1_489_501,-0.09086345474749832
NEK,KCNB1_489_501,-0.09086345474749832
PDHK,KCNB1_489_501,-0.09086345474749832
PEK,KCNB1_489_501,-0.09086345474749832
PHK,KCNB1_489_501,-0.09086345474749832
PIM,KCNB1_489_501,-0.09086345474749832
PKA,KCNB1_489_501,-0.09086345474749832
PKCA,KCNB1_489_501,-0.09086345474749832
PKCD,KCNB1_489_501,-0.09086345474749832
PKD,KCNB1_489_501,-0.09086345474749832
QIK,KCNB1_489_501,-0.09086345474749832
RIPK,KCNB1_489_501,-0.09086345474749832
RSK,KCNB1_489_501,-0.09086345474749832
SGK,KCNB1_489_501,-0.09086345474749832
STE7,KCNB1_489_501,-0.09086345474749832
STKR,KCNB1_489_501,-0.09086345474749832
VRK2,KCNB1_489_501,-0.09086345474749832
BARK1,KIF2C_105_118_S106G,0.21421974937007232
CAMK2,KIF2C_105_118_S106G,0.21421974937007232
CDK,KIF2C_105_118_S106G,0.21421974937007232
DMPK,KIF2C_105_118_S106G,0.21421974937007232
FRAY,KIF2C_105_118_S106G,0.21421974937007232
IKK,KIF2C_105_118_S106G,0.21421974937007232
MELK,KIF2C_105_118_S106G,0.21421974937007232
NEK,KIF2C_105_118_S106G,0.21421974937007232
PAKA,KIF2C_105_118_S106G,0.21421974937007232
PDHK,KIF2C_105_118_S106G,0.21421974937007232
PEK,KIF2C_105_118_S106G,0.21421974937007232
PHK,KIF2C_105_118_S106G,0.21421974937007232
PKCA,KIF2C_105_118_S106G,0.21421974937007232
PKD,KIF2C_105_118_S106G,0.21421974937007232
QIK,KIF2C_105_118_S106G,0.21421974937007232
RIPK,KIF2C_105_118_S106G,0.21421974937007232
RSK,KIF2C_105_118_S106G,0.21421974937007232
VRK2,KIF2C_105_118_S106G,0.21421974937007232
BARK1,KPB1_1011_1023,0.05236201499129814
CDK,KPB1_1011_1023,0.05236201499129814
CK1,KPB1_1011_1023,0.05236201499129814
DMPK,KPB1_1011_1023,0.05236201499129814
IKK,KPB1_1011_1023,0.05236201499129814
P38,KPB1_1011_1023,0.05236201499129814
PAKA,KPB1_1011_1023,0.05236201499129814
PDHK,KPB1_1011_1023,0.05236201499129814
PEK,KPB1_1011_1023,0.05236201499129814
PHK,KPB1_1011_1023,0.05236201499129814
PIM,KPB1_1011_1023,0.05236201499129814
PKA,KPB1_1011_1023,0.05236201499129814
PKCA,KPB1_1011_1023,0.05236201499129814
PKD,KPB1_1011_1023,0.05236201499129814
RIPK,KPB1_1011_1023,0.05236201499129814
RSK,KPB1_1011_1023,0.05236201499129814
SGK,KPB1_1011_1023,0.05236201499129814
VRK2,KPB1_1011_1023,0.05236201499129814
BARK1,KS6A1_374_386,0.05336516451759513
COT,KS6A1_374_386,0.05336516451759513
FRAY,KS6A1_374_386,0.05336516451759513
MAPKAPK,KS6A1_374_386,0.05336516451759513
MSN,KS6A1_374_386,0.05336516451759513
MTOR,KS6A1_374_386,0.05336516451759513
PDHK,KS6A1_374_386,0.05336516451759513
PDK1,KS6A1_374_386,0.05336516451759513
PEK,KS6A1_374_386,0.05336516451759513
PHK,KS6A1_374_386,0.05336516451759513
PIM,KS6A1_374_386,0.05336516451759513
PKCA,KS6A1_374_386,0.05336516451759513
RAD53,KS6A1_374_386,0.05336516451759513
RSK,KS6A1_374_386,0.05336516451759513
STE7,KS6A1_374_386,0.05336516451759513
VRK2,KS6A1_374_386,0.05336516451759513
AMPK,LIPS_944_956,0.0243240918641252
ATR,LIPS_944_956,0.0243240918641252
BARK1,LIPS_944_956,0.0243240918641252
CDK,LIPS_944_956,0.0243240918641252
DMPK,LIPS_944_956,0.0243240918641252
ERK,LIPS_944_956,0.0243240918641252
NDR,LIPS_944_956,0.0243240918641252
PDHK,LIPS_944_956,0.0243240918641252
PEK,LIPS_944_956,0.0243240918641252
PIM,LIPS_944_956,0.0243240918641252
PKA,LIPS_944_956,0.0243240918641252
PKCA,LIPS_944_956,0.0243240918641252
PKG,LIPS_944_956,0.0243240918641252
PRKDC,LIPS_944_956,0.0243240918641252
RAF,LIPS_944_956,0.0243240918641252
RSK,LIPS_944_956,0.0243240918641252
STE7,LIPS_944_956,0.0243240918641252
VRK2,LIPS_944_956,0.0243240918641252
BARK1,LMNB1_16_28,0.33402768640669667
CDK,LMNB1_16_28,0.33402768640669667
DMPK,LMNB1_16_28,0.33402768640669667
DYRK,LMNB1_16_28,0.33402768640669667
ERK,LMNB1_16_28,0.33402768640669667
GSK,LMNB1_16_28,0.33402768640669667
IKK,LMNB1_16_28,0.33402768640669667
IRAK,LMNB1_16_28,0.33402768640669667
JNK,LMNB1_16_28,0.33402768640669667
MLK,LMNB1_16_28,0.33402768640669667
NMO,LMNB1_16_28,0.33402768640669667
P38,LMNB1_16_28,0.33402768640669667
PDK1,LMNB1_16_28,0.33402768640669667
PEK,LMNB1_16_28,0.33402768640669667
PIM,LMNB1_16_28,0.33402768640669667
PKCA,LMNB1_16_28,0.33402768640669667
PKG,LMNB1_16_28,0.33402768640669667
RSK,LMNB1_16_28,0.33402768640669667
STE7,LMNB1_16_28,0.33402768640669667
VRK2,LMNB1_16_28,0.33402768640669667
BARK1,MARCS_152_164,-0.14592606869405272
CDK,MARCS_152_164,-0.14592606869405272
DAPK,MARCS_152_164,-0.14592606869405272
DMPK,MARCS_152_164,-0.14592606869405272
ERK,MARCS_152_164,-0.14592606869405272
JNK,MARCS_152_164,-0.14592606869405272
P38,MARCS_152_164,-0.14592606869405272
PAKA,MARCS_152_164,-0.14592606869405272
PDHK,MARCS_152_164,-0.14592606869405272
PDK1,MARCS_152_164,-0.14592606869405272
PEK,MARCS_152_164,-0.14592606869405272
PHK,MARCS_152_164,-0.14592606869405272
PKA,MARCS_152_164,-0.14592606869405272
PKCA,MARCS_152_164,-0.14592606869405272
PKCH,MARCS_152_164,-0.14592606869405272
PKCI,MARCS_152_164,-0.14592606869405272
PKD,MARCS_152_164,-0.14592606869405272
PKG,MARCS_152_164,-0.14592606869405272
PKN,MARCS_152_164,-0.14592606869405272
RAD53,MARCS_152_164,-0.14592606869405272
VRK2,MARCS_152_164,-0.14592606869405272
BARK1,MARCS_160_172,-0.11685832910738844
CDK,MARCS_160_172,-0.11685832910738844
DMPK,MARCS_160_172,-0.11685832910738844
ERK,MARCS_160_172,-0.11685832910738844
JNK,MARCS_160_172,-0.11685832910738844
MLK,MARCS_160_172,-0.11685832910738844
P38,MARCS_160_172,-0.11685832910738844
PDHK,MARCS_160_172,-0.11685832910738844
PDK1,MARCS_160_172,-0.11685832910738844
PEK,MARCS_160_172,-0.11685832910738844
PKCA,MARCS_160_172,-0.11685832910738844
RAD53,MARCS_160_172,-0.11685832910738844
RIPK,MARCS_160_172,-0.11685832910738844
VRK2,MARCS_160_172,-0.11685832910738844
BARK1,MBP_222_234,-0.24007038167154648
CDK,MBP_222_234,-0.24007038167154648
DYRK,MBP_222_234,-0.24007038167154648
ERK,MBP_222_234,-0.24007038167154648
GSK,MBP_222_234,-0.24007038167154648
JNK,MBP_222_234,-0.24007038167154648
MTOR,MBP_222_234,-0.24007038167154648
PDK1,MBP_222_234,-0.24007038167154648
PEK,MBP_222_234,-0.24007038167154648
VRK2,MBP_222_234,-0.24007038167154648
BARK1,MP2K1_287_299,-0.23416043053848704
CDK,MP2K1_287_299,-0.23416043053848704
DMPK,MP2K1_287_299,-0.23416043053848704
DYRK,MP2K1_287_299,-0.23416043053848704
ERK,MP2K1_287_299,-0.23416043053848704
JNK,MP2K1_287_299,-0.23416043053848704
MAPKAPK,MP2K1_287_299,-0.23416043053848704
P38,MP2K1_287_299,-0.23416043053848704
PAKA,MP2K1_287_299,-0.23416043053848704
PDHK,MP2K1_287_299,-0.23416043053848704
PDK1,MP2K1_287_299,-0.23416043053848704
PEK,MP2K1_287_299,-0.23416043053848704
PHK,MP2K1_287_299,-0.23416043053848704
PIM,MP2K1_287_299,-0.23416043053848704
PKCA,MP2K1_287_299,-0.23416043053848704
PKD,MP2K1_287_299,-0.23416043053848704
STE7,MP2K1_287_299,-0.23416043053848704
VRK2,MP2K1_287_299,-0.23416043053848704
ATR,MPIP1_172_184,-0.02492950834233878
BARK1,MPIP1_172_184,-0.02492950834233878
CHK1,MPIP1_172_184,-0.02492950834233878
DMPK,MPIP1_172_184,-0.02492950834233878
MAPKAPK,MPIP1_172_184,-0.02492950834233878
PHK,MPIP1_172_184,-0.02492950834233878
PIM,MPIP1_172_184,-0.02492950834233878
PKCA,MPIP1_172_184,-0.02492950834233878
PRKDC,MPIP1_172_184,-0.02492950834233878
QIK,MPIP1_172_184,-0.02492950834233878
RAD53,MPIP1_172_184,-0.02492950834233878
RAF,MPIP1_172_184,-0.02492950834233878
RSK,MPIP1_172_184,-0.02492950834233878
VRK2,MPIP1_172_184,-0.02492950834233878
BARK1,MPIP3_208_220,0.04398988230793307
BRSK,MPIP3_208_220,0.04398988230793307
CAMK1,MPIP3_208_220,0.04398988230793307
CDK,MPIP3_208_220,0.04398988230793307
CHK1,MPIP3_208_220,0.04398988230793307
DMPK,MPIP3_208_220,0.04398988230793307
DYRK,MPIP3_208_220,0.04398988230793307
ERK,MPIP3_208_220,0.04398988230793307
IKK,MPIP3_208_220,0.04398988230793307
JNK,MPIP3_208_220,0.04398988230793307
MAPKAPK,MPIP3_208_220,0.04398988230793307
MARK,MPIP3_208_220,0.04398988230793307
MELK,MPIP3_208_220,0.04398988230793307
P38,MPIP3_208_220,0.04398988230793307
PDK1,MPIP3_208_220,0.04398988230793307
PEK,MPIP3_208_220,0.04398988230793307
PHK,MPIP3_208_220,0.04398988230793307
PKCA,MPIP3_208_220,0.04398988230793307
QIK,MPIP3_208_220,0.04398988230793307
RAD53,MPIP3_208_220,0.04398988230793307
RIPK,MPIP3_208_220,0.04398988230793307
VRK2,MPIP3_208_220,0.04398988230793307
AUR,MYPC3_268_280,-0.05286155066019304
BARK1,MYPC3_268_280,-0.05286155066019304
DMPK,MYPC3_268_280,-0.05286155066019304
IKK,MYPC3_268_280,-0.05286155066019304
MLK,MYPC3_268_280,-0.05286155066019304
MTOR,MYPC3_268_280,-0.05286155066019304
PEK,MYPC3_268_280,-0.05286155066019304
PHK,MYPC3_268_280,-0.05286155066019304
PKA,MYPC3_268_280,-0.05286155066019304
PKCA,MYPC3_268_280,-0.05286155066019304
PKG,MYPC3_268_280,-0.05286155066019304
QIK,MYPC3_268_280,-0.05286155066019304
RIPK,MYPC3_268_280,-0.05286155066019304
RSK,MYPC3_268_280,-0.05286155066019304
VRK2,MYPC3_268_280,-0.05286155066019304
BARK1,NCF1_296_308,0.13856605859058746
BARK2,NCF1_296_308,0.13856605859058746
AKT,NCF1_296_308,0.13856605859058746
DMPK,NCF1_296_308,0.13856605859058746
IKK,NCF1_296_308,0.13856605859058746
MELK,NCF1_296_308,0.13856605859058746
NEK,NCF1_296_308,0.13856605859058746
PAKA,NCF1_296_308,0.13856605859058746
PEK,NCF1_296_308,0.13856605859058746
PHK,NCF1_296_308,0.13856605859058746
PIM,NCF1_296_308,0.13856605859058746
PKA,NCF1_296_308,0.13856605859058746
PKCA,NCF1_296_308,0.13856605859058746
PKCD,NCF1_296_308,0.13856605859058746
PKCH,NCF1_296_308,0.13856605859058746
PKCI,NCF1_296_308,0.13856605859058746
PKD,NCF1_296_308,0.13856605859058746
VRK2,NCF1_296_308,0.13856605859058746
AKT,NCF1_321_333,0.06237261992594629
BARK1,NCF1_321_333,0.06237261992594629
DMPK,NCF1_321_333,0.06237261992594629
IRAK,NCF1_321_333,0.06237261992594629
PHK,NCF1_321_333,0.06237261992594629
PKA,NCF1_321_333,0.06237261992594629
PKCA,NCF1_321_333,0.06237261992594629
PKCD,NCF1_321_333,0.06237261992594629
QIK,NCF1_321_333,0.06237261992594629
VRK2,NCF1_321_333,0.06237261992594629
BARK1,NEK2_172_184,-0.17955382751735746
CAMK1,NEK2_172_184,-0.17955382751735746
CAMK2,NEK2_172_184,-0.17955382751735746
CDK,NEK2_172_184,-0.17955382751735746
DYRK,NEK2_172_184,-0.17955382751735746
ERK,NEK2_172_184,-0.17955382751735746
FRAY,NEK2_172_184,-0.17955382751735746
LKB,NEK2_172_184,-0.17955382751735746
MELK,NEK2_172_184,-0.17955382751735746
MST,NEK2_172_184,-0.17955382751735746
MTOR,NEK2_172_184,-0.17955382751735746
NEK,NEK2_172_184,-0.17955382751735746
P38,NEK2_172_184,-0.17955382751735746
PDHK,NEK2_172_184,-0.17955382751735746
PDK1,NEK2_172_184,-0.17955382751735746
PEK,NEK2_172_184,-0.17955382751735746
PKCA,NEK2_172_184,-0.17955382751735746
PKCH,NEK2_172_184,-0.17955382751735746
RSK,NEK2_172_184,-0.17955382751735746
STE11,NEK2_172_184,-0.17955382751735746
STE7,NEK2_172_184,-0.17955382751735746
VRK2,NEK2_172_184,-0.17955382751735746
BARK1,NEK3_158_170,-0.01544947008828767
CAMK2,NEK3_158_170,-0.01544947008828767
DYRK,NEK3_158_170,-0.01544947008828767
ERK,NEK3_158_170,-0.01544947008828767
LKB,NEK3_158_170,-0.01544947008828767
MST,NEK3_158_170,-0.01544947008828767
NEK,NEK3_158_170,-0.01544947008828767
PDHK,NEK3_158_170,-0.01544947008828767
PDK1,NEK3_158_170,-0.01544947008828767
PEK,NEK3_158_170,-0.01544947008828767
PKCH,NEK3_158_170,-0.01544947008828767
STE11,NEK3_158_170,-0.01544947008828767
STE7,NEK3_158_170,-0.01544947008828767
VRK2,NEK3_158_170,-0.01544947008828767
BARK1,NFKB1_330_342,-0.1250461990812628
CDK,NFKB1_330_342,-0.1250461990812628
DMPK,NFKB1_330_342,-0.1250461990812628
IKK,NFKB1_330_342,-0.1250461990812628
MAPKAPK,NFKB1_330_342,-0.1250461990812628
PAKA,NFKB1_330_342,-0.1250461990812628
PDHK,NFKB1_330_342,-0.1250461990812628
PEK,NFKB1_330_342,-0.1250461990812628
PIM,NFKB1_330_342,-0.1250461990812628
PKA,NFKB1_330_342,-0.1250461990812628
PKCA,NFKB1_330_342,-0.1250461990812628
PKG,NFKB1_330_342,-0.1250461990812628
PLK,NFKB1_330_342,-0.1250461990812628
STE7,NFKB1_330_342,-0.1250461990812628
VRK2,NFKB1_330_342,-0.1250461990812628
BARK1,NMDZ1_890_902,0.2063331376817352
AKT,NMDZ1_890_902,0.2063331376817352
AMPK,NMDZ1_890_902,0.2063331376817352
AUR,NMDZ1_890_902,0.2063331376817352
CAMK1,NMDZ1_890_902,0.2063331376817352
CDK,NMDZ1_890_902,0.2063331376817352
CHK1,NMDZ1_890_902,0.2063331376817352
DAPK,NMDZ1_890_902,0.2063331376817352
DMPK,NMDZ1_890_902,0.2063331376817352
FRAY,NMDZ1_890_902,0.2063331376817352
GRK,NMDZ1_890_902,0.2063331376817352
IKK,NMDZ1_890_902,0.2063331376817352
MELK,NMDZ1_890_902,0.2063331376817352
MLK,NMDZ1_890_902,0.2063331376817352
MSN,NMDZ1_890_902,0.2063331376817352
MST,NMDZ1_890_902,0.2063331376817352
MTOR,NMDZ1_890_902,0.2063331376817352
PAKA,NMDZ1_890_902,0.2063331376817352
PDHK,NMDZ1_890_902,0.2063331376817352
PDK1,NMDZ1_890_902,0.2063331376817352
PEK,NMDZ1_890_902,0.2063331376817352
PHK,NMDZ1_890_902,0.2063331376817352
PIM,NMDZ1_890_902,0.2063331376817352
PKA,NMDZ1_890_902,0.2063331376817352
PKCA,NMDZ1_890_902,0.2063331376817352
PKCI,NMDZ1_890_902,0.2063331376817352
PKD,NMDZ1_890_902,0.2063331376817352
PKG,NMDZ1_890_902,0.2063331376817352
PLK,NMDZ1_890_902,0.2063331376817352
QIK,NMDZ1_890_902,0.2063331376817352
RAD53,NMDZ1_890_902,0.2063331376817352
RAF,NMDZ1_890_902,0.2063331376817352
RIPK,NMDZ1_890_902,0.2063331376817352
RSK,NMDZ1_890_902,0.2063331376817352
SGK,NMDZ1_890_902,0.2063331376817352
STE7,NMDZ1_890_902,0.2063331376817352
VRK2,NMDZ1_890_902,0.2063331376817352
AKT,NOS3_1171_1183,0.04356679843503149
AMPK,NOS3_1171_1183,0.04356679843503149
BARK1,NOS3_1171_1183,0.04356679843503149
CDK,NOS3_1171_1183,0.04356679843503149
CK1,NOS3_1171_1183,0.04356679843503149
DMPK,NOS3_1171_1183,0.04356679843503149
MELK,NOS3_1171_1183,0.04356679843503149
PDHK,NOS3_1171_1183,0.04356679843503149
PDK1,NOS3_1171_1183,0.04356679843503149
PEK,NOS3_1171_1183,0.04356679843503149
PHK,NOS3_1171_1183,0.04356679843503149
PIM,NOS3_1171_1183,0.04356679843503149
PKA,NOS3_1171_1183,0.04356679843503149
PKCA,NOS3_1171_1183,0.04356679843503149
PKG,NOS3_1171_1183,0.04356679843503149
QIK,NOS3_1171_1183,0.04356679843503149
RAD53,NOS3_1171_1183,0.04356679843503149
RIPK,NOS3_1171_1183,0.04356679843503149
RSK,NOS3_1171_1183,0.04356679843503149
SGK,NOS3_1171_1183,0.04356679843503149
VRK2,NOS3_1171_1183,0.04356679843503149
AKT,NR4A1_344_356,-0.1159190005198664
BARK1,NR4A1_344_356,-0.1159190005198664
CDK,NR4A1_344_356,-0.1159190005198664
DMPK,NR4A1_344_356,-0.1159190005198664
PHK,NR4A1_344_356,-0.1159190005198664
PIM,NR4A1_344_356,-0.1159190005198664
PKA,NR4A1_344_356,-0.1159190005198664
PKCA,NR4A1_344_356,-0.1159190005198664
RAF,NR4A1_344_356,-0.1159190005198664
RSK,NR4A1_344_356,-0.1159190005198664
VRK2,NR4A1_344_356,-0.1159190005198664
AUR,P53_308_323,-0.2608319297052164
BARK1,P53_308_323,-0.2608319297052164
CAMK1,P53_308_323,-0.2608319297052164
CDK,P53_308_323,-0.2608319297052164
DYRK,P53_308_323,-0.2608319297052164
ERK,P53_308_323,-0.2608319297052164
IKK,P53_308_323,-0.2608319297052164
JNK,P53_308_323,-0.2608319297052164
P38,P53_308_323,-0.2608319297052164
PKCA,P53_308_323,-0.2608319297052164
PLK,P53_308_323,-0.2608319297052164
QIK,P53_308_323,-0.2608319297052164
STE7,P53_308_323,-0.2608319297052164
VRK2,P53_308_323,-0.2608319297052164
AUR,PLEK_106_118,0.22832355110051
BARK1,PLEK_106_118,0.22832355110051
CDK,PLEK_106_118,0.22832355110051
CK1,PLEK_106_118,0.22832355110051
DMPK,PLEK_106_118,0.22832355110051
MST,PLEK_106_118,0.22832355110051
PEK,PLEK_106_118,0.22832355110051
PKCA,PLEK_106_118,0.22832355110051
PKCD,PLEK_106_118,0.22832355110051
PKCH,PLEK_106_118,0.22832355110051
PLK,PLEK_106_118,0.22832355110051
VRK2,PLEK_106_118,0.22832355110051
BARK1,PLM_76_88,-0.10950399133906134
CDK,PLM_76_88,-0.10950399133906134
DMPK,PLM_76_88,-0.10950399133906134
IKK,PLM_76_88,-0.10950399133906134
PAKA,PLM_76_88,-0.10950399133906134
PDHK,PLM_76_88,-0.10950399133906134
PDK1,PLM_76_88,-0.10950399133906134
PEK,PLM_76_88,-0.10950399133906134
PIM,PLM_76_88,-0.10950399133906134
PKA,PLM_76_88,-0.10950399133906134
PKCA,PLM_76_88,-0.10950399133906134
PKD,PLM_76_88,-0.10950399133906134
PKG,PLM_76_88,-0.10950399133906134
PLK,PLM_76_88,-0.10950399133906134
RAD53,PLM_76_88,-0.10950399133906134
RIPK,PLM_76_88,-0.10950399133906134
RSK,PLM_76_88,-0.10950399133906134
STE7,PLM_76_88,-0.10950399133906134
VRK2,PLM_76_88,-0.10950399133906134
EGFR,PP2AB_297_309,0.04585638401388954
CSK,PP2AB_297_309,0.04585638401388954
TEC,PP2AB_297_309,0.04585638401388954
PDGFR,PP2AB_297_309,0.04585638401388954
SYK,PP2AB_297_309,0.04585638401388954
AXL,PP2AB_297_309,0.04585638401388954
VEGFR,PP2AB_297_309,0.04585638401388954
BARK1,PP2AB_297_309,0.04585638401388954
BARK2,PP2AB_297_309,0.04585638401388954
CDK,PP2AB_297_309,0.04585638401388954
DYRK,PP2AB_297_309,0.04585638401388954
JNK,PP2AB_297_309,0.04585638401388954
VRK2,PP2AB_297_309,0.04585638401388954
AKT,PPR1A_28_40,-0.2899123871809799
BARK1,PPR1A_28_40,-0.2899123871809799
CDK,PPR1A_28_40,-0.2899123871809799
DAPK,PPR1A_28_40,-0.2899123871809799
DMPK,PPR1A_28_40,-0.2899123871809799
DYRK,PPR1A_28_40,-0.2899123871809799
GSK,PPR1A_28_40,-0.2899123871809799
JNK,PPR1A_28_40,-0.2899123871809799
P38,PPR1A_28_40,-0.2899123871809799
PDK1,PPR1A_28_40,-0.2899123871809799
PEK,PPR1A_28_40,-0.2899123871809799
PHK,PPR1A_28_40,-0.2899123871809799
PKA,PPR1A_28_40,-0.2899123871809799
RSK,PPR1A_28_40,-0.2899123871809799
VRK2,PPR1A_28_40,-0.2899123871809799
ATR,PRKDC_2618_2630,-0.3085130091386521
BARK1,PRKDC_2618_2630,-0.3085130091386521
BARK2,PRKDC_2618_2630,-0.3085130091386521
CK1,PRKDC_2618_2630,-0.3085130091386521
DMPK,PRKDC_2618_2630,-0.3085130091386521
IKK,PRKDC_2618_2630,-0.3085130091386521
MELK,PRKDC_2618_2630,-0.3085130091386521
MLK,PRKDC_2618_2630,-0.3085130091386521
MTOR,PRKDC_2618_2630,-0.3085130091386521
NEK,PRKDC_2618_2630,-0.3085130091386521
P38,PRKDC_2618_2630,-0.3085130091386521
PHK,PRKDC_2618_2630,-0.3085130091386521
PIM,PRKDC_2618_2630,-0.3085130091386521
PKA,PRKDC_2618_2630,-0.3085130091386521
PKCA,PRKDC_2618_2630,-0.3085130091386521
PKG,PRKDC_2618_2630,-0.3085130091386521
PRKDC,PRKDC_2618_2630,-0.3085130091386521
PLK,PRKDC_2618_2630,-0.3085130091386521
QIK,PRKDC_2618_2630,-0.3085130091386521
SGK,PRKDC_2618_2630,-0.3085130091386521
STE7,PRKDC_2618_2630,-0.3085130091386521
VRK2,PRKDC_2618_2630,-0.3085130091386521
AKT,PTK6_436_448,-0.00144526336695468
BARK1,PTK6_436_448,-0.00144526336695468
CAMK1,PTK6_436_448,-0.00144526336695468
CDK,PTK6_436_448,-0.00144526336695468
CK1,PTK6_436_448,-0.00144526336695468
DMPK,PTK6_436_448,-0.00144526336695468
MAPKAPK,PTK6_436_448,-0.00144526336695468
MELK,PTK6_436_448,-0.00144526336695468
P38,PTK6_436_448,-0.00144526336695468
PAKA,PTK6_436_448,-0.00144526336695468
PDHK,PTK6_436_448,-0.00144526336695468
PDK1,PTK6_436_448,-0.00144526336695468
PEK,PTK6_436_448,-0.00144526336695468
PHK,PTK6_436_448,-0.00144526336695468
PIM,PTK6_436_448,-0.00144526336695468
PKA,PTK6_436_448,-0.00144526336695468
PKCA,PTK6_436_448,-0.00144526336695468
PKCD,PTK6_436_448,-0.00144526336695468
PKCI,PTK6_436_448,-0.00144526336695468
PKD,PTK6_436_448,-0.00144526336695468
PKG,PTK6_436_448,-0.00144526336695468
QIK,PTK6_436_448,-0.00144526336695468
RAD53,PTK6_436_448,-0.00144526336695468
RSK,PTK6_436_448,-0.00144526336695468
STE7,PTK6_436_448,-0.00144526336695468
VRK2,PTK6_436_448,-0.00144526336695468
BARK1,PTN12_32_44,0.11687199743584652
CDK,PTN12_32_44,0.11687199743584652
DMPK,PTN12_32_44,0.11687199743584652
FRAY,PTN12_32_44,0.11687199743584652
MAPKAPK,PTN12_32_44,0.11687199743584652
MLK,PTN12_32_44,0.11687199743584652
PAKA,PTN12_32_44,0.11687199743584652
PDHK,PTN12_32_44,0.11687199743584652
PEK,PTN12_32_44,0.11687199743584652
PHK,PTN12_32_44,0.11687199743584652
PIM,PTN12_32_44,0.11687199743584652
PKA,PTN12_32_44,0.11687199743584652
PKCA,PTN12_32_44,0.11687199743584652
PKCD,PTN12_32_44,0.11687199743584652
PKD,PTN12_32_44,0.11687199743584652
PKG,PTN12_32_44,0.11687199743584652
QIK,PTN12_32_44,0.11687199743584652
RAD53,PTN12_32_44,0.11687199743584652
RSK,PTN12_32_44,0.11687199743584652
VRK2,PTN12_32_44,0.11687199743584652
BARK1,RADI_559_569,-0.2882464765727198
COT,RADI_559_569,-0.2882464765727198
DMPK,RADI_559_569,-0.2882464765727198
MSN,RADI_559_569,-0.2882464765727198
MST,RADI_559_569,-0.2882464765727198
PHK,RADI_559_569,-0.2882464765727198
PIM,RADI_559_569,-0.2882464765727198
PKCA,RADI_559_569,-0.2882464765727198
SLK,RADI_559_569,-0.2882464765727198
VRK2,RADI_559_569,-0.2882464765727198
AKT,RAF1_253_265,0.1949370815381772
AMPK,RAF1_253_265,0.1949370815381772
BARK1,RAF1_253_265,0.1949370815381772
CAMK1,RAF1_253_265,0.1949370815381772
CDK,RAF1_253_265,0.1949370815381772
DAPK,RAF1_253_265,0.1949370815381772
DMPK,RAF1_253_265,0.1949370815381772
DYRK,RAF1_253_265,0.1949370815381772
ERK,RAF1_253_265,0.1949370815381772
JNK,RAF1_253_265,0.1949370815381772
MAPKAPK,RAF1_253_265,0.1949370815381772
MARK,RAF1_253_265,0.1949370815381772
NDR,RAF1_253_265,0.1949370815381772
P38,RAF1_253_265,0.1949370815381772
PAKA,RAF1_253_265,0.1949370815381772
PDK1,RAF1_253_265,0.1949370815381772
PHK,RAF1_253_265,0.1949370815381772
PKA,RAF1_253_265,0.1949370815381772
PKCA,RAF1_253_265,0.1949370815381772
QIK,RAF1_253_265,0.1949370815381772
RAF,RAF1_253_265,0.1949370815381772
RIPK,RAF1_253_265,0.1949370815381772
RSK,RAF1_253_265,0.1949370815381772
SGK,RAF1_253_265,0.1949370815381772
VRK2,RAF1_253_265,0.1949370815381772
AKT,RAP1B_172_184,-0.09614259769797684
AMPK,RAP1B_172_184,-0.09614259769797684
BARK1,RAP1B_172_184,-0.09614259769797684
CDK,RAP1B_172_184,-0.09614259769797684
DMPK,RAP1B_172_184,-0.09614259769797684
IKK,RAP1B_172_184,-0.09614259769797684
MAPKAPK,RAP1B_172_184,-0.09614259769797684
PDHK,RAP1B_172_184,-0.09614259769797684
PEK,RAP1B_172_184,-0.09614259769797684
PHK,RAP1B_172_184,-0.09614259769797684
PIM,RAP1B_172_184,-0.09614259769797684
PKA,RAP1B_172_184,-0.09614259769797684
PKCA,RAP1B_172_184,-0.09614259769797684
PKG,RAP1B_172_184,-0.09614259769797684
QIK,RAP1B_172_184,-0.09614259769797684
RAD53,RAP1B_172_184,-0.09614259769797684
RSK,RAP1B_172_184,-0.09614259769797684
VRK2,RAP1B_172_184,-0.09614259769797684
BARK1,RBL2_655_667,0.46046523187690297
CDK,RBL2_655_667,0.46046523187690297
CK1,RBL2_655_667,0.46046523187690297
DMPK,RBL2_655_667,0.46046523187690297
DYRK,RBL2_655_667,0.46046523187690297
ERK,RBL2_655_667,0.46046523187690297
FRAY,RBL2_655_667,0.46046523187690297
GSK,RBL2_655_667,0.46046523187690297
IKK,RBL2_655_667,0.46046523187690297
JNK,RBL2_655_667,0.46046523187690297
MAPKAPK,RBL2_655_667,0.46046523187690297
MELK,RBL2_655_667,0.46046523187690297
MTOR,RBL2_655_667,0.46046523187690297
NEK,RBL2_655_667,0.46046523187690297
P38,RBL2_655_667,0.46046523187690297
PDK1,RBL2_655_667,0.46046523187690297
PEK,RBL2_655_667,0.46046523187690297
PHK,RBL2_655_667,0.46046523187690297
PIM,RBL2_655_667,0.46046523187690297
PKCA,RBL2_655_667,0.46046523187690297
PKD,RBL2_655_667,0.46046523187690297
PLK,RBL2_655_667,0.46046523187690297
QIK,RBL2_655_667,0.46046523187690297
RAD53,RBL2_655_667,0.46046523187690297
RAF,RBL2_655_667,0.46046523187690297
RIPK,RBL2_655_667,0.46046523187690297
STE7,RBL2_655_667,0.46046523187690297
VRK2,RBL2_655_667,0.46046523187690297
BARK1,RB_242_254,-0.3684924555837214
CDK,RB_242_254,-0.3684924555837214
DYRK,RB_242_254,-0.3684924555837214
ERK,RB_242_254,-0.3684924555837214
IRAK,RB_242_254,-0.3684924555837214
P38,RB_242_254,-0.3684924555837214
PDK1,RB_242_254,-0.3684924555837214
PEK,RB_242_254,-0.3684924555837214
PKCA,RB_242_254,-0.3684924555837214
PLK,RB_242_254,-0.3684924555837214
VRK2,RB_242_254,-0.3684924555837214
ATR,RB_350_362,-0.17391033250872923
BARK1,RB_350_362,-0.17391033250872923
CDK,RB_350_362,-0.17391033250872923
DMPK,RB_350_362,-0.17391033250872923
DYRK,RB_350_362,-0.17391033250872923
PDHK,RB_350_362,-0.17391033250872923
PDK1,RB_350_362,-0.17391033250872923
PEK,RB_350_362,-0.17391033250872923
PHK,RB_350_362,-0.17391033250872923
PIM,RB_350_362,-0.17391033250872923
PKCA,RB_350_362,-0.17391033250872923
PRKDC,RB_350_362,-0.17391033250872923
QIK,RB_350_362,-0.17391033250872923
RSK,RB_350_362,-0.17391033250872923
VRK2,RB_350_362,-0.17391033250872923
BARK1,RB_803_815,-0.17296404434601137
CDK,RB_803_815,-0.17296404434601137
CK1,RB_803_815,-0.17296404434601137
DYRK,RB_803_815,-0.17296404434601137
ERK,RB_803_815,-0.17296404434601137
JNK,RB_803_815,-0.17296404434601137
QIK,RB_803_815,-0.17296404434601137
VRK2,RB_803_815,-0.17296404434601137
BARK1,REL_260_272,0.11106532567841695
CDK,REL_260_272,0.11106532567841695
CK1,REL_260_272,0.11106532567841695
DMPK,REL_260_272,0.11106532567841695
MAPKAPK,REL_260_272,0.11106532567841695
MARK,REL_260_272,0.11106532567841695
PAKA,REL_260_272,0.11106532567841695
PEK,REL_260_272,0.11106532567841695
PIM,REL_260_272,0.11106532567841695
PKCA,REL_260_272,0.11106532567841695
PKD,REL_260_272,0.11106532567841695
PKG,REL_260_272,0.11106532567841695
PLK,REL_260_272,0.11106532567841695
RSK,REL_260_272,0.11106532567841695
STE7,REL_260_272,0.11106532567841695
VRK2,REL_260_272,0.11106532567841695
AKT,RS6_228_240,0.03089218723961373
BARK1,RS6_228_240,0.03089218723961373
CAMK1,RS6_228_240,0.03089218723961373
CDK,RS6_228_240,0.03089218723961373
DAPK,RS6_228_240,0.03089218723961373
DMPK,RS6_228_240,0.03089218723961373
IKK,RS6_228_240,0.03089218723961373
MAPKAPK,RS6_228_240,0.03089218723961373
MELK,RS6_228_240,0.03089218723961373
PAKA,RS6_228_240,0.03089218723961373
PASK,RS6_228_240,0.03089218723961373
PDHK,RS6_228_240,0.03089218723961373
PEK,RS6_228_240,0.03089218723961373
PHK,RS6_228_240,0.03089218723961373
PIM,RS6_228_240,0.03089218723961373
PKA,RS6_228_240,0.03089218723961373
PKCA,RS6_228_240,0.03089218723961373
PKCD,RS6_228_240,0.03089218723961373
PKCI,RS6_228_240,0.03089218723961373
PKD,RS6_228_240,0.03089218723961373
PKG,RS6_228_240,0.03089218723961373
QIK,RS6_228_240,0.03089218723961373
RIPK,RS6_228_240,0.03089218723961373
RSK,RS6_228_240,0.03089218723961373
SGK,RS6_228_240,0.03089218723961373
VRK2,RS6_228_240,0.03089218723961373
BARK1,RYR1_4317_4329,0.2234374711170292
DMPK,RYR1_4317_4329,0.2234374711170292
PHK,RYR1_4317_4329,0.2234374711170292
PIM,RYR1_4317_4329,0.2234374711170292
PKA,RYR1_4317_4329,0.2234374711170292
PKCA,RYR1_4317_4329,0.2234374711170292
PKCH,RYR1_4317_4329,0.2234374711170292
PKG,RYR1_4317_4329,0.2234374711170292
RSK,RYR1_4317_4329,0.2234374711170292
VRK2,RYR1_4317_4329,0.2234374711170292
BARK1,SCN7A_898_910,-0.07761724151659907
DMPK,SCN7A_898_910,-0.07761724151659907
HAL,SCN7A_898_910,-0.07761724151659907
IKK,SCN7A_898_910,-0.07761724151659907
PHK,SCN7A_898_910,-0.07761724151659907
PKA,SCN7A_898_910,-0.07761724151659907
PKCA,SCN7A_898_910,-0.07761724151659907
PKG,SCN7A_898_910,-0.07761724151659907
RIPK,SCN7A_898_910,-0.07761724151659907
RSK,SCN7A_898_910,-0.07761724151659907
VRK2,SCN7A_898_910,-0.07761724151659907
AUR,STK6_283_295,-0.05420130937117484
BARK1,STK6_283_295,-0.05420130937117484
CAMK1,STK6_283_295,-0.05420130937117484
CAMK2,STK6_283_295,-0.05420130937117484
CDK,STK6_283_295,-0.05420130937117484
DMPK,STK6_283_295,-0.05420130937117484
FRAY,STK6_283_295,-0.05420130937117484
IKK,STK6_283_295,-0.05420130937117484
IRAK,STK6_283_295,-0.05420130937117484
LKB,STK6_283_295,-0.05420130937117484
MELK,STK6_283_295,-0.05420130937117484
MLK,STK6_283_295,-0.05420130937117484
MTOR,STK6_283_295,-0.05420130937117484
NDR,STK6_283_295,-0.05420130937117484
NEK,STK6_283_295,-0.05420130937117484
PAKA,STK6_283_295,-0.05420130937117484
PDHK,STK6_283_295,-0.05420130937117484
PDK1,STK6_283_295,-0.05420130937117484
PEK,STK6_283_295,-0.05420130937117484
PHK,STK6_283_295,-0.05420130937117484
PKA,STK6_283_295,-0.05420130937117484
PKCA,STK6_283_295,-0.05420130937117484
PKCD,STK6_283_295,-0.05420130937117484
PLK,STK6_283_295,-0.05420130937117484
PRKDC,STK6_283_295,-0.05420130937117484
QIK,STK6_283_295,-0.05420130937117484
RAD53,STK6_283_295,-0.05420130937117484
RSK,STK6_283_295,-0.05420130937117484
STE7,STK6_283_295,-0.05420130937117484
VRK2,STK6_283_295,-0.05420130937117484
AKT,TAU_524_536,-0.15721518400665097
BARK1,TAU_524_536,-0.15721518400665097
CAMK1,TAU_524_536,-0.15721518400665097
CDK,TAU_524_536,-0.15721518400665097
DMPK,TAU_524_536,-0.15721518400665097
DYRK,TAU_524_536,-0.15721518400665097
ERK,TAU_524_536,-0.15721518400665097
GRK,TAU_524_536,-0.15721518400665097
GSK,TAU_524_536,-0.15721518400665097
IKK,TAU_524_536,-0.15721518400665097
JNK,TAU_524_536,-0.15721518400665097
MAPKAPK,TAU_524_536,-0.15721518400665097
MELK,TAU_524_536,-0.15721518400665097
MTOR,TAU_524_536,-0.15721518400665097
P38,TAU_524_536,-0.15721518400665097
PDK1,TAU_524_536,-0.15721518400665097
PEK,TAU_524_536,-0.15721518400665097
PHK,TAU_524_536,-0.15721518400665097
PIM,TAU_524_536,-0.15721518400665097
PKA,TAU_524_536,-0.15721518400665097
PKCA,TAU_524_536,-0.15721518400665097
PKD,TAU_524_536,-0.15721518400665097
PLK,TAU_524_536,-0.15721518400665097
QIK,TAU_524_536,-0.15721518400665097
RAF,TAU_524_536,-0.15721518400665097
RIPK,TAU_524_536,-0.15721518400665097
RSK,TAU_524_536,-0.15721518400665097
SGK,TAU_524_536,-0.15721518400665097
STE11,TAU_524_536,-0.15721518400665097
VRK2,TAU_524_536,-0.15721518400665097
AKT,TOP2A_1463_1475,0.02188667476659667
BARK1,TOP2A_1463_1475,0.02188667476659667
CDK,TOP2A_1463_1475,0.02188667476659667
CK1,TOP2A_1463_1475,0.02188667476659667
CK2,TOP2A_1463_1475,0.02188667476659667
DAPK,TOP2A_1463_1475,0.02188667476659667
DMPK,TOP2A_1463_1475,0.02188667476659667
IKK,TOP2A_1463_1475,0.02188667476659667
MLK,TOP2A_1463_1475,0.02188667476659667
NEK,TOP2A_1463_1475,0.02188667476659667
PAKA,TOP2A_1463_1475,0.02188667476659667
PEK,TOP2A_1463_1475,0.02188667476659667
PHK,TOP2A_1463_1475,0.02188667476659667
PIM,TOP2A_1463_1475,0.02188667476659667
PKA,TOP2A_1463_1475,0.02188667476659667
PKCA,TOP2A_1463_1475,0.02188667476659667
PKG,TOP2A_1463_1475,0.02188667476659667
PLK,TOP2A_1463_1475,0.02188667476659667
QIK,TOP2A_1463_1475,0.02188667476659667
RAD53,TOP2A_1463_1475,0.02188667476659667
RIPK,TOP2A_1463_1475,0.02188667476659667
RSK,TOP2A_1463_1475,0.02188667476659667
VRK2,TOP2A_1463_1475,0.02188667476659667
BARK1,TY3H_65_77,0.13723650474066734
CAMK2,TY3H_65_77,0.13723650474066734
MAPKAPK,TY3H_65_77,0.13723650474066734
PHK,TY3H_65_77,0.13723650474066734
PIM,TY3H_65_77,0.13723650474066734
PKA,TY3H_65_77,0.13723650474066734
PKCA,TY3H_65_77,0.13723650474066734
PKG,TY3H_65_77,0.13723650474066734
QIK,TY3H_65_77,0.13723650474066734
RIPK,TY3H_65_77,0.13723650474066734
RSK,TY3H_65_77,0.13723650474066734
VRK2,TY3H_65_77,0.13723650474066734
BARK1,VASP_150_162,-0.06108653172951683
DMPK,VASP_150_162,-0.06108653172951683
PHK,VASP_150_162,-0.06108653172951683
PIM,VASP_150_162,-0.06108653172951683
PKA,VASP_150_162,-0.06108653172951683
PKCA,VASP_150_162,-0.06108653172951683
PKD,VASP_150_162,-0.06108653172951683
PKG,VASP_150_162,-0.06108653172951683
RIPK,VASP_150_162,-0.06108653172951683
RSK,VASP_150_162,-0.06108653172951683
VRK2,VASP_150_162,-0.06108653172951683
BARK1,VASP_232_244,-0.03298188917461431
CDK,VASP_232_244,-0.03298188917461431
DMPK,VASP_232_244,-0.03298188917461431
IKK,VASP_232_244,-0.03298188917461431
MAPKAPK,VASP_232_244,-0.03298188917461431
PHK,VASP_232_244,-0.03298188917461431
PIM,VASP_232_244,-0.03298188917461431
PKA,VASP_232_244,-0.03298188917461431
PKCA,VASP_232_244,-0.03298188917461431
PKCH,VASP_232_244,-0.03298188917461431
PKD,VASP_232_244,-0.03298188917461431
PKG,VASP_232_244,-0.03298188917461431
RIPK,VASP_232_244,-0.03298188917461431
RSK,VASP_232_244,-0.03298188917461431
VRK2,VASP_232_244,-0.03298188917461431
AKT,VASP_271_283,0.07680083547384134
ATR,VASP_271_283,0.07680083547384134
AMPK,VASP_271_283,0.07680083547384134
BARK1,VASP_271_283,0.07680083547384134
DMPK,VASP_271_283,0.07680083547384134
IKK,VASP_271_283,0.07680083547384134
PAKA,VASP_271_283,0.07680083547384134
PHK,VASP_271_283,0.07680083547384134
PIM,VASP_271_283,0.07680083547384134
PKA,VASP_271_283,0.07680083547384134
PKG,VASP_271_283,0.07680083547384134
RIPK,VASP_271_283,0.07680083547384134
RSK,VASP_271_283,0.07680083547384134
VRK2,VASP_271_283,0.07680083547384134
AKT,VTNC_390_402,-0.04215589168870912
BARK1,VTNC_390_402,-0.04215589168870912
CDK,VTNC_390_402,-0.04215589168870912
DAPK,VTNC_390_402,-0.04215589168870912
DMPK,VTNC_390_402,-0.04215589168870912
PDHK,VTNC_390_402,-0.04215589168870912
PEK,VTNC_390_402,-0.04215589168870912
PHK,VTNC_390_402,-0.04215589168870912
PKA,VTNC_390_402,-0.04215589168870912
PKCA,VTNC_390_402,-0.04215589168870912
QIK,VTNC_390_402,-0.04215589168870912
RIPK,VTNC_390_402,-0.04215589168870912
RSK,VTNC_390_402,-0.04215589168870912
SGK,VTNC_390_402,-0.04215589168870912
VRK2,VTNC_390_402,-0.04215589168870912
BARK1,ACM1_444_456,-0.19522656890430465
CDK,ACM1_444_456,-0.19522656890430465
CK1,ACM1_444_456,-0.19522656890430465
DAPK,ACM1_444_456,-0.19522656890430465
DMPK,ACM1_444_456,-0.19522656890430465
DYRK,ACM1_444_456,-0.19522656890430465
ERK,ACM1_444_456,-0.19522656890430465
GSK,ACM1_444_456,-0.19522656890430465
IRAK,ACM1_444_456,-0.19522656890430465
JNK,ACM1_444_456,-0.19522656890430465
MLCK,ACM1_444_456,-0.19522656890430465
P38,ACM1_444_456,-0.19522656890430465
PDK1,ACM1_444_456,-0.19522656890430465
PEK,ACM1_444_456,-0.19522656890430465
PHK,ACM1_444_456,-0.19522656890430465
PIM,ACM1_444_456,-0.19522656890430465
PKCA,ACM1_444_456,-0.19522656890430465
RSK,ACM1_444_456,-0.19522656890430465
VRK2,ACM1_444_456,-0.19522656890430465
BARK1,ACM4_456_468,-0.10469840930917464
FRAY,ACM4_456_468,-0.10469840930917464
MELK,ACM4_456_468,-0.10469840930917464
PDHK,ACM4_456_468,-0.10469840930917464
PDK1,ACM4_456_468,-0.10469840930917464
PIM,ACM4_456_468,-0.10469840930917464
PKCA,ACM4_456_468,-0.10469840930917464
PKCH,ACM4_456_468,-0.10469840930917464
VRK2,ACM4_456_468,-0.10469840930917464
BARK1,ADDB_696_708,-0.3650149108456959
CDK,ADDB_696_708,-0.3650149108456959
CK1,ADDB_696_708,-0.3650149108456959
DMPK,ADDB_696_708,-0.3650149108456959
DYRK,ADDB_696_708,-0.3650149108456959
ERK,ADDB_696_708,-0.3650149108456959
GSK,ADDB_696_708,-0.3650149108456959
IKK,ADDB_696_708,-0.3650149108456959
JNK,ADDB_696_708,-0.3650149108456959
MELK,ADDB_696_708,-0.3650149108456959
MST,ADDB_696_708,-0.3650149108456959
NEK,ADDB_696_708,-0.3650149108456959
P38,ADDB_696_708,-0.3650149108456959
PDK1,ADDB_696_708,-0.3650149108456959
PEK,ADDB_696_708,-0.3650149108456959
PKCA,ADDB_696_708,-0.3650149108456959
PKCH,ADDB_696_708,-0.3650149108456959
PLK,ADDB_696_708,-0.3650149108456959
QIK,ADDB_696_708,-0.3650149108456959
RIPK,ADDB_696_708,-0.3650149108456959
STE7,ADDB_696_708,-0.3650149108456959
VRK1,ADDB_696_708,-0.3650149108456959
VRK2,ADDB_696_708,-0.3650149108456959
BARK1,ADDB_706_718,0.14717537322662633
CDK,ADDB_706_718,0.14717537322662633
CHK1,ADDB_706_718,0.14717537322662633
DMPK,ADDB_706_718,0.14717537322662633
DYRK,ADDB_706_718,0.14717537322662633
ERK,ADDB_706_718,0.14717537322662633
JNK,ADDB_706_718,0.14717537322662633
MAPKAPK,ADDB_706_718,0.14717537322662633
MST,ADDB_706_718,0.14717537322662633
NEK,ADDB_706_718,0.14717537322662633
P38,ADDB_706_718,0.14717537322662633
PAKA,ADDB_706_718,0.14717537322662633
PDHK,ADDB_706_718,0.14717537322662633
PDK1,ADDB_706_718,0.14717537322662633
PEK,ADDB_706_718,0.14717537322662633
PHK,ADDB_706_718,0.14717537322662633
PIM,ADDB_706_718,0.14717537322662633
PKCA,ADDB_706_718,0.14717537322662633
PLK,ADDB_706_718,0.14717537322662633
RAD53,ADDB_706_718,0.14717537322662633
RSK,ADDB_706_718,0.14717537322662633
VRK2,ADDB_706_718,0.14717537322662633
AKT,ADRB2_338_350,-0.05579148890482433
BARK1,ADRB2_338_350,-0.05579148890482433
CAMK1,ADRB2_338_350,-0.05579148890482433
CDK,ADRB2_338_350,-0.05579148890482433
CHK1,ADRB2_338_350,-0.05579148890482433
DMPK,ADRB2_338_350,-0.05579148890482433
GRK,ADRB2_338_350,-0.05579148890482433
PAKA,ADRB2_338_350,-0.05579148890482433
PKA,ADRB2_338_350,-0.05579148890482433
PKCA,ADRB2_338_350,-0.05579148890482433
PKCI,ADRB2_338_350,-0.05579148890482433
PKG,ADRB2_338_350,-0.05579148890482433
RAD53,ADRB2_338_350,-0.05579148890482433
RSK,ADRB2_338_350,-0.05579148890482433
VRK2,ADRB2_338_350,-0.05579148890482433
AKT,ANDR_785_797,0.25802163216803553
ATR,ANDR_785_797,0.25802163216803553
BARK1,ANDR_785_797,0.25802163216803553
DMPK,ANDR_785_797,0.25802163216803553
PHK,ANDR_785_797,0.25802163216803553
PIM,ANDR_785_797,0.25802163216803553
PKA,ANDR_785_797,0.25802163216803553
PKD,ANDR_785_797,0.25802163216803553
RAF,ANDR_785_797,0.25802163216803553
RSK,ANDR_785_797,0.25802163216803553
VRK2,ANDR_785_797,0.25802163216803553
AKT,ANXA1_209_221,0.16355191874255195
BARK1,ANXA1_209_221,0.16355191874255195
DMPK,ANXA1_209_221,0.16355191874255195
PHK,ANXA1_209_221,0.16355191874255195
PKA,ANXA1_209_221,0.16355191874255195
PKCA,ANXA1_209_221,0.16355191874255195
PKG,ANXA1_209_221,0.16355191874255195
RSK,ANXA1_209_221,0.16355191874255195
VRK2,ANXA1_209_221,0.16355191874255195
AMPK,BAD_112_124,0.14854051952786868
BARK1,BAD_112_124,0.14854051952786868
CK1,BAD_112_124,0.14854051952786868
DMPK,BAD_112_124,0.14854051952786868
FRAY,BAD_112_124,0.14854051952786868
IRAK,BAD_112_124,0.14854051952786868
NEK,BAD_112_124,0.14854051952786868
PAKA,BAD_112_124,0.14854051952786868
PDHK,BAD_112_124,0.14854051952786868
PEK,BAD_112_124,0.14854051952786868
PHK,BAD_112_124,0.14854051952786868
PIM,BAD_112_124,0.14854051952786868
PKA,BAD_112_124,0.14854051952786868
PKCA,BAD_112_124,0.14854051952786868
PKCI,BAD_112_124,0.14854051952786868
PKD,BAD_112_124,0.14854051952786868
PKG,BAD_112_124,0.14854051952786868
QIK,BAD_112_124,0.14854051952786868
RAF,BAD_112_124,0.14854051952786868
RSK,BAD_112_124,0.14854051952786868
STE7,BAD_112_124,0.14854051952786868
VRK2,BAD_112_124,0.14854051952786868
AKT,BAD_69_81,-0.16705821657101289
BARK1,BAD_69_81,-0.16705821657101289
CDK,BAD_69_81,-0.16705821657101289
DMPK,BAD_69_81,-0.16705821657101289
ERK,BAD_69_81,-0.16705821657101289
MELK,BAD_69_81,-0.16705821657101289
MTOR,BAD_69_81,-0.16705821657101289
PAKA,BAD_69_81,-0.16705821657101289
PAKB,BAD_69_81,-0.16705821657101289
PDHK,BAD_69_81,-0.16705821657101289
PDK1,BAD_69_81,-0.16705821657101289
PEK,BAD_69_81,-0.16705821657101289
PHK,BAD_69_81,-0.16705821657101289
PIM,BAD_69_81,-0.16705821657101289
PKA,BAD_69_81,-0.16705821657101289
PKCA,BAD_69_81,-0.16705821657101289
PKCI,BAD_69_81,-0.16705821657101289
PKD,BAD_69_81,-0.16705821657101289
PKG,BAD_69_81,-0.16705821657101289
QIK,BAD_69_81,-0.16705821657101289
RAD53,BAD_69_81,-0.16705821657101289
RAF,BAD_69_81,-0.16705821657101289
RSK,BAD_69_81,-0.16705821657101289
SGK,BAD_69_81,-0.16705821657101289
VRK2,BAD_69_81,-0.16705821657101289
AKT,BAD_93_105,-0.02274082502375694
BARK1,BAD_93_105,-0.02274082502375694
DMPK,BAD_93_105,-0.02274082502375694
MAPKAPK,BAD_93_105,-0.02274082502375694
PAKA,BAD_93_105,-0.02274082502375694
PHK,BAD_93_105,-0.02274082502375694
PIM,BAD_93_105,-0.02274082502375694
PKA,BAD_93_105,-0.02274082502375694
PKCA,BAD_93_105,-0.02274082502375694
PKCI,BAD_93_105,-0.02274082502375694
PKD,BAD_93_105,-0.02274082502375694
PKG,BAD_93_105,-0.02274082502375694
QIK,BAD_93_105,-0.02274082502375694
RAF,BAD_93_105,-0.02274082502375694
RSK,BAD_93_105,-0.02274082502375694
SGK,BAD_93_105,-0.02274082502375694
VRK2,BAD_93_105,-0.02274082502375694
AKT,BCKD_45_57,0.03742785618462698
BARK1,BCKD_45_57,0.03742785618462698
CDK,BCKD_45_57,0.03742785618462698
DMPK,BCKD_45_57,0.03742785618462698
FRAY,BCKD_45_57,0.03742785618462698
GRK,BCKD_45_57,0.03742785618462698
IKK,BCKD_45_57,0.03742785618462698
MAPKAPK,BCKD_45_57,0.03742785618462698
MELK,BCKD_45_57,0.03742785618462698
MLCK,BCKD_45_57,0.03742785618462698
MST,BCKD_45_57,0.03742785618462698
PAKA,BCKD_45_57,0.03742785618462698
PDHK,BCKD_45_57,0.03742785618462698
PDK1,BCKD_45_57,0.03742785618462698
PEK,BCKD_45_57,0.03742785618462698
PHK,BCKD_45_57,0.03742785618462698
PIM,BCKD_45_57,0.03742785618462698
PKA,BCKD_45_57,0.03742785618462698
PKCA,BCKD_45_57,0.03742785618462698
PKG,BCKD_45_57,0.03742785618462698
PLK,BCKD_45_57,0.03742785618462698
QIK,BCKD_45_57,0.03742785618462698
RSK,BCKD_45_57,0.03742785618462698
SGK,BCKD_45_57,0.03742785618462698
STE7,BCKD_45_57,0.03742785618462698
VRK2,BCKD_45_57,0.03742785618462698
BARK1,CAC1C_1974_1986,-0.04409819130209917
CAMK1,CAC1C_1974_1986,-0.04409819130209917
MAPKAPK,CAC1C_1974_1986,-0.04409819130209917
PDHK,CAC1C_1974_1986,-0.04409819130209917
PHK,CAC1C_1974_1986,-0.04409819130209917
PIM,CAC1C_1974_1986,-0.04409819130209917
PKCA,CAC1C_1974_1986,-0.04409819130209917
PKD,CAC1C_1974_1986,-0.04409819130209917
PKG,CAC1C_1974_1986,-0.04409819130209917
QIK,CAC1C_1974_1986,-0.04409819130209917
RAD53,CAC1C_1974_1986,-0.04409819130209917
RIPK,CAC1C_1974_1986,-0.04409819130209917
RSK,CAC1C_1974_1986,-0.04409819130209917
VRK2,CAC1C_1974_1986,-0.04409819130209917
AKT,CD27_212_224,-0.04223304659451769
BARK1,CD27_212_224,-0.04223304659451769
CDK,CD27_212_224,-0.04223304659451769
DMPK,CD27_212_224,-0.04223304659451769
ERK,CD27_212_224,-0.04223304659451769
IKK,CD27_212_224,-0.04223304659451769
JNK,CD27_212_224,-0.04223304659451769
P38,CD27_212_224,-0.04223304659451769
PDHK,CD27_212_224,-0.04223304659451769
PEK,CD27_212_224,-0.04223304659451769
PHK,CD27_212_224,-0.04223304659451769
PIM,CD27_212_224,-0.04223304659451769
PKCA,CD27_212_224,-0.04223304659451769
PKD,CD27_212_224,-0.04223304659451769
QIK,CD27_212_224,-0.04223304659451769
RSK,CD27_212_224,-0.04223304659451769
VRK2,CD27_212_224,-0.04223304659451769
BARK1,CDC2_154_169,-0.240878095721226
CDK,CDC2_154_169,-0.240878095721226
COT,CDC2_154_169,-0.240878095721226
PEK,CDC2_154_169,-0.240878095721226
PKG,CDC2_154_169,-0.240878095721226
RSK,CDC2_154_169,-0.240878095721226
STE7,CDC2_154_169,-0.240878095721226
VRK2,CDC2_154_169,-0.240878095721226
BARK1,CDK7_163_175,0.06493470535496085
CDK,CDK7_163_175,0.06493470535496085
DMPK,CDK7_163_175,0.06493470535496085
DYRK,CDK7_163_175,0.06493470535496085
FRAY,CDK7_163_175,0.06493470535496085
JNK,CDK7_163_175,0.06493470535496085
MAPKAPK,CDK7_163_175,0.06493470535496085
MST,CDK7_163_175,0.06493470535496085
MTOR,CDK7_163_175,0.06493470535496085
P38,CDK7_163_175,0.06493470535496085
PDK1,CDK7_163_175,0.06493470535496085
PEK,CDK7_163_175,0.06493470535496085
PHK,CDK7_163_175,0.06493470535496085
PIM,CDK7_163_175,0.06493470535496085
PKCA,CDK7_163_175,0.06493470535496085
PKCI,CDK7_163_175,0.06493470535496085
PRKDC,CDK7_163_175,0.06493470535496085
QIK,CDK7_163_175,0.06493470535496085
STE7,CDK7_163_175,0.06493470535496085
VRK2,CDK7_163_175,0.06493470535496085
AKT,CDN1A_139_151,0.02401099267822282
BARK1,CDN1A_139_151,0.02401099267822282
CDK,CDN1A_139_151,0.02401099267822282
DAPK,CDN1A_139_151,0.02401099267822282
DMPK,CDN1A_139_151,0.02401099267822282
IKK,CDN1A_139_151,0.02401099267822282
MELK,CDN1A_139_151,0.02401099267822282
NDR,CDN1A_139_151,0.02401099267822282
PEK,CDN1A_139_151,0.02401099267822282
PHK,CDN1A_139_151,0.02401099267822282
PIM,CDN1A_139_151,0.02401099267822282
PKCA,CDN1A_139_151,0.02401099267822282
PKD,CDN1A_139_151,0.02401099267822282
RIPK,CDN1A_139_151,0.02401099267822282
RSK,CDN1A_139_151,0.02401099267822282
STE7,CDN1A_139_151,0.02401099267822282
VRK2,CDN1A_139_151,0.02401099267822282
AUR,CENPA_1_14,0.08433670874332695
BARK1,CENPA_1_14,0.08433670874332695
DMPK,CENPA_1_14,0.08433670874332695
MAPKAPK,CENPA_1_14,0.08433670874332695
PIM,CENPA_1_14,0.08433670874332695
PKCA,CENPA_1_14,0.08433670874332695
PKG,CENPA_1_14,0.08433670874332695
VRK2,CENPA_1_14,0.08433670874332695
AMPK,CFTR_730_742,-0.05915225564898859
BARK1,CFTR_730_742,-0.05915225564898859
CAMK2,CFTR_730_742,-0.05915225564898859
CDK,CFTR_730_742,-0.05915225564898859
DAPK,CFTR_730_742,-0.05915225564898859
DYRK,CFTR_730_742,-0.05915225564898859
GRK,CFTR_730_742,-0.05915225564898859
IKK,CFTR_730_742,-0.05915225564898859
MAPKAPK,CFTR_730_742,-0.05915225564898859
PAKA,CFTR_730_742,-0.05915225564898859
PDHK,CFTR_730_742,-0.05915225564898859
PEK,CFTR_730_742,-0.05915225564898859
PHK,CFTR_730_742,-0.05915225564898859
PKA,CFTR_730_742,-0.05915225564898859
PKCA,CFTR_730_742,-0.05915225564898859
PKD,CFTR_730_742,-0.05915225564898859
PKG,CFTR_730_742,-0.05915225564898859
QIK,CFTR_730_742,-0.05915225564898859
RAD53,CFTR_730_742,-0.05915225564898859
RSK,CFTR_730_742,-0.05915225564898859
VRK2,CFTR_730_742,-0.05915225564898859
AKT,CGHB_109_121,0.09314972573574418
BARK1,CGHB_109_121,0.09314972573574418
CAMK2,CGHB_109_121,0.09314972573574418
DMPK,CGHB_109_121,0.09314972573574418
IKK,CGHB_109_121,0.09314972573574418
MTOR,CGHB_109_121,0.09314972573574418
PDHK,CGHB_109_121,0.09314972573574418
PDK1,CGHB_109_121,0.09314972573574418
PEK,CGHB_109_121,0.09314972573574418
PKA,CGHB_109_121,0.09314972573574418
PKCA,CGHB_109_121,0.09314972573574418
PKG,CGHB_109_121,0.09314972573574418
RSK,CGHB_109_121,0.09314972573574418
VRK2,CGHB_109_121,0.09314972573574418
AMPK,CREB1_126_138,0.1977483770431192
ATM,CREB1_126_138,0.1977483770431192
BARK1,CREB1_126_138,0.1977483770431192
CAMK1,CREB1_126_138,0.1977483770431192
CAMK2,CREB1_126_138,0.1977483770431192
COT,CREB1_126_138,0.1977483770431192
DMPK,CREB1_126_138,0.1977483770431192
DYRK,CREB1_126_138,0.1977483770431192
GSK,CREB1_126_138,0.1977483770431192
MAPKAPK,CREB1_126_138,0.1977483770431192
PDHK,CREB1_126_138,0.1977483770431192
PHK,CREB1_126_138,0.1977483770431192
PIM,CREB1_126_138,0.1977483770431192
PKA,CREB1_126_138,0.1977483770431192
PKCA,CREB1_126_138,0.1977483770431192
PKCD,CREB1_126_138,0.1977483770431192
PKCH,CREB1_126_138,0.1977483770431192
PKD,CREB1_126_138,0.1977483770431192
QIK,CREB1_126_138,0.1977483770431192
RAD53,CREB1_126_138,0.1977483770431192
RSK,CREB1_126_138,0.1977483770431192
SGK,CREB1_126_138,0.1977483770431192
VRK2,CREB1_126_138,0.1977483770431192
AMPK,CSF1R_701_713,0.0944771458216452
BARK1,CSF1R_701_713,0.0944771458216452
CDK,CSF1R_701_713,0.0944771458216452
CK1,CSF1R_701_713,0.0944771458216452
DMPK,CSF1R_701_713,0.0944771458216452
PDHK,CSF1R_701_713,0.0944771458216452
PEK,CSF1R_701_713,0.0944771458216452
PIM,CSF1R_701_713,0.0944771458216452
PKA,CSF1R_701_713,0.0944771458216452
PKCA,CSF1R_701_713,0.0944771458216452
PKG,CSF1R_701_713,0.0944771458216452
RSK,CSF1R_701_713,0.0944771458216452
VRK2,CSF1R_701_713,0.0944771458216452
AMPK,DESP_2842_2854,-0.14560539303417208
BARK1,DESP_2842_2854,-0.14560539303417208
CAMK1,DESP_2842_2854,-0.14560539303417208
CDK,DESP_2842_2854,-0.14560539303417208
CK1,DESP_2842_2854,-0.14560539303417208
DMPK,DESP_2842_2854,-0.14560539303417208
GSK,DESP_2842_2854,-0.14560539303417208
IKK,DESP_2842_2854,-0.14560539303417208
MAPKAPK,DESP_2842_2854,-0.14560539303417208
P38,DESP_2842_2854,-0.14560539303417208
PDHK,DESP_2842_2854,-0.14560539303417208
PDK1,DESP_2842_2854,-0.14560539303417208
PEK,DESP_2842_2854,-0.14560539303417208
PHK,DESP_2842_2854,-0.14560539303417208
PIM,DESP_2842_2854,-0.14560539303417208
PKA,DESP_2842_2854,-0.14560539303417208
PKCA,DESP_2842_2854,-0.14560539303417208
PKG,DESP_2842_2854,-0.14560539303417208
QIK,DESP_2842_2854,-0.14560539303417208
RIPK,DESP_2842_2854,-0.14560539303417208
RSK,DESP_2842_2854,-0.14560539303417208
SGK,DESP_2842_2854,-0.14560539303417208
STE11,DESP_2842_2854,-0.14560539303417208
STE7,DESP_2842_2854,-0.14560539303417208
VRK2,DESP_2842_2854,-0.14560539303417208
BARK1,EPB42_241_253,-0.12472035776779104
DMPK,EPB42_241_253,-0.12472035776779104
PHK,EPB42_241_253,-0.12472035776779104
PIM,EPB42_241_253,-0.12472035776779104
PKA,EPB42_241_253,-0.12472035776779104
PKCA,EPB42_241_253,-0.12472035776779104
PKG,EPB42_241_253,-0.12472035776779104
RAD53,EPB42_241_253,-0.12472035776779104
RSK,EPB42_241_253,-0.12472035776779104
VRK2,EPB42_241_253,-0.12472035776779104
BARK1,ERBB2_679_691,0.17914582214113456
DMPK,ERBB2_679_691,0.17914582214113456
PHK,ERBB2_679_691,0.17914582214113456
PIM,ERBB2_679_691,0.17914582214113456
PKA,ERBB2_679_691,0.17914582214113456
PKCA,ERBB2_679_691,0.17914582214113456
PKCD,ERBB2_679_691,0.17914582214113456
PKCH,ERBB2_679_691,0.17914582214113456
PKG,ERBB2_679_691,0.17914582214113456
RSK,ERBB2_679_691,0.17914582214113456
VRK2,ERBB2_679_691,0.17914582214113456
BARK1,ERF_519_531,0.04249450573688811
CDK,ERF_519_531,0.04249450573688811
CHK1,ERF_519_531,0.04249450573688811
DAPK,ERF_519_531,0.04249450573688811
DMPK,ERF_519_531,0.04249450573688811
DYRK,ERF_519_531,0.04249450573688811
ERK,ERF_519_531,0.04249450573688811
IRAK,ERF_519_531,0.04249450573688811
MST,ERF_519_531,0.04249450573688811
P38,ERF_519_531,0.04249450573688811
PDK1,ERF_519_531,0.04249450573688811
PEK,ERF_519_531,0.04249450573688811
PIM,ERF_519_531,0.04249450573688811
PKA,ERF_519_531,0.04249450573688811
PKCA,ERF_519_531,0.04249450573688811
PKG,ERF_519_531,0.04249450573688811
RAD53,ERF_519_531,0.04249450573688811
RSK,ERF_519_531,0.04249450573688811
VRK2,ERF_519_531,0.04249450573688811
AKT,ESR1_160_172,0.04348991937797386
AUR,ESR1_160_172,0.04348991937797386
BARK1,ESR1_160_172,0.04348991937797386
CK2,ESR1_160_172,0.04348991937797386
DMPK,ESR1_160_172,0.04348991937797386
IKK,ESR1_160_172,0.04348991937797386
PEK,ESR1_160_172,0.04348991937797386
PHK,ESR1_160_172,0.04348991937797386
PIM,ESR1_160_172,0.04348991937797386
PKCA,ESR1_160_172,0.04348991937797386
RSK,ESR1_160_172,0.04348991937797386
STE11,ESR1_160_172,0.04348991937797386
STE7,ESR1_160_172,0.04348991937797386
VRK2,ESR1_160_172,0.04348991937797386
BARK1,FIBA_569_581,-0.15668796260484924
CDK,FIBA_569_581,-0.15668796260484924
CK1,FIBA_569_581,-0.15668796260484924
DAPK,FIBA_569_581,-0.15668796260484924
DMPK,FIBA_569_581,-0.15668796260484924
ERK,FIBA_569_581,-0.15668796260484924
GSK,FIBA_569_581,-0.15668796260484924
HAL,FIBA_569_581,-0.15668796260484924
IKK,FIBA_569_581,-0.15668796260484924
JNK,FIBA_569_581,-0.15668796260484924
MLCK,FIBA_569_581,-0.15668796260484924
MST,FIBA_569_581,-0.15668796260484924
PDHK,FIBA_569_581,-0.15668796260484924
PEK,FIBA_569_581,-0.15668796260484924
PHK,FIBA_569_581,-0.15668796260484924
PIM,FIBA_569_581,-0.15668796260484924
PKA,FIBA_569_581,-0.15668796260484924
PKCA,FIBA_569_581,-0.15668796260484924
PKG,FIBA_569_581,-0.15668796260484924
PLK,FIBA_569_581,-0.15668796260484924
QIK,FIBA_569_581,-0.15668796260484924
RAF,FIBA_569_581,-0.15668796260484924
RIPK,FIBA_569_581,-0.15668796260484924
RSK,FIBA_569_581,-0.15668796260484924
SGK,FIBA_569_581,-0.15668796260484924
STE7,FIBA_569_581,-0.15668796260484924
VRK2,FIBA_569_581,-0.15668796260484924
AKT,FOXO3_25_37,-0.22671128922799227
BARK1,FOXO3_25_37,-0.22671128922799227
CDK,FOXO3_25_37,-0.22671128922799227
ERK,FOXO3_25_37,-0.22671128922799227
MAPKAPK,FOXO3_25_37,-0.22671128922799227
P38,FOXO3_25_37,-0.22671128922799227
PHK,FOXO3_25_37,-0.22671128922799227
PIM,FOXO3_25_37,-0.22671128922799227
PKCA,FOXO3_25_37,-0.22671128922799227
QIK,FOXO3_25_37,-0.22671128922799227
RAF,FOXO3_25_37,-0.22671128922799227
RSK,FOXO3_25_37,-0.22671128922799227
SGK,FOXO3_25_37,-0.22671128922799227
VRK2,FOXO3_25_37,-0.22671128922799227
AKT,FRAP_2443_2455,0.02895419838969398
AMPK,FRAP_2443_2455,0.02895419838969398
BARK1,FRAP_2443_2455,0.02895419838969398
CK1,FRAP_2443_2455,0.02895419838969398
DAPK,FRAP_2443_2455,0.02895419838969398
DMPK,FRAP_2443_2455,0.02895419838969398
MAPKAPK,FRAP_2443_2455,0.02895419838969398
MELK,FRAP_2443_2455,0.02895419838969398
MLK,FRAP_2443_2455,0.02895419838969398
MSN,FRAP_2443_2455,0.02895419838969398
MTOR,FRAP_2443_2455,0.02895419838969398
NEK,FRAP_2443_2455,0.02895419838969398
PDHK,FRAP_2443_2455,0.02895419838969398
PDK1,FRAP_2443_2455,0.02895419838969398
PEK,FRAP_2443_2455,0.02895419838969398
PHK,FRAP_2443_2455,0.02895419838969398
PIM,FRAP_2443_2455,0.02895419838969398
PKA,FRAP_2443_2455,0.02895419838969398
PKCA,FRAP_2443_2455,0.02895419838969398
QIK,FRAP_2443_2455,0.02895419838969398
RSK,FRAP_2443_2455,0.02895419838969398
SGK,FRAP_2443_2455,0.02895419838969398
TAO,FRAP_2443_2455,0.02895419838969398
VRK2,FRAP_2443_2455,0.02895419838969398
AKT,GPR6_349_361,0.01689579505220913
BARK1,GPR6_349_361,0.01689579505220913
CDK,GPR6_349_361,0.01689579505220913
CK1,GPR6_349_361,0.01689579505220913
DMPK,GPR6_349_361,0.01689579505220913
DYRK,GPR6_349_361,0.01689579505220913
ERK,GPR6_349_361,0.01689579505220913
IKK,GPR6_349_361,0.01689579505220913
JNK,GPR6_349_361,0.01689579505220913
MAPKAPK,GPR6_349_361,0.01689579505220913
MELK,GPR6_349_361,0.01689579505220913
P38,GPR6_349_361,0.01689579505220913
PDK1,GPR6_349_361,0.01689579505220913
PEK,GPR6_349_361,0.01689579505220913
PHK,GPR6_349_361,0.01689579505220913
PKCA,GPR6_349_361,0.01689579505220913
QIK,GPR6_349_361,0.01689579505220913
RAF,GPR6_349_361,0.01689579505220913
RSK,GPR6_349_361,0.01689579505220913
SGK,GPR6_349_361,0.01689579505220913
VRK2,GPR6_349_361,0.01689579505220913
AMPK,GPSM2_394_406,0.05133732124418966
BARK1,GPSM2_394_406,0.05133732124418966
CAMK1,GPSM2_394_406,0.05133732124418966
CHK1,GPSM2_394_406,0.05133732124418966
DMPK,GPSM2_394_406,0.05133732124418966
IKK,GPSM2_394_406,0.05133732124418966
MAPKAPK,GPSM2_394_406,0.05133732124418966
MARK,GPSM2_394_406,0.05133732124418966
PHK,GPSM2_394_406,0.05133732124418966
PKCA,GPSM2_394_406,0.05133732124418966
PKD,GPSM2_394_406,0.05133732124418966
VRK2,GPSM2_394_406,0.05133732124418966
BARK1,GSUB_61_73,-0.1648101404167388
CDK,GSUB_61_73,-0.1648101404167388
DAPK,GSUB_61_73,-0.1648101404167388
DMPK,GSUB_61_73,-0.1648101404167388
DYRK,GSUB_61_73,-0.1648101404167388
ERK,GSUB_61_73,-0.1648101404167388
PDK1,GSUB_61_73,-0.1648101404167388
PHK,GSUB_61_73,-0.1648101404167388
PKA,GSUB_61_73,-0.1648101404167388
PKG,GSUB_61_73,-0.1648101404167388
PLK,GSUB_61_73,-0.1648101404167388
VRK2,GSUB_61_73,-0.1648101404167388
AKT,GYS2_1_13,-0.2706282915565594
BARK1,GYS2_1_13,-0.2706282915565594
CDK,GYS2_1_13,-0.2706282915565594
DMPK,GYS2_1_13,-0.2706282915565594
IKK,GYS2_1_13,-0.2706282915565594
MAPKAPK,GYS2_1_13,-0.2706282915565594
MTOR,GYS2_1_13,-0.2706282915565594
PEK,GYS2_1_13,-0.2706282915565594
PHK,GYS2_1_13,-0.2706282915565594
PKA,GYS2_1_13,-0.2706282915565594
PKCA,GYS2_1_13,-0.2706282915565594
QIK,GYS2_1_13,-0.2706282915565594
RSK,GYS2_1_13,-0.2706282915565594
SGK,GYS2_1_13,-0.2706282915565594
VRK2,GYS2_1_13,-0.2706282915565594
AKT,H2B1B_ 27_40,0.10473473926482237
AMPK,H2B1B_ 27_40,0.10473473926482237
BARK1,H2B1B_ 27_40,0.10473473926482237
CAMK1,H2B1B_ 27_40,0.10473473926482237
CDK,H2B1B_ 27_40,0.10473473926482237
COT,H2B1B_ 27_40,0.10473473926482237
DAPK,H2B1B_ 27_40,0.10473473926482237
DMPK,H2B1B_ 27_40,0.10473473926482237
IKK,H2B1B_ 27_40,0.10473473926482237
MLK,H2B1B_ 27_40,0.10473473926482237
MST,H2B1B_ 27_40,0.10473473926482237
PAKA,H2B1B_ 27_40,0.10473473926482237
PAKB,H2B1B_ 27_40,0.10473473926482237
PDHK,H2B1B_ 27_40,0.10473473926482237
PEK,H2B1B_ 27_40,0.10473473926482237
PHK,H2B1B_ 27_40,0.10473473926482237
PIM,H2B1B_ 27_40,0.10473473926482237
PKA,H2B1B_ 27_40,0.10473473926482237
PKCA,H2B1B_ 27_40,0.10473473926482237
PKCH,H2B1B_ 27_40,0.10473473926482237
PKD,H2B1B_ 27_40,0.10473473926482237
PKG,H2B1B_ 27_40,0.10473473926482237
PLK,H2B1B_ 27_40,0.10473473926482237
QIK,H2B1B_ 27_40,0.10473473926482237
RAD53,H2B1B_ 27_40,0.10473473926482237
RSK,H2B1B_ 27_40,0.10473473926482237
SGK,H2B1B_ 27_40,0.10473473926482237
VRK2,H2B1B_ 27_40,0.10473473926482237
AMPK,H32_3_18,0.15946803424344164
ATR,H32_3_18,0.15946803424344164
AUR,H32_3_18,0.15946803424344164
BARK1,H32_3_18,0.15946803424344164
DAPK,H32_3_18,0.15946803424344164
DMPK,H32_3_18,0.15946803424344164
DYRK,H32_3_18,0.15946803424344164
MLK,H32_3_18,0.15946803424344164
MST,H32_3_18,0.15946803424344164
MTOR,H32_3_18,0.15946803424344164
PHK,H32_3_18,0.15946803424344164
PIM,H32_3_18,0.15946803424344164
PKCA,H32_3_18,0.15946803424344164
PKCD,H32_3_18,0.15946803424344164
PRKDC,H32_3_18,0.15946803424344164
QIK,H32_3_18,0.15946803424344164
RAD53,H32_3_18,0.15946803424344164
RSK,H32_3_18,0.15946803424344164
STE7,H32_3_18,0.15946803424344164
VRK1,H32_3_18,0.15946803424344164
VRK2,H32_3_18,0.15946803424344164
BARK1,IF4E_203_215,-0.25661917342346435
CDK,IF4E_203_215,-0.25661917342346435
DMPK,IF4E_203_215,-0.25661917342346435
ERK,IF4E_203_215,-0.25661917342346435
GRK,IF4E_203_215,-0.25661917342346435
IKK,IF4E_203_215,-0.25661917342346435
LKB,IF4E_203_215,-0.25661917342346435
MAPKAPK,IF4E_203_215,-0.25661917342346435
MLK,IF4E_203_215,-0.25661917342346435
P38,IF4E_203_215,-0.25661917342346435
PEK,IF4E_203_215,-0.25661917342346435
PKCA,IF4E_203_215,-0.25661917342346435
QIK,IF4E_203_215,-0.25661917342346435
RIPK,IF4E_203_215,-0.25661917342346435
STKR,IF4E_203_215,-0.25661917342346435
VRK1,IF4E_203_215,-0.25661917342346435
VRK2,IF4E_203_215,-0.25661917342346435
BARK1,KAP2_92_104,0.00490897999672559
CDK,KAP2_92_104,0.00490897999672559
CK2,KAP2_92_104,0.00490897999672559
DMPK,KAP2_92_104,0.00490897999672559
ERK,KAP2_92_104,0.00490897999672559
GSK,KAP2_92_104,0.00490897999672559
MAPKAPK,KAP2_92_104,0.00490897999672559
PDHK,KAP2_92_104,0.00490897999672559
PEK,KAP2_92_104,0.00490897999672559
PHK,KAP2_92_104,0.00490897999672559
PIM,KAP2_92_104,0.00490897999672559
PKA,KAP2_92_104,0.00490897999672559
PKCA,KAP2_92_104,0.00490897999672559
PKD,KAP2_92_104,0.00490897999672559
PKG,KAP2_92_104,0.00490897999672559
QIK,KAP2_92_104,0.00490897999672559
RIPK,KAP2_92_104,0.00490897999672559
RSK,KAP2_92_104,0.00490897999672559
VRK2,KAP2_92_104,0.00490897999672559
AKT,KAP3_107_119,0.05001999875580528
AUR,KAP3_107_119,0.05001999875580528
BARK1,KAP3_107_119,0.05001999875580528
DMPK,KAP3_107_119,0.05001999875580528
MAPKAPK,KAP3_107_119,0.05001999875580528
PDHK,KAP3_107_119,0.05001999875580528
PHK,KAP3_107_119,0.05001999875580528
PKA,KAP3_107_119,0.05001999875580528
PKCA,KAP3_107_119,0.05001999875580528
RIPK,KAP3_107_119,0.05001999875580528
VRK2,KAP3_107_119,0.05001999875580528
BARK1,KAPCG_192_206,0.13151311925656728
CAMK2,KAPCG_192_206,0.13151311925656728
CDK,KAPCG_192_206,0.13151311925656728
DMPK,KAPCG_192_206,0.13151311925656728
DYRK,KAPCG_192_206,0.13151311925656728
ERK,KAPCG_192_206,0.13151311925656728
GSK,KAPCG_192_206,0.13151311925656728
IKK,KAPCG_192_206,0.13151311925656728
IRAK,KAPCG_192_206,0.13151311925656728
LKB,KAPCG_192_206,0.13151311925656728
MELK,KAPCG_192_206,0.13151311925656728
MST,KAPCG_192_206,0.13151311925656728
MTOR,KAPCG_192_206,0.13151311925656728
PDHK,KAPCG_192_206,0.13151311925656728
PDK1,KAPCG_192_206,0.13151311925656728
PHK,KAPCG_192_206,0.13151311925656728
PIM,KAPCG_192_206,0.13151311925656728
PKCH,KAPCG_192_206,0.13151311925656728
VRK2,KAPCG_192_206,0.13151311925656728
BARK1,KCC2G_278_289,0.12331709695800176
CAMK2,KCC2G_278_289,0.12331709695800176
CDK,KCC2G_278_289,0.12331709695800176
CK1,KCC2G_278_289,0.12331709695800176
MAPKAPK,KCC2G_278_289,0.12331709695800176
MELK,KCC2G_278_289,0.12331709695800176
MLCK,KCC2G_278_289,0.12331709695800176
PEK,KCC2G_278_289,0.12331709695800176
PHK,KCC2G_278_289,0.12331709695800176
PIM,KCC2G_278_289,0.12331709695800176
PKCA,KCC2G_278_289,0.12331709695800176
PKCI,KCC2G_278_289,0.12331709695800176
PLK,KCC2G_278_289,0.12331709695800176
QIK,KCC2G_278_289,0.12331709695800176
RSK,KCC2G_278_289,0.12331709695800176
SGK,KCC2G_278_289,0.12331709695800176
VRK2,KCC2G_278_289,0.12331709695800176
AKT,KCNA1_438_450,0.08064146739098366
AMPK,KCNA1_438_450,0.08064146739098366
BARK1,KCNA1_438_450,0.08064146739098366
CAMK1,KCNA1_438_450,0.08064146739098366
CDK,KCNA1_438_450,0.08064146739098366
CK1,KCNA1_438_450,0.08064146739098366
DAPK,KCNA1_438_450,0.08064146739098366
DMPK,KCNA1_438_450,0.08064146739098366
ERK,KCNA1_438_450,0.08064146739098366
GRK,KCNA1_438_450,0.08064146739098366
IKK,KCNA1_438_450,0.08064146739098366
JNK,KCNA1_438_450,0.08064146739098366
MAPKAPK,KCNA1_438_450,0.08064146739098366
MELK,KCNA1_438_450,0.08064146739098366
NEK,KCNA1_438_450,0.08064146739098366
P38,KCNA1_438_450,0.08064146739098366
PDHK,KCNA1_438_450,0.08064146739098366
PEK,KCNA1_438_450,0.08064146739098366
PHK,KCNA1_438_450,0.08064146739098366
PKA,KCNA1_438_450,0.08064146739098366
PKCA,KCNA1_438_450,0.08064146739098366
PKD,KCNA1_438_450,0.08064146739098366
PLK,KCNA1_438_450,0.08064146739098366
QIK,KCNA1_438_450,0.08064146739098366
RAD53,KCNA1_438_450,0.08064146739098366
RIPK,KCNA1_438_450,0.08064146739098366
RSK,KCNA1_438_450,0.08064146739098366
SGK,KCNA1_438_450,0.08064146739098366
STE7,KCNA1_438_450,0.08064146739098366
STKR,KCNA1_438_450,0.08064146739098366
VRK2,KCNA1_438_450,0.08064146739098366
AKT,KCNA2_442_454,0.04112409470404307
AMPK,KCNA2_442_454,0.04112409470404307
BARK1,KCNA2_442_454,0.04112409470404307
CAMK1,KCNA2_442_454,0.04112409470404307
CAMK2,KCNA2_442_454,0.04112409470404307
CDK,KCNA2_442_454,0.04112409470404307
CHK1,KCNA2_442_454,0.04112409470404307
CK1,KCNA2_442_454,0.04112409470404307
DMPK,KCNA2_442_454,0.04112409470404307
IKK,KCNA2_442_454,0.04112409470404307
JNK,KCNA2_442_454,0.04112409470404307
MAPKAPK,KCNA2_442_454,0.04112409470404307
NEK,KCNA2_442_454,0.04112409470404307
P38,KCNA2_442_454,0.04112409470404307
PDHK,KCNA2_442_454,0.04112409470404307
PEK,KCNA2_442_454,0.04112409470404307
PHK,KCNA2_442_454,0.04112409470404307
PIM,KCNA2_442_454,0.04112409470404307
PKCA,KCNA2_442_454,0.04112409470404307
PKD,KCNA2_442_454,0.04112409470404307
QIK,KCNA2_442_454,0.04112409470404307
RAD53,KCNA2_442_454,0.04112409470404307
RIPK,KCNA2_442_454,0.04112409470404307
RSK,KCNA2_442_454,0.04112409470404307
SGK,KCNA2_442_454,0.04112409470404307
STKR,KCNA2_442_454,0.04112409470404307
VRK2,KCNA2_442_454,0.04112409470404307
AKT,KCNA3_461_473,0.1117803979672587
AMPK,KCNA3_461_473,0.1117803979672587
BARK1,KCNA3_461_473,0.1117803979672587
CAMK1,KCNA3_461_473,0.1117803979672587
CDK,KCNA3_461_473,0.1117803979672587
CHK1,KCNA3_461_473,0.1117803979672587
CK1,KCNA3_461_473,0.1117803979672587
DMPK,KCNA3_461_473,0.1117803979672587
IKK,KCNA3_461_473,0.1117803979672587
JNK,KCNA3_461_473,0.1117803979672587
KHS,KCNA3_461_473,0.1117803979672587
MAPKAPK,KCNA3_461_473,0.1117803979672587
MARK,KCNA3_461_473,0.1117803979672587
MST,KCNA3_461_473,0.1117803979672587
P38,KCNA3_461_473,0.1117803979672587
PAKA,KCNA3_461_473,0.1117803979672587
PDHK,KCNA3_461_473,0.1117803979672587
PDK1,KCNA3_461_473,0.1117803979672587
PEK,KCNA3_461_473,0.1117803979672587
PHK,KCNA3_461_473,0.1117803979672587
PKA,KCNA3_461_473,0.1117803979672587
PKCA,KCNA3_461_473,0.1117803979672587
PKD,KCNA3_461_473,0.1117803979672587
PKG,KCNA3_461_473,0.1117803979672587
PLK,KCNA3_461_473,0.1117803979672587
QIK,KCNA3_461_473,0.1117803979672587
RAD53,KCNA3_461_473,0.1117803979672587
RSK,KCNA3_461_473,0.1117803979672587
STE7,KCNA3_461_473,0.1117803979672587
VRK2,KCNA3_461_473,0.1117803979672587
AMPK,KCNB1_489_501,-0.09086345474749832
BARK1,KCNB1_489_501,-0.09086345474749832
CAMK1,KCNB1_489_501,-0.09086345474749832
CAMK2,KCNB1_489_501,-0.09086345474749832
CDK,KCNB1_489_501,-0.09086345474749832
CHK1,KCNB1_489_501,-0.09086345474749832
CK1,KCNB1_489_501,-0.09086345474749832
CK2,KCNB1_489_501,-0.09086345474749832
DAPK,KCNB1_489_501,-0.09086345474749832
DMPK,KCNB1_489_501,-0.09086345474749832
GRK,KCNB1_489_501,-0.09086345474749832
IKK,KCNB1_489_501,-0.09086345474749832
MAPKAPK,KCNB1_489_501,-0.09086345474749832
MELK,KCNB1_489_501,-0.09086345474749832
MLCK,KCNB1_489_501,-0.09086345474749832
MLK,KCNB1_489_501,-0.09086345474749832
MST,KCNB1_489_501,-0.09086345474749832
NAK,KCNB1_489_501,-0.09086345474749832
NEK,KCNB1_489_501,-0.09086345474749832
PDHK,KCNB1_489_501,-0.09086345474749832
PEK,KCNB1_489_501,-0.09086345474749832
PHK,KCNB1_489_501,-0.09086345474749832
PIM,KCNB1_489_501,-0.09086345474749832
PKA,KCNB1_489_501,-0.09086345474749832
PKCA,KCNB1_489_501,-0.09086345474749832
PKCD,KCNB1_489_501,-0.09086345474749832
PKD,KCNB1_489_501,-0.09086345474749832
QIK,KCNB1_489_501,-0.09086345474749832
RIPK,KCNB1_489_501,-0.09086345474749832
RSK,KCNB1_489_501,-0.09086345474749832
SGK,KCNB1_489_501,-0.09086345474749832
STE7,KCNB1_489_501,-0.09086345474749832
STKR,KCNB1_489_501,-0.09086345474749832
VRK2,KCNB1_489_501,-0.09086345474749832
BARK1,KIF2C_105_118_S106G,0.21421974937007232
CAMK2,KIF2C_105_118_S106G,0.21421974937007232
CDK,KIF2C_105_118_S106G,0.21421974937007232
DMPK,KIF2C_105_118_S106G,0.21421974937007232
FRAY,KIF2C_105_118_S106G,0.21421974937007232
IKK,KIF2C_105_118_S106G,0.21421974937007232
MELK,KIF2C_105_118_S106G,0.21421974937007232
NEK,KIF2C_105_118_S106G,0.21421974937007232
PAKA,KIF2C_105_118_S106G,0.21421974937007232
PDHK,KIF2C_105_118_S106G,0.21421974937007232
PEK,KIF2C_105_118_S106G,0.21421974937007232
PHK,KIF2C_105_118_S106G,0.21421974937007232
PKCA,KIF2C_105_118_S106G,0.21421974937007232
PKD,KIF2C_105_118_S106G,0.21421974937007232
QIK,KIF2C_105_118_S106G,0.21421974937007232
RIPK,KIF2C_105_118_S106G,0.21421974937007232
RSK,KIF2C_105_118_S106G,0.21421974937007232
VRK2,KIF2C_105_118_S106G,0.21421974937007232
BARK1,KPB1_1011_1023,0.05236201499129814
CDK,KPB1_1011_1023,0.05236201499129814
CK1,KPB1_1011_1023,0.05236201499129814
DMPK,KPB1_1011_1023,0.05236201499129814
IKK,KPB1_1011_1023,0.05236201499129814
P38,KPB1_1011_1023,0.05236201499129814
PAKA,KPB1_1011_1023,0.05236201499129814
PDHK,KPB1_1011_1023,0.05236201499129814
PEK,KPB1_1011_1023,0.05236201499129814
PHK,KPB1_1011_1023,0.05236201499129814
PIM,KPB1_1011_1023,0.05236201499129814
PKA,KPB1_1011_1023,0.05236201499129814
PKCA,KPB1_1011_1023,0.05236201499129814
PKD,KPB1_1011_1023,0.05236201499129814
RIPK,KPB1_1011_1023,0.05236201499129814
RSK,KPB1_1011_1023,0.05236201499129814
SGK,KPB1_1011_1023,0.05236201499129814
VRK2,KPB1_1011_1023,0.05236201499129814
BARK1,KS6A1_374_386,0.05336516451759513
COT,KS6A1_374_386,0.05336516451759513
FRAY,KS6A1_374_386,0.05336516451759513
MAPKAPK,KS6A1_374_386,0.05336516451759513
MSN,KS6A1_374_386,0.05336516451759513
MTOR,KS6A1_374_386,0.05336516451759513
PDHK,KS6A1_374_386,0.05336516451759513
PDK1,KS6A1_374_386,0.05336516451759513
PEK,KS6A1_374_386,0.05336516451759513
PHK,KS6A1_374_386,0.05336516451759513
PIM,KS6A1_374_386,0.05336516451759513
PKCA,KS6A1_374_386,0.05336516451759513
RAD53,KS6A1_374_386,0.05336516451759513
RSK,KS6A1_374_386,0.05336516451759513
STE7,KS6A1_374_386,0.05336516451759513
VRK2,KS6A1_374_386,0.05336516451759513
AMPK,LIPS_944_956,0.0243240918641252
ATR,LIPS_944_956,0.0243240918641252
BARK1,LIPS_944_956,0.0243240918641252
CDK,LIPS_944_956,0.0243240918641252
DMPK,LIPS_944_956,0.0243240918641252
ERK,LIPS_944_956,0.0243240918641252
NDR,LIPS_944_956,0.0243240918641252
PDHK,LIPS_944_956,0.0243240918641252
PEK,LIPS_944_956,0.0243240918641252
PIM,LIPS_944_956,0.0243240918641252
PKA,LIPS_944_956,0.0243240918641252
PKCA,LIPS_944_956,0.0243240918641252
PKG,LIPS_944_956,0.0243240918641252
PRKDC,LIPS_944_956,0.0243240918641252
RAF,LIPS_944_956,0.0243240918641252
RSK,LIPS_944_956,0.0243240918641252
STE7,LIPS_944_956,0.0243240918641252
VRK2,LIPS_944_956,0.0243240918641252
BARK1,LMNB1_16_28,0.33402768640669667
CDK,LMNB1_16_28,0.33402768640669667
DMPK,LMNB1_16_28,0.33402768640669667
DYRK,LMNB1_16_28,0.33402768640669667
ERK,LMNB1_16_28,0.33402768640669667
GSK,LMNB1_16_28,0.33402768640669667
IKK,LMNB1_16_28,0.33402768640669667
IRAK,LMNB1_16_28,0.33402768640669667
JNK,LMNB1_16_28,0.33402768640669667
MLK,LMNB1_16_28,0.33402768640669667
NMO,LMNB1_16_28,0.33402768640669667
P38,LMNB1_16_28,0.33402768640669667
PDK1,LMNB1_16_28,0.33402768640669667
PEK,LMNB1_16_28,0.33402768640669667
PIM,LMNB1_16_28,0.33402768640669667
PKCA,LMNB1_16_28,0.33402768640669667
PKG,LMNB1_16_28,0.33402768640669667
RSK,LMNB1_16_28,0.33402768640669667
STE7,LMNB1_16_28,0.33402768640669667
VRK2,LMNB1_16_28,0.33402768640669667
BARK1,MARCS_152_164,-0.14592606869405272
CDK,MARCS_152_164,-0.14592606869405272
DAPK,MARCS_152_164,-0.14592606869405272
DMPK,MARCS_152_164,-0.14592606869405272
ERK,MARCS_152_164,-0.14592606869405272
JNK,MARCS_152_164,-0.14592606869405272
P38,MARCS_152_164,-0.14592606869405272
PAKA,MARCS_152_164,-0.14592606869405272
PDHK,MARCS_152_164,-0.14592606869405272
PDK1,MARCS_152_164,-0.14592606869405272
PEK,MARCS_152_164,-0.14592606869405272
PHK,MARCS_152_164,-0.14592606869405272
PKA,MARCS_152_164,-0.14592606869405272
PKCA,MARCS_152_164,-0.14592606869405272
PKCH,MARCS_152_164,-0.14592606869405272
PKCI,MARCS_152_164,-0.14592606869405272
PKD,MARCS_152_164,-0.14592606869405272
PKG,MARCS_152_164,-0.14592606869405272
PKN,MARCS_152_164,-0.14592606869405272
RAD53,MARCS_152_164,-0.14592606869405272
VRK2,MARCS_152_164,-0.14592606869405272
BARK1,MARCS_160_172,-0.11685832910738844
CDK,MARCS_160_172,-0.11685832910738844
DMPK,MARCS_160_172,-0.11685832910738844
ERK,MARCS_160_172,-0.11685832910738844
JNK,MARCS_160_172,-0.11685832910738844
MLK,MARCS_160_172,-0.11685832910738844
P38,MARCS_160_172,-0.11685832910738844
PDHK,MARCS_160_172,-0.11685832910738844
PDK1,MARCS_160_172,-0.11685832910738844
PEK,MARCS_160_172,-0.11685832910738844
PKCA,MARCS_160_172,-0.11685832910738844
RAD53,MARCS_160_172,-0.11685832910738844
RIPK,MARCS_160_172,-0.11685832910738844
VRK2,MARCS_160_172,-0.11685832910738844
BARK1,MBP_222_234,-0.24007038167154648
CDK,MBP_222_234,-0.24007038167154648
DYRK,MBP_222_234,-0.24007038167154648
ERK,MBP_222_234,-0.24007038167154648
GSK,MBP_222_234,-0.24007038167154648
JNK,MBP_222_234,-0.24007038167154648
MTOR,MBP_222_234,-0.24007038167154648
PDK1,MBP_222_234,-0.24007038167154648
PEK,MBP_222_234,-0.24007038167154648
VRK2,MBP_222_234,-0.24007038167154648
BARK1,MP2K1_287_299,-0.23416043053848704
CDK,MP2K1_287_299,-0.23416043053848704
DMPK,MP2K1_287_299,-0.23416043053848704
DYRK,MP2K1_287_299,-0.23416043053848704
ERK,MP2K1_287_299,-0.23416043053848704
JNK,MP2K1_287_299,-0.23416043053848704
MAPKAPK,MP2K1_287_299,-0.23416043053848704
P38,MP2K1_287_299,-0.23416043053848704
PAKA,MP2K1_287_299,-0.23416043053848704
PDHK,MP2K1_287_299,-0.23416043053848704
PDK1,MP2K1_287_299,-0.23416043053848704
PEK,MP2K1_287_299,-0.23416043053848704
PHK,MP2K1_287_299,-0.23416043053848704
PIM,MP2K1_287_299,-0.23416043053848704
PKCA,MP2K1_287_299,-0.23416043053848704
PKD,MP2K1_287_299,-0.23416043053848704
STE7,MP2K1_287_299,-0.23416043053848704
VRK2,MP2K1_287_299,-0.23416043053848704
ATR,MPIP1_172_184,-0.02492950834233878
BARK1,MPIP1_172_184,-0.02492950834233878
CHK1,MPIP1_172_184,-0.02492950834233878
DMPK,MPIP1_172_184,-0.02492950834233878
MAPKAPK,MPIP1_172_184,-0.02492950834233878
PHK,MPIP1_172_184,-0.02492950834233878
PIM,MPIP1_172_184,-0.02492950834233878
PKCA,MPIP1_172_184,-0.02492950834233878
PRKDC,MPIP1_172_184,-0.02492950834233878
QIK,MPIP1_172_184,-0.02492950834233878
RAD53,MPIP1_172_184,-0.02492950834233878
RAF,MPIP1_172_184,-0.02492950834233878
RSK,MPIP1_172_184,-0.02492950834233878
VRK2,MPIP1_172_184,-0.02492950834233878
BARK1,MPIP3_208_220,0.04398988230793307
BRSK,MPIP3_208_220,0.04398988230793307
CAMK1,MPIP3_208_220,0.04398988230793307
CDK,MPIP3_208_220,0.04398988230793307
CHK1,MPIP3_208_220,0.04398988230793307
DMPK,MPIP3_208_220,0.04398988230793307
DYRK,MPIP3_208_220,0.04398988230793307
ERK,MPIP3_208_220,0.04398988230793307
IKK,MPIP3_208_220,0.04398988230793307
JNK,MPIP3_208_220,0.04398988230793307
MAPKAPK,MPIP3_208_220,0.04398988230793307
MARK,MPIP3_208_220,0.04398988230793307
MELK,MPIP3_208_220,0.04398988230793307
P38,MPIP3_208_220,0.04398988230793307
PDK1,MPIP3_208_220,0.04398988230793307
PEK,MPIP3_208_220,0.04398988230793307
PHK,MPIP3_208_220,0.04398988230793307
PKCA,MPIP3_208_220,0.04398988230793307
QIK,MPIP3_208_220,0.04398988230793307
RAD53,MPIP3_208_220,0.04398988230793307
RIPK,MPIP3_208_220,0.04398988230793307
VRK2,MPIP3_208_220,0.04398988230793307
AUR,MYPC3_268_280,-0.05286155066019304
BARK1,MYPC3_268_280,-0.05286155066019304
DMPK,MYPC3_268_280,-0.05286155066019304
IKK,MYPC3_268_280,-0.05286155066019304
MLK,MYPC3_268_280,-0.05286155066019304
MTOR,MYPC3_268_280,-0.05286155066019304
PEK,MYPC3_268_280,-0.05286155066019304
PHK,MYPC3_268_280,-0.05286155066019304
PKA,MYPC3_268_280,-0.05286155066019304
PKCA,MYPC3_268_280,-0.05286155066019304
PKG,MYPC3_268_280,-0.05286155066019304
QIK,MYPC3_268_280,-0.05286155066019304
RIPK,MYPC3_268_280,-0.05286155066019304
RSK,MYPC3_268_280,-0.05286155066019304
VRK2,MYPC3_268_280,-0.05286155066019304
BARK1,NCF1_296_308,0.13856605859058746
BARK2,NCF1_296_308,0.13856605859058746
AKT,NCF1_296_308,0.13856605859058746
DMPK,NCF1_296_308,0.13856605859058746
IKK,NCF1_296_308,0.13856605859058746
MELK,NCF1_296_308,0.13856605859058746
NEK,NCF1_296_308,0.13856605859058746
PAKA,NCF1_296_308,0.13856605859058746
PEK,NCF1_296_308,0.13856605859058746
PHK,NCF1_296_308,0.13856605859058746
PIM,NCF1_296_308,0.13856605859058746
PKA,NCF1_296_308,0.13856605859058746
PKCA,NCF1_296_308,0.13856605859058746
PKCD,NCF1_296_308,0.13856605859058746
PKCH,NCF1_296_308,0.13856605859058746
PKCI,NCF1_296_308,0.13856605859058746
PKD,NCF1_296_308,0.13856605859058746
VRK2,NCF1_296_308,0.13856605859058746
AKT,NCF1_321_333,0.06237261992594629
BARK1,NCF1_321_333,0.06237261992594629
DMPK,NCF1_321_333,0.06237261992594629
IRAK,NCF1_321_333,0.06237261992594629
PHK,NCF1_321_333,0.06237261992594629
PKA,NCF1_321_333,0.06237261992594629
PKCA,NCF1_321_333,0.06237261992594629
PKCD,NCF1_321_333,0.06237261992594629
QIK,NCF1_321_333,0.06237261992594629
VRK2,NCF1_321_333,0.06237261992594629
BARK1,NEK2_172_184,-0.17955382751735746
CAMK1,NEK2_172_184,-0.17955382751735746
CAMK2,NEK2_172_184,-0.17955382751735746
CDK,NEK2_172_184,-0.17955382751735746
DYRK,NEK2_172_184,-0.17955382751735746
ERK,NEK2_172_184,-0.17955382751735746
FRAY,NEK2_172_184,-0.17955382751735746
LKB,NEK2_172_184,-0.17955382751735746
MELK,NEK2_172_184,-0.17955382751735746
MST,NEK2_172_184,-0.17955382751735746
MTOR,NEK2_172_184,-0.17955382751735746
NEK,NEK2_172_184,-0.17955382751735746
P38,NEK2_172_184,-0.17955382751735746
PDHK,NEK2_172_184,-0.17955382751735746
PDK1,NEK2_172_184,-0.17955382751735746
PEK,NEK2_172_184,-0.17955382751735746
PKCA,NEK2_172_184,-0.17955382751735746
PKCH,NEK2_172_184,-0.17955382751735746
RSK,NEK2_172_184,-0.17955382751735746
STE11,NEK2_172_184,-0.17955382751735746
STE7,NEK2_172_184,-0.17955382751735746
VRK2,NEK2_172_184,-0.17955382751735746
BARK1,NEK3_158_170,-0.01544947008828767
CAMK2,NEK3_158_170,-0.01544947008828767
DYRK,NEK3_158_170,-0.01544947008828767
ERK,NEK3_158_170,-0.01544947008828767
LKB,NEK3_158_170,-0.01544947008828767
MST,NEK3_158_170,-0.01544947008828767
NEK,NEK3_158_170,-0.01544947008828767
PDHK,NEK3_158_170,-0.01544947008828767
PDK1,NEK3_158_170,-0.01544947008828767
PEK,NEK3_158_170,-0.01544947008828767
PKCH,NEK3_158_170,-0.01544947008828767
STE11,NEK3_158_170,-0.01544947008828767
STE7,NEK3_158_170,-0.01544947008828767
VRK2,NEK3_158_170,-0.01544947008828767
BARK1,NFKB1_330_342,-0.1250461990812628
CDK,NFKB1_330_342,-0.1250461990812628
DMPK,NFKB1_330_342,-0.1250461990812628
IKK,NFKB1_330_342,-0.1250461990812628
MAPKAPK,NFKB1_330_342,-0.1250461990812628
PAKA,NFKB1_330_342,-0.1250461990812628
PDHK,NFKB1_330_342,-0.1250461990812628
PEK,NFKB1_330_342,-0.1250461990812628
PIM,NFKB1_330_342,-0.1250461990812628
PKA,NFKB1_330_342,-0.1250461990812628
PKCA,NFKB1_330_342,-0.1250461990812628
PKG,NFKB1_330_342,-0.1250461990812628
PLK,NFKB1_330_342,-0.1250461990812628
STE7,NFKB1_330_342,-0.1250461990812628
VRK2,NFKB1_330_342,-0.1250461990812628
BARK1,NMDZ1_890_902,0.2063331376817352
AKT,NMDZ1_890_902,0.2063331376817352
AMPK,NMDZ1_890_902,0.2063331376817352
AUR,NMDZ1_890_902,0.2063331376817352
CAMK1,NMDZ1_890_902,0.2063331376817352
CDK,NMDZ1_890_902,0.2063331376817352
CHK1,NMDZ1_890_902,0.2063331376817352
DAPK,NMDZ1_890_902,0.2063331376817352
DMPK,NMDZ1_890_902,0.2063331376817352
FRAY,NMDZ1_890_902,0.2063331376817352
GRK,NMDZ1_890_902,0.2063331376817352
IKK,NMDZ1_890_902,0.2063331376817352
MELK,NMDZ1_890_902,0.2063331376817352
MLK,NMDZ1_890_902,0.2063331376817352
MSN,NMDZ1_890_902,0.2063331376817352
MST,NMDZ1_890_902,0.2063331376817352
MTOR,NMDZ1_890_902,0.2063331376817352
PAKA,NMDZ1_890_902,0.2063331376817352
PDHK,NMDZ1_890_902,0.2063331376817352
PDK1,NMDZ1_890_902,0.2063331376817352
PEK,NMDZ1_890_902,0.2063331376817352
PHK,NMDZ1_890_902,0.2063331376817352
PIM,NMDZ1_890_902,0.2063331376817352
PKA,NMDZ1_890_902,0.2063331376817352
PKCA,NMDZ1_890_902,0.2063331376817352
PKCI,NMDZ1_890_902,0.2063331376817352
PKD,NMDZ1_890_902,0.2063331376817352
PKG,NMDZ1_890_902,0.2063331376817352
PLK,NMDZ1_890_902,0.2063331376817352
QIK,NMDZ1_890_902,0.2063331376817352
RAD53,NMDZ1_890_902,0.2063331376817352
RAF,NMDZ1_890_902,0.2063331376817352
RIPK,NMDZ1_890_902,0.2063331376817352
RSK,NMDZ1_890_902,0.2063331376817352
SGK,NMDZ1_890_902,0.2063331376817352
STE7,NMDZ1_890_902,0.2063331376817352
VRK2,NMDZ1_890_902,0.2063331376817352
AKT,NOS3_1171_1183,0.04356679843503149
AMPK,NOS3_1171_1183,0.04356679843503149
BARK1,NOS3_1171_1183,0.04356679843503149
CDK,NOS3_1171_1183,0.04356679843503149
CK1,NOS3_1171_1183,0.04356679843503149
DMPK,NOS3_1171_1183,0.04356679843503149
MELK,NOS3_1171_1183,0.04356679843503149
PDHK,NOS3_1171_1183,0.04356679843503149
PDK1,NOS3_1171_1183,0.04356679843503149
PEK,NOS3_1171_1183,0.04356679843503149
PHK,NOS3_1171_1183,0.04356679843503149
PIM,NOS3_1171_1183,0.04356679843503149
PKA,NOS3_1171_1183,0.04356679843503149
PKCA,NOS3_1171_1183,0.04356679843503149
PKG,NOS3_1171_1183,0.04356679843503149
QIK,NOS3_1171_1183,0.04356679843503149
RAD53,NOS3_1171_1183,0.04356679843503149
RIPK,NOS3_1171_1183,0.04356679843503149
RSK,NOS3_1171_1183,0.04356679843503149
SGK,NOS3_1171_1183,0.04356679843503149
VRK2,NOS3_1171_1183,0.04356679843503149
AKT,NR4A1_344_356,-0.1159190005198664
BARK1,NR4A1_344_356,-0.1159190005198664
CDK,NR4A1_344_356,-0.1159190005198664
DMPK,NR4A1_344_356,-0.1159190005198664
PHK,NR4A1_344_356,-0.1159190005198664
PIM,NR4A1_344_356,-0.1159190005198664
PKA,NR4A1_344_356,-0.1159190005198664
PKCA,NR4A1_344_356,-0.1159190005198664
RAF,NR4A1_344_356,-0.1159190005198664
RSK,NR4A1_344_356,-0.1159190005198664
VRK2,NR4A1_344_356,-0.1159190005198664
AUR,P53_308_323,-0.2608319297052164
BARK1,P53_308_323,-0.2608319297052164
CAMK1,P53_308_323,-0.2608319297052164
CDK,P53_308_323,-0.2608319297052164
DYRK,P53_308_323,-0.2608319297052164
ERK,P53_308_323,-0.2608319297052164
IKK,P53_308_323,-0.2608319297052164
JNK,P53_308_323,-0.2608319297052164
P38,P53_308_323,-0.2608319297052164
PKCA,P53_308_323,-0.2608319297052164
PLK,P53_308_323,-0.2608319297052164
QIK,P53_308_323,-0.2608319297052164
STE7,P53_308_323,-0.2608319297052164
VRK2,P53_308_323,-0.2608319297052164
AUR,PLEK_106_118,0.22832355110051
BARK1,PLEK_106_118,0.22832355110051
CDK,PLEK_106_118,0.22832355110051
CK1,PLEK_106_118,0.22832355110051
DMPK,PLEK_106_118,0.22832355110051
MST,PLEK_106_118,0.22832355110051
PEK,PLEK_106_118,0.22832355110051
PKCA,PLEK_106_118,0.22832355110051
PKCD,PLEK_106_118,0.22832355110051
PKCH,PLEK_106_118,0.22832355110051
PLK,PLEK_106_118,0.22832355110051
VRK2,PLEK_106_118,0.22832355110051
BARK1,PLM_76_88,-0.10950399133906134
CDK,PLM_76_88,-0.10950399133906134
DMPK,PLM_76_88,-0.10950399133906134
IKK,PLM_76_88,-0.10950399133906134
PAKA,PLM_76_88,-0.10950399133906134
PDHK,PLM_76_88,-0.10950399133906134
PDK1,PLM_76_88,-0.10950399133906134
PEK,PLM_76_88,-0.10950399133906134
PIM,PLM_76_88,-0.10950399133906134
PKA,PLM_76_88,-0.10950399133906134
PKCA,PLM_76_88,-0.10950399133906134
PKD,PLM_76_88,-0.10950399133906134
PKG,PLM_76_88,-0.10950399133906134
PLK,PLM_76_88,-0.10950399133906134
RAD53,PLM_76_88,-0.10950399133906134
RIPK,PLM_76_88,-0.10950399133906134
RSK,PLM_76_88,-0.10950399133906134
STE7,PLM_76_88,-0.10950399133906134
VRK2,PLM_76_88,-0.10950399133906134
EGFR,PP2AB_297_309,0.04585638401388954
CSK,PP2AB_297_309,0.04585638401388954
TEC,PP2AB_297_309,0.04585638401388954
PDGFR,PP2AB_297_309,0.04585638401388954
SYK,PP2AB_297_309,0.04585638401388954
AXL,PP2AB_297_309,0.04585638401388954
VEGFR,PP2AB_297_309,0.04585638401388954
BARK1,PP2AB_297_309,0.04585638401388954
BARK2,PP2AB_297_309,0.04585638401388954
CDK,PP2AB_297_309,0.04585638401388954
DYRK,PP2AB_297_309,0.04585638401388954
JNK,PP2AB_297_309,0.04585638401388954
VRK2,PP2AB_297_309,0.04585638401388954
AKT,PPR1A_28_40,-0.2899123871809799
BARK1,PPR1A_28_40,-0.2899123871809799
CDK,PPR1A_28_40,-0.2899123871809799
DAPK,PPR1A_28_40,-0.2899123871809799
DMPK,PPR1A_28_40,-0.2899123871809799
DYRK,PPR1A_28_40,-0.2899123871809799
GSK,PPR1A_28_40,-0.2899123871809799
JNK,PPR1A_28_40,-0.2899123871809799
P38,PPR1A_28_40,-0.2899123871809799
PDK1,PPR1A_28_40,-0.2899123871809799
PEK,PPR1A_28_40,-0.2899123871809799
PHK,PPR1A_28_40,-0.2899123871809799
PKA,PPR1A_28_40,-0.2899123871809799
RSK,PPR1A_28_40,-0.2899123871809799
VRK2,PPR1A_28_40,-0.2899123871809799
ATR,PRKDC_2618_2630,-0.3085130091386521
BARK1,PRKDC_2618_2630,-0.3085130091386521
BARK2,PRKDC_2618_2630,-0.3085130091386521
CK1,PRKDC_2618_2630,-0.3085130091386521
DMPK,PRKDC_2618_2630,-0.3085130091386521
IKK,PRKDC_2618_2630,-0.3085130091386521
MELK,PRKDC_2618_2630,-0.3085130091386521
MLK,PRKDC_2618_2630,-0.3085130091386521
MTOR,PRKDC_2618_2630,-0.3085130091386521
NEK,PRKDC_2618_2630,-0.3085130091386521
P38,PRKDC_2618_2630,-0.3085130091386521
PHK,PRKDC_2618_2630,-0.3085130091386521
PIM,PRKDC_2618_2630,-0.3085130091386521
PKA,PRKDC_2618_2630,-0.3085130091386521
PKCA,PRKDC_2618_2630,-0.3085130091386521
PKG,PRKDC_2618_2630,-0.3085130091386521
PRKDC,PRKDC_2618_2630,-0.3085130091386521
PLK,PRKDC_2618_2630,-0.3085130091386521
QIK,PRKDC_2618_2630,-0.3085130091386521
SGK,PRKDC_2618_2630,-0.3085130091386521
STE7,PRKDC_2618_2630,-0.3085130091386521
VRK2,PRKDC_2618_2630,-0.3085130091386521
AKT,PTK6_436_448,-0.00144526336695468
BARK1,PTK6_436_448,-0.00144526336695468
CAMK1,PTK6_436_448,-0.00144526336695468
CDK,PTK6_436_448,-0.00144526336695468
CK1,PTK6_436_448,-0.00144526336695468
DMPK,PTK6_436_448,-0.00144526336695468
MAPKAPK,PTK6_436_448,-0.00144526336695468
MELK,PTK6_436_448,-0.00144526336695468
P38,PTK6_436_448,-0.00144526336695468
PAKA,PTK6_436_448,-0.00144526336695468
PDHK,PTK6_436_448,-0.00144526336695468
PDK1,PTK6_436_448,-0.00144526336695468
PEK,PTK6_436_448,-0.00144526336695468
PHK,PTK6_436_448,-0.00144526336695468
PIM,PTK6_436_448,-0.00144526336695468
PKA,PTK6_436_448,-0.00144526336695468
PKCA,PTK6_436_448,-0.00144526336695468
PKCD,PTK6_436_448,-0.00144526336695468
PKCI,PTK6_436_448,-0.00144526336695468
PKD,PTK6_436_448,-0.00144526336695468
PKG,PTK6_436_448,-0.00144526336695468
QIK,PTK6_436_448,-0.00144526336695468
RAD53,PTK6_436_448,-0.00144526336695468
RSK,PTK6_436_448,-0.00144526336695468
STE7,PTK6_436_448,-0.00144526336695468
VRK2,PTK6_436_448,-0.00144526336695468
BARK1,PTN12_32_44,0.11687199743584652
CDK,PTN12_32_44,0.11687199743584652
DMPK,PTN12_32_44,0.11687199743584652
FRAY,PTN12_32_44,0.11687199743584652
MAPKAPK,PTN12_32_44,0.11687199743584652
MLK,PTN12_32_44,0.11687199743584652
PAKA,PTN12_32_44,0.11687199743584652
PDHK,PTN12_32_44,0.11687199743584652
PEK,PTN12_32_44,0.11687199743584652
PHK,PTN12_32_44,0.11687199743584652
PIM,PTN12_32_44,0.11687199743584652
PKA,PTN12_32_44,0.11687199743584652
PKCA,PTN12_32_44,0.11687199743584652
PKCD,PTN12_32_44,0.11687199743584652
PKD,PTN12_32_44,0.11687199743584652
PKG,PTN12_32_44,0.11687199743584652
QIK,PTN12_32_44,0.11687199743584652
RAD53,PTN12_32_44,0.11687199743584652
RSK,PTN12_32_44,0.11687199743584652
VRK2,PTN12_32_44,0.11687199743584652
BARK1,RADI_559_569,-0.2882464765727198
COT,RADI_559_569,-0.2882464765727198
DMPK,RADI_559_569,-0.2882464765727198
MSN,RADI_559_569,-0.2882464765727198
MST,RADI_559_569,-0.2882464765727198
PHK,RADI_559_569,-0.2882464765727198
PIM,RADI_559_569,-0.2882464765727198
PKCA,RADI_559_569,-0.2882464765727198
SLK,RADI_559_569,-0.2882464765727198
VRK2,RADI_559_569,-0.2882464765727198
AKT,RAF1_253_265,0.1949370815381772
AMPK,RAF1_253_265,0.1949370815381772
BARK1,RAF1_253_265,0.1949370815381772
CAMK1,RAF1_253_265,0.1949370815381772
CDK,RAF1_253_265,0.1949370815381772
DAPK,RAF1_253_265,0.1949370815381772
DMPK,RAF1_253_265,0.1949370815381772
DYRK,RAF1_253_265,0.1949370815381772
ERK,RAF1_253_265,0.1949370815381772
JNK,RAF1_253_265,0.1949370815381772
MAPKAPK,RAF1_253_265,0.1949370815381772
MARK,RAF1_253_265,0.1949370815381772
NDR,RAF1_253_265,0.1949370815381772
P38,RAF1_253_265,0.1949370815381772
PAKA,RAF1_253_265,0.1949370815381772
PDK1,RAF1_253_265,0.1949370815381772
PHK,RAF1_253_265,0.1949370815381772
PKA,RAF1_253_265,0.1949370815381772
PKCA,RAF1_253_265,0.1949370815381772
QIK,RAF1_253_265,0.1949370815381772
RAF,RAF1_253_265,0.1949370815381772
RIPK,RAF1_253_265,0.1949370815381772
RSK,RAF1_253_265,0.1949370815381772
SGK,RAF1_253_265,0.1949370815381772
VRK2,RAF1_253_265,0.1949370815381772
AKT,RAP1B_172_184,-0.09614259769797684
AMPK,RAP1B_172_184,-0.09614259769797684
BARK1,RAP1B_172_184,-0.09614259769797684
CDK,RAP1B_172_184,-0.09614259769797684
DMPK,RAP1B_172_184,-0.09614259769797684
IKK,RAP1B_172_184,-0.09614259769797684
MAPKAPK,RAP1B_172_184,-0.09614259769797684
PDHK,RAP1B_172_184,-0.09614259769797684
PEK,RAP1B_172_184,-0.09614259769797684
PHK,RAP1B_172_184,-0.09614259769797684
PIM,RAP1B_172_184,-0.09614259769797684
PKA,RAP1B_172_184,-0.09614259769797684
PKCA,RAP1B_172_184,-0.09614259769797684
PKG,RAP1B_172_184,-0.09614259769797684
QIK,RAP1B_172_184,-0.09614259769797684
RAD53,RAP1B_172_184,-0.09614259769797684
RSK,RAP1B_172_184,-0.09614259769797684
VRK2,RAP1B_172_184,-0.09614259769797684
BARK1,RBL2_655_667,0.46046523187690297
CDK,RBL2_655_667,0.46046523187690297
CK1,RBL2_655_667,0.46046523187690297
DMPK,RBL2_655_667,0.46046523187690297
DYRK,RBL2_655_667,0.46046523187690297
ERK,RBL2_655_667,0.46046523187690297
FRAY,RBL2_655_667,0.46046523187690297
GSK,RBL2_655_667,0.46046523187690297
IKK,RBL2_655_667,0.46046523187690297
JNK,RBL2_655_667,0.46046523187690297
MAPKAPK,RBL2_655_667,0.46046523187690297
MELK,RBL2_655_667,0.46046523187690297
MTOR,RBL2_655_667,0.46046523187690297
NEK,RBL2_655_667,0.46046523187690297
P38,RBL2_655_667,0.46046523187690297
PDK1,RBL2_655_667,0.46046523187690297
PEK,RBL2_655_667,0.46046523187690297
PHK,RBL2_655_667,0.46046523187690297
PIM,RBL2_655_667,0.46046523187690297
PKCA,RBL2_655_667,0.46046523187690297
PKD,RBL2_655_667,0.46046523187690297
PLK,RBL2_655_667,0.46046523187690297
QIK,RBL2_655_667,0.46046523187690297
RAD53,RBL2_655_667,0.46046523187690297
RAF,RBL2_655_667,0.46046523187690297
RIPK,RBL2_655_667,0.46046523187690297
STE7,RBL2_655_667,0.46046523187690297
VRK2,RBL2_655_667,0.46046523187690297
BARK1,RB_242_254,-0.3684924555837214
CDK,RB_242_254,-0.3684924555837214
DYRK,RB_242_254,-0.3684924555837214
ERK,RB_242_254,-0.3684924555837214
IRAK,RB_242_254,-0.3684924555837214
P38,RB_242_254,-0.3684924555837214
PDK1,RB_242_254,-0.3684924555837214
PEK,RB_242_254,-0.3684924555837214
PKCA,RB_242_254,-0.3684924555837214
PLK,RB_242_254,-0.3684924555837214
VRK2,RB_242_254,-0.3684924555837214
ATR,RB_350_362,-0.17391033250872923
BARK1,RB_350_362,-0.17391033250872923
CDK,RB_350_362,-0.17391033250872923
DMPK,RB_350_362,-0.17391033250872923
DYRK,RB_350_362,-0.17391033250872923
PDHK,RB_350_362,-0.17391033250872923
PDK1,RB_350_362,-0.17391033250872923
PEK,RB_350_362,-0.17391033250872923
PHK,RB_350_362,-0.17391033250872923
PIM,RB_350_362,-0.17391033250872923
PKCA,RB_350_362,-0.17391033250872923
PRKDC,RB_350_362,-0.17391033250872923
QIK,RB_350_362,-0.17391033250872923
RSK,RB_350_362,-0.17391033250872923
VRK2,RB_350_362,-0.17391033250872923
BARK1,RB_803_815,-0.17296404434601137
CDK,RB_803_815,-0.17296404434601137
CK1,RB_803_815,-0.17296404434601137
DYRK,RB_803_815,-0.17296404434601137
ERK,RB_803_815,-0.17296404434601137
JNK,RB_803_815,-0.17296404434601137
QIK,RB_803_815,-0.17296404434601137
VRK2,RB_803_815,-0.17296404434601137
BARK1,REL_260_272,0.11106532567841695
CDK,REL_260_272,0.11106532567841695
CK1,REL_260_272,0.11106532567841695
DMPK,REL_260_272,0.11106532567841695
MAPKAPK,REL_260_272,0.11106532567841695
MARK,REL_260_272,0.11106532567841695
PAKA,REL_260_272,0.11106532567841695
PEK,REL_260_272,0.11106532567841695
PIM,REL_260_272,0.11106532567841695
PKCA,REL_260_272,0.11106532567841695
PKD,REL_260_272,0.11106532567841695
PKG,REL_260_272,0.11106532567841695
PLK,REL_260_272,0.11106532567841695
RSK,REL_260_272,0.11106532567841695
STE7,REL_260_272,0.11106532567841695
VRK2,REL_260_272,0.11106532567841695
AKT,RS6_228_240,0.03089218723961373
BARK1,RS6_228_240,0.03089218723961373
CAMK1,RS6_228_240,0.03089218723961373
CDK,RS6_228_240,0.03089218723961373
DAPK,RS6_228_240,0.03089218723961373
DMPK,RS6_228_240,0.03089218723961373
IKK,RS6_228_240,0.03089218723961373
MAPKAPK,RS6_228_240,0.03089218723961373
MELK,RS6_228_240,0.03089218723961373
PAKA,RS6_228_240,0.03089218723961373
PASK,RS6_228_240,0.03089218723961373
PDHK,RS6_228_240,0.03089218723961373
PEK,RS6_228_240,0.03089218723961373
PHK,RS6_228_240,0.03089218723961373
PIM,RS6_228_240,0.03089218723961373
PKA,RS6_228_240,0.03089218723961373
PKCA,RS6_228_240,0.03089218723961373
PKCD,RS6_228_240,0.03089218723961373
PKCI,RS6_228_240,0.03089218723961373
PKD,RS6_228_240,0.03089218723961373
PKG,RS6_228_240,0.03089218723961373
QIK,RS6_228_240,0.03089218723961373
RIPK,RS6_228_240,0.03089218723961373
RSK,RS6_228_240,0.03089218723961373
SGK,RS6_228_240,0.03089218723961373
VRK2,RS6_228_240,0.03089218723961373
BARK1,RYR1_4317_4329,0.2234374711170292
DMPK,RYR1_4317_4329,0.2234374711170292
PHK,RYR1_4317_4329,0.2234374711170292
PIM,RYR1_4317_4329,0.2234374711170292
PKA,RYR1_4317_4329,0.2234374711170292
PKCA,RYR1_4317_4329,0.2234374711170292
PKCH,RYR1_4317_4329,0.2234374711170292
PKG,RYR1_4317_4329,0.2234374711170292
RSK,RYR1_4317_4329,0.2234374711170292
VRK2,RYR1_4317_4329,0.2234374711170292
BARK1,SCN7A_898_910,-0.07761724151659907
DMPK,SCN7A_898_910,-0.07761724151659907
HAL,SCN7A_898_910,-0.07761724151659907
IKK,SCN7A_898_910,-0.07761724151659907
PHK,SCN7A_898_910,-0.07761724151659907
PKA,SCN7A_898_910,-0.07761724151659907
PKCA,SCN7A_898_910,-0.07761724151659907
PKG,SCN7A_898_910,-0.07761724151659907
RIPK,SCN7A_898_910,-0.07761724151659907
RSK,SCN7A_898_910,-0.07761724151659907
VRK2,SCN7A_898_910,-0.07761724151659907
AUR,STK6_283_295,-0.05420130937117484
BARK1,STK6_283_295,-0.05420130937117484
CAMK1,STK6_283_295,-0.05420130937117484
CAMK2,STK6_283_295,-0.05420130937117484
CDK,STK6_283_295,-0.05420130937117484
DMPK,STK6_283_295,-0.05420130937117484
FRAY,STK6_283_295,-0.05420130937117484
IKK,STK6_283_295,-0.05420130937117484
IRAK,STK6_283_295,-0.05420130937117484
LKB,STK6_283_295,-0.05420130937117484
MELK,STK6_283_295,-0.05420130937117484
MLK,STK6_283_295,-0.05420130937117484
MTOR,STK6_283_295,-0.05420130937117484
NDR,STK6_283_295,-0.05420130937117484
NEK,STK6_283_295,-0.05420130937117484
PAKA,STK6_283_295,-0.05420130937117484
PDHK,STK6_283_295,-0.05420130937117484
PDK1,STK6_283_295,-0.05420130937117484
PEK,STK6_283_295,-0.05420130937117484
PHK,STK6_283_295,-0.05420130937117484
PKA,STK6_283_295,-0.05420130937117484
PKCA,STK6_283_295,-0.05420130937117484
PKCD,STK6_283_295,-0.05420130937117484
PLK,STK6_283_295,-0.05420130937117484
PRKDC,STK6_283_295,-0.05420130937117484
QIK,STK6_283_295,-0.05420130937117484
RAD53,STK6_283_295,-0.05420130937117484
RSK,STK6_283_295,-0.05420130937117484
STE7,STK6_283_295,-0.05420130937117484
VRK2,STK6_283_295,-0.05420130937117484
AKT,TAU_524_536,-0.15721518400665097
BARK1,TAU_524_536,-0.15721518400665097
CAMK1,TAU_524_536,-0.15721518400665097
CDK,TAU_524_536,-0.15721518400665097
DMPK,TAU_524_536,-0.15721518400665097
DYRK,TAU_524_536,-0.15721518400665097
ERK,TAU_524_536,-0.15721518400665097
GRK,TAU_524_536,-0.15721518400665097
GSK,TAU_524_536,-0.15721518400665097
IKK,TAU_524_536,-0.15721518400665097
JNK,TAU_524_536,-0.15721518400665097
MAPKAPK,TAU_524_536,-0.15721518400665097
MELK,TAU_524_536,-0.15721518400665097
MTOR,TAU_524_536,-0.15721518400665097
P38,TAU_524_536,-0.15721518400665097
PDK1,TAU_524_536,-0.15721518400665097
PEK,TAU_524_536,-0.15721518400665097
PHK,TAU_524_536,-0.15721518400665097
PIM,TAU_524_536,-0.15721518400665097
PKA,TAU_524_536,-0.15721518400665097
PKCA,TAU_524_536,-0.15721518400665097
PKD,TAU_524_536,-0.15721518400665097
PLK,TAU_524_536,-0.15721518400665097
QIK,TAU_524_536,-0.15721518400665097
RAF,TAU_524_536,-0.15721518400665097
RIPK,TAU_524_536,-0.15721518400665097
RSK,TAU_524_536,-0.15721518400665097
SGK,TAU_524_536,-0.15721518400665097
STE11,TAU_524_536,-0.15721518400665097
VRK2,TAU_524_536,-0.15721518400665097
AKT,TOP2A_1463_1475,0.02188667476659667
BARK1,TOP2A_1463_1475,0.02188667476659667
CDK,TOP2A_1463_1475,0.02188667476659667
CK1,TOP2A_1463_1475,0.02188667476659667
CK2,TOP2A_1463_1475,0.02188667476659667
DAPK,TOP2A_1463_1475,0.02188667476659667
DMPK,TOP2A_1463_1475,0.02188667476659667
IKK,TOP2A_1463_1475,0.02188667476659667
MLK,TOP2A_1463_1475,0.02188667476659667
NEK,TOP2A_1463_1475,0.02188667476659667
PAKA,TOP2A_1463_1475,0.02188667476659667
PEK,TOP2A_1463_1475,0.02188667476659667
PHK,TOP2A_1463_1475,0.02188667476659667
PIM,TOP2A_1463_1475,0.02188667476659667
PKA,TOP2A_1463_1475,0.02188667476659667
PKCA,TOP2A_1463_1475,0.02188667476659667
PKG,TOP2A_1463_1475,0.02188667476659667
PLK,TOP2A_1463_1475,0.02188667476659667
QIK,TOP2A_1463_1475,0.02188667476659667
RAD53,TOP2A_1463_1475,0.02188667476659667
RIPK,TOP2A_1463_1475,0.02188667476659667
RSK,TOP2A_1463_1475,0.02188667476659667
VRK2,TOP2A_1463_1475,0.02188667476659667
BARK1,TY3H_65_77,0.13723650474066734
CAMK2,TY3H_65_77,0.13723650474066734
MAPKAPK,TY3H_65_77,0.13723650474066734
PHK,TY3H_65_77,0.13723650474066734
PIM,TY3H_65_77,0.13723650474066734
PKA,TY3H_65_77,0.13723650474066734
PKCA,TY3H_65_77,0.13723650474066734
PKG,TY3H_65_77,0.13723650474066734
QIK,TY3H_65_77,0.13723650474066734
RIPK,TY3H_65_77,0.13723650474066734
RSK,TY3H_65_77,0.13723650474066734
VRK2,TY3H_65_77,0.13723650474066734
BARK1,VASP_150_162,-0.06108653172951683
DMPK,VASP_150_162,-0.06108653172951683
PHK,VASP_150_162,-0.06108653172951683
PIM,VASP_150_162,-0.06108653172951683
PKA,VASP_150_162,-0.06108653172951683
PKCA,VASP_150_162,-0.06108653172951683
PKD,VASP_150_162,-0.06108653172951683
PKG,VASP_150_162,-0.06108653172951683
RIPK,VASP_150_162,-0.06108653172951683
RSK,VASP_150_162,-0.06108653172951683
VRK2,VASP_150_162,-0.06108653172951683
BARK1,VASP_232_244,-0.03298188917461431
CDK,VASP_232_244,-0.03298188917461431
DMPK,VASP_232_244,-0.03298188917461431
IKK,VASP_232_244,-0.03298188917461431
MAPKAPK,VASP_232_244,-0.03298188917461431
PHK,VASP_232_244,-0.03298188917461431
PIM,VASP_232_244,-0.03298188917461431
PKA,VASP_232_244,-0.03298188917461431
PKCA,VASP_232_244,-0.03298188917461431
PKCH,VASP_232_244,-0.03298188917461431
PKD,VASP_232_244,-0.03298188917461431
PKG,VASP_232_244,-0.03298188917461431
RIPK,VASP_232_244,-0.03298188917461431
RSK,VASP_232_244,-0.03298188917461431
VRK2,VASP_232_244,-0.03298188917461431
AKT,VASP_271_283,0.07680083547384134
ATR,VASP_271_283,0.07680083547384134
AMPK,VASP_271_283,0.07680083547384134
BARK1,VASP_271_283,0.07680083547384134
DMPK,VASP_271_283,0.07680083547384134
IKK,VASP_271_283,0.07680083547384134
PAKA,VASP_271_283,0.07680083547384134
PHK,VASP_271_283,0.07680083547384134
PIM,VASP_271_283,0.07680083547384134
PKA,VASP_271_283,0.07680083547384134
PKG,VASP_271_283,0.07680083547384134
RIPK,VASP_271_283,0.07680083547384134
RSK,VASP_271_283,0.07680083547384134
VRK2,VASP_271_283,0.07680083547384134
AKT,VTNC_390_402,-0.04215589168870912
BARK1,VTNC_390_402,-0.04215589168870912
CDK,VTNC_390_402,-0.04215589168870912
DAPK,VTNC_390_402,-0.04215589168870912
DMPK,VTNC_390_402,-0.04215589168870912
PDHK,VTNC_390_402,-0.04215589168870912
PEK,VTNC_390_402,-0.04215589168870912
PHK,VTNC_390_402,-0.04215589168870912
PKA,VTNC_390_402,-0.04215589168870912
PKCA,VTNC_390_402,-0.04215589168870912
QIK,VTNC_390_402,-0.04215589168870912
RIPK,VTNC_390_402,-0.04215589168870912
RSK,VTNC_390_402,-0.04215589168870912
SGK,VTNC_390_402,-0.04215589168870912
VRK2,VTNC_390_402,-0.04215589168870912
BARK1,ACM1_444_456,-0.19522656890430465
CDK,ACM1_444_456,-0.19522656890430465
CK1,ACM1_444_456,-0.19522656890430465
DAPK,ACM1_444_456,-0.19522656890430465
DMPK,ACM1_444_456,-0.19522656890430465
DYRK,ACM1_444_456,-0.19522656890430465
ERK,ACM1_444_456,-0.19522656890430465
GSK,ACM1_444_456,-0.19522656890430465
IRAK,ACM1_444_456,-0.19522656890430465
JNK,ACM1_444_456,-0.19522656890430465
MLCK,ACM1_444_456,-0.19522656890430465
P38,ACM1_444_456,-0.19522656890430465
PDK1,ACM1_444_456,-0.19522656890430465
PEK,ACM1_444_456,-0.19522656890430465
PHK,ACM1_444_456,-0.19522656890430465
PIM,ACM1_444_456,-0.19522656890430465
PKCA,ACM1_444_456,-0.19522656890430465
RSK,ACM1_444_456,-0.19522656890430465
VRK2,ACM1_444_456,-0.19522656890430465
BARK1,ACM4_456_468,-0.10469840930917464
FRAY,ACM4_456_468,-0.10469840930917464
MELK,ACM4_456_468,-0.10469840930917464
PDHK,ACM4_456_468,-0.10469840930917464
PDK1,ACM4_456_468,-0.10469840930917464
PIM,ACM4_456_468,-0.10469840930917464
PKCA,ACM4_456_468,-0.10469840930917464
PKCH,ACM4_456_468,-0.10469840930917464
VRK2,ACM4_456_468,-0.10469840930917464
BARK1,ADDB_696_708,-0.3650149108456959
CDK,ADDB_696_708,-0.3650149108456959
CK1,ADDB_696_708,-0.3650149108456959
DMPK,ADDB_696_708,-0.3650149108456959
DYRK,ADDB_696_708,-0.3650149108456959
ERK,ADDB_696_708,-0.3650149108456959
GSK,ADDB_696_708,-0.3650149108456959
IKK,ADDB_696_708,-0.3650149108456959
JNK,ADDB_696_708,-0.3650149108456959
MELK,ADDB_696_708,-0.3650149108456959
MST,ADDB_696_708,-0.3650149108456959
NEK,ADDB_696_708,-0.3650149108456959
P38,ADDB_696_708,-0.3650149108456959
PDK1,ADDB_696_708,-0.3650149108456959
PEK,ADDB_696_708,-0.3650149108456959
PKCA,ADDB_696_708,-0.3650149108456959
PKCH,ADDB_696_708,-0.3650149108456959
PLK,ADDB_696_708,-0.3650149108456959
QIK,ADDB_696_708,-0.3650149108456959
RIPK,ADDB_696_708,-0.3650149108456959
STE7,ADDB_696_708,-0.3650149108456959
VRK1,ADDB_696_708,-0.3650149108456959
VRK2,ADDB_696_708,-0.3650149108456959
BARK1,ADDB_706_718,0.14717537322662633
CDK,ADDB_706_718,0.14717537322662633
CHK1,ADDB_706_718,0.14717537322662633
DMPK,ADDB_706_718,0.14717537322662633
DYRK,ADDB_706_718,0.14717537322662633
ERK,ADDB_706_718,0.14717537322662633
JNK,ADDB_706_718,0.14717537322662633
MAPKAPK,ADDB_706_718,0.14717537322662633
MST,ADDB_706_718,0.14717537322662633
NEK,ADDB_706_718,0.14717537322662633
P38,ADDB_706_718,0.14717537322662633
PAKA,ADDB_706_718,0.14717537322662633
PDHK,ADDB_706_718,0.14717537322662633
PDK1,ADDB_706_718,0.14717537322662633
PEK,ADDB_706_718,0.14717537322662633
PHK,ADDB_706_718,0.14717537322662633
PIM,ADDB_706_718,0.14717537322662633
PKCA,ADDB_706_718,0.14717537322662633
PLK,ADDB_706_718,0.14717537322662633
RAD53,ADDB_706_718,0.14717537322662633
RSK,ADDB_706_718,0.14717537322662633
VRK2,ADDB_706_718,0.14717537322662633
AKT,ADRB2_338_350,-0.05579148890482433
BARK1,ADRB2_338_350,-0.05579148890482433
CAMK1,ADRB2_338_350,-0.05579148890482433
CDK,ADRB2_338_350,-0.05579148890482433
CHK1,ADRB2_338_350,-0.05579148890482433
DMPK,ADRB2_338_350,-0.05579148890482433
GRK,ADRB2_338_350,-0.05579148890482433
PAKA,ADRB2_338_350,-0.05579148890482433
PKA,ADRB2_338_350,-0.05579148890482433
PKCA,ADRB2_338_350,-0.05579148890482433
PKCI,ADRB2_338_350,-0.05579148890482433
PKG,ADRB2_338_350,-0.05579148890482433
RAD53,ADRB2_338_350,-0.05579148890482433
RSK,ADRB2_338_350,-0.05579148890482433
VRK2,ADRB2_338_350,-0.05579148890482433
AKT,ANDR_785_797,0.25802163216803553
ATR,ANDR_785_797,0.25802163216803553
BARK1,ANDR_785_797,0.25802163216803553
DMPK,ANDR_785_797,0.25802163216803553
PHK,ANDR_785_797,0.25802163216803553
PIM,ANDR_785_797,0.25802163216803553
PKA,ANDR_785_797,0.25802163216803553
PKD,ANDR_785_797,0.25802163216803553
RAF,ANDR_785_797,0.25802163216803553
RSK,ANDR_785_797,0.25802163216803553
VRK2,ANDR_785_797,0.25802163216803553
AKT,ANXA1_209_221,0.16355191874255195
BARK1,ANXA1_209_221,0.16355191874255195
DMPK,ANXA1_209_221,0.16355191874255195
PHK,ANXA1_209_221,0.16355191874255195
PKA,ANXA1_209_221,0.16355191874255195
PKCA,ANXA1_209_221,0.16355191874255195
PKG,ANXA1_209_221,0.16355191874255195
RSK,ANXA1_209_221,0.16355191874255195
VRK2,ANXA1_209_221,0.16355191874255195
AMPK,BAD_112_124,0.14854051952786868
BARK1,BAD_112_124,0.14854051952786868
CK1,BAD_112_124,0.14854051952786868
DMPK,BAD_112_124,0.14854051952786868
FRAY,BAD_112_124,0.14854051952786868
IRAK,BAD_112_124,0.14854051952786868
NEK,BAD_112_124,0.14854051952786868
PAKA,BAD_112_124,0.14854051952786868
PDHK,BAD_112_124,0.14854051952786868
PEK,BAD_112_124,0.14854051952786868
PHK,BAD_112_124,0.14854051952786868
PIM,BAD_112_124,0.14854051952786868
PKA,BAD_112_124,0.14854051952786868
PKCA,BAD_112_124,0.14854051952786868
PKCI,BAD_112_124,0.14854051952786868
PKD,BAD_112_124,0.14854051952786868
PKG,BAD_112_124,0.14854051952786868
QIK,BAD_112_124,0.14854051952786868
RAF,BAD_112_124,0.14854051952786868
RSK,BAD_112_124,0.14854051952786868
STE7,BAD_112_124,0.14854051952786868
VRK2,BAD_112_124,0.14854051952786868
AKT,BAD_69_81,-0.16705821657101289
BARK1,BAD_69_81,-0.16705821657101289
CDK,BAD_69_81,-0.16705821657101289
DMPK,BAD_69_81,-0.16705821657101289
ERK,BAD_69_81,-0.16705821657101289
MELK,BAD_69_81,-0.16705821657101289
MTOR,BAD_69_81,-0.16705821657101289
PAKA,BAD_69_81,-0.16705821657101289
PAKB,BAD_69_81,-0.16705821657101289
PDHK,BAD_69_81,-0.16705821657101289
PDK1,BAD_69_81,-0.16705821657101289
PEK,BAD_69_81,-0.16705821657101289
PHK,BAD_69_81,-0.16705821657101289
PIM,BAD_69_81,-0.16705821657101289
PKA,BAD_69_81,-0.16705821657101289
PKCA,BAD_69_81,-0.16705821657101289
PKCI,BAD_69_81,-0.16705821657101289
PKD,BAD_69_81,-0.16705821657101289
PKG,BAD_69_81,-0.16705821657101289
QIK,BAD_69_81,-0.16705821657101289
RAD53,BAD_69_81,-0.16705821657101289
RAF,BAD_69_81,-0.16705821657101289
RSK,BAD_69_81,-0.16705821657101289
SGK,BAD_69_81,-0.16705821657101289
VRK2,BAD_69_81,-0.16705821657101289
AKT,BAD_93_105,-0.02274082502375694
BARK1,BAD_93_105,-0.02274082502375694
DMPK,BAD_93_105,-0.02274082502375694
MAPKAPK,BAD_93_105,-0.02274082502375694
PAKA,BAD_93_105,-0.02274082502375694
PHK,BAD_93_105,-0.02274082502375694
PIM,BAD_93_105,-0.02274082502375694
PKA,BAD_93_105,-0.02274082502375694
PKCA,BAD_93_105,-0.02274082502375694
PKCI,BAD_93_105,-0.02274082502375694
PKD,BAD_93_105,-0.02274082502375694
PKG,BAD_93_105,-0.02274082502375694
QIK,BAD_93_105,-0.02274082502375694
RAF,BAD_93_105,-0.02274082502375694
RSK,BAD_93_105,-0.02274082502375694
SGK,BAD_93_105,-0.02274082502375694
VRK2,BAD_93_105,-0.02274082502375694
AKT,BCKD_45_57,0.03742785618462698
BARK1,BCKD_45_57,0.03742785618462698
CDK,BCKD_45_57,0.03742785618462698
DMPK,BCKD_45_57,0.03742785618462698
FRAY,BCKD_45_57,0.03742785618462698
GRK,BCKD_45_57,0.03742785618462698
IKK,BCKD_45_57,0.03742785618462698
MAPKAPK,BCKD_45_57,0.03742785618462698
MELK,BCKD_45_57,0.03742785618462698
MLCK,BCKD_45_57,0.03742785618462698
MST,BCKD_45_57,0.03742785618462698
PAKA,BCKD_45_57,0.03742785618462698
PDHK,BCKD_45_57,0.03742785618462698
PDK1,BCKD_45_57,0.03742785618462698
PEK,BCKD_45_57,0.03742785618462698
PHK,BCKD_45_57,0.03742785618462698
PIM,BCKD_45_57,0.03742785618462698
PKA,BCKD_45_57,0.03742785618462698
PKCA,BCKD_45_57,0.03742785618462698
PKG,BCKD_45_57,0.03742785618462698
PLK,BCKD_45_57,0.03742785618462698
QIK,BCKD_45_57,0.03742785618462698
RSK,BCKD_45_57,0.03742785618462698
SGK,BCKD_45_57,0.03742785618462698
STE7,BCKD_45_57,0.03742785618462698
VRK2,BCKD_45_57,0.03742785618462698
BARK1,CAC1C_1974_1986,-0.04409819130209917
CAMK1,CAC1C_1974_1986,-0.04409819130209917
MAPKAPK,CAC1C_1974_1986,-0.04409819130209917
PDHK,CAC1C_1974_1986,-0.04409819130209917
PHK,CAC1C_1974_1986,-0.04409819130209917
PIM,CAC1C_1974_1986,-0.04409819130209917
PKCA,CAC1C_1974_1986,-0.04409819130209917
PKD,CAC1C_1974_1986,-0.04409819130209917
PKG,CAC1C_1974_1986,-0.04409819130209917
QIK,CAC1C_1974_1986,-0.04409819130209917
RAD53,CAC1C_1974_1986,-0.04409819130209917
RIPK,CAC1C_1974_1986,-0.04409819130209917
RSK,CAC1C_1974_1986,-0.04409819130209917
VRK2,CAC1C_1974_1986,-0.04409819130209917
AKT,CD27_212_224,-0.04223304659451769
BARK1,CD27_212_224,-0.04223304659451769
CDK,CD27_212_224,-0.04223304659451769
DMPK,CD27_212_224,-0.04223304659451769
ERK,CD27_212_224,-0.04223304659451769
IKK,CD27_212_224,-0.04223304659451769
JNK,CD27_212_224,-0.04223304659451769
P38,CD27_212_224,-0.04223304659451769
PDHK,CD27_212_224,-0.04223304659451769
PEK,CD27_212_224,-0.04223304659451769
PHK,CD27_212_224,-0.04223304659451769
PIM,CD27_212_224,-0.04223304659451769
PKCA,CD27_212_224,-0.04223304659451769
PKD,CD27_212_224,-0.04223304659451769
QIK,CD27_212_224,-0.04223304659451769
RSK,CD27_212_224,-0.04223304659451769
VRK2,CD27_212_224,-0.04223304659451769
BARK1,CDC2_154_169,-0.240878095721226
CDK,CDC2_154_169,-0.240878095721226
COT,CDC2_154_169,-0.240878095721226
PEK,CDC2_154_169,-0.240878095721226
PKG,CDC2_154_169,-0.240878095721226
RSK,CDC2_154_169,-0.240878095721226
STE7,CDC2_154_169,-0.240878095721226
VRK2,CDC2_154_169,-0.240878095721226
BARK1,CDK7_163_175,0.06493470535496085
CDK,CDK7_163_175,0.06493470535496085
DMPK,CDK7_163_175,0.06493470535496085
DYRK,CDK7_163_175,0.06493470535496085
FRAY,CDK7_163_175,0.06493470535496085
JNK,CDK7_163_175,0.06493470535496085
MAPKAPK,CDK7_163_175,0.06493470535496085
MST,CDK7_163_175,0.06493470535496085
MTOR,CDK7_163_175,0.06493470535496085
P38,CDK7_163_175,0.06493470535496085
PDK1,CDK7_163_175,0.06493470535496085
PEK,CDK7_163_175,0.06493470535496085
PHK,CDK7_163_175,0.06493470535496085
PIM,CDK7_163_175,0.06493470535496085
PKCA,CDK7_163_175,0.06493470535496085
PKCI,CDK7_163_175,0.06493470535496085
PRKDC,CDK7_163_175,0.06493470535496085
QIK,CDK7_163_175,0.06493470535496085
STE7,CDK7_163_175,0.06493470535496085
VRK2,CDK7_163_175,0.06493470535496085
AKT,CDN1A_139_151,0.02401099267822282
BARK1,CDN1A_139_151,0.02401099267822282
CDK,CDN1A_139_151,0.02401099267822282
DAPK,CDN1A_139_151,0.02401099267822282
DMPK,CDN1A_139_151,0.02401099267822282
IKK,CDN1A_139_151,0.02401099267822282
MELK,CDN1A_139_151,0.02401099267822282
NDR,CDN1A_139_151,0.02401099267822282
PEK,CDN1A_139_151,0.02401099267822282
PHK,CDN1A_139_151,0.02401099267822282
PIM,CDN1A_139_151,0.02401099267822282
PKCA,CDN1A_139_151,0.02401099267822282
PKD,CDN1A_139_151,0.02401099267822282
RIPK,CDN1A_139_151,0.02401099267822282
RSK,CDN1A_139_151,0.02401099267822282
STE7,CDN1A_139_151,0.02401099267822282
VRK2,CDN1A_139_151,0.02401099267822282
AUR,CENPA_1_14,0.08433670874332695
BARK1,CENPA_1_14,0.08433670874332695
DMPK,CENPA_1_14,0.08433670874332695
MAPKAPK,CENPA_1_14,0.08433670874332695
PIM,CENPA_1_14,0.08433670874332695
PKCA,CENPA_1_14,0.08433670874332695
PKG,CENPA_1_14,0.08433670874332695
VRK2,CENPA_1_14,0.08433670874332695
AMPK,CFTR_730_742,-0.05915225564898859
BARK1,CFTR_730_742,-0.05915225564898859
CAMK2,CFTR_730_742,-0.05915225564898859
CDK,CFTR_730_742,-0.05915225564898859
DAPK,CFTR_730_742,-0.05915225564898859
DYRK,CFTR_730_742,-0.05915225564898859
GRK,CFTR_730_742,-0.05915225564898859
IKK,CFTR_730_742,-0.05915225564898859
MAPKAPK,CFTR_730_742,-0.05915225564898859
PAKA,CFTR_730_742,-0.05915225564898859
PDHK,CFTR_730_742,-0.05915225564898859
PEK,CFTR_730_742,-0.05915225564898859
PHK,CFTR_730_742,-0.05915225564898859
PKA,CFTR_730_742,-0.05915225564898859
PKCA,CFTR_730_742,-0.05915225564898859
PKD,CFTR_730_742,-0.05915225564898859
PKG,CFTR_730_742,-0.05915225564898859
QIK,CFTR_730_742,-0.05915225564898859
RAD53,CFTR_730_742,-0.05915225564898859
RSK,CFTR_730_742,-0.05915225564898859
VRK2,CFTR_730_742,-0.05915225564898859
AKT,CGHB_109_121,0.09314972573574418
BARK1,CGHB_109_121,0.09314972573574418
CAMK2,CGHB_109_121,0.09314972573574418
DMPK,CGHB_109_121,0.09314972573574418
IKK,CGHB_109_121,0.09314972573574418
MTOR,CGHB_109_121,0.09314972573574418
PDHK,CGHB_109_121,0.09314972573574418
PDK1,CGHB_109_121,0.09314972573574418
PEK,CGHB_109_121,0.09314972573574418
PKA,CGHB_109_121,0.09314972573574418
PKCA,CGHB_109_121,0.09314972573574418
PKG,CGHB_109_121,0.09314972573574418
RSK,CGHB_109_121,0.09314972573574418
VRK2,CGHB_109_121,0.09314972573574418
AMPK,CREB1_126_138,0.1977483770431192
ATM,CREB1_126_138,0.1977483770431192
BARK1,CREB1_126_138,0.1977483770431192
CAMK1,CREB1_126_138,0.1977483770431192
CAMK2,CREB1_126_138,0.1977483770431192
COT,CREB1_126_138,0.1977483770431192
DMPK,CREB1_126_138,0.1977483770431192
DYRK,CREB1_126_138,0.1977483770431192
GSK,CREB1_126_138,0.1977483770431192
MAPKAPK,CREB1_126_138,0.1977483770431192
PDHK,CREB1_126_138,0.1977483770431192
PHK,CREB1_126_138,0.1977483770431192
PIM,CREB1_126_138,0.1977483770431192
PKA,CREB1_126_138,0.1977483770431192
PKCA,CREB1_126_138,0.1977483770431192
PKCD,CREB1_126_138,0.1977483770431192
PKCH,CREB1_126_138,0.1977483770431192
PKD,CREB1_126_138,0.1977483770431192
QIK,CREB1_126_138,0.1977483770431192
RAD53,CREB1_126_138,0.1977483770431192
RSK,CREB1_126_138,0.1977483770431192
SGK,CREB1_126_138,0.1977483770431192
VRK2,CREB1_126_138,0.1977483770431192
AMPK,CSF1R_701_713,0.0944771458216452
BARK1,CSF1R_701_713,0.0944771458216452
CDK,CSF1R_701_713,0.0944771458216452
CK1,CSF1R_701_713,0.0944771458216452
DMPK,CSF1R_701_713,0.0944771458216452
PDHK,CSF1R_701_713,0.0944771458216452
PEK,CSF1R_701_713,0.0944771458216452
PIM,CSF1R_701_713,0.0944771458216452
PKA,CSF1R_701_713,0.0944771458216452
PKCA,CSF1R_701_713,0.0944771458216452
PKG,CSF1R_701_713,0.0944771458216452
RSK,CSF1R_701_713,0.0944771458216452
VRK2,CSF1R_701_713,0.0944771458216452
AMPK,DESP_2842_2854,-0.14560539303417208
BARK1,DESP_2842_2854,-0.14560539303417208
CAMK1,DESP_2842_2854,-0.14560539303417208
CDK,DESP_2842_2854,-0.14560539303417208
CK1,DESP_2842_2854,-0.14560539303417208
DMPK,DESP_2842_2854,-0.14560539303417208
GSK,DESP_2842_2854,-0.14560539303417208
IKK,DESP_2842_2854,-0.14560539303417208
MAPKAPK,DESP_2842_2854,-0.14560539303417208
P38,DESP_2842_2854,-0.14560539303417208
PDHK,DESP_2842_2854,-0.14560539303417208
PDK1,DESP_2842_2854,-0.14560539303417208
PEK,DESP_2842_2854,-0.14560539303417208
PHK,DESP_2842_2854,-0.14560539303417208
PIM,DESP_2842_2854,-0.14560539303417208
PKA,DESP_2842_2854,-0.14560539303417208
PKCA,DESP_2842_2854,-0.14560539303417208
PKG,DESP_2842_2854,-0.14560539303417208
QIK,DESP_2842_2854,-0.14560539303417208
RIPK,DESP_2842_2854,-0.14560539303417208
RSK,DESP_2842_2854,-0.14560539303417208
SGK,DESP_2842_2854,-0.14560539303417208
STE11,DESP_2842_2854,-0.14560539303417208
STE7,DESP_2842_2854,-0.14560539303417208
VRK2,DESP_2842_2854,-0.14560539303417208
BARK1,EPB42_241_253,-0.12472035776779104
DMPK,EPB42_241_253,-0.12472035776779104
PHK,EPB42_241_253,-0.12472035776779104
PIM,EPB42_241_253,-0.12472035776779104
PKA,EPB42_241_253,-0.12472035776779104
PKCA,EPB42_241_253,-0.12472035776779104
PKG,EPB42_241_253,-0.12472035776779104
RAD53,EPB42_241_253,-0.12472035776779104
RSK,EPB42_241_253,-0.12472035776779104
VRK2,EPB42_241_253,-0.12472035776779104
BARK1,ERBB2_679_691,0.17914582214113456
DMPK,ERBB2_679_691,0.17914582214113456
PHK,ERBB2_679_691,0.17914582214113456
PIM,ERBB2_679_691,0.17914582214113456
PKA,ERBB2_679_691,0.17914582214113456
PKCA,ERBB2_679_691,0.17914582214113456
PKCD,ERBB2_679_691,0.17914582214113456
PKCH,ERBB2_679_691,0.17914582214113456
PKG,ERBB2_679_691,0.17914582214113456
RSK,ERBB2_679_691,0.17914582214113456
VRK2,ERBB2_679_691,0.17914582214113456
BARK1,ERF_519_531,0.04249450573688811
CDK,ERF_519_531,0.04249450573688811
CHK1,ERF_519_531,0.04249450573688811
DAPK,ERF_519_531,0.04249450573688811
DMPK,ERF_519_531,0.04249450573688811
DYRK,ERF_519_531,0.04249450573688811
ERK,ERF_519_531,0.04249450573688811
IRAK,ERF_519_531,0.04249450573688811
MST,ERF_519_531,0.04249450573688811
P38,ERF_519_531,0.04249450573688811
PDK1,ERF_519_531,0.04249450573688811
PEK,ERF_519_531,0.04249450573688811
PIM,ERF_519_531,0.04249450573688811
PKA,ERF_519_531,0.04249450573688811
PKCA,ERF_519_531,0.04249450573688811
PKG,ERF_519_531,0.04249450573688811
RAD53,ERF_519_531,0.04249450573688811
RSK,ERF_519_531,0.04249450573688811
VRK2,ERF_519_531,0.04249450573688811
AKT,ESR1_160_172,0.04348991937797386
AUR,ESR1_160_172,0.04348991937797386
BARK1,ESR1_160_172,0.04348991937797386
CK2,ESR1_160_172,0.04348991937797386
DMPK,ESR1_160_172,0.04348991937797386
IKK,ESR1_160_172,0.04348991937797386
PEK,ESR1_160_172,0.04348991937797386
PHK,ESR1_160_172,0.04348991937797386
PIM,ESR1_160_172,0.04348991937797386
PKCA,ESR1_160_172,0.04348991937797386
RSK,ESR1_160_172,0.04348991937797386
STE11,ESR1_160_172,0.04348991937797386
STE7,ESR1_160_172,0.04348991937797386
VRK2,ESR1_160_172,0.04348991937797386
BARK1,FIBA_569_581,-0.15668796260484924
CDK,FIBA_569_581,-0.15668796260484924
CK1,FIBA_569_581,-0.15668796260484924
DAPK,FIBA_569_581,-0.15668796260484924
DMPK,FIBA_569_581,-0.15668796260484924
ERK,FIBA_569_581,-0.15668796260484924
GSK,FIBA_569_581,-0.15668796260484924
HAL,FIBA_569_581,-0.15668796260484924
IKK,FIBA_569_581,-0.15668796260484924
JNK,FIBA_569_581,-0.15668796260484924
MLCK,FIBA_569_581,-0.15668796260484924
MST,FIBA_569_581,-0.15668796260484924
PDHK,FIBA_569_581,-0.15668796260484924
PEK,FIBA_569_581,-0.15668796260484924
PHK,FIBA_569_581,-0.15668796260484924
PIM,FIBA_569_581,-0.15668796260484924
PKA,FIBA_569_581,-0.15668796260484924
PKCA,FIBA_569_581,-0.15668796260484924
PKG,FIBA_569_581,-0.15668796260484924
PLK,FIBA_569_581,-0.15668796260484924
QIK,FIBA_569_581,-0.15668796260484924
RAF,FIBA_569_581,-0.15668796260484924
RIPK,FIBA_569_581,-0.15668796260484924
RSK,FIBA_569_581,-0.15668796260484924
SGK,FIBA_569_581,-0.15668796260484924
STE7,FIBA_569_581,-0.15668796260484924
VRK2,FIBA_569_581,-0.15668796260484924
AKT,FOXO3_25_37,-0.22671128922799227
BARK1,FOXO3_25_37,-0.22671128922799227
CDK,FOXO3_25_37,-0.22671128922799227
ERK,FOXO3_25_37,-0.22671128922799227
MAPKAPK,FOXO3_25_37,-0.22671128922799227
P38,FOXO3_25_37,-0.22671128922799227
PHK,FOXO3_25_37,-0.22671128922799227
PIM,FOXO3_25_37,-0.22671128922799227
PKCA,FOXO3_25_37,-0.22671128922799227
QIK,FOXO3_25_37,-0.22671128922799227
RAF,FOXO3_25_37,-0.22671128922799227
RSK,FOXO3_25_37,-0.22671128922799227
SGK,FOXO3_25_37,-0.22671128922799227
VRK2,FOXO3_25_37,-0.22671128922799227
AKT,FRAP_2443_2455,0.02895419838969398
AMPK,FRAP_2443_2455,0.02895419838969398
BARK1,FRAP_2443_2455,0.02895419838969398
CK1,FRAP_2443_2455,0.02895419838969398
DAPK,FRAP_2443_2455,0.02895419838969398
DMPK,FRAP_2443_2455,0.02895419838969398
MAPKAPK,FRAP_2443_2455,0.02895419838969398
MELK,FRAP_2443_2455,0.02895419838969398
MLK,FRAP_2443_2455,0.02895419838969398
MSN,FRAP_2443_2455,0.02895419838969398
MTOR,FRAP_2443_2455,0.02895419838969398
NEK,FRAP_2443_2455,0.02895419838969398
PDHK,FRAP_2443_2455,0.02895419838969398
PDK1,FRAP_2443_2455,0.02895419838969398
PEK,FRAP_2443_2455,0.02895419838969398
PHK,FRAP_2443_2455,0.02895419838969398
PIM,FRAP_2443_2455,0.02895419838969398
PKA,FRAP_2443_2455,0.02895419838969398
PKCA,FRAP_2443_2455,0.02895419838969398
QIK,FRAP_2443_2455,0.02895419838969398
RSK,FRAP_2443_2455,0.02895419838969398
SGK,FRAP_2443_2455,0.02895419838969398
TAO,FRAP_2443_2455,0.02895419838969398
VRK2,FRAP_2443_2455,0.02895419838969398
AKT,GPR6_349_361,0.01689579505220913
BARK1,GPR6_349_361,0.01689579505220913
CDK,GPR6_349_361,0.01689579505220913
CK1,GPR6_349_361,0.01689579505220913
DMPK,GPR6_349_361,0.01689579505220913
DYRK,GPR6_349_361,0.01689579505220913
ERK,GPR6_349_361,0.01689579505220913
IKK,GPR6_349_361,0.01689579505220913
JNK,GPR6_349_361,0.01689579505220913
MAPKAPK,GPR6_349_361,0.01689579505220913
MELK,GPR6_349_361,0.01689579505220913
P38,GPR6_349_361,0.01689579505220913
PDK1,GPR6_349_361,0.01689579505220913
PEK,GPR6_349_361,0.01689579505220913
PHK,GPR6_349_361,0.01689579505220913
PKCA,GPR6_349_361,0.01689579505220913
QIK,GPR6_349_361,0.01689579505220913
RAF,GPR6_349_361,0.01689579505220913
RSK,GPR6_349_361,0.01689579505220913
SGK,GPR6_349_361,0.01689579505220913
VRK2,GPR6_349_361,0.01689579505220913
AMPK,GPSM2_394_406,0.05133732124418966
BARK1,GPSM2_394_406,0.05133732124418966
CAMK1,GPSM2_394_406,0.05133732124418966
CHK1,GPSM2_394_406,0.05133732124418966
DMPK,GPSM2_394_406,0.05133732124418966
IKK,GPSM2_394_406,0.05133732124418966
MAPKAPK,GPSM2_394_406,0.05133732124418966
MARK,GPSM2_394_406,0.05133732124418966
PHK,GPSM2_394_406,0.05133732124418966
PKCA,GPSM2_394_406,0.05133732124418966
PKD,GPSM2_394_406,0.05133732124418966
VRK2,GPSM2_394_406,0.05133732124418966
BARK1,GSUB_61_73,-0.1648101404167388
CDK,GSUB_61_73,-0.1648101404167388
DAPK,GSUB_61_73,-0.1648101404167388
DMPK,GSUB_61_73,-0.1648101404167388
DYRK,GSUB_61_73,-0.1648101404167388
ERK,GSUB_61_73,-0.1648101404167388
PDK1,GSUB_61_73,-0.1648101404167388
PHK,GSUB_61_73,-0.1648101404167388
PKA,GSUB_61_73,-0.1648101404167388
PKG,GSUB_61_73,-0.1648101404167388
PLK,GSUB_61_73,-0.1648101404167388
VRK2,GSUB_61_73,-0.1648101404167388
AKT,GYS2_1_13,-0.2706282915565594
BARK1,GYS2_1_13,-0.2706282915565594
CDK,GYS2_1_13,-0.2706282915565594
DMPK,GYS2_1_13,-0.2706282915565594
IKK,GYS2_1_13,-0.2706282915565594
MAPKAPK,GYS2_1_13,-0.2706282915565594
MTOR,GYS2_1_13,-0.2706282915565594
PEK,GYS2_1_13,-0.2706282915565594
PHK,GYS2_1_13,-0.2706282915565594
PKA,GYS2_1_13,-0.2706282915565594
PKCA,GYS2_1_13,-0.2706282915565594
QIK,GYS2_1_13,-0.2706282915565594
RSK,GYS2_1_13,-0.2706282915565594
SGK,GYS2_1_13,-0.2706282915565594
VRK2,GYS2_1_13,-0.2706282915565594
AKT,H2B1B_ 27_40,0.10473473926482237
AMPK,H2B1B_ 27_40,0.10473473926482237
BARK1,H2B1B_ 27_40,0.10473473926482237
CAMK1,H2B1B_ 27_40,0.10473473926482237
CDK,H2B1B_ 27_40,0.10473473926482237
COT,H2B1B_ 27_40,0.10473473926482237
DAPK,H2B1B_ 27_40,0.10473473926482237
DMPK,H2B1B_ 27_40,0.10473473926482237
IKK,H2B1B_ 27_40,0.10473473926482237
MLK,H2B1B_ 27_40,0.10473473926482237
MST,H2B1B_ 27_40,0.10473473926482237
PAKA,H2B1B_ 27_40,0.10473473926482237
PAKB,H2B1B_ 27_40,0.10473473926482237
PDHK,H2B1B_ 27_40,0.10473473926482237
PEK,H2B1B_ 27_40,0.10473473926482237
PHK,H2B1B_ 27_40,0.10473473926482237
PIM,H2B1B_ 27_40,0.10473473926482237
PKA,H2B1B_ 27_40,0.10473473926482237
PKCA,H2B1B_ 27_40,0.10473473926482237
PKCH,H2B1B_ 27_40,0.10473473926482237
PKD,H2B1B_ 27_40,0.10473473926482237
PKG,H2B1B_ 27_40,0.10473473926482237
PLK,H2B1B_ 27_40,0.10473473926482237
QIK,H2B1B_ 27_40,0.10473473926482237
RAD53,H2B1B_ 27_40,0.10473473926482237
RSK,H2B1B_ 27_40,0.10473473926482237
SGK,H2B1B_ 27_40,0.10473473926482237
VRK2,H2B1B_ 27_40,0.10473473926482237
AMPK,H32_3_18,0.15946803424344164
ATR,H32_3_18,0.15946803424344164
AUR,H32_3_18,0.15946803424344164
BARK1,H32_3_18,0.15946803424344164
DAPK,H32_3_18,0.15946803424344164
DMPK,H32_3_18,0.15946803424344164
DYRK,H32_3_18,0.15946803424344164
MLK,H32_3_18,0.15946803424344164
MST,H32_3_18,0.15946803424344164
MTOR,H32_3_18,0.15946803424344164
PHK,H32_3_18,0.15946803424344164
PIM,H32_3_18,0.15946803424344164
PKCA,H32_3_18,0.15946803424344164
PKCD,H32_3_18,0.15946803424344164
PRKDC,H32_3_18,0.15946803424344164
QIK,H32_3_18,0.15946803424344164
RAD53,H32_3_18,0.15946803424344164
RSK,H32_3_18,0.15946803424344164
STE7,H32_3_18,0.15946803424344164
VRK1,H32_3_18,0.15946803424344164
VRK2,H32_3_18,0.15946803424344164
BARK1,IF4E_203_215,-0.25661917342346435
CDK,IF4E_203_215,-0.25661917342346435
DMPK,IF4E_203_215,-0.25661917342346435
ERK,IF4E_203_215,-0.25661917342346435
GRK,IF4E_203_215,-0.25661917342346435
IKK,IF4E_203_215,-0.25661917342346435
LKB,IF4E_203_215,-0.25661917342346435
MAPKAPK,IF4E_203_215,-0.25661917342346435
MLK,IF4E_203_215,-0.25661917342346435
P38,IF4E_203_215,-0.25661917342346435
PEK,IF4E_203_215,-0.25661917342346435
PKCA,IF4E_203_215,-0.25661917342346435
QIK,IF4E_203_215,-0.25661917342346435
RIPK,IF4E_203_215,-0.25661917342346435
STKR,IF4E_203_215,-0.25661917342346435
VRK1,IF4E_203_215,-0.25661917342346435
VRK2,IF4E_203_215,-0.25661917342346435
BARK1,KAP2_92_104,0.00490897999672559
CDK,KAP2_92_104,0.00490897999672559
CK2,KAP2_92_104,0.00490897999672559
DMPK,KAP2_92_104,0.00490897999672559
ERK,KAP2_92_104,0.00490897999672559
GSK,KAP2_92_104,0.00490897999672559
MAPKAPK,KAP2_92_104,0.00490897999672559
PDHK,KAP2_92_104,0.00490897999672559
PEK,KAP2_92_104,0.00490897999672559
PHK,KAP2_92_104,0.00490897999672559
PIM,KAP2_92_104,0.00490897999672559
PKA,KAP2_92_104,0.00490897999672559
PKCA,KAP2_92_104,0.00490897999672559
PKD,KAP2_92_104,0.00490897999672559
PKG,KAP2_92_104,0.00490897999672559
QIK,KAP2_92_104,0.00490897999672559
RIPK,KAP2_92_104,0.00490897999672559
RSK,KAP2_92_104,0.00490897999672559
VRK2,KAP2_92_104,0.00490897999672559
AKT,KAP3_107_119,0.05001999875580528
AUR,KAP3_107_119,0.05001999875580528
BARK1,KAP3_107_119,0.05001999875580528
DMPK,KAP3_107_119,0.05001999875580528
MAPKAPK,KAP3_107_119,0.05001999875580528
PDHK,KAP3_107_119,0.05001999875580528
PHK,KAP3_107_119,0.05001999875580528
PKA,KAP3_107_119,0.05001999875580528
PKCA,KAP3_107_119,0.05001999875580528
RIPK,KAP3_107_119,0.05001999875580528
VRK2,KAP3_107_119,0.05001999875580528
BARK1,KAPCG_192_206,0.13151311925656728
CAMK2,KAPCG_192_206,0.13151311925656728
CDK,KAPCG_192_206,0.13151311925656728
DMPK,KAPCG_192_206,0.13151311925656728
DYRK,KAPCG_192_206,0.13151311925656728
ERK,KAPCG_192_206,0.13151311925656728
GSK,KAPCG_192_206,0.13151311925656728
IKK,KAPCG_192_206,0.13151311925656728
IRAK,KAPCG_192_206,0.13151311925656728
LKB,KAPCG_192_206,0.13151311925656728
MELK,KAPCG_192_206,0.13151311925656728
MST,KAPCG_192_206,0.13151311925656728
MTOR,KAPCG_192_206,0.13151311925656728
PDHK,KAPCG_192_206,0.13151311925656728
PDK1,KAPCG_192_206,0.13151311925656728
PHK,KAPCG_192_206,0.13151311925656728
PIM,KAPCG_192_206,0.13151311925656728
PKCH,KAPCG_192_206,0.13151311925656728
VRK2,KAPCG_192_206,0.13151311925656728
BARK1,KCC2G_278_289,0.12331709695800176
CAMK2,KCC2G_278_289,0.12331709695800176
CDK,KCC2G_278_289,0.12331709695800176
CK1,KCC2G_278_289,0.12331709695800176
MAPKAPK,KCC2G_278_289,0.12331709695800176
MELK,KCC2G_278_289,0.12331709695800176
MLCK,KCC2G_278_289,0.12331709695800176
PEK,KCC2G_278_289,0.12331709695800176
PHK,KCC2G_278_289,0.12331709695800176
PIM,KCC2G_278_289,0.12331709695800176
PKCA,KCC2G_278_289,0.12331709695800176
PKCI,KCC2G_278_289,0.12331709695800176
PLK,KCC2G_278_289,0.12331709695800176
QIK,KCC2G_278_289,0.12331709695800176
RSK,KCC2G_278_289,0.12331709695800176
SGK,KCC2G_278_289,0.12331709695800176
VRK2,KCC2G_278_289,0.12331709695800176
AKT,KCNA1_438_450,0.08064146739098366
AMPK,KCNA1_438_450,0.08064146739098366
BARK1,KCNA1_438_450,0.08064146739098366
CAMK1,KCNA1_438_450,0.08064146739098366
CDK,KCNA1_438_450,0.08064146739098366
CK1,KCNA1_438_450,0.08064146739098366
DAPK,KCNA1_438_450,0.08064146739098366
DMPK,KCNA1_438_450,0.08064146739098366
ERK,KCNA1_438_450,0.08064146739098366
GRK,KCNA1_438_450,0.08064146739098366
IKK,KCNA1_438_450,0.08064146739098366
JNK,KCNA1_438_450,0.08064146739098366
MAPKAPK,KCNA1_438_450,0.08064146739098366
MELK,KCNA1_438_450,0.08064146739098366
NEK,KCNA1_438_450,0.08064146739098366
P38,KCNA1_438_450,0.08064146739098366
PDHK,KCNA1_438_450,0.08064146739098366
PEK,KCNA1_438_450,0.08064146739098366
PHK,KCNA1_438_450,0.08064146739098366
PKA,KCNA1_438_450,0.08064146739098366
PKCA,KCNA1_438_450,0.08064146739098366
PKD,KCNA1_438_450,0.08064146739098366
PLK,KCNA1_438_450,0.08064146739098366
QIK,KCNA1_438_450,0.08064146739098366
RAD53,KCNA1_438_450,0.08064146739098366
RIPK,KCNA1_438_450,0.08064146739098366
RSK,KCNA1_438_450,0.08064146739098366
SGK,KCNA1_438_450,0.08064146739098366
STE7,KCNA1_438_450,0.08064146739098366
STKR,KCNA1_438_450,0.08064146739098366
VRK2,KCNA1_438_450,0.08064146739098366
AKT,KCNA2_442_454,0.04112409470404307
AMPK,KCNA2_442_454,0.04112409470404307
BARK1,KCNA2_442_454,0.04112409470404307
CAMK1,KCNA2_442_454,0.04112409470404307
CAMK2,KCNA2_442_454,0.04112409470404307
CDK,KCNA2_442_454,0.04112409470404307
CHK1,KCNA2_442_454,0.04112409470404307
CK1,KCNA2_442_454,0.04112409470404307
DMPK,KCNA2_442_454,0.04112409470404307
IKK,KCNA2_442_454,0.04112409470404307
JNK,KCNA2_442_454,0.04112409470404307
MAPKAPK,KCNA2_442_454,0.04112409470404307
NEK,KCNA2_442_454,0.04112409470404307
P38,KCNA2_442_454,0.04112409470404307
PDHK,KCNA2_442_454,0.04112409470404307
PEK,KCNA2_442_454,0.04112409470404307
PHK,KCNA2_442_454,0.04112409470404307
PIM,KCNA2_442_454,0.04112409470404307
PKCA,KCNA2_442_454,0.04112409470404307
PKD,KCNA2_442_454,0.04112409470404307
QIK,KCNA2_442_454,0.04112409470404307
RAD53,KCNA2_442_454,0.04112409470404307
RIPK,KCNA2_442_454,0.04112409470404307
RSK,KCNA2_442_454,0.04112409470404307
SGK,KCNA2_442_454,0.04112409470404307
STKR,KCNA2_442_454,0.04112409470404307
VRK2,KCNA2_442_454,0.04112409470404307
AKT,KCNA3_461_473,0.1117803979672587
AMPK,KCNA3_461_473,0.1117803979672587
BARK1,KCNA3_461_473,0.1117803979672587
CAMK1,KCNA3_461_473,0.1117803979672587
CDK,KCNA3_461_473,0.1117803979672587
CHK1,KCNA3_461_473,0.1117803979672587
CK1,KCNA3_461_473,0.1117803979672587
DMPK,KCNA3_461_473,0.1117803979672587
IKK,KCNA3_461_473,0.1117803979672587
JNK,KCNA3_461_473,0.1117803979672587
KHS,KCNA3_461_473,0.1117803979672587
MAPKAPK,KCNA3_461_473,0.1117803979672587
MARK,KCNA3_461_473,0.1117803979672587
MST,KCNA3_461_473,0.1117803979672587
P38,KCNA3_461_473,0.1117803979672587
PAKA,KCNA3_461_473,0.1117803979672587
PDHK,KCNA3_461_473,0.1117803979672587
PDK1,KCNA3_461_473,0.1117803979672587
PEK,KCNA3_461_473,0.1117803979672587
PHK,KCNA3_461_473,0.1117803979672587
PKA,KCNA3_461_473,0.1117803979672587
PKCA,KCNA3_461_473,0.1117803979672587
PKD,KCNA3_461_473,0.1117803979672587
PKG,KCNA3_461_473,0.1117803979672587
PLK,KCNA3_461_473,0.1117803979672587
QIK,KCNA3_461_473,0.1117803979672587
RAD53,KCNA3_461_473,0.1117803979672587
RSK,KCNA3_461_473,0.1117803979672587
STE7,KCNA3_461_473,0.1117803979672587
VRK2,KCNA3_461_473,0.1117803979672587
AMPK,KCNB1_489_501,-0.09086345474749832
BARK1,KCNB1_489_501,-0.09086345474749832
CAMK1,KCNB1_489_501,-0.09086345474749832
CAMK2,KCNB1_489_501,-0.09086345474749832
CDK,KCNB1_489_501,-0.09086345474749832
CHK1,KCNB1_489_501,-0.09086345474749832
CK1,KCNB1_489_501,-0.09086345474749832
CK2,KCNB1_489_501,-0.09086345474749832
DAPK,KCNB1_489_501,-0.09086345474749832
DMPK,KCNB1_489_501,-0.09086345474749832
GRK,KCNB1_489_501,-0.09086345474749832
IKK,KCNB1_489_501,-0.09086345474749832
MAPKAPK,KCNB1_489_501,-0.09086345474749832
MELK,KCNB1_489_501,-0.09086345474749832
MLCK,KCNB1_489_501,-0.09086345474749832
MLK,KCNB1_489_501,-0.09086345474749832
MST,KCNB1_489_501,-0.09086345474749832
NAK,KCNB1_489_501,-0.09086345474749832
NEK,KCNB1_489_501,-0.09086345474749832
PDHK,KCNB1_489_501,-0.09086345474749832
PEK,KCNB1_489_501,-0.09086345474749832
PHK,KCNB1_489_501,-0.09086345474749832
PIM,KCNB1_489_501,-0.09086345474749832
PKA,KCNB1_489_501,-0.09086345474749832
PKCA,KCNB1_489_501,-0.09086345474749832
PKCD,KCNB1_489_501,-0.09086345474749832
PKD,KCNB1_489_501,-0.09086345474749832
QIK,KCNB1_489_501,-0.09086345474749832
RIPK,KCNB1_489_501,-0.09086345474749832
RSK,KCNB1_489_501,-0.09086345474749832
SGK,KCNB1_489_501,-0.09086345474749832
STE7,KCNB1_489_501,-0.09086345474749832
STKR,KCNB1_489_501,-0.09086345474749832
VRK2,KCNB1_489_501,-0.09086345474749832
BARK1,KIF2C_105_118_S106G,0.21421974937007232
CAMK2,KIF2C_105_118_S106G,0.21421974937007232
CDK,KIF2C_105_118_S106G,0.21421974937007232
DMPK,KIF2C_105_118_S106G,0.21421974937007232
FRAY,KIF2C_105_118_S106G,0.21421974937007232
IKK,KIF2C_105_118_S106G,0.21421974937007232
MELK,KIF2C_105_118_S106G,0.21421974937007232
NEK,KIF2C_105_118_S106G,0.21421974937007232
PAKA,KIF2C_105_118_S106G,0.21421974937007232
PDHK,KIF2C_105_118_S106G,0.21421974937007232
PEK,KIF2C_105_118_S106G,0.21421974937007232
PHK,KIF2C_105_118_S106G,0.21421974937007232
PKCA,KIF2C_105_118_S106G,0.21421974937007232
PKD,KIF2C_105_118_S106G,0.21421974937007232
QIK,KIF2C_105_118_S106G,0.21421974937007232
RIPK,KIF2C_105_118_S106G,0.21421974937007232
RSK,KIF2C_105_118_S106G,0.21421974937007232
VRK2,KIF2C_105_118_S106G,0.21421974937007232
BARK1,KPB1_1011_1023,0.05236201499129814
CDK,KPB1_1011_1023,0.05236201499129814
CK1,KPB1_1011_1023,0.05236201499129814
DMPK,KPB1_1011_1023,0.05236201499129814
IKK,KPB1_1011_1023,0.05236201499129814
P38,KPB1_1011_1023,0.05236201499129814
PAKA,KPB1_1011_1023,0.05236201499129814
PDHK,KPB1_1011_1023,0.05236201499129814
PEK,KPB1_1011_1023,0.05236201499129814
PHK,KPB1_1011_1023,0.05236201499129814
PIM,KPB1_1011_1023,0.05236201499129814
PKA,KPB1_1011_1023,0.05236201499129814
PKCA,KPB1_1011_1023,0.05236201499129814
PKD,KPB1_1011_1023,0.05236201499129814
RIPK,KPB1_1011_1023,0.05236201499129814
RSK,KPB1_1011_1023,0.05236201499129814
SGK,KPB1_1011_1023,0.05236201499129814
VRK2,KPB1_1011_1023,0.05236201499129814
BARK1,KS6A1_374_386,0.05336516451759513
COT,KS6A1_374_386,0.05336516451759513
FRAY,KS6A1_374_386,0.05336516451759513
MAPKAPK,KS6A1_374_386,0.05336516451759513
MSN,KS6A1_374_386,0.05336516451759513
MTOR,KS6A1_374_386,0.05336516451759513
PDHK,KS6A1_374_386,0.05336516451759513
PDK1,KS6A1_374_386,0.05336516451759513
PEK,KS6A1_374_386,0.05336516451759513
PHK,KS6A1_374_386,0.05336516451759513
PIM,KS6A1_374_386,0.05336516451759513
PKCA,KS6A1_374_386,0.05336516451759513
RAD53,KS6A1_374_386,0.05336516451759513
RSK,KS6A1_374_386,0.05336516451759513
STE7,KS6A1_374_386,0.05336516451759513
VRK2,KS6A1_374_386,0.05336516451759513
AMPK,LIPS_944_956,0.0243240918641252
ATR,LIPS_944_956,0.0243240918641252
BARK1,LIPS_944_956,0.0243240918641252
CDK,LIPS_944_956,0.0243240918641252
DMPK,LIPS_944_956,0.0243240918641252
ERK,LIPS_944_956,0.0243240918641252
NDR,LIPS_944_956,0.0243240918641252
PDHK,LIPS_944_956,0.0243240918641252
PEK,LIPS_944_956,0.0243240918641252
PIM,LIPS_944_956,0.0243240918641252
PKA,LIPS_944_956,0.0243240918641252
PKCA,LIPS_944_956,0.0243240918641252
PKG,LIPS_944_956,0.0243240918641252
PRKDC,LIPS_944_956,0.0243240918641252
RAF,LIPS_944_956,0.0243240918641252
RSK,LIPS_944_956,0.0243240918641252
STE7,LIPS_944_956,0.0243240918641252
VRK2,LIPS_944_956,0.0243240918641252
BARK1,LMNB1_16_28,0.33402768640669667
CDK,LMNB1_16_28,0.33402768640669667
DMPK,LMNB1_16_28,0.33402768640669667
DYRK,LMNB1_16_28,0.33402768640669667
ERK,LMNB1_16_28,0.33402768640669667
GSK,LMNB1_16_28,0.33402768640669667
IKK,LMNB1_16_28,0.33402768640669667
IRAK,LMNB1_16_28,0.33402768640669667
JNK,LMNB1_16_28,0.33402768640669667
MLK,LMNB1_16_28,0.33402768640669667
NMO,LMNB1_16_28,0.33402768640669667
P38,LMNB1_16_28,0.33402768640669667
PDK1,LMNB1_16_28,0.33402768640669667
PEK,LMNB1_16_28,0.33402768640669667
PIM,LMNB1_16_28,0.33402768640669667
PKCA,LMNB1_16_28,0.33402768640669667
PKG,LMNB1_16_28,0.33402768640669667
RSK,LMNB1_16_28,0.33402768640669667
STE7,LMNB1_16_28,0.33402768640669667
VRK2,LMNB1_16_28,0.33402768640669667
BARK1,MARCS_152_164,-0.14592606869405272
CDK,MARCS_152_164,-0.14592606869405272
DAPK,MARCS_152_164,-0.14592606869405272
DMPK,MARCS_152_164,-0.14592606869405272
ERK,MARCS_152_164,-0.14592606869405272
JNK,MARCS_152_164,-0.14592606869405272
P38,MARCS_152_164,-0.14592606869405272
PAKA,MARCS_152_164,-0.14592606869405272
PDHK,MARCS_152_164,-0.14592606869405272
PDK1,MARCS_152_164,-0.14592606869405272
PEK,MARCS_152_164,-0.14592606869405272
PHK,MARCS_152_164,-0.14592606869405272
PKA,MARCS_152_164,-0.14592606869405272
PKCA,MARCS_152_164,-0.14592606869405272
PKCH,MARCS_152_164,-0.14592606869405272
PKCI,MARCS_152_164,-0.14592606869405272
PKD,MARCS_152_164,-0.14592606869405272
PKG,MARCS_152_164,-0.14592606869405272
PKN,MARCS_152_164,-0.14592606869405272
RAD53,MARCS_152_164,-0.14592606869405272
VRK2,MARCS_152_164,-0.14592606869405272
BARK1,MARCS_160_172,-0.11685832910738844
CDK,MARCS_160_172,-0.11685832910738844
DMPK,MARCS_160_172,-0.11685832910738844
ERK,MARCS_160_172,-0.11685832910738844
JNK,MARCS_160_172,-0.11685832910738844
MLK,MARCS_160_172,-0.11685832910738844
P38,MARCS_160_172,-0.11685832910738844
PDHK,MARCS_160_172,-0.11685832910738844
PDK1,MARCS_160_172,-0.11685832910738844
PEK,MARCS_160_172,-0.11685832910738844
PKCA,MARCS_160_172,-0.11685832910738844
RAD53,MARCS_160_172,-0.11685832910738844
RIPK,MARCS_160_172,-0.11685832910738844
VRK2,MARCS_160_172,-0.11685832910738844
BARK1,MBP_222_234,-0.24007038167154648
CDK,MBP_222_234,-0.24007038167154648
DYRK,MBP_222_234,-0.24007038167154648
ERK,MBP_222_234,-0.24007038167154648
GSK,MBP_222_234,-0.24007038167154648
JNK,MBP_222_234,-0.24007038167154648
MTOR,MBP_222_234,-0.24007038167154648
PDK1,MBP_222_234,-0.24007038167154648
PEK,MBP_222_234,-0.24007038167154648
VRK2,MBP_222_234,-0.24007038167154648
BARK1,MP2K1_287_299,-0.23416043053848704
CDK,MP2K1_287_299,-0.23416043053848704
DMPK,MP2K1_287_299,-0.23416043053848704
DYRK,MP2K1_287_299,-0.23416043053848704
ERK,MP2K1_287_299,-0.23416043053848704
JNK,MP2K1_287_299,-0.23416043053848704
MAPKAPK,MP2K1_287_299,-0.23416043053848704
P38,MP2K1_287_299,-0.23416043053848704
PAKA,MP2K1_287_299,-0.23416043053848704
PDHK,MP2K1_287_299,-0.23416043053848704
PDK1,MP2K1_287_299,-0.23416043053848704
PEK,MP2K1_287_299,-0.23416043053848704
PHK,MP2K1_287_299,-0.23416043053848704
PIM,MP2K1_287_299,-0.23416043053848704
PKCA,MP2K1_287_299,-0.23416043053848704
PKD,MP2K1_287_299,-0.23416043053848704
STE7,MP2K1_287_299,-0.23416043053848704
VRK2,MP2K1_287_299,-0.23416043053848704
ATR,MPIP1_172_184,-0.02492950834233878
BARK1,MPIP1_172_184,-0.02492950834233878
CHK1,MPIP1_172_184,-0.02492950834233878
DMPK,MPIP1_172_184,-0.02492950834233878
MAPKAPK,MPIP1_172_184,-0.02492950834233878
PHK,MPIP1_172_184,-0.02492950834233878
PIM,MPIP1_172_184,-0.02492950834233878
PKCA,MPIP1_172_184,-0.02492950834233878
PRKDC,MPIP1_172_184,-0.02492950834233878
QIK,MPIP1_172_184,-0.02492950834233878
RAD53,MPIP1_172_184,-0.02492950834233878
RAF,MPIP1_172_184,-0.02492950834233878
RSK,MPIP1_172_184,-0.02492950834233878
VRK2,MPIP1_172_184,-0.02492950834233878
BARK1,MPIP3_208_220,0.04398988230793307
BRSK,MPIP3_208_220,0.04398988230793307
CAMK1,MPIP3_208_220,0.04398988230793307
CDK,MPIP3_208_220,0.04398988230793307
CHK1,MPIP3_208_220,0.04398988230793307
DMPK,MPIP3_208_220,0.04398988230793307
DYRK,MPIP3_208_220,0.04398988230793307
ERK,MPIP3_208_220,0.04398988230793307
IKK,MPIP3_208_220,0.04398988230793307
JNK,MPIP3_208_220,0.04398988230793307
MAPKAPK,MPIP3_208_220,0.04398988230793307
MARK,MPIP3_208_220,0.04398988230793307
MELK,MPIP3_208_220,0.04398988230793307
P38,MPIP3_208_220,0.04398988230793307
PDK1,MPIP3_208_220,0.04398988230793307
PEK,MPIP3_208_220,0.04398988230793307
PHK,MPIP3_208_220,0.04398988230793307
PKCA,MPIP3_208_220,0.04398988230793307
QIK,MPIP3_208_220,0.04398988230793307
RAD53,MPIP3_208_220,0.04398988230793307
RIPK,MPIP3_208_220,0.04398988230793307
VRK2,MPIP3_208_220,0.04398988230793307
AUR,MYPC3_268_280,-0.05286155066019304
BARK1,MYPC3_268_280,-0.05286155066019304
DMPK,MYPC3_268_280,-0.05286155066019304
IKK,MYPC3_268_280,-0.05286155066019304
MLK,MYPC3_268_280,-0.05286155066019304
MTOR,MYPC3_268_280,-0.05286155066019304
PEK,MYPC3_268_280,-0.05286155066019304
PHK,MYPC3_268_280,-0.05286155066019304
PKA,MYPC3_268_280,-0.05286155066019304
PKCA,MYPC3_268_280,-0.05286155066019304
PKG,MYPC3_268_280,-0.05286155066019304
QIK,MYPC3_268_280,-0.05286155066019304
RIPK,MYPC3_268_280,-0.05286155066019304
RSK,MYPC3_268_280,-0.05286155066019304
VRK2,MYPC3_268_280,-0.05286155066019304
BARK1,NCF1_296_308,0.13856605859058746
BARK2,NCF1_296_308,0.13856605859058746
AKT,NCF1_296_308,0.13856605859058746
DMPK,NCF1_296_308,0.13856605859058746
IKK,NCF1_296_308,0.13856605859058746
MELK,NCF1_296_308,0.13856605859058746
NEK,NCF1_296_308,0.13856605859058746
PAKA,NCF1_296_308,0.13856605859058746
PEK,NCF1_296_308,0.13856605859058746
PHK,NCF1_296_308,0.13856605859058746
PIM,NCF1_296_308,0.13856605859058746
PKA,NCF1_296_308,0.13856605859058746
PKCA,NCF1_296_308,0.13856605859058746
PKCD,NCF1_296_308,0.13856605859058746
PKCH,NCF1_296_308,0.13856605859058746
PKCI,NCF1_296_308,0.13856605859058746
PKD,NCF1_296_308,0.13856605859058746
VRK2,NCF1_296_308,0.13856605859058746
AKT,NCF1_321_333,0.06237261992594629
BARK1,NCF1_321_333,0.06237261992594629
DMPK,NCF1_321_333,0.06237261992594629
IRAK,NCF1_321_333,0.06237261992594629
PHK,NCF1_321_333,0.06237261992594629
PKA,NCF1_321_333,0.06237261992594629
PKCA,NCF1_321_333,0.06237261992594629
PKCD,NCF1_321_333,0.06237261992594629
QIK,NCF1_321_333,0.06237261992594629
VRK2,NCF1_321_333,0.06237261992594629
BARK1,NEK2_172_184,-0.17955382751735746
CAMK1,NEK2_172_184,-0.17955382751735746
CAMK2,NEK2_172_184,-0.17955382751735746
CDK,NEK2_172_184,-0.17955382751735746
DYRK,NEK2_172_184,-0.17955382751735746
ERK,NEK2_172_184,-0.17955382751735746
FRAY,NEK2_172_184,-0.17955382751735746
LKB,NEK2_172_184,-0.17955382751735746
MELK,NEK2_172_184,-0.17955382751735746
MST,NEK2_172_184,-0.17955382751735746
MTOR,NEK2_172_184,-0.17955382751735746
NEK,NEK2_172_184,-0.17955382751735746
P38,NEK2_172_184,-0.17955382751735746
PDHK,NEK2_172_184,-0.17955382751735746
PDK1,NEK2_172_184,-0.17955382751735746
PEK,NEK2_172_184,-0.17955382751735746
PKCA,NEK2_172_184,-0.17955382751735746
PKCH,NEK2_172_184,-0.17955382751735746
RSK,NEK2_172_184,-0.17955382751735746
STE11,NEK2_172_184,-0.17955382751735746
STE7,NEK2_172_184,-0.17955382751735746
VRK2,NEK2_172_184,-0.17955382751735746
BARK1,NEK3_158_170,-0.01544947008828767
CAMK2,NEK3_158_170,-0.01544947008828767
DYRK,NEK3_158_170,-0.01544947008828767
ERK,NEK3_158_170,-0.01544947008828767
LKB,NEK3_158_170,-0.01544947008828767
MST,NEK3_158_170,-0.01544947008828767
NEK,NEK3_158_170,-0.01544947008828767
PDHK,NEK3_158_170,-0.01544947008828767
PDK1,NEK3_158_170,-0.01544947008828767
PEK,NEK3_158_170,-0.01544947008828767
PKCH,NEK3_158_170,-0.01544947008828767
STE11,NEK3_158_170,-0.01544947008828767
STE7,NEK3_158_170,-0.01544947008828767
VRK2,NEK3_158_170,-0.01544947008828767
BARK1,NFKB1_330_342,-0.1250461990812628
CDK,NFKB1_330_342,-0.1250461990812628
DMPK,NFKB1_330_342,-0.1250461990812628
IKK,NFKB1_330_342,-0.1250461990812628
MAPKAPK,NFKB1_330_342,-0.1250461990812628
PAKA,NFKB1_330_342,-0.1250461990812628
PDHK,NFKB1_330_342,-0.1250461990812628
PEK,NFKB1_330_342,-0.1250461990812628
PIM,NFKB1_330_342,-0.1250461990812628
PKA,NFKB1_330_342,-0.1250461990812628
PKCA,NFKB1_330_342,-0.1250461990812628
PKG,NFKB1_330_342,-0.1250461990812628
PLK,NFKB1_330_342,-0.1250461990812628
STE7,NFKB1_330_342,-0.1250461990812628
VRK2,NFKB1_330_342,-0.1250461990812628
BARK1,NMDZ1_890_902,0.2063331376817352
AKT,NMDZ1_890_902,0.2063331376817352
AMPK,NMDZ1_890_902,0.2063331376817352
AUR,NMDZ1_890_902,0.2063331376817352
CAMK1,NMDZ1_890_902,0.2063331376817352
CDK,NMDZ1_890_902,0.2063331376817352
CHK1,NMDZ1_890_902,0.2063331376817352
DAPK,NMDZ1_890_902,0.2063331376817352
DMPK,NMDZ1_890_902,0.2063331376817352
FRAY,NMDZ1_890_902,0.2063331376817352
GRK,NMDZ1_890_902,0.2063331376817352
IKK,NMDZ1_890_902,0.2063331376817352
MELK,NMDZ1_890_902,0.2063331376817352
MLK,NMDZ1_890_902,0.2063331376817352
MSN,NMDZ1_890_902,0.2063331376817352
MST,NMDZ1_890_902,0.2063331376817352
MTOR,NMDZ1_890_902,0.2063331376817352
PAKA,NMDZ1_890_902,0.2063331376817352
PDHK,NMDZ1_890_902,0.2063331376817352
PDK1,NMDZ1_890_902,0.2063331376817352
PEK,NMDZ1_890_902,0.2063331376817352
PHK,NMDZ1_890_902,0.2063331376817352
PIM,NMDZ1_890_902,0.2063331376817352
PKA,NMDZ1_890_902,0.2063331376817352
PKCA,NMDZ1_890_902,0.2063331376817352
PKCI,NMDZ1_890_902,0.2063331376817352
PKD,NMDZ1_890_902,0.2063331376817352
PKG,NMDZ1_890_902,0.2063331376817352
PLK,NMDZ1_890_902,0.2063331376817352
QIK,NMDZ1_890_902,0.2063331376817352
RAD53,NMDZ1_890_902,0.2063331376817352
RAF,NMDZ1_890_902,0.2063331376817352
RIPK,NMDZ1_890_902,0.2063331376817352
RSK,NMDZ1_890_902,0.2063331376817352
SGK,NMDZ1_890_902,0.2063331376817352
STE7,NMDZ1_890_902,0.2063331376817352
VRK2,NMDZ1_890_902,0.2063331376817352
AKT,NOS3_1171_1183,0.04356679843503149
AMPK,NOS3_1171_1183,0.04356679843503149
BARK1,NOS3_1171_1183,0.04356679843503149
CDK,NOS3_1171_1183,0.04356679843503149
CK1,NOS3_1171_1183,0.04356679843503149
DMPK,NOS3_1171_1183,0.04356679843503149
MELK,NOS3_1171_1183,0.04356679843503149
PDHK,NOS3_1171_1183,0.04356679843503149
PDK1,NOS3_1171_1183,0.04356679843503149
PEK,NOS3_1171_1183,0.04356679843503149
PHK,NOS3_1171_1183,0.04356679843503149
PIM,NOS3_1171_1183,0.04356679843503149
PKA,NOS3_1171_1183,0.04356679843503149
PKCA,NOS3_1171_1183,0.04356679843503149
PKG,NOS3_1171_1183,0.04356679843503149
QIK,NOS3_1171_1183,0.04356679843503149
RAD53,NOS3_1171_1183,0.04356679843503149
RIPK,NOS3_1171_1183,0.04356679843503149
RSK,NOS3_1171_1183,0.04356679843503149
SGK,NOS3_1171_1183,0.04356679843503149
VRK2,NOS3_1171_1183,0.04356679843503149
AKT,NR4A1_344_356,-0.1159190005198664
BARK1,NR4A1_344_356,-0.1159190005198664
CDK,NR4A1_344_356,-0.1159190005198664
DMPK,NR4A1_344_356,-0.1159190005198664
PHK,NR4A1_344_356,-0.1159190005198664
PIM,NR4A1_344_356,-0.1159190005198664
PKA,NR4A1_344_356,-0.1159190005198664
PKCA,NR4A1_344_356,-0.1159190005198664
RAF,NR4A1_344_356,-0.1159190005198664
RSK,NR4A1_344_356,-0.1159190005198664
VRK2,NR4A1_344_356,-0.1159190005198664
AUR,P53_308_323,-0.2608319297052164
BARK1,P53_308_323,-0.2608319297052164
CAMK1,P53_308_323,-0.2608319297052164
CDK,P53_308_323,-0.2608319297052164
DYRK,P53_308_323,-0.2608319297052164
ERK,P53_308_323,-0.2608319297052164
IKK,P53_308_323,-0.2608319297052164
JNK,P53_308_323,-0.2608319297052164
P38,P53_308_323,-0.2608319297052164
PKCA,P53_308_323,-0.2608319297052164
PLK,P53_308_323,-0.2608319297052164
QIK,P53_308_323,-0.2608319297052164
STE7,P53_308_323,-0.2608319297052164
VRK2,P53_308_323,-0.2608319297052164
AUR,PLEK_106_118,0.22832355110051
BARK1,PLEK_106_118,0.22832355110051
CDK,PLEK_106_118,0.22832355110051
CK1,PLEK_106_118,0.22832355110051
DMPK,PLEK_106_118,0.22832355110051
MST,PLEK_106_118,0.22832355110051
PEK,PLEK_106_118,0.22832355110051
PKCA,PLEK_106_118,0.22832355110051
PKCD,PLEK_106_118,0.22832355110051
PKCH,PLEK_106_118,0.22832355110051
PLK,PLEK_106_118,0.22832355110051
VRK2,PLEK_106_118,0.22832355110051
BARK1,PLM_76_88,-0.10950399133906134
CDK,PLM_76_88,-0.10950399133906134
DMPK,PLM_76_88,-0.10950399133906134
IKK,PLM_76_88,-0.10950399133906134
PAKA,PLM_76_88,-0.10950399133906134
PDHK,PLM_76_88,-0.10950399133906134
PDK1,PLM_76_88,-0.10950399133906134
PEK,PLM_76_88,-0.10950399133906134
PIM,PLM_76_88,-0.10950399133906134
PKA,PLM_76_88,-0.10950399133906134
PKCA,PLM_76_88,-0.10950399133906134
PKD,PLM_76_88,-0.10950399133906134
PKG,PLM_76_88,-0.10950399133906134
PLK,PLM_76_88,-0.10950399133906134
RAD53,PLM_76_88,-0.10950399133906134
RIPK,PLM_76_88,-0.10950399133906134
RSK,PLM_76_88,-0.10950399133906134
STE7,PLM_76_88,-0.10950399133906134
VRK2,PLM_76_88,-0.10950399133906134
EGFR,PP2AB_297_309,0.04585638401388954
CSK,PP2AB_297_309,0.04585638401388954
TEC,PP2AB_297_309,0.04585638401388954
PDGFR,PP2AB_297_309,0.04585638401388954
SYK,PP2AB_297_309,0.04585638401388954
AXL,PP2AB_297_309,0.04585638401388954
VEGFR,PP2AB_297_309,0.04585638401388954
BARK1,PP2AB_297_309,0.04585638401388954
BARK2,PP2AB_297_309,0.04585638401388954
CDK,PP2AB_297_309,0.04585638401388954
DYRK,PP2AB_297_309,0.04585638401388954
JNK,PP2AB_297_309,0.04585638401388954
VRK2,PP2AB_297_309,0.04585638401388954
AKT,PPR1A_28_40,-0.2899123871809799
BARK1,PPR1A_28_40,-0.2899123871809799
CDK,PPR1A_28_40,-0.2899123871809799
DAPK,PPR1A_28_40,-0.2899123871809799
DMPK,PPR1A_28_40,-0.2899123871809799
DYRK,PPR1A_28_40,-0.2899123871809799
GSK,PPR1A_28_40,-0.2899123871809799
JNK,PPR1A_28_40,-0.2899123871809799
P38,PPR1A_28_40,-0.2899123871809799
PDK1,PPR1A_28_40,-0.2899123871809799
PEK,PPR1A_28_40,-0.2899123871809799
PHK,PPR1A_28_40,-0.2899123871809799
PKA,PPR1A_28_40,-0.2899123871809799
RSK,PPR1A_28_40,-0.2899123871809799
VRK2,PPR1A_28_40,-0.2899123871809799
ATR,PRKDC_2618_2630,-0.3085130091386521
BARK1,PRKDC_2618_2630,-0.3085130091386521
BARK2,PRKDC_2618_2630,-0.3085130091386521
CK1,PRKDC_2618_2630,-0.3085130091386521
DMPK,PRKDC_2618_2630,-0.3085130091386521
IKK,PRKDC_2618_2630,-0.3085130091386521
MELK,PRKDC_2618_2630,-0.3085130091386521
MLK,PRKDC_2618_2630,-0.3085130091386521
MTOR,PRKDC_2618_2630,-0.3085130091386521
NEK,PRKDC_2618_2630,-0.3085130091386521
P38,PRKDC_2618_2630,-0.3085130091386521
PHK,PRKDC_2618_2630,-0.3085130091386521
PIM,PRKDC_2618_2630,-0.3085130091386521
PKA,PRKDC_2618_2630,-0.3085130091386521
PKCA,PRKDC_2618_2630,-0.3085130091386521
PKG,PRKDC_2618_2630,-0.3085130091386521
PRKDC,PRKDC_2618_2630,-0.3085130091386521
PLK,PRKDC_2618_2630,-0.3085130091386521
QIK,PRKDC_2618_2630,-0.3085130091386521
SGK,PRKDC_2618_2630,-0.3085130091386521
STE7,PRKDC_2618_2630,-0.3085130091386521
VRK2,PRKDC_2618_2630,-0.3085130091386521
AKT,PTK6_436_448,-0.00144526336695468
BARK1,PTK6_436_448,-0.00144526336695468
CAMK1,PTK6_436_448,-0.00144526336695468
CDK,PTK6_436_448,-0.00144526336695468
CK1,PTK6_436_448,-0.00144526336695468
DMPK,PTK6_436_448,-0.00144526336695468
MAPKAPK,PTK6_436_448,-0.00144526336695468
MELK,PTK6_436_448,-0.00144526336695468
P38,PTK6_436_448,-0.00144526336695468
PAKA,PTK6_436_448,-0.00144526336695468
PDHK,PTK6_436_448,-0.00144526336695468
PDK1,PTK6_436_448,-0.00144526336695468
PEK,PTK6_436_448,-0.00144526336695468
PHK,PTK6_436_448,-0.00144526336695468
PIM,PTK6_436_448,-0.00144526336695468
PKA,PTK6_436_448,-0.00144526336695468
PKCA,PTK6_436_448,-0.00144526336695468
PKCD,PTK6_436_448,-0.00144526336695468
PKCI,PTK6_436_448,-0.00144526336695468
PKD,PTK6_436_448,-0.00144526336695468
PKG,PTK6_436_448,-0.00144526336695468
QIK,PTK6_436_448,-0.00144526336695468
RAD53,PTK6_436_448,-0.00144526336695468
RSK,PTK6_436_448,-0.00144526336695468
STE7,PTK6_436_448,-0.00144526336695468
VRK2,PTK6_436_448,-0.00144526336695468
BARK1,PTN12_32_44,0.11687199743584652
CDK,PTN12_32_44,0.11687199743584652
DMPK,PTN12_32_44,0.11687199743584652
FRAY,PTN12_32_44,0.11687199743584652
MAPKAPK,PTN12_32_44,0.11687199743584652
MLK,PTN12_32_44,0.11687199743584652
PAKA,PTN12_32_44,0.11687199743584652
PDHK,PTN12_32_44,0.11687199743584652
PEK,PTN12_32_44,0.11687199743584652
PHK,PTN12_32_44,0.11687199743584652
PIM,PTN12_32_44,0.11687199743584652
PKA,PTN12_32_44,0.11687199743584652
PKCA,PTN12_32_44,0.11687199743584652
PKCD,PTN12_32_44,0.11687199743584652
PKD,PTN12_32_44,0.11687199743584652
PKG,PTN12_32_44,0.11687199743584652
QIK,PTN12_32_44,0.11687199743584652
RAD53,PTN12_32_44,0.11687199743584652
RSK,PTN12_32_44,0.11687199743584652
VRK2,PTN12_32_44,0.11687199743584652
BARK1,RADI_559_569,-0.2882464765727198
COT,RADI_559_569,-0.2882464765727198
DMPK,RADI_559_569,-0.2882464765727198
MSN,RADI_559_569,-0.2882464765727198
MST,RADI_559_569,-0.2882464765727198
PHK,RADI_559_569,-0.2882464765727198
PIM,RADI_559_569,-0.2882464765727198
PKCA,RADI_559_569,-0.2882464765727198
SLK,RADI_559_569,-0.2882464765727198
VRK2,RADI_559_569,-0.2882464765727198
AKT,RAF1_253_265,0.1949370815381772
AMPK,RAF1_253_265,0.1949370815381772
BARK1,RAF1_253_265,0.1949370815381772
CAMK1,RAF1_253_265,0.1949370815381772
CDK,RAF1_253_265,0.1949370815381772
DAPK,RAF1_253_265,0.1949370815381772
DMPK,RAF1_253_265,0.1949370815381772
DYRK,RAF1_253_265,0.1949370815381772
ERK,RAF1_253_265,0.1949370815381772
JNK,RAF1_253_265,0.1949370815381772
MAPKAPK,RAF1_253_265,0.1949370815381772
MARK,RAF1_253_265,0.1949370815381772
NDR,RAF1_253_265,0.1949370815381772
P38,RAF1_253_265,0.1949370815381772
PAKA,RAF1_253_265,0.1949370815381772
PDK1,RAF1_253_265,0.1949370815381772
PHK,RAF1_253_265,0.1949370815381772
PKA,RAF1_253_265,0.1949370815381772
PKCA,RAF1_253_265,0.1949370815381772
QIK,RAF1_253_265,0.1949370815381772
RAF,RAF1_253_265,0.1949370815381772
RIPK,RAF1_253_265,0.1949370815381772
RSK,RAF1_253_265,0.1949370815381772
SGK,RAF1_253_265,0.1949370815381772
VRK2,RAF1_253_265,0.1949370815381772
AKT,RAP1B_172_184,-0.09614259769797684
AMPK,RAP1B_172_184,-0.09614259769797684
BARK1,RAP1B_172_184,-0.09614259769797684
CDK,RAP1B_172_184,-0.09614259769797684
DMPK,RAP1B_172_184,-0.09614259769797684
IKK,RAP1B_172_184,-0.09614259769797684
MAPKAPK,RAP1B_172_184,-0.09614259769797684
PDHK,RAP1B_172_184,-0.09614259769797684
PEK,RAP1B_172_184,-0.09614259769797684
PHK,RAP1B_172_184,-0.09614259769797684
PIM,RAP1B_172_184,-0.09614259769797684
PKA,RAP1B_172_184,-0.09614259769797684
PKCA,RAP1B_172_184,-0.09614259769797684
PKG,RAP1B_172_184,-0.09614259769797684
QIK,RAP1B_172_184,-0.09614259769797684
RAD53,RAP1B_172_184,-0.09614259769797684
RSK,RAP1B_172_184,-0.09614259769797684
VRK2,RAP1B_172_184,-0.09614259769797684
BARK1,RBL2_655_667,0.46046523187690297
CDK,RBL2_655_667,0.46046523187690297
CK1,RBL2_655_667,0.46046523187690297
DMPK,RBL2_655_667,0.46046523187690297
DYRK,RBL2_655_667,0.46046523187690297
ERK,RBL2_655_667,0.46046523187690297
FRAY,RBL2_655_667,0.46046523187690297
GSK,RBL2_655_667,0.46046523187690297
IKK,RBL2_655_667,0.46046523187690297
JNK,RBL2_655_667,0.46046523187690297
MAPKAPK,RBL2_655_667,0.46046523187690297
MELK,RBL2_655_667,0.46046523187690297
MTOR,RBL2_655_667,0.46046523187690297
NEK,RBL2_655_667,0.46046523187690297
P38,RBL2_655_667,0.46046523187690297
PDK1,RBL2_655_667,0.46046523187690297
PEK,RBL2_655_667,0.46046523187690297
PHK,RBL2_655_667,0.46046523187690297
PIM,RBL2_655_667,0.46046523187690297
PKCA,RBL2_655_667,0.46046523187690297
PKD,RBL2_655_667,0.46046523187690297
PLK,RBL2_655_667,0.46046523187690297
QIK,RBL2_655_667,0.46046523187690297
RAD53,RBL2_655_667,0.46046523187690297
RAF,RBL2_655_667,0.46046523187690297
RIPK,RBL2_655_667,0.46046523187690297
STE7,RBL2_655_667,0.46046523187690297
VRK2,RBL2_655_667,0.46046523187690297
BARK1,RB_242_254,-0.3684924555837214
CDK,RB_242_254,-0.3684924555837214
DYRK,RB_242_254,-0.3684924555837214
ERK,RB_242_254,-0.3684924555837214
IRAK,RB_242_254,-0.3684924555837214
P38,RB_242_254,-0.3684924555837214
PDK1,RB_242_254,-0.3684924555837214
PEK,RB_242_254,-0.3684924555837214
PKCA,RB_242_254,-0.3684924555837214
PLK,RB_242_254,-0.3684924555837214
VRK2,RB_242_254,-0.3684924555837214
ATR,RB_350_362,-0.17391033250872923
BARK1,RB_350_362,-0.17391033250872923
CDK,RB_350_362,-0.17391033250872923
DMPK,RB_350_362,-0.17391033250872923
DYRK,RB_350_362,-0.17391033250872923
PDHK,RB_350_362,-0.17391033250872923
PDK1,RB_350_362,-0.17391033250872923
PEK,RB_350_362,-0.17391033250872923
PHK,RB_350_362,-0.17391033250872923
PIM,RB_350_362,-0.17391033250872923
PKCA,RB_350_362,-0.17391033250872923
PRKDC,RB_350_362,-0.17391033250872923
QIK,RB_350_362,-0.17391033250872923
RSK,RB_350_362,-0.17391033250872923
VRK2,RB_350_362,-0.17391033250872923
BARK1,RB_803_815,-0.17296404434601137
CDK,RB_803_815,-0.17296404434601137
CK1,RB_803_815,-0.17296404434601137
DYRK,RB_803_815,-0.17296404434601137
ERK,RB_803_815,-0.17296404434601137
JNK,RB_803_815,-0.17296404434601137
QIK,RB_803_815,-0.17296404434601137
VRK2,RB_803_815,-0.17296404434601137
BARK1,REL_260_272,0.11106532567841695
CDK,REL_260_272,0.11106532567841695
CK1,REL_260_272,0.11106532567841695
DMPK,REL_260_272,0.11106532567841695
MAPKAPK,REL_260_272,0.11106532567841695
MARK,REL_260_272,0.11106532567841695
PAKA,REL_260_272,0.11106532567841695
PEK,REL_260_272,0.11106532567841695
PIM,REL_260_272,0.11106532567841695
PKCA,REL_260_272,0.11106532567841695
PKD,REL_260_272,0.11106532567841695
PKG,REL_260_272,0.11106532567841695
PLK,REL_260_272,0.11106532567841695
RSK,REL_260_272,0.11106532567841695
STE7,REL_260_272,0.11106532567841695
VRK2,REL_260_272,0.11106532567841695
AKT,RS6_228_240,0.03089218723961373
BARK1,RS6_228_240,0.03089218723961373
CAMK1,RS6_228_240,0.03089218723961373
CDK,RS6_228_240,0.03089218723961373
DAPK,RS6_228_240,0.03089218723961373
DMPK,RS6_228_240,0.03089218723961373
IKK,RS6_228_240,0.03089218723961373
MAPKAPK,RS6_228_240,0.03089218723961373
MELK,RS6_228_240,0.03089218723961373
PAKA,RS6_228_240,0.03089218723961373
PASK,RS6_228_240,0.03089218723961373
PDHK,RS6_228_240,0.03089218723961373
PEK,RS6_228_240,0.03089218723961373
PHK,RS6_228_240,0.03089218723961373
PIM,RS6_228_240,0.03089218723961373
PKA,RS6_228_240,0.03089218723961373
PKCA,RS6_228_240,0.03089218723961373
PKCD,RS6_228_240,0.03089218723961373
PKCI,RS6_228_240,0.03089218723961373
PKD,RS6_228_240,0.03089218723961373
PKG,RS6_228_240,0.03089218723961373
QIK,RS6_228_240,0.03089218723961373
RIPK,RS6_228_240,0.03089218723961373
RSK,RS6_228_240,0.03089218723961373
SGK,RS6_228_240,0.03089218723961373
VRK2,RS6_228_240,0.03089218723961373
BARK1,RYR1_4317_4329,0.2234374711170292
DMPK,RYR1_4317_4329,0.2234374711170292
PHK,RYR1_4317_4329,0.2234374711170292
PIM,RYR1_4317_4329,0.2234374711170292
PKA,RYR1_4317_4329,0.2234374711170292
PKCA,RYR1_4317_4329,0.2234374711170292
PKCH,RYR1_4317_4329,0.2234374711170292
PKG,RYR1_4317_4329,0.2234374711170292
RSK,RYR1_4317_4329,0.2234374711170292
VRK2,RYR1_4317_4329,0.2234374711170292
BARK1,SCN7A_898_910,-0.07761724151659907
DMPK,SCN7A_898_910,-0.07761724151659907
HAL,SCN7A_898_910,-0.07761724151659907
IKK,SCN7A_898_910,-0.07761724151659907
PHK,SCN7A_898_910,-0.07761724151659907
PKA,SCN7A_898_910,-0.07761724151659907
PKCA,SCN7A_898_910,-0.07761724151659907
PKG,SCN7A_898_910,-0.07761724151659907
RIPK,SCN7A_898_910,-0.07761724151659907
RSK,SCN7A_898_910,-0.07761724151659907
VRK2,SCN7A_898_910,-0.07761724151659907
AUR,STK6_283_295,-0.05420130937117484
BARK1,STK6_283_295,-0.05420130937117484
CAMK1,STK6_283_295,-0.05420130937117484
CAMK2,STK6_283_295,-0.05420130937117484
CDK,STK6_283_295,-0.05420130937117484
DMPK,STK6_283_295,-0.05420130937117484
FRAY,STK6_283_295,-0.05420130937117484
IKK,STK6_283_295,-0.05420130937117484
IRAK,STK6_283_295,-0.05420130937117484
LKB,STK6_283_295,-0.05420130937117484
MELK,STK6_283_295,-0.05420130937117484
MLK,STK6_283_295,-0.05420130937117484
MTOR,STK6_283_295,-0.05420130937117484
NDR,STK6_283_295,-0.05420130937117484
NEK,STK6_283_295,-0.05420130937117484
PAKA,STK6_283_295,-0.05420130937117484
PDHK,STK6_283_295,-0.05420130937117484
PDK1,STK6_283_295,-0.05420130937117484
PEK,STK6_283_295,-0.05420130937117484
PHK,STK6_283_295,-0.05420130937117484
PKA,STK6_283_295,-0.05420130937117484
PKCA,STK6_283_295,-0.05420130937117484
PKCD,STK6_283_295,-0.05420130937117484
PLK,STK6_283_295,-0.05420130937117484
PRKDC,STK6_283_295,-0.05420130937117484
QIK,STK6_283_295,-0.05420130937117484
RAD53,STK6_283_295,-0.05420130937117484
RSK,STK6_283_295,-0.05420130937117484
STE7,STK6_283_295,-0.05420130937117484
VRK2,STK6_283_295,-0.05420130937117484
AKT,TAU_524_536,-0.15721518400665097
BARK1,TAU_524_536,-0.15721518400665097
CAMK1,TAU_524_536,-0.15721518400665097
CDK,TAU_524_536,-0.15721518400665097
DMPK,TAU_524_536,-0.15721518400665097
DYRK,TAU_524_536,-0.15721518400665097
ERK,TAU_524_536,-0.15721518400665097
GRK,TAU_524_536,-0.15721518400665097
GSK,TAU_524_536,-0.15721518400665097
IKK,TAU_524_536,-0.15721518400665097
JNK,TAU_524_536,-0.15721518400665097
MAPKAPK,TAU_524_536,-0.15721518400665097
MELK,TAU_524_536,-0.15721518400665097
MTOR,TAU_524_536,-0.15721518400665097
P38,TAU_524_536,-0.15721518400665097
PDK1,TAU_524_536,-0.15721518400665097
PEK,TAU_524_536,-0.15721518400665097
PHK,TAU_524_536,-0.15721518400665097
PIM,TAU_524_536,-0.15721518400665097
PKA,TAU_524_536,-0.15721518400665097
PKCA,TAU_524_536,-0.15721518400665097
PKD,TAU_524_536,-0.15721518400665097
PLK,TAU_524_536,-0.15721518400665097
QIK,TAU_524_536,-0.15721518400665097
RAF,TAU_524_536,-0.15721518400665097
RIPK,TAU_524_536,-0.15721518400665097
RSK,TAU_524_536,-0.15721518400665097
SGK,TAU_524_536,-0.15721518400665097
STE11,TAU_524_536,-0.15721518400665097
VRK2,TAU_524_536,-0.15721518400665097
AKT,TOP2A_1463_1475,0.02188667476659667
BARK1,TOP2A_1463_1475,0.02188667476659667
CDK,TOP2A_1463_1475,0.02188667476659667
CK1,TOP2A_1463_1475,0.02188667476659667
CK2,TOP2A_1463_1475,0.02188667476659667
DAPK,TOP2A_1463_1475,0.02188667476659667
DMPK,TOP2A_1463_1475,0.02188667476659667
IKK,TOP2A_1463_1475,0.02188667476659667
MLK,TOP2A_1463_1475,0.02188667476659667
NEK,TOP2A_1463_1475,0.02188667476659667
PAKA,TOP2A_1463_1475,0.02188667476659667
PEK,TOP2A_1463_1475,0.02188667476659667
PHK,TOP2A_1463_1475,0.02188667476659667
PIM,TOP2A_1463_1475,0.02188667476659667
PKA,TOP2A_1463_1475,0.02188667476659667
PKCA,TOP2A_1463_1475,0.02188667476659667
PKG,TOP2A_1463_1475,0.02188667476659667
PLK,TOP2A_1463_1475,0.02188667476659667
QIK,TOP2A_1463_1475,0.02188667476659667
RAD53,TOP2A_1463_1475,0.02188667476659667
RIPK,TOP2A_1463_1475,0.02188667476659667
RSK,TOP2A_1463_1475,0.02188667476659667
VRK2,TOP2A_1463_1475,0.02188667476659667
BARK1,TY3H_65_77,0.13723650474066734
CAMK2,TY3H_65_77,0.13723650474066734
MAPKAPK,TY3H_65_77,0.13723650474066734
PHK,TY3H_65_77,0.13723650474066734
PIM,TY3H_65_77,0.13723650474066734
PKA,TY3H_65_77,0.13723650474066734
PKCA,TY3H_65_77,0.13723650474066734
PKG,TY3H_65_77,0.13723650474066734
QIK,TY3H_65_77,0.13723650474066734
RIPK,TY3H_65_77,0.13723650474066734
RSK,TY3H_65_77,0.13723650474066734
VRK2,TY3H_65_77,0.13723650474066734
BARK1,VASP_150_162,-0.06108653172951683
DMPK,VASP_150_162,-0.06108653172951683
PHK,VASP_150_162,-0.06108653172951683
PIM,VASP_150_162,-0.06108653172951683
PKA,VASP_150_162,-0.06108653172951683
PKCA,VASP_150_162,-0.06108653172951683
PKD,VASP_150_162,-0.06108653172951683
PKG,VASP_150_162,-0.06108653172951683
RIPK,VASP_150_162,-0.06108653172951683
RSK,VASP_150_162,-0.06108653172951683
VRK2,VASP_150_162,-0.06108653172951683
BARK1,VASP_232_244,-0.03298188917461431
CDK,VASP_232_244,-0.03298188917461431
DMPK,VASP_232_244,-0.03298188917461431
IKK,VASP_232_244,-0.03298188917461431
MAPKAPK,VASP_232_244,-0.03298188917461431
PHK,VASP_232_244,-0.03298188917461431
PIM,VASP_232_244,-0.03298188917461431
PKA,VASP_232_244,-0.03298188917461431
PKCA,VASP_232_244,-0.03298188917461431
PKCH,VASP_232_244,-0.03298188917461431
PKD,VASP_232_244,-0.03298188917461431
PKG,VASP_232_244,-0.03298188917461431
RIPK,VASP_232_244,-0.03298188917461431
RSK,VASP_232_244,-0.03298188917461431
VRK2,VASP_232_244,-0.03298188917461431
AKT,VASP_271_283,0.07680083547384134
ATR,VASP_271_283,0.07680083547384134
AMPK,VASP_271_283,0.07680083547384134
BARK1,VASP_271_283,0.07680083547384134
DMPK,VASP_271_283,0.07680083547384134
IKK,VASP_271_283,0.07680083547384134
PAKA,VASP_271_283,0.07680083547384134
PHK,VASP_271_283,0.07680083547384134
PIM,VASP_271_283,0.07680083547384134
PKA,VASP_271_283,0.07680083547384134
PKG,VASP_271_283,0.07680083547384134
RIPK,VASP_271_283,0.07680083547384134
RSK,VASP_271_283,0.07680083547384134
VRK2,VASP_271_283,0.07680083547384134
AKT,VTNC_390_402,-0.04215589168870912
BARK1,VTNC_390_402,-0.04215589168870912
CDK,VTNC_390_402,-0.04215589168870912
DAPK,VTNC_390_402,-0.04215589168870912
DMPK,VTNC_390_402,-0.04215589168870912
PDHK,VTNC_390_402,-0.04215589168870912
PEK,VTNC_390_402,-0.04215589168870912
PHK,VTNC_390_402,-0.04215589168870912
PKA,VTNC_390_402,-0.04215589168870912
PKCA,VTNC_390_402,-0.04215589168870912
QIK,VTNC_390_402,-0.04215589168870912
RIPK,VTNC_390_402,-0.04215589168870912
RSK,VTNC_390_402,-0.04215589168870912
SGK,VTNC_390_402,-0.04215589168870912
VRK2,VTNC_390_402,-0.04215589168870912
