Kinase,Score,Rank,Method,Perc,Qrt,group,KinaseFamily,subfamily,hgnc_symbol
SGK1,-35.039756114921225,27,PTM-SEA,0.6447368421052632,3,AGC,SGK,SGK,SGK1
PIK3C2A,0,55,PTM-SEA,0,1,NA,NA,NA,PIK3C2A
CHEK1,-6.730417366778622,51,PTM-SEA,0.2894736842105263,2,CAMK,CAMKL,CHK1,CHEK1
AURKA,-25.862184071900167,36,PTM-SEA,0.5263157894736842,3,OTHER,AUR,AUR,AURKA
DAPK3,0,55,PTM-SEA,0,1,CAMK,DAPK,DAPK,DAPK3
RPS6KA5,-74.27445835514912,12,PTM-SEA,0.8421052631578947,4,AGC,RSK,MSK,RPS6KA5
CHEK2,13.487068908905908,47,PTM-SEA,0.34210526315789475,2,CAMK,RAD53,RAD53,CHEK2
RAF1,-32.524898672721946,31,PTM-SEA,0.5921052631578947,3,TKL,RAF,RAF,RAF1
PRKCG,0,55,PTM-SEA,0,1,AGC,PKC,ALPHA,PRKCG
PRKCB,-34.607705124053744,28,PTM-SEA,0.631578947368421,3,AGC,PKC,ALPHA,PRKCB
CDK1,-89.21707916473942,7,PTM-SEA,0.9078947368421053,4,CMGC,CDK,CDC2,CDK1
ARAF,-20.32110498710183,42,PTM-SEA,0.40789473684210525,2,TKL,RAF,RAF,ARAF
PIM1,2.9941530717646474,52,PTM-SEA,0.27631578947368424,2,CAMK,PIM,PIM,PIM1
CDK4,-107.17737589188182,4,PTM-SEA,0.9473684210526315,4,CMGC,CDK,CDK4,CDK4
SRC,0,55,PTM-SEA,0,1,TK,SRC,SRCA,SRC
BRAF,-20.32110498710183,42,PTM-SEA,0.40789473684210525,2,TKL,RAF,RAF,BRAF
PRKCA,20.392707396730223,41,PTM-SEA,0.4342105263157895,2,AGC,PKC,ALPHA,PRKCA
PRKACA,66.81030086503515,15,PTM-SEA,0.8026315789473685,4,AGC,PKA,PKA,PRKACA
PRKACG,18.955209020073667,44,PTM-SEA,0.3815789473684211,2,AGC,PKA,PKA,PRKACG
PRKACB,-25.333052435971496,37,PTM-SEA,0.4868421052631579,2,AGC,PKA,PKA,PRKACB
RPS6KB1,40.16636568354109,25,PTM-SEA,0.6710526315789473,3,AGC,RSK,P70,RPS6KB1
CDK2,-97.22118184307747,5,PTM-SEA,0.9342105263157895,4,CMGC,CDK,CDC2,CDK2
MAPK3,0.10901177714653976,53,PTM-SEA,0.2631578947368421,2,CMGC,MAPK,ERK1,MAPK3
MAPK1,-32.92815958772881,30,PTM-SEA,0.6052631578947368,3,CMGC,MAPK,ERK1,MAPK1
AKT1,31.895675322116965,32,PTM-SEA,0.5789473684210527,3,AGC,AKT,AKT,AKT1
AKT2,16.815780077166007,45,PTM-SEA,0.3684210526315789,2,AGC,AKT,AKT,AKT2
MAP3K8,-57.10784326225599,16,PTM-SEA,0.7894736842105263,4,STE,STE-UNIQUE,STE-UNIQUE,MAP3K8
PRKCI,-25.333052435971496,37,PTM-SEA,0.4868421052631579,2,AGC,PKC,IOTA,PRKCI
MTOR,0,55,PTM-SEA,0,1,ATYPICAL,PIKK,FRAP,MTOR
MAPK8,-41.68946312230965,24,PTM-SEA,0.6842105263157895,3,CMGC,MAPK,JNK,MAPK8
MAPK9,0,55,PTM-SEA,0,1,CMGC,MAPK,JNK,MAPK9
MAPKAPK2,57.058681498979695,17,PTM-SEA,0.7763157894736842,4,CAMK,MAPKAPK,MAPKAPK,MAPKAPK2
GSK3B,30.929520201943454,34,PTM-SEA,0.5526315789473685,3,CMGC,GSK,GSK,GSK3B
CDK7,-31.23846153846154,33,PTM-SEA,0.5657894736842105,3,CMGC,CDK,CDK7,CDK7
CDK9,-108.83076923076923,2,PTM-SEA,0.9736842105263158,4,CMGC,CDK,CDK9,CDK9
RPS6KA3,23.287846990028964,38,PTM-SEA,0.47368421052631576,2,AGC,RSK,RSK,RPS6KA3
NEK2,0,55,PTM-SEA,0,1,OTHER,NEK,NEK2,NEK2
DAPK1,68.34005892742464,14,PTM-SEA,0.8157894736842105,4,CAMK,DAPK,DAPK,DAPK1
MAPK10,-42.323076923076925,23,PTM-SEA,0.6973684210526315,3,CMGC,MAPK,JNK,MAPK10
PRKAA2,27.87836321061194,35,PTM-SEA,0.5394736842105263,3,CAMK,CAMKL,AMPK,PRKAA2
SIK1,-43.33076923076923,22,PTM-SEA,0.7105263157894737,3,CAMK,CAMKL,QIK,SIK1
CSNK2A1,75.79364868072106,11,PTM-SEA,0.8552631578947368,4,CMGC,CK2,CK2,CSNK2A1
PRKDC,-123.4423076923077,1,PTM-SEA,1,4,ATYPICAL,PIKK,DNAPK,PRKDC
ATM,0,55,PTM-SEA,0,1,ATYPICAL,PIKK,ATM,ATM
AURKB,-18.96716745402507,43,PTM-SEA,0.39473684210526316,2,OTHER,AUR,AUR,AURKB
CDK3,0,55,PTM-SEA,0,1,CMGC,CDK,CDC2,CDK3
CDK6,-108.83076923076923,2,PTM-SEA,0.9736842105263158,4,CMGC,CDK,CDK4,CDK6
CDK5,-85.8929227781801,8,PTM-SEA,0.8947368421052632,4,CMGC,CDK,CDK5,CDK5
PRKCE,-0.06081975155059016,54,PTM-SEA,0.25,2,AGC,PKC,ETA,PRKCE
PRKCQ,-96.51732798036353,6,PTM-SEA,0.9210526315789473,4,AGC,PKC,DELTA,PRKCQ
PRKCZ,38.748191136851,26,PTM-SEA,0.6578947368421053,3,AGC,PKC,IOTA,PRKCZ
PRKCD,69.44866713132335,13,PTM-SEA,0.8289473684210527,4,AGC,PKC,DELTA,PRKCD
PRKAA1,20.40650873963014,40,PTM-SEA,0.4473684210526316,2,CAMK,CAMKL,AMPK,PRKAA1
PAK1,-33.008639374789034,29,PTM-SEA,0.618421052631579,3,STE,STE20,PAKA,PAK1
PAK2,79.60769230769232,10,PTM-SEA,0.868421052631579,4,STE,STE20,PAKA,PAK2
PRKG2,-44.299923725897216,21,PTM-SEA,0.7236842105263158,3,AGC,PKG,PKG,PRKG2
ROCK1,-108.75787807036399,3,PTM-SEA,0.9605263157894737,4,AGC,DMPK,ROCK,ROCK1
ATR,0,55,PTM-SEA,0,1,ATYPICAL,PIKK,ATR,ATR
CAMK2G,0,55,PTM-SEA,0,1,CAMK,CAMK2,CAMK2,CAMK2G
DYRK1A,20.84350290261318,39,PTM-SEA,0.4605263157894737,2,CMGC,DYRK,DYRK1,DYRK1A
PRKG1,44.32860752492459,20,PTM-SEA,0.7368421052631579,3,AGC,PKG,PKG,PRKG1
PRKD1,49.3925930483154,19,PTM-SEA,0.75,4,CAMK,PKD,PKD,PRKD1
RPS6KA2,12.82548622882801,48,PTM-SEA,0.32894736842105265,2,AGC,RSK,RSK,RPS6KA2
RPS6KA1,15.364820964539193,46,PTM-SEA,0.35526315789473684,2,AGC,RSK,RSK,RPS6KA1
PKN1,-81.04997109107083,9,PTM-SEA,0.881578947368421,4,AGC,PKN,PKN,PKN1
MAPK14,52.470499607945705,18,PTM-SEA,0.7631578947368421,4,CMGC,MAPK,P38,MAPK14
PIM3,-25.333052435971496,37,PTM-SEA,0.4868421052631579,2,CAMK,PIM,PIM,PIM3
BRSK2,0,55,PTM-SEA,0,1,CAMK,CAMKL,BRSK,BRSK2
BRSK1,0,55,PTM-SEA,0,1,CAMK,CAMKL,BRSK,BRSK1
DYRK2,0,55,PTM-SEA,0,1,CMGC,DYRK,DYRK2,DYRK2
PASK,0,55,PTM-SEA,0,1,CAMK,CAMKL,PASK,PASK
VRK1,0,55,PTM-SEA,0,1,CK1,VRK,VRK,VRK1
PRKD2,0,55,PTM-SEA,0,1,CAMK,PKD,PKD,PRKD2
PLK3,0,55,PTM-SEA,0,1,OTHER,PLK,PLK2,PLK3
NEK6,0,55,PTM-SEA,0,1,OTHER,NEK,NEK6,NEK6
PIM2,-8.040235256610718,50,PTM-SEA,0.3026315789473684,2,CAMK,PIM,PIM,PIM2
AKT3,8.896075733808761,49,PTM-SEA,0.3157894736842105,2,AGC,AKT,AKT,AKT3
AAK1,303,267,KEA3,0.08857142857142856,1,OTHER,NAK,BIKE,AAK1
ABL1,63.666666666666664,44,KEA3,0.8571428571428571,4,TK,ABL,ABL,ABL1
ABL2,167.33333333333334,169,KEA3,0.4114285714285714,2,TK,ABL,ABL,ABL2
ACVR1,144,139,KEA3,0.5114285714285715,3,TKL,STKR,TYPE1,ACVR1
ACVR1B,224,218,KEA3,0.23714285714285716,1,TKL,STKR,TYPE1,ACVR1B
ACVR2B,212,204,KEA3,0.29428571428571426,2,TKL,STKR,TYPE2,ACVR2B
AKT1,28,14,KEA3,0.96,4,AGC,AKT,AKT,AKT1
AKT2,48,30,KEA3,0.9085714285714286,4,AGC,AKT,AKT,AKT2
AKT3,68,49,KEA3,0.84,4,AGC,AKT,AKT,AKT3
ALK,35,20,KEA3,0.9428571428571428,4,TK,ALK,ALK,ALK
ARAF,110,101,KEA3,0.6457142857142857,3,TKL,RAF,RAF,ARAF
ATM,101.66666666666667,90,KEA3,0.6914285714285714,3,ATYPICAL,PIKK,ATM,ATM
ATR,36,21,KEA3,0.94,4,ATYPICAL,PIKK,ATR,ATR
AURKA,54.333333333333336,34,KEA3,0.8914285714285715,4,OTHER,AUR,AUR,AURKA
AURKB,71.66666666666667,51,KEA3,0.8342857142857143,4,OTHER,AUR,AUR,AURKB
AURKC,185.5,184,KEA3,0.3628571428571429,2,OTHER,AUR,AUR,AURKC
AXL,205.5,200,KEA3,0.31142857142857144,2,TK,AXL,AXL,AXL
BLK,259.5,236,KEA3,0.17714285714285713,1,TK,SRC,SRCB,BLK
BMP2K,326,287,KEA3,0.03142857142857143,1,OTHER,NAK,BIKE,BMP2K
BMPR1A,177,180,KEA3,0.3742857142857143,2,TKL,STKR,TYPE1,BMPR1A
BMPR1B,117,110,KEA3,0.6142857142857143,3,TKL,STKR,TYPE1,BMPR1B
BMPR2,226,222,KEA3,0.22285714285714286,1,TKL,STKR,TYPE2,BMPR2
BMX,91.33333333333333,79,KEA3,0.7285714285714285,3,TK,TEC,TEC,BMX
BRAF,167,168,KEA3,0.4142857142857143,2,TKL,RAF,RAF,BRAF
BRSK1,225.33333333333334,221,KEA3,0.22857142857142856,1,CAMK,CAMKL,BRSK,BRSK1
BRSK2,309,273,KEA3,0.07142857142857142,1,CAMK,CAMKL,BRSK,BRSK2
BTK,59,41,KEA3,0.8685714285714285,4,TK,TEC,TEC,BTK
BUB1,121.5,115,KEA3,0.5942857142857143,3,OTHER,BUB,BUB,BUB1
CAMK1,87,72,KEA3,0.7571428571428571,4,CAMK,CAMK1,CAMK1,CAMK1
CAMK1D,247,230,KEA3,0.19714285714285715,1,CAMK,CAMK1,CAMK1,CAMK1D
CAMK2A,55.666666666666664,36,KEA3,0.8857142857142857,4,CAMK,CAMK2,CAMK2,CAMK2A
CAMK2B,143,137,KEA3,0.5171428571428571,3,CAMK,CAMK2,CAMK2,CAMK2B
CAMK2D,98.33333333333333,85,KEA3,0.7114285714285714,3,CAMK,CAMK2,CAMK2,CAMK2D
CAMK2G,17,6,KEA3,0.9828571428571429,4,CAMK,CAMK2,CAMK2,CAMK2G
CAMK4,84,69,KEA3,0.7657142857142857,4,CAMK,CAMK1,CAMK1,CAMK4
CAMKK1,124,118,KEA3,0.5828571428571429,3,OTHER,CAMKK,META,CAMKK1
CAMKK2,106,95,KEA3,0.6685714285714286,3,OTHER,CAMKK,META,CAMKK2
CDC42BPA,288,256,KEA3,0.12,1,AGC,DMPK,GEK,CDC42BPA
CDC7,175.5,178,KEA3,0.38285714285714284,2,OTHER,CDC7,CDC7,CDC7
CDK1,45.5,28,KEA3,0.9171428571428571,4,CMGC,CDK,CDC2,CDK1
CDK11A,333,292,KEA3,0.017142857142857144,1,CMGC,CDK,CDK11,CDK11A
CDK11A,333,292,KEA3,0.017142857142857144,1,NA,NA,NA,CDK11A
CDK12,317,280,KEA3,0.05142857142857143,1,CMGC,CDK,CRK7,CDK12
CDK15,269,241,KEA3,0.16285714285714287,1,CMGC,CDK,PFTAIRE,CDK15
CDK16,254,234,KEA3,0.18285714285714286,1,CMGC,CDK,PCTAIRE,CDK16
CDK18,233,225,KEA3,0.21428571428571427,1,CMGC,CDK,PCTAIRE,CDK18
CDK19,285,253,KEA3,0.12857142857142856,1,CMGC,CDK,CDK8,CDK19
CDK2,52,33,KEA3,0.8942857142857142,4,CMGC,CDK,CDC2,CDK2
CDK20,203,196,KEA3,0.32571428571428573,2,CMGC,CDK,CCRK,CDK20
CDK3,145.66666666666666,141,KEA3,0.5057142857142857,3,CMGC,CDK,CDC2,CDK3
CDK4,77.66666666666667,60,KEA3,0.8,4,CMGC,CDK,CDK4,CDK4
CDK5,101,89,KEA3,0.6971428571428572,3,CMGC,CDK,CDK5,CDK5
CDK6,101,89,KEA3,0.6971428571428572,3,CMGC,CDK,CDK4,CDK6
CDK7,64.66666666666667,45,KEA3,0.8542857142857143,4,CMGC,CDK,CDK7,CDK7
CDK8,215,207,KEA3,0.28285714285714286,2,CMGC,CDK,CDK8,CDK8
CDK9,90.33333333333333,78,KEA3,0.7314285714285714,3,CMGC,CDK,CDK9,CDK9
CDKL3,306,270,KEA3,0.08,1,CMGC,CDKL,CDKL,CDKL3
CDKL5,75,57,KEA3,0.8114285714285714,4,CMGC,CDKL,CDKL,CDKL5
CHEK1,77.66666666666667,60,KEA3,0.8,4,CAMK,CAMKL,CHK1,CHEK1
CHEK2,122.66666666666667,117,KEA3,0.5885714285714285,3,CAMK,RAD53,RAD53,CHEK2
CHUK,67.66666666666667,48,KEA3,0.8457142857142858,4,OTHER,IKK,IKK,CHUK
CLK1,106,95,KEA3,0.6685714285714286,3,CMGC,CLK,CLK,CLK1
CLK2,84,69,KEA3,0.7657142857142857,4,CMGC,CLK,CLK,CLK2
CLK3,216,208,KEA3,0.2742857142857143,2,CMGC,CLK,CLK,CLK3
CLK4,323,285,KEA3,0.037142857142857144,1,CMGC,CLK,CLK,CLK4
CSF1R,158,156,KEA3,0.4542857142857143,2,TK,PDGFR,PDGFR,CSF1R
CSK,164.33333333333334,166,KEA3,0.4228571428571429,2,TK,CSK,CSK,CSK
CSNK1A1,78,61,KEA3,0.7971428571428572,4,CK1,CK1,CK1-A,CSNK1A1
CSNK1A1L,338,297,KEA3,0.002857142857142857,1,CK1,CK1,CK1-A,CSNK1A1L
CSNK1D,77.33333333333333,59,KEA3,0.8057142857142857,4,CK1,CK1,CK1-D,CSNK1D
CSNK1E,131.66666666666666,126,KEA3,0.5514285714285714,3,CK1,CK1,CK1-D,CSNK1E
CSNK1G1,154.5,150,KEA3,0.48,2,CK1,CK1,CK1-G,CSNK1G1
CSNK1G2,223.5,217,KEA3,0.24,1,CK1,CK1,CK1-G,CSNK1G2
CSNK1G3,266,239,KEA3,0.16857142857142857,1,CK1,CK1,CK1-G,CSNK1G3
CSNK2A1,38.333333333333336,24,KEA3,0.9285714285714286,4,CMGC,CK2,CK2,CSNK2A1
CSNK2A2,110.33333333333333,102,KEA3,0.6428571428571429,3,CMGC,CK2,CK2,CSNK2A2
DAPK1,83,67,KEA3,0.7771428571428571,4,CAMK,DAPK,DAPK,DAPK1
DAPK3,78.33333333333333,62,KEA3,0.7942857142857143,4,CAMK,DAPK,DAPK,DAPK3
DCLK1,271,243,KEA3,0.15714285714285714,1,CAMK,DCAMKL,DCAMKL,DCLK1
DDR1,97.5,83,KEA3,0.7171428571428572,3,TK,DDR,DDR,DDR1
DDR2,196,191,KEA3,0.34285714285714286,2,TK,DDR,DDR,DDR2
DMPK,63,43,KEA3,0.86,4,AGC,DMPK,GEK,DMPK
DYRK1A,73,53,KEA3,0.8228571428571428,4,CMGC,DYRK,DYRK1,DYRK1A
DYRK1B,79,63,KEA3,0.7914285714285715,4,CMGC,DYRK,DYRK1,DYRK1B
DYRK2,73.33333333333333,54,KEA3,0.82,4,CMGC,DYRK,DYRK2,DYRK2
DYRK3,163,164,KEA3,0.42857142857142855,2,CMGC,DYRK,DYRK2,DYRK3
DYRK4,74.5,56,KEA3,0.8142857142857143,4,CMGC,DYRK,DYRK2,DYRK4
EEF2K,139.5,135,KEA3,0.5257142857142857,3,ATYPICAL,ALPHA,EEF2K,EEF2K
EGFR,48,30,KEA3,0.9085714285714286,4,TK,EGFR,EGFR,EGFR
EIF2AK1,316,279,KEA3,0.054285714285714284,1,OTHER,PEK,HRI,EIF2AK1
EIF2AK2,49,31,KEA3,0.9028571428571428,4,OTHER,PEK,PKR,EIF2AK2
EIF2AK3,336,295,KEA3,0.008571428571428572,1,OTHER,PEK,PEK,EIF2AK3
EPHA2,322,284,KEA3,0.04,1,TK,EPH,EPH,EPHA2
EPHA3,129,121,KEA3,0.5685714285714286,3,TK,EPH,EPH,EPHA3
EPHA4,327,288,KEA3,0.02857142857142857,1,TK,EPH,EPH,EPHA4
EPHA8,335,294,KEA3,0.011428571428571429,1,TK,EPH,EPH,EPHA8
EPHB1,324,286,KEA3,0.03428571428571429,1,TK,EPH,EPH,EPHB1
EPHB2,294,261,KEA3,0.10571428571428572,1,TK,EPH,EPH,EPHB2
EPHB3,200,192,KEA3,0.34,2,TK,EPH,EPH,EPHB3
ERBB2,137.5,134,KEA3,0.5285714285714286,3,TK,EGFR,EGFR,ERBB2
ERBB4,321,283,KEA3,0.04285714285714286,1,TK,EGFR,EGFR,ERBB4
FASTK,236,228,KEA3,0.2057142857142857,1,ATYPICAL,FAST,FAST,FASTK
FER,30,17,KEA3,0.9514285714285714,4,TK,FER,FER,FER
FES,216,208,KEA3,0.2742857142857143,2,TK,FER,FER,FES
FGFR1,160,161,KEA3,0.44,2,TK,FGFR,FGFR,FGFR1
FGFR2,106,95,KEA3,0.6685714285714286,3,TK,FGFR,FGFR,FGFR2
FGFR3,205.5,200,KEA3,0.31142857142857144,2,TK,FGFR,FGFR,FGFR3
FGFR4,121.5,115,KEA3,0.5942857142857143,3,TK,FGFR,FGFR,FGFR4
FGR,65,46,KEA3,0.8514285714285714,4,TK,SRC,SRCA,FGR
FLT1,310,274,KEA3,0.06857142857142857,1,TK,VEGFR,VEGFR,FLT1
FLT3,187,185,KEA3,0.36,2,TK,PDGFR,PDGFR,FLT3
FLT4,273,245,KEA3,0.15142857142857144,1,TK,VEGFR,VEGFR,FLT4
FRK,167.5,170,KEA3,0.4085714285714286,2,TK,SRC,FRK,FRK
FYN,67,47,KEA3,0.8485714285714285,4,TK,SRC,SRCA,FYN
GRK1,331,291,KEA3,0.02,1,AGC,GRK,GRK,GRK1
GRK2,12.333333333333334,3,KEA3,0.9942857142857143,4,AGC,GRK,BARK,GRK2
GRK3,108.5,100,KEA3,0.6542857142857142,3,AGC,GRK,BARK,GRK3
GRK5,16,5,KEA3,0.9857142857142858,4,AGC,GRK,GRK,GRK5
GRK6,127,119,KEA3,0.58,3,AGC,GRK,GRK,GRK6
GSK3A,114.66666666666667,106,KEA3,0.6257142857142857,3,CMGC,GSK,GSK,GSK3A
GSK3B,21,10,KEA3,0.9714285714285714,4,CMGC,GSK,GSK,GSK3B
HASPIN,222,214,KEA3,0.25142857142857145,2,OTHER,HASPIN,HASPIN,HASPIN
HCK,106.33333333333333,96,KEA3,0.6657142857142857,3,TK,SRC,SRCB,HCK
HIPK1,159.5,159,KEA3,0.44571428571428573,2,CMGC,DYRK,HIPK,HIPK1
HIPK2,72.33333333333333,52,KEA3,0.8285714285714286,4,CMGC,DYRK,HIPK,HIPK2
HIPK3,295,262,KEA3,0.10285714285714286,1,CMGC,DYRK,HIPK,HIPK3
HIPK4,100,88,KEA3,0.7028571428571428,3,CMGC,DYRK,HIPK,HIPK4
ICK,286,254,KEA3,0.12571428571428572,1,CMGC,RCK,RCK,CILK1
IGF1R,92,80,KEA3,0.7257142857142858,3,TK,INSR,INSR,IGF1R
IKBKB,46,29,KEA3,0.9142857142857143,4,OTHER,IKK,IKK,IKBKB
IKBKE,44,27,KEA3,0.92,4,OTHER,IKK,IKK,IKBKE
ILK,101.66666666666667,90,KEA3,0.6914285714285714,3,TKL,MLK,ILK,ILK
INSR,102.66666666666667,91,KEA3,0.6885714285714286,3,TK,INSR,INSR,INSR
IRAK1,143.5,138,KEA3,0.5142857142857142,3,TKL,IRAK,IRAK,IRAK1
IRAK3,251,233,KEA3,0.18571428571428572,1,TKL,IRAK,IRAK,IRAK3
IRAK4,293,260,KEA3,0.10857142857142857,1,TKL,IRAK,IRAK,IRAK4
ITK,139.66666666666666,136,KEA3,0.5228571428571429,3,TK,TEC,TEC,ITK
JAK1,181.5,182,KEA3,0.36857142857142855,2,TK,JAKA,JAKA,JAK1
JAK2,68,49,KEA3,0.84,4,TK,JAKA,JAKA,JAK2
JAK3,157.66666666666666,155,KEA3,0.46,2,TK,JAKA,JAKA,JAK3
KDR,304,268,KEA3,0.08571428571428572,1,TK,VEGFR,VEGFR,KDR
KIT,188,186,KEA3,0.35714285714285715,2,TK,PDGFR,PDGFR,KIT
KSR1,274,246,KEA3,0.14857142857142858,1,TKL,RAF,KSR,KSR1
KSR2,207,202,KEA3,0.3028571428571429,2,TKL,RAF,KSR,KSR2
LATS1,192.66666666666666,189,KEA3,0.3485714285714286,2,AGC,NDR,NDR,LATS1
LATS2,134,129,KEA3,0.5428571428571428,3,AGC,NDR,NDR,LATS2
LCK,31.666666666666668,19,KEA3,0.9457142857142857,4,TK,SRC,SRCB,LCK
LIMK1,287,255,KEA3,0.12285714285714286,1,TKL,LISK,LIMK,LIMK1
LIMK2,218,211,KEA3,0.26285714285714284,2,TKL,LISK,LIMK,LIMK2
LRRK2,106,95,KEA3,0.6685714285714286,3,TKL,LRRK,LRRK,LRRK2
LYN,83.33333333333333,68,KEA3,0.7714285714285715,4,TK,SRC,SRCB,LYN
MAK,268,240,KEA3,0.1657142857142857,1,CMGC,RCK,RCK,MAK
MAP2K1,107.66666666666667,98,KEA3,0.66,3,STE,STE7,MEK1,MAP2K1
MAP2K2,223,216,KEA3,0.24285714285714285,1,STE,STE7,MEK1,MAP2K2
MAP2K3,258,235,KEA3,0.18,1,STE,STE7,MEK3,MAP2K3
MAP2K4,169.33333333333334,173,KEA3,0.4,2,STE,STE7,MEK4,MAP2K4
MAP2K6,158.66666666666666,157,KEA3,0.4514285714285714,2,STE,STE7,MEK3,MAP2K6
MAP2K7,96.5,82,KEA3,0.72,3,STE,STE7,MEK7,MAP2K7
MAP3K1,264,237,KEA3,0.1742857142857143,1,STE,STE11,MEKK1,MAP3K1
MAP3K10,275,248,KEA3,0.14285714285714285,1,TKL,MLK,MLK,MAP3K10
MAP3K11,204.66666666666666,198,KEA3,0.32,2,TKL,MLK,MLK,MAP3K11
MAP3K13,251,233,KEA3,0.18571428571428572,1,TKL,MLK,LZK,MAP3K13
MAP3K14,110,101,KEA3,0.6457142857142857,3,STE,STE-UNIQUE,STE-UNIQUE,MAP3K14
MAP3K20,210,203,KEA3,0.3,2,TKL,MLK,ZAK,MAP3K20
MAP3K3,205,199,KEA3,0.3171428571428571,2,STE,STE11,MEKK2,MAP3K3
MAP3K4,307,271,KEA3,0.07714285714285714,1,STE,STE11,MEKK4,MAP3K4
MAP3K5,119.66666666666667,112,KEA3,0.6057142857142858,3,STE,STE11,ASK,MAP3K5
MAP3K6,225,220,KEA3,0.23142857142857143,1,STE,STE11,ASK,MAP3K6
MAP3K7,111.66666666666667,104,KEA3,0.6371428571428571,3,TKL,MLK,TAK1,MAP3K7
MAP3K8,120,113,KEA3,0.6028571428571429,3,STE,STE-UNIQUE,STE-UNIQUE,MAP3K8
MAP4K1,270,242,KEA3,0.16,1,STE,STE20,KHS,MAP4K1
MAP4K2,202.5,195,KEA3,0.32857142857142857,2,STE,STE20,KHS,MAP4K2
MAP4K3,299,265,KEA3,0.09428571428571429,1,STE,STE20,KHS,MAP4K3
MAP4K4,172,174,KEA3,0.3942857142857143,2,STE,STE20,MSN,MAP4K4
MAP4K5,157,154,KEA3,0.46285714285714286,2,STE,STE20,KHS,MAP4K5
MAPK1,26,13,KEA3,0.9628571428571429,4,CMGC,MAPK,ERK1,MAPK1
MAPK10,98,84,KEA3,0.7142857142857143,3,CMGC,MAPK,JNK,MAPK10
MAPK11,113,105,KEA3,0.6314285714285715,3,CMGC,MAPK,P38,MAPK11
MAPK12,116.33333333333333,107,KEA3,0.6228571428571429,3,CMGC,MAPK,P38,MAPK12
MAPK13,159.66666666666666,160,KEA3,0.44285714285714284,2,CMGC,MAPK,P38,MAPK13
MAPK14,37,23,KEA3,0.9314285714285714,4,CMGC,MAPK,P38,MAPK14
MAPK15,207,202,KEA3,0.3028571428571429,2,CMGC,MAPK,ERK7,MAPK15
MAPK3,41.33333333333333,25,KEA3,0.9257142857142857,4,CMGC,MAPK,ERK1,MAPK3
MAPK6,215,207,KEA3,0.28285714285714286,2,CMGC,MAPK,ERK3,MAPK6
MAPK7,149,143,KEA3,0.5,3,CMGC,MAPK,ERK5,MAPK7
MAPK8,90,77,KEA3,0.7342857142857143,3,CMGC,MAPK,JNK,MAPK8
MAPK9,57.333333333333336,38,KEA3,0.8771428571428571,4,CMGC,MAPK,JNK,MAPK9
MAPKAPK2,83.33333333333333,68,KEA3,0.7714285714285715,4,CAMK,MAPKAPK,MAPKAPK,MAPKAPK2
MAPKAPK3,302,266,KEA3,0.09142857142857143,1,CAMK,MAPKAPK,MAPKAPK,MAPKAPK3
MAPKAPK5,36.333333333333336,22,KEA3,0.9342857142857143,4,CAMK,MAPKAPK,MAPKAPK,MAPKAPK5
MARK2,88.66666666666667,74,KEA3,0.7485714285714286,3,CAMK,CAMKL,MARK,MARK2
MARK3,174.33333333333334,176,KEA3,0.38857142857142857,2,CAMK,CAMKL,MARK,MARK3
MARK4,334,293,KEA3,0.014285714285714285,1,CAMK,CAMKL,MARK,MARK4
MAST1,221,213,KEA3,0.2542857142857143,2,AGC,MAST,MAST,MAST1
MAST2,315,278,KEA3,0.05714285714285714,1,AGC,MAST,MAST,MAST2
MATK,164,165,KEA3,0.4257142857142857,2,TK,CSK,CSK,MATK
MELK,308,272,KEA3,0.07428571428571429,1,CAMK,CAMKL,MELK,MELK
MERTK,153,146,KEA3,0.49142857142857144,2,TK,AXL,AXL,MERTK
MET,111.33333333333333,103,KEA3,0.64,3,TK,MET,MET,MET
MKNK1,156.33333333333334,153,KEA3,0.4685714285714286,2,CAMK,MAPKAPK,MNK,MKNK1
MKNK2,226,222,KEA3,0.22285714285714286,1,CAMK,MAPKAPK,MNK,MKNK2
MOK,222.5,215,KEA3,0.24857142857142858,1,CMGC,RCK,RCK,MOK
MOS,305,269,KEA3,0.08285714285714285,1,OTHER,MOS,MOS,MOS
MST1R,212,204,KEA3,0.29428571428571426,2,TK,MET,MET,MST1R
MTOR,135.66666666666666,132,KEA3,0.5342857142857143,3,ATYPICAL,PIKK,FRAP,MTOR
MYLK2,214.5,206,KEA3,0.2885714285714286,2,CAMK,MLCK,MLCK,MYLK2
MYO3A,278,251,KEA3,0.13428571428571429,1,STE,STE20,NINAC,MYO3A
NEK10,291,258,KEA3,0.11428571428571428,1,OTHER,NEK,NEK10,NEK10
NEK11,176,179,KEA3,0.37714285714285717,2,OTHER,NEK,NEK11,NEK11
NEK2,121.33333333333333,114,KEA3,0.6,3,OTHER,NEK,NEK2,NEK2
NEK3,167,168,KEA3,0.4142857142857143,2,OTHER,NEK,NEK1,NEK3
NEK4,190.5,188,KEA3,0.3514285714285714,2,OTHER,NEK,NEK4,NEK4
NEK6,135.33333333333334,130,KEA3,0.54,3,OTHER,NEK,NEK6,NEK6
NEK8,224.5,219,KEA3,0.2342857142857143,1,OTHER,NEK,NEK8,NEK8
NEK9,85.5,71,KEA3,0.76,4,OTHER,NEK,NEK8,NEK9
NIM1K,276,249,KEA3,0.14,1,CAMK,CAMKL,NIM1,NIM1K
NLK,132,127,KEA3,0.5485714285714286,3,CMGC,MAPK,NMO,NLK
NPR2,107,97,KEA3,0.6628571428571428,3,RGC,RGC,RGC,NPR2
NRBP2,227,223,KEA3,0.22,1,OTHER,NRBP,NRBP,NRBP2
NTRK1,76,58,KEA3,0.8085714285714286,4,TK,TRK,TRK,NTRK1
NTRK2,173,175,KEA3,0.3914285714285714,2,TK,TRK,TRK,NTRK2
NTRK3,229,224,KEA3,0.21714285714285714,1,TK,TRK,TRK,NTRK3
NUAK1,70.33333333333333,50,KEA3,0.8371428571428572,4,CAMK,CAMKL,NUAK,NUAK1
NUAK2,297,263,KEA3,0.1,1,CAMK,CAMKL,NUAK,NUAK2
OXSR1,274.5,247,KEA3,0.1457142857142857,1,STE,STE20,FRAY,OXSR1
PAK1,51,32,KEA3,0.8971428571428571,4,STE,STE20,PAKA,PAK1
PAK2,153.33333333333334,147,KEA3,0.48857142857142855,2,STE,STE20,PAKA,PAK2
PAK3,272,244,KEA3,0.15428571428571428,1,STE,STE20,PAKA,PAK3
PAK4,28.666666666666668,15,KEA3,0.9571428571428572,4,STE,STE20,PAKB,PAK4
PAK5,329,290,KEA3,0.022857142857142857,1,STE,STE20,PAKB,PAK5
PAK6,103,92,KEA3,0.6857142857142857,3,STE,STE20,PAKB,PAK6
PASK,194,190,KEA3,0.3457142857142857,2,CAMK,CAMKL,PASK,PASK
PBK,89,75,KEA3,0.7428571428571429,3,OTHER,TOPK,TOPK,PBK
PDGFRA,247,230,KEA3,0.19714285714285715,1,TK,PDGFR,PDGFR,PDGFRA
PDGFRB,157,154,KEA3,0.46285714285714286,2,TK,PDGFR,PDGFR,PDGFRB
PDIK1L,190,187,KEA3,0.35428571428571426,2,OTHER,NKF4,NKF4,PDIK1L
PDK1,168.5,172,KEA3,0.40285714285714286,2,ATYPICAL,PDHK,PDHK,PDK1
PDPK1,122,116,KEA3,0.5914285714285714,3,AGC,PDK1,PDK1,PDPK1
PIK3CA,241,229,KEA3,0.20285714285714285,1,NA,NA,NA,PIK3CA
PIK3CB,337,296,KEA3,0.005714285714285714,1,NA,NA,NA,PIK3CB
PIK3CG,314,277,KEA3,0.06,1,NA,NA,NA,PIK3CG
PIK3R4,218,211,KEA3,0.26285714285714284,2,OTHER,VPS15,VPS15,PIK3R4
PIM1,36.333333333333336,22,KEA3,0.9342857142857143,4,CAMK,PIM,PIM,PIM1
PIM2,153.5,148,KEA3,0.4857142857142857,2,CAMK,PIM,PIM,PIM2
PINK1,150,144,KEA3,0.49714285714285716,2,OTHER,NKF2,NKF2,PINK1
PKMYT1,289,257,KEA3,0.11714285714285715,1,OTHER,WEE,WEE,PKMYT1
PKN1,132.33333333333334,128,KEA3,0.5457142857142857,3,AGC,PKN,PKN,PKN1
PLK1,89,75,KEA3,0.7428571428571429,3,OTHER,PLK,PLK1,PLK1
PLK2,156,152,KEA3,0.4714285714285714,2,OTHER,PLK,PLK2,PLK2
PLK3,49,31,KEA3,0.9028571428571428,4,OTHER,PLK,PLK2,PLK3
PLK4,131,125,KEA3,0.5571428571428572,3,OTHER,PLK,SAK,PLK4
PNCK,179,181,KEA3,0.37142857142857144,2,CAMK,CAMK1,CAMK1,PNCK
PRKAA1,10,2,KEA3,0.9971428571428571,4,CAMK,CAMKL,AMPK,PRKAA1
PRKAA2,89.66666666666667,76,KEA3,0.74,3,CAMK,CAMKL,AMPK,PRKAA2
PRKACA,15.666666666666668,4,KEA3,0.9914285714285714,4,AGC,PKA,PKA,PRKACA
PRKACB,250.5,232,KEA3,0.19142857142857142,1,AGC,PKA,PKA,PRKACB
PRKCA,7.333333333333334,1,KEA3,1,4,AGC,PKC,ALPHA,PRKCA
PRKCB,25.333333333333332,12,KEA3,0.9657142857142857,4,AGC,PKC,ALPHA,PRKCB
PRKCD,43.666666666666664,26,KEA3,0.9228571428571428,4,AGC,PKC,DELTA,PRKCD
PRKCE,63,43,KEA3,0.86,4,AGC,PKC,ETA,PRKCE
PRKCG,98.66666666666667,86,KEA3,0.7085714285714285,3,AGC,PKC,ALPHA,PRKCG
PRKCH,150.33333333333334,145,KEA3,0.4942857142857143,2,AGC,PKC,ETA,PRKCH
PRKCI,56,37,KEA3,0.88,4,AGC,PKC,IOTA,PRKCI
PRKCQ,20,7,KEA3,0.98,4,AGC,PKC,DELTA,PRKCQ
PRKCZ,82,66,KEA3,0.78,4,AGC,PKC,IOTA,PRKCZ
PRKD1,20.666666666666668,9,KEA3,0.9742857142857143,4,CAMK,PKD,PKD,PRKD1
PRKD2,161.66666666666666,162,KEA3,0.43714285714285717,2,CAMK,PKD,PKD,PRKD2
PRKD3,223,216,KEA3,0.24285714285714285,1,CAMK,PKD,PKD,PRKD3
PRKDC,25,11,KEA3,0.9685714285714285,4,ATYPICAL,PIKK,DNAPK,PRKDC
PRKG1,29.333333333333332,16,KEA3,0.9542857142857143,4,AGC,PKG,PKG,PRKG1
PRKG2,234,226,KEA3,0.21142857142857144,1,AGC,PKG,PKG,PRKG2
PRKX,130,123,KEA3,0.5628571428571428,3,AGC,PKA,PKA,PRKX
PRKY,154,149,KEA3,0.4828571428571429,2,AGC,PKA,PKA,PRKY
PRPF4B,162,163,KEA3,0.4342857142857143,2,CMGC,DYRK,PRP4,PRPF4B
PTK2,114.66666666666667,106,KEA3,0.6257142857142857,3,TK,FAK,FAK,PTK2
PTK2B,73,53,KEA3,0.8228571428571428,4,TK,FAK,FAK,PTK2B
PTK6,80.66666666666667,65,KEA3,0.7857142857142857,4,TK,SRC,SRM,PTK6
PXK,116.5,108,KEA3,0.62,3,OTHER,SLOB,SLOB,PXK
RAF1,116.66666666666667,109,KEA3,0.6171428571428571,3,TKL,RAF,RAF,RAF1
RET,88.66666666666667,74,KEA3,0.7485714285714286,3,TK,RET,RET,RET
RIOK1,292,259,KEA3,0.11142857142857143,1,ATYPICAL,RIO,RIO1,RIOK1
RIPK1,213,205,KEA3,0.2914285714285714,2,TKL,RIPK,RIPK,RIPK1
RIPK2,221,213,KEA3,0.2542857142857143,2,TKL,RIPK,RIPK,RIPK2
RIPK3,110,101,KEA3,0.6457142857142857,3,TKL,RIPK,RIPK,RIPK3
ROCK1,103.66666666666667,93,KEA3,0.6828571428571428,3,AGC,DMPK,ROCK,ROCK1
ROCK2,168.33333333333334,171,KEA3,0.4057142857142857,2,AGC,DMPK,ROCK,ROCK2
RPS6KA1,20.333333333333332,8,KEA3,0.9771428571428571,4,AGC,RSK,RSK,RPS6KA1
RPS6KA2,73.5,55,KEA3,0.8171428571428572,4,AGC,RSK,RSK,RPS6KA2
RPS6KA3,16,5,KEA3,0.9857142857142858,4,AGC,RSK,RSK,RPS6KA3
RPS6KA4,60.5,42,KEA3,0.8657142857142858,4,AGC,RSK,MSK,RPS6KA4
RPS6KA5,51,32,KEA3,0.8971428571428571,4,AGC,RSK,MSK,RPS6KA5
RPS6KB1,58.333333333333336,40,KEA3,0.8714285714285714,4,AGC,RSK,P70,RPS6KB1
RPS6KB2,158,156,KEA3,0.4542857142857143,2,AGC,RSK,P70,RPS6KB2
RPS6KL1,175,177,KEA3,0.38571428571428573,2,AGC,RSKL,RSKL,RPS6KL1
SCYL1,328,289,KEA3,0.025714285714285714,1,OTHER,SCY1,SCY1,SCYL1
SCYL2,176,179,KEA3,0.37714285714285717,2,OTHER,SCY1,SCY1,SCYL2
SCYL3,265,238,KEA3,0.17142857142857143,1,OTHER,SCY1,SCY1,SCYL3
SGK1,119.66666666666667,112,KEA3,0.6057142857142858,3,AGC,SGK,SGK,SGK1
SGK2,206,201,KEA3,0.30857142857142855,2,AGC,SGK,SGK,SGK2
SGK3,129,121,KEA3,0.5685714285714286,3,AGC,SGK,SGK,SGK3
SIK1,235,227,KEA3,0.20857142857142857,1,CAMK,CAMKL,QIK,SIK1
SIK2,311,275,KEA3,0.06571428571428571,1,CAMK,CAMKL,QIK,SIK2
SMG1,163,164,KEA3,0.42857142857142855,2,ATYPICAL,PIKK,SMG1,SMG1
SNRK,202,194,KEA3,0.3342857142857143,2,CAMK,CAMKL,SNRK,SNRK
SRC,31,18,KEA3,0.9485714285714286,4,TK,SRC,SRCA,SRC
SRMS,165,167,KEA3,0.42,2,TK,SRC,SRM,SRMS
SRPK1,155.5,151,KEA3,0.47714285714285715,2,CMGC,SRPK,SRPK,SRPK1
SRPK2,90,77,KEA3,0.7342857142857143,3,CMGC,SRPK,SRPK,SRPK2
STK10,119,111,KEA3,0.6114285714285714,3,STE,STE20,SLK,STK10
STK11,58,39,KEA3,0.8742857142857143,4,CAMK,CAMKL,LKB,STK11
STK16,128,120,KEA3,0.5771428571428572,3,OTHER,NAK,MPSK,STK16
STK17A,84.5,70,KEA3,0.7628571428571429,4,CAMK,DAPK,DRAK,STK17A
STK24,172,174,KEA3,0.3942857142857143,2,STE,STE20,YSK,STK24
STK25,146,142,KEA3,0.5028571428571429,3,STE,STE20,YSK,STK25
STK26,105,94,KEA3,0.68,3,STE,STE20,YSK,STK26
STK3,137.33333333333334,133,KEA3,0.5314285714285715,3,STE,STE20,MST,STK3
STK33,277,250,KEA3,0.13714285714285715,1,CAMK,CAMK-UNIQUE,CAMK-UNIQUE,STK33
STK36,203.5,197,KEA3,0.32285714285714284,2,OTHER,ULK,FUSED,STK36
STK38,202.5,195,KEA3,0.32857142857142857,2,AGC,NDR,NDR,STK38
STK38L,216.5,209,KEA3,0.2714285714285714,2,AGC,NDR,NDR,STK38L
STK39,124,118,KEA3,0.5828571428571429,3,STE,STE20,FRAY,STK39
STK4,156,152,KEA3,0.4714285714285714,2,STE,STE20,MST,STK4
STK40,217.5,210,KEA3,0.26857142857142857,2,CAMK,SGK495,SGK495,STK40
STYK1,216,208,KEA3,0.2742857142857143,2,TK,TK-UNIQUE,TK-UNIQUE,STYK1
SYK,56,37,KEA3,0.88,4,TK,SYK,SYK,SYK
TAOK1,312,276,KEA3,0.06285714285714286,1,STE,STE20,TAO,TAOK1
TBK1,72.33333333333333,52,KEA3,0.8285714285714286,4,OTHER,IKK,IKK,TBK1
TEC,184,183,KEA3,0.3657142857142857,2,TK,TEC,TEC,TEC
TEK,319,281,KEA3,0.04857142857142857,1,TK,TIE,TIE,TEK
TESK1,298,264,KEA3,0.09714285714285714,1,TKL,LISK,TESK,TESK1
TESK2,143,137,KEA3,0.5171428571428571,3,TKL,LISK,TESK,TESK2
TGFBR1,129,121,KEA3,0.5685714285714286,3,TKL,STKR,TYPE1,TGFBR1
TGFBR2,79.5,64,KEA3,0.7885714285714286,4,TKL,STKR,TYPE2,TGFBR2
TLK1,339,298,KEA3,0,1,OTHER,TLK,TLK,TLK1
TNIK,320,282,KEA3,0.045714285714285714,1,STE,STE20,MSN,TNIK
TNK2,130.33333333333334,124,KEA3,0.56,3,TK,ACK,ACK,TNK2
TNNI3K,55,35,KEA3,0.8885714285714286,4,TKL,MLK,HH498,TNNI3K
TP53RK,159,158,KEA3,0.44857142857142857,2,OTHER,BUD32,BUD32,TP53RK
TRIB3,108,99,KEA3,0.6571428571428571,3,CAMK,TRBL,TRBL,TRIB3
TRPM7,219.5,212,KEA3,0.26,2,ATYPICAL,ALPHA,CHAK,TRPM7
TTK,129.66666666666666,122,KEA3,0.5657142857142857,3,OTHER,TTK,TTK,TTK
TXK,282,252,KEA3,0.13142857142857142,1,TK,TEC,TEC,TXK
TYK2,131.66666666666666,126,KEA3,0.5514285714285714,3,TK,JAKA,JAKA,TYK2
TYRO3,144.5,140,KEA3,0.5085714285714286,3,TK,AXL,AXL,TYRO3
UHMK1,135.5,131,KEA3,0.5371428571428571,3,OTHER,KIS,KIS,UHMK1
ULK1,201.5,193,KEA3,0.33714285714285713,2,OTHER,ULK,ULK,ULK1
VRK1,92.33333333333333,81,KEA3,0.7228571428571429,3,CK1,VRK,VRK,VRK1
VRK3,250,231,KEA3,0.19428571428571428,1,CK1,VRK,VRK,VRK3
WEE1,88.5,73,KEA3,0.7542857142857143,4,OTHER,WEE,WEE,WEE1
WNK1,113,105,KEA3,0.6314285714285715,3,OTHER,WNK,WNK,WNK1
YES1,99.33333333333333,87,KEA3,0.7057142857142857,3,TK,SRC,SRCA,YES1
ZAP70,82,66,KEA3,0.78,4,TK,SYK,SYK,ZAP70
PRKX,3.6655462488490698,1,UKA,0.9495798319327731,4,AGC,PKA,PKA,PRKX
CAMK4,3.364516253185088,2,UKA,0.9411764705882353,4,CAMK,CAMK1,CAMK1,CAMK4
CAMK4,3.364516253185088,2,UKA,0.9411764705882353,4,OTHER,CAMKK,META,CAMKK1
PLK3,1.814287900129994,14,UKA,0.8403361344537815,4,OTHER,PLK,PLK2,PLK3
PIM1,1.796314529118093,16,UKA,0.8235294117647058,4,CAMK,PIM,PIM,PIM1
CDK9,1.7260269962304506,19,UKA,0.7983193277310925,4,CMGC,CDK,CDK9,CDK9
PIM2,1.6281197509084455,21,UKA,0.7815126050420168,4,CAMK,PIM,PIM,PIM2
PRKY,1.522531448594974,26,UKA,0.7394957983193278,3,AGC,PKA,PKA,PRKY
SGK2,1.4837026609042967,30,UKA,0.7058823529411765,3,AGC,SGK,SGK,SGK2
SGK2,1.4837026609042967,30,UKA,0.7058823529411765,3,AGC,SGK,SGK,SGK3
CDK10,1.4350973274707952,34,UKA,0.6638655462184874,3,CMGC,CDK,CDK10,CDK10
CDK2,1.4030951591186396,35,UKA,0.6554621848739496,3,CMGC,CDK,CDC2,CDK2
ATR,1.3412637935513765,37,UKA,0.6386554621848739,3,ATYPICAL,PIKK,ATR,ATR
CDK5,1.323123568026863,39,UKA,0.6218487394957983,3,CMGC,CDK,CDK5,CDK5
MAPKAPK2,1.2172981059422057,42,UKA,0.5966386554621849,3,CAMK,MAPKAPK,MAPKAPK,MAPKAPK2
DYRK1A,1.1679780577686278,45,UKA,0.5714285714285714,3,CMGC,DYRK,DYRK1,DYRK1A
MAPKAPK3,1.1125627554221926,47,UKA,0.5546218487394958,3,CAMK,MAPKAPK,MAPKAPK,MAPKAPK3
SGK1,0.8647782717114365,61,UKA,0.42857142857142855,2,AGC,SGK,SGK,SGK1
ROCK2,0.8121220163527784,64,UKA,0.40336134453781514,2,AGC,DMPK,ROCK,ROCK2
CDKL5,0.6809592436790088,70,UKA,0.35294117647058826,2,CMGC,CDKL,CDKL,CDKL5
CDKL2,0.5127321157456748,75,UKA,0.31092436974789917,2,CMGC,CDKL,CDKL,CDKL2
CDK4,0.5020590984693822,76,UKA,0.3025210084033613,2,CMGC,CDK,CDK4,CDK4
DAPK3,0.39774896112737845,82,UKA,0.25210084033613445,2,CAMK,DAPK,DAPK,DAPK3
CDK6,0.3877333675118048,83,UKA,0.24369747899159663,1,CMGC,CDK,CDK4,CDK6
CDKL1,0.3824461289622196,84,UKA,0.23529411764705882,1,CMGC,CDKL,CDKL,CDKL1
NUAK1,0.2652057877768347,89,UKA,0.19327731092436976,1,CAMK,CAMKL,NUAK,NUAK1
PAK1,0.2545441962708231,90,UKA,0.18487394957983194,1,STE,STE20,PAKA,PAK1
ARAF,0.22096947016888271,92,UKA,0.15966386554621848,1,TKL,RAF,RAF,ARAF
PIM3,0.22096947016888271,92,UKA,0.15966386554621848,1,CAMK,PIM,PIM,PIM3
BRAF,0.2179288896143201,93,UKA,0.15126050420168066,1,TKL,RAF,RAF,BRAF
DAPK2,0.19273564472389287,96,UKA,0.12605042016806722,1,CAMK,DAPK,DAPK,DAPK2
ROCK1,0.13583079338742027,99,UKA,0.10084033613445378,1,AGC,DMPK,ROCK,ROCK1
CDK3,0.13190127005030625,100,UKA,0.09243697478991597,1,CMGC,CDK,CDC2,CDK3
CDK7,0.129071980031442,101,UKA,0.08403361344537816,1,CMGC,CDK,CDK7,CDK7
RAF1,0.08100563511250297,105,UKA,0.05042016806722689,1,TKL,RAF,RAF,RAF1
MAPK14,0.07534862097070155,106,UKA,0.04201680672268908,1,CMGC,MAPK,P38,MAPK14
TBK1,0.04287180232318691,109,UKA,0.01680672268907563,1,OTHER,IKK,IKK,TBK1
DYRK,-4.3341666666666665,1,KRSA,0.9885297184567258,4,CMGC,DYRK,DYRK1,DYRK1A
DYRK,-4.3341666666666665,1,KRSA,0.9885297184567258,4,CMGC,DYRK,DYRK1,DYRK1B
DYRK,-4.3341666666666665,1,KRSA,0.9885297184567258,4,CMGC,DYRK,DYRK2,DYRK2
DYRK,-4.3341666666666665,1,KRSA,0.9885297184567258,4,CMGC,DYRK,DYRK2,DYRK3
DYRK,-4.3341666666666665,1,KRSA,0.9885297184567258,4,CMGC,DYRK,DYRK2,DYRK4
DYRK,-4.3341666666666665,1,KRSA,0.9885297184567258,4,CMGC,DYRK,HIPK,HIPK1
DYRK,-4.3341666666666665,1,KRSA,0.9885297184567258,4,CMGC,DYRK,HIPK,HIPK2
DYRK,-4.3341666666666665,1,KRSA,0.9885297184567258,4,CMGC,DYRK,HIPK,HIPK3
DYRK,-4.3341666666666665,1,KRSA,0.9885297184567258,4,CMGC,DYRK,HIPK,HIPK4
DYRK,-4.3341666666666665,1,KRSA,0.9885297184567258,4,CMGC,DYRK,PRP4,PRPF4B
CDK,-3.82,5,KRSA,0.9384775808133472,4,CMGC,CDK,CDC2,CDK1
CDK,-3.82,5,KRSA,0.9384775808133472,4,CMGC,CDK,CDK10,CDK10
CDK,-3.82,5,KRSA,0.9384775808133472,4,CMGC,CDK,CRK7,CDK12
CDK,-3.82,5,KRSA,0.9384775808133472,4,CMGC,CDK,CRK7,CDK13
CDK,-3.82,5,KRSA,0.9384775808133472,4,CMGC,CDK,PFTAIRE,CDK14
CDK,-3.82,5,KRSA,0.9384775808133472,4,CMGC,CDK,PFTAIRE,CDK15
CDK,-3.82,5,KRSA,0.9384775808133472,4,CMGC,CDK,PCTAIRE,CDK16
CDK,-3.82,5,KRSA,0.9384775808133472,4,CMGC,CDK,PCTAIRE,CDK17
CDK,-3.82,5,KRSA,0.9384775808133472,4,CMGC,CDK,PCTAIRE,CDK18
CDK,-3.82,5,KRSA,0.9384775808133472,4,CMGC,CDK,CDK8,CDK19
CDK,-3.82,5,KRSA,0.9384775808133472,4,CMGC,CDK,CDC2,CDK2
CDK,-3.82,5,KRSA,0.9384775808133472,4,CMGC,CDK,CCRK,CDK20
CDK,-3.82,5,KRSA,0.9384775808133472,4,CMGC,CDK,CDC2,CDK3
CDK,-3.82,5,KRSA,0.9384775808133472,4,CMGC,CDK,CDK4,CDK4
CDK,-3.82,5,KRSA,0.9384775808133472,4,CMGC,CDK,CDK5,CDK5
CDK,-3.82,5,KRSA,0.9384775808133472,4,CMGC,CDK,CDK4,CDK6
CDK,-3.82,5,KRSA,0.9384775808133472,4,CMGC,CDK,CDK7,CDK7
CDK,-3.82,5,KRSA,0.9384775808133472,4,CMGC,CDK,CDK8,CDK8
CDK,-3.82,5,KRSA,0.9384775808133472,4,CMGC,CDK,CDK9,CDK9
CDK,-3.82,5,KRSA,0.9384775808133472,4,NA,NA,NA,CDK11A
CDK,-3.82,5,KRSA,0.9384775808133472,4,NA,NA,NA,CDK11B
JNK,-4.1725,3,KRSA,0.9635036496350365,4,CMGC,MAPK,JNK,MAPK10
JNK,-4.1725,3,KRSA,0.9635036496350365,4,CMGC,MAPK,JNK,MAPK8
JNK,-4.1725,3,KRSA,0.9635036496350365,4,CMGC,MAPK,JNK,MAPK9
PEK,-2.9908333333333332,9,KRSA,0.8884254431699687,4,OTHER,PEK,HRI,EIF2AK1
PEK,-2.9908333333333332,9,KRSA,0.8884254431699687,4,OTHER,PEK,PKR,EIF2AK2
PEK,-2.9908333333333332,9,KRSA,0.8884254431699687,4,OTHER,PEK,PEK,EIF2AK3
PEK,-2.9908333333333332,9,KRSA,0.8884254431699687,4,OTHER,PEK,GCN2,EIF2AK4
PLK,-2.6575,10,KRSA,0.8759124087591241,4,NA,NA,NA,PLK5
PLK,-2.6575,10,KRSA,0.8759124087591241,4,OTHER,PLK,PLK1,PLK1
PLK,-2.6575,10,KRSA,0.8759124087591241,4,OTHER,PLK,PLK2,PLK2
PLK,-2.6575,10,KRSA,0.8759124087591241,4,OTHER,PLK,PLK2,PLK3
PLK,-2.6575,10,KRSA,0.8759124087591241,4,OTHER,PLK,SAK,PLK4
PDK1,-4.216666666666667,2,KRSA,0.9760166840458812,4,ATYPICAL,PDHK,PDHK,PDK1
PDK1,-4.216666666666667,2,KRSA,0.9760166840458812,4,AGC,PDK1,PDK1,PDPK1
ERK,-4.145,4,KRSA,0.9509906152241918,4,CMGC,MAPK,ERK1,MAPK1
ERK,-4.145,4,KRSA,0.9509906152241918,4,CMGC,MAPK,ERK7,MAPK15
ERK,-4.145,4,KRSA,0.9509906152241918,4,CMGC,MAPK,ERK1,MAPK3
ERK,-4.145,4,KRSA,0.9509906152241918,4,CMGC,MAPK,ERK3,MAPK4
ERK,-4.145,4,KRSA,0.9509906152241918,4,CMGC,MAPK,ERK3,MAPK6
ERK,-4.145,4,KRSA,0.9509906152241918,4,CMGC,MAPK,ERK5,MAPK7
PKA,3.75,6,KRSA,0.9259645464025026,4,AGC,PKA,PKA,PRKACA
PKA,3.75,6,KRSA,0.9259645464025026,4,AGC,PKA,PKA,PRKACB
PKA,3.75,6,KRSA,0.9259645464025026,4,AGC,PKA,PKA,PRKACG
PKA,3.75,6,KRSA,0.9259645464025026,4,AGC,PKA,PKA,PRKX
PKA,3.75,6,KRSA,0.9259645464025026,4,AGC,PKA,PKA,PRKY
MST,-2.3975,11,KRSA,0.8633993743482794,4,STE,STE20,MST,STK3
MST,-2.3975,11,KRSA,0.8633993743482794,4,STE,STE20,MST,STK4
NMO,-2.235,13,KRSA,0.8383733055265902,4,CMGC,MAPK,NMO,NLK
PKG,3.2458333333333336,8,KRSA,0.9009384775808134,4,AGC,PKG,PKG,PRKG1
PKG,3.2458333333333336,8,KRSA,0.9009384775808134,4,AGC,PKG,PKG,PRKG2
PKCA,-1.413333333333333,23,KRSA,0.7132429614181439,3,AGC,PKC,ALPHA,PRKCA
PKCA,-1.413333333333333,23,KRSA,0.7132429614181439,3,AGC,PKC,ALPHA,PRKCB
PKCA,-1.413333333333333,23,KRSA,0.7132429614181439,3,AGC,PKC,ALPHA,PRKCG
STE7,-2.001666666666667,14,KRSA,0.8258602711157456,4,STE,STE7,MEK1,MAP2K1
STE7,-2.001666666666667,14,KRSA,0.8258602711157456,4,STE,STE7,MEK1,MAP2K2
STE7,-2.001666666666667,14,KRSA,0.8258602711157456,4,STE,STE7,MEK3,MAP2K3
STE7,-2.001666666666667,14,KRSA,0.8258602711157456,4,STE,STE7,MEK4,MAP2K4
STE7,-2.001666666666667,14,KRSA,0.8258602711157456,4,STE,STE7,MEK5,MAP2K5
STE7,-2.001666666666667,14,KRSA,0.8258602711157456,4,STE,STE7,MEK3,MAP2K6
STE7,-2.001666666666667,14,KRSA,0.8258602711157456,4,STE,STE7,MEK7,MAP2K7
MTOR,-1.9066666666666667,15,KRSA,0.8133472367049009,4,ATYPICAL,PIKK,FRAP,MTOR
P38,-3.2616666666666667,7,KRSA,0.913451511991658,4,CMGC,MAPK,P38,MAPK11
P38,-3.2616666666666667,7,KRSA,0.913451511991658,4,CMGC,MAPK,P38,MAPK12
P38,-3.2616666666666667,7,KRSA,0.913451511991658,4,CMGC,MAPK,P38,MAPK13
P38,-3.2616666666666667,7,KRSA,0.913451511991658,4,CMGC,MAPK,P38,MAPK14
CK1,-1.7291666666666667,18,KRSA,0.7758081334723671,4,CK1,CK1,CK1-A,CSNK1A1
CK1,-1.7291666666666667,18,KRSA,0.7758081334723671,4,CK1,CK1,CK1-A,CSNK1A1L
CK1,-1.7291666666666667,18,KRSA,0.7758081334723671,4,CK1,CK1,CK1-D,CSNK1D
CK1,-1.7291666666666667,18,KRSA,0.7758081334723671,4,CK1,CK1,CK1-D,CSNK1E
CK1,-1.7291666666666667,18,KRSA,0.7758081334723671,4,CK1,CK1,CK1-G,CSNK1G1
CK1,-1.7291666666666667,18,KRSA,0.7758081334723671,4,CK1,CK1,CK1-G,CSNK1G2
CK1,-1.7291666666666667,18,KRSA,0.7758081334723671,4,CK1,CK1,CK1-G,CSNK1G3
CK1,-1.7291666666666667,18,KRSA,0.7758081334723671,4,CK1,TTBK,TTBK,TTBK1
CK1,-1.7291666666666667,18,KRSA,0.7758081334723671,4,CK1,TTBK,TTBK,TTBK2
CK1,-1.7291666666666667,18,KRSA,0.7758081334723671,4,CK1,VRK,VRK,VRK3
VRK1,-1.3816666666666666,24,KRSA,0.7007299270072993,3,CK1,VRK,VRK,VRK1
GSK,-1.600833333333333,19,KRSA,0.7632950990615224,4,CMGC,GSK,GSK,GSK3A
GSK,-1.600833333333333,19,KRSA,0.7632950990615224,4,CMGC,GSK,GSK,GSK3B
STKR,-0.6591666666666667,53,KRSA,0.337851929092805,2,TKL,STKR,TYPE1,ACVR1
STKR,-0.6591666666666667,53,KRSA,0.337851929092805,2,TKL,STKR,TYPE1,ACVR1B
STKR,-0.6591666666666667,53,KRSA,0.337851929092805,2,TKL,STKR,TYPE1,ACVR1C
STKR,-0.6591666666666667,53,KRSA,0.337851929092805,2,TKL,STKR,TYPE2,ACVR2A
STKR,-0.6591666666666667,53,KRSA,0.337851929092805,2,TKL,STKR,TYPE2,ACVR2B
STKR,-0.6591666666666667,53,KRSA,0.337851929092805,2,TKL,STKR,TYPE1,ACVRL1
STKR,-0.6591666666666667,53,KRSA,0.337851929092805,2,TKL,STKR,TYPE2,AMHR2
STKR,-0.6591666666666667,53,KRSA,0.337851929092805,2,TKL,STKR,TYPE1,BMPR1A
STKR,-0.6591666666666667,53,KRSA,0.337851929092805,2,TKL,STKR,TYPE1,BMPR1B
STKR,-0.6591666666666667,53,KRSA,0.337851929092805,2,TKL,STKR,TYPE2,BMPR2
STKR,-0.6591666666666667,53,KRSA,0.337851929092805,2,TKL,STKR,TYPE1,TGFBR1
STKR,-0.6591666666666667,53,KRSA,0.337851929092805,2,TKL,STKR,TYPE2,TGFBR2
PAKA,1.44,22,KRSA,0.7257559958289885,3,STE,STE20,PAKA,PAK1
PAKA,1.44,22,KRSA,0.7257559958289885,3,STE,STE20,PAKA,PAK2
PAKA,1.44,22,KRSA,0.7257559958289885,3,STE,STE20,PAKA,PAK3
FRAY,-1.850833333333333,16,KRSA,0.8008342022940563,4,STE,STE20,FRAY,OXSR1
FRAY,-1.850833333333333,16,KRSA,0.8008342022940563,4,STE,STE20,FRAY,STK39
CAMK1,1.7733333333333332,17,KRSA,0.7883211678832117,4,CAMK,CAMK1,CAMK1,CAMK1
CAMK1,1.7733333333333332,17,KRSA,0.7883211678832117,4,CAMK,CAMK1,CAMK1,CAMK1D
CAMK1,1.7733333333333332,17,KRSA,0.7883211678832117,4,CAMK,CAMK1,CAMK1,CAMK1G
CAMK1,1.7733333333333332,17,KRSA,0.7883211678832117,4,CAMK,CAMK1,CAMK1,CAMK4
CAMK1,1.7733333333333332,17,KRSA,0.7883211678832117,4,CAMK,CAMK1,CAMK1,PNCK
RAF,-2.2733333333333334,12,KRSA,0.8508863399374348,4,TKL,RAF,RAF,ARAF
RAF,-2.2733333333333334,12,KRSA,0.8508863399374348,4,TKL,RAF,RAF,BRAF
RAF,-2.2733333333333334,12,KRSA,0.8508863399374348,4,TKL,RAF,KSR,KSR1
RAF,-2.2733333333333334,12,KRSA,0.8508863399374348,4,TKL,RAF,KSR,KSR2
RAF,-2.2733333333333334,12,KRSA,0.8508863399374348,4,TKL,RAF,RAF,RAF1
LKB,-1.2583333333333333,25,KRSA,0.6882168925964547,3,CAMK,CAMKL,LKB,STK11
NAK,-0.8308333333333333,39,KRSA,0.5130344108446299,3,OTHER,NAK,BIKE,AAK1
NAK,-0.8308333333333333,39,KRSA,0.5130344108446299,3,OTHER,NAK,BIKE,BMP2K
NAK,-0.8308333333333333,39,KRSA,0.5130344108446299,3,OTHER,NAK,GAK,GAK
NAK,-0.8308333333333333,39,KRSA,0.5130344108446299,3,OTHER,NAK,MPSK,STK16
TLK,-1.0616666666666668,29,KRSA,0.6381647549530761,3,OTHER,TLK,TLK,TLK1
TLK,-1.0616666666666668,29,KRSA,0.6381647549530761,3,OTHER,TLK,TLK,TLK2
NUAK,-1.0491666666666666,32,KRSA,0.6006256517205423,3,CAMK,CAMKL,NUAK,NUAK1
NUAK,-1.0491666666666666,32,KRSA,0.6006256517205423,3,CAMK,CAMKL,NUAK,NUAK2
TTK,-1.06,30,KRSA,0.6256517205422315,3,OTHER,TTK,TTK,TTK
HAL,0.8183333333333334,40,KRSA,0.5005213764337852,3,RGC,RGC,RGC,NPR1
CK2,-0.16249999999999998,74,KRSA,0.07507820646506778,1,CMGC,CK2,CK2,CSNK2A1
CK2,-0.16249999999999998,74,KRSA,0.07507820646506778,1,CMGC,CK2,CK2,CSNK2A2
CK2,-0.16249999999999998,74,KRSA,0.07507820646506778,1,NA,NA,NA,CSNK2A3
QIK,-1.5333333333333334,21,KRSA,0.7382690302398331,3,CAMK,CAMKL,QIK,SIK1
QIK,-1.5333333333333334,21,KRSA,0.7382690302398331,3,CAMK,CAMKL,QIK,SIK2
PHK,-0.865,35,KRSA,0.5630865484880083,3,CAMK,PHK,PHK,PHKG1
PHK,-0.865,35,KRSA,0.5630865484880083,3,CAMK,PHK,PHK,PHKG2
STE11,-1.1091666666666666,28,KRSA,0.6506777893639207,3,TKL,MLK,TAK1,MAP3K7
STE11,-1.1091666666666666,28,KRSA,0.6506777893639207,3,STE,STE11,MEKK1,MAP3K1
STE11,-1.1091666666666666,28,KRSA,0.6506777893639207,3,STE,STE11,ASK,MAP3K15
STE11,-1.1091666666666666,28,KRSA,0.6506777893639207,3,STE,STE11,MEKK2,MAP3K2
STE11,-1.1091666666666666,28,KRSA,0.6506777893639207,3,STE,STE11,MEKK2,MAP3K3
STE11,-1.1091666666666666,28,KRSA,0.6506777893639207,3,STE,STE11,MEKK4,MAP3K4
STE11,-1.1091666666666666,28,KRSA,0.6506777893639207,3,STE,STE11,ASK,MAP3K5
STE11,-1.1091666666666666,28,KRSA,0.6506777893639207,3,STE,STE11,ASK,MAP3K6
GRK,-0.17250000000000004,72,KRSA,0.10010427528675704,1,AGC,GRK,GRK,GRK1
GRK,-0.17250000000000004,72,KRSA,0.10010427528675704,1,AGC,GRK,GRK,GRK4
GRK,-0.17250000000000004,72,KRSA,0.10010427528675704,1,AGC,GRK,GRK,GRK5
GRK,-0.17250000000000004,72,KRSA,0.10010427528675704,1,AGC,GRK,GRK,GRK6
GRK,-0.17250000000000004,72,KRSA,0.10010427528675704,1,AGC,GRK,GRK,GRK7
BRSK,-0.06416666666666665,78,KRSA,0.02502606882168926,1,CAMK,CAMKL,BRSK,BRSK1
BRSK,-0.06416666666666665,78,KRSA,0.02502606882168926,1,CAMK,CAMKL,BRSK,BRSK2
SLK,0.6541666666666667,55,KRSA,0.31282586027111575,2,STE,STE20,SLK,SLK
SLK,0.6541666666666667,55,KRSA,0.31282586027111575,2,STE,STE20,SLK,STK10
TAO,-0.5683333333333334,58,KRSA,0.27528675703858185,2,STE,STE20,TAO,TAOK1
TAO,-0.5683333333333334,58,KRSA,0.27528675703858185,2,STE,STE20,TAO,TAOK2
TAO,-0.5683333333333334,58,KRSA,0.27528675703858185,2,STE,STE20,TAO,TAOK3
PASK,1.0216666666666667,33,KRSA,0.5881126173096975,3,CAMK,CAMKL,PASK,PASK
CLK,-0.7333333333333334,51,KRSA,0.36287799791449427,2,CMGC,CLK,CLK,CLK1
CLK,-0.7333333333333334,51,KRSA,0.36287799791449427,2,CMGC,CLK,CLK,CLK2
CLK,-0.7333333333333334,51,KRSA,0.36287799791449427,2,CMGC,CLK,CLK,CLK3
CLK,-0.7333333333333334,51,KRSA,0.36287799791449427,2,CMGC,CLK,CLK,CLK4
WNK,-0.75,46,KRSA,0.4254431699687174,2,OTHER,WNK,WNK,WNK1
WNK,-0.75,46,KRSA,0.4254431699687174,2,OTHER,WNK,WNK,WNK2
WNK,-0.75,46,KRSA,0.4254431699687174,2,OTHER,WNK,WNK,WNK3
WNK,-0.75,46,KRSA,0.4254431699687174,2,OTHER,WNK,WNK,WNK4
NIK,-0.74,48,KRSA,0.40041710114702816,2,STE,STE-UNIQUE,STE-UNIQUE,MAP3K14
MOS,-0.7525,45,KRSA,0.43795620437956206,2,OTHER,MOS,MOS,MOS
KHS,0.11833333333333336,76,KRSA,0.05005213764337852,1,STE,STE20,KHS,MAP4K1
KHS,0.11833333333333336,76,KRSA,0.05005213764337852,1,STE,STE20,KHS,MAP4K2
KHS,0.11833333333333336,76,KRSA,0.05005213764337852,1,STE,STE20,KHS,MAP4K3
KHS,0.11833333333333336,76,KRSA,0.05005213764337852,1,STE,STE20,KHS,MAP4K5
CAMKK,-0.7358333333333333,49,KRSA,0.38790406673618355,2,OTHER,CAMKK,META,CAMKK1
CAMKK,-0.7358333333333333,49,KRSA,0.38790406673618355,2,OTHER,CAMKK,META,CAMKK2
PKCI,0.8816666666666666,34,KRSA,0.5755995828988529,3,AGC,PKC,IOTA,PRKCI
PKCI,0.8816666666666666,34,KRSA,0.5755995828988529,3,AGC,PKC,IOTA,PRKCZ
BUD32,-0.735,50,KRSA,0.3753910323253389,2,OTHER,BUD32,BUD32,TP53RK
ULK,-0.7416666666666667,47,KRSA,0.4129301355578728,2,OTHER,ULK,FUSED,STK36
ULK,-0.7416666666666667,47,KRSA,0.4129301355578728,2,OTHER,ULK,ULK,ULK1
ULK,-0.7416666666666667,47,KRSA,0.4129301355578728,2,OTHER,ULK,ULK,ULK2
ULK,-0.7416666666666667,47,KRSA,0.4129301355578728,2,OTHER,ULK,ULK,ULK3
ULK,-0.7416666666666667,47,KRSA,0.4129301355578728,2,OTHER,ULK,ULK,ULK4
PKCH,-0.6566666666666666,54,KRSA,0.32533889468196037,2,AGC,PKC,ETA,PRKCE
PKCH,-0.6566666666666666,54,KRSA,0.32533889468196037,2,AGC,PKC,ETA,PRKCH
ATM,-0.6041666666666666,57,KRSA,0.28779979144942647,2,ATYPICAL,PIKK,ATM,ATM
RIPK,1.596666666666667,20,KRSA,0.7507820646506778,4,TKL,RIPK,RIPK,ANKK1
RIPK,1.596666666666667,20,KRSA,0.7507820646506778,4,TKL,RIPK,RIPK,RIPK1
RIPK,1.596666666666667,20,KRSA,0.7507820646506778,4,TKL,RIPK,RIPK,RIPK2
RIPK,1.596666666666667,20,KRSA,0.7507820646506778,4,TKL,RIPK,RIPK,RIPK3
RIPK,1.596666666666667,20,KRSA,0.7507820646506778,4,TKL,RIPK,RIPK,RIPK4
IKK,-0.2791666666666666,67,KRSA,0.16266944734098018,1,OTHER,IKK,IKK,CHUK
IKK,-0.2791666666666666,67,KRSA,0.16266944734098018,1,OTHER,IKK,IKK,IKBKB
IKK,-0.2791666666666666,67,KRSA,0.16266944734098018,1,OTHER,IKK,IKK,IKBKE
IKK,-0.2791666666666666,67,KRSA,0.16266944734098018,1,OTHER,IKK,IKK,TBK1
AUR,-0.02333333333333338,79,KRSA,0.01251303441084463,1,OTHER,AUR,AUR,AURKA
AUR,-0.02333333333333338,79,KRSA,0.01251303441084463,1,OTHER,AUR,AUR,AURKB
AUR,-0.02333333333333338,79,KRSA,0.01251303441084463,1,OTHER,AUR,AUR,AURKC
CHK1,-0.37,65,KRSA,0.18769551616266944,1,CAMK,CAMKL,CHK1,CHEK1
ATR,-1.0508333333333333,31,KRSA,0.6131386861313869,3,ATYPICAL,PIKK,ATR,ATR
BARK2,0.5499999999999999,60,KRSA,0.2502606882168926,2,AGC,GRK,BARK,GRK3
PDHK,0.16499999999999998,73,KRSA,0.08759124087591241,1,ATYPICAL,PDHK,BCKDK,BCKDK
PDHK,0.16499999999999998,73,KRSA,0.08759124087591241,1,ATYPICAL,PDHK,PDHK,PDK2
PDHK,0.16499999999999998,73,KRSA,0.08759124087591241,1,ATYPICAL,PDHK,PDHK,PDK3
PDHK,0.16499999999999998,73,KRSA,0.08759124087591241,1,ATYPICAL,PDHK,PDHK,PDK4
SGK,-0.2016666666666667,69,KRSA,0.13764337851929093,1,AGC,SGK,SGK,SGK1
SGK,-0.2016666666666667,69,KRSA,0.13764337851929093,1,AGC,SGK,SGK,SGK2
SGK,-0.2016666666666667,69,KRSA,0.13764337851929093,1,AGC,SGK,SGK,SGK3
NDR,0.79,42,KRSA,0.4754953076120959,2,AGC,NDR,NDR,LATS1
NDR,0.79,42,KRSA,0.4754953076120959,2,AGC,NDR,NDR,LATS2
NDR,0.79,42,KRSA,0.4754953076120959,2,AGC,NDR,NDR,STK38
NDR,0.79,42,KRSA,0.4754953076120959,2,AGC,NDR,NDR,STK38L
DMPK,0.09583333333333326,77,KRSA,0.03753910323253389,1,AGC,DMPK,GEK,CDC42BPA
DMPK,0.09583333333333326,77,KRSA,0.03753910323253389,1,AGC,DMPK,GEK,CDC42BPB
DMPK,0.09583333333333326,77,KRSA,0.03753910323253389,1,AGC,DMPK,GEK,CDC42BPG
DMPK,0.09583333333333326,77,KRSA,0.03753910323253389,1,AGC,DMPK,CRIK,CIT
DMPK,0.09583333333333326,77,KRSA,0.03753910323253389,1,AGC,DMPK,GEK,DMPK
DMPK,0.09583333333333326,77,KRSA,0.03753910323253389,1,AGC,DMPK,ROCK,ROCK1
DMPK,0.09583333333333326,77,KRSA,0.03753910323253389,1,AGC,DMPK,ROCK,ROCK2
MLCK,-0.7608333333333334,44,KRSA,0.4504692387904067,2,CAMK,MLCK,MLCK,MYLK
MLCK,-0.7608333333333334,44,KRSA,0.4504692387904067,2,CAMK,MLCK,MLCK,MYLK2
MLCK,-0.7608333333333334,44,KRSA,0.4504692387904067,2,CAMK,MLCK,MLCK,TTN
PRKDC,-0.8483333333333333,37,KRSA,0.5380604796663191,3,ATYPICAL,PIKK,DNAPK,PRKDC
IRAK,-0.5583333333333333,59,KRSA,0.26277372262773724,2,TKL,IRAK,IRAK,IRAK1
IRAK,-0.5583333333333333,59,KRSA,0.26277372262773724,2,TKL,IRAK,IRAK,IRAK2
IRAK,-0.5583333333333333,59,KRSA,0.26277372262773724,2,TKL,IRAK,IRAK,IRAK3
IRAK,-0.5583333333333333,59,KRSA,0.26277372262773724,2,TKL,IRAK,IRAK,IRAK4
RSK,1.2241666666666666,27,KRSA,0.6631908237747653,3,AGC,RSK,RSK,RPS6KA1
RSK,1.2241666666666666,27,KRSA,0.6631908237747653,3,AGC,RSK,RSK,RPS6KA2
RSK,1.2241666666666666,27,KRSA,0.6631908237747653,3,AGC,RSK,RSK,RPS6KA3
RSK,1.2241666666666666,27,KRSA,0.6631908237747653,3,AGC,RSK,MSK,RPS6KA4
RSK,1.2241666666666666,27,KRSA,0.6631908237747653,3,AGC,RSK,MSK,RPS6KA5
RSK,1.2241666666666666,27,KRSA,0.6631908237747653,3,AGC,RSK,RSK,RPS6KA6
RSK,1.2241666666666666,27,KRSA,0.6631908237747653,3,AGC,RSK,P70,RPS6KB1
RSK,1.2241666666666666,27,KRSA,0.6631908237747653,3,AGC,RSK,P70,RPS6KB2
MLK,-0.18,71,KRSA,0.11261730969760167,1,TKL,MLK,ILK,ILK
MLK,-0.18,71,KRSA,0.11261730969760167,1,TKL,MLK,MLK,MAP3K10
MLK,-0.18,71,KRSA,0.11261730969760167,1,TKL,MLK,MLK,MAP3K11
MLK,-0.18,71,KRSA,0.11261730969760167,1,TKL,MLK,LZK,MAP3K12
MLK,-0.18,71,KRSA,0.11261730969760167,1,TKL,MLK,LZK,MAP3K13
MLK,-0.18,71,KRSA,0.11261730969760167,1,TKL,MLK,MLK,MAP3K9
MLK,-0.18,71,KRSA,0.11261730969760167,1,TKL,MLK,HH498,TNNI3K
COT,0.12083333333333336,75,KRSA,0.06256517205422316,1,STE,STE-UNIQUE,STE-UNIQUE,MAP3K8
PKCD,1.2466666666666666,26,KRSA,0.67570385818561,3,AGC,PKC,DELTA,PRKCD
PKCD,1.2466666666666666,26,KRSA,0.67570385818561,3,AGC,PKC,DELTA,PRKCQ
PKD,0.85,36,KRSA,0.5505735140771637,3,CAMK,PKD,PKD,PRKD1
PKD,0.85,36,KRSA,0.5505735140771637,3,CAMK,PKD,PKD,PRKD2
PKD,0.85,36,KRSA,0.5505735140771637,3,CAMK,PKD,PKD,PRKD3
RAD53,0.6833333333333333,52,KRSA,0.35036496350364965,2,CAMK,RAD53,RAD53,CHEK2
DAPK,-0.44333333333333336,63,KRSA,0.2127215849843587,1,CAMK,DAPK,DAPK,DAPK1
DAPK,-0.44333333333333336,63,KRSA,0.2127215849843587,1,CAMK,DAPK,DAPK,DAPK2
DAPK,-0.44333333333333336,63,KRSA,0.2127215849843587,1,CAMK,DAPK,DAPK,DAPK3
DAPK,-0.44333333333333336,63,KRSA,0.2127215849843587,1,CAMK,DAPK,DRAK,STK17A
DAPK,-0.44333333333333336,63,KRSA,0.2127215849843587,1,CAMK,DAPK,DRAK,STK17B
MELK,-0.8466666666666667,38,KRSA,0.5255474452554745,3,CAMK,CAMKL,MELK,MELK
AKT,0.22333333333333336,68,KRSA,0.15015641293013557,1,AGC,AKT,AKT,AKT1
AKT,0.22333333333333336,68,KRSA,0.15015641293013557,1,AGC,AKT,AKT,AKT2
AKT,0.22333333333333336,68,KRSA,0.15015641293013557,1,AGC,AKT,AKT,AKT3
PIM,0.6166666666666667,56,KRSA,0.30031282586027114,2,CAMK,PIM,PIM,PIM1
PIM,0.6166666666666667,56,KRSA,0.30031282586027114,2,CAMK,PIM,PIM,PIM2
PIM,0.6166666666666667,56,KRSA,0.30031282586027114,2,CAMK,PIM,PIM,PIM3
CAMK2,0.20083333333333336,70,KRSA,0.1251303441084463,1,CAMK,CAMK2,CAMK2,CAMK2A
CAMK2,0.20083333333333336,70,KRSA,0.1251303441084463,1,CAMK,CAMK2,CAMK2,CAMK2B
CAMK2,0.20083333333333336,70,KRSA,0.1251303441084463,1,CAMK,CAMK2,CAMK2,CAMK2D
CAMK2,0.20083333333333336,70,KRSA,0.1251303441084463,1,CAMK,CAMK2,CAMK2,CAMK2G
NEK,-0.4066666666666667,64,KRSA,0.20020855057351408,1,OTHER,NEK,NEK11,NEK11
NEK,-0.4066666666666667,64,KRSA,0.20020855057351408,1,OTHER,NEK,NEK2,NEK2
NEK,-0.4066666666666667,64,KRSA,0.20020855057351408,1,OTHER,NEK,NEK1,NEK3
NEK,-0.4066666666666667,64,KRSA,0.20020855057351408,1,OTHER,NEK,NEK4,NEK4
NEK,-0.4066666666666667,64,KRSA,0.20020855057351408,1,OTHER,NEK,NEK1,NEK5
NEK,-0.4066666666666667,64,KRSA,0.20020855057351408,1,OTHER,NEK,NEK6,NEK6
NEK,-0.4066666666666667,64,KRSA,0.20020855057351408,1,OTHER,NEK,NEK6,NEK7
NEK,-0.4066666666666667,64,KRSA,0.20020855057351408,1,OTHER,NEK,NEK8,NEK8
NEK,-0.4066666666666667,64,KRSA,0.20020855057351408,1,OTHER,NEK,NEK8,NEK9
AMPK,0.47,61,KRSA,0.23774765380604795,1,CAMK,CAMKL,AMPK,PRKAA1
AMPK,0.47,61,KRSA,0.23774765380604795,1,CAMK,CAMKL,AMPK,PRKAA2
MSN,-0.3675,66,KRSA,0.17518248175182483,1,STE,STE20,MSN,MAP4K4
MSN,-0.3675,66,KRSA,0.17518248175182483,1,STE,STE20,MSN,NRK
MSN,-0.3675,66,KRSA,0.17518248175182483,1,STE,STE20,MSN,TNIK
MAPKAPK,-0.00500000000000001,80,KRSA,0,1,CAMK,MAPKAPK,MAPKAPK,MAPKAPK2
MAPKAPK,-0.00500000000000001,80,KRSA,0,1,CAMK,MAPKAPK,MAPKAPK,MAPKAPK3
MAPKAPK,-0.00500000000000001,80,KRSA,0,1,CAMK,MAPKAPK,MAPKAPK,MAPKAPK5
MAPKAPK,-0.00500000000000001,80,KRSA,0,1,CAMK,MAPKAPK,MNK,MKNK1
MAPKAPK,-0.00500000000000001,80,KRSA,0,1,CAMK,MAPKAPK,MNK,MKNK2
PAKB,-0.4541666666666667,62,KRSA,0.22523461939520334,1,STE,STE20,PAKB,PAK4
PAKB,-0.4541666666666667,62,KRSA,0.22523461939520334,1,STE,STE20,PAKB,PAK5
PAKB,-0.4541666666666667,62,KRSA,0.22523461939520334,1,STE,STE20,PAKB,PAK6
PKN,-0.8133333333333334,41,KRSA,0.4880083420229406,2,AGC,PKN,PKN,PKN1
PKN,-0.8133333333333334,41,KRSA,0.4880083420229406,2,AGC,PKN,PKN,PKN2
PKN,-0.8133333333333334,41,KRSA,0.4880083420229406,2,AGC,PKN,PKN,PKN3
JNK,-4.1725,3,KRSA,0.9635036496350365,4,CMGC,MAPK,JNK,MAPK10
JNK,-4.1725,3,KRSA,0.9635036496350365,4,CMGC,MAPK,JNK,MAPK8
JNK,-4.1725,3,KRSA,0.9635036496350365,4,CMGC,MAPK,JNK,MAPK9
PDK1,-4.216666666666667,2,KRSA,0.9760166840458812,4,ATYPICAL,PDHK,PDHK,PDK1
PDK1,-4.216666666666667,2,KRSA,0.9760166840458812,4,AGC,PDK1,PDK1,PDPK1
PEK,-2.9908333333333332,9,KRSA,0.8884254431699687,4,OTHER,PEK,HRI,EIF2AK1
PEK,-2.9908333333333332,9,KRSA,0.8884254431699687,4,OTHER,PEK,PKR,EIF2AK2
PEK,-2.9908333333333332,9,KRSA,0.8884254431699687,4,OTHER,PEK,PEK,EIF2AK3
PEK,-2.9908333333333332,9,KRSA,0.8884254431699687,4,OTHER,PEK,GCN2,EIF2AK4
CDK,-3.82,5,KRSA,0.9384775808133472,4,CMGC,CDK,CDC2,CDK1
CDK,-3.82,5,KRSA,0.9384775808133472,4,CMGC,CDK,CDK10,CDK10
CDK,-3.82,5,KRSA,0.9384775808133472,4,CMGC,CDK,CRK7,CDK12
CDK,-3.82,5,KRSA,0.9384775808133472,4,CMGC,CDK,CRK7,CDK13
CDK,-3.82,5,KRSA,0.9384775808133472,4,CMGC,CDK,PFTAIRE,CDK14
CDK,-3.82,5,KRSA,0.9384775808133472,4,CMGC,CDK,PFTAIRE,CDK15
CDK,-3.82,5,KRSA,0.9384775808133472,4,CMGC,CDK,PCTAIRE,CDK16
CDK,-3.82,5,KRSA,0.9384775808133472,4,CMGC,CDK,PCTAIRE,CDK17
CDK,-3.82,5,KRSA,0.9384775808133472,4,CMGC,CDK,PCTAIRE,CDK18
CDK,-3.82,5,KRSA,0.9384775808133472,4,CMGC,CDK,CDK8,CDK19
CDK,-3.82,5,KRSA,0.9384775808133472,4,CMGC,CDK,CDC2,CDK2
CDK,-3.82,5,KRSA,0.9384775808133472,4,CMGC,CDK,CCRK,CDK20
CDK,-3.82,5,KRSA,0.9384775808133472,4,CMGC,CDK,CDC2,CDK3
CDK,-3.82,5,KRSA,0.9384775808133472,4,CMGC,CDK,CDK4,CDK4
CDK,-3.82,5,KRSA,0.9384775808133472,4,CMGC,CDK,CDK5,CDK5
CDK,-3.82,5,KRSA,0.9384775808133472,4,CMGC,CDK,CDK4,CDK6
CDK,-3.82,5,KRSA,0.9384775808133472,4,CMGC,CDK,CDK7,CDK7
CDK,-3.82,5,KRSA,0.9384775808133472,4,CMGC,CDK,CDK8,CDK8
CDK,-3.82,5,KRSA,0.9384775808133472,4,CMGC,CDK,CDK9,CDK9
CDK,-3.82,5,KRSA,0.9384775808133472,4,NA,NA,NA,CDK11A
CDK,-3.82,5,KRSA,0.9384775808133472,4,NA,NA,NA,CDK11B
DYRK,-4.3341666666666665,1,KRSA,0.9885297184567258,4,CMGC,DYRK,DYRK1,DYRK1A
DYRK,-4.3341666666666665,1,KRSA,0.9885297184567258,4,CMGC,DYRK,DYRK1,DYRK1B
DYRK,-4.3341666666666665,1,KRSA,0.9885297184567258,4,CMGC,DYRK,DYRK2,DYRK2
DYRK,-4.3341666666666665,1,KRSA,0.9885297184567258,4,CMGC,DYRK,DYRK2,DYRK3
DYRK,-4.3341666666666665,1,KRSA,0.9885297184567258,4,CMGC,DYRK,DYRK2,DYRK4
DYRK,-4.3341666666666665,1,KRSA,0.9885297184567258,4,CMGC,DYRK,HIPK,HIPK1
DYRK,-4.3341666666666665,1,KRSA,0.9885297184567258,4,CMGC,DYRK,HIPK,HIPK2
DYRK,-4.3341666666666665,1,KRSA,0.9885297184567258,4,CMGC,DYRK,HIPK,HIPK3
DYRK,-4.3341666666666665,1,KRSA,0.9885297184567258,4,CMGC,DYRK,HIPK,HIPK4
DYRK,-4.3341666666666665,1,KRSA,0.9885297184567258,4,CMGC,DYRK,PRP4,PRPF4B
PKA,3.75,6,KRSA,0.9259645464025026,4,AGC,PKA,PKA,PRKACA
PKA,3.75,6,KRSA,0.9259645464025026,4,AGC,PKA,PKA,PRKACB
PKA,3.75,6,KRSA,0.9259645464025026,4,AGC,PKA,PKA,PRKACG
PKA,3.75,6,KRSA,0.9259645464025026,4,AGC,PKA,PKA,PRKX
PKA,3.75,6,KRSA,0.9259645464025026,4,AGC,PKA,PKA,PRKY
P38,-3.2616666666666667,7,KRSA,0.913451511991658,4,CMGC,MAPK,P38,MAPK11
P38,-3.2616666666666667,7,KRSA,0.913451511991658,4,CMGC,MAPK,P38,MAPK12
P38,-3.2616666666666667,7,KRSA,0.913451511991658,4,CMGC,MAPK,P38,MAPK13
P38,-3.2616666666666667,7,KRSA,0.913451511991658,4,CMGC,MAPK,P38,MAPK14
PKG,3.2458333333333336,8,KRSA,0.9009384775808134,4,AGC,PKG,PKG,PRKG1
PKG,3.2458333333333336,8,KRSA,0.9009384775808134,4,AGC,PKG,PKG,PRKG2
ERK,-4.145,4,KRSA,0.9509906152241918,4,CMGC,MAPK,ERK1,MAPK1
ERK,-4.145,4,KRSA,0.9509906152241918,4,CMGC,MAPK,ERK7,MAPK15
ERK,-4.145,4,KRSA,0.9509906152241918,4,CMGC,MAPK,ERK1,MAPK3
ERK,-4.145,4,KRSA,0.9509906152241918,4,CMGC,MAPK,ERK3,MAPK4
ERK,-4.145,4,KRSA,0.9509906152241918,4,CMGC,MAPK,ERK3,MAPK6
ERK,-4.145,4,KRSA,0.9509906152241918,4,CMGC,MAPK,ERK5,MAPK7
PLK,-2.6575,10,KRSA,0.8759124087591241,4,NA,NA,NA,PLK5
PLK,-2.6575,10,KRSA,0.8759124087591241,4,OTHER,PLK,PLK1,PLK1
PLK,-2.6575,10,KRSA,0.8759124087591241,4,OTHER,PLK,PLK2,PLK2
PLK,-2.6575,10,KRSA,0.8759124087591241,4,OTHER,PLK,PLK2,PLK3
PLK,-2.6575,10,KRSA,0.8759124087591241,4,OTHER,PLK,SAK,PLK4
MST,-2.3975,11,KRSA,0.8633993743482794,4,STE,STE20,MST,STK3
MST,-2.3975,11,KRSA,0.8633993743482794,4,STE,STE20,MST,STK4
STE7,-2.001666666666667,14,KRSA,0.8258602711157456,4,STE,STE7,MEK1,MAP2K1
STE7,-2.001666666666667,14,KRSA,0.8258602711157456,4,STE,STE7,MEK1,MAP2K2
STE7,-2.001666666666667,14,KRSA,0.8258602711157456,4,STE,STE7,MEK3,MAP2K3
STE7,-2.001666666666667,14,KRSA,0.8258602711157456,4,STE,STE7,MEK4,MAP2K4
STE7,-2.001666666666667,14,KRSA,0.8258602711157456,4,STE,STE7,MEK5,MAP2K5
STE7,-2.001666666666667,14,KRSA,0.8258602711157456,4,STE,STE7,MEK3,MAP2K6
STE7,-2.001666666666667,14,KRSA,0.8258602711157456,4,STE,STE7,MEK7,MAP2K7
MTOR,-1.9066666666666667,15,KRSA,0.8133472367049009,4,ATYPICAL,PIKK,FRAP,MTOR
PKCA,-1.413333333333333,23,KRSA,0.7132429614181439,3,AGC,PKC,ALPHA,PRKCA
PKCA,-1.413333333333333,23,KRSA,0.7132429614181439,3,AGC,PKC,ALPHA,PRKCB
PKCA,-1.413333333333333,23,KRSA,0.7132429614181439,3,AGC,PKC,ALPHA,PRKCG
NMO,-2.235,13,KRSA,0.8383733055265902,4,CMGC,MAPK,NMO,NLK
CK1,-1.7291666666666667,18,KRSA,0.7758081334723671,4,CK1,CK1,CK1-A,CSNK1A1
CK1,-1.7291666666666667,18,KRSA,0.7758081334723671,4,CK1,CK1,CK1-A,CSNK1A1L
CK1,-1.7291666666666667,18,KRSA,0.7758081334723671,4,CK1,CK1,CK1-D,CSNK1D
CK1,-1.7291666666666667,18,KRSA,0.7758081334723671,4,CK1,CK1,CK1-D,CSNK1E
CK1,-1.7291666666666667,18,KRSA,0.7758081334723671,4,CK1,CK1,CK1-G,CSNK1G1
CK1,-1.7291666666666667,18,KRSA,0.7758081334723671,4,CK1,CK1,CK1-G,CSNK1G2
CK1,-1.7291666666666667,18,KRSA,0.7758081334723671,4,CK1,CK1,CK1-G,CSNK1G3
CK1,-1.7291666666666667,18,KRSA,0.7758081334723671,4,CK1,TTBK,TTBK,TTBK1
CK1,-1.7291666666666667,18,KRSA,0.7758081334723671,4,CK1,TTBK,TTBK,TTBK2
CK1,-1.7291666666666667,18,KRSA,0.7758081334723671,4,CK1,VRK,VRK,VRK3
STE11,-1.1091666666666666,28,KRSA,0.6506777893639207,3,TKL,MLK,TAK1,MAP3K7
STE11,-1.1091666666666666,28,KRSA,0.6506777893639207,3,STE,STE11,MEKK1,MAP3K1
STE11,-1.1091666666666666,28,KRSA,0.6506777893639207,3,STE,STE11,ASK,MAP3K15
STE11,-1.1091666666666666,28,KRSA,0.6506777893639207,3,STE,STE11,MEKK2,MAP3K2
STE11,-1.1091666666666666,28,KRSA,0.6506777893639207,3,STE,STE11,MEKK2,MAP3K3
STE11,-1.1091666666666666,28,KRSA,0.6506777893639207,3,STE,STE11,MEKK4,MAP3K4
STE11,-1.1091666666666666,28,KRSA,0.6506777893639207,3,STE,STE11,ASK,MAP3K5
STE11,-1.1091666666666666,28,KRSA,0.6506777893639207,3,STE,STE11,ASK,MAP3K6
VRK1,-1.3816666666666666,24,KRSA,0.7007299270072993,3,CK1,VRK,VRK,VRK1
PAKA,1.44,22,KRSA,0.7257559958289885,3,STE,STE20,PAKA,PAK1
PAKA,1.44,22,KRSA,0.7257559958289885,3,STE,STE20,PAKA,PAK2
PAKA,1.44,22,KRSA,0.7257559958289885,3,STE,STE20,PAKA,PAK3
GSK,-1.600833333333333,19,KRSA,0.7632950990615224,4,CMGC,GSK,GSK,GSK3A
GSK,-1.600833333333333,19,KRSA,0.7632950990615224,4,CMGC,GSK,GSK,GSK3B
LKB,-1.2583333333333333,25,KRSA,0.6882168925964547,3,CAMK,CAMKL,LKB,STK11
HAL,0.8183333333333334,40,KRSA,0.5005213764337852,3,RGC,RGC,RGC,NPR1
FRAY,-1.850833333333333,16,KRSA,0.8008342022940563,4,STE,STE20,FRAY,OXSR1
FRAY,-1.850833333333333,16,KRSA,0.8008342022940563,4,STE,STE20,FRAY,STK39
PKCI,0.8816666666666666,34,KRSA,0.5755995828988529,3,AGC,PKC,IOTA,PRKCI
PKCI,0.8816666666666666,34,KRSA,0.5755995828988529,3,AGC,PKC,IOTA,PRKCZ
STKR,-0.6591666666666667,53,KRSA,0.337851929092805,2,TKL,STKR,TYPE1,ACVR1
STKR,-0.6591666666666667,53,KRSA,0.337851929092805,2,TKL,STKR,TYPE1,ACVR1B
STKR,-0.6591666666666667,53,KRSA,0.337851929092805,2,TKL,STKR,TYPE1,ACVR1C
STKR,-0.6591666666666667,53,KRSA,0.337851929092805,2,TKL,STKR,TYPE2,ACVR2A
STKR,-0.6591666666666667,53,KRSA,0.337851929092805,2,TKL,STKR,TYPE2,ACVR2B
STKR,-0.6591666666666667,53,KRSA,0.337851929092805,2,TKL,STKR,TYPE1,ACVRL1
STKR,-0.6591666666666667,53,KRSA,0.337851929092805,2,TKL,STKR,TYPE2,AMHR2
STKR,-0.6591666666666667,53,KRSA,0.337851929092805,2,TKL,STKR,TYPE1,BMPR1A
STKR,-0.6591666666666667,53,KRSA,0.337851929092805,2,TKL,STKR,TYPE1,BMPR1B
STKR,-0.6591666666666667,53,KRSA,0.337851929092805,2,TKL,STKR,TYPE2,BMPR2
STKR,-0.6591666666666667,53,KRSA,0.337851929092805,2,TKL,STKR,TYPE1,TGFBR1
STKR,-0.6591666666666667,53,KRSA,0.337851929092805,2,TKL,STKR,TYPE2,TGFBR2
CHK1,-0.37,65,KRSA,0.18769551616266944,1,CAMK,CAMKL,CHK1,CHEK1
RAF,-2.2733333333333334,12,KRSA,0.8508863399374348,4,TKL,RAF,RAF,ARAF
RAF,-2.2733333333333334,12,KRSA,0.8508863399374348,4,TKL,RAF,RAF,BRAF
RAF,-2.2733333333333334,12,KRSA,0.8508863399374348,4,TKL,RAF,KSR,KSR1
RAF,-2.2733333333333334,12,KRSA,0.8508863399374348,4,TKL,RAF,KSR,KSR2
RAF,-2.2733333333333334,12,KRSA,0.8508863399374348,4,TKL,RAF,RAF,RAF1
NAK,-0.8308333333333333,39,KRSA,0.5130344108446299,3,OTHER,NAK,BIKE,AAK1
NAK,-0.8308333333333333,39,KRSA,0.5130344108446299,3,OTHER,NAK,BIKE,BMP2K
NAK,-0.8308333333333333,39,KRSA,0.5130344108446299,3,OTHER,NAK,GAK,GAK
NAK,-0.8308333333333333,39,KRSA,0.5130344108446299,3,OTHER,NAK,MPSK,STK16
TLK,-1.0616666666666668,29,KRSA,0.6381647549530761,3,OTHER,TLK,TLK,TLK1
TLK,-1.0616666666666668,29,KRSA,0.6381647549530761,3,OTHER,TLK,TLK,TLK2
BRSK,-0.06416666666666665,78,KRSA,0.02502606882168926,1,CAMK,CAMKL,BRSK,BRSK1
BRSK,-0.06416666666666665,78,KRSA,0.02502606882168926,1,CAMK,CAMKL,BRSK,BRSK2
TTK,-1.06,30,KRSA,0.6256517205422315,3,OTHER,TTK,TTK,TTK
SLK,0.6541666666666667,55,KRSA,0.31282586027111575,2,STE,STE20,SLK,SLK
SLK,0.6541666666666667,55,KRSA,0.31282586027111575,2,STE,STE20,SLK,STK10
PASK,1.0216666666666667,33,KRSA,0.5881126173096975,3,CAMK,CAMKL,PASK,PASK
NUAK,-1.0491666666666666,32,KRSA,0.6006256517205423,3,CAMK,CAMKL,NUAK,NUAK1
NUAK,-1.0491666666666666,32,KRSA,0.6006256517205423,3,CAMK,CAMKL,NUAK,NUAK2
QIK,-1.5333333333333334,21,KRSA,0.7382690302398331,3,CAMK,CAMKL,QIK,SIK1
QIK,-1.5333333333333334,21,KRSA,0.7382690302398331,3,CAMK,CAMKL,QIK,SIK2
CAMK1,1.7733333333333332,17,KRSA,0.7883211678832117,4,CAMK,CAMK1,CAMK1,CAMK1
CAMK1,1.7733333333333332,17,KRSA,0.7883211678832117,4,CAMK,CAMK1,CAMK1,CAMK1D
CAMK1,1.7733333333333332,17,KRSA,0.7883211678832117,4,CAMK,CAMK1,CAMK1,CAMK1G
CAMK1,1.7733333333333332,17,KRSA,0.7883211678832117,4,CAMK,CAMK1,CAMK1,CAMK4
CAMK1,1.7733333333333332,17,KRSA,0.7883211678832117,4,CAMK,CAMK1,CAMK1,PNCK
CK2,-0.16249999999999998,74,KRSA,0.07507820646506778,1,CMGC,CK2,CK2,CSNK2A1
CK2,-0.16249999999999998,74,KRSA,0.07507820646506778,1,CMGC,CK2,CK2,CSNK2A2
CK2,-0.16249999999999998,74,KRSA,0.07507820646506778,1,NA,NA,NA,CSNK2A3
PKCD,1.2466666666666666,26,KRSA,0.67570385818561,3,AGC,PKC,DELTA,PRKCD
PKCD,1.2466666666666666,26,KRSA,0.67570385818561,3,AGC,PKC,DELTA,PRKCQ
BARK2,0.5499999999999999,60,KRSA,0.2502606882168926,2,AGC,GRK,BARK,GRK3
RIPK,1.596666666666667,20,KRSA,0.7507820646506778,4,TKL,RIPK,RIPK,ANKK1
RIPK,1.596666666666667,20,KRSA,0.7507820646506778,4,TKL,RIPK,RIPK,RIPK1
RIPK,1.596666666666667,20,KRSA,0.7507820646506778,4,TKL,RIPK,RIPK,RIPK2
RIPK,1.596666666666667,20,KRSA,0.7507820646506778,4,TKL,RIPK,RIPK,RIPK3
RIPK,1.596666666666667,20,KRSA,0.7507820646506778,4,TKL,RIPK,RIPK,RIPK4
NDR,0.79,42,KRSA,0.4754953076120959,2,AGC,NDR,NDR,LATS1
NDR,0.79,42,KRSA,0.4754953076120959,2,AGC,NDR,NDR,LATS2
NDR,0.79,42,KRSA,0.4754953076120959,2,AGC,NDR,NDR,STK38
NDR,0.79,42,KRSA,0.4754953076120959,2,AGC,NDR,NDR,STK38L
MOS,-0.7525,45,KRSA,0.43795620437956206,2,OTHER,MOS,MOS,MOS
KHS,0.11833333333333336,76,KRSA,0.05005213764337852,1,STE,STE20,KHS,MAP4K1
KHS,0.11833333333333336,76,KRSA,0.05005213764337852,1,STE,STE20,KHS,MAP4K2
KHS,0.11833333333333336,76,KRSA,0.05005213764337852,1,STE,STE20,KHS,MAP4K3
KHS,0.11833333333333336,76,KRSA,0.05005213764337852,1,STE,STE20,KHS,MAP4K5
CAMKK,-0.7358333333333333,49,KRSA,0.38790406673618355,2,OTHER,CAMKK,META,CAMKK1
CAMKK,-0.7358333333333333,49,KRSA,0.38790406673618355,2,OTHER,CAMKK,META,CAMKK2
MLCK,-0.7608333333333334,44,KRSA,0.4504692387904067,2,CAMK,MLCK,MLCK,MYLK
MLCK,-0.7608333333333334,44,KRSA,0.4504692387904067,2,CAMK,MLCK,MLCK,MYLK2
MLCK,-0.7608333333333334,44,KRSA,0.4504692387904067,2,CAMK,MLCK,MLCK,TTN
WNK,-0.75,46,KRSA,0.4254431699687174,2,OTHER,WNK,WNK,WNK1
WNK,-0.75,46,KRSA,0.4254431699687174,2,OTHER,WNK,WNK,WNK2
WNK,-0.75,46,KRSA,0.4254431699687174,2,OTHER,WNK,WNK,WNK3
WNK,-0.75,46,KRSA,0.4254431699687174,2,OTHER,WNK,WNK,WNK4
NIK,-0.74,48,KRSA,0.40041710114702816,2,STE,STE-UNIQUE,STE-UNIQUE,MAP3K14
ULK,-0.7416666666666667,47,KRSA,0.4129301355578728,2,OTHER,ULK,FUSED,STK36
ULK,-0.7416666666666667,47,KRSA,0.4129301355578728,2,OTHER,ULK,ULK,ULK1
ULK,-0.7416666666666667,47,KRSA,0.4129301355578728,2,OTHER,ULK,ULK,ULK2
ULK,-0.7416666666666667,47,KRSA,0.4129301355578728,2,OTHER,ULK,ULK,ULK3
ULK,-0.7416666666666667,47,KRSA,0.4129301355578728,2,OTHER,ULK,ULK,ULK4
PKCH,-0.6566666666666666,54,KRSA,0.32533889468196037,2,AGC,PKC,ETA,PRKCE
PKCH,-0.6566666666666666,54,KRSA,0.32533889468196037,2,AGC,PKC,ETA,PRKCH
ATR,-1.0508333333333333,31,KRSA,0.6131386861313869,3,ATYPICAL,PIKK,ATR,ATR
BUD32,-0.735,50,KRSA,0.3753910323253389,2,OTHER,BUD32,BUD32,TP53RK
TAO,-0.5683333333333334,58,KRSA,0.27528675703858185,2,STE,STE20,TAO,TAOK1
TAO,-0.5683333333333334,58,KRSA,0.27528675703858185,2,STE,STE20,TAO,TAOK2
TAO,-0.5683333333333334,58,KRSA,0.27528675703858185,2,STE,STE20,TAO,TAOK3
CLK,-0.7333333333333334,51,KRSA,0.36287799791449427,2,CMGC,CLK,CLK,CLK1
CLK,-0.7333333333333334,51,KRSA,0.36287799791449427,2,CMGC,CLK,CLK,CLK2
CLK,-0.7333333333333334,51,KRSA,0.36287799791449427,2,CMGC,CLK,CLK,CLK3
CLK,-0.7333333333333334,51,KRSA,0.36287799791449427,2,CMGC,CLK,CLK,CLK4
MLK,-0.18,71,KRSA,0.11261730969760167,1,TKL,MLK,ILK,ILK
MLK,-0.18,71,KRSA,0.11261730969760167,1,TKL,MLK,MLK,MAP3K10
MLK,-0.18,71,KRSA,0.11261730969760167,1,TKL,MLK,MLK,MAP3K11
MLK,-0.18,71,KRSA,0.11261730969760167,1,TKL,MLK,LZK,MAP3K12
MLK,-0.18,71,KRSA,0.11261730969760167,1,TKL,MLK,LZK,MAP3K13
MLK,-0.18,71,KRSA,0.11261730969760167,1,TKL,MLK,MLK,MAP3K9
MLK,-0.18,71,KRSA,0.11261730969760167,1,TKL,MLK,HH498,TNNI3K
PHK,-0.865,35,KRSA,0.5630865484880083,3,CAMK,PHK,PHK,PHKG1
PHK,-0.865,35,KRSA,0.5630865484880083,3,CAMK,PHK,PHK,PHKG2
MSN,-0.3675,66,KRSA,0.17518248175182483,1,STE,STE20,MSN,MAP4K4
MSN,-0.3675,66,KRSA,0.17518248175182483,1,STE,STE20,MSN,NRK
MSN,-0.3675,66,KRSA,0.17518248175182483,1,STE,STE20,MSN,TNIK
ATM,-0.6041666666666666,57,KRSA,0.28779979144942647,2,ATYPICAL,PIKK,ATM,ATM
IKK,-0.2791666666666666,67,KRSA,0.16266944734098018,1,OTHER,IKK,IKK,CHUK
IKK,-0.2791666666666666,67,KRSA,0.16266944734098018,1,OTHER,IKK,IKK,IKBKB
IKK,-0.2791666666666666,67,KRSA,0.16266944734098018,1,OTHER,IKK,IKK,IKBKE
IKK,-0.2791666666666666,67,KRSA,0.16266944734098018,1,OTHER,IKK,IKK,TBK1
SGK,-0.2016666666666667,69,KRSA,0.13764337851929093,1,AGC,SGK,SGK,SGK1
SGK,-0.2016666666666667,69,KRSA,0.13764337851929093,1,AGC,SGK,SGK,SGK2
SGK,-0.2016666666666667,69,KRSA,0.13764337851929093,1,AGC,SGK,SGK,SGK3
PRKDC,-0.8483333333333333,37,KRSA,0.5380604796663191,3,ATYPICAL,PIKK,DNAPK,PRKDC
GRK,-0.17250000000000004,72,KRSA,0.10010427528675704,1,AGC,GRK,GRK,GRK1
GRK,-0.17250000000000004,72,KRSA,0.10010427528675704,1,AGC,GRK,GRK,GRK4
GRK,-0.17250000000000004,72,KRSA,0.10010427528675704,1,AGC,GRK,GRK,GRK5
GRK,-0.17250000000000004,72,KRSA,0.10010427528675704,1,AGC,GRK,GRK,GRK6
GRK,-0.17250000000000004,72,KRSA,0.10010427528675704,1,AGC,GRK,GRK,GRK7
PDHK,0.16499999999999998,73,KRSA,0.08759124087591241,1,ATYPICAL,PDHK,BCKDK,BCKDK
PDHK,0.16499999999999998,73,KRSA,0.08759124087591241,1,ATYPICAL,PDHK,PDHK,PDK2
PDHK,0.16499999999999998,73,KRSA,0.08759124087591241,1,ATYPICAL,PDHK,PDHK,PDK3
PDHK,0.16499999999999998,73,KRSA,0.08759124087591241,1,ATYPICAL,PDHK,PDHK,PDK4
DMPK,0.09583333333333326,77,KRSA,0.03753910323253389,1,AGC,DMPK,GEK,CDC42BPA
DMPK,0.09583333333333326,77,KRSA,0.03753910323253389,1,AGC,DMPK,GEK,CDC42BPB
DMPK,0.09583333333333326,77,KRSA,0.03753910323253389,1,AGC,DMPK,GEK,CDC42BPG
DMPK,0.09583333333333326,77,KRSA,0.03753910323253389,1,AGC,DMPK,CRIK,CIT
DMPK,0.09583333333333326,77,KRSA,0.03753910323253389,1,AGC,DMPK,GEK,DMPK
DMPK,0.09583333333333326,77,KRSA,0.03753910323253389,1,AGC,DMPK,ROCK,ROCK1
DMPK,0.09583333333333326,77,KRSA,0.03753910323253389,1,AGC,DMPK,ROCK,ROCK2
PIM,0.6166666666666667,56,KRSA,0.30031282586027114,2,CAMK,PIM,PIM,PIM1
PIM,0.6166666666666667,56,KRSA,0.30031282586027114,2,CAMK,PIM,PIM,PIM2
PIM,0.6166666666666667,56,KRSA,0.30031282586027114,2,CAMK,PIM,PIM,PIM3
MAPKAPK,-0.00500000000000001,80,KRSA,0,1,CAMK,MAPKAPK,MAPKAPK,MAPKAPK2
MAPKAPK,-0.00500000000000001,80,KRSA,0,1,CAMK,MAPKAPK,MAPKAPK,MAPKAPK3
MAPKAPK,-0.00500000000000001,80,KRSA,0,1,CAMK,MAPKAPK,MAPKAPK,MAPKAPK5
MAPKAPK,-0.00500000000000001,80,KRSA,0,1,CAMK,MAPKAPK,MNK,MKNK1
MAPKAPK,-0.00500000000000001,80,KRSA,0,1,CAMK,MAPKAPK,MNK,MKNK2
AMPK,0.47,61,KRSA,0.23774765380604795,1,CAMK,CAMKL,AMPK,PRKAA1
AMPK,0.47,61,KRSA,0.23774765380604795,1,CAMK,CAMKL,AMPK,PRKAA2
AUR,-0.02333333333333338,79,KRSA,0.01251303441084463,1,OTHER,AUR,AUR,AURKA
AUR,-0.02333333333333338,79,KRSA,0.01251303441084463,1,OTHER,AUR,AUR,AURKB
AUR,-0.02333333333333338,79,KRSA,0.01251303441084463,1,OTHER,AUR,AUR,AURKC
NEK,-0.4066666666666667,64,KRSA,0.20020855057351408,1,OTHER,NEK,NEK11,NEK11
NEK,-0.4066666666666667,64,KRSA,0.20020855057351408,1,OTHER,NEK,NEK2,NEK2
NEK,-0.4066666666666667,64,KRSA,0.20020855057351408,1,OTHER,NEK,NEK1,NEK3
NEK,-0.4066666666666667,64,KRSA,0.20020855057351408,1,OTHER,NEK,NEK4,NEK4
NEK,-0.4066666666666667,64,KRSA,0.20020855057351408,1,OTHER,NEK,NEK1,NEK5
NEK,-0.4066666666666667,64,KRSA,0.20020855057351408,1,OTHER,NEK,NEK6,NEK6
NEK,-0.4066666666666667,64,KRSA,0.20020855057351408,1,OTHER,NEK,NEK6,NEK7
NEK,-0.4066666666666667,64,KRSA,0.20020855057351408,1,OTHER,NEK,NEK8,NEK8
NEK,-0.4066666666666667,64,KRSA,0.20020855057351408,1,OTHER,NEK,NEK8,NEK9
RSK,1.2241666666666666,27,KRSA,0.6631908237747653,3,AGC,RSK,RSK,RPS6KA1
RSK,1.2241666666666666,27,KRSA,0.6631908237747653,3,AGC,RSK,RSK,RPS6KA2
RSK,1.2241666666666666,27,KRSA,0.6631908237747653,3,AGC,RSK,RSK,RPS6KA3
RSK,1.2241666666666666,27,KRSA,0.6631908237747653,3,AGC,RSK,MSK,RPS6KA4
RSK,1.2241666666666666,27,KRSA,0.6631908237747653,3,AGC,RSK,MSK,RPS6KA5
RSK,1.2241666666666666,27,KRSA,0.6631908237747653,3,AGC,RSK,RSK,RPS6KA6
RSK,1.2241666666666666,27,KRSA,0.6631908237747653,3,AGC,RSK,P70,RPS6KB1
RSK,1.2241666666666666,27,KRSA,0.6631908237747653,3,AGC,RSK,P70,RPS6KB2
PAKB,-0.4541666666666667,62,KRSA,0.22523461939520334,1,STE,STE20,PAKB,PAK4
PAKB,-0.4541666666666667,62,KRSA,0.22523461939520334,1,STE,STE20,PAKB,PAK5
PAKB,-0.4541666666666667,62,KRSA,0.22523461939520334,1,STE,STE20,PAKB,PAK6
PKN,-0.8133333333333334,41,KRSA,0.4880083420229406,2,AGC,PKN,PKN,PKN1
PKN,-0.8133333333333334,41,KRSA,0.4880083420229406,2,AGC,PKN,PKN,PKN2
PKN,-0.8133333333333334,41,KRSA,0.4880083420229406,2,AGC,PKN,PKN,PKN3
MELK,-0.8466666666666667,38,KRSA,0.5255474452554745,3,CAMK,CAMKL,MELK,MELK
RAD53,0.6833333333333333,52,KRSA,0.35036496350364965,2,CAMK,RAD53,RAD53,CHEK2
IRAK,-0.5583333333333333,59,KRSA,0.26277372262773724,2,TKL,IRAK,IRAK,IRAK1
IRAK,-0.5583333333333333,59,KRSA,0.26277372262773724,2,TKL,IRAK,IRAK,IRAK2
IRAK,-0.5583333333333333,59,KRSA,0.26277372262773724,2,TKL,IRAK,IRAK,IRAK3
IRAK,-0.5583333333333333,59,KRSA,0.26277372262773724,2,TKL,IRAK,IRAK,IRAK4
AKT,0.22333333333333336,68,KRSA,0.15015641293013557,1,AGC,AKT,AKT,AKT1
AKT,0.22333333333333336,68,KRSA,0.15015641293013557,1,AGC,AKT,AKT,AKT2
AKT,0.22333333333333336,68,KRSA,0.15015641293013557,1,AGC,AKT,AKT,AKT3
PKD,0.85,36,KRSA,0.5505735140771637,3,CAMK,PKD,PKD,PRKD1
PKD,0.85,36,KRSA,0.5505735140771637,3,CAMK,PKD,PKD,PRKD2
PKD,0.85,36,KRSA,0.5505735140771637,3,CAMK,PKD,PKD,PRKD3
DAPK,-0.44333333333333336,63,KRSA,0.2127215849843587,1,CAMK,DAPK,DAPK,DAPK1
DAPK,-0.44333333333333336,63,KRSA,0.2127215849843587,1,CAMK,DAPK,DAPK,DAPK2
DAPK,-0.44333333333333336,63,KRSA,0.2127215849843587,1,CAMK,DAPK,DAPK,DAPK3
DAPK,-0.44333333333333336,63,KRSA,0.2127215849843587,1,CAMK,DAPK,DRAK,STK17A
DAPK,-0.44333333333333336,63,KRSA,0.2127215849843587,1,CAMK,DAPK,DRAK,STK17B
COT,0.12083333333333336,75,KRSA,0.06256517205422316,1,STE,STE-UNIQUE,STE-UNIQUE,MAP3K8
CAMK2,0.20083333333333336,70,KRSA,0.1251303441084463,1,CAMK,CAMK2,CAMK2,CAMK2A
CAMK2,0.20083333333333336,70,KRSA,0.1251303441084463,1,CAMK,CAMK2,CAMK2,CAMK2B
CAMK2,0.20083333333333336,70,KRSA,0.1251303441084463,1,CAMK,CAMK2,CAMK2,CAMK2D
CAMK2,0.20083333333333336,70,KRSA,0.1251303441084463,1,CAMK,CAMK2,CAMK2,CAMK2G
CDK,-3.82,5,KRSA,0.9384775808133472,4,CMGC,CDK,CDC2,CDK1
CDK,-3.82,5,KRSA,0.9384775808133472,4,CMGC,CDK,CDK10,CDK10
CDK,-3.82,5,KRSA,0.9384775808133472,4,CMGC,CDK,CRK7,CDK12
CDK,-3.82,5,KRSA,0.9384775808133472,4,CMGC,CDK,CRK7,CDK13
CDK,-3.82,5,KRSA,0.9384775808133472,4,CMGC,CDK,PFTAIRE,CDK14
CDK,-3.82,5,KRSA,0.9384775808133472,4,CMGC,CDK,PFTAIRE,CDK15
CDK,-3.82,5,KRSA,0.9384775808133472,4,CMGC,CDK,PCTAIRE,CDK16
CDK,-3.82,5,KRSA,0.9384775808133472,4,CMGC,CDK,PCTAIRE,CDK17
CDK,-3.82,5,KRSA,0.9384775808133472,4,CMGC,CDK,PCTAIRE,CDK18
CDK,-3.82,5,KRSA,0.9384775808133472,4,CMGC,CDK,CDK8,CDK19
CDK,-3.82,5,KRSA,0.9384775808133472,4,CMGC,CDK,CDC2,CDK2
CDK,-3.82,5,KRSA,0.9384775808133472,4,CMGC,CDK,CCRK,CDK20
CDK,-3.82,5,KRSA,0.9384775808133472,4,CMGC,CDK,CDC2,CDK3
CDK,-3.82,5,KRSA,0.9384775808133472,4,CMGC,CDK,CDK4,CDK4
CDK,-3.82,5,KRSA,0.9384775808133472,4,CMGC,CDK,CDK5,CDK5
CDK,-3.82,5,KRSA,0.9384775808133472,4,CMGC,CDK,CDK4,CDK6
CDK,-3.82,5,KRSA,0.9384775808133472,4,CMGC,CDK,CDK7,CDK7
CDK,-3.82,5,KRSA,0.9384775808133472,4,CMGC,CDK,CDK8,CDK8
CDK,-3.82,5,KRSA,0.9384775808133472,4,CMGC,CDK,CDK9,CDK9
CDK,-3.82,5,KRSA,0.9384775808133472,4,NA,NA,NA,CDK11A
CDK,-3.82,5,KRSA,0.9384775808133472,4,NA,NA,NA,CDK11B
JNK,-4.1725,3,KRSA,0.9635036496350365,4,CMGC,MAPK,JNK,MAPK10
JNK,-4.1725,3,KRSA,0.9635036496350365,4,CMGC,MAPK,JNK,MAPK8
JNK,-4.1725,3,KRSA,0.9635036496350365,4,CMGC,MAPK,JNK,MAPK9
PDK1,-4.216666666666667,2,KRSA,0.9760166840458812,4,ATYPICAL,PDHK,PDHK,PDK1
PDK1,-4.216666666666667,2,KRSA,0.9760166840458812,4,AGC,PDK1,PDK1,PDPK1
ERK,-4.145,4,KRSA,0.9509906152241918,4,CMGC,MAPK,ERK1,MAPK1
ERK,-4.145,4,KRSA,0.9509906152241918,4,CMGC,MAPK,ERK7,MAPK15
ERK,-4.145,4,KRSA,0.9509906152241918,4,CMGC,MAPK,ERK1,MAPK3
ERK,-4.145,4,KRSA,0.9509906152241918,4,CMGC,MAPK,ERK3,MAPK4
ERK,-4.145,4,KRSA,0.9509906152241918,4,CMGC,MAPK,ERK3,MAPK6
ERK,-4.145,4,KRSA,0.9509906152241918,4,CMGC,MAPK,ERK5,MAPK7
PEK,-2.9908333333333332,9,KRSA,0.8884254431699687,4,OTHER,PEK,HRI,EIF2AK1
PEK,-2.9908333333333332,9,KRSA,0.8884254431699687,4,OTHER,PEK,PKR,EIF2AK2
PEK,-2.9908333333333332,9,KRSA,0.8884254431699687,4,OTHER,PEK,PEK,EIF2AK3
PEK,-2.9908333333333332,9,KRSA,0.8884254431699687,4,OTHER,PEK,GCN2,EIF2AK4
RAF,-2.2733333333333334,12,KRSA,0.8508863399374348,4,TKL,RAF,RAF,ARAF
RAF,-2.2733333333333334,12,KRSA,0.8508863399374348,4,TKL,RAF,RAF,BRAF
RAF,-2.2733333333333334,12,KRSA,0.8508863399374348,4,TKL,RAF,KSR,KSR1
RAF,-2.2733333333333334,12,KRSA,0.8508863399374348,4,TKL,RAF,KSR,KSR2
RAF,-2.2733333333333334,12,KRSA,0.8508863399374348,4,TKL,RAF,RAF,RAF1
DYRK,-4.3341666666666665,1,KRSA,0.9885297184567258,4,CMGC,DYRK,DYRK1,DYRK1A
DYRK,-4.3341666666666665,1,KRSA,0.9885297184567258,4,CMGC,DYRK,DYRK1,DYRK1B
DYRK,-4.3341666666666665,1,KRSA,0.9885297184567258,4,CMGC,DYRK,DYRK2,DYRK2
DYRK,-4.3341666666666665,1,KRSA,0.9885297184567258,4,CMGC,DYRK,DYRK2,DYRK3
DYRK,-4.3341666666666665,1,KRSA,0.9885297184567258,4,CMGC,DYRK,DYRK2,DYRK4
DYRK,-4.3341666666666665,1,KRSA,0.9885297184567258,4,CMGC,DYRK,HIPK,HIPK1
DYRK,-4.3341666666666665,1,KRSA,0.9885297184567258,4,CMGC,DYRK,HIPK,HIPK2
DYRK,-4.3341666666666665,1,KRSA,0.9885297184567258,4,CMGC,DYRK,HIPK,HIPK3
DYRK,-4.3341666666666665,1,KRSA,0.9885297184567258,4,CMGC,DYRK,HIPK,HIPK4
DYRK,-4.3341666666666665,1,KRSA,0.9885297184567258,4,CMGC,DYRK,PRP4,PRPF4B
P38,-3.2616666666666667,7,KRSA,0.913451511991658,4,CMGC,MAPK,P38,MAPK11
P38,-3.2616666666666667,7,KRSA,0.913451511991658,4,CMGC,MAPK,P38,MAPK12
P38,-3.2616666666666667,7,KRSA,0.913451511991658,4,CMGC,MAPK,P38,MAPK13
P38,-3.2616666666666667,7,KRSA,0.913451511991658,4,CMGC,MAPK,P38,MAPK14
MST,-2.3975,11,KRSA,0.8633993743482794,4,STE,STE20,MST,STK3
MST,-2.3975,11,KRSA,0.8633993743482794,4,STE,STE20,MST,STK4
PKA,3.75,6,KRSA,0.9259645464025026,4,AGC,PKA,PKA,PRKACA
PKA,3.75,6,KRSA,0.9259645464025026,4,AGC,PKA,PKA,PRKACB
PKA,3.75,6,KRSA,0.9259645464025026,4,AGC,PKA,PKA,PRKACG
PKA,3.75,6,KRSA,0.9259645464025026,4,AGC,PKA,PKA,PRKX
PKA,3.75,6,KRSA,0.9259645464025026,4,AGC,PKA,PKA,PRKY
PKG,3.2458333333333336,8,KRSA,0.9009384775808134,4,AGC,PKG,PKG,PRKG1
PKG,3.2458333333333336,8,KRSA,0.9009384775808134,4,AGC,PKG,PKG,PRKG2
PLK,-2.6575,10,KRSA,0.8759124087591241,4,NA,NA,NA,PLK5
PLK,-2.6575,10,KRSA,0.8759124087591241,4,OTHER,PLK,PLK1,PLK1
PLK,-2.6575,10,KRSA,0.8759124087591241,4,OTHER,PLK,PLK2,PLK2
PLK,-2.6575,10,KRSA,0.8759124087591241,4,OTHER,PLK,PLK2,PLK3
PLK,-2.6575,10,KRSA,0.8759124087591241,4,OTHER,PLK,SAK,PLK4
FRAY,-1.850833333333333,16,KRSA,0.8008342022940563,4,STE,STE20,FRAY,OXSR1
FRAY,-1.850833333333333,16,KRSA,0.8008342022940563,4,STE,STE20,FRAY,STK39
MELK,-0.8466666666666667,38,KRSA,0.5255474452554745,3,CAMK,CAMKL,MELK,MELK
PHK,-0.865,35,KRSA,0.5630865484880083,3,CAMK,PHK,PHK,PHKG1
PHK,-0.865,35,KRSA,0.5630865484880083,3,CAMK,PHK,PHK,PHKG2
STE7,-2.001666666666667,14,KRSA,0.8258602711157456,4,STE,STE7,MEK1,MAP2K1
STE7,-2.001666666666667,14,KRSA,0.8258602711157456,4,STE,STE7,MEK1,MAP2K2
STE7,-2.001666666666667,14,KRSA,0.8258602711157456,4,STE,STE7,MEK3,MAP2K3
STE7,-2.001666666666667,14,KRSA,0.8258602711157456,4,STE,STE7,MEK4,MAP2K4
STE7,-2.001666666666667,14,KRSA,0.8258602711157456,4,STE,STE7,MEK5,MAP2K5
STE7,-2.001666666666667,14,KRSA,0.8258602711157456,4,STE,STE7,MEK3,MAP2K6
STE7,-2.001666666666667,14,KRSA,0.8258602711157456,4,STE,STE7,MEK7,MAP2K7
SLK,0.6541666666666667,55,KRSA,0.31282586027111575,2,STE,STE20,SLK,SLK
SLK,0.6541666666666667,55,KRSA,0.31282586027111575,2,STE,STE20,SLK,STK10
QIK,-1.5333333333333334,21,KRSA,0.7382690302398331,3,CAMK,CAMKL,QIK,SIK1
QIK,-1.5333333333333334,21,KRSA,0.7382690302398331,3,CAMK,CAMKL,QIK,SIK2
CK1,-1.7291666666666667,18,KRSA,0.7758081334723671,4,CK1,CK1,CK1-A,CSNK1A1
CK1,-1.7291666666666667,18,KRSA,0.7758081334723671,4,CK1,CK1,CK1-A,CSNK1A1L
CK1,-1.7291666666666667,18,KRSA,0.7758081334723671,4,CK1,CK1,CK1-D,CSNK1D
CK1,-1.7291666666666667,18,KRSA,0.7758081334723671,4,CK1,CK1,CK1-D,CSNK1E
CK1,-1.7291666666666667,18,KRSA,0.7758081334723671,4,CK1,CK1,CK1-G,CSNK1G1
CK1,-1.7291666666666667,18,KRSA,0.7758081334723671,4,CK1,CK1,CK1-G,CSNK1G2
CK1,-1.7291666666666667,18,KRSA,0.7758081334723671,4,CK1,CK1,CK1-G,CSNK1G3
CK1,-1.7291666666666667,18,KRSA,0.7758081334723671,4,CK1,TTBK,TTBK,TTBK1
CK1,-1.7291666666666667,18,KRSA,0.7758081334723671,4,CK1,TTBK,TTBK,TTBK2
CK1,-1.7291666666666667,18,KRSA,0.7758081334723671,4,CK1,VRK,VRK,VRK3
MTOR,-1.9066666666666667,15,KRSA,0.8133472367049009,4,ATYPICAL,PIKK,FRAP,MTOR
PKCH,-0.6566666666666666,54,KRSA,0.32533889468196037,2,AGC,PKC,ETA,PRKCE
PKCH,-0.6566666666666666,54,KRSA,0.32533889468196037,2,AGC,PKC,ETA,PRKCH
NMO,-2.235,13,KRSA,0.8383733055265902,4,CMGC,MAPK,NMO,NLK
VRK1,-1.3816666666666666,24,KRSA,0.7007299270072993,3,CK1,VRK,VRK,VRK1
AKT,0.22333333333333336,68,KRSA,0.15015641293013557,1,AGC,AKT,AKT,AKT1
AKT,0.22333333333333336,68,KRSA,0.15015641293013557,1,AGC,AKT,AKT,AKT2
AKT,0.22333333333333336,68,KRSA,0.15015641293013557,1,AGC,AKT,AKT,AKT3
IKK,-0.2791666666666666,67,KRSA,0.16266944734098018,1,OTHER,IKK,IKK,CHUK
IKK,-0.2791666666666666,67,KRSA,0.16266944734098018,1,OTHER,IKK,IKK,IKBKB
IKK,-0.2791666666666666,67,KRSA,0.16266944734098018,1,OTHER,IKK,IKK,IKBKE
IKK,-0.2791666666666666,67,KRSA,0.16266944734098018,1,OTHER,IKK,IKK,TBK1
STE11,-1.1091666666666666,28,KRSA,0.6506777893639207,3,TKL,MLK,TAK1,MAP3K7
STE11,-1.1091666666666666,28,KRSA,0.6506777893639207,3,STE,STE11,MEKK1,MAP3K1
STE11,-1.1091666666666666,28,KRSA,0.6506777893639207,3,STE,STE11,ASK,MAP3K15
STE11,-1.1091666666666666,28,KRSA,0.6506777893639207,3,STE,STE11,MEKK2,MAP3K2
STE11,-1.1091666666666666,28,KRSA,0.6506777893639207,3,STE,STE11,MEKK2,MAP3K3
STE11,-1.1091666666666666,28,KRSA,0.6506777893639207,3,STE,STE11,MEKK4,MAP3K4
STE11,-1.1091666666666666,28,KRSA,0.6506777893639207,3,STE,STE11,ASK,MAP3K5
STE11,-1.1091666666666666,28,KRSA,0.6506777893639207,3,STE,STE11,ASK,MAP3K6
PKCA,-1.413333333333333,23,KRSA,0.7132429614181439,3,AGC,PKC,ALPHA,PRKCA
PKCA,-1.413333333333333,23,KRSA,0.7132429614181439,3,AGC,PKC,ALPHA,PRKCB
PKCA,-1.413333333333333,23,KRSA,0.7132429614181439,3,AGC,PKC,ALPHA,PRKCG
SGK,-0.2016666666666667,69,KRSA,0.13764337851929093,1,AGC,SGK,SGK,SGK1
SGK,-0.2016666666666667,69,KRSA,0.13764337851929093,1,AGC,SGK,SGK,SGK2
SGK,-0.2016666666666667,69,KRSA,0.13764337851929093,1,AGC,SGK,SGK,SGK3
CHK1,-0.37,65,KRSA,0.18769551616266944,1,CAMK,CAMKL,CHK1,CHEK1
CAMK1,1.7733333333333332,17,KRSA,0.7883211678832117,4,CAMK,CAMK1,CAMK1,CAMK1
CAMK1,1.7733333333333332,17,KRSA,0.7883211678832117,4,CAMK,CAMK1,CAMK1,CAMK1D
CAMK1,1.7733333333333332,17,KRSA,0.7883211678832117,4,CAMK,CAMK1,CAMK1,CAMK1G
CAMK1,1.7733333333333332,17,KRSA,0.7883211678832117,4,CAMK,CAMK1,CAMK1,CAMK4
CAMK1,1.7733333333333332,17,KRSA,0.7883211678832117,4,CAMK,CAMK1,CAMK1,PNCK
GSK,-1.600833333333333,19,KRSA,0.7632950990615224,4,CMGC,GSK,GSK,GSK3A
GSK,-1.600833333333333,19,KRSA,0.7632950990615224,4,CMGC,GSK,GSK,GSK3B
DMPK,0.09583333333333326,77,KRSA,0.03753910323253389,1,AGC,DMPK,GEK,CDC42BPA
DMPK,0.09583333333333326,77,KRSA,0.03753910323253389,1,AGC,DMPK,GEK,CDC42BPB
DMPK,0.09583333333333326,77,KRSA,0.03753910323253389,1,AGC,DMPK,GEK,CDC42BPG
DMPK,0.09583333333333326,77,KRSA,0.03753910323253389,1,AGC,DMPK,CRIK,CIT
DMPK,0.09583333333333326,77,KRSA,0.03753910323253389,1,AGC,DMPK,GEK,DMPK
DMPK,0.09583333333333326,77,KRSA,0.03753910323253389,1,AGC,DMPK,ROCK,ROCK1
DMPK,0.09583333333333326,77,KRSA,0.03753910323253389,1,AGC,DMPK,ROCK,ROCK2
NAK,-0.8308333333333333,39,KRSA,0.5130344108446299,3,OTHER,NAK,BIKE,AAK1
NAK,-0.8308333333333333,39,KRSA,0.5130344108446299,3,OTHER,NAK,BIKE,BMP2K
NAK,-0.8308333333333333,39,KRSA,0.5130344108446299,3,OTHER,NAK,GAK,GAK
NAK,-0.8308333333333333,39,KRSA,0.5130344108446299,3,OTHER,NAK,MPSK,STK16
PKN,-0.8133333333333334,41,KRSA,0.4880083420229406,2,AGC,PKN,PKN,PKN1
PKN,-0.8133333333333334,41,KRSA,0.4880083420229406,2,AGC,PKN,PKN,PKN2
PKN,-0.8133333333333334,41,KRSA,0.4880083420229406,2,AGC,PKN,PKN,PKN3
DAPK,-0.44333333333333336,63,KRSA,0.2127215849843587,1,CAMK,DAPK,DAPK,DAPK1
DAPK,-0.44333333333333336,63,KRSA,0.2127215849843587,1,CAMK,DAPK,DAPK,DAPK2
DAPK,-0.44333333333333336,63,KRSA,0.2127215849843587,1,CAMK,DAPK,DAPK,DAPK3
DAPK,-0.44333333333333336,63,KRSA,0.2127215849843587,1,CAMK,DAPK,DRAK,STK17A
DAPK,-0.44333333333333336,63,KRSA,0.2127215849843587,1,CAMK,DAPK,DRAK,STK17B
PAKB,-0.4541666666666667,62,KRSA,0.22523461939520334,1,STE,STE20,PAKB,PAK4
PAKB,-0.4541666666666667,62,KRSA,0.22523461939520334,1,STE,STE20,PAKB,PAK5
PAKB,-0.4541666666666667,62,KRSA,0.22523461939520334,1,STE,STE20,PAKB,PAK6
TTK,-1.06,30,KRSA,0.6256517205422315,3,OTHER,TTK,TTK,TTK
TLK,-1.0616666666666668,29,KRSA,0.6381647549530761,3,OTHER,TLK,TLK,TLK1
TLK,-1.0616666666666668,29,KRSA,0.6381647549530761,3,OTHER,TLK,TLK,TLK2
NUAK,-1.0491666666666666,32,KRSA,0.6006256517205423,3,CAMK,CAMKL,NUAK,NUAK1
NUAK,-1.0491666666666666,32,KRSA,0.6006256517205423,3,CAMK,CAMKL,NUAK,NUAK2
PKCD,1.2466666666666666,26,KRSA,0.67570385818561,3,AGC,PKC,DELTA,PRKCD
PKCD,1.2466666666666666,26,KRSA,0.67570385818561,3,AGC,PKC,DELTA,PRKCQ
STKR,-0.6591666666666667,53,KRSA,0.337851929092805,2,TKL,STKR,TYPE1,ACVR1
STKR,-0.6591666666666667,53,KRSA,0.337851929092805,2,TKL,STKR,TYPE1,ACVR1B
STKR,-0.6591666666666667,53,KRSA,0.337851929092805,2,TKL,STKR,TYPE1,ACVR1C
STKR,-0.6591666666666667,53,KRSA,0.337851929092805,2,TKL,STKR,TYPE2,ACVR2A
STKR,-0.6591666666666667,53,KRSA,0.337851929092805,2,TKL,STKR,TYPE2,ACVR2B
STKR,-0.6591666666666667,53,KRSA,0.337851929092805,2,TKL,STKR,TYPE1,ACVRL1
STKR,-0.6591666666666667,53,KRSA,0.337851929092805,2,TKL,STKR,TYPE2,AMHR2
STKR,-0.6591666666666667,53,KRSA,0.337851929092805,2,TKL,STKR,TYPE1,BMPR1A
STKR,-0.6591666666666667,53,KRSA,0.337851929092805,2,TKL,STKR,TYPE1,BMPR1B
STKR,-0.6591666666666667,53,KRSA,0.337851929092805,2,TKL,STKR,TYPE2,BMPR2
STKR,-0.6591666666666667,53,KRSA,0.337851929092805,2,TKL,STKR,TYPE1,TGFBR1
STKR,-0.6591666666666667,53,KRSA,0.337851929092805,2,TKL,STKR,TYPE2,TGFBR2
PKCI,0.8816666666666666,34,KRSA,0.5755995828988529,3,AGC,PKC,IOTA,PRKCI
PKCI,0.8816666666666666,34,KRSA,0.5755995828988529,3,AGC,PKC,IOTA,PRKCZ
LKB,-1.2583333333333333,25,KRSA,0.6882168925964547,3,CAMK,CAMKL,LKB,STK11
CAMK2,0.20083333333333336,70,KRSA,0.1251303441084463,1,CAMK,CAMK2,CAMK2,CAMK2A
CAMK2,0.20083333333333336,70,KRSA,0.1251303441084463,1,CAMK,CAMK2,CAMK2,CAMK2B
CAMK2,0.20083333333333336,70,KRSA,0.1251303441084463,1,CAMK,CAMK2,CAMK2,CAMK2D
CAMK2,0.20083333333333336,70,KRSA,0.1251303441084463,1,CAMK,CAMK2,CAMK2,CAMK2G
MAPKAPK,-0.00500000000000001,80,KRSA,0,1,CAMK,MAPKAPK,MAPKAPK,MAPKAPK2
MAPKAPK,-0.00500000000000001,80,KRSA,0,1,CAMK,MAPKAPK,MAPKAPK,MAPKAPK3
MAPKAPK,-0.00500000000000001,80,KRSA,0,1,CAMK,MAPKAPK,MAPKAPK,MAPKAPK5
MAPKAPK,-0.00500000000000001,80,KRSA,0,1,CAMK,MAPKAPK,MNK,MKNK1
MAPKAPK,-0.00500000000000001,80,KRSA,0,1,CAMK,MAPKAPK,MNK,MKNK2
HAL,0.8183333333333334,40,KRSA,0.5005213764337852,3,RGC,RGC,RGC,NPR1
MOS,-0.7525,45,KRSA,0.43795620437956206,2,OTHER,MOS,MOS,MOS
KHS,0.11833333333333336,76,KRSA,0.05005213764337852,1,STE,STE20,KHS,MAP4K1
KHS,0.11833333333333336,76,KRSA,0.05005213764337852,1,STE,STE20,KHS,MAP4K2
KHS,0.11833333333333336,76,KRSA,0.05005213764337852,1,STE,STE20,KHS,MAP4K3
KHS,0.11833333333333336,76,KRSA,0.05005213764337852,1,STE,STE20,KHS,MAP4K5
TAO,-0.5683333333333334,58,KRSA,0.27528675703858185,2,STE,STE20,TAO,TAOK1
TAO,-0.5683333333333334,58,KRSA,0.27528675703858185,2,STE,STE20,TAO,TAOK2
TAO,-0.5683333333333334,58,KRSA,0.27528675703858185,2,STE,STE20,TAO,TAOK3
BRSK,-0.06416666666666665,78,KRSA,0.02502606882168926,1,CAMK,CAMKL,BRSK,BRSK1
BRSK,-0.06416666666666665,78,KRSA,0.02502606882168926,1,CAMK,CAMKL,BRSK,BRSK2
NIK,-0.74,48,KRSA,0.40041710114702816,2,STE,STE-UNIQUE,STE-UNIQUE,MAP3K14
ULK,-0.7416666666666667,47,KRSA,0.4129301355578728,2,OTHER,ULK,FUSED,STK36
ULK,-0.7416666666666667,47,KRSA,0.4129301355578728,2,OTHER,ULK,ULK,ULK1
ULK,-0.7416666666666667,47,KRSA,0.4129301355578728,2,OTHER,ULK,ULK,ULK2
ULK,-0.7416666666666667,47,KRSA,0.4129301355578728,2,OTHER,ULK,ULK,ULK3
ULK,-0.7416666666666667,47,KRSA,0.4129301355578728,2,OTHER,ULK,ULK,ULK4
CLK,-0.7333333333333334,51,KRSA,0.36287799791449427,2,CMGC,CLK,CLK,CLK1
CLK,-0.7333333333333334,51,KRSA,0.36287799791449427,2,CMGC,CLK,CLK,CLK2
CLK,-0.7333333333333334,51,KRSA,0.36287799791449427,2,CMGC,CLK,CLK,CLK3
CLK,-0.7333333333333334,51,KRSA,0.36287799791449427,2,CMGC,CLK,CLK,CLK4
IRAK,-0.5583333333333333,59,KRSA,0.26277372262773724,2,TKL,IRAK,IRAK,IRAK1
IRAK,-0.5583333333333333,59,KRSA,0.26277372262773724,2,TKL,IRAK,IRAK,IRAK2
IRAK,-0.5583333333333333,59,KRSA,0.26277372262773724,2,TKL,IRAK,IRAK,IRAK3
IRAK,-0.5583333333333333,59,KRSA,0.26277372262773724,2,TKL,IRAK,IRAK,IRAK4
PASK,1.0216666666666667,33,KRSA,0.5881126173096975,3,CAMK,CAMKL,PASK,PASK
WNK,-0.75,46,KRSA,0.4254431699687174,2,OTHER,WNK,WNK,WNK1
WNK,-0.75,46,KRSA,0.4254431699687174,2,OTHER,WNK,WNK,WNK2
WNK,-0.75,46,KRSA,0.4254431699687174,2,OTHER,WNK,WNK,WNK3
WNK,-0.75,46,KRSA,0.4254431699687174,2,OTHER,WNK,WNK,WNK4
CAMKK,-0.7358333333333333,49,KRSA,0.38790406673618355,2,OTHER,CAMKK,META,CAMKK1
CAMKK,-0.7358333333333333,49,KRSA,0.38790406673618355,2,OTHER,CAMKK,META,CAMKK2
BUD32,-0.735,50,KRSA,0.3753910323253389,2,OTHER,BUD32,BUD32,TP53RK
AUR,-0.02333333333333338,79,KRSA,0.01251303441084463,1,OTHER,AUR,AUR,AURKA
AUR,-0.02333333333333338,79,KRSA,0.01251303441084463,1,OTHER,AUR,AUR,AURKB
AUR,-0.02333333333333338,79,KRSA,0.01251303441084463,1,OTHER,AUR,AUR,AURKC
COT,0.12083333333333336,75,KRSA,0.06256517205422316,1,STE,STE-UNIQUE,STE-UNIQUE,MAP3K8
NDR,0.79,42,KRSA,0.4754953076120959,2,AGC,NDR,NDR,LATS1
NDR,0.79,42,KRSA,0.4754953076120959,2,AGC,NDR,NDR,LATS2
NDR,0.79,42,KRSA,0.4754953076120959,2,AGC,NDR,NDR,STK38
NDR,0.79,42,KRSA,0.4754953076120959,2,AGC,NDR,NDR,STK38L
MLK,-0.18,71,KRSA,0.11261730969760167,1,TKL,MLK,ILK,ILK
MLK,-0.18,71,KRSA,0.11261730969760167,1,TKL,MLK,MLK,MAP3K10
MLK,-0.18,71,KRSA,0.11261730969760167,1,TKL,MLK,MLK,MAP3K11
MLK,-0.18,71,KRSA,0.11261730969760167,1,TKL,MLK,LZK,MAP3K12
MLK,-0.18,71,KRSA,0.11261730969760167,1,TKL,MLK,LZK,MAP3K13
MLK,-0.18,71,KRSA,0.11261730969760167,1,TKL,MLK,MLK,MAP3K9
MLK,-0.18,71,KRSA,0.11261730969760167,1,TKL,MLK,HH498,TNNI3K
NEK,-0.4066666666666667,64,KRSA,0.20020855057351408,1,OTHER,NEK,NEK11,NEK11
NEK,-0.4066666666666667,64,KRSA,0.20020855057351408,1,OTHER,NEK,NEK2,NEK2
NEK,-0.4066666666666667,64,KRSA,0.20020855057351408,1,OTHER,NEK,NEK1,NEK3
NEK,-0.4066666666666667,64,KRSA,0.20020855057351408,1,OTHER,NEK,NEK4,NEK4
NEK,-0.4066666666666667,64,KRSA,0.20020855057351408,1,OTHER,NEK,NEK1,NEK5
NEK,-0.4066666666666667,64,KRSA,0.20020855057351408,1,OTHER,NEK,NEK6,NEK6
NEK,-0.4066666666666667,64,KRSA,0.20020855057351408,1,OTHER,NEK,NEK6,NEK7
NEK,-0.4066666666666667,64,KRSA,0.20020855057351408,1,OTHER,NEK,NEK8,NEK8
NEK,-0.4066666666666667,64,KRSA,0.20020855057351408,1,OTHER,NEK,NEK8,NEK9
PKD,0.85,36,KRSA,0.5505735140771637,3,CAMK,PKD,PKD,PRKD1
PKD,0.85,36,KRSA,0.5505735140771637,3,CAMK,PKD,PKD,PRKD2
PKD,0.85,36,KRSA,0.5505735140771637,3,CAMK,PKD,PKD,PRKD3
ATR,-1.0508333333333333,31,KRSA,0.6131386861313869,3,ATYPICAL,PIKK,ATR,ATR
PIM,0.6166666666666667,56,KRSA,0.30031282586027114,2,CAMK,PIM,PIM,PIM1
PIM,0.6166666666666667,56,KRSA,0.30031282586027114,2,CAMK,PIM,PIM,PIM2
PIM,0.6166666666666667,56,KRSA,0.30031282586027114,2,CAMK,PIM,PIM,PIM3
MLCK,-0.7608333333333334,44,KRSA,0.4504692387904067,2,CAMK,MLCK,MLCK,MYLK
MLCK,-0.7608333333333334,44,KRSA,0.4504692387904067,2,CAMK,MLCK,MLCK,MYLK2
MLCK,-0.7608333333333334,44,KRSA,0.4504692387904067,2,CAMK,MLCK,MLCK,TTN
PRKDC,-0.8483333333333333,37,KRSA,0.5380604796663191,3,ATYPICAL,PIKK,DNAPK,PRKDC
AMPK,0.47,61,KRSA,0.23774765380604795,1,CAMK,CAMKL,AMPK,PRKAA1
AMPK,0.47,61,KRSA,0.23774765380604795,1,CAMK,CAMKL,AMPK,PRKAA2
RAD53,0.6833333333333333,52,KRSA,0.35036496350364965,2,CAMK,RAD53,RAD53,CHEK2
GRK,-0.17250000000000004,72,KRSA,0.10010427528675704,1,AGC,GRK,GRK,GRK1
GRK,-0.17250000000000004,72,KRSA,0.10010427528675704,1,AGC,GRK,GRK,GRK4
GRK,-0.17250000000000004,72,KRSA,0.10010427528675704,1,AGC,GRK,GRK,GRK5
GRK,-0.17250000000000004,72,KRSA,0.10010427528675704,1,AGC,GRK,GRK,GRK6
GRK,-0.17250000000000004,72,KRSA,0.10010427528675704,1,AGC,GRK,GRK,GRK7
CK2,-0.16249999999999998,74,KRSA,0.07507820646506778,1,CMGC,CK2,CK2,CSNK2A1
CK2,-0.16249999999999998,74,KRSA,0.07507820646506778,1,CMGC,CK2,CK2,CSNK2A2
CK2,-0.16249999999999998,74,KRSA,0.07507820646506778,1,NA,NA,NA,CSNK2A3
PDHK,0.16499999999999998,73,KRSA,0.08759124087591241,1,ATYPICAL,PDHK,BCKDK,BCKDK
PDHK,0.16499999999999998,73,KRSA,0.08759124087591241,1,ATYPICAL,PDHK,PDHK,PDK2
PDHK,0.16499999999999998,73,KRSA,0.08759124087591241,1,ATYPICAL,PDHK,PDHK,PDK3
PDHK,0.16499999999999998,73,KRSA,0.08759124087591241,1,ATYPICAL,PDHK,PDHK,PDK4
RSK,1.2241666666666666,27,KRSA,0.6631908237747653,3,AGC,RSK,RSK,RPS6KA1
RSK,1.2241666666666666,27,KRSA,0.6631908237747653,3,AGC,RSK,RSK,RPS6KA2
RSK,1.2241666666666666,27,KRSA,0.6631908237747653,3,AGC,RSK,RSK,RPS6KA3
RSK,1.2241666666666666,27,KRSA,0.6631908237747653,3,AGC,RSK,MSK,RPS6KA4
RSK,1.2241666666666666,27,KRSA,0.6631908237747653,3,AGC,RSK,MSK,RPS6KA5
RSK,1.2241666666666666,27,KRSA,0.6631908237747653,3,AGC,RSK,RSK,RPS6KA6
RSK,1.2241666666666666,27,KRSA,0.6631908237747653,3,AGC,RSK,P70,RPS6KB1
RSK,1.2241666666666666,27,KRSA,0.6631908237747653,3,AGC,RSK,P70,RPS6KB2
PAKA,1.44,22,KRSA,0.7257559958289885,3,STE,STE20,PAKA,PAK1
PAKA,1.44,22,KRSA,0.7257559958289885,3,STE,STE20,PAKA,PAK2
PAKA,1.44,22,KRSA,0.7257559958289885,3,STE,STE20,PAKA,PAK3
BARK2,0.5499999999999999,60,KRSA,0.2502606882168926,2,AGC,GRK,BARK,GRK3
MSN,-0.3675,66,KRSA,0.17518248175182483,1,STE,STE20,MSN,MAP4K4
MSN,-0.3675,66,KRSA,0.17518248175182483,1,STE,STE20,MSN,NRK
MSN,-0.3675,66,KRSA,0.17518248175182483,1,STE,STE20,MSN,TNIK
ATM,-0.6041666666666666,57,KRSA,0.28779979144942647,2,ATYPICAL,PIKK,ATM,ATM
RIPK,1.596666666666667,20,KRSA,0.7507820646506778,4,TKL,RIPK,RIPK,ANKK1
RIPK,1.596666666666667,20,KRSA,0.7507820646506778,4,TKL,RIPK,RIPK,RIPK1
RIPK,1.596666666666667,20,KRSA,0.7507820646506778,4,TKL,RIPK,RIPK,RIPK2
RIPK,1.596666666666667,20,KRSA,0.7507820646506778,4,TKL,RIPK,RIPK,RIPK3
RIPK,1.596666666666667,20,KRSA,0.7507820646506778,4,TKL,RIPK,RIPK,RIPK4
JNK,-4.1725,3,KRSA,0.9635036496350365,4,CMGC,MAPK,JNK,MAPK10
JNK,-4.1725,3,KRSA,0.9635036496350365,4,CMGC,MAPK,JNK,MAPK8
JNK,-4.1725,3,KRSA,0.9635036496350365,4,CMGC,MAPK,JNK,MAPK9
PDK1,-4.216666666666667,2,KRSA,0.9760166840458812,4,ATYPICAL,PDHK,PDHK,PDK1
PDK1,-4.216666666666667,2,KRSA,0.9760166840458812,4,AGC,PDK1,PDK1,PDPK1
CDK,-3.82,5,KRSA,0.9384775808133472,4,CMGC,CDK,CDC2,CDK1
CDK,-3.82,5,KRSA,0.9384775808133472,4,CMGC,CDK,CDK10,CDK10
CDK,-3.82,5,KRSA,0.9384775808133472,4,CMGC,CDK,CRK7,CDK12
CDK,-3.82,5,KRSA,0.9384775808133472,4,CMGC,CDK,CRK7,CDK13
CDK,-3.82,5,KRSA,0.9384775808133472,4,CMGC,CDK,PFTAIRE,CDK14
CDK,-3.82,5,KRSA,0.9384775808133472,4,CMGC,CDK,PFTAIRE,CDK15
CDK,-3.82,5,KRSA,0.9384775808133472,4,CMGC,CDK,PCTAIRE,CDK16
CDK,-3.82,5,KRSA,0.9384775808133472,4,CMGC,CDK,PCTAIRE,CDK17
CDK,-3.82,5,KRSA,0.9384775808133472,4,CMGC,CDK,PCTAIRE,CDK18
CDK,-3.82,5,KRSA,0.9384775808133472,4,CMGC,CDK,CDK8,CDK19
CDK,-3.82,5,KRSA,0.9384775808133472,4,CMGC,CDK,CDC2,CDK2
CDK,-3.82,5,KRSA,0.9384775808133472,4,CMGC,CDK,CCRK,CDK20
CDK,-3.82,5,KRSA,0.9384775808133472,4,CMGC,CDK,CDC2,CDK3
CDK,-3.82,5,KRSA,0.9384775808133472,4,CMGC,CDK,CDK4,CDK4
CDK,-3.82,5,KRSA,0.9384775808133472,4,CMGC,CDK,CDK5,CDK5
CDK,-3.82,5,KRSA,0.9384775808133472,4,CMGC,CDK,CDK4,CDK6
CDK,-3.82,5,KRSA,0.9384775808133472,4,CMGC,CDK,CDK7,CDK7
CDK,-3.82,5,KRSA,0.9384775808133472,4,CMGC,CDK,CDK8,CDK8
CDK,-3.82,5,KRSA,0.9384775808133472,4,CMGC,CDK,CDK9,CDK9
CDK,-3.82,5,KRSA,0.9384775808133472,4,NA,NA,NA,CDK11A
CDK,-3.82,5,KRSA,0.9384775808133472,4,NA,NA,NA,CDK11B
DYRK,-4.3341666666666665,1,KRSA,0.9885297184567258,4,CMGC,DYRK,DYRK1,DYRK1A
DYRK,-4.3341666666666665,1,KRSA,0.9885297184567258,4,CMGC,DYRK,DYRK1,DYRK1B
DYRK,-4.3341666666666665,1,KRSA,0.9885297184567258,4,CMGC,DYRK,DYRK2,DYRK2
DYRK,-4.3341666666666665,1,KRSA,0.9885297184567258,4,CMGC,DYRK,DYRK2,DYRK3
DYRK,-4.3341666666666665,1,KRSA,0.9885297184567258,4,CMGC,DYRK,DYRK2,DYRK4
DYRK,-4.3341666666666665,1,KRSA,0.9885297184567258,4,CMGC,DYRK,HIPK,HIPK1
DYRK,-4.3341666666666665,1,KRSA,0.9885297184567258,4,CMGC,DYRK,HIPK,HIPK2
DYRK,-4.3341666666666665,1,KRSA,0.9885297184567258,4,CMGC,DYRK,HIPK,HIPK3
DYRK,-4.3341666666666665,1,KRSA,0.9885297184567258,4,CMGC,DYRK,HIPK,HIPK4
DYRK,-4.3341666666666665,1,KRSA,0.9885297184567258,4,CMGC,DYRK,PRP4,PRPF4B
ERK,-4.145,4,KRSA,0.9509906152241918,4,CMGC,MAPK,ERK1,MAPK1
ERK,-4.145,4,KRSA,0.9509906152241918,4,CMGC,MAPK,ERK7,MAPK15
ERK,-4.145,4,KRSA,0.9509906152241918,4,CMGC,MAPK,ERK1,MAPK3
ERK,-4.145,4,KRSA,0.9509906152241918,4,CMGC,MAPK,ERK3,MAPK4
ERK,-4.145,4,KRSA,0.9509906152241918,4,CMGC,MAPK,ERK3,MAPK6
ERK,-4.145,4,KRSA,0.9509906152241918,4,CMGC,MAPK,ERK5,MAPK7
P38,-3.2616666666666667,7,KRSA,0.913451511991658,4,CMGC,MAPK,P38,MAPK11
P38,-3.2616666666666667,7,KRSA,0.913451511991658,4,CMGC,MAPK,P38,MAPK12
P38,-3.2616666666666667,7,KRSA,0.913451511991658,4,CMGC,MAPK,P38,MAPK13
P38,-3.2616666666666667,7,KRSA,0.913451511991658,4,CMGC,MAPK,P38,MAPK14
MTOR,-1.9066666666666667,15,KRSA,0.8133472367049009,4,ATYPICAL,PIKK,FRAP,MTOR
RAF,-2.2733333333333334,12,KRSA,0.8508863399374348,4,TKL,RAF,RAF,ARAF
RAF,-2.2733333333333334,12,KRSA,0.8508863399374348,4,TKL,RAF,RAF,BRAF
RAF,-2.2733333333333334,12,KRSA,0.8508863399374348,4,TKL,RAF,KSR,KSR1
RAF,-2.2733333333333334,12,KRSA,0.8508863399374348,4,TKL,RAF,KSR,KSR2
RAF,-2.2733333333333334,12,KRSA,0.8508863399374348,4,TKL,RAF,RAF,RAF1
PKG,3.2458333333333336,8,KRSA,0.9009384775808134,4,AGC,PKG,PKG,PRKG1
PKG,3.2458333333333336,8,KRSA,0.9009384775808134,4,AGC,PKG,PKG,PRKG2
PEK,-2.9908333333333332,9,KRSA,0.8884254431699687,4,OTHER,PEK,HRI,EIF2AK1
PEK,-2.9908333333333332,9,KRSA,0.8884254431699687,4,OTHER,PEK,PKR,EIF2AK2
PEK,-2.9908333333333332,9,KRSA,0.8884254431699687,4,OTHER,PEK,PEK,EIF2AK3
PEK,-2.9908333333333332,9,KRSA,0.8884254431699687,4,OTHER,PEK,GCN2,EIF2AK4
PLK,-2.6575,10,KRSA,0.8759124087591241,4,NA,NA,NA,PLK5
PLK,-2.6575,10,KRSA,0.8759124087591241,4,OTHER,PLK,PLK1,PLK1
PLK,-2.6575,10,KRSA,0.8759124087591241,4,OTHER,PLK,PLK2,PLK2
PLK,-2.6575,10,KRSA,0.8759124087591241,4,OTHER,PLK,PLK2,PLK3
PLK,-2.6575,10,KRSA,0.8759124087591241,4,OTHER,PLK,SAK,PLK4
MELK,-0.8466666666666667,38,KRSA,0.5255474452554745,3,CAMK,CAMKL,MELK,MELK
PKA,3.75,6,KRSA,0.9259645464025026,4,AGC,PKA,PKA,PRKACA
PKA,3.75,6,KRSA,0.9259645464025026,4,AGC,PKA,PKA,PRKACB
PKA,3.75,6,KRSA,0.9259645464025026,4,AGC,PKA,PKA,PRKACG
PKA,3.75,6,KRSA,0.9259645464025026,4,AGC,PKA,PKA,PRKX
PKA,3.75,6,KRSA,0.9259645464025026,4,AGC,PKA,PKA,PRKY
IKK,-0.2791666666666666,67,KRSA,0.16266944734098018,1,OTHER,IKK,IKK,CHUK
IKK,-0.2791666666666666,67,KRSA,0.16266944734098018,1,OTHER,IKK,IKK,IKBKB
IKK,-0.2791666666666666,67,KRSA,0.16266944734098018,1,OTHER,IKK,IKK,IKBKE
IKK,-0.2791666666666666,67,KRSA,0.16266944734098018,1,OTHER,IKK,IKK,TBK1
FRAY,-1.850833333333333,16,KRSA,0.8008342022940563,4,STE,STE20,FRAY,OXSR1
FRAY,-1.850833333333333,16,KRSA,0.8008342022940563,4,STE,STE20,FRAY,STK39
PHK,-0.865,35,KRSA,0.5630865484880083,3,CAMK,PHK,PHK,PHKG1
PHK,-0.865,35,KRSA,0.5630865484880083,3,CAMK,PHK,PHK,PHKG2
SLK,0.6541666666666667,55,KRSA,0.31282586027111575,2,STE,STE20,SLK,SLK
SLK,0.6541666666666667,55,KRSA,0.31282586027111575,2,STE,STE20,SLK,STK10
MST,-2.3975,11,KRSA,0.8633993743482794,4,STE,STE20,MST,STK3
MST,-2.3975,11,KRSA,0.8633993743482794,4,STE,STE20,MST,STK4
CK1,-1.7291666666666667,18,KRSA,0.7758081334723671,4,CK1,CK1,CK1-A,CSNK1A1
CK1,-1.7291666666666667,18,KRSA,0.7758081334723671,4,CK1,CK1,CK1-A,CSNK1A1L
CK1,-1.7291666666666667,18,KRSA,0.7758081334723671,4,CK1,CK1,CK1-D,CSNK1D
CK1,-1.7291666666666667,18,KRSA,0.7758081334723671,4,CK1,CK1,CK1-D,CSNK1E
CK1,-1.7291666666666667,18,KRSA,0.7758081334723671,4,CK1,CK1,CK1-G,CSNK1G1
CK1,-1.7291666666666667,18,KRSA,0.7758081334723671,4,CK1,CK1,CK1-G,CSNK1G2
CK1,-1.7291666666666667,18,KRSA,0.7758081334723671,4,CK1,CK1,CK1-G,CSNK1G3
CK1,-1.7291666666666667,18,KRSA,0.7758081334723671,4,CK1,TTBK,TTBK,TTBK1
CK1,-1.7291666666666667,18,KRSA,0.7758081334723671,4,CK1,TTBK,TTBK,TTBK2
CK1,-1.7291666666666667,18,KRSA,0.7758081334723671,4,CK1,VRK,VRK,VRK3
QIK,-1.5333333333333334,21,KRSA,0.7382690302398331,3,CAMK,CAMKL,QIK,SIK1
QIK,-1.5333333333333334,21,KRSA,0.7382690302398331,3,CAMK,CAMKL,QIK,SIK2
STE7,-2.001666666666667,14,KRSA,0.8258602711157456,4,STE,STE7,MEK1,MAP2K1
STE7,-2.001666666666667,14,KRSA,0.8258602711157456,4,STE,STE7,MEK1,MAP2K2
STE7,-2.001666666666667,14,KRSA,0.8258602711157456,4,STE,STE7,MEK3,MAP2K3
STE7,-2.001666666666667,14,KRSA,0.8258602711157456,4,STE,STE7,MEK4,MAP2K4
STE7,-2.001666666666667,14,KRSA,0.8258602711157456,4,STE,STE7,MEK5,MAP2K5
STE7,-2.001666666666667,14,KRSA,0.8258602711157456,4,STE,STE7,MEK3,MAP2K6
STE7,-2.001666666666667,14,KRSA,0.8258602711157456,4,STE,STE7,MEK7,MAP2K7
PKCH,-0.6566666666666666,54,KRSA,0.32533889468196037,2,AGC,PKC,ETA,PRKCE
PKCH,-0.6566666666666666,54,KRSA,0.32533889468196037,2,AGC,PKC,ETA,PRKCH
GSK,-1.600833333333333,19,KRSA,0.7632950990615224,4,CMGC,GSK,GSK,GSK3A
GSK,-1.600833333333333,19,KRSA,0.7632950990615224,4,CMGC,GSK,GSK,GSK3B
PKCA,-1.413333333333333,23,KRSA,0.7132429614181439,3,AGC,PKC,ALPHA,PRKCA
PKCA,-1.413333333333333,23,KRSA,0.7132429614181439,3,AGC,PKC,ALPHA,PRKCB
PKCA,-1.413333333333333,23,KRSA,0.7132429614181439,3,AGC,PKC,ALPHA,PRKCG
SGK,-0.2016666666666667,69,KRSA,0.13764337851929093,1,AGC,SGK,SGK,SGK1
SGK,-0.2016666666666667,69,KRSA,0.13764337851929093,1,AGC,SGK,SGK,SGK2
SGK,-0.2016666666666667,69,KRSA,0.13764337851929093,1,AGC,SGK,SGK,SGK3
CHK1,-0.37,65,KRSA,0.18769551616266944,1,CAMK,CAMKL,CHK1,CHEK1
AMPK,0.47,61,KRSA,0.23774765380604795,1,CAMK,CAMKL,AMPK,PRKAA1
AMPK,0.47,61,KRSA,0.23774765380604795,1,CAMK,CAMKL,AMPK,PRKAA2
VRK1,-1.3816666666666666,24,KRSA,0.7007299270072993,3,CK1,VRK,VRK,VRK1
DMPK,0.09583333333333326,77,KRSA,0.03753910323253389,1,AGC,DMPK,GEK,CDC42BPA
DMPK,0.09583333333333326,77,KRSA,0.03753910323253389,1,AGC,DMPK,GEK,CDC42BPB
DMPK,0.09583333333333326,77,KRSA,0.03753910323253389,1,AGC,DMPK,GEK,CDC42BPG
DMPK,0.09583333333333326,77,KRSA,0.03753910323253389,1,AGC,DMPK,CRIK,CIT
DMPK,0.09583333333333326,77,KRSA,0.03753910323253389,1,AGC,DMPK,GEK,DMPK
DMPK,0.09583333333333326,77,KRSA,0.03753910323253389,1,AGC,DMPK,ROCK,ROCK1
DMPK,0.09583333333333326,77,KRSA,0.03753910323253389,1,AGC,DMPK,ROCK,ROCK2
MLCK,-0.7608333333333334,44,KRSA,0.4504692387904067,2,CAMK,MLCK,MLCK,MYLK
MLCK,-0.7608333333333334,44,KRSA,0.4504692387904067,2,CAMK,MLCK,MLCK,MYLK2
MLCK,-0.7608333333333334,44,KRSA,0.4504692387904067,2,CAMK,MLCK,MLCK,TTN
NMO,-2.235,13,KRSA,0.8383733055265902,4,CMGC,MAPK,NMO,NLK
ATM,-0.6041666666666666,57,KRSA,0.28779979144942647,2,ATYPICAL,PIKK,ATM,ATM
AUR,-0.02333333333333338,79,KRSA,0.01251303441084463,1,OTHER,AUR,AUR,AURKA
AUR,-0.02333333333333338,79,KRSA,0.01251303441084463,1,OTHER,AUR,AUR,AURKB
AUR,-0.02333333333333338,79,KRSA,0.01251303441084463,1,OTHER,AUR,AUR,AURKC
LKB,-1.2583333333333333,25,KRSA,0.6882168925964547,3,CAMK,CAMKL,LKB,STK11
HAL,0.8183333333333334,40,KRSA,0.5005213764337852,3,RGC,RGC,RGC,NPR1
STE11,-1.1091666666666666,28,KRSA,0.6506777893639207,3,TKL,MLK,TAK1,MAP3K7
STE11,-1.1091666666666666,28,KRSA,0.6506777893639207,3,STE,STE11,MEKK1,MAP3K1
STE11,-1.1091666666666666,28,KRSA,0.6506777893639207,3,STE,STE11,ASK,MAP3K15
STE11,-1.1091666666666666,28,KRSA,0.6506777893639207,3,STE,STE11,MEKK2,MAP3K2
STE11,-1.1091666666666666,28,KRSA,0.6506777893639207,3,STE,STE11,MEKK2,MAP3K3
STE11,-1.1091666666666666,28,KRSA,0.6506777893639207,3,STE,STE11,MEKK4,MAP3K4
STE11,-1.1091666666666666,28,KRSA,0.6506777893639207,3,STE,STE11,ASK,MAP3K5
STE11,-1.1091666666666666,28,KRSA,0.6506777893639207,3,STE,STE11,ASK,MAP3K6
BARK2,0.5499999999999999,60,KRSA,0.2502606882168926,2,AGC,GRK,BARK,GRK3
NEK,-0.4066666666666667,64,KRSA,0.20020855057351408,1,OTHER,NEK,NEK11,NEK11
NEK,-0.4066666666666667,64,KRSA,0.20020855057351408,1,OTHER,NEK,NEK2,NEK2
NEK,-0.4066666666666667,64,KRSA,0.20020855057351408,1,OTHER,NEK,NEK1,NEK3
NEK,-0.4066666666666667,64,KRSA,0.20020855057351408,1,OTHER,NEK,NEK4,NEK4
NEK,-0.4066666666666667,64,KRSA,0.20020855057351408,1,OTHER,NEK,NEK1,NEK5
NEK,-0.4066666666666667,64,KRSA,0.20020855057351408,1,OTHER,NEK,NEK6,NEK6
NEK,-0.4066666666666667,64,KRSA,0.20020855057351408,1,OTHER,NEK,NEK6,NEK7
NEK,-0.4066666666666667,64,KRSA,0.20020855057351408,1,OTHER,NEK,NEK8,NEK8
NEK,-0.4066666666666667,64,KRSA,0.20020855057351408,1,OTHER,NEK,NEK8,NEK9
NUAK,-1.0491666666666666,32,KRSA,0.6006256517205423,3,CAMK,CAMKL,NUAK,NUAK1
NUAK,-1.0491666666666666,32,KRSA,0.6006256517205423,3,CAMK,CAMKL,NUAK,NUAK2
PAKB,-0.4541666666666667,62,KRSA,0.22523461939520334,1,STE,STE20,PAKB,PAK4
PAKB,-0.4541666666666667,62,KRSA,0.22523461939520334,1,STE,STE20,PAKB,PAK5
PAKB,-0.4541666666666667,62,KRSA,0.22523461939520334,1,STE,STE20,PAKB,PAK6
NAK,-0.8308333333333333,39,KRSA,0.5130344108446299,3,OTHER,NAK,BIKE,AAK1
NAK,-0.8308333333333333,39,KRSA,0.5130344108446299,3,OTHER,NAK,BIKE,BMP2K
NAK,-0.8308333333333333,39,KRSA,0.5130344108446299,3,OTHER,NAK,GAK,GAK
NAK,-0.8308333333333333,39,KRSA,0.5130344108446299,3,OTHER,NAK,MPSK,STK16
TTK,-1.06,30,KRSA,0.6256517205422315,3,OTHER,TTK,TTK,TTK
RIPK,1.596666666666667,20,KRSA,0.7507820646506778,4,TKL,RIPK,RIPK,ANKK1
RIPK,1.596666666666667,20,KRSA,0.7507820646506778,4,TKL,RIPK,RIPK,RIPK1
RIPK,1.596666666666667,20,KRSA,0.7507820646506778,4,TKL,RIPK,RIPK,RIPK2
RIPK,1.596666666666667,20,KRSA,0.7507820646506778,4,TKL,RIPK,RIPK,RIPK3
RIPK,1.596666666666667,20,KRSA,0.7507820646506778,4,TKL,RIPK,RIPK,RIPK4
TLK,-1.0616666666666668,29,KRSA,0.6381647549530761,3,OTHER,TLK,TLK,TLK1
TLK,-1.0616666666666668,29,KRSA,0.6381647549530761,3,OTHER,TLK,TLK,TLK2
PKN,-0.8133333333333334,41,KRSA,0.4880083420229406,2,AGC,PKN,PKN,PKN1
PKN,-0.8133333333333334,41,KRSA,0.4880083420229406,2,AGC,PKN,PKN,PKN2
PKN,-0.8133333333333334,41,KRSA,0.4880083420229406,2,AGC,PKN,PKN,PKN3
DAPK,-0.44333333333333336,63,KRSA,0.2127215849843587,1,CAMK,DAPK,DAPK,DAPK1
DAPK,-0.44333333333333336,63,KRSA,0.2127215849843587,1,CAMK,DAPK,DAPK,DAPK2
DAPK,-0.44333333333333336,63,KRSA,0.2127215849843587,1,CAMK,DAPK,DAPK,DAPK3
DAPK,-0.44333333333333336,63,KRSA,0.2127215849843587,1,CAMK,DAPK,DRAK,STK17A
DAPK,-0.44333333333333336,63,KRSA,0.2127215849843587,1,CAMK,DAPK,DRAK,STK17B
ATR,-1.0508333333333333,31,KRSA,0.6131386861313869,3,ATYPICAL,PIKK,ATR,ATR
MLK,-0.18,71,KRSA,0.11261730969760167,1,TKL,MLK,ILK,ILK
MLK,-0.18,71,KRSA,0.11261730969760167,1,TKL,MLK,MLK,MAP3K10
MLK,-0.18,71,KRSA,0.11261730969760167,1,TKL,MLK,MLK,MAP3K11
MLK,-0.18,71,KRSA,0.11261730969760167,1,TKL,MLK,LZK,MAP3K12
MLK,-0.18,71,KRSA,0.11261730969760167,1,TKL,MLK,LZK,MAP3K13
MLK,-0.18,71,KRSA,0.11261730969760167,1,TKL,MLK,MLK,MAP3K9
MLK,-0.18,71,KRSA,0.11261730969760167,1,TKL,MLK,HH498,TNNI3K
PASK,1.0216666666666667,33,KRSA,0.5881126173096975,3,CAMK,CAMKL,PASK,PASK
WNK,-0.75,46,KRSA,0.4254431699687174,2,OTHER,WNK,WNK,WNK1
WNK,-0.75,46,KRSA,0.4254431699687174,2,OTHER,WNK,WNK,WNK2
WNK,-0.75,46,KRSA,0.4254431699687174,2,OTHER,WNK,WNK,WNK3
WNK,-0.75,46,KRSA,0.4254431699687174,2,OTHER,WNK,WNK,WNK4
ULK,-0.7416666666666667,47,KRSA,0.4129301355578728,2,OTHER,ULK,FUSED,STK36
ULK,-0.7416666666666667,47,KRSA,0.4129301355578728,2,OTHER,ULK,ULK,ULK1
ULK,-0.7416666666666667,47,KRSA,0.4129301355578728,2,OTHER,ULK,ULK,ULK2
ULK,-0.7416666666666667,47,KRSA,0.4129301355578728,2,OTHER,ULK,ULK,ULK3
ULK,-0.7416666666666667,47,KRSA,0.4129301355578728,2,OTHER,ULK,ULK,ULK4
CLK,-0.7333333333333334,51,KRSA,0.36287799791449427,2,CMGC,CLK,CLK,CLK1
CLK,-0.7333333333333334,51,KRSA,0.36287799791449427,2,CMGC,CLK,CLK,CLK2
CLK,-0.7333333333333334,51,KRSA,0.36287799791449427,2,CMGC,CLK,CLK,CLK3
CLK,-0.7333333333333334,51,KRSA,0.36287799791449427,2,CMGC,CLK,CLK,CLK4
TAO,-0.5683333333333334,58,KRSA,0.27528675703858185,2,STE,STE20,TAO,TAOK1
TAO,-0.5683333333333334,58,KRSA,0.27528675703858185,2,STE,STE20,TAO,TAOK2
TAO,-0.5683333333333334,58,KRSA,0.27528675703858185,2,STE,STE20,TAO,TAOK3
CAMKK,-0.7358333333333333,49,KRSA,0.38790406673618355,2,OTHER,CAMKK,META,CAMKK1
CAMKK,-0.7358333333333333,49,KRSA,0.38790406673618355,2,OTHER,CAMKK,META,CAMKK2
KHS,0.11833333333333336,76,KRSA,0.05005213764337852,1,STE,STE20,KHS,MAP4K1
KHS,0.11833333333333336,76,KRSA,0.05005213764337852,1,STE,STE20,KHS,MAP4K2
KHS,0.11833333333333336,76,KRSA,0.05005213764337852,1,STE,STE20,KHS,MAP4K3
KHS,0.11833333333333336,76,KRSA,0.05005213764337852,1,STE,STE20,KHS,MAP4K5
BRSK,-0.06416666666666665,78,KRSA,0.02502606882168926,1,CAMK,CAMKL,BRSK,BRSK1
BRSK,-0.06416666666666665,78,KRSA,0.02502606882168926,1,CAMK,CAMKL,BRSK,BRSK2
BUD32,-0.735,50,KRSA,0.3753910323253389,2,OTHER,BUD32,BUD32,TP53RK
NIK,-0.74,48,KRSA,0.40041710114702816,2,STE,STE-UNIQUE,STE-UNIQUE,MAP3K14
MOS,-0.7525,45,KRSA,0.43795620437956206,2,OTHER,MOS,MOS,MOS
STKR,-0.6591666666666667,53,KRSA,0.337851929092805,2,TKL,STKR,TYPE1,ACVR1
STKR,-0.6591666666666667,53,KRSA,0.337851929092805,2,TKL,STKR,TYPE1,ACVR1B
STKR,-0.6591666666666667,53,KRSA,0.337851929092805,2,TKL,STKR,TYPE1,ACVR1C
STKR,-0.6591666666666667,53,KRSA,0.337851929092805,2,TKL,STKR,TYPE2,ACVR2A
STKR,-0.6591666666666667,53,KRSA,0.337851929092805,2,TKL,STKR,TYPE2,ACVR2B
STKR,-0.6591666666666667,53,KRSA,0.337851929092805,2,TKL,STKR,TYPE1,ACVRL1
STKR,-0.6591666666666667,53,KRSA,0.337851929092805,2,TKL,STKR,TYPE2,AMHR2
STKR,-0.6591666666666667,53,KRSA,0.337851929092805,2,TKL,STKR,TYPE1,BMPR1A
STKR,-0.6591666666666667,53,KRSA,0.337851929092805,2,TKL,STKR,TYPE1,BMPR1B
STKR,-0.6591666666666667,53,KRSA,0.337851929092805,2,TKL,STKR,TYPE2,BMPR2
STKR,-0.6591666666666667,53,KRSA,0.337851929092805,2,TKL,STKR,TYPE1,TGFBR1
STKR,-0.6591666666666667,53,KRSA,0.337851929092805,2,TKL,STKR,TYPE2,TGFBR2
PRKDC,-0.8483333333333333,37,KRSA,0.5380604796663191,3,ATYPICAL,PIKK,DNAPK,PRKDC
RAD53,0.6833333333333333,52,KRSA,0.35036496350364965,2,CAMK,RAD53,RAD53,CHEK2
PAKA,1.44,22,KRSA,0.7257559958289885,3,STE,STE20,PAKA,PAK1
PAKA,1.44,22,KRSA,0.7257559958289885,3,STE,STE20,PAKA,PAK2
PAKA,1.44,22,KRSA,0.7257559958289885,3,STE,STE20,PAKA,PAK3
MAPKAPK,-0.00500000000000001,80,KRSA,0,1,CAMK,MAPKAPK,MAPKAPK,MAPKAPK2
MAPKAPK,-0.00500000000000001,80,KRSA,0,1,CAMK,MAPKAPK,MAPKAPK,MAPKAPK3
MAPKAPK,-0.00500000000000001,80,KRSA,0,1,CAMK,MAPKAPK,MAPKAPK,MAPKAPK5
MAPKAPK,-0.00500000000000001,80,KRSA,0,1,CAMK,MAPKAPK,MNK,MKNK1
MAPKAPK,-0.00500000000000001,80,KRSA,0,1,CAMK,MAPKAPK,MNK,MKNK2
PKCI,0.8816666666666666,34,KRSA,0.5755995828988529,3,AGC,PKC,IOTA,PRKCI
PKCI,0.8816666666666666,34,KRSA,0.5755995828988529,3,AGC,PKC,IOTA,PRKCZ
AKT,0.22333333333333336,68,KRSA,0.15015641293013557,1,AGC,AKT,AKT,AKT1
AKT,0.22333333333333336,68,KRSA,0.15015641293013557,1,AGC,AKT,AKT,AKT2
AKT,0.22333333333333336,68,KRSA,0.15015641293013557,1,AGC,AKT,AKT,AKT3
RSK,1.2241666666666666,27,KRSA,0.6631908237747653,3,AGC,RSK,RSK,RPS6KA1
RSK,1.2241666666666666,27,KRSA,0.6631908237747653,3,AGC,RSK,RSK,RPS6KA2
RSK,1.2241666666666666,27,KRSA,0.6631908237747653,3,AGC,RSK,RSK,RPS6KA3
RSK,1.2241666666666666,27,KRSA,0.6631908237747653,3,AGC,RSK,MSK,RPS6KA4
RSK,1.2241666666666666,27,KRSA,0.6631908237747653,3,AGC,RSK,MSK,RPS6KA5
RSK,1.2241666666666666,27,KRSA,0.6631908237747653,3,AGC,RSK,RSK,RPS6KA6
RSK,1.2241666666666666,27,KRSA,0.6631908237747653,3,AGC,RSK,P70,RPS6KB1
RSK,1.2241666666666666,27,KRSA,0.6631908237747653,3,AGC,RSK,P70,RPS6KB2
CAMK1,1.7733333333333332,17,KRSA,0.7883211678832117,4,CAMK,CAMK1,CAMK1,CAMK1
CAMK1,1.7733333333333332,17,KRSA,0.7883211678832117,4,CAMK,CAMK1,CAMK1,CAMK1D
CAMK1,1.7733333333333332,17,KRSA,0.7883211678832117,4,CAMK,CAMK1,CAMK1,CAMK1G
CAMK1,1.7733333333333332,17,KRSA,0.7883211678832117,4,CAMK,CAMK1,CAMK1,CAMK4
CAMK1,1.7733333333333332,17,KRSA,0.7883211678832117,4,CAMK,CAMK1,CAMK1,PNCK
GRK,-0.17250000000000004,72,KRSA,0.10010427528675704,1,AGC,GRK,GRK,GRK1
GRK,-0.17250000000000004,72,KRSA,0.10010427528675704,1,AGC,GRK,GRK,GRK4
GRK,-0.17250000000000004,72,KRSA,0.10010427528675704,1,AGC,GRK,GRK,GRK5
GRK,-0.17250000000000004,72,KRSA,0.10010427528675704,1,AGC,GRK,GRK,GRK6
GRK,-0.17250000000000004,72,KRSA,0.10010427528675704,1,AGC,GRK,GRK,GRK7
PIM,0.6166666666666667,56,KRSA,0.30031282586027114,2,CAMK,PIM,PIM,PIM1
PIM,0.6166666666666667,56,KRSA,0.30031282586027114,2,CAMK,PIM,PIM,PIM2
PIM,0.6166666666666667,56,KRSA,0.30031282586027114,2,CAMK,PIM,PIM,PIM3
CK2,-0.16249999999999998,74,KRSA,0.07507820646506778,1,CMGC,CK2,CK2,CSNK2A1
CK2,-0.16249999999999998,74,KRSA,0.07507820646506778,1,CMGC,CK2,CK2,CSNK2A2
CK2,-0.16249999999999998,74,KRSA,0.07507820646506778,1,NA,NA,NA,CSNK2A3
PKD,0.85,36,KRSA,0.5505735140771637,3,CAMK,PKD,PKD,PRKD1
PKD,0.85,36,KRSA,0.5505735140771637,3,CAMK,PKD,PKD,PRKD2
PKD,0.85,36,KRSA,0.5505735140771637,3,CAMK,PKD,PKD,PRKD3
COT,0.12083333333333336,75,KRSA,0.06256517205422316,1,STE,STE-UNIQUE,STE-UNIQUE,MAP3K8
PDHK,0.16499999999999998,73,KRSA,0.08759124087591241,1,ATYPICAL,PDHK,BCKDK,BCKDK
PDHK,0.16499999999999998,73,KRSA,0.08759124087591241,1,ATYPICAL,PDHK,PDHK,PDK2
PDHK,0.16499999999999998,73,KRSA,0.08759124087591241,1,ATYPICAL,PDHK,PDHK,PDK3
PDHK,0.16499999999999998,73,KRSA,0.08759124087591241,1,ATYPICAL,PDHK,PDHK,PDK4
CAMK2,0.20083333333333336,70,KRSA,0.1251303441084463,1,CAMK,CAMK2,CAMK2,CAMK2A
CAMK2,0.20083333333333336,70,KRSA,0.1251303441084463,1,CAMK,CAMK2,CAMK2,CAMK2B
CAMK2,0.20083333333333336,70,KRSA,0.1251303441084463,1,CAMK,CAMK2,CAMK2,CAMK2D
CAMK2,0.20083333333333336,70,KRSA,0.1251303441084463,1,CAMK,CAMK2,CAMK2,CAMK2G
MSN,-0.3675,66,KRSA,0.17518248175182483,1,STE,STE20,MSN,MAP4K4
MSN,-0.3675,66,KRSA,0.17518248175182483,1,STE,STE20,MSN,NRK
MSN,-0.3675,66,KRSA,0.17518248175182483,1,STE,STE20,MSN,TNIK
NDR,0.79,42,KRSA,0.4754953076120959,2,AGC,NDR,NDR,LATS1
NDR,0.79,42,KRSA,0.4754953076120959,2,AGC,NDR,NDR,LATS2
NDR,0.79,42,KRSA,0.4754953076120959,2,AGC,NDR,NDR,STK38
NDR,0.79,42,KRSA,0.4754953076120959,2,AGC,NDR,NDR,STK38L
PKCD,1.2466666666666666,26,KRSA,0.67570385818561,3,AGC,PKC,DELTA,PRKCD
PKCD,1.2466666666666666,26,KRSA,0.67570385818561,3,AGC,PKC,DELTA,PRKCQ
IRAK,-0.5583333333333333,59,KRSA,0.26277372262773724,2,TKL,IRAK,IRAK,IRAK1
IRAK,-0.5583333333333333,59,KRSA,0.26277372262773724,2,TKL,IRAK,IRAK,IRAK2
IRAK,-0.5583333333333333,59,KRSA,0.26277372262773724,2,TKL,IRAK,IRAK,IRAK3
IRAK,-0.5583333333333333,59,KRSA,0.26277372262773724,2,TKL,IRAK,IRAK,IRAK4
DYRK,-4.3341666666666665,1,KRSA,0.9885297184567258,4,CMGC,DYRK,DYRK1,DYRK1A
DYRK,-4.3341666666666665,1,KRSA,0.9885297184567258,4,CMGC,DYRK,DYRK1,DYRK1B
DYRK,-4.3341666666666665,1,KRSA,0.9885297184567258,4,CMGC,DYRK,DYRK2,DYRK2
DYRK,-4.3341666666666665,1,KRSA,0.9885297184567258,4,CMGC,DYRK,DYRK2,DYRK3
DYRK,-4.3341666666666665,1,KRSA,0.9885297184567258,4,CMGC,DYRK,DYRK2,DYRK4
DYRK,-4.3341666666666665,1,KRSA,0.9885297184567258,4,CMGC,DYRK,HIPK,HIPK1
DYRK,-4.3341666666666665,1,KRSA,0.9885297184567258,4,CMGC,DYRK,HIPK,HIPK2
DYRK,-4.3341666666666665,1,KRSA,0.9885297184567258,4,CMGC,DYRK,HIPK,HIPK3
DYRK,-4.3341666666666665,1,KRSA,0.9885297184567258,4,CMGC,DYRK,HIPK,HIPK4
DYRK,-4.3341666666666665,1,KRSA,0.9885297184567258,4,CMGC,DYRK,PRP4,PRPF4B
PDK1,-4.216666666666667,2,KRSA,0.9760166840458812,4,ATYPICAL,PDHK,PDHK,PDK1
PDK1,-4.216666666666667,2,KRSA,0.9760166840458812,4,AGC,PDK1,PDK1,PDPK1
ERK,-4.145,4,KRSA,0.9509906152241918,4,CMGC,MAPK,ERK1,MAPK1
ERK,-4.145,4,KRSA,0.9509906152241918,4,CMGC,MAPK,ERK7,MAPK15
ERK,-4.145,4,KRSA,0.9509906152241918,4,CMGC,MAPK,ERK1,MAPK3
ERK,-4.145,4,KRSA,0.9509906152241918,4,CMGC,MAPK,ERK3,MAPK4
ERK,-4.145,4,KRSA,0.9509906152241918,4,CMGC,MAPK,ERK3,MAPK6
ERK,-4.145,4,KRSA,0.9509906152241918,4,CMGC,MAPK,ERK5,MAPK7
CDK,-3.82,5,KRSA,0.9384775808133472,4,CMGC,CDK,CDC2,CDK1
CDK,-3.82,5,KRSA,0.9384775808133472,4,CMGC,CDK,CDK10,CDK10
CDK,-3.82,5,KRSA,0.9384775808133472,4,CMGC,CDK,CRK7,CDK12
CDK,-3.82,5,KRSA,0.9384775808133472,4,CMGC,CDK,CRK7,CDK13
CDK,-3.82,5,KRSA,0.9384775808133472,4,CMGC,CDK,PFTAIRE,CDK14
CDK,-3.82,5,KRSA,0.9384775808133472,4,CMGC,CDK,PFTAIRE,CDK15
CDK,-3.82,5,KRSA,0.9384775808133472,4,CMGC,CDK,PCTAIRE,CDK16
CDK,-3.82,5,KRSA,0.9384775808133472,4,CMGC,CDK,PCTAIRE,CDK17
CDK,-3.82,5,KRSA,0.9384775808133472,4,CMGC,CDK,PCTAIRE,CDK18
CDK,-3.82,5,KRSA,0.9384775808133472,4,CMGC,CDK,CDK8,CDK19
CDK,-3.82,5,KRSA,0.9384775808133472,4,CMGC,CDK,CDC2,CDK2
CDK,-3.82,5,KRSA,0.9384775808133472,4,CMGC,CDK,CCRK,CDK20
CDK,-3.82,5,KRSA,0.9384775808133472,4,CMGC,CDK,CDC2,CDK3
CDK,-3.82,5,KRSA,0.9384775808133472,4,CMGC,CDK,CDK4,CDK4
CDK,-3.82,5,KRSA,0.9384775808133472,4,CMGC,CDK,CDK5,CDK5
CDK,-3.82,5,KRSA,0.9384775808133472,4,CMGC,CDK,CDK4,CDK6
CDK,-3.82,5,KRSA,0.9384775808133472,4,CMGC,CDK,CDK7,CDK7
CDK,-3.82,5,KRSA,0.9384775808133472,4,CMGC,CDK,CDK8,CDK8
CDK,-3.82,5,KRSA,0.9384775808133472,4,CMGC,CDK,CDK9,CDK9
CDK,-3.82,5,KRSA,0.9384775808133472,4,NA,NA,NA,CDK11A
CDK,-3.82,5,KRSA,0.9384775808133472,4,NA,NA,NA,CDK11B
PEK,-2.9908333333333332,9,KRSA,0.8884254431699687,4,OTHER,PEK,HRI,EIF2AK1
PEK,-2.9908333333333332,9,KRSA,0.8884254431699687,4,OTHER,PEK,PKR,EIF2AK2
PEK,-2.9908333333333332,9,KRSA,0.8884254431699687,4,OTHER,PEK,PEK,EIF2AK3
PEK,-2.9908333333333332,9,KRSA,0.8884254431699687,4,OTHER,PEK,GCN2,EIF2AK4
JNK,-4.1725,3,KRSA,0.9635036496350365,4,CMGC,MAPK,JNK,MAPK10
JNK,-4.1725,3,KRSA,0.9635036496350365,4,CMGC,MAPK,JNK,MAPK8
JNK,-4.1725,3,KRSA,0.9635036496350365,4,CMGC,MAPK,JNK,MAPK9
PLK,-2.6575,10,KRSA,0.8759124087591241,4,NA,NA,NA,PLK5
PLK,-2.6575,10,KRSA,0.8759124087591241,4,OTHER,PLK,PLK1,PLK1
PLK,-2.6575,10,KRSA,0.8759124087591241,4,OTHER,PLK,PLK2,PLK2
PLK,-2.6575,10,KRSA,0.8759124087591241,4,OTHER,PLK,PLK2,PLK3
PLK,-2.6575,10,KRSA,0.8759124087591241,4,OTHER,PLK,SAK,PLK4
P38,-3.2616666666666667,7,KRSA,0.913451511991658,4,CMGC,MAPK,P38,MAPK11
P38,-3.2616666666666667,7,KRSA,0.913451511991658,4,CMGC,MAPK,P38,MAPK12
P38,-3.2616666666666667,7,KRSA,0.913451511991658,4,CMGC,MAPK,P38,MAPK13
P38,-3.2616666666666667,7,KRSA,0.913451511991658,4,CMGC,MAPK,P38,MAPK14
STE7,-2.001666666666667,14,KRSA,0.8258602711157456,4,STE,STE7,MEK1,MAP2K1
STE7,-2.001666666666667,14,KRSA,0.8258602711157456,4,STE,STE7,MEK1,MAP2K2
STE7,-2.001666666666667,14,KRSA,0.8258602711157456,4,STE,STE7,MEK3,MAP2K3
STE7,-2.001666666666667,14,KRSA,0.8258602711157456,4,STE,STE7,MEK4,MAP2K4
STE7,-2.001666666666667,14,KRSA,0.8258602711157456,4,STE,STE7,MEK5,MAP2K5
STE7,-2.001666666666667,14,KRSA,0.8258602711157456,4,STE,STE7,MEK3,MAP2K6
STE7,-2.001666666666667,14,KRSA,0.8258602711157456,4,STE,STE7,MEK7,MAP2K7
RAF,-2.2733333333333334,12,KRSA,0.8508863399374348,4,TKL,RAF,RAF,ARAF
RAF,-2.2733333333333334,12,KRSA,0.8508863399374348,4,TKL,RAF,RAF,BRAF
RAF,-2.2733333333333334,12,KRSA,0.8508863399374348,4,TKL,RAF,KSR,KSR1
RAF,-2.2733333333333334,12,KRSA,0.8508863399374348,4,TKL,RAF,KSR,KSR2
RAF,-2.2733333333333334,12,KRSA,0.8508863399374348,4,TKL,RAF,RAF,RAF1
PKG,3.2458333333333336,8,KRSA,0.9009384775808134,4,AGC,PKG,PKG,PRKG1
PKG,3.2458333333333336,8,KRSA,0.9009384775808134,4,AGC,PKG,PKG,PRKG2
QIK,-1.5333333333333334,21,KRSA,0.7382690302398331,3,CAMK,CAMKL,QIK,SIK1
QIK,-1.5333333333333334,21,KRSA,0.7382690302398331,3,CAMK,CAMKL,QIK,SIK2
CK1,-1.7291666666666667,18,KRSA,0.7758081334723671,4,CK1,CK1,CK1-A,CSNK1A1
CK1,-1.7291666666666667,18,KRSA,0.7758081334723671,4,CK1,CK1,CK1-A,CSNK1A1L
CK1,-1.7291666666666667,18,KRSA,0.7758081334723671,4,CK1,CK1,CK1-D,CSNK1D
CK1,-1.7291666666666667,18,KRSA,0.7758081334723671,4,CK1,CK1,CK1-D,CSNK1E
CK1,-1.7291666666666667,18,KRSA,0.7758081334723671,4,CK1,CK1,CK1-G,CSNK1G1
CK1,-1.7291666666666667,18,KRSA,0.7758081334723671,4,CK1,CK1,CK1-G,CSNK1G2
CK1,-1.7291666666666667,18,KRSA,0.7758081334723671,4,CK1,CK1,CK1-G,CSNK1G3
CK1,-1.7291666666666667,18,KRSA,0.7758081334723671,4,CK1,TTBK,TTBK,TTBK1
CK1,-1.7291666666666667,18,KRSA,0.7758081334723671,4,CK1,TTBK,TTBK,TTBK2
CK1,-1.7291666666666667,18,KRSA,0.7758081334723671,4,CK1,VRK,VRK,VRK3
PKCA,-1.413333333333333,23,KRSA,0.7132429614181439,3,AGC,PKC,ALPHA,PRKCA
PKCA,-1.413333333333333,23,KRSA,0.7132429614181439,3,AGC,PKC,ALPHA,PRKCB
PKCA,-1.413333333333333,23,KRSA,0.7132429614181439,3,AGC,PKC,ALPHA,PRKCG
PKA,3.75,6,KRSA,0.9259645464025026,4,AGC,PKA,PKA,PRKACA
PKA,3.75,6,KRSA,0.9259645464025026,4,AGC,PKA,PKA,PRKACB
PKA,3.75,6,KRSA,0.9259645464025026,4,AGC,PKA,PKA,PRKACG
PKA,3.75,6,KRSA,0.9259645464025026,4,AGC,PKA,PKA,PRKX
PKA,3.75,6,KRSA,0.9259645464025026,4,AGC,PKA,PKA,PRKY
MST,-2.3975,11,KRSA,0.8633993743482794,4,STE,STE20,MST,STK3
MST,-2.3975,11,KRSA,0.8633993743482794,4,STE,STE20,MST,STK4
MTOR,-1.9066666666666667,15,KRSA,0.8133472367049009,4,ATYPICAL,PIKK,FRAP,MTOR
NMO,-2.235,13,KRSA,0.8383733055265902,4,CMGC,MAPK,NMO,NLK
ATR,-1.0508333333333333,31,KRSA,0.6131386861313869,3,ATYPICAL,PIKK,ATR,ATR
FRAY,-1.850833333333333,16,KRSA,0.8008342022940563,4,STE,STE20,FRAY,OXSR1
FRAY,-1.850833333333333,16,KRSA,0.8008342022940563,4,STE,STE20,FRAY,STK39
CAMK1,1.7733333333333332,17,KRSA,0.7883211678832117,4,CAMK,CAMK1,CAMK1,CAMK1
CAMK1,1.7733333333333332,17,KRSA,0.7883211678832117,4,CAMK,CAMK1,CAMK1,CAMK1D
CAMK1,1.7733333333333332,17,KRSA,0.7883211678832117,4,CAMK,CAMK1,CAMK1,CAMK1G
CAMK1,1.7733333333333332,17,KRSA,0.7883211678832117,4,CAMK,CAMK1,CAMK1,CAMK4
CAMK1,1.7733333333333332,17,KRSA,0.7883211678832117,4,CAMK,CAMK1,CAMK1,PNCK
COT,0.12083333333333336,75,KRSA,0.06256517205422316,1,STE,STE-UNIQUE,STE-UNIQUE,MAP3K8
PRKDC,-0.8483333333333333,37,KRSA,0.5380604796663191,3,ATYPICAL,PIKK,DNAPK,PRKDC
GSK,-1.600833333333333,19,KRSA,0.7632950990615224,4,CMGC,GSK,GSK,GSK3A
GSK,-1.600833333333333,19,KRSA,0.7632950990615224,4,CMGC,GSK,GSK,GSK3B
PHK,-0.865,35,KRSA,0.5630865484880083,3,CAMK,PHK,PHK,PHKG1
PHK,-0.865,35,KRSA,0.5630865484880083,3,CAMK,PHK,PHK,PHKG2
STE11,-1.1091666666666666,28,KRSA,0.6506777893639207,3,TKL,MLK,TAK1,MAP3K7
STE11,-1.1091666666666666,28,KRSA,0.6506777893639207,3,STE,STE11,MEKK1,MAP3K1
STE11,-1.1091666666666666,28,KRSA,0.6506777893639207,3,STE,STE11,ASK,MAP3K15
STE11,-1.1091666666666666,28,KRSA,0.6506777893639207,3,STE,STE11,MEKK2,MAP3K2
STE11,-1.1091666666666666,28,KRSA,0.6506777893639207,3,STE,STE11,MEKK2,MAP3K3
STE11,-1.1091666666666666,28,KRSA,0.6506777893639207,3,STE,STE11,MEKK4,MAP3K4
STE11,-1.1091666666666666,28,KRSA,0.6506777893639207,3,STE,STE11,ASK,MAP3K5
STE11,-1.1091666666666666,28,KRSA,0.6506777893639207,3,STE,STE11,ASK,MAP3K6
MELK,-0.8466666666666667,38,KRSA,0.5255474452554745,3,CAMK,CAMKL,MELK,MELK
NEK,-0.4066666666666667,64,KRSA,0.20020855057351408,1,OTHER,NEK,NEK11,NEK11
NEK,-0.4066666666666667,64,KRSA,0.20020855057351408,1,OTHER,NEK,NEK2,NEK2
NEK,-0.4066666666666667,64,KRSA,0.20020855057351408,1,OTHER,NEK,NEK1,NEK3
NEK,-0.4066666666666667,64,KRSA,0.20020855057351408,1,OTHER,NEK,NEK4,NEK4
NEK,-0.4066666666666667,64,KRSA,0.20020855057351408,1,OTHER,NEK,NEK1,NEK5
NEK,-0.4066666666666667,64,KRSA,0.20020855057351408,1,OTHER,NEK,NEK6,NEK6
NEK,-0.4066666666666667,64,KRSA,0.20020855057351408,1,OTHER,NEK,NEK6,NEK7
NEK,-0.4066666666666667,64,KRSA,0.20020855057351408,1,OTHER,NEK,NEK8,NEK8
NEK,-0.4066666666666667,64,KRSA,0.20020855057351408,1,OTHER,NEK,NEK8,NEK9
LKB,-1.2583333333333333,25,KRSA,0.6882168925964547,3,CAMK,CAMKL,LKB,STK11
NDR,0.79,42,KRSA,0.4754953076120959,2,AGC,NDR,NDR,LATS1
NDR,0.79,42,KRSA,0.4754953076120959,2,AGC,NDR,NDR,LATS2
NDR,0.79,42,KRSA,0.4754953076120959,2,AGC,NDR,NDR,STK38
NDR,0.79,42,KRSA,0.4754953076120959,2,AGC,NDR,NDR,STK38L
NAK,-0.8308333333333333,39,KRSA,0.5130344108446299,3,OTHER,NAK,BIKE,AAK1
NAK,-0.8308333333333333,39,KRSA,0.5130344108446299,3,OTHER,NAK,BIKE,BMP2K
NAK,-0.8308333333333333,39,KRSA,0.5130344108446299,3,OTHER,NAK,GAK,GAK
NAK,-0.8308333333333333,39,KRSA,0.5130344108446299,3,OTHER,NAK,MPSK,STK16
TLK,-1.0616666666666668,29,KRSA,0.6381647549530761,3,OTHER,TLK,TLK,TLK1
TLK,-1.0616666666666668,29,KRSA,0.6381647549530761,3,OTHER,TLK,TLK,TLK2
NUAK,-1.0491666666666666,32,KRSA,0.6006256517205423,3,CAMK,CAMKL,NUAK,NUAK1
NUAK,-1.0491666666666666,32,KRSA,0.6006256517205423,3,CAMK,CAMKL,NUAK,NUAK2
TTK,-1.06,30,KRSA,0.6256517205422315,3,OTHER,TTK,TTK,TTK
PKN,-0.8133333333333334,41,KRSA,0.4880083420229406,2,AGC,PKN,PKN,PKN1
PKN,-0.8133333333333334,41,KRSA,0.4880083420229406,2,AGC,PKN,PKN,PKN2
PKN,-0.8133333333333334,41,KRSA,0.4880083420229406,2,AGC,PKN,PKN,PKN3
RIPK,1.596666666666667,20,KRSA,0.7507820646506778,4,TKL,RIPK,RIPK,ANKK1
RIPK,1.596666666666667,20,KRSA,0.7507820646506778,4,TKL,RIPK,RIPK,RIPK1
RIPK,1.596666666666667,20,KRSA,0.7507820646506778,4,TKL,RIPK,RIPK,RIPK2
RIPK,1.596666666666667,20,KRSA,0.7507820646506778,4,TKL,RIPK,RIPK,RIPK3
RIPK,1.596666666666667,20,KRSA,0.7507820646506778,4,TKL,RIPK,RIPK,RIPK4
VRK1,-1.3816666666666666,24,KRSA,0.7007299270072993,3,CK1,VRK,VRK,VRK1
MLCK,-0.7608333333333334,44,KRSA,0.4504692387904067,2,CAMK,MLCK,MLCK,MYLK
MLCK,-0.7608333333333334,44,KRSA,0.4504692387904067,2,CAMK,MLCK,MLCK,MYLK2
MLCK,-0.7608333333333334,44,KRSA,0.4504692387904067,2,CAMK,MLCK,MLCK,TTN
DAPK,-0.44333333333333336,63,KRSA,0.2127215849843587,1,CAMK,DAPK,DAPK,DAPK1
DAPK,-0.44333333333333336,63,KRSA,0.2127215849843587,1,CAMK,DAPK,DAPK,DAPK2
DAPK,-0.44333333333333336,63,KRSA,0.2127215849843587,1,CAMK,DAPK,DAPK,DAPK3
DAPK,-0.44333333333333336,63,KRSA,0.2127215849843587,1,CAMK,DAPK,DRAK,STK17A
DAPK,-0.44333333333333336,63,KRSA,0.2127215849843587,1,CAMK,DAPK,DRAK,STK17B
RSK,1.2241666666666666,27,KRSA,0.6631908237747653,3,AGC,RSK,RSK,RPS6KA1
RSK,1.2241666666666666,27,KRSA,0.6631908237747653,3,AGC,RSK,RSK,RPS6KA2
RSK,1.2241666666666666,27,KRSA,0.6631908237747653,3,AGC,RSK,RSK,RPS6KA3
RSK,1.2241666666666666,27,KRSA,0.6631908237747653,3,AGC,RSK,MSK,RPS6KA4
RSK,1.2241666666666666,27,KRSA,0.6631908237747653,3,AGC,RSK,MSK,RPS6KA5
RSK,1.2241666666666666,27,KRSA,0.6631908237747653,3,AGC,RSK,RSK,RPS6KA6
RSK,1.2241666666666666,27,KRSA,0.6631908237747653,3,AGC,RSK,P70,RPS6KB1
RSK,1.2241666666666666,27,KRSA,0.6631908237747653,3,AGC,RSK,P70,RPS6KB2
RAD53,0.6833333333333333,52,KRSA,0.35036496350364965,2,CAMK,RAD53,RAD53,CHEK2
PDHK,0.16499999999999998,73,KRSA,0.08759124087591241,1,ATYPICAL,PDHK,BCKDK,BCKDK
PDHK,0.16499999999999998,73,KRSA,0.08759124087591241,1,ATYPICAL,PDHK,PDHK,PDK2
PDHK,0.16499999999999998,73,KRSA,0.08759124087591241,1,ATYPICAL,PDHK,PDHK,PDK3
PDHK,0.16499999999999998,73,KRSA,0.08759124087591241,1,ATYPICAL,PDHK,PDHK,PDK4
GRK,-0.17250000000000004,72,KRSA,0.10010427528675704,1,AGC,GRK,GRK,GRK1
GRK,-0.17250000000000004,72,KRSA,0.10010427528675704,1,AGC,GRK,GRK,GRK4
GRK,-0.17250000000000004,72,KRSA,0.10010427528675704,1,AGC,GRK,GRK,GRK5
GRK,-0.17250000000000004,72,KRSA,0.10010427528675704,1,AGC,GRK,GRK,GRK6
GRK,-0.17250000000000004,72,KRSA,0.10010427528675704,1,AGC,GRK,GRK,GRK7
PAKA,1.44,22,KRSA,0.7257559958289885,3,STE,STE20,PAKA,PAK1
PAKA,1.44,22,KRSA,0.7257559958289885,3,STE,STE20,PAKA,PAK2
PAKA,1.44,22,KRSA,0.7257559958289885,3,STE,STE20,PAKA,PAK3
BRSK,-0.06416666666666665,78,KRSA,0.02502606882168926,1,CAMK,CAMKL,BRSK,BRSK1
BRSK,-0.06416666666666665,78,KRSA,0.02502606882168926,1,CAMK,CAMKL,BRSK,BRSK2
SLK,0.6541666666666667,55,KRSA,0.31282586027111575,2,STE,STE20,SLK,SLK
SLK,0.6541666666666667,55,KRSA,0.31282586027111575,2,STE,STE20,SLK,STK10
PASK,1.0216666666666667,33,KRSA,0.5881126173096975,3,CAMK,CAMKL,PASK,PASK
CLK,-0.7333333333333334,51,KRSA,0.36287799791449427,2,CMGC,CLK,CLK,CLK1
CLK,-0.7333333333333334,51,KRSA,0.36287799791449427,2,CMGC,CLK,CLK,CLK2
CLK,-0.7333333333333334,51,KRSA,0.36287799791449427,2,CMGC,CLK,CLK,CLK3
CLK,-0.7333333333333334,51,KRSA,0.36287799791449427,2,CMGC,CLK,CLK,CLK4
WNK,-0.75,46,KRSA,0.4254431699687174,2,OTHER,WNK,WNK,WNK1
WNK,-0.75,46,KRSA,0.4254431699687174,2,OTHER,WNK,WNK,WNK2
WNK,-0.75,46,KRSA,0.4254431699687174,2,OTHER,WNK,WNK,WNK3
WNK,-0.75,46,KRSA,0.4254431699687174,2,OTHER,WNK,WNK,WNK4
NIK,-0.74,48,KRSA,0.40041710114702816,2,STE,STE-UNIQUE,STE-UNIQUE,MAP3K14
MOS,-0.7525,45,KRSA,0.43795620437956206,2,OTHER,MOS,MOS,MOS
PKCD,1.2466666666666666,26,KRSA,0.67570385818561,3,AGC,PKC,DELTA,PRKCD
PKCD,1.2466666666666666,26,KRSA,0.67570385818561,3,AGC,PKC,DELTA,PRKCQ
TAO,-0.5683333333333334,58,KRSA,0.27528675703858185,2,STE,STE20,TAO,TAOK1
TAO,-0.5683333333333334,58,KRSA,0.27528675703858185,2,STE,STE20,TAO,TAOK2
TAO,-0.5683333333333334,58,KRSA,0.27528675703858185,2,STE,STE20,TAO,TAOK3
KHS,0.11833333333333336,76,KRSA,0.05005213764337852,1,STE,STE20,KHS,MAP4K1
KHS,0.11833333333333336,76,KRSA,0.05005213764337852,1,STE,STE20,KHS,MAP4K2
KHS,0.11833333333333336,76,KRSA,0.05005213764337852,1,STE,STE20,KHS,MAP4K3
KHS,0.11833333333333336,76,KRSA,0.05005213764337852,1,STE,STE20,KHS,MAP4K5
CAMKK,-0.7358333333333333,49,KRSA,0.38790406673618355,2,OTHER,CAMKK,META,CAMKK1
CAMKK,-0.7358333333333333,49,KRSA,0.38790406673618355,2,OTHER,CAMKK,META,CAMKK2
PKCI,0.8816666666666666,34,KRSA,0.5755995828988529,3,AGC,PKC,IOTA,PRKCI
PKCI,0.8816666666666666,34,KRSA,0.5755995828988529,3,AGC,PKC,IOTA,PRKCZ
BUD32,-0.735,50,KRSA,0.3753910323253389,2,OTHER,BUD32,BUD32,TP53RK
ULK,-0.7416666666666667,47,KRSA,0.4129301355578728,2,OTHER,ULK,FUSED,STK36
ULK,-0.7416666666666667,47,KRSA,0.4129301355578728,2,OTHER,ULK,ULK,ULK1
ULK,-0.7416666666666667,47,KRSA,0.4129301355578728,2,OTHER,ULK,ULK,ULK2
ULK,-0.7416666666666667,47,KRSA,0.4129301355578728,2,OTHER,ULK,ULK,ULK3
ULK,-0.7416666666666667,47,KRSA,0.4129301355578728,2,OTHER,ULK,ULK,ULK4
ATM,-0.6041666666666666,57,KRSA,0.28779979144942647,2,ATYPICAL,PIKK,ATM,ATM
DMPK,0.09583333333333326,77,KRSA,0.03753910323253389,1,AGC,DMPK,GEK,CDC42BPA
DMPK,0.09583333333333326,77,KRSA,0.03753910323253389,1,AGC,DMPK,GEK,CDC42BPB
DMPK,0.09583333333333326,77,KRSA,0.03753910323253389,1,AGC,DMPK,GEK,CDC42BPG
DMPK,0.09583333333333326,77,KRSA,0.03753910323253389,1,AGC,DMPK,CRIK,CIT
DMPK,0.09583333333333326,77,KRSA,0.03753910323253389,1,AGC,DMPK,GEK,DMPK
DMPK,0.09583333333333326,77,KRSA,0.03753910323253389,1,AGC,DMPK,ROCK,ROCK1
DMPK,0.09583333333333326,77,KRSA,0.03753910323253389,1,AGC,DMPK,ROCK,ROCK2
IKK,-0.2791666666666666,67,KRSA,0.16266944734098018,1,OTHER,IKK,IKK,CHUK
IKK,-0.2791666666666666,67,KRSA,0.16266944734098018,1,OTHER,IKK,IKK,IKBKB
IKK,-0.2791666666666666,67,KRSA,0.16266944734098018,1,OTHER,IKK,IKK,IKBKE
IKK,-0.2791666666666666,67,KRSA,0.16266944734098018,1,OTHER,IKK,IKK,TBK1
PIM,0.6166666666666667,56,KRSA,0.30031282586027114,2,CAMK,PIM,PIM,PIM1
PIM,0.6166666666666667,56,KRSA,0.30031282586027114,2,CAMK,PIM,PIM,PIM2
PIM,0.6166666666666667,56,KRSA,0.30031282586027114,2,CAMK,PIM,PIM,PIM3
SGK,-0.2016666666666667,69,KRSA,0.13764337851929093,1,AGC,SGK,SGK,SGK1
SGK,-0.2016666666666667,69,KRSA,0.13764337851929093,1,AGC,SGK,SGK,SGK2
SGK,-0.2016666666666667,69,KRSA,0.13764337851929093,1,AGC,SGK,SGK,SGK3
CK2,-0.16249999999999998,74,KRSA,0.07507820646506778,1,CMGC,CK2,CK2,CSNK2A1
CK2,-0.16249999999999998,74,KRSA,0.07507820646506778,1,CMGC,CK2,CK2,CSNK2A2
CK2,-0.16249999999999998,74,KRSA,0.07507820646506778,1,NA,NA,NA,CSNK2A3
AMPK,0.47,61,KRSA,0.23774765380604795,1,CAMK,CAMKL,AMPK,PRKAA1
AMPK,0.47,61,KRSA,0.23774765380604795,1,CAMK,CAMKL,AMPK,PRKAA2
BARK2,0.5499999999999999,60,KRSA,0.2502606882168926,2,AGC,GRK,BARK,GRK3
IRAK,-0.5583333333333333,59,KRSA,0.26277372262773724,2,TKL,IRAK,IRAK,IRAK1
IRAK,-0.5583333333333333,59,KRSA,0.26277372262773724,2,TKL,IRAK,IRAK,IRAK2
IRAK,-0.5583333333333333,59,KRSA,0.26277372262773724,2,TKL,IRAK,IRAK,IRAK3
IRAK,-0.5583333333333333,59,KRSA,0.26277372262773724,2,TKL,IRAK,IRAK,IRAK4
MLK,-0.18,71,KRSA,0.11261730969760167,1,TKL,MLK,ILK,ILK
MLK,-0.18,71,KRSA,0.11261730969760167,1,TKL,MLK,MLK,MAP3K10
MLK,-0.18,71,KRSA,0.11261730969760167,1,TKL,MLK,MLK,MAP3K11
MLK,-0.18,71,KRSA,0.11261730969760167,1,TKL,MLK,LZK,MAP3K12
MLK,-0.18,71,KRSA,0.11261730969760167,1,TKL,MLK,LZK,MAP3K13
MLK,-0.18,71,KRSA,0.11261730969760167,1,TKL,MLK,MLK,MAP3K9
MLK,-0.18,71,KRSA,0.11261730969760167,1,TKL,MLK,HH498,TNNI3K
CHK1,-0.37,65,KRSA,0.18769551616266944,1,CAMK,CAMKL,CHK1,CHEK1
STKR,-0.6591666666666667,53,KRSA,0.337851929092805,2,TKL,STKR,TYPE1,ACVR1
STKR,-0.6591666666666667,53,KRSA,0.337851929092805,2,TKL,STKR,TYPE1,ACVR1B
STKR,-0.6591666666666667,53,KRSA,0.337851929092805,2,TKL,STKR,TYPE1,ACVR1C
STKR,-0.6591666666666667,53,KRSA,0.337851929092805,2,TKL,STKR,TYPE2,ACVR2A
STKR,-0.6591666666666667,53,KRSA,0.337851929092805,2,TKL,STKR,TYPE2,ACVR2B
STKR,-0.6591666666666667,53,KRSA,0.337851929092805,2,TKL,STKR,TYPE1,ACVRL1
STKR,-0.6591666666666667,53,KRSA,0.337851929092805,2,TKL,STKR,TYPE2,AMHR2
STKR,-0.6591666666666667,53,KRSA,0.337851929092805,2,TKL,STKR,TYPE1,BMPR1A
STKR,-0.6591666666666667,53,KRSA,0.337851929092805,2,TKL,STKR,TYPE1,BMPR1B
STKR,-0.6591666666666667,53,KRSA,0.337851929092805,2,TKL,STKR,TYPE2,BMPR2
STKR,-0.6591666666666667,53,KRSA,0.337851929092805,2,TKL,STKR,TYPE1,TGFBR1
STKR,-0.6591666666666667,53,KRSA,0.337851929092805,2,TKL,STKR,TYPE2,TGFBR2
AUR,-0.02333333333333338,79,KRSA,0.01251303441084463,1,OTHER,AUR,AUR,AURKA
AUR,-0.02333333333333338,79,KRSA,0.01251303441084463,1,OTHER,AUR,AUR,AURKB
AUR,-0.02333333333333338,79,KRSA,0.01251303441084463,1,OTHER,AUR,AUR,AURKC
CAMK2,0.20083333333333336,70,KRSA,0.1251303441084463,1,CAMK,CAMK2,CAMK2,CAMK2A
CAMK2,0.20083333333333336,70,KRSA,0.1251303441084463,1,CAMK,CAMK2,CAMK2,CAMK2B
CAMK2,0.20083333333333336,70,KRSA,0.1251303441084463,1,CAMK,CAMK2,CAMK2,CAMK2D
CAMK2,0.20083333333333336,70,KRSA,0.1251303441084463,1,CAMK,CAMK2,CAMK2,CAMK2G
PKCH,-0.6566666666666666,54,KRSA,0.32533889468196037,2,AGC,PKC,ETA,PRKCE
PKCH,-0.6566666666666666,54,KRSA,0.32533889468196037,2,AGC,PKC,ETA,PRKCH
AKT,0.22333333333333336,68,KRSA,0.15015641293013557,1,AGC,AKT,AKT,AKT1
AKT,0.22333333333333336,68,KRSA,0.15015641293013557,1,AGC,AKT,AKT,AKT2
AKT,0.22333333333333336,68,KRSA,0.15015641293013557,1,AGC,AKT,AKT,AKT3
MSN,-0.3675,66,KRSA,0.17518248175182483,1,STE,STE20,MSN,MAP4K4
MSN,-0.3675,66,KRSA,0.17518248175182483,1,STE,STE20,MSN,NRK
MSN,-0.3675,66,KRSA,0.17518248175182483,1,STE,STE20,MSN,TNIK
MAPKAPK,-0.00500000000000001,80,KRSA,0,1,CAMK,MAPKAPK,MAPKAPK,MAPKAPK2
MAPKAPK,-0.00500000000000001,80,KRSA,0,1,CAMK,MAPKAPK,MAPKAPK,MAPKAPK3
MAPKAPK,-0.00500000000000001,80,KRSA,0,1,CAMK,MAPKAPK,MAPKAPK,MAPKAPK5
MAPKAPK,-0.00500000000000001,80,KRSA,0,1,CAMK,MAPKAPK,MNK,MKNK1
MAPKAPK,-0.00500000000000001,80,KRSA,0,1,CAMK,MAPKAPK,MNK,MKNK2
PAKB,-0.4541666666666667,62,KRSA,0.22523461939520334,1,STE,STE20,PAKB,PAK4
PAKB,-0.4541666666666667,62,KRSA,0.22523461939520334,1,STE,STE20,PAKB,PAK5
PAKB,-0.4541666666666667,62,KRSA,0.22523461939520334,1,STE,STE20,PAKB,PAK6
HAL,0.8183333333333334,40,KRSA,0.5005213764337852,3,RGC,RGC,RGC,NPR1
PKD,0.85,36,KRSA,0.5505735140771637,3,CAMK,PKD,PKD,PRKD1
PKD,0.85,36,KRSA,0.5505735140771637,3,CAMK,PKD,PKD,PRKD2
PKD,0.85,36,KRSA,0.5505735140771637,3,CAMK,PKD,PKD,PRKD3
DYRK,-4.3341666666666665,1,KRSA,0.9885297184567258,4,CMGC,DYRK,DYRK1,DYRK1A
DYRK,-4.3341666666666665,1,KRSA,0.9885297184567258,4,CMGC,DYRK,DYRK1,DYRK1B
DYRK,-4.3341666666666665,1,KRSA,0.9885297184567258,4,CMGC,DYRK,DYRK2,DYRK2
DYRK,-4.3341666666666665,1,KRSA,0.9885297184567258,4,CMGC,DYRK,DYRK2,DYRK3
DYRK,-4.3341666666666665,1,KRSA,0.9885297184567258,4,CMGC,DYRK,DYRK2,DYRK4
DYRK,-4.3341666666666665,1,KRSA,0.9885297184567258,4,CMGC,DYRK,HIPK,HIPK1
DYRK,-4.3341666666666665,1,KRSA,0.9885297184567258,4,CMGC,DYRK,HIPK,HIPK2
DYRK,-4.3341666666666665,1,KRSA,0.9885297184567258,4,CMGC,DYRK,HIPK,HIPK3
DYRK,-4.3341666666666665,1,KRSA,0.9885297184567258,4,CMGC,DYRK,HIPK,HIPK4
DYRK,-4.3341666666666665,1,KRSA,0.9885297184567258,4,CMGC,DYRK,PRP4,PRPF4B
ERK,-4.145,4,KRSA,0.9509906152241918,4,CMGC,MAPK,ERK1,MAPK1
ERK,-4.145,4,KRSA,0.9509906152241918,4,CMGC,MAPK,ERK7,MAPK15
ERK,-4.145,4,KRSA,0.9509906152241918,4,CMGC,MAPK,ERK1,MAPK3
ERK,-4.145,4,KRSA,0.9509906152241918,4,CMGC,MAPK,ERK3,MAPK4
ERK,-4.145,4,KRSA,0.9509906152241918,4,CMGC,MAPK,ERK3,MAPK6
ERK,-4.145,4,KRSA,0.9509906152241918,4,CMGC,MAPK,ERK5,MAPK7
PDK1,-4.216666666666667,2,KRSA,0.9760166840458812,4,ATYPICAL,PDHK,PDHK,PDK1
PDK1,-4.216666666666667,2,KRSA,0.9760166840458812,4,AGC,PDK1,PDK1,PDPK1
CDK,-3.82,5,KRSA,0.9384775808133472,4,CMGC,CDK,CDC2,CDK1
CDK,-3.82,5,KRSA,0.9384775808133472,4,CMGC,CDK,CDK10,CDK10
CDK,-3.82,5,KRSA,0.9384775808133472,4,CMGC,CDK,CRK7,CDK12
CDK,-3.82,5,KRSA,0.9384775808133472,4,CMGC,CDK,CRK7,CDK13
CDK,-3.82,5,KRSA,0.9384775808133472,4,CMGC,CDK,PFTAIRE,CDK14
CDK,-3.82,5,KRSA,0.9384775808133472,4,CMGC,CDK,PFTAIRE,CDK15
CDK,-3.82,5,KRSA,0.9384775808133472,4,CMGC,CDK,PCTAIRE,CDK16
CDK,-3.82,5,KRSA,0.9384775808133472,4,CMGC,CDK,PCTAIRE,CDK17
CDK,-3.82,5,KRSA,0.9384775808133472,4,CMGC,CDK,PCTAIRE,CDK18
CDK,-3.82,5,KRSA,0.9384775808133472,4,CMGC,CDK,CDK8,CDK19
CDK,-3.82,5,KRSA,0.9384775808133472,4,CMGC,CDK,CDC2,CDK2
CDK,-3.82,5,KRSA,0.9384775808133472,4,CMGC,CDK,CCRK,CDK20
CDK,-3.82,5,KRSA,0.9384775808133472,4,CMGC,CDK,CDC2,CDK3
CDK,-3.82,5,KRSA,0.9384775808133472,4,CMGC,CDK,CDK4,CDK4
CDK,-3.82,5,KRSA,0.9384775808133472,4,CMGC,CDK,CDK5,CDK5
CDK,-3.82,5,KRSA,0.9384775808133472,4,CMGC,CDK,CDK4,CDK6
CDK,-3.82,5,KRSA,0.9384775808133472,4,CMGC,CDK,CDK7,CDK7
CDK,-3.82,5,KRSA,0.9384775808133472,4,CMGC,CDK,CDK8,CDK8
CDK,-3.82,5,KRSA,0.9384775808133472,4,CMGC,CDK,CDK9,CDK9
CDK,-3.82,5,KRSA,0.9384775808133472,4,NA,NA,NA,CDK11A
CDK,-3.82,5,KRSA,0.9384775808133472,4,NA,NA,NA,CDK11B
JNK,-4.1725,3,KRSA,0.9635036496350365,4,CMGC,MAPK,JNK,MAPK10
JNK,-4.1725,3,KRSA,0.9635036496350365,4,CMGC,MAPK,JNK,MAPK8
JNK,-4.1725,3,KRSA,0.9635036496350365,4,CMGC,MAPK,JNK,MAPK9
PLK,-2.6575,10,KRSA,0.8759124087591241,4,NA,NA,NA,PLK5
PLK,-2.6575,10,KRSA,0.8759124087591241,4,OTHER,PLK,PLK1,PLK1
PLK,-2.6575,10,KRSA,0.8759124087591241,4,OTHER,PLK,PLK2,PLK2
PLK,-2.6575,10,KRSA,0.8759124087591241,4,OTHER,PLK,PLK2,PLK3
PLK,-2.6575,10,KRSA,0.8759124087591241,4,OTHER,PLK,SAK,PLK4
PEK,-2.9908333333333332,9,KRSA,0.8884254431699687,4,OTHER,PEK,HRI,EIF2AK1
PEK,-2.9908333333333332,9,KRSA,0.8884254431699687,4,OTHER,PEK,PKR,EIF2AK2
PEK,-2.9908333333333332,9,KRSA,0.8884254431699687,4,OTHER,PEK,PEK,EIF2AK3
PEK,-2.9908333333333332,9,KRSA,0.8884254431699687,4,OTHER,PEK,GCN2,EIF2AK4
P38,-3.2616666666666667,7,KRSA,0.913451511991658,4,CMGC,MAPK,P38,MAPK11
P38,-3.2616666666666667,7,KRSA,0.913451511991658,4,CMGC,MAPK,P38,MAPK12
P38,-3.2616666666666667,7,KRSA,0.913451511991658,4,CMGC,MAPK,P38,MAPK13
P38,-3.2616666666666667,7,KRSA,0.913451511991658,4,CMGC,MAPK,P38,MAPK14
PKA,3.75,6,KRSA,0.9259645464025026,4,AGC,PKA,PKA,PRKACA
PKA,3.75,6,KRSA,0.9259645464025026,4,AGC,PKA,PKA,PRKACB
PKA,3.75,6,KRSA,0.9259645464025026,4,AGC,PKA,PKA,PRKACG
PKA,3.75,6,KRSA,0.9259645464025026,4,AGC,PKA,PKA,PRKX
PKA,3.75,6,KRSA,0.9259645464025026,4,AGC,PKA,PKA,PRKY
STE7,-2.001666666666667,14,KRSA,0.8258602711157456,4,STE,STE7,MEK1,MAP2K1
STE7,-2.001666666666667,14,KRSA,0.8258602711157456,4,STE,STE7,MEK1,MAP2K2
STE7,-2.001666666666667,14,KRSA,0.8258602711157456,4,STE,STE7,MEK3,MAP2K3
STE7,-2.001666666666667,14,KRSA,0.8258602711157456,4,STE,STE7,MEK4,MAP2K4
STE7,-2.001666666666667,14,KRSA,0.8258602711157456,4,STE,STE7,MEK5,MAP2K5
STE7,-2.001666666666667,14,KRSA,0.8258602711157456,4,STE,STE7,MEK3,MAP2K6
STE7,-2.001666666666667,14,KRSA,0.8258602711157456,4,STE,STE7,MEK7,MAP2K7
PKG,3.2458333333333336,8,KRSA,0.9009384775808134,4,AGC,PKG,PKG,PRKG1
PKG,3.2458333333333336,8,KRSA,0.9009384775808134,4,AGC,PKG,PKG,PRKG2
RAF,-2.2733333333333334,12,KRSA,0.8508863399374348,4,TKL,RAF,RAF,ARAF
RAF,-2.2733333333333334,12,KRSA,0.8508863399374348,4,TKL,RAF,RAF,BRAF
RAF,-2.2733333333333334,12,KRSA,0.8508863399374348,4,TKL,RAF,KSR,KSR1
RAF,-2.2733333333333334,12,KRSA,0.8508863399374348,4,TKL,RAF,KSR,KSR2
RAF,-2.2733333333333334,12,KRSA,0.8508863399374348,4,TKL,RAF,RAF,RAF1
MTOR,-1.9066666666666667,15,KRSA,0.8133472367049009,4,ATYPICAL,PIKK,FRAP,MTOR
NMO,-2.235,13,KRSA,0.8383733055265902,4,CMGC,MAPK,NMO,NLK
FRAY,-1.850833333333333,16,KRSA,0.8008342022940563,4,STE,STE20,FRAY,OXSR1
FRAY,-1.850833333333333,16,KRSA,0.8008342022940563,4,STE,STE20,FRAY,STK39
CK1,-1.7291666666666667,18,KRSA,0.7758081334723671,4,CK1,CK1,CK1-A,CSNK1A1
CK1,-1.7291666666666667,18,KRSA,0.7758081334723671,4,CK1,CK1,CK1-A,CSNK1A1L
CK1,-1.7291666666666667,18,KRSA,0.7758081334723671,4,CK1,CK1,CK1-D,CSNK1D
CK1,-1.7291666666666667,18,KRSA,0.7758081334723671,4,CK1,CK1,CK1-D,CSNK1E
CK1,-1.7291666666666667,18,KRSA,0.7758081334723671,4,CK1,CK1,CK1-G,CSNK1G1
CK1,-1.7291666666666667,18,KRSA,0.7758081334723671,4,CK1,CK1,CK1-G,CSNK1G2
CK1,-1.7291666666666667,18,KRSA,0.7758081334723671,4,CK1,CK1,CK1-G,CSNK1G3
CK1,-1.7291666666666667,18,KRSA,0.7758081334723671,4,CK1,TTBK,TTBK,TTBK1
CK1,-1.7291666666666667,18,KRSA,0.7758081334723671,4,CK1,TTBK,TTBK,TTBK2
CK1,-1.7291666666666667,18,KRSA,0.7758081334723671,4,CK1,VRK,VRK,VRK3
MST,-2.3975,11,KRSA,0.8633993743482794,4,STE,STE20,MST,STK3
MST,-2.3975,11,KRSA,0.8633993743482794,4,STE,STE20,MST,STK4
QIK,-1.5333333333333334,21,KRSA,0.7382690302398331,3,CAMK,CAMKL,QIK,SIK1
QIK,-1.5333333333333334,21,KRSA,0.7382690302398331,3,CAMK,CAMKL,QIK,SIK2
ATR,-1.0508333333333333,31,KRSA,0.6131386861313869,3,ATYPICAL,PIKK,ATR,ATR
CAMK1,1.7733333333333332,17,KRSA,0.7883211678832117,4,CAMK,CAMK1,CAMK1,CAMK1
CAMK1,1.7733333333333332,17,KRSA,0.7883211678832117,4,CAMK,CAMK1,CAMK1,CAMK1D
CAMK1,1.7733333333333332,17,KRSA,0.7883211678832117,4,CAMK,CAMK1,CAMK1,CAMK1G
CAMK1,1.7733333333333332,17,KRSA,0.7883211678832117,4,CAMK,CAMK1,CAMK1,CAMK4
CAMK1,1.7733333333333332,17,KRSA,0.7883211678832117,4,CAMK,CAMK1,CAMK1,PNCK
PRKDC,-0.8483333333333333,37,KRSA,0.5380604796663191,3,ATYPICAL,PIKK,DNAPK,PRKDC
PKCA,-1.413333333333333,23,KRSA,0.7132429614181439,3,AGC,PKC,ALPHA,PRKCA
PKCA,-1.413333333333333,23,KRSA,0.7132429614181439,3,AGC,PKC,ALPHA,PRKCB
PKCA,-1.413333333333333,23,KRSA,0.7132429614181439,3,AGC,PKC,ALPHA,PRKCG
RIPK,1.596666666666667,20,KRSA,0.7507820646506778,4,TKL,RIPK,RIPK,ANKK1
RIPK,1.596666666666667,20,KRSA,0.7507820646506778,4,TKL,RIPK,RIPK,RIPK1
RIPK,1.596666666666667,20,KRSA,0.7507820646506778,4,TKL,RIPK,RIPK,RIPK2
RIPK,1.596666666666667,20,KRSA,0.7507820646506778,4,TKL,RIPK,RIPK,RIPK3
RIPK,1.596666666666667,20,KRSA,0.7507820646506778,4,TKL,RIPK,RIPK,RIPK4
PAKA,1.44,22,KRSA,0.7257559958289885,3,STE,STE20,PAKA,PAK1
PAKA,1.44,22,KRSA,0.7257559958289885,3,STE,STE20,PAKA,PAK2
PAKA,1.44,22,KRSA,0.7257559958289885,3,STE,STE20,PAKA,PAK3
GSK,-1.600833333333333,19,KRSA,0.7632950990615224,4,CMGC,GSK,GSK,GSK3A
GSK,-1.600833333333333,19,KRSA,0.7632950990615224,4,CMGC,GSK,GSK,GSK3B
STE11,-1.1091666666666666,28,KRSA,0.6506777893639207,3,TKL,MLK,TAK1,MAP3K7
STE11,-1.1091666666666666,28,KRSA,0.6506777893639207,3,STE,STE11,MEKK1,MAP3K1
STE11,-1.1091666666666666,28,KRSA,0.6506777893639207,3,STE,STE11,ASK,MAP3K15
STE11,-1.1091666666666666,28,KRSA,0.6506777893639207,3,STE,STE11,MEKK2,MAP3K2
STE11,-1.1091666666666666,28,KRSA,0.6506777893639207,3,STE,STE11,MEKK2,MAP3K3
STE11,-1.1091666666666666,28,KRSA,0.6506777893639207,3,STE,STE11,MEKK4,MAP3K4
STE11,-1.1091666666666666,28,KRSA,0.6506777893639207,3,STE,STE11,ASK,MAP3K5
STE11,-1.1091666666666666,28,KRSA,0.6506777893639207,3,STE,STE11,ASK,MAP3K6
NDR,0.79,42,KRSA,0.4754953076120959,2,AGC,NDR,NDR,LATS1
NDR,0.79,42,KRSA,0.4754953076120959,2,AGC,NDR,NDR,LATS2
NDR,0.79,42,KRSA,0.4754953076120959,2,AGC,NDR,NDR,STK38
NDR,0.79,42,KRSA,0.4754953076120959,2,AGC,NDR,NDR,STK38L
RSK,1.2241666666666666,27,KRSA,0.6631908237747653,3,AGC,RSK,RSK,RPS6KA1
RSK,1.2241666666666666,27,KRSA,0.6631908237747653,3,AGC,RSK,RSK,RPS6KA2
RSK,1.2241666666666666,27,KRSA,0.6631908237747653,3,AGC,RSK,RSK,RPS6KA3
RSK,1.2241666666666666,27,KRSA,0.6631908237747653,3,AGC,RSK,MSK,RPS6KA4
RSK,1.2241666666666666,27,KRSA,0.6631908237747653,3,AGC,RSK,MSK,RPS6KA5
RSK,1.2241666666666666,27,KRSA,0.6631908237747653,3,AGC,RSK,RSK,RPS6KA6
RSK,1.2241666666666666,27,KRSA,0.6631908237747653,3,AGC,RSK,P70,RPS6KB1
RSK,1.2241666666666666,27,KRSA,0.6631908237747653,3,AGC,RSK,P70,RPS6KB2
RAD53,0.6833333333333333,52,KRSA,0.35036496350364965,2,CAMK,RAD53,RAD53,CHEK2
PKCD,1.2466666666666666,26,KRSA,0.67570385818561,3,AGC,PKC,DELTA,PRKCD
PKCD,1.2466666666666666,26,KRSA,0.67570385818561,3,AGC,PKC,DELTA,PRKCQ
PKCI,0.8816666666666666,34,KRSA,0.5755995828988529,3,AGC,PKC,IOTA,PRKCI
PKCI,0.8816666666666666,34,KRSA,0.5755995828988529,3,AGC,PKC,IOTA,PRKCZ
NAK,-0.8308333333333333,39,KRSA,0.5130344108446299,3,OTHER,NAK,BIKE,AAK1
NAK,-0.8308333333333333,39,KRSA,0.5130344108446299,3,OTHER,NAK,BIKE,BMP2K
NAK,-0.8308333333333333,39,KRSA,0.5130344108446299,3,OTHER,NAK,GAK,GAK
NAK,-0.8308333333333333,39,KRSA,0.5130344108446299,3,OTHER,NAK,MPSK,STK16
TLK,-1.0616666666666668,29,KRSA,0.6381647549530761,3,OTHER,TLK,TLK,TLK1
TLK,-1.0616666666666668,29,KRSA,0.6381647549530761,3,OTHER,TLK,TLK,TLK2
TTK,-1.06,30,KRSA,0.6256517205422315,3,OTHER,TTK,TTK,TTK
NUAK,-1.0491666666666666,32,KRSA,0.6006256517205423,3,CAMK,CAMKL,NUAK,NUAK1
NUAK,-1.0491666666666666,32,KRSA,0.6006256517205423,3,CAMK,CAMKL,NUAK,NUAK2
PHK,-0.865,35,KRSA,0.5630865484880083,3,CAMK,PHK,PHK,PHKG1
PHK,-0.865,35,KRSA,0.5630865484880083,3,CAMK,PHK,PHK,PHKG2
PKN,-0.8133333333333334,41,KRSA,0.4880083420229406,2,AGC,PKN,PKN,PKN1
PKN,-0.8133333333333334,41,KRSA,0.4880083420229406,2,AGC,PKN,PKN,PKN2
PKN,-0.8133333333333334,41,KRSA,0.4880083420229406,2,AGC,PKN,PKN,PKN3
LKB,-1.2583333333333333,25,KRSA,0.6882168925964547,3,CAMK,CAMKL,LKB,STK11
VRK1,-1.3816666666666666,24,KRSA,0.7007299270072993,3,CK1,VRK,VRK,VRK1
NEK,-0.4066666666666667,64,KRSA,0.20020855057351408,1,OTHER,NEK,NEK11,NEK11
NEK,-0.4066666666666667,64,KRSA,0.20020855057351408,1,OTHER,NEK,NEK2,NEK2
NEK,-0.4066666666666667,64,KRSA,0.20020855057351408,1,OTHER,NEK,NEK1,NEK3
NEK,-0.4066666666666667,64,KRSA,0.20020855057351408,1,OTHER,NEK,NEK4,NEK4
NEK,-0.4066666666666667,64,KRSA,0.20020855057351408,1,OTHER,NEK,NEK1,NEK5
NEK,-0.4066666666666667,64,KRSA,0.20020855057351408,1,OTHER,NEK,NEK6,NEK6
NEK,-0.4066666666666667,64,KRSA,0.20020855057351408,1,OTHER,NEK,NEK6,NEK7
NEK,-0.4066666666666667,64,KRSA,0.20020855057351408,1,OTHER,NEK,NEK8,NEK8
NEK,-0.4066666666666667,64,KRSA,0.20020855057351408,1,OTHER,NEK,NEK8,NEK9
BRSK,-0.06416666666666665,78,KRSA,0.02502606882168926,1,CAMK,CAMKL,BRSK,BRSK1
BRSK,-0.06416666666666665,78,KRSA,0.02502606882168926,1,CAMK,CAMKL,BRSK,BRSK2
MLCK,-0.7608333333333334,44,KRSA,0.4504692387904067,2,CAMK,MLCK,MLCK,MYLK
MLCK,-0.7608333333333334,44,KRSA,0.4504692387904067,2,CAMK,MLCK,MLCK,MYLK2
MLCK,-0.7608333333333334,44,KRSA,0.4504692387904067,2,CAMK,MLCK,MLCK,TTN
KHS,0.11833333333333336,76,KRSA,0.05005213764337852,1,STE,STE20,KHS,MAP4K1
KHS,0.11833333333333336,76,KRSA,0.05005213764337852,1,STE,STE20,KHS,MAP4K2
KHS,0.11833333333333336,76,KRSA,0.05005213764337852,1,STE,STE20,KHS,MAP4K3
KHS,0.11833333333333336,76,KRSA,0.05005213764337852,1,STE,STE20,KHS,MAP4K5
SLK,0.6541666666666667,55,KRSA,0.31282586027111575,2,STE,STE20,SLK,SLK
SLK,0.6541666666666667,55,KRSA,0.31282586027111575,2,STE,STE20,SLK,STK10
PASK,1.0216666666666667,33,KRSA,0.5881126173096975,3,CAMK,CAMKL,PASK,PASK
PIM,0.6166666666666667,56,KRSA,0.30031282586027114,2,CAMK,PIM,PIM,PIM1
PIM,0.6166666666666667,56,KRSA,0.30031282586027114,2,CAMK,PIM,PIM,PIM2
PIM,0.6166666666666667,56,KRSA,0.30031282586027114,2,CAMK,PIM,PIM,PIM3
MELK,-0.8466666666666667,38,KRSA,0.5255474452554745,3,CAMK,CAMKL,MELK,MELK
AMPK,0.47,61,KRSA,0.23774765380604795,1,CAMK,CAMKL,AMPK,PRKAA1
AMPK,0.47,61,KRSA,0.23774765380604795,1,CAMK,CAMKL,AMPK,PRKAA2
MOS,-0.7525,45,KRSA,0.43795620437956206,2,OTHER,MOS,MOS,MOS
WNK,-0.75,46,KRSA,0.4254431699687174,2,OTHER,WNK,WNK,WNK1
WNK,-0.75,46,KRSA,0.4254431699687174,2,OTHER,WNK,WNK,WNK2
WNK,-0.75,46,KRSA,0.4254431699687174,2,OTHER,WNK,WNK,WNK3
WNK,-0.75,46,KRSA,0.4254431699687174,2,OTHER,WNK,WNK,WNK4
BUD32,-0.735,50,KRSA,0.3753910323253389,2,OTHER,BUD32,BUD32,TP53RK
CAMKK,-0.7358333333333333,49,KRSA,0.38790406673618355,2,OTHER,CAMKK,META,CAMKK1
CAMKK,-0.7358333333333333,49,KRSA,0.38790406673618355,2,OTHER,CAMKK,META,CAMKK2
ULK,-0.7416666666666667,47,KRSA,0.4129301355578728,2,OTHER,ULK,FUSED,STK36
ULK,-0.7416666666666667,47,KRSA,0.4129301355578728,2,OTHER,ULK,ULK,ULK1
ULK,-0.7416666666666667,47,KRSA,0.4129301355578728,2,OTHER,ULK,ULK,ULK2
ULK,-0.7416666666666667,47,KRSA,0.4129301355578728,2,OTHER,ULK,ULK,ULK3
ULK,-0.7416666666666667,47,KRSA,0.4129301355578728,2,OTHER,ULK,ULK,ULK4
NIK,-0.74,48,KRSA,0.40041710114702816,2,STE,STE-UNIQUE,STE-UNIQUE,MAP3K14
TAO,-0.5683333333333334,58,KRSA,0.27528675703858185,2,STE,STE20,TAO,TAOK1
TAO,-0.5683333333333334,58,KRSA,0.27528675703858185,2,STE,STE20,TAO,TAOK2
TAO,-0.5683333333333334,58,KRSA,0.27528675703858185,2,STE,STE20,TAO,TAOK3
CLK,-0.7333333333333334,51,KRSA,0.36287799791449427,2,CMGC,CLK,CLK,CLK1
CLK,-0.7333333333333334,51,KRSA,0.36287799791449427,2,CMGC,CLK,CLK,CLK2
CLK,-0.7333333333333334,51,KRSA,0.36287799791449427,2,CMGC,CLK,CLK,CLK3
CLK,-0.7333333333333334,51,KRSA,0.36287799791449427,2,CMGC,CLK,CLK,CLK4
GRK,-0.17250000000000004,72,KRSA,0.10010427528675704,1,AGC,GRK,GRK,GRK1
GRK,-0.17250000000000004,72,KRSA,0.10010427528675704,1,AGC,GRK,GRK,GRK4
GRK,-0.17250000000000004,72,KRSA,0.10010427528675704,1,AGC,GRK,GRK,GRK5
GRK,-0.17250000000000004,72,KRSA,0.10010427528675704,1,AGC,GRK,GRK,GRK6
GRK,-0.17250000000000004,72,KRSA,0.10010427528675704,1,AGC,GRK,GRK,GRK7
MSN,-0.3675,66,KRSA,0.17518248175182483,1,STE,STE20,MSN,MAP4K4
MSN,-0.3675,66,KRSA,0.17518248175182483,1,STE,STE20,MSN,NRK
MSN,-0.3675,66,KRSA,0.17518248175182483,1,STE,STE20,MSN,TNIK
ATM,-0.6041666666666666,57,KRSA,0.28779979144942647,2,ATYPICAL,PIKK,ATM,ATM
DAPK,-0.44333333333333336,63,KRSA,0.2127215849843587,1,CAMK,DAPK,DAPK,DAPK1
DAPK,-0.44333333333333336,63,KRSA,0.2127215849843587,1,CAMK,DAPK,DAPK,DAPK2
DAPK,-0.44333333333333336,63,KRSA,0.2127215849843587,1,CAMK,DAPK,DAPK,DAPK3
DAPK,-0.44333333333333336,63,KRSA,0.2127215849843587,1,CAMK,DAPK,DRAK,STK17A
DAPK,-0.44333333333333336,63,KRSA,0.2127215849843587,1,CAMK,DAPK,DRAK,STK17B
COT,0.12083333333333336,75,KRSA,0.06256517205422316,1,STE,STE-UNIQUE,STE-UNIQUE,MAP3K8
CHK1,-0.37,65,KRSA,0.18769551616266944,1,CAMK,CAMKL,CHK1,CHEK1
PKD,0.85,36,KRSA,0.5505735140771637,3,CAMK,PKD,PKD,PRKD1
PKD,0.85,36,KRSA,0.5505735140771637,3,CAMK,PKD,PKD,PRKD2
PKD,0.85,36,KRSA,0.5505735140771637,3,CAMK,PKD,PKD,PRKD3
PDHK,0.16499999999999998,73,KRSA,0.08759124087591241,1,ATYPICAL,PDHK,BCKDK,BCKDK
PDHK,0.16499999999999998,73,KRSA,0.08759124087591241,1,ATYPICAL,PDHK,PDHK,PDK2
PDHK,0.16499999999999998,73,KRSA,0.08759124087591241,1,ATYPICAL,PDHK,PDHK,PDK3
PDHK,0.16499999999999998,73,KRSA,0.08759124087591241,1,ATYPICAL,PDHK,PDHK,PDK4
AUR,-0.02333333333333338,79,KRSA,0.01251303441084463,1,OTHER,AUR,AUR,AURKA
AUR,-0.02333333333333338,79,KRSA,0.01251303441084463,1,OTHER,AUR,AUR,AURKB
AUR,-0.02333333333333338,79,KRSA,0.01251303441084463,1,OTHER,AUR,AUR,AURKC
PKCH,-0.6566666666666666,54,KRSA,0.32533889468196037,2,AGC,PKC,ETA,PRKCE
PKCH,-0.6566666666666666,54,KRSA,0.32533889468196037,2,AGC,PKC,ETA,PRKCH
BARK2,0.5499999999999999,60,KRSA,0.2502606882168926,2,AGC,GRK,BARK,GRK3
CK2,-0.16249999999999998,74,KRSA,0.07507820646506778,1,CMGC,CK2,CK2,CSNK2A1
CK2,-0.16249999999999998,74,KRSA,0.07507820646506778,1,CMGC,CK2,CK2,CSNK2A2
CK2,-0.16249999999999998,74,KRSA,0.07507820646506778,1,NA,NA,NA,CSNK2A3
AKT,0.22333333333333336,68,KRSA,0.15015641293013557,1,AGC,AKT,AKT,AKT1
AKT,0.22333333333333336,68,KRSA,0.15015641293013557,1,AGC,AKT,AKT,AKT2
AKT,0.22333333333333336,68,KRSA,0.15015641293013557,1,AGC,AKT,AKT,AKT3
MAPKAPK,-0.00500000000000001,80,KRSA,0,1,CAMK,MAPKAPK,MAPKAPK,MAPKAPK2
MAPKAPK,-0.00500000000000001,80,KRSA,0,1,CAMK,MAPKAPK,MAPKAPK,MAPKAPK3
MAPKAPK,-0.00500000000000001,80,KRSA,0,1,CAMK,MAPKAPK,MAPKAPK,MAPKAPK5
MAPKAPK,-0.00500000000000001,80,KRSA,0,1,CAMK,MAPKAPK,MNK,MKNK1
MAPKAPK,-0.00500000000000001,80,KRSA,0,1,CAMK,MAPKAPK,MNK,MKNK2
DMPK,0.09583333333333326,77,KRSA,0.03753910323253389,1,AGC,DMPK,GEK,CDC42BPA
DMPK,0.09583333333333326,77,KRSA,0.03753910323253389,1,AGC,DMPK,GEK,CDC42BPB
DMPK,0.09583333333333326,77,KRSA,0.03753910323253389,1,AGC,DMPK,GEK,CDC42BPG
DMPK,0.09583333333333326,77,KRSA,0.03753910323253389,1,AGC,DMPK,CRIK,CIT
DMPK,0.09583333333333326,77,KRSA,0.03753910323253389,1,AGC,DMPK,GEK,DMPK
DMPK,0.09583333333333326,77,KRSA,0.03753910323253389,1,AGC,DMPK,ROCK,ROCK1
DMPK,0.09583333333333326,77,KRSA,0.03753910323253389,1,AGC,DMPK,ROCK,ROCK2
IKK,-0.2791666666666666,67,KRSA,0.16266944734098018,1,OTHER,IKK,IKK,CHUK
IKK,-0.2791666666666666,67,KRSA,0.16266944734098018,1,OTHER,IKK,IKK,IKBKB
IKK,-0.2791666666666666,67,KRSA,0.16266944734098018,1,OTHER,IKK,IKK,IKBKE
IKK,-0.2791666666666666,67,KRSA,0.16266944734098018,1,OTHER,IKK,IKK,TBK1
SGK,-0.2016666666666667,69,KRSA,0.13764337851929093,1,AGC,SGK,SGK,SGK1
SGK,-0.2016666666666667,69,KRSA,0.13764337851929093,1,AGC,SGK,SGK,SGK2
SGK,-0.2016666666666667,69,KRSA,0.13764337851929093,1,AGC,SGK,SGK,SGK3
CAMK2,0.20083333333333336,70,KRSA,0.1251303441084463,1,CAMK,CAMK2,CAMK2,CAMK2A
CAMK2,0.20083333333333336,70,KRSA,0.1251303441084463,1,CAMK,CAMK2,CAMK2,CAMK2B
CAMK2,0.20083333333333336,70,KRSA,0.1251303441084463,1,CAMK,CAMK2,CAMK2,CAMK2D
CAMK2,0.20083333333333336,70,KRSA,0.1251303441084463,1,CAMK,CAMK2,CAMK2,CAMK2G
PAKB,-0.4541666666666667,62,KRSA,0.22523461939520334,1,STE,STE20,PAKB,PAK4
PAKB,-0.4541666666666667,62,KRSA,0.22523461939520334,1,STE,STE20,PAKB,PAK5
PAKB,-0.4541666666666667,62,KRSA,0.22523461939520334,1,STE,STE20,PAKB,PAK6
HAL,0.8183333333333334,40,KRSA,0.5005213764337852,3,RGC,RGC,RGC,NPR1
IRAK,-0.5583333333333333,59,KRSA,0.26277372262773724,2,TKL,IRAK,IRAK,IRAK1
IRAK,-0.5583333333333333,59,KRSA,0.26277372262773724,2,TKL,IRAK,IRAK,IRAK2
IRAK,-0.5583333333333333,59,KRSA,0.26277372262773724,2,TKL,IRAK,IRAK,IRAK3
IRAK,-0.5583333333333333,59,KRSA,0.26277372262773724,2,TKL,IRAK,IRAK,IRAK4
STKR,-0.6591666666666667,53,KRSA,0.337851929092805,2,TKL,STKR,TYPE1,ACVR1
STKR,-0.6591666666666667,53,KRSA,0.337851929092805,2,TKL,STKR,TYPE1,ACVR1B
STKR,-0.6591666666666667,53,KRSA,0.337851929092805,2,TKL,STKR,TYPE1,ACVR1C
STKR,-0.6591666666666667,53,KRSA,0.337851929092805,2,TKL,STKR,TYPE2,ACVR2A
STKR,-0.6591666666666667,53,KRSA,0.337851929092805,2,TKL,STKR,TYPE2,ACVR2B
STKR,-0.6591666666666667,53,KRSA,0.337851929092805,2,TKL,STKR,TYPE1,ACVRL1
STKR,-0.6591666666666667,53,KRSA,0.337851929092805,2,TKL,STKR,TYPE2,AMHR2
STKR,-0.6591666666666667,53,KRSA,0.337851929092805,2,TKL,STKR,TYPE1,BMPR1A
STKR,-0.6591666666666667,53,KRSA,0.337851929092805,2,TKL,STKR,TYPE1,BMPR1B
STKR,-0.6591666666666667,53,KRSA,0.337851929092805,2,TKL,STKR,TYPE2,BMPR2
STKR,-0.6591666666666667,53,KRSA,0.337851929092805,2,TKL,STKR,TYPE1,TGFBR1
STKR,-0.6591666666666667,53,KRSA,0.337851929092805,2,TKL,STKR,TYPE2,TGFBR2
MLK,-0.18,71,KRSA,0.11261730969760167,1,TKL,MLK,ILK,ILK
MLK,-0.18,71,KRSA,0.11261730969760167,1,TKL,MLK,MLK,MAP3K10
MLK,-0.18,71,KRSA,0.11261730969760167,1,TKL,MLK,MLK,MAP3K11
MLK,-0.18,71,KRSA,0.11261730969760167,1,TKL,MLK,LZK,MAP3K12
MLK,-0.18,71,KRSA,0.11261730969760167,1,TKL,MLK,LZK,MAP3K13
MLK,-0.18,71,KRSA,0.11261730969760167,1,TKL,MLK,MLK,MAP3K9
MLK,-0.18,71,KRSA,0.11261730969760167,1,TKL,MLK,HH498,TNNI3K
PKA,3.75,6,KRSA,0.9259645464025026,4,AGC,PKA,PKA,PRKACA
PKA,3.75,6,KRSA,0.9259645464025026,4,AGC,PKA,PKA,PRKACB
PKA,3.75,6,KRSA,0.9259645464025026,4,AGC,PKA,PKA,PRKACG
PKA,3.75,6,KRSA,0.9259645464025026,4,AGC,PKA,PKA,PRKX
PKA,3.75,6,KRSA,0.9259645464025026,4,AGC,PKA,PKA,PRKY
ERK,-4.145,4,KRSA,0.9509906152241918,4,CMGC,MAPK,ERK1,MAPK1
ERK,-4.145,4,KRSA,0.9509906152241918,4,CMGC,MAPK,ERK7,MAPK15
ERK,-4.145,4,KRSA,0.9509906152241918,4,CMGC,MAPK,ERK1,MAPK3
ERK,-4.145,4,KRSA,0.9509906152241918,4,CMGC,MAPK,ERK3,MAPK4
ERK,-4.145,4,KRSA,0.9509906152241918,4,CMGC,MAPK,ERK3,MAPK6
ERK,-4.145,4,KRSA,0.9509906152241918,4,CMGC,MAPK,ERK5,MAPK7
JNK,-4.1725,3,KRSA,0.9635036496350365,4,CMGC,MAPK,JNK,MAPK10
JNK,-4.1725,3,KRSA,0.9635036496350365,4,CMGC,MAPK,JNK,MAPK8
JNK,-4.1725,3,KRSA,0.9635036496350365,4,CMGC,MAPK,JNK,MAPK9
DYRK,-4.3341666666666665,1,KRSA,0.9885297184567258,4,CMGC,DYRK,DYRK1,DYRK1A
DYRK,-4.3341666666666665,1,KRSA,0.9885297184567258,4,CMGC,DYRK,DYRK1,DYRK1B
DYRK,-4.3341666666666665,1,KRSA,0.9885297184567258,4,CMGC,DYRK,DYRK2,DYRK2
DYRK,-4.3341666666666665,1,KRSA,0.9885297184567258,4,CMGC,DYRK,DYRK2,DYRK3
DYRK,-4.3341666666666665,1,KRSA,0.9885297184567258,4,CMGC,DYRK,DYRK2,DYRK4
DYRK,-4.3341666666666665,1,KRSA,0.9885297184567258,4,CMGC,DYRK,HIPK,HIPK1
DYRK,-4.3341666666666665,1,KRSA,0.9885297184567258,4,CMGC,DYRK,HIPK,HIPK2
DYRK,-4.3341666666666665,1,KRSA,0.9885297184567258,4,CMGC,DYRK,HIPK,HIPK3
DYRK,-4.3341666666666665,1,KRSA,0.9885297184567258,4,CMGC,DYRK,HIPK,HIPK4
DYRK,-4.3341666666666665,1,KRSA,0.9885297184567258,4,CMGC,DYRK,PRP4,PRPF4B
PKG,3.2458333333333336,8,KRSA,0.9009384775808134,4,AGC,PKG,PKG,PRKG1
PKG,3.2458333333333336,8,KRSA,0.9009384775808134,4,AGC,PKG,PKG,PRKG2
PDK1,-4.216666666666667,2,KRSA,0.9760166840458812,4,ATYPICAL,PDHK,PDHK,PDK1
PDK1,-4.216666666666667,2,KRSA,0.9760166840458812,4,AGC,PDK1,PDK1,PDPK1
CDK,-3.82,5,KRSA,0.9384775808133472,4,CMGC,CDK,CDC2,CDK1
CDK,-3.82,5,KRSA,0.9384775808133472,4,CMGC,CDK,CDK10,CDK10
CDK,-3.82,5,KRSA,0.9384775808133472,4,CMGC,CDK,CRK7,CDK12
CDK,-3.82,5,KRSA,0.9384775808133472,4,CMGC,CDK,CRK7,CDK13
CDK,-3.82,5,KRSA,0.9384775808133472,4,CMGC,CDK,PFTAIRE,CDK14
CDK,-3.82,5,KRSA,0.9384775808133472,4,CMGC,CDK,PFTAIRE,CDK15
CDK,-3.82,5,KRSA,0.9384775808133472,4,CMGC,CDK,PCTAIRE,CDK16
CDK,-3.82,5,KRSA,0.9384775808133472,4,CMGC,CDK,PCTAIRE,CDK17
CDK,-3.82,5,KRSA,0.9384775808133472,4,CMGC,CDK,PCTAIRE,CDK18
CDK,-3.82,5,KRSA,0.9384775808133472,4,CMGC,CDK,CDK8,CDK19
CDK,-3.82,5,KRSA,0.9384775808133472,4,CMGC,CDK,CDC2,CDK2
CDK,-3.82,5,KRSA,0.9384775808133472,4,CMGC,CDK,CCRK,CDK20
CDK,-3.82,5,KRSA,0.9384775808133472,4,CMGC,CDK,CDC2,CDK3
CDK,-3.82,5,KRSA,0.9384775808133472,4,CMGC,CDK,CDK4,CDK4
CDK,-3.82,5,KRSA,0.9384775808133472,4,CMGC,CDK,CDK5,CDK5
CDK,-3.82,5,KRSA,0.9384775808133472,4,CMGC,CDK,CDK4,CDK6
CDK,-3.82,5,KRSA,0.9384775808133472,4,CMGC,CDK,CDK7,CDK7
CDK,-3.82,5,KRSA,0.9384775808133472,4,CMGC,CDK,CDK8,CDK8
CDK,-3.82,5,KRSA,0.9384775808133472,4,CMGC,CDK,CDK9,CDK9
CDK,-3.82,5,KRSA,0.9384775808133472,4,NA,NA,NA,CDK11A
CDK,-3.82,5,KRSA,0.9384775808133472,4,NA,NA,NA,CDK11B
P38,-3.2616666666666667,7,KRSA,0.913451511991658,4,CMGC,MAPK,P38,MAPK11
P38,-3.2616666666666667,7,KRSA,0.913451511991658,4,CMGC,MAPK,P38,MAPK12
P38,-3.2616666666666667,7,KRSA,0.913451511991658,4,CMGC,MAPK,P38,MAPK13
P38,-3.2616666666666667,7,KRSA,0.913451511991658,4,CMGC,MAPK,P38,MAPK14
PAKA,1.44,22,KRSA,0.7257559958289885,3,STE,STE20,PAKA,PAK1
PAKA,1.44,22,KRSA,0.7257559958289885,3,STE,STE20,PAKA,PAK2
PAKA,1.44,22,KRSA,0.7257559958289885,3,STE,STE20,PAKA,PAK3
RSK,1.2241666666666666,27,KRSA,0.6631908237747653,3,AGC,RSK,RSK,RPS6KA1
RSK,1.2241666666666666,27,KRSA,0.6631908237747653,3,AGC,RSK,RSK,RPS6KA2
RSK,1.2241666666666666,27,KRSA,0.6631908237747653,3,AGC,RSK,RSK,RPS6KA3
RSK,1.2241666666666666,27,KRSA,0.6631908237747653,3,AGC,RSK,MSK,RPS6KA4
RSK,1.2241666666666666,27,KRSA,0.6631908237747653,3,AGC,RSK,MSK,RPS6KA5
RSK,1.2241666666666666,27,KRSA,0.6631908237747653,3,AGC,RSK,RSK,RPS6KA6
RSK,1.2241666666666666,27,KRSA,0.6631908237747653,3,AGC,RSK,P70,RPS6KB1
RSK,1.2241666666666666,27,KRSA,0.6631908237747653,3,AGC,RSK,P70,RPS6KB2
CAMK1,1.7733333333333332,17,KRSA,0.7883211678832117,4,CAMK,CAMK1,CAMK1,CAMK1
CAMK1,1.7733333333333332,17,KRSA,0.7883211678832117,4,CAMK,CAMK1,CAMK1,CAMK1D
CAMK1,1.7733333333333332,17,KRSA,0.7883211678832117,4,CAMK,CAMK1,CAMK1,CAMK1G
CAMK1,1.7733333333333332,17,KRSA,0.7883211678832117,4,CAMK,CAMK1,CAMK1,CAMK4
CAMK1,1.7733333333333332,17,KRSA,0.7883211678832117,4,CAMK,CAMK1,CAMK1,PNCK
PEK,-2.9908333333333332,9,KRSA,0.8884254431699687,4,OTHER,PEK,HRI,EIF2AK1
PEK,-2.9908333333333332,9,KRSA,0.8884254431699687,4,OTHER,PEK,PKR,EIF2AK2
PEK,-2.9908333333333332,9,KRSA,0.8884254431699687,4,OTHER,PEK,PEK,EIF2AK3
PEK,-2.9908333333333332,9,KRSA,0.8884254431699687,4,OTHER,PEK,GCN2,EIF2AK4
NMO,-2.235,13,KRSA,0.8383733055265902,4,CMGC,MAPK,NMO,NLK
PLK,-2.6575,10,KRSA,0.8759124087591241,4,NA,NA,NA,PLK5
PLK,-2.6575,10,KRSA,0.8759124087591241,4,OTHER,PLK,PLK1,PLK1
PLK,-2.6575,10,KRSA,0.8759124087591241,4,OTHER,PLK,PLK2,PLK2
PLK,-2.6575,10,KRSA,0.8759124087591241,4,OTHER,PLK,PLK2,PLK3
PLK,-2.6575,10,KRSA,0.8759124087591241,4,OTHER,PLK,SAK,PLK4
RAF,-2.2733333333333334,12,KRSA,0.8508863399374348,4,TKL,RAF,RAF,ARAF
RAF,-2.2733333333333334,12,KRSA,0.8508863399374348,4,TKL,RAF,RAF,BRAF
RAF,-2.2733333333333334,12,KRSA,0.8508863399374348,4,TKL,RAF,KSR,KSR1
RAF,-2.2733333333333334,12,KRSA,0.8508863399374348,4,TKL,RAF,KSR,KSR2
RAF,-2.2733333333333334,12,KRSA,0.8508863399374348,4,TKL,RAF,RAF,RAF1
PKD,0.85,36,KRSA,0.5505735140771637,3,CAMK,PKD,PKD,PRKD1
PKD,0.85,36,KRSA,0.5505735140771637,3,CAMK,PKD,PKD,PRKD2
PKD,0.85,36,KRSA,0.5505735140771637,3,CAMK,PKD,PKD,PRKD3
STE7,-2.001666666666667,14,KRSA,0.8258602711157456,4,STE,STE7,MEK1,MAP2K1
STE7,-2.001666666666667,14,KRSA,0.8258602711157456,4,STE,STE7,MEK1,MAP2K2
STE7,-2.001666666666667,14,KRSA,0.8258602711157456,4,STE,STE7,MEK3,MAP2K3
STE7,-2.001666666666667,14,KRSA,0.8258602711157456,4,STE,STE7,MEK4,MAP2K4
STE7,-2.001666666666667,14,KRSA,0.8258602711157456,4,STE,STE7,MEK5,MAP2K5
STE7,-2.001666666666667,14,KRSA,0.8258602711157456,4,STE,STE7,MEK3,MAP2K6
STE7,-2.001666666666667,14,KRSA,0.8258602711157456,4,STE,STE7,MEK7,MAP2K7
RAD53,0.6833333333333333,52,KRSA,0.35036496350364965,2,CAMK,RAD53,RAD53,CHEK2
MTOR,-1.9066666666666667,15,KRSA,0.8133472367049009,4,ATYPICAL,PIKK,FRAP,MTOR
AMPK,0.47,61,KRSA,0.23774765380604795,1,CAMK,CAMKL,AMPK,PRKAA1
AMPK,0.47,61,KRSA,0.23774765380604795,1,CAMK,CAMKL,AMPK,PRKAA2
PIM,0.6166666666666667,56,KRSA,0.30031282586027114,2,CAMK,PIM,PIM,PIM1
PIM,0.6166666666666667,56,KRSA,0.30031282586027114,2,CAMK,PIM,PIM,PIM2
PIM,0.6166666666666667,56,KRSA,0.30031282586027114,2,CAMK,PIM,PIM,PIM3
FRAY,-1.850833333333333,16,KRSA,0.8008342022940563,4,STE,STE20,FRAY,OXSR1
FRAY,-1.850833333333333,16,KRSA,0.8008342022940563,4,STE,STE20,FRAY,STK39
RIPK,1.596666666666667,20,KRSA,0.7507820646506778,4,TKL,RIPK,RIPK,ANKK1
RIPK,1.596666666666667,20,KRSA,0.7507820646506778,4,TKL,RIPK,RIPK,RIPK1
RIPK,1.596666666666667,20,KRSA,0.7507820646506778,4,TKL,RIPK,RIPK,RIPK2
RIPK,1.596666666666667,20,KRSA,0.7507820646506778,4,TKL,RIPK,RIPK,RIPK3
RIPK,1.596666666666667,20,KRSA,0.7507820646506778,4,TKL,RIPK,RIPK,RIPK4
PKCD,1.2466666666666666,26,KRSA,0.67570385818561,3,AGC,PKC,DELTA,PRKCD
PKCD,1.2466666666666666,26,KRSA,0.67570385818561,3,AGC,PKC,DELTA,PRKCQ
VRK1,-1.3816666666666666,24,KRSA,0.7007299270072993,3,CK1,VRK,VRK,VRK1
PKCI,0.8816666666666666,34,KRSA,0.5755995828988529,3,AGC,PKC,IOTA,PRKCI
PKCI,0.8816666666666666,34,KRSA,0.5755995828988529,3,AGC,PKC,IOTA,PRKCZ
GSK,-1.600833333333333,19,KRSA,0.7632950990615224,4,CMGC,GSK,GSK,GSK3A
GSK,-1.600833333333333,19,KRSA,0.7632950990615224,4,CMGC,GSK,GSK,GSK3B
MLCK,-0.7608333333333334,44,KRSA,0.4504692387904067,2,CAMK,MLCK,MLCK,MYLK
MLCK,-0.7608333333333334,44,KRSA,0.4504692387904067,2,CAMK,MLCK,MLCK,MYLK2
MLCK,-0.7608333333333334,44,KRSA,0.4504692387904067,2,CAMK,MLCK,MLCK,TTN
MELK,-0.8466666666666667,38,KRSA,0.5255474452554745,3,CAMK,CAMKL,MELK,MELK
MST,-2.3975,11,KRSA,0.8633993743482794,4,STE,STE20,MST,STK3
MST,-2.3975,11,KRSA,0.8633993743482794,4,STE,STE20,MST,STK4
CK1,-1.7291666666666667,18,KRSA,0.7758081334723671,4,CK1,CK1,CK1-A,CSNK1A1
CK1,-1.7291666666666667,18,KRSA,0.7758081334723671,4,CK1,CK1,CK1-A,CSNK1A1L
CK1,-1.7291666666666667,18,KRSA,0.7758081334723671,4,CK1,CK1,CK1-D,CSNK1D
CK1,-1.7291666666666667,18,KRSA,0.7758081334723671,4,CK1,CK1,CK1-D,CSNK1E
CK1,-1.7291666666666667,18,KRSA,0.7758081334723671,4,CK1,CK1,CK1-G,CSNK1G1
CK1,-1.7291666666666667,18,KRSA,0.7758081334723671,4,CK1,CK1,CK1-G,CSNK1G2
CK1,-1.7291666666666667,18,KRSA,0.7758081334723671,4,CK1,CK1,CK1-G,CSNK1G3
CK1,-1.7291666666666667,18,KRSA,0.7758081334723671,4,CK1,TTBK,TTBK,TTBK1
CK1,-1.7291666666666667,18,KRSA,0.7758081334723671,4,CK1,TTBK,TTBK,TTBK2
CK1,-1.7291666666666667,18,KRSA,0.7758081334723671,4,CK1,VRK,VRK,VRK3
DMPK,0.09583333333333326,77,KRSA,0.03753910323253389,1,AGC,DMPK,GEK,CDC42BPA
DMPK,0.09583333333333326,77,KRSA,0.03753910323253389,1,AGC,DMPK,GEK,CDC42BPB
DMPK,0.09583333333333326,77,KRSA,0.03753910323253389,1,AGC,DMPK,GEK,CDC42BPG
DMPK,0.09583333333333326,77,KRSA,0.03753910323253389,1,AGC,DMPK,CRIK,CIT
DMPK,0.09583333333333326,77,KRSA,0.03753910323253389,1,AGC,DMPK,GEK,DMPK
DMPK,0.09583333333333326,77,KRSA,0.03753910323253389,1,AGC,DMPK,ROCK,ROCK1
DMPK,0.09583333333333326,77,KRSA,0.03753910323253389,1,AGC,DMPK,ROCK,ROCK2
ATR,-1.0508333333333333,31,KRSA,0.6131386861313869,3,ATYPICAL,PIKK,ATR,ATR
MSN,-0.3675,66,KRSA,0.17518248175182483,1,STE,STE20,MSN,MAP4K4
MSN,-0.3675,66,KRSA,0.17518248175182483,1,STE,STE20,MSN,NRK
MSN,-0.3675,66,KRSA,0.17518248175182483,1,STE,STE20,MSN,TNIK
PASK,1.0216666666666667,33,KRSA,0.5881126173096975,3,CAMK,CAMKL,PASK,PASK
KHS,0.11833333333333336,76,KRSA,0.05005213764337852,1,STE,STE20,KHS,MAP4K1
KHS,0.11833333333333336,76,KRSA,0.05005213764337852,1,STE,STE20,KHS,MAP4K2
KHS,0.11833333333333336,76,KRSA,0.05005213764337852,1,STE,STE20,KHS,MAP4K3
KHS,0.11833333333333336,76,KRSA,0.05005213764337852,1,STE,STE20,KHS,MAP4K5
PRKDC,-0.8483333333333333,37,KRSA,0.5380604796663191,3,ATYPICAL,PIKK,DNAPK,PRKDC
QIK,-1.5333333333333334,21,KRSA,0.7382690302398331,3,CAMK,CAMKL,QIK,SIK1
QIK,-1.5333333333333334,21,KRSA,0.7382690302398331,3,CAMK,CAMKL,QIK,SIK2
PDHK,0.16499999999999998,73,KRSA,0.08759124087591241,1,ATYPICAL,PDHK,BCKDK,BCKDK
PDHK,0.16499999999999998,73,KRSA,0.08759124087591241,1,ATYPICAL,PDHK,PDHK,PDK2
PDHK,0.16499999999999998,73,KRSA,0.08759124087591241,1,ATYPICAL,PDHK,PDHK,PDK3
PDHK,0.16499999999999998,73,KRSA,0.08759124087591241,1,ATYPICAL,PDHK,PDHK,PDK4
LKB,-1.2583333333333333,25,KRSA,0.6882168925964547,3,CAMK,CAMKL,LKB,STK11
AKT,0.22333333333333336,68,KRSA,0.15015641293013557,1,AGC,AKT,AKT,AKT1
AKT,0.22333333333333336,68,KRSA,0.15015641293013557,1,AGC,AKT,AKT,AKT2
AKT,0.22333333333333336,68,KRSA,0.15015641293013557,1,AGC,AKT,AKT,AKT3
TTK,-1.06,30,KRSA,0.6256517205422315,3,OTHER,TTK,TTK,TTK
CHK1,-0.37,65,KRSA,0.18769551616266944,1,CAMK,CAMKL,CHK1,CHEK1
TLK,-1.0616666666666668,29,KRSA,0.6381647549530761,3,OTHER,TLK,TLK,TLK1
TLK,-1.0616666666666668,29,KRSA,0.6381647549530761,3,OTHER,TLK,TLK,TLK2
PKN,-0.8133333333333334,41,KRSA,0.4880083420229406,2,AGC,PKN,PKN,PKN1
PKN,-0.8133333333333334,41,KRSA,0.4880083420229406,2,AGC,PKN,PKN,PKN2
PKN,-0.8133333333333334,41,KRSA,0.4880083420229406,2,AGC,PKN,PKN,PKN3
NAK,-0.8308333333333333,39,KRSA,0.5130344108446299,3,OTHER,NAK,BIKE,AAK1
NAK,-0.8308333333333333,39,KRSA,0.5130344108446299,3,OTHER,NAK,BIKE,BMP2K
NAK,-0.8308333333333333,39,KRSA,0.5130344108446299,3,OTHER,NAK,GAK,GAK
NAK,-0.8308333333333333,39,KRSA,0.5130344108446299,3,OTHER,NAK,MPSK,STK16
NUAK,-1.0491666666666666,32,KRSA,0.6006256517205423,3,CAMK,CAMKL,NUAK,NUAK1
NUAK,-1.0491666666666666,32,KRSA,0.6006256517205423,3,CAMK,CAMKL,NUAK,NUAK2
MAPKAPK,-0.00500000000000001,80,KRSA,0,1,CAMK,MAPKAPK,MAPKAPK,MAPKAPK2
MAPKAPK,-0.00500000000000001,80,KRSA,0,1,CAMK,MAPKAPK,MAPKAPK,MAPKAPK3
MAPKAPK,-0.00500000000000001,80,KRSA,0,1,CAMK,MAPKAPK,MAPKAPK,MAPKAPK5
MAPKAPK,-0.00500000000000001,80,KRSA,0,1,CAMK,MAPKAPK,MNK,MKNK1
MAPKAPK,-0.00500000000000001,80,KRSA,0,1,CAMK,MAPKAPK,MNK,MKNK2
STE11,-1.1091666666666666,28,KRSA,0.6506777893639207,3,TKL,MLK,TAK1,MAP3K7
STE11,-1.1091666666666666,28,KRSA,0.6506777893639207,3,STE,STE11,MEKK1,MAP3K1
STE11,-1.1091666666666666,28,KRSA,0.6506777893639207,3,STE,STE11,ASK,MAP3K15
STE11,-1.1091666666666666,28,KRSA,0.6506777893639207,3,STE,STE11,MEKK2,MAP3K2
STE11,-1.1091666666666666,28,KRSA,0.6506777893639207,3,STE,STE11,MEKK2,MAP3K3
STE11,-1.1091666666666666,28,KRSA,0.6506777893639207,3,STE,STE11,MEKK4,MAP3K4
STE11,-1.1091666666666666,28,KRSA,0.6506777893639207,3,STE,STE11,ASK,MAP3K5
STE11,-1.1091666666666666,28,KRSA,0.6506777893639207,3,STE,STE11,ASK,MAP3K6
CAMK2,0.20083333333333336,70,KRSA,0.1251303441084463,1,CAMK,CAMK2,CAMK2,CAMK2A
CAMK2,0.20083333333333336,70,KRSA,0.1251303441084463,1,CAMK,CAMK2,CAMK2,CAMK2B
CAMK2,0.20083333333333336,70,KRSA,0.1251303441084463,1,CAMK,CAMK2,CAMK2,CAMK2D
CAMK2,0.20083333333333336,70,KRSA,0.1251303441084463,1,CAMK,CAMK2,CAMK2,CAMK2G
ULK,-0.7416666666666667,47,KRSA,0.4129301355578728,2,OTHER,ULK,FUSED,STK36
ULK,-0.7416666666666667,47,KRSA,0.4129301355578728,2,OTHER,ULK,ULK,ULK1
ULK,-0.7416666666666667,47,KRSA,0.4129301355578728,2,OTHER,ULK,ULK,ULK2
ULK,-0.7416666666666667,47,KRSA,0.4129301355578728,2,OTHER,ULK,ULK,ULK3
ULK,-0.7416666666666667,47,KRSA,0.4129301355578728,2,OTHER,ULK,ULK,ULK4
NIK,-0.74,48,KRSA,0.40041710114702816,2,STE,STE-UNIQUE,STE-UNIQUE,MAP3K14
MOS,-0.7525,45,KRSA,0.43795620437956206,2,OTHER,MOS,MOS,MOS
SLK,0.6541666666666667,55,KRSA,0.31282586027111575,2,STE,STE20,SLK,SLK
SLK,0.6541666666666667,55,KRSA,0.31282586027111575,2,STE,STE20,SLK,STK10
WNK,-0.75,46,KRSA,0.4254431699687174,2,OTHER,WNK,WNK,WNK1
WNK,-0.75,46,KRSA,0.4254431699687174,2,OTHER,WNK,WNK,WNK2
WNK,-0.75,46,KRSA,0.4254431699687174,2,OTHER,WNK,WNK,WNK3
WNK,-0.75,46,KRSA,0.4254431699687174,2,OTHER,WNK,WNK,WNK4
BUD32,-0.735,50,KRSA,0.3753910323253389,2,OTHER,BUD32,BUD32,TP53RK
BRSK,-0.06416666666666665,78,KRSA,0.02502606882168926,1,CAMK,CAMKL,BRSK,BRSK1
BRSK,-0.06416666666666665,78,KRSA,0.02502606882168926,1,CAMK,CAMKL,BRSK,BRSK2
PKCA,-1.413333333333333,23,KRSA,0.7132429614181439,3,AGC,PKC,ALPHA,PRKCA
PKCA,-1.413333333333333,23,KRSA,0.7132429614181439,3,AGC,PKC,ALPHA,PRKCB
PKCA,-1.413333333333333,23,KRSA,0.7132429614181439,3,AGC,PKC,ALPHA,PRKCG
TAO,-0.5683333333333334,58,KRSA,0.27528675703858185,2,STE,STE20,TAO,TAOK1
TAO,-0.5683333333333334,58,KRSA,0.27528675703858185,2,STE,STE20,TAO,TAOK2
TAO,-0.5683333333333334,58,KRSA,0.27528675703858185,2,STE,STE20,TAO,TAOK3
CLK,-0.7333333333333334,51,KRSA,0.36287799791449427,2,CMGC,CLK,CLK,CLK1
CLK,-0.7333333333333334,51,KRSA,0.36287799791449427,2,CMGC,CLK,CLK,CLK2
CLK,-0.7333333333333334,51,KRSA,0.36287799791449427,2,CMGC,CLK,CLK,CLK3
CLK,-0.7333333333333334,51,KRSA,0.36287799791449427,2,CMGC,CLK,CLK,CLK4
CAMKK,-0.7358333333333333,49,KRSA,0.38790406673618355,2,OTHER,CAMKK,META,CAMKK1
CAMKK,-0.7358333333333333,49,KRSA,0.38790406673618355,2,OTHER,CAMKK,META,CAMKK2
IKK,-0.2791666666666666,67,KRSA,0.16266944734098018,1,OTHER,IKK,IKK,CHUK
IKK,-0.2791666666666666,67,KRSA,0.16266944734098018,1,OTHER,IKK,IKK,IKBKB
IKK,-0.2791666666666666,67,KRSA,0.16266944734098018,1,OTHER,IKK,IKK,IKBKE
IKK,-0.2791666666666666,67,KRSA,0.16266944734098018,1,OTHER,IKK,IKK,TBK1
GRK,-0.17250000000000004,72,KRSA,0.10010427528675704,1,AGC,GRK,GRK,GRK1
GRK,-0.17250000000000004,72,KRSA,0.10010427528675704,1,AGC,GRK,GRK,GRK4
GRK,-0.17250000000000004,72,KRSA,0.10010427528675704,1,AGC,GRK,GRK,GRK5
GRK,-0.17250000000000004,72,KRSA,0.10010427528675704,1,AGC,GRK,GRK,GRK6
GRK,-0.17250000000000004,72,KRSA,0.10010427528675704,1,AGC,GRK,GRK,GRK7
MLK,-0.18,71,KRSA,0.11261730969760167,1,TKL,MLK,ILK,ILK
MLK,-0.18,71,KRSA,0.11261730969760167,1,TKL,MLK,MLK,MAP3K10
MLK,-0.18,71,KRSA,0.11261730969760167,1,TKL,MLK,MLK,MAP3K11
MLK,-0.18,71,KRSA,0.11261730969760167,1,TKL,MLK,LZK,MAP3K12
MLK,-0.18,71,KRSA,0.11261730969760167,1,TKL,MLK,LZK,MAP3K13
MLK,-0.18,71,KRSA,0.11261730969760167,1,TKL,MLK,MLK,MAP3K9
MLK,-0.18,71,KRSA,0.11261730969760167,1,TKL,MLK,HH498,TNNI3K
PAKB,-0.4541666666666667,62,KRSA,0.22523461939520334,1,STE,STE20,PAKB,PAK4
PAKB,-0.4541666666666667,62,KRSA,0.22523461939520334,1,STE,STE20,PAKB,PAK5
PAKB,-0.4541666666666667,62,KRSA,0.22523461939520334,1,STE,STE20,PAKB,PAK6
HAL,0.8183333333333334,40,KRSA,0.5005213764337852,3,RGC,RGC,RGC,NPR1
DAPK,-0.44333333333333336,63,KRSA,0.2127215849843587,1,CAMK,DAPK,DAPK,DAPK1
DAPK,-0.44333333333333336,63,KRSA,0.2127215849843587,1,CAMK,DAPK,DAPK,DAPK2
DAPK,-0.44333333333333336,63,KRSA,0.2127215849843587,1,CAMK,DAPK,DAPK,DAPK3
DAPK,-0.44333333333333336,63,KRSA,0.2127215849843587,1,CAMK,DAPK,DRAK,STK17A
DAPK,-0.44333333333333336,63,KRSA,0.2127215849843587,1,CAMK,DAPK,DRAK,STK17B
NDR,0.79,42,KRSA,0.4754953076120959,2,AGC,NDR,NDR,LATS1
NDR,0.79,42,KRSA,0.4754953076120959,2,AGC,NDR,NDR,LATS2
NDR,0.79,42,KRSA,0.4754953076120959,2,AGC,NDR,NDR,STK38
NDR,0.79,42,KRSA,0.4754953076120959,2,AGC,NDR,NDR,STK38L
ATM,-0.6041666666666666,57,KRSA,0.28779979144942647,2,ATYPICAL,PIKK,ATM,ATM
COT,0.12083333333333336,75,KRSA,0.06256517205422316,1,STE,STE-UNIQUE,STE-UNIQUE,MAP3K8
PKCH,-0.6566666666666666,54,KRSA,0.32533889468196037,2,AGC,PKC,ETA,PRKCE
PKCH,-0.6566666666666666,54,KRSA,0.32533889468196037,2,AGC,PKC,ETA,PRKCH
STKR,-0.6591666666666667,53,KRSA,0.337851929092805,2,TKL,STKR,TYPE1,ACVR1
STKR,-0.6591666666666667,53,KRSA,0.337851929092805,2,TKL,STKR,TYPE1,ACVR1B
STKR,-0.6591666666666667,53,KRSA,0.337851929092805,2,TKL,STKR,TYPE1,ACVR1C
STKR,-0.6591666666666667,53,KRSA,0.337851929092805,2,TKL,STKR,TYPE2,ACVR2A
STKR,-0.6591666666666667,53,KRSA,0.337851929092805,2,TKL,STKR,TYPE2,ACVR2B
STKR,-0.6591666666666667,53,KRSA,0.337851929092805,2,TKL,STKR,TYPE1,ACVRL1
STKR,-0.6591666666666667,53,KRSA,0.337851929092805,2,TKL,STKR,TYPE2,AMHR2
STKR,-0.6591666666666667,53,KRSA,0.337851929092805,2,TKL,STKR,TYPE1,BMPR1A
STKR,-0.6591666666666667,53,KRSA,0.337851929092805,2,TKL,STKR,TYPE1,BMPR1B
STKR,-0.6591666666666667,53,KRSA,0.337851929092805,2,TKL,STKR,TYPE2,BMPR2
STKR,-0.6591666666666667,53,KRSA,0.337851929092805,2,TKL,STKR,TYPE1,TGFBR1
STKR,-0.6591666666666667,53,KRSA,0.337851929092805,2,TKL,STKR,TYPE2,TGFBR2
CK2,-0.16249999999999998,74,KRSA,0.07507820646506778,1,CMGC,CK2,CK2,CSNK2A1
CK2,-0.16249999999999998,74,KRSA,0.07507820646506778,1,CMGC,CK2,CK2,CSNK2A2
CK2,-0.16249999999999998,74,KRSA,0.07507820646506778,1,NA,NA,NA,CSNK2A3
PHK,-0.865,35,KRSA,0.5630865484880083,3,CAMK,PHK,PHK,PHKG1
PHK,-0.865,35,KRSA,0.5630865484880083,3,CAMK,PHK,PHK,PHKG2
IRAK,-0.5583333333333333,59,KRSA,0.26277372262773724,2,TKL,IRAK,IRAK,IRAK1
IRAK,-0.5583333333333333,59,KRSA,0.26277372262773724,2,TKL,IRAK,IRAK,IRAK2
IRAK,-0.5583333333333333,59,KRSA,0.26277372262773724,2,TKL,IRAK,IRAK,IRAK3
IRAK,-0.5583333333333333,59,KRSA,0.26277372262773724,2,TKL,IRAK,IRAK,IRAK4
AUR,-0.02333333333333338,79,KRSA,0.01251303441084463,1,OTHER,AUR,AUR,AURKA
AUR,-0.02333333333333338,79,KRSA,0.01251303441084463,1,OTHER,AUR,AUR,AURKB
AUR,-0.02333333333333338,79,KRSA,0.01251303441084463,1,OTHER,AUR,AUR,AURKC
SGK,-0.2016666666666667,69,KRSA,0.13764337851929093,1,AGC,SGK,SGK,SGK1
SGK,-0.2016666666666667,69,KRSA,0.13764337851929093,1,AGC,SGK,SGK,SGK2
SGK,-0.2016666666666667,69,KRSA,0.13764337851929093,1,AGC,SGK,SGK,SGK3
BARK2,0.5499999999999999,60,KRSA,0.2502606882168926,2,AGC,GRK,BARK,GRK3
NEK,-0.4066666666666667,64,KRSA,0.20020855057351408,1,OTHER,NEK,NEK11,NEK11
NEK,-0.4066666666666667,64,KRSA,0.20020855057351408,1,OTHER,NEK,NEK2,NEK2
NEK,-0.4066666666666667,64,KRSA,0.20020855057351408,1,OTHER,NEK,NEK1,NEK3
NEK,-0.4066666666666667,64,KRSA,0.20020855057351408,1,OTHER,NEK,NEK4,NEK4
NEK,-0.4066666666666667,64,KRSA,0.20020855057351408,1,OTHER,NEK,NEK1,NEK5
NEK,-0.4066666666666667,64,KRSA,0.20020855057351408,1,OTHER,NEK,NEK6,NEK6
NEK,-0.4066666666666667,64,KRSA,0.20020855057351408,1,OTHER,NEK,NEK6,NEK7
NEK,-0.4066666666666667,64,KRSA,0.20020855057351408,1,OTHER,NEK,NEK8,NEK8
NEK,-0.4066666666666667,64,KRSA,0.20020855057351408,1,OTHER,NEK,NEK8,NEK9
PKA,3.75,6,KRSA,0.9259645464025026,4,AGC,PKA,PKA,PRKACA
PKA,3.75,6,KRSA,0.9259645464025026,4,AGC,PKA,PKA,PRKACB
PKA,3.75,6,KRSA,0.9259645464025026,4,AGC,PKA,PKA,PRKACG
PKA,3.75,6,KRSA,0.9259645464025026,4,AGC,PKA,PKA,PRKX
PKA,3.75,6,KRSA,0.9259645464025026,4,AGC,PKA,PKA,PRKY
PKG,3.2458333333333336,8,KRSA,0.9009384775808134,4,AGC,PKG,PKG,PRKG1
PKG,3.2458333333333336,8,KRSA,0.9009384775808134,4,AGC,PKG,PKG,PRKG2
DYRK,-4.3341666666666665,1,KRSA,0.9885297184567258,4,CMGC,DYRK,DYRK1,DYRK1A
DYRK,-4.3341666666666665,1,KRSA,0.9885297184567258,4,CMGC,DYRK,DYRK1,DYRK1B
DYRK,-4.3341666666666665,1,KRSA,0.9885297184567258,4,CMGC,DYRK,DYRK2,DYRK2
DYRK,-4.3341666666666665,1,KRSA,0.9885297184567258,4,CMGC,DYRK,DYRK2,DYRK3
DYRK,-4.3341666666666665,1,KRSA,0.9885297184567258,4,CMGC,DYRK,DYRK2,DYRK4
DYRK,-4.3341666666666665,1,KRSA,0.9885297184567258,4,CMGC,DYRK,HIPK,HIPK1
DYRK,-4.3341666666666665,1,KRSA,0.9885297184567258,4,CMGC,DYRK,HIPK,HIPK2
DYRK,-4.3341666666666665,1,KRSA,0.9885297184567258,4,CMGC,DYRK,HIPK,HIPK3
DYRK,-4.3341666666666665,1,KRSA,0.9885297184567258,4,CMGC,DYRK,HIPK,HIPK4
DYRK,-4.3341666666666665,1,KRSA,0.9885297184567258,4,CMGC,DYRK,PRP4,PRPF4B
ERK,-4.145,4,KRSA,0.9509906152241918,4,CMGC,MAPK,ERK1,MAPK1
ERK,-4.145,4,KRSA,0.9509906152241918,4,CMGC,MAPK,ERK7,MAPK15
ERK,-4.145,4,KRSA,0.9509906152241918,4,CMGC,MAPK,ERK1,MAPK3
ERK,-4.145,4,KRSA,0.9509906152241918,4,CMGC,MAPK,ERK3,MAPK4
ERK,-4.145,4,KRSA,0.9509906152241918,4,CMGC,MAPK,ERK3,MAPK6
ERK,-4.145,4,KRSA,0.9509906152241918,4,CMGC,MAPK,ERK5,MAPK7
PDK1,-4.216666666666667,2,KRSA,0.9760166840458812,4,ATYPICAL,PDHK,PDHK,PDK1
PDK1,-4.216666666666667,2,KRSA,0.9760166840458812,4,AGC,PDK1,PDK1,PDPK1
JNK,-4.1725,3,KRSA,0.9635036496350365,4,CMGC,MAPK,JNK,MAPK10
JNK,-4.1725,3,KRSA,0.9635036496350365,4,CMGC,MAPK,JNK,MAPK8
JNK,-4.1725,3,KRSA,0.9635036496350365,4,CMGC,MAPK,JNK,MAPK9
RIPK,1.596666666666667,20,KRSA,0.7507820646506778,4,TKL,RIPK,RIPK,ANKK1
RIPK,1.596666666666667,20,KRSA,0.7507820646506778,4,TKL,RIPK,RIPK,RIPK1
RIPK,1.596666666666667,20,KRSA,0.7507820646506778,4,TKL,RIPK,RIPK,RIPK2
RIPK,1.596666666666667,20,KRSA,0.7507820646506778,4,TKL,RIPK,RIPK,RIPK3
RIPK,1.596666666666667,20,KRSA,0.7507820646506778,4,TKL,RIPK,RIPK,RIPK4
PAKA,1.44,22,KRSA,0.7257559958289885,3,STE,STE20,PAKA,PAK1
PAKA,1.44,22,KRSA,0.7257559958289885,3,STE,STE20,PAKA,PAK2
PAKA,1.44,22,KRSA,0.7257559958289885,3,STE,STE20,PAKA,PAK3
P38,-3.2616666666666667,7,KRSA,0.913451511991658,4,CMGC,MAPK,P38,MAPK11
P38,-3.2616666666666667,7,KRSA,0.913451511991658,4,CMGC,MAPK,P38,MAPK12
P38,-3.2616666666666667,7,KRSA,0.913451511991658,4,CMGC,MAPK,P38,MAPK13
P38,-3.2616666666666667,7,KRSA,0.913451511991658,4,CMGC,MAPK,P38,MAPK14
CDK,-3.82,5,KRSA,0.9384775808133472,4,CMGC,CDK,CDC2,CDK1
CDK,-3.82,5,KRSA,0.9384775808133472,4,CMGC,CDK,CDK10,CDK10
CDK,-3.82,5,KRSA,0.9384775808133472,4,CMGC,CDK,CRK7,CDK12
CDK,-3.82,5,KRSA,0.9384775808133472,4,CMGC,CDK,CRK7,CDK13
CDK,-3.82,5,KRSA,0.9384775808133472,4,CMGC,CDK,PFTAIRE,CDK14
CDK,-3.82,5,KRSA,0.9384775808133472,4,CMGC,CDK,PFTAIRE,CDK15
CDK,-3.82,5,KRSA,0.9384775808133472,4,CMGC,CDK,PCTAIRE,CDK16
CDK,-3.82,5,KRSA,0.9384775808133472,4,CMGC,CDK,PCTAIRE,CDK17
CDK,-3.82,5,KRSA,0.9384775808133472,4,CMGC,CDK,PCTAIRE,CDK18
CDK,-3.82,5,KRSA,0.9384775808133472,4,CMGC,CDK,CDK8,CDK19
CDK,-3.82,5,KRSA,0.9384775808133472,4,CMGC,CDK,CDC2,CDK2
CDK,-3.82,5,KRSA,0.9384775808133472,4,CMGC,CDK,CCRK,CDK20
CDK,-3.82,5,KRSA,0.9384775808133472,4,CMGC,CDK,CDC2,CDK3
CDK,-3.82,5,KRSA,0.9384775808133472,4,CMGC,CDK,CDK4,CDK4
CDK,-3.82,5,KRSA,0.9384775808133472,4,CMGC,CDK,CDK5,CDK5
CDK,-3.82,5,KRSA,0.9384775808133472,4,CMGC,CDK,CDK4,CDK6
CDK,-3.82,5,KRSA,0.9384775808133472,4,CMGC,CDK,CDK7,CDK7
CDK,-3.82,5,KRSA,0.9384775808133472,4,CMGC,CDK,CDK8,CDK8
CDK,-3.82,5,KRSA,0.9384775808133472,4,CMGC,CDK,CDK9,CDK9
CDK,-3.82,5,KRSA,0.9384775808133472,4,NA,NA,NA,CDK11A
CDK,-3.82,5,KRSA,0.9384775808133472,4,NA,NA,NA,CDK11B
RSK,1.2241666666666666,27,KRSA,0.6631908237747653,3,AGC,RSK,RSK,RPS6KA1
RSK,1.2241666666666666,27,KRSA,0.6631908237747653,3,AGC,RSK,RSK,RPS6KA2
RSK,1.2241666666666666,27,KRSA,0.6631908237747653,3,AGC,RSK,RSK,RPS6KA3
RSK,1.2241666666666666,27,KRSA,0.6631908237747653,3,AGC,RSK,MSK,RPS6KA4
RSK,1.2241666666666666,27,KRSA,0.6631908237747653,3,AGC,RSK,MSK,RPS6KA5
RSK,1.2241666666666666,27,KRSA,0.6631908237747653,3,AGC,RSK,RSK,RPS6KA6
RSK,1.2241666666666666,27,KRSA,0.6631908237747653,3,AGC,RSK,P70,RPS6KB1
RSK,1.2241666666666666,27,KRSA,0.6631908237747653,3,AGC,RSK,P70,RPS6KB2
FRAY,-1.850833333333333,16,KRSA,0.8008342022940563,4,STE,STE20,FRAY,OXSR1
FRAY,-1.850833333333333,16,KRSA,0.8008342022940563,4,STE,STE20,FRAY,STK39
MST,-2.3975,11,KRSA,0.8633993743482794,4,STE,STE20,MST,STK3
MST,-2.3975,11,KRSA,0.8633993743482794,4,STE,STE20,MST,STK4
MTOR,-1.9066666666666667,15,KRSA,0.8133472367049009,4,ATYPICAL,PIKK,FRAP,MTOR
PKD,0.85,36,KRSA,0.5505735140771637,3,CAMK,PKD,PKD,PRKD1
PKD,0.85,36,KRSA,0.5505735140771637,3,CAMK,PKD,PKD,PRKD2
PKD,0.85,36,KRSA,0.5505735140771637,3,CAMK,PKD,PKD,PRKD3
NMO,-2.235,13,KRSA,0.8383733055265902,4,CMGC,MAPK,NMO,NLK
RAF,-2.2733333333333334,12,KRSA,0.8508863399374348,4,TKL,RAF,RAF,ARAF
RAF,-2.2733333333333334,12,KRSA,0.8508863399374348,4,TKL,RAF,RAF,BRAF
RAF,-2.2733333333333334,12,KRSA,0.8508863399374348,4,TKL,RAF,KSR,KSR1
RAF,-2.2733333333333334,12,KRSA,0.8508863399374348,4,TKL,RAF,KSR,KSR2
RAF,-2.2733333333333334,12,KRSA,0.8508863399374348,4,TKL,RAF,RAF,RAF1
LKB,-1.2583333333333333,25,KRSA,0.6882168925964547,3,CAMK,CAMKL,LKB,STK11
PASK,1.0216666666666667,33,KRSA,0.5881126173096975,3,CAMK,CAMKL,PASK,PASK
KHS,0.11833333333333336,76,KRSA,0.05005213764337852,1,STE,STE20,KHS,MAP4K1
KHS,0.11833333333333336,76,KRSA,0.05005213764337852,1,STE,STE20,KHS,MAP4K2
KHS,0.11833333333333336,76,KRSA,0.05005213764337852,1,STE,STE20,KHS,MAP4K3
KHS,0.11833333333333336,76,KRSA,0.05005213764337852,1,STE,STE20,KHS,MAP4K5
PKCI,0.8816666666666666,34,KRSA,0.5755995828988529,3,AGC,PKC,IOTA,PRKCI
PKCI,0.8816666666666666,34,KRSA,0.5755995828988529,3,AGC,PKC,IOTA,PRKCZ
PLK,-2.6575,10,KRSA,0.8759124087591241,4,NA,NA,NA,PLK5
PLK,-2.6575,10,KRSA,0.8759124087591241,4,OTHER,PLK,PLK1,PLK1
PLK,-2.6575,10,KRSA,0.8759124087591241,4,OTHER,PLK,PLK2,PLK2
PLK,-2.6575,10,KRSA,0.8759124087591241,4,OTHER,PLK,PLK2,PLK3
PLK,-2.6575,10,KRSA,0.8759124087591241,4,OTHER,PLK,SAK,PLK4
GSK,-1.600833333333333,19,KRSA,0.7632950990615224,4,CMGC,GSK,GSK,GSK3A
GSK,-1.600833333333333,19,KRSA,0.7632950990615224,4,CMGC,GSK,GSK,GSK3B
AMPK,0.47,61,KRSA,0.23774765380604795,1,CAMK,CAMKL,AMPK,PRKAA1
AMPK,0.47,61,KRSA,0.23774765380604795,1,CAMK,CAMKL,AMPK,PRKAA2
CAMK1,1.7733333333333332,17,KRSA,0.7883211678832117,4,CAMK,CAMK1,CAMK1,CAMK1
CAMK1,1.7733333333333332,17,KRSA,0.7883211678832117,4,CAMK,CAMK1,CAMK1,CAMK1D
CAMK1,1.7733333333333332,17,KRSA,0.7883211678832117,4,CAMK,CAMK1,CAMK1,CAMK1G
CAMK1,1.7733333333333332,17,KRSA,0.7883211678832117,4,CAMK,CAMK1,CAMK1,CAMK4
CAMK1,1.7733333333333332,17,KRSA,0.7883211678832117,4,CAMK,CAMK1,CAMK1,PNCK
PEK,-2.9908333333333332,9,KRSA,0.8884254431699687,4,OTHER,PEK,HRI,EIF2AK1
PEK,-2.9908333333333332,9,KRSA,0.8884254431699687,4,OTHER,PEK,PKR,EIF2AK2
PEK,-2.9908333333333332,9,KRSA,0.8884254431699687,4,OTHER,PEK,PEK,EIF2AK3
PEK,-2.9908333333333332,9,KRSA,0.8884254431699687,4,OTHER,PEK,GCN2,EIF2AK4
DMPK,0.09583333333333326,77,KRSA,0.03753910323253389,1,AGC,DMPK,GEK,CDC42BPA
DMPK,0.09583333333333326,77,KRSA,0.03753910323253389,1,AGC,DMPK,GEK,CDC42BPB
DMPK,0.09583333333333326,77,KRSA,0.03753910323253389,1,AGC,DMPK,GEK,CDC42BPG
DMPK,0.09583333333333326,77,KRSA,0.03753910323253389,1,AGC,DMPK,CRIK,CIT
DMPK,0.09583333333333326,77,KRSA,0.03753910323253389,1,AGC,DMPK,GEK,DMPK
DMPK,0.09583333333333326,77,KRSA,0.03753910323253389,1,AGC,DMPK,ROCK,ROCK1
DMPK,0.09583333333333326,77,KRSA,0.03753910323253389,1,AGC,DMPK,ROCK,ROCK2
MLK,-0.18,71,KRSA,0.11261730969760167,1,TKL,MLK,ILK,ILK
MLK,-0.18,71,KRSA,0.11261730969760167,1,TKL,MLK,MLK,MAP3K10
MLK,-0.18,71,KRSA,0.11261730969760167,1,TKL,MLK,MLK,MAP3K11
MLK,-0.18,71,KRSA,0.11261730969760167,1,TKL,MLK,LZK,MAP3K12
MLK,-0.18,71,KRSA,0.11261730969760167,1,TKL,MLK,LZK,MAP3K13
MLK,-0.18,71,KRSA,0.11261730969760167,1,TKL,MLK,MLK,MAP3K9
MLK,-0.18,71,KRSA,0.11261730969760167,1,TKL,MLK,HH498,TNNI3K
MELK,-0.8466666666666667,38,KRSA,0.5255474452554745,3,CAMK,CAMKL,MELK,MELK
STE7,-2.001666666666667,14,KRSA,0.8258602711157456,4,STE,STE7,MEK1,MAP2K1
STE7,-2.001666666666667,14,KRSA,0.8258602711157456,4,STE,STE7,MEK1,MAP2K2
STE7,-2.001666666666667,14,KRSA,0.8258602711157456,4,STE,STE7,MEK3,MAP2K3
STE7,-2.001666666666667,14,KRSA,0.8258602711157456,4,STE,STE7,MEK4,MAP2K4
STE7,-2.001666666666667,14,KRSA,0.8258602711157456,4,STE,STE7,MEK5,MAP2K5
STE7,-2.001666666666667,14,KRSA,0.8258602711157456,4,STE,STE7,MEK3,MAP2K6
STE7,-2.001666666666667,14,KRSA,0.8258602711157456,4,STE,STE7,MEK7,MAP2K7
PRKDC,-0.8483333333333333,37,KRSA,0.5380604796663191,3,ATYPICAL,PIKK,DNAPK,PRKDC
MAPKAPK,-0.00500000000000001,80,KRSA,0,1,CAMK,MAPKAPK,MAPKAPK,MAPKAPK2
MAPKAPK,-0.00500000000000001,80,KRSA,0,1,CAMK,MAPKAPK,MAPKAPK,MAPKAPK3
MAPKAPK,-0.00500000000000001,80,KRSA,0,1,CAMK,MAPKAPK,MAPKAPK,MAPKAPK5
MAPKAPK,-0.00500000000000001,80,KRSA,0,1,CAMK,MAPKAPK,MNK,MKNK1
MAPKAPK,-0.00500000000000001,80,KRSA,0,1,CAMK,MAPKAPK,MNK,MKNK2
MLCK,-0.7608333333333334,44,KRSA,0.4504692387904067,2,CAMK,MLCK,MLCK,MYLK
MLCK,-0.7608333333333334,44,KRSA,0.4504692387904067,2,CAMK,MLCK,MLCK,MYLK2
MLCK,-0.7608333333333334,44,KRSA,0.4504692387904067,2,CAMK,MLCK,MLCK,TTN
COT,0.12083333333333336,75,KRSA,0.06256517205422316,1,STE,STE-UNIQUE,STE-UNIQUE,MAP3K8
QIK,-1.5333333333333334,21,KRSA,0.7382690302398331,3,CAMK,CAMKL,QIK,SIK1
QIK,-1.5333333333333334,21,KRSA,0.7382690302398331,3,CAMK,CAMKL,QIK,SIK2
VRK1,-1.3816666666666666,24,KRSA,0.7007299270072993,3,CK1,VRK,VRK,VRK1
PDHK,0.16499999999999998,73,KRSA,0.08759124087591241,1,ATYPICAL,PDHK,BCKDK,BCKDK
PDHK,0.16499999999999998,73,KRSA,0.08759124087591241,1,ATYPICAL,PDHK,PDHK,PDK2
PDHK,0.16499999999999998,73,KRSA,0.08759124087591241,1,ATYPICAL,PDHK,PDHK,PDK3
PDHK,0.16499999999999998,73,KRSA,0.08759124087591241,1,ATYPICAL,PDHK,PDHK,PDK4
ATM,-0.6041666666666666,57,KRSA,0.28779979144942647,2,ATYPICAL,PIKK,ATM,ATM
PKCH,-0.6566666666666666,54,KRSA,0.32533889468196037,2,AGC,PKC,ETA,PRKCE
PKCH,-0.6566666666666666,54,KRSA,0.32533889468196037,2,AGC,PKC,ETA,PRKCH
PIM,0.6166666666666667,56,KRSA,0.30031282586027114,2,CAMK,PIM,PIM,PIM1
PIM,0.6166666666666667,56,KRSA,0.30031282586027114,2,CAMK,PIM,PIM,PIM2
PIM,0.6166666666666667,56,KRSA,0.30031282586027114,2,CAMK,PIM,PIM,PIM3
MSN,-0.3675,66,KRSA,0.17518248175182483,1,STE,STE20,MSN,MAP4K4
MSN,-0.3675,66,KRSA,0.17518248175182483,1,STE,STE20,MSN,NRK
MSN,-0.3675,66,KRSA,0.17518248175182483,1,STE,STE20,MSN,TNIK
STE11,-1.1091666666666666,28,KRSA,0.6506777893639207,3,TKL,MLK,TAK1,MAP3K7
STE11,-1.1091666666666666,28,KRSA,0.6506777893639207,3,STE,STE11,MEKK1,MAP3K1
STE11,-1.1091666666666666,28,KRSA,0.6506777893639207,3,STE,STE11,ASK,MAP3K15
STE11,-1.1091666666666666,28,KRSA,0.6506777893639207,3,STE,STE11,MEKK2,MAP3K2
STE11,-1.1091666666666666,28,KRSA,0.6506777893639207,3,STE,STE11,MEKK2,MAP3K3
STE11,-1.1091666666666666,28,KRSA,0.6506777893639207,3,STE,STE11,MEKK4,MAP3K4
STE11,-1.1091666666666666,28,KRSA,0.6506777893639207,3,STE,STE11,ASK,MAP3K5
STE11,-1.1091666666666666,28,KRSA,0.6506777893639207,3,STE,STE11,ASK,MAP3K6
AKT,0.22333333333333336,68,KRSA,0.15015641293013557,1,AGC,AKT,AKT,AKT1
AKT,0.22333333333333336,68,KRSA,0.15015641293013557,1,AGC,AKT,AKT,AKT2
AKT,0.22333333333333336,68,KRSA,0.15015641293013557,1,AGC,AKT,AKT,AKT3
RAD53,0.6833333333333333,52,KRSA,0.35036496350364965,2,CAMK,RAD53,RAD53,CHEK2
HAL,0.8183333333333334,40,KRSA,0.5005213764337852,3,RGC,RGC,RGC,NPR1
IRAK,-0.5583333333333333,59,KRSA,0.26277372262773724,2,TKL,IRAK,IRAK,IRAK1
IRAK,-0.5583333333333333,59,KRSA,0.26277372262773724,2,TKL,IRAK,IRAK,IRAK2
IRAK,-0.5583333333333333,59,KRSA,0.26277372262773724,2,TKL,IRAK,IRAK,IRAK3
IRAK,-0.5583333333333333,59,KRSA,0.26277372262773724,2,TKL,IRAK,IRAK,IRAK4
NAK,-0.8308333333333333,39,KRSA,0.5130344108446299,3,OTHER,NAK,BIKE,AAK1
NAK,-0.8308333333333333,39,KRSA,0.5130344108446299,3,OTHER,NAK,BIKE,BMP2K
NAK,-0.8308333333333333,39,KRSA,0.5130344108446299,3,OTHER,NAK,GAK,GAK
NAK,-0.8308333333333333,39,KRSA,0.5130344108446299,3,OTHER,NAK,MPSK,STK16
TLK,-1.0616666666666668,29,KRSA,0.6381647549530761,3,OTHER,TLK,TLK,TLK1
TLK,-1.0616666666666668,29,KRSA,0.6381647549530761,3,OTHER,TLK,TLK,TLK2
PKN,-0.8133333333333334,41,KRSA,0.4880083420229406,2,AGC,PKN,PKN,PKN1
PKN,-0.8133333333333334,41,KRSA,0.4880083420229406,2,AGC,PKN,PKN,PKN2
PKN,-0.8133333333333334,41,KRSA,0.4880083420229406,2,AGC,PKN,PKN,PKN3
PAKB,-0.4541666666666667,62,KRSA,0.22523461939520334,1,STE,STE20,PAKB,PAK4
PAKB,-0.4541666666666667,62,KRSA,0.22523461939520334,1,STE,STE20,PAKB,PAK5
PAKB,-0.4541666666666667,62,KRSA,0.22523461939520334,1,STE,STE20,PAKB,PAK6
IKK,-0.2791666666666666,67,KRSA,0.16266944734098018,1,OTHER,IKK,IKK,CHUK
IKK,-0.2791666666666666,67,KRSA,0.16266944734098018,1,OTHER,IKK,IKK,IKBKB
IKK,-0.2791666666666666,67,KRSA,0.16266944734098018,1,OTHER,IKK,IKK,IKBKE
IKK,-0.2791666666666666,67,KRSA,0.16266944734098018,1,OTHER,IKK,IKK,TBK1
NUAK,-1.0491666666666666,32,KRSA,0.6006256517205423,3,CAMK,CAMKL,NUAK,NUAK1
NUAK,-1.0491666666666666,32,KRSA,0.6006256517205423,3,CAMK,CAMKL,NUAK,NUAK2
TTK,-1.06,30,KRSA,0.6256517205422315,3,OTHER,TTK,TTK,TTK
ATR,-1.0508333333333333,31,KRSA,0.6131386861313869,3,ATYPICAL,PIKK,ATR,ATR
SGK,-0.2016666666666667,69,KRSA,0.13764337851929093,1,AGC,SGK,SGK,SGK1
SGK,-0.2016666666666667,69,KRSA,0.13764337851929093,1,AGC,SGK,SGK,SGK2
SGK,-0.2016666666666667,69,KRSA,0.13764337851929093,1,AGC,SGK,SGK,SGK3
CAMK2,0.20083333333333336,70,KRSA,0.1251303441084463,1,CAMK,CAMK2,CAMK2,CAMK2A
CAMK2,0.20083333333333336,70,KRSA,0.1251303441084463,1,CAMK,CAMK2,CAMK2,CAMK2B
CAMK2,0.20083333333333336,70,KRSA,0.1251303441084463,1,CAMK,CAMK2,CAMK2,CAMK2D
CAMK2,0.20083333333333336,70,KRSA,0.1251303441084463,1,CAMK,CAMK2,CAMK2,CAMK2G
CHK1,-0.37,65,KRSA,0.18769551616266944,1,CAMK,CAMKL,CHK1,CHEK1
STKR,-0.6591666666666667,53,KRSA,0.337851929092805,2,TKL,STKR,TYPE1,ACVR1
STKR,-0.6591666666666667,53,KRSA,0.337851929092805,2,TKL,STKR,TYPE1,ACVR1B
STKR,-0.6591666666666667,53,KRSA,0.337851929092805,2,TKL,STKR,TYPE1,ACVR1C
STKR,-0.6591666666666667,53,KRSA,0.337851929092805,2,TKL,STKR,TYPE2,ACVR2A
STKR,-0.6591666666666667,53,KRSA,0.337851929092805,2,TKL,STKR,TYPE2,ACVR2B
STKR,-0.6591666666666667,53,KRSA,0.337851929092805,2,TKL,STKR,TYPE1,ACVRL1
STKR,-0.6591666666666667,53,KRSA,0.337851929092805,2,TKL,STKR,TYPE2,AMHR2
STKR,-0.6591666666666667,53,KRSA,0.337851929092805,2,TKL,STKR,TYPE1,BMPR1A
STKR,-0.6591666666666667,53,KRSA,0.337851929092805,2,TKL,STKR,TYPE1,BMPR1B
STKR,-0.6591666666666667,53,KRSA,0.337851929092805,2,TKL,STKR,TYPE2,BMPR2
STKR,-0.6591666666666667,53,KRSA,0.337851929092805,2,TKL,STKR,TYPE1,TGFBR1
STKR,-0.6591666666666667,53,KRSA,0.337851929092805,2,TKL,STKR,TYPE2,TGFBR2
BUD32,-0.735,50,KRSA,0.3753910323253389,2,OTHER,BUD32,BUD32,TP53RK
BRSK,-0.06416666666666665,78,KRSA,0.02502606882168926,1,CAMK,CAMKL,BRSK,BRSK1
BRSK,-0.06416666666666665,78,KRSA,0.02502606882168926,1,CAMK,CAMKL,BRSK,BRSK2
CAMKK,-0.7358333333333333,49,KRSA,0.38790406673618355,2,OTHER,CAMKK,META,CAMKK1
CAMKK,-0.7358333333333333,49,KRSA,0.38790406673618355,2,OTHER,CAMKK,META,CAMKK2
PKCD,1.2466666666666666,26,KRSA,0.67570385818561,3,AGC,PKC,DELTA,PRKCD
PKCD,1.2466666666666666,26,KRSA,0.67570385818561,3,AGC,PKC,DELTA,PRKCQ
NIK,-0.74,48,KRSA,0.40041710114702816,2,STE,STE-UNIQUE,STE-UNIQUE,MAP3K14
TAO,-0.5683333333333334,58,KRSA,0.27528675703858185,2,STE,STE20,TAO,TAOK1
TAO,-0.5683333333333334,58,KRSA,0.27528675703858185,2,STE,STE20,TAO,TAOK2
TAO,-0.5683333333333334,58,KRSA,0.27528675703858185,2,STE,STE20,TAO,TAOK3
WNK,-0.75,46,KRSA,0.4254431699687174,2,OTHER,WNK,WNK,WNK1
WNK,-0.75,46,KRSA,0.4254431699687174,2,OTHER,WNK,WNK,WNK2
WNK,-0.75,46,KRSA,0.4254431699687174,2,OTHER,WNK,WNK,WNK3
WNK,-0.75,46,KRSA,0.4254431699687174,2,OTHER,WNK,WNK,WNK4
ULK,-0.7416666666666667,47,KRSA,0.4129301355578728,2,OTHER,ULK,FUSED,STK36
ULK,-0.7416666666666667,47,KRSA,0.4129301355578728,2,OTHER,ULK,ULK,ULK1
ULK,-0.7416666666666667,47,KRSA,0.4129301355578728,2,OTHER,ULK,ULK,ULK2
ULK,-0.7416666666666667,47,KRSA,0.4129301355578728,2,OTHER,ULK,ULK,ULK3
ULK,-0.7416666666666667,47,KRSA,0.4129301355578728,2,OTHER,ULK,ULK,ULK4
MOS,-0.7525,45,KRSA,0.43795620437956206,2,OTHER,MOS,MOS,MOS
CLK,-0.7333333333333334,51,KRSA,0.36287799791449427,2,CMGC,CLK,CLK,CLK1
CLK,-0.7333333333333334,51,KRSA,0.36287799791449427,2,CMGC,CLK,CLK,CLK2
CLK,-0.7333333333333334,51,KRSA,0.36287799791449427,2,CMGC,CLK,CLK,CLK3
CLK,-0.7333333333333334,51,KRSA,0.36287799791449427,2,CMGC,CLK,CLK,CLK4
SLK,0.6541666666666667,55,KRSA,0.31282586027111575,2,STE,STE20,SLK,SLK
SLK,0.6541666666666667,55,KRSA,0.31282586027111575,2,STE,STE20,SLK,STK10
PKCA,-1.413333333333333,23,KRSA,0.7132429614181439,3,AGC,PKC,ALPHA,PRKCA
PKCA,-1.413333333333333,23,KRSA,0.7132429614181439,3,AGC,PKC,ALPHA,PRKCB
PKCA,-1.413333333333333,23,KRSA,0.7132429614181439,3,AGC,PKC,ALPHA,PRKCG
AUR,-0.02333333333333338,79,KRSA,0.01251303441084463,1,OTHER,AUR,AUR,AURKA
AUR,-0.02333333333333338,79,KRSA,0.01251303441084463,1,OTHER,AUR,AUR,AURKB
AUR,-0.02333333333333338,79,KRSA,0.01251303441084463,1,OTHER,AUR,AUR,AURKC
DAPK,-0.44333333333333336,63,KRSA,0.2127215849843587,1,CAMK,DAPK,DAPK,DAPK1
DAPK,-0.44333333333333336,63,KRSA,0.2127215849843587,1,CAMK,DAPK,DAPK,DAPK2
DAPK,-0.44333333333333336,63,KRSA,0.2127215849843587,1,CAMK,DAPK,DAPK,DAPK3
DAPK,-0.44333333333333336,63,KRSA,0.2127215849843587,1,CAMK,DAPK,DRAK,STK17A
DAPK,-0.44333333333333336,63,KRSA,0.2127215849843587,1,CAMK,DAPK,DRAK,STK17B
BARK2,0.5499999999999999,60,KRSA,0.2502606882168926,2,AGC,GRK,BARK,GRK3
CK1,-1.7291666666666667,18,KRSA,0.7758081334723671,4,CK1,CK1,CK1-A,CSNK1A1
CK1,-1.7291666666666667,18,KRSA,0.7758081334723671,4,CK1,CK1,CK1-A,CSNK1A1L
CK1,-1.7291666666666667,18,KRSA,0.7758081334723671,4,CK1,CK1,CK1-D,CSNK1D
CK1,-1.7291666666666667,18,KRSA,0.7758081334723671,4,CK1,CK1,CK1-D,CSNK1E
CK1,-1.7291666666666667,18,KRSA,0.7758081334723671,4,CK1,CK1,CK1-G,CSNK1G1
CK1,-1.7291666666666667,18,KRSA,0.7758081334723671,4,CK1,CK1,CK1-G,CSNK1G2
CK1,-1.7291666666666667,18,KRSA,0.7758081334723671,4,CK1,CK1,CK1-G,CSNK1G3
CK1,-1.7291666666666667,18,KRSA,0.7758081334723671,4,CK1,TTBK,TTBK,TTBK1
CK1,-1.7291666666666667,18,KRSA,0.7758081334723671,4,CK1,TTBK,TTBK,TTBK2
CK1,-1.7291666666666667,18,KRSA,0.7758081334723671,4,CK1,VRK,VRK,VRK3
PHK,-0.865,35,KRSA,0.5630865484880083,3,CAMK,PHK,PHK,PHKG1
PHK,-0.865,35,KRSA,0.5630865484880083,3,CAMK,PHK,PHK,PHKG2
NDR,0.79,42,KRSA,0.4754953076120959,2,AGC,NDR,NDR,LATS1
NDR,0.79,42,KRSA,0.4754953076120959,2,AGC,NDR,NDR,LATS2
NDR,0.79,42,KRSA,0.4754953076120959,2,AGC,NDR,NDR,STK38
NDR,0.79,42,KRSA,0.4754953076120959,2,AGC,NDR,NDR,STK38L
CK2,-0.16249999999999998,74,KRSA,0.07507820646506778,1,CMGC,CK2,CK2,CSNK2A1
CK2,-0.16249999999999998,74,KRSA,0.07507820646506778,1,CMGC,CK2,CK2,CSNK2A2
CK2,-0.16249999999999998,74,KRSA,0.07507820646506778,1,NA,NA,NA,CSNK2A3
GRK,-0.17250000000000004,72,KRSA,0.10010427528675704,1,AGC,GRK,GRK,GRK1
GRK,-0.17250000000000004,72,KRSA,0.10010427528675704,1,AGC,GRK,GRK,GRK4
GRK,-0.17250000000000004,72,KRSA,0.10010427528675704,1,AGC,GRK,GRK,GRK5
GRK,-0.17250000000000004,72,KRSA,0.10010427528675704,1,AGC,GRK,GRK,GRK6
GRK,-0.17250000000000004,72,KRSA,0.10010427528675704,1,AGC,GRK,GRK,GRK7
NEK,-0.4066666666666667,64,KRSA,0.20020855057351408,1,OTHER,NEK,NEK11,NEK11
NEK,-0.4066666666666667,64,KRSA,0.20020855057351408,1,OTHER,NEK,NEK2,NEK2
NEK,-0.4066666666666667,64,KRSA,0.20020855057351408,1,OTHER,NEK,NEK1,NEK3
NEK,-0.4066666666666667,64,KRSA,0.20020855057351408,1,OTHER,NEK,NEK4,NEK4
NEK,-0.4066666666666667,64,KRSA,0.20020855057351408,1,OTHER,NEK,NEK1,NEK5
NEK,-0.4066666666666667,64,KRSA,0.20020855057351408,1,OTHER,NEK,NEK6,NEK6
NEK,-0.4066666666666667,64,KRSA,0.20020855057351408,1,OTHER,NEK,NEK6,NEK7
NEK,-0.4066666666666667,64,KRSA,0.20020855057351408,1,OTHER,NEK,NEK8,NEK8
NEK,-0.4066666666666667,64,KRSA,0.20020855057351408,1,OTHER,NEK,NEK8,NEK9
PDK1,-4.216666666666667,2,KRSA,0.9760166840458812,4,ATYPICAL,PDHK,PDHK,PDK1
PDK1,-4.216666666666667,2,KRSA,0.9760166840458812,4,AGC,PDK1,PDK1,PDPK1
CDK,-3.82,5,KRSA,0.9384775808133472,4,CMGC,CDK,CDC2,CDK1
CDK,-3.82,5,KRSA,0.9384775808133472,4,CMGC,CDK,CDK10,CDK10
CDK,-3.82,5,KRSA,0.9384775808133472,4,CMGC,CDK,CRK7,CDK12
CDK,-3.82,5,KRSA,0.9384775808133472,4,CMGC,CDK,CRK7,CDK13
CDK,-3.82,5,KRSA,0.9384775808133472,4,CMGC,CDK,PFTAIRE,CDK14
CDK,-3.82,5,KRSA,0.9384775808133472,4,CMGC,CDK,PFTAIRE,CDK15
CDK,-3.82,5,KRSA,0.9384775808133472,4,CMGC,CDK,PCTAIRE,CDK16
CDK,-3.82,5,KRSA,0.9384775808133472,4,CMGC,CDK,PCTAIRE,CDK17
CDK,-3.82,5,KRSA,0.9384775808133472,4,CMGC,CDK,PCTAIRE,CDK18
CDK,-3.82,5,KRSA,0.9384775808133472,4,CMGC,CDK,CDK8,CDK19
CDK,-3.82,5,KRSA,0.9384775808133472,4,CMGC,CDK,CDC2,CDK2
CDK,-3.82,5,KRSA,0.9384775808133472,4,CMGC,CDK,CCRK,CDK20
CDK,-3.82,5,KRSA,0.9384775808133472,4,CMGC,CDK,CDC2,CDK3
CDK,-3.82,5,KRSA,0.9384775808133472,4,CMGC,CDK,CDK4,CDK4
CDK,-3.82,5,KRSA,0.9384775808133472,4,CMGC,CDK,CDK5,CDK5
CDK,-3.82,5,KRSA,0.9384775808133472,4,CMGC,CDK,CDK4,CDK6
CDK,-3.82,5,KRSA,0.9384775808133472,4,CMGC,CDK,CDK7,CDK7
CDK,-3.82,5,KRSA,0.9384775808133472,4,CMGC,CDK,CDK8,CDK8
CDK,-3.82,5,KRSA,0.9384775808133472,4,CMGC,CDK,CDK9,CDK9
CDK,-3.82,5,KRSA,0.9384775808133472,4,NA,NA,NA,CDK11A
CDK,-3.82,5,KRSA,0.9384775808133472,4,NA,NA,NA,CDK11B
DYRK,-4.3341666666666665,1,KRSA,0.9885297184567258,4,CMGC,DYRK,DYRK1,DYRK1A
DYRK,-4.3341666666666665,1,KRSA,0.9885297184567258,4,CMGC,DYRK,DYRK1,DYRK1B
DYRK,-4.3341666666666665,1,KRSA,0.9885297184567258,4,CMGC,DYRK,DYRK2,DYRK2
DYRK,-4.3341666666666665,1,KRSA,0.9885297184567258,4,CMGC,DYRK,DYRK2,DYRK3
DYRK,-4.3341666666666665,1,KRSA,0.9885297184567258,4,CMGC,DYRK,DYRK2,DYRK4
DYRK,-4.3341666666666665,1,KRSA,0.9885297184567258,4,CMGC,DYRK,HIPK,HIPK1
DYRK,-4.3341666666666665,1,KRSA,0.9885297184567258,4,CMGC,DYRK,HIPK,HIPK2
DYRK,-4.3341666666666665,1,KRSA,0.9885297184567258,4,CMGC,DYRK,HIPK,HIPK3
DYRK,-4.3341666666666665,1,KRSA,0.9885297184567258,4,CMGC,DYRK,HIPK,HIPK4
DYRK,-4.3341666666666665,1,KRSA,0.9885297184567258,4,CMGC,DYRK,PRP4,PRPF4B
JNK,-4.1725,3,KRSA,0.9635036496350365,4,CMGC,MAPK,JNK,MAPK10
JNK,-4.1725,3,KRSA,0.9635036496350365,4,CMGC,MAPK,JNK,MAPK8
JNK,-4.1725,3,KRSA,0.9635036496350365,4,CMGC,MAPK,JNK,MAPK9
ERK,-4.145,4,KRSA,0.9509906152241918,4,CMGC,MAPK,ERK1,MAPK1
ERK,-4.145,4,KRSA,0.9509906152241918,4,CMGC,MAPK,ERK7,MAPK15
ERK,-4.145,4,KRSA,0.9509906152241918,4,CMGC,MAPK,ERK1,MAPK3
ERK,-4.145,4,KRSA,0.9509906152241918,4,CMGC,MAPK,ERK3,MAPK4
ERK,-4.145,4,KRSA,0.9509906152241918,4,CMGC,MAPK,ERK3,MAPK6
ERK,-4.145,4,KRSA,0.9509906152241918,4,CMGC,MAPK,ERK5,MAPK7
P38,-3.2616666666666667,7,KRSA,0.913451511991658,4,CMGC,MAPK,P38,MAPK11
P38,-3.2616666666666667,7,KRSA,0.913451511991658,4,CMGC,MAPK,P38,MAPK12
P38,-3.2616666666666667,7,KRSA,0.913451511991658,4,CMGC,MAPK,P38,MAPK13
P38,-3.2616666666666667,7,KRSA,0.913451511991658,4,CMGC,MAPK,P38,MAPK14
PEK,-2.9908333333333332,9,KRSA,0.8884254431699687,4,OTHER,PEK,HRI,EIF2AK1
PEK,-2.9908333333333332,9,KRSA,0.8884254431699687,4,OTHER,PEK,PKR,EIF2AK2
PEK,-2.9908333333333332,9,KRSA,0.8884254431699687,4,OTHER,PEK,PEK,EIF2AK3
PEK,-2.9908333333333332,9,KRSA,0.8884254431699687,4,OTHER,PEK,GCN2,EIF2AK4
PKCA,-1.413333333333333,23,KRSA,0.7132429614181439,3,AGC,PKC,ALPHA,PRKCA
PKCA,-1.413333333333333,23,KRSA,0.7132429614181439,3,AGC,PKC,ALPHA,PRKCB
PKCA,-1.413333333333333,23,KRSA,0.7132429614181439,3,AGC,PKC,ALPHA,PRKCG
PKA,3.75,6,KRSA,0.9259645464025026,4,AGC,PKA,PKA,PRKACA
PKA,3.75,6,KRSA,0.9259645464025026,4,AGC,PKA,PKA,PRKACB
PKA,3.75,6,KRSA,0.9259645464025026,4,AGC,PKA,PKA,PRKACG
PKA,3.75,6,KRSA,0.9259645464025026,4,AGC,PKA,PKA,PRKX
PKA,3.75,6,KRSA,0.9259645464025026,4,AGC,PKA,PKA,PRKY
NMO,-2.235,13,KRSA,0.8383733055265902,4,CMGC,MAPK,NMO,NLK
PLK,-2.6575,10,KRSA,0.8759124087591241,4,NA,NA,NA,PLK5
PLK,-2.6575,10,KRSA,0.8759124087591241,4,OTHER,PLK,PLK1,PLK1
PLK,-2.6575,10,KRSA,0.8759124087591241,4,OTHER,PLK,PLK2,PLK2
PLK,-2.6575,10,KRSA,0.8759124087591241,4,OTHER,PLK,PLK2,PLK3
PLK,-2.6575,10,KRSA,0.8759124087591241,4,OTHER,PLK,SAK,PLK4
PKG,3.2458333333333336,8,KRSA,0.9009384775808134,4,AGC,PKG,PKG,PRKG1
PKG,3.2458333333333336,8,KRSA,0.9009384775808134,4,AGC,PKG,PKG,PRKG2
CAMK1,1.7733333333333332,17,KRSA,0.7883211678832117,4,CAMK,CAMK1,CAMK1,CAMK1
CAMK1,1.7733333333333332,17,KRSA,0.7883211678832117,4,CAMK,CAMK1,CAMK1,CAMK1D
CAMK1,1.7733333333333332,17,KRSA,0.7883211678832117,4,CAMK,CAMK1,CAMK1,CAMK1G
CAMK1,1.7733333333333332,17,KRSA,0.7883211678832117,4,CAMK,CAMK1,CAMK1,CAMK4
CAMK1,1.7733333333333332,17,KRSA,0.7883211678832117,4,CAMK,CAMK1,CAMK1,PNCK
CK1,-1.7291666666666667,18,KRSA,0.7758081334723671,4,CK1,CK1,CK1-A,CSNK1A1
CK1,-1.7291666666666667,18,KRSA,0.7758081334723671,4,CK1,CK1,CK1-A,CSNK1A1L
CK1,-1.7291666666666667,18,KRSA,0.7758081334723671,4,CK1,CK1,CK1-D,CSNK1D
CK1,-1.7291666666666667,18,KRSA,0.7758081334723671,4,CK1,CK1,CK1-D,CSNK1E
CK1,-1.7291666666666667,18,KRSA,0.7758081334723671,4,CK1,CK1,CK1-G,CSNK1G1
CK1,-1.7291666666666667,18,KRSA,0.7758081334723671,4,CK1,CK1,CK1-G,CSNK1G2
CK1,-1.7291666666666667,18,KRSA,0.7758081334723671,4,CK1,CK1,CK1-G,CSNK1G3
CK1,-1.7291666666666667,18,KRSA,0.7758081334723671,4,CK1,TTBK,TTBK,TTBK1
CK1,-1.7291666666666667,18,KRSA,0.7758081334723671,4,CK1,TTBK,TTBK,TTBK2
CK1,-1.7291666666666667,18,KRSA,0.7758081334723671,4,CK1,VRK,VRK,VRK3
PHK,-0.865,35,KRSA,0.5630865484880083,3,CAMK,PHK,PHK,PHKG1
PHK,-0.865,35,KRSA,0.5630865484880083,3,CAMK,PHK,PHK,PHKG2
QIK,-1.5333333333333334,21,KRSA,0.7382690302398331,3,CAMK,CAMKL,QIK,SIK1
QIK,-1.5333333333333334,21,KRSA,0.7382690302398331,3,CAMK,CAMKL,QIK,SIK2
BARK2,0.5499999999999999,60,KRSA,0.2502606882168926,2,AGC,GRK,BARK,GRK3
FRAY,-1.850833333333333,16,KRSA,0.8008342022940563,4,STE,STE20,FRAY,OXSR1
FRAY,-1.850833333333333,16,KRSA,0.8008342022940563,4,STE,STE20,FRAY,STK39
RIPK,1.596666666666667,20,KRSA,0.7507820646506778,4,TKL,RIPK,RIPK,ANKK1
RIPK,1.596666666666667,20,KRSA,0.7507820646506778,4,TKL,RIPK,RIPK,RIPK1
RIPK,1.596666666666667,20,KRSA,0.7507820646506778,4,TKL,RIPK,RIPK,RIPK2
RIPK,1.596666666666667,20,KRSA,0.7507820646506778,4,TKL,RIPK,RIPK,RIPK3
RIPK,1.596666666666667,20,KRSA,0.7507820646506778,4,TKL,RIPK,RIPK,RIPK4
IRAK,-0.5583333333333333,59,KRSA,0.26277372262773724,2,TKL,IRAK,IRAK,IRAK1
IRAK,-0.5583333333333333,59,KRSA,0.26277372262773724,2,TKL,IRAK,IRAK,IRAK2
IRAK,-0.5583333333333333,59,KRSA,0.26277372262773724,2,TKL,IRAK,IRAK,IRAK3
IRAK,-0.5583333333333333,59,KRSA,0.26277372262773724,2,TKL,IRAK,IRAK,IRAK4
MST,-2.3975,11,KRSA,0.8633993743482794,4,STE,STE20,MST,STK3
MST,-2.3975,11,KRSA,0.8633993743482794,4,STE,STE20,MST,STK4
MAPKAPK,-0.00500000000000001,80,KRSA,0,1,CAMK,MAPKAPK,MAPKAPK,MAPKAPK2
MAPKAPK,-0.00500000000000001,80,KRSA,0,1,CAMK,MAPKAPK,MAPKAPK,MAPKAPK3
MAPKAPK,-0.00500000000000001,80,KRSA,0,1,CAMK,MAPKAPK,MAPKAPK,MAPKAPK5
MAPKAPK,-0.00500000000000001,80,KRSA,0,1,CAMK,MAPKAPK,MNK,MKNK1
MAPKAPK,-0.00500000000000001,80,KRSA,0,1,CAMK,MAPKAPK,MNK,MKNK2
RAF,-2.2733333333333334,12,KRSA,0.8508863399374348,4,TKL,RAF,RAF,ARAF
RAF,-2.2733333333333334,12,KRSA,0.8508863399374348,4,TKL,RAF,RAF,BRAF
RAF,-2.2733333333333334,12,KRSA,0.8508863399374348,4,TKL,RAF,KSR,KSR1
RAF,-2.2733333333333334,12,KRSA,0.8508863399374348,4,TKL,RAF,KSR,KSR2
RAF,-2.2733333333333334,12,KRSA,0.8508863399374348,4,TKL,RAF,RAF,RAF1
HAL,0.8183333333333334,40,KRSA,0.5005213764337852,3,RGC,RGC,RGC,NPR1
MTOR,-1.9066666666666667,15,KRSA,0.8133472367049009,4,ATYPICAL,PIKK,FRAP,MTOR
PRKDC,-0.8483333333333333,37,KRSA,0.5380604796663191,3,ATYPICAL,PIKK,DNAPK,PRKDC
STE7,-2.001666666666667,14,KRSA,0.8258602711157456,4,STE,STE7,MEK1,MAP2K1
STE7,-2.001666666666667,14,KRSA,0.8258602711157456,4,STE,STE7,MEK1,MAP2K2
STE7,-2.001666666666667,14,KRSA,0.8258602711157456,4,STE,STE7,MEK3,MAP2K3
STE7,-2.001666666666667,14,KRSA,0.8258602711157456,4,STE,STE7,MEK4,MAP2K4
STE7,-2.001666666666667,14,KRSA,0.8258602711157456,4,STE,STE7,MEK5,MAP2K5
STE7,-2.001666666666667,14,KRSA,0.8258602711157456,4,STE,STE7,MEK3,MAP2K6
STE7,-2.001666666666667,14,KRSA,0.8258602711157456,4,STE,STE7,MEK7,MAP2K7
PKCD,1.2466666666666666,26,KRSA,0.67570385818561,3,AGC,PKC,DELTA,PRKCD
PKCD,1.2466666666666666,26,KRSA,0.67570385818561,3,AGC,PKC,DELTA,PRKCQ
TLK,-1.0616666666666668,29,KRSA,0.6381647549530761,3,OTHER,TLK,TLK,TLK1
TLK,-1.0616666666666668,29,KRSA,0.6381647549530761,3,OTHER,TLK,TLK,TLK2
TTK,-1.06,30,KRSA,0.6256517205422315,3,OTHER,TTK,TTK,TTK
NUAK,-1.0491666666666666,32,KRSA,0.6006256517205423,3,CAMK,CAMKL,NUAK,NUAK1
NUAK,-1.0491666666666666,32,KRSA,0.6006256517205423,3,CAMK,CAMKL,NUAK,NUAK2
PAKB,-0.4541666666666667,62,KRSA,0.22523461939520334,1,STE,STE20,PAKB,PAK4
PAKB,-0.4541666666666667,62,KRSA,0.22523461939520334,1,STE,STE20,PAKB,PAK5
PAKB,-0.4541666666666667,62,KRSA,0.22523461939520334,1,STE,STE20,PAKB,PAK6
GSK,-1.600833333333333,19,KRSA,0.7632950990615224,4,CMGC,GSK,GSK,GSK3A
GSK,-1.600833333333333,19,KRSA,0.7632950990615224,4,CMGC,GSK,GSK,GSK3B
PKN,-0.8133333333333334,41,KRSA,0.4880083420229406,2,AGC,PKN,PKN,PKN1
PKN,-0.8133333333333334,41,KRSA,0.4880083420229406,2,AGC,PKN,PKN,PKN2
PKN,-0.8133333333333334,41,KRSA,0.4880083420229406,2,AGC,PKN,PKN,PKN3
RAD53,0.6833333333333333,52,KRSA,0.35036496350364965,2,CAMK,RAD53,RAD53,CHEK2
SLK,0.6541666666666667,55,KRSA,0.31282586027111575,2,STE,STE20,SLK,SLK
SLK,0.6541666666666667,55,KRSA,0.31282586027111575,2,STE,STE20,SLK,STK10
PASK,1.0216666666666667,33,KRSA,0.5881126173096975,3,CAMK,CAMKL,PASK,PASK
CHK1,-0.37,65,KRSA,0.18769551616266944,1,CAMK,CAMKL,CHK1,CHEK1
ATR,-1.0508333333333333,31,KRSA,0.6131386861313869,3,ATYPICAL,PIKK,ATR,ATR
GRK,-0.17250000000000004,72,KRSA,0.10010427528675704,1,AGC,GRK,GRK,GRK1
GRK,-0.17250000000000004,72,KRSA,0.10010427528675704,1,AGC,GRK,GRK,GRK4
GRK,-0.17250000000000004,72,KRSA,0.10010427528675704,1,AGC,GRK,GRK,GRK5
GRK,-0.17250000000000004,72,KRSA,0.10010427528675704,1,AGC,GRK,GRK,GRK6
GRK,-0.17250000000000004,72,KRSA,0.10010427528675704,1,AGC,GRK,GRK,GRK7
PDHK,0.16499999999999998,73,KRSA,0.08759124087591241,1,ATYPICAL,PDHK,BCKDK,BCKDK
PDHK,0.16499999999999998,73,KRSA,0.08759124087591241,1,ATYPICAL,PDHK,PDHK,PDK2
PDHK,0.16499999999999998,73,KRSA,0.08759124087591241,1,ATYPICAL,PDHK,PDHK,PDK3
PDHK,0.16499999999999998,73,KRSA,0.08759124087591241,1,ATYPICAL,PDHK,PDHK,PDK4
MOS,-0.7525,45,KRSA,0.43795620437956206,2,OTHER,MOS,MOS,MOS
WNK,-0.75,46,KRSA,0.4254431699687174,2,OTHER,WNK,WNK,WNK1
WNK,-0.75,46,KRSA,0.4254431699687174,2,OTHER,WNK,WNK,WNK2
WNK,-0.75,46,KRSA,0.4254431699687174,2,OTHER,WNK,WNK,WNK3
WNK,-0.75,46,KRSA,0.4254431699687174,2,OTHER,WNK,WNK,WNK4
BUD32,-0.735,50,KRSA,0.3753910323253389,2,OTHER,BUD32,BUD32,TP53RK
KHS,0.11833333333333336,76,KRSA,0.05005213764337852,1,STE,STE20,KHS,MAP4K1
KHS,0.11833333333333336,76,KRSA,0.05005213764337852,1,STE,STE20,KHS,MAP4K2
KHS,0.11833333333333336,76,KRSA,0.05005213764337852,1,STE,STE20,KHS,MAP4K3
KHS,0.11833333333333336,76,KRSA,0.05005213764337852,1,STE,STE20,KHS,MAP4K5
CAMKK,-0.7358333333333333,49,KRSA,0.38790406673618355,2,OTHER,CAMKK,META,CAMKK1
CAMKK,-0.7358333333333333,49,KRSA,0.38790406673618355,2,OTHER,CAMKK,META,CAMKK2
ULK,-0.7416666666666667,47,KRSA,0.4129301355578728,2,OTHER,ULK,FUSED,STK36
ULK,-0.7416666666666667,47,KRSA,0.4129301355578728,2,OTHER,ULK,ULK,ULK1
ULK,-0.7416666666666667,47,KRSA,0.4129301355578728,2,OTHER,ULK,ULK,ULK2
ULK,-0.7416666666666667,47,KRSA,0.4129301355578728,2,OTHER,ULK,ULK,ULK3
ULK,-0.7416666666666667,47,KRSA,0.4129301355578728,2,OTHER,ULK,ULK,ULK4
BRSK,-0.06416666666666665,78,KRSA,0.02502606882168926,1,CAMK,CAMKL,BRSK,BRSK1
BRSK,-0.06416666666666665,78,KRSA,0.02502606882168926,1,CAMK,CAMKL,BRSK,BRSK2
NIK,-0.74,48,KRSA,0.40041710114702816,2,STE,STE-UNIQUE,STE-UNIQUE,MAP3K14
TAO,-0.5683333333333334,58,KRSA,0.27528675703858185,2,STE,STE20,TAO,TAOK1
TAO,-0.5683333333333334,58,KRSA,0.27528675703858185,2,STE,STE20,TAO,TAOK2
TAO,-0.5683333333333334,58,KRSA,0.27528675703858185,2,STE,STE20,TAO,TAOK3
CLK,-0.7333333333333334,51,KRSA,0.36287799791449427,2,CMGC,CLK,CLK,CLK1
CLK,-0.7333333333333334,51,KRSA,0.36287799791449427,2,CMGC,CLK,CLK,CLK2
CLK,-0.7333333333333334,51,KRSA,0.36287799791449427,2,CMGC,CLK,CLK,CLK3
CLK,-0.7333333333333334,51,KRSA,0.36287799791449427,2,CMGC,CLK,CLK,CLK4
DMPK,0.09583333333333326,77,KRSA,0.03753910323253389,1,AGC,DMPK,GEK,CDC42BPA
DMPK,0.09583333333333326,77,KRSA,0.03753910323253389,1,AGC,DMPK,GEK,CDC42BPB
DMPK,0.09583333333333326,77,KRSA,0.03753910323253389,1,AGC,DMPK,GEK,CDC42BPG
DMPK,0.09583333333333326,77,KRSA,0.03753910323253389,1,AGC,DMPK,CRIK,CIT
DMPK,0.09583333333333326,77,KRSA,0.03753910323253389,1,AGC,DMPK,GEK,DMPK
DMPK,0.09583333333333326,77,KRSA,0.03753910323253389,1,AGC,DMPK,ROCK,ROCK1
DMPK,0.09583333333333326,77,KRSA,0.03753910323253389,1,AGC,DMPK,ROCK,ROCK2
ATM,-0.6041666666666666,57,KRSA,0.28779979144942647,2,ATYPICAL,PIKK,ATM,ATM
AUR,-0.02333333333333338,79,KRSA,0.01251303441084463,1,OTHER,AUR,AUR,AURKA
AUR,-0.02333333333333338,79,KRSA,0.01251303441084463,1,OTHER,AUR,AUR,AURKB
AUR,-0.02333333333333338,79,KRSA,0.01251303441084463,1,OTHER,AUR,AUR,AURKC
NDR,0.79,42,KRSA,0.4754953076120959,2,AGC,NDR,NDR,LATS1
NDR,0.79,42,KRSA,0.4754953076120959,2,AGC,NDR,NDR,LATS2
NDR,0.79,42,KRSA,0.4754953076120959,2,AGC,NDR,NDR,STK38
NDR,0.79,42,KRSA,0.4754953076120959,2,AGC,NDR,NDR,STK38L
PKD,0.85,36,KRSA,0.5505735140771637,3,CAMK,PKD,PKD,PRKD1
PKD,0.85,36,KRSA,0.5505735140771637,3,CAMK,PKD,PKD,PRKD2
PKD,0.85,36,KRSA,0.5505735140771637,3,CAMK,PKD,PKD,PRKD3
PKCI,0.8816666666666666,34,KRSA,0.5755995828988529,3,AGC,PKC,IOTA,PRKCI
PKCI,0.8816666666666666,34,KRSA,0.5755995828988529,3,AGC,PKC,IOTA,PRKCZ
PKCH,-0.6566666666666666,54,KRSA,0.32533889468196037,2,AGC,PKC,ETA,PRKCE
PKCH,-0.6566666666666666,54,KRSA,0.32533889468196037,2,AGC,PKC,ETA,PRKCH
LKB,-1.2583333333333333,25,KRSA,0.6882168925964547,3,CAMK,CAMKL,LKB,STK11
AKT,0.22333333333333336,68,KRSA,0.15015641293013557,1,AGC,AKT,AKT,AKT1
AKT,0.22333333333333336,68,KRSA,0.15015641293013557,1,AGC,AKT,AKT,AKT2
AKT,0.22333333333333336,68,KRSA,0.15015641293013557,1,AGC,AKT,AKT,AKT3
STE11,-1.1091666666666666,28,KRSA,0.6506777893639207,3,TKL,MLK,TAK1,MAP3K7
STE11,-1.1091666666666666,28,KRSA,0.6506777893639207,3,STE,STE11,MEKK1,MAP3K1
STE11,-1.1091666666666666,28,KRSA,0.6506777893639207,3,STE,STE11,ASK,MAP3K15
STE11,-1.1091666666666666,28,KRSA,0.6506777893639207,3,STE,STE11,MEKK2,MAP3K2
STE11,-1.1091666666666666,28,KRSA,0.6506777893639207,3,STE,STE11,MEKK2,MAP3K3
STE11,-1.1091666666666666,28,KRSA,0.6506777893639207,3,STE,STE11,MEKK4,MAP3K4
STE11,-1.1091666666666666,28,KRSA,0.6506777893639207,3,STE,STE11,ASK,MAP3K5
STE11,-1.1091666666666666,28,KRSA,0.6506777893639207,3,STE,STE11,ASK,MAP3K6
CK2,-0.16249999999999998,74,KRSA,0.07507820646506778,1,CMGC,CK2,CK2,CSNK2A1
CK2,-0.16249999999999998,74,KRSA,0.07507820646506778,1,CMGC,CK2,CK2,CSNK2A2
CK2,-0.16249999999999998,74,KRSA,0.07507820646506778,1,NA,NA,NA,CSNK2A3
NEK,-0.4066666666666667,64,KRSA,0.20020855057351408,1,OTHER,NEK,NEK11,NEK11
NEK,-0.4066666666666667,64,KRSA,0.20020855057351408,1,OTHER,NEK,NEK2,NEK2
NEK,-0.4066666666666667,64,KRSA,0.20020855057351408,1,OTHER,NEK,NEK1,NEK3
NEK,-0.4066666666666667,64,KRSA,0.20020855057351408,1,OTHER,NEK,NEK4,NEK4
NEK,-0.4066666666666667,64,KRSA,0.20020855057351408,1,OTHER,NEK,NEK1,NEK5
NEK,-0.4066666666666667,64,KRSA,0.20020855057351408,1,OTHER,NEK,NEK6,NEK6
NEK,-0.4066666666666667,64,KRSA,0.20020855057351408,1,OTHER,NEK,NEK6,NEK7
NEK,-0.4066666666666667,64,KRSA,0.20020855057351408,1,OTHER,NEK,NEK8,NEK8
NEK,-0.4066666666666667,64,KRSA,0.20020855057351408,1,OTHER,NEK,NEK8,NEK9
DAPK,-0.44333333333333336,63,KRSA,0.2127215849843587,1,CAMK,DAPK,DAPK,DAPK1
DAPK,-0.44333333333333336,63,KRSA,0.2127215849843587,1,CAMK,DAPK,DAPK,DAPK2
DAPK,-0.44333333333333336,63,KRSA,0.2127215849843587,1,CAMK,DAPK,DAPK,DAPK3
DAPK,-0.44333333333333336,63,KRSA,0.2127215849843587,1,CAMK,DAPK,DRAK,STK17A
DAPK,-0.44333333333333336,63,KRSA,0.2127215849843587,1,CAMK,DAPK,DRAK,STK17B
RSK,1.2241666666666666,27,KRSA,0.6631908237747653,3,AGC,RSK,RSK,RPS6KA1
RSK,1.2241666666666666,27,KRSA,0.6631908237747653,3,AGC,RSK,RSK,RPS6KA2
RSK,1.2241666666666666,27,KRSA,0.6631908237747653,3,AGC,RSK,RSK,RPS6KA3
RSK,1.2241666666666666,27,KRSA,0.6631908237747653,3,AGC,RSK,MSK,RPS6KA4
RSK,1.2241666666666666,27,KRSA,0.6631908237747653,3,AGC,RSK,MSK,RPS6KA5
RSK,1.2241666666666666,27,KRSA,0.6631908237747653,3,AGC,RSK,RSK,RPS6KA6
RSK,1.2241666666666666,27,KRSA,0.6631908237747653,3,AGC,RSK,P70,RPS6KB1
RSK,1.2241666666666666,27,KRSA,0.6631908237747653,3,AGC,RSK,P70,RPS6KB2
SGK,-0.2016666666666667,69,KRSA,0.13764337851929093,1,AGC,SGK,SGK,SGK1
SGK,-0.2016666666666667,69,KRSA,0.13764337851929093,1,AGC,SGK,SGK,SGK2
SGK,-0.2016666666666667,69,KRSA,0.13764337851929093,1,AGC,SGK,SGK,SGK3
VRK1,-1.3816666666666666,24,KRSA,0.7007299270072993,3,CK1,VRK,VRK,VRK1
MLCK,-0.7608333333333334,44,KRSA,0.4504692387904067,2,CAMK,MLCK,MLCK,MYLK
MLCK,-0.7608333333333334,44,KRSA,0.4504692387904067,2,CAMK,MLCK,MLCK,MYLK2
MLCK,-0.7608333333333334,44,KRSA,0.4504692387904067,2,CAMK,MLCK,MLCK,TTN
MELK,-0.8466666666666667,38,KRSA,0.5255474452554745,3,CAMK,CAMKL,MELK,MELK
COT,0.12083333333333336,75,KRSA,0.06256517205422316,1,STE,STE-UNIQUE,STE-UNIQUE,MAP3K8
CAMK2,0.20083333333333336,70,KRSA,0.1251303441084463,1,CAMK,CAMK2,CAMK2,CAMK2A
CAMK2,0.20083333333333336,70,KRSA,0.1251303441084463,1,CAMK,CAMK2,CAMK2,CAMK2B
CAMK2,0.20083333333333336,70,KRSA,0.1251303441084463,1,CAMK,CAMK2,CAMK2,CAMK2D
CAMK2,0.20083333333333336,70,KRSA,0.1251303441084463,1,CAMK,CAMK2,CAMK2,CAMK2G
MSN,-0.3675,66,KRSA,0.17518248175182483,1,STE,STE20,MSN,MAP4K4
MSN,-0.3675,66,KRSA,0.17518248175182483,1,STE,STE20,MSN,NRK
MSN,-0.3675,66,KRSA,0.17518248175182483,1,STE,STE20,MSN,TNIK
NAK,-0.8308333333333333,39,KRSA,0.5130344108446299,3,OTHER,NAK,BIKE,AAK1
NAK,-0.8308333333333333,39,KRSA,0.5130344108446299,3,OTHER,NAK,BIKE,BMP2K
NAK,-0.8308333333333333,39,KRSA,0.5130344108446299,3,OTHER,NAK,GAK,GAK
NAK,-0.8308333333333333,39,KRSA,0.5130344108446299,3,OTHER,NAK,MPSK,STK16
AMPK,0.47,61,KRSA,0.23774765380604795,1,CAMK,CAMKL,AMPK,PRKAA1
AMPK,0.47,61,KRSA,0.23774765380604795,1,CAMK,CAMKL,AMPK,PRKAA2
PAKA,1.44,22,KRSA,0.7257559958289885,3,STE,STE20,PAKA,PAK1
PAKA,1.44,22,KRSA,0.7257559958289885,3,STE,STE20,PAKA,PAK2
PAKA,1.44,22,KRSA,0.7257559958289885,3,STE,STE20,PAKA,PAK3
STKR,-0.6591666666666667,53,KRSA,0.337851929092805,2,TKL,STKR,TYPE1,ACVR1
STKR,-0.6591666666666667,53,KRSA,0.337851929092805,2,TKL,STKR,TYPE1,ACVR1B
STKR,-0.6591666666666667,53,KRSA,0.337851929092805,2,TKL,STKR,TYPE1,ACVR1C
STKR,-0.6591666666666667,53,KRSA,0.337851929092805,2,TKL,STKR,TYPE2,ACVR2A
STKR,-0.6591666666666667,53,KRSA,0.337851929092805,2,TKL,STKR,TYPE2,ACVR2B
STKR,-0.6591666666666667,53,KRSA,0.337851929092805,2,TKL,STKR,TYPE1,ACVRL1
STKR,-0.6591666666666667,53,KRSA,0.337851929092805,2,TKL,STKR,TYPE2,AMHR2
STKR,-0.6591666666666667,53,KRSA,0.337851929092805,2,TKL,STKR,TYPE1,BMPR1A
STKR,-0.6591666666666667,53,KRSA,0.337851929092805,2,TKL,STKR,TYPE1,BMPR1B
STKR,-0.6591666666666667,53,KRSA,0.337851929092805,2,TKL,STKR,TYPE2,BMPR2
STKR,-0.6591666666666667,53,KRSA,0.337851929092805,2,TKL,STKR,TYPE1,TGFBR1
STKR,-0.6591666666666667,53,KRSA,0.337851929092805,2,TKL,STKR,TYPE2,TGFBR2
PIM,0.6166666666666667,56,KRSA,0.30031282586027114,2,CAMK,PIM,PIM,PIM1
PIM,0.6166666666666667,56,KRSA,0.30031282586027114,2,CAMK,PIM,PIM,PIM2
PIM,0.6166666666666667,56,KRSA,0.30031282586027114,2,CAMK,PIM,PIM,PIM3
MLK,-0.18,71,KRSA,0.11261730969760167,1,TKL,MLK,ILK,ILK
MLK,-0.18,71,KRSA,0.11261730969760167,1,TKL,MLK,MLK,MAP3K10
MLK,-0.18,71,KRSA,0.11261730969760167,1,TKL,MLK,MLK,MAP3K11
MLK,-0.18,71,KRSA,0.11261730969760167,1,TKL,MLK,LZK,MAP3K12
MLK,-0.18,71,KRSA,0.11261730969760167,1,TKL,MLK,LZK,MAP3K13
MLK,-0.18,71,KRSA,0.11261730969760167,1,TKL,MLK,MLK,MAP3K9
MLK,-0.18,71,KRSA,0.11261730969760167,1,TKL,MLK,HH498,TNNI3K
IKK,-0.2791666666666666,67,KRSA,0.16266944734098018,1,OTHER,IKK,IKK,CHUK
IKK,-0.2791666666666666,67,KRSA,0.16266944734098018,1,OTHER,IKK,IKK,IKBKB
IKK,-0.2791666666666666,67,KRSA,0.16266944734098018,1,OTHER,IKK,IKK,IKBKE
IKK,-0.2791666666666666,67,KRSA,0.16266944734098018,1,OTHER,IKK,IKK,TBK1
PDK1,-4.216666666666667,2,KRSA,0.9760166840458812,4,ATYPICAL,PDHK,PDHK,PDK1
PDK1,-4.216666666666667,2,KRSA,0.9760166840458812,4,AGC,PDK1,PDK1,PDPK1
ERK,-4.145,4,KRSA,0.9509906152241918,4,CMGC,MAPK,ERK1,MAPK1
ERK,-4.145,4,KRSA,0.9509906152241918,4,CMGC,MAPK,ERK7,MAPK15
ERK,-4.145,4,KRSA,0.9509906152241918,4,CMGC,MAPK,ERK1,MAPK3
ERK,-4.145,4,KRSA,0.9509906152241918,4,CMGC,MAPK,ERK3,MAPK4
ERK,-4.145,4,KRSA,0.9509906152241918,4,CMGC,MAPK,ERK3,MAPK6
ERK,-4.145,4,KRSA,0.9509906152241918,4,CMGC,MAPK,ERK5,MAPK7
DYRK,-4.3341666666666665,1,KRSA,0.9885297184567258,4,CMGC,DYRK,DYRK1,DYRK1A
DYRK,-4.3341666666666665,1,KRSA,0.9885297184567258,4,CMGC,DYRK,DYRK1,DYRK1B
DYRK,-4.3341666666666665,1,KRSA,0.9885297184567258,4,CMGC,DYRK,DYRK2,DYRK2
DYRK,-4.3341666666666665,1,KRSA,0.9885297184567258,4,CMGC,DYRK,DYRK2,DYRK3
DYRK,-4.3341666666666665,1,KRSA,0.9885297184567258,4,CMGC,DYRK,DYRK2,DYRK4
DYRK,-4.3341666666666665,1,KRSA,0.9885297184567258,4,CMGC,DYRK,HIPK,HIPK1
DYRK,-4.3341666666666665,1,KRSA,0.9885297184567258,4,CMGC,DYRK,HIPK,HIPK2
DYRK,-4.3341666666666665,1,KRSA,0.9885297184567258,4,CMGC,DYRK,HIPK,HIPK3
DYRK,-4.3341666666666665,1,KRSA,0.9885297184567258,4,CMGC,DYRK,HIPK,HIPK4
DYRK,-4.3341666666666665,1,KRSA,0.9885297184567258,4,CMGC,DYRK,PRP4,PRPF4B
JNK,-4.1725,3,KRSA,0.9635036496350365,4,CMGC,MAPK,JNK,MAPK10
JNK,-4.1725,3,KRSA,0.9635036496350365,4,CMGC,MAPK,JNK,MAPK8
JNK,-4.1725,3,KRSA,0.9635036496350365,4,CMGC,MAPK,JNK,MAPK9
PKA,3.75,6,KRSA,0.9259645464025026,4,AGC,PKA,PKA,PRKACA
PKA,3.75,6,KRSA,0.9259645464025026,4,AGC,PKA,PKA,PRKACB
PKA,3.75,6,KRSA,0.9259645464025026,4,AGC,PKA,PKA,PRKACG
PKA,3.75,6,KRSA,0.9259645464025026,4,AGC,PKA,PKA,PRKX
PKA,3.75,6,KRSA,0.9259645464025026,4,AGC,PKA,PKA,PRKY
CDK,-3.82,5,KRSA,0.9384775808133472,4,CMGC,CDK,CDC2,CDK1
CDK,-3.82,5,KRSA,0.9384775808133472,4,CMGC,CDK,CDK10,CDK10
CDK,-3.82,5,KRSA,0.9384775808133472,4,CMGC,CDK,CRK7,CDK12
CDK,-3.82,5,KRSA,0.9384775808133472,4,CMGC,CDK,CRK7,CDK13
CDK,-3.82,5,KRSA,0.9384775808133472,4,CMGC,CDK,PFTAIRE,CDK14
CDK,-3.82,5,KRSA,0.9384775808133472,4,CMGC,CDK,PFTAIRE,CDK15
CDK,-3.82,5,KRSA,0.9384775808133472,4,CMGC,CDK,PCTAIRE,CDK16
CDK,-3.82,5,KRSA,0.9384775808133472,4,CMGC,CDK,PCTAIRE,CDK17
CDK,-3.82,5,KRSA,0.9384775808133472,4,CMGC,CDK,PCTAIRE,CDK18
CDK,-3.82,5,KRSA,0.9384775808133472,4,CMGC,CDK,CDK8,CDK19
CDK,-3.82,5,KRSA,0.9384775808133472,4,CMGC,CDK,CDC2,CDK2
CDK,-3.82,5,KRSA,0.9384775808133472,4,CMGC,CDK,CCRK,CDK20
CDK,-3.82,5,KRSA,0.9384775808133472,4,CMGC,CDK,CDC2,CDK3
CDK,-3.82,5,KRSA,0.9384775808133472,4,CMGC,CDK,CDK4,CDK4
CDK,-3.82,5,KRSA,0.9384775808133472,4,CMGC,CDK,CDK5,CDK5
CDK,-3.82,5,KRSA,0.9384775808133472,4,CMGC,CDK,CDK4,CDK6
CDK,-3.82,5,KRSA,0.9384775808133472,4,CMGC,CDK,CDK7,CDK7
CDK,-3.82,5,KRSA,0.9384775808133472,4,CMGC,CDK,CDK8,CDK8
CDK,-3.82,5,KRSA,0.9384775808133472,4,CMGC,CDK,CDK9,CDK9
CDK,-3.82,5,KRSA,0.9384775808133472,4,NA,NA,NA,CDK11A
CDK,-3.82,5,KRSA,0.9384775808133472,4,NA,NA,NA,CDK11B
P38,-3.2616666666666667,7,KRSA,0.913451511991658,4,CMGC,MAPK,P38,MAPK11
P38,-3.2616666666666667,7,KRSA,0.913451511991658,4,CMGC,MAPK,P38,MAPK12
P38,-3.2616666666666667,7,KRSA,0.913451511991658,4,CMGC,MAPK,P38,MAPK13
P38,-3.2616666666666667,7,KRSA,0.913451511991658,4,CMGC,MAPK,P38,MAPK14
PEK,-2.9908333333333332,9,KRSA,0.8884254431699687,4,OTHER,PEK,HRI,EIF2AK1
PEK,-2.9908333333333332,9,KRSA,0.8884254431699687,4,OTHER,PEK,PKR,EIF2AK2
PEK,-2.9908333333333332,9,KRSA,0.8884254431699687,4,OTHER,PEK,PEK,EIF2AK3
PEK,-2.9908333333333332,9,KRSA,0.8884254431699687,4,OTHER,PEK,GCN2,EIF2AK4
PLK,-2.6575,10,KRSA,0.8759124087591241,4,NA,NA,NA,PLK5
PLK,-2.6575,10,KRSA,0.8759124087591241,4,OTHER,PLK,PLK1,PLK1
PLK,-2.6575,10,KRSA,0.8759124087591241,4,OTHER,PLK,PLK2,PLK2
PLK,-2.6575,10,KRSA,0.8759124087591241,4,OTHER,PLK,PLK2,PLK3
PLK,-2.6575,10,KRSA,0.8759124087591241,4,OTHER,PLK,SAK,PLK4
PKG,3.2458333333333336,8,KRSA,0.9009384775808134,4,AGC,PKG,PKG,PRKG1
PKG,3.2458333333333336,8,KRSA,0.9009384775808134,4,AGC,PKG,PKG,PRKG2
CAMK1,1.7733333333333332,17,KRSA,0.7883211678832117,4,CAMK,CAMK1,CAMK1,CAMK1
CAMK1,1.7733333333333332,17,KRSA,0.7883211678832117,4,CAMK,CAMK1,CAMK1,CAMK1D
CAMK1,1.7733333333333332,17,KRSA,0.7883211678832117,4,CAMK,CAMK1,CAMK1,CAMK1G
CAMK1,1.7733333333333332,17,KRSA,0.7883211678832117,4,CAMK,CAMK1,CAMK1,CAMK4
CAMK1,1.7733333333333332,17,KRSA,0.7883211678832117,4,CAMK,CAMK1,CAMK1,PNCK
NMO,-2.235,13,KRSA,0.8383733055265902,4,CMGC,MAPK,NMO,NLK
PKCD,1.2466666666666666,26,KRSA,0.67570385818561,3,AGC,PKC,DELTA,PRKCD
PKCD,1.2466666666666666,26,KRSA,0.67570385818561,3,AGC,PKC,DELTA,PRKCQ
MST,-2.3975,11,KRSA,0.8633993743482794,4,STE,STE20,MST,STK3
MST,-2.3975,11,KRSA,0.8633993743482794,4,STE,STE20,MST,STK4
RSK,1.2241666666666666,27,KRSA,0.6631908237747653,3,AGC,RSK,RSK,RPS6KA1
RSK,1.2241666666666666,27,KRSA,0.6631908237747653,3,AGC,RSK,RSK,RPS6KA2
RSK,1.2241666666666666,27,KRSA,0.6631908237747653,3,AGC,RSK,RSK,RPS6KA3
RSK,1.2241666666666666,27,KRSA,0.6631908237747653,3,AGC,RSK,MSK,RPS6KA4
RSK,1.2241666666666666,27,KRSA,0.6631908237747653,3,AGC,RSK,MSK,RPS6KA5
RSK,1.2241666666666666,27,KRSA,0.6631908237747653,3,AGC,RSK,RSK,RPS6KA6
RSK,1.2241666666666666,27,KRSA,0.6631908237747653,3,AGC,RSK,P70,RPS6KB1
RSK,1.2241666666666666,27,KRSA,0.6631908237747653,3,AGC,RSK,P70,RPS6KB2
RIPK,1.596666666666667,20,KRSA,0.7507820646506778,4,TKL,RIPK,RIPK,ANKK1
RIPK,1.596666666666667,20,KRSA,0.7507820646506778,4,TKL,RIPK,RIPK,RIPK1
RIPK,1.596666666666667,20,KRSA,0.7507820646506778,4,TKL,RIPK,RIPK,RIPK2
RIPK,1.596666666666667,20,KRSA,0.7507820646506778,4,TKL,RIPK,RIPK,RIPK3
RIPK,1.596666666666667,20,KRSA,0.7507820646506778,4,TKL,RIPK,RIPK,RIPK4
GSK,-1.600833333333333,19,KRSA,0.7632950990615224,4,CMGC,GSK,GSK,GSK3A
GSK,-1.600833333333333,19,KRSA,0.7632950990615224,4,CMGC,GSK,GSK,GSK3B
RAF,-2.2733333333333334,12,KRSA,0.8508863399374348,4,TKL,RAF,RAF,ARAF
RAF,-2.2733333333333334,12,KRSA,0.8508863399374348,4,TKL,RAF,RAF,BRAF
RAF,-2.2733333333333334,12,KRSA,0.8508863399374348,4,TKL,RAF,KSR,KSR1
RAF,-2.2733333333333334,12,KRSA,0.8508863399374348,4,TKL,RAF,KSR,KSR2
RAF,-2.2733333333333334,12,KRSA,0.8508863399374348,4,TKL,RAF,RAF,RAF1
PIM,0.6166666666666667,56,KRSA,0.30031282586027114,2,CAMK,PIM,PIM,PIM1
PIM,0.6166666666666667,56,KRSA,0.30031282586027114,2,CAMK,PIM,PIM,PIM2
PIM,0.6166666666666667,56,KRSA,0.30031282586027114,2,CAMK,PIM,PIM,PIM3
VRK1,-1.3816666666666666,24,KRSA,0.7007299270072993,3,CK1,VRK,VRK,VRK1
PKD,0.85,36,KRSA,0.5505735140771637,3,CAMK,PKD,PKD,PRKD1
PKD,0.85,36,KRSA,0.5505735140771637,3,CAMK,PKD,PKD,PRKD2
PKD,0.85,36,KRSA,0.5505735140771637,3,CAMK,PKD,PKD,PRKD3
IRAK,-0.5583333333333333,59,KRSA,0.26277372262773724,2,TKL,IRAK,IRAK,IRAK1
IRAK,-0.5583333333333333,59,KRSA,0.26277372262773724,2,TKL,IRAK,IRAK,IRAK2
IRAK,-0.5583333333333333,59,KRSA,0.26277372262773724,2,TKL,IRAK,IRAK,IRAK3
IRAK,-0.5583333333333333,59,KRSA,0.26277372262773724,2,TKL,IRAK,IRAK,IRAK4
CK1,-1.7291666666666667,18,KRSA,0.7758081334723671,4,CK1,CK1,CK1-A,CSNK1A1
CK1,-1.7291666666666667,18,KRSA,0.7758081334723671,4,CK1,CK1,CK1-A,CSNK1A1L
CK1,-1.7291666666666667,18,KRSA,0.7758081334723671,4,CK1,CK1,CK1-D,CSNK1D
CK1,-1.7291666666666667,18,KRSA,0.7758081334723671,4,CK1,CK1,CK1-D,CSNK1E
CK1,-1.7291666666666667,18,KRSA,0.7758081334723671,4,CK1,CK1,CK1-G,CSNK1G1
CK1,-1.7291666666666667,18,KRSA,0.7758081334723671,4,CK1,CK1,CK1-G,CSNK1G2
CK1,-1.7291666666666667,18,KRSA,0.7758081334723671,4,CK1,CK1,CK1-G,CSNK1G3
CK1,-1.7291666666666667,18,KRSA,0.7758081334723671,4,CK1,TTBK,TTBK,TTBK1
CK1,-1.7291666666666667,18,KRSA,0.7758081334723671,4,CK1,TTBK,TTBK,TTBK2
CK1,-1.7291666666666667,18,KRSA,0.7758081334723671,4,CK1,VRK,VRK,VRK3
QIK,-1.5333333333333334,21,KRSA,0.7382690302398331,3,CAMK,CAMKL,QIK,SIK1
QIK,-1.5333333333333334,21,KRSA,0.7382690302398331,3,CAMK,CAMKL,QIK,SIK2
FRAY,-1.850833333333333,16,KRSA,0.8008342022940563,4,STE,STE20,FRAY,OXSR1
FRAY,-1.850833333333333,16,KRSA,0.8008342022940563,4,STE,STE20,FRAY,STK39
PASK,1.0216666666666667,33,KRSA,0.5881126173096975,3,CAMK,CAMKL,PASK,PASK
SLK,0.6541666666666667,55,KRSA,0.31282586027111575,2,STE,STE20,SLK,SLK
SLK,0.6541666666666667,55,KRSA,0.31282586027111575,2,STE,STE20,SLK,STK10
AKT,0.22333333333333336,68,KRSA,0.15015641293013557,1,AGC,AKT,AKT,AKT1
AKT,0.22333333333333336,68,KRSA,0.15015641293013557,1,AGC,AKT,AKT,AKT2
AKT,0.22333333333333336,68,KRSA,0.15015641293013557,1,AGC,AKT,AKT,AKT3
STE7,-2.001666666666667,14,KRSA,0.8258602711157456,4,STE,STE7,MEK1,MAP2K1
STE7,-2.001666666666667,14,KRSA,0.8258602711157456,4,STE,STE7,MEK1,MAP2K2
STE7,-2.001666666666667,14,KRSA,0.8258602711157456,4,STE,STE7,MEK3,MAP2K3
STE7,-2.001666666666667,14,KRSA,0.8258602711157456,4,STE,STE7,MEK4,MAP2K4
STE7,-2.001666666666667,14,KRSA,0.8258602711157456,4,STE,STE7,MEK5,MAP2K5
STE7,-2.001666666666667,14,KRSA,0.8258602711157456,4,STE,STE7,MEK3,MAP2K6
STE7,-2.001666666666667,14,KRSA,0.8258602711157456,4,STE,STE7,MEK7,MAP2K7
BARK2,0.5499999999999999,60,KRSA,0.2502606882168926,2,AGC,GRK,BARK,GRK3
NDR,0.79,42,KRSA,0.4754953076120959,2,AGC,NDR,NDR,LATS1
NDR,0.79,42,KRSA,0.4754953076120959,2,AGC,NDR,NDR,LATS2
NDR,0.79,42,KRSA,0.4754953076120959,2,AGC,NDR,NDR,STK38
NDR,0.79,42,KRSA,0.4754953076120959,2,AGC,NDR,NDR,STK38L
MTOR,-1.9066666666666667,15,KRSA,0.8133472367049009,4,ATYPICAL,PIKK,FRAP,MTOR
LKB,-1.2583333333333333,25,KRSA,0.6882168925964547,3,CAMK,CAMKL,LKB,STK11
PAKA,1.44,22,KRSA,0.7257559958289885,3,STE,STE20,PAKA,PAK1
PAKA,1.44,22,KRSA,0.7257559958289885,3,STE,STE20,PAKA,PAK2
PAKA,1.44,22,KRSA,0.7257559958289885,3,STE,STE20,PAKA,PAK3
PKCA,-1.413333333333333,23,KRSA,0.7132429614181439,3,AGC,PKC,ALPHA,PRKCA
PKCA,-1.413333333333333,23,KRSA,0.7132429614181439,3,AGC,PKC,ALPHA,PRKCB
PKCA,-1.413333333333333,23,KRSA,0.7132429614181439,3,AGC,PKC,ALPHA,PRKCG
PAKB,-0.4541666666666667,62,KRSA,0.22523461939520334,1,STE,STE20,PAKB,PAK4
PAKB,-0.4541666666666667,62,KRSA,0.22523461939520334,1,STE,STE20,PAKB,PAK5
PAKB,-0.4541666666666667,62,KRSA,0.22523461939520334,1,STE,STE20,PAKB,PAK6
TLK,-1.0616666666666668,29,KRSA,0.6381647549530761,3,OTHER,TLK,TLK,TLK1
TLK,-1.0616666666666668,29,KRSA,0.6381647549530761,3,OTHER,TLK,TLK,TLK2
TTK,-1.06,30,KRSA,0.6256517205422315,3,OTHER,TTK,TTK,TTK
PKN,-0.8133333333333334,41,KRSA,0.4880083420229406,2,AGC,PKN,PKN,PKN1
PKN,-0.8133333333333334,41,KRSA,0.4880083420229406,2,AGC,PKN,PKN,PKN2
PKN,-0.8133333333333334,41,KRSA,0.4880083420229406,2,AGC,PKN,PKN,PKN3
NUAK,-1.0491666666666666,32,KRSA,0.6006256517205423,3,CAMK,CAMKL,NUAK,NUAK1
NUAK,-1.0491666666666666,32,KRSA,0.6006256517205423,3,CAMK,CAMKL,NUAK,NUAK2
CK2,-0.16249999999999998,74,KRSA,0.07507820646506778,1,CMGC,CK2,CK2,CSNK2A1
CK2,-0.16249999999999998,74,KRSA,0.07507820646506778,1,CMGC,CK2,CK2,CSNK2A2
CK2,-0.16249999999999998,74,KRSA,0.07507820646506778,1,NA,NA,NA,CSNK2A3
AMPK,0.47,61,KRSA,0.23774765380604795,1,CAMK,CAMKL,AMPK,PRKAA1
AMPK,0.47,61,KRSA,0.23774765380604795,1,CAMK,CAMKL,AMPK,PRKAA2
AUR,-0.02333333333333338,79,KRSA,0.01251303441084463,1,OTHER,AUR,AUR,AURKA
AUR,-0.02333333333333338,79,KRSA,0.01251303441084463,1,OTHER,AUR,AUR,AURKB
AUR,-0.02333333333333338,79,KRSA,0.01251303441084463,1,OTHER,AUR,AUR,AURKC
PKCH,-0.6566666666666666,54,KRSA,0.32533889468196037,2,AGC,PKC,ETA,PRKCE
PKCH,-0.6566666666666666,54,KRSA,0.32533889468196037,2,AGC,PKC,ETA,PRKCH
DMPK,0.09583333333333326,77,KRSA,0.03753910323253389,1,AGC,DMPK,GEK,CDC42BPA
DMPK,0.09583333333333326,77,KRSA,0.03753910323253389,1,AGC,DMPK,GEK,CDC42BPB
DMPK,0.09583333333333326,77,KRSA,0.03753910323253389,1,AGC,DMPK,GEK,CDC42BPG
DMPK,0.09583333333333326,77,KRSA,0.03753910323253389,1,AGC,DMPK,CRIK,CIT
DMPK,0.09583333333333326,77,KRSA,0.03753910323253389,1,AGC,DMPK,GEK,DMPK
DMPK,0.09583333333333326,77,KRSA,0.03753910323253389,1,AGC,DMPK,ROCK,ROCK1
DMPK,0.09583333333333326,77,KRSA,0.03753910323253389,1,AGC,DMPK,ROCK,ROCK2
PKCI,0.8816666666666666,34,KRSA,0.5755995828988529,3,AGC,PKC,IOTA,PRKCI
PKCI,0.8816666666666666,34,KRSA,0.5755995828988529,3,AGC,PKC,IOTA,PRKCZ
TAO,-0.5683333333333334,58,KRSA,0.27528675703858185,2,STE,STE20,TAO,TAOK1
TAO,-0.5683333333333334,58,KRSA,0.27528675703858185,2,STE,STE20,TAO,TAOK2
TAO,-0.5683333333333334,58,KRSA,0.27528675703858185,2,STE,STE20,TAO,TAOK3
CLK,-0.7333333333333334,51,KRSA,0.36287799791449427,2,CMGC,CLK,CLK,CLK1
CLK,-0.7333333333333334,51,KRSA,0.36287799791449427,2,CMGC,CLK,CLK,CLK2
CLK,-0.7333333333333334,51,KRSA,0.36287799791449427,2,CMGC,CLK,CLK,CLK3
CLK,-0.7333333333333334,51,KRSA,0.36287799791449427,2,CMGC,CLK,CLK,CLK4
CAMKK,-0.7358333333333333,49,KRSA,0.38790406673618355,2,OTHER,CAMKK,META,CAMKK1
CAMKK,-0.7358333333333333,49,KRSA,0.38790406673618355,2,OTHER,CAMKK,META,CAMKK2
ULK,-0.7416666666666667,47,KRSA,0.4129301355578728,2,OTHER,ULK,FUSED,STK36
ULK,-0.7416666666666667,47,KRSA,0.4129301355578728,2,OTHER,ULK,ULK,ULK1
ULK,-0.7416666666666667,47,KRSA,0.4129301355578728,2,OTHER,ULK,ULK,ULK2
ULK,-0.7416666666666667,47,KRSA,0.4129301355578728,2,OTHER,ULK,ULK,ULK3
ULK,-0.7416666666666667,47,KRSA,0.4129301355578728,2,OTHER,ULK,ULK,ULK4
WNK,-0.75,46,KRSA,0.4254431699687174,2,OTHER,WNK,WNK,WNK1
WNK,-0.75,46,KRSA,0.4254431699687174,2,OTHER,WNK,WNK,WNK2
WNK,-0.75,46,KRSA,0.4254431699687174,2,OTHER,WNK,WNK,WNK3
WNK,-0.75,46,KRSA,0.4254431699687174,2,OTHER,WNK,WNK,WNK4
MOS,-0.7525,45,KRSA,0.43795620437956206,2,OTHER,MOS,MOS,MOS
KHS,0.11833333333333336,76,KRSA,0.05005213764337852,1,STE,STE20,KHS,MAP4K1
KHS,0.11833333333333336,76,KRSA,0.05005213764337852,1,STE,STE20,KHS,MAP4K2
KHS,0.11833333333333336,76,KRSA,0.05005213764337852,1,STE,STE20,KHS,MAP4K3
KHS,0.11833333333333336,76,KRSA,0.05005213764337852,1,STE,STE20,KHS,MAP4K5
BRSK,-0.06416666666666665,78,KRSA,0.02502606882168926,1,CAMK,CAMKL,BRSK,BRSK1
BRSK,-0.06416666666666665,78,KRSA,0.02502606882168926,1,CAMK,CAMKL,BRSK,BRSK2
MSN,-0.3675,66,KRSA,0.17518248175182483,1,STE,STE20,MSN,MAP4K4
MSN,-0.3675,66,KRSA,0.17518248175182483,1,STE,STE20,MSN,NRK
MSN,-0.3675,66,KRSA,0.17518248175182483,1,STE,STE20,MSN,TNIK
BUD32,-0.735,50,KRSA,0.3753910323253389,2,OTHER,BUD32,BUD32,TP53RK
PRKDC,-0.8483333333333333,37,KRSA,0.5380604796663191,3,ATYPICAL,PIKK,DNAPK,PRKDC
NIK,-0.74,48,KRSA,0.40041710114702816,2,STE,STE-UNIQUE,STE-UNIQUE,MAP3K14
MLCK,-0.7608333333333334,44,KRSA,0.4504692387904067,2,CAMK,MLCK,MLCK,MYLK
MLCK,-0.7608333333333334,44,KRSA,0.4504692387904067,2,CAMK,MLCK,MLCK,MYLK2
MLCK,-0.7608333333333334,44,KRSA,0.4504692387904067,2,CAMK,MLCK,MLCK,TTN
MAPKAPK,-0.00500000000000001,80,KRSA,0,1,CAMK,MAPKAPK,MAPKAPK,MAPKAPK2
MAPKAPK,-0.00500000000000001,80,KRSA,0,1,CAMK,MAPKAPK,MAPKAPK,MAPKAPK3
MAPKAPK,-0.00500000000000001,80,KRSA,0,1,CAMK,MAPKAPK,MAPKAPK,MAPKAPK5
MAPKAPK,-0.00500000000000001,80,KRSA,0,1,CAMK,MAPKAPK,MNK,MKNK1
MAPKAPK,-0.00500000000000001,80,KRSA,0,1,CAMK,MAPKAPK,MNK,MKNK2
CAMK2,0.20083333333333336,70,KRSA,0.1251303441084463,1,CAMK,CAMK2,CAMK2,CAMK2A
CAMK2,0.20083333333333336,70,KRSA,0.1251303441084463,1,CAMK,CAMK2,CAMK2,CAMK2B
CAMK2,0.20083333333333336,70,KRSA,0.1251303441084463,1,CAMK,CAMK2,CAMK2,CAMK2D
CAMK2,0.20083333333333336,70,KRSA,0.1251303441084463,1,CAMK,CAMK2,CAMK2,CAMK2G
GRK,-0.17250000000000004,72,KRSA,0.10010427528675704,1,AGC,GRK,GRK,GRK1
GRK,-0.17250000000000004,72,KRSA,0.10010427528675704,1,AGC,GRK,GRK,GRK4
GRK,-0.17250000000000004,72,KRSA,0.10010427528675704,1,AGC,GRK,GRK,GRK5
GRK,-0.17250000000000004,72,KRSA,0.10010427528675704,1,AGC,GRK,GRK,GRK6
GRK,-0.17250000000000004,72,KRSA,0.10010427528675704,1,AGC,GRK,GRK,GRK7
MLK,-0.18,71,KRSA,0.11261730969760167,1,TKL,MLK,ILK,ILK
MLK,-0.18,71,KRSA,0.11261730969760167,1,TKL,MLK,MLK,MAP3K10
MLK,-0.18,71,KRSA,0.11261730969760167,1,TKL,MLK,MLK,MAP3K11
MLK,-0.18,71,KRSA,0.11261730969760167,1,TKL,MLK,LZK,MAP3K12
MLK,-0.18,71,KRSA,0.11261730969760167,1,TKL,MLK,LZK,MAP3K13
MLK,-0.18,71,KRSA,0.11261730969760167,1,TKL,MLK,MLK,MAP3K9
MLK,-0.18,71,KRSA,0.11261730969760167,1,TKL,MLK,HH498,TNNI3K
HAL,0.8183333333333334,40,KRSA,0.5005213764337852,3,RGC,RGC,RGC,NPR1
NAK,-0.8308333333333333,39,KRSA,0.5130344108446299,3,OTHER,NAK,BIKE,AAK1
NAK,-0.8308333333333333,39,KRSA,0.5130344108446299,3,OTHER,NAK,BIKE,BMP2K
NAK,-0.8308333333333333,39,KRSA,0.5130344108446299,3,OTHER,NAK,GAK,GAK
NAK,-0.8308333333333333,39,KRSA,0.5130344108446299,3,OTHER,NAK,MPSK,STK16
IKK,-0.2791666666666666,67,KRSA,0.16266944734098018,1,OTHER,IKK,IKK,CHUK
IKK,-0.2791666666666666,67,KRSA,0.16266944734098018,1,OTHER,IKK,IKK,IKBKB
IKK,-0.2791666666666666,67,KRSA,0.16266944734098018,1,OTHER,IKK,IKK,IKBKE
IKK,-0.2791666666666666,67,KRSA,0.16266944734098018,1,OTHER,IKK,IKK,TBK1
ATM,-0.6041666666666666,57,KRSA,0.28779979144942647,2,ATYPICAL,PIKK,ATM,ATM
PDHK,0.16499999999999998,73,KRSA,0.08759124087591241,1,ATYPICAL,PDHK,BCKDK,BCKDK
PDHK,0.16499999999999998,73,KRSA,0.08759124087591241,1,ATYPICAL,PDHK,PDHK,PDK2
PDHK,0.16499999999999998,73,KRSA,0.08759124087591241,1,ATYPICAL,PDHK,PDHK,PDK3
PDHK,0.16499999999999998,73,KRSA,0.08759124087591241,1,ATYPICAL,PDHK,PDHK,PDK4
RAD53,0.6833333333333333,52,KRSA,0.35036496350364965,2,CAMK,RAD53,RAD53,CHEK2
COT,0.12083333333333336,75,KRSA,0.06256517205422316,1,STE,STE-UNIQUE,STE-UNIQUE,MAP3K8
STKR,-0.6591666666666667,53,KRSA,0.337851929092805,2,TKL,STKR,TYPE1,ACVR1
STKR,-0.6591666666666667,53,KRSA,0.337851929092805,2,TKL,STKR,TYPE1,ACVR1B
STKR,-0.6591666666666667,53,KRSA,0.337851929092805,2,TKL,STKR,TYPE1,ACVR1C
STKR,-0.6591666666666667,53,KRSA,0.337851929092805,2,TKL,STKR,TYPE2,ACVR2A
STKR,-0.6591666666666667,53,KRSA,0.337851929092805,2,TKL,STKR,TYPE2,ACVR2B
STKR,-0.6591666666666667,53,KRSA,0.337851929092805,2,TKL,STKR,TYPE1,ACVRL1
STKR,-0.6591666666666667,53,KRSA,0.337851929092805,2,TKL,STKR,TYPE2,AMHR2
STKR,-0.6591666666666667,53,KRSA,0.337851929092805,2,TKL,STKR,TYPE1,BMPR1A
STKR,-0.6591666666666667,53,KRSA,0.337851929092805,2,TKL,STKR,TYPE1,BMPR1B
STKR,-0.6591666666666667,53,KRSA,0.337851929092805,2,TKL,STKR,TYPE2,BMPR2
STKR,-0.6591666666666667,53,KRSA,0.337851929092805,2,TKL,STKR,TYPE1,TGFBR1
STKR,-0.6591666666666667,53,KRSA,0.337851929092805,2,TKL,STKR,TYPE2,TGFBR2
CHK1,-0.37,65,KRSA,0.18769551616266944,1,CAMK,CAMKL,CHK1,CHEK1
STE11,-1.1091666666666666,28,KRSA,0.6506777893639207,3,TKL,MLK,TAK1,MAP3K7
STE11,-1.1091666666666666,28,KRSA,0.6506777893639207,3,STE,STE11,MEKK1,MAP3K1
STE11,-1.1091666666666666,28,KRSA,0.6506777893639207,3,STE,STE11,ASK,MAP3K15
STE11,-1.1091666666666666,28,KRSA,0.6506777893639207,3,STE,STE11,MEKK2,MAP3K2
STE11,-1.1091666666666666,28,KRSA,0.6506777893639207,3,STE,STE11,MEKK2,MAP3K3
STE11,-1.1091666666666666,28,KRSA,0.6506777893639207,3,STE,STE11,MEKK4,MAP3K4
STE11,-1.1091666666666666,28,KRSA,0.6506777893639207,3,STE,STE11,ASK,MAP3K5
STE11,-1.1091666666666666,28,KRSA,0.6506777893639207,3,STE,STE11,ASK,MAP3K6
ATR,-1.0508333333333333,31,KRSA,0.6131386861313869,3,ATYPICAL,PIKK,ATR,ATR
MELK,-0.8466666666666667,38,KRSA,0.5255474452554745,3,CAMK,CAMKL,MELK,MELK
NEK,-0.4066666666666667,64,KRSA,0.20020855057351408,1,OTHER,NEK,NEK11,NEK11
NEK,-0.4066666666666667,64,KRSA,0.20020855057351408,1,OTHER,NEK,NEK2,NEK2
NEK,-0.4066666666666667,64,KRSA,0.20020855057351408,1,OTHER,NEK,NEK1,NEK3
NEK,-0.4066666666666667,64,KRSA,0.20020855057351408,1,OTHER,NEK,NEK4,NEK4
NEK,-0.4066666666666667,64,KRSA,0.20020855057351408,1,OTHER,NEK,NEK1,NEK5
NEK,-0.4066666666666667,64,KRSA,0.20020855057351408,1,OTHER,NEK,NEK6,NEK6
NEK,-0.4066666666666667,64,KRSA,0.20020855057351408,1,OTHER,NEK,NEK6,NEK7
NEK,-0.4066666666666667,64,KRSA,0.20020855057351408,1,OTHER,NEK,NEK8,NEK8
NEK,-0.4066666666666667,64,KRSA,0.20020855057351408,1,OTHER,NEK,NEK8,NEK9
DAPK,-0.44333333333333336,63,KRSA,0.2127215849843587,1,CAMK,DAPK,DAPK,DAPK1
DAPK,-0.44333333333333336,63,KRSA,0.2127215849843587,1,CAMK,DAPK,DAPK,DAPK2
DAPK,-0.44333333333333336,63,KRSA,0.2127215849843587,1,CAMK,DAPK,DAPK,DAPK3
DAPK,-0.44333333333333336,63,KRSA,0.2127215849843587,1,CAMK,DAPK,DRAK,STK17A
DAPK,-0.44333333333333336,63,KRSA,0.2127215849843587,1,CAMK,DAPK,DRAK,STK17B
SGK,-0.2016666666666667,69,KRSA,0.13764337851929093,1,AGC,SGK,SGK,SGK1
SGK,-0.2016666666666667,69,KRSA,0.13764337851929093,1,AGC,SGK,SGK,SGK2
SGK,-0.2016666666666667,69,KRSA,0.13764337851929093,1,AGC,SGK,SGK,SGK3
PHK,-0.865,35,KRSA,0.5630865484880083,3,CAMK,PHK,PHK,PHKG1
PHK,-0.865,35,KRSA,0.5630865484880083,3,CAMK,PHK,PHK,PHKG2
DYRK,-4.3341666666666665,1,KRSA,0.9885297184567258,4,CMGC,DYRK,DYRK1,DYRK1A
DYRK,-4.3341666666666665,1,KRSA,0.9885297184567258,4,CMGC,DYRK,DYRK1,DYRK1B
DYRK,-4.3341666666666665,1,KRSA,0.9885297184567258,4,CMGC,DYRK,DYRK2,DYRK2
DYRK,-4.3341666666666665,1,KRSA,0.9885297184567258,4,CMGC,DYRK,DYRK2,DYRK3
DYRK,-4.3341666666666665,1,KRSA,0.9885297184567258,4,CMGC,DYRK,DYRK2,DYRK4
DYRK,-4.3341666666666665,1,KRSA,0.9885297184567258,4,CMGC,DYRK,HIPK,HIPK1
DYRK,-4.3341666666666665,1,KRSA,0.9885297184567258,4,CMGC,DYRK,HIPK,HIPK2
DYRK,-4.3341666666666665,1,KRSA,0.9885297184567258,4,CMGC,DYRK,HIPK,HIPK3
DYRK,-4.3341666666666665,1,KRSA,0.9885297184567258,4,CMGC,DYRK,HIPK,HIPK4
DYRK,-4.3341666666666665,1,KRSA,0.9885297184567258,4,CMGC,DYRK,PRP4,PRPF4B
ERK,-4.145,4,KRSA,0.9509906152241918,4,CMGC,MAPK,ERK1,MAPK1
ERK,-4.145,4,KRSA,0.9509906152241918,4,CMGC,MAPK,ERK7,MAPK15
ERK,-4.145,4,KRSA,0.9509906152241918,4,CMGC,MAPK,ERK1,MAPK3
ERK,-4.145,4,KRSA,0.9509906152241918,4,CMGC,MAPK,ERK3,MAPK4
ERK,-4.145,4,KRSA,0.9509906152241918,4,CMGC,MAPK,ERK3,MAPK6
ERK,-4.145,4,KRSA,0.9509906152241918,4,CMGC,MAPK,ERK5,MAPK7
PKA,3.75,6,KRSA,0.9259645464025026,4,AGC,PKA,PKA,PRKACA
PKA,3.75,6,KRSA,0.9259645464025026,4,AGC,PKA,PKA,PRKACB
PKA,3.75,6,KRSA,0.9259645464025026,4,AGC,PKA,PKA,PRKACG
PKA,3.75,6,KRSA,0.9259645464025026,4,AGC,PKA,PKA,PRKX
PKA,3.75,6,KRSA,0.9259645464025026,4,AGC,PKA,PKA,PRKY
JNK,-4.1725,3,KRSA,0.9635036496350365,4,CMGC,MAPK,JNK,MAPK10
JNK,-4.1725,3,KRSA,0.9635036496350365,4,CMGC,MAPK,JNK,MAPK8
JNK,-4.1725,3,KRSA,0.9635036496350365,4,CMGC,MAPK,JNK,MAPK9
PDK1,-4.216666666666667,2,KRSA,0.9760166840458812,4,ATYPICAL,PDHK,PDHK,PDK1
PDK1,-4.216666666666667,2,KRSA,0.9760166840458812,4,AGC,PDK1,PDK1,PDPK1
PKG,3.2458333333333336,8,KRSA,0.9009384775808134,4,AGC,PKG,PKG,PRKG1
PKG,3.2458333333333336,8,KRSA,0.9009384775808134,4,AGC,PKG,PKG,PRKG2
P38,-3.2616666666666667,7,KRSA,0.913451511991658,4,CMGC,MAPK,P38,MAPK11
P38,-3.2616666666666667,7,KRSA,0.913451511991658,4,CMGC,MAPK,P38,MAPK12
P38,-3.2616666666666667,7,KRSA,0.913451511991658,4,CMGC,MAPK,P38,MAPK13
P38,-3.2616666666666667,7,KRSA,0.913451511991658,4,CMGC,MAPK,P38,MAPK14
CDK,-3.82,5,KRSA,0.9384775808133472,4,CMGC,CDK,CDC2,CDK1
CDK,-3.82,5,KRSA,0.9384775808133472,4,CMGC,CDK,CDK10,CDK10
CDK,-3.82,5,KRSA,0.9384775808133472,4,CMGC,CDK,CRK7,CDK12
CDK,-3.82,5,KRSA,0.9384775808133472,4,CMGC,CDK,CRK7,CDK13
CDK,-3.82,5,KRSA,0.9384775808133472,4,CMGC,CDK,PFTAIRE,CDK14
CDK,-3.82,5,KRSA,0.9384775808133472,4,CMGC,CDK,PFTAIRE,CDK15
CDK,-3.82,5,KRSA,0.9384775808133472,4,CMGC,CDK,PCTAIRE,CDK16
CDK,-3.82,5,KRSA,0.9384775808133472,4,CMGC,CDK,PCTAIRE,CDK17
CDK,-3.82,5,KRSA,0.9384775808133472,4,CMGC,CDK,PCTAIRE,CDK18
CDK,-3.82,5,KRSA,0.9384775808133472,4,CMGC,CDK,CDK8,CDK19
CDK,-3.82,5,KRSA,0.9384775808133472,4,CMGC,CDK,CDC2,CDK2
CDK,-3.82,5,KRSA,0.9384775808133472,4,CMGC,CDK,CCRK,CDK20
CDK,-3.82,5,KRSA,0.9384775808133472,4,CMGC,CDK,CDC2,CDK3
CDK,-3.82,5,KRSA,0.9384775808133472,4,CMGC,CDK,CDK4,CDK4
CDK,-3.82,5,KRSA,0.9384775808133472,4,CMGC,CDK,CDK5,CDK5
CDK,-3.82,5,KRSA,0.9384775808133472,4,CMGC,CDK,CDK4,CDK6
CDK,-3.82,5,KRSA,0.9384775808133472,4,CMGC,CDK,CDK7,CDK7
CDK,-3.82,5,KRSA,0.9384775808133472,4,CMGC,CDK,CDK8,CDK8
CDK,-3.82,5,KRSA,0.9384775808133472,4,CMGC,CDK,CDK9,CDK9
CDK,-3.82,5,KRSA,0.9384775808133472,4,NA,NA,NA,CDK11A
CDK,-3.82,5,KRSA,0.9384775808133472,4,NA,NA,NA,CDK11B
MST,-2.3975,11,KRSA,0.8633993743482794,4,STE,STE20,MST,STK3
MST,-2.3975,11,KRSA,0.8633993743482794,4,STE,STE20,MST,STK4
RIPK,1.596666666666667,20,KRSA,0.7507820646506778,4,TKL,RIPK,RIPK,ANKK1
RIPK,1.596666666666667,20,KRSA,0.7507820646506778,4,TKL,RIPK,RIPK,RIPK1
RIPK,1.596666666666667,20,KRSA,0.7507820646506778,4,TKL,RIPK,RIPK,RIPK2
RIPK,1.596666666666667,20,KRSA,0.7507820646506778,4,TKL,RIPK,RIPK,RIPK3
RIPK,1.596666666666667,20,KRSA,0.7507820646506778,4,TKL,RIPK,RIPK,RIPK4
CAMK1,1.7733333333333332,17,KRSA,0.7883211678832117,4,CAMK,CAMK1,CAMK1,CAMK1
CAMK1,1.7733333333333332,17,KRSA,0.7883211678832117,4,CAMK,CAMK1,CAMK1,CAMK1D
CAMK1,1.7733333333333332,17,KRSA,0.7883211678832117,4,CAMK,CAMK1,CAMK1,CAMK1G
CAMK1,1.7733333333333332,17,KRSA,0.7883211678832117,4,CAMK,CAMK1,CAMK1,CAMK4
CAMK1,1.7733333333333332,17,KRSA,0.7883211678832117,4,CAMK,CAMK1,CAMK1,PNCK
RAF,-2.2733333333333334,12,KRSA,0.8508863399374348,4,TKL,RAF,RAF,ARAF
RAF,-2.2733333333333334,12,KRSA,0.8508863399374348,4,TKL,RAF,RAF,BRAF
RAF,-2.2733333333333334,12,KRSA,0.8508863399374348,4,TKL,RAF,KSR,KSR1
RAF,-2.2733333333333334,12,KRSA,0.8508863399374348,4,TKL,RAF,KSR,KSR2
RAF,-2.2733333333333334,12,KRSA,0.8508863399374348,4,TKL,RAF,RAF,RAF1
PKCD,1.2466666666666666,26,KRSA,0.67570385818561,3,AGC,PKC,DELTA,PRKCD
PKCD,1.2466666666666666,26,KRSA,0.67570385818561,3,AGC,PKC,DELTA,PRKCQ
PEK,-2.9908333333333332,9,KRSA,0.8884254431699687,4,OTHER,PEK,HRI,EIF2AK1
PEK,-2.9908333333333332,9,KRSA,0.8884254431699687,4,OTHER,PEK,PKR,EIF2AK2
PEK,-2.9908333333333332,9,KRSA,0.8884254431699687,4,OTHER,PEK,PEK,EIF2AK3
PEK,-2.9908333333333332,9,KRSA,0.8884254431699687,4,OTHER,PEK,GCN2,EIF2AK4
NMO,-2.235,13,KRSA,0.8383733055265902,4,CMGC,MAPK,NMO,NLK
PKD,0.85,36,KRSA,0.5505735140771637,3,CAMK,PKD,PKD,PRKD1
PKD,0.85,36,KRSA,0.5505735140771637,3,CAMK,PKD,PKD,PRKD2
PKD,0.85,36,KRSA,0.5505735140771637,3,CAMK,PKD,PKD,PRKD3
PAKA,1.44,22,KRSA,0.7257559958289885,3,STE,STE20,PAKA,PAK1
PAKA,1.44,22,KRSA,0.7257559958289885,3,STE,STE20,PAKA,PAK2
PAKA,1.44,22,KRSA,0.7257559958289885,3,STE,STE20,PAKA,PAK3
PLK,-2.6575,10,KRSA,0.8759124087591241,4,NA,NA,NA,PLK5
PLK,-2.6575,10,KRSA,0.8759124087591241,4,OTHER,PLK,PLK1,PLK1
PLK,-2.6575,10,KRSA,0.8759124087591241,4,OTHER,PLK,PLK2,PLK2
PLK,-2.6575,10,KRSA,0.8759124087591241,4,OTHER,PLK,PLK2,PLK3
PLK,-2.6575,10,KRSA,0.8759124087591241,4,OTHER,PLK,SAK,PLK4
RSK,1.2241666666666666,27,KRSA,0.6631908237747653,3,AGC,RSK,RSK,RPS6KA1
RSK,1.2241666666666666,27,KRSA,0.6631908237747653,3,AGC,RSK,RSK,RPS6KA2
RSK,1.2241666666666666,27,KRSA,0.6631908237747653,3,AGC,RSK,RSK,RPS6KA3
RSK,1.2241666666666666,27,KRSA,0.6631908237747653,3,AGC,RSK,MSK,RPS6KA4
RSK,1.2241666666666666,27,KRSA,0.6631908237747653,3,AGC,RSK,MSK,RPS6KA5
RSK,1.2241666666666666,27,KRSA,0.6631908237747653,3,AGC,RSK,RSK,RPS6KA6
RSK,1.2241666666666666,27,KRSA,0.6631908237747653,3,AGC,RSK,P70,RPS6KB1
RSK,1.2241666666666666,27,KRSA,0.6631908237747653,3,AGC,RSK,P70,RPS6KB2
NDR,0.79,42,KRSA,0.4754953076120959,2,AGC,NDR,NDR,LATS1
NDR,0.79,42,KRSA,0.4754953076120959,2,AGC,NDR,NDR,LATS2
NDR,0.79,42,KRSA,0.4754953076120959,2,AGC,NDR,NDR,STK38
NDR,0.79,42,KRSA,0.4754953076120959,2,AGC,NDR,NDR,STK38L
PASK,1.0216666666666667,33,KRSA,0.5881126173096975,3,CAMK,CAMKL,PASK,PASK
BARK2,0.5499999999999999,60,KRSA,0.2502606882168926,2,AGC,GRK,BARK,GRK3
GSK,-1.600833333333333,19,KRSA,0.7632950990615224,4,CMGC,GSK,GSK,GSK3A
GSK,-1.600833333333333,19,KRSA,0.7632950990615224,4,CMGC,GSK,GSK,GSK3B
MLCK,-0.7608333333333334,44,KRSA,0.4504692387904067,2,CAMK,MLCK,MLCK,MYLK
MLCK,-0.7608333333333334,44,KRSA,0.4504692387904067,2,CAMK,MLCK,MLCK,MYLK2
MLCK,-0.7608333333333334,44,KRSA,0.4504692387904067,2,CAMK,MLCK,MLCK,TTN
RAD53,0.6833333333333333,52,KRSA,0.35036496350364965,2,CAMK,RAD53,RAD53,CHEK2
PKCI,0.8816666666666666,34,KRSA,0.5755995828988529,3,AGC,PKC,IOTA,PRKCI
PKCI,0.8816666666666666,34,KRSA,0.5755995828988529,3,AGC,PKC,IOTA,PRKCZ
LKB,-1.2583333333333333,25,KRSA,0.6882168925964547,3,CAMK,CAMKL,LKB,STK11
VRK1,-1.3816666666666666,24,KRSA,0.7007299270072993,3,CK1,VRK,VRK,VRK1
FRAY,-1.850833333333333,16,KRSA,0.8008342022940563,4,STE,STE20,FRAY,OXSR1
FRAY,-1.850833333333333,16,KRSA,0.8008342022940563,4,STE,STE20,FRAY,STK39
CK1,-1.7291666666666667,18,KRSA,0.7758081334723671,4,CK1,CK1,CK1-A,CSNK1A1
CK1,-1.7291666666666667,18,KRSA,0.7758081334723671,4,CK1,CK1,CK1-A,CSNK1A1L
CK1,-1.7291666666666667,18,KRSA,0.7758081334723671,4,CK1,CK1,CK1-D,CSNK1D
CK1,-1.7291666666666667,18,KRSA,0.7758081334723671,4,CK1,CK1,CK1-D,CSNK1E
CK1,-1.7291666666666667,18,KRSA,0.7758081334723671,4,CK1,CK1,CK1-G,CSNK1G1
CK1,-1.7291666666666667,18,KRSA,0.7758081334723671,4,CK1,CK1,CK1-G,CSNK1G2
CK1,-1.7291666666666667,18,KRSA,0.7758081334723671,4,CK1,CK1,CK1-G,CSNK1G3
CK1,-1.7291666666666667,18,KRSA,0.7758081334723671,4,CK1,TTBK,TTBK,TTBK1
CK1,-1.7291666666666667,18,KRSA,0.7758081334723671,4,CK1,TTBK,TTBK,TTBK2
CK1,-1.7291666666666667,18,KRSA,0.7758081334723671,4,CK1,VRK,VRK,VRK3
STE11,-1.1091666666666666,28,KRSA,0.6506777893639207,3,TKL,MLK,TAK1,MAP3K7
STE11,-1.1091666666666666,28,KRSA,0.6506777893639207,3,STE,STE11,MEKK1,MAP3K1
STE11,-1.1091666666666666,28,KRSA,0.6506777893639207,3,STE,STE11,ASK,MAP3K15
STE11,-1.1091666666666666,28,KRSA,0.6506777893639207,3,STE,STE11,MEKK2,MAP3K2
STE11,-1.1091666666666666,28,KRSA,0.6506777893639207,3,STE,STE11,MEKK2,MAP3K3
STE11,-1.1091666666666666,28,KRSA,0.6506777893639207,3,STE,STE11,MEKK4,MAP3K4
STE11,-1.1091666666666666,28,KRSA,0.6506777893639207,3,STE,STE11,ASK,MAP3K5
STE11,-1.1091666666666666,28,KRSA,0.6506777893639207,3,STE,STE11,ASK,MAP3K6
IRAK,-0.5583333333333333,59,KRSA,0.26277372262773724,2,TKL,IRAK,IRAK,IRAK1
IRAK,-0.5583333333333333,59,KRSA,0.26277372262773724,2,TKL,IRAK,IRAK,IRAK2
IRAK,-0.5583333333333333,59,KRSA,0.26277372262773724,2,TKL,IRAK,IRAK,IRAK3
IRAK,-0.5583333333333333,59,KRSA,0.26277372262773724,2,TKL,IRAK,IRAK,IRAK4
STE7,-2.001666666666667,14,KRSA,0.8258602711157456,4,STE,STE7,MEK1,MAP2K1
STE7,-2.001666666666667,14,KRSA,0.8258602711157456,4,STE,STE7,MEK1,MAP2K2
STE7,-2.001666666666667,14,KRSA,0.8258602711157456,4,STE,STE7,MEK3,MAP2K3
STE7,-2.001666666666667,14,KRSA,0.8258602711157456,4,STE,STE7,MEK4,MAP2K4
STE7,-2.001666666666667,14,KRSA,0.8258602711157456,4,STE,STE7,MEK5,MAP2K5
STE7,-2.001666666666667,14,KRSA,0.8258602711157456,4,STE,STE7,MEK3,MAP2K6
STE7,-2.001666666666667,14,KRSA,0.8258602711157456,4,STE,STE7,MEK7,MAP2K7
PIM,0.6166666666666667,56,KRSA,0.30031282586027114,2,CAMK,PIM,PIM,PIM1
PIM,0.6166666666666667,56,KRSA,0.30031282586027114,2,CAMK,PIM,PIM,PIM2
PIM,0.6166666666666667,56,KRSA,0.30031282586027114,2,CAMK,PIM,PIM,PIM3
ATR,-1.0508333333333333,31,KRSA,0.6131386861313869,3,ATYPICAL,PIKK,ATR,ATR
DMPK,0.09583333333333326,77,KRSA,0.03753910323253389,1,AGC,DMPK,GEK,CDC42BPA
DMPK,0.09583333333333326,77,KRSA,0.03753910323253389,1,AGC,DMPK,GEK,CDC42BPB
DMPK,0.09583333333333326,77,KRSA,0.03753910323253389,1,AGC,DMPK,GEK,CDC42BPG
DMPK,0.09583333333333326,77,KRSA,0.03753910323253389,1,AGC,DMPK,CRIK,CIT
DMPK,0.09583333333333326,77,KRSA,0.03753910323253389,1,AGC,DMPK,GEK,DMPK
DMPK,0.09583333333333326,77,KRSA,0.03753910323253389,1,AGC,DMPK,ROCK,ROCK1
DMPK,0.09583333333333326,77,KRSA,0.03753910323253389,1,AGC,DMPK,ROCK,ROCK2
PKN,-0.8133333333333334,41,KRSA,0.4880083420229406,2,AGC,PKN,PKN,PKN1
PKN,-0.8133333333333334,41,KRSA,0.4880083420229406,2,AGC,PKN,PKN,PKN2
PKN,-0.8133333333333334,41,KRSA,0.4880083420229406,2,AGC,PKN,PKN,PKN3
MTOR,-1.9066666666666667,15,KRSA,0.8133472367049009,4,ATYPICAL,PIKK,FRAP,MTOR
TTK,-1.06,30,KRSA,0.6256517205422315,3,OTHER,TTK,TTK,TTK
NAK,-0.8308333333333333,39,KRSA,0.5130344108446299,3,OTHER,NAK,BIKE,AAK1
NAK,-0.8308333333333333,39,KRSA,0.5130344108446299,3,OTHER,NAK,BIKE,BMP2K
NAK,-0.8308333333333333,39,KRSA,0.5130344108446299,3,OTHER,NAK,GAK,GAK
NAK,-0.8308333333333333,39,KRSA,0.5130344108446299,3,OTHER,NAK,MPSK,STK16
TLK,-1.0616666666666668,29,KRSA,0.6381647549530761,3,OTHER,TLK,TLK,TLK1
TLK,-1.0616666666666668,29,KRSA,0.6381647549530761,3,OTHER,TLK,TLK,TLK2
NUAK,-1.0491666666666666,32,KRSA,0.6006256517205423,3,CAMK,CAMKL,NUAK,NUAK1
NUAK,-1.0491666666666666,32,KRSA,0.6006256517205423,3,CAMK,CAMKL,NUAK,NUAK2
PDHK,0.16499999999999998,73,KRSA,0.08759124087591241,1,ATYPICAL,PDHK,BCKDK,BCKDK
PDHK,0.16499999999999998,73,KRSA,0.08759124087591241,1,ATYPICAL,PDHK,PDHK,PDK2
PDHK,0.16499999999999998,73,KRSA,0.08759124087591241,1,ATYPICAL,PDHK,PDHK,PDK3
PDHK,0.16499999999999998,73,KRSA,0.08759124087591241,1,ATYPICAL,PDHK,PDHK,PDK4
PAKB,-0.4541666666666667,62,KRSA,0.22523461939520334,1,STE,STE20,PAKB,PAK4
PAKB,-0.4541666666666667,62,KRSA,0.22523461939520334,1,STE,STE20,PAKB,PAK5
PAKB,-0.4541666666666667,62,KRSA,0.22523461939520334,1,STE,STE20,PAKB,PAK6
QIK,-1.5333333333333334,21,KRSA,0.7382690302398331,3,CAMK,CAMKL,QIK,SIK1
QIK,-1.5333333333333334,21,KRSA,0.7382690302398331,3,CAMK,CAMKL,QIK,SIK2
PKCH,-0.6566666666666666,54,KRSA,0.32533889468196037,2,AGC,PKC,ETA,PRKCE
PKCH,-0.6566666666666666,54,KRSA,0.32533889468196037,2,AGC,PKC,ETA,PRKCH
STKR,-0.6591666666666667,53,KRSA,0.337851929092805,2,TKL,STKR,TYPE1,ACVR1
STKR,-0.6591666666666667,53,KRSA,0.337851929092805,2,TKL,STKR,TYPE1,ACVR1B
STKR,-0.6591666666666667,53,KRSA,0.337851929092805,2,TKL,STKR,TYPE1,ACVR1C
STKR,-0.6591666666666667,53,KRSA,0.337851929092805,2,TKL,STKR,TYPE2,ACVR2A
STKR,-0.6591666666666667,53,KRSA,0.337851929092805,2,TKL,STKR,TYPE2,ACVR2B
STKR,-0.6591666666666667,53,KRSA,0.337851929092805,2,TKL,STKR,TYPE1,ACVRL1
STKR,-0.6591666666666667,53,KRSA,0.337851929092805,2,TKL,STKR,TYPE2,AMHR2
STKR,-0.6591666666666667,53,KRSA,0.337851929092805,2,TKL,STKR,TYPE1,BMPR1A
STKR,-0.6591666666666667,53,KRSA,0.337851929092805,2,TKL,STKR,TYPE1,BMPR1B
STKR,-0.6591666666666667,53,KRSA,0.337851929092805,2,TKL,STKR,TYPE2,BMPR2
STKR,-0.6591666666666667,53,KRSA,0.337851929092805,2,TKL,STKR,TYPE1,TGFBR1
STKR,-0.6591666666666667,53,KRSA,0.337851929092805,2,TKL,STKR,TYPE2,TGFBR2
AMPK,0.47,61,KRSA,0.23774765380604795,1,CAMK,CAMKL,AMPK,PRKAA1
AMPK,0.47,61,KRSA,0.23774765380604795,1,CAMK,CAMKL,AMPK,PRKAA2
HAL,0.8183333333333334,40,KRSA,0.5005213764337852,3,RGC,RGC,RGC,NPR1
AUR,-0.02333333333333338,79,KRSA,0.01251303441084463,1,OTHER,AUR,AUR,AURKA
AUR,-0.02333333333333338,79,KRSA,0.01251303441084463,1,OTHER,AUR,AUR,AURKB
AUR,-0.02333333333333338,79,KRSA,0.01251303441084463,1,OTHER,AUR,AUR,AURKC
MLK,-0.18,71,KRSA,0.11261730969760167,1,TKL,MLK,ILK,ILK
MLK,-0.18,71,KRSA,0.11261730969760167,1,TKL,MLK,MLK,MAP3K10
MLK,-0.18,71,KRSA,0.11261730969760167,1,TKL,MLK,MLK,MAP3K11
MLK,-0.18,71,KRSA,0.11261730969760167,1,TKL,MLK,LZK,MAP3K12
MLK,-0.18,71,KRSA,0.11261730969760167,1,TKL,MLK,LZK,MAP3K13
MLK,-0.18,71,KRSA,0.11261730969760167,1,TKL,MLK,MLK,MAP3K9
MLK,-0.18,71,KRSA,0.11261730969760167,1,TKL,MLK,HH498,TNNI3K
WNK,-0.75,46,KRSA,0.4254431699687174,2,OTHER,WNK,WNK,WNK1
WNK,-0.75,46,KRSA,0.4254431699687174,2,OTHER,WNK,WNK,WNK2
WNK,-0.75,46,KRSA,0.4254431699687174,2,OTHER,WNK,WNK,WNK3
WNK,-0.75,46,KRSA,0.4254431699687174,2,OTHER,WNK,WNK,WNK4
SLK,0.6541666666666667,55,KRSA,0.31282586027111575,2,STE,STE20,SLK,SLK
SLK,0.6541666666666667,55,KRSA,0.31282586027111575,2,STE,STE20,SLK,STK10
TAO,-0.5683333333333334,58,KRSA,0.27528675703858185,2,STE,STE20,TAO,TAOK1
TAO,-0.5683333333333334,58,KRSA,0.27528675703858185,2,STE,STE20,TAO,TAOK2
TAO,-0.5683333333333334,58,KRSA,0.27528675703858185,2,STE,STE20,TAO,TAOK3
CLK,-0.7333333333333334,51,KRSA,0.36287799791449427,2,CMGC,CLK,CLK,CLK1
CLK,-0.7333333333333334,51,KRSA,0.36287799791449427,2,CMGC,CLK,CLK,CLK2
CLK,-0.7333333333333334,51,KRSA,0.36287799791449427,2,CMGC,CLK,CLK,CLK3
CLK,-0.7333333333333334,51,KRSA,0.36287799791449427,2,CMGC,CLK,CLK,CLK4
NIK,-0.74,48,KRSA,0.40041710114702816,2,STE,STE-UNIQUE,STE-UNIQUE,MAP3K14
ULK,-0.7416666666666667,47,KRSA,0.4129301355578728,2,OTHER,ULK,FUSED,STK36
ULK,-0.7416666666666667,47,KRSA,0.4129301355578728,2,OTHER,ULK,ULK,ULK1
ULK,-0.7416666666666667,47,KRSA,0.4129301355578728,2,OTHER,ULK,ULK,ULK2
ULK,-0.7416666666666667,47,KRSA,0.4129301355578728,2,OTHER,ULK,ULK,ULK3
ULK,-0.7416666666666667,47,KRSA,0.4129301355578728,2,OTHER,ULK,ULK,ULK4
MOS,-0.7525,45,KRSA,0.43795620437956206,2,OTHER,MOS,MOS,MOS
BUD32,-0.735,50,KRSA,0.3753910323253389,2,OTHER,BUD32,BUD32,TP53RK
BRSK,-0.06416666666666665,78,KRSA,0.02502606882168926,1,CAMK,CAMKL,BRSK,BRSK1
BRSK,-0.06416666666666665,78,KRSA,0.02502606882168926,1,CAMK,CAMKL,BRSK,BRSK2
CAMKK,-0.7358333333333333,49,KRSA,0.38790406673618355,2,OTHER,CAMKK,META,CAMKK1
CAMKK,-0.7358333333333333,49,KRSA,0.38790406673618355,2,OTHER,CAMKK,META,CAMKK2
KHS,0.11833333333333336,76,KRSA,0.05005213764337852,1,STE,STE20,KHS,MAP4K1
KHS,0.11833333333333336,76,KRSA,0.05005213764337852,1,STE,STE20,KHS,MAP4K2
KHS,0.11833333333333336,76,KRSA,0.05005213764337852,1,STE,STE20,KHS,MAP4K3
KHS,0.11833333333333336,76,KRSA,0.05005213764337852,1,STE,STE20,KHS,MAP4K5
IKK,-0.2791666666666666,67,KRSA,0.16266944734098018,1,OTHER,IKK,IKK,CHUK
IKK,-0.2791666666666666,67,KRSA,0.16266944734098018,1,OTHER,IKK,IKK,IKBKB
IKK,-0.2791666666666666,67,KRSA,0.16266944734098018,1,OTHER,IKK,IKK,IKBKE
IKK,-0.2791666666666666,67,KRSA,0.16266944734098018,1,OTHER,IKK,IKK,TBK1
GRK,-0.17250000000000004,72,KRSA,0.10010427528675704,1,AGC,GRK,GRK,GRK1
GRK,-0.17250000000000004,72,KRSA,0.10010427528675704,1,AGC,GRK,GRK,GRK4
GRK,-0.17250000000000004,72,KRSA,0.10010427528675704,1,AGC,GRK,GRK,GRK5
GRK,-0.17250000000000004,72,KRSA,0.10010427528675704,1,AGC,GRK,GRK,GRK6
GRK,-0.17250000000000004,72,KRSA,0.10010427528675704,1,AGC,GRK,GRK,GRK7
SGK,-0.2016666666666667,69,KRSA,0.13764337851929093,1,AGC,SGK,SGK,SGK1
SGK,-0.2016666666666667,69,KRSA,0.13764337851929093,1,AGC,SGK,SGK,SGK2
SGK,-0.2016666666666667,69,KRSA,0.13764337851929093,1,AGC,SGK,SGK,SGK3
AKT,0.22333333333333336,68,KRSA,0.15015641293013557,1,AGC,AKT,AKT,AKT1
AKT,0.22333333333333336,68,KRSA,0.15015641293013557,1,AGC,AKT,AKT,AKT2
AKT,0.22333333333333336,68,KRSA,0.15015641293013557,1,AGC,AKT,AKT,AKT3
COT,0.12083333333333336,75,KRSA,0.06256517205422316,1,STE,STE-UNIQUE,STE-UNIQUE,MAP3K8
CHK1,-0.37,65,KRSA,0.18769551616266944,1,CAMK,CAMKL,CHK1,CHEK1
NEK,-0.4066666666666667,64,KRSA,0.20020855057351408,1,OTHER,NEK,NEK11,NEK11
NEK,-0.4066666666666667,64,KRSA,0.20020855057351408,1,OTHER,NEK,NEK2,NEK2
NEK,-0.4066666666666667,64,KRSA,0.20020855057351408,1,OTHER,NEK,NEK1,NEK3
NEK,-0.4066666666666667,64,KRSA,0.20020855057351408,1,OTHER,NEK,NEK4,NEK4
NEK,-0.4066666666666667,64,KRSA,0.20020855057351408,1,OTHER,NEK,NEK1,NEK5
NEK,-0.4066666666666667,64,KRSA,0.20020855057351408,1,OTHER,NEK,NEK6,NEK6
NEK,-0.4066666666666667,64,KRSA,0.20020855057351408,1,OTHER,NEK,NEK6,NEK7
NEK,-0.4066666666666667,64,KRSA,0.20020855057351408,1,OTHER,NEK,NEK8,NEK8
NEK,-0.4066666666666667,64,KRSA,0.20020855057351408,1,OTHER,NEK,NEK8,NEK9
MAPKAPK,-0.00500000000000001,80,KRSA,0,1,CAMK,MAPKAPK,MAPKAPK,MAPKAPK2
MAPKAPK,-0.00500000000000001,80,KRSA,0,1,CAMK,MAPKAPK,MAPKAPK,MAPKAPK3
MAPKAPK,-0.00500000000000001,80,KRSA,0,1,CAMK,MAPKAPK,MAPKAPK,MAPKAPK5
MAPKAPK,-0.00500000000000001,80,KRSA,0,1,CAMK,MAPKAPK,MNK,MKNK1
MAPKAPK,-0.00500000000000001,80,KRSA,0,1,CAMK,MAPKAPK,MNK,MKNK2
CAMK2,0.20083333333333336,70,KRSA,0.1251303441084463,1,CAMK,CAMK2,CAMK2,CAMK2A
CAMK2,0.20083333333333336,70,KRSA,0.1251303441084463,1,CAMK,CAMK2,CAMK2,CAMK2B
CAMK2,0.20083333333333336,70,KRSA,0.1251303441084463,1,CAMK,CAMK2,CAMK2,CAMK2D
CAMK2,0.20083333333333336,70,KRSA,0.1251303441084463,1,CAMK,CAMK2,CAMK2,CAMK2G
DAPK,-0.44333333333333336,63,KRSA,0.2127215849843587,1,CAMK,DAPK,DAPK,DAPK1
DAPK,-0.44333333333333336,63,KRSA,0.2127215849843587,1,CAMK,DAPK,DAPK,DAPK2
DAPK,-0.44333333333333336,63,KRSA,0.2127215849843587,1,CAMK,DAPK,DAPK,DAPK3
DAPK,-0.44333333333333336,63,KRSA,0.2127215849843587,1,CAMK,DAPK,DRAK,STK17A
DAPK,-0.44333333333333336,63,KRSA,0.2127215849843587,1,CAMK,DAPK,DRAK,STK17B
MELK,-0.8466666666666667,38,KRSA,0.5255474452554745,3,CAMK,CAMKL,MELK,MELK
PKCA,-1.413333333333333,23,KRSA,0.7132429614181439,3,AGC,PKC,ALPHA,PRKCA
PKCA,-1.413333333333333,23,KRSA,0.7132429614181439,3,AGC,PKC,ALPHA,PRKCB
PKCA,-1.413333333333333,23,KRSA,0.7132429614181439,3,AGC,PKC,ALPHA,PRKCG
PRKDC,-0.8483333333333333,37,KRSA,0.5380604796663191,3,ATYPICAL,PIKK,DNAPK,PRKDC
CK2,-0.16249999999999998,74,KRSA,0.07507820646506778,1,CMGC,CK2,CK2,CSNK2A1
CK2,-0.16249999999999998,74,KRSA,0.07507820646506778,1,CMGC,CK2,CK2,CSNK2A2
CK2,-0.16249999999999998,74,KRSA,0.07507820646506778,1,NA,NA,NA,CSNK2A3
ATM,-0.6041666666666666,57,KRSA,0.28779979144942647,2,ATYPICAL,PIKK,ATM,ATM
MSN,-0.3675,66,KRSA,0.17518248175182483,1,STE,STE20,MSN,MAP4K4
MSN,-0.3675,66,KRSA,0.17518248175182483,1,STE,STE20,MSN,NRK
MSN,-0.3675,66,KRSA,0.17518248175182483,1,STE,STE20,MSN,TNIK
PHK,-0.865,35,KRSA,0.5630865484880083,3,CAMK,PHK,PHK,PHKG1
PHK,-0.865,35,KRSA,0.5630865484880083,3,CAMK,PHK,PHK,PHKG2
PKA,3.75,6,KRSA,0.9259645464025026,4,AGC,PKA,PKA,PRKACA
PKA,3.75,6,KRSA,0.9259645464025026,4,AGC,PKA,PKA,PRKACB
PKA,3.75,6,KRSA,0.9259645464025026,4,AGC,PKA,PKA,PRKACG
PKA,3.75,6,KRSA,0.9259645464025026,4,AGC,PKA,PKA,PRKX
PKA,3.75,6,KRSA,0.9259645464025026,4,AGC,PKA,PKA,PRKY
DYRK,-4.3341666666666665,1,KRSA,0.9885297184567258,4,CMGC,DYRK,DYRK1,DYRK1A
DYRK,-4.3341666666666665,1,KRSA,0.9885297184567258,4,CMGC,DYRK,DYRK1,DYRK1B
DYRK,-4.3341666666666665,1,KRSA,0.9885297184567258,4,CMGC,DYRK,DYRK2,DYRK2
DYRK,-4.3341666666666665,1,KRSA,0.9885297184567258,4,CMGC,DYRK,DYRK2,DYRK3
DYRK,-4.3341666666666665,1,KRSA,0.9885297184567258,4,CMGC,DYRK,DYRK2,DYRK4
DYRK,-4.3341666666666665,1,KRSA,0.9885297184567258,4,CMGC,DYRK,HIPK,HIPK1
DYRK,-4.3341666666666665,1,KRSA,0.9885297184567258,4,CMGC,DYRK,HIPK,HIPK2
DYRK,-4.3341666666666665,1,KRSA,0.9885297184567258,4,CMGC,DYRK,HIPK,HIPK3
DYRK,-4.3341666666666665,1,KRSA,0.9885297184567258,4,CMGC,DYRK,HIPK,HIPK4
DYRK,-4.3341666666666665,1,KRSA,0.9885297184567258,4,CMGC,DYRK,PRP4,PRPF4B
ERK,-4.145,4,KRSA,0.9509906152241918,4,CMGC,MAPK,ERK1,MAPK1
ERK,-4.145,4,KRSA,0.9509906152241918,4,CMGC,MAPK,ERK7,MAPK15
ERK,-4.145,4,KRSA,0.9509906152241918,4,CMGC,MAPK,ERK1,MAPK3
ERK,-4.145,4,KRSA,0.9509906152241918,4,CMGC,MAPK,ERK3,MAPK4
ERK,-4.145,4,KRSA,0.9509906152241918,4,CMGC,MAPK,ERK3,MAPK6
ERK,-4.145,4,KRSA,0.9509906152241918,4,CMGC,MAPK,ERK5,MAPK7
JNK,-4.1725,3,KRSA,0.9635036496350365,4,CMGC,MAPK,JNK,MAPK10
JNK,-4.1725,3,KRSA,0.9635036496350365,4,CMGC,MAPK,JNK,MAPK8
JNK,-4.1725,3,KRSA,0.9635036496350365,4,CMGC,MAPK,JNK,MAPK9
PDK1,-4.216666666666667,2,KRSA,0.9760166840458812,4,ATYPICAL,PDHK,PDHK,PDK1
PDK1,-4.216666666666667,2,KRSA,0.9760166840458812,4,AGC,PDK1,PDK1,PDPK1
PKG,3.2458333333333336,8,KRSA,0.9009384775808134,4,AGC,PKG,PKG,PRKG1
PKG,3.2458333333333336,8,KRSA,0.9009384775808134,4,AGC,PKG,PKG,PRKG2
CDK,-3.82,5,KRSA,0.9384775808133472,4,CMGC,CDK,CDC2,CDK1
CDK,-3.82,5,KRSA,0.9384775808133472,4,CMGC,CDK,CDK10,CDK10
CDK,-3.82,5,KRSA,0.9384775808133472,4,CMGC,CDK,CRK7,CDK12
CDK,-3.82,5,KRSA,0.9384775808133472,4,CMGC,CDK,CRK7,CDK13
CDK,-3.82,5,KRSA,0.9384775808133472,4,CMGC,CDK,PFTAIRE,CDK14
CDK,-3.82,5,KRSA,0.9384775808133472,4,CMGC,CDK,PFTAIRE,CDK15
CDK,-3.82,5,KRSA,0.9384775808133472,4,CMGC,CDK,PCTAIRE,CDK16
CDK,-3.82,5,KRSA,0.9384775808133472,4,CMGC,CDK,PCTAIRE,CDK17
CDK,-3.82,5,KRSA,0.9384775808133472,4,CMGC,CDK,PCTAIRE,CDK18
CDK,-3.82,5,KRSA,0.9384775808133472,4,CMGC,CDK,CDK8,CDK19
CDK,-3.82,5,KRSA,0.9384775808133472,4,CMGC,CDK,CDC2,CDK2
CDK,-3.82,5,KRSA,0.9384775808133472,4,CMGC,CDK,CCRK,CDK20
CDK,-3.82,5,KRSA,0.9384775808133472,4,CMGC,CDK,CDC2,CDK3
CDK,-3.82,5,KRSA,0.9384775808133472,4,CMGC,CDK,CDK4,CDK4
CDK,-3.82,5,KRSA,0.9384775808133472,4,CMGC,CDK,CDK5,CDK5
CDK,-3.82,5,KRSA,0.9384775808133472,4,CMGC,CDK,CDK4,CDK6
CDK,-3.82,5,KRSA,0.9384775808133472,4,CMGC,CDK,CDK7,CDK7
CDK,-3.82,5,KRSA,0.9384775808133472,4,CMGC,CDK,CDK8,CDK8
CDK,-3.82,5,KRSA,0.9384775808133472,4,CMGC,CDK,CDK9,CDK9
CDK,-3.82,5,KRSA,0.9384775808133472,4,NA,NA,NA,CDK11A
CDK,-3.82,5,KRSA,0.9384775808133472,4,NA,NA,NA,CDK11B
P38,-3.2616666666666667,7,KRSA,0.913451511991658,4,CMGC,MAPK,P38,MAPK11
P38,-3.2616666666666667,7,KRSA,0.913451511991658,4,CMGC,MAPK,P38,MAPK12
P38,-3.2616666666666667,7,KRSA,0.913451511991658,4,CMGC,MAPK,P38,MAPK13
P38,-3.2616666666666667,7,KRSA,0.913451511991658,4,CMGC,MAPK,P38,MAPK14
MST,-2.3975,11,KRSA,0.8633993743482794,4,STE,STE20,MST,STK3
MST,-2.3975,11,KRSA,0.8633993743482794,4,STE,STE20,MST,STK4
RAF,-2.2733333333333334,12,KRSA,0.8508863399374348,4,TKL,RAF,RAF,ARAF
RAF,-2.2733333333333334,12,KRSA,0.8508863399374348,4,TKL,RAF,RAF,BRAF
RAF,-2.2733333333333334,12,KRSA,0.8508863399374348,4,TKL,RAF,KSR,KSR1
RAF,-2.2733333333333334,12,KRSA,0.8508863399374348,4,TKL,RAF,KSR,KSR2
RAF,-2.2733333333333334,12,KRSA,0.8508863399374348,4,TKL,RAF,RAF,RAF1
PKCD,1.2466666666666666,26,KRSA,0.67570385818561,3,AGC,PKC,DELTA,PRKCD
PKCD,1.2466666666666666,26,KRSA,0.67570385818561,3,AGC,PKC,DELTA,PRKCQ
CAMK1,1.7733333333333332,17,KRSA,0.7883211678832117,4,CAMK,CAMK1,CAMK1,CAMK1
CAMK1,1.7733333333333332,17,KRSA,0.7883211678832117,4,CAMK,CAMK1,CAMK1,CAMK1D
CAMK1,1.7733333333333332,17,KRSA,0.7883211678832117,4,CAMK,CAMK1,CAMK1,CAMK1G
CAMK1,1.7733333333333332,17,KRSA,0.7883211678832117,4,CAMK,CAMK1,CAMK1,CAMK4
CAMK1,1.7733333333333332,17,KRSA,0.7883211678832117,4,CAMK,CAMK1,CAMK1,PNCK
PEK,-2.9908333333333332,9,KRSA,0.8884254431699687,4,OTHER,PEK,HRI,EIF2AK1
PEK,-2.9908333333333332,9,KRSA,0.8884254431699687,4,OTHER,PEK,PKR,EIF2AK2
PEK,-2.9908333333333332,9,KRSA,0.8884254431699687,4,OTHER,PEK,PEK,EIF2AK3
PEK,-2.9908333333333332,9,KRSA,0.8884254431699687,4,OTHER,PEK,GCN2,EIF2AK4
RIPK,1.596666666666667,20,KRSA,0.7507820646506778,4,TKL,RIPK,RIPK,ANKK1
RIPK,1.596666666666667,20,KRSA,0.7507820646506778,4,TKL,RIPK,RIPK,RIPK1
RIPK,1.596666666666667,20,KRSA,0.7507820646506778,4,TKL,RIPK,RIPK,RIPK2
RIPK,1.596666666666667,20,KRSA,0.7507820646506778,4,TKL,RIPK,RIPK,RIPK3
RIPK,1.596666666666667,20,KRSA,0.7507820646506778,4,TKL,RIPK,RIPK,RIPK4
NMO,-2.235,13,KRSA,0.8383733055265902,4,CMGC,MAPK,NMO,NLK
PLK,-2.6575,10,KRSA,0.8759124087591241,4,NA,NA,NA,PLK5
PLK,-2.6575,10,KRSA,0.8759124087591241,4,OTHER,PLK,PLK1,PLK1
PLK,-2.6575,10,KRSA,0.8759124087591241,4,OTHER,PLK,PLK2,PLK2
PLK,-2.6575,10,KRSA,0.8759124087591241,4,OTHER,PLK,PLK2,PLK3
PLK,-2.6575,10,KRSA,0.8759124087591241,4,OTHER,PLK,SAK,PLK4
PASK,1.0216666666666667,33,KRSA,0.5881126173096975,3,CAMK,CAMKL,PASK,PASK
PAKA,1.44,22,KRSA,0.7257559958289885,3,STE,STE20,PAKA,PAK1
PAKA,1.44,22,KRSA,0.7257559958289885,3,STE,STE20,PAKA,PAK2
PAKA,1.44,22,KRSA,0.7257559958289885,3,STE,STE20,PAKA,PAK3
RSK,1.2241666666666666,27,KRSA,0.6631908237747653,3,AGC,RSK,RSK,RPS6KA1
RSK,1.2241666666666666,27,KRSA,0.6631908237747653,3,AGC,RSK,RSK,RPS6KA2
RSK,1.2241666666666666,27,KRSA,0.6631908237747653,3,AGC,RSK,RSK,RPS6KA3
RSK,1.2241666666666666,27,KRSA,0.6631908237747653,3,AGC,RSK,MSK,RPS6KA4
RSK,1.2241666666666666,27,KRSA,0.6631908237747653,3,AGC,RSK,MSK,RPS6KA5
RSK,1.2241666666666666,27,KRSA,0.6631908237747653,3,AGC,RSK,RSK,RPS6KA6
RSK,1.2241666666666666,27,KRSA,0.6631908237747653,3,AGC,RSK,P70,RPS6KB1
RSK,1.2241666666666666,27,KRSA,0.6631908237747653,3,AGC,RSK,P70,RPS6KB2
BARK2,0.5499999999999999,60,KRSA,0.2502606882168926,2,AGC,GRK,BARK,GRK3
FRAY,-1.850833333333333,16,KRSA,0.8008342022940563,4,STE,STE20,FRAY,OXSR1
FRAY,-1.850833333333333,16,KRSA,0.8008342022940563,4,STE,STE20,FRAY,STK39
STE7,-2.001666666666667,14,KRSA,0.8258602711157456,4,STE,STE7,MEK1,MAP2K1
STE7,-2.001666666666667,14,KRSA,0.8258602711157456,4,STE,STE7,MEK1,MAP2K2
STE7,-2.001666666666667,14,KRSA,0.8258602711157456,4,STE,STE7,MEK3,MAP2K3
STE7,-2.001666666666667,14,KRSA,0.8258602711157456,4,STE,STE7,MEK4,MAP2K4
STE7,-2.001666666666667,14,KRSA,0.8258602711157456,4,STE,STE7,MEK5,MAP2K5
STE7,-2.001666666666667,14,KRSA,0.8258602711157456,4,STE,STE7,MEK3,MAP2K6
STE7,-2.001666666666667,14,KRSA,0.8258602711157456,4,STE,STE7,MEK7,MAP2K7
PKD,0.85,36,KRSA,0.5505735140771637,3,CAMK,PKD,PKD,PRKD1
PKD,0.85,36,KRSA,0.5505735140771637,3,CAMK,PKD,PKD,PRKD2
PKD,0.85,36,KRSA,0.5505735140771637,3,CAMK,PKD,PKD,PRKD3
MLCK,-0.7608333333333334,44,KRSA,0.4504692387904067,2,CAMK,MLCK,MLCK,MYLK
MLCK,-0.7608333333333334,44,KRSA,0.4504692387904067,2,CAMK,MLCK,MLCK,MYLK2
MLCK,-0.7608333333333334,44,KRSA,0.4504692387904067,2,CAMK,MLCK,MLCK,TTN
RAD53,0.6833333333333333,52,KRSA,0.35036496350364965,2,CAMK,RAD53,RAD53,CHEK2
VRK1,-1.3816666666666666,24,KRSA,0.7007299270072993,3,CK1,VRK,VRK,VRK1
LKB,-1.2583333333333333,25,KRSA,0.6882168925964547,3,CAMK,CAMKL,LKB,STK11
MSN,-0.3675,66,KRSA,0.17518248175182483,1,STE,STE20,MSN,MAP4K4
MSN,-0.3675,66,KRSA,0.17518248175182483,1,STE,STE20,MSN,NRK
MSN,-0.3675,66,KRSA,0.17518248175182483,1,STE,STE20,MSN,TNIK
GSK,-1.600833333333333,19,KRSA,0.7632950990615224,4,CMGC,GSK,GSK,GSK3A
GSK,-1.600833333333333,19,KRSA,0.7632950990615224,4,CMGC,GSK,GSK,GSK3B
MTOR,-1.9066666666666667,15,KRSA,0.8133472367049009,4,ATYPICAL,PIKK,FRAP,MTOR
STE11,-1.1091666666666666,28,KRSA,0.6506777893639207,3,TKL,MLK,TAK1,MAP3K7
STE11,-1.1091666666666666,28,KRSA,0.6506777893639207,3,STE,STE11,MEKK1,MAP3K1
STE11,-1.1091666666666666,28,KRSA,0.6506777893639207,3,STE,STE11,ASK,MAP3K15
STE11,-1.1091666666666666,28,KRSA,0.6506777893639207,3,STE,STE11,MEKK2,MAP3K2
STE11,-1.1091666666666666,28,KRSA,0.6506777893639207,3,STE,STE11,MEKK2,MAP3K3
STE11,-1.1091666666666666,28,KRSA,0.6506777893639207,3,STE,STE11,MEKK4,MAP3K4
STE11,-1.1091666666666666,28,KRSA,0.6506777893639207,3,STE,STE11,ASK,MAP3K5
STE11,-1.1091666666666666,28,KRSA,0.6506777893639207,3,STE,STE11,ASK,MAP3K6
DMPK,0.09583333333333326,77,KRSA,0.03753910323253389,1,AGC,DMPK,GEK,CDC42BPA
DMPK,0.09583333333333326,77,KRSA,0.03753910323253389,1,AGC,DMPK,GEK,CDC42BPB
DMPK,0.09583333333333326,77,KRSA,0.03753910323253389,1,AGC,DMPK,GEK,CDC42BPG
DMPK,0.09583333333333326,77,KRSA,0.03753910323253389,1,AGC,DMPK,CRIK,CIT
DMPK,0.09583333333333326,77,KRSA,0.03753910323253389,1,AGC,DMPK,GEK,DMPK
DMPK,0.09583333333333326,77,KRSA,0.03753910323253389,1,AGC,DMPK,ROCK,ROCK1
DMPK,0.09583333333333326,77,KRSA,0.03753910323253389,1,AGC,DMPK,ROCK,ROCK2
PDHK,0.16499999999999998,73,KRSA,0.08759124087591241,1,ATYPICAL,PDHK,BCKDK,BCKDK
PDHK,0.16499999999999998,73,KRSA,0.08759124087591241,1,ATYPICAL,PDHK,PDHK,PDK2
PDHK,0.16499999999999998,73,KRSA,0.08759124087591241,1,ATYPICAL,PDHK,PDHK,PDK3
PDHK,0.16499999999999998,73,KRSA,0.08759124087591241,1,ATYPICAL,PDHK,PDHK,PDK4
IRAK,-0.5583333333333333,59,KRSA,0.26277372262773724,2,TKL,IRAK,IRAK,IRAK1
IRAK,-0.5583333333333333,59,KRSA,0.26277372262773724,2,TKL,IRAK,IRAK,IRAK2
IRAK,-0.5583333333333333,59,KRSA,0.26277372262773724,2,TKL,IRAK,IRAK,IRAK3
IRAK,-0.5583333333333333,59,KRSA,0.26277372262773724,2,TKL,IRAK,IRAK,IRAK4
PIM,0.6166666666666667,56,KRSA,0.30031282586027114,2,CAMK,PIM,PIM,PIM1
PIM,0.6166666666666667,56,KRSA,0.30031282586027114,2,CAMK,PIM,PIM,PIM2
PIM,0.6166666666666667,56,KRSA,0.30031282586027114,2,CAMK,PIM,PIM,PIM3
CK1,-1.7291666666666667,18,KRSA,0.7758081334723671,4,CK1,CK1,CK1-A,CSNK1A1
CK1,-1.7291666666666667,18,KRSA,0.7758081334723671,4,CK1,CK1,CK1-A,CSNK1A1L
CK1,-1.7291666666666667,18,KRSA,0.7758081334723671,4,CK1,CK1,CK1-D,CSNK1D
CK1,-1.7291666666666667,18,KRSA,0.7758081334723671,4,CK1,CK1,CK1-D,CSNK1E
CK1,-1.7291666666666667,18,KRSA,0.7758081334723671,4,CK1,CK1,CK1-G,CSNK1G1
CK1,-1.7291666666666667,18,KRSA,0.7758081334723671,4,CK1,CK1,CK1-G,CSNK1G2
CK1,-1.7291666666666667,18,KRSA,0.7758081334723671,4,CK1,CK1,CK1-G,CSNK1G3
CK1,-1.7291666666666667,18,KRSA,0.7758081334723671,4,CK1,TTBK,TTBK,TTBK1
CK1,-1.7291666666666667,18,KRSA,0.7758081334723671,4,CK1,TTBK,TTBK,TTBK2
CK1,-1.7291666666666667,18,KRSA,0.7758081334723671,4,CK1,VRK,VRK,VRK3
PKCI,0.8816666666666666,34,KRSA,0.5755995828988529,3,AGC,PKC,IOTA,PRKCI
PKCI,0.8816666666666666,34,KRSA,0.5755995828988529,3,AGC,PKC,IOTA,PRKCZ
HAL,0.8183333333333334,40,KRSA,0.5005213764337852,3,RGC,RGC,RGC,NPR1
PKN,-0.8133333333333334,41,KRSA,0.4880083420229406,2,AGC,PKN,PKN,PKN1
PKN,-0.8133333333333334,41,KRSA,0.4880083420229406,2,AGC,PKN,PKN,PKN2
PKN,-0.8133333333333334,41,KRSA,0.4880083420229406,2,AGC,PKN,PKN,PKN3
NAK,-0.8308333333333333,39,KRSA,0.5130344108446299,3,OTHER,NAK,BIKE,AAK1
NAK,-0.8308333333333333,39,KRSA,0.5130344108446299,3,OTHER,NAK,BIKE,BMP2K
NAK,-0.8308333333333333,39,KRSA,0.5130344108446299,3,OTHER,NAK,GAK,GAK
NAK,-0.8308333333333333,39,KRSA,0.5130344108446299,3,OTHER,NAK,MPSK,STK16
PAKB,-0.4541666666666667,62,KRSA,0.22523461939520334,1,STE,STE20,PAKB,PAK4
PAKB,-0.4541666666666667,62,KRSA,0.22523461939520334,1,STE,STE20,PAKB,PAK5
PAKB,-0.4541666666666667,62,KRSA,0.22523461939520334,1,STE,STE20,PAKB,PAK6
NDR,0.79,42,KRSA,0.4754953076120959,2,AGC,NDR,NDR,LATS1
NDR,0.79,42,KRSA,0.4754953076120959,2,AGC,NDR,NDR,LATS2
NDR,0.79,42,KRSA,0.4754953076120959,2,AGC,NDR,NDR,STK38
NDR,0.79,42,KRSA,0.4754953076120959,2,AGC,NDR,NDR,STK38L
TTK,-1.06,30,KRSA,0.6256517205422315,3,OTHER,TTK,TTK,TTK
TLK,-1.0616666666666668,29,KRSA,0.6381647549530761,3,OTHER,TLK,TLK,TLK1
TLK,-1.0616666666666668,29,KRSA,0.6381647549530761,3,OTHER,TLK,TLK,TLK2
ATR,-1.0508333333333333,31,KRSA,0.6131386861313869,3,ATYPICAL,PIKK,ATR,ATR
NUAK,-1.0491666666666666,32,KRSA,0.6006256517205423,3,CAMK,CAMKL,NUAK,NUAK1
NUAK,-1.0491666666666666,32,KRSA,0.6006256517205423,3,CAMK,CAMKL,NUAK,NUAK2
CHK1,-0.37,65,KRSA,0.18769551616266944,1,CAMK,CAMKL,CHK1,CHEK1
MAPKAPK,-0.00500000000000001,80,KRSA,0,1,CAMK,MAPKAPK,MAPKAPK,MAPKAPK2
MAPKAPK,-0.00500000000000001,80,KRSA,0,1,CAMK,MAPKAPK,MAPKAPK,MAPKAPK3
MAPKAPK,-0.00500000000000001,80,KRSA,0,1,CAMK,MAPKAPK,MAPKAPK,MAPKAPK5
MAPKAPK,-0.00500000000000001,80,KRSA,0,1,CAMK,MAPKAPK,MNK,MKNK1
MAPKAPK,-0.00500000000000001,80,KRSA,0,1,CAMK,MAPKAPK,MNK,MKNK2
STKR,-0.6591666666666667,53,KRSA,0.337851929092805,2,TKL,STKR,TYPE1,ACVR1
STKR,-0.6591666666666667,53,KRSA,0.337851929092805,2,TKL,STKR,TYPE1,ACVR1B
STKR,-0.6591666666666667,53,KRSA,0.337851929092805,2,TKL,STKR,TYPE1,ACVR1C
STKR,-0.6591666666666667,53,KRSA,0.337851929092805,2,TKL,STKR,TYPE2,ACVR2A
STKR,-0.6591666666666667,53,KRSA,0.337851929092805,2,TKL,STKR,TYPE2,ACVR2B
STKR,-0.6591666666666667,53,KRSA,0.337851929092805,2,TKL,STKR,TYPE1,ACVRL1
STKR,-0.6591666666666667,53,KRSA,0.337851929092805,2,TKL,STKR,TYPE2,AMHR2
STKR,-0.6591666666666667,53,KRSA,0.337851929092805,2,TKL,STKR,TYPE1,BMPR1A
STKR,-0.6591666666666667,53,KRSA,0.337851929092805,2,TKL,STKR,TYPE1,BMPR1B
STKR,-0.6591666666666667,53,KRSA,0.337851929092805,2,TKL,STKR,TYPE2,BMPR2
STKR,-0.6591666666666667,53,KRSA,0.337851929092805,2,TKL,STKR,TYPE1,TGFBR1
STKR,-0.6591666666666667,53,KRSA,0.337851929092805,2,TKL,STKR,TYPE2,TGFBR2
QIK,-1.5333333333333334,21,KRSA,0.7382690302398331,3,CAMK,CAMKL,QIK,SIK1
QIK,-1.5333333333333334,21,KRSA,0.7382690302398331,3,CAMK,CAMKL,QIK,SIK2
PKCH,-0.6566666666666666,54,KRSA,0.32533889468196037,2,AGC,PKC,ETA,PRKCE
PKCH,-0.6566666666666666,54,KRSA,0.32533889468196037,2,AGC,PKC,ETA,PRKCH
KHS,0.11833333333333336,76,KRSA,0.05005213764337852,1,STE,STE20,KHS,MAP4K1
KHS,0.11833333333333336,76,KRSA,0.05005213764337852,1,STE,STE20,KHS,MAP4K2
KHS,0.11833333333333336,76,KRSA,0.05005213764337852,1,STE,STE20,KHS,MAP4K3
KHS,0.11833333333333336,76,KRSA,0.05005213764337852,1,STE,STE20,KHS,MAP4K5
BRSK,-0.06416666666666665,78,KRSA,0.02502606882168926,1,CAMK,CAMKL,BRSK,BRSK1
BRSK,-0.06416666666666665,78,KRSA,0.02502606882168926,1,CAMK,CAMKL,BRSK,BRSK2
ULK,-0.7416666666666667,47,KRSA,0.4129301355578728,2,OTHER,ULK,FUSED,STK36
ULK,-0.7416666666666667,47,KRSA,0.4129301355578728,2,OTHER,ULK,ULK,ULK1
ULK,-0.7416666666666667,47,KRSA,0.4129301355578728,2,OTHER,ULK,ULK,ULK2
ULK,-0.7416666666666667,47,KRSA,0.4129301355578728,2,OTHER,ULK,ULK,ULK3
ULK,-0.7416666666666667,47,KRSA,0.4129301355578728,2,OTHER,ULK,ULK,ULK4
WNK,-0.75,46,KRSA,0.4254431699687174,2,OTHER,WNK,WNK,WNK1
WNK,-0.75,46,KRSA,0.4254431699687174,2,OTHER,WNK,WNK,WNK2
WNK,-0.75,46,KRSA,0.4254431699687174,2,OTHER,WNK,WNK,WNK3
WNK,-0.75,46,KRSA,0.4254431699687174,2,OTHER,WNK,WNK,WNK4
NIK,-0.74,48,KRSA,0.40041710114702816,2,STE,STE-UNIQUE,STE-UNIQUE,MAP3K14
PKCA,-1.413333333333333,23,KRSA,0.7132429614181439,3,AGC,PKC,ALPHA,PRKCA
PKCA,-1.413333333333333,23,KRSA,0.7132429614181439,3,AGC,PKC,ALPHA,PRKCB
PKCA,-1.413333333333333,23,KRSA,0.7132429614181439,3,AGC,PKC,ALPHA,PRKCG
MOS,-0.7525,45,KRSA,0.43795620437956206,2,OTHER,MOS,MOS,MOS
AMPK,0.47,61,KRSA,0.23774765380604795,1,CAMK,CAMKL,AMPK,PRKAA1
AMPK,0.47,61,KRSA,0.23774765380604795,1,CAMK,CAMKL,AMPK,PRKAA2
BUD32,-0.735,50,KRSA,0.3753910323253389,2,OTHER,BUD32,BUD32,TP53RK
SLK,0.6541666666666667,55,KRSA,0.31282586027111575,2,STE,STE20,SLK,SLK
SLK,0.6541666666666667,55,KRSA,0.31282586027111575,2,STE,STE20,SLK,STK10
TAO,-0.5683333333333334,58,KRSA,0.27528675703858185,2,STE,STE20,TAO,TAOK1
TAO,-0.5683333333333334,58,KRSA,0.27528675703858185,2,STE,STE20,TAO,TAOK2
TAO,-0.5683333333333334,58,KRSA,0.27528675703858185,2,STE,STE20,TAO,TAOK3
CLK,-0.7333333333333334,51,KRSA,0.36287799791449427,2,CMGC,CLK,CLK,CLK1
CLK,-0.7333333333333334,51,KRSA,0.36287799791449427,2,CMGC,CLK,CLK,CLK2
CLK,-0.7333333333333334,51,KRSA,0.36287799791449427,2,CMGC,CLK,CLK,CLK3
CLK,-0.7333333333333334,51,KRSA,0.36287799791449427,2,CMGC,CLK,CLK,CLK4
CAMKK,-0.7358333333333333,49,KRSA,0.38790406673618355,2,OTHER,CAMKK,META,CAMKK1
CAMKK,-0.7358333333333333,49,KRSA,0.38790406673618355,2,OTHER,CAMKK,META,CAMKK2
DAPK,-0.44333333333333336,63,KRSA,0.2127215849843587,1,CAMK,DAPK,DAPK,DAPK1
DAPK,-0.44333333333333336,63,KRSA,0.2127215849843587,1,CAMK,DAPK,DAPK,DAPK2
DAPK,-0.44333333333333336,63,KRSA,0.2127215849843587,1,CAMK,DAPK,DAPK,DAPK3
DAPK,-0.44333333333333336,63,KRSA,0.2127215849843587,1,CAMK,DAPK,DRAK,STK17A
DAPK,-0.44333333333333336,63,KRSA,0.2127215849843587,1,CAMK,DAPK,DRAK,STK17B
MELK,-0.8466666666666667,38,KRSA,0.5255474452554745,3,CAMK,CAMKL,MELK,MELK
CAMK2,0.20083333333333336,70,KRSA,0.1251303441084463,1,CAMK,CAMK2,CAMK2,CAMK2A
CAMK2,0.20083333333333336,70,KRSA,0.1251303441084463,1,CAMK,CAMK2,CAMK2,CAMK2B
CAMK2,0.20083333333333336,70,KRSA,0.1251303441084463,1,CAMK,CAMK2,CAMK2,CAMK2D
CAMK2,0.20083333333333336,70,KRSA,0.1251303441084463,1,CAMK,CAMK2,CAMK2,CAMK2G
MLK,-0.18,71,KRSA,0.11261730969760167,1,TKL,MLK,ILK,ILK
MLK,-0.18,71,KRSA,0.11261730969760167,1,TKL,MLK,MLK,MAP3K10
MLK,-0.18,71,KRSA,0.11261730969760167,1,TKL,MLK,MLK,MAP3K11
MLK,-0.18,71,KRSA,0.11261730969760167,1,TKL,MLK,LZK,MAP3K12
MLK,-0.18,71,KRSA,0.11261730969760167,1,TKL,MLK,LZK,MAP3K13
MLK,-0.18,71,KRSA,0.11261730969760167,1,TKL,MLK,MLK,MAP3K9
MLK,-0.18,71,KRSA,0.11261730969760167,1,TKL,MLK,HH498,TNNI3K
SGK,-0.2016666666666667,69,KRSA,0.13764337851929093,1,AGC,SGK,SGK,SGK1
SGK,-0.2016666666666667,69,KRSA,0.13764337851929093,1,AGC,SGK,SGK,SGK2
SGK,-0.2016666666666667,69,KRSA,0.13764337851929093,1,AGC,SGK,SGK,SGK3
COT,0.12083333333333336,75,KRSA,0.06256517205422316,1,STE,STE-UNIQUE,STE-UNIQUE,MAP3K8
IKK,-0.2791666666666666,67,KRSA,0.16266944734098018,1,OTHER,IKK,IKK,CHUK
IKK,-0.2791666666666666,67,KRSA,0.16266944734098018,1,OTHER,IKK,IKK,IKBKB
IKK,-0.2791666666666666,67,KRSA,0.16266944734098018,1,OTHER,IKK,IKK,IKBKE
IKK,-0.2791666666666666,67,KRSA,0.16266944734098018,1,OTHER,IKK,IKK,TBK1
AUR,-0.02333333333333338,79,KRSA,0.01251303441084463,1,OTHER,AUR,AUR,AURKA
AUR,-0.02333333333333338,79,KRSA,0.01251303441084463,1,OTHER,AUR,AUR,AURKB
AUR,-0.02333333333333338,79,KRSA,0.01251303441084463,1,OTHER,AUR,AUR,AURKC
NEK,-0.4066666666666667,64,KRSA,0.20020855057351408,1,OTHER,NEK,NEK11,NEK11
NEK,-0.4066666666666667,64,KRSA,0.20020855057351408,1,OTHER,NEK,NEK2,NEK2
NEK,-0.4066666666666667,64,KRSA,0.20020855057351408,1,OTHER,NEK,NEK1,NEK3
NEK,-0.4066666666666667,64,KRSA,0.20020855057351408,1,OTHER,NEK,NEK4,NEK4
NEK,-0.4066666666666667,64,KRSA,0.20020855057351408,1,OTHER,NEK,NEK1,NEK5
NEK,-0.4066666666666667,64,KRSA,0.20020855057351408,1,OTHER,NEK,NEK6,NEK6
NEK,-0.4066666666666667,64,KRSA,0.20020855057351408,1,OTHER,NEK,NEK6,NEK7
NEK,-0.4066666666666667,64,KRSA,0.20020855057351408,1,OTHER,NEK,NEK8,NEK8
NEK,-0.4066666666666667,64,KRSA,0.20020855057351408,1,OTHER,NEK,NEK8,NEK9
PHK,-0.865,35,KRSA,0.5630865484880083,3,CAMK,PHK,PHK,PHKG1
PHK,-0.865,35,KRSA,0.5630865484880083,3,CAMK,PHK,PHK,PHKG2
ATM,-0.6041666666666666,57,KRSA,0.28779979144942647,2,ATYPICAL,PIKK,ATM,ATM
PRKDC,-0.8483333333333333,37,KRSA,0.5380604796663191,3,ATYPICAL,PIKK,DNAPK,PRKDC
AKT,0.22333333333333336,68,KRSA,0.15015641293013557,1,AGC,AKT,AKT,AKT1
AKT,0.22333333333333336,68,KRSA,0.15015641293013557,1,AGC,AKT,AKT,AKT2
AKT,0.22333333333333336,68,KRSA,0.15015641293013557,1,AGC,AKT,AKT,AKT3
GRK,-0.17250000000000004,72,KRSA,0.10010427528675704,1,AGC,GRK,GRK,GRK1
GRK,-0.17250000000000004,72,KRSA,0.10010427528675704,1,AGC,GRK,GRK,GRK4
GRK,-0.17250000000000004,72,KRSA,0.10010427528675704,1,AGC,GRK,GRK,GRK5
GRK,-0.17250000000000004,72,KRSA,0.10010427528675704,1,AGC,GRK,GRK,GRK6
GRK,-0.17250000000000004,72,KRSA,0.10010427528675704,1,AGC,GRK,GRK,GRK7
CK2,-0.16249999999999998,74,KRSA,0.07507820646506778,1,CMGC,CK2,CK2,CSNK2A1
CK2,-0.16249999999999998,74,KRSA,0.07507820646506778,1,CMGC,CK2,CK2,CSNK2A2
CK2,-0.16249999999999998,74,KRSA,0.07507820646506778,1,NA,NA,NA,CSNK2A3
