Kinase,Score,Rank,Method,Perc,Qrt,group,KinaseFamily,subfamily,hgnc_symbol
SGK1,93.88339224864427,5,PTM-SEA,0.9333333333333333,4,AGC,SGK,SGK,SGK1
PIK3C2A,0,51,PTM-SEA,0,1,NA,NA,NA,PIK3C2A
CHEK1,28.89659097370966,34,PTM-SEA,0.4666666666666667,2,CAMK,CAMKL,CHK1,CHEK1
AURKA,19.417125639199295,42,PTM-SEA,0.36,2,OTHER,AUR,AUR,AURKA
RPS6KA5,53.36949848085396,23,PTM-SEA,0.6266666666666667,3,AGC,RSK,MSK,RPS6KA5
CHEK2,-41.80323777877236,25,PTM-SEA,0.6,3,CAMK,RAD53,RAD53,CHEK2
RAF1,38.55230607993873,28,PTM-SEA,0.5466666666666666,3,TKL,RAF,RAF,RAF1
PRKCG,0,51,PTM-SEA,0,1,AGC,PKC,ALPHA,PRKCG
PRKCB,-23.11121919412882,39,PTM-SEA,0.4,2,AGC,PKC,ALPHA,PRKCB
CDK1,-71.74592238384933,14,PTM-SEA,0.7466666666666667,3,CMGC,CDK,CDC2,CDK1
ARAF,95.30533253095462,3,PTM-SEA,0.96,4,TKL,RAF,RAF,ARAF
PIM1,81.40931954084394,9,PTM-SEA,0.8133333333333334,4,CAMK,PIM,PIM,PIM1
CDK4,-59.24995110768472,21,PTM-SEA,0.6533333333333333,3,CMGC,CDK,CDK4,CDK4
SRC,0,51,PTM-SEA,0,1,TK,SRC,SRCA,SRC
BRAF,95.30533253095462,3,PTM-SEA,0.96,4,TKL,RAF,RAF,BRAF
PRKCA,78.43892094044367,11,PTM-SEA,0.7866666666666666,4,AGC,PKC,ALPHA,PRKCA
PRKACA,25.403237694946373,36,PTM-SEA,0.44,2,AGC,PKA,PKA,PRKACA
PRKACG,81.40931954084394,9,PTM-SEA,0.8133333333333334,4,AGC,PKA,PKA,PRKACG
PRKACB,81.40931954084394,9,PTM-SEA,0.8133333333333334,4,AGC,PKA,PKA,PRKACB
RPS6KB1,12.821050143002278,46,PTM-SEA,0.30666666666666664,2,AGC,RSK,P70,RPS6KB1
CDK2,-67.47958502826488,16,PTM-SEA,0.72,3,CMGC,CDK,CDC2,CDK2
MAPK3,-3.960850701596942,50,PTM-SEA,0.25333333333333335,2,CMGC,MAPK,ERK1,MAPK3
MAPK1,-23.057215174956276,40,PTM-SEA,0.38666666666666666,2,CMGC,MAPK,ERK1,MAPK1
AKT1,31.598561016760765,31,PTM-SEA,0.5066666666666667,3,AGC,AKT,AKT,AKT1
AKT2,83.39477591927515,8,PTM-SEA,0.8933333333333333,4,AGC,AKT,AKT,AKT2
MAP3K8,77.72587206828116,12,PTM-SEA,0.7733333333333333,4,STE,STE-UNIQUE,STE-UNIQUE,MAP3K8
PRKCI,81.40931954084394,9,PTM-SEA,0.8133333333333334,4,AGC,PKC,IOTA,PRKCI
MTOR,0,51,PTM-SEA,0,1,ATYPICAL,PIKK,FRAP,MTOR
MAPK8,-39.698806349023556,27,PTM-SEA,0.56,3,CMGC,MAPK,JNK,MAPK8
MAPK9,0,51,PTM-SEA,0,1,CMGC,MAPK,JNK,MAPK9
MAPKAPK2,17.680189723146466,44,PTM-SEA,0.3333333333333333,2,CAMK,MAPKAPK,MAPKAPK,MAPKAPK2
GSK3B,-12.432773736321693,47,PTM-SEA,0.29333333333333333,2,CMGC,GSK,GSK,GSK3B
CDK7,-38.296875,29,PTM-SEA,0.5333333333333333,3,CMGC,CDK,CDK7,CDK7
CDK9,40.3125,26,PTM-SEA,0.5733333333333334,3,CMGC,CDK,CDK9,CDK9
RPS6KA3,80.89046737079573,10,PTM-SEA,0.8,4,AGC,RSK,RSK,RPS6KA3
NEK2,0,51,PTM-SEA,0,1,OTHER,NEK,NEK2,NEK2
DAPK1,0,51,PTM-SEA,0,1,CAMK,DAPK,DAPK,DAPK1
MAPK10,-64.5,18,PTM-SEA,0.6933333333333334,3,CMGC,MAPK,JNK,MAPK10
PRKAA2,94.12262664763142,4,PTM-SEA,0.9466666666666667,4,CAMK,CAMKL,AMPK,PRKAA2
SIK1,-65.5078125,17,PTM-SEA,0.7066666666666667,3,CAMK,CAMKL,QIK,SIK1
CSNK2A1,21.508914743700508,41,PTM-SEA,0.37333333333333335,2,CMGC,CK2,CK2,CSNK2A1
PRKDC,-24.69140625,37,PTM-SEA,0.4266666666666667,2,ATYPICAL,PIKK,DNAPK,PRKDC
ATM,0,51,PTM-SEA,0,1,ATYPICAL,PIKK,ATM,ATM
AURKB,113.34013598092015,1,PTM-SEA,1,4,OTHER,AUR,AUR,AURKB
CDK3,0,51,PTM-SEA,0,1,CMGC,CDK,CDC2,CDK3
CDK6,40.3125,26,PTM-SEA,0.5733333333333334,3,CMGC,CDK,CDK4,CDK6
CDK5,-70.67466421742003,15,PTM-SEA,0.7333333333333333,3,CMGC,CDK,CDK5,CDK5
PRKCE,87.33840423079317,7,PTM-SEA,0.9066666666666666,4,AGC,PKC,ETA,PRKCE
PRKCQ,88.2626090265765,6,PTM-SEA,0.92,4,AGC,PKC,DELTA,PRKCQ
PRKCZ,74.55198781624779,13,PTM-SEA,0.76,4,AGC,PKC,IOTA,PRKCZ
PRKCD,18.43791302975416,43,PTM-SEA,0.3466666666666667,2,AGC,PKC,DELTA,PRKCD
PRKAA1,24.134925729146804,38,PTM-SEA,0.41333333333333333,2,CAMK,CAMKL,AMPK,PRKAA1
PAK1,55.83862954878538,22,PTM-SEA,0.64,3,STE,STE20,PAKA,PAK1
PAK2,62.484375,19,PTM-SEA,0.68,3,STE,STE20,PAKA,PAK2
PRKG2,-27.685507822034236,35,PTM-SEA,0.4533333333333333,2,AGC,PKG,PKG,PRKG2
ROCK1,50.6364898497133,24,PTM-SEA,0.6133333333333333,3,AGC,DMPK,ROCK,ROCK1
ATR,0,51,PTM-SEA,0,1,ATYPICAL,PIKK,ATR,ATR
CAMK2G,0,51,PTM-SEA,0,1,CAMK,CAMK2,CAMK2,CAMK2G
DYRK1A,29.65774995111634,33,PTM-SEA,0.48,2,CMGC,DYRK,DYRK1,DYRK1A
PRKG1,7.76441817607248,48,PTM-SEA,0.28,2,AGC,PKG,PKG,PRKG1
PRKD1,59.6132114462576,20,PTM-SEA,0.6666666666666666,3,CAMK,PKD,PKD,PRKD1
RPS6KA2,33.02722112320976,30,PTM-SEA,0.52,3,AGC,RSK,RSK,RPS6KA2
RPS6KA1,30.940086443787443,32,PTM-SEA,0.49333333333333335,2,AGC,RSK,RSK,RPS6KA1
PKN1,-4.54621678778852,49,PTM-SEA,0.26666666666666666,2,AGC,PKN,PKN,PKN1
MAPK14,14.652640221545441,45,PTM-SEA,0.32,2,CMGC,MAPK,P38,MAPK14
PIM3,81.40931954084394,9,PTM-SEA,0.8133333333333334,4,CAMK,PIM,PIM,PIM3
BRSK2,0,51,PTM-SEA,0,1,CAMK,CAMKL,BRSK,BRSK2
BRSK1,0,51,PTM-SEA,0,1,CAMK,CAMKL,BRSK,BRSK1
DYRK2,0,51,PTM-SEA,0,1,CMGC,DYRK,DYRK2,DYRK2
PASK,0,51,PTM-SEA,0,1,CAMK,CAMKL,PASK,PASK
VRK1,0,51,PTM-SEA,0,1,CK1,VRK,VRK,VRK1
PRKD2,0,51,PTM-SEA,0,1,CAMK,PKD,PKD,PRKD2
PLK3,0,51,PTM-SEA,0,1,OTHER,PLK,PLK2,PLK3
NEK6,0,51,PTM-SEA,0,1,OTHER,NEK,NEK6,NEK6
PIM2,81.40931954084394,9,PTM-SEA,0.8133333333333334,4,CAMK,PIM,PIM,PIM2
AKT3,96.775489147961,2,PTM-SEA,0.9866666666666667,4,AGC,AKT,AKT,AKT3
AAK1,302,272,KEA3,0.08571428571428572,1,OTHER,NAK,BIKE,AAK1
ABL1,66.33333333333333,53,KEA3,0.8285714285714286,4,TK,ABL,ABL,ABL1
ABL2,169,172,KEA3,0.4085714285714286,2,TK,ABL,ABL,ABL2
ACVR1,83,69,KEA3,0.7571428571428571,4,TKL,STKR,TYPE1,ACVR1
ACVR1B,181.5,189,KEA3,0.35428571428571426,2,TKL,STKR,TYPE1,ACVR1B
ACVR2B,214,215,KEA3,0.2714285714285714,2,TKL,STKR,TYPE2,ACVR2B
AKT1,56,40,KEA3,0.88,4,AGC,AKT,AKT,AKT1
AKT2,89.33333333333333,76,KEA3,0.7314285714285714,3,AGC,AKT,AKT,AKT2
AKT3,215,216,KEA3,0.26857142857142857,2,AGC,AKT,AKT,AKT3
ALK,58.5,43,KEA3,0.8714285714285714,4,TK,ALK,ALK,ALK
ARAF,121.5,111,KEA3,0.6028571428571429,3,TKL,RAF,RAF,ARAF
ATM,109.33333333333333,98,KEA3,0.6514285714285715,3,ATYPICAL,PIKK,ATM,ATM
ATR,75,61,KEA3,0.7971428571428572,4,ATYPICAL,PIKK,ATR,ATR
AURKA,13,4,KEA3,0.9914285714285714,4,OTHER,AUR,AUR,AURKA
AURKB,39.333333333333336,20,KEA3,0.94,4,OTHER,AUR,AUR,AURKB
AURKC,186,193,KEA3,0.34285714285714286,2,OTHER,AUR,AUR,AURKC
AXL,202.5,209,KEA3,0.2914285714285714,2,TK,AXL,AXL,AXL
BLK,259,241,KEA3,0.17714285714285713,1,TK,SRC,SRCB,BLK
BMP2K,326,291,KEA3,0.03142857142857143,1,OTHER,NAK,BIKE,BMP2K
BMPR1A,158.5,158,KEA3,0.4542857142857143,2,TKL,STKR,TYPE1,BMPR1A
BMPR1B,112,101,KEA3,0.64,3,TKL,STKR,TYPE1,BMPR1B
BMPR2,202,208,KEA3,0.29428571428571426,2,TKL,STKR,TYPE2,BMPR2
BMX,121,110,KEA3,0.6057142857142858,3,TK,TEC,TEC,BMX
BRAF,159.5,159,KEA3,0.4514285714285714,2,TKL,RAF,RAF,BRAF
BRSK1,127.33333333333334,121,KEA3,0.5742857142857143,3,CAMK,CAMKL,BRSK,BRSK1
BRSK2,174,178,KEA3,0.38571428571428573,2,CAMK,CAMKL,BRSK,BRSK2
BTK,66,52,KEA3,0.8342857142857143,4,TK,TEC,TEC,BTK
BUB1,148,144,KEA3,0.5,3,OTHER,BUB,BUB,BUB1
CAMK1,176,181,KEA3,0.37714285714285717,2,CAMK,CAMK1,CAMK1,CAMK1
CAMK1D,246.5,232,KEA3,0.21142857142857144,1,CAMK,CAMK1,CAMK1,CAMK1D
CAMK2A,64.66666666666667,50,KEA3,0.8457142857142858,4,CAMK,CAMK2,CAMK2,CAMK2A
CAMK2B,229.5,227,KEA3,0.22857142857142856,1,CAMK,CAMK2,CAMK2,CAMK2B
CAMK2D,93,83,KEA3,0.7114285714285714,3,CAMK,CAMK2,CAMK2,CAMK2D
CAMK2G,40,21,KEA3,0.9371428571428572,4,CAMK,CAMK2,CAMK2,CAMK2G
CAMK4,114.66666666666667,103,KEA3,0.6342857142857142,3,CAMK,CAMK1,CAMK1,CAMK4
CAMKK1,123.66666666666667,112,KEA3,0.6,3,OTHER,CAMKK,META,CAMKK1
CAMKK2,195,202,KEA3,0.3171428571428571,2,OTHER,CAMKK,META,CAMKK2
CDC42BPA,285,259,KEA3,0.12285714285714286,1,AGC,DMPK,GEK,CDC42BPA
CDC7,199,205,KEA3,0.3028571428571429,2,OTHER,CDC7,CDC7,CDC7
CDK1,47,30,KEA3,0.9114285714285715,4,CMGC,CDK,CDC2,CDK1
CDK11A,333,296,KEA3,0.017142857142857144,1,CMGC,CDK,CDK11,CDK11A
CDK11A,333,296,KEA3,0.017142857142857144,1,NA,NA,NA,CDK11A
CDK12,317,285,KEA3,0.04857142857142857,1,CMGC,CDK,CRK7,CDK12
CDK15,263,243,KEA3,0.17142857142857143,1,CMGC,CDK,PFTAIRE,CDK15
CDK16,228,225,KEA3,0.24,1,CMGC,CDK,PCTAIRE,CDK16
CDK18,250,235,KEA3,0.2,1,CMGC,CDK,PCTAIRE,CDK18
CDK19,78,64,KEA3,0.7857142857142857,4,CMGC,CDK,CDK8,CDK19
CDK2,21.666666666666668,8,KEA3,0.98,4,CMGC,CDK,CDC2,CDK2
CDK20,188,195,KEA3,0.33714285714285713,2,CMGC,CDK,CCRK,CDK20
CDK3,87,73,KEA3,0.7428571428571429,3,CMGC,CDK,CDC2,CDK3
CDK4,46,27,KEA3,0.92,4,CMGC,CDK,CDK4,CDK4
CDK5,32,13,KEA3,0.9657142857142857,4,CMGC,CDK,CDK5,CDK5
CDK6,70,55,KEA3,0.8228571428571428,4,CMGC,CDK,CDK4,CDK6
CDK7,44,24,KEA3,0.9285714285714286,4,CMGC,CDK,CDK7,CDK7
CDK8,134.5,132,KEA3,0.5428571428571428,3,CMGC,CDK,CDK8,CDK8
CDK9,54,37,KEA3,0.8885714285714286,4,CMGC,CDK,CDK9,CDK9
CDKL3,305,275,KEA3,0.07714285714285714,1,CMGC,CDKL,CDKL,CDKL3
CDKL5,107,96,KEA3,0.6628571428571428,3,CMGC,CDKL,CDKL,CDKL5
CHEK1,5.666666666666667,1,KEA3,1,4,CAMK,CAMKL,CHK1,CHEK1
CHEK2,65.66666666666667,51,KEA3,0.84,4,CAMK,RAD53,RAD53,CHEK2
CHUK,43.333333333333336,23,KEA3,0.9314285714285714,4,OTHER,IKK,IKK,CHUK
CLK1,164.5,164,KEA3,0.43142857142857144,2,CMGC,CLK,CLK,CLK1
CLK2,100,90,KEA3,0.6857142857142857,3,CMGC,CLK,CLK,CLK2
CLK3,168,170,KEA3,0.4142857142857143,2,CMGC,CLK,CLK,CLK3
CLK4,322,289,KEA3,0.037142857142857144,1,CMGC,CLK,CLK,CLK4
CSF1R,335,298,KEA3,0.011428571428571429,1,TK,PDGFR,PDGFR,CSF1R
CSK,167.66666666666666,169,KEA3,0.41714285714285715,2,TK,CSK,CSK,CSK
CSNK1A1,75,61,KEA3,0.7971428571428572,4,CK1,CK1,CK1-A,CSNK1A1
CSNK1A1L,339,302,KEA3,0,1,CK1,CK1,CK1-A,CSNK1A1L
CSNK1D,38.666666666666664,19,KEA3,0.9428571428571428,4,CK1,CK1,CK1-D,CSNK1D
CSNK1E,125.33333333333333,115,KEA3,0.5914285714285714,3,CK1,CK1,CK1-D,CSNK1E
CSNK1G1,189.5,196,KEA3,0.3342857142857143,2,CK1,CK1,CK1-G,CSNK1G1
CSNK1G2,217.5,217,KEA3,0.26571428571428574,2,CK1,CK1,CK1-G,CSNK1G2
CSNK1G3,258,240,KEA3,0.18285714285714286,1,CK1,CK1,CK1-G,CSNK1G3
CSNK2A1,53,35,KEA3,0.8942857142857142,4,CMGC,CK2,CK2,CSNK2A1
CSNK2A2,119,107,KEA3,0.6142857142857143,3,CMGC,CK2,CK2,CSNK2A2
DAPK1,34.333333333333336,16,KEA3,0.9542857142857143,4,CAMK,DAPK,DAPK,DAPK1
DAPK3,86.33333333333333,72,KEA3,0.7457142857142857,3,CAMK,DAPK,DAPK,DAPK3
DCLK1,268,246,KEA3,0.16285714285714287,1,CAMK,DCAMKL,DCAMKL,DCLK1
DDR1,146,141,KEA3,0.5085714285714286,3,TK,DDR,DDR,DDR1
DDR2,162,161,KEA3,0.44,2,TK,DDR,DDR,DDR2
DMPK,259,241,KEA3,0.17714285714285713,1,AGC,DMPK,GEK,DMPK
DYRK1A,34.333333333333336,16,KEA3,0.9542857142857143,4,CMGC,DYRK,DYRK1,DYRK1A
DYRK1B,70.66666666666667,57,KEA3,0.8171428571428572,4,CMGC,DYRK,DYRK1,DYRK1B
DYRK2,78,64,KEA3,0.7857142857142857,4,CMGC,DYRK,DYRK2,DYRK2
DYRK3,201,207,KEA3,0.29714285714285715,2,CMGC,DYRK,DYRK2,DYRK3
DYRK4,92.5,82,KEA3,0.7142857142857143,3,CMGC,DYRK,DYRK2,DYRK4
EEF2K,38,18,KEA3,0.9457142857142857,4,ATYPICAL,ALPHA,EEF2K,EEF2K
EGFR,84.66666666666667,71,KEA3,0.7485714285714286,3,TK,EGFR,EGFR,EGFR
EIF2AK1,316,284,KEA3,0.05142857142857143,1,OTHER,PEK,HRI,EIF2AK1
EIF2AK2,24.666666666666668,10,KEA3,0.9742857142857143,4,OTHER,PEK,PKR,EIF2AK2
EIF2AK3,337,300,KEA3,0.005714285714285714,1,OTHER,PEK,PEK,EIF2AK3
EPHA2,321,288,KEA3,0.04,1,TK,EPH,EPH,EPHA2
EPHA3,71.5,58,KEA3,0.8142857142857143,4,TK,EPH,EPH,EPHA3
EPHA4,327,292,KEA3,0.02857142857142857,1,TK,EPH,EPH,EPHA4
EPHA8,336,299,KEA3,0.008571428571428572,1,TK,EPH,EPH,EPHA8
EPHB1,323,290,KEA3,0.03428571428571429,1,TK,EPH,EPH,EPHB1
EPHB2,294,266,KEA3,0.10285714285714286,1,TK,EPH,EPH,EPHB2
EPHB3,170,174,KEA3,0.4,2,TK,EPH,EPH,EPHB3
ERBB2,53,35,KEA3,0.8942857142857142,4,TK,EGFR,EGFR,ERBB2
ERBB4,145,140,KEA3,0.5142857142857142,3,TK,EGFR,EGFR,ERBB4
FASTK,232,228,KEA3,0.22285714285714286,1,ATYPICAL,FAST,FAST,FASTK
FER,23,9,KEA3,0.9771428571428571,4,TK,FER,FER,FER
FES,273,250,KEA3,0.15142857142857144,1,TK,FER,FER,FES
FGFR1,161.33333333333334,160,KEA3,0.44571428571428573,2,TK,FGFR,FGFR,FGFR1
FGFR2,119,107,KEA3,0.6142857142857143,3,TK,FGFR,FGFR,FGFR2
FGFR3,163.5,162,KEA3,0.43714285714285717,2,TK,FGFR,FGFR,FGFR3
FGFR4,80.5,67,KEA3,0.7714285714285715,4,TK,FGFR,FGFR,FGFR4
FGR,66,52,KEA3,0.8342857142857143,4,TK,SRC,SRCA,FGR
FLT1,307,277,KEA3,0.07142857142857142,1,TK,VEGFR,VEGFR,FLT1
FLT3,229,226,KEA3,0.2342857142857143,1,TK,PDGFR,PDGFR,FLT3
FLT4,270,248,KEA3,0.15714285714285714,1,TK,VEGFR,VEGFR,FLT4
FRK,194.5,201,KEA3,0.32,2,TK,SRC,FRK,FRK
FYN,80,66,KEA3,0.7742857142857142,4,TK,SRC,SRCA,FYN
GRK1,331,295,KEA3,0.02,1,AGC,GRK,GRK,GRK1
GRK2,38,18,KEA3,0.9457142857142857,4,AGC,GRK,BARK,GRK2
GRK3,229.5,227,KEA3,0.22857142857142856,1,AGC,GRK,BARK,GRK3
GRK5,27.666666666666668,12,KEA3,0.9685714285714285,4,AGC,GRK,GRK,GRK5
GRK6,143,139,KEA3,0.5171428571428571,3,AGC,GRK,GRK,GRK6
GSK3A,84.33333333333333,70,KEA3,0.7542857142857143,4,CMGC,GSK,GSK,GSK3A
GSK3B,52,33,KEA3,0.9028571428571428,4,CMGC,GSK,GSK,GSK3B
HASPIN,223,221,KEA3,0.25142857142857145,2,OTHER,HASPIN,HASPIN,HASPIN
HCK,116,105,KEA3,0.6228571428571429,3,TK,SRC,SRCB,HCK
HIPK1,98,88,KEA3,0.6942857142857143,3,CMGC,DYRK,HIPK,HIPK1
HIPK2,79,65,KEA3,0.78,4,CMGC,DYRK,HIPK,HIPK2
HIPK3,295,267,KEA3,0.1,1,CMGC,DYRK,HIPK,HIPK3
HIPK4,146.5,142,KEA3,0.5057142857142857,3,CMGC,DYRK,HIPK,HIPK4
ICK,191,199,KEA3,0.32571428571428573,2,CMGC,RCK,RCK,CILK1
IGF1R,128.33333333333334,124,KEA3,0.5657142857142857,3,TK,INSR,INSR,IGF1R
IKBKB,43,22,KEA3,0.9342857142857143,4,OTHER,IKK,IKK,IKBKB
IKBKE,106,94,KEA3,0.6742857142857143,3,OTHER,IKK,IKK,IKBKE
ILK,157.33333333333334,157,KEA3,0.45714285714285713,2,TKL,MLK,ILK,ILK
INSR,161.33333333333334,160,KEA3,0.44571428571428573,2,TK,INSR,INSR,INSR
IRAK1,117.5,106,KEA3,0.62,3,TKL,IRAK,IRAK,IRAK1
IRAK3,251.5,237,KEA3,0.19142857142857142,1,TKL,IRAK,IRAK,IRAK3
IRAK4,293,265,KEA3,0.10571428571428572,1,TKL,IRAK,IRAK,IRAK4
ITK,150,147,KEA3,0.49142857142857144,2,TK,TEC,TEC,ITK
JAK1,90.5,77,KEA3,0.7285714285714285,3,TK,JAKA,JAKA,JAK1
JAK2,80,66,KEA3,0.7742857142857142,4,TK,JAKA,JAKA,JAK2
JAK3,166,166,KEA3,0.4257142857142857,2,TK,JAKA,JAKA,JAK3
KDR,303,273,KEA3,0.08285714285714285,1,TK,VEGFR,VEGFR,KDR
KIT,72,59,KEA3,0.8085714285714286,4,TK,PDGFR,PDGFR,KIT
KSR1,272,249,KEA3,0.15428571428571428,1,TKL,RAF,KSR,KSR1
KSR2,286,260,KEA3,0.12,1,TKL,RAF,KSR,KSR2
LATS1,193.66666666666666,200,KEA3,0.32285714285714284,2,AGC,NDR,NDR,LATS1
LATS2,106.5,95,KEA3,0.6685714285714286,3,AGC,NDR,NDR,LATS2
LCK,57,41,KEA3,0.8771428571428571,4,TK,SRC,SRCB,LCK
LIMK1,284,258,KEA3,0.12571428571428572,1,TKL,LISK,LIMK,LIMK1
LIMK2,173,176,KEA3,0.3914285714285714,2,TKL,LISK,LIMK,LIMK2
LRRK2,102,91,KEA3,0.6828571428571428,3,TKL,LRRK,LRRK,LRRK2
LYN,108,97,KEA3,0.6542857142857142,3,TK,SRC,SRCB,LYN
MAK,262,242,KEA3,0.1742857142857143,1,CMGC,RCK,RCK,MAK
MAP2K1,115,104,KEA3,0.6285714285714286,3,STE,STE7,MEK1,MAP2K1
MAP2K2,229,226,KEA3,0.2342857142857143,1,STE,STE7,MEK1,MAP2K2
MAP2K3,251,236,KEA3,0.19714285714285715,1,STE,STE7,MEK3,MAP2K3
MAP2K4,134,131,KEA3,0.5457142857142857,3,STE,STE7,MEK4,MAP2K4
MAP2K6,140.33333333333334,137,KEA3,0.5228571428571429,3,STE,STE7,MEK3,MAP2K6
MAP2K7,126.5,117,KEA3,0.5857142857142857,3,STE,STE7,MEK7,MAP2K7
MAP3K1,256,238,KEA3,0.18857142857142858,1,STE,STE11,MEKK1,MAP3K1
MAP3K10,274,251,KEA3,0.14857142857142858,1,TKL,MLK,MLK,MAP3K10
MAP3K11,140,136,KEA3,0.5257142857142857,3,TKL,MLK,MLK,MAP3K11
MAP3K13,213.5,214,KEA3,0.2742857142857143,2,TKL,MLK,LZK,MAP3K13
MAP3K14,127.33333333333333,120,KEA3,0.5771428571428572,3,STE,STE-UNIQUE,STE-UNIQUE,MAP3K14
MAP3K20,196,203,KEA3,0.31142857142857144,2,TKL,MLK,ZAK,MAP3K20
MAP3K3,291,263,KEA3,0.11142857142857143,1,STE,STE11,MEKK2,MAP3K3
MAP3K4,306,276,KEA3,0.07428571428571429,1,STE,STE11,MEKK4,MAP3K4
MAP3K5,168.33333333333334,171,KEA3,0.4114285714285714,2,STE,STE11,ASK,MAP3K5
MAP3K6,208,211,KEA3,0.2857142857142857,2,STE,STE11,ASK,MAP3K6
MAP3K7,93.33333333333333,84,KEA3,0.7085714285714285,3,TKL,MLK,TAK1,MAP3K7
MAP3K8,135.5,133,KEA3,0.54,3,STE,STE-UNIQUE,STE-UNIQUE,MAP3K8
MAP4K1,265,245,KEA3,0.1657142857142857,1,STE,STE20,KHS,MAP4K1
MAP4K2,154,152,KEA3,0.4742857142857143,2,STE,STE20,KHS,MAP4K2
MAP4K3,299,270,KEA3,0.09142857142857143,1,STE,STE20,KHS,MAP4K3
MAP4K4,311,280,KEA3,0.06285714285714286,1,STE,STE20,MSN,MAP4K4
MAP4K5,169.5,173,KEA3,0.4057142857142857,2,STE,STE20,KHS,MAP4K5
MAPK1,34.666666666666664,17,KEA3,0.9514285714285714,4,CMGC,MAPK,ERK1,MAPK1
MAPK10,141.66666666666666,138,KEA3,0.52,3,CMGC,MAPK,JNK,MAPK10
MAPK11,108,97,KEA3,0.6542857142857142,3,CMGC,MAPK,P38,MAPK11
MAPK12,163.66666666666666,163,KEA3,0.4342857142857143,2,CMGC,MAPK,P38,MAPK12
MAPK13,179.33333333333334,187,KEA3,0.36,2,CMGC,MAPK,P38,MAPK13
MAPK14,20,7,KEA3,0.9828571428571429,4,CMGC,MAPK,P38,MAPK14
MAPK15,218.5,218,KEA3,0.26,2,CMGC,MAPK,ERK7,MAPK15
MAPK3,54.666666666666664,38,KEA3,0.8857142857142857,4,CMGC,MAPK,ERK1,MAPK3
MAPK6,207.5,210,KEA3,0.2885714285714286,2,CMGC,MAPK,ERK3,MAPK6
MAPK7,130.33333333333334,126,KEA3,0.56,3,CMGC,MAPK,ERK5,MAPK7
MAPK8,52.33333333333333,34,KEA3,0.9,4,CMGC,MAPK,JNK,MAPK8
MAPK9,19.666666666666668,6,KEA3,0.9857142857142858,4,CMGC,MAPK,JNK,MAPK9
MAPKAPK2,91,78,KEA3,0.7257142857142858,3,CAMK,MAPKAPK,MAPKAPK,MAPKAPK2
MAPKAPK3,301,271,KEA3,0.08857142857142856,1,CAMK,MAPKAPK,MAPKAPK,MAPKAPK3
MAPKAPK5,58.666666666666664,44,KEA3,0.8685714285714285,4,CAMK,MAPKAPK,MAPKAPK,MAPKAPK5
MARK2,127,119,KEA3,0.58,3,CAMK,CAMKL,MARK,MARK2
MARK3,107,96,KEA3,0.6628571428571428,3,CAMK,CAMKL,MARK,MARK3
MARK4,334,297,KEA3,0.014285714285714285,1,CAMK,CAMKL,MARK,MARK4
MAST1,248.5,234,KEA3,0.2057142857142857,1,AGC,MAST,MAST,MAST1
MAST2,315,283,KEA3,0.054285714285714284,1,AGC,MAST,MAST,MAST2
MATK,133,130,KEA3,0.5485714285714286,3,TK,CSK,CSK,MATK
MELK,173,176,KEA3,0.3914285714285714,2,CAMK,CAMKL,MELK,MELK
MERTK,152,149,KEA3,0.4857142857142857,2,TK,AXL,AXL,MERTK
MET,153.66666666666666,151,KEA3,0.48,2,TK,MET,MET,MET
MKNK1,174.33333333333334,179,KEA3,0.38285714285714284,2,CAMK,MAPKAPK,MNK,MKNK1
MKNK2,222.5,220,KEA3,0.2542857142857143,2,CAMK,MAPKAPK,MNK,MKNK2
MOK,241.5,231,KEA3,0.21428571428571427,1,CMGC,RCK,RCK,MOK
MOS,304,274,KEA3,0.08,1,OTHER,MOS,MOS,MOS
MST1R,281,256,KEA3,0.13142857142857142,1,TK,MET,MET,MST1R
MTOR,132,129,KEA3,0.5514285714285714,3,ATYPICAL,PIKK,FRAP,MTOR
MYLK2,155.5,155,KEA3,0.46285714285714286,2,CAMK,MLCK,MLCK,MYLK2
MYO3A,97,87,KEA3,0.7,3,STE,STE20,NINAC,MYO3A
NEK10,288,261,KEA3,0.11714285714285715,1,OTHER,NEK,NEK10,NEK10
NEK11,156,156,KEA3,0.46,2,OTHER,NEK,NEK11,NEK11
NEK2,112,101,KEA3,0.64,3,OTHER,NEK,NEK2,NEK2
NEK3,170,174,KEA3,0.4,2,OTHER,NEK,NEK1,NEK3
NEK4,182,190,KEA3,0.3514285714285714,2,OTHER,NEK,NEK4,NEK4
NEK6,92.33333333333333,81,KEA3,0.7171428571428572,3,OTHER,NEK,NEK6,NEK6
NEK8,221,219,KEA3,0.2571428571428571,2,OTHER,NEK,NEK8,NEK8
NEK9,167,167,KEA3,0.4228571428571429,2,OTHER,NEK,NEK8,NEK9
NIM1K,275,252,KEA3,0.14285714285714285,1,CAMK,CAMKL,NIM1,NIM1K
NLK,147.33333333333334,143,KEA3,0.5028571428571429,3,CMGC,MAPK,NMO,NLK
NPR2,129.5,125,KEA3,0.5628571428571428,3,RGC,RGC,RGC,NPR2
NRBP2,227,224,KEA3,0.24285714285714285,1,OTHER,NRBP,NRBP,NRBP2
NTRK1,235,229,KEA3,0.22,1,TK,TRK,TRK,NTRK1
NTRK2,155,154,KEA3,0.4685714285714286,2,TK,TRK,TRK,NTRK2
NTRK3,211,212,KEA3,0.28285714285714286,2,TK,TRK,TRK,NTRK3
NUAK1,64,49,KEA3,0.8485714285714285,4,CAMK,CAMKL,NUAK,NUAK1
NUAK2,185,192,KEA3,0.3457142857142857,2,CAMK,CAMKL,NUAK,NUAK2
OXSR1,275,252,KEA3,0.14285714285714285,1,STE,STE20,FRAY,OXSR1
PAK1,74.66666666666667,60,KEA3,0.8057142857142857,4,STE,STE20,PAKA,PAK1
PAK2,130.66666666666666,127,KEA3,0.5571428571428572,3,STE,STE20,PAKA,PAK2
PAK3,269,247,KEA3,0.16,1,STE,STE20,PAKA,PAK3
PAK4,53.333333333333336,36,KEA3,0.8914285714285715,4,STE,STE20,PAKB,PAK4
PAK5,329,294,KEA3,0.022857142857142857,1,STE,STE20,PAKB,PAK5
PAK6,148.5,145,KEA3,0.49714285714285716,2,STE,STE20,PAKB,PAK6
PASK,298,269,KEA3,0.09428571428571429,1,CAMK,CAMKL,PASK,PASK
PBK,184.66666666666666,191,KEA3,0.3485714285714286,2,OTHER,TOPK,TOPK,PBK
PDGFRA,232,228,KEA3,0.22285714285714286,1,TK,PDGFR,PDGFR,PDGFRA
PDGFRB,162,161,KEA3,0.44,2,TK,PDGFR,PDGFR,PDGFRB
PDIK1L,179,186,KEA3,0.3628571428571429,2,OTHER,NKF4,NKF4,PDIK1L
PDK1,114.5,102,KEA3,0.6371428571428571,3,ATYPICAL,PDHK,PDHK,PDK1
PDPK1,126,116,KEA3,0.5885714285714285,3,AGC,PDK1,PDK1,PDPK1
PIK3CA,58,42,KEA3,0.8742857142857143,4,NA,NA,NA,PIK3CA
PIK3CB,338,301,KEA3,0.002857142857142857,1,NA,NA,NA,PIK3CB
PIK3CG,312,281,KEA3,0.06,1,NA,NA,NA,PIK3CG
PIK3R4,103,92,KEA3,0.68,3,OTHER,VPS15,VPS15,PIK3R4
PIM1,46.666666666666664,29,KEA3,0.9142857142857143,4,CAMK,PIM,PIM,PIM1
PIM2,197,204,KEA3,0.30857142857142855,2,CAMK,PIM,PIM,PIM2
PINK1,149,146,KEA3,0.4942857142857143,2,OTHER,NKF2,NKF2,PINK1
PKMYT1,190,197,KEA3,0.3314285714285714,2,OTHER,WEE,WEE,PKMYT1
PKN1,120.33333333333333,109,KEA3,0.6085714285714285,3,AGC,PKN,PKN,PKN1
PLK1,76.33333333333333,62,KEA3,0.7942857142857143,4,OTHER,PLK,PLK1,PLK1
PLK2,155.5,155,KEA3,0.46285714285714286,2,OTHER,PLK,PLK2,PLK2
PLK3,63,48,KEA3,0.8514285714285714,4,OTHER,PLK,PLK2,PLK3
PLK4,131,128,KEA3,0.5542857142857143,3,OTHER,PLK,SAK,PLK4
PNCK,178,184,KEA3,0.36857142857142855,2,CAMK,CAMK1,CAMK1,PNCK
PRKAA1,7,2,KEA3,0.9971428571428571,4,CAMK,CAMKL,AMPK,PRKAA1
PRKAA2,75,61,KEA3,0.7971428571428572,4,CAMK,CAMKL,AMPK,PRKAA2
PRKACA,32.666666666666664,15,KEA3,0.96,4,AGC,PKA,PKA,PRKACA
PRKACB,251.5,237,KEA3,0.19142857142857142,1,AGC,PKA,PKA,PRKACB
PRKCA,11.666666666666668,3,KEA3,0.9942857142857143,4,AGC,PKC,ALPHA,PRKCA
PRKCB,83,69,KEA3,0.7571428571428571,4,AGC,PKC,ALPHA,PRKCB
PRKCD,59,45,KEA3,0.8657142857142858,4,AGC,PKC,DELTA,PRKCD
PRKCE,98,88,KEA3,0.6942857142857143,3,AGC,PKC,ETA,PRKCE
PRKCG,126.66666666666667,118,KEA3,0.5828571428571429,3,AGC,PKC,ALPHA,PRKCG
PRKCH,110.66666666666667,100,KEA3,0.6457142857142857,3,AGC,PKC,ETA,PRKCH
PRKCI,83,69,KEA3,0.7571428571428571,4,AGC,PKC,IOTA,PRKCI
PRKCQ,88.33333333333333,74,KEA3,0.7371428571428571,3,AGC,PKC,DELTA,PRKCQ
PRKCZ,61.666666666666664,47,KEA3,0.8571428571428571,4,AGC,PKC,IOTA,PRKCZ
PRKD1,65.66666666666667,51,KEA3,0.84,4,CAMK,PKD,PKD,PRKD1
PRKD2,152.66666666666666,150,KEA3,0.4828571428571429,2,CAMK,PKD,PKD,PRKD2
PRKD3,264,244,KEA3,0.16857142857142857,1,CAMK,PKD,PKD,PRKD3
PRKDC,46.333333333333336,28,KEA3,0.9171428571428571,4,ATYPICAL,PIKK,DNAPK,PRKDC
PRKG1,55,39,KEA3,0.8828571428571429,4,AGC,PKG,PKG,PRKG1
PRKG2,171.5,175,KEA3,0.39714285714285713,2,AGC,PKG,PKG,PRKG2
PRKX,280,255,KEA3,0.13428571428571429,1,AGC,PKA,PKA,PRKX
PRKY,151,148,KEA3,0.48857142857142855,2,AGC,PKA,PKA,PRKY
PRPF4B,190.5,198,KEA3,0.32857142857142857,2,CMGC,DYRK,PRP4,PRPF4B
PTK2,84.66666666666667,71,KEA3,0.7485714285714286,3,TK,FAK,FAK,PTK2
PTK2B,61.666666666666664,47,KEA3,0.8571428571428571,4,TK,FAK,FAK,PTK2B
PTK6,105.33333333333333,93,KEA3,0.6771428571428572,3,TK,SRC,SRM,PTK6
PXK,88.5,75,KEA3,0.7342857142857143,3,OTHER,SLOB,SLOB,PXK
RAF1,99,89,KEA3,0.6885714285714286,3,TKL,RAF,RAF,RAF1
RET,88.33333333333333,74,KEA3,0.7371428571428571,3,TK,RET,RET,RET
RIOK1,289,262,KEA3,0.11428571428571428,1,ATYPICAL,RIO,RIO1,RIOK1
RIPK1,279,254,KEA3,0.13714285714285715,1,TKL,RIPK,RIPK,RIPK1
RIPK2,177,182,KEA3,0.3742857142857143,2,TKL,RIPK,RIPK,RIPK2
RIPK3,81.5,68,KEA3,0.7685714285714286,4,TKL,RIPK,RIPK,RIPK3
ROCK1,83,69,KEA3,0.7571428571428571,4,AGC,DMPK,ROCK,ROCK1
ROCK2,180.66666666666666,188,KEA3,0.35714285714285715,2,AGC,DMPK,ROCK,ROCK2
RPS6KA1,18.666666666666668,5,KEA3,0.9885714285714285,4,AGC,RSK,RSK,RPS6KA1
RPS6KA2,63,48,KEA3,0.8514285714285714,4,AGC,RSK,RSK,RPS6KA2
RPS6KA3,27.333333333333336,11,KEA3,0.9714285714285714,4,AGC,RSK,RSK,RPS6KA3
RPS6KA4,60,46,KEA3,0.8628571428571429,4,AGC,RSK,MSK,RPS6KA4
RPS6KA5,72,59,KEA3,0.8085714285714286,4,AGC,RSK,MSK,RPS6KA5
RPS6KB1,70.33333333333333,56,KEA3,0.82,4,AGC,RSK,P70,RPS6KB1
RPS6KB2,178.33333333333334,185,KEA3,0.3657142857142857,2,AGC,RSK,P70,RPS6KB2
RPS6KL1,314,282,KEA3,0.05714285714285714,1,AGC,RSKL,RSKL,RPS6KL1
SCYL1,328,293,KEA3,0.025714285714285714,1,OTHER,SCY1,SCY1,SCYL1
SCYL2,177.5,183,KEA3,0.37142857142857144,2,OTHER,SCY1,SCY1,SCYL2
SCYL3,257,239,KEA3,0.18571428571428572,1,OTHER,SCY1,SCY1,SCYL3
SGK1,136.66666666666666,134,KEA3,0.5371428571428571,3,AGC,SGK,SGK,SGK1
SGK2,292,264,KEA3,0.10857142857142857,1,AGC,SGK,SGK,SGK2
SGK3,200,206,KEA3,0.3,2,AGC,SGK,SGK,SGK3
SIK1,226.5,223,KEA3,0.24571428571428572,1,CAMK,CAMKL,QIK,SIK1
SIK2,308,278,KEA3,0.06857142857142857,1,CAMK,CAMKL,QIK,SIK2
SMG1,140,136,KEA3,0.5257142857142857,3,ATYPICAL,PIKK,SMG1,SMG1
SNRK,225,222,KEA3,0.24857142857142858,1,CAMK,CAMKL,SNRK,SNRK
SRC,45.333333333333336,26,KEA3,0.9228571428571428,4,TK,SRC,SRCA,SRC
SRMS,146,141,KEA3,0.5085714285714286,3,TK,SRC,SRM,SRMS
SRPK1,127.5,122,KEA3,0.5714285714285714,3,CMGC,SRPK,SRPK,SRPK1
SRPK2,106.5,95,KEA3,0.6685714285714286,3,CMGC,SRPK,SRPK,SRPK2
STK10,282,257,KEA3,0.12857142857142856,1,STE,STE20,SLK,STK10
STK11,47.666666666666664,31,KEA3,0.9085714285714286,4,CAMK,CAMKL,LKB,STK11
STK16,116,105,KEA3,0.6228571428571429,3,OTHER,NAK,MPSK,STK16
STK17A,32.5,14,KEA3,0.9628571428571429,4,CAMK,DAPK,DRAK,STK17A
STK24,154.5,153,KEA3,0.4714285714285714,2,STE,STE20,YSK,STK24
STK25,218.5,218,KEA3,0.26,2,STE,STE20,YSK,STK25
STK26,235.5,230,KEA3,0.21714285714285714,1,STE,STE20,YSK,STK26
STK3,119.66666666666667,108,KEA3,0.6114285714285714,3,STE,STE20,MST,STK3
STK33,276,253,KEA3,0.14,1,CAMK,CAMK-UNIQUE,CAMK-UNIQUE,STK33
STK36,247.5,233,KEA3,0.20857142857142857,1,OTHER,ULK,FUSED,STK36
STK38,154,152,KEA3,0.4742857142857143,2,AGC,NDR,NDR,STK38
STK38L,165,165,KEA3,0.42857142857142855,2,AGC,NDR,NDR,STK38L
STK39,124,113,KEA3,0.5971428571428572,3,STE,STE20,FRAY,STK39
STK4,128,123,KEA3,0.5685714285714286,3,STE,STE20,MST,STK4
STK40,213.5,214,KEA3,0.2742857142857143,2,CAMK,SGK495,SGK495,STK40
STYK1,211.5,213,KEA3,0.28,2,TK,TK-UNIQUE,TK-UNIQUE,STYK1
SYK,69.66666666666667,54,KEA3,0.8257142857142857,4,TK,SYK,SYK,SYK
TAOK1,309,279,KEA3,0.06571428571428571,1,STE,STE20,TAO,TAOK1
TBK1,66.33333333333333,53,KEA3,0.8285714285714286,4,OTHER,IKK,IKK,TBK1
TEC,175,180,KEA3,0.38,2,TK,TEC,TEC,TEC
TEK,319,286,KEA3,0.045714285714285714,1,TK,TIE,TIE,TEK
TESK1,297,268,KEA3,0.09714285714285714,1,TKL,LISK,TESK,TESK1
TESK2,196,203,KEA3,0.31142857142857144,2,TKL,LISK,TESK,TESK2
TGFBR1,167.5,168,KEA3,0.42,2,TKL,STKR,TYPE1,TGFBR1
TGFBR2,49,32,KEA3,0.9057142857142857,4,TKL,STKR,TYPE2,TGFBR2
TLK1,99,89,KEA3,0.6885714285714286,3,OTHER,TLK,TLK,TLK1
TNIK,320,287,KEA3,0.04285714285714286,1,STE,STE20,MSN,TNIK
TNK2,91.66666666666667,79,KEA3,0.7228571428571429,3,TK,ACK,ACK,TNK2
TNNI3K,115,104,KEA3,0.6285714285714286,3,TKL,MLK,HH498,TNNI3K
TP53RK,138,135,KEA3,0.5342857142857143,3,OTHER,BUD32,BUD32,TP53RK
TRIB3,79,65,KEA3,0.78,4,CAMK,TRBL,TRBL,TRIB3
TRPM7,173.5,177,KEA3,0.38857142857142857,2,ATYPICAL,ALPHA,CHAK,TRPM7
TTK,94.33333333333333,85,KEA3,0.7057142857142857,3,OTHER,TTK,TTK,TTK
TXK,199,205,KEA3,0.3028571428571429,2,TK,TEC,TEC,TXK
TYK2,96.33333333333333,86,KEA3,0.7028571428571428,3,TK,JAKA,JAKA,TYK2
TYRO3,186.5,194,KEA3,0.34,2,TK,AXL,AXL,TYRO3
UHMK1,77.5,63,KEA3,0.7914285714285715,4,OTHER,KIS,KIS,UHMK1
ULK1,140,136,KEA3,0.5257142857142857,3,OTHER,ULK,ULK,ULK1
VRK1,45,25,KEA3,0.9257142857142857,4,CK1,VRK,VRK,VRK1
VRK3,250,235,KEA3,0.2,1,CK1,VRK,VRK,VRK3
WEE1,92,80,KEA3,0.72,3,OTHER,WEE,WEE,WEE1
WNK1,110,99,KEA3,0.6485714285714286,3,OTHER,WNK,WNK,WNK1
YES1,108,97,KEA3,0.6542857142857142,3,TK,SRC,SRCA,YES1
ZAP70,124.66666666666667,114,KEA3,0.5942857142857143,3,TK,SYK,SYK,ZAP70
MAPK14,1.9344949769016095,1,UKA,1,4,CMGC,MAPK,P38,MAPK14
CDK2,1.4280118192439215,3,UKA,0.9833333333333333,4,CMGC,CDK,CDC2,CDK2
CAMK4,0.978810700930062,21,UKA,0.8333333333333334,4,CAMK,CAMK1,CAMK1,CAMK4
CAMK4,0.978810700930062,21,UKA,0.8333333333333334,4,OTHER,CAMKK,META,CAMKK1
CDKL5,0.9211664677832008,23,UKA,0.8166666666666667,4,CMGC,CDKL,CDKL,CDKL5
CDK5,0.9143527117031436,24,UKA,0.8083333333333333,4,CMGC,CDK,CDK5,CDK5
CDK9,0.8239087409443188,30,UKA,0.7583333333333333,4,CMGC,CDK,CDK9,CDK9
DAPK2,0.8146958799457209,32,UKA,0.7416666666666667,3,CAMK,DAPK,DAPK,DAPK2
MAPKAPK3,0.7670851686951379,34,UKA,0.725,3,CAMK,MAPKAPK,MAPKAPK,MAPKAPK3
PLK3,0.7602601918448172,35,UKA,0.7166666666666667,3,OTHER,PLK,PLK2,PLK3
CDK4,0.6111885865264765,43,UKA,0.65,3,CMGC,CDK,CDK4,CDK4
TBK1,0.5973122723043219,46,UKA,0.625,3,OTHER,IKK,IKK,TBK1
CDK7,0.5494368347857247,50,UKA,0.5916666666666667,3,CMGC,CDK,CDK7,CDK7
CDKL1,0.4552574619829627,59,UKA,0.5166666666666667,3,CMGC,CDKL,CDKL,CDKL1
DYRK1A,0.451379202283198,60,UKA,0.5083333333333333,3,CMGC,DYRK,DYRK1,DYRK1A
CDK6,0.4422522583585318,61,UKA,0.5,3,CMGC,CDK,CDK4,CDK6
ROCK1,0.414950070410421,62,UKA,0.49166666666666664,2,AGC,DMPK,ROCK,ROCK1
SGK2,0.4082677610481644,63,UKA,0.48333333333333334,2,AGC,SGK,SGK,SGK2
SGK2,0.4082677610481644,63,UKA,0.48333333333333334,2,AGC,SGK,SGK,SGK3
CDK3,0.3613111133098765,66,UKA,0.4583333333333333,2,CMGC,CDK,CDC2,CDK3
MAPKAPK2,0.3549709352788575,67,UKA,0.45,2,CAMK,MAPKAPK,MAPKAPK,MAPKAPK2
ARAF,0.34736693191688994,70,UKA,0.4166666666666667,2,TKL,RAF,RAF,ARAF
PIM3,0.34736693191688994,70,UKA,0.4166666666666667,2,CAMK,PIM,PIM,PIM3
BRAF,0.3446694419906591,72,UKA,0.4,2,TKL,RAF,RAF,BRAF
PAK1,0.2847790908350972,80,UKA,0.3333333333333333,2,STE,STE20,PAKA,PAK1
ATR,0.22297358008493673,85,UKA,0.2916666666666667,2,ATYPICAL,PIKK,ATR,ATR
NUAK1,0.19948287104246945,88,UKA,0.26666666666666666,2,CAMK,CAMKL,NUAK,NUAK1
PRKY,0.16283849111845777,92,UKA,0.23333333333333334,1,AGC,PKA,PKA,PRKY
PRKX,0.13176477864075903,97,UKA,0.19166666666666668,1,AGC,PKA,PKA,PRKX
SGK1,0.1284270644541213,98,UKA,0.18333333333333332,1,AGC,SGK,SGK,SGK1
CDK10,0.06752623532284678,105,UKA,0.125,1,CMGC,CDK,CDK10,CDK10
ROCK2,0.05749589383191927,107,UKA,0.10833333333333334,1,AGC,DMPK,ROCK,ROCK2
PIM1,0.04644518512732337,109,UKA,0.09166666666666666,1,CAMK,PIM,PIM,PIM1
CDKL2,0.03432802877989328,112,UKA,0.06666666666666667,1,CMGC,CDKL,CDKL,CDKL2
RAF1,0.02687214640030136,114,UKA,0.05,1,TKL,RAF,RAF,RAF1
PIM2,0.01233373507372543,117,UKA,0.016666666666666666,1,CAMK,PIM,PIM,PIM2
PKCA,-2.94,1,KRSA,0.9885297184567258,4,AGC,PKC,ALPHA,PRKCA
PKCA,-2.94,1,KRSA,0.9885297184567258,4,AGC,PKC,ALPHA,PRKCB
PKCA,-2.94,1,KRSA,0.9885297184567258,4,AGC,PKC,ALPHA,PRKCG
PHK,-2.26,2,KRSA,0.9760166840458812,4,CAMK,PHK,PHK,PHKG1
PHK,-2.26,2,KRSA,0.9760166840458812,4,CAMK,PHK,PHK,PHKG2
CDK,-2.0233333333333334,4,KRSA,0.9509906152241918,4,CMGC,CDK,CDC2,CDK1
CDK,-2.0233333333333334,4,KRSA,0.9509906152241918,4,CMGC,CDK,CDK10,CDK10
CDK,-2.0233333333333334,4,KRSA,0.9509906152241918,4,CMGC,CDK,CRK7,CDK12
CDK,-2.0233333333333334,4,KRSA,0.9509906152241918,4,CMGC,CDK,CRK7,CDK13
CDK,-2.0233333333333334,4,KRSA,0.9509906152241918,4,CMGC,CDK,PFTAIRE,CDK14
CDK,-2.0233333333333334,4,KRSA,0.9509906152241918,4,CMGC,CDK,PFTAIRE,CDK15
CDK,-2.0233333333333334,4,KRSA,0.9509906152241918,4,CMGC,CDK,PCTAIRE,CDK16
CDK,-2.0233333333333334,4,KRSA,0.9509906152241918,4,CMGC,CDK,PCTAIRE,CDK17
CDK,-2.0233333333333334,4,KRSA,0.9509906152241918,4,CMGC,CDK,PCTAIRE,CDK18
CDK,-2.0233333333333334,4,KRSA,0.9509906152241918,4,CMGC,CDK,CDK8,CDK19
CDK,-2.0233333333333334,4,KRSA,0.9509906152241918,4,CMGC,CDK,CDC2,CDK2
CDK,-2.0233333333333334,4,KRSA,0.9509906152241918,4,CMGC,CDK,CCRK,CDK20
CDK,-2.0233333333333334,4,KRSA,0.9509906152241918,4,CMGC,CDK,CDC2,CDK3
CDK,-2.0233333333333334,4,KRSA,0.9509906152241918,4,CMGC,CDK,CDK4,CDK4
CDK,-2.0233333333333334,4,KRSA,0.9509906152241918,4,CMGC,CDK,CDK5,CDK5
CDK,-2.0233333333333334,4,KRSA,0.9509906152241918,4,CMGC,CDK,CDK4,CDK6
CDK,-2.0233333333333334,4,KRSA,0.9509906152241918,4,CMGC,CDK,CDK7,CDK7
CDK,-2.0233333333333334,4,KRSA,0.9509906152241918,4,CMGC,CDK,CDK8,CDK8
CDK,-2.0233333333333334,4,KRSA,0.9509906152241918,4,CMGC,CDK,CDK9,CDK9
CDK,-2.0233333333333334,4,KRSA,0.9509906152241918,4,NA,NA,NA,CDK11A
CDK,-2.0233333333333334,4,KRSA,0.9509906152241918,4,NA,NA,NA,CDK11B
PEK,-2.171666666666667,3,KRSA,0.9635036496350365,4,OTHER,PEK,HRI,EIF2AK1
PEK,-2.171666666666667,3,KRSA,0.9635036496350365,4,OTHER,PEK,PKR,EIF2AK2
PEK,-2.171666666666667,3,KRSA,0.9635036496350365,4,OTHER,PEK,PEK,EIF2AK3
PEK,-2.171666666666667,3,KRSA,0.9635036496350365,4,OTHER,PEK,GCN2,EIF2AK4
QIK,-1.765,5,KRSA,0.9384775808133472,4,CAMK,CAMKL,QIK,SIK1
QIK,-1.765,5,KRSA,0.9384775808133472,4,CAMK,CAMKL,QIK,SIK2
DYRK,-0.9416666666666668,20,KRSA,0.7507820646506778,4,CMGC,DYRK,DYRK1,DYRK1A
DYRK,-0.9416666666666668,20,KRSA,0.7507820646506778,4,CMGC,DYRK,DYRK1,DYRK1B
DYRK,-0.9416666666666668,20,KRSA,0.7507820646506778,4,CMGC,DYRK,DYRK2,DYRK2
DYRK,-0.9416666666666668,20,KRSA,0.7507820646506778,4,CMGC,DYRK,DYRK2,DYRK3
DYRK,-0.9416666666666668,20,KRSA,0.7507820646506778,4,CMGC,DYRK,DYRK2,DYRK4
DYRK,-0.9416666666666668,20,KRSA,0.7507820646506778,4,CMGC,DYRK,HIPK,HIPK1
DYRK,-0.9416666666666668,20,KRSA,0.7507820646506778,4,CMGC,DYRK,HIPK,HIPK2
DYRK,-0.9416666666666668,20,KRSA,0.7507820646506778,4,CMGC,DYRK,HIPK,HIPK3
DYRK,-0.9416666666666668,20,KRSA,0.7507820646506778,4,CMGC,DYRK,HIPK,HIPK4
DYRK,-0.9416666666666668,20,KRSA,0.7507820646506778,4,CMGC,DYRK,PRP4,PRPF4B
PLK,-0.9308333333333332,21,KRSA,0.7382690302398331,3,NA,NA,NA,PLK5
PLK,-0.9308333333333332,21,KRSA,0.7382690302398331,3,OTHER,PLK,PLK1,PLK1
PLK,-0.9308333333333332,21,KRSA,0.7382690302398331,3,OTHER,PLK,PLK2,PLK2
PLK,-0.9308333333333332,21,KRSA,0.7382690302398331,3,OTHER,PLK,PLK2,PLK3
PLK,-0.9308333333333332,21,KRSA,0.7382690302398331,3,OTHER,PLK,SAK,PLK4
DMPK,-1.3725,8,KRSA,0.9009384775808134,4,AGC,DMPK,GEK,CDC42BPA
DMPK,-1.3725,8,KRSA,0.9009384775808134,4,AGC,DMPK,GEK,CDC42BPB
DMPK,-1.3725,8,KRSA,0.9009384775808134,4,AGC,DMPK,GEK,CDC42BPG
DMPK,-1.3725,8,KRSA,0.9009384775808134,4,AGC,DMPK,CRIK,CIT
DMPK,-1.3725,8,KRSA,0.9009384775808134,4,AGC,DMPK,GEK,DMPK
DMPK,-1.3725,8,KRSA,0.9009384775808134,4,AGC,DMPK,ROCK,ROCK1
DMPK,-1.3725,8,KRSA,0.9009384775808134,4,AGC,DMPK,ROCK,ROCK2
JNK,-1.6424999999999998,6,KRSA,0.9259645464025026,4,CMGC,MAPK,JNK,MAPK10
JNK,-1.6424999999999998,6,KRSA,0.9259645464025026,4,CMGC,MAPK,JNK,MAPK8
JNK,-1.6424999999999998,6,KRSA,0.9259645464025026,4,CMGC,MAPK,JNK,MAPK9
FRAY,-1.2325,12,KRSA,0.8508863399374348,4,STE,STE20,FRAY,OXSR1
FRAY,-1.2325,12,KRSA,0.8508863399374348,4,STE,STE20,FRAY,STK39
IKK,-1.1033333333333333,13,KRSA,0.8383733055265902,4,OTHER,IKK,IKK,CHUK
IKK,-1.1033333333333333,13,KRSA,0.8383733055265902,4,OTHER,IKK,IKK,IKBKB
IKK,-1.1033333333333333,13,KRSA,0.8383733055265902,4,OTHER,IKK,IKK,IKBKE
IKK,-1.1033333333333333,13,KRSA,0.8383733055265902,4,OTHER,IKK,IKK,TBK1
MLK,-0.6124999999999999,33,KRSA,0.5881126173096975,3,TKL,MLK,ILK,ILK
MLK,-0.6124999999999999,33,KRSA,0.5881126173096975,3,TKL,MLK,MLK,MAP3K10
MLK,-0.6124999999999999,33,KRSA,0.5881126173096975,3,TKL,MLK,MLK,MAP3K11
MLK,-0.6124999999999999,33,KRSA,0.5881126173096975,3,TKL,MLK,LZK,MAP3K12
MLK,-0.6124999999999999,33,KRSA,0.5881126173096975,3,TKL,MLK,LZK,MAP3K13
MLK,-0.6124999999999999,33,KRSA,0.5881126173096975,3,TKL,MLK,MLK,MAP3K9
MLK,-0.6124999999999999,33,KRSA,0.5881126173096975,3,TKL,MLK,HH498,TNNI3K
NMO,-1.3083333333333331,11,KRSA,0.8633993743482794,4,CMGC,MAPK,NMO,NLK
PAKA,-1.055,15,KRSA,0.8133472367049009,4,STE,STE20,PAKA,PAK1
PAKA,-1.055,15,KRSA,0.8133472367049009,4,STE,STE20,PAKA,PAK2
PAKA,-1.055,15,KRSA,0.8133472367049009,4,STE,STE20,PAKA,PAK3
P38,-1.5008333333333332,7,KRSA,0.913451511991658,4,CMGC,MAPK,P38,MAPK11
P38,-1.5008333333333332,7,KRSA,0.913451511991658,4,CMGC,MAPK,P38,MAPK12
P38,-1.5008333333333332,7,KRSA,0.913451511991658,4,CMGC,MAPK,P38,MAPK13
P38,-1.5008333333333332,7,KRSA,0.913451511991658,4,CMGC,MAPK,P38,MAPK14
PDHK,-1.3458333333333332,9,KRSA,0.8884254431699687,4,ATYPICAL,PDHK,BCKDK,BCKDK
PDHK,-1.3458333333333332,9,KRSA,0.8884254431699687,4,ATYPICAL,PDHK,PDHK,PDK2
PDHK,-1.3458333333333332,9,KRSA,0.8884254431699687,4,ATYPICAL,PDHK,PDHK,PDK3
PDHK,-1.3458333333333332,9,KRSA,0.8884254431699687,4,ATYPICAL,PDHK,PDHK,PDK4
STE7,-0.645,31,KRSA,0.6131386861313869,3,STE,STE7,MEK1,MAP2K1
STE7,-0.645,31,KRSA,0.6131386861313869,3,STE,STE7,MEK1,MAP2K2
STE7,-0.645,31,KRSA,0.6131386861313869,3,STE,STE7,MEK3,MAP2K3
STE7,-0.645,31,KRSA,0.6131386861313869,3,STE,STE7,MEK4,MAP2K4
STE7,-0.645,31,KRSA,0.6131386861313869,3,STE,STE7,MEK5,MAP2K5
STE7,-0.645,31,KRSA,0.6131386861313869,3,STE,STE7,MEK3,MAP2K6
STE7,-0.645,31,KRSA,0.6131386861313869,3,STE,STE7,MEK7,MAP2K7
PDK1,-0.9783333333333332,18,KRSA,0.7758081334723671,4,ATYPICAL,PDHK,PDHK,PDK1
PDK1,-0.9783333333333332,18,KRSA,0.7758081334723671,4,AGC,PDK1,PDK1,PDPK1
PRKDC,-0.63,32,KRSA,0.6006256517205423,3,ATYPICAL,PIKK,DNAPK,PRKDC
ERK,-1.3383333333333334,10,KRSA,0.8759124087591241,4,CMGC,MAPK,ERK1,MAPK1
ERK,-1.3383333333333334,10,KRSA,0.8759124087591241,4,CMGC,MAPK,ERK7,MAPK15
ERK,-1.3383333333333334,10,KRSA,0.8759124087591241,4,CMGC,MAPK,ERK1,MAPK3
ERK,-1.3383333333333334,10,KRSA,0.8759124087591241,4,CMGC,MAPK,ERK3,MAPK4
ERK,-1.3383333333333334,10,KRSA,0.8759124087591241,4,CMGC,MAPK,ERK3,MAPK6
ERK,-1.3383333333333334,10,KRSA,0.8759124087591241,4,CMGC,MAPK,ERK5,MAPK7
ATM,-0.4133333333333334,56,KRSA,0.30031282586027114,2,ATYPICAL,PIKK,ATM,ATM
RAF,-1.0108333333333333,17,KRSA,0.7883211678832117,4,TKL,RAF,RAF,ARAF
RAF,-1.0108333333333333,17,KRSA,0.7883211678832117,4,TKL,RAF,RAF,BRAF
RAF,-1.0108333333333333,17,KRSA,0.7883211678832117,4,TKL,RAF,KSR,KSR1
RAF,-1.0108333333333333,17,KRSA,0.7883211678832117,4,TKL,RAF,KSR,KSR2
RAF,-1.0108333333333333,17,KRSA,0.7883211678832117,4,TKL,RAF,RAF,RAF1
AKT,-1.0258333333333334,16,KRSA,0.8008342022940563,4,AGC,AKT,AKT,AKT1
AKT,-1.0258333333333334,16,KRSA,0.8008342022940563,4,AGC,AKT,AKT,AKT2
AKT,-1.0258333333333334,16,KRSA,0.8008342022940563,4,AGC,AKT,AKT,AKT3
BARK2,-0.3933333333333333,57,KRSA,0.28779979144942647,2,AGC,GRK,BARK,GRK3
ATR,-0.4183333333333333,55,KRSA,0.31282586027111575,2,ATYPICAL,PIKK,ATR,ATR
MTOR,-0.6791666666666667,28,KRSA,0.6506777893639207,3,ATYPICAL,PIKK,FRAP,MTOR
PKCH,0.8966666666666667,22,KRSA,0.7257559958289885,3,AGC,PKC,ETA,PRKCE
PKCH,0.8966666666666667,22,KRSA,0.7257559958289885,3,AGC,PKC,ETA,PRKCH
PKG,0.07750000000000005,73,KRSA,0.08759124087591241,1,AGC,PKG,PKG,PRKG1
PKG,0.07750000000000005,73,KRSA,0.08759124087591241,1,AGC,PKG,PKG,PRKG2
KHS,-0.31583333333333335,62,KRSA,0.22523461939520334,1,STE,STE20,KHS,MAP4K1
KHS,-0.31583333333333335,62,KRSA,0.22523461939520334,1,STE,STE20,KHS,MAP4K2
KHS,-0.31583333333333335,62,KRSA,0.22523461939520334,1,STE,STE20,KHS,MAP4K3
KHS,-0.31583333333333335,62,KRSA,0.22523461939520334,1,STE,STE20,KHS,MAP4K5
DAPK,-0.5575,38,KRSA,0.5255474452554745,3,CAMK,DAPK,DAPK,DAPK1
DAPK,-0.5575,38,KRSA,0.5255474452554745,3,CAMK,DAPK,DAPK,DAPK2
DAPK,-0.5575,38,KRSA,0.5255474452554745,3,CAMK,DAPK,DAPK,DAPK3
DAPK,-0.5575,38,KRSA,0.5255474452554745,3,CAMK,DAPK,DRAK,STK17A
DAPK,-0.5575,38,KRSA,0.5255474452554745,3,CAMK,DAPK,DRAK,STK17B
TAO,0.7341666666666667,23,KRSA,0.7132429614181439,3,STE,STE20,TAO,TAOK1
TAO,0.7341666666666667,23,KRSA,0.7132429614181439,3,STE,STE20,TAO,TAOK2
TAO,0.7341666666666667,23,KRSA,0.7132429614181439,3,STE,STE20,TAO,TAOK3
SLK,0.2733333333333333,66,KRSA,0.17518248175182483,1,STE,STE20,SLK,SLK
SLK,0.2733333333333333,66,KRSA,0.17518248175182483,1,STE,STE20,SLK,STK10
CAMK1,0.1783333333333333,69,KRSA,0.13764337851929093,1,CAMK,CAMK1,CAMK1,CAMK1
CAMK1,0.1783333333333333,69,KRSA,0.13764337851929093,1,CAMK,CAMK1,CAMK1,CAMK1D
CAMK1,0.1783333333333333,69,KRSA,0.13764337851929093,1,CAMK,CAMK1,CAMK1,CAMK1G
CAMK1,0.1783333333333333,69,KRSA,0.13764337851929093,1,CAMK,CAMK1,CAMK1,CAMK4
CAMK1,0.1783333333333333,69,KRSA,0.13764337851929093,1,CAMK,CAMK1,CAMK1,PNCK
MOS,0.9475,19,KRSA,0.7632950990615224,4,OTHER,MOS,MOS,MOS
BRSK,0.4533333333333333,53,KRSA,0.337851929092805,2,CAMK,CAMKL,BRSK,BRSK1
BRSK,0.4533333333333333,53,KRSA,0.337851929092805,2,CAMK,CAMKL,BRSK,BRSK2
TLK,-0.6816666666666666,27,KRSA,0.6631908237747653,3,OTHER,TLK,TLK,TLK1
TLK,-0.6816666666666666,27,KRSA,0.6631908237747653,3,OTHER,TLK,TLK,TLK2
NUAK,-0.6825,26,KRSA,0.67570385818561,3,CAMK,CAMKL,NUAK,NUAK1
NUAK,-0.6825,26,KRSA,0.67570385818561,3,CAMK,CAMKL,NUAK,NUAK2
TTK,-0.6766666666666666,29,KRSA,0.6381647549530761,3,OTHER,TTK,TTK,TTK
CAMK2,0.585,36,KRSA,0.5505735140771637,3,CAMK,CAMK2,CAMK2,CAMK2A
CAMK2,0.585,36,KRSA,0.5505735140771637,3,CAMK,CAMK2,CAMK2,CAMK2B
CAMK2,0.585,36,KRSA,0.5505735140771637,3,CAMK,CAMK2,CAMK2,CAMK2D
CAMK2,0.585,36,KRSA,0.5505735140771637,3,CAMK,CAMK2,CAMK2,CAMK2G
CHK1,0.01583333333333333,78,KRSA,0.02502606882168926,1,CAMK,CAMKL,CHK1,CHEK1
MAPKAPK,-0.6891666666666667,25,KRSA,0.6882168925964547,3,CAMK,MAPKAPK,MAPKAPK,MAPKAPK2
MAPKAPK,-0.6891666666666667,25,KRSA,0.6882168925964547,3,CAMK,MAPKAPK,MAPKAPK,MAPKAPK3
MAPKAPK,-0.6891666666666667,25,KRSA,0.6882168925964547,3,CAMK,MAPKAPK,MAPKAPK,MAPKAPK5
MAPKAPK,-0.6891666666666667,25,KRSA,0.6882168925964547,3,CAMK,MAPKAPK,MNK,MKNK1
MAPKAPK,-0.6891666666666667,25,KRSA,0.6882168925964547,3,CAMK,MAPKAPK,MNK,MKNK2
CK1,-1.0816666666666668,14,KRSA,0.8258602711157456,4,CK1,CK1,CK1-A,CSNK1A1
CK1,-1.0816666666666668,14,KRSA,0.8258602711157456,4,CK1,CK1,CK1-A,CSNK1A1L
CK1,-1.0816666666666668,14,KRSA,0.8258602711157456,4,CK1,CK1,CK1-D,CSNK1D
CK1,-1.0816666666666668,14,KRSA,0.8258602711157456,4,CK1,CK1,CK1-D,CSNK1E
CK1,-1.0816666666666668,14,KRSA,0.8258602711157456,4,CK1,CK1,CK1-G,CSNK1G1
CK1,-1.0816666666666668,14,KRSA,0.8258602711157456,4,CK1,CK1,CK1-G,CSNK1G2
CK1,-1.0816666666666668,14,KRSA,0.8258602711157456,4,CK1,CK1,CK1-G,CSNK1G3
CK1,-1.0816666666666668,14,KRSA,0.8258602711157456,4,CK1,TTBK,TTBK,TTBK1
CK1,-1.0816666666666668,14,KRSA,0.8258602711157456,4,CK1,TTBK,TTBK,TTBK2
CK1,-1.0816666666666668,14,KRSA,0.8258602711157456,4,CK1,VRK,VRK,VRK3
NDR,-0.5508333333333334,39,KRSA,0.5130344108446299,3,AGC,NDR,NDR,LATS1
NDR,-0.5508333333333334,39,KRSA,0.5130344108446299,3,AGC,NDR,NDR,LATS2
NDR,-0.5508333333333334,39,KRSA,0.5130344108446299,3,AGC,NDR,NDR,STK38
NDR,-0.5508333333333334,39,KRSA,0.5130344108446299,3,AGC,NDR,NDR,STK38L
VRK1,-0.01916666666666661,77,KRSA,0.03753910323253389,1,CK1,VRK,VRK,VRK1
LKB,-0.47166666666666673,50,KRSA,0.3753910323253389,2,CAMK,CAMKL,LKB,STK11
MLCK,0.4783333333333333,47,KRSA,0.4129301355578728,2,CAMK,MLCK,MLCK,MYLK
MLCK,0.4783333333333333,47,KRSA,0.4129301355578728,2,CAMK,MLCK,MLCK,MYLK2
MLCK,0.4783333333333333,47,KRSA,0.4129301355578728,2,CAMK,MLCK,MLCK,TTN
BUD32,-0.4816666666666667,45,KRSA,0.43795620437956206,2,OTHER,BUD32,BUD32,TP53RK
CLK,-0.4733333333333334,49,KRSA,0.38790406673618355,2,CMGC,CLK,CLK,CLK1
CLK,-0.4733333333333334,49,KRSA,0.38790406673618355,2,CMGC,CLK,CLK,CLK2
CLK,-0.4733333333333334,49,KRSA,0.38790406673618355,2,CMGC,CLK,CLK,CLK3
CLK,-0.4733333333333334,49,KRSA,0.38790406673618355,2,CMGC,CLK,CLK,CLK4
CAMKK,-0.4766666666666667,48,KRSA,0.40041710114702816,2,OTHER,CAMKK,META,CAMKK1
CAMKK,-0.4766666666666667,48,KRSA,0.40041710114702816,2,OTHER,CAMKK,META,CAMKK2
NIK,-0.48583333333333334,42,KRSA,0.4754953076120959,2,STE,STE-UNIQUE,STE-UNIQUE,MAP3K14
ULK,-0.485,43,KRSA,0.4629822732012513,2,OTHER,ULK,FUSED,STK36
ULK,-0.485,43,KRSA,0.4629822732012513,2,OTHER,ULK,ULK,ULK1
ULK,-0.485,43,KRSA,0.4629822732012513,2,OTHER,ULK,ULK,ULK2
ULK,-0.485,43,KRSA,0.4629822732012513,2,OTHER,ULK,ULK,ULK3
ULK,-0.485,43,KRSA,0.4629822732012513,2,OTHER,ULK,ULK,ULK4
WNK,-0.47833333333333333,46,KRSA,0.4254431699687174,2,OTHER,WNK,WNK,WNK1
WNK,-0.47833333333333333,46,KRSA,0.4254431699687174,2,OTHER,WNK,WNK,WNK2
WNK,-0.47833333333333333,46,KRSA,0.4254431699687174,2,OTHER,WNK,WNK,WNK3
WNK,-0.47833333333333333,46,KRSA,0.4254431699687174,2,OTHER,WNK,WNK,WNK4
PASK,-0.47,51,KRSA,0.36287799791449427,2,CAMK,CAMKL,PASK,PASK
IRAK,0.04833333333333334,76,KRSA,0.05005213764337852,1,TKL,IRAK,IRAK,IRAK1
IRAK,0.04833333333333334,76,KRSA,0.05005213764337852,1,TKL,IRAK,IRAK,IRAK2
IRAK,0.04833333333333334,76,KRSA,0.05005213764337852,1,TKL,IRAK,IRAK,IRAK3
IRAK,0.04833333333333334,76,KRSA,0.05005213764337852,1,TKL,IRAK,IRAK,IRAK4
PKCD,0.3566666666666667,59,KRSA,0.26277372262773724,2,AGC,PKC,DELTA,PRKCD
PKCD,0.3566666666666667,59,KRSA,0.26277372262773724,2,AGC,PKC,DELTA,PRKCQ
AMPK,-0.5875,35,KRSA,0.5630865484880083,3,CAMK,CAMKL,AMPK,PRKAA1
AMPK,-0.5875,35,KRSA,0.5630865484880083,3,CAMK,CAMKL,AMPK,PRKAA2
SGK,-0.23916666666666664,67,KRSA,0.16266944734098018,1,AGC,SGK,SGK,SGK1
SGK,-0.23916666666666664,67,KRSA,0.16266944734098018,1,AGC,SGK,SGK,SGK2
SGK,-0.23916666666666664,67,KRSA,0.16266944734098018,1,AGC,SGK,SGK,SGK3
STE11,-0.42166666666666675,54,KRSA,0.32533889468196037,2,TKL,MLK,TAK1,MAP3K7
STE11,-0.42166666666666675,54,KRSA,0.32533889468196037,2,STE,STE11,MEKK1,MAP3K1
STE11,-0.42166666666666675,54,KRSA,0.32533889468196037,2,STE,STE11,ASK,MAP3K15
STE11,-0.42166666666666675,54,KRSA,0.32533889468196037,2,STE,STE11,MEKK2,MAP3K2
STE11,-0.42166666666666675,54,KRSA,0.32533889468196037,2,STE,STE11,MEKK2,MAP3K3
STE11,-0.42166666666666675,54,KRSA,0.32533889468196037,2,STE,STE11,MEKK4,MAP3K4
STE11,-0.42166666666666675,54,KRSA,0.32533889468196037,2,STE,STE11,ASK,MAP3K5
STE11,-0.42166666666666675,54,KRSA,0.32533889468196037,2,STE,STE11,ASK,MAP3K6
RAD53,0.06666666666666665,75,KRSA,0.06256517205422316,1,CAMK,RAD53,RAD53,CHEK2
RSK,-0.4825,44,KRSA,0.4504692387904067,2,AGC,RSK,RSK,RPS6KA1
RSK,-0.4825,44,KRSA,0.4504692387904067,2,AGC,RSK,RSK,RPS6KA2
RSK,-0.4825,44,KRSA,0.4504692387904067,2,AGC,RSK,RSK,RPS6KA3
RSK,-0.4825,44,KRSA,0.4504692387904067,2,AGC,RSK,MSK,RPS6KA4
RSK,-0.4825,44,KRSA,0.4504692387904067,2,AGC,RSK,MSK,RPS6KA5
RSK,-0.4825,44,KRSA,0.4504692387904067,2,AGC,RSK,RSK,RPS6KA6
RSK,-0.4825,44,KRSA,0.4504692387904067,2,AGC,RSK,P70,RPS6KB1
RSK,-0.4825,44,KRSA,0.4504692387904067,2,AGC,RSK,P70,RPS6KB2
PKD,-0.3908333333333333,58,KRSA,0.27528675703858185,2,CAMK,PKD,PKD,PRKD1
PKD,-0.3908333333333333,58,KRSA,0.27528675703858185,2,CAMK,PKD,PKD,PRKD2
PKD,-0.3908333333333333,58,KRSA,0.27528675703858185,2,CAMK,PKD,PKD,PRKD3
GRK,-0.5425,40,KRSA,0.5005213764337852,3,AGC,GRK,GRK,GRK1
GRK,-0.5425,40,KRSA,0.5005213764337852,3,AGC,GRK,GRK,GRK4
GRK,-0.5425,40,KRSA,0.5005213764337852,3,AGC,GRK,GRK,GRK5
GRK,-0.5425,40,KRSA,0.5005213764337852,3,AGC,GRK,GRK,GRK6
GRK,-0.5425,40,KRSA,0.5005213764337852,3,AGC,GRK,GRK,GRK7
MST,0.075,74,KRSA,0.07507820646506778,1,STE,STE20,MST,STK3
MST,0.075,74,KRSA,0.07507820646506778,1,STE,STE20,MST,STK4
MSN,0.5966666666666667,34,KRSA,0.5755995828988529,3,STE,STE20,MSN,MAP4K4
MSN,0.5966666666666667,34,KRSA,0.5755995828988529,3,STE,STE20,MSN,NRK
MSN,0.5966666666666667,34,KRSA,0.5755995828988529,3,STE,STE20,MSN,TNIK
PKCI,-0.4616666666666666,52,KRSA,0.35036496350364965,2,AGC,PKC,IOTA,PRKCI
PKCI,-0.4616666666666666,52,KRSA,0.35036496350364965,2,AGC,PKC,IOTA,PRKCZ
AUR,0.005,80,KRSA,0,1,OTHER,AUR,AUR,AURKA
AUR,0.005,80,KRSA,0,1,OTHER,AUR,AUR,AURKB
AUR,0.005,80,KRSA,0,1,OTHER,AUR,AUR,AURKC
PKA,-0.01000000000000004,79,KRSA,0.01251303441084463,1,AGC,PKA,PKA,PRKACA
PKA,-0.01000000000000004,79,KRSA,0.01251303441084463,1,AGC,PKA,PKA,PRKACB
PKA,-0.01000000000000004,79,KRSA,0.01251303441084463,1,AGC,PKA,PKA,PRKACG
PKA,-0.01000000000000004,79,KRSA,0.01251303441084463,1,AGC,PKA,PKA,PRKX
PKA,-0.01000000000000004,79,KRSA,0.01251303441084463,1,AGC,PKA,PKA,PRKY
HAL,0.33249999999999996,61,KRSA,0.23774765380604795,1,RGC,RGC,RGC,NPR1
NAK,0.28333333333333327,65,KRSA,0.18769551616266944,1,OTHER,NAK,BIKE,AAK1
NAK,0.28333333333333327,65,KRSA,0.18769551616266944,1,OTHER,NAK,BIKE,BMP2K
NAK,0.28333333333333327,65,KRSA,0.18769551616266944,1,OTHER,NAK,GAK,GAK
NAK,0.28333333333333327,65,KRSA,0.18769551616266944,1,OTHER,NAK,MPSK,STK16
PKN,-0.5641666666666667,37,KRSA,0.5380604796663191,3,AGC,PKN,PKN,PKN1
PKN,-0.5641666666666667,37,KRSA,0.5380604796663191,3,AGC,PKN,PKN,PKN2
PKN,-0.5641666666666667,37,KRSA,0.5380604796663191,3,AGC,PKN,PKN,PKN3
PAKB,-0.30833333333333335,63,KRSA,0.2127215849843587,1,STE,STE20,PAKB,PAK4
PAKB,-0.30833333333333335,63,KRSA,0.2127215849843587,1,STE,STE20,PAKB,PAK5
PAKB,-0.30833333333333335,63,KRSA,0.2127215849843587,1,STE,STE20,PAKB,PAK6
PIM,-0.11499999999999998,71,KRSA,0.11261730969760167,1,CAMK,PIM,PIM,PIM1
PIM,-0.11499999999999998,71,KRSA,0.11261730969760167,1,CAMK,PIM,PIM,PIM2
PIM,-0.11499999999999998,71,KRSA,0.11261730969760167,1,CAMK,PIM,PIM,PIM3
GSK,-0.3416666666666667,60,KRSA,0.2502606882168926,2,CMGC,GSK,GSK,GSK3A
GSK,-0.3416666666666667,60,KRSA,0.2502606882168926,2,CMGC,GSK,GSK,GSK3B
NEK,0.15666666666666665,70,KRSA,0.1251303441084463,1,OTHER,NEK,NEK11,NEK11
NEK,0.15666666666666665,70,KRSA,0.1251303441084463,1,OTHER,NEK,NEK2,NEK2
NEK,0.15666666666666665,70,KRSA,0.1251303441084463,1,OTHER,NEK,NEK1,NEK3
NEK,0.15666666666666665,70,KRSA,0.1251303441084463,1,OTHER,NEK,NEK4,NEK4
NEK,0.15666666666666665,70,KRSA,0.1251303441084463,1,OTHER,NEK,NEK1,NEK5
NEK,0.15666666666666665,70,KRSA,0.1251303441084463,1,OTHER,NEK,NEK6,NEK6
NEK,0.15666666666666665,70,KRSA,0.1251303441084463,1,OTHER,NEK,NEK6,NEK7
NEK,0.15666666666666665,70,KRSA,0.1251303441084463,1,OTHER,NEK,NEK8,NEK8
NEK,0.15666666666666665,70,KRSA,0.1251303441084463,1,OTHER,NEK,NEK8,NEK9
CK2,-0.6583333333333333,30,KRSA,0.6256517205422315,3,CMGC,CK2,CK2,CSNK2A1
CK2,-0.6583333333333333,30,KRSA,0.6256517205422315,3,CMGC,CK2,CK2,CSNK2A2
CK2,-0.6583333333333333,30,KRSA,0.6256517205422315,3,NA,NA,NA,CSNK2A3
RIPK,-0.29500000000000004,64,KRSA,0.20020855057351408,1,TKL,RIPK,RIPK,ANKK1
RIPK,-0.29500000000000004,64,KRSA,0.20020855057351408,1,TKL,RIPK,RIPK,RIPK1
RIPK,-0.29500000000000004,64,KRSA,0.20020855057351408,1,TKL,RIPK,RIPK,RIPK2
RIPK,-0.29500000000000004,64,KRSA,0.20020855057351408,1,TKL,RIPK,RIPK,RIPK3
RIPK,-0.29500000000000004,64,KRSA,0.20020855057351408,1,TKL,RIPK,RIPK,RIPK4
MELK,-0.10750000000000004,72,KRSA,0.10010427528675704,1,CAMK,CAMKL,MELK,MELK
STKR,-0.22583333333333336,68,KRSA,0.15015641293013557,1,TKL,STKR,TYPE1,ACVR1
STKR,-0.22583333333333336,68,KRSA,0.15015641293013557,1,TKL,STKR,TYPE1,ACVR1B
STKR,-0.22583333333333336,68,KRSA,0.15015641293013557,1,TKL,STKR,TYPE1,ACVR1C
STKR,-0.22583333333333336,68,KRSA,0.15015641293013557,1,TKL,STKR,TYPE2,ACVR2A
STKR,-0.22583333333333336,68,KRSA,0.15015641293013557,1,TKL,STKR,TYPE2,ACVR2B
STKR,-0.22583333333333336,68,KRSA,0.15015641293013557,1,TKL,STKR,TYPE1,ACVRL1
STKR,-0.22583333333333336,68,KRSA,0.15015641293013557,1,TKL,STKR,TYPE2,AMHR2
STKR,-0.22583333333333336,68,KRSA,0.15015641293013557,1,TKL,STKR,TYPE1,BMPR1A
STKR,-0.22583333333333336,68,KRSA,0.15015641293013557,1,TKL,STKR,TYPE1,BMPR1B
STKR,-0.22583333333333336,68,KRSA,0.15015641293013557,1,TKL,STKR,TYPE2,BMPR2
STKR,-0.22583333333333336,68,KRSA,0.15015641293013557,1,TKL,STKR,TYPE1,TGFBR1
STKR,-0.22583333333333336,68,KRSA,0.15015641293013557,1,TKL,STKR,TYPE2,TGFBR2
COT,0.7116666666666667,24,KRSA,0.7007299270072993,3,STE,STE-UNIQUE,STE-UNIQUE,MAP3K8
PKCA,-2.94,1,KRSA,0.9885297184567258,4,AGC,PKC,ALPHA,PRKCA
PKCA,-2.94,1,KRSA,0.9885297184567258,4,AGC,PKC,ALPHA,PRKCB
PKCA,-2.94,1,KRSA,0.9885297184567258,4,AGC,PKC,ALPHA,PRKCG
PHK,-2.26,2,KRSA,0.9760166840458812,4,CAMK,PHK,PHK,PHKG1
PHK,-2.26,2,KRSA,0.9760166840458812,4,CAMK,PHK,PHK,PHKG2
QIK,-1.765,5,KRSA,0.9384775808133472,4,CAMK,CAMKL,QIK,SIK1
QIK,-1.765,5,KRSA,0.9384775808133472,4,CAMK,CAMKL,QIK,SIK2
PEK,-2.171666666666667,3,KRSA,0.9635036496350365,4,OTHER,PEK,HRI,EIF2AK1
PEK,-2.171666666666667,3,KRSA,0.9635036496350365,4,OTHER,PEK,PKR,EIF2AK2
PEK,-2.171666666666667,3,KRSA,0.9635036496350365,4,OTHER,PEK,PEK,EIF2AK3
PEK,-2.171666666666667,3,KRSA,0.9635036496350365,4,OTHER,PEK,GCN2,EIF2AK4
FRAY,-1.2325,12,KRSA,0.8508863399374348,4,STE,STE20,FRAY,OXSR1
FRAY,-1.2325,12,KRSA,0.8508863399374348,4,STE,STE20,FRAY,STK39
PAKA,-1.055,15,KRSA,0.8133472367049009,4,STE,STE20,PAKA,PAK1
PAKA,-1.055,15,KRSA,0.8133472367049009,4,STE,STE20,PAKA,PAK2
PAKA,-1.055,15,KRSA,0.8133472367049009,4,STE,STE20,PAKA,PAK3
CDK,-2.0233333333333334,4,KRSA,0.9509906152241918,4,CMGC,CDK,CDC2,CDK1
CDK,-2.0233333333333334,4,KRSA,0.9509906152241918,4,CMGC,CDK,CDK10,CDK10
CDK,-2.0233333333333334,4,KRSA,0.9509906152241918,4,CMGC,CDK,CRK7,CDK12
CDK,-2.0233333333333334,4,KRSA,0.9509906152241918,4,CMGC,CDK,CRK7,CDK13
CDK,-2.0233333333333334,4,KRSA,0.9509906152241918,4,CMGC,CDK,PFTAIRE,CDK14
CDK,-2.0233333333333334,4,KRSA,0.9509906152241918,4,CMGC,CDK,PFTAIRE,CDK15
CDK,-2.0233333333333334,4,KRSA,0.9509906152241918,4,CMGC,CDK,PCTAIRE,CDK16
CDK,-2.0233333333333334,4,KRSA,0.9509906152241918,4,CMGC,CDK,PCTAIRE,CDK17
CDK,-2.0233333333333334,4,KRSA,0.9509906152241918,4,CMGC,CDK,PCTAIRE,CDK18
CDK,-2.0233333333333334,4,KRSA,0.9509906152241918,4,CMGC,CDK,CDK8,CDK19
CDK,-2.0233333333333334,4,KRSA,0.9509906152241918,4,CMGC,CDK,CDC2,CDK2
CDK,-2.0233333333333334,4,KRSA,0.9509906152241918,4,CMGC,CDK,CCRK,CDK20
CDK,-2.0233333333333334,4,KRSA,0.9509906152241918,4,CMGC,CDK,CDC2,CDK3
CDK,-2.0233333333333334,4,KRSA,0.9509906152241918,4,CMGC,CDK,CDK4,CDK4
CDK,-2.0233333333333334,4,KRSA,0.9509906152241918,4,CMGC,CDK,CDK5,CDK5
CDK,-2.0233333333333334,4,KRSA,0.9509906152241918,4,CMGC,CDK,CDK4,CDK6
CDK,-2.0233333333333334,4,KRSA,0.9509906152241918,4,CMGC,CDK,CDK7,CDK7
CDK,-2.0233333333333334,4,KRSA,0.9509906152241918,4,CMGC,CDK,CDK8,CDK8
CDK,-2.0233333333333334,4,KRSA,0.9509906152241918,4,CMGC,CDK,CDK9,CDK9
CDK,-2.0233333333333334,4,KRSA,0.9509906152241918,4,NA,NA,NA,CDK11A
CDK,-2.0233333333333334,4,KRSA,0.9509906152241918,4,NA,NA,NA,CDK11B
JNK,-1.6424999999999998,6,KRSA,0.9259645464025026,4,CMGC,MAPK,JNK,MAPK10
JNK,-1.6424999999999998,6,KRSA,0.9259645464025026,4,CMGC,MAPK,JNK,MAPK8
JNK,-1.6424999999999998,6,KRSA,0.9259645464025026,4,CMGC,MAPK,JNK,MAPK9
PDHK,-1.3458333333333332,9,KRSA,0.8884254431699687,4,ATYPICAL,PDHK,BCKDK,BCKDK
PDHK,-1.3458333333333332,9,KRSA,0.8884254431699687,4,ATYPICAL,PDHK,PDHK,PDK2
PDHK,-1.3458333333333332,9,KRSA,0.8884254431699687,4,ATYPICAL,PDHK,PDHK,PDK3
PDHK,-1.3458333333333332,9,KRSA,0.8884254431699687,4,ATYPICAL,PDHK,PDHK,PDK4
PLK,-0.9308333333333332,21,KRSA,0.7382690302398331,3,NA,NA,NA,PLK5
PLK,-0.9308333333333332,21,KRSA,0.7382690302398331,3,OTHER,PLK,PLK1,PLK1
PLK,-0.9308333333333332,21,KRSA,0.7382690302398331,3,OTHER,PLK,PLK2,PLK2
PLK,-0.9308333333333332,21,KRSA,0.7382690302398331,3,OTHER,PLK,PLK2,PLK3
PLK,-0.9308333333333332,21,KRSA,0.7382690302398331,3,OTHER,PLK,SAK,PLK4
CAMK1,0.1783333333333333,69,KRSA,0.13764337851929093,1,CAMK,CAMK1,CAMK1,CAMK1
CAMK1,0.1783333333333333,69,KRSA,0.13764337851929093,1,CAMK,CAMK1,CAMK1,CAMK1D
CAMK1,0.1783333333333333,69,KRSA,0.13764337851929093,1,CAMK,CAMK1,CAMK1,CAMK1G
CAMK1,0.1783333333333333,69,KRSA,0.13764337851929093,1,CAMK,CAMK1,CAMK1,CAMK4
CAMK1,0.1783333333333333,69,KRSA,0.13764337851929093,1,CAMK,CAMK1,CAMK1,PNCK
SLK,0.2733333333333333,66,KRSA,0.17518248175182483,1,STE,STE20,SLK,SLK
SLK,0.2733333333333333,66,KRSA,0.17518248175182483,1,STE,STE20,SLK,STK10
BRSK,0.4533333333333333,53,KRSA,0.337851929092805,2,CAMK,CAMKL,BRSK,BRSK1
BRSK,0.4533333333333333,53,KRSA,0.337851929092805,2,CAMK,CAMKL,BRSK,BRSK2
TAO,0.7341666666666667,23,KRSA,0.7132429614181439,3,STE,STE20,TAO,TAOK1
TAO,0.7341666666666667,23,KRSA,0.7132429614181439,3,STE,STE20,TAO,TAOK2
TAO,0.7341666666666667,23,KRSA,0.7132429614181439,3,STE,STE20,TAO,TAOK3
STE11,-0.42166666666666675,54,KRSA,0.32533889468196037,2,TKL,MLK,TAK1,MAP3K7
STE11,-0.42166666666666675,54,KRSA,0.32533889468196037,2,STE,STE11,MEKK1,MAP3K1
STE11,-0.42166666666666675,54,KRSA,0.32533889468196037,2,STE,STE11,ASK,MAP3K15
STE11,-0.42166666666666675,54,KRSA,0.32533889468196037,2,STE,STE11,MEKK2,MAP3K2
STE11,-0.42166666666666675,54,KRSA,0.32533889468196037,2,STE,STE11,MEKK2,MAP3K3
STE11,-0.42166666666666675,54,KRSA,0.32533889468196037,2,STE,STE11,MEKK4,MAP3K4
STE11,-0.42166666666666675,54,KRSA,0.32533889468196037,2,STE,STE11,ASK,MAP3K5
STE11,-0.42166666666666675,54,KRSA,0.32533889468196037,2,STE,STE11,ASK,MAP3K6
CHK1,0.01583333333333333,78,KRSA,0.02502606882168926,1,CAMK,CAMKL,CHK1,CHEK1
NMO,-1.3083333333333331,11,KRSA,0.8633993743482794,4,CMGC,MAPK,NMO,NLK
P38,-1.5008333333333332,7,KRSA,0.913451511991658,4,CMGC,MAPK,P38,MAPK11
P38,-1.5008333333333332,7,KRSA,0.913451511991658,4,CMGC,MAPK,P38,MAPK12
P38,-1.5008333333333332,7,KRSA,0.913451511991658,4,CMGC,MAPK,P38,MAPK13
P38,-1.5008333333333332,7,KRSA,0.913451511991658,4,CMGC,MAPK,P38,MAPK14
PDK1,-0.9783333333333332,18,KRSA,0.7758081334723671,4,ATYPICAL,PDHK,PDHK,PDK1
PDK1,-0.9783333333333332,18,KRSA,0.7758081334723671,4,AGC,PDK1,PDK1,PDPK1
VRK1,-0.01916666666666661,77,KRSA,0.03753910323253389,1,CK1,VRK,VRK,VRK1
RAF,-1.0108333333333333,17,KRSA,0.7883211678832117,4,TKL,RAF,RAF,ARAF
RAF,-1.0108333333333333,17,KRSA,0.7883211678832117,4,TKL,RAF,RAF,BRAF
RAF,-1.0108333333333333,17,KRSA,0.7883211678832117,4,TKL,RAF,KSR,KSR1
RAF,-1.0108333333333333,17,KRSA,0.7883211678832117,4,TKL,RAF,KSR,KSR2
RAF,-1.0108333333333333,17,KRSA,0.7883211678832117,4,TKL,RAF,RAF,RAF1
DMPK,-1.3725,8,KRSA,0.9009384775808134,4,AGC,DMPK,GEK,CDC42BPA
DMPK,-1.3725,8,KRSA,0.9009384775808134,4,AGC,DMPK,GEK,CDC42BPB
DMPK,-1.3725,8,KRSA,0.9009384775808134,4,AGC,DMPK,GEK,CDC42BPG
DMPK,-1.3725,8,KRSA,0.9009384775808134,4,AGC,DMPK,CRIK,CIT
DMPK,-1.3725,8,KRSA,0.9009384775808134,4,AGC,DMPK,GEK,DMPK
DMPK,-1.3725,8,KRSA,0.9009384775808134,4,AGC,DMPK,ROCK,ROCK1
DMPK,-1.3725,8,KRSA,0.9009384775808134,4,AGC,DMPK,ROCK,ROCK2
DYRK,-0.9416666666666668,20,KRSA,0.7507820646506778,4,CMGC,DYRK,DYRK1,DYRK1A
DYRK,-0.9416666666666668,20,KRSA,0.7507820646506778,4,CMGC,DYRK,DYRK1,DYRK1B
DYRK,-0.9416666666666668,20,KRSA,0.7507820646506778,4,CMGC,DYRK,DYRK2,DYRK2
DYRK,-0.9416666666666668,20,KRSA,0.7507820646506778,4,CMGC,DYRK,DYRK2,DYRK3
DYRK,-0.9416666666666668,20,KRSA,0.7507820646506778,4,CMGC,DYRK,DYRK2,DYRK4
DYRK,-0.9416666666666668,20,KRSA,0.7507820646506778,4,CMGC,DYRK,HIPK,HIPK1
DYRK,-0.9416666666666668,20,KRSA,0.7507820646506778,4,CMGC,DYRK,HIPK,HIPK2
DYRK,-0.9416666666666668,20,KRSA,0.7507820646506778,4,CMGC,DYRK,HIPK,HIPK3
DYRK,-0.9416666666666668,20,KRSA,0.7507820646506778,4,CMGC,DYRK,HIPK,HIPK4
DYRK,-0.9416666666666668,20,KRSA,0.7507820646506778,4,CMGC,DYRK,PRP4,PRPF4B
CAMK2,0.585,36,KRSA,0.5505735140771637,3,CAMK,CAMK2,CAMK2,CAMK2A
CAMK2,0.585,36,KRSA,0.5505735140771637,3,CAMK,CAMK2,CAMK2,CAMK2B
CAMK2,0.585,36,KRSA,0.5505735140771637,3,CAMK,CAMK2,CAMK2,CAMK2D
CAMK2,0.585,36,KRSA,0.5505735140771637,3,CAMK,CAMK2,CAMK2,CAMK2G
ATM,-0.4133333333333334,56,KRSA,0.30031282586027114,2,ATYPICAL,PIKK,ATM,ATM
MLK,-0.6124999999999999,33,KRSA,0.5881126173096975,3,TKL,MLK,ILK,ILK
MLK,-0.6124999999999999,33,KRSA,0.5881126173096975,3,TKL,MLK,MLK,MAP3K10
MLK,-0.6124999999999999,33,KRSA,0.5881126173096975,3,TKL,MLK,MLK,MAP3K11
MLK,-0.6124999999999999,33,KRSA,0.5881126173096975,3,TKL,MLK,LZK,MAP3K12
MLK,-0.6124999999999999,33,KRSA,0.5881126173096975,3,TKL,MLK,LZK,MAP3K13
MLK,-0.6124999999999999,33,KRSA,0.5881126173096975,3,TKL,MLK,MLK,MAP3K9
MLK,-0.6124999999999999,33,KRSA,0.5881126173096975,3,TKL,MLK,HH498,TNNI3K
BARK2,-0.3933333333333333,57,KRSA,0.28779979144942647,2,AGC,GRK,BARK,GRK3
CK1,-1.0816666666666668,14,KRSA,0.8258602711157456,4,CK1,CK1,CK1-A,CSNK1A1
CK1,-1.0816666666666668,14,KRSA,0.8258602711157456,4,CK1,CK1,CK1-A,CSNK1A1L
CK1,-1.0816666666666668,14,KRSA,0.8258602711157456,4,CK1,CK1,CK1-D,CSNK1D
CK1,-1.0816666666666668,14,KRSA,0.8258602711157456,4,CK1,CK1,CK1-D,CSNK1E
CK1,-1.0816666666666668,14,KRSA,0.8258602711157456,4,CK1,CK1,CK1-G,CSNK1G1
CK1,-1.0816666666666668,14,KRSA,0.8258602711157456,4,CK1,CK1,CK1-G,CSNK1G2
CK1,-1.0816666666666668,14,KRSA,0.8258602711157456,4,CK1,CK1,CK1-G,CSNK1G3
CK1,-1.0816666666666668,14,KRSA,0.8258602711157456,4,CK1,TTBK,TTBK,TTBK1
CK1,-1.0816666666666668,14,KRSA,0.8258602711157456,4,CK1,TTBK,TTBK,TTBK2
CK1,-1.0816666666666668,14,KRSA,0.8258602711157456,4,CK1,VRK,VRK,VRK3
PKCD,0.3566666666666667,59,KRSA,0.26277372262773724,2,AGC,PKC,DELTA,PRKCD
PKCD,0.3566666666666667,59,KRSA,0.26277372262773724,2,AGC,PKC,DELTA,PRKCQ
ERK,-1.3383333333333334,10,KRSA,0.8759124087591241,4,CMGC,MAPK,ERK1,MAPK1
ERK,-1.3383333333333334,10,KRSA,0.8759124087591241,4,CMGC,MAPK,ERK7,MAPK15
ERK,-1.3383333333333334,10,KRSA,0.8759124087591241,4,CMGC,MAPK,ERK1,MAPK3
ERK,-1.3383333333333334,10,KRSA,0.8759124087591241,4,CMGC,MAPK,ERK3,MAPK4
ERK,-1.3383333333333334,10,KRSA,0.8759124087591241,4,CMGC,MAPK,ERK3,MAPK6
ERK,-1.3383333333333334,10,KRSA,0.8759124087591241,4,CMGC,MAPK,ERK5,MAPK7
RAD53,0.06666666666666665,75,KRSA,0.06256517205422316,1,CAMK,RAD53,RAD53,CHEK2
AKT,-1.0258333333333334,16,KRSA,0.8008342022940563,4,AGC,AKT,AKT,AKT1
AKT,-1.0258333333333334,16,KRSA,0.8008342022940563,4,AGC,AKT,AKT,AKT2
AKT,-1.0258333333333334,16,KRSA,0.8008342022940563,4,AGC,AKT,AKT,AKT3
STE7,-0.645,31,KRSA,0.6131386861313869,3,STE,STE7,MEK1,MAP2K1
STE7,-0.645,31,KRSA,0.6131386861313869,3,STE,STE7,MEK1,MAP2K2
STE7,-0.645,31,KRSA,0.6131386861313869,3,STE,STE7,MEK3,MAP2K3
STE7,-0.645,31,KRSA,0.6131386861313869,3,STE,STE7,MEK4,MAP2K4
STE7,-0.645,31,KRSA,0.6131386861313869,3,STE,STE7,MEK5,MAP2K5
STE7,-0.645,31,KRSA,0.6131386861313869,3,STE,STE7,MEK3,MAP2K6
STE7,-0.645,31,KRSA,0.6131386861313869,3,STE,STE7,MEK7,MAP2K7
PRKDC,-0.63,32,KRSA,0.6006256517205423,3,ATYPICAL,PIKK,DNAPK,PRKDC
MSN,0.5966666666666667,34,KRSA,0.5755995828988529,3,STE,STE20,MSN,MAP4K4
MSN,0.5966666666666667,34,KRSA,0.5755995828988529,3,STE,STE20,MSN,NRK
MSN,0.5966666666666667,34,KRSA,0.5755995828988529,3,STE,STE20,MSN,TNIK
PKN,-0.5641666666666667,37,KRSA,0.5380604796663191,3,AGC,PKN,PKN,PKN1
PKN,-0.5641666666666667,37,KRSA,0.5380604796663191,3,AGC,PKN,PKN,PKN2
PKN,-0.5641666666666667,37,KRSA,0.5380604796663191,3,AGC,PKN,PKN,PKN3
DAPK,-0.5575,38,KRSA,0.5255474452554745,3,CAMK,DAPK,DAPK,DAPK1
DAPK,-0.5575,38,KRSA,0.5255474452554745,3,CAMK,DAPK,DAPK,DAPK2
DAPK,-0.5575,38,KRSA,0.5255474452554745,3,CAMK,DAPK,DAPK,DAPK3
DAPK,-0.5575,38,KRSA,0.5255474452554745,3,CAMK,DAPK,DRAK,STK17A
DAPK,-0.5575,38,KRSA,0.5255474452554745,3,CAMK,DAPK,DRAK,STK17B
PKD,-0.3908333333333333,58,KRSA,0.27528675703858185,2,CAMK,PKD,PKD,PRKD1
PKD,-0.3908333333333333,58,KRSA,0.27528675703858185,2,CAMK,PKD,PKD,PRKD2
PKD,-0.3908333333333333,58,KRSA,0.27528675703858185,2,CAMK,PKD,PKD,PRKD3
PAKB,-0.30833333333333335,63,KRSA,0.2127215849843587,1,STE,STE20,PAKB,PAK4
PAKB,-0.30833333333333335,63,KRSA,0.2127215849843587,1,STE,STE20,PAKB,PAK5
PAKB,-0.30833333333333335,63,KRSA,0.2127215849843587,1,STE,STE20,PAKB,PAK6
TTK,-0.6766666666666666,29,KRSA,0.6381647549530761,3,OTHER,TTK,TTK,TTK
TLK,-0.6816666666666666,27,KRSA,0.6631908237747653,3,OTHER,TLK,TLK,TLK1
TLK,-0.6816666666666666,27,KRSA,0.6631908237747653,3,OTHER,TLK,TLK,TLK2
NUAK,-0.6825,26,KRSA,0.67570385818561,3,CAMK,CAMKL,NUAK,NUAK1
NUAK,-0.6825,26,KRSA,0.67570385818561,3,CAMK,CAMKL,NUAK,NUAK2
STKR,-0.22583333333333336,68,KRSA,0.15015641293013557,1,TKL,STKR,TYPE1,ACVR1
STKR,-0.22583333333333336,68,KRSA,0.15015641293013557,1,TKL,STKR,TYPE1,ACVR1B
STKR,-0.22583333333333336,68,KRSA,0.15015641293013557,1,TKL,STKR,TYPE1,ACVR1C
STKR,-0.22583333333333336,68,KRSA,0.15015641293013557,1,TKL,STKR,TYPE2,ACVR2A
STKR,-0.22583333333333336,68,KRSA,0.15015641293013557,1,TKL,STKR,TYPE2,ACVR2B
STKR,-0.22583333333333336,68,KRSA,0.15015641293013557,1,TKL,STKR,TYPE1,ACVRL1
STKR,-0.22583333333333336,68,KRSA,0.15015641293013557,1,TKL,STKR,TYPE2,AMHR2
STKR,-0.22583333333333336,68,KRSA,0.15015641293013557,1,TKL,STKR,TYPE1,BMPR1A
STKR,-0.22583333333333336,68,KRSA,0.15015641293013557,1,TKL,STKR,TYPE1,BMPR1B
STKR,-0.22583333333333336,68,KRSA,0.15015641293013557,1,TKL,STKR,TYPE2,BMPR2
STKR,-0.22583333333333336,68,KRSA,0.15015641293013557,1,TKL,STKR,TYPE1,TGFBR1
STKR,-0.22583333333333336,68,KRSA,0.15015641293013557,1,TKL,STKR,TYPE2,TGFBR2
PKCI,-0.4616666666666666,52,KRSA,0.35036496350364965,2,AGC,PKC,IOTA,PRKCI
PKCI,-0.4616666666666666,52,KRSA,0.35036496350364965,2,AGC,PKC,IOTA,PRKCZ
MAPKAPK,-0.6891666666666667,25,KRSA,0.6882168925964547,3,CAMK,MAPKAPK,MAPKAPK,MAPKAPK2
MAPKAPK,-0.6891666666666667,25,KRSA,0.6882168925964547,3,CAMK,MAPKAPK,MAPKAPK,MAPKAPK3
MAPKAPK,-0.6891666666666667,25,KRSA,0.6882168925964547,3,CAMK,MAPKAPK,MAPKAPK,MAPKAPK5
MAPKAPK,-0.6891666666666667,25,KRSA,0.6882168925964547,3,CAMK,MAPKAPK,MNK,MKNK1
MAPKAPK,-0.6891666666666667,25,KRSA,0.6882168925964547,3,CAMK,MAPKAPK,MNK,MKNK2
HAL,0.33249999999999996,61,KRSA,0.23774765380604795,1,RGC,RGC,RGC,NPR1
NAK,0.28333333333333327,65,KRSA,0.18769551616266944,1,OTHER,NAK,BIKE,AAK1
NAK,0.28333333333333327,65,KRSA,0.18769551616266944,1,OTHER,NAK,BIKE,BMP2K
NAK,0.28333333333333327,65,KRSA,0.18769551616266944,1,OTHER,NAK,GAK,GAK
NAK,0.28333333333333327,65,KRSA,0.18769551616266944,1,OTHER,NAK,MPSK,STK16
MOS,0.9475,19,KRSA,0.7632950990615224,4,OTHER,MOS,MOS,MOS
KHS,-0.31583333333333335,62,KRSA,0.22523461939520334,1,STE,STE20,KHS,MAP4K1
KHS,-0.31583333333333335,62,KRSA,0.22523461939520334,1,STE,STE20,KHS,MAP4K2
KHS,-0.31583333333333335,62,KRSA,0.22523461939520334,1,STE,STE20,KHS,MAP4K3
KHS,-0.31583333333333335,62,KRSA,0.22523461939520334,1,STE,STE20,KHS,MAP4K5
NIK,-0.48583333333333334,42,KRSA,0.4754953076120959,2,STE,STE-UNIQUE,STE-UNIQUE,MAP3K14
ULK,-0.485,43,KRSA,0.4629822732012513,2,OTHER,ULK,FUSED,STK36
ULK,-0.485,43,KRSA,0.4629822732012513,2,OTHER,ULK,ULK,ULK1
ULK,-0.485,43,KRSA,0.4629822732012513,2,OTHER,ULK,ULK,ULK2
ULK,-0.485,43,KRSA,0.4629822732012513,2,OTHER,ULK,ULK,ULK3
ULK,-0.485,43,KRSA,0.4629822732012513,2,OTHER,ULK,ULK,ULK4
CLK,-0.4733333333333334,49,KRSA,0.38790406673618355,2,CMGC,CLK,CLK,CLK1
CLK,-0.4733333333333334,49,KRSA,0.38790406673618355,2,CMGC,CLK,CLK,CLK2
CLK,-0.4733333333333334,49,KRSA,0.38790406673618355,2,CMGC,CLK,CLK,CLK3
CLK,-0.4733333333333334,49,KRSA,0.38790406673618355,2,CMGC,CLK,CLK,CLK4
IRAK,0.04833333333333334,76,KRSA,0.05005213764337852,1,TKL,IRAK,IRAK,IRAK1
IRAK,0.04833333333333334,76,KRSA,0.05005213764337852,1,TKL,IRAK,IRAK,IRAK2
IRAK,0.04833333333333334,76,KRSA,0.05005213764337852,1,TKL,IRAK,IRAK,IRAK3
IRAK,0.04833333333333334,76,KRSA,0.05005213764337852,1,TKL,IRAK,IRAK,IRAK4
PASK,-0.47,51,KRSA,0.36287799791449427,2,CAMK,CAMKL,PASK,PASK
WNK,-0.47833333333333333,46,KRSA,0.4254431699687174,2,OTHER,WNK,WNK,WNK1
WNK,-0.47833333333333333,46,KRSA,0.4254431699687174,2,OTHER,WNK,WNK,WNK2
WNK,-0.47833333333333333,46,KRSA,0.4254431699687174,2,OTHER,WNK,WNK,WNK3
WNK,-0.47833333333333333,46,KRSA,0.4254431699687174,2,OTHER,WNK,WNK,WNK4
CAMKK,-0.4766666666666667,48,KRSA,0.40041710114702816,2,OTHER,CAMKK,META,CAMKK1
CAMKK,-0.4766666666666667,48,KRSA,0.40041710114702816,2,OTHER,CAMKK,META,CAMKK2
BUD32,-0.4816666666666667,45,KRSA,0.43795620437956206,2,OTHER,BUD32,BUD32,TP53RK
MLCK,0.4783333333333333,47,KRSA,0.4129301355578728,2,CAMK,MLCK,MLCK,MYLK
MLCK,0.4783333333333333,47,KRSA,0.4129301355578728,2,CAMK,MLCK,MLCK,MYLK2
MLCK,0.4783333333333333,47,KRSA,0.4129301355578728,2,CAMK,MLCK,MLCK,TTN
MST,0.075,74,KRSA,0.07507820646506778,1,STE,STE20,MST,STK3
MST,0.075,74,KRSA,0.07507820646506778,1,STE,STE20,MST,STK4
COT,0.7116666666666667,24,KRSA,0.7007299270072993,3,STE,STE-UNIQUE,STE-UNIQUE,MAP3K8
MTOR,-0.6791666666666667,28,KRSA,0.6506777893639207,3,ATYPICAL,PIKK,FRAP,MTOR
IKK,-1.1033333333333333,13,KRSA,0.8383733055265902,4,OTHER,IKK,IKK,CHUK
IKK,-1.1033333333333333,13,KRSA,0.8383733055265902,4,OTHER,IKK,IKK,IKBKB
IKK,-1.1033333333333333,13,KRSA,0.8383733055265902,4,OTHER,IKK,IKK,IKBKE
IKK,-1.1033333333333333,13,KRSA,0.8383733055265902,4,OTHER,IKK,IKK,TBK1
GSK,-0.3416666666666667,60,KRSA,0.2502606882168926,2,CMGC,GSK,GSK,GSK3A
GSK,-0.3416666666666667,60,KRSA,0.2502606882168926,2,CMGC,GSK,GSK,GSK3B
ATR,-0.4183333333333333,55,KRSA,0.31282586027111575,2,ATYPICAL,PIKK,ATR,ATR
NDR,-0.5508333333333334,39,KRSA,0.5130344108446299,3,AGC,NDR,NDR,LATS1
NDR,-0.5508333333333334,39,KRSA,0.5130344108446299,3,AGC,NDR,NDR,LATS2
NDR,-0.5508333333333334,39,KRSA,0.5130344108446299,3,AGC,NDR,NDR,STK38
NDR,-0.5508333333333334,39,KRSA,0.5130344108446299,3,AGC,NDR,NDR,STK38L
GRK,-0.5425,40,KRSA,0.5005213764337852,3,AGC,GRK,GRK,GRK1
GRK,-0.5425,40,KRSA,0.5005213764337852,3,AGC,GRK,GRK,GRK4
GRK,-0.5425,40,KRSA,0.5005213764337852,3,AGC,GRK,GRK,GRK5
GRK,-0.5425,40,KRSA,0.5005213764337852,3,AGC,GRK,GRK,GRK6
GRK,-0.5425,40,KRSA,0.5005213764337852,3,AGC,GRK,GRK,GRK7
AMPK,-0.5875,35,KRSA,0.5630865484880083,3,CAMK,CAMKL,AMPK,PRKAA1
AMPK,-0.5875,35,KRSA,0.5630865484880083,3,CAMK,CAMKL,AMPK,PRKAA2
PKCH,0.8966666666666667,22,KRSA,0.7257559958289885,3,AGC,PKC,ETA,PRKCE
PKCH,0.8966666666666667,22,KRSA,0.7257559958289885,3,AGC,PKC,ETA,PRKCH
SGK,-0.23916666666666664,67,KRSA,0.16266944734098018,1,AGC,SGK,SGK,SGK1
SGK,-0.23916666666666664,67,KRSA,0.16266944734098018,1,AGC,SGK,SGK,SGK2
SGK,-0.23916666666666664,67,KRSA,0.16266944734098018,1,AGC,SGK,SGK,SGK3
CK2,-0.6583333333333333,30,KRSA,0.6256517205422315,3,CMGC,CK2,CK2,CSNK2A1
CK2,-0.6583333333333333,30,KRSA,0.6256517205422315,3,CMGC,CK2,CK2,CSNK2A2
CK2,-0.6583333333333333,30,KRSA,0.6256517205422315,3,NA,NA,NA,CSNK2A3
PKG,0.07750000000000005,73,KRSA,0.08759124087591241,1,AGC,PKG,PKG,PRKG1
PKG,0.07750000000000005,73,KRSA,0.08759124087591241,1,AGC,PKG,PKG,PRKG2
RSK,-0.4825,44,KRSA,0.4504692387904067,2,AGC,RSK,RSK,RPS6KA1
RSK,-0.4825,44,KRSA,0.4504692387904067,2,AGC,RSK,RSK,RPS6KA2
RSK,-0.4825,44,KRSA,0.4504692387904067,2,AGC,RSK,RSK,RPS6KA3
RSK,-0.4825,44,KRSA,0.4504692387904067,2,AGC,RSK,MSK,RPS6KA4
RSK,-0.4825,44,KRSA,0.4504692387904067,2,AGC,RSK,MSK,RPS6KA5
RSK,-0.4825,44,KRSA,0.4504692387904067,2,AGC,RSK,RSK,RPS6KA6
RSK,-0.4825,44,KRSA,0.4504692387904067,2,AGC,RSK,P70,RPS6KB1
RSK,-0.4825,44,KRSA,0.4504692387904067,2,AGC,RSK,P70,RPS6KB2
RIPK,-0.29500000000000004,64,KRSA,0.20020855057351408,1,TKL,RIPK,RIPK,ANKK1
RIPK,-0.29500000000000004,64,KRSA,0.20020855057351408,1,TKL,RIPK,RIPK,RIPK1
RIPK,-0.29500000000000004,64,KRSA,0.20020855057351408,1,TKL,RIPK,RIPK,RIPK2
RIPK,-0.29500000000000004,64,KRSA,0.20020855057351408,1,TKL,RIPK,RIPK,RIPK3
RIPK,-0.29500000000000004,64,KRSA,0.20020855057351408,1,TKL,RIPK,RIPK,RIPK4
AUR,0.005,80,KRSA,0,1,OTHER,AUR,AUR,AURKA
AUR,0.005,80,KRSA,0,1,OTHER,AUR,AUR,AURKB
AUR,0.005,80,KRSA,0,1,OTHER,AUR,AUR,AURKC
LKB,-0.47166666666666673,50,KRSA,0.3753910323253389,2,CAMK,CAMKL,LKB,STK11
PIM,-0.11499999999999998,71,KRSA,0.11261730969760167,1,CAMK,PIM,PIM,PIM1
PIM,-0.11499999999999998,71,KRSA,0.11261730969760167,1,CAMK,PIM,PIM,PIM2
PIM,-0.11499999999999998,71,KRSA,0.11261730969760167,1,CAMK,PIM,PIM,PIM3
PKA,-0.01000000000000004,79,KRSA,0.01251303441084463,1,AGC,PKA,PKA,PRKACA
PKA,-0.01000000000000004,79,KRSA,0.01251303441084463,1,AGC,PKA,PKA,PRKACB
PKA,-0.01000000000000004,79,KRSA,0.01251303441084463,1,AGC,PKA,PKA,PRKACG
PKA,-0.01000000000000004,79,KRSA,0.01251303441084463,1,AGC,PKA,PKA,PRKX
PKA,-0.01000000000000004,79,KRSA,0.01251303441084463,1,AGC,PKA,PKA,PRKY
MELK,-0.10750000000000004,72,KRSA,0.10010427528675704,1,CAMK,CAMKL,MELK,MELK
NEK,0.15666666666666665,70,KRSA,0.1251303441084463,1,OTHER,NEK,NEK11,NEK11
NEK,0.15666666666666665,70,KRSA,0.1251303441084463,1,OTHER,NEK,NEK2,NEK2
NEK,0.15666666666666665,70,KRSA,0.1251303441084463,1,OTHER,NEK,NEK1,NEK3
NEK,0.15666666666666665,70,KRSA,0.1251303441084463,1,OTHER,NEK,NEK4,NEK4
NEK,0.15666666666666665,70,KRSA,0.1251303441084463,1,OTHER,NEK,NEK1,NEK5
NEK,0.15666666666666665,70,KRSA,0.1251303441084463,1,OTHER,NEK,NEK6,NEK6
NEK,0.15666666666666665,70,KRSA,0.1251303441084463,1,OTHER,NEK,NEK6,NEK7
NEK,0.15666666666666665,70,KRSA,0.1251303441084463,1,OTHER,NEK,NEK8,NEK8
NEK,0.15666666666666665,70,KRSA,0.1251303441084463,1,OTHER,NEK,NEK8,NEK9
PKCA,-2.94,1,KRSA,0.9885297184567258,4,AGC,PKC,ALPHA,PRKCA
PKCA,-2.94,1,KRSA,0.9885297184567258,4,AGC,PKC,ALPHA,PRKCB
PKCA,-2.94,1,KRSA,0.9885297184567258,4,AGC,PKC,ALPHA,PRKCG
PHK,-2.26,2,KRSA,0.9760166840458812,4,CAMK,PHK,PHK,PHKG1
PHK,-2.26,2,KRSA,0.9760166840458812,4,CAMK,PHK,PHK,PHKG2
QIK,-1.765,5,KRSA,0.9384775808133472,4,CAMK,CAMKL,QIK,SIK1
QIK,-1.765,5,KRSA,0.9384775808133472,4,CAMK,CAMKL,QIK,SIK2
PEK,-2.171666666666667,3,KRSA,0.9635036496350365,4,OTHER,PEK,HRI,EIF2AK1
PEK,-2.171666666666667,3,KRSA,0.9635036496350365,4,OTHER,PEK,PKR,EIF2AK2
PEK,-2.171666666666667,3,KRSA,0.9635036496350365,4,OTHER,PEK,PEK,EIF2AK3
PEK,-2.171666666666667,3,KRSA,0.9635036496350365,4,OTHER,PEK,GCN2,EIF2AK4
SLK,0.2733333333333333,66,KRSA,0.17518248175182483,1,STE,STE20,SLK,SLK
SLK,0.2733333333333333,66,KRSA,0.17518248175182483,1,STE,STE20,SLK,STK10
MAPKAPK,-0.6891666666666667,25,KRSA,0.6882168925964547,3,CAMK,MAPKAPK,MAPKAPK,MAPKAPK2
MAPKAPK,-0.6891666666666667,25,KRSA,0.6882168925964547,3,CAMK,MAPKAPK,MAPKAPK,MAPKAPK3
MAPKAPK,-0.6891666666666667,25,KRSA,0.6882168925964547,3,CAMK,MAPKAPK,MAPKAPK,MAPKAPK5
MAPKAPK,-0.6891666666666667,25,KRSA,0.6882168925964547,3,CAMK,MAPKAPK,MNK,MKNK1
MAPKAPK,-0.6891666666666667,25,KRSA,0.6882168925964547,3,CAMK,MAPKAPK,MNK,MKNK2
CK1,-1.0816666666666668,14,KRSA,0.8258602711157456,4,CK1,CK1,CK1-A,CSNK1A1
CK1,-1.0816666666666668,14,KRSA,0.8258602711157456,4,CK1,CK1,CK1-A,CSNK1A1L
CK1,-1.0816666666666668,14,KRSA,0.8258602711157456,4,CK1,CK1,CK1-D,CSNK1D
CK1,-1.0816666666666668,14,KRSA,0.8258602711157456,4,CK1,CK1,CK1-D,CSNK1E
CK1,-1.0816666666666668,14,KRSA,0.8258602711157456,4,CK1,CK1,CK1-G,CSNK1G1
CK1,-1.0816666666666668,14,KRSA,0.8258602711157456,4,CK1,CK1,CK1-G,CSNK1G2
CK1,-1.0816666666666668,14,KRSA,0.8258602711157456,4,CK1,CK1,CK1-G,CSNK1G3
CK1,-1.0816666666666668,14,KRSA,0.8258602711157456,4,CK1,TTBK,TTBK,TTBK1
CK1,-1.0816666666666668,14,KRSA,0.8258602711157456,4,CK1,TTBK,TTBK,TTBK2
CK1,-1.0816666666666668,14,KRSA,0.8258602711157456,4,CK1,VRK,VRK,VRK3
PDHK,-1.3458333333333332,9,KRSA,0.8884254431699687,4,ATYPICAL,PDHK,BCKDK,BCKDK
PDHK,-1.3458333333333332,9,KRSA,0.8884254431699687,4,ATYPICAL,PDHK,PDHK,PDK2
PDHK,-1.3458333333333332,9,KRSA,0.8884254431699687,4,ATYPICAL,PDHK,PDHK,PDK3
PDHK,-1.3458333333333332,9,KRSA,0.8884254431699687,4,ATYPICAL,PDHK,PDHK,PDK4
DMPK,-1.3725,8,KRSA,0.9009384775808134,4,AGC,DMPK,GEK,CDC42BPA
DMPK,-1.3725,8,KRSA,0.9009384775808134,4,AGC,DMPK,GEK,CDC42BPB
DMPK,-1.3725,8,KRSA,0.9009384775808134,4,AGC,DMPK,GEK,CDC42BPG
DMPK,-1.3725,8,KRSA,0.9009384775808134,4,AGC,DMPK,CRIK,CIT
DMPK,-1.3725,8,KRSA,0.9009384775808134,4,AGC,DMPK,GEK,DMPK
DMPK,-1.3725,8,KRSA,0.9009384775808134,4,AGC,DMPK,ROCK,ROCK1
DMPK,-1.3725,8,KRSA,0.9009384775808134,4,AGC,DMPK,ROCK,ROCK2
FRAY,-1.2325,12,KRSA,0.8508863399374348,4,STE,STE20,FRAY,OXSR1
FRAY,-1.2325,12,KRSA,0.8508863399374348,4,STE,STE20,FRAY,STK39
P38,-1.5008333333333332,7,KRSA,0.913451511991658,4,CMGC,MAPK,P38,MAPK11
P38,-1.5008333333333332,7,KRSA,0.913451511991658,4,CMGC,MAPK,P38,MAPK12
P38,-1.5008333333333332,7,KRSA,0.913451511991658,4,CMGC,MAPK,P38,MAPK13
P38,-1.5008333333333332,7,KRSA,0.913451511991658,4,CMGC,MAPK,P38,MAPK14
RSK,-0.4825,44,KRSA,0.4504692387904067,2,AGC,RSK,RSK,RPS6KA1
RSK,-0.4825,44,KRSA,0.4504692387904067,2,AGC,RSK,RSK,RPS6KA2
RSK,-0.4825,44,KRSA,0.4504692387904067,2,AGC,RSK,RSK,RPS6KA3
RSK,-0.4825,44,KRSA,0.4504692387904067,2,AGC,RSK,MSK,RPS6KA4
RSK,-0.4825,44,KRSA,0.4504692387904067,2,AGC,RSK,MSK,RPS6KA5
RSK,-0.4825,44,KRSA,0.4504692387904067,2,AGC,RSK,RSK,RPS6KA6
RSK,-0.4825,44,KRSA,0.4504692387904067,2,AGC,RSK,P70,RPS6KB1
RSK,-0.4825,44,KRSA,0.4504692387904067,2,AGC,RSK,P70,RPS6KB2
CDK,-2.0233333333333334,4,KRSA,0.9509906152241918,4,CMGC,CDK,CDC2,CDK1
CDK,-2.0233333333333334,4,KRSA,0.9509906152241918,4,CMGC,CDK,CDK10,CDK10
CDK,-2.0233333333333334,4,KRSA,0.9509906152241918,4,CMGC,CDK,CRK7,CDK12
CDK,-2.0233333333333334,4,KRSA,0.9509906152241918,4,CMGC,CDK,CRK7,CDK13
CDK,-2.0233333333333334,4,KRSA,0.9509906152241918,4,CMGC,CDK,PFTAIRE,CDK14
CDK,-2.0233333333333334,4,KRSA,0.9509906152241918,4,CMGC,CDK,PFTAIRE,CDK15
CDK,-2.0233333333333334,4,KRSA,0.9509906152241918,4,CMGC,CDK,PCTAIRE,CDK16
CDK,-2.0233333333333334,4,KRSA,0.9509906152241918,4,CMGC,CDK,PCTAIRE,CDK17
CDK,-2.0233333333333334,4,KRSA,0.9509906152241918,4,CMGC,CDK,PCTAIRE,CDK18
CDK,-2.0233333333333334,4,KRSA,0.9509906152241918,4,CMGC,CDK,CDK8,CDK19
CDK,-2.0233333333333334,4,KRSA,0.9509906152241918,4,CMGC,CDK,CDC2,CDK2
CDK,-2.0233333333333334,4,KRSA,0.9509906152241918,4,CMGC,CDK,CCRK,CDK20
CDK,-2.0233333333333334,4,KRSA,0.9509906152241918,4,CMGC,CDK,CDC2,CDK3
CDK,-2.0233333333333334,4,KRSA,0.9509906152241918,4,CMGC,CDK,CDK4,CDK4
CDK,-2.0233333333333334,4,KRSA,0.9509906152241918,4,CMGC,CDK,CDK5,CDK5
CDK,-2.0233333333333334,4,KRSA,0.9509906152241918,4,CMGC,CDK,CDK4,CDK6
CDK,-2.0233333333333334,4,KRSA,0.9509906152241918,4,CMGC,CDK,CDK7,CDK7
CDK,-2.0233333333333334,4,KRSA,0.9509906152241918,4,CMGC,CDK,CDK8,CDK8
CDK,-2.0233333333333334,4,KRSA,0.9509906152241918,4,CMGC,CDK,CDK9,CDK9
CDK,-2.0233333333333334,4,KRSA,0.9509906152241918,4,NA,NA,NA,CDK11A
CDK,-2.0233333333333334,4,KRSA,0.9509906152241918,4,NA,NA,NA,CDK11B
RAD53,0.06666666666666665,75,KRSA,0.06256517205422316,1,CAMK,RAD53,RAD53,CHEK2
AMPK,-0.5875,35,KRSA,0.5630865484880083,3,CAMK,CAMKL,AMPK,PRKAA1
AMPK,-0.5875,35,KRSA,0.5630865484880083,3,CAMK,CAMKL,AMPK,PRKAA2
JNK,-1.6424999999999998,6,KRSA,0.9259645464025026,4,CMGC,MAPK,JNK,MAPK10
JNK,-1.6424999999999998,6,KRSA,0.9259645464025026,4,CMGC,MAPK,JNK,MAPK8
JNK,-1.6424999999999998,6,KRSA,0.9259645464025026,4,CMGC,MAPK,JNK,MAPK9
COT,0.7116666666666667,24,KRSA,0.7007299270072993,3,STE,STE-UNIQUE,STE-UNIQUE,MAP3K8
PRKDC,-0.63,32,KRSA,0.6006256517205423,3,ATYPICAL,PIKK,DNAPK,PRKDC
RIPK,-0.29500000000000004,64,KRSA,0.20020855057351408,1,TKL,RIPK,RIPK,ANKK1
RIPK,-0.29500000000000004,64,KRSA,0.20020855057351408,1,TKL,RIPK,RIPK,RIPK1
RIPK,-0.29500000000000004,64,KRSA,0.20020855057351408,1,TKL,RIPK,RIPK,RIPK2
RIPK,-0.29500000000000004,64,KRSA,0.20020855057351408,1,TKL,RIPK,RIPK,RIPK3
RIPK,-0.29500000000000004,64,KRSA,0.20020855057351408,1,TKL,RIPK,RIPK,RIPK4
PIM,-0.11499999999999998,71,KRSA,0.11261730969760167,1,CAMK,PIM,PIM,PIM1
PIM,-0.11499999999999998,71,KRSA,0.11261730969760167,1,CAMK,PIM,PIM,PIM2
PIM,-0.11499999999999998,71,KRSA,0.11261730969760167,1,CAMK,PIM,PIM,PIM3
NAK,0.28333333333333327,65,KRSA,0.18769551616266944,1,OTHER,NAK,BIKE,AAK1
NAK,0.28333333333333327,65,KRSA,0.18769551616266944,1,OTHER,NAK,BIKE,BMP2K
NAK,0.28333333333333327,65,KRSA,0.18769551616266944,1,OTHER,NAK,GAK,GAK
NAK,0.28333333333333327,65,KRSA,0.18769551616266944,1,OTHER,NAK,MPSK,STK16
IRAK,0.04833333333333334,76,KRSA,0.05005213764337852,1,TKL,IRAK,IRAK,IRAK1
IRAK,0.04833333333333334,76,KRSA,0.05005213764337852,1,TKL,IRAK,IRAK,IRAK2
IRAK,0.04833333333333334,76,KRSA,0.05005213764337852,1,TKL,IRAK,IRAK,IRAK3
IRAK,0.04833333333333334,76,KRSA,0.05005213764337852,1,TKL,IRAK,IRAK,IRAK4
SGK,-0.23916666666666664,67,KRSA,0.16266944734098018,1,AGC,SGK,SGK,SGK1
SGK,-0.23916666666666664,67,KRSA,0.16266944734098018,1,AGC,SGK,SGK,SGK2
SGK,-0.23916666666666664,67,KRSA,0.16266944734098018,1,AGC,SGK,SGK,SGK3
PAKA,-1.055,15,KRSA,0.8133472367049009,4,STE,STE20,PAKA,PAK1
PAKA,-1.055,15,KRSA,0.8133472367049009,4,STE,STE20,PAKA,PAK2
PAKA,-1.055,15,KRSA,0.8133472367049009,4,STE,STE20,PAKA,PAK3
DAPK,-0.5575,38,KRSA,0.5255474452554745,3,CAMK,DAPK,DAPK,DAPK1
DAPK,-0.5575,38,KRSA,0.5255474452554745,3,CAMK,DAPK,DAPK,DAPK2
DAPK,-0.5575,38,KRSA,0.5255474452554745,3,CAMK,DAPK,DAPK,DAPK3
DAPK,-0.5575,38,KRSA,0.5255474452554745,3,CAMK,DAPK,DRAK,STK17A
DAPK,-0.5575,38,KRSA,0.5255474452554745,3,CAMK,DAPK,DRAK,STK17B
RAF,-1.0108333333333333,17,KRSA,0.7883211678832117,4,TKL,RAF,RAF,ARAF
RAF,-1.0108333333333333,17,KRSA,0.7883211678832117,4,TKL,RAF,RAF,BRAF
RAF,-1.0108333333333333,17,KRSA,0.7883211678832117,4,TKL,RAF,KSR,KSR1
RAF,-1.0108333333333333,17,KRSA,0.7883211678832117,4,TKL,RAF,KSR,KSR2
RAF,-1.0108333333333333,17,KRSA,0.7883211678832117,4,TKL,RAF,RAF,RAF1
IKK,-1.1033333333333333,13,KRSA,0.8383733055265902,4,OTHER,IKK,IKK,CHUK
IKK,-1.1033333333333333,13,KRSA,0.8383733055265902,4,OTHER,IKK,IKK,IKBKB
IKK,-1.1033333333333333,13,KRSA,0.8383733055265902,4,OTHER,IKK,IKK,IKBKE
IKK,-1.1033333333333333,13,KRSA,0.8383733055265902,4,OTHER,IKK,IKK,TBK1
VRK1,-0.01916666666666661,77,KRSA,0.03753910323253389,1,CK1,VRK,VRK,VRK1
NDR,-0.5508333333333334,39,KRSA,0.5130344108446299,3,AGC,NDR,NDR,LATS1
NDR,-0.5508333333333334,39,KRSA,0.5130344108446299,3,AGC,NDR,NDR,LATS2
NDR,-0.5508333333333334,39,KRSA,0.5130344108446299,3,AGC,NDR,NDR,STK38
NDR,-0.5508333333333334,39,KRSA,0.5130344108446299,3,AGC,NDR,NDR,STK38L
CAMK2,0.585,36,KRSA,0.5505735140771637,3,CAMK,CAMK2,CAMK2,CAMK2A
CAMK2,0.585,36,KRSA,0.5505735140771637,3,CAMK,CAMK2,CAMK2,CAMK2B
CAMK2,0.585,36,KRSA,0.5505735140771637,3,CAMK,CAMK2,CAMK2,CAMK2D
CAMK2,0.585,36,KRSA,0.5505735140771637,3,CAMK,CAMK2,CAMK2,CAMK2G
GRK,-0.5425,40,KRSA,0.5005213764337852,3,AGC,GRK,GRK,GRK1
GRK,-0.5425,40,KRSA,0.5005213764337852,3,AGC,GRK,GRK,GRK4
GRK,-0.5425,40,KRSA,0.5005213764337852,3,AGC,GRK,GRK,GRK5
GRK,-0.5425,40,KRSA,0.5005213764337852,3,AGC,GRK,GRK,GRK6
GRK,-0.5425,40,KRSA,0.5005213764337852,3,AGC,GRK,GRK,GRK7
PKD,-0.3908333333333333,58,KRSA,0.27528675703858185,2,CAMK,PKD,PKD,PRKD1
PKD,-0.3908333333333333,58,KRSA,0.27528675703858185,2,CAMK,PKD,PKD,PRKD2
PKD,-0.3908333333333333,58,KRSA,0.27528675703858185,2,CAMK,PKD,PKD,PRKD3
ATM,-0.4133333333333334,56,KRSA,0.30031282586027114,2,ATYPICAL,PIKK,ATM,ATM
ATR,-0.4183333333333333,55,KRSA,0.31282586027111575,2,ATYPICAL,PIKK,ATR,ATR
NEK,0.15666666666666665,70,KRSA,0.1251303441084463,1,OTHER,NEK,NEK11,NEK11
NEK,0.15666666666666665,70,KRSA,0.1251303441084463,1,OTHER,NEK,NEK2,NEK2
NEK,0.15666666666666665,70,KRSA,0.1251303441084463,1,OTHER,NEK,NEK1,NEK3
NEK,0.15666666666666665,70,KRSA,0.1251303441084463,1,OTHER,NEK,NEK4,NEK4
NEK,0.15666666666666665,70,KRSA,0.1251303441084463,1,OTHER,NEK,NEK1,NEK5
NEK,0.15666666666666665,70,KRSA,0.1251303441084463,1,OTHER,NEK,NEK6,NEK6
NEK,0.15666666666666665,70,KRSA,0.1251303441084463,1,OTHER,NEK,NEK6,NEK7
NEK,0.15666666666666665,70,KRSA,0.1251303441084463,1,OTHER,NEK,NEK8,NEK8
NEK,0.15666666666666665,70,KRSA,0.1251303441084463,1,OTHER,NEK,NEK8,NEK9
MELK,-0.10750000000000004,72,KRSA,0.10010427528675704,1,CAMK,CAMKL,MELK,MELK
BARK2,-0.3933333333333333,57,KRSA,0.28779979144942647,2,AGC,GRK,BARK,GRK3
PKA,-0.01000000000000004,79,KRSA,0.01251303441084463,1,AGC,PKA,PKA,PRKACA
PKA,-0.01000000000000004,79,KRSA,0.01251303441084463,1,AGC,PKA,PKA,PRKACB
PKA,-0.01000000000000004,79,KRSA,0.01251303441084463,1,AGC,PKA,PKA,PRKACG
PKA,-0.01000000000000004,79,KRSA,0.01251303441084463,1,AGC,PKA,PKA,PRKX
PKA,-0.01000000000000004,79,KRSA,0.01251303441084463,1,AGC,PKA,PKA,PRKY
AKT,-1.0258333333333334,16,KRSA,0.8008342022940563,4,AGC,AKT,AKT,AKT1
AKT,-1.0258333333333334,16,KRSA,0.8008342022940563,4,AGC,AKT,AKT,AKT2
AKT,-1.0258333333333334,16,KRSA,0.8008342022940563,4,AGC,AKT,AKT,AKT3
PLK,-0.9308333333333332,21,KRSA,0.7382690302398331,3,NA,NA,NA,PLK5
PLK,-0.9308333333333332,21,KRSA,0.7382690302398331,3,OTHER,PLK,PLK1,PLK1
PLK,-0.9308333333333332,21,KRSA,0.7382690302398331,3,OTHER,PLK,PLK2,PLK2
PLK,-0.9308333333333332,21,KRSA,0.7382690302398331,3,OTHER,PLK,PLK2,PLK3
PLK,-0.9308333333333332,21,KRSA,0.7382690302398331,3,OTHER,PLK,SAK,PLK4
TLK,-0.6816666666666666,27,KRSA,0.6631908237747653,3,OTHER,TLK,TLK,TLK1
TLK,-0.6816666666666666,27,KRSA,0.6631908237747653,3,OTHER,TLK,TLK,TLK2
NUAK,-0.6825,26,KRSA,0.67570385818561,3,CAMK,CAMKL,NUAK,NUAK1
NUAK,-0.6825,26,KRSA,0.67570385818561,3,CAMK,CAMKL,NUAK,NUAK2
NMO,-1.3083333333333331,11,KRSA,0.8633993743482794,4,CMGC,MAPK,NMO,NLK
PKN,-0.5641666666666667,37,KRSA,0.5380604796663191,3,AGC,PKN,PKN,PKN1
PKN,-0.5641666666666667,37,KRSA,0.5380604796663191,3,AGC,PKN,PKN,PKN2
PKN,-0.5641666666666667,37,KRSA,0.5380604796663191,3,AGC,PKN,PKN,PKN3
PAKB,-0.30833333333333335,63,KRSA,0.2127215849843587,1,STE,STE20,PAKB,PAK4
PAKB,-0.30833333333333335,63,KRSA,0.2127215849843587,1,STE,STE20,PAKB,PAK5
PAKB,-0.30833333333333335,63,KRSA,0.2127215849843587,1,STE,STE20,PAKB,PAK6
PKCI,-0.4616666666666666,52,KRSA,0.35036496350364965,2,AGC,PKC,IOTA,PRKCI
PKCI,-0.4616666666666666,52,KRSA,0.35036496350364965,2,AGC,PKC,IOTA,PRKCZ
MLK,-0.6124999999999999,33,KRSA,0.5881126173096975,3,TKL,MLK,ILK,ILK
MLK,-0.6124999999999999,33,KRSA,0.5881126173096975,3,TKL,MLK,MLK,MAP3K10
MLK,-0.6124999999999999,33,KRSA,0.5881126173096975,3,TKL,MLK,MLK,MAP3K11
MLK,-0.6124999999999999,33,KRSA,0.5881126173096975,3,TKL,MLK,LZK,MAP3K12
MLK,-0.6124999999999999,33,KRSA,0.5881126173096975,3,TKL,MLK,LZK,MAP3K13
MLK,-0.6124999999999999,33,KRSA,0.5881126173096975,3,TKL,MLK,MLK,MAP3K9
MLK,-0.6124999999999999,33,KRSA,0.5881126173096975,3,TKL,MLK,HH498,TNNI3K
HAL,0.33249999999999996,61,KRSA,0.23774765380604795,1,RGC,RGC,RGC,NPR1
TTK,-0.6766666666666666,29,KRSA,0.6381647549530761,3,OTHER,TTK,TTK,TTK
ERK,-1.3383333333333334,10,KRSA,0.8759124087591241,4,CMGC,MAPK,ERK1,MAPK1
ERK,-1.3383333333333334,10,KRSA,0.8759124087591241,4,CMGC,MAPK,ERK7,MAPK15
ERK,-1.3383333333333334,10,KRSA,0.8759124087591241,4,CMGC,MAPK,ERK1,MAPK3
ERK,-1.3383333333333334,10,KRSA,0.8759124087591241,4,CMGC,MAPK,ERK3,MAPK4
ERK,-1.3383333333333334,10,KRSA,0.8759124087591241,4,CMGC,MAPK,ERK3,MAPK6
ERK,-1.3383333333333334,10,KRSA,0.8759124087591241,4,CMGC,MAPK,ERK5,MAPK7
AUR,0.005,80,KRSA,0,1,OTHER,AUR,AUR,AURKA
AUR,0.005,80,KRSA,0,1,OTHER,AUR,AUR,AURKB
AUR,0.005,80,KRSA,0,1,OTHER,AUR,AUR,AURKC
MSN,0.5966666666666667,34,KRSA,0.5755995828988529,3,STE,STE20,MSN,MAP4K4
MSN,0.5966666666666667,34,KRSA,0.5755995828988529,3,STE,STE20,MSN,NRK
MSN,0.5966666666666667,34,KRSA,0.5755995828988529,3,STE,STE20,MSN,TNIK
CAMK1,0.1783333333333333,69,KRSA,0.13764337851929093,1,CAMK,CAMK1,CAMK1,CAMK1
CAMK1,0.1783333333333333,69,KRSA,0.13764337851929093,1,CAMK,CAMK1,CAMK1,CAMK1D
CAMK1,0.1783333333333333,69,KRSA,0.13764337851929093,1,CAMK,CAMK1,CAMK1,CAMK1G
CAMK1,0.1783333333333333,69,KRSA,0.13764337851929093,1,CAMK,CAMK1,CAMK1,CAMK4
CAMK1,0.1783333333333333,69,KRSA,0.13764337851929093,1,CAMK,CAMK1,CAMK1,PNCK
GSK,-0.3416666666666667,60,KRSA,0.2502606882168926,2,CMGC,GSK,GSK,GSK3A
GSK,-0.3416666666666667,60,KRSA,0.2502606882168926,2,CMGC,GSK,GSK,GSK3B
STE7,-0.645,31,KRSA,0.6131386861313869,3,STE,STE7,MEK1,MAP2K1
STE7,-0.645,31,KRSA,0.6131386861313869,3,STE,STE7,MEK1,MAP2K2
STE7,-0.645,31,KRSA,0.6131386861313869,3,STE,STE7,MEK3,MAP2K3
STE7,-0.645,31,KRSA,0.6131386861313869,3,STE,STE7,MEK4,MAP2K4
STE7,-0.645,31,KRSA,0.6131386861313869,3,STE,STE7,MEK5,MAP2K5
STE7,-0.645,31,KRSA,0.6131386861313869,3,STE,STE7,MEK3,MAP2K6
STE7,-0.645,31,KRSA,0.6131386861313869,3,STE,STE7,MEK7,MAP2K7
BRSK,0.4533333333333333,53,KRSA,0.337851929092805,2,CAMK,CAMKL,BRSK,BRSK1
BRSK,0.4533333333333333,53,KRSA,0.337851929092805,2,CAMK,CAMKL,BRSK,BRSK2
NIK,-0.48583333333333334,42,KRSA,0.4754953076120959,2,STE,STE-UNIQUE,STE-UNIQUE,MAP3K14
ULK,-0.485,43,KRSA,0.4629822732012513,2,OTHER,ULK,FUSED,STK36
ULK,-0.485,43,KRSA,0.4629822732012513,2,OTHER,ULK,ULK,ULK1
ULK,-0.485,43,KRSA,0.4629822732012513,2,OTHER,ULK,ULK,ULK2
ULK,-0.485,43,KRSA,0.4629822732012513,2,OTHER,ULK,ULK,ULK3
ULK,-0.485,43,KRSA,0.4629822732012513,2,OTHER,ULK,ULK,ULK4
MOS,0.9475,19,KRSA,0.7632950990615224,4,OTHER,MOS,MOS,MOS
KHS,-0.31583333333333335,62,KRSA,0.22523461939520334,1,STE,STE20,KHS,MAP4K1
KHS,-0.31583333333333335,62,KRSA,0.22523461939520334,1,STE,STE20,KHS,MAP4K2
KHS,-0.31583333333333335,62,KRSA,0.22523461939520334,1,STE,STE20,KHS,MAP4K3
KHS,-0.31583333333333335,62,KRSA,0.22523461939520334,1,STE,STE20,KHS,MAP4K5
WNK,-0.47833333333333333,46,KRSA,0.4254431699687174,2,OTHER,WNK,WNK,WNK1
WNK,-0.47833333333333333,46,KRSA,0.4254431699687174,2,OTHER,WNK,WNK,WNK2
WNK,-0.47833333333333333,46,KRSA,0.4254431699687174,2,OTHER,WNK,WNK,WNK3
WNK,-0.47833333333333333,46,KRSA,0.4254431699687174,2,OTHER,WNK,WNK,WNK4
PASK,-0.47,51,KRSA,0.36287799791449427,2,CAMK,CAMKL,PASK,PASK
CAMKK,-0.4766666666666667,48,KRSA,0.40041710114702816,2,OTHER,CAMKK,META,CAMKK1
CAMKK,-0.4766666666666667,48,KRSA,0.40041710114702816,2,OTHER,CAMKK,META,CAMKK2
CLK,-0.4733333333333334,49,KRSA,0.38790406673618355,2,CMGC,CLK,CLK,CLK1
CLK,-0.4733333333333334,49,KRSA,0.38790406673618355,2,CMGC,CLK,CLK,CLK2
CLK,-0.4733333333333334,49,KRSA,0.38790406673618355,2,CMGC,CLK,CLK,CLK3
CLK,-0.4733333333333334,49,KRSA,0.38790406673618355,2,CMGC,CLK,CLK,CLK4
TAO,0.7341666666666667,23,KRSA,0.7132429614181439,3,STE,STE20,TAO,TAOK1
TAO,0.7341666666666667,23,KRSA,0.7132429614181439,3,STE,STE20,TAO,TAOK2
TAO,0.7341666666666667,23,KRSA,0.7132429614181439,3,STE,STE20,TAO,TAOK3
STE11,-0.42166666666666675,54,KRSA,0.32533889468196037,2,TKL,MLK,TAK1,MAP3K7
STE11,-0.42166666666666675,54,KRSA,0.32533889468196037,2,STE,STE11,MEKK1,MAP3K1
STE11,-0.42166666666666675,54,KRSA,0.32533889468196037,2,STE,STE11,ASK,MAP3K15
STE11,-0.42166666666666675,54,KRSA,0.32533889468196037,2,STE,STE11,MEKK2,MAP3K2
STE11,-0.42166666666666675,54,KRSA,0.32533889468196037,2,STE,STE11,MEKK2,MAP3K3
STE11,-0.42166666666666675,54,KRSA,0.32533889468196037,2,STE,STE11,MEKK4,MAP3K4
STE11,-0.42166666666666675,54,KRSA,0.32533889468196037,2,STE,STE11,ASK,MAP3K5
STE11,-0.42166666666666675,54,KRSA,0.32533889468196037,2,STE,STE11,ASK,MAP3K6
BUD32,-0.4816666666666667,45,KRSA,0.43795620437956206,2,OTHER,BUD32,BUD32,TP53RK
PKCH,0.8966666666666667,22,KRSA,0.7257559958289885,3,AGC,PKC,ETA,PRKCE
PKCH,0.8966666666666667,22,KRSA,0.7257559958289885,3,AGC,PKC,ETA,PRKCH
PDK1,-0.9783333333333332,18,KRSA,0.7758081334723671,4,ATYPICAL,PDHK,PDHK,PDK1
PDK1,-0.9783333333333332,18,KRSA,0.7758081334723671,4,AGC,PDK1,PDK1,PDPK1
MLCK,0.4783333333333333,47,KRSA,0.4129301355578728,2,CAMK,MLCK,MLCK,MYLK
MLCK,0.4783333333333333,47,KRSA,0.4129301355578728,2,CAMK,MLCK,MLCK,MYLK2
MLCK,0.4783333333333333,47,KRSA,0.4129301355578728,2,CAMK,MLCK,MLCK,TTN
PKG,0.07750000000000005,73,KRSA,0.08759124087591241,1,AGC,PKG,PKG,PRKG1
PKG,0.07750000000000005,73,KRSA,0.08759124087591241,1,AGC,PKG,PKG,PRKG2
CK2,-0.6583333333333333,30,KRSA,0.6256517205422315,3,CMGC,CK2,CK2,CSNK2A1
CK2,-0.6583333333333333,30,KRSA,0.6256517205422315,3,CMGC,CK2,CK2,CSNK2A2
CK2,-0.6583333333333333,30,KRSA,0.6256517205422315,3,NA,NA,NA,CSNK2A3
LKB,-0.47166666666666673,50,KRSA,0.3753910323253389,2,CAMK,CAMKL,LKB,STK11
DYRK,-0.9416666666666668,20,KRSA,0.7507820646506778,4,CMGC,DYRK,DYRK1,DYRK1A
DYRK,-0.9416666666666668,20,KRSA,0.7507820646506778,4,CMGC,DYRK,DYRK1,DYRK1B
DYRK,-0.9416666666666668,20,KRSA,0.7507820646506778,4,CMGC,DYRK,DYRK2,DYRK2
DYRK,-0.9416666666666668,20,KRSA,0.7507820646506778,4,CMGC,DYRK,DYRK2,DYRK3
DYRK,-0.9416666666666668,20,KRSA,0.7507820646506778,4,CMGC,DYRK,DYRK2,DYRK4
DYRK,-0.9416666666666668,20,KRSA,0.7507820646506778,4,CMGC,DYRK,HIPK,HIPK1
DYRK,-0.9416666666666668,20,KRSA,0.7507820646506778,4,CMGC,DYRK,HIPK,HIPK2
DYRK,-0.9416666666666668,20,KRSA,0.7507820646506778,4,CMGC,DYRK,HIPK,HIPK3
DYRK,-0.9416666666666668,20,KRSA,0.7507820646506778,4,CMGC,DYRK,HIPK,HIPK4
DYRK,-0.9416666666666668,20,KRSA,0.7507820646506778,4,CMGC,DYRK,PRP4,PRPF4B
STKR,-0.22583333333333336,68,KRSA,0.15015641293013557,1,TKL,STKR,TYPE1,ACVR1
STKR,-0.22583333333333336,68,KRSA,0.15015641293013557,1,TKL,STKR,TYPE1,ACVR1B
STKR,-0.22583333333333336,68,KRSA,0.15015641293013557,1,TKL,STKR,TYPE1,ACVR1C
STKR,-0.22583333333333336,68,KRSA,0.15015641293013557,1,TKL,STKR,TYPE2,ACVR2A
STKR,-0.22583333333333336,68,KRSA,0.15015641293013557,1,TKL,STKR,TYPE2,ACVR2B
STKR,-0.22583333333333336,68,KRSA,0.15015641293013557,1,TKL,STKR,TYPE1,ACVRL1
STKR,-0.22583333333333336,68,KRSA,0.15015641293013557,1,TKL,STKR,TYPE2,AMHR2
STKR,-0.22583333333333336,68,KRSA,0.15015641293013557,1,TKL,STKR,TYPE1,BMPR1A
STKR,-0.22583333333333336,68,KRSA,0.15015641293013557,1,TKL,STKR,TYPE1,BMPR1B
STKR,-0.22583333333333336,68,KRSA,0.15015641293013557,1,TKL,STKR,TYPE2,BMPR2
STKR,-0.22583333333333336,68,KRSA,0.15015641293013557,1,TKL,STKR,TYPE1,TGFBR1
STKR,-0.22583333333333336,68,KRSA,0.15015641293013557,1,TKL,STKR,TYPE2,TGFBR2
MTOR,-0.6791666666666667,28,KRSA,0.6506777893639207,3,ATYPICAL,PIKK,FRAP,MTOR
MST,0.075,74,KRSA,0.07507820646506778,1,STE,STE20,MST,STK3
MST,0.075,74,KRSA,0.07507820646506778,1,STE,STE20,MST,STK4
PKCD,0.3566666666666667,59,KRSA,0.26277372262773724,2,AGC,PKC,DELTA,PRKCD
PKCD,0.3566666666666667,59,KRSA,0.26277372262773724,2,AGC,PKC,DELTA,PRKCQ
CHK1,0.01583333333333333,78,KRSA,0.02502606882168926,1,CAMK,CAMKL,CHK1,CHEK1
PKCA,-2.94,1,KRSA,0.9885297184567258,4,AGC,PKC,ALPHA,PRKCA
PKCA,-2.94,1,KRSA,0.9885297184567258,4,AGC,PKC,ALPHA,PRKCB
PKCA,-2.94,1,KRSA,0.9885297184567258,4,AGC,PKC,ALPHA,PRKCG
NAK,0.28333333333333327,65,KRSA,0.18769551616266944,1,OTHER,NAK,BIKE,AAK1
NAK,0.28333333333333327,65,KRSA,0.18769551616266944,1,OTHER,NAK,BIKE,BMP2K
NAK,0.28333333333333327,65,KRSA,0.18769551616266944,1,OTHER,NAK,GAK,GAK
NAK,0.28333333333333327,65,KRSA,0.18769551616266944,1,OTHER,NAK,MPSK,STK16
IRAK,0.04833333333333334,76,KRSA,0.05005213764337852,1,TKL,IRAK,IRAK,IRAK1
IRAK,0.04833333333333334,76,KRSA,0.05005213764337852,1,TKL,IRAK,IRAK,IRAK2
IRAK,0.04833333333333334,76,KRSA,0.05005213764337852,1,TKL,IRAK,IRAK,IRAK3
IRAK,0.04833333333333334,76,KRSA,0.05005213764337852,1,TKL,IRAK,IRAK,IRAK4
PHK,-2.26,2,KRSA,0.9760166840458812,4,CAMK,PHK,PHK,PHKG1
PHK,-2.26,2,KRSA,0.9760166840458812,4,CAMK,PHK,PHK,PHKG2
CAMK2,0.585,36,KRSA,0.5505735140771637,3,CAMK,CAMK2,CAMK2,CAMK2A
CAMK2,0.585,36,KRSA,0.5505735140771637,3,CAMK,CAMK2,CAMK2,CAMK2B
CAMK2,0.585,36,KRSA,0.5505735140771637,3,CAMK,CAMK2,CAMK2,CAMK2D
CAMK2,0.585,36,KRSA,0.5505735140771637,3,CAMK,CAMK2,CAMK2,CAMK2G
LKB,-0.47166666666666673,50,KRSA,0.3753910323253389,2,CAMK,CAMKL,LKB,STK11
RSK,-0.4825,44,KRSA,0.4504692387904067,2,AGC,RSK,RSK,RPS6KA1
RSK,-0.4825,44,KRSA,0.4504692387904067,2,AGC,RSK,RSK,RPS6KA2
RSK,-0.4825,44,KRSA,0.4504692387904067,2,AGC,RSK,RSK,RPS6KA3
RSK,-0.4825,44,KRSA,0.4504692387904067,2,AGC,RSK,MSK,RPS6KA4
RSK,-0.4825,44,KRSA,0.4504692387904067,2,AGC,RSK,MSK,RPS6KA5
RSK,-0.4825,44,KRSA,0.4504692387904067,2,AGC,RSK,RSK,RPS6KA6
RSK,-0.4825,44,KRSA,0.4504692387904067,2,AGC,RSK,P70,RPS6KB1
RSK,-0.4825,44,KRSA,0.4504692387904067,2,AGC,RSK,P70,RPS6KB2
MAPKAPK,-0.6891666666666667,25,KRSA,0.6882168925964547,3,CAMK,MAPKAPK,MAPKAPK,MAPKAPK2
MAPKAPK,-0.6891666666666667,25,KRSA,0.6882168925964547,3,CAMK,MAPKAPK,MAPKAPK,MAPKAPK3
MAPKAPK,-0.6891666666666667,25,KRSA,0.6882168925964547,3,CAMK,MAPKAPK,MAPKAPK,MAPKAPK5
MAPKAPK,-0.6891666666666667,25,KRSA,0.6882168925964547,3,CAMK,MAPKAPK,MNK,MKNK1
MAPKAPK,-0.6891666666666667,25,KRSA,0.6882168925964547,3,CAMK,MAPKAPK,MNK,MKNK2
PEK,-2.171666666666667,3,KRSA,0.9635036496350365,4,OTHER,PEK,HRI,EIF2AK1
PEK,-2.171666666666667,3,KRSA,0.9635036496350365,4,OTHER,PEK,PKR,EIF2AK2
PEK,-2.171666666666667,3,KRSA,0.9635036496350365,4,OTHER,PEK,PEK,EIF2AK3
PEK,-2.171666666666667,3,KRSA,0.9635036496350365,4,OTHER,PEK,GCN2,EIF2AK4
PKCD,0.3566666666666667,59,KRSA,0.26277372262773724,2,AGC,PKC,DELTA,PRKCD
PKCD,0.3566666666666667,59,KRSA,0.26277372262773724,2,AGC,PKC,DELTA,PRKCQ
RAF,-1.0108333333333333,17,KRSA,0.7883211678832117,4,TKL,RAF,RAF,ARAF
RAF,-1.0108333333333333,17,KRSA,0.7883211678832117,4,TKL,RAF,RAF,BRAF
RAF,-1.0108333333333333,17,KRSA,0.7883211678832117,4,TKL,RAF,KSR,KSR1
RAF,-1.0108333333333333,17,KRSA,0.7883211678832117,4,TKL,RAF,KSR,KSR2
RAF,-1.0108333333333333,17,KRSA,0.7883211678832117,4,TKL,RAF,RAF,RAF1
STE7,-0.645,31,KRSA,0.6131386861313869,3,STE,STE7,MEK1,MAP2K1
STE7,-0.645,31,KRSA,0.6131386861313869,3,STE,STE7,MEK1,MAP2K2
STE7,-0.645,31,KRSA,0.6131386861313869,3,STE,STE7,MEK3,MAP2K3
STE7,-0.645,31,KRSA,0.6131386861313869,3,STE,STE7,MEK4,MAP2K4
STE7,-0.645,31,KRSA,0.6131386861313869,3,STE,STE7,MEK5,MAP2K5
STE7,-0.645,31,KRSA,0.6131386861313869,3,STE,STE7,MEK3,MAP2K6
STE7,-0.645,31,KRSA,0.6131386861313869,3,STE,STE7,MEK7,MAP2K7
DMPK,-1.3725,8,KRSA,0.9009384775808134,4,AGC,DMPK,GEK,CDC42BPA
DMPK,-1.3725,8,KRSA,0.9009384775808134,4,AGC,DMPK,GEK,CDC42BPB
DMPK,-1.3725,8,KRSA,0.9009384775808134,4,AGC,DMPK,GEK,CDC42BPG
DMPK,-1.3725,8,KRSA,0.9009384775808134,4,AGC,DMPK,CRIK,CIT
DMPK,-1.3725,8,KRSA,0.9009384775808134,4,AGC,DMPK,GEK,DMPK
DMPK,-1.3725,8,KRSA,0.9009384775808134,4,AGC,DMPK,ROCK,ROCK1
DMPK,-1.3725,8,KRSA,0.9009384775808134,4,AGC,DMPK,ROCK,ROCK2
FRAY,-1.2325,12,KRSA,0.8508863399374348,4,STE,STE20,FRAY,OXSR1
FRAY,-1.2325,12,KRSA,0.8508863399374348,4,STE,STE20,FRAY,STK39
MLCK,0.4783333333333333,47,KRSA,0.4129301355578728,2,CAMK,MLCK,MLCK,MYLK
MLCK,0.4783333333333333,47,KRSA,0.4129301355578728,2,CAMK,MLCK,MLCK,MYLK2
MLCK,0.4783333333333333,47,KRSA,0.4129301355578728,2,CAMK,MLCK,MLCK,TTN
MST,0.075,74,KRSA,0.07507820646506778,1,STE,STE20,MST,STK3
MST,0.075,74,KRSA,0.07507820646506778,1,STE,STE20,MST,STK4
AKT,-1.0258333333333334,16,KRSA,0.8008342022940563,4,AGC,AKT,AKT,AKT1
AKT,-1.0258333333333334,16,KRSA,0.8008342022940563,4,AGC,AKT,AKT,AKT2
AKT,-1.0258333333333334,16,KRSA,0.8008342022940563,4,AGC,AKT,AKT,AKT3
CK1,-1.0816666666666668,14,KRSA,0.8258602711157456,4,CK1,CK1,CK1-A,CSNK1A1
CK1,-1.0816666666666668,14,KRSA,0.8258602711157456,4,CK1,CK1,CK1-A,CSNK1A1L
CK1,-1.0816666666666668,14,KRSA,0.8258602711157456,4,CK1,CK1,CK1-D,CSNK1D
CK1,-1.0816666666666668,14,KRSA,0.8258602711157456,4,CK1,CK1,CK1-D,CSNK1E
CK1,-1.0816666666666668,14,KRSA,0.8258602711157456,4,CK1,CK1,CK1-G,CSNK1G1
CK1,-1.0816666666666668,14,KRSA,0.8258602711157456,4,CK1,CK1,CK1-G,CSNK1G2
CK1,-1.0816666666666668,14,KRSA,0.8258602711157456,4,CK1,CK1,CK1-G,CSNK1G3
CK1,-1.0816666666666668,14,KRSA,0.8258602711157456,4,CK1,TTBK,TTBK,TTBK1
CK1,-1.0816666666666668,14,KRSA,0.8258602711157456,4,CK1,TTBK,TTBK,TTBK2
CK1,-1.0816666666666668,14,KRSA,0.8258602711157456,4,CK1,VRK,VRK,VRK3
CDK,-2.0233333333333334,4,KRSA,0.9509906152241918,4,CMGC,CDK,CDC2,CDK1
CDK,-2.0233333333333334,4,KRSA,0.9509906152241918,4,CMGC,CDK,CDK10,CDK10
CDK,-2.0233333333333334,4,KRSA,0.9509906152241918,4,CMGC,CDK,CRK7,CDK12
CDK,-2.0233333333333334,4,KRSA,0.9509906152241918,4,CMGC,CDK,CRK7,CDK13
CDK,-2.0233333333333334,4,KRSA,0.9509906152241918,4,CMGC,CDK,PFTAIRE,CDK14
CDK,-2.0233333333333334,4,KRSA,0.9509906152241918,4,CMGC,CDK,PFTAIRE,CDK15
CDK,-2.0233333333333334,4,KRSA,0.9509906152241918,4,CMGC,CDK,PCTAIRE,CDK16
CDK,-2.0233333333333334,4,KRSA,0.9509906152241918,4,CMGC,CDK,PCTAIRE,CDK17
CDK,-2.0233333333333334,4,KRSA,0.9509906152241918,4,CMGC,CDK,PCTAIRE,CDK18
CDK,-2.0233333333333334,4,KRSA,0.9509906152241918,4,CMGC,CDK,CDK8,CDK19
CDK,-2.0233333333333334,4,KRSA,0.9509906152241918,4,CMGC,CDK,CDC2,CDK2
CDK,-2.0233333333333334,4,KRSA,0.9509906152241918,4,CMGC,CDK,CCRK,CDK20
CDK,-2.0233333333333334,4,KRSA,0.9509906152241918,4,CMGC,CDK,CDC2,CDK3
CDK,-2.0233333333333334,4,KRSA,0.9509906152241918,4,CMGC,CDK,CDK4,CDK4
CDK,-2.0233333333333334,4,KRSA,0.9509906152241918,4,CMGC,CDK,CDK5,CDK5
CDK,-2.0233333333333334,4,KRSA,0.9509906152241918,4,CMGC,CDK,CDK4,CDK6
CDK,-2.0233333333333334,4,KRSA,0.9509906152241918,4,CMGC,CDK,CDK7,CDK7
CDK,-2.0233333333333334,4,KRSA,0.9509906152241918,4,CMGC,CDK,CDK8,CDK8
CDK,-2.0233333333333334,4,KRSA,0.9509906152241918,4,CMGC,CDK,CDK9,CDK9
CDK,-2.0233333333333334,4,KRSA,0.9509906152241918,4,NA,NA,NA,CDK11A
CDK,-2.0233333333333334,4,KRSA,0.9509906152241918,4,NA,NA,NA,CDK11B
PKCH,0.8966666666666667,22,KRSA,0.7257559958289885,3,AGC,PKC,ETA,PRKCE
PKCH,0.8966666666666667,22,KRSA,0.7257559958289885,3,AGC,PKC,ETA,PRKCH
QIK,-1.765,5,KRSA,0.9384775808133472,4,CAMK,CAMKL,QIK,SIK1
QIK,-1.765,5,KRSA,0.9384775808133472,4,CAMK,CAMKL,QIK,SIK2
ATR,-0.4183333333333333,55,KRSA,0.31282586027111575,2,ATYPICAL,PIKK,ATR,ATR
IKK,-1.1033333333333333,13,KRSA,0.8383733055265902,4,OTHER,IKK,IKK,CHUK
IKK,-1.1033333333333333,13,KRSA,0.8383733055265902,4,OTHER,IKK,IKK,IKBKB
IKK,-1.1033333333333333,13,KRSA,0.8383733055265902,4,OTHER,IKK,IKK,IKBKE
IKK,-1.1033333333333333,13,KRSA,0.8383733055265902,4,OTHER,IKK,IKK,TBK1
P38,-1.5008333333333332,7,KRSA,0.913451511991658,4,CMGC,MAPK,P38,MAPK11
P38,-1.5008333333333332,7,KRSA,0.913451511991658,4,CMGC,MAPK,P38,MAPK12
P38,-1.5008333333333332,7,KRSA,0.913451511991658,4,CMGC,MAPK,P38,MAPK13
P38,-1.5008333333333332,7,KRSA,0.913451511991658,4,CMGC,MAPK,P38,MAPK14
PRKDC,-0.63,32,KRSA,0.6006256517205423,3,ATYPICAL,PIKK,DNAPK,PRKDC
PKCI,-0.4616666666666666,52,KRSA,0.35036496350364965,2,AGC,PKC,IOTA,PRKCI
PKCI,-0.4616666666666666,52,KRSA,0.35036496350364965,2,AGC,PKC,IOTA,PRKCZ
PAKA,-1.055,15,KRSA,0.8133472367049009,4,STE,STE20,PAKA,PAK1
PAKA,-1.055,15,KRSA,0.8133472367049009,4,STE,STE20,PAKA,PAK2
PAKA,-1.055,15,KRSA,0.8133472367049009,4,STE,STE20,PAKA,PAK3
RAD53,0.06666666666666665,75,KRSA,0.06256517205422316,1,CAMK,RAD53,RAD53,CHEK2
STKR,-0.22583333333333336,68,KRSA,0.15015641293013557,1,TKL,STKR,TYPE1,ACVR1
STKR,-0.22583333333333336,68,KRSA,0.15015641293013557,1,TKL,STKR,TYPE1,ACVR1B
STKR,-0.22583333333333336,68,KRSA,0.15015641293013557,1,TKL,STKR,TYPE1,ACVR1C
STKR,-0.22583333333333336,68,KRSA,0.15015641293013557,1,TKL,STKR,TYPE2,ACVR2A
STKR,-0.22583333333333336,68,KRSA,0.15015641293013557,1,TKL,STKR,TYPE2,ACVR2B
STKR,-0.22583333333333336,68,KRSA,0.15015641293013557,1,TKL,STKR,TYPE1,ACVRL1
STKR,-0.22583333333333336,68,KRSA,0.15015641293013557,1,TKL,STKR,TYPE2,AMHR2
STKR,-0.22583333333333336,68,KRSA,0.15015641293013557,1,TKL,STKR,TYPE1,BMPR1A
STKR,-0.22583333333333336,68,KRSA,0.15015641293013557,1,TKL,STKR,TYPE1,BMPR1B
STKR,-0.22583333333333336,68,KRSA,0.15015641293013557,1,TKL,STKR,TYPE2,BMPR2
STKR,-0.22583333333333336,68,KRSA,0.15015641293013557,1,TKL,STKR,TYPE1,TGFBR1
STKR,-0.22583333333333336,68,KRSA,0.15015641293013557,1,TKL,STKR,TYPE2,TGFBR2
MLK,-0.6124999999999999,33,KRSA,0.5881126173096975,3,TKL,MLK,ILK,ILK
MLK,-0.6124999999999999,33,KRSA,0.5881126173096975,3,TKL,MLK,MLK,MAP3K10
MLK,-0.6124999999999999,33,KRSA,0.5881126173096975,3,TKL,MLK,MLK,MAP3K11
MLK,-0.6124999999999999,33,KRSA,0.5881126173096975,3,TKL,MLK,LZK,MAP3K12
MLK,-0.6124999999999999,33,KRSA,0.5881126173096975,3,TKL,MLK,LZK,MAP3K13
MLK,-0.6124999999999999,33,KRSA,0.5881126173096975,3,TKL,MLK,MLK,MAP3K9
MLK,-0.6124999999999999,33,KRSA,0.5881126173096975,3,TKL,MLK,HH498,TNNI3K
JNK,-1.6424999999999998,6,KRSA,0.9259645464025026,4,CMGC,MAPK,JNK,MAPK10
JNK,-1.6424999999999998,6,KRSA,0.9259645464025026,4,CMGC,MAPK,JNK,MAPK8
JNK,-1.6424999999999998,6,KRSA,0.9259645464025026,4,CMGC,MAPK,JNK,MAPK9
PKG,0.07750000000000005,73,KRSA,0.08759124087591241,1,AGC,PKG,PKG,PRKG1
PKG,0.07750000000000005,73,KRSA,0.08759124087591241,1,AGC,PKG,PKG,PRKG2
CK2,-0.6583333333333333,30,KRSA,0.6256517205422315,3,CMGC,CK2,CK2,CSNK2A1
CK2,-0.6583333333333333,30,KRSA,0.6256517205422315,3,CMGC,CK2,CK2,CSNK2A2
CK2,-0.6583333333333333,30,KRSA,0.6256517205422315,3,NA,NA,NA,CSNK2A3
PLK,-0.9308333333333332,21,KRSA,0.7382690302398331,3,NA,NA,NA,PLK5
PLK,-0.9308333333333332,21,KRSA,0.7382690302398331,3,OTHER,PLK,PLK1,PLK1
PLK,-0.9308333333333332,21,KRSA,0.7382690302398331,3,OTHER,PLK,PLK2,PLK2
PLK,-0.9308333333333332,21,KRSA,0.7382690302398331,3,OTHER,PLK,PLK2,PLK3
PLK,-0.9308333333333332,21,KRSA,0.7382690302398331,3,OTHER,PLK,SAK,PLK4
GSK,-0.3416666666666667,60,KRSA,0.2502606882168926,2,CMGC,GSK,GSK,GSK3A
GSK,-0.3416666666666667,60,KRSA,0.2502606882168926,2,CMGC,GSK,GSK,GSK3B
CAMK1,0.1783333333333333,69,KRSA,0.13764337851929093,1,CAMK,CAMK1,CAMK1,CAMK1
CAMK1,0.1783333333333333,69,KRSA,0.13764337851929093,1,CAMK,CAMK1,CAMK1,CAMK1D
CAMK1,0.1783333333333333,69,KRSA,0.13764337851929093,1,CAMK,CAMK1,CAMK1,CAMK1G
CAMK1,0.1783333333333333,69,KRSA,0.13764337851929093,1,CAMK,CAMK1,CAMK1,CAMK4
CAMK1,0.1783333333333333,69,KRSA,0.13764337851929093,1,CAMK,CAMK1,CAMK1,PNCK
NDR,-0.5508333333333334,39,KRSA,0.5130344108446299,3,AGC,NDR,NDR,LATS1
NDR,-0.5508333333333334,39,KRSA,0.5130344108446299,3,AGC,NDR,NDR,LATS2
NDR,-0.5508333333333334,39,KRSA,0.5130344108446299,3,AGC,NDR,NDR,STK38
NDR,-0.5508333333333334,39,KRSA,0.5130344108446299,3,AGC,NDR,NDR,STK38L
NEK,0.15666666666666665,70,KRSA,0.1251303441084463,1,OTHER,NEK,NEK11,NEK11
NEK,0.15666666666666665,70,KRSA,0.1251303441084463,1,OTHER,NEK,NEK2,NEK2
NEK,0.15666666666666665,70,KRSA,0.1251303441084463,1,OTHER,NEK,NEK1,NEK3
NEK,0.15666666666666665,70,KRSA,0.1251303441084463,1,OTHER,NEK,NEK4,NEK4
NEK,0.15666666666666665,70,KRSA,0.1251303441084463,1,OTHER,NEK,NEK1,NEK5
NEK,0.15666666666666665,70,KRSA,0.1251303441084463,1,OTHER,NEK,NEK6,NEK6
NEK,0.15666666666666665,70,KRSA,0.1251303441084463,1,OTHER,NEK,NEK6,NEK7
NEK,0.15666666666666665,70,KRSA,0.1251303441084463,1,OTHER,NEK,NEK8,NEK8
NEK,0.15666666666666665,70,KRSA,0.1251303441084463,1,OTHER,NEK,NEK8,NEK9
VRK1,-0.01916666666666661,77,KRSA,0.03753910323253389,1,CK1,VRK,VRK,VRK1
SGK,-0.23916666666666664,67,KRSA,0.16266944734098018,1,AGC,SGK,SGK,SGK1
SGK,-0.23916666666666664,67,KRSA,0.16266944734098018,1,AGC,SGK,SGK,SGK2
SGK,-0.23916666666666664,67,KRSA,0.16266944734098018,1,AGC,SGK,SGK,SGK3
PKD,-0.3908333333333333,58,KRSA,0.27528675703858185,2,CAMK,PKD,PKD,PRKD1
PKD,-0.3908333333333333,58,KRSA,0.27528675703858185,2,CAMK,PKD,PKD,PRKD2
PKD,-0.3908333333333333,58,KRSA,0.27528675703858185,2,CAMK,PKD,PKD,PRKD3
PKA,-0.01000000000000004,79,KRSA,0.01251303441084463,1,AGC,PKA,PKA,PRKACA
PKA,-0.01000000000000004,79,KRSA,0.01251303441084463,1,AGC,PKA,PKA,PRKACB
PKA,-0.01000000000000004,79,KRSA,0.01251303441084463,1,AGC,PKA,PKA,PRKACG
PKA,-0.01000000000000004,79,KRSA,0.01251303441084463,1,AGC,PKA,PKA,PRKX
PKA,-0.01000000000000004,79,KRSA,0.01251303441084463,1,AGC,PKA,PKA,PRKY
COT,0.7116666666666667,24,KRSA,0.7007299270072993,3,STE,STE-UNIQUE,STE-UNIQUE,MAP3K8
MTOR,-0.6791666666666667,28,KRSA,0.6506777893639207,3,ATYPICAL,PIKK,FRAP,MTOR
ATM,-0.4133333333333334,56,KRSA,0.30031282586027114,2,ATYPICAL,PIKK,ATM,ATM
MSN,0.5966666666666667,34,KRSA,0.5755995828988529,3,STE,STE20,MSN,MAP4K4
MSN,0.5966666666666667,34,KRSA,0.5755995828988529,3,STE,STE20,MSN,NRK
MSN,0.5966666666666667,34,KRSA,0.5755995828988529,3,STE,STE20,MSN,TNIK
DAPK,-0.5575,38,KRSA,0.5255474452554745,3,CAMK,DAPK,DAPK,DAPK1
DAPK,-0.5575,38,KRSA,0.5255474452554745,3,CAMK,DAPK,DAPK,DAPK2
DAPK,-0.5575,38,KRSA,0.5255474452554745,3,CAMK,DAPK,DAPK,DAPK3
DAPK,-0.5575,38,KRSA,0.5255474452554745,3,CAMK,DAPK,DRAK,STK17A
DAPK,-0.5575,38,KRSA,0.5255474452554745,3,CAMK,DAPK,DRAK,STK17B
AMPK,-0.5875,35,KRSA,0.5630865484880083,3,CAMK,CAMKL,AMPK,PRKAA1
AMPK,-0.5875,35,KRSA,0.5630865484880083,3,CAMK,CAMKL,AMPK,PRKAA2
STE11,-0.42166666666666675,54,KRSA,0.32533889468196037,2,TKL,MLK,TAK1,MAP3K7
STE11,-0.42166666666666675,54,KRSA,0.32533889468196037,2,STE,STE11,MEKK1,MAP3K1
STE11,-0.42166666666666675,54,KRSA,0.32533889468196037,2,STE,STE11,ASK,MAP3K15
STE11,-0.42166666666666675,54,KRSA,0.32533889468196037,2,STE,STE11,MEKK2,MAP3K2
STE11,-0.42166666666666675,54,KRSA,0.32533889468196037,2,STE,STE11,MEKK2,MAP3K3
STE11,-0.42166666666666675,54,KRSA,0.32533889468196037,2,STE,STE11,MEKK4,MAP3K4
STE11,-0.42166666666666675,54,KRSA,0.32533889468196037,2,STE,STE11,ASK,MAP3K5
STE11,-0.42166666666666675,54,KRSA,0.32533889468196037,2,STE,STE11,ASK,MAP3K6
BARK2,-0.3933333333333333,57,KRSA,0.28779979144942647,2,AGC,GRK,BARK,GRK3
AUR,0.005,80,KRSA,0,1,OTHER,AUR,AUR,AURKA
AUR,0.005,80,KRSA,0,1,OTHER,AUR,AUR,AURKB
AUR,0.005,80,KRSA,0,1,OTHER,AUR,AUR,AURKC
NMO,-1.3083333333333331,11,KRSA,0.8633993743482794,4,CMGC,MAPK,NMO,NLK
PKN,-0.5641666666666667,37,KRSA,0.5380604796663191,3,AGC,PKN,PKN,PKN1
PKN,-0.5641666666666667,37,KRSA,0.5380604796663191,3,AGC,PKN,PKN,PKN2
PKN,-0.5641666666666667,37,KRSA,0.5380604796663191,3,AGC,PKN,PKN,PKN3
TTK,-0.6766666666666666,29,KRSA,0.6381647549530761,3,OTHER,TTK,TTK,TTK
PAKB,-0.30833333333333335,63,KRSA,0.2127215849843587,1,STE,STE20,PAKB,PAK4
PAKB,-0.30833333333333335,63,KRSA,0.2127215849843587,1,STE,STE20,PAKB,PAK5
PAKB,-0.30833333333333335,63,KRSA,0.2127215849843587,1,STE,STE20,PAKB,PAK6
NUAK,-0.6825,26,KRSA,0.67570385818561,3,CAMK,CAMKL,NUAK,NUAK1
NUAK,-0.6825,26,KRSA,0.67570385818561,3,CAMK,CAMKL,NUAK,NUAK2
TLK,-0.6816666666666666,27,KRSA,0.6631908237747653,3,OTHER,TLK,TLK,TLK1
TLK,-0.6816666666666666,27,KRSA,0.6631908237747653,3,OTHER,TLK,TLK,TLK2
PIM,-0.11499999999999998,71,KRSA,0.11261730969760167,1,CAMK,PIM,PIM,PIM1
PIM,-0.11499999999999998,71,KRSA,0.11261730969760167,1,CAMK,PIM,PIM,PIM2
PIM,-0.11499999999999998,71,KRSA,0.11261730969760167,1,CAMK,PIM,PIM,PIM3
HAL,0.33249999999999996,61,KRSA,0.23774765380604795,1,RGC,RGC,RGC,NPR1
DYRK,-0.9416666666666668,20,KRSA,0.7507820646506778,4,CMGC,DYRK,DYRK1,DYRK1A
DYRK,-0.9416666666666668,20,KRSA,0.7507820646506778,4,CMGC,DYRK,DYRK1,DYRK1B
DYRK,-0.9416666666666668,20,KRSA,0.7507820646506778,4,CMGC,DYRK,DYRK2,DYRK2
DYRK,-0.9416666666666668,20,KRSA,0.7507820646506778,4,CMGC,DYRK,DYRK2,DYRK3
DYRK,-0.9416666666666668,20,KRSA,0.7507820646506778,4,CMGC,DYRK,DYRK2,DYRK4
DYRK,-0.9416666666666668,20,KRSA,0.7507820646506778,4,CMGC,DYRK,HIPK,HIPK1
DYRK,-0.9416666666666668,20,KRSA,0.7507820646506778,4,CMGC,DYRK,HIPK,HIPK2
DYRK,-0.9416666666666668,20,KRSA,0.7507820646506778,4,CMGC,DYRK,HIPK,HIPK3
DYRK,-0.9416666666666668,20,KRSA,0.7507820646506778,4,CMGC,DYRK,HIPK,HIPK4
DYRK,-0.9416666666666668,20,KRSA,0.7507820646506778,4,CMGC,DYRK,PRP4,PRPF4B
RIPK,-0.29500000000000004,64,KRSA,0.20020855057351408,1,TKL,RIPK,RIPK,ANKK1
RIPK,-0.29500000000000004,64,KRSA,0.20020855057351408,1,TKL,RIPK,RIPK,RIPK1
RIPK,-0.29500000000000004,64,KRSA,0.20020855057351408,1,TKL,RIPK,RIPK,RIPK2
RIPK,-0.29500000000000004,64,KRSA,0.20020855057351408,1,TKL,RIPK,RIPK,RIPK3
RIPK,-0.29500000000000004,64,KRSA,0.20020855057351408,1,TKL,RIPK,RIPK,RIPK4
GRK,-0.5425,40,KRSA,0.5005213764337852,3,AGC,GRK,GRK,GRK1
GRK,-0.5425,40,KRSA,0.5005213764337852,3,AGC,GRK,GRK,GRK4
GRK,-0.5425,40,KRSA,0.5005213764337852,3,AGC,GRK,GRK,GRK5
GRK,-0.5425,40,KRSA,0.5005213764337852,3,AGC,GRK,GRK,GRK6
GRK,-0.5425,40,KRSA,0.5005213764337852,3,AGC,GRK,GRK,GRK7
ULK,-0.485,43,KRSA,0.4629822732012513,2,OTHER,ULK,FUSED,STK36
ULK,-0.485,43,KRSA,0.4629822732012513,2,OTHER,ULK,ULK,ULK1
ULK,-0.485,43,KRSA,0.4629822732012513,2,OTHER,ULK,ULK,ULK2
ULK,-0.485,43,KRSA,0.4629822732012513,2,OTHER,ULK,ULK,ULK3
ULK,-0.485,43,KRSA,0.4629822732012513,2,OTHER,ULK,ULK,ULK4
KHS,-0.31583333333333335,62,KRSA,0.22523461939520334,1,STE,STE20,KHS,MAP4K1
KHS,-0.31583333333333335,62,KRSA,0.22523461939520334,1,STE,STE20,KHS,MAP4K2
KHS,-0.31583333333333335,62,KRSA,0.22523461939520334,1,STE,STE20,KHS,MAP4K3
KHS,-0.31583333333333335,62,KRSA,0.22523461939520334,1,STE,STE20,KHS,MAP4K5
CAMKK,-0.4766666666666667,48,KRSA,0.40041710114702816,2,OTHER,CAMKK,META,CAMKK1
CAMKK,-0.4766666666666667,48,KRSA,0.40041710114702816,2,OTHER,CAMKK,META,CAMKK2
NIK,-0.48583333333333334,42,KRSA,0.4754953076120959,2,STE,STE-UNIQUE,STE-UNIQUE,MAP3K14
SLK,0.2733333333333333,66,KRSA,0.17518248175182483,1,STE,STE20,SLK,SLK
SLK,0.2733333333333333,66,KRSA,0.17518248175182483,1,STE,STE20,SLK,STK10
PASK,-0.47,51,KRSA,0.36287799791449427,2,CAMK,CAMKL,PASK,PASK
CLK,-0.4733333333333334,49,KRSA,0.38790406673618355,2,CMGC,CLK,CLK,CLK1
CLK,-0.4733333333333334,49,KRSA,0.38790406673618355,2,CMGC,CLK,CLK,CLK2
CLK,-0.4733333333333334,49,KRSA,0.38790406673618355,2,CMGC,CLK,CLK,CLK3
CLK,-0.4733333333333334,49,KRSA,0.38790406673618355,2,CMGC,CLK,CLK,CLK4
BRSK,0.4533333333333333,53,KRSA,0.337851929092805,2,CAMK,CAMKL,BRSK,BRSK1
BRSK,0.4533333333333333,53,KRSA,0.337851929092805,2,CAMK,CAMKL,BRSK,BRSK2
BUD32,-0.4816666666666667,45,KRSA,0.43795620437956206,2,OTHER,BUD32,BUD32,TP53RK
TAO,0.7341666666666667,23,KRSA,0.7132429614181439,3,STE,STE20,TAO,TAOK1
TAO,0.7341666666666667,23,KRSA,0.7132429614181439,3,STE,STE20,TAO,TAOK2
TAO,0.7341666666666667,23,KRSA,0.7132429614181439,3,STE,STE20,TAO,TAOK3
MOS,0.9475,19,KRSA,0.7632950990615224,4,OTHER,MOS,MOS,MOS
WNK,-0.47833333333333333,46,KRSA,0.4254431699687174,2,OTHER,WNK,WNK,WNK1
WNK,-0.47833333333333333,46,KRSA,0.4254431699687174,2,OTHER,WNK,WNK,WNK2
WNK,-0.47833333333333333,46,KRSA,0.4254431699687174,2,OTHER,WNK,WNK,WNK3
WNK,-0.47833333333333333,46,KRSA,0.4254431699687174,2,OTHER,WNK,WNK,WNK4
CHK1,0.01583333333333333,78,KRSA,0.02502606882168926,1,CAMK,CAMKL,CHK1,CHEK1
MELK,-0.10750000000000004,72,KRSA,0.10010427528675704,1,CAMK,CAMKL,MELK,MELK
ERK,-1.3383333333333334,10,KRSA,0.8759124087591241,4,CMGC,MAPK,ERK1,MAPK1
ERK,-1.3383333333333334,10,KRSA,0.8759124087591241,4,CMGC,MAPK,ERK7,MAPK15
ERK,-1.3383333333333334,10,KRSA,0.8759124087591241,4,CMGC,MAPK,ERK1,MAPK3
ERK,-1.3383333333333334,10,KRSA,0.8759124087591241,4,CMGC,MAPK,ERK3,MAPK4
ERK,-1.3383333333333334,10,KRSA,0.8759124087591241,4,CMGC,MAPK,ERK3,MAPK6
ERK,-1.3383333333333334,10,KRSA,0.8759124087591241,4,CMGC,MAPK,ERK5,MAPK7
PDHK,-1.3458333333333332,9,KRSA,0.8884254431699687,4,ATYPICAL,PDHK,BCKDK,BCKDK
PDHK,-1.3458333333333332,9,KRSA,0.8884254431699687,4,ATYPICAL,PDHK,PDHK,PDK2
PDHK,-1.3458333333333332,9,KRSA,0.8884254431699687,4,ATYPICAL,PDHK,PDHK,PDK3
PDHK,-1.3458333333333332,9,KRSA,0.8884254431699687,4,ATYPICAL,PDHK,PDHK,PDK4
PDK1,-0.9783333333333332,18,KRSA,0.7758081334723671,4,ATYPICAL,PDHK,PDHK,PDK1
PDK1,-0.9783333333333332,18,KRSA,0.7758081334723671,4,AGC,PDK1,PDK1,PDPK1
CDK,-2.0233333333333334,4,KRSA,0.9509906152241918,4,CMGC,CDK,CDC2,CDK1
CDK,-2.0233333333333334,4,KRSA,0.9509906152241918,4,CMGC,CDK,CDK10,CDK10
CDK,-2.0233333333333334,4,KRSA,0.9509906152241918,4,CMGC,CDK,CRK7,CDK12
CDK,-2.0233333333333334,4,KRSA,0.9509906152241918,4,CMGC,CDK,CRK7,CDK13
CDK,-2.0233333333333334,4,KRSA,0.9509906152241918,4,CMGC,CDK,PFTAIRE,CDK14
CDK,-2.0233333333333334,4,KRSA,0.9509906152241918,4,CMGC,CDK,PFTAIRE,CDK15
CDK,-2.0233333333333334,4,KRSA,0.9509906152241918,4,CMGC,CDK,PCTAIRE,CDK16
CDK,-2.0233333333333334,4,KRSA,0.9509906152241918,4,CMGC,CDK,PCTAIRE,CDK17
CDK,-2.0233333333333334,4,KRSA,0.9509906152241918,4,CMGC,CDK,PCTAIRE,CDK18
CDK,-2.0233333333333334,4,KRSA,0.9509906152241918,4,CMGC,CDK,CDK8,CDK19
CDK,-2.0233333333333334,4,KRSA,0.9509906152241918,4,CMGC,CDK,CDC2,CDK2
CDK,-2.0233333333333334,4,KRSA,0.9509906152241918,4,CMGC,CDK,CCRK,CDK20
CDK,-2.0233333333333334,4,KRSA,0.9509906152241918,4,CMGC,CDK,CDC2,CDK3
CDK,-2.0233333333333334,4,KRSA,0.9509906152241918,4,CMGC,CDK,CDK4,CDK4
CDK,-2.0233333333333334,4,KRSA,0.9509906152241918,4,CMGC,CDK,CDK5,CDK5
CDK,-2.0233333333333334,4,KRSA,0.9509906152241918,4,CMGC,CDK,CDK4,CDK6
CDK,-2.0233333333333334,4,KRSA,0.9509906152241918,4,CMGC,CDK,CDK7,CDK7
CDK,-2.0233333333333334,4,KRSA,0.9509906152241918,4,CMGC,CDK,CDK8,CDK8
CDK,-2.0233333333333334,4,KRSA,0.9509906152241918,4,CMGC,CDK,CDK9,CDK9
CDK,-2.0233333333333334,4,KRSA,0.9509906152241918,4,NA,NA,NA,CDK11A
CDK,-2.0233333333333334,4,KRSA,0.9509906152241918,4,NA,NA,NA,CDK11B
PKCA,-2.94,1,KRSA,0.9885297184567258,4,AGC,PKC,ALPHA,PRKCA
PKCA,-2.94,1,KRSA,0.9885297184567258,4,AGC,PKC,ALPHA,PRKCB
PKCA,-2.94,1,KRSA,0.9885297184567258,4,AGC,PKC,ALPHA,PRKCG
JNK,-1.6424999999999998,6,KRSA,0.9259645464025026,4,CMGC,MAPK,JNK,MAPK10
JNK,-1.6424999999999998,6,KRSA,0.9259645464025026,4,CMGC,MAPK,JNK,MAPK8
JNK,-1.6424999999999998,6,KRSA,0.9259645464025026,4,CMGC,MAPK,JNK,MAPK9
PEK,-2.171666666666667,3,KRSA,0.9635036496350365,4,OTHER,PEK,HRI,EIF2AK1
PEK,-2.171666666666667,3,KRSA,0.9635036496350365,4,OTHER,PEK,PKR,EIF2AK2
PEK,-2.171666666666667,3,KRSA,0.9635036496350365,4,OTHER,PEK,PEK,EIF2AK3
PEK,-2.171666666666667,3,KRSA,0.9635036496350365,4,OTHER,PEK,GCN2,EIF2AK4
ERK,-1.3383333333333334,10,KRSA,0.8759124087591241,4,CMGC,MAPK,ERK1,MAPK1
ERK,-1.3383333333333334,10,KRSA,0.8759124087591241,4,CMGC,MAPK,ERK7,MAPK15
ERK,-1.3383333333333334,10,KRSA,0.8759124087591241,4,CMGC,MAPK,ERK1,MAPK3
ERK,-1.3383333333333334,10,KRSA,0.8759124087591241,4,CMGC,MAPK,ERK3,MAPK4
ERK,-1.3383333333333334,10,KRSA,0.8759124087591241,4,CMGC,MAPK,ERK3,MAPK6
ERK,-1.3383333333333334,10,KRSA,0.8759124087591241,4,CMGC,MAPK,ERK5,MAPK7
AKT,-1.0258333333333334,16,KRSA,0.8008342022940563,4,AGC,AKT,AKT,AKT1
AKT,-1.0258333333333334,16,KRSA,0.8008342022940563,4,AGC,AKT,AKT,AKT2
AKT,-1.0258333333333334,16,KRSA,0.8008342022940563,4,AGC,AKT,AKT,AKT3
PKCD,0.3566666666666667,59,KRSA,0.26277372262773724,2,AGC,PKC,DELTA,PRKCD
PKCD,0.3566666666666667,59,KRSA,0.26277372262773724,2,AGC,PKC,DELTA,PRKCQ
PKCH,0.8966666666666667,22,KRSA,0.7257559958289885,3,AGC,PKC,ETA,PRKCE
PKCH,0.8966666666666667,22,KRSA,0.7257559958289885,3,AGC,PKC,ETA,PRKCH
DMPK,-1.3725,8,KRSA,0.9009384775808134,4,AGC,DMPK,GEK,CDC42BPA
DMPK,-1.3725,8,KRSA,0.9009384775808134,4,AGC,DMPK,GEK,CDC42BPB
DMPK,-1.3725,8,KRSA,0.9009384775808134,4,AGC,DMPK,GEK,CDC42BPG
DMPK,-1.3725,8,KRSA,0.9009384775808134,4,AGC,DMPK,CRIK,CIT
DMPK,-1.3725,8,KRSA,0.9009384775808134,4,AGC,DMPK,GEK,DMPK
DMPK,-1.3725,8,KRSA,0.9009384775808134,4,AGC,DMPK,ROCK,ROCK1
DMPK,-1.3725,8,KRSA,0.9009384775808134,4,AGC,DMPK,ROCK,ROCK2
CAMK2,0.585,36,KRSA,0.5505735140771637,3,CAMK,CAMK2,CAMK2,CAMK2A
CAMK2,0.585,36,KRSA,0.5505735140771637,3,CAMK,CAMK2,CAMK2,CAMK2B
CAMK2,0.585,36,KRSA,0.5505735140771637,3,CAMK,CAMK2,CAMK2,CAMK2D
CAMK2,0.585,36,KRSA,0.5505735140771637,3,CAMK,CAMK2,CAMK2,CAMK2G
IKK,-1.1033333333333333,13,KRSA,0.8383733055265902,4,OTHER,IKK,IKK,CHUK
IKK,-1.1033333333333333,13,KRSA,0.8383733055265902,4,OTHER,IKK,IKK,IKBKB
IKK,-1.1033333333333333,13,KRSA,0.8383733055265902,4,OTHER,IKK,IKK,IKBKE
IKK,-1.1033333333333333,13,KRSA,0.8383733055265902,4,OTHER,IKK,IKK,TBK1
NEK,0.15666666666666665,70,KRSA,0.1251303441084463,1,OTHER,NEK,NEK11,NEK11
NEK,0.15666666666666665,70,KRSA,0.1251303441084463,1,OTHER,NEK,NEK2,NEK2
NEK,0.15666666666666665,70,KRSA,0.1251303441084463,1,OTHER,NEK,NEK1,NEK3
NEK,0.15666666666666665,70,KRSA,0.1251303441084463,1,OTHER,NEK,NEK4,NEK4
NEK,0.15666666666666665,70,KRSA,0.1251303441084463,1,OTHER,NEK,NEK1,NEK5
NEK,0.15666666666666665,70,KRSA,0.1251303441084463,1,OTHER,NEK,NEK6,NEK6
NEK,0.15666666666666665,70,KRSA,0.1251303441084463,1,OTHER,NEK,NEK6,NEK7
NEK,0.15666666666666665,70,KRSA,0.1251303441084463,1,OTHER,NEK,NEK8,NEK8
NEK,0.15666666666666665,70,KRSA,0.1251303441084463,1,OTHER,NEK,NEK8,NEK9
NMO,-1.3083333333333331,11,KRSA,0.8633993743482794,4,CMGC,MAPK,NMO,NLK
P38,-1.5008333333333332,7,KRSA,0.913451511991658,4,CMGC,MAPK,P38,MAPK11
P38,-1.5008333333333332,7,KRSA,0.913451511991658,4,CMGC,MAPK,P38,MAPK12
P38,-1.5008333333333332,7,KRSA,0.913451511991658,4,CMGC,MAPK,P38,MAPK13
P38,-1.5008333333333332,7,KRSA,0.913451511991658,4,CMGC,MAPK,P38,MAPK14
QIK,-1.765,5,KRSA,0.9384775808133472,4,CAMK,CAMKL,QIK,SIK1
QIK,-1.765,5,KRSA,0.9384775808133472,4,CAMK,CAMKL,QIK,SIK2
PDK1,-0.9783333333333332,18,KRSA,0.7758081334723671,4,ATYPICAL,PDHK,PDHK,PDK1
PDK1,-0.9783333333333332,18,KRSA,0.7758081334723671,4,AGC,PDK1,PDK1,PDPK1
COT,0.7116666666666667,24,KRSA,0.7007299270072993,3,STE,STE-UNIQUE,STE-UNIQUE,MAP3K8
PHK,-2.26,2,KRSA,0.9760166840458812,4,CAMK,PHK,PHK,PHKG1
PHK,-2.26,2,KRSA,0.9760166840458812,4,CAMK,PHK,PHK,PHKG2
DYRK,-0.9416666666666668,20,KRSA,0.7507820646506778,4,CMGC,DYRK,DYRK1,DYRK1A
DYRK,-0.9416666666666668,20,KRSA,0.7507820646506778,4,CMGC,DYRK,DYRK1,DYRK1B
DYRK,-0.9416666666666668,20,KRSA,0.7507820646506778,4,CMGC,DYRK,DYRK2,DYRK2
DYRK,-0.9416666666666668,20,KRSA,0.7507820646506778,4,CMGC,DYRK,DYRK2,DYRK3
DYRK,-0.9416666666666668,20,KRSA,0.7507820646506778,4,CMGC,DYRK,DYRK2,DYRK4
DYRK,-0.9416666666666668,20,KRSA,0.7507820646506778,4,CMGC,DYRK,HIPK,HIPK1
DYRK,-0.9416666666666668,20,KRSA,0.7507820646506778,4,CMGC,DYRK,HIPK,HIPK2
DYRK,-0.9416666666666668,20,KRSA,0.7507820646506778,4,CMGC,DYRK,HIPK,HIPK3
DYRK,-0.9416666666666668,20,KRSA,0.7507820646506778,4,CMGC,DYRK,HIPK,HIPK4
DYRK,-0.9416666666666668,20,KRSA,0.7507820646506778,4,CMGC,DYRK,PRP4,PRPF4B
MOS,0.9475,19,KRSA,0.7632950990615224,4,OTHER,MOS,MOS,MOS
PDHK,-1.3458333333333332,9,KRSA,0.8884254431699687,4,ATYPICAL,PDHK,BCKDK,BCKDK
PDHK,-1.3458333333333332,9,KRSA,0.8884254431699687,4,ATYPICAL,PDHK,PDHK,PDK2
PDHK,-1.3458333333333332,9,KRSA,0.8884254431699687,4,ATYPICAL,PDHK,PDHK,PDK3
PDHK,-1.3458333333333332,9,KRSA,0.8884254431699687,4,ATYPICAL,PDHK,PDHK,PDK4
DAPK,-0.5575,38,KRSA,0.5255474452554745,3,CAMK,DAPK,DAPK,DAPK1
DAPK,-0.5575,38,KRSA,0.5255474452554745,3,CAMK,DAPK,DAPK,DAPK2
DAPK,-0.5575,38,KRSA,0.5255474452554745,3,CAMK,DAPK,DAPK,DAPK3
DAPK,-0.5575,38,KRSA,0.5255474452554745,3,CAMK,DAPK,DRAK,STK17A
DAPK,-0.5575,38,KRSA,0.5255474452554745,3,CAMK,DAPK,DRAK,STK17B
CK1,-1.0816666666666668,14,KRSA,0.8258602711157456,4,CK1,CK1,CK1-A,CSNK1A1
CK1,-1.0816666666666668,14,KRSA,0.8258602711157456,4,CK1,CK1,CK1-A,CSNK1A1L
CK1,-1.0816666666666668,14,KRSA,0.8258602711157456,4,CK1,CK1,CK1-D,CSNK1D
CK1,-1.0816666666666668,14,KRSA,0.8258602711157456,4,CK1,CK1,CK1-D,CSNK1E
CK1,-1.0816666666666668,14,KRSA,0.8258602711157456,4,CK1,CK1,CK1-G,CSNK1G1
CK1,-1.0816666666666668,14,KRSA,0.8258602711157456,4,CK1,CK1,CK1-G,CSNK1G2
CK1,-1.0816666666666668,14,KRSA,0.8258602711157456,4,CK1,CK1,CK1-G,CSNK1G3
CK1,-1.0816666666666668,14,KRSA,0.8258602711157456,4,CK1,TTBK,TTBK,TTBK1
CK1,-1.0816666666666668,14,KRSA,0.8258602711157456,4,CK1,TTBK,TTBK,TTBK2
CK1,-1.0816666666666668,14,KRSA,0.8258602711157456,4,CK1,VRK,VRK,VRK3
GRK,-0.5425,40,KRSA,0.5005213764337852,3,AGC,GRK,GRK,GRK1
GRK,-0.5425,40,KRSA,0.5005213764337852,3,AGC,GRK,GRK,GRK4
GRK,-0.5425,40,KRSA,0.5005213764337852,3,AGC,GRK,GRK,GRK5
GRK,-0.5425,40,KRSA,0.5005213764337852,3,AGC,GRK,GRK,GRK6
GRK,-0.5425,40,KRSA,0.5005213764337852,3,AGC,GRK,GRK,GRK7
PAKA,-1.055,15,KRSA,0.8133472367049009,4,STE,STE20,PAKA,PAK1
PAKA,-1.055,15,KRSA,0.8133472367049009,4,STE,STE20,PAKA,PAK2
PAKA,-1.055,15,KRSA,0.8133472367049009,4,STE,STE20,PAKA,PAK3
PLK,-0.9308333333333332,21,KRSA,0.7382690302398331,3,NA,NA,NA,PLK5
PLK,-0.9308333333333332,21,KRSA,0.7382690302398331,3,OTHER,PLK,PLK1,PLK1
PLK,-0.9308333333333332,21,KRSA,0.7382690302398331,3,OTHER,PLK,PLK2,PLK2
PLK,-0.9308333333333332,21,KRSA,0.7382690302398331,3,OTHER,PLK,PLK2,PLK3
PLK,-0.9308333333333332,21,KRSA,0.7382690302398331,3,OTHER,PLK,SAK,PLK4
AMPK,-0.5875,35,KRSA,0.5630865484880083,3,CAMK,CAMKL,AMPK,PRKAA1
AMPK,-0.5875,35,KRSA,0.5630865484880083,3,CAMK,CAMKL,AMPK,PRKAA2
RAF,-1.0108333333333333,17,KRSA,0.7883211678832117,4,TKL,RAF,RAF,ARAF
RAF,-1.0108333333333333,17,KRSA,0.7883211678832117,4,TKL,RAF,RAF,BRAF
RAF,-1.0108333333333333,17,KRSA,0.7883211678832117,4,TKL,RAF,KSR,KSR1
RAF,-1.0108333333333333,17,KRSA,0.7883211678832117,4,TKL,RAF,KSR,KSR2
RAF,-1.0108333333333333,17,KRSA,0.7883211678832117,4,TKL,RAF,RAF,RAF1
IRAK,0.04833333333333334,76,KRSA,0.05005213764337852,1,TKL,IRAK,IRAK,IRAK1
IRAK,0.04833333333333334,76,KRSA,0.05005213764337852,1,TKL,IRAK,IRAK,IRAK2
IRAK,0.04833333333333334,76,KRSA,0.05005213764337852,1,TKL,IRAK,IRAK,IRAK3
IRAK,0.04833333333333334,76,KRSA,0.05005213764337852,1,TKL,IRAK,IRAK,IRAK4
MELK,-0.10750000000000004,72,KRSA,0.10010427528675704,1,CAMK,CAMKL,MELK,MELK
RAD53,0.06666666666666665,75,KRSA,0.06256517205422316,1,CAMK,RAD53,RAD53,CHEK2
HAL,0.33249999999999996,61,KRSA,0.23774765380604795,1,RGC,RGC,RGC,NPR1
NAK,0.28333333333333327,65,KRSA,0.18769551616266944,1,OTHER,NAK,BIKE,AAK1
NAK,0.28333333333333327,65,KRSA,0.18769551616266944,1,OTHER,NAK,BIKE,BMP2K
NAK,0.28333333333333327,65,KRSA,0.18769551616266944,1,OTHER,NAK,GAK,GAK
NAK,0.28333333333333327,65,KRSA,0.18769551616266944,1,OTHER,NAK,MPSK,STK16
VRK1,-0.01916666666666661,77,KRSA,0.03753910323253389,1,CK1,VRK,VRK,VRK1
PKN,-0.5641666666666667,37,KRSA,0.5380604796663191,3,AGC,PKN,PKN,PKN1
PKN,-0.5641666666666667,37,KRSA,0.5380604796663191,3,AGC,PKN,PKN,PKN2
PKN,-0.5641666666666667,37,KRSA,0.5380604796663191,3,AGC,PKN,PKN,PKN3
PAKB,-0.30833333333333335,63,KRSA,0.2127215849843587,1,STE,STE20,PAKB,PAK4
PAKB,-0.30833333333333335,63,KRSA,0.2127215849843587,1,STE,STE20,PAKB,PAK5
PAKB,-0.30833333333333335,63,KRSA,0.2127215849843587,1,STE,STE20,PAKB,PAK6
NDR,-0.5508333333333334,39,KRSA,0.5130344108446299,3,AGC,NDR,NDR,LATS1
NDR,-0.5508333333333334,39,KRSA,0.5130344108446299,3,AGC,NDR,NDR,LATS2
NDR,-0.5508333333333334,39,KRSA,0.5130344108446299,3,AGC,NDR,NDR,STK38
NDR,-0.5508333333333334,39,KRSA,0.5130344108446299,3,AGC,NDR,NDR,STK38L
TTK,-0.6766666666666666,29,KRSA,0.6381647549530761,3,OTHER,TTK,TTK,TTK
TLK,-0.6816666666666666,27,KRSA,0.6631908237747653,3,OTHER,TLK,TLK,TLK1
TLK,-0.6816666666666666,27,KRSA,0.6631908237747653,3,OTHER,TLK,TLK,TLK2
NUAK,-0.6825,26,KRSA,0.67570385818561,3,CAMK,CAMKL,NUAK,NUAK1
NUAK,-0.6825,26,KRSA,0.67570385818561,3,CAMK,CAMKL,NUAK,NUAK2
MLCK,0.4783333333333333,47,KRSA,0.4129301355578728,2,CAMK,MLCK,MLCK,MYLK
MLCK,0.4783333333333333,47,KRSA,0.4129301355578728,2,CAMK,MLCK,MLCK,MYLK2
MLCK,0.4783333333333333,47,KRSA,0.4129301355578728,2,CAMK,MLCK,MLCK,TTN
PKG,0.07750000000000005,73,KRSA,0.08759124087591241,1,AGC,PKG,PKG,PRKG1
PKG,0.07750000000000005,73,KRSA,0.08759124087591241,1,AGC,PKG,PKG,PRKG2
SGK,-0.23916666666666664,67,KRSA,0.16266944734098018,1,AGC,SGK,SGK,SGK1
SGK,-0.23916666666666664,67,KRSA,0.16266944734098018,1,AGC,SGK,SGK,SGK2
SGK,-0.23916666666666664,67,KRSA,0.16266944734098018,1,AGC,SGK,SGK,SGK3
PKD,-0.3908333333333333,58,KRSA,0.27528675703858185,2,CAMK,PKD,PKD,PRKD1
PKD,-0.3908333333333333,58,KRSA,0.27528675703858185,2,CAMK,PKD,PKD,PRKD2
PKD,-0.3908333333333333,58,KRSA,0.27528675703858185,2,CAMK,PKD,PKD,PRKD3
PRKDC,-0.63,32,KRSA,0.6006256517205423,3,ATYPICAL,PIKK,DNAPK,PRKDC
STKR,-0.22583333333333336,68,KRSA,0.15015641293013557,1,TKL,STKR,TYPE1,ACVR1
STKR,-0.22583333333333336,68,KRSA,0.15015641293013557,1,TKL,STKR,TYPE1,ACVR1B
STKR,-0.22583333333333336,68,KRSA,0.15015641293013557,1,TKL,STKR,TYPE1,ACVR1C
STKR,-0.22583333333333336,68,KRSA,0.15015641293013557,1,TKL,STKR,TYPE2,ACVR2A
STKR,-0.22583333333333336,68,KRSA,0.15015641293013557,1,TKL,STKR,TYPE2,ACVR2B
STKR,-0.22583333333333336,68,KRSA,0.15015641293013557,1,TKL,STKR,TYPE1,ACVRL1
STKR,-0.22583333333333336,68,KRSA,0.15015641293013557,1,TKL,STKR,TYPE2,AMHR2
STKR,-0.22583333333333336,68,KRSA,0.15015641293013557,1,TKL,STKR,TYPE1,BMPR1A
STKR,-0.22583333333333336,68,KRSA,0.15015641293013557,1,TKL,STKR,TYPE1,BMPR1B
STKR,-0.22583333333333336,68,KRSA,0.15015641293013557,1,TKL,STKR,TYPE2,BMPR2
STKR,-0.22583333333333336,68,KRSA,0.15015641293013557,1,TKL,STKR,TYPE1,TGFBR1
STKR,-0.22583333333333336,68,KRSA,0.15015641293013557,1,TKL,STKR,TYPE2,TGFBR2
PIM,-0.11499999999999998,71,KRSA,0.11261730969760167,1,CAMK,PIM,PIM,PIM1
PIM,-0.11499999999999998,71,KRSA,0.11261730969760167,1,CAMK,PIM,PIM,PIM2
PIM,-0.11499999999999998,71,KRSA,0.11261730969760167,1,CAMK,PIM,PIM,PIM3
GSK,-0.3416666666666667,60,KRSA,0.2502606882168926,2,CMGC,GSK,GSK,GSK3A
GSK,-0.3416666666666667,60,KRSA,0.2502606882168926,2,CMGC,GSK,GSK,GSK3B
KHS,-0.31583333333333335,62,KRSA,0.22523461939520334,1,STE,STE20,KHS,MAP4K1
KHS,-0.31583333333333335,62,KRSA,0.22523461939520334,1,STE,STE20,KHS,MAP4K2
KHS,-0.31583333333333335,62,KRSA,0.22523461939520334,1,STE,STE20,KHS,MAP4K3
KHS,-0.31583333333333335,62,KRSA,0.22523461939520334,1,STE,STE20,KHS,MAP4K5
BRSK,0.4533333333333333,53,KRSA,0.337851929092805,2,CAMK,CAMKL,BRSK,BRSK1
BRSK,0.4533333333333333,53,KRSA,0.337851929092805,2,CAMK,CAMKL,BRSK,BRSK2
ULK,-0.485,43,KRSA,0.4629822732012513,2,OTHER,ULK,FUSED,STK36
ULK,-0.485,43,KRSA,0.4629822732012513,2,OTHER,ULK,ULK,ULK1
ULK,-0.485,43,KRSA,0.4629822732012513,2,OTHER,ULK,ULK,ULK2
ULK,-0.485,43,KRSA,0.4629822732012513,2,OTHER,ULK,ULK,ULK3
ULK,-0.485,43,KRSA,0.4629822732012513,2,OTHER,ULK,ULK,ULK4
WNK,-0.47833333333333333,46,KRSA,0.4254431699687174,2,OTHER,WNK,WNK,WNK1
WNK,-0.47833333333333333,46,KRSA,0.4254431699687174,2,OTHER,WNK,WNK,WNK2
WNK,-0.47833333333333333,46,KRSA,0.4254431699687174,2,OTHER,WNK,WNK,WNK3
WNK,-0.47833333333333333,46,KRSA,0.4254431699687174,2,OTHER,WNK,WNK,WNK4
NIK,-0.48583333333333334,42,KRSA,0.4754953076120959,2,STE,STE-UNIQUE,STE-UNIQUE,MAP3K14
BUD32,-0.4816666666666667,45,KRSA,0.43795620437956206,2,OTHER,BUD32,BUD32,TP53RK
SLK,0.2733333333333333,66,KRSA,0.17518248175182483,1,STE,STE20,SLK,SLK
SLK,0.2733333333333333,66,KRSA,0.17518248175182483,1,STE,STE20,SLK,STK10
TAO,0.7341666666666667,23,KRSA,0.7132429614181439,3,STE,STE20,TAO,TAOK1
TAO,0.7341666666666667,23,KRSA,0.7132429614181439,3,STE,STE20,TAO,TAOK2
TAO,0.7341666666666667,23,KRSA,0.7132429614181439,3,STE,STE20,TAO,TAOK3
PASK,-0.47,51,KRSA,0.36287799791449427,2,CAMK,CAMKL,PASK,PASK
CLK,-0.4733333333333334,49,KRSA,0.38790406673618355,2,CMGC,CLK,CLK,CLK1
CLK,-0.4733333333333334,49,KRSA,0.38790406673618355,2,CMGC,CLK,CLK,CLK2
CLK,-0.4733333333333334,49,KRSA,0.38790406673618355,2,CMGC,CLK,CLK,CLK3
CLK,-0.4733333333333334,49,KRSA,0.38790406673618355,2,CMGC,CLK,CLK,CLK4
CAMKK,-0.4766666666666667,48,KRSA,0.40041710114702816,2,OTHER,CAMKK,META,CAMKK1
CAMKK,-0.4766666666666667,48,KRSA,0.40041710114702816,2,OTHER,CAMKK,META,CAMKK2
PKCI,-0.4616666666666666,52,KRSA,0.35036496350364965,2,AGC,PKC,IOTA,PRKCI
PKCI,-0.4616666666666666,52,KRSA,0.35036496350364965,2,AGC,PKC,IOTA,PRKCZ
ATR,-0.4183333333333333,55,KRSA,0.31282586027111575,2,ATYPICAL,PIKK,ATR,ATR
CAMK1,0.1783333333333333,69,KRSA,0.13764337851929093,1,CAMK,CAMK1,CAMK1,CAMK1
CAMK1,0.1783333333333333,69,KRSA,0.13764337851929093,1,CAMK,CAMK1,CAMK1,CAMK1D
CAMK1,0.1783333333333333,69,KRSA,0.13764337851929093,1,CAMK,CAMK1,CAMK1,CAMK1G
CAMK1,0.1783333333333333,69,KRSA,0.13764337851929093,1,CAMK,CAMK1,CAMK1,CAMK4
CAMK1,0.1783333333333333,69,KRSA,0.13764337851929093,1,CAMK,CAMK1,CAMK1,PNCK
MST,0.075,74,KRSA,0.07507820646506778,1,STE,STE20,MST,STK3
MST,0.075,74,KRSA,0.07507820646506778,1,STE,STE20,MST,STK4
STE11,-0.42166666666666675,54,KRSA,0.32533889468196037,2,TKL,MLK,TAK1,MAP3K7
STE11,-0.42166666666666675,54,KRSA,0.32533889468196037,2,STE,STE11,MEKK1,MAP3K1
STE11,-0.42166666666666675,54,KRSA,0.32533889468196037,2,STE,STE11,ASK,MAP3K15
STE11,-0.42166666666666675,54,KRSA,0.32533889468196037,2,STE,STE11,MEKK2,MAP3K2
STE11,-0.42166666666666675,54,KRSA,0.32533889468196037,2,STE,STE11,MEKK2,MAP3K3
STE11,-0.42166666666666675,54,KRSA,0.32533889468196037,2,STE,STE11,MEKK4,MAP3K4
STE11,-0.42166666666666675,54,KRSA,0.32533889468196037,2,STE,STE11,ASK,MAP3K5
STE11,-0.42166666666666675,54,KRSA,0.32533889468196037,2,STE,STE11,ASK,MAP3K6
BARK2,-0.3933333333333333,57,KRSA,0.28779979144942647,2,AGC,GRK,BARK,GRK3
PKA,-0.01000000000000004,79,KRSA,0.01251303441084463,1,AGC,PKA,PKA,PRKACA
PKA,-0.01000000000000004,79,KRSA,0.01251303441084463,1,AGC,PKA,PKA,PRKACB
PKA,-0.01000000000000004,79,KRSA,0.01251303441084463,1,AGC,PKA,PKA,PRKACG
PKA,-0.01000000000000004,79,KRSA,0.01251303441084463,1,AGC,PKA,PKA,PRKX
PKA,-0.01000000000000004,79,KRSA,0.01251303441084463,1,AGC,PKA,PKA,PRKY
MLK,-0.6124999999999999,33,KRSA,0.5881126173096975,3,TKL,MLK,ILK,ILK
MLK,-0.6124999999999999,33,KRSA,0.5881126173096975,3,TKL,MLK,MLK,MAP3K10
MLK,-0.6124999999999999,33,KRSA,0.5881126173096975,3,TKL,MLK,MLK,MAP3K11
MLK,-0.6124999999999999,33,KRSA,0.5881126173096975,3,TKL,MLK,LZK,MAP3K12
MLK,-0.6124999999999999,33,KRSA,0.5881126173096975,3,TKL,MLK,LZK,MAP3K13
MLK,-0.6124999999999999,33,KRSA,0.5881126173096975,3,TKL,MLK,MLK,MAP3K9
MLK,-0.6124999999999999,33,KRSA,0.5881126173096975,3,TKL,MLK,HH498,TNNI3K
STE7,-0.645,31,KRSA,0.6131386861313869,3,STE,STE7,MEK1,MAP2K1
STE7,-0.645,31,KRSA,0.6131386861313869,3,STE,STE7,MEK1,MAP2K2
STE7,-0.645,31,KRSA,0.6131386861313869,3,STE,STE7,MEK3,MAP2K3
STE7,-0.645,31,KRSA,0.6131386861313869,3,STE,STE7,MEK4,MAP2K4
STE7,-0.645,31,KRSA,0.6131386861313869,3,STE,STE7,MEK5,MAP2K5
STE7,-0.645,31,KRSA,0.6131386861313869,3,STE,STE7,MEK3,MAP2K6
STE7,-0.645,31,KRSA,0.6131386861313869,3,STE,STE7,MEK7,MAP2K7
AUR,0.005,80,KRSA,0,1,OTHER,AUR,AUR,AURKA
AUR,0.005,80,KRSA,0,1,OTHER,AUR,AUR,AURKB
AUR,0.005,80,KRSA,0,1,OTHER,AUR,AUR,AURKC
RIPK,-0.29500000000000004,64,KRSA,0.20020855057351408,1,TKL,RIPK,RIPK,ANKK1
RIPK,-0.29500000000000004,64,KRSA,0.20020855057351408,1,TKL,RIPK,RIPK,RIPK1
RIPK,-0.29500000000000004,64,KRSA,0.20020855057351408,1,TKL,RIPK,RIPK,RIPK2
RIPK,-0.29500000000000004,64,KRSA,0.20020855057351408,1,TKL,RIPK,RIPK,RIPK3
RIPK,-0.29500000000000004,64,KRSA,0.20020855057351408,1,TKL,RIPK,RIPK,RIPK4
LKB,-0.47166666666666673,50,KRSA,0.3753910323253389,2,CAMK,CAMKL,LKB,STK11
RSK,-0.4825,44,KRSA,0.4504692387904067,2,AGC,RSK,RSK,RPS6KA1
RSK,-0.4825,44,KRSA,0.4504692387904067,2,AGC,RSK,RSK,RPS6KA2
RSK,-0.4825,44,KRSA,0.4504692387904067,2,AGC,RSK,RSK,RPS6KA3
RSK,-0.4825,44,KRSA,0.4504692387904067,2,AGC,RSK,MSK,RPS6KA4
RSK,-0.4825,44,KRSA,0.4504692387904067,2,AGC,RSK,MSK,RPS6KA5
RSK,-0.4825,44,KRSA,0.4504692387904067,2,AGC,RSK,RSK,RPS6KA6
RSK,-0.4825,44,KRSA,0.4504692387904067,2,AGC,RSK,P70,RPS6KB1
RSK,-0.4825,44,KRSA,0.4504692387904067,2,AGC,RSK,P70,RPS6KB2
CHK1,0.01583333333333333,78,KRSA,0.02502606882168926,1,CAMK,CAMKL,CHK1,CHEK1
MTOR,-0.6791666666666667,28,KRSA,0.6506777893639207,3,ATYPICAL,PIKK,FRAP,MTOR
MAPKAPK,-0.6891666666666667,25,KRSA,0.6882168925964547,3,CAMK,MAPKAPK,MAPKAPK,MAPKAPK2
MAPKAPK,-0.6891666666666667,25,KRSA,0.6882168925964547,3,CAMK,MAPKAPK,MAPKAPK,MAPKAPK3
MAPKAPK,-0.6891666666666667,25,KRSA,0.6882168925964547,3,CAMK,MAPKAPK,MAPKAPK,MAPKAPK5
MAPKAPK,-0.6891666666666667,25,KRSA,0.6882168925964547,3,CAMK,MAPKAPK,MNK,MKNK1
MAPKAPK,-0.6891666666666667,25,KRSA,0.6882168925964547,3,CAMK,MAPKAPK,MNK,MKNK2
ATM,-0.4133333333333334,56,KRSA,0.30031282586027114,2,ATYPICAL,PIKK,ATM,ATM
MSN,0.5966666666666667,34,KRSA,0.5755995828988529,3,STE,STE20,MSN,MAP4K4
MSN,0.5966666666666667,34,KRSA,0.5755995828988529,3,STE,STE20,MSN,NRK
MSN,0.5966666666666667,34,KRSA,0.5755995828988529,3,STE,STE20,MSN,TNIK
FRAY,-1.2325,12,KRSA,0.8508863399374348,4,STE,STE20,FRAY,OXSR1
FRAY,-1.2325,12,KRSA,0.8508863399374348,4,STE,STE20,FRAY,STK39
CK2,-0.6583333333333333,30,KRSA,0.6256517205422315,3,CMGC,CK2,CK2,CSNK2A1
CK2,-0.6583333333333333,30,KRSA,0.6256517205422315,3,CMGC,CK2,CK2,CSNK2A2
CK2,-0.6583333333333333,30,KRSA,0.6256517205422315,3,NA,NA,NA,CSNK2A3
PKCD,0.3566666666666667,59,KRSA,0.26277372262773724,2,AGC,PKC,DELTA,PRKCD
PKCD,0.3566666666666667,59,KRSA,0.26277372262773724,2,AGC,PKC,DELTA,PRKCQ
PKCA,-2.94,1,KRSA,0.9885297184567258,4,AGC,PKC,ALPHA,PRKCA
PKCA,-2.94,1,KRSA,0.9885297184567258,4,AGC,PKC,ALPHA,PRKCB
PKCA,-2.94,1,KRSA,0.9885297184567258,4,AGC,PKC,ALPHA,PRKCG
ERK,-1.3383333333333334,10,KRSA,0.8759124087591241,4,CMGC,MAPK,ERK1,MAPK1
ERK,-1.3383333333333334,10,KRSA,0.8759124087591241,4,CMGC,MAPK,ERK7,MAPK15
ERK,-1.3383333333333334,10,KRSA,0.8759124087591241,4,CMGC,MAPK,ERK1,MAPK3
ERK,-1.3383333333333334,10,KRSA,0.8759124087591241,4,CMGC,MAPK,ERK3,MAPK4
ERK,-1.3383333333333334,10,KRSA,0.8759124087591241,4,CMGC,MAPK,ERK3,MAPK6
ERK,-1.3383333333333334,10,KRSA,0.8759124087591241,4,CMGC,MAPK,ERK5,MAPK7
CDK,-2.0233333333333334,4,KRSA,0.9509906152241918,4,CMGC,CDK,CDC2,CDK1
CDK,-2.0233333333333334,4,KRSA,0.9509906152241918,4,CMGC,CDK,CDK10,CDK10
CDK,-2.0233333333333334,4,KRSA,0.9509906152241918,4,CMGC,CDK,CRK7,CDK12
CDK,-2.0233333333333334,4,KRSA,0.9509906152241918,4,CMGC,CDK,CRK7,CDK13
CDK,-2.0233333333333334,4,KRSA,0.9509906152241918,4,CMGC,CDK,PFTAIRE,CDK14
CDK,-2.0233333333333334,4,KRSA,0.9509906152241918,4,CMGC,CDK,PFTAIRE,CDK15
CDK,-2.0233333333333334,4,KRSA,0.9509906152241918,4,CMGC,CDK,PCTAIRE,CDK16
CDK,-2.0233333333333334,4,KRSA,0.9509906152241918,4,CMGC,CDK,PCTAIRE,CDK17
CDK,-2.0233333333333334,4,KRSA,0.9509906152241918,4,CMGC,CDK,PCTAIRE,CDK18
CDK,-2.0233333333333334,4,KRSA,0.9509906152241918,4,CMGC,CDK,CDK8,CDK19
CDK,-2.0233333333333334,4,KRSA,0.9509906152241918,4,CMGC,CDK,CDC2,CDK2
CDK,-2.0233333333333334,4,KRSA,0.9509906152241918,4,CMGC,CDK,CCRK,CDK20
CDK,-2.0233333333333334,4,KRSA,0.9509906152241918,4,CMGC,CDK,CDC2,CDK3
CDK,-2.0233333333333334,4,KRSA,0.9509906152241918,4,CMGC,CDK,CDK4,CDK4
CDK,-2.0233333333333334,4,KRSA,0.9509906152241918,4,CMGC,CDK,CDK5,CDK5
CDK,-2.0233333333333334,4,KRSA,0.9509906152241918,4,CMGC,CDK,CDK4,CDK6
CDK,-2.0233333333333334,4,KRSA,0.9509906152241918,4,CMGC,CDK,CDK7,CDK7
CDK,-2.0233333333333334,4,KRSA,0.9509906152241918,4,CMGC,CDK,CDK8,CDK8
CDK,-2.0233333333333334,4,KRSA,0.9509906152241918,4,CMGC,CDK,CDK9,CDK9
CDK,-2.0233333333333334,4,KRSA,0.9509906152241918,4,NA,NA,NA,CDK11A
CDK,-2.0233333333333334,4,KRSA,0.9509906152241918,4,NA,NA,NA,CDK11B
PEK,-2.171666666666667,3,KRSA,0.9635036496350365,4,OTHER,PEK,HRI,EIF2AK1
PEK,-2.171666666666667,3,KRSA,0.9635036496350365,4,OTHER,PEK,PKR,EIF2AK2
PEK,-2.171666666666667,3,KRSA,0.9635036496350365,4,OTHER,PEK,PEK,EIF2AK3
PEK,-2.171666666666667,3,KRSA,0.9635036496350365,4,OTHER,PEK,GCN2,EIF2AK4
PKCH,0.8966666666666667,22,KRSA,0.7257559958289885,3,AGC,PKC,ETA,PRKCE
PKCH,0.8966666666666667,22,KRSA,0.7257559958289885,3,AGC,PKC,ETA,PRKCH
JNK,-1.6424999999999998,6,KRSA,0.9259645464025026,4,CMGC,MAPK,JNK,MAPK10
JNK,-1.6424999999999998,6,KRSA,0.9259645464025026,4,CMGC,MAPK,JNK,MAPK8
JNK,-1.6424999999999998,6,KRSA,0.9259645464025026,4,CMGC,MAPK,JNK,MAPK9
COT,0.7116666666666667,24,KRSA,0.7007299270072993,3,STE,STE-UNIQUE,STE-UNIQUE,MAP3K8
P38,-1.5008333333333332,7,KRSA,0.913451511991658,4,CMGC,MAPK,P38,MAPK11
P38,-1.5008333333333332,7,KRSA,0.913451511991658,4,CMGC,MAPK,P38,MAPK12
P38,-1.5008333333333332,7,KRSA,0.913451511991658,4,CMGC,MAPK,P38,MAPK13
P38,-1.5008333333333332,7,KRSA,0.913451511991658,4,CMGC,MAPK,P38,MAPK14
MOS,0.9475,19,KRSA,0.7632950990615224,4,OTHER,MOS,MOS,MOS
PDHK,-1.3458333333333332,9,KRSA,0.8884254431699687,4,ATYPICAL,PDHK,BCKDK,BCKDK
PDHK,-1.3458333333333332,9,KRSA,0.8884254431699687,4,ATYPICAL,PDHK,PDHK,PDK2
PDHK,-1.3458333333333332,9,KRSA,0.8884254431699687,4,ATYPICAL,PDHK,PDHK,PDK3
PDHK,-1.3458333333333332,9,KRSA,0.8884254431699687,4,ATYPICAL,PDHK,PDHK,PDK4
DMPK,-1.3725,8,KRSA,0.9009384775808134,4,AGC,DMPK,GEK,CDC42BPA
DMPK,-1.3725,8,KRSA,0.9009384775808134,4,AGC,DMPK,GEK,CDC42BPB
DMPK,-1.3725,8,KRSA,0.9009384775808134,4,AGC,DMPK,GEK,CDC42BPG
DMPK,-1.3725,8,KRSA,0.9009384775808134,4,AGC,DMPK,CRIK,CIT
DMPK,-1.3725,8,KRSA,0.9009384775808134,4,AGC,DMPK,GEK,DMPK
DMPK,-1.3725,8,KRSA,0.9009384775808134,4,AGC,DMPK,ROCK,ROCK1
DMPK,-1.3725,8,KRSA,0.9009384775808134,4,AGC,DMPK,ROCK,ROCK2
CAMK2,0.585,36,KRSA,0.5505735140771637,3,CAMK,CAMK2,CAMK2,CAMK2A
CAMK2,0.585,36,KRSA,0.5505735140771637,3,CAMK,CAMK2,CAMK2,CAMK2B
CAMK2,0.585,36,KRSA,0.5505735140771637,3,CAMK,CAMK2,CAMK2,CAMK2D
CAMK2,0.585,36,KRSA,0.5505735140771637,3,CAMK,CAMK2,CAMK2,CAMK2G
DYRK,-0.9416666666666668,20,KRSA,0.7507820646506778,4,CMGC,DYRK,DYRK1,DYRK1A
DYRK,-0.9416666666666668,20,KRSA,0.7507820646506778,4,CMGC,DYRK,DYRK1,DYRK1B
DYRK,-0.9416666666666668,20,KRSA,0.7507820646506778,4,CMGC,DYRK,DYRK2,DYRK2
DYRK,-0.9416666666666668,20,KRSA,0.7507820646506778,4,CMGC,DYRK,DYRK2,DYRK3
DYRK,-0.9416666666666668,20,KRSA,0.7507820646506778,4,CMGC,DYRK,DYRK2,DYRK4
DYRK,-0.9416666666666668,20,KRSA,0.7507820646506778,4,CMGC,DYRK,HIPK,HIPK1
DYRK,-0.9416666666666668,20,KRSA,0.7507820646506778,4,CMGC,DYRK,HIPK,HIPK2
DYRK,-0.9416666666666668,20,KRSA,0.7507820646506778,4,CMGC,DYRK,HIPK,HIPK3
DYRK,-0.9416666666666668,20,KRSA,0.7507820646506778,4,CMGC,DYRK,HIPK,HIPK4
DYRK,-0.9416666666666668,20,KRSA,0.7507820646506778,4,CMGC,DYRK,PRP4,PRPF4B
NMO,-1.3083333333333331,11,KRSA,0.8633993743482794,4,CMGC,MAPK,NMO,NLK
IKK,-1.1033333333333333,13,KRSA,0.8383733055265902,4,OTHER,IKK,IKK,CHUK
IKK,-1.1033333333333333,13,KRSA,0.8383733055265902,4,OTHER,IKK,IKK,IKBKB
IKK,-1.1033333333333333,13,KRSA,0.8383733055265902,4,OTHER,IKK,IKK,IKBKE
IKK,-1.1033333333333333,13,KRSA,0.8383733055265902,4,OTHER,IKK,IKK,TBK1
PDK1,-0.9783333333333332,18,KRSA,0.7758081334723671,4,ATYPICAL,PDHK,PDHK,PDK1
PDK1,-0.9783333333333332,18,KRSA,0.7758081334723671,4,AGC,PDK1,PDK1,PDPK1
AKT,-1.0258333333333334,16,KRSA,0.8008342022940563,4,AGC,AKT,AKT,AKT1
AKT,-1.0258333333333334,16,KRSA,0.8008342022940563,4,AGC,AKT,AKT,AKT2
AKT,-1.0258333333333334,16,KRSA,0.8008342022940563,4,AGC,AKT,AKT,AKT3
PHK,-2.26,2,KRSA,0.9760166840458812,4,CAMK,PHK,PHK,PHKG1
PHK,-2.26,2,KRSA,0.9760166840458812,4,CAMK,PHK,PHK,PHKG2
QIK,-1.765,5,KRSA,0.9384775808133472,4,CAMK,CAMKL,QIK,SIK1
QIK,-1.765,5,KRSA,0.9384775808133472,4,CAMK,CAMKL,QIK,SIK2
NDR,-0.5508333333333334,39,KRSA,0.5130344108446299,3,AGC,NDR,NDR,LATS1
NDR,-0.5508333333333334,39,KRSA,0.5130344108446299,3,AGC,NDR,NDR,LATS2
NDR,-0.5508333333333334,39,KRSA,0.5130344108446299,3,AGC,NDR,NDR,STK38
NDR,-0.5508333333333334,39,KRSA,0.5130344108446299,3,AGC,NDR,NDR,STK38L
NEK,0.15666666666666665,70,KRSA,0.1251303441084463,1,OTHER,NEK,NEK11,NEK11
NEK,0.15666666666666665,70,KRSA,0.1251303441084463,1,OTHER,NEK,NEK2,NEK2
NEK,0.15666666666666665,70,KRSA,0.1251303441084463,1,OTHER,NEK,NEK1,NEK3
NEK,0.15666666666666665,70,KRSA,0.1251303441084463,1,OTHER,NEK,NEK4,NEK4
NEK,0.15666666666666665,70,KRSA,0.1251303441084463,1,OTHER,NEK,NEK1,NEK5
NEK,0.15666666666666665,70,KRSA,0.1251303441084463,1,OTHER,NEK,NEK6,NEK6
NEK,0.15666666666666665,70,KRSA,0.1251303441084463,1,OTHER,NEK,NEK6,NEK7
NEK,0.15666666666666665,70,KRSA,0.1251303441084463,1,OTHER,NEK,NEK8,NEK8
NEK,0.15666666666666665,70,KRSA,0.1251303441084463,1,OTHER,NEK,NEK8,NEK9
VRK1,-0.01916666666666661,77,KRSA,0.03753910323253389,1,CK1,VRK,VRK,VRK1
MLCK,0.4783333333333333,47,KRSA,0.4129301355578728,2,CAMK,MLCK,MLCK,MYLK
MLCK,0.4783333333333333,47,KRSA,0.4129301355578728,2,CAMK,MLCK,MLCK,MYLK2
MLCK,0.4783333333333333,47,KRSA,0.4129301355578728,2,CAMK,MLCK,MLCK,TTN
NAK,0.28333333333333327,65,KRSA,0.18769551616266944,1,OTHER,NAK,BIKE,AAK1
NAK,0.28333333333333327,65,KRSA,0.18769551616266944,1,OTHER,NAK,BIKE,BMP2K
NAK,0.28333333333333327,65,KRSA,0.18769551616266944,1,OTHER,NAK,GAK,GAK
NAK,0.28333333333333327,65,KRSA,0.18769551616266944,1,OTHER,NAK,MPSK,STK16
IRAK,0.04833333333333334,76,KRSA,0.05005213764337852,1,TKL,IRAK,IRAK,IRAK1
IRAK,0.04833333333333334,76,KRSA,0.05005213764337852,1,TKL,IRAK,IRAK,IRAK2
IRAK,0.04833333333333334,76,KRSA,0.05005213764337852,1,TKL,IRAK,IRAK,IRAK3
IRAK,0.04833333333333334,76,KRSA,0.05005213764337852,1,TKL,IRAK,IRAK,IRAK4
CHK1,0.01583333333333333,78,KRSA,0.02502606882168926,1,CAMK,CAMKL,CHK1,CHEK1
PAKA,-1.055,15,KRSA,0.8133472367049009,4,STE,STE20,PAKA,PAK1
PAKA,-1.055,15,KRSA,0.8133472367049009,4,STE,STE20,PAKA,PAK2
PAKA,-1.055,15,KRSA,0.8133472367049009,4,STE,STE20,PAKA,PAK3
MELK,-0.10750000000000004,72,KRSA,0.10010427528675704,1,CAMK,CAMKL,MELK,MELK
GRK,-0.5425,40,KRSA,0.5005213764337852,3,AGC,GRK,GRK,GRK1
GRK,-0.5425,40,KRSA,0.5005213764337852,3,AGC,GRK,GRK,GRK4
GRK,-0.5425,40,KRSA,0.5005213764337852,3,AGC,GRK,GRK,GRK5
GRK,-0.5425,40,KRSA,0.5005213764337852,3,AGC,GRK,GRK,GRK6
GRK,-0.5425,40,KRSA,0.5005213764337852,3,AGC,GRK,GRK,GRK7
RAD53,0.06666666666666665,75,KRSA,0.06256517205422316,1,CAMK,RAD53,RAD53,CHEK2
DAPK,-0.5575,38,KRSA,0.5255474452554745,3,CAMK,DAPK,DAPK,DAPK1
DAPK,-0.5575,38,KRSA,0.5255474452554745,3,CAMK,DAPK,DAPK,DAPK2
DAPK,-0.5575,38,KRSA,0.5255474452554745,3,CAMK,DAPK,DAPK,DAPK3
DAPK,-0.5575,38,KRSA,0.5255474452554745,3,CAMK,DAPK,DRAK,STK17A
DAPK,-0.5575,38,KRSA,0.5255474452554745,3,CAMK,DAPK,DRAK,STK17B
AUR,0.005,80,KRSA,0,1,OTHER,AUR,AUR,AURKA
AUR,0.005,80,KRSA,0,1,OTHER,AUR,AUR,AURKB
AUR,0.005,80,KRSA,0,1,OTHER,AUR,AUR,AURKC
RAF,-1.0108333333333333,17,KRSA,0.7883211678832117,4,TKL,RAF,RAF,ARAF
RAF,-1.0108333333333333,17,KRSA,0.7883211678832117,4,TKL,RAF,RAF,BRAF
RAF,-1.0108333333333333,17,KRSA,0.7883211678832117,4,TKL,RAF,KSR,KSR1
RAF,-1.0108333333333333,17,KRSA,0.7883211678832117,4,TKL,RAF,KSR,KSR2
RAF,-1.0108333333333333,17,KRSA,0.7883211678832117,4,TKL,RAF,RAF,RAF1
CAMK1,0.1783333333333333,69,KRSA,0.13764337851929093,1,CAMK,CAMK1,CAMK1,CAMK1
CAMK1,0.1783333333333333,69,KRSA,0.13764337851929093,1,CAMK,CAMK1,CAMK1,CAMK1D
CAMK1,0.1783333333333333,69,KRSA,0.13764337851929093,1,CAMK,CAMK1,CAMK1,CAMK1G
CAMK1,0.1783333333333333,69,KRSA,0.13764337851929093,1,CAMK,CAMK1,CAMK1,CAMK4
CAMK1,0.1783333333333333,69,KRSA,0.13764337851929093,1,CAMK,CAMK1,CAMK1,PNCK
NUAK,-0.6825,26,KRSA,0.67570385818561,3,CAMK,CAMKL,NUAK,NUAK1
NUAK,-0.6825,26,KRSA,0.67570385818561,3,CAMK,CAMKL,NUAK,NUAK2
STE7,-0.645,31,KRSA,0.6131386861313869,3,STE,STE7,MEK1,MAP2K1
STE7,-0.645,31,KRSA,0.6131386861313869,3,STE,STE7,MEK1,MAP2K2
STE7,-0.645,31,KRSA,0.6131386861313869,3,STE,STE7,MEK3,MAP2K3
STE7,-0.645,31,KRSA,0.6131386861313869,3,STE,STE7,MEK4,MAP2K4
STE7,-0.645,31,KRSA,0.6131386861313869,3,STE,STE7,MEK5,MAP2K5
STE7,-0.645,31,KRSA,0.6131386861313869,3,STE,STE7,MEK3,MAP2K6
STE7,-0.645,31,KRSA,0.6131386861313869,3,STE,STE7,MEK7,MAP2K7
BARK2,-0.3933333333333333,57,KRSA,0.28779979144942647,2,AGC,GRK,BARK,GRK3
STE11,-0.42166666666666675,54,KRSA,0.32533889468196037,2,TKL,MLK,TAK1,MAP3K7
STE11,-0.42166666666666675,54,KRSA,0.32533889468196037,2,STE,STE11,MEKK1,MAP3K1
STE11,-0.42166666666666675,54,KRSA,0.32533889468196037,2,STE,STE11,ASK,MAP3K15
STE11,-0.42166666666666675,54,KRSA,0.32533889468196037,2,STE,STE11,MEKK2,MAP3K2
STE11,-0.42166666666666675,54,KRSA,0.32533889468196037,2,STE,STE11,MEKK2,MAP3K3
STE11,-0.42166666666666675,54,KRSA,0.32533889468196037,2,STE,STE11,MEKK4,MAP3K4
STE11,-0.42166666666666675,54,KRSA,0.32533889468196037,2,STE,STE11,ASK,MAP3K5
STE11,-0.42166666666666675,54,KRSA,0.32533889468196037,2,STE,STE11,ASK,MAP3K6
HAL,0.33249999999999996,61,KRSA,0.23774765380604795,1,RGC,RGC,RGC,NPR1
TTK,-0.6766666666666666,29,KRSA,0.6381647549530761,3,OTHER,TTK,TTK,TTK
PKN,-0.5641666666666667,37,KRSA,0.5380604796663191,3,AGC,PKN,PKN,PKN1
PKN,-0.5641666666666667,37,KRSA,0.5380604796663191,3,AGC,PKN,PKN,PKN2
PKN,-0.5641666666666667,37,KRSA,0.5380604796663191,3,AGC,PKN,PKN,PKN3
PAKB,-0.30833333333333335,63,KRSA,0.2127215849843587,1,STE,STE20,PAKB,PAK4
PAKB,-0.30833333333333335,63,KRSA,0.2127215849843587,1,STE,STE20,PAKB,PAK5
PAKB,-0.30833333333333335,63,KRSA,0.2127215849843587,1,STE,STE20,PAKB,PAK6
TLK,-0.6816666666666666,27,KRSA,0.6631908237747653,3,OTHER,TLK,TLK,TLK1
TLK,-0.6816666666666666,27,KRSA,0.6631908237747653,3,OTHER,TLK,TLK,TLK2
PLK,-0.9308333333333332,21,KRSA,0.7382690302398331,3,NA,NA,NA,PLK5
PLK,-0.9308333333333332,21,KRSA,0.7382690302398331,3,OTHER,PLK,PLK1,PLK1
PLK,-0.9308333333333332,21,KRSA,0.7382690302398331,3,OTHER,PLK,PLK2,PLK2
PLK,-0.9308333333333332,21,KRSA,0.7382690302398331,3,OTHER,PLK,PLK2,PLK3
PLK,-0.9308333333333332,21,KRSA,0.7382690302398331,3,OTHER,PLK,SAK,PLK4
PRKDC,-0.63,32,KRSA,0.6006256517205423,3,ATYPICAL,PIKK,DNAPK,PRKDC
GSK,-0.3416666666666667,60,KRSA,0.2502606882168926,2,CMGC,GSK,GSK,GSK3A
GSK,-0.3416666666666667,60,KRSA,0.2502606882168926,2,CMGC,GSK,GSK,GSK3B
TAO,0.7341666666666667,23,KRSA,0.7132429614181439,3,STE,STE20,TAO,TAOK1
TAO,0.7341666666666667,23,KRSA,0.7132429614181439,3,STE,STE20,TAO,TAOK2
TAO,0.7341666666666667,23,KRSA,0.7132429614181439,3,STE,STE20,TAO,TAOK3
WNK,-0.47833333333333333,46,KRSA,0.4254431699687174,2,OTHER,WNK,WNK,WNK1
WNK,-0.47833333333333333,46,KRSA,0.4254431699687174,2,OTHER,WNK,WNK,WNK2
WNK,-0.47833333333333333,46,KRSA,0.4254431699687174,2,OTHER,WNK,WNK,WNK3
WNK,-0.47833333333333333,46,KRSA,0.4254431699687174,2,OTHER,WNK,WNK,WNK4
KHS,-0.31583333333333335,62,KRSA,0.22523461939520334,1,STE,STE20,KHS,MAP4K1
KHS,-0.31583333333333335,62,KRSA,0.22523461939520334,1,STE,STE20,KHS,MAP4K2
KHS,-0.31583333333333335,62,KRSA,0.22523461939520334,1,STE,STE20,KHS,MAP4K3
KHS,-0.31583333333333335,62,KRSA,0.22523461939520334,1,STE,STE20,KHS,MAP4K5
RIPK,-0.29500000000000004,64,KRSA,0.20020855057351408,1,TKL,RIPK,RIPK,ANKK1
RIPK,-0.29500000000000004,64,KRSA,0.20020855057351408,1,TKL,RIPK,RIPK,RIPK1
RIPK,-0.29500000000000004,64,KRSA,0.20020855057351408,1,TKL,RIPK,RIPK,RIPK2
RIPK,-0.29500000000000004,64,KRSA,0.20020855057351408,1,TKL,RIPK,RIPK,RIPK3
RIPK,-0.29500000000000004,64,KRSA,0.20020855057351408,1,TKL,RIPK,RIPK,RIPK4
NIK,-0.48583333333333334,42,KRSA,0.4754953076120959,2,STE,STE-UNIQUE,STE-UNIQUE,MAP3K14
BUD32,-0.4816666666666667,45,KRSA,0.43795620437956206,2,OTHER,BUD32,BUD32,TP53RK
PASK,-0.47,51,KRSA,0.36287799791449427,2,CAMK,CAMKL,PASK,PASK
CLK,-0.4733333333333334,49,KRSA,0.38790406673618355,2,CMGC,CLK,CLK,CLK1
CLK,-0.4733333333333334,49,KRSA,0.38790406673618355,2,CMGC,CLK,CLK,CLK2
CLK,-0.4733333333333334,49,KRSA,0.38790406673618355,2,CMGC,CLK,CLK,CLK3
CLK,-0.4733333333333334,49,KRSA,0.38790406673618355,2,CMGC,CLK,CLK,CLK4
MLK,-0.6124999999999999,33,KRSA,0.5881126173096975,3,TKL,MLK,ILK,ILK
MLK,-0.6124999999999999,33,KRSA,0.5881126173096975,3,TKL,MLK,MLK,MAP3K10
MLK,-0.6124999999999999,33,KRSA,0.5881126173096975,3,TKL,MLK,MLK,MAP3K11
MLK,-0.6124999999999999,33,KRSA,0.5881126173096975,3,TKL,MLK,LZK,MAP3K12
MLK,-0.6124999999999999,33,KRSA,0.5881126173096975,3,TKL,MLK,LZK,MAP3K13
MLK,-0.6124999999999999,33,KRSA,0.5881126173096975,3,TKL,MLK,MLK,MAP3K9
MLK,-0.6124999999999999,33,KRSA,0.5881126173096975,3,TKL,MLK,HH498,TNNI3K
ULK,-0.485,43,KRSA,0.4629822732012513,2,OTHER,ULK,FUSED,STK36
ULK,-0.485,43,KRSA,0.4629822732012513,2,OTHER,ULK,ULK,ULK1
ULK,-0.485,43,KRSA,0.4629822732012513,2,OTHER,ULK,ULK,ULK2
ULK,-0.485,43,KRSA,0.4629822732012513,2,OTHER,ULK,ULK,ULK3
ULK,-0.485,43,KRSA,0.4629822732012513,2,OTHER,ULK,ULK,ULK4
SLK,0.2733333333333333,66,KRSA,0.17518248175182483,1,STE,STE20,SLK,SLK
SLK,0.2733333333333333,66,KRSA,0.17518248175182483,1,STE,STE20,SLK,STK10
CAMKK,-0.4766666666666667,48,KRSA,0.40041710114702816,2,OTHER,CAMKK,META,CAMKK1
CAMKK,-0.4766666666666667,48,KRSA,0.40041710114702816,2,OTHER,CAMKK,META,CAMKK2
CK2,-0.6583333333333333,30,KRSA,0.6256517205422315,3,CMGC,CK2,CK2,CSNK2A1
CK2,-0.6583333333333333,30,KRSA,0.6256517205422315,3,CMGC,CK2,CK2,CSNK2A2
CK2,-0.6583333333333333,30,KRSA,0.6256517205422315,3,NA,NA,NA,CSNK2A3
ATR,-0.4183333333333333,55,KRSA,0.31282586027111575,2,ATYPICAL,PIKK,ATR,ATR
BRSK,0.4533333333333333,53,KRSA,0.337851929092805,2,CAMK,CAMKL,BRSK,BRSK1
BRSK,0.4533333333333333,53,KRSA,0.337851929092805,2,CAMK,CAMKL,BRSK,BRSK2
PKD,-0.3908333333333333,58,KRSA,0.27528675703858185,2,CAMK,PKD,PKD,PRKD1
PKD,-0.3908333333333333,58,KRSA,0.27528675703858185,2,CAMK,PKD,PKD,PRKD2
PKD,-0.3908333333333333,58,KRSA,0.27528675703858185,2,CAMK,PKD,PKD,PRKD3
PKG,0.07750000000000005,73,KRSA,0.08759124087591241,1,AGC,PKG,PKG,PRKG1
PKG,0.07750000000000005,73,KRSA,0.08759124087591241,1,AGC,PKG,PKG,PRKG2
MSN,0.5966666666666667,34,KRSA,0.5755995828988529,3,STE,STE20,MSN,MAP4K4
MSN,0.5966666666666667,34,KRSA,0.5755995828988529,3,STE,STE20,MSN,NRK
MSN,0.5966666666666667,34,KRSA,0.5755995828988529,3,STE,STE20,MSN,TNIK
PKA,-0.01000000000000004,79,KRSA,0.01251303441084463,1,AGC,PKA,PKA,PRKACA
PKA,-0.01000000000000004,79,KRSA,0.01251303441084463,1,AGC,PKA,PKA,PRKACB
PKA,-0.01000000000000004,79,KRSA,0.01251303441084463,1,AGC,PKA,PKA,PRKACG
PKA,-0.01000000000000004,79,KRSA,0.01251303441084463,1,AGC,PKA,PKA,PRKX
PKA,-0.01000000000000004,79,KRSA,0.01251303441084463,1,AGC,PKA,PKA,PRKY
FRAY,-1.2325,12,KRSA,0.8508863399374348,4,STE,STE20,FRAY,OXSR1
FRAY,-1.2325,12,KRSA,0.8508863399374348,4,STE,STE20,FRAY,STK39
ATM,-0.4133333333333334,56,KRSA,0.30031282586027114,2,ATYPICAL,PIKK,ATM,ATM
STKR,-0.22583333333333336,68,KRSA,0.15015641293013557,1,TKL,STKR,TYPE1,ACVR1
STKR,-0.22583333333333336,68,KRSA,0.15015641293013557,1,TKL,STKR,TYPE1,ACVR1B
STKR,-0.22583333333333336,68,KRSA,0.15015641293013557,1,TKL,STKR,TYPE1,ACVR1C
STKR,-0.22583333333333336,68,KRSA,0.15015641293013557,1,TKL,STKR,TYPE2,ACVR2A
STKR,-0.22583333333333336,68,KRSA,0.15015641293013557,1,TKL,STKR,TYPE2,ACVR2B
STKR,-0.22583333333333336,68,KRSA,0.15015641293013557,1,TKL,STKR,TYPE1,ACVRL1
STKR,-0.22583333333333336,68,KRSA,0.15015641293013557,1,TKL,STKR,TYPE2,AMHR2
STKR,-0.22583333333333336,68,KRSA,0.15015641293013557,1,TKL,STKR,TYPE1,BMPR1A
STKR,-0.22583333333333336,68,KRSA,0.15015641293013557,1,TKL,STKR,TYPE1,BMPR1B
STKR,-0.22583333333333336,68,KRSA,0.15015641293013557,1,TKL,STKR,TYPE2,BMPR2
STKR,-0.22583333333333336,68,KRSA,0.15015641293013557,1,TKL,STKR,TYPE1,TGFBR1
STKR,-0.22583333333333336,68,KRSA,0.15015641293013557,1,TKL,STKR,TYPE2,TGFBR2
CK1,-1.0816666666666668,14,KRSA,0.8258602711157456,4,CK1,CK1,CK1-A,CSNK1A1
CK1,-1.0816666666666668,14,KRSA,0.8258602711157456,4,CK1,CK1,CK1-A,CSNK1A1L
CK1,-1.0816666666666668,14,KRSA,0.8258602711157456,4,CK1,CK1,CK1-D,CSNK1D
CK1,-1.0816666666666668,14,KRSA,0.8258602711157456,4,CK1,CK1,CK1-D,CSNK1E
CK1,-1.0816666666666668,14,KRSA,0.8258602711157456,4,CK1,CK1,CK1-G,CSNK1G1
CK1,-1.0816666666666668,14,KRSA,0.8258602711157456,4,CK1,CK1,CK1-G,CSNK1G2
CK1,-1.0816666666666668,14,KRSA,0.8258602711157456,4,CK1,CK1,CK1-G,CSNK1G3
CK1,-1.0816666666666668,14,KRSA,0.8258602711157456,4,CK1,TTBK,TTBK,TTBK1
CK1,-1.0816666666666668,14,KRSA,0.8258602711157456,4,CK1,TTBK,TTBK,TTBK2
CK1,-1.0816666666666668,14,KRSA,0.8258602711157456,4,CK1,VRK,VRK,VRK3
AMPK,-0.5875,35,KRSA,0.5630865484880083,3,CAMK,CAMKL,AMPK,PRKAA1
AMPK,-0.5875,35,KRSA,0.5630865484880083,3,CAMK,CAMKL,AMPK,PRKAA2
MTOR,-0.6791666666666667,28,KRSA,0.6506777893639207,3,ATYPICAL,PIKK,FRAP,MTOR
MST,0.075,74,KRSA,0.07507820646506778,1,STE,STE20,MST,STK3
MST,0.075,74,KRSA,0.07507820646506778,1,STE,STE20,MST,STK4
RSK,-0.4825,44,KRSA,0.4504692387904067,2,AGC,RSK,RSK,RPS6KA1
RSK,-0.4825,44,KRSA,0.4504692387904067,2,AGC,RSK,RSK,RPS6KA2
RSK,-0.4825,44,KRSA,0.4504692387904067,2,AGC,RSK,RSK,RPS6KA3
RSK,-0.4825,44,KRSA,0.4504692387904067,2,AGC,RSK,MSK,RPS6KA4
RSK,-0.4825,44,KRSA,0.4504692387904067,2,AGC,RSK,MSK,RPS6KA5
RSK,-0.4825,44,KRSA,0.4504692387904067,2,AGC,RSK,RSK,RPS6KA6
RSK,-0.4825,44,KRSA,0.4504692387904067,2,AGC,RSK,P70,RPS6KB1
RSK,-0.4825,44,KRSA,0.4504692387904067,2,AGC,RSK,P70,RPS6KB2
SGK,-0.23916666666666664,67,KRSA,0.16266944734098018,1,AGC,SGK,SGK,SGK1
SGK,-0.23916666666666664,67,KRSA,0.16266944734098018,1,AGC,SGK,SGK,SGK2
SGK,-0.23916666666666664,67,KRSA,0.16266944734098018,1,AGC,SGK,SGK,SGK3
LKB,-0.47166666666666673,50,KRSA,0.3753910323253389,2,CAMK,CAMKL,LKB,STK11
PIM,-0.11499999999999998,71,KRSA,0.11261730969760167,1,CAMK,PIM,PIM,PIM1
PIM,-0.11499999999999998,71,KRSA,0.11261730969760167,1,CAMK,PIM,PIM,PIM2
PIM,-0.11499999999999998,71,KRSA,0.11261730969760167,1,CAMK,PIM,PIM,PIM3
PKCI,-0.4616666666666666,52,KRSA,0.35036496350364965,2,AGC,PKC,IOTA,PRKCI
PKCI,-0.4616666666666666,52,KRSA,0.35036496350364965,2,AGC,PKC,IOTA,PRKCZ
MAPKAPK,-0.6891666666666667,25,KRSA,0.6882168925964547,3,CAMK,MAPKAPK,MAPKAPK,MAPKAPK2
MAPKAPK,-0.6891666666666667,25,KRSA,0.6882168925964547,3,CAMK,MAPKAPK,MAPKAPK,MAPKAPK3
MAPKAPK,-0.6891666666666667,25,KRSA,0.6882168925964547,3,CAMK,MAPKAPK,MAPKAPK,MAPKAPK5
MAPKAPK,-0.6891666666666667,25,KRSA,0.6882168925964547,3,CAMK,MAPKAPK,MNK,MKNK1
MAPKAPK,-0.6891666666666667,25,KRSA,0.6882168925964547,3,CAMK,MAPKAPK,MNK,MKNK2
PKCA,-2.94,1,KRSA,0.9885297184567258,4,AGC,PKC,ALPHA,PRKCA
PKCA,-2.94,1,KRSA,0.9885297184567258,4,AGC,PKC,ALPHA,PRKCB
PKCA,-2.94,1,KRSA,0.9885297184567258,4,AGC,PKC,ALPHA,PRKCG
CDK,-2.0233333333333334,4,KRSA,0.9509906152241918,4,CMGC,CDK,CDC2,CDK1
CDK,-2.0233333333333334,4,KRSA,0.9509906152241918,4,CMGC,CDK,CDK10,CDK10
CDK,-2.0233333333333334,4,KRSA,0.9509906152241918,4,CMGC,CDK,CRK7,CDK12
CDK,-2.0233333333333334,4,KRSA,0.9509906152241918,4,CMGC,CDK,CRK7,CDK13
CDK,-2.0233333333333334,4,KRSA,0.9509906152241918,4,CMGC,CDK,PFTAIRE,CDK14
CDK,-2.0233333333333334,4,KRSA,0.9509906152241918,4,CMGC,CDK,PFTAIRE,CDK15
CDK,-2.0233333333333334,4,KRSA,0.9509906152241918,4,CMGC,CDK,PCTAIRE,CDK16
CDK,-2.0233333333333334,4,KRSA,0.9509906152241918,4,CMGC,CDK,PCTAIRE,CDK17
CDK,-2.0233333333333334,4,KRSA,0.9509906152241918,4,CMGC,CDK,PCTAIRE,CDK18
CDK,-2.0233333333333334,4,KRSA,0.9509906152241918,4,CMGC,CDK,CDK8,CDK19
CDK,-2.0233333333333334,4,KRSA,0.9509906152241918,4,CMGC,CDK,CDC2,CDK2
CDK,-2.0233333333333334,4,KRSA,0.9509906152241918,4,CMGC,CDK,CCRK,CDK20
CDK,-2.0233333333333334,4,KRSA,0.9509906152241918,4,CMGC,CDK,CDC2,CDK3
CDK,-2.0233333333333334,4,KRSA,0.9509906152241918,4,CMGC,CDK,CDK4,CDK4
CDK,-2.0233333333333334,4,KRSA,0.9509906152241918,4,CMGC,CDK,CDK5,CDK5
CDK,-2.0233333333333334,4,KRSA,0.9509906152241918,4,CMGC,CDK,CDK4,CDK6
CDK,-2.0233333333333334,4,KRSA,0.9509906152241918,4,CMGC,CDK,CDK7,CDK7
CDK,-2.0233333333333334,4,KRSA,0.9509906152241918,4,CMGC,CDK,CDK8,CDK8
CDK,-2.0233333333333334,4,KRSA,0.9509906152241918,4,CMGC,CDK,CDK9,CDK9
CDK,-2.0233333333333334,4,KRSA,0.9509906152241918,4,NA,NA,NA,CDK11A
CDK,-2.0233333333333334,4,KRSA,0.9509906152241918,4,NA,NA,NA,CDK11B
PEK,-2.171666666666667,3,KRSA,0.9635036496350365,4,OTHER,PEK,HRI,EIF2AK1
PEK,-2.171666666666667,3,KRSA,0.9635036496350365,4,OTHER,PEK,PKR,EIF2AK2
PEK,-2.171666666666667,3,KRSA,0.9635036496350365,4,OTHER,PEK,PEK,EIF2AK3
PEK,-2.171666666666667,3,KRSA,0.9635036496350365,4,OTHER,PEK,GCN2,EIF2AK4
PKCH,0.8966666666666667,22,KRSA,0.7257559958289885,3,AGC,PKC,ETA,PRKCE
PKCH,0.8966666666666667,22,KRSA,0.7257559958289885,3,AGC,PKC,ETA,PRKCH
PKD,-0.3908333333333333,58,KRSA,0.27528675703858185,2,CAMK,PKD,PKD,PRKD1
PKD,-0.3908333333333333,58,KRSA,0.27528675703858185,2,CAMK,PKD,PKD,PRKD2
PKD,-0.3908333333333333,58,KRSA,0.27528675703858185,2,CAMK,PKD,PKD,PRKD3
P38,-1.5008333333333332,7,KRSA,0.913451511991658,4,CMGC,MAPK,P38,MAPK11
P38,-1.5008333333333332,7,KRSA,0.913451511991658,4,CMGC,MAPK,P38,MAPK12
P38,-1.5008333333333332,7,KRSA,0.913451511991658,4,CMGC,MAPK,P38,MAPK13
P38,-1.5008333333333332,7,KRSA,0.913451511991658,4,CMGC,MAPK,P38,MAPK14
RAD53,0.06666666666666665,75,KRSA,0.06256517205422316,1,CAMK,RAD53,RAD53,CHEK2
ATM,-0.4133333333333334,56,KRSA,0.30031282586027114,2,ATYPICAL,PIKK,ATM,ATM
JNK,-1.6424999999999998,6,KRSA,0.9259645464025026,4,CMGC,MAPK,JNK,MAPK10
JNK,-1.6424999999999998,6,KRSA,0.9259645464025026,4,CMGC,MAPK,JNK,MAPK8
JNK,-1.6424999999999998,6,KRSA,0.9259645464025026,4,CMGC,MAPK,JNK,MAPK9
PKCD,0.3566666666666667,59,KRSA,0.26277372262773724,2,AGC,PKC,DELTA,PRKCD
PKCD,0.3566666666666667,59,KRSA,0.26277372262773724,2,AGC,PKC,DELTA,PRKCQ
ATR,-0.4183333333333333,55,KRSA,0.31282586027111575,2,ATYPICAL,PIKK,ATR,ATR
VRK1,-0.01916666666666661,77,KRSA,0.03753910323253389,1,CK1,VRK,VRK,VRK1
COT,0.7116666666666667,24,KRSA,0.7007299270072993,3,STE,STE-UNIQUE,STE-UNIQUE,MAP3K8
ERK,-1.3383333333333334,10,KRSA,0.8759124087591241,4,CMGC,MAPK,ERK1,MAPK1
ERK,-1.3383333333333334,10,KRSA,0.8759124087591241,4,CMGC,MAPK,ERK7,MAPK15
ERK,-1.3383333333333334,10,KRSA,0.8759124087591241,4,CMGC,MAPK,ERK1,MAPK3
ERK,-1.3383333333333334,10,KRSA,0.8759124087591241,4,CMGC,MAPK,ERK3,MAPK4
ERK,-1.3383333333333334,10,KRSA,0.8759124087591241,4,CMGC,MAPK,ERK3,MAPK6
ERK,-1.3383333333333334,10,KRSA,0.8759124087591241,4,CMGC,MAPK,ERK5,MAPK7
AKT,-1.0258333333333334,16,KRSA,0.8008342022940563,4,AGC,AKT,AKT,AKT1
AKT,-1.0258333333333334,16,KRSA,0.8008342022940563,4,AGC,AKT,AKT,AKT2
AKT,-1.0258333333333334,16,KRSA,0.8008342022940563,4,AGC,AKT,AKT,AKT3
CK1,-1.0816666666666668,14,KRSA,0.8258602711157456,4,CK1,CK1,CK1-A,CSNK1A1
CK1,-1.0816666666666668,14,KRSA,0.8258602711157456,4,CK1,CK1,CK1-A,CSNK1A1L
CK1,-1.0816666666666668,14,KRSA,0.8258602711157456,4,CK1,CK1,CK1-D,CSNK1D
CK1,-1.0816666666666668,14,KRSA,0.8258602711157456,4,CK1,CK1,CK1-D,CSNK1E
CK1,-1.0816666666666668,14,KRSA,0.8258602711157456,4,CK1,CK1,CK1-G,CSNK1G1
CK1,-1.0816666666666668,14,KRSA,0.8258602711157456,4,CK1,CK1,CK1-G,CSNK1G2
CK1,-1.0816666666666668,14,KRSA,0.8258602711157456,4,CK1,CK1,CK1-G,CSNK1G3
CK1,-1.0816666666666668,14,KRSA,0.8258602711157456,4,CK1,TTBK,TTBK,TTBK1
CK1,-1.0816666666666668,14,KRSA,0.8258602711157456,4,CK1,TTBK,TTBK,TTBK2
CK1,-1.0816666666666668,14,KRSA,0.8258602711157456,4,CK1,VRK,VRK,VRK3
IRAK,0.04833333333333334,76,KRSA,0.05005213764337852,1,TKL,IRAK,IRAK,IRAK1
IRAK,0.04833333333333334,76,KRSA,0.05005213764337852,1,TKL,IRAK,IRAK,IRAK2
IRAK,0.04833333333333334,76,KRSA,0.05005213764337852,1,TKL,IRAK,IRAK,IRAK3
IRAK,0.04833333333333334,76,KRSA,0.05005213764337852,1,TKL,IRAK,IRAK,IRAK4
QIK,-1.765,5,KRSA,0.9384775808133472,4,CAMK,CAMKL,QIK,SIK1
QIK,-1.765,5,KRSA,0.9384775808133472,4,CAMK,CAMKL,QIK,SIK2
PIM,-0.11499999999999998,71,KRSA,0.11261730969760167,1,CAMK,PIM,PIM,PIM1
PIM,-0.11499999999999998,71,KRSA,0.11261730969760167,1,CAMK,PIM,PIM,PIM2
PIM,-0.11499999999999998,71,KRSA,0.11261730969760167,1,CAMK,PIM,PIM,PIM3
CHK1,0.01583333333333333,78,KRSA,0.02502606882168926,1,CAMK,CAMKL,CHK1,CHEK1
CAMK2,0.585,36,KRSA,0.5505735140771637,3,CAMK,CAMK2,CAMK2,CAMK2A
CAMK2,0.585,36,KRSA,0.5505735140771637,3,CAMK,CAMK2,CAMK2,CAMK2B
CAMK2,0.585,36,KRSA,0.5505735140771637,3,CAMK,CAMK2,CAMK2,CAMK2D
CAMK2,0.585,36,KRSA,0.5505735140771637,3,CAMK,CAMK2,CAMK2,CAMK2G
GRK,-0.5425,40,KRSA,0.5005213764337852,3,AGC,GRK,GRK,GRK1
GRK,-0.5425,40,KRSA,0.5005213764337852,3,AGC,GRK,GRK,GRK4
GRK,-0.5425,40,KRSA,0.5005213764337852,3,AGC,GRK,GRK,GRK5
GRK,-0.5425,40,KRSA,0.5005213764337852,3,AGC,GRK,GRK,GRK6
GRK,-0.5425,40,KRSA,0.5005213764337852,3,AGC,GRK,GRK,GRK7
PKCI,-0.4616666666666666,52,KRSA,0.35036496350364965,2,AGC,PKC,IOTA,PRKCI
PKCI,-0.4616666666666666,52,KRSA,0.35036496350364965,2,AGC,PKC,IOTA,PRKCZ
PAKA,-1.055,15,KRSA,0.8133472367049009,4,STE,STE20,PAKA,PAK1
PAKA,-1.055,15,KRSA,0.8133472367049009,4,STE,STE20,PAKA,PAK2
PAKA,-1.055,15,KRSA,0.8133472367049009,4,STE,STE20,PAKA,PAK3
NMO,-1.3083333333333331,11,KRSA,0.8633993743482794,4,CMGC,MAPK,NMO,NLK
PHK,-2.26,2,KRSA,0.9760166840458812,4,CAMK,PHK,PHK,PHKG1
PHK,-2.26,2,KRSA,0.9760166840458812,4,CAMK,PHK,PHK,PHKG2
CK2,-0.6583333333333333,30,KRSA,0.6256517205422315,3,CMGC,CK2,CK2,CSNK2A1
CK2,-0.6583333333333333,30,KRSA,0.6256517205422315,3,CMGC,CK2,CK2,CSNK2A2
CK2,-0.6583333333333333,30,KRSA,0.6256517205422315,3,NA,NA,NA,CSNK2A3
PKG,0.07750000000000005,73,KRSA,0.08759124087591241,1,AGC,PKG,PKG,PRKG1
PKG,0.07750000000000005,73,KRSA,0.08759124087591241,1,AGC,PKG,PKG,PRKG2
STKR,-0.22583333333333336,68,KRSA,0.15015641293013557,1,TKL,STKR,TYPE1,ACVR1
STKR,-0.22583333333333336,68,KRSA,0.15015641293013557,1,TKL,STKR,TYPE1,ACVR1B
STKR,-0.22583333333333336,68,KRSA,0.15015641293013557,1,TKL,STKR,TYPE1,ACVR1C
STKR,-0.22583333333333336,68,KRSA,0.15015641293013557,1,TKL,STKR,TYPE2,ACVR2A
STKR,-0.22583333333333336,68,KRSA,0.15015641293013557,1,TKL,STKR,TYPE2,ACVR2B
STKR,-0.22583333333333336,68,KRSA,0.15015641293013557,1,TKL,STKR,TYPE1,ACVRL1
STKR,-0.22583333333333336,68,KRSA,0.15015641293013557,1,TKL,STKR,TYPE2,AMHR2
STKR,-0.22583333333333336,68,KRSA,0.15015641293013557,1,TKL,STKR,TYPE1,BMPR1A
STKR,-0.22583333333333336,68,KRSA,0.15015641293013557,1,TKL,STKR,TYPE1,BMPR1B
STKR,-0.22583333333333336,68,KRSA,0.15015641293013557,1,TKL,STKR,TYPE2,BMPR2
STKR,-0.22583333333333336,68,KRSA,0.15015641293013557,1,TKL,STKR,TYPE1,TGFBR1
STKR,-0.22583333333333336,68,KRSA,0.15015641293013557,1,TKL,STKR,TYPE2,TGFBR2
MELK,-0.10750000000000004,72,KRSA,0.10010427528675704,1,CAMK,CAMKL,MELK,MELK
PDK1,-0.9783333333333332,18,KRSA,0.7758081334723671,4,ATYPICAL,PDHK,PDHK,PDK1
PDK1,-0.9783333333333332,18,KRSA,0.7758081334723671,4,AGC,PDK1,PDK1,PDPK1
PLK,-0.9308333333333332,21,KRSA,0.7382690302398331,3,NA,NA,NA,PLK5
PLK,-0.9308333333333332,21,KRSA,0.7382690302398331,3,OTHER,PLK,PLK1,PLK1
PLK,-0.9308333333333332,21,KRSA,0.7382690302398331,3,OTHER,PLK,PLK2,PLK2
PLK,-0.9308333333333332,21,KRSA,0.7382690302398331,3,OTHER,PLK,PLK2,PLK3
PLK,-0.9308333333333332,21,KRSA,0.7382690302398331,3,OTHER,PLK,SAK,PLK4
GSK,-0.3416666666666667,60,KRSA,0.2502606882168926,2,CMGC,GSK,GSK,GSK3A
GSK,-0.3416666666666667,60,KRSA,0.2502606882168926,2,CMGC,GSK,GSK,GSK3B
PDHK,-1.3458333333333332,9,KRSA,0.8884254431699687,4,ATYPICAL,PDHK,BCKDK,BCKDK
PDHK,-1.3458333333333332,9,KRSA,0.8884254431699687,4,ATYPICAL,PDHK,PDHK,PDK2
PDHK,-1.3458333333333332,9,KRSA,0.8884254431699687,4,ATYPICAL,PDHK,PDHK,PDK3
PDHK,-1.3458333333333332,9,KRSA,0.8884254431699687,4,ATYPICAL,PDHK,PDHK,PDK4
NDR,-0.5508333333333334,39,KRSA,0.5130344108446299,3,AGC,NDR,NDR,LATS1
NDR,-0.5508333333333334,39,KRSA,0.5130344108446299,3,AGC,NDR,NDR,LATS2
NDR,-0.5508333333333334,39,KRSA,0.5130344108446299,3,AGC,NDR,NDR,STK38
NDR,-0.5508333333333334,39,KRSA,0.5130344108446299,3,AGC,NDR,NDR,STK38L
NEK,0.15666666666666665,70,KRSA,0.1251303441084463,1,OTHER,NEK,NEK11,NEK11
NEK,0.15666666666666665,70,KRSA,0.1251303441084463,1,OTHER,NEK,NEK2,NEK2
NEK,0.15666666666666665,70,KRSA,0.1251303441084463,1,OTHER,NEK,NEK1,NEK3
NEK,0.15666666666666665,70,KRSA,0.1251303441084463,1,OTHER,NEK,NEK4,NEK4
NEK,0.15666666666666665,70,KRSA,0.1251303441084463,1,OTHER,NEK,NEK1,NEK5
NEK,0.15666666666666665,70,KRSA,0.1251303441084463,1,OTHER,NEK,NEK6,NEK6
NEK,0.15666666666666665,70,KRSA,0.1251303441084463,1,OTHER,NEK,NEK6,NEK7
NEK,0.15666666666666665,70,KRSA,0.1251303441084463,1,OTHER,NEK,NEK8,NEK8
NEK,0.15666666666666665,70,KRSA,0.1251303441084463,1,OTHER,NEK,NEK8,NEK9
SGK,-0.23916666666666664,67,KRSA,0.16266944734098018,1,AGC,SGK,SGK,SGK1
SGK,-0.23916666666666664,67,KRSA,0.16266944734098018,1,AGC,SGK,SGK,SGK2
SGK,-0.23916666666666664,67,KRSA,0.16266944734098018,1,AGC,SGK,SGK,SGK3
MLCK,0.4783333333333333,47,KRSA,0.4129301355578728,2,CAMK,MLCK,MLCK,MYLK
MLCK,0.4783333333333333,47,KRSA,0.4129301355578728,2,CAMK,MLCK,MLCK,MYLK2
MLCK,0.4783333333333333,47,KRSA,0.4129301355578728,2,CAMK,MLCK,MLCK,TTN
STE7,-0.645,31,KRSA,0.6131386861313869,3,STE,STE7,MEK1,MAP2K1
STE7,-0.645,31,KRSA,0.6131386861313869,3,STE,STE7,MEK1,MAP2K2
STE7,-0.645,31,KRSA,0.6131386861313869,3,STE,STE7,MEK3,MAP2K3
STE7,-0.645,31,KRSA,0.6131386861313869,3,STE,STE7,MEK4,MAP2K4
STE7,-0.645,31,KRSA,0.6131386861313869,3,STE,STE7,MEK5,MAP2K5
STE7,-0.645,31,KRSA,0.6131386861313869,3,STE,STE7,MEK3,MAP2K6
STE7,-0.645,31,KRSA,0.6131386861313869,3,STE,STE7,MEK7,MAP2K7
MSN,0.5966666666666667,34,KRSA,0.5755995828988529,3,STE,STE20,MSN,MAP4K4
MSN,0.5966666666666667,34,KRSA,0.5755995828988529,3,STE,STE20,MSN,NRK
MSN,0.5966666666666667,34,KRSA,0.5755995828988529,3,STE,STE20,MSN,TNIK
DAPK,-0.5575,38,KRSA,0.5255474452554745,3,CAMK,DAPK,DAPK,DAPK1
DAPK,-0.5575,38,KRSA,0.5255474452554745,3,CAMK,DAPK,DAPK,DAPK2
DAPK,-0.5575,38,KRSA,0.5255474452554745,3,CAMK,DAPK,DAPK,DAPK3
DAPK,-0.5575,38,KRSA,0.5255474452554745,3,CAMK,DAPK,DRAK,STK17A
DAPK,-0.5575,38,KRSA,0.5255474452554745,3,CAMK,DAPK,DRAK,STK17B
STE11,-0.42166666666666675,54,KRSA,0.32533889468196037,2,TKL,MLK,TAK1,MAP3K7
STE11,-0.42166666666666675,54,KRSA,0.32533889468196037,2,STE,STE11,MEKK1,MAP3K1
STE11,-0.42166666666666675,54,KRSA,0.32533889468196037,2,STE,STE11,ASK,MAP3K15
STE11,-0.42166666666666675,54,KRSA,0.32533889468196037,2,STE,STE11,MEKK2,MAP3K2
STE11,-0.42166666666666675,54,KRSA,0.32533889468196037,2,STE,STE11,MEKK2,MAP3K3
STE11,-0.42166666666666675,54,KRSA,0.32533889468196037,2,STE,STE11,MEKK4,MAP3K4
STE11,-0.42166666666666675,54,KRSA,0.32533889468196037,2,STE,STE11,ASK,MAP3K5
STE11,-0.42166666666666675,54,KRSA,0.32533889468196037,2,STE,STE11,ASK,MAP3K6
DMPK,-1.3725,8,KRSA,0.9009384775808134,4,AGC,DMPK,GEK,CDC42BPA
DMPK,-1.3725,8,KRSA,0.9009384775808134,4,AGC,DMPK,GEK,CDC42BPB
DMPK,-1.3725,8,KRSA,0.9009384775808134,4,AGC,DMPK,GEK,CDC42BPG
DMPK,-1.3725,8,KRSA,0.9009384775808134,4,AGC,DMPK,CRIK,CIT
DMPK,-1.3725,8,KRSA,0.9009384775808134,4,AGC,DMPK,GEK,DMPK
DMPK,-1.3725,8,KRSA,0.9009384775808134,4,AGC,DMPK,ROCK,ROCK1
DMPK,-1.3725,8,KRSA,0.9009384775808134,4,AGC,DMPK,ROCK,ROCK2
BARK2,-0.3933333333333333,57,KRSA,0.28779979144942647,2,AGC,GRK,BARK,GRK3
RIPK,-0.29500000000000004,64,KRSA,0.20020855057351408,1,TKL,RIPK,RIPK,ANKK1
RIPK,-0.29500000000000004,64,KRSA,0.20020855057351408,1,TKL,RIPK,RIPK,RIPK1
RIPK,-0.29500000000000004,64,KRSA,0.20020855057351408,1,TKL,RIPK,RIPK,RIPK2
RIPK,-0.29500000000000004,64,KRSA,0.20020855057351408,1,TKL,RIPK,RIPK,RIPK3
RIPK,-0.29500000000000004,64,KRSA,0.20020855057351408,1,TKL,RIPK,RIPK,RIPK4
IKK,-1.1033333333333333,13,KRSA,0.8383733055265902,4,OTHER,IKK,IKK,CHUK
IKK,-1.1033333333333333,13,KRSA,0.8383733055265902,4,OTHER,IKK,IKK,IKBKB
IKK,-1.1033333333333333,13,KRSA,0.8383733055265902,4,OTHER,IKK,IKK,IKBKE
IKK,-1.1033333333333333,13,KRSA,0.8383733055265902,4,OTHER,IKK,IKK,TBK1
AUR,0.005,80,KRSA,0,1,OTHER,AUR,AUR,AURKA
AUR,0.005,80,KRSA,0,1,OTHER,AUR,AUR,AURKB
AUR,0.005,80,KRSA,0,1,OTHER,AUR,AUR,AURKC
RAF,-1.0108333333333333,17,KRSA,0.7883211678832117,4,TKL,RAF,RAF,ARAF
RAF,-1.0108333333333333,17,KRSA,0.7883211678832117,4,TKL,RAF,RAF,BRAF
RAF,-1.0108333333333333,17,KRSA,0.7883211678832117,4,TKL,RAF,KSR,KSR1
RAF,-1.0108333333333333,17,KRSA,0.7883211678832117,4,TKL,RAF,KSR,KSR2
RAF,-1.0108333333333333,17,KRSA,0.7883211678832117,4,TKL,RAF,RAF,RAF1
PKN,-0.5641666666666667,37,KRSA,0.5380604796663191,3,AGC,PKN,PKN,PKN1
PKN,-0.5641666666666667,37,KRSA,0.5380604796663191,3,AGC,PKN,PKN,PKN2
PKN,-0.5641666666666667,37,KRSA,0.5380604796663191,3,AGC,PKN,PKN,PKN3
AMPK,-0.5875,35,KRSA,0.5630865484880083,3,CAMK,CAMKL,AMPK,PRKAA1
AMPK,-0.5875,35,KRSA,0.5630865484880083,3,CAMK,CAMKL,AMPK,PRKAA2
TTK,-0.6766666666666666,29,KRSA,0.6381647549530761,3,OTHER,TTK,TTK,TTK
PAKB,-0.30833333333333335,63,KRSA,0.2127215849843587,1,STE,STE20,PAKB,PAK4
PAKB,-0.30833333333333335,63,KRSA,0.2127215849843587,1,STE,STE20,PAKB,PAK5
PAKB,-0.30833333333333335,63,KRSA,0.2127215849843587,1,STE,STE20,PAKB,PAK6
LKB,-0.47166666666666673,50,KRSA,0.3753910323253389,2,CAMK,CAMKL,LKB,STK11
NUAK,-0.6825,26,KRSA,0.67570385818561,3,CAMK,CAMKL,NUAK,NUAK1
NUAK,-0.6825,26,KRSA,0.67570385818561,3,CAMK,CAMKL,NUAK,NUAK2
TLK,-0.6816666666666666,27,KRSA,0.6631908237747653,3,OTHER,TLK,TLK,TLK1
TLK,-0.6816666666666666,27,KRSA,0.6631908237747653,3,OTHER,TLK,TLK,TLK2
HAL,0.33249999999999996,61,KRSA,0.23774765380604795,1,RGC,RGC,RGC,NPR1
NAK,0.28333333333333327,65,KRSA,0.18769551616266944,1,OTHER,NAK,BIKE,AAK1
NAK,0.28333333333333327,65,KRSA,0.18769551616266944,1,OTHER,NAK,BIKE,BMP2K
NAK,0.28333333333333327,65,KRSA,0.18769551616266944,1,OTHER,NAK,GAK,GAK
NAK,0.28333333333333327,65,KRSA,0.18769551616266944,1,OTHER,NAK,MPSK,STK16
DYRK,-0.9416666666666668,20,KRSA,0.7507820646506778,4,CMGC,DYRK,DYRK1,DYRK1A
DYRK,-0.9416666666666668,20,KRSA,0.7507820646506778,4,CMGC,DYRK,DYRK1,DYRK1B
DYRK,-0.9416666666666668,20,KRSA,0.7507820646506778,4,CMGC,DYRK,DYRK2,DYRK2
DYRK,-0.9416666666666668,20,KRSA,0.7507820646506778,4,CMGC,DYRK,DYRK2,DYRK3
DYRK,-0.9416666666666668,20,KRSA,0.7507820646506778,4,CMGC,DYRK,DYRK2,DYRK4
DYRK,-0.9416666666666668,20,KRSA,0.7507820646506778,4,CMGC,DYRK,HIPK,HIPK1
DYRK,-0.9416666666666668,20,KRSA,0.7507820646506778,4,CMGC,DYRK,HIPK,HIPK2
DYRK,-0.9416666666666668,20,KRSA,0.7507820646506778,4,CMGC,DYRK,HIPK,HIPK3
DYRK,-0.9416666666666668,20,KRSA,0.7507820646506778,4,CMGC,DYRK,HIPK,HIPK4
DYRK,-0.9416666666666668,20,KRSA,0.7507820646506778,4,CMGC,DYRK,PRP4,PRPF4B
MTOR,-0.6791666666666667,28,KRSA,0.6506777893639207,3,ATYPICAL,PIKK,FRAP,MTOR
MST,0.075,74,KRSA,0.07507820646506778,1,STE,STE20,MST,STK3
MST,0.075,74,KRSA,0.07507820646506778,1,STE,STE20,MST,STK4
CAMK1,0.1783333333333333,69,KRSA,0.13764337851929093,1,CAMK,CAMK1,CAMK1,CAMK1
CAMK1,0.1783333333333333,69,KRSA,0.13764337851929093,1,CAMK,CAMK1,CAMK1,CAMK1D
CAMK1,0.1783333333333333,69,KRSA,0.13764337851929093,1,CAMK,CAMK1,CAMK1,CAMK1G
CAMK1,0.1783333333333333,69,KRSA,0.13764337851929093,1,CAMK,CAMK1,CAMK1,CAMK4
CAMK1,0.1783333333333333,69,KRSA,0.13764337851929093,1,CAMK,CAMK1,CAMK1,PNCK
ULK,-0.485,43,KRSA,0.4629822732012513,2,OTHER,ULK,FUSED,STK36
ULK,-0.485,43,KRSA,0.4629822732012513,2,OTHER,ULK,ULK,ULK1
ULK,-0.485,43,KRSA,0.4629822732012513,2,OTHER,ULK,ULK,ULK2
ULK,-0.485,43,KRSA,0.4629822732012513,2,OTHER,ULK,ULK,ULK3
ULK,-0.485,43,KRSA,0.4629822732012513,2,OTHER,ULK,ULK,ULK4
KHS,-0.31583333333333335,62,KRSA,0.22523461939520334,1,STE,STE20,KHS,MAP4K1
KHS,-0.31583333333333335,62,KRSA,0.22523461939520334,1,STE,STE20,KHS,MAP4K2
KHS,-0.31583333333333335,62,KRSA,0.22523461939520334,1,STE,STE20,KHS,MAP4K3
KHS,-0.31583333333333335,62,KRSA,0.22523461939520334,1,STE,STE20,KHS,MAP4K5
CAMKK,-0.4766666666666667,48,KRSA,0.40041710114702816,2,OTHER,CAMKK,META,CAMKK1
CAMKK,-0.4766666666666667,48,KRSA,0.40041710114702816,2,OTHER,CAMKK,META,CAMKK2
PRKDC,-0.63,32,KRSA,0.6006256517205423,3,ATYPICAL,PIKK,DNAPK,PRKDC
NIK,-0.48583333333333334,42,KRSA,0.4754953076120959,2,STE,STE-UNIQUE,STE-UNIQUE,MAP3K14
FRAY,-1.2325,12,KRSA,0.8508863399374348,4,STE,STE20,FRAY,OXSR1
FRAY,-1.2325,12,KRSA,0.8508863399374348,4,STE,STE20,FRAY,STK39
SLK,0.2733333333333333,66,KRSA,0.17518248175182483,1,STE,STE20,SLK,SLK
SLK,0.2733333333333333,66,KRSA,0.17518248175182483,1,STE,STE20,SLK,STK10
PASK,-0.47,51,KRSA,0.36287799791449427,2,CAMK,CAMKL,PASK,PASK
CLK,-0.4733333333333334,49,KRSA,0.38790406673618355,2,CMGC,CLK,CLK,CLK1
CLK,-0.4733333333333334,49,KRSA,0.38790406673618355,2,CMGC,CLK,CLK,CLK2
CLK,-0.4733333333333334,49,KRSA,0.38790406673618355,2,CMGC,CLK,CLK,CLK3
CLK,-0.4733333333333334,49,KRSA,0.38790406673618355,2,CMGC,CLK,CLK,CLK4
BRSK,0.4533333333333333,53,KRSA,0.337851929092805,2,CAMK,CAMKL,BRSK,BRSK1
BRSK,0.4533333333333333,53,KRSA,0.337851929092805,2,CAMK,CAMKL,BRSK,BRSK2
BUD32,-0.4816666666666667,45,KRSA,0.43795620437956206,2,OTHER,BUD32,BUD32,TP53RK
TAO,0.7341666666666667,23,KRSA,0.7132429614181439,3,STE,STE20,TAO,TAOK1
TAO,0.7341666666666667,23,KRSA,0.7132429614181439,3,STE,STE20,TAO,TAOK2
TAO,0.7341666666666667,23,KRSA,0.7132429614181439,3,STE,STE20,TAO,TAOK3
MOS,0.9475,19,KRSA,0.7632950990615224,4,OTHER,MOS,MOS,MOS
WNK,-0.47833333333333333,46,KRSA,0.4254431699687174,2,OTHER,WNK,WNK,WNK1
WNK,-0.47833333333333333,46,KRSA,0.4254431699687174,2,OTHER,WNK,WNK,WNK2
WNK,-0.47833333333333333,46,KRSA,0.4254431699687174,2,OTHER,WNK,WNK,WNK3
WNK,-0.47833333333333333,46,KRSA,0.4254431699687174,2,OTHER,WNK,WNK,WNK4
RSK,-0.4825,44,KRSA,0.4504692387904067,2,AGC,RSK,RSK,RPS6KA1
RSK,-0.4825,44,KRSA,0.4504692387904067,2,AGC,RSK,RSK,RPS6KA2
RSK,-0.4825,44,KRSA,0.4504692387904067,2,AGC,RSK,RSK,RPS6KA3
RSK,-0.4825,44,KRSA,0.4504692387904067,2,AGC,RSK,MSK,RPS6KA4
RSK,-0.4825,44,KRSA,0.4504692387904067,2,AGC,RSK,MSK,RPS6KA5
RSK,-0.4825,44,KRSA,0.4504692387904067,2,AGC,RSK,RSK,RPS6KA6
RSK,-0.4825,44,KRSA,0.4504692387904067,2,AGC,RSK,P70,RPS6KB1
RSK,-0.4825,44,KRSA,0.4504692387904067,2,AGC,RSK,P70,RPS6KB2
MLK,-0.6124999999999999,33,KRSA,0.5881126173096975,3,TKL,MLK,ILK,ILK
MLK,-0.6124999999999999,33,KRSA,0.5881126173096975,3,TKL,MLK,MLK,MAP3K10
MLK,-0.6124999999999999,33,KRSA,0.5881126173096975,3,TKL,MLK,MLK,MAP3K11
MLK,-0.6124999999999999,33,KRSA,0.5881126173096975,3,TKL,MLK,LZK,MAP3K12
MLK,-0.6124999999999999,33,KRSA,0.5881126173096975,3,TKL,MLK,LZK,MAP3K13
MLK,-0.6124999999999999,33,KRSA,0.5881126173096975,3,TKL,MLK,MLK,MAP3K9
MLK,-0.6124999999999999,33,KRSA,0.5881126173096975,3,TKL,MLK,HH498,TNNI3K
PKA,-0.01000000000000004,79,KRSA,0.01251303441084463,1,AGC,PKA,PKA,PRKACA
PKA,-0.01000000000000004,79,KRSA,0.01251303441084463,1,AGC,PKA,PKA,PRKACB
PKA,-0.01000000000000004,79,KRSA,0.01251303441084463,1,AGC,PKA,PKA,PRKACG
PKA,-0.01000000000000004,79,KRSA,0.01251303441084463,1,AGC,PKA,PKA,PRKX
PKA,-0.01000000000000004,79,KRSA,0.01251303441084463,1,AGC,PKA,PKA,PRKY
MAPKAPK,-0.6891666666666667,25,KRSA,0.6882168925964547,3,CAMK,MAPKAPK,MAPKAPK,MAPKAPK2
MAPKAPK,-0.6891666666666667,25,KRSA,0.6882168925964547,3,CAMK,MAPKAPK,MAPKAPK,MAPKAPK3
MAPKAPK,-0.6891666666666667,25,KRSA,0.6882168925964547,3,CAMK,MAPKAPK,MAPKAPK,MAPKAPK5
MAPKAPK,-0.6891666666666667,25,KRSA,0.6882168925964547,3,CAMK,MAPKAPK,MNK,MKNK1
MAPKAPK,-0.6891666666666667,25,KRSA,0.6882168925964547,3,CAMK,MAPKAPK,MNK,MKNK2
PAKA,-1.055,15,KRSA,0.8133472367049009,4,STE,STE20,PAKA,PAK1
PAKA,-1.055,15,KRSA,0.8133472367049009,4,STE,STE20,PAKA,PAK2
PAKA,-1.055,15,KRSA,0.8133472367049009,4,STE,STE20,PAKA,PAK3
RAD53,0.06666666666666665,75,KRSA,0.06256517205422316,1,CAMK,RAD53,RAD53,CHEK2
RIPK,-0.29500000000000004,64,KRSA,0.20020855057351408,1,TKL,RIPK,RIPK,ANKK1
RIPK,-0.29500000000000004,64,KRSA,0.20020855057351408,1,TKL,RIPK,RIPK,RIPK1
RIPK,-0.29500000000000004,64,KRSA,0.20020855057351408,1,TKL,RIPK,RIPK,RIPK2
RIPK,-0.29500000000000004,64,KRSA,0.20020855057351408,1,TKL,RIPK,RIPK,RIPK3
RIPK,-0.29500000000000004,64,KRSA,0.20020855057351408,1,TKL,RIPK,RIPK,RIPK4
PKD,-0.3908333333333333,58,KRSA,0.27528675703858185,2,CAMK,PKD,PKD,PRKD1
PKD,-0.3908333333333333,58,KRSA,0.27528675703858185,2,CAMK,PKD,PKD,PRKD2
PKD,-0.3908333333333333,58,KRSA,0.27528675703858185,2,CAMK,PKD,PKD,PRKD3
PLK,-0.9308333333333332,21,KRSA,0.7382690302398331,3,NA,NA,NA,PLK5
PLK,-0.9308333333333332,21,KRSA,0.7382690302398331,3,OTHER,PLK,PLK1,PLK1
PLK,-0.9308333333333332,21,KRSA,0.7382690302398331,3,OTHER,PLK,PLK2,PLK2
PLK,-0.9308333333333332,21,KRSA,0.7382690302398331,3,OTHER,PLK,PLK2,PLK3
PLK,-0.9308333333333332,21,KRSA,0.7382690302398331,3,OTHER,PLK,SAK,PLK4
PHK,-2.26,2,KRSA,0.9760166840458812,4,CAMK,PHK,PHK,PHKG1
PHK,-2.26,2,KRSA,0.9760166840458812,4,CAMK,PHK,PHK,PHKG2
PKG,0.07750000000000005,73,KRSA,0.08759124087591241,1,AGC,PKG,PKG,PRKG1
PKG,0.07750000000000005,73,KRSA,0.08759124087591241,1,AGC,PKG,PKG,PRKG2
STE7,-0.645,31,KRSA,0.6131386861313869,3,STE,STE7,MEK1,MAP2K1
STE7,-0.645,31,KRSA,0.6131386861313869,3,STE,STE7,MEK1,MAP2K2
STE7,-0.645,31,KRSA,0.6131386861313869,3,STE,STE7,MEK3,MAP2K3
STE7,-0.645,31,KRSA,0.6131386861313869,3,STE,STE7,MEK4,MAP2K4
STE7,-0.645,31,KRSA,0.6131386861313869,3,STE,STE7,MEK5,MAP2K5
STE7,-0.645,31,KRSA,0.6131386861313869,3,STE,STE7,MEK3,MAP2K6
STE7,-0.645,31,KRSA,0.6131386861313869,3,STE,STE7,MEK7,MAP2K7
IKK,-1.1033333333333333,13,KRSA,0.8383733055265902,4,OTHER,IKK,IKK,CHUK
IKK,-1.1033333333333333,13,KRSA,0.8383733055265902,4,OTHER,IKK,IKK,IKBKB
IKK,-1.1033333333333333,13,KRSA,0.8383733055265902,4,OTHER,IKK,IKK,IKBKE
IKK,-1.1033333333333333,13,KRSA,0.8383733055265902,4,OTHER,IKK,IKK,TBK1
PKA,-0.01000000000000004,79,KRSA,0.01251303441084463,1,AGC,PKA,PKA,PRKACA
PKA,-0.01000000000000004,79,KRSA,0.01251303441084463,1,AGC,PKA,PKA,PRKACB
PKA,-0.01000000000000004,79,KRSA,0.01251303441084463,1,AGC,PKA,PKA,PRKACG
PKA,-0.01000000000000004,79,KRSA,0.01251303441084463,1,AGC,PKA,PKA,PRKX
PKA,-0.01000000000000004,79,KRSA,0.01251303441084463,1,AGC,PKA,PKA,PRKY
PDHK,-1.3458333333333332,9,KRSA,0.8884254431699687,4,ATYPICAL,PDHK,BCKDK,BCKDK
PDHK,-1.3458333333333332,9,KRSA,0.8884254431699687,4,ATYPICAL,PDHK,PDHK,PDK2
PDHK,-1.3458333333333332,9,KRSA,0.8884254431699687,4,ATYPICAL,PDHK,PDHK,PDK3
PDHK,-1.3458333333333332,9,KRSA,0.8884254431699687,4,ATYPICAL,PDHK,PDHK,PDK4
PDK1,-0.9783333333333332,18,KRSA,0.7758081334723671,4,ATYPICAL,PDHK,PDHK,PDK1
PDK1,-0.9783333333333332,18,KRSA,0.7758081334723671,4,AGC,PDK1,PDK1,PDPK1
PIM,-0.11499999999999998,71,KRSA,0.11261730969760167,1,CAMK,PIM,PIM,PIM1
PIM,-0.11499999999999998,71,KRSA,0.11261730969760167,1,CAMK,PIM,PIM,PIM2
PIM,-0.11499999999999998,71,KRSA,0.11261730969760167,1,CAMK,PIM,PIM,PIM3
QIK,-1.765,5,KRSA,0.9384775808133472,4,CAMK,CAMKL,QIK,SIK1
QIK,-1.765,5,KRSA,0.9384775808133472,4,CAMK,CAMKL,QIK,SIK2
RSK,-0.4825,44,KRSA,0.4504692387904067,2,AGC,RSK,RSK,RPS6KA1
RSK,-0.4825,44,KRSA,0.4504692387904067,2,AGC,RSK,RSK,RPS6KA2
RSK,-0.4825,44,KRSA,0.4504692387904067,2,AGC,RSK,RSK,RPS6KA3
RSK,-0.4825,44,KRSA,0.4504692387904067,2,AGC,RSK,MSK,RPS6KA4
RSK,-0.4825,44,KRSA,0.4504692387904067,2,AGC,RSK,MSK,RPS6KA5
RSK,-0.4825,44,KRSA,0.4504692387904067,2,AGC,RSK,RSK,RPS6KA6
RSK,-0.4825,44,KRSA,0.4504692387904067,2,AGC,RSK,P70,RPS6KB1
RSK,-0.4825,44,KRSA,0.4504692387904067,2,AGC,RSK,P70,RPS6KB2
ERK,-1.3383333333333334,10,KRSA,0.8759124087591241,4,CMGC,MAPK,ERK1,MAPK1
ERK,-1.3383333333333334,10,KRSA,0.8759124087591241,4,CMGC,MAPK,ERK7,MAPK15
ERK,-1.3383333333333334,10,KRSA,0.8759124087591241,4,CMGC,MAPK,ERK1,MAPK3
ERK,-1.3383333333333334,10,KRSA,0.8759124087591241,4,CMGC,MAPK,ERK3,MAPK4
ERK,-1.3383333333333334,10,KRSA,0.8759124087591241,4,CMGC,MAPK,ERK3,MAPK6
ERK,-1.3383333333333334,10,KRSA,0.8759124087591241,4,CMGC,MAPK,ERK5,MAPK7
DYRK,-0.9416666666666668,20,KRSA,0.7507820646506778,4,CMGC,DYRK,DYRK1,DYRK1A
DYRK,-0.9416666666666668,20,KRSA,0.7507820646506778,4,CMGC,DYRK,DYRK1,DYRK1B
DYRK,-0.9416666666666668,20,KRSA,0.7507820646506778,4,CMGC,DYRK,DYRK2,DYRK2
DYRK,-0.9416666666666668,20,KRSA,0.7507820646506778,4,CMGC,DYRK,DYRK2,DYRK3
DYRK,-0.9416666666666668,20,KRSA,0.7507820646506778,4,CMGC,DYRK,DYRK2,DYRK4
DYRK,-0.9416666666666668,20,KRSA,0.7507820646506778,4,CMGC,DYRK,HIPK,HIPK1
DYRK,-0.9416666666666668,20,KRSA,0.7507820646506778,4,CMGC,DYRK,HIPK,HIPK2
DYRK,-0.9416666666666668,20,KRSA,0.7507820646506778,4,CMGC,DYRK,HIPK,HIPK3
DYRK,-0.9416666666666668,20,KRSA,0.7507820646506778,4,CMGC,DYRK,HIPK,HIPK4
DYRK,-0.9416666666666668,20,KRSA,0.7507820646506778,4,CMGC,DYRK,PRP4,PRPF4B
P38,-1.5008333333333332,7,KRSA,0.913451511991658,4,CMGC,MAPK,P38,MAPK11
P38,-1.5008333333333332,7,KRSA,0.913451511991658,4,CMGC,MAPK,P38,MAPK12
P38,-1.5008333333333332,7,KRSA,0.913451511991658,4,CMGC,MAPK,P38,MAPK13
P38,-1.5008333333333332,7,KRSA,0.913451511991658,4,CMGC,MAPK,P38,MAPK14
JNK,-1.6424999999999998,6,KRSA,0.9259645464025026,4,CMGC,MAPK,JNK,MAPK10
JNK,-1.6424999999999998,6,KRSA,0.9259645464025026,4,CMGC,MAPK,JNK,MAPK8
JNK,-1.6424999999999998,6,KRSA,0.9259645464025026,4,CMGC,MAPK,JNK,MAPK9
MAPKAPK,-0.6891666666666667,25,KRSA,0.6882168925964547,3,CAMK,MAPKAPK,MAPKAPK,MAPKAPK2
MAPKAPK,-0.6891666666666667,25,KRSA,0.6882168925964547,3,CAMK,MAPKAPK,MAPKAPK,MAPKAPK3
MAPKAPK,-0.6891666666666667,25,KRSA,0.6882168925964547,3,CAMK,MAPKAPK,MAPKAPK,MAPKAPK5
MAPKAPK,-0.6891666666666667,25,KRSA,0.6882168925964547,3,CAMK,MAPKAPK,MNK,MKNK1
MAPKAPK,-0.6891666666666667,25,KRSA,0.6882168925964547,3,CAMK,MAPKAPK,MNK,MKNK2
PEK,-2.171666666666667,3,KRSA,0.9635036496350365,4,OTHER,PEK,HRI,EIF2AK1
PEK,-2.171666666666667,3,KRSA,0.9635036496350365,4,OTHER,PEK,PKR,EIF2AK2
PEK,-2.171666666666667,3,KRSA,0.9635036496350365,4,OTHER,PEK,PEK,EIF2AK3
PEK,-2.171666666666667,3,KRSA,0.9635036496350365,4,OTHER,PEK,GCN2,EIF2AK4
CK1,-1.0816666666666668,14,KRSA,0.8258602711157456,4,CK1,CK1,CK1-A,CSNK1A1
CK1,-1.0816666666666668,14,KRSA,0.8258602711157456,4,CK1,CK1,CK1-A,CSNK1A1L
CK1,-1.0816666666666668,14,KRSA,0.8258602711157456,4,CK1,CK1,CK1-D,CSNK1D
CK1,-1.0816666666666668,14,KRSA,0.8258602711157456,4,CK1,CK1,CK1-D,CSNK1E
CK1,-1.0816666666666668,14,KRSA,0.8258602711157456,4,CK1,CK1,CK1-G,CSNK1G1
CK1,-1.0816666666666668,14,KRSA,0.8258602711157456,4,CK1,CK1,CK1-G,CSNK1G2
CK1,-1.0816666666666668,14,KRSA,0.8258602711157456,4,CK1,CK1,CK1-G,CSNK1G3
CK1,-1.0816666666666668,14,KRSA,0.8258602711157456,4,CK1,TTBK,TTBK,TTBK1
CK1,-1.0816666666666668,14,KRSA,0.8258602711157456,4,CK1,TTBK,TTBK,TTBK2
CK1,-1.0816666666666668,14,KRSA,0.8258602711157456,4,CK1,VRK,VRK,VRK3
AKT,-1.0258333333333334,16,KRSA,0.8008342022940563,4,AGC,AKT,AKT,AKT1
AKT,-1.0258333333333334,16,KRSA,0.8008342022940563,4,AGC,AKT,AKT,AKT2
AKT,-1.0258333333333334,16,KRSA,0.8008342022940563,4,AGC,AKT,AKT,AKT3
CDK,-2.0233333333333334,4,KRSA,0.9509906152241918,4,CMGC,CDK,CDC2,CDK1
CDK,-2.0233333333333334,4,KRSA,0.9509906152241918,4,CMGC,CDK,CDK10,CDK10
CDK,-2.0233333333333334,4,KRSA,0.9509906152241918,4,CMGC,CDK,CRK7,CDK12
CDK,-2.0233333333333334,4,KRSA,0.9509906152241918,4,CMGC,CDK,CRK7,CDK13
CDK,-2.0233333333333334,4,KRSA,0.9509906152241918,4,CMGC,CDK,PFTAIRE,CDK14
CDK,-2.0233333333333334,4,KRSA,0.9509906152241918,4,CMGC,CDK,PFTAIRE,CDK15
CDK,-2.0233333333333334,4,KRSA,0.9509906152241918,4,CMGC,CDK,PCTAIRE,CDK16
CDK,-2.0233333333333334,4,KRSA,0.9509906152241918,4,CMGC,CDK,PCTAIRE,CDK17
CDK,-2.0233333333333334,4,KRSA,0.9509906152241918,4,CMGC,CDK,PCTAIRE,CDK18
CDK,-2.0233333333333334,4,KRSA,0.9509906152241918,4,CMGC,CDK,CDK8,CDK19
CDK,-2.0233333333333334,4,KRSA,0.9509906152241918,4,CMGC,CDK,CDC2,CDK2
CDK,-2.0233333333333334,4,KRSA,0.9509906152241918,4,CMGC,CDK,CCRK,CDK20
CDK,-2.0233333333333334,4,KRSA,0.9509906152241918,4,CMGC,CDK,CDC2,CDK3
CDK,-2.0233333333333334,4,KRSA,0.9509906152241918,4,CMGC,CDK,CDK4,CDK4
CDK,-2.0233333333333334,4,KRSA,0.9509906152241918,4,CMGC,CDK,CDK5,CDK5
CDK,-2.0233333333333334,4,KRSA,0.9509906152241918,4,CMGC,CDK,CDK4,CDK6
CDK,-2.0233333333333334,4,KRSA,0.9509906152241918,4,CMGC,CDK,CDK7,CDK7
CDK,-2.0233333333333334,4,KRSA,0.9509906152241918,4,CMGC,CDK,CDK8,CDK8
CDK,-2.0233333333333334,4,KRSA,0.9509906152241918,4,CMGC,CDK,CDK9,CDK9
CDK,-2.0233333333333334,4,KRSA,0.9509906152241918,4,NA,NA,NA,CDK11A
CDK,-2.0233333333333334,4,KRSA,0.9509906152241918,4,NA,NA,NA,CDK11B
DMPK,-1.3725,8,KRSA,0.9009384775808134,4,AGC,DMPK,GEK,CDC42BPA
DMPK,-1.3725,8,KRSA,0.9009384775808134,4,AGC,DMPK,GEK,CDC42BPB
DMPK,-1.3725,8,KRSA,0.9009384775808134,4,AGC,DMPK,GEK,CDC42BPG
DMPK,-1.3725,8,KRSA,0.9009384775808134,4,AGC,DMPK,CRIK,CIT
DMPK,-1.3725,8,KRSA,0.9009384775808134,4,AGC,DMPK,GEK,DMPK
DMPK,-1.3725,8,KRSA,0.9009384775808134,4,AGC,DMPK,ROCK,ROCK1
DMPK,-1.3725,8,KRSA,0.9009384775808134,4,AGC,DMPK,ROCK,ROCK2
MELK,-0.10750000000000004,72,KRSA,0.10010427528675704,1,CAMK,CAMKL,MELK,MELK
SGK,-0.23916666666666664,67,KRSA,0.16266944734098018,1,AGC,SGK,SGK,SGK1
SGK,-0.23916666666666664,67,KRSA,0.16266944734098018,1,AGC,SGK,SGK,SGK2
SGK,-0.23916666666666664,67,KRSA,0.16266944734098018,1,AGC,SGK,SGK,SGK3
RAF,-1.0108333333333333,17,KRSA,0.7883211678832117,4,TKL,RAF,RAF,ARAF
RAF,-1.0108333333333333,17,KRSA,0.7883211678832117,4,TKL,RAF,RAF,BRAF
RAF,-1.0108333333333333,17,KRSA,0.7883211678832117,4,TKL,RAF,KSR,KSR1
RAF,-1.0108333333333333,17,KRSA,0.7883211678832117,4,TKL,RAF,KSR,KSR2
RAF,-1.0108333333333333,17,KRSA,0.7883211678832117,4,TKL,RAF,RAF,RAF1
MST,0.075,74,KRSA,0.07507820646506778,1,STE,STE20,MST,STK3
MST,0.075,74,KRSA,0.07507820646506778,1,STE,STE20,MST,STK4
MTOR,-0.6791666666666667,28,KRSA,0.6506777893639207,3,ATYPICAL,PIKK,FRAP,MTOR
AMPK,-0.5875,35,KRSA,0.5630865484880083,3,CAMK,CAMKL,AMPK,PRKAA1
AMPK,-0.5875,35,KRSA,0.5630865484880083,3,CAMK,CAMKL,AMPK,PRKAA2
CAMK1,0.1783333333333333,69,KRSA,0.13764337851929093,1,CAMK,CAMK1,CAMK1,CAMK1
CAMK1,0.1783333333333333,69,KRSA,0.13764337851929093,1,CAMK,CAMK1,CAMK1,CAMK1D
CAMK1,0.1783333333333333,69,KRSA,0.13764337851929093,1,CAMK,CAMK1,CAMK1,CAMK1G
CAMK1,0.1783333333333333,69,KRSA,0.13764337851929093,1,CAMK,CAMK1,CAMK1,CAMK4
CAMK1,0.1783333333333333,69,KRSA,0.13764337851929093,1,CAMK,CAMK1,CAMK1,PNCK
DAPK,-0.5575,38,KRSA,0.5255474452554745,3,CAMK,DAPK,DAPK,DAPK1
DAPK,-0.5575,38,KRSA,0.5255474452554745,3,CAMK,DAPK,DAPK,DAPK2
DAPK,-0.5575,38,KRSA,0.5255474452554745,3,CAMK,DAPK,DAPK,DAPK3
DAPK,-0.5575,38,KRSA,0.5255474452554745,3,CAMK,DAPK,DRAK,STK17A
DAPK,-0.5575,38,KRSA,0.5255474452554745,3,CAMK,DAPK,DRAK,STK17B
GSK,-0.3416666666666667,60,KRSA,0.2502606882168926,2,CMGC,GSK,GSK,GSK3A
GSK,-0.3416666666666667,60,KRSA,0.2502606882168926,2,CMGC,GSK,GSK,GSK3B
PKCA,-2.94,1,KRSA,0.9885297184567258,4,AGC,PKC,ALPHA,PRKCA
PKCA,-2.94,1,KRSA,0.9885297184567258,4,AGC,PKC,ALPHA,PRKCB
PKCA,-2.94,1,KRSA,0.9885297184567258,4,AGC,PKC,ALPHA,PRKCG
FRAY,-1.2325,12,KRSA,0.8508863399374348,4,STE,STE20,FRAY,OXSR1
FRAY,-1.2325,12,KRSA,0.8508863399374348,4,STE,STE20,FRAY,STK39
NEK,0.15666666666666665,70,KRSA,0.1251303441084463,1,OTHER,NEK,NEK11,NEK11
NEK,0.15666666666666665,70,KRSA,0.1251303441084463,1,OTHER,NEK,NEK2,NEK2
NEK,0.15666666666666665,70,KRSA,0.1251303441084463,1,OTHER,NEK,NEK1,NEK3
NEK,0.15666666666666665,70,KRSA,0.1251303441084463,1,OTHER,NEK,NEK4,NEK4
NEK,0.15666666666666665,70,KRSA,0.1251303441084463,1,OTHER,NEK,NEK1,NEK5
NEK,0.15666666666666665,70,KRSA,0.1251303441084463,1,OTHER,NEK,NEK6,NEK6
NEK,0.15666666666666665,70,KRSA,0.1251303441084463,1,OTHER,NEK,NEK6,NEK7
NEK,0.15666666666666665,70,KRSA,0.1251303441084463,1,OTHER,NEK,NEK8,NEK8
NEK,0.15666666666666665,70,KRSA,0.1251303441084463,1,OTHER,NEK,NEK8,NEK9
MLK,-0.6124999999999999,33,KRSA,0.5881126173096975,3,TKL,MLK,ILK,ILK
MLK,-0.6124999999999999,33,KRSA,0.5881126173096975,3,TKL,MLK,MLK,MAP3K10
MLK,-0.6124999999999999,33,KRSA,0.5881126173096975,3,TKL,MLK,MLK,MAP3K11
MLK,-0.6124999999999999,33,KRSA,0.5881126173096975,3,TKL,MLK,LZK,MAP3K12
MLK,-0.6124999999999999,33,KRSA,0.5881126173096975,3,TKL,MLK,LZK,MAP3K13
MLK,-0.6124999999999999,33,KRSA,0.5881126173096975,3,TKL,MLK,MLK,MAP3K9
MLK,-0.6124999999999999,33,KRSA,0.5881126173096975,3,TKL,MLK,HH498,TNNI3K
CAMK2,0.585,36,KRSA,0.5505735140771637,3,CAMK,CAMK2,CAMK2,CAMK2A
CAMK2,0.585,36,KRSA,0.5505735140771637,3,CAMK,CAMK2,CAMK2,CAMK2B
CAMK2,0.585,36,KRSA,0.5505735140771637,3,CAMK,CAMK2,CAMK2,CAMK2D
CAMK2,0.585,36,KRSA,0.5505735140771637,3,CAMK,CAMK2,CAMK2,CAMK2G
PKCH,0.8966666666666667,22,KRSA,0.7257559958289885,3,AGC,PKC,ETA,PRKCE
PKCH,0.8966666666666667,22,KRSA,0.7257559958289885,3,AGC,PKC,ETA,PRKCH
PKCD,0.3566666666666667,59,KRSA,0.26277372262773724,2,AGC,PKC,DELTA,PRKCD
PKCD,0.3566666666666667,59,KRSA,0.26277372262773724,2,AGC,PKC,DELTA,PRKCQ
IRAK,0.04833333333333334,76,KRSA,0.05005213764337852,1,TKL,IRAK,IRAK,IRAK1
IRAK,0.04833333333333334,76,KRSA,0.05005213764337852,1,TKL,IRAK,IRAK,IRAK2
IRAK,0.04833333333333334,76,KRSA,0.05005213764337852,1,TKL,IRAK,IRAK,IRAK3
IRAK,0.04833333333333334,76,KRSA,0.05005213764337852,1,TKL,IRAK,IRAK,IRAK4
CHK1,0.01583333333333333,78,KRSA,0.02502606882168926,1,CAMK,CAMKL,CHK1,CHEK1
NMO,-1.3083333333333331,11,KRSA,0.8633993743482794,4,CMGC,MAPK,NMO,NLK
ATR,-0.4183333333333333,55,KRSA,0.31282586027111575,2,ATYPICAL,PIKK,ATR,ATR
GRK,-0.5425,40,KRSA,0.5005213764337852,3,AGC,GRK,GRK,GRK1
GRK,-0.5425,40,KRSA,0.5005213764337852,3,AGC,GRK,GRK,GRK4
GRK,-0.5425,40,KRSA,0.5005213764337852,3,AGC,GRK,GRK,GRK5
GRK,-0.5425,40,KRSA,0.5005213764337852,3,AGC,GRK,GRK,GRK6
GRK,-0.5425,40,KRSA,0.5005213764337852,3,AGC,GRK,GRK,GRK7
PRKDC,-0.63,32,KRSA,0.6006256517205423,3,ATYPICAL,PIKK,DNAPK,PRKDC
LKB,-0.47166666666666673,50,KRSA,0.3753910323253389,2,CAMK,CAMKL,LKB,STK11
PKCI,-0.4616666666666666,52,KRSA,0.35036496350364965,2,AGC,PKC,IOTA,PRKCI
PKCI,-0.4616666666666666,52,KRSA,0.35036496350364965,2,AGC,PKC,IOTA,PRKCZ
AUR,0.005,80,KRSA,0,1,OTHER,AUR,AUR,AURKA
AUR,0.005,80,KRSA,0,1,OTHER,AUR,AUR,AURKB
AUR,0.005,80,KRSA,0,1,OTHER,AUR,AUR,AURKC
STE11,-0.42166666666666675,54,KRSA,0.32533889468196037,2,TKL,MLK,TAK1,MAP3K7
STE11,-0.42166666666666675,54,KRSA,0.32533889468196037,2,STE,STE11,MEKK1,MAP3K1
STE11,-0.42166666666666675,54,KRSA,0.32533889468196037,2,STE,STE11,ASK,MAP3K15
STE11,-0.42166666666666675,54,KRSA,0.32533889468196037,2,STE,STE11,MEKK2,MAP3K2
STE11,-0.42166666666666675,54,KRSA,0.32533889468196037,2,STE,STE11,MEKK2,MAP3K3
STE11,-0.42166666666666675,54,KRSA,0.32533889468196037,2,STE,STE11,MEKK4,MAP3K4
STE11,-0.42166666666666675,54,KRSA,0.32533889468196037,2,STE,STE11,ASK,MAP3K5
STE11,-0.42166666666666675,54,KRSA,0.32533889468196037,2,STE,STE11,ASK,MAP3K6
CK2,-0.6583333333333333,30,KRSA,0.6256517205422315,3,CMGC,CK2,CK2,CSNK2A1
CK2,-0.6583333333333333,30,KRSA,0.6256517205422315,3,CMGC,CK2,CK2,CSNK2A2
CK2,-0.6583333333333333,30,KRSA,0.6256517205422315,3,NA,NA,NA,CSNK2A3
STKR,-0.22583333333333336,68,KRSA,0.15015641293013557,1,TKL,STKR,TYPE1,ACVR1
STKR,-0.22583333333333336,68,KRSA,0.15015641293013557,1,TKL,STKR,TYPE1,ACVR1B
STKR,-0.22583333333333336,68,KRSA,0.15015641293013557,1,TKL,STKR,TYPE1,ACVR1C
STKR,-0.22583333333333336,68,KRSA,0.15015641293013557,1,TKL,STKR,TYPE2,ACVR2A
STKR,-0.22583333333333336,68,KRSA,0.15015641293013557,1,TKL,STKR,TYPE2,ACVR2B
STKR,-0.22583333333333336,68,KRSA,0.15015641293013557,1,TKL,STKR,TYPE1,ACVRL1
STKR,-0.22583333333333336,68,KRSA,0.15015641293013557,1,TKL,STKR,TYPE2,AMHR2
STKR,-0.22583333333333336,68,KRSA,0.15015641293013557,1,TKL,STKR,TYPE1,BMPR1A
STKR,-0.22583333333333336,68,KRSA,0.15015641293013557,1,TKL,STKR,TYPE1,BMPR1B
STKR,-0.22583333333333336,68,KRSA,0.15015641293013557,1,TKL,STKR,TYPE2,BMPR2
STKR,-0.22583333333333336,68,KRSA,0.15015641293013557,1,TKL,STKR,TYPE1,TGFBR1
STKR,-0.22583333333333336,68,KRSA,0.15015641293013557,1,TKL,STKR,TYPE2,TGFBR2
VRK1,-0.01916666666666661,77,KRSA,0.03753910323253389,1,CK1,VRK,VRK,VRK1
MLCK,0.4783333333333333,47,KRSA,0.4129301355578728,2,CAMK,MLCK,MLCK,MYLK
MLCK,0.4783333333333333,47,KRSA,0.4129301355578728,2,CAMK,MLCK,MLCK,MYLK2
MLCK,0.4783333333333333,47,KRSA,0.4129301355578728,2,CAMK,MLCK,MLCK,TTN
COT,0.7116666666666667,24,KRSA,0.7007299270072993,3,STE,STE-UNIQUE,STE-UNIQUE,MAP3K8
NDR,-0.5508333333333334,39,KRSA,0.5130344108446299,3,AGC,NDR,NDR,LATS1
NDR,-0.5508333333333334,39,KRSA,0.5130344108446299,3,AGC,NDR,NDR,LATS2
NDR,-0.5508333333333334,39,KRSA,0.5130344108446299,3,AGC,NDR,NDR,STK38
NDR,-0.5508333333333334,39,KRSA,0.5130344108446299,3,AGC,NDR,NDR,STK38L
MSN,0.5966666666666667,34,KRSA,0.5755995828988529,3,STE,STE20,MSN,MAP4K4
MSN,0.5966666666666667,34,KRSA,0.5755995828988529,3,STE,STE20,MSN,NRK
MSN,0.5966666666666667,34,KRSA,0.5755995828988529,3,STE,STE20,MSN,TNIK
ATM,-0.4133333333333334,56,KRSA,0.30031282586027114,2,ATYPICAL,PIKK,ATM,ATM
BARK2,-0.3933333333333333,57,KRSA,0.28779979144942647,2,AGC,GRK,BARK,GRK3
TLK,-0.6816666666666666,27,KRSA,0.6631908237747653,3,OTHER,TLK,TLK,TLK1
TLK,-0.6816666666666666,27,KRSA,0.6631908237747653,3,OTHER,TLK,TLK,TLK2
PAKB,-0.30833333333333335,63,KRSA,0.2127215849843587,1,STE,STE20,PAKB,PAK4
PAKB,-0.30833333333333335,63,KRSA,0.2127215849843587,1,STE,STE20,PAKB,PAK5
PAKB,-0.30833333333333335,63,KRSA,0.2127215849843587,1,STE,STE20,PAKB,PAK6
HAL,0.33249999999999996,61,KRSA,0.23774765380604795,1,RGC,RGC,RGC,NPR1
NUAK,-0.6825,26,KRSA,0.67570385818561,3,CAMK,CAMKL,NUAK,NUAK1
NUAK,-0.6825,26,KRSA,0.67570385818561,3,CAMK,CAMKL,NUAK,NUAK2
TTK,-0.6766666666666666,29,KRSA,0.6381647549530761,3,OTHER,TTK,TTK,TTK
NAK,0.28333333333333327,65,KRSA,0.18769551616266944,1,OTHER,NAK,BIKE,AAK1
NAK,0.28333333333333327,65,KRSA,0.18769551616266944,1,OTHER,NAK,BIKE,BMP2K
NAK,0.28333333333333327,65,KRSA,0.18769551616266944,1,OTHER,NAK,GAK,GAK
NAK,0.28333333333333327,65,KRSA,0.18769551616266944,1,OTHER,NAK,MPSK,STK16
PKN,-0.5641666666666667,37,KRSA,0.5380604796663191,3,AGC,PKN,PKN,PKN1
PKN,-0.5641666666666667,37,KRSA,0.5380604796663191,3,AGC,PKN,PKN,PKN2
PKN,-0.5641666666666667,37,KRSA,0.5380604796663191,3,AGC,PKN,PKN,PKN3
KHS,-0.31583333333333335,62,KRSA,0.22523461939520334,1,STE,STE20,KHS,MAP4K1
KHS,-0.31583333333333335,62,KRSA,0.22523461939520334,1,STE,STE20,KHS,MAP4K2
KHS,-0.31583333333333335,62,KRSA,0.22523461939520334,1,STE,STE20,KHS,MAP4K3
KHS,-0.31583333333333335,62,KRSA,0.22523461939520334,1,STE,STE20,KHS,MAP4K5
BUD32,-0.4816666666666667,45,KRSA,0.43795620437956206,2,OTHER,BUD32,BUD32,TP53RK
WNK,-0.47833333333333333,46,KRSA,0.4254431699687174,2,OTHER,WNK,WNK,WNK1
WNK,-0.47833333333333333,46,KRSA,0.4254431699687174,2,OTHER,WNK,WNK,WNK2
WNK,-0.47833333333333333,46,KRSA,0.4254431699687174,2,OTHER,WNK,WNK,WNK3
WNK,-0.47833333333333333,46,KRSA,0.4254431699687174,2,OTHER,WNK,WNK,WNK4
TAO,0.7341666666666667,23,KRSA,0.7132429614181439,3,STE,STE20,TAO,TAOK1
TAO,0.7341666666666667,23,KRSA,0.7132429614181439,3,STE,STE20,TAO,TAOK2
TAO,0.7341666666666667,23,KRSA,0.7132429614181439,3,STE,STE20,TAO,TAOK3
ULK,-0.485,43,KRSA,0.4629822732012513,2,OTHER,ULK,FUSED,STK36
ULK,-0.485,43,KRSA,0.4629822732012513,2,OTHER,ULK,ULK,ULK1
ULK,-0.485,43,KRSA,0.4629822732012513,2,OTHER,ULK,ULK,ULK2
ULK,-0.485,43,KRSA,0.4629822732012513,2,OTHER,ULK,ULK,ULK3
ULK,-0.485,43,KRSA,0.4629822732012513,2,OTHER,ULK,ULK,ULK4
BRSK,0.4533333333333333,53,KRSA,0.337851929092805,2,CAMK,CAMKL,BRSK,BRSK1
BRSK,0.4533333333333333,53,KRSA,0.337851929092805,2,CAMK,CAMKL,BRSK,BRSK2
CLK,-0.4733333333333334,49,KRSA,0.38790406673618355,2,CMGC,CLK,CLK,CLK1
CLK,-0.4733333333333334,49,KRSA,0.38790406673618355,2,CMGC,CLK,CLK,CLK2
CLK,-0.4733333333333334,49,KRSA,0.38790406673618355,2,CMGC,CLK,CLK,CLK3
CLK,-0.4733333333333334,49,KRSA,0.38790406673618355,2,CMGC,CLK,CLK,CLK4
MOS,0.9475,19,KRSA,0.7632950990615224,4,OTHER,MOS,MOS,MOS
NIK,-0.48583333333333334,42,KRSA,0.4754953076120959,2,STE,STE-UNIQUE,STE-UNIQUE,MAP3K14
CAMKK,-0.4766666666666667,48,KRSA,0.40041710114702816,2,OTHER,CAMKK,META,CAMKK1
CAMKK,-0.4766666666666667,48,KRSA,0.40041710114702816,2,OTHER,CAMKK,META,CAMKK2
SLK,0.2733333333333333,66,KRSA,0.17518248175182483,1,STE,STE20,SLK,SLK
SLK,0.2733333333333333,66,KRSA,0.17518248175182483,1,STE,STE20,SLK,STK10
PASK,-0.47,51,KRSA,0.36287799791449427,2,CAMK,CAMKL,PASK,PASK
PKCA,-2.94,1,KRSA,0.9885297184567258,4,AGC,PKC,ALPHA,PRKCA
PKCA,-2.94,1,KRSA,0.9885297184567258,4,AGC,PKC,ALPHA,PRKCB
PKCA,-2.94,1,KRSA,0.9885297184567258,4,AGC,PKC,ALPHA,PRKCG
PEK,-2.171666666666667,3,KRSA,0.9635036496350365,4,OTHER,PEK,HRI,EIF2AK1
PEK,-2.171666666666667,3,KRSA,0.9635036496350365,4,OTHER,PEK,PKR,EIF2AK2
PEK,-2.171666666666667,3,KRSA,0.9635036496350365,4,OTHER,PEK,PEK,EIF2AK3
PEK,-2.171666666666667,3,KRSA,0.9635036496350365,4,OTHER,PEK,GCN2,EIF2AK4
PHK,-2.26,2,KRSA,0.9760166840458812,4,CAMK,PHK,PHK,PHKG1
PHK,-2.26,2,KRSA,0.9760166840458812,4,CAMK,PHK,PHK,PHKG2
CDK,-2.0233333333333334,4,KRSA,0.9509906152241918,4,CMGC,CDK,CDC2,CDK1
CDK,-2.0233333333333334,4,KRSA,0.9509906152241918,4,CMGC,CDK,CDK10,CDK10
CDK,-2.0233333333333334,4,KRSA,0.9509906152241918,4,CMGC,CDK,CRK7,CDK12
CDK,-2.0233333333333334,4,KRSA,0.9509906152241918,4,CMGC,CDK,CRK7,CDK13
CDK,-2.0233333333333334,4,KRSA,0.9509906152241918,4,CMGC,CDK,PFTAIRE,CDK14
CDK,-2.0233333333333334,4,KRSA,0.9509906152241918,4,CMGC,CDK,PFTAIRE,CDK15
CDK,-2.0233333333333334,4,KRSA,0.9509906152241918,4,CMGC,CDK,PCTAIRE,CDK16
CDK,-2.0233333333333334,4,KRSA,0.9509906152241918,4,CMGC,CDK,PCTAIRE,CDK17
CDK,-2.0233333333333334,4,KRSA,0.9509906152241918,4,CMGC,CDK,PCTAIRE,CDK18
CDK,-2.0233333333333334,4,KRSA,0.9509906152241918,4,CMGC,CDK,CDK8,CDK19
CDK,-2.0233333333333334,4,KRSA,0.9509906152241918,4,CMGC,CDK,CDC2,CDK2
CDK,-2.0233333333333334,4,KRSA,0.9509906152241918,4,CMGC,CDK,CCRK,CDK20
CDK,-2.0233333333333334,4,KRSA,0.9509906152241918,4,CMGC,CDK,CDC2,CDK3
CDK,-2.0233333333333334,4,KRSA,0.9509906152241918,4,CMGC,CDK,CDK4,CDK4
CDK,-2.0233333333333334,4,KRSA,0.9509906152241918,4,CMGC,CDK,CDK5,CDK5
CDK,-2.0233333333333334,4,KRSA,0.9509906152241918,4,CMGC,CDK,CDK4,CDK6
CDK,-2.0233333333333334,4,KRSA,0.9509906152241918,4,CMGC,CDK,CDK7,CDK7
CDK,-2.0233333333333334,4,KRSA,0.9509906152241918,4,CMGC,CDK,CDK8,CDK8
CDK,-2.0233333333333334,4,KRSA,0.9509906152241918,4,CMGC,CDK,CDK9,CDK9
CDK,-2.0233333333333334,4,KRSA,0.9509906152241918,4,NA,NA,NA,CDK11A
CDK,-2.0233333333333334,4,KRSA,0.9509906152241918,4,NA,NA,NA,CDK11B
STE7,-0.645,31,KRSA,0.6131386861313869,3,STE,STE7,MEK1,MAP2K1
STE7,-0.645,31,KRSA,0.6131386861313869,3,STE,STE7,MEK1,MAP2K2
STE7,-0.645,31,KRSA,0.6131386861313869,3,STE,STE7,MEK3,MAP2K3
STE7,-0.645,31,KRSA,0.6131386861313869,3,STE,STE7,MEK4,MAP2K4
STE7,-0.645,31,KRSA,0.6131386861313869,3,STE,STE7,MEK5,MAP2K5
STE7,-0.645,31,KRSA,0.6131386861313869,3,STE,STE7,MEK3,MAP2K6
STE7,-0.645,31,KRSA,0.6131386861313869,3,STE,STE7,MEK7,MAP2K7
IKK,-1.1033333333333333,13,KRSA,0.8383733055265902,4,OTHER,IKK,IKK,CHUK
IKK,-1.1033333333333333,13,KRSA,0.8383733055265902,4,OTHER,IKK,IKK,IKBKB
IKK,-1.1033333333333333,13,KRSA,0.8383733055265902,4,OTHER,IKK,IKK,IKBKE
IKK,-1.1033333333333333,13,KRSA,0.8383733055265902,4,OTHER,IKK,IKK,TBK1
PDK1,-0.9783333333333332,18,KRSA,0.7758081334723671,4,ATYPICAL,PDHK,PDHK,PDK1
PDK1,-0.9783333333333332,18,KRSA,0.7758081334723671,4,AGC,PDK1,PDK1,PDPK1
STE11,-0.42166666666666675,54,KRSA,0.32533889468196037,2,TKL,MLK,TAK1,MAP3K7
STE11,-0.42166666666666675,54,KRSA,0.32533889468196037,2,STE,STE11,MEKK1,MAP3K1
STE11,-0.42166666666666675,54,KRSA,0.32533889468196037,2,STE,STE11,ASK,MAP3K15
STE11,-0.42166666666666675,54,KRSA,0.32533889468196037,2,STE,STE11,MEKK2,MAP3K2
STE11,-0.42166666666666675,54,KRSA,0.32533889468196037,2,STE,STE11,MEKK2,MAP3K3
STE11,-0.42166666666666675,54,KRSA,0.32533889468196037,2,STE,STE11,MEKK4,MAP3K4
STE11,-0.42166666666666675,54,KRSA,0.32533889468196037,2,STE,STE11,ASK,MAP3K5
STE11,-0.42166666666666675,54,KRSA,0.32533889468196037,2,STE,STE11,ASK,MAP3K6
MSN,0.5966666666666667,34,KRSA,0.5755995828988529,3,STE,STE20,MSN,MAP4K4
MSN,0.5966666666666667,34,KRSA,0.5755995828988529,3,STE,STE20,MSN,NRK
MSN,0.5966666666666667,34,KRSA,0.5755995828988529,3,STE,STE20,MSN,TNIK
QIK,-1.765,5,KRSA,0.9384775808133472,4,CAMK,CAMKL,QIK,SIK1
QIK,-1.765,5,KRSA,0.9384775808133472,4,CAMK,CAMKL,QIK,SIK2
PDHK,-1.3458333333333332,9,KRSA,0.8884254431699687,4,ATYPICAL,PDHK,BCKDK,BCKDK
PDHK,-1.3458333333333332,9,KRSA,0.8884254431699687,4,ATYPICAL,PDHK,PDHK,PDK2
PDHK,-1.3458333333333332,9,KRSA,0.8884254431699687,4,ATYPICAL,PDHK,PDHK,PDK3
PDHK,-1.3458333333333332,9,KRSA,0.8884254431699687,4,ATYPICAL,PDHK,PDHK,PDK4
ERK,-1.3383333333333334,10,KRSA,0.8759124087591241,4,CMGC,MAPK,ERK1,MAPK1
ERK,-1.3383333333333334,10,KRSA,0.8759124087591241,4,CMGC,MAPK,ERK7,MAPK15
ERK,-1.3383333333333334,10,KRSA,0.8759124087591241,4,CMGC,MAPK,ERK1,MAPK3
ERK,-1.3383333333333334,10,KRSA,0.8759124087591241,4,CMGC,MAPK,ERK3,MAPK4
ERK,-1.3383333333333334,10,KRSA,0.8759124087591241,4,CMGC,MAPK,ERK3,MAPK6
ERK,-1.3383333333333334,10,KRSA,0.8759124087591241,4,CMGC,MAPK,ERK5,MAPK7
RAF,-1.0108333333333333,17,KRSA,0.7883211678832117,4,TKL,RAF,RAF,ARAF
RAF,-1.0108333333333333,17,KRSA,0.7883211678832117,4,TKL,RAF,RAF,BRAF
RAF,-1.0108333333333333,17,KRSA,0.7883211678832117,4,TKL,RAF,KSR,KSR1
RAF,-1.0108333333333333,17,KRSA,0.7883211678832117,4,TKL,RAF,KSR,KSR2
RAF,-1.0108333333333333,17,KRSA,0.7883211678832117,4,TKL,RAF,RAF,RAF1
P38,-1.5008333333333332,7,KRSA,0.913451511991658,4,CMGC,MAPK,P38,MAPK11
P38,-1.5008333333333332,7,KRSA,0.913451511991658,4,CMGC,MAPK,P38,MAPK12
P38,-1.5008333333333332,7,KRSA,0.913451511991658,4,CMGC,MAPK,P38,MAPK13
P38,-1.5008333333333332,7,KRSA,0.913451511991658,4,CMGC,MAPK,P38,MAPK14
PLK,-0.9308333333333332,21,KRSA,0.7382690302398331,3,NA,NA,NA,PLK5
PLK,-0.9308333333333332,21,KRSA,0.7382690302398331,3,OTHER,PLK,PLK1,PLK1
PLK,-0.9308333333333332,21,KRSA,0.7382690302398331,3,OTHER,PLK,PLK2,PLK2
PLK,-0.9308333333333332,21,KRSA,0.7382690302398331,3,OTHER,PLK,PLK2,PLK3
PLK,-0.9308333333333332,21,KRSA,0.7382690302398331,3,OTHER,PLK,SAK,PLK4
CK2,-0.6583333333333333,30,KRSA,0.6256517205422315,3,CMGC,CK2,CK2,CSNK2A1
CK2,-0.6583333333333333,30,KRSA,0.6256517205422315,3,CMGC,CK2,CK2,CSNK2A2
CK2,-0.6583333333333333,30,KRSA,0.6256517205422315,3,NA,NA,NA,CSNK2A3
CK1,-1.0816666666666668,14,KRSA,0.8258602711157456,4,CK1,CK1,CK1-A,CSNK1A1
CK1,-1.0816666666666668,14,KRSA,0.8258602711157456,4,CK1,CK1,CK1-A,CSNK1A1L
CK1,-1.0816666666666668,14,KRSA,0.8258602711157456,4,CK1,CK1,CK1-D,CSNK1D
CK1,-1.0816666666666668,14,KRSA,0.8258602711157456,4,CK1,CK1,CK1-D,CSNK1E
CK1,-1.0816666666666668,14,KRSA,0.8258602711157456,4,CK1,CK1,CK1-G,CSNK1G1
CK1,-1.0816666666666668,14,KRSA,0.8258602711157456,4,CK1,CK1,CK1-G,CSNK1G2
CK1,-1.0816666666666668,14,KRSA,0.8258602711157456,4,CK1,CK1,CK1-G,CSNK1G3
CK1,-1.0816666666666668,14,KRSA,0.8258602711157456,4,CK1,TTBK,TTBK,TTBK1
CK1,-1.0816666666666668,14,KRSA,0.8258602711157456,4,CK1,TTBK,TTBK,TTBK2
CK1,-1.0816666666666668,14,KRSA,0.8258602711157456,4,CK1,VRK,VRK,VRK3
RIPK,-0.29500000000000004,64,KRSA,0.20020855057351408,1,TKL,RIPK,RIPK,ANKK1
RIPK,-0.29500000000000004,64,KRSA,0.20020855057351408,1,TKL,RIPK,RIPK,RIPK1
RIPK,-0.29500000000000004,64,KRSA,0.20020855057351408,1,TKL,RIPK,RIPK,RIPK2
RIPK,-0.29500000000000004,64,KRSA,0.20020855057351408,1,TKL,RIPK,RIPK,RIPK3
RIPK,-0.29500000000000004,64,KRSA,0.20020855057351408,1,TKL,RIPK,RIPK,RIPK4
LKB,-0.47166666666666673,50,KRSA,0.3753910323253389,2,CAMK,CAMKL,LKB,STK11
COT,0.7116666666666667,24,KRSA,0.7007299270072993,3,STE,STE-UNIQUE,STE-UNIQUE,MAP3K8
NMO,-1.3083333333333331,11,KRSA,0.8633993743482794,4,CMGC,MAPK,NMO,NLK
DYRK,-0.9416666666666668,20,KRSA,0.7507820646506778,4,CMGC,DYRK,DYRK1,DYRK1A
DYRK,-0.9416666666666668,20,KRSA,0.7507820646506778,4,CMGC,DYRK,DYRK1,DYRK1B
DYRK,-0.9416666666666668,20,KRSA,0.7507820646506778,4,CMGC,DYRK,DYRK2,DYRK2
DYRK,-0.9416666666666668,20,KRSA,0.7507820646506778,4,CMGC,DYRK,DYRK2,DYRK3
DYRK,-0.9416666666666668,20,KRSA,0.7507820646506778,4,CMGC,DYRK,DYRK2,DYRK4
DYRK,-0.9416666666666668,20,KRSA,0.7507820646506778,4,CMGC,DYRK,HIPK,HIPK1
DYRK,-0.9416666666666668,20,KRSA,0.7507820646506778,4,CMGC,DYRK,HIPK,HIPK2
DYRK,-0.9416666666666668,20,KRSA,0.7507820646506778,4,CMGC,DYRK,HIPK,HIPK3
DYRK,-0.9416666666666668,20,KRSA,0.7507820646506778,4,CMGC,DYRK,HIPK,HIPK4
DYRK,-0.9416666666666668,20,KRSA,0.7507820646506778,4,CMGC,DYRK,PRP4,PRPF4B
DMPK,-1.3725,8,KRSA,0.9009384775808134,4,AGC,DMPK,GEK,CDC42BPA
DMPK,-1.3725,8,KRSA,0.9009384775808134,4,AGC,DMPK,GEK,CDC42BPB
DMPK,-1.3725,8,KRSA,0.9009384775808134,4,AGC,DMPK,GEK,CDC42BPG
DMPK,-1.3725,8,KRSA,0.9009384775808134,4,AGC,DMPK,CRIK,CIT
DMPK,-1.3725,8,KRSA,0.9009384775808134,4,AGC,DMPK,GEK,DMPK
DMPK,-1.3725,8,KRSA,0.9009384775808134,4,AGC,DMPK,ROCK,ROCK1
DMPK,-1.3725,8,KRSA,0.9009384775808134,4,AGC,DMPK,ROCK,ROCK2
JNK,-1.6424999999999998,6,KRSA,0.9259645464025026,4,CMGC,MAPK,JNK,MAPK10
JNK,-1.6424999999999998,6,KRSA,0.9259645464025026,4,CMGC,MAPK,JNK,MAPK8
JNK,-1.6424999999999998,6,KRSA,0.9259645464025026,4,CMGC,MAPK,JNK,MAPK9
PAKA,-1.055,15,KRSA,0.8133472367049009,4,STE,STE20,PAKA,PAK1
PAKA,-1.055,15,KRSA,0.8133472367049009,4,STE,STE20,PAKA,PAK2
PAKA,-1.055,15,KRSA,0.8133472367049009,4,STE,STE20,PAKA,PAK3
NDR,-0.5508333333333334,39,KRSA,0.5130344108446299,3,AGC,NDR,NDR,LATS1
NDR,-0.5508333333333334,39,KRSA,0.5130344108446299,3,AGC,NDR,NDR,LATS2
NDR,-0.5508333333333334,39,KRSA,0.5130344108446299,3,AGC,NDR,NDR,STK38
NDR,-0.5508333333333334,39,KRSA,0.5130344108446299,3,AGC,NDR,NDR,STK38L
ATR,-0.4183333333333333,55,KRSA,0.31282586027111575,2,ATYPICAL,PIKK,ATR,ATR
PKD,-0.3908333333333333,58,KRSA,0.27528675703858185,2,CAMK,PKD,PKD,PRKD1
PKD,-0.3908333333333333,58,KRSA,0.27528675703858185,2,CAMK,PKD,PKD,PRKD2
PKD,-0.3908333333333333,58,KRSA,0.27528675703858185,2,CAMK,PKD,PKD,PRKD3
MTOR,-0.6791666666666667,28,KRSA,0.6506777893639207,3,ATYPICAL,PIKK,FRAP,MTOR
PRKDC,-0.63,32,KRSA,0.6006256517205423,3,ATYPICAL,PIKK,DNAPK,PRKDC
MELK,-0.10750000000000004,72,KRSA,0.10010427528675704,1,CAMK,CAMKL,MELK,MELK
RSK,-0.4825,44,KRSA,0.4504692387904067,2,AGC,RSK,RSK,RPS6KA1
RSK,-0.4825,44,KRSA,0.4504692387904067,2,AGC,RSK,RSK,RPS6KA2
RSK,-0.4825,44,KRSA,0.4504692387904067,2,AGC,RSK,RSK,RPS6KA3
RSK,-0.4825,44,KRSA,0.4504692387904067,2,AGC,RSK,MSK,RPS6KA4
RSK,-0.4825,44,KRSA,0.4504692387904067,2,AGC,RSK,MSK,RPS6KA5
RSK,-0.4825,44,KRSA,0.4504692387904067,2,AGC,RSK,RSK,RPS6KA6
RSK,-0.4825,44,KRSA,0.4504692387904067,2,AGC,RSK,P70,RPS6KB1
RSK,-0.4825,44,KRSA,0.4504692387904067,2,AGC,RSK,P70,RPS6KB2
NEK,0.15666666666666665,70,KRSA,0.1251303441084463,1,OTHER,NEK,NEK11,NEK11
NEK,0.15666666666666665,70,KRSA,0.1251303441084463,1,OTHER,NEK,NEK2,NEK2
NEK,0.15666666666666665,70,KRSA,0.1251303441084463,1,OTHER,NEK,NEK1,NEK3
NEK,0.15666666666666665,70,KRSA,0.1251303441084463,1,OTHER,NEK,NEK4,NEK4
NEK,0.15666666666666665,70,KRSA,0.1251303441084463,1,OTHER,NEK,NEK1,NEK5
NEK,0.15666666666666665,70,KRSA,0.1251303441084463,1,OTHER,NEK,NEK6,NEK6
NEK,0.15666666666666665,70,KRSA,0.1251303441084463,1,OTHER,NEK,NEK6,NEK7
NEK,0.15666666666666665,70,KRSA,0.1251303441084463,1,OTHER,NEK,NEK8,NEK8
NEK,0.15666666666666665,70,KRSA,0.1251303441084463,1,OTHER,NEK,NEK8,NEK9
GSK,-0.3416666666666667,60,KRSA,0.2502606882168926,2,CMGC,GSK,GSK,GSK3A
GSK,-0.3416666666666667,60,KRSA,0.2502606882168926,2,CMGC,GSK,GSK,GSK3B
MOS,0.9475,19,KRSA,0.7632950990615224,4,OTHER,MOS,MOS,MOS
FRAY,-1.2325,12,KRSA,0.8508863399374348,4,STE,STE20,FRAY,OXSR1
FRAY,-1.2325,12,KRSA,0.8508863399374348,4,STE,STE20,FRAY,STK39
CAMK2,0.585,36,KRSA,0.5505735140771637,3,CAMK,CAMK2,CAMK2,CAMK2A
CAMK2,0.585,36,KRSA,0.5505735140771637,3,CAMK,CAMK2,CAMK2,CAMK2B
CAMK2,0.585,36,KRSA,0.5505735140771637,3,CAMK,CAMK2,CAMK2,CAMK2D
CAMK2,0.585,36,KRSA,0.5505735140771637,3,CAMK,CAMK2,CAMK2,CAMK2G
BRSK,0.4533333333333333,53,KRSA,0.337851929092805,2,CAMK,CAMKL,BRSK,BRSK1
BRSK,0.4533333333333333,53,KRSA,0.337851929092805,2,CAMK,CAMKL,BRSK,BRSK2
SLK,0.2733333333333333,66,KRSA,0.17518248175182483,1,STE,STE20,SLK,SLK
SLK,0.2733333333333333,66,KRSA,0.17518248175182483,1,STE,STE20,SLK,STK10
TAO,0.7341666666666667,23,KRSA,0.7132429614181439,3,STE,STE20,TAO,TAOK1
TAO,0.7341666666666667,23,KRSA,0.7132429614181439,3,STE,STE20,TAO,TAOK2
TAO,0.7341666666666667,23,KRSA,0.7132429614181439,3,STE,STE20,TAO,TAOK3
AKT,-1.0258333333333334,16,KRSA,0.8008342022940563,4,AGC,AKT,AKT,AKT1
AKT,-1.0258333333333334,16,KRSA,0.8008342022940563,4,AGC,AKT,AKT,AKT2
AKT,-1.0258333333333334,16,KRSA,0.8008342022940563,4,AGC,AKT,AKT,AKT3
NAK,0.28333333333333327,65,KRSA,0.18769551616266944,1,OTHER,NAK,BIKE,AAK1
NAK,0.28333333333333327,65,KRSA,0.18769551616266944,1,OTHER,NAK,BIKE,BMP2K
NAK,0.28333333333333327,65,KRSA,0.18769551616266944,1,OTHER,NAK,GAK,GAK
NAK,0.28333333333333327,65,KRSA,0.18769551616266944,1,OTHER,NAK,MPSK,STK16
TTK,-0.6766666666666666,29,KRSA,0.6381647549530761,3,OTHER,TTK,TTK,TTK
PKN,-0.5641666666666667,37,KRSA,0.5380604796663191,3,AGC,PKN,PKN,PKN1
PKN,-0.5641666666666667,37,KRSA,0.5380604796663191,3,AGC,PKN,PKN,PKN2
PKN,-0.5641666666666667,37,KRSA,0.5380604796663191,3,AGC,PKN,PKN,PKN3
TLK,-0.6816666666666666,27,KRSA,0.6631908237747653,3,OTHER,TLK,TLK,TLK1
TLK,-0.6816666666666666,27,KRSA,0.6631908237747653,3,OTHER,TLK,TLK,TLK2
NUAK,-0.6825,26,KRSA,0.67570385818561,3,CAMK,CAMKL,NUAK,NUAK1
NUAK,-0.6825,26,KRSA,0.67570385818561,3,CAMK,CAMKL,NUAK,NUAK2
GRK,-0.5425,40,KRSA,0.5005213764337852,3,AGC,GRK,GRK,GRK1
GRK,-0.5425,40,KRSA,0.5005213764337852,3,AGC,GRK,GRK,GRK4
GRK,-0.5425,40,KRSA,0.5005213764337852,3,AGC,GRK,GRK,GRK5
GRK,-0.5425,40,KRSA,0.5005213764337852,3,AGC,GRK,GRK,GRK6
GRK,-0.5425,40,KRSA,0.5005213764337852,3,AGC,GRK,GRK,GRK7
CAMK1,0.1783333333333333,69,KRSA,0.13764337851929093,1,CAMK,CAMK1,CAMK1,CAMK1
CAMK1,0.1783333333333333,69,KRSA,0.13764337851929093,1,CAMK,CAMK1,CAMK1,CAMK1D
CAMK1,0.1783333333333333,69,KRSA,0.13764337851929093,1,CAMK,CAMK1,CAMK1,CAMK1G
CAMK1,0.1783333333333333,69,KRSA,0.13764337851929093,1,CAMK,CAMK1,CAMK1,CAMK4
CAMK1,0.1783333333333333,69,KRSA,0.13764337851929093,1,CAMK,CAMK1,CAMK1,PNCK
AMPK,-0.5875,35,KRSA,0.5630865484880083,3,CAMK,CAMKL,AMPK,PRKAA1
AMPK,-0.5875,35,KRSA,0.5630865484880083,3,CAMK,CAMKL,AMPK,PRKAA2
PKA,-0.01000000000000004,79,KRSA,0.01251303441084463,1,AGC,PKA,PKA,PRKACA
PKA,-0.01000000000000004,79,KRSA,0.01251303441084463,1,AGC,PKA,PKA,PRKACB
PKA,-0.01000000000000004,79,KRSA,0.01251303441084463,1,AGC,PKA,PKA,PRKACG
PKA,-0.01000000000000004,79,KRSA,0.01251303441084463,1,AGC,PKA,PKA,PRKX
PKA,-0.01000000000000004,79,KRSA,0.01251303441084463,1,AGC,PKA,PKA,PRKY
MAPKAPK,-0.6891666666666667,25,KRSA,0.6882168925964547,3,CAMK,MAPKAPK,MAPKAPK,MAPKAPK2
MAPKAPK,-0.6891666666666667,25,KRSA,0.6882168925964547,3,CAMK,MAPKAPK,MAPKAPK,MAPKAPK3
MAPKAPK,-0.6891666666666667,25,KRSA,0.6882168925964547,3,CAMK,MAPKAPK,MAPKAPK,MAPKAPK5
MAPKAPK,-0.6891666666666667,25,KRSA,0.6882168925964547,3,CAMK,MAPKAPK,MNK,MKNK1
MAPKAPK,-0.6891666666666667,25,KRSA,0.6882168925964547,3,CAMK,MAPKAPK,MNK,MKNK2
BUD32,-0.4816666666666667,45,KRSA,0.43795620437956206,2,OTHER,BUD32,BUD32,TP53RK
NIK,-0.48583333333333334,42,KRSA,0.4754953076120959,2,STE,STE-UNIQUE,STE-UNIQUE,MAP3K14
CAMKK,-0.4766666666666667,48,KRSA,0.40041710114702816,2,OTHER,CAMKK,META,CAMKK1
CAMKK,-0.4766666666666667,48,KRSA,0.40041710114702816,2,OTHER,CAMKK,META,CAMKK2
KHS,-0.31583333333333335,62,KRSA,0.22523461939520334,1,STE,STE20,KHS,MAP4K1
KHS,-0.31583333333333335,62,KRSA,0.22523461939520334,1,STE,STE20,KHS,MAP4K2
KHS,-0.31583333333333335,62,KRSA,0.22523461939520334,1,STE,STE20,KHS,MAP4K3
KHS,-0.31583333333333335,62,KRSA,0.22523461939520334,1,STE,STE20,KHS,MAP4K5
PASK,-0.47,51,KRSA,0.36287799791449427,2,CAMK,CAMKL,PASK,PASK
WNK,-0.47833333333333333,46,KRSA,0.4254431699687174,2,OTHER,WNK,WNK,WNK1
WNK,-0.47833333333333333,46,KRSA,0.4254431699687174,2,OTHER,WNK,WNK,WNK2
WNK,-0.47833333333333333,46,KRSA,0.4254431699687174,2,OTHER,WNK,WNK,WNK3
WNK,-0.47833333333333333,46,KRSA,0.4254431699687174,2,OTHER,WNK,WNK,WNK4
CLK,-0.4733333333333334,49,KRSA,0.38790406673618355,2,CMGC,CLK,CLK,CLK1
CLK,-0.4733333333333334,49,KRSA,0.38790406673618355,2,CMGC,CLK,CLK,CLK2
CLK,-0.4733333333333334,49,KRSA,0.38790406673618355,2,CMGC,CLK,CLK,CLK3
CLK,-0.4733333333333334,49,KRSA,0.38790406673618355,2,CMGC,CLK,CLK,CLK4
ULK,-0.485,43,KRSA,0.4629822732012513,2,OTHER,ULK,FUSED,STK36
ULK,-0.485,43,KRSA,0.4629822732012513,2,OTHER,ULK,ULK,ULK1
ULK,-0.485,43,KRSA,0.4629822732012513,2,OTHER,ULK,ULK,ULK2
ULK,-0.485,43,KRSA,0.4629822732012513,2,OTHER,ULK,ULK,ULK3
ULK,-0.485,43,KRSA,0.4629822732012513,2,OTHER,ULK,ULK,ULK4
PKCI,-0.4616666666666666,52,KRSA,0.35036496350364965,2,AGC,PKC,IOTA,PRKCI
PKCI,-0.4616666666666666,52,KRSA,0.35036496350364965,2,AGC,PKC,IOTA,PRKCZ
IRAK,0.04833333333333334,76,KRSA,0.05005213764337852,1,TKL,IRAK,IRAK,IRAK1
IRAK,0.04833333333333334,76,KRSA,0.05005213764337852,1,TKL,IRAK,IRAK,IRAK2
IRAK,0.04833333333333334,76,KRSA,0.05005213764337852,1,TKL,IRAK,IRAK,IRAK3
IRAK,0.04833333333333334,76,KRSA,0.05005213764337852,1,TKL,IRAK,IRAK,IRAK4
PIM,-0.11499999999999998,71,KRSA,0.11261730969760167,1,CAMK,PIM,PIM,PIM1
PIM,-0.11499999999999998,71,KRSA,0.11261730969760167,1,CAMK,PIM,PIM,PIM2
PIM,-0.11499999999999998,71,KRSA,0.11261730969760167,1,CAMK,PIM,PIM,PIM3
ATM,-0.4133333333333334,56,KRSA,0.30031282586027114,2,ATYPICAL,PIKK,ATM,ATM
PKCD,0.3566666666666667,59,KRSA,0.26277372262773724,2,AGC,PKC,DELTA,PRKCD
PKCD,0.3566666666666667,59,KRSA,0.26277372262773724,2,AGC,PKC,DELTA,PRKCQ
STKR,-0.22583333333333336,68,KRSA,0.15015641293013557,1,TKL,STKR,TYPE1,ACVR1
STKR,-0.22583333333333336,68,KRSA,0.15015641293013557,1,TKL,STKR,TYPE1,ACVR1B
STKR,-0.22583333333333336,68,KRSA,0.15015641293013557,1,TKL,STKR,TYPE1,ACVR1C
STKR,-0.22583333333333336,68,KRSA,0.15015641293013557,1,TKL,STKR,TYPE2,ACVR2A
STKR,-0.22583333333333336,68,KRSA,0.15015641293013557,1,TKL,STKR,TYPE2,ACVR2B
STKR,-0.22583333333333336,68,KRSA,0.15015641293013557,1,TKL,STKR,TYPE1,ACVRL1
STKR,-0.22583333333333336,68,KRSA,0.15015641293013557,1,TKL,STKR,TYPE2,AMHR2
STKR,-0.22583333333333336,68,KRSA,0.15015641293013557,1,TKL,STKR,TYPE1,BMPR1A
STKR,-0.22583333333333336,68,KRSA,0.15015641293013557,1,TKL,STKR,TYPE1,BMPR1B
STKR,-0.22583333333333336,68,KRSA,0.15015641293013557,1,TKL,STKR,TYPE2,BMPR2
STKR,-0.22583333333333336,68,KRSA,0.15015641293013557,1,TKL,STKR,TYPE1,TGFBR1
STKR,-0.22583333333333336,68,KRSA,0.15015641293013557,1,TKL,STKR,TYPE2,TGFBR2
DAPK,-0.5575,38,KRSA,0.5255474452554745,3,CAMK,DAPK,DAPK,DAPK1
DAPK,-0.5575,38,KRSA,0.5255474452554745,3,CAMK,DAPK,DAPK,DAPK2
DAPK,-0.5575,38,KRSA,0.5255474452554745,3,CAMK,DAPK,DAPK,DAPK3
DAPK,-0.5575,38,KRSA,0.5255474452554745,3,CAMK,DAPK,DRAK,STK17A
DAPK,-0.5575,38,KRSA,0.5255474452554745,3,CAMK,DAPK,DRAK,STK17B
CHK1,0.01583333333333333,78,KRSA,0.02502606882168926,1,CAMK,CAMKL,CHK1,CHEK1
MLK,-0.6124999999999999,33,KRSA,0.5881126173096975,3,TKL,MLK,ILK,ILK
MLK,-0.6124999999999999,33,KRSA,0.5881126173096975,3,TKL,MLK,MLK,MAP3K10
MLK,-0.6124999999999999,33,KRSA,0.5881126173096975,3,TKL,MLK,MLK,MAP3K11
MLK,-0.6124999999999999,33,KRSA,0.5881126173096975,3,TKL,MLK,LZK,MAP3K12
MLK,-0.6124999999999999,33,KRSA,0.5881126173096975,3,TKL,MLK,LZK,MAP3K13
MLK,-0.6124999999999999,33,KRSA,0.5881126173096975,3,TKL,MLK,MLK,MAP3K9
MLK,-0.6124999999999999,33,KRSA,0.5881126173096975,3,TKL,MLK,HH498,TNNI3K
PAKB,-0.30833333333333335,63,KRSA,0.2127215849843587,1,STE,STE20,PAKB,PAK4
PAKB,-0.30833333333333335,63,KRSA,0.2127215849843587,1,STE,STE20,PAKB,PAK5
PAKB,-0.30833333333333335,63,KRSA,0.2127215849843587,1,STE,STE20,PAKB,PAK6
HAL,0.33249999999999996,61,KRSA,0.23774765380604795,1,RGC,RGC,RGC,NPR1
SGK,-0.23916666666666664,67,KRSA,0.16266944734098018,1,AGC,SGK,SGK,SGK1
SGK,-0.23916666666666664,67,KRSA,0.16266944734098018,1,AGC,SGK,SGK,SGK2
SGK,-0.23916666666666664,67,KRSA,0.16266944734098018,1,AGC,SGK,SGK,SGK3
MST,0.075,74,KRSA,0.07507820646506778,1,STE,STE20,MST,STK3
MST,0.075,74,KRSA,0.07507820646506778,1,STE,STE20,MST,STK4
RAD53,0.06666666666666665,75,KRSA,0.06256517205422316,1,CAMK,RAD53,RAD53,CHEK2
BARK2,-0.3933333333333333,57,KRSA,0.28779979144942647,2,AGC,GRK,BARK,GRK3
AUR,0.005,80,KRSA,0,1,OTHER,AUR,AUR,AURKA
AUR,0.005,80,KRSA,0,1,OTHER,AUR,AUR,AURKB
AUR,0.005,80,KRSA,0,1,OTHER,AUR,AUR,AURKC
VRK1,-0.01916666666666661,77,KRSA,0.03753910323253389,1,CK1,VRK,VRK,VRK1
MLCK,0.4783333333333333,47,KRSA,0.4129301355578728,2,CAMK,MLCK,MLCK,MYLK
MLCK,0.4783333333333333,47,KRSA,0.4129301355578728,2,CAMK,MLCK,MLCK,MYLK2
MLCK,0.4783333333333333,47,KRSA,0.4129301355578728,2,CAMK,MLCK,MLCK,TTN
PKG,0.07750000000000005,73,KRSA,0.08759124087591241,1,AGC,PKG,PKG,PRKG1
PKG,0.07750000000000005,73,KRSA,0.08759124087591241,1,AGC,PKG,PKG,PRKG2
PKCH,0.8966666666666667,22,KRSA,0.7257559958289885,3,AGC,PKC,ETA,PRKCE
PKCH,0.8966666666666667,22,KRSA,0.7257559958289885,3,AGC,PKC,ETA,PRKCH
PKCA,-2.94,1,KRSA,0.9885297184567258,4,AGC,PKC,ALPHA,PRKCA
PKCA,-2.94,1,KRSA,0.9885297184567258,4,AGC,PKC,ALPHA,PRKCB
PKCA,-2.94,1,KRSA,0.9885297184567258,4,AGC,PKC,ALPHA,PRKCG
PEK,-2.171666666666667,3,KRSA,0.9635036496350365,4,OTHER,PEK,HRI,EIF2AK1
PEK,-2.171666666666667,3,KRSA,0.9635036496350365,4,OTHER,PEK,PKR,EIF2AK2
PEK,-2.171666666666667,3,KRSA,0.9635036496350365,4,OTHER,PEK,PEK,EIF2AK3
PEK,-2.171666666666667,3,KRSA,0.9635036496350365,4,OTHER,PEK,GCN2,EIF2AK4
IKK,-1.1033333333333333,13,KRSA,0.8383733055265902,4,OTHER,IKK,IKK,CHUK
IKK,-1.1033333333333333,13,KRSA,0.8383733055265902,4,OTHER,IKK,IKK,IKBKB
IKK,-1.1033333333333333,13,KRSA,0.8383733055265902,4,OTHER,IKK,IKK,IKBKE
IKK,-1.1033333333333333,13,KRSA,0.8383733055265902,4,OTHER,IKK,IKK,TBK1
STE7,-0.645,31,KRSA,0.6131386861313869,3,STE,STE7,MEK1,MAP2K1
STE7,-0.645,31,KRSA,0.6131386861313869,3,STE,STE7,MEK1,MAP2K2
STE7,-0.645,31,KRSA,0.6131386861313869,3,STE,STE7,MEK3,MAP2K3
STE7,-0.645,31,KRSA,0.6131386861313869,3,STE,STE7,MEK4,MAP2K4
STE7,-0.645,31,KRSA,0.6131386861313869,3,STE,STE7,MEK5,MAP2K5
STE7,-0.645,31,KRSA,0.6131386861313869,3,STE,STE7,MEK3,MAP2K6
STE7,-0.645,31,KRSA,0.6131386861313869,3,STE,STE7,MEK7,MAP2K7
CDK,-2.0233333333333334,4,KRSA,0.9509906152241918,4,CMGC,CDK,CDC2,CDK1
CDK,-2.0233333333333334,4,KRSA,0.9509906152241918,4,CMGC,CDK,CDK10,CDK10
CDK,-2.0233333333333334,4,KRSA,0.9509906152241918,4,CMGC,CDK,CRK7,CDK12
CDK,-2.0233333333333334,4,KRSA,0.9509906152241918,4,CMGC,CDK,CRK7,CDK13
CDK,-2.0233333333333334,4,KRSA,0.9509906152241918,4,CMGC,CDK,PFTAIRE,CDK14
CDK,-2.0233333333333334,4,KRSA,0.9509906152241918,4,CMGC,CDK,PFTAIRE,CDK15
CDK,-2.0233333333333334,4,KRSA,0.9509906152241918,4,CMGC,CDK,PCTAIRE,CDK16
CDK,-2.0233333333333334,4,KRSA,0.9509906152241918,4,CMGC,CDK,PCTAIRE,CDK17
CDK,-2.0233333333333334,4,KRSA,0.9509906152241918,4,CMGC,CDK,PCTAIRE,CDK18
CDK,-2.0233333333333334,4,KRSA,0.9509906152241918,4,CMGC,CDK,CDK8,CDK19
CDK,-2.0233333333333334,4,KRSA,0.9509906152241918,4,CMGC,CDK,CDC2,CDK2
CDK,-2.0233333333333334,4,KRSA,0.9509906152241918,4,CMGC,CDK,CCRK,CDK20
CDK,-2.0233333333333334,4,KRSA,0.9509906152241918,4,CMGC,CDK,CDC2,CDK3
CDK,-2.0233333333333334,4,KRSA,0.9509906152241918,4,CMGC,CDK,CDK4,CDK4
CDK,-2.0233333333333334,4,KRSA,0.9509906152241918,4,CMGC,CDK,CDK5,CDK5
CDK,-2.0233333333333334,4,KRSA,0.9509906152241918,4,CMGC,CDK,CDK4,CDK6
CDK,-2.0233333333333334,4,KRSA,0.9509906152241918,4,CMGC,CDK,CDK7,CDK7
CDK,-2.0233333333333334,4,KRSA,0.9509906152241918,4,CMGC,CDK,CDK8,CDK8
CDK,-2.0233333333333334,4,KRSA,0.9509906152241918,4,CMGC,CDK,CDK9,CDK9
CDK,-2.0233333333333334,4,KRSA,0.9509906152241918,4,NA,NA,NA,CDK11A
CDK,-2.0233333333333334,4,KRSA,0.9509906152241918,4,NA,NA,NA,CDK11B
PHK,-2.26,2,KRSA,0.9760166840458812,4,CAMK,PHK,PHK,PHKG1
PHK,-2.26,2,KRSA,0.9760166840458812,4,CAMK,PHK,PHK,PHKG2
NMO,-1.3083333333333331,11,KRSA,0.8633993743482794,4,CMGC,MAPK,NMO,NLK
LKB,-0.47166666666666673,50,KRSA,0.3753910323253389,2,CAMK,CAMKL,LKB,STK11
STE11,-0.42166666666666675,54,KRSA,0.32533889468196037,2,TKL,MLK,TAK1,MAP3K7
STE11,-0.42166666666666675,54,KRSA,0.32533889468196037,2,STE,STE11,MEKK1,MAP3K1
STE11,-0.42166666666666675,54,KRSA,0.32533889468196037,2,STE,STE11,ASK,MAP3K15
STE11,-0.42166666666666675,54,KRSA,0.32533889468196037,2,STE,STE11,MEKK2,MAP3K2
STE11,-0.42166666666666675,54,KRSA,0.32533889468196037,2,STE,STE11,MEKK2,MAP3K3
STE11,-0.42166666666666675,54,KRSA,0.32533889468196037,2,STE,STE11,MEKK4,MAP3K4
STE11,-0.42166666666666675,54,KRSA,0.32533889468196037,2,STE,STE11,ASK,MAP3K5
STE11,-0.42166666666666675,54,KRSA,0.32533889468196037,2,STE,STE11,ASK,MAP3K6
MSN,0.5966666666666667,34,KRSA,0.5755995828988529,3,STE,STE20,MSN,MAP4K4
MSN,0.5966666666666667,34,KRSA,0.5755995828988529,3,STE,STE20,MSN,NRK
MSN,0.5966666666666667,34,KRSA,0.5755995828988529,3,STE,STE20,MSN,TNIK
CK2,-0.6583333333333333,30,KRSA,0.6256517205422315,3,CMGC,CK2,CK2,CSNK2A1
CK2,-0.6583333333333333,30,KRSA,0.6256517205422315,3,CMGC,CK2,CK2,CSNK2A2
CK2,-0.6583333333333333,30,KRSA,0.6256517205422315,3,NA,NA,NA,CSNK2A3
QIK,-1.765,5,KRSA,0.9384775808133472,4,CAMK,CAMKL,QIK,SIK1
QIK,-1.765,5,KRSA,0.9384775808133472,4,CAMK,CAMKL,QIK,SIK2
ERK,-1.3383333333333334,10,KRSA,0.8759124087591241,4,CMGC,MAPK,ERK1,MAPK1
ERK,-1.3383333333333334,10,KRSA,0.8759124087591241,4,CMGC,MAPK,ERK7,MAPK15
ERK,-1.3383333333333334,10,KRSA,0.8759124087591241,4,CMGC,MAPK,ERK1,MAPK3
ERK,-1.3383333333333334,10,KRSA,0.8759124087591241,4,CMGC,MAPK,ERK3,MAPK4
ERK,-1.3383333333333334,10,KRSA,0.8759124087591241,4,CMGC,MAPK,ERK3,MAPK6
ERK,-1.3383333333333334,10,KRSA,0.8759124087591241,4,CMGC,MAPK,ERK5,MAPK7
P38,-1.5008333333333332,7,KRSA,0.913451511991658,4,CMGC,MAPK,P38,MAPK11
P38,-1.5008333333333332,7,KRSA,0.913451511991658,4,CMGC,MAPK,P38,MAPK12
P38,-1.5008333333333332,7,KRSA,0.913451511991658,4,CMGC,MAPK,P38,MAPK13
P38,-1.5008333333333332,7,KRSA,0.913451511991658,4,CMGC,MAPK,P38,MAPK14
PDHK,-1.3458333333333332,9,KRSA,0.8884254431699687,4,ATYPICAL,PDHK,BCKDK,BCKDK
PDHK,-1.3458333333333332,9,KRSA,0.8884254431699687,4,ATYPICAL,PDHK,PDHK,PDK2
PDHK,-1.3458333333333332,9,KRSA,0.8884254431699687,4,ATYPICAL,PDHK,PDHK,PDK3
PDHK,-1.3458333333333332,9,KRSA,0.8884254431699687,4,ATYPICAL,PDHK,PDHK,PDK4
TAO,0.7341666666666667,23,KRSA,0.7132429614181439,3,STE,STE20,TAO,TAOK1
TAO,0.7341666666666667,23,KRSA,0.7132429614181439,3,STE,STE20,TAO,TAOK2
TAO,0.7341666666666667,23,KRSA,0.7132429614181439,3,STE,STE20,TAO,TAOK3
MOS,0.9475,19,KRSA,0.7632950990615224,4,OTHER,MOS,MOS,MOS
BRSK,0.4533333333333333,53,KRSA,0.337851929092805,2,CAMK,CAMKL,BRSK,BRSK1
BRSK,0.4533333333333333,53,KRSA,0.337851929092805,2,CAMK,CAMKL,BRSK,BRSK2
DMPK,-1.3725,8,KRSA,0.9009384775808134,4,AGC,DMPK,GEK,CDC42BPA
DMPK,-1.3725,8,KRSA,0.9009384775808134,4,AGC,DMPK,GEK,CDC42BPB
DMPK,-1.3725,8,KRSA,0.9009384775808134,4,AGC,DMPK,GEK,CDC42BPG
DMPK,-1.3725,8,KRSA,0.9009384775808134,4,AGC,DMPK,CRIK,CIT
DMPK,-1.3725,8,KRSA,0.9009384775808134,4,AGC,DMPK,GEK,DMPK
DMPK,-1.3725,8,KRSA,0.9009384775808134,4,AGC,DMPK,ROCK,ROCK1
DMPK,-1.3725,8,KRSA,0.9009384775808134,4,AGC,DMPK,ROCK,ROCK2
RAF,-1.0108333333333333,17,KRSA,0.7883211678832117,4,TKL,RAF,RAF,ARAF
RAF,-1.0108333333333333,17,KRSA,0.7883211678832117,4,TKL,RAF,RAF,BRAF
RAF,-1.0108333333333333,17,KRSA,0.7883211678832117,4,TKL,RAF,KSR,KSR1
RAF,-1.0108333333333333,17,KRSA,0.7883211678832117,4,TKL,RAF,KSR,KSR2
RAF,-1.0108333333333333,17,KRSA,0.7883211678832117,4,TKL,RAF,RAF,RAF1
PDK1,-0.9783333333333332,18,KRSA,0.7758081334723671,4,ATYPICAL,PDHK,PDHK,PDK1
PDK1,-0.9783333333333332,18,KRSA,0.7758081334723671,4,AGC,PDK1,PDK1,PDPK1
COT,0.7116666666666667,24,KRSA,0.7007299270072993,3,STE,STE-UNIQUE,STE-UNIQUE,MAP3K8
NDR,-0.5508333333333334,39,KRSA,0.5130344108446299,3,AGC,NDR,NDR,LATS1
NDR,-0.5508333333333334,39,KRSA,0.5130344108446299,3,AGC,NDR,NDR,LATS2
NDR,-0.5508333333333334,39,KRSA,0.5130344108446299,3,AGC,NDR,NDR,STK38
NDR,-0.5508333333333334,39,KRSA,0.5130344108446299,3,AGC,NDR,NDR,STK38L
RIPK,-0.29500000000000004,64,KRSA,0.20020855057351408,1,TKL,RIPK,RIPK,ANKK1
RIPK,-0.29500000000000004,64,KRSA,0.20020855057351408,1,TKL,RIPK,RIPK,RIPK1
RIPK,-0.29500000000000004,64,KRSA,0.20020855057351408,1,TKL,RIPK,RIPK,RIPK2
RIPK,-0.29500000000000004,64,KRSA,0.20020855057351408,1,TKL,RIPK,RIPK,RIPK3
RIPK,-0.29500000000000004,64,KRSA,0.20020855057351408,1,TKL,RIPK,RIPK,RIPK4
MLK,-0.6124999999999999,33,KRSA,0.5881126173096975,3,TKL,MLK,ILK,ILK
MLK,-0.6124999999999999,33,KRSA,0.5881126173096975,3,TKL,MLK,MLK,MAP3K10
MLK,-0.6124999999999999,33,KRSA,0.5881126173096975,3,TKL,MLK,MLK,MAP3K11
MLK,-0.6124999999999999,33,KRSA,0.5881126173096975,3,TKL,MLK,LZK,MAP3K12
MLK,-0.6124999999999999,33,KRSA,0.5881126173096975,3,TKL,MLK,LZK,MAP3K13
MLK,-0.6124999999999999,33,KRSA,0.5881126173096975,3,TKL,MLK,MLK,MAP3K9
MLK,-0.6124999999999999,33,KRSA,0.5881126173096975,3,TKL,MLK,HH498,TNNI3K
CK1,-1.0816666666666668,14,KRSA,0.8258602711157456,4,CK1,CK1,CK1-A,CSNK1A1
CK1,-1.0816666666666668,14,KRSA,0.8258602711157456,4,CK1,CK1,CK1-A,CSNK1A1L
CK1,-1.0816666666666668,14,KRSA,0.8258602711157456,4,CK1,CK1,CK1-D,CSNK1D
CK1,-1.0816666666666668,14,KRSA,0.8258602711157456,4,CK1,CK1,CK1-D,CSNK1E
CK1,-1.0816666666666668,14,KRSA,0.8258602711157456,4,CK1,CK1,CK1-G,CSNK1G1
CK1,-1.0816666666666668,14,KRSA,0.8258602711157456,4,CK1,CK1,CK1-G,CSNK1G2
CK1,-1.0816666666666668,14,KRSA,0.8258602711157456,4,CK1,CK1,CK1-G,CSNK1G3
CK1,-1.0816666666666668,14,KRSA,0.8258602711157456,4,CK1,TTBK,TTBK,TTBK1
CK1,-1.0816666666666668,14,KRSA,0.8258602711157456,4,CK1,TTBK,TTBK,TTBK2
CK1,-1.0816666666666668,14,KRSA,0.8258602711157456,4,CK1,VRK,VRK,VRK3
PAKA,-1.055,15,KRSA,0.8133472367049009,4,STE,STE20,PAKA,PAK1
PAKA,-1.055,15,KRSA,0.8133472367049009,4,STE,STE20,PAKA,PAK2
PAKA,-1.055,15,KRSA,0.8133472367049009,4,STE,STE20,PAKA,PAK3
ATR,-0.4183333333333333,55,KRSA,0.31282586027111575,2,ATYPICAL,PIKK,ATR,ATR
MTOR,-0.6791666666666667,28,KRSA,0.6506777893639207,3,ATYPICAL,PIKK,FRAP,MTOR
GSK,-0.3416666666666667,60,KRSA,0.2502606882168926,2,CMGC,GSK,GSK,GSK3A
GSK,-0.3416666666666667,60,KRSA,0.2502606882168926,2,CMGC,GSK,GSK,GSK3B
FRAY,-1.2325,12,KRSA,0.8508863399374348,4,STE,STE20,FRAY,OXSR1
FRAY,-1.2325,12,KRSA,0.8508863399374348,4,STE,STE20,FRAY,STK39
PLK,-0.9308333333333332,21,KRSA,0.7382690302398331,3,NA,NA,NA,PLK5
PLK,-0.9308333333333332,21,KRSA,0.7382690302398331,3,OTHER,PLK,PLK1,PLK1
PLK,-0.9308333333333332,21,KRSA,0.7382690302398331,3,OTHER,PLK,PLK2,PLK2
PLK,-0.9308333333333332,21,KRSA,0.7382690302398331,3,OTHER,PLK,PLK2,PLK3
PLK,-0.9308333333333332,21,KRSA,0.7382690302398331,3,OTHER,PLK,SAK,PLK4
GRK,-0.5425,40,KRSA,0.5005213764337852,3,AGC,GRK,GRK,GRK1
GRK,-0.5425,40,KRSA,0.5005213764337852,3,AGC,GRK,GRK,GRK4
GRK,-0.5425,40,KRSA,0.5005213764337852,3,AGC,GRK,GRK,GRK5
GRK,-0.5425,40,KRSA,0.5005213764337852,3,AGC,GRK,GRK,GRK6
GRK,-0.5425,40,KRSA,0.5005213764337852,3,AGC,GRK,GRK,GRK7
PRKDC,-0.63,32,KRSA,0.6006256517205423,3,ATYPICAL,PIKK,DNAPK,PRKDC
RSK,-0.4825,44,KRSA,0.4504692387904067,2,AGC,RSK,RSK,RPS6KA1
RSK,-0.4825,44,KRSA,0.4504692387904067,2,AGC,RSK,RSK,RPS6KA2
RSK,-0.4825,44,KRSA,0.4504692387904067,2,AGC,RSK,RSK,RPS6KA3
RSK,-0.4825,44,KRSA,0.4504692387904067,2,AGC,RSK,MSK,RPS6KA4
RSK,-0.4825,44,KRSA,0.4504692387904067,2,AGC,RSK,MSK,RPS6KA5
RSK,-0.4825,44,KRSA,0.4504692387904067,2,AGC,RSK,RSK,RPS6KA6
RSK,-0.4825,44,KRSA,0.4504692387904067,2,AGC,RSK,P70,RPS6KB1
RSK,-0.4825,44,KRSA,0.4504692387904067,2,AGC,RSK,P70,RPS6KB2
JNK,-1.6424999999999998,6,KRSA,0.9259645464025026,4,CMGC,MAPK,JNK,MAPK10
JNK,-1.6424999999999998,6,KRSA,0.9259645464025026,4,CMGC,MAPK,JNK,MAPK8
JNK,-1.6424999999999998,6,KRSA,0.9259645464025026,4,CMGC,MAPK,JNK,MAPK9
PKN,-0.5641666666666667,37,KRSA,0.5380604796663191,3,AGC,PKN,PKN,PKN1
PKN,-0.5641666666666667,37,KRSA,0.5380604796663191,3,AGC,PKN,PKN,PKN2
PKN,-0.5641666666666667,37,KRSA,0.5380604796663191,3,AGC,PKN,PKN,PKN3
NAK,0.28333333333333327,65,KRSA,0.18769551616266944,1,OTHER,NAK,BIKE,AAK1
NAK,0.28333333333333327,65,KRSA,0.18769551616266944,1,OTHER,NAK,BIKE,BMP2K
NAK,0.28333333333333327,65,KRSA,0.18769551616266944,1,OTHER,NAK,GAK,GAK
NAK,0.28333333333333327,65,KRSA,0.18769551616266944,1,OTHER,NAK,MPSK,STK16
TTK,-0.6766666666666666,29,KRSA,0.6381647549530761,3,OTHER,TTK,TTK,TTK
NUAK,-0.6825,26,KRSA,0.67570385818561,3,CAMK,CAMKL,NUAK,NUAK1
NUAK,-0.6825,26,KRSA,0.67570385818561,3,CAMK,CAMKL,NUAK,NUAK2
TLK,-0.6816666666666666,27,KRSA,0.6631908237747653,3,OTHER,TLK,TLK,TLK1
TLK,-0.6816666666666666,27,KRSA,0.6631908237747653,3,OTHER,TLK,TLK,TLK2
STKR,-0.22583333333333336,68,KRSA,0.15015641293013557,1,TKL,STKR,TYPE1,ACVR1
STKR,-0.22583333333333336,68,KRSA,0.15015641293013557,1,TKL,STKR,TYPE1,ACVR1B
STKR,-0.22583333333333336,68,KRSA,0.15015641293013557,1,TKL,STKR,TYPE1,ACVR1C
STKR,-0.22583333333333336,68,KRSA,0.15015641293013557,1,TKL,STKR,TYPE2,ACVR2A
STKR,-0.22583333333333336,68,KRSA,0.15015641293013557,1,TKL,STKR,TYPE2,ACVR2B
STKR,-0.22583333333333336,68,KRSA,0.15015641293013557,1,TKL,STKR,TYPE1,ACVRL1
STKR,-0.22583333333333336,68,KRSA,0.15015641293013557,1,TKL,STKR,TYPE2,AMHR2
STKR,-0.22583333333333336,68,KRSA,0.15015641293013557,1,TKL,STKR,TYPE1,BMPR1A
STKR,-0.22583333333333336,68,KRSA,0.15015641293013557,1,TKL,STKR,TYPE1,BMPR1B
STKR,-0.22583333333333336,68,KRSA,0.15015641293013557,1,TKL,STKR,TYPE2,BMPR2
STKR,-0.22583333333333336,68,KRSA,0.15015641293013557,1,TKL,STKR,TYPE1,TGFBR1
STKR,-0.22583333333333336,68,KRSA,0.15015641293013557,1,TKL,STKR,TYPE2,TGFBR2
DYRK,-0.9416666666666668,20,KRSA,0.7507820646506778,4,CMGC,DYRK,DYRK1,DYRK1A
DYRK,-0.9416666666666668,20,KRSA,0.7507820646506778,4,CMGC,DYRK,DYRK1,DYRK1B
DYRK,-0.9416666666666668,20,KRSA,0.7507820646506778,4,CMGC,DYRK,DYRK2,DYRK2
DYRK,-0.9416666666666668,20,KRSA,0.7507820646506778,4,CMGC,DYRK,DYRK2,DYRK3
DYRK,-0.9416666666666668,20,KRSA,0.7507820646506778,4,CMGC,DYRK,DYRK2,DYRK4
DYRK,-0.9416666666666668,20,KRSA,0.7507820646506778,4,CMGC,DYRK,HIPK,HIPK1
DYRK,-0.9416666666666668,20,KRSA,0.7507820646506778,4,CMGC,DYRK,HIPK,HIPK2
DYRK,-0.9416666666666668,20,KRSA,0.7507820646506778,4,CMGC,DYRK,HIPK,HIPK3
DYRK,-0.9416666666666668,20,KRSA,0.7507820646506778,4,CMGC,DYRK,HIPK,HIPK4
DYRK,-0.9416666666666668,20,KRSA,0.7507820646506778,4,CMGC,DYRK,PRP4,PRPF4B
IRAK,0.04833333333333334,76,KRSA,0.05005213764337852,1,TKL,IRAK,IRAK,IRAK1
IRAK,0.04833333333333334,76,KRSA,0.05005213764337852,1,TKL,IRAK,IRAK,IRAK2
IRAK,0.04833333333333334,76,KRSA,0.05005213764337852,1,TKL,IRAK,IRAK,IRAK3
IRAK,0.04833333333333334,76,KRSA,0.05005213764337852,1,TKL,IRAK,IRAK,IRAK4
PKD,-0.3908333333333333,58,KRSA,0.27528675703858185,2,CAMK,PKD,PKD,PRKD1
PKD,-0.3908333333333333,58,KRSA,0.27528675703858185,2,CAMK,PKD,PKD,PRKD2
PKD,-0.3908333333333333,58,KRSA,0.27528675703858185,2,CAMK,PKD,PKD,PRKD3
ULK,-0.485,43,KRSA,0.4629822732012513,2,OTHER,ULK,FUSED,STK36
ULK,-0.485,43,KRSA,0.4629822732012513,2,OTHER,ULK,ULK,ULK1
ULK,-0.485,43,KRSA,0.4629822732012513,2,OTHER,ULK,ULK,ULK2
ULK,-0.485,43,KRSA,0.4629822732012513,2,OTHER,ULK,ULK,ULK3
ULK,-0.485,43,KRSA,0.4629822732012513,2,OTHER,ULK,ULK,ULK4
HAL,0.33249999999999996,61,KRSA,0.23774765380604795,1,RGC,RGC,RGC,NPR1
WNK,-0.47833333333333333,46,KRSA,0.4254431699687174,2,OTHER,WNK,WNK,WNK1
WNK,-0.47833333333333333,46,KRSA,0.4254431699687174,2,OTHER,WNK,WNK,WNK2
WNK,-0.47833333333333333,46,KRSA,0.4254431699687174,2,OTHER,WNK,WNK,WNK3
WNK,-0.47833333333333333,46,KRSA,0.4254431699687174,2,OTHER,WNK,WNK,WNK4
CAMKK,-0.4766666666666667,48,KRSA,0.40041710114702816,2,OTHER,CAMKK,META,CAMKK1
CAMKK,-0.4766666666666667,48,KRSA,0.40041710114702816,2,OTHER,CAMKK,META,CAMKK2
PKA,-0.01000000000000004,79,KRSA,0.01251303441084463,1,AGC,PKA,PKA,PRKACA
PKA,-0.01000000000000004,79,KRSA,0.01251303441084463,1,AGC,PKA,PKA,PRKACB
PKA,-0.01000000000000004,79,KRSA,0.01251303441084463,1,AGC,PKA,PKA,PRKACG
PKA,-0.01000000000000004,79,KRSA,0.01251303441084463,1,AGC,PKA,PKA,PRKX
PKA,-0.01000000000000004,79,KRSA,0.01251303441084463,1,AGC,PKA,PKA,PRKY
PKCH,0.8966666666666667,22,KRSA,0.7257559958289885,3,AGC,PKC,ETA,PRKCE
PKCH,0.8966666666666667,22,KRSA,0.7257559958289885,3,AGC,PKC,ETA,PRKCH
BUD32,-0.4816666666666667,45,KRSA,0.43795620437956206,2,OTHER,BUD32,BUD32,TP53RK
PASK,-0.47,51,KRSA,0.36287799791449427,2,CAMK,CAMKL,PASK,PASK
CLK,-0.4733333333333334,49,KRSA,0.38790406673618355,2,CMGC,CLK,CLK,CLK1
CLK,-0.4733333333333334,49,KRSA,0.38790406673618355,2,CMGC,CLK,CLK,CLK2
CLK,-0.4733333333333334,49,KRSA,0.38790406673618355,2,CMGC,CLK,CLK,CLK3
CLK,-0.4733333333333334,49,KRSA,0.38790406673618355,2,CMGC,CLK,CLK,CLK4
SLK,0.2733333333333333,66,KRSA,0.17518248175182483,1,STE,STE20,SLK,SLK
SLK,0.2733333333333333,66,KRSA,0.17518248175182483,1,STE,STE20,SLK,STK10
NIK,-0.48583333333333334,42,KRSA,0.4754953076120959,2,STE,STE-UNIQUE,STE-UNIQUE,MAP3K14
KHS,-0.31583333333333335,62,KRSA,0.22523461939520334,1,STE,STE20,KHS,MAP4K1
KHS,-0.31583333333333335,62,KRSA,0.22523461939520334,1,STE,STE20,KHS,MAP4K2
KHS,-0.31583333333333335,62,KRSA,0.22523461939520334,1,STE,STE20,KHS,MAP4K3
KHS,-0.31583333333333335,62,KRSA,0.22523461939520334,1,STE,STE20,KHS,MAP4K5
NEK,0.15666666666666665,70,KRSA,0.1251303441084463,1,OTHER,NEK,NEK11,NEK11
NEK,0.15666666666666665,70,KRSA,0.1251303441084463,1,OTHER,NEK,NEK2,NEK2
NEK,0.15666666666666665,70,KRSA,0.1251303441084463,1,OTHER,NEK,NEK1,NEK3
NEK,0.15666666666666665,70,KRSA,0.1251303441084463,1,OTHER,NEK,NEK4,NEK4
NEK,0.15666666666666665,70,KRSA,0.1251303441084463,1,OTHER,NEK,NEK1,NEK5
NEK,0.15666666666666665,70,KRSA,0.1251303441084463,1,OTHER,NEK,NEK6,NEK6
NEK,0.15666666666666665,70,KRSA,0.1251303441084463,1,OTHER,NEK,NEK6,NEK7
NEK,0.15666666666666665,70,KRSA,0.1251303441084463,1,OTHER,NEK,NEK8,NEK8
NEK,0.15666666666666665,70,KRSA,0.1251303441084463,1,OTHER,NEK,NEK8,NEK9
MELK,-0.10750000000000004,72,KRSA,0.10010427528675704,1,CAMK,CAMKL,MELK,MELK
PAKB,-0.30833333333333335,63,KRSA,0.2127215849843587,1,STE,STE20,PAKB,PAK4
PAKB,-0.30833333333333335,63,KRSA,0.2127215849843587,1,STE,STE20,PAKB,PAK5
PAKB,-0.30833333333333335,63,KRSA,0.2127215849843587,1,STE,STE20,PAKB,PAK6
MAPKAPK,-0.6891666666666667,25,KRSA,0.6882168925964547,3,CAMK,MAPKAPK,MAPKAPK,MAPKAPK2
MAPKAPK,-0.6891666666666667,25,KRSA,0.6882168925964547,3,CAMK,MAPKAPK,MAPKAPK,MAPKAPK3
MAPKAPK,-0.6891666666666667,25,KRSA,0.6882168925964547,3,CAMK,MAPKAPK,MAPKAPK,MAPKAPK5
MAPKAPK,-0.6891666666666667,25,KRSA,0.6882168925964547,3,CAMK,MAPKAPK,MNK,MKNK1
MAPKAPK,-0.6891666666666667,25,KRSA,0.6882168925964547,3,CAMK,MAPKAPK,MNK,MKNK2
PKCD,0.3566666666666667,59,KRSA,0.26277372262773724,2,AGC,PKC,DELTA,PRKCD
PKCD,0.3566666666666667,59,KRSA,0.26277372262773724,2,AGC,PKC,DELTA,PRKCQ
AMPK,-0.5875,35,KRSA,0.5630865484880083,3,CAMK,CAMKL,AMPK,PRKAA1
AMPK,-0.5875,35,KRSA,0.5630865484880083,3,CAMK,CAMKL,AMPK,PRKAA2
CAMK2,0.585,36,KRSA,0.5505735140771637,3,CAMK,CAMK2,CAMK2,CAMK2A
CAMK2,0.585,36,KRSA,0.5505735140771637,3,CAMK,CAMK2,CAMK2,CAMK2B
CAMK2,0.585,36,KRSA,0.5505735140771637,3,CAMK,CAMK2,CAMK2,CAMK2D
CAMK2,0.585,36,KRSA,0.5505735140771637,3,CAMK,CAMK2,CAMK2,CAMK2G
VRK1,-0.01916666666666661,77,KRSA,0.03753910323253389,1,CK1,VRK,VRK,VRK1
MLCK,0.4783333333333333,47,KRSA,0.4129301355578728,2,CAMK,MLCK,MLCK,MYLK
MLCK,0.4783333333333333,47,KRSA,0.4129301355578728,2,CAMK,MLCK,MLCK,MYLK2
MLCK,0.4783333333333333,47,KRSA,0.4129301355578728,2,CAMK,MLCK,MLCK,TTN
AUR,0.005,80,KRSA,0,1,OTHER,AUR,AUR,AURKA
AUR,0.005,80,KRSA,0,1,OTHER,AUR,AUR,AURKB
AUR,0.005,80,KRSA,0,1,OTHER,AUR,AUR,AURKC
PIM,-0.11499999999999998,71,KRSA,0.11261730969760167,1,CAMK,PIM,PIM,PIM1
PIM,-0.11499999999999998,71,KRSA,0.11261730969760167,1,CAMK,PIM,PIM,PIM2
PIM,-0.11499999999999998,71,KRSA,0.11261730969760167,1,CAMK,PIM,PIM,PIM3
DAPK,-0.5575,38,KRSA,0.5255474452554745,3,CAMK,DAPK,DAPK,DAPK1
DAPK,-0.5575,38,KRSA,0.5255474452554745,3,CAMK,DAPK,DAPK,DAPK2
DAPK,-0.5575,38,KRSA,0.5255474452554745,3,CAMK,DAPK,DAPK,DAPK3
DAPK,-0.5575,38,KRSA,0.5255474452554745,3,CAMK,DAPK,DRAK,STK17A
DAPK,-0.5575,38,KRSA,0.5255474452554745,3,CAMK,DAPK,DRAK,STK17B
AKT,-1.0258333333333334,16,KRSA,0.8008342022940563,4,AGC,AKT,AKT,AKT1
AKT,-1.0258333333333334,16,KRSA,0.8008342022940563,4,AGC,AKT,AKT,AKT2
AKT,-1.0258333333333334,16,KRSA,0.8008342022940563,4,AGC,AKT,AKT,AKT3
MST,0.075,74,KRSA,0.07507820646506778,1,STE,STE20,MST,STK3
MST,0.075,74,KRSA,0.07507820646506778,1,STE,STE20,MST,STK4
ATM,-0.4133333333333334,56,KRSA,0.30031282586027114,2,ATYPICAL,PIKK,ATM,ATM
PKCI,-0.4616666666666666,52,KRSA,0.35036496350364965,2,AGC,PKC,IOTA,PRKCI
PKCI,-0.4616666666666666,52,KRSA,0.35036496350364965,2,AGC,PKC,IOTA,PRKCZ
BARK2,-0.3933333333333333,57,KRSA,0.28779979144942647,2,AGC,GRK,BARK,GRK3
CAMK1,0.1783333333333333,69,KRSA,0.13764337851929093,1,CAMK,CAMK1,CAMK1,CAMK1
CAMK1,0.1783333333333333,69,KRSA,0.13764337851929093,1,CAMK,CAMK1,CAMK1,CAMK1D
CAMK1,0.1783333333333333,69,KRSA,0.13764337851929093,1,CAMK,CAMK1,CAMK1,CAMK1G
CAMK1,0.1783333333333333,69,KRSA,0.13764337851929093,1,CAMK,CAMK1,CAMK1,CAMK4
CAMK1,0.1783333333333333,69,KRSA,0.13764337851929093,1,CAMK,CAMK1,CAMK1,PNCK
PKG,0.07750000000000005,73,KRSA,0.08759124087591241,1,AGC,PKG,PKG,PRKG1
PKG,0.07750000000000005,73,KRSA,0.08759124087591241,1,AGC,PKG,PKG,PRKG2
SGK,-0.23916666666666664,67,KRSA,0.16266944734098018,1,AGC,SGK,SGK,SGK1
SGK,-0.23916666666666664,67,KRSA,0.16266944734098018,1,AGC,SGK,SGK,SGK2
SGK,-0.23916666666666664,67,KRSA,0.16266944734098018,1,AGC,SGK,SGK,SGK3
CHK1,0.01583333333333333,78,KRSA,0.02502606882168926,1,CAMK,CAMKL,CHK1,CHEK1
RAD53,0.06666666666666665,75,KRSA,0.06256517205422316,1,CAMK,RAD53,RAD53,CHEK2
BRSK,0.4533333333333333,53,KRSA,0.337851929092805,2,CAMK,CAMKL,BRSK,BRSK1
BRSK,0.4533333333333333,53,KRSA,0.337851929092805,2,CAMK,CAMKL,BRSK,BRSK2
MOS,0.9475,19,KRSA,0.7632950990615224,4,OTHER,MOS,MOS,MOS
TAO,0.7341666666666667,23,KRSA,0.7132429614181439,3,STE,STE20,TAO,TAOK1
TAO,0.7341666666666667,23,KRSA,0.7132429614181439,3,STE,STE20,TAO,TAOK2
TAO,0.7341666666666667,23,KRSA,0.7132429614181439,3,STE,STE20,TAO,TAOK3
MTOR,-0.6791666666666667,28,KRSA,0.6506777893639207,3,ATYPICAL,PIKK,FRAP,MTOR
PKCA,-2.94,1,KRSA,0.9885297184567258,4,AGC,PKC,ALPHA,PRKCA
PKCA,-2.94,1,KRSA,0.9885297184567258,4,AGC,PKC,ALPHA,PRKCB
PKCA,-2.94,1,KRSA,0.9885297184567258,4,AGC,PKC,ALPHA,PRKCG
NMO,-1.3083333333333331,11,KRSA,0.8633993743482794,4,CMGC,MAPK,NMO,NLK
FRAY,-1.2325,12,KRSA,0.8508863399374348,4,STE,STE20,FRAY,OXSR1
FRAY,-1.2325,12,KRSA,0.8508863399374348,4,STE,STE20,FRAY,STK39
LKB,-0.47166666666666673,50,KRSA,0.3753910323253389,2,CAMK,CAMKL,LKB,STK11
STE11,-0.42166666666666675,54,KRSA,0.32533889468196037,2,TKL,MLK,TAK1,MAP3K7
STE11,-0.42166666666666675,54,KRSA,0.32533889468196037,2,STE,STE11,MEKK1,MAP3K1
STE11,-0.42166666666666675,54,KRSA,0.32533889468196037,2,STE,STE11,ASK,MAP3K15
STE11,-0.42166666666666675,54,KRSA,0.32533889468196037,2,STE,STE11,MEKK2,MAP3K2
STE11,-0.42166666666666675,54,KRSA,0.32533889468196037,2,STE,STE11,MEKK2,MAP3K3
STE11,-0.42166666666666675,54,KRSA,0.32533889468196037,2,STE,STE11,MEKK4,MAP3K4
STE11,-0.42166666666666675,54,KRSA,0.32533889468196037,2,STE,STE11,ASK,MAP3K5
STE11,-0.42166666666666675,54,KRSA,0.32533889468196037,2,STE,STE11,ASK,MAP3K6
MLK,-0.6124999999999999,33,KRSA,0.5881126173096975,3,TKL,MLK,ILK,ILK
MLK,-0.6124999999999999,33,KRSA,0.5881126173096975,3,TKL,MLK,MLK,MAP3K10
MLK,-0.6124999999999999,33,KRSA,0.5881126173096975,3,TKL,MLK,MLK,MAP3K11
MLK,-0.6124999999999999,33,KRSA,0.5881126173096975,3,TKL,MLK,LZK,MAP3K12
MLK,-0.6124999999999999,33,KRSA,0.5881126173096975,3,TKL,MLK,LZK,MAP3K13
MLK,-0.6124999999999999,33,KRSA,0.5881126173096975,3,TKL,MLK,MLK,MAP3K9
MLK,-0.6124999999999999,33,KRSA,0.5881126173096975,3,TKL,MLK,HH498,TNNI3K
CK2,-0.6583333333333333,30,KRSA,0.6256517205422315,3,CMGC,CK2,CK2,CSNK2A1
CK2,-0.6583333333333333,30,KRSA,0.6256517205422315,3,CMGC,CK2,CK2,CSNK2A2
CK2,-0.6583333333333333,30,KRSA,0.6256517205422315,3,NA,NA,NA,CSNK2A3
IKK,-1.1033333333333333,13,KRSA,0.8383733055265902,4,OTHER,IKK,IKK,CHUK
IKK,-1.1033333333333333,13,KRSA,0.8383733055265902,4,OTHER,IKK,IKK,IKBKB
IKK,-1.1033333333333333,13,KRSA,0.8383733055265902,4,OTHER,IKK,IKK,IKBKE
IKK,-1.1033333333333333,13,KRSA,0.8383733055265902,4,OTHER,IKK,IKK,TBK1
STE7,-0.645,31,KRSA,0.6131386861313869,3,STE,STE7,MEK1,MAP2K1
STE7,-0.645,31,KRSA,0.6131386861313869,3,STE,STE7,MEK1,MAP2K2
STE7,-0.645,31,KRSA,0.6131386861313869,3,STE,STE7,MEK3,MAP2K3
STE7,-0.645,31,KRSA,0.6131386861313869,3,STE,STE7,MEK4,MAP2K4
STE7,-0.645,31,KRSA,0.6131386861313869,3,STE,STE7,MEK5,MAP2K5
STE7,-0.645,31,KRSA,0.6131386861313869,3,STE,STE7,MEK3,MAP2K6
STE7,-0.645,31,KRSA,0.6131386861313869,3,STE,STE7,MEK7,MAP2K7
HAL,0.33249999999999996,61,KRSA,0.23774765380604795,1,RGC,RGC,RGC,NPR1
PHK,-2.26,2,KRSA,0.9760166840458812,4,CAMK,PHK,PHK,PHKG1
PHK,-2.26,2,KRSA,0.9760166840458812,4,CAMK,PHK,PHK,PHKG2
PEK,-2.171666666666667,3,KRSA,0.9635036496350365,4,OTHER,PEK,HRI,EIF2AK1
PEK,-2.171666666666667,3,KRSA,0.9635036496350365,4,OTHER,PEK,PKR,EIF2AK2
PEK,-2.171666666666667,3,KRSA,0.9635036496350365,4,OTHER,PEK,PEK,EIF2AK3
PEK,-2.171666666666667,3,KRSA,0.9635036496350365,4,OTHER,PEK,GCN2,EIF2AK4
PDHK,-1.3458333333333332,9,KRSA,0.8884254431699687,4,ATYPICAL,PDHK,BCKDK,BCKDK
PDHK,-1.3458333333333332,9,KRSA,0.8884254431699687,4,ATYPICAL,PDHK,PDHK,PDK2
PDHK,-1.3458333333333332,9,KRSA,0.8884254431699687,4,ATYPICAL,PDHK,PDHK,PDK3
PDHK,-1.3458333333333332,9,KRSA,0.8884254431699687,4,ATYPICAL,PDHK,PDHK,PDK4
NDR,-0.5508333333333334,39,KRSA,0.5130344108446299,3,AGC,NDR,NDR,LATS1
NDR,-0.5508333333333334,39,KRSA,0.5130344108446299,3,AGC,NDR,NDR,LATS2
NDR,-0.5508333333333334,39,KRSA,0.5130344108446299,3,AGC,NDR,NDR,STK38
NDR,-0.5508333333333334,39,KRSA,0.5130344108446299,3,AGC,NDR,NDR,STK38L
COT,0.7116666666666667,24,KRSA,0.7007299270072993,3,STE,STE-UNIQUE,STE-UNIQUE,MAP3K8
GSK,-0.3416666666666667,60,KRSA,0.2502606882168926,2,CMGC,GSK,GSK,GSK3A
GSK,-0.3416666666666667,60,KRSA,0.2502606882168926,2,CMGC,GSK,GSK,GSK3B
PKCD,0.3566666666666667,59,KRSA,0.26277372262773724,2,AGC,PKC,DELTA,PRKCD
PKCD,0.3566666666666667,59,KRSA,0.26277372262773724,2,AGC,PKC,DELTA,PRKCQ
QIK,-1.765,5,KRSA,0.9384775808133472,4,CAMK,CAMKL,QIK,SIK1
QIK,-1.765,5,KRSA,0.9384775808133472,4,CAMK,CAMKL,QIK,SIK2
CDK,-2.0233333333333334,4,KRSA,0.9509906152241918,4,CMGC,CDK,CDC2,CDK1
CDK,-2.0233333333333334,4,KRSA,0.9509906152241918,4,CMGC,CDK,CDK10,CDK10
CDK,-2.0233333333333334,4,KRSA,0.9509906152241918,4,CMGC,CDK,CRK7,CDK12
CDK,-2.0233333333333334,4,KRSA,0.9509906152241918,4,CMGC,CDK,CRK7,CDK13
CDK,-2.0233333333333334,4,KRSA,0.9509906152241918,4,CMGC,CDK,PFTAIRE,CDK14
CDK,-2.0233333333333334,4,KRSA,0.9509906152241918,4,CMGC,CDK,PFTAIRE,CDK15
CDK,-2.0233333333333334,4,KRSA,0.9509906152241918,4,CMGC,CDK,PCTAIRE,CDK16
CDK,-2.0233333333333334,4,KRSA,0.9509906152241918,4,CMGC,CDK,PCTAIRE,CDK17
CDK,-2.0233333333333334,4,KRSA,0.9509906152241918,4,CMGC,CDK,PCTAIRE,CDK18
CDK,-2.0233333333333334,4,KRSA,0.9509906152241918,4,CMGC,CDK,CDK8,CDK19
CDK,-2.0233333333333334,4,KRSA,0.9509906152241918,4,CMGC,CDK,CDC2,CDK2
CDK,-2.0233333333333334,4,KRSA,0.9509906152241918,4,CMGC,CDK,CCRK,CDK20
CDK,-2.0233333333333334,4,KRSA,0.9509906152241918,4,CMGC,CDK,CDC2,CDK3
CDK,-2.0233333333333334,4,KRSA,0.9509906152241918,4,CMGC,CDK,CDK4,CDK4
CDK,-2.0233333333333334,4,KRSA,0.9509906152241918,4,CMGC,CDK,CDK5,CDK5
CDK,-2.0233333333333334,4,KRSA,0.9509906152241918,4,CMGC,CDK,CDK4,CDK6
CDK,-2.0233333333333334,4,KRSA,0.9509906152241918,4,CMGC,CDK,CDK7,CDK7
CDK,-2.0233333333333334,4,KRSA,0.9509906152241918,4,CMGC,CDK,CDK8,CDK8
CDK,-2.0233333333333334,4,KRSA,0.9509906152241918,4,CMGC,CDK,CDK9,CDK9
CDK,-2.0233333333333334,4,KRSA,0.9509906152241918,4,NA,NA,NA,CDK11A
CDK,-2.0233333333333334,4,KRSA,0.9509906152241918,4,NA,NA,NA,CDK11B
ATM,-0.4133333333333334,56,KRSA,0.30031282586027114,2,ATYPICAL,PIKK,ATM,ATM
NEK,0.15666666666666665,70,KRSA,0.1251303441084463,1,OTHER,NEK,NEK11,NEK11
NEK,0.15666666666666665,70,KRSA,0.1251303441084463,1,OTHER,NEK,NEK2,NEK2
NEK,0.15666666666666665,70,KRSA,0.1251303441084463,1,OTHER,NEK,NEK1,NEK3
NEK,0.15666666666666665,70,KRSA,0.1251303441084463,1,OTHER,NEK,NEK4,NEK4
NEK,0.15666666666666665,70,KRSA,0.1251303441084463,1,OTHER,NEK,NEK1,NEK5
NEK,0.15666666666666665,70,KRSA,0.1251303441084463,1,OTHER,NEK,NEK6,NEK6
NEK,0.15666666666666665,70,KRSA,0.1251303441084463,1,OTHER,NEK,NEK6,NEK7
NEK,0.15666666666666665,70,KRSA,0.1251303441084463,1,OTHER,NEK,NEK8,NEK8
NEK,0.15666666666666665,70,KRSA,0.1251303441084463,1,OTHER,NEK,NEK8,NEK9
PRKDC,-0.63,32,KRSA,0.6006256517205423,3,ATYPICAL,PIKK,DNAPK,PRKDC
GRK,-0.5425,40,KRSA,0.5005213764337852,3,AGC,GRK,GRK,GRK1
GRK,-0.5425,40,KRSA,0.5005213764337852,3,AGC,GRK,GRK,GRK4
GRK,-0.5425,40,KRSA,0.5005213764337852,3,AGC,GRK,GRK,GRK5
GRK,-0.5425,40,KRSA,0.5005213764337852,3,AGC,GRK,GRK,GRK6
GRK,-0.5425,40,KRSA,0.5005213764337852,3,AGC,GRK,GRK,GRK7
BARK2,-0.3933333333333333,57,KRSA,0.28779979144942647,2,AGC,GRK,BARK,GRK3
PKCI,-0.4616666666666666,52,KRSA,0.35036496350364965,2,AGC,PKC,IOTA,PRKCI
PKCI,-0.4616666666666666,52,KRSA,0.35036496350364965,2,AGC,PKC,IOTA,PRKCZ
PDK1,-0.9783333333333332,18,KRSA,0.7758081334723671,4,ATYPICAL,PDHK,PDHK,PDK1
PDK1,-0.9783333333333332,18,KRSA,0.7758081334723671,4,AGC,PDK1,PDK1,PDPK1
DMPK,-1.3725,8,KRSA,0.9009384775808134,4,AGC,DMPK,GEK,CDC42BPA
DMPK,-1.3725,8,KRSA,0.9009384775808134,4,AGC,DMPK,GEK,CDC42BPB
DMPK,-1.3725,8,KRSA,0.9009384775808134,4,AGC,DMPK,GEK,CDC42BPG
DMPK,-1.3725,8,KRSA,0.9009384775808134,4,AGC,DMPK,CRIK,CIT
DMPK,-1.3725,8,KRSA,0.9009384775808134,4,AGC,DMPK,GEK,DMPK
DMPK,-1.3725,8,KRSA,0.9009384775808134,4,AGC,DMPK,ROCK,ROCK1
DMPK,-1.3725,8,KRSA,0.9009384775808134,4,AGC,DMPK,ROCK,ROCK2
AUR,0.005,80,KRSA,0,1,OTHER,AUR,AUR,AURKA
AUR,0.005,80,KRSA,0,1,OTHER,AUR,AUR,AURKB
AUR,0.005,80,KRSA,0,1,OTHER,AUR,AUR,AURKC
MELK,-0.10750000000000004,72,KRSA,0.10010427528675704,1,CAMK,CAMKL,MELK,MELK
PKN,-0.5641666666666667,37,KRSA,0.5380604796663191,3,AGC,PKN,PKN,PKN1
PKN,-0.5641666666666667,37,KRSA,0.5380604796663191,3,AGC,PKN,PKN,PKN2
PKN,-0.5641666666666667,37,KRSA,0.5380604796663191,3,AGC,PKN,PKN,PKN3
NUAK,-0.6825,26,KRSA,0.67570385818561,3,CAMK,CAMKL,NUAK,NUAK1
NUAK,-0.6825,26,KRSA,0.67570385818561,3,CAMK,CAMKL,NUAK,NUAK2
AMPK,-0.5875,35,KRSA,0.5630865484880083,3,CAMK,CAMKL,AMPK,PRKAA1
AMPK,-0.5875,35,KRSA,0.5630865484880083,3,CAMK,CAMKL,AMPK,PRKAA2
TLK,-0.6816666666666666,27,KRSA,0.6631908237747653,3,OTHER,TLK,TLK,TLK1
TLK,-0.6816666666666666,27,KRSA,0.6631908237747653,3,OTHER,TLK,TLK,TLK2
CAMK2,0.585,36,KRSA,0.5505735140771637,3,CAMK,CAMK2,CAMK2,CAMK2A
CAMK2,0.585,36,KRSA,0.5505735140771637,3,CAMK,CAMK2,CAMK2,CAMK2B
CAMK2,0.585,36,KRSA,0.5505735140771637,3,CAMK,CAMK2,CAMK2,CAMK2D
CAMK2,0.585,36,KRSA,0.5505735140771637,3,CAMK,CAMK2,CAMK2,CAMK2G
RAF,-1.0108333333333333,17,KRSA,0.7883211678832117,4,TKL,RAF,RAF,ARAF
RAF,-1.0108333333333333,17,KRSA,0.7883211678832117,4,TKL,RAF,RAF,BRAF
RAF,-1.0108333333333333,17,KRSA,0.7883211678832117,4,TKL,RAF,KSR,KSR1
RAF,-1.0108333333333333,17,KRSA,0.7883211678832117,4,TKL,RAF,KSR,KSR2
RAF,-1.0108333333333333,17,KRSA,0.7883211678832117,4,TKL,RAF,RAF,RAF1
TTK,-0.6766666666666666,29,KRSA,0.6381647549530761,3,OTHER,TTK,TTK,TTK
PAKB,-0.30833333333333335,63,KRSA,0.2127215849843587,1,STE,STE20,PAKB,PAK4
PAKB,-0.30833333333333335,63,KRSA,0.2127215849843587,1,STE,STE20,PAKB,PAK5
PAKB,-0.30833333333333335,63,KRSA,0.2127215849843587,1,STE,STE20,PAKB,PAK6
NAK,0.28333333333333327,65,KRSA,0.18769551616266944,1,OTHER,NAK,BIKE,AAK1
NAK,0.28333333333333327,65,KRSA,0.18769551616266944,1,OTHER,NAK,BIKE,BMP2K
NAK,0.28333333333333327,65,KRSA,0.18769551616266944,1,OTHER,NAK,GAK,GAK
NAK,0.28333333333333327,65,KRSA,0.18769551616266944,1,OTHER,NAK,MPSK,STK16
CHK1,0.01583333333333333,78,KRSA,0.02502606882168926,1,CAMK,CAMKL,CHK1,CHEK1
DYRK,-0.9416666666666668,20,KRSA,0.7507820646506778,4,CMGC,DYRK,DYRK1,DYRK1A
DYRK,-0.9416666666666668,20,KRSA,0.7507820646506778,4,CMGC,DYRK,DYRK1,DYRK1B
DYRK,-0.9416666666666668,20,KRSA,0.7507820646506778,4,CMGC,DYRK,DYRK2,DYRK2
DYRK,-0.9416666666666668,20,KRSA,0.7507820646506778,4,CMGC,DYRK,DYRK2,DYRK3
DYRK,-0.9416666666666668,20,KRSA,0.7507820646506778,4,CMGC,DYRK,DYRK2,DYRK4
DYRK,-0.9416666666666668,20,KRSA,0.7507820646506778,4,CMGC,DYRK,HIPK,HIPK1
DYRK,-0.9416666666666668,20,KRSA,0.7507820646506778,4,CMGC,DYRK,HIPK,HIPK2
DYRK,-0.9416666666666668,20,KRSA,0.7507820646506778,4,CMGC,DYRK,HIPK,HIPK3
DYRK,-0.9416666666666668,20,KRSA,0.7507820646506778,4,CMGC,DYRK,HIPK,HIPK4
DYRK,-0.9416666666666668,20,KRSA,0.7507820646506778,4,CMGC,DYRK,PRP4,PRPF4B
JNK,-1.6424999999999998,6,KRSA,0.9259645464025026,4,CMGC,MAPK,JNK,MAPK10
JNK,-1.6424999999999998,6,KRSA,0.9259645464025026,4,CMGC,MAPK,JNK,MAPK8
JNK,-1.6424999999999998,6,KRSA,0.9259645464025026,4,CMGC,MAPK,JNK,MAPK9
KHS,-0.31583333333333335,62,KRSA,0.22523461939520334,1,STE,STE20,KHS,MAP4K1
KHS,-0.31583333333333335,62,KRSA,0.22523461939520334,1,STE,STE20,KHS,MAP4K2
KHS,-0.31583333333333335,62,KRSA,0.22523461939520334,1,STE,STE20,KHS,MAP4K3
KHS,-0.31583333333333335,62,KRSA,0.22523461939520334,1,STE,STE20,KHS,MAP4K5
ULK,-0.485,43,KRSA,0.4629822732012513,2,OTHER,ULK,FUSED,STK36
ULK,-0.485,43,KRSA,0.4629822732012513,2,OTHER,ULK,ULK,ULK1
ULK,-0.485,43,KRSA,0.4629822732012513,2,OTHER,ULK,ULK,ULK2
ULK,-0.485,43,KRSA,0.4629822732012513,2,OTHER,ULK,ULK,ULK3
ULK,-0.485,43,KRSA,0.4629822732012513,2,OTHER,ULK,ULK,ULK4
ERK,-1.3383333333333334,10,KRSA,0.8759124087591241,4,CMGC,MAPK,ERK1,MAPK1
ERK,-1.3383333333333334,10,KRSA,0.8759124087591241,4,CMGC,MAPK,ERK7,MAPK15
ERK,-1.3383333333333334,10,KRSA,0.8759124087591241,4,CMGC,MAPK,ERK1,MAPK3
ERK,-1.3383333333333334,10,KRSA,0.8759124087591241,4,CMGC,MAPK,ERK3,MAPK4
ERK,-1.3383333333333334,10,KRSA,0.8759124087591241,4,CMGC,MAPK,ERK3,MAPK6
ERK,-1.3383333333333334,10,KRSA,0.8759124087591241,4,CMGC,MAPK,ERK5,MAPK7
CK1,-1.0816666666666668,14,KRSA,0.8258602711157456,4,CK1,CK1,CK1-A,CSNK1A1
CK1,-1.0816666666666668,14,KRSA,0.8258602711157456,4,CK1,CK1,CK1-A,CSNK1A1L
CK1,-1.0816666666666668,14,KRSA,0.8258602711157456,4,CK1,CK1,CK1-D,CSNK1D
CK1,-1.0816666666666668,14,KRSA,0.8258602711157456,4,CK1,CK1,CK1-D,CSNK1E
CK1,-1.0816666666666668,14,KRSA,0.8258602711157456,4,CK1,CK1,CK1-G,CSNK1G1
CK1,-1.0816666666666668,14,KRSA,0.8258602711157456,4,CK1,CK1,CK1-G,CSNK1G2
CK1,-1.0816666666666668,14,KRSA,0.8258602711157456,4,CK1,CK1,CK1-G,CSNK1G3
CK1,-1.0816666666666668,14,KRSA,0.8258602711157456,4,CK1,TTBK,TTBK,TTBK1
CK1,-1.0816666666666668,14,KRSA,0.8258602711157456,4,CK1,TTBK,TTBK,TTBK2
CK1,-1.0816666666666668,14,KRSA,0.8258602711157456,4,CK1,VRK,VRK,VRK3
BUD32,-0.4816666666666667,45,KRSA,0.43795620437956206,2,OTHER,BUD32,BUD32,TP53RK
CAMKK,-0.4766666666666667,48,KRSA,0.40041710114702816,2,OTHER,CAMKK,META,CAMKK1
CAMKK,-0.4766666666666667,48,KRSA,0.40041710114702816,2,OTHER,CAMKK,META,CAMKK2
NIK,-0.48583333333333334,42,KRSA,0.4754953076120959,2,STE,STE-UNIQUE,STE-UNIQUE,MAP3K14
CLK,-0.4733333333333334,49,KRSA,0.38790406673618355,2,CMGC,CLK,CLK,CLK1
CLK,-0.4733333333333334,49,KRSA,0.38790406673618355,2,CMGC,CLK,CLK,CLK2
CLK,-0.4733333333333334,49,KRSA,0.38790406673618355,2,CMGC,CLK,CLK,CLK3
CLK,-0.4733333333333334,49,KRSA,0.38790406673618355,2,CMGC,CLK,CLK,CLK4
WNK,-0.47833333333333333,46,KRSA,0.4254431699687174,2,OTHER,WNK,WNK,WNK1
WNK,-0.47833333333333333,46,KRSA,0.4254431699687174,2,OTHER,WNK,WNK,WNK2
WNK,-0.47833333333333333,46,KRSA,0.4254431699687174,2,OTHER,WNK,WNK,WNK3
WNK,-0.47833333333333333,46,KRSA,0.4254431699687174,2,OTHER,WNK,WNK,WNK4
SLK,0.2733333333333333,66,KRSA,0.17518248175182483,1,STE,STE20,SLK,SLK
SLK,0.2733333333333333,66,KRSA,0.17518248175182483,1,STE,STE20,SLK,STK10
P38,-1.5008333333333332,7,KRSA,0.913451511991658,4,CMGC,MAPK,P38,MAPK11
P38,-1.5008333333333332,7,KRSA,0.913451511991658,4,CMGC,MAPK,P38,MAPK12
P38,-1.5008333333333332,7,KRSA,0.913451511991658,4,CMGC,MAPK,P38,MAPK13
P38,-1.5008333333333332,7,KRSA,0.913451511991658,4,CMGC,MAPK,P38,MAPK14
PASK,-0.47,51,KRSA,0.36287799791449427,2,CAMK,CAMKL,PASK,PASK
MSN,0.5966666666666667,34,KRSA,0.5755995828988529,3,STE,STE20,MSN,MAP4K4
MSN,0.5966666666666667,34,KRSA,0.5755995828988529,3,STE,STE20,MSN,NRK
MSN,0.5966666666666667,34,KRSA,0.5755995828988529,3,STE,STE20,MSN,TNIK
PLK,-0.9308333333333332,21,KRSA,0.7382690302398331,3,NA,NA,NA,PLK5
PLK,-0.9308333333333332,21,KRSA,0.7382690302398331,3,OTHER,PLK,PLK1,PLK1
PLK,-0.9308333333333332,21,KRSA,0.7382690302398331,3,OTHER,PLK,PLK2,PLK2
PLK,-0.9308333333333332,21,KRSA,0.7382690302398331,3,OTHER,PLK,PLK2,PLK3
PLK,-0.9308333333333332,21,KRSA,0.7382690302398331,3,OTHER,PLK,SAK,PLK4
AKT,-1.0258333333333334,16,KRSA,0.8008342022940563,4,AGC,AKT,AKT,AKT1
AKT,-1.0258333333333334,16,KRSA,0.8008342022940563,4,AGC,AKT,AKT,AKT2
AKT,-1.0258333333333334,16,KRSA,0.8008342022940563,4,AGC,AKT,AKT,AKT3
CAMK1,0.1783333333333333,69,KRSA,0.13764337851929093,1,CAMK,CAMK1,CAMK1,CAMK1
CAMK1,0.1783333333333333,69,KRSA,0.13764337851929093,1,CAMK,CAMK1,CAMK1,CAMK1D
CAMK1,0.1783333333333333,69,KRSA,0.13764337851929093,1,CAMK,CAMK1,CAMK1,CAMK1G
CAMK1,0.1783333333333333,69,KRSA,0.13764337851929093,1,CAMK,CAMK1,CAMK1,CAMK4
CAMK1,0.1783333333333333,69,KRSA,0.13764337851929093,1,CAMK,CAMK1,CAMK1,PNCK
PAKA,-1.055,15,KRSA,0.8133472367049009,4,STE,STE20,PAKA,PAK1
PAKA,-1.055,15,KRSA,0.8133472367049009,4,STE,STE20,PAKA,PAK2
PAKA,-1.055,15,KRSA,0.8133472367049009,4,STE,STE20,PAKA,PAK3
SGK,-0.23916666666666664,67,KRSA,0.16266944734098018,1,AGC,SGK,SGK,SGK1
SGK,-0.23916666666666664,67,KRSA,0.16266944734098018,1,AGC,SGK,SGK,SGK2
SGK,-0.23916666666666664,67,KRSA,0.16266944734098018,1,AGC,SGK,SGK,SGK3
IRAK,0.04833333333333334,76,KRSA,0.05005213764337852,1,TKL,IRAK,IRAK,IRAK1
IRAK,0.04833333333333334,76,KRSA,0.05005213764337852,1,TKL,IRAK,IRAK,IRAK2
IRAK,0.04833333333333334,76,KRSA,0.05005213764337852,1,TKL,IRAK,IRAK,IRAK3
IRAK,0.04833333333333334,76,KRSA,0.05005213764337852,1,TKL,IRAK,IRAK,IRAK4
MAPKAPK,-0.6891666666666667,25,KRSA,0.6882168925964547,3,CAMK,MAPKAPK,MAPKAPK,MAPKAPK2
MAPKAPK,-0.6891666666666667,25,KRSA,0.6882168925964547,3,CAMK,MAPKAPK,MAPKAPK,MAPKAPK3
MAPKAPK,-0.6891666666666667,25,KRSA,0.6882168925964547,3,CAMK,MAPKAPK,MAPKAPK,MAPKAPK5
MAPKAPK,-0.6891666666666667,25,KRSA,0.6882168925964547,3,CAMK,MAPKAPK,MNK,MKNK1
MAPKAPK,-0.6891666666666667,25,KRSA,0.6882168925964547,3,CAMK,MAPKAPK,MNK,MKNK2
RIPK,-0.29500000000000004,64,KRSA,0.20020855057351408,1,TKL,RIPK,RIPK,ANKK1
RIPK,-0.29500000000000004,64,KRSA,0.20020855057351408,1,TKL,RIPK,RIPK,RIPK1
RIPK,-0.29500000000000004,64,KRSA,0.20020855057351408,1,TKL,RIPK,RIPK,RIPK2
RIPK,-0.29500000000000004,64,KRSA,0.20020855057351408,1,TKL,RIPK,RIPK,RIPK3
RIPK,-0.29500000000000004,64,KRSA,0.20020855057351408,1,TKL,RIPK,RIPK,RIPK4
VRK1,-0.01916666666666661,77,KRSA,0.03753910323253389,1,CK1,VRK,VRK,VRK1
STKR,-0.22583333333333336,68,KRSA,0.15015641293013557,1,TKL,STKR,TYPE1,ACVR1
STKR,-0.22583333333333336,68,KRSA,0.15015641293013557,1,TKL,STKR,TYPE1,ACVR1B
STKR,-0.22583333333333336,68,KRSA,0.15015641293013557,1,TKL,STKR,TYPE1,ACVR1C
STKR,-0.22583333333333336,68,KRSA,0.15015641293013557,1,TKL,STKR,TYPE2,ACVR2A
STKR,-0.22583333333333336,68,KRSA,0.15015641293013557,1,TKL,STKR,TYPE2,ACVR2B
STKR,-0.22583333333333336,68,KRSA,0.15015641293013557,1,TKL,STKR,TYPE1,ACVRL1
STKR,-0.22583333333333336,68,KRSA,0.15015641293013557,1,TKL,STKR,TYPE2,AMHR2
STKR,-0.22583333333333336,68,KRSA,0.15015641293013557,1,TKL,STKR,TYPE1,BMPR1A
STKR,-0.22583333333333336,68,KRSA,0.15015641293013557,1,TKL,STKR,TYPE1,BMPR1B
STKR,-0.22583333333333336,68,KRSA,0.15015641293013557,1,TKL,STKR,TYPE2,BMPR2
STKR,-0.22583333333333336,68,KRSA,0.15015641293013557,1,TKL,STKR,TYPE1,TGFBR1
STKR,-0.22583333333333336,68,KRSA,0.15015641293013557,1,TKL,STKR,TYPE2,TGFBR2
RAD53,0.06666666666666665,75,KRSA,0.06256517205422316,1,CAMK,RAD53,RAD53,CHEK2
MLCK,0.4783333333333333,47,KRSA,0.4129301355578728,2,CAMK,MLCK,MLCK,MYLK
MLCK,0.4783333333333333,47,KRSA,0.4129301355578728,2,CAMK,MLCK,MLCK,MYLK2
MLCK,0.4783333333333333,47,KRSA,0.4129301355578728,2,CAMK,MLCK,MLCK,TTN
PKCH,0.8966666666666667,22,KRSA,0.7257559958289885,3,AGC,PKC,ETA,PRKCE
PKCH,0.8966666666666667,22,KRSA,0.7257559958289885,3,AGC,PKC,ETA,PRKCH
MST,0.075,74,KRSA,0.07507820646506778,1,STE,STE20,MST,STK3
MST,0.075,74,KRSA,0.07507820646506778,1,STE,STE20,MST,STK4
ATR,-0.4183333333333333,55,KRSA,0.31282586027111575,2,ATYPICAL,PIKK,ATR,ATR
PKD,-0.3908333333333333,58,KRSA,0.27528675703858185,2,CAMK,PKD,PKD,PRKD1
PKD,-0.3908333333333333,58,KRSA,0.27528675703858185,2,CAMK,PKD,PKD,PRKD2
PKD,-0.3908333333333333,58,KRSA,0.27528675703858185,2,CAMK,PKD,PKD,PRKD3
PKG,0.07750000000000005,73,KRSA,0.08759124087591241,1,AGC,PKG,PKG,PRKG1
PKG,0.07750000000000005,73,KRSA,0.08759124087591241,1,AGC,PKG,PKG,PRKG2
RSK,-0.4825,44,KRSA,0.4504692387904067,2,AGC,RSK,RSK,RPS6KA1
RSK,-0.4825,44,KRSA,0.4504692387904067,2,AGC,RSK,RSK,RPS6KA2
RSK,-0.4825,44,KRSA,0.4504692387904067,2,AGC,RSK,RSK,RPS6KA3
RSK,-0.4825,44,KRSA,0.4504692387904067,2,AGC,RSK,MSK,RPS6KA4
RSK,-0.4825,44,KRSA,0.4504692387904067,2,AGC,RSK,MSK,RPS6KA5
RSK,-0.4825,44,KRSA,0.4504692387904067,2,AGC,RSK,RSK,RPS6KA6
RSK,-0.4825,44,KRSA,0.4504692387904067,2,AGC,RSK,P70,RPS6KB1
RSK,-0.4825,44,KRSA,0.4504692387904067,2,AGC,RSK,P70,RPS6KB2
PKA,-0.01000000000000004,79,KRSA,0.01251303441084463,1,AGC,PKA,PKA,PRKACA
PKA,-0.01000000000000004,79,KRSA,0.01251303441084463,1,AGC,PKA,PKA,PRKACB
PKA,-0.01000000000000004,79,KRSA,0.01251303441084463,1,AGC,PKA,PKA,PRKACG
PKA,-0.01000000000000004,79,KRSA,0.01251303441084463,1,AGC,PKA,PKA,PRKX
PKA,-0.01000000000000004,79,KRSA,0.01251303441084463,1,AGC,PKA,PKA,PRKY
DAPK,-0.5575,38,KRSA,0.5255474452554745,3,CAMK,DAPK,DAPK,DAPK1
DAPK,-0.5575,38,KRSA,0.5255474452554745,3,CAMK,DAPK,DAPK,DAPK2
DAPK,-0.5575,38,KRSA,0.5255474452554745,3,CAMK,DAPK,DAPK,DAPK3
DAPK,-0.5575,38,KRSA,0.5255474452554745,3,CAMK,DAPK,DRAK,STK17A
DAPK,-0.5575,38,KRSA,0.5255474452554745,3,CAMK,DAPK,DRAK,STK17B
PIM,-0.11499999999999998,71,KRSA,0.11261730969760167,1,CAMK,PIM,PIM,PIM1
PIM,-0.11499999999999998,71,KRSA,0.11261730969760167,1,CAMK,PIM,PIM,PIM2
PIM,-0.11499999999999998,71,KRSA,0.11261730969760167,1,CAMK,PIM,PIM,PIM3
TAO,0.7341666666666667,23,KRSA,0.7132429614181439,3,STE,STE20,TAO,TAOK1
TAO,0.7341666666666667,23,KRSA,0.7132429614181439,3,STE,STE20,TAO,TAOK2
TAO,0.7341666666666667,23,KRSA,0.7132429614181439,3,STE,STE20,TAO,TAOK3
MOS,0.9475,19,KRSA,0.7632950990615224,4,OTHER,MOS,MOS,MOS
HAL,0.33249999999999996,61,KRSA,0.23774765380604795,1,RGC,RGC,RGC,NPR1
FRAY,-1.2325,12,KRSA,0.8508863399374348,4,STE,STE20,FRAY,OXSR1
FRAY,-1.2325,12,KRSA,0.8508863399374348,4,STE,STE20,FRAY,STK39
PAKA,-1.055,15,KRSA,0.8133472367049009,4,STE,STE20,PAKA,PAK1
PAKA,-1.055,15,KRSA,0.8133472367049009,4,STE,STE20,PAKA,PAK2
PAKA,-1.055,15,KRSA,0.8133472367049009,4,STE,STE20,PAKA,PAK3
PKD,-0.3908333333333333,58,KRSA,0.27528675703858185,2,CAMK,PKD,PKD,PRKD1
PKD,-0.3908333333333333,58,KRSA,0.27528675703858185,2,CAMK,PKD,PKD,PRKD2
PKD,-0.3908333333333333,58,KRSA,0.27528675703858185,2,CAMK,PKD,PKD,PRKD3
PKG,0.07750000000000005,73,KRSA,0.08759124087591241,1,AGC,PKG,PKG,PRKG1
PKG,0.07750000000000005,73,KRSA,0.08759124087591241,1,AGC,PKG,PKG,PRKG2
GRK,-0.5425,40,KRSA,0.5005213764337852,3,AGC,GRK,GRK,GRK1
GRK,-0.5425,40,KRSA,0.5005213764337852,3,AGC,GRK,GRK,GRK4
GRK,-0.5425,40,KRSA,0.5005213764337852,3,AGC,GRK,GRK,GRK5
GRK,-0.5425,40,KRSA,0.5005213764337852,3,AGC,GRK,GRK,GRK6
GRK,-0.5425,40,KRSA,0.5005213764337852,3,AGC,GRK,GRK,GRK7
PDHK,-1.3458333333333332,9,KRSA,0.8884254431699687,4,ATYPICAL,PDHK,BCKDK,BCKDK
PDHK,-1.3458333333333332,9,KRSA,0.8884254431699687,4,ATYPICAL,PDHK,PDHK,PDK2
PDHK,-1.3458333333333332,9,KRSA,0.8884254431699687,4,ATYPICAL,PDHK,PDHK,PDK3
PDHK,-1.3458333333333332,9,KRSA,0.8884254431699687,4,ATYPICAL,PDHK,PDHK,PDK4
PKCH,0.8966666666666667,22,KRSA,0.7257559958289885,3,AGC,PKC,ETA,PRKCE
PKCH,0.8966666666666667,22,KRSA,0.7257559958289885,3,AGC,PKC,ETA,PRKCH
STE7,-0.645,31,KRSA,0.6131386861313869,3,STE,STE7,MEK1,MAP2K1
STE7,-0.645,31,KRSA,0.6131386861313869,3,STE,STE7,MEK1,MAP2K2
STE7,-0.645,31,KRSA,0.6131386861313869,3,STE,STE7,MEK3,MAP2K3
STE7,-0.645,31,KRSA,0.6131386861313869,3,STE,STE7,MEK4,MAP2K4
STE7,-0.645,31,KRSA,0.6131386861313869,3,STE,STE7,MEK5,MAP2K5
STE7,-0.645,31,KRSA,0.6131386861313869,3,STE,STE7,MEK3,MAP2K6
STE7,-0.645,31,KRSA,0.6131386861313869,3,STE,STE7,MEK7,MAP2K7
PKA,-0.01000000000000004,79,KRSA,0.01251303441084463,1,AGC,PKA,PKA,PRKACA
PKA,-0.01000000000000004,79,KRSA,0.01251303441084463,1,AGC,PKA,PKA,PRKACB
PKA,-0.01000000000000004,79,KRSA,0.01251303441084463,1,AGC,PKA,PKA,PRKACG
PKA,-0.01000000000000004,79,KRSA,0.01251303441084463,1,AGC,PKA,PKA,PRKX
PKA,-0.01000000000000004,79,KRSA,0.01251303441084463,1,AGC,PKA,PKA,PRKY
LKB,-0.47166666666666673,50,KRSA,0.3753910323253389,2,CAMK,CAMKL,LKB,STK11
NMO,-1.3083333333333331,11,KRSA,0.8633993743482794,4,CMGC,MAPK,NMO,NLK
MTOR,-0.6791666666666667,28,KRSA,0.6506777893639207,3,ATYPICAL,PIKK,FRAP,MTOR
STE11,-0.42166666666666675,54,KRSA,0.32533889468196037,2,TKL,MLK,TAK1,MAP3K7
STE11,-0.42166666666666675,54,KRSA,0.32533889468196037,2,STE,STE11,MEKK1,MAP3K1
STE11,-0.42166666666666675,54,KRSA,0.32533889468196037,2,STE,STE11,ASK,MAP3K15
STE11,-0.42166666666666675,54,KRSA,0.32533889468196037,2,STE,STE11,MEKK2,MAP3K2
STE11,-0.42166666666666675,54,KRSA,0.32533889468196037,2,STE,STE11,MEKK2,MAP3K3
STE11,-0.42166666666666675,54,KRSA,0.32533889468196037,2,STE,STE11,MEKK4,MAP3K4
STE11,-0.42166666666666675,54,KRSA,0.32533889468196037,2,STE,STE11,ASK,MAP3K5
STE11,-0.42166666666666675,54,KRSA,0.32533889468196037,2,STE,STE11,ASK,MAP3K6
MSN,0.5966666666666667,34,KRSA,0.5755995828988529,3,STE,STE20,MSN,MAP4K4
MSN,0.5966666666666667,34,KRSA,0.5755995828988529,3,STE,STE20,MSN,NRK
MSN,0.5966666666666667,34,KRSA,0.5755995828988529,3,STE,STE20,MSN,TNIK
SGK,-0.23916666666666664,67,KRSA,0.16266944734098018,1,AGC,SGK,SGK,SGK1
SGK,-0.23916666666666664,67,KRSA,0.16266944734098018,1,AGC,SGK,SGK,SGK2
SGK,-0.23916666666666664,67,KRSA,0.16266944734098018,1,AGC,SGK,SGK,SGK3
JNK,-1.6424999999999998,6,KRSA,0.9259645464025026,4,CMGC,MAPK,JNK,MAPK10
JNK,-1.6424999999999998,6,KRSA,0.9259645464025026,4,CMGC,MAPK,JNK,MAPK8
JNK,-1.6424999999999998,6,KRSA,0.9259645464025026,4,CMGC,MAPK,JNK,MAPK9
PHK,-2.26,2,KRSA,0.9760166840458812,4,CAMK,PHK,PHK,PHKG1
PHK,-2.26,2,KRSA,0.9760166840458812,4,CAMK,PHK,PHK,PHKG2
IKK,-1.1033333333333333,13,KRSA,0.8383733055265902,4,OTHER,IKK,IKK,CHUK
IKK,-1.1033333333333333,13,KRSA,0.8383733055265902,4,OTHER,IKK,IKK,IKBKB
IKK,-1.1033333333333333,13,KRSA,0.8383733055265902,4,OTHER,IKK,IKK,IKBKE
IKK,-1.1033333333333333,13,KRSA,0.8383733055265902,4,OTHER,IKK,IKK,TBK1
PEK,-2.171666666666667,3,KRSA,0.9635036496350365,4,OTHER,PEK,HRI,EIF2AK1
PEK,-2.171666666666667,3,KRSA,0.9635036496350365,4,OTHER,PEK,PKR,EIF2AK2
PEK,-2.171666666666667,3,KRSA,0.9635036496350365,4,OTHER,PEK,PEK,EIF2AK3
PEK,-2.171666666666667,3,KRSA,0.9635036496350365,4,OTHER,PEK,GCN2,EIF2AK4
CK2,-0.6583333333333333,30,KRSA,0.6256517205422315,3,CMGC,CK2,CK2,CSNK2A1
CK2,-0.6583333333333333,30,KRSA,0.6256517205422315,3,CMGC,CK2,CK2,CSNK2A2
CK2,-0.6583333333333333,30,KRSA,0.6256517205422315,3,NA,NA,NA,CSNK2A3
STKR,-0.22583333333333336,68,KRSA,0.15015641293013557,1,TKL,STKR,TYPE1,ACVR1
STKR,-0.22583333333333336,68,KRSA,0.15015641293013557,1,TKL,STKR,TYPE1,ACVR1B
STKR,-0.22583333333333336,68,KRSA,0.15015641293013557,1,TKL,STKR,TYPE1,ACVR1C
STKR,-0.22583333333333336,68,KRSA,0.15015641293013557,1,TKL,STKR,TYPE2,ACVR2A
STKR,-0.22583333333333336,68,KRSA,0.15015641293013557,1,TKL,STKR,TYPE2,ACVR2B
STKR,-0.22583333333333336,68,KRSA,0.15015641293013557,1,TKL,STKR,TYPE1,ACVRL1
STKR,-0.22583333333333336,68,KRSA,0.15015641293013557,1,TKL,STKR,TYPE2,AMHR2
STKR,-0.22583333333333336,68,KRSA,0.15015641293013557,1,TKL,STKR,TYPE1,BMPR1A
STKR,-0.22583333333333336,68,KRSA,0.15015641293013557,1,TKL,STKR,TYPE1,BMPR1B
STKR,-0.22583333333333336,68,KRSA,0.15015641293013557,1,TKL,STKR,TYPE2,BMPR2
STKR,-0.22583333333333336,68,KRSA,0.15015641293013557,1,TKL,STKR,TYPE1,TGFBR1
STKR,-0.22583333333333336,68,KRSA,0.15015641293013557,1,TKL,STKR,TYPE2,TGFBR2
CAMK1,0.1783333333333333,69,KRSA,0.13764337851929093,1,CAMK,CAMK1,CAMK1,CAMK1
CAMK1,0.1783333333333333,69,KRSA,0.13764337851929093,1,CAMK,CAMK1,CAMK1,CAMK1D
CAMK1,0.1783333333333333,69,KRSA,0.13764337851929093,1,CAMK,CAMK1,CAMK1,CAMK1G
CAMK1,0.1783333333333333,69,KRSA,0.13764337851929093,1,CAMK,CAMK1,CAMK1,CAMK4
CAMK1,0.1783333333333333,69,KRSA,0.13764337851929093,1,CAMK,CAMK1,CAMK1,PNCK
VRK1,-0.01916666666666661,77,KRSA,0.03753910323253389,1,CK1,VRK,VRK,VRK1
NDR,-0.5508333333333334,39,KRSA,0.5130344108446299,3,AGC,NDR,NDR,LATS1
NDR,-0.5508333333333334,39,KRSA,0.5130344108446299,3,AGC,NDR,NDR,LATS2
NDR,-0.5508333333333334,39,KRSA,0.5130344108446299,3,AGC,NDR,NDR,STK38
NDR,-0.5508333333333334,39,KRSA,0.5130344108446299,3,AGC,NDR,NDR,STK38L
COT,0.7116666666666667,24,KRSA,0.7007299270072993,3,STE,STE-UNIQUE,STE-UNIQUE,MAP3K8
DMPK,-1.3725,8,KRSA,0.9009384775808134,4,AGC,DMPK,GEK,CDC42BPA
DMPK,-1.3725,8,KRSA,0.9009384775808134,4,AGC,DMPK,GEK,CDC42BPB
DMPK,-1.3725,8,KRSA,0.9009384775808134,4,AGC,DMPK,GEK,CDC42BPG
DMPK,-1.3725,8,KRSA,0.9009384775808134,4,AGC,DMPK,CRIK,CIT
DMPK,-1.3725,8,KRSA,0.9009384775808134,4,AGC,DMPK,GEK,DMPK
DMPK,-1.3725,8,KRSA,0.9009384775808134,4,AGC,DMPK,ROCK,ROCK1
DMPK,-1.3725,8,KRSA,0.9009384775808134,4,AGC,DMPK,ROCK,ROCK2
MLCK,0.4783333333333333,47,KRSA,0.4129301355578728,2,CAMK,MLCK,MLCK,MYLK
MLCK,0.4783333333333333,47,KRSA,0.4129301355578728,2,CAMK,MLCK,MLCK,MYLK2
MLCK,0.4783333333333333,47,KRSA,0.4129301355578728,2,CAMK,MLCK,MLCK,TTN
MLK,-0.6124999999999999,33,KRSA,0.5881126173096975,3,TKL,MLK,ILK,ILK
MLK,-0.6124999999999999,33,KRSA,0.5881126173096975,3,TKL,MLK,MLK,MAP3K10
MLK,-0.6124999999999999,33,KRSA,0.5881126173096975,3,TKL,MLK,MLK,MAP3K11
MLK,-0.6124999999999999,33,KRSA,0.5881126173096975,3,TKL,MLK,LZK,MAP3K12
MLK,-0.6124999999999999,33,KRSA,0.5881126173096975,3,TKL,MLK,LZK,MAP3K13
MLK,-0.6124999999999999,33,KRSA,0.5881126173096975,3,TKL,MLK,MLK,MAP3K9
MLK,-0.6124999999999999,33,KRSA,0.5881126173096975,3,TKL,MLK,HH498,TNNI3K
ATM,-0.4133333333333334,56,KRSA,0.30031282586027114,2,ATYPICAL,PIKK,ATM,ATM
P38,-1.5008333333333332,7,KRSA,0.913451511991658,4,CMGC,MAPK,P38,MAPK11
P38,-1.5008333333333332,7,KRSA,0.913451511991658,4,CMGC,MAPK,P38,MAPK12
P38,-1.5008333333333332,7,KRSA,0.913451511991658,4,CMGC,MAPK,P38,MAPK13
P38,-1.5008333333333332,7,KRSA,0.913451511991658,4,CMGC,MAPK,P38,MAPK14
CAMK2,0.585,36,KRSA,0.5505735140771637,3,CAMK,CAMK2,CAMK2,CAMK2A
CAMK2,0.585,36,KRSA,0.5505735140771637,3,CAMK,CAMK2,CAMK2,CAMK2B
CAMK2,0.585,36,KRSA,0.5505735140771637,3,CAMK,CAMK2,CAMK2,CAMK2D
CAMK2,0.585,36,KRSA,0.5505735140771637,3,CAMK,CAMK2,CAMK2,CAMK2G
IRAK,0.04833333333333334,76,KRSA,0.05005213764337852,1,TKL,IRAK,IRAK,IRAK1
IRAK,0.04833333333333334,76,KRSA,0.05005213764337852,1,TKL,IRAK,IRAK,IRAK2
IRAK,0.04833333333333334,76,KRSA,0.05005213764337852,1,TKL,IRAK,IRAK,IRAK3
IRAK,0.04833333333333334,76,KRSA,0.05005213764337852,1,TKL,IRAK,IRAK,IRAK4
BARK2,-0.3933333333333333,57,KRSA,0.28779979144942647,2,AGC,GRK,BARK,GRK3
CDK,-2.0233333333333334,4,KRSA,0.9509906152241918,4,CMGC,CDK,CDC2,CDK1
CDK,-2.0233333333333334,4,KRSA,0.9509906152241918,4,CMGC,CDK,CDK10,CDK10
CDK,-2.0233333333333334,4,KRSA,0.9509906152241918,4,CMGC,CDK,CRK7,CDK12
CDK,-2.0233333333333334,4,KRSA,0.9509906152241918,4,CMGC,CDK,CRK7,CDK13
CDK,-2.0233333333333334,4,KRSA,0.9509906152241918,4,CMGC,CDK,PFTAIRE,CDK14
CDK,-2.0233333333333334,4,KRSA,0.9509906152241918,4,CMGC,CDK,PFTAIRE,CDK15
CDK,-2.0233333333333334,4,KRSA,0.9509906152241918,4,CMGC,CDK,PCTAIRE,CDK16
CDK,-2.0233333333333334,4,KRSA,0.9509906152241918,4,CMGC,CDK,PCTAIRE,CDK17
CDK,-2.0233333333333334,4,KRSA,0.9509906152241918,4,CMGC,CDK,PCTAIRE,CDK18
CDK,-2.0233333333333334,4,KRSA,0.9509906152241918,4,CMGC,CDK,CDK8,CDK19
CDK,-2.0233333333333334,4,KRSA,0.9509906152241918,4,CMGC,CDK,CDC2,CDK2
CDK,-2.0233333333333334,4,KRSA,0.9509906152241918,4,CMGC,CDK,CCRK,CDK20
CDK,-2.0233333333333334,4,KRSA,0.9509906152241918,4,CMGC,CDK,CDC2,CDK3
CDK,-2.0233333333333334,4,KRSA,0.9509906152241918,4,CMGC,CDK,CDK4,CDK4
CDK,-2.0233333333333334,4,KRSA,0.9509906152241918,4,CMGC,CDK,CDK5,CDK5
CDK,-2.0233333333333334,4,KRSA,0.9509906152241918,4,CMGC,CDK,CDK4,CDK6
CDK,-2.0233333333333334,4,KRSA,0.9509906152241918,4,CMGC,CDK,CDK7,CDK7
CDK,-2.0233333333333334,4,KRSA,0.9509906152241918,4,CMGC,CDK,CDK8,CDK8
CDK,-2.0233333333333334,4,KRSA,0.9509906152241918,4,CMGC,CDK,CDK9,CDK9
CDK,-2.0233333333333334,4,KRSA,0.9509906152241918,4,NA,NA,NA,CDK11A
CDK,-2.0233333333333334,4,KRSA,0.9509906152241918,4,NA,NA,NA,CDK11B
ERK,-1.3383333333333334,10,KRSA,0.8759124087591241,4,CMGC,MAPK,ERK1,MAPK1
ERK,-1.3383333333333334,10,KRSA,0.8759124087591241,4,CMGC,MAPK,ERK7,MAPK15
ERK,-1.3383333333333334,10,KRSA,0.8759124087591241,4,CMGC,MAPK,ERK1,MAPK3
ERK,-1.3383333333333334,10,KRSA,0.8759124087591241,4,CMGC,MAPK,ERK3,MAPK4
ERK,-1.3383333333333334,10,KRSA,0.8759124087591241,4,CMGC,MAPK,ERK3,MAPK6
ERK,-1.3383333333333334,10,KRSA,0.8759124087591241,4,CMGC,MAPK,ERK5,MAPK7
PIM,-0.11499999999999998,71,KRSA,0.11261730969760167,1,CAMK,PIM,PIM,PIM1
PIM,-0.11499999999999998,71,KRSA,0.11261730969760167,1,CAMK,PIM,PIM,PIM2
PIM,-0.11499999999999998,71,KRSA,0.11261730969760167,1,CAMK,PIM,PIM,PIM3
MAPKAPK,-0.6891666666666667,25,KRSA,0.6882168925964547,3,CAMK,MAPKAPK,MAPKAPK,MAPKAPK2
MAPKAPK,-0.6891666666666667,25,KRSA,0.6882168925964547,3,CAMK,MAPKAPK,MAPKAPK,MAPKAPK3
MAPKAPK,-0.6891666666666667,25,KRSA,0.6882168925964547,3,CAMK,MAPKAPK,MAPKAPK,MAPKAPK5
MAPKAPK,-0.6891666666666667,25,KRSA,0.6882168925964547,3,CAMK,MAPKAPK,MNK,MKNK1
MAPKAPK,-0.6891666666666667,25,KRSA,0.6882168925964547,3,CAMK,MAPKAPK,MNK,MKNK2
TLK,-0.6816666666666666,27,KRSA,0.6631908237747653,3,OTHER,TLK,TLK,TLK1
TLK,-0.6816666666666666,27,KRSA,0.6631908237747653,3,OTHER,TLK,TLK,TLK2
NUAK,-0.6825,26,KRSA,0.67570385818561,3,CAMK,CAMKL,NUAK,NUAK1
NUAK,-0.6825,26,KRSA,0.67570385818561,3,CAMK,CAMKL,NUAK,NUAK2
PKN,-0.5641666666666667,37,KRSA,0.5380604796663191,3,AGC,PKN,PKN,PKN1
PKN,-0.5641666666666667,37,KRSA,0.5380604796663191,3,AGC,PKN,PKN,PKN2
PKN,-0.5641666666666667,37,KRSA,0.5380604796663191,3,AGC,PKN,PKN,PKN3
TTK,-0.6766666666666666,29,KRSA,0.6381647549530761,3,OTHER,TTK,TTK,TTK
PAKB,-0.30833333333333335,63,KRSA,0.2127215849843587,1,STE,STE20,PAKB,PAK4
PAKB,-0.30833333333333335,63,KRSA,0.2127215849843587,1,STE,STE20,PAKB,PAK5
PAKB,-0.30833333333333335,63,KRSA,0.2127215849843587,1,STE,STE20,PAKB,PAK6
NAK,0.28333333333333327,65,KRSA,0.18769551616266944,1,OTHER,NAK,BIKE,AAK1
NAK,0.28333333333333327,65,KRSA,0.18769551616266944,1,OTHER,NAK,BIKE,BMP2K
NAK,0.28333333333333327,65,KRSA,0.18769551616266944,1,OTHER,NAK,GAK,GAK
NAK,0.28333333333333327,65,KRSA,0.18769551616266944,1,OTHER,NAK,MPSK,STK16
DAPK,-0.5575,38,KRSA,0.5255474452554745,3,CAMK,DAPK,DAPK,DAPK1
DAPK,-0.5575,38,KRSA,0.5255474452554745,3,CAMK,DAPK,DAPK,DAPK2
DAPK,-0.5575,38,KRSA,0.5255474452554745,3,CAMK,DAPK,DAPK,DAPK3
DAPK,-0.5575,38,KRSA,0.5255474452554745,3,CAMK,DAPK,DRAK,STK17A
DAPK,-0.5575,38,KRSA,0.5255474452554745,3,CAMK,DAPK,DRAK,STK17B
RSK,-0.4825,44,KRSA,0.4504692387904067,2,AGC,RSK,RSK,RPS6KA1
RSK,-0.4825,44,KRSA,0.4504692387904067,2,AGC,RSK,RSK,RPS6KA2
RSK,-0.4825,44,KRSA,0.4504692387904067,2,AGC,RSK,RSK,RPS6KA3
RSK,-0.4825,44,KRSA,0.4504692387904067,2,AGC,RSK,MSK,RPS6KA4
RSK,-0.4825,44,KRSA,0.4504692387904067,2,AGC,RSK,MSK,RPS6KA5
RSK,-0.4825,44,KRSA,0.4504692387904067,2,AGC,RSK,RSK,RPS6KA6
RSK,-0.4825,44,KRSA,0.4504692387904067,2,AGC,RSK,P70,RPS6KB1
RSK,-0.4825,44,KRSA,0.4504692387904067,2,AGC,RSK,P70,RPS6KB2
MST,0.075,74,KRSA,0.07507820646506778,1,STE,STE20,MST,STK3
MST,0.075,74,KRSA,0.07507820646506778,1,STE,STE20,MST,STK4
KHS,-0.31583333333333335,62,KRSA,0.22523461939520334,1,STE,STE20,KHS,MAP4K1
KHS,-0.31583333333333335,62,KRSA,0.22523461939520334,1,STE,STE20,KHS,MAP4K2
KHS,-0.31583333333333335,62,KRSA,0.22523461939520334,1,STE,STE20,KHS,MAP4K3
KHS,-0.31583333333333335,62,KRSA,0.22523461939520334,1,STE,STE20,KHS,MAP4K5
NIK,-0.48583333333333334,42,KRSA,0.4754953076120959,2,STE,STE-UNIQUE,STE-UNIQUE,MAP3K14
PLK,-0.9308333333333332,21,KRSA,0.7382690302398331,3,NA,NA,NA,PLK5
PLK,-0.9308333333333332,21,KRSA,0.7382690302398331,3,OTHER,PLK,PLK1,PLK1
PLK,-0.9308333333333332,21,KRSA,0.7382690302398331,3,OTHER,PLK,PLK2,PLK2
PLK,-0.9308333333333332,21,KRSA,0.7382690302398331,3,OTHER,PLK,PLK2,PLK3
PLK,-0.9308333333333332,21,KRSA,0.7382690302398331,3,OTHER,PLK,SAK,PLK4
WNK,-0.47833333333333333,46,KRSA,0.4254431699687174,2,OTHER,WNK,WNK,WNK1
WNK,-0.47833333333333333,46,KRSA,0.4254431699687174,2,OTHER,WNK,WNK,WNK2
WNK,-0.47833333333333333,46,KRSA,0.4254431699687174,2,OTHER,WNK,WNK,WNK3
WNK,-0.47833333333333333,46,KRSA,0.4254431699687174,2,OTHER,WNK,WNK,WNK4
SLK,0.2733333333333333,66,KRSA,0.17518248175182483,1,STE,STE20,SLK,SLK
SLK,0.2733333333333333,66,KRSA,0.17518248175182483,1,STE,STE20,SLK,STK10
BRSK,0.4533333333333333,53,KRSA,0.337851929092805,2,CAMK,CAMKL,BRSK,BRSK1
BRSK,0.4533333333333333,53,KRSA,0.337851929092805,2,CAMK,CAMKL,BRSK,BRSK2
BUD32,-0.4816666666666667,45,KRSA,0.43795620437956206,2,OTHER,BUD32,BUD32,TP53RK
CAMKK,-0.4766666666666667,48,KRSA,0.40041710114702816,2,OTHER,CAMKK,META,CAMKK1
CAMKK,-0.4766666666666667,48,KRSA,0.40041710114702816,2,OTHER,CAMKK,META,CAMKK2
CLK,-0.4733333333333334,49,KRSA,0.38790406673618355,2,CMGC,CLK,CLK,CLK1
CLK,-0.4733333333333334,49,KRSA,0.38790406673618355,2,CMGC,CLK,CLK,CLK2
CLK,-0.4733333333333334,49,KRSA,0.38790406673618355,2,CMGC,CLK,CLK,CLK3
CLK,-0.4733333333333334,49,KRSA,0.38790406673618355,2,CMGC,CLK,CLK,CLK4
PASK,-0.47,51,KRSA,0.36287799791449427,2,CAMK,CAMKL,PASK,PASK
AMPK,-0.5875,35,KRSA,0.5630865484880083,3,CAMK,CAMKL,AMPK,PRKAA1
AMPK,-0.5875,35,KRSA,0.5630865484880083,3,CAMK,CAMKL,AMPK,PRKAA2
ULK,-0.485,43,KRSA,0.4629822732012513,2,OTHER,ULK,FUSED,STK36
ULK,-0.485,43,KRSA,0.4629822732012513,2,OTHER,ULK,ULK,ULK1
ULK,-0.485,43,KRSA,0.4629822732012513,2,OTHER,ULK,ULK,ULK2
ULK,-0.485,43,KRSA,0.4629822732012513,2,OTHER,ULK,ULK,ULK3
ULK,-0.485,43,KRSA,0.4629822732012513,2,OTHER,ULK,ULK,ULK4
RAF,-1.0108333333333333,17,KRSA,0.7883211678832117,4,TKL,RAF,RAF,ARAF
RAF,-1.0108333333333333,17,KRSA,0.7883211678832117,4,TKL,RAF,RAF,BRAF
RAF,-1.0108333333333333,17,KRSA,0.7883211678832117,4,TKL,RAF,KSR,KSR1
RAF,-1.0108333333333333,17,KRSA,0.7883211678832117,4,TKL,RAF,KSR,KSR2
RAF,-1.0108333333333333,17,KRSA,0.7883211678832117,4,TKL,RAF,RAF,RAF1
PKCD,0.3566666666666667,59,KRSA,0.26277372262773724,2,AGC,PKC,DELTA,PRKCD
PKCD,0.3566666666666667,59,KRSA,0.26277372262773724,2,AGC,PKC,DELTA,PRKCQ
ATR,-0.4183333333333333,55,KRSA,0.31282586027111575,2,ATYPICAL,PIKK,ATR,ATR
CHK1,0.01583333333333333,78,KRSA,0.02502606882168926,1,CAMK,CAMKL,CHK1,CHEK1
PRKDC,-0.63,32,KRSA,0.6006256517205423,3,ATYPICAL,PIKK,DNAPK,PRKDC
DYRK,-0.9416666666666668,20,KRSA,0.7507820646506778,4,CMGC,DYRK,DYRK1,DYRK1A
DYRK,-0.9416666666666668,20,KRSA,0.7507820646506778,4,CMGC,DYRK,DYRK1,DYRK1B
DYRK,-0.9416666666666668,20,KRSA,0.7507820646506778,4,CMGC,DYRK,DYRK2,DYRK2
DYRK,-0.9416666666666668,20,KRSA,0.7507820646506778,4,CMGC,DYRK,DYRK2,DYRK3
DYRK,-0.9416666666666668,20,KRSA,0.7507820646506778,4,CMGC,DYRK,DYRK2,DYRK4
DYRK,-0.9416666666666668,20,KRSA,0.7507820646506778,4,CMGC,DYRK,HIPK,HIPK1
DYRK,-0.9416666666666668,20,KRSA,0.7507820646506778,4,CMGC,DYRK,HIPK,HIPK2
DYRK,-0.9416666666666668,20,KRSA,0.7507820646506778,4,CMGC,DYRK,HIPK,HIPK3
DYRK,-0.9416666666666668,20,KRSA,0.7507820646506778,4,CMGC,DYRK,HIPK,HIPK4
DYRK,-0.9416666666666668,20,KRSA,0.7507820646506778,4,CMGC,DYRK,PRP4,PRPF4B
RAD53,0.06666666666666665,75,KRSA,0.06256517205422316,1,CAMK,RAD53,RAD53,CHEK2
MELK,-0.10750000000000004,72,KRSA,0.10010427528675704,1,CAMK,CAMKL,MELK,MELK
RIPK,-0.29500000000000004,64,KRSA,0.20020855057351408,1,TKL,RIPK,RIPK,ANKK1
RIPK,-0.29500000000000004,64,KRSA,0.20020855057351408,1,TKL,RIPK,RIPK,RIPK1
RIPK,-0.29500000000000004,64,KRSA,0.20020855057351408,1,TKL,RIPK,RIPK,RIPK2
RIPK,-0.29500000000000004,64,KRSA,0.20020855057351408,1,TKL,RIPK,RIPK,RIPK3
RIPK,-0.29500000000000004,64,KRSA,0.20020855057351408,1,TKL,RIPK,RIPK,RIPK4
PDK1,-0.9783333333333332,18,KRSA,0.7758081334723671,4,ATYPICAL,PDHK,PDHK,PDK1
PDK1,-0.9783333333333332,18,KRSA,0.7758081334723671,4,AGC,PDK1,PDK1,PDPK1
GSK,-0.3416666666666667,60,KRSA,0.2502606882168926,2,CMGC,GSK,GSK,GSK3A
GSK,-0.3416666666666667,60,KRSA,0.2502606882168926,2,CMGC,GSK,GSK,GSK3B
AUR,0.005,80,KRSA,0,1,OTHER,AUR,AUR,AURKA
AUR,0.005,80,KRSA,0,1,OTHER,AUR,AUR,AURKB
AUR,0.005,80,KRSA,0,1,OTHER,AUR,AUR,AURKC
CK1,-1.0816666666666668,14,KRSA,0.8258602711157456,4,CK1,CK1,CK1-A,CSNK1A1
CK1,-1.0816666666666668,14,KRSA,0.8258602711157456,4,CK1,CK1,CK1-A,CSNK1A1L
CK1,-1.0816666666666668,14,KRSA,0.8258602711157456,4,CK1,CK1,CK1-D,CSNK1D
CK1,-1.0816666666666668,14,KRSA,0.8258602711157456,4,CK1,CK1,CK1-D,CSNK1E
CK1,-1.0816666666666668,14,KRSA,0.8258602711157456,4,CK1,CK1,CK1-G,CSNK1G1
CK1,-1.0816666666666668,14,KRSA,0.8258602711157456,4,CK1,CK1,CK1-G,CSNK1G2
CK1,-1.0816666666666668,14,KRSA,0.8258602711157456,4,CK1,CK1,CK1-G,CSNK1G3
CK1,-1.0816666666666668,14,KRSA,0.8258602711157456,4,CK1,TTBK,TTBK,TTBK1
CK1,-1.0816666666666668,14,KRSA,0.8258602711157456,4,CK1,TTBK,TTBK,TTBK2
CK1,-1.0816666666666668,14,KRSA,0.8258602711157456,4,CK1,VRK,VRK,VRK3
PKCI,-0.4616666666666666,52,KRSA,0.35036496350364965,2,AGC,PKC,IOTA,PRKCI
PKCI,-0.4616666666666666,52,KRSA,0.35036496350364965,2,AGC,PKC,IOTA,PRKCZ
NEK,0.15666666666666665,70,KRSA,0.1251303441084463,1,OTHER,NEK,NEK11,NEK11
NEK,0.15666666666666665,70,KRSA,0.1251303441084463,1,OTHER,NEK,NEK2,NEK2
NEK,0.15666666666666665,70,KRSA,0.1251303441084463,1,OTHER,NEK,NEK1,NEK3
NEK,0.15666666666666665,70,KRSA,0.1251303441084463,1,OTHER,NEK,NEK4,NEK4
NEK,0.15666666666666665,70,KRSA,0.1251303441084463,1,OTHER,NEK,NEK1,NEK5
NEK,0.15666666666666665,70,KRSA,0.1251303441084463,1,OTHER,NEK,NEK6,NEK6
NEK,0.15666666666666665,70,KRSA,0.1251303441084463,1,OTHER,NEK,NEK6,NEK7
NEK,0.15666666666666665,70,KRSA,0.1251303441084463,1,OTHER,NEK,NEK8,NEK8
NEK,0.15666666666666665,70,KRSA,0.1251303441084463,1,OTHER,NEK,NEK8,NEK9
AKT,-1.0258333333333334,16,KRSA,0.8008342022940563,4,AGC,AKT,AKT,AKT1
AKT,-1.0258333333333334,16,KRSA,0.8008342022940563,4,AGC,AKT,AKT,AKT2
AKT,-1.0258333333333334,16,KRSA,0.8008342022940563,4,AGC,AKT,AKT,AKT3
PKCA,-2.94,1,KRSA,0.9885297184567258,4,AGC,PKC,ALPHA,PRKCA
PKCA,-2.94,1,KRSA,0.9885297184567258,4,AGC,PKC,ALPHA,PRKCB
PKCA,-2.94,1,KRSA,0.9885297184567258,4,AGC,PKC,ALPHA,PRKCG
QIK,-1.765,5,KRSA,0.9384775808133472,4,CAMK,CAMKL,QIK,SIK1
QIK,-1.765,5,KRSA,0.9384775808133472,4,CAMK,CAMKL,QIK,SIK2
