Kinase,Peptide,LFC
BARK1,ACM1_444_456,0.05539178789961539
CDK,ACM1_444_456,0.05539178789961539
CK1,ACM1_444_456,0.05539178789961539
DAPK,ACM1_444_456,0.05539178789961539
DMPK,ACM1_444_456,0.05539178789961539
DYRK,ACM1_444_456,0.05539178789961539
ERK,ACM1_444_456,0.05539178789961539
GSK,ACM1_444_456,0.05539178789961539
IRAK,ACM1_444_456,0.05539178789961539
JNK,ACM1_444_456,0.05539178789961539
MLCK,ACM1_444_456,0.05539178789961539
P38,ACM1_444_456,0.05539178789961539
PDK1,ACM1_444_456,0.05539178789961539
PEK,ACM1_444_456,0.05539178789961539
PHK,ACM1_444_456,0.05539178789961539
PIM,ACM1_444_456,0.05539178789961539
PKCA,ACM1_444_456,0.05539178789961539
RSK,ACM1_444_456,0.05539178789961539
VRK2,ACM1_444_456,0.05539178789961539
BARK1,ACM4_456_468,0.1030295164035584
FRAY,ACM4_456_468,0.1030295164035584
MELK,ACM4_456_468,0.1030295164035584
PDHK,ACM4_456_468,0.1030295164035584
PDK1,ACM4_456_468,0.1030295164035584
PIM,ACM4_456_468,0.1030295164035584
PKCA,ACM4_456_468,0.1030295164035584
PKCH,ACM4_456_468,0.1030295164035584
VRK2,ACM4_456_468,0.1030295164035584
BARK1,ADDB_696_708,-0.03804408063245969
CDK,ADDB_696_708,-0.03804408063245969
CK1,ADDB_696_708,-0.03804408063245969
DMPK,ADDB_696_708,-0.03804408063245969
DYRK,ADDB_696_708,-0.03804408063245969
ERK,ADDB_696_708,-0.03804408063245969
GSK,ADDB_696_708,-0.03804408063245969
IKK,ADDB_696_708,-0.03804408063245969
JNK,ADDB_696_708,-0.03804408063245969
MELK,ADDB_696_708,-0.03804408063245969
MST,ADDB_696_708,-0.03804408063245969
NEK,ADDB_696_708,-0.03804408063245969
P38,ADDB_696_708,-0.03804408063245969
PDK1,ADDB_696_708,-0.03804408063245969
PEK,ADDB_696_708,-0.03804408063245969
PKCA,ADDB_696_708,-0.03804408063245969
PKCH,ADDB_696_708,-0.03804408063245969
PLK,ADDB_696_708,-0.03804408063245969
QIK,ADDB_696_708,-0.03804408063245969
RIPK,ADDB_696_708,-0.03804408063245969
STE7,ADDB_696_708,-0.03804408063245969
VRK1,ADDB_696_708,-0.03804408063245969
VRK2,ADDB_696_708,-0.03804408063245969
BARK1,ADDB_706_718,0.232066440615142
CDK,ADDB_706_718,0.232066440615142
CHK1,ADDB_706_718,0.232066440615142
DMPK,ADDB_706_718,0.232066440615142
DYRK,ADDB_706_718,0.232066440615142
ERK,ADDB_706_718,0.232066440615142
JNK,ADDB_706_718,0.232066440615142
MAPKAPK,ADDB_706_718,0.232066440615142
MST,ADDB_706_718,0.232066440615142
NEK,ADDB_706_718,0.232066440615142
P38,ADDB_706_718,0.232066440615142
PAKA,ADDB_706_718,0.232066440615142
PDHK,ADDB_706_718,0.232066440615142
PDK1,ADDB_706_718,0.232066440615142
PEK,ADDB_706_718,0.232066440615142
PHK,ADDB_706_718,0.232066440615142
PIM,ADDB_706_718,0.232066440615142
PKCA,ADDB_706_718,0.232066440615142
PLK,ADDB_706_718,0.232066440615142
RAD53,ADDB_706_718,0.232066440615142
RSK,ADDB_706_718,0.232066440615142
VRK2,ADDB_706_718,0.232066440615142
AKT,ADRB2_338_350,1.0923214637851526
BARK1,ADRB2_338_350,1.0923214637851526
CAMK1,ADRB2_338_350,1.0923214637851526
CDK,ADRB2_338_350,1.0923214637851526
CHK1,ADRB2_338_350,1.0923214637851526
DMPK,ADRB2_338_350,1.0923214637851526
GRK,ADRB2_338_350,1.0923214637851526
PAKA,ADRB2_338_350,1.0923214637851526
PKA,ADRB2_338_350,1.0923214637851526
PKCA,ADRB2_338_350,1.0923214637851526
PKCI,ADRB2_338_350,1.0923214637851526
PKG,ADRB2_338_350,1.0923214637851526
RAD53,ADRB2_338_350,1.0923214637851526
RSK,ADRB2_338_350,1.0923214637851526
VRK2,ADRB2_338_350,1.0923214637851526
AKT,ANDR_785_797,0.2721383689503594
ATR,ANDR_785_797,0.2721383689503594
BARK1,ANDR_785_797,0.2721383689503594
DMPK,ANDR_785_797,0.2721383689503594
PHK,ANDR_785_797,0.2721383689503594
PIM,ANDR_785_797,0.2721383689503594
PKA,ANDR_785_797,0.2721383689503594
PKD,ANDR_785_797,0.2721383689503594
RAF,ANDR_785_797,0.2721383689503594
RSK,ANDR_785_797,0.2721383689503594
VRK2,ANDR_785_797,0.2721383689503594
AKT,ANXA1_209_221,0.5285831632070664
BARK1,ANXA1_209_221,0.5285831632070664
DMPK,ANXA1_209_221,0.5285831632070664
PHK,ANXA1_209_221,0.5285831632070664
PKA,ANXA1_209_221,0.5285831632070664
PKCA,ANXA1_209_221,0.5285831632070664
PKG,ANXA1_209_221,0.5285831632070664
RSK,ANXA1_209_221,0.5285831632070664
VRK2,ANXA1_209_221,0.5285831632070664
AMPK,BAD_112_124,1.128370797329561
BARK1,BAD_112_124,1.128370797329561
CK1,BAD_112_124,1.128370797329561
DMPK,BAD_112_124,1.128370797329561
FRAY,BAD_112_124,1.128370797329561
IRAK,BAD_112_124,1.128370797329561
NEK,BAD_112_124,1.128370797329561
PAKA,BAD_112_124,1.128370797329561
PDHK,BAD_112_124,1.128370797329561
PEK,BAD_112_124,1.128370797329561
PHK,BAD_112_124,1.128370797329561
PIM,BAD_112_124,1.128370797329561
PKA,BAD_112_124,1.128370797329561
PKCA,BAD_112_124,1.128370797329561
PKCI,BAD_112_124,1.128370797329561
PKD,BAD_112_124,1.128370797329561
PKG,BAD_112_124,1.128370797329561
QIK,BAD_112_124,1.128370797329561
RAF,BAD_112_124,1.128370797329561
RSK,BAD_112_124,1.128370797329561
STE7,BAD_112_124,1.128370797329561
VRK2,BAD_112_124,1.128370797329561
AKT,BAD_69_81,0.4267624414484275
BARK1,BAD_69_81,0.4267624414484275
CDK,BAD_69_81,0.4267624414484275
DMPK,BAD_69_81,0.4267624414484275
ERK,BAD_69_81,0.4267624414484275
MELK,BAD_69_81,0.4267624414484275
MTOR,BAD_69_81,0.4267624414484275
PAKA,BAD_69_81,0.4267624414484275
PAKB,BAD_69_81,0.4267624414484275
PDHK,BAD_69_81,0.4267624414484275
PDK1,BAD_69_81,0.4267624414484275
PEK,BAD_69_81,0.4267624414484275
PHK,BAD_69_81,0.4267624414484275
PIM,BAD_69_81,0.4267624414484275
PKA,BAD_69_81,0.4267624414484275
PKCA,BAD_69_81,0.4267624414484275
PKCI,BAD_69_81,0.4267624414484275
PKD,BAD_69_81,0.4267624414484275
PKG,BAD_69_81,0.4267624414484275
QIK,BAD_69_81,0.4267624414484275
RAD53,BAD_69_81,0.4267624414484275
RAF,BAD_69_81,0.4267624414484275
RSK,BAD_69_81,0.4267624414484275
SGK,BAD_69_81,0.4267624414484275
VRK2,BAD_69_81,0.4267624414484275
AKT,BAD_93_105,0.20362997691800128
BARK1,BAD_93_105,0.20362997691800128
DMPK,BAD_93_105,0.20362997691800128
MAPKAPK,BAD_93_105,0.20362997691800128
PAKA,BAD_93_105,0.20362997691800128
PHK,BAD_93_105,0.20362997691800128
PIM,BAD_93_105,0.20362997691800128
PKA,BAD_93_105,0.20362997691800128
PKCA,BAD_93_105,0.20362997691800128
PKCI,BAD_93_105,0.20362997691800128
PKD,BAD_93_105,0.20362997691800128
PKG,BAD_93_105,0.20362997691800128
QIK,BAD_93_105,0.20362997691800128
RAF,BAD_93_105,0.20362997691800128
RSK,BAD_93_105,0.20362997691800128
SGK,BAD_93_105,0.20362997691800128
VRK2,BAD_93_105,0.20362997691800128
AKT,BCKD_45_57,0.11120564780761466
BARK1,BCKD_45_57,0.11120564780761466
CDK,BCKD_45_57,0.11120564780761466
DMPK,BCKD_45_57,0.11120564780761466
FRAY,BCKD_45_57,0.11120564780761466
GRK,BCKD_45_57,0.11120564780761466
IKK,BCKD_45_57,0.11120564780761466
MAPKAPK,BCKD_45_57,0.11120564780761466
MELK,BCKD_45_57,0.11120564780761466
MLCK,BCKD_45_57,0.11120564780761466
MST,BCKD_45_57,0.11120564780761466
PAKA,BCKD_45_57,0.11120564780761466
PDHK,BCKD_45_57,0.11120564780761466
PDK1,BCKD_45_57,0.11120564780761466
PEK,BCKD_45_57,0.11120564780761466
PHK,BCKD_45_57,0.11120564780761466
PIM,BCKD_45_57,0.11120564780761466
PKA,BCKD_45_57,0.11120564780761466
PKCA,BCKD_45_57,0.11120564780761466
PKG,BCKD_45_57,0.11120564780761466
PLK,BCKD_45_57,0.11120564780761466
QIK,BCKD_45_57,0.11120564780761466
RSK,BCKD_45_57,0.11120564780761466
SGK,BCKD_45_57,0.11120564780761466
STE7,BCKD_45_57,0.11120564780761466
VRK2,BCKD_45_57,0.11120564780761466
BARK1,C1R_201_213,-0.0882339378711093
CDK,C1R_201_213,-0.0882339378711093
CK1,C1R_201_213,-0.0882339378711093
CK2,C1R_201_213,-0.0882339378711093
DMPK,C1R_201_213,-0.0882339378711093
DYRK,C1R_201_213,-0.0882339378711093
ERK,C1R_201_213,-0.0882339378711093
IRAK,C1R_201_213,-0.0882339378711093
JNK,C1R_201_213,-0.0882339378711093
P38,C1R_201_213,-0.0882339378711093
PDHK,C1R_201_213,-0.0882339378711093
PEK,C1R_201_213,-0.0882339378711093
PHK,C1R_201_213,-0.0882339378711093
PKCA,C1R_201_213,-0.0882339378711093
PLK,C1R_201_213,-0.0882339378711093
QIK,C1R_201_213,-0.0882339378711093
STE7,C1R_201_213,-0.0882339378711093
STKR,C1R_201_213,-0.0882339378711093
VRK2,C1R_201_213,-0.0882339378711093
BARK1,CAC1C_1974_1986,1.1145463348709324
CAMK1,CAC1C_1974_1986,1.1145463348709324
MAPKAPK,CAC1C_1974_1986,1.1145463348709324
PDHK,CAC1C_1974_1986,1.1145463348709324
PHK,CAC1C_1974_1986,1.1145463348709324
PIM,CAC1C_1974_1986,1.1145463348709324
PKCA,CAC1C_1974_1986,1.1145463348709324
PKD,CAC1C_1974_1986,1.1145463348709324
PKG,CAC1C_1974_1986,1.1145463348709324
QIK,CAC1C_1974_1986,1.1145463348709324
RAD53,CAC1C_1974_1986,1.1145463348709324
RIPK,CAC1C_1974_1986,1.1145463348709324
RSK,CAC1C_1974_1986,1.1145463348709324
VRK2,CAC1C_1974_1986,1.1145463348709324
AKT,CD27_212_224,0.21889259696994873
BARK1,CD27_212_224,0.21889259696994873
CDK,CD27_212_224,0.21889259696994873
DMPK,CD27_212_224,0.21889259696994873
ERK,CD27_212_224,0.21889259696994873
IKK,CD27_212_224,0.21889259696994873
JNK,CD27_212_224,0.21889259696994873
P38,CD27_212_224,0.21889259696994873
PDHK,CD27_212_224,0.21889259696994873
PEK,CD27_212_224,0.21889259696994873
PHK,CD27_212_224,0.21889259696994873
PIM,CD27_212_224,0.21889259696994873
PKCA,CD27_212_224,0.21889259696994873
PKD,CD27_212_224,0.21889259696994873
QIK,CD27_212_224,0.21889259696994873
RSK,CD27_212_224,0.21889259696994873
VRK2,CD27_212_224,0.21889259696994873
BARK1,CDC2_154_169,0.14134920567396164
CDK,CDC2_154_169,0.14134920567396164
COT,CDC2_154_169,0.14134920567396164
PEK,CDC2_154_169,0.14134920567396164
PKG,CDC2_154_169,0.14134920567396164
RSK,CDC2_154_169,0.14134920567396164
STE7,CDC2_154_169,0.14134920567396164
VRK2,CDC2_154_169,0.14134920567396164
BARK1,CDK7_163_175,0.20915332955508423
CDK,CDK7_163_175,0.20915332955508423
DMPK,CDK7_163_175,0.20915332955508423
DYRK,CDK7_163_175,0.20915332955508423
FRAY,CDK7_163_175,0.20915332955508423
JNK,CDK7_163_175,0.20915332955508423
MAPKAPK,CDK7_163_175,0.20915332955508423
MST,CDK7_163_175,0.20915332955508423
MTOR,CDK7_163_175,0.20915332955508423
P38,CDK7_163_175,0.20915332955508423
PDK1,CDK7_163_175,0.20915332955508423
PEK,CDK7_163_175,0.20915332955508423
PHK,CDK7_163_175,0.20915332955508423
PIM,CDK7_163_175,0.20915332955508423
PKCA,CDK7_163_175,0.20915332955508423
PKCI,CDK7_163_175,0.20915332955508423
PRKDC,CDK7_163_175,0.20915332955508423
QIK,CDK7_163_175,0.20915332955508423
STE7,CDK7_163_175,0.20915332955508423
VRK2,CDK7_163_175,0.20915332955508423
AUR,CENPA_1_14,0.20215907207568343
BARK1,CENPA_1_14,0.20215907207568343
DMPK,CENPA_1_14,0.20215907207568343
MAPKAPK,CENPA_1_14,0.20215907207568343
PIM,CENPA_1_14,0.20215907207568343
PKCA,CENPA_1_14,0.20215907207568343
PKG,CENPA_1_14,0.20215907207568343
VRK2,CENPA_1_14,0.20215907207568343
AMPK,CFTR_730_742,1.453513008719274
BARK1,CFTR_730_742,1.453513008719274
CAMK2,CFTR_730_742,1.453513008719274
CDK,CFTR_730_742,1.453513008719274
DAPK,CFTR_730_742,1.453513008719274
DYRK,CFTR_730_742,1.453513008719274
GRK,CFTR_730_742,1.453513008719274
IKK,CFTR_730_742,1.453513008719274
MAPKAPK,CFTR_730_742,1.453513008719274
PAKA,CFTR_730_742,1.453513008719274
PDHK,CFTR_730_742,1.453513008719274
PEK,CFTR_730_742,1.453513008719274
PHK,CFTR_730_742,1.453513008719274
PKA,CFTR_730_742,1.453513008719274
PKCA,CFTR_730_742,1.453513008719274
PKD,CFTR_730_742,1.453513008719274
PKG,CFTR_730_742,1.453513008719274
QIK,CFTR_730_742,1.453513008719274
RAD53,CFTR_730_742,1.453513008719274
RSK,CFTR_730_742,1.453513008719274
VRK2,CFTR_730_742,1.453513008719274
AKT,CGHB_109_121,0.6477229055912028
BARK1,CGHB_109_121,0.6477229055912028
CAMK2,CGHB_109_121,0.6477229055912028
DMPK,CGHB_109_121,0.6477229055912028
IKK,CGHB_109_121,0.6477229055912028
MTOR,CGHB_109_121,0.6477229055912028
PDHK,CGHB_109_121,0.6477229055912028
PDK1,CGHB_109_121,0.6477229055912028
PEK,CGHB_109_121,0.6477229055912028
PKA,CGHB_109_121,0.6477229055912028
PKCA,CGHB_109_121,0.6477229055912028
PKG,CGHB_109_121,0.6477229055912028
RSK,CGHB_109_121,0.6477229055912028
VRK2,CGHB_109_121,0.6477229055912028
AMPK,CREB1_126_138,0.8533786770993815
ATM,CREB1_126_138,0.8533786770993815
BARK1,CREB1_126_138,0.8533786770993815
CAMK1,CREB1_126_138,0.8533786770993815
CAMK2,CREB1_126_138,0.8533786770993815
COT,CREB1_126_138,0.8533786770993815
DMPK,CREB1_126_138,0.8533786770993815
DYRK,CREB1_126_138,0.8533786770993815
GSK,CREB1_126_138,0.8533786770993815
MAPKAPK,CREB1_126_138,0.8533786770993815
PDHK,CREB1_126_138,0.8533786770993815
PHK,CREB1_126_138,0.8533786770993815
PIM,CREB1_126_138,0.8533786770993815
PKA,CREB1_126_138,0.8533786770993815
PKCA,CREB1_126_138,0.8533786770993815
PKCD,CREB1_126_138,0.8533786770993815
PKCH,CREB1_126_138,0.8533786770993815
PKD,CREB1_126_138,0.8533786770993815
QIK,CREB1_126_138,0.8533786770993815
RAD53,CREB1_126_138,0.8533786770993815
RSK,CREB1_126_138,0.8533786770993815
SGK,CREB1_126_138,0.8533786770993815
VRK2,CREB1_126_138,0.8533786770993815
AMPK,CSF1R_701_713,0.979301341990349
BARK1,CSF1R_701_713,0.979301341990349
CDK,CSF1R_701_713,0.979301341990349
CK1,CSF1R_701_713,0.979301341990349
DMPK,CSF1R_701_713,0.979301341990349
PDHK,CSF1R_701_713,0.979301341990349
PEK,CSF1R_701_713,0.979301341990349
PIM,CSF1R_701_713,0.979301341990349
PKA,CSF1R_701_713,0.979301341990349
PKCA,CSF1R_701_713,0.979301341990349
PKG,CSF1R_701_713,0.979301341990349
RSK,CSF1R_701_713,0.979301341990349
VRK2,CSF1R_701_713,0.979301341990349
AMPK,DESP_2842_2854,1.453206604068347
BARK1,DESP_2842_2854,1.453206604068347
CAMK1,DESP_2842_2854,1.453206604068347
CDK,DESP_2842_2854,1.453206604068347
CK1,DESP_2842_2854,1.453206604068347
DMPK,DESP_2842_2854,1.453206604068347
GSK,DESP_2842_2854,1.453206604068347
IKK,DESP_2842_2854,1.453206604068347
MAPKAPK,DESP_2842_2854,1.453206604068347
P38,DESP_2842_2854,1.453206604068347
PDHK,DESP_2842_2854,1.453206604068347
PDK1,DESP_2842_2854,1.453206604068347
PEK,DESP_2842_2854,1.453206604068347
PHK,DESP_2842_2854,1.453206604068347
PIM,DESP_2842_2854,1.453206604068347
PKA,DESP_2842_2854,1.453206604068347
PKCA,DESP_2842_2854,1.453206604068347
PKG,DESP_2842_2854,1.453206604068347
QIK,DESP_2842_2854,1.453206604068347
RIPK,DESP_2842_2854,1.453206604068347
RSK,DESP_2842_2854,1.453206604068347
SGK,DESP_2842_2854,1.453206604068347
STE11,DESP_2842_2854,1.453206604068347
STE7,DESP_2842_2854,1.453206604068347
VRK2,DESP_2842_2854,1.453206604068347
BARK1,EPB42_241_253,1.2991594345216708
DMPK,EPB42_241_253,1.2991594345216708
PHK,EPB42_241_253,1.2991594345216708
PIM,EPB42_241_253,1.2991594345216708
PKA,EPB42_241_253,1.2991594345216708
PKCA,EPB42_241_253,1.2991594345216708
PKG,EPB42_241_253,1.2991594345216708
RAD53,EPB42_241_253,1.2991594345216708
RSK,EPB42_241_253,1.2991594345216708
VRK2,EPB42_241_253,1.2991594345216708
BARK1,ERBB2_679_691,0.11066746774728622
DMPK,ERBB2_679_691,0.11066746774728622
PHK,ERBB2_679_691,0.11066746774728622
PIM,ERBB2_679_691,0.11066746774728622
PKA,ERBB2_679_691,0.11066746774728622
PKCA,ERBB2_679_691,0.11066746774728622
PKCD,ERBB2_679_691,0.11066746774728622
PKCH,ERBB2_679_691,0.11066746774728622
PKG,ERBB2_679_691,0.11066746774728622
RSK,ERBB2_679_691,0.11066746774728622
VRK2,ERBB2_679_691,0.11066746774728622
BARK1,ERF_519_531,0.2805093497175936
CDK,ERF_519_531,0.2805093497175936
CHK1,ERF_519_531,0.2805093497175936
DAPK,ERF_519_531,0.2805093497175936
DMPK,ERF_519_531,0.2805093497175936
DYRK,ERF_519_531,0.2805093497175936
ERK,ERF_519_531,0.2805093497175936
IRAK,ERF_519_531,0.2805093497175936
MST,ERF_519_531,0.2805093497175936
P38,ERF_519_531,0.2805093497175936
PDK1,ERF_519_531,0.2805093497175936
PEK,ERF_519_531,0.2805093497175936
PIM,ERF_519_531,0.2805093497175936
PKA,ERF_519_531,0.2805093497175936
PKCA,ERF_519_531,0.2805093497175936
PKG,ERF_519_531,0.2805093497175936
RAD53,ERF_519_531,0.2805093497175936
RSK,ERF_519_531,0.2805093497175936
VRK2,ERF_519_531,0.2805093497175936
AKT,ESR1_160_172,0.5625344766310262
AUR,ESR1_160_172,0.5625344766310262
BARK1,ESR1_160_172,0.5625344766310262
CK2,ESR1_160_172,0.5625344766310262
DMPK,ESR1_160_172,0.5625344766310262
IKK,ESR1_160_172,0.5625344766310262
PEK,ESR1_160_172,0.5625344766310262
PHK,ESR1_160_172,0.5625344766310262
PIM,ESR1_160_172,0.5625344766310262
PKCA,ESR1_160_172,0.5625344766310262
RSK,ESR1_160_172,0.5625344766310262
STE11,ESR1_160_172,0.5625344766310262
STE7,ESR1_160_172,0.5625344766310262
VRK2,ESR1_160_172,0.5625344766310262
BARK1,FIBA_569_581,0.10567807719699474
CDK,FIBA_569_581,0.10567807719699474
CK1,FIBA_569_581,0.10567807719699474
DAPK,FIBA_569_581,0.10567807719699474
DMPK,FIBA_569_581,0.10567807719699474
ERK,FIBA_569_581,0.10567807719699474
GSK,FIBA_569_581,0.10567807719699474
HAL,FIBA_569_581,0.10567807719699474
IKK,FIBA_569_581,0.10567807719699474
JNK,FIBA_569_581,0.10567807719699474
MLCK,FIBA_569_581,0.10567807719699474
MST,FIBA_569_581,0.10567807719699474
PDHK,FIBA_569_581,0.10567807719699474
PEK,FIBA_569_581,0.10567807719699474
PHK,FIBA_569_581,0.10567807719699474
PIM,FIBA_569_581,0.10567807719699474
PKA,FIBA_569_581,0.10567807719699474
PKCA,FIBA_569_581,0.10567807719699474
PKG,FIBA_569_581,0.10567807719699474
PLK,FIBA_569_581,0.10567807719699474
QIK,FIBA_569_581,0.10567807719699474
RAF,FIBA_569_581,0.10567807719699474
RIPK,FIBA_569_581,0.10567807719699474
RSK,FIBA_569_581,0.10567807719699474
SGK,FIBA_569_581,0.10567807719699474
STE7,FIBA_569_581,0.10567807719699474
VRK2,FIBA_569_581,0.10567807719699474
AKT,FOXO3_25_37,0.09513380299821549
BARK1,FOXO3_25_37,0.09513380299821549
CDK,FOXO3_25_37,0.09513380299821549
ERK,FOXO3_25_37,0.09513380299821549
MAPKAPK,FOXO3_25_37,0.09513380299821549
P38,FOXO3_25_37,0.09513380299821549
PHK,FOXO3_25_37,0.09513380299821549
PIM,FOXO3_25_37,0.09513380299821549
PKCA,FOXO3_25_37,0.09513380299821549
QIK,FOXO3_25_37,0.09513380299821549
RAF,FOXO3_25_37,0.09513380299821549
RSK,FOXO3_25_37,0.09513380299821549
SGK,FOXO3_25_37,0.09513380299821549
VRK2,FOXO3_25_37,0.09513380299821549
AKT,FRAP_2443_2455,0.517314515754831
AMPK,FRAP_2443_2455,0.517314515754831
BARK1,FRAP_2443_2455,0.517314515754831
CK1,FRAP_2443_2455,0.517314515754831
DAPK,FRAP_2443_2455,0.517314515754831
DMPK,FRAP_2443_2455,0.517314515754831
MAPKAPK,FRAP_2443_2455,0.517314515754831
MELK,FRAP_2443_2455,0.517314515754831
MLK,FRAP_2443_2455,0.517314515754831
MSN,FRAP_2443_2455,0.517314515754831
MTOR,FRAP_2443_2455,0.517314515754831
NEK,FRAP_2443_2455,0.517314515754831
PDHK,FRAP_2443_2455,0.517314515754831
PDK1,FRAP_2443_2455,0.517314515754831
PEK,FRAP_2443_2455,0.517314515754831
PHK,FRAP_2443_2455,0.517314515754831
PIM,FRAP_2443_2455,0.517314515754831
PKA,FRAP_2443_2455,0.517314515754831
PKCA,FRAP_2443_2455,0.517314515754831
QIK,FRAP_2443_2455,0.517314515754831
RSK,FRAP_2443_2455,0.517314515754831
SGK,FRAP_2443_2455,0.517314515754831
TAO,FRAP_2443_2455,0.517314515754831
VRK2,FRAP_2443_2455,0.517314515754831
AKT,GPR6_349_361,0.322065362322103
BARK1,GPR6_349_361,0.322065362322103
CDK,GPR6_349_361,0.322065362322103
CK1,GPR6_349_361,0.322065362322103
DMPK,GPR6_349_361,0.322065362322103
DYRK,GPR6_349_361,0.322065362322103
ERK,GPR6_349_361,0.322065362322103
IKK,GPR6_349_361,0.322065362322103
JNK,GPR6_349_361,0.322065362322103
MAPKAPK,GPR6_349_361,0.322065362322103
MELK,GPR6_349_361,0.322065362322103
P38,GPR6_349_361,0.322065362322103
PDK1,GPR6_349_361,0.322065362322103
PEK,GPR6_349_361,0.322065362322103
PHK,GPR6_349_361,0.322065362322103
PKCA,GPR6_349_361,0.322065362322103
QIK,GPR6_349_361,0.322065362322103
RAF,GPR6_349_361,0.322065362322103
RSK,GPR6_349_361,0.322065362322103
SGK,GPR6_349_361,0.322065362322103
VRK2,GPR6_349_361,0.322065362322103
AMPK,GPSM2_394_406,1.301085908494218
BARK1,GPSM2_394_406,1.301085908494218
CAMK1,GPSM2_394_406,1.301085908494218
CHK1,GPSM2_394_406,1.301085908494218
DMPK,GPSM2_394_406,1.301085908494218
IKK,GPSM2_394_406,1.301085908494218
MAPKAPK,GPSM2_394_406,1.301085908494218
MARK,GPSM2_394_406,1.301085908494218
PHK,GPSM2_394_406,1.301085908494218
PKCA,GPSM2_394_406,1.301085908494218
PKD,GPSM2_394_406,1.301085908494218
VRK2,GPSM2_394_406,1.301085908494218
BARK1,GSUB_61_73,0.2367735489333036
CDK,GSUB_61_73,0.2367735489333036
DAPK,GSUB_61_73,0.2367735489333036
DMPK,GSUB_61_73,0.2367735489333036
DYRK,GSUB_61_73,0.2367735489333036
ERK,GSUB_61_73,0.2367735489333036
PDK1,GSUB_61_73,0.2367735489333036
PHK,GSUB_61_73,0.2367735489333036
PKA,GSUB_61_73,0.2367735489333036
PKG,GSUB_61_73,0.2367735489333036
PLK,GSUB_61_73,0.2367735489333036
VRK2,GSUB_61_73,0.2367735489333036
AKT,GYS2_1_13,0.01511081502898235
BARK1,GYS2_1_13,0.01511081502898235
CDK,GYS2_1_13,0.01511081502898235
DMPK,GYS2_1_13,0.01511081502898235
IKK,GYS2_1_13,0.01511081502898235
MAPKAPK,GYS2_1_13,0.01511081502898235
MTOR,GYS2_1_13,0.01511081502898235
PEK,GYS2_1_13,0.01511081502898235
PHK,GYS2_1_13,0.01511081502898235
PKA,GYS2_1_13,0.01511081502898235
PKCA,GYS2_1_13,0.01511081502898235
QIK,GYS2_1_13,0.01511081502898235
RSK,GYS2_1_13,0.01511081502898235
SGK,GYS2_1_13,0.01511081502898235
VRK2,GYS2_1_13,0.01511081502898235
AKT,H2B1B_ 27_40,0.20543042339094136
AMPK,H2B1B_ 27_40,0.20543042339094136
BARK1,H2B1B_ 27_40,0.20543042339094136
CAMK1,H2B1B_ 27_40,0.20543042339094136
CDK,H2B1B_ 27_40,0.20543042339094136
COT,H2B1B_ 27_40,0.20543042339094136
DAPK,H2B1B_ 27_40,0.20543042339094136
DMPK,H2B1B_ 27_40,0.20543042339094136
IKK,H2B1B_ 27_40,0.20543042339094136
MLK,H2B1B_ 27_40,0.20543042339094136
MST,H2B1B_ 27_40,0.20543042339094136
PAKA,H2B1B_ 27_40,0.20543042339094136
PAKB,H2B1B_ 27_40,0.20543042339094136
PDHK,H2B1B_ 27_40,0.20543042339094136
PEK,H2B1B_ 27_40,0.20543042339094136
PHK,H2B1B_ 27_40,0.20543042339094136
PIM,H2B1B_ 27_40,0.20543042339094136
PKA,H2B1B_ 27_40,0.20543042339094136
PKCA,H2B1B_ 27_40,0.20543042339094136
PKCH,H2B1B_ 27_40,0.20543042339094136
PKD,H2B1B_ 27_40,0.20543042339094136
PKG,H2B1B_ 27_40,0.20543042339094136
PLK,H2B1B_ 27_40,0.20543042339094136
QIK,H2B1B_ 27_40,0.20543042339094136
RAD53,H2B1B_ 27_40,0.20543042339094136
RSK,H2B1B_ 27_40,0.20543042339094136
SGK,H2B1B_ 27_40,0.20543042339094136
VRK2,H2B1B_ 27_40,0.20543042339094136
AMPK,H32_3_18,0.07910936346869443
ATR,H32_3_18,0.07910936346869443
AUR,H32_3_18,0.07910936346869443
BARK1,H32_3_18,0.07910936346869443
DAPK,H32_3_18,0.07910936346869443
DMPK,H32_3_18,0.07910936346869443
DYRK,H32_3_18,0.07910936346869443
MLK,H32_3_18,0.07910936346869443
MST,H32_3_18,0.07910936346869443
MTOR,H32_3_18,0.07910936346869443
PHK,H32_3_18,0.07910936346869443
PIM,H32_3_18,0.07910936346869443
PKCA,H32_3_18,0.07910936346869443
PKCD,H32_3_18,0.07910936346869443
PRKDC,H32_3_18,0.07910936346869443
QIK,H32_3_18,0.07910936346869443
RAD53,H32_3_18,0.07910936346869443
RSK,H32_3_18,0.07910936346869443
STE7,H32_3_18,0.07910936346869443
VRK1,H32_3_18,0.07910936346869443
VRK2,H32_3_18,0.07910936346869443
BARK1,IF4E_203_215,0.0537237051705528
CDK,IF4E_203_215,0.0537237051705528
DMPK,IF4E_203_215,0.0537237051705528
ERK,IF4E_203_215,0.0537237051705528
GRK,IF4E_203_215,0.0537237051705528
IKK,IF4E_203_215,0.0537237051705528
LKB,IF4E_203_215,0.0537237051705528
MAPKAPK,IF4E_203_215,0.0537237051705528
MLK,IF4E_203_215,0.0537237051705528
P38,IF4E_203_215,0.0537237051705528
PEK,IF4E_203_215,0.0537237051705528
PKCA,IF4E_203_215,0.0537237051705528
QIK,IF4E_203_215,0.0537237051705528
RIPK,IF4E_203_215,0.0537237051705528
STKR,IF4E_203_215,0.0537237051705528
VRK1,IF4E_203_215,0.0537237051705528
VRK2,IF4E_203_215,0.0537237051705528
BARK1,KAP2_92_104,1.0582349049516715
CDK,KAP2_92_104,1.0582349049516715
CK2,KAP2_92_104,1.0582349049516715
DMPK,KAP2_92_104,1.0582349049516715
ERK,KAP2_92_104,1.0582349049516715
GSK,KAP2_92_104,1.0582349049516715
MAPKAPK,KAP2_92_104,1.0582349049516715
PDHK,KAP2_92_104,1.0582349049516715
PEK,KAP2_92_104,1.0582349049516715
PHK,KAP2_92_104,1.0582349049516715
PIM,KAP2_92_104,1.0582349049516715
PKA,KAP2_92_104,1.0582349049516715
PKCA,KAP2_92_104,1.0582349049516715
PKD,KAP2_92_104,1.0582349049516715
PKG,KAP2_92_104,1.0582349049516715
QIK,KAP2_92_104,1.0582349049516715
RIPK,KAP2_92_104,1.0582349049516715
RSK,KAP2_92_104,1.0582349049516715
VRK2,KAP2_92_104,1.0582349049516715
BARK1,KAPCG_192_206,0.0379678138091369
CAMK2,KAPCG_192_206,0.0379678138091369
CDK,KAPCG_192_206,0.0379678138091369
DMPK,KAPCG_192_206,0.0379678138091369
DYRK,KAPCG_192_206,0.0379678138091369
ERK,KAPCG_192_206,0.0379678138091369
GSK,KAPCG_192_206,0.0379678138091369
IKK,KAPCG_192_206,0.0379678138091369
IRAK,KAPCG_192_206,0.0379678138091369
LKB,KAPCG_192_206,0.0379678138091369
MELK,KAPCG_192_206,0.0379678138091369
MST,KAPCG_192_206,0.0379678138091369
MTOR,KAPCG_192_206,0.0379678138091369
PDHK,KAPCG_192_206,0.0379678138091369
PDK1,KAPCG_192_206,0.0379678138091369
PHK,KAPCG_192_206,0.0379678138091369
PIM,KAPCG_192_206,0.0379678138091369
PKCH,KAPCG_192_206,0.0379678138091369
VRK2,KAPCG_192_206,0.0379678138091369
BARK1,KCC2G_278_289,0.01479926336376606
CAMK2,KCC2G_278_289,0.01479926336376606
CDK,KCC2G_278_289,0.01479926336376606
CK1,KCC2G_278_289,0.01479926336376606
MAPKAPK,KCC2G_278_289,0.01479926336376606
MELK,KCC2G_278_289,0.01479926336376606
MLCK,KCC2G_278_289,0.01479926336376606
PEK,KCC2G_278_289,0.01479926336376606
PHK,KCC2G_278_289,0.01479926336376606
PIM,KCC2G_278_289,0.01479926336376606
PKCA,KCC2G_278_289,0.01479926336376606
PKCI,KCC2G_278_289,0.01479926336376606
PLK,KCC2G_278_289,0.01479926336376606
QIK,KCC2G_278_289,0.01479926336376606
RSK,KCC2G_278_289,0.01479926336376606
SGK,KCC2G_278_289,0.01479926336376606
VRK2,KCC2G_278_289,0.01479926336376606
AKT,KCNA1_438_450,1.1940474236077243
AMPK,KCNA1_438_450,1.1940474236077243
BARK1,KCNA1_438_450,1.1940474236077243
CAMK1,KCNA1_438_450,1.1940474236077243
CDK,KCNA1_438_450,1.1940474236077243
CK1,KCNA1_438_450,1.1940474236077243
DAPK,KCNA1_438_450,1.1940474236077243
DMPK,KCNA1_438_450,1.1940474236077243
ERK,KCNA1_438_450,1.1940474236077243
GRK,KCNA1_438_450,1.1940474236077243
IKK,KCNA1_438_450,1.1940474236077243
JNK,KCNA1_438_450,1.1940474236077243
MAPKAPK,KCNA1_438_450,1.1940474236077243
MELK,KCNA1_438_450,1.1940474236077243
NEK,KCNA1_438_450,1.1940474236077243
P38,KCNA1_438_450,1.1940474236077243
PDHK,KCNA1_438_450,1.1940474236077243
PEK,KCNA1_438_450,1.1940474236077243
PHK,KCNA1_438_450,1.1940474236077243
PKA,KCNA1_438_450,1.1940474236077243
PKCA,KCNA1_438_450,1.1940474236077243
PKD,KCNA1_438_450,1.1940474236077243
PLK,KCNA1_438_450,1.1940474236077243
QIK,KCNA1_438_450,1.1940474236077243
RAD53,KCNA1_438_450,1.1940474236077243
RIPK,KCNA1_438_450,1.1940474236077243
RSK,KCNA1_438_450,1.1940474236077243
SGK,KCNA1_438_450,1.1940474236077243
STE7,KCNA1_438_450,1.1940474236077243
STKR,KCNA1_438_450,1.1940474236077243
VRK2,KCNA1_438_450,1.1940474236077243
AKT,KCNA2_442_454,0.6509368404217231
AMPK,KCNA2_442_454,0.6509368404217231
BARK1,KCNA2_442_454,0.6509368404217231
CAMK1,KCNA2_442_454,0.6509368404217231
CAMK2,KCNA2_442_454,0.6509368404217231
CDK,KCNA2_442_454,0.6509368404217231
CHK1,KCNA2_442_454,0.6509368404217231
CK1,KCNA2_442_454,0.6509368404217231
DMPK,KCNA2_442_454,0.6509368404217231
IKK,KCNA2_442_454,0.6509368404217231
JNK,KCNA2_442_454,0.6509368404217231
MAPKAPK,KCNA2_442_454,0.6509368404217231
NEK,KCNA2_442_454,0.6509368404217231
P38,KCNA2_442_454,0.6509368404217231
PDHK,KCNA2_442_454,0.6509368404217231
PEK,KCNA2_442_454,0.6509368404217231
PHK,KCNA2_442_454,0.6509368404217231
PIM,KCNA2_442_454,0.6509368404217231
PKCA,KCNA2_442_454,0.6509368404217231
PKD,KCNA2_442_454,0.6509368404217231
QIK,KCNA2_442_454,0.6509368404217231
RAD53,KCNA2_442_454,0.6509368404217231
RIPK,KCNA2_442_454,0.6509368404217231
RSK,KCNA2_442_454,0.6509368404217231
SGK,KCNA2_442_454,0.6509368404217231
STKR,KCNA2_442_454,0.6509368404217231
VRK2,KCNA2_442_454,0.6509368404217231
AKT,KCNA3_461_473,0.25828812384677224
AMPK,KCNA3_461_473,0.25828812384677224
BARK1,KCNA3_461_473,0.25828812384677224
CAMK1,KCNA3_461_473,0.25828812384677224
CDK,KCNA3_461_473,0.25828812384677224
CHK1,KCNA3_461_473,0.25828812384677224
CK1,KCNA3_461_473,0.25828812384677224
DMPK,KCNA3_461_473,0.25828812384677224
IKK,KCNA3_461_473,0.25828812384677224
JNK,KCNA3_461_473,0.25828812384677224
KHS,KCNA3_461_473,0.25828812384677224
MAPKAPK,KCNA3_461_473,0.25828812384677224
MARK,KCNA3_461_473,0.25828812384677224
MST,KCNA3_461_473,0.25828812384677224
P38,KCNA3_461_473,0.25828812384677224
PAKA,KCNA3_461_473,0.25828812384677224
PDHK,KCNA3_461_473,0.25828812384677224
PDK1,KCNA3_461_473,0.25828812384677224
PEK,KCNA3_461_473,0.25828812384677224
PHK,KCNA3_461_473,0.25828812384677224
PKA,KCNA3_461_473,0.25828812384677224
PKCA,KCNA3_461_473,0.25828812384677224
PKD,KCNA3_461_473,0.25828812384677224
PKG,KCNA3_461_473,0.25828812384677224
PLK,KCNA3_461_473,0.25828812384677224
QIK,KCNA3_461_473,0.25828812384677224
RAD53,KCNA3_461_473,0.25828812384677224
RSK,KCNA3_461_473,0.25828812384677224
STE7,KCNA3_461_473,0.25828812384677224
VRK2,KCNA3_461_473,0.25828812384677224
AMPK,KCNB1_489_501,0.3557309416641929
BARK1,KCNB1_489_501,0.3557309416641929
CAMK1,KCNB1_489_501,0.3557309416641929
CAMK2,KCNB1_489_501,0.3557309416641929
CDK,KCNB1_489_501,0.3557309416641929
CHK1,KCNB1_489_501,0.3557309416641929
CK1,KCNB1_489_501,0.3557309416641929
CK2,KCNB1_489_501,0.3557309416641929
DAPK,KCNB1_489_501,0.3557309416641929
DMPK,KCNB1_489_501,0.3557309416641929
GRK,KCNB1_489_501,0.3557309416641929
IKK,KCNB1_489_501,0.3557309416641929
MAPKAPK,KCNB1_489_501,0.3557309416641929
MELK,KCNB1_489_501,0.3557309416641929
MLCK,KCNB1_489_501,0.3557309416641929
MLK,KCNB1_489_501,0.3557309416641929
MST,KCNB1_489_501,0.3557309416641929
NAK,KCNB1_489_501,0.3557309416641929
NEK,KCNB1_489_501,0.3557309416641929
PDHK,KCNB1_489_501,0.3557309416641929
PEK,KCNB1_489_501,0.3557309416641929
PHK,KCNB1_489_501,0.3557309416641929
PIM,KCNB1_489_501,0.3557309416641929
PKA,KCNB1_489_501,0.3557309416641929
PKCA,KCNB1_489_501,0.3557309416641929
PKCD,KCNB1_489_501,0.3557309416641929
PKD,KCNB1_489_501,0.3557309416641929
QIK,KCNB1_489_501,0.3557309416641929
RIPK,KCNB1_489_501,0.3557309416641929
RSK,KCNB1_489_501,0.3557309416641929
SGK,KCNB1_489_501,0.3557309416641929
STE7,KCNB1_489_501,0.3557309416641929
STKR,KCNB1_489_501,0.3557309416641929
VRK2,KCNB1_489_501,0.3557309416641929
BARK1,KIF2C_105_118_S106G,0.15689291966183855
CAMK2,KIF2C_105_118_S106G,0.15689291966183855
CDK,KIF2C_105_118_S106G,0.15689291966183855
DMPK,KIF2C_105_118_S106G,0.15689291966183855
FRAY,KIF2C_105_118_S106G,0.15689291966183855
IKK,KIF2C_105_118_S106G,0.15689291966183855
MELK,KIF2C_105_118_S106G,0.15689291966183855
NEK,KIF2C_105_118_S106G,0.15689291966183855
PAKA,KIF2C_105_118_S106G,0.15689291966183855
PDHK,KIF2C_105_118_S106G,0.15689291966183855
PEK,KIF2C_105_118_S106G,0.15689291966183855
PHK,KIF2C_105_118_S106G,0.15689291966183855
PKCA,KIF2C_105_118_S106G,0.15689291966183855
PKD,KIF2C_105_118_S106G,0.15689291966183855
QIK,KIF2C_105_118_S106G,0.15689291966183855
RIPK,KIF2C_105_118_S106G,0.15689291966183855
RSK,KIF2C_105_118_S106G,0.15689291966183855
VRK2,KIF2C_105_118_S106G,0.15689291966183855
BARK1,KPB1_1011_1023,1.4042932902186684
CDK,KPB1_1011_1023,1.4042932902186684
CK1,KPB1_1011_1023,1.4042932902186684
DMPK,KPB1_1011_1023,1.4042932902186684
IKK,KPB1_1011_1023,1.4042932902186684
P38,KPB1_1011_1023,1.4042932902186684
PAKA,KPB1_1011_1023,1.4042932902186684
PDHK,KPB1_1011_1023,1.4042932902186684
PEK,KPB1_1011_1023,1.4042932902186684
PHK,KPB1_1011_1023,1.4042932902186684
PIM,KPB1_1011_1023,1.4042932902186684
PKA,KPB1_1011_1023,1.4042932902186684
PKCA,KPB1_1011_1023,1.4042932902186684
PKD,KPB1_1011_1023,1.4042932902186684
RIPK,KPB1_1011_1023,1.4042932902186684
RSK,KPB1_1011_1023,1.4042932902186684
SGK,KPB1_1011_1023,1.4042932902186684
VRK2,KPB1_1011_1023,1.4042932902186684
BARK1,KS6A1_374_386,-0.00282013636730096
COT,KS6A1_374_386,-0.00282013636730096
FRAY,KS6A1_374_386,-0.00282013636730096
MAPKAPK,KS6A1_374_386,-0.00282013636730096
MSN,KS6A1_374_386,-0.00282013636730096
MTOR,KS6A1_374_386,-0.00282013636730096
PDHK,KS6A1_374_386,-0.00282013636730096
PDK1,KS6A1_374_386,-0.00282013636730096
PEK,KS6A1_374_386,-0.00282013636730096
PHK,KS6A1_374_386,-0.00282013636730096
PIM,KS6A1_374_386,-0.00282013636730096
PKCA,KS6A1_374_386,-0.00282013636730096
RAD53,KS6A1_374_386,-0.00282013636730096
RSK,KS6A1_374_386,-0.00282013636730096
STE7,KS6A1_374_386,-0.00282013636730096
VRK2,KS6A1_374_386,-0.00282013636730096
BARK1,LMNB1_16_28,0.00248757162366538
CDK,LMNB1_16_28,0.00248757162366538
DMPK,LMNB1_16_28,0.00248757162366538
DYRK,LMNB1_16_28,0.00248757162366538
ERK,LMNB1_16_28,0.00248757162366538
GSK,LMNB1_16_28,0.00248757162366538
IKK,LMNB1_16_28,0.00248757162366538
IRAK,LMNB1_16_28,0.00248757162366538
JNK,LMNB1_16_28,0.00248757162366538
MLK,LMNB1_16_28,0.00248757162366538
NMO,LMNB1_16_28,0.00248757162366538
P38,LMNB1_16_28,0.00248757162366538
PDK1,LMNB1_16_28,0.00248757162366538
PEK,LMNB1_16_28,0.00248757162366538
PIM,LMNB1_16_28,0.00248757162366538
PKCA,LMNB1_16_28,0.00248757162366538
PKG,LMNB1_16_28,0.00248757162366538
RSK,LMNB1_16_28,0.00248757162366538
STE7,LMNB1_16_28,0.00248757162366538
VRK2,LMNB1_16_28,0.00248757162366538
BARK1,MARCS_152_164,0.2720627674845121
CDK,MARCS_152_164,0.2720627674845121
DAPK,MARCS_152_164,0.2720627674845121
DMPK,MARCS_152_164,0.2720627674845121
ERK,MARCS_152_164,0.2720627674845121
JNK,MARCS_152_164,0.2720627674845121
P38,MARCS_152_164,0.2720627674845121
PAKA,MARCS_152_164,0.2720627674845121
PDHK,MARCS_152_164,0.2720627674845121
PDK1,MARCS_152_164,0.2720627674845121
PEK,MARCS_152_164,0.2720627674845121
PHK,MARCS_152_164,0.2720627674845121
PKA,MARCS_152_164,0.2720627674845121
PKCA,MARCS_152_164,0.2720627674845121
PKCH,MARCS_152_164,0.2720627674845121
PKCI,MARCS_152_164,0.2720627674845121
PKD,MARCS_152_164,0.2720627674845121
PKG,MARCS_152_164,0.2720627674845121
PKN,MARCS_152_164,0.2720627674845121
RAD53,MARCS_152_164,0.2720627674845121
VRK2,MARCS_152_164,0.2720627674845121
BARK1,MARCS_160_172,0.15225541865135145
CDK,MARCS_160_172,0.15225541865135145
DMPK,MARCS_160_172,0.15225541865135145
ERK,MARCS_160_172,0.15225541865135145
JNK,MARCS_160_172,0.15225541865135145
MLK,MARCS_160_172,0.15225541865135145
P38,MARCS_160_172,0.15225541865135145
PDHK,MARCS_160_172,0.15225541865135145
PDK1,MARCS_160_172,0.15225541865135145
PEK,MARCS_160_172,0.15225541865135145
PKCA,MARCS_160_172,0.15225541865135145
RAD53,MARCS_160_172,0.15225541865135145
RIPK,MARCS_160_172,0.15225541865135145
VRK2,MARCS_160_172,0.15225541865135145
BARK1,MBP_222_234,-0.13892952554455018
CDK,MBP_222_234,-0.13892952554455018
DYRK,MBP_222_234,-0.13892952554455018
ERK,MBP_222_234,-0.13892952554455018
GSK,MBP_222_234,-0.13892952554455018
JNK,MBP_222_234,-0.13892952554455018
MTOR,MBP_222_234,-0.13892952554455018
PDK1,MBP_222_234,-0.13892952554455018
PEK,MBP_222_234,-0.13892952554455018
VRK2,MBP_222_234,-0.13892952554455018
BARK1,MP2K1_287_299,-0.06025838662322099
CDK,MP2K1_287_299,-0.06025838662322099
DMPK,MP2K1_287_299,-0.06025838662322099
DYRK,MP2K1_287_299,-0.06025838662322099
ERK,MP2K1_287_299,-0.06025838662322099
JNK,MP2K1_287_299,-0.06025838662322099
MAPKAPK,MP2K1_287_299,-0.06025838662322099
P38,MP2K1_287_299,-0.06025838662322099
PAKA,MP2K1_287_299,-0.06025838662322099
PDHK,MP2K1_287_299,-0.06025838662322099
PDK1,MP2K1_287_299,-0.06025838662322099
PEK,MP2K1_287_299,-0.06025838662322099
PHK,MP2K1_287_299,-0.06025838662322099
PIM,MP2K1_287_299,-0.06025838662322099
PKCA,MP2K1_287_299,-0.06025838662322099
PKD,MP2K1_287_299,-0.06025838662322099
STE7,MP2K1_287_299,-0.06025838662322099
VRK2,MP2K1_287_299,-0.06025838662322099
ATR,MPIP1_172_184,-0.07804431804379805
BARK1,MPIP1_172_184,-0.07804431804379805
CHK1,MPIP1_172_184,-0.07804431804379805
DMPK,MPIP1_172_184,-0.07804431804379805
MAPKAPK,MPIP1_172_184,-0.07804431804379805
PHK,MPIP1_172_184,-0.07804431804379805
PIM,MPIP1_172_184,-0.07804431804379805
PKCA,MPIP1_172_184,-0.07804431804379805
PRKDC,MPIP1_172_184,-0.07804431804379805
QIK,MPIP1_172_184,-0.07804431804379805
RAD53,MPIP1_172_184,-0.07804431804379805
RAF,MPIP1_172_184,-0.07804431804379805
RSK,MPIP1_172_184,-0.07804431804379805
VRK2,MPIP1_172_184,-0.07804431804379805
BARK1,MPIP3_208_220,0.03586870935376322
BRSK,MPIP3_208_220,0.03586870935376322
CAMK1,MPIP3_208_220,0.03586870935376322
CDK,MPIP3_208_220,0.03586870935376322
CHK1,MPIP3_208_220,0.03586870935376322
DMPK,MPIP3_208_220,0.03586870935376322
DYRK,MPIP3_208_220,0.03586870935376322
ERK,MPIP3_208_220,0.03586870935376322
IKK,MPIP3_208_220,0.03586870935376322
JNK,MPIP3_208_220,0.03586870935376322
MAPKAPK,MPIP3_208_220,0.03586870935376322
MARK,MPIP3_208_220,0.03586870935376322
MELK,MPIP3_208_220,0.03586870935376322
P38,MPIP3_208_220,0.03586870935376322
PDK1,MPIP3_208_220,0.03586870935376322
PEK,MPIP3_208_220,0.03586870935376322
PHK,MPIP3_208_220,0.03586870935376322
PKCA,MPIP3_208_220,0.03586870935376322
QIK,MPIP3_208_220,0.03586870935376322
RAD53,MPIP3_208_220,0.03586870935376322
RIPK,MPIP3_208_220,0.03586870935376322
VRK2,MPIP3_208_220,0.03586870935376322
AKT,NCF1_321_333,1.052616204668772
BARK1,NCF1_321_333,1.052616204668772
DMPK,NCF1_321_333,1.052616204668772
IRAK,NCF1_321_333,1.052616204668772
PHK,NCF1_321_333,1.052616204668772
PKA,NCF1_321_333,1.052616204668772
PKCA,NCF1_321_333,1.052616204668772
PKCD,NCF1_321_333,1.052616204668772
QIK,NCF1_321_333,1.052616204668772
VRK2,NCF1_321_333,1.052616204668772
BARK1,NEK2_172_184,-0.00786155859650428
CAMK1,NEK2_172_184,-0.00786155859650428
CAMK2,NEK2_172_184,-0.00786155859650428
CDK,NEK2_172_184,-0.00786155859650428
DYRK,NEK2_172_184,-0.00786155859650428
ERK,NEK2_172_184,-0.00786155859650428
FRAY,NEK2_172_184,-0.00786155859650428
LKB,NEK2_172_184,-0.00786155859650428
MELK,NEK2_172_184,-0.00786155859650428
MST,NEK2_172_184,-0.00786155859650428
MTOR,NEK2_172_184,-0.00786155859650428
NEK,NEK2_172_184,-0.00786155859650428
P38,NEK2_172_184,-0.00786155859650428
PDHK,NEK2_172_184,-0.00786155859650428
PDK1,NEK2_172_184,-0.00786155859650428
PEK,NEK2_172_184,-0.00786155859650428
PKCA,NEK2_172_184,-0.00786155859650428
PKCH,NEK2_172_184,-0.00786155859650428
RSK,NEK2_172_184,-0.00786155859650428
STE11,NEK2_172_184,-0.00786155859650428
STE7,NEK2_172_184,-0.00786155859650428
VRK2,NEK2_172_184,-0.00786155859650428
BARK1,NEK3_158_170,0.2143697046101701
CAMK2,NEK3_158_170,0.2143697046101701
DYRK,NEK3_158_170,0.2143697046101701
ERK,NEK3_158_170,0.2143697046101701
LKB,NEK3_158_170,0.2143697046101701
MST,NEK3_158_170,0.2143697046101701
NEK,NEK3_158_170,0.2143697046101701
PDHK,NEK3_158_170,0.2143697046101701
PDK1,NEK3_158_170,0.2143697046101701
PEK,NEK3_158_170,0.2143697046101701
PKCH,NEK3_158_170,0.2143697046101701
STE11,NEK3_158_170,0.2143697046101701
STE7,NEK3_158_170,0.2143697046101701
VRK2,NEK3_158_170,0.2143697046101701
BARK1,NFKB1_330_342,1.2242073477415858
CDK,NFKB1_330_342,1.2242073477415858
DMPK,NFKB1_330_342,1.2242073477415858
IKK,NFKB1_330_342,1.2242073477415858
MAPKAPK,NFKB1_330_342,1.2242073477415858
PAKA,NFKB1_330_342,1.2242073477415858
PDHK,NFKB1_330_342,1.2242073477415858
PEK,NFKB1_330_342,1.2242073477415858
PIM,NFKB1_330_342,1.2242073477415858
PKA,NFKB1_330_342,1.2242073477415858
PKCA,NFKB1_330_342,1.2242073477415858
PKG,NFKB1_330_342,1.2242073477415858
PLK,NFKB1_330_342,1.2242073477415858
STE7,NFKB1_330_342,1.2242073477415858
VRK2,NFKB1_330_342,1.2242073477415858
BARK1,NMDZ1_890_902,0.7068309135317978
AKT,NMDZ1_890_902,0.7068309135317978
AMPK,NMDZ1_890_902,0.7068309135317978
AUR,NMDZ1_890_902,0.7068309135317978
CAMK1,NMDZ1_890_902,0.7068309135317978
CDK,NMDZ1_890_902,0.7068309135317978
CHK1,NMDZ1_890_902,0.7068309135317978
DAPK,NMDZ1_890_902,0.7068309135317978
DMPK,NMDZ1_890_902,0.7068309135317978
FRAY,NMDZ1_890_902,0.7068309135317978
GRK,NMDZ1_890_902,0.7068309135317978
IKK,NMDZ1_890_902,0.7068309135317978
MELK,NMDZ1_890_902,0.7068309135317978
MLK,NMDZ1_890_902,0.7068309135317978
MSN,NMDZ1_890_902,0.7068309135317978
MST,NMDZ1_890_902,0.7068309135317978
MTOR,NMDZ1_890_902,0.7068309135317978
PAKA,NMDZ1_890_902,0.7068309135317978
PDHK,NMDZ1_890_902,0.7068309135317978
PDK1,NMDZ1_890_902,0.7068309135317978
PEK,NMDZ1_890_902,0.7068309135317978
PHK,NMDZ1_890_902,0.7068309135317978
PIM,NMDZ1_890_902,0.7068309135317978
PKA,NMDZ1_890_902,0.7068309135317978
PKCA,NMDZ1_890_902,0.7068309135317978
PKCI,NMDZ1_890_902,0.7068309135317978
PKD,NMDZ1_890_902,0.7068309135317978
PKG,NMDZ1_890_902,0.7068309135317978
PLK,NMDZ1_890_902,0.7068309135317978
QIK,NMDZ1_890_902,0.7068309135317978
RAD53,NMDZ1_890_902,0.7068309135317978
RAF,NMDZ1_890_902,0.7068309135317978
RIPK,NMDZ1_890_902,0.7068309135317978
RSK,NMDZ1_890_902,0.7068309135317978
SGK,NMDZ1_890_902,0.7068309135317978
STE7,NMDZ1_890_902,0.7068309135317978
VRK2,NMDZ1_890_902,0.7068309135317978
AKT,NOS3_1171_1183,0.27317442593271696
AMPK,NOS3_1171_1183,0.27317442593271696
BARK1,NOS3_1171_1183,0.27317442593271696
CDK,NOS3_1171_1183,0.27317442593271696
CK1,NOS3_1171_1183,0.27317442593271696
DMPK,NOS3_1171_1183,0.27317442593271696
MELK,NOS3_1171_1183,0.27317442593271696
PDHK,NOS3_1171_1183,0.27317442593271696
PDK1,NOS3_1171_1183,0.27317442593271696
PEK,NOS3_1171_1183,0.27317442593271696
PHK,NOS3_1171_1183,0.27317442593271696
PIM,NOS3_1171_1183,0.27317442593271696
PKA,NOS3_1171_1183,0.27317442593271696
PKCA,NOS3_1171_1183,0.27317442593271696
PKG,NOS3_1171_1183,0.27317442593271696
QIK,NOS3_1171_1183,0.27317442593271696
RAD53,NOS3_1171_1183,0.27317442593271696
RIPK,NOS3_1171_1183,0.27317442593271696
RSK,NOS3_1171_1183,0.27317442593271696
SGK,NOS3_1171_1183,0.27317442593271696
VRK2,NOS3_1171_1183,0.27317442593271696
AKT,NR4A1_344_356,0.14236811326409732
BARK1,NR4A1_344_356,0.14236811326409732
CDK,NR4A1_344_356,0.14236811326409732
DMPK,NR4A1_344_356,0.14236811326409732
PHK,NR4A1_344_356,0.14236811326409732
PIM,NR4A1_344_356,0.14236811326409732
PKA,NR4A1_344_356,0.14236811326409732
PKCA,NR4A1_344_356,0.14236811326409732
RAF,NR4A1_344_356,0.14236811326409732
RSK,NR4A1_344_356,0.14236811326409732
VRK2,NR4A1_344_356,0.14236811326409732
AUR,P53_308_323,0.16778788612959636
BARK1,P53_308_323,0.16778788612959636
CAMK1,P53_308_323,0.16778788612959636
CDK,P53_308_323,0.16778788612959636
DYRK,P53_308_323,0.16778788612959636
ERK,P53_308_323,0.16778788612959636
IKK,P53_308_323,0.16778788612959636
JNK,P53_308_323,0.16778788612959636
P38,P53_308_323,0.16778788612959636
PKCA,P53_308_323,0.16778788612959636
PLK,P53_308_323,0.16778788612959636
QIK,P53_308_323,0.16778788612959636
STE7,P53_308_323,0.16778788612959636
VRK2,P53_308_323,0.16778788612959636
AUR,PLEK_106_118,0.03598282692349208
BARK1,PLEK_106_118,0.03598282692349208
CDK,PLEK_106_118,0.03598282692349208
CK1,PLEK_106_118,0.03598282692349208
DMPK,PLEK_106_118,0.03598282692349208
MST,PLEK_106_118,0.03598282692349208
PEK,PLEK_106_118,0.03598282692349208
PKCA,PLEK_106_118,0.03598282692349208
PKCD,PLEK_106_118,0.03598282692349208
PKCH,PLEK_106_118,0.03598282692349208
PLK,PLEK_106_118,0.03598282692349208
VRK2,PLEK_106_118,0.03598282692349208
BARK1,PLM_76_88,1.0951784927064894
CDK,PLM_76_88,1.0951784927064894
DMPK,PLM_76_88,1.0951784927064894
IKK,PLM_76_88,1.0951784927064894
PAKA,PLM_76_88,1.0951784927064894
PDHK,PLM_76_88,1.0951784927064894
PDK1,PLM_76_88,1.0951784927064894
PEK,PLM_76_88,1.0951784927064894
PIM,PLM_76_88,1.0951784927064894
PKA,PLM_76_88,1.0951784927064894
PKCA,PLM_76_88,1.0951784927064894
PKD,PLM_76_88,1.0951784927064894
PKG,PLM_76_88,1.0951784927064894
PLK,PLM_76_88,1.0951784927064894
RAD53,PLM_76_88,1.0951784927064894
RIPK,PLM_76_88,1.0951784927064894
RSK,PLM_76_88,1.0951784927064894
STE7,PLM_76_88,1.0951784927064894
VRK2,PLM_76_88,1.0951784927064894
EGFR,PP2AB_297_309,0.3752765749954842
CSK,PP2AB_297_309,0.3752765749954842
TEC,PP2AB_297_309,0.3752765749954842
PDGFR,PP2AB_297_309,0.3752765749954842
SYK,PP2AB_297_309,0.3752765749954842
AXL,PP2AB_297_309,0.3752765749954842
VEGFR,PP2AB_297_309,0.3752765749954842
BARK1,PP2AB_297_309,0.3752765749954842
BARK2,PP2AB_297_309,0.3752765749954842
CDK,PP2AB_297_309,0.3752765749954842
DYRK,PP2AB_297_309,0.3752765749954842
JNK,PP2AB_297_309,0.3752765749954842
VRK2,PP2AB_297_309,0.3752765749954842
AKT,PPR1A_28_40,0.1941447087180392
BARK1,PPR1A_28_40,0.1941447087180392
CDK,PPR1A_28_40,0.1941447087180392
DAPK,PPR1A_28_40,0.1941447087180392
DMPK,PPR1A_28_40,0.1941447087180392
DYRK,PPR1A_28_40,0.1941447087180392
GSK,PPR1A_28_40,0.1941447087180392
JNK,PPR1A_28_40,0.1941447087180392
P38,PPR1A_28_40,0.1941447087180392
PDK1,PPR1A_28_40,0.1941447087180392
PEK,PPR1A_28_40,0.1941447087180392
PHK,PPR1A_28_40,0.1941447087180392
PKA,PPR1A_28_40,0.1941447087180392
RSK,PPR1A_28_40,0.1941447087180392
VRK2,PPR1A_28_40,0.1941447087180392
ATR,PRKDC_2618_2630,0.18724168536174624
BARK1,PRKDC_2618_2630,0.18724168536174624
BARK2,PRKDC_2618_2630,0.18724168536174624
CK1,PRKDC_2618_2630,0.18724168536174624
DMPK,PRKDC_2618_2630,0.18724168536174624
IKK,PRKDC_2618_2630,0.18724168536174624
MELK,PRKDC_2618_2630,0.18724168536174624
MLK,PRKDC_2618_2630,0.18724168536174624
MTOR,PRKDC_2618_2630,0.18724168536174624
NEK,PRKDC_2618_2630,0.18724168536174624
P38,PRKDC_2618_2630,0.18724168536174624
PHK,PRKDC_2618_2630,0.18724168536174624
PIM,PRKDC_2618_2630,0.18724168536174624
PKA,PRKDC_2618_2630,0.18724168536174624
PKCA,PRKDC_2618_2630,0.18724168536174624
PKG,PRKDC_2618_2630,0.18724168536174624
PRKDC,PRKDC_2618_2630,0.18724168536174624
PLK,PRKDC_2618_2630,0.18724168536174624
QIK,PRKDC_2618_2630,0.18724168536174624
SGK,PRKDC_2618_2630,0.18724168536174624
STE7,PRKDC_2618_2630,0.18724168536174624
VRK2,PRKDC_2618_2630,0.18724168536174624
AKT,PTK6_436_448,0.9336130690373536
BARK1,PTK6_436_448,0.9336130690373536
CAMK1,PTK6_436_448,0.9336130690373536
CDK,PTK6_436_448,0.9336130690373536
CK1,PTK6_436_448,0.9336130690373536
DMPK,PTK6_436_448,0.9336130690373536
MAPKAPK,PTK6_436_448,0.9336130690373536
MELK,PTK6_436_448,0.9336130690373536
P38,PTK6_436_448,0.9336130690373536
PAKA,PTK6_436_448,0.9336130690373536
PDHK,PTK6_436_448,0.9336130690373536
PDK1,PTK6_436_448,0.9336130690373536
PEK,PTK6_436_448,0.9336130690373536
PHK,PTK6_436_448,0.9336130690373536
PIM,PTK6_436_448,0.9336130690373536
PKA,PTK6_436_448,0.9336130690373536
PKCA,PTK6_436_448,0.9336130690373536
PKCD,PTK6_436_448,0.9336130690373536
PKCI,PTK6_436_448,0.9336130690373536
PKD,PTK6_436_448,0.9336130690373536
PKG,PTK6_436_448,0.9336130690373536
QIK,PTK6_436_448,0.9336130690373536
RAD53,PTK6_436_448,0.9336130690373536
RSK,PTK6_436_448,0.9336130690373536
STE7,PTK6_436_448,0.9336130690373536
VRK2,PTK6_436_448,0.9336130690373536
BARK1,PTN12_32_44,0.8586777603849539
CDK,PTN12_32_44,0.8586777603849539
DMPK,PTN12_32_44,0.8586777603849539
FRAY,PTN12_32_44,0.8586777603849539
MAPKAPK,PTN12_32_44,0.8586777603849539
MLK,PTN12_32_44,0.8586777603849539
PAKA,PTN12_32_44,0.8586777603849539
PDHK,PTN12_32_44,0.8586777603849539
PEK,PTN12_32_44,0.8586777603849539
PHK,PTN12_32_44,0.8586777603849539
PIM,PTN12_32_44,0.8586777603849539
PKA,PTN12_32_44,0.8586777603849539
PKCA,PTN12_32_44,0.8586777603849539
PKCD,PTN12_32_44,0.8586777603849539
PKD,PTN12_32_44,0.8586777603849539
PKG,PTN12_32_44,0.8586777603849539
QIK,PTN12_32_44,0.8586777603849539
RAD53,PTN12_32_44,0.8586777603849539
RSK,PTN12_32_44,0.8586777603849539
VRK2,PTN12_32_44,0.8586777603849539
BARK1,RADI_559_569,0.30172786858497097
COT,RADI_559_569,0.30172786858497097
DMPK,RADI_559_569,0.30172786858497097
MSN,RADI_559_569,0.30172786858497097
MST,RADI_559_569,0.30172786858497097
PHK,RADI_559_569,0.30172786858497097
PIM,RADI_559_569,0.30172786858497097
PKCA,RADI_559_569,0.30172786858497097
SLK,RADI_559_569,0.30172786858497097
VRK2,RADI_559_569,0.30172786858497097
AKT,RAF1_253_265,0.1134420957970447
AMPK,RAF1_253_265,0.1134420957970447
BARK1,RAF1_253_265,0.1134420957970447
CAMK1,RAF1_253_265,0.1134420957970447
CDK,RAF1_253_265,0.1134420957970447
DAPK,RAF1_253_265,0.1134420957970447
DMPK,RAF1_253_265,0.1134420957970447
DYRK,RAF1_253_265,0.1134420957970447
ERK,RAF1_253_265,0.1134420957970447
JNK,RAF1_253_265,0.1134420957970447
MAPKAPK,RAF1_253_265,0.1134420957970447
MARK,RAF1_253_265,0.1134420957970447
NDR,RAF1_253_265,0.1134420957970447
P38,RAF1_253_265,0.1134420957970447
PAKA,RAF1_253_265,0.1134420957970447
PDK1,RAF1_253_265,0.1134420957970447
PHK,RAF1_253_265,0.1134420957970447
PKA,RAF1_253_265,0.1134420957970447
PKCA,RAF1_253_265,0.1134420957970447
QIK,RAF1_253_265,0.1134420957970447
RAF,RAF1_253_265,0.1134420957970447
RIPK,RAF1_253_265,0.1134420957970447
RSK,RAF1_253_265,0.1134420957970447
SGK,RAF1_253_265,0.1134420957970447
VRK2,RAF1_253_265,0.1134420957970447
AKT,RAP1B_172_184,0.3089177142474936
AMPK,RAP1B_172_184,0.3089177142474936
BARK1,RAP1B_172_184,0.3089177142474936
CDK,RAP1B_172_184,0.3089177142474936
DMPK,RAP1B_172_184,0.3089177142474936
IKK,RAP1B_172_184,0.3089177142474936
MAPKAPK,RAP1B_172_184,0.3089177142474936
PDHK,RAP1B_172_184,0.3089177142474936
PEK,RAP1B_172_184,0.3089177142474936
PHK,RAP1B_172_184,0.3089177142474936
PIM,RAP1B_172_184,0.3089177142474936
PKA,RAP1B_172_184,0.3089177142474936
PKCA,RAP1B_172_184,0.3089177142474936
PKG,RAP1B_172_184,0.3089177142474936
QIK,RAP1B_172_184,0.3089177142474936
RAD53,RAP1B_172_184,0.3089177142474936
RSK,RAP1B_172_184,0.3089177142474936
VRK2,RAP1B_172_184,0.3089177142474936
BARK1,RBL2_655_667,-0.09161323893796898
CDK,RBL2_655_667,-0.09161323893796898
CK1,RBL2_655_667,-0.09161323893796898
DMPK,RBL2_655_667,-0.09161323893796898
DYRK,RBL2_655_667,-0.09161323893796898
ERK,RBL2_655_667,-0.09161323893796898
FRAY,RBL2_655_667,-0.09161323893796898
GSK,RBL2_655_667,-0.09161323893796898
IKK,RBL2_655_667,-0.09161323893796898
JNK,RBL2_655_667,-0.09161323893796898
MAPKAPK,RBL2_655_667,-0.09161323893796898
MELK,RBL2_655_667,-0.09161323893796898
MTOR,RBL2_655_667,-0.09161323893796898
NEK,RBL2_655_667,-0.09161323893796898
P38,RBL2_655_667,-0.09161323893796898
PDK1,RBL2_655_667,-0.09161323893796898
PEK,RBL2_655_667,-0.09161323893796898
PHK,RBL2_655_667,-0.09161323893796898
PIM,RBL2_655_667,-0.09161323893796898
PKCA,RBL2_655_667,-0.09161323893796898
PKD,RBL2_655_667,-0.09161323893796898
PLK,RBL2_655_667,-0.09161323893796898
QIK,RBL2_655_667,-0.09161323893796898
RAD53,RBL2_655_667,-0.09161323893796898
RAF,RBL2_655_667,-0.09161323893796898
RIPK,RBL2_655_667,-0.09161323893796898
STE7,RBL2_655_667,-0.09161323893796898
VRK2,RBL2_655_667,-0.09161323893796898
BARK1,RB_242_254,0.03586805103788336
CDK,RB_242_254,0.03586805103788336
DYRK,RB_242_254,0.03586805103788336
ERK,RB_242_254,0.03586805103788336
IRAK,RB_242_254,0.03586805103788336
P38,RB_242_254,0.03586805103788336
PDK1,RB_242_254,0.03586805103788336
PEK,RB_242_254,0.03586805103788336
PKCA,RB_242_254,0.03586805103788336
PLK,RB_242_254,0.03586805103788336
VRK2,RB_242_254,0.03586805103788336
ATR,RB_350_362,0.22855645646566192
BARK1,RB_350_362,0.22855645646566192
CDK,RB_350_362,0.22855645646566192
DMPK,RB_350_362,0.22855645646566192
DYRK,RB_350_362,0.22855645646566192
PDHK,RB_350_362,0.22855645646566192
PDK1,RB_350_362,0.22855645646566192
PEK,RB_350_362,0.22855645646566192
PHK,RB_350_362,0.22855645646566192
PIM,RB_350_362,0.22855645646566192
PKCA,RB_350_362,0.22855645646566192
PRKDC,RB_350_362,0.22855645646566192
QIK,RB_350_362,0.22855645646566192
RSK,RB_350_362,0.22855645646566192
VRK2,RB_350_362,0.22855645646566192
AUR,RB_774_786,0.2083012930696307
BARK1,RB_774_786,0.2083012930696307
CDK,RB_774_786,0.2083012930696307
DMPK,RB_774_786,0.2083012930696307
DYRK,RB_774_786,0.2083012930696307
ERK,RB_774_786,0.2083012930696307
GSK,RB_774_786,0.2083012930696307
JNK,RB_774_786,0.2083012930696307
MLK,RB_774_786,0.2083012930696307
P38,RB_774_786,0.2083012930696307
PHK,RB_774_786,0.2083012930696307
PKA,RB_774_786,0.2083012930696307
PKCA,RB_774_786,0.2083012930696307
PLK,RB_774_786,0.2083012930696307
QIK,RB_774_786,0.2083012930696307
RAF,RB_774_786,0.2083012930696307
VRK2,RB_774_786,0.2083012930696307
BARK1,RB_803_815,-0.0616467555047396
CDK,RB_803_815,-0.0616467555047396
CK1,RB_803_815,-0.0616467555047396
DYRK,RB_803_815,-0.0616467555047396
ERK,RB_803_815,-0.0616467555047396
JNK,RB_803_815,-0.0616467555047396
QIK,RB_803_815,-0.0616467555047396
VRK2,RB_803_815,-0.0616467555047396
BARK1,REL_260_272,1.2713173623756957
CDK,REL_260_272,1.2713173623756957
CK1,REL_260_272,1.2713173623756957
DMPK,REL_260_272,1.2713173623756957
MAPKAPK,REL_260_272,1.2713173623756957
MARK,REL_260_272,1.2713173623756957
PAKA,REL_260_272,1.2713173623756957
PEK,REL_260_272,1.2713173623756957
PIM,REL_260_272,1.2713173623756957
PKCA,REL_260_272,1.2713173623756957
PKD,REL_260_272,1.2713173623756957
PKG,REL_260_272,1.2713173623756957
PLK,REL_260_272,1.2713173623756957
RSK,REL_260_272,1.2713173623756957
STE7,REL_260_272,1.2713173623756957
VRK2,REL_260_272,1.2713173623756957
AKT,RS6_228_240,1.0172062823714587
BARK1,RS6_228_240,1.0172062823714587
CAMK1,RS6_228_240,1.0172062823714587
CDK,RS6_228_240,1.0172062823714587
DAPK,RS6_228_240,1.0172062823714587
DMPK,RS6_228_240,1.0172062823714587
IKK,RS6_228_240,1.0172062823714587
MAPKAPK,RS6_228_240,1.0172062823714587
MELK,RS6_228_240,1.0172062823714587
PAKA,RS6_228_240,1.0172062823714587
PASK,RS6_228_240,1.0172062823714587
PDHK,RS6_228_240,1.0172062823714587
PEK,RS6_228_240,1.0172062823714587
PHK,RS6_228_240,1.0172062823714587
PIM,RS6_228_240,1.0172062823714587
PKA,RS6_228_240,1.0172062823714587
PKCA,RS6_228_240,1.0172062823714587
PKCD,RS6_228_240,1.0172062823714587
PKCI,RS6_228_240,1.0172062823714587
PKD,RS6_228_240,1.0172062823714587
PKG,RS6_228_240,1.0172062823714587
QIK,RS6_228_240,1.0172062823714587
RIPK,RS6_228_240,1.0172062823714587
RSK,RS6_228_240,1.0172062823714587
SGK,RS6_228_240,1.0172062823714587
VRK2,RS6_228_240,1.0172062823714587
BARK1,RYR1_4317_4329,0.4666508714598905
DMPK,RYR1_4317_4329,0.4666508714598905
PHK,RYR1_4317_4329,0.4666508714598905
PIM,RYR1_4317_4329,0.4666508714598905
PKA,RYR1_4317_4329,0.4666508714598905
PKCA,RYR1_4317_4329,0.4666508714598905
PKCH,RYR1_4317_4329,0.4666508714598905
PKG,RYR1_4317_4329,0.4666508714598905
RSK,RYR1_4317_4329,0.4666508714598905
VRK2,RYR1_4317_4329,0.4666508714598905
BARK1,SCN7A_898_910,1.2631472379619406
DMPK,SCN7A_898_910,1.2631472379619406
HAL,SCN7A_898_910,1.2631472379619406
IKK,SCN7A_898_910,1.2631472379619406
PHK,SCN7A_898_910,1.2631472379619406
PKA,SCN7A_898_910,1.2631472379619406
PKCA,SCN7A_898_910,1.2631472379619406
PKG,SCN7A_898_910,1.2631472379619406
RIPK,SCN7A_898_910,1.2631472379619406
RSK,SCN7A_898_910,1.2631472379619406
VRK2,SCN7A_898_910,1.2631472379619406
AUR,STK6_283_295,0.8296557385760561
BARK1,STK6_283_295,0.8296557385760561
CAMK1,STK6_283_295,0.8296557385760561
CAMK2,STK6_283_295,0.8296557385760561
CDK,STK6_283_295,0.8296557385760561
DMPK,STK6_283_295,0.8296557385760561
FRAY,STK6_283_295,0.8296557385760561
IKK,STK6_283_295,0.8296557385760561
IRAK,STK6_283_295,0.8296557385760561
LKB,STK6_283_295,0.8296557385760561
MELK,STK6_283_295,0.8296557385760561
MLK,STK6_283_295,0.8296557385760561
MTOR,STK6_283_295,0.8296557385760561
NDR,STK6_283_295,0.8296557385760561
NEK,STK6_283_295,0.8296557385760561
PAKA,STK6_283_295,0.8296557385760561
PDHK,STK6_283_295,0.8296557385760561
PDK1,STK6_283_295,0.8296557385760561
PEK,STK6_283_295,0.8296557385760561
PHK,STK6_283_295,0.8296557385760561
PKA,STK6_283_295,0.8296557385760561
PKCA,STK6_283_295,0.8296557385760561
PKCD,STK6_283_295,0.8296557385760561
PLK,STK6_283_295,0.8296557385760561
PRKDC,STK6_283_295,0.8296557385760561
QIK,STK6_283_295,0.8296557385760561
RAD53,STK6_283_295,0.8296557385760561
RSK,STK6_283_295,0.8296557385760561
STE7,STK6_283_295,0.8296557385760561
VRK2,STK6_283_295,0.8296557385760561
AKT,TAU_524_536,-0.00757761686263158
BARK1,TAU_524_536,-0.00757761686263158
CAMK1,TAU_524_536,-0.00757761686263158
CDK,TAU_524_536,-0.00757761686263158
DMPK,TAU_524_536,-0.00757761686263158
DYRK,TAU_524_536,-0.00757761686263158
ERK,TAU_524_536,-0.00757761686263158
GRK,TAU_524_536,-0.00757761686263158
GSK,TAU_524_536,-0.00757761686263158
IKK,TAU_524_536,-0.00757761686263158
JNK,TAU_524_536,-0.00757761686263158
MAPKAPK,TAU_524_536,-0.00757761686263158
MELK,TAU_524_536,-0.00757761686263158
MTOR,TAU_524_536,-0.00757761686263158
P38,TAU_524_536,-0.00757761686263158
PDK1,TAU_524_536,-0.00757761686263158
PEK,TAU_524_536,-0.00757761686263158
PHK,TAU_524_536,-0.00757761686263158
PIM,TAU_524_536,-0.00757761686263158
PKA,TAU_524_536,-0.00757761686263158
PKCA,TAU_524_536,-0.00757761686263158
PKD,TAU_524_536,-0.00757761686263158
PLK,TAU_524_536,-0.00757761686263158
QIK,TAU_524_536,-0.00757761686263158
RAF,TAU_524_536,-0.00757761686263158
RIPK,TAU_524_536,-0.00757761686263158
RSK,TAU_524_536,-0.00757761686263158
SGK,TAU_524_536,-0.00757761686263158
STE11,TAU_524_536,-0.00757761686263158
VRK2,TAU_524_536,-0.00757761686263158
BARK1,TY3H_65_77,1.2291984295291776
CAMK2,TY3H_65_77,1.2291984295291776
MAPKAPK,TY3H_65_77,1.2291984295291776
PHK,TY3H_65_77,1.2291984295291776
PIM,TY3H_65_77,1.2291984295291776
PKA,TY3H_65_77,1.2291984295291776
PKCA,TY3H_65_77,1.2291984295291776
PKG,TY3H_65_77,1.2291984295291776
QIK,TY3H_65_77,1.2291984295291776
RIPK,TY3H_65_77,1.2291984295291776
RSK,TY3H_65_77,1.2291984295291776
VRK2,TY3H_65_77,1.2291984295291776
BARK1,VASP_150_162,1.2554856313271874
DMPK,VASP_150_162,1.2554856313271874
PHK,VASP_150_162,1.2554856313271874
PIM,VASP_150_162,1.2554856313271874
PKA,VASP_150_162,1.2554856313271874
PKCA,VASP_150_162,1.2554856313271874
PKD,VASP_150_162,1.2554856313271874
PKG,VASP_150_162,1.2554856313271874
RIPK,VASP_150_162,1.2554856313271874
RSK,VASP_150_162,1.2554856313271874
VRK2,VASP_150_162,1.2554856313271874
BARK1,VASP_232_244,-0.10184772087507751
CDK,VASP_232_244,-0.10184772087507751
DMPK,VASP_232_244,-0.10184772087507751
IKK,VASP_232_244,-0.10184772087507751
MAPKAPK,VASP_232_244,-0.10184772087507751
PHK,VASP_232_244,-0.10184772087507751
PIM,VASP_232_244,-0.10184772087507751
PKA,VASP_232_244,-0.10184772087507751
PKCA,VASP_232_244,-0.10184772087507751
PKCH,VASP_232_244,-0.10184772087507751
PKD,VASP_232_244,-0.10184772087507751
PKG,VASP_232_244,-0.10184772087507751
RIPK,VASP_232_244,-0.10184772087507751
RSK,VASP_232_244,-0.10184772087507751
VRK2,VASP_232_244,-0.10184772087507751
AKT,VASP_271_283,0.6071820599028234
ATR,VASP_271_283,0.6071820599028234
AMPK,VASP_271_283,0.6071820599028234
BARK1,VASP_271_283,0.6071820599028234
DMPK,VASP_271_283,0.6071820599028234
IKK,VASP_271_283,0.6071820599028234
PAKA,VASP_271_283,0.6071820599028234
PHK,VASP_271_283,0.6071820599028234
PIM,VASP_271_283,0.6071820599028234
PKA,VASP_271_283,0.6071820599028234
PKG,VASP_271_283,0.6071820599028234
RIPK,VASP_271_283,0.6071820599028234
RSK,VASP_271_283,0.6071820599028234
VRK2,VASP_271_283,0.6071820599028234
BARK1,ACM1_444_456,0.05539178789961539
CDK,ACM1_444_456,0.05539178789961539
CK1,ACM1_444_456,0.05539178789961539
DAPK,ACM1_444_456,0.05539178789961539
DMPK,ACM1_444_456,0.05539178789961539
DYRK,ACM1_444_456,0.05539178789961539
ERK,ACM1_444_456,0.05539178789961539
GSK,ACM1_444_456,0.05539178789961539
IRAK,ACM1_444_456,0.05539178789961539
JNK,ACM1_444_456,0.05539178789961539
MLCK,ACM1_444_456,0.05539178789961539
P38,ACM1_444_456,0.05539178789961539
PDK1,ACM1_444_456,0.05539178789961539
PEK,ACM1_444_456,0.05539178789961539
PHK,ACM1_444_456,0.05539178789961539
PIM,ACM1_444_456,0.05539178789961539
PKCA,ACM1_444_456,0.05539178789961539
RSK,ACM1_444_456,0.05539178789961539
VRK2,ACM1_444_456,0.05539178789961539
BARK1,ACM4_456_468,0.1030295164035584
FRAY,ACM4_456_468,0.1030295164035584
MELK,ACM4_456_468,0.1030295164035584
PDHK,ACM4_456_468,0.1030295164035584
PDK1,ACM4_456_468,0.1030295164035584
PIM,ACM4_456_468,0.1030295164035584
PKCA,ACM4_456_468,0.1030295164035584
PKCH,ACM4_456_468,0.1030295164035584
VRK2,ACM4_456_468,0.1030295164035584
BARK1,ADDB_696_708,-0.03804408063245969
CDK,ADDB_696_708,-0.03804408063245969
CK1,ADDB_696_708,-0.03804408063245969
DMPK,ADDB_696_708,-0.03804408063245969
DYRK,ADDB_696_708,-0.03804408063245969
ERK,ADDB_696_708,-0.03804408063245969
GSK,ADDB_696_708,-0.03804408063245969
IKK,ADDB_696_708,-0.03804408063245969
JNK,ADDB_696_708,-0.03804408063245969
MELK,ADDB_696_708,-0.03804408063245969
MST,ADDB_696_708,-0.03804408063245969
NEK,ADDB_696_708,-0.03804408063245969
P38,ADDB_696_708,-0.03804408063245969
PDK1,ADDB_696_708,-0.03804408063245969
PEK,ADDB_696_708,-0.03804408063245969
PKCA,ADDB_696_708,-0.03804408063245969
PKCH,ADDB_696_708,-0.03804408063245969
PLK,ADDB_696_708,-0.03804408063245969
QIK,ADDB_696_708,-0.03804408063245969
RIPK,ADDB_696_708,-0.03804408063245969
STE7,ADDB_696_708,-0.03804408063245969
VRK1,ADDB_696_708,-0.03804408063245969
VRK2,ADDB_696_708,-0.03804408063245969
BARK1,ADDB_706_718,0.232066440615142
CDK,ADDB_706_718,0.232066440615142
CHK1,ADDB_706_718,0.232066440615142
DMPK,ADDB_706_718,0.232066440615142
DYRK,ADDB_706_718,0.232066440615142
ERK,ADDB_706_718,0.232066440615142
JNK,ADDB_706_718,0.232066440615142
MAPKAPK,ADDB_706_718,0.232066440615142
MST,ADDB_706_718,0.232066440615142
NEK,ADDB_706_718,0.232066440615142
P38,ADDB_706_718,0.232066440615142
PAKA,ADDB_706_718,0.232066440615142
PDHK,ADDB_706_718,0.232066440615142
PDK1,ADDB_706_718,0.232066440615142
PEK,ADDB_706_718,0.232066440615142
PHK,ADDB_706_718,0.232066440615142
PIM,ADDB_706_718,0.232066440615142
PKCA,ADDB_706_718,0.232066440615142
PLK,ADDB_706_718,0.232066440615142
RAD53,ADDB_706_718,0.232066440615142
RSK,ADDB_706_718,0.232066440615142
VRK2,ADDB_706_718,0.232066440615142
AKT,ADRB2_338_350,1.0923214637851526
BARK1,ADRB2_338_350,1.0923214637851526
CAMK1,ADRB2_338_350,1.0923214637851526
CDK,ADRB2_338_350,1.0923214637851526
CHK1,ADRB2_338_350,1.0923214637851526
DMPK,ADRB2_338_350,1.0923214637851526
GRK,ADRB2_338_350,1.0923214637851526
PAKA,ADRB2_338_350,1.0923214637851526
PKA,ADRB2_338_350,1.0923214637851526
PKCA,ADRB2_338_350,1.0923214637851526
PKCI,ADRB2_338_350,1.0923214637851526
PKG,ADRB2_338_350,1.0923214637851526
RAD53,ADRB2_338_350,1.0923214637851526
RSK,ADRB2_338_350,1.0923214637851526
VRK2,ADRB2_338_350,1.0923214637851526
AKT,ANDR_785_797,0.2721383689503594
ATR,ANDR_785_797,0.2721383689503594
BARK1,ANDR_785_797,0.2721383689503594
DMPK,ANDR_785_797,0.2721383689503594
PHK,ANDR_785_797,0.2721383689503594
PIM,ANDR_785_797,0.2721383689503594
PKA,ANDR_785_797,0.2721383689503594
PKD,ANDR_785_797,0.2721383689503594
RAF,ANDR_785_797,0.2721383689503594
RSK,ANDR_785_797,0.2721383689503594
VRK2,ANDR_785_797,0.2721383689503594
AKT,ANXA1_209_221,0.5285831632070664
BARK1,ANXA1_209_221,0.5285831632070664
DMPK,ANXA1_209_221,0.5285831632070664
PHK,ANXA1_209_221,0.5285831632070664
PKA,ANXA1_209_221,0.5285831632070664
PKCA,ANXA1_209_221,0.5285831632070664
PKG,ANXA1_209_221,0.5285831632070664
RSK,ANXA1_209_221,0.5285831632070664
VRK2,ANXA1_209_221,0.5285831632070664
AMPK,BAD_112_124,1.128370797329561
BARK1,BAD_112_124,1.128370797329561
CK1,BAD_112_124,1.128370797329561
DMPK,BAD_112_124,1.128370797329561
FRAY,BAD_112_124,1.128370797329561
IRAK,BAD_112_124,1.128370797329561
NEK,BAD_112_124,1.128370797329561
PAKA,BAD_112_124,1.128370797329561
PDHK,BAD_112_124,1.128370797329561
PEK,BAD_112_124,1.128370797329561
PHK,BAD_112_124,1.128370797329561
PIM,BAD_112_124,1.128370797329561
PKA,BAD_112_124,1.128370797329561
PKCA,BAD_112_124,1.128370797329561
PKCI,BAD_112_124,1.128370797329561
PKD,BAD_112_124,1.128370797329561
PKG,BAD_112_124,1.128370797329561
QIK,BAD_112_124,1.128370797329561
RAF,BAD_112_124,1.128370797329561
RSK,BAD_112_124,1.128370797329561
STE7,BAD_112_124,1.128370797329561
VRK2,BAD_112_124,1.128370797329561
AKT,BAD_69_81,0.4267624414484275
BARK1,BAD_69_81,0.4267624414484275
CDK,BAD_69_81,0.4267624414484275
DMPK,BAD_69_81,0.4267624414484275
ERK,BAD_69_81,0.4267624414484275
MELK,BAD_69_81,0.4267624414484275
MTOR,BAD_69_81,0.4267624414484275
PAKA,BAD_69_81,0.4267624414484275
PAKB,BAD_69_81,0.4267624414484275
PDHK,BAD_69_81,0.4267624414484275
PDK1,BAD_69_81,0.4267624414484275
PEK,BAD_69_81,0.4267624414484275
PHK,BAD_69_81,0.4267624414484275
PIM,BAD_69_81,0.4267624414484275
PKA,BAD_69_81,0.4267624414484275
PKCA,BAD_69_81,0.4267624414484275
PKCI,BAD_69_81,0.4267624414484275
PKD,BAD_69_81,0.4267624414484275
PKG,BAD_69_81,0.4267624414484275
QIK,BAD_69_81,0.4267624414484275
RAD53,BAD_69_81,0.4267624414484275
RAF,BAD_69_81,0.4267624414484275
RSK,BAD_69_81,0.4267624414484275
SGK,BAD_69_81,0.4267624414484275
VRK2,BAD_69_81,0.4267624414484275
AKT,BAD_93_105,0.20362997691800128
BARK1,BAD_93_105,0.20362997691800128
DMPK,BAD_93_105,0.20362997691800128
MAPKAPK,BAD_93_105,0.20362997691800128
PAKA,BAD_93_105,0.20362997691800128
PHK,BAD_93_105,0.20362997691800128
PIM,BAD_93_105,0.20362997691800128
PKA,BAD_93_105,0.20362997691800128
PKCA,BAD_93_105,0.20362997691800128
PKCI,BAD_93_105,0.20362997691800128
PKD,BAD_93_105,0.20362997691800128
PKG,BAD_93_105,0.20362997691800128
QIK,BAD_93_105,0.20362997691800128
RAF,BAD_93_105,0.20362997691800128
RSK,BAD_93_105,0.20362997691800128
SGK,BAD_93_105,0.20362997691800128
VRK2,BAD_93_105,0.20362997691800128
AKT,BCKD_45_57,0.11120564780761466
BARK1,BCKD_45_57,0.11120564780761466
CDK,BCKD_45_57,0.11120564780761466
DMPK,BCKD_45_57,0.11120564780761466
FRAY,BCKD_45_57,0.11120564780761466
GRK,BCKD_45_57,0.11120564780761466
IKK,BCKD_45_57,0.11120564780761466
MAPKAPK,BCKD_45_57,0.11120564780761466
MELK,BCKD_45_57,0.11120564780761466
MLCK,BCKD_45_57,0.11120564780761466
MST,BCKD_45_57,0.11120564780761466
PAKA,BCKD_45_57,0.11120564780761466
PDHK,BCKD_45_57,0.11120564780761466
PDK1,BCKD_45_57,0.11120564780761466
PEK,BCKD_45_57,0.11120564780761466
PHK,BCKD_45_57,0.11120564780761466
PIM,BCKD_45_57,0.11120564780761466
PKA,BCKD_45_57,0.11120564780761466
PKCA,BCKD_45_57,0.11120564780761466
PKG,BCKD_45_57,0.11120564780761466
PLK,BCKD_45_57,0.11120564780761466
QIK,BCKD_45_57,0.11120564780761466
RSK,BCKD_45_57,0.11120564780761466
SGK,BCKD_45_57,0.11120564780761466
STE7,BCKD_45_57,0.11120564780761466
VRK2,BCKD_45_57,0.11120564780761466
BARK1,C1R_201_213,-0.0882339378711093
CDK,C1R_201_213,-0.0882339378711093
CK1,C1R_201_213,-0.0882339378711093
CK2,C1R_201_213,-0.0882339378711093
DMPK,C1R_201_213,-0.0882339378711093
DYRK,C1R_201_213,-0.0882339378711093
ERK,C1R_201_213,-0.0882339378711093
IRAK,C1R_201_213,-0.0882339378711093
JNK,C1R_201_213,-0.0882339378711093
P38,C1R_201_213,-0.0882339378711093
PDHK,C1R_201_213,-0.0882339378711093
PEK,C1R_201_213,-0.0882339378711093
PHK,C1R_201_213,-0.0882339378711093
PKCA,C1R_201_213,-0.0882339378711093
PLK,C1R_201_213,-0.0882339378711093
QIK,C1R_201_213,-0.0882339378711093
STE7,C1R_201_213,-0.0882339378711093
STKR,C1R_201_213,-0.0882339378711093
VRK2,C1R_201_213,-0.0882339378711093
BARK1,CAC1C_1974_1986,1.1145463348709324
CAMK1,CAC1C_1974_1986,1.1145463348709324
MAPKAPK,CAC1C_1974_1986,1.1145463348709324
PDHK,CAC1C_1974_1986,1.1145463348709324
PHK,CAC1C_1974_1986,1.1145463348709324
PIM,CAC1C_1974_1986,1.1145463348709324
PKCA,CAC1C_1974_1986,1.1145463348709324
PKD,CAC1C_1974_1986,1.1145463348709324
PKG,CAC1C_1974_1986,1.1145463348709324
QIK,CAC1C_1974_1986,1.1145463348709324
RAD53,CAC1C_1974_1986,1.1145463348709324
RIPK,CAC1C_1974_1986,1.1145463348709324
RSK,CAC1C_1974_1986,1.1145463348709324
VRK2,CAC1C_1974_1986,1.1145463348709324
AKT,CD27_212_224,0.21889259696994873
BARK1,CD27_212_224,0.21889259696994873
CDK,CD27_212_224,0.21889259696994873
DMPK,CD27_212_224,0.21889259696994873
ERK,CD27_212_224,0.21889259696994873
IKK,CD27_212_224,0.21889259696994873
JNK,CD27_212_224,0.21889259696994873
P38,CD27_212_224,0.21889259696994873
PDHK,CD27_212_224,0.21889259696994873
PEK,CD27_212_224,0.21889259696994873
PHK,CD27_212_224,0.21889259696994873
PIM,CD27_212_224,0.21889259696994873
PKCA,CD27_212_224,0.21889259696994873
PKD,CD27_212_224,0.21889259696994873
QIK,CD27_212_224,0.21889259696994873
RSK,CD27_212_224,0.21889259696994873
VRK2,CD27_212_224,0.21889259696994873
BARK1,CDC2_154_169,0.14134920567396164
CDK,CDC2_154_169,0.14134920567396164
COT,CDC2_154_169,0.14134920567396164
PEK,CDC2_154_169,0.14134920567396164
PKG,CDC2_154_169,0.14134920567396164
RSK,CDC2_154_169,0.14134920567396164
STE7,CDC2_154_169,0.14134920567396164
VRK2,CDC2_154_169,0.14134920567396164
BARK1,CDK7_163_175,0.20915332955508423
CDK,CDK7_163_175,0.20915332955508423
DMPK,CDK7_163_175,0.20915332955508423
DYRK,CDK7_163_175,0.20915332955508423
FRAY,CDK7_163_175,0.20915332955508423
JNK,CDK7_163_175,0.20915332955508423
MAPKAPK,CDK7_163_175,0.20915332955508423
MST,CDK7_163_175,0.20915332955508423
MTOR,CDK7_163_175,0.20915332955508423
P38,CDK7_163_175,0.20915332955508423
PDK1,CDK7_163_175,0.20915332955508423
PEK,CDK7_163_175,0.20915332955508423
PHK,CDK7_163_175,0.20915332955508423
PIM,CDK7_163_175,0.20915332955508423
PKCA,CDK7_163_175,0.20915332955508423
PKCI,CDK7_163_175,0.20915332955508423
PRKDC,CDK7_163_175,0.20915332955508423
QIK,CDK7_163_175,0.20915332955508423
STE7,CDK7_163_175,0.20915332955508423
VRK2,CDK7_163_175,0.20915332955508423
AUR,CENPA_1_14,0.20215907207568343
BARK1,CENPA_1_14,0.20215907207568343
DMPK,CENPA_1_14,0.20215907207568343
MAPKAPK,CENPA_1_14,0.20215907207568343
PIM,CENPA_1_14,0.20215907207568343
PKCA,CENPA_1_14,0.20215907207568343
PKG,CENPA_1_14,0.20215907207568343
VRK2,CENPA_1_14,0.20215907207568343
AMPK,CFTR_730_742,1.453513008719274
BARK1,CFTR_730_742,1.453513008719274
CAMK2,CFTR_730_742,1.453513008719274
CDK,CFTR_730_742,1.453513008719274
DAPK,CFTR_730_742,1.453513008719274
DYRK,CFTR_730_742,1.453513008719274
GRK,CFTR_730_742,1.453513008719274
IKK,CFTR_730_742,1.453513008719274
MAPKAPK,CFTR_730_742,1.453513008719274
PAKA,CFTR_730_742,1.453513008719274
PDHK,CFTR_730_742,1.453513008719274
PEK,CFTR_730_742,1.453513008719274
PHK,CFTR_730_742,1.453513008719274
PKA,CFTR_730_742,1.453513008719274
PKCA,CFTR_730_742,1.453513008719274
PKD,CFTR_730_742,1.453513008719274
PKG,CFTR_730_742,1.453513008719274
QIK,CFTR_730_742,1.453513008719274
RAD53,CFTR_730_742,1.453513008719274
RSK,CFTR_730_742,1.453513008719274
VRK2,CFTR_730_742,1.453513008719274
AKT,CGHB_109_121,0.6477229055912028
BARK1,CGHB_109_121,0.6477229055912028
CAMK2,CGHB_109_121,0.6477229055912028
DMPK,CGHB_109_121,0.6477229055912028
IKK,CGHB_109_121,0.6477229055912028
MTOR,CGHB_109_121,0.6477229055912028
PDHK,CGHB_109_121,0.6477229055912028
PDK1,CGHB_109_121,0.6477229055912028
PEK,CGHB_109_121,0.6477229055912028
PKA,CGHB_109_121,0.6477229055912028
PKCA,CGHB_109_121,0.6477229055912028
PKG,CGHB_109_121,0.6477229055912028
RSK,CGHB_109_121,0.6477229055912028
VRK2,CGHB_109_121,0.6477229055912028
AMPK,CREB1_126_138,0.8533786770993815
ATM,CREB1_126_138,0.8533786770993815
BARK1,CREB1_126_138,0.8533786770993815
CAMK1,CREB1_126_138,0.8533786770993815
CAMK2,CREB1_126_138,0.8533786770993815
COT,CREB1_126_138,0.8533786770993815
DMPK,CREB1_126_138,0.8533786770993815
DYRK,CREB1_126_138,0.8533786770993815
GSK,CREB1_126_138,0.8533786770993815
MAPKAPK,CREB1_126_138,0.8533786770993815
PDHK,CREB1_126_138,0.8533786770993815
PHK,CREB1_126_138,0.8533786770993815
PIM,CREB1_126_138,0.8533786770993815
PKA,CREB1_126_138,0.8533786770993815
PKCA,CREB1_126_138,0.8533786770993815
PKCD,CREB1_126_138,0.8533786770993815
PKCH,CREB1_126_138,0.8533786770993815
PKD,CREB1_126_138,0.8533786770993815
QIK,CREB1_126_138,0.8533786770993815
RAD53,CREB1_126_138,0.8533786770993815
RSK,CREB1_126_138,0.8533786770993815
SGK,CREB1_126_138,0.8533786770993815
VRK2,CREB1_126_138,0.8533786770993815
AMPK,CSF1R_701_713,0.979301341990349
BARK1,CSF1R_701_713,0.979301341990349
CDK,CSF1R_701_713,0.979301341990349
CK1,CSF1R_701_713,0.979301341990349
DMPK,CSF1R_701_713,0.979301341990349
PDHK,CSF1R_701_713,0.979301341990349
PEK,CSF1R_701_713,0.979301341990349
PIM,CSF1R_701_713,0.979301341990349
PKA,CSF1R_701_713,0.979301341990349
PKCA,CSF1R_701_713,0.979301341990349
PKG,CSF1R_701_713,0.979301341990349
RSK,CSF1R_701_713,0.979301341990349
VRK2,CSF1R_701_713,0.979301341990349
AMPK,DESP_2842_2854,1.453206604068347
BARK1,DESP_2842_2854,1.453206604068347
CAMK1,DESP_2842_2854,1.453206604068347
CDK,DESP_2842_2854,1.453206604068347
CK1,DESP_2842_2854,1.453206604068347
DMPK,DESP_2842_2854,1.453206604068347
GSK,DESP_2842_2854,1.453206604068347
IKK,DESP_2842_2854,1.453206604068347
MAPKAPK,DESP_2842_2854,1.453206604068347
P38,DESP_2842_2854,1.453206604068347
PDHK,DESP_2842_2854,1.453206604068347
PDK1,DESP_2842_2854,1.453206604068347
PEK,DESP_2842_2854,1.453206604068347
PHK,DESP_2842_2854,1.453206604068347
PIM,DESP_2842_2854,1.453206604068347
PKA,DESP_2842_2854,1.453206604068347
PKCA,DESP_2842_2854,1.453206604068347
PKG,DESP_2842_2854,1.453206604068347
QIK,DESP_2842_2854,1.453206604068347
RIPK,DESP_2842_2854,1.453206604068347
RSK,DESP_2842_2854,1.453206604068347
SGK,DESP_2842_2854,1.453206604068347
STE11,DESP_2842_2854,1.453206604068347
STE7,DESP_2842_2854,1.453206604068347
VRK2,DESP_2842_2854,1.453206604068347
BARK1,EPB42_241_253,1.2991594345216708
DMPK,EPB42_241_253,1.2991594345216708
PHK,EPB42_241_253,1.2991594345216708
PIM,EPB42_241_253,1.2991594345216708
PKA,EPB42_241_253,1.2991594345216708
PKCA,EPB42_241_253,1.2991594345216708
PKG,EPB42_241_253,1.2991594345216708
RAD53,EPB42_241_253,1.2991594345216708
RSK,EPB42_241_253,1.2991594345216708
VRK2,EPB42_241_253,1.2991594345216708
BARK1,ERBB2_679_691,0.11066746774728622
DMPK,ERBB2_679_691,0.11066746774728622
PHK,ERBB2_679_691,0.11066746774728622
PIM,ERBB2_679_691,0.11066746774728622
PKA,ERBB2_679_691,0.11066746774728622
PKCA,ERBB2_679_691,0.11066746774728622
PKCD,ERBB2_679_691,0.11066746774728622
PKCH,ERBB2_679_691,0.11066746774728622
PKG,ERBB2_679_691,0.11066746774728622
RSK,ERBB2_679_691,0.11066746774728622
VRK2,ERBB2_679_691,0.11066746774728622
BARK1,ERF_519_531,0.2805093497175936
CDK,ERF_519_531,0.2805093497175936
CHK1,ERF_519_531,0.2805093497175936
DAPK,ERF_519_531,0.2805093497175936
DMPK,ERF_519_531,0.2805093497175936
DYRK,ERF_519_531,0.2805093497175936
ERK,ERF_519_531,0.2805093497175936
IRAK,ERF_519_531,0.2805093497175936
MST,ERF_519_531,0.2805093497175936
P38,ERF_519_531,0.2805093497175936
PDK1,ERF_519_531,0.2805093497175936
PEK,ERF_519_531,0.2805093497175936
PIM,ERF_519_531,0.2805093497175936
PKA,ERF_519_531,0.2805093497175936
PKCA,ERF_519_531,0.2805093497175936
PKG,ERF_519_531,0.2805093497175936
RAD53,ERF_519_531,0.2805093497175936
RSK,ERF_519_531,0.2805093497175936
VRK2,ERF_519_531,0.2805093497175936
AKT,ESR1_160_172,0.5625344766310262
AUR,ESR1_160_172,0.5625344766310262
BARK1,ESR1_160_172,0.5625344766310262
CK2,ESR1_160_172,0.5625344766310262
DMPK,ESR1_160_172,0.5625344766310262
IKK,ESR1_160_172,0.5625344766310262
PEK,ESR1_160_172,0.5625344766310262
PHK,ESR1_160_172,0.5625344766310262
PIM,ESR1_160_172,0.5625344766310262
PKCA,ESR1_160_172,0.5625344766310262
RSK,ESR1_160_172,0.5625344766310262
STE11,ESR1_160_172,0.5625344766310262
STE7,ESR1_160_172,0.5625344766310262
VRK2,ESR1_160_172,0.5625344766310262
BARK1,FIBA_569_581,0.10567807719699474
CDK,FIBA_569_581,0.10567807719699474
CK1,FIBA_569_581,0.10567807719699474
DAPK,FIBA_569_581,0.10567807719699474
DMPK,FIBA_569_581,0.10567807719699474
ERK,FIBA_569_581,0.10567807719699474
GSK,FIBA_569_581,0.10567807719699474
HAL,FIBA_569_581,0.10567807719699474
IKK,FIBA_569_581,0.10567807719699474
JNK,FIBA_569_581,0.10567807719699474
MLCK,FIBA_569_581,0.10567807719699474
MST,FIBA_569_581,0.10567807719699474
PDHK,FIBA_569_581,0.10567807719699474
PEK,FIBA_569_581,0.10567807719699474
PHK,FIBA_569_581,0.10567807719699474
PIM,FIBA_569_581,0.10567807719699474
PKA,FIBA_569_581,0.10567807719699474
PKCA,FIBA_569_581,0.10567807719699474
PKG,FIBA_569_581,0.10567807719699474
PLK,FIBA_569_581,0.10567807719699474
QIK,FIBA_569_581,0.10567807719699474
RAF,FIBA_569_581,0.10567807719699474
RIPK,FIBA_569_581,0.10567807719699474
RSK,FIBA_569_581,0.10567807719699474
SGK,FIBA_569_581,0.10567807719699474
STE7,FIBA_569_581,0.10567807719699474
VRK2,FIBA_569_581,0.10567807719699474
AKT,FOXO3_25_37,0.09513380299821549
BARK1,FOXO3_25_37,0.09513380299821549
CDK,FOXO3_25_37,0.09513380299821549
ERK,FOXO3_25_37,0.09513380299821549
MAPKAPK,FOXO3_25_37,0.09513380299821549
P38,FOXO3_25_37,0.09513380299821549
PHK,FOXO3_25_37,0.09513380299821549
PIM,FOXO3_25_37,0.09513380299821549
PKCA,FOXO3_25_37,0.09513380299821549
QIK,FOXO3_25_37,0.09513380299821549
RAF,FOXO3_25_37,0.09513380299821549
RSK,FOXO3_25_37,0.09513380299821549
SGK,FOXO3_25_37,0.09513380299821549
VRK2,FOXO3_25_37,0.09513380299821549
AKT,FRAP_2443_2455,0.517314515754831
AMPK,FRAP_2443_2455,0.517314515754831
BARK1,FRAP_2443_2455,0.517314515754831
CK1,FRAP_2443_2455,0.517314515754831
DAPK,FRAP_2443_2455,0.517314515754831
DMPK,FRAP_2443_2455,0.517314515754831
MAPKAPK,FRAP_2443_2455,0.517314515754831
MELK,FRAP_2443_2455,0.517314515754831
MLK,FRAP_2443_2455,0.517314515754831
MSN,FRAP_2443_2455,0.517314515754831
MTOR,FRAP_2443_2455,0.517314515754831
NEK,FRAP_2443_2455,0.517314515754831
PDHK,FRAP_2443_2455,0.517314515754831
PDK1,FRAP_2443_2455,0.517314515754831
PEK,FRAP_2443_2455,0.517314515754831
PHK,FRAP_2443_2455,0.517314515754831
PIM,FRAP_2443_2455,0.517314515754831
PKA,FRAP_2443_2455,0.517314515754831
PKCA,FRAP_2443_2455,0.517314515754831
QIK,FRAP_2443_2455,0.517314515754831
RSK,FRAP_2443_2455,0.517314515754831
SGK,FRAP_2443_2455,0.517314515754831
TAO,FRAP_2443_2455,0.517314515754831
VRK2,FRAP_2443_2455,0.517314515754831
AKT,GPR6_349_361,0.322065362322103
BARK1,GPR6_349_361,0.322065362322103
CDK,GPR6_349_361,0.322065362322103
CK1,GPR6_349_361,0.322065362322103
DMPK,GPR6_349_361,0.322065362322103
DYRK,GPR6_349_361,0.322065362322103
ERK,GPR6_349_361,0.322065362322103
IKK,GPR6_349_361,0.322065362322103
JNK,GPR6_349_361,0.322065362322103
MAPKAPK,GPR6_349_361,0.322065362322103
MELK,GPR6_349_361,0.322065362322103
P38,GPR6_349_361,0.322065362322103
PDK1,GPR6_349_361,0.322065362322103
PEK,GPR6_349_361,0.322065362322103
PHK,GPR6_349_361,0.322065362322103
PKCA,GPR6_349_361,0.322065362322103
QIK,GPR6_349_361,0.322065362322103
RAF,GPR6_349_361,0.322065362322103
RSK,GPR6_349_361,0.322065362322103
SGK,GPR6_349_361,0.322065362322103
VRK2,GPR6_349_361,0.322065362322103
AMPK,GPSM2_394_406,1.301085908494218
BARK1,GPSM2_394_406,1.301085908494218
CAMK1,GPSM2_394_406,1.301085908494218
CHK1,GPSM2_394_406,1.301085908494218
DMPK,GPSM2_394_406,1.301085908494218
IKK,GPSM2_394_406,1.301085908494218
MAPKAPK,GPSM2_394_406,1.301085908494218
MARK,GPSM2_394_406,1.301085908494218
PHK,GPSM2_394_406,1.301085908494218
PKCA,GPSM2_394_406,1.301085908494218
PKD,GPSM2_394_406,1.301085908494218
VRK2,GPSM2_394_406,1.301085908494218
BARK1,GSUB_61_73,0.2367735489333036
CDK,GSUB_61_73,0.2367735489333036
DAPK,GSUB_61_73,0.2367735489333036
DMPK,GSUB_61_73,0.2367735489333036
DYRK,GSUB_61_73,0.2367735489333036
ERK,GSUB_61_73,0.2367735489333036
PDK1,GSUB_61_73,0.2367735489333036
PHK,GSUB_61_73,0.2367735489333036
PKA,GSUB_61_73,0.2367735489333036
PKG,GSUB_61_73,0.2367735489333036
PLK,GSUB_61_73,0.2367735489333036
VRK2,GSUB_61_73,0.2367735489333036
AKT,GYS2_1_13,0.01511081502898235
BARK1,GYS2_1_13,0.01511081502898235
CDK,GYS2_1_13,0.01511081502898235
DMPK,GYS2_1_13,0.01511081502898235
IKK,GYS2_1_13,0.01511081502898235
MAPKAPK,GYS2_1_13,0.01511081502898235
MTOR,GYS2_1_13,0.01511081502898235
PEK,GYS2_1_13,0.01511081502898235
PHK,GYS2_1_13,0.01511081502898235
PKA,GYS2_1_13,0.01511081502898235
PKCA,GYS2_1_13,0.01511081502898235
QIK,GYS2_1_13,0.01511081502898235
RSK,GYS2_1_13,0.01511081502898235
SGK,GYS2_1_13,0.01511081502898235
VRK2,GYS2_1_13,0.01511081502898235
AKT,H2B1B_ 27_40,0.20543042339094136
AMPK,H2B1B_ 27_40,0.20543042339094136
BARK1,H2B1B_ 27_40,0.20543042339094136
CAMK1,H2B1B_ 27_40,0.20543042339094136
CDK,H2B1B_ 27_40,0.20543042339094136
COT,H2B1B_ 27_40,0.20543042339094136
DAPK,H2B1B_ 27_40,0.20543042339094136
DMPK,H2B1B_ 27_40,0.20543042339094136
IKK,H2B1B_ 27_40,0.20543042339094136
MLK,H2B1B_ 27_40,0.20543042339094136
MST,H2B1B_ 27_40,0.20543042339094136
PAKA,H2B1B_ 27_40,0.20543042339094136
PAKB,H2B1B_ 27_40,0.20543042339094136
PDHK,H2B1B_ 27_40,0.20543042339094136
PEK,H2B1B_ 27_40,0.20543042339094136
PHK,H2B1B_ 27_40,0.20543042339094136
PIM,H2B1B_ 27_40,0.20543042339094136
PKA,H2B1B_ 27_40,0.20543042339094136
PKCA,H2B1B_ 27_40,0.20543042339094136
PKCH,H2B1B_ 27_40,0.20543042339094136
PKD,H2B1B_ 27_40,0.20543042339094136
PKG,H2B1B_ 27_40,0.20543042339094136
PLK,H2B1B_ 27_40,0.20543042339094136
QIK,H2B1B_ 27_40,0.20543042339094136
RAD53,H2B1B_ 27_40,0.20543042339094136
RSK,H2B1B_ 27_40,0.20543042339094136
SGK,H2B1B_ 27_40,0.20543042339094136
VRK2,H2B1B_ 27_40,0.20543042339094136
AMPK,H32_3_18,0.07910936346869443
ATR,H32_3_18,0.07910936346869443
AUR,H32_3_18,0.07910936346869443
BARK1,H32_3_18,0.07910936346869443
DAPK,H32_3_18,0.07910936346869443
DMPK,H32_3_18,0.07910936346869443
DYRK,H32_3_18,0.07910936346869443
MLK,H32_3_18,0.07910936346869443
MST,H32_3_18,0.07910936346869443
MTOR,H32_3_18,0.07910936346869443
PHK,H32_3_18,0.07910936346869443
PIM,H32_3_18,0.07910936346869443
PKCA,H32_3_18,0.07910936346869443
PKCD,H32_3_18,0.07910936346869443
PRKDC,H32_3_18,0.07910936346869443
QIK,H32_3_18,0.07910936346869443
RAD53,H32_3_18,0.07910936346869443
RSK,H32_3_18,0.07910936346869443
STE7,H32_3_18,0.07910936346869443
VRK1,H32_3_18,0.07910936346869443
VRK2,H32_3_18,0.07910936346869443
BARK1,IF4E_203_215,0.0537237051705528
CDK,IF4E_203_215,0.0537237051705528
DMPK,IF4E_203_215,0.0537237051705528
ERK,IF4E_203_215,0.0537237051705528
GRK,IF4E_203_215,0.0537237051705528
IKK,IF4E_203_215,0.0537237051705528
LKB,IF4E_203_215,0.0537237051705528
MAPKAPK,IF4E_203_215,0.0537237051705528
MLK,IF4E_203_215,0.0537237051705528
P38,IF4E_203_215,0.0537237051705528
PEK,IF4E_203_215,0.0537237051705528
PKCA,IF4E_203_215,0.0537237051705528
QIK,IF4E_203_215,0.0537237051705528
RIPK,IF4E_203_215,0.0537237051705528
STKR,IF4E_203_215,0.0537237051705528
VRK1,IF4E_203_215,0.0537237051705528
VRK2,IF4E_203_215,0.0537237051705528
BARK1,KAP2_92_104,1.0582349049516715
CDK,KAP2_92_104,1.0582349049516715
CK2,KAP2_92_104,1.0582349049516715
DMPK,KAP2_92_104,1.0582349049516715
ERK,KAP2_92_104,1.0582349049516715
GSK,KAP2_92_104,1.0582349049516715
MAPKAPK,KAP2_92_104,1.0582349049516715
PDHK,KAP2_92_104,1.0582349049516715
PEK,KAP2_92_104,1.0582349049516715
PHK,KAP2_92_104,1.0582349049516715
PIM,KAP2_92_104,1.0582349049516715
PKA,KAP2_92_104,1.0582349049516715
PKCA,KAP2_92_104,1.0582349049516715
PKD,KAP2_92_104,1.0582349049516715
PKG,KAP2_92_104,1.0582349049516715
QIK,KAP2_92_104,1.0582349049516715
RIPK,KAP2_92_104,1.0582349049516715
RSK,KAP2_92_104,1.0582349049516715
VRK2,KAP2_92_104,1.0582349049516715
BARK1,KAPCG_192_206,0.0379678138091369
CAMK2,KAPCG_192_206,0.0379678138091369
CDK,KAPCG_192_206,0.0379678138091369
DMPK,KAPCG_192_206,0.0379678138091369
DYRK,KAPCG_192_206,0.0379678138091369
ERK,KAPCG_192_206,0.0379678138091369
GSK,KAPCG_192_206,0.0379678138091369
IKK,KAPCG_192_206,0.0379678138091369
IRAK,KAPCG_192_206,0.0379678138091369
LKB,KAPCG_192_206,0.0379678138091369
MELK,KAPCG_192_206,0.0379678138091369
MST,KAPCG_192_206,0.0379678138091369
MTOR,KAPCG_192_206,0.0379678138091369
PDHK,KAPCG_192_206,0.0379678138091369
PDK1,KAPCG_192_206,0.0379678138091369
PHK,KAPCG_192_206,0.0379678138091369
PIM,KAPCG_192_206,0.0379678138091369
PKCH,KAPCG_192_206,0.0379678138091369
VRK2,KAPCG_192_206,0.0379678138091369
BARK1,KCC2G_278_289,0.01479926336376606
CAMK2,KCC2G_278_289,0.01479926336376606
CDK,KCC2G_278_289,0.01479926336376606
CK1,KCC2G_278_289,0.01479926336376606
MAPKAPK,KCC2G_278_289,0.01479926336376606
MELK,KCC2G_278_289,0.01479926336376606
MLCK,KCC2G_278_289,0.01479926336376606
PEK,KCC2G_278_289,0.01479926336376606
PHK,KCC2G_278_289,0.01479926336376606
PIM,KCC2G_278_289,0.01479926336376606
PKCA,KCC2G_278_289,0.01479926336376606
PKCI,KCC2G_278_289,0.01479926336376606
PLK,KCC2G_278_289,0.01479926336376606
QIK,KCC2G_278_289,0.01479926336376606
RSK,KCC2G_278_289,0.01479926336376606
SGK,KCC2G_278_289,0.01479926336376606
VRK2,KCC2G_278_289,0.01479926336376606
AKT,KCNA1_438_450,1.1940474236077243
AMPK,KCNA1_438_450,1.1940474236077243
BARK1,KCNA1_438_450,1.1940474236077243
CAMK1,KCNA1_438_450,1.1940474236077243
CDK,KCNA1_438_450,1.1940474236077243
CK1,KCNA1_438_450,1.1940474236077243
DAPK,KCNA1_438_450,1.1940474236077243
DMPK,KCNA1_438_450,1.1940474236077243
ERK,KCNA1_438_450,1.1940474236077243
GRK,KCNA1_438_450,1.1940474236077243
IKK,KCNA1_438_450,1.1940474236077243
JNK,KCNA1_438_450,1.1940474236077243
MAPKAPK,KCNA1_438_450,1.1940474236077243
MELK,KCNA1_438_450,1.1940474236077243
NEK,KCNA1_438_450,1.1940474236077243
P38,KCNA1_438_450,1.1940474236077243
PDHK,KCNA1_438_450,1.1940474236077243
PEK,KCNA1_438_450,1.1940474236077243
PHK,KCNA1_438_450,1.1940474236077243
PKA,KCNA1_438_450,1.1940474236077243
PKCA,KCNA1_438_450,1.1940474236077243
PKD,KCNA1_438_450,1.1940474236077243
PLK,KCNA1_438_450,1.1940474236077243
QIK,KCNA1_438_450,1.1940474236077243
RAD53,KCNA1_438_450,1.1940474236077243
RIPK,KCNA1_438_450,1.1940474236077243
RSK,KCNA1_438_450,1.1940474236077243
SGK,KCNA1_438_450,1.1940474236077243
STE7,KCNA1_438_450,1.1940474236077243
STKR,KCNA1_438_450,1.1940474236077243
VRK2,KCNA1_438_450,1.1940474236077243
AKT,KCNA2_442_454,0.6509368404217231
AMPK,KCNA2_442_454,0.6509368404217231
BARK1,KCNA2_442_454,0.6509368404217231
CAMK1,KCNA2_442_454,0.6509368404217231
CAMK2,KCNA2_442_454,0.6509368404217231
CDK,KCNA2_442_454,0.6509368404217231
CHK1,KCNA2_442_454,0.6509368404217231
CK1,KCNA2_442_454,0.6509368404217231
DMPK,KCNA2_442_454,0.6509368404217231
IKK,KCNA2_442_454,0.6509368404217231
JNK,KCNA2_442_454,0.6509368404217231
MAPKAPK,KCNA2_442_454,0.6509368404217231
NEK,KCNA2_442_454,0.6509368404217231
P38,KCNA2_442_454,0.6509368404217231
PDHK,KCNA2_442_454,0.6509368404217231
PEK,KCNA2_442_454,0.6509368404217231
PHK,KCNA2_442_454,0.6509368404217231
PIM,KCNA2_442_454,0.6509368404217231
PKCA,KCNA2_442_454,0.6509368404217231
PKD,KCNA2_442_454,0.6509368404217231
QIK,KCNA2_442_454,0.6509368404217231
RAD53,KCNA2_442_454,0.6509368404217231
RIPK,KCNA2_442_454,0.6509368404217231
RSK,KCNA2_442_454,0.6509368404217231
SGK,KCNA2_442_454,0.6509368404217231
STKR,KCNA2_442_454,0.6509368404217231
VRK2,KCNA2_442_454,0.6509368404217231
AKT,KCNA3_461_473,0.25828812384677224
AMPK,KCNA3_461_473,0.25828812384677224
BARK1,KCNA3_461_473,0.25828812384677224
CAMK1,KCNA3_461_473,0.25828812384677224
CDK,KCNA3_461_473,0.25828812384677224
CHK1,KCNA3_461_473,0.25828812384677224
CK1,KCNA3_461_473,0.25828812384677224
DMPK,KCNA3_461_473,0.25828812384677224
IKK,KCNA3_461_473,0.25828812384677224
JNK,KCNA3_461_473,0.25828812384677224
KHS,KCNA3_461_473,0.25828812384677224
MAPKAPK,KCNA3_461_473,0.25828812384677224
MARK,KCNA3_461_473,0.25828812384677224
MST,KCNA3_461_473,0.25828812384677224
P38,KCNA3_461_473,0.25828812384677224
PAKA,KCNA3_461_473,0.25828812384677224
PDHK,KCNA3_461_473,0.25828812384677224
PDK1,KCNA3_461_473,0.25828812384677224
PEK,KCNA3_461_473,0.25828812384677224
PHK,KCNA3_461_473,0.25828812384677224
PKA,KCNA3_461_473,0.25828812384677224
PKCA,KCNA3_461_473,0.25828812384677224
PKD,KCNA3_461_473,0.25828812384677224
PKG,KCNA3_461_473,0.25828812384677224
PLK,KCNA3_461_473,0.25828812384677224
QIK,KCNA3_461_473,0.25828812384677224
RAD53,KCNA3_461_473,0.25828812384677224
RSK,KCNA3_461_473,0.25828812384677224
STE7,KCNA3_461_473,0.25828812384677224
VRK2,KCNA3_461_473,0.25828812384677224
AMPK,KCNB1_489_501,0.3557309416641929
BARK1,KCNB1_489_501,0.3557309416641929
CAMK1,KCNB1_489_501,0.3557309416641929
CAMK2,KCNB1_489_501,0.3557309416641929
CDK,KCNB1_489_501,0.3557309416641929
CHK1,KCNB1_489_501,0.3557309416641929
CK1,KCNB1_489_501,0.3557309416641929
CK2,KCNB1_489_501,0.3557309416641929
DAPK,KCNB1_489_501,0.3557309416641929
DMPK,KCNB1_489_501,0.3557309416641929
GRK,KCNB1_489_501,0.3557309416641929
IKK,KCNB1_489_501,0.3557309416641929
MAPKAPK,KCNB1_489_501,0.3557309416641929
MELK,KCNB1_489_501,0.3557309416641929
MLCK,KCNB1_489_501,0.3557309416641929
MLK,KCNB1_489_501,0.3557309416641929
MST,KCNB1_489_501,0.3557309416641929
NAK,KCNB1_489_501,0.3557309416641929
NEK,KCNB1_489_501,0.3557309416641929
PDHK,KCNB1_489_501,0.3557309416641929
PEK,KCNB1_489_501,0.3557309416641929
PHK,KCNB1_489_501,0.3557309416641929
PIM,KCNB1_489_501,0.3557309416641929
PKA,KCNB1_489_501,0.3557309416641929
PKCA,KCNB1_489_501,0.3557309416641929
PKCD,KCNB1_489_501,0.3557309416641929
PKD,KCNB1_489_501,0.3557309416641929
QIK,KCNB1_489_501,0.3557309416641929
RIPK,KCNB1_489_501,0.3557309416641929
RSK,KCNB1_489_501,0.3557309416641929
SGK,KCNB1_489_501,0.3557309416641929
STE7,KCNB1_489_501,0.3557309416641929
STKR,KCNB1_489_501,0.3557309416641929
VRK2,KCNB1_489_501,0.3557309416641929
BARK1,KIF2C_105_118_S106G,0.15689291966183855
CAMK2,KIF2C_105_118_S106G,0.15689291966183855
CDK,KIF2C_105_118_S106G,0.15689291966183855
DMPK,KIF2C_105_118_S106G,0.15689291966183855
FRAY,KIF2C_105_118_S106G,0.15689291966183855
IKK,KIF2C_105_118_S106G,0.15689291966183855
MELK,KIF2C_105_118_S106G,0.15689291966183855
NEK,KIF2C_105_118_S106G,0.15689291966183855
PAKA,KIF2C_105_118_S106G,0.15689291966183855
PDHK,KIF2C_105_118_S106G,0.15689291966183855
PEK,KIF2C_105_118_S106G,0.15689291966183855
PHK,KIF2C_105_118_S106G,0.15689291966183855
PKCA,KIF2C_105_118_S106G,0.15689291966183855
PKD,KIF2C_105_118_S106G,0.15689291966183855
QIK,KIF2C_105_118_S106G,0.15689291966183855
RIPK,KIF2C_105_118_S106G,0.15689291966183855
RSK,KIF2C_105_118_S106G,0.15689291966183855
VRK2,KIF2C_105_118_S106G,0.15689291966183855
BARK1,KPB1_1011_1023,1.4042932902186684
CDK,KPB1_1011_1023,1.4042932902186684
CK1,KPB1_1011_1023,1.4042932902186684
DMPK,KPB1_1011_1023,1.4042932902186684
IKK,KPB1_1011_1023,1.4042932902186684
P38,KPB1_1011_1023,1.4042932902186684
PAKA,KPB1_1011_1023,1.4042932902186684
PDHK,KPB1_1011_1023,1.4042932902186684
PEK,KPB1_1011_1023,1.4042932902186684
PHK,KPB1_1011_1023,1.4042932902186684
PIM,KPB1_1011_1023,1.4042932902186684
PKA,KPB1_1011_1023,1.4042932902186684
PKCA,KPB1_1011_1023,1.4042932902186684
PKD,KPB1_1011_1023,1.4042932902186684
RIPK,KPB1_1011_1023,1.4042932902186684
RSK,KPB1_1011_1023,1.4042932902186684
SGK,KPB1_1011_1023,1.4042932902186684
VRK2,KPB1_1011_1023,1.4042932902186684
BARK1,KS6A1_374_386,-0.00282013636730096
COT,KS6A1_374_386,-0.00282013636730096
FRAY,KS6A1_374_386,-0.00282013636730096
MAPKAPK,KS6A1_374_386,-0.00282013636730096
MSN,KS6A1_374_386,-0.00282013636730096
MTOR,KS6A1_374_386,-0.00282013636730096
PDHK,KS6A1_374_386,-0.00282013636730096
PDK1,KS6A1_374_386,-0.00282013636730096
PEK,KS6A1_374_386,-0.00282013636730096
PHK,KS6A1_374_386,-0.00282013636730096
PIM,KS6A1_374_386,-0.00282013636730096
PKCA,KS6A1_374_386,-0.00282013636730096
RAD53,KS6A1_374_386,-0.00282013636730096
RSK,KS6A1_374_386,-0.00282013636730096
STE7,KS6A1_374_386,-0.00282013636730096
VRK2,KS6A1_374_386,-0.00282013636730096
BARK1,LMNB1_16_28,0.00248757162366538
CDK,LMNB1_16_28,0.00248757162366538
DMPK,LMNB1_16_28,0.00248757162366538
DYRK,LMNB1_16_28,0.00248757162366538
ERK,LMNB1_16_28,0.00248757162366538
GSK,LMNB1_16_28,0.00248757162366538
IKK,LMNB1_16_28,0.00248757162366538
IRAK,LMNB1_16_28,0.00248757162366538
JNK,LMNB1_16_28,0.00248757162366538
MLK,LMNB1_16_28,0.00248757162366538
NMO,LMNB1_16_28,0.00248757162366538
P38,LMNB1_16_28,0.00248757162366538
PDK1,LMNB1_16_28,0.00248757162366538
PEK,LMNB1_16_28,0.00248757162366538
PIM,LMNB1_16_28,0.00248757162366538
PKCA,LMNB1_16_28,0.00248757162366538
PKG,LMNB1_16_28,0.00248757162366538
RSK,LMNB1_16_28,0.00248757162366538
STE7,LMNB1_16_28,0.00248757162366538
VRK2,LMNB1_16_28,0.00248757162366538
BARK1,MARCS_152_164,0.2720627674845121
CDK,MARCS_152_164,0.2720627674845121
DAPK,MARCS_152_164,0.2720627674845121
DMPK,MARCS_152_164,0.2720627674845121
ERK,MARCS_152_164,0.2720627674845121
JNK,MARCS_152_164,0.2720627674845121
P38,MARCS_152_164,0.2720627674845121
PAKA,MARCS_152_164,0.2720627674845121
PDHK,MARCS_152_164,0.2720627674845121
PDK1,MARCS_152_164,0.2720627674845121
PEK,MARCS_152_164,0.2720627674845121
PHK,MARCS_152_164,0.2720627674845121
PKA,MARCS_152_164,0.2720627674845121
PKCA,MARCS_152_164,0.2720627674845121
PKCH,MARCS_152_164,0.2720627674845121
PKCI,MARCS_152_164,0.2720627674845121
PKD,MARCS_152_164,0.2720627674845121
PKG,MARCS_152_164,0.2720627674845121
PKN,MARCS_152_164,0.2720627674845121
RAD53,MARCS_152_164,0.2720627674845121
VRK2,MARCS_152_164,0.2720627674845121
BARK1,MARCS_160_172,0.15225541865135145
CDK,MARCS_160_172,0.15225541865135145
DMPK,MARCS_160_172,0.15225541865135145
ERK,MARCS_160_172,0.15225541865135145
JNK,MARCS_160_172,0.15225541865135145
MLK,MARCS_160_172,0.15225541865135145
P38,MARCS_160_172,0.15225541865135145
PDHK,MARCS_160_172,0.15225541865135145
PDK1,MARCS_160_172,0.15225541865135145
PEK,MARCS_160_172,0.15225541865135145
PKCA,MARCS_160_172,0.15225541865135145
RAD53,MARCS_160_172,0.15225541865135145
RIPK,MARCS_160_172,0.15225541865135145
VRK2,MARCS_160_172,0.15225541865135145
BARK1,MBP_222_234,-0.13892952554455018
CDK,MBP_222_234,-0.13892952554455018
DYRK,MBP_222_234,-0.13892952554455018
ERK,MBP_222_234,-0.13892952554455018
GSK,MBP_222_234,-0.13892952554455018
JNK,MBP_222_234,-0.13892952554455018
MTOR,MBP_222_234,-0.13892952554455018
PDK1,MBP_222_234,-0.13892952554455018
PEK,MBP_222_234,-0.13892952554455018
VRK2,MBP_222_234,-0.13892952554455018
BARK1,MP2K1_287_299,-0.06025838662322099
CDK,MP2K1_287_299,-0.06025838662322099
DMPK,MP2K1_287_299,-0.06025838662322099
DYRK,MP2K1_287_299,-0.06025838662322099
ERK,MP2K1_287_299,-0.06025838662322099
JNK,MP2K1_287_299,-0.06025838662322099
MAPKAPK,MP2K1_287_299,-0.06025838662322099
P38,MP2K1_287_299,-0.06025838662322099
PAKA,MP2K1_287_299,-0.06025838662322099
PDHK,MP2K1_287_299,-0.06025838662322099
PDK1,MP2K1_287_299,-0.06025838662322099
PEK,MP2K1_287_299,-0.06025838662322099
PHK,MP2K1_287_299,-0.06025838662322099
PIM,MP2K1_287_299,-0.06025838662322099
PKCA,MP2K1_287_299,-0.06025838662322099
PKD,MP2K1_287_299,-0.06025838662322099
STE7,MP2K1_287_299,-0.06025838662322099
VRK2,MP2K1_287_299,-0.06025838662322099
ATR,MPIP1_172_184,-0.07804431804379805
BARK1,MPIP1_172_184,-0.07804431804379805
CHK1,MPIP1_172_184,-0.07804431804379805
DMPK,MPIP1_172_184,-0.07804431804379805
MAPKAPK,MPIP1_172_184,-0.07804431804379805
PHK,MPIP1_172_184,-0.07804431804379805
PIM,MPIP1_172_184,-0.07804431804379805
PKCA,MPIP1_172_184,-0.07804431804379805
PRKDC,MPIP1_172_184,-0.07804431804379805
QIK,MPIP1_172_184,-0.07804431804379805
RAD53,MPIP1_172_184,-0.07804431804379805
RAF,MPIP1_172_184,-0.07804431804379805
RSK,MPIP1_172_184,-0.07804431804379805
VRK2,MPIP1_172_184,-0.07804431804379805
BARK1,MPIP3_208_220,0.03586870935376322
BRSK,MPIP3_208_220,0.03586870935376322
CAMK1,MPIP3_208_220,0.03586870935376322
CDK,MPIP3_208_220,0.03586870935376322
CHK1,MPIP3_208_220,0.03586870935376322
DMPK,MPIP3_208_220,0.03586870935376322
DYRK,MPIP3_208_220,0.03586870935376322
ERK,MPIP3_208_220,0.03586870935376322
IKK,MPIP3_208_220,0.03586870935376322
JNK,MPIP3_208_220,0.03586870935376322
MAPKAPK,MPIP3_208_220,0.03586870935376322
MARK,MPIP3_208_220,0.03586870935376322
MELK,MPIP3_208_220,0.03586870935376322
P38,MPIP3_208_220,0.03586870935376322
PDK1,MPIP3_208_220,0.03586870935376322
PEK,MPIP3_208_220,0.03586870935376322
PHK,MPIP3_208_220,0.03586870935376322
PKCA,MPIP3_208_220,0.03586870935376322
QIK,MPIP3_208_220,0.03586870935376322
RAD53,MPIP3_208_220,0.03586870935376322
RIPK,MPIP3_208_220,0.03586870935376322
VRK2,MPIP3_208_220,0.03586870935376322
AKT,NCF1_321_333,1.052616204668772
BARK1,NCF1_321_333,1.052616204668772
DMPK,NCF1_321_333,1.052616204668772
IRAK,NCF1_321_333,1.052616204668772
PHK,NCF1_321_333,1.052616204668772
PKA,NCF1_321_333,1.052616204668772
PKCA,NCF1_321_333,1.052616204668772
PKCD,NCF1_321_333,1.052616204668772
QIK,NCF1_321_333,1.052616204668772
VRK2,NCF1_321_333,1.052616204668772
BARK1,NEK2_172_184,-0.00786155859650428
CAMK1,NEK2_172_184,-0.00786155859650428
CAMK2,NEK2_172_184,-0.00786155859650428
CDK,NEK2_172_184,-0.00786155859650428
DYRK,NEK2_172_184,-0.00786155859650428
ERK,NEK2_172_184,-0.00786155859650428
FRAY,NEK2_172_184,-0.00786155859650428
LKB,NEK2_172_184,-0.00786155859650428
MELK,NEK2_172_184,-0.00786155859650428
MST,NEK2_172_184,-0.00786155859650428
MTOR,NEK2_172_184,-0.00786155859650428
NEK,NEK2_172_184,-0.00786155859650428
P38,NEK2_172_184,-0.00786155859650428
PDHK,NEK2_172_184,-0.00786155859650428
PDK1,NEK2_172_184,-0.00786155859650428
PEK,NEK2_172_184,-0.00786155859650428
PKCA,NEK2_172_184,-0.00786155859650428
PKCH,NEK2_172_184,-0.00786155859650428
RSK,NEK2_172_184,-0.00786155859650428
STE11,NEK2_172_184,-0.00786155859650428
STE7,NEK2_172_184,-0.00786155859650428
VRK2,NEK2_172_184,-0.00786155859650428
BARK1,NEK3_158_170,0.2143697046101701
CAMK2,NEK3_158_170,0.2143697046101701
DYRK,NEK3_158_170,0.2143697046101701
ERK,NEK3_158_170,0.2143697046101701
LKB,NEK3_158_170,0.2143697046101701
MST,NEK3_158_170,0.2143697046101701
NEK,NEK3_158_170,0.2143697046101701
PDHK,NEK3_158_170,0.2143697046101701
PDK1,NEK3_158_170,0.2143697046101701
PEK,NEK3_158_170,0.2143697046101701
PKCH,NEK3_158_170,0.2143697046101701
STE11,NEK3_158_170,0.2143697046101701
STE7,NEK3_158_170,0.2143697046101701
VRK2,NEK3_158_170,0.2143697046101701
BARK1,NFKB1_330_342,1.2242073477415858
CDK,NFKB1_330_342,1.2242073477415858
DMPK,NFKB1_330_342,1.2242073477415858
IKK,NFKB1_330_342,1.2242073477415858
MAPKAPK,NFKB1_330_342,1.2242073477415858
PAKA,NFKB1_330_342,1.2242073477415858
PDHK,NFKB1_330_342,1.2242073477415858
PEK,NFKB1_330_342,1.2242073477415858
PIM,NFKB1_330_342,1.2242073477415858
PKA,NFKB1_330_342,1.2242073477415858
PKCA,NFKB1_330_342,1.2242073477415858
PKG,NFKB1_330_342,1.2242073477415858
PLK,NFKB1_330_342,1.2242073477415858
STE7,NFKB1_330_342,1.2242073477415858
VRK2,NFKB1_330_342,1.2242073477415858
BARK1,NMDZ1_890_902,0.7068309135317978
AKT,NMDZ1_890_902,0.7068309135317978
AMPK,NMDZ1_890_902,0.7068309135317978
AUR,NMDZ1_890_902,0.7068309135317978
CAMK1,NMDZ1_890_902,0.7068309135317978
CDK,NMDZ1_890_902,0.7068309135317978
CHK1,NMDZ1_890_902,0.7068309135317978
DAPK,NMDZ1_890_902,0.7068309135317978
DMPK,NMDZ1_890_902,0.7068309135317978
FRAY,NMDZ1_890_902,0.7068309135317978
GRK,NMDZ1_890_902,0.7068309135317978
IKK,NMDZ1_890_902,0.7068309135317978
MELK,NMDZ1_890_902,0.7068309135317978
MLK,NMDZ1_890_902,0.7068309135317978
MSN,NMDZ1_890_902,0.7068309135317978
MST,NMDZ1_890_902,0.7068309135317978
MTOR,NMDZ1_890_902,0.7068309135317978
PAKA,NMDZ1_890_902,0.7068309135317978
PDHK,NMDZ1_890_902,0.7068309135317978
PDK1,NMDZ1_890_902,0.7068309135317978
PEK,NMDZ1_890_902,0.7068309135317978
PHK,NMDZ1_890_902,0.7068309135317978
PIM,NMDZ1_890_902,0.7068309135317978
PKA,NMDZ1_890_902,0.7068309135317978
PKCA,NMDZ1_890_902,0.7068309135317978
PKCI,NMDZ1_890_902,0.7068309135317978
PKD,NMDZ1_890_902,0.7068309135317978
PKG,NMDZ1_890_902,0.7068309135317978
PLK,NMDZ1_890_902,0.7068309135317978
QIK,NMDZ1_890_902,0.7068309135317978
RAD53,NMDZ1_890_902,0.7068309135317978
RAF,NMDZ1_890_902,0.7068309135317978
RIPK,NMDZ1_890_902,0.7068309135317978
RSK,NMDZ1_890_902,0.7068309135317978
SGK,NMDZ1_890_902,0.7068309135317978
STE7,NMDZ1_890_902,0.7068309135317978
VRK2,NMDZ1_890_902,0.7068309135317978
AKT,NOS3_1171_1183,0.27317442593271696
AMPK,NOS3_1171_1183,0.27317442593271696
BARK1,NOS3_1171_1183,0.27317442593271696
CDK,NOS3_1171_1183,0.27317442593271696
CK1,NOS3_1171_1183,0.27317442593271696
DMPK,NOS3_1171_1183,0.27317442593271696
MELK,NOS3_1171_1183,0.27317442593271696
PDHK,NOS3_1171_1183,0.27317442593271696
PDK1,NOS3_1171_1183,0.27317442593271696
PEK,NOS3_1171_1183,0.27317442593271696
PHK,NOS3_1171_1183,0.27317442593271696
PIM,NOS3_1171_1183,0.27317442593271696
PKA,NOS3_1171_1183,0.27317442593271696
PKCA,NOS3_1171_1183,0.27317442593271696
PKG,NOS3_1171_1183,0.27317442593271696
QIK,NOS3_1171_1183,0.27317442593271696
RAD53,NOS3_1171_1183,0.27317442593271696
RIPK,NOS3_1171_1183,0.27317442593271696
RSK,NOS3_1171_1183,0.27317442593271696
SGK,NOS3_1171_1183,0.27317442593271696
VRK2,NOS3_1171_1183,0.27317442593271696
AKT,NR4A1_344_356,0.14236811326409732
BARK1,NR4A1_344_356,0.14236811326409732
CDK,NR4A1_344_356,0.14236811326409732
DMPK,NR4A1_344_356,0.14236811326409732
PHK,NR4A1_344_356,0.14236811326409732
PIM,NR4A1_344_356,0.14236811326409732
PKA,NR4A1_344_356,0.14236811326409732
PKCA,NR4A1_344_356,0.14236811326409732
RAF,NR4A1_344_356,0.14236811326409732
RSK,NR4A1_344_356,0.14236811326409732
VRK2,NR4A1_344_356,0.14236811326409732
AUR,P53_308_323,0.16778788612959636
BARK1,P53_308_323,0.16778788612959636
CAMK1,P53_308_323,0.16778788612959636
CDK,P53_308_323,0.16778788612959636
DYRK,P53_308_323,0.16778788612959636
ERK,P53_308_323,0.16778788612959636
IKK,P53_308_323,0.16778788612959636
JNK,P53_308_323,0.16778788612959636
P38,P53_308_323,0.16778788612959636
PKCA,P53_308_323,0.16778788612959636
PLK,P53_308_323,0.16778788612959636
QIK,P53_308_323,0.16778788612959636
STE7,P53_308_323,0.16778788612959636
VRK2,P53_308_323,0.16778788612959636
AUR,PLEK_106_118,0.03598282692349208
BARK1,PLEK_106_118,0.03598282692349208
CDK,PLEK_106_118,0.03598282692349208
CK1,PLEK_106_118,0.03598282692349208
DMPK,PLEK_106_118,0.03598282692349208
MST,PLEK_106_118,0.03598282692349208
PEK,PLEK_106_118,0.03598282692349208
PKCA,PLEK_106_118,0.03598282692349208
PKCD,PLEK_106_118,0.03598282692349208
PKCH,PLEK_106_118,0.03598282692349208
PLK,PLEK_106_118,0.03598282692349208
VRK2,PLEK_106_118,0.03598282692349208
BARK1,PLM_76_88,1.0951784927064894
CDK,PLM_76_88,1.0951784927064894
DMPK,PLM_76_88,1.0951784927064894
IKK,PLM_76_88,1.0951784927064894
PAKA,PLM_76_88,1.0951784927064894
PDHK,PLM_76_88,1.0951784927064894
PDK1,PLM_76_88,1.0951784927064894
PEK,PLM_76_88,1.0951784927064894
PIM,PLM_76_88,1.0951784927064894
PKA,PLM_76_88,1.0951784927064894
PKCA,PLM_76_88,1.0951784927064894
PKD,PLM_76_88,1.0951784927064894
PKG,PLM_76_88,1.0951784927064894
PLK,PLM_76_88,1.0951784927064894
RAD53,PLM_76_88,1.0951784927064894
RIPK,PLM_76_88,1.0951784927064894
RSK,PLM_76_88,1.0951784927064894
STE7,PLM_76_88,1.0951784927064894
VRK2,PLM_76_88,1.0951784927064894
EGFR,PP2AB_297_309,0.3752765749954842
CSK,PP2AB_297_309,0.3752765749954842
TEC,PP2AB_297_309,0.3752765749954842
PDGFR,PP2AB_297_309,0.3752765749954842
SYK,PP2AB_297_309,0.3752765749954842
AXL,PP2AB_297_309,0.3752765749954842
VEGFR,PP2AB_297_309,0.3752765749954842
BARK1,PP2AB_297_309,0.3752765749954842
BARK2,PP2AB_297_309,0.3752765749954842
CDK,PP2AB_297_309,0.3752765749954842
DYRK,PP2AB_297_309,0.3752765749954842
JNK,PP2AB_297_309,0.3752765749954842
VRK2,PP2AB_297_309,0.3752765749954842
AKT,PPR1A_28_40,0.1941447087180392
BARK1,PPR1A_28_40,0.1941447087180392
CDK,PPR1A_28_40,0.1941447087180392
DAPK,PPR1A_28_40,0.1941447087180392
DMPK,PPR1A_28_40,0.1941447087180392
DYRK,PPR1A_28_40,0.1941447087180392
GSK,PPR1A_28_40,0.1941447087180392
JNK,PPR1A_28_40,0.1941447087180392
P38,PPR1A_28_40,0.1941447087180392
PDK1,PPR1A_28_40,0.1941447087180392
PEK,PPR1A_28_40,0.1941447087180392
PHK,PPR1A_28_40,0.1941447087180392
PKA,PPR1A_28_40,0.1941447087180392
RSK,PPR1A_28_40,0.1941447087180392
VRK2,PPR1A_28_40,0.1941447087180392
ATR,PRKDC_2618_2630,0.18724168536174624
BARK1,PRKDC_2618_2630,0.18724168536174624
BARK2,PRKDC_2618_2630,0.18724168536174624
CK1,PRKDC_2618_2630,0.18724168536174624
DMPK,PRKDC_2618_2630,0.18724168536174624
IKK,PRKDC_2618_2630,0.18724168536174624
MELK,PRKDC_2618_2630,0.18724168536174624
MLK,PRKDC_2618_2630,0.18724168536174624
MTOR,PRKDC_2618_2630,0.18724168536174624
NEK,PRKDC_2618_2630,0.18724168536174624
P38,PRKDC_2618_2630,0.18724168536174624
PHK,PRKDC_2618_2630,0.18724168536174624
PIM,PRKDC_2618_2630,0.18724168536174624
PKA,PRKDC_2618_2630,0.18724168536174624
PKCA,PRKDC_2618_2630,0.18724168536174624
PKG,PRKDC_2618_2630,0.18724168536174624
PRKDC,PRKDC_2618_2630,0.18724168536174624
PLK,PRKDC_2618_2630,0.18724168536174624
QIK,PRKDC_2618_2630,0.18724168536174624
SGK,PRKDC_2618_2630,0.18724168536174624
STE7,PRKDC_2618_2630,0.18724168536174624
VRK2,PRKDC_2618_2630,0.18724168536174624
AKT,PTK6_436_448,0.9336130690373536
BARK1,PTK6_436_448,0.9336130690373536
CAMK1,PTK6_436_448,0.9336130690373536
CDK,PTK6_436_448,0.9336130690373536
CK1,PTK6_436_448,0.9336130690373536
DMPK,PTK6_436_448,0.9336130690373536
MAPKAPK,PTK6_436_448,0.9336130690373536
MELK,PTK6_436_448,0.9336130690373536
P38,PTK6_436_448,0.9336130690373536
PAKA,PTK6_436_448,0.9336130690373536
PDHK,PTK6_436_448,0.9336130690373536
PDK1,PTK6_436_448,0.9336130690373536
PEK,PTK6_436_448,0.9336130690373536
PHK,PTK6_436_448,0.9336130690373536
PIM,PTK6_436_448,0.9336130690373536
PKA,PTK6_436_448,0.9336130690373536
PKCA,PTK6_436_448,0.9336130690373536
PKCD,PTK6_436_448,0.9336130690373536
PKCI,PTK6_436_448,0.9336130690373536
PKD,PTK6_436_448,0.9336130690373536
PKG,PTK6_436_448,0.9336130690373536
QIK,PTK6_436_448,0.9336130690373536
RAD53,PTK6_436_448,0.9336130690373536
RSK,PTK6_436_448,0.9336130690373536
STE7,PTK6_436_448,0.9336130690373536
VRK2,PTK6_436_448,0.9336130690373536
BARK1,PTN12_32_44,0.8586777603849539
CDK,PTN12_32_44,0.8586777603849539
DMPK,PTN12_32_44,0.8586777603849539
FRAY,PTN12_32_44,0.8586777603849539
MAPKAPK,PTN12_32_44,0.8586777603849539
MLK,PTN12_32_44,0.8586777603849539
PAKA,PTN12_32_44,0.8586777603849539
PDHK,PTN12_32_44,0.8586777603849539
PEK,PTN12_32_44,0.8586777603849539
PHK,PTN12_32_44,0.8586777603849539
PIM,PTN12_32_44,0.8586777603849539
PKA,PTN12_32_44,0.8586777603849539
PKCA,PTN12_32_44,0.8586777603849539
PKCD,PTN12_32_44,0.8586777603849539
PKD,PTN12_32_44,0.8586777603849539
PKG,PTN12_32_44,0.8586777603849539
QIK,PTN12_32_44,0.8586777603849539
RAD53,PTN12_32_44,0.8586777603849539
RSK,PTN12_32_44,0.8586777603849539
VRK2,PTN12_32_44,0.8586777603849539
BARK1,RADI_559_569,0.30172786858497097
COT,RADI_559_569,0.30172786858497097
DMPK,RADI_559_569,0.30172786858497097
MSN,RADI_559_569,0.30172786858497097
MST,RADI_559_569,0.30172786858497097
PHK,RADI_559_569,0.30172786858497097
PIM,RADI_559_569,0.30172786858497097
PKCA,RADI_559_569,0.30172786858497097
SLK,RADI_559_569,0.30172786858497097
VRK2,RADI_559_569,0.30172786858497097
AKT,RAF1_253_265,0.1134420957970447
AMPK,RAF1_253_265,0.1134420957970447
BARK1,RAF1_253_265,0.1134420957970447
CAMK1,RAF1_253_265,0.1134420957970447
CDK,RAF1_253_265,0.1134420957970447
DAPK,RAF1_253_265,0.1134420957970447
DMPK,RAF1_253_265,0.1134420957970447
DYRK,RAF1_253_265,0.1134420957970447
ERK,RAF1_253_265,0.1134420957970447
JNK,RAF1_253_265,0.1134420957970447
MAPKAPK,RAF1_253_265,0.1134420957970447
MARK,RAF1_253_265,0.1134420957970447
NDR,RAF1_253_265,0.1134420957970447
P38,RAF1_253_265,0.1134420957970447
PAKA,RAF1_253_265,0.1134420957970447
PDK1,RAF1_253_265,0.1134420957970447
PHK,RAF1_253_265,0.1134420957970447
PKA,RAF1_253_265,0.1134420957970447
PKCA,RAF1_253_265,0.1134420957970447
QIK,RAF1_253_265,0.1134420957970447
RAF,RAF1_253_265,0.1134420957970447
RIPK,RAF1_253_265,0.1134420957970447
RSK,RAF1_253_265,0.1134420957970447
SGK,RAF1_253_265,0.1134420957970447
VRK2,RAF1_253_265,0.1134420957970447
AKT,RAP1B_172_184,0.3089177142474936
AMPK,RAP1B_172_184,0.3089177142474936
BARK1,RAP1B_172_184,0.3089177142474936
CDK,RAP1B_172_184,0.3089177142474936
DMPK,RAP1B_172_184,0.3089177142474936
IKK,RAP1B_172_184,0.3089177142474936
MAPKAPK,RAP1B_172_184,0.3089177142474936
PDHK,RAP1B_172_184,0.3089177142474936
PEK,RAP1B_172_184,0.3089177142474936
PHK,RAP1B_172_184,0.3089177142474936
PIM,RAP1B_172_184,0.3089177142474936
PKA,RAP1B_172_184,0.3089177142474936
PKCA,RAP1B_172_184,0.3089177142474936
PKG,RAP1B_172_184,0.3089177142474936
QIK,RAP1B_172_184,0.3089177142474936
RAD53,RAP1B_172_184,0.3089177142474936
RSK,RAP1B_172_184,0.3089177142474936
VRK2,RAP1B_172_184,0.3089177142474936
BARK1,RBL2_655_667,-0.09161323893796898
CDK,RBL2_655_667,-0.09161323893796898
CK1,RBL2_655_667,-0.09161323893796898
DMPK,RBL2_655_667,-0.09161323893796898
DYRK,RBL2_655_667,-0.09161323893796898
ERK,RBL2_655_667,-0.09161323893796898
FRAY,RBL2_655_667,-0.09161323893796898
GSK,RBL2_655_667,-0.09161323893796898
IKK,RBL2_655_667,-0.09161323893796898
JNK,RBL2_655_667,-0.09161323893796898
MAPKAPK,RBL2_655_667,-0.09161323893796898
MELK,RBL2_655_667,-0.09161323893796898
MTOR,RBL2_655_667,-0.09161323893796898
NEK,RBL2_655_667,-0.09161323893796898
P38,RBL2_655_667,-0.09161323893796898
PDK1,RBL2_655_667,-0.09161323893796898
PEK,RBL2_655_667,-0.09161323893796898
PHK,RBL2_655_667,-0.09161323893796898
PIM,RBL2_655_667,-0.09161323893796898
PKCA,RBL2_655_667,-0.09161323893796898
PKD,RBL2_655_667,-0.09161323893796898
PLK,RBL2_655_667,-0.09161323893796898
QIK,RBL2_655_667,-0.09161323893796898
RAD53,RBL2_655_667,-0.09161323893796898
RAF,RBL2_655_667,-0.09161323893796898
RIPK,RBL2_655_667,-0.09161323893796898
STE7,RBL2_655_667,-0.09161323893796898
VRK2,RBL2_655_667,-0.09161323893796898
BARK1,RB_242_254,0.03586805103788336
CDK,RB_242_254,0.03586805103788336
DYRK,RB_242_254,0.03586805103788336
ERK,RB_242_254,0.03586805103788336
IRAK,RB_242_254,0.03586805103788336
P38,RB_242_254,0.03586805103788336
PDK1,RB_242_254,0.03586805103788336
PEK,RB_242_254,0.03586805103788336
PKCA,RB_242_254,0.03586805103788336
PLK,RB_242_254,0.03586805103788336
VRK2,RB_242_254,0.03586805103788336
ATR,RB_350_362,0.22855645646566192
BARK1,RB_350_362,0.22855645646566192
CDK,RB_350_362,0.22855645646566192
DMPK,RB_350_362,0.22855645646566192
DYRK,RB_350_362,0.22855645646566192
PDHK,RB_350_362,0.22855645646566192
PDK1,RB_350_362,0.22855645646566192
PEK,RB_350_362,0.22855645646566192
PHK,RB_350_362,0.22855645646566192
PIM,RB_350_362,0.22855645646566192
PKCA,RB_350_362,0.22855645646566192
PRKDC,RB_350_362,0.22855645646566192
QIK,RB_350_362,0.22855645646566192
RSK,RB_350_362,0.22855645646566192
VRK2,RB_350_362,0.22855645646566192
AUR,RB_774_786,0.2083012930696307
BARK1,RB_774_786,0.2083012930696307
CDK,RB_774_786,0.2083012930696307
DMPK,RB_774_786,0.2083012930696307
DYRK,RB_774_786,0.2083012930696307
ERK,RB_774_786,0.2083012930696307
GSK,RB_774_786,0.2083012930696307
JNK,RB_774_786,0.2083012930696307
MLK,RB_774_786,0.2083012930696307
P38,RB_774_786,0.2083012930696307
PHK,RB_774_786,0.2083012930696307
PKA,RB_774_786,0.2083012930696307
PKCA,RB_774_786,0.2083012930696307
PLK,RB_774_786,0.2083012930696307
QIK,RB_774_786,0.2083012930696307
RAF,RB_774_786,0.2083012930696307
VRK2,RB_774_786,0.2083012930696307
BARK1,RB_803_815,-0.0616467555047396
CDK,RB_803_815,-0.0616467555047396
CK1,RB_803_815,-0.0616467555047396
DYRK,RB_803_815,-0.0616467555047396
ERK,RB_803_815,-0.0616467555047396
JNK,RB_803_815,-0.0616467555047396
QIK,RB_803_815,-0.0616467555047396
VRK2,RB_803_815,-0.0616467555047396
BARK1,REL_260_272,1.2713173623756957
CDK,REL_260_272,1.2713173623756957
CK1,REL_260_272,1.2713173623756957
DMPK,REL_260_272,1.2713173623756957
MAPKAPK,REL_260_272,1.2713173623756957
MARK,REL_260_272,1.2713173623756957
PAKA,REL_260_272,1.2713173623756957
PEK,REL_260_272,1.2713173623756957
PIM,REL_260_272,1.2713173623756957
PKCA,REL_260_272,1.2713173623756957
PKD,REL_260_272,1.2713173623756957
PKG,REL_260_272,1.2713173623756957
PLK,REL_260_272,1.2713173623756957
RSK,REL_260_272,1.2713173623756957
STE7,REL_260_272,1.2713173623756957
VRK2,REL_260_272,1.2713173623756957
AKT,RS6_228_240,1.0172062823714587
BARK1,RS6_228_240,1.0172062823714587
CAMK1,RS6_228_240,1.0172062823714587
CDK,RS6_228_240,1.0172062823714587
DAPK,RS6_228_240,1.0172062823714587
DMPK,RS6_228_240,1.0172062823714587
IKK,RS6_228_240,1.0172062823714587
MAPKAPK,RS6_228_240,1.0172062823714587
MELK,RS6_228_240,1.0172062823714587
PAKA,RS6_228_240,1.0172062823714587
PASK,RS6_228_240,1.0172062823714587
PDHK,RS6_228_240,1.0172062823714587
PEK,RS6_228_240,1.0172062823714587
PHK,RS6_228_240,1.0172062823714587
PIM,RS6_228_240,1.0172062823714587
PKA,RS6_228_240,1.0172062823714587
PKCA,RS6_228_240,1.0172062823714587
PKCD,RS6_228_240,1.0172062823714587
PKCI,RS6_228_240,1.0172062823714587
PKD,RS6_228_240,1.0172062823714587
PKG,RS6_228_240,1.0172062823714587
QIK,RS6_228_240,1.0172062823714587
RIPK,RS6_228_240,1.0172062823714587
RSK,RS6_228_240,1.0172062823714587
SGK,RS6_228_240,1.0172062823714587
VRK2,RS6_228_240,1.0172062823714587
BARK1,RYR1_4317_4329,0.4666508714598905
DMPK,RYR1_4317_4329,0.4666508714598905
PHK,RYR1_4317_4329,0.4666508714598905
PIM,RYR1_4317_4329,0.4666508714598905
PKA,RYR1_4317_4329,0.4666508714598905
PKCA,RYR1_4317_4329,0.4666508714598905
PKCH,RYR1_4317_4329,0.4666508714598905
PKG,RYR1_4317_4329,0.4666508714598905
RSK,RYR1_4317_4329,0.4666508714598905
VRK2,RYR1_4317_4329,0.4666508714598905
BARK1,SCN7A_898_910,1.2631472379619406
DMPK,SCN7A_898_910,1.2631472379619406
HAL,SCN7A_898_910,1.2631472379619406
IKK,SCN7A_898_910,1.2631472379619406
PHK,SCN7A_898_910,1.2631472379619406
PKA,SCN7A_898_910,1.2631472379619406
PKCA,SCN7A_898_910,1.2631472379619406
PKG,SCN7A_898_910,1.2631472379619406
RIPK,SCN7A_898_910,1.2631472379619406
RSK,SCN7A_898_910,1.2631472379619406
VRK2,SCN7A_898_910,1.2631472379619406
AUR,STK6_283_295,0.8296557385760561
BARK1,STK6_283_295,0.8296557385760561
CAMK1,STK6_283_295,0.8296557385760561
CAMK2,STK6_283_295,0.8296557385760561
CDK,STK6_283_295,0.8296557385760561
DMPK,STK6_283_295,0.8296557385760561
FRAY,STK6_283_295,0.8296557385760561
IKK,STK6_283_295,0.8296557385760561
IRAK,STK6_283_295,0.8296557385760561
LKB,STK6_283_295,0.8296557385760561
MELK,STK6_283_295,0.8296557385760561
MLK,STK6_283_295,0.8296557385760561
MTOR,STK6_283_295,0.8296557385760561
NDR,STK6_283_295,0.8296557385760561
NEK,STK6_283_295,0.8296557385760561
PAKA,STK6_283_295,0.8296557385760561
PDHK,STK6_283_295,0.8296557385760561
PDK1,STK6_283_295,0.8296557385760561
PEK,STK6_283_295,0.8296557385760561
PHK,STK6_283_295,0.8296557385760561
PKA,STK6_283_295,0.8296557385760561
PKCA,STK6_283_295,0.8296557385760561
PKCD,STK6_283_295,0.8296557385760561
PLK,STK6_283_295,0.8296557385760561
PRKDC,STK6_283_295,0.8296557385760561
QIK,STK6_283_295,0.8296557385760561
RAD53,STK6_283_295,0.8296557385760561
RSK,STK6_283_295,0.8296557385760561
STE7,STK6_283_295,0.8296557385760561
VRK2,STK6_283_295,0.8296557385760561
AKT,TAU_524_536,-0.00757761686263158
BARK1,TAU_524_536,-0.00757761686263158
CAMK1,TAU_524_536,-0.00757761686263158
CDK,TAU_524_536,-0.00757761686263158
DMPK,TAU_524_536,-0.00757761686263158
DYRK,TAU_524_536,-0.00757761686263158
ERK,TAU_524_536,-0.00757761686263158
GRK,TAU_524_536,-0.00757761686263158
GSK,TAU_524_536,-0.00757761686263158
IKK,TAU_524_536,-0.00757761686263158
JNK,TAU_524_536,-0.00757761686263158
MAPKAPK,TAU_524_536,-0.00757761686263158
MELK,TAU_524_536,-0.00757761686263158
MTOR,TAU_524_536,-0.00757761686263158
P38,TAU_524_536,-0.00757761686263158
PDK1,TAU_524_536,-0.00757761686263158
PEK,TAU_524_536,-0.00757761686263158
PHK,TAU_524_536,-0.00757761686263158
PIM,TAU_524_536,-0.00757761686263158
PKA,TAU_524_536,-0.00757761686263158
PKCA,TAU_524_536,-0.00757761686263158
PKD,TAU_524_536,-0.00757761686263158
PLK,TAU_524_536,-0.00757761686263158
QIK,TAU_524_536,-0.00757761686263158
RAF,TAU_524_536,-0.00757761686263158
RIPK,TAU_524_536,-0.00757761686263158
RSK,TAU_524_536,-0.00757761686263158
SGK,TAU_524_536,-0.00757761686263158
STE11,TAU_524_536,-0.00757761686263158
VRK2,TAU_524_536,-0.00757761686263158
BARK1,TY3H_65_77,1.2291984295291776
CAMK2,TY3H_65_77,1.2291984295291776
MAPKAPK,TY3H_65_77,1.2291984295291776
PHK,TY3H_65_77,1.2291984295291776
PIM,TY3H_65_77,1.2291984295291776
PKA,TY3H_65_77,1.2291984295291776
PKCA,TY3H_65_77,1.2291984295291776
PKG,TY3H_65_77,1.2291984295291776
QIK,TY3H_65_77,1.2291984295291776
RIPK,TY3H_65_77,1.2291984295291776
RSK,TY3H_65_77,1.2291984295291776
VRK2,TY3H_65_77,1.2291984295291776
BARK1,VASP_150_162,1.2554856313271874
DMPK,VASP_150_162,1.2554856313271874
PHK,VASP_150_162,1.2554856313271874
PIM,VASP_150_162,1.2554856313271874
PKA,VASP_150_162,1.2554856313271874
PKCA,VASP_150_162,1.2554856313271874
PKD,VASP_150_162,1.2554856313271874
PKG,VASP_150_162,1.2554856313271874
RIPK,VASP_150_162,1.2554856313271874
RSK,VASP_150_162,1.2554856313271874
VRK2,VASP_150_162,1.2554856313271874
BARK1,VASP_232_244,-0.10184772087507751
CDK,VASP_232_244,-0.10184772087507751
DMPK,VASP_232_244,-0.10184772087507751
IKK,VASP_232_244,-0.10184772087507751
MAPKAPK,VASP_232_244,-0.10184772087507751
PHK,VASP_232_244,-0.10184772087507751
PIM,VASP_232_244,-0.10184772087507751
PKA,VASP_232_244,-0.10184772087507751
PKCA,VASP_232_244,-0.10184772087507751
PKCH,VASP_232_244,-0.10184772087507751
PKD,VASP_232_244,-0.10184772087507751
PKG,VASP_232_244,-0.10184772087507751
RIPK,VASP_232_244,-0.10184772087507751
RSK,VASP_232_244,-0.10184772087507751
VRK2,VASP_232_244,-0.10184772087507751
AKT,VASP_271_283,0.6071820599028234
ATR,VASP_271_283,0.6071820599028234
AMPK,VASP_271_283,0.6071820599028234
BARK1,VASP_271_283,0.6071820599028234
DMPK,VASP_271_283,0.6071820599028234
IKK,VASP_271_283,0.6071820599028234
PAKA,VASP_271_283,0.6071820599028234
PHK,VASP_271_283,0.6071820599028234
PIM,VASP_271_283,0.6071820599028234
PKA,VASP_271_283,0.6071820599028234
PKG,VASP_271_283,0.6071820599028234
RIPK,VASP_271_283,0.6071820599028234
RSK,VASP_271_283,0.6071820599028234
VRK2,VASP_271_283,0.6071820599028234
BARK1,ACM1_444_456,0.05539178789961539
CDK,ACM1_444_456,0.05539178789961539
CK1,ACM1_444_456,0.05539178789961539
DAPK,ACM1_444_456,0.05539178789961539
DMPK,ACM1_444_456,0.05539178789961539
DYRK,ACM1_444_456,0.05539178789961539
ERK,ACM1_444_456,0.05539178789961539
GSK,ACM1_444_456,0.05539178789961539
IRAK,ACM1_444_456,0.05539178789961539
JNK,ACM1_444_456,0.05539178789961539
MLCK,ACM1_444_456,0.05539178789961539
P38,ACM1_444_456,0.05539178789961539
PDK1,ACM1_444_456,0.05539178789961539
PEK,ACM1_444_456,0.05539178789961539
PHK,ACM1_444_456,0.05539178789961539
PIM,ACM1_444_456,0.05539178789961539
PKCA,ACM1_444_456,0.05539178789961539
RSK,ACM1_444_456,0.05539178789961539
VRK2,ACM1_444_456,0.05539178789961539
BARK1,ACM4_456_468,0.1030295164035584
FRAY,ACM4_456_468,0.1030295164035584
MELK,ACM4_456_468,0.1030295164035584
PDHK,ACM4_456_468,0.1030295164035584
PDK1,ACM4_456_468,0.1030295164035584
PIM,ACM4_456_468,0.1030295164035584
PKCA,ACM4_456_468,0.1030295164035584
PKCH,ACM4_456_468,0.1030295164035584
VRK2,ACM4_456_468,0.1030295164035584
BARK1,ADDB_696_708,-0.03804408063245969
CDK,ADDB_696_708,-0.03804408063245969
CK1,ADDB_696_708,-0.03804408063245969
DMPK,ADDB_696_708,-0.03804408063245969
DYRK,ADDB_696_708,-0.03804408063245969
ERK,ADDB_696_708,-0.03804408063245969
GSK,ADDB_696_708,-0.03804408063245969
IKK,ADDB_696_708,-0.03804408063245969
JNK,ADDB_696_708,-0.03804408063245969
MELK,ADDB_696_708,-0.03804408063245969
MST,ADDB_696_708,-0.03804408063245969
NEK,ADDB_696_708,-0.03804408063245969
P38,ADDB_696_708,-0.03804408063245969
PDK1,ADDB_696_708,-0.03804408063245969
PEK,ADDB_696_708,-0.03804408063245969
PKCA,ADDB_696_708,-0.03804408063245969
PKCH,ADDB_696_708,-0.03804408063245969
PLK,ADDB_696_708,-0.03804408063245969
QIK,ADDB_696_708,-0.03804408063245969
RIPK,ADDB_696_708,-0.03804408063245969
STE7,ADDB_696_708,-0.03804408063245969
VRK1,ADDB_696_708,-0.03804408063245969
VRK2,ADDB_696_708,-0.03804408063245969
BARK1,ADDB_706_718,0.232066440615142
CDK,ADDB_706_718,0.232066440615142
CHK1,ADDB_706_718,0.232066440615142
DMPK,ADDB_706_718,0.232066440615142
DYRK,ADDB_706_718,0.232066440615142
ERK,ADDB_706_718,0.232066440615142
JNK,ADDB_706_718,0.232066440615142
MAPKAPK,ADDB_706_718,0.232066440615142
MST,ADDB_706_718,0.232066440615142
NEK,ADDB_706_718,0.232066440615142
P38,ADDB_706_718,0.232066440615142
PAKA,ADDB_706_718,0.232066440615142
PDHK,ADDB_706_718,0.232066440615142
PDK1,ADDB_706_718,0.232066440615142
PEK,ADDB_706_718,0.232066440615142
PHK,ADDB_706_718,0.232066440615142
PIM,ADDB_706_718,0.232066440615142
PKCA,ADDB_706_718,0.232066440615142
PLK,ADDB_706_718,0.232066440615142
RAD53,ADDB_706_718,0.232066440615142
RSK,ADDB_706_718,0.232066440615142
VRK2,ADDB_706_718,0.232066440615142
AKT,ADRB2_338_350,1.0923214637851526
BARK1,ADRB2_338_350,1.0923214637851526
CAMK1,ADRB2_338_350,1.0923214637851526
CDK,ADRB2_338_350,1.0923214637851526
CHK1,ADRB2_338_350,1.0923214637851526
DMPK,ADRB2_338_350,1.0923214637851526
GRK,ADRB2_338_350,1.0923214637851526
PAKA,ADRB2_338_350,1.0923214637851526
PKA,ADRB2_338_350,1.0923214637851526
PKCA,ADRB2_338_350,1.0923214637851526
PKCI,ADRB2_338_350,1.0923214637851526
PKG,ADRB2_338_350,1.0923214637851526
RAD53,ADRB2_338_350,1.0923214637851526
RSK,ADRB2_338_350,1.0923214637851526
VRK2,ADRB2_338_350,1.0923214637851526
AKT,ANDR_785_797,0.2721383689503594
ATR,ANDR_785_797,0.2721383689503594
BARK1,ANDR_785_797,0.2721383689503594
DMPK,ANDR_785_797,0.2721383689503594
PHK,ANDR_785_797,0.2721383689503594
PIM,ANDR_785_797,0.2721383689503594
PKA,ANDR_785_797,0.2721383689503594
PKD,ANDR_785_797,0.2721383689503594
RAF,ANDR_785_797,0.2721383689503594
RSK,ANDR_785_797,0.2721383689503594
VRK2,ANDR_785_797,0.2721383689503594
AKT,ANXA1_209_221,0.5285831632070664
BARK1,ANXA1_209_221,0.5285831632070664
DMPK,ANXA1_209_221,0.5285831632070664
PHK,ANXA1_209_221,0.5285831632070664
PKA,ANXA1_209_221,0.5285831632070664
PKCA,ANXA1_209_221,0.5285831632070664
PKG,ANXA1_209_221,0.5285831632070664
RSK,ANXA1_209_221,0.5285831632070664
VRK2,ANXA1_209_221,0.5285831632070664
AMPK,BAD_112_124,1.128370797329561
BARK1,BAD_112_124,1.128370797329561
CK1,BAD_112_124,1.128370797329561
DMPK,BAD_112_124,1.128370797329561
FRAY,BAD_112_124,1.128370797329561
IRAK,BAD_112_124,1.128370797329561
NEK,BAD_112_124,1.128370797329561
PAKA,BAD_112_124,1.128370797329561
PDHK,BAD_112_124,1.128370797329561
PEK,BAD_112_124,1.128370797329561
PHK,BAD_112_124,1.128370797329561
PIM,BAD_112_124,1.128370797329561
PKA,BAD_112_124,1.128370797329561
PKCA,BAD_112_124,1.128370797329561
PKCI,BAD_112_124,1.128370797329561
PKD,BAD_112_124,1.128370797329561
PKG,BAD_112_124,1.128370797329561
QIK,BAD_112_124,1.128370797329561
RAF,BAD_112_124,1.128370797329561
RSK,BAD_112_124,1.128370797329561
STE7,BAD_112_124,1.128370797329561
VRK2,BAD_112_124,1.128370797329561
AKT,BAD_69_81,0.4267624414484275
BARK1,BAD_69_81,0.4267624414484275
CDK,BAD_69_81,0.4267624414484275
DMPK,BAD_69_81,0.4267624414484275
ERK,BAD_69_81,0.4267624414484275
MELK,BAD_69_81,0.4267624414484275
MTOR,BAD_69_81,0.4267624414484275
PAKA,BAD_69_81,0.4267624414484275
PAKB,BAD_69_81,0.4267624414484275
PDHK,BAD_69_81,0.4267624414484275
PDK1,BAD_69_81,0.4267624414484275
PEK,BAD_69_81,0.4267624414484275
PHK,BAD_69_81,0.4267624414484275
PIM,BAD_69_81,0.4267624414484275
PKA,BAD_69_81,0.4267624414484275
PKCA,BAD_69_81,0.4267624414484275
PKCI,BAD_69_81,0.4267624414484275
PKD,BAD_69_81,0.4267624414484275
PKG,BAD_69_81,0.4267624414484275
QIK,BAD_69_81,0.4267624414484275
RAD53,BAD_69_81,0.4267624414484275
RAF,BAD_69_81,0.4267624414484275
RSK,BAD_69_81,0.4267624414484275
SGK,BAD_69_81,0.4267624414484275
VRK2,BAD_69_81,0.4267624414484275
AKT,BAD_93_105,0.20362997691800128
BARK1,BAD_93_105,0.20362997691800128
DMPK,BAD_93_105,0.20362997691800128
MAPKAPK,BAD_93_105,0.20362997691800128
PAKA,BAD_93_105,0.20362997691800128
PHK,BAD_93_105,0.20362997691800128
PIM,BAD_93_105,0.20362997691800128
PKA,BAD_93_105,0.20362997691800128
PKCA,BAD_93_105,0.20362997691800128
PKCI,BAD_93_105,0.20362997691800128
PKD,BAD_93_105,0.20362997691800128
PKG,BAD_93_105,0.20362997691800128
QIK,BAD_93_105,0.20362997691800128
RAF,BAD_93_105,0.20362997691800128
RSK,BAD_93_105,0.20362997691800128
SGK,BAD_93_105,0.20362997691800128
VRK2,BAD_93_105,0.20362997691800128
AKT,BCKD_45_57,0.11120564780761466
BARK1,BCKD_45_57,0.11120564780761466
CDK,BCKD_45_57,0.11120564780761466
DMPK,BCKD_45_57,0.11120564780761466
FRAY,BCKD_45_57,0.11120564780761466
GRK,BCKD_45_57,0.11120564780761466
IKK,BCKD_45_57,0.11120564780761466
MAPKAPK,BCKD_45_57,0.11120564780761466
MELK,BCKD_45_57,0.11120564780761466
MLCK,BCKD_45_57,0.11120564780761466
MST,BCKD_45_57,0.11120564780761466
PAKA,BCKD_45_57,0.11120564780761466
PDHK,BCKD_45_57,0.11120564780761466
PDK1,BCKD_45_57,0.11120564780761466
PEK,BCKD_45_57,0.11120564780761466
PHK,BCKD_45_57,0.11120564780761466
PIM,BCKD_45_57,0.11120564780761466
PKA,BCKD_45_57,0.11120564780761466
PKCA,BCKD_45_57,0.11120564780761466
PKG,BCKD_45_57,0.11120564780761466
PLK,BCKD_45_57,0.11120564780761466
QIK,BCKD_45_57,0.11120564780761466
RSK,BCKD_45_57,0.11120564780761466
SGK,BCKD_45_57,0.11120564780761466
STE7,BCKD_45_57,0.11120564780761466
VRK2,BCKD_45_57,0.11120564780761466
BARK1,C1R_201_213,-0.0882339378711093
CDK,C1R_201_213,-0.0882339378711093
CK1,C1R_201_213,-0.0882339378711093
CK2,C1R_201_213,-0.0882339378711093
DMPK,C1R_201_213,-0.0882339378711093
DYRK,C1R_201_213,-0.0882339378711093
ERK,C1R_201_213,-0.0882339378711093
IRAK,C1R_201_213,-0.0882339378711093
JNK,C1R_201_213,-0.0882339378711093
P38,C1R_201_213,-0.0882339378711093
PDHK,C1R_201_213,-0.0882339378711093
PEK,C1R_201_213,-0.0882339378711093
PHK,C1R_201_213,-0.0882339378711093
PKCA,C1R_201_213,-0.0882339378711093
PLK,C1R_201_213,-0.0882339378711093
QIK,C1R_201_213,-0.0882339378711093
STE7,C1R_201_213,-0.0882339378711093
STKR,C1R_201_213,-0.0882339378711093
VRK2,C1R_201_213,-0.0882339378711093
BARK1,CAC1C_1974_1986,1.1145463348709324
CAMK1,CAC1C_1974_1986,1.1145463348709324
MAPKAPK,CAC1C_1974_1986,1.1145463348709324
PDHK,CAC1C_1974_1986,1.1145463348709324
PHK,CAC1C_1974_1986,1.1145463348709324
PIM,CAC1C_1974_1986,1.1145463348709324
PKCA,CAC1C_1974_1986,1.1145463348709324
PKD,CAC1C_1974_1986,1.1145463348709324
PKG,CAC1C_1974_1986,1.1145463348709324
QIK,CAC1C_1974_1986,1.1145463348709324
RAD53,CAC1C_1974_1986,1.1145463348709324
RIPK,CAC1C_1974_1986,1.1145463348709324
RSK,CAC1C_1974_1986,1.1145463348709324
VRK2,CAC1C_1974_1986,1.1145463348709324
AKT,CD27_212_224,0.21889259696994873
BARK1,CD27_212_224,0.21889259696994873
CDK,CD27_212_224,0.21889259696994873
DMPK,CD27_212_224,0.21889259696994873
ERK,CD27_212_224,0.21889259696994873
IKK,CD27_212_224,0.21889259696994873
JNK,CD27_212_224,0.21889259696994873
P38,CD27_212_224,0.21889259696994873
PDHK,CD27_212_224,0.21889259696994873
PEK,CD27_212_224,0.21889259696994873
PHK,CD27_212_224,0.21889259696994873
PIM,CD27_212_224,0.21889259696994873
PKCA,CD27_212_224,0.21889259696994873
PKD,CD27_212_224,0.21889259696994873
QIK,CD27_212_224,0.21889259696994873
RSK,CD27_212_224,0.21889259696994873
VRK2,CD27_212_224,0.21889259696994873
BARK1,CDC2_154_169,0.14134920567396164
CDK,CDC2_154_169,0.14134920567396164
COT,CDC2_154_169,0.14134920567396164
PEK,CDC2_154_169,0.14134920567396164
PKG,CDC2_154_169,0.14134920567396164
RSK,CDC2_154_169,0.14134920567396164
STE7,CDC2_154_169,0.14134920567396164
VRK2,CDC2_154_169,0.14134920567396164
BARK1,CDK7_163_175,0.20915332955508423
CDK,CDK7_163_175,0.20915332955508423
DMPK,CDK7_163_175,0.20915332955508423
DYRK,CDK7_163_175,0.20915332955508423
FRAY,CDK7_163_175,0.20915332955508423
JNK,CDK7_163_175,0.20915332955508423
MAPKAPK,CDK7_163_175,0.20915332955508423
MST,CDK7_163_175,0.20915332955508423
MTOR,CDK7_163_175,0.20915332955508423
P38,CDK7_163_175,0.20915332955508423
PDK1,CDK7_163_175,0.20915332955508423
PEK,CDK7_163_175,0.20915332955508423
PHK,CDK7_163_175,0.20915332955508423
PIM,CDK7_163_175,0.20915332955508423
PKCA,CDK7_163_175,0.20915332955508423
PKCI,CDK7_163_175,0.20915332955508423
PRKDC,CDK7_163_175,0.20915332955508423
QIK,CDK7_163_175,0.20915332955508423
STE7,CDK7_163_175,0.20915332955508423
VRK2,CDK7_163_175,0.20915332955508423
AUR,CENPA_1_14,0.20215907207568343
BARK1,CENPA_1_14,0.20215907207568343
DMPK,CENPA_1_14,0.20215907207568343
MAPKAPK,CENPA_1_14,0.20215907207568343
PIM,CENPA_1_14,0.20215907207568343
PKCA,CENPA_1_14,0.20215907207568343
PKG,CENPA_1_14,0.20215907207568343
VRK2,CENPA_1_14,0.20215907207568343
AMPK,CFTR_730_742,1.453513008719274
BARK1,CFTR_730_742,1.453513008719274
CAMK2,CFTR_730_742,1.453513008719274
CDK,CFTR_730_742,1.453513008719274
DAPK,CFTR_730_742,1.453513008719274
DYRK,CFTR_730_742,1.453513008719274
GRK,CFTR_730_742,1.453513008719274
IKK,CFTR_730_742,1.453513008719274
MAPKAPK,CFTR_730_742,1.453513008719274
PAKA,CFTR_730_742,1.453513008719274
PDHK,CFTR_730_742,1.453513008719274
PEK,CFTR_730_742,1.453513008719274
PHK,CFTR_730_742,1.453513008719274
PKA,CFTR_730_742,1.453513008719274
PKCA,CFTR_730_742,1.453513008719274
PKD,CFTR_730_742,1.453513008719274
PKG,CFTR_730_742,1.453513008719274
QIK,CFTR_730_742,1.453513008719274
RAD53,CFTR_730_742,1.453513008719274
RSK,CFTR_730_742,1.453513008719274
VRK2,CFTR_730_742,1.453513008719274
AKT,CGHB_109_121,0.6477229055912028
BARK1,CGHB_109_121,0.6477229055912028
CAMK2,CGHB_109_121,0.6477229055912028
DMPK,CGHB_109_121,0.6477229055912028
IKK,CGHB_109_121,0.6477229055912028
MTOR,CGHB_109_121,0.6477229055912028
PDHK,CGHB_109_121,0.6477229055912028
PDK1,CGHB_109_121,0.6477229055912028
PEK,CGHB_109_121,0.6477229055912028
PKA,CGHB_109_121,0.6477229055912028
PKCA,CGHB_109_121,0.6477229055912028
PKG,CGHB_109_121,0.6477229055912028
RSK,CGHB_109_121,0.6477229055912028
VRK2,CGHB_109_121,0.6477229055912028
AMPK,CREB1_126_138,0.8533786770993815
ATM,CREB1_126_138,0.8533786770993815
BARK1,CREB1_126_138,0.8533786770993815
CAMK1,CREB1_126_138,0.8533786770993815
CAMK2,CREB1_126_138,0.8533786770993815
COT,CREB1_126_138,0.8533786770993815
DMPK,CREB1_126_138,0.8533786770993815
DYRK,CREB1_126_138,0.8533786770993815
GSK,CREB1_126_138,0.8533786770993815
MAPKAPK,CREB1_126_138,0.8533786770993815
PDHK,CREB1_126_138,0.8533786770993815
PHK,CREB1_126_138,0.8533786770993815
PIM,CREB1_126_138,0.8533786770993815
PKA,CREB1_126_138,0.8533786770993815
PKCA,CREB1_126_138,0.8533786770993815
PKCD,CREB1_126_138,0.8533786770993815
PKCH,CREB1_126_138,0.8533786770993815
PKD,CREB1_126_138,0.8533786770993815
QIK,CREB1_126_138,0.8533786770993815
RAD53,CREB1_126_138,0.8533786770993815
RSK,CREB1_126_138,0.8533786770993815
SGK,CREB1_126_138,0.8533786770993815
VRK2,CREB1_126_138,0.8533786770993815
AMPK,CSF1R_701_713,0.979301341990349
BARK1,CSF1R_701_713,0.979301341990349
CDK,CSF1R_701_713,0.979301341990349
CK1,CSF1R_701_713,0.979301341990349
DMPK,CSF1R_701_713,0.979301341990349
PDHK,CSF1R_701_713,0.979301341990349
PEK,CSF1R_701_713,0.979301341990349
PIM,CSF1R_701_713,0.979301341990349
PKA,CSF1R_701_713,0.979301341990349
PKCA,CSF1R_701_713,0.979301341990349
PKG,CSF1R_701_713,0.979301341990349
RSK,CSF1R_701_713,0.979301341990349
VRK2,CSF1R_701_713,0.979301341990349
AMPK,DESP_2842_2854,1.453206604068347
BARK1,DESP_2842_2854,1.453206604068347
CAMK1,DESP_2842_2854,1.453206604068347
CDK,DESP_2842_2854,1.453206604068347
CK1,DESP_2842_2854,1.453206604068347
DMPK,DESP_2842_2854,1.453206604068347
GSK,DESP_2842_2854,1.453206604068347
IKK,DESP_2842_2854,1.453206604068347
MAPKAPK,DESP_2842_2854,1.453206604068347
P38,DESP_2842_2854,1.453206604068347
PDHK,DESP_2842_2854,1.453206604068347
PDK1,DESP_2842_2854,1.453206604068347
PEK,DESP_2842_2854,1.453206604068347
PHK,DESP_2842_2854,1.453206604068347
PIM,DESP_2842_2854,1.453206604068347
PKA,DESP_2842_2854,1.453206604068347
PKCA,DESP_2842_2854,1.453206604068347
PKG,DESP_2842_2854,1.453206604068347
QIK,DESP_2842_2854,1.453206604068347
RIPK,DESP_2842_2854,1.453206604068347
RSK,DESP_2842_2854,1.453206604068347
SGK,DESP_2842_2854,1.453206604068347
STE11,DESP_2842_2854,1.453206604068347
STE7,DESP_2842_2854,1.453206604068347
VRK2,DESP_2842_2854,1.453206604068347
BARK1,EPB42_241_253,1.2991594345216708
DMPK,EPB42_241_253,1.2991594345216708
PHK,EPB42_241_253,1.2991594345216708
PIM,EPB42_241_253,1.2991594345216708
PKA,EPB42_241_253,1.2991594345216708
PKCA,EPB42_241_253,1.2991594345216708
PKG,EPB42_241_253,1.2991594345216708
RAD53,EPB42_241_253,1.2991594345216708
RSK,EPB42_241_253,1.2991594345216708
VRK2,EPB42_241_253,1.2991594345216708
BARK1,ERBB2_679_691,0.11066746774728622
DMPK,ERBB2_679_691,0.11066746774728622
PHK,ERBB2_679_691,0.11066746774728622
PIM,ERBB2_679_691,0.11066746774728622
PKA,ERBB2_679_691,0.11066746774728622
PKCA,ERBB2_679_691,0.11066746774728622
PKCD,ERBB2_679_691,0.11066746774728622
PKCH,ERBB2_679_691,0.11066746774728622
PKG,ERBB2_679_691,0.11066746774728622
RSK,ERBB2_679_691,0.11066746774728622
VRK2,ERBB2_679_691,0.11066746774728622
BARK1,ERF_519_531,0.2805093497175936
CDK,ERF_519_531,0.2805093497175936
CHK1,ERF_519_531,0.2805093497175936
DAPK,ERF_519_531,0.2805093497175936
DMPK,ERF_519_531,0.2805093497175936
DYRK,ERF_519_531,0.2805093497175936
ERK,ERF_519_531,0.2805093497175936
IRAK,ERF_519_531,0.2805093497175936
MST,ERF_519_531,0.2805093497175936
P38,ERF_519_531,0.2805093497175936
PDK1,ERF_519_531,0.2805093497175936
PEK,ERF_519_531,0.2805093497175936
PIM,ERF_519_531,0.2805093497175936
PKA,ERF_519_531,0.2805093497175936
PKCA,ERF_519_531,0.2805093497175936
PKG,ERF_519_531,0.2805093497175936
RAD53,ERF_519_531,0.2805093497175936
RSK,ERF_519_531,0.2805093497175936
VRK2,ERF_519_531,0.2805093497175936
AKT,ESR1_160_172,0.5625344766310262
AUR,ESR1_160_172,0.5625344766310262
BARK1,ESR1_160_172,0.5625344766310262
CK2,ESR1_160_172,0.5625344766310262
DMPK,ESR1_160_172,0.5625344766310262
IKK,ESR1_160_172,0.5625344766310262
PEK,ESR1_160_172,0.5625344766310262
PHK,ESR1_160_172,0.5625344766310262
PIM,ESR1_160_172,0.5625344766310262
PKCA,ESR1_160_172,0.5625344766310262
RSK,ESR1_160_172,0.5625344766310262
STE11,ESR1_160_172,0.5625344766310262
STE7,ESR1_160_172,0.5625344766310262
VRK2,ESR1_160_172,0.5625344766310262
BARK1,FIBA_569_581,0.10567807719699474
CDK,FIBA_569_581,0.10567807719699474
CK1,FIBA_569_581,0.10567807719699474
DAPK,FIBA_569_581,0.10567807719699474
DMPK,FIBA_569_581,0.10567807719699474
ERK,FIBA_569_581,0.10567807719699474
GSK,FIBA_569_581,0.10567807719699474
HAL,FIBA_569_581,0.10567807719699474
IKK,FIBA_569_581,0.10567807719699474
JNK,FIBA_569_581,0.10567807719699474
MLCK,FIBA_569_581,0.10567807719699474
MST,FIBA_569_581,0.10567807719699474
PDHK,FIBA_569_581,0.10567807719699474
PEK,FIBA_569_581,0.10567807719699474
PHK,FIBA_569_581,0.10567807719699474
PIM,FIBA_569_581,0.10567807719699474
PKA,FIBA_569_581,0.10567807719699474
PKCA,FIBA_569_581,0.10567807719699474
PKG,FIBA_569_581,0.10567807719699474
PLK,FIBA_569_581,0.10567807719699474
QIK,FIBA_569_581,0.10567807719699474
RAF,FIBA_569_581,0.10567807719699474
RIPK,FIBA_569_581,0.10567807719699474
RSK,FIBA_569_581,0.10567807719699474
SGK,FIBA_569_581,0.10567807719699474
STE7,FIBA_569_581,0.10567807719699474
VRK2,FIBA_569_581,0.10567807719699474
AKT,FOXO3_25_37,0.09513380299821549
BARK1,FOXO3_25_37,0.09513380299821549
CDK,FOXO3_25_37,0.09513380299821549
ERK,FOXO3_25_37,0.09513380299821549
MAPKAPK,FOXO3_25_37,0.09513380299821549
P38,FOXO3_25_37,0.09513380299821549
PHK,FOXO3_25_37,0.09513380299821549
PIM,FOXO3_25_37,0.09513380299821549
PKCA,FOXO3_25_37,0.09513380299821549
QIK,FOXO3_25_37,0.09513380299821549
RAF,FOXO3_25_37,0.09513380299821549
RSK,FOXO3_25_37,0.09513380299821549
SGK,FOXO3_25_37,0.09513380299821549
VRK2,FOXO3_25_37,0.09513380299821549
AKT,FRAP_2443_2455,0.517314515754831
AMPK,FRAP_2443_2455,0.517314515754831
BARK1,FRAP_2443_2455,0.517314515754831
CK1,FRAP_2443_2455,0.517314515754831
DAPK,FRAP_2443_2455,0.517314515754831
DMPK,FRAP_2443_2455,0.517314515754831
MAPKAPK,FRAP_2443_2455,0.517314515754831
MELK,FRAP_2443_2455,0.517314515754831
MLK,FRAP_2443_2455,0.517314515754831
MSN,FRAP_2443_2455,0.517314515754831
MTOR,FRAP_2443_2455,0.517314515754831
NEK,FRAP_2443_2455,0.517314515754831
PDHK,FRAP_2443_2455,0.517314515754831
PDK1,FRAP_2443_2455,0.517314515754831
PEK,FRAP_2443_2455,0.517314515754831
PHK,FRAP_2443_2455,0.517314515754831
PIM,FRAP_2443_2455,0.517314515754831
PKA,FRAP_2443_2455,0.517314515754831
PKCA,FRAP_2443_2455,0.517314515754831
QIK,FRAP_2443_2455,0.517314515754831
RSK,FRAP_2443_2455,0.517314515754831
SGK,FRAP_2443_2455,0.517314515754831
TAO,FRAP_2443_2455,0.517314515754831
VRK2,FRAP_2443_2455,0.517314515754831
AKT,GPR6_349_361,0.322065362322103
BARK1,GPR6_349_361,0.322065362322103
CDK,GPR6_349_361,0.322065362322103
CK1,GPR6_349_361,0.322065362322103
DMPK,GPR6_349_361,0.322065362322103
DYRK,GPR6_349_361,0.322065362322103
ERK,GPR6_349_361,0.322065362322103
IKK,GPR6_349_361,0.322065362322103
JNK,GPR6_349_361,0.322065362322103
MAPKAPK,GPR6_349_361,0.322065362322103
MELK,GPR6_349_361,0.322065362322103
P38,GPR6_349_361,0.322065362322103
PDK1,GPR6_349_361,0.322065362322103
PEK,GPR6_349_361,0.322065362322103
PHK,GPR6_349_361,0.322065362322103
PKCA,GPR6_349_361,0.322065362322103
QIK,GPR6_349_361,0.322065362322103
RAF,GPR6_349_361,0.322065362322103
RSK,GPR6_349_361,0.322065362322103
SGK,GPR6_349_361,0.322065362322103
VRK2,GPR6_349_361,0.322065362322103
AMPK,GPSM2_394_406,1.301085908494218
BARK1,GPSM2_394_406,1.301085908494218
CAMK1,GPSM2_394_406,1.301085908494218
CHK1,GPSM2_394_406,1.301085908494218
DMPK,GPSM2_394_406,1.301085908494218
IKK,GPSM2_394_406,1.301085908494218
MAPKAPK,GPSM2_394_406,1.301085908494218
MARK,GPSM2_394_406,1.301085908494218
PHK,GPSM2_394_406,1.301085908494218
PKCA,GPSM2_394_406,1.301085908494218
PKD,GPSM2_394_406,1.301085908494218
VRK2,GPSM2_394_406,1.301085908494218
BARK1,GSUB_61_73,0.2367735489333036
CDK,GSUB_61_73,0.2367735489333036
DAPK,GSUB_61_73,0.2367735489333036
DMPK,GSUB_61_73,0.2367735489333036
DYRK,GSUB_61_73,0.2367735489333036
ERK,GSUB_61_73,0.2367735489333036
PDK1,GSUB_61_73,0.2367735489333036
PHK,GSUB_61_73,0.2367735489333036
PKA,GSUB_61_73,0.2367735489333036
PKG,GSUB_61_73,0.2367735489333036
PLK,GSUB_61_73,0.2367735489333036
VRK2,GSUB_61_73,0.2367735489333036
AKT,GYS2_1_13,0.01511081502898235
BARK1,GYS2_1_13,0.01511081502898235
CDK,GYS2_1_13,0.01511081502898235
DMPK,GYS2_1_13,0.01511081502898235
IKK,GYS2_1_13,0.01511081502898235
MAPKAPK,GYS2_1_13,0.01511081502898235
MTOR,GYS2_1_13,0.01511081502898235
PEK,GYS2_1_13,0.01511081502898235
PHK,GYS2_1_13,0.01511081502898235
PKA,GYS2_1_13,0.01511081502898235
PKCA,GYS2_1_13,0.01511081502898235
QIK,GYS2_1_13,0.01511081502898235
RSK,GYS2_1_13,0.01511081502898235
SGK,GYS2_1_13,0.01511081502898235
VRK2,GYS2_1_13,0.01511081502898235
AKT,H2B1B_ 27_40,0.20543042339094136
AMPK,H2B1B_ 27_40,0.20543042339094136
BARK1,H2B1B_ 27_40,0.20543042339094136
CAMK1,H2B1B_ 27_40,0.20543042339094136
CDK,H2B1B_ 27_40,0.20543042339094136
COT,H2B1B_ 27_40,0.20543042339094136
DAPK,H2B1B_ 27_40,0.20543042339094136
DMPK,H2B1B_ 27_40,0.20543042339094136
IKK,H2B1B_ 27_40,0.20543042339094136
MLK,H2B1B_ 27_40,0.20543042339094136
MST,H2B1B_ 27_40,0.20543042339094136
PAKA,H2B1B_ 27_40,0.20543042339094136
PAKB,H2B1B_ 27_40,0.20543042339094136
PDHK,H2B1B_ 27_40,0.20543042339094136
PEK,H2B1B_ 27_40,0.20543042339094136
PHK,H2B1B_ 27_40,0.20543042339094136
PIM,H2B1B_ 27_40,0.20543042339094136
PKA,H2B1B_ 27_40,0.20543042339094136
PKCA,H2B1B_ 27_40,0.20543042339094136
PKCH,H2B1B_ 27_40,0.20543042339094136
PKD,H2B1B_ 27_40,0.20543042339094136
PKG,H2B1B_ 27_40,0.20543042339094136
PLK,H2B1B_ 27_40,0.20543042339094136
QIK,H2B1B_ 27_40,0.20543042339094136
RAD53,H2B1B_ 27_40,0.20543042339094136
RSK,H2B1B_ 27_40,0.20543042339094136
SGK,H2B1B_ 27_40,0.20543042339094136
VRK2,H2B1B_ 27_40,0.20543042339094136
AMPK,H32_3_18,0.07910936346869443
ATR,H32_3_18,0.07910936346869443
AUR,H32_3_18,0.07910936346869443
BARK1,H32_3_18,0.07910936346869443
DAPK,H32_3_18,0.07910936346869443
DMPK,H32_3_18,0.07910936346869443
DYRK,H32_3_18,0.07910936346869443
MLK,H32_3_18,0.07910936346869443
MST,H32_3_18,0.07910936346869443
MTOR,H32_3_18,0.07910936346869443
PHK,H32_3_18,0.07910936346869443
PIM,H32_3_18,0.07910936346869443
PKCA,H32_3_18,0.07910936346869443
PKCD,H32_3_18,0.07910936346869443
PRKDC,H32_3_18,0.07910936346869443
QIK,H32_3_18,0.07910936346869443
RAD53,H32_3_18,0.07910936346869443
RSK,H32_3_18,0.07910936346869443
STE7,H32_3_18,0.07910936346869443
VRK1,H32_3_18,0.07910936346869443
VRK2,H32_3_18,0.07910936346869443
BARK1,IF4E_203_215,0.0537237051705528
CDK,IF4E_203_215,0.0537237051705528
DMPK,IF4E_203_215,0.0537237051705528
ERK,IF4E_203_215,0.0537237051705528
GRK,IF4E_203_215,0.0537237051705528
IKK,IF4E_203_215,0.0537237051705528
LKB,IF4E_203_215,0.0537237051705528
MAPKAPK,IF4E_203_215,0.0537237051705528
MLK,IF4E_203_215,0.0537237051705528
P38,IF4E_203_215,0.0537237051705528
PEK,IF4E_203_215,0.0537237051705528
PKCA,IF4E_203_215,0.0537237051705528
QIK,IF4E_203_215,0.0537237051705528
RIPK,IF4E_203_215,0.0537237051705528
STKR,IF4E_203_215,0.0537237051705528
VRK1,IF4E_203_215,0.0537237051705528
VRK2,IF4E_203_215,0.0537237051705528
BARK1,KAP2_92_104,1.0582349049516715
CDK,KAP2_92_104,1.0582349049516715
CK2,KAP2_92_104,1.0582349049516715
DMPK,KAP2_92_104,1.0582349049516715
ERK,KAP2_92_104,1.0582349049516715
GSK,KAP2_92_104,1.0582349049516715
MAPKAPK,KAP2_92_104,1.0582349049516715
PDHK,KAP2_92_104,1.0582349049516715
PEK,KAP2_92_104,1.0582349049516715
PHK,KAP2_92_104,1.0582349049516715
PIM,KAP2_92_104,1.0582349049516715
PKA,KAP2_92_104,1.0582349049516715
PKCA,KAP2_92_104,1.0582349049516715
PKD,KAP2_92_104,1.0582349049516715
PKG,KAP2_92_104,1.0582349049516715
QIK,KAP2_92_104,1.0582349049516715
RIPK,KAP2_92_104,1.0582349049516715
RSK,KAP2_92_104,1.0582349049516715
VRK2,KAP2_92_104,1.0582349049516715
BARK1,KAPCG_192_206,0.0379678138091369
CAMK2,KAPCG_192_206,0.0379678138091369
CDK,KAPCG_192_206,0.0379678138091369
DMPK,KAPCG_192_206,0.0379678138091369
DYRK,KAPCG_192_206,0.0379678138091369
ERK,KAPCG_192_206,0.0379678138091369
GSK,KAPCG_192_206,0.0379678138091369
IKK,KAPCG_192_206,0.0379678138091369
IRAK,KAPCG_192_206,0.0379678138091369
LKB,KAPCG_192_206,0.0379678138091369
MELK,KAPCG_192_206,0.0379678138091369
MST,KAPCG_192_206,0.0379678138091369
MTOR,KAPCG_192_206,0.0379678138091369
PDHK,KAPCG_192_206,0.0379678138091369
PDK1,KAPCG_192_206,0.0379678138091369
PHK,KAPCG_192_206,0.0379678138091369
PIM,KAPCG_192_206,0.0379678138091369
PKCH,KAPCG_192_206,0.0379678138091369
VRK2,KAPCG_192_206,0.0379678138091369
BARK1,KCC2G_278_289,0.01479926336376606
CAMK2,KCC2G_278_289,0.01479926336376606
CDK,KCC2G_278_289,0.01479926336376606
CK1,KCC2G_278_289,0.01479926336376606
MAPKAPK,KCC2G_278_289,0.01479926336376606
MELK,KCC2G_278_289,0.01479926336376606
MLCK,KCC2G_278_289,0.01479926336376606
PEK,KCC2G_278_289,0.01479926336376606
PHK,KCC2G_278_289,0.01479926336376606
PIM,KCC2G_278_289,0.01479926336376606
PKCA,KCC2G_278_289,0.01479926336376606
PKCI,KCC2G_278_289,0.01479926336376606
PLK,KCC2G_278_289,0.01479926336376606
QIK,KCC2G_278_289,0.01479926336376606
RSK,KCC2G_278_289,0.01479926336376606
SGK,KCC2G_278_289,0.01479926336376606
VRK2,KCC2G_278_289,0.01479926336376606
AKT,KCNA1_438_450,1.1940474236077243
AMPK,KCNA1_438_450,1.1940474236077243
BARK1,KCNA1_438_450,1.1940474236077243
CAMK1,KCNA1_438_450,1.1940474236077243
CDK,KCNA1_438_450,1.1940474236077243
CK1,KCNA1_438_450,1.1940474236077243
DAPK,KCNA1_438_450,1.1940474236077243
DMPK,KCNA1_438_450,1.1940474236077243
ERK,KCNA1_438_450,1.1940474236077243
GRK,KCNA1_438_450,1.1940474236077243
IKK,KCNA1_438_450,1.1940474236077243
JNK,KCNA1_438_450,1.1940474236077243
MAPKAPK,KCNA1_438_450,1.1940474236077243
MELK,KCNA1_438_450,1.1940474236077243
NEK,KCNA1_438_450,1.1940474236077243
P38,KCNA1_438_450,1.1940474236077243
PDHK,KCNA1_438_450,1.1940474236077243
PEK,KCNA1_438_450,1.1940474236077243
PHK,KCNA1_438_450,1.1940474236077243
PKA,KCNA1_438_450,1.1940474236077243
PKCA,KCNA1_438_450,1.1940474236077243
PKD,KCNA1_438_450,1.1940474236077243
PLK,KCNA1_438_450,1.1940474236077243
QIK,KCNA1_438_450,1.1940474236077243
RAD53,KCNA1_438_450,1.1940474236077243
RIPK,KCNA1_438_450,1.1940474236077243
RSK,KCNA1_438_450,1.1940474236077243
SGK,KCNA1_438_450,1.1940474236077243
STE7,KCNA1_438_450,1.1940474236077243
STKR,KCNA1_438_450,1.1940474236077243
VRK2,KCNA1_438_450,1.1940474236077243
AKT,KCNA2_442_454,0.6509368404217231
AMPK,KCNA2_442_454,0.6509368404217231
BARK1,KCNA2_442_454,0.6509368404217231
CAMK1,KCNA2_442_454,0.6509368404217231
CAMK2,KCNA2_442_454,0.6509368404217231
CDK,KCNA2_442_454,0.6509368404217231
CHK1,KCNA2_442_454,0.6509368404217231
CK1,KCNA2_442_454,0.6509368404217231
DMPK,KCNA2_442_454,0.6509368404217231
IKK,KCNA2_442_454,0.6509368404217231
JNK,KCNA2_442_454,0.6509368404217231
MAPKAPK,KCNA2_442_454,0.6509368404217231
NEK,KCNA2_442_454,0.6509368404217231
P38,KCNA2_442_454,0.6509368404217231
PDHK,KCNA2_442_454,0.6509368404217231
PEK,KCNA2_442_454,0.6509368404217231
PHK,KCNA2_442_454,0.6509368404217231
PIM,KCNA2_442_454,0.6509368404217231
PKCA,KCNA2_442_454,0.6509368404217231
PKD,KCNA2_442_454,0.6509368404217231
QIK,KCNA2_442_454,0.6509368404217231
RAD53,KCNA2_442_454,0.6509368404217231
RIPK,KCNA2_442_454,0.6509368404217231
RSK,KCNA2_442_454,0.6509368404217231
SGK,KCNA2_442_454,0.6509368404217231
STKR,KCNA2_442_454,0.6509368404217231
VRK2,KCNA2_442_454,0.6509368404217231
AKT,KCNA3_461_473,0.25828812384677224
AMPK,KCNA3_461_473,0.25828812384677224
BARK1,KCNA3_461_473,0.25828812384677224
CAMK1,KCNA3_461_473,0.25828812384677224
CDK,KCNA3_461_473,0.25828812384677224
CHK1,KCNA3_461_473,0.25828812384677224
CK1,KCNA3_461_473,0.25828812384677224
DMPK,KCNA3_461_473,0.25828812384677224
IKK,KCNA3_461_473,0.25828812384677224
JNK,KCNA3_461_473,0.25828812384677224
KHS,KCNA3_461_473,0.25828812384677224
MAPKAPK,KCNA3_461_473,0.25828812384677224
MARK,KCNA3_461_473,0.25828812384677224
MST,KCNA3_461_473,0.25828812384677224
P38,KCNA3_461_473,0.25828812384677224
PAKA,KCNA3_461_473,0.25828812384677224
PDHK,KCNA3_461_473,0.25828812384677224
PDK1,KCNA3_461_473,0.25828812384677224
PEK,KCNA3_461_473,0.25828812384677224
PHK,KCNA3_461_473,0.25828812384677224
PKA,KCNA3_461_473,0.25828812384677224
PKCA,KCNA3_461_473,0.25828812384677224
PKD,KCNA3_461_473,0.25828812384677224
PKG,KCNA3_461_473,0.25828812384677224
PLK,KCNA3_461_473,0.25828812384677224
QIK,KCNA3_461_473,0.25828812384677224
RAD53,KCNA3_461_473,0.25828812384677224
RSK,KCNA3_461_473,0.25828812384677224
STE7,KCNA3_461_473,0.25828812384677224
VRK2,KCNA3_461_473,0.25828812384677224
AMPK,KCNB1_489_501,0.3557309416641929
BARK1,KCNB1_489_501,0.3557309416641929
CAMK1,KCNB1_489_501,0.3557309416641929
CAMK2,KCNB1_489_501,0.3557309416641929
CDK,KCNB1_489_501,0.3557309416641929
CHK1,KCNB1_489_501,0.3557309416641929
CK1,KCNB1_489_501,0.3557309416641929
CK2,KCNB1_489_501,0.3557309416641929
DAPK,KCNB1_489_501,0.3557309416641929
DMPK,KCNB1_489_501,0.3557309416641929
GRK,KCNB1_489_501,0.3557309416641929
IKK,KCNB1_489_501,0.3557309416641929
MAPKAPK,KCNB1_489_501,0.3557309416641929
MELK,KCNB1_489_501,0.3557309416641929
MLCK,KCNB1_489_501,0.3557309416641929
MLK,KCNB1_489_501,0.3557309416641929
MST,KCNB1_489_501,0.3557309416641929
NAK,KCNB1_489_501,0.3557309416641929
NEK,KCNB1_489_501,0.3557309416641929
PDHK,KCNB1_489_501,0.3557309416641929
PEK,KCNB1_489_501,0.3557309416641929
PHK,KCNB1_489_501,0.3557309416641929
PIM,KCNB1_489_501,0.3557309416641929
PKA,KCNB1_489_501,0.3557309416641929
PKCA,KCNB1_489_501,0.3557309416641929
PKCD,KCNB1_489_501,0.3557309416641929
PKD,KCNB1_489_501,0.3557309416641929
QIK,KCNB1_489_501,0.3557309416641929
RIPK,KCNB1_489_501,0.3557309416641929
RSK,KCNB1_489_501,0.3557309416641929
SGK,KCNB1_489_501,0.3557309416641929
STE7,KCNB1_489_501,0.3557309416641929
STKR,KCNB1_489_501,0.3557309416641929
VRK2,KCNB1_489_501,0.3557309416641929
BARK1,KIF2C_105_118_S106G,0.15689291966183855
CAMK2,KIF2C_105_118_S106G,0.15689291966183855
CDK,KIF2C_105_118_S106G,0.15689291966183855
DMPK,KIF2C_105_118_S106G,0.15689291966183855
FRAY,KIF2C_105_118_S106G,0.15689291966183855
IKK,KIF2C_105_118_S106G,0.15689291966183855
MELK,KIF2C_105_118_S106G,0.15689291966183855
NEK,KIF2C_105_118_S106G,0.15689291966183855
PAKA,KIF2C_105_118_S106G,0.15689291966183855
PDHK,KIF2C_105_118_S106G,0.15689291966183855
PEK,KIF2C_105_118_S106G,0.15689291966183855
PHK,KIF2C_105_118_S106G,0.15689291966183855
PKCA,KIF2C_105_118_S106G,0.15689291966183855
PKD,KIF2C_105_118_S106G,0.15689291966183855
QIK,KIF2C_105_118_S106G,0.15689291966183855
RIPK,KIF2C_105_118_S106G,0.15689291966183855
RSK,KIF2C_105_118_S106G,0.15689291966183855
VRK2,KIF2C_105_118_S106G,0.15689291966183855
BARK1,KPB1_1011_1023,1.4042932902186684
CDK,KPB1_1011_1023,1.4042932902186684
CK1,KPB1_1011_1023,1.4042932902186684
DMPK,KPB1_1011_1023,1.4042932902186684
IKK,KPB1_1011_1023,1.4042932902186684
P38,KPB1_1011_1023,1.4042932902186684
PAKA,KPB1_1011_1023,1.4042932902186684
PDHK,KPB1_1011_1023,1.4042932902186684
PEK,KPB1_1011_1023,1.4042932902186684
PHK,KPB1_1011_1023,1.4042932902186684
PIM,KPB1_1011_1023,1.4042932902186684
PKA,KPB1_1011_1023,1.4042932902186684
PKCA,KPB1_1011_1023,1.4042932902186684
PKD,KPB1_1011_1023,1.4042932902186684
RIPK,KPB1_1011_1023,1.4042932902186684
RSK,KPB1_1011_1023,1.4042932902186684
SGK,KPB1_1011_1023,1.4042932902186684
VRK2,KPB1_1011_1023,1.4042932902186684
BARK1,KS6A1_374_386,-0.00282013636730096
COT,KS6A1_374_386,-0.00282013636730096
FRAY,KS6A1_374_386,-0.00282013636730096
MAPKAPK,KS6A1_374_386,-0.00282013636730096
MSN,KS6A1_374_386,-0.00282013636730096
MTOR,KS6A1_374_386,-0.00282013636730096
PDHK,KS6A1_374_386,-0.00282013636730096
PDK1,KS6A1_374_386,-0.00282013636730096
PEK,KS6A1_374_386,-0.00282013636730096
PHK,KS6A1_374_386,-0.00282013636730096
PIM,KS6A1_374_386,-0.00282013636730096
PKCA,KS6A1_374_386,-0.00282013636730096
RAD53,KS6A1_374_386,-0.00282013636730096
RSK,KS6A1_374_386,-0.00282013636730096
STE7,KS6A1_374_386,-0.00282013636730096
VRK2,KS6A1_374_386,-0.00282013636730096
BARK1,LMNB1_16_28,0.00248757162366538
CDK,LMNB1_16_28,0.00248757162366538
DMPK,LMNB1_16_28,0.00248757162366538
DYRK,LMNB1_16_28,0.00248757162366538
ERK,LMNB1_16_28,0.00248757162366538
GSK,LMNB1_16_28,0.00248757162366538
IKK,LMNB1_16_28,0.00248757162366538
IRAK,LMNB1_16_28,0.00248757162366538
JNK,LMNB1_16_28,0.00248757162366538
MLK,LMNB1_16_28,0.00248757162366538
NMO,LMNB1_16_28,0.00248757162366538
P38,LMNB1_16_28,0.00248757162366538
PDK1,LMNB1_16_28,0.00248757162366538
PEK,LMNB1_16_28,0.00248757162366538
PIM,LMNB1_16_28,0.00248757162366538
PKCA,LMNB1_16_28,0.00248757162366538
PKG,LMNB1_16_28,0.00248757162366538
RSK,LMNB1_16_28,0.00248757162366538
STE7,LMNB1_16_28,0.00248757162366538
VRK2,LMNB1_16_28,0.00248757162366538
BARK1,MARCS_152_164,0.2720627674845121
CDK,MARCS_152_164,0.2720627674845121
DAPK,MARCS_152_164,0.2720627674845121
DMPK,MARCS_152_164,0.2720627674845121
ERK,MARCS_152_164,0.2720627674845121
JNK,MARCS_152_164,0.2720627674845121
P38,MARCS_152_164,0.2720627674845121
PAKA,MARCS_152_164,0.2720627674845121
PDHK,MARCS_152_164,0.2720627674845121
PDK1,MARCS_152_164,0.2720627674845121
PEK,MARCS_152_164,0.2720627674845121
PHK,MARCS_152_164,0.2720627674845121
PKA,MARCS_152_164,0.2720627674845121
PKCA,MARCS_152_164,0.2720627674845121
PKCH,MARCS_152_164,0.2720627674845121
PKCI,MARCS_152_164,0.2720627674845121
PKD,MARCS_152_164,0.2720627674845121
PKG,MARCS_152_164,0.2720627674845121
PKN,MARCS_152_164,0.2720627674845121
RAD53,MARCS_152_164,0.2720627674845121
VRK2,MARCS_152_164,0.2720627674845121
BARK1,MARCS_160_172,0.15225541865135145
CDK,MARCS_160_172,0.15225541865135145
DMPK,MARCS_160_172,0.15225541865135145
ERK,MARCS_160_172,0.15225541865135145
JNK,MARCS_160_172,0.15225541865135145
MLK,MARCS_160_172,0.15225541865135145
P38,MARCS_160_172,0.15225541865135145
PDHK,MARCS_160_172,0.15225541865135145
PDK1,MARCS_160_172,0.15225541865135145
PEK,MARCS_160_172,0.15225541865135145
PKCA,MARCS_160_172,0.15225541865135145
RAD53,MARCS_160_172,0.15225541865135145
RIPK,MARCS_160_172,0.15225541865135145
VRK2,MARCS_160_172,0.15225541865135145
BARK1,MBP_222_234,-0.13892952554455018
CDK,MBP_222_234,-0.13892952554455018
DYRK,MBP_222_234,-0.13892952554455018
ERK,MBP_222_234,-0.13892952554455018
GSK,MBP_222_234,-0.13892952554455018
JNK,MBP_222_234,-0.13892952554455018
MTOR,MBP_222_234,-0.13892952554455018
PDK1,MBP_222_234,-0.13892952554455018
PEK,MBP_222_234,-0.13892952554455018
VRK2,MBP_222_234,-0.13892952554455018
BARK1,MP2K1_287_299,-0.06025838662322099
CDK,MP2K1_287_299,-0.06025838662322099
DMPK,MP2K1_287_299,-0.06025838662322099
DYRK,MP2K1_287_299,-0.06025838662322099
ERK,MP2K1_287_299,-0.06025838662322099
JNK,MP2K1_287_299,-0.06025838662322099
MAPKAPK,MP2K1_287_299,-0.06025838662322099
P38,MP2K1_287_299,-0.06025838662322099
PAKA,MP2K1_287_299,-0.06025838662322099
PDHK,MP2K1_287_299,-0.06025838662322099
PDK1,MP2K1_287_299,-0.06025838662322099
PEK,MP2K1_287_299,-0.06025838662322099
PHK,MP2K1_287_299,-0.06025838662322099
PIM,MP2K1_287_299,-0.06025838662322099
PKCA,MP2K1_287_299,-0.06025838662322099
PKD,MP2K1_287_299,-0.06025838662322099
STE7,MP2K1_287_299,-0.06025838662322099
VRK2,MP2K1_287_299,-0.06025838662322099
ATR,MPIP1_172_184,-0.07804431804379805
BARK1,MPIP1_172_184,-0.07804431804379805
CHK1,MPIP1_172_184,-0.07804431804379805
DMPK,MPIP1_172_184,-0.07804431804379805
MAPKAPK,MPIP1_172_184,-0.07804431804379805
PHK,MPIP1_172_184,-0.07804431804379805
PIM,MPIP1_172_184,-0.07804431804379805
PKCA,MPIP1_172_184,-0.07804431804379805
PRKDC,MPIP1_172_184,-0.07804431804379805
QIK,MPIP1_172_184,-0.07804431804379805
RAD53,MPIP1_172_184,-0.07804431804379805
RAF,MPIP1_172_184,-0.07804431804379805
RSK,MPIP1_172_184,-0.07804431804379805
VRK2,MPIP1_172_184,-0.07804431804379805
BARK1,MPIP3_208_220,0.03586870935376322
BRSK,MPIP3_208_220,0.03586870935376322
CAMK1,MPIP3_208_220,0.03586870935376322
CDK,MPIP3_208_220,0.03586870935376322
CHK1,MPIP3_208_220,0.03586870935376322
DMPK,MPIP3_208_220,0.03586870935376322
DYRK,MPIP3_208_220,0.03586870935376322
ERK,MPIP3_208_220,0.03586870935376322
IKK,MPIP3_208_220,0.03586870935376322
JNK,MPIP3_208_220,0.03586870935376322
MAPKAPK,MPIP3_208_220,0.03586870935376322
MARK,MPIP3_208_220,0.03586870935376322
MELK,MPIP3_208_220,0.03586870935376322
P38,MPIP3_208_220,0.03586870935376322
PDK1,MPIP3_208_220,0.03586870935376322
PEK,MPIP3_208_220,0.03586870935376322
PHK,MPIP3_208_220,0.03586870935376322
PKCA,MPIP3_208_220,0.03586870935376322
QIK,MPIP3_208_220,0.03586870935376322
RAD53,MPIP3_208_220,0.03586870935376322
RIPK,MPIP3_208_220,0.03586870935376322
VRK2,MPIP3_208_220,0.03586870935376322
AKT,NCF1_321_333,1.052616204668772
BARK1,NCF1_321_333,1.052616204668772
DMPK,NCF1_321_333,1.052616204668772
IRAK,NCF1_321_333,1.052616204668772
PHK,NCF1_321_333,1.052616204668772
PKA,NCF1_321_333,1.052616204668772
PKCA,NCF1_321_333,1.052616204668772
PKCD,NCF1_321_333,1.052616204668772
QIK,NCF1_321_333,1.052616204668772
VRK2,NCF1_321_333,1.052616204668772
BARK1,NEK2_172_184,-0.00786155859650428
CAMK1,NEK2_172_184,-0.00786155859650428
CAMK2,NEK2_172_184,-0.00786155859650428
CDK,NEK2_172_184,-0.00786155859650428
DYRK,NEK2_172_184,-0.00786155859650428
ERK,NEK2_172_184,-0.00786155859650428
FRAY,NEK2_172_184,-0.00786155859650428
LKB,NEK2_172_184,-0.00786155859650428
MELK,NEK2_172_184,-0.00786155859650428
MST,NEK2_172_184,-0.00786155859650428
MTOR,NEK2_172_184,-0.00786155859650428
NEK,NEK2_172_184,-0.00786155859650428
P38,NEK2_172_184,-0.00786155859650428
PDHK,NEK2_172_184,-0.00786155859650428
PDK1,NEK2_172_184,-0.00786155859650428
PEK,NEK2_172_184,-0.00786155859650428
PKCA,NEK2_172_184,-0.00786155859650428
PKCH,NEK2_172_184,-0.00786155859650428
RSK,NEK2_172_184,-0.00786155859650428
STE11,NEK2_172_184,-0.00786155859650428
STE7,NEK2_172_184,-0.00786155859650428
VRK2,NEK2_172_184,-0.00786155859650428
BARK1,NEK3_158_170,0.2143697046101701
CAMK2,NEK3_158_170,0.2143697046101701
DYRK,NEK3_158_170,0.2143697046101701
ERK,NEK3_158_170,0.2143697046101701
LKB,NEK3_158_170,0.2143697046101701
MST,NEK3_158_170,0.2143697046101701
NEK,NEK3_158_170,0.2143697046101701
PDHK,NEK3_158_170,0.2143697046101701
PDK1,NEK3_158_170,0.2143697046101701
PEK,NEK3_158_170,0.2143697046101701
PKCH,NEK3_158_170,0.2143697046101701
STE11,NEK3_158_170,0.2143697046101701
STE7,NEK3_158_170,0.2143697046101701
VRK2,NEK3_158_170,0.2143697046101701
BARK1,NFKB1_330_342,1.2242073477415858
CDK,NFKB1_330_342,1.2242073477415858
DMPK,NFKB1_330_342,1.2242073477415858
IKK,NFKB1_330_342,1.2242073477415858
MAPKAPK,NFKB1_330_342,1.2242073477415858
PAKA,NFKB1_330_342,1.2242073477415858
PDHK,NFKB1_330_342,1.2242073477415858
PEK,NFKB1_330_342,1.2242073477415858
PIM,NFKB1_330_342,1.2242073477415858
PKA,NFKB1_330_342,1.2242073477415858
PKCA,NFKB1_330_342,1.2242073477415858
PKG,NFKB1_330_342,1.2242073477415858
PLK,NFKB1_330_342,1.2242073477415858
STE7,NFKB1_330_342,1.2242073477415858
VRK2,NFKB1_330_342,1.2242073477415858
BARK1,NMDZ1_890_902,0.7068309135317978
AKT,NMDZ1_890_902,0.7068309135317978
AMPK,NMDZ1_890_902,0.7068309135317978
AUR,NMDZ1_890_902,0.7068309135317978
CAMK1,NMDZ1_890_902,0.7068309135317978
CDK,NMDZ1_890_902,0.7068309135317978
CHK1,NMDZ1_890_902,0.7068309135317978
DAPK,NMDZ1_890_902,0.7068309135317978
DMPK,NMDZ1_890_902,0.7068309135317978
FRAY,NMDZ1_890_902,0.7068309135317978
GRK,NMDZ1_890_902,0.7068309135317978
IKK,NMDZ1_890_902,0.7068309135317978
MELK,NMDZ1_890_902,0.7068309135317978
MLK,NMDZ1_890_902,0.7068309135317978
MSN,NMDZ1_890_902,0.7068309135317978
MST,NMDZ1_890_902,0.7068309135317978
MTOR,NMDZ1_890_902,0.7068309135317978
PAKA,NMDZ1_890_902,0.7068309135317978
PDHK,NMDZ1_890_902,0.7068309135317978
PDK1,NMDZ1_890_902,0.7068309135317978
PEK,NMDZ1_890_902,0.7068309135317978
PHK,NMDZ1_890_902,0.7068309135317978
PIM,NMDZ1_890_902,0.7068309135317978
PKA,NMDZ1_890_902,0.7068309135317978
PKCA,NMDZ1_890_902,0.7068309135317978
PKCI,NMDZ1_890_902,0.7068309135317978
PKD,NMDZ1_890_902,0.7068309135317978
PKG,NMDZ1_890_902,0.7068309135317978
PLK,NMDZ1_890_902,0.7068309135317978
QIK,NMDZ1_890_902,0.7068309135317978
RAD53,NMDZ1_890_902,0.7068309135317978
RAF,NMDZ1_890_902,0.7068309135317978
RIPK,NMDZ1_890_902,0.7068309135317978
RSK,NMDZ1_890_902,0.7068309135317978
SGK,NMDZ1_890_902,0.7068309135317978
STE7,NMDZ1_890_902,0.7068309135317978
VRK2,NMDZ1_890_902,0.7068309135317978
AKT,NOS3_1171_1183,0.27317442593271696
AMPK,NOS3_1171_1183,0.27317442593271696
BARK1,NOS3_1171_1183,0.27317442593271696
CDK,NOS3_1171_1183,0.27317442593271696
CK1,NOS3_1171_1183,0.27317442593271696
DMPK,NOS3_1171_1183,0.27317442593271696
MELK,NOS3_1171_1183,0.27317442593271696
PDHK,NOS3_1171_1183,0.27317442593271696
PDK1,NOS3_1171_1183,0.27317442593271696
PEK,NOS3_1171_1183,0.27317442593271696
PHK,NOS3_1171_1183,0.27317442593271696
PIM,NOS3_1171_1183,0.27317442593271696
PKA,NOS3_1171_1183,0.27317442593271696
PKCA,NOS3_1171_1183,0.27317442593271696
PKG,NOS3_1171_1183,0.27317442593271696
QIK,NOS3_1171_1183,0.27317442593271696
RAD53,NOS3_1171_1183,0.27317442593271696
RIPK,NOS3_1171_1183,0.27317442593271696
RSK,NOS3_1171_1183,0.27317442593271696
SGK,NOS3_1171_1183,0.27317442593271696
VRK2,NOS3_1171_1183,0.27317442593271696
AKT,NR4A1_344_356,0.14236811326409732
BARK1,NR4A1_344_356,0.14236811326409732
CDK,NR4A1_344_356,0.14236811326409732
DMPK,NR4A1_344_356,0.14236811326409732
PHK,NR4A1_344_356,0.14236811326409732
PIM,NR4A1_344_356,0.14236811326409732
PKA,NR4A1_344_356,0.14236811326409732
PKCA,NR4A1_344_356,0.14236811326409732
RAF,NR4A1_344_356,0.14236811326409732
RSK,NR4A1_344_356,0.14236811326409732
VRK2,NR4A1_344_356,0.14236811326409732
AUR,P53_308_323,0.16778788612959636
BARK1,P53_308_323,0.16778788612959636
CAMK1,P53_308_323,0.16778788612959636
CDK,P53_308_323,0.16778788612959636
DYRK,P53_308_323,0.16778788612959636
ERK,P53_308_323,0.16778788612959636
IKK,P53_308_323,0.16778788612959636
JNK,P53_308_323,0.16778788612959636
P38,P53_308_323,0.16778788612959636
PKCA,P53_308_323,0.16778788612959636
PLK,P53_308_323,0.16778788612959636
QIK,P53_308_323,0.16778788612959636
STE7,P53_308_323,0.16778788612959636
VRK2,P53_308_323,0.16778788612959636
AUR,PLEK_106_118,0.03598282692349208
BARK1,PLEK_106_118,0.03598282692349208
CDK,PLEK_106_118,0.03598282692349208
CK1,PLEK_106_118,0.03598282692349208
DMPK,PLEK_106_118,0.03598282692349208
MST,PLEK_106_118,0.03598282692349208
PEK,PLEK_106_118,0.03598282692349208
PKCA,PLEK_106_118,0.03598282692349208
PKCD,PLEK_106_118,0.03598282692349208
PKCH,PLEK_106_118,0.03598282692349208
PLK,PLEK_106_118,0.03598282692349208
VRK2,PLEK_106_118,0.03598282692349208
BARK1,PLM_76_88,1.0951784927064894
CDK,PLM_76_88,1.0951784927064894
DMPK,PLM_76_88,1.0951784927064894
IKK,PLM_76_88,1.0951784927064894
PAKA,PLM_76_88,1.0951784927064894
PDHK,PLM_76_88,1.0951784927064894
PDK1,PLM_76_88,1.0951784927064894
PEK,PLM_76_88,1.0951784927064894
PIM,PLM_76_88,1.0951784927064894
PKA,PLM_76_88,1.0951784927064894
PKCA,PLM_76_88,1.0951784927064894
PKD,PLM_76_88,1.0951784927064894
PKG,PLM_76_88,1.0951784927064894
PLK,PLM_76_88,1.0951784927064894
RAD53,PLM_76_88,1.0951784927064894
RIPK,PLM_76_88,1.0951784927064894
RSK,PLM_76_88,1.0951784927064894
STE7,PLM_76_88,1.0951784927064894
VRK2,PLM_76_88,1.0951784927064894
EGFR,PP2AB_297_309,0.3752765749954842
CSK,PP2AB_297_309,0.3752765749954842
TEC,PP2AB_297_309,0.3752765749954842
PDGFR,PP2AB_297_309,0.3752765749954842
SYK,PP2AB_297_309,0.3752765749954842
AXL,PP2AB_297_309,0.3752765749954842
VEGFR,PP2AB_297_309,0.3752765749954842
BARK1,PP2AB_297_309,0.3752765749954842
BARK2,PP2AB_297_309,0.3752765749954842
CDK,PP2AB_297_309,0.3752765749954842
DYRK,PP2AB_297_309,0.3752765749954842
JNK,PP2AB_297_309,0.3752765749954842
VRK2,PP2AB_297_309,0.3752765749954842
AKT,PPR1A_28_40,0.1941447087180392
BARK1,PPR1A_28_40,0.1941447087180392
CDK,PPR1A_28_40,0.1941447087180392
DAPK,PPR1A_28_40,0.1941447087180392
DMPK,PPR1A_28_40,0.1941447087180392
DYRK,PPR1A_28_40,0.1941447087180392
GSK,PPR1A_28_40,0.1941447087180392
JNK,PPR1A_28_40,0.1941447087180392
P38,PPR1A_28_40,0.1941447087180392
PDK1,PPR1A_28_40,0.1941447087180392
PEK,PPR1A_28_40,0.1941447087180392
PHK,PPR1A_28_40,0.1941447087180392
PKA,PPR1A_28_40,0.1941447087180392
RSK,PPR1A_28_40,0.1941447087180392
VRK2,PPR1A_28_40,0.1941447087180392
ATR,PRKDC_2618_2630,0.18724168536174624
BARK1,PRKDC_2618_2630,0.18724168536174624
BARK2,PRKDC_2618_2630,0.18724168536174624
CK1,PRKDC_2618_2630,0.18724168536174624
DMPK,PRKDC_2618_2630,0.18724168536174624
IKK,PRKDC_2618_2630,0.18724168536174624
MELK,PRKDC_2618_2630,0.18724168536174624
MLK,PRKDC_2618_2630,0.18724168536174624
MTOR,PRKDC_2618_2630,0.18724168536174624
NEK,PRKDC_2618_2630,0.18724168536174624
P38,PRKDC_2618_2630,0.18724168536174624
PHK,PRKDC_2618_2630,0.18724168536174624
PIM,PRKDC_2618_2630,0.18724168536174624
PKA,PRKDC_2618_2630,0.18724168536174624
PKCA,PRKDC_2618_2630,0.18724168536174624
PKG,PRKDC_2618_2630,0.18724168536174624
PRKDC,PRKDC_2618_2630,0.18724168536174624
PLK,PRKDC_2618_2630,0.18724168536174624
QIK,PRKDC_2618_2630,0.18724168536174624
SGK,PRKDC_2618_2630,0.18724168536174624
STE7,PRKDC_2618_2630,0.18724168536174624
VRK2,PRKDC_2618_2630,0.18724168536174624
AKT,PTK6_436_448,0.9336130690373536
BARK1,PTK6_436_448,0.9336130690373536
CAMK1,PTK6_436_448,0.9336130690373536
CDK,PTK6_436_448,0.9336130690373536
CK1,PTK6_436_448,0.9336130690373536
DMPK,PTK6_436_448,0.9336130690373536
MAPKAPK,PTK6_436_448,0.9336130690373536
MELK,PTK6_436_448,0.9336130690373536
P38,PTK6_436_448,0.9336130690373536
PAKA,PTK6_436_448,0.9336130690373536
PDHK,PTK6_436_448,0.9336130690373536
PDK1,PTK6_436_448,0.9336130690373536
PEK,PTK6_436_448,0.9336130690373536
PHK,PTK6_436_448,0.9336130690373536
PIM,PTK6_436_448,0.9336130690373536
PKA,PTK6_436_448,0.9336130690373536
PKCA,PTK6_436_448,0.9336130690373536
PKCD,PTK6_436_448,0.9336130690373536
PKCI,PTK6_436_448,0.9336130690373536
PKD,PTK6_436_448,0.9336130690373536
PKG,PTK6_436_448,0.9336130690373536
QIK,PTK6_436_448,0.9336130690373536
RAD53,PTK6_436_448,0.9336130690373536
RSK,PTK6_436_448,0.9336130690373536
STE7,PTK6_436_448,0.9336130690373536
VRK2,PTK6_436_448,0.9336130690373536
BARK1,PTN12_32_44,0.8586777603849539
CDK,PTN12_32_44,0.8586777603849539
DMPK,PTN12_32_44,0.8586777603849539
FRAY,PTN12_32_44,0.8586777603849539
MAPKAPK,PTN12_32_44,0.8586777603849539
MLK,PTN12_32_44,0.8586777603849539
PAKA,PTN12_32_44,0.8586777603849539
PDHK,PTN12_32_44,0.8586777603849539
PEK,PTN12_32_44,0.8586777603849539
PHK,PTN12_32_44,0.8586777603849539
PIM,PTN12_32_44,0.8586777603849539
PKA,PTN12_32_44,0.8586777603849539
PKCA,PTN12_32_44,0.8586777603849539
PKCD,PTN12_32_44,0.8586777603849539
PKD,PTN12_32_44,0.8586777603849539
PKG,PTN12_32_44,0.8586777603849539
QIK,PTN12_32_44,0.8586777603849539
RAD53,PTN12_32_44,0.8586777603849539
RSK,PTN12_32_44,0.8586777603849539
VRK2,PTN12_32_44,0.8586777603849539
BARK1,RADI_559_569,0.30172786858497097
COT,RADI_559_569,0.30172786858497097
DMPK,RADI_559_569,0.30172786858497097
MSN,RADI_559_569,0.30172786858497097
MST,RADI_559_569,0.30172786858497097
PHK,RADI_559_569,0.30172786858497097
PIM,RADI_559_569,0.30172786858497097
PKCA,RADI_559_569,0.30172786858497097
SLK,RADI_559_569,0.30172786858497097
VRK2,RADI_559_569,0.30172786858497097
AKT,RAF1_253_265,0.1134420957970447
AMPK,RAF1_253_265,0.1134420957970447
BARK1,RAF1_253_265,0.1134420957970447
CAMK1,RAF1_253_265,0.1134420957970447
CDK,RAF1_253_265,0.1134420957970447
DAPK,RAF1_253_265,0.1134420957970447
DMPK,RAF1_253_265,0.1134420957970447
DYRK,RAF1_253_265,0.1134420957970447
ERK,RAF1_253_265,0.1134420957970447
JNK,RAF1_253_265,0.1134420957970447
MAPKAPK,RAF1_253_265,0.1134420957970447
MARK,RAF1_253_265,0.1134420957970447
NDR,RAF1_253_265,0.1134420957970447
P38,RAF1_253_265,0.1134420957970447
PAKA,RAF1_253_265,0.1134420957970447
PDK1,RAF1_253_265,0.1134420957970447
PHK,RAF1_253_265,0.1134420957970447
PKA,RAF1_253_265,0.1134420957970447
PKCA,RAF1_253_265,0.1134420957970447
QIK,RAF1_253_265,0.1134420957970447
RAF,RAF1_253_265,0.1134420957970447
RIPK,RAF1_253_265,0.1134420957970447
RSK,RAF1_253_265,0.1134420957970447
SGK,RAF1_253_265,0.1134420957970447
VRK2,RAF1_253_265,0.1134420957970447
AKT,RAP1B_172_184,0.3089177142474936
AMPK,RAP1B_172_184,0.3089177142474936
BARK1,RAP1B_172_184,0.3089177142474936
CDK,RAP1B_172_184,0.3089177142474936
DMPK,RAP1B_172_184,0.3089177142474936
IKK,RAP1B_172_184,0.3089177142474936
MAPKAPK,RAP1B_172_184,0.3089177142474936
PDHK,RAP1B_172_184,0.3089177142474936
PEK,RAP1B_172_184,0.3089177142474936
PHK,RAP1B_172_184,0.3089177142474936
PIM,RAP1B_172_184,0.3089177142474936
PKA,RAP1B_172_184,0.3089177142474936
PKCA,RAP1B_172_184,0.3089177142474936
PKG,RAP1B_172_184,0.3089177142474936
QIK,RAP1B_172_184,0.3089177142474936
RAD53,RAP1B_172_184,0.3089177142474936
RSK,RAP1B_172_184,0.3089177142474936
VRK2,RAP1B_172_184,0.3089177142474936
BARK1,RBL2_655_667,-0.09161323893796898
CDK,RBL2_655_667,-0.09161323893796898
CK1,RBL2_655_667,-0.09161323893796898
DMPK,RBL2_655_667,-0.09161323893796898
DYRK,RBL2_655_667,-0.09161323893796898
ERK,RBL2_655_667,-0.09161323893796898
FRAY,RBL2_655_667,-0.09161323893796898
GSK,RBL2_655_667,-0.09161323893796898
IKK,RBL2_655_667,-0.09161323893796898
JNK,RBL2_655_667,-0.09161323893796898
MAPKAPK,RBL2_655_667,-0.09161323893796898
MELK,RBL2_655_667,-0.09161323893796898
MTOR,RBL2_655_667,-0.09161323893796898
NEK,RBL2_655_667,-0.09161323893796898
P38,RBL2_655_667,-0.09161323893796898
PDK1,RBL2_655_667,-0.09161323893796898
PEK,RBL2_655_667,-0.09161323893796898
PHK,RBL2_655_667,-0.09161323893796898
PIM,RBL2_655_667,-0.09161323893796898
PKCA,RBL2_655_667,-0.09161323893796898
PKD,RBL2_655_667,-0.09161323893796898
PLK,RBL2_655_667,-0.09161323893796898
QIK,RBL2_655_667,-0.09161323893796898
RAD53,RBL2_655_667,-0.09161323893796898
RAF,RBL2_655_667,-0.09161323893796898
RIPK,RBL2_655_667,-0.09161323893796898
STE7,RBL2_655_667,-0.09161323893796898
VRK2,RBL2_655_667,-0.09161323893796898
BARK1,RB_242_254,0.03586805103788336
CDK,RB_242_254,0.03586805103788336
DYRK,RB_242_254,0.03586805103788336
ERK,RB_242_254,0.03586805103788336
IRAK,RB_242_254,0.03586805103788336
P38,RB_242_254,0.03586805103788336
PDK1,RB_242_254,0.03586805103788336
PEK,RB_242_254,0.03586805103788336
PKCA,RB_242_254,0.03586805103788336
PLK,RB_242_254,0.03586805103788336
VRK2,RB_242_254,0.03586805103788336
ATR,RB_350_362,0.22855645646566192
BARK1,RB_350_362,0.22855645646566192
CDK,RB_350_362,0.22855645646566192
DMPK,RB_350_362,0.22855645646566192
DYRK,RB_350_362,0.22855645646566192
PDHK,RB_350_362,0.22855645646566192
PDK1,RB_350_362,0.22855645646566192
PEK,RB_350_362,0.22855645646566192
PHK,RB_350_362,0.22855645646566192
PIM,RB_350_362,0.22855645646566192
PKCA,RB_350_362,0.22855645646566192
PRKDC,RB_350_362,0.22855645646566192
QIK,RB_350_362,0.22855645646566192
RSK,RB_350_362,0.22855645646566192
VRK2,RB_350_362,0.22855645646566192
AUR,RB_774_786,0.2083012930696307
BARK1,RB_774_786,0.2083012930696307
CDK,RB_774_786,0.2083012930696307
DMPK,RB_774_786,0.2083012930696307
DYRK,RB_774_786,0.2083012930696307
ERK,RB_774_786,0.2083012930696307
GSK,RB_774_786,0.2083012930696307
JNK,RB_774_786,0.2083012930696307
MLK,RB_774_786,0.2083012930696307
P38,RB_774_786,0.2083012930696307
PHK,RB_774_786,0.2083012930696307
PKA,RB_774_786,0.2083012930696307
PKCA,RB_774_786,0.2083012930696307
PLK,RB_774_786,0.2083012930696307
QIK,RB_774_786,0.2083012930696307
RAF,RB_774_786,0.2083012930696307
VRK2,RB_774_786,0.2083012930696307
BARK1,RB_803_815,-0.0616467555047396
CDK,RB_803_815,-0.0616467555047396
CK1,RB_803_815,-0.0616467555047396
DYRK,RB_803_815,-0.0616467555047396
ERK,RB_803_815,-0.0616467555047396
JNK,RB_803_815,-0.0616467555047396
QIK,RB_803_815,-0.0616467555047396
VRK2,RB_803_815,-0.0616467555047396
BARK1,REL_260_272,1.2713173623756957
CDK,REL_260_272,1.2713173623756957
CK1,REL_260_272,1.2713173623756957
DMPK,REL_260_272,1.2713173623756957
MAPKAPK,REL_260_272,1.2713173623756957
MARK,REL_260_272,1.2713173623756957
PAKA,REL_260_272,1.2713173623756957
PEK,REL_260_272,1.2713173623756957
PIM,REL_260_272,1.2713173623756957
PKCA,REL_260_272,1.2713173623756957
PKD,REL_260_272,1.2713173623756957
PKG,REL_260_272,1.2713173623756957
PLK,REL_260_272,1.2713173623756957
RSK,REL_260_272,1.2713173623756957
STE7,REL_260_272,1.2713173623756957
VRK2,REL_260_272,1.2713173623756957
AKT,RS6_228_240,1.0172062823714587
BARK1,RS6_228_240,1.0172062823714587
CAMK1,RS6_228_240,1.0172062823714587
CDK,RS6_228_240,1.0172062823714587
DAPK,RS6_228_240,1.0172062823714587
DMPK,RS6_228_240,1.0172062823714587
IKK,RS6_228_240,1.0172062823714587
MAPKAPK,RS6_228_240,1.0172062823714587
MELK,RS6_228_240,1.0172062823714587
PAKA,RS6_228_240,1.0172062823714587
PASK,RS6_228_240,1.0172062823714587
PDHK,RS6_228_240,1.0172062823714587
PEK,RS6_228_240,1.0172062823714587
PHK,RS6_228_240,1.0172062823714587
PIM,RS6_228_240,1.0172062823714587
PKA,RS6_228_240,1.0172062823714587
PKCA,RS6_228_240,1.0172062823714587
PKCD,RS6_228_240,1.0172062823714587
PKCI,RS6_228_240,1.0172062823714587
PKD,RS6_228_240,1.0172062823714587
PKG,RS6_228_240,1.0172062823714587
QIK,RS6_228_240,1.0172062823714587
RIPK,RS6_228_240,1.0172062823714587
RSK,RS6_228_240,1.0172062823714587
SGK,RS6_228_240,1.0172062823714587
VRK2,RS6_228_240,1.0172062823714587
BARK1,RYR1_4317_4329,0.4666508714598905
DMPK,RYR1_4317_4329,0.4666508714598905
PHK,RYR1_4317_4329,0.4666508714598905
PIM,RYR1_4317_4329,0.4666508714598905
PKA,RYR1_4317_4329,0.4666508714598905
PKCA,RYR1_4317_4329,0.4666508714598905
PKCH,RYR1_4317_4329,0.4666508714598905
PKG,RYR1_4317_4329,0.4666508714598905
RSK,RYR1_4317_4329,0.4666508714598905
VRK2,RYR1_4317_4329,0.4666508714598905
BARK1,SCN7A_898_910,1.2631472379619406
DMPK,SCN7A_898_910,1.2631472379619406
HAL,SCN7A_898_910,1.2631472379619406
IKK,SCN7A_898_910,1.2631472379619406
PHK,SCN7A_898_910,1.2631472379619406
PKA,SCN7A_898_910,1.2631472379619406
PKCA,SCN7A_898_910,1.2631472379619406
PKG,SCN7A_898_910,1.2631472379619406
RIPK,SCN7A_898_910,1.2631472379619406
RSK,SCN7A_898_910,1.2631472379619406
VRK2,SCN7A_898_910,1.2631472379619406
AUR,STK6_283_295,0.8296557385760561
BARK1,STK6_283_295,0.8296557385760561
CAMK1,STK6_283_295,0.8296557385760561
CAMK2,STK6_283_295,0.8296557385760561
CDK,STK6_283_295,0.8296557385760561
DMPK,STK6_283_295,0.8296557385760561
FRAY,STK6_283_295,0.8296557385760561
IKK,STK6_283_295,0.8296557385760561
IRAK,STK6_283_295,0.8296557385760561
LKB,STK6_283_295,0.8296557385760561
MELK,STK6_283_295,0.8296557385760561
MLK,STK6_283_295,0.8296557385760561
MTOR,STK6_283_295,0.8296557385760561
NDR,STK6_283_295,0.8296557385760561
NEK,STK6_283_295,0.8296557385760561
PAKA,STK6_283_295,0.8296557385760561
PDHK,STK6_283_295,0.8296557385760561
PDK1,STK6_283_295,0.8296557385760561
PEK,STK6_283_295,0.8296557385760561
PHK,STK6_283_295,0.8296557385760561
PKA,STK6_283_295,0.8296557385760561
PKCA,STK6_283_295,0.8296557385760561
PKCD,STK6_283_295,0.8296557385760561
PLK,STK6_283_295,0.8296557385760561
PRKDC,STK6_283_295,0.8296557385760561
QIK,STK6_283_295,0.8296557385760561
RAD53,STK6_283_295,0.8296557385760561
RSK,STK6_283_295,0.8296557385760561
STE7,STK6_283_295,0.8296557385760561
VRK2,STK6_283_295,0.8296557385760561
AKT,TAU_524_536,-0.00757761686263158
BARK1,TAU_524_536,-0.00757761686263158
CAMK1,TAU_524_536,-0.00757761686263158
CDK,TAU_524_536,-0.00757761686263158
DMPK,TAU_524_536,-0.00757761686263158
DYRK,TAU_524_536,-0.00757761686263158
ERK,TAU_524_536,-0.00757761686263158
GRK,TAU_524_536,-0.00757761686263158
GSK,TAU_524_536,-0.00757761686263158
IKK,TAU_524_536,-0.00757761686263158
JNK,TAU_524_536,-0.00757761686263158
MAPKAPK,TAU_524_536,-0.00757761686263158
MELK,TAU_524_536,-0.00757761686263158
MTOR,TAU_524_536,-0.00757761686263158
P38,TAU_524_536,-0.00757761686263158
PDK1,TAU_524_536,-0.00757761686263158
PEK,TAU_524_536,-0.00757761686263158
PHK,TAU_524_536,-0.00757761686263158
PIM,TAU_524_536,-0.00757761686263158
PKA,TAU_524_536,-0.00757761686263158
PKCA,TAU_524_536,-0.00757761686263158
PKD,TAU_524_536,-0.00757761686263158
PLK,TAU_524_536,-0.00757761686263158
QIK,TAU_524_536,-0.00757761686263158
RAF,TAU_524_536,-0.00757761686263158
RIPK,TAU_524_536,-0.00757761686263158
RSK,TAU_524_536,-0.00757761686263158
SGK,TAU_524_536,-0.00757761686263158
STE11,TAU_524_536,-0.00757761686263158
VRK2,TAU_524_536,-0.00757761686263158
BARK1,TY3H_65_77,1.2291984295291776
CAMK2,TY3H_65_77,1.2291984295291776
MAPKAPK,TY3H_65_77,1.2291984295291776
PHK,TY3H_65_77,1.2291984295291776
PIM,TY3H_65_77,1.2291984295291776
PKA,TY3H_65_77,1.2291984295291776
PKCA,TY3H_65_77,1.2291984295291776
PKG,TY3H_65_77,1.2291984295291776
QIK,TY3H_65_77,1.2291984295291776
RIPK,TY3H_65_77,1.2291984295291776
RSK,TY3H_65_77,1.2291984295291776
VRK2,TY3H_65_77,1.2291984295291776
BARK1,VASP_150_162,1.2554856313271874
DMPK,VASP_150_162,1.2554856313271874
PHK,VASP_150_162,1.2554856313271874
PIM,VASP_150_162,1.2554856313271874
PKA,VASP_150_162,1.2554856313271874
PKCA,VASP_150_162,1.2554856313271874
PKD,VASP_150_162,1.2554856313271874
PKG,VASP_150_162,1.2554856313271874
RIPK,VASP_150_162,1.2554856313271874
RSK,VASP_150_162,1.2554856313271874
VRK2,VASP_150_162,1.2554856313271874
BARK1,VASP_232_244,-0.10184772087507751
CDK,VASP_232_244,-0.10184772087507751
DMPK,VASP_232_244,-0.10184772087507751
IKK,VASP_232_244,-0.10184772087507751
MAPKAPK,VASP_232_244,-0.10184772087507751
PHK,VASP_232_244,-0.10184772087507751
PIM,VASP_232_244,-0.10184772087507751
PKA,VASP_232_244,-0.10184772087507751
PKCA,VASP_232_244,-0.10184772087507751
PKCH,VASP_232_244,-0.10184772087507751
PKD,VASP_232_244,-0.10184772087507751
PKG,VASP_232_244,-0.10184772087507751
RIPK,VASP_232_244,-0.10184772087507751
RSK,VASP_232_244,-0.10184772087507751
VRK2,VASP_232_244,-0.10184772087507751
AKT,VASP_271_283,0.6071820599028234
ATR,VASP_271_283,0.6071820599028234
AMPK,VASP_271_283,0.6071820599028234
BARK1,VASP_271_283,0.6071820599028234
DMPK,VASP_271_283,0.6071820599028234
IKK,VASP_271_283,0.6071820599028234
PAKA,VASP_271_283,0.6071820599028234
PHK,VASP_271_283,0.6071820599028234
PIM,VASP_271_283,0.6071820599028234
PKA,VASP_271_283,0.6071820599028234
PKG,VASP_271_283,0.6071820599028234
RIPK,VASP_271_283,0.6071820599028234
RSK,VASP_271_283,0.6071820599028234
VRK2,VASP_271_283,0.6071820599028234
