Kinase,Score,Rank,Method,Perc,Qrt,group,KinaseFamily,subfamily,hgnc_symbol
SGK1,-33.27550120152266,39,PTM-SEA,0.4,2,AGC,SGK,SGK,SGK1
PIK3C2A,0,51,PTM-SEA,0,1,NA,NA,NA,PIK3C2A
CHEK1,-97.13648057366251,8,PTM-SEA,0.8933333333333333,4,CAMK,CAMKL,CHK1,CHEK1
AURKA,11.571623912652308,44,PTM-SEA,0.3333333333333333,2,OTHER,AUR,AUR,AURKA
RPS6KA5,11.03852472401896,45,PTM-SEA,0.32,2,AGC,RSK,MSK,RPS6KA5
CHEK2,-105.57017068233401,2,PTM-SEA,0.9733333333333334,4,CAMK,RAD53,RAD53,CHEK2
RAF1,-2.380003197786418,49,PTM-SEA,0.26666666666666666,2,TKL,RAF,RAF,RAF1
PRKCG,0,51,PTM-SEA,0,1,AGC,PKC,ALPHA,PRKCG
PRKCB,-35.83409697297736,38,PTM-SEA,0.41333333333333333,2,AGC,PKC,ALPHA,PRKCB
CDK1,-102.00293517408566,4,PTM-SEA,0.9466666666666667,4,CMGC,CDK,CDC2,CDK1
ARAF,46.957394595381814,33,PTM-SEA,0.5466666666666666,3,TKL,RAF,RAF,ARAF
PIM1,43.042416788990295,35,PTM-SEA,0.4533333333333333,2,CAMK,PIM,PIM,PIM1
CDK4,-102.1012623380049,3,PTM-SEA,0.96,4,CMGC,CDK,CDK4,CDK4
SRC,0,51,PTM-SEA,0,1,TK,SRC,SRCA,SRC
BRAF,46.957394595381814,33,PTM-SEA,0.5466666666666666,3,TKL,RAF,RAF,BRAF
PRKCA,14.412134130048734,43,PTM-SEA,0.3466666666666667,2,AGC,PKC,ALPHA,PRKCA
PRKACA,72.56813886397002,19,PTM-SEA,0.7466666666666667,3,AGC,PKA,PKA,PRKACA
PRKACG,43.042416788990295,35,PTM-SEA,0.4533333333333333,2,AGC,PKA,PKA,PRKACG
PRKACB,43.042416788990295,35,PTM-SEA,0.4533333333333333,2,AGC,PKA,PKA,PRKACB
RPS6KB1,37.662091125473175,37,PTM-SEA,0.4266666666666667,2,AGC,RSK,P70,RPS6KB1
CDK2,-100.30886164089755,5,PTM-SEA,0.9333333333333333,4,CMGC,CDK,CDC2,CDK2
MAPK3,-62.01177985432696,23,PTM-SEA,0.6933333333333334,3,CMGC,MAPK,ERK1,MAPK3
MAPK1,-53.3182747612979,27,PTM-SEA,0.64,3,CMGC,MAPK,ERK1,MAPK1
AKT1,51.00270131782448,30,PTM-SEA,0.6,3,AGC,AKT,AKT,AKT1
AKT2,52.9552505754255,28,PTM-SEA,0.6266666666666667,3,AGC,AKT,AKT,AKT2
MAP3K8,-56.37811083786394,25,PTM-SEA,0.6666666666666666,3,STE,STE-UNIQUE,STE-UNIQUE,MAP3K8
PRKCI,43.042416788990295,35,PTM-SEA,0.4533333333333333,2,AGC,PKC,IOTA,PRKCI
MTOR,0,51,PTM-SEA,0,1,ATYPICAL,PIKK,FRAP,MTOR
MAPK8,-72.29731181480986,20,PTM-SEA,0.7333333333333333,3,CMGC,MAPK,JNK,MAPK8
MAPK9,0,51,PTM-SEA,0,1,CMGC,MAPK,JNK,MAPK9
MAPKAPK2,-5.124183335028416,48,PTM-SEA,0.28,2,CAMK,MAPKAPK,MAPKAPK,MAPKAPK2
GSK3B,8.486532382823658,46,PTM-SEA,0.30666666666666664,2,CMGC,GSK,GSK,GSK3B
CDK7,-43.3359375,34,PTM-SEA,0.5333333333333333,3,CMGC,CDK,CDK7,CDK7
CDK9,-107.8359375,1,PTM-SEA,0.9866666666666667,4,CMGC,CDK,CDK9,CDK9
RPS6KA3,50.99902257063568,31,PTM-SEA,0.5866666666666667,3,AGC,RSK,RSK,RPS6KA3
NEK2,0,51,PTM-SEA,0,1,OTHER,NEK,NEK2,NEK2
DAPK1,0,51,PTM-SEA,0,1,CAMK,DAPK,DAPK,DAPK1
MAPK10,-86.671875,14,PTM-SEA,0.8133333333333334,4,CMGC,MAPK,JNK,MAPK10
PRKAA2,24.17258300104597,40,PTM-SEA,0.38666666666666666,2,CAMK,CAMKL,AMPK,PRKAA2
SIK1,-87.6796875,12,PTM-SEA,0.84,4,CAMK,CAMKL,QIK,SIK1
CSNK2A1,62.96456220714879,22,PTM-SEA,0.7066666666666667,3,CMGC,CK2,CK2,CSNK2A1
PRKDC,-82.13671875,16,PTM-SEA,0.7866666666666666,4,ATYPICAL,PIKK,DNAPK,PRKDC
ATM,0,51,PTM-SEA,0,1,ATYPICAL,PIKK,ATM,ATM
AURKB,-18.575186032160772,42,PTM-SEA,0.36,2,OTHER,AUR,AUR,AURKB
CDK3,0,51,PTM-SEA,0,1,CMGC,CDK,CDC2,CDK3
CDK6,-107.8359375,1,PTM-SEA,0.9866666666666667,4,CMGC,CDK,CDK4,CDK6
CDK5,-94.52031214432392,10,PTM-SEA,0.8666666666666667,4,CMGC,CDK,CDK5,CDK5
PRKCE,48.539251502765154,32,PTM-SEA,0.5733333333333334,3,AGC,PKC,ETA,PRKCE
PRKCQ,-85.18087212117477,15,PTM-SEA,0.8,4,AGC,PKC,DELTA,PRKCQ
PRKCZ,74.79129296054978,17,PTM-SEA,0.7733333333333333,4,AGC,PKC,IOTA,PRKCZ
PRKCD,87.34125948394254,13,PTM-SEA,0.8266666666666667,4,AGC,PKC,DELTA,PRKCD
PRKAA1,8.211495429509485,47,PTM-SEA,0.29333333333333333,2,CAMK,CAMKL,AMPK,PRKAA1
PAK1,-0.9948954341059473,50,PTM-SEA,0.25333333333333335,2,STE,STE20,PAKA,PAK1
PAK2,70.546875,21,PTM-SEA,0.72,3,STE,STE20,PAKA,PAK2
PRKG2,-99.33529899016152,6,PTM-SEA,0.92,4,AGC,PKG,PKG,PRKG2
ROCK1,-98.10456797798415,7,PTM-SEA,0.9066666666666666,4,AGC,DMPK,ROCK,ROCK1
ATR,0,51,PTM-SEA,0,1,ATYPICAL,PIKK,ATR,ATR
CAMK2G,0,51,PTM-SEA,0,1,CAMK,CAMK2,CAMK2,CAMK2G
DYRK1A,-19.466801517770346,41,PTM-SEA,0.37333333333333335,2,CMGC,DYRK,DYRK1,DYRK1A
PRKG1,59.57814433995304,24,PTM-SEA,0.68,3,AGC,PKG,PKG,PRKG1
PRKD1,74.27123707885531,18,PTM-SEA,0.76,4,CAMK,PKD,PKD,PRKD1
RPS6KA2,96.75313270929838,9,PTM-SEA,0.88,4,AGC,RSK,RSK,RPS6KA2
RPS6KA1,42.9484259335188,36,PTM-SEA,0.44,2,AGC,RSK,RSK,RPS6KA1
PKN1,-88.54231956295965,11,PTM-SEA,0.8533333333333334,4,AGC,PKN,PKN,PKN1
MAPK14,-54.345555378416236,26,PTM-SEA,0.6533333333333333,3,CMGC,MAPK,P38,MAPK14
PIM3,43.042416788990295,35,PTM-SEA,0.4533333333333333,2,CAMK,PIM,PIM,PIM3
BRSK2,0,51,PTM-SEA,0,1,CAMK,CAMKL,BRSK,BRSK2
BRSK1,0,51,PTM-SEA,0,1,CAMK,CAMKL,BRSK,BRSK1
DYRK2,0,51,PTM-SEA,0,1,CMGC,DYRK,DYRK2,DYRK2
PASK,0,51,PTM-SEA,0,1,CAMK,CAMKL,PASK,PASK
VRK1,0,51,PTM-SEA,0,1,CK1,VRK,VRK,VRK1
PRKD2,0,51,PTM-SEA,0,1,CAMK,PKD,PKD,PRKD2
PLK3,0,51,PTM-SEA,0,1,OTHER,PLK,PLK2,PLK3
NEK6,0,51,PTM-SEA,0,1,OTHER,NEK,NEK6,NEK6
PIM2,43.042416788990295,35,PTM-SEA,0.4533333333333333,2,CAMK,PIM,PIM,PIM2
AKT3,51.92495909186876,29,PTM-SEA,0.6133333333333333,3,AGC,AKT,AKT,AKT3
AAK1,298,266,KEA3,0.10285714285714286,1,OTHER,NAK,BIKE,AAK1
ABL1,36,19,KEA3,0.9428571428571428,4,TK,ABL,ABL,ABL1
ABL2,131,133,KEA3,0.5485714285714286,3,TK,ABL,ABL,ABL2
ACVR1,159,165,KEA3,0.42857142857142855,2,TKL,STKR,TYPE1,ACVR1
ACVR1B,210.5,209,KEA3,0.28285714285714286,2,TKL,STKR,TYPE1,ACVR1B
ACVR2B,213,211,KEA3,0.27714285714285714,2,TKL,STKR,TYPE2,ACVR2B
AKT1,37,21,KEA3,0.9371428571428572,4,AGC,AKT,AKT,AKT1
AKT2,41.333333333333336,24,KEA3,0.9257142857142857,4,AGC,AKT,AKT,AKT2
AKT3,98,87,KEA3,0.7057142857142857,3,AGC,AKT,AKT,AKT3
ALK,29.5,16,KEA3,0.9514285714285714,4,TK,ALK,ALK,ALK
ARAF,98,87,KEA3,0.7057142857142857,3,TKL,RAF,RAF,ARAF
ATM,101.66666666666667,94,KEA3,0.6828571428571428,3,ATYPICAL,PIKK,ATM,ATM
ATR,72,53,KEA3,0.8285714285714286,4,ATYPICAL,PIKK,ATR,ATR
AURKA,72.66666666666667,55,KEA3,0.8228571428571428,4,OTHER,AUR,AUR,AURKA
AURKB,88.66666666666667,77,KEA3,0.7457142857142857,3,OTHER,AUR,AUR,AURKB
AURKC,186,188,KEA3,0.3485714285714286,2,OTHER,AUR,AUR,AURKC
AXL,199.5,198,KEA3,0.32,2,TK,AXL,AXL,AXL
BLK,258,239,KEA3,0.18285714285714286,1,TK,SRC,SRCB,BLK
BMP2K,324,289,KEA3,0.037142857142857144,1,OTHER,NAK,BIKE,BMP2K
BMPR1A,177.5,181,KEA3,0.37142857142857144,2,TKL,STKR,TYPE1,BMPR1A
BMPR1B,107,102,KEA3,0.6542857142857142,3,TKL,STKR,TYPE1,BMPR1B
BMPR2,216.5,215,KEA3,0.26571428571428574,2,TKL,STKR,TYPE2,BMPR2
BMX,88,76,KEA3,0.7485714285714286,3,TK,TEC,TEC,BMX
BRAF,155.5,160,KEA3,0.4514285714285714,2,TKL,RAF,RAF,BRAF
BRSK1,126.66666666666666,122,KEA3,0.5885714285714285,3,CAMK,CAMKL,BRSK,BRSK1
BRSK2,305,273,KEA3,0.08285714285714285,1,CAMK,CAMKL,BRSK,BRSK2
BTK,78.33333333333333,63,KEA3,0.8,4,TK,TEC,TEC,BTK
BUB1,136,137,KEA3,0.5342857142857143,3,OTHER,BUB,BUB,BUB1
CAMK1,87.33333333333333,75,KEA3,0.7542857142857143,4,CAMK,CAMK1,CAMK1,CAMK1
CAMK1D,242.5,226,KEA3,0.23142857142857143,1,CAMK,CAMK1,CAMK1,CAMK1D
CAMK2A,42.666666666666664,25,KEA3,0.92,4,CAMK,CAMK2,CAMK2,CAMK2A
CAMK2B,128.5,127,KEA3,0.5742857142857143,3,CAMK,CAMK2,CAMK2,CAMK2B
CAMK2D,95.66666666666667,85,KEA3,0.7171428571428572,3,CAMK,CAMK2,CAMK2,CAMK2D
CAMK2G,20,10,KEA3,0.9685714285714285,4,CAMK,CAMK2,CAMK2,CAMK2G
CAMK4,72.33333333333333,54,KEA3,0.8257142857142857,4,CAMK,CAMK1,CAMK1,CAMK4
CAMKK1,106.33333333333333,100,KEA3,0.6628571428571428,3,OTHER,CAMKK,META,CAMKK1
CAMKK2,92.5,81,KEA3,0.7314285714285714,3,OTHER,CAMKK,META,CAMKK2
CDC42BPA,279,253,KEA3,0.14,1,AGC,DMPK,GEK,CDC42BPA
CDC7,164.5,171,KEA3,0.4057142857142857,2,OTHER,CDC7,CDC7,CDC7
CDK1,26,13,KEA3,0.96,4,CMGC,CDK,CDC2,CDK1
CDK11A,332,295,KEA3,0.02,1,CMGC,CDK,CDK11,CDK11A
CDK11A,332,295,KEA3,0.02,1,NA,NA,NA,CDK11A
CDK12,315,282,KEA3,0.05714285714285714,1,CMGC,CDK,CRK7,CDK12
CDK15,254,236,KEA3,0.19428571428571428,1,CMGC,CDK,PFTAIRE,CDK15
CDK16,228,221,KEA3,0.24571428571428572,1,CMGC,CDK,PCTAIRE,CDK16
CDK18,237,224,KEA3,0.23714285714285716,1,CMGC,CDK,PCTAIRE,CDK18
CDK19,276,250,KEA3,0.14857142857142858,1,CMGC,CDK,CDK8,CDK19
CDK2,43.666666666666664,27,KEA3,0.9142857142857143,4,CMGC,CDK,CDC2,CDK2
CDK20,287,258,KEA3,0.12571428571428572,1,CMGC,CDK,CCRK,CDK20
CDK3,142.66666666666666,145,KEA3,0.5085714285714286,3,CMGC,CDK,CDC2,CDK3
CDK4,67,48,KEA3,0.8485714285714285,4,CMGC,CDK,CDK4,CDK4
CDK5,65,47,KEA3,0.8542857142857143,4,CMGC,CDK,CDK5,CDK5
CDK6,129.33333333333334,130,KEA3,0.56,3,CMGC,CDK,CDK4,CDK6
CDK7,88,76,KEA3,0.7485714285714286,3,CMGC,CDK,CDK7,CDK7
CDK8,207,205,KEA3,0.29714285714285715,2,CMGC,CDK,CDK8,CDK8
CDK9,134.66666666666666,134,KEA3,0.5457142857142857,3,CMGC,CDK,CDK9,CDK9
CDKL3,302,270,KEA3,0.09142857142857143,1,CMGC,CDKL,CDKL,CDKL3
CDKL5,89.5,79,KEA3,0.74,3,CMGC,CDKL,CDKL,CDKL5
CHEK1,80,65,KEA3,0.7942857142857143,4,CAMK,CAMKL,CHK1,CHEK1
CHEK2,112,110,KEA3,0.6285714285714286,3,CAMK,RAD53,RAD53,CHEK2
CHUK,70.33333333333333,51,KEA3,0.8342857142857143,4,OTHER,IKK,IKK,CHUK
CLK1,98,87,KEA3,0.7057142857142857,3,CMGC,CLK,CLK,CLK1
CLK2,93,82,KEA3,0.7285714285714285,3,CMGC,CLK,CLK,CLK2
CLK3,208,207,KEA3,0.2885714285714286,2,CMGC,CLK,CLK,CLK3
CLK4,321,287,KEA3,0.04285714285714286,1,CMGC,CLK,CLK,CLK4
CSF1R,102,95,KEA3,0.6771428571428572,3,TK,PDGFR,PDGFR,CSF1R
CSK,159.33333333333334,166,KEA3,0.4228571428571429,2,TK,CSK,CSK,CSK
CSNK1A1,62,41,KEA3,0.8714285714285714,4,CK1,CK1,CK1-A,CSNK1A1
CSNK1A1L,337,300,KEA3,0.005714285714285714,1,CK1,CK1,CK1-A,CSNK1A1L
CSNK1D,95.66666666666667,85,KEA3,0.7171428571428572,3,CK1,CK1,CK1-D,CSNK1D
CSNK1E,109.33333333333333,107,KEA3,0.6371428571428571,3,CK1,CK1,CK1-D,CSNK1E
CSNK1G1,127,124,KEA3,0.5828571428571429,3,CK1,CK1,CK1-G,CSNK1G1
CSNK1G2,199,197,KEA3,0.32285714285714284,2,CK1,CK1,CK1-G,CSNK1G2
CSNK1G3,249,233,KEA3,0.20285714285714285,1,CK1,CK1,CK1-G,CSNK1G3
CSNK2A1,39.333333333333336,22,KEA3,0.9342857142857143,4,CMGC,CK2,CK2,CSNK2A1
CSNK2A2,112.66666666666667,111,KEA3,0.6257142857142857,3,CMGC,CK2,CK2,CSNK2A2
DAPK1,178,182,KEA3,0.36857142857142855,2,CAMK,DAPK,DAPK,DAPK1
DAPK3,204.33333333333334,202,KEA3,0.30857142857142855,2,CAMK,DAPK,DAPK,DAPK3
DCLK1,258,239,KEA3,0.18285714285714286,1,CAMK,DCAMKL,DCAMKL,DCLK1
DDR1,101.5,93,KEA3,0.6857142857142857,3,TK,DDR,DDR,DDR1
DDR2,204,201,KEA3,0.31142857142857144,2,TK,DDR,DDR,DDR2
DMPK,90,80,KEA3,0.7342857142857143,3,AGC,DMPK,GEK,DMPK
DYRK1A,137,138,KEA3,0.5314285714285715,3,CMGC,DYRK,DYRK1,DYRK1A
DYRK1B,104.66666666666667,97,KEA3,0.6714285714285714,3,CMGC,DYRK,DYRK1,DYRK1B
DYRK2,84.66666666666667,71,KEA3,0.7685714285714286,4,CMGC,DYRK,DYRK2,DYRK2
DYRK3,170,176,KEA3,0.38857142857142857,2,CMGC,DYRK,DYRK2,DYRK3
DYRK4,82,67,KEA3,0.7885714285714286,4,CMGC,DYRK,DYRK2,DYRK4
EEF2K,135.5,135,KEA3,0.5428571428571428,3,ATYPICAL,ALPHA,EEF2K,EEF2K
EGFR,15.333333333333334,7,KEA3,0.9771428571428571,4,TK,EGFR,EGFR,EGFR
EIF2AK1,314,281,KEA3,0.06,1,OTHER,PEK,HRI,EIF2AK1
EIF2AK2,143,146,KEA3,0.5028571428571429,3,OTHER,PEK,PKR,EIF2AK2
EIF2AK3,335,298,KEA3,0.011428571428571429,1,OTHER,PEK,PEK,EIF2AK3
EPHA2,320,286,KEA3,0.045714285714285714,1,TK,EPH,EPH,EPHA2
EPHA3,124,119,KEA3,0.5971428571428572,3,TK,EPH,EPH,EPHA3
EPHA4,325,290,KEA3,0.03428571428571429,1,TK,EPH,EPH,EPHA4
EPHA8,334,297,KEA3,0.014285714285714285,1,TK,EPH,EPH,EPHA8
EPHB1,322,288,KEA3,0.04,1,TK,EPH,EPH,EPHB1
EPHB2,289,260,KEA3,0.12,1,TK,EPH,EPH,EPHB2
EPHB3,208,207,KEA3,0.2885714285714286,2,TK,EPH,EPH,EPHB3
ERBB2,141.5,144,KEA3,0.5142857142857142,3,TK,EGFR,EGFR,ERBB2
ERBB4,319,285,KEA3,0.04857142857142857,1,TK,EGFR,EGFR,ERBB4
FASTK,225.5,219,KEA3,0.25142857142857145,2,ATYPICAL,FAST,FAST,FASTK
FER,28.5,15,KEA3,0.9542857142857143,4,TK,FER,FER,FER
FES,164,170,KEA3,0.4085714285714286,2,TK,FER,FER,FES
FGFR1,138.66666666666666,142,KEA3,0.52,3,TK,FGFR,FGFR,FGFR1
FGFR2,98.5,88,KEA3,0.7028571428571428,3,TK,FGFR,FGFR,FGFR2
FGFR3,183,184,KEA3,0.36,2,TK,FGFR,FGFR,FGFR3
FGFR4,113,112,KEA3,0.6228571428571429,3,TK,FGFR,FGFR,FGFR4
FGR,43.5,26,KEA3,0.9171428571428571,4,TK,SRC,SRCA,FGR
FLT1,306,274,KEA3,0.08,1,TK,VEGFR,VEGFR,FLT1
FLT3,195,195,KEA3,0.32857142857142857,2,TK,PDGFR,PDGFR,FLT3
FLT4,261,242,KEA3,0.1742857142857143,1,TK,VEGFR,VEGFR,FLT4
FRK,137.5,140,KEA3,0.5257142857142857,3,TK,SRC,FRK,FRK
FYN,51.333333333333336,34,KEA3,0.8914285714285715,4,TK,SRC,SRCA,FYN
GRK1,330,294,KEA3,0.022857142857142857,1,AGC,GRK,GRK,GRK1
GRK2,14,6,KEA3,0.98,4,AGC,GRK,BARK,GRK2
GRK3,76.5,60,KEA3,0.8085714285714286,4,AGC,GRK,BARK,GRK3
GRK5,40.666666666666664,23,KEA3,0.9285714285714286,4,AGC,GRK,GRK,GRK5
GRK6,128.66666666666666,128,KEA3,0.5685714285714286,3,AGC,GRK,GRK,GRK6
GSK3A,105.33333333333333,98,KEA3,0.6685714285714286,3,CMGC,GSK,GSK,GSK3A
GSK3B,30.333333333333332,17,KEA3,0.9485714285714286,4,CMGC,GSK,GSK,GSK3B
HASPIN,222,217,KEA3,0.2571428571428571,2,OTHER,HASPIN,HASPIN,HASPIN
HCK,107.33333333333333,103,KEA3,0.6485714285714286,3,TK,SRC,SRCB,HCK
HIPK1,155,159,KEA3,0.4542857142857143,2,CMGC,DYRK,HIPK,HIPK1
HIPK2,130.33333333333334,132,KEA3,0.5542857142857143,3,CMGC,DYRK,HIPK,HIPK2
HIPK3,290,261,KEA3,0.11714285714285715,1,CMGC,DYRK,HIPK,HIPK3
HIPK4,83,68,KEA3,0.7828571428571428,4,CMGC,DYRK,HIPK,HIPK4
ICK,277,251,KEA3,0.1457142857142857,1,CMGC,RCK,RCK,CILK1
IGF1R,110.33333333333333,109,KEA3,0.6314285714285715,3,TK,INSR,INSR,IGF1R
IKBKB,57,37,KEA3,0.8828571428571429,4,OTHER,IKK,IKK,IKBKB
IKBKE,48.333333333333336,32,KEA3,0.8971428571428571,4,OTHER,IKK,IKK,IKBKE
ILK,100.66666666666667,91,KEA3,0.6914285714285714,3,TKL,MLK,ILK,ILK
INSR,101.33333333333333,92,KEA3,0.6885714285714286,3,TK,INSR,INSR,INSR
IRAK1,186.5,189,KEA3,0.3457142857142857,2,TKL,IRAK,IRAK,IRAK1
IRAK3,246,230,KEA3,0.21428571428571427,1,TKL,IRAK,IRAK,IRAK3
IRAK4,288,259,KEA3,0.12285714285714286,1,TKL,IRAK,IRAK,IRAK4
ITK,159.33333333333334,166,KEA3,0.4228571428571429,2,TK,TEC,TEC,ITK
JAK1,185.5,187,KEA3,0.3514285714285714,2,TK,JAKA,JAKA,JAK1
JAK2,64,45,KEA3,0.86,4,TK,JAKA,JAKA,JAK2
JAK3,159,165,KEA3,0.42857142857142855,2,TK,JAKA,JAKA,JAK3
KDR,300,268,KEA3,0.09714285714285714,1,TK,VEGFR,VEGFR,KDR
KIT,200,199,KEA3,0.3171428571428571,2,TK,PDGFR,PDGFR,KIT
KSR1,264,243,KEA3,0.17142857142857143,1,TKL,RAF,KSR,KSR1
KSR2,153,155,KEA3,0.4657142857142857,2,TKL,RAF,KSR,KSR2
LATS1,190.33333333333334,192,KEA3,0.33714285714285713,2,AGC,NDR,NDR,LATS1
LATS2,160.5,169,KEA3,0.4114285714285714,2,AGC,NDR,NDR,LATS2
LCK,17,8,KEA3,0.9742857142857143,4,TK,SRC,SRCB,LCK
LIMK1,278,252,KEA3,0.14285714285714285,1,TKL,LISK,LIMK,LIMK1
LIMK2,206.5,204,KEA3,0.3028571428571429,2,TKL,LISK,LIMK,LIMK2
LRRK2,127.5,125,KEA3,0.58,3,TKL,LRRK,LRRK,LRRK2
LYN,84,69,KEA3,0.7771428571428571,4,TK,SRC,SRCB,LYN
MAK,253,235,KEA3,0.19714285714285715,1,CMGC,RCK,RCK,MAK
MAP2K1,86.66666666666667,74,KEA3,0.7571428571428571,4,STE,STE7,MEK1,MAP2K1
MAP2K2,222,217,KEA3,0.2571428571428571,2,STE,STE7,MEK1,MAP2K2
MAP2K3,238,225,KEA3,0.2342857142857143,1,STE,STE7,MEK3,MAP2K3
MAP2K4,167.66666666666666,175,KEA3,0.3914285714285714,2,STE,STE7,MEK4,MAP2K4
MAP2K6,183.33333333333334,185,KEA3,0.35714285714285715,2,STE,STE7,MEK3,MAP2K6
MAP2K7,99,90,KEA3,0.6942857142857143,3,STE,STE7,MEK7,MAP2K7
MAP3K1,245,229,KEA3,0.22285714285714286,1,STE,STE11,MEKK1,MAP3K1
MAP3K10,265,244,KEA3,0.16857142857142857,1,TKL,MLK,MLK,MAP3K10
MAP3K11,196.66666666666666,196,KEA3,0.32571428571428573,2,TKL,MLK,MLK,MAP3K11
MAP3K13,246,230,KEA3,0.21428571428571427,1,TKL,MLK,LZK,MAP3K13
MAP3K14,126.66666666666667,123,KEA3,0.5857142857142857,3,STE,STE-UNIQUE,STE-UNIQUE,MAP3K14
MAP3K20,274,249,KEA3,0.15142857142857144,1,TKL,MLK,ZAK,MAP3K20
MAP3K3,285,257,KEA3,0.12857142857142856,1,STE,STE11,MEKK2,MAP3K3
MAP3K4,303,271,KEA3,0.08857142857142856,1,STE,STE11,MEKK4,MAP3K4
MAP3K5,165.66666666666666,172,KEA3,0.4,2,STE,STE11,ASK,MAP3K5
MAP3K6,250,234,KEA3,0.2,1,STE,STE11,ASK,MAP3K6
MAP3K7,109.66666666666667,108,KEA3,0.6342857142857142,3,TKL,MLK,TAK1,MAP3K7
MAP3K8,117.5,116,KEA3,0.6114285714285714,3,STE,STE-UNIQUE,STE-UNIQUE,MAP3K8
MAP4K1,256,238,KEA3,0.18857142857142858,1,STE,STE20,KHS,MAP4K1
MAP4K2,176,180,KEA3,0.3742857142857143,2,STE,STE20,KHS,MAP4K2
MAP4K3,294,264,KEA3,0.10857142857142857,1,STE,STE20,KHS,MAP4K3
MAP4K4,122,118,KEA3,0.6028571428571429,3,STE,STE20,MSN,MAP4K4
MAP4K5,160.5,169,KEA3,0.4114285714285714,2,STE,STE20,KHS,MAP4K5
MAPK1,21.666666666666668,11,KEA3,0.9657142857142857,4,CMGC,MAPK,ERK1,MAPK1
MAPK10,116.33333333333333,115,KEA3,0.6142857142857143,3,CMGC,MAPK,JNK,MAPK10
MAPK11,107.33333333333333,103,KEA3,0.6485714285714286,3,CMGC,MAPK,P38,MAPK11
MAPK12,108.33333333333333,106,KEA3,0.64,3,CMGC,MAPK,P38,MAPK12
MAPK13,167.33333333333334,174,KEA3,0.3942857142857143,2,CMGC,MAPK,P38,MAPK13
MAPK14,47,29,KEA3,0.9057142857142857,4,CMGC,MAPK,P38,MAPK14
MAPK15,207,205,KEA3,0.29714285714285715,2,CMGC,MAPK,ERK7,MAPK15
MAPK3,34.333333333333336,18,KEA3,0.9457142857142857,4,CMGC,MAPK,ERK1,MAPK3
MAPK6,188,191,KEA3,0.34,2,CMGC,MAPK,ERK3,MAPK6
MAPK7,128.66666666666666,128,KEA3,0.5685714285714286,3,CMGC,MAPK,ERK5,MAPK7
MAPK8,80.66666666666667,66,KEA3,0.7914285714285715,4,CMGC,MAPK,JNK,MAPK8
MAPK9,62.333333333333336,42,KEA3,0.8685714285714285,4,CMGC,MAPK,JNK,MAPK9
MAPKAPK2,71,52,KEA3,0.8314285714285714,4,CAMK,MAPKAPK,MAPKAPK,MAPKAPK2
MAPKAPK3,297,265,KEA3,0.10571428571428572,1,CAMK,MAPKAPK,MAPKAPK,MAPKAPK3
MAPKAPK5,45.666666666666664,28,KEA3,0.9085714285714286,4,CAMK,MAPKAPK,MAPKAPK,MAPKAPK5
MARK2,84,69,KEA3,0.7771428571428571,4,CAMK,CAMKL,MARK,MARK2
MARK3,77.66666666666667,62,KEA3,0.8028571428571428,4,CAMK,CAMKL,MARK,MARK3
MARK4,333,296,KEA3,0.017142857142857144,1,CAMK,CAMKL,MARK,MARK4
MAST1,244.5,228,KEA3,0.2257142857142857,1,AGC,MAST,MAST,MAST1
MAST2,313,280,KEA3,0.06285714285714286,1,AGC,MAST,MAST,MAST2
MATK,187,190,KEA3,0.34285714285714286,2,TK,CSK,CSK,MATK
MELK,304,272,KEA3,0.08571428571428572,1,CAMK,CAMKL,MELK,MELK
MERTK,154,157,KEA3,0.46,2,TK,AXL,AXL,MERTK
MET,114.33333333333333,113,KEA3,0.62,3,TK,MET,MET,MET
MKNK1,183,184,KEA3,0.36,2,CAMK,MAPKAPK,MNK,MKNK1
MKNK2,216,214,KEA3,0.26857142857142857,2,CAMK,MAPKAPK,MNK,MKNK2
MOK,236.5,223,KEA3,0.24,1,CMGC,RCK,RCK,MOK
MOS,301,269,KEA3,0.09428571428571429,1,OTHER,MOS,MOS,MOS
MST1R,158,163,KEA3,0.44,2,TK,MET,MET,MST1R
MTOR,124,119,KEA3,0.5971428571428572,3,ATYPICAL,PIKK,FRAP,MTOR
MYLK2,223.5,218,KEA3,0.2542857142857143,2,CAMK,MLCK,MLCK,MYLK2
MYO3A,268,247,KEA3,0.16,1,STE,STE20,NINAC,MYO3A
NEK10,282,255,KEA3,0.13428571428571429,1,OTHER,NEK,NEK10,NEK10
NEK11,312,279,KEA3,0.06571428571428571,1,OTHER,NEK,NEK11,NEK11
NEK2,98.66666666666667,89,KEA3,0.6971428571428572,3,OTHER,NEK,NEK2,NEK2
NEK3,158.5,164,KEA3,0.43714285714285717,2,OTHER,NEK,NEK1,NEK3
NEK4,174,179,KEA3,0.38,2,OTHER,NEK,NEK4,NEK4
NEK6,106.66666666666667,101,KEA3,0.66,3,OTHER,NEK,NEK6,NEK6
NEK8,214.5,213,KEA3,0.2714285714285714,2,OTHER,NEK,NEK8,NEK8
NEK9,86,72,KEA3,0.7628571428571429,4,OTHER,NEK,NEK8,NEK9
NIM1K,266,245,KEA3,0.1657142857142857,1,CAMK,CAMKL,NIM1,NIM1K
NLK,142.66666666666666,145,KEA3,0.5085714285714286,3,CMGC,MAPK,NMO,NLK
NPR2,102.5,96,KEA3,0.6742857142857143,3,RGC,RGC,RGC,NPR2
NRBP2,227,220,KEA3,0.24857142857142858,1,OTHER,NRBP,NRBP,NRBP2
NTRK1,89,78,KEA3,0.7428571428571429,3,TK,TRK,TRK,NTRK1
NTRK2,27,14,KEA3,0.9571428571428572,4,TK,TRK,TRK,NTRK2
NTRK3,247,231,KEA3,0.21142857142857144,1,TK,TRK,TRK,NTRK3
NUAK1,159,165,KEA3,0.42857142857142855,2,CAMK,CAMKL,NUAK,NUAK1
NUAK2,292,262,KEA3,0.11428571428571428,1,CAMK,CAMKL,NUAK,NUAK2
OXSR1,274,249,KEA3,0.15142857142857144,1,STE,STE20,FRAY,OXSR1
PAK1,40.666666666666664,23,KEA3,0.9285714285714286,4,STE,STE20,PAKA,PAK1
PAK2,148.66666666666666,151,KEA3,0.48,2,STE,STE20,PAKA,PAK2
PAK3,259,240,KEA3,0.18,1,STE,STE20,PAKA,PAK3
PAK4,48.666666666666664,33,KEA3,0.8942857142857142,4,STE,STE20,PAKB,PAK4
PAK5,327,292,KEA3,0.02857142857142857,1,STE,STE20,PAKB,PAK5
PAK6,107,102,KEA3,0.6542857142857142,3,STE,STE20,PAKB,PAK6
PASK,138,141,KEA3,0.5228571428571429,3,CAMK,CAMKL,PASK,PASK
PBK,86,72,KEA3,0.7628571428571429,4,OTHER,TOPK,TOPK,PBK
PDGFRA,202,200,KEA3,0.3142857142857143,2,TK,PDGFR,PDGFR,PDGFRA
PDGFRB,137.33333333333334,139,KEA3,0.5285714285714286,3,TK,PDGFR,PDGFR,PDGFRB
PDIK1L,299,267,KEA3,0.1,1,OTHER,NKF4,NKF4,PDIK1L
PDK1,156.5,161,KEA3,0.44857142857142857,2,ATYPICAL,PDHK,PDHK,PDK1
PDPK1,108,105,KEA3,0.6428571428571429,3,AGC,PDK1,PDK1,PDPK1
PIK3CA,194,193,KEA3,0.3342857142857143,2,NA,NA,NA,PIK3CA
PIK3CB,336,299,KEA3,0.008571428571428572,1,NA,NA,NA,PIK3CB
PIK3CG,310,277,KEA3,0.07142857142857142,1,NA,NA,NA,PIK3CG
PIK3R4,260,241,KEA3,0.17714285714285713,1,OTHER,VPS15,VPS15,PIK3R4
PIM1,61.333333333333336,40,KEA3,0.8742857142857143,4,CAMK,PIM,PIM,PIM1
PIM2,184,186,KEA3,0.35428571428571426,2,CAMK,PIM,PIM,PIM2
PINK1,151,154,KEA3,0.4685714285714286,2,OTHER,NKF2,NKF2,PINK1
PKMYT1,280,254,KEA3,0.13714285714285715,1,OTHER,WEE,WEE,PKMYT1
PKN1,125.66666666666667,121,KEA3,0.5914285714285714,3,AGC,PKN,PKN,PKN1
PLK1,55,36,KEA3,0.8857142857142857,4,OTHER,PLK,PLK1,PLK1
PLK2,154.5,158,KEA3,0.45714285714285713,2,OTHER,PLK,PLK2,PLK2
PLK3,60.33333333333333,39,KEA3,0.8771428571428571,4,OTHER,PLK,PLK2,PLK3
PLK4,131,133,KEA3,0.5485714285714286,3,OTHER,PLK,SAK,PLK4
PNCK,179,183,KEA3,0.3657142857142857,2,CAMK,CAMK1,CAMK1,PNCK
PRKAA1,10.666666666666666,4,KEA3,0.9857142857142858,4,CAMK,CAMKL,AMPK,PRKAA1
PRKAA2,96,86,KEA3,0.7142857142857143,3,CAMK,CAMKL,AMPK,PRKAA2
PRKACA,2.6666666666666665,1,KEA3,0.9971428571428571,4,AGC,PKA,PKA,PRKACA
PRKACB,248,232,KEA3,0.20857142857142857,1,AGC,PKA,PKA,PRKACB
PRKCA,5,2,KEA3,0.9942857142857143,4,AGC,PKC,ALPHA,PRKCA
PRKCB,45.666666666666664,28,KEA3,0.9085714285714286,4,AGC,PKC,ALPHA,PRKCB
PRKCD,54.333333333333336,35,KEA3,0.8885714285714286,4,AGC,PKC,DELTA,PRKCD
PRKCE,64.33333333333333,46,KEA3,0.8571428571428571,4,AGC,PKC,ETA,PRKCE
PRKCG,86.33333333333333,73,KEA3,0.76,4,AGC,PKC,ALPHA,PRKCG
PRKCH,148,149,KEA3,0.4857142857142857,2,AGC,PKC,ETA,PRKCH
PRKCI,47.333333333333336,30,KEA3,0.9028571428571428,4,AGC,PKC,IOTA,PRKCI
PRKCQ,13,5,KEA3,0.9828571428571429,4,AGC,PKC,DELTA,PRKCQ
PRKCZ,84.33333333333333,70,KEA3,0.7714285714285715,4,AGC,PKC,IOTA,PRKCZ
PRKD1,18.333333333333332,9,KEA3,0.9714285714285714,4,CAMK,PKD,PKD,PRKD1
PRKD2,171.33333333333334,178,KEA3,0.38285714285714284,2,CAMK,PKD,PKD,PRKD2
PRKD3,255,237,KEA3,0.19142857142857142,1,CAMK,PKD,PKD,PRKD3
PRKDC,57.333333333333336,38,KEA3,0.88,4,ATYPICAL,PIKK,DNAPK,PRKDC
PRKG1,6.666666666666667,3,KEA3,0.9914285714285714,4,AGC,PKG,PKG,PRKG1
PRKG2,233,222,KEA3,0.24285714285714285,1,AGC,PKG,PKG,PRKG2
PRKX,74,58,KEA3,0.8142857142857143,4,AGC,PKA,PKA,PRKX
PRKY,147,148,KEA3,0.49142857142857144,2,AGC,PKA,PKA,PRKY
PRPF4B,170.5,177,KEA3,0.38571428571428573,2,CMGC,DYRK,PRP4,PRPF4B
PTK2,106,99,KEA3,0.6657142857142857,3,TK,FAK,FAK,PTK2
PTK2B,62.666666666666664,43,KEA3,0.8657142857142858,4,TK,FAK,FAK,PTK2B
PTK6,76,59,KEA3,0.8114285714285714,4,TK,SRC,SRM,PTK6
PXK,120,117,KEA3,0.6085714285714285,3,OTHER,SLOB,SLOB,PXK
RAF1,102,95,KEA3,0.6771428571428572,3,TKL,RAF,RAF,RAF1
RET,84.33333333333333,70,KEA3,0.7714285714285715,4,TK,RET,RET,RET
RIOK1,283,256,KEA3,0.13142857142857142,1,ATYPICAL,RIO,RIO1,RIOK1
RIPK1,160,168,KEA3,0.41714285714285715,2,TKL,RIPK,RIPK,RIPK1
RIPK2,208.5,208,KEA3,0.2857142857142857,2,TKL,RIPK,RIPK,RIPK2
RIPK3,129,129,KEA3,0.5628571428571428,3,TKL,RIPK,RIPK,RIPK3
ROCK1,93.33333333333333,83,KEA3,0.7257142857142858,3,AGC,DMPK,ROCK,ROCK1
ROCK2,148,149,KEA3,0.4857142857142857,2,AGC,DMPK,ROCK,ROCK2
RPS6KA1,10.666666666666666,4,KEA3,0.9857142857142858,4,AGC,RSK,RSK,RPS6KA1
RPS6KA2,69,49,KEA3,0.84,4,AGC,RSK,RSK,RPS6KA2
RPS6KA3,25,12,KEA3,0.9628571428571429,4,AGC,RSK,RSK,RPS6KA3
RPS6KA4,69,49,KEA3,0.84,4,AGC,RSK,MSK,RPS6KA4
RPS6KA5,42.666666666666664,25,KEA3,0.92,4,AGC,RSK,MSK,RPS6KA5
RPS6KB1,36.666666666666664,20,KEA3,0.94,4,AGC,RSK,P70,RPS6KB1
RPS6KB2,165.66666666666666,172,KEA3,0.4,2,AGC,RSK,P70,RPS6KB2
RPS6KL1,311,278,KEA3,0.06857142857142857,1,AGC,RSKL,RSKL,RPS6KL1
SCYL1,326,291,KEA3,0.03142857142857143,1,OTHER,SCY1,SCY1,SCYL1
SCYL2,125,120,KEA3,0.5942857142857143,3,OTHER,SCY1,SCY1,SCYL2
SCYL3,246,230,KEA3,0.21428571428571427,1,OTHER,SCY1,SCY1,SCYL3
SGK1,94.66666666666667,84,KEA3,0.7228571428571429,3,AGC,SGK,SGK,SGK1
SGK2,149,152,KEA3,0.4742857142857143,2,AGC,SGK,SGK,SGK2
SGK3,157,162,KEA3,0.44285714285714284,2,AGC,SGK,SGK,SGK3
SIK1,212.5,210,KEA3,0.28,2,CAMK,CAMKL,QIK,SIK1
SIK2,307,275,KEA3,0.07714285714285714,1,CAMK,CAMKL,QIK,SIK2
SMG1,329,293,KEA3,0.025714285714285714,1,ATYPICAL,PIKK,SMG1,SMG1
SNRK,220.5,216,KEA3,0.26285714285714284,2,CAMK,CAMKL,SNRK,SNRK
SRC,2.6666666666666665,1,KEA3,0.9971428571428571,4,TK,SRC,SRCA,SRC
SRMS,115,114,KEA3,0.6171428571428571,3,TK,SRC,SRM,SRMS
SRPK1,150,153,KEA3,0.4714285714285714,2,CMGC,SRPK,SRPK,SRPK1
SRPK2,107.5,104,KEA3,0.6457142857142857,3,CMGC,SRPK,SRPK,SRPK2
STK10,69,49,KEA3,0.84,4,STE,STE20,SLK,STK10
STK11,90,80,KEA3,0.7342857142857143,3,CAMK,CAMKL,LKB,STK11
STK16,83,68,KEA3,0.7828571428571428,4,OTHER,NAK,MPSK,STK16
STK17A,73,56,KEA3,0.82,4,CAMK,DAPK,DRAK,STK17A
STK24,143,146,KEA3,0.5028571428571429,3,STE,STE20,YSK,STK24
STK25,159.5,167,KEA3,0.42,2,STE,STE20,YSK,STK25
STK26,73.5,57,KEA3,0.8171428571428572,4,STE,STE20,YSK,STK26
STK3,135.66666666666666,136,KEA3,0.54,3,STE,STE20,MST,STK3
STK33,267,246,KEA3,0.16285714285714287,1,CAMK,CAMK-UNIQUE,CAMK-UNIQUE,STK33
STK36,243.5,227,KEA3,0.22857142857142856,1,OTHER,ULK,FUSED,STK36
STK38,176,180,KEA3,0.3742857142857143,2,AGC,NDR,NDR,STK38
STK38L,214,212,KEA3,0.2742857142857143,2,AGC,NDR,NDR,STK38L
STK39,122,118,KEA3,0.6028571428571429,3,STE,STE20,FRAY,STK39
STK4,147,148,KEA3,0.49142857142857144,2,STE,STE20,MST,STK4
STK40,207.5,206,KEA3,0.29428571428571426,2,CAMK,SGK495,SGK495,STK40
STYK1,205.5,203,KEA3,0.3057142857142857,2,TK,TK-UNIQUE,TK-UNIQUE,STYK1
SYK,47.666666666666664,31,KEA3,0.9,4,TK,SYK,SYK,SYK
TAOK1,308,276,KEA3,0.07428571428571429,1,STE,STE20,TAO,TAOK1
TBK1,63.666666666666664,44,KEA3,0.8628571428571429,4,OTHER,IKK,IKK,TBK1
TEC,157,162,KEA3,0.44285714285714284,2,TK,TEC,TEC,TEC
TEK,317,283,KEA3,0.054285714285714284,1,TK,TIE,TIE,TEK
TESK1,293,263,KEA3,0.11142857142857143,1,TKL,LISK,TESK,TESK1
TESK2,147,148,KEA3,0.49142857142857144,2,TKL,LISK,TESK,TESK2
TGFBR1,148.5,150,KEA3,0.4828571428571429,2,TKL,STKR,TYPE1,TGFBR1
TGFBR2,70,50,KEA3,0.8371428571428572,4,TKL,STKR,TYPE2,TGFBR2
TLK1,339,302,KEA3,0,1,OTHER,TLK,TLK,TLK1
TNIK,318,284,KEA3,0.05142857142857143,1,STE,STE20,MSN,TNIK
TNK2,129,129,KEA3,0.5628571428571428,3,TK,ACK,ACK,TNK2
TNNI3K,67,48,KEA3,0.8485714285714285,4,TKL,MLK,HH498,TNNI3K
TP53RK,338,301,KEA3,0.002857142857142857,1,OTHER,BUD32,BUD32,TP53RK
TRIB3,139.5,143,KEA3,0.5171428571428571,3,CAMK,TRBL,TRBL,TRIB3
TRPM7,153.5,156,KEA3,0.46285714285714286,2,ATYPICAL,ALPHA,CHAK,TRPM7
TTK,144,147,KEA3,0.5,3,OTHER,TTK,TTK,TTK
TXK,272,248,KEA3,0.15714285714285714,1,TK,TEC,TEC,TXK
TYK2,128.33333333333334,126,KEA3,0.5771428571428572,3,TK,JAKA,JAKA,TYK2
TYRO3,149,152,KEA3,0.4742857142857143,2,TK,AXL,AXL,TYRO3
UHMK1,136,137,KEA3,0.5342857142857143,3,OTHER,KIS,KIS,UHMK1
ULK1,194.5,194,KEA3,0.3314285714285714,2,OTHER,ULK,ULK,ULK1
VRK1,166.66666666666666,173,KEA3,0.39714285714285713,2,CK1,VRK,VRK,VRK1
VRK3,249,233,KEA3,0.20285714285714285,1,CK1,VRK,VRK,VRK3
WEE1,77,61,KEA3,0.8057142857142857,4,OTHER,WEE,WEE,WEE1
WNK1,130,131,KEA3,0.5571428571428572,3,OTHER,WNK,WNK,WNK1
YES1,98.66666666666667,89,KEA3,0.6971428571428572,3,TK,SRC,SRCA,YES1
ZAP70,78.66666666666667,64,KEA3,0.7971428571428572,4,TK,SYK,SYK,ZAP70
CAMK4,3.6655462488490698,1,UKA,0.9666666666666667,4,CAMK,CAMK1,CAMK1,CAMK4
CAMK4,3.6655462488490698,1,UKA,0.9666666666666667,4,OTHER,CAMKK,META,CAMKK1
PRKX,2.624153563690844,3,UKA,0.95,4,AGC,PKA,PKA,PRKX
PIM2,2.1214782044987937,10,UKA,0.8916666666666667,4,CAMK,PIM,PIM,PIM2
PIM1,2.085762652232259,11,UKA,0.875,4,CAMK,PIM,PIM,PIM1
MAPKAPK2,1.644356949779131,20,UKA,0.8,4,CAMK,MAPKAPK,MAPKAPK,MAPKAPK2
CDK10,1.6048484084954575,21,UKA,0.7916666666666666,4,CMGC,CDK,CDK10,CDK10
PLK3,1.5102102113840077,24,UKA,0.7666666666666667,4,OTHER,PLK,PLK2,PLK3
MAPKAPK3,1.4480623046351628,28,UKA,0.7333333333333333,3,CAMK,MAPKAPK,MAPKAPK,MAPKAPK3
PRKY,1.0712765019473585,36,UKA,0.6666666666666666,3,AGC,PKA,PKA,PRKY
CDK3,1.0422969584511688,40,UKA,0.6333333333333333,3,CMGC,CDK,CDC2,CDK3
ATR,0.9760729527533192,44,UKA,0.6,3,ATYPICAL,PIKK,ATR,ATR
CDKL1,0.8528061496315487,51,UKA,0.5416666666666666,3,CMGC,CDKL,CDKL,CDKL1
SGK2,0.8138803032141969,52,UKA,0.5333333333333333,3,AGC,SGK,SGK,SGK2
SGK2,0.8138803032141969,52,UKA,0.5333333333333333,3,AGC,SGK,SGK,SGK3
PAK1,0.7040460555233359,58,UKA,0.48333333333333334,2,STE,STE20,PAKA,PAK1
SGK1,0.671343189042798,59,UKA,0.475,2,AGC,SGK,SGK,SGK1
CDK9,0.6094463921488263,60,UKA,0.4666666666666667,2,CMGC,CDK,CDK9,CDK9
CDKL2,0.49344341037885553,64,UKA,0.43333333333333335,2,CMGC,CDKL,CDKL,CDKL2
ROCK1,0.43663284285438103,69,UKA,0.39166666666666666,2,AGC,DMPK,ROCK,ROCK1
ARAF,0.425996528008596,70,UKA,0.375,2,TKL,RAF,RAF,ARAF
PIM3,0.425996528008596,70,UKA,0.375,2,CAMK,PIM,PIM,PIM3
BRAF,0.4190476680532682,71,UKA,0.36666666666666664,2,TKL,RAF,RAF,BRAF
CDK7,0.41192559171871074,73,UKA,0.35,2,CMGC,CDK,CDK7,CDK7
DAPK2,0.40325340087003625,75,UKA,0.3333333333333333,2,CAMK,DAPK,DAPK,DAPK2
CDK6,0.34429312688717034,82,UKA,0.275,2,CMGC,CDK,CDK4,CDK6
NUAK1,0.3409232705229613,83,UKA,0.26666666666666666,2,CAMK,CAMKL,NUAK,NUAK1
CDK4,0.2500566325120821,91,UKA,0.2,1,CMGC,CDK,CDK4,CDK4
ROCK2,0.23421652470719828,93,UKA,0.18333333333333332,1,AGC,DMPK,ROCK,ROCK2
CDK2,0.22773698568637332,94,UKA,0.175,1,CMGC,CDK,CDC2,CDK2
DYRK1A,0.17987341921113248,96,UKA,0.15833333333333333,1,CMGC,DYRK,DYRK1,DYRK1A
CDKL5,0.15026710936479598,99,UKA,0.13333333333333333,1,CMGC,CDKL,CDKL,CDKL5
RAF1,0.11355439867626808,102,UKA,0.10833333333333334,1,TKL,RAF,RAF,RAF1
CDK5,0.1008670363103375,104,UKA,0.09166666666666666,1,CMGC,CDK,CDK5,CDK5
MAPK14,0.04943265191417606,108,UKA,0.03333333333333333,1,CMGC,MAPK,P38,MAPK14
TBK1,0.00877392430750515,109,UKA,0.016666666666666666,1,OTHER,IKK,IKK,TBK1
ERK,-4.105833333333333,1,KRSA,0.9885297184567258,4,CMGC,MAPK,ERK1,MAPK1
ERK,-4.105833333333333,1,KRSA,0.9885297184567258,4,CMGC,MAPK,ERK7,MAPK15
ERK,-4.105833333333333,1,KRSA,0.9885297184567258,4,CMGC,MAPK,ERK1,MAPK3
ERK,-4.105833333333333,1,KRSA,0.9885297184567258,4,CMGC,MAPK,ERK3,MAPK4
ERK,-4.105833333333333,1,KRSA,0.9885297184567258,4,CMGC,MAPK,ERK3,MAPK6
ERK,-4.105833333333333,1,KRSA,0.9885297184567258,4,CMGC,MAPK,ERK5,MAPK7
DYRK,-3.788333333333333,2,KRSA,0.9760166840458812,4,CMGC,DYRK,DYRK1,DYRK1A
DYRK,-3.788333333333333,2,KRSA,0.9760166840458812,4,CMGC,DYRK,DYRK1,DYRK1B
DYRK,-3.788333333333333,2,KRSA,0.9760166840458812,4,CMGC,DYRK,DYRK2,DYRK2
DYRK,-3.788333333333333,2,KRSA,0.9760166840458812,4,CMGC,DYRK,DYRK2,DYRK3
DYRK,-3.788333333333333,2,KRSA,0.9760166840458812,4,CMGC,DYRK,DYRK2,DYRK4
DYRK,-3.788333333333333,2,KRSA,0.9760166840458812,4,CMGC,DYRK,HIPK,HIPK1
DYRK,-3.788333333333333,2,KRSA,0.9760166840458812,4,CMGC,DYRK,HIPK,HIPK2
DYRK,-3.788333333333333,2,KRSA,0.9760166840458812,4,CMGC,DYRK,HIPK,HIPK3
DYRK,-3.788333333333333,2,KRSA,0.9760166840458812,4,CMGC,DYRK,HIPK,HIPK4
DYRK,-3.788333333333333,2,KRSA,0.9760166840458812,4,CMGC,DYRK,PRP4,PRPF4B
PKCA,-1.9883333333333333,13,KRSA,0.8383733055265902,4,AGC,PKC,ALPHA,PRKCA
PKCA,-1.9883333333333333,13,KRSA,0.8383733055265902,4,AGC,PKC,ALPHA,PRKCB
PKCA,-1.9883333333333333,13,KRSA,0.8383733055265902,4,AGC,PKC,ALPHA,PRKCG
CDK,-3.195,6,KRSA,0.9259645464025026,4,CMGC,CDK,CDC2,CDK1
CDK,-3.195,6,KRSA,0.9259645464025026,4,CMGC,CDK,CDK10,CDK10
CDK,-3.195,6,KRSA,0.9259645464025026,4,CMGC,CDK,CRK7,CDK12
CDK,-3.195,6,KRSA,0.9259645464025026,4,CMGC,CDK,CRK7,CDK13
CDK,-3.195,6,KRSA,0.9259645464025026,4,CMGC,CDK,PFTAIRE,CDK14
CDK,-3.195,6,KRSA,0.9259645464025026,4,CMGC,CDK,PFTAIRE,CDK15
CDK,-3.195,6,KRSA,0.9259645464025026,4,CMGC,CDK,PCTAIRE,CDK16
CDK,-3.195,6,KRSA,0.9259645464025026,4,CMGC,CDK,PCTAIRE,CDK17
CDK,-3.195,6,KRSA,0.9259645464025026,4,CMGC,CDK,PCTAIRE,CDK18
CDK,-3.195,6,KRSA,0.9259645464025026,4,CMGC,CDK,CDK8,CDK19
CDK,-3.195,6,KRSA,0.9259645464025026,4,CMGC,CDK,CDC2,CDK2
CDK,-3.195,6,KRSA,0.9259645464025026,4,CMGC,CDK,CCRK,CDK20
CDK,-3.195,6,KRSA,0.9259645464025026,4,CMGC,CDK,CDC2,CDK3
CDK,-3.195,6,KRSA,0.9259645464025026,4,CMGC,CDK,CDK4,CDK4
CDK,-3.195,6,KRSA,0.9259645464025026,4,CMGC,CDK,CDK5,CDK5
CDK,-3.195,6,KRSA,0.9259645464025026,4,CMGC,CDK,CDK4,CDK6
CDK,-3.195,6,KRSA,0.9259645464025026,4,CMGC,CDK,CDK7,CDK7
CDK,-3.195,6,KRSA,0.9259645464025026,4,CMGC,CDK,CDK8,CDK8
CDK,-3.195,6,KRSA,0.9259645464025026,4,CMGC,CDK,CDK9,CDK9
CDK,-3.195,6,KRSA,0.9259645464025026,4,NA,NA,NA,CDK11A
CDK,-3.195,6,KRSA,0.9259645464025026,4,NA,NA,NA,CDK11B
PLK,-2.650833333333334,9,KRSA,0.8884254431699687,4,NA,NA,NA,PLK5
PLK,-2.650833333333334,9,KRSA,0.8884254431699687,4,OTHER,PLK,PLK1,PLK1
PLK,-2.650833333333334,9,KRSA,0.8884254431699687,4,OTHER,PLK,PLK2,PLK2
PLK,-2.650833333333334,9,KRSA,0.8884254431699687,4,OTHER,PLK,PLK2,PLK3
PLK,-2.650833333333334,9,KRSA,0.8884254431699687,4,OTHER,PLK,SAK,PLK4
P38,-3.0383333333333336,8,KRSA,0.9009384775808134,4,CMGC,MAPK,P38,MAPK11
P38,-3.0383333333333336,8,KRSA,0.9009384775808134,4,CMGC,MAPK,P38,MAPK12
P38,-3.0383333333333336,8,KRSA,0.9009384775808134,4,CMGC,MAPK,P38,MAPK13
P38,-3.0383333333333336,8,KRSA,0.9009384775808134,4,CMGC,MAPK,P38,MAPK14
PDK1,-3.658333333333333,3,KRSA,0.9635036496350365,4,ATYPICAL,PDHK,PDHK,PDK1
PDK1,-3.658333333333333,3,KRSA,0.9635036496350365,4,AGC,PDK1,PDK1,PDPK1
JNK,-3.5225,4,KRSA,0.9509906152241918,4,CMGC,MAPK,JNK,MAPK10
JNK,-3.5225,4,KRSA,0.9509906152241918,4,CMGC,MAPK,JNK,MAPK8
JNK,-3.5225,4,KRSA,0.9509906152241918,4,CMGC,MAPK,JNK,MAPK9
PKG,3.2,5,KRSA,0.9384775808133472,4,AGC,PKG,PKG,PRKG1
PKG,3.2,5,KRSA,0.9384775808133472,4,AGC,PKG,PKG,PRKG2
PEK,-2.6158333333333332,10,KRSA,0.8759124087591241,4,OTHER,PEK,HRI,EIF2AK1
PEK,-2.6158333333333332,10,KRSA,0.8759124087591241,4,OTHER,PEK,PKR,EIF2AK2
PEK,-2.6158333333333332,10,KRSA,0.8759124087591241,4,OTHER,PEK,PEK,EIF2AK3
PEK,-2.6158333333333332,10,KRSA,0.8759124087591241,4,OTHER,PEK,GCN2,EIF2AK4
RAF,-2.1,12,KRSA,0.8508863399374348,4,TKL,RAF,RAF,ARAF
RAF,-2.1,12,KRSA,0.8508863399374348,4,TKL,RAF,RAF,BRAF
RAF,-2.1,12,KRSA,0.8508863399374348,4,TKL,RAF,KSR,KSR1
RAF,-2.1,12,KRSA,0.8508863399374348,4,TKL,RAF,KSR,KSR2
RAF,-2.1,12,KRSA,0.8508863399374348,4,TKL,RAF,RAF,RAF1
PKA,3.111666666666667,7,KRSA,0.913451511991658,4,AGC,PKA,PKA,PRKACA
PKA,3.111666666666667,7,KRSA,0.913451511991658,4,AGC,PKA,PKA,PRKACB
PKA,3.111666666666667,7,KRSA,0.913451511991658,4,AGC,PKA,PKA,PRKACG
PKA,3.111666666666667,7,KRSA,0.913451511991658,4,AGC,PKA,PKA,PRKX
PKA,3.111666666666667,7,KRSA,0.913451511991658,4,AGC,PKA,PKA,PRKY
NMO,-2.370833333333333,11,KRSA,0.8633993743482794,4,CMGC,MAPK,NMO,NLK
MST,-1.9258333333333333,14,KRSA,0.8258602711157456,4,STE,STE20,MST,STK3
MST,-1.9258333333333333,14,KRSA,0.8258602711157456,4,STE,STE20,MST,STK4
QIK,-1.2875,20,KRSA,0.7382690302398331,3,CAMK,CAMKL,QIK,SIK1
QIK,-1.2875,20,KRSA,0.7382690302398331,3,CAMK,CAMKL,QIK,SIK2
CK1,-0.9975,34,KRSA,0.5630865484880083,3,CK1,CK1,CK1-A,CSNK1A1
CK1,-0.9975,34,KRSA,0.5630865484880083,3,CK1,CK1,CK1-A,CSNK1A1L
CK1,-0.9975,34,KRSA,0.5630865484880083,3,CK1,CK1,CK1-D,CSNK1D
CK1,-0.9975,34,KRSA,0.5630865484880083,3,CK1,CK1,CK1-D,CSNK1E
CK1,-0.9975,34,KRSA,0.5630865484880083,3,CK1,CK1,CK1-G,CSNK1G1
CK1,-0.9975,34,KRSA,0.5630865484880083,3,CK1,CK1,CK1-G,CSNK1G2
CK1,-0.9975,34,KRSA,0.5630865484880083,3,CK1,CK1,CK1-G,CSNK1G3
CK1,-0.9975,34,KRSA,0.5630865484880083,3,CK1,TTBK,TTBK,TTBK1
CK1,-0.9975,34,KRSA,0.5630865484880083,3,CK1,TTBK,TTBK,TTBK2
CK1,-0.9975,34,KRSA,0.5630865484880083,3,CK1,VRK,VRK,VRK3
MLCK,-0.4858333333333332,58,KRSA,0.2502606882168926,2,CAMK,MLCK,MLCK,MYLK
MLCK,-0.4858333333333332,58,KRSA,0.2502606882168926,2,CAMK,MLCK,MLCK,MYLK2
MLCK,-0.4858333333333332,58,KRSA,0.2502606882168926,2,CAMK,MLCK,MLCK,TTN
MTOR,-1.846666666666667,16,KRSA,0.8008342022940563,4,ATYPICAL,PIKK,FRAP,MTOR
STE7,-1.4516666666666669,17,KRSA,0.7883211678832117,4,STE,STE7,MEK1,MAP2K1
STE7,-1.4516666666666669,17,KRSA,0.7883211678832117,4,STE,STE7,MEK1,MAP2K2
STE7,-1.4516666666666669,17,KRSA,0.7883211678832117,4,STE,STE7,MEK3,MAP2K3
STE7,-1.4516666666666669,17,KRSA,0.7883211678832117,4,STE,STE7,MEK4,MAP2K4
STE7,-1.4516666666666669,17,KRSA,0.7883211678832117,4,STE,STE7,MEK5,MAP2K5
STE7,-1.4516666666666669,17,KRSA,0.7883211678832117,4,STE,STE7,MEK3,MAP2K6
STE7,-1.4516666666666669,17,KRSA,0.7883211678832117,4,STE,STE7,MEK7,MAP2K7
PHK,-1.2608333333333333,22,KRSA,0.7132429614181439,3,CAMK,PHK,PHK,PHKG1
PHK,-1.2608333333333333,22,KRSA,0.7132429614181439,3,CAMK,PHK,PHK,PHKG2
DAPK,-1.1416666666666666,25,KRSA,0.67570385818561,3,CAMK,DAPK,DAPK,DAPK1
DAPK,-1.1416666666666666,25,KRSA,0.67570385818561,3,CAMK,DAPK,DAPK,DAPK2
DAPK,-1.1416666666666666,25,KRSA,0.67570385818561,3,CAMK,DAPK,DAPK,DAPK3
DAPK,-1.1416666666666666,25,KRSA,0.67570385818561,3,CAMK,DAPK,DRAK,STK17A
DAPK,-1.1416666666666666,25,KRSA,0.67570385818561,3,CAMK,DAPK,DRAK,STK17B
ATR,-1.365,18,KRSA,0.7632950990615224,4,ATYPICAL,PIKK,ATR,ATR
MELK,-0.8533333333333333,38,KRSA,0.5130344108446299,3,CAMK,CAMKL,MELK,MELK
PRKDC,-0.8166666666666667,43,KRSA,0.4504692387904067,2,ATYPICAL,PIKK,DNAPK,PRKDC
COT,0.20083333333333336,69,KRSA,0.10010427528675704,1,STE,STE-UNIQUE,STE-UNIQUE,MAP3K8
IRAK,-0.4083333333333333,63,KRSA,0.18769551616266944,1,TKL,IRAK,IRAK,IRAK1
IRAK,-0.4083333333333333,63,KRSA,0.18769551616266944,1,TKL,IRAK,IRAK,IRAK2
IRAK,-0.4083333333333333,63,KRSA,0.18769551616266944,1,TKL,IRAK,IRAK,IRAK3
IRAK,-0.4083333333333333,63,KRSA,0.18769551616266944,1,TKL,IRAK,IRAK,IRAK4
CAMK1,1.893333333333333,15,KRSA,0.8133472367049009,4,CAMK,CAMK1,CAMK1,CAMK1
CAMK1,1.893333333333333,15,KRSA,0.8133472367049009,4,CAMK,CAMK1,CAMK1,CAMK1D
CAMK1,1.893333333333333,15,KRSA,0.8133472367049009,4,CAMK,CAMK1,CAMK1,CAMK1G
CAMK1,1.893333333333333,15,KRSA,0.8133472367049009,4,CAMK,CAMK1,CAMK1,CAMK4
CAMK1,1.893333333333333,15,KRSA,0.8133472367049009,4,CAMK,CAMK1,CAMK1,PNCK
PAKB,-0.7125,51,KRSA,0.337851929092805,2,STE,STE20,PAKB,PAK4
PAKB,-0.7125,51,KRSA,0.337851929092805,2,STE,STE20,PAKB,PAK5
PAKB,-0.7125,51,KRSA,0.337851929092805,2,STE,STE20,PAKB,PAK6
RAD53,1.215,23,KRSA,0.7007299270072993,3,CAMK,RAD53,RAD53,CHEK2
NAK,-0.17666666666666672,71,KRSA,0.07507820646506778,1,OTHER,NAK,BIKE,AAK1
NAK,-0.17666666666666672,71,KRSA,0.07507820646506778,1,OTHER,NAK,BIKE,BMP2K
NAK,-0.17666666666666672,71,KRSA,0.07507820646506778,1,OTHER,NAK,GAK,GAK
NAK,-0.17666666666666672,71,KRSA,0.07507820646506778,1,OTHER,NAK,MPSK,STK16
PKN,-0.8225,42,KRSA,0.4629822732012513,2,AGC,PKN,PKN,PKN1
PKN,-0.8225,42,KRSA,0.4629822732012513,2,AGC,PKN,PKN,PKN2
PKN,-0.8225,42,KRSA,0.4629822732012513,2,AGC,PKN,PKN,PKN3
TTK,-1.0658333333333334,31,KRSA,0.6006256517205423,3,OTHER,TTK,TTK,TTK
TLK,-1.0716666666666668,29,KRSA,0.6256517205422315,3,OTHER,TLK,TLK,TLK1
TLK,-1.0716666666666668,29,KRSA,0.6256517205422315,3,OTHER,TLK,TLK,TLK2
NUAK,-1.0683333333333334,30,KRSA,0.6131386861313869,3,CAMK,CAMKL,NUAK,NUAK1
NUAK,-1.0683333333333334,30,KRSA,0.6131386861313869,3,CAMK,CAMKL,NUAK,NUAK2
LKB,-1.285,21,KRSA,0.7257559958289885,3,CAMK,CAMKL,LKB,STK11
GSK,-1.1525,24,KRSA,0.6882168925964547,3,CMGC,GSK,GSK,GSK3A
GSK,-1.1525,24,KRSA,0.6882168925964547,3,CMGC,GSK,GSK,GSK3B
NEK,-0.4816666666666667,59,KRSA,0.23774765380604795,1,OTHER,NEK,NEK11,NEK11
NEK,-0.4816666666666667,59,KRSA,0.23774765380604795,1,OTHER,NEK,NEK2,NEK2
NEK,-0.4816666666666667,59,KRSA,0.23774765380604795,1,OTHER,NEK,NEK1,NEK3
NEK,-0.4816666666666667,59,KRSA,0.23774765380604795,1,OTHER,NEK,NEK4,NEK4
NEK,-0.4816666666666667,59,KRSA,0.23774765380604795,1,OTHER,NEK,NEK1,NEK5
NEK,-0.4816666666666667,59,KRSA,0.23774765380604795,1,OTHER,NEK,NEK6,NEK6
NEK,-0.4816666666666667,59,KRSA,0.23774765380604795,1,OTHER,NEK,NEK6,NEK7
NEK,-0.4816666666666667,59,KRSA,0.23774765380604795,1,OTHER,NEK,NEK8,NEK8
NEK,-0.4816666666666667,59,KRSA,0.23774765380604795,1,OTHER,NEK,NEK8,NEK9
SGK,-0.42916666666666664,61,KRSA,0.2127215849843587,1,AGC,SGK,SGK,SGK1
SGK,-0.42916666666666664,61,KRSA,0.2127215849843587,1,AGC,SGK,SGK,SGK2
SGK,-0.42916666666666664,61,KRSA,0.2127215849843587,1,AGC,SGK,SGK,SGK3
MLK,-0.8383333333333334,39,KRSA,0.5005213764337852,3,TKL,MLK,ILK,ILK
MLK,-0.8383333333333334,39,KRSA,0.5005213764337852,3,TKL,MLK,MLK,MAP3K10
MLK,-0.8383333333333334,39,KRSA,0.5005213764337852,3,TKL,MLK,MLK,MAP3K11
MLK,-0.8383333333333334,39,KRSA,0.5005213764337852,3,TKL,MLK,LZK,MAP3K12
MLK,-0.8383333333333334,39,KRSA,0.5005213764337852,3,TKL,MLK,LZK,MAP3K13
MLK,-0.8383333333333334,39,KRSA,0.5005213764337852,3,TKL,MLK,MLK,MAP3K9
MLK,-0.8383333333333334,39,KRSA,0.5005213764337852,3,TKL,MLK,HH498,TNNI3K
AMPK,1.0758333333333332,28,KRSA,0.6381647549530761,3,CAMK,CAMKL,AMPK,PRKAA1
AMPK,1.0758333333333332,28,KRSA,0.6381647549530761,3,CAMK,CAMKL,AMPK,PRKAA2
DMPK,-0.7091666666666667,52,KRSA,0.32533889468196037,2,AGC,DMPK,GEK,CDC42BPA
DMPK,-0.7091666666666667,52,KRSA,0.32533889468196037,2,AGC,DMPK,GEK,CDC42BPB
DMPK,-0.7091666666666667,52,KRSA,0.32533889468196037,2,AGC,DMPK,GEK,CDC42BPG
DMPK,-0.7091666666666667,52,KRSA,0.32533889468196037,2,AGC,DMPK,CRIK,CIT
DMPK,-0.7091666666666667,52,KRSA,0.32533889468196037,2,AGC,DMPK,GEK,DMPK
DMPK,-0.7091666666666667,52,KRSA,0.32533889468196037,2,AGC,DMPK,ROCK,ROCK1
DMPK,-0.7091666666666667,52,KRSA,0.32533889468196037,2,AGC,DMPK,ROCK,ROCK2
MSN,-0.11916666666666674,76,KRSA,0.01251303441084463,1,STE,STE20,MSN,MAP4K4
MSN,-0.11916666666666674,76,KRSA,0.01251303441084463,1,STE,STE20,MSN,NRK
MSN,-0.11916666666666674,76,KRSA,0.01251303441084463,1,STE,STE20,MSN,TNIK
FRAY,-1.3633333333333333,19,KRSA,0.7507820646506778,4,STE,STE20,FRAY,OXSR1
FRAY,-1.3633333333333333,19,KRSA,0.7507820646506778,4,STE,STE20,FRAY,STK39
IKK,-0.8725,37,KRSA,0.5255474452554745,3,OTHER,IKK,IKK,CHUK
IKK,-0.8725,37,KRSA,0.5255474452554745,3,OTHER,IKK,IKK,IKBKB
IKK,-0.8725,37,KRSA,0.5255474452554745,3,OTHER,IKK,IKK,IKBKE
IKK,-0.8725,37,KRSA,0.5255474452554745,3,OTHER,IKK,IKK,TBK1
MOS,1.0025,33,KRSA,0.5755995828988529,3,OTHER,MOS,MOS,MOS
SLK,0.47,60,KRSA,0.22523461939520334,1,STE,STE20,SLK,SLK
SLK,0.47,60,KRSA,0.22523461939520334,1,STE,STE20,SLK,STK10
KHS,0.26,68,KRSA,0.1251303441084463,1,STE,STE20,KHS,MAP4K1
KHS,0.26,68,KRSA,0.1251303441084463,1,STE,STE20,KHS,MAP4K2
KHS,0.26,68,KRSA,0.1251303441084463,1,STE,STE20,KHS,MAP4K3
KHS,0.26,68,KRSA,0.1251303441084463,1,STE,STE20,KHS,MAP4K5
PASK,0.6816666666666666,54,KRSA,0.30031282586027114,2,CAMK,CAMKL,PASK,PASK
STE11,-0.7966666666666666,44,KRSA,0.43795620437956206,2,TKL,MLK,TAK1,MAP3K7
STE11,-0.7966666666666666,44,KRSA,0.43795620437956206,2,STE,STE11,MEKK1,MAP3K1
STE11,-0.7966666666666666,44,KRSA,0.43795620437956206,2,STE,STE11,ASK,MAP3K15
STE11,-0.7966666666666666,44,KRSA,0.43795620437956206,2,STE,STE11,MEKK2,MAP3K2
STE11,-0.7966666666666666,44,KRSA,0.43795620437956206,2,STE,STE11,MEKK2,MAP3K3
STE11,-0.7966666666666666,44,KRSA,0.43795620437956206,2,STE,STE11,MEKK4,MAP3K4
STE11,-0.7966666666666666,44,KRSA,0.43795620437956206,2,STE,STE11,ASK,MAP3K5
STE11,-0.7966666666666666,44,KRSA,0.43795620437956206,2,STE,STE11,ASK,MAP3K6
BRSK,0.3341666666666666,67,KRSA,0.13764337851929093,1,CAMK,CAMKL,BRSK,BRSK1
BRSK,0.3341666666666666,67,KRSA,0.13764337851929093,1,CAMK,CAMKL,BRSK,BRSK2
CAMKK,-0.7408333333333333,49,KRSA,0.36287799791449427,2,OTHER,CAMKK,META,CAMKK1
CAMKK,-0.7408333333333333,49,KRSA,0.36287799791449427,2,OTHER,CAMKK,META,CAMKK2
TAO,-0.41833333333333333,62,KRSA,0.20020855057351408,1,STE,STE20,TAO,TAOK1
TAO,-0.41833333333333333,62,KRSA,0.20020855057351408,1,STE,STE20,TAO,TAOK2
TAO,-0.41833333333333333,62,KRSA,0.20020855057351408,1,STE,STE20,TAO,TAOK3
BUD32,-0.7483333333333333,47,KRSA,0.38790406673618355,2,OTHER,BUD32,BUD32,TP53RK
CLK,-0.74,50,KRSA,0.35036496350364965,2,CMGC,CLK,CLK,CLK1
CLK,-0.74,50,KRSA,0.35036496350364965,2,CMGC,CLK,CLK,CLK2
CLK,-0.74,50,KRSA,0.35036496350364965,2,CMGC,CLK,CLK,CLK3
CLK,-0.74,50,KRSA,0.35036496350364965,2,CMGC,CLK,CLK,CLK4
ATM,-0.6191666666666666,56,KRSA,0.27528675703858185,2,ATYPICAL,PIKK,ATM,ATM
NIK,-0.7433333333333334,48,KRSA,0.3753910323253389,2,STE,STE-UNIQUE,STE-UNIQUE,MAP3K14
ULK,-0.7483333333333333,47,KRSA,0.38790406673618355,2,OTHER,ULK,FUSED,STK36
ULK,-0.7483333333333333,47,KRSA,0.38790406673618355,2,OTHER,ULK,ULK,ULK1
ULK,-0.7483333333333333,47,KRSA,0.38790406673618355,2,OTHER,ULK,ULK,ULK2
ULK,-0.7483333333333333,47,KRSA,0.38790406673618355,2,OTHER,ULK,ULK,ULK3
ULK,-0.7483333333333333,47,KRSA,0.38790406673618355,2,OTHER,ULK,ULK,ULK4
WNK,-0.7491666666666666,46,KRSA,0.4129301355578728,2,OTHER,WNK,WNK,WNK1
WNK,-0.7491666666666666,46,KRSA,0.4129301355578728,2,OTHER,WNK,WNK,WNK2
WNK,-0.7491666666666666,46,KRSA,0.4129301355578728,2,OTHER,WNK,WNK,WNK3
WNK,-0.7491666666666666,46,KRSA,0.4129301355578728,2,OTHER,WNK,WNK,WNK4
AKT,0.12500000000000008,74,KRSA,0.03753910323253389,1,AGC,AKT,AKT,AKT1
AKT,0.12500000000000008,74,KRSA,0.03753910323253389,1,AGC,AKT,AKT,AKT2
AKT,0.12500000000000008,74,KRSA,0.03753910323253389,1,AGC,AKT,AKT,AKT3
PKCH,-1.1291666666666669,26,KRSA,0.6631908237747653,3,AGC,PKC,ETA,PRKCE
PKCH,-1.1291666666666669,26,KRSA,0.6631908237747653,3,AGC,PKC,ETA,PRKCH
AUR,-0.20083333333333336,69,KRSA,0.10010427528675704,1,OTHER,AUR,AUR,AURKA
AUR,-0.20083333333333336,69,KRSA,0.10010427528675704,1,OTHER,AUR,AUR,AURKB
AUR,-0.20083333333333336,69,KRSA,0.10010427528675704,1,OTHER,AUR,AUR,AURKC
PDHK,0.18083333333333343,70,KRSA,0.08759124087591241,1,ATYPICAL,PDHK,BCKDK,BCKDK
PDHK,0.18083333333333343,70,KRSA,0.08759124087591241,1,ATYPICAL,PDHK,PDHK,PDK2
PDHK,0.18083333333333343,70,KRSA,0.08759124087591241,1,ATYPICAL,PDHK,PDHK,PDK3
PDHK,0.18083333333333343,70,KRSA,0.08759124087591241,1,ATYPICAL,PDHK,PDHK,PDK4
RSK,1.0816666666666668,27,KRSA,0.6506777893639207,3,AGC,RSK,RSK,RPS6KA1
RSK,1.0816666666666668,27,KRSA,0.6506777893639207,3,AGC,RSK,RSK,RPS6KA2
RSK,1.0816666666666668,27,KRSA,0.6506777893639207,3,AGC,RSK,RSK,RPS6KA3
RSK,1.0816666666666668,27,KRSA,0.6506777893639207,3,AGC,RSK,MSK,RPS6KA4
RSK,1.0816666666666668,27,KRSA,0.6506777893639207,3,AGC,RSK,MSK,RPS6KA5
RSK,1.0816666666666668,27,KRSA,0.6506777893639207,3,AGC,RSK,RSK,RPS6KA6
RSK,1.0816666666666668,27,KRSA,0.6506777893639207,3,AGC,RSK,P70,RPS6KB1
RSK,1.0816666666666668,27,KRSA,0.6506777893639207,3,AGC,RSK,P70,RPS6KB2
CK2,0.3908333333333333,64,KRSA,0.17518248175182483,1,CMGC,CK2,CK2,CSNK2A1
CK2,0.3908333333333333,64,KRSA,0.17518248175182483,1,CMGC,CK2,CK2,CSNK2A2
CK2,0.3908333333333333,64,KRSA,0.17518248175182483,1,NA,NA,NA,CSNK2A3
PKCD,0.9508333333333332,36,KRSA,0.5380604796663191,3,AGC,PKC,DELTA,PRKCD
PKCD,0.9508333333333332,36,KRSA,0.5380604796663191,3,AGC,PKC,DELTA,PRKCQ
PKCI,0.9825,35,KRSA,0.5505735140771637,3,AGC,PKC,IOTA,PRKCI
PKCI,0.9825,35,KRSA,0.5505735140771637,3,AGC,PKC,IOTA,PRKCZ
RIPK,0.83,41,KRSA,0.4754953076120959,2,TKL,RIPK,RIPK,ANKK1
RIPK,0.83,41,KRSA,0.4754953076120959,2,TKL,RIPK,RIPK,RIPK1
RIPK,0.83,41,KRSA,0.4754953076120959,2,TKL,RIPK,RIPK,RIPK2
RIPK,0.83,41,KRSA,0.4754953076120959,2,TKL,RIPK,RIPK,RIPK3
RIPK,0.83,41,KRSA,0.4754953076120959,2,TKL,RIPK,RIPK,RIPK4
BARK2,-0.17083333333333334,72,KRSA,0.06256517205422316,1,AGC,GRK,BARK,GRK3
GRK,0.1208333333333333,75,KRSA,0.02502606882168926,1,AGC,GRK,GRK,GRK1
GRK,0.1208333333333333,75,KRSA,0.02502606882168926,1,AGC,GRK,GRK,GRK4
GRK,0.1208333333333333,75,KRSA,0.02502606882168926,1,AGC,GRK,GRK,GRK5
GRK,0.1208333333333333,75,KRSA,0.02502606882168926,1,AGC,GRK,GRK,GRK6
GRK,0.1208333333333333,75,KRSA,0.02502606882168926,1,AGC,GRK,GRK,GRK7
PKD,0.5591666666666667,57,KRSA,0.26277372262773724,2,CAMK,PKD,PKD,PRKD1
PKD,0.5591666666666667,57,KRSA,0.26277372262773724,2,CAMK,PKD,PKD,PRKD2
PKD,0.5591666666666667,57,KRSA,0.26277372262773724,2,CAMK,PKD,PKD,PRKD3
NDR,0.16416666666666666,73,KRSA,0.05005213764337852,1,AGC,NDR,NDR,LATS1
NDR,0.16416666666666666,73,KRSA,0.05005213764337852,1,AGC,NDR,NDR,LATS2
NDR,0.16416666666666666,73,KRSA,0.05005213764337852,1,AGC,NDR,NDR,STK38
NDR,0.16416666666666666,73,KRSA,0.05005213764337852,1,AGC,NDR,NDR,STK38L
VRK1,-0.7075,53,KRSA,0.31282586027111575,2,CK1,VRK,VRK,VRK1
STKR,-0.00333333333333334,77,KRSA,0,1,TKL,STKR,TYPE1,ACVR1
STKR,-0.00333333333333334,77,KRSA,0,1,TKL,STKR,TYPE1,ACVR1B
STKR,-0.00333333333333334,77,KRSA,0,1,TKL,STKR,TYPE1,ACVR1C
STKR,-0.00333333333333334,77,KRSA,0,1,TKL,STKR,TYPE2,ACVR2A
STKR,-0.00333333333333334,77,KRSA,0,1,TKL,STKR,TYPE2,ACVR2B
STKR,-0.00333333333333334,77,KRSA,0,1,TKL,STKR,TYPE1,ACVRL1
STKR,-0.00333333333333334,77,KRSA,0,1,TKL,STKR,TYPE2,AMHR2
STKR,-0.00333333333333334,77,KRSA,0,1,TKL,STKR,TYPE1,BMPR1A
STKR,-0.00333333333333334,77,KRSA,0,1,TKL,STKR,TYPE1,BMPR1B
STKR,-0.00333333333333334,77,KRSA,0,1,TKL,STKR,TYPE2,BMPR2
STKR,-0.00333333333333334,77,KRSA,0,1,TKL,STKR,TYPE1,TGFBR1
STKR,-0.00333333333333334,77,KRSA,0,1,TKL,STKR,TYPE2,TGFBR2
PAKA,0.7508333333333334,45,KRSA,0.4254431699687174,2,STE,STE20,PAKA,PAK1
PAKA,0.7508333333333334,45,KRSA,0.4254431699687174,2,STE,STE20,PAKA,PAK2
PAKA,0.7508333333333334,45,KRSA,0.4254431699687174,2,STE,STE20,PAKA,PAK3
PIM,0.38833333333333336,65,KRSA,0.16266944734098018,1,CAMK,PIM,PIM,PIM1
PIM,0.38833333333333336,65,KRSA,0.16266944734098018,1,CAMK,PIM,PIM,PIM2
PIM,0.38833333333333336,65,KRSA,0.16266944734098018,1,CAMK,PIM,PIM,PIM3
HAL,0.8341666666666666,40,KRSA,0.4880083420229406,2,RGC,RGC,RGC,NPR1
CHK1,0.34833333333333333,66,KRSA,0.15015641293013557,1,CAMK,CAMKL,CHK1,CHEK1
MAPKAPK,0.6341666666666667,55,KRSA,0.28779979144942647,2,CAMK,MAPKAPK,MAPKAPK,MAPKAPK2
MAPKAPK,0.6341666666666667,55,KRSA,0.28779979144942647,2,CAMK,MAPKAPK,MAPKAPK,MAPKAPK3
MAPKAPK,0.6341666666666667,55,KRSA,0.28779979144942647,2,CAMK,MAPKAPK,MAPKAPK,MAPKAPK5
MAPKAPK,0.6341666666666667,55,KRSA,0.28779979144942647,2,CAMK,MAPKAPK,MNK,MKNK1
MAPKAPK,0.6341666666666667,55,KRSA,0.28779979144942647,2,CAMK,MAPKAPK,MNK,MKNK2
CAMK2,1.0433333333333334,32,KRSA,0.5881126173096975,3,CAMK,CAMK2,CAMK2,CAMK2A
CAMK2,1.0433333333333334,32,KRSA,0.5881126173096975,3,CAMK,CAMK2,CAMK2,CAMK2B
CAMK2,1.0433333333333334,32,KRSA,0.5881126173096975,3,CAMK,CAMK2,CAMK2,CAMK2D
CAMK2,1.0433333333333334,32,KRSA,0.5881126173096975,3,CAMK,CAMK2,CAMK2,CAMK2G
ERK,-4.105833333333333,1,KRSA,0.9885297184567258,4,CMGC,MAPK,ERK1,MAPK1
ERK,-4.105833333333333,1,KRSA,0.9885297184567258,4,CMGC,MAPK,ERK7,MAPK15
ERK,-4.105833333333333,1,KRSA,0.9885297184567258,4,CMGC,MAPK,ERK1,MAPK3
ERK,-4.105833333333333,1,KRSA,0.9885297184567258,4,CMGC,MAPK,ERK3,MAPK4
ERK,-4.105833333333333,1,KRSA,0.9885297184567258,4,CMGC,MAPK,ERK3,MAPK6
ERK,-4.105833333333333,1,KRSA,0.9885297184567258,4,CMGC,MAPK,ERK5,MAPK7
DYRK,-3.788333333333333,2,KRSA,0.9760166840458812,4,CMGC,DYRK,DYRK1,DYRK1A
DYRK,-3.788333333333333,2,KRSA,0.9760166840458812,4,CMGC,DYRK,DYRK1,DYRK1B
DYRK,-3.788333333333333,2,KRSA,0.9760166840458812,4,CMGC,DYRK,DYRK2,DYRK2
DYRK,-3.788333333333333,2,KRSA,0.9760166840458812,4,CMGC,DYRK,DYRK2,DYRK3
DYRK,-3.788333333333333,2,KRSA,0.9760166840458812,4,CMGC,DYRK,DYRK2,DYRK4
DYRK,-3.788333333333333,2,KRSA,0.9760166840458812,4,CMGC,DYRK,HIPK,HIPK1
DYRK,-3.788333333333333,2,KRSA,0.9760166840458812,4,CMGC,DYRK,HIPK,HIPK2
DYRK,-3.788333333333333,2,KRSA,0.9760166840458812,4,CMGC,DYRK,HIPK,HIPK3
DYRK,-3.788333333333333,2,KRSA,0.9760166840458812,4,CMGC,DYRK,HIPK,HIPK4
DYRK,-3.788333333333333,2,KRSA,0.9760166840458812,4,CMGC,DYRK,PRP4,PRPF4B
PKG,3.2,5,KRSA,0.9384775808133472,4,AGC,PKG,PKG,PRKG1
PKG,3.2,5,KRSA,0.9384775808133472,4,AGC,PKG,PKG,PRKG2
PKCA,-1.9883333333333333,13,KRSA,0.8383733055265902,4,AGC,PKC,ALPHA,PRKCA
PKCA,-1.9883333333333333,13,KRSA,0.8383733055265902,4,AGC,PKC,ALPHA,PRKCB
PKCA,-1.9883333333333333,13,KRSA,0.8383733055265902,4,AGC,PKC,ALPHA,PRKCG
PLK,-2.650833333333334,9,KRSA,0.8884254431699687,4,NA,NA,NA,PLK5
PLK,-2.650833333333334,9,KRSA,0.8884254431699687,4,OTHER,PLK,PLK1,PLK1
PLK,-2.650833333333334,9,KRSA,0.8884254431699687,4,OTHER,PLK,PLK2,PLK2
PLK,-2.650833333333334,9,KRSA,0.8884254431699687,4,OTHER,PLK,PLK2,PLK3
PLK,-2.650833333333334,9,KRSA,0.8884254431699687,4,OTHER,PLK,SAK,PLK4
PDK1,-3.658333333333333,3,KRSA,0.9635036496350365,4,ATYPICAL,PDHK,PDHK,PDK1
PDK1,-3.658333333333333,3,KRSA,0.9635036496350365,4,AGC,PDK1,PDK1,PDPK1
P38,-3.0383333333333336,8,KRSA,0.9009384775808134,4,CMGC,MAPK,P38,MAPK11
P38,-3.0383333333333336,8,KRSA,0.9009384775808134,4,CMGC,MAPK,P38,MAPK12
P38,-3.0383333333333336,8,KRSA,0.9009384775808134,4,CMGC,MAPK,P38,MAPK13
P38,-3.0383333333333336,8,KRSA,0.9009384775808134,4,CMGC,MAPK,P38,MAPK14
CDK,-3.195,6,KRSA,0.9259645464025026,4,CMGC,CDK,CDC2,CDK1
CDK,-3.195,6,KRSA,0.9259645464025026,4,CMGC,CDK,CDK10,CDK10
CDK,-3.195,6,KRSA,0.9259645464025026,4,CMGC,CDK,CRK7,CDK12
CDK,-3.195,6,KRSA,0.9259645464025026,4,CMGC,CDK,CRK7,CDK13
CDK,-3.195,6,KRSA,0.9259645464025026,4,CMGC,CDK,PFTAIRE,CDK14
CDK,-3.195,6,KRSA,0.9259645464025026,4,CMGC,CDK,PFTAIRE,CDK15
CDK,-3.195,6,KRSA,0.9259645464025026,4,CMGC,CDK,PCTAIRE,CDK16
CDK,-3.195,6,KRSA,0.9259645464025026,4,CMGC,CDK,PCTAIRE,CDK17
CDK,-3.195,6,KRSA,0.9259645464025026,4,CMGC,CDK,PCTAIRE,CDK18
CDK,-3.195,6,KRSA,0.9259645464025026,4,CMGC,CDK,CDK8,CDK19
CDK,-3.195,6,KRSA,0.9259645464025026,4,CMGC,CDK,CDC2,CDK2
CDK,-3.195,6,KRSA,0.9259645464025026,4,CMGC,CDK,CCRK,CDK20
CDK,-3.195,6,KRSA,0.9259645464025026,4,CMGC,CDK,CDC2,CDK3
CDK,-3.195,6,KRSA,0.9259645464025026,4,CMGC,CDK,CDK4,CDK4
CDK,-3.195,6,KRSA,0.9259645464025026,4,CMGC,CDK,CDK5,CDK5
CDK,-3.195,6,KRSA,0.9259645464025026,4,CMGC,CDK,CDK4,CDK6
CDK,-3.195,6,KRSA,0.9259645464025026,4,CMGC,CDK,CDK7,CDK7
CDK,-3.195,6,KRSA,0.9259645464025026,4,CMGC,CDK,CDK8,CDK8
CDK,-3.195,6,KRSA,0.9259645464025026,4,CMGC,CDK,CDK9,CDK9
CDK,-3.195,6,KRSA,0.9259645464025026,4,NA,NA,NA,CDK11A
CDK,-3.195,6,KRSA,0.9259645464025026,4,NA,NA,NA,CDK11B
JNK,-3.5225,4,KRSA,0.9509906152241918,4,CMGC,MAPK,JNK,MAPK10
JNK,-3.5225,4,KRSA,0.9509906152241918,4,CMGC,MAPK,JNK,MAPK8
JNK,-3.5225,4,KRSA,0.9509906152241918,4,CMGC,MAPK,JNK,MAPK9
RAF,-2.1,12,KRSA,0.8508863399374348,4,TKL,RAF,RAF,ARAF
RAF,-2.1,12,KRSA,0.8508863399374348,4,TKL,RAF,RAF,BRAF
RAF,-2.1,12,KRSA,0.8508863399374348,4,TKL,RAF,KSR,KSR1
RAF,-2.1,12,KRSA,0.8508863399374348,4,TKL,RAF,KSR,KSR2
RAF,-2.1,12,KRSA,0.8508863399374348,4,TKL,RAF,RAF,RAF1
PKA,3.111666666666667,7,KRSA,0.913451511991658,4,AGC,PKA,PKA,PRKACA
PKA,3.111666666666667,7,KRSA,0.913451511991658,4,AGC,PKA,PKA,PRKACB
PKA,3.111666666666667,7,KRSA,0.913451511991658,4,AGC,PKA,PKA,PRKACG
PKA,3.111666666666667,7,KRSA,0.913451511991658,4,AGC,PKA,PKA,PRKX
PKA,3.111666666666667,7,KRSA,0.913451511991658,4,AGC,PKA,PKA,PRKY
PEK,-2.6158333333333332,10,KRSA,0.8759124087591241,4,OTHER,PEK,HRI,EIF2AK1
PEK,-2.6158333333333332,10,KRSA,0.8759124087591241,4,OTHER,PEK,PKR,EIF2AK2
PEK,-2.6158333333333332,10,KRSA,0.8759124087591241,4,OTHER,PEK,PEK,EIF2AK3
PEK,-2.6158333333333332,10,KRSA,0.8759124087591241,4,OTHER,PEK,GCN2,EIF2AK4
MTOR,-1.846666666666667,16,KRSA,0.8008342022940563,4,ATYPICAL,PIKK,FRAP,MTOR
MST,-1.9258333333333333,14,KRSA,0.8258602711157456,4,STE,STE20,MST,STK3
MST,-1.9258333333333333,14,KRSA,0.8258602711157456,4,STE,STE20,MST,STK4
NMO,-2.370833333333333,11,KRSA,0.8633993743482794,4,CMGC,MAPK,NMO,NLK
CAMK1,1.893333333333333,15,KRSA,0.8133472367049009,4,CAMK,CAMK1,CAMK1,CAMK1
CAMK1,1.893333333333333,15,KRSA,0.8133472367049009,4,CAMK,CAMK1,CAMK1,CAMK1D
CAMK1,1.893333333333333,15,KRSA,0.8133472367049009,4,CAMK,CAMK1,CAMK1,CAMK1G
CAMK1,1.893333333333333,15,KRSA,0.8133472367049009,4,CAMK,CAMK1,CAMK1,CAMK4
CAMK1,1.893333333333333,15,KRSA,0.8133472367049009,4,CAMK,CAMK1,CAMK1,PNCK
ATR,-1.365,18,KRSA,0.7632950990615224,4,ATYPICAL,PIKK,ATR,ATR
QIK,-1.2875,20,KRSA,0.7382690302398331,3,CAMK,CAMKL,QIK,SIK1
QIK,-1.2875,20,KRSA,0.7382690302398331,3,CAMK,CAMKL,QIK,SIK2
CK1,-0.9975,34,KRSA,0.5630865484880083,3,CK1,CK1,CK1-A,CSNK1A1
CK1,-0.9975,34,KRSA,0.5630865484880083,3,CK1,CK1,CK1-A,CSNK1A1L
CK1,-0.9975,34,KRSA,0.5630865484880083,3,CK1,CK1,CK1-D,CSNK1D
CK1,-0.9975,34,KRSA,0.5630865484880083,3,CK1,CK1,CK1-D,CSNK1E
CK1,-0.9975,34,KRSA,0.5630865484880083,3,CK1,CK1,CK1-G,CSNK1G1
CK1,-0.9975,34,KRSA,0.5630865484880083,3,CK1,CK1,CK1-G,CSNK1G2
CK1,-0.9975,34,KRSA,0.5630865484880083,3,CK1,CK1,CK1-G,CSNK1G3
CK1,-0.9975,34,KRSA,0.5630865484880083,3,CK1,TTBK,TTBK,TTBK1
CK1,-0.9975,34,KRSA,0.5630865484880083,3,CK1,TTBK,TTBK,TTBK2
CK1,-0.9975,34,KRSA,0.5630865484880083,3,CK1,VRK,VRK,VRK3
MLCK,-0.4858333333333332,58,KRSA,0.2502606882168926,2,CAMK,MLCK,MLCK,MYLK
MLCK,-0.4858333333333332,58,KRSA,0.2502606882168926,2,CAMK,MLCK,MLCK,MYLK2
MLCK,-0.4858333333333332,58,KRSA,0.2502606882168926,2,CAMK,MLCK,MLCK,TTN
STE7,-1.4516666666666669,17,KRSA,0.7883211678832117,4,STE,STE7,MEK1,MAP2K1
STE7,-1.4516666666666669,17,KRSA,0.7883211678832117,4,STE,STE7,MEK1,MAP2K2
STE7,-1.4516666666666669,17,KRSA,0.7883211678832117,4,STE,STE7,MEK3,MAP2K3
STE7,-1.4516666666666669,17,KRSA,0.7883211678832117,4,STE,STE7,MEK4,MAP2K4
STE7,-1.4516666666666669,17,KRSA,0.7883211678832117,4,STE,STE7,MEK5,MAP2K5
STE7,-1.4516666666666669,17,KRSA,0.7883211678832117,4,STE,STE7,MEK3,MAP2K6
STE7,-1.4516666666666669,17,KRSA,0.7883211678832117,4,STE,STE7,MEK7,MAP2K7
AMPK,1.0758333333333332,28,KRSA,0.6381647549530761,3,CAMK,CAMKL,AMPK,PRKAA1
AMPK,1.0758333333333332,28,KRSA,0.6381647549530761,3,CAMK,CAMKL,AMPK,PRKAA2
PHK,-1.2608333333333333,22,KRSA,0.7132429614181439,3,CAMK,PHK,PHK,PHKG1
PHK,-1.2608333333333333,22,KRSA,0.7132429614181439,3,CAMK,PHK,PHK,PHKG2
RAD53,1.215,23,KRSA,0.7007299270072993,3,CAMK,RAD53,RAD53,CHEK2
MELK,-0.8533333333333333,38,KRSA,0.5130344108446299,3,CAMK,CAMKL,MELK,MELK
PKCH,-1.1291666666666669,26,KRSA,0.6631908237747653,3,AGC,PKC,ETA,PRKCE
PKCH,-1.1291666666666669,26,KRSA,0.6631908237747653,3,AGC,PKC,ETA,PRKCH
DAPK,-1.1416666666666666,25,KRSA,0.67570385818561,3,CAMK,DAPK,DAPK,DAPK1
DAPK,-1.1416666666666666,25,KRSA,0.67570385818561,3,CAMK,DAPK,DAPK,DAPK2
DAPK,-1.1416666666666666,25,KRSA,0.67570385818561,3,CAMK,DAPK,DAPK,DAPK3
DAPK,-1.1416666666666666,25,KRSA,0.67570385818561,3,CAMK,DAPK,DRAK,STK17A
DAPK,-1.1416666666666666,25,KRSA,0.67570385818561,3,CAMK,DAPK,DRAK,STK17B
NEK,-0.4816666666666667,59,KRSA,0.23774765380604795,1,OTHER,NEK,NEK11,NEK11
NEK,-0.4816666666666667,59,KRSA,0.23774765380604795,1,OTHER,NEK,NEK2,NEK2
NEK,-0.4816666666666667,59,KRSA,0.23774765380604795,1,OTHER,NEK,NEK1,NEK3
NEK,-0.4816666666666667,59,KRSA,0.23774765380604795,1,OTHER,NEK,NEK4,NEK4
NEK,-0.4816666666666667,59,KRSA,0.23774765380604795,1,OTHER,NEK,NEK1,NEK5
NEK,-0.4816666666666667,59,KRSA,0.23774765380604795,1,OTHER,NEK,NEK6,NEK6
NEK,-0.4816666666666667,59,KRSA,0.23774765380604795,1,OTHER,NEK,NEK6,NEK7
NEK,-0.4816666666666667,59,KRSA,0.23774765380604795,1,OTHER,NEK,NEK8,NEK8
NEK,-0.4816666666666667,59,KRSA,0.23774765380604795,1,OTHER,NEK,NEK8,NEK9
GSK,-1.1525,24,KRSA,0.6882168925964547,3,CMGC,GSK,GSK,GSK3A
GSK,-1.1525,24,KRSA,0.6882168925964547,3,CMGC,GSK,GSK,GSK3B
PRKDC,-0.8166666666666667,43,KRSA,0.4504692387904067,2,ATYPICAL,PIKK,DNAPK,PRKDC
SGK,-0.42916666666666664,61,KRSA,0.2127215849843587,1,AGC,SGK,SGK,SGK1
SGK,-0.42916666666666664,61,KRSA,0.2127215849843587,1,AGC,SGK,SGK,SGK2
SGK,-0.42916666666666664,61,KRSA,0.2127215849843587,1,AGC,SGK,SGK,SGK3
NUAK,-1.0683333333333334,30,KRSA,0.6131386861313869,3,CAMK,CAMKL,NUAK,NUAK1
NUAK,-1.0683333333333334,30,KRSA,0.6131386861313869,3,CAMK,CAMKL,NUAK,NUAK2
TTK,-1.0658333333333334,31,KRSA,0.6006256517205423,3,OTHER,TTK,TTK,TTK
BRSK,0.3341666666666666,67,KRSA,0.13764337851929093,1,CAMK,CAMKL,BRSK,BRSK1
BRSK,0.3341666666666666,67,KRSA,0.13764337851929093,1,CAMK,CAMKL,BRSK,BRSK2
TLK,-1.0716666666666668,29,KRSA,0.6256517205422315,3,OTHER,TLK,TLK,TLK1
TLK,-1.0716666666666668,29,KRSA,0.6256517205422315,3,OTHER,TLK,TLK,TLK2
NAK,-0.17666666666666672,71,KRSA,0.07507820646506778,1,OTHER,NAK,BIKE,AAK1
NAK,-0.17666666666666672,71,KRSA,0.07507820646506778,1,OTHER,NAK,BIKE,BMP2K
NAK,-0.17666666666666672,71,KRSA,0.07507820646506778,1,OTHER,NAK,GAK,GAK
NAK,-0.17666666666666672,71,KRSA,0.07507820646506778,1,OTHER,NAK,MPSK,STK16
PAKB,-0.7125,51,KRSA,0.337851929092805,2,STE,STE20,PAKB,PAK4
PAKB,-0.7125,51,KRSA,0.337851929092805,2,STE,STE20,PAKB,PAK5
PAKB,-0.7125,51,KRSA,0.337851929092805,2,STE,STE20,PAKB,PAK6
PKN,-0.8225,42,KRSA,0.4629822732012513,2,AGC,PKN,PKN,PKN1
PKN,-0.8225,42,KRSA,0.4629822732012513,2,AGC,PKN,PKN,PKN2
PKN,-0.8225,42,KRSA,0.4629822732012513,2,AGC,PKN,PKN,PKN3
KHS,0.26,68,KRSA,0.1251303441084463,1,STE,STE20,KHS,MAP4K1
KHS,0.26,68,KRSA,0.1251303441084463,1,STE,STE20,KHS,MAP4K2
KHS,0.26,68,KRSA,0.1251303441084463,1,STE,STE20,KHS,MAP4K3
KHS,0.26,68,KRSA,0.1251303441084463,1,STE,STE20,KHS,MAP4K5
PASK,0.6816666666666666,54,KRSA,0.30031282586027114,2,CAMK,CAMKL,PASK,PASK
FRAY,-1.3633333333333333,19,KRSA,0.7507820646506778,4,STE,STE20,FRAY,OXSR1
FRAY,-1.3633333333333333,19,KRSA,0.7507820646506778,4,STE,STE20,FRAY,STK39
SLK,0.47,60,KRSA,0.22523461939520334,1,STE,STE20,SLK,SLK
SLK,0.47,60,KRSA,0.22523461939520334,1,STE,STE20,SLK,STK10
MOS,1.0025,33,KRSA,0.5755995828988529,3,OTHER,MOS,MOS,MOS
IRAK,-0.4083333333333333,63,KRSA,0.18769551616266944,1,TKL,IRAK,IRAK,IRAK1
IRAK,-0.4083333333333333,63,KRSA,0.18769551616266944,1,TKL,IRAK,IRAK,IRAK2
IRAK,-0.4083333333333333,63,KRSA,0.18769551616266944,1,TKL,IRAK,IRAK,IRAK3
IRAK,-0.4083333333333333,63,KRSA,0.18769551616266944,1,TKL,IRAK,IRAK,IRAK4
LKB,-1.285,21,KRSA,0.7257559958289885,3,CAMK,CAMKL,LKB,STK11
VRK1,-0.7075,53,KRSA,0.31282586027111575,2,CK1,VRK,VRK,VRK1
PKCI,0.9825,35,KRSA,0.5505735140771637,3,AGC,PKC,IOTA,PRKCI
PKCI,0.9825,35,KRSA,0.5505735140771637,3,AGC,PKC,IOTA,PRKCZ
COT,0.20083333333333336,69,KRSA,0.10010427528675704,1,STE,STE-UNIQUE,STE-UNIQUE,MAP3K8
TAO,-0.41833333333333333,62,KRSA,0.20020855057351408,1,STE,STE20,TAO,TAOK1
TAO,-0.41833333333333333,62,KRSA,0.20020855057351408,1,STE,STE20,TAO,TAOK2
TAO,-0.41833333333333333,62,KRSA,0.20020855057351408,1,STE,STE20,TAO,TAOK3
AKT,0.12500000000000008,74,KRSA,0.03753910323253389,1,AGC,AKT,AKT,AKT1
AKT,0.12500000000000008,74,KRSA,0.03753910323253389,1,AGC,AKT,AKT,AKT2
AKT,0.12500000000000008,74,KRSA,0.03753910323253389,1,AGC,AKT,AKT,AKT3
BUD32,-0.7483333333333333,47,KRSA,0.38790406673618355,2,OTHER,BUD32,BUD32,TP53RK
ULK,-0.7483333333333333,47,KRSA,0.38790406673618355,2,OTHER,ULK,FUSED,STK36
ULK,-0.7483333333333333,47,KRSA,0.38790406673618355,2,OTHER,ULK,ULK,ULK1
ULK,-0.7483333333333333,47,KRSA,0.38790406673618355,2,OTHER,ULK,ULK,ULK2
ULK,-0.7483333333333333,47,KRSA,0.38790406673618355,2,OTHER,ULK,ULK,ULK3
ULK,-0.7483333333333333,47,KRSA,0.38790406673618355,2,OTHER,ULK,ULK,ULK4
WNK,-0.7491666666666666,46,KRSA,0.4129301355578728,2,OTHER,WNK,WNK,WNK1
WNK,-0.7491666666666666,46,KRSA,0.4129301355578728,2,OTHER,WNK,WNK,WNK2
WNK,-0.7491666666666666,46,KRSA,0.4129301355578728,2,OTHER,WNK,WNK,WNK3
WNK,-0.7491666666666666,46,KRSA,0.4129301355578728,2,OTHER,WNK,WNK,WNK4
NIK,-0.7433333333333334,48,KRSA,0.3753910323253389,2,STE,STE-UNIQUE,STE-UNIQUE,MAP3K14
RIPK,0.83,41,KRSA,0.4754953076120959,2,TKL,RIPK,RIPK,ANKK1
RIPK,0.83,41,KRSA,0.4754953076120959,2,TKL,RIPK,RIPK,RIPK1
RIPK,0.83,41,KRSA,0.4754953076120959,2,TKL,RIPK,RIPK,RIPK2
RIPK,0.83,41,KRSA,0.4754953076120959,2,TKL,RIPK,RIPK,RIPK3
RIPK,0.83,41,KRSA,0.4754953076120959,2,TKL,RIPK,RIPK,RIPK4
DMPK,-0.7091666666666667,52,KRSA,0.32533889468196037,2,AGC,DMPK,GEK,CDC42BPA
DMPK,-0.7091666666666667,52,KRSA,0.32533889468196037,2,AGC,DMPK,GEK,CDC42BPB
DMPK,-0.7091666666666667,52,KRSA,0.32533889468196037,2,AGC,DMPK,GEK,CDC42BPG
DMPK,-0.7091666666666667,52,KRSA,0.32533889468196037,2,AGC,DMPK,CRIK,CIT
DMPK,-0.7091666666666667,52,KRSA,0.32533889468196037,2,AGC,DMPK,GEK,DMPK
DMPK,-0.7091666666666667,52,KRSA,0.32533889468196037,2,AGC,DMPK,ROCK,ROCK1
DMPK,-0.7091666666666667,52,KRSA,0.32533889468196037,2,AGC,DMPK,ROCK,ROCK2
CLK,-0.74,50,KRSA,0.35036496350364965,2,CMGC,CLK,CLK,CLK1
CLK,-0.74,50,KRSA,0.35036496350364965,2,CMGC,CLK,CLK,CLK2
CLK,-0.74,50,KRSA,0.35036496350364965,2,CMGC,CLK,CLK,CLK3
CLK,-0.74,50,KRSA,0.35036496350364965,2,CMGC,CLK,CLK,CLK4
MLK,-0.8383333333333334,39,KRSA,0.5005213764337852,3,TKL,MLK,ILK,ILK
MLK,-0.8383333333333334,39,KRSA,0.5005213764337852,3,TKL,MLK,MLK,MAP3K10
MLK,-0.8383333333333334,39,KRSA,0.5005213764337852,3,TKL,MLK,MLK,MAP3K11
MLK,-0.8383333333333334,39,KRSA,0.5005213764337852,3,TKL,MLK,LZK,MAP3K12
MLK,-0.8383333333333334,39,KRSA,0.5005213764337852,3,TKL,MLK,LZK,MAP3K13
MLK,-0.8383333333333334,39,KRSA,0.5005213764337852,3,TKL,MLK,MLK,MAP3K9
MLK,-0.8383333333333334,39,KRSA,0.5005213764337852,3,TKL,MLK,HH498,TNNI3K
CAMKK,-0.7408333333333333,49,KRSA,0.36287799791449427,2,OTHER,CAMKK,META,CAMKK1
CAMKK,-0.7408333333333333,49,KRSA,0.36287799791449427,2,OTHER,CAMKK,META,CAMKK2
RSK,1.0816666666666668,27,KRSA,0.6506777893639207,3,AGC,RSK,RSK,RPS6KA1
RSK,1.0816666666666668,27,KRSA,0.6506777893639207,3,AGC,RSK,RSK,RPS6KA2
RSK,1.0816666666666668,27,KRSA,0.6506777893639207,3,AGC,RSK,RSK,RPS6KA3
RSK,1.0816666666666668,27,KRSA,0.6506777893639207,3,AGC,RSK,MSK,RPS6KA4
RSK,1.0816666666666668,27,KRSA,0.6506777893639207,3,AGC,RSK,MSK,RPS6KA5
RSK,1.0816666666666668,27,KRSA,0.6506777893639207,3,AGC,RSK,RSK,RPS6KA6
RSK,1.0816666666666668,27,KRSA,0.6506777893639207,3,AGC,RSK,P70,RPS6KB1
RSK,1.0816666666666668,27,KRSA,0.6506777893639207,3,AGC,RSK,P70,RPS6KB2
IKK,-0.8725,37,KRSA,0.5255474452554745,3,OTHER,IKK,IKK,CHUK
IKK,-0.8725,37,KRSA,0.5255474452554745,3,OTHER,IKK,IKK,IKBKB
IKK,-0.8725,37,KRSA,0.5255474452554745,3,OTHER,IKK,IKK,IKBKE
IKK,-0.8725,37,KRSA,0.5255474452554745,3,OTHER,IKK,IKK,TBK1
STE11,-0.7966666666666666,44,KRSA,0.43795620437956206,2,TKL,MLK,TAK1,MAP3K7
STE11,-0.7966666666666666,44,KRSA,0.43795620437956206,2,STE,STE11,MEKK1,MAP3K1
STE11,-0.7966666666666666,44,KRSA,0.43795620437956206,2,STE,STE11,ASK,MAP3K15
STE11,-0.7966666666666666,44,KRSA,0.43795620437956206,2,STE,STE11,MEKK2,MAP3K2
STE11,-0.7966666666666666,44,KRSA,0.43795620437956206,2,STE,STE11,MEKK2,MAP3K3
STE11,-0.7966666666666666,44,KRSA,0.43795620437956206,2,STE,STE11,MEKK4,MAP3K4
STE11,-0.7966666666666666,44,KRSA,0.43795620437956206,2,STE,STE11,ASK,MAP3K5
STE11,-0.7966666666666666,44,KRSA,0.43795620437956206,2,STE,STE11,ASK,MAP3K6
ATM,-0.6191666666666666,56,KRSA,0.27528675703858185,2,ATYPICAL,PIKK,ATM,ATM
CAMK2,1.0433333333333334,32,KRSA,0.5881126173096975,3,CAMK,CAMK2,CAMK2,CAMK2A
CAMK2,1.0433333333333334,32,KRSA,0.5881126173096975,3,CAMK,CAMK2,CAMK2,CAMK2B
CAMK2,1.0433333333333334,32,KRSA,0.5881126173096975,3,CAMK,CAMK2,CAMK2,CAMK2D
CAMK2,1.0433333333333334,32,KRSA,0.5881126173096975,3,CAMK,CAMK2,CAMK2,CAMK2G
PAKA,0.7508333333333334,45,KRSA,0.4254431699687174,2,STE,STE20,PAKA,PAK1
PAKA,0.7508333333333334,45,KRSA,0.4254431699687174,2,STE,STE20,PAKA,PAK2
PAKA,0.7508333333333334,45,KRSA,0.4254431699687174,2,STE,STE20,PAKA,PAK3
AUR,-0.20083333333333336,69,KRSA,0.10010427528675704,1,OTHER,AUR,AUR,AURKA
AUR,-0.20083333333333336,69,KRSA,0.10010427528675704,1,OTHER,AUR,AUR,AURKB
AUR,-0.20083333333333336,69,KRSA,0.10010427528675704,1,OTHER,AUR,AUR,AURKC
PKCD,0.9508333333333332,36,KRSA,0.5380604796663191,3,AGC,PKC,DELTA,PRKCD
PKCD,0.9508333333333332,36,KRSA,0.5380604796663191,3,AGC,PKC,DELTA,PRKCQ
CHK1,0.34833333333333333,66,KRSA,0.15015641293013557,1,CAMK,CAMKL,CHK1,CHEK1
BARK2,-0.17083333333333334,72,KRSA,0.06256517205422316,1,AGC,GRK,BARK,GRK3
MSN,-0.11916666666666674,76,KRSA,0.01251303441084463,1,STE,STE20,MSN,MAP4K4
MSN,-0.11916666666666674,76,KRSA,0.01251303441084463,1,STE,STE20,MSN,NRK
MSN,-0.11916666666666674,76,KRSA,0.01251303441084463,1,STE,STE20,MSN,TNIK
HAL,0.8341666666666666,40,KRSA,0.4880083420229406,2,RGC,RGC,RGC,NPR1
CK2,0.3908333333333333,64,KRSA,0.17518248175182483,1,CMGC,CK2,CK2,CSNK2A1
CK2,0.3908333333333333,64,KRSA,0.17518248175182483,1,CMGC,CK2,CK2,CSNK2A2
CK2,0.3908333333333333,64,KRSA,0.17518248175182483,1,NA,NA,NA,CSNK2A3
MAPKAPK,0.6341666666666667,55,KRSA,0.28779979144942647,2,CAMK,MAPKAPK,MAPKAPK,MAPKAPK2
MAPKAPK,0.6341666666666667,55,KRSA,0.28779979144942647,2,CAMK,MAPKAPK,MAPKAPK,MAPKAPK3
MAPKAPK,0.6341666666666667,55,KRSA,0.28779979144942647,2,CAMK,MAPKAPK,MAPKAPK,MAPKAPK5
MAPKAPK,0.6341666666666667,55,KRSA,0.28779979144942647,2,CAMK,MAPKAPK,MNK,MKNK1
MAPKAPK,0.6341666666666667,55,KRSA,0.28779979144942647,2,CAMK,MAPKAPK,MNK,MKNK2
PIM,0.38833333333333336,65,KRSA,0.16266944734098018,1,CAMK,PIM,PIM,PIM1
PIM,0.38833333333333336,65,KRSA,0.16266944734098018,1,CAMK,PIM,PIM,PIM2
PIM,0.38833333333333336,65,KRSA,0.16266944734098018,1,CAMK,PIM,PIM,PIM3
NDR,0.16416666666666666,73,KRSA,0.05005213764337852,1,AGC,NDR,NDR,LATS1
NDR,0.16416666666666666,73,KRSA,0.05005213764337852,1,AGC,NDR,NDR,LATS2
NDR,0.16416666666666666,73,KRSA,0.05005213764337852,1,AGC,NDR,NDR,STK38
NDR,0.16416666666666666,73,KRSA,0.05005213764337852,1,AGC,NDR,NDR,STK38L
STKR,-0.00333333333333334,77,KRSA,0,1,TKL,STKR,TYPE1,ACVR1
STKR,-0.00333333333333334,77,KRSA,0,1,TKL,STKR,TYPE1,ACVR1B
STKR,-0.00333333333333334,77,KRSA,0,1,TKL,STKR,TYPE1,ACVR1C
STKR,-0.00333333333333334,77,KRSA,0,1,TKL,STKR,TYPE2,ACVR2A
STKR,-0.00333333333333334,77,KRSA,0,1,TKL,STKR,TYPE2,ACVR2B
STKR,-0.00333333333333334,77,KRSA,0,1,TKL,STKR,TYPE1,ACVRL1
STKR,-0.00333333333333334,77,KRSA,0,1,TKL,STKR,TYPE2,AMHR2
STKR,-0.00333333333333334,77,KRSA,0,1,TKL,STKR,TYPE1,BMPR1A
STKR,-0.00333333333333334,77,KRSA,0,1,TKL,STKR,TYPE1,BMPR1B
STKR,-0.00333333333333334,77,KRSA,0,1,TKL,STKR,TYPE2,BMPR2
STKR,-0.00333333333333334,77,KRSA,0,1,TKL,STKR,TYPE1,TGFBR1
STKR,-0.00333333333333334,77,KRSA,0,1,TKL,STKR,TYPE2,TGFBR2
PKD,0.5591666666666667,57,KRSA,0.26277372262773724,2,CAMK,PKD,PKD,PRKD1
PKD,0.5591666666666667,57,KRSA,0.26277372262773724,2,CAMK,PKD,PKD,PRKD2
PKD,0.5591666666666667,57,KRSA,0.26277372262773724,2,CAMK,PKD,PKD,PRKD3
GRK,0.1208333333333333,75,KRSA,0.02502606882168926,1,AGC,GRK,GRK,GRK1
GRK,0.1208333333333333,75,KRSA,0.02502606882168926,1,AGC,GRK,GRK,GRK4
GRK,0.1208333333333333,75,KRSA,0.02502606882168926,1,AGC,GRK,GRK,GRK5
GRK,0.1208333333333333,75,KRSA,0.02502606882168926,1,AGC,GRK,GRK,GRK6
GRK,0.1208333333333333,75,KRSA,0.02502606882168926,1,AGC,GRK,GRK,GRK7
PDHK,0.18083333333333343,70,KRSA,0.08759124087591241,1,ATYPICAL,PDHK,BCKDK,BCKDK
PDHK,0.18083333333333343,70,KRSA,0.08759124087591241,1,ATYPICAL,PDHK,PDHK,PDK2
PDHK,0.18083333333333343,70,KRSA,0.08759124087591241,1,ATYPICAL,PDHK,PDHK,PDK3
PDHK,0.18083333333333343,70,KRSA,0.08759124087591241,1,ATYPICAL,PDHK,PDHK,PDK4
ERK,-4.105833333333333,1,KRSA,0.9885297184567258,4,CMGC,MAPK,ERK1,MAPK1
ERK,-4.105833333333333,1,KRSA,0.9885297184567258,4,CMGC,MAPK,ERK7,MAPK15
ERK,-4.105833333333333,1,KRSA,0.9885297184567258,4,CMGC,MAPK,ERK1,MAPK3
ERK,-4.105833333333333,1,KRSA,0.9885297184567258,4,CMGC,MAPK,ERK3,MAPK4
ERK,-4.105833333333333,1,KRSA,0.9885297184567258,4,CMGC,MAPK,ERK3,MAPK6
ERK,-4.105833333333333,1,KRSA,0.9885297184567258,4,CMGC,MAPK,ERK5,MAPK7
PKA,3.111666666666667,7,KRSA,0.913451511991658,4,AGC,PKA,PKA,PRKACA
PKA,3.111666666666667,7,KRSA,0.913451511991658,4,AGC,PKA,PKA,PRKACB
PKA,3.111666666666667,7,KRSA,0.913451511991658,4,AGC,PKA,PKA,PRKACG
PKA,3.111666666666667,7,KRSA,0.913451511991658,4,AGC,PKA,PKA,PRKX
PKA,3.111666666666667,7,KRSA,0.913451511991658,4,AGC,PKA,PKA,PRKY
PKG,3.2,5,KRSA,0.9384775808133472,4,AGC,PKG,PKG,PRKG1
PKG,3.2,5,KRSA,0.9384775808133472,4,AGC,PKG,PKG,PRKG2
DYRK,-3.788333333333333,2,KRSA,0.9760166840458812,4,CMGC,DYRK,DYRK1,DYRK1A
DYRK,-3.788333333333333,2,KRSA,0.9760166840458812,4,CMGC,DYRK,DYRK1,DYRK1B
DYRK,-3.788333333333333,2,KRSA,0.9760166840458812,4,CMGC,DYRK,DYRK2,DYRK2
DYRK,-3.788333333333333,2,KRSA,0.9760166840458812,4,CMGC,DYRK,DYRK2,DYRK3
DYRK,-3.788333333333333,2,KRSA,0.9760166840458812,4,CMGC,DYRK,DYRK2,DYRK4
DYRK,-3.788333333333333,2,KRSA,0.9760166840458812,4,CMGC,DYRK,HIPK,HIPK1
DYRK,-3.788333333333333,2,KRSA,0.9760166840458812,4,CMGC,DYRK,HIPK,HIPK2
DYRK,-3.788333333333333,2,KRSA,0.9760166840458812,4,CMGC,DYRK,HIPK,HIPK3
DYRK,-3.788333333333333,2,KRSA,0.9760166840458812,4,CMGC,DYRK,HIPK,HIPK4
DYRK,-3.788333333333333,2,KRSA,0.9760166840458812,4,CMGC,DYRK,PRP4,PRPF4B
JNK,-3.5225,4,KRSA,0.9509906152241918,4,CMGC,MAPK,JNK,MAPK10
JNK,-3.5225,4,KRSA,0.9509906152241918,4,CMGC,MAPK,JNK,MAPK8
JNK,-3.5225,4,KRSA,0.9509906152241918,4,CMGC,MAPK,JNK,MAPK9
PDK1,-3.658333333333333,3,KRSA,0.9635036496350365,4,ATYPICAL,PDHK,PDHK,PDK1
PDK1,-3.658333333333333,3,KRSA,0.9635036496350365,4,AGC,PDK1,PDK1,PDPK1
P38,-3.0383333333333336,8,KRSA,0.9009384775808134,4,CMGC,MAPK,P38,MAPK11
P38,-3.0383333333333336,8,KRSA,0.9009384775808134,4,CMGC,MAPK,P38,MAPK12
P38,-3.0383333333333336,8,KRSA,0.9009384775808134,4,CMGC,MAPK,P38,MAPK13
P38,-3.0383333333333336,8,KRSA,0.9009384775808134,4,CMGC,MAPK,P38,MAPK14
CDK,-3.195,6,KRSA,0.9259645464025026,4,CMGC,CDK,CDC2,CDK1
CDK,-3.195,6,KRSA,0.9259645464025026,4,CMGC,CDK,CDK10,CDK10
CDK,-3.195,6,KRSA,0.9259645464025026,4,CMGC,CDK,CRK7,CDK12
CDK,-3.195,6,KRSA,0.9259645464025026,4,CMGC,CDK,CRK7,CDK13
CDK,-3.195,6,KRSA,0.9259645464025026,4,CMGC,CDK,PFTAIRE,CDK14
CDK,-3.195,6,KRSA,0.9259645464025026,4,CMGC,CDK,PFTAIRE,CDK15
CDK,-3.195,6,KRSA,0.9259645464025026,4,CMGC,CDK,PCTAIRE,CDK16
CDK,-3.195,6,KRSA,0.9259645464025026,4,CMGC,CDK,PCTAIRE,CDK17
CDK,-3.195,6,KRSA,0.9259645464025026,4,CMGC,CDK,PCTAIRE,CDK18
CDK,-3.195,6,KRSA,0.9259645464025026,4,CMGC,CDK,CDK8,CDK19
CDK,-3.195,6,KRSA,0.9259645464025026,4,CMGC,CDK,CDC2,CDK2
CDK,-3.195,6,KRSA,0.9259645464025026,4,CMGC,CDK,CCRK,CDK20
CDK,-3.195,6,KRSA,0.9259645464025026,4,CMGC,CDK,CDC2,CDK3
CDK,-3.195,6,KRSA,0.9259645464025026,4,CMGC,CDK,CDK4,CDK4
CDK,-3.195,6,KRSA,0.9259645464025026,4,CMGC,CDK,CDK5,CDK5
CDK,-3.195,6,KRSA,0.9259645464025026,4,CMGC,CDK,CDK4,CDK6
CDK,-3.195,6,KRSA,0.9259645464025026,4,CMGC,CDK,CDK7,CDK7
CDK,-3.195,6,KRSA,0.9259645464025026,4,CMGC,CDK,CDK8,CDK8
CDK,-3.195,6,KRSA,0.9259645464025026,4,CMGC,CDK,CDK9,CDK9
CDK,-3.195,6,KRSA,0.9259645464025026,4,NA,NA,NA,CDK11A
CDK,-3.195,6,KRSA,0.9259645464025026,4,NA,NA,NA,CDK11B
MST,-1.9258333333333333,14,KRSA,0.8258602711157456,4,STE,STE20,MST,STK3
MST,-1.9258333333333333,14,KRSA,0.8258602711157456,4,STE,STE20,MST,STK4
RSK,1.0816666666666668,27,KRSA,0.6506777893639207,3,AGC,RSK,RSK,RPS6KA1
RSK,1.0816666666666668,27,KRSA,0.6506777893639207,3,AGC,RSK,RSK,RPS6KA2
RSK,1.0816666666666668,27,KRSA,0.6506777893639207,3,AGC,RSK,RSK,RPS6KA3
RSK,1.0816666666666668,27,KRSA,0.6506777893639207,3,AGC,RSK,MSK,RPS6KA4
RSK,1.0816666666666668,27,KRSA,0.6506777893639207,3,AGC,RSK,MSK,RPS6KA5
RSK,1.0816666666666668,27,KRSA,0.6506777893639207,3,AGC,RSK,RSK,RPS6KA6
RSK,1.0816666666666668,27,KRSA,0.6506777893639207,3,AGC,RSK,P70,RPS6KB1
RSK,1.0816666666666668,27,KRSA,0.6506777893639207,3,AGC,RSK,P70,RPS6KB2
PLK,-2.650833333333334,9,KRSA,0.8884254431699687,4,NA,NA,NA,PLK5
PLK,-2.650833333333334,9,KRSA,0.8884254431699687,4,OTHER,PLK,PLK1,PLK1
PLK,-2.650833333333334,9,KRSA,0.8884254431699687,4,OTHER,PLK,PLK2,PLK2
PLK,-2.650833333333334,9,KRSA,0.8884254431699687,4,OTHER,PLK,PLK2,PLK3
PLK,-2.650833333333334,9,KRSA,0.8884254431699687,4,OTHER,PLK,SAK,PLK4
NMO,-2.370833333333333,11,KRSA,0.8633993743482794,4,CMGC,MAPK,NMO,NLK
PEK,-2.6158333333333332,10,KRSA,0.8759124087591241,4,OTHER,PEK,HRI,EIF2AK1
PEK,-2.6158333333333332,10,KRSA,0.8759124087591241,4,OTHER,PEK,PKR,EIF2AK2
PEK,-2.6158333333333332,10,KRSA,0.8759124087591241,4,OTHER,PEK,PEK,EIF2AK3
PEK,-2.6158333333333332,10,KRSA,0.8759124087591241,4,OTHER,PEK,GCN2,EIF2AK4
MTOR,-1.846666666666667,16,KRSA,0.8008342022940563,4,ATYPICAL,PIKK,FRAP,MTOR
CAMK1,1.893333333333333,15,KRSA,0.8133472367049009,4,CAMK,CAMK1,CAMK1,CAMK1
CAMK1,1.893333333333333,15,KRSA,0.8133472367049009,4,CAMK,CAMK1,CAMK1,CAMK1D
CAMK1,1.893333333333333,15,KRSA,0.8133472367049009,4,CAMK,CAMK1,CAMK1,CAMK1G
CAMK1,1.893333333333333,15,KRSA,0.8133472367049009,4,CAMK,CAMK1,CAMK1,CAMK4
CAMK1,1.893333333333333,15,KRSA,0.8133472367049009,4,CAMK,CAMK1,CAMK1,PNCK
AMPK,1.0758333333333332,28,KRSA,0.6381647549530761,3,CAMK,CAMKL,AMPK,PRKAA1
AMPK,1.0758333333333332,28,KRSA,0.6381647549530761,3,CAMK,CAMKL,AMPK,PRKAA2
RAF,-2.1,12,KRSA,0.8508863399374348,4,TKL,RAF,RAF,ARAF
RAF,-2.1,12,KRSA,0.8508863399374348,4,TKL,RAF,RAF,BRAF
RAF,-2.1,12,KRSA,0.8508863399374348,4,TKL,RAF,KSR,KSR1
RAF,-2.1,12,KRSA,0.8508863399374348,4,TKL,RAF,KSR,KSR2
RAF,-2.1,12,KRSA,0.8508863399374348,4,TKL,RAF,RAF,RAF1
PAKA,0.7508333333333334,45,KRSA,0.4254431699687174,2,STE,STE20,PAKA,PAK1
PAKA,0.7508333333333334,45,KRSA,0.4254431699687174,2,STE,STE20,PAKA,PAK2
PAKA,0.7508333333333334,45,KRSA,0.4254431699687174,2,STE,STE20,PAKA,PAK3
RAD53,1.215,23,KRSA,0.7007299270072993,3,CAMK,RAD53,RAD53,CHEK2
QIK,-1.2875,20,KRSA,0.7382690302398331,3,CAMK,CAMKL,QIK,SIK1
QIK,-1.2875,20,KRSA,0.7382690302398331,3,CAMK,CAMKL,QIK,SIK2
CK1,-0.9975,34,KRSA,0.5630865484880083,3,CK1,CK1,CK1-A,CSNK1A1
CK1,-0.9975,34,KRSA,0.5630865484880083,3,CK1,CK1,CK1-A,CSNK1A1L
CK1,-0.9975,34,KRSA,0.5630865484880083,3,CK1,CK1,CK1-D,CSNK1D
CK1,-0.9975,34,KRSA,0.5630865484880083,3,CK1,CK1,CK1-D,CSNK1E
CK1,-0.9975,34,KRSA,0.5630865484880083,3,CK1,CK1,CK1-G,CSNK1G1
CK1,-0.9975,34,KRSA,0.5630865484880083,3,CK1,CK1,CK1-G,CSNK1G2
CK1,-0.9975,34,KRSA,0.5630865484880083,3,CK1,CK1,CK1-G,CSNK1G3
CK1,-0.9975,34,KRSA,0.5630865484880083,3,CK1,TTBK,TTBK,TTBK1
CK1,-0.9975,34,KRSA,0.5630865484880083,3,CK1,TTBK,TTBK,TTBK2
CK1,-0.9975,34,KRSA,0.5630865484880083,3,CK1,VRK,VRK,VRK3
LKB,-1.285,21,KRSA,0.7257559958289885,3,CAMK,CAMKL,LKB,STK11
MOS,1.0025,33,KRSA,0.5755995828988529,3,OTHER,MOS,MOS,MOS
PKCH,-1.1291666666666669,26,KRSA,0.6631908237747653,3,AGC,PKC,ETA,PRKCE
PKCH,-1.1291666666666669,26,KRSA,0.6631908237747653,3,AGC,PKC,ETA,PRKCH
PASK,0.6816666666666666,54,KRSA,0.30031282586027114,2,CAMK,CAMKL,PASK,PASK
SLK,0.47,60,KRSA,0.22523461939520334,1,STE,STE20,SLK,SLK
SLK,0.47,60,KRSA,0.22523461939520334,1,STE,STE20,SLK,STK10
COT,0.20083333333333336,69,KRSA,0.10010427528675704,1,STE,STE-UNIQUE,STE-UNIQUE,MAP3K8
MLCK,-0.4858333333333332,58,KRSA,0.2502606882168926,2,CAMK,MLCK,MLCK,MYLK
MLCK,-0.4858333333333332,58,KRSA,0.2502606882168926,2,CAMK,MLCK,MLCK,MYLK2
MLCK,-0.4858333333333332,58,KRSA,0.2502606882168926,2,CAMK,MLCK,MLCK,TTN
PKCD,0.9508333333333332,36,KRSA,0.5380604796663191,3,AGC,PKC,DELTA,PRKCD
PKCD,0.9508333333333332,36,KRSA,0.5380604796663191,3,AGC,PKC,DELTA,PRKCQ
MELK,-0.8533333333333333,38,KRSA,0.5130344108446299,3,CAMK,CAMKL,MELK,MELK
VRK1,-0.7075,53,KRSA,0.31282586027111575,2,CK1,VRK,VRK,VRK1
RIPK,0.83,41,KRSA,0.4754953076120959,2,TKL,RIPK,RIPK,ANKK1
RIPK,0.83,41,KRSA,0.4754953076120959,2,TKL,RIPK,RIPK,RIPK1
RIPK,0.83,41,KRSA,0.4754953076120959,2,TKL,RIPK,RIPK,RIPK2
RIPK,0.83,41,KRSA,0.4754953076120959,2,TKL,RIPK,RIPK,RIPK3
RIPK,0.83,41,KRSA,0.4754953076120959,2,TKL,RIPK,RIPK,RIPK4
PKCI,0.9825,35,KRSA,0.5505735140771637,3,AGC,PKC,IOTA,PRKCI
PKCI,0.9825,35,KRSA,0.5505735140771637,3,AGC,PKC,IOTA,PRKCZ
PIM,0.38833333333333336,65,KRSA,0.16266944734098018,1,CAMK,PIM,PIM,PIM1
PIM,0.38833333333333336,65,KRSA,0.16266944734098018,1,CAMK,PIM,PIM,PIM2
PIM,0.38833333333333336,65,KRSA,0.16266944734098018,1,CAMK,PIM,PIM,PIM3
PKCA,-1.9883333333333333,13,KRSA,0.8383733055265902,4,AGC,PKC,ALPHA,PRKCA
PKCA,-1.9883333333333333,13,KRSA,0.8383733055265902,4,AGC,PKC,ALPHA,PRKCB
PKCA,-1.9883333333333333,13,KRSA,0.8383733055265902,4,AGC,PKC,ALPHA,PRKCG
ATR,-1.365,18,KRSA,0.7632950990615224,4,ATYPICAL,PIKK,ATR,ATR
NEK,-0.4816666666666667,59,KRSA,0.23774765380604795,1,OTHER,NEK,NEK11,NEK11
NEK,-0.4816666666666667,59,KRSA,0.23774765380604795,1,OTHER,NEK,NEK2,NEK2
NEK,-0.4816666666666667,59,KRSA,0.23774765380604795,1,OTHER,NEK,NEK1,NEK3
NEK,-0.4816666666666667,59,KRSA,0.23774765380604795,1,OTHER,NEK,NEK4,NEK4
NEK,-0.4816666666666667,59,KRSA,0.23774765380604795,1,OTHER,NEK,NEK1,NEK5
NEK,-0.4816666666666667,59,KRSA,0.23774765380604795,1,OTHER,NEK,NEK6,NEK6
NEK,-0.4816666666666667,59,KRSA,0.23774765380604795,1,OTHER,NEK,NEK6,NEK7
NEK,-0.4816666666666667,59,KRSA,0.23774765380604795,1,OTHER,NEK,NEK8,NEK8
NEK,-0.4816666666666667,59,KRSA,0.23774765380604795,1,OTHER,NEK,NEK8,NEK9
STE7,-1.4516666666666669,17,KRSA,0.7883211678832117,4,STE,STE7,MEK1,MAP2K1
STE7,-1.4516666666666669,17,KRSA,0.7883211678832117,4,STE,STE7,MEK1,MAP2K2
STE7,-1.4516666666666669,17,KRSA,0.7883211678832117,4,STE,STE7,MEK3,MAP2K3
STE7,-1.4516666666666669,17,KRSA,0.7883211678832117,4,STE,STE7,MEK4,MAP2K4
STE7,-1.4516666666666669,17,KRSA,0.7883211678832117,4,STE,STE7,MEK5,MAP2K5
STE7,-1.4516666666666669,17,KRSA,0.7883211678832117,4,STE,STE7,MEK3,MAP2K6
STE7,-1.4516666666666669,17,KRSA,0.7883211678832117,4,STE,STE7,MEK7,MAP2K7
GSK,-1.1525,24,KRSA,0.6882168925964547,3,CMGC,GSK,GSK,GSK3A
GSK,-1.1525,24,KRSA,0.6882168925964547,3,CMGC,GSK,GSK,GSK3B
PRKDC,-0.8166666666666667,43,KRSA,0.4504692387904067,2,ATYPICAL,PIKK,DNAPK,PRKDC
PKD,0.5591666666666667,57,KRSA,0.26277372262773724,2,CAMK,PKD,PKD,PRKD1
PKD,0.5591666666666667,57,KRSA,0.26277372262773724,2,CAMK,PKD,PKD,PRKD2
PKD,0.5591666666666667,57,KRSA,0.26277372262773724,2,CAMK,PKD,PKD,PRKD3
FRAY,-1.3633333333333333,19,KRSA,0.7507820646506778,4,STE,STE20,FRAY,OXSR1
FRAY,-1.3633333333333333,19,KRSA,0.7507820646506778,4,STE,STE20,FRAY,STK39
AKT,0.12500000000000008,74,KRSA,0.03753910323253389,1,AGC,AKT,AKT,AKT1
AKT,0.12500000000000008,74,KRSA,0.03753910323253389,1,AGC,AKT,AKT,AKT2
AKT,0.12500000000000008,74,KRSA,0.03753910323253389,1,AGC,AKT,AKT,AKT3
MSN,-0.11916666666666674,76,KRSA,0.01251303441084463,1,STE,STE20,MSN,MAP4K4
MSN,-0.11916666666666674,76,KRSA,0.01251303441084463,1,STE,STE20,MSN,NRK
MSN,-0.11916666666666674,76,KRSA,0.01251303441084463,1,STE,STE20,MSN,TNIK
TTK,-1.0658333333333334,31,KRSA,0.6006256517205423,3,OTHER,TTK,TTK,TTK
NUAK,-1.0683333333333334,30,KRSA,0.6131386861313869,3,CAMK,CAMKL,NUAK,NUAK1
NUAK,-1.0683333333333334,30,KRSA,0.6131386861313869,3,CAMK,CAMKL,NUAK,NUAK2
TLK,-1.0716666666666668,29,KRSA,0.6256517205422315,3,OTHER,TLK,TLK,TLK1
TLK,-1.0716666666666668,29,KRSA,0.6256517205422315,3,OTHER,TLK,TLK,TLK2
PAKB,-0.7125,51,KRSA,0.337851929092805,2,STE,STE20,PAKB,PAK4
PAKB,-0.7125,51,KRSA,0.337851929092805,2,STE,STE20,PAKB,PAK5
PAKB,-0.7125,51,KRSA,0.337851929092805,2,STE,STE20,PAKB,PAK6
NAK,-0.17666666666666672,71,KRSA,0.07507820646506778,1,OTHER,NAK,BIKE,AAK1
NAK,-0.17666666666666672,71,KRSA,0.07507820646506778,1,OTHER,NAK,BIKE,BMP2K
NAK,-0.17666666666666672,71,KRSA,0.07507820646506778,1,OTHER,NAK,GAK,GAK
NAK,-0.17666666666666672,71,KRSA,0.07507820646506778,1,OTHER,NAK,MPSK,STK16
PKN,-0.8225,42,KRSA,0.4629822732012513,2,AGC,PKN,PKN,PKN1
PKN,-0.8225,42,KRSA,0.4629822732012513,2,AGC,PKN,PKN,PKN2
PKN,-0.8225,42,KRSA,0.4629822732012513,2,AGC,PKN,PKN,PKN3
STKR,-0.00333333333333334,77,KRSA,0,1,TKL,STKR,TYPE1,ACVR1
STKR,-0.00333333333333334,77,KRSA,0,1,TKL,STKR,TYPE1,ACVR1B
STKR,-0.00333333333333334,77,KRSA,0,1,TKL,STKR,TYPE1,ACVR1C
STKR,-0.00333333333333334,77,KRSA,0,1,TKL,STKR,TYPE2,ACVR2A
STKR,-0.00333333333333334,77,KRSA,0,1,TKL,STKR,TYPE2,ACVR2B
STKR,-0.00333333333333334,77,KRSA,0,1,TKL,STKR,TYPE1,ACVRL1
STKR,-0.00333333333333334,77,KRSA,0,1,TKL,STKR,TYPE2,AMHR2
STKR,-0.00333333333333334,77,KRSA,0,1,TKL,STKR,TYPE1,BMPR1A
STKR,-0.00333333333333334,77,KRSA,0,1,TKL,STKR,TYPE1,BMPR1B
STKR,-0.00333333333333334,77,KRSA,0,1,TKL,STKR,TYPE2,BMPR2
STKR,-0.00333333333333334,77,KRSA,0,1,TKL,STKR,TYPE1,TGFBR1
STKR,-0.00333333333333334,77,KRSA,0,1,TKL,STKR,TYPE2,TGFBR2
SGK,-0.42916666666666664,61,KRSA,0.2127215849843587,1,AGC,SGK,SGK,SGK1
SGK,-0.42916666666666664,61,KRSA,0.2127215849843587,1,AGC,SGK,SGK,SGK2
SGK,-0.42916666666666664,61,KRSA,0.2127215849843587,1,AGC,SGK,SGK,SGK3
PDHK,0.18083333333333343,70,KRSA,0.08759124087591241,1,ATYPICAL,PDHK,BCKDK,BCKDK
PDHK,0.18083333333333343,70,KRSA,0.08759124087591241,1,ATYPICAL,PDHK,PDHK,PDK2
PDHK,0.18083333333333343,70,KRSA,0.08759124087591241,1,ATYPICAL,PDHK,PDHK,PDK3
PDHK,0.18083333333333343,70,KRSA,0.08759124087591241,1,ATYPICAL,PDHK,PDHK,PDK4
BUD32,-0.7483333333333333,47,KRSA,0.38790406673618355,2,OTHER,BUD32,BUD32,TP53RK
MLK,-0.8383333333333334,39,KRSA,0.5005213764337852,3,TKL,MLK,ILK,ILK
MLK,-0.8383333333333334,39,KRSA,0.5005213764337852,3,TKL,MLK,MLK,MAP3K10
MLK,-0.8383333333333334,39,KRSA,0.5005213764337852,3,TKL,MLK,MLK,MAP3K11
MLK,-0.8383333333333334,39,KRSA,0.5005213764337852,3,TKL,MLK,LZK,MAP3K12
MLK,-0.8383333333333334,39,KRSA,0.5005213764337852,3,TKL,MLK,LZK,MAP3K13
MLK,-0.8383333333333334,39,KRSA,0.5005213764337852,3,TKL,MLK,MLK,MAP3K9
MLK,-0.8383333333333334,39,KRSA,0.5005213764337852,3,TKL,MLK,HH498,TNNI3K
STE11,-0.7966666666666666,44,KRSA,0.43795620437956206,2,TKL,MLK,TAK1,MAP3K7
STE11,-0.7966666666666666,44,KRSA,0.43795620437956206,2,STE,STE11,MEKK1,MAP3K1
STE11,-0.7966666666666666,44,KRSA,0.43795620437956206,2,STE,STE11,ASK,MAP3K15
STE11,-0.7966666666666666,44,KRSA,0.43795620437956206,2,STE,STE11,MEKK2,MAP3K2
STE11,-0.7966666666666666,44,KRSA,0.43795620437956206,2,STE,STE11,MEKK2,MAP3K3
STE11,-0.7966666666666666,44,KRSA,0.43795620437956206,2,STE,STE11,MEKK4,MAP3K4
STE11,-0.7966666666666666,44,KRSA,0.43795620437956206,2,STE,STE11,ASK,MAP3K5
STE11,-0.7966666666666666,44,KRSA,0.43795620437956206,2,STE,STE11,ASK,MAP3K6
TAO,-0.41833333333333333,62,KRSA,0.20020855057351408,1,STE,STE20,TAO,TAOK1
TAO,-0.41833333333333333,62,KRSA,0.20020855057351408,1,STE,STE20,TAO,TAOK2
TAO,-0.41833333333333333,62,KRSA,0.20020855057351408,1,STE,STE20,TAO,TAOK3
KHS,0.26,68,KRSA,0.1251303441084463,1,STE,STE20,KHS,MAP4K1
KHS,0.26,68,KRSA,0.1251303441084463,1,STE,STE20,KHS,MAP4K2
KHS,0.26,68,KRSA,0.1251303441084463,1,STE,STE20,KHS,MAP4K3
KHS,0.26,68,KRSA,0.1251303441084463,1,STE,STE20,KHS,MAP4K5
IRAK,-0.4083333333333333,63,KRSA,0.18769551616266944,1,TKL,IRAK,IRAK,IRAK1
IRAK,-0.4083333333333333,63,KRSA,0.18769551616266944,1,TKL,IRAK,IRAK,IRAK2
IRAK,-0.4083333333333333,63,KRSA,0.18769551616266944,1,TKL,IRAK,IRAK,IRAK3
IRAK,-0.4083333333333333,63,KRSA,0.18769551616266944,1,TKL,IRAK,IRAK,IRAK4
CAMKK,-0.7408333333333333,49,KRSA,0.36287799791449427,2,OTHER,CAMKK,META,CAMKK1
CAMKK,-0.7408333333333333,49,KRSA,0.36287799791449427,2,OTHER,CAMKK,META,CAMKK2
MAPKAPK,0.6341666666666667,55,KRSA,0.28779979144942647,2,CAMK,MAPKAPK,MAPKAPK,MAPKAPK2
MAPKAPK,0.6341666666666667,55,KRSA,0.28779979144942647,2,CAMK,MAPKAPK,MAPKAPK,MAPKAPK3
MAPKAPK,0.6341666666666667,55,KRSA,0.28779979144942647,2,CAMK,MAPKAPK,MAPKAPK,MAPKAPK5
MAPKAPK,0.6341666666666667,55,KRSA,0.28779979144942647,2,CAMK,MAPKAPK,MNK,MKNK1
MAPKAPK,0.6341666666666667,55,KRSA,0.28779979144942647,2,CAMK,MAPKAPK,MNK,MKNK2
WNK,-0.7491666666666666,46,KRSA,0.4129301355578728,2,OTHER,WNK,WNK,WNK1
WNK,-0.7491666666666666,46,KRSA,0.4129301355578728,2,OTHER,WNK,WNK,WNK2
WNK,-0.7491666666666666,46,KRSA,0.4129301355578728,2,OTHER,WNK,WNK,WNK3
WNK,-0.7491666666666666,46,KRSA,0.4129301355578728,2,OTHER,WNK,WNK,WNK4
BRSK,0.3341666666666666,67,KRSA,0.13764337851929093,1,CAMK,CAMKL,BRSK,BRSK1
BRSK,0.3341666666666666,67,KRSA,0.13764337851929093,1,CAMK,CAMKL,BRSK,BRSK2
CLK,-0.74,50,KRSA,0.35036496350364965,2,CMGC,CLK,CLK,CLK1
CLK,-0.74,50,KRSA,0.35036496350364965,2,CMGC,CLK,CLK,CLK2
CLK,-0.74,50,KRSA,0.35036496350364965,2,CMGC,CLK,CLK,CLK3
CLK,-0.74,50,KRSA,0.35036496350364965,2,CMGC,CLK,CLK,CLK4
HAL,0.8341666666666666,40,KRSA,0.4880083420229406,2,RGC,RGC,RGC,NPR1
ULK,-0.7483333333333333,47,KRSA,0.38790406673618355,2,OTHER,ULK,FUSED,STK36
ULK,-0.7483333333333333,47,KRSA,0.38790406673618355,2,OTHER,ULK,ULK,ULK1
ULK,-0.7483333333333333,47,KRSA,0.38790406673618355,2,OTHER,ULK,ULK,ULK2
ULK,-0.7483333333333333,47,KRSA,0.38790406673618355,2,OTHER,ULK,ULK,ULK3
ULK,-0.7483333333333333,47,KRSA,0.38790406673618355,2,OTHER,ULK,ULK,ULK4
CAMK2,1.0433333333333334,32,KRSA,0.5881126173096975,3,CAMK,CAMK2,CAMK2,CAMK2A
CAMK2,1.0433333333333334,32,KRSA,0.5881126173096975,3,CAMK,CAMK2,CAMK2,CAMK2B
CAMK2,1.0433333333333334,32,KRSA,0.5881126173096975,3,CAMK,CAMK2,CAMK2,CAMK2D
CAMK2,1.0433333333333334,32,KRSA,0.5881126173096975,3,CAMK,CAMK2,CAMK2,CAMK2G
NIK,-0.7433333333333334,48,KRSA,0.3753910323253389,2,STE,STE-UNIQUE,STE-UNIQUE,MAP3K14
AUR,-0.20083333333333336,69,KRSA,0.10010427528675704,1,OTHER,AUR,AUR,AURKA
AUR,-0.20083333333333336,69,KRSA,0.10010427528675704,1,OTHER,AUR,AUR,AURKB
AUR,-0.20083333333333336,69,KRSA,0.10010427528675704,1,OTHER,AUR,AUR,AURKC
CK2,0.3908333333333333,64,KRSA,0.17518248175182483,1,CMGC,CK2,CK2,CSNK2A1
CK2,0.3908333333333333,64,KRSA,0.17518248175182483,1,CMGC,CK2,CK2,CSNK2A2
CK2,0.3908333333333333,64,KRSA,0.17518248175182483,1,NA,NA,NA,CSNK2A3
NDR,0.16416666666666666,73,KRSA,0.05005213764337852,1,AGC,NDR,NDR,LATS1
NDR,0.16416666666666666,73,KRSA,0.05005213764337852,1,AGC,NDR,NDR,LATS2
NDR,0.16416666666666666,73,KRSA,0.05005213764337852,1,AGC,NDR,NDR,STK38
NDR,0.16416666666666666,73,KRSA,0.05005213764337852,1,AGC,NDR,NDR,STK38L
CHK1,0.34833333333333333,66,KRSA,0.15015641293013557,1,CAMK,CAMKL,CHK1,CHEK1
DAPK,-1.1416666666666666,25,KRSA,0.67570385818561,3,CAMK,DAPK,DAPK,DAPK1
DAPK,-1.1416666666666666,25,KRSA,0.67570385818561,3,CAMK,DAPK,DAPK,DAPK2
DAPK,-1.1416666666666666,25,KRSA,0.67570385818561,3,CAMK,DAPK,DAPK,DAPK3
DAPK,-1.1416666666666666,25,KRSA,0.67570385818561,3,CAMK,DAPK,DRAK,STK17A
DAPK,-1.1416666666666666,25,KRSA,0.67570385818561,3,CAMK,DAPK,DRAK,STK17B
DMPK,-0.7091666666666667,52,KRSA,0.32533889468196037,2,AGC,DMPK,GEK,CDC42BPA
DMPK,-0.7091666666666667,52,KRSA,0.32533889468196037,2,AGC,DMPK,GEK,CDC42BPB
DMPK,-0.7091666666666667,52,KRSA,0.32533889468196037,2,AGC,DMPK,GEK,CDC42BPG
DMPK,-0.7091666666666667,52,KRSA,0.32533889468196037,2,AGC,DMPK,CRIK,CIT
DMPK,-0.7091666666666667,52,KRSA,0.32533889468196037,2,AGC,DMPK,GEK,DMPK
DMPK,-0.7091666666666667,52,KRSA,0.32533889468196037,2,AGC,DMPK,ROCK,ROCK1
DMPK,-0.7091666666666667,52,KRSA,0.32533889468196037,2,AGC,DMPK,ROCK,ROCK2
GRK,0.1208333333333333,75,KRSA,0.02502606882168926,1,AGC,GRK,GRK,GRK1
GRK,0.1208333333333333,75,KRSA,0.02502606882168926,1,AGC,GRK,GRK,GRK4
GRK,0.1208333333333333,75,KRSA,0.02502606882168926,1,AGC,GRK,GRK,GRK5
GRK,0.1208333333333333,75,KRSA,0.02502606882168926,1,AGC,GRK,GRK,GRK6
GRK,0.1208333333333333,75,KRSA,0.02502606882168926,1,AGC,GRK,GRK,GRK7
IKK,-0.8725,37,KRSA,0.5255474452554745,3,OTHER,IKK,IKK,CHUK
IKK,-0.8725,37,KRSA,0.5255474452554745,3,OTHER,IKK,IKK,IKBKB
IKK,-0.8725,37,KRSA,0.5255474452554745,3,OTHER,IKK,IKK,IKBKE
IKK,-0.8725,37,KRSA,0.5255474452554745,3,OTHER,IKK,IKK,TBK1
BARK2,-0.17083333333333334,72,KRSA,0.06256517205422316,1,AGC,GRK,BARK,GRK3
ATM,-0.6191666666666666,56,KRSA,0.27528675703858185,2,ATYPICAL,PIKK,ATM,ATM
PHK,-1.2608333333333333,22,KRSA,0.7132429614181439,3,CAMK,PHK,PHK,PHKG1
PHK,-1.2608333333333333,22,KRSA,0.7132429614181439,3,CAMK,PHK,PHK,PHKG2
ERK,-4.105833333333333,1,KRSA,0.9885297184567258,4,CMGC,MAPK,ERK1,MAPK1
ERK,-4.105833333333333,1,KRSA,0.9885297184567258,4,CMGC,MAPK,ERK7,MAPK15
ERK,-4.105833333333333,1,KRSA,0.9885297184567258,4,CMGC,MAPK,ERK1,MAPK3
ERK,-4.105833333333333,1,KRSA,0.9885297184567258,4,CMGC,MAPK,ERK3,MAPK4
ERK,-4.105833333333333,1,KRSA,0.9885297184567258,4,CMGC,MAPK,ERK3,MAPK6
ERK,-4.105833333333333,1,KRSA,0.9885297184567258,4,CMGC,MAPK,ERK5,MAPK7
PKG,3.2,5,KRSA,0.9384775808133472,4,AGC,PKG,PKG,PRKG1
PKG,3.2,5,KRSA,0.9384775808133472,4,AGC,PKG,PKG,PRKG2
PDK1,-3.658333333333333,3,KRSA,0.9635036496350365,4,ATYPICAL,PDHK,PDHK,PDK1
PDK1,-3.658333333333333,3,KRSA,0.9635036496350365,4,AGC,PDK1,PDK1,PDPK1
DYRK,-3.788333333333333,2,KRSA,0.9760166840458812,4,CMGC,DYRK,DYRK1,DYRK1A
DYRK,-3.788333333333333,2,KRSA,0.9760166840458812,4,CMGC,DYRK,DYRK1,DYRK1B
DYRK,-3.788333333333333,2,KRSA,0.9760166840458812,4,CMGC,DYRK,DYRK2,DYRK2
DYRK,-3.788333333333333,2,KRSA,0.9760166840458812,4,CMGC,DYRK,DYRK2,DYRK3
DYRK,-3.788333333333333,2,KRSA,0.9760166840458812,4,CMGC,DYRK,DYRK2,DYRK4
DYRK,-3.788333333333333,2,KRSA,0.9760166840458812,4,CMGC,DYRK,HIPK,HIPK1
DYRK,-3.788333333333333,2,KRSA,0.9760166840458812,4,CMGC,DYRK,HIPK,HIPK2
DYRK,-3.788333333333333,2,KRSA,0.9760166840458812,4,CMGC,DYRK,HIPK,HIPK3
DYRK,-3.788333333333333,2,KRSA,0.9760166840458812,4,CMGC,DYRK,HIPK,HIPK4
DYRK,-3.788333333333333,2,KRSA,0.9760166840458812,4,CMGC,DYRK,PRP4,PRPF4B
PKA,3.111666666666667,7,KRSA,0.913451511991658,4,AGC,PKA,PKA,PRKACA
PKA,3.111666666666667,7,KRSA,0.913451511991658,4,AGC,PKA,PKA,PRKACB
PKA,3.111666666666667,7,KRSA,0.913451511991658,4,AGC,PKA,PKA,PRKACG
PKA,3.111666666666667,7,KRSA,0.913451511991658,4,AGC,PKA,PKA,PRKX
PKA,3.111666666666667,7,KRSA,0.913451511991658,4,AGC,PKA,PKA,PRKY
JNK,-3.5225,4,KRSA,0.9509906152241918,4,CMGC,MAPK,JNK,MAPK10
JNK,-3.5225,4,KRSA,0.9509906152241918,4,CMGC,MAPK,JNK,MAPK8
JNK,-3.5225,4,KRSA,0.9509906152241918,4,CMGC,MAPK,JNK,MAPK9
P38,-3.0383333333333336,8,KRSA,0.9009384775808134,4,CMGC,MAPK,P38,MAPK11
P38,-3.0383333333333336,8,KRSA,0.9009384775808134,4,CMGC,MAPK,P38,MAPK12
P38,-3.0383333333333336,8,KRSA,0.9009384775808134,4,CMGC,MAPK,P38,MAPK13
P38,-3.0383333333333336,8,KRSA,0.9009384775808134,4,CMGC,MAPK,P38,MAPK14
CDK,-3.195,6,KRSA,0.9259645464025026,4,CMGC,CDK,CDC2,CDK1
CDK,-3.195,6,KRSA,0.9259645464025026,4,CMGC,CDK,CDK10,CDK10
CDK,-3.195,6,KRSA,0.9259645464025026,4,CMGC,CDK,CRK7,CDK12
CDK,-3.195,6,KRSA,0.9259645464025026,4,CMGC,CDK,CRK7,CDK13
CDK,-3.195,6,KRSA,0.9259645464025026,4,CMGC,CDK,PFTAIRE,CDK14
CDK,-3.195,6,KRSA,0.9259645464025026,4,CMGC,CDK,PFTAIRE,CDK15
CDK,-3.195,6,KRSA,0.9259645464025026,4,CMGC,CDK,PCTAIRE,CDK16
CDK,-3.195,6,KRSA,0.9259645464025026,4,CMGC,CDK,PCTAIRE,CDK17
CDK,-3.195,6,KRSA,0.9259645464025026,4,CMGC,CDK,PCTAIRE,CDK18
CDK,-3.195,6,KRSA,0.9259645464025026,4,CMGC,CDK,CDK8,CDK19
CDK,-3.195,6,KRSA,0.9259645464025026,4,CMGC,CDK,CDC2,CDK2
CDK,-3.195,6,KRSA,0.9259645464025026,4,CMGC,CDK,CCRK,CDK20
CDK,-3.195,6,KRSA,0.9259645464025026,4,CMGC,CDK,CDC2,CDK3
CDK,-3.195,6,KRSA,0.9259645464025026,4,CMGC,CDK,CDK4,CDK4
CDK,-3.195,6,KRSA,0.9259645464025026,4,CMGC,CDK,CDK5,CDK5
CDK,-3.195,6,KRSA,0.9259645464025026,4,CMGC,CDK,CDK4,CDK6
CDK,-3.195,6,KRSA,0.9259645464025026,4,CMGC,CDK,CDK7,CDK7
CDK,-3.195,6,KRSA,0.9259645464025026,4,CMGC,CDK,CDK8,CDK8
CDK,-3.195,6,KRSA,0.9259645464025026,4,CMGC,CDK,CDK9,CDK9
CDK,-3.195,6,KRSA,0.9259645464025026,4,NA,NA,NA,CDK11A
CDK,-3.195,6,KRSA,0.9259645464025026,4,NA,NA,NA,CDK11B
MST,-1.9258333333333333,14,KRSA,0.8258602711157456,4,STE,STE20,MST,STK3
MST,-1.9258333333333333,14,KRSA,0.8258602711157456,4,STE,STE20,MST,STK4
PEK,-2.6158333333333332,10,KRSA,0.8759124087591241,4,OTHER,PEK,HRI,EIF2AK1
PEK,-2.6158333333333332,10,KRSA,0.8759124087591241,4,OTHER,PEK,PKR,EIF2AK2
PEK,-2.6158333333333332,10,KRSA,0.8759124087591241,4,OTHER,PEK,PEK,EIF2AK3
PEK,-2.6158333333333332,10,KRSA,0.8759124087591241,4,OTHER,PEK,GCN2,EIF2AK4
PLK,-2.650833333333334,9,KRSA,0.8884254431699687,4,NA,NA,NA,PLK5
PLK,-2.650833333333334,9,KRSA,0.8884254431699687,4,OTHER,PLK,PLK1,PLK1
PLK,-2.650833333333334,9,KRSA,0.8884254431699687,4,OTHER,PLK,PLK2,PLK2
PLK,-2.650833333333334,9,KRSA,0.8884254431699687,4,OTHER,PLK,PLK2,PLK3
PLK,-2.650833333333334,9,KRSA,0.8884254431699687,4,OTHER,PLK,SAK,PLK4
RAF,-2.1,12,KRSA,0.8508863399374348,4,TKL,RAF,RAF,ARAF
RAF,-2.1,12,KRSA,0.8508863399374348,4,TKL,RAF,RAF,BRAF
RAF,-2.1,12,KRSA,0.8508863399374348,4,TKL,RAF,KSR,KSR1
RAF,-2.1,12,KRSA,0.8508863399374348,4,TKL,RAF,KSR,KSR2
RAF,-2.1,12,KRSA,0.8508863399374348,4,TKL,RAF,RAF,RAF1
MTOR,-1.846666666666667,16,KRSA,0.8008342022940563,4,ATYPICAL,PIKK,FRAP,MTOR
RSK,1.0816666666666668,27,KRSA,0.6506777893639207,3,AGC,RSK,RSK,RPS6KA1
RSK,1.0816666666666668,27,KRSA,0.6506777893639207,3,AGC,RSK,RSK,RPS6KA2
RSK,1.0816666666666668,27,KRSA,0.6506777893639207,3,AGC,RSK,RSK,RPS6KA3
RSK,1.0816666666666668,27,KRSA,0.6506777893639207,3,AGC,RSK,MSK,RPS6KA4
RSK,1.0816666666666668,27,KRSA,0.6506777893639207,3,AGC,RSK,MSK,RPS6KA5
RSK,1.0816666666666668,27,KRSA,0.6506777893639207,3,AGC,RSK,RSK,RPS6KA6
RSK,1.0816666666666668,27,KRSA,0.6506777893639207,3,AGC,RSK,P70,RPS6KB1
RSK,1.0816666666666668,27,KRSA,0.6506777893639207,3,AGC,RSK,P70,RPS6KB2
NMO,-2.370833333333333,11,KRSA,0.8633993743482794,4,CMGC,MAPK,NMO,NLK
PAKA,0.7508333333333334,45,KRSA,0.4254431699687174,2,STE,STE20,PAKA,PAK1
PAKA,0.7508333333333334,45,KRSA,0.4254431699687174,2,STE,STE20,PAKA,PAK2
PAKA,0.7508333333333334,45,KRSA,0.4254431699687174,2,STE,STE20,PAKA,PAK3
CAMK1,1.893333333333333,15,KRSA,0.8133472367049009,4,CAMK,CAMK1,CAMK1,CAMK1
CAMK1,1.893333333333333,15,KRSA,0.8133472367049009,4,CAMK,CAMK1,CAMK1,CAMK1D
CAMK1,1.893333333333333,15,KRSA,0.8133472367049009,4,CAMK,CAMK1,CAMK1,CAMK1G
CAMK1,1.893333333333333,15,KRSA,0.8133472367049009,4,CAMK,CAMK1,CAMK1,CAMK4
CAMK1,1.893333333333333,15,KRSA,0.8133472367049009,4,CAMK,CAMK1,CAMK1,PNCK
QIK,-1.2875,20,KRSA,0.7382690302398331,3,CAMK,CAMKL,QIK,SIK1
QIK,-1.2875,20,KRSA,0.7382690302398331,3,CAMK,CAMKL,QIK,SIK2
PKCD,0.9508333333333332,36,KRSA,0.5380604796663191,3,AGC,PKC,DELTA,PRKCD
PKCD,0.9508333333333332,36,KRSA,0.5380604796663191,3,AGC,PKC,DELTA,PRKCQ
COT,0.20083333333333336,69,KRSA,0.10010427528675704,1,STE,STE-UNIQUE,STE-UNIQUE,MAP3K8
PASK,0.6816666666666666,54,KRSA,0.30031282586027114,2,CAMK,CAMKL,PASK,PASK
MOS,1.0025,33,KRSA,0.5755995828988529,3,OTHER,MOS,MOS,MOS
SLK,0.47,60,KRSA,0.22523461939520334,1,STE,STE20,SLK,SLK
SLK,0.47,60,KRSA,0.22523461939520334,1,STE,STE20,SLK,STK10
MELK,-0.8533333333333333,38,KRSA,0.5130344108446299,3,CAMK,CAMKL,MELK,MELK
RAD53,1.215,23,KRSA,0.7007299270072993,3,CAMK,RAD53,RAD53,CHEK2
VRK1,-0.7075,53,KRSA,0.31282586027111575,2,CK1,VRK,VRK,VRK1
GSK,-1.1525,24,KRSA,0.6882168925964547,3,CMGC,GSK,GSK,GSK3A
GSK,-1.1525,24,KRSA,0.6882168925964547,3,CMGC,GSK,GSK,GSK3B
LKB,-1.285,21,KRSA,0.7257559958289885,3,CAMK,CAMKL,LKB,STK11
MLCK,-0.4858333333333332,58,KRSA,0.2502606882168926,2,CAMK,MLCK,MLCK,MYLK
MLCK,-0.4858333333333332,58,KRSA,0.2502606882168926,2,CAMK,MLCK,MLCK,MYLK2
MLCK,-0.4858333333333332,58,KRSA,0.2502606882168926,2,CAMK,MLCK,MLCK,TTN
STE7,-1.4516666666666669,17,KRSA,0.7883211678832117,4,STE,STE7,MEK1,MAP2K1
STE7,-1.4516666666666669,17,KRSA,0.7883211678832117,4,STE,STE7,MEK1,MAP2K2
STE7,-1.4516666666666669,17,KRSA,0.7883211678832117,4,STE,STE7,MEK3,MAP2K3
STE7,-1.4516666666666669,17,KRSA,0.7883211678832117,4,STE,STE7,MEK4,MAP2K4
STE7,-1.4516666666666669,17,KRSA,0.7883211678832117,4,STE,STE7,MEK5,MAP2K5
STE7,-1.4516666666666669,17,KRSA,0.7883211678832117,4,STE,STE7,MEK3,MAP2K6
STE7,-1.4516666666666669,17,KRSA,0.7883211678832117,4,STE,STE7,MEK7,MAP2K7
AMPK,1.0758333333333332,28,KRSA,0.6381647549530761,3,CAMK,CAMKL,AMPK,PRKAA1
AMPK,1.0758333333333332,28,KRSA,0.6381647549530761,3,CAMK,CAMKL,AMPK,PRKAA2
PKCH,-1.1291666666666669,26,KRSA,0.6631908237747653,3,AGC,PKC,ETA,PRKCE
PKCH,-1.1291666666666669,26,KRSA,0.6631908237747653,3,AGC,PKC,ETA,PRKCH
RIPK,0.83,41,KRSA,0.4754953076120959,2,TKL,RIPK,RIPK,ANKK1
RIPK,0.83,41,KRSA,0.4754953076120959,2,TKL,RIPK,RIPK,RIPK1
RIPK,0.83,41,KRSA,0.4754953076120959,2,TKL,RIPK,RIPK,RIPK2
RIPK,0.83,41,KRSA,0.4754953076120959,2,TKL,RIPK,RIPK,RIPK3
RIPK,0.83,41,KRSA,0.4754953076120959,2,TKL,RIPK,RIPK,RIPK4
FRAY,-1.3633333333333333,19,KRSA,0.7507820646506778,4,STE,STE20,FRAY,OXSR1
FRAY,-1.3633333333333333,19,KRSA,0.7507820646506778,4,STE,STE20,FRAY,STK39
STE11,-0.7966666666666666,44,KRSA,0.43795620437956206,2,TKL,MLK,TAK1,MAP3K7
STE11,-0.7966666666666666,44,KRSA,0.43795620437956206,2,STE,STE11,MEKK1,MAP3K1
STE11,-0.7966666666666666,44,KRSA,0.43795620437956206,2,STE,STE11,ASK,MAP3K15
STE11,-0.7966666666666666,44,KRSA,0.43795620437956206,2,STE,STE11,MEKK2,MAP3K2
STE11,-0.7966666666666666,44,KRSA,0.43795620437956206,2,STE,STE11,MEKK2,MAP3K3
STE11,-0.7966666666666666,44,KRSA,0.43795620437956206,2,STE,STE11,MEKK4,MAP3K4
STE11,-0.7966666666666666,44,KRSA,0.43795620437956206,2,STE,STE11,ASK,MAP3K5
STE11,-0.7966666666666666,44,KRSA,0.43795620437956206,2,STE,STE11,ASK,MAP3K6
DAPK,-1.1416666666666666,25,KRSA,0.67570385818561,3,CAMK,DAPK,DAPK,DAPK1
DAPK,-1.1416666666666666,25,KRSA,0.67570385818561,3,CAMK,DAPK,DAPK,DAPK2
DAPK,-1.1416666666666666,25,KRSA,0.67570385818561,3,CAMK,DAPK,DAPK,DAPK3
DAPK,-1.1416666666666666,25,KRSA,0.67570385818561,3,CAMK,DAPK,DRAK,STK17A
DAPK,-1.1416666666666666,25,KRSA,0.67570385818561,3,CAMK,DAPK,DRAK,STK17B
CK1,-0.9975,34,KRSA,0.5630865484880083,3,CK1,CK1,CK1-A,CSNK1A1
CK1,-0.9975,34,KRSA,0.5630865484880083,3,CK1,CK1,CK1-A,CSNK1A1L
CK1,-0.9975,34,KRSA,0.5630865484880083,3,CK1,CK1,CK1-D,CSNK1D
CK1,-0.9975,34,KRSA,0.5630865484880083,3,CK1,CK1,CK1-D,CSNK1E
CK1,-0.9975,34,KRSA,0.5630865484880083,3,CK1,CK1,CK1-G,CSNK1G1
CK1,-0.9975,34,KRSA,0.5630865484880083,3,CK1,CK1,CK1-G,CSNK1G2
CK1,-0.9975,34,KRSA,0.5630865484880083,3,CK1,CK1,CK1-G,CSNK1G3
CK1,-0.9975,34,KRSA,0.5630865484880083,3,CK1,TTBK,TTBK,TTBK1
CK1,-0.9975,34,KRSA,0.5630865484880083,3,CK1,TTBK,TTBK,TTBK2
CK1,-0.9975,34,KRSA,0.5630865484880083,3,CK1,VRK,VRK,VRK3
PKD,0.5591666666666667,57,KRSA,0.26277372262773724,2,CAMK,PKD,PKD,PRKD1
PKD,0.5591666666666667,57,KRSA,0.26277372262773724,2,CAMK,PKD,PKD,PRKD2
PKD,0.5591666666666667,57,KRSA,0.26277372262773724,2,CAMK,PKD,PKD,PRKD3
MLK,-0.8383333333333334,39,KRSA,0.5005213764337852,3,TKL,MLK,ILK,ILK
MLK,-0.8383333333333334,39,KRSA,0.5005213764337852,3,TKL,MLK,MLK,MAP3K10
MLK,-0.8383333333333334,39,KRSA,0.5005213764337852,3,TKL,MLK,MLK,MAP3K11
MLK,-0.8383333333333334,39,KRSA,0.5005213764337852,3,TKL,MLK,LZK,MAP3K12
MLK,-0.8383333333333334,39,KRSA,0.5005213764337852,3,TKL,MLK,LZK,MAP3K13
MLK,-0.8383333333333334,39,KRSA,0.5005213764337852,3,TKL,MLK,MLK,MAP3K9
MLK,-0.8383333333333334,39,KRSA,0.5005213764337852,3,TKL,MLK,HH498,TNNI3K
PKCA,-1.9883333333333333,13,KRSA,0.8383733055265902,4,AGC,PKC,ALPHA,PRKCA
PKCA,-1.9883333333333333,13,KRSA,0.8383733055265902,4,AGC,PKC,ALPHA,PRKCB
PKCA,-1.9883333333333333,13,KRSA,0.8383733055265902,4,AGC,PKC,ALPHA,PRKCG
CAMK2,1.0433333333333334,32,KRSA,0.5881126173096975,3,CAMK,CAMK2,CAMK2,CAMK2A
CAMK2,1.0433333333333334,32,KRSA,0.5881126173096975,3,CAMK,CAMK2,CAMK2,CAMK2B
CAMK2,1.0433333333333334,32,KRSA,0.5881126173096975,3,CAMK,CAMK2,CAMK2,CAMK2D
CAMK2,1.0433333333333334,32,KRSA,0.5881126173096975,3,CAMK,CAMK2,CAMK2,CAMK2G
SGK,-0.42916666666666664,61,KRSA,0.2127215849843587,1,AGC,SGK,SGK,SGK1
SGK,-0.42916666666666664,61,KRSA,0.2127215849843587,1,AGC,SGK,SGK,SGK2
SGK,-0.42916666666666664,61,KRSA,0.2127215849843587,1,AGC,SGK,SGK,SGK3
IKK,-0.8725,37,KRSA,0.5255474452554745,3,OTHER,IKK,IKK,CHUK
IKK,-0.8725,37,KRSA,0.5255474452554745,3,OTHER,IKK,IKK,IKBKB
IKK,-0.8725,37,KRSA,0.5255474452554745,3,OTHER,IKK,IKK,IKBKE
IKK,-0.8725,37,KRSA,0.5255474452554745,3,OTHER,IKK,IKK,TBK1
ATR,-1.365,18,KRSA,0.7632950990615224,4,ATYPICAL,PIKK,ATR,ATR
CHK1,0.34833333333333333,66,KRSA,0.15015641293013557,1,CAMK,CAMKL,CHK1,CHEK1
TLK,-1.0716666666666668,29,KRSA,0.6256517205422315,3,OTHER,TLK,TLK,TLK1
TLK,-1.0716666666666668,29,KRSA,0.6256517205422315,3,OTHER,TLK,TLK,TLK2
NAK,-0.17666666666666672,71,KRSA,0.07507820646506778,1,OTHER,NAK,BIKE,AAK1
NAK,-0.17666666666666672,71,KRSA,0.07507820646506778,1,OTHER,NAK,BIKE,BMP2K
NAK,-0.17666666666666672,71,KRSA,0.07507820646506778,1,OTHER,NAK,GAK,GAK
NAK,-0.17666666666666672,71,KRSA,0.07507820646506778,1,OTHER,NAK,MPSK,STK16
PKN,-0.8225,42,KRSA,0.4629822732012513,2,AGC,PKN,PKN,PKN1
PKN,-0.8225,42,KRSA,0.4629822732012513,2,AGC,PKN,PKN,PKN2
PKN,-0.8225,42,KRSA,0.4629822732012513,2,AGC,PKN,PKN,PKN3
TTK,-1.0658333333333334,31,KRSA,0.6006256517205423,3,OTHER,TTK,TTK,TTK
PIM,0.38833333333333336,65,KRSA,0.16266944734098018,1,CAMK,PIM,PIM,PIM1
PIM,0.38833333333333336,65,KRSA,0.16266944734098018,1,CAMK,PIM,PIM,PIM2
PIM,0.38833333333333336,65,KRSA,0.16266944734098018,1,CAMK,PIM,PIM,PIM3
MAPKAPK,0.6341666666666667,55,KRSA,0.28779979144942647,2,CAMK,MAPKAPK,MAPKAPK,MAPKAPK2
MAPKAPK,0.6341666666666667,55,KRSA,0.28779979144942647,2,CAMK,MAPKAPK,MAPKAPK,MAPKAPK3
MAPKAPK,0.6341666666666667,55,KRSA,0.28779979144942647,2,CAMK,MAPKAPK,MAPKAPK,MAPKAPK5
MAPKAPK,0.6341666666666667,55,KRSA,0.28779979144942647,2,CAMK,MAPKAPK,MNK,MKNK1
MAPKAPK,0.6341666666666667,55,KRSA,0.28779979144942647,2,CAMK,MAPKAPK,MNK,MKNK2
PAKB,-0.7125,51,KRSA,0.337851929092805,2,STE,STE20,PAKB,PAK4
PAKB,-0.7125,51,KRSA,0.337851929092805,2,STE,STE20,PAKB,PAK5
PAKB,-0.7125,51,KRSA,0.337851929092805,2,STE,STE20,PAKB,PAK6
NUAK,-1.0683333333333334,30,KRSA,0.6131386861313869,3,CAMK,CAMKL,NUAK,NUAK1
NUAK,-1.0683333333333334,30,KRSA,0.6131386861313869,3,CAMK,CAMKL,NUAK,NUAK2
NEK,-0.4816666666666667,59,KRSA,0.23774765380604795,1,OTHER,NEK,NEK11,NEK11
NEK,-0.4816666666666667,59,KRSA,0.23774765380604795,1,OTHER,NEK,NEK2,NEK2
NEK,-0.4816666666666667,59,KRSA,0.23774765380604795,1,OTHER,NEK,NEK1,NEK3
NEK,-0.4816666666666667,59,KRSA,0.23774765380604795,1,OTHER,NEK,NEK4,NEK4
NEK,-0.4816666666666667,59,KRSA,0.23774765380604795,1,OTHER,NEK,NEK1,NEK5
NEK,-0.4816666666666667,59,KRSA,0.23774765380604795,1,OTHER,NEK,NEK6,NEK6
NEK,-0.4816666666666667,59,KRSA,0.23774765380604795,1,OTHER,NEK,NEK6,NEK7
NEK,-0.4816666666666667,59,KRSA,0.23774765380604795,1,OTHER,NEK,NEK8,NEK8
NEK,-0.4816666666666667,59,KRSA,0.23774765380604795,1,OTHER,NEK,NEK8,NEK9
PRKDC,-0.8166666666666667,43,KRSA,0.4504692387904067,2,ATYPICAL,PIKK,DNAPK,PRKDC
PKCI,0.9825,35,KRSA,0.5505735140771637,3,AGC,PKC,IOTA,PRKCI
PKCI,0.9825,35,KRSA,0.5505735140771637,3,AGC,PKC,IOTA,PRKCZ
HAL,0.8341666666666666,40,KRSA,0.4880083420229406,2,RGC,RGC,RGC,NPR1
STKR,-0.00333333333333334,77,KRSA,0,1,TKL,STKR,TYPE1,ACVR1
STKR,-0.00333333333333334,77,KRSA,0,1,TKL,STKR,TYPE1,ACVR1B
STKR,-0.00333333333333334,77,KRSA,0,1,TKL,STKR,TYPE1,ACVR1C
STKR,-0.00333333333333334,77,KRSA,0,1,TKL,STKR,TYPE2,ACVR2A
STKR,-0.00333333333333334,77,KRSA,0,1,TKL,STKR,TYPE2,ACVR2B
STKR,-0.00333333333333334,77,KRSA,0,1,TKL,STKR,TYPE1,ACVRL1
STKR,-0.00333333333333334,77,KRSA,0,1,TKL,STKR,TYPE2,AMHR2
STKR,-0.00333333333333334,77,KRSA,0,1,TKL,STKR,TYPE1,BMPR1A
STKR,-0.00333333333333334,77,KRSA,0,1,TKL,STKR,TYPE1,BMPR1B
STKR,-0.00333333333333334,77,KRSA,0,1,TKL,STKR,TYPE2,BMPR2
STKR,-0.00333333333333334,77,KRSA,0,1,TKL,STKR,TYPE1,TGFBR1
STKR,-0.00333333333333334,77,KRSA,0,1,TKL,STKR,TYPE2,TGFBR2
NDR,0.16416666666666666,73,KRSA,0.05005213764337852,1,AGC,NDR,NDR,LATS1
NDR,0.16416666666666666,73,KRSA,0.05005213764337852,1,AGC,NDR,NDR,LATS2
NDR,0.16416666666666666,73,KRSA,0.05005213764337852,1,AGC,NDR,NDR,STK38
NDR,0.16416666666666666,73,KRSA,0.05005213764337852,1,AGC,NDR,NDR,STK38L
PHK,-1.2608333333333333,22,KRSA,0.7132429614181439,3,CAMK,PHK,PHK,PHKG1
PHK,-1.2608333333333333,22,KRSA,0.7132429614181439,3,CAMK,PHK,PHK,PHKG2
PDHK,0.18083333333333343,70,KRSA,0.08759124087591241,1,ATYPICAL,PDHK,BCKDK,BCKDK
PDHK,0.18083333333333343,70,KRSA,0.08759124087591241,1,ATYPICAL,PDHK,PDHK,PDK2
PDHK,0.18083333333333343,70,KRSA,0.08759124087591241,1,ATYPICAL,PDHK,PDHK,PDK3
PDHK,0.18083333333333343,70,KRSA,0.08759124087591241,1,ATYPICAL,PDHK,PDHK,PDK4
AUR,-0.20083333333333336,69,KRSA,0.10010427528675704,1,OTHER,AUR,AUR,AURKA
AUR,-0.20083333333333336,69,KRSA,0.10010427528675704,1,OTHER,AUR,AUR,AURKB
AUR,-0.20083333333333336,69,KRSA,0.10010427528675704,1,OTHER,AUR,AUR,AURKC
CLK,-0.74,50,KRSA,0.35036496350364965,2,CMGC,CLK,CLK,CLK1
CLK,-0.74,50,KRSA,0.35036496350364965,2,CMGC,CLK,CLK,CLK2
CLK,-0.74,50,KRSA,0.35036496350364965,2,CMGC,CLK,CLK,CLK3
CLK,-0.74,50,KRSA,0.35036496350364965,2,CMGC,CLK,CLK,CLK4
ULK,-0.7483333333333333,47,KRSA,0.38790406673618355,2,OTHER,ULK,FUSED,STK36
ULK,-0.7483333333333333,47,KRSA,0.38790406673618355,2,OTHER,ULK,ULK,ULK1
ULK,-0.7483333333333333,47,KRSA,0.38790406673618355,2,OTHER,ULK,ULK,ULK2
ULK,-0.7483333333333333,47,KRSA,0.38790406673618355,2,OTHER,ULK,ULK,ULK3
ULK,-0.7483333333333333,47,KRSA,0.38790406673618355,2,OTHER,ULK,ULK,ULK4
TAO,-0.41833333333333333,62,KRSA,0.20020855057351408,1,STE,STE20,TAO,TAOK1
TAO,-0.41833333333333333,62,KRSA,0.20020855057351408,1,STE,STE20,TAO,TAOK2
TAO,-0.41833333333333333,62,KRSA,0.20020855057351408,1,STE,STE20,TAO,TAOK3
WNK,-0.7491666666666666,46,KRSA,0.4129301355578728,2,OTHER,WNK,WNK,WNK1
WNK,-0.7491666666666666,46,KRSA,0.4129301355578728,2,OTHER,WNK,WNK,WNK2
WNK,-0.7491666666666666,46,KRSA,0.4129301355578728,2,OTHER,WNK,WNK,WNK3
WNK,-0.7491666666666666,46,KRSA,0.4129301355578728,2,OTHER,WNK,WNK,WNK4
BUD32,-0.7483333333333333,47,KRSA,0.38790406673618355,2,OTHER,BUD32,BUD32,TP53RK
CAMKK,-0.7408333333333333,49,KRSA,0.36287799791449427,2,OTHER,CAMKK,META,CAMKK1
CAMKK,-0.7408333333333333,49,KRSA,0.36287799791449427,2,OTHER,CAMKK,META,CAMKK2
NIK,-0.7433333333333334,48,KRSA,0.3753910323253389,2,STE,STE-UNIQUE,STE-UNIQUE,MAP3K14
KHS,0.26,68,KRSA,0.1251303441084463,1,STE,STE20,KHS,MAP4K1
KHS,0.26,68,KRSA,0.1251303441084463,1,STE,STE20,KHS,MAP4K2
KHS,0.26,68,KRSA,0.1251303441084463,1,STE,STE20,KHS,MAP4K3
KHS,0.26,68,KRSA,0.1251303441084463,1,STE,STE20,KHS,MAP4K5
BRSK,0.3341666666666666,67,KRSA,0.13764337851929093,1,CAMK,CAMKL,BRSK,BRSK1
BRSK,0.3341666666666666,67,KRSA,0.13764337851929093,1,CAMK,CAMKL,BRSK,BRSK2
IRAK,-0.4083333333333333,63,KRSA,0.18769551616266944,1,TKL,IRAK,IRAK,IRAK1
IRAK,-0.4083333333333333,63,KRSA,0.18769551616266944,1,TKL,IRAK,IRAK,IRAK2
IRAK,-0.4083333333333333,63,KRSA,0.18769551616266944,1,TKL,IRAK,IRAK,IRAK3
IRAK,-0.4083333333333333,63,KRSA,0.18769551616266944,1,TKL,IRAK,IRAK,IRAK4
BARK2,-0.17083333333333334,72,KRSA,0.06256517205422316,1,AGC,GRK,BARK,GRK3
AKT,0.12500000000000008,74,KRSA,0.03753910323253389,1,AGC,AKT,AKT,AKT1
AKT,0.12500000000000008,74,KRSA,0.03753910323253389,1,AGC,AKT,AKT,AKT2
AKT,0.12500000000000008,74,KRSA,0.03753910323253389,1,AGC,AKT,AKT,AKT3
GRK,0.1208333333333333,75,KRSA,0.02502606882168926,1,AGC,GRK,GRK,GRK1
GRK,0.1208333333333333,75,KRSA,0.02502606882168926,1,AGC,GRK,GRK,GRK4
GRK,0.1208333333333333,75,KRSA,0.02502606882168926,1,AGC,GRK,GRK,GRK5
GRK,0.1208333333333333,75,KRSA,0.02502606882168926,1,AGC,GRK,GRK,GRK6
GRK,0.1208333333333333,75,KRSA,0.02502606882168926,1,AGC,GRK,GRK,GRK7
CK2,0.3908333333333333,64,KRSA,0.17518248175182483,1,CMGC,CK2,CK2,CSNK2A1
CK2,0.3908333333333333,64,KRSA,0.17518248175182483,1,CMGC,CK2,CK2,CSNK2A2
CK2,0.3908333333333333,64,KRSA,0.17518248175182483,1,NA,NA,NA,CSNK2A3
MSN,-0.11916666666666674,76,KRSA,0.01251303441084463,1,STE,STE20,MSN,MAP4K4
MSN,-0.11916666666666674,76,KRSA,0.01251303441084463,1,STE,STE20,MSN,NRK
MSN,-0.11916666666666674,76,KRSA,0.01251303441084463,1,STE,STE20,MSN,TNIK
ATM,-0.6191666666666666,56,KRSA,0.27528675703858185,2,ATYPICAL,PIKK,ATM,ATM
DMPK,-0.7091666666666667,52,KRSA,0.32533889468196037,2,AGC,DMPK,GEK,CDC42BPA
DMPK,-0.7091666666666667,52,KRSA,0.32533889468196037,2,AGC,DMPK,GEK,CDC42BPB
DMPK,-0.7091666666666667,52,KRSA,0.32533889468196037,2,AGC,DMPK,GEK,CDC42BPG
DMPK,-0.7091666666666667,52,KRSA,0.32533889468196037,2,AGC,DMPK,CRIK,CIT
DMPK,-0.7091666666666667,52,KRSA,0.32533889468196037,2,AGC,DMPK,GEK,DMPK
DMPK,-0.7091666666666667,52,KRSA,0.32533889468196037,2,AGC,DMPK,ROCK,ROCK1
DMPK,-0.7091666666666667,52,KRSA,0.32533889468196037,2,AGC,DMPK,ROCK,ROCK2
ERK,-4.105833333333333,1,KRSA,0.9885297184567258,4,CMGC,MAPK,ERK1,MAPK1
ERK,-4.105833333333333,1,KRSA,0.9885297184567258,4,CMGC,MAPK,ERK7,MAPK15
ERK,-4.105833333333333,1,KRSA,0.9885297184567258,4,CMGC,MAPK,ERK1,MAPK3
ERK,-4.105833333333333,1,KRSA,0.9885297184567258,4,CMGC,MAPK,ERK3,MAPK4
ERK,-4.105833333333333,1,KRSA,0.9885297184567258,4,CMGC,MAPK,ERK3,MAPK6
ERK,-4.105833333333333,1,KRSA,0.9885297184567258,4,CMGC,MAPK,ERK5,MAPK7
DYRK,-3.788333333333333,2,KRSA,0.9760166840458812,4,CMGC,DYRK,DYRK1,DYRK1A
DYRK,-3.788333333333333,2,KRSA,0.9760166840458812,4,CMGC,DYRK,DYRK1,DYRK1B
DYRK,-3.788333333333333,2,KRSA,0.9760166840458812,4,CMGC,DYRK,DYRK2,DYRK2
DYRK,-3.788333333333333,2,KRSA,0.9760166840458812,4,CMGC,DYRK,DYRK2,DYRK3
DYRK,-3.788333333333333,2,KRSA,0.9760166840458812,4,CMGC,DYRK,DYRK2,DYRK4
DYRK,-3.788333333333333,2,KRSA,0.9760166840458812,4,CMGC,DYRK,HIPK,HIPK1
DYRK,-3.788333333333333,2,KRSA,0.9760166840458812,4,CMGC,DYRK,HIPK,HIPK2
DYRK,-3.788333333333333,2,KRSA,0.9760166840458812,4,CMGC,DYRK,HIPK,HIPK3
DYRK,-3.788333333333333,2,KRSA,0.9760166840458812,4,CMGC,DYRK,HIPK,HIPK4
DYRK,-3.788333333333333,2,KRSA,0.9760166840458812,4,CMGC,DYRK,PRP4,PRPF4B
CDK,-3.195,6,KRSA,0.9259645464025026,4,CMGC,CDK,CDC2,CDK1
CDK,-3.195,6,KRSA,0.9259645464025026,4,CMGC,CDK,CDK10,CDK10
CDK,-3.195,6,KRSA,0.9259645464025026,4,CMGC,CDK,CRK7,CDK12
CDK,-3.195,6,KRSA,0.9259645464025026,4,CMGC,CDK,CRK7,CDK13
CDK,-3.195,6,KRSA,0.9259645464025026,4,CMGC,CDK,PFTAIRE,CDK14
CDK,-3.195,6,KRSA,0.9259645464025026,4,CMGC,CDK,PFTAIRE,CDK15
CDK,-3.195,6,KRSA,0.9259645464025026,4,CMGC,CDK,PCTAIRE,CDK16
CDK,-3.195,6,KRSA,0.9259645464025026,4,CMGC,CDK,PCTAIRE,CDK17
CDK,-3.195,6,KRSA,0.9259645464025026,4,CMGC,CDK,PCTAIRE,CDK18
CDK,-3.195,6,KRSA,0.9259645464025026,4,CMGC,CDK,CDK8,CDK19
CDK,-3.195,6,KRSA,0.9259645464025026,4,CMGC,CDK,CDC2,CDK2
CDK,-3.195,6,KRSA,0.9259645464025026,4,CMGC,CDK,CCRK,CDK20
CDK,-3.195,6,KRSA,0.9259645464025026,4,CMGC,CDK,CDC2,CDK3
CDK,-3.195,6,KRSA,0.9259645464025026,4,CMGC,CDK,CDK4,CDK4
CDK,-3.195,6,KRSA,0.9259645464025026,4,CMGC,CDK,CDK5,CDK5
CDK,-3.195,6,KRSA,0.9259645464025026,4,CMGC,CDK,CDK4,CDK6
CDK,-3.195,6,KRSA,0.9259645464025026,4,CMGC,CDK,CDK7,CDK7
CDK,-3.195,6,KRSA,0.9259645464025026,4,CMGC,CDK,CDK8,CDK8
CDK,-3.195,6,KRSA,0.9259645464025026,4,CMGC,CDK,CDK9,CDK9
CDK,-3.195,6,KRSA,0.9259645464025026,4,NA,NA,NA,CDK11A
CDK,-3.195,6,KRSA,0.9259645464025026,4,NA,NA,NA,CDK11B
PKA,3.111666666666667,7,KRSA,0.913451511991658,4,AGC,PKA,PKA,PRKACA
PKA,3.111666666666667,7,KRSA,0.913451511991658,4,AGC,PKA,PKA,PRKACB
PKA,3.111666666666667,7,KRSA,0.913451511991658,4,AGC,PKA,PKA,PRKACG
PKA,3.111666666666667,7,KRSA,0.913451511991658,4,AGC,PKA,PKA,PRKX
PKA,3.111666666666667,7,KRSA,0.913451511991658,4,AGC,PKA,PKA,PRKY
PDK1,-3.658333333333333,3,KRSA,0.9635036496350365,4,ATYPICAL,PDHK,PDHK,PDK1
PDK1,-3.658333333333333,3,KRSA,0.9635036496350365,4,AGC,PDK1,PDK1,PDPK1
PKG,3.2,5,KRSA,0.9384775808133472,4,AGC,PKG,PKG,PRKG1
PKG,3.2,5,KRSA,0.9384775808133472,4,AGC,PKG,PKG,PRKG2
P38,-3.0383333333333336,8,KRSA,0.9009384775808134,4,CMGC,MAPK,P38,MAPK11
P38,-3.0383333333333336,8,KRSA,0.9009384775808134,4,CMGC,MAPK,P38,MAPK12
P38,-3.0383333333333336,8,KRSA,0.9009384775808134,4,CMGC,MAPK,P38,MAPK13
P38,-3.0383333333333336,8,KRSA,0.9009384775808134,4,CMGC,MAPK,P38,MAPK14
JNK,-3.5225,4,KRSA,0.9509906152241918,4,CMGC,MAPK,JNK,MAPK10
JNK,-3.5225,4,KRSA,0.9509906152241918,4,CMGC,MAPK,JNK,MAPK8
JNK,-3.5225,4,KRSA,0.9509906152241918,4,CMGC,MAPK,JNK,MAPK9
PLK,-2.650833333333334,9,KRSA,0.8884254431699687,4,NA,NA,NA,PLK5
PLK,-2.650833333333334,9,KRSA,0.8884254431699687,4,OTHER,PLK,PLK1,PLK1
PLK,-2.650833333333334,9,KRSA,0.8884254431699687,4,OTHER,PLK,PLK2,PLK2
PLK,-2.650833333333334,9,KRSA,0.8884254431699687,4,OTHER,PLK,PLK2,PLK3
PLK,-2.650833333333334,9,KRSA,0.8884254431699687,4,OTHER,PLK,SAK,PLK4
NMO,-2.370833333333333,11,KRSA,0.8633993743482794,4,CMGC,MAPK,NMO,NLK
AMPK,1.0758333333333332,28,KRSA,0.6381647549530761,3,CAMK,CAMKL,AMPK,PRKAA1
AMPK,1.0758333333333332,28,KRSA,0.6381647549530761,3,CAMK,CAMKL,AMPK,PRKAA2
PEK,-2.6158333333333332,10,KRSA,0.8759124087591241,4,OTHER,PEK,HRI,EIF2AK1
PEK,-2.6158333333333332,10,KRSA,0.8759124087591241,4,OTHER,PEK,PKR,EIF2AK2
PEK,-2.6158333333333332,10,KRSA,0.8759124087591241,4,OTHER,PEK,PEK,EIF2AK3
PEK,-2.6158333333333332,10,KRSA,0.8759124087591241,4,OTHER,PEK,GCN2,EIF2AK4
LKB,-1.285,21,KRSA,0.7257559958289885,3,CAMK,CAMKL,LKB,STK11
PKCA,-1.9883333333333333,13,KRSA,0.8383733055265902,4,AGC,PKC,ALPHA,PRKCA
PKCA,-1.9883333333333333,13,KRSA,0.8383733055265902,4,AGC,PKC,ALPHA,PRKCB
PKCA,-1.9883333333333333,13,KRSA,0.8383733055265902,4,AGC,PKC,ALPHA,PRKCG
PKCI,0.9825,35,KRSA,0.5505735140771637,3,AGC,PKC,IOTA,PRKCI
PKCI,0.9825,35,KRSA,0.5505735140771637,3,AGC,PKC,IOTA,PRKCZ
RSK,1.0816666666666668,27,KRSA,0.6506777893639207,3,AGC,RSK,RSK,RPS6KA1
RSK,1.0816666666666668,27,KRSA,0.6506777893639207,3,AGC,RSK,RSK,RPS6KA2
RSK,1.0816666666666668,27,KRSA,0.6506777893639207,3,AGC,RSK,RSK,RPS6KA3
RSK,1.0816666666666668,27,KRSA,0.6506777893639207,3,AGC,RSK,MSK,RPS6KA4
RSK,1.0816666666666668,27,KRSA,0.6506777893639207,3,AGC,RSK,MSK,RPS6KA5
RSK,1.0816666666666668,27,KRSA,0.6506777893639207,3,AGC,RSK,RSK,RPS6KA6
RSK,1.0816666666666668,27,KRSA,0.6506777893639207,3,AGC,RSK,P70,RPS6KB1
RSK,1.0816666666666668,27,KRSA,0.6506777893639207,3,AGC,RSK,P70,RPS6KB2
AKT,0.12500000000000008,74,KRSA,0.03753910323253389,1,AGC,AKT,AKT,AKT1
AKT,0.12500000000000008,74,KRSA,0.03753910323253389,1,AGC,AKT,AKT,AKT2
AKT,0.12500000000000008,74,KRSA,0.03753910323253389,1,AGC,AKT,AKT,AKT3
ATR,-1.365,18,KRSA,0.7632950990615224,4,ATYPICAL,PIKK,ATR,ATR
BARK2,-0.17083333333333334,72,KRSA,0.06256517205422316,1,AGC,GRK,BARK,GRK3
CAMK1,1.893333333333333,15,KRSA,0.8133472367049009,4,CAMK,CAMK1,CAMK1,CAMK1
CAMK1,1.893333333333333,15,KRSA,0.8133472367049009,4,CAMK,CAMK1,CAMK1,CAMK1D
CAMK1,1.893333333333333,15,KRSA,0.8133472367049009,4,CAMK,CAMK1,CAMK1,CAMK1G
CAMK1,1.893333333333333,15,KRSA,0.8133472367049009,4,CAMK,CAMK1,CAMK1,CAMK4
CAMK1,1.893333333333333,15,KRSA,0.8133472367049009,4,CAMK,CAMK1,CAMK1,PNCK
RAD53,1.215,23,KRSA,0.7007299270072993,3,CAMK,RAD53,RAD53,CHEK2
HAL,0.8341666666666666,40,KRSA,0.4880083420229406,2,RGC,RGC,RGC,NPR1
MST,-1.9258333333333333,14,KRSA,0.8258602711157456,4,STE,STE20,MST,STK3
MST,-1.9258333333333333,14,KRSA,0.8258602711157456,4,STE,STE20,MST,STK4
NUAK,-1.0683333333333334,30,KRSA,0.6131386861313869,3,CAMK,CAMKL,NUAK,NUAK1
NUAK,-1.0683333333333334,30,KRSA,0.6131386861313869,3,CAMK,CAMKL,NUAK,NUAK2
RAF,-2.1,12,KRSA,0.8508863399374348,4,TKL,RAF,RAF,ARAF
RAF,-2.1,12,KRSA,0.8508863399374348,4,TKL,RAF,RAF,BRAF
RAF,-2.1,12,KRSA,0.8508863399374348,4,TKL,RAF,KSR,KSR1
RAF,-2.1,12,KRSA,0.8508863399374348,4,TKL,RAF,KSR,KSR2
RAF,-2.1,12,KRSA,0.8508863399374348,4,TKL,RAF,RAF,RAF1
TLK,-1.0716666666666668,29,KRSA,0.6256517205422315,3,OTHER,TLK,TLK,TLK1
TLK,-1.0716666666666668,29,KRSA,0.6256517205422315,3,OTHER,TLK,TLK,TLK2
PKN,-0.8225,42,KRSA,0.4629822732012513,2,AGC,PKN,PKN,PKN1
PKN,-0.8225,42,KRSA,0.4629822732012513,2,AGC,PKN,PKN,PKN2
PKN,-0.8225,42,KRSA,0.4629822732012513,2,AGC,PKN,PKN,PKN3
TTK,-1.0658333333333334,31,KRSA,0.6006256517205423,3,OTHER,TTK,TTK,TTK
PKCH,-1.1291666666666669,26,KRSA,0.6631908237747653,3,AGC,PKC,ETA,PRKCE
PKCH,-1.1291666666666669,26,KRSA,0.6631908237747653,3,AGC,PKC,ETA,PRKCH
COT,0.20083333333333336,69,KRSA,0.10010427528675704,1,STE,STE-UNIQUE,STE-UNIQUE,MAP3K8
PKCD,0.9508333333333332,36,KRSA,0.5380604796663191,3,AGC,PKC,DELTA,PRKCD
PKCD,0.9508333333333332,36,KRSA,0.5380604796663191,3,AGC,PKC,DELTA,PRKCQ
MOS,1.0025,33,KRSA,0.5755995828988529,3,OTHER,MOS,MOS,MOS
KHS,0.26,68,KRSA,0.1251303441084463,1,STE,STE20,KHS,MAP4K1
KHS,0.26,68,KRSA,0.1251303441084463,1,STE,STE20,KHS,MAP4K2
KHS,0.26,68,KRSA,0.1251303441084463,1,STE,STE20,KHS,MAP4K3
KHS,0.26,68,KRSA,0.1251303441084463,1,STE,STE20,KHS,MAP4K5
MTOR,-1.846666666666667,16,KRSA,0.8008342022940563,4,ATYPICAL,PIKK,FRAP,MTOR
PASK,0.6816666666666666,54,KRSA,0.30031282586027114,2,CAMK,CAMKL,PASK,PASK
TAO,-0.41833333333333333,62,KRSA,0.20020855057351408,1,STE,STE20,TAO,TAOK1
TAO,-0.41833333333333333,62,KRSA,0.20020855057351408,1,STE,STE20,TAO,TAOK2
TAO,-0.41833333333333333,62,KRSA,0.20020855057351408,1,STE,STE20,TAO,TAOK3
STE11,-0.7966666666666666,44,KRSA,0.43795620437956206,2,TKL,MLK,TAK1,MAP3K7
STE11,-0.7966666666666666,44,KRSA,0.43795620437956206,2,STE,STE11,MEKK1,MAP3K1
STE11,-0.7966666666666666,44,KRSA,0.43795620437956206,2,STE,STE11,ASK,MAP3K15
STE11,-0.7966666666666666,44,KRSA,0.43795620437956206,2,STE,STE11,MEKK2,MAP3K2
STE11,-0.7966666666666666,44,KRSA,0.43795620437956206,2,STE,STE11,MEKK2,MAP3K3
STE11,-0.7966666666666666,44,KRSA,0.43795620437956206,2,STE,STE11,MEKK4,MAP3K4
STE11,-0.7966666666666666,44,KRSA,0.43795620437956206,2,STE,STE11,ASK,MAP3K5
STE11,-0.7966666666666666,44,KRSA,0.43795620437956206,2,STE,STE11,ASK,MAP3K6
FRAY,-1.3633333333333333,19,KRSA,0.7507820646506778,4,STE,STE20,FRAY,OXSR1
FRAY,-1.3633333333333333,19,KRSA,0.7507820646506778,4,STE,STE20,FRAY,STK39
CK2,0.3908333333333333,64,KRSA,0.17518248175182483,1,CMGC,CK2,CK2,CSNK2A1
CK2,0.3908333333333333,64,KRSA,0.17518248175182483,1,CMGC,CK2,CK2,CSNK2A2
CK2,0.3908333333333333,64,KRSA,0.17518248175182483,1,NA,NA,NA,CSNK2A3
MAPKAPK,0.6341666666666667,55,KRSA,0.28779979144942647,2,CAMK,MAPKAPK,MAPKAPK,MAPKAPK2
MAPKAPK,0.6341666666666667,55,KRSA,0.28779979144942647,2,CAMK,MAPKAPK,MAPKAPK,MAPKAPK3
MAPKAPK,0.6341666666666667,55,KRSA,0.28779979144942647,2,CAMK,MAPKAPK,MAPKAPK,MAPKAPK5
MAPKAPK,0.6341666666666667,55,KRSA,0.28779979144942647,2,CAMK,MAPKAPK,MNK,MKNK1
MAPKAPK,0.6341666666666667,55,KRSA,0.28779979144942647,2,CAMK,MAPKAPK,MNK,MKNK2
PKD,0.5591666666666667,57,KRSA,0.26277372262773724,2,CAMK,PKD,PKD,PRKD1
PKD,0.5591666666666667,57,KRSA,0.26277372262773724,2,CAMK,PKD,PKD,PRKD2
PKD,0.5591666666666667,57,KRSA,0.26277372262773724,2,CAMK,PKD,PKD,PRKD3
SLK,0.47,60,KRSA,0.22523461939520334,1,STE,STE20,SLK,SLK
SLK,0.47,60,KRSA,0.22523461939520334,1,STE,STE20,SLK,STK10
ULK,-0.7483333333333333,47,KRSA,0.38790406673618355,2,OTHER,ULK,FUSED,STK36
ULK,-0.7483333333333333,47,KRSA,0.38790406673618355,2,OTHER,ULK,ULK,ULK1
ULK,-0.7483333333333333,47,KRSA,0.38790406673618355,2,OTHER,ULK,ULK,ULK2
ULK,-0.7483333333333333,47,KRSA,0.38790406673618355,2,OTHER,ULK,ULK,ULK3
ULK,-0.7483333333333333,47,KRSA,0.38790406673618355,2,OTHER,ULK,ULK,ULK4
PIM,0.38833333333333336,65,KRSA,0.16266944734098018,1,CAMK,PIM,PIM,PIM1
PIM,0.38833333333333336,65,KRSA,0.16266944734098018,1,CAMK,PIM,PIM,PIM2
PIM,0.38833333333333336,65,KRSA,0.16266944734098018,1,CAMK,PIM,PIM,PIM3
SGK,-0.42916666666666664,61,KRSA,0.2127215849843587,1,AGC,SGK,SGK,SGK1
SGK,-0.42916666666666664,61,KRSA,0.2127215849843587,1,AGC,SGK,SGK,SGK2
SGK,-0.42916666666666664,61,KRSA,0.2127215849843587,1,AGC,SGK,SGK,SGK3
WNK,-0.7491666666666666,46,KRSA,0.4129301355578728,2,OTHER,WNK,WNK,WNK1
WNK,-0.7491666666666666,46,KRSA,0.4129301355578728,2,OTHER,WNK,WNK,WNK2
WNK,-0.7491666666666666,46,KRSA,0.4129301355578728,2,OTHER,WNK,WNK,WNK3
WNK,-0.7491666666666666,46,KRSA,0.4129301355578728,2,OTHER,WNK,WNK,WNK4
NIK,-0.7433333333333334,48,KRSA,0.3753910323253389,2,STE,STE-UNIQUE,STE-UNIQUE,MAP3K14
CLK,-0.74,50,KRSA,0.35036496350364965,2,CMGC,CLK,CLK,CLK1
CLK,-0.74,50,KRSA,0.35036496350364965,2,CMGC,CLK,CLK,CLK2
CLK,-0.74,50,KRSA,0.35036496350364965,2,CMGC,CLK,CLK,CLK3
CLK,-0.74,50,KRSA,0.35036496350364965,2,CMGC,CLK,CLK,CLK4
CAMKK,-0.7408333333333333,49,KRSA,0.36287799791449427,2,OTHER,CAMKK,META,CAMKK1
CAMKK,-0.7408333333333333,49,KRSA,0.36287799791449427,2,OTHER,CAMKK,META,CAMKK2
BRSK,0.3341666666666666,67,KRSA,0.13764337851929093,1,CAMK,CAMKL,BRSK,BRSK1
BRSK,0.3341666666666666,67,KRSA,0.13764337851929093,1,CAMK,CAMKL,BRSK,BRSK2
PRKDC,-0.8166666666666667,43,KRSA,0.4504692387904067,2,ATYPICAL,PIKK,DNAPK,PRKDC
BUD32,-0.7483333333333333,47,KRSA,0.38790406673618355,2,OTHER,BUD32,BUD32,TP53RK
PAKA,0.7508333333333334,45,KRSA,0.4254431699687174,2,STE,STE20,PAKA,PAK1
PAKA,0.7508333333333334,45,KRSA,0.4254431699687174,2,STE,STE20,PAKA,PAK2
PAKA,0.7508333333333334,45,KRSA,0.4254431699687174,2,STE,STE20,PAKA,PAK3
ATM,-0.6191666666666666,56,KRSA,0.27528675703858185,2,ATYPICAL,PIKK,ATM,ATM
PHK,-1.2608333333333333,22,KRSA,0.7132429614181439,3,CAMK,PHK,PHK,PHKG1
PHK,-1.2608333333333333,22,KRSA,0.7132429614181439,3,CAMK,PHK,PHK,PHKG2
STE7,-1.4516666666666669,17,KRSA,0.7883211678832117,4,STE,STE7,MEK1,MAP2K1
STE7,-1.4516666666666669,17,KRSA,0.7883211678832117,4,STE,STE7,MEK1,MAP2K2
STE7,-1.4516666666666669,17,KRSA,0.7883211678832117,4,STE,STE7,MEK3,MAP2K3
STE7,-1.4516666666666669,17,KRSA,0.7883211678832117,4,STE,STE7,MEK4,MAP2K4
STE7,-1.4516666666666669,17,KRSA,0.7883211678832117,4,STE,STE7,MEK5,MAP2K5
STE7,-1.4516666666666669,17,KRSA,0.7883211678832117,4,STE,STE7,MEK3,MAP2K6
STE7,-1.4516666666666669,17,KRSA,0.7883211678832117,4,STE,STE7,MEK7,MAP2K7
GSK,-1.1525,24,KRSA,0.6882168925964547,3,CMGC,GSK,GSK,GSK3A
GSK,-1.1525,24,KRSA,0.6882168925964547,3,CMGC,GSK,GSK,GSK3B
STKR,-0.00333333333333334,77,KRSA,0,1,TKL,STKR,TYPE1,ACVR1
STKR,-0.00333333333333334,77,KRSA,0,1,TKL,STKR,TYPE1,ACVR1B
STKR,-0.00333333333333334,77,KRSA,0,1,TKL,STKR,TYPE1,ACVR1C
STKR,-0.00333333333333334,77,KRSA,0,1,TKL,STKR,TYPE2,ACVR2A
STKR,-0.00333333333333334,77,KRSA,0,1,TKL,STKR,TYPE2,ACVR2B
STKR,-0.00333333333333334,77,KRSA,0,1,TKL,STKR,TYPE1,ACVRL1
STKR,-0.00333333333333334,77,KRSA,0,1,TKL,STKR,TYPE2,AMHR2
STKR,-0.00333333333333334,77,KRSA,0,1,TKL,STKR,TYPE1,BMPR1A
STKR,-0.00333333333333334,77,KRSA,0,1,TKL,STKR,TYPE1,BMPR1B
STKR,-0.00333333333333334,77,KRSA,0,1,TKL,STKR,TYPE2,BMPR2
STKR,-0.00333333333333334,77,KRSA,0,1,TKL,STKR,TYPE1,TGFBR1
STKR,-0.00333333333333334,77,KRSA,0,1,TKL,STKR,TYPE2,TGFBR2
RIPK,0.83,41,KRSA,0.4754953076120959,2,TKL,RIPK,RIPK,ANKK1
RIPK,0.83,41,KRSA,0.4754953076120959,2,TKL,RIPK,RIPK,RIPK1
RIPK,0.83,41,KRSA,0.4754953076120959,2,TKL,RIPK,RIPK,RIPK2
RIPK,0.83,41,KRSA,0.4754953076120959,2,TKL,RIPK,RIPK,RIPK3
RIPK,0.83,41,KRSA,0.4754953076120959,2,TKL,RIPK,RIPK,RIPK4
CAMK2,1.0433333333333334,32,KRSA,0.5881126173096975,3,CAMK,CAMK2,CAMK2,CAMK2A
CAMK2,1.0433333333333334,32,KRSA,0.5881126173096975,3,CAMK,CAMK2,CAMK2,CAMK2B
CAMK2,1.0433333333333334,32,KRSA,0.5881126173096975,3,CAMK,CAMK2,CAMK2,CAMK2D
CAMK2,1.0433333333333334,32,KRSA,0.5881126173096975,3,CAMK,CAMK2,CAMK2,CAMK2G
PDHK,0.18083333333333343,70,KRSA,0.08759124087591241,1,ATYPICAL,PDHK,BCKDK,BCKDK
PDHK,0.18083333333333343,70,KRSA,0.08759124087591241,1,ATYPICAL,PDHK,PDHK,PDK2
PDHK,0.18083333333333343,70,KRSA,0.08759124087591241,1,ATYPICAL,PDHK,PDHK,PDK3
PDHK,0.18083333333333343,70,KRSA,0.08759124087591241,1,ATYPICAL,PDHK,PDHK,PDK4
DAPK,-1.1416666666666666,25,KRSA,0.67570385818561,3,CAMK,DAPK,DAPK,DAPK1
DAPK,-1.1416666666666666,25,KRSA,0.67570385818561,3,CAMK,DAPK,DAPK,DAPK2
DAPK,-1.1416666666666666,25,KRSA,0.67570385818561,3,CAMK,DAPK,DAPK,DAPK3
DAPK,-1.1416666666666666,25,KRSA,0.67570385818561,3,CAMK,DAPK,DRAK,STK17A
DAPK,-1.1416666666666666,25,KRSA,0.67570385818561,3,CAMK,DAPK,DRAK,STK17B
MELK,-0.8533333333333333,38,KRSA,0.5130344108446299,3,CAMK,CAMKL,MELK,MELK
GRK,0.1208333333333333,75,KRSA,0.02502606882168926,1,AGC,GRK,GRK,GRK1
GRK,0.1208333333333333,75,KRSA,0.02502606882168926,1,AGC,GRK,GRK,GRK4
GRK,0.1208333333333333,75,KRSA,0.02502606882168926,1,AGC,GRK,GRK,GRK5
GRK,0.1208333333333333,75,KRSA,0.02502606882168926,1,AGC,GRK,GRK,GRK6
GRK,0.1208333333333333,75,KRSA,0.02502606882168926,1,AGC,GRK,GRK,GRK7
MLCK,-0.4858333333333332,58,KRSA,0.2502606882168926,2,CAMK,MLCK,MLCK,MYLK
MLCK,-0.4858333333333332,58,KRSA,0.2502606882168926,2,CAMK,MLCK,MLCK,MYLK2
MLCK,-0.4858333333333332,58,KRSA,0.2502606882168926,2,CAMK,MLCK,MLCK,TTN
NDR,0.16416666666666666,73,KRSA,0.05005213764337852,1,AGC,NDR,NDR,LATS1
NDR,0.16416666666666666,73,KRSA,0.05005213764337852,1,AGC,NDR,NDR,LATS2
NDR,0.16416666666666666,73,KRSA,0.05005213764337852,1,AGC,NDR,NDR,STK38
NDR,0.16416666666666666,73,KRSA,0.05005213764337852,1,AGC,NDR,NDR,STK38L
IRAK,-0.4083333333333333,63,KRSA,0.18769551616266944,1,TKL,IRAK,IRAK,IRAK1
IRAK,-0.4083333333333333,63,KRSA,0.18769551616266944,1,TKL,IRAK,IRAK,IRAK2
IRAK,-0.4083333333333333,63,KRSA,0.18769551616266944,1,TKL,IRAK,IRAK,IRAK3
IRAK,-0.4083333333333333,63,KRSA,0.18769551616266944,1,TKL,IRAK,IRAK,IRAK4
VRK1,-0.7075,53,KRSA,0.31282586027111575,2,CK1,VRK,VRK,VRK1
CK1,-0.9975,34,KRSA,0.5630865484880083,3,CK1,CK1,CK1-A,CSNK1A1
CK1,-0.9975,34,KRSA,0.5630865484880083,3,CK1,CK1,CK1-A,CSNK1A1L
CK1,-0.9975,34,KRSA,0.5630865484880083,3,CK1,CK1,CK1-D,CSNK1D
CK1,-0.9975,34,KRSA,0.5630865484880083,3,CK1,CK1,CK1-D,CSNK1E
CK1,-0.9975,34,KRSA,0.5630865484880083,3,CK1,CK1,CK1-G,CSNK1G1
CK1,-0.9975,34,KRSA,0.5630865484880083,3,CK1,CK1,CK1-G,CSNK1G2
CK1,-0.9975,34,KRSA,0.5630865484880083,3,CK1,CK1,CK1-G,CSNK1G3
CK1,-0.9975,34,KRSA,0.5630865484880083,3,CK1,TTBK,TTBK,TTBK1
CK1,-0.9975,34,KRSA,0.5630865484880083,3,CK1,TTBK,TTBK,TTBK2
CK1,-0.9975,34,KRSA,0.5630865484880083,3,CK1,VRK,VRK,VRK3
NEK,-0.4816666666666667,59,KRSA,0.23774765380604795,1,OTHER,NEK,NEK11,NEK11
NEK,-0.4816666666666667,59,KRSA,0.23774765380604795,1,OTHER,NEK,NEK2,NEK2
NEK,-0.4816666666666667,59,KRSA,0.23774765380604795,1,OTHER,NEK,NEK1,NEK3
NEK,-0.4816666666666667,59,KRSA,0.23774765380604795,1,OTHER,NEK,NEK4,NEK4
NEK,-0.4816666666666667,59,KRSA,0.23774765380604795,1,OTHER,NEK,NEK1,NEK5
NEK,-0.4816666666666667,59,KRSA,0.23774765380604795,1,OTHER,NEK,NEK6,NEK6
NEK,-0.4816666666666667,59,KRSA,0.23774765380604795,1,OTHER,NEK,NEK6,NEK7
NEK,-0.4816666666666667,59,KRSA,0.23774765380604795,1,OTHER,NEK,NEK8,NEK8
NEK,-0.4816666666666667,59,KRSA,0.23774765380604795,1,OTHER,NEK,NEK8,NEK9
MSN,-0.11916666666666674,76,KRSA,0.01251303441084463,1,STE,STE20,MSN,MAP4K4
MSN,-0.11916666666666674,76,KRSA,0.01251303441084463,1,STE,STE20,MSN,NRK
MSN,-0.11916666666666674,76,KRSA,0.01251303441084463,1,STE,STE20,MSN,TNIK
PAKB,-0.7125,51,KRSA,0.337851929092805,2,STE,STE20,PAKB,PAK4
PAKB,-0.7125,51,KRSA,0.337851929092805,2,STE,STE20,PAKB,PAK5
PAKB,-0.7125,51,KRSA,0.337851929092805,2,STE,STE20,PAKB,PAK6
NAK,-0.17666666666666672,71,KRSA,0.07507820646506778,1,OTHER,NAK,BIKE,AAK1
NAK,-0.17666666666666672,71,KRSA,0.07507820646506778,1,OTHER,NAK,BIKE,BMP2K
NAK,-0.17666666666666672,71,KRSA,0.07507820646506778,1,OTHER,NAK,GAK,GAK
NAK,-0.17666666666666672,71,KRSA,0.07507820646506778,1,OTHER,NAK,MPSK,STK16
IKK,-0.8725,37,KRSA,0.5255474452554745,3,OTHER,IKK,IKK,CHUK
IKK,-0.8725,37,KRSA,0.5255474452554745,3,OTHER,IKK,IKK,IKBKB
IKK,-0.8725,37,KRSA,0.5255474452554745,3,OTHER,IKK,IKK,IKBKE
IKK,-0.8725,37,KRSA,0.5255474452554745,3,OTHER,IKK,IKK,TBK1
DMPK,-0.7091666666666667,52,KRSA,0.32533889468196037,2,AGC,DMPK,GEK,CDC42BPA
DMPK,-0.7091666666666667,52,KRSA,0.32533889468196037,2,AGC,DMPK,GEK,CDC42BPB
DMPK,-0.7091666666666667,52,KRSA,0.32533889468196037,2,AGC,DMPK,GEK,CDC42BPG
DMPK,-0.7091666666666667,52,KRSA,0.32533889468196037,2,AGC,DMPK,CRIK,CIT
DMPK,-0.7091666666666667,52,KRSA,0.32533889468196037,2,AGC,DMPK,GEK,DMPK
DMPK,-0.7091666666666667,52,KRSA,0.32533889468196037,2,AGC,DMPK,ROCK,ROCK1
DMPK,-0.7091666666666667,52,KRSA,0.32533889468196037,2,AGC,DMPK,ROCK,ROCK2
MLK,-0.8383333333333334,39,KRSA,0.5005213764337852,3,TKL,MLK,ILK,ILK
MLK,-0.8383333333333334,39,KRSA,0.5005213764337852,3,TKL,MLK,MLK,MAP3K10
MLK,-0.8383333333333334,39,KRSA,0.5005213764337852,3,TKL,MLK,MLK,MAP3K11
MLK,-0.8383333333333334,39,KRSA,0.5005213764337852,3,TKL,MLK,LZK,MAP3K12
MLK,-0.8383333333333334,39,KRSA,0.5005213764337852,3,TKL,MLK,LZK,MAP3K13
MLK,-0.8383333333333334,39,KRSA,0.5005213764337852,3,TKL,MLK,MLK,MAP3K9
MLK,-0.8383333333333334,39,KRSA,0.5005213764337852,3,TKL,MLK,HH498,TNNI3K
QIK,-1.2875,20,KRSA,0.7382690302398331,3,CAMK,CAMKL,QIK,SIK1
QIK,-1.2875,20,KRSA,0.7382690302398331,3,CAMK,CAMKL,QIK,SIK2
CHK1,0.34833333333333333,66,KRSA,0.15015641293013557,1,CAMK,CAMKL,CHK1,CHEK1
AUR,-0.20083333333333336,69,KRSA,0.10010427528675704,1,OTHER,AUR,AUR,AURKA
AUR,-0.20083333333333336,69,KRSA,0.10010427528675704,1,OTHER,AUR,AUR,AURKB
AUR,-0.20083333333333336,69,KRSA,0.10010427528675704,1,OTHER,AUR,AUR,AURKC
PKA,3.111666666666667,7,KRSA,0.913451511991658,4,AGC,PKA,PKA,PRKACA
PKA,3.111666666666667,7,KRSA,0.913451511991658,4,AGC,PKA,PKA,PRKACB
PKA,3.111666666666667,7,KRSA,0.913451511991658,4,AGC,PKA,PKA,PRKACG
PKA,3.111666666666667,7,KRSA,0.913451511991658,4,AGC,PKA,PKA,PRKX
PKA,3.111666666666667,7,KRSA,0.913451511991658,4,AGC,PKA,PKA,PRKY
DYRK,-3.788333333333333,2,KRSA,0.9760166840458812,4,CMGC,DYRK,DYRK1,DYRK1A
DYRK,-3.788333333333333,2,KRSA,0.9760166840458812,4,CMGC,DYRK,DYRK1,DYRK1B
DYRK,-3.788333333333333,2,KRSA,0.9760166840458812,4,CMGC,DYRK,DYRK2,DYRK2
DYRK,-3.788333333333333,2,KRSA,0.9760166840458812,4,CMGC,DYRK,DYRK2,DYRK3
DYRK,-3.788333333333333,2,KRSA,0.9760166840458812,4,CMGC,DYRK,DYRK2,DYRK4
DYRK,-3.788333333333333,2,KRSA,0.9760166840458812,4,CMGC,DYRK,HIPK,HIPK1
DYRK,-3.788333333333333,2,KRSA,0.9760166840458812,4,CMGC,DYRK,HIPK,HIPK2
DYRK,-3.788333333333333,2,KRSA,0.9760166840458812,4,CMGC,DYRK,HIPK,HIPK3
DYRK,-3.788333333333333,2,KRSA,0.9760166840458812,4,CMGC,DYRK,HIPK,HIPK4
DYRK,-3.788333333333333,2,KRSA,0.9760166840458812,4,CMGC,DYRK,PRP4,PRPF4B
PKG,3.2,5,KRSA,0.9384775808133472,4,AGC,PKG,PKG,PRKG1
PKG,3.2,5,KRSA,0.9384775808133472,4,AGC,PKG,PKG,PRKG2
ERK,-4.105833333333333,1,KRSA,0.9885297184567258,4,CMGC,MAPK,ERK1,MAPK1
ERK,-4.105833333333333,1,KRSA,0.9885297184567258,4,CMGC,MAPK,ERK7,MAPK15
ERK,-4.105833333333333,1,KRSA,0.9885297184567258,4,CMGC,MAPK,ERK1,MAPK3
ERK,-4.105833333333333,1,KRSA,0.9885297184567258,4,CMGC,MAPK,ERK3,MAPK4
ERK,-4.105833333333333,1,KRSA,0.9885297184567258,4,CMGC,MAPK,ERK3,MAPK6
ERK,-4.105833333333333,1,KRSA,0.9885297184567258,4,CMGC,MAPK,ERK5,MAPK7
JNK,-3.5225,4,KRSA,0.9509906152241918,4,CMGC,MAPK,JNK,MAPK10
JNK,-3.5225,4,KRSA,0.9509906152241918,4,CMGC,MAPK,JNK,MAPK8
JNK,-3.5225,4,KRSA,0.9509906152241918,4,CMGC,MAPK,JNK,MAPK9
CDK,-3.195,6,KRSA,0.9259645464025026,4,CMGC,CDK,CDC2,CDK1
CDK,-3.195,6,KRSA,0.9259645464025026,4,CMGC,CDK,CDK10,CDK10
CDK,-3.195,6,KRSA,0.9259645464025026,4,CMGC,CDK,CRK7,CDK12
CDK,-3.195,6,KRSA,0.9259645464025026,4,CMGC,CDK,CRK7,CDK13
CDK,-3.195,6,KRSA,0.9259645464025026,4,CMGC,CDK,PFTAIRE,CDK14
CDK,-3.195,6,KRSA,0.9259645464025026,4,CMGC,CDK,PFTAIRE,CDK15
CDK,-3.195,6,KRSA,0.9259645464025026,4,CMGC,CDK,PCTAIRE,CDK16
CDK,-3.195,6,KRSA,0.9259645464025026,4,CMGC,CDK,PCTAIRE,CDK17
CDK,-3.195,6,KRSA,0.9259645464025026,4,CMGC,CDK,PCTAIRE,CDK18
CDK,-3.195,6,KRSA,0.9259645464025026,4,CMGC,CDK,CDK8,CDK19
CDK,-3.195,6,KRSA,0.9259645464025026,4,CMGC,CDK,CDC2,CDK2
CDK,-3.195,6,KRSA,0.9259645464025026,4,CMGC,CDK,CCRK,CDK20
CDK,-3.195,6,KRSA,0.9259645464025026,4,CMGC,CDK,CDC2,CDK3
CDK,-3.195,6,KRSA,0.9259645464025026,4,CMGC,CDK,CDK4,CDK4
CDK,-3.195,6,KRSA,0.9259645464025026,4,CMGC,CDK,CDK5,CDK5
CDK,-3.195,6,KRSA,0.9259645464025026,4,CMGC,CDK,CDK4,CDK6
CDK,-3.195,6,KRSA,0.9259645464025026,4,CMGC,CDK,CDK7,CDK7
CDK,-3.195,6,KRSA,0.9259645464025026,4,CMGC,CDK,CDK8,CDK8
CDK,-3.195,6,KRSA,0.9259645464025026,4,CMGC,CDK,CDK9,CDK9
CDK,-3.195,6,KRSA,0.9259645464025026,4,NA,NA,NA,CDK11A
CDK,-3.195,6,KRSA,0.9259645464025026,4,NA,NA,NA,CDK11B
P38,-3.0383333333333336,8,KRSA,0.9009384775808134,4,CMGC,MAPK,P38,MAPK11
P38,-3.0383333333333336,8,KRSA,0.9009384775808134,4,CMGC,MAPK,P38,MAPK12
P38,-3.0383333333333336,8,KRSA,0.9009384775808134,4,CMGC,MAPK,P38,MAPK13
P38,-3.0383333333333336,8,KRSA,0.9009384775808134,4,CMGC,MAPK,P38,MAPK14
PDK1,-3.658333333333333,3,KRSA,0.9635036496350365,4,ATYPICAL,PDHK,PDHK,PDK1
PDK1,-3.658333333333333,3,KRSA,0.9635036496350365,4,AGC,PDK1,PDK1,PDPK1
PLK,-2.650833333333334,9,KRSA,0.8884254431699687,4,NA,NA,NA,PLK5
PLK,-2.650833333333334,9,KRSA,0.8884254431699687,4,OTHER,PLK,PLK1,PLK1
PLK,-2.650833333333334,9,KRSA,0.8884254431699687,4,OTHER,PLK,PLK2,PLK2
PLK,-2.650833333333334,9,KRSA,0.8884254431699687,4,OTHER,PLK,PLK2,PLK3
PLK,-2.650833333333334,9,KRSA,0.8884254431699687,4,OTHER,PLK,SAK,PLK4
RSK,1.0816666666666668,27,KRSA,0.6506777893639207,3,AGC,RSK,RSK,RPS6KA1
RSK,1.0816666666666668,27,KRSA,0.6506777893639207,3,AGC,RSK,RSK,RPS6KA2
RSK,1.0816666666666668,27,KRSA,0.6506777893639207,3,AGC,RSK,RSK,RPS6KA3
RSK,1.0816666666666668,27,KRSA,0.6506777893639207,3,AGC,RSK,MSK,RPS6KA4
RSK,1.0816666666666668,27,KRSA,0.6506777893639207,3,AGC,RSK,MSK,RPS6KA5
RSK,1.0816666666666668,27,KRSA,0.6506777893639207,3,AGC,RSK,RSK,RPS6KA6
RSK,1.0816666666666668,27,KRSA,0.6506777893639207,3,AGC,RSK,P70,RPS6KB1
RSK,1.0816666666666668,27,KRSA,0.6506777893639207,3,AGC,RSK,P70,RPS6KB2
AMPK,1.0758333333333332,28,KRSA,0.6381647549530761,3,CAMK,CAMKL,AMPK,PRKAA1
AMPK,1.0758333333333332,28,KRSA,0.6381647549530761,3,CAMK,CAMKL,AMPK,PRKAA2
CAMK1,1.893333333333333,15,KRSA,0.8133472367049009,4,CAMK,CAMK1,CAMK1,CAMK1
CAMK1,1.893333333333333,15,KRSA,0.8133472367049009,4,CAMK,CAMK1,CAMK1,CAMK1D
CAMK1,1.893333333333333,15,KRSA,0.8133472367049009,4,CAMK,CAMK1,CAMK1,CAMK1G
CAMK1,1.893333333333333,15,KRSA,0.8133472367049009,4,CAMK,CAMK1,CAMK1,CAMK4
CAMK1,1.893333333333333,15,KRSA,0.8133472367049009,4,CAMK,CAMK1,CAMK1,PNCK
MTOR,-1.846666666666667,16,KRSA,0.8008342022940563,4,ATYPICAL,PIKK,FRAP,MTOR
AKT,0.12500000000000008,74,KRSA,0.03753910323253389,1,AGC,AKT,AKT,AKT1
AKT,0.12500000000000008,74,KRSA,0.03753910323253389,1,AGC,AKT,AKT,AKT2
AKT,0.12500000000000008,74,KRSA,0.03753910323253389,1,AGC,AKT,AKT,AKT3
NMO,-2.370833333333333,11,KRSA,0.8633993743482794,4,CMGC,MAPK,NMO,NLK
ATR,-1.365,18,KRSA,0.7632950990615224,4,ATYPICAL,PIKK,ATR,ATR
PEK,-2.6158333333333332,10,KRSA,0.8759124087591241,4,OTHER,PEK,HRI,EIF2AK1
PEK,-2.6158333333333332,10,KRSA,0.8759124087591241,4,OTHER,PEK,PKR,EIF2AK2
PEK,-2.6158333333333332,10,KRSA,0.8759124087591241,4,OTHER,PEK,PEK,EIF2AK3
PEK,-2.6158333333333332,10,KRSA,0.8759124087591241,4,OTHER,PEK,GCN2,EIF2AK4
HAL,0.8341666666666666,40,KRSA,0.4880083420229406,2,RGC,RGC,RGC,NPR1
PKCI,0.9825,35,KRSA,0.5505735140771637,3,AGC,PKC,IOTA,PRKCI
PKCI,0.9825,35,KRSA,0.5505735140771637,3,AGC,PKC,IOTA,PRKCZ
MST,-1.9258333333333333,14,KRSA,0.8258602711157456,4,STE,STE20,MST,STK3
MST,-1.9258333333333333,14,KRSA,0.8258602711157456,4,STE,STE20,MST,STK4
PAKA,0.7508333333333334,45,KRSA,0.4254431699687174,2,STE,STE20,PAKA,PAK1
PAKA,0.7508333333333334,45,KRSA,0.4254431699687174,2,STE,STE20,PAKA,PAK2
PAKA,0.7508333333333334,45,KRSA,0.4254431699687174,2,STE,STE20,PAKA,PAK3
RAD53,1.215,23,KRSA,0.7007299270072993,3,CAMK,RAD53,RAD53,CHEK2
PDHK,0.18083333333333343,70,KRSA,0.08759124087591241,1,ATYPICAL,PDHK,BCKDK,BCKDK
PDHK,0.18083333333333343,70,KRSA,0.08759124087591241,1,ATYPICAL,PDHK,PDHK,PDK2
PDHK,0.18083333333333343,70,KRSA,0.08759124087591241,1,ATYPICAL,PDHK,PDHK,PDK3
PDHK,0.18083333333333343,70,KRSA,0.08759124087591241,1,ATYPICAL,PDHK,PDHK,PDK4
PRKDC,-0.8166666666666667,43,KRSA,0.4504692387904067,2,ATYPICAL,PIKK,DNAPK,PRKDC
RAF,-2.1,12,KRSA,0.8508863399374348,4,TKL,RAF,RAF,ARAF
RAF,-2.1,12,KRSA,0.8508863399374348,4,TKL,RAF,RAF,BRAF
RAF,-2.1,12,KRSA,0.8508863399374348,4,TKL,RAF,KSR,KSR1
RAF,-2.1,12,KRSA,0.8508863399374348,4,TKL,RAF,KSR,KSR2
RAF,-2.1,12,KRSA,0.8508863399374348,4,TKL,RAF,RAF,RAF1
PKD,0.5591666666666667,57,KRSA,0.26277372262773724,2,CAMK,PKD,PKD,PRKD1
PKD,0.5591666666666667,57,KRSA,0.26277372262773724,2,CAMK,PKD,PKD,PRKD2
PKD,0.5591666666666667,57,KRSA,0.26277372262773724,2,CAMK,PKD,PKD,PRKD3
PIM,0.38833333333333336,65,KRSA,0.16266944734098018,1,CAMK,PIM,PIM,PIM1
PIM,0.38833333333333336,65,KRSA,0.16266944734098018,1,CAMK,PIM,PIM,PIM2
PIM,0.38833333333333336,65,KRSA,0.16266944734098018,1,CAMK,PIM,PIM,PIM3
LKB,-1.285,21,KRSA,0.7257559958289885,3,CAMK,CAMKL,LKB,STK11
BARK2,-0.17083333333333334,72,KRSA,0.06256517205422316,1,AGC,GRK,BARK,GRK3
FRAY,-1.3633333333333333,19,KRSA,0.7507820646506778,4,STE,STE20,FRAY,OXSR1
FRAY,-1.3633333333333333,19,KRSA,0.7507820646506778,4,STE,STE20,FRAY,STK39
RIPK,0.83,41,KRSA,0.4754953076120959,2,TKL,RIPK,RIPK,ANKK1
RIPK,0.83,41,KRSA,0.4754953076120959,2,TKL,RIPK,RIPK,RIPK1
RIPK,0.83,41,KRSA,0.4754953076120959,2,TKL,RIPK,RIPK,RIPK2
RIPK,0.83,41,KRSA,0.4754953076120959,2,TKL,RIPK,RIPK,RIPK3
RIPK,0.83,41,KRSA,0.4754953076120959,2,TKL,RIPK,RIPK,RIPK4
KHS,0.26,68,KRSA,0.1251303441084463,1,STE,STE20,KHS,MAP4K1
KHS,0.26,68,KRSA,0.1251303441084463,1,STE,STE20,KHS,MAP4K2
KHS,0.26,68,KRSA,0.1251303441084463,1,STE,STE20,KHS,MAP4K3
KHS,0.26,68,KRSA,0.1251303441084463,1,STE,STE20,KHS,MAP4K5
CAMK2,1.0433333333333334,32,KRSA,0.5881126173096975,3,CAMK,CAMK2,CAMK2,CAMK2A
CAMK2,1.0433333333333334,32,KRSA,0.5881126173096975,3,CAMK,CAMK2,CAMK2,CAMK2B
CAMK2,1.0433333333333334,32,KRSA,0.5881126173096975,3,CAMK,CAMK2,CAMK2,CAMK2D
CAMK2,1.0433333333333334,32,KRSA,0.5881126173096975,3,CAMK,CAMK2,CAMK2,CAMK2G
TAO,-0.41833333333333333,62,KRSA,0.20020855057351408,1,STE,STE20,TAO,TAOK1
TAO,-0.41833333333333333,62,KRSA,0.20020855057351408,1,STE,STE20,TAO,TAOK2
TAO,-0.41833333333333333,62,KRSA,0.20020855057351408,1,STE,STE20,TAO,TAOK3
PASK,0.6816666666666666,54,KRSA,0.30031282586027114,2,CAMK,CAMKL,PASK,PASK
MOS,1.0025,33,KRSA,0.5755995828988529,3,OTHER,MOS,MOS,MOS
NUAK,-1.0683333333333334,30,KRSA,0.6131386861313869,3,CAMK,CAMKL,NUAK,NUAK1
NUAK,-1.0683333333333334,30,KRSA,0.6131386861313869,3,CAMK,CAMKL,NUAK,NUAK2
PKN,-0.8225,42,KRSA,0.4629822732012513,2,AGC,PKN,PKN,PKN1
PKN,-0.8225,42,KRSA,0.4629822732012513,2,AGC,PKN,PKN,PKN2
PKN,-0.8225,42,KRSA,0.4629822732012513,2,AGC,PKN,PKN,PKN3
TLK,-1.0716666666666668,29,KRSA,0.6256517205422315,3,OTHER,TLK,TLK,TLK1
TLK,-1.0716666666666668,29,KRSA,0.6256517205422315,3,OTHER,TLK,TLK,TLK2
PKCD,0.9508333333333332,36,KRSA,0.5380604796663191,3,AGC,PKC,DELTA,PRKCD
PKCD,0.9508333333333332,36,KRSA,0.5380604796663191,3,AGC,PKC,DELTA,PRKCQ
TTK,-1.0658333333333334,31,KRSA,0.6006256517205423,3,OTHER,TTK,TTK,TTK
PKCA,-1.9883333333333333,13,KRSA,0.8383733055265902,4,AGC,PKC,ALPHA,PRKCA
PKCA,-1.9883333333333333,13,KRSA,0.8383733055265902,4,AGC,PKC,ALPHA,PRKCB
PKCA,-1.9883333333333333,13,KRSA,0.8383733055265902,4,AGC,PKC,ALPHA,PRKCG
STE7,-1.4516666666666669,17,KRSA,0.7883211678832117,4,STE,STE7,MEK1,MAP2K1
STE7,-1.4516666666666669,17,KRSA,0.7883211678832117,4,STE,STE7,MEK1,MAP2K2
STE7,-1.4516666666666669,17,KRSA,0.7883211678832117,4,STE,STE7,MEK3,MAP2K3
STE7,-1.4516666666666669,17,KRSA,0.7883211678832117,4,STE,STE7,MEK4,MAP2K4
STE7,-1.4516666666666669,17,KRSA,0.7883211678832117,4,STE,STE7,MEK5,MAP2K5
STE7,-1.4516666666666669,17,KRSA,0.7883211678832117,4,STE,STE7,MEK3,MAP2K6
STE7,-1.4516666666666669,17,KRSA,0.7883211678832117,4,STE,STE7,MEK7,MAP2K7
COT,0.20083333333333336,69,KRSA,0.10010427528675704,1,STE,STE-UNIQUE,STE-UNIQUE,MAP3K8
VRK1,-0.7075,53,KRSA,0.31282586027111575,2,CK1,VRK,VRK,VRK1
SGK,-0.42916666666666664,61,KRSA,0.2127215849843587,1,AGC,SGK,SGK,SGK1
SGK,-0.42916666666666664,61,KRSA,0.2127215849843587,1,AGC,SGK,SGK,SGK2
SGK,-0.42916666666666664,61,KRSA,0.2127215849843587,1,AGC,SGK,SGK,SGK3
SLK,0.47,60,KRSA,0.22523461939520334,1,STE,STE20,SLK,SLK
SLK,0.47,60,KRSA,0.22523461939520334,1,STE,STE20,SLK,STK10
NIK,-0.7433333333333334,48,KRSA,0.3753910323253389,2,STE,STE-UNIQUE,STE-UNIQUE,MAP3K14
WNK,-0.7491666666666666,46,KRSA,0.4129301355578728,2,OTHER,WNK,WNK,WNK1
WNK,-0.7491666666666666,46,KRSA,0.4129301355578728,2,OTHER,WNK,WNK,WNK2
WNK,-0.7491666666666666,46,KRSA,0.4129301355578728,2,OTHER,WNK,WNK,WNK3
WNK,-0.7491666666666666,46,KRSA,0.4129301355578728,2,OTHER,WNK,WNK,WNK4
ULK,-0.7483333333333333,47,KRSA,0.38790406673618355,2,OTHER,ULK,FUSED,STK36
ULK,-0.7483333333333333,47,KRSA,0.38790406673618355,2,OTHER,ULK,ULK,ULK1
ULK,-0.7483333333333333,47,KRSA,0.38790406673618355,2,OTHER,ULK,ULK,ULK2
ULK,-0.7483333333333333,47,KRSA,0.38790406673618355,2,OTHER,ULK,ULK,ULK3
ULK,-0.7483333333333333,47,KRSA,0.38790406673618355,2,OTHER,ULK,ULK,ULK4
BRSK,0.3341666666666666,67,KRSA,0.13764337851929093,1,CAMK,CAMKL,BRSK,BRSK1
BRSK,0.3341666666666666,67,KRSA,0.13764337851929093,1,CAMK,CAMKL,BRSK,BRSK2
BUD32,-0.7483333333333333,47,KRSA,0.38790406673618355,2,OTHER,BUD32,BUD32,TP53RK
CLK,-0.74,50,KRSA,0.35036496350364965,2,CMGC,CLK,CLK,CLK1
CLK,-0.74,50,KRSA,0.35036496350364965,2,CMGC,CLK,CLK,CLK2
CLK,-0.74,50,KRSA,0.35036496350364965,2,CMGC,CLK,CLK,CLK3
CLK,-0.74,50,KRSA,0.35036496350364965,2,CMGC,CLK,CLK,CLK4
CAMKK,-0.7408333333333333,49,KRSA,0.36287799791449427,2,OTHER,CAMKK,META,CAMKK1
CAMKK,-0.7408333333333333,49,KRSA,0.36287799791449427,2,OTHER,CAMKK,META,CAMKK2
PHK,-1.2608333333333333,22,KRSA,0.7132429614181439,3,CAMK,PHK,PHK,PHKG1
PHK,-1.2608333333333333,22,KRSA,0.7132429614181439,3,CAMK,PHK,PHK,PHKG2
CK2,0.3908333333333333,64,KRSA,0.17518248175182483,1,CMGC,CK2,CK2,CSNK2A1
CK2,0.3908333333333333,64,KRSA,0.17518248175182483,1,CMGC,CK2,CK2,CSNK2A2
CK2,0.3908333333333333,64,KRSA,0.17518248175182483,1,NA,NA,NA,CSNK2A3
MAPKAPK,0.6341666666666667,55,KRSA,0.28779979144942647,2,CAMK,MAPKAPK,MAPKAPK,MAPKAPK2
MAPKAPK,0.6341666666666667,55,KRSA,0.28779979144942647,2,CAMK,MAPKAPK,MAPKAPK,MAPKAPK3
MAPKAPK,0.6341666666666667,55,KRSA,0.28779979144942647,2,CAMK,MAPKAPK,MAPKAPK,MAPKAPK5
MAPKAPK,0.6341666666666667,55,KRSA,0.28779979144942647,2,CAMK,MAPKAPK,MNK,MKNK1
MAPKAPK,0.6341666666666667,55,KRSA,0.28779979144942647,2,CAMK,MAPKAPK,MNK,MKNK2
PKCH,-1.1291666666666669,26,KRSA,0.6631908237747653,3,AGC,PKC,ETA,PRKCE
PKCH,-1.1291666666666669,26,KRSA,0.6631908237747653,3,AGC,PKC,ETA,PRKCH
GSK,-1.1525,24,KRSA,0.6882168925964547,3,CMGC,GSK,GSK,GSK3A
GSK,-1.1525,24,KRSA,0.6882168925964547,3,CMGC,GSK,GSK,GSK3B
QIK,-1.2875,20,KRSA,0.7382690302398331,3,CAMK,CAMKL,QIK,SIK1
QIK,-1.2875,20,KRSA,0.7382690302398331,3,CAMK,CAMKL,QIK,SIK2
STE11,-0.7966666666666666,44,KRSA,0.43795620437956206,2,TKL,MLK,TAK1,MAP3K7
STE11,-0.7966666666666666,44,KRSA,0.43795620437956206,2,STE,STE11,MEKK1,MAP3K1
STE11,-0.7966666666666666,44,KRSA,0.43795620437956206,2,STE,STE11,ASK,MAP3K15
STE11,-0.7966666666666666,44,KRSA,0.43795620437956206,2,STE,STE11,MEKK2,MAP3K2
STE11,-0.7966666666666666,44,KRSA,0.43795620437956206,2,STE,STE11,MEKK2,MAP3K3
STE11,-0.7966666666666666,44,KRSA,0.43795620437956206,2,STE,STE11,MEKK4,MAP3K4
STE11,-0.7966666666666666,44,KRSA,0.43795620437956206,2,STE,STE11,ASK,MAP3K5
STE11,-0.7966666666666666,44,KRSA,0.43795620437956206,2,STE,STE11,ASK,MAP3K6
ATM,-0.6191666666666666,56,KRSA,0.27528675703858185,2,ATYPICAL,PIKK,ATM,ATM
CHK1,0.34833333333333333,66,KRSA,0.15015641293013557,1,CAMK,CAMKL,CHK1,CHEK1
MSN,-0.11916666666666674,76,KRSA,0.01251303441084463,1,STE,STE20,MSN,MAP4K4
MSN,-0.11916666666666674,76,KRSA,0.01251303441084463,1,STE,STE20,MSN,NRK
MSN,-0.11916666666666674,76,KRSA,0.01251303441084463,1,STE,STE20,MSN,TNIK
NEK,-0.4816666666666667,59,KRSA,0.23774765380604795,1,OTHER,NEK,NEK11,NEK11
NEK,-0.4816666666666667,59,KRSA,0.23774765380604795,1,OTHER,NEK,NEK2,NEK2
NEK,-0.4816666666666667,59,KRSA,0.23774765380604795,1,OTHER,NEK,NEK1,NEK3
NEK,-0.4816666666666667,59,KRSA,0.23774765380604795,1,OTHER,NEK,NEK4,NEK4
NEK,-0.4816666666666667,59,KRSA,0.23774765380604795,1,OTHER,NEK,NEK1,NEK5
NEK,-0.4816666666666667,59,KRSA,0.23774765380604795,1,OTHER,NEK,NEK6,NEK6
NEK,-0.4816666666666667,59,KRSA,0.23774765380604795,1,OTHER,NEK,NEK6,NEK7
NEK,-0.4816666666666667,59,KRSA,0.23774765380604795,1,OTHER,NEK,NEK8,NEK8
NEK,-0.4816666666666667,59,KRSA,0.23774765380604795,1,OTHER,NEK,NEK8,NEK9
CK1,-0.9975,34,KRSA,0.5630865484880083,3,CK1,CK1,CK1-A,CSNK1A1
CK1,-0.9975,34,KRSA,0.5630865484880083,3,CK1,CK1,CK1-A,CSNK1A1L
CK1,-0.9975,34,KRSA,0.5630865484880083,3,CK1,CK1,CK1-D,CSNK1D
CK1,-0.9975,34,KRSA,0.5630865484880083,3,CK1,CK1,CK1-D,CSNK1E
CK1,-0.9975,34,KRSA,0.5630865484880083,3,CK1,CK1,CK1-G,CSNK1G1
CK1,-0.9975,34,KRSA,0.5630865484880083,3,CK1,CK1,CK1-G,CSNK1G2
CK1,-0.9975,34,KRSA,0.5630865484880083,3,CK1,CK1,CK1-G,CSNK1G3
CK1,-0.9975,34,KRSA,0.5630865484880083,3,CK1,TTBK,TTBK,TTBK1
CK1,-0.9975,34,KRSA,0.5630865484880083,3,CK1,TTBK,TTBK,TTBK2
CK1,-0.9975,34,KRSA,0.5630865484880083,3,CK1,VRK,VRK,VRK3
MELK,-0.8533333333333333,38,KRSA,0.5130344108446299,3,CAMK,CAMKL,MELK,MELK
DMPK,-0.7091666666666667,52,KRSA,0.32533889468196037,2,AGC,DMPK,GEK,CDC42BPA
DMPK,-0.7091666666666667,52,KRSA,0.32533889468196037,2,AGC,DMPK,GEK,CDC42BPB
DMPK,-0.7091666666666667,52,KRSA,0.32533889468196037,2,AGC,DMPK,GEK,CDC42BPG
DMPK,-0.7091666666666667,52,KRSA,0.32533889468196037,2,AGC,DMPK,CRIK,CIT
DMPK,-0.7091666666666667,52,KRSA,0.32533889468196037,2,AGC,DMPK,GEK,DMPK
DMPK,-0.7091666666666667,52,KRSA,0.32533889468196037,2,AGC,DMPK,ROCK,ROCK1
DMPK,-0.7091666666666667,52,KRSA,0.32533889468196037,2,AGC,DMPK,ROCK,ROCK2
PAKB,-0.7125,51,KRSA,0.337851929092805,2,STE,STE20,PAKB,PAK4
PAKB,-0.7125,51,KRSA,0.337851929092805,2,STE,STE20,PAKB,PAK5
PAKB,-0.7125,51,KRSA,0.337851929092805,2,STE,STE20,PAKB,PAK6
NAK,-0.17666666666666672,71,KRSA,0.07507820646506778,1,OTHER,NAK,BIKE,AAK1
NAK,-0.17666666666666672,71,KRSA,0.07507820646506778,1,OTHER,NAK,BIKE,BMP2K
NAK,-0.17666666666666672,71,KRSA,0.07507820646506778,1,OTHER,NAK,GAK,GAK
NAK,-0.17666666666666672,71,KRSA,0.07507820646506778,1,OTHER,NAK,MPSK,STK16
IRAK,-0.4083333333333333,63,KRSA,0.18769551616266944,1,TKL,IRAK,IRAK,IRAK1
IRAK,-0.4083333333333333,63,KRSA,0.18769551616266944,1,TKL,IRAK,IRAK,IRAK2
IRAK,-0.4083333333333333,63,KRSA,0.18769551616266944,1,TKL,IRAK,IRAK,IRAK3
IRAK,-0.4083333333333333,63,KRSA,0.18769551616266944,1,TKL,IRAK,IRAK,IRAK4
DAPK,-1.1416666666666666,25,KRSA,0.67570385818561,3,CAMK,DAPK,DAPK,DAPK1
DAPK,-1.1416666666666666,25,KRSA,0.67570385818561,3,CAMK,DAPK,DAPK,DAPK2
DAPK,-1.1416666666666666,25,KRSA,0.67570385818561,3,CAMK,DAPK,DAPK,DAPK3
DAPK,-1.1416666666666666,25,KRSA,0.67570385818561,3,CAMK,DAPK,DRAK,STK17A
DAPK,-1.1416666666666666,25,KRSA,0.67570385818561,3,CAMK,DAPK,DRAK,STK17B
AUR,-0.20083333333333336,69,KRSA,0.10010427528675704,1,OTHER,AUR,AUR,AURKA
AUR,-0.20083333333333336,69,KRSA,0.10010427528675704,1,OTHER,AUR,AUR,AURKB
AUR,-0.20083333333333336,69,KRSA,0.10010427528675704,1,OTHER,AUR,AUR,AURKC
GRK,0.1208333333333333,75,KRSA,0.02502606882168926,1,AGC,GRK,GRK,GRK1
GRK,0.1208333333333333,75,KRSA,0.02502606882168926,1,AGC,GRK,GRK,GRK4
GRK,0.1208333333333333,75,KRSA,0.02502606882168926,1,AGC,GRK,GRK,GRK5
GRK,0.1208333333333333,75,KRSA,0.02502606882168926,1,AGC,GRK,GRK,GRK6
GRK,0.1208333333333333,75,KRSA,0.02502606882168926,1,AGC,GRK,GRK,GRK7
STKR,-0.00333333333333334,77,KRSA,0,1,TKL,STKR,TYPE1,ACVR1
STKR,-0.00333333333333334,77,KRSA,0,1,TKL,STKR,TYPE1,ACVR1B
STKR,-0.00333333333333334,77,KRSA,0,1,TKL,STKR,TYPE1,ACVR1C
STKR,-0.00333333333333334,77,KRSA,0,1,TKL,STKR,TYPE2,ACVR2A
STKR,-0.00333333333333334,77,KRSA,0,1,TKL,STKR,TYPE2,ACVR2B
STKR,-0.00333333333333334,77,KRSA,0,1,TKL,STKR,TYPE1,ACVRL1
STKR,-0.00333333333333334,77,KRSA,0,1,TKL,STKR,TYPE2,AMHR2
STKR,-0.00333333333333334,77,KRSA,0,1,TKL,STKR,TYPE1,BMPR1A
STKR,-0.00333333333333334,77,KRSA,0,1,TKL,STKR,TYPE1,BMPR1B
STKR,-0.00333333333333334,77,KRSA,0,1,TKL,STKR,TYPE2,BMPR2
STKR,-0.00333333333333334,77,KRSA,0,1,TKL,STKR,TYPE1,TGFBR1
STKR,-0.00333333333333334,77,KRSA,0,1,TKL,STKR,TYPE2,TGFBR2
IKK,-0.8725,37,KRSA,0.5255474452554745,3,OTHER,IKK,IKK,CHUK
IKK,-0.8725,37,KRSA,0.5255474452554745,3,OTHER,IKK,IKK,IKBKB
IKK,-0.8725,37,KRSA,0.5255474452554745,3,OTHER,IKK,IKK,IKBKE
IKK,-0.8725,37,KRSA,0.5255474452554745,3,OTHER,IKK,IKK,TBK1
MLCK,-0.4858333333333332,58,KRSA,0.2502606882168926,2,CAMK,MLCK,MLCK,MYLK
MLCK,-0.4858333333333332,58,KRSA,0.2502606882168926,2,CAMK,MLCK,MLCK,MYLK2
MLCK,-0.4858333333333332,58,KRSA,0.2502606882168926,2,CAMK,MLCK,MLCK,TTN
NDR,0.16416666666666666,73,KRSA,0.05005213764337852,1,AGC,NDR,NDR,LATS1
NDR,0.16416666666666666,73,KRSA,0.05005213764337852,1,AGC,NDR,NDR,LATS2
NDR,0.16416666666666666,73,KRSA,0.05005213764337852,1,AGC,NDR,NDR,STK38
NDR,0.16416666666666666,73,KRSA,0.05005213764337852,1,AGC,NDR,NDR,STK38L
MLK,-0.8383333333333334,39,KRSA,0.5005213764337852,3,TKL,MLK,ILK,ILK
MLK,-0.8383333333333334,39,KRSA,0.5005213764337852,3,TKL,MLK,MLK,MAP3K10
MLK,-0.8383333333333334,39,KRSA,0.5005213764337852,3,TKL,MLK,MLK,MAP3K11
MLK,-0.8383333333333334,39,KRSA,0.5005213764337852,3,TKL,MLK,LZK,MAP3K12
MLK,-0.8383333333333334,39,KRSA,0.5005213764337852,3,TKL,MLK,LZK,MAP3K13
MLK,-0.8383333333333334,39,KRSA,0.5005213764337852,3,TKL,MLK,MLK,MAP3K9
MLK,-0.8383333333333334,39,KRSA,0.5005213764337852,3,TKL,MLK,HH498,TNNI3K
ERK,-4.105833333333333,1,KRSA,0.9885297184567258,4,CMGC,MAPK,ERK1,MAPK1
ERK,-4.105833333333333,1,KRSA,0.9885297184567258,4,CMGC,MAPK,ERK7,MAPK15
ERK,-4.105833333333333,1,KRSA,0.9885297184567258,4,CMGC,MAPK,ERK1,MAPK3
ERK,-4.105833333333333,1,KRSA,0.9885297184567258,4,CMGC,MAPK,ERK3,MAPK4
ERK,-4.105833333333333,1,KRSA,0.9885297184567258,4,CMGC,MAPK,ERK3,MAPK6
ERK,-4.105833333333333,1,KRSA,0.9885297184567258,4,CMGC,MAPK,ERK5,MAPK7
PKA,3.111666666666667,7,KRSA,0.913451511991658,4,AGC,PKA,PKA,PRKACA
PKA,3.111666666666667,7,KRSA,0.913451511991658,4,AGC,PKA,PKA,PRKACB
PKA,3.111666666666667,7,KRSA,0.913451511991658,4,AGC,PKA,PKA,PRKACG
PKA,3.111666666666667,7,KRSA,0.913451511991658,4,AGC,PKA,PKA,PRKX
PKA,3.111666666666667,7,KRSA,0.913451511991658,4,AGC,PKA,PKA,PRKY
DYRK,-3.788333333333333,2,KRSA,0.9760166840458812,4,CMGC,DYRK,DYRK1,DYRK1A
DYRK,-3.788333333333333,2,KRSA,0.9760166840458812,4,CMGC,DYRK,DYRK1,DYRK1B
DYRK,-3.788333333333333,2,KRSA,0.9760166840458812,4,CMGC,DYRK,DYRK2,DYRK2
DYRK,-3.788333333333333,2,KRSA,0.9760166840458812,4,CMGC,DYRK,DYRK2,DYRK3
DYRK,-3.788333333333333,2,KRSA,0.9760166840458812,4,CMGC,DYRK,DYRK2,DYRK4
DYRK,-3.788333333333333,2,KRSA,0.9760166840458812,4,CMGC,DYRK,HIPK,HIPK1
DYRK,-3.788333333333333,2,KRSA,0.9760166840458812,4,CMGC,DYRK,HIPK,HIPK2
DYRK,-3.788333333333333,2,KRSA,0.9760166840458812,4,CMGC,DYRK,HIPK,HIPK3
DYRK,-3.788333333333333,2,KRSA,0.9760166840458812,4,CMGC,DYRK,HIPK,HIPK4
DYRK,-3.788333333333333,2,KRSA,0.9760166840458812,4,CMGC,DYRK,PRP4,PRPF4B
JNK,-3.5225,4,KRSA,0.9509906152241918,4,CMGC,MAPK,JNK,MAPK10
JNK,-3.5225,4,KRSA,0.9509906152241918,4,CMGC,MAPK,JNK,MAPK8
JNK,-3.5225,4,KRSA,0.9509906152241918,4,CMGC,MAPK,JNK,MAPK9
PKG,3.2,5,KRSA,0.9384775808133472,4,AGC,PKG,PKG,PRKG1
PKG,3.2,5,KRSA,0.9384775808133472,4,AGC,PKG,PKG,PRKG2
P38,-3.0383333333333336,8,KRSA,0.9009384775808134,4,CMGC,MAPK,P38,MAPK11
P38,-3.0383333333333336,8,KRSA,0.9009384775808134,4,CMGC,MAPK,P38,MAPK12
P38,-3.0383333333333336,8,KRSA,0.9009384775808134,4,CMGC,MAPK,P38,MAPK13
P38,-3.0383333333333336,8,KRSA,0.9009384775808134,4,CMGC,MAPK,P38,MAPK14
PDK1,-3.658333333333333,3,KRSA,0.9635036496350365,4,ATYPICAL,PDHK,PDHK,PDK1
PDK1,-3.658333333333333,3,KRSA,0.9635036496350365,4,AGC,PDK1,PDK1,PDPK1
CDK,-3.195,6,KRSA,0.9259645464025026,4,CMGC,CDK,CDC2,CDK1
CDK,-3.195,6,KRSA,0.9259645464025026,4,CMGC,CDK,CDK10,CDK10
CDK,-3.195,6,KRSA,0.9259645464025026,4,CMGC,CDK,CRK7,CDK12
CDK,-3.195,6,KRSA,0.9259645464025026,4,CMGC,CDK,CRK7,CDK13
CDK,-3.195,6,KRSA,0.9259645464025026,4,CMGC,CDK,PFTAIRE,CDK14
CDK,-3.195,6,KRSA,0.9259645464025026,4,CMGC,CDK,PFTAIRE,CDK15
CDK,-3.195,6,KRSA,0.9259645464025026,4,CMGC,CDK,PCTAIRE,CDK16
CDK,-3.195,6,KRSA,0.9259645464025026,4,CMGC,CDK,PCTAIRE,CDK17
CDK,-3.195,6,KRSA,0.9259645464025026,4,CMGC,CDK,PCTAIRE,CDK18
CDK,-3.195,6,KRSA,0.9259645464025026,4,CMGC,CDK,CDK8,CDK19
CDK,-3.195,6,KRSA,0.9259645464025026,4,CMGC,CDK,CDC2,CDK2
CDK,-3.195,6,KRSA,0.9259645464025026,4,CMGC,CDK,CCRK,CDK20
CDK,-3.195,6,KRSA,0.9259645464025026,4,CMGC,CDK,CDC2,CDK3
CDK,-3.195,6,KRSA,0.9259645464025026,4,CMGC,CDK,CDK4,CDK4
CDK,-3.195,6,KRSA,0.9259645464025026,4,CMGC,CDK,CDK5,CDK5
CDK,-3.195,6,KRSA,0.9259645464025026,4,CMGC,CDK,CDK4,CDK6
CDK,-3.195,6,KRSA,0.9259645464025026,4,CMGC,CDK,CDK7,CDK7
CDK,-3.195,6,KRSA,0.9259645464025026,4,CMGC,CDK,CDK8,CDK8
CDK,-3.195,6,KRSA,0.9259645464025026,4,CMGC,CDK,CDK9,CDK9
CDK,-3.195,6,KRSA,0.9259645464025026,4,NA,NA,NA,CDK11A
CDK,-3.195,6,KRSA,0.9259645464025026,4,NA,NA,NA,CDK11B
CAMK1,1.893333333333333,15,KRSA,0.8133472367049009,4,CAMK,CAMK1,CAMK1,CAMK1
CAMK1,1.893333333333333,15,KRSA,0.8133472367049009,4,CAMK,CAMK1,CAMK1,CAMK1D
CAMK1,1.893333333333333,15,KRSA,0.8133472367049009,4,CAMK,CAMK1,CAMK1,CAMK1G
CAMK1,1.893333333333333,15,KRSA,0.8133472367049009,4,CAMK,CAMK1,CAMK1,CAMK4
CAMK1,1.893333333333333,15,KRSA,0.8133472367049009,4,CAMK,CAMK1,CAMK1,PNCK
PEK,-2.6158333333333332,10,KRSA,0.8759124087591241,4,OTHER,PEK,HRI,EIF2AK1
PEK,-2.6158333333333332,10,KRSA,0.8759124087591241,4,OTHER,PEK,PKR,EIF2AK2
PEK,-2.6158333333333332,10,KRSA,0.8759124087591241,4,OTHER,PEK,PEK,EIF2AK3
PEK,-2.6158333333333332,10,KRSA,0.8759124087591241,4,OTHER,PEK,GCN2,EIF2AK4
PLK,-2.650833333333334,9,KRSA,0.8884254431699687,4,NA,NA,NA,PLK5
PLK,-2.650833333333334,9,KRSA,0.8884254431699687,4,OTHER,PLK,PLK1,PLK1
PLK,-2.650833333333334,9,KRSA,0.8884254431699687,4,OTHER,PLK,PLK2,PLK2
PLK,-2.650833333333334,9,KRSA,0.8884254431699687,4,OTHER,PLK,PLK2,PLK3
PLK,-2.650833333333334,9,KRSA,0.8884254431699687,4,OTHER,PLK,SAK,PLK4
NMO,-2.370833333333333,11,KRSA,0.8633993743482794,4,CMGC,MAPK,NMO,NLK
AMPK,1.0758333333333332,28,KRSA,0.6381647549530761,3,CAMK,CAMKL,AMPK,PRKAA1
AMPK,1.0758333333333332,28,KRSA,0.6381647549530761,3,CAMK,CAMKL,AMPK,PRKAA2
MTOR,-1.846666666666667,16,KRSA,0.8008342022940563,4,ATYPICAL,PIKK,FRAP,MTOR
RIPK,0.83,41,KRSA,0.4754953076120959,2,TKL,RIPK,RIPK,ANKK1
RIPK,0.83,41,KRSA,0.4754953076120959,2,TKL,RIPK,RIPK,RIPK1
RIPK,0.83,41,KRSA,0.4754953076120959,2,TKL,RIPK,RIPK,RIPK2
RIPK,0.83,41,KRSA,0.4754953076120959,2,TKL,RIPK,RIPK,RIPK3
RIPK,0.83,41,KRSA,0.4754953076120959,2,TKL,RIPK,RIPK,RIPK4
CAMK2,1.0433333333333334,32,KRSA,0.5881126173096975,3,CAMK,CAMK2,CAMK2,CAMK2A
CAMK2,1.0433333333333334,32,KRSA,0.5881126173096975,3,CAMK,CAMK2,CAMK2,CAMK2B
CAMK2,1.0433333333333334,32,KRSA,0.5881126173096975,3,CAMK,CAMK2,CAMK2,CAMK2D
CAMK2,1.0433333333333334,32,KRSA,0.5881126173096975,3,CAMK,CAMK2,CAMK2,CAMK2G
RAF,-2.1,12,KRSA,0.8508863399374348,4,TKL,RAF,RAF,ARAF
RAF,-2.1,12,KRSA,0.8508863399374348,4,TKL,RAF,RAF,BRAF
RAF,-2.1,12,KRSA,0.8508863399374348,4,TKL,RAF,KSR,KSR1
RAF,-2.1,12,KRSA,0.8508863399374348,4,TKL,RAF,KSR,KSR2
RAF,-2.1,12,KRSA,0.8508863399374348,4,TKL,RAF,RAF,RAF1
PKCD,0.9508333333333332,36,KRSA,0.5380604796663191,3,AGC,PKC,DELTA,PRKCD
PKCD,0.9508333333333332,36,KRSA,0.5380604796663191,3,AGC,PKC,DELTA,PRKCQ
MST,-1.9258333333333333,14,KRSA,0.8258602711157456,4,STE,STE20,MST,STK3
MST,-1.9258333333333333,14,KRSA,0.8258602711157456,4,STE,STE20,MST,STK4
PAKA,0.7508333333333334,45,KRSA,0.4254431699687174,2,STE,STE20,PAKA,PAK1
PAKA,0.7508333333333334,45,KRSA,0.4254431699687174,2,STE,STE20,PAKA,PAK2
PAKA,0.7508333333333334,45,KRSA,0.4254431699687174,2,STE,STE20,PAKA,PAK3
RSK,1.0816666666666668,27,KRSA,0.6506777893639207,3,AGC,RSK,RSK,RPS6KA1
RSK,1.0816666666666668,27,KRSA,0.6506777893639207,3,AGC,RSK,RSK,RPS6KA2
RSK,1.0816666666666668,27,KRSA,0.6506777893639207,3,AGC,RSK,RSK,RPS6KA3
RSK,1.0816666666666668,27,KRSA,0.6506777893639207,3,AGC,RSK,MSK,RPS6KA4
RSK,1.0816666666666668,27,KRSA,0.6506777893639207,3,AGC,RSK,MSK,RPS6KA5
RSK,1.0816666666666668,27,KRSA,0.6506777893639207,3,AGC,RSK,RSK,RPS6KA6
RSK,1.0816666666666668,27,KRSA,0.6506777893639207,3,AGC,RSK,P70,RPS6KB1
RSK,1.0816666666666668,27,KRSA,0.6506777893639207,3,AGC,RSK,P70,RPS6KB2
RAD53,1.215,23,KRSA,0.7007299270072993,3,CAMK,RAD53,RAD53,CHEK2
PKD,0.5591666666666667,57,KRSA,0.26277372262773724,2,CAMK,PKD,PKD,PRKD1
PKD,0.5591666666666667,57,KRSA,0.26277372262773724,2,CAMK,PKD,PKD,PRKD2
PKD,0.5591666666666667,57,KRSA,0.26277372262773724,2,CAMK,PKD,PKD,PRKD3
PDHK,0.18083333333333343,70,KRSA,0.08759124087591241,1,ATYPICAL,PDHK,BCKDK,BCKDK
PDHK,0.18083333333333343,70,KRSA,0.08759124087591241,1,ATYPICAL,PDHK,PDHK,PDK2
PDHK,0.18083333333333343,70,KRSA,0.08759124087591241,1,ATYPICAL,PDHK,PDHK,PDK3
PDHK,0.18083333333333343,70,KRSA,0.08759124087591241,1,ATYPICAL,PDHK,PDHK,PDK4
MOS,1.0025,33,KRSA,0.5755995828988529,3,OTHER,MOS,MOS,MOS
PASK,0.6816666666666666,54,KRSA,0.30031282586027114,2,CAMK,CAMKL,PASK,PASK
GSK,-1.1525,24,KRSA,0.6882168925964547,3,CMGC,GSK,GSK,GSK3A
GSK,-1.1525,24,KRSA,0.6882168925964547,3,CMGC,GSK,GSK,GSK3B
ATR,-1.365,18,KRSA,0.7632950990615224,4,ATYPICAL,PIKK,ATR,ATR
BARK2,-0.17083333333333334,72,KRSA,0.06256517205422316,1,AGC,GRK,BARK,GRK3
PKCI,0.9825,35,KRSA,0.5505735140771637,3,AGC,PKC,IOTA,PRKCI
PKCI,0.9825,35,KRSA,0.5505735140771637,3,AGC,PKC,IOTA,PRKCZ
PRKDC,-0.8166666666666667,43,KRSA,0.4504692387904067,2,ATYPICAL,PIKK,DNAPK,PRKDC
PHK,-1.2608333333333333,22,KRSA,0.7132429614181439,3,CAMK,PHK,PHK,PHKG1
PHK,-1.2608333333333333,22,KRSA,0.7132429614181439,3,CAMK,PHK,PHK,PHKG2
STE7,-1.4516666666666669,17,KRSA,0.7883211678832117,4,STE,STE7,MEK1,MAP2K1
STE7,-1.4516666666666669,17,KRSA,0.7883211678832117,4,STE,STE7,MEK1,MAP2K2
STE7,-1.4516666666666669,17,KRSA,0.7883211678832117,4,STE,STE7,MEK3,MAP2K3
STE7,-1.4516666666666669,17,KRSA,0.7883211678832117,4,STE,STE7,MEK4,MAP2K4
STE7,-1.4516666666666669,17,KRSA,0.7883211678832117,4,STE,STE7,MEK5,MAP2K5
STE7,-1.4516666666666669,17,KRSA,0.7883211678832117,4,STE,STE7,MEK3,MAP2K6
STE7,-1.4516666666666669,17,KRSA,0.7883211678832117,4,STE,STE7,MEK7,MAP2K7
PAKB,-0.7125,51,KRSA,0.337851929092805,2,STE,STE20,PAKB,PAK4
PAKB,-0.7125,51,KRSA,0.337851929092805,2,STE,STE20,PAKB,PAK5
PAKB,-0.7125,51,KRSA,0.337851929092805,2,STE,STE20,PAKB,PAK6
TLK,-1.0716666666666668,29,KRSA,0.6256517205422315,3,OTHER,TLK,TLK,TLK1
TLK,-1.0716666666666668,29,KRSA,0.6256517205422315,3,OTHER,TLK,TLK,TLK2
TTK,-1.0658333333333334,31,KRSA,0.6006256517205423,3,OTHER,TTK,TTK,TTK
PKCA,-1.9883333333333333,13,KRSA,0.8383733055265902,4,AGC,PKC,ALPHA,PRKCA
PKCA,-1.9883333333333333,13,KRSA,0.8383733055265902,4,AGC,PKC,ALPHA,PRKCB
PKCA,-1.9883333333333333,13,KRSA,0.8383733055265902,4,AGC,PKC,ALPHA,PRKCG
QIK,-1.2875,20,KRSA,0.7382690302398331,3,CAMK,CAMKL,QIK,SIK1
QIK,-1.2875,20,KRSA,0.7382690302398331,3,CAMK,CAMKL,QIK,SIK2
LKB,-1.285,21,KRSA,0.7257559958289885,3,CAMK,CAMKL,LKB,STK11
PKN,-0.8225,42,KRSA,0.4629822732012513,2,AGC,PKN,PKN,PKN1
PKN,-0.8225,42,KRSA,0.4629822732012513,2,AGC,PKN,PKN,PKN2
PKN,-0.8225,42,KRSA,0.4629822732012513,2,AGC,PKN,PKN,PKN3
NUAK,-1.0683333333333334,30,KRSA,0.6131386861313869,3,CAMK,CAMKL,NUAK,NUAK1
NUAK,-1.0683333333333334,30,KRSA,0.6131386861313869,3,CAMK,CAMKL,NUAK,NUAK2
PIM,0.38833333333333336,65,KRSA,0.16266944734098018,1,CAMK,PIM,PIM,PIM1
PIM,0.38833333333333336,65,KRSA,0.16266944734098018,1,CAMK,PIM,PIM,PIM2
PIM,0.38833333333333336,65,KRSA,0.16266944734098018,1,CAMK,PIM,PIM,PIM3
GRK,0.1208333333333333,75,KRSA,0.02502606882168926,1,AGC,GRK,GRK,GRK1
GRK,0.1208333333333333,75,KRSA,0.02502606882168926,1,AGC,GRK,GRK,GRK4
GRK,0.1208333333333333,75,KRSA,0.02502606882168926,1,AGC,GRK,GRK,GRK5
GRK,0.1208333333333333,75,KRSA,0.02502606882168926,1,AGC,GRK,GRK,GRK6
GRK,0.1208333333333333,75,KRSA,0.02502606882168926,1,AGC,GRK,GRK,GRK7
MAPKAPK,0.6341666666666667,55,KRSA,0.28779979144942647,2,CAMK,MAPKAPK,MAPKAPK,MAPKAPK2
MAPKAPK,0.6341666666666667,55,KRSA,0.28779979144942647,2,CAMK,MAPKAPK,MAPKAPK,MAPKAPK3
MAPKAPK,0.6341666666666667,55,KRSA,0.28779979144942647,2,CAMK,MAPKAPK,MAPKAPK,MAPKAPK5
MAPKAPK,0.6341666666666667,55,KRSA,0.28779979144942647,2,CAMK,MAPKAPK,MNK,MKNK1
MAPKAPK,0.6341666666666667,55,KRSA,0.28779979144942647,2,CAMK,MAPKAPK,MNK,MKNK2
NEK,-0.4816666666666667,59,KRSA,0.23774765380604795,1,OTHER,NEK,NEK11,NEK11
NEK,-0.4816666666666667,59,KRSA,0.23774765380604795,1,OTHER,NEK,NEK2,NEK2
NEK,-0.4816666666666667,59,KRSA,0.23774765380604795,1,OTHER,NEK,NEK1,NEK3
NEK,-0.4816666666666667,59,KRSA,0.23774765380604795,1,OTHER,NEK,NEK4,NEK4
NEK,-0.4816666666666667,59,KRSA,0.23774765380604795,1,OTHER,NEK,NEK1,NEK5
NEK,-0.4816666666666667,59,KRSA,0.23774765380604795,1,OTHER,NEK,NEK6,NEK6
NEK,-0.4816666666666667,59,KRSA,0.23774765380604795,1,OTHER,NEK,NEK6,NEK7
NEK,-0.4816666666666667,59,KRSA,0.23774765380604795,1,OTHER,NEK,NEK8,NEK8
NEK,-0.4816666666666667,59,KRSA,0.23774765380604795,1,OTHER,NEK,NEK8,NEK9
IRAK,-0.4083333333333333,63,KRSA,0.18769551616266944,1,TKL,IRAK,IRAK,IRAK1
IRAK,-0.4083333333333333,63,KRSA,0.18769551616266944,1,TKL,IRAK,IRAK,IRAK2
IRAK,-0.4083333333333333,63,KRSA,0.18769551616266944,1,TKL,IRAK,IRAK,IRAK3
IRAK,-0.4083333333333333,63,KRSA,0.18769551616266944,1,TKL,IRAK,IRAK,IRAK4
STE11,-0.7966666666666666,44,KRSA,0.43795620437956206,2,TKL,MLK,TAK1,MAP3K7
STE11,-0.7966666666666666,44,KRSA,0.43795620437956206,2,STE,STE11,MEKK1,MAP3K1
STE11,-0.7966666666666666,44,KRSA,0.43795620437956206,2,STE,STE11,ASK,MAP3K15
STE11,-0.7966666666666666,44,KRSA,0.43795620437956206,2,STE,STE11,MEKK2,MAP3K2
STE11,-0.7966666666666666,44,KRSA,0.43795620437956206,2,STE,STE11,MEKK2,MAP3K3
STE11,-0.7966666666666666,44,KRSA,0.43795620437956206,2,STE,STE11,MEKK4,MAP3K4
STE11,-0.7966666666666666,44,KRSA,0.43795620437956206,2,STE,STE11,ASK,MAP3K5
STE11,-0.7966666666666666,44,KRSA,0.43795620437956206,2,STE,STE11,ASK,MAP3K6
STKR,-0.00333333333333334,77,KRSA,0,1,TKL,STKR,TYPE1,ACVR1
STKR,-0.00333333333333334,77,KRSA,0,1,TKL,STKR,TYPE1,ACVR1B
STKR,-0.00333333333333334,77,KRSA,0,1,TKL,STKR,TYPE1,ACVR1C
STKR,-0.00333333333333334,77,KRSA,0,1,TKL,STKR,TYPE2,ACVR2A
STKR,-0.00333333333333334,77,KRSA,0,1,TKL,STKR,TYPE2,ACVR2B
STKR,-0.00333333333333334,77,KRSA,0,1,TKL,STKR,TYPE1,ACVRL1
STKR,-0.00333333333333334,77,KRSA,0,1,TKL,STKR,TYPE2,AMHR2
STKR,-0.00333333333333334,77,KRSA,0,1,TKL,STKR,TYPE1,BMPR1A
STKR,-0.00333333333333334,77,KRSA,0,1,TKL,STKR,TYPE1,BMPR1B
STKR,-0.00333333333333334,77,KRSA,0,1,TKL,STKR,TYPE2,BMPR2
STKR,-0.00333333333333334,77,KRSA,0,1,TKL,STKR,TYPE1,TGFBR1
STKR,-0.00333333333333334,77,KRSA,0,1,TKL,STKR,TYPE2,TGFBR2
ULK,-0.7483333333333333,47,KRSA,0.38790406673618355,2,OTHER,ULK,FUSED,STK36
ULK,-0.7483333333333333,47,KRSA,0.38790406673618355,2,OTHER,ULK,ULK,ULK1
ULK,-0.7483333333333333,47,KRSA,0.38790406673618355,2,OTHER,ULK,ULK,ULK2
ULK,-0.7483333333333333,47,KRSA,0.38790406673618355,2,OTHER,ULK,ULK,ULK3
ULK,-0.7483333333333333,47,KRSA,0.38790406673618355,2,OTHER,ULK,ULK,ULK4
NIK,-0.7433333333333334,48,KRSA,0.3753910323253389,2,STE,STE-UNIQUE,STE-UNIQUE,MAP3K14
BUD32,-0.7483333333333333,47,KRSA,0.38790406673618355,2,OTHER,BUD32,BUD32,TP53RK
TAO,-0.41833333333333333,62,KRSA,0.20020855057351408,1,STE,STE20,TAO,TAOK1
TAO,-0.41833333333333333,62,KRSA,0.20020855057351408,1,STE,STE20,TAO,TAOK2
TAO,-0.41833333333333333,62,KRSA,0.20020855057351408,1,STE,STE20,TAO,TAOK3
KHS,0.26,68,KRSA,0.1251303441084463,1,STE,STE20,KHS,MAP4K1
KHS,0.26,68,KRSA,0.1251303441084463,1,STE,STE20,KHS,MAP4K2
KHS,0.26,68,KRSA,0.1251303441084463,1,STE,STE20,KHS,MAP4K3
KHS,0.26,68,KRSA,0.1251303441084463,1,STE,STE20,KHS,MAP4K5
CLK,-0.74,50,KRSA,0.35036496350364965,2,CMGC,CLK,CLK,CLK1
CLK,-0.74,50,KRSA,0.35036496350364965,2,CMGC,CLK,CLK,CLK2
CLK,-0.74,50,KRSA,0.35036496350364965,2,CMGC,CLK,CLK,CLK3
CLK,-0.74,50,KRSA,0.35036496350364965,2,CMGC,CLK,CLK,CLK4
CAMKK,-0.7408333333333333,49,KRSA,0.36287799791449427,2,OTHER,CAMKK,META,CAMKK1
CAMKK,-0.7408333333333333,49,KRSA,0.36287799791449427,2,OTHER,CAMKK,META,CAMKK2
WNK,-0.7491666666666666,46,KRSA,0.4129301355578728,2,OTHER,WNK,WNK,WNK1
WNK,-0.7491666666666666,46,KRSA,0.4129301355578728,2,OTHER,WNK,WNK,WNK2
WNK,-0.7491666666666666,46,KRSA,0.4129301355578728,2,OTHER,WNK,WNK,WNK3
WNK,-0.7491666666666666,46,KRSA,0.4129301355578728,2,OTHER,WNK,WNK,WNK4
SLK,0.47,60,KRSA,0.22523461939520334,1,STE,STE20,SLK,SLK
SLK,0.47,60,KRSA,0.22523461939520334,1,STE,STE20,SLK,STK10
BRSK,0.3341666666666666,67,KRSA,0.13764337851929093,1,CAMK,CAMKL,BRSK,BRSK1
BRSK,0.3341666666666666,67,KRSA,0.13764337851929093,1,CAMK,CAMKL,BRSK,BRSK2
DAPK,-1.1416666666666666,25,KRSA,0.67570385818561,3,CAMK,DAPK,DAPK,DAPK1
DAPK,-1.1416666666666666,25,KRSA,0.67570385818561,3,CAMK,DAPK,DAPK,DAPK2
DAPK,-1.1416666666666666,25,KRSA,0.67570385818561,3,CAMK,DAPK,DAPK,DAPK3
DAPK,-1.1416666666666666,25,KRSA,0.67570385818561,3,CAMK,DAPK,DRAK,STK17A
DAPK,-1.1416666666666666,25,KRSA,0.67570385818561,3,CAMK,DAPK,DRAK,STK17B
CHK1,0.34833333333333333,66,KRSA,0.15015641293013557,1,CAMK,CAMKL,CHK1,CHEK1
FRAY,-1.3633333333333333,19,KRSA,0.7507820646506778,4,STE,STE20,FRAY,OXSR1
FRAY,-1.3633333333333333,19,KRSA,0.7507820646506778,4,STE,STE20,FRAY,STK39
NAK,-0.17666666666666672,71,KRSA,0.07507820646506778,1,OTHER,NAK,BIKE,AAK1
NAK,-0.17666666666666672,71,KRSA,0.07507820646506778,1,OTHER,NAK,BIKE,BMP2K
NAK,-0.17666666666666672,71,KRSA,0.07507820646506778,1,OTHER,NAK,GAK,GAK
NAK,-0.17666666666666672,71,KRSA,0.07507820646506778,1,OTHER,NAK,MPSK,STK16
HAL,0.8341666666666666,40,KRSA,0.4880083420229406,2,RGC,RGC,RGC,NPR1
COT,0.20083333333333336,69,KRSA,0.10010427528675704,1,STE,STE-UNIQUE,STE-UNIQUE,MAP3K8
VRK1,-0.7075,53,KRSA,0.31282586027111575,2,CK1,VRK,VRK,VRK1
MLCK,-0.4858333333333332,58,KRSA,0.2502606882168926,2,CAMK,MLCK,MLCK,MYLK
MLCK,-0.4858333333333332,58,KRSA,0.2502606882168926,2,CAMK,MLCK,MLCK,MYLK2
MLCK,-0.4858333333333332,58,KRSA,0.2502606882168926,2,CAMK,MLCK,MLCK,TTN
NDR,0.16416666666666666,73,KRSA,0.05005213764337852,1,AGC,NDR,NDR,LATS1
NDR,0.16416666666666666,73,KRSA,0.05005213764337852,1,AGC,NDR,NDR,LATS2
NDR,0.16416666666666666,73,KRSA,0.05005213764337852,1,AGC,NDR,NDR,STK38
NDR,0.16416666666666666,73,KRSA,0.05005213764337852,1,AGC,NDR,NDR,STK38L
CK2,0.3908333333333333,64,KRSA,0.17518248175182483,1,CMGC,CK2,CK2,CSNK2A1
CK2,0.3908333333333333,64,KRSA,0.17518248175182483,1,CMGC,CK2,CK2,CSNK2A2
CK2,0.3908333333333333,64,KRSA,0.17518248175182483,1,NA,NA,NA,CSNK2A3
AKT,0.12500000000000008,74,KRSA,0.03753910323253389,1,AGC,AKT,AKT,AKT1
AKT,0.12500000000000008,74,KRSA,0.03753910323253389,1,AGC,AKT,AKT,AKT2
AKT,0.12500000000000008,74,KRSA,0.03753910323253389,1,AGC,AKT,AKT,AKT3
MLK,-0.8383333333333334,39,KRSA,0.5005213764337852,3,TKL,MLK,ILK,ILK
MLK,-0.8383333333333334,39,KRSA,0.5005213764337852,3,TKL,MLK,MLK,MAP3K10
MLK,-0.8383333333333334,39,KRSA,0.5005213764337852,3,TKL,MLK,MLK,MAP3K11
MLK,-0.8383333333333334,39,KRSA,0.5005213764337852,3,TKL,MLK,LZK,MAP3K12
MLK,-0.8383333333333334,39,KRSA,0.5005213764337852,3,TKL,MLK,LZK,MAP3K13
MLK,-0.8383333333333334,39,KRSA,0.5005213764337852,3,TKL,MLK,MLK,MAP3K9
MLK,-0.8383333333333334,39,KRSA,0.5005213764337852,3,TKL,MLK,HH498,TNNI3K
MSN,-0.11916666666666674,76,KRSA,0.01251303441084463,1,STE,STE20,MSN,MAP4K4
MSN,-0.11916666666666674,76,KRSA,0.01251303441084463,1,STE,STE20,MSN,NRK
MSN,-0.11916666666666674,76,KRSA,0.01251303441084463,1,STE,STE20,MSN,TNIK
ATM,-0.6191666666666666,56,KRSA,0.27528675703858185,2,ATYPICAL,PIKK,ATM,ATM
AUR,-0.20083333333333336,69,KRSA,0.10010427528675704,1,OTHER,AUR,AUR,AURKA
AUR,-0.20083333333333336,69,KRSA,0.10010427528675704,1,OTHER,AUR,AUR,AURKB
AUR,-0.20083333333333336,69,KRSA,0.10010427528675704,1,OTHER,AUR,AUR,AURKC
IKK,-0.8725,37,KRSA,0.5255474452554745,3,OTHER,IKK,IKK,CHUK
IKK,-0.8725,37,KRSA,0.5255474452554745,3,OTHER,IKK,IKK,IKBKB
IKK,-0.8725,37,KRSA,0.5255474452554745,3,OTHER,IKK,IKK,IKBKE
IKK,-0.8725,37,KRSA,0.5255474452554745,3,OTHER,IKK,IKK,TBK1
MELK,-0.8533333333333333,38,KRSA,0.5130344108446299,3,CAMK,CAMKL,MELK,MELK
CK1,-0.9975,34,KRSA,0.5630865484880083,3,CK1,CK1,CK1-A,CSNK1A1
CK1,-0.9975,34,KRSA,0.5630865484880083,3,CK1,CK1,CK1-A,CSNK1A1L
CK1,-0.9975,34,KRSA,0.5630865484880083,3,CK1,CK1,CK1-D,CSNK1D
CK1,-0.9975,34,KRSA,0.5630865484880083,3,CK1,CK1,CK1-D,CSNK1E
CK1,-0.9975,34,KRSA,0.5630865484880083,3,CK1,CK1,CK1-G,CSNK1G1
CK1,-0.9975,34,KRSA,0.5630865484880083,3,CK1,CK1,CK1-G,CSNK1G2
CK1,-0.9975,34,KRSA,0.5630865484880083,3,CK1,CK1,CK1-G,CSNK1G3
CK1,-0.9975,34,KRSA,0.5630865484880083,3,CK1,TTBK,TTBK,TTBK1
CK1,-0.9975,34,KRSA,0.5630865484880083,3,CK1,TTBK,TTBK,TTBK2
CK1,-0.9975,34,KRSA,0.5630865484880083,3,CK1,VRK,VRK,VRK3
DMPK,-0.7091666666666667,52,KRSA,0.32533889468196037,2,AGC,DMPK,GEK,CDC42BPA
DMPK,-0.7091666666666667,52,KRSA,0.32533889468196037,2,AGC,DMPK,GEK,CDC42BPB
DMPK,-0.7091666666666667,52,KRSA,0.32533889468196037,2,AGC,DMPK,GEK,CDC42BPG
DMPK,-0.7091666666666667,52,KRSA,0.32533889468196037,2,AGC,DMPK,CRIK,CIT
DMPK,-0.7091666666666667,52,KRSA,0.32533889468196037,2,AGC,DMPK,GEK,DMPK
DMPK,-0.7091666666666667,52,KRSA,0.32533889468196037,2,AGC,DMPK,ROCK,ROCK1
DMPK,-0.7091666666666667,52,KRSA,0.32533889468196037,2,AGC,DMPK,ROCK,ROCK2
SGK,-0.42916666666666664,61,KRSA,0.2127215849843587,1,AGC,SGK,SGK,SGK1
SGK,-0.42916666666666664,61,KRSA,0.2127215849843587,1,AGC,SGK,SGK,SGK2
SGK,-0.42916666666666664,61,KRSA,0.2127215849843587,1,AGC,SGK,SGK,SGK3
PKCH,-1.1291666666666669,26,KRSA,0.6631908237747653,3,AGC,PKC,ETA,PRKCE
PKCH,-1.1291666666666669,26,KRSA,0.6631908237747653,3,AGC,PKC,ETA,PRKCH
PKA,3.111666666666667,7,KRSA,0.913451511991658,4,AGC,PKA,PKA,PRKACA
PKA,3.111666666666667,7,KRSA,0.913451511991658,4,AGC,PKA,PKA,PRKACB
PKA,3.111666666666667,7,KRSA,0.913451511991658,4,AGC,PKA,PKA,PRKACG
PKA,3.111666666666667,7,KRSA,0.913451511991658,4,AGC,PKA,PKA,PRKX
PKA,3.111666666666667,7,KRSA,0.913451511991658,4,AGC,PKA,PKA,PRKY
PKG,3.2,5,KRSA,0.9384775808133472,4,AGC,PKG,PKG,PRKG1
PKG,3.2,5,KRSA,0.9384775808133472,4,AGC,PKG,PKG,PRKG2
DYRK,-3.788333333333333,2,KRSA,0.9760166840458812,4,CMGC,DYRK,DYRK1,DYRK1A
DYRK,-3.788333333333333,2,KRSA,0.9760166840458812,4,CMGC,DYRK,DYRK1,DYRK1B
DYRK,-3.788333333333333,2,KRSA,0.9760166840458812,4,CMGC,DYRK,DYRK2,DYRK2
DYRK,-3.788333333333333,2,KRSA,0.9760166840458812,4,CMGC,DYRK,DYRK2,DYRK3
DYRK,-3.788333333333333,2,KRSA,0.9760166840458812,4,CMGC,DYRK,DYRK2,DYRK4
DYRK,-3.788333333333333,2,KRSA,0.9760166840458812,4,CMGC,DYRK,HIPK,HIPK1
DYRK,-3.788333333333333,2,KRSA,0.9760166840458812,4,CMGC,DYRK,HIPK,HIPK2
DYRK,-3.788333333333333,2,KRSA,0.9760166840458812,4,CMGC,DYRK,HIPK,HIPK3
DYRK,-3.788333333333333,2,KRSA,0.9760166840458812,4,CMGC,DYRK,HIPK,HIPK4
DYRK,-3.788333333333333,2,KRSA,0.9760166840458812,4,CMGC,DYRK,PRP4,PRPF4B
ERK,-4.105833333333333,1,KRSA,0.9885297184567258,4,CMGC,MAPK,ERK1,MAPK1
ERK,-4.105833333333333,1,KRSA,0.9885297184567258,4,CMGC,MAPK,ERK7,MAPK15
ERK,-4.105833333333333,1,KRSA,0.9885297184567258,4,CMGC,MAPK,ERK1,MAPK3
ERK,-4.105833333333333,1,KRSA,0.9885297184567258,4,CMGC,MAPK,ERK3,MAPK4
ERK,-4.105833333333333,1,KRSA,0.9885297184567258,4,CMGC,MAPK,ERK3,MAPK6
ERK,-4.105833333333333,1,KRSA,0.9885297184567258,4,CMGC,MAPK,ERK5,MAPK7
JNK,-3.5225,4,KRSA,0.9509906152241918,4,CMGC,MAPK,JNK,MAPK10
JNK,-3.5225,4,KRSA,0.9509906152241918,4,CMGC,MAPK,JNK,MAPK8
JNK,-3.5225,4,KRSA,0.9509906152241918,4,CMGC,MAPK,JNK,MAPK9
PDK1,-3.658333333333333,3,KRSA,0.9635036496350365,4,ATYPICAL,PDHK,PDHK,PDK1
PDK1,-3.658333333333333,3,KRSA,0.9635036496350365,4,AGC,PDK1,PDK1,PDPK1
P38,-3.0383333333333336,8,KRSA,0.9009384775808134,4,CMGC,MAPK,P38,MAPK11
P38,-3.0383333333333336,8,KRSA,0.9009384775808134,4,CMGC,MAPK,P38,MAPK12
P38,-3.0383333333333336,8,KRSA,0.9009384775808134,4,CMGC,MAPK,P38,MAPK13
P38,-3.0383333333333336,8,KRSA,0.9009384775808134,4,CMGC,MAPK,P38,MAPK14
MST,-1.9258333333333333,14,KRSA,0.8258602711157456,4,STE,STE20,MST,STK3
MST,-1.9258333333333333,14,KRSA,0.8258602711157456,4,STE,STE20,MST,STK4
CDK,-3.195,6,KRSA,0.9259645464025026,4,CMGC,CDK,CDC2,CDK1
CDK,-3.195,6,KRSA,0.9259645464025026,4,CMGC,CDK,CDK10,CDK10
CDK,-3.195,6,KRSA,0.9259645464025026,4,CMGC,CDK,CRK7,CDK12
CDK,-3.195,6,KRSA,0.9259645464025026,4,CMGC,CDK,CRK7,CDK13
CDK,-3.195,6,KRSA,0.9259645464025026,4,CMGC,CDK,PFTAIRE,CDK14
CDK,-3.195,6,KRSA,0.9259645464025026,4,CMGC,CDK,PFTAIRE,CDK15
CDK,-3.195,6,KRSA,0.9259645464025026,4,CMGC,CDK,PCTAIRE,CDK16
CDK,-3.195,6,KRSA,0.9259645464025026,4,CMGC,CDK,PCTAIRE,CDK17
CDK,-3.195,6,KRSA,0.9259645464025026,4,CMGC,CDK,PCTAIRE,CDK18
CDK,-3.195,6,KRSA,0.9259645464025026,4,CMGC,CDK,CDK8,CDK19
CDK,-3.195,6,KRSA,0.9259645464025026,4,CMGC,CDK,CDC2,CDK2
CDK,-3.195,6,KRSA,0.9259645464025026,4,CMGC,CDK,CCRK,CDK20
CDK,-3.195,6,KRSA,0.9259645464025026,4,CMGC,CDK,CDC2,CDK3
CDK,-3.195,6,KRSA,0.9259645464025026,4,CMGC,CDK,CDK4,CDK4
CDK,-3.195,6,KRSA,0.9259645464025026,4,CMGC,CDK,CDK5,CDK5
CDK,-3.195,6,KRSA,0.9259645464025026,4,CMGC,CDK,CDK4,CDK6
CDK,-3.195,6,KRSA,0.9259645464025026,4,CMGC,CDK,CDK7,CDK7
CDK,-3.195,6,KRSA,0.9259645464025026,4,CMGC,CDK,CDK8,CDK8
CDK,-3.195,6,KRSA,0.9259645464025026,4,CMGC,CDK,CDK9,CDK9
CDK,-3.195,6,KRSA,0.9259645464025026,4,NA,NA,NA,CDK11A
CDK,-3.195,6,KRSA,0.9259645464025026,4,NA,NA,NA,CDK11B
CAMK1,1.893333333333333,15,KRSA,0.8133472367049009,4,CAMK,CAMK1,CAMK1,CAMK1
CAMK1,1.893333333333333,15,KRSA,0.8133472367049009,4,CAMK,CAMK1,CAMK1,CAMK1D
CAMK1,1.893333333333333,15,KRSA,0.8133472367049009,4,CAMK,CAMK1,CAMK1,CAMK1G
CAMK1,1.893333333333333,15,KRSA,0.8133472367049009,4,CAMK,CAMK1,CAMK1,CAMK4
CAMK1,1.893333333333333,15,KRSA,0.8133472367049009,4,CAMK,CAMK1,CAMK1,PNCK
PKCD,0.9508333333333332,36,KRSA,0.5380604796663191,3,AGC,PKC,DELTA,PRKCD
PKCD,0.9508333333333332,36,KRSA,0.5380604796663191,3,AGC,PKC,DELTA,PRKCQ
PAKA,0.7508333333333334,45,KRSA,0.4254431699687174,2,STE,STE20,PAKA,PAK1
PAKA,0.7508333333333334,45,KRSA,0.4254431699687174,2,STE,STE20,PAKA,PAK2
PAKA,0.7508333333333334,45,KRSA,0.4254431699687174,2,STE,STE20,PAKA,PAK3
RAD53,1.215,23,KRSA,0.7007299270072993,3,CAMK,RAD53,RAD53,CHEK2
RSK,1.0816666666666668,27,KRSA,0.6506777893639207,3,AGC,RSK,RSK,RPS6KA1
RSK,1.0816666666666668,27,KRSA,0.6506777893639207,3,AGC,RSK,RSK,RPS6KA2
RSK,1.0816666666666668,27,KRSA,0.6506777893639207,3,AGC,RSK,RSK,RPS6KA3
RSK,1.0816666666666668,27,KRSA,0.6506777893639207,3,AGC,RSK,MSK,RPS6KA4
RSK,1.0816666666666668,27,KRSA,0.6506777893639207,3,AGC,RSK,MSK,RPS6KA5
RSK,1.0816666666666668,27,KRSA,0.6506777893639207,3,AGC,RSK,RSK,RPS6KA6
RSK,1.0816666666666668,27,KRSA,0.6506777893639207,3,AGC,RSK,P70,RPS6KB1
RSK,1.0816666666666668,27,KRSA,0.6506777893639207,3,AGC,RSK,P70,RPS6KB2
MTOR,-1.846666666666667,16,KRSA,0.8008342022940563,4,ATYPICAL,PIKK,FRAP,MTOR
PASK,0.6816666666666666,54,KRSA,0.30031282586027114,2,CAMK,CAMKL,PASK,PASK
RAF,-2.1,12,KRSA,0.8508863399374348,4,TKL,RAF,RAF,ARAF
RAF,-2.1,12,KRSA,0.8508863399374348,4,TKL,RAF,RAF,BRAF
RAF,-2.1,12,KRSA,0.8508863399374348,4,TKL,RAF,KSR,KSR1
RAF,-2.1,12,KRSA,0.8508863399374348,4,TKL,RAF,KSR,KSR2
RAF,-2.1,12,KRSA,0.8508863399374348,4,TKL,RAF,RAF,RAF1
NMO,-2.370833333333333,11,KRSA,0.8633993743482794,4,CMGC,MAPK,NMO,NLK
PLK,-2.650833333333334,9,KRSA,0.8884254431699687,4,NA,NA,NA,PLK5
PLK,-2.650833333333334,9,KRSA,0.8884254431699687,4,OTHER,PLK,PLK1,PLK1
PLK,-2.650833333333334,9,KRSA,0.8884254431699687,4,OTHER,PLK,PLK2,PLK2
PLK,-2.650833333333334,9,KRSA,0.8884254431699687,4,OTHER,PLK,PLK2,PLK3
PLK,-2.650833333333334,9,KRSA,0.8884254431699687,4,OTHER,PLK,SAK,PLK4
MOS,1.0025,33,KRSA,0.5755995828988529,3,OTHER,MOS,MOS,MOS
PKD,0.5591666666666667,57,KRSA,0.26277372262773724,2,CAMK,PKD,PKD,PRKD1
PKD,0.5591666666666667,57,KRSA,0.26277372262773724,2,CAMK,PKD,PKD,PRKD2
PKD,0.5591666666666667,57,KRSA,0.26277372262773724,2,CAMK,PKD,PKD,PRKD3
PEK,-2.6158333333333332,10,KRSA,0.8759124087591241,4,OTHER,PEK,HRI,EIF2AK1
PEK,-2.6158333333333332,10,KRSA,0.8759124087591241,4,OTHER,PEK,PKR,EIF2AK2
PEK,-2.6158333333333332,10,KRSA,0.8759124087591241,4,OTHER,PEK,PEK,EIF2AK3
PEK,-2.6158333333333332,10,KRSA,0.8759124087591241,4,OTHER,PEK,GCN2,EIF2AK4
PKCH,-1.1291666666666669,26,KRSA,0.6631908237747653,3,AGC,PKC,ETA,PRKCE
PKCH,-1.1291666666666669,26,KRSA,0.6631908237747653,3,AGC,PKC,ETA,PRKCH
MAPKAPK,0.6341666666666667,55,KRSA,0.28779979144942647,2,CAMK,MAPKAPK,MAPKAPK,MAPKAPK2
MAPKAPK,0.6341666666666667,55,KRSA,0.28779979144942647,2,CAMK,MAPKAPK,MAPKAPK,MAPKAPK3
MAPKAPK,0.6341666666666667,55,KRSA,0.28779979144942647,2,CAMK,MAPKAPK,MAPKAPK,MAPKAPK5
MAPKAPK,0.6341666666666667,55,KRSA,0.28779979144942647,2,CAMK,MAPKAPK,MNK,MKNK1
MAPKAPK,0.6341666666666667,55,KRSA,0.28779979144942647,2,CAMK,MAPKAPK,MNK,MKNK2
PDHK,0.18083333333333343,70,KRSA,0.08759124087591241,1,ATYPICAL,PDHK,BCKDK,BCKDK
PDHK,0.18083333333333343,70,KRSA,0.08759124087591241,1,ATYPICAL,PDHK,PDHK,PDK2
PDHK,0.18083333333333343,70,KRSA,0.08759124087591241,1,ATYPICAL,PDHK,PDHK,PDK3
PDHK,0.18083333333333343,70,KRSA,0.08759124087591241,1,ATYPICAL,PDHK,PDHK,PDK4
RIPK,0.83,41,KRSA,0.4754953076120959,2,TKL,RIPK,RIPK,ANKK1
RIPK,0.83,41,KRSA,0.4754953076120959,2,TKL,RIPK,RIPK,RIPK1
RIPK,0.83,41,KRSA,0.4754953076120959,2,TKL,RIPK,RIPK,RIPK2
RIPK,0.83,41,KRSA,0.4754953076120959,2,TKL,RIPK,RIPK,RIPK3
RIPK,0.83,41,KRSA,0.4754953076120959,2,TKL,RIPK,RIPK,RIPK4
ATR,-1.365,18,KRSA,0.7632950990615224,4,ATYPICAL,PIKK,ATR,ATR
CAMK2,1.0433333333333334,32,KRSA,0.5881126173096975,3,CAMK,CAMK2,CAMK2,CAMK2A
CAMK2,1.0433333333333334,32,KRSA,0.5881126173096975,3,CAMK,CAMK2,CAMK2,CAMK2B
CAMK2,1.0433333333333334,32,KRSA,0.5881126173096975,3,CAMK,CAMK2,CAMK2,CAMK2D
CAMK2,1.0433333333333334,32,KRSA,0.5881126173096975,3,CAMK,CAMK2,CAMK2,CAMK2G
AMPK,1.0758333333333332,28,KRSA,0.6381647549530761,3,CAMK,CAMKL,AMPK,PRKAA1
AMPK,1.0758333333333332,28,KRSA,0.6381647549530761,3,CAMK,CAMKL,AMPK,PRKAA2
VRK1,-0.7075,53,KRSA,0.31282586027111575,2,CK1,VRK,VRK,VRK1
MLCK,-0.4858333333333332,58,KRSA,0.2502606882168926,2,CAMK,MLCK,MLCK,MYLK
MLCK,-0.4858333333333332,58,KRSA,0.2502606882168926,2,CAMK,MLCK,MLCK,MYLK2
MLCK,-0.4858333333333332,58,KRSA,0.2502606882168926,2,CAMK,MLCK,MLCK,TTN
MELK,-0.8533333333333333,38,KRSA,0.5130344108446299,3,CAMK,CAMKL,MELK,MELK
LKB,-1.285,21,KRSA,0.7257559958289885,3,CAMK,CAMKL,LKB,STK11
PKCI,0.9825,35,KRSA,0.5505735140771637,3,AGC,PKC,IOTA,PRKCI
PKCI,0.9825,35,KRSA,0.5505735140771637,3,AGC,PKC,IOTA,PRKCZ
STE7,-1.4516666666666669,17,KRSA,0.7883211678832117,4,STE,STE7,MEK1,MAP2K1
STE7,-1.4516666666666669,17,KRSA,0.7883211678832117,4,STE,STE7,MEK1,MAP2K2
STE7,-1.4516666666666669,17,KRSA,0.7883211678832117,4,STE,STE7,MEK3,MAP2K3
STE7,-1.4516666666666669,17,KRSA,0.7883211678832117,4,STE,STE7,MEK4,MAP2K4
STE7,-1.4516666666666669,17,KRSA,0.7883211678832117,4,STE,STE7,MEK5,MAP2K5
STE7,-1.4516666666666669,17,KRSA,0.7883211678832117,4,STE,STE7,MEK3,MAP2K6
STE7,-1.4516666666666669,17,KRSA,0.7883211678832117,4,STE,STE7,MEK7,MAP2K7
MSN,-0.11916666666666674,76,KRSA,0.01251303441084463,1,STE,STE20,MSN,MAP4K4
MSN,-0.11916666666666674,76,KRSA,0.01251303441084463,1,STE,STE20,MSN,NRK
MSN,-0.11916666666666674,76,KRSA,0.01251303441084463,1,STE,STE20,MSN,TNIK
GSK,-1.1525,24,KRSA,0.6882168925964547,3,CMGC,GSK,GSK,GSK3A
GSK,-1.1525,24,KRSA,0.6882168925964547,3,CMGC,GSK,GSK,GSK3B
BARK2,-0.17083333333333334,72,KRSA,0.06256517205422316,1,AGC,GRK,BARK,GRK3
HAL,0.8341666666666666,40,KRSA,0.4880083420229406,2,RGC,RGC,RGC,NPR1
NDR,0.16416666666666666,73,KRSA,0.05005213764337852,1,AGC,NDR,NDR,LATS1
NDR,0.16416666666666666,73,KRSA,0.05005213764337852,1,AGC,NDR,NDR,LATS2
NDR,0.16416666666666666,73,KRSA,0.05005213764337852,1,AGC,NDR,NDR,STK38
NDR,0.16416666666666666,73,KRSA,0.05005213764337852,1,AGC,NDR,NDR,STK38L
STE11,-0.7966666666666666,44,KRSA,0.43795620437956206,2,TKL,MLK,TAK1,MAP3K7
STE11,-0.7966666666666666,44,KRSA,0.43795620437956206,2,STE,STE11,MEKK1,MAP3K1
STE11,-0.7966666666666666,44,KRSA,0.43795620437956206,2,STE,STE11,ASK,MAP3K15
STE11,-0.7966666666666666,44,KRSA,0.43795620437956206,2,STE,STE11,MEKK2,MAP3K2
STE11,-0.7966666666666666,44,KRSA,0.43795620437956206,2,STE,STE11,MEKK2,MAP3K3
STE11,-0.7966666666666666,44,KRSA,0.43795620437956206,2,STE,STE11,MEKK4,MAP3K4
STE11,-0.7966666666666666,44,KRSA,0.43795620437956206,2,STE,STE11,ASK,MAP3K5
STE11,-0.7966666666666666,44,KRSA,0.43795620437956206,2,STE,STE11,ASK,MAP3K6
FRAY,-1.3633333333333333,19,KRSA,0.7507820646506778,4,STE,STE20,FRAY,OXSR1
FRAY,-1.3633333333333333,19,KRSA,0.7507820646506778,4,STE,STE20,FRAY,STK39
QIK,-1.2875,20,KRSA,0.7382690302398331,3,CAMK,CAMKL,QIK,SIK1
QIK,-1.2875,20,KRSA,0.7382690302398331,3,CAMK,CAMKL,QIK,SIK2
PAKB,-0.7125,51,KRSA,0.337851929092805,2,STE,STE20,PAKB,PAK4
PAKB,-0.7125,51,KRSA,0.337851929092805,2,STE,STE20,PAKB,PAK5
PAKB,-0.7125,51,KRSA,0.337851929092805,2,STE,STE20,PAKB,PAK6
DAPK,-1.1416666666666666,25,KRSA,0.67570385818561,3,CAMK,DAPK,DAPK,DAPK1
DAPK,-1.1416666666666666,25,KRSA,0.67570385818561,3,CAMK,DAPK,DAPK,DAPK2
DAPK,-1.1416666666666666,25,KRSA,0.67570385818561,3,CAMK,DAPK,DAPK,DAPK3
DAPK,-1.1416666666666666,25,KRSA,0.67570385818561,3,CAMK,DAPK,DRAK,STK17A
DAPK,-1.1416666666666666,25,KRSA,0.67570385818561,3,CAMK,DAPK,DRAK,STK17B
NUAK,-1.0683333333333334,30,KRSA,0.6131386861313869,3,CAMK,CAMKL,NUAK,NUAK1
NUAK,-1.0683333333333334,30,KRSA,0.6131386861313869,3,CAMK,CAMKL,NUAK,NUAK2
NAK,-0.17666666666666672,71,KRSA,0.07507820646506778,1,OTHER,NAK,BIKE,AAK1
NAK,-0.17666666666666672,71,KRSA,0.07507820646506778,1,OTHER,NAK,BIKE,BMP2K
NAK,-0.17666666666666672,71,KRSA,0.07507820646506778,1,OTHER,NAK,GAK,GAK
NAK,-0.17666666666666672,71,KRSA,0.07507820646506778,1,OTHER,NAK,MPSK,STK16
TLK,-1.0716666666666668,29,KRSA,0.6256517205422315,3,OTHER,TLK,TLK,TLK1
TLK,-1.0716666666666668,29,KRSA,0.6256517205422315,3,OTHER,TLK,TLK,TLK2
PIM,0.38833333333333336,65,KRSA,0.16266944734098018,1,CAMK,PIM,PIM,PIM1
PIM,0.38833333333333336,65,KRSA,0.16266944734098018,1,CAMK,PIM,PIM,PIM2
PIM,0.38833333333333336,65,KRSA,0.16266944734098018,1,CAMK,PIM,PIM,PIM3
PKN,-0.8225,42,KRSA,0.4629822732012513,2,AGC,PKN,PKN,PKN1
PKN,-0.8225,42,KRSA,0.4629822732012513,2,AGC,PKN,PKN,PKN2
PKN,-0.8225,42,KRSA,0.4629822732012513,2,AGC,PKN,PKN,PKN3
TTK,-1.0658333333333334,31,KRSA,0.6006256517205423,3,OTHER,TTK,TTK,TTK
CHK1,0.34833333333333333,66,KRSA,0.15015641293013557,1,CAMK,CAMKL,CHK1,CHEK1
MLK,-0.8383333333333334,39,KRSA,0.5005213764337852,3,TKL,MLK,ILK,ILK
MLK,-0.8383333333333334,39,KRSA,0.5005213764337852,3,TKL,MLK,MLK,MAP3K10
MLK,-0.8383333333333334,39,KRSA,0.5005213764337852,3,TKL,MLK,MLK,MAP3K11
MLK,-0.8383333333333334,39,KRSA,0.5005213764337852,3,TKL,MLK,LZK,MAP3K12
MLK,-0.8383333333333334,39,KRSA,0.5005213764337852,3,TKL,MLK,LZK,MAP3K13
MLK,-0.8383333333333334,39,KRSA,0.5005213764337852,3,TKL,MLK,MLK,MAP3K9
MLK,-0.8383333333333334,39,KRSA,0.5005213764337852,3,TKL,MLK,HH498,TNNI3K
CK1,-0.9975,34,KRSA,0.5630865484880083,3,CK1,CK1,CK1-A,CSNK1A1
CK1,-0.9975,34,KRSA,0.5630865484880083,3,CK1,CK1,CK1-A,CSNK1A1L
CK1,-0.9975,34,KRSA,0.5630865484880083,3,CK1,CK1,CK1-D,CSNK1D
CK1,-0.9975,34,KRSA,0.5630865484880083,3,CK1,CK1,CK1-D,CSNK1E
CK1,-0.9975,34,KRSA,0.5630865484880083,3,CK1,CK1,CK1-G,CSNK1G1
CK1,-0.9975,34,KRSA,0.5630865484880083,3,CK1,CK1,CK1-G,CSNK1G2
CK1,-0.9975,34,KRSA,0.5630865484880083,3,CK1,CK1,CK1-G,CSNK1G3
CK1,-0.9975,34,KRSA,0.5630865484880083,3,CK1,TTBK,TTBK,TTBK1
CK1,-0.9975,34,KRSA,0.5630865484880083,3,CK1,TTBK,TTBK,TTBK2
CK1,-0.9975,34,KRSA,0.5630865484880083,3,CK1,VRK,VRK,VRK3
KHS,0.26,68,KRSA,0.1251303441084463,1,STE,STE20,KHS,MAP4K1
KHS,0.26,68,KRSA,0.1251303441084463,1,STE,STE20,KHS,MAP4K2
KHS,0.26,68,KRSA,0.1251303441084463,1,STE,STE20,KHS,MAP4K3
KHS,0.26,68,KRSA,0.1251303441084463,1,STE,STE20,KHS,MAP4K5
PRKDC,-0.8166666666666667,43,KRSA,0.4504692387904067,2,ATYPICAL,PIKK,DNAPK,PRKDC
BRSK,0.3341666666666666,67,KRSA,0.13764337851929093,1,CAMK,CAMKL,BRSK,BRSK1
BRSK,0.3341666666666666,67,KRSA,0.13764337851929093,1,CAMK,CAMKL,BRSK,BRSK2
WNK,-0.7491666666666666,46,KRSA,0.4129301355578728,2,OTHER,WNK,WNK,WNK1
WNK,-0.7491666666666666,46,KRSA,0.4129301355578728,2,OTHER,WNK,WNK,WNK2
WNK,-0.7491666666666666,46,KRSA,0.4129301355578728,2,OTHER,WNK,WNK,WNK3
WNK,-0.7491666666666666,46,KRSA,0.4129301355578728,2,OTHER,WNK,WNK,WNK4
CLK,-0.74,50,KRSA,0.35036496350364965,2,CMGC,CLK,CLK,CLK1
CLK,-0.74,50,KRSA,0.35036496350364965,2,CMGC,CLK,CLK,CLK2
CLK,-0.74,50,KRSA,0.35036496350364965,2,CMGC,CLK,CLK,CLK3
CLK,-0.74,50,KRSA,0.35036496350364965,2,CMGC,CLK,CLK,CLK4
NIK,-0.7433333333333334,48,KRSA,0.3753910323253389,2,STE,STE-UNIQUE,STE-UNIQUE,MAP3K14
SLK,0.47,60,KRSA,0.22523461939520334,1,STE,STE20,SLK,SLK
SLK,0.47,60,KRSA,0.22523461939520334,1,STE,STE20,SLK,STK10
TAO,-0.41833333333333333,62,KRSA,0.20020855057351408,1,STE,STE20,TAO,TAOK1
TAO,-0.41833333333333333,62,KRSA,0.20020855057351408,1,STE,STE20,TAO,TAOK2
TAO,-0.41833333333333333,62,KRSA,0.20020855057351408,1,STE,STE20,TAO,TAOK3
CAMKK,-0.7408333333333333,49,KRSA,0.36287799791449427,2,OTHER,CAMKK,META,CAMKK1
CAMKK,-0.7408333333333333,49,KRSA,0.36287799791449427,2,OTHER,CAMKK,META,CAMKK2
STKR,-0.00333333333333334,77,KRSA,0,1,TKL,STKR,TYPE1,ACVR1
STKR,-0.00333333333333334,77,KRSA,0,1,TKL,STKR,TYPE1,ACVR1B
STKR,-0.00333333333333334,77,KRSA,0,1,TKL,STKR,TYPE1,ACVR1C
STKR,-0.00333333333333334,77,KRSA,0,1,TKL,STKR,TYPE2,ACVR2A
STKR,-0.00333333333333334,77,KRSA,0,1,TKL,STKR,TYPE2,ACVR2B
STKR,-0.00333333333333334,77,KRSA,0,1,TKL,STKR,TYPE1,ACVRL1
STKR,-0.00333333333333334,77,KRSA,0,1,TKL,STKR,TYPE2,AMHR2
STKR,-0.00333333333333334,77,KRSA,0,1,TKL,STKR,TYPE1,BMPR1A
STKR,-0.00333333333333334,77,KRSA,0,1,TKL,STKR,TYPE1,BMPR1B
STKR,-0.00333333333333334,77,KRSA,0,1,TKL,STKR,TYPE2,BMPR2
STKR,-0.00333333333333334,77,KRSA,0,1,TKL,STKR,TYPE1,TGFBR1
STKR,-0.00333333333333334,77,KRSA,0,1,TKL,STKR,TYPE2,TGFBR2
BUD32,-0.7483333333333333,47,KRSA,0.38790406673618355,2,OTHER,BUD32,BUD32,TP53RK
ULK,-0.7483333333333333,47,KRSA,0.38790406673618355,2,OTHER,ULK,FUSED,STK36
ULK,-0.7483333333333333,47,KRSA,0.38790406673618355,2,OTHER,ULK,ULK,ULK1
ULK,-0.7483333333333333,47,KRSA,0.38790406673618355,2,OTHER,ULK,ULK,ULK2
ULK,-0.7483333333333333,47,KRSA,0.38790406673618355,2,OTHER,ULK,ULK,ULK3
ULK,-0.7483333333333333,47,KRSA,0.38790406673618355,2,OTHER,ULK,ULK,ULK4
IKK,-0.8725,37,KRSA,0.5255474452554745,3,OTHER,IKK,IKK,CHUK
IKK,-0.8725,37,KRSA,0.5255474452554745,3,OTHER,IKK,IKK,IKBKB
IKK,-0.8725,37,KRSA,0.5255474452554745,3,OTHER,IKK,IKK,IKBKE
IKK,-0.8725,37,KRSA,0.5255474452554745,3,OTHER,IKK,IKK,TBK1
PHK,-1.2608333333333333,22,KRSA,0.7132429614181439,3,CAMK,PHK,PHK,PHKG1
PHK,-1.2608333333333333,22,KRSA,0.7132429614181439,3,CAMK,PHK,PHK,PHKG2
SGK,-0.42916666666666664,61,KRSA,0.2127215849843587,1,AGC,SGK,SGK,SGK1
SGK,-0.42916666666666664,61,KRSA,0.2127215849843587,1,AGC,SGK,SGK,SGK2
SGK,-0.42916666666666664,61,KRSA,0.2127215849843587,1,AGC,SGK,SGK,SGK3
NEK,-0.4816666666666667,59,KRSA,0.23774765380604795,1,OTHER,NEK,NEK11,NEK11
NEK,-0.4816666666666667,59,KRSA,0.23774765380604795,1,OTHER,NEK,NEK2,NEK2
NEK,-0.4816666666666667,59,KRSA,0.23774765380604795,1,OTHER,NEK,NEK1,NEK3
NEK,-0.4816666666666667,59,KRSA,0.23774765380604795,1,OTHER,NEK,NEK4,NEK4
NEK,-0.4816666666666667,59,KRSA,0.23774765380604795,1,OTHER,NEK,NEK1,NEK5
NEK,-0.4816666666666667,59,KRSA,0.23774765380604795,1,OTHER,NEK,NEK6,NEK6
NEK,-0.4816666666666667,59,KRSA,0.23774765380604795,1,OTHER,NEK,NEK6,NEK7
NEK,-0.4816666666666667,59,KRSA,0.23774765380604795,1,OTHER,NEK,NEK8,NEK8
NEK,-0.4816666666666667,59,KRSA,0.23774765380604795,1,OTHER,NEK,NEK8,NEK9
AUR,-0.20083333333333336,69,KRSA,0.10010427528675704,1,OTHER,AUR,AUR,AURKA
AUR,-0.20083333333333336,69,KRSA,0.10010427528675704,1,OTHER,AUR,AUR,AURKB
AUR,-0.20083333333333336,69,KRSA,0.10010427528675704,1,OTHER,AUR,AUR,AURKC
PKCA,-1.9883333333333333,13,KRSA,0.8383733055265902,4,AGC,PKC,ALPHA,PRKCA
PKCA,-1.9883333333333333,13,KRSA,0.8383733055265902,4,AGC,PKC,ALPHA,PRKCB
PKCA,-1.9883333333333333,13,KRSA,0.8383733055265902,4,AGC,PKC,ALPHA,PRKCG
DMPK,-0.7091666666666667,52,KRSA,0.32533889468196037,2,AGC,DMPK,GEK,CDC42BPA
DMPK,-0.7091666666666667,52,KRSA,0.32533889468196037,2,AGC,DMPK,GEK,CDC42BPB
DMPK,-0.7091666666666667,52,KRSA,0.32533889468196037,2,AGC,DMPK,GEK,CDC42BPG
DMPK,-0.7091666666666667,52,KRSA,0.32533889468196037,2,AGC,DMPK,CRIK,CIT
DMPK,-0.7091666666666667,52,KRSA,0.32533889468196037,2,AGC,DMPK,GEK,DMPK
DMPK,-0.7091666666666667,52,KRSA,0.32533889468196037,2,AGC,DMPK,ROCK,ROCK1
DMPK,-0.7091666666666667,52,KRSA,0.32533889468196037,2,AGC,DMPK,ROCK,ROCK2
GRK,0.1208333333333333,75,KRSA,0.02502606882168926,1,AGC,GRK,GRK,GRK1
GRK,0.1208333333333333,75,KRSA,0.02502606882168926,1,AGC,GRK,GRK,GRK4
GRK,0.1208333333333333,75,KRSA,0.02502606882168926,1,AGC,GRK,GRK,GRK5
GRK,0.1208333333333333,75,KRSA,0.02502606882168926,1,AGC,GRK,GRK,GRK6
GRK,0.1208333333333333,75,KRSA,0.02502606882168926,1,AGC,GRK,GRK,GRK7
CK2,0.3908333333333333,64,KRSA,0.17518248175182483,1,CMGC,CK2,CK2,CSNK2A1
CK2,0.3908333333333333,64,KRSA,0.17518248175182483,1,CMGC,CK2,CK2,CSNK2A2
CK2,0.3908333333333333,64,KRSA,0.17518248175182483,1,NA,NA,NA,CSNK2A3
ATM,-0.6191666666666666,56,KRSA,0.27528675703858185,2,ATYPICAL,PIKK,ATM,ATM
IRAK,-0.4083333333333333,63,KRSA,0.18769551616266944,1,TKL,IRAK,IRAK,IRAK1
IRAK,-0.4083333333333333,63,KRSA,0.18769551616266944,1,TKL,IRAK,IRAK,IRAK2
IRAK,-0.4083333333333333,63,KRSA,0.18769551616266944,1,TKL,IRAK,IRAK,IRAK3
IRAK,-0.4083333333333333,63,KRSA,0.18769551616266944,1,TKL,IRAK,IRAK,IRAK4
COT,0.20083333333333336,69,KRSA,0.10010427528675704,1,STE,STE-UNIQUE,STE-UNIQUE,MAP3K8
AKT,0.12500000000000008,74,KRSA,0.03753910323253389,1,AGC,AKT,AKT,AKT1
AKT,0.12500000000000008,74,KRSA,0.03753910323253389,1,AGC,AKT,AKT,AKT2
AKT,0.12500000000000008,74,KRSA,0.03753910323253389,1,AGC,AKT,AKT,AKT3
PEK,-2.6158333333333332,10,KRSA,0.8759124087591241,4,OTHER,PEK,HRI,EIF2AK1
PEK,-2.6158333333333332,10,KRSA,0.8759124087591241,4,OTHER,PEK,PKR,EIF2AK2
PEK,-2.6158333333333332,10,KRSA,0.8759124087591241,4,OTHER,PEK,PEK,EIF2AK3
PEK,-2.6158333333333332,10,KRSA,0.8759124087591241,4,OTHER,PEK,GCN2,EIF2AK4
PDK1,-3.658333333333333,3,KRSA,0.9635036496350365,4,ATYPICAL,PDHK,PDHK,PDK1
PDK1,-3.658333333333333,3,KRSA,0.9635036496350365,4,AGC,PDK1,PDK1,PDPK1
PKCA,-1.9883333333333333,13,KRSA,0.8383733055265902,4,AGC,PKC,ALPHA,PRKCA
PKCA,-1.9883333333333333,13,KRSA,0.8383733055265902,4,AGC,PKC,ALPHA,PRKCB
PKCA,-1.9883333333333333,13,KRSA,0.8383733055265902,4,AGC,PKC,ALPHA,PRKCG
NMO,-2.370833333333333,11,KRSA,0.8633993743482794,4,CMGC,MAPK,NMO,NLK
ERK,-4.105833333333333,1,KRSA,0.9885297184567258,4,CMGC,MAPK,ERK1,MAPK1
ERK,-4.105833333333333,1,KRSA,0.9885297184567258,4,CMGC,MAPK,ERK7,MAPK15
ERK,-4.105833333333333,1,KRSA,0.9885297184567258,4,CMGC,MAPK,ERK1,MAPK3
ERK,-4.105833333333333,1,KRSA,0.9885297184567258,4,CMGC,MAPK,ERK3,MAPK4
ERK,-4.105833333333333,1,KRSA,0.9885297184567258,4,CMGC,MAPK,ERK3,MAPK6
ERK,-4.105833333333333,1,KRSA,0.9885297184567258,4,CMGC,MAPK,ERK5,MAPK7
CDK,-3.195,6,KRSA,0.9259645464025026,4,CMGC,CDK,CDC2,CDK1
CDK,-3.195,6,KRSA,0.9259645464025026,4,CMGC,CDK,CDK10,CDK10
CDK,-3.195,6,KRSA,0.9259645464025026,4,CMGC,CDK,CRK7,CDK12
CDK,-3.195,6,KRSA,0.9259645464025026,4,CMGC,CDK,CRK7,CDK13
CDK,-3.195,6,KRSA,0.9259645464025026,4,CMGC,CDK,PFTAIRE,CDK14
CDK,-3.195,6,KRSA,0.9259645464025026,4,CMGC,CDK,PFTAIRE,CDK15
CDK,-3.195,6,KRSA,0.9259645464025026,4,CMGC,CDK,PCTAIRE,CDK16
CDK,-3.195,6,KRSA,0.9259645464025026,4,CMGC,CDK,PCTAIRE,CDK17
CDK,-3.195,6,KRSA,0.9259645464025026,4,CMGC,CDK,PCTAIRE,CDK18
CDK,-3.195,6,KRSA,0.9259645464025026,4,CMGC,CDK,CDK8,CDK19
CDK,-3.195,6,KRSA,0.9259645464025026,4,CMGC,CDK,CDC2,CDK2
CDK,-3.195,6,KRSA,0.9259645464025026,4,CMGC,CDK,CCRK,CDK20
CDK,-3.195,6,KRSA,0.9259645464025026,4,CMGC,CDK,CDC2,CDK3
CDK,-3.195,6,KRSA,0.9259645464025026,4,CMGC,CDK,CDK4,CDK4
CDK,-3.195,6,KRSA,0.9259645464025026,4,CMGC,CDK,CDK5,CDK5
CDK,-3.195,6,KRSA,0.9259645464025026,4,CMGC,CDK,CDK4,CDK6
CDK,-3.195,6,KRSA,0.9259645464025026,4,CMGC,CDK,CDK7,CDK7
CDK,-3.195,6,KRSA,0.9259645464025026,4,CMGC,CDK,CDK8,CDK8
CDK,-3.195,6,KRSA,0.9259645464025026,4,CMGC,CDK,CDK9,CDK9
CDK,-3.195,6,KRSA,0.9259645464025026,4,NA,NA,NA,CDK11A
CDK,-3.195,6,KRSA,0.9259645464025026,4,NA,NA,NA,CDK11B
JNK,-3.5225,4,KRSA,0.9509906152241918,4,CMGC,MAPK,JNK,MAPK10
JNK,-3.5225,4,KRSA,0.9509906152241918,4,CMGC,MAPK,JNK,MAPK8
JNK,-3.5225,4,KRSA,0.9509906152241918,4,CMGC,MAPK,JNK,MAPK9
DYRK,-3.788333333333333,2,KRSA,0.9760166840458812,4,CMGC,DYRK,DYRK1,DYRK1A
DYRK,-3.788333333333333,2,KRSA,0.9760166840458812,4,CMGC,DYRK,DYRK1,DYRK1B
DYRK,-3.788333333333333,2,KRSA,0.9760166840458812,4,CMGC,DYRK,DYRK2,DYRK2
DYRK,-3.788333333333333,2,KRSA,0.9760166840458812,4,CMGC,DYRK,DYRK2,DYRK3
DYRK,-3.788333333333333,2,KRSA,0.9760166840458812,4,CMGC,DYRK,DYRK2,DYRK4
DYRK,-3.788333333333333,2,KRSA,0.9760166840458812,4,CMGC,DYRK,HIPK,HIPK1
DYRK,-3.788333333333333,2,KRSA,0.9760166840458812,4,CMGC,DYRK,HIPK,HIPK2
DYRK,-3.788333333333333,2,KRSA,0.9760166840458812,4,CMGC,DYRK,HIPK,HIPK3
DYRK,-3.788333333333333,2,KRSA,0.9760166840458812,4,CMGC,DYRK,HIPK,HIPK4
DYRK,-3.788333333333333,2,KRSA,0.9760166840458812,4,CMGC,DYRK,PRP4,PRPF4B
PHK,-1.2608333333333333,22,KRSA,0.7132429614181439,3,CAMK,PHK,PHK,PHKG1
PHK,-1.2608333333333333,22,KRSA,0.7132429614181439,3,CAMK,PHK,PHK,PHKG2
FRAY,-1.3633333333333333,19,KRSA,0.7507820646506778,4,STE,STE20,FRAY,OXSR1
FRAY,-1.3633333333333333,19,KRSA,0.7507820646506778,4,STE,STE20,FRAY,STK39
DMPK,-0.7091666666666667,52,KRSA,0.32533889468196037,2,AGC,DMPK,GEK,CDC42BPA
DMPK,-0.7091666666666667,52,KRSA,0.32533889468196037,2,AGC,DMPK,GEK,CDC42BPB
DMPK,-0.7091666666666667,52,KRSA,0.32533889468196037,2,AGC,DMPK,GEK,CDC42BPG
DMPK,-0.7091666666666667,52,KRSA,0.32533889468196037,2,AGC,DMPK,CRIK,CIT
DMPK,-0.7091666666666667,52,KRSA,0.32533889468196037,2,AGC,DMPK,GEK,DMPK
DMPK,-0.7091666666666667,52,KRSA,0.32533889468196037,2,AGC,DMPK,ROCK,ROCK1
DMPK,-0.7091666666666667,52,KRSA,0.32533889468196037,2,AGC,DMPK,ROCK,ROCK2
P38,-3.0383333333333336,8,KRSA,0.9009384775808134,4,CMGC,MAPK,P38,MAPK11
P38,-3.0383333333333336,8,KRSA,0.9009384775808134,4,CMGC,MAPK,P38,MAPK12
P38,-3.0383333333333336,8,KRSA,0.9009384775808134,4,CMGC,MAPK,P38,MAPK13
P38,-3.0383333333333336,8,KRSA,0.9009384775808134,4,CMGC,MAPK,P38,MAPK14
MTOR,-1.846666666666667,16,KRSA,0.8008342022940563,4,ATYPICAL,PIKK,FRAP,MTOR
STE7,-1.4516666666666669,17,KRSA,0.7883211678832117,4,STE,STE7,MEK1,MAP2K1
STE7,-1.4516666666666669,17,KRSA,0.7883211678832117,4,STE,STE7,MEK1,MAP2K2
STE7,-1.4516666666666669,17,KRSA,0.7883211678832117,4,STE,STE7,MEK3,MAP2K3
STE7,-1.4516666666666669,17,KRSA,0.7883211678832117,4,STE,STE7,MEK4,MAP2K4
STE7,-1.4516666666666669,17,KRSA,0.7883211678832117,4,STE,STE7,MEK5,MAP2K5
STE7,-1.4516666666666669,17,KRSA,0.7883211678832117,4,STE,STE7,MEK3,MAP2K6
STE7,-1.4516666666666669,17,KRSA,0.7883211678832117,4,STE,STE7,MEK7,MAP2K7
RAF,-2.1,12,KRSA,0.8508863399374348,4,TKL,RAF,RAF,ARAF
RAF,-2.1,12,KRSA,0.8508863399374348,4,TKL,RAF,RAF,BRAF
RAF,-2.1,12,KRSA,0.8508863399374348,4,TKL,RAF,KSR,KSR1
RAF,-2.1,12,KRSA,0.8508863399374348,4,TKL,RAF,KSR,KSR2
RAF,-2.1,12,KRSA,0.8508863399374348,4,TKL,RAF,RAF,RAF1
IKK,-0.8725,37,KRSA,0.5255474452554745,3,OTHER,IKK,IKK,CHUK
IKK,-0.8725,37,KRSA,0.5255474452554745,3,OTHER,IKK,IKK,IKBKB
IKK,-0.8725,37,KRSA,0.5255474452554745,3,OTHER,IKK,IKK,IKBKE
IKK,-0.8725,37,KRSA,0.5255474452554745,3,OTHER,IKK,IKK,TBK1
PLK,-2.650833333333334,9,KRSA,0.8884254431699687,4,NA,NA,NA,PLK5
PLK,-2.650833333333334,9,KRSA,0.8884254431699687,4,OTHER,PLK,PLK1,PLK1
PLK,-2.650833333333334,9,KRSA,0.8884254431699687,4,OTHER,PLK,PLK2,PLK2
PLK,-2.650833333333334,9,KRSA,0.8884254431699687,4,OTHER,PLK,PLK2,PLK3
PLK,-2.650833333333334,9,KRSA,0.8884254431699687,4,OTHER,PLK,SAK,PLK4
PDHK,0.18083333333333343,70,KRSA,0.08759124087591241,1,ATYPICAL,PDHK,BCKDK,BCKDK
PDHK,0.18083333333333343,70,KRSA,0.08759124087591241,1,ATYPICAL,PDHK,PDHK,PDK2
PDHK,0.18083333333333343,70,KRSA,0.08759124087591241,1,ATYPICAL,PDHK,PDHK,PDK3
PDHK,0.18083333333333343,70,KRSA,0.08759124087591241,1,ATYPICAL,PDHK,PDHK,PDK4
LKB,-1.285,21,KRSA,0.7257559958289885,3,CAMK,CAMKL,LKB,STK11
DAPK,-1.1416666666666666,25,KRSA,0.67570385818561,3,CAMK,DAPK,DAPK,DAPK1
DAPK,-1.1416666666666666,25,KRSA,0.67570385818561,3,CAMK,DAPK,DAPK,DAPK2
DAPK,-1.1416666666666666,25,KRSA,0.67570385818561,3,CAMK,DAPK,DAPK,DAPK3
DAPK,-1.1416666666666666,25,KRSA,0.67570385818561,3,CAMK,DAPK,DRAK,STK17A
DAPK,-1.1416666666666666,25,KRSA,0.67570385818561,3,CAMK,DAPK,DRAK,STK17B
CAMK1,1.893333333333333,15,KRSA,0.8133472367049009,4,CAMK,CAMK1,CAMK1,CAMK1
CAMK1,1.893333333333333,15,KRSA,0.8133472367049009,4,CAMK,CAMK1,CAMK1,CAMK1D
CAMK1,1.893333333333333,15,KRSA,0.8133472367049009,4,CAMK,CAMK1,CAMK1,CAMK1G
CAMK1,1.893333333333333,15,KRSA,0.8133472367049009,4,CAMK,CAMK1,CAMK1,CAMK4
CAMK1,1.893333333333333,15,KRSA,0.8133472367049009,4,CAMK,CAMK1,CAMK1,PNCK
PKG,3.2,5,KRSA,0.9384775808133472,4,AGC,PKG,PKG,PRKG1
PKG,3.2,5,KRSA,0.9384775808133472,4,AGC,PKG,PKG,PRKG2
GSK,-1.1525,24,KRSA,0.6882168925964547,3,CMGC,GSK,GSK,GSK3A
GSK,-1.1525,24,KRSA,0.6882168925964547,3,CMGC,GSK,GSK,GSK3B
TTK,-1.0658333333333334,31,KRSA,0.6006256517205423,3,OTHER,TTK,TTK,TTK
QIK,-1.2875,20,KRSA,0.7382690302398331,3,CAMK,CAMKL,QIK,SIK1
QIK,-1.2875,20,KRSA,0.7382690302398331,3,CAMK,CAMKL,QIK,SIK2
TLK,-1.0716666666666668,29,KRSA,0.6256517205422315,3,OTHER,TLK,TLK,TLK1
TLK,-1.0716666666666668,29,KRSA,0.6256517205422315,3,OTHER,TLK,TLK,TLK2
NUAK,-1.0683333333333334,30,KRSA,0.6131386861313869,3,CAMK,CAMKL,NUAK,NUAK1
NUAK,-1.0683333333333334,30,KRSA,0.6131386861313869,3,CAMK,CAMKL,NUAK,NUAK2
MLK,-0.8383333333333334,39,KRSA,0.5005213764337852,3,TKL,MLK,ILK,ILK
MLK,-0.8383333333333334,39,KRSA,0.5005213764337852,3,TKL,MLK,MLK,MAP3K10
MLK,-0.8383333333333334,39,KRSA,0.5005213764337852,3,TKL,MLK,MLK,MAP3K11
MLK,-0.8383333333333334,39,KRSA,0.5005213764337852,3,TKL,MLK,LZK,MAP3K12
MLK,-0.8383333333333334,39,KRSA,0.5005213764337852,3,TKL,MLK,LZK,MAP3K13
MLK,-0.8383333333333334,39,KRSA,0.5005213764337852,3,TKL,MLK,MLK,MAP3K9
MLK,-0.8383333333333334,39,KRSA,0.5005213764337852,3,TKL,MLK,HH498,TNNI3K
AKT,0.12500000000000008,74,KRSA,0.03753910323253389,1,AGC,AKT,AKT,AKT1
AKT,0.12500000000000008,74,KRSA,0.03753910323253389,1,AGC,AKT,AKT,AKT2
AKT,0.12500000000000008,74,KRSA,0.03753910323253389,1,AGC,AKT,AKT,AKT3
MELK,-0.8533333333333333,38,KRSA,0.5130344108446299,3,CAMK,CAMKL,MELK,MELK
CK1,-0.9975,34,KRSA,0.5630865484880083,3,CK1,CK1,CK1-A,CSNK1A1
CK1,-0.9975,34,KRSA,0.5630865484880083,3,CK1,CK1,CK1-A,CSNK1A1L
CK1,-0.9975,34,KRSA,0.5630865484880083,3,CK1,CK1,CK1-D,CSNK1D
CK1,-0.9975,34,KRSA,0.5630865484880083,3,CK1,CK1,CK1-D,CSNK1E
CK1,-0.9975,34,KRSA,0.5630865484880083,3,CK1,CK1,CK1-G,CSNK1G1
CK1,-0.9975,34,KRSA,0.5630865484880083,3,CK1,CK1,CK1-G,CSNK1G2
CK1,-0.9975,34,KRSA,0.5630865484880083,3,CK1,CK1,CK1-G,CSNK1G3
CK1,-0.9975,34,KRSA,0.5630865484880083,3,CK1,TTBK,TTBK,TTBK1
CK1,-0.9975,34,KRSA,0.5630865484880083,3,CK1,TTBK,TTBK,TTBK2
CK1,-0.9975,34,KRSA,0.5630865484880083,3,CK1,VRK,VRK,VRK3
HAL,0.8341666666666666,40,KRSA,0.4880083420229406,2,RGC,RGC,RGC,NPR1
ATR,-1.365,18,KRSA,0.7632950990615224,4,ATYPICAL,PIKK,ATR,ATR
ATM,-0.6191666666666666,56,KRSA,0.27528675703858185,2,ATYPICAL,PIKK,ATM,ATM
MSN,-0.11916666666666674,76,KRSA,0.01251303441084463,1,STE,STE20,MSN,MAP4K4
MSN,-0.11916666666666674,76,KRSA,0.01251303441084463,1,STE,STE20,MSN,NRK
MSN,-0.11916666666666674,76,KRSA,0.01251303441084463,1,STE,STE20,MSN,TNIK
COT,0.20083333333333336,69,KRSA,0.10010427528675704,1,STE,STE-UNIQUE,STE-UNIQUE,MAP3K8
RSK,1.0816666666666668,27,KRSA,0.6506777893639207,3,AGC,RSK,RSK,RPS6KA1
RSK,1.0816666666666668,27,KRSA,0.6506777893639207,3,AGC,RSK,RSK,RPS6KA2
RSK,1.0816666666666668,27,KRSA,0.6506777893639207,3,AGC,RSK,RSK,RPS6KA3
RSK,1.0816666666666668,27,KRSA,0.6506777893639207,3,AGC,RSK,MSK,RPS6KA4
RSK,1.0816666666666668,27,KRSA,0.6506777893639207,3,AGC,RSK,MSK,RPS6KA5
RSK,1.0816666666666668,27,KRSA,0.6506777893639207,3,AGC,RSK,RSK,RPS6KA6
RSK,1.0816666666666668,27,KRSA,0.6506777893639207,3,AGC,RSK,P70,RPS6KB1
RSK,1.0816666666666668,27,KRSA,0.6506777893639207,3,AGC,RSK,P70,RPS6KB2
MLCK,-0.4858333333333332,58,KRSA,0.2502606882168926,2,CAMK,MLCK,MLCK,MYLK
MLCK,-0.4858333333333332,58,KRSA,0.2502606882168926,2,CAMK,MLCK,MLCK,MYLK2
MLCK,-0.4858333333333332,58,KRSA,0.2502606882168926,2,CAMK,MLCK,MLCK,TTN
BUD32,-0.7483333333333333,47,KRSA,0.38790406673618355,2,OTHER,BUD32,BUD32,TP53RK
NIK,-0.7433333333333334,48,KRSA,0.3753910323253389,2,STE,STE-UNIQUE,STE-UNIQUE,MAP3K14
ULK,-0.7483333333333333,47,KRSA,0.38790406673618355,2,OTHER,ULK,FUSED,STK36
ULK,-0.7483333333333333,47,KRSA,0.38790406673618355,2,OTHER,ULK,ULK,ULK1
ULK,-0.7483333333333333,47,KRSA,0.38790406673618355,2,OTHER,ULK,ULK,ULK2
ULK,-0.7483333333333333,47,KRSA,0.38790406673618355,2,OTHER,ULK,ULK,ULK3
ULK,-0.7483333333333333,47,KRSA,0.38790406673618355,2,OTHER,ULK,ULK,ULK4
WNK,-0.7491666666666666,46,KRSA,0.4129301355578728,2,OTHER,WNK,WNK,WNK1
WNK,-0.7491666666666666,46,KRSA,0.4129301355578728,2,OTHER,WNK,WNK,WNK2
WNK,-0.7491666666666666,46,KRSA,0.4129301355578728,2,OTHER,WNK,WNK,WNK3
WNK,-0.7491666666666666,46,KRSA,0.4129301355578728,2,OTHER,WNK,WNK,WNK4
TAO,-0.41833333333333333,62,KRSA,0.20020855057351408,1,STE,STE20,TAO,TAOK1
TAO,-0.41833333333333333,62,KRSA,0.20020855057351408,1,STE,STE20,TAO,TAOK2
TAO,-0.41833333333333333,62,KRSA,0.20020855057351408,1,STE,STE20,TAO,TAOK3
CHK1,0.34833333333333333,66,KRSA,0.15015641293013557,1,CAMK,CAMKL,CHK1,CHEK1
CLK,-0.74,50,KRSA,0.35036496350364965,2,CMGC,CLK,CLK,CLK1
CLK,-0.74,50,KRSA,0.35036496350364965,2,CMGC,CLK,CLK,CLK2
CLK,-0.74,50,KRSA,0.35036496350364965,2,CMGC,CLK,CLK,CLK3
CLK,-0.74,50,KRSA,0.35036496350364965,2,CMGC,CLK,CLK,CLK4
PASK,0.6816666666666666,54,KRSA,0.30031282586027114,2,CAMK,CAMKL,PASK,PASK
CAMKK,-0.7408333333333333,49,KRSA,0.36287799791449427,2,OTHER,CAMKK,META,CAMKK1
CAMKK,-0.7408333333333333,49,KRSA,0.36287799791449427,2,OTHER,CAMKK,META,CAMKK2
STE11,-0.7966666666666666,44,KRSA,0.43795620437956206,2,TKL,MLK,TAK1,MAP3K7
STE11,-0.7966666666666666,44,KRSA,0.43795620437956206,2,STE,STE11,MEKK1,MAP3K1
STE11,-0.7966666666666666,44,KRSA,0.43795620437956206,2,STE,STE11,ASK,MAP3K15
STE11,-0.7966666666666666,44,KRSA,0.43795620437956206,2,STE,STE11,MEKK2,MAP3K2
STE11,-0.7966666666666666,44,KRSA,0.43795620437956206,2,STE,STE11,MEKK2,MAP3K3
STE11,-0.7966666666666666,44,KRSA,0.43795620437956206,2,STE,STE11,MEKK4,MAP3K4
STE11,-0.7966666666666666,44,KRSA,0.43795620437956206,2,STE,STE11,ASK,MAP3K5
STE11,-0.7966666666666666,44,KRSA,0.43795620437956206,2,STE,STE11,ASK,MAP3K6
PKD,0.5591666666666667,57,KRSA,0.26277372262773724,2,CAMK,PKD,PKD,PRKD1
PKD,0.5591666666666667,57,KRSA,0.26277372262773724,2,CAMK,PKD,PKD,PRKD2
PKD,0.5591666666666667,57,KRSA,0.26277372262773724,2,CAMK,PKD,PKD,PRKD3
SLK,0.47,60,KRSA,0.22523461939520334,1,STE,STE20,SLK,SLK
SLK,0.47,60,KRSA,0.22523461939520334,1,STE,STE20,SLK,STK10
KHS,0.26,68,KRSA,0.1251303441084463,1,STE,STE20,KHS,MAP4K1
KHS,0.26,68,KRSA,0.1251303441084463,1,STE,STE20,KHS,MAP4K2
KHS,0.26,68,KRSA,0.1251303441084463,1,STE,STE20,KHS,MAP4K3
KHS,0.26,68,KRSA,0.1251303441084463,1,STE,STE20,KHS,MAP4K5
BRSK,0.3341666666666666,67,KRSA,0.13764337851929093,1,CAMK,CAMKL,BRSK,BRSK1
BRSK,0.3341666666666666,67,KRSA,0.13764337851929093,1,CAMK,CAMKL,BRSK,BRSK2
MOS,1.0025,33,KRSA,0.5755995828988529,3,OTHER,MOS,MOS,MOS
IRAK,-0.4083333333333333,63,KRSA,0.18769551616266944,1,TKL,IRAK,IRAK,IRAK1
IRAK,-0.4083333333333333,63,KRSA,0.18769551616266944,1,TKL,IRAK,IRAK,IRAK2
IRAK,-0.4083333333333333,63,KRSA,0.18769551616266944,1,TKL,IRAK,IRAK,IRAK3
IRAK,-0.4083333333333333,63,KRSA,0.18769551616266944,1,TKL,IRAK,IRAK,IRAK4
PKCH,-1.1291666666666669,26,KRSA,0.6631908237747653,3,AGC,PKC,ETA,PRKCE
PKCH,-1.1291666666666669,26,KRSA,0.6631908237747653,3,AGC,PKC,ETA,PRKCH
PAKA,0.7508333333333334,45,KRSA,0.4254431699687174,2,STE,STE20,PAKA,PAK1
PAKA,0.7508333333333334,45,KRSA,0.4254431699687174,2,STE,STE20,PAKA,PAK2
PAKA,0.7508333333333334,45,KRSA,0.4254431699687174,2,STE,STE20,PAKA,PAK3
RAD53,1.215,23,KRSA,0.7007299270072993,3,CAMK,RAD53,RAD53,CHEK2
PKA,3.111666666666667,7,KRSA,0.913451511991658,4,AGC,PKA,PKA,PRKACA
PKA,3.111666666666667,7,KRSA,0.913451511991658,4,AGC,PKA,PKA,PRKACB
PKA,3.111666666666667,7,KRSA,0.913451511991658,4,AGC,PKA,PKA,PRKACG
PKA,3.111666666666667,7,KRSA,0.913451511991658,4,AGC,PKA,PKA,PRKX
PKA,3.111666666666667,7,KRSA,0.913451511991658,4,AGC,PKA,PKA,PRKY
MST,-1.9258333333333333,14,KRSA,0.8258602711157456,4,STE,STE20,MST,STK3
MST,-1.9258333333333333,14,KRSA,0.8258602711157456,4,STE,STE20,MST,STK4
NEK,-0.4816666666666667,59,KRSA,0.23774765380604795,1,OTHER,NEK,NEK11,NEK11
NEK,-0.4816666666666667,59,KRSA,0.23774765380604795,1,OTHER,NEK,NEK2,NEK2
NEK,-0.4816666666666667,59,KRSA,0.23774765380604795,1,OTHER,NEK,NEK1,NEK3
NEK,-0.4816666666666667,59,KRSA,0.23774765380604795,1,OTHER,NEK,NEK4,NEK4
NEK,-0.4816666666666667,59,KRSA,0.23774765380604795,1,OTHER,NEK,NEK1,NEK5
NEK,-0.4816666666666667,59,KRSA,0.23774765380604795,1,OTHER,NEK,NEK6,NEK6
NEK,-0.4816666666666667,59,KRSA,0.23774765380604795,1,OTHER,NEK,NEK6,NEK7
NEK,-0.4816666666666667,59,KRSA,0.23774765380604795,1,OTHER,NEK,NEK8,NEK8
NEK,-0.4816666666666667,59,KRSA,0.23774765380604795,1,OTHER,NEK,NEK8,NEK9
NDR,0.16416666666666666,73,KRSA,0.05005213764337852,1,AGC,NDR,NDR,LATS1
NDR,0.16416666666666666,73,KRSA,0.05005213764337852,1,AGC,NDR,NDR,LATS2
NDR,0.16416666666666666,73,KRSA,0.05005213764337852,1,AGC,NDR,NDR,STK38
NDR,0.16416666666666666,73,KRSA,0.05005213764337852,1,AGC,NDR,NDR,STK38L
RIPK,0.83,41,KRSA,0.4754953076120959,2,TKL,RIPK,RIPK,ANKK1
RIPK,0.83,41,KRSA,0.4754953076120959,2,TKL,RIPK,RIPK,RIPK1
RIPK,0.83,41,KRSA,0.4754953076120959,2,TKL,RIPK,RIPK,RIPK2
RIPK,0.83,41,KRSA,0.4754953076120959,2,TKL,RIPK,RIPK,RIPK3
RIPK,0.83,41,KRSA,0.4754953076120959,2,TKL,RIPK,RIPK,RIPK4
PIM,0.38833333333333336,65,KRSA,0.16266944734098018,1,CAMK,PIM,PIM,PIM1
PIM,0.38833333333333336,65,KRSA,0.16266944734098018,1,CAMK,PIM,PIM,PIM2
PIM,0.38833333333333336,65,KRSA,0.16266944734098018,1,CAMK,PIM,PIM,PIM3
CK2,0.3908333333333333,64,KRSA,0.17518248175182483,1,CMGC,CK2,CK2,CSNK2A1
CK2,0.3908333333333333,64,KRSA,0.17518248175182483,1,CMGC,CK2,CK2,CSNK2A2
CK2,0.3908333333333333,64,KRSA,0.17518248175182483,1,NA,NA,NA,CSNK2A3
BARK2,-0.17083333333333334,72,KRSA,0.06256517205422316,1,AGC,GRK,BARK,GRK3
PRKDC,-0.8166666666666667,43,KRSA,0.4504692387904067,2,ATYPICAL,PIKK,DNAPK,PRKDC
GRK,0.1208333333333333,75,KRSA,0.02502606882168926,1,AGC,GRK,GRK,GRK1
GRK,0.1208333333333333,75,KRSA,0.02502606882168926,1,AGC,GRK,GRK,GRK4
GRK,0.1208333333333333,75,KRSA,0.02502606882168926,1,AGC,GRK,GRK,GRK5
GRK,0.1208333333333333,75,KRSA,0.02502606882168926,1,AGC,GRK,GRK,GRK6
GRK,0.1208333333333333,75,KRSA,0.02502606882168926,1,AGC,GRK,GRK,GRK7
CAMK2,1.0433333333333334,32,KRSA,0.5881126173096975,3,CAMK,CAMK2,CAMK2,CAMK2A
CAMK2,1.0433333333333334,32,KRSA,0.5881126173096975,3,CAMK,CAMK2,CAMK2,CAMK2B
CAMK2,1.0433333333333334,32,KRSA,0.5881126173096975,3,CAMK,CAMK2,CAMK2,CAMK2D
CAMK2,1.0433333333333334,32,KRSA,0.5881126173096975,3,CAMK,CAMK2,CAMK2,CAMK2G
VRK1,-0.7075,53,KRSA,0.31282586027111575,2,CK1,VRK,VRK,VRK1
NAK,-0.17666666666666672,71,KRSA,0.07507820646506778,1,OTHER,NAK,BIKE,AAK1
NAK,-0.17666666666666672,71,KRSA,0.07507820646506778,1,OTHER,NAK,BIKE,BMP2K
NAK,-0.17666666666666672,71,KRSA,0.07507820646506778,1,OTHER,NAK,GAK,GAK
NAK,-0.17666666666666672,71,KRSA,0.07507820646506778,1,OTHER,NAK,MPSK,STK16
PAKB,-0.7125,51,KRSA,0.337851929092805,2,STE,STE20,PAKB,PAK4
PAKB,-0.7125,51,KRSA,0.337851929092805,2,STE,STE20,PAKB,PAK5
PAKB,-0.7125,51,KRSA,0.337851929092805,2,STE,STE20,PAKB,PAK6
PKN,-0.8225,42,KRSA,0.4629822732012513,2,AGC,PKN,PKN,PKN1
PKN,-0.8225,42,KRSA,0.4629822732012513,2,AGC,PKN,PKN,PKN2
PKN,-0.8225,42,KRSA,0.4629822732012513,2,AGC,PKN,PKN,PKN3
MAPKAPK,0.6341666666666667,55,KRSA,0.28779979144942647,2,CAMK,MAPKAPK,MAPKAPK,MAPKAPK2
MAPKAPK,0.6341666666666667,55,KRSA,0.28779979144942647,2,CAMK,MAPKAPK,MAPKAPK,MAPKAPK3
MAPKAPK,0.6341666666666667,55,KRSA,0.28779979144942647,2,CAMK,MAPKAPK,MAPKAPK,MAPKAPK5
MAPKAPK,0.6341666666666667,55,KRSA,0.28779979144942647,2,CAMK,MAPKAPK,MNK,MKNK1
MAPKAPK,0.6341666666666667,55,KRSA,0.28779979144942647,2,CAMK,MAPKAPK,MNK,MKNK2
STKR,-0.00333333333333334,77,KRSA,0,1,TKL,STKR,TYPE1,ACVR1
STKR,-0.00333333333333334,77,KRSA,0,1,TKL,STKR,TYPE1,ACVR1B
STKR,-0.00333333333333334,77,KRSA,0,1,TKL,STKR,TYPE1,ACVR1C
STKR,-0.00333333333333334,77,KRSA,0,1,TKL,STKR,TYPE2,ACVR2A
STKR,-0.00333333333333334,77,KRSA,0,1,TKL,STKR,TYPE2,ACVR2B
STKR,-0.00333333333333334,77,KRSA,0,1,TKL,STKR,TYPE1,ACVRL1
STKR,-0.00333333333333334,77,KRSA,0,1,TKL,STKR,TYPE2,AMHR2
STKR,-0.00333333333333334,77,KRSA,0,1,TKL,STKR,TYPE1,BMPR1A
STKR,-0.00333333333333334,77,KRSA,0,1,TKL,STKR,TYPE1,BMPR1B
STKR,-0.00333333333333334,77,KRSA,0,1,TKL,STKR,TYPE2,BMPR2
STKR,-0.00333333333333334,77,KRSA,0,1,TKL,STKR,TYPE1,TGFBR1
STKR,-0.00333333333333334,77,KRSA,0,1,TKL,STKR,TYPE2,TGFBR2
SGK,-0.42916666666666664,61,KRSA,0.2127215849843587,1,AGC,SGK,SGK,SGK1
SGK,-0.42916666666666664,61,KRSA,0.2127215849843587,1,AGC,SGK,SGK,SGK2
SGK,-0.42916666666666664,61,KRSA,0.2127215849843587,1,AGC,SGK,SGK,SGK3
PKCD,0.9508333333333332,36,KRSA,0.5380604796663191,3,AGC,PKC,DELTA,PRKCD
PKCD,0.9508333333333332,36,KRSA,0.5380604796663191,3,AGC,PKC,DELTA,PRKCQ
AMPK,1.0758333333333332,28,KRSA,0.6381647549530761,3,CAMK,CAMKL,AMPK,PRKAA1
AMPK,1.0758333333333332,28,KRSA,0.6381647549530761,3,CAMK,CAMKL,AMPK,PRKAA2
PKCI,0.9825,35,KRSA,0.5505735140771637,3,AGC,PKC,IOTA,PRKCI
PKCI,0.9825,35,KRSA,0.5505735140771637,3,AGC,PKC,IOTA,PRKCZ
AUR,-0.20083333333333336,69,KRSA,0.10010427528675704,1,OTHER,AUR,AUR,AURKA
AUR,-0.20083333333333336,69,KRSA,0.10010427528675704,1,OTHER,AUR,AUR,AURKB
AUR,-0.20083333333333336,69,KRSA,0.10010427528675704,1,OTHER,AUR,AUR,AURKC
PDK1,-3.658333333333333,3,KRSA,0.9635036496350365,4,ATYPICAL,PDHK,PDHK,PDK1
PDK1,-3.658333333333333,3,KRSA,0.9635036496350365,4,AGC,PDK1,PDK1,PDPK1
PEK,-2.6158333333333332,10,KRSA,0.8759124087591241,4,OTHER,PEK,HRI,EIF2AK1
PEK,-2.6158333333333332,10,KRSA,0.8759124087591241,4,OTHER,PEK,PKR,EIF2AK2
PEK,-2.6158333333333332,10,KRSA,0.8759124087591241,4,OTHER,PEK,PEK,EIF2AK3
PEK,-2.6158333333333332,10,KRSA,0.8759124087591241,4,OTHER,PEK,GCN2,EIF2AK4
JNK,-3.5225,4,KRSA,0.9509906152241918,4,CMGC,MAPK,JNK,MAPK10
JNK,-3.5225,4,KRSA,0.9509906152241918,4,CMGC,MAPK,JNK,MAPK8
JNK,-3.5225,4,KRSA,0.9509906152241918,4,CMGC,MAPK,JNK,MAPK9
CDK,-3.195,6,KRSA,0.9259645464025026,4,CMGC,CDK,CDC2,CDK1
CDK,-3.195,6,KRSA,0.9259645464025026,4,CMGC,CDK,CDK10,CDK10
CDK,-3.195,6,KRSA,0.9259645464025026,4,CMGC,CDK,CRK7,CDK12
CDK,-3.195,6,KRSA,0.9259645464025026,4,CMGC,CDK,CRK7,CDK13
CDK,-3.195,6,KRSA,0.9259645464025026,4,CMGC,CDK,PFTAIRE,CDK14
CDK,-3.195,6,KRSA,0.9259645464025026,4,CMGC,CDK,PFTAIRE,CDK15
CDK,-3.195,6,KRSA,0.9259645464025026,4,CMGC,CDK,PCTAIRE,CDK16
CDK,-3.195,6,KRSA,0.9259645464025026,4,CMGC,CDK,PCTAIRE,CDK17
CDK,-3.195,6,KRSA,0.9259645464025026,4,CMGC,CDK,PCTAIRE,CDK18
CDK,-3.195,6,KRSA,0.9259645464025026,4,CMGC,CDK,CDK8,CDK19
CDK,-3.195,6,KRSA,0.9259645464025026,4,CMGC,CDK,CDC2,CDK2
CDK,-3.195,6,KRSA,0.9259645464025026,4,CMGC,CDK,CCRK,CDK20
CDK,-3.195,6,KRSA,0.9259645464025026,4,CMGC,CDK,CDC2,CDK3
CDK,-3.195,6,KRSA,0.9259645464025026,4,CMGC,CDK,CDK4,CDK4
CDK,-3.195,6,KRSA,0.9259645464025026,4,CMGC,CDK,CDK5,CDK5
CDK,-3.195,6,KRSA,0.9259645464025026,4,CMGC,CDK,CDK4,CDK6
CDK,-3.195,6,KRSA,0.9259645464025026,4,CMGC,CDK,CDK7,CDK7
CDK,-3.195,6,KRSA,0.9259645464025026,4,CMGC,CDK,CDK8,CDK8
CDK,-3.195,6,KRSA,0.9259645464025026,4,CMGC,CDK,CDK9,CDK9
CDK,-3.195,6,KRSA,0.9259645464025026,4,NA,NA,NA,CDK11A
CDK,-3.195,6,KRSA,0.9259645464025026,4,NA,NA,NA,CDK11B
ERK,-4.105833333333333,1,KRSA,0.9885297184567258,4,CMGC,MAPK,ERK1,MAPK1
ERK,-4.105833333333333,1,KRSA,0.9885297184567258,4,CMGC,MAPK,ERK7,MAPK15
ERK,-4.105833333333333,1,KRSA,0.9885297184567258,4,CMGC,MAPK,ERK1,MAPK3
ERK,-4.105833333333333,1,KRSA,0.9885297184567258,4,CMGC,MAPK,ERK3,MAPK4
ERK,-4.105833333333333,1,KRSA,0.9885297184567258,4,CMGC,MAPK,ERK3,MAPK6
ERK,-4.105833333333333,1,KRSA,0.9885297184567258,4,CMGC,MAPK,ERK5,MAPK7
DYRK,-3.788333333333333,2,KRSA,0.9760166840458812,4,CMGC,DYRK,DYRK1,DYRK1A
DYRK,-3.788333333333333,2,KRSA,0.9760166840458812,4,CMGC,DYRK,DYRK1,DYRK1B
DYRK,-3.788333333333333,2,KRSA,0.9760166840458812,4,CMGC,DYRK,DYRK2,DYRK2
DYRK,-3.788333333333333,2,KRSA,0.9760166840458812,4,CMGC,DYRK,DYRK2,DYRK3
DYRK,-3.788333333333333,2,KRSA,0.9760166840458812,4,CMGC,DYRK,DYRK2,DYRK4
DYRK,-3.788333333333333,2,KRSA,0.9760166840458812,4,CMGC,DYRK,HIPK,HIPK1
DYRK,-3.788333333333333,2,KRSA,0.9760166840458812,4,CMGC,DYRK,HIPK,HIPK2
DYRK,-3.788333333333333,2,KRSA,0.9760166840458812,4,CMGC,DYRK,HIPK,HIPK3
DYRK,-3.788333333333333,2,KRSA,0.9760166840458812,4,CMGC,DYRK,HIPK,HIPK4
DYRK,-3.788333333333333,2,KRSA,0.9760166840458812,4,CMGC,DYRK,PRP4,PRPF4B
NMO,-2.370833333333333,11,KRSA,0.8633993743482794,4,CMGC,MAPK,NMO,NLK
PLK,-2.650833333333334,9,KRSA,0.8884254431699687,4,NA,NA,NA,PLK5
PLK,-2.650833333333334,9,KRSA,0.8884254431699687,4,OTHER,PLK,PLK1,PLK1
PLK,-2.650833333333334,9,KRSA,0.8884254431699687,4,OTHER,PLK,PLK2,PLK2
PLK,-2.650833333333334,9,KRSA,0.8884254431699687,4,OTHER,PLK,PLK2,PLK3
PLK,-2.650833333333334,9,KRSA,0.8884254431699687,4,OTHER,PLK,SAK,PLK4
PKCA,-1.9883333333333333,13,KRSA,0.8383733055265902,4,AGC,PKC,ALPHA,PRKCA
PKCA,-1.9883333333333333,13,KRSA,0.8383733055265902,4,AGC,PKC,ALPHA,PRKCB
PKCA,-1.9883333333333333,13,KRSA,0.8383733055265902,4,AGC,PKC,ALPHA,PRKCG
FRAY,-1.3633333333333333,19,KRSA,0.7507820646506778,4,STE,STE20,FRAY,OXSR1
FRAY,-1.3633333333333333,19,KRSA,0.7507820646506778,4,STE,STE20,FRAY,STK39
STE7,-1.4516666666666669,17,KRSA,0.7883211678832117,4,STE,STE7,MEK1,MAP2K1
STE7,-1.4516666666666669,17,KRSA,0.7883211678832117,4,STE,STE7,MEK1,MAP2K2
STE7,-1.4516666666666669,17,KRSA,0.7883211678832117,4,STE,STE7,MEK3,MAP2K3
STE7,-1.4516666666666669,17,KRSA,0.7883211678832117,4,STE,STE7,MEK4,MAP2K4
STE7,-1.4516666666666669,17,KRSA,0.7883211678832117,4,STE,STE7,MEK5,MAP2K5
STE7,-1.4516666666666669,17,KRSA,0.7883211678832117,4,STE,STE7,MEK3,MAP2K6
STE7,-1.4516666666666669,17,KRSA,0.7883211678832117,4,STE,STE7,MEK7,MAP2K7
RAF,-2.1,12,KRSA,0.8508863399374348,4,TKL,RAF,RAF,ARAF
RAF,-2.1,12,KRSA,0.8508863399374348,4,TKL,RAF,RAF,BRAF
RAF,-2.1,12,KRSA,0.8508863399374348,4,TKL,RAF,KSR,KSR1
RAF,-2.1,12,KRSA,0.8508863399374348,4,TKL,RAF,KSR,KSR2
RAF,-2.1,12,KRSA,0.8508863399374348,4,TKL,RAF,RAF,RAF1
DAPK,-1.1416666666666666,25,KRSA,0.67570385818561,3,CAMK,DAPK,DAPK,DAPK1
DAPK,-1.1416666666666666,25,KRSA,0.67570385818561,3,CAMK,DAPK,DAPK,DAPK2
DAPK,-1.1416666666666666,25,KRSA,0.67570385818561,3,CAMK,DAPK,DAPK,DAPK3
DAPK,-1.1416666666666666,25,KRSA,0.67570385818561,3,CAMK,DAPK,DRAK,STK17A
DAPK,-1.1416666666666666,25,KRSA,0.67570385818561,3,CAMK,DAPK,DRAK,STK17B
IKK,-0.8725,37,KRSA,0.5255474452554745,3,OTHER,IKK,IKK,CHUK
IKK,-0.8725,37,KRSA,0.5255474452554745,3,OTHER,IKK,IKK,IKBKB
IKK,-0.8725,37,KRSA,0.5255474452554745,3,OTHER,IKK,IKK,IKBKE
IKK,-0.8725,37,KRSA,0.5255474452554745,3,OTHER,IKK,IKK,TBK1
MTOR,-1.846666666666667,16,KRSA,0.8008342022940563,4,ATYPICAL,PIKK,FRAP,MTOR
PHK,-1.2608333333333333,22,KRSA,0.7132429614181439,3,CAMK,PHK,PHK,PHKG1
PHK,-1.2608333333333333,22,KRSA,0.7132429614181439,3,CAMK,PHK,PHK,PHKG2
MLK,-0.8383333333333334,39,KRSA,0.5005213764337852,3,TKL,MLK,ILK,ILK
MLK,-0.8383333333333334,39,KRSA,0.5005213764337852,3,TKL,MLK,MLK,MAP3K10
MLK,-0.8383333333333334,39,KRSA,0.5005213764337852,3,TKL,MLK,MLK,MAP3K11
MLK,-0.8383333333333334,39,KRSA,0.5005213764337852,3,TKL,MLK,LZK,MAP3K12
MLK,-0.8383333333333334,39,KRSA,0.5005213764337852,3,TKL,MLK,LZK,MAP3K13
MLK,-0.8383333333333334,39,KRSA,0.5005213764337852,3,TKL,MLK,MLK,MAP3K9
MLK,-0.8383333333333334,39,KRSA,0.5005213764337852,3,TKL,MLK,HH498,TNNI3K
DMPK,-0.7091666666666667,52,KRSA,0.32533889468196037,2,AGC,DMPK,GEK,CDC42BPA
DMPK,-0.7091666666666667,52,KRSA,0.32533889468196037,2,AGC,DMPK,GEK,CDC42BPB
DMPK,-0.7091666666666667,52,KRSA,0.32533889468196037,2,AGC,DMPK,GEK,CDC42BPG
DMPK,-0.7091666666666667,52,KRSA,0.32533889468196037,2,AGC,DMPK,CRIK,CIT
DMPK,-0.7091666666666667,52,KRSA,0.32533889468196037,2,AGC,DMPK,GEK,DMPK
DMPK,-0.7091666666666667,52,KRSA,0.32533889468196037,2,AGC,DMPK,ROCK,ROCK1
DMPK,-0.7091666666666667,52,KRSA,0.32533889468196037,2,AGC,DMPK,ROCK,ROCK2
QIK,-1.2875,20,KRSA,0.7382690302398331,3,CAMK,CAMKL,QIK,SIK1
QIK,-1.2875,20,KRSA,0.7382690302398331,3,CAMK,CAMKL,QIK,SIK2
MST,-1.9258333333333333,14,KRSA,0.8258602711157456,4,STE,STE20,MST,STK3
MST,-1.9258333333333333,14,KRSA,0.8258602711157456,4,STE,STE20,MST,STK4
P38,-3.0383333333333336,8,KRSA,0.9009384775808134,4,CMGC,MAPK,P38,MAPK11
P38,-3.0383333333333336,8,KRSA,0.9009384775808134,4,CMGC,MAPK,P38,MAPK12
P38,-3.0383333333333336,8,KRSA,0.9009384775808134,4,CMGC,MAPK,P38,MAPK13
P38,-3.0383333333333336,8,KRSA,0.9009384775808134,4,CMGC,MAPK,P38,MAPK14
GSK,-1.1525,24,KRSA,0.6882168925964547,3,CMGC,GSK,GSK,GSK3A
GSK,-1.1525,24,KRSA,0.6882168925964547,3,CMGC,GSK,GSK,GSK3B
CAMK1,1.893333333333333,15,KRSA,0.8133472367049009,4,CAMK,CAMK1,CAMK1,CAMK1
CAMK1,1.893333333333333,15,KRSA,0.8133472367049009,4,CAMK,CAMK1,CAMK1,CAMK1D
CAMK1,1.893333333333333,15,KRSA,0.8133472367049009,4,CAMK,CAMK1,CAMK1,CAMK1G
CAMK1,1.893333333333333,15,KRSA,0.8133472367049009,4,CAMK,CAMK1,CAMK1,CAMK4
CAMK1,1.893333333333333,15,KRSA,0.8133472367049009,4,CAMK,CAMK1,CAMK1,PNCK
AKT,0.12500000000000008,74,KRSA,0.03753910323253389,1,AGC,AKT,AKT,AKT1
AKT,0.12500000000000008,74,KRSA,0.03753910323253389,1,AGC,AKT,AKT,AKT2
AKT,0.12500000000000008,74,KRSA,0.03753910323253389,1,AGC,AKT,AKT,AKT3
PAKA,0.7508333333333334,45,KRSA,0.4254431699687174,2,STE,STE20,PAKA,PAK1
PAKA,0.7508333333333334,45,KRSA,0.4254431699687174,2,STE,STE20,PAKA,PAK2
PAKA,0.7508333333333334,45,KRSA,0.4254431699687174,2,STE,STE20,PAKA,PAK3
CHK1,0.34833333333333333,66,KRSA,0.15015641293013557,1,CAMK,CAMKL,CHK1,CHEK1
TLK,-1.0716666666666668,29,KRSA,0.6256517205422315,3,OTHER,TLK,TLK,TLK1
TLK,-1.0716666666666668,29,KRSA,0.6256517205422315,3,OTHER,TLK,TLK,TLK2
PDHK,0.18083333333333343,70,KRSA,0.08759124087591241,1,ATYPICAL,PDHK,BCKDK,BCKDK
PDHK,0.18083333333333343,70,KRSA,0.08759124087591241,1,ATYPICAL,PDHK,PDHK,PDK2
PDHK,0.18083333333333343,70,KRSA,0.08759124087591241,1,ATYPICAL,PDHK,PDHK,PDK3
PDHK,0.18083333333333343,70,KRSA,0.08759124087591241,1,ATYPICAL,PDHK,PDHK,PDK4
TTK,-1.0658333333333334,31,KRSA,0.6006256517205423,3,OTHER,TTK,TTK,TTK
PKG,3.2,5,KRSA,0.9384775808133472,4,AGC,PKG,PKG,PRKG1
PKG,3.2,5,KRSA,0.9384775808133472,4,AGC,PKG,PKG,PRKG2
NUAK,-1.0683333333333334,30,KRSA,0.6131386861313869,3,CAMK,CAMKL,NUAK,NUAK1
NUAK,-1.0683333333333334,30,KRSA,0.6131386861313869,3,CAMK,CAMKL,NUAK,NUAK2
PAKB,-0.7125,51,KRSA,0.337851929092805,2,STE,STE20,PAKB,PAK4
PAKB,-0.7125,51,KRSA,0.337851929092805,2,STE,STE20,PAKB,PAK5
PAKB,-0.7125,51,KRSA,0.337851929092805,2,STE,STE20,PAKB,PAK6
CAMK2,1.0433333333333334,32,KRSA,0.5881126173096975,3,CAMK,CAMK2,CAMK2,CAMK2A
CAMK2,1.0433333333333334,32,KRSA,0.5881126173096975,3,CAMK,CAMK2,CAMK2,CAMK2B
CAMK2,1.0433333333333334,32,KRSA,0.5881126173096975,3,CAMK,CAMK2,CAMK2,CAMK2D
CAMK2,1.0433333333333334,32,KRSA,0.5881126173096975,3,CAMK,CAMK2,CAMK2,CAMK2G
LKB,-1.285,21,KRSA,0.7257559958289885,3,CAMK,CAMKL,LKB,STK11
NEK,-0.4816666666666667,59,KRSA,0.23774765380604795,1,OTHER,NEK,NEK11,NEK11
NEK,-0.4816666666666667,59,KRSA,0.23774765380604795,1,OTHER,NEK,NEK2,NEK2
NEK,-0.4816666666666667,59,KRSA,0.23774765380604795,1,OTHER,NEK,NEK1,NEK3
NEK,-0.4816666666666667,59,KRSA,0.23774765380604795,1,OTHER,NEK,NEK4,NEK4
NEK,-0.4816666666666667,59,KRSA,0.23774765380604795,1,OTHER,NEK,NEK1,NEK5
NEK,-0.4816666666666667,59,KRSA,0.23774765380604795,1,OTHER,NEK,NEK6,NEK6
NEK,-0.4816666666666667,59,KRSA,0.23774765380604795,1,OTHER,NEK,NEK6,NEK7
NEK,-0.4816666666666667,59,KRSA,0.23774765380604795,1,OTHER,NEK,NEK8,NEK8
NEK,-0.4816666666666667,59,KRSA,0.23774765380604795,1,OTHER,NEK,NEK8,NEK9
BRSK,0.3341666666666666,67,KRSA,0.13764337851929093,1,CAMK,CAMKL,BRSK,BRSK1
BRSK,0.3341666666666666,67,KRSA,0.13764337851929093,1,CAMK,CAMKL,BRSK,BRSK2
KHS,0.26,68,KRSA,0.1251303441084463,1,STE,STE20,KHS,MAP4K1
KHS,0.26,68,KRSA,0.1251303441084463,1,STE,STE20,KHS,MAP4K2
KHS,0.26,68,KRSA,0.1251303441084463,1,STE,STE20,KHS,MAP4K3
KHS,0.26,68,KRSA,0.1251303441084463,1,STE,STE20,KHS,MAP4K5
SLK,0.47,60,KRSA,0.22523461939520334,1,STE,STE20,SLK,SLK
SLK,0.47,60,KRSA,0.22523461939520334,1,STE,STE20,SLK,STK10
RSK,1.0816666666666668,27,KRSA,0.6506777893639207,3,AGC,RSK,RSK,RPS6KA1
RSK,1.0816666666666668,27,KRSA,0.6506777893639207,3,AGC,RSK,RSK,RPS6KA2
RSK,1.0816666666666668,27,KRSA,0.6506777893639207,3,AGC,RSK,RSK,RPS6KA3
RSK,1.0816666666666668,27,KRSA,0.6506777893639207,3,AGC,RSK,MSK,RPS6KA4
RSK,1.0816666666666668,27,KRSA,0.6506777893639207,3,AGC,RSK,MSK,RPS6KA5
RSK,1.0816666666666668,27,KRSA,0.6506777893639207,3,AGC,RSK,RSK,RPS6KA6
RSK,1.0816666666666668,27,KRSA,0.6506777893639207,3,AGC,RSK,P70,RPS6KB1
RSK,1.0816666666666668,27,KRSA,0.6506777893639207,3,AGC,RSK,P70,RPS6KB2
MOS,1.0025,33,KRSA,0.5755995828988529,3,OTHER,MOS,MOS,MOS
PKA,3.111666666666667,7,KRSA,0.913451511991658,4,AGC,PKA,PKA,PRKACA
PKA,3.111666666666667,7,KRSA,0.913451511991658,4,AGC,PKA,PKA,PRKACB
PKA,3.111666666666667,7,KRSA,0.913451511991658,4,AGC,PKA,PKA,PRKACG
PKA,3.111666666666667,7,KRSA,0.913451511991658,4,AGC,PKA,PKA,PRKX
PKA,3.111666666666667,7,KRSA,0.913451511991658,4,AGC,PKA,PKA,PRKY
MELK,-0.8533333333333333,38,KRSA,0.5130344108446299,3,CAMK,CAMKL,MELK,MELK
ATR,-1.365,18,KRSA,0.7632950990615224,4,ATYPICAL,PIKK,ATR,ATR
PIM,0.38833333333333336,65,KRSA,0.16266944734098018,1,CAMK,PIM,PIM,PIM1
PIM,0.38833333333333336,65,KRSA,0.16266944734098018,1,CAMK,PIM,PIM,PIM2
PIM,0.38833333333333336,65,KRSA,0.16266944734098018,1,CAMK,PIM,PIM,PIM3
WNK,-0.7491666666666666,46,KRSA,0.4129301355578728,2,OTHER,WNK,WNK,WNK1
WNK,-0.7491666666666666,46,KRSA,0.4129301355578728,2,OTHER,WNK,WNK,WNK2
WNK,-0.7491666666666666,46,KRSA,0.4129301355578728,2,OTHER,WNK,WNK,WNK3
WNK,-0.7491666666666666,46,KRSA,0.4129301355578728,2,OTHER,WNK,WNK,WNK4
BUD32,-0.7483333333333333,47,KRSA,0.38790406673618355,2,OTHER,BUD32,BUD32,TP53RK
PASK,0.6816666666666666,54,KRSA,0.30031282586027114,2,CAMK,CAMKL,PASK,PASK
CAMKK,-0.7408333333333333,49,KRSA,0.36287799791449427,2,OTHER,CAMKK,META,CAMKK1
CAMKK,-0.7408333333333333,49,KRSA,0.36287799791449427,2,OTHER,CAMKK,META,CAMKK2
ULK,-0.7483333333333333,47,KRSA,0.38790406673618355,2,OTHER,ULK,FUSED,STK36
ULK,-0.7483333333333333,47,KRSA,0.38790406673618355,2,OTHER,ULK,ULK,ULK1
ULK,-0.7483333333333333,47,KRSA,0.38790406673618355,2,OTHER,ULK,ULK,ULK2
ULK,-0.7483333333333333,47,KRSA,0.38790406673618355,2,OTHER,ULK,ULK,ULK3
ULK,-0.7483333333333333,47,KRSA,0.38790406673618355,2,OTHER,ULK,ULK,ULK4
NIK,-0.7433333333333334,48,KRSA,0.3753910323253389,2,STE,STE-UNIQUE,STE-UNIQUE,MAP3K14
CK1,-0.9975,34,KRSA,0.5630865484880083,3,CK1,CK1,CK1-A,CSNK1A1
CK1,-0.9975,34,KRSA,0.5630865484880083,3,CK1,CK1,CK1-A,CSNK1A1L
CK1,-0.9975,34,KRSA,0.5630865484880083,3,CK1,CK1,CK1-D,CSNK1D
CK1,-0.9975,34,KRSA,0.5630865484880083,3,CK1,CK1,CK1-D,CSNK1E
CK1,-0.9975,34,KRSA,0.5630865484880083,3,CK1,CK1,CK1-G,CSNK1G1
CK1,-0.9975,34,KRSA,0.5630865484880083,3,CK1,CK1,CK1-G,CSNK1G2
CK1,-0.9975,34,KRSA,0.5630865484880083,3,CK1,CK1,CK1-G,CSNK1G3
CK1,-0.9975,34,KRSA,0.5630865484880083,3,CK1,TTBK,TTBK,TTBK1
CK1,-0.9975,34,KRSA,0.5630865484880083,3,CK1,TTBK,TTBK,TTBK2
CK1,-0.9975,34,KRSA,0.5630865484880083,3,CK1,VRK,VRK,VRK3
TAO,-0.41833333333333333,62,KRSA,0.20020855057351408,1,STE,STE20,TAO,TAOK1
TAO,-0.41833333333333333,62,KRSA,0.20020855057351408,1,STE,STE20,TAO,TAOK2
TAO,-0.41833333333333333,62,KRSA,0.20020855057351408,1,STE,STE20,TAO,TAOK3
CLK,-0.74,50,KRSA,0.35036496350364965,2,CMGC,CLK,CLK,CLK1
CLK,-0.74,50,KRSA,0.35036496350364965,2,CMGC,CLK,CLK,CLK2
CLK,-0.74,50,KRSA,0.35036496350364965,2,CMGC,CLK,CLK,CLK3
CLK,-0.74,50,KRSA,0.35036496350364965,2,CMGC,CLK,CLK,CLK4
MSN,-0.11916666666666674,76,KRSA,0.01251303441084463,1,STE,STE20,MSN,MAP4K4
MSN,-0.11916666666666674,76,KRSA,0.01251303441084463,1,STE,STE20,MSN,NRK
MSN,-0.11916666666666674,76,KRSA,0.01251303441084463,1,STE,STE20,MSN,TNIK
ATM,-0.6191666666666666,56,KRSA,0.27528675703858185,2,ATYPICAL,PIKK,ATM,ATM
BARK2,-0.17083333333333334,72,KRSA,0.06256517205422316,1,AGC,GRK,BARK,GRK3
SGK,-0.42916666666666664,61,KRSA,0.2127215849843587,1,AGC,SGK,SGK,SGK1
SGK,-0.42916666666666664,61,KRSA,0.2127215849843587,1,AGC,SGK,SGK,SGK2
SGK,-0.42916666666666664,61,KRSA,0.2127215849843587,1,AGC,SGK,SGK,SGK3
STKR,-0.00333333333333334,77,KRSA,0,1,TKL,STKR,TYPE1,ACVR1
STKR,-0.00333333333333334,77,KRSA,0,1,TKL,STKR,TYPE1,ACVR1B
STKR,-0.00333333333333334,77,KRSA,0,1,TKL,STKR,TYPE1,ACVR1C
STKR,-0.00333333333333334,77,KRSA,0,1,TKL,STKR,TYPE2,ACVR2A
STKR,-0.00333333333333334,77,KRSA,0,1,TKL,STKR,TYPE2,ACVR2B
STKR,-0.00333333333333334,77,KRSA,0,1,TKL,STKR,TYPE1,ACVRL1
STKR,-0.00333333333333334,77,KRSA,0,1,TKL,STKR,TYPE2,AMHR2
STKR,-0.00333333333333334,77,KRSA,0,1,TKL,STKR,TYPE1,BMPR1A
STKR,-0.00333333333333334,77,KRSA,0,1,TKL,STKR,TYPE1,BMPR1B
STKR,-0.00333333333333334,77,KRSA,0,1,TKL,STKR,TYPE2,BMPR2
STKR,-0.00333333333333334,77,KRSA,0,1,TKL,STKR,TYPE1,TGFBR1
STKR,-0.00333333333333334,77,KRSA,0,1,TKL,STKR,TYPE2,TGFBR2
PKCH,-1.1291666666666669,26,KRSA,0.6631908237747653,3,AGC,PKC,ETA,PRKCE
PKCH,-1.1291666666666669,26,KRSA,0.6631908237747653,3,AGC,PKC,ETA,PRKCH
AUR,-0.20083333333333336,69,KRSA,0.10010427528675704,1,OTHER,AUR,AUR,AURKA
AUR,-0.20083333333333336,69,KRSA,0.10010427528675704,1,OTHER,AUR,AUR,AURKB
AUR,-0.20083333333333336,69,KRSA,0.10010427528675704,1,OTHER,AUR,AUR,AURKC
PKD,0.5591666666666667,57,KRSA,0.26277372262773724,2,CAMK,PKD,PKD,PRKD1
PKD,0.5591666666666667,57,KRSA,0.26277372262773724,2,CAMK,PKD,PKD,PRKD2
PKD,0.5591666666666667,57,KRSA,0.26277372262773724,2,CAMK,PKD,PKD,PRKD3
RIPK,0.83,41,KRSA,0.4754953076120959,2,TKL,RIPK,RIPK,ANKK1
RIPK,0.83,41,KRSA,0.4754953076120959,2,TKL,RIPK,RIPK,RIPK1
RIPK,0.83,41,KRSA,0.4754953076120959,2,TKL,RIPK,RIPK,RIPK2
RIPK,0.83,41,KRSA,0.4754953076120959,2,TKL,RIPK,RIPK,RIPK3
RIPK,0.83,41,KRSA,0.4754953076120959,2,TKL,RIPK,RIPK,RIPK4
MAPKAPK,0.6341666666666667,55,KRSA,0.28779979144942647,2,CAMK,MAPKAPK,MAPKAPK,MAPKAPK2
MAPKAPK,0.6341666666666667,55,KRSA,0.28779979144942647,2,CAMK,MAPKAPK,MAPKAPK,MAPKAPK3
MAPKAPK,0.6341666666666667,55,KRSA,0.28779979144942647,2,CAMK,MAPKAPK,MAPKAPK,MAPKAPK5
MAPKAPK,0.6341666666666667,55,KRSA,0.28779979144942647,2,CAMK,MAPKAPK,MNK,MKNK1
MAPKAPK,0.6341666666666667,55,KRSA,0.28779979144942647,2,CAMK,MAPKAPK,MNK,MKNK2
CK2,0.3908333333333333,64,KRSA,0.17518248175182483,1,CMGC,CK2,CK2,CSNK2A1
CK2,0.3908333333333333,64,KRSA,0.17518248175182483,1,CMGC,CK2,CK2,CSNK2A2
CK2,0.3908333333333333,64,KRSA,0.17518248175182483,1,NA,NA,NA,CSNK2A3
STE11,-0.7966666666666666,44,KRSA,0.43795620437956206,2,TKL,MLK,TAK1,MAP3K7
STE11,-0.7966666666666666,44,KRSA,0.43795620437956206,2,STE,STE11,MEKK1,MAP3K1
STE11,-0.7966666666666666,44,KRSA,0.43795620437956206,2,STE,STE11,ASK,MAP3K15
STE11,-0.7966666666666666,44,KRSA,0.43795620437956206,2,STE,STE11,MEKK2,MAP3K2
STE11,-0.7966666666666666,44,KRSA,0.43795620437956206,2,STE,STE11,MEKK2,MAP3K3
STE11,-0.7966666666666666,44,KRSA,0.43795620437956206,2,STE,STE11,MEKK4,MAP3K4
STE11,-0.7966666666666666,44,KRSA,0.43795620437956206,2,STE,STE11,ASK,MAP3K5
STE11,-0.7966666666666666,44,KRSA,0.43795620437956206,2,STE,STE11,ASK,MAP3K6
NDR,0.16416666666666666,73,KRSA,0.05005213764337852,1,AGC,NDR,NDR,LATS1
NDR,0.16416666666666666,73,KRSA,0.05005213764337852,1,AGC,NDR,NDR,LATS2
NDR,0.16416666666666666,73,KRSA,0.05005213764337852,1,AGC,NDR,NDR,STK38
NDR,0.16416666666666666,73,KRSA,0.05005213764337852,1,AGC,NDR,NDR,STK38L
GRK,0.1208333333333333,75,KRSA,0.02502606882168926,1,AGC,GRK,GRK,GRK1
GRK,0.1208333333333333,75,KRSA,0.02502606882168926,1,AGC,GRK,GRK,GRK4
GRK,0.1208333333333333,75,KRSA,0.02502606882168926,1,AGC,GRK,GRK,GRK5
GRK,0.1208333333333333,75,KRSA,0.02502606882168926,1,AGC,GRK,GRK,GRK6
GRK,0.1208333333333333,75,KRSA,0.02502606882168926,1,AGC,GRK,GRK,GRK7
VRK1,-0.7075,53,KRSA,0.31282586027111575,2,CK1,VRK,VRK,VRK1
MLCK,-0.4858333333333332,58,KRSA,0.2502606882168926,2,CAMK,MLCK,MLCK,MYLK
MLCK,-0.4858333333333332,58,KRSA,0.2502606882168926,2,CAMK,MLCK,MLCK,MYLK2
MLCK,-0.4858333333333332,58,KRSA,0.2502606882168926,2,CAMK,MLCK,MLCK,TTN
COT,0.20083333333333336,69,KRSA,0.10010427528675704,1,STE,STE-UNIQUE,STE-UNIQUE,MAP3K8
PRKDC,-0.8166666666666667,43,KRSA,0.4504692387904067,2,ATYPICAL,PIKK,DNAPK,PRKDC
PKN,-0.8225,42,KRSA,0.4629822732012513,2,AGC,PKN,PKN,PKN1
PKN,-0.8225,42,KRSA,0.4629822732012513,2,AGC,PKN,PKN,PKN2
PKN,-0.8225,42,KRSA,0.4629822732012513,2,AGC,PKN,PKN,PKN3
HAL,0.8341666666666666,40,KRSA,0.4880083420229406,2,RGC,RGC,RGC,NPR1
NAK,-0.17666666666666672,71,KRSA,0.07507820646506778,1,OTHER,NAK,BIKE,AAK1
NAK,-0.17666666666666672,71,KRSA,0.07507820646506778,1,OTHER,NAK,BIKE,BMP2K
NAK,-0.17666666666666672,71,KRSA,0.07507820646506778,1,OTHER,NAK,GAK,GAK
NAK,-0.17666666666666672,71,KRSA,0.07507820646506778,1,OTHER,NAK,MPSK,STK16
AMPK,1.0758333333333332,28,KRSA,0.6381647549530761,3,CAMK,CAMKL,AMPK,PRKAA1
AMPK,1.0758333333333332,28,KRSA,0.6381647549530761,3,CAMK,CAMKL,AMPK,PRKAA2
IRAK,-0.4083333333333333,63,KRSA,0.18769551616266944,1,TKL,IRAK,IRAK,IRAK1
IRAK,-0.4083333333333333,63,KRSA,0.18769551616266944,1,TKL,IRAK,IRAK,IRAK2
IRAK,-0.4083333333333333,63,KRSA,0.18769551616266944,1,TKL,IRAK,IRAK,IRAK3
IRAK,-0.4083333333333333,63,KRSA,0.18769551616266944,1,TKL,IRAK,IRAK,IRAK4
PKCD,0.9508333333333332,36,KRSA,0.5380604796663191,3,AGC,PKC,DELTA,PRKCD
PKCD,0.9508333333333332,36,KRSA,0.5380604796663191,3,AGC,PKC,DELTA,PRKCQ
RAD53,1.215,23,KRSA,0.7007299270072993,3,CAMK,RAD53,RAD53,CHEK2
PKCI,0.9825,35,KRSA,0.5505735140771637,3,AGC,PKC,IOTA,PRKCI
PKCI,0.9825,35,KRSA,0.5505735140771637,3,AGC,PKC,IOTA,PRKCZ
PDK1,-3.658333333333333,3,KRSA,0.9635036496350365,4,ATYPICAL,PDHK,PDHK,PDK1
PDK1,-3.658333333333333,3,KRSA,0.9635036496350365,4,AGC,PDK1,PDK1,PDPK1
CDK,-3.195,6,KRSA,0.9259645464025026,4,CMGC,CDK,CDC2,CDK1
CDK,-3.195,6,KRSA,0.9259645464025026,4,CMGC,CDK,CDK10,CDK10
CDK,-3.195,6,KRSA,0.9259645464025026,4,CMGC,CDK,CRK7,CDK12
CDK,-3.195,6,KRSA,0.9259645464025026,4,CMGC,CDK,CRK7,CDK13
CDK,-3.195,6,KRSA,0.9259645464025026,4,CMGC,CDK,PFTAIRE,CDK14
CDK,-3.195,6,KRSA,0.9259645464025026,4,CMGC,CDK,PFTAIRE,CDK15
CDK,-3.195,6,KRSA,0.9259645464025026,4,CMGC,CDK,PCTAIRE,CDK16
CDK,-3.195,6,KRSA,0.9259645464025026,4,CMGC,CDK,PCTAIRE,CDK17
CDK,-3.195,6,KRSA,0.9259645464025026,4,CMGC,CDK,PCTAIRE,CDK18
CDK,-3.195,6,KRSA,0.9259645464025026,4,CMGC,CDK,CDK8,CDK19
CDK,-3.195,6,KRSA,0.9259645464025026,4,CMGC,CDK,CDC2,CDK2
CDK,-3.195,6,KRSA,0.9259645464025026,4,CMGC,CDK,CCRK,CDK20
CDK,-3.195,6,KRSA,0.9259645464025026,4,CMGC,CDK,CDC2,CDK3
CDK,-3.195,6,KRSA,0.9259645464025026,4,CMGC,CDK,CDK4,CDK4
CDK,-3.195,6,KRSA,0.9259645464025026,4,CMGC,CDK,CDK5,CDK5
CDK,-3.195,6,KRSA,0.9259645464025026,4,CMGC,CDK,CDK4,CDK6
CDK,-3.195,6,KRSA,0.9259645464025026,4,CMGC,CDK,CDK7,CDK7
CDK,-3.195,6,KRSA,0.9259645464025026,4,CMGC,CDK,CDK8,CDK8
CDK,-3.195,6,KRSA,0.9259645464025026,4,CMGC,CDK,CDK9,CDK9
CDK,-3.195,6,KRSA,0.9259645464025026,4,NA,NA,NA,CDK11A
CDK,-3.195,6,KRSA,0.9259645464025026,4,NA,NA,NA,CDK11B
PEK,-2.6158333333333332,10,KRSA,0.8759124087591241,4,OTHER,PEK,HRI,EIF2AK1
PEK,-2.6158333333333332,10,KRSA,0.8759124087591241,4,OTHER,PEK,PKR,EIF2AK2
PEK,-2.6158333333333332,10,KRSA,0.8759124087591241,4,OTHER,PEK,PEK,EIF2AK3
PEK,-2.6158333333333332,10,KRSA,0.8759124087591241,4,OTHER,PEK,GCN2,EIF2AK4
JNK,-3.5225,4,KRSA,0.9509906152241918,4,CMGC,MAPK,JNK,MAPK10
JNK,-3.5225,4,KRSA,0.9509906152241918,4,CMGC,MAPK,JNK,MAPK8
JNK,-3.5225,4,KRSA,0.9509906152241918,4,CMGC,MAPK,JNK,MAPK9
DYRK,-3.788333333333333,2,KRSA,0.9760166840458812,4,CMGC,DYRK,DYRK1,DYRK1A
DYRK,-3.788333333333333,2,KRSA,0.9760166840458812,4,CMGC,DYRK,DYRK1,DYRK1B
DYRK,-3.788333333333333,2,KRSA,0.9760166840458812,4,CMGC,DYRK,DYRK2,DYRK2
DYRK,-3.788333333333333,2,KRSA,0.9760166840458812,4,CMGC,DYRK,DYRK2,DYRK3
DYRK,-3.788333333333333,2,KRSA,0.9760166840458812,4,CMGC,DYRK,DYRK2,DYRK4
DYRK,-3.788333333333333,2,KRSA,0.9760166840458812,4,CMGC,DYRK,HIPK,HIPK1
DYRK,-3.788333333333333,2,KRSA,0.9760166840458812,4,CMGC,DYRK,HIPK,HIPK2
DYRK,-3.788333333333333,2,KRSA,0.9760166840458812,4,CMGC,DYRK,HIPK,HIPK3
DYRK,-3.788333333333333,2,KRSA,0.9760166840458812,4,CMGC,DYRK,HIPK,HIPK4
DYRK,-3.788333333333333,2,KRSA,0.9760166840458812,4,CMGC,DYRK,PRP4,PRPF4B
NMO,-2.370833333333333,11,KRSA,0.8633993743482794,4,CMGC,MAPK,NMO,NLK
ERK,-4.105833333333333,1,KRSA,0.9885297184567258,4,CMGC,MAPK,ERK1,MAPK1
ERK,-4.105833333333333,1,KRSA,0.9885297184567258,4,CMGC,MAPK,ERK7,MAPK15
ERK,-4.105833333333333,1,KRSA,0.9885297184567258,4,CMGC,MAPK,ERK1,MAPK3
ERK,-4.105833333333333,1,KRSA,0.9885297184567258,4,CMGC,MAPK,ERK3,MAPK4
ERK,-4.105833333333333,1,KRSA,0.9885297184567258,4,CMGC,MAPK,ERK3,MAPK6
ERK,-4.105833333333333,1,KRSA,0.9885297184567258,4,CMGC,MAPK,ERK5,MAPK7
PLK,-2.650833333333334,9,KRSA,0.8884254431699687,4,NA,NA,NA,PLK5
PLK,-2.650833333333334,9,KRSA,0.8884254431699687,4,OTHER,PLK,PLK1,PLK1
PLK,-2.650833333333334,9,KRSA,0.8884254431699687,4,OTHER,PLK,PLK2,PLK2
PLK,-2.650833333333334,9,KRSA,0.8884254431699687,4,OTHER,PLK,PLK2,PLK3
PLK,-2.650833333333334,9,KRSA,0.8884254431699687,4,OTHER,PLK,SAK,PLK4
DAPK,-1.1416666666666666,25,KRSA,0.67570385818561,3,CAMK,DAPK,DAPK,DAPK1
DAPK,-1.1416666666666666,25,KRSA,0.67570385818561,3,CAMK,DAPK,DAPK,DAPK2
DAPK,-1.1416666666666666,25,KRSA,0.67570385818561,3,CAMK,DAPK,DAPK,DAPK3
DAPK,-1.1416666666666666,25,KRSA,0.67570385818561,3,CAMK,DAPK,DRAK,STK17A
DAPK,-1.1416666666666666,25,KRSA,0.67570385818561,3,CAMK,DAPK,DRAK,STK17B
DMPK,-0.7091666666666667,52,KRSA,0.32533889468196037,2,AGC,DMPK,GEK,CDC42BPA
DMPK,-0.7091666666666667,52,KRSA,0.32533889468196037,2,AGC,DMPK,GEK,CDC42BPB
DMPK,-0.7091666666666667,52,KRSA,0.32533889468196037,2,AGC,DMPK,GEK,CDC42BPG
DMPK,-0.7091666666666667,52,KRSA,0.32533889468196037,2,AGC,DMPK,CRIK,CIT
DMPK,-0.7091666666666667,52,KRSA,0.32533889468196037,2,AGC,DMPK,GEK,DMPK
DMPK,-0.7091666666666667,52,KRSA,0.32533889468196037,2,AGC,DMPK,ROCK,ROCK1
DMPK,-0.7091666666666667,52,KRSA,0.32533889468196037,2,AGC,DMPK,ROCK,ROCK2
PHK,-1.2608333333333333,22,KRSA,0.7132429614181439,3,CAMK,PHK,PHK,PHKG1
PHK,-1.2608333333333333,22,KRSA,0.7132429614181439,3,CAMK,PHK,PHK,PHKG2
PKCA,-1.9883333333333333,13,KRSA,0.8383733055265902,4,AGC,PKC,ALPHA,PRKCA
PKCA,-1.9883333333333333,13,KRSA,0.8383733055265902,4,AGC,PKC,ALPHA,PRKCB
PKCA,-1.9883333333333333,13,KRSA,0.8383733055265902,4,AGC,PKC,ALPHA,PRKCG
SLK,0.47,60,KRSA,0.22523461939520334,1,STE,STE20,SLK,SLK
SLK,0.47,60,KRSA,0.22523461939520334,1,STE,STE20,SLK,STK10
BRSK,0.3341666666666666,67,KRSA,0.13764337851929093,1,CAMK,CAMKL,BRSK,BRSK1
BRSK,0.3341666666666666,67,KRSA,0.13764337851929093,1,CAMK,CAMKL,BRSK,BRSK2
BARK2,-0.17083333333333334,72,KRSA,0.06256517205422316,1,AGC,GRK,BARK,GRK3
PKCH,-1.1291666666666669,26,KRSA,0.6631908237747653,3,AGC,PKC,ETA,PRKCE
PKCH,-1.1291666666666669,26,KRSA,0.6631908237747653,3,AGC,PKC,ETA,PRKCH
P38,-3.0383333333333336,8,KRSA,0.9009384775808134,4,CMGC,MAPK,P38,MAPK11
P38,-3.0383333333333336,8,KRSA,0.9009384775808134,4,CMGC,MAPK,P38,MAPK12
P38,-3.0383333333333336,8,KRSA,0.9009384775808134,4,CMGC,MAPK,P38,MAPK13
P38,-3.0383333333333336,8,KRSA,0.9009384775808134,4,CMGC,MAPK,P38,MAPK14
FRAY,-1.3633333333333333,19,KRSA,0.7507820646506778,4,STE,STE20,FRAY,OXSR1
FRAY,-1.3633333333333333,19,KRSA,0.7507820646506778,4,STE,STE20,FRAY,STK39
CK2,0.3908333333333333,64,KRSA,0.17518248175182483,1,CMGC,CK2,CK2,CSNK2A1
CK2,0.3908333333333333,64,KRSA,0.17518248175182483,1,CMGC,CK2,CK2,CSNK2A2
CK2,0.3908333333333333,64,KRSA,0.17518248175182483,1,NA,NA,NA,CSNK2A3
AMPK,1.0758333333333332,28,KRSA,0.6381647549530761,3,CAMK,CAMKL,AMPK,PRKAA1
AMPK,1.0758333333333332,28,KRSA,0.6381647549530761,3,CAMK,CAMKL,AMPK,PRKAA2
CAMK2,1.0433333333333334,32,KRSA,0.5881126173096975,3,CAMK,CAMK2,CAMK2,CAMK2A
CAMK2,1.0433333333333334,32,KRSA,0.5881126173096975,3,CAMK,CAMK2,CAMK2,CAMK2B
CAMK2,1.0433333333333334,32,KRSA,0.5881126173096975,3,CAMK,CAMK2,CAMK2,CAMK2D
CAMK2,1.0433333333333334,32,KRSA,0.5881126173096975,3,CAMK,CAMK2,CAMK2,CAMK2G
IKK,-0.8725,37,KRSA,0.5255474452554745,3,OTHER,IKK,IKK,CHUK
IKK,-0.8725,37,KRSA,0.5255474452554745,3,OTHER,IKK,IKK,IKBKB
IKK,-0.8725,37,KRSA,0.5255474452554745,3,OTHER,IKK,IKK,IKBKE
IKK,-0.8725,37,KRSA,0.5255474452554745,3,OTHER,IKK,IKK,TBK1
ATM,-0.6191666666666666,56,KRSA,0.27528675703858185,2,ATYPICAL,PIKK,ATM,ATM
MLK,-0.8383333333333334,39,KRSA,0.5005213764337852,3,TKL,MLK,ILK,ILK
MLK,-0.8383333333333334,39,KRSA,0.5005213764337852,3,TKL,MLK,MLK,MAP3K10
MLK,-0.8383333333333334,39,KRSA,0.5005213764337852,3,TKL,MLK,MLK,MAP3K11
MLK,-0.8383333333333334,39,KRSA,0.5005213764337852,3,TKL,MLK,LZK,MAP3K12
MLK,-0.8383333333333334,39,KRSA,0.5005213764337852,3,TKL,MLK,LZK,MAP3K13
MLK,-0.8383333333333334,39,KRSA,0.5005213764337852,3,TKL,MLK,MLK,MAP3K9
MLK,-0.8383333333333334,39,KRSA,0.5005213764337852,3,TKL,MLK,HH498,TNNI3K
CK1,-0.9975,34,KRSA,0.5630865484880083,3,CK1,CK1,CK1-A,CSNK1A1
CK1,-0.9975,34,KRSA,0.5630865484880083,3,CK1,CK1,CK1-A,CSNK1A1L
CK1,-0.9975,34,KRSA,0.5630865484880083,3,CK1,CK1,CK1-D,CSNK1D
CK1,-0.9975,34,KRSA,0.5630865484880083,3,CK1,CK1,CK1-D,CSNK1E
CK1,-0.9975,34,KRSA,0.5630865484880083,3,CK1,CK1,CK1-G,CSNK1G1
CK1,-0.9975,34,KRSA,0.5630865484880083,3,CK1,CK1,CK1-G,CSNK1G2
CK1,-0.9975,34,KRSA,0.5630865484880083,3,CK1,CK1,CK1-G,CSNK1G3
CK1,-0.9975,34,KRSA,0.5630865484880083,3,CK1,TTBK,TTBK,TTBK1
CK1,-0.9975,34,KRSA,0.5630865484880083,3,CK1,TTBK,TTBK,TTBK2
CK1,-0.9975,34,KRSA,0.5630865484880083,3,CK1,VRK,VRK,VRK3
CAMK1,1.893333333333333,15,KRSA,0.8133472367049009,4,CAMK,CAMK1,CAMK1,CAMK1
CAMK1,1.893333333333333,15,KRSA,0.8133472367049009,4,CAMK,CAMK1,CAMK1,CAMK1D
CAMK1,1.893333333333333,15,KRSA,0.8133472367049009,4,CAMK,CAMK1,CAMK1,CAMK1G
CAMK1,1.893333333333333,15,KRSA,0.8133472367049009,4,CAMK,CAMK1,CAMK1,CAMK4
CAMK1,1.893333333333333,15,KRSA,0.8133472367049009,4,CAMK,CAMK1,CAMK1,PNCK
MST,-1.9258333333333333,14,KRSA,0.8258602711157456,4,STE,STE20,MST,STK3
MST,-1.9258333333333333,14,KRSA,0.8258602711157456,4,STE,STE20,MST,STK4
GSK,-1.1525,24,KRSA,0.6882168925964547,3,CMGC,GSK,GSK,GSK3A
GSK,-1.1525,24,KRSA,0.6882168925964547,3,CMGC,GSK,GSK,GSK3B
AKT,0.12500000000000008,74,KRSA,0.03753910323253389,1,AGC,AKT,AKT,AKT1
AKT,0.12500000000000008,74,KRSA,0.03753910323253389,1,AGC,AKT,AKT,AKT2
AKT,0.12500000000000008,74,KRSA,0.03753910323253389,1,AGC,AKT,AKT,AKT3
PDHK,0.18083333333333343,70,KRSA,0.08759124087591241,1,ATYPICAL,PDHK,BCKDK,BCKDK
PDHK,0.18083333333333343,70,KRSA,0.08759124087591241,1,ATYPICAL,PDHK,PDHK,PDK2
PDHK,0.18083333333333343,70,KRSA,0.08759124087591241,1,ATYPICAL,PDHK,PDHK,PDK3
PDHK,0.18083333333333343,70,KRSA,0.08759124087591241,1,ATYPICAL,PDHK,PDHK,PDK4
STE7,-1.4516666666666669,17,KRSA,0.7883211678832117,4,STE,STE7,MEK1,MAP2K1
STE7,-1.4516666666666669,17,KRSA,0.7883211678832117,4,STE,STE7,MEK1,MAP2K2
STE7,-1.4516666666666669,17,KRSA,0.7883211678832117,4,STE,STE7,MEK3,MAP2K3
STE7,-1.4516666666666669,17,KRSA,0.7883211678832117,4,STE,STE7,MEK4,MAP2K4
STE7,-1.4516666666666669,17,KRSA,0.7883211678832117,4,STE,STE7,MEK5,MAP2K5
STE7,-1.4516666666666669,17,KRSA,0.7883211678832117,4,STE,STE7,MEK3,MAP2K6
STE7,-1.4516666666666669,17,KRSA,0.7883211678832117,4,STE,STE7,MEK7,MAP2K7
PKN,-0.8225,42,KRSA,0.4629822732012513,2,AGC,PKN,PKN,PKN1
PKN,-0.8225,42,KRSA,0.4629822732012513,2,AGC,PKN,PKN,PKN2
PKN,-0.8225,42,KRSA,0.4629822732012513,2,AGC,PKN,PKN,PKN3
RAF,-2.1,12,KRSA,0.8508863399374348,4,TKL,RAF,RAF,ARAF
RAF,-2.1,12,KRSA,0.8508863399374348,4,TKL,RAF,RAF,BRAF
RAF,-2.1,12,KRSA,0.8508863399374348,4,TKL,RAF,KSR,KSR1
RAF,-2.1,12,KRSA,0.8508863399374348,4,TKL,RAF,KSR,KSR2
RAF,-2.1,12,KRSA,0.8508863399374348,4,TKL,RAF,RAF,RAF1
PAKB,-0.7125,51,KRSA,0.337851929092805,2,STE,STE20,PAKB,PAK4
PAKB,-0.7125,51,KRSA,0.337851929092805,2,STE,STE20,PAKB,PAK5
PAKB,-0.7125,51,KRSA,0.337851929092805,2,STE,STE20,PAKB,PAK6
TTK,-1.0658333333333334,31,KRSA,0.6006256517205423,3,OTHER,TTK,TTK,TTK
TLK,-1.0716666666666668,29,KRSA,0.6256517205422315,3,OTHER,TLK,TLK,TLK1
TLK,-1.0716666666666668,29,KRSA,0.6256517205422315,3,OTHER,TLK,TLK,TLK2
NUAK,-1.0683333333333334,30,KRSA,0.6131386861313869,3,CAMK,CAMKL,NUAK,NUAK1
NUAK,-1.0683333333333334,30,KRSA,0.6131386861313869,3,CAMK,CAMKL,NUAK,NUAK2
CHK1,0.34833333333333333,66,KRSA,0.15015641293013557,1,CAMK,CAMKL,CHK1,CHEK1
QIK,-1.2875,20,KRSA,0.7382690302398331,3,CAMK,CAMKL,QIK,SIK1
QIK,-1.2875,20,KRSA,0.7382690302398331,3,CAMK,CAMKL,QIK,SIK2
LKB,-1.285,21,KRSA,0.7257559958289885,3,CAMK,CAMKL,LKB,STK11
PKA,3.111666666666667,7,KRSA,0.913451511991658,4,AGC,PKA,PKA,PRKACA
PKA,3.111666666666667,7,KRSA,0.913451511991658,4,AGC,PKA,PKA,PRKACB
PKA,3.111666666666667,7,KRSA,0.913451511991658,4,AGC,PKA,PKA,PRKACG
PKA,3.111666666666667,7,KRSA,0.913451511991658,4,AGC,PKA,PKA,PRKX
PKA,3.111666666666667,7,KRSA,0.913451511991658,4,AGC,PKA,PKA,PRKY
SGK,-0.42916666666666664,61,KRSA,0.2127215849843587,1,AGC,SGK,SGK,SGK1
SGK,-0.42916666666666664,61,KRSA,0.2127215849843587,1,AGC,SGK,SGK,SGK2
SGK,-0.42916666666666664,61,KRSA,0.2127215849843587,1,AGC,SGK,SGK,SGK3
HAL,0.8341666666666666,40,KRSA,0.4880083420229406,2,RGC,RGC,RGC,NPR1
NAK,-0.17666666666666672,71,KRSA,0.07507820646506778,1,OTHER,NAK,BIKE,AAK1
NAK,-0.17666666666666672,71,KRSA,0.07507820646506778,1,OTHER,NAK,BIKE,BMP2K
NAK,-0.17666666666666672,71,KRSA,0.07507820646506778,1,OTHER,NAK,GAK,GAK
NAK,-0.17666666666666672,71,KRSA,0.07507820646506778,1,OTHER,NAK,MPSK,STK16
MOS,1.0025,33,KRSA,0.5755995828988529,3,OTHER,MOS,MOS,MOS
KHS,0.26,68,KRSA,0.1251303441084463,1,STE,STE20,KHS,MAP4K1
KHS,0.26,68,KRSA,0.1251303441084463,1,STE,STE20,KHS,MAP4K2
KHS,0.26,68,KRSA,0.1251303441084463,1,STE,STE20,KHS,MAP4K3
KHS,0.26,68,KRSA,0.1251303441084463,1,STE,STE20,KHS,MAP4K5
TAO,-0.41833333333333333,62,KRSA,0.20020855057351408,1,STE,STE20,TAO,TAOK1
TAO,-0.41833333333333333,62,KRSA,0.20020855057351408,1,STE,STE20,TAO,TAOK2
TAO,-0.41833333333333333,62,KRSA,0.20020855057351408,1,STE,STE20,TAO,TAOK3
NIK,-0.7433333333333334,48,KRSA,0.3753910323253389,2,STE,STE-UNIQUE,STE-UNIQUE,MAP3K14
PAKA,0.7508333333333334,45,KRSA,0.4254431699687174,2,STE,STE20,PAKA,PAK1
PAKA,0.7508333333333334,45,KRSA,0.4254431699687174,2,STE,STE20,PAKA,PAK2
PAKA,0.7508333333333334,45,KRSA,0.4254431699687174,2,STE,STE20,PAKA,PAK3
ULK,-0.7483333333333333,47,KRSA,0.38790406673618355,2,OTHER,ULK,FUSED,STK36
ULK,-0.7483333333333333,47,KRSA,0.38790406673618355,2,OTHER,ULK,ULK,ULK1
ULK,-0.7483333333333333,47,KRSA,0.38790406673618355,2,OTHER,ULK,ULK,ULK2
ULK,-0.7483333333333333,47,KRSA,0.38790406673618355,2,OTHER,ULK,ULK,ULK3
ULK,-0.7483333333333333,47,KRSA,0.38790406673618355,2,OTHER,ULK,ULK,ULK4
CLK,-0.74,50,KRSA,0.35036496350364965,2,CMGC,CLK,CLK,CLK1
CLK,-0.74,50,KRSA,0.35036496350364965,2,CMGC,CLK,CLK,CLK2
CLK,-0.74,50,KRSA,0.35036496350364965,2,CMGC,CLK,CLK,CLK3
CLK,-0.74,50,KRSA,0.35036496350364965,2,CMGC,CLK,CLK,CLK4
IRAK,-0.4083333333333333,63,KRSA,0.18769551616266944,1,TKL,IRAK,IRAK,IRAK1
IRAK,-0.4083333333333333,63,KRSA,0.18769551616266944,1,TKL,IRAK,IRAK,IRAK2
IRAK,-0.4083333333333333,63,KRSA,0.18769551616266944,1,TKL,IRAK,IRAK,IRAK3
IRAK,-0.4083333333333333,63,KRSA,0.18769551616266944,1,TKL,IRAK,IRAK,IRAK4
PASK,0.6816666666666666,54,KRSA,0.30031282586027114,2,CAMK,CAMKL,PASK,PASK
WNK,-0.7491666666666666,46,KRSA,0.4129301355578728,2,OTHER,WNK,WNK,WNK1
WNK,-0.7491666666666666,46,KRSA,0.4129301355578728,2,OTHER,WNK,WNK,WNK2
WNK,-0.7491666666666666,46,KRSA,0.4129301355578728,2,OTHER,WNK,WNK,WNK3
WNK,-0.7491666666666666,46,KRSA,0.4129301355578728,2,OTHER,WNK,WNK,WNK4
CAMKK,-0.7408333333333333,49,KRSA,0.36287799791449427,2,OTHER,CAMKK,META,CAMKK1
CAMKK,-0.7408333333333333,49,KRSA,0.36287799791449427,2,OTHER,CAMKK,META,CAMKK2
BUD32,-0.7483333333333333,47,KRSA,0.38790406673618355,2,OTHER,BUD32,BUD32,TP53RK
MLCK,-0.4858333333333332,58,KRSA,0.2502606882168926,2,CAMK,MLCK,MLCK,MYLK
MLCK,-0.4858333333333332,58,KRSA,0.2502606882168926,2,CAMK,MLCK,MLCK,MYLK2
MLCK,-0.4858333333333332,58,KRSA,0.2502606882168926,2,CAMK,MLCK,MLCK,TTN
PKCI,0.9825,35,KRSA,0.5505735140771637,3,AGC,PKC,IOTA,PRKCI
PKCI,0.9825,35,KRSA,0.5505735140771637,3,AGC,PKC,IOTA,PRKCZ
RAD53,1.215,23,KRSA,0.7007299270072993,3,CAMK,RAD53,RAD53,CHEK2
PKG,3.2,5,KRSA,0.9384775808133472,4,AGC,PKG,PKG,PRKG1
PKG,3.2,5,KRSA,0.9384775808133472,4,AGC,PKG,PKG,PRKG2
NDR,0.16416666666666666,73,KRSA,0.05005213764337852,1,AGC,NDR,NDR,LATS1
NDR,0.16416666666666666,73,KRSA,0.05005213764337852,1,AGC,NDR,NDR,LATS2
NDR,0.16416666666666666,73,KRSA,0.05005213764337852,1,AGC,NDR,NDR,STK38
NDR,0.16416666666666666,73,KRSA,0.05005213764337852,1,AGC,NDR,NDR,STK38L
MTOR,-1.846666666666667,16,KRSA,0.8008342022940563,4,ATYPICAL,PIKK,FRAP,MTOR
PKD,0.5591666666666667,57,KRSA,0.26277372262773724,2,CAMK,PKD,PKD,PRKD1
PKD,0.5591666666666667,57,KRSA,0.26277372262773724,2,CAMK,PKD,PKD,PRKD2
PKD,0.5591666666666667,57,KRSA,0.26277372262773724,2,CAMK,PKD,PKD,PRKD3
COT,0.20083333333333336,69,KRSA,0.10010427528675704,1,STE,STE-UNIQUE,STE-UNIQUE,MAP3K8
MELK,-0.8533333333333333,38,KRSA,0.5130344108446299,3,CAMK,CAMKL,MELK,MELK
ATR,-1.365,18,KRSA,0.7632950990615224,4,ATYPICAL,PIKK,ATR,ATR
VRK1,-0.7075,53,KRSA,0.31282586027111575,2,CK1,VRK,VRK,VRK1
GRK,0.1208333333333333,75,KRSA,0.02502606882168926,1,AGC,GRK,GRK,GRK1
GRK,0.1208333333333333,75,KRSA,0.02502606882168926,1,AGC,GRK,GRK,GRK4
GRK,0.1208333333333333,75,KRSA,0.02502606882168926,1,AGC,GRK,GRK,GRK5
GRK,0.1208333333333333,75,KRSA,0.02502606882168926,1,AGC,GRK,GRK,GRK6
GRK,0.1208333333333333,75,KRSA,0.02502606882168926,1,AGC,GRK,GRK,GRK7
PRKDC,-0.8166666666666667,43,KRSA,0.4504692387904067,2,ATYPICAL,PIKK,DNAPK,PRKDC
PKCD,0.9508333333333332,36,KRSA,0.5380604796663191,3,AGC,PKC,DELTA,PRKCD
PKCD,0.9508333333333332,36,KRSA,0.5380604796663191,3,AGC,PKC,DELTA,PRKCQ
MSN,-0.11916666666666674,76,KRSA,0.01251303441084463,1,STE,STE20,MSN,MAP4K4
MSN,-0.11916666666666674,76,KRSA,0.01251303441084463,1,STE,STE20,MSN,NRK
MSN,-0.11916666666666674,76,KRSA,0.01251303441084463,1,STE,STE20,MSN,TNIK
RSK,1.0816666666666668,27,KRSA,0.6506777893639207,3,AGC,RSK,RSK,RPS6KA1
RSK,1.0816666666666668,27,KRSA,0.6506777893639207,3,AGC,RSK,RSK,RPS6KA2
RSK,1.0816666666666668,27,KRSA,0.6506777893639207,3,AGC,RSK,RSK,RPS6KA3
RSK,1.0816666666666668,27,KRSA,0.6506777893639207,3,AGC,RSK,MSK,RPS6KA4
RSK,1.0816666666666668,27,KRSA,0.6506777893639207,3,AGC,RSK,MSK,RPS6KA5
RSK,1.0816666666666668,27,KRSA,0.6506777893639207,3,AGC,RSK,RSK,RPS6KA6
RSK,1.0816666666666668,27,KRSA,0.6506777893639207,3,AGC,RSK,P70,RPS6KB1
RSK,1.0816666666666668,27,KRSA,0.6506777893639207,3,AGC,RSK,P70,RPS6KB2
RIPK,0.83,41,KRSA,0.4754953076120959,2,TKL,RIPK,RIPK,ANKK1
RIPK,0.83,41,KRSA,0.4754953076120959,2,TKL,RIPK,RIPK,RIPK1
RIPK,0.83,41,KRSA,0.4754953076120959,2,TKL,RIPK,RIPK,RIPK2
RIPK,0.83,41,KRSA,0.4754953076120959,2,TKL,RIPK,RIPK,RIPK3
RIPK,0.83,41,KRSA,0.4754953076120959,2,TKL,RIPK,RIPK,RIPK4
STE11,-0.7966666666666666,44,KRSA,0.43795620437956206,2,TKL,MLK,TAK1,MAP3K7
STE11,-0.7966666666666666,44,KRSA,0.43795620437956206,2,STE,STE11,MEKK1,MAP3K1
STE11,-0.7966666666666666,44,KRSA,0.43795620437956206,2,STE,STE11,ASK,MAP3K15
STE11,-0.7966666666666666,44,KRSA,0.43795620437956206,2,STE,STE11,MEKK2,MAP3K2
STE11,-0.7966666666666666,44,KRSA,0.43795620437956206,2,STE,STE11,MEKK2,MAP3K3
STE11,-0.7966666666666666,44,KRSA,0.43795620437956206,2,STE,STE11,MEKK4,MAP3K4
STE11,-0.7966666666666666,44,KRSA,0.43795620437956206,2,STE,STE11,ASK,MAP3K5
STE11,-0.7966666666666666,44,KRSA,0.43795620437956206,2,STE,STE11,ASK,MAP3K6
AUR,-0.20083333333333336,69,KRSA,0.10010427528675704,1,OTHER,AUR,AUR,AURKA
AUR,-0.20083333333333336,69,KRSA,0.10010427528675704,1,OTHER,AUR,AUR,AURKB
AUR,-0.20083333333333336,69,KRSA,0.10010427528675704,1,OTHER,AUR,AUR,AURKC
PIM,0.38833333333333336,65,KRSA,0.16266944734098018,1,CAMK,PIM,PIM,PIM1
PIM,0.38833333333333336,65,KRSA,0.16266944734098018,1,CAMK,PIM,PIM,PIM2
PIM,0.38833333333333336,65,KRSA,0.16266944734098018,1,CAMK,PIM,PIM,PIM3
MAPKAPK,0.6341666666666667,55,KRSA,0.28779979144942647,2,CAMK,MAPKAPK,MAPKAPK,MAPKAPK2
MAPKAPK,0.6341666666666667,55,KRSA,0.28779979144942647,2,CAMK,MAPKAPK,MAPKAPK,MAPKAPK3
MAPKAPK,0.6341666666666667,55,KRSA,0.28779979144942647,2,CAMK,MAPKAPK,MAPKAPK,MAPKAPK5
MAPKAPK,0.6341666666666667,55,KRSA,0.28779979144942647,2,CAMK,MAPKAPK,MNK,MKNK1
MAPKAPK,0.6341666666666667,55,KRSA,0.28779979144942647,2,CAMK,MAPKAPK,MNK,MKNK2
STKR,-0.00333333333333334,77,KRSA,0,1,TKL,STKR,TYPE1,ACVR1
STKR,-0.00333333333333334,77,KRSA,0,1,TKL,STKR,TYPE1,ACVR1B
STKR,-0.00333333333333334,77,KRSA,0,1,TKL,STKR,TYPE1,ACVR1C
STKR,-0.00333333333333334,77,KRSA,0,1,TKL,STKR,TYPE2,ACVR2A
STKR,-0.00333333333333334,77,KRSA,0,1,TKL,STKR,TYPE2,ACVR2B
STKR,-0.00333333333333334,77,KRSA,0,1,TKL,STKR,TYPE1,ACVRL1
STKR,-0.00333333333333334,77,KRSA,0,1,TKL,STKR,TYPE2,AMHR2
STKR,-0.00333333333333334,77,KRSA,0,1,TKL,STKR,TYPE1,BMPR1A
STKR,-0.00333333333333334,77,KRSA,0,1,TKL,STKR,TYPE1,BMPR1B
STKR,-0.00333333333333334,77,KRSA,0,1,TKL,STKR,TYPE2,BMPR2
STKR,-0.00333333333333334,77,KRSA,0,1,TKL,STKR,TYPE1,TGFBR1
STKR,-0.00333333333333334,77,KRSA,0,1,TKL,STKR,TYPE2,TGFBR2
NEK,-0.4816666666666667,59,KRSA,0.23774765380604795,1,OTHER,NEK,NEK11,NEK11
NEK,-0.4816666666666667,59,KRSA,0.23774765380604795,1,OTHER,NEK,NEK2,NEK2
NEK,-0.4816666666666667,59,KRSA,0.23774765380604795,1,OTHER,NEK,NEK1,NEK3
NEK,-0.4816666666666667,59,KRSA,0.23774765380604795,1,OTHER,NEK,NEK4,NEK4
NEK,-0.4816666666666667,59,KRSA,0.23774765380604795,1,OTHER,NEK,NEK1,NEK5
NEK,-0.4816666666666667,59,KRSA,0.23774765380604795,1,OTHER,NEK,NEK6,NEK6
NEK,-0.4816666666666667,59,KRSA,0.23774765380604795,1,OTHER,NEK,NEK6,NEK7
NEK,-0.4816666666666667,59,KRSA,0.23774765380604795,1,OTHER,NEK,NEK8,NEK8
NEK,-0.4816666666666667,59,KRSA,0.23774765380604795,1,OTHER,NEK,NEK8,NEK9
PKG,3.2,5,KRSA,0.9384775808133472,4,AGC,PKG,PKG,PRKG1
PKG,3.2,5,KRSA,0.9384775808133472,4,AGC,PKG,PKG,PRKG2
ERK,-4.105833333333333,1,KRSA,0.9885297184567258,4,CMGC,MAPK,ERK1,MAPK1
ERK,-4.105833333333333,1,KRSA,0.9885297184567258,4,CMGC,MAPK,ERK7,MAPK15
ERK,-4.105833333333333,1,KRSA,0.9885297184567258,4,CMGC,MAPK,ERK1,MAPK3
ERK,-4.105833333333333,1,KRSA,0.9885297184567258,4,CMGC,MAPK,ERK3,MAPK4
ERK,-4.105833333333333,1,KRSA,0.9885297184567258,4,CMGC,MAPK,ERK3,MAPK6
ERK,-4.105833333333333,1,KRSA,0.9885297184567258,4,CMGC,MAPK,ERK5,MAPK7
JNK,-3.5225,4,KRSA,0.9509906152241918,4,CMGC,MAPK,JNK,MAPK10
JNK,-3.5225,4,KRSA,0.9509906152241918,4,CMGC,MAPK,JNK,MAPK8
JNK,-3.5225,4,KRSA,0.9509906152241918,4,CMGC,MAPK,JNK,MAPK9
PKA,3.111666666666667,7,KRSA,0.913451511991658,4,AGC,PKA,PKA,PRKACA
PKA,3.111666666666667,7,KRSA,0.913451511991658,4,AGC,PKA,PKA,PRKACB
PKA,3.111666666666667,7,KRSA,0.913451511991658,4,AGC,PKA,PKA,PRKACG
PKA,3.111666666666667,7,KRSA,0.913451511991658,4,AGC,PKA,PKA,PRKX
PKA,3.111666666666667,7,KRSA,0.913451511991658,4,AGC,PKA,PKA,PRKY
BRSK,0.3341666666666666,67,KRSA,0.13764337851929093,1,CAMK,CAMKL,BRSK,BRSK1
BRSK,0.3341666666666666,67,KRSA,0.13764337851929093,1,CAMK,CAMKL,BRSK,BRSK2
CAMK2,1.0433333333333334,32,KRSA,0.5881126173096975,3,CAMK,CAMK2,CAMK2,CAMK2A
CAMK2,1.0433333333333334,32,KRSA,0.5881126173096975,3,CAMK,CAMK2,CAMK2,CAMK2B
CAMK2,1.0433333333333334,32,KRSA,0.5881126173096975,3,CAMK,CAMK2,CAMK2,CAMK2D
CAMK2,1.0433333333333334,32,KRSA,0.5881126173096975,3,CAMK,CAMK2,CAMK2,CAMK2G
P38,-3.0383333333333336,8,KRSA,0.9009384775808134,4,CMGC,MAPK,P38,MAPK11
P38,-3.0383333333333336,8,KRSA,0.9009384775808134,4,CMGC,MAPK,P38,MAPK12
P38,-3.0383333333333336,8,KRSA,0.9009384775808134,4,CMGC,MAPK,P38,MAPK13
P38,-3.0383333333333336,8,KRSA,0.9009384775808134,4,CMGC,MAPK,P38,MAPK14
PDK1,-3.658333333333333,3,KRSA,0.9635036496350365,4,ATYPICAL,PDHK,PDHK,PDK1
PDK1,-3.658333333333333,3,KRSA,0.9635036496350365,4,AGC,PDK1,PDK1,PDPK1
PKCH,-1.1291666666666669,26,KRSA,0.6631908237747653,3,AGC,PKC,ETA,PRKCE
PKCH,-1.1291666666666669,26,KRSA,0.6631908237747653,3,AGC,PKC,ETA,PRKCH
PKCI,0.9825,35,KRSA,0.5505735140771637,3,AGC,PKC,IOTA,PRKCI
PKCI,0.9825,35,KRSA,0.5505735140771637,3,AGC,PKC,IOTA,PRKCZ
DYRK,-3.788333333333333,2,KRSA,0.9760166840458812,4,CMGC,DYRK,DYRK1,DYRK1A
DYRK,-3.788333333333333,2,KRSA,0.9760166840458812,4,CMGC,DYRK,DYRK1,DYRK1B
DYRK,-3.788333333333333,2,KRSA,0.9760166840458812,4,CMGC,DYRK,DYRK2,DYRK2
DYRK,-3.788333333333333,2,KRSA,0.9760166840458812,4,CMGC,DYRK,DYRK2,DYRK3
DYRK,-3.788333333333333,2,KRSA,0.9760166840458812,4,CMGC,DYRK,DYRK2,DYRK4
DYRK,-3.788333333333333,2,KRSA,0.9760166840458812,4,CMGC,DYRK,HIPK,HIPK1
DYRK,-3.788333333333333,2,KRSA,0.9760166840458812,4,CMGC,DYRK,HIPK,HIPK2
DYRK,-3.788333333333333,2,KRSA,0.9760166840458812,4,CMGC,DYRK,HIPK,HIPK3
DYRK,-3.788333333333333,2,KRSA,0.9760166840458812,4,CMGC,DYRK,HIPK,HIPK4
DYRK,-3.788333333333333,2,KRSA,0.9760166840458812,4,CMGC,DYRK,PRP4,PRPF4B
RAF,-2.1,12,KRSA,0.8508863399374348,4,TKL,RAF,RAF,ARAF
RAF,-2.1,12,KRSA,0.8508863399374348,4,TKL,RAF,RAF,BRAF
RAF,-2.1,12,KRSA,0.8508863399374348,4,TKL,RAF,KSR,KSR1
RAF,-2.1,12,KRSA,0.8508863399374348,4,TKL,RAF,KSR,KSR2
RAF,-2.1,12,KRSA,0.8508863399374348,4,TKL,RAF,RAF,RAF1
CAMK1,1.893333333333333,15,KRSA,0.8133472367049009,4,CAMK,CAMK1,CAMK1,CAMK1
CAMK1,1.893333333333333,15,KRSA,0.8133472367049009,4,CAMK,CAMK1,CAMK1,CAMK1D
CAMK1,1.893333333333333,15,KRSA,0.8133472367049009,4,CAMK,CAMK1,CAMK1,CAMK1G
CAMK1,1.893333333333333,15,KRSA,0.8133472367049009,4,CAMK,CAMK1,CAMK1,CAMK4
CAMK1,1.893333333333333,15,KRSA,0.8133472367049009,4,CAMK,CAMK1,CAMK1,PNCK
PLK,-2.650833333333334,9,KRSA,0.8884254431699687,4,NA,NA,NA,PLK5
PLK,-2.650833333333334,9,KRSA,0.8884254431699687,4,OTHER,PLK,PLK1,PLK1
PLK,-2.650833333333334,9,KRSA,0.8884254431699687,4,OTHER,PLK,PLK2,PLK2
PLK,-2.650833333333334,9,KRSA,0.8884254431699687,4,OTHER,PLK,PLK2,PLK3
PLK,-2.650833333333334,9,KRSA,0.8884254431699687,4,OTHER,PLK,SAK,PLK4
ATR,-1.365,18,KRSA,0.7632950990615224,4,ATYPICAL,PIKK,ATR,ATR
CHK1,0.34833333333333333,66,KRSA,0.15015641293013557,1,CAMK,CAMKL,CHK1,CHEK1
NMO,-2.370833333333333,11,KRSA,0.8633993743482794,4,CMGC,MAPK,NMO,NLK
PAKA,0.7508333333333334,45,KRSA,0.4254431699687174,2,STE,STE20,PAKA,PAK1
PAKA,0.7508333333333334,45,KRSA,0.4254431699687174,2,STE,STE20,PAKA,PAK2
PAKA,0.7508333333333334,45,KRSA,0.4254431699687174,2,STE,STE20,PAKA,PAK3
MAPKAPK,0.6341666666666667,55,KRSA,0.28779979144942647,2,CAMK,MAPKAPK,MAPKAPK,MAPKAPK2
MAPKAPK,0.6341666666666667,55,KRSA,0.28779979144942647,2,CAMK,MAPKAPK,MAPKAPK,MAPKAPK3
MAPKAPK,0.6341666666666667,55,KRSA,0.28779979144942647,2,CAMK,MAPKAPK,MAPKAPK,MAPKAPK5
MAPKAPK,0.6341666666666667,55,KRSA,0.28779979144942647,2,CAMK,MAPKAPK,MNK,MKNK1
MAPKAPK,0.6341666666666667,55,KRSA,0.28779979144942647,2,CAMK,MAPKAPK,MNK,MKNK2
MLCK,-0.4858333333333332,58,KRSA,0.2502606882168926,2,CAMK,MLCK,MLCK,MYLK
MLCK,-0.4858333333333332,58,KRSA,0.2502606882168926,2,CAMK,MLCK,MLCK,MYLK2
MLCK,-0.4858333333333332,58,KRSA,0.2502606882168926,2,CAMK,MLCK,MLCK,TTN
STE11,-0.7966666666666666,44,KRSA,0.43795620437956206,2,TKL,MLK,TAK1,MAP3K7
STE11,-0.7966666666666666,44,KRSA,0.43795620437956206,2,STE,STE11,MEKK1,MAP3K1
STE11,-0.7966666666666666,44,KRSA,0.43795620437956206,2,STE,STE11,ASK,MAP3K15
STE11,-0.7966666666666666,44,KRSA,0.43795620437956206,2,STE,STE11,MEKK2,MAP3K2
STE11,-0.7966666666666666,44,KRSA,0.43795620437956206,2,STE,STE11,MEKK2,MAP3K3
STE11,-0.7966666666666666,44,KRSA,0.43795620437956206,2,STE,STE11,MEKK4,MAP3K4
STE11,-0.7966666666666666,44,KRSA,0.43795620437956206,2,STE,STE11,ASK,MAP3K5
STE11,-0.7966666666666666,44,KRSA,0.43795620437956206,2,STE,STE11,ASK,MAP3K6
RIPK,0.83,41,KRSA,0.4754953076120959,2,TKL,RIPK,RIPK,ANKK1
RIPK,0.83,41,KRSA,0.4754953076120959,2,TKL,RIPK,RIPK,RIPK1
RIPK,0.83,41,KRSA,0.4754953076120959,2,TKL,RIPK,RIPK,RIPK2
RIPK,0.83,41,KRSA,0.4754953076120959,2,TKL,RIPK,RIPK,RIPK3
RIPK,0.83,41,KRSA,0.4754953076120959,2,TKL,RIPK,RIPK,RIPK4
NAK,-0.17666666666666672,71,KRSA,0.07507820646506778,1,OTHER,NAK,BIKE,AAK1
NAK,-0.17666666666666672,71,KRSA,0.07507820646506778,1,OTHER,NAK,BIKE,BMP2K
NAK,-0.17666666666666672,71,KRSA,0.07507820646506778,1,OTHER,NAK,GAK,GAK
NAK,-0.17666666666666672,71,KRSA,0.07507820646506778,1,OTHER,NAK,MPSK,STK16
HAL,0.8341666666666666,40,KRSA,0.4880083420229406,2,RGC,RGC,RGC,NPR1
MST,-1.9258333333333333,14,KRSA,0.8258602711157456,4,STE,STE20,MST,STK3
MST,-1.9258333333333333,14,KRSA,0.8258602711157456,4,STE,STE20,MST,STK4
AKT,0.12500000000000008,74,KRSA,0.03753910323253389,1,AGC,AKT,AKT,AKT1
AKT,0.12500000000000008,74,KRSA,0.03753910323253389,1,AGC,AKT,AKT,AKT2
AKT,0.12500000000000008,74,KRSA,0.03753910323253389,1,AGC,AKT,AKT,AKT3
CDK,-3.195,6,KRSA,0.9259645464025026,4,CMGC,CDK,CDC2,CDK1
CDK,-3.195,6,KRSA,0.9259645464025026,4,CMGC,CDK,CDK10,CDK10
CDK,-3.195,6,KRSA,0.9259645464025026,4,CMGC,CDK,CRK7,CDK12
CDK,-3.195,6,KRSA,0.9259645464025026,4,CMGC,CDK,CRK7,CDK13
CDK,-3.195,6,KRSA,0.9259645464025026,4,CMGC,CDK,PFTAIRE,CDK14
CDK,-3.195,6,KRSA,0.9259645464025026,4,CMGC,CDK,PFTAIRE,CDK15
CDK,-3.195,6,KRSA,0.9259645464025026,4,CMGC,CDK,PCTAIRE,CDK16
CDK,-3.195,6,KRSA,0.9259645464025026,4,CMGC,CDK,PCTAIRE,CDK17
CDK,-3.195,6,KRSA,0.9259645464025026,4,CMGC,CDK,PCTAIRE,CDK18
CDK,-3.195,6,KRSA,0.9259645464025026,4,CMGC,CDK,CDK8,CDK19
CDK,-3.195,6,KRSA,0.9259645464025026,4,CMGC,CDK,CDC2,CDK2
CDK,-3.195,6,KRSA,0.9259645464025026,4,CMGC,CDK,CCRK,CDK20
CDK,-3.195,6,KRSA,0.9259645464025026,4,CMGC,CDK,CDC2,CDK3
CDK,-3.195,6,KRSA,0.9259645464025026,4,CMGC,CDK,CDK4,CDK4
CDK,-3.195,6,KRSA,0.9259645464025026,4,CMGC,CDK,CDK5,CDK5
CDK,-3.195,6,KRSA,0.9259645464025026,4,CMGC,CDK,CDK4,CDK6
CDK,-3.195,6,KRSA,0.9259645464025026,4,CMGC,CDK,CDK7,CDK7
CDK,-3.195,6,KRSA,0.9259645464025026,4,CMGC,CDK,CDK8,CDK8
CDK,-3.195,6,KRSA,0.9259645464025026,4,CMGC,CDK,CDK9,CDK9
CDK,-3.195,6,KRSA,0.9259645464025026,4,NA,NA,NA,CDK11A
CDK,-3.195,6,KRSA,0.9259645464025026,4,NA,NA,NA,CDK11B
RSK,1.0816666666666668,27,KRSA,0.6506777893639207,3,AGC,RSK,RSK,RPS6KA1
RSK,1.0816666666666668,27,KRSA,0.6506777893639207,3,AGC,RSK,RSK,RPS6KA2
RSK,1.0816666666666668,27,KRSA,0.6506777893639207,3,AGC,RSK,RSK,RPS6KA3
RSK,1.0816666666666668,27,KRSA,0.6506777893639207,3,AGC,RSK,MSK,RPS6KA4
RSK,1.0816666666666668,27,KRSA,0.6506777893639207,3,AGC,RSK,MSK,RPS6KA5
RSK,1.0816666666666668,27,KRSA,0.6506777893639207,3,AGC,RSK,RSK,RPS6KA6
RSK,1.0816666666666668,27,KRSA,0.6506777893639207,3,AGC,RSK,P70,RPS6KB1
RSK,1.0816666666666668,27,KRSA,0.6506777893639207,3,AGC,RSK,P70,RPS6KB2
STE7,-1.4516666666666669,17,KRSA,0.7883211678832117,4,STE,STE7,MEK1,MAP2K1
STE7,-1.4516666666666669,17,KRSA,0.7883211678832117,4,STE,STE7,MEK1,MAP2K2
STE7,-1.4516666666666669,17,KRSA,0.7883211678832117,4,STE,STE7,MEK3,MAP2K3
STE7,-1.4516666666666669,17,KRSA,0.7883211678832117,4,STE,STE7,MEK4,MAP2K4
STE7,-1.4516666666666669,17,KRSA,0.7883211678832117,4,STE,STE7,MEK5,MAP2K5
STE7,-1.4516666666666669,17,KRSA,0.7883211678832117,4,STE,STE7,MEK3,MAP2K6
STE7,-1.4516666666666669,17,KRSA,0.7883211678832117,4,STE,STE7,MEK7,MAP2K7
PKD,0.5591666666666667,57,KRSA,0.26277372262773724,2,CAMK,PKD,PKD,PRKD1
PKD,0.5591666666666667,57,KRSA,0.26277372262773724,2,CAMK,PKD,PKD,PRKD2
PKD,0.5591666666666667,57,KRSA,0.26277372262773724,2,CAMK,PKD,PKD,PRKD3
VRK1,-0.7075,53,KRSA,0.31282586027111575,2,CK1,VRK,VRK,VRK1
DMPK,-0.7091666666666667,52,KRSA,0.32533889468196037,2,AGC,DMPK,GEK,CDC42BPA
DMPK,-0.7091666666666667,52,KRSA,0.32533889468196037,2,AGC,DMPK,GEK,CDC42BPB
DMPK,-0.7091666666666667,52,KRSA,0.32533889468196037,2,AGC,DMPK,GEK,CDC42BPG
DMPK,-0.7091666666666667,52,KRSA,0.32533889468196037,2,AGC,DMPK,CRIK,CIT
DMPK,-0.7091666666666667,52,KRSA,0.32533889468196037,2,AGC,DMPK,GEK,DMPK
DMPK,-0.7091666666666667,52,KRSA,0.32533889468196037,2,AGC,DMPK,ROCK,ROCK1
DMPK,-0.7091666666666667,52,KRSA,0.32533889468196037,2,AGC,DMPK,ROCK,ROCK2
COT,0.20083333333333336,69,KRSA,0.10010427528675704,1,STE,STE-UNIQUE,STE-UNIQUE,MAP3K8
MSN,-0.11916666666666674,76,KRSA,0.01251303441084463,1,STE,STE20,MSN,MAP4K4
MSN,-0.11916666666666674,76,KRSA,0.01251303441084463,1,STE,STE20,MSN,NRK
MSN,-0.11916666666666674,76,KRSA,0.01251303441084463,1,STE,STE20,MSN,TNIK
RAD53,1.215,23,KRSA,0.7007299270072993,3,CAMK,RAD53,RAD53,CHEK2
PHK,-1.2608333333333333,22,KRSA,0.7132429614181439,3,CAMK,PHK,PHK,PHKG1
PHK,-1.2608333333333333,22,KRSA,0.7132429614181439,3,CAMK,PHK,PHK,PHKG2
GSK,-1.1525,24,KRSA,0.6882168925964547,3,CMGC,GSK,GSK,GSK3A
GSK,-1.1525,24,KRSA,0.6882168925964547,3,CMGC,GSK,GSK,GSK3B
ATM,-0.6191666666666666,56,KRSA,0.27528675703858185,2,ATYPICAL,PIKK,ATM,ATM
GRK,0.1208333333333333,75,KRSA,0.02502606882168926,1,AGC,GRK,GRK,GRK1
GRK,0.1208333333333333,75,KRSA,0.02502606882168926,1,AGC,GRK,GRK,GRK4
GRK,0.1208333333333333,75,KRSA,0.02502606882168926,1,AGC,GRK,GRK,GRK5
GRK,0.1208333333333333,75,KRSA,0.02502606882168926,1,AGC,GRK,GRK,GRK6
GRK,0.1208333333333333,75,KRSA,0.02502606882168926,1,AGC,GRK,GRK,GRK7
PEK,-2.6158333333333332,10,KRSA,0.8759124087591241,4,OTHER,PEK,HRI,EIF2AK1
PEK,-2.6158333333333332,10,KRSA,0.8759124087591241,4,OTHER,PEK,PKR,EIF2AK2
PEK,-2.6158333333333332,10,KRSA,0.8759124087591241,4,OTHER,PEK,PEK,EIF2AK3
PEK,-2.6158333333333332,10,KRSA,0.8759124087591241,4,OTHER,PEK,GCN2,EIF2AK4
FRAY,-1.3633333333333333,19,KRSA,0.7507820646506778,4,STE,STE20,FRAY,OXSR1
FRAY,-1.3633333333333333,19,KRSA,0.7507820646506778,4,STE,STE20,FRAY,STK39
PRKDC,-0.8166666666666667,43,KRSA,0.4504692387904067,2,ATYPICAL,PIKK,DNAPK,PRKDC
BARK2,-0.17083333333333334,72,KRSA,0.06256517205422316,1,AGC,GRK,BARK,GRK3
QIK,-1.2875,20,KRSA,0.7382690302398331,3,CAMK,CAMKL,QIK,SIK1
QIK,-1.2875,20,KRSA,0.7382690302398331,3,CAMK,CAMKL,QIK,SIK2
SGK,-0.42916666666666664,61,KRSA,0.2127215849843587,1,AGC,SGK,SGK,SGK1
SGK,-0.42916666666666664,61,KRSA,0.2127215849843587,1,AGC,SGK,SGK,SGK2
SGK,-0.42916666666666664,61,KRSA,0.2127215849843587,1,AGC,SGK,SGK,SGK3
PKCD,0.9508333333333332,36,KRSA,0.5380604796663191,3,AGC,PKC,DELTA,PRKCD
PKCD,0.9508333333333332,36,KRSA,0.5380604796663191,3,AGC,PKC,DELTA,PRKCQ
LKB,-1.285,21,KRSA,0.7257559958289885,3,CAMK,CAMKL,LKB,STK11
MLK,-0.8383333333333334,39,KRSA,0.5005213764337852,3,TKL,MLK,ILK,ILK
MLK,-0.8383333333333334,39,KRSA,0.5005213764337852,3,TKL,MLK,MLK,MAP3K10
MLK,-0.8383333333333334,39,KRSA,0.5005213764337852,3,TKL,MLK,MLK,MAP3K11
MLK,-0.8383333333333334,39,KRSA,0.5005213764337852,3,TKL,MLK,LZK,MAP3K12
MLK,-0.8383333333333334,39,KRSA,0.5005213764337852,3,TKL,MLK,LZK,MAP3K13
MLK,-0.8383333333333334,39,KRSA,0.5005213764337852,3,TKL,MLK,MLK,MAP3K9
MLK,-0.8383333333333334,39,KRSA,0.5005213764337852,3,TKL,MLK,HH498,TNNI3K
CK2,0.3908333333333333,64,KRSA,0.17518248175182483,1,CMGC,CK2,CK2,CSNK2A1
CK2,0.3908333333333333,64,KRSA,0.17518248175182483,1,CMGC,CK2,CK2,CSNK2A2
CK2,0.3908333333333333,64,KRSA,0.17518248175182483,1,NA,NA,NA,CSNK2A3
IKK,-0.8725,37,KRSA,0.5255474452554745,3,OTHER,IKK,IKK,CHUK
IKK,-0.8725,37,KRSA,0.5255474452554745,3,OTHER,IKK,IKK,IKBKB
IKK,-0.8725,37,KRSA,0.5255474452554745,3,OTHER,IKK,IKK,IKBKE
IKK,-0.8725,37,KRSA,0.5255474452554745,3,OTHER,IKK,IKK,TBK1
TTK,-1.0658333333333334,31,KRSA,0.6006256517205423,3,OTHER,TTK,TTK,TTK
TLK,-1.0716666666666668,29,KRSA,0.6256517205422315,3,OTHER,TLK,TLK,TLK1
TLK,-1.0716666666666668,29,KRSA,0.6256517205422315,3,OTHER,TLK,TLK,TLK2
NUAK,-1.0683333333333334,30,KRSA,0.6131386861313869,3,CAMK,CAMKL,NUAK,NUAK1
NUAK,-1.0683333333333334,30,KRSA,0.6131386861313869,3,CAMK,CAMKL,NUAK,NUAK2
PKN,-0.8225,42,KRSA,0.4629822732012513,2,AGC,PKN,PKN,PKN1
PKN,-0.8225,42,KRSA,0.4629822732012513,2,AGC,PKN,PKN,PKN2
PKN,-0.8225,42,KRSA,0.4629822732012513,2,AGC,PKN,PKN,PKN3
PAKB,-0.7125,51,KRSA,0.337851929092805,2,STE,STE20,PAKB,PAK4
PAKB,-0.7125,51,KRSA,0.337851929092805,2,STE,STE20,PAKB,PAK5
PAKB,-0.7125,51,KRSA,0.337851929092805,2,STE,STE20,PAKB,PAK6
MTOR,-1.846666666666667,16,KRSA,0.8008342022940563,4,ATYPICAL,PIKK,FRAP,MTOR
IRAK,-0.4083333333333333,63,KRSA,0.18769551616266944,1,TKL,IRAK,IRAK,IRAK1
IRAK,-0.4083333333333333,63,KRSA,0.18769551616266944,1,TKL,IRAK,IRAK,IRAK2
IRAK,-0.4083333333333333,63,KRSA,0.18769551616266944,1,TKL,IRAK,IRAK,IRAK3
IRAK,-0.4083333333333333,63,KRSA,0.18769551616266944,1,TKL,IRAK,IRAK,IRAK4
AMPK,1.0758333333333332,28,KRSA,0.6381647549530761,3,CAMK,CAMKL,AMPK,PRKAA1
AMPK,1.0758333333333332,28,KRSA,0.6381647549530761,3,CAMK,CAMKL,AMPK,PRKAA2
DAPK,-1.1416666666666666,25,KRSA,0.67570385818561,3,CAMK,DAPK,DAPK,DAPK1
DAPK,-1.1416666666666666,25,KRSA,0.67570385818561,3,CAMK,DAPK,DAPK,DAPK2
DAPK,-1.1416666666666666,25,KRSA,0.67570385818561,3,CAMK,DAPK,DAPK,DAPK3
DAPK,-1.1416666666666666,25,KRSA,0.67570385818561,3,CAMK,DAPK,DRAK,STK17A
DAPK,-1.1416666666666666,25,KRSA,0.67570385818561,3,CAMK,DAPK,DRAK,STK17B
PKCA,-1.9883333333333333,13,KRSA,0.8383733055265902,4,AGC,PKC,ALPHA,PRKCA
PKCA,-1.9883333333333333,13,KRSA,0.8383733055265902,4,AGC,PKC,ALPHA,PRKCB
PKCA,-1.9883333333333333,13,KRSA,0.8383733055265902,4,AGC,PKC,ALPHA,PRKCG
MOS,1.0025,33,KRSA,0.5755995828988529,3,OTHER,MOS,MOS,MOS
TAO,-0.41833333333333333,62,KRSA,0.20020855057351408,1,STE,STE20,TAO,TAOK1
TAO,-0.41833333333333333,62,KRSA,0.20020855057351408,1,STE,STE20,TAO,TAOK2
TAO,-0.41833333333333333,62,KRSA,0.20020855057351408,1,STE,STE20,TAO,TAOK3
WNK,-0.7491666666666666,46,KRSA,0.4129301355578728,2,OTHER,WNK,WNK,WNK1
WNK,-0.7491666666666666,46,KRSA,0.4129301355578728,2,OTHER,WNK,WNK,WNK2
WNK,-0.7491666666666666,46,KRSA,0.4129301355578728,2,OTHER,WNK,WNK,WNK3
WNK,-0.7491666666666666,46,KRSA,0.4129301355578728,2,OTHER,WNK,WNK,WNK4
ULK,-0.7483333333333333,47,KRSA,0.38790406673618355,2,OTHER,ULK,FUSED,STK36
ULK,-0.7483333333333333,47,KRSA,0.38790406673618355,2,OTHER,ULK,ULK,ULK1
ULK,-0.7483333333333333,47,KRSA,0.38790406673618355,2,OTHER,ULK,ULK,ULK2
ULK,-0.7483333333333333,47,KRSA,0.38790406673618355,2,OTHER,ULK,ULK,ULK3
ULK,-0.7483333333333333,47,KRSA,0.38790406673618355,2,OTHER,ULK,ULK,ULK4
CLK,-0.74,50,KRSA,0.35036496350364965,2,CMGC,CLK,CLK,CLK1
CLK,-0.74,50,KRSA,0.35036496350364965,2,CMGC,CLK,CLK,CLK2
CLK,-0.74,50,KRSA,0.35036496350364965,2,CMGC,CLK,CLK,CLK3
CLK,-0.74,50,KRSA,0.35036496350364965,2,CMGC,CLK,CLK,CLK4
BUD32,-0.7483333333333333,47,KRSA,0.38790406673618355,2,OTHER,BUD32,BUD32,TP53RK
CAMKK,-0.7408333333333333,49,KRSA,0.36287799791449427,2,OTHER,CAMKK,META,CAMKK1
CAMKK,-0.7408333333333333,49,KRSA,0.36287799791449427,2,OTHER,CAMKK,META,CAMKK2
SLK,0.47,60,KRSA,0.22523461939520334,1,STE,STE20,SLK,SLK
SLK,0.47,60,KRSA,0.22523461939520334,1,STE,STE20,SLK,STK10
PASK,0.6816666666666666,54,KRSA,0.30031282586027114,2,CAMK,CAMKL,PASK,PASK
PDHK,0.18083333333333343,70,KRSA,0.08759124087591241,1,ATYPICAL,PDHK,BCKDK,BCKDK
PDHK,0.18083333333333343,70,KRSA,0.08759124087591241,1,ATYPICAL,PDHK,PDHK,PDK2
PDHK,0.18083333333333343,70,KRSA,0.08759124087591241,1,ATYPICAL,PDHK,PDHK,PDK3
PDHK,0.18083333333333343,70,KRSA,0.08759124087591241,1,ATYPICAL,PDHK,PDHK,PDK4
KHS,0.26,68,KRSA,0.1251303441084463,1,STE,STE20,KHS,MAP4K1
KHS,0.26,68,KRSA,0.1251303441084463,1,STE,STE20,KHS,MAP4K2
KHS,0.26,68,KRSA,0.1251303441084463,1,STE,STE20,KHS,MAP4K3
KHS,0.26,68,KRSA,0.1251303441084463,1,STE,STE20,KHS,MAP4K5
NIK,-0.7433333333333334,48,KRSA,0.3753910323253389,2,STE,STE-UNIQUE,STE-UNIQUE,MAP3K14
CK1,-0.9975,34,KRSA,0.5630865484880083,3,CK1,CK1,CK1-A,CSNK1A1
CK1,-0.9975,34,KRSA,0.5630865484880083,3,CK1,CK1,CK1-A,CSNK1A1L
CK1,-0.9975,34,KRSA,0.5630865484880083,3,CK1,CK1,CK1-D,CSNK1D
CK1,-0.9975,34,KRSA,0.5630865484880083,3,CK1,CK1,CK1-D,CSNK1E
CK1,-0.9975,34,KRSA,0.5630865484880083,3,CK1,CK1,CK1-G,CSNK1G1
CK1,-0.9975,34,KRSA,0.5630865484880083,3,CK1,CK1,CK1-G,CSNK1G2
CK1,-0.9975,34,KRSA,0.5630865484880083,3,CK1,CK1,CK1-G,CSNK1G3
CK1,-0.9975,34,KRSA,0.5630865484880083,3,CK1,TTBK,TTBK,TTBK1
CK1,-0.9975,34,KRSA,0.5630865484880083,3,CK1,TTBK,TTBK,TTBK2
CK1,-0.9975,34,KRSA,0.5630865484880083,3,CK1,VRK,VRK,VRK3
NEK,-0.4816666666666667,59,KRSA,0.23774765380604795,1,OTHER,NEK,NEK11,NEK11
NEK,-0.4816666666666667,59,KRSA,0.23774765380604795,1,OTHER,NEK,NEK2,NEK2
NEK,-0.4816666666666667,59,KRSA,0.23774765380604795,1,OTHER,NEK,NEK1,NEK3
NEK,-0.4816666666666667,59,KRSA,0.23774765380604795,1,OTHER,NEK,NEK4,NEK4
NEK,-0.4816666666666667,59,KRSA,0.23774765380604795,1,OTHER,NEK,NEK1,NEK5
NEK,-0.4816666666666667,59,KRSA,0.23774765380604795,1,OTHER,NEK,NEK6,NEK6
NEK,-0.4816666666666667,59,KRSA,0.23774765380604795,1,OTHER,NEK,NEK6,NEK7
NEK,-0.4816666666666667,59,KRSA,0.23774765380604795,1,OTHER,NEK,NEK8,NEK8
NEK,-0.4816666666666667,59,KRSA,0.23774765380604795,1,OTHER,NEK,NEK8,NEK9
MELK,-0.8533333333333333,38,KRSA,0.5130344108446299,3,CAMK,CAMKL,MELK,MELK
NDR,0.16416666666666666,73,KRSA,0.05005213764337852,1,AGC,NDR,NDR,LATS1
NDR,0.16416666666666666,73,KRSA,0.05005213764337852,1,AGC,NDR,NDR,LATS2
NDR,0.16416666666666666,73,KRSA,0.05005213764337852,1,AGC,NDR,NDR,STK38
NDR,0.16416666666666666,73,KRSA,0.05005213764337852,1,AGC,NDR,NDR,STK38L
PIM,0.38833333333333336,65,KRSA,0.16266944734098018,1,CAMK,PIM,PIM,PIM1
PIM,0.38833333333333336,65,KRSA,0.16266944734098018,1,CAMK,PIM,PIM,PIM2
PIM,0.38833333333333336,65,KRSA,0.16266944734098018,1,CAMK,PIM,PIM,PIM3
AUR,-0.20083333333333336,69,KRSA,0.10010427528675704,1,OTHER,AUR,AUR,AURKA
AUR,-0.20083333333333336,69,KRSA,0.10010427528675704,1,OTHER,AUR,AUR,AURKB
AUR,-0.20083333333333336,69,KRSA,0.10010427528675704,1,OTHER,AUR,AUR,AURKC
STKR,-0.00333333333333334,77,KRSA,0,1,TKL,STKR,TYPE1,ACVR1
STKR,-0.00333333333333334,77,KRSA,0,1,TKL,STKR,TYPE1,ACVR1B
STKR,-0.00333333333333334,77,KRSA,0,1,TKL,STKR,TYPE1,ACVR1C
STKR,-0.00333333333333334,77,KRSA,0,1,TKL,STKR,TYPE2,ACVR2A
STKR,-0.00333333333333334,77,KRSA,0,1,TKL,STKR,TYPE2,ACVR2B
STKR,-0.00333333333333334,77,KRSA,0,1,TKL,STKR,TYPE1,ACVRL1
STKR,-0.00333333333333334,77,KRSA,0,1,TKL,STKR,TYPE2,AMHR2
STKR,-0.00333333333333334,77,KRSA,0,1,TKL,STKR,TYPE1,BMPR1A
STKR,-0.00333333333333334,77,KRSA,0,1,TKL,STKR,TYPE1,BMPR1B
STKR,-0.00333333333333334,77,KRSA,0,1,TKL,STKR,TYPE2,BMPR2
STKR,-0.00333333333333334,77,KRSA,0,1,TKL,STKR,TYPE1,TGFBR1
STKR,-0.00333333333333334,77,KRSA,0,1,TKL,STKR,TYPE2,TGFBR2
