Kinase,Peptide,LFC
BARK1,ACM1_444_456,-0.07002983323275795
CDK,ACM1_444_456,-0.07002983323275795
CK1,ACM1_444_456,-0.07002983323275795
DAPK,ACM1_444_456,-0.07002983323275795
DMPK,ACM1_444_456,-0.07002983323275795
DYRK,ACM1_444_456,-0.07002983323275795
ERK,ACM1_444_456,-0.07002983323275795
GSK,ACM1_444_456,-0.07002983323275795
IRAK,ACM1_444_456,-0.07002983323275795
JNK,ACM1_444_456,-0.07002983323275795
MLCK,ACM1_444_456,-0.07002983323275795
P38,ACM1_444_456,-0.07002983323275795
PDK1,ACM1_444_456,-0.07002983323275795
PEK,ACM1_444_456,-0.07002983323275795
PHK,ACM1_444_456,-0.07002983323275795
PIM,ACM1_444_456,-0.07002983323275795
PKCA,ACM1_444_456,-0.07002983323275795
RSK,ACM1_444_456,-0.07002983323275795
VRK2,ACM1_444_456,-0.07002983323275795
BARK1,ACM4_456_468,-0.05403226339539526
FRAY,ACM4_456_468,-0.05403226339539526
MELK,ACM4_456_468,-0.05403226339539526
PDHK,ACM4_456_468,-0.05403226339539526
PDK1,ACM4_456_468,-0.05403226339539526
PIM,ACM4_456_468,-0.05403226339539526
PKCA,ACM4_456_468,-0.05403226339539526
PKCH,ACM4_456_468,-0.05403226339539526
VRK2,ACM4_456_468,-0.05403226339539526
BARK1,ADDB_696_708,-0.06422590701187816
CDK,ADDB_696_708,-0.06422590701187816
CK1,ADDB_696_708,-0.06422590701187816
DMPK,ADDB_696_708,-0.06422590701187816
DYRK,ADDB_696_708,-0.06422590701187816
ERK,ADDB_696_708,-0.06422590701187816
GSK,ADDB_696_708,-0.06422590701187816
IKK,ADDB_696_708,-0.06422590701187816
JNK,ADDB_696_708,-0.06422590701187816
MELK,ADDB_696_708,-0.06422590701187816
MST,ADDB_696_708,-0.06422590701187816
NEK,ADDB_696_708,-0.06422590701187816
P38,ADDB_696_708,-0.06422590701187816
PDK1,ADDB_696_708,-0.06422590701187816
PEK,ADDB_696_708,-0.06422590701187816
PKCA,ADDB_696_708,-0.06422590701187816
PKCH,ADDB_696_708,-0.06422590701187816
PLK,ADDB_696_708,-0.06422590701187816
QIK,ADDB_696_708,-0.06422590701187816
RIPK,ADDB_696_708,-0.06422590701187816
STE7,ADDB_696_708,-0.06422590701187816
VRK1,ADDB_696_708,-0.06422590701187816
VRK2,ADDB_696_708,-0.06422590701187816
BARK1,ADDB_706_718,0.09036533344436748
CDK,ADDB_706_718,0.09036533344436748
CHK1,ADDB_706_718,0.09036533344436748
DMPK,ADDB_706_718,0.09036533344436748
DYRK,ADDB_706_718,0.09036533344436748
ERK,ADDB_706_718,0.09036533344436748
JNK,ADDB_706_718,0.09036533344436748
MAPKAPK,ADDB_706_718,0.09036533344436748
MST,ADDB_706_718,0.09036533344436748
NEK,ADDB_706_718,0.09036533344436748
P38,ADDB_706_718,0.09036533344436748
PAKA,ADDB_706_718,0.09036533344436748
PDHK,ADDB_706_718,0.09036533344436748
PDK1,ADDB_706_718,0.09036533344436748
PEK,ADDB_706_718,0.09036533344436748
PHK,ADDB_706_718,0.09036533344436748
PIM,ADDB_706_718,0.09036533344436748
PKCA,ADDB_706_718,0.09036533344436748
PLK,ADDB_706_718,0.09036533344436748
RAD53,ADDB_706_718,0.09036533344436748
RSK,ADDB_706_718,0.09036533344436748
VRK2,ADDB_706_718,0.09036533344436748
AKT,ADRB2_338_350,0.5746308603143792
BARK1,ADRB2_338_350,0.5746308603143792
CAMK1,ADRB2_338_350,0.5746308603143792
CDK,ADRB2_338_350,0.5746308603143792
CHK1,ADRB2_338_350,0.5746308603143792
DMPK,ADRB2_338_350,0.5746308603143792
GRK,ADRB2_338_350,0.5746308603143792
PAKA,ADRB2_338_350,0.5746308603143792
PKA,ADRB2_338_350,0.5746308603143792
PKCA,ADRB2_338_350,0.5746308603143792
PKCI,ADRB2_338_350,0.5746308603143792
PKG,ADRB2_338_350,0.5746308603143792
RAD53,ADRB2_338_350,0.5746308603143792
RSK,ADRB2_338_350,0.5746308603143792
VRK2,ADRB2_338_350,0.5746308603143792
AKT,ANDR_785_797,0.11034493041180848
ATR,ANDR_785_797,0.11034493041180848
BARK1,ANDR_785_797,0.11034493041180848
DMPK,ANDR_785_797,0.11034493041180848
PHK,ANDR_785_797,0.11034493041180848
PIM,ANDR_785_797,0.11034493041180848
PKA,ANDR_785_797,0.11034493041180848
PKD,ANDR_785_797,0.11034493041180848
RAF,ANDR_785_797,0.11034493041180848
RSK,ANDR_785_797,0.11034493041180848
VRK2,ANDR_785_797,0.11034493041180848
AKT,ANXA1_209_221,0.28004819590736957
BARK1,ANXA1_209_221,0.28004819590736957
DMPK,ANXA1_209_221,0.28004819590736957
PHK,ANXA1_209_221,0.28004819590736957
PKA,ANXA1_209_221,0.28004819590736957
PKCA,ANXA1_209_221,0.28004819590736957
PKG,ANXA1_209_221,0.28004819590736957
RSK,ANXA1_209_221,0.28004819590736957
VRK2,ANXA1_209_221,0.28004819590736957
AMPK,BAD_112_124,0.6223472560446313
BARK1,BAD_112_124,0.6223472560446313
CK1,BAD_112_124,0.6223472560446313
DMPK,BAD_112_124,0.6223472560446313
FRAY,BAD_112_124,0.6223472560446313
IRAK,BAD_112_124,0.6223472560446313
NEK,BAD_112_124,0.6223472560446313
PAKA,BAD_112_124,0.6223472560446313
PDHK,BAD_112_124,0.6223472560446313
PEK,BAD_112_124,0.6223472560446313
PHK,BAD_112_124,0.6223472560446313
PIM,BAD_112_124,0.6223472560446313
PKA,BAD_112_124,0.6223472560446313
PKCA,BAD_112_124,0.6223472560446313
PKCI,BAD_112_124,0.6223472560446313
PKD,BAD_112_124,0.6223472560446313
PKG,BAD_112_124,0.6223472560446313
QIK,BAD_112_124,0.6223472560446313
RAF,BAD_112_124,0.6223472560446313
RSK,BAD_112_124,0.6223472560446313
STE7,BAD_112_124,0.6223472560446313
VRK2,BAD_112_124,0.6223472560446313
AKT,BAD_69_81,0.1401959928798527
BARK1,BAD_69_81,0.1401959928798527
CDK,BAD_69_81,0.1401959928798527
DMPK,BAD_69_81,0.1401959928798527
ERK,BAD_69_81,0.1401959928798527
MELK,BAD_69_81,0.1401959928798527
MTOR,BAD_69_81,0.1401959928798527
PAKA,BAD_69_81,0.1401959928798527
PAKB,BAD_69_81,0.1401959928798527
PDHK,BAD_69_81,0.1401959928798527
PDK1,BAD_69_81,0.1401959928798527
PEK,BAD_69_81,0.1401959928798527
PHK,BAD_69_81,0.1401959928798527
PIM,BAD_69_81,0.1401959928798527
PKA,BAD_69_81,0.1401959928798527
PKCA,BAD_69_81,0.1401959928798527
PKCI,BAD_69_81,0.1401959928798527
PKD,BAD_69_81,0.1401959928798527
PKG,BAD_69_81,0.1401959928798527
QIK,BAD_69_81,0.1401959928798527
RAD53,BAD_69_81,0.1401959928798527
RAF,BAD_69_81,0.1401959928798527
RSK,BAD_69_81,0.1401959928798527
SGK,BAD_69_81,0.1401959928798527
VRK2,BAD_69_81,0.1401959928798527
AKT,BAD_93_105,-0.05168833002080308
BARK1,BAD_93_105,-0.05168833002080308
DMPK,BAD_93_105,-0.05168833002080308
MAPKAPK,BAD_93_105,-0.05168833002080308
PAKA,BAD_93_105,-0.05168833002080308
PHK,BAD_93_105,-0.05168833002080308
PIM,BAD_93_105,-0.05168833002080308
PKA,BAD_93_105,-0.05168833002080308
PKCA,BAD_93_105,-0.05168833002080308
PKCI,BAD_93_105,-0.05168833002080308
PKD,BAD_93_105,-0.05168833002080308
PKG,BAD_93_105,-0.05168833002080308
QIK,BAD_93_105,-0.05168833002080308
RAF,BAD_93_105,-0.05168833002080308
RSK,BAD_93_105,-0.05168833002080308
SGK,BAD_93_105,-0.05168833002080308
VRK2,BAD_93_105,-0.05168833002080308
AKT,BCKD_45_57,-0.04252558526610113
BARK1,BCKD_45_57,-0.04252558526610113
CDK,BCKD_45_57,-0.04252558526610113
DMPK,BCKD_45_57,-0.04252558526610113
FRAY,BCKD_45_57,-0.04252558526610113
GRK,BCKD_45_57,-0.04252558526610113
IKK,BCKD_45_57,-0.04252558526610113
MAPKAPK,BCKD_45_57,-0.04252558526610113
MELK,BCKD_45_57,-0.04252558526610113
MLCK,BCKD_45_57,-0.04252558526610113
MST,BCKD_45_57,-0.04252558526610113
PAKA,BCKD_45_57,-0.04252558526610113
PDHK,BCKD_45_57,-0.04252558526610113
PDK1,BCKD_45_57,-0.04252558526610113
PEK,BCKD_45_57,-0.04252558526610113
PHK,BCKD_45_57,-0.04252558526610113
PIM,BCKD_45_57,-0.04252558526610113
PKA,BCKD_45_57,-0.04252558526610113
PKCA,BCKD_45_57,-0.04252558526610113
PKG,BCKD_45_57,-0.04252558526610113
PLK,BCKD_45_57,-0.04252558526610113
QIK,BCKD_45_57,-0.04252558526610113
RSK,BCKD_45_57,-0.04252558526610113
SGK,BCKD_45_57,-0.04252558526610113
STE7,BCKD_45_57,-0.04252558526610113
VRK2,BCKD_45_57,-0.04252558526610113
BARK1,C1R_201_213,0.1931429941781591
CDK,C1R_201_213,0.1931429941781591
CK1,C1R_201_213,0.1931429941781591
CK2,C1R_201_213,0.1931429941781591
DMPK,C1R_201_213,0.1931429941781591
DYRK,C1R_201_213,0.1931429941781591
ERK,C1R_201_213,0.1931429941781591
IRAK,C1R_201_213,0.1931429941781591
JNK,C1R_201_213,0.1931429941781591
P38,C1R_201_213,0.1931429941781591
PDHK,C1R_201_213,0.1931429941781591
PEK,C1R_201_213,0.1931429941781591
PHK,C1R_201_213,0.1931429941781591
PKCA,C1R_201_213,0.1931429941781591
PLK,C1R_201_213,0.1931429941781591
QIK,C1R_201_213,0.1931429941781591
STE7,C1R_201_213,0.1931429941781591
STKR,C1R_201_213,0.1931429941781591
VRK2,C1R_201_213,0.1931429941781591
BARK1,CAC1C_1974_1986,0.5138448873063025
CAMK1,CAC1C_1974_1986,0.5138448873063025
MAPKAPK,CAC1C_1974_1986,0.5138448873063025
PDHK,CAC1C_1974_1986,0.5138448873063025
PHK,CAC1C_1974_1986,0.5138448873063025
PIM,CAC1C_1974_1986,0.5138448873063025
PKCA,CAC1C_1974_1986,0.5138448873063025
PKD,CAC1C_1974_1986,0.5138448873063025
PKG,CAC1C_1974_1986,0.5138448873063025
QIK,CAC1C_1974_1986,0.5138448873063025
RAD53,CAC1C_1974_1986,0.5138448873063025
RIPK,CAC1C_1974_1986,0.5138448873063025
RSK,CAC1C_1974_1986,0.5138448873063025
VRK2,CAC1C_1974_1986,0.5138448873063025
AKT,CD27_212_224,0.2676233249226139
BARK1,CD27_212_224,0.2676233249226139
CDK,CD27_212_224,0.2676233249226139
DMPK,CD27_212_224,0.2676233249226139
ERK,CD27_212_224,0.2676233249226139
IKK,CD27_212_224,0.2676233249226139
JNK,CD27_212_224,0.2676233249226139
P38,CD27_212_224,0.2676233249226139
PDHK,CD27_212_224,0.2676233249226139
PEK,CD27_212_224,0.2676233249226139
PHK,CD27_212_224,0.2676233249226139
PIM,CD27_212_224,0.2676233249226139
PKCA,CD27_212_224,0.2676233249226139
PKD,CD27_212_224,0.2676233249226139
QIK,CD27_212_224,0.2676233249226139
RSK,CD27_212_224,0.2676233249226139
VRK2,CD27_212_224,0.2676233249226139
BARK1,CDC2_154_169,-0.18485925201033945
CDK,CDC2_154_169,-0.18485925201033945
COT,CDC2_154_169,-0.18485925201033945
PEK,CDC2_154_169,-0.18485925201033945
PKG,CDC2_154_169,-0.18485925201033945
RSK,CDC2_154_169,-0.18485925201033945
STE7,CDC2_154_169,-0.18485925201033945
VRK2,CDC2_154_169,-0.18485925201033945
BARK1,CDK7_163_175,-0.03489100385630668
CDK,CDK7_163_175,-0.03489100385630668
DMPK,CDK7_163_175,-0.03489100385630668
DYRK,CDK7_163_175,-0.03489100385630668
FRAY,CDK7_163_175,-0.03489100385630668
JNK,CDK7_163_175,-0.03489100385630668
MAPKAPK,CDK7_163_175,-0.03489100385630668
MST,CDK7_163_175,-0.03489100385630668
MTOR,CDK7_163_175,-0.03489100385630668
P38,CDK7_163_175,-0.03489100385630668
PDK1,CDK7_163_175,-0.03489100385630668
PEK,CDK7_163_175,-0.03489100385630668
PHK,CDK7_163_175,-0.03489100385630668
PIM,CDK7_163_175,-0.03489100385630668
PKCA,CDK7_163_175,-0.03489100385630668
PKCI,CDK7_163_175,-0.03489100385630668
PRKDC,CDK7_163_175,-0.03489100385630668
QIK,CDK7_163_175,-0.03489100385630668
STE7,CDK7_163_175,-0.03489100385630668
VRK2,CDK7_163_175,-0.03489100385630668
AUR,CENPA_1_14,0.02234334011471173
BARK1,CENPA_1_14,0.02234334011471173
DMPK,CENPA_1_14,0.02234334011471173
MAPKAPK,CENPA_1_14,0.02234334011471173
PIM,CENPA_1_14,0.02234334011471173
PKCA,CENPA_1_14,0.02234334011471173
PKG,CENPA_1_14,0.02234334011471173
VRK2,CENPA_1_14,0.02234334011471173
AMPK,CFTR_730_742,0.8407929326927229
BARK1,CFTR_730_742,0.8407929326927229
CAMK2,CFTR_730_742,0.8407929326927229
CDK,CFTR_730_742,0.8407929326927229
DAPK,CFTR_730_742,0.8407929326927229
DYRK,CFTR_730_742,0.8407929326927229
GRK,CFTR_730_742,0.8407929326927229
IKK,CFTR_730_742,0.8407929326927229
MAPKAPK,CFTR_730_742,0.8407929326927229
PAKA,CFTR_730_742,0.8407929326927229
PDHK,CFTR_730_742,0.8407929326927229
PEK,CFTR_730_742,0.8407929326927229
PHK,CFTR_730_742,0.8407929326927229
PKA,CFTR_730_742,0.8407929326927229
PKCA,CFTR_730_742,0.8407929326927229
PKD,CFTR_730_742,0.8407929326927229
PKG,CFTR_730_742,0.8407929326927229
QIK,CFTR_730_742,0.8407929326927229
RAD53,CFTR_730_742,0.8407929326927229
RSK,CFTR_730_742,0.8407929326927229
VRK2,CFTR_730_742,0.8407929326927229
AKT,CGHB_109_121,0.5060454361965494
BARK1,CGHB_109_121,0.5060454361965494
CAMK2,CGHB_109_121,0.5060454361965494
DMPK,CGHB_109_121,0.5060454361965494
IKK,CGHB_109_121,0.5060454361965494
MTOR,CGHB_109_121,0.5060454361965494
PDHK,CGHB_109_121,0.5060454361965494
PDK1,CGHB_109_121,0.5060454361965494
PEK,CGHB_109_121,0.5060454361965494
PKA,CGHB_109_121,0.5060454361965494
PKCA,CGHB_109_121,0.5060454361965494
PKG,CGHB_109_121,0.5060454361965494
RSK,CGHB_109_121,0.5060454361965494
VRK2,CGHB_109_121,0.5060454361965494
AMPK,CREB1_126_138,0.3954376081623845
ATM,CREB1_126_138,0.3954376081623845
BARK1,CREB1_126_138,0.3954376081623845
CAMK1,CREB1_126_138,0.3954376081623845
CAMK2,CREB1_126_138,0.3954376081623845
COT,CREB1_126_138,0.3954376081623845
DMPK,CREB1_126_138,0.3954376081623845
DYRK,CREB1_126_138,0.3954376081623845
GSK,CREB1_126_138,0.3954376081623845
MAPKAPK,CREB1_126_138,0.3954376081623845
PDHK,CREB1_126_138,0.3954376081623845
PHK,CREB1_126_138,0.3954376081623845
PIM,CREB1_126_138,0.3954376081623845
PKA,CREB1_126_138,0.3954376081623845
PKCA,CREB1_126_138,0.3954376081623845
PKCD,CREB1_126_138,0.3954376081623845
PKCH,CREB1_126_138,0.3954376081623845
PKD,CREB1_126_138,0.3954376081623845
QIK,CREB1_126_138,0.3954376081623845
RAD53,CREB1_126_138,0.3954376081623845
RSK,CREB1_126_138,0.3954376081623845
SGK,CREB1_126_138,0.3954376081623845
VRK2,CREB1_126_138,0.3954376081623845
AMPK,CSF1R_701_713,0.4797512158646781
BARK1,CSF1R_701_713,0.4797512158646781
CDK,CSF1R_701_713,0.4797512158646781
CK1,CSF1R_701_713,0.4797512158646781
DMPK,CSF1R_701_713,0.4797512158646781
PDHK,CSF1R_701_713,0.4797512158646781
PEK,CSF1R_701_713,0.4797512158646781
PIM,CSF1R_701_713,0.4797512158646781
PKA,CSF1R_701_713,0.4797512158646781
PKCA,CSF1R_701_713,0.4797512158646781
PKG,CSF1R_701_713,0.4797512158646781
RSK,CSF1R_701_713,0.4797512158646781
VRK2,CSF1R_701_713,0.4797512158646781
AMPK,DESP_2842_2854,0.5841515072816682
BARK1,DESP_2842_2854,0.5841515072816682
CAMK1,DESP_2842_2854,0.5841515072816682
CDK,DESP_2842_2854,0.5841515072816682
CK1,DESP_2842_2854,0.5841515072816682
DMPK,DESP_2842_2854,0.5841515072816682
GSK,DESP_2842_2854,0.5841515072816682
IKK,DESP_2842_2854,0.5841515072816682
MAPKAPK,DESP_2842_2854,0.5841515072816682
P38,DESP_2842_2854,0.5841515072816682
PDHK,DESP_2842_2854,0.5841515072816682
PDK1,DESP_2842_2854,0.5841515072816682
PEK,DESP_2842_2854,0.5841515072816682
PHK,DESP_2842_2854,0.5841515072816682
PIM,DESP_2842_2854,0.5841515072816682
PKA,DESP_2842_2854,0.5841515072816682
PKCA,DESP_2842_2854,0.5841515072816682
PKG,DESP_2842_2854,0.5841515072816682
QIK,DESP_2842_2854,0.5841515072816682
RIPK,DESP_2842_2854,0.5841515072816682
RSK,DESP_2842_2854,0.5841515072816682
SGK,DESP_2842_2854,0.5841515072816682
STE11,DESP_2842_2854,0.5841515072816682
STE7,DESP_2842_2854,0.5841515072816682
VRK2,DESP_2842_2854,0.5841515072816682
BARK1,EPB42_241_253,0.5812300550215355
DMPK,EPB42_241_253,0.5812300550215355
PHK,EPB42_241_253,0.5812300550215355
PIM,EPB42_241_253,0.5812300550215355
PKA,EPB42_241_253,0.5812300550215355
PKCA,EPB42_241_253,0.5812300550215355
PKG,EPB42_241_253,0.5812300550215355
RAD53,EPB42_241_253,0.5812300550215355
RSK,EPB42_241_253,0.5812300550215355
VRK2,EPB42_241_253,0.5812300550215355
BARK1,ERBB2_679_691,0.04489791317257168
DMPK,ERBB2_679_691,0.04489791317257168
PHK,ERBB2_679_691,0.04489791317257168
PIM,ERBB2_679_691,0.04489791317257168
PKA,ERBB2_679_691,0.04489791317257168
PKCA,ERBB2_679_691,0.04489791317257168
PKCD,ERBB2_679_691,0.04489791317257168
PKCH,ERBB2_679_691,0.04489791317257168
PKG,ERBB2_679_691,0.04489791317257168
RSK,ERBB2_679_691,0.04489791317257168
VRK2,ERBB2_679_691,0.04489791317257168
BARK1,ERF_519_531,0.4191954841138653
CDK,ERF_519_531,0.4191954841138653
CHK1,ERF_519_531,0.4191954841138653
DAPK,ERF_519_531,0.4191954841138653
DMPK,ERF_519_531,0.4191954841138653
DYRK,ERF_519_531,0.4191954841138653
ERK,ERF_519_531,0.4191954841138653
IRAK,ERF_519_531,0.4191954841138653
MST,ERF_519_531,0.4191954841138653
P38,ERF_519_531,0.4191954841138653
PDK1,ERF_519_531,0.4191954841138653
PEK,ERF_519_531,0.4191954841138653
PIM,ERF_519_531,0.4191954841138653
PKA,ERF_519_531,0.4191954841138653
PKCA,ERF_519_531,0.4191954841138653
PKG,ERF_519_531,0.4191954841138653
RAD53,ERF_519_531,0.4191954841138653
RSK,ERF_519_531,0.4191954841138653
VRK2,ERF_519_531,0.4191954841138653
AKT,ESR1_160_172,0.33689460207150645
AUR,ESR1_160_172,0.33689460207150645
BARK1,ESR1_160_172,0.33689460207150645
CK2,ESR1_160_172,0.33689460207150645
DMPK,ESR1_160_172,0.33689460207150645
IKK,ESR1_160_172,0.33689460207150645
PEK,ESR1_160_172,0.33689460207150645
PHK,ESR1_160_172,0.33689460207150645
PIM,ESR1_160_172,0.33689460207150645
PKCA,ESR1_160_172,0.33689460207150645
RSK,ESR1_160_172,0.33689460207150645
STE11,ESR1_160_172,0.33689460207150645
STE7,ESR1_160_172,0.33689460207150645
VRK2,ESR1_160_172,0.33689460207150645
BARK1,FIBA_569_581,0.01285538876377974
CDK,FIBA_569_581,0.01285538876377974
CK1,FIBA_569_581,0.01285538876377974
DAPK,FIBA_569_581,0.01285538876377974
DMPK,FIBA_569_581,0.01285538876377974
ERK,FIBA_569_581,0.01285538876377974
GSK,FIBA_569_581,0.01285538876377974
HAL,FIBA_569_581,0.01285538876377974
IKK,FIBA_569_581,0.01285538876377974
JNK,FIBA_569_581,0.01285538876377974
MLCK,FIBA_569_581,0.01285538876377974
MST,FIBA_569_581,0.01285538876377974
PDHK,FIBA_569_581,0.01285538876377974
PEK,FIBA_569_581,0.01285538876377974
PHK,FIBA_569_581,0.01285538876377974
PIM,FIBA_569_581,0.01285538876377974
PKA,FIBA_569_581,0.01285538876377974
PKCA,FIBA_569_581,0.01285538876377974
PKG,FIBA_569_581,0.01285538876377974
PLK,FIBA_569_581,0.01285538876377974
QIK,FIBA_569_581,0.01285538876377974
RAF,FIBA_569_581,0.01285538876377974
RIPK,FIBA_569_581,0.01285538876377974
RSK,FIBA_569_581,0.01285538876377974
SGK,FIBA_569_581,0.01285538876377974
STE7,FIBA_569_581,0.01285538876377974
VRK2,FIBA_569_581,0.01285538876377974
AKT,FOXO3_25_37,-0.11303183559337408
BARK1,FOXO3_25_37,-0.11303183559337408
CDK,FOXO3_25_37,-0.11303183559337408
ERK,FOXO3_25_37,-0.11303183559337408
MAPKAPK,FOXO3_25_37,-0.11303183559337408
P38,FOXO3_25_37,-0.11303183559337408
PHK,FOXO3_25_37,-0.11303183559337408
PIM,FOXO3_25_37,-0.11303183559337408
PKCA,FOXO3_25_37,-0.11303183559337408
QIK,FOXO3_25_37,-0.11303183559337408
RAF,FOXO3_25_37,-0.11303183559337408
RSK,FOXO3_25_37,-0.11303183559337408
SGK,FOXO3_25_37,-0.11303183559337408
VRK2,FOXO3_25_37,-0.11303183559337408
AKT,FRAP_2443_2455,0.07594260934526739
AMPK,FRAP_2443_2455,0.07594260934526739
BARK1,FRAP_2443_2455,0.07594260934526739
CK1,FRAP_2443_2455,0.07594260934526739
DAPK,FRAP_2443_2455,0.07594260934526739
DMPK,FRAP_2443_2455,0.07594260934526739
MAPKAPK,FRAP_2443_2455,0.07594260934526739
MELK,FRAP_2443_2455,0.07594260934526739
MLK,FRAP_2443_2455,0.07594260934526739
MSN,FRAP_2443_2455,0.07594260934526739
MTOR,FRAP_2443_2455,0.07594260934526739
NEK,FRAP_2443_2455,0.07594260934526739
PDHK,FRAP_2443_2455,0.07594260934526739
PDK1,FRAP_2443_2455,0.07594260934526739
PEK,FRAP_2443_2455,0.07594260934526739
PHK,FRAP_2443_2455,0.07594260934526739
PIM,FRAP_2443_2455,0.07594260934526739
PKA,FRAP_2443_2455,0.07594260934526739
PKCA,FRAP_2443_2455,0.07594260934526739
QIK,FRAP_2443_2455,0.07594260934526739
RSK,FRAP_2443_2455,0.07594260934526739
SGK,FRAP_2443_2455,0.07594260934526739
TAO,FRAP_2443_2455,0.07594260934526739
VRK2,FRAP_2443_2455,0.07594260934526739
AKT,GPR6_349_361,0.05645040183836099
BARK1,GPR6_349_361,0.05645040183836099
CDK,GPR6_349_361,0.05645040183836099
CK1,GPR6_349_361,0.05645040183836099
DMPK,GPR6_349_361,0.05645040183836099
DYRK,GPR6_349_361,0.05645040183836099
ERK,GPR6_349_361,0.05645040183836099
IKK,GPR6_349_361,0.05645040183836099
JNK,GPR6_349_361,0.05645040183836099
MAPKAPK,GPR6_349_361,0.05645040183836099
MELK,GPR6_349_361,0.05645040183836099
P38,GPR6_349_361,0.05645040183836099
PDK1,GPR6_349_361,0.05645040183836099
PEK,GPR6_349_361,0.05645040183836099
PHK,GPR6_349_361,0.05645040183836099
PKCA,GPR6_349_361,0.05645040183836099
QIK,GPR6_349_361,0.05645040183836099
RAF,GPR6_349_361,0.05645040183836099
RSK,GPR6_349_361,0.05645040183836099
SGK,GPR6_349_361,0.05645040183836099
VRK2,GPR6_349_361,0.05645040183836099
AMPK,GPSM2_394_406,0.6857600035411284
BARK1,GPSM2_394_406,0.6857600035411284
CAMK1,GPSM2_394_406,0.6857600035411284
CHK1,GPSM2_394_406,0.6857600035411284
DMPK,GPSM2_394_406,0.6857600035411284
IKK,GPSM2_394_406,0.6857600035411284
MAPKAPK,GPSM2_394_406,0.6857600035411284
MARK,GPSM2_394_406,0.6857600035411284
PHK,GPSM2_394_406,0.6857600035411284
PKCA,GPSM2_394_406,0.6857600035411284
PKD,GPSM2_394_406,0.6857600035411284
VRK2,GPSM2_394_406,0.6857600035411284
BARK1,GSUB_61_73,0.03072934381812923
CDK,GSUB_61_73,0.03072934381812923
DAPK,GSUB_61_73,0.03072934381812923
DMPK,GSUB_61_73,0.03072934381812923
DYRK,GSUB_61_73,0.03072934381812923
ERK,GSUB_61_73,0.03072934381812923
PDK1,GSUB_61_73,0.03072934381812923
PHK,GSUB_61_73,0.03072934381812923
PKA,GSUB_61_73,0.03072934381812923
PKG,GSUB_61_73,0.03072934381812923
PLK,GSUB_61_73,0.03072934381812923
VRK2,GSUB_61_73,0.03072934381812923
AKT,GYS2_1_13,-0.04231598222643769
BARK1,GYS2_1_13,-0.04231598222643769
CDK,GYS2_1_13,-0.04231598222643769
DMPK,GYS2_1_13,-0.04231598222643769
IKK,GYS2_1_13,-0.04231598222643769
MAPKAPK,GYS2_1_13,-0.04231598222643769
MTOR,GYS2_1_13,-0.04231598222643769
PEK,GYS2_1_13,-0.04231598222643769
PHK,GYS2_1_13,-0.04231598222643769
PKA,GYS2_1_13,-0.04231598222643769
PKCA,GYS2_1_13,-0.04231598222643769
QIK,GYS2_1_13,-0.04231598222643769
RSK,GYS2_1_13,-0.04231598222643769
SGK,GYS2_1_13,-0.04231598222643769
VRK2,GYS2_1_13,-0.04231598222643769
AKT,H2B1B_ 27_40,0.03260709304899241
AMPK,H2B1B_ 27_40,0.03260709304899241
BARK1,H2B1B_ 27_40,0.03260709304899241
CAMK1,H2B1B_ 27_40,0.03260709304899241
CDK,H2B1B_ 27_40,0.03260709304899241
COT,H2B1B_ 27_40,0.03260709304899241
DAPK,H2B1B_ 27_40,0.03260709304899241
DMPK,H2B1B_ 27_40,0.03260709304899241
IKK,H2B1B_ 27_40,0.03260709304899241
MLK,H2B1B_ 27_40,0.03260709304899241
MST,H2B1B_ 27_40,0.03260709304899241
PAKA,H2B1B_ 27_40,0.03260709304899241
PAKB,H2B1B_ 27_40,0.03260709304899241
PDHK,H2B1B_ 27_40,0.03260709304899241
PEK,H2B1B_ 27_40,0.03260709304899241
PHK,H2B1B_ 27_40,0.03260709304899241
PIM,H2B1B_ 27_40,0.03260709304899241
PKA,H2B1B_ 27_40,0.03260709304899241
PKCA,H2B1B_ 27_40,0.03260709304899241
PKCH,H2B1B_ 27_40,0.03260709304899241
PKD,H2B1B_ 27_40,0.03260709304899241
PKG,H2B1B_ 27_40,0.03260709304899241
PLK,H2B1B_ 27_40,0.03260709304899241
QIK,H2B1B_ 27_40,0.03260709304899241
RAD53,H2B1B_ 27_40,0.03260709304899241
RSK,H2B1B_ 27_40,0.03260709304899241
SGK,H2B1B_ 27_40,0.03260709304899241
VRK2,H2B1B_ 27_40,0.03260709304899241
AMPK,H32_3_18,0.09435542714087486
ATR,H32_3_18,0.09435542714087486
AUR,H32_3_18,0.09435542714087486
BARK1,H32_3_18,0.09435542714087486
DAPK,H32_3_18,0.09435542714087486
DMPK,H32_3_18,0.09435542714087486
DYRK,H32_3_18,0.09435542714087486
MLK,H32_3_18,0.09435542714087486
MST,H32_3_18,0.09435542714087486
MTOR,H32_3_18,0.09435542714087486
PHK,H32_3_18,0.09435542714087486
PIM,H32_3_18,0.09435542714087486
PKCA,H32_3_18,0.09435542714087486
PKCD,H32_3_18,0.09435542714087486
PRKDC,H32_3_18,0.09435542714087486
QIK,H32_3_18,0.09435542714087486
RAD53,H32_3_18,0.09435542714087486
RSK,H32_3_18,0.09435542714087486
STE7,H32_3_18,0.09435542714087486
VRK1,H32_3_18,0.09435542714087486
VRK2,H32_3_18,0.09435542714087486
BARK1,IF4E_203_215,-0.03699230533995153
CDK,IF4E_203_215,-0.03699230533995153
DMPK,IF4E_203_215,-0.03699230533995153
ERK,IF4E_203_215,-0.03699230533995153
GRK,IF4E_203_215,-0.03699230533995153
IKK,IF4E_203_215,-0.03699230533995153
LKB,IF4E_203_215,-0.03699230533995153
MAPKAPK,IF4E_203_215,-0.03699230533995153
MLK,IF4E_203_215,-0.03699230533995153
P38,IF4E_203_215,-0.03699230533995153
PEK,IF4E_203_215,-0.03699230533995153
PKCA,IF4E_203_215,-0.03699230533995153
QIK,IF4E_203_215,-0.03699230533995153
RIPK,IF4E_203_215,-0.03699230533995153
STKR,IF4E_203_215,-0.03699230533995153
VRK1,IF4E_203_215,-0.03699230533995153
VRK2,IF4E_203_215,-0.03699230533995153
BARK1,K6PL_766_778,-0.11899827853053029
AKT,K6PL_766_778,-0.11899827853053029
CAMK2,K6PL_766_778,-0.11899827853053029
CDK,K6PL_766_778,-0.11899827853053029
MAPKAPK,K6PL_766_778,-0.11899827853053029
MARK,K6PL_766_778,-0.11899827853053029
MOS,K6PL_766_778,-0.11899827853053029
PEK,K6PL_766_778,-0.11899827853053029
PHK,K6PL_766_778,-0.11899827853053029
PKA,K6PL_766_778,-0.11899827853053029
PKCA,K6PL_766_778,-0.11899827853053029
PKG,K6PL_766_778,-0.11899827853053029
RAD53,K6PL_766_778,-0.11899827853053029
RSK,K6PL_766_778,-0.11899827853053029
VRK2,K6PL_766_778,-0.11899827853053029
BARK1,KAP2_92_104,0.5738257478208778
CDK,KAP2_92_104,0.5738257478208778
CK2,KAP2_92_104,0.5738257478208778
DMPK,KAP2_92_104,0.5738257478208778
ERK,KAP2_92_104,0.5738257478208778
GSK,KAP2_92_104,0.5738257478208778
MAPKAPK,KAP2_92_104,0.5738257478208778
PDHK,KAP2_92_104,0.5738257478208778
PEK,KAP2_92_104,0.5738257478208778
PHK,KAP2_92_104,0.5738257478208778
PIM,KAP2_92_104,0.5738257478208778
PKA,KAP2_92_104,0.5738257478208778
PKCA,KAP2_92_104,0.5738257478208778
PKD,KAP2_92_104,0.5738257478208778
PKG,KAP2_92_104,0.5738257478208778
QIK,KAP2_92_104,0.5738257478208778
RIPK,KAP2_92_104,0.5738257478208778
RSK,KAP2_92_104,0.5738257478208778
VRK2,KAP2_92_104,0.5738257478208778
AKT,KAP3_107_119,0.5294267901395807
AUR,KAP3_107_119,0.5294267901395807
BARK1,KAP3_107_119,0.5294267901395807
DMPK,KAP3_107_119,0.5294267901395807
MAPKAPK,KAP3_107_119,0.5294267901395807
PDHK,KAP3_107_119,0.5294267901395807
PHK,KAP3_107_119,0.5294267901395807
PKA,KAP3_107_119,0.5294267901395807
PKCA,KAP3_107_119,0.5294267901395807
RIPK,KAP3_107_119,0.5294267901395807
VRK2,KAP3_107_119,0.5294267901395807
BARK1,KAPCG_192_206,0.07512125380063524
CAMK2,KAPCG_192_206,0.07512125380063524
CDK,KAPCG_192_206,0.07512125380063524
DMPK,KAPCG_192_206,0.07512125380063524
DYRK,KAPCG_192_206,0.07512125380063524
ERK,KAPCG_192_206,0.07512125380063524
GSK,KAPCG_192_206,0.07512125380063524
IKK,KAPCG_192_206,0.07512125380063524
IRAK,KAPCG_192_206,0.07512125380063524
LKB,KAPCG_192_206,0.07512125380063524
MELK,KAPCG_192_206,0.07512125380063524
MST,KAPCG_192_206,0.07512125380063524
MTOR,KAPCG_192_206,0.07512125380063524
PDHK,KAPCG_192_206,0.07512125380063524
PDK1,KAPCG_192_206,0.07512125380063524
PHK,KAPCG_192_206,0.07512125380063524
PIM,KAPCG_192_206,0.07512125380063524
PKCH,KAPCG_192_206,0.07512125380063524
VRK2,KAPCG_192_206,0.07512125380063524
BARK1,KCC2G_278_289,-0.1948640715746735
CAMK2,KCC2G_278_289,-0.1948640715746735
CDK,KCC2G_278_289,-0.1948640715746735
CK1,KCC2G_278_289,-0.1948640715746735
MAPKAPK,KCC2G_278_289,-0.1948640715746735
MELK,KCC2G_278_289,-0.1948640715746735
MLCK,KCC2G_278_289,-0.1948640715746735
PEK,KCC2G_278_289,-0.1948640715746735
PHK,KCC2G_278_289,-0.1948640715746735
PIM,KCC2G_278_289,-0.1948640715746735
PKCA,KCC2G_278_289,-0.1948640715746735
PKCI,KCC2G_278_289,-0.1948640715746735
PLK,KCC2G_278_289,-0.1948640715746735
QIK,KCC2G_278_289,-0.1948640715746735
RSK,KCC2G_278_289,-0.1948640715746735
SGK,KCC2G_278_289,-0.1948640715746735
VRK2,KCC2G_278_289,-0.1948640715746735
AKT,KCNA1_438_450,0.5668190046611447
AMPK,KCNA1_438_450,0.5668190046611447
BARK1,KCNA1_438_450,0.5668190046611447
CAMK1,KCNA1_438_450,0.5668190046611447
CDK,KCNA1_438_450,0.5668190046611447
CK1,KCNA1_438_450,0.5668190046611447
DAPK,KCNA1_438_450,0.5668190046611447
DMPK,KCNA1_438_450,0.5668190046611447
ERK,KCNA1_438_450,0.5668190046611447
GRK,KCNA1_438_450,0.5668190046611447
IKK,KCNA1_438_450,0.5668190046611447
JNK,KCNA1_438_450,0.5668190046611447
MAPKAPK,KCNA1_438_450,0.5668190046611447
MELK,KCNA1_438_450,0.5668190046611447
NEK,KCNA1_438_450,0.5668190046611447
P38,KCNA1_438_450,0.5668190046611447
PDHK,KCNA1_438_450,0.5668190046611447
PEK,KCNA1_438_450,0.5668190046611447
PHK,KCNA1_438_450,0.5668190046611447
PKA,KCNA1_438_450,0.5668190046611447
PKCA,KCNA1_438_450,0.5668190046611447
PKD,KCNA1_438_450,0.5668190046611447
PLK,KCNA1_438_450,0.5668190046611447
QIK,KCNA1_438_450,0.5668190046611447
RAD53,KCNA1_438_450,0.5668190046611447
RIPK,KCNA1_438_450,0.5668190046611447
RSK,KCNA1_438_450,0.5668190046611447
SGK,KCNA1_438_450,0.5668190046611447
STE7,KCNA1_438_450,0.5668190046611447
STKR,KCNA1_438_450,0.5668190046611447
VRK2,KCNA1_438_450,0.5668190046611447
AKT,KCNA2_442_454,0.28272837641137877
AMPK,KCNA2_442_454,0.28272837641137877
BARK1,KCNA2_442_454,0.28272837641137877
CAMK1,KCNA2_442_454,0.28272837641137877
CAMK2,KCNA2_442_454,0.28272837641137877
CDK,KCNA2_442_454,0.28272837641137877
CHK1,KCNA2_442_454,0.28272837641137877
CK1,KCNA2_442_454,0.28272837641137877
DMPK,KCNA2_442_454,0.28272837641137877
IKK,KCNA2_442_454,0.28272837641137877
JNK,KCNA2_442_454,0.28272837641137877
MAPKAPK,KCNA2_442_454,0.28272837641137877
NEK,KCNA2_442_454,0.28272837641137877
P38,KCNA2_442_454,0.28272837641137877
PDHK,KCNA2_442_454,0.28272837641137877
PEK,KCNA2_442_454,0.28272837641137877
PHK,KCNA2_442_454,0.28272837641137877
PIM,KCNA2_442_454,0.28272837641137877
PKCA,KCNA2_442_454,0.28272837641137877
PKD,KCNA2_442_454,0.28272837641137877
QIK,KCNA2_442_454,0.28272837641137877
RAD53,KCNA2_442_454,0.28272837641137877
RIPK,KCNA2_442_454,0.28272837641137877
RSK,KCNA2_442_454,0.28272837641137877
SGK,KCNA2_442_454,0.28272837641137877
STKR,KCNA2_442_454,0.28272837641137877
VRK2,KCNA2_442_454,0.28272837641137877
AKT,KCNA3_461_473,0.25953363450851413
AMPK,KCNA3_461_473,0.25953363450851413
BARK1,KCNA3_461_473,0.25953363450851413
CAMK1,KCNA3_461_473,0.25953363450851413
CDK,KCNA3_461_473,0.25953363450851413
CHK1,KCNA3_461_473,0.25953363450851413
CK1,KCNA3_461_473,0.25953363450851413
DMPK,KCNA3_461_473,0.25953363450851413
IKK,KCNA3_461_473,0.25953363450851413
JNK,KCNA3_461_473,0.25953363450851413
KHS,KCNA3_461_473,0.25953363450851413
MAPKAPK,KCNA3_461_473,0.25953363450851413
MARK,KCNA3_461_473,0.25953363450851413
MST,KCNA3_461_473,0.25953363450851413
P38,KCNA3_461_473,0.25953363450851413
PAKA,KCNA3_461_473,0.25953363450851413
PDHK,KCNA3_461_473,0.25953363450851413
PDK1,KCNA3_461_473,0.25953363450851413
PEK,KCNA3_461_473,0.25953363450851413
PHK,KCNA3_461_473,0.25953363450851413
PKA,KCNA3_461_473,0.25953363450851413
PKCA,KCNA3_461_473,0.25953363450851413
PKD,KCNA3_461_473,0.25953363450851413
PKG,KCNA3_461_473,0.25953363450851413
PLK,KCNA3_461_473,0.25953363450851413
QIK,KCNA3_461_473,0.25953363450851413
RAD53,KCNA3_461_473,0.25953363450851413
RSK,KCNA3_461_473,0.25953363450851413
STE7,KCNA3_461_473,0.25953363450851413
VRK2,KCNA3_461_473,0.25953363450851413
AMPK,KCNB1_489_501,0.27286354850873656
BARK1,KCNB1_489_501,0.27286354850873656
CAMK1,KCNB1_489_501,0.27286354850873656
CAMK2,KCNB1_489_501,0.27286354850873656
CDK,KCNB1_489_501,0.27286354850873656
CHK1,KCNB1_489_501,0.27286354850873656
CK1,KCNB1_489_501,0.27286354850873656
CK2,KCNB1_489_501,0.27286354850873656
DAPK,KCNB1_489_501,0.27286354850873656
DMPK,KCNB1_489_501,0.27286354850873656
GRK,KCNB1_489_501,0.27286354850873656
IKK,KCNB1_489_501,0.27286354850873656
MAPKAPK,KCNB1_489_501,0.27286354850873656
MELK,KCNB1_489_501,0.27286354850873656
MLCK,KCNB1_489_501,0.27286354850873656
MLK,KCNB1_489_501,0.27286354850873656
MST,KCNB1_489_501,0.27286354850873656
NAK,KCNB1_489_501,0.27286354850873656
NEK,KCNB1_489_501,0.27286354850873656
PDHK,KCNB1_489_501,0.27286354850873656
PEK,KCNB1_489_501,0.27286354850873656
PHK,KCNB1_489_501,0.27286354850873656
PIM,KCNB1_489_501,0.27286354850873656
PKA,KCNB1_489_501,0.27286354850873656
PKCA,KCNB1_489_501,0.27286354850873656
PKCD,KCNB1_489_501,0.27286354850873656
PKD,KCNB1_489_501,0.27286354850873656
QIK,KCNB1_489_501,0.27286354850873656
RIPK,KCNB1_489_501,0.27286354850873656
RSK,KCNB1_489_501,0.27286354850873656
SGK,KCNB1_489_501,0.27286354850873656
STE7,KCNB1_489_501,0.27286354850873656
STKR,KCNB1_489_501,0.27286354850873656
VRK2,KCNB1_489_501,0.27286354850873656
BARK1,KIF2C_105_118_S106G,0.03462869152621135
CAMK2,KIF2C_105_118_S106G,0.03462869152621135
CDK,KIF2C_105_118_S106G,0.03462869152621135
DMPK,KIF2C_105_118_S106G,0.03462869152621135
FRAY,KIF2C_105_118_S106G,0.03462869152621135
IKK,KIF2C_105_118_S106G,0.03462869152621135
MELK,KIF2C_105_118_S106G,0.03462869152621135
NEK,KIF2C_105_118_S106G,0.03462869152621135
PAKA,KIF2C_105_118_S106G,0.03462869152621135
PDHK,KIF2C_105_118_S106G,0.03462869152621135
PEK,KIF2C_105_118_S106G,0.03462869152621135
PHK,KIF2C_105_118_S106G,0.03462869152621135
PKCA,KIF2C_105_118_S106G,0.03462869152621135
PKD,KIF2C_105_118_S106G,0.03462869152621135
QIK,KIF2C_105_118_S106G,0.03462869152621135
RIPK,KIF2C_105_118_S106G,0.03462869152621135
RSK,KIF2C_105_118_S106G,0.03462869152621135
VRK2,KIF2C_105_118_S106G,0.03462869152621135
BARK1,KPB1_1011_1023,0.7796758109584138
CDK,KPB1_1011_1023,0.7796758109584138
CK1,KPB1_1011_1023,0.7796758109584138
DMPK,KPB1_1011_1023,0.7796758109584138
IKK,KPB1_1011_1023,0.7796758109584138
P38,KPB1_1011_1023,0.7796758109584138
PAKA,KPB1_1011_1023,0.7796758109584138
PDHK,KPB1_1011_1023,0.7796758109584138
PEK,KPB1_1011_1023,0.7796758109584138
PHK,KPB1_1011_1023,0.7796758109584138
PIM,KPB1_1011_1023,0.7796758109584138
PKA,KPB1_1011_1023,0.7796758109584138
PKCA,KPB1_1011_1023,0.7796758109584138
PKD,KPB1_1011_1023,0.7796758109584138
RIPK,KPB1_1011_1023,0.7796758109584138
RSK,KPB1_1011_1023,0.7796758109584138
SGK,KPB1_1011_1023,0.7796758109584138
VRK2,KPB1_1011_1023,0.7796758109584138
BARK1,KS6A1_374_386,-0.06336975861523117
COT,KS6A1_374_386,-0.06336975861523117
FRAY,KS6A1_374_386,-0.06336975861523117
MAPKAPK,KS6A1_374_386,-0.06336975861523117
MSN,KS6A1_374_386,-0.06336975861523117
MTOR,KS6A1_374_386,-0.06336975861523117
PDHK,KS6A1_374_386,-0.06336975861523117
PDK1,KS6A1_374_386,-0.06336975861523117
PEK,KS6A1_374_386,-0.06336975861523117
PHK,KS6A1_374_386,-0.06336975861523117
PIM,KS6A1_374_386,-0.06336975861523117
PKCA,KS6A1_374_386,-0.06336975861523117
RAD53,KS6A1_374_386,-0.06336975861523117
RSK,KS6A1_374_386,-0.06336975861523117
STE7,KS6A1_374_386,-0.06336975861523117
VRK2,KS6A1_374_386,-0.06336975861523117
AMPK,LIPS_944_956,0.5620699702012134
ATR,LIPS_944_956,0.5620699702012134
BARK1,LIPS_944_956,0.5620699702012134
CDK,LIPS_944_956,0.5620699702012134
DMPK,LIPS_944_956,0.5620699702012134
ERK,LIPS_944_956,0.5620699702012134
NDR,LIPS_944_956,0.5620699702012134
PDHK,LIPS_944_956,0.5620699702012134
PEK,LIPS_944_956,0.5620699702012134
PIM,LIPS_944_956,0.5620699702012134
PKA,LIPS_944_956,0.5620699702012134
PKCA,LIPS_944_956,0.5620699702012134
PKG,LIPS_944_956,0.5620699702012134
PRKDC,LIPS_944_956,0.5620699702012134
RAF,LIPS_944_956,0.5620699702012134
RSK,LIPS_944_956,0.5620699702012134
STE7,LIPS_944_956,0.5620699702012134
VRK2,LIPS_944_956,0.5620699702012134
BARK1,LMNB1_16_28,0.03409930963629589
CDK,LMNB1_16_28,0.03409930963629589
DMPK,LMNB1_16_28,0.03409930963629589
DYRK,LMNB1_16_28,0.03409930963629589
ERK,LMNB1_16_28,0.03409930963629589
GSK,LMNB1_16_28,0.03409930963629589
IKK,LMNB1_16_28,0.03409930963629589
IRAK,LMNB1_16_28,0.03409930963629589
JNK,LMNB1_16_28,0.03409930963629589
MLK,LMNB1_16_28,0.03409930963629589
NMO,LMNB1_16_28,0.03409930963629589
P38,LMNB1_16_28,0.03409930963629589
PDK1,LMNB1_16_28,0.03409930963629589
PEK,LMNB1_16_28,0.03409930963629589
PIM,LMNB1_16_28,0.03409930963629589
PKCA,LMNB1_16_28,0.03409930963629589
PKG,LMNB1_16_28,0.03409930963629589
RSK,LMNB1_16_28,0.03409930963629589
STE7,LMNB1_16_28,0.03409930963629589
VRK2,LMNB1_16_28,0.03409930963629589
BARK1,MARCS_152_164,0.1315406814165255
CDK,MARCS_152_164,0.1315406814165255
DAPK,MARCS_152_164,0.1315406814165255
DMPK,MARCS_152_164,0.1315406814165255
ERK,MARCS_152_164,0.1315406814165255
JNK,MARCS_152_164,0.1315406814165255
P38,MARCS_152_164,0.1315406814165255
PAKA,MARCS_152_164,0.1315406814165255
PDHK,MARCS_152_164,0.1315406814165255
PDK1,MARCS_152_164,0.1315406814165255
PEK,MARCS_152_164,0.1315406814165255
PHK,MARCS_152_164,0.1315406814165255
PKA,MARCS_152_164,0.1315406814165255
PKCA,MARCS_152_164,0.1315406814165255
PKCH,MARCS_152_164,0.1315406814165255
PKCI,MARCS_152_164,0.1315406814165255
PKD,MARCS_152_164,0.1315406814165255
PKG,MARCS_152_164,0.1315406814165255
PKN,MARCS_152_164,0.1315406814165255
RAD53,MARCS_152_164,0.1315406814165255
VRK2,MARCS_152_164,0.1315406814165255
BARK1,MARCS_160_172,-0.0499031536517706
CDK,MARCS_160_172,-0.0499031536517706
DMPK,MARCS_160_172,-0.0499031536517706
ERK,MARCS_160_172,-0.0499031536517706
JNK,MARCS_160_172,-0.0499031536517706
MLK,MARCS_160_172,-0.0499031536517706
P38,MARCS_160_172,-0.0499031536517706
PDHK,MARCS_160_172,-0.0499031536517706
PDK1,MARCS_160_172,-0.0499031536517706
PEK,MARCS_160_172,-0.0499031536517706
PKCA,MARCS_160_172,-0.0499031536517706
RAD53,MARCS_160_172,-0.0499031536517706
RIPK,MARCS_160_172,-0.0499031536517706
VRK2,MARCS_160_172,-0.0499031536517706
BARK1,MBP_222_234,-0.0969915002743651
CDK,MBP_222_234,-0.0969915002743651
DYRK,MBP_222_234,-0.0969915002743651
ERK,MBP_222_234,-0.0969915002743651
GSK,MBP_222_234,-0.0969915002743651
JNK,MBP_222_234,-0.0969915002743651
MTOR,MBP_222_234,-0.0969915002743651
PDK1,MBP_222_234,-0.0969915002743651
PEK,MBP_222_234,-0.0969915002743651
VRK2,MBP_222_234,-0.0969915002743651
BARK1,MP2K1_287_299,-0.10988255053460438
CDK,MP2K1_287_299,-0.10988255053460438
DMPK,MP2K1_287_299,-0.10988255053460438
DYRK,MP2K1_287_299,-0.10988255053460438
ERK,MP2K1_287_299,-0.10988255053460438
JNK,MP2K1_287_299,-0.10988255053460438
MAPKAPK,MP2K1_287_299,-0.10988255053460438
P38,MP2K1_287_299,-0.10988255053460438
PAKA,MP2K1_287_299,-0.10988255053460438
PDHK,MP2K1_287_299,-0.10988255053460438
PDK1,MP2K1_287_299,-0.10988255053460438
PEK,MP2K1_287_299,-0.10988255053460438
PHK,MP2K1_287_299,-0.10988255053460438
PIM,MP2K1_287_299,-0.10988255053460438
PKCA,MP2K1_287_299,-0.10988255053460438
PKD,MP2K1_287_299,-0.10988255053460438
STE7,MP2K1_287_299,-0.10988255053460438
VRK2,MP2K1_287_299,-0.10988255053460438
ATR,MPIP1_172_184,-0.07404244371907578
BARK1,MPIP1_172_184,-0.07404244371907578
CHK1,MPIP1_172_184,-0.07404244371907578
DMPK,MPIP1_172_184,-0.07404244371907578
MAPKAPK,MPIP1_172_184,-0.07404244371907578
PHK,MPIP1_172_184,-0.07404244371907578
PIM,MPIP1_172_184,-0.07404244371907578
PKCA,MPIP1_172_184,-0.07404244371907578
PRKDC,MPIP1_172_184,-0.07404244371907578
QIK,MPIP1_172_184,-0.07404244371907578
RAD53,MPIP1_172_184,-0.07404244371907578
RAF,MPIP1_172_184,-0.07404244371907578
RSK,MPIP1_172_184,-0.07404244371907578
VRK2,MPIP1_172_184,-0.07404244371907578
BARK1,MPIP3_208_220,-0.2666869762733966
BRSK,MPIP3_208_220,-0.2666869762733966
CAMK1,MPIP3_208_220,-0.2666869762733966
CDK,MPIP3_208_220,-0.2666869762733966
CHK1,MPIP3_208_220,-0.2666869762733966
DMPK,MPIP3_208_220,-0.2666869762733966
DYRK,MPIP3_208_220,-0.2666869762733966
ERK,MPIP3_208_220,-0.2666869762733966
IKK,MPIP3_208_220,-0.2666869762733966
JNK,MPIP3_208_220,-0.2666869762733966
MAPKAPK,MPIP3_208_220,-0.2666869762733966
MARK,MPIP3_208_220,-0.2666869762733966
MELK,MPIP3_208_220,-0.2666869762733966
P38,MPIP3_208_220,-0.2666869762733966
PDK1,MPIP3_208_220,-0.2666869762733966
PEK,MPIP3_208_220,-0.2666869762733966
PHK,MPIP3_208_220,-0.2666869762733966
PKCA,MPIP3_208_220,-0.2666869762733966
QIK,MPIP3_208_220,-0.2666869762733966
RAD53,MPIP3_208_220,-0.2666869762733966
RIPK,MPIP3_208_220,-0.2666869762733966
VRK2,MPIP3_208_220,-0.2666869762733966
AKT,NCF1_321_333,0.5032673015934416
BARK1,NCF1_321_333,0.5032673015934416
DMPK,NCF1_321_333,0.5032673015934416
IRAK,NCF1_321_333,0.5032673015934416
PHK,NCF1_321_333,0.5032673015934416
PKA,NCF1_321_333,0.5032673015934416
PKCA,NCF1_321_333,0.5032673015934416
PKCD,NCF1_321_333,0.5032673015934416
QIK,NCF1_321_333,0.5032673015934416
VRK2,NCF1_321_333,0.5032673015934416
BARK1,NEK2_172_184,-0.10967065765642715
CAMK1,NEK2_172_184,-0.10967065765642715
CAMK2,NEK2_172_184,-0.10967065765642715
CDK,NEK2_172_184,-0.10967065765642715
DYRK,NEK2_172_184,-0.10967065765642715
ERK,NEK2_172_184,-0.10967065765642715
FRAY,NEK2_172_184,-0.10967065765642715
LKB,NEK2_172_184,-0.10967065765642715
MELK,NEK2_172_184,-0.10967065765642715
MST,NEK2_172_184,-0.10967065765642715
MTOR,NEK2_172_184,-0.10967065765642715
NEK,NEK2_172_184,-0.10967065765642715
P38,NEK2_172_184,-0.10967065765642715
PDHK,NEK2_172_184,-0.10967065765642715
PDK1,NEK2_172_184,-0.10967065765642715
PEK,NEK2_172_184,-0.10967065765642715
PKCA,NEK2_172_184,-0.10967065765642715
PKCH,NEK2_172_184,-0.10967065765642715
RSK,NEK2_172_184,-0.10967065765642715
STE11,NEK2_172_184,-0.10967065765642715
STE7,NEK2_172_184,-0.10967065765642715
VRK2,NEK2_172_184,-0.10967065765642715
BARK1,NEK3_158_170,-0.2177901059518049
CAMK2,NEK3_158_170,-0.2177901059518049
DYRK,NEK3_158_170,-0.2177901059518049
ERK,NEK3_158_170,-0.2177901059518049
LKB,NEK3_158_170,-0.2177901059518049
MST,NEK3_158_170,-0.2177901059518049
NEK,NEK3_158_170,-0.2177901059518049
PDHK,NEK3_158_170,-0.2177901059518049
PDK1,NEK3_158_170,-0.2177901059518049
PEK,NEK3_158_170,-0.2177901059518049
PKCH,NEK3_158_170,-0.2177901059518049
STE11,NEK3_158_170,-0.2177901059518049
STE7,NEK3_158_170,-0.2177901059518049
VRK2,NEK3_158_170,-0.2177901059518049
BARK1,NFKB1_330_342,0.5967072115231945
CDK,NFKB1_330_342,0.5967072115231945
DMPK,NFKB1_330_342,0.5967072115231945
IKK,NFKB1_330_342,0.5967072115231945
MAPKAPK,NFKB1_330_342,0.5967072115231945
PAKA,NFKB1_330_342,0.5967072115231945
PDHK,NFKB1_330_342,0.5967072115231945
PEK,NFKB1_330_342,0.5967072115231945
PIM,NFKB1_330_342,0.5967072115231945
PKA,NFKB1_330_342,0.5967072115231945
PKCA,NFKB1_330_342,0.5967072115231945
PKG,NFKB1_330_342,0.5967072115231945
PLK,NFKB1_330_342,0.5967072115231945
STE7,NFKB1_330_342,0.5967072115231945
VRK2,NFKB1_330_342,0.5967072115231945
BARK1,NMDZ1_890_902,0.26726732235874157
AKT,NMDZ1_890_902,0.26726732235874157
AMPK,NMDZ1_890_902,0.26726732235874157
AUR,NMDZ1_890_902,0.26726732235874157
CAMK1,NMDZ1_890_902,0.26726732235874157
CDK,NMDZ1_890_902,0.26726732235874157
CHK1,NMDZ1_890_902,0.26726732235874157
DAPK,NMDZ1_890_902,0.26726732235874157
DMPK,NMDZ1_890_902,0.26726732235874157
FRAY,NMDZ1_890_902,0.26726732235874157
GRK,NMDZ1_890_902,0.26726732235874157
IKK,NMDZ1_890_902,0.26726732235874157
MELK,NMDZ1_890_902,0.26726732235874157
MLK,NMDZ1_890_902,0.26726732235874157
MSN,NMDZ1_890_902,0.26726732235874157
MST,NMDZ1_890_902,0.26726732235874157
MTOR,NMDZ1_890_902,0.26726732235874157
PAKA,NMDZ1_890_902,0.26726732235874157
PDHK,NMDZ1_890_902,0.26726732235874157
PDK1,NMDZ1_890_902,0.26726732235874157
PEK,NMDZ1_890_902,0.26726732235874157
PHK,NMDZ1_890_902,0.26726732235874157
PIM,NMDZ1_890_902,0.26726732235874157
PKA,NMDZ1_890_902,0.26726732235874157
PKCA,NMDZ1_890_902,0.26726732235874157
PKCI,NMDZ1_890_902,0.26726732235874157
PKD,NMDZ1_890_902,0.26726732235874157
PKG,NMDZ1_890_902,0.26726732235874157
PLK,NMDZ1_890_902,0.26726732235874157
QIK,NMDZ1_890_902,0.26726732235874157
RAD53,NMDZ1_890_902,0.26726732235874157
RAF,NMDZ1_890_902,0.26726732235874157
RIPK,NMDZ1_890_902,0.26726732235874157
RSK,NMDZ1_890_902,0.26726732235874157
SGK,NMDZ1_890_902,0.26726732235874157
STE7,NMDZ1_890_902,0.26726732235874157
VRK2,NMDZ1_890_902,0.26726732235874157
AKT,NOS3_1171_1183,0.02375175889906048
AMPK,NOS3_1171_1183,0.02375175889906048
BARK1,NOS3_1171_1183,0.02375175889906048
CDK,NOS3_1171_1183,0.02375175889906048
CK1,NOS3_1171_1183,0.02375175889906048
DMPK,NOS3_1171_1183,0.02375175889906048
MELK,NOS3_1171_1183,0.02375175889906048
PDHK,NOS3_1171_1183,0.02375175889906048
PDK1,NOS3_1171_1183,0.02375175889906048
PEK,NOS3_1171_1183,0.02375175889906048
PHK,NOS3_1171_1183,0.02375175889906048
PIM,NOS3_1171_1183,0.02375175889906048
PKA,NOS3_1171_1183,0.02375175889906048
PKCA,NOS3_1171_1183,0.02375175889906048
PKG,NOS3_1171_1183,0.02375175889906048
QIK,NOS3_1171_1183,0.02375175889906048
RAD53,NOS3_1171_1183,0.02375175889906048
RIPK,NOS3_1171_1183,0.02375175889906048
RSK,NOS3_1171_1183,0.02375175889906048
SGK,NOS3_1171_1183,0.02375175889906048
VRK2,NOS3_1171_1183,0.02375175889906048
AKT,NR4A1_344_356,0.05124131637297383
BARK1,NR4A1_344_356,0.05124131637297383
CDK,NR4A1_344_356,0.05124131637297383
DMPK,NR4A1_344_356,0.05124131637297383
PHK,NR4A1_344_356,0.05124131637297383
PIM,NR4A1_344_356,0.05124131637297383
PKA,NR4A1_344_356,0.05124131637297383
PKCA,NR4A1_344_356,0.05124131637297383
RAF,NR4A1_344_356,0.05124131637297383
RSK,NR4A1_344_356,0.05124131637297383
VRK2,NR4A1_344_356,0.05124131637297383
AUR,P53_308_323,-0.0874249159974756
BARK1,P53_308_323,-0.0874249159974756
CAMK1,P53_308_323,-0.0874249159974756
CDK,P53_308_323,-0.0874249159974756
DYRK,P53_308_323,-0.0874249159974756
ERK,P53_308_323,-0.0874249159974756
IKK,P53_308_323,-0.0874249159974756
JNK,P53_308_323,-0.0874249159974756
P38,P53_308_323,-0.0874249159974756
PKCA,P53_308_323,-0.0874249159974756
PLK,P53_308_323,-0.0874249159974756
QIK,P53_308_323,-0.0874249159974756
STE7,P53_308_323,-0.0874249159974756
VRK2,P53_308_323,-0.0874249159974756
AUR,PLEK_106_118,-0.10005371809011324
BARK1,PLEK_106_118,-0.10005371809011324
CDK,PLEK_106_118,-0.10005371809011324
CK1,PLEK_106_118,-0.10005371809011324
DMPK,PLEK_106_118,-0.10005371809011324
MST,PLEK_106_118,-0.10005371809011324
PEK,PLEK_106_118,-0.10005371809011324
PKCA,PLEK_106_118,-0.10005371809011324
PKCD,PLEK_106_118,-0.10005371809011324
PKCH,PLEK_106_118,-0.10005371809011324
PLK,PLEK_106_118,-0.10005371809011324
VRK2,PLEK_106_118,-0.10005371809011324
BARK1,PLM_76_88,0.3848687624985976
CDK,PLM_76_88,0.3848687624985976
DMPK,PLM_76_88,0.3848687624985976
IKK,PLM_76_88,0.3848687624985976
PAKA,PLM_76_88,0.3848687624985976
PDHK,PLM_76_88,0.3848687624985976
PDK1,PLM_76_88,0.3848687624985976
PEK,PLM_76_88,0.3848687624985976
PIM,PLM_76_88,0.3848687624985976
PKA,PLM_76_88,0.3848687624985976
PKCA,PLM_76_88,0.3848687624985976
PKD,PLM_76_88,0.3848687624985976
PKG,PLM_76_88,0.3848687624985976
PLK,PLM_76_88,0.3848687624985976
RAD53,PLM_76_88,0.3848687624985976
RIPK,PLM_76_88,0.3848687624985976
RSK,PLM_76_88,0.3848687624985976
STE7,PLM_76_88,0.3848687624985976
VRK2,PLM_76_88,0.3848687624985976
EGFR,PP2AB_297_309,-0.36049252681144334
CSK,PP2AB_297_309,-0.36049252681144334
TEC,PP2AB_297_309,-0.36049252681144334
PDGFR,PP2AB_297_309,-0.36049252681144334
SYK,PP2AB_297_309,-0.36049252681144334
AXL,PP2AB_297_309,-0.36049252681144334
VEGFR,PP2AB_297_309,-0.36049252681144334
BARK1,PP2AB_297_309,-0.36049252681144334
BARK2,PP2AB_297_309,-0.36049252681144334
CDK,PP2AB_297_309,-0.36049252681144334
DYRK,PP2AB_297_309,-0.36049252681144334
JNK,PP2AB_297_309,-0.36049252681144334
VRK2,PP2AB_297_309,-0.36049252681144334
AKT,PPR1A_28_40,0.03719519651779515
BARK1,PPR1A_28_40,0.03719519651779515
CDK,PPR1A_28_40,0.03719519651779515
DAPK,PPR1A_28_40,0.03719519651779515
DMPK,PPR1A_28_40,0.03719519651779515
DYRK,PPR1A_28_40,0.03719519651779515
GSK,PPR1A_28_40,0.03719519651779515
JNK,PPR1A_28_40,0.03719519651779515
P38,PPR1A_28_40,0.03719519651779515
PDK1,PPR1A_28_40,0.03719519651779515
PEK,PPR1A_28_40,0.03719519651779515
PHK,PPR1A_28_40,0.03719519651779515
PKA,PPR1A_28_40,0.03719519651779515
RSK,PPR1A_28_40,0.03719519651779515
VRK2,PPR1A_28_40,0.03719519651779515
ATR,PRKDC_2618_2630,-0.09163650917415378
BARK1,PRKDC_2618_2630,-0.09163650917415378
BARK2,PRKDC_2618_2630,-0.09163650917415378
CK1,PRKDC_2618_2630,-0.09163650917415378
DMPK,PRKDC_2618_2630,-0.09163650917415378
IKK,PRKDC_2618_2630,-0.09163650917415378
MELK,PRKDC_2618_2630,-0.09163650917415378
MLK,PRKDC_2618_2630,-0.09163650917415378
MTOR,PRKDC_2618_2630,-0.09163650917415378
NEK,PRKDC_2618_2630,-0.09163650917415378
P38,PRKDC_2618_2630,-0.09163650917415378
PHK,PRKDC_2618_2630,-0.09163650917415378
PIM,PRKDC_2618_2630,-0.09163650917415378
PKA,PRKDC_2618_2630,-0.09163650917415378
PKCA,PRKDC_2618_2630,-0.09163650917415378
PKG,PRKDC_2618_2630,-0.09163650917415378
PRKDC,PRKDC_2618_2630,-0.09163650917415378
PLK,PRKDC_2618_2630,-0.09163650917415378
QIK,PRKDC_2618_2630,-0.09163650917415378
SGK,PRKDC_2618_2630,-0.09163650917415378
STE7,PRKDC_2618_2630,-0.09163650917415378
VRK2,PRKDC_2618_2630,-0.09163650917415378
AKT,PTK6_436_448,0.53847835802200394
BARK1,PTK6_436_448,0.53847835802200394
CAMK1,PTK6_436_448,0.53847835802200394
CDK,PTK6_436_448,0.53847835802200394
CK1,PTK6_436_448,0.53847835802200394
DMPK,PTK6_436_448,0.53847835802200394
MAPKAPK,PTK6_436_448,0.53847835802200394
MELK,PTK6_436_448,0.53847835802200394
P38,PTK6_436_448,0.53847835802200394
PAKA,PTK6_436_448,0.53847835802200394
PDHK,PTK6_436_448,0.53847835802200394
PDK1,PTK6_436_448,0.53847835802200394
PEK,PTK6_436_448,0.53847835802200394
PHK,PTK6_436_448,0.53847835802200394
PIM,PTK6_436_448,0.53847835802200394
PKA,PTK6_436_448,0.53847835802200394
PKCA,PTK6_436_448,0.53847835802200394
PKCD,PTK6_436_448,0.53847835802200394
PKCI,PTK6_436_448,0.53847835802200394
PKD,PTK6_436_448,0.53847835802200394
PKG,PTK6_436_448,0.53847835802200394
QIK,PTK6_436_448,0.53847835802200394
RAD53,PTK6_436_448,0.53847835802200394
RSK,PTK6_436_448,0.53847835802200394
STE7,PTK6_436_448,0.53847835802200394
VRK2,PTK6_436_448,0.53847835802200394
BARK1,PTN12_32_44,0.37337192715387424
CDK,PTN12_32_44,0.37337192715387424
DMPK,PTN12_32_44,0.37337192715387424
FRAY,PTN12_32_44,0.37337192715387424
MAPKAPK,PTN12_32_44,0.37337192715387424
MLK,PTN12_32_44,0.37337192715387424
PAKA,PTN12_32_44,0.37337192715387424
PDHK,PTN12_32_44,0.37337192715387424
PEK,PTN12_32_44,0.37337192715387424
PHK,PTN12_32_44,0.37337192715387424
PIM,PTN12_32_44,0.37337192715387424
PKA,PTN12_32_44,0.37337192715387424
PKCA,PTN12_32_44,0.37337192715387424
PKCD,PTN12_32_44,0.37337192715387424
PKD,PTN12_32_44,0.37337192715387424
PKG,PTN12_32_44,0.37337192715387424
QIK,PTN12_32_44,0.37337192715387424
RAD53,PTN12_32_44,0.37337192715387424
RSK,PTN12_32_44,0.37337192715387424
VRK2,PTN12_32_44,0.37337192715387424
BARK1,RADI_559_569,-0.2198851713774048
COT,RADI_559_569,-0.2198851713774048
DMPK,RADI_559_569,-0.2198851713774048
MSN,RADI_559_569,-0.2198851713774048
MST,RADI_559_569,-0.2198851713774048
PHK,RADI_559_569,-0.2198851713774048
PIM,RADI_559_569,-0.2198851713774048
PKCA,RADI_559_569,-0.2198851713774048
SLK,RADI_559_569,-0.2198851713774048
VRK2,RADI_559_569,-0.2198851713774048
AKT,RAF1_253_265,-0.0288652199950062
AMPK,RAF1_253_265,-0.0288652199950062
BARK1,RAF1_253_265,-0.0288652199950062
CAMK1,RAF1_253_265,-0.0288652199950062
CDK,RAF1_253_265,-0.0288652199950062
DAPK,RAF1_253_265,-0.0288652199950062
DMPK,RAF1_253_265,-0.0288652199950062
DYRK,RAF1_253_265,-0.0288652199950062
ERK,RAF1_253_265,-0.0288652199950062
JNK,RAF1_253_265,-0.0288652199950062
MAPKAPK,RAF1_253_265,-0.0288652199950062
MARK,RAF1_253_265,-0.0288652199950062
NDR,RAF1_253_265,-0.0288652199950062
P38,RAF1_253_265,-0.0288652199950062
PAKA,RAF1_253_265,-0.0288652199950062
PDK1,RAF1_253_265,-0.0288652199950062
PHK,RAF1_253_265,-0.0288652199950062
PKA,RAF1_253_265,-0.0288652199950062
PKCA,RAF1_253_265,-0.0288652199950062
QIK,RAF1_253_265,-0.0288652199950062
RAF,RAF1_253_265,-0.0288652199950062
RIPK,RAF1_253_265,-0.0288652199950062
RSK,RAF1_253_265,-0.0288652199950062
SGK,RAF1_253_265,-0.0288652199950062
VRK2,RAF1_253_265,-0.0288652199950062
AKT,RAP1B_172_184,0.20579436236804405
AMPK,RAP1B_172_184,0.20579436236804405
BARK1,RAP1B_172_184,0.20579436236804405
CDK,RAP1B_172_184,0.20579436236804405
DMPK,RAP1B_172_184,0.20579436236804405
IKK,RAP1B_172_184,0.20579436236804405
MAPKAPK,RAP1B_172_184,0.20579436236804405
PDHK,RAP1B_172_184,0.20579436236804405
PEK,RAP1B_172_184,0.20579436236804405
PHK,RAP1B_172_184,0.20579436236804405
PIM,RAP1B_172_184,0.20579436236804405
PKA,RAP1B_172_184,0.20579436236804405
PKCA,RAP1B_172_184,0.20579436236804405
PKG,RAP1B_172_184,0.20579436236804405
QIK,RAP1B_172_184,0.20579436236804405
RAD53,RAP1B_172_184,0.20579436236804405
RSK,RAP1B_172_184,0.20579436236804405
VRK2,RAP1B_172_184,0.20579436236804405
BARK1,RBL2_655_667,-0.12081252598533904
CDK,RBL2_655_667,-0.12081252598533904
CK1,RBL2_655_667,-0.12081252598533904
DMPK,RBL2_655_667,-0.12081252598533904
DYRK,RBL2_655_667,-0.12081252598533904
ERK,RBL2_655_667,-0.12081252598533904
FRAY,RBL2_655_667,-0.12081252598533904
GSK,RBL2_655_667,-0.12081252598533904
IKK,RBL2_655_667,-0.12081252598533904
JNK,RBL2_655_667,-0.12081252598533904
MAPKAPK,RBL2_655_667,-0.12081252598533904
MELK,RBL2_655_667,-0.12081252598533904
MTOR,RBL2_655_667,-0.12081252598533904
NEK,RBL2_655_667,-0.12081252598533904
P38,RBL2_655_667,-0.12081252598533904
PDK1,RBL2_655_667,-0.12081252598533904
PEK,RBL2_655_667,-0.12081252598533904
PHK,RBL2_655_667,-0.12081252598533904
PIM,RBL2_655_667,-0.12081252598533904
PKCA,RBL2_655_667,-0.12081252598533904
PKD,RBL2_655_667,-0.12081252598533904
PLK,RBL2_655_667,-0.12081252598533904
QIK,RBL2_655_667,-0.12081252598533904
RAD53,RBL2_655_667,-0.12081252598533904
RAF,RBL2_655_667,-0.12081252598533904
RIPK,RBL2_655_667,-0.12081252598533904
STE7,RBL2_655_667,-0.12081252598533904
VRK2,RBL2_655_667,-0.12081252598533904
BARK1,RB_242_254,-0.14675727175765818
CDK,RB_242_254,-0.14675727175765818
DYRK,RB_242_254,-0.14675727175765818
ERK,RB_242_254,-0.14675727175765818
IRAK,RB_242_254,-0.14675727175765818
P38,RB_242_254,-0.14675727175765818
PDK1,RB_242_254,-0.14675727175765818
PEK,RB_242_254,-0.14675727175765818
PKCA,RB_242_254,-0.14675727175765818
PLK,RB_242_254,-0.14675727175765818
VRK2,RB_242_254,-0.14675727175765818
ATR,RB_350_362,-0.00633771157027347
BARK1,RB_350_362,-0.00633771157027347
CDK,RB_350_362,-0.00633771157027347
DMPK,RB_350_362,-0.00633771157027347
DYRK,RB_350_362,-0.00633771157027347
PDHK,RB_350_362,-0.00633771157027347
PDK1,RB_350_362,-0.00633771157027347
PEK,RB_350_362,-0.00633771157027347
PHK,RB_350_362,-0.00633771157027347
PIM,RB_350_362,-0.00633771157027347
PKCA,RB_350_362,-0.00633771157027347
PRKDC,RB_350_362,-0.00633771157027347
QIK,RB_350_362,-0.00633771157027347
RSK,RB_350_362,-0.00633771157027347
VRK2,RB_350_362,-0.00633771157027347
BARK1,RB_803_815,-0.11939346022863352
CDK,RB_803_815,-0.11939346022863352
CK1,RB_803_815,-0.11939346022863352
DYRK,RB_803_815,-0.11939346022863352
ERK,RB_803_815,-0.11939346022863352
JNK,RB_803_815,-0.11939346022863352
QIK,RB_803_815,-0.11939346022863352
VRK2,RB_803_815,-0.11939346022863352
BARK1,REL_260_272,0.7129660208139518
CDK,REL_260_272,0.7129660208139518
CK1,REL_260_272,0.7129660208139518
DMPK,REL_260_272,0.7129660208139518
MAPKAPK,REL_260_272,0.7129660208139518
MARK,REL_260_272,0.7129660208139518
PAKA,REL_260_272,0.7129660208139518
PEK,REL_260_272,0.7129660208139518
PIM,REL_260_272,0.7129660208139518
PKCA,REL_260_272,0.7129660208139518
PKD,REL_260_272,0.7129660208139518
PKG,REL_260_272,0.7129660208139518
PLK,REL_260_272,0.7129660208139518
RSK,REL_260_272,0.7129660208139518
STE7,REL_260_272,0.7129660208139518
VRK2,REL_260_272,0.7129660208139518
AKT,RS6_228_240,0.41078502909481135
BARK1,RS6_228_240,0.41078502909481135
CAMK1,RS6_228_240,0.41078502909481135
CDK,RS6_228_240,0.41078502909481135
DAPK,RS6_228_240,0.41078502909481135
DMPK,RS6_228_240,0.41078502909481135
IKK,RS6_228_240,0.41078502909481135
MAPKAPK,RS6_228_240,0.41078502909481135
MELK,RS6_228_240,0.41078502909481135
PAKA,RS6_228_240,0.41078502909481135
PASK,RS6_228_240,0.41078502909481135
PDHK,RS6_228_240,0.41078502909481135
PEK,RS6_228_240,0.41078502909481135
PHK,RS6_228_240,0.41078502909481135
PIM,RS6_228_240,0.41078502909481135
PKA,RS6_228_240,0.41078502909481135
PKCA,RS6_228_240,0.41078502909481135
PKCD,RS6_228_240,0.41078502909481135
PKCI,RS6_228_240,0.41078502909481135
PKD,RS6_228_240,0.41078502909481135
PKG,RS6_228_240,0.41078502909481135
QIK,RS6_228_240,0.41078502909481135
RIPK,RS6_228_240,0.41078502909481135
RSK,RS6_228_240,0.41078502909481135
SGK,RS6_228_240,0.41078502909481135
VRK2,RS6_228_240,0.41078502909481135
BARK1,RYR1_4317_4329,0.2784187599263174
DMPK,RYR1_4317_4329,0.2784187599263174
PHK,RYR1_4317_4329,0.2784187599263174
PIM,RYR1_4317_4329,0.2784187599263174
PKA,RYR1_4317_4329,0.2784187599263174
PKCA,RYR1_4317_4329,0.2784187599263174
PKCH,RYR1_4317_4329,0.2784187599263174
PKG,RYR1_4317_4329,0.2784187599263174
RSK,RYR1_4317_4329,0.2784187599263174
VRK2,RYR1_4317_4329,0.2784187599263174
BARK1,SCN7A_898_910,0.6378048571776495
DMPK,SCN7A_898_910,0.6378048571776495
HAL,SCN7A_898_910,0.6378048571776495
IKK,SCN7A_898_910,0.6378048571776495
PHK,SCN7A_898_910,0.6378048571776495
PKA,SCN7A_898_910,0.6378048571776495
PKCA,SCN7A_898_910,0.6378048571776495
PKG,SCN7A_898_910,0.6378048571776495
RIPK,SCN7A_898_910,0.6378048571776495
RSK,SCN7A_898_910,0.6378048571776495
VRK2,SCN7A_898_910,0.6378048571776495
AUR,STK6_283_295,0.5162937231844479
BARK1,STK6_283_295,0.5162937231844479
CAMK1,STK6_283_295,0.5162937231844479
CAMK2,STK6_283_295,0.5162937231844479
CDK,STK6_283_295,0.5162937231844479
DMPK,STK6_283_295,0.5162937231844479
FRAY,STK6_283_295,0.5162937231844479
IKK,STK6_283_295,0.5162937231844479
IRAK,STK6_283_295,0.5162937231844479
LKB,STK6_283_295,0.5162937231844479
MELK,STK6_283_295,0.5162937231844479
MLK,STK6_283_295,0.5162937231844479
MTOR,STK6_283_295,0.5162937231844479
NDR,STK6_283_295,0.5162937231844479
NEK,STK6_283_295,0.5162937231844479
PAKA,STK6_283_295,0.5162937231844479
PDHK,STK6_283_295,0.5162937231844479
PDK1,STK6_283_295,0.5162937231844479
PEK,STK6_283_295,0.5162937231844479
PHK,STK6_283_295,0.5162937231844479
PKA,STK6_283_295,0.5162937231844479
PKCA,STK6_283_295,0.5162937231844479
PKCD,STK6_283_295,0.5162937231844479
PLK,STK6_283_295,0.5162937231844479
PRKDC,STK6_283_295,0.5162937231844479
QIK,STK6_283_295,0.5162937231844479
RAD53,STK6_283_295,0.5162937231844479
RSK,STK6_283_295,0.5162937231844479
STE7,STK6_283_295,0.5162937231844479
VRK2,STK6_283_295,0.5162937231844479
AKT,TAU_524_536,-0.09219229643520332
BARK1,TAU_524_536,-0.09219229643520332
CAMK1,TAU_524_536,-0.09219229643520332
CDK,TAU_524_536,-0.09219229643520332
DMPK,TAU_524_536,-0.09219229643520332
DYRK,TAU_524_536,-0.09219229643520332
ERK,TAU_524_536,-0.09219229643520332
GRK,TAU_524_536,-0.09219229643520332
GSK,TAU_524_536,-0.09219229643520332
IKK,TAU_524_536,-0.09219229643520332
JNK,TAU_524_536,-0.09219229643520332
MAPKAPK,TAU_524_536,-0.09219229643520332
MELK,TAU_524_536,-0.09219229643520332
MTOR,TAU_524_536,-0.09219229643520332
P38,TAU_524_536,-0.09219229643520332
PDK1,TAU_524_536,-0.09219229643520332
PEK,TAU_524_536,-0.09219229643520332
PHK,TAU_524_536,-0.09219229643520332
PIM,TAU_524_536,-0.09219229643520332
PKA,TAU_524_536,-0.09219229643520332
PKCA,TAU_524_536,-0.09219229643520332
PKD,TAU_524_536,-0.09219229643520332
PLK,TAU_524_536,-0.09219229643520332
QIK,TAU_524_536,-0.09219229643520332
RAF,TAU_524_536,-0.09219229643520332
RIPK,TAU_524_536,-0.09219229643520332
RSK,TAU_524_536,-0.09219229643520332
SGK,TAU_524_536,-0.09219229643520332
STE11,TAU_524_536,-0.09219229643520332
VRK2,TAU_524_536,-0.09219229643520332
AKT,TOP2A_1463_1475,0.4092363555911091
BARK1,TOP2A_1463_1475,0.4092363555911091
CDK,TOP2A_1463_1475,0.4092363555911091
CK1,TOP2A_1463_1475,0.4092363555911091
CK2,TOP2A_1463_1475,0.4092363555911091
DAPK,TOP2A_1463_1475,0.4092363555911091
DMPK,TOP2A_1463_1475,0.4092363555911091
IKK,TOP2A_1463_1475,0.4092363555911091
MLK,TOP2A_1463_1475,0.4092363555911091
NEK,TOP2A_1463_1475,0.4092363555911091
PAKA,TOP2A_1463_1475,0.4092363555911091
PEK,TOP2A_1463_1475,0.4092363555911091
PHK,TOP2A_1463_1475,0.4092363555911091
PIM,TOP2A_1463_1475,0.4092363555911091
PKA,TOP2A_1463_1475,0.4092363555911091
PKCA,TOP2A_1463_1475,0.4092363555911091
PKG,TOP2A_1463_1475,0.4092363555911091
PLK,TOP2A_1463_1475,0.4092363555911091
QIK,TOP2A_1463_1475,0.4092363555911091
RAD53,TOP2A_1463_1475,0.4092363555911091
RIPK,TOP2A_1463_1475,0.4092363555911091
RSK,TOP2A_1463_1475,0.4092363555911091
VRK2,TOP2A_1463_1475,0.4092363555911091
BARK1,TY3H_65_77,0.6357925259925429
CAMK2,TY3H_65_77,0.6357925259925429
MAPKAPK,TY3H_65_77,0.6357925259925429
PHK,TY3H_65_77,0.6357925259925429
PIM,TY3H_65_77,0.6357925259925429
PKA,TY3H_65_77,0.6357925259925429
PKCA,TY3H_65_77,0.6357925259925429
PKG,TY3H_65_77,0.6357925259925429
QIK,TY3H_65_77,0.6357925259925429
RIPK,TY3H_65_77,0.6357925259925429
RSK,TY3H_65_77,0.6357925259925429
VRK2,TY3H_65_77,0.6357925259925429
BARK1,VASP_150_162,0.7140641238559429
DMPK,VASP_150_162,0.7140641238559429
PHK,VASP_150_162,0.7140641238559429
PIM,VASP_150_162,0.7140641238559429
PKA,VASP_150_162,0.7140641238559429
PKCA,VASP_150_162,0.7140641238559429
PKD,VASP_150_162,0.7140641238559429
PKG,VASP_150_162,0.7140641238559429
RIPK,VASP_150_162,0.7140641238559429
RSK,VASP_150_162,0.7140641238559429
VRK2,VASP_150_162,0.7140641238559429
BARK1,VASP_232_244,-0.13236766431285543
CDK,VASP_232_244,-0.13236766431285543
DMPK,VASP_232_244,-0.13236766431285543
IKK,VASP_232_244,-0.13236766431285543
MAPKAPK,VASP_232_244,-0.13236766431285543
PHK,VASP_232_244,-0.13236766431285543
PIM,VASP_232_244,-0.13236766431285543
PKA,VASP_232_244,-0.13236766431285543
PKCA,VASP_232_244,-0.13236766431285543
PKCH,VASP_232_244,-0.13236766431285543
PKD,VASP_232_244,-0.13236766431285543
PKG,VASP_232_244,-0.13236766431285543
RIPK,VASP_232_244,-0.13236766431285543
RSK,VASP_232_244,-0.13236766431285543
VRK2,VASP_232_244,-0.13236766431285543
AKT,VASP_271_283,0.3116860486885618
ATR,VASP_271_283,0.3116860486885618
AMPK,VASP_271_283,0.3116860486885618
BARK1,VASP_271_283,0.3116860486885618
DMPK,VASP_271_283,0.3116860486885618
IKK,VASP_271_283,0.3116860486885618
PAKA,VASP_271_283,0.3116860486885618
PHK,VASP_271_283,0.3116860486885618
PIM,VASP_271_283,0.3116860486885618
PKA,VASP_271_283,0.3116860486885618
PKG,VASP_271_283,0.3116860486885618
RIPK,VASP_271_283,0.3116860486885618
RSK,VASP_271_283,0.3116860486885618
VRK2,VASP_271_283,0.3116860486885618
BARK1,ACM1_444_456,-0.07002983323275795
CDK,ACM1_444_456,-0.07002983323275795
CK1,ACM1_444_456,-0.07002983323275795
DAPK,ACM1_444_456,-0.07002983323275795
DMPK,ACM1_444_456,-0.07002983323275795
DYRK,ACM1_444_456,-0.07002983323275795
ERK,ACM1_444_456,-0.07002983323275795
GSK,ACM1_444_456,-0.07002983323275795
IRAK,ACM1_444_456,-0.07002983323275795
JNK,ACM1_444_456,-0.07002983323275795
MLCK,ACM1_444_456,-0.07002983323275795
P38,ACM1_444_456,-0.07002983323275795
PDK1,ACM1_444_456,-0.07002983323275795
PEK,ACM1_444_456,-0.07002983323275795
PHK,ACM1_444_456,-0.07002983323275795
PIM,ACM1_444_456,-0.07002983323275795
PKCA,ACM1_444_456,-0.07002983323275795
RSK,ACM1_444_456,-0.07002983323275795
VRK2,ACM1_444_456,-0.07002983323275795
BARK1,ACM4_456_468,-0.05403226339539526
FRAY,ACM4_456_468,-0.05403226339539526
MELK,ACM4_456_468,-0.05403226339539526
PDHK,ACM4_456_468,-0.05403226339539526
PDK1,ACM4_456_468,-0.05403226339539526
PIM,ACM4_456_468,-0.05403226339539526
PKCA,ACM4_456_468,-0.05403226339539526
PKCH,ACM4_456_468,-0.05403226339539526
VRK2,ACM4_456_468,-0.05403226339539526
BARK1,ADDB_696_708,-0.06422590701187816
CDK,ADDB_696_708,-0.06422590701187816
CK1,ADDB_696_708,-0.06422590701187816
DMPK,ADDB_696_708,-0.06422590701187816
DYRK,ADDB_696_708,-0.06422590701187816
ERK,ADDB_696_708,-0.06422590701187816
GSK,ADDB_696_708,-0.06422590701187816
IKK,ADDB_696_708,-0.06422590701187816
JNK,ADDB_696_708,-0.06422590701187816
MELK,ADDB_696_708,-0.06422590701187816
MST,ADDB_696_708,-0.06422590701187816
NEK,ADDB_696_708,-0.06422590701187816
P38,ADDB_696_708,-0.06422590701187816
PDK1,ADDB_696_708,-0.06422590701187816
PEK,ADDB_696_708,-0.06422590701187816
PKCA,ADDB_696_708,-0.06422590701187816
PKCH,ADDB_696_708,-0.06422590701187816
PLK,ADDB_696_708,-0.06422590701187816
QIK,ADDB_696_708,-0.06422590701187816
RIPK,ADDB_696_708,-0.06422590701187816
STE7,ADDB_696_708,-0.06422590701187816
VRK1,ADDB_696_708,-0.06422590701187816
VRK2,ADDB_696_708,-0.06422590701187816
BARK1,ADDB_706_718,0.09036533344436748
CDK,ADDB_706_718,0.09036533344436748
CHK1,ADDB_706_718,0.09036533344436748
DMPK,ADDB_706_718,0.09036533344436748
DYRK,ADDB_706_718,0.09036533344436748
ERK,ADDB_706_718,0.09036533344436748
JNK,ADDB_706_718,0.09036533344436748
MAPKAPK,ADDB_706_718,0.09036533344436748
MST,ADDB_706_718,0.09036533344436748
NEK,ADDB_706_718,0.09036533344436748
P38,ADDB_706_718,0.09036533344436748
PAKA,ADDB_706_718,0.09036533344436748
PDHK,ADDB_706_718,0.09036533344436748
PDK1,ADDB_706_718,0.09036533344436748
PEK,ADDB_706_718,0.09036533344436748
PHK,ADDB_706_718,0.09036533344436748
PIM,ADDB_706_718,0.09036533344436748
PKCA,ADDB_706_718,0.09036533344436748
PLK,ADDB_706_718,0.09036533344436748
RAD53,ADDB_706_718,0.09036533344436748
RSK,ADDB_706_718,0.09036533344436748
VRK2,ADDB_706_718,0.09036533344436748
AKT,ADRB2_338_350,0.5746308603143792
BARK1,ADRB2_338_350,0.5746308603143792
CAMK1,ADRB2_338_350,0.5746308603143792
CDK,ADRB2_338_350,0.5746308603143792
CHK1,ADRB2_338_350,0.5746308603143792
DMPK,ADRB2_338_350,0.5746308603143792
GRK,ADRB2_338_350,0.5746308603143792
PAKA,ADRB2_338_350,0.5746308603143792
PKA,ADRB2_338_350,0.5746308603143792
PKCA,ADRB2_338_350,0.5746308603143792
PKCI,ADRB2_338_350,0.5746308603143792
PKG,ADRB2_338_350,0.5746308603143792
RAD53,ADRB2_338_350,0.5746308603143792
RSK,ADRB2_338_350,0.5746308603143792
VRK2,ADRB2_338_350,0.5746308603143792
AKT,ANDR_785_797,0.11034493041180848
ATR,ANDR_785_797,0.11034493041180848
BARK1,ANDR_785_797,0.11034493041180848
DMPK,ANDR_785_797,0.11034493041180848
PHK,ANDR_785_797,0.11034493041180848
PIM,ANDR_785_797,0.11034493041180848
PKA,ANDR_785_797,0.11034493041180848
PKD,ANDR_785_797,0.11034493041180848
RAF,ANDR_785_797,0.11034493041180848
RSK,ANDR_785_797,0.11034493041180848
VRK2,ANDR_785_797,0.11034493041180848
AKT,ANXA1_209_221,0.28004819590736957
BARK1,ANXA1_209_221,0.28004819590736957
DMPK,ANXA1_209_221,0.28004819590736957
PHK,ANXA1_209_221,0.28004819590736957
PKA,ANXA1_209_221,0.28004819590736957
PKCA,ANXA1_209_221,0.28004819590736957
PKG,ANXA1_209_221,0.28004819590736957
RSK,ANXA1_209_221,0.28004819590736957
VRK2,ANXA1_209_221,0.28004819590736957
AMPK,BAD_112_124,0.6223472560446313
BARK1,BAD_112_124,0.6223472560446313
CK1,BAD_112_124,0.6223472560446313
DMPK,BAD_112_124,0.6223472560446313
FRAY,BAD_112_124,0.6223472560446313
IRAK,BAD_112_124,0.6223472560446313
NEK,BAD_112_124,0.6223472560446313
PAKA,BAD_112_124,0.6223472560446313
PDHK,BAD_112_124,0.6223472560446313
PEK,BAD_112_124,0.6223472560446313
PHK,BAD_112_124,0.6223472560446313
PIM,BAD_112_124,0.6223472560446313
PKA,BAD_112_124,0.6223472560446313
PKCA,BAD_112_124,0.6223472560446313
PKCI,BAD_112_124,0.6223472560446313
PKD,BAD_112_124,0.6223472560446313
PKG,BAD_112_124,0.6223472560446313
QIK,BAD_112_124,0.6223472560446313
RAF,BAD_112_124,0.6223472560446313
RSK,BAD_112_124,0.6223472560446313
STE7,BAD_112_124,0.6223472560446313
VRK2,BAD_112_124,0.6223472560446313
AKT,BAD_69_81,0.1401959928798527
BARK1,BAD_69_81,0.1401959928798527
CDK,BAD_69_81,0.1401959928798527
DMPK,BAD_69_81,0.1401959928798527
ERK,BAD_69_81,0.1401959928798527
MELK,BAD_69_81,0.1401959928798527
MTOR,BAD_69_81,0.1401959928798527
PAKA,BAD_69_81,0.1401959928798527
PAKB,BAD_69_81,0.1401959928798527
PDHK,BAD_69_81,0.1401959928798527
PDK1,BAD_69_81,0.1401959928798527
PEK,BAD_69_81,0.1401959928798527
PHK,BAD_69_81,0.1401959928798527
PIM,BAD_69_81,0.1401959928798527
PKA,BAD_69_81,0.1401959928798527
PKCA,BAD_69_81,0.1401959928798527
PKCI,BAD_69_81,0.1401959928798527
PKD,BAD_69_81,0.1401959928798527
PKG,BAD_69_81,0.1401959928798527
QIK,BAD_69_81,0.1401959928798527
RAD53,BAD_69_81,0.1401959928798527
RAF,BAD_69_81,0.1401959928798527
RSK,BAD_69_81,0.1401959928798527
SGK,BAD_69_81,0.1401959928798527
VRK2,BAD_69_81,0.1401959928798527
AKT,BAD_93_105,-0.05168833002080308
BARK1,BAD_93_105,-0.05168833002080308
DMPK,BAD_93_105,-0.05168833002080308
MAPKAPK,BAD_93_105,-0.05168833002080308
PAKA,BAD_93_105,-0.05168833002080308
PHK,BAD_93_105,-0.05168833002080308
PIM,BAD_93_105,-0.05168833002080308
PKA,BAD_93_105,-0.05168833002080308
PKCA,BAD_93_105,-0.05168833002080308
PKCI,BAD_93_105,-0.05168833002080308
PKD,BAD_93_105,-0.05168833002080308
PKG,BAD_93_105,-0.05168833002080308
QIK,BAD_93_105,-0.05168833002080308
RAF,BAD_93_105,-0.05168833002080308
RSK,BAD_93_105,-0.05168833002080308
SGK,BAD_93_105,-0.05168833002080308
VRK2,BAD_93_105,-0.05168833002080308
AKT,BCKD_45_57,-0.04252558526610113
BARK1,BCKD_45_57,-0.04252558526610113
CDK,BCKD_45_57,-0.04252558526610113
DMPK,BCKD_45_57,-0.04252558526610113
FRAY,BCKD_45_57,-0.04252558526610113
GRK,BCKD_45_57,-0.04252558526610113
IKK,BCKD_45_57,-0.04252558526610113
MAPKAPK,BCKD_45_57,-0.04252558526610113
MELK,BCKD_45_57,-0.04252558526610113
MLCK,BCKD_45_57,-0.04252558526610113
MST,BCKD_45_57,-0.04252558526610113
PAKA,BCKD_45_57,-0.04252558526610113
PDHK,BCKD_45_57,-0.04252558526610113
PDK1,BCKD_45_57,-0.04252558526610113
PEK,BCKD_45_57,-0.04252558526610113
PHK,BCKD_45_57,-0.04252558526610113
PIM,BCKD_45_57,-0.04252558526610113
PKA,BCKD_45_57,-0.04252558526610113
PKCA,BCKD_45_57,-0.04252558526610113
PKG,BCKD_45_57,-0.04252558526610113
PLK,BCKD_45_57,-0.04252558526610113
QIK,BCKD_45_57,-0.04252558526610113
RSK,BCKD_45_57,-0.04252558526610113
SGK,BCKD_45_57,-0.04252558526610113
STE7,BCKD_45_57,-0.04252558526610113
VRK2,BCKD_45_57,-0.04252558526610113
BARK1,C1R_201_213,0.1931429941781591
CDK,C1R_201_213,0.1931429941781591
CK1,C1R_201_213,0.1931429941781591
CK2,C1R_201_213,0.1931429941781591
DMPK,C1R_201_213,0.1931429941781591
DYRK,C1R_201_213,0.1931429941781591
ERK,C1R_201_213,0.1931429941781591
IRAK,C1R_201_213,0.1931429941781591
JNK,C1R_201_213,0.1931429941781591
P38,C1R_201_213,0.1931429941781591
PDHK,C1R_201_213,0.1931429941781591
PEK,C1R_201_213,0.1931429941781591
PHK,C1R_201_213,0.1931429941781591
PKCA,C1R_201_213,0.1931429941781591
PLK,C1R_201_213,0.1931429941781591
QIK,C1R_201_213,0.1931429941781591
STE7,C1R_201_213,0.1931429941781591
STKR,C1R_201_213,0.1931429941781591
VRK2,C1R_201_213,0.1931429941781591
BARK1,CAC1C_1974_1986,0.5138448873063025
CAMK1,CAC1C_1974_1986,0.5138448873063025
MAPKAPK,CAC1C_1974_1986,0.5138448873063025
PDHK,CAC1C_1974_1986,0.5138448873063025
PHK,CAC1C_1974_1986,0.5138448873063025
PIM,CAC1C_1974_1986,0.5138448873063025
PKCA,CAC1C_1974_1986,0.5138448873063025
PKD,CAC1C_1974_1986,0.5138448873063025
PKG,CAC1C_1974_1986,0.5138448873063025
QIK,CAC1C_1974_1986,0.5138448873063025
RAD53,CAC1C_1974_1986,0.5138448873063025
RIPK,CAC1C_1974_1986,0.5138448873063025
RSK,CAC1C_1974_1986,0.5138448873063025
VRK2,CAC1C_1974_1986,0.5138448873063025
AKT,CD27_212_224,0.2676233249226139
BARK1,CD27_212_224,0.2676233249226139
CDK,CD27_212_224,0.2676233249226139
DMPK,CD27_212_224,0.2676233249226139
ERK,CD27_212_224,0.2676233249226139
IKK,CD27_212_224,0.2676233249226139
JNK,CD27_212_224,0.2676233249226139
P38,CD27_212_224,0.2676233249226139
PDHK,CD27_212_224,0.2676233249226139
PEK,CD27_212_224,0.2676233249226139
PHK,CD27_212_224,0.2676233249226139
PIM,CD27_212_224,0.2676233249226139
PKCA,CD27_212_224,0.2676233249226139
PKD,CD27_212_224,0.2676233249226139
QIK,CD27_212_224,0.2676233249226139
RSK,CD27_212_224,0.2676233249226139
VRK2,CD27_212_224,0.2676233249226139
BARK1,CDC2_154_169,-0.18485925201033945
CDK,CDC2_154_169,-0.18485925201033945
COT,CDC2_154_169,-0.18485925201033945
PEK,CDC2_154_169,-0.18485925201033945
PKG,CDC2_154_169,-0.18485925201033945
RSK,CDC2_154_169,-0.18485925201033945
STE7,CDC2_154_169,-0.18485925201033945
VRK2,CDC2_154_169,-0.18485925201033945
BARK1,CDK7_163_175,-0.03489100385630668
CDK,CDK7_163_175,-0.03489100385630668
DMPK,CDK7_163_175,-0.03489100385630668
DYRK,CDK7_163_175,-0.03489100385630668
FRAY,CDK7_163_175,-0.03489100385630668
JNK,CDK7_163_175,-0.03489100385630668
MAPKAPK,CDK7_163_175,-0.03489100385630668
MST,CDK7_163_175,-0.03489100385630668
MTOR,CDK7_163_175,-0.03489100385630668
P38,CDK7_163_175,-0.03489100385630668
PDK1,CDK7_163_175,-0.03489100385630668
PEK,CDK7_163_175,-0.03489100385630668
PHK,CDK7_163_175,-0.03489100385630668
PIM,CDK7_163_175,-0.03489100385630668
PKCA,CDK7_163_175,-0.03489100385630668
PKCI,CDK7_163_175,-0.03489100385630668
PRKDC,CDK7_163_175,-0.03489100385630668
QIK,CDK7_163_175,-0.03489100385630668
STE7,CDK7_163_175,-0.03489100385630668
VRK2,CDK7_163_175,-0.03489100385630668
AUR,CENPA_1_14,0.02234334011471173
BARK1,CENPA_1_14,0.02234334011471173
DMPK,CENPA_1_14,0.02234334011471173
MAPKAPK,CENPA_1_14,0.02234334011471173
PIM,CENPA_1_14,0.02234334011471173
PKCA,CENPA_1_14,0.02234334011471173
PKG,CENPA_1_14,0.02234334011471173
VRK2,CENPA_1_14,0.02234334011471173
AMPK,CFTR_730_742,0.8407929326927229
BARK1,CFTR_730_742,0.8407929326927229
CAMK2,CFTR_730_742,0.8407929326927229
CDK,CFTR_730_742,0.8407929326927229
DAPK,CFTR_730_742,0.8407929326927229
DYRK,CFTR_730_742,0.8407929326927229
GRK,CFTR_730_742,0.8407929326927229
IKK,CFTR_730_742,0.8407929326927229
MAPKAPK,CFTR_730_742,0.8407929326927229
PAKA,CFTR_730_742,0.8407929326927229
PDHK,CFTR_730_742,0.8407929326927229
PEK,CFTR_730_742,0.8407929326927229
PHK,CFTR_730_742,0.8407929326927229
PKA,CFTR_730_742,0.8407929326927229
PKCA,CFTR_730_742,0.8407929326927229
PKD,CFTR_730_742,0.8407929326927229
PKG,CFTR_730_742,0.8407929326927229
QIK,CFTR_730_742,0.8407929326927229
RAD53,CFTR_730_742,0.8407929326927229
RSK,CFTR_730_742,0.8407929326927229
VRK2,CFTR_730_742,0.8407929326927229
AKT,CGHB_109_121,0.5060454361965494
BARK1,CGHB_109_121,0.5060454361965494
CAMK2,CGHB_109_121,0.5060454361965494
DMPK,CGHB_109_121,0.5060454361965494
IKK,CGHB_109_121,0.5060454361965494
MTOR,CGHB_109_121,0.5060454361965494
PDHK,CGHB_109_121,0.5060454361965494
PDK1,CGHB_109_121,0.5060454361965494
PEK,CGHB_109_121,0.5060454361965494
PKA,CGHB_109_121,0.5060454361965494
PKCA,CGHB_109_121,0.5060454361965494
PKG,CGHB_109_121,0.5060454361965494
RSK,CGHB_109_121,0.5060454361965494
VRK2,CGHB_109_121,0.5060454361965494
AMPK,CREB1_126_138,0.3954376081623845
ATM,CREB1_126_138,0.3954376081623845
BARK1,CREB1_126_138,0.3954376081623845
CAMK1,CREB1_126_138,0.3954376081623845
CAMK2,CREB1_126_138,0.3954376081623845
COT,CREB1_126_138,0.3954376081623845
DMPK,CREB1_126_138,0.3954376081623845
DYRK,CREB1_126_138,0.3954376081623845
GSK,CREB1_126_138,0.3954376081623845
MAPKAPK,CREB1_126_138,0.3954376081623845
PDHK,CREB1_126_138,0.3954376081623845
PHK,CREB1_126_138,0.3954376081623845
PIM,CREB1_126_138,0.3954376081623845
PKA,CREB1_126_138,0.3954376081623845
PKCA,CREB1_126_138,0.3954376081623845
PKCD,CREB1_126_138,0.3954376081623845
PKCH,CREB1_126_138,0.3954376081623845
PKD,CREB1_126_138,0.3954376081623845
QIK,CREB1_126_138,0.3954376081623845
RAD53,CREB1_126_138,0.3954376081623845
RSK,CREB1_126_138,0.3954376081623845
SGK,CREB1_126_138,0.3954376081623845
VRK2,CREB1_126_138,0.3954376081623845
AMPK,CSF1R_701_713,0.4797512158646781
BARK1,CSF1R_701_713,0.4797512158646781
CDK,CSF1R_701_713,0.4797512158646781
CK1,CSF1R_701_713,0.4797512158646781
DMPK,CSF1R_701_713,0.4797512158646781
PDHK,CSF1R_701_713,0.4797512158646781
PEK,CSF1R_701_713,0.4797512158646781
PIM,CSF1R_701_713,0.4797512158646781
PKA,CSF1R_701_713,0.4797512158646781
PKCA,CSF1R_701_713,0.4797512158646781
PKG,CSF1R_701_713,0.4797512158646781
RSK,CSF1R_701_713,0.4797512158646781
VRK2,CSF1R_701_713,0.4797512158646781
AMPK,DESP_2842_2854,0.5841515072816682
BARK1,DESP_2842_2854,0.5841515072816682
CAMK1,DESP_2842_2854,0.5841515072816682
CDK,DESP_2842_2854,0.5841515072816682
CK1,DESP_2842_2854,0.5841515072816682
DMPK,DESP_2842_2854,0.5841515072816682
GSK,DESP_2842_2854,0.5841515072816682
IKK,DESP_2842_2854,0.5841515072816682
MAPKAPK,DESP_2842_2854,0.5841515072816682
P38,DESP_2842_2854,0.5841515072816682
PDHK,DESP_2842_2854,0.5841515072816682
PDK1,DESP_2842_2854,0.5841515072816682
PEK,DESP_2842_2854,0.5841515072816682
PHK,DESP_2842_2854,0.5841515072816682
PIM,DESP_2842_2854,0.5841515072816682
PKA,DESP_2842_2854,0.5841515072816682
PKCA,DESP_2842_2854,0.5841515072816682
PKG,DESP_2842_2854,0.5841515072816682
QIK,DESP_2842_2854,0.5841515072816682
RIPK,DESP_2842_2854,0.5841515072816682
RSK,DESP_2842_2854,0.5841515072816682
SGK,DESP_2842_2854,0.5841515072816682
STE11,DESP_2842_2854,0.5841515072816682
STE7,DESP_2842_2854,0.5841515072816682
VRK2,DESP_2842_2854,0.5841515072816682
BARK1,EPB42_241_253,0.5812300550215355
DMPK,EPB42_241_253,0.5812300550215355
PHK,EPB42_241_253,0.5812300550215355
PIM,EPB42_241_253,0.5812300550215355
PKA,EPB42_241_253,0.5812300550215355
PKCA,EPB42_241_253,0.5812300550215355
PKG,EPB42_241_253,0.5812300550215355
RAD53,EPB42_241_253,0.5812300550215355
RSK,EPB42_241_253,0.5812300550215355
VRK2,EPB42_241_253,0.5812300550215355
BARK1,ERBB2_679_691,0.04489791317257168
DMPK,ERBB2_679_691,0.04489791317257168
PHK,ERBB2_679_691,0.04489791317257168
PIM,ERBB2_679_691,0.04489791317257168
PKA,ERBB2_679_691,0.04489791317257168
PKCA,ERBB2_679_691,0.04489791317257168
PKCD,ERBB2_679_691,0.04489791317257168
PKCH,ERBB2_679_691,0.04489791317257168
PKG,ERBB2_679_691,0.04489791317257168
RSK,ERBB2_679_691,0.04489791317257168
VRK2,ERBB2_679_691,0.04489791317257168
BARK1,ERF_519_531,0.4191954841138653
CDK,ERF_519_531,0.4191954841138653
CHK1,ERF_519_531,0.4191954841138653
DAPK,ERF_519_531,0.4191954841138653
DMPK,ERF_519_531,0.4191954841138653
DYRK,ERF_519_531,0.4191954841138653
ERK,ERF_519_531,0.4191954841138653
IRAK,ERF_519_531,0.4191954841138653
MST,ERF_519_531,0.4191954841138653
P38,ERF_519_531,0.4191954841138653
PDK1,ERF_519_531,0.4191954841138653
PEK,ERF_519_531,0.4191954841138653
PIM,ERF_519_531,0.4191954841138653
PKA,ERF_519_531,0.4191954841138653
PKCA,ERF_519_531,0.4191954841138653
PKG,ERF_519_531,0.4191954841138653
RAD53,ERF_519_531,0.4191954841138653
RSK,ERF_519_531,0.4191954841138653
VRK2,ERF_519_531,0.4191954841138653
AKT,ESR1_160_172,0.33689460207150645
AUR,ESR1_160_172,0.33689460207150645
BARK1,ESR1_160_172,0.33689460207150645
CK2,ESR1_160_172,0.33689460207150645
DMPK,ESR1_160_172,0.33689460207150645
IKK,ESR1_160_172,0.33689460207150645
PEK,ESR1_160_172,0.33689460207150645
PHK,ESR1_160_172,0.33689460207150645
PIM,ESR1_160_172,0.33689460207150645
PKCA,ESR1_160_172,0.33689460207150645
RSK,ESR1_160_172,0.33689460207150645
STE11,ESR1_160_172,0.33689460207150645
STE7,ESR1_160_172,0.33689460207150645
VRK2,ESR1_160_172,0.33689460207150645
BARK1,FIBA_569_581,0.01285538876377974
CDK,FIBA_569_581,0.01285538876377974
CK1,FIBA_569_581,0.01285538876377974
DAPK,FIBA_569_581,0.01285538876377974
DMPK,FIBA_569_581,0.01285538876377974
ERK,FIBA_569_581,0.01285538876377974
GSK,FIBA_569_581,0.01285538876377974
HAL,FIBA_569_581,0.01285538876377974
IKK,FIBA_569_581,0.01285538876377974
JNK,FIBA_569_581,0.01285538876377974
MLCK,FIBA_569_581,0.01285538876377974
MST,FIBA_569_581,0.01285538876377974
PDHK,FIBA_569_581,0.01285538876377974
PEK,FIBA_569_581,0.01285538876377974
PHK,FIBA_569_581,0.01285538876377974
PIM,FIBA_569_581,0.01285538876377974
PKA,FIBA_569_581,0.01285538876377974
PKCA,FIBA_569_581,0.01285538876377974
PKG,FIBA_569_581,0.01285538876377974
PLK,FIBA_569_581,0.01285538876377974
QIK,FIBA_569_581,0.01285538876377974
RAF,FIBA_569_581,0.01285538876377974
RIPK,FIBA_569_581,0.01285538876377974
RSK,FIBA_569_581,0.01285538876377974
SGK,FIBA_569_581,0.01285538876377974
STE7,FIBA_569_581,0.01285538876377974
VRK2,FIBA_569_581,0.01285538876377974
AKT,FOXO3_25_37,-0.11303183559337408
BARK1,FOXO3_25_37,-0.11303183559337408
CDK,FOXO3_25_37,-0.11303183559337408
ERK,FOXO3_25_37,-0.11303183559337408
MAPKAPK,FOXO3_25_37,-0.11303183559337408
P38,FOXO3_25_37,-0.11303183559337408
PHK,FOXO3_25_37,-0.11303183559337408
PIM,FOXO3_25_37,-0.11303183559337408
PKCA,FOXO3_25_37,-0.11303183559337408
QIK,FOXO3_25_37,-0.11303183559337408
RAF,FOXO3_25_37,-0.11303183559337408
RSK,FOXO3_25_37,-0.11303183559337408
SGK,FOXO3_25_37,-0.11303183559337408
VRK2,FOXO3_25_37,-0.11303183559337408
AKT,FRAP_2443_2455,0.07594260934526739
AMPK,FRAP_2443_2455,0.07594260934526739
BARK1,FRAP_2443_2455,0.07594260934526739
CK1,FRAP_2443_2455,0.07594260934526739
DAPK,FRAP_2443_2455,0.07594260934526739
DMPK,FRAP_2443_2455,0.07594260934526739
MAPKAPK,FRAP_2443_2455,0.07594260934526739
MELK,FRAP_2443_2455,0.07594260934526739
MLK,FRAP_2443_2455,0.07594260934526739
MSN,FRAP_2443_2455,0.07594260934526739
MTOR,FRAP_2443_2455,0.07594260934526739
NEK,FRAP_2443_2455,0.07594260934526739
PDHK,FRAP_2443_2455,0.07594260934526739
PDK1,FRAP_2443_2455,0.07594260934526739
PEK,FRAP_2443_2455,0.07594260934526739
PHK,FRAP_2443_2455,0.07594260934526739
PIM,FRAP_2443_2455,0.07594260934526739
PKA,FRAP_2443_2455,0.07594260934526739
PKCA,FRAP_2443_2455,0.07594260934526739
QIK,FRAP_2443_2455,0.07594260934526739
RSK,FRAP_2443_2455,0.07594260934526739
SGK,FRAP_2443_2455,0.07594260934526739
TAO,FRAP_2443_2455,0.07594260934526739
VRK2,FRAP_2443_2455,0.07594260934526739
AKT,GPR6_349_361,0.05645040183836099
BARK1,GPR6_349_361,0.05645040183836099
CDK,GPR6_349_361,0.05645040183836099
CK1,GPR6_349_361,0.05645040183836099
DMPK,GPR6_349_361,0.05645040183836099
DYRK,GPR6_349_361,0.05645040183836099
ERK,GPR6_349_361,0.05645040183836099
IKK,GPR6_349_361,0.05645040183836099
JNK,GPR6_349_361,0.05645040183836099
MAPKAPK,GPR6_349_361,0.05645040183836099
MELK,GPR6_349_361,0.05645040183836099
P38,GPR6_349_361,0.05645040183836099
PDK1,GPR6_349_361,0.05645040183836099
PEK,GPR6_349_361,0.05645040183836099
PHK,GPR6_349_361,0.05645040183836099
PKCA,GPR6_349_361,0.05645040183836099
QIK,GPR6_349_361,0.05645040183836099
RAF,GPR6_349_361,0.05645040183836099
RSK,GPR6_349_361,0.05645040183836099
SGK,GPR6_349_361,0.05645040183836099
VRK2,GPR6_349_361,0.05645040183836099
AMPK,GPSM2_394_406,0.6857600035411284
BARK1,GPSM2_394_406,0.6857600035411284
CAMK1,GPSM2_394_406,0.6857600035411284
CHK1,GPSM2_394_406,0.6857600035411284
DMPK,GPSM2_394_406,0.6857600035411284
IKK,GPSM2_394_406,0.6857600035411284
MAPKAPK,GPSM2_394_406,0.6857600035411284
MARK,GPSM2_394_406,0.6857600035411284
PHK,GPSM2_394_406,0.6857600035411284
PKCA,GPSM2_394_406,0.6857600035411284
PKD,GPSM2_394_406,0.6857600035411284
VRK2,GPSM2_394_406,0.6857600035411284
BARK1,GSUB_61_73,0.03072934381812923
CDK,GSUB_61_73,0.03072934381812923
DAPK,GSUB_61_73,0.03072934381812923
DMPK,GSUB_61_73,0.03072934381812923
DYRK,GSUB_61_73,0.03072934381812923
ERK,GSUB_61_73,0.03072934381812923
PDK1,GSUB_61_73,0.03072934381812923
PHK,GSUB_61_73,0.03072934381812923
PKA,GSUB_61_73,0.03072934381812923
PKG,GSUB_61_73,0.03072934381812923
PLK,GSUB_61_73,0.03072934381812923
VRK2,GSUB_61_73,0.03072934381812923
AKT,GYS2_1_13,-0.04231598222643769
BARK1,GYS2_1_13,-0.04231598222643769
CDK,GYS2_1_13,-0.04231598222643769
DMPK,GYS2_1_13,-0.04231598222643769
IKK,GYS2_1_13,-0.04231598222643769
MAPKAPK,GYS2_1_13,-0.04231598222643769
MTOR,GYS2_1_13,-0.04231598222643769
PEK,GYS2_1_13,-0.04231598222643769
PHK,GYS2_1_13,-0.04231598222643769
PKA,GYS2_1_13,-0.04231598222643769
PKCA,GYS2_1_13,-0.04231598222643769
QIK,GYS2_1_13,-0.04231598222643769
RSK,GYS2_1_13,-0.04231598222643769
SGK,GYS2_1_13,-0.04231598222643769
VRK2,GYS2_1_13,-0.04231598222643769
AKT,H2B1B_ 27_40,0.03260709304899241
AMPK,H2B1B_ 27_40,0.03260709304899241
BARK1,H2B1B_ 27_40,0.03260709304899241
CAMK1,H2B1B_ 27_40,0.03260709304899241
CDK,H2B1B_ 27_40,0.03260709304899241
COT,H2B1B_ 27_40,0.03260709304899241
DAPK,H2B1B_ 27_40,0.03260709304899241
DMPK,H2B1B_ 27_40,0.03260709304899241
IKK,H2B1B_ 27_40,0.03260709304899241
MLK,H2B1B_ 27_40,0.03260709304899241
MST,H2B1B_ 27_40,0.03260709304899241
PAKA,H2B1B_ 27_40,0.03260709304899241
PAKB,H2B1B_ 27_40,0.03260709304899241
PDHK,H2B1B_ 27_40,0.03260709304899241
PEK,H2B1B_ 27_40,0.03260709304899241
PHK,H2B1B_ 27_40,0.03260709304899241
PIM,H2B1B_ 27_40,0.03260709304899241
PKA,H2B1B_ 27_40,0.03260709304899241
PKCA,H2B1B_ 27_40,0.03260709304899241
PKCH,H2B1B_ 27_40,0.03260709304899241
PKD,H2B1B_ 27_40,0.03260709304899241
PKG,H2B1B_ 27_40,0.03260709304899241
PLK,H2B1B_ 27_40,0.03260709304899241
QIK,H2B1B_ 27_40,0.03260709304899241
RAD53,H2B1B_ 27_40,0.03260709304899241
RSK,H2B1B_ 27_40,0.03260709304899241
SGK,H2B1B_ 27_40,0.03260709304899241
VRK2,H2B1B_ 27_40,0.03260709304899241
AMPK,H32_3_18,0.09435542714087486
ATR,H32_3_18,0.09435542714087486
AUR,H32_3_18,0.09435542714087486
BARK1,H32_3_18,0.09435542714087486
DAPK,H32_3_18,0.09435542714087486
DMPK,H32_3_18,0.09435542714087486
DYRK,H32_3_18,0.09435542714087486
MLK,H32_3_18,0.09435542714087486
MST,H32_3_18,0.09435542714087486
MTOR,H32_3_18,0.09435542714087486
PHK,H32_3_18,0.09435542714087486
PIM,H32_3_18,0.09435542714087486
PKCA,H32_3_18,0.09435542714087486
PKCD,H32_3_18,0.09435542714087486
PRKDC,H32_3_18,0.09435542714087486
QIK,H32_3_18,0.09435542714087486
RAD53,H32_3_18,0.09435542714087486
RSK,H32_3_18,0.09435542714087486
STE7,H32_3_18,0.09435542714087486
VRK1,H32_3_18,0.09435542714087486
VRK2,H32_3_18,0.09435542714087486
BARK1,IF4E_203_215,-0.03699230533995153
CDK,IF4E_203_215,-0.03699230533995153
DMPK,IF4E_203_215,-0.03699230533995153
ERK,IF4E_203_215,-0.03699230533995153
GRK,IF4E_203_215,-0.03699230533995153
IKK,IF4E_203_215,-0.03699230533995153
LKB,IF4E_203_215,-0.03699230533995153
MAPKAPK,IF4E_203_215,-0.03699230533995153
MLK,IF4E_203_215,-0.03699230533995153
P38,IF4E_203_215,-0.03699230533995153
PEK,IF4E_203_215,-0.03699230533995153
PKCA,IF4E_203_215,-0.03699230533995153
QIK,IF4E_203_215,-0.03699230533995153
RIPK,IF4E_203_215,-0.03699230533995153
STKR,IF4E_203_215,-0.03699230533995153
VRK1,IF4E_203_215,-0.03699230533995153
VRK2,IF4E_203_215,-0.03699230533995153
BARK1,K6PL_766_778,-0.11899827853053029
AKT,K6PL_766_778,-0.11899827853053029
CAMK2,K6PL_766_778,-0.11899827853053029
CDK,K6PL_766_778,-0.11899827853053029
MAPKAPK,K6PL_766_778,-0.11899827853053029
MARK,K6PL_766_778,-0.11899827853053029
MOS,K6PL_766_778,-0.11899827853053029
PEK,K6PL_766_778,-0.11899827853053029
PHK,K6PL_766_778,-0.11899827853053029
PKA,K6PL_766_778,-0.11899827853053029
PKCA,K6PL_766_778,-0.11899827853053029
PKG,K6PL_766_778,-0.11899827853053029
RAD53,K6PL_766_778,-0.11899827853053029
RSK,K6PL_766_778,-0.11899827853053029
VRK2,K6PL_766_778,-0.11899827853053029
BARK1,KAP2_92_104,0.5738257478208778
CDK,KAP2_92_104,0.5738257478208778
CK2,KAP2_92_104,0.5738257478208778
DMPK,KAP2_92_104,0.5738257478208778
ERK,KAP2_92_104,0.5738257478208778
GSK,KAP2_92_104,0.5738257478208778
MAPKAPK,KAP2_92_104,0.5738257478208778
PDHK,KAP2_92_104,0.5738257478208778
PEK,KAP2_92_104,0.5738257478208778
PHK,KAP2_92_104,0.5738257478208778
PIM,KAP2_92_104,0.5738257478208778
PKA,KAP2_92_104,0.5738257478208778
PKCA,KAP2_92_104,0.5738257478208778
PKD,KAP2_92_104,0.5738257478208778
PKG,KAP2_92_104,0.5738257478208778
QIK,KAP2_92_104,0.5738257478208778
RIPK,KAP2_92_104,0.5738257478208778
RSK,KAP2_92_104,0.5738257478208778
VRK2,KAP2_92_104,0.5738257478208778
AKT,KAP3_107_119,0.5294267901395807
AUR,KAP3_107_119,0.5294267901395807
BARK1,KAP3_107_119,0.5294267901395807
DMPK,KAP3_107_119,0.5294267901395807
MAPKAPK,KAP3_107_119,0.5294267901395807
PDHK,KAP3_107_119,0.5294267901395807
PHK,KAP3_107_119,0.5294267901395807
PKA,KAP3_107_119,0.5294267901395807
PKCA,KAP3_107_119,0.5294267901395807
RIPK,KAP3_107_119,0.5294267901395807
VRK2,KAP3_107_119,0.5294267901395807
BARK1,KAPCG_192_206,0.07512125380063524
CAMK2,KAPCG_192_206,0.07512125380063524
CDK,KAPCG_192_206,0.07512125380063524
DMPK,KAPCG_192_206,0.07512125380063524
DYRK,KAPCG_192_206,0.07512125380063524
ERK,KAPCG_192_206,0.07512125380063524
GSK,KAPCG_192_206,0.07512125380063524
IKK,KAPCG_192_206,0.07512125380063524
IRAK,KAPCG_192_206,0.07512125380063524
LKB,KAPCG_192_206,0.07512125380063524
MELK,KAPCG_192_206,0.07512125380063524
MST,KAPCG_192_206,0.07512125380063524
MTOR,KAPCG_192_206,0.07512125380063524
PDHK,KAPCG_192_206,0.07512125380063524
PDK1,KAPCG_192_206,0.07512125380063524
PHK,KAPCG_192_206,0.07512125380063524
PIM,KAPCG_192_206,0.07512125380063524
PKCH,KAPCG_192_206,0.07512125380063524
VRK2,KAPCG_192_206,0.07512125380063524
BARK1,KCC2G_278_289,-0.1948640715746735
CAMK2,KCC2G_278_289,-0.1948640715746735
CDK,KCC2G_278_289,-0.1948640715746735
CK1,KCC2G_278_289,-0.1948640715746735
MAPKAPK,KCC2G_278_289,-0.1948640715746735
MELK,KCC2G_278_289,-0.1948640715746735
MLCK,KCC2G_278_289,-0.1948640715746735
PEK,KCC2G_278_289,-0.1948640715746735
PHK,KCC2G_278_289,-0.1948640715746735
PIM,KCC2G_278_289,-0.1948640715746735
PKCA,KCC2G_278_289,-0.1948640715746735
PKCI,KCC2G_278_289,-0.1948640715746735
PLK,KCC2G_278_289,-0.1948640715746735
QIK,KCC2G_278_289,-0.1948640715746735
RSK,KCC2G_278_289,-0.1948640715746735
SGK,KCC2G_278_289,-0.1948640715746735
VRK2,KCC2G_278_289,-0.1948640715746735
AKT,KCNA1_438_450,0.5668190046611447
AMPK,KCNA1_438_450,0.5668190046611447
BARK1,KCNA1_438_450,0.5668190046611447
CAMK1,KCNA1_438_450,0.5668190046611447
CDK,KCNA1_438_450,0.5668190046611447
CK1,KCNA1_438_450,0.5668190046611447
DAPK,KCNA1_438_450,0.5668190046611447
DMPK,KCNA1_438_450,0.5668190046611447
ERK,KCNA1_438_450,0.5668190046611447
GRK,KCNA1_438_450,0.5668190046611447
IKK,KCNA1_438_450,0.5668190046611447
JNK,KCNA1_438_450,0.5668190046611447
MAPKAPK,KCNA1_438_450,0.5668190046611447
MELK,KCNA1_438_450,0.5668190046611447
NEK,KCNA1_438_450,0.5668190046611447
P38,KCNA1_438_450,0.5668190046611447
PDHK,KCNA1_438_450,0.5668190046611447
PEK,KCNA1_438_450,0.5668190046611447
PHK,KCNA1_438_450,0.5668190046611447
PKA,KCNA1_438_450,0.5668190046611447
PKCA,KCNA1_438_450,0.5668190046611447
PKD,KCNA1_438_450,0.5668190046611447
PLK,KCNA1_438_450,0.5668190046611447
QIK,KCNA1_438_450,0.5668190046611447
RAD53,KCNA1_438_450,0.5668190046611447
RIPK,KCNA1_438_450,0.5668190046611447
RSK,KCNA1_438_450,0.5668190046611447
SGK,KCNA1_438_450,0.5668190046611447
STE7,KCNA1_438_450,0.5668190046611447
STKR,KCNA1_438_450,0.5668190046611447
VRK2,KCNA1_438_450,0.5668190046611447
AKT,KCNA2_442_454,0.28272837641137877
AMPK,KCNA2_442_454,0.28272837641137877
BARK1,KCNA2_442_454,0.28272837641137877
CAMK1,KCNA2_442_454,0.28272837641137877
CAMK2,KCNA2_442_454,0.28272837641137877
CDK,KCNA2_442_454,0.28272837641137877
CHK1,KCNA2_442_454,0.28272837641137877
CK1,KCNA2_442_454,0.28272837641137877
DMPK,KCNA2_442_454,0.28272837641137877
IKK,KCNA2_442_454,0.28272837641137877
JNK,KCNA2_442_454,0.28272837641137877
MAPKAPK,KCNA2_442_454,0.28272837641137877
NEK,KCNA2_442_454,0.28272837641137877
P38,KCNA2_442_454,0.28272837641137877
PDHK,KCNA2_442_454,0.28272837641137877
PEK,KCNA2_442_454,0.28272837641137877
PHK,KCNA2_442_454,0.28272837641137877
PIM,KCNA2_442_454,0.28272837641137877
PKCA,KCNA2_442_454,0.28272837641137877
PKD,KCNA2_442_454,0.28272837641137877
QIK,KCNA2_442_454,0.28272837641137877
RAD53,KCNA2_442_454,0.28272837641137877
RIPK,KCNA2_442_454,0.28272837641137877
RSK,KCNA2_442_454,0.28272837641137877
SGK,KCNA2_442_454,0.28272837641137877
STKR,KCNA2_442_454,0.28272837641137877
VRK2,KCNA2_442_454,0.28272837641137877
AKT,KCNA3_461_473,0.25953363450851413
AMPK,KCNA3_461_473,0.25953363450851413
BARK1,KCNA3_461_473,0.25953363450851413
CAMK1,KCNA3_461_473,0.25953363450851413
CDK,KCNA3_461_473,0.25953363450851413
CHK1,KCNA3_461_473,0.25953363450851413
CK1,KCNA3_461_473,0.25953363450851413
DMPK,KCNA3_461_473,0.25953363450851413
IKK,KCNA3_461_473,0.25953363450851413
JNK,KCNA3_461_473,0.25953363450851413
KHS,KCNA3_461_473,0.25953363450851413
MAPKAPK,KCNA3_461_473,0.25953363450851413
MARK,KCNA3_461_473,0.25953363450851413
MST,KCNA3_461_473,0.25953363450851413
P38,KCNA3_461_473,0.25953363450851413
PAKA,KCNA3_461_473,0.25953363450851413
PDHK,KCNA3_461_473,0.25953363450851413
PDK1,KCNA3_461_473,0.25953363450851413
PEK,KCNA3_461_473,0.25953363450851413
PHK,KCNA3_461_473,0.25953363450851413
PKA,KCNA3_461_473,0.25953363450851413
PKCA,KCNA3_461_473,0.25953363450851413
PKD,KCNA3_461_473,0.25953363450851413
PKG,KCNA3_461_473,0.25953363450851413
PLK,KCNA3_461_473,0.25953363450851413
QIK,KCNA3_461_473,0.25953363450851413
RAD53,KCNA3_461_473,0.25953363450851413
RSK,KCNA3_461_473,0.25953363450851413
STE7,KCNA3_461_473,0.25953363450851413
VRK2,KCNA3_461_473,0.25953363450851413
AMPK,KCNB1_489_501,0.27286354850873656
BARK1,KCNB1_489_501,0.27286354850873656
CAMK1,KCNB1_489_501,0.27286354850873656
CAMK2,KCNB1_489_501,0.27286354850873656
CDK,KCNB1_489_501,0.27286354850873656
CHK1,KCNB1_489_501,0.27286354850873656
CK1,KCNB1_489_501,0.27286354850873656
CK2,KCNB1_489_501,0.27286354850873656
DAPK,KCNB1_489_501,0.27286354850873656
DMPK,KCNB1_489_501,0.27286354850873656
GRK,KCNB1_489_501,0.27286354850873656
IKK,KCNB1_489_501,0.27286354850873656
MAPKAPK,KCNB1_489_501,0.27286354850873656
MELK,KCNB1_489_501,0.27286354850873656
MLCK,KCNB1_489_501,0.27286354850873656
MLK,KCNB1_489_501,0.27286354850873656
MST,KCNB1_489_501,0.27286354850873656
NAK,KCNB1_489_501,0.27286354850873656
NEK,KCNB1_489_501,0.27286354850873656
PDHK,KCNB1_489_501,0.27286354850873656
PEK,KCNB1_489_501,0.27286354850873656
PHK,KCNB1_489_501,0.27286354850873656
PIM,KCNB1_489_501,0.27286354850873656
PKA,KCNB1_489_501,0.27286354850873656
PKCA,KCNB1_489_501,0.27286354850873656
PKCD,KCNB1_489_501,0.27286354850873656
PKD,KCNB1_489_501,0.27286354850873656
QIK,KCNB1_489_501,0.27286354850873656
RIPK,KCNB1_489_501,0.27286354850873656
RSK,KCNB1_489_501,0.27286354850873656
SGK,KCNB1_489_501,0.27286354850873656
STE7,KCNB1_489_501,0.27286354850873656
STKR,KCNB1_489_501,0.27286354850873656
VRK2,KCNB1_489_501,0.27286354850873656
BARK1,KIF2C_105_118_S106G,0.03462869152621135
CAMK2,KIF2C_105_118_S106G,0.03462869152621135
CDK,KIF2C_105_118_S106G,0.03462869152621135
DMPK,KIF2C_105_118_S106G,0.03462869152621135
FRAY,KIF2C_105_118_S106G,0.03462869152621135
IKK,KIF2C_105_118_S106G,0.03462869152621135
MELK,KIF2C_105_118_S106G,0.03462869152621135
NEK,KIF2C_105_118_S106G,0.03462869152621135
PAKA,KIF2C_105_118_S106G,0.03462869152621135
PDHK,KIF2C_105_118_S106G,0.03462869152621135
PEK,KIF2C_105_118_S106G,0.03462869152621135
PHK,KIF2C_105_118_S106G,0.03462869152621135
PKCA,KIF2C_105_118_S106G,0.03462869152621135
PKD,KIF2C_105_118_S106G,0.03462869152621135
QIK,KIF2C_105_118_S106G,0.03462869152621135
RIPK,KIF2C_105_118_S106G,0.03462869152621135
RSK,KIF2C_105_118_S106G,0.03462869152621135
VRK2,KIF2C_105_118_S106G,0.03462869152621135
BARK1,KPB1_1011_1023,0.7796758109584138
CDK,KPB1_1011_1023,0.7796758109584138
CK1,KPB1_1011_1023,0.7796758109584138
DMPK,KPB1_1011_1023,0.7796758109584138
IKK,KPB1_1011_1023,0.7796758109584138
P38,KPB1_1011_1023,0.7796758109584138
PAKA,KPB1_1011_1023,0.7796758109584138
PDHK,KPB1_1011_1023,0.7796758109584138
PEK,KPB1_1011_1023,0.7796758109584138
PHK,KPB1_1011_1023,0.7796758109584138
PIM,KPB1_1011_1023,0.7796758109584138
PKA,KPB1_1011_1023,0.7796758109584138
PKCA,KPB1_1011_1023,0.7796758109584138
PKD,KPB1_1011_1023,0.7796758109584138
RIPK,KPB1_1011_1023,0.7796758109584138
RSK,KPB1_1011_1023,0.7796758109584138
SGK,KPB1_1011_1023,0.7796758109584138
VRK2,KPB1_1011_1023,0.7796758109584138
BARK1,KS6A1_374_386,-0.06336975861523117
COT,KS6A1_374_386,-0.06336975861523117
FRAY,KS6A1_374_386,-0.06336975861523117
MAPKAPK,KS6A1_374_386,-0.06336975861523117
MSN,KS6A1_374_386,-0.06336975861523117
MTOR,KS6A1_374_386,-0.06336975861523117
PDHK,KS6A1_374_386,-0.06336975861523117
PDK1,KS6A1_374_386,-0.06336975861523117
PEK,KS6A1_374_386,-0.06336975861523117
PHK,KS6A1_374_386,-0.06336975861523117
PIM,KS6A1_374_386,-0.06336975861523117
PKCA,KS6A1_374_386,-0.06336975861523117
RAD53,KS6A1_374_386,-0.06336975861523117
RSK,KS6A1_374_386,-0.06336975861523117
STE7,KS6A1_374_386,-0.06336975861523117
VRK2,KS6A1_374_386,-0.06336975861523117
AMPK,LIPS_944_956,0.5620699702012134
ATR,LIPS_944_956,0.5620699702012134
BARK1,LIPS_944_956,0.5620699702012134
CDK,LIPS_944_956,0.5620699702012134
DMPK,LIPS_944_956,0.5620699702012134
ERK,LIPS_944_956,0.5620699702012134
NDR,LIPS_944_956,0.5620699702012134
PDHK,LIPS_944_956,0.5620699702012134
PEK,LIPS_944_956,0.5620699702012134
PIM,LIPS_944_956,0.5620699702012134
PKA,LIPS_944_956,0.5620699702012134
PKCA,LIPS_944_956,0.5620699702012134
PKG,LIPS_944_956,0.5620699702012134
PRKDC,LIPS_944_956,0.5620699702012134
RAF,LIPS_944_956,0.5620699702012134
RSK,LIPS_944_956,0.5620699702012134
STE7,LIPS_944_956,0.5620699702012134
VRK2,LIPS_944_956,0.5620699702012134
BARK1,LMNB1_16_28,0.03409930963629589
CDK,LMNB1_16_28,0.03409930963629589
DMPK,LMNB1_16_28,0.03409930963629589
DYRK,LMNB1_16_28,0.03409930963629589
ERK,LMNB1_16_28,0.03409930963629589
GSK,LMNB1_16_28,0.03409930963629589
IKK,LMNB1_16_28,0.03409930963629589
IRAK,LMNB1_16_28,0.03409930963629589
JNK,LMNB1_16_28,0.03409930963629589
MLK,LMNB1_16_28,0.03409930963629589
NMO,LMNB1_16_28,0.03409930963629589
P38,LMNB1_16_28,0.03409930963629589
PDK1,LMNB1_16_28,0.03409930963629589
PEK,LMNB1_16_28,0.03409930963629589
PIM,LMNB1_16_28,0.03409930963629589
PKCA,LMNB1_16_28,0.03409930963629589
PKG,LMNB1_16_28,0.03409930963629589
RSK,LMNB1_16_28,0.03409930963629589
STE7,LMNB1_16_28,0.03409930963629589
VRK2,LMNB1_16_28,0.03409930963629589
BARK1,MARCS_152_164,0.1315406814165255
CDK,MARCS_152_164,0.1315406814165255
DAPK,MARCS_152_164,0.1315406814165255
DMPK,MARCS_152_164,0.1315406814165255
ERK,MARCS_152_164,0.1315406814165255
JNK,MARCS_152_164,0.1315406814165255
P38,MARCS_152_164,0.1315406814165255
PAKA,MARCS_152_164,0.1315406814165255
PDHK,MARCS_152_164,0.1315406814165255
PDK1,MARCS_152_164,0.1315406814165255
PEK,MARCS_152_164,0.1315406814165255
PHK,MARCS_152_164,0.1315406814165255
PKA,MARCS_152_164,0.1315406814165255
PKCA,MARCS_152_164,0.1315406814165255
PKCH,MARCS_152_164,0.1315406814165255
PKCI,MARCS_152_164,0.1315406814165255
PKD,MARCS_152_164,0.1315406814165255
PKG,MARCS_152_164,0.1315406814165255
PKN,MARCS_152_164,0.1315406814165255
RAD53,MARCS_152_164,0.1315406814165255
VRK2,MARCS_152_164,0.1315406814165255
BARK1,MARCS_160_172,-0.0499031536517706
CDK,MARCS_160_172,-0.0499031536517706
DMPK,MARCS_160_172,-0.0499031536517706
ERK,MARCS_160_172,-0.0499031536517706
JNK,MARCS_160_172,-0.0499031536517706
MLK,MARCS_160_172,-0.0499031536517706
P38,MARCS_160_172,-0.0499031536517706
PDHK,MARCS_160_172,-0.0499031536517706
PDK1,MARCS_160_172,-0.0499031536517706
PEK,MARCS_160_172,-0.0499031536517706
PKCA,MARCS_160_172,-0.0499031536517706
RAD53,MARCS_160_172,-0.0499031536517706
RIPK,MARCS_160_172,-0.0499031536517706
VRK2,MARCS_160_172,-0.0499031536517706
BARK1,MBP_222_234,-0.0969915002743651
CDK,MBP_222_234,-0.0969915002743651
DYRK,MBP_222_234,-0.0969915002743651
ERK,MBP_222_234,-0.0969915002743651
GSK,MBP_222_234,-0.0969915002743651
JNK,MBP_222_234,-0.0969915002743651
MTOR,MBP_222_234,-0.0969915002743651
PDK1,MBP_222_234,-0.0969915002743651
PEK,MBP_222_234,-0.0969915002743651
VRK2,MBP_222_234,-0.0969915002743651
BARK1,MP2K1_287_299,-0.10988255053460438
CDK,MP2K1_287_299,-0.10988255053460438
DMPK,MP2K1_287_299,-0.10988255053460438
DYRK,MP2K1_287_299,-0.10988255053460438
ERK,MP2K1_287_299,-0.10988255053460438
JNK,MP2K1_287_299,-0.10988255053460438
MAPKAPK,MP2K1_287_299,-0.10988255053460438
P38,MP2K1_287_299,-0.10988255053460438
PAKA,MP2K1_287_299,-0.10988255053460438
PDHK,MP2K1_287_299,-0.10988255053460438
PDK1,MP2K1_287_299,-0.10988255053460438
PEK,MP2K1_287_299,-0.10988255053460438
PHK,MP2K1_287_299,-0.10988255053460438
PIM,MP2K1_287_299,-0.10988255053460438
PKCA,MP2K1_287_299,-0.10988255053460438
PKD,MP2K1_287_299,-0.10988255053460438
STE7,MP2K1_287_299,-0.10988255053460438
VRK2,MP2K1_287_299,-0.10988255053460438
ATR,MPIP1_172_184,-0.07404244371907578
BARK1,MPIP1_172_184,-0.07404244371907578
CHK1,MPIP1_172_184,-0.07404244371907578
DMPK,MPIP1_172_184,-0.07404244371907578
MAPKAPK,MPIP1_172_184,-0.07404244371907578
PHK,MPIP1_172_184,-0.07404244371907578
PIM,MPIP1_172_184,-0.07404244371907578
PKCA,MPIP1_172_184,-0.07404244371907578
PRKDC,MPIP1_172_184,-0.07404244371907578
QIK,MPIP1_172_184,-0.07404244371907578
RAD53,MPIP1_172_184,-0.07404244371907578
RAF,MPIP1_172_184,-0.07404244371907578
RSK,MPIP1_172_184,-0.07404244371907578
VRK2,MPIP1_172_184,-0.07404244371907578
BARK1,MPIP3_208_220,-0.2666869762733966
BRSK,MPIP3_208_220,-0.2666869762733966
CAMK1,MPIP3_208_220,-0.2666869762733966
CDK,MPIP3_208_220,-0.2666869762733966
CHK1,MPIP3_208_220,-0.2666869762733966
DMPK,MPIP3_208_220,-0.2666869762733966
DYRK,MPIP3_208_220,-0.2666869762733966
ERK,MPIP3_208_220,-0.2666869762733966
IKK,MPIP3_208_220,-0.2666869762733966
JNK,MPIP3_208_220,-0.2666869762733966
MAPKAPK,MPIP3_208_220,-0.2666869762733966
MARK,MPIP3_208_220,-0.2666869762733966
MELK,MPIP3_208_220,-0.2666869762733966
P38,MPIP3_208_220,-0.2666869762733966
PDK1,MPIP3_208_220,-0.2666869762733966
PEK,MPIP3_208_220,-0.2666869762733966
PHK,MPIP3_208_220,-0.2666869762733966
PKCA,MPIP3_208_220,-0.2666869762733966
QIK,MPIP3_208_220,-0.2666869762733966
RAD53,MPIP3_208_220,-0.2666869762733966
RIPK,MPIP3_208_220,-0.2666869762733966
VRK2,MPIP3_208_220,-0.2666869762733966
AKT,NCF1_321_333,0.5032673015934416
BARK1,NCF1_321_333,0.5032673015934416
DMPK,NCF1_321_333,0.5032673015934416
IRAK,NCF1_321_333,0.5032673015934416
PHK,NCF1_321_333,0.5032673015934416
PKA,NCF1_321_333,0.5032673015934416
PKCA,NCF1_321_333,0.5032673015934416
PKCD,NCF1_321_333,0.5032673015934416
QIK,NCF1_321_333,0.5032673015934416
VRK2,NCF1_321_333,0.5032673015934416
BARK1,NEK2_172_184,-0.10967065765642715
CAMK1,NEK2_172_184,-0.10967065765642715
CAMK2,NEK2_172_184,-0.10967065765642715
CDK,NEK2_172_184,-0.10967065765642715
DYRK,NEK2_172_184,-0.10967065765642715
ERK,NEK2_172_184,-0.10967065765642715
FRAY,NEK2_172_184,-0.10967065765642715
LKB,NEK2_172_184,-0.10967065765642715
MELK,NEK2_172_184,-0.10967065765642715
MST,NEK2_172_184,-0.10967065765642715
MTOR,NEK2_172_184,-0.10967065765642715
NEK,NEK2_172_184,-0.10967065765642715
P38,NEK2_172_184,-0.10967065765642715
PDHK,NEK2_172_184,-0.10967065765642715
PDK1,NEK2_172_184,-0.10967065765642715
PEK,NEK2_172_184,-0.10967065765642715
PKCA,NEK2_172_184,-0.10967065765642715
PKCH,NEK2_172_184,-0.10967065765642715
RSK,NEK2_172_184,-0.10967065765642715
STE11,NEK2_172_184,-0.10967065765642715
STE7,NEK2_172_184,-0.10967065765642715
VRK2,NEK2_172_184,-0.10967065765642715
BARK1,NEK3_158_170,-0.2177901059518049
CAMK2,NEK3_158_170,-0.2177901059518049
DYRK,NEK3_158_170,-0.2177901059518049
ERK,NEK3_158_170,-0.2177901059518049
LKB,NEK3_158_170,-0.2177901059518049
MST,NEK3_158_170,-0.2177901059518049
NEK,NEK3_158_170,-0.2177901059518049
PDHK,NEK3_158_170,-0.2177901059518049
PDK1,NEK3_158_170,-0.2177901059518049
PEK,NEK3_158_170,-0.2177901059518049
PKCH,NEK3_158_170,-0.2177901059518049
STE11,NEK3_158_170,-0.2177901059518049
STE7,NEK3_158_170,-0.2177901059518049
VRK2,NEK3_158_170,-0.2177901059518049
BARK1,NFKB1_330_342,0.5967072115231945
CDK,NFKB1_330_342,0.5967072115231945
DMPK,NFKB1_330_342,0.5967072115231945
IKK,NFKB1_330_342,0.5967072115231945
MAPKAPK,NFKB1_330_342,0.5967072115231945
PAKA,NFKB1_330_342,0.5967072115231945
PDHK,NFKB1_330_342,0.5967072115231945
PEK,NFKB1_330_342,0.5967072115231945
PIM,NFKB1_330_342,0.5967072115231945
PKA,NFKB1_330_342,0.5967072115231945
PKCA,NFKB1_330_342,0.5967072115231945
PKG,NFKB1_330_342,0.5967072115231945
PLK,NFKB1_330_342,0.5967072115231945
STE7,NFKB1_330_342,0.5967072115231945
VRK2,NFKB1_330_342,0.5967072115231945
BARK1,NMDZ1_890_902,0.26726732235874157
AKT,NMDZ1_890_902,0.26726732235874157
AMPK,NMDZ1_890_902,0.26726732235874157
AUR,NMDZ1_890_902,0.26726732235874157
CAMK1,NMDZ1_890_902,0.26726732235874157
CDK,NMDZ1_890_902,0.26726732235874157
CHK1,NMDZ1_890_902,0.26726732235874157
DAPK,NMDZ1_890_902,0.26726732235874157
DMPK,NMDZ1_890_902,0.26726732235874157
FRAY,NMDZ1_890_902,0.26726732235874157
GRK,NMDZ1_890_902,0.26726732235874157
IKK,NMDZ1_890_902,0.26726732235874157
MELK,NMDZ1_890_902,0.26726732235874157
MLK,NMDZ1_890_902,0.26726732235874157
MSN,NMDZ1_890_902,0.26726732235874157
MST,NMDZ1_890_902,0.26726732235874157
MTOR,NMDZ1_890_902,0.26726732235874157
PAKA,NMDZ1_890_902,0.26726732235874157
PDHK,NMDZ1_890_902,0.26726732235874157
PDK1,NMDZ1_890_902,0.26726732235874157
PEK,NMDZ1_890_902,0.26726732235874157
PHK,NMDZ1_890_902,0.26726732235874157
PIM,NMDZ1_890_902,0.26726732235874157
PKA,NMDZ1_890_902,0.26726732235874157
PKCA,NMDZ1_890_902,0.26726732235874157
PKCI,NMDZ1_890_902,0.26726732235874157
PKD,NMDZ1_890_902,0.26726732235874157
PKG,NMDZ1_890_902,0.26726732235874157
PLK,NMDZ1_890_902,0.26726732235874157
QIK,NMDZ1_890_902,0.26726732235874157
RAD53,NMDZ1_890_902,0.26726732235874157
RAF,NMDZ1_890_902,0.26726732235874157
RIPK,NMDZ1_890_902,0.26726732235874157
RSK,NMDZ1_890_902,0.26726732235874157
SGK,NMDZ1_890_902,0.26726732235874157
STE7,NMDZ1_890_902,0.26726732235874157
VRK2,NMDZ1_890_902,0.26726732235874157
AKT,NOS3_1171_1183,0.02375175889906048
AMPK,NOS3_1171_1183,0.02375175889906048
BARK1,NOS3_1171_1183,0.02375175889906048
CDK,NOS3_1171_1183,0.02375175889906048
CK1,NOS3_1171_1183,0.02375175889906048
DMPK,NOS3_1171_1183,0.02375175889906048
MELK,NOS3_1171_1183,0.02375175889906048
PDHK,NOS3_1171_1183,0.02375175889906048
PDK1,NOS3_1171_1183,0.02375175889906048
PEK,NOS3_1171_1183,0.02375175889906048
PHK,NOS3_1171_1183,0.02375175889906048
PIM,NOS3_1171_1183,0.02375175889906048
PKA,NOS3_1171_1183,0.02375175889906048
PKCA,NOS3_1171_1183,0.02375175889906048
PKG,NOS3_1171_1183,0.02375175889906048
QIK,NOS3_1171_1183,0.02375175889906048
RAD53,NOS3_1171_1183,0.02375175889906048
RIPK,NOS3_1171_1183,0.02375175889906048
RSK,NOS3_1171_1183,0.02375175889906048
SGK,NOS3_1171_1183,0.02375175889906048
VRK2,NOS3_1171_1183,0.02375175889906048
AKT,NR4A1_344_356,0.05124131637297383
BARK1,NR4A1_344_356,0.05124131637297383
CDK,NR4A1_344_356,0.05124131637297383
DMPK,NR4A1_344_356,0.05124131637297383
PHK,NR4A1_344_356,0.05124131637297383
PIM,NR4A1_344_356,0.05124131637297383
PKA,NR4A1_344_356,0.05124131637297383
PKCA,NR4A1_344_356,0.05124131637297383
RAF,NR4A1_344_356,0.05124131637297383
RSK,NR4A1_344_356,0.05124131637297383
VRK2,NR4A1_344_356,0.05124131637297383
AUR,P53_308_323,-0.0874249159974756
BARK1,P53_308_323,-0.0874249159974756
CAMK1,P53_308_323,-0.0874249159974756
CDK,P53_308_323,-0.0874249159974756
DYRK,P53_308_323,-0.0874249159974756
ERK,P53_308_323,-0.0874249159974756
IKK,P53_308_323,-0.0874249159974756
JNK,P53_308_323,-0.0874249159974756
P38,P53_308_323,-0.0874249159974756
PKCA,P53_308_323,-0.0874249159974756
PLK,P53_308_323,-0.0874249159974756
QIK,P53_308_323,-0.0874249159974756
STE7,P53_308_323,-0.0874249159974756
VRK2,P53_308_323,-0.0874249159974756
AUR,PLEK_106_118,-0.10005371809011324
BARK1,PLEK_106_118,-0.10005371809011324
CDK,PLEK_106_118,-0.10005371809011324
CK1,PLEK_106_118,-0.10005371809011324
DMPK,PLEK_106_118,-0.10005371809011324
MST,PLEK_106_118,-0.10005371809011324
PEK,PLEK_106_118,-0.10005371809011324
PKCA,PLEK_106_118,-0.10005371809011324
PKCD,PLEK_106_118,-0.10005371809011324
PKCH,PLEK_106_118,-0.10005371809011324
PLK,PLEK_106_118,-0.10005371809011324
VRK2,PLEK_106_118,-0.10005371809011324
BARK1,PLM_76_88,0.3848687624985976
CDK,PLM_76_88,0.3848687624985976
DMPK,PLM_76_88,0.3848687624985976
IKK,PLM_76_88,0.3848687624985976
PAKA,PLM_76_88,0.3848687624985976
PDHK,PLM_76_88,0.3848687624985976
PDK1,PLM_76_88,0.3848687624985976
PEK,PLM_76_88,0.3848687624985976
PIM,PLM_76_88,0.3848687624985976
PKA,PLM_76_88,0.3848687624985976
PKCA,PLM_76_88,0.3848687624985976
PKD,PLM_76_88,0.3848687624985976
PKG,PLM_76_88,0.3848687624985976
PLK,PLM_76_88,0.3848687624985976
RAD53,PLM_76_88,0.3848687624985976
RIPK,PLM_76_88,0.3848687624985976
RSK,PLM_76_88,0.3848687624985976
STE7,PLM_76_88,0.3848687624985976
VRK2,PLM_76_88,0.3848687624985976
EGFR,PP2AB_297_309,-0.36049252681144334
CSK,PP2AB_297_309,-0.36049252681144334
TEC,PP2AB_297_309,-0.36049252681144334
PDGFR,PP2AB_297_309,-0.36049252681144334
SYK,PP2AB_297_309,-0.36049252681144334
AXL,PP2AB_297_309,-0.36049252681144334
VEGFR,PP2AB_297_309,-0.36049252681144334
BARK1,PP2AB_297_309,-0.36049252681144334
BARK2,PP2AB_297_309,-0.36049252681144334
CDK,PP2AB_297_309,-0.36049252681144334
DYRK,PP2AB_297_309,-0.36049252681144334
JNK,PP2AB_297_309,-0.36049252681144334
VRK2,PP2AB_297_309,-0.36049252681144334
AKT,PPR1A_28_40,0.03719519651779515
BARK1,PPR1A_28_40,0.03719519651779515
CDK,PPR1A_28_40,0.03719519651779515
DAPK,PPR1A_28_40,0.03719519651779515
DMPK,PPR1A_28_40,0.03719519651779515
DYRK,PPR1A_28_40,0.03719519651779515
GSK,PPR1A_28_40,0.03719519651779515
JNK,PPR1A_28_40,0.03719519651779515
P38,PPR1A_28_40,0.03719519651779515
PDK1,PPR1A_28_40,0.03719519651779515
PEK,PPR1A_28_40,0.03719519651779515
PHK,PPR1A_28_40,0.03719519651779515
PKA,PPR1A_28_40,0.03719519651779515
RSK,PPR1A_28_40,0.03719519651779515
VRK2,PPR1A_28_40,0.03719519651779515
ATR,PRKDC_2618_2630,-0.09163650917415378
BARK1,PRKDC_2618_2630,-0.09163650917415378
BARK2,PRKDC_2618_2630,-0.09163650917415378
CK1,PRKDC_2618_2630,-0.09163650917415378
DMPK,PRKDC_2618_2630,-0.09163650917415378
IKK,PRKDC_2618_2630,-0.09163650917415378
MELK,PRKDC_2618_2630,-0.09163650917415378
MLK,PRKDC_2618_2630,-0.09163650917415378
MTOR,PRKDC_2618_2630,-0.09163650917415378
NEK,PRKDC_2618_2630,-0.09163650917415378
P38,PRKDC_2618_2630,-0.09163650917415378
PHK,PRKDC_2618_2630,-0.09163650917415378
PIM,PRKDC_2618_2630,-0.09163650917415378
PKA,PRKDC_2618_2630,-0.09163650917415378
PKCA,PRKDC_2618_2630,-0.09163650917415378
PKG,PRKDC_2618_2630,-0.09163650917415378
PRKDC,PRKDC_2618_2630,-0.09163650917415378
PLK,PRKDC_2618_2630,-0.09163650917415378
QIK,PRKDC_2618_2630,-0.09163650917415378
SGK,PRKDC_2618_2630,-0.09163650917415378
STE7,PRKDC_2618_2630,-0.09163650917415378
VRK2,PRKDC_2618_2630,-0.09163650917415378
AKT,PTK6_436_448,0.53847835802200394
BARK1,PTK6_436_448,0.53847835802200394
CAMK1,PTK6_436_448,0.53847835802200394
CDK,PTK6_436_448,0.53847835802200394
CK1,PTK6_436_448,0.53847835802200394
DMPK,PTK6_436_448,0.53847835802200394
MAPKAPK,PTK6_436_448,0.53847835802200394
MELK,PTK6_436_448,0.53847835802200394
P38,PTK6_436_448,0.53847835802200394
PAKA,PTK6_436_448,0.53847835802200394
PDHK,PTK6_436_448,0.53847835802200394
PDK1,PTK6_436_448,0.53847835802200394
PEK,PTK6_436_448,0.53847835802200394
PHK,PTK6_436_448,0.53847835802200394
PIM,PTK6_436_448,0.53847835802200394
PKA,PTK6_436_448,0.53847835802200394
PKCA,PTK6_436_448,0.53847835802200394
PKCD,PTK6_436_448,0.53847835802200394
PKCI,PTK6_436_448,0.53847835802200394
PKD,PTK6_436_448,0.53847835802200394
PKG,PTK6_436_448,0.53847835802200394
QIK,PTK6_436_448,0.53847835802200394
RAD53,PTK6_436_448,0.53847835802200394
RSK,PTK6_436_448,0.53847835802200394
STE7,PTK6_436_448,0.53847835802200394
VRK2,PTK6_436_448,0.53847835802200394
BARK1,PTN12_32_44,0.37337192715387424
CDK,PTN12_32_44,0.37337192715387424
DMPK,PTN12_32_44,0.37337192715387424
FRAY,PTN12_32_44,0.37337192715387424
MAPKAPK,PTN12_32_44,0.37337192715387424
MLK,PTN12_32_44,0.37337192715387424
PAKA,PTN12_32_44,0.37337192715387424
PDHK,PTN12_32_44,0.37337192715387424
PEK,PTN12_32_44,0.37337192715387424
PHK,PTN12_32_44,0.37337192715387424
PIM,PTN12_32_44,0.37337192715387424
PKA,PTN12_32_44,0.37337192715387424
PKCA,PTN12_32_44,0.37337192715387424
PKCD,PTN12_32_44,0.37337192715387424
PKD,PTN12_32_44,0.37337192715387424
PKG,PTN12_32_44,0.37337192715387424
QIK,PTN12_32_44,0.37337192715387424
RAD53,PTN12_32_44,0.37337192715387424
RSK,PTN12_32_44,0.37337192715387424
VRK2,PTN12_32_44,0.37337192715387424
BARK1,RADI_559_569,-0.2198851713774048
COT,RADI_559_569,-0.2198851713774048
DMPK,RADI_559_569,-0.2198851713774048
MSN,RADI_559_569,-0.2198851713774048
MST,RADI_559_569,-0.2198851713774048
PHK,RADI_559_569,-0.2198851713774048
PIM,RADI_559_569,-0.2198851713774048
PKCA,RADI_559_569,-0.2198851713774048
SLK,RADI_559_569,-0.2198851713774048
VRK2,RADI_559_569,-0.2198851713774048
AKT,RAF1_253_265,-0.0288652199950062
AMPK,RAF1_253_265,-0.0288652199950062
BARK1,RAF1_253_265,-0.0288652199950062
CAMK1,RAF1_253_265,-0.0288652199950062
CDK,RAF1_253_265,-0.0288652199950062
DAPK,RAF1_253_265,-0.0288652199950062
DMPK,RAF1_253_265,-0.0288652199950062
DYRK,RAF1_253_265,-0.0288652199950062
ERK,RAF1_253_265,-0.0288652199950062
JNK,RAF1_253_265,-0.0288652199950062
MAPKAPK,RAF1_253_265,-0.0288652199950062
MARK,RAF1_253_265,-0.0288652199950062
NDR,RAF1_253_265,-0.0288652199950062
P38,RAF1_253_265,-0.0288652199950062
PAKA,RAF1_253_265,-0.0288652199950062
PDK1,RAF1_253_265,-0.0288652199950062
PHK,RAF1_253_265,-0.0288652199950062
PKA,RAF1_253_265,-0.0288652199950062
PKCA,RAF1_253_265,-0.0288652199950062
QIK,RAF1_253_265,-0.0288652199950062
RAF,RAF1_253_265,-0.0288652199950062
RIPK,RAF1_253_265,-0.0288652199950062
RSK,RAF1_253_265,-0.0288652199950062
SGK,RAF1_253_265,-0.0288652199950062
VRK2,RAF1_253_265,-0.0288652199950062
AKT,RAP1B_172_184,0.20579436236804405
AMPK,RAP1B_172_184,0.20579436236804405
BARK1,RAP1B_172_184,0.20579436236804405
CDK,RAP1B_172_184,0.20579436236804405
DMPK,RAP1B_172_184,0.20579436236804405
IKK,RAP1B_172_184,0.20579436236804405
MAPKAPK,RAP1B_172_184,0.20579436236804405
PDHK,RAP1B_172_184,0.20579436236804405
PEK,RAP1B_172_184,0.20579436236804405
PHK,RAP1B_172_184,0.20579436236804405
PIM,RAP1B_172_184,0.20579436236804405
PKA,RAP1B_172_184,0.20579436236804405
PKCA,RAP1B_172_184,0.20579436236804405
PKG,RAP1B_172_184,0.20579436236804405
QIK,RAP1B_172_184,0.20579436236804405
RAD53,RAP1B_172_184,0.20579436236804405
RSK,RAP1B_172_184,0.20579436236804405
VRK2,RAP1B_172_184,0.20579436236804405
BARK1,RBL2_655_667,-0.12081252598533904
CDK,RBL2_655_667,-0.12081252598533904
CK1,RBL2_655_667,-0.12081252598533904
DMPK,RBL2_655_667,-0.12081252598533904
DYRK,RBL2_655_667,-0.12081252598533904
ERK,RBL2_655_667,-0.12081252598533904
FRAY,RBL2_655_667,-0.12081252598533904
GSK,RBL2_655_667,-0.12081252598533904
IKK,RBL2_655_667,-0.12081252598533904
JNK,RBL2_655_667,-0.12081252598533904
MAPKAPK,RBL2_655_667,-0.12081252598533904
MELK,RBL2_655_667,-0.12081252598533904
MTOR,RBL2_655_667,-0.12081252598533904
NEK,RBL2_655_667,-0.12081252598533904
P38,RBL2_655_667,-0.12081252598533904
PDK1,RBL2_655_667,-0.12081252598533904
PEK,RBL2_655_667,-0.12081252598533904
PHK,RBL2_655_667,-0.12081252598533904
PIM,RBL2_655_667,-0.12081252598533904
PKCA,RBL2_655_667,-0.12081252598533904
PKD,RBL2_655_667,-0.12081252598533904
PLK,RBL2_655_667,-0.12081252598533904
QIK,RBL2_655_667,-0.12081252598533904
RAD53,RBL2_655_667,-0.12081252598533904
RAF,RBL2_655_667,-0.12081252598533904
RIPK,RBL2_655_667,-0.12081252598533904
STE7,RBL2_655_667,-0.12081252598533904
VRK2,RBL2_655_667,-0.12081252598533904
BARK1,RB_242_254,-0.14675727175765818
CDK,RB_242_254,-0.14675727175765818
DYRK,RB_242_254,-0.14675727175765818
ERK,RB_242_254,-0.14675727175765818
IRAK,RB_242_254,-0.14675727175765818
P38,RB_242_254,-0.14675727175765818
PDK1,RB_242_254,-0.14675727175765818
PEK,RB_242_254,-0.14675727175765818
PKCA,RB_242_254,-0.14675727175765818
PLK,RB_242_254,-0.14675727175765818
VRK2,RB_242_254,-0.14675727175765818
ATR,RB_350_362,-0.00633771157027347
BARK1,RB_350_362,-0.00633771157027347
CDK,RB_350_362,-0.00633771157027347
DMPK,RB_350_362,-0.00633771157027347
DYRK,RB_350_362,-0.00633771157027347
PDHK,RB_350_362,-0.00633771157027347
PDK1,RB_350_362,-0.00633771157027347
PEK,RB_350_362,-0.00633771157027347
PHK,RB_350_362,-0.00633771157027347
PIM,RB_350_362,-0.00633771157027347
PKCA,RB_350_362,-0.00633771157027347
PRKDC,RB_350_362,-0.00633771157027347
QIK,RB_350_362,-0.00633771157027347
RSK,RB_350_362,-0.00633771157027347
VRK2,RB_350_362,-0.00633771157027347
BARK1,RB_803_815,-0.11939346022863352
CDK,RB_803_815,-0.11939346022863352
CK1,RB_803_815,-0.11939346022863352
DYRK,RB_803_815,-0.11939346022863352
ERK,RB_803_815,-0.11939346022863352
JNK,RB_803_815,-0.11939346022863352
QIK,RB_803_815,-0.11939346022863352
VRK2,RB_803_815,-0.11939346022863352
BARK1,REL_260_272,0.7129660208139518
CDK,REL_260_272,0.7129660208139518
CK1,REL_260_272,0.7129660208139518
DMPK,REL_260_272,0.7129660208139518
MAPKAPK,REL_260_272,0.7129660208139518
MARK,REL_260_272,0.7129660208139518
PAKA,REL_260_272,0.7129660208139518
PEK,REL_260_272,0.7129660208139518
PIM,REL_260_272,0.7129660208139518
PKCA,REL_260_272,0.7129660208139518
PKD,REL_260_272,0.7129660208139518
PKG,REL_260_272,0.7129660208139518
PLK,REL_260_272,0.7129660208139518
RSK,REL_260_272,0.7129660208139518
STE7,REL_260_272,0.7129660208139518
VRK2,REL_260_272,0.7129660208139518
AKT,RS6_228_240,0.41078502909481135
BARK1,RS6_228_240,0.41078502909481135
CAMK1,RS6_228_240,0.41078502909481135
CDK,RS6_228_240,0.41078502909481135
DAPK,RS6_228_240,0.41078502909481135
DMPK,RS6_228_240,0.41078502909481135
IKK,RS6_228_240,0.41078502909481135
MAPKAPK,RS6_228_240,0.41078502909481135
MELK,RS6_228_240,0.41078502909481135
PAKA,RS6_228_240,0.41078502909481135
PASK,RS6_228_240,0.41078502909481135
PDHK,RS6_228_240,0.41078502909481135
PEK,RS6_228_240,0.41078502909481135
PHK,RS6_228_240,0.41078502909481135
PIM,RS6_228_240,0.41078502909481135
PKA,RS6_228_240,0.41078502909481135
PKCA,RS6_228_240,0.41078502909481135
PKCD,RS6_228_240,0.41078502909481135
PKCI,RS6_228_240,0.41078502909481135
PKD,RS6_228_240,0.41078502909481135
PKG,RS6_228_240,0.41078502909481135
QIK,RS6_228_240,0.41078502909481135
RIPK,RS6_228_240,0.41078502909481135
RSK,RS6_228_240,0.41078502909481135
SGK,RS6_228_240,0.41078502909481135
VRK2,RS6_228_240,0.41078502909481135
BARK1,RYR1_4317_4329,0.2784187599263174
DMPK,RYR1_4317_4329,0.2784187599263174
PHK,RYR1_4317_4329,0.2784187599263174
PIM,RYR1_4317_4329,0.2784187599263174
PKA,RYR1_4317_4329,0.2784187599263174
PKCA,RYR1_4317_4329,0.2784187599263174
PKCH,RYR1_4317_4329,0.2784187599263174
PKG,RYR1_4317_4329,0.2784187599263174
RSK,RYR1_4317_4329,0.2784187599263174
VRK2,RYR1_4317_4329,0.2784187599263174
BARK1,SCN7A_898_910,0.6378048571776495
DMPK,SCN7A_898_910,0.6378048571776495
HAL,SCN7A_898_910,0.6378048571776495
IKK,SCN7A_898_910,0.6378048571776495
PHK,SCN7A_898_910,0.6378048571776495
PKA,SCN7A_898_910,0.6378048571776495
PKCA,SCN7A_898_910,0.6378048571776495
PKG,SCN7A_898_910,0.6378048571776495
RIPK,SCN7A_898_910,0.6378048571776495
RSK,SCN7A_898_910,0.6378048571776495
VRK2,SCN7A_898_910,0.6378048571776495
AUR,STK6_283_295,0.5162937231844479
BARK1,STK6_283_295,0.5162937231844479
CAMK1,STK6_283_295,0.5162937231844479
CAMK2,STK6_283_295,0.5162937231844479
CDK,STK6_283_295,0.5162937231844479
DMPK,STK6_283_295,0.5162937231844479
FRAY,STK6_283_295,0.5162937231844479
IKK,STK6_283_295,0.5162937231844479
IRAK,STK6_283_295,0.5162937231844479
LKB,STK6_283_295,0.5162937231844479
MELK,STK6_283_295,0.5162937231844479
MLK,STK6_283_295,0.5162937231844479
MTOR,STK6_283_295,0.5162937231844479
NDR,STK6_283_295,0.5162937231844479
NEK,STK6_283_295,0.5162937231844479
PAKA,STK6_283_295,0.5162937231844479
PDHK,STK6_283_295,0.5162937231844479
PDK1,STK6_283_295,0.5162937231844479
PEK,STK6_283_295,0.5162937231844479
PHK,STK6_283_295,0.5162937231844479
PKA,STK6_283_295,0.5162937231844479
PKCA,STK6_283_295,0.5162937231844479
PKCD,STK6_283_295,0.5162937231844479
PLK,STK6_283_295,0.5162937231844479
PRKDC,STK6_283_295,0.5162937231844479
QIK,STK6_283_295,0.5162937231844479
RAD53,STK6_283_295,0.5162937231844479
RSK,STK6_283_295,0.5162937231844479
STE7,STK6_283_295,0.5162937231844479
VRK2,STK6_283_295,0.5162937231844479
AKT,TAU_524_536,-0.09219229643520332
BARK1,TAU_524_536,-0.09219229643520332
CAMK1,TAU_524_536,-0.09219229643520332
CDK,TAU_524_536,-0.09219229643520332
DMPK,TAU_524_536,-0.09219229643520332
DYRK,TAU_524_536,-0.09219229643520332
ERK,TAU_524_536,-0.09219229643520332
GRK,TAU_524_536,-0.09219229643520332
GSK,TAU_524_536,-0.09219229643520332
IKK,TAU_524_536,-0.09219229643520332
JNK,TAU_524_536,-0.09219229643520332
MAPKAPK,TAU_524_536,-0.09219229643520332
MELK,TAU_524_536,-0.09219229643520332
MTOR,TAU_524_536,-0.09219229643520332
P38,TAU_524_536,-0.09219229643520332
PDK1,TAU_524_536,-0.09219229643520332
PEK,TAU_524_536,-0.09219229643520332
PHK,TAU_524_536,-0.09219229643520332
PIM,TAU_524_536,-0.09219229643520332
PKA,TAU_524_536,-0.09219229643520332
PKCA,TAU_524_536,-0.09219229643520332
PKD,TAU_524_536,-0.09219229643520332
PLK,TAU_524_536,-0.09219229643520332
QIK,TAU_524_536,-0.09219229643520332
RAF,TAU_524_536,-0.09219229643520332
RIPK,TAU_524_536,-0.09219229643520332
RSK,TAU_524_536,-0.09219229643520332
SGK,TAU_524_536,-0.09219229643520332
STE11,TAU_524_536,-0.09219229643520332
VRK2,TAU_524_536,-0.09219229643520332
AKT,TOP2A_1463_1475,0.4092363555911091
BARK1,TOP2A_1463_1475,0.4092363555911091
CDK,TOP2A_1463_1475,0.4092363555911091
CK1,TOP2A_1463_1475,0.4092363555911091
CK2,TOP2A_1463_1475,0.4092363555911091
DAPK,TOP2A_1463_1475,0.4092363555911091
DMPK,TOP2A_1463_1475,0.4092363555911091
IKK,TOP2A_1463_1475,0.4092363555911091
MLK,TOP2A_1463_1475,0.4092363555911091
NEK,TOP2A_1463_1475,0.4092363555911091
PAKA,TOP2A_1463_1475,0.4092363555911091
PEK,TOP2A_1463_1475,0.4092363555911091
PHK,TOP2A_1463_1475,0.4092363555911091
PIM,TOP2A_1463_1475,0.4092363555911091
PKA,TOP2A_1463_1475,0.4092363555911091
PKCA,TOP2A_1463_1475,0.4092363555911091
PKG,TOP2A_1463_1475,0.4092363555911091
PLK,TOP2A_1463_1475,0.4092363555911091
QIK,TOP2A_1463_1475,0.4092363555911091
RAD53,TOP2A_1463_1475,0.4092363555911091
RIPK,TOP2A_1463_1475,0.4092363555911091
RSK,TOP2A_1463_1475,0.4092363555911091
VRK2,TOP2A_1463_1475,0.4092363555911091
BARK1,TY3H_65_77,0.6357925259925429
CAMK2,TY3H_65_77,0.6357925259925429
MAPKAPK,TY3H_65_77,0.6357925259925429
PHK,TY3H_65_77,0.6357925259925429
PIM,TY3H_65_77,0.6357925259925429
PKA,TY3H_65_77,0.6357925259925429
PKCA,TY3H_65_77,0.6357925259925429
PKG,TY3H_65_77,0.6357925259925429
QIK,TY3H_65_77,0.6357925259925429
RIPK,TY3H_65_77,0.6357925259925429
RSK,TY3H_65_77,0.6357925259925429
VRK2,TY3H_65_77,0.6357925259925429
BARK1,VASP_150_162,0.7140641238559429
DMPK,VASP_150_162,0.7140641238559429
PHK,VASP_150_162,0.7140641238559429
PIM,VASP_150_162,0.7140641238559429
PKA,VASP_150_162,0.7140641238559429
PKCA,VASP_150_162,0.7140641238559429
PKD,VASP_150_162,0.7140641238559429
PKG,VASP_150_162,0.7140641238559429
RIPK,VASP_150_162,0.7140641238559429
RSK,VASP_150_162,0.7140641238559429
VRK2,VASP_150_162,0.7140641238559429
BARK1,VASP_232_244,-0.13236766431285543
CDK,VASP_232_244,-0.13236766431285543
DMPK,VASP_232_244,-0.13236766431285543
IKK,VASP_232_244,-0.13236766431285543
MAPKAPK,VASP_232_244,-0.13236766431285543
PHK,VASP_232_244,-0.13236766431285543
PIM,VASP_232_244,-0.13236766431285543
PKA,VASP_232_244,-0.13236766431285543
PKCA,VASP_232_244,-0.13236766431285543
PKCH,VASP_232_244,-0.13236766431285543
PKD,VASP_232_244,-0.13236766431285543
PKG,VASP_232_244,-0.13236766431285543
RIPK,VASP_232_244,-0.13236766431285543
RSK,VASP_232_244,-0.13236766431285543
VRK2,VASP_232_244,-0.13236766431285543
AKT,VASP_271_283,0.3116860486885618
ATR,VASP_271_283,0.3116860486885618
AMPK,VASP_271_283,0.3116860486885618
BARK1,VASP_271_283,0.3116860486885618
DMPK,VASP_271_283,0.3116860486885618
IKK,VASP_271_283,0.3116860486885618
PAKA,VASP_271_283,0.3116860486885618
PHK,VASP_271_283,0.3116860486885618
PIM,VASP_271_283,0.3116860486885618
PKA,VASP_271_283,0.3116860486885618
PKG,VASP_271_283,0.3116860486885618
RIPK,VASP_271_283,0.3116860486885618
RSK,VASP_271_283,0.3116860486885618
VRK2,VASP_271_283,0.3116860486885618
BARK1,ACM1_444_456,-0.07002983323275795
CDK,ACM1_444_456,-0.07002983323275795
CK1,ACM1_444_456,-0.07002983323275795
DAPK,ACM1_444_456,-0.07002983323275795
DMPK,ACM1_444_456,-0.07002983323275795
DYRK,ACM1_444_456,-0.07002983323275795
ERK,ACM1_444_456,-0.07002983323275795
GSK,ACM1_444_456,-0.07002983323275795
IRAK,ACM1_444_456,-0.07002983323275795
JNK,ACM1_444_456,-0.07002983323275795
MLCK,ACM1_444_456,-0.07002983323275795
P38,ACM1_444_456,-0.07002983323275795
PDK1,ACM1_444_456,-0.07002983323275795
PEK,ACM1_444_456,-0.07002983323275795
PHK,ACM1_444_456,-0.07002983323275795
PIM,ACM1_444_456,-0.07002983323275795
PKCA,ACM1_444_456,-0.07002983323275795
RSK,ACM1_444_456,-0.07002983323275795
VRK2,ACM1_444_456,-0.07002983323275795
BARK1,ACM4_456_468,-0.05403226339539526
FRAY,ACM4_456_468,-0.05403226339539526
MELK,ACM4_456_468,-0.05403226339539526
PDHK,ACM4_456_468,-0.05403226339539526
PDK1,ACM4_456_468,-0.05403226339539526
PIM,ACM4_456_468,-0.05403226339539526
PKCA,ACM4_456_468,-0.05403226339539526
PKCH,ACM4_456_468,-0.05403226339539526
VRK2,ACM4_456_468,-0.05403226339539526
BARK1,ADDB_696_708,-0.06422590701187816
CDK,ADDB_696_708,-0.06422590701187816
CK1,ADDB_696_708,-0.06422590701187816
DMPK,ADDB_696_708,-0.06422590701187816
DYRK,ADDB_696_708,-0.06422590701187816
ERK,ADDB_696_708,-0.06422590701187816
GSK,ADDB_696_708,-0.06422590701187816
IKK,ADDB_696_708,-0.06422590701187816
JNK,ADDB_696_708,-0.06422590701187816
MELK,ADDB_696_708,-0.06422590701187816
MST,ADDB_696_708,-0.06422590701187816
NEK,ADDB_696_708,-0.06422590701187816
P38,ADDB_696_708,-0.06422590701187816
PDK1,ADDB_696_708,-0.06422590701187816
PEK,ADDB_696_708,-0.06422590701187816
PKCA,ADDB_696_708,-0.06422590701187816
PKCH,ADDB_696_708,-0.06422590701187816
PLK,ADDB_696_708,-0.06422590701187816
QIK,ADDB_696_708,-0.06422590701187816
RIPK,ADDB_696_708,-0.06422590701187816
STE7,ADDB_696_708,-0.06422590701187816
VRK1,ADDB_696_708,-0.06422590701187816
VRK2,ADDB_696_708,-0.06422590701187816
BARK1,ADDB_706_718,0.09036533344436748
CDK,ADDB_706_718,0.09036533344436748
CHK1,ADDB_706_718,0.09036533344436748
DMPK,ADDB_706_718,0.09036533344436748
DYRK,ADDB_706_718,0.09036533344436748
ERK,ADDB_706_718,0.09036533344436748
JNK,ADDB_706_718,0.09036533344436748
MAPKAPK,ADDB_706_718,0.09036533344436748
MST,ADDB_706_718,0.09036533344436748
NEK,ADDB_706_718,0.09036533344436748
P38,ADDB_706_718,0.09036533344436748
PAKA,ADDB_706_718,0.09036533344436748
PDHK,ADDB_706_718,0.09036533344436748
PDK1,ADDB_706_718,0.09036533344436748
PEK,ADDB_706_718,0.09036533344436748
PHK,ADDB_706_718,0.09036533344436748
PIM,ADDB_706_718,0.09036533344436748
PKCA,ADDB_706_718,0.09036533344436748
PLK,ADDB_706_718,0.09036533344436748
RAD53,ADDB_706_718,0.09036533344436748
RSK,ADDB_706_718,0.09036533344436748
VRK2,ADDB_706_718,0.09036533344436748
AKT,ADRB2_338_350,0.5746308603143792
BARK1,ADRB2_338_350,0.5746308603143792
CAMK1,ADRB2_338_350,0.5746308603143792
CDK,ADRB2_338_350,0.5746308603143792
CHK1,ADRB2_338_350,0.5746308603143792
DMPK,ADRB2_338_350,0.5746308603143792
GRK,ADRB2_338_350,0.5746308603143792
PAKA,ADRB2_338_350,0.5746308603143792
PKA,ADRB2_338_350,0.5746308603143792
PKCA,ADRB2_338_350,0.5746308603143792
PKCI,ADRB2_338_350,0.5746308603143792
PKG,ADRB2_338_350,0.5746308603143792
RAD53,ADRB2_338_350,0.5746308603143792
RSK,ADRB2_338_350,0.5746308603143792
VRK2,ADRB2_338_350,0.5746308603143792
AKT,ANDR_785_797,0.11034493041180848
ATR,ANDR_785_797,0.11034493041180848
BARK1,ANDR_785_797,0.11034493041180848
DMPK,ANDR_785_797,0.11034493041180848
PHK,ANDR_785_797,0.11034493041180848
PIM,ANDR_785_797,0.11034493041180848
PKA,ANDR_785_797,0.11034493041180848
PKD,ANDR_785_797,0.11034493041180848
RAF,ANDR_785_797,0.11034493041180848
RSK,ANDR_785_797,0.11034493041180848
VRK2,ANDR_785_797,0.11034493041180848
AKT,ANXA1_209_221,0.28004819590736957
BARK1,ANXA1_209_221,0.28004819590736957
DMPK,ANXA1_209_221,0.28004819590736957
PHK,ANXA1_209_221,0.28004819590736957
PKA,ANXA1_209_221,0.28004819590736957
PKCA,ANXA1_209_221,0.28004819590736957
PKG,ANXA1_209_221,0.28004819590736957
RSK,ANXA1_209_221,0.28004819590736957
VRK2,ANXA1_209_221,0.28004819590736957
AMPK,BAD_112_124,0.6223472560446313
BARK1,BAD_112_124,0.6223472560446313
CK1,BAD_112_124,0.6223472560446313
DMPK,BAD_112_124,0.6223472560446313
FRAY,BAD_112_124,0.6223472560446313
IRAK,BAD_112_124,0.6223472560446313
NEK,BAD_112_124,0.6223472560446313
PAKA,BAD_112_124,0.6223472560446313
PDHK,BAD_112_124,0.6223472560446313
PEK,BAD_112_124,0.6223472560446313
PHK,BAD_112_124,0.6223472560446313
PIM,BAD_112_124,0.6223472560446313
PKA,BAD_112_124,0.6223472560446313
PKCA,BAD_112_124,0.6223472560446313
PKCI,BAD_112_124,0.6223472560446313
PKD,BAD_112_124,0.6223472560446313
PKG,BAD_112_124,0.6223472560446313
QIK,BAD_112_124,0.6223472560446313
RAF,BAD_112_124,0.6223472560446313
RSK,BAD_112_124,0.6223472560446313
STE7,BAD_112_124,0.6223472560446313
VRK2,BAD_112_124,0.6223472560446313
AKT,BAD_69_81,0.1401959928798527
BARK1,BAD_69_81,0.1401959928798527
CDK,BAD_69_81,0.1401959928798527
DMPK,BAD_69_81,0.1401959928798527
ERK,BAD_69_81,0.1401959928798527
MELK,BAD_69_81,0.1401959928798527
MTOR,BAD_69_81,0.1401959928798527
PAKA,BAD_69_81,0.1401959928798527
PAKB,BAD_69_81,0.1401959928798527
PDHK,BAD_69_81,0.1401959928798527
PDK1,BAD_69_81,0.1401959928798527
PEK,BAD_69_81,0.1401959928798527
PHK,BAD_69_81,0.1401959928798527
PIM,BAD_69_81,0.1401959928798527
PKA,BAD_69_81,0.1401959928798527
PKCA,BAD_69_81,0.1401959928798527
PKCI,BAD_69_81,0.1401959928798527
PKD,BAD_69_81,0.1401959928798527
PKG,BAD_69_81,0.1401959928798527
QIK,BAD_69_81,0.1401959928798527
RAD53,BAD_69_81,0.1401959928798527
RAF,BAD_69_81,0.1401959928798527
RSK,BAD_69_81,0.1401959928798527
SGK,BAD_69_81,0.1401959928798527
VRK2,BAD_69_81,0.1401959928798527
AKT,BAD_93_105,-0.05168833002080308
BARK1,BAD_93_105,-0.05168833002080308
DMPK,BAD_93_105,-0.05168833002080308
MAPKAPK,BAD_93_105,-0.05168833002080308
PAKA,BAD_93_105,-0.05168833002080308
PHK,BAD_93_105,-0.05168833002080308
PIM,BAD_93_105,-0.05168833002080308
PKA,BAD_93_105,-0.05168833002080308
PKCA,BAD_93_105,-0.05168833002080308
PKCI,BAD_93_105,-0.05168833002080308
PKD,BAD_93_105,-0.05168833002080308
PKG,BAD_93_105,-0.05168833002080308
QIK,BAD_93_105,-0.05168833002080308
RAF,BAD_93_105,-0.05168833002080308
RSK,BAD_93_105,-0.05168833002080308
SGK,BAD_93_105,-0.05168833002080308
VRK2,BAD_93_105,-0.05168833002080308
AKT,BCKD_45_57,-0.04252558526610113
BARK1,BCKD_45_57,-0.04252558526610113
CDK,BCKD_45_57,-0.04252558526610113
DMPK,BCKD_45_57,-0.04252558526610113
FRAY,BCKD_45_57,-0.04252558526610113
GRK,BCKD_45_57,-0.04252558526610113
IKK,BCKD_45_57,-0.04252558526610113
MAPKAPK,BCKD_45_57,-0.04252558526610113
MELK,BCKD_45_57,-0.04252558526610113
MLCK,BCKD_45_57,-0.04252558526610113
MST,BCKD_45_57,-0.04252558526610113
PAKA,BCKD_45_57,-0.04252558526610113
PDHK,BCKD_45_57,-0.04252558526610113
PDK1,BCKD_45_57,-0.04252558526610113
PEK,BCKD_45_57,-0.04252558526610113
PHK,BCKD_45_57,-0.04252558526610113
PIM,BCKD_45_57,-0.04252558526610113
PKA,BCKD_45_57,-0.04252558526610113
PKCA,BCKD_45_57,-0.04252558526610113
PKG,BCKD_45_57,-0.04252558526610113
PLK,BCKD_45_57,-0.04252558526610113
QIK,BCKD_45_57,-0.04252558526610113
RSK,BCKD_45_57,-0.04252558526610113
SGK,BCKD_45_57,-0.04252558526610113
STE7,BCKD_45_57,-0.04252558526610113
VRK2,BCKD_45_57,-0.04252558526610113
BARK1,C1R_201_213,0.1931429941781591
CDK,C1R_201_213,0.1931429941781591
CK1,C1R_201_213,0.1931429941781591
CK2,C1R_201_213,0.1931429941781591
DMPK,C1R_201_213,0.1931429941781591
DYRK,C1R_201_213,0.1931429941781591
ERK,C1R_201_213,0.1931429941781591
IRAK,C1R_201_213,0.1931429941781591
JNK,C1R_201_213,0.1931429941781591
P38,C1R_201_213,0.1931429941781591
PDHK,C1R_201_213,0.1931429941781591
PEK,C1R_201_213,0.1931429941781591
PHK,C1R_201_213,0.1931429941781591
PKCA,C1R_201_213,0.1931429941781591
PLK,C1R_201_213,0.1931429941781591
QIK,C1R_201_213,0.1931429941781591
STE7,C1R_201_213,0.1931429941781591
STKR,C1R_201_213,0.1931429941781591
VRK2,C1R_201_213,0.1931429941781591
BARK1,CAC1C_1974_1986,0.5138448873063025
CAMK1,CAC1C_1974_1986,0.5138448873063025
MAPKAPK,CAC1C_1974_1986,0.5138448873063025
PDHK,CAC1C_1974_1986,0.5138448873063025
PHK,CAC1C_1974_1986,0.5138448873063025
PIM,CAC1C_1974_1986,0.5138448873063025
PKCA,CAC1C_1974_1986,0.5138448873063025
PKD,CAC1C_1974_1986,0.5138448873063025
PKG,CAC1C_1974_1986,0.5138448873063025
QIK,CAC1C_1974_1986,0.5138448873063025
RAD53,CAC1C_1974_1986,0.5138448873063025
RIPK,CAC1C_1974_1986,0.5138448873063025
RSK,CAC1C_1974_1986,0.5138448873063025
VRK2,CAC1C_1974_1986,0.5138448873063025
AKT,CD27_212_224,0.2676233249226139
BARK1,CD27_212_224,0.2676233249226139
CDK,CD27_212_224,0.2676233249226139
DMPK,CD27_212_224,0.2676233249226139
ERK,CD27_212_224,0.2676233249226139
IKK,CD27_212_224,0.2676233249226139
JNK,CD27_212_224,0.2676233249226139
P38,CD27_212_224,0.2676233249226139
PDHK,CD27_212_224,0.2676233249226139
PEK,CD27_212_224,0.2676233249226139
PHK,CD27_212_224,0.2676233249226139
PIM,CD27_212_224,0.2676233249226139
PKCA,CD27_212_224,0.2676233249226139
PKD,CD27_212_224,0.2676233249226139
QIK,CD27_212_224,0.2676233249226139
RSK,CD27_212_224,0.2676233249226139
VRK2,CD27_212_224,0.2676233249226139
BARK1,CDC2_154_169,-0.18485925201033945
CDK,CDC2_154_169,-0.18485925201033945
COT,CDC2_154_169,-0.18485925201033945
PEK,CDC2_154_169,-0.18485925201033945
PKG,CDC2_154_169,-0.18485925201033945
RSK,CDC2_154_169,-0.18485925201033945
STE7,CDC2_154_169,-0.18485925201033945
VRK2,CDC2_154_169,-0.18485925201033945
BARK1,CDK7_163_175,-0.03489100385630668
CDK,CDK7_163_175,-0.03489100385630668
DMPK,CDK7_163_175,-0.03489100385630668
DYRK,CDK7_163_175,-0.03489100385630668
FRAY,CDK7_163_175,-0.03489100385630668
JNK,CDK7_163_175,-0.03489100385630668
MAPKAPK,CDK7_163_175,-0.03489100385630668
MST,CDK7_163_175,-0.03489100385630668
MTOR,CDK7_163_175,-0.03489100385630668
P38,CDK7_163_175,-0.03489100385630668
PDK1,CDK7_163_175,-0.03489100385630668
PEK,CDK7_163_175,-0.03489100385630668
PHK,CDK7_163_175,-0.03489100385630668
PIM,CDK7_163_175,-0.03489100385630668
PKCA,CDK7_163_175,-0.03489100385630668
PKCI,CDK7_163_175,-0.03489100385630668
PRKDC,CDK7_163_175,-0.03489100385630668
QIK,CDK7_163_175,-0.03489100385630668
STE7,CDK7_163_175,-0.03489100385630668
VRK2,CDK7_163_175,-0.03489100385630668
AUR,CENPA_1_14,0.02234334011471173
BARK1,CENPA_1_14,0.02234334011471173
DMPK,CENPA_1_14,0.02234334011471173
MAPKAPK,CENPA_1_14,0.02234334011471173
PIM,CENPA_1_14,0.02234334011471173
PKCA,CENPA_1_14,0.02234334011471173
PKG,CENPA_1_14,0.02234334011471173
VRK2,CENPA_1_14,0.02234334011471173
AMPK,CFTR_730_742,0.8407929326927229
BARK1,CFTR_730_742,0.8407929326927229
CAMK2,CFTR_730_742,0.8407929326927229
CDK,CFTR_730_742,0.8407929326927229
DAPK,CFTR_730_742,0.8407929326927229
DYRK,CFTR_730_742,0.8407929326927229
GRK,CFTR_730_742,0.8407929326927229
IKK,CFTR_730_742,0.8407929326927229
MAPKAPK,CFTR_730_742,0.8407929326927229
PAKA,CFTR_730_742,0.8407929326927229
PDHK,CFTR_730_742,0.8407929326927229
PEK,CFTR_730_742,0.8407929326927229
PHK,CFTR_730_742,0.8407929326927229
PKA,CFTR_730_742,0.8407929326927229
PKCA,CFTR_730_742,0.8407929326927229
PKD,CFTR_730_742,0.8407929326927229
PKG,CFTR_730_742,0.8407929326927229
QIK,CFTR_730_742,0.8407929326927229
RAD53,CFTR_730_742,0.8407929326927229
RSK,CFTR_730_742,0.8407929326927229
VRK2,CFTR_730_742,0.8407929326927229
AKT,CGHB_109_121,0.5060454361965494
BARK1,CGHB_109_121,0.5060454361965494
CAMK2,CGHB_109_121,0.5060454361965494
DMPK,CGHB_109_121,0.5060454361965494
IKK,CGHB_109_121,0.5060454361965494
MTOR,CGHB_109_121,0.5060454361965494
PDHK,CGHB_109_121,0.5060454361965494
PDK1,CGHB_109_121,0.5060454361965494
PEK,CGHB_109_121,0.5060454361965494
PKA,CGHB_109_121,0.5060454361965494
PKCA,CGHB_109_121,0.5060454361965494
PKG,CGHB_109_121,0.5060454361965494
RSK,CGHB_109_121,0.5060454361965494
VRK2,CGHB_109_121,0.5060454361965494
AMPK,CREB1_126_138,0.3954376081623845
ATM,CREB1_126_138,0.3954376081623845
BARK1,CREB1_126_138,0.3954376081623845
CAMK1,CREB1_126_138,0.3954376081623845
CAMK2,CREB1_126_138,0.3954376081623845
COT,CREB1_126_138,0.3954376081623845
DMPK,CREB1_126_138,0.3954376081623845
DYRK,CREB1_126_138,0.3954376081623845
GSK,CREB1_126_138,0.3954376081623845
MAPKAPK,CREB1_126_138,0.3954376081623845
PDHK,CREB1_126_138,0.3954376081623845
PHK,CREB1_126_138,0.3954376081623845
PIM,CREB1_126_138,0.3954376081623845
PKA,CREB1_126_138,0.3954376081623845
PKCA,CREB1_126_138,0.3954376081623845
PKCD,CREB1_126_138,0.3954376081623845
PKCH,CREB1_126_138,0.3954376081623845
PKD,CREB1_126_138,0.3954376081623845
QIK,CREB1_126_138,0.3954376081623845
RAD53,CREB1_126_138,0.3954376081623845
RSK,CREB1_126_138,0.3954376081623845
SGK,CREB1_126_138,0.3954376081623845
VRK2,CREB1_126_138,0.3954376081623845
AMPK,CSF1R_701_713,0.4797512158646781
BARK1,CSF1R_701_713,0.4797512158646781
CDK,CSF1R_701_713,0.4797512158646781
CK1,CSF1R_701_713,0.4797512158646781
DMPK,CSF1R_701_713,0.4797512158646781
PDHK,CSF1R_701_713,0.4797512158646781
PEK,CSF1R_701_713,0.4797512158646781
PIM,CSF1R_701_713,0.4797512158646781
PKA,CSF1R_701_713,0.4797512158646781
PKCA,CSF1R_701_713,0.4797512158646781
PKG,CSF1R_701_713,0.4797512158646781
RSK,CSF1R_701_713,0.4797512158646781
VRK2,CSF1R_701_713,0.4797512158646781
AMPK,DESP_2842_2854,0.5841515072816682
BARK1,DESP_2842_2854,0.5841515072816682
CAMK1,DESP_2842_2854,0.5841515072816682
CDK,DESP_2842_2854,0.5841515072816682
CK1,DESP_2842_2854,0.5841515072816682
DMPK,DESP_2842_2854,0.5841515072816682
GSK,DESP_2842_2854,0.5841515072816682
IKK,DESP_2842_2854,0.5841515072816682
MAPKAPK,DESP_2842_2854,0.5841515072816682
P38,DESP_2842_2854,0.5841515072816682
PDHK,DESP_2842_2854,0.5841515072816682
PDK1,DESP_2842_2854,0.5841515072816682
PEK,DESP_2842_2854,0.5841515072816682
PHK,DESP_2842_2854,0.5841515072816682
PIM,DESP_2842_2854,0.5841515072816682
PKA,DESP_2842_2854,0.5841515072816682
PKCA,DESP_2842_2854,0.5841515072816682
PKG,DESP_2842_2854,0.5841515072816682
QIK,DESP_2842_2854,0.5841515072816682
RIPK,DESP_2842_2854,0.5841515072816682
RSK,DESP_2842_2854,0.5841515072816682
SGK,DESP_2842_2854,0.5841515072816682
STE11,DESP_2842_2854,0.5841515072816682
STE7,DESP_2842_2854,0.5841515072816682
VRK2,DESP_2842_2854,0.5841515072816682
BARK1,EPB42_241_253,0.5812300550215355
DMPK,EPB42_241_253,0.5812300550215355
PHK,EPB42_241_253,0.5812300550215355
PIM,EPB42_241_253,0.5812300550215355
PKA,EPB42_241_253,0.5812300550215355
PKCA,EPB42_241_253,0.5812300550215355
PKG,EPB42_241_253,0.5812300550215355
RAD53,EPB42_241_253,0.5812300550215355
RSK,EPB42_241_253,0.5812300550215355
VRK2,EPB42_241_253,0.5812300550215355
BARK1,ERBB2_679_691,0.04489791317257168
DMPK,ERBB2_679_691,0.04489791317257168
PHK,ERBB2_679_691,0.04489791317257168
PIM,ERBB2_679_691,0.04489791317257168
PKA,ERBB2_679_691,0.04489791317257168
PKCA,ERBB2_679_691,0.04489791317257168
PKCD,ERBB2_679_691,0.04489791317257168
PKCH,ERBB2_679_691,0.04489791317257168
PKG,ERBB2_679_691,0.04489791317257168
RSK,ERBB2_679_691,0.04489791317257168
VRK2,ERBB2_679_691,0.04489791317257168
BARK1,ERF_519_531,0.4191954841138653
CDK,ERF_519_531,0.4191954841138653
CHK1,ERF_519_531,0.4191954841138653
DAPK,ERF_519_531,0.4191954841138653
DMPK,ERF_519_531,0.4191954841138653
DYRK,ERF_519_531,0.4191954841138653
ERK,ERF_519_531,0.4191954841138653
IRAK,ERF_519_531,0.4191954841138653
MST,ERF_519_531,0.4191954841138653
P38,ERF_519_531,0.4191954841138653
PDK1,ERF_519_531,0.4191954841138653
PEK,ERF_519_531,0.4191954841138653
PIM,ERF_519_531,0.4191954841138653
PKA,ERF_519_531,0.4191954841138653
PKCA,ERF_519_531,0.4191954841138653
PKG,ERF_519_531,0.4191954841138653
RAD53,ERF_519_531,0.4191954841138653
RSK,ERF_519_531,0.4191954841138653
VRK2,ERF_519_531,0.4191954841138653
AKT,ESR1_160_172,0.33689460207150645
AUR,ESR1_160_172,0.33689460207150645
BARK1,ESR1_160_172,0.33689460207150645
CK2,ESR1_160_172,0.33689460207150645
DMPK,ESR1_160_172,0.33689460207150645
IKK,ESR1_160_172,0.33689460207150645
PEK,ESR1_160_172,0.33689460207150645
PHK,ESR1_160_172,0.33689460207150645
PIM,ESR1_160_172,0.33689460207150645
PKCA,ESR1_160_172,0.33689460207150645
RSK,ESR1_160_172,0.33689460207150645
STE11,ESR1_160_172,0.33689460207150645
STE7,ESR1_160_172,0.33689460207150645
VRK2,ESR1_160_172,0.33689460207150645
BARK1,FIBA_569_581,0.01285538876377974
CDK,FIBA_569_581,0.01285538876377974
CK1,FIBA_569_581,0.01285538876377974
DAPK,FIBA_569_581,0.01285538876377974
DMPK,FIBA_569_581,0.01285538876377974
ERK,FIBA_569_581,0.01285538876377974
GSK,FIBA_569_581,0.01285538876377974
HAL,FIBA_569_581,0.01285538876377974
IKK,FIBA_569_581,0.01285538876377974
JNK,FIBA_569_581,0.01285538876377974
MLCK,FIBA_569_581,0.01285538876377974
MST,FIBA_569_581,0.01285538876377974
PDHK,FIBA_569_581,0.01285538876377974
PEK,FIBA_569_581,0.01285538876377974
PHK,FIBA_569_581,0.01285538876377974
PIM,FIBA_569_581,0.01285538876377974
PKA,FIBA_569_581,0.01285538876377974
PKCA,FIBA_569_581,0.01285538876377974
PKG,FIBA_569_581,0.01285538876377974
PLK,FIBA_569_581,0.01285538876377974
QIK,FIBA_569_581,0.01285538876377974
RAF,FIBA_569_581,0.01285538876377974
RIPK,FIBA_569_581,0.01285538876377974
RSK,FIBA_569_581,0.01285538876377974
SGK,FIBA_569_581,0.01285538876377974
STE7,FIBA_569_581,0.01285538876377974
VRK2,FIBA_569_581,0.01285538876377974
AKT,FOXO3_25_37,-0.11303183559337408
BARK1,FOXO3_25_37,-0.11303183559337408
CDK,FOXO3_25_37,-0.11303183559337408
ERK,FOXO3_25_37,-0.11303183559337408
MAPKAPK,FOXO3_25_37,-0.11303183559337408
P38,FOXO3_25_37,-0.11303183559337408
PHK,FOXO3_25_37,-0.11303183559337408
PIM,FOXO3_25_37,-0.11303183559337408
PKCA,FOXO3_25_37,-0.11303183559337408
QIK,FOXO3_25_37,-0.11303183559337408
RAF,FOXO3_25_37,-0.11303183559337408
RSK,FOXO3_25_37,-0.11303183559337408
SGK,FOXO3_25_37,-0.11303183559337408
VRK2,FOXO3_25_37,-0.11303183559337408
AKT,FRAP_2443_2455,0.07594260934526739
AMPK,FRAP_2443_2455,0.07594260934526739
BARK1,FRAP_2443_2455,0.07594260934526739
CK1,FRAP_2443_2455,0.07594260934526739
DAPK,FRAP_2443_2455,0.07594260934526739
DMPK,FRAP_2443_2455,0.07594260934526739
MAPKAPK,FRAP_2443_2455,0.07594260934526739
MELK,FRAP_2443_2455,0.07594260934526739
MLK,FRAP_2443_2455,0.07594260934526739
MSN,FRAP_2443_2455,0.07594260934526739
MTOR,FRAP_2443_2455,0.07594260934526739
NEK,FRAP_2443_2455,0.07594260934526739
PDHK,FRAP_2443_2455,0.07594260934526739
PDK1,FRAP_2443_2455,0.07594260934526739
PEK,FRAP_2443_2455,0.07594260934526739
PHK,FRAP_2443_2455,0.07594260934526739
PIM,FRAP_2443_2455,0.07594260934526739
PKA,FRAP_2443_2455,0.07594260934526739
PKCA,FRAP_2443_2455,0.07594260934526739
QIK,FRAP_2443_2455,0.07594260934526739
RSK,FRAP_2443_2455,0.07594260934526739
SGK,FRAP_2443_2455,0.07594260934526739
TAO,FRAP_2443_2455,0.07594260934526739
VRK2,FRAP_2443_2455,0.07594260934526739
AKT,GPR6_349_361,0.05645040183836099
BARK1,GPR6_349_361,0.05645040183836099
CDK,GPR6_349_361,0.05645040183836099
CK1,GPR6_349_361,0.05645040183836099
DMPK,GPR6_349_361,0.05645040183836099
DYRK,GPR6_349_361,0.05645040183836099
ERK,GPR6_349_361,0.05645040183836099
IKK,GPR6_349_361,0.05645040183836099
JNK,GPR6_349_361,0.05645040183836099
MAPKAPK,GPR6_349_361,0.05645040183836099
MELK,GPR6_349_361,0.05645040183836099
P38,GPR6_349_361,0.05645040183836099
PDK1,GPR6_349_361,0.05645040183836099
PEK,GPR6_349_361,0.05645040183836099
PHK,GPR6_349_361,0.05645040183836099
PKCA,GPR6_349_361,0.05645040183836099
QIK,GPR6_349_361,0.05645040183836099
RAF,GPR6_349_361,0.05645040183836099
RSK,GPR6_349_361,0.05645040183836099
SGK,GPR6_349_361,0.05645040183836099
VRK2,GPR6_349_361,0.05645040183836099
AMPK,GPSM2_394_406,0.6857600035411284
BARK1,GPSM2_394_406,0.6857600035411284
CAMK1,GPSM2_394_406,0.6857600035411284
CHK1,GPSM2_394_406,0.6857600035411284
DMPK,GPSM2_394_406,0.6857600035411284
IKK,GPSM2_394_406,0.6857600035411284
MAPKAPK,GPSM2_394_406,0.6857600035411284
MARK,GPSM2_394_406,0.6857600035411284
PHK,GPSM2_394_406,0.6857600035411284
PKCA,GPSM2_394_406,0.6857600035411284
PKD,GPSM2_394_406,0.6857600035411284
VRK2,GPSM2_394_406,0.6857600035411284
BARK1,GSUB_61_73,0.03072934381812923
CDK,GSUB_61_73,0.03072934381812923
DAPK,GSUB_61_73,0.03072934381812923
DMPK,GSUB_61_73,0.03072934381812923
DYRK,GSUB_61_73,0.03072934381812923
ERK,GSUB_61_73,0.03072934381812923
PDK1,GSUB_61_73,0.03072934381812923
PHK,GSUB_61_73,0.03072934381812923
PKA,GSUB_61_73,0.03072934381812923
PKG,GSUB_61_73,0.03072934381812923
PLK,GSUB_61_73,0.03072934381812923
VRK2,GSUB_61_73,0.03072934381812923
AKT,GYS2_1_13,-0.04231598222643769
BARK1,GYS2_1_13,-0.04231598222643769
CDK,GYS2_1_13,-0.04231598222643769
DMPK,GYS2_1_13,-0.04231598222643769
IKK,GYS2_1_13,-0.04231598222643769
MAPKAPK,GYS2_1_13,-0.04231598222643769
MTOR,GYS2_1_13,-0.04231598222643769
PEK,GYS2_1_13,-0.04231598222643769
PHK,GYS2_1_13,-0.04231598222643769
PKA,GYS2_1_13,-0.04231598222643769
PKCA,GYS2_1_13,-0.04231598222643769
QIK,GYS2_1_13,-0.04231598222643769
RSK,GYS2_1_13,-0.04231598222643769
SGK,GYS2_1_13,-0.04231598222643769
VRK2,GYS2_1_13,-0.04231598222643769
AKT,H2B1B_ 27_40,0.03260709304899241
AMPK,H2B1B_ 27_40,0.03260709304899241
BARK1,H2B1B_ 27_40,0.03260709304899241
CAMK1,H2B1B_ 27_40,0.03260709304899241
CDK,H2B1B_ 27_40,0.03260709304899241
COT,H2B1B_ 27_40,0.03260709304899241
DAPK,H2B1B_ 27_40,0.03260709304899241
DMPK,H2B1B_ 27_40,0.03260709304899241
IKK,H2B1B_ 27_40,0.03260709304899241
MLK,H2B1B_ 27_40,0.03260709304899241
MST,H2B1B_ 27_40,0.03260709304899241
PAKA,H2B1B_ 27_40,0.03260709304899241
PAKB,H2B1B_ 27_40,0.03260709304899241
PDHK,H2B1B_ 27_40,0.03260709304899241
PEK,H2B1B_ 27_40,0.03260709304899241
PHK,H2B1B_ 27_40,0.03260709304899241
PIM,H2B1B_ 27_40,0.03260709304899241
PKA,H2B1B_ 27_40,0.03260709304899241
PKCA,H2B1B_ 27_40,0.03260709304899241
PKCH,H2B1B_ 27_40,0.03260709304899241
PKD,H2B1B_ 27_40,0.03260709304899241
PKG,H2B1B_ 27_40,0.03260709304899241
PLK,H2B1B_ 27_40,0.03260709304899241
QIK,H2B1B_ 27_40,0.03260709304899241
RAD53,H2B1B_ 27_40,0.03260709304899241
RSK,H2B1B_ 27_40,0.03260709304899241
SGK,H2B1B_ 27_40,0.03260709304899241
VRK2,H2B1B_ 27_40,0.03260709304899241
AMPK,H32_3_18,0.09435542714087486
ATR,H32_3_18,0.09435542714087486
AUR,H32_3_18,0.09435542714087486
BARK1,H32_3_18,0.09435542714087486
DAPK,H32_3_18,0.09435542714087486
DMPK,H32_3_18,0.09435542714087486
DYRK,H32_3_18,0.09435542714087486
MLK,H32_3_18,0.09435542714087486
MST,H32_3_18,0.09435542714087486
MTOR,H32_3_18,0.09435542714087486
PHK,H32_3_18,0.09435542714087486
PIM,H32_3_18,0.09435542714087486
PKCA,H32_3_18,0.09435542714087486
PKCD,H32_3_18,0.09435542714087486
PRKDC,H32_3_18,0.09435542714087486
QIK,H32_3_18,0.09435542714087486
RAD53,H32_3_18,0.09435542714087486
RSK,H32_3_18,0.09435542714087486
STE7,H32_3_18,0.09435542714087486
VRK1,H32_3_18,0.09435542714087486
VRK2,H32_3_18,0.09435542714087486
BARK1,IF4E_203_215,-0.03699230533995153
CDK,IF4E_203_215,-0.03699230533995153
DMPK,IF4E_203_215,-0.03699230533995153
ERK,IF4E_203_215,-0.03699230533995153
GRK,IF4E_203_215,-0.03699230533995153
IKK,IF4E_203_215,-0.03699230533995153
LKB,IF4E_203_215,-0.03699230533995153
MAPKAPK,IF4E_203_215,-0.03699230533995153
MLK,IF4E_203_215,-0.03699230533995153
P38,IF4E_203_215,-0.03699230533995153
PEK,IF4E_203_215,-0.03699230533995153
PKCA,IF4E_203_215,-0.03699230533995153
QIK,IF4E_203_215,-0.03699230533995153
RIPK,IF4E_203_215,-0.03699230533995153
STKR,IF4E_203_215,-0.03699230533995153
VRK1,IF4E_203_215,-0.03699230533995153
VRK2,IF4E_203_215,-0.03699230533995153
BARK1,K6PL_766_778,-0.11899827853053029
AKT,K6PL_766_778,-0.11899827853053029
CAMK2,K6PL_766_778,-0.11899827853053029
CDK,K6PL_766_778,-0.11899827853053029
MAPKAPK,K6PL_766_778,-0.11899827853053029
MARK,K6PL_766_778,-0.11899827853053029
MOS,K6PL_766_778,-0.11899827853053029
PEK,K6PL_766_778,-0.11899827853053029
PHK,K6PL_766_778,-0.11899827853053029
PKA,K6PL_766_778,-0.11899827853053029
PKCA,K6PL_766_778,-0.11899827853053029
PKG,K6PL_766_778,-0.11899827853053029
RAD53,K6PL_766_778,-0.11899827853053029
RSK,K6PL_766_778,-0.11899827853053029
VRK2,K6PL_766_778,-0.11899827853053029
BARK1,KAP2_92_104,0.5738257478208778
CDK,KAP2_92_104,0.5738257478208778
CK2,KAP2_92_104,0.5738257478208778
DMPK,KAP2_92_104,0.5738257478208778
ERK,KAP2_92_104,0.5738257478208778
GSK,KAP2_92_104,0.5738257478208778
MAPKAPK,KAP2_92_104,0.5738257478208778
PDHK,KAP2_92_104,0.5738257478208778
PEK,KAP2_92_104,0.5738257478208778
PHK,KAP2_92_104,0.5738257478208778
PIM,KAP2_92_104,0.5738257478208778
PKA,KAP2_92_104,0.5738257478208778
PKCA,KAP2_92_104,0.5738257478208778
PKD,KAP2_92_104,0.5738257478208778
PKG,KAP2_92_104,0.5738257478208778
QIK,KAP2_92_104,0.5738257478208778
RIPK,KAP2_92_104,0.5738257478208778
RSK,KAP2_92_104,0.5738257478208778
VRK2,KAP2_92_104,0.5738257478208778
AKT,KAP3_107_119,0.5294267901395807
AUR,KAP3_107_119,0.5294267901395807
BARK1,KAP3_107_119,0.5294267901395807
DMPK,KAP3_107_119,0.5294267901395807
MAPKAPK,KAP3_107_119,0.5294267901395807
PDHK,KAP3_107_119,0.5294267901395807
PHK,KAP3_107_119,0.5294267901395807
PKA,KAP3_107_119,0.5294267901395807
PKCA,KAP3_107_119,0.5294267901395807
RIPK,KAP3_107_119,0.5294267901395807
VRK2,KAP3_107_119,0.5294267901395807
BARK1,KAPCG_192_206,0.07512125380063524
CAMK2,KAPCG_192_206,0.07512125380063524
CDK,KAPCG_192_206,0.07512125380063524
DMPK,KAPCG_192_206,0.07512125380063524
DYRK,KAPCG_192_206,0.07512125380063524
ERK,KAPCG_192_206,0.07512125380063524
GSK,KAPCG_192_206,0.07512125380063524
IKK,KAPCG_192_206,0.07512125380063524
IRAK,KAPCG_192_206,0.07512125380063524
LKB,KAPCG_192_206,0.07512125380063524
MELK,KAPCG_192_206,0.07512125380063524
MST,KAPCG_192_206,0.07512125380063524
MTOR,KAPCG_192_206,0.07512125380063524
PDHK,KAPCG_192_206,0.07512125380063524
PDK1,KAPCG_192_206,0.07512125380063524
PHK,KAPCG_192_206,0.07512125380063524
PIM,KAPCG_192_206,0.07512125380063524
PKCH,KAPCG_192_206,0.07512125380063524
VRK2,KAPCG_192_206,0.07512125380063524
BARK1,KCC2G_278_289,-0.1948640715746735
CAMK2,KCC2G_278_289,-0.1948640715746735
CDK,KCC2G_278_289,-0.1948640715746735
CK1,KCC2G_278_289,-0.1948640715746735
MAPKAPK,KCC2G_278_289,-0.1948640715746735
MELK,KCC2G_278_289,-0.1948640715746735
MLCK,KCC2G_278_289,-0.1948640715746735
PEK,KCC2G_278_289,-0.1948640715746735
PHK,KCC2G_278_289,-0.1948640715746735
PIM,KCC2G_278_289,-0.1948640715746735
PKCA,KCC2G_278_289,-0.1948640715746735
PKCI,KCC2G_278_289,-0.1948640715746735
PLK,KCC2G_278_289,-0.1948640715746735
QIK,KCC2G_278_289,-0.1948640715746735
RSK,KCC2G_278_289,-0.1948640715746735
SGK,KCC2G_278_289,-0.1948640715746735
VRK2,KCC2G_278_289,-0.1948640715746735
AKT,KCNA1_438_450,0.5668190046611447
AMPK,KCNA1_438_450,0.5668190046611447
BARK1,KCNA1_438_450,0.5668190046611447
CAMK1,KCNA1_438_450,0.5668190046611447
CDK,KCNA1_438_450,0.5668190046611447
CK1,KCNA1_438_450,0.5668190046611447
DAPK,KCNA1_438_450,0.5668190046611447
DMPK,KCNA1_438_450,0.5668190046611447
ERK,KCNA1_438_450,0.5668190046611447
GRK,KCNA1_438_450,0.5668190046611447
IKK,KCNA1_438_450,0.5668190046611447
JNK,KCNA1_438_450,0.5668190046611447
MAPKAPK,KCNA1_438_450,0.5668190046611447
MELK,KCNA1_438_450,0.5668190046611447
NEK,KCNA1_438_450,0.5668190046611447
P38,KCNA1_438_450,0.5668190046611447
PDHK,KCNA1_438_450,0.5668190046611447
PEK,KCNA1_438_450,0.5668190046611447
PHK,KCNA1_438_450,0.5668190046611447
PKA,KCNA1_438_450,0.5668190046611447
PKCA,KCNA1_438_450,0.5668190046611447
PKD,KCNA1_438_450,0.5668190046611447
PLK,KCNA1_438_450,0.5668190046611447
QIK,KCNA1_438_450,0.5668190046611447
RAD53,KCNA1_438_450,0.5668190046611447
RIPK,KCNA1_438_450,0.5668190046611447
RSK,KCNA1_438_450,0.5668190046611447
SGK,KCNA1_438_450,0.5668190046611447
STE7,KCNA1_438_450,0.5668190046611447
STKR,KCNA1_438_450,0.5668190046611447
VRK2,KCNA1_438_450,0.5668190046611447
AKT,KCNA2_442_454,0.28272837641137877
AMPK,KCNA2_442_454,0.28272837641137877
BARK1,KCNA2_442_454,0.28272837641137877
CAMK1,KCNA2_442_454,0.28272837641137877
CAMK2,KCNA2_442_454,0.28272837641137877
CDK,KCNA2_442_454,0.28272837641137877
CHK1,KCNA2_442_454,0.28272837641137877
CK1,KCNA2_442_454,0.28272837641137877
DMPK,KCNA2_442_454,0.28272837641137877
IKK,KCNA2_442_454,0.28272837641137877
JNK,KCNA2_442_454,0.28272837641137877
MAPKAPK,KCNA2_442_454,0.28272837641137877
NEK,KCNA2_442_454,0.28272837641137877
P38,KCNA2_442_454,0.28272837641137877
PDHK,KCNA2_442_454,0.28272837641137877
PEK,KCNA2_442_454,0.28272837641137877
PHK,KCNA2_442_454,0.28272837641137877
PIM,KCNA2_442_454,0.28272837641137877
PKCA,KCNA2_442_454,0.28272837641137877
PKD,KCNA2_442_454,0.28272837641137877
QIK,KCNA2_442_454,0.28272837641137877
RAD53,KCNA2_442_454,0.28272837641137877
RIPK,KCNA2_442_454,0.28272837641137877
RSK,KCNA2_442_454,0.28272837641137877
SGK,KCNA2_442_454,0.28272837641137877
STKR,KCNA2_442_454,0.28272837641137877
VRK2,KCNA2_442_454,0.28272837641137877
AKT,KCNA3_461_473,0.25953363450851413
AMPK,KCNA3_461_473,0.25953363450851413
BARK1,KCNA3_461_473,0.25953363450851413
CAMK1,KCNA3_461_473,0.25953363450851413
CDK,KCNA3_461_473,0.25953363450851413
CHK1,KCNA3_461_473,0.25953363450851413
CK1,KCNA3_461_473,0.25953363450851413
DMPK,KCNA3_461_473,0.25953363450851413
IKK,KCNA3_461_473,0.25953363450851413
JNK,KCNA3_461_473,0.25953363450851413
KHS,KCNA3_461_473,0.25953363450851413
MAPKAPK,KCNA3_461_473,0.25953363450851413
MARK,KCNA3_461_473,0.25953363450851413
MST,KCNA3_461_473,0.25953363450851413
P38,KCNA3_461_473,0.25953363450851413
PAKA,KCNA3_461_473,0.25953363450851413
PDHK,KCNA3_461_473,0.25953363450851413
PDK1,KCNA3_461_473,0.25953363450851413
PEK,KCNA3_461_473,0.25953363450851413
PHK,KCNA3_461_473,0.25953363450851413
PKA,KCNA3_461_473,0.25953363450851413
PKCA,KCNA3_461_473,0.25953363450851413
PKD,KCNA3_461_473,0.25953363450851413
PKG,KCNA3_461_473,0.25953363450851413
PLK,KCNA3_461_473,0.25953363450851413
QIK,KCNA3_461_473,0.25953363450851413
RAD53,KCNA3_461_473,0.25953363450851413
RSK,KCNA3_461_473,0.25953363450851413
STE7,KCNA3_461_473,0.25953363450851413
VRK2,KCNA3_461_473,0.25953363450851413
AMPK,KCNB1_489_501,0.27286354850873656
BARK1,KCNB1_489_501,0.27286354850873656
CAMK1,KCNB1_489_501,0.27286354850873656
CAMK2,KCNB1_489_501,0.27286354850873656
CDK,KCNB1_489_501,0.27286354850873656
CHK1,KCNB1_489_501,0.27286354850873656
CK1,KCNB1_489_501,0.27286354850873656
CK2,KCNB1_489_501,0.27286354850873656
DAPK,KCNB1_489_501,0.27286354850873656
DMPK,KCNB1_489_501,0.27286354850873656
GRK,KCNB1_489_501,0.27286354850873656
IKK,KCNB1_489_501,0.27286354850873656
MAPKAPK,KCNB1_489_501,0.27286354850873656
MELK,KCNB1_489_501,0.27286354850873656
MLCK,KCNB1_489_501,0.27286354850873656
MLK,KCNB1_489_501,0.27286354850873656
MST,KCNB1_489_501,0.27286354850873656
NAK,KCNB1_489_501,0.27286354850873656
NEK,KCNB1_489_501,0.27286354850873656
PDHK,KCNB1_489_501,0.27286354850873656
PEK,KCNB1_489_501,0.27286354850873656
PHK,KCNB1_489_501,0.27286354850873656
PIM,KCNB1_489_501,0.27286354850873656
PKA,KCNB1_489_501,0.27286354850873656
PKCA,KCNB1_489_501,0.27286354850873656
PKCD,KCNB1_489_501,0.27286354850873656
PKD,KCNB1_489_501,0.27286354850873656
QIK,KCNB1_489_501,0.27286354850873656
RIPK,KCNB1_489_501,0.27286354850873656
RSK,KCNB1_489_501,0.27286354850873656
SGK,KCNB1_489_501,0.27286354850873656
STE7,KCNB1_489_501,0.27286354850873656
STKR,KCNB1_489_501,0.27286354850873656
VRK2,KCNB1_489_501,0.27286354850873656
BARK1,KIF2C_105_118_S106G,0.03462869152621135
CAMK2,KIF2C_105_118_S106G,0.03462869152621135
CDK,KIF2C_105_118_S106G,0.03462869152621135
DMPK,KIF2C_105_118_S106G,0.03462869152621135
FRAY,KIF2C_105_118_S106G,0.03462869152621135
IKK,KIF2C_105_118_S106G,0.03462869152621135
MELK,KIF2C_105_118_S106G,0.03462869152621135
NEK,KIF2C_105_118_S106G,0.03462869152621135
PAKA,KIF2C_105_118_S106G,0.03462869152621135
PDHK,KIF2C_105_118_S106G,0.03462869152621135
PEK,KIF2C_105_118_S106G,0.03462869152621135
PHK,KIF2C_105_118_S106G,0.03462869152621135
PKCA,KIF2C_105_118_S106G,0.03462869152621135
PKD,KIF2C_105_118_S106G,0.03462869152621135
QIK,KIF2C_105_118_S106G,0.03462869152621135
RIPK,KIF2C_105_118_S106G,0.03462869152621135
RSK,KIF2C_105_118_S106G,0.03462869152621135
VRK2,KIF2C_105_118_S106G,0.03462869152621135
BARK1,KPB1_1011_1023,0.7796758109584138
CDK,KPB1_1011_1023,0.7796758109584138
CK1,KPB1_1011_1023,0.7796758109584138
DMPK,KPB1_1011_1023,0.7796758109584138
IKK,KPB1_1011_1023,0.7796758109584138
P38,KPB1_1011_1023,0.7796758109584138
PAKA,KPB1_1011_1023,0.7796758109584138
PDHK,KPB1_1011_1023,0.7796758109584138
PEK,KPB1_1011_1023,0.7796758109584138
PHK,KPB1_1011_1023,0.7796758109584138
PIM,KPB1_1011_1023,0.7796758109584138
PKA,KPB1_1011_1023,0.7796758109584138
PKCA,KPB1_1011_1023,0.7796758109584138
PKD,KPB1_1011_1023,0.7796758109584138
RIPK,KPB1_1011_1023,0.7796758109584138
RSK,KPB1_1011_1023,0.7796758109584138
SGK,KPB1_1011_1023,0.7796758109584138
VRK2,KPB1_1011_1023,0.7796758109584138
BARK1,KS6A1_374_386,-0.06336975861523117
COT,KS6A1_374_386,-0.06336975861523117
FRAY,KS6A1_374_386,-0.06336975861523117
MAPKAPK,KS6A1_374_386,-0.06336975861523117
MSN,KS6A1_374_386,-0.06336975861523117
MTOR,KS6A1_374_386,-0.06336975861523117
PDHK,KS6A1_374_386,-0.06336975861523117
PDK1,KS6A1_374_386,-0.06336975861523117
PEK,KS6A1_374_386,-0.06336975861523117
PHK,KS6A1_374_386,-0.06336975861523117
PIM,KS6A1_374_386,-0.06336975861523117
PKCA,KS6A1_374_386,-0.06336975861523117
RAD53,KS6A1_374_386,-0.06336975861523117
RSK,KS6A1_374_386,-0.06336975861523117
STE7,KS6A1_374_386,-0.06336975861523117
VRK2,KS6A1_374_386,-0.06336975861523117
AMPK,LIPS_944_956,0.5620699702012134
ATR,LIPS_944_956,0.5620699702012134
BARK1,LIPS_944_956,0.5620699702012134
CDK,LIPS_944_956,0.5620699702012134
DMPK,LIPS_944_956,0.5620699702012134
ERK,LIPS_944_956,0.5620699702012134
NDR,LIPS_944_956,0.5620699702012134
PDHK,LIPS_944_956,0.5620699702012134
PEK,LIPS_944_956,0.5620699702012134
PIM,LIPS_944_956,0.5620699702012134
PKA,LIPS_944_956,0.5620699702012134
PKCA,LIPS_944_956,0.5620699702012134
PKG,LIPS_944_956,0.5620699702012134
PRKDC,LIPS_944_956,0.5620699702012134
RAF,LIPS_944_956,0.5620699702012134
RSK,LIPS_944_956,0.5620699702012134
STE7,LIPS_944_956,0.5620699702012134
VRK2,LIPS_944_956,0.5620699702012134
BARK1,LMNB1_16_28,0.03409930963629589
CDK,LMNB1_16_28,0.03409930963629589
DMPK,LMNB1_16_28,0.03409930963629589
DYRK,LMNB1_16_28,0.03409930963629589
ERK,LMNB1_16_28,0.03409930963629589
GSK,LMNB1_16_28,0.03409930963629589
IKK,LMNB1_16_28,0.03409930963629589
IRAK,LMNB1_16_28,0.03409930963629589
JNK,LMNB1_16_28,0.03409930963629589
MLK,LMNB1_16_28,0.03409930963629589
NMO,LMNB1_16_28,0.03409930963629589
P38,LMNB1_16_28,0.03409930963629589
PDK1,LMNB1_16_28,0.03409930963629589
PEK,LMNB1_16_28,0.03409930963629589
PIM,LMNB1_16_28,0.03409930963629589
PKCA,LMNB1_16_28,0.03409930963629589
PKG,LMNB1_16_28,0.03409930963629589
RSK,LMNB1_16_28,0.03409930963629589
STE7,LMNB1_16_28,0.03409930963629589
VRK2,LMNB1_16_28,0.03409930963629589
BARK1,MARCS_152_164,0.1315406814165255
CDK,MARCS_152_164,0.1315406814165255
DAPK,MARCS_152_164,0.1315406814165255
DMPK,MARCS_152_164,0.1315406814165255
ERK,MARCS_152_164,0.1315406814165255
JNK,MARCS_152_164,0.1315406814165255
P38,MARCS_152_164,0.1315406814165255
PAKA,MARCS_152_164,0.1315406814165255
PDHK,MARCS_152_164,0.1315406814165255
PDK1,MARCS_152_164,0.1315406814165255
PEK,MARCS_152_164,0.1315406814165255
PHK,MARCS_152_164,0.1315406814165255
PKA,MARCS_152_164,0.1315406814165255
PKCA,MARCS_152_164,0.1315406814165255
PKCH,MARCS_152_164,0.1315406814165255
PKCI,MARCS_152_164,0.1315406814165255
PKD,MARCS_152_164,0.1315406814165255
PKG,MARCS_152_164,0.1315406814165255
PKN,MARCS_152_164,0.1315406814165255
RAD53,MARCS_152_164,0.1315406814165255
VRK2,MARCS_152_164,0.1315406814165255
BARK1,MARCS_160_172,-0.0499031536517706
CDK,MARCS_160_172,-0.0499031536517706
DMPK,MARCS_160_172,-0.0499031536517706
ERK,MARCS_160_172,-0.0499031536517706
JNK,MARCS_160_172,-0.0499031536517706
MLK,MARCS_160_172,-0.0499031536517706
P38,MARCS_160_172,-0.0499031536517706
PDHK,MARCS_160_172,-0.0499031536517706
PDK1,MARCS_160_172,-0.0499031536517706
PEK,MARCS_160_172,-0.0499031536517706
PKCA,MARCS_160_172,-0.0499031536517706
RAD53,MARCS_160_172,-0.0499031536517706
RIPK,MARCS_160_172,-0.0499031536517706
VRK2,MARCS_160_172,-0.0499031536517706
BARK1,MBP_222_234,-0.0969915002743651
CDK,MBP_222_234,-0.0969915002743651
DYRK,MBP_222_234,-0.0969915002743651
ERK,MBP_222_234,-0.0969915002743651
GSK,MBP_222_234,-0.0969915002743651
JNK,MBP_222_234,-0.0969915002743651
MTOR,MBP_222_234,-0.0969915002743651
PDK1,MBP_222_234,-0.0969915002743651
PEK,MBP_222_234,-0.0969915002743651
VRK2,MBP_222_234,-0.0969915002743651
BARK1,MP2K1_287_299,-0.10988255053460438
CDK,MP2K1_287_299,-0.10988255053460438
DMPK,MP2K1_287_299,-0.10988255053460438
DYRK,MP2K1_287_299,-0.10988255053460438
ERK,MP2K1_287_299,-0.10988255053460438
JNK,MP2K1_287_299,-0.10988255053460438
MAPKAPK,MP2K1_287_299,-0.10988255053460438
P38,MP2K1_287_299,-0.10988255053460438
PAKA,MP2K1_287_299,-0.10988255053460438
PDHK,MP2K1_287_299,-0.10988255053460438
PDK1,MP2K1_287_299,-0.10988255053460438
PEK,MP2K1_287_299,-0.10988255053460438
PHK,MP2K1_287_299,-0.10988255053460438
PIM,MP2K1_287_299,-0.10988255053460438
PKCA,MP2K1_287_299,-0.10988255053460438
PKD,MP2K1_287_299,-0.10988255053460438
STE7,MP2K1_287_299,-0.10988255053460438
VRK2,MP2K1_287_299,-0.10988255053460438
ATR,MPIP1_172_184,-0.07404244371907578
BARK1,MPIP1_172_184,-0.07404244371907578
CHK1,MPIP1_172_184,-0.07404244371907578
DMPK,MPIP1_172_184,-0.07404244371907578
MAPKAPK,MPIP1_172_184,-0.07404244371907578
PHK,MPIP1_172_184,-0.07404244371907578
PIM,MPIP1_172_184,-0.07404244371907578
PKCA,MPIP1_172_184,-0.07404244371907578
PRKDC,MPIP1_172_184,-0.07404244371907578
QIK,MPIP1_172_184,-0.07404244371907578
RAD53,MPIP1_172_184,-0.07404244371907578
RAF,MPIP1_172_184,-0.07404244371907578
RSK,MPIP1_172_184,-0.07404244371907578
VRK2,MPIP1_172_184,-0.07404244371907578
BARK1,MPIP3_208_220,-0.2666869762733966
BRSK,MPIP3_208_220,-0.2666869762733966
CAMK1,MPIP3_208_220,-0.2666869762733966
CDK,MPIP3_208_220,-0.2666869762733966
CHK1,MPIP3_208_220,-0.2666869762733966
DMPK,MPIP3_208_220,-0.2666869762733966
DYRK,MPIP3_208_220,-0.2666869762733966
ERK,MPIP3_208_220,-0.2666869762733966
IKK,MPIP3_208_220,-0.2666869762733966
JNK,MPIP3_208_220,-0.2666869762733966
MAPKAPK,MPIP3_208_220,-0.2666869762733966
MARK,MPIP3_208_220,-0.2666869762733966
MELK,MPIP3_208_220,-0.2666869762733966
P38,MPIP3_208_220,-0.2666869762733966
PDK1,MPIP3_208_220,-0.2666869762733966
PEK,MPIP3_208_220,-0.2666869762733966
PHK,MPIP3_208_220,-0.2666869762733966
PKCA,MPIP3_208_220,-0.2666869762733966
QIK,MPIP3_208_220,-0.2666869762733966
RAD53,MPIP3_208_220,-0.2666869762733966
RIPK,MPIP3_208_220,-0.2666869762733966
VRK2,MPIP3_208_220,-0.2666869762733966
AKT,NCF1_321_333,0.5032673015934416
BARK1,NCF1_321_333,0.5032673015934416
DMPK,NCF1_321_333,0.5032673015934416
IRAK,NCF1_321_333,0.5032673015934416
PHK,NCF1_321_333,0.5032673015934416
PKA,NCF1_321_333,0.5032673015934416
PKCA,NCF1_321_333,0.5032673015934416
PKCD,NCF1_321_333,0.5032673015934416
QIK,NCF1_321_333,0.5032673015934416
VRK2,NCF1_321_333,0.5032673015934416
BARK1,NEK2_172_184,-0.10967065765642715
CAMK1,NEK2_172_184,-0.10967065765642715
CAMK2,NEK2_172_184,-0.10967065765642715
CDK,NEK2_172_184,-0.10967065765642715
DYRK,NEK2_172_184,-0.10967065765642715
ERK,NEK2_172_184,-0.10967065765642715
FRAY,NEK2_172_184,-0.10967065765642715
LKB,NEK2_172_184,-0.10967065765642715
MELK,NEK2_172_184,-0.10967065765642715
MST,NEK2_172_184,-0.10967065765642715
MTOR,NEK2_172_184,-0.10967065765642715
NEK,NEK2_172_184,-0.10967065765642715
P38,NEK2_172_184,-0.10967065765642715
PDHK,NEK2_172_184,-0.10967065765642715
PDK1,NEK2_172_184,-0.10967065765642715
PEK,NEK2_172_184,-0.10967065765642715
PKCA,NEK2_172_184,-0.10967065765642715
PKCH,NEK2_172_184,-0.10967065765642715
RSK,NEK2_172_184,-0.10967065765642715
STE11,NEK2_172_184,-0.10967065765642715
STE7,NEK2_172_184,-0.10967065765642715
VRK2,NEK2_172_184,-0.10967065765642715
BARK1,NEK3_158_170,-0.2177901059518049
CAMK2,NEK3_158_170,-0.2177901059518049
DYRK,NEK3_158_170,-0.2177901059518049
ERK,NEK3_158_170,-0.2177901059518049
LKB,NEK3_158_170,-0.2177901059518049
MST,NEK3_158_170,-0.2177901059518049
NEK,NEK3_158_170,-0.2177901059518049
PDHK,NEK3_158_170,-0.2177901059518049
PDK1,NEK3_158_170,-0.2177901059518049
PEK,NEK3_158_170,-0.2177901059518049
PKCH,NEK3_158_170,-0.2177901059518049
STE11,NEK3_158_170,-0.2177901059518049
STE7,NEK3_158_170,-0.2177901059518049
VRK2,NEK3_158_170,-0.2177901059518049
BARK1,NFKB1_330_342,0.5967072115231945
CDK,NFKB1_330_342,0.5967072115231945
DMPK,NFKB1_330_342,0.5967072115231945
IKK,NFKB1_330_342,0.5967072115231945
MAPKAPK,NFKB1_330_342,0.5967072115231945
PAKA,NFKB1_330_342,0.5967072115231945
PDHK,NFKB1_330_342,0.5967072115231945
PEK,NFKB1_330_342,0.5967072115231945
PIM,NFKB1_330_342,0.5967072115231945
PKA,NFKB1_330_342,0.5967072115231945
PKCA,NFKB1_330_342,0.5967072115231945
PKG,NFKB1_330_342,0.5967072115231945
PLK,NFKB1_330_342,0.5967072115231945
STE7,NFKB1_330_342,0.5967072115231945
VRK2,NFKB1_330_342,0.5967072115231945
BARK1,NMDZ1_890_902,0.26726732235874157
AKT,NMDZ1_890_902,0.26726732235874157
AMPK,NMDZ1_890_902,0.26726732235874157
AUR,NMDZ1_890_902,0.26726732235874157
CAMK1,NMDZ1_890_902,0.26726732235874157
CDK,NMDZ1_890_902,0.26726732235874157
CHK1,NMDZ1_890_902,0.26726732235874157
DAPK,NMDZ1_890_902,0.26726732235874157
DMPK,NMDZ1_890_902,0.26726732235874157
FRAY,NMDZ1_890_902,0.26726732235874157
GRK,NMDZ1_890_902,0.26726732235874157
IKK,NMDZ1_890_902,0.26726732235874157
MELK,NMDZ1_890_902,0.26726732235874157
MLK,NMDZ1_890_902,0.26726732235874157
MSN,NMDZ1_890_902,0.26726732235874157
MST,NMDZ1_890_902,0.26726732235874157
MTOR,NMDZ1_890_902,0.26726732235874157
PAKA,NMDZ1_890_902,0.26726732235874157
PDHK,NMDZ1_890_902,0.26726732235874157
PDK1,NMDZ1_890_902,0.26726732235874157
PEK,NMDZ1_890_902,0.26726732235874157
PHK,NMDZ1_890_902,0.26726732235874157
PIM,NMDZ1_890_902,0.26726732235874157
PKA,NMDZ1_890_902,0.26726732235874157
PKCA,NMDZ1_890_902,0.26726732235874157
PKCI,NMDZ1_890_902,0.26726732235874157
PKD,NMDZ1_890_902,0.26726732235874157
PKG,NMDZ1_890_902,0.26726732235874157
PLK,NMDZ1_890_902,0.26726732235874157
QIK,NMDZ1_890_902,0.26726732235874157
RAD53,NMDZ1_890_902,0.26726732235874157
RAF,NMDZ1_890_902,0.26726732235874157
RIPK,NMDZ1_890_902,0.26726732235874157
RSK,NMDZ1_890_902,0.26726732235874157
SGK,NMDZ1_890_902,0.26726732235874157
STE7,NMDZ1_890_902,0.26726732235874157
VRK2,NMDZ1_890_902,0.26726732235874157
AKT,NOS3_1171_1183,0.02375175889906048
AMPK,NOS3_1171_1183,0.02375175889906048
BARK1,NOS3_1171_1183,0.02375175889906048
CDK,NOS3_1171_1183,0.02375175889906048
CK1,NOS3_1171_1183,0.02375175889906048
DMPK,NOS3_1171_1183,0.02375175889906048
MELK,NOS3_1171_1183,0.02375175889906048
PDHK,NOS3_1171_1183,0.02375175889906048
PDK1,NOS3_1171_1183,0.02375175889906048
PEK,NOS3_1171_1183,0.02375175889906048
PHK,NOS3_1171_1183,0.02375175889906048
PIM,NOS3_1171_1183,0.02375175889906048
PKA,NOS3_1171_1183,0.02375175889906048
PKCA,NOS3_1171_1183,0.02375175889906048
PKG,NOS3_1171_1183,0.02375175889906048
QIK,NOS3_1171_1183,0.02375175889906048
RAD53,NOS3_1171_1183,0.02375175889906048
RIPK,NOS3_1171_1183,0.02375175889906048
RSK,NOS3_1171_1183,0.02375175889906048
SGK,NOS3_1171_1183,0.02375175889906048
VRK2,NOS3_1171_1183,0.02375175889906048
AKT,NR4A1_344_356,0.05124131637297383
BARK1,NR4A1_344_356,0.05124131637297383
CDK,NR4A1_344_356,0.05124131637297383
DMPK,NR4A1_344_356,0.05124131637297383
PHK,NR4A1_344_356,0.05124131637297383
PIM,NR4A1_344_356,0.05124131637297383
PKA,NR4A1_344_356,0.05124131637297383
PKCA,NR4A1_344_356,0.05124131637297383
RAF,NR4A1_344_356,0.05124131637297383
RSK,NR4A1_344_356,0.05124131637297383
VRK2,NR4A1_344_356,0.05124131637297383
AUR,P53_308_323,-0.0874249159974756
BARK1,P53_308_323,-0.0874249159974756
CAMK1,P53_308_323,-0.0874249159974756
CDK,P53_308_323,-0.0874249159974756
DYRK,P53_308_323,-0.0874249159974756
ERK,P53_308_323,-0.0874249159974756
IKK,P53_308_323,-0.0874249159974756
JNK,P53_308_323,-0.0874249159974756
P38,P53_308_323,-0.0874249159974756
PKCA,P53_308_323,-0.0874249159974756
PLK,P53_308_323,-0.0874249159974756
QIK,P53_308_323,-0.0874249159974756
STE7,P53_308_323,-0.0874249159974756
VRK2,P53_308_323,-0.0874249159974756
AUR,PLEK_106_118,-0.10005371809011324
BARK1,PLEK_106_118,-0.10005371809011324
CDK,PLEK_106_118,-0.10005371809011324
CK1,PLEK_106_118,-0.10005371809011324
DMPK,PLEK_106_118,-0.10005371809011324
MST,PLEK_106_118,-0.10005371809011324
PEK,PLEK_106_118,-0.10005371809011324
PKCA,PLEK_106_118,-0.10005371809011324
PKCD,PLEK_106_118,-0.10005371809011324
PKCH,PLEK_106_118,-0.10005371809011324
PLK,PLEK_106_118,-0.10005371809011324
VRK2,PLEK_106_118,-0.10005371809011324
BARK1,PLM_76_88,0.3848687624985976
CDK,PLM_76_88,0.3848687624985976
DMPK,PLM_76_88,0.3848687624985976
IKK,PLM_76_88,0.3848687624985976
PAKA,PLM_76_88,0.3848687624985976
PDHK,PLM_76_88,0.3848687624985976
PDK1,PLM_76_88,0.3848687624985976
PEK,PLM_76_88,0.3848687624985976
PIM,PLM_76_88,0.3848687624985976
PKA,PLM_76_88,0.3848687624985976
PKCA,PLM_76_88,0.3848687624985976
PKD,PLM_76_88,0.3848687624985976
PKG,PLM_76_88,0.3848687624985976
PLK,PLM_76_88,0.3848687624985976
RAD53,PLM_76_88,0.3848687624985976
RIPK,PLM_76_88,0.3848687624985976
RSK,PLM_76_88,0.3848687624985976
STE7,PLM_76_88,0.3848687624985976
VRK2,PLM_76_88,0.3848687624985976
EGFR,PP2AB_297_309,-0.36049252681144334
CSK,PP2AB_297_309,-0.36049252681144334
TEC,PP2AB_297_309,-0.36049252681144334
PDGFR,PP2AB_297_309,-0.36049252681144334
SYK,PP2AB_297_309,-0.36049252681144334
AXL,PP2AB_297_309,-0.36049252681144334
VEGFR,PP2AB_297_309,-0.36049252681144334
BARK1,PP2AB_297_309,-0.36049252681144334
BARK2,PP2AB_297_309,-0.36049252681144334
CDK,PP2AB_297_309,-0.36049252681144334
DYRK,PP2AB_297_309,-0.36049252681144334
JNK,PP2AB_297_309,-0.36049252681144334
VRK2,PP2AB_297_309,-0.36049252681144334
AKT,PPR1A_28_40,0.03719519651779515
BARK1,PPR1A_28_40,0.03719519651779515
CDK,PPR1A_28_40,0.03719519651779515
DAPK,PPR1A_28_40,0.03719519651779515
DMPK,PPR1A_28_40,0.03719519651779515
DYRK,PPR1A_28_40,0.03719519651779515
GSK,PPR1A_28_40,0.03719519651779515
JNK,PPR1A_28_40,0.03719519651779515
P38,PPR1A_28_40,0.03719519651779515
PDK1,PPR1A_28_40,0.03719519651779515
PEK,PPR1A_28_40,0.03719519651779515
PHK,PPR1A_28_40,0.03719519651779515
PKA,PPR1A_28_40,0.03719519651779515
RSK,PPR1A_28_40,0.03719519651779515
VRK2,PPR1A_28_40,0.03719519651779515
ATR,PRKDC_2618_2630,-0.09163650917415378
BARK1,PRKDC_2618_2630,-0.09163650917415378
BARK2,PRKDC_2618_2630,-0.09163650917415378
CK1,PRKDC_2618_2630,-0.09163650917415378
DMPK,PRKDC_2618_2630,-0.09163650917415378
IKK,PRKDC_2618_2630,-0.09163650917415378
MELK,PRKDC_2618_2630,-0.09163650917415378
MLK,PRKDC_2618_2630,-0.09163650917415378
MTOR,PRKDC_2618_2630,-0.09163650917415378
NEK,PRKDC_2618_2630,-0.09163650917415378
P38,PRKDC_2618_2630,-0.09163650917415378
PHK,PRKDC_2618_2630,-0.09163650917415378
PIM,PRKDC_2618_2630,-0.09163650917415378
PKA,PRKDC_2618_2630,-0.09163650917415378
PKCA,PRKDC_2618_2630,-0.09163650917415378
PKG,PRKDC_2618_2630,-0.09163650917415378
PRKDC,PRKDC_2618_2630,-0.09163650917415378
PLK,PRKDC_2618_2630,-0.09163650917415378
QIK,PRKDC_2618_2630,-0.09163650917415378
SGK,PRKDC_2618_2630,-0.09163650917415378
STE7,PRKDC_2618_2630,-0.09163650917415378
VRK2,PRKDC_2618_2630,-0.09163650917415378
AKT,PTK6_436_448,0.53847835802200394
BARK1,PTK6_436_448,0.53847835802200394
CAMK1,PTK6_436_448,0.53847835802200394
CDK,PTK6_436_448,0.53847835802200394
CK1,PTK6_436_448,0.53847835802200394
DMPK,PTK6_436_448,0.53847835802200394
MAPKAPK,PTK6_436_448,0.53847835802200394
MELK,PTK6_436_448,0.53847835802200394
P38,PTK6_436_448,0.53847835802200394
PAKA,PTK6_436_448,0.53847835802200394
PDHK,PTK6_436_448,0.53847835802200394
PDK1,PTK6_436_448,0.53847835802200394
PEK,PTK6_436_448,0.53847835802200394
PHK,PTK6_436_448,0.53847835802200394
PIM,PTK6_436_448,0.53847835802200394
PKA,PTK6_436_448,0.53847835802200394
PKCA,PTK6_436_448,0.53847835802200394
PKCD,PTK6_436_448,0.53847835802200394
PKCI,PTK6_436_448,0.53847835802200394
PKD,PTK6_436_448,0.53847835802200394
PKG,PTK6_436_448,0.53847835802200394
QIK,PTK6_436_448,0.53847835802200394
RAD53,PTK6_436_448,0.53847835802200394
RSK,PTK6_436_448,0.53847835802200394
STE7,PTK6_436_448,0.53847835802200394
VRK2,PTK6_436_448,0.53847835802200394
BARK1,PTN12_32_44,0.37337192715387424
CDK,PTN12_32_44,0.37337192715387424
DMPK,PTN12_32_44,0.37337192715387424
FRAY,PTN12_32_44,0.37337192715387424
MAPKAPK,PTN12_32_44,0.37337192715387424
MLK,PTN12_32_44,0.37337192715387424
PAKA,PTN12_32_44,0.37337192715387424
PDHK,PTN12_32_44,0.37337192715387424
PEK,PTN12_32_44,0.37337192715387424
PHK,PTN12_32_44,0.37337192715387424
PIM,PTN12_32_44,0.37337192715387424
PKA,PTN12_32_44,0.37337192715387424
PKCA,PTN12_32_44,0.37337192715387424
PKCD,PTN12_32_44,0.37337192715387424
PKD,PTN12_32_44,0.37337192715387424
PKG,PTN12_32_44,0.37337192715387424
QIK,PTN12_32_44,0.37337192715387424
RAD53,PTN12_32_44,0.37337192715387424
RSK,PTN12_32_44,0.37337192715387424
VRK2,PTN12_32_44,0.37337192715387424
BARK1,RADI_559_569,-0.2198851713774048
COT,RADI_559_569,-0.2198851713774048
DMPK,RADI_559_569,-0.2198851713774048
MSN,RADI_559_569,-0.2198851713774048
MST,RADI_559_569,-0.2198851713774048
PHK,RADI_559_569,-0.2198851713774048
PIM,RADI_559_569,-0.2198851713774048
PKCA,RADI_559_569,-0.2198851713774048
SLK,RADI_559_569,-0.2198851713774048
VRK2,RADI_559_569,-0.2198851713774048
AKT,RAF1_253_265,-0.0288652199950062
AMPK,RAF1_253_265,-0.0288652199950062
BARK1,RAF1_253_265,-0.0288652199950062
CAMK1,RAF1_253_265,-0.0288652199950062
CDK,RAF1_253_265,-0.0288652199950062
DAPK,RAF1_253_265,-0.0288652199950062
DMPK,RAF1_253_265,-0.0288652199950062
DYRK,RAF1_253_265,-0.0288652199950062
ERK,RAF1_253_265,-0.0288652199950062
JNK,RAF1_253_265,-0.0288652199950062
MAPKAPK,RAF1_253_265,-0.0288652199950062
MARK,RAF1_253_265,-0.0288652199950062
NDR,RAF1_253_265,-0.0288652199950062
P38,RAF1_253_265,-0.0288652199950062
PAKA,RAF1_253_265,-0.0288652199950062
PDK1,RAF1_253_265,-0.0288652199950062
PHK,RAF1_253_265,-0.0288652199950062
PKA,RAF1_253_265,-0.0288652199950062
PKCA,RAF1_253_265,-0.0288652199950062
QIK,RAF1_253_265,-0.0288652199950062
RAF,RAF1_253_265,-0.0288652199950062
RIPK,RAF1_253_265,-0.0288652199950062
RSK,RAF1_253_265,-0.0288652199950062
SGK,RAF1_253_265,-0.0288652199950062
VRK2,RAF1_253_265,-0.0288652199950062
AKT,RAP1B_172_184,0.20579436236804405
AMPK,RAP1B_172_184,0.20579436236804405
BARK1,RAP1B_172_184,0.20579436236804405
CDK,RAP1B_172_184,0.20579436236804405
DMPK,RAP1B_172_184,0.20579436236804405
IKK,RAP1B_172_184,0.20579436236804405
MAPKAPK,RAP1B_172_184,0.20579436236804405
PDHK,RAP1B_172_184,0.20579436236804405
PEK,RAP1B_172_184,0.20579436236804405
PHK,RAP1B_172_184,0.20579436236804405
PIM,RAP1B_172_184,0.20579436236804405
PKA,RAP1B_172_184,0.20579436236804405
PKCA,RAP1B_172_184,0.20579436236804405
PKG,RAP1B_172_184,0.20579436236804405
QIK,RAP1B_172_184,0.20579436236804405
RAD53,RAP1B_172_184,0.20579436236804405
RSK,RAP1B_172_184,0.20579436236804405
VRK2,RAP1B_172_184,0.20579436236804405
BARK1,RBL2_655_667,-0.12081252598533904
CDK,RBL2_655_667,-0.12081252598533904
CK1,RBL2_655_667,-0.12081252598533904
DMPK,RBL2_655_667,-0.12081252598533904
DYRK,RBL2_655_667,-0.12081252598533904
ERK,RBL2_655_667,-0.12081252598533904
FRAY,RBL2_655_667,-0.12081252598533904
GSK,RBL2_655_667,-0.12081252598533904
IKK,RBL2_655_667,-0.12081252598533904
JNK,RBL2_655_667,-0.12081252598533904
MAPKAPK,RBL2_655_667,-0.12081252598533904
MELK,RBL2_655_667,-0.12081252598533904
MTOR,RBL2_655_667,-0.12081252598533904
NEK,RBL2_655_667,-0.12081252598533904
P38,RBL2_655_667,-0.12081252598533904
PDK1,RBL2_655_667,-0.12081252598533904
PEK,RBL2_655_667,-0.12081252598533904
PHK,RBL2_655_667,-0.12081252598533904
PIM,RBL2_655_667,-0.12081252598533904
PKCA,RBL2_655_667,-0.12081252598533904
PKD,RBL2_655_667,-0.12081252598533904
PLK,RBL2_655_667,-0.12081252598533904
QIK,RBL2_655_667,-0.12081252598533904
RAD53,RBL2_655_667,-0.12081252598533904
RAF,RBL2_655_667,-0.12081252598533904
RIPK,RBL2_655_667,-0.12081252598533904
STE7,RBL2_655_667,-0.12081252598533904
VRK2,RBL2_655_667,-0.12081252598533904
BARK1,RB_242_254,-0.14675727175765818
CDK,RB_242_254,-0.14675727175765818
DYRK,RB_242_254,-0.14675727175765818
ERK,RB_242_254,-0.14675727175765818
IRAK,RB_242_254,-0.14675727175765818
P38,RB_242_254,-0.14675727175765818
PDK1,RB_242_254,-0.14675727175765818
PEK,RB_242_254,-0.14675727175765818
PKCA,RB_242_254,-0.14675727175765818
PLK,RB_242_254,-0.14675727175765818
VRK2,RB_242_254,-0.14675727175765818
ATR,RB_350_362,-0.00633771157027347
BARK1,RB_350_362,-0.00633771157027347
CDK,RB_350_362,-0.00633771157027347
DMPK,RB_350_362,-0.00633771157027347
DYRK,RB_350_362,-0.00633771157027347
PDHK,RB_350_362,-0.00633771157027347
PDK1,RB_350_362,-0.00633771157027347
PEK,RB_350_362,-0.00633771157027347
PHK,RB_350_362,-0.00633771157027347
PIM,RB_350_362,-0.00633771157027347
PKCA,RB_350_362,-0.00633771157027347
PRKDC,RB_350_362,-0.00633771157027347
QIK,RB_350_362,-0.00633771157027347
RSK,RB_350_362,-0.00633771157027347
VRK2,RB_350_362,-0.00633771157027347
BARK1,RB_803_815,-0.11939346022863352
CDK,RB_803_815,-0.11939346022863352
CK1,RB_803_815,-0.11939346022863352
DYRK,RB_803_815,-0.11939346022863352
ERK,RB_803_815,-0.11939346022863352
JNK,RB_803_815,-0.11939346022863352
QIK,RB_803_815,-0.11939346022863352
VRK2,RB_803_815,-0.11939346022863352
BARK1,REL_260_272,0.7129660208139518
CDK,REL_260_272,0.7129660208139518
CK1,REL_260_272,0.7129660208139518
DMPK,REL_260_272,0.7129660208139518
MAPKAPK,REL_260_272,0.7129660208139518
MARK,REL_260_272,0.7129660208139518
PAKA,REL_260_272,0.7129660208139518
PEK,REL_260_272,0.7129660208139518
PIM,REL_260_272,0.7129660208139518
PKCA,REL_260_272,0.7129660208139518
PKD,REL_260_272,0.7129660208139518
PKG,REL_260_272,0.7129660208139518
PLK,REL_260_272,0.7129660208139518
RSK,REL_260_272,0.7129660208139518
STE7,REL_260_272,0.7129660208139518
VRK2,REL_260_272,0.7129660208139518
AKT,RS6_228_240,0.41078502909481135
BARK1,RS6_228_240,0.41078502909481135
CAMK1,RS6_228_240,0.41078502909481135
CDK,RS6_228_240,0.41078502909481135
DAPK,RS6_228_240,0.41078502909481135
DMPK,RS6_228_240,0.41078502909481135
IKK,RS6_228_240,0.41078502909481135
MAPKAPK,RS6_228_240,0.41078502909481135
MELK,RS6_228_240,0.41078502909481135
PAKA,RS6_228_240,0.41078502909481135
PASK,RS6_228_240,0.41078502909481135
PDHK,RS6_228_240,0.41078502909481135
PEK,RS6_228_240,0.41078502909481135
PHK,RS6_228_240,0.41078502909481135
PIM,RS6_228_240,0.41078502909481135
PKA,RS6_228_240,0.41078502909481135
PKCA,RS6_228_240,0.41078502909481135
PKCD,RS6_228_240,0.41078502909481135
PKCI,RS6_228_240,0.41078502909481135
PKD,RS6_228_240,0.41078502909481135
PKG,RS6_228_240,0.41078502909481135
QIK,RS6_228_240,0.41078502909481135
RIPK,RS6_228_240,0.41078502909481135
RSK,RS6_228_240,0.41078502909481135
SGK,RS6_228_240,0.41078502909481135
VRK2,RS6_228_240,0.41078502909481135
BARK1,RYR1_4317_4329,0.2784187599263174
DMPK,RYR1_4317_4329,0.2784187599263174
PHK,RYR1_4317_4329,0.2784187599263174
PIM,RYR1_4317_4329,0.2784187599263174
PKA,RYR1_4317_4329,0.2784187599263174
PKCA,RYR1_4317_4329,0.2784187599263174
PKCH,RYR1_4317_4329,0.2784187599263174
PKG,RYR1_4317_4329,0.2784187599263174
RSK,RYR1_4317_4329,0.2784187599263174
VRK2,RYR1_4317_4329,0.2784187599263174
BARK1,SCN7A_898_910,0.6378048571776495
DMPK,SCN7A_898_910,0.6378048571776495
HAL,SCN7A_898_910,0.6378048571776495
IKK,SCN7A_898_910,0.6378048571776495
PHK,SCN7A_898_910,0.6378048571776495
PKA,SCN7A_898_910,0.6378048571776495
PKCA,SCN7A_898_910,0.6378048571776495
PKG,SCN7A_898_910,0.6378048571776495
RIPK,SCN7A_898_910,0.6378048571776495
RSK,SCN7A_898_910,0.6378048571776495
VRK2,SCN7A_898_910,0.6378048571776495
AUR,STK6_283_295,0.5162937231844479
BARK1,STK6_283_295,0.5162937231844479
CAMK1,STK6_283_295,0.5162937231844479
CAMK2,STK6_283_295,0.5162937231844479
CDK,STK6_283_295,0.5162937231844479
DMPK,STK6_283_295,0.5162937231844479
FRAY,STK6_283_295,0.5162937231844479
IKK,STK6_283_295,0.5162937231844479
IRAK,STK6_283_295,0.5162937231844479
LKB,STK6_283_295,0.5162937231844479
MELK,STK6_283_295,0.5162937231844479
MLK,STK6_283_295,0.5162937231844479
MTOR,STK6_283_295,0.5162937231844479
NDR,STK6_283_295,0.5162937231844479
NEK,STK6_283_295,0.5162937231844479
PAKA,STK6_283_295,0.5162937231844479
PDHK,STK6_283_295,0.5162937231844479
PDK1,STK6_283_295,0.5162937231844479
PEK,STK6_283_295,0.5162937231844479
PHK,STK6_283_295,0.5162937231844479
PKA,STK6_283_295,0.5162937231844479
PKCA,STK6_283_295,0.5162937231844479
PKCD,STK6_283_295,0.5162937231844479
PLK,STK6_283_295,0.5162937231844479
PRKDC,STK6_283_295,0.5162937231844479
QIK,STK6_283_295,0.5162937231844479
RAD53,STK6_283_295,0.5162937231844479
RSK,STK6_283_295,0.5162937231844479
STE7,STK6_283_295,0.5162937231844479
VRK2,STK6_283_295,0.5162937231844479
AKT,TAU_524_536,-0.09219229643520332
BARK1,TAU_524_536,-0.09219229643520332
CAMK1,TAU_524_536,-0.09219229643520332
CDK,TAU_524_536,-0.09219229643520332
DMPK,TAU_524_536,-0.09219229643520332
DYRK,TAU_524_536,-0.09219229643520332
ERK,TAU_524_536,-0.09219229643520332
GRK,TAU_524_536,-0.09219229643520332
GSK,TAU_524_536,-0.09219229643520332
IKK,TAU_524_536,-0.09219229643520332
JNK,TAU_524_536,-0.09219229643520332
MAPKAPK,TAU_524_536,-0.09219229643520332
MELK,TAU_524_536,-0.09219229643520332
MTOR,TAU_524_536,-0.09219229643520332
P38,TAU_524_536,-0.09219229643520332
PDK1,TAU_524_536,-0.09219229643520332
PEK,TAU_524_536,-0.09219229643520332
PHK,TAU_524_536,-0.09219229643520332
PIM,TAU_524_536,-0.09219229643520332
PKA,TAU_524_536,-0.09219229643520332
PKCA,TAU_524_536,-0.09219229643520332
PKD,TAU_524_536,-0.09219229643520332
PLK,TAU_524_536,-0.09219229643520332
QIK,TAU_524_536,-0.09219229643520332
RAF,TAU_524_536,-0.09219229643520332
RIPK,TAU_524_536,-0.09219229643520332
RSK,TAU_524_536,-0.09219229643520332
SGK,TAU_524_536,-0.09219229643520332
STE11,TAU_524_536,-0.09219229643520332
VRK2,TAU_524_536,-0.09219229643520332
AKT,TOP2A_1463_1475,0.4092363555911091
BARK1,TOP2A_1463_1475,0.4092363555911091
CDK,TOP2A_1463_1475,0.4092363555911091
CK1,TOP2A_1463_1475,0.4092363555911091
CK2,TOP2A_1463_1475,0.4092363555911091
DAPK,TOP2A_1463_1475,0.4092363555911091
DMPK,TOP2A_1463_1475,0.4092363555911091
IKK,TOP2A_1463_1475,0.4092363555911091
MLK,TOP2A_1463_1475,0.4092363555911091
NEK,TOP2A_1463_1475,0.4092363555911091
PAKA,TOP2A_1463_1475,0.4092363555911091
PEK,TOP2A_1463_1475,0.4092363555911091
PHK,TOP2A_1463_1475,0.4092363555911091
PIM,TOP2A_1463_1475,0.4092363555911091
PKA,TOP2A_1463_1475,0.4092363555911091
PKCA,TOP2A_1463_1475,0.4092363555911091
PKG,TOP2A_1463_1475,0.4092363555911091
PLK,TOP2A_1463_1475,0.4092363555911091
QIK,TOP2A_1463_1475,0.4092363555911091
RAD53,TOP2A_1463_1475,0.4092363555911091
RIPK,TOP2A_1463_1475,0.4092363555911091
RSK,TOP2A_1463_1475,0.4092363555911091
VRK2,TOP2A_1463_1475,0.4092363555911091
BARK1,TY3H_65_77,0.6357925259925429
CAMK2,TY3H_65_77,0.6357925259925429
MAPKAPK,TY3H_65_77,0.6357925259925429
PHK,TY3H_65_77,0.6357925259925429
PIM,TY3H_65_77,0.6357925259925429
PKA,TY3H_65_77,0.6357925259925429
PKCA,TY3H_65_77,0.6357925259925429
PKG,TY3H_65_77,0.6357925259925429
QIK,TY3H_65_77,0.6357925259925429
RIPK,TY3H_65_77,0.6357925259925429
RSK,TY3H_65_77,0.6357925259925429
VRK2,TY3H_65_77,0.6357925259925429
BARK1,VASP_150_162,0.7140641238559429
DMPK,VASP_150_162,0.7140641238559429
PHK,VASP_150_162,0.7140641238559429
PIM,VASP_150_162,0.7140641238559429
PKA,VASP_150_162,0.7140641238559429
PKCA,VASP_150_162,0.7140641238559429
PKD,VASP_150_162,0.7140641238559429
PKG,VASP_150_162,0.7140641238559429
RIPK,VASP_150_162,0.7140641238559429
RSK,VASP_150_162,0.7140641238559429
VRK2,VASP_150_162,0.7140641238559429
BARK1,VASP_232_244,-0.13236766431285543
CDK,VASP_232_244,-0.13236766431285543
DMPK,VASP_232_244,-0.13236766431285543
IKK,VASP_232_244,-0.13236766431285543
MAPKAPK,VASP_232_244,-0.13236766431285543
PHK,VASP_232_244,-0.13236766431285543
PIM,VASP_232_244,-0.13236766431285543
PKA,VASP_232_244,-0.13236766431285543
PKCA,VASP_232_244,-0.13236766431285543
PKCH,VASP_232_244,-0.13236766431285543
PKD,VASP_232_244,-0.13236766431285543
PKG,VASP_232_244,-0.13236766431285543
RIPK,VASP_232_244,-0.13236766431285543
RSK,VASP_232_244,-0.13236766431285543
VRK2,VASP_232_244,-0.13236766431285543
AKT,VASP_271_283,0.3116860486885618
ATR,VASP_271_283,0.3116860486885618
AMPK,VASP_271_283,0.3116860486885618
BARK1,VASP_271_283,0.3116860486885618
DMPK,VASP_271_283,0.3116860486885618
IKK,VASP_271_283,0.3116860486885618
PAKA,VASP_271_283,0.3116860486885618
PHK,VASP_271_283,0.3116860486885618
PIM,VASP_271_283,0.3116860486885618
PKA,VASP_271_283,0.3116860486885618
PKG,VASP_271_283,0.3116860486885618
RIPK,VASP_271_283,0.3116860486885618
RSK,VASP_271_283,0.3116860486885618
VRK2,VASP_271_283,0.3116860486885618
