Kinase,Score,Rank,Method,Perc,Qrt,group,KinaseFamily,subfamily,hgnc_symbol
SGK1,53.823714957593474,28,PTM-SEA,0.5921052631578947,3,AGC,SGK,SGK,SGK1
PIK3C2A,0,55,PTM-SEA,0,1,NA,NA,NA,PIK3C2A
CHEK1,-6.236736491016684,52,PTM-SEA,0.27631578947368424,2,CAMK,CAMKL,CHK1,CHEK1
AURKA,-84.23410711285511,12,PTM-SEA,0.8421052631578947,4,OTHER,AUR,AUR,AURKA
DAPK3,0,55,PTM-SEA,0,1,CAMK,DAPK,DAPK,DAPK3
RPS6KA5,-49.41221173151345,30,PTM-SEA,0.5657894736842105,3,AGC,RSK,MSK,RPS6KA5
CHEK2,94.26765109060163,5,PTM-SEA,0.9342105263157895,4,CAMK,RAD53,RAD53,CHEK2
RAF1,-18.901545608635075,49,PTM-SEA,0.3157894736842105,2,TKL,RAF,RAF,RAF1
PRKCG,0,55,PTM-SEA,0,1,AGC,PKC,ALPHA,PRKCG
PRKCB,-13.539945640912974,50,PTM-SEA,0.3026315789473684,2,AGC,PKC,ALPHA,PRKCB
CDK1,87.3141214662047,10,PTM-SEA,0.868421052631579,4,CMGC,CDK,CDC2,CDK1
ARAF,-77.38465781706861,14,PTM-SEA,0.8026315789473685,4,TKL,RAF,RAF,ARAF
PIM1,-74.64409996103885,18,PTM-SEA,0.75,4,CAMK,PIM,PIM,PIM1
CDK4,104.8432637451439,2,PTM-SEA,0.9736842105263158,4,CMGC,CDK,CDK4,CDK4
SRC,0,55,PTM-SEA,0,1,TK,SRC,SRCA,SRC
BRAF,-77.38465781706861,14,PTM-SEA,0.8026315789473685,4,TKL,RAF,RAF,BRAF
PRKCA,-49.03248697656032,31,PTM-SEA,0.5526315789473685,3,AGC,PKC,ALPHA,PRKCA
PRKACA,-28.295643956228275,45,PTM-SEA,0.3684210526315789,2,AGC,PKA,PKA,PRKACA
PRKACG,-56.48091919197989,26,PTM-SEA,0.618421052631579,3,AGC,PKA,PKA,PRKACG
PRKACB,-72.56994045838414,21,PTM-SEA,0.6842105263157895,3,AGC,PKA,PKA,PRKACB
RPS6KB1,24.509510562121914,47,PTM-SEA,0.34210526315789475,2,AGC,RSK,P70,RPS6KB1
CDK2,65.8831609226883,24,PTM-SEA,0.6447368421052632,3,CMGC,CDK,CDC2,CDK2
MAPK3,35.033279789029564,40,PTM-SEA,0.4342105263157895,2,CMGC,MAPK,ERK1,MAPK3
MAPK1,75.62502250726023,16,PTM-SEA,0.7763157894736842,4,CMGC,MAPK,ERK1,MAPK1
AKT1,-41.5078989915373,35,PTM-SEA,0.5,3,AGC,AKT,AKT,AKT1
AKT2,-28.106188006449816,46,PTM-SEA,0.35526315789473684,2,AGC,AKT,AKT,AKT2
MAP3K8,31.880237915988285,43,PTM-SEA,0.39473684210526316,2,STE,STE-UNIQUE,STE-UNIQUE,MAP3K8
PRKCI,-72.56994045838414,21,PTM-SEA,0.6842105263157895,3,AGC,PKC,IOTA,PRKCI
MTOR,0,55,PTM-SEA,0,1,ATYPICAL,PIKK,FRAP,MTOR
MAPK8,62.129010906034445,25,PTM-SEA,0.631578947368421,3,CMGC,MAPK,JNK,MAPK8
MAPK9,0,55,PTM-SEA,0,1,CMGC,MAPK,JNK,MAPK9
MAPKAPK2,38.23609262689184,36,PTM-SEA,0.4868421052631579,2,CAMK,MAPKAPK,MAPKAPK,MAPKAPK2
GSK3B,86.22275760574652,11,PTM-SEA,0.8552631578947368,4,CMGC,GSK,GSK,GSK3B
CDK7,-51.88576779026218,29,PTM-SEA,0.5789473684210527,3,CMGC,CDK,CDK7,CDK7
CDK9,110.32022471910112,1,PTM-SEA,0.9868421052631579,4,CMGC,CDK,CDK9,CDK9
RPS6KA3,45.449494851056684,33,PTM-SEA,0.5263157894736842,3,AGC,RSK,RSK,RPS6KA3
NEK2,0,55,PTM-SEA,0,1,OTHER,NEK,NEK2,NEK2
DAPK1,3.643788059813046,53,PTM-SEA,0.2631578947368421,2,CAMK,DAPK,DAPK,DAPK1
MAPK10,103.26779026217227,3,PTM-SEA,0.9605263157894737,4,CMGC,MAPK,JNK,MAPK10
PRKAA2,66.8684429657286,22,PTM-SEA,0.6710526315789473,3,CAMK,CAMKL,AMPK,PRKAA2
SIK1,102.26029962546815,4,PTM-SEA,0.9473684210526315,4,CAMK,CAMKL,QIK,SIK1
CSNK2A1,-33.26276488232655,42,PTM-SEA,0.40789473684210525,2,CMGC,CK2,CK2,CSNK2A1
PRKDC,56.41947565543071,27,PTM-SEA,0.6052631578947368,3,ATYPICAL,PIKK,DNAPK,PRKDC
ATM,0,55,PTM-SEA,0,1,ATYPICAL,PIKK,ATM,ATM
AURKB,73.94778538616502,20,PTM-SEA,0.7236842105263158,3,OTHER,AUR,AUR,AURKB
CDK3,0,55,PTM-SEA,0,1,CMGC,CDK,CDC2,CDK3
CDK6,110.32022471910112,1,PTM-SEA,0.9868421052631579,4,CMGC,CDK,CDK4,CDK6
CDK5,93.09891717029417,8,PTM-SEA,0.8947368421052632,4,CMGC,CDK,CDK5,CDK5
PRKCE,-36.639778428042895,39,PTM-SEA,0.4473684210526316,2,AGC,PKC,ETA,PRKCE
PRKCQ,-22.78150955650321,48,PTM-SEA,0.32894736842105265,2,AGC,PKC,DELTA,PRKCQ
PRKCZ,-75.70035545610772,15,PTM-SEA,0.7894736842105263,4,AGC,PKC,IOTA,PRKCZ
PRKCD,-34.36535462792223,41,PTM-SEA,0.42105263157894735,2,AGC,PKC,DELTA,PRKCD
PRKAA1,47.712726940161375,32,PTM-SEA,0.5394736842105263,3,CAMK,CAMKL,AMPK,PRKAA1
PAK1,-8.596171908924765,51,PTM-SEA,0.2894736842105263,2,STE,STE20,PAKA,PAK1
PAK2,79.0880149812734,13,PTM-SEA,0.8289473684210527,4,STE,STE20,PAKA,PAK2
PRKG2,42.53206902564193,34,PTM-SEA,0.5131578947368421,3,AGC,PKG,PKG,PRKG2
ROCK1,-74.76397793395178,17,PTM-SEA,0.7631578947368421,4,AGC,DMPK,ROCK,ROCK1
ATR,0,55,PTM-SEA,0,1,ATYPICAL,PIKK,ATR,ATR
CAMK2G,0,55,PTM-SEA,0,1,CAMK,CAMK2,CAMK2,CAMK2G
DYRK1A,88.40135654076349,9,PTM-SEA,0.881578947368421,4,CMGC,DYRK,DYRK1,DYRK1A
PRKG1,-37.31775209497558,37,PTM-SEA,0.47368421052631576,2,AGC,PKG,PKG,PRKG1
PRKD1,-93.95955023336967,6,PTM-SEA,0.9210526315789473,4,CAMK,PKD,PKD,PRKD1
RPS6KA2,-93.82820530709047,7,PTM-SEA,0.9078947368421053,4,AGC,RSK,RSK,RPS6KA2
RPS6KA1,-1.9731616222874924,54,PTM-SEA,0.25,2,AGC,RSK,RSK,RPS6KA1
PKN1,-66.1989755077265,23,PTM-SEA,0.6578947368421053,3,AGC,PKN,PKN,PKN1
MAPK14,37.21452346281469,38,PTM-SEA,0.4605263157894737,2,CMGC,MAPK,P38,MAPK14
PIM3,-72.56994045838414,21,PTM-SEA,0.6842105263157895,3,CAMK,PIM,PIM,PIM3
BRSK2,0,55,PTM-SEA,0,1,CAMK,CAMKL,BRSK,BRSK2
BRSK1,0,55,PTM-SEA,0,1,CAMK,CAMKL,BRSK,BRSK1
DYRK2,0,55,PTM-SEA,0,1,CMGC,DYRK,DYRK2,DYRK2
PASK,0,55,PTM-SEA,0,1,CAMK,CAMKL,PASK,PASK
VRK1,0,55,PTM-SEA,0,1,CK1,VRK,VRK,VRK1
PRKD2,0,55,PTM-SEA,0,1,CAMK,PKD,PKD,PRKD2
PLK3,0,55,PTM-SEA,0,1,OTHER,PLK,PLK2,PLK3
NEK6,0,55,PTM-SEA,0,1,OTHER,NEK,NEK6,NEK6
PIM2,-73.95003295438453,19,PTM-SEA,0.7368421052631579,3,CAMK,PIM,PIM,PIM2
AKT3,-28.897101070461456,44,PTM-SEA,0.3815789473684211,2,AGC,AKT,AKT,AKT3
AAK1,302,274,KEA3,0.08857142857142856,1,OTHER,NAK,BIKE,AAK1
ABL1,76.66666666666667,62,KEA3,0.8057142857142857,4,TK,ABL,ABL,ABL1
ABL2,78.66666666666667,66,KEA3,0.7914285714285715,4,TK,ABL,ABL,ABL2
ACVR1,85.5,75,KEA3,0.76,4,TKL,STKR,TYPE1,ACVR1
ACVR1B,154,159,KEA3,0.46,2,TKL,STKR,TYPE1,ACVR1B
ACVR2B,211,215,KEA3,0.2742857142857143,2,TKL,STKR,TYPE2,ACVR2B
AKT1,35,21,KEA3,0.9428571428571428,4,AGC,AKT,AKT,AKT1
AKT2,47.666666666666664,30,KEA3,0.9142857142857143,4,AGC,AKT,AKT,AKT2
AKT3,111,112,KEA3,0.64,3,AGC,AKT,AKT,AKT3
ALK,72.5,55,KEA3,0.8285714285714286,4,TK,ALK,ALK,ALK
ARAF,101,97,KEA3,0.6857142857142857,3,TKL,RAF,RAF,ARAF
ATM,132.66666666666666,132,KEA3,0.5628571428571428,3,ATYPICAL,PIKK,ATM,ATM
ATR,87,77,KEA3,0.7514285714285714,4,ATYPICAL,PIKK,ATR,ATR
AURKA,58,41,KEA3,0.88,4,OTHER,AUR,AUR,AURKA
AURKB,64.66666666666667,47,KEA3,0.8542857142857143,4,OTHER,AUR,AUR,AURKB
AURKC,185,195,KEA3,0.34,2,OTHER,AUR,AUR,AURKC
AXL,205,212,KEA3,0.28285714285714286,2,TK,AXL,AXL,AXL
BLK,258,248,KEA3,0.1657142857142857,1,TK,SRC,SRCB,BLK
BMP2K,325,293,KEA3,0.03428571428571429,1,OTHER,NAK,BIKE,BMP2K
BMPR1A,131,128,KEA3,0.5771428571428572,3,TKL,STKR,TYPE1,BMPR1A
BMPR1B,120,118,KEA3,0.6142857142857143,3,TKL,STKR,TYPE1,BMPR1B
BMPR2,219.5,221,KEA3,0.2542857142857143,2,TKL,STKR,TYPE2,BMPR2
BMX,126,122,KEA3,0.5971428571428572,3,TK,TEC,TEC,BMX
BRAF,93.5,88,KEA3,0.7171428571428572,3,TKL,RAF,RAF,BRAF
BRSK1,224.66666666666666,225,KEA3,0.24,1,CAMK,CAMKL,BRSK,BRSK1
BRSK2,307,279,KEA3,0.07428571428571429,1,CAMK,CAMKL,BRSK,BRSK2
BTK,94,89,KEA3,0.7114285714285714,3,TK,TEC,TEC,BTK
BUB1,180,191,KEA3,0.35714285714285715,2,OTHER,BUB,BUB,BUB1
CAMK1,171,179,KEA3,0.39714285714285713,2,CAMK,CAMK1,CAMK1,CAMK1
CAMK1D,247,243,KEA3,0.18285714285714286,1,CAMK,CAMK1,CAMK1,CAMK1D
CAMK2A,27.333333333333332,17,KEA3,0.9542857142857143,4,CAMK,CAMK2,CAMK2,CAMK2A
CAMK2B,131.5,129,KEA3,0.5742857142857143,3,CAMK,CAMK2,CAMK2,CAMK2B
CAMK2D,91.66666666666667,84,KEA3,0.7314285714285714,3,CAMK,CAMK2,CAMK2,CAMK2D
CAMK2G,24,12,KEA3,0.9685714285714285,4,CAMK,CAMK2,CAMK2,CAMK2G
CAMK4,94,89,KEA3,0.7114285714285714,3,CAMK,CAMK1,CAMK1,CAMK4
CAMKK1,160,167,KEA3,0.43714285714285717,2,OTHER,CAMKK,META,CAMKK1
CAMKK2,195.5,205,KEA3,0.30857142857142855,2,OTHER,CAMKK,META,CAMKK2
CDC42BPA,289,265,KEA3,0.11428571428571428,1,AGC,DMPK,GEK,CDC42BPA
CDC7,203,210,KEA3,0.2914285714285714,2,OTHER,CDC7,CDC7,CDC7
CDK1,13.5,5,KEA3,0.9885714285714285,4,CMGC,CDK,CDC2,CDK1
CDK11A,333,299,KEA3,0.017142857142857144,1,CMGC,CDK,CDK11,CDK11A
CDK11A,333,299,KEA3,0.017142857142857144,1,NA,NA,NA,CDK11A
CDK12,317,287,KEA3,0.05142857142857143,1,CMGC,CDK,CRK7,CDK12
CDK15,273,254,KEA3,0.14857142857142858,1,CMGC,CDK,PFTAIRE,CDK15
CDK16,259,249,KEA3,0.16285714285714287,1,CMGC,CDK,PCTAIRE,CDK16
CDK18,252,247,KEA3,0.16857142857142857,1,CMGC,CDK,PCTAIRE,CDK18
CDK19,143,145,KEA3,0.52,3,CMGC,CDK,CDK8,CDK19
CDK2,48.666666666666664,32,KEA3,0.9057142857142857,4,CMGC,CDK,CDC2,CDK2
CDK20,130,127,KEA3,0.5828571428571429,3,CMGC,CDK,CCRK,CDK20
CDK3,63.333333333333336,46,KEA3,0.86,4,CMGC,CDK,CDC2,CDK3
CDK4,51.333333333333336,33,KEA3,0.9028571428571428,4,CMGC,CDK,CDK4,CDK4
CDK5,33.333333333333336,20,KEA3,0.9457142857142857,4,CMGC,CDK,CDK5,CDK5
CDK6,60.666666666666664,44,KEA3,0.8685714285714285,4,CMGC,CDK,CDK4,CDK6
CDK7,128.33333333333334,125,KEA3,0.5885714285714285,3,CMGC,CDK,CDK7,CDK7
CDK8,101.5,98,KEA3,0.6828571428571428,3,CMGC,CDK,CDK8,CDK8
CDK9,93,87,KEA3,0.72,3,CMGC,CDK,CDK9,CDK9
CDKL3,306,278,KEA3,0.07714285714285714,1,CMGC,CDKL,CDKL,CDKL3
CDKL5,122.5,119,KEA3,0.6114285714285714,3,CMGC,CDKL,CDKL,CDKL5
CHEK1,13,4,KEA3,0.9914285714285714,4,CAMK,CAMKL,CHK1,CHEK1
CHEK2,59,43,KEA3,0.8714285714285714,4,CAMK,RAD53,RAD53,CHEK2
CHUK,73,56,KEA3,0.8257142857142857,4,OTHER,IKK,IKK,CHUK
CLK1,158.5,166,KEA3,0.44,2,CMGC,CLK,CLK,CLK1
CLK2,156.5,162,KEA3,0.4514285714285714,2,CMGC,CLK,CLK,CLK2
CLK3,170,177,KEA3,0.4057142857142857,2,CMGC,CLK,CLK,CLK3
CLK4,322,291,KEA3,0.04,1,CMGC,CLK,CLK,CLK4
CSF1R,196,207,KEA3,0.3028571428571429,2,TK,PDGFR,PDGFR,CSF1R
CSK,165,170,KEA3,0.4257142857142857,2,TK,CSK,CSK,CSK
CSNK1A1,80,68,KEA3,0.7857142857142857,4,CK1,CK1,CK1-A,CSNK1A1
CSNK1A1L,338,304,KEA3,0.002857142857142857,1,CK1,CK1,CK1-A,CSNK1A1L
CSNK1D,54,38,KEA3,0.8885714285714286,4,CK1,CK1,CK1-D,CSNK1D
CSNK1E,98.66666666666667,94,KEA3,0.6971428571428572,3,CK1,CK1,CK1-D,CSNK1E
CSNK1G1,209.5,214,KEA3,0.27714285714285714,2,CK1,CK1,CK1-G,CSNK1G1
CSNK1G2,232.5,230,KEA3,0.22285714285714286,1,CK1,CK1,CK1-G,CSNK1G2
CSNK1G3,270,252,KEA3,0.15428571428571428,1,CK1,CK1,CK1-G,CSNK1G3
CSNK2A1,73.33333333333333,57,KEA3,0.8228571428571428,4,CMGC,CK2,CK2,CSNK2A1
CSNK2A2,110.66666666666667,111,KEA3,0.6428571428571429,3,CMGC,CK2,CK2,CSNK2A2
DAPK1,152,154,KEA3,0.47714285714285715,2,CAMK,DAPK,DAPK,DAPK1
DAPK3,153.33333333333334,156,KEA3,0.4714285714285714,2,CAMK,DAPK,DAPK,DAPK3
DCLK1,93,87,KEA3,0.72,3,CAMK,DCAMKL,DCAMKL,DCLK1
DDR1,78.5,65,KEA3,0.7971428571428572,4,TK,DDR,DDR,DDR1
DDR2,109,108,KEA3,0.6514285714285715,3,TK,DDR,DDR,DDR2
DMPK,104,103,KEA3,0.6685714285714286,3,AGC,DMPK,GEK,DMPK
DYRK1A,70.66666666666667,52,KEA3,0.8371428571428572,4,CMGC,DYRK,DYRK1,DYRK1A
DYRK1B,80.33333333333333,69,KEA3,0.7828571428571428,4,CMGC,DYRK,DYRK1,DYRK1B
DYRK2,84.66666666666667,74,KEA3,0.7657142857142857,4,CMGC,DYRK,DYRK2,DYRK2
DYRK3,185.5,196,KEA3,0.33714285714285713,2,CMGC,DYRK,DYRK2,DYRK3
DYRK4,109.5,109,KEA3,0.6485714285714286,3,CMGC,DYRK,DYRK2,DYRK4
EEF2K,148,151,KEA3,0.4942857142857143,2,ATYPICAL,ALPHA,EEF2K,EEF2K
EGFR,68.33333333333333,51,KEA3,0.84,4,TK,EGFR,EGFR,EGFR
EIF2AK1,316,286,KEA3,0.054285714285714284,1,OTHER,PEK,HRI,EIF2AK1
EIF2AK2,106,105,KEA3,0.66,3,OTHER,PEK,PKR,EIF2AK2
EIF2AK3,336,302,KEA3,0.008571428571428572,1,OTHER,PEK,PEK,EIF2AK3
EPHA2,321,290,KEA3,0.04285714285714286,1,TK,EPH,EPH,EPHA2
EPHA3,149.5,152,KEA3,0.49142857142857144,2,TK,EPH,EPH,EPHA3
EPHA4,326,294,KEA3,0.03142857142857143,1,TK,EPH,EPH,EPHA4
EPHA8,335,301,KEA3,0.011428571428571429,1,TK,EPH,EPH,EPHA8
EPHB1,323,292,KEA3,0.037142857142857144,1,TK,EPH,EPH,EPHB1
EPHB2,234,232,KEA3,0.21714285714285714,1,TK,EPH,EPH,EPHB2
EPHB3,182,192,KEA3,0.3514285714285714,2,TK,EPH,EPH,EPHB3
ERBB2,88.5,79,KEA3,0.7457142857142857,3,TK,EGFR,EGFR,ERBB2
ERBB4,205,212,KEA3,0.28285714285714286,2,TK,EGFR,EGFR,ERBB4
FASTK,239,237,KEA3,0.2,1,ATYPICAL,FAST,FAST,FASTK
FER,20.5,10,KEA3,0.9742857142857143,4,TK,FER,FER,FER
FES,245,242,KEA3,0.18571428571428572,1,TK,FER,FER,FES
FGFR1,168.66666666666666,176,KEA3,0.4085714285714286,2,TK,FGFR,FGFR,FGFR1
FGFR2,177.5,188,KEA3,0.3657142857142857,2,TK,FGFR,FGFR,FGFR2
FGFR3,170.5,178,KEA3,0.40285714285714286,2,TK,FGFR,FGFR,FGFR3
FGFR4,89.5,82,KEA3,0.7371428571428571,3,TK,FGFR,FGFR,FGFR4
FGR,63,45,KEA3,0.8628571428571429,4,TK,SRC,SRCA,FGR
FLT1,308,280,KEA3,0.07142857142857142,1,TK,VEGFR,VEGFR,FLT1
FLT3,154,159,KEA3,0.46,2,TK,PDGFR,PDGFR,FLT3
FLT4,276,256,KEA3,0.14,1,TK,VEGFR,VEGFR,FLT4
FRK,202,209,KEA3,0.29714285714285715,2,TK,SRC,FRK,FRK
FYN,31,18,KEA3,0.9514285714285714,4,TK,SRC,SRCA,FYN
GRK1,331,298,KEA3,0.02,1,AGC,GRK,GRK,GRK1
GRK2,52.333333333333336,35,KEA3,0.8971428571428571,4,AGC,GRK,BARK,GRK2
GRK3,230.5,228,KEA3,0.22857142857142856,1,AGC,GRK,BARK,GRK3
GRK5,156.66666666666666,163,KEA3,0.44857142857142857,2,AGC,GRK,GRK,GRK5
GRK6,172.33333333333334,180,KEA3,0.3942857142857143,2,AGC,GRK,GRK,GRK6
GSK3A,48.666666666666664,32,KEA3,0.9057142857142857,4,CMGC,GSK,GSK,GSK3A
GSK3B,25.333333333333332,13,KEA3,0.9657142857142857,4,CMGC,GSK,GSK,GSK3B
HASPIN,221,223,KEA3,0.24571428571428572,1,OTHER,HASPIN,HASPIN,HASPIN
HCK,137,138,KEA3,0.54,3,TK,SRC,SRCB,HCK
HIPK1,110,110,KEA3,0.6457142857142857,3,CMGC,DYRK,HIPK,HIPK1
HIPK2,153.66666666666666,158,KEA3,0.4657142857142857,2,CMGC,DYRK,HIPK,HIPK2
HIPK3,295,270,KEA3,0.1,1,CMGC,DYRK,HIPK,HIPK3
HIPK4,81,71,KEA3,0.7742857142857142,4,CMGC,DYRK,HIPK,HIPK4
ICK,287,263,KEA3,0.12,1,CMGC,RCK,RCK,CILK1
IGF1R,194.33333333333334,204,KEA3,0.31142857142857144,2,TK,INSR,INSR,IGF1R
IKBKB,85.66666666666667,76,KEA3,0.7571428571428571,4,OTHER,IKK,IKK,IKBKB
IKBKE,99,95,KEA3,0.6914285714285714,3,OTHER,IKK,IKK,IKBKE
ILK,102,99,KEA3,0.68,3,TKL,MLK,ILK,ILK
INSR,105.33333333333333,104,KEA3,0.6628571428571428,3,TK,INSR,INSR,INSR
IRAK1,163,169,KEA3,0.43142857142857144,2,TKL,IRAK,IRAK,IRAK1
IRAK3,251.5,246,KEA3,0.17142857142857143,1,TKL,IRAK,IRAK,IRAK3
IRAK4,294,269,KEA3,0.10285714285714286,1,TKL,IRAK,IRAK,IRAK4
ITK,154.66666666666666,160,KEA3,0.45714285714285713,2,TK,TEC,TEC,ITK
JAK1,173.5,182,KEA3,0.38857142857142857,2,TK,JAKA,JAKA,JAK1
JAK2,75,59,KEA3,0.8171428571428572,4,TK,JAKA,JAKA,JAK2
JAK3,132.33333333333334,131,KEA3,0.5685714285714286,3,TK,JAKA,JAKA,JAK3
KDR,304,276,KEA3,0.08285714285714285,1,TK,VEGFR,VEGFR,KDR
KIT,260,250,KEA3,0.16,1,TK,PDGFR,PDGFR,KIT
KSR1,174,183,KEA3,0.38571428571428573,2,TKL,RAF,KSR,KSR1
KSR2,139,140,KEA3,0.5342857142857143,3,TKL,RAF,KSR,KSR2
LATS1,167.66666666666666,174,KEA3,0.4142857142857143,2,AGC,NDR,NDR,LATS1
LATS2,125.5,121,KEA3,0.6028571428571429,3,AGC,NDR,NDR,LATS2
LCK,51.666666666666664,34,KEA3,0.9,4,TK,SRC,SRCB,LCK
LIMK1,288,264,KEA3,0.11714285714285715,1,TKL,LISK,LIMK,LIMK1
LIMK2,177.5,188,KEA3,0.3657142857142857,2,TKL,LISK,LIMK,LIMK2
LRRK2,96.5,90,KEA3,0.7085714285714285,3,TKL,LRRK,LRRK,LRRK2
LYN,106.33333333333333,106,KEA3,0.6571428571428571,3,TK,SRC,SRCB,LYN
MAK,272,253,KEA3,0.15142857142857144,1,CMGC,RCK,RCK,MAK
MAP2K1,37,24,KEA3,0.9342857142857143,4,STE,STE7,MEK1,MAP2K1
MAP2K2,171,179,KEA3,0.39714285714285713,2,STE,STE7,MEK1,MAP2K2
MAP2K3,116,115,KEA3,0.6285714285714286,3,STE,STE7,MEK3,MAP2K3
MAP2K4,114.33333333333333,114,KEA3,0.6342857142857142,3,STE,STE7,MEK4,MAP2K4
MAP2K6,147.33333333333334,150,KEA3,0.49714285714285716,2,STE,STE7,MEK3,MAP2K6
MAP2K7,98.5,93,KEA3,0.7,3,STE,STE7,MEK7,MAP2K7
MAP3K1,193,201,KEA3,0.32,2,STE,STE11,MEKK1,MAP3K1
MAP3K10,277,257,KEA3,0.13714285714285715,1,TKL,MLK,MLK,MAP3K10
MAP3K11,195.66666666666666,206,KEA3,0.3057142857142857,2,TKL,MLK,MLK,MAP3K11
MAP3K13,251.5,246,KEA3,0.17142857142857143,1,TKL,MLK,LZK,MAP3K13
MAP3K14,157.33333333333334,165,KEA3,0.44285714285714284,2,STE,STE-UNIQUE,STE-UNIQUE,MAP3K14
MAP3K20,147,149,KEA3,0.5028571428571429,3,TKL,MLK,ZAK,MAP3K20
MAP3K3,236,234,KEA3,0.21142857142857144,1,STE,STE11,MEKK2,MAP3K3
MAP3K4,221,223,KEA3,0.24571428571428572,1,STE,STE11,MEKK4,MAP3K4
MAP3K5,147.33333333333334,150,KEA3,0.49714285714285716,2,STE,STE11,ASK,MAP3K5
MAP3K6,98,92,KEA3,0.7028571428571428,3,STE,STE11,ASK,MAP3K6
MAP3K7,133.33333333333334,133,KEA3,0.56,3,TKL,MLK,TAK1,MAP3K7
MAP3K8,85.5,75,KEA3,0.76,4,STE,STE-UNIQUE,STE-UNIQUE,MAP3K8
MAP4K1,274,255,KEA3,0.14285714285714285,1,STE,STE20,KHS,MAP4K1
MAP4K2,193,201,KEA3,0.32,2,STE,STE20,KHS,MAP4K2
MAP4K3,298,272,KEA3,0.09428571428571429,1,STE,STE20,KHS,MAP4K3
MAP4K4,213,216,KEA3,0.2714285714285714,2,STE,STE20,MSN,MAP4K4
MAP4K5,175,185,KEA3,0.38,2,STE,STE20,KHS,MAP4K5
MAPK1,25.333333333333336,14,KEA3,0.9628571428571429,4,CMGC,MAPK,ERK1,MAPK1
MAPK10,145.33333333333334,146,KEA3,0.5171428571428571,3,CMGC,MAPK,JNK,MAPK10
MAPK11,103.33333333333333,101,KEA3,0.6742857142857143,3,CMGC,MAPK,P38,MAPK11
MAPK12,40.666666666666664,26,KEA3,0.9285714285714286,4,CMGC,MAPK,P38,MAPK12
MAPK13,99.33333333333333,96,KEA3,0.6885714285714286,3,CMGC,MAPK,P38,MAPK13
MAPK14,26.666666666666668,16,KEA3,0.9571428571428572,4,CMGC,MAPK,P38,MAPK14
MAPK15,203.5,211,KEA3,0.2885714285714286,2,CMGC,MAPK,ERK7,MAPK15
MAPK3,40.66666666666667,27,KEA3,0.9257142857142857,4,CMGC,MAPK,ERK1,MAPK3
MAPK6,236.5,235,KEA3,0.20857142857142857,1,CMGC,MAPK,ERK3,MAPK6
MAPK7,132.66666666666666,132,KEA3,0.5628571428571428,3,CMGC,MAPK,ERK5,MAPK7
MAPK8,75.66666666666667,60,KEA3,0.8114285714285714,4,CMGC,MAPK,JNK,MAPK8
MAPK9,76,61,KEA3,0.8085714285714286,4,CMGC,MAPK,JNK,MAPK9
MAPKAPK2,88.66666666666667,80,KEA3,0.7428571428571429,3,CAMK,MAPKAPK,MAPKAPK,MAPKAPK2
MAPKAPK3,301,273,KEA3,0.09142857142857143,1,CAMK,MAPKAPK,MAPKAPK,MAPKAPK3
MAPKAPK5,77,63,KEA3,0.8028571428571428,4,CAMK,MAPKAPK,MAPKAPK,MAPKAPK5
MARK2,103.66666666666667,102,KEA3,0.6714285714285714,3,CAMK,CAMKL,MARK,MARK2
MARK3,187,198,KEA3,0.3314285714285714,2,CAMK,CAMKL,MARK,MARK3
MARK4,334,300,KEA3,0.014285714285714285,1,CAMK,CAMKL,MARK,MARK4
MAST1,235.5,233,KEA3,0.21428571428571427,1,AGC,MAST,MAST,MAST1
MAST2,315,285,KEA3,0.05714285714285714,1,AGC,MAST,MAST,MAST2
MATK,132,130,KEA3,0.5714285714285714,3,TK,CSK,CSK,MATK
MELK,222,224,KEA3,0.24285714285714285,1,CAMK,CAMKL,MELK,MELK
MERTK,153,155,KEA3,0.4742857142857143,2,TK,AXL,AXL,MERTK
MET,122.66666666666667,120,KEA3,0.6085714285714285,3,TK,MET,MET,MET
MKNK1,99,95,KEA3,0.6914285714285714,3,CAMK,MAPKAPK,MNK,MKNK1
MKNK2,153.5,157,KEA3,0.4685714285714286,2,CAMK,MAPKAPK,MNK,MKNK2
MOK,203,210,KEA3,0.2914285714285714,2,CMGC,RCK,RCK,MOK
MOS,305,277,KEA3,0.08,1,OTHER,MOS,MOS,MOS
MST1R,284,262,KEA3,0.12285714285714286,1,TK,MET,MET,MST1R
MTOR,129,126,KEA3,0.5857142857142857,3,ATYPICAL,PIKK,FRAP,MTOR
MYLK2,193.5,202,KEA3,0.3171428571428571,2,CAMK,MLCK,MLCK,MYLK2
MYO3A,280,260,KEA3,0.12857142857142856,1,STE,STE20,NINAC,MYO3A
NEK10,292,267,KEA3,0.10857142857142857,1,OTHER,NEK,NEK10,NEK10
NEK11,314,284,KEA3,0.06,1,OTHER,NEK,NEK11,NEK11
NEK2,71.66666666666667,54,KEA3,0.8314285714285714,4,OTHER,NEK,NEK2,NEK2
NEK3,186,197,KEA3,0.3342857142857143,2,OTHER,NEK,NEK1,NEK3
NEK4,194,203,KEA3,0.3142857142857143,2,OTHER,NEK,NEK4,NEK4
NEK6,47.333333333333336,29,KEA3,0.9171428571428571,4,OTHER,NEK,NEK6,NEK6
NEK8,226,226,KEA3,0.2342857142857143,1,OTHER,NEK,NEK8,NEK8
NEK9,107,107,KEA3,0.6542857142857142,3,OTHER,NEK,NEK8,NEK9
NIM1K,278,258,KEA3,0.13428571428571429,1,CAMK,CAMKL,NIM1,NIM1K
NLK,146.66666666666666,148,KEA3,0.5085714285714286,3,CMGC,MAPK,NMO,NLK
NPR2,112,113,KEA3,0.6371428571428571,3,RGC,RGC,RGC,NPR2
NRBP2,227,227,KEA3,0.23142857142857143,1,OTHER,NRBP,NRBP,NRBP2
NTRK1,36,23,KEA3,0.9371428571428572,4,TK,TRK,TRK,NTRK1
NTRK2,87,77,KEA3,0.7514285714285714,4,TK,TRK,TRK,NTRK2
NTRK3,190,200,KEA3,0.32571428571428573,2,TK,TRK,TRK,NTRK3
NUAK1,142.66666666666666,144,KEA3,0.5228571428571429,3,CAMK,CAMKL,NUAK,NUAK1
NUAK2,233,231,KEA3,0.22,1,CAMK,CAMKL,NUAK,NUAK2
OXSR1,274,255,KEA3,0.14285714285714285,1,STE,STE20,FRAY,OXSR1
PAK1,26,15,KEA3,0.96,4,STE,STE20,PAKA,PAK1
PAK2,135.33333333333334,137,KEA3,0.5428571428571428,3,STE,STE20,PAKA,PAK2
PAK3,176,186,KEA3,0.3742857142857143,2,STE,STE20,PAKA,PAK3
PAK4,80.66666666666667,70,KEA3,0.7771428571428571,4,STE,STE20,PAKB,PAK4
PAK5,328,296,KEA3,0.025714285714285714,1,STE,STE20,PAKB,PAK5
PAK6,168.5,175,KEA3,0.4114285714285714,2,STE,STE20,PAKB,PAK6
PASK,231,229,KEA3,0.2257142857142857,1,CAMK,CAMKL,PASK,PASK
PBK,78.66666666666667,66,KEA3,0.7914285714285715,4,OTHER,TOPK,TOPK,PBK
PDGFRA,165,170,KEA3,0.4257142857142857,2,TK,PDGFR,PDGFR,PDGFRA
PDGFRB,137.33333333333334,139,KEA3,0.5371428571428571,3,TK,PDGFR,PDGFR,PDGFRB
PDIK1L,303,275,KEA3,0.08571428571428572,1,OTHER,NKF4,NKF4,PDIK1L
PDK1,152,154,KEA3,0.47714285714285715,2,ATYPICAL,PDHK,PDHK,PDK1
PDPK1,147,149,KEA3,0.5028571428571429,3,AGC,PDK1,PDK1,PDPK1
PIK3CA,226,226,KEA3,0.2342857142857143,1,NA,NA,NA,PIK3CA
PIK3CB,337,303,KEA3,0.005714285714285714,1,NA,NA,NA,PIK3CB
PIK3CG,312,283,KEA3,0.06285714285714286,1,NA,NA,NA,PIK3CG
PIK3R4,90,83,KEA3,0.7342857142857143,3,OTHER,VPS15,VPS15,PIK3R4
PIM1,31.666666666666668,19,KEA3,0.9485714285714286,4,CAMK,PIM,PIM,PIM1
PIM2,152,154,KEA3,0.47714285714285715,2,CAMK,PIM,PIM,PIM2
PINK1,150,153,KEA3,0.4857142857142857,2,OTHER,NKF2,NKF2,PINK1
PKMYT1,290,266,KEA3,0.11142857142857143,1,OTHER,WEE,WEE,PKMYT1
PKN1,58.333333333333336,42,KEA3,0.8771428571428571,4,AGC,PKN,PKN,PKN1
PLK1,87.66666666666667,78,KEA3,0.7485714285714286,3,OTHER,PLK,PLK1,PLK1
PLK2,155.5,161,KEA3,0.4542857142857143,2,OTHER,PLK,PLK2,PLK2
PLK3,81.66666666666667,72,KEA3,0.7714285714285715,4,OTHER,PLK,PLK2,PLK3
PLK4,134,136,KEA3,0.5457142857142857,3,OTHER,PLK,SAK,PLK4
PNCK,177,187,KEA3,0.37142857142857144,2,CAMK,CAMK1,CAMK1,PNCK
PRKAA1,14.333333333333334,6,KEA3,0.9857142857142858,4,CAMK,CAMKL,AMPK,PRKAA1
PRKAA2,68.33333333333333,51,KEA3,0.84,4,CAMK,CAMKL,AMPK,PRKAA2
PRKACA,19,9,KEA3,0.9771428571428571,4,AGC,PKA,PKA,PRKACA
PRKACB,249.5,245,KEA3,0.17714285714285713,1,AGC,PKA,PKA,PRKACB
PRKCA,6.333333333333333,1,KEA3,1,4,AGC,PKC,ALPHA,PRKCA
PRKCB,18.666666666666668,8,KEA3,0.98,4,AGC,PKC,ALPHA,PRKCB
PRKCD,63,45,KEA3,0.8628571428571429,4,AGC,PKC,DELTA,PRKCD
PRKCE,53.666666666666664,37,KEA3,0.8914285714285715,4,AGC,PKC,ETA,PRKCE
PRKCG,75.66666666666667,60,KEA3,0.8114285714285714,4,AGC,PKC,ALPHA,PRKCG
PRKCH,166.33333333333334,171,KEA3,0.4228571428571429,2,AGC,PKC,ETA,PRKCH
PRKCI,65.33333333333333,48,KEA3,0.8514285714285714,4,AGC,PKC,IOTA,PRKCI
PRKCQ,48.333333333333336,31,KEA3,0.9114285714285715,4,AGC,PKC,DELTA,PRKCQ
PRKCZ,47.333333333333336,29,KEA3,0.9171428571428571,4,AGC,PKC,IOTA,PRKCZ
PRKD1,10.333333333333334,2,KEA3,0.9971428571428571,4,CAMK,PKD,PKD,PRKD1
PRKD2,146.66666666666666,148,KEA3,0.5085714285714286,3,CAMK,PKD,PKD,PRKD2
PRKD3,183,193,KEA3,0.3485714285714286,2,CAMK,PKD,PKD,PRKD3
PRKDC,64.66666666666667,47,KEA3,0.8542857142857143,4,ATYPICAL,PIKK,DNAPK,PRKDC
PRKG1,53,36,KEA3,0.8942857142857142,4,AGC,PKG,PKG,PRKG1
PRKG2,176,186,KEA3,0.3742857142857143,2,AGC,PKG,PKG,PRKG2
PRKX,283,261,KEA3,0.12571428571428572,1,AGC,PKA,PKA,PRKX
PRKY,150,153,KEA3,0.4857142857142857,2,AGC,PKA,PKA,PRKY
PRPF4B,183.5,194,KEA3,0.3457142857142857,2,CMGC,DYRK,PRP4,PRPF4B
PTK2,117,116,KEA3,0.6228571428571429,3,TK,FAK,FAK,PTK2
PTK2B,57.666666666666664,40,KEA3,0.8828571428571429,4,TK,FAK,FAK,PTK2B
PTK6,97.66666666666667,91,KEA3,0.7057142857142857,3,TK,SRC,SRM,PTK6
PXK,140,141,KEA3,0.5314285714285715,3,OTHER,SLOB,SLOB,PXK
RAF1,74.66666666666667,58,KEA3,0.82,4,TKL,RAF,RAF,RAF1
RET,80.66666666666667,70,KEA3,0.7771428571428571,4,TK,RET,RET,RET
RIOK1,293,268,KEA3,0.10571428571428572,1,ATYPICAL,RIO,RIO1,RIOK1
RIPK1,244,241,KEA3,0.18857142857142858,1,TKL,RIPK,RIPK,RIPK1
RIPK2,182,192,KEA3,0.3514285714285714,2,TKL,RIPK,RIPK,RIPK2
RIPK3,59,43,KEA3,0.8714285714285714,4,TKL,RIPK,RIPK,RIPK3
ROCK1,56,39,KEA3,0.8857142857142857,4,AGC,DMPK,ROCK,ROCK1
ROCK2,185,195,KEA3,0.34,2,AGC,DMPK,ROCK,ROCK2
RPS6KA1,12.666666666666666,3,KEA3,0.9942857142857143,4,AGC,RSK,RSK,RPS6KA1
RPS6KA2,92,85,KEA3,0.7285714285714285,3,AGC,RSK,RSK,RPS6KA2
RPS6KA3,21.666666666666668,11,KEA3,0.9714285714285714,4,AGC,RSK,RSK,RPS6KA3
RPS6KA4,89,81,KEA3,0.74,3,AGC,RSK,MSK,RPS6KA4
RPS6KA5,46,28,KEA3,0.9228571428571428,4,AGC,RSK,MSK,RPS6KA5
RPS6KB1,38.666666666666664,25,KEA3,0.9314285714285714,4,AGC,RSK,P70,RPS6KB1
RPS6KB2,172.66666666666666,181,KEA3,0.3914285714285714,2,AGC,RSK,P70,RPS6KB2
RPS6KL1,214,217,KEA3,0.26857142857142857,2,AGC,RSKL,RSKL,RPS6KL1
SCYL1,327,295,KEA3,0.02857142857142857,1,OTHER,SCY1,SCY1,SCYL1
SCYL2,131,128,KEA3,0.5771428571428572,3,OTHER,SCY1,SCY1,SCYL2
SCYL3,269,251,KEA3,0.15714285714285714,1,OTHER,SCY1,SCY1,SCYL3
SGK1,35.666666666666664,22,KEA3,0.94,4,AGC,SGK,SGK,SGK1
SGK2,237,236,KEA3,0.2057142857142857,1,AGC,SGK,SGK,SGK2
SGK3,242,240,KEA3,0.19142857142857142,1,AGC,SGK,SGK,SGK3
SIK1,239,237,KEA3,0.2,1,CAMK,CAMKL,QIK,SIK1
SIK2,309,281,KEA3,0.06857142857142857,1,CAMK,CAMKL,QIK,SIK2
SMG1,330,297,KEA3,0.022857142857142857,1,ATYPICAL,PIKK,SMG1,SMG1
SNRK,214.5,218,KEA3,0.26571428571428574,2,CAMK,CAMKL,SNRK,SNRK
SRC,16.333333333333332,7,KEA3,0.9828571428571429,4,TK,SRC,SRCA,SRC
SRMS,206,213,KEA3,0.28,2,TK,SRC,SRM,SRMS
SRPK1,179,189,KEA3,0.3628571428571429,2,CMGC,SRPK,SRPK,SRPK1
SRPK2,119,117,KEA3,0.62,3,CMGC,SRPK,SRPK,SRPK2
STK10,240,238,KEA3,0.19714285714285715,1,STE,STE20,SLK,STK10
STK11,116,115,KEA3,0.6285714285714286,3,CAMK,CAMKL,LKB,STK11
STK16,79.5,67,KEA3,0.7885714285714286,4,OTHER,NAK,MPSK,STK16
STK17A,140.5,142,KEA3,0.5285714285714286,3,CAMK,DAPK,DRAK,STK17A
STK24,102.5,100,KEA3,0.6771428571428572,3,STE,STE20,YSK,STK24
STK25,166.5,172,KEA3,0.42,2,STE,STE20,YSK,STK25
STK26,126,122,KEA3,0.5971428571428572,3,STE,STE20,YSK,STK26
STK3,66.33333333333333,49,KEA3,0.8485714285714285,4,STE,STE20,MST,STK3
STK33,279,259,KEA3,0.13142857142857142,1,CAMK,CAMK-UNIQUE,CAMK-UNIQUE,STK33
STK36,218,220,KEA3,0.26,2,OTHER,ULK,FUSED,STK36
STK38,157,164,KEA3,0.44571428571428573,2,AGC,NDR,NDR,STK38
STK38L,133.5,134,KEA3,0.5514285714285714,3,AGC,NDR,NDR,STK38L
STK39,128,124,KEA3,0.5914285714285714,3,STE,STE20,FRAY,STK39
STK4,133.5,134,KEA3,0.5514285714285714,3,STE,STE20,MST,STK4
STK40,219.5,221,KEA3,0.2542857142857143,2,CAMK,SGK495,SGK495,STK40
STYK1,217.5,219,KEA3,0.26285714285714284,2,TK,TK-UNIQUE,TK-UNIQUE,STYK1
SYK,66.66666666666667,50,KEA3,0.8457142857142858,4,TK,SYK,SYK,SYK
TAOK1,310,282,KEA3,0.06571428571428571,1,STE,STE20,TAO,TAOK1
TBK1,78,64,KEA3,0.8,4,OTHER,IKK,IKK,TBK1
TEC,167,173,KEA3,0.41714285714285715,2,TK,TEC,TEC,TEC
TEK,319,288,KEA3,0.04857142857142857,1,TK,TIE,TIE,TEK
TESK1,297,271,KEA3,0.09714285714285714,1,TKL,LISK,TESK,TESK1
TESK2,160.5,168,KEA3,0.4342857142857143,2,TKL,LISK,TESK,TESK2
TGFBR1,189,199,KEA3,0.32857142857142857,2,TKL,STKR,TYPE1,TGFBR1
TGFBR2,71.5,53,KEA3,0.8342857142857143,4,TKL,STKR,TYPE2,TGFBR2
TLK1,142,143,KEA3,0.5257142857142857,3,OTHER,TLK,TLK,TLK1
TNIK,320,289,KEA3,0.045714285714285714,1,STE,STE20,MSN,TNIK
TNK2,92.66666666666667,86,KEA3,0.7257142857142858,3,TK,ACK,ACK,TNK2
TNNI3K,125.5,121,KEA3,0.6028571428571429,3,TKL,MLK,HH498,TNNI3K
TP53RK,339,305,KEA3,0,1,OTHER,BUD32,BUD32,TP53RK
TRIB3,133.5,134,KEA3,0.5514285714285714,3,CAMK,TRBL,TRBL,TRIB3
TRPM7,220.5,222,KEA3,0.25142857142857145,2,ATYPICAL,ALPHA,CHAK,TRPM7
TTK,174.66666666666666,184,KEA3,0.38285714285714284,2,OTHER,TTK,TTK,TTK
TXK,241,239,KEA3,0.19428571428571428,1,TK,TEC,TEC,TXK
TYK2,133.66666666666666,135,KEA3,0.5485714285714286,3,TK,JAKA,JAKA,TYK2
TYRO3,117,116,KEA3,0.6228571428571429,3,TK,AXL,AXL,TYRO3
UHMK1,145.5,147,KEA3,0.5142857142857142,3,OTHER,KIS,KIS,UHMK1
ULK1,200.5,208,KEA3,0.3,2,OTHER,ULK,ULK,ULK1
VRK1,179.33333333333334,190,KEA3,0.36,2,CK1,VRK,VRK,VRK1
VRK3,249,244,KEA3,0.18,1,CK1,VRK,VRK,VRK3
WEE1,126.5,123,KEA3,0.5942857142857143,3,OTHER,WEE,WEE,WEE1
WNK1,105.33333333333333,104,KEA3,0.6628571428571428,3,OTHER,WNK,WNK,WNK1
YES1,120,118,KEA3,0.6142857142857143,3,TK,SRC,SRCA,YES1
ZAP70,83.33333333333333,73,KEA3,0.7685714285714286,4,TK,SYK,SYK,ZAP70
CDK9,3.364516253185088,3,UKA,0.9834710743801653,4,CMGC,CDK,CDK9,CDK9
CDK6,3.1884249941294067,5,UKA,0.9669421487603306,4,CMGC,CDK,CDK4,CDK6
CDK4,2.9665762445130506,7,UKA,0.9421487603305785,4,CMGC,CDK,CDK4,CDK4
CDK2,2.907981529247203,8,UKA,0.9256198347107438,4,CMGC,CDK,CDC2,CDK2
MAPK14,2.907981529247203,8,UKA,0.9256198347107438,4,CMGC,MAPK,P38,MAPK14
CDK3,2.7624562618571256,10,UKA,0.9090909090909091,4,CMGC,CDK,CDC2,CDK3
ATR,2.519418213170831,12,UKA,0.8925619834710744,4,ATYPICAL,PIKK,ATR,ATR
CDK5,2.267606240177032,15,UKA,0.8677685950413223,4,CMGC,CDK,CDK5,CDK5
NUAK1,2.1099149920195366,19,UKA,0.8347107438016529,4,CAMK,CAMKL,NUAK,NUAK1
DAPK2,1.6690994403320665,24,UKA,0.7933884297520661,4,CAMK,DAPK,DAPK,DAPK2
ROCK2,1.529010872037836,25,UKA,0.7851239669421488,4,AGC,DMPK,ROCK,ROCK2
PIM1,1.4820127969749215,27,UKA,0.768595041322314,4,CAMK,PIM,PIM,PIM1
CDK7,1.4308602745275407,28,UKA,0.7603305785123967,4,CMGC,CDK,CDK7,CDK7
SGK2,1.4218652770521638,29,UKA,0.7520661157024794,4,AGC,SGK,SGK,SGK2
SGK2,1.4218652770521638,29,UKA,0.7520661157024794,4,AGC,SGK,SGK,SGK3
CDKL2,1.4168459127274189,30,UKA,0.743801652892562,3,CMGC,CDKL,CDKL,CDKL2
TBK1,1.3557190062816558,34,UKA,0.7107438016528925,3,OTHER,IKK,IKK,TBK1
SGK1,1.3164486801463386,35,UKA,0.7024793388429752,3,AGC,SGK,SGK,SGK1
PRKY,1.191978185612404,43,UKA,0.6363636363636364,3,AGC,PKA,PKA,PRKY
DYRK1A,1.145642624198783,48,UKA,0.5950413223140496,3,CMGC,DYRK,DYRK1,DYRK1A
CDKL5,1.062126518207957,53,UKA,0.5537190082644629,3,CMGC,CDKL,CDKL,CDKL5
ROCK1,0.7389751660076026,71,UKA,0.4049586776859504,2,AGC,DMPK,ROCK,ROCK1
PIM2,0.7108214578700061,76,UKA,0.36363636363636365,2,CAMK,PIM,PIM,PIM2
PRKX,0.6947346379765513,79,UKA,0.33884297520661155,2,AGC,PKA,PKA,PRKX
CDK10,0.6509557133979641,83,UKA,0.30578512396694213,2,CMGC,CDK,CDK10,CDK10
MAPKAPK3,0.5889664820187706,90,UKA,0.2396694214876033,1,CAMK,MAPKAPK,MAPKAPK,MAPKAPK3
MAPKAPK2,0.5727671408840169,92,UKA,0.2231404958677686,1,CAMK,MAPKAPK,MAPKAPK,MAPKAPK2
RAF1,0.5679997372525047,93,UKA,0.21487603305785125,1,TKL,RAF,RAF,RAF1
CDKL1,0.47344362963792574,99,UKA,0.1652892561983471,1,CMGC,CDKL,CDKL,CDKL1
PLK3,0.46378508889799575,101,UKA,0.1487603305785124,1,OTHER,PLK,PLK2,PLK3
DAPK3,0.3599719764849647,108,UKA,0.09090909090909091,1,CAMK,DAPK,DAPK,DAPK3
CAMK4,0.3037379953732512,110,UKA,0.0743801652892562,1,CAMK,CAMK1,CAMK1,CAMK4
CAMK4,0.3037379953732512,110,UKA,0.0743801652892562,1,OTHER,CAMKK,META,CAMKK1
BRAF,0.28017171374566524,112,UKA,0.05785123966942149,1,TKL,RAF,RAF,BRAF
ARAF,0.2791628991645202,113,UKA,0.04132231404958678,1,TKL,RAF,RAF,ARAF
PIM3,0.2791628991645202,113,UKA,0.04132231404958678,1,CAMK,PIM,PIM,PIM3
PAK1,0.16498961589473765,115,UKA,0.024793388429752067,1,STE,STE20,PAKA,PAK1
PEK,-3.924166666666667,2,KRSA,0.9760166840458812,4,OTHER,PEK,HRI,EIF2AK1
PEK,-3.924166666666667,2,KRSA,0.9760166840458812,4,OTHER,PEK,PKR,EIF2AK2
PEK,-3.924166666666667,2,KRSA,0.9760166840458812,4,OTHER,PEK,PEK,EIF2AK3
PEK,-3.924166666666667,2,KRSA,0.9760166840458812,4,OTHER,PEK,GCN2,EIF2AK4
CDK,-3.4966666666666666,3,KRSA,0.9635036496350365,4,CMGC,CDK,CDC2,CDK1
CDK,-3.4966666666666666,3,KRSA,0.9635036496350365,4,CMGC,CDK,CDK10,CDK10
CDK,-3.4966666666666666,3,KRSA,0.9635036496350365,4,CMGC,CDK,CRK7,CDK12
CDK,-3.4966666666666666,3,KRSA,0.9635036496350365,4,CMGC,CDK,CRK7,CDK13
CDK,-3.4966666666666666,3,KRSA,0.9635036496350365,4,CMGC,CDK,PFTAIRE,CDK14
CDK,-3.4966666666666666,3,KRSA,0.9635036496350365,4,CMGC,CDK,PFTAIRE,CDK15
CDK,-3.4966666666666666,3,KRSA,0.9635036496350365,4,CMGC,CDK,PCTAIRE,CDK16
CDK,-3.4966666666666666,3,KRSA,0.9635036496350365,4,CMGC,CDK,PCTAIRE,CDK17
CDK,-3.4966666666666666,3,KRSA,0.9635036496350365,4,CMGC,CDK,PCTAIRE,CDK18
CDK,-3.4966666666666666,3,KRSA,0.9635036496350365,4,CMGC,CDK,CDK8,CDK19
CDK,-3.4966666666666666,3,KRSA,0.9635036496350365,4,CMGC,CDK,CDC2,CDK2
CDK,-3.4966666666666666,3,KRSA,0.9635036496350365,4,CMGC,CDK,CCRK,CDK20
CDK,-3.4966666666666666,3,KRSA,0.9635036496350365,4,CMGC,CDK,CDC2,CDK3
CDK,-3.4966666666666666,3,KRSA,0.9635036496350365,4,CMGC,CDK,CDK4,CDK4
CDK,-3.4966666666666666,3,KRSA,0.9635036496350365,4,CMGC,CDK,CDK5,CDK5
CDK,-3.4966666666666666,3,KRSA,0.9635036496350365,4,CMGC,CDK,CDK4,CDK6
CDK,-3.4966666666666666,3,KRSA,0.9635036496350365,4,CMGC,CDK,CDK7,CDK7
CDK,-3.4966666666666666,3,KRSA,0.9635036496350365,4,CMGC,CDK,CDK8,CDK8
CDK,-3.4966666666666666,3,KRSA,0.9635036496350365,4,CMGC,CDK,CDK9,CDK9
CDK,-3.4966666666666666,3,KRSA,0.9635036496350365,4,NA,NA,NA,CDK11A
CDK,-3.4966666666666666,3,KRSA,0.9635036496350365,4,NA,NA,NA,CDK11B
PKCA,-4.91,1,KRSA,0.9885297184567258,4,AGC,PKC,ALPHA,PRKCA
PKCA,-4.91,1,KRSA,0.9885297184567258,4,AGC,PKC,ALPHA,PRKCB
PKCA,-4.91,1,KRSA,0.9885297184567258,4,AGC,PKC,ALPHA,PRKCG
PDK1,-2.8158333333333334,5,KRSA,0.9384775808133472,4,ATYPICAL,PDHK,PDHK,PDK1
PDK1,-2.8158333333333334,5,KRSA,0.9384775808133472,4,AGC,PDK1,PDK1,PDPK1
P38,-1.9233333333333331,14,KRSA,0.8258602711157456,4,CMGC,MAPK,P38,MAPK11
P38,-1.9233333333333331,14,KRSA,0.8258602711157456,4,CMGC,MAPK,P38,MAPK12
P38,-1.9233333333333331,14,KRSA,0.8258602711157456,4,CMGC,MAPK,P38,MAPK13
P38,-1.9233333333333331,14,KRSA,0.8258602711157456,4,CMGC,MAPK,P38,MAPK14
PLK,-2.9066666666666667,4,KRSA,0.9509906152241918,4,NA,NA,NA,PLK5
PLK,-2.9066666666666667,4,KRSA,0.9509906152241918,4,OTHER,PLK,PLK1,PLK1
PLK,-2.9066666666666667,4,KRSA,0.9509906152241918,4,OTHER,PLK,PLK2,PLK2
PLK,-2.9066666666666667,4,KRSA,0.9509906152241918,4,OTHER,PLK,PLK2,PLK3
PLK,-2.9066666666666667,4,KRSA,0.9509906152241918,4,OTHER,PLK,SAK,PLK4
ERK,-2.7983333333333333,6,KRSA,0.9259645464025026,4,CMGC,MAPK,ERK1,MAPK1
ERK,-2.7983333333333333,6,KRSA,0.9259645464025026,4,CMGC,MAPK,ERK7,MAPK15
ERK,-2.7983333333333333,6,KRSA,0.9259645464025026,4,CMGC,MAPK,ERK1,MAPK3
ERK,-2.7983333333333333,6,KRSA,0.9259645464025026,4,CMGC,MAPK,ERK3,MAPK4
ERK,-2.7983333333333333,6,KRSA,0.9259645464025026,4,CMGC,MAPK,ERK3,MAPK6
ERK,-2.7983333333333333,6,KRSA,0.9259645464025026,4,CMGC,MAPK,ERK5,MAPK7
DYRK,-2.3608333333333333,10,KRSA,0.8759124087591241,4,CMGC,DYRK,DYRK1,DYRK1A
DYRK,-2.3608333333333333,10,KRSA,0.8759124087591241,4,CMGC,DYRK,DYRK1,DYRK1B
DYRK,-2.3608333333333333,10,KRSA,0.8759124087591241,4,CMGC,DYRK,DYRK2,DYRK2
DYRK,-2.3608333333333333,10,KRSA,0.8759124087591241,4,CMGC,DYRK,DYRK2,DYRK3
DYRK,-2.3608333333333333,10,KRSA,0.8759124087591241,4,CMGC,DYRK,DYRK2,DYRK4
DYRK,-2.3608333333333333,10,KRSA,0.8759124087591241,4,CMGC,DYRK,HIPK,HIPK1
DYRK,-2.3608333333333333,10,KRSA,0.8759124087591241,4,CMGC,DYRK,HIPK,HIPK2
DYRK,-2.3608333333333333,10,KRSA,0.8759124087591241,4,CMGC,DYRK,HIPK,HIPK3
DYRK,-2.3608333333333333,10,KRSA,0.8759124087591241,4,CMGC,DYRK,HIPK,HIPK4
DYRK,-2.3608333333333333,10,KRSA,0.8759124087591241,4,CMGC,DYRK,PRP4,PRPF4B
PDHK,-2.565,8,KRSA,0.9009384775808134,4,ATYPICAL,PDHK,BCKDK,BCKDK
PDHK,-2.565,8,KRSA,0.9009384775808134,4,ATYPICAL,PDHK,PDHK,PDK2
PDHK,-2.565,8,KRSA,0.9009384775808134,4,ATYPICAL,PDHK,PDHK,PDK3
PDHK,-2.565,8,KRSA,0.9009384775808134,4,ATYPICAL,PDHK,PDHK,PDK4
QIK,-1.8483333333333336,16,KRSA,0.8008342022940563,4,CAMK,CAMKL,QIK,SIK1
QIK,-1.8483333333333336,16,KRSA,0.8008342022940563,4,CAMK,CAMKL,QIK,SIK2
JNK,-1.945,13,KRSA,0.8383733055265902,4,CMGC,MAPK,JNK,MAPK10
JNK,-1.945,13,KRSA,0.8383733055265902,4,CMGC,MAPK,JNK,MAPK8
JNK,-1.945,13,KRSA,0.8383733055265902,4,CMGC,MAPK,JNK,MAPK9
DMPK,-1.875,15,KRSA,0.8133472367049009,4,AGC,DMPK,GEK,CDC42BPA
DMPK,-1.875,15,KRSA,0.8133472367049009,4,AGC,DMPK,GEK,CDC42BPB
DMPK,-1.875,15,KRSA,0.8133472367049009,4,AGC,DMPK,GEK,CDC42BPG
DMPK,-1.875,15,KRSA,0.8133472367049009,4,AGC,DMPK,CRIK,CIT
DMPK,-1.875,15,KRSA,0.8133472367049009,4,AGC,DMPK,GEK,DMPK
DMPK,-1.875,15,KRSA,0.8133472367049009,4,AGC,DMPK,ROCK,ROCK1
DMPK,-1.875,15,KRSA,0.8133472367049009,4,AGC,DMPK,ROCK,ROCK2
CK1,-2.0633333333333335,12,KRSA,0.8508863399374348,4,CK1,CK1,CK1-A,CSNK1A1
CK1,-2.0633333333333335,12,KRSA,0.8508863399374348,4,CK1,CK1,CK1-A,CSNK1A1L
CK1,-2.0633333333333335,12,KRSA,0.8508863399374348,4,CK1,CK1,CK1-D,CSNK1D
CK1,-2.0633333333333335,12,KRSA,0.8508863399374348,4,CK1,CK1,CK1-D,CSNK1E
CK1,-2.0633333333333335,12,KRSA,0.8508863399374348,4,CK1,CK1,CK1-G,CSNK1G1
CK1,-2.0633333333333335,12,KRSA,0.8508863399374348,4,CK1,CK1,CK1-G,CSNK1G2
CK1,-2.0633333333333335,12,KRSA,0.8508863399374348,4,CK1,CK1,CK1-G,CSNK1G3
CK1,-2.0633333333333335,12,KRSA,0.8508863399374348,4,CK1,TTBK,TTBK,TTBK1
CK1,-2.0633333333333335,12,KRSA,0.8508863399374348,4,CK1,TTBK,TTBK,TTBK2
CK1,-2.0633333333333335,12,KRSA,0.8508863399374348,4,CK1,VRK,VRK,VRK3
PHK,-2.5658333333333334,7,KRSA,0.913451511991658,4,CAMK,PHK,PHK,PHKG1
PHK,-2.5658333333333334,7,KRSA,0.913451511991658,4,CAMK,PHK,PHK,PHKG2
MSN,0.10583333333333332,76,KRSA,0.01251303441084463,1,STE,STE20,MSN,MAP4K4
MSN,0.10583333333333332,76,KRSA,0.01251303441084463,1,STE,STE20,MSN,NRK
MSN,0.10583333333333332,76,KRSA,0.01251303441084463,1,STE,STE20,MSN,TNIK
IKK,-0.7975,43,KRSA,0.4254431699687174,2,OTHER,IKK,IKK,CHUK
IKK,-0.7975,43,KRSA,0.4254431699687174,2,OTHER,IKK,IKK,IKBKB
IKK,-0.7975,43,KRSA,0.4254431699687174,2,OTHER,IKK,IKK,IKBKE
IKK,-0.7975,43,KRSA,0.4254431699687174,2,OTHER,IKK,IKK,TBK1
PAKA,-1.3,23,KRSA,0.7007299270072993,3,STE,STE20,PAKA,PAK1
PAKA,-1.3,23,KRSA,0.7007299270072993,3,STE,STE20,PAKA,PAK2
PAKA,-1.3,23,KRSA,0.7007299270072993,3,STE,STE20,PAKA,PAK3
NMO,-2.444166666666667,9,KRSA,0.8884254431699687,4,CMGC,MAPK,NMO,NLK
NDR,-0.8741666666666666,39,KRSA,0.4754953076120959,2,AGC,NDR,NDR,LATS1
NDR,-0.8741666666666666,39,KRSA,0.4754953076120959,2,AGC,NDR,NDR,LATS2
NDR,-0.8741666666666666,39,KRSA,0.4754953076120959,2,AGC,NDR,NDR,STK38
NDR,-0.8741666666666666,39,KRSA,0.4754953076120959,2,AGC,NDR,NDR,STK38L
STE7,-2.35,11,KRSA,0.8633993743482794,4,STE,STE7,MEK1,MAP2K1
STE7,-2.35,11,KRSA,0.8633993743482794,4,STE,STE7,MEK1,MAP2K2
STE7,-2.35,11,KRSA,0.8633993743482794,4,STE,STE7,MEK3,MAP2K3
STE7,-2.35,11,KRSA,0.8633993743482794,4,STE,STE7,MEK4,MAP2K4
STE7,-2.35,11,KRSA,0.8633993743482794,4,STE,STE7,MEK5,MAP2K5
STE7,-2.35,11,KRSA,0.8633993743482794,4,STE,STE7,MEK3,MAP2K6
STE7,-2.35,11,KRSA,0.8633993743482794,4,STE,STE7,MEK7,MAP2K7
PKD,-1.1025,28,KRSA,0.6256517205422315,3,CAMK,PKD,PKD,PRKD1
PKD,-1.1025,28,KRSA,0.6256517205422315,3,CAMK,PKD,PKD,PRKD2
PKD,-1.1025,28,KRSA,0.6256517205422315,3,CAMK,PKD,PKD,PRKD3
HAL,0.3016666666666666,63,KRSA,0.17518248175182483,1,RGC,RGC,RGC,NPR1
AKT,-0.3366666666666667,62,KRSA,0.18769551616266944,1,AGC,AKT,AKT,AKT1
AKT,-0.3366666666666667,62,KRSA,0.18769551616266944,1,AGC,AKT,AKT,AKT2
AKT,-0.3366666666666667,62,KRSA,0.18769551616266944,1,AGC,AKT,AKT,AKT3
ATM,-1.211666666666667,27,KRSA,0.6381647549530761,3,ATYPICAL,PIKK,ATM,ATM
FRAY,-1.5658333333333334,17,KRSA,0.7883211678832117,4,STE,STE20,FRAY,OXSR1
FRAY,-1.5658333333333334,17,KRSA,0.7883211678832117,4,STE,STE20,FRAY,STK39
MAPKAPK,-0.3516666666666667,60,KRSA,0.2127215849843587,1,CAMK,MAPKAPK,MAPKAPK,MAPKAPK2
MAPKAPK,-0.3516666666666667,60,KRSA,0.2127215849843587,1,CAMK,MAPKAPK,MAPKAPK,MAPKAPK3
MAPKAPK,-0.3516666666666667,60,KRSA,0.2127215849843587,1,CAMK,MAPKAPK,MAPKAPK,MAPKAPK5
MAPKAPK,-0.3516666666666667,60,KRSA,0.2127215849843587,1,CAMK,MAPKAPK,MNK,MKNK1
MAPKAPK,-0.3516666666666667,60,KRSA,0.2127215849843587,1,CAMK,MAPKAPK,MNK,MKNK2
PIM,-0.9233333333333332,31,KRSA,0.5881126173096975,3,CAMK,PIM,PIM,PIM1
PIM,-0.9233333333333332,31,KRSA,0.5881126173096975,3,CAMK,PIM,PIM,PIM2
PIM,-0.9233333333333332,31,KRSA,0.5881126173096975,3,CAMK,PIM,PIM,PIM3
DAPK,-0.835,40,KRSA,0.4629822732012513,2,CAMK,DAPK,DAPK,DAPK1
DAPK,-0.835,40,KRSA,0.4629822732012513,2,CAMK,DAPK,DAPK,DAPK2
DAPK,-0.835,40,KRSA,0.4629822732012513,2,CAMK,DAPK,DAPK,DAPK3
DAPK,-0.835,40,KRSA,0.4629822732012513,2,CAMK,DAPK,DRAK,STK17A
DAPK,-0.835,40,KRSA,0.4629822732012513,2,CAMK,DAPK,DRAK,STK17B
RAF,-1.2366666666666666,26,KRSA,0.6506777893639207,3,TKL,RAF,RAF,ARAF
RAF,-1.2366666666666666,26,KRSA,0.6506777893639207,3,TKL,RAF,RAF,BRAF
RAF,-1.2366666666666666,26,KRSA,0.6506777893639207,3,TKL,RAF,KSR,KSR1
RAF,-1.2366666666666666,26,KRSA,0.6506777893639207,3,TKL,RAF,KSR,KSR2
RAF,-1.2366666666666666,26,KRSA,0.6506777893639207,3,TKL,RAF,RAF,RAF1
GSK,-0.7283333333333333,46,KRSA,0.38790406673618355,2,CMGC,GSK,GSK,GSK3A
GSK,-0.7283333333333333,46,KRSA,0.38790406673618355,2,CMGC,GSK,GSK,GSK3B
TAO,-0.21916666666666668,69,KRSA,0.10010427528675704,1,STE,STE20,TAO,TAOK1
TAO,-0.21916666666666668,69,KRSA,0.10010427528675704,1,STE,STE20,TAO,TAOK2
TAO,-0.21916666666666668,69,KRSA,0.10010427528675704,1,STE,STE20,TAO,TAOK3
TLK,-1.2891666666666666,24,KRSA,0.67570385818561,3,OTHER,TLK,TLK,TLK1
TLK,-1.2891666666666666,24,KRSA,0.67570385818561,3,OTHER,TLK,TLK,TLK2
BRSK,1.3283333333333334,20,KRSA,0.7507820646506778,4,CAMK,CAMKL,BRSK,BRSK1
BRSK,1.3283333333333334,20,KRSA,0.7507820646506778,4,CAMK,CAMKL,BRSK,BRSK2
PKN,-0.9216666666666666,32,KRSA,0.5755995828988529,3,AGC,PKN,PKN,PKN1
PKN,-0.9216666666666666,32,KRSA,0.5755995828988529,3,AGC,PKN,PKN,PKN2
PKN,-0.9216666666666666,32,KRSA,0.5755995828988529,3,AGC,PKN,PKN,PKN3
TTK,-1.3,23,KRSA,0.7007299270072993,3,OTHER,TTK,TTK,TTK
PAKB,-0.41583333333333333,55,KRSA,0.27528675703858185,2,STE,STE20,PAKB,PAK4
PAKB,-0.41583333333333333,55,KRSA,0.27528675703858185,2,STE,STE20,PAKB,PAK5
PAKB,-0.41583333333333333,55,KRSA,0.27528675703858185,2,STE,STE20,PAKB,PAK6
SLK,0.13416666666666668,74,KRSA,0.03753910323253389,1,STE,STE20,SLK,SLK
SLK,0.13416666666666668,74,KRSA,0.03753910323253389,1,STE,STE20,SLK,STK10
PRKDC,-1.2891666666666666,24,KRSA,0.67570385818561,3,ATYPICAL,PIKK,DNAPK,PRKDC
NUAK,-1.2766666666666666,25,KRSA,0.6631908237747653,3,CAMK,CAMKL,NUAK,NUAK1
NUAK,-1.2766666666666666,25,KRSA,0.6631908237747653,3,CAMK,CAMKL,NUAK,NUAK2
MOS,0.65,49,KRSA,0.35036496350364965,2,OTHER,MOS,MOS,MOS
CAMK1,1.5016666666666667,19,KRSA,0.7632950990615224,4,CAMK,CAMK1,CAMK1,CAMK1
CAMK1,1.5016666666666667,19,KRSA,0.7632950990615224,4,CAMK,CAMK1,CAMK1,CAMK1D
CAMK1,1.5016666666666667,19,KRSA,0.7632950990615224,4,CAMK,CAMK1,CAMK1,CAMK1G
CAMK1,1.5016666666666667,19,KRSA,0.7632950990615224,4,CAMK,CAMK1,CAMK1,CAMK4
CAMK1,1.5016666666666667,19,KRSA,0.7632950990615224,4,CAMK,CAMK1,CAMK1,PNCK
RSK,-0.8099999999999999,41,KRSA,0.4504692387904067,2,AGC,RSK,RSK,RPS6KA1
RSK,-0.8099999999999999,41,KRSA,0.4504692387904067,2,AGC,RSK,RSK,RPS6KA2
RSK,-0.8099999999999999,41,KRSA,0.4504692387904067,2,AGC,RSK,RSK,RPS6KA3
RSK,-0.8099999999999999,41,KRSA,0.4504692387904067,2,AGC,RSK,MSK,RPS6KA4
RSK,-0.8099999999999999,41,KRSA,0.4504692387904067,2,AGC,RSK,MSK,RPS6KA5
RSK,-0.8099999999999999,41,KRSA,0.4504692387904067,2,AGC,RSK,RSK,RPS6KA6
RSK,-0.8099999999999999,41,KRSA,0.4504692387904067,2,AGC,RSK,P70,RPS6KB1
RSK,-0.8099999999999999,41,KRSA,0.4504692387904067,2,AGC,RSK,P70,RPS6KB2
LKB,-1.524166666666667,18,KRSA,0.7758081334723671,4,CAMK,CAMKL,LKB,STK11
CHK1,0.29333333333333333,64,KRSA,0.16266944734098018,1,CAMK,CAMKL,CHK1,CHEK1
VRK1,-0.8908333333333334,38,KRSA,0.4880083420229406,2,CK1,VRK,VRK,VRK1
CK2,-1.05,30,KRSA,0.6006256517205423,3,CMGC,CK2,CK2,CSNK2A1
CK2,-1.05,30,KRSA,0.6006256517205423,3,CMGC,CK2,CK2,CSNK2A2
CK2,-1.05,30,KRSA,0.6006256517205423,3,NA,NA,NA,CSNK2A3
BARK2,0.7916666666666666,44,KRSA,0.4129301355578728,2,AGC,GRK,BARK,GRK3
COT,-0.1675,72,KRSA,0.06256517205422316,1,STE,STE-UNIQUE,STE-UNIQUE,MAP3K8
KHS,0.485,54,KRSA,0.28779979144942647,2,STE,STE20,KHS,MAP4K1
KHS,0.485,54,KRSA,0.28779979144942647,2,STE,STE20,KHS,MAP4K2
KHS,0.485,54,KRSA,0.28779979144942647,2,STE,STE20,KHS,MAP4K3
KHS,0.485,54,KRSA,0.28779979144942647,2,STE,STE20,KHS,MAP4K5
CAMKK,-0.9033333333333332,35,KRSA,0.5380604796663191,3,OTHER,CAMKK,META,CAMKK1
CAMKK,-0.9033333333333332,35,KRSA,0.5380604796663191,3,OTHER,CAMKK,META,CAMKK2
PASK,0.4941666666666667,52,KRSA,0.31282586027111575,2,CAMK,CAMKL,PASK,PASK
WNK,-0.9058333333333334,34,KRSA,0.5505735140771637,3,OTHER,WNK,WNK,WNK1
WNK,-0.9058333333333334,34,KRSA,0.5505735140771637,3,OTHER,WNK,WNK,WNK2
WNK,-0.9058333333333334,34,KRSA,0.5505735140771637,3,OTHER,WNK,WNK,WNK3
WNK,-0.9058333333333334,34,KRSA,0.5505735140771637,3,OTHER,WNK,WNK,WNK4
NIK,-0.9008333333333334,36,KRSA,0.5255474452554745,3,STE,STE-UNIQUE,STE-UNIQUE,MAP3K14
ULK,-0.8966666666666667,37,KRSA,0.5130344108446299,3,OTHER,ULK,FUSED,STK36
ULK,-0.8966666666666667,37,KRSA,0.5130344108446299,3,OTHER,ULK,ULK,ULK1
ULK,-0.8966666666666667,37,KRSA,0.5130344108446299,3,OTHER,ULK,ULK,ULK2
ULK,-0.8966666666666667,37,KRSA,0.5130344108446299,3,OTHER,ULK,ULK,ULK3
ULK,-0.8966666666666667,37,KRSA,0.5130344108446299,3,OTHER,ULK,ULK,ULK4
PKCH,-0.195,70,KRSA,0.08759124087591241,1,AGC,PKC,ETA,PRKCE
PKCH,-0.195,70,KRSA,0.08759124087591241,1,AGC,PKC,ETA,PRKCH
BUD32,-0.9133333333333332,33,KRSA,0.5630865484880083,3,OTHER,BUD32,BUD32,TP53RK
CLK,-0.8908333333333334,38,KRSA,0.4880083420229406,2,CMGC,CLK,CLK,CLK1
CLK,-0.8908333333333334,38,KRSA,0.4880083420229406,2,CMGC,CLK,CLK,CLK2
CLK,-0.8908333333333334,38,KRSA,0.4880083420229406,2,CMGC,CLK,CLK,CLK3
CLK,-0.8908333333333334,38,KRSA,0.4880083420229406,2,CMGC,CLK,CLK,CLK4
PKCD,-0.2675,67,KRSA,0.1251303441084463,1,AGC,PKC,DELTA,PRKCD
PKCD,-0.2675,67,KRSA,0.1251303441084463,1,AGC,PKC,DELTA,PRKCQ
MELK,-0.13749999999999998,73,KRSA,0.05005213764337852,1,CAMK,CAMKL,MELK,MELK
MST,-1.3266666666666669,21,KRSA,0.7382690302398331,3,STE,STE20,MST,STK3
MST,-1.3266666666666669,21,KRSA,0.7382690302398331,3,STE,STE20,MST,STK4
RAD53,-0.13416666666666663,75,KRSA,0.02502606882168926,1,CAMK,RAD53,RAD53,CHEK2
PKA,0.7558333333333334,45,KRSA,0.40041710114702816,2,AGC,PKA,PKA,PRKACA
PKA,0.7558333333333334,45,KRSA,0.40041710114702816,2,AGC,PKA,PKA,PRKACB
PKA,0.7558333333333334,45,KRSA,0.40041710114702816,2,AGC,PKA,PKA,PRKACG
PKA,0.7558333333333334,45,KRSA,0.40041710114702816,2,AGC,PKA,PKA,PRKX
PKA,0.7558333333333334,45,KRSA,0.40041710114702816,2,AGC,PKA,PKA,PRKY
CAMK2,-0.26499999999999996,68,KRSA,0.11261730969760167,1,CAMK,CAMK2,CAMK2,CAMK2A
CAMK2,-0.26499999999999996,68,KRSA,0.11261730969760167,1,CAMK,CAMK2,CAMK2,CAMK2B
CAMK2,-0.26499999999999996,68,KRSA,0.11261730969760167,1,CAMK,CAMK2,CAMK2,CAMK2D
CAMK2,-0.26499999999999996,68,KRSA,0.11261730969760167,1,CAMK,CAMK2,CAMK2,CAMK2G
PKG,0.6633333333333333,48,KRSA,0.36287799791449427,2,AGC,PKG,PKG,PRKG1
PKG,0.6633333333333333,48,KRSA,0.36287799791449427,2,AGC,PKG,PKG,PRKG2
IRAK,-0.4916666666666667,53,KRSA,0.30031282586027114,2,TKL,IRAK,IRAK,IRAK1
IRAK,-0.4916666666666667,53,KRSA,0.30031282586027114,2,TKL,IRAK,IRAK,IRAK2
IRAK,-0.4916666666666667,53,KRSA,0.30031282586027114,2,TKL,IRAK,IRAK,IRAK3
IRAK,-0.4916666666666667,53,KRSA,0.30031282586027114,2,TKL,IRAK,IRAK,IRAK4
AMPK,-0.18416666666666665,71,KRSA,0.07507820646506778,1,CAMK,CAMKL,AMPK,PRKAA1
AMPK,-0.18416666666666665,71,KRSA,0.07507820646506778,1,CAMK,CAMKL,AMPK,PRKAA2
PKCI,-0.3933333333333333,57,KRSA,0.2502606882168926,2,AGC,PKC,IOTA,PRKCI
PKCI,-0.3933333333333333,57,KRSA,0.2502606882168926,2,AGC,PKC,IOTA,PRKCZ
SGK,0.5308333333333334,51,KRSA,0.32533889468196037,2,AGC,SGK,SGK,SGK1
SGK,0.5308333333333334,51,KRSA,0.32533889468196037,2,AGC,SGK,SGK,SGK2
SGK,0.5308333333333334,51,KRSA,0.32533889468196037,2,AGC,SGK,SGK,SGK3
AUR,-0.3675000000000001,58,KRSA,0.23774765380604795,1,OTHER,AUR,AUR,AURKA
AUR,-0.3675000000000001,58,KRSA,0.23774765380604795,1,OTHER,AUR,AUR,AURKB
AUR,-0.3675000000000001,58,KRSA,0.23774765380604795,1,OTHER,AUR,AUR,AURKC
ATR,-1.0583333333333331,29,KRSA,0.6131386861313869,3,ATYPICAL,PIKK,ATR,ATR
MLK,-0.3433333333333334,61,KRSA,0.20020855057351408,1,TKL,MLK,ILK,ILK
MLK,-0.3433333333333334,61,KRSA,0.20020855057351408,1,TKL,MLK,MLK,MAP3K10
MLK,-0.3433333333333334,61,KRSA,0.20020855057351408,1,TKL,MLK,MLK,MAP3K11
MLK,-0.3433333333333334,61,KRSA,0.20020855057351408,1,TKL,MLK,LZK,MAP3K12
MLK,-0.3433333333333334,61,KRSA,0.20020855057351408,1,TKL,MLK,LZK,MAP3K13
MLK,-0.3433333333333334,61,KRSA,0.20020855057351408,1,TKL,MLK,MLK,MAP3K9
MLK,-0.3433333333333334,61,KRSA,0.20020855057351408,1,TKL,MLK,HH498,TNNI3K
NAK,-0.26833333333333337,66,KRSA,0.13764337851929093,1,OTHER,NAK,BIKE,AAK1
NAK,-0.26833333333333337,66,KRSA,0.13764337851929093,1,OTHER,NAK,BIKE,BMP2K
NAK,-0.26833333333333337,66,KRSA,0.13764337851929093,1,OTHER,NAK,GAK,GAK
NAK,-0.26833333333333337,66,KRSA,0.13764337851929093,1,OTHER,NAK,MPSK,STK16
NEK,-0.6808333333333333,47,KRSA,0.3753910323253389,2,OTHER,NEK,NEK11,NEK11
NEK,-0.6808333333333333,47,KRSA,0.3753910323253389,2,OTHER,NEK,NEK2,NEK2
NEK,-0.6808333333333333,47,KRSA,0.3753910323253389,2,OTHER,NEK,NEK1,NEK3
NEK,-0.6808333333333333,47,KRSA,0.3753910323253389,2,OTHER,NEK,NEK4,NEK4
NEK,-0.6808333333333333,47,KRSA,0.3753910323253389,2,OTHER,NEK,NEK1,NEK5
NEK,-0.6808333333333333,47,KRSA,0.3753910323253389,2,OTHER,NEK,NEK6,NEK6
NEK,-0.6808333333333333,47,KRSA,0.3753910323253389,2,OTHER,NEK,NEK6,NEK7
NEK,-0.6808333333333333,47,KRSA,0.3753910323253389,2,OTHER,NEK,NEK8,NEK8
NEK,-0.6808333333333333,47,KRSA,0.3753910323253389,2,OTHER,NEK,NEK8,NEK9
MTOR,-0.8025,42,KRSA,0.43795620437956206,2,ATYPICAL,PIKK,FRAP,MTOR
RIPK,0.05999999999999998,77,KRSA,0,1,TKL,RIPK,RIPK,ANKK1
RIPK,0.05999999999999998,77,KRSA,0,1,TKL,RIPK,RIPK,RIPK1
RIPK,0.05999999999999998,77,KRSA,0,1,TKL,RIPK,RIPK,RIPK2
RIPK,0.05999999999999998,77,KRSA,0,1,TKL,RIPK,RIPK,RIPK3
RIPK,0.05999999999999998,77,KRSA,0,1,TKL,RIPK,RIPK,RIPK4
STKR,0.27416666666666667,65,KRSA,0.15015641293013557,1,TKL,STKR,TYPE1,ACVR1
STKR,0.27416666666666667,65,KRSA,0.15015641293013557,1,TKL,STKR,TYPE1,ACVR1B
STKR,0.27416666666666667,65,KRSA,0.15015641293013557,1,TKL,STKR,TYPE1,ACVR1C
STKR,0.27416666666666667,65,KRSA,0.15015641293013557,1,TKL,STKR,TYPE2,ACVR2A
STKR,0.27416666666666667,65,KRSA,0.15015641293013557,1,TKL,STKR,TYPE2,ACVR2B
STKR,0.27416666666666667,65,KRSA,0.15015641293013557,1,TKL,STKR,TYPE1,ACVRL1
STKR,0.27416666666666667,65,KRSA,0.15015641293013557,1,TKL,STKR,TYPE2,AMHR2
STKR,0.27416666666666667,65,KRSA,0.15015641293013557,1,TKL,STKR,TYPE1,BMPR1A
STKR,0.27416666666666667,65,KRSA,0.15015641293013557,1,TKL,STKR,TYPE1,BMPR1B
STKR,0.27416666666666667,65,KRSA,0.15015641293013557,1,TKL,STKR,TYPE2,BMPR2
STKR,0.27416666666666667,65,KRSA,0.15015641293013557,1,TKL,STKR,TYPE1,TGFBR1
STKR,0.27416666666666667,65,KRSA,0.15015641293013557,1,TKL,STKR,TYPE2,TGFBR2
STE11,-0.5483333333333332,50,KRSA,0.337851929092805,2,TKL,MLK,TAK1,MAP3K7
STE11,-0.5483333333333332,50,KRSA,0.337851929092805,2,STE,STE11,MEKK1,MAP3K1
STE11,-0.5483333333333332,50,KRSA,0.337851929092805,2,STE,STE11,ASK,MAP3K15
STE11,-0.5483333333333332,50,KRSA,0.337851929092805,2,STE,STE11,MEKK2,MAP3K2
STE11,-0.5483333333333332,50,KRSA,0.337851929092805,2,STE,STE11,MEKK2,MAP3K3
STE11,-0.5483333333333332,50,KRSA,0.337851929092805,2,STE,STE11,MEKK4,MAP3K4
STE11,-0.5483333333333332,50,KRSA,0.337851929092805,2,STE,STE11,ASK,MAP3K5
STE11,-0.5483333333333332,50,KRSA,0.337851929092805,2,STE,STE11,ASK,MAP3K6
GRK,-0.35416666666666663,59,KRSA,0.22523461939520334,1,AGC,GRK,GRK,GRK1
GRK,-0.35416666666666663,59,KRSA,0.22523461939520334,1,AGC,GRK,GRK,GRK4
GRK,-0.35416666666666663,59,KRSA,0.22523461939520334,1,AGC,GRK,GRK,GRK5
GRK,-0.35416666666666663,59,KRSA,0.22523461939520334,1,AGC,GRK,GRK,GRK6
GRK,-0.35416666666666663,59,KRSA,0.22523461939520334,1,AGC,GRK,GRK,GRK7
MLCK,0.3958333333333333,56,KRSA,0.26277372262773724,2,CAMK,MLCK,MLCK,MYLK
MLCK,0.3958333333333333,56,KRSA,0.26277372262773724,2,CAMK,MLCK,MLCK,MYLK2
MLCK,0.3958333333333333,56,KRSA,0.26277372262773724,2,CAMK,MLCK,MLCK,TTN
PKCA,-4.91,1,KRSA,0.9885297184567258,4,AGC,PKC,ALPHA,PRKCA
PKCA,-4.91,1,KRSA,0.9885297184567258,4,AGC,PKC,ALPHA,PRKCB
PKCA,-4.91,1,KRSA,0.9885297184567258,4,AGC,PKC,ALPHA,PRKCG
PEK,-3.924166666666667,2,KRSA,0.9760166840458812,4,OTHER,PEK,HRI,EIF2AK1
PEK,-3.924166666666667,2,KRSA,0.9760166840458812,4,OTHER,PEK,PKR,EIF2AK2
PEK,-3.924166666666667,2,KRSA,0.9760166840458812,4,OTHER,PEK,PEK,EIF2AK3
PEK,-3.924166666666667,2,KRSA,0.9760166840458812,4,OTHER,PEK,GCN2,EIF2AK4
CDK,-3.4966666666666666,3,KRSA,0.9635036496350365,4,CMGC,CDK,CDC2,CDK1
CDK,-3.4966666666666666,3,KRSA,0.9635036496350365,4,CMGC,CDK,CDK10,CDK10
CDK,-3.4966666666666666,3,KRSA,0.9635036496350365,4,CMGC,CDK,CRK7,CDK12
CDK,-3.4966666666666666,3,KRSA,0.9635036496350365,4,CMGC,CDK,CRK7,CDK13
CDK,-3.4966666666666666,3,KRSA,0.9635036496350365,4,CMGC,CDK,PFTAIRE,CDK14
CDK,-3.4966666666666666,3,KRSA,0.9635036496350365,4,CMGC,CDK,PFTAIRE,CDK15
CDK,-3.4966666666666666,3,KRSA,0.9635036496350365,4,CMGC,CDK,PCTAIRE,CDK16
CDK,-3.4966666666666666,3,KRSA,0.9635036496350365,4,CMGC,CDK,PCTAIRE,CDK17
CDK,-3.4966666666666666,3,KRSA,0.9635036496350365,4,CMGC,CDK,PCTAIRE,CDK18
CDK,-3.4966666666666666,3,KRSA,0.9635036496350365,4,CMGC,CDK,CDK8,CDK19
CDK,-3.4966666666666666,3,KRSA,0.9635036496350365,4,CMGC,CDK,CDC2,CDK2
CDK,-3.4966666666666666,3,KRSA,0.9635036496350365,4,CMGC,CDK,CCRK,CDK20
CDK,-3.4966666666666666,3,KRSA,0.9635036496350365,4,CMGC,CDK,CDC2,CDK3
CDK,-3.4966666666666666,3,KRSA,0.9635036496350365,4,CMGC,CDK,CDK4,CDK4
CDK,-3.4966666666666666,3,KRSA,0.9635036496350365,4,CMGC,CDK,CDK5,CDK5
CDK,-3.4966666666666666,3,KRSA,0.9635036496350365,4,CMGC,CDK,CDK4,CDK6
CDK,-3.4966666666666666,3,KRSA,0.9635036496350365,4,CMGC,CDK,CDK7,CDK7
CDK,-3.4966666666666666,3,KRSA,0.9635036496350365,4,CMGC,CDK,CDK8,CDK8
CDK,-3.4966666666666666,3,KRSA,0.9635036496350365,4,CMGC,CDK,CDK9,CDK9
CDK,-3.4966666666666666,3,KRSA,0.9635036496350365,4,NA,NA,NA,CDK11A
CDK,-3.4966666666666666,3,KRSA,0.9635036496350365,4,NA,NA,NA,CDK11B
PDK1,-2.8158333333333334,5,KRSA,0.9384775808133472,4,ATYPICAL,PDHK,PDHK,PDK1
PDK1,-2.8158333333333334,5,KRSA,0.9384775808133472,4,AGC,PDK1,PDK1,PDPK1
PDHK,-2.565,8,KRSA,0.9009384775808134,4,ATYPICAL,PDHK,BCKDK,BCKDK
PDHK,-2.565,8,KRSA,0.9009384775808134,4,ATYPICAL,PDHK,PDHK,PDK2
PDHK,-2.565,8,KRSA,0.9009384775808134,4,ATYPICAL,PDHK,PDHK,PDK3
PDHK,-2.565,8,KRSA,0.9009384775808134,4,ATYPICAL,PDHK,PDHK,PDK4
PLK,-2.9066666666666667,4,KRSA,0.9509906152241918,4,NA,NA,NA,PLK5
PLK,-2.9066666666666667,4,KRSA,0.9509906152241918,4,OTHER,PLK,PLK1,PLK1
PLK,-2.9066666666666667,4,KRSA,0.9509906152241918,4,OTHER,PLK,PLK2,PLK2
PLK,-2.9066666666666667,4,KRSA,0.9509906152241918,4,OTHER,PLK,PLK2,PLK3
PLK,-2.9066666666666667,4,KRSA,0.9509906152241918,4,OTHER,PLK,SAK,PLK4
PAKA,-1.3,23,KRSA,0.7007299270072993,3,STE,STE20,PAKA,PAK1
PAKA,-1.3,23,KRSA,0.7007299270072993,3,STE,STE20,PAKA,PAK2
PAKA,-1.3,23,KRSA,0.7007299270072993,3,STE,STE20,PAKA,PAK3
DMPK,-1.875,15,KRSA,0.8133472367049009,4,AGC,DMPK,GEK,CDC42BPA
DMPK,-1.875,15,KRSA,0.8133472367049009,4,AGC,DMPK,GEK,CDC42BPB
DMPK,-1.875,15,KRSA,0.8133472367049009,4,AGC,DMPK,GEK,CDC42BPG
DMPK,-1.875,15,KRSA,0.8133472367049009,4,AGC,DMPK,CRIK,CIT
DMPK,-1.875,15,KRSA,0.8133472367049009,4,AGC,DMPK,GEK,DMPK
DMPK,-1.875,15,KRSA,0.8133472367049009,4,AGC,DMPK,ROCK,ROCK1
DMPK,-1.875,15,KRSA,0.8133472367049009,4,AGC,DMPK,ROCK,ROCK2
P38,-1.9233333333333331,14,KRSA,0.8258602711157456,4,CMGC,MAPK,P38,MAPK11
P38,-1.9233333333333331,14,KRSA,0.8258602711157456,4,CMGC,MAPK,P38,MAPK12
P38,-1.9233333333333331,14,KRSA,0.8258602711157456,4,CMGC,MAPK,P38,MAPK13
P38,-1.9233333333333331,14,KRSA,0.8258602711157456,4,CMGC,MAPK,P38,MAPK14
ERK,-2.7983333333333333,6,KRSA,0.9259645464025026,4,CMGC,MAPK,ERK1,MAPK1
ERK,-2.7983333333333333,6,KRSA,0.9259645464025026,4,CMGC,MAPK,ERK7,MAPK15
ERK,-2.7983333333333333,6,KRSA,0.9259645464025026,4,CMGC,MAPK,ERK1,MAPK3
ERK,-2.7983333333333333,6,KRSA,0.9259645464025026,4,CMGC,MAPK,ERK3,MAPK4
ERK,-2.7983333333333333,6,KRSA,0.9259645464025026,4,CMGC,MAPK,ERK3,MAPK6
ERK,-2.7983333333333333,6,KRSA,0.9259645464025026,4,CMGC,MAPK,ERK5,MAPK7
PHK,-2.5658333333333334,7,KRSA,0.913451511991658,4,CAMK,PHK,PHK,PHKG1
PHK,-2.5658333333333334,7,KRSA,0.913451511991658,4,CAMK,PHK,PHK,PHKG2
JNK,-1.945,13,KRSA,0.8383733055265902,4,CMGC,MAPK,JNK,MAPK10
JNK,-1.945,13,KRSA,0.8383733055265902,4,CMGC,MAPK,JNK,MAPK8
JNK,-1.945,13,KRSA,0.8383733055265902,4,CMGC,MAPK,JNK,MAPK9
QIK,-1.8483333333333336,16,KRSA,0.8008342022940563,4,CAMK,CAMKL,QIK,SIK1
QIK,-1.8483333333333336,16,KRSA,0.8008342022940563,4,CAMK,CAMKL,QIK,SIK2
MAPKAPK,-0.3516666666666667,60,KRSA,0.2127215849843587,1,CAMK,MAPKAPK,MAPKAPK,MAPKAPK2
MAPKAPK,-0.3516666666666667,60,KRSA,0.2127215849843587,1,CAMK,MAPKAPK,MAPKAPK,MAPKAPK3
MAPKAPK,-0.3516666666666667,60,KRSA,0.2127215849843587,1,CAMK,MAPKAPK,MAPKAPK,MAPKAPK5
MAPKAPK,-0.3516666666666667,60,KRSA,0.2127215849843587,1,CAMK,MAPKAPK,MNK,MKNK1
MAPKAPK,-0.3516666666666667,60,KRSA,0.2127215849843587,1,CAMK,MAPKAPK,MNK,MKNK2
CK1,-2.0633333333333335,12,KRSA,0.8508863399374348,4,CK1,CK1,CK1-A,CSNK1A1
CK1,-2.0633333333333335,12,KRSA,0.8508863399374348,4,CK1,CK1,CK1-A,CSNK1A1L
CK1,-2.0633333333333335,12,KRSA,0.8508863399374348,4,CK1,CK1,CK1-D,CSNK1D
CK1,-2.0633333333333335,12,KRSA,0.8508863399374348,4,CK1,CK1,CK1-D,CSNK1E
CK1,-2.0633333333333335,12,KRSA,0.8508863399374348,4,CK1,CK1,CK1-G,CSNK1G1
CK1,-2.0633333333333335,12,KRSA,0.8508863399374348,4,CK1,CK1,CK1-G,CSNK1G2
CK1,-2.0633333333333335,12,KRSA,0.8508863399374348,4,CK1,CK1,CK1-G,CSNK1G3
CK1,-2.0633333333333335,12,KRSA,0.8508863399374348,4,CK1,TTBK,TTBK,TTBK1
CK1,-2.0633333333333335,12,KRSA,0.8508863399374348,4,CK1,TTBK,TTBK,TTBK2
CK1,-2.0633333333333335,12,KRSA,0.8508863399374348,4,CK1,VRK,VRK,VRK3
MOS,0.65,49,KRSA,0.35036496350364965,2,OTHER,MOS,MOS,MOS
BRSK,1.3283333333333334,20,KRSA,0.7507820646506778,4,CAMK,CAMKL,BRSK,BRSK1
BRSK,1.3283333333333334,20,KRSA,0.7507820646506778,4,CAMK,CAMKL,BRSK,BRSK2
SLK,0.13416666666666668,74,KRSA,0.03753910323253389,1,STE,STE20,SLK,SLK
SLK,0.13416666666666668,74,KRSA,0.03753910323253389,1,STE,STE20,SLK,STK10
FRAY,-1.5658333333333334,17,KRSA,0.7883211678832117,4,STE,STE20,FRAY,OXSR1
FRAY,-1.5658333333333334,17,KRSA,0.7883211678832117,4,STE,STE20,FRAY,STK39
DAPK,-0.835,40,KRSA,0.4629822732012513,2,CAMK,DAPK,DAPK,DAPK1
DAPK,-0.835,40,KRSA,0.4629822732012513,2,CAMK,DAPK,DAPK,DAPK2
DAPK,-0.835,40,KRSA,0.4629822732012513,2,CAMK,DAPK,DAPK,DAPK3
DAPK,-0.835,40,KRSA,0.4629822732012513,2,CAMK,DAPK,DRAK,STK17A
DAPK,-0.835,40,KRSA,0.4629822732012513,2,CAMK,DAPK,DRAK,STK17B
NMO,-2.444166666666667,9,KRSA,0.8884254431699687,4,CMGC,MAPK,NMO,NLK
AKT,-0.3366666666666667,62,KRSA,0.18769551616266944,1,AGC,AKT,AKT,AKT1
AKT,-0.3366666666666667,62,KRSA,0.18769551616266944,1,AGC,AKT,AKT,AKT2
AKT,-0.3366666666666667,62,KRSA,0.18769551616266944,1,AGC,AKT,AKT,AKT3
IKK,-0.7975,43,KRSA,0.4254431699687174,2,OTHER,IKK,IKK,CHUK
IKK,-0.7975,43,KRSA,0.4254431699687174,2,OTHER,IKK,IKK,IKBKB
IKK,-0.7975,43,KRSA,0.4254431699687174,2,OTHER,IKK,IKK,IKBKE
IKK,-0.7975,43,KRSA,0.4254431699687174,2,OTHER,IKK,IKK,TBK1
NDR,-0.8741666666666666,39,KRSA,0.4754953076120959,2,AGC,NDR,NDR,LATS1
NDR,-0.8741666666666666,39,KRSA,0.4754953076120959,2,AGC,NDR,NDR,LATS2
NDR,-0.8741666666666666,39,KRSA,0.4754953076120959,2,AGC,NDR,NDR,STK38
NDR,-0.8741666666666666,39,KRSA,0.4754953076120959,2,AGC,NDR,NDR,STK38L
BARK2,0.7916666666666666,44,KRSA,0.4129301355578728,2,AGC,GRK,BARK,GRK3
DYRK,-2.3608333333333333,10,KRSA,0.8759124087591241,4,CMGC,DYRK,DYRK1,DYRK1A
DYRK,-2.3608333333333333,10,KRSA,0.8759124087591241,4,CMGC,DYRK,DYRK1,DYRK1B
DYRK,-2.3608333333333333,10,KRSA,0.8759124087591241,4,CMGC,DYRK,DYRK2,DYRK2
DYRK,-2.3608333333333333,10,KRSA,0.8759124087591241,4,CMGC,DYRK,DYRK2,DYRK3
DYRK,-2.3608333333333333,10,KRSA,0.8759124087591241,4,CMGC,DYRK,DYRK2,DYRK4
DYRK,-2.3608333333333333,10,KRSA,0.8759124087591241,4,CMGC,DYRK,HIPK,HIPK1
DYRK,-2.3608333333333333,10,KRSA,0.8759124087591241,4,CMGC,DYRK,HIPK,HIPK2
DYRK,-2.3608333333333333,10,KRSA,0.8759124087591241,4,CMGC,DYRK,HIPK,HIPK3
DYRK,-2.3608333333333333,10,KRSA,0.8759124087591241,4,CMGC,DYRK,HIPK,HIPK4
DYRK,-2.3608333333333333,10,KRSA,0.8759124087591241,4,CMGC,DYRK,PRP4,PRPF4B
PIM,-0.9233333333333332,31,KRSA,0.5881126173096975,3,CAMK,PIM,PIM,PIM1
PIM,-0.9233333333333332,31,KRSA,0.5881126173096975,3,CAMK,PIM,PIM,PIM2
PIM,-0.9233333333333332,31,KRSA,0.5881126173096975,3,CAMK,PIM,PIM,PIM3
ATM,-1.211666666666667,27,KRSA,0.6381647549530761,3,ATYPICAL,PIKK,ATM,ATM
RSK,-0.8099999999999999,41,KRSA,0.4504692387904067,2,AGC,RSK,RSK,RPS6KA1
RSK,-0.8099999999999999,41,KRSA,0.4504692387904067,2,AGC,RSK,RSK,RPS6KA2
RSK,-0.8099999999999999,41,KRSA,0.4504692387904067,2,AGC,RSK,RSK,RPS6KA3
RSK,-0.8099999999999999,41,KRSA,0.4504692387904067,2,AGC,RSK,MSK,RPS6KA4
RSK,-0.8099999999999999,41,KRSA,0.4504692387904067,2,AGC,RSK,MSK,RPS6KA5
RSK,-0.8099999999999999,41,KRSA,0.4504692387904067,2,AGC,RSK,RSK,RPS6KA6
RSK,-0.8099999999999999,41,KRSA,0.4504692387904067,2,AGC,RSK,P70,RPS6KB1
RSK,-0.8099999999999999,41,KRSA,0.4504692387904067,2,AGC,RSK,P70,RPS6KB2
RAD53,-0.13416666666666663,75,KRSA,0.02502606882168926,1,CAMK,RAD53,RAD53,CHEK2
PKD,-1.1025,28,KRSA,0.6256517205422315,3,CAMK,PKD,PKD,PRKD1
PKD,-1.1025,28,KRSA,0.6256517205422315,3,CAMK,PKD,PKD,PRKD2
PKD,-1.1025,28,KRSA,0.6256517205422315,3,CAMK,PKD,PKD,PRKD3
CAMK1,1.5016666666666667,19,KRSA,0.7632950990615224,4,CAMK,CAMK1,CAMK1,CAMK1
CAMK1,1.5016666666666667,19,KRSA,0.7632950990615224,4,CAMK,CAMK1,CAMK1,CAMK1D
CAMK1,1.5016666666666667,19,KRSA,0.7632950990615224,4,CAMK,CAMK1,CAMK1,CAMK1G
CAMK1,1.5016666666666667,19,KRSA,0.7632950990615224,4,CAMK,CAMK1,CAMK1,CAMK4
CAMK1,1.5016666666666667,19,KRSA,0.7632950990615224,4,CAMK,CAMK1,CAMK1,PNCK
MSN,0.10583333333333332,76,KRSA,0.01251303441084463,1,STE,STE20,MSN,MAP4K4
MSN,0.10583333333333332,76,KRSA,0.01251303441084463,1,STE,STE20,MSN,NRK
MSN,0.10583333333333332,76,KRSA,0.01251303441084463,1,STE,STE20,MSN,TNIK
TTK,-1.3,23,KRSA,0.7007299270072993,3,OTHER,TTK,TTK,TTK
NUAK,-1.2766666666666666,25,KRSA,0.6631908237747653,3,CAMK,CAMKL,NUAK,NUAK1
NUAK,-1.2766666666666666,25,KRSA,0.6631908237747653,3,CAMK,CAMKL,NUAK,NUAK2
TLK,-1.2891666666666666,24,KRSA,0.67570385818561,3,OTHER,TLK,TLK,TLK1
TLK,-1.2891666666666666,24,KRSA,0.67570385818561,3,OTHER,TLK,TLK,TLK2
PAKB,-0.41583333333333333,55,KRSA,0.27528675703858185,2,STE,STE20,PAKB,PAK4
PAKB,-0.41583333333333333,55,KRSA,0.27528675703858185,2,STE,STE20,PAKB,PAK5
PAKB,-0.41583333333333333,55,KRSA,0.27528675703858185,2,STE,STE20,PAKB,PAK6
PKN,-0.9216666666666666,32,KRSA,0.5755995828988529,3,AGC,PKN,PKN,PKN1
PKN,-0.9216666666666666,32,KRSA,0.5755995828988529,3,AGC,PKN,PKN,PKN2
PKN,-0.9216666666666666,32,KRSA,0.5755995828988529,3,AGC,PKN,PKN,PKN3
STKR,0.27416666666666667,65,KRSA,0.15015641293013557,1,TKL,STKR,TYPE1,ACVR1
STKR,0.27416666666666667,65,KRSA,0.15015641293013557,1,TKL,STKR,TYPE1,ACVR1B
STKR,0.27416666666666667,65,KRSA,0.15015641293013557,1,TKL,STKR,TYPE1,ACVR1C
STKR,0.27416666666666667,65,KRSA,0.15015641293013557,1,TKL,STKR,TYPE2,ACVR2A
STKR,0.27416666666666667,65,KRSA,0.15015641293013557,1,TKL,STKR,TYPE2,ACVR2B
STKR,0.27416666666666667,65,KRSA,0.15015641293013557,1,TKL,STKR,TYPE1,ACVRL1
STKR,0.27416666666666667,65,KRSA,0.15015641293013557,1,TKL,STKR,TYPE2,AMHR2
STKR,0.27416666666666667,65,KRSA,0.15015641293013557,1,TKL,STKR,TYPE1,BMPR1A
STKR,0.27416666666666667,65,KRSA,0.15015641293013557,1,TKL,STKR,TYPE1,BMPR1B
STKR,0.27416666666666667,65,KRSA,0.15015641293013557,1,TKL,STKR,TYPE2,BMPR2
STKR,0.27416666666666667,65,KRSA,0.15015641293013557,1,TKL,STKR,TYPE1,TGFBR1
STKR,0.27416666666666667,65,KRSA,0.15015641293013557,1,TKL,STKR,TYPE2,TGFBR2
STE11,-0.5483333333333332,50,KRSA,0.337851929092805,2,TKL,MLK,TAK1,MAP3K7
STE11,-0.5483333333333332,50,KRSA,0.337851929092805,2,STE,STE11,MEKK1,MAP3K1
STE11,-0.5483333333333332,50,KRSA,0.337851929092805,2,STE,STE11,ASK,MAP3K15
STE11,-0.5483333333333332,50,KRSA,0.337851929092805,2,STE,STE11,MEKK2,MAP3K2
STE11,-0.5483333333333332,50,KRSA,0.337851929092805,2,STE,STE11,MEKK2,MAP3K3
STE11,-0.5483333333333332,50,KRSA,0.337851929092805,2,STE,STE11,MEKK4,MAP3K4
STE11,-0.5483333333333332,50,KRSA,0.337851929092805,2,STE,STE11,ASK,MAP3K5
STE11,-0.5483333333333332,50,KRSA,0.337851929092805,2,STE,STE11,ASK,MAP3K6
BUD32,-0.9133333333333332,33,KRSA,0.5630865484880083,3,OTHER,BUD32,BUD32,TP53RK
NAK,-0.26833333333333337,66,KRSA,0.13764337851929093,1,OTHER,NAK,BIKE,AAK1
NAK,-0.26833333333333337,66,KRSA,0.13764337851929093,1,OTHER,NAK,BIKE,BMP2K
NAK,-0.26833333333333337,66,KRSA,0.13764337851929093,1,OTHER,NAK,GAK,GAK
NAK,-0.26833333333333337,66,KRSA,0.13764337851929093,1,OTHER,NAK,MPSK,STK16
TAO,-0.21916666666666668,69,KRSA,0.10010427528675704,1,STE,STE20,TAO,TAOK1
TAO,-0.21916666666666668,69,KRSA,0.10010427528675704,1,STE,STE20,TAO,TAOK2
TAO,-0.21916666666666668,69,KRSA,0.10010427528675704,1,STE,STE20,TAO,TAOK3
KHS,0.485,54,KRSA,0.28779979144942647,2,STE,STE20,KHS,MAP4K1
KHS,0.485,54,KRSA,0.28779979144942647,2,STE,STE20,KHS,MAP4K2
KHS,0.485,54,KRSA,0.28779979144942647,2,STE,STE20,KHS,MAP4K3
KHS,0.485,54,KRSA,0.28779979144942647,2,STE,STE20,KHS,MAP4K5
CAMKK,-0.9033333333333332,35,KRSA,0.5380604796663191,3,OTHER,CAMKK,META,CAMKK1
CAMKK,-0.9033333333333332,35,KRSA,0.5380604796663191,3,OTHER,CAMKK,META,CAMKK2
PASK,0.4941666666666667,52,KRSA,0.31282586027111575,2,CAMK,CAMKL,PASK,PASK
WNK,-0.9058333333333334,34,KRSA,0.5505735140771637,3,OTHER,WNK,WNK,WNK1
WNK,-0.9058333333333334,34,KRSA,0.5505735140771637,3,OTHER,WNK,WNK,WNK2
WNK,-0.9058333333333334,34,KRSA,0.5505735140771637,3,OTHER,WNK,WNK,WNK3
WNK,-0.9058333333333334,34,KRSA,0.5505735140771637,3,OTHER,WNK,WNK,WNK4
CLK,-0.8908333333333334,38,KRSA,0.4880083420229406,2,CMGC,CLK,CLK,CLK1
CLK,-0.8908333333333334,38,KRSA,0.4880083420229406,2,CMGC,CLK,CLK,CLK2
CLK,-0.8908333333333334,38,KRSA,0.4880083420229406,2,CMGC,CLK,CLK,CLK3
CLK,-0.8908333333333334,38,KRSA,0.4880083420229406,2,CMGC,CLK,CLK,CLK4
HAL,0.3016666666666666,63,KRSA,0.17518248175182483,1,RGC,RGC,RGC,NPR1
ULK,-0.8966666666666667,37,KRSA,0.5130344108446299,3,OTHER,ULK,FUSED,STK36
ULK,-0.8966666666666667,37,KRSA,0.5130344108446299,3,OTHER,ULK,ULK,ULK1
ULK,-0.8966666666666667,37,KRSA,0.5130344108446299,3,OTHER,ULK,ULK,ULK2
ULK,-0.8966666666666667,37,KRSA,0.5130344108446299,3,OTHER,ULK,ULK,ULK3
ULK,-0.8966666666666667,37,KRSA,0.5130344108446299,3,OTHER,ULK,ULK,ULK4
NIK,-0.9008333333333334,36,KRSA,0.5255474452554745,3,STE,STE-UNIQUE,STE-UNIQUE,MAP3K14
IRAK,-0.4916666666666667,53,KRSA,0.30031282586027114,2,TKL,IRAK,IRAK,IRAK1
IRAK,-0.4916666666666667,53,KRSA,0.30031282586027114,2,TKL,IRAK,IRAK,IRAK2
IRAK,-0.4916666666666667,53,KRSA,0.30031282586027114,2,TKL,IRAK,IRAK,IRAK3
IRAK,-0.4916666666666667,53,KRSA,0.30031282586027114,2,TKL,IRAK,IRAK,IRAK4
AUR,-0.3675000000000001,58,KRSA,0.23774765380604795,1,OTHER,AUR,AUR,AURKA
AUR,-0.3675000000000001,58,KRSA,0.23774765380604795,1,OTHER,AUR,AUR,AURKB
AUR,-0.3675000000000001,58,KRSA,0.23774765380604795,1,OTHER,AUR,AUR,AURKC
GSK,-0.7283333333333333,46,KRSA,0.38790406673618355,2,CMGC,GSK,GSK,GSK3A
GSK,-0.7283333333333333,46,KRSA,0.38790406673618355,2,CMGC,GSK,GSK,GSK3B
COT,-0.1675,72,KRSA,0.06256517205422316,1,STE,STE-UNIQUE,STE-UNIQUE,MAP3K8
MLCK,0.3958333333333333,56,KRSA,0.26277372262773724,2,CAMK,MLCK,MLCK,MYLK
MLCK,0.3958333333333333,56,KRSA,0.26277372262773724,2,CAMK,MLCK,MLCK,MYLK2
MLCK,0.3958333333333333,56,KRSA,0.26277372262773724,2,CAMK,MLCK,MLCK,TTN
AMPK,-0.18416666666666665,71,KRSA,0.07507820646506778,1,CAMK,CAMKL,AMPK,PRKAA1
AMPK,-0.18416666666666665,71,KRSA,0.07507820646506778,1,CAMK,CAMKL,AMPK,PRKAA2
RAF,-1.2366666666666666,26,KRSA,0.6506777893639207,3,TKL,RAF,RAF,ARAF
RAF,-1.2366666666666666,26,KRSA,0.6506777893639207,3,TKL,RAF,RAF,BRAF
RAF,-1.2366666666666666,26,KRSA,0.6506777893639207,3,TKL,RAF,KSR,KSR1
RAF,-1.2366666666666666,26,KRSA,0.6506777893639207,3,TKL,RAF,KSR,KSR2
RAF,-1.2366666666666666,26,KRSA,0.6506777893639207,3,TKL,RAF,RAF,RAF1
PKCD,-0.2675,67,KRSA,0.1251303441084463,1,AGC,PKC,DELTA,PRKCD
PKCD,-0.2675,67,KRSA,0.1251303441084463,1,AGC,PKC,DELTA,PRKCQ
VRK1,-0.8908333333333334,38,KRSA,0.4880083420229406,2,CK1,VRK,VRK,VRK1
MLK,-0.3433333333333334,61,KRSA,0.20020855057351408,1,TKL,MLK,ILK,ILK
MLK,-0.3433333333333334,61,KRSA,0.20020855057351408,1,TKL,MLK,MLK,MAP3K10
MLK,-0.3433333333333334,61,KRSA,0.20020855057351408,1,TKL,MLK,MLK,MAP3K11
MLK,-0.3433333333333334,61,KRSA,0.20020855057351408,1,TKL,MLK,LZK,MAP3K12
MLK,-0.3433333333333334,61,KRSA,0.20020855057351408,1,TKL,MLK,LZK,MAP3K13
MLK,-0.3433333333333334,61,KRSA,0.20020855057351408,1,TKL,MLK,MLK,MAP3K9
MLK,-0.3433333333333334,61,KRSA,0.20020855057351408,1,TKL,MLK,HH498,TNNI3K
PKCH,-0.195,70,KRSA,0.08759124087591241,1,AGC,PKC,ETA,PRKCE
PKCH,-0.195,70,KRSA,0.08759124087591241,1,AGC,PKC,ETA,PRKCH
RIPK,0.05999999999999998,77,KRSA,0,1,TKL,RIPK,RIPK,ANKK1
RIPK,0.05999999999999998,77,KRSA,0,1,TKL,RIPK,RIPK,RIPK1
RIPK,0.05999999999999998,77,KRSA,0,1,TKL,RIPK,RIPK,RIPK2
RIPK,0.05999999999999998,77,KRSA,0,1,TKL,RIPK,RIPK,RIPK3
RIPK,0.05999999999999998,77,KRSA,0,1,TKL,RIPK,RIPK,RIPK4
MTOR,-0.8025,42,KRSA,0.43795620437956206,2,ATYPICAL,PIKK,FRAP,MTOR
PKG,0.6633333333333333,48,KRSA,0.36287799791449427,2,AGC,PKG,PKG,PRKG1
PKG,0.6633333333333333,48,KRSA,0.36287799791449427,2,AGC,PKG,PKG,PRKG2
PRKDC,-1.2891666666666666,24,KRSA,0.67570385818561,3,ATYPICAL,PIKK,DNAPK,PRKDC
GRK,-0.35416666666666663,59,KRSA,0.22523461939520334,1,AGC,GRK,GRK,GRK1
GRK,-0.35416666666666663,59,KRSA,0.22523461939520334,1,AGC,GRK,GRK,GRK4
GRK,-0.35416666666666663,59,KRSA,0.22523461939520334,1,AGC,GRK,GRK,GRK5
GRK,-0.35416666666666663,59,KRSA,0.22523461939520334,1,AGC,GRK,GRK,GRK6
GRK,-0.35416666666666663,59,KRSA,0.22523461939520334,1,AGC,GRK,GRK,GRK7
STE7,-2.35,11,KRSA,0.8633993743482794,4,STE,STE7,MEK1,MAP2K1
STE7,-2.35,11,KRSA,0.8633993743482794,4,STE,STE7,MEK1,MAP2K2
STE7,-2.35,11,KRSA,0.8633993743482794,4,STE,STE7,MEK3,MAP2K3
STE7,-2.35,11,KRSA,0.8633993743482794,4,STE,STE7,MEK4,MAP2K4
STE7,-2.35,11,KRSA,0.8633993743482794,4,STE,STE7,MEK5,MAP2K5
STE7,-2.35,11,KRSA,0.8633993743482794,4,STE,STE7,MEK3,MAP2K6
STE7,-2.35,11,KRSA,0.8633993743482794,4,STE,STE7,MEK7,MAP2K7
SGK,0.5308333333333334,51,KRSA,0.32533889468196037,2,AGC,SGK,SGK,SGK1
SGK,0.5308333333333334,51,KRSA,0.32533889468196037,2,AGC,SGK,SGK,SGK2
SGK,0.5308333333333334,51,KRSA,0.32533889468196037,2,AGC,SGK,SGK,SGK3
CK2,-1.05,30,KRSA,0.6006256517205423,3,CMGC,CK2,CK2,CSNK2A1
CK2,-1.05,30,KRSA,0.6006256517205423,3,CMGC,CK2,CK2,CSNK2A2
CK2,-1.05,30,KRSA,0.6006256517205423,3,NA,NA,NA,CSNK2A3
LKB,-1.524166666666667,18,KRSA,0.7758081334723671,4,CAMK,CAMKL,LKB,STK11
PKA,0.7558333333333334,45,KRSA,0.40041710114702816,2,AGC,PKA,PKA,PRKACA
PKA,0.7558333333333334,45,KRSA,0.40041710114702816,2,AGC,PKA,PKA,PRKACB
PKA,0.7558333333333334,45,KRSA,0.40041710114702816,2,AGC,PKA,PKA,PRKACG
PKA,0.7558333333333334,45,KRSA,0.40041710114702816,2,AGC,PKA,PKA,PRKX
PKA,0.7558333333333334,45,KRSA,0.40041710114702816,2,AGC,PKA,PKA,PRKY
MST,-1.3266666666666669,21,KRSA,0.7382690302398331,3,STE,STE20,MST,STK3
MST,-1.3266666666666669,21,KRSA,0.7382690302398331,3,STE,STE20,MST,STK4
PKCI,-0.3933333333333333,57,KRSA,0.2502606882168926,2,AGC,PKC,IOTA,PRKCI
PKCI,-0.3933333333333333,57,KRSA,0.2502606882168926,2,AGC,PKC,IOTA,PRKCZ
ATR,-1.0583333333333331,29,KRSA,0.6131386861313869,3,ATYPICAL,PIKK,ATR,ATR
CHK1,0.29333333333333333,64,KRSA,0.16266944734098018,1,CAMK,CAMKL,CHK1,CHEK1
MELK,-0.13749999999999998,73,KRSA,0.05005213764337852,1,CAMK,CAMKL,MELK,MELK
NEK,-0.6808333333333333,47,KRSA,0.3753910323253389,2,OTHER,NEK,NEK11,NEK11
NEK,-0.6808333333333333,47,KRSA,0.3753910323253389,2,OTHER,NEK,NEK2,NEK2
NEK,-0.6808333333333333,47,KRSA,0.3753910323253389,2,OTHER,NEK,NEK1,NEK3
NEK,-0.6808333333333333,47,KRSA,0.3753910323253389,2,OTHER,NEK,NEK4,NEK4
NEK,-0.6808333333333333,47,KRSA,0.3753910323253389,2,OTHER,NEK,NEK1,NEK5
NEK,-0.6808333333333333,47,KRSA,0.3753910323253389,2,OTHER,NEK,NEK6,NEK6
NEK,-0.6808333333333333,47,KRSA,0.3753910323253389,2,OTHER,NEK,NEK6,NEK7
NEK,-0.6808333333333333,47,KRSA,0.3753910323253389,2,OTHER,NEK,NEK8,NEK8
NEK,-0.6808333333333333,47,KRSA,0.3753910323253389,2,OTHER,NEK,NEK8,NEK9
CAMK2,-0.26499999999999996,68,KRSA,0.11261730969760167,1,CAMK,CAMK2,CAMK2,CAMK2A
CAMK2,-0.26499999999999996,68,KRSA,0.11261730969760167,1,CAMK,CAMK2,CAMK2,CAMK2B
CAMK2,-0.26499999999999996,68,KRSA,0.11261730969760167,1,CAMK,CAMK2,CAMK2,CAMK2D
CAMK2,-0.26499999999999996,68,KRSA,0.11261730969760167,1,CAMK,CAMK2,CAMK2,CAMK2G
PKCA,-4.91,1,KRSA,0.9885297184567258,4,AGC,PKC,ALPHA,PRKCA
PKCA,-4.91,1,KRSA,0.9885297184567258,4,AGC,PKC,ALPHA,PRKCB
PKCA,-4.91,1,KRSA,0.9885297184567258,4,AGC,PKC,ALPHA,PRKCG
DMPK,-1.875,15,KRSA,0.8133472367049009,4,AGC,DMPK,GEK,CDC42BPA
DMPK,-1.875,15,KRSA,0.8133472367049009,4,AGC,DMPK,GEK,CDC42BPB
DMPK,-1.875,15,KRSA,0.8133472367049009,4,AGC,DMPK,GEK,CDC42BPG
DMPK,-1.875,15,KRSA,0.8133472367049009,4,AGC,DMPK,CRIK,CIT
DMPK,-1.875,15,KRSA,0.8133472367049009,4,AGC,DMPK,GEK,DMPK
DMPK,-1.875,15,KRSA,0.8133472367049009,4,AGC,DMPK,ROCK,ROCK1
DMPK,-1.875,15,KRSA,0.8133472367049009,4,AGC,DMPK,ROCK,ROCK2
PHK,-2.5658333333333334,7,KRSA,0.913451511991658,4,CAMK,PHK,PHK,PHKG1
PHK,-2.5658333333333334,7,KRSA,0.913451511991658,4,CAMK,PHK,PHK,PHKG2
CAMK1,1.5016666666666667,19,KRSA,0.7632950990615224,4,CAMK,CAMK1,CAMK1,CAMK1
CAMK1,1.5016666666666667,19,KRSA,0.7632950990615224,4,CAMK,CAMK1,CAMK1,CAMK1D
CAMK1,1.5016666666666667,19,KRSA,0.7632950990615224,4,CAMK,CAMK1,CAMK1,CAMK1G
CAMK1,1.5016666666666667,19,KRSA,0.7632950990615224,4,CAMK,CAMK1,CAMK1,CAMK4
CAMK1,1.5016666666666667,19,KRSA,0.7632950990615224,4,CAMK,CAMK1,CAMK1,PNCK
MOS,0.65,49,KRSA,0.35036496350364965,2,OTHER,MOS,MOS,MOS
BRSK,1.3283333333333334,20,KRSA,0.7507820646506778,4,CAMK,CAMKL,BRSK,BRSK1
BRSK,1.3283333333333334,20,KRSA,0.7507820646506778,4,CAMK,CAMKL,BRSK,BRSK2
STKR,0.27416666666666667,65,KRSA,0.15015641293013557,1,TKL,STKR,TYPE1,ACVR1
STKR,0.27416666666666667,65,KRSA,0.15015641293013557,1,TKL,STKR,TYPE1,ACVR1B
STKR,0.27416666666666667,65,KRSA,0.15015641293013557,1,TKL,STKR,TYPE1,ACVR1C
STKR,0.27416666666666667,65,KRSA,0.15015641293013557,1,TKL,STKR,TYPE2,ACVR2A
STKR,0.27416666666666667,65,KRSA,0.15015641293013557,1,TKL,STKR,TYPE2,ACVR2B
STKR,0.27416666666666667,65,KRSA,0.15015641293013557,1,TKL,STKR,TYPE1,ACVRL1
STKR,0.27416666666666667,65,KRSA,0.15015641293013557,1,TKL,STKR,TYPE2,AMHR2
STKR,0.27416666666666667,65,KRSA,0.15015641293013557,1,TKL,STKR,TYPE1,BMPR1A
STKR,0.27416666666666667,65,KRSA,0.15015641293013557,1,TKL,STKR,TYPE1,BMPR1B
STKR,0.27416666666666667,65,KRSA,0.15015641293013557,1,TKL,STKR,TYPE2,BMPR2
STKR,0.27416666666666667,65,KRSA,0.15015641293013557,1,TKL,STKR,TYPE1,TGFBR1
STKR,0.27416666666666667,65,KRSA,0.15015641293013557,1,TKL,STKR,TYPE2,TGFBR2
PIM,-0.9233333333333332,31,KRSA,0.5881126173096975,3,CAMK,PIM,PIM,PIM1
PIM,-0.9233333333333332,31,KRSA,0.5881126173096975,3,CAMK,PIM,PIM,PIM2
PIM,-0.9233333333333332,31,KRSA,0.5881126173096975,3,CAMK,PIM,PIM,PIM3
PDK1,-2.8158333333333334,5,KRSA,0.9384775808133472,4,ATYPICAL,PDHK,PDHK,PDK1
PDK1,-2.8158333333333334,5,KRSA,0.9384775808133472,4,AGC,PDK1,PDK1,PDPK1
PAKA,-1.3,23,KRSA,0.7007299270072993,3,STE,STE20,PAKA,PAK1
PAKA,-1.3,23,KRSA,0.7007299270072993,3,STE,STE20,PAKA,PAK2
PAKA,-1.3,23,KRSA,0.7007299270072993,3,STE,STE20,PAKA,PAK3
PDHK,-2.565,8,KRSA,0.9009384775808134,4,ATYPICAL,PDHK,BCKDK,BCKDK
PDHK,-2.565,8,KRSA,0.9009384775808134,4,ATYPICAL,PDHK,PDHK,PDK2
PDHK,-2.565,8,KRSA,0.9009384775808134,4,ATYPICAL,PDHK,PDHK,PDK3
PDHK,-2.565,8,KRSA,0.9009384775808134,4,ATYPICAL,PDHK,PDHK,PDK4
ATR,-1.0583333333333331,29,KRSA,0.6131386861313869,3,ATYPICAL,PIKK,ATR,ATR
PEK,-3.924166666666667,2,KRSA,0.9760166840458812,4,OTHER,PEK,HRI,EIF2AK1
PEK,-3.924166666666667,2,KRSA,0.9760166840458812,4,OTHER,PEK,PKR,EIF2AK2
PEK,-3.924166666666667,2,KRSA,0.9760166840458812,4,OTHER,PEK,PEK,EIF2AK3
PEK,-3.924166666666667,2,KRSA,0.9760166840458812,4,OTHER,PEK,GCN2,EIF2AK4
PRKDC,-1.2891666666666666,24,KRSA,0.67570385818561,3,ATYPICAL,PIKK,DNAPK,PRKDC
NAK,-0.26833333333333337,66,KRSA,0.13764337851929093,1,OTHER,NAK,BIKE,AAK1
NAK,-0.26833333333333337,66,KRSA,0.13764337851929093,1,OTHER,NAK,BIKE,BMP2K
NAK,-0.26833333333333337,66,KRSA,0.13764337851929093,1,OTHER,NAK,GAK,GAK
NAK,-0.26833333333333337,66,KRSA,0.13764337851929093,1,OTHER,NAK,MPSK,STK16
STE11,-0.5483333333333332,50,KRSA,0.337851929092805,2,TKL,MLK,TAK1,MAP3K7
STE11,-0.5483333333333332,50,KRSA,0.337851929092805,2,STE,STE11,MEKK1,MAP3K1
STE11,-0.5483333333333332,50,KRSA,0.337851929092805,2,STE,STE11,ASK,MAP3K15
STE11,-0.5483333333333332,50,KRSA,0.337851929092805,2,STE,STE11,MEKK2,MAP3K2
STE11,-0.5483333333333332,50,KRSA,0.337851929092805,2,STE,STE11,MEKK2,MAP3K3
STE11,-0.5483333333333332,50,KRSA,0.337851929092805,2,STE,STE11,MEKK4,MAP3K4
STE11,-0.5483333333333332,50,KRSA,0.337851929092805,2,STE,STE11,ASK,MAP3K5
STE11,-0.5483333333333332,50,KRSA,0.337851929092805,2,STE,STE11,ASK,MAP3K6
RAD53,-0.13416666666666663,75,KRSA,0.02502606882168926,1,CAMK,RAD53,RAD53,CHEK2
AKT,-0.3366666666666667,62,KRSA,0.18769551616266944,1,AGC,AKT,AKT,AKT1
AKT,-0.3366666666666667,62,KRSA,0.18769551616266944,1,AGC,AKT,AKT,AKT2
AKT,-0.3366666666666667,62,KRSA,0.18769551616266944,1,AGC,AKT,AKT,AKT3
PLK,-2.9066666666666667,4,KRSA,0.9509906152241918,4,NA,NA,NA,PLK5
PLK,-2.9066666666666667,4,KRSA,0.9509906152241918,4,OTHER,PLK,PLK1,PLK1
PLK,-2.9066666666666667,4,KRSA,0.9509906152241918,4,OTHER,PLK,PLK2,PLK2
PLK,-2.9066666666666667,4,KRSA,0.9509906152241918,4,OTHER,PLK,PLK2,PLK3
PLK,-2.9066666666666667,4,KRSA,0.9509906152241918,4,OTHER,PLK,SAK,PLK4
MST,-1.3266666666666669,21,KRSA,0.7382690302398331,3,STE,STE20,MST,STK3
MST,-1.3266666666666669,21,KRSA,0.7382690302398331,3,STE,STE20,MST,STK4
DAPK,-0.835,40,KRSA,0.4629822732012513,2,CAMK,DAPK,DAPK,DAPK1
DAPK,-0.835,40,KRSA,0.4629822732012513,2,CAMK,DAPK,DAPK,DAPK2
DAPK,-0.835,40,KRSA,0.4629822732012513,2,CAMK,DAPK,DAPK,DAPK3
DAPK,-0.835,40,KRSA,0.4629822732012513,2,CAMK,DAPK,DRAK,STK17A
DAPK,-0.835,40,KRSA,0.4629822732012513,2,CAMK,DAPK,DRAK,STK17B
RAF,-1.2366666666666666,26,KRSA,0.6506777893639207,3,TKL,RAF,RAF,ARAF
RAF,-1.2366666666666666,26,KRSA,0.6506777893639207,3,TKL,RAF,RAF,BRAF
RAF,-1.2366666666666666,26,KRSA,0.6506777893639207,3,TKL,RAF,KSR,KSR1
RAF,-1.2366666666666666,26,KRSA,0.6506777893639207,3,TKL,RAF,KSR,KSR2
RAF,-1.2366666666666666,26,KRSA,0.6506777893639207,3,TKL,RAF,RAF,RAF1
RSK,-0.8099999999999999,41,KRSA,0.4504692387904067,2,AGC,RSK,RSK,RPS6KA1
RSK,-0.8099999999999999,41,KRSA,0.4504692387904067,2,AGC,RSK,RSK,RPS6KA2
RSK,-0.8099999999999999,41,KRSA,0.4504692387904067,2,AGC,RSK,RSK,RPS6KA3
RSK,-0.8099999999999999,41,KRSA,0.4504692387904067,2,AGC,RSK,MSK,RPS6KA4
RSK,-0.8099999999999999,41,KRSA,0.4504692387904067,2,AGC,RSK,MSK,RPS6KA5
RSK,-0.8099999999999999,41,KRSA,0.4504692387904067,2,AGC,RSK,RSK,RPS6KA6
RSK,-0.8099999999999999,41,KRSA,0.4504692387904067,2,AGC,RSK,P70,RPS6KB1
RSK,-0.8099999999999999,41,KRSA,0.4504692387904067,2,AGC,RSK,P70,RPS6KB2
COT,-0.1675,72,KRSA,0.06256517205422316,1,STE,STE-UNIQUE,STE-UNIQUE,MAP3K8
QIK,-1.8483333333333336,16,KRSA,0.8008342022940563,4,CAMK,CAMKL,QIK,SIK1
QIK,-1.8483333333333336,16,KRSA,0.8008342022940563,4,CAMK,CAMKL,QIK,SIK2
VRK1,-0.8908333333333334,38,KRSA,0.4880083420229406,2,CK1,VRK,VRK,VRK1
NDR,-0.8741666666666666,39,KRSA,0.4754953076120959,2,AGC,NDR,NDR,LATS1
NDR,-0.8741666666666666,39,KRSA,0.4754953076120959,2,AGC,NDR,NDR,LATS2
NDR,-0.8741666666666666,39,KRSA,0.4754953076120959,2,AGC,NDR,NDR,STK38
NDR,-0.8741666666666666,39,KRSA,0.4754953076120959,2,AGC,NDR,NDR,STK38L
GRK,-0.35416666666666663,59,KRSA,0.22523461939520334,1,AGC,GRK,GRK,GRK1
GRK,-0.35416666666666663,59,KRSA,0.22523461939520334,1,AGC,GRK,GRK,GRK4
GRK,-0.35416666666666663,59,KRSA,0.22523461939520334,1,AGC,GRK,GRK,GRK5
GRK,-0.35416666666666663,59,KRSA,0.22523461939520334,1,AGC,GRK,GRK,GRK6
GRK,-0.35416666666666663,59,KRSA,0.22523461939520334,1,AGC,GRK,GRK,GRK7
MSN,0.10583333333333332,76,KRSA,0.01251303441084463,1,STE,STE20,MSN,MAP4K4
MSN,0.10583333333333332,76,KRSA,0.01251303441084463,1,STE,STE20,MSN,NRK
MSN,0.10583333333333332,76,KRSA,0.01251303441084463,1,STE,STE20,MSN,TNIK
BARK2,0.7916666666666666,44,KRSA,0.4129301355578728,2,AGC,GRK,BARK,GRK3
ATM,-1.211666666666667,27,KRSA,0.6381647549530761,3,ATYPICAL,PIKK,ATM,ATM
PKCD,-0.2675,67,KRSA,0.1251303441084463,1,AGC,PKC,DELTA,PRKCD
PKCD,-0.2675,67,KRSA,0.1251303441084463,1,AGC,PKC,DELTA,PRKCQ
JNK,-1.945,13,KRSA,0.8383733055265902,4,CMGC,MAPK,JNK,MAPK10
JNK,-1.945,13,KRSA,0.8383733055265902,4,CMGC,MAPK,JNK,MAPK8
JNK,-1.945,13,KRSA,0.8383733055265902,4,CMGC,MAPK,JNK,MAPK9
FRAY,-1.5658333333333334,17,KRSA,0.7883211678832117,4,STE,STE20,FRAY,OXSR1
FRAY,-1.5658333333333334,17,KRSA,0.7883211678832117,4,STE,STE20,FRAY,STK39
CK2,-1.05,30,KRSA,0.6006256517205423,3,CMGC,CK2,CK2,CSNK2A1
CK2,-1.05,30,KRSA,0.6006256517205423,3,CMGC,CK2,CK2,CSNK2A2
CK2,-1.05,30,KRSA,0.6006256517205423,3,NA,NA,NA,CSNK2A3
PKA,0.7558333333333334,45,KRSA,0.40041710114702816,2,AGC,PKA,PKA,PRKACA
PKA,0.7558333333333334,45,KRSA,0.40041710114702816,2,AGC,PKA,PKA,PRKACB
PKA,0.7558333333333334,45,KRSA,0.40041710114702816,2,AGC,PKA,PKA,PRKACG
PKA,0.7558333333333334,45,KRSA,0.40041710114702816,2,AGC,PKA,PKA,PRKX
PKA,0.7558333333333334,45,KRSA,0.40041710114702816,2,AGC,PKA,PKA,PRKY
IRAK,-0.4916666666666667,53,KRSA,0.30031282586027114,2,TKL,IRAK,IRAK,IRAK1
IRAK,-0.4916666666666667,53,KRSA,0.30031282586027114,2,TKL,IRAK,IRAK,IRAK2
IRAK,-0.4916666666666667,53,KRSA,0.30031282586027114,2,TKL,IRAK,IRAK,IRAK3
IRAK,-0.4916666666666667,53,KRSA,0.30031282586027114,2,TKL,IRAK,IRAK,IRAK4
TLK,-1.2891666666666666,24,KRSA,0.67570385818561,3,OTHER,TLK,TLK,TLK1
TLK,-1.2891666666666666,24,KRSA,0.67570385818561,3,OTHER,TLK,TLK,TLK2
NUAK,-1.2766666666666666,25,KRSA,0.6631908237747653,3,CAMK,CAMKL,NUAK,NUAK1
NUAK,-1.2766666666666666,25,KRSA,0.6631908237747653,3,CAMK,CAMKL,NUAK,NUAK2
NMO,-2.444166666666667,9,KRSA,0.8884254431699687,4,CMGC,MAPK,NMO,NLK
LKB,-1.524166666666667,18,KRSA,0.7758081334723671,4,CAMK,CAMKL,LKB,STK11
PKN,-0.9216666666666666,32,KRSA,0.5755995828988529,3,AGC,PKN,PKN,PKN1
PKN,-0.9216666666666666,32,KRSA,0.5755995828988529,3,AGC,PKN,PKN,PKN2
PKN,-0.9216666666666666,32,KRSA,0.5755995828988529,3,AGC,PKN,PKN,PKN3
PAKB,-0.41583333333333333,55,KRSA,0.27528675703858185,2,STE,STE20,PAKB,PAK4
PAKB,-0.41583333333333333,55,KRSA,0.27528675703858185,2,STE,STE20,PAKB,PAK5
PAKB,-0.41583333333333333,55,KRSA,0.27528675703858185,2,STE,STE20,PAKB,PAK6
PKCI,-0.3933333333333333,57,KRSA,0.2502606882168926,2,AGC,PKC,IOTA,PRKCI
PKCI,-0.3933333333333333,57,KRSA,0.2502606882168926,2,AGC,PKC,IOTA,PRKCZ
MLK,-0.3433333333333334,61,KRSA,0.20020855057351408,1,TKL,MLK,ILK,ILK
MLK,-0.3433333333333334,61,KRSA,0.20020855057351408,1,TKL,MLK,MLK,MAP3K10
MLK,-0.3433333333333334,61,KRSA,0.20020855057351408,1,TKL,MLK,MLK,MAP3K11
MLK,-0.3433333333333334,61,KRSA,0.20020855057351408,1,TKL,MLK,LZK,MAP3K12
MLK,-0.3433333333333334,61,KRSA,0.20020855057351408,1,TKL,MLK,LZK,MAP3K13
MLK,-0.3433333333333334,61,KRSA,0.20020855057351408,1,TKL,MLK,MLK,MAP3K9
MLK,-0.3433333333333334,61,KRSA,0.20020855057351408,1,TKL,MLK,HH498,TNNI3K
HAL,0.3016666666666666,63,KRSA,0.17518248175182483,1,RGC,RGC,RGC,NPR1
TTK,-1.3,23,KRSA,0.7007299270072993,3,OTHER,TTK,TTK,TTK
AUR,-0.3675000000000001,58,KRSA,0.23774765380604795,1,OTHER,AUR,AUR,AURKA
AUR,-0.3675000000000001,58,KRSA,0.23774765380604795,1,OTHER,AUR,AUR,AURKB
AUR,-0.3675000000000001,58,KRSA,0.23774765380604795,1,OTHER,AUR,AUR,AURKC
MTOR,-0.8025,42,KRSA,0.43795620437956206,2,ATYPICAL,PIKK,FRAP,MTOR
IKK,-0.7975,43,KRSA,0.4254431699687174,2,OTHER,IKK,IKK,CHUK
IKK,-0.7975,43,KRSA,0.4254431699687174,2,OTHER,IKK,IKK,IKBKB
IKK,-0.7975,43,KRSA,0.4254431699687174,2,OTHER,IKK,IKK,IKBKE
IKK,-0.7975,43,KRSA,0.4254431699687174,2,OTHER,IKK,IKK,TBK1
STE7,-2.35,11,KRSA,0.8633993743482794,4,STE,STE7,MEK1,MAP2K1
STE7,-2.35,11,KRSA,0.8633993743482794,4,STE,STE7,MEK1,MAP2K2
STE7,-2.35,11,KRSA,0.8633993743482794,4,STE,STE7,MEK3,MAP2K3
STE7,-2.35,11,KRSA,0.8633993743482794,4,STE,STE7,MEK4,MAP2K4
STE7,-2.35,11,KRSA,0.8633993743482794,4,STE,STE7,MEK5,MAP2K5
STE7,-2.35,11,KRSA,0.8633993743482794,4,STE,STE7,MEK3,MAP2K6
STE7,-2.35,11,KRSA,0.8633993743482794,4,STE,STE7,MEK7,MAP2K7
NEK,-0.6808333333333333,47,KRSA,0.3753910323253389,2,OTHER,NEK,NEK11,NEK11
NEK,-0.6808333333333333,47,KRSA,0.3753910323253389,2,OTHER,NEK,NEK2,NEK2
NEK,-0.6808333333333333,47,KRSA,0.3753910323253389,2,OTHER,NEK,NEK1,NEK3
NEK,-0.6808333333333333,47,KRSA,0.3753910323253389,2,OTHER,NEK,NEK4,NEK4
NEK,-0.6808333333333333,47,KRSA,0.3753910323253389,2,OTHER,NEK,NEK1,NEK5
NEK,-0.6808333333333333,47,KRSA,0.3753910323253389,2,OTHER,NEK,NEK6,NEK6
NEK,-0.6808333333333333,47,KRSA,0.3753910323253389,2,OTHER,NEK,NEK6,NEK7
NEK,-0.6808333333333333,47,KRSA,0.3753910323253389,2,OTHER,NEK,NEK8,NEK8
NEK,-0.6808333333333333,47,KRSA,0.3753910323253389,2,OTHER,NEK,NEK8,NEK9
GSK,-0.7283333333333333,46,KRSA,0.38790406673618355,2,CMGC,GSK,GSK,GSK3A
GSK,-0.7283333333333333,46,KRSA,0.38790406673618355,2,CMGC,GSK,GSK,GSK3B
NIK,-0.9008333333333334,36,KRSA,0.5255474452554745,3,STE,STE-UNIQUE,STE-UNIQUE,MAP3K14
ULK,-0.8966666666666667,37,KRSA,0.5130344108446299,3,OTHER,ULK,FUSED,STK36
ULK,-0.8966666666666667,37,KRSA,0.5130344108446299,3,OTHER,ULK,ULK,ULK1
ULK,-0.8966666666666667,37,KRSA,0.5130344108446299,3,OTHER,ULK,ULK,ULK2
ULK,-0.8966666666666667,37,KRSA,0.5130344108446299,3,OTHER,ULK,ULK,ULK3
ULK,-0.8966666666666667,37,KRSA,0.5130344108446299,3,OTHER,ULK,ULK,ULK4
KHS,0.485,54,KRSA,0.28779979144942647,2,STE,STE20,KHS,MAP4K1
KHS,0.485,54,KRSA,0.28779979144942647,2,STE,STE20,KHS,MAP4K2
KHS,0.485,54,KRSA,0.28779979144942647,2,STE,STE20,KHS,MAP4K3
KHS,0.485,54,KRSA,0.28779979144942647,2,STE,STE20,KHS,MAP4K5
SLK,0.13416666666666668,74,KRSA,0.03753910323253389,1,STE,STE20,SLK,SLK
SLK,0.13416666666666668,74,KRSA,0.03753910323253389,1,STE,STE20,SLK,STK10
WNK,-0.9058333333333334,34,KRSA,0.5505735140771637,3,OTHER,WNK,WNK,WNK1
WNK,-0.9058333333333334,34,KRSA,0.5505735140771637,3,OTHER,WNK,WNK,WNK2
WNK,-0.9058333333333334,34,KRSA,0.5505735140771637,3,OTHER,WNK,WNK,WNK3
WNK,-0.9058333333333334,34,KRSA,0.5505735140771637,3,OTHER,WNK,WNK,WNK4
PASK,0.4941666666666667,52,KRSA,0.31282586027111575,2,CAMK,CAMKL,PASK,PASK
CAMKK,-0.9033333333333332,35,KRSA,0.5380604796663191,3,OTHER,CAMKK,META,CAMKK1
CAMKK,-0.9033333333333332,35,KRSA,0.5380604796663191,3,OTHER,CAMKK,META,CAMKK2
CLK,-0.8908333333333334,38,KRSA,0.4880083420229406,2,CMGC,CLK,CLK,CLK1
CLK,-0.8908333333333334,38,KRSA,0.4880083420229406,2,CMGC,CLK,CLK,CLK2
CLK,-0.8908333333333334,38,KRSA,0.4880083420229406,2,CMGC,CLK,CLK,CLK3
CLK,-0.8908333333333334,38,KRSA,0.4880083420229406,2,CMGC,CLK,CLK,CLK4
MELK,-0.13749999999999998,73,KRSA,0.05005213764337852,1,CAMK,CAMKL,MELK,MELK
TAO,-0.21916666666666668,69,KRSA,0.10010427528675704,1,STE,STE20,TAO,TAOK1
TAO,-0.21916666666666668,69,KRSA,0.10010427528675704,1,STE,STE20,TAO,TAOK2
TAO,-0.21916666666666668,69,KRSA,0.10010427528675704,1,STE,STE20,TAO,TAOK3
BUD32,-0.9133333333333332,33,KRSA,0.5630865484880083,3,OTHER,BUD32,BUD32,TP53RK
PKCH,-0.195,70,KRSA,0.08759124087591241,1,AGC,PKC,ETA,PRKCE
PKCH,-0.195,70,KRSA,0.08759124087591241,1,AGC,PKC,ETA,PRKCH
PKD,-1.1025,28,KRSA,0.6256517205422315,3,CAMK,PKD,PKD,PRKD1
PKD,-1.1025,28,KRSA,0.6256517205422315,3,CAMK,PKD,PKD,PRKD2
PKD,-1.1025,28,KRSA,0.6256517205422315,3,CAMK,PKD,PKD,PRKD3
DYRK,-2.3608333333333333,10,KRSA,0.8759124087591241,4,CMGC,DYRK,DYRK1,DYRK1A
DYRK,-2.3608333333333333,10,KRSA,0.8759124087591241,4,CMGC,DYRK,DYRK1,DYRK1B
DYRK,-2.3608333333333333,10,KRSA,0.8759124087591241,4,CMGC,DYRK,DYRK2,DYRK2
DYRK,-2.3608333333333333,10,KRSA,0.8759124087591241,4,CMGC,DYRK,DYRK2,DYRK3
DYRK,-2.3608333333333333,10,KRSA,0.8759124087591241,4,CMGC,DYRK,DYRK2,DYRK4
DYRK,-2.3608333333333333,10,KRSA,0.8759124087591241,4,CMGC,DYRK,HIPK,HIPK1
DYRK,-2.3608333333333333,10,KRSA,0.8759124087591241,4,CMGC,DYRK,HIPK,HIPK2
DYRK,-2.3608333333333333,10,KRSA,0.8759124087591241,4,CMGC,DYRK,HIPK,HIPK3
DYRK,-2.3608333333333333,10,KRSA,0.8759124087591241,4,CMGC,DYRK,HIPK,HIPK4
DYRK,-2.3608333333333333,10,KRSA,0.8759124087591241,4,CMGC,DYRK,PRP4,PRPF4B
CK1,-2.0633333333333335,12,KRSA,0.8508863399374348,4,CK1,CK1,CK1-A,CSNK1A1
CK1,-2.0633333333333335,12,KRSA,0.8508863399374348,4,CK1,CK1,CK1-A,CSNK1A1L
CK1,-2.0633333333333335,12,KRSA,0.8508863399374348,4,CK1,CK1,CK1-D,CSNK1D
CK1,-2.0633333333333335,12,KRSA,0.8508863399374348,4,CK1,CK1,CK1-D,CSNK1E
CK1,-2.0633333333333335,12,KRSA,0.8508863399374348,4,CK1,CK1,CK1-G,CSNK1G1
CK1,-2.0633333333333335,12,KRSA,0.8508863399374348,4,CK1,CK1,CK1-G,CSNK1G2
CK1,-2.0633333333333335,12,KRSA,0.8508863399374348,4,CK1,CK1,CK1-G,CSNK1G3
CK1,-2.0633333333333335,12,KRSA,0.8508863399374348,4,CK1,TTBK,TTBK,TTBK1
CK1,-2.0633333333333335,12,KRSA,0.8508863399374348,4,CK1,TTBK,TTBK,TTBK2
CK1,-2.0633333333333335,12,KRSA,0.8508863399374348,4,CK1,VRK,VRK,VRK3
MLCK,0.3958333333333333,56,KRSA,0.26277372262773724,2,CAMK,MLCK,MLCK,MYLK
MLCK,0.3958333333333333,56,KRSA,0.26277372262773724,2,CAMK,MLCK,MLCK,MYLK2
MLCK,0.3958333333333333,56,KRSA,0.26277372262773724,2,CAMK,MLCK,MLCK,TTN
PKG,0.6633333333333333,48,KRSA,0.36287799791449427,2,AGC,PKG,PKG,PRKG1
PKG,0.6633333333333333,48,KRSA,0.36287799791449427,2,AGC,PKG,PKG,PRKG2
CDK,-3.4966666666666666,3,KRSA,0.9635036496350365,4,CMGC,CDK,CDC2,CDK1
CDK,-3.4966666666666666,3,KRSA,0.9635036496350365,4,CMGC,CDK,CDK10,CDK10
CDK,-3.4966666666666666,3,KRSA,0.9635036496350365,4,CMGC,CDK,CRK7,CDK12
CDK,-3.4966666666666666,3,KRSA,0.9635036496350365,4,CMGC,CDK,CRK7,CDK13
CDK,-3.4966666666666666,3,KRSA,0.9635036496350365,4,CMGC,CDK,PFTAIRE,CDK14
CDK,-3.4966666666666666,3,KRSA,0.9635036496350365,4,CMGC,CDK,PFTAIRE,CDK15
CDK,-3.4966666666666666,3,KRSA,0.9635036496350365,4,CMGC,CDK,PCTAIRE,CDK16
CDK,-3.4966666666666666,3,KRSA,0.9635036496350365,4,CMGC,CDK,PCTAIRE,CDK17
CDK,-3.4966666666666666,3,KRSA,0.9635036496350365,4,CMGC,CDK,PCTAIRE,CDK18
CDK,-3.4966666666666666,3,KRSA,0.9635036496350365,4,CMGC,CDK,CDK8,CDK19
CDK,-3.4966666666666666,3,KRSA,0.9635036496350365,4,CMGC,CDK,CDC2,CDK2
CDK,-3.4966666666666666,3,KRSA,0.9635036496350365,4,CMGC,CDK,CCRK,CDK20
CDK,-3.4966666666666666,3,KRSA,0.9635036496350365,4,CMGC,CDK,CDC2,CDK3
CDK,-3.4966666666666666,3,KRSA,0.9635036496350365,4,CMGC,CDK,CDK4,CDK4
CDK,-3.4966666666666666,3,KRSA,0.9635036496350365,4,CMGC,CDK,CDK5,CDK5
CDK,-3.4966666666666666,3,KRSA,0.9635036496350365,4,CMGC,CDK,CDK4,CDK6
CDK,-3.4966666666666666,3,KRSA,0.9635036496350365,4,CMGC,CDK,CDK7,CDK7
CDK,-3.4966666666666666,3,KRSA,0.9635036496350365,4,CMGC,CDK,CDK8,CDK8
CDK,-3.4966666666666666,3,KRSA,0.9635036496350365,4,CMGC,CDK,CDK9,CDK9
CDK,-3.4966666666666666,3,KRSA,0.9635036496350365,4,NA,NA,NA,CDK11A
CDK,-3.4966666666666666,3,KRSA,0.9635036496350365,4,NA,NA,NA,CDK11B
CAMK2,-0.26499999999999996,68,KRSA,0.11261730969760167,1,CAMK,CAMK2,CAMK2,CAMK2A
CAMK2,-0.26499999999999996,68,KRSA,0.11261730969760167,1,CAMK,CAMK2,CAMK2,CAMK2B
CAMK2,-0.26499999999999996,68,KRSA,0.11261730969760167,1,CAMK,CAMK2,CAMK2,CAMK2D
CAMK2,-0.26499999999999996,68,KRSA,0.11261730969760167,1,CAMK,CAMK2,CAMK2,CAMK2G
MAPKAPK,-0.3516666666666667,60,KRSA,0.2127215849843587,1,CAMK,MAPKAPK,MAPKAPK,MAPKAPK2
MAPKAPK,-0.3516666666666667,60,KRSA,0.2127215849843587,1,CAMK,MAPKAPK,MAPKAPK,MAPKAPK3
MAPKAPK,-0.3516666666666667,60,KRSA,0.2127215849843587,1,CAMK,MAPKAPK,MAPKAPK,MAPKAPK5
MAPKAPK,-0.3516666666666667,60,KRSA,0.2127215849843587,1,CAMK,MAPKAPK,MNK,MKNK1
MAPKAPK,-0.3516666666666667,60,KRSA,0.2127215849843587,1,CAMK,MAPKAPK,MNK,MKNK2
AMPK,-0.18416666666666665,71,KRSA,0.07507820646506778,1,CAMK,CAMKL,AMPK,PRKAA1
AMPK,-0.18416666666666665,71,KRSA,0.07507820646506778,1,CAMK,CAMKL,AMPK,PRKAA2
ERK,-2.7983333333333333,6,KRSA,0.9259645464025026,4,CMGC,MAPK,ERK1,MAPK1
ERK,-2.7983333333333333,6,KRSA,0.9259645464025026,4,CMGC,MAPK,ERK7,MAPK15
ERK,-2.7983333333333333,6,KRSA,0.9259645464025026,4,CMGC,MAPK,ERK1,MAPK3
ERK,-2.7983333333333333,6,KRSA,0.9259645464025026,4,CMGC,MAPK,ERK3,MAPK4
ERK,-2.7983333333333333,6,KRSA,0.9259645464025026,4,CMGC,MAPK,ERK3,MAPK6
ERK,-2.7983333333333333,6,KRSA,0.9259645464025026,4,CMGC,MAPK,ERK5,MAPK7
SGK,0.5308333333333334,51,KRSA,0.32533889468196037,2,AGC,SGK,SGK,SGK1
SGK,0.5308333333333334,51,KRSA,0.32533889468196037,2,AGC,SGK,SGK,SGK2
SGK,0.5308333333333334,51,KRSA,0.32533889468196037,2,AGC,SGK,SGK,SGK3
P38,-1.9233333333333331,14,KRSA,0.8258602711157456,4,CMGC,MAPK,P38,MAPK11
P38,-1.9233333333333331,14,KRSA,0.8258602711157456,4,CMGC,MAPK,P38,MAPK12
P38,-1.9233333333333331,14,KRSA,0.8258602711157456,4,CMGC,MAPK,P38,MAPK13
P38,-1.9233333333333331,14,KRSA,0.8258602711157456,4,CMGC,MAPK,P38,MAPK14
RIPK,0.05999999999999998,77,KRSA,0,1,TKL,RIPK,RIPK,ANKK1
RIPK,0.05999999999999998,77,KRSA,0,1,TKL,RIPK,RIPK,RIPK1
RIPK,0.05999999999999998,77,KRSA,0,1,TKL,RIPK,RIPK,RIPK2
RIPK,0.05999999999999998,77,KRSA,0,1,TKL,RIPK,RIPK,RIPK3
RIPK,0.05999999999999998,77,KRSA,0,1,TKL,RIPK,RIPK,RIPK4
CHK1,0.29333333333333333,64,KRSA,0.16266944734098018,1,CAMK,CAMKL,CHK1,CHEK1
MOS,0.65,49,KRSA,0.35036496350364965,2,OTHER,MOS,MOS,MOS
PKCA,-4.91,1,KRSA,0.9885297184567258,4,AGC,PKC,ALPHA,PRKCA
PKCA,-4.91,1,KRSA,0.9885297184567258,4,AGC,PKC,ALPHA,PRKCB
PKCA,-4.91,1,KRSA,0.9885297184567258,4,AGC,PKC,ALPHA,PRKCG
BRSK,1.3283333333333334,20,KRSA,0.7507820646506778,4,CAMK,CAMKL,BRSK,BRSK1
BRSK,1.3283333333333334,20,KRSA,0.7507820646506778,4,CAMK,CAMKL,BRSK,BRSK2
PHK,-2.5658333333333334,7,KRSA,0.913451511991658,4,CAMK,PHK,PHK,PHKG1
PHK,-2.5658333333333334,7,KRSA,0.913451511991658,4,CAMK,PHK,PHK,PHKG2
DMPK,-1.875,15,KRSA,0.8133472367049009,4,AGC,DMPK,GEK,CDC42BPA
DMPK,-1.875,15,KRSA,0.8133472367049009,4,AGC,DMPK,GEK,CDC42BPB
DMPK,-1.875,15,KRSA,0.8133472367049009,4,AGC,DMPK,GEK,CDC42BPG
DMPK,-1.875,15,KRSA,0.8133472367049009,4,AGC,DMPK,CRIK,CIT
DMPK,-1.875,15,KRSA,0.8133472367049009,4,AGC,DMPK,GEK,DMPK
DMPK,-1.875,15,KRSA,0.8133472367049009,4,AGC,DMPK,ROCK,ROCK1
DMPK,-1.875,15,KRSA,0.8133472367049009,4,AGC,DMPK,ROCK,ROCK2
SGK,0.5308333333333334,51,KRSA,0.32533889468196037,2,AGC,SGK,SGK,SGK1
SGK,0.5308333333333334,51,KRSA,0.32533889468196037,2,AGC,SGK,SGK,SGK2
SGK,0.5308333333333334,51,KRSA,0.32533889468196037,2,AGC,SGK,SGK,SGK3
PDHK,-2.565,8,KRSA,0.9009384775808134,4,ATYPICAL,PDHK,BCKDK,BCKDK
PDHK,-2.565,8,KRSA,0.9009384775808134,4,ATYPICAL,PDHK,PDHK,PDK2
PDHK,-2.565,8,KRSA,0.9009384775808134,4,ATYPICAL,PDHK,PDHK,PDK3
PDHK,-2.565,8,KRSA,0.9009384775808134,4,ATYPICAL,PDHK,PDHK,PDK4
QIK,-1.8483333333333336,16,KRSA,0.8008342022940563,4,CAMK,CAMKL,QIK,SIK1
QIK,-1.8483333333333336,16,KRSA,0.8008342022940563,4,CAMK,CAMKL,QIK,SIK2
PIM,-0.9233333333333332,31,KRSA,0.5881126173096975,3,CAMK,PIM,PIM,PIM1
PIM,-0.9233333333333332,31,KRSA,0.5881126173096975,3,CAMK,PIM,PIM,PIM2
PIM,-0.9233333333333332,31,KRSA,0.5881126173096975,3,CAMK,PIM,PIM,PIM3
DAPK,-0.835,40,KRSA,0.4629822732012513,2,CAMK,DAPK,DAPK,DAPK1
DAPK,-0.835,40,KRSA,0.4629822732012513,2,CAMK,DAPK,DAPK,DAPK2
DAPK,-0.835,40,KRSA,0.4629822732012513,2,CAMK,DAPK,DAPK,DAPK3
DAPK,-0.835,40,KRSA,0.4629822732012513,2,CAMK,DAPK,DRAK,STK17A
DAPK,-0.835,40,KRSA,0.4629822732012513,2,CAMK,DAPK,DRAK,STK17B
IKK,-0.7975,43,KRSA,0.4254431699687174,2,OTHER,IKK,IKK,CHUK
IKK,-0.7975,43,KRSA,0.4254431699687174,2,OTHER,IKK,IKK,IKBKB
IKK,-0.7975,43,KRSA,0.4254431699687174,2,OTHER,IKK,IKK,IKBKE
IKK,-0.7975,43,KRSA,0.4254431699687174,2,OTHER,IKK,IKK,TBK1
PLK,-2.9066666666666667,4,KRSA,0.9509906152241918,4,NA,NA,NA,PLK5
PLK,-2.9066666666666667,4,KRSA,0.9509906152241918,4,OTHER,PLK,PLK1,PLK1
PLK,-2.9066666666666667,4,KRSA,0.9509906152241918,4,OTHER,PLK,PLK2,PLK2
PLK,-2.9066666666666667,4,KRSA,0.9509906152241918,4,OTHER,PLK,PLK2,PLK3
PLK,-2.9066666666666667,4,KRSA,0.9509906152241918,4,OTHER,PLK,SAK,PLK4
PDK1,-2.8158333333333334,5,KRSA,0.9384775808133472,4,ATYPICAL,PDHK,PDHK,PDK1
PDK1,-2.8158333333333334,5,KRSA,0.9384775808133472,4,AGC,PDK1,PDK1,PDPK1
IRAK,-0.4916666666666667,53,KRSA,0.30031282586027114,2,TKL,IRAK,IRAK,IRAK1
IRAK,-0.4916666666666667,53,KRSA,0.30031282586027114,2,TKL,IRAK,IRAK,IRAK2
IRAK,-0.4916666666666667,53,KRSA,0.30031282586027114,2,TKL,IRAK,IRAK,IRAK3
IRAK,-0.4916666666666667,53,KRSA,0.30031282586027114,2,TKL,IRAK,IRAK,IRAK4
PEK,-3.924166666666667,2,KRSA,0.9760166840458812,4,OTHER,PEK,HRI,EIF2AK1
PEK,-3.924166666666667,2,KRSA,0.9760166840458812,4,OTHER,PEK,PKR,EIF2AK2
PEK,-3.924166666666667,2,KRSA,0.9760166840458812,4,OTHER,PEK,PEK,EIF2AK3
PEK,-3.924166666666667,2,KRSA,0.9760166840458812,4,OTHER,PEK,GCN2,EIF2AK4
PKA,0.7558333333333334,45,KRSA,0.40041710114702816,2,AGC,PKA,PKA,PRKACA
PKA,0.7558333333333334,45,KRSA,0.40041710114702816,2,AGC,PKA,PKA,PRKACB
PKA,0.7558333333333334,45,KRSA,0.40041710114702816,2,AGC,PKA,PKA,PRKACG
PKA,0.7558333333333334,45,KRSA,0.40041710114702816,2,AGC,PKA,PKA,PRKX
PKA,0.7558333333333334,45,KRSA,0.40041710114702816,2,AGC,PKA,PKA,PRKY
AKT,-0.3366666666666667,62,KRSA,0.18769551616266944,1,AGC,AKT,AKT,AKT1
AKT,-0.3366666666666667,62,KRSA,0.18769551616266944,1,AGC,AKT,AKT,AKT2
AKT,-0.3366666666666667,62,KRSA,0.18769551616266944,1,AGC,AKT,AKT,AKT3
ATR,-1.0583333333333331,29,KRSA,0.6131386861313869,3,ATYPICAL,PIKK,ATR,ATR
RIPK,0.05999999999999998,77,KRSA,0,1,TKL,RIPK,RIPK,ANKK1
RIPK,0.05999999999999998,77,KRSA,0,1,TKL,RIPK,RIPK,RIPK1
RIPK,0.05999999999999998,77,KRSA,0,1,TKL,RIPK,RIPK,RIPK2
RIPK,0.05999999999999998,77,KRSA,0,1,TKL,RIPK,RIPK,RIPK3
RIPK,0.05999999999999998,77,KRSA,0,1,TKL,RIPK,RIPK,RIPK4
PKCD,-0.2675,67,KRSA,0.1251303441084463,1,AGC,PKC,DELTA,PRKCD
PKCD,-0.2675,67,KRSA,0.1251303441084463,1,AGC,PKC,DELTA,PRKCQ
PRKDC,-1.2891666666666666,24,KRSA,0.67570385818561,3,ATYPICAL,PIKK,DNAPK,PRKDC
GRK,-0.35416666666666663,59,KRSA,0.22523461939520334,1,AGC,GRK,GRK,GRK1
GRK,-0.35416666666666663,59,KRSA,0.22523461939520334,1,AGC,GRK,GRK,GRK4
GRK,-0.35416666666666663,59,KRSA,0.22523461939520334,1,AGC,GRK,GRK,GRK5
GRK,-0.35416666666666663,59,KRSA,0.22523461939520334,1,AGC,GRK,GRK,GRK6
GRK,-0.35416666666666663,59,KRSA,0.22523461939520334,1,AGC,GRK,GRK,GRK7
MST,-1.3266666666666669,21,KRSA,0.7382690302398331,3,STE,STE20,MST,STK3
MST,-1.3266666666666669,21,KRSA,0.7382690302398331,3,STE,STE20,MST,STK4
AUR,-0.3675000000000001,58,KRSA,0.23774765380604795,1,OTHER,AUR,AUR,AURKA
AUR,-0.3675000000000001,58,KRSA,0.23774765380604795,1,OTHER,AUR,AUR,AURKB
AUR,-0.3675000000000001,58,KRSA,0.23774765380604795,1,OTHER,AUR,AUR,AURKC
AMPK,-0.18416666666666665,71,KRSA,0.07507820646506778,1,CAMK,CAMKL,AMPK,PRKAA1
AMPK,-0.18416666666666665,71,KRSA,0.07507820646506778,1,CAMK,CAMKL,AMPK,PRKAA2
RAF,-1.2366666666666666,26,KRSA,0.6506777893639207,3,TKL,RAF,RAF,ARAF
RAF,-1.2366666666666666,26,KRSA,0.6506777893639207,3,TKL,RAF,RAF,BRAF
RAF,-1.2366666666666666,26,KRSA,0.6506777893639207,3,TKL,RAF,KSR,KSR1
RAF,-1.2366666666666666,26,KRSA,0.6506777893639207,3,TKL,RAF,KSR,KSR2
RAF,-1.2366666666666666,26,KRSA,0.6506777893639207,3,TKL,RAF,RAF,RAF1
RSK,-0.8099999999999999,41,KRSA,0.4504692387904067,2,AGC,RSK,RSK,RPS6KA1
RSK,-0.8099999999999999,41,KRSA,0.4504692387904067,2,AGC,RSK,RSK,RPS6KA2
RSK,-0.8099999999999999,41,KRSA,0.4504692387904067,2,AGC,RSK,RSK,RPS6KA3
RSK,-0.8099999999999999,41,KRSA,0.4504692387904067,2,AGC,RSK,MSK,RPS6KA4
RSK,-0.8099999999999999,41,KRSA,0.4504692387904067,2,AGC,RSK,MSK,RPS6KA5
RSK,-0.8099999999999999,41,KRSA,0.4504692387904067,2,AGC,RSK,RSK,RPS6KA6
RSK,-0.8099999999999999,41,KRSA,0.4504692387904067,2,AGC,RSK,P70,RPS6KB1
RSK,-0.8099999999999999,41,KRSA,0.4504692387904067,2,AGC,RSK,P70,RPS6KB2
PKD,-1.1025,28,KRSA,0.6256517205422315,3,CAMK,PKD,PKD,PRKD1
PKD,-1.1025,28,KRSA,0.6256517205422315,3,CAMK,PKD,PKD,PRKD2
PKD,-1.1025,28,KRSA,0.6256517205422315,3,CAMK,PKD,PKD,PRKD3
CDK,-3.4966666666666666,3,KRSA,0.9635036496350365,4,CMGC,CDK,CDC2,CDK1
CDK,-3.4966666666666666,3,KRSA,0.9635036496350365,4,CMGC,CDK,CDK10,CDK10
CDK,-3.4966666666666666,3,KRSA,0.9635036496350365,4,CMGC,CDK,CRK7,CDK12
CDK,-3.4966666666666666,3,KRSA,0.9635036496350365,4,CMGC,CDK,CRK7,CDK13
CDK,-3.4966666666666666,3,KRSA,0.9635036496350365,4,CMGC,CDK,PFTAIRE,CDK14
CDK,-3.4966666666666666,3,KRSA,0.9635036496350365,4,CMGC,CDK,PFTAIRE,CDK15
CDK,-3.4966666666666666,3,KRSA,0.9635036496350365,4,CMGC,CDK,PCTAIRE,CDK16
CDK,-3.4966666666666666,3,KRSA,0.9635036496350365,4,CMGC,CDK,PCTAIRE,CDK17
CDK,-3.4966666666666666,3,KRSA,0.9635036496350365,4,CMGC,CDK,PCTAIRE,CDK18
CDK,-3.4966666666666666,3,KRSA,0.9635036496350365,4,CMGC,CDK,CDK8,CDK19
CDK,-3.4966666666666666,3,KRSA,0.9635036496350365,4,CMGC,CDK,CDC2,CDK2
CDK,-3.4966666666666666,3,KRSA,0.9635036496350365,4,CMGC,CDK,CCRK,CDK20
CDK,-3.4966666666666666,3,KRSA,0.9635036496350365,4,CMGC,CDK,CDC2,CDK3
CDK,-3.4966666666666666,3,KRSA,0.9635036496350365,4,CMGC,CDK,CDK4,CDK4
CDK,-3.4966666666666666,3,KRSA,0.9635036496350365,4,CMGC,CDK,CDK5,CDK5
CDK,-3.4966666666666666,3,KRSA,0.9635036496350365,4,CMGC,CDK,CDK4,CDK6
CDK,-3.4966666666666666,3,KRSA,0.9635036496350365,4,CMGC,CDK,CDK7,CDK7
CDK,-3.4966666666666666,3,KRSA,0.9635036496350365,4,CMGC,CDK,CDK8,CDK8
CDK,-3.4966666666666666,3,KRSA,0.9635036496350365,4,CMGC,CDK,CDK9,CDK9
CDK,-3.4966666666666666,3,KRSA,0.9635036496350365,4,NA,NA,NA,CDK11A
CDK,-3.4966666666666666,3,KRSA,0.9635036496350365,4,NA,NA,NA,CDK11B
PAKA,-1.3,23,KRSA,0.7007299270072993,3,STE,STE20,PAKA,PAK1
PAKA,-1.3,23,KRSA,0.7007299270072993,3,STE,STE20,PAKA,PAK2
PAKA,-1.3,23,KRSA,0.7007299270072993,3,STE,STE20,PAKA,PAK3
RAD53,-0.13416666666666663,75,KRSA,0.02502606882168926,1,CAMK,RAD53,RAD53,CHEK2
P38,-1.9233333333333331,14,KRSA,0.8258602711157456,4,CMGC,MAPK,P38,MAPK11
P38,-1.9233333333333331,14,KRSA,0.8258602711157456,4,CMGC,MAPK,P38,MAPK12
P38,-1.9233333333333331,14,KRSA,0.8258602711157456,4,CMGC,MAPK,P38,MAPK13
P38,-1.9233333333333331,14,KRSA,0.8258602711157456,4,CMGC,MAPK,P38,MAPK14
VRK1,-0.8908333333333334,38,KRSA,0.4880083420229406,2,CK1,VRK,VRK,VRK1
MLCK,0.3958333333333333,56,KRSA,0.26277372262773724,2,CAMK,MLCK,MLCK,MYLK
MLCK,0.3958333333333333,56,KRSA,0.26277372262773724,2,CAMK,MLCK,MLCK,MYLK2
MLCK,0.3958333333333333,56,KRSA,0.26277372262773724,2,CAMK,MLCK,MLCK,TTN
COT,-0.1675,72,KRSA,0.06256517205422316,1,STE,STE-UNIQUE,STE-UNIQUE,MAP3K8
NDR,-0.8741666666666666,39,KRSA,0.4754953076120959,2,AGC,NDR,NDR,LATS1
NDR,-0.8741666666666666,39,KRSA,0.4754953076120959,2,AGC,NDR,NDR,LATS2
NDR,-0.8741666666666666,39,KRSA,0.4754953076120959,2,AGC,NDR,NDR,STK38
NDR,-0.8741666666666666,39,KRSA,0.4754953076120959,2,AGC,NDR,NDR,STK38L
MLK,-0.3433333333333334,61,KRSA,0.20020855057351408,1,TKL,MLK,ILK,ILK
MLK,-0.3433333333333334,61,KRSA,0.20020855057351408,1,TKL,MLK,MLK,MAP3K10
MLK,-0.3433333333333334,61,KRSA,0.20020855057351408,1,TKL,MLK,MLK,MAP3K11
MLK,-0.3433333333333334,61,KRSA,0.20020855057351408,1,TKL,MLK,LZK,MAP3K12
MLK,-0.3433333333333334,61,KRSA,0.20020855057351408,1,TKL,MLK,LZK,MAP3K13
MLK,-0.3433333333333334,61,KRSA,0.20020855057351408,1,TKL,MLK,MLK,MAP3K9
MLK,-0.3433333333333334,61,KRSA,0.20020855057351408,1,TKL,MLK,HH498,TNNI3K
MAPKAPK,-0.3516666666666667,60,KRSA,0.2127215849843587,1,CAMK,MAPKAPK,MAPKAPK,MAPKAPK2
MAPKAPK,-0.3516666666666667,60,KRSA,0.2127215849843587,1,CAMK,MAPKAPK,MAPKAPK,MAPKAPK3
MAPKAPK,-0.3516666666666667,60,KRSA,0.2127215849843587,1,CAMK,MAPKAPK,MAPKAPK,MAPKAPK5
MAPKAPK,-0.3516666666666667,60,KRSA,0.2127215849843587,1,CAMK,MAPKAPK,MNK,MKNK1
MAPKAPK,-0.3516666666666667,60,KRSA,0.2127215849843587,1,CAMK,MAPKAPK,MNK,MKNK2
ATM,-1.211666666666667,27,KRSA,0.6381647549530761,3,ATYPICAL,PIKK,ATM,ATM
MSN,0.10583333333333332,76,KRSA,0.01251303441084463,1,STE,STE20,MSN,MAP4K4
MSN,0.10583333333333332,76,KRSA,0.01251303441084463,1,STE,STE20,MSN,NRK
MSN,0.10583333333333332,76,KRSA,0.01251303441084463,1,STE,STE20,MSN,TNIK
MELK,-0.13749999999999998,73,KRSA,0.05005213764337852,1,CAMK,CAMKL,MELK,MELK
BARK2,0.7916666666666666,44,KRSA,0.4129301355578728,2,AGC,GRK,BARK,GRK3
PKG,0.6633333333333333,48,KRSA,0.36287799791449427,2,AGC,PKG,PKG,PRKG1
PKG,0.6633333333333333,48,KRSA,0.36287799791449427,2,AGC,PKG,PKG,PRKG2
HAL,0.3016666666666666,63,KRSA,0.17518248175182483,1,RGC,RGC,RGC,NPR1
TLK,-1.2891666666666666,24,KRSA,0.67570385818561,3,OTHER,TLK,TLK,TLK1
TLK,-1.2891666666666666,24,KRSA,0.67570385818561,3,OTHER,TLK,TLK,TLK2
PKN,-0.9216666666666666,32,KRSA,0.5755995828988529,3,AGC,PKN,PKN,PKN1
PKN,-0.9216666666666666,32,KRSA,0.5755995828988529,3,AGC,PKN,PKN,PKN2
PKN,-0.9216666666666666,32,KRSA,0.5755995828988529,3,AGC,PKN,PKN,PKN3
NUAK,-1.2766666666666666,25,KRSA,0.6631908237747653,3,CAMK,CAMKL,NUAK,NUAK1
NUAK,-1.2766666666666666,25,KRSA,0.6631908237747653,3,CAMK,CAMKL,NUAK,NUAK2
TTK,-1.3,23,KRSA,0.7007299270072993,3,OTHER,TTK,TTK,TTK
PAKB,-0.41583333333333333,55,KRSA,0.27528675703858185,2,STE,STE20,PAKB,PAK4
PAKB,-0.41583333333333333,55,KRSA,0.27528675703858185,2,STE,STE20,PAKB,PAK5
PAKB,-0.41583333333333333,55,KRSA,0.27528675703858185,2,STE,STE20,PAKB,PAK6
NAK,-0.26833333333333337,66,KRSA,0.13764337851929093,1,OTHER,NAK,BIKE,AAK1
NAK,-0.26833333333333337,66,KRSA,0.13764337851929093,1,OTHER,NAK,BIKE,BMP2K
NAK,-0.26833333333333337,66,KRSA,0.13764337851929093,1,OTHER,NAK,GAK,GAK
NAK,-0.26833333333333337,66,KRSA,0.13764337851929093,1,OTHER,NAK,MPSK,STK16
MTOR,-0.8025,42,KRSA,0.43795620437956206,2,ATYPICAL,PIKK,FRAP,MTOR
CAMKK,-0.9033333333333332,35,KRSA,0.5380604796663191,3,OTHER,CAMKK,META,CAMKK1
CAMKK,-0.9033333333333332,35,KRSA,0.5380604796663191,3,OTHER,CAMKK,META,CAMKK2
BUD32,-0.9133333333333332,33,KRSA,0.5630865484880083,3,OTHER,BUD32,BUD32,TP53RK
STKR,0.27416666666666667,65,KRSA,0.15015641293013557,1,TKL,STKR,TYPE1,ACVR1
STKR,0.27416666666666667,65,KRSA,0.15015641293013557,1,TKL,STKR,TYPE1,ACVR1B
STKR,0.27416666666666667,65,KRSA,0.15015641293013557,1,TKL,STKR,TYPE1,ACVR1C
STKR,0.27416666666666667,65,KRSA,0.15015641293013557,1,TKL,STKR,TYPE2,ACVR2A
STKR,0.27416666666666667,65,KRSA,0.15015641293013557,1,TKL,STKR,TYPE2,ACVR2B
STKR,0.27416666666666667,65,KRSA,0.15015641293013557,1,TKL,STKR,TYPE1,ACVRL1
STKR,0.27416666666666667,65,KRSA,0.15015641293013557,1,TKL,STKR,TYPE2,AMHR2
STKR,0.27416666666666667,65,KRSA,0.15015641293013557,1,TKL,STKR,TYPE1,BMPR1A
STKR,0.27416666666666667,65,KRSA,0.15015641293013557,1,TKL,STKR,TYPE1,BMPR1B
STKR,0.27416666666666667,65,KRSA,0.15015641293013557,1,TKL,STKR,TYPE2,BMPR2
STKR,0.27416666666666667,65,KRSA,0.15015641293013557,1,TKL,STKR,TYPE1,TGFBR1
STKR,0.27416666666666667,65,KRSA,0.15015641293013557,1,TKL,STKR,TYPE2,TGFBR2
SLK,0.13416666666666668,74,KRSA,0.03753910323253389,1,STE,STE20,SLK,SLK
SLK,0.13416666666666668,74,KRSA,0.03753910323253389,1,STE,STE20,SLK,STK10
TAO,-0.21916666666666668,69,KRSA,0.10010427528675704,1,STE,STE20,TAO,TAOK1
TAO,-0.21916666666666668,69,KRSA,0.10010427528675704,1,STE,STE20,TAO,TAOK2
TAO,-0.21916666666666668,69,KRSA,0.10010427528675704,1,STE,STE20,TAO,TAOK3
KHS,0.485,54,KRSA,0.28779979144942647,2,STE,STE20,KHS,MAP4K1
KHS,0.485,54,KRSA,0.28779979144942647,2,STE,STE20,KHS,MAP4K2
KHS,0.485,54,KRSA,0.28779979144942647,2,STE,STE20,KHS,MAP4K3
KHS,0.485,54,KRSA,0.28779979144942647,2,STE,STE20,KHS,MAP4K5
WNK,-0.9058333333333334,34,KRSA,0.5505735140771637,3,OTHER,WNK,WNK,WNK1
WNK,-0.9058333333333334,34,KRSA,0.5505735140771637,3,OTHER,WNK,WNK,WNK2
WNK,-0.9058333333333334,34,KRSA,0.5505735140771637,3,OTHER,WNK,WNK,WNK3
WNK,-0.9058333333333334,34,KRSA,0.5505735140771637,3,OTHER,WNK,WNK,WNK4
CLK,-0.8908333333333334,38,KRSA,0.4880083420229406,2,CMGC,CLK,CLK,CLK1
CLK,-0.8908333333333334,38,KRSA,0.4880083420229406,2,CMGC,CLK,CLK,CLK2
CLK,-0.8908333333333334,38,KRSA,0.4880083420229406,2,CMGC,CLK,CLK,CLK3
CLK,-0.8908333333333334,38,KRSA,0.4880083420229406,2,CMGC,CLK,CLK,CLK4
NIK,-0.9008333333333334,36,KRSA,0.5255474452554745,3,STE,STE-UNIQUE,STE-UNIQUE,MAP3K14
ULK,-0.8966666666666667,37,KRSA,0.5130344108446299,3,OTHER,ULK,FUSED,STK36
ULK,-0.8966666666666667,37,KRSA,0.5130344108446299,3,OTHER,ULK,ULK,ULK1
ULK,-0.8966666666666667,37,KRSA,0.5130344108446299,3,OTHER,ULK,ULK,ULK2
ULK,-0.8966666666666667,37,KRSA,0.5130344108446299,3,OTHER,ULK,ULK,ULK3
ULK,-0.8966666666666667,37,KRSA,0.5130344108446299,3,OTHER,ULK,ULK,ULK4
CHK1,0.29333333333333333,64,KRSA,0.16266944734098018,1,CAMK,CAMKL,CHK1,CHEK1
PASK,0.4941666666666667,52,KRSA,0.31282586027111575,2,CAMK,CAMKL,PASK,PASK
STE7,-2.35,11,KRSA,0.8633993743482794,4,STE,STE7,MEK1,MAP2K1
STE7,-2.35,11,KRSA,0.8633993743482794,4,STE,STE7,MEK1,MAP2K2
STE7,-2.35,11,KRSA,0.8633993743482794,4,STE,STE7,MEK3,MAP2K3
STE7,-2.35,11,KRSA,0.8633993743482794,4,STE,STE7,MEK4,MAP2K4
STE7,-2.35,11,KRSA,0.8633993743482794,4,STE,STE7,MEK5,MAP2K5
STE7,-2.35,11,KRSA,0.8633993743482794,4,STE,STE7,MEK3,MAP2K6
STE7,-2.35,11,KRSA,0.8633993743482794,4,STE,STE7,MEK7,MAP2K7
PKCH,-0.195,70,KRSA,0.08759124087591241,1,AGC,PKC,ETA,PRKCE
PKCH,-0.195,70,KRSA,0.08759124087591241,1,AGC,PKC,ETA,PRKCH
GSK,-0.7283333333333333,46,KRSA,0.38790406673618355,2,CMGC,GSK,GSK,GSK3A
GSK,-0.7283333333333333,46,KRSA,0.38790406673618355,2,CMGC,GSK,GSK,GSK3B
CK1,-2.0633333333333335,12,KRSA,0.8508863399374348,4,CK1,CK1,CK1-A,CSNK1A1
CK1,-2.0633333333333335,12,KRSA,0.8508863399374348,4,CK1,CK1,CK1-A,CSNK1A1L
CK1,-2.0633333333333335,12,KRSA,0.8508863399374348,4,CK1,CK1,CK1-D,CSNK1D
CK1,-2.0633333333333335,12,KRSA,0.8508863399374348,4,CK1,CK1,CK1-D,CSNK1E
CK1,-2.0633333333333335,12,KRSA,0.8508863399374348,4,CK1,CK1,CK1-G,CSNK1G1
CK1,-2.0633333333333335,12,KRSA,0.8508863399374348,4,CK1,CK1,CK1-G,CSNK1G2
CK1,-2.0633333333333335,12,KRSA,0.8508863399374348,4,CK1,CK1,CK1-G,CSNK1G3
CK1,-2.0633333333333335,12,KRSA,0.8508863399374348,4,CK1,TTBK,TTBK,TTBK1
CK1,-2.0633333333333335,12,KRSA,0.8508863399374348,4,CK1,TTBK,TTBK,TTBK2
CK1,-2.0633333333333335,12,KRSA,0.8508863399374348,4,CK1,VRK,VRK,VRK3
CK2,-1.05,30,KRSA,0.6006256517205423,3,CMGC,CK2,CK2,CSNK2A1
CK2,-1.05,30,KRSA,0.6006256517205423,3,CMGC,CK2,CK2,CSNK2A2
CK2,-1.05,30,KRSA,0.6006256517205423,3,NA,NA,NA,CSNK2A3
NMO,-2.444166666666667,9,KRSA,0.8884254431699687,4,CMGC,MAPK,NMO,NLK
NEK,-0.6808333333333333,47,KRSA,0.3753910323253389,2,OTHER,NEK,NEK11,NEK11
NEK,-0.6808333333333333,47,KRSA,0.3753910323253389,2,OTHER,NEK,NEK2,NEK2
NEK,-0.6808333333333333,47,KRSA,0.3753910323253389,2,OTHER,NEK,NEK1,NEK3
NEK,-0.6808333333333333,47,KRSA,0.3753910323253389,2,OTHER,NEK,NEK4,NEK4
NEK,-0.6808333333333333,47,KRSA,0.3753910323253389,2,OTHER,NEK,NEK1,NEK5
NEK,-0.6808333333333333,47,KRSA,0.3753910323253389,2,OTHER,NEK,NEK6,NEK6
NEK,-0.6808333333333333,47,KRSA,0.3753910323253389,2,OTHER,NEK,NEK6,NEK7
NEK,-0.6808333333333333,47,KRSA,0.3753910323253389,2,OTHER,NEK,NEK8,NEK8
NEK,-0.6808333333333333,47,KRSA,0.3753910323253389,2,OTHER,NEK,NEK8,NEK9
LKB,-1.524166666666667,18,KRSA,0.7758081334723671,4,CAMK,CAMKL,LKB,STK11
CAMK2,-0.26499999999999996,68,KRSA,0.11261730969760167,1,CAMK,CAMK2,CAMK2,CAMK2A
CAMK2,-0.26499999999999996,68,KRSA,0.11261730969760167,1,CAMK,CAMK2,CAMK2,CAMK2B
CAMK2,-0.26499999999999996,68,KRSA,0.11261730969760167,1,CAMK,CAMK2,CAMK2,CAMK2D
CAMK2,-0.26499999999999996,68,KRSA,0.11261730969760167,1,CAMK,CAMK2,CAMK2,CAMK2G
CAMK1,1.5016666666666667,19,KRSA,0.7632950990615224,4,CAMK,CAMK1,CAMK1,CAMK1
CAMK1,1.5016666666666667,19,KRSA,0.7632950990615224,4,CAMK,CAMK1,CAMK1,CAMK1D
CAMK1,1.5016666666666667,19,KRSA,0.7632950990615224,4,CAMK,CAMK1,CAMK1,CAMK1G
CAMK1,1.5016666666666667,19,KRSA,0.7632950990615224,4,CAMK,CAMK1,CAMK1,CAMK4
CAMK1,1.5016666666666667,19,KRSA,0.7632950990615224,4,CAMK,CAMK1,CAMK1,PNCK
ERK,-2.7983333333333333,6,KRSA,0.9259645464025026,4,CMGC,MAPK,ERK1,MAPK1
ERK,-2.7983333333333333,6,KRSA,0.9259645464025026,4,CMGC,MAPK,ERK7,MAPK15
ERK,-2.7983333333333333,6,KRSA,0.9259645464025026,4,CMGC,MAPK,ERK1,MAPK3
ERK,-2.7983333333333333,6,KRSA,0.9259645464025026,4,CMGC,MAPK,ERK3,MAPK4
ERK,-2.7983333333333333,6,KRSA,0.9259645464025026,4,CMGC,MAPK,ERK3,MAPK6
ERK,-2.7983333333333333,6,KRSA,0.9259645464025026,4,CMGC,MAPK,ERK5,MAPK7
PKCI,-0.3933333333333333,57,KRSA,0.2502606882168926,2,AGC,PKC,IOTA,PRKCI
PKCI,-0.3933333333333333,57,KRSA,0.2502606882168926,2,AGC,PKC,IOTA,PRKCZ
DYRK,-2.3608333333333333,10,KRSA,0.8759124087591241,4,CMGC,DYRK,DYRK1,DYRK1A
DYRK,-2.3608333333333333,10,KRSA,0.8759124087591241,4,CMGC,DYRK,DYRK1,DYRK1B
DYRK,-2.3608333333333333,10,KRSA,0.8759124087591241,4,CMGC,DYRK,DYRK2,DYRK2
DYRK,-2.3608333333333333,10,KRSA,0.8759124087591241,4,CMGC,DYRK,DYRK2,DYRK3
DYRK,-2.3608333333333333,10,KRSA,0.8759124087591241,4,CMGC,DYRK,DYRK2,DYRK4
DYRK,-2.3608333333333333,10,KRSA,0.8759124087591241,4,CMGC,DYRK,HIPK,HIPK1
DYRK,-2.3608333333333333,10,KRSA,0.8759124087591241,4,CMGC,DYRK,HIPK,HIPK2
DYRK,-2.3608333333333333,10,KRSA,0.8759124087591241,4,CMGC,DYRK,HIPK,HIPK3
DYRK,-2.3608333333333333,10,KRSA,0.8759124087591241,4,CMGC,DYRK,HIPK,HIPK4
DYRK,-2.3608333333333333,10,KRSA,0.8759124087591241,4,CMGC,DYRK,PRP4,PRPF4B
FRAY,-1.5658333333333334,17,KRSA,0.7883211678832117,4,STE,STE20,FRAY,OXSR1
FRAY,-1.5658333333333334,17,KRSA,0.7883211678832117,4,STE,STE20,FRAY,STK39
JNK,-1.945,13,KRSA,0.8383733055265902,4,CMGC,MAPK,JNK,MAPK10
JNK,-1.945,13,KRSA,0.8383733055265902,4,CMGC,MAPK,JNK,MAPK8
JNK,-1.945,13,KRSA,0.8383733055265902,4,CMGC,MAPK,JNK,MAPK9
STE11,-0.5483333333333332,50,KRSA,0.337851929092805,2,TKL,MLK,TAK1,MAP3K7
STE11,-0.5483333333333332,50,KRSA,0.337851929092805,2,STE,STE11,MEKK1,MAP3K1
STE11,-0.5483333333333332,50,KRSA,0.337851929092805,2,STE,STE11,ASK,MAP3K15
STE11,-0.5483333333333332,50,KRSA,0.337851929092805,2,STE,STE11,MEKK2,MAP3K2
STE11,-0.5483333333333332,50,KRSA,0.337851929092805,2,STE,STE11,MEKK2,MAP3K3
STE11,-0.5483333333333332,50,KRSA,0.337851929092805,2,STE,STE11,MEKK4,MAP3K4
STE11,-0.5483333333333332,50,KRSA,0.337851929092805,2,STE,STE11,ASK,MAP3K5
STE11,-0.5483333333333332,50,KRSA,0.337851929092805,2,STE,STE11,ASK,MAP3K6
PEK,-3.924166666666667,2,KRSA,0.9760166840458812,4,OTHER,PEK,HRI,EIF2AK1
PEK,-3.924166666666667,2,KRSA,0.9760166840458812,4,OTHER,PEK,PKR,EIF2AK2
PEK,-3.924166666666667,2,KRSA,0.9760166840458812,4,OTHER,PEK,PEK,EIF2AK3
PEK,-3.924166666666667,2,KRSA,0.9760166840458812,4,OTHER,PEK,GCN2,EIF2AK4
CDK,-3.4966666666666666,3,KRSA,0.9635036496350365,4,CMGC,CDK,CDC2,CDK1
CDK,-3.4966666666666666,3,KRSA,0.9635036496350365,4,CMGC,CDK,CDK10,CDK10
CDK,-3.4966666666666666,3,KRSA,0.9635036496350365,4,CMGC,CDK,CRK7,CDK12
CDK,-3.4966666666666666,3,KRSA,0.9635036496350365,4,CMGC,CDK,CRK7,CDK13
CDK,-3.4966666666666666,3,KRSA,0.9635036496350365,4,CMGC,CDK,PFTAIRE,CDK14
CDK,-3.4966666666666666,3,KRSA,0.9635036496350365,4,CMGC,CDK,PFTAIRE,CDK15
CDK,-3.4966666666666666,3,KRSA,0.9635036496350365,4,CMGC,CDK,PCTAIRE,CDK16
CDK,-3.4966666666666666,3,KRSA,0.9635036496350365,4,CMGC,CDK,PCTAIRE,CDK17
CDK,-3.4966666666666666,3,KRSA,0.9635036496350365,4,CMGC,CDK,PCTAIRE,CDK18
CDK,-3.4966666666666666,3,KRSA,0.9635036496350365,4,CMGC,CDK,CDK8,CDK19
CDK,-3.4966666666666666,3,KRSA,0.9635036496350365,4,CMGC,CDK,CDC2,CDK2
CDK,-3.4966666666666666,3,KRSA,0.9635036496350365,4,CMGC,CDK,CCRK,CDK20
CDK,-3.4966666666666666,3,KRSA,0.9635036496350365,4,CMGC,CDK,CDC2,CDK3
CDK,-3.4966666666666666,3,KRSA,0.9635036496350365,4,CMGC,CDK,CDK4,CDK4
CDK,-3.4966666666666666,3,KRSA,0.9635036496350365,4,CMGC,CDK,CDK5,CDK5
CDK,-3.4966666666666666,3,KRSA,0.9635036496350365,4,CMGC,CDK,CDK4,CDK6
CDK,-3.4966666666666666,3,KRSA,0.9635036496350365,4,CMGC,CDK,CDK7,CDK7
CDK,-3.4966666666666666,3,KRSA,0.9635036496350365,4,CMGC,CDK,CDK8,CDK8
CDK,-3.4966666666666666,3,KRSA,0.9635036496350365,4,CMGC,CDK,CDK9,CDK9
CDK,-3.4966666666666666,3,KRSA,0.9635036496350365,4,NA,NA,NA,CDK11A
CDK,-3.4966666666666666,3,KRSA,0.9635036496350365,4,NA,NA,NA,CDK11B
ERK,-2.7983333333333333,6,KRSA,0.9259645464025026,4,CMGC,MAPK,ERK1,MAPK1
ERK,-2.7983333333333333,6,KRSA,0.9259645464025026,4,CMGC,MAPK,ERK7,MAPK15
ERK,-2.7983333333333333,6,KRSA,0.9259645464025026,4,CMGC,MAPK,ERK1,MAPK3
ERK,-2.7983333333333333,6,KRSA,0.9259645464025026,4,CMGC,MAPK,ERK3,MAPK4
ERK,-2.7983333333333333,6,KRSA,0.9259645464025026,4,CMGC,MAPK,ERK3,MAPK6
ERK,-2.7983333333333333,6,KRSA,0.9259645464025026,4,CMGC,MAPK,ERK5,MAPK7
DYRK,-2.3608333333333333,10,KRSA,0.8759124087591241,4,CMGC,DYRK,DYRK1,DYRK1A
DYRK,-2.3608333333333333,10,KRSA,0.8759124087591241,4,CMGC,DYRK,DYRK1,DYRK1B
DYRK,-2.3608333333333333,10,KRSA,0.8759124087591241,4,CMGC,DYRK,DYRK2,DYRK2
DYRK,-2.3608333333333333,10,KRSA,0.8759124087591241,4,CMGC,DYRK,DYRK2,DYRK3
DYRK,-2.3608333333333333,10,KRSA,0.8759124087591241,4,CMGC,DYRK,DYRK2,DYRK4
DYRK,-2.3608333333333333,10,KRSA,0.8759124087591241,4,CMGC,DYRK,HIPK,HIPK1
DYRK,-2.3608333333333333,10,KRSA,0.8759124087591241,4,CMGC,DYRK,HIPK,HIPK2
DYRK,-2.3608333333333333,10,KRSA,0.8759124087591241,4,CMGC,DYRK,HIPK,HIPK3
DYRK,-2.3608333333333333,10,KRSA,0.8759124087591241,4,CMGC,DYRK,HIPK,HIPK4
DYRK,-2.3608333333333333,10,KRSA,0.8759124087591241,4,CMGC,DYRK,PRP4,PRPF4B
PKCA,-4.91,1,KRSA,0.9885297184567258,4,AGC,PKC,ALPHA,PRKCA
PKCA,-4.91,1,KRSA,0.9885297184567258,4,AGC,PKC,ALPHA,PRKCB
PKCA,-4.91,1,KRSA,0.9885297184567258,4,AGC,PKC,ALPHA,PRKCG
PLK,-2.9066666666666667,4,KRSA,0.9509906152241918,4,NA,NA,NA,PLK5
PLK,-2.9066666666666667,4,KRSA,0.9509906152241918,4,OTHER,PLK,PLK1,PLK1
PLK,-2.9066666666666667,4,KRSA,0.9509906152241918,4,OTHER,PLK,PLK2,PLK2
PLK,-2.9066666666666667,4,KRSA,0.9509906152241918,4,OTHER,PLK,PLK2,PLK3
PLK,-2.9066666666666667,4,KRSA,0.9509906152241918,4,OTHER,PLK,SAK,PLK4
PDK1,-2.8158333333333334,5,KRSA,0.9384775808133472,4,ATYPICAL,PDHK,PDHK,PDK1
PDK1,-2.8158333333333334,5,KRSA,0.9384775808133472,4,AGC,PDK1,PDK1,PDPK1
JNK,-1.945,13,KRSA,0.8383733055265902,4,CMGC,MAPK,JNK,MAPK10
JNK,-1.945,13,KRSA,0.8383733055265902,4,CMGC,MAPK,JNK,MAPK8
JNK,-1.945,13,KRSA,0.8383733055265902,4,CMGC,MAPK,JNK,MAPK9
STE7,-2.35,11,KRSA,0.8633993743482794,4,STE,STE7,MEK1,MAP2K1
STE7,-2.35,11,KRSA,0.8633993743482794,4,STE,STE7,MEK1,MAP2K2
STE7,-2.35,11,KRSA,0.8633993743482794,4,STE,STE7,MEK3,MAP2K3
STE7,-2.35,11,KRSA,0.8633993743482794,4,STE,STE7,MEK4,MAP2K4
STE7,-2.35,11,KRSA,0.8633993743482794,4,STE,STE7,MEK5,MAP2K5
STE7,-2.35,11,KRSA,0.8633993743482794,4,STE,STE7,MEK3,MAP2K6
STE7,-2.35,11,KRSA,0.8633993743482794,4,STE,STE7,MEK7,MAP2K7
NMO,-2.444166666666667,9,KRSA,0.8884254431699687,4,CMGC,MAPK,NMO,NLK
P38,-1.9233333333333331,14,KRSA,0.8258602711157456,4,CMGC,MAPK,P38,MAPK11
P38,-1.9233333333333331,14,KRSA,0.8258602711157456,4,CMGC,MAPK,P38,MAPK12
P38,-1.9233333333333331,14,KRSA,0.8258602711157456,4,CMGC,MAPK,P38,MAPK13
P38,-1.9233333333333331,14,KRSA,0.8258602711157456,4,CMGC,MAPK,P38,MAPK14
CK1,-2.0633333333333335,12,KRSA,0.8508863399374348,4,CK1,CK1,CK1-A,CSNK1A1
CK1,-2.0633333333333335,12,KRSA,0.8508863399374348,4,CK1,CK1,CK1-A,CSNK1A1L
CK1,-2.0633333333333335,12,KRSA,0.8508863399374348,4,CK1,CK1,CK1-D,CSNK1D
CK1,-2.0633333333333335,12,KRSA,0.8508863399374348,4,CK1,CK1,CK1-D,CSNK1E
CK1,-2.0633333333333335,12,KRSA,0.8508863399374348,4,CK1,CK1,CK1-G,CSNK1G1
CK1,-2.0633333333333335,12,KRSA,0.8508863399374348,4,CK1,CK1,CK1-G,CSNK1G2
CK1,-2.0633333333333335,12,KRSA,0.8508863399374348,4,CK1,CK1,CK1-G,CSNK1G3
CK1,-2.0633333333333335,12,KRSA,0.8508863399374348,4,CK1,TTBK,TTBK,TTBK1
CK1,-2.0633333333333335,12,KRSA,0.8508863399374348,4,CK1,TTBK,TTBK,TTBK2
CK1,-2.0633333333333335,12,KRSA,0.8508863399374348,4,CK1,VRK,VRK,VRK3
LKB,-1.524166666666667,18,KRSA,0.7758081334723671,4,CAMK,CAMKL,LKB,STK11
PDHK,-2.565,8,KRSA,0.9009384775808134,4,ATYPICAL,PDHK,BCKDK,BCKDK
PDHK,-2.565,8,KRSA,0.9009384775808134,4,ATYPICAL,PDHK,PDHK,PDK2
PDHK,-2.565,8,KRSA,0.9009384775808134,4,ATYPICAL,PDHK,PDHK,PDK3
PDHK,-2.565,8,KRSA,0.9009384775808134,4,ATYPICAL,PDHK,PDHK,PDK4
PHK,-2.5658333333333334,7,KRSA,0.913451511991658,4,CAMK,PHK,PHK,PHKG1
PHK,-2.5658333333333334,7,KRSA,0.913451511991658,4,CAMK,PHK,PHK,PHKG2
GSK,-0.7283333333333333,46,KRSA,0.38790406673618355,2,CMGC,GSK,GSK,GSK3A
GSK,-0.7283333333333333,46,KRSA,0.38790406673618355,2,CMGC,GSK,GSK,GSK3B
PKA,0.7558333333333334,45,KRSA,0.40041710114702816,2,AGC,PKA,PKA,PRKACA
PKA,0.7558333333333334,45,KRSA,0.40041710114702816,2,AGC,PKA,PKA,PRKACB
PKA,0.7558333333333334,45,KRSA,0.40041710114702816,2,AGC,PKA,PKA,PRKACG
PKA,0.7558333333333334,45,KRSA,0.40041710114702816,2,AGC,PKA,PKA,PRKX
PKA,0.7558333333333334,45,KRSA,0.40041710114702816,2,AGC,PKA,PKA,PRKY
FRAY,-1.5658333333333334,17,KRSA,0.7883211678832117,4,STE,STE20,FRAY,OXSR1
FRAY,-1.5658333333333334,17,KRSA,0.7883211678832117,4,STE,STE20,FRAY,STK39
IRAK,-0.4916666666666667,53,KRSA,0.30031282586027114,2,TKL,IRAK,IRAK,IRAK1
IRAK,-0.4916666666666667,53,KRSA,0.30031282586027114,2,TKL,IRAK,IRAK,IRAK2
IRAK,-0.4916666666666667,53,KRSA,0.30031282586027114,2,TKL,IRAK,IRAK,IRAK3
IRAK,-0.4916666666666667,53,KRSA,0.30031282586027114,2,TKL,IRAK,IRAK,IRAK4
CAMK1,1.5016666666666667,19,KRSA,0.7632950990615224,4,CAMK,CAMK1,CAMK1,CAMK1
CAMK1,1.5016666666666667,19,KRSA,0.7632950990615224,4,CAMK,CAMK1,CAMK1,CAMK1D
CAMK1,1.5016666666666667,19,KRSA,0.7632950990615224,4,CAMK,CAMK1,CAMK1,CAMK1G
CAMK1,1.5016666666666667,19,KRSA,0.7632950990615224,4,CAMK,CAMK1,CAMK1,CAMK4
CAMK1,1.5016666666666667,19,KRSA,0.7632950990615224,4,CAMK,CAMK1,CAMK1,PNCK
TTK,-1.3,23,KRSA,0.7007299270072993,3,OTHER,TTK,TTK,TTK
MST,-1.3266666666666669,21,KRSA,0.7382690302398331,3,STE,STE20,MST,STK3
MST,-1.3266666666666669,21,KRSA,0.7382690302398331,3,STE,STE20,MST,STK4
TLK,-1.2891666666666666,24,KRSA,0.67570385818561,3,OTHER,TLK,TLK,TLK1
TLK,-1.2891666666666666,24,KRSA,0.67570385818561,3,OTHER,TLK,TLK,TLK2
NUAK,-1.2766666666666666,25,KRSA,0.6631908237747653,3,CAMK,CAMKL,NUAK,NUAK1
NUAK,-1.2766666666666666,25,KRSA,0.6631908237747653,3,CAMK,CAMKL,NUAK,NUAK2
CK2,-1.05,30,KRSA,0.6006256517205423,3,CMGC,CK2,CK2,CSNK2A1
CK2,-1.05,30,KRSA,0.6006256517205423,3,CMGC,CK2,CK2,CSNK2A2
CK2,-1.05,30,KRSA,0.6006256517205423,3,NA,NA,NA,CSNK2A3
STE11,-0.5483333333333332,50,KRSA,0.337851929092805,2,TKL,MLK,TAK1,MAP3K7
STE11,-0.5483333333333332,50,KRSA,0.337851929092805,2,STE,STE11,MEKK1,MAP3K1
STE11,-0.5483333333333332,50,KRSA,0.337851929092805,2,STE,STE11,ASK,MAP3K15
STE11,-0.5483333333333332,50,KRSA,0.337851929092805,2,STE,STE11,MEKK2,MAP3K2
STE11,-0.5483333333333332,50,KRSA,0.337851929092805,2,STE,STE11,MEKK2,MAP3K3
STE11,-0.5483333333333332,50,KRSA,0.337851929092805,2,STE,STE11,MEKK4,MAP3K4
STE11,-0.5483333333333332,50,KRSA,0.337851929092805,2,STE,STE11,ASK,MAP3K5
STE11,-0.5483333333333332,50,KRSA,0.337851929092805,2,STE,STE11,ASK,MAP3K6
ATM,-1.211666666666667,27,KRSA,0.6381647549530761,3,ATYPICAL,PIKK,ATM,ATM
QIK,-1.8483333333333336,16,KRSA,0.8008342022940563,4,CAMK,CAMKL,QIK,SIK1
QIK,-1.8483333333333336,16,KRSA,0.8008342022940563,4,CAMK,CAMKL,QIK,SIK2
RAF,-1.2366666666666666,26,KRSA,0.6506777893639207,3,TKL,RAF,RAF,ARAF
RAF,-1.2366666666666666,26,KRSA,0.6506777893639207,3,TKL,RAF,RAF,BRAF
RAF,-1.2366666666666666,26,KRSA,0.6506777893639207,3,TKL,RAF,KSR,KSR1
RAF,-1.2366666666666666,26,KRSA,0.6506777893639207,3,TKL,RAF,KSR,KSR2
RAF,-1.2366666666666666,26,KRSA,0.6506777893639207,3,TKL,RAF,RAF,RAF1
SGK,0.5308333333333334,51,KRSA,0.32533889468196037,2,AGC,SGK,SGK,SGK1
SGK,0.5308333333333334,51,KRSA,0.32533889468196037,2,AGC,SGK,SGK,SGK2
SGK,0.5308333333333334,51,KRSA,0.32533889468196037,2,AGC,SGK,SGK,SGK3
PKG,0.6633333333333333,48,KRSA,0.36287799791449427,2,AGC,PKG,PKG,PRKG1
PKG,0.6633333333333333,48,KRSA,0.36287799791449427,2,AGC,PKG,PKG,PRKG2
CAMK2,-0.26499999999999996,68,KRSA,0.11261730969760167,1,CAMK,CAMK2,CAMK2,CAMK2A
CAMK2,-0.26499999999999996,68,KRSA,0.11261730969760167,1,CAMK,CAMK2,CAMK2,CAMK2B
CAMK2,-0.26499999999999996,68,KRSA,0.11261730969760167,1,CAMK,CAMK2,CAMK2,CAMK2D
CAMK2,-0.26499999999999996,68,KRSA,0.11261730969760167,1,CAMK,CAMK2,CAMK2,CAMK2G
BUD32,-0.9133333333333332,33,KRSA,0.5630865484880083,3,OTHER,BUD32,BUD32,TP53RK
DMPK,-1.875,15,KRSA,0.8133472367049009,4,AGC,DMPK,GEK,CDC42BPA
DMPK,-1.875,15,KRSA,0.8133472367049009,4,AGC,DMPK,GEK,CDC42BPB
DMPK,-1.875,15,KRSA,0.8133472367049009,4,AGC,DMPK,GEK,CDC42BPG
DMPK,-1.875,15,KRSA,0.8133472367049009,4,AGC,DMPK,CRIK,CIT
DMPK,-1.875,15,KRSA,0.8133472367049009,4,AGC,DMPK,GEK,DMPK
DMPK,-1.875,15,KRSA,0.8133472367049009,4,AGC,DMPK,ROCK,ROCK1
DMPK,-1.875,15,KRSA,0.8133472367049009,4,AGC,DMPK,ROCK,ROCK2
NIK,-0.9008333333333334,36,KRSA,0.5255474452554745,3,STE,STE-UNIQUE,STE-UNIQUE,MAP3K14
MOS,0.65,49,KRSA,0.35036496350364965,2,OTHER,MOS,MOS,MOS
ULK,-0.8966666666666667,37,KRSA,0.5130344108446299,3,OTHER,ULK,FUSED,STK36
ULK,-0.8966666666666667,37,KRSA,0.5130344108446299,3,OTHER,ULK,ULK,ULK1
ULK,-0.8966666666666667,37,KRSA,0.5130344108446299,3,OTHER,ULK,ULK,ULK2
ULK,-0.8966666666666667,37,KRSA,0.5130344108446299,3,OTHER,ULK,ULK,ULK3
ULK,-0.8966666666666667,37,KRSA,0.5130344108446299,3,OTHER,ULK,ULK,ULK4
WNK,-0.9058333333333334,34,KRSA,0.5505735140771637,3,OTHER,WNK,WNK,WNK1
WNK,-0.9058333333333334,34,KRSA,0.5505735140771637,3,OTHER,WNK,WNK,WNK2
WNK,-0.9058333333333334,34,KRSA,0.5505735140771637,3,OTHER,WNK,WNK,WNK3
WNK,-0.9058333333333334,34,KRSA,0.5505735140771637,3,OTHER,WNK,WNK,WNK4
CAMKK,-0.9033333333333332,35,KRSA,0.5380604796663191,3,OTHER,CAMKK,META,CAMKK1
CAMKK,-0.9033333333333332,35,KRSA,0.5380604796663191,3,OTHER,CAMKK,META,CAMKK2
CLK,-0.8908333333333334,38,KRSA,0.4880083420229406,2,CMGC,CLK,CLK,CLK1
CLK,-0.8908333333333334,38,KRSA,0.4880083420229406,2,CMGC,CLK,CLK,CLK2
CLK,-0.8908333333333334,38,KRSA,0.4880083420229406,2,CMGC,CLK,CLK,CLK3
CLK,-0.8908333333333334,38,KRSA,0.4880083420229406,2,CMGC,CLK,CLK,CLK4
NEK,-0.6808333333333333,47,KRSA,0.3753910323253389,2,OTHER,NEK,NEK11,NEK11
NEK,-0.6808333333333333,47,KRSA,0.3753910323253389,2,OTHER,NEK,NEK2,NEK2
NEK,-0.6808333333333333,47,KRSA,0.3753910323253389,2,OTHER,NEK,NEK1,NEK3
NEK,-0.6808333333333333,47,KRSA,0.3753910323253389,2,OTHER,NEK,NEK4,NEK4
NEK,-0.6808333333333333,47,KRSA,0.3753910323253389,2,OTHER,NEK,NEK1,NEK5
NEK,-0.6808333333333333,47,KRSA,0.3753910323253389,2,OTHER,NEK,NEK6,NEK6
NEK,-0.6808333333333333,47,KRSA,0.3753910323253389,2,OTHER,NEK,NEK6,NEK7
NEK,-0.6808333333333333,47,KRSA,0.3753910323253389,2,OTHER,NEK,NEK8,NEK8
NEK,-0.6808333333333333,47,KRSA,0.3753910323253389,2,OTHER,NEK,NEK8,NEK9
MSN,0.10583333333333332,76,KRSA,0.01251303441084463,1,STE,STE20,MSN,MAP4K4
MSN,0.10583333333333332,76,KRSA,0.01251303441084463,1,STE,STE20,MSN,NRK
MSN,0.10583333333333332,76,KRSA,0.01251303441084463,1,STE,STE20,MSN,TNIK
ATR,-1.0583333333333331,29,KRSA,0.6131386861313869,3,ATYPICAL,PIKK,ATR,ATR
RAD53,-0.13416666666666663,75,KRSA,0.02502606882168926,1,CAMK,RAD53,RAD53,CHEK2
IKK,-0.7975,43,KRSA,0.4254431699687174,2,OTHER,IKK,IKK,CHUK
IKK,-0.7975,43,KRSA,0.4254431699687174,2,OTHER,IKK,IKK,IKBKB
IKK,-0.7975,43,KRSA,0.4254431699687174,2,OTHER,IKK,IKK,IKBKE
IKK,-0.7975,43,KRSA,0.4254431699687174,2,OTHER,IKK,IKK,TBK1
PKCD,-0.2675,67,KRSA,0.1251303441084463,1,AGC,PKC,DELTA,PRKCD
PKCD,-0.2675,67,KRSA,0.1251303441084463,1,AGC,PKC,DELTA,PRKCQ
PKD,-1.1025,28,KRSA,0.6256517205422315,3,CAMK,PKD,PKD,PRKD1
PKD,-1.1025,28,KRSA,0.6256517205422315,3,CAMK,PKD,PKD,PRKD2
PKD,-1.1025,28,KRSA,0.6256517205422315,3,CAMK,PKD,PKD,PRKD3
BARK2,0.7916666666666666,44,KRSA,0.4129301355578728,2,AGC,GRK,BARK,GRK3
MTOR,-0.8025,42,KRSA,0.43795620437956206,2,ATYPICAL,PIKK,FRAP,MTOR
PAKB,-0.41583333333333333,55,KRSA,0.27528675703858185,2,STE,STE20,PAKB,PAK4
PAKB,-0.41583333333333333,55,KRSA,0.27528675703858185,2,STE,STE20,PAKB,PAK5
PAKB,-0.41583333333333333,55,KRSA,0.27528675703858185,2,STE,STE20,PAKB,PAK6
PKCI,-0.3933333333333333,57,KRSA,0.2502606882168926,2,AGC,PKC,IOTA,PRKCI
PKCI,-0.3933333333333333,57,KRSA,0.2502606882168926,2,AGC,PKC,IOTA,PRKCZ
HAL,0.3016666666666666,63,KRSA,0.17518248175182483,1,RGC,RGC,RGC,NPR1
AKT,-0.3366666666666667,62,KRSA,0.18769551616266944,1,AGC,AKT,AKT,AKT1
AKT,-0.3366666666666667,62,KRSA,0.18769551616266944,1,AGC,AKT,AKT,AKT2
AKT,-0.3366666666666667,62,KRSA,0.18769551616266944,1,AGC,AKT,AKT,AKT3
PRKDC,-1.2891666666666666,24,KRSA,0.67570385818561,3,ATYPICAL,PIKK,DNAPK,PRKDC
MAPKAPK,-0.3516666666666667,60,KRSA,0.2127215849843587,1,CAMK,MAPKAPK,MAPKAPK,MAPKAPK2
MAPKAPK,-0.3516666666666667,60,KRSA,0.2127215849843587,1,CAMK,MAPKAPK,MAPKAPK,MAPKAPK3
MAPKAPK,-0.3516666666666667,60,KRSA,0.2127215849843587,1,CAMK,MAPKAPK,MAPKAPK,MAPKAPK5
MAPKAPK,-0.3516666666666667,60,KRSA,0.2127215849843587,1,CAMK,MAPKAPK,MNK,MKNK1
MAPKAPK,-0.3516666666666667,60,KRSA,0.2127215849843587,1,CAMK,MAPKAPK,MNK,MKNK2
STKR,0.27416666666666667,65,KRSA,0.15015641293013557,1,TKL,STKR,TYPE1,ACVR1
STKR,0.27416666666666667,65,KRSA,0.15015641293013557,1,TKL,STKR,TYPE1,ACVR1B
STKR,0.27416666666666667,65,KRSA,0.15015641293013557,1,TKL,STKR,TYPE1,ACVR1C
STKR,0.27416666666666667,65,KRSA,0.15015641293013557,1,TKL,STKR,TYPE2,ACVR2A
STKR,0.27416666666666667,65,KRSA,0.15015641293013557,1,TKL,STKR,TYPE2,ACVR2B
STKR,0.27416666666666667,65,KRSA,0.15015641293013557,1,TKL,STKR,TYPE1,ACVRL1
STKR,0.27416666666666667,65,KRSA,0.15015641293013557,1,TKL,STKR,TYPE2,AMHR2
STKR,0.27416666666666667,65,KRSA,0.15015641293013557,1,TKL,STKR,TYPE1,BMPR1A
STKR,0.27416666666666667,65,KRSA,0.15015641293013557,1,TKL,STKR,TYPE1,BMPR1B
STKR,0.27416666666666667,65,KRSA,0.15015641293013557,1,TKL,STKR,TYPE2,BMPR2
STKR,0.27416666666666667,65,KRSA,0.15015641293013557,1,TKL,STKR,TYPE1,TGFBR1
STKR,0.27416666666666667,65,KRSA,0.15015641293013557,1,TKL,STKR,TYPE2,TGFBR2
KHS,0.485,54,KRSA,0.28779979144942647,2,STE,STE20,KHS,MAP4K1
KHS,0.485,54,KRSA,0.28779979144942647,2,STE,STE20,KHS,MAP4K2
KHS,0.485,54,KRSA,0.28779979144942647,2,STE,STE20,KHS,MAP4K3
KHS,0.485,54,KRSA,0.28779979144942647,2,STE,STE20,KHS,MAP4K5
SLK,0.13416666666666668,74,KRSA,0.03753910323253389,1,STE,STE20,SLK,SLK
SLK,0.13416666666666668,74,KRSA,0.03753910323253389,1,STE,STE20,SLK,STK10
TAO,-0.21916666666666668,69,KRSA,0.10010427528675704,1,STE,STE20,TAO,TAOK1
TAO,-0.21916666666666668,69,KRSA,0.10010427528675704,1,STE,STE20,TAO,TAOK2
TAO,-0.21916666666666668,69,KRSA,0.10010427528675704,1,STE,STE20,TAO,TAOK3
PASK,0.4941666666666667,52,KRSA,0.31282586027111575,2,CAMK,CAMKL,PASK,PASK
BRSK,1.3283333333333334,20,KRSA,0.7507820646506778,4,CAMK,CAMKL,BRSK,BRSK1
BRSK,1.3283333333333334,20,KRSA,0.7507820646506778,4,CAMK,CAMKL,BRSK,BRSK2
PKCH,-0.195,70,KRSA,0.08759124087591241,1,AGC,PKC,ETA,PRKCE
PKCH,-0.195,70,KRSA,0.08759124087591241,1,AGC,PKC,ETA,PRKCH
AMPK,-0.18416666666666665,71,KRSA,0.07507820646506778,1,CAMK,CAMKL,AMPK,PRKAA1
AMPK,-0.18416666666666665,71,KRSA,0.07507820646506778,1,CAMK,CAMKL,AMPK,PRKAA2
PKN,-0.9216666666666666,32,KRSA,0.5755995828988529,3,AGC,PKN,PKN,PKN1
PKN,-0.9216666666666666,32,KRSA,0.5755995828988529,3,AGC,PKN,PKN,PKN2
PKN,-0.9216666666666666,32,KRSA,0.5755995828988529,3,AGC,PKN,PKN,PKN3
NAK,-0.26833333333333337,66,KRSA,0.13764337851929093,1,OTHER,NAK,BIKE,AAK1
NAK,-0.26833333333333337,66,KRSA,0.13764337851929093,1,OTHER,NAK,BIKE,BMP2K
NAK,-0.26833333333333337,66,KRSA,0.13764337851929093,1,OTHER,NAK,GAK,GAK
NAK,-0.26833333333333337,66,KRSA,0.13764337851929093,1,OTHER,NAK,MPSK,STK16
COT,-0.1675,72,KRSA,0.06256517205422316,1,STE,STE-UNIQUE,STE-UNIQUE,MAP3K8
VRK1,-0.8908333333333334,38,KRSA,0.4880083420229406,2,CK1,VRK,VRK,VRK1
MLCK,0.3958333333333333,56,KRSA,0.26277372262773724,2,CAMK,MLCK,MLCK,MYLK
MLCK,0.3958333333333333,56,KRSA,0.26277372262773724,2,CAMK,MLCK,MLCK,MYLK2
MLCK,0.3958333333333333,56,KRSA,0.26277372262773724,2,CAMK,MLCK,MLCK,TTN
NDR,-0.8741666666666666,39,KRSA,0.4754953076120959,2,AGC,NDR,NDR,LATS1
NDR,-0.8741666666666666,39,KRSA,0.4754953076120959,2,AGC,NDR,NDR,LATS2
NDR,-0.8741666666666666,39,KRSA,0.4754953076120959,2,AGC,NDR,NDR,STK38
NDR,-0.8741666666666666,39,KRSA,0.4754953076120959,2,AGC,NDR,NDR,STK38L
PAKA,-1.3,23,KRSA,0.7007299270072993,3,STE,STE20,PAKA,PAK1
PAKA,-1.3,23,KRSA,0.7007299270072993,3,STE,STE20,PAKA,PAK2
PAKA,-1.3,23,KRSA,0.7007299270072993,3,STE,STE20,PAKA,PAK3
DAPK,-0.835,40,KRSA,0.4629822732012513,2,CAMK,DAPK,DAPK,DAPK1
DAPK,-0.835,40,KRSA,0.4629822732012513,2,CAMK,DAPK,DAPK,DAPK2
DAPK,-0.835,40,KRSA,0.4629822732012513,2,CAMK,DAPK,DAPK,DAPK3
DAPK,-0.835,40,KRSA,0.4629822732012513,2,CAMK,DAPK,DRAK,STK17A
DAPK,-0.835,40,KRSA,0.4629822732012513,2,CAMK,DAPK,DRAK,STK17B
RSK,-0.8099999999999999,41,KRSA,0.4504692387904067,2,AGC,RSK,RSK,RPS6KA1
RSK,-0.8099999999999999,41,KRSA,0.4504692387904067,2,AGC,RSK,RSK,RPS6KA2
RSK,-0.8099999999999999,41,KRSA,0.4504692387904067,2,AGC,RSK,RSK,RPS6KA3
RSK,-0.8099999999999999,41,KRSA,0.4504692387904067,2,AGC,RSK,MSK,RPS6KA4
RSK,-0.8099999999999999,41,KRSA,0.4504692387904067,2,AGC,RSK,MSK,RPS6KA5
RSK,-0.8099999999999999,41,KRSA,0.4504692387904067,2,AGC,RSK,RSK,RPS6KA6
RSK,-0.8099999999999999,41,KRSA,0.4504692387904067,2,AGC,RSK,P70,RPS6KB1
RSK,-0.8099999999999999,41,KRSA,0.4504692387904067,2,AGC,RSK,P70,RPS6KB2
GRK,-0.35416666666666663,59,KRSA,0.22523461939520334,1,AGC,GRK,GRK,GRK1
GRK,-0.35416666666666663,59,KRSA,0.22523461939520334,1,AGC,GRK,GRK,GRK4
GRK,-0.35416666666666663,59,KRSA,0.22523461939520334,1,AGC,GRK,GRK,GRK5
GRK,-0.35416666666666663,59,KRSA,0.22523461939520334,1,AGC,GRK,GRK,GRK6
GRK,-0.35416666666666663,59,KRSA,0.22523461939520334,1,AGC,GRK,GRK,GRK7
RIPK,0.05999999999999998,77,KRSA,0,1,TKL,RIPK,RIPK,ANKK1
RIPK,0.05999999999999998,77,KRSA,0,1,TKL,RIPK,RIPK,RIPK1
RIPK,0.05999999999999998,77,KRSA,0,1,TKL,RIPK,RIPK,RIPK2
RIPK,0.05999999999999998,77,KRSA,0,1,TKL,RIPK,RIPK,RIPK3
RIPK,0.05999999999999998,77,KRSA,0,1,TKL,RIPK,RIPK,RIPK4
PIM,-0.9233333333333332,31,KRSA,0.5881126173096975,3,CAMK,PIM,PIM,PIM1
PIM,-0.9233333333333332,31,KRSA,0.5881126173096975,3,CAMK,PIM,PIM,PIM2
PIM,-0.9233333333333332,31,KRSA,0.5881126173096975,3,CAMK,PIM,PIM,PIM3
AUR,-0.3675000000000001,58,KRSA,0.23774765380604795,1,OTHER,AUR,AUR,AURKA
AUR,-0.3675000000000001,58,KRSA,0.23774765380604795,1,OTHER,AUR,AUR,AURKB
AUR,-0.3675000000000001,58,KRSA,0.23774765380604795,1,OTHER,AUR,AUR,AURKC
MLK,-0.3433333333333334,61,KRSA,0.20020855057351408,1,TKL,MLK,ILK,ILK
MLK,-0.3433333333333334,61,KRSA,0.20020855057351408,1,TKL,MLK,MLK,MAP3K10
MLK,-0.3433333333333334,61,KRSA,0.20020855057351408,1,TKL,MLK,MLK,MAP3K11
MLK,-0.3433333333333334,61,KRSA,0.20020855057351408,1,TKL,MLK,LZK,MAP3K12
MLK,-0.3433333333333334,61,KRSA,0.20020855057351408,1,TKL,MLK,LZK,MAP3K13
MLK,-0.3433333333333334,61,KRSA,0.20020855057351408,1,TKL,MLK,MLK,MAP3K9
MLK,-0.3433333333333334,61,KRSA,0.20020855057351408,1,TKL,MLK,HH498,TNNI3K
MELK,-0.13749999999999998,73,KRSA,0.05005213764337852,1,CAMK,CAMKL,MELK,MELK
CHK1,0.29333333333333333,64,KRSA,0.16266944734098018,1,CAMK,CAMKL,CHK1,CHEK1
DYRK,-2.3608333333333333,10,KRSA,0.8759124087591241,4,CMGC,DYRK,DYRK1,DYRK1A
DYRK,-2.3608333333333333,10,KRSA,0.8759124087591241,4,CMGC,DYRK,DYRK1,DYRK1B
DYRK,-2.3608333333333333,10,KRSA,0.8759124087591241,4,CMGC,DYRK,DYRK2,DYRK2
DYRK,-2.3608333333333333,10,KRSA,0.8759124087591241,4,CMGC,DYRK,DYRK2,DYRK3
DYRK,-2.3608333333333333,10,KRSA,0.8759124087591241,4,CMGC,DYRK,DYRK2,DYRK4
DYRK,-2.3608333333333333,10,KRSA,0.8759124087591241,4,CMGC,DYRK,HIPK,HIPK1
DYRK,-2.3608333333333333,10,KRSA,0.8759124087591241,4,CMGC,DYRK,HIPK,HIPK2
DYRK,-2.3608333333333333,10,KRSA,0.8759124087591241,4,CMGC,DYRK,HIPK,HIPK3
DYRK,-2.3608333333333333,10,KRSA,0.8759124087591241,4,CMGC,DYRK,HIPK,HIPK4
DYRK,-2.3608333333333333,10,KRSA,0.8759124087591241,4,CMGC,DYRK,PRP4,PRPF4B
PKCA,-4.91,1,KRSA,0.9885297184567258,4,AGC,PKC,ALPHA,PRKCA
PKCA,-4.91,1,KRSA,0.9885297184567258,4,AGC,PKC,ALPHA,PRKCB
PKCA,-4.91,1,KRSA,0.9885297184567258,4,AGC,PKC,ALPHA,PRKCG
PEK,-3.924166666666667,2,KRSA,0.9760166840458812,4,OTHER,PEK,HRI,EIF2AK1
PEK,-3.924166666666667,2,KRSA,0.9760166840458812,4,OTHER,PEK,PKR,EIF2AK2
PEK,-3.924166666666667,2,KRSA,0.9760166840458812,4,OTHER,PEK,PEK,EIF2AK3
PEK,-3.924166666666667,2,KRSA,0.9760166840458812,4,OTHER,PEK,GCN2,EIF2AK4
CDK,-3.4966666666666666,3,KRSA,0.9635036496350365,4,CMGC,CDK,CDC2,CDK1
CDK,-3.4966666666666666,3,KRSA,0.9635036496350365,4,CMGC,CDK,CDK10,CDK10
CDK,-3.4966666666666666,3,KRSA,0.9635036496350365,4,CMGC,CDK,CRK7,CDK12
CDK,-3.4966666666666666,3,KRSA,0.9635036496350365,4,CMGC,CDK,CRK7,CDK13
CDK,-3.4966666666666666,3,KRSA,0.9635036496350365,4,CMGC,CDK,PFTAIRE,CDK14
CDK,-3.4966666666666666,3,KRSA,0.9635036496350365,4,CMGC,CDK,PFTAIRE,CDK15
CDK,-3.4966666666666666,3,KRSA,0.9635036496350365,4,CMGC,CDK,PCTAIRE,CDK16
CDK,-3.4966666666666666,3,KRSA,0.9635036496350365,4,CMGC,CDK,PCTAIRE,CDK17
CDK,-3.4966666666666666,3,KRSA,0.9635036496350365,4,CMGC,CDK,PCTAIRE,CDK18
CDK,-3.4966666666666666,3,KRSA,0.9635036496350365,4,CMGC,CDK,CDK8,CDK19
CDK,-3.4966666666666666,3,KRSA,0.9635036496350365,4,CMGC,CDK,CDC2,CDK2
CDK,-3.4966666666666666,3,KRSA,0.9635036496350365,4,CMGC,CDK,CCRK,CDK20
CDK,-3.4966666666666666,3,KRSA,0.9635036496350365,4,CMGC,CDK,CDC2,CDK3
CDK,-3.4966666666666666,3,KRSA,0.9635036496350365,4,CMGC,CDK,CDK4,CDK4
CDK,-3.4966666666666666,3,KRSA,0.9635036496350365,4,CMGC,CDK,CDK5,CDK5
CDK,-3.4966666666666666,3,KRSA,0.9635036496350365,4,CMGC,CDK,CDK4,CDK6
CDK,-3.4966666666666666,3,KRSA,0.9635036496350365,4,CMGC,CDK,CDK7,CDK7
CDK,-3.4966666666666666,3,KRSA,0.9635036496350365,4,CMGC,CDK,CDK8,CDK8
CDK,-3.4966666666666666,3,KRSA,0.9635036496350365,4,CMGC,CDK,CDK9,CDK9
CDK,-3.4966666666666666,3,KRSA,0.9635036496350365,4,NA,NA,NA,CDK11A
CDK,-3.4966666666666666,3,KRSA,0.9635036496350365,4,NA,NA,NA,CDK11B
ERK,-2.7983333333333333,6,KRSA,0.9259645464025026,4,CMGC,MAPK,ERK1,MAPK1
ERK,-2.7983333333333333,6,KRSA,0.9259645464025026,4,CMGC,MAPK,ERK7,MAPK15
ERK,-2.7983333333333333,6,KRSA,0.9259645464025026,4,CMGC,MAPK,ERK1,MAPK3
ERK,-2.7983333333333333,6,KRSA,0.9259645464025026,4,CMGC,MAPK,ERK3,MAPK4
ERK,-2.7983333333333333,6,KRSA,0.9259645464025026,4,CMGC,MAPK,ERK3,MAPK6
ERK,-2.7983333333333333,6,KRSA,0.9259645464025026,4,CMGC,MAPK,ERK5,MAPK7
PLK,-2.9066666666666667,4,KRSA,0.9509906152241918,4,NA,NA,NA,PLK5
PLK,-2.9066666666666667,4,KRSA,0.9509906152241918,4,OTHER,PLK,PLK1,PLK1
PLK,-2.9066666666666667,4,KRSA,0.9509906152241918,4,OTHER,PLK,PLK2,PLK2
PLK,-2.9066666666666667,4,KRSA,0.9509906152241918,4,OTHER,PLK,PLK2,PLK3
PLK,-2.9066666666666667,4,KRSA,0.9509906152241918,4,OTHER,PLK,SAK,PLK4
PDK1,-2.8158333333333334,5,KRSA,0.9384775808133472,4,ATYPICAL,PDHK,PDHK,PDK1
PDK1,-2.8158333333333334,5,KRSA,0.9384775808133472,4,AGC,PDK1,PDK1,PDPK1
STE7,-2.35,11,KRSA,0.8633993743482794,4,STE,STE7,MEK1,MAP2K1
STE7,-2.35,11,KRSA,0.8633993743482794,4,STE,STE7,MEK1,MAP2K2
STE7,-2.35,11,KRSA,0.8633993743482794,4,STE,STE7,MEK3,MAP2K3
STE7,-2.35,11,KRSA,0.8633993743482794,4,STE,STE7,MEK4,MAP2K4
STE7,-2.35,11,KRSA,0.8633993743482794,4,STE,STE7,MEK5,MAP2K5
STE7,-2.35,11,KRSA,0.8633993743482794,4,STE,STE7,MEK3,MAP2K6
STE7,-2.35,11,KRSA,0.8633993743482794,4,STE,STE7,MEK7,MAP2K7
NMO,-2.444166666666667,9,KRSA,0.8884254431699687,4,CMGC,MAPK,NMO,NLK
JNK,-1.945,13,KRSA,0.8383733055265902,4,CMGC,MAPK,JNK,MAPK10
JNK,-1.945,13,KRSA,0.8383733055265902,4,CMGC,MAPK,JNK,MAPK8
JNK,-1.945,13,KRSA,0.8383733055265902,4,CMGC,MAPK,JNK,MAPK9
CK1,-2.0633333333333335,12,KRSA,0.8508863399374348,4,CK1,CK1,CK1-A,CSNK1A1
CK1,-2.0633333333333335,12,KRSA,0.8508863399374348,4,CK1,CK1,CK1-A,CSNK1A1L
CK1,-2.0633333333333335,12,KRSA,0.8508863399374348,4,CK1,CK1,CK1-D,CSNK1D
CK1,-2.0633333333333335,12,KRSA,0.8508863399374348,4,CK1,CK1,CK1-D,CSNK1E
CK1,-2.0633333333333335,12,KRSA,0.8508863399374348,4,CK1,CK1,CK1-G,CSNK1G1
CK1,-2.0633333333333335,12,KRSA,0.8508863399374348,4,CK1,CK1,CK1-G,CSNK1G2
CK1,-2.0633333333333335,12,KRSA,0.8508863399374348,4,CK1,CK1,CK1-G,CSNK1G3
CK1,-2.0633333333333335,12,KRSA,0.8508863399374348,4,CK1,TTBK,TTBK,TTBK1
CK1,-2.0633333333333335,12,KRSA,0.8508863399374348,4,CK1,TTBK,TTBK,TTBK2
CK1,-2.0633333333333335,12,KRSA,0.8508863399374348,4,CK1,VRK,VRK,VRK3
P38,-1.9233333333333331,14,KRSA,0.8258602711157456,4,CMGC,MAPK,P38,MAPK11
P38,-1.9233333333333331,14,KRSA,0.8258602711157456,4,CMGC,MAPK,P38,MAPK12
P38,-1.9233333333333331,14,KRSA,0.8258602711157456,4,CMGC,MAPK,P38,MAPK13
P38,-1.9233333333333331,14,KRSA,0.8258602711157456,4,CMGC,MAPK,P38,MAPK14
LKB,-1.524166666666667,18,KRSA,0.7758081334723671,4,CAMK,CAMKL,LKB,STK11
PHK,-2.5658333333333334,7,KRSA,0.913451511991658,4,CAMK,PHK,PHK,PHKG1
PHK,-2.5658333333333334,7,KRSA,0.913451511991658,4,CAMK,PHK,PHK,PHKG2
PKA,0.7558333333333334,45,KRSA,0.40041710114702816,2,AGC,PKA,PKA,PRKACA
PKA,0.7558333333333334,45,KRSA,0.40041710114702816,2,AGC,PKA,PKA,PRKACB
PKA,0.7558333333333334,45,KRSA,0.40041710114702816,2,AGC,PKA,PKA,PRKACG
PKA,0.7558333333333334,45,KRSA,0.40041710114702816,2,AGC,PKA,PKA,PRKX
PKA,0.7558333333333334,45,KRSA,0.40041710114702816,2,AGC,PKA,PKA,PRKY
MST,-1.3266666666666669,21,KRSA,0.7382690302398331,3,STE,STE20,MST,STK3
MST,-1.3266666666666669,21,KRSA,0.7382690302398331,3,STE,STE20,MST,STK4
PDHK,-2.565,8,KRSA,0.9009384775808134,4,ATYPICAL,PDHK,BCKDK,BCKDK
PDHK,-2.565,8,KRSA,0.9009384775808134,4,ATYPICAL,PDHK,PDHK,PDK2
PDHK,-2.565,8,KRSA,0.9009384775808134,4,ATYPICAL,PDHK,PDHK,PDK3
PDHK,-2.565,8,KRSA,0.9009384775808134,4,ATYPICAL,PDHK,PDHK,PDK4
GSK,-0.7283333333333333,46,KRSA,0.38790406673618355,2,CMGC,GSK,GSK,GSK3A
GSK,-0.7283333333333333,46,KRSA,0.38790406673618355,2,CMGC,GSK,GSK,GSK3B
FRAY,-1.5658333333333334,17,KRSA,0.7883211678832117,4,STE,STE20,FRAY,OXSR1
FRAY,-1.5658333333333334,17,KRSA,0.7883211678832117,4,STE,STE20,FRAY,STK39
TTK,-1.3,23,KRSA,0.7007299270072993,3,OTHER,TTK,TTK,TTK
CAMK1,1.5016666666666667,19,KRSA,0.7632950990615224,4,CAMK,CAMK1,CAMK1,CAMK1
CAMK1,1.5016666666666667,19,KRSA,0.7632950990615224,4,CAMK,CAMK1,CAMK1,CAMK1D
CAMK1,1.5016666666666667,19,KRSA,0.7632950990615224,4,CAMK,CAMK1,CAMK1,CAMK1G
CAMK1,1.5016666666666667,19,KRSA,0.7632950990615224,4,CAMK,CAMK1,CAMK1,CAMK4
CAMK1,1.5016666666666667,19,KRSA,0.7632950990615224,4,CAMK,CAMK1,CAMK1,PNCK
PKG,0.6633333333333333,48,KRSA,0.36287799791449427,2,AGC,PKG,PKG,PRKG1
PKG,0.6633333333333333,48,KRSA,0.36287799791449427,2,AGC,PKG,PKG,PRKG2
NUAK,-1.2766666666666666,25,KRSA,0.6631908237747653,3,CAMK,CAMKL,NUAK,NUAK1
NUAK,-1.2766666666666666,25,KRSA,0.6631908237747653,3,CAMK,CAMKL,NUAK,NUAK2
TLK,-1.2891666666666666,24,KRSA,0.67570385818561,3,OTHER,TLK,TLK,TLK1
TLK,-1.2891666666666666,24,KRSA,0.67570385818561,3,OTHER,TLK,TLK,TLK2
IRAK,-0.4916666666666667,53,KRSA,0.30031282586027114,2,TKL,IRAK,IRAK,IRAK1
IRAK,-0.4916666666666667,53,KRSA,0.30031282586027114,2,TKL,IRAK,IRAK,IRAK2
IRAK,-0.4916666666666667,53,KRSA,0.30031282586027114,2,TKL,IRAK,IRAK,IRAK3
IRAK,-0.4916666666666667,53,KRSA,0.30031282586027114,2,TKL,IRAK,IRAK,IRAK4
STE11,-0.5483333333333332,50,KRSA,0.337851929092805,2,TKL,MLK,TAK1,MAP3K7
STE11,-0.5483333333333332,50,KRSA,0.337851929092805,2,STE,STE11,MEKK1,MAP3K1
STE11,-0.5483333333333332,50,KRSA,0.337851929092805,2,STE,STE11,ASK,MAP3K15
STE11,-0.5483333333333332,50,KRSA,0.337851929092805,2,STE,STE11,MEKK2,MAP3K2
STE11,-0.5483333333333332,50,KRSA,0.337851929092805,2,STE,STE11,MEKK2,MAP3K3
STE11,-0.5483333333333332,50,KRSA,0.337851929092805,2,STE,STE11,MEKK4,MAP3K4
STE11,-0.5483333333333332,50,KRSA,0.337851929092805,2,STE,STE11,ASK,MAP3K5
STE11,-0.5483333333333332,50,KRSA,0.337851929092805,2,STE,STE11,ASK,MAP3K6
SGK,0.5308333333333334,51,KRSA,0.32533889468196037,2,AGC,SGK,SGK,SGK1
SGK,0.5308333333333334,51,KRSA,0.32533889468196037,2,AGC,SGK,SGK,SGK2
SGK,0.5308333333333334,51,KRSA,0.32533889468196037,2,AGC,SGK,SGK,SGK3
ATM,-1.211666666666667,27,KRSA,0.6381647549530761,3,ATYPICAL,PIKK,ATM,ATM
QIK,-1.8483333333333336,16,KRSA,0.8008342022940563,4,CAMK,CAMKL,QIK,SIK1
QIK,-1.8483333333333336,16,KRSA,0.8008342022940563,4,CAMK,CAMKL,QIK,SIK2
CK2,-1.05,30,KRSA,0.6006256517205423,3,CMGC,CK2,CK2,CSNK2A1
CK2,-1.05,30,KRSA,0.6006256517205423,3,CMGC,CK2,CK2,CSNK2A2
CK2,-1.05,30,KRSA,0.6006256517205423,3,NA,NA,NA,CSNK2A3
DMPK,-1.875,15,KRSA,0.8133472367049009,4,AGC,DMPK,GEK,CDC42BPA
DMPK,-1.875,15,KRSA,0.8133472367049009,4,AGC,DMPK,GEK,CDC42BPB
DMPK,-1.875,15,KRSA,0.8133472367049009,4,AGC,DMPK,GEK,CDC42BPG
DMPK,-1.875,15,KRSA,0.8133472367049009,4,AGC,DMPK,CRIK,CIT
DMPK,-1.875,15,KRSA,0.8133472367049009,4,AGC,DMPK,GEK,DMPK
DMPK,-1.875,15,KRSA,0.8133472367049009,4,AGC,DMPK,ROCK,ROCK1
DMPK,-1.875,15,KRSA,0.8133472367049009,4,AGC,DMPK,ROCK,ROCK2
MTOR,-0.8025,42,KRSA,0.43795620437956206,2,ATYPICAL,PIKK,FRAP,MTOR
ATR,-1.0583333333333331,29,KRSA,0.6131386861313869,3,ATYPICAL,PIKK,ATR,ATR
NEK,-0.6808333333333333,47,KRSA,0.3753910323253389,2,OTHER,NEK,NEK11,NEK11
NEK,-0.6808333333333333,47,KRSA,0.3753910323253389,2,OTHER,NEK,NEK2,NEK2
NEK,-0.6808333333333333,47,KRSA,0.3753910323253389,2,OTHER,NEK,NEK1,NEK3
NEK,-0.6808333333333333,47,KRSA,0.3753910323253389,2,OTHER,NEK,NEK4,NEK4
NEK,-0.6808333333333333,47,KRSA,0.3753910323253389,2,OTHER,NEK,NEK1,NEK5
NEK,-0.6808333333333333,47,KRSA,0.3753910323253389,2,OTHER,NEK,NEK6,NEK6
NEK,-0.6808333333333333,47,KRSA,0.3753910323253389,2,OTHER,NEK,NEK6,NEK7
NEK,-0.6808333333333333,47,KRSA,0.3753910323253389,2,OTHER,NEK,NEK8,NEK8
NEK,-0.6808333333333333,47,KRSA,0.3753910323253389,2,OTHER,NEK,NEK8,NEK9
TAO,-0.21916666666666668,69,KRSA,0.10010427528675704,1,STE,STE20,TAO,TAOK1
TAO,-0.21916666666666668,69,KRSA,0.10010427528675704,1,STE,STE20,TAO,TAOK2
TAO,-0.21916666666666668,69,KRSA,0.10010427528675704,1,STE,STE20,TAO,TAOK3
CLK,-0.8908333333333334,38,KRSA,0.4880083420229406,2,CMGC,CLK,CLK,CLK1
CLK,-0.8908333333333334,38,KRSA,0.4880083420229406,2,CMGC,CLK,CLK,CLK2
CLK,-0.8908333333333334,38,KRSA,0.4880083420229406,2,CMGC,CLK,CLK,CLK3
CLK,-0.8908333333333334,38,KRSA,0.4880083420229406,2,CMGC,CLK,CLK,CLK4
CAMKK,-0.9033333333333332,35,KRSA,0.5380604796663191,3,OTHER,CAMKK,META,CAMKK1
CAMKK,-0.9033333333333332,35,KRSA,0.5380604796663191,3,OTHER,CAMKK,META,CAMKK2
BUD32,-0.9133333333333332,33,KRSA,0.5630865484880083,3,OTHER,BUD32,BUD32,TP53RK
NIK,-0.9008333333333334,36,KRSA,0.5255474452554745,3,STE,STE-UNIQUE,STE-UNIQUE,MAP3K14
MOS,0.65,49,KRSA,0.35036496350364965,2,OTHER,MOS,MOS,MOS
WNK,-0.9058333333333334,34,KRSA,0.5505735140771637,3,OTHER,WNK,WNK,WNK1
WNK,-0.9058333333333334,34,KRSA,0.5505735140771637,3,OTHER,WNK,WNK,WNK2
WNK,-0.9058333333333334,34,KRSA,0.5505735140771637,3,OTHER,WNK,WNK,WNK3
WNK,-0.9058333333333334,34,KRSA,0.5505735140771637,3,OTHER,WNK,WNK,WNK4
SLK,0.13416666666666668,74,KRSA,0.03753910323253389,1,STE,STE20,SLK,SLK
SLK,0.13416666666666668,74,KRSA,0.03753910323253389,1,STE,STE20,SLK,STK10
ULK,-0.8966666666666667,37,KRSA,0.5130344108446299,3,OTHER,ULK,FUSED,STK36
ULK,-0.8966666666666667,37,KRSA,0.5130344108446299,3,OTHER,ULK,ULK,ULK1
ULK,-0.8966666666666667,37,KRSA,0.5130344108446299,3,OTHER,ULK,ULK,ULK2
ULK,-0.8966666666666667,37,KRSA,0.5130344108446299,3,OTHER,ULK,ULK,ULK3
ULK,-0.8966666666666667,37,KRSA,0.5130344108446299,3,OTHER,ULK,ULK,ULK4
RAF,-1.2366666666666666,26,KRSA,0.6506777893639207,3,TKL,RAF,RAF,ARAF
RAF,-1.2366666666666666,26,KRSA,0.6506777893639207,3,TKL,RAF,RAF,BRAF
RAF,-1.2366666666666666,26,KRSA,0.6506777893639207,3,TKL,RAF,KSR,KSR1
RAF,-1.2366666666666666,26,KRSA,0.6506777893639207,3,TKL,RAF,KSR,KSR2
RAF,-1.2366666666666666,26,KRSA,0.6506777893639207,3,TKL,RAF,RAF,RAF1
BARK2,0.7916666666666666,44,KRSA,0.4129301355578728,2,AGC,GRK,BARK,GRK3
VRK1,-0.8908333333333334,38,KRSA,0.4880083420229406,2,CK1,VRK,VRK,VRK1
CAMK2,-0.26499999999999996,68,KRSA,0.11261730969760167,1,CAMK,CAMK2,CAMK2,CAMK2A
CAMK2,-0.26499999999999996,68,KRSA,0.11261730969760167,1,CAMK,CAMK2,CAMK2,CAMK2B
CAMK2,-0.26499999999999996,68,KRSA,0.11261730969760167,1,CAMK,CAMK2,CAMK2,CAMK2D
CAMK2,-0.26499999999999996,68,KRSA,0.11261730969760167,1,CAMK,CAMK2,CAMK2,CAMK2G
PRKDC,-1.2891666666666666,24,KRSA,0.67570385818561,3,ATYPICAL,PIKK,DNAPK,PRKDC
HAL,0.3016666666666666,63,KRSA,0.17518248175182483,1,RGC,RGC,RGC,NPR1
PAKB,-0.41583333333333333,55,KRSA,0.27528675703858185,2,STE,STE20,PAKB,PAK4
PAKB,-0.41583333333333333,55,KRSA,0.27528675703858185,2,STE,STE20,PAKB,PAK5
PAKB,-0.41583333333333333,55,KRSA,0.27528675703858185,2,STE,STE20,PAKB,PAK6
RAD53,-0.13416666666666663,75,KRSA,0.02502606882168926,1,CAMK,RAD53,RAD53,CHEK2
PKCD,-0.2675,67,KRSA,0.1251303441084463,1,AGC,PKC,DELTA,PRKCD
PKCD,-0.2675,67,KRSA,0.1251303441084463,1,AGC,PKC,DELTA,PRKCQ
DAPK,-0.835,40,KRSA,0.4629822732012513,2,CAMK,DAPK,DAPK,DAPK1
DAPK,-0.835,40,KRSA,0.4629822732012513,2,CAMK,DAPK,DAPK,DAPK2
DAPK,-0.835,40,KRSA,0.4629822732012513,2,CAMK,DAPK,DAPK,DAPK3
DAPK,-0.835,40,KRSA,0.4629822732012513,2,CAMK,DAPK,DRAK,STK17A
DAPK,-0.835,40,KRSA,0.4629822732012513,2,CAMK,DAPK,DRAK,STK17B
RIPK,0.05999999999999998,77,KRSA,0,1,TKL,RIPK,RIPK,ANKK1
RIPK,0.05999999999999998,77,KRSA,0,1,TKL,RIPK,RIPK,RIPK1
RIPK,0.05999999999999998,77,KRSA,0,1,TKL,RIPK,RIPK,RIPK2
RIPK,0.05999999999999998,77,KRSA,0,1,TKL,RIPK,RIPK,RIPK3
RIPK,0.05999999999999998,77,KRSA,0,1,TKL,RIPK,RIPK,RIPK4
PASK,0.4941666666666667,52,KRSA,0.31282586027111575,2,CAMK,CAMKL,PASK,PASK
BRSK,1.3283333333333334,20,KRSA,0.7507820646506778,4,CAMK,CAMKL,BRSK,BRSK1
BRSK,1.3283333333333334,20,KRSA,0.7507820646506778,4,CAMK,CAMKL,BRSK,BRSK2
KHS,0.485,54,KRSA,0.28779979144942647,2,STE,STE20,KHS,MAP4K1
KHS,0.485,54,KRSA,0.28779979144942647,2,STE,STE20,KHS,MAP4K2
KHS,0.485,54,KRSA,0.28779979144942647,2,STE,STE20,KHS,MAP4K3
KHS,0.485,54,KRSA,0.28779979144942647,2,STE,STE20,KHS,MAP4K5
MLCK,0.3958333333333333,56,KRSA,0.26277372262773724,2,CAMK,MLCK,MLCK,MYLK
MLCK,0.3958333333333333,56,KRSA,0.26277372262773724,2,CAMK,MLCK,MLCK,MYLK2
MLCK,0.3958333333333333,56,KRSA,0.26277372262773724,2,CAMK,MLCK,MLCK,TTN
MSN,0.10583333333333332,76,KRSA,0.01251303441084463,1,STE,STE20,MSN,MAP4K4
MSN,0.10583333333333332,76,KRSA,0.01251303441084463,1,STE,STE20,MSN,NRK
MSN,0.10583333333333332,76,KRSA,0.01251303441084463,1,STE,STE20,MSN,TNIK
GRK,-0.35416666666666663,59,KRSA,0.22523461939520334,1,AGC,GRK,GRK,GRK1
GRK,-0.35416666666666663,59,KRSA,0.22523461939520334,1,AGC,GRK,GRK,GRK4
GRK,-0.35416666666666663,59,KRSA,0.22523461939520334,1,AGC,GRK,GRK,GRK5
GRK,-0.35416666666666663,59,KRSA,0.22523461939520334,1,AGC,GRK,GRK,GRK6
GRK,-0.35416666666666663,59,KRSA,0.22523461939520334,1,AGC,GRK,GRK,GRK7
AKT,-0.3366666666666667,62,KRSA,0.18769551616266944,1,AGC,AKT,AKT,AKT1
AKT,-0.3366666666666667,62,KRSA,0.18769551616266944,1,AGC,AKT,AKT,AKT2
AKT,-0.3366666666666667,62,KRSA,0.18769551616266944,1,AGC,AKT,AKT,AKT3
PKD,-1.1025,28,KRSA,0.6256517205422315,3,CAMK,PKD,PKD,PRKD1
PKD,-1.1025,28,KRSA,0.6256517205422315,3,CAMK,PKD,PKD,PRKD2
PKD,-1.1025,28,KRSA,0.6256517205422315,3,CAMK,PKD,PKD,PRKD3
STKR,0.27416666666666667,65,KRSA,0.15015641293013557,1,TKL,STKR,TYPE1,ACVR1
STKR,0.27416666666666667,65,KRSA,0.15015641293013557,1,TKL,STKR,TYPE1,ACVR1B
STKR,0.27416666666666667,65,KRSA,0.15015641293013557,1,TKL,STKR,TYPE1,ACVR1C
STKR,0.27416666666666667,65,KRSA,0.15015641293013557,1,TKL,STKR,TYPE2,ACVR2A
STKR,0.27416666666666667,65,KRSA,0.15015641293013557,1,TKL,STKR,TYPE2,ACVR2B
STKR,0.27416666666666667,65,KRSA,0.15015641293013557,1,TKL,STKR,TYPE1,ACVRL1
STKR,0.27416666666666667,65,KRSA,0.15015641293013557,1,TKL,STKR,TYPE2,AMHR2
STKR,0.27416666666666667,65,KRSA,0.15015641293013557,1,TKL,STKR,TYPE1,BMPR1A
STKR,0.27416666666666667,65,KRSA,0.15015641293013557,1,TKL,STKR,TYPE1,BMPR1B
STKR,0.27416666666666667,65,KRSA,0.15015641293013557,1,TKL,STKR,TYPE2,BMPR2
STKR,0.27416666666666667,65,KRSA,0.15015641293013557,1,TKL,STKR,TYPE1,TGFBR1
STKR,0.27416666666666667,65,KRSA,0.15015641293013557,1,TKL,STKR,TYPE2,TGFBR2
MAPKAPK,-0.3516666666666667,60,KRSA,0.2127215849843587,1,CAMK,MAPKAPK,MAPKAPK,MAPKAPK2
MAPKAPK,-0.3516666666666667,60,KRSA,0.2127215849843587,1,CAMK,MAPKAPK,MAPKAPK,MAPKAPK3
MAPKAPK,-0.3516666666666667,60,KRSA,0.2127215849843587,1,CAMK,MAPKAPK,MAPKAPK,MAPKAPK5
MAPKAPK,-0.3516666666666667,60,KRSA,0.2127215849843587,1,CAMK,MAPKAPK,MNK,MKNK1
MAPKAPK,-0.3516666666666667,60,KRSA,0.2127215849843587,1,CAMK,MAPKAPK,MNK,MKNK2
NAK,-0.26833333333333337,66,KRSA,0.13764337851929093,1,OTHER,NAK,BIKE,AAK1
NAK,-0.26833333333333337,66,KRSA,0.13764337851929093,1,OTHER,NAK,BIKE,BMP2K
NAK,-0.26833333333333337,66,KRSA,0.13764337851929093,1,OTHER,NAK,GAK,GAK
NAK,-0.26833333333333337,66,KRSA,0.13764337851929093,1,OTHER,NAK,MPSK,STK16
PKN,-0.9216666666666666,32,KRSA,0.5755995828988529,3,AGC,PKN,PKN,PKN1
PKN,-0.9216666666666666,32,KRSA,0.5755995828988529,3,AGC,PKN,PKN,PKN2
PKN,-0.9216666666666666,32,KRSA,0.5755995828988529,3,AGC,PKN,PKN,PKN3
PKCI,-0.3933333333333333,57,KRSA,0.2502606882168926,2,AGC,PKC,IOTA,PRKCI
PKCI,-0.3933333333333333,57,KRSA,0.2502606882168926,2,AGC,PKC,IOTA,PRKCZ
IKK,-0.7975,43,KRSA,0.4254431699687174,2,OTHER,IKK,IKK,CHUK
IKK,-0.7975,43,KRSA,0.4254431699687174,2,OTHER,IKK,IKK,IKBKB
IKK,-0.7975,43,KRSA,0.4254431699687174,2,OTHER,IKK,IKK,IKBKE
IKK,-0.7975,43,KRSA,0.4254431699687174,2,OTHER,IKK,IKK,TBK1
MLK,-0.3433333333333334,61,KRSA,0.20020855057351408,1,TKL,MLK,ILK,ILK
MLK,-0.3433333333333334,61,KRSA,0.20020855057351408,1,TKL,MLK,MLK,MAP3K10
MLK,-0.3433333333333334,61,KRSA,0.20020855057351408,1,TKL,MLK,MLK,MAP3K11
MLK,-0.3433333333333334,61,KRSA,0.20020855057351408,1,TKL,MLK,LZK,MAP3K12
MLK,-0.3433333333333334,61,KRSA,0.20020855057351408,1,TKL,MLK,LZK,MAP3K13
MLK,-0.3433333333333334,61,KRSA,0.20020855057351408,1,TKL,MLK,MLK,MAP3K9
MLK,-0.3433333333333334,61,KRSA,0.20020855057351408,1,TKL,MLK,HH498,TNNI3K
CHK1,0.29333333333333333,64,KRSA,0.16266944734098018,1,CAMK,CAMKL,CHK1,CHEK1
PKCH,-0.195,70,KRSA,0.08759124087591241,1,AGC,PKC,ETA,PRKCE
PKCH,-0.195,70,KRSA,0.08759124087591241,1,AGC,PKC,ETA,PRKCH
PAKA,-1.3,23,KRSA,0.7007299270072993,3,STE,STE20,PAKA,PAK1
PAKA,-1.3,23,KRSA,0.7007299270072993,3,STE,STE20,PAKA,PAK2
PAKA,-1.3,23,KRSA,0.7007299270072993,3,STE,STE20,PAKA,PAK3
NDR,-0.8741666666666666,39,KRSA,0.4754953076120959,2,AGC,NDR,NDR,LATS1
NDR,-0.8741666666666666,39,KRSA,0.4754953076120959,2,AGC,NDR,NDR,LATS2
NDR,-0.8741666666666666,39,KRSA,0.4754953076120959,2,AGC,NDR,NDR,STK38
NDR,-0.8741666666666666,39,KRSA,0.4754953076120959,2,AGC,NDR,NDR,STK38L
COT,-0.1675,72,KRSA,0.06256517205422316,1,STE,STE-UNIQUE,STE-UNIQUE,MAP3K8
RSK,-0.8099999999999999,41,KRSA,0.4504692387904067,2,AGC,RSK,RSK,RPS6KA1
RSK,-0.8099999999999999,41,KRSA,0.4504692387904067,2,AGC,RSK,RSK,RPS6KA2
RSK,-0.8099999999999999,41,KRSA,0.4504692387904067,2,AGC,RSK,RSK,RPS6KA3
RSK,-0.8099999999999999,41,KRSA,0.4504692387904067,2,AGC,RSK,MSK,RPS6KA4
RSK,-0.8099999999999999,41,KRSA,0.4504692387904067,2,AGC,RSK,MSK,RPS6KA5
RSK,-0.8099999999999999,41,KRSA,0.4504692387904067,2,AGC,RSK,RSK,RPS6KA6
RSK,-0.8099999999999999,41,KRSA,0.4504692387904067,2,AGC,RSK,P70,RPS6KB1
RSK,-0.8099999999999999,41,KRSA,0.4504692387904067,2,AGC,RSK,P70,RPS6KB2
MELK,-0.13749999999999998,73,KRSA,0.05005213764337852,1,CAMK,CAMKL,MELK,MELK
AUR,-0.3675000000000001,58,KRSA,0.23774765380604795,1,OTHER,AUR,AUR,AURKA
AUR,-0.3675000000000001,58,KRSA,0.23774765380604795,1,OTHER,AUR,AUR,AURKB
AUR,-0.3675000000000001,58,KRSA,0.23774765380604795,1,OTHER,AUR,AUR,AURKC
PIM,-0.9233333333333332,31,KRSA,0.5881126173096975,3,CAMK,PIM,PIM,PIM1
PIM,-0.9233333333333332,31,KRSA,0.5881126173096975,3,CAMK,PIM,PIM,PIM2
PIM,-0.9233333333333332,31,KRSA,0.5881126173096975,3,CAMK,PIM,PIM,PIM3
AMPK,-0.18416666666666665,71,KRSA,0.07507820646506778,1,CAMK,CAMKL,AMPK,PRKAA1
AMPK,-0.18416666666666665,71,KRSA,0.07507820646506778,1,CAMK,CAMKL,AMPK,PRKAA2
PKCA,-4.91,1,KRSA,0.9885297184567258,4,AGC,PKC,ALPHA,PRKCA
PKCA,-4.91,1,KRSA,0.9885297184567258,4,AGC,PKC,ALPHA,PRKCB
PKCA,-4.91,1,KRSA,0.9885297184567258,4,AGC,PKC,ALPHA,PRKCG
PEK,-3.924166666666667,2,KRSA,0.9760166840458812,4,OTHER,PEK,HRI,EIF2AK1
PEK,-3.924166666666667,2,KRSA,0.9760166840458812,4,OTHER,PEK,PKR,EIF2AK2
PEK,-3.924166666666667,2,KRSA,0.9760166840458812,4,OTHER,PEK,PEK,EIF2AK3
PEK,-3.924166666666667,2,KRSA,0.9760166840458812,4,OTHER,PEK,GCN2,EIF2AK4
CDK,-3.4966666666666666,3,KRSA,0.9635036496350365,4,CMGC,CDK,CDC2,CDK1
CDK,-3.4966666666666666,3,KRSA,0.9635036496350365,4,CMGC,CDK,CDK10,CDK10
CDK,-3.4966666666666666,3,KRSA,0.9635036496350365,4,CMGC,CDK,CRK7,CDK12
CDK,-3.4966666666666666,3,KRSA,0.9635036496350365,4,CMGC,CDK,CRK7,CDK13
CDK,-3.4966666666666666,3,KRSA,0.9635036496350365,4,CMGC,CDK,PFTAIRE,CDK14
CDK,-3.4966666666666666,3,KRSA,0.9635036496350365,4,CMGC,CDK,PFTAIRE,CDK15
CDK,-3.4966666666666666,3,KRSA,0.9635036496350365,4,CMGC,CDK,PCTAIRE,CDK16
CDK,-3.4966666666666666,3,KRSA,0.9635036496350365,4,CMGC,CDK,PCTAIRE,CDK17
CDK,-3.4966666666666666,3,KRSA,0.9635036496350365,4,CMGC,CDK,PCTAIRE,CDK18
CDK,-3.4966666666666666,3,KRSA,0.9635036496350365,4,CMGC,CDK,CDK8,CDK19
CDK,-3.4966666666666666,3,KRSA,0.9635036496350365,4,CMGC,CDK,CDC2,CDK2
CDK,-3.4966666666666666,3,KRSA,0.9635036496350365,4,CMGC,CDK,CCRK,CDK20
CDK,-3.4966666666666666,3,KRSA,0.9635036496350365,4,CMGC,CDK,CDC2,CDK3
CDK,-3.4966666666666666,3,KRSA,0.9635036496350365,4,CMGC,CDK,CDK4,CDK4
CDK,-3.4966666666666666,3,KRSA,0.9635036496350365,4,CMGC,CDK,CDK5,CDK5
CDK,-3.4966666666666666,3,KRSA,0.9635036496350365,4,CMGC,CDK,CDK4,CDK6
CDK,-3.4966666666666666,3,KRSA,0.9635036496350365,4,CMGC,CDK,CDK7,CDK7
CDK,-3.4966666666666666,3,KRSA,0.9635036496350365,4,CMGC,CDK,CDK8,CDK8
CDK,-3.4966666666666666,3,KRSA,0.9635036496350365,4,CMGC,CDK,CDK9,CDK9
CDK,-3.4966666666666666,3,KRSA,0.9635036496350365,4,NA,NA,NA,CDK11A
CDK,-3.4966666666666666,3,KRSA,0.9635036496350365,4,NA,NA,NA,CDK11B
ERK,-2.7983333333333333,6,KRSA,0.9259645464025026,4,CMGC,MAPK,ERK1,MAPK1
ERK,-2.7983333333333333,6,KRSA,0.9259645464025026,4,CMGC,MAPK,ERK7,MAPK15
ERK,-2.7983333333333333,6,KRSA,0.9259645464025026,4,CMGC,MAPK,ERK1,MAPK3
ERK,-2.7983333333333333,6,KRSA,0.9259645464025026,4,CMGC,MAPK,ERK3,MAPK4
ERK,-2.7983333333333333,6,KRSA,0.9259645464025026,4,CMGC,MAPK,ERK3,MAPK6
ERK,-2.7983333333333333,6,KRSA,0.9259645464025026,4,CMGC,MAPK,ERK5,MAPK7
PDK1,-2.8158333333333334,5,KRSA,0.9384775808133472,4,ATYPICAL,PDHK,PDHK,PDK1
PDK1,-2.8158333333333334,5,KRSA,0.9384775808133472,4,AGC,PDK1,PDK1,PDPK1
PLK,-2.9066666666666667,4,KRSA,0.9509906152241918,4,NA,NA,NA,PLK5
PLK,-2.9066666666666667,4,KRSA,0.9509906152241918,4,OTHER,PLK,PLK1,PLK1
PLK,-2.9066666666666667,4,KRSA,0.9509906152241918,4,OTHER,PLK,PLK2,PLK2
PLK,-2.9066666666666667,4,KRSA,0.9509906152241918,4,OTHER,PLK,PLK2,PLK3
PLK,-2.9066666666666667,4,KRSA,0.9509906152241918,4,OTHER,PLK,SAK,PLK4
DYRK,-2.3608333333333333,10,KRSA,0.8759124087591241,4,CMGC,DYRK,DYRK1,DYRK1A
DYRK,-2.3608333333333333,10,KRSA,0.8759124087591241,4,CMGC,DYRK,DYRK1,DYRK1B
DYRK,-2.3608333333333333,10,KRSA,0.8759124087591241,4,CMGC,DYRK,DYRK2,DYRK2
DYRK,-2.3608333333333333,10,KRSA,0.8759124087591241,4,CMGC,DYRK,DYRK2,DYRK3
DYRK,-2.3608333333333333,10,KRSA,0.8759124087591241,4,CMGC,DYRK,DYRK2,DYRK4
DYRK,-2.3608333333333333,10,KRSA,0.8759124087591241,4,CMGC,DYRK,HIPK,HIPK1
DYRK,-2.3608333333333333,10,KRSA,0.8759124087591241,4,CMGC,DYRK,HIPK,HIPK2
DYRK,-2.3608333333333333,10,KRSA,0.8759124087591241,4,CMGC,DYRK,HIPK,HIPK3
DYRK,-2.3608333333333333,10,KRSA,0.8759124087591241,4,CMGC,DYRK,HIPK,HIPK4
DYRK,-2.3608333333333333,10,KRSA,0.8759124087591241,4,CMGC,DYRK,PRP4,PRPF4B
STE7,-2.35,11,KRSA,0.8633993743482794,4,STE,STE7,MEK1,MAP2K1
STE7,-2.35,11,KRSA,0.8633993743482794,4,STE,STE7,MEK1,MAP2K2
STE7,-2.35,11,KRSA,0.8633993743482794,4,STE,STE7,MEK3,MAP2K3
STE7,-2.35,11,KRSA,0.8633993743482794,4,STE,STE7,MEK4,MAP2K4
STE7,-2.35,11,KRSA,0.8633993743482794,4,STE,STE7,MEK5,MAP2K5
STE7,-2.35,11,KRSA,0.8633993743482794,4,STE,STE7,MEK3,MAP2K6
STE7,-2.35,11,KRSA,0.8633993743482794,4,STE,STE7,MEK7,MAP2K7
NMO,-2.444166666666667,9,KRSA,0.8884254431699687,4,CMGC,MAPK,NMO,NLK
JNK,-1.945,13,KRSA,0.8383733055265902,4,CMGC,MAPK,JNK,MAPK10
JNK,-1.945,13,KRSA,0.8383733055265902,4,CMGC,MAPK,JNK,MAPK8
JNK,-1.945,13,KRSA,0.8383733055265902,4,CMGC,MAPK,JNK,MAPK9
PHK,-2.5658333333333334,7,KRSA,0.913451511991658,4,CAMK,PHK,PHK,PHKG1
PHK,-2.5658333333333334,7,KRSA,0.913451511991658,4,CAMK,PHK,PHK,PHKG2
MST,-1.3266666666666669,21,KRSA,0.7382690302398331,3,STE,STE20,MST,STK3
MST,-1.3266666666666669,21,KRSA,0.7382690302398331,3,STE,STE20,MST,STK4
PKCI,-0.3933333333333333,57,KRSA,0.2502606882168926,2,AGC,PKC,IOTA,PRKCI
PKCI,-0.3933333333333333,57,KRSA,0.2502606882168926,2,AGC,PKC,IOTA,PRKCZ
PDHK,-2.565,8,KRSA,0.9009384775808134,4,ATYPICAL,PDHK,BCKDK,BCKDK
PDHK,-2.565,8,KRSA,0.9009384775808134,4,ATYPICAL,PDHK,PDHK,PDK2
PDHK,-2.565,8,KRSA,0.9009384775808134,4,ATYPICAL,PDHK,PDHK,PDK3
PDHK,-2.565,8,KRSA,0.9009384775808134,4,ATYPICAL,PDHK,PDHK,PDK4
CK1,-2.0633333333333335,12,KRSA,0.8508863399374348,4,CK1,CK1,CK1-A,CSNK1A1
CK1,-2.0633333333333335,12,KRSA,0.8508863399374348,4,CK1,CK1,CK1-A,CSNK1A1L
CK1,-2.0633333333333335,12,KRSA,0.8508863399374348,4,CK1,CK1,CK1-D,CSNK1D
CK1,-2.0633333333333335,12,KRSA,0.8508863399374348,4,CK1,CK1,CK1-D,CSNK1E
CK1,-2.0633333333333335,12,KRSA,0.8508863399374348,4,CK1,CK1,CK1-G,CSNK1G1
CK1,-2.0633333333333335,12,KRSA,0.8508863399374348,4,CK1,CK1,CK1-G,CSNK1G2
CK1,-2.0633333333333335,12,KRSA,0.8508863399374348,4,CK1,CK1,CK1-G,CSNK1G3
CK1,-2.0633333333333335,12,KRSA,0.8508863399374348,4,CK1,TTBK,TTBK,TTBK1
CK1,-2.0633333333333335,12,KRSA,0.8508863399374348,4,CK1,TTBK,TTBK,TTBK2
CK1,-2.0633333333333335,12,KRSA,0.8508863399374348,4,CK1,VRK,VRK,VRK3
RAF,-1.2366666666666666,26,KRSA,0.6506777893639207,3,TKL,RAF,RAF,ARAF
RAF,-1.2366666666666666,26,KRSA,0.6506777893639207,3,TKL,RAF,RAF,BRAF
RAF,-1.2366666666666666,26,KRSA,0.6506777893639207,3,TKL,RAF,KSR,KSR1
RAF,-1.2366666666666666,26,KRSA,0.6506777893639207,3,TKL,RAF,KSR,KSR2
RAF,-1.2366666666666666,26,KRSA,0.6506777893639207,3,TKL,RAF,RAF,RAF1
P38,-1.9233333333333331,14,KRSA,0.8258602711157456,4,CMGC,MAPK,P38,MAPK11
P38,-1.9233333333333331,14,KRSA,0.8258602711157456,4,CMGC,MAPK,P38,MAPK12
P38,-1.9233333333333331,14,KRSA,0.8258602711157456,4,CMGC,MAPK,P38,MAPK13
P38,-1.9233333333333331,14,KRSA,0.8258602711157456,4,CMGC,MAPK,P38,MAPK14
FRAY,-1.5658333333333334,17,KRSA,0.7883211678832117,4,STE,STE20,FRAY,OXSR1
FRAY,-1.5658333333333334,17,KRSA,0.7883211678832117,4,STE,STE20,FRAY,STK39
LKB,-1.524166666666667,18,KRSA,0.7758081334723671,4,CAMK,CAMKL,LKB,STK11
PKD,-1.1025,28,KRSA,0.6256517205422315,3,CAMK,PKD,PKD,PRKD1
PKD,-1.1025,28,KRSA,0.6256517205422315,3,CAMK,PKD,PKD,PRKD2
PKD,-1.1025,28,KRSA,0.6256517205422315,3,CAMK,PKD,PKD,PRKD3
MTOR,-0.8025,42,KRSA,0.43795620437956206,2,ATYPICAL,PIKK,FRAP,MTOR
DMPK,-1.875,15,KRSA,0.8133472367049009,4,AGC,DMPK,GEK,CDC42BPA
DMPK,-1.875,15,KRSA,0.8133472367049009,4,AGC,DMPK,GEK,CDC42BPB
DMPK,-1.875,15,KRSA,0.8133472367049009,4,AGC,DMPK,GEK,CDC42BPG
DMPK,-1.875,15,KRSA,0.8133472367049009,4,AGC,DMPK,CRIK,CIT
DMPK,-1.875,15,KRSA,0.8133472367049009,4,AGC,DMPK,GEK,DMPK
DMPK,-1.875,15,KRSA,0.8133472367049009,4,AGC,DMPK,ROCK,ROCK1
DMPK,-1.875,15,KRSA,0.8133472367049009,4,AGC,DMPK,ROCK,ROCK2
QIK,-1.8483333333333336,16,KRSA,0.8008342022940563,4,CAMK,CAMKL,QIK,SIK1
QIK,-1.8483333333333336,16,KRSA,0.8008342022940563,4,CAMK,CAMKL,QIK,SIK2
PRKDC,-1.2891666666666666,24,KRSA,0.67570385818561,3,ATYPICAL,PIKK,DNAPK,PRKDC
PKN,-0.9216666666666666,32,KRSA,0.5755995828988529,3,AGC,PKN,PKN,PKN1
PKN,-0.9216666666666666,32,KRSA,0.5755995828988529,3,AGC,PKN,PKN,PKN2
PKN,-0.9216666666666666,32,KRSA,0.5755995828988529,3,AGC,PKN,PKN,PKN3
PAKA,-1.3,23,KRSA,0.7007299270072993,3,STE,STE20,PAKA,PAK1
PAKA,-1.3,23,KRSA,0.7007299270072993,3,STE,STE20,PAKA,PAK2
PAKA,-1.3,23,KRSA,0.7007299270072993,3,STE,STE20,PAKA,PAK3
NUAK,-1.2766666666666666,25,KRSA,0.6631908237747653,3,CAMK,CAMKL,NUAK,NUAK1
NUAK,-1.2766666666666666,25,KRSA,0.6631908237747653,3,CAMK,CAMKL,NUAK,NUAK2
PAKB,-0.41583333333333333,55,KRSA,0.27528675703858185,2,STE,STE20,PAKB,PAK4
PAKB,-0.41583333333333333,55,KRSA,0.27528675703858185,2,STE,STE20,PAKB,PAK5
PAKB,-0.41583333333333333,55,KRSA,0.27528675703858185,2,STE,STE20,PAKB,PAK6
TLK,-1.2891666666666666,24,KRSA,0.67570385818561,3,OTHER,TLK,TLK,TLK1
TLK,-1.2891666666666666,24,KRSA,0.67570385818561,3,OTHER,TLK,TLK,TLK2
TTK,-1.3,23,KRSA,0.7007299270072993,3,OTHER,TTK,TTK,TTK
GSK,-0.7283333333333333,46,KRSA,0.38790406673618355,2,CMGC,GSK,GSK,GSK3A
GSK,-0.7283333333333333,46,KRSA,0.38790406673618355,2,CMGC,GSK,GSK,GSK3B
ATR,-1.0583333333333331,29,KRSA,0.6131386861313869,3,ATYPICAL,PIKK,ATR,ATR
PKA,0.7558333333333334,45,KRSA,0.40041710114702816,2,AGC,PKA,PKA,PRKACA
PKA,0.7558333333333334,45,KRSA,0.40041710114702816,2,AGC,PKA,PKA,PRKACB
PKA,0.7558333333333334,45,KRSA,0.40041710114702816,2,AGC,PKA,PKA,PRKACG
PKA,0.7558333333333334,45,KRSA,0.40041710114702816,2,AGC,PKA,PKA,PRKX
PKA,0.7558333333333334,45,KRSA,0.40041710114702816,2,AGC,PKA,PKA,PRKY
ATM,-1.211666666666667,27,KRSA,0.6381647549530761,3,ATYPICAL,PIKK,ATM,ATM
MSN,0.10583333333333332,76,KRSA,0.01251303441084463,1,STE,STE20,MSN,MAP4K4
MSN,0.10583333333333332,76,KRSA,0.01251303441084463,1,STE,STE20,MSN,NRK
MSN,0.10583333333333332,76,KRSA,0.01251303441084463,1,STE,STE20,MSN,TNIK
CAMK1,1.5016666666666667,19,KRSA,0.7632950990615224,4,CAMK,CAMK1,CAMK1,CAMK1
CAMK1,1.5016666666666667,19,KRSA,0.7632950990615224,4,CAMK,CAMK1,CAMK1,CAMK1D
CAMK1,1.5016666666666667,19,KRSA,0.7632950990615224,4,CAMK,CAMK1,CAMK1,CAMK1G
CAMK1,1.5016666666666667,19,KRSA,0.7632950990615224,4,CAMK,CAMK1,CAMK1,CAMK4
CAMK1,1.5016666666666667,19,KRSA,0.7632950990615224,4,CAMK,CAMK1,CAMK1,PNCK
DAPK,-0.835,40,KRSA,0.4629822732012513,2,CAMK,DAPK,DAPK,DAPK1
DAPK,-0.835,40,KRSA,0.4629822732012513,2,CAMK,DAPK,DAPK,DAPK2
DAPK,-0.835,40,KRSA,0.4629822732012513,2,CAMK,DAPK,DAPK,DAPK3
DAPK,-0.835,40,KRSA,0.4629822732012513,2,CAMK,DAPK,DRAK,STK17A
DAPK,-0.835,40,KRSA,0.4629822732012513,2,CAMK,DAPK,DRAK,STK17B
PKCH,-0.195,70,KRSA,0.08759124087591241,1,AGC,PKC,ETA,PRKCE
PKCH,-0.195,70,KRSA,0.08759124087591241,1,AGC,PKC,ETA,PRKCH
HAL,0.3016666666666666,63,KRSA,0.17518248175182483,1,RGC,RGC,RGC,NPR1
CK2,-1.05,30,KRSA,0.6006256517205423,3,CMGC,CK2,CK2,CSNK2A1
CK2,-1.05,30,KRSA,0.6006256517205423,3,CMGC,CK2,CK2,CSNK2A2
CK2,-1.05,30,KRSA,0.6006256517205423,3,NA,NA,NA,CSNK2A3
IRAK,-0.4916666666666667,53,KRSA,0.30031282586027114,2,TKL,IRAK,IRAK,IRAK1
IRAK,-0.4916666666666667,53,KRSA,0.30031282586027114,2,TKL,IRAK,IRAK,IRAK2
IRAK,-0.4916666666666667,53,KRSA,0.30031282586027114,2,TKL,IRAK,IRAK,IRAK3
IRAK,-0.4916666666666667,53,KRSA,0.30031282586027114,2,TKL,IRAK,IRAK,IRAK4
CAMKK,-0.9033333333333332,35,KRSA,0.5380604796663191,3,OTHER,CAMKK,META,CAMKK1
CAMKK,-0.9033333333333332,35,KRSA,0.5380604796663191,3,OTHER,CAMKK,META,CAMKK2
TAO,-0.21916666666666668,69,KRSA,0.10010427528675704,1,STE,STE20,TAO,TAOK1
TAO,-0.21916666666666668,69,KRSA,0.10010427528675704,1,STE,STE20,TAO,TAOK2
TAO,-0.21916666666666668,69,KRSA,0.10010427528675704,1,STE,STE20,TAO,TAOK3
MOS,0.65,49,KRSA,0.35036496350364965,2,OTHER,MOS,MOS,MOS
BUD32,-0.9133333333333332,33,KRSA,0.5630865484880083,3,OTHER,BUD32,BUD32,TP53RK
SLK,0.13416666666666668,74,KRSA,0.03753910323253389,1,STE,STE20,SLK,SLK
SLK,0.13416666666666668,74,KRSA,0.03753910323253389,1,STE,STE20,SLK,STK10
STE11,-0.5483333333333332,50,KRSA,0.337851929092805,2,TKL,MLK,TAK1,MAP3K7
STE11,-0.5483333333333332,50,KRSA,0.337851929092805,2,STE,STE11,MEKK1,MAP3K1
STE11,-0.5483333333333332,50,KRSA,0.337851929092805,2,STE,STE11,ASK,MAP3K15
STE11,-0.5483333333333332,50,KRSA,0.337851929092805,2,STE,STE11,MEKK2,MAP3K2
STE11,-0.5483333333333332,50,KRSA,0.337851929092805,2,STE,STE11,MEKK2,MAP3K3
STE11,-0.5483333333333332,50,KRSA,0.337851929092805,2,STE,STE11,MEKK4,MAP3K4
STE11,-0.5483333333333332,50,KRSA,0.337851929092805,2,STE,STE11,ASK,MAP3K5
STE11,-0.5483333333333332,50,KRSA,0.337851929092805,2,STE,STE11,ASK,MAP3K6
CLK,-0.8908333333333334,38,KRSA,0.4880083420229406,2,CMGC,CLK,CLK,CLK1
CLK,-0.8908333333333334,38,KRSA,0.4880083420229406,2,CMGC,CLK,CLK,CLK2
CLK,-0.8908333333333334,38,KRSA,0.4880083420229406,2,CMGC,CLK,CLK,CLK3
CLK,-0.8908333333333334,38,KRSA,0.4880083420229406,2,CMGC,CLK,CLK,CLK4
NIK,-0.9008333333333334,36,KRSA,0.5255474452554745,3,STE,STE-UNIQUE,STE-UNIQUE,MAP3K14
ULK,-0.8966666666666667,37,KRSA,0.5130344108446299,3,OTHER,ULK,FUSED,STK36
ULK,-0.8966666666666667,37,KRSA,0.5130344108446299,3,OTHER,ULK,ULK,ULK1
ULK,-0.8966666666666667,37,KRSA,0.5130344108446299,3,OTHER,ULK,ULK,ULK2
ULK,-0.8966666666666667,37,KRSA,0.5130344108446299,3,OTHER,ULK,ULK,ULK3
ULK,-0.8966666666666667,37,KRSA,0.5130344108446299,3,OTHER,ULK,ULK,ULK4
WNK,-0.9058333333333334,34,KRSA,0.5505735140771637,3,OTHER,WNK,WNK,WNK1
WNK,-0.9058333333333334,34,KRSA,0.5505735140771637,3,OTHER,WNK,WNK,WNK2
WNK,-0.9058333333333334,34,KRSA,0.5505735140771637,3,OTHER,WNK,WNK,WNK3
WNK,-0.9058333333333334,34,KRSA,0.5505735140771637,3,OTHER,WNK,WNK,WNK4
PIM,-0.9233333333333332,31,KRSA,0.5881126173096975,3,CAMK,PIM,PIM,PIM1
PIM,-0.9233333333333332,31,KRSA,0.5881126173096975,3,CAMK,PIM,PIM,PIM2
PIM,-0.9233333333333332,31,KRSA,0.5881126173096975,3,CAMK,PIM,PIM,PIM3
NEK,-0.6808333333333333,47,KRSA,0.3753910323253389,2,OTHER,NEK,NEK11,NEK11
NEK,-0.6808333333333333,47,KRSA,0.3753910323253389,2,OTHER,NEK,NEK2,NEK2
NEK,-0.6808333333333333,47,KRSA,0.3753910323253389,2,OTHER,NEK,NEK1,NEK3
NEK,-0.6808333333333333,47,KRSA,0.3753910323253389,2,OTHER,NEK,NEK4,NEK4
NEK,-0.6808333333333333,47,KRSA,0.3753910323253389,2,OTHER,NEK,NEK1,NEK5
NEK,-0.6808333333333333,47,KRSA,0.3753910323253389,2,OTHER,NEK,NEK6,NEK6
NEK,-0.6808333333333333,47,KRSA,0.3753910323253389,2,OTHER,NEK,NEK6,NEK7
NEK,-0.6808333333333333,47,KRSA,0.3753910323253389,2,OTHER,NEK,NEK8,NEK8
NEK,-0.6808333333333333,47,KRSA,0.3753910323253389,2,OTHER,NEK,NEK8,NEK9
MLCK,0.3958333333333333,56,KRSA,0.26277372262773724,2,CAMK,MLCK,MLCK,MYLK
MLCK,0.3958333333333333,56,KRSA,0.26277372262773724,2,CAMK,MLCK,MLCK,MYLK2
MLCK,0.3958333333333333,56,KRSA,0.26277372262773724,2,CAMK,MLCK,MLCK,TTN
PASK,0.4941666666666667,52,KRSA,0.31282586027111575,2,CAMK,CAMKL,PASK,PASK
KHS,0.485,54,KRSA,0.28779979144942647,2,STE,STE20,KHS,MAP4K1
KHS,0.485,54,KRSA,0.28779979144942647,2,STE,STE20,KHS,MAP4K2
KHS,0.485,54,KRSA,0.28779979144942647,2,STE,STE20,KHS,MAP4K3
KHS,0.485,54,KRSA,0.28779979144942647,2,STE,STE20,KHS,MAP4K5
NDR,-0.8741666666666666,39,KRSA,0.4754953076120959,2,AGC,NDR,NDR,LATS1
NDR,-0.8741666666666666,39,KRSA,0.4754953076120959,2,AGC,NDR,NDR,LATS2
NDR,-0.8741666666666666,39,KRSA,0.4754953076120959,2,AGC,NDR,NDR,STK38
NDR,-0.8741666666666666,39,KRSA,0.4754953076120959,2,AGC,NDR,NDR,STK38L
SGK,0.5308333333333334,51,KRSA,0.32533889468196037,2,AGC,SGK,SGK,SGK1
SGK,0.5308333333333334,51,KRSA,0.32533889468196037,2,AGC,SGK,SGK,SGK2
SGK,0.5308333333333334,51,KRSA,0.32533889468196037,2,AGC,SGK,SGK,SGK3
VRK1,-0.8908333333333334,38,KRSA,0.4880083420229406,2,CK1,VRK,VRK,VRK1
COT,-0.1675,72,KRSA,0.06256517205422316,1,STE,STE-UNIQUE,STE-UNIQUE,MAP3K8
BRSK,1.3283333333333334,20,KRSA,0.7507820646506778,4,CAMK,CAMKL,BRSK,BRSK1
BRSK,1.3283333333333334,20,KRSA,0.7507820646506778,4,CAMK,CAMKL,BRSK,BRSK2
PKCD,-0.2675,67,KRSA,0.1251303441084463,1,AGC,PKC,DELTA,PRKCD
PKCD,-0.2675,67,KRSA,0.1251303441084463,1,AGC,PKC,DELTA,PRKCQ
MLK,-0.3433333333333334,61,KRSA,0.20020855057351408,1,TKL,MLK,ILK,ILK
MLK,-0.3433333333333334,61,KRSA,0.20020855057351408,1,TKL,MLK,MLK,MAP3K10
MLK,-0.3433333333333334,61,KRSA,0.20020855057351408,1,TKL,MLK,MLK,MAP3K11
MLK,-0.3433333333333334,61,KRSA,0.20020855057351408,1,TKL,MLK,LZK,MAP3K12
MLK,-0.3433333333333334,61,KRSA,0.20020855057351408,1,TKL,MLK,LZK,MAP3K13
MLK,-0.3433333333333334,61,KRSA,0.20020855057351408,1,TKL,MLK,MLK,MAP3K9
MLK,-0.3433333333333334,61,KRSA,0.20020855057351408,1,TKL,MLK,HH498,TNNI3K
RIPK,0.05999999999999998,77,KRSA,0,1,TKL,RIPK,RIPK,ANKK1
RIPK,0.05999999999999998,77,KRSA,0,1,TKL,RIPK,RIPK,RIPK1
RIPK,0.05999999999999998,77,KRSA,0,1,TKL,RIPK,RIPK,RIPK2
RIPK,0.05999999999999998,77,KRSA,0,1,TKL,RIPK,RIPK,RIPK3
RIPK,0.05999999999999998,77,KRSA,0,1,TKL,RIPK,RIPK,RIPK4
GRK,-0.35416666666666663,59,KRSA,0.22523461939520334,1,AGC,GRK,GRK,GRK1
GRK,-0.35416666666666663,59,KRSA,0.22523461939520334,1,AGC,GRK,GRK,GRK4
GRK,-0.35416666666666663,59,KRSA,0.22523461939520334,1,AGC,GRK,GRK,GRK5
GRK,-0.35416666666666663,59,KRSA,0.22523461939520334,1,AGC,GRK,GRK,GRK6
GRK,-0.35416666666666663,59,KRSA,0.22523461939520334,1,AGC,GRK,GRK,GRK7
MELK,-0.13749999999999998,73,KRSA,0.05005213764337852,1,CAMK,CAMKL,MELK,MELK
RSK,-0.8099999999999999,41,KRSA,0.4504692387904067,2,AGC,RSK,RSK,RPS6KA1
RSK,-0.8099999999999999,41,KRSA,0.4504692387904067,2,AGC,RSK,RSK,RPS6KA2
RSK,-0.8099999999999999,41,KRSA,0.4504692387904067,2,AGC,RSK,RSK,RPS6KA3
RSK,-0.8099999999999999,41,KRSA,0.4504692387904067,2,AGC,RSK,MSK,RPS6KA4
RSK,-0.8099999999999999,41,KRSA,0.4504692387904067,2,AGC,RSK,MSK,RPS6KA5
RSK,-0.8099999999999999,41,KRSA,0.4504692387904067,2,AGC,RSK,RSK,RPS6KA6
RSK,-0.8099999999999999,41,KRSA,0.4504692387904067,2,AGC,RSK,P70,RPS6KB1
RSK,-0.8099999999999999,41,KRSA,0.4504692387904067,2,AGC,RSK,P70,RPS6KB2
AMPK,-0.18416666666666665,71,KRSA,0.07507820646506778,1,CAMK,CAMKL,AMPK,PRKAA1
AMPK,-0.18416666666666665,71,KRSA,0.07507820646506778,1,CAMK,CAMKL,AMPK,PRKAA2
PKG,0.6633333333333333,48,KRSA,0.36287799791449427,2,AGC,PKG,PKG,PRKG1
PKG,0.6633333333333333,48,KRSA,0.36287799791449427,2,AGC,PKG,PKG,PRKG2
CAMK2,-0.26499999999999996,68,KRSA,0.11261730969760167,1,CAMK,CAMK2,CAMK2,CAMK2A
CAMK2,-0.26499999999999996,68,KRSA,0.11261730969760167,1,CAMK,CAMK2,CAMK2,CAMK2B
CAMK2,-0.26499999999999996,68,KRSA,0.11261730969760167,1,CAMK,CAMK2,CAMK2,CAMK2D
CAMK2,-0.26499999999999996,68,KRSA,0.11261730969760167,1,CAMK,CAMK2,CAMK2,CAMK2G
BARK2,0.7916666666666666,44,KRSA,0.4129301355578728,2,AGC,GRK,BARK,GRK3
CHK1,0.29333333333333333,64,KRSA,0.16266944734098018,1,CAMK,CAMKL,CHK1,CHEK1
NAK,-0.26833333333333337,66,KRSA,0.13764337851929093,1,OTHER,NAK,BIKE,AAK1
NAK,-0.26833333333333337,66,KRSA,0.13764337851929093,1,OTHER,NAK,BIKE,BMP2K
NAK,-0.26833333333333337,66,KRSA,0.13764337851929093,1,OTHER,NAK,GAK,GAK
NAK,-0.26833333333333337,66,KRSA,0.13764337851929093,1,OTHER,NAK,MPSK,STK16
AUR,-0.3675000000000001,58,KRSA,0.23774765380604795,1,OTHER,AUR,AUR,AURKA
AUR,-0.3675000000000001,58,KRSA,0.23774765380604795,1,OTHER,AUR,AUR,AURKB
AUR,-0.3675000000000001,58,KRSA,0.23774765380604795,1,OTHER,AUR,AUR,AURKC
MAPKAPK,-0.3516666666666667,60,KRSA,0.2127215849843587,1,CAMK,MAPKAPK,MAPKAPK,MAPKAPK2
MAPKAPK,-0.3516666666666667,60,KRSA,0.2127215849843587,1,CAMK,MAPKAPK,MAPKAPK,MAPKAPK3
MAPKAPK,-0.3516666666666667,60,KRSA,0.2127215849843587,1,CAMK,MAPKAPK,MAPKAPK,MAPKAPK5
MAPKAPK,-0.3516666666666667,60,KRSA,0.2127215849843587,1,CAMK,MAPKAPK,MNK,MKNK1
MAPKAPK,-0.3516666666666667,60,KRSA,0.2127215849843587,1,CAMK,MAPKAPK,MNK,MKNK2
AKT,-0.3366666666666667,62,KRSA,0.18769551616266944,1,AGC,AKT,AKT,AKT1
AKT,-0.3366666666666667,62,KRSA,0.18769551616266944,1,AGC,AKT,AKT,AKT2
AKT,-0.3366666666666667,62,KRSA,0.18769551616266944,1,AGC,AKT,AKT,AKT3
IKK,-0.7975,43,KRSA,0.4254431699687174,2,OTHER,IKK,IKK,CHUK
IKK,-0.7975,43,KRSA,0.4254431699687174,2,OTHER,IKK,IKK,IKBKB
IKK,-0.7975,43,KRSA,0.4254431699687174,2,OTHER,IKK,IKK,IKBKE
IKK,-0.7975,43,KRSA,0.4254431699687174,2,OTHER,IKK,IKK,TBK1
RAD53,-0.13416666666666663,75,KRSA,0.02502606882168926,1,CAMK,RAD53,RAD53,CHEK2
STKR,0.27416666666666667,65,KRSA,0.15015641293013557,1,TKL,STKR,TYPE1,ACVR1
STKR,0.27416666666666667,65,KRSA,0.15015641293013557,1,TKL,STKR,TYPE1,ACVR1B
STKR,0.27416666666666667,65,KRSA,0.15015641293013557,1,TKL,STKR,TYPE1,ACVR1C
STKR,0.27416666666666667,65,KRSA,0.15015641293013557,1,TKL,STKR,TYPE2,ACVR2A
STKR,0.27416666666666667,65,KRSA,0.15015641293013557,1,TKL,STKR,TYPE2,ACVR2B
STKR,0.27416666666666667,65,KRSA,0.15015641293013557,1,TKL,STKR,TYPE1,ACVRL1
STKR,0.27416666666666667,65,KRSA,0.15015641293013557,1,TKL,STKR,TYPE2,AMHR2
STKR,0.27416666666666667,65,KRSA,0.15015641293013557,1,TKL,STKR,TYPE1,BMPR1A
STKR,0.27416666666666667,65,KRSA,0.15015641293013557,1,TKL,STKR,TYPE1,BMPR1B
STKR,0.27416666666666667,65,KRSA,0.15015641293013557,1,TKL,STKR,TYPE2,BMPR2
STKR,0.27416666666666667,65,KRSA,0.15015641293013557,1,TKL,STKR,TYPE1,TGFBR1
STKR,0.27416666666666667,65,KRSA,0.15015641293013557,1,TKL,STKR,TYPE2,TGFBR2
PKCA,-4.91,1,KRSA,0.9885297184567258,4,AGC,PKC,ALPHA,PRKCA
PKCA,-4.91,1,KRSA,0.9885297184567258,4,AGC,PKC,ALPHA,PRKCB
PKCA,-4.91,1,KRSA,0.9885297184567258,4,AGC,PKC,ALPHA,PRKCG
PEK,-3.924166666666667,2,KRSA,0.9760166840458812,4,OTHER,PEK,HRI,EIF2AK1
PEK,-3.924166666666667,2,KRSA,0.9760166840458812,4,OTHER,PEK,PKR,EIF2AK2
PEK,-3.924166666666667,2,KRSA,0.9760166840458812,4,OTHER,PEK,PEK,EIF2AK3
PEK,-3.924166666666667,2,KRSA,0.9760166840458812,4,OTHER,PEK,GCN2,EIF2AK4
PLK,-2.9066666666666667,4,KRSA,0.9509906152241918,4,NA,NA,NA,PLK5
PLK,-2.9066666666666667,4,KRSA,0.9509906152241918,4,OTHER,PLK,PLK1,PLK1
PLK,-2.9066666666666667,4,KRSA,0.9509906152241918,4,OTHER,PLK,PLK2,PLK2
PLK,-2.9066666666666667,4,KRSA,0.9509906152241918,4,OTHER,PLK,PLK2,PLK3
PLK,-2.9066666666666667,4,KRSA,0.9509906152241918,4,OTHER,PLK,SAK,PLK4
STE7,-2.35,11,KRSA,0.8633993743482794,4,STE,STE7,MEK1,MAP2K1
STE7,-2.35,11,KRSA,0.8633993743482794,4,STE,STE7,MEK1,MAP2K2
STE7,-2.35,11,KRSA,0.8633993743482794,4,STE,STE7,MEK3,MAP2K3
STE7,-2.35,11,KRSA,0.8633993743482794,4,STE,STE7,MEK4,MAP2K4
STE7,-2.35,11,KRSA,0.8633993743482794,4,STE,STE7,MEK5,MAP2K5
STE7,-2.35,11,KRSA,0.8633993743482794,4,STE,STE7,MEK3,MAP2K6
STE7,-2.35,11,KRSA,0.8633993743482794,4,STE,STE7,MEK7,MAP2K7
PHK,-2.5658333333333334,7,KRSA,0.913451511991658,4,CAMK,PHK,PHK,PHKG1
PHK,-2.5658333333333334,7,KRSA,0.913451511991658,4,CAMK,PHK,PHK,PHKG2
FRAY,-1.5658333333333334,17,KRSA,0.7883211678832117,4,STE,STE20,FRAY,OXSR1
FRAY,-1.5658333333333334,17,KRSA,0.7883211678832117,4,STE,STE20,FRAY,STK39
PDHK,-2.565,8,KRSA,0.9009384775808134,4,ATYPICAL,PDHK,BCKDK,BCKDK
PDHK,-2.565,8,KRSA,0.9009384775808134,4,ATYPICAL,PDHK,PDHK,PDK2
PDHK,-2.565,8,KRSA,0.9009384775808134,4,ATYPICAL,PDHK,PDHK,PDK3
PDHK,-2.565,8,KRSA,0.9009384775808134,4,ATYPICAL,PDHK,PDHK,PDK4
CK2,-1.05,30,KRSA,0.6006256517205423,3,CMGC,CK2,CK2,CSNK2A1
CK2,-1.05,30,KRSA,0.6006256517205423,3,CMGC,CK2,CK2,CSNK2A2
CK2,-1.05,30,KRSA,0.6006256517205423,3,NA,NA,NA,CSNK2A3
CDK,-3.4966666666666666,3,KRSA,0.9635036496350365,4,CMGC,CDK,CDC2,CDK1
CDK,-3.4966666666666666,3,KRSA,0.9635036496350365,4,CMGC,CDK,CDK10,CDK10
CDK,-3.4966666666666666,3,KRSA,0.9635036496350365,4,CMGC,CDK,CRK7,CDK12
CDK,-3.4966666666666666,3,KRSA,0.9635036496350365,4,CMGC,CDK,CRK7,CDK13
CDK,-3.4966666666666666,3,KRSA,0.9635036496350365,4,CMGC,CDK,PFTAIRE,CDK14
CDK,-3.4966666666666666,3,KRSA,0.9635036496350365,4,CMGC,CDK,PFTAIRE,CDK15
CDK,-3.4966666666666666,3,KRSA,0.9635036496350365,4,CMGC,CDK,PCTAIRE,CDK16
CDK,-3.4966666666666666,3,KRSA,0.9635036496350365,4,CMGC,CDK,PCTAIRE,CDK17
CDK,-3.4966666666666666,3,KRSA,0.9635036496350365,4,CMGC,CDK,PCTAIRE,CDK18
CDK,-3.4966666666666666,3,KRSA,0.9635036496350365,4,CMGC,CDK,CDK8,CDK19
CDK,-3.4966666666666666,3,KRSA,0.9635036496350365,4,CMGC,CDK,CDC2,CDK2
CDK,-3.4966666666666666,3,KRSA,0.9635036496350365,4,CMGC,CDK,CCRK,CDK20
CDK,-3.4966666666666666,3,KRSA,0.9635036496350365,4,CMGC,CDK,CDC2,CDK3
CDK,-3.4966666666666666,3,KRSA,0.9635036496350365,4,CMGC,CDK,CDK4,CDK4
CDK,-3.4966666666666666,3,KRSA,0.9635036496350365,4,CMGC,CDK,CDK5,CDK5
CDK,-3.4966666666666666,3,KRSA,0.9635036496350365,4,CMGC,CDK,CDK4,CDK6
CDK,-3.4966666666666666,3,KRSA,0.9635036496350365,4,CMGC,CDK,CDK7,CDK7
CDK,-3.4966666666666666,3,KRSA,0.9635036496350365,4,CMGC,CDK,CDK8,CDK8
CDK,-3.4966666666666666,3,KRSA,0.9635036496350365,4,CMGC,CDK,CDK9,CDK9
CDK,-3.4966666666666666,3,KRSA,0.9635036496350365,4,NA,NA,NA,CDK11A
CDK,-3.4966666666666666,3,KRSA,0.9635036496350365,4,NA,NA,NA,CDK11B
NMO,-2.444166666666667,9,KRSA,0.8884254431699687,4,CMGC,MAPK,NMO,NLK
PDK1,-2.8158333333333334,5,KRSA,0.9384775808133472,4,ATYPICAL,PDHK,PDHK,PDK1
PDK1,-2.8158333333333334,5,KRSA,0.9384775808133472,4,AGC,PDK1,PDK1,PDPK1
MTOR,-0.8025,42,KRSA,0.43795620437956206,2,ATYPICAL,PIKK,FRAP,MTOR
MST,-1.3266666666666669,21,KRSA,0.7382690302398331,3,STE,STE20,MST,STK3
MST,-1.3266666666666669,21,KRSA,0.7382690302398331,3,STE,STE20,MST,STK4
MLK,-0.3433333333333334,61,KRSA,0.20020855057351408,1,TKL,MLK,ILK,ILK
MLK,-0.3433333333333334,61,KRSA,0.20020855057351408,1,TKL,MLK,MLK,MAP3K10
MLK,-0.3433333333333334,61,KRSA,0.20020855057351408,1,TKL,MLK,MLK,MAP3K11
MLK,-0.3433333333333334,61,KRSA,0.20020855057351408,1,TKL,MLK,LZK,MAP3K12
MLK,-0.3433333333333334,61,KRSA,0.20020855057351408,1,TKL,MLK,LZK,MAP3K13
MLK,-0.3433333333333334,61,KRSA,0.20020855057351408,1,TKL,MLK,MLK,MAP3K9
MLK,-0.3433333333333334,61,KRSA,0.20020855057351408,1,TKL,MLK,HH498,TNNI3K
PRKDC,-1.2891666666666666,24,KRSA,0.67570385818561,3,ATYPICAL,PIKK,DNAPK,PRKDC
QIK,-1.8483333333333336,16,KRSA,0.8008342022940563,4,CAMK,CAMKL,QIK,SIK1
QIK,-1.8483333333333336,16,KRSA,0.8008342022940563,4,CAMK,CAMKL,QIK,SIK2
PAKA,-1.3,23,KRSA,0.7007299270072993,3,STE,STE20,PAKA,PAK1
PAKA,-1.3,23,KRSA,0.7007299270072993,3,STE,STE20,PAKA,PAK2
PAKA,-1.3,23,KRSA,0.7007299270072993,3,STE,STE20,PAKA,PAK3
PKCI,-0.3933333333333333,57,KRSA,0.2502606882168926,2,AGC,PKC,IOTA,PRKCI
PKCI,-0.3933333333333333,57,KRSA,0.2502606882168926,2,AGC,PKC,IOTA,PRKCZ
ERK,-2.7983333333333333,6,KRSA,0.9259645464025026,4,CMGC,MAPK,ERK1,MAPK1
ERK,-2.7983333333333333,6,KRSA,0.9259645464025026,4,CMGC,MAPK,ERK7,MAPK15
ERK,-2.7983333333333333,6,KRSA,0.9259645464025026,4,CMGC,MAPK,ERK1,MAPK3
ERK,-2.7983333333333333,6,KRSA,0.9259645464025026,4,CMGC,MAPK,ERK3,MAPK4
ERK,-2.7983333333333333,6,KRSA,0.9259645464025026,4,CMGC,MAPK,ERK3,MAPK6
ERK,-2.7983333333333333,6,KRSA,0.9259645464025026,4,CMGC,MAPK,ERK5,MAPK7
LKB,-1.524166666666667,18,KRSA,0.7758081334723671,4,CAMK,CAMKL,LKB,STK11
MSN,0.10583333333333332,76,KRSA,0.01251303441084463,1,STE,STE20,MSN,MAP4K4
MSN,0.10583333333333332,76,KRSA,0.01251303441084463,1,STE,STE20,MSN,NRK
MSN,0.10583333333333332,76,KRSA,0.01251303441084463,1,STE,STE20,MSN,TNIK
DYRK,-2.3608333333333333,10,KRSA,0.8759124087591241,4,CMGC,DYRK,DYRK1,DYRK1A
DYRK,-2.3608333333333333,10,KRSA,0.8759124087591241,4,CMGC,DYRK,DYRK1,DYRK1B
DYRK,-2.3608333333333333,10,KRSA,0.8759124087591241,4,CMGC,DYRK,DYRK2,DYRK2
DYRK,-2.3608333333333333,10,KRSA,0.8759124087591241,4,CMGC,DYRK,DYRK2,DYRK3
DYRK,-2.3608333333333333,10,KRSA,0.8759124087591241,4,CMGC,DYRK,DYRK2,DYRK4
DYRK,-2.3608333333333333,10,KRSA,0.8759124087591241,4,CMGC,DYRK,HIPK,HIPK1
DYRK,-2.3608333333333333,10,KRSA,0.8759124087591241,4,CMGC,DYRK,HIPK,HIPK2
DYRK,-2.3608333333333333,10,KRSA,0.8759124087591241,4,CMGC,DYRK,HIPK,HIPK3
DYRK,-2.3608333333333333,10,KRSA,0.8759124087591241,4,CMGC,DYRK,HIPK,HIPK4
DYRK,-2.3608333333333333,10,KRSA,0.8759124087591241,4,CMGC,DYRK,PRP4,PRPF4B
STE11,-0.5483333333333332,50,KRSA,0.337851929092805,2,TKL,MLK,TAK1,MAP3K7
STE11,-0.5483333333333332,50,KRSA,0.337851929092805,2,STE,STE11,MEKK1,MAP3K1
STE11,-0.5483333333333332,50,KRSA,0.337851929092805,2,STE,STE11,ASK,MAP3K15
STE11,-0.5483333333333332,50,KRSA,0.337851929092805,2,STE,STE11,MEKK2,MAP3K2
STE11,-0.5483333333333332,50,KRSA,0.337851929092805,2,STE,STE11,MEKK2,MAP3K3
STE11,-0.5483333333333332,50,KRSA,0.337851929092805,2,STE,STE11,MEKK4,MAP3K4
STE11,-0.5483333333333332,50,KRSA,0.337851929092805,2,STE,STE11,ASK,MAP3K5
STE11,-0.5483333333333332,50,KRSA,0.337851929092805,2,STE,STE11,ASK,MAP3K6
NEK,-0.6808333333333333,47,KRSA,0.3753910323253389,2,OTHER,NEK,NEK11,NEK11
NEK,-0.6808333333333333,47,KRSA,0.3753910323253389,2,OTHER,NEK,NEK2,NEK2
NEK,-0.6808333333333333,47,KRSA,0.3753910323253389,2,OTHER,NEK,NEK1,NEK3
NEK,-0.6808333333333333,47,KRSA,0.3753910323253389,2,OTHER,NEK,NEK4,NEK4
NEK,-0.6808333333333333,47,KRSA,0.3753910323253389,2,OTHER,NEK,NEK1,NEK5
NEK,-0.6808333333333333,47,KRSA,0.3753910323253389,2,OTHER,NEK,NEK6,NEK6
NEK,-0.6808333333333333,47,KRSA,0.3753910323253389,2,OTHER,NEK,NEK6,NEK7
NEK,-0.6808333333333333,47,KRSA,0.3753910323253389,2,OTHER,NEK,NEK8,NEK8
NEK,-0.6808333333333333,47,KRSA,0.3753910323253389,2,OTHER,NEK,NEK8,NEK9
PIM,-0.9233333333333332,31,KRSA,0.5881126173096975,3,CAMK,PIM,PIM,PIM1
PIM,-0.9233333333333332,31,KRSA,0.5881126173096975,3,CAMK,PIM,PIM,PIM2
PIM,-0.9233333333333332,31,KRSA,0.5881126173096975,3,CAMK,PIM,PIM,PIM3
CK1,-2.0633333333333335,12,KRSA,0.8508863399374348,4,CK1,CK1,CK1-A,CSNK1A1
CK1,-2.0633333333333335,12,KRSA,0.8508863399374348,4,CK1,CK1,CK1-A,CSNK1A1L
CK1,-2.0633333333333335,12,KRSA,0.8508863399374348,4,CK1,CK1,CK1-D,CSNK1D
CK1,-2.0633333333333335,12,KRSA,0.8508863399374348,4,CK1,CK1,CK1-D,CSNK1E
CK1,-2.0633333333333335,12,KRSA,0.8508863399374348,4,CK1,CK1,CK1-G,CSNK1G1
CK1,-2.0633333333333335,12,KRSA,0.8508863399374348,4,CK1,CK1,CK1-G,CSNK1G2
CK1,-2.0633333333333335,12,KRSA,0.8508863399374348,4,CK1,CK1,CK1-G,CSNK1G3
CK1,-2.0633333333333335,12,KRSA,0.8508863399374348,4,CK1,TTBK,TTBK,TTBK1
CK1,-2.0633333333333335,12,KRSA,0.8508863399374348,4,CK1,TTBK,TTBK,TTBK2
CK1,-2.0633333333333335,12,KRSA,0.8508863399374348,4,CK1,VRK,VRK,VRK3
HAL,0.3016666666666666,63,KRSA,0.17518248175182483,1,RGC,RGC,RGC,NPR1
DMPK,-1.875,15,KRSA,0.8133472367049009,4,AGC,DMPK,GEK,CDC42BPA
DMPK,-1.875,15,KRSA,0.8133472367049009,4,AGC,DMPK,GEK,CDC42BPB
DMPK,-1.875,15,KRSA,0.8133472367049009,4,AGC,DMPK,GEK,CDC42BPG
DMPK,-1.875,15,KRSA,0.8133472367049009,4,AGC,DMPK,CRIK,CIT
DMPK,-1.875,15,KRSA,0.8133472367049009,4,AGC,DMPK,GEK,DMPK
DMPK,-1.875,15,KRSA,0.8133472367049009,4,AGC,DMPK,ROCK,ROCK1
DMPK,-1.875,15,KRSA,0.8133472367049009,4,AGC,DMPK,ROCK,ROCK2
PKD,-1.1025,28,KRSA,0.6256517205422315,3,CAMK,PKD,PKD,PRKD1
PKD,-1.1025,28,KRSA,0.6256517205422315,3,CAMK,PKD,PKD,PRKD2
PKD,-1.1025,28,KRSA,0.6256517205422315,3,CAMK,PKD,PKD,PRKD3
GRK,-0.35416666666666663,59,KRSA,0.22523461939520334,1,AGC,GRK,GRK,GRK1
GRK,-0.35416666666666663,59,KRSA,0.22523461939520334,1,AGC,GRK,GRK,GRK4
GRK,-0.35416666666666663,59,KRSA,0.22523461939520334,1,AGC,GRK,GRK,GRK5
GRK,-0.35416666666666663,59,KRSA,0.22523461939520334,1,AGC,GRK,GRK,GRK6
GRK,-0.35416666666666663,59,KRSA,0.22523461939520334,1,AGC,GRK,GRK,GRK7
IRAK,-0.4916666666666667,53,KRSA,0.30031282586027114,2,TKL,IRAK,IRAK,IRAK1
IRAK,-0.4916666666666667,53,KRSA,0.30031282586027114,2,TKL,IRAK,IRAK,IRAK2
IRAK,-0.4916666666666667,53,KRSA,0.30031282586027114,2,TKL,IRAK,IRAK,IRAK3
IRAK,-0.4916666666666667,53,KRSA,0.30031282586027114,2,TKL,IRAK,IRAK,IRAK4
NAK,-0.26833333333333337,66,KRSA,0.13764337851929093,1,OTHER,NAK,BIKE,AAK1
NAK,-0.26833333333333337,66,KRSA,0.13764337851929093,1,OTHER,NAK,BIKE,BMP2K
NAK,-0.26833333333333337,66,KRSA,0.13764337851929093,1,OTHER,NAK,GAK,GAK
NAK,-0.26833333333333337,66,KRSA,0.13764337851929093,1,OTHER,NAK,MPSK,STK16
TLK,-1.2891666666666666,24,KRSA,0.67570385818561,3,OTHER,TLK,TLK,TLK1
TLK,-1.2891666666666666,24,KRSA,0.67570385818561,3,OTHER,TLK,TLK,TLK2
TTK,-1.3,23,KRSA,0.7007299270072993,3,OTHER,TTK,TTK,TTK
RAF,-1.2366666666666666,26,KRSA,0.6506777893639207,3,TKL,RAF,RAF,ARAF
RAF,-1.2366666666666666,26,KRSA,0.6506777893639207,3,TKL,RAF,RAF,BRAF
RAF,-1.2366666666666666,26,KRSA,0.6506777893639207,3,TKL,RAF,KSR,KSR1
RAF,-1.2366666666666666,26,KRSA,0.6506777893639207,3,TKL,RAF,KSR,KSR2
RAF,-1.2366666666666666,26,KRSA,0.6506777893639207,3,TKL,RAF,RAF,RAF1
NUAK,-1.2766666666666666,25,KRSA,0.6631908237747653,3,CAMK,CAMKL,NUAK,NUAK1
NUAK,-1.2766666666666666,25,KRSA,0.6631908237747653,3,CAMK,CAMKL,NUAK,NUAK2
PAKB,-0.41583333333333333,55,KRSA,0.27528675703858185,2,STE,STE20,PAKB,PAK4
PAKB,-0.41583333333333333,55,KRSA,0.27528675703858185,2,STE,STE20,PAKB,PAK5
PAKB,-0.41583333333333333,55,KRSA,0.27528675703858185,2,STE,STE20,PAKB,PAK6
CAMK1,1.5016666666666667,19,KRSA,0.7632950990615224,4,CAMK,CAMK1,CAMK1,CAMK1
CAMK1,1.5016666666666667,19,KRSA,0.7632950990615224,4,CAMK,CAMK1,CAMK1,CAMK1D
CAMK1,1.5016666666666667,19,KRSA,0.7632950990615224,4,CAMK,CAMK1,CAMK1,CAMK1G
CAMK1,1.5016666666666667,19,KRSA,0.7632950990615224,4,CAMK,CAMK1,CAMK1,CAMK4
CAMK1,1.5016666666666667,19,KRSA,0.7632950990615224,4,CAMK,CAMK1,CAMK1,PNCK
JNK,-1.945,13,KRSA,0.8383733055265902,4,CMGC,MAPK,JNK,MAPK10
JNK,-1.945,13,KRSA,0.8383733055265902,4,CMGC,MAPK,JNK,MAPK8
JNK,-1.945,13,KRSA,0.8383733055265902,4,CMGC,MAPK,JNK,MAPK9
PKN,-0.9216666666666666,32,KRSA,0.5755995828988529,3,AGC,PKN,PKN,PKN1
PKN,-0.9216666666666666,32,KRSA,0.5755995828988529,3,AGC,PKN,PKN,PKN2
PKN,-0.9216666666666666,32,KRSA,0.5755995828988529,3,AGC,PKN,PKN,PKN3
DAPK,-0.835,40,KRSA,0.4629822732012513,2,CAMK,DAPK,DAPK,DAPK1
DAPK,-0.835,40,KRSA,0.4629822732012513,2,CAMK,DAPK,DAPK,DAPK2
DAPK,-0.835,40,KRSA,0.4629822732012513,2,CAMK,DAPK,DAPK,DAPK3
DAPK,-0.835,40,KRSA,0.4629822732012513,2,CAMK,DAPK,DRAK,STK17A
DAPK,-0.835,40,KRSA,0.4629822732012513,2,CAMK,DAPK,DRAK,STK17B
NDR,-0.8741666666666666,39,KRSA,0.4754953076120959,2,AGC,NDR,NDR,LATS1
NDR,-0.8741666666666666,39,KRSA,0.4754953076120959,2,AGC,NDR,NDR,LATS2
NDR,-0.8741666666666666,39,KRSA,0.4754953076120959,2,AGC,NDR,NDR,STK38
NDR,-0.8741666666666666,39,KRSA,0.4754953076120959,2,AGC,NDR,NDR,STK38L
BRSK,1.3283333333333334,20,KRSA,0.7507820646506778,4,CAMK,CAMKL,BRSK,BRSK1
BRSK,1.3283333333333334,20,KRSA,0.7507820646506778,4,CAMK,CAMKL,BRSK,BRSK2
COT,-0.1675,72,KRSA,0.06256517205422316,1,STE,STE-UNIQUE,STE-UNIQUE,MAP3K8
KHS,0.485,54,KRSA,0.28779979144942647,2,STE,STE20,KHS,MAP4K1
KHS,0.485,54,KRSA,0.28779979144942647,2,STE,STE20,KHS,MAP4K2
KHS,0.485,54,KRSA,0.28779979144942647,2,STE,STE20,KHS,MAP4K3
KHS,0.485,54,KRSA,0.28779979144942647,2,STE,STE20,KHS,MAP4K5
PASK,0.4941666666666667,52,KRSA,0.31282586027111575,2,CAMK,CAMKL,PASK,PASK
MELK,-0.13749999999999998,73,KRSA,0.05005213764337852,1,CAMK,CAMKL,MELK,MELK
PKCD,-0.2675,67,KRSA,0.1251303441084463,1,AGC,PKC,DELTA,PRKCD
PKCD,-0.2675,67,KRSA,0.1251303441084463,1,AGC,PKC,DELTA,PRKCQ
ATR,-1.0583333333333331,29,KRSA,0.6131386861313869,3,ATYPICAL,PIKK,ATR,ATR
MOS,0.65,49,KRSA,0.35036496350364965,2,OTHER,MOS,MOS,MOS
WNK,-0.9058333333333334,34,KRSA,0.5505735140771637,3,OTHER,WNK,WNK,WNK1
WNK,-0.9058333333333334,34,KRSA,0.5505735140771637,3,OTHER,WNK,WNK,WNK2
WNK,-0.9058333333333334,34,KRSA,0.5505735140771637,3,OTHER,WNK,WNK,WNK3
WNK,-0.9058333333333334,34,KRSA,0.5505735140771637,3,OTHER,WNK,WNK,WNK4
BUD32,-0.9133333333333332,33,KRSA,0.5630865484880083,3,OTHER,BUD32,BUD32,TP53RK
SLK,0.13416666666666668,74,KRSA,0.03753910323253389,1,STE,STE20,SLK,SLK
SLK,0.13416666666666668,74,KRSA,0.03753910323253389,1,STE,STE20,SLK,STK10
CAMKK,-0.9033333333333332,35,KRSA,0.5380604796663191,3,OTHER,CAMKK,META,CAMKK1
CAMKK,-0.9033333333333332,35,KRSA,0.5380604796663191,3,OTHER,CAMKK,META,CAMKK2
ULK,-0.8966666666666667,37,KRSA,0.5130344108446299,3,OTHER,ULK,FUSED,STK36
ULK,-0.8966666666666667,37,KRSA,0.5130344108446299,3,OTHER,ULK,ULK,ULK1
ULK,-0.8966666666666667,37,KRSA,0.5130344108446299,3,OTHER,ULK,ULK,ULK2
ULK,-0.8966666666666667,37,KRSA,0.5130344108446299,3,OTHER,ULK,ULK,ULK3
ULK,-0.8966666666666667,37,KRSA,0.5130344108446299,3,OTHER,ULK,ULK,ULK4
NIK,-0.9008333333333334,36,KRSA,0.5255474452554745,3,STE,STE-UNIQUE,STE-UNIQUE,MAP3K14
TAO,-0.21916666666666668,69,KRSA,0.10010427528675704,1,STE,STE20,TAO,TAOK1
TAO,-0.21916666666666668,69,KRSA,0.10010427528675704,1,STE,STE20,TAO,TAOK2
TAO,-0.21916666666666668,69,KRSA,0.10010427528675704,1,STE,STE20,TAO,TAOK3
CLK,-0.8908333333333334,38,KRSA,0.4880083420229406,2,CMGC,CLK,CLK,CLK1
CLK,-0.8908333333333334,38,KRSA,0.4880083420229406,2,CMGC,CLK,CLK,CLK2
CLK,-0.8908333333333334,38,KRSA,0.4880083420229406,2,CMGC,CLK,CLK,CLK3
CLK,-0.8908333333333334,38,KRSA,0.4880083420229406,2,CMGC,CLK,CLK,CLK4
ATM,-1.211666666666667,27,KRSA,0.6381647549530761,3,ATYPICAL,PIKK,ATM,ATM
P38,-1.9233333333333331,14,KRSA,0.8258602711157456,4,CMGC,MAPK,P38,MAPK11
P38,-1.9233333333333331,14,KRSA,0.8258602711157456,4,CMGC,MAPK,P38,MAPK12
P38,-1.9233333333333331,14,KRSA,0.8258602711157456,4,CMGC,MAPK,P38,MAPK13
P38,-1.9233333333333331,14,KRSA,0.8258602711157456,4,CMGC,MAPK,P38,MAPK14
RSK,-0.8099999999999999,41,KRSA,0.4504692387904067,2,AGC,RSK,RSK,RPS6KA1
RSK,-0.8099999999999999,41,KRSA,0.4504692387904067,2,AGC,RSK,RSK,RPS6KA2
RSK,-0.8099999999999999,41,KRSA,0.4504692387904067,2,AGC,RSK,RSK,RPS6KA3
RSK,-0.8099999999999999,41,KRSA,0.4504692387904067,2,AGC,RSK,MSK,RPS6KA4
RSK,-0.8099999999999999,41,KRSA,0.4504692387904067,2,AGC,RSK,MSK,RPS6KA5
RSK,-0.8099999999999999,41,KRSA,0.4504692387904067,2,AGC,RSK,RSK,RPS6KA6
RSK,-0.8099999999999999,41,KRSA,0.4504692387904067,2,AGC,RSK,P70,RPS6KB1
RSK,-0.8099999999999999,41,KRSA,0.4504692387904067,2,AGC,RSK,P70,RPS6KB2
RIPK,0.05999999999999998,77,KRSA,0,1,TKL,RIPK,RIPK,ANKK1
RIPK,0.05999999999999998,77,KRSA,0,1,TKL,RIPK,RIPK,RIPK1
RIPK,0.05999999999999998,77,KRSA,0,1,TKL,RIPK,RIPK,RIPK2
RIPK,0.05999999999999998,77,KRSA,0,1,TKL,RIPK,RIPK,RIPK3
RIPK,0.05999999999999998,77,KRSA,0,1,TKL,RIPK,RIPK,RIPK4
AKT,-0.3366666666666667,62,KRSA,0.18769551616266944,1,AGC,AKT,AKT,AKT1
AKT,-0.3366666666666667,62,KRSA,0.18769551616266944,1,AGC,AKT,AKT,AKT2
AKT,-0.3366666666666667,62,KRSA,0.18769551616266944,1,AGC,AKT,AKT,AKT3
GSK,-0.7283333333333333,46,KRSA,0.38790406673618355,2,CMGC,GSK,GSK,GSK3A
GSK,-0.7283333333333333,46,KRSA,0.38790406673618355,2,CMGC,GSK,GSK,GSK3B
PKCH,-0.195,70,KRSA,0.08759124087591241,1,AGC,PKC,ETA,PRKCE
PKCH,-0.195,70,KRSA,0.08759124087591241,1,AGC,PKC,ETA,PRKCH
AUR,-0.3675000000000001,58,KRSA,0.23774765380604795,1,OTHER,AUR,AUR,AURKA
AUR,-0.3675000000000001,58,KRSA,0.23774765380604795,1,OTHER,AUR,AUR,AURKB
AUR,-0.3675000000000001,58,KRSA,0.23774765380604795,1,OTHER,AUR,AUR,AURKC
PKG,0.6633333333333333,48,KRSA,0.36287799791449427,2,AGC,PKG,PKG,PRKG1
PKG,0.6633333333333333,48,KRSA,0.36287799791449427,2,AGC,PKG,PKG,PRKG2
BARK2,0.7916666666666666,44,KRSA,0.4129301355578728,2,AGC,GRK,BARK,GRK3
IKK,-0.7975,43,KRSA,0.4254431699687174,2,OTHER,IKK,IKK,CHUK
IKK,-0.7975,43,KRSA,0.4254431699687174,2,OTHER,IKK,IKK,IKBKB
IKK,-0.7975,43,KRSA,0.4254431699687174,2,OTHER,IKK,IKK,IKBKE
IKK,-0.7975,43,KRSA,0.4254431699687174,2,OTHER,IKK,IKK,TBK1
CAMK2,-0.26499999999999996,68,KRSA,0.11261730969760167,1,CAMK,CAMK2,CAMK2,CAMK2A
CAMK2,-0.26499999999999996,68,KRSA,0.11261730969760167,1,CAMK,CAMK2,CAMK2,CAMK2B
CAMK2,-0.26499999999999996,68,KRSA,0.11261730969760167,1,CAMK,CAMK2,CAMK2,CAMK2D
CAMK2,-0.26499999999999996,68,KRSA,0.11261730969760167,1,CAMK,CAMK2,CAMK2,CAMK2G
RAD53,-0.13416666666666663,75,KRSA,0.02502606882168926,1,CAMK,RAD53,RAD53,CHEK2
SGK,0.5308333333333334,51,KRSA,0.32533889468196037,2,AGC,SGK,SGK,SGK1
SGK,0.5308333333333334,51,KRSA,0.32533889468196037,2,AGC,SGK,SGK,SGK2
SGK,0.5308333333333334,51,KRSA,0.32533889468196037,2,AGC,SGK,SGK,SGK3
VRK1,-0.8908333333333334,38,KRSA,0.4880083420229406,2,CK1,VRK,VRK,VRK1
MLCK,0.3958333333333333,56,KRSA,0.26277372262773724,2,CAMK,MLCK,MLCK,MYLK
MLCK,0.3958333333333333,56,KRSA,0.26277372262773724,2,CAMK,MLCK,MLCK,MYLK2
MLCK,0.3958333333333333,56,KRSA,0.26277372262773724,2,CAMK,MLCK,MLCK,TTN
AMPK,-0.18416666666666665,71,KRSA,0.07507820646506778,1,CAMK,CAMKL,AMPK,PRKAA1
AMPK,-0.18416666666666665,71,KRSA,0.07507820646506778,1,CAMK,CAMKL,AMPK,PRKAA2
STKR,0.27416666666666667,65,KRSA,0.15015641293013557,1,TKL,STKR,TYPE1,ACVR1
STKR,0.27416666666666667,65,KRSA,0.15015641293013557,1,TKL,STKR,TYPE1,ACVR1B
STKR,0.27416666666666667,65,KRSA,0.15015641293013557,1,TKL,STKR,TYPE1,ACVR1C
STKR,0.27416666666666667,65,KRSA,0.15015641293013557,1,TKL,STKR,TYPE2,ACVR2A
STKR,0.27416666666666667,65,KRSA,0.15015641293013557,1,TKL,STKR,TYPE2,ACVR2B
STKR,0.27416666666666667,65,KRSA,0.15015641293013557,1,TKL,STKR,TYPE1,ACVRL1
STKR,0.27416666666666667,65,KRSA,0.15015641293013557,1,TKL,STKR,TYPE2,AMHR2
STKR,0.27416666666666667,65,KRSA,0.15015641293013557,1,TKL,STKR,TYPE1,BMPR1A
STKR,0.27416666666666667,65,KRSA,0.15015641293013557,1,TKL,STKR,TYPE1,BMPR1B
STKR,0.27416666666666667,65,KRSA,0.15015641293013557,1,TKL,STKR,TYPE2,BMPR2
STKR,0.27416666666666667,65,KRSA,0.15015641293013557,1,TKL,STKR,TYPE1,TGFBR1
STKR,0.27416666666666667,65,KRSA,0.15015641293013557,1,TKL,STKR,TYPE2,TGFBR2
CHK1,0.29333333333333333,64,KRSA,0.16266944734098018,1,CAMK,CAMKL,CHK1,CHEK1
PKA,0.7558333333333334,45,KRSA,0.40041710114702816,2,AGC,PKA,PKA,PRKACA
PKA,0.7558333333333334,45,KRSA,0.40041710114702816,2,AGC,PKA,PKA,PRKACB
PKA,0.7558333333333334,45,KRSA,0.40041710114702816,2,AGC,PKA,PKA,PRKACG
PKA,0.7558333333333334,45,KRSA,0.40041710114702816,2,AGC,PKA,PKA,PRKX
PKA,0.7558333333333334,45,KRSA,0.40041710114702816,2,AGC,PKA,PKA,PRKY
MAPKAPK,-0.3516666666666667,60,KRSA,0.2127215849843587,1,CAMK,MAPKAPK,MAPKAPK,MAPKAPK2
MAPKAPK,-0.3516666666666667,60,KRSA,0.2127215849843587,1,CAMK,MAPKAPK,MAPKAPK,MAPKAPK3
MAPKAPK,-0.3516666666666667,60,KRSA,0.2127215849843587,1,CAMK,MAPKAPK,MAPKAPK,MAPKAPK5
MAPKAPK,-0.3516666666666667,60,KRSA,0.2127215849843587,1,CAMK,MAPKAPK,MNK,MKNK1
MAPKAPK,-0.3516666666666667,60,KRSA,0.2127215849843587,1,CAMK,MAPKAPK,MNK,MKNK2
PKCA,-4.91,1,KRSA,0.9885297184567258,4,AGC,PKC,ALPHA,PRKCA
PKCA,-4.91,1,KRSA,0.9885297184567258,4,AGC,PKC,ALPHA,PRKCB
PKCA,-4.91,1,KRSA,0.9885297184567258,4,AGC,PKC,ALPHA,PRKCG
PEK,-3.924166666666667,2,KRSA,0.9760166840458812,4,OTHER,PEK,HRI,EIF2AK1
PEK,-3.924166666666667,2,KRSA,0.9760166840458812,4,OTHER,PEK,PKR,EIF2AK2
PEK,-3.924166666666667,2,KRSA,0.9760166840458812,4,OTHER,PEK,PEK,EIF2AK3
PEK,-3.924166666666667,2,KRSA,0.9760166840458812,4,OTHER,PEK,GCN2,EIF2AK4
CDK,-3.4966666666666666,3,KRSA,0.9635036496350365,4,CMGC,CDK,CDC2,CDK1
CDK,-3.4966666666666666,3,KRSA,0.9635036496350365,4,CMGC,CDK,CDK10,CDK10
CDK,-3.4966666666666666,3,KRSA,0.9635036496350365,4,CMGC,CDK,CRK7,CDK12
CDK,-3.4966666666666666,3,KRSA,0.9635036496350365,4,CMGC,CDK,CRK7,CDK13
CDK,-3.4966666666666666,3,KRSA,0.9635036496350365,4,CMGC,CDK,PFTAIRE,CDK14
CDK,-3.4966666666666666,3,KRSA,0.9635036496350365,4,CMGC,CDK,PFTAIRE,CDK15
CDK,-3.4966666666666666,3,KRSA,0.9635036496350365,4,CMGC,CDK,PCTAIRE,CDK16
CDK,-3.4966666666666666,3,KRSA,0.9635036496350365,4,CMGC,CDK,PCTAIRE,CDK17
CDK,-3.4966666666666666,3,KRSA,0.9635036496350365,4,CMGC,CDK,PCTAIRE,CDK18
CDK,-3.4966666666666666,3,KRSA,0.9635036496350365,4,CMGC,CDK,CDK8,CDK19
CDK,-3.4966666666666666,3,KRSA,0.9635036496350365,4,CMGC,CDK,CDC2,CDK2
CDK,-3.4966666666666666,3,KRSA,0.9635036496350365,4,CMGC,CDK,CCRK,CDK20
CDK,-3.4966666666666666,3,KRSA,0.9635036496350365,4,CMGC,CDK,CDC2,CDK3
CDK,-3.4966666666666666,3,KRSA,0.9635036496350365,4,CMGC,CDK,CDK4,CDK4
CDK,-3.4966666666666666,3,KRSA,0.9635036496350365,4,CMGC,CDK,CDK5,CDK5
CDK,-3.4966666666666666,3,KRSA,0.9635036496350365,4,CMGC,CDK,CDK4,CDK6
CDK,-3.4966666666666666,3,KRSA,0.9635036496350365,4,CMGC,CDK,CDK7,CDK7
CDK,-3.4966666666666666,3,KRSA,0.9635036496350365,4,CMGC,CDK,CDK8,CDK8
CDK,-3.4966666666666666,3,KRSA,0.9635036496350365,4,CMGC,CDK,CDK9,CDK9
CDK,-3.4966666666666666,3,KRSA,0.9635036496350365,4,NA,NA,NA,CDK11A
CDK,-3.4966666666666666,3,KRSA,0.9635036496350365,4,NA,NA,NA,CDK11B
NMO,-2.444166666666667,9,KRSA,0.8884254431699687,4,CMGC,MAPK,NMO,NLK
ERK,-2.7983333333333333,6,KRSA,0.9259645464025026,4,CMGC,MAPK,ERK1,MAPK1
ERK,-2.7983333333333333,6,KRSA,0.9259645464025026,4,CMGC,MAPK,ERK7,MAPK15
ERK,-2.7983333333333333,6,KRSA,0.9259645464025026,4,CMGC,MAPK,ERK1,MAPK3
ERK,-2.7983333333333333,6,KRSA,0.9259645464025026,4,CMGC,MAPK,ERK3,MAPK4
ERK,-2.7983333333333333,6,KRSA,0.9259645464025026,4,CMGC,MAPK,ERK3,MAPK6
ERK,-2.7983333333333333,6,KRSA,0.9259645464025026,4,CMGC,MAPK,ERK5,MAPK7
STE7,-2.35,11,KRSA,0.8633993743482794,4,STE,STE7,MEK1,MAP2K1
STE7,-2.35,11,KRSA,0.8633993743482794,4,STE,STE7,MEK1,MAP2K2
STE7,-2.35,11,KRSA,0.8633993743482794,4,STE,STE7,MEK3,MAP2K3
STE7,-2.35,11,KRSA,0.8633993743482794,4,STE,STE7,MEK4,MAP2K4
STE7,-2.35,11,KRSA,0.8633993743482794,4,STE,STE7,MEK5,MAP2K5
STE7,-2.35,11,KRSA,0.8633993743482794,4,STE,STE7,MEK3,MAP2K6
STE7,-2.35,11,KRSA,0.8633993743482794,4,STE,STE7,MEK7,MAP2K7
DYRK,-2.3608333333333333,10,KRSA,0.8759124087591241,4,CMGC,DYRK,DYRK1,DYRK1A
DYRK,-2.3608333333333333,10,KRSA,0.8759124087591241,4,CMGC,DYRK,DYRK1,DYRK1B
DYRK,-2.3608333333333333,10,KRSA,0.8759124087591241,4,CMGC,DYRK,DYRK2,DYRK2
DYRK,-2.3608333333333333,10,KRSA,0.8759124087591241,4,CMGC,DYRK,DYRK2,DYRK3
DYRK,-2.3608333333333333,10,KRSA,0.8759124087591241,4,CMGC,DYRK,DYRK2,DYRK4
DYRK,-2.3608333333333333,10,KRSA,0.8759124087591241,4,CMGC,DYRK,HIPK,HIPK1
DYRK,-2.3608333333333333,10,KRSA,0.8759124087591241,4,CMGC,DYRK,HIPK,HIPK2
DYRK,-2.3608333333333333,10,KRSA,0.8759124087591241,4,CMGC,DYRK,HIPK,HIPK3
DYRK,-2.3608333333333333,10,KRSA,0.8759124087591241,4,CMGC,DYRK,HIPK,HIPK4
DYRK,-2.3608333333333333,10,KRSA,0.8759124087591241,4,CMGC,DYRK,PRP4,PRPF4B
PDHK,-2.565,8,KRSA,0.9009384775808134,4,ATYPICAL,PDHK,BCKDK,BCKDK
PDHK,-2.565,8,KRSA,0.9009384775808134,4,ATYPICAL,PDHK,PDHK,PDK2
PDHK,-2.565,8,KRSA,0.9009384775808134,4,ATYPICAL,PDHK,PDHK,PDK3
PDHK,-2.565,8,KRSA,0.9009384775808134,4,ATYPICAL,PDHK,PDHK,PDK4
PLK,-2.9066666666666667,4,KRSA,0.9509906152241918,4,NA,NA,NA,PLK5
PLK,-2.9066666666666667,4,KRSA,0.9509906152241918,4,OTHER,PLK,PLK1,PLK1
PLK,-2.9066666666666667,4,KRSA,0.9509906152241918,4,OTHER,PLK,PLK2,PLK2
PLK,-2.9066666666666667,4,KRSA,0.9509906152241918,4,OTHER,PLK,PLK2,PLK3
PLK,-2.9066666666666667,4,KRSA,0.9509906152241918,4,OTHER,PLK,SAK,PLK4
PHK,-2.5658333333333334,7,KRSA,0.913451511991658,4,CAMK,PHK,PHK,PHKG1
PHK,-2.5658333333333334,7,KRSA,0.913451511991658,4,CAMK,PHK,PHK,PHKG2
CK1,-2.0633333333333335,12,KRSA,0.8508863399374348,4,CK1,CK1,CK1-A,CSNK1A1
CK1,-2.0633333333333335,12,KRSA,0.8508863399374348,4,CK1,CK1,CK1-A,CSNK1A1L
CK1,-2.0633333333333335,12,KRSA,0.8508863399374348,4,CK1,CK1,CK1-D,CSNK1D
CK1,-2.0633333333333335,12,KRSA,0.8508863399374348,4,CK1,CK1,CK1-D,CSNK1E
CK1,-2.0633333333333335,12,KRSA,0.8508863399374348,4,CK1,CK1,CK1-G,CSNK1G1
CK1,-2.0633333333333335,12,KRSA,0.8508863399374348,4,CK1,CK1,CK1-G,CSNK1G2
CK1,-2.0633333333333335,12,KRSA,0.8508863399374348,4,CK1,CK1,CK1-G,CSNK1G3
CK1,-2.0633333333333335,12,KRSA,0.8508863399374348,4,CK1,TTBK,TTBK,TTBK1
CK1,-2.0633333333333335,12,KRSA,0.8508863399374348,4,CK1,TTBK,TTBK,TTBK2
CK1,-2.0633333333333335,12,KRSA,0.8508863399374348,4,CK1,VRK,VRK,VRK3
JNK,-1.945,13,KRSA,0.8383733055265902,4,CMGC,MAPK,JNK,MAPK10
JNK,-1.945,13,KRSA,0.8383733055265902,4,CMGC,MAPK,JNK,MAPK8
JNK,-1.945,13,KRSA,0.8383733055265902,4,CMGC,MAPK,JNK,MAPK9
PDK1,-2.8158333333333334,5,KRSA,0.9384775808133472,4,ATYPICAL,PDHK,PDHK,PDK1
PDK1,-2.8158333333333334,5,KRSA,0.9384775808133472,4,AGC,PDK1,PDK1,PDPK1
P38,-1.9233333333333331,14,KRSA,0.8258602711157456,4,CMGC,MAPK,P38,MAPK11
P38,-1.9233333333333331,14,KRSA,0.8258602711157456,4,CMGC,MAPK,P38,MAPK12
P38,-1.9233333333333331,14,KRSA,0.8258602711157456,4,CMGC,MAPK,P38,MAPK13
P38,-1.9233333333333331,14,KRSA,0.8258602711157456,4,CMGC,MAPK,P38,MAPK14
PKD,-1.1025,28,KRSA,0.6256517205422315,3,CAMK,PKD,PKD,PRKD1
PKD,-1.1025,28,KRSA,0.6256517205422315,3,CAMK,PKD,PKD,PRKD2
PKD,-1.1025,28,KRSA,0.6256517205422315,3,CAMK,PKD,PKD,PRKD3
SGK,0.5308333333333334,51,KRSA,0.32533889468196037,2,AGC,SGK,SGK,SGK1
SGK,0.5308333333333334,51,KRSA,0.32533889468196037,2,AGC,SGK,SGK,SGK2
SGK,0.5308333333333334,51,KRSA,0.32533889468196037,2,AGC,SGK,SGK,SGK3
MLCK,0.3958333333333333,56,KRSA,0.26277372262773724,2,CAMK,MLCK,MLCK,MYLK
MLCK,0.3958333333333333,56,KRSA,0.26277372262773724,2,CAMK,MLCK,MLCK,MYLK2
MLCK,0.3958333333333333,56,KRSA,0.26277372262773724,2,CAMK,MLCK,MLCK,TTN
PKCH,-0.195,70,KRSA,0.08759124087591241,1,AGC,PKC,ETA,PRKCE
PKCH,-0.195,70,KRSA,0.08759124087591241,1,AGC,PKC,ETA,PRKCH
QIK,-1.8483333333333336,16,KRSA,0.8008342022940563,4,CAMK,CAMKL,QIK,SIK1
QIK,-1.8483333333333336,16,KRSA,0.8008342022940563,4,CAMK,CAMKL,QIK,SIK2
TTK,-1.3,23,KRSA,0.7007299270072993,3,OTHER,TTK,TTK,TTK
NUAK,-1.2766666666666666,25,KRSA,0.6631908237747653,3,CAMK,CAMKL,NUAK,NUAK1
NUAK,-1.2766666666666666,25,KRSA,0.6631908237747653,3,CAMK,CAMKL,NUAK,NUAK2
TLK,-1.2891666666666666,24,KRSA,0.67570385818561,3,OTHER,TLK,TLK,TLK1
TLK,-1.2891666666666666,24,KRSA,0.67570385818561,3,OTHER,TLK,TLK,TLK2
DMPK,-1.875,15,KRSA,0.8133472367049009,4,AGC,DMPK,GEK,CDC42BPA
DMPK,-1.875,15,KRSA,0.8133472367049009,4,AGC,DMPK,GEK,CDC42BPB
DMPK,-1.875,15,KRSA,0.8133472367049009,4,AGC,DMPK,GEK,CDC42BPG
DMPK,-1.875,15,KRSA,0.8133472367049009,4,AGC,DMPK,CRIK,CIT
DMPK,-1.875,15,KRSA,0.8133472367049009,4,AGC,DMPK,GEK,DMPK
DMPK,-1.875,15,KRSA,0.8133472367049009,4,AGC,DMPK,ROCK,ROCK1
DMPK,-1.875,15,KRSA,0.8133472367049009,4,AGC,DMPK,ROCK,ROCK2
CAMK1,1.5016666666666667,19,KRSA,0.7632950990615224,4,CAMK,CAMK1,CAMK1,CAMK1
CAMK1,1.5016666666666667,19,KRSA,0.7632950990615224,4,CAMK,CAMK1,CAMK1,CAMK1D
CAMK1,1.5016666666666667,19,KRSA,0.7632950990615224,4,CAMK,CAMK1,CAMK1,CAMK1G
CAMK1,1.5016666666666667,19,KRSA,0.7632950990615224,4,CAMK,CAMK1,CAMK1,CAMK4
CAMK1,1.5016666666666667,19,KRSA,0.7632950990615224,4,CAMK,CAMK1,CAMK1,PNCK
RSK,-0.8099999999999999,41,KRSA,0.4504692387904067,2,AGC,RSK,RSK,RPS6KA1
RSK,-0.8099999999999999,41,KRSA,0.4504692387904067,2,AGC,RSK,RSK,RPS6KA2
RSK,-0.8099999999999999,41,KRSA,0.4504692387904067,2,AGC,RSK,RSK,RPS6KA3
RSK,-0.8099999999999999,41,KRSA,0.4504692387904067,2,AGC,RSK,MSK,RPS6KA4
RSK,-0.8099999999999999,41,KRSA,0.4504692387904067,2,AGC,RSK,MSK,RPS6KA5
RSK,-0.8099999999999999,41,KRSA,0.4504692387904067,2,AGC,RSK,RSK,RPS6KA6
RSK,-0.8099999999999999,41,KRSA,0.4504692387904067,2,AGC,RSK,P70,RPS6KB1
RSK,-0.8099999999999999,41,KRSA,0.4504692387904067,2,AGC,RSK,P70,RPS6KB2
RAF,-1.2366666666666666,26,KRSA,0.6506777893639207,3,TKL,RAF,RAF,ARAF
RAF,-1.2366666666666666,26,KRSA,0.6506777893639207,3,TKL,RAF,RAF,BRAF
RAF,-1.2366666666666666,26,KRSA,0.6506777893639207,3,TKL,RAF,KSR,KSR1
RAF,-1.2366666666666666,26,KRSA,0.6506777893639207,3,TKL,RAF,KSR,KSR2
RAF,-1.2366666666666666,26,KRSA,0.6506777893639207,3,TKL,RAF,RAF,RAF1
BARK2,0.7916666666666666,44,KRSA,0.4129301355578728,2,AGC,GRK,BARK,GRK3
FRAY,-1.5658333333333334,17,KRSA,0.7883211678832117,4,STE,STE20,FRAY,OXSR1
FRAY,-1.5658333333333334,17,KRSA,0.7883211678832117,4,STE,STE20,FRAY,STK39
MELK,-0.13749999999999998,73,KRSA,0.05005213764337852,1,CAMK,CAMKL,MELK,MELK
ATM,-1.211666666666667,27,KRSA,0.6381647549530761,3,ATYPICAL,PIKK,ATM,ATM
WNK,-0.9058333333333334,34,KRSA,0.5505735140771637,3,OTHER,WNK,WNK,WNK1
WNK,-0.9058333333333334,34,KRSA,0.5505735140771637,3,OTHER,WNK,WNK,WNK2
WNK,-0.9058333333333334,34,KRSA,0.5505735140771637,3,OTHER,WNK,WNK,WNK3
WNK,-0.9058333333333334,34,KRSA,0.5505735140771637,3,OTHER,WNK,WNK,WNK4
CLK,-0.8908333333333334,38,KRSA,0.4880083420229406,2,CMGC,CLK,CLK,CLK1
CLK,-0.8908333333333334,38,KRSA,0.4880083420229406,2,CMGC,CLK,CLK,CLK2
CLK,-0.8908333333333334,38,KRSA,0.4880083420229406,2,CMGC,CLK,CLK,CLK3
CLK,-0.8908333333333334,38,KRSA,0.4880083420229406,2,CMGC,CLK,CLK,CLK4
NIK,-0.9008333333333334,36,KRSA,0.5255474452554745,3,STE,STE-UNIQUE,STE-UNIQUE,MAP3K14
ULK,-0.8966666666666667,37,KRSA,0.5130344108446299,3,OTHER,ULK,FUSED,STK36
ULK,-0.8966666666666667,37,KRSA,0.5130344108446299,3,OTHER,ULK,ULK,ULK1
ULK,-0.8966666666666667,37,KRSA,0.5130344108446299,3,OTHER,ULK,ULK,ULK2
ULK,-0.8966666666666667,37,KRSA,0.5130344108446299,3,OTHER,ULK,ULK,ULK3
ULK,-0.8966666666666667,37,KRSA,0.5130344108446299,3,OTHER,ULK,ULK,ULK4
BUD32,-0.9133333333333332,33,KRSA,0.5630865484880083,3,OTHER,BUD32,BUD32,TP53RK
CAMKK,-0.9033333333333332,35,KRSA,0.5380604796663191,3,OTHER,CAMKK,META,CAMKK1
CAMKK,-0.9033333333333332,35,KRSA,0.5380604796663191,3,OTHER,CAMKK,META,CAMKK2
PKA,0.7558333333333334,45,KRSA,0.40041710114702816,2,AGC,PKA,PKA,PRKACA
PKA,0.7558333333333334,45,KRSA,0.40041710114702816,2,AGC,PKA,PKA,PRKACB
PKA,0.7558333333333334,45,KRSA,0.40041710114702816,2,AGC,PKA,PKA,PRKACG
PKA,0.7558333333333334,45,KRSA,0.40041710114702816,2,AGC,PKA,PKA,PRKX
PKA,0.7558333333333334,45,KRSA,0.40041710114702816,2,AGC,PKA,PKA,PRKY
PAKA,-1.3,23,KRSA,0.7007299270072993,3,STE,STE20,PAKA,PAK1
PAKA,-1.3,23,KRSA,0.7007299270072993,3,STE,STE20,PAKA,PAK2
PAKA,-1.3,23,KRSA,0.7007299270072993,3,STE,STE20,PAKA,PAK3
ATR,-1.0583333333333331,29,KRSA,0.6131386861313869,3,ATYPICAL,PIKK,ATR,ATR
CAMK2,-0.26499999999999996,68,KRSA,0.11261730969760167,1,CAMK,CAMK2,CAMK2,CAMK2A
CAMK2,-0.26499999999999996,68,KRSA,0.11261730969760167,1,CAMK,CAMK2,CAMK2,CAMK2B
CAMK2,-0.26499999999999996,68,KRSA,0.11261730969760167,1,CAMK,CAMK2,CAMK2,CAMK2D
CAMK2,-0.26499999999999996,68,KRSA,0.11261730969760167,1,CAMK,CAMK2,CAMK2,CAMK2G
LKB,-1.524166666666667,18,KRSA,0.7758081334723671,4,CAMK,CAMKL,LKB,STK11
VRK1,-0.8908333333333334,38,KRSA,0.4880083420229406,2,CK1,VRK,VRK,VRK1
BRSK,1.3283333333333334,20,KRSA,0.7507820646506778,4,CAMK,CAMKL,BRSK,BRSK1
BRSK,1.3283333333333334,20,KRSA,0.7507820646506778,4,CAMK,CAMKL,BRSK,BRSK2
MTOR,-0.8025,42,KRSA,0.43795620437956206,2,ATYPICAL,PIKK,FRAP,MTOR
SLK,0.13416666666666668,74,KRSA,0.03753910323253389,1,STE,STE20,SLK,SLK
SLK,0.13416666666666668,74,KRSA,0.03753910323253389,1,STE,STE20,SLK,STK10
PASK,0.4941666666666667,52,KRSA,0.31282586027111575,2,CAMK,CAMKL,PASK,PASK
TAO,-0.21916666666666668,69,KRSA,0.10010427528675704,1,STE,STE20,TAO,TAOK1
TAO,-0.21916666666666668,69,KRSA,0.10010427528675704,1,STE,STE20,TAO,TAOK2
TAO,-0.21916666666666668,69,KRSA,0.10010427528675704,1,STE,STE20,TAO,TAOK3
MOS,0.65,49,KRSA,0.35036496350364965,2,OTHER,MOS,MOS,MOS
KHS,0.485,54,KRSA,0.28779979144942647,2,STE,STE20,KHS,MAP4K1
KHS,0.485,54,KRSA,0.28779979144942647,2,STE,STE20,KHS,MAP4K2
KHS,0.485,54,KRSA,0.28779979144942647,2,STE,STE20,KHS,MAP4K3
KHS,0.485,54,KRSA,0.28779979144942647,2,STE,STE20,KHS,MAP4K5
IRAK,-0.4916666666666667,53,KRSA,0.30031282586027114,2,TKL,IRAK,IRAK,IRAK1
IRAK,-0.4916666666666667,53,KRSA,0.30031282586027114,2,TKL,IRAK,IRAK,IRAK2
IRAK,-0.4916666666666667,53,KRSA,0.30031282586027114,2,TKL,IRAK,IRAK,IRAK3
IRAK,-0.4916666666666667,53,KRSA,0.30031282586027114,2,TKL,IRAK,IRAK,IRAK4
GRK,-0.35416666666666663,59,KRSA,0.22523461939520334,1,AGC,GRK,GRK,GRK1
GRK,-0.35416666666666663,59,KRSA,0.22523461939520334,1,AGC,GRK,GRK,GRK4
GRK,-0.35416666666666663,59,KRSA,0.22523461939520334,1,AGC,GRK,GRK,GRK5
GRK,-0.35416666666666663,59,KRSA,0.22523461939520334,1,AGC,GRK,GRK,GRK6
GRK,-0.35416666666666663,59,KRSA,0.22523461939520334,1,AGC,GRK,GRK,GRK7
PRKDC,-1.2891666666666666,24,KRSA,0.67570385818561,3,ATYPICAL,PIKK,DNAPK,PRKDC
STKR,0.27416666666666667,65,KRSA,0.15015641293013557,1,TKL,STKR,TYPE1,ACVR1
STKR,0.27416666666666667,65,KRSA,0.15015641293013557,1,TKL,STKR,TYPE1,ACVR1B
STKR,0.27416666666666667,65,KRSA,0.15015641293013557,1,TKL,STKR,TYPE1,ACVR1C
STKR,0.27416666666666667,65,KRSA,0.15015641293013557,1,TKL,STKR,TYPE2,ACVR2A
STKR,0.27416666666666667,65,KRSA,0.15015641293013557,1,TKL,STKR,TYPE2,ACVR2B
STKR,0.27416666666666667,65,KRSA,0.15015641293013557,1,TKL,STKR,TYPE1,ACVRL1
STKR,0.27416666666666667,65,KRSA,0.15015641293013557,1,TKL,STKR,TYPE2,AMHR2
STKR,0.27416666666666667,65,KRSA,0.15015641293013557,1,TKL,STKR,TYPE1,BMPR1A
STKR,0.27416666666666667,65,KRSA,0.15015641293013557,1,TKL,STKR,TYPE1,BMPR1B
STKR,0.27416666666666667,65,KRSA,0.15015641293013557,1,TKL,STKR,TYPE2,BMPR2
STKR,0.27416666666666667,65,KRSA,0.15015641293013557,1,TKL,STKR,TYPE1,TGFBR1
STKR,0.27416666666666667,65,KRSA,0.15015641293013557,1,TKL,STKR,TYPE2,TGFBR2
GSK,-0.7283333333333333,46,KRSA,0.38790406673618355,2,CMGC,GSK,GSK,GSK3A
GSK,-0.7283333333333333,46,KRSA,0.38790406673618355,2,CMGC,GSK,GSK,GSK3B
STE11,-0.5483333333333332,50,KRSA,0.337851929092805,2,TKL,MLK,TAK1,MAP3K7
STE11,-0.5483333333333332,50,KRSA,0.337851929092805,2,STE,STE11,MEKK1,MAP3K1
STE11,-0.5483333333333332,50,KRSA,0.337851929092805,2,STE,STE11,ASK,MAP3K15
STE11,-0.5483333333333332,50,KRSA,0.337851929092805,2,STE,STE11,MEKK2,MAP3K2
STE11,-0.5483333333333332,50,KRSA,0.337851929092805,2,STE,STE11,MEKK2,MAP3K3
STE11,-0.5483333333333332,50,KRSA,0.337851929092805,2,STE,STE11,MEKK4,MAP3K4
STE11,-0.5483333333333332,50,KRSA,0.337851929092805,2,STE,STE11,ASK,MAP3K5
STE11,-0.5483333333333332,50,KRSA,0.337851929092805,2,STE,STE11,ASK,MAP3K6
MLK,-0.3433333333333334,61,KRSA,0.20020855057351408,1,TKL,MLK,ILK,ILK
MLK,-0.3433333333333334,61,KRSA,0.20020855057351408,1,TKL,MLK,MLK,MAP3K10
MLK,-0.3433333333333334,61,KRSA,0.20020855057351408,1,TKL,MLK,MLK,MAP3K11
MLK,-0.3433333333333334,61,KRSA,0.20020855057351408,1,TKL,MLK,LZK,MAP3K12
MLK,-0.3433333333333334,61,KRSA,0.20020855057351408,1,TKL,MLK,LZK,MAP3K13
MLK,-0.3433333333333334,61,KRSA,0.20020855057351408,1,TKL,MLK,MLK,MAP3K9
MLK,-0.3433333333333334,61,KRSA,0.20020855057351408,1,TKL,MLK,HH498,TNNI3K
MSN,0.10583333333333332,76,KRSA,0.01251303441084463,1,STE,STE20,MSN,MAP4K4
MSN,0.10583333333333332,76,KRSA,0.01251303441084463,1,STE,STE20,MSN,NRK
MSN,0.10583333333333332,76,KRSA,0.01251303441084463,1,STE,STE20,MSN,TNIK
CK2,-1.05,30,KRSA,0.6006256517205423,3,CMGC,CK2,CK2,CSNK2A1
CK2,-1.05,30,KRSA,0.6006256517205423,3,CMGC,CK2,CK2,CSNK2A2
CK2,-1.05,30,KRSA,0.6006256517205423,3,NA,NA,NA,CSNK2A3
IKK,-0.7975,43,KRSA,0.4254431699687174,2,OTHER,IKK,IKK,CHUK
IKK,-0.7975,43,KRSA,0.4254431699687174,2,OTHER,IKK,IKK,IKBKB
IKK,-0.7975,43,KRSA,0.4254431699687174,2,OTHER,IKK,IKK,IKBKE
IKK,-0.7975,43,KRSA,0.4254431699687174,2,OTHER,IKK,IKK,TBK1
PIM,-0.9233333333333332,31,KRSA,0.5881126173096975,3,CAMK,PIM,PIM,PIM1
PIM,-0.9233333333333332,31,KRSA,0.5881126173096975,3,CAMK,PIM,PIM,PIM2
PIM,-0.9233333333333332,31,KRSA,0.5881126173096975,3,CAMK,PIM,PIM,PIM3
MAPKAPK,-0.3516666666666667,60,KRSA,0.2127215849843587,1,CAMK,MAPKAPK,MAPKAPK,MAPKAPK2
MAPKAPK,-0.3516666666666667,60,KRSA,0.2127215849843587,1,CAMK,MAPKAPK,MAPKAPK,MAPKAPK3
MAPKAPK,-0.3516666666666667,60,KRSA,0.2127215849843587,1,CAMK,MAPKAPK,MAPKAPK,MAPKAPK5
MAPKAPK,-0.3516666666666667,60,KRSA,0.2127215849843587,1,CAMK,MAPKAPK,MNK,MKNK1
MAPKAPK,-0.3516666666666667,60,KRSA,0.2127215849843587,1,CAMK,MAPKAPK,MNK,MKNK2
MST,-1.3266666666666669,21,KRSA,0.7382690302398331,3,STE,STE20,MST,STK3
MST,-1.3266666666666669,21,KRSA,0.7382690302398331,3,STE,STE20,MST,STK4
AUR,-0.3675000000000001,58,KRSA,0.23774765380604795,1,OTHER,AUR,AUR,AURKA
AUR,-0.3675000000000001,58,KRSA,0.23774765380604795,1,OTHER,AUR,AUR,AURKB
AUR,-0.3675000000000001,58,KRSA,0.23774765380604795,1,OTHER,AUR,AUR,AURKC
PKN,-0.9216666666666666,32,KRSA,0.5755995828988529,3,AGC,PKN,PKN,PKN1
PKN,-0.9216666666666666,32,KRSA,0.5755995828988529,3,AGC,PKN,PKN,PKN2
PKN,-0.9216666666666666,32,KRSA,0.5755995828988529,3,AGC,PKN,PKN,PKN3
PKCI,-0.3933333333333333,57,KRSA,0.2502606882168926,2,AGC,PKC,IOTA,PRKCI
PKCI,-0.3933333333333333,57,KRSA,0.2502606882168926,2,AGC,PKC,IOTA,PRKCZ
NAK,-0.26833333333333337,66,KRSA,0.13764337851929093,1,OTHER,NAK,BIKE,AAK1
NAK,-0.26833333333333337,66,KRSA,0.13764337851929093,1,OTHER,NAK,BIKE,BMP2K
NAK,-0.26833333333333337,66,KRSA,0.13764337851929093,1,OTHER,NAK,GAK,GAK
NAK,-0.26833333333333337,66,KRSA,0.13764337851929093,1,OTHER,NAK,MPSK,STK16
PAKB,-0.41583333333333333,55,KRSA,0.27528675703858185,2,STE,STE20,PAKB,PAK4
PAKB,-0.41583333333333333,55,KRSA,0.27528675703858185,2,STE,STE20,PAKB,PAK5
PAKB,-0.41583333333333333,55,KRSA,0.27528675703858185,2,STE,STE20,PAKB,PAK6
HAL,0.3016666666666666,63,KRSA,0.17518248175182483,1,RGC,RGC,RGC,NPR1
RAD53,-0.13416666666666663,75,KRSA,0.02502606882168926,1,CAMK,RAD53,RAD53,CHEK2
NEK,-0.6808333333333333,47,KRSA,0.3753910323253389,2,OTHER,NEK,NEK11,NEK11
NEK,-0.6808333333333333,47,KRSA,0.3753910323253389,2,OTHER,NEK,NEK2,NEK2
NEK,-0.6808333333333333,47,KRSA,0.3753910323253389,2,OTHER,NEK,NEK1,NEK3
NEK,-0.6808333333333333,47,KRSA,0.3753910323253389,2,OTHER,NEK,NEK4,NEK4
NEK,-0.6808333333333333,47,KRSA,0.3753910323253389,2,OTHER,NEK,NEK1,NEK5
NEK,-0.6808333333333333,47,KRSA,0.3753910323253389,2,OTHER,NEK,NEK6,NEK6
NEK,-0.6808333333333333,47,KRSA,0.3753910323253389,2,OTHER,NEK,NEK6,NEK7
NEK,-0.6808333333333333,47,KRSA,0.3753910323253389,2,OTHER,NEK,NEK8,NEK8
NEK,-0.6808333333333333,47,KRSA,0.3753910323253389,2,OTHER,NEK,NEK8,NEK9
RIPK,0.05999999999999998,77,KRSA,0,1,TKL,RIPK,RIPK,ANKK1
RIPK,0.05999999999999998,77,KRSA,0,1,TKL,RIPK,RIPK,RIPK1
RIPK,0.05999999999999998,77,KRSA,0,1,TKL,RIPK,RIPK,RIPK2
RIPK,0.05999999999999998,77,KRSA,0,1,TKL,RIPK,RIPK,RIPK3
RIPK,0.05999999999999998,77,KRSA,0,1,TKL,RIPK,RIPK,RIPK4
CHK1,0.29333333333333333,64,KRSA,0.16266944734098018,1,CAMK,CAMKL,CHK1,CHEK1
PKG,0.6633333333333333,48,KRSA,0.36287799791449427,2,AGC,PKG,PKG,PRKG1
PKG,0.6633333333333333,48,KRSA,0.36287799791449427,2,AGC,PKG,PKG,PRKG2
PKCD,-0.2675,67,KRSA,0.1251303441084463,1,AGC,PKC,DELTA,PRKCD
PKCD,-0.2675,67,KRSA,0.1251303441084463,1,AGC,PKC,DELTA,PRKCQ
AMPK,-0.18416666666666665,71,KRSA,0.07507820646506778,1,CAMK,CAMKL,AMPK,PRKAA1
AMPK,-0.18416666666666665,71,KRSA,0.07507820646506778,1,CAMK,CAMKL,AMPK,PRKAA2
DAPK,-0.835,40,KRSA,0.4629822732012513,2,CAMK,DAPK,DAPK,DAPK1
DAPK,-0.835,40,KRSA,0.4629822732012513,2,CAMK,DAPK,DAPK,DAPK2
DAPK,-0.835,40,KRSA,0.4629822732012513,2,CAMK,DAPK,DAPK,DAPK3
DAPK,-0.835,40,KRSA,0.4629822732012513,2,CAMK,DAPK,DRAK,STK17A
DAPK,-0.835,40,KRSA,0.4629822732012513,2,CAMK,DAPK,DRAK,STK17B
AKT,-0.3366666666666667,62,KRSA,0.18769551616266944,1,AGC,AKT,AKT,AKT1
AKT,-0.3366666666666667,62,KRSA,0.18769551616266944,1,AGC,AKT,AKT,AKT2
AKT,-0.3366666666666667,62,KRSA,0.18769551616266944,1,AGC,AKT,AKT,AKT3
NDR,-0.8741666666666666,39,KRSA,0.4754953076120959,2,AGC,NDR,NDR,LATS1
NDR,-0.8741666666666666,39,KRSA,0.4754953076120959,2,AGC,NDR,NDR,LATS2
NDR,-0.8741666666666666,39,KRSA,0.4754953076120959,2,AGC,NDR,NDR,STK38
NDR,-0.8741666666666666,39,KRSA,0.4754953076120959,2,AGC,NDR,NDR,STK38L
COT,-0.1675,72,KRSA,0.06256517205422316,1,STE,STE-UNIQUE,STE-UNIQUE,MAP3K8
PKCA,-4.91,1,KRSA,0.9885297184567258,4,AGC,PKC,ALPHA,PRKCA
PKCA,-4.91,1,KRSA,0.9885297184567258,4,AGC,PKC,ALPHA,PRKCB
PKCA,-4.91,1,KRSA,0.9885297184567258,4,AGC,PKC,ALPHA,PRKCG
PEK,-3.924166666666667,2,KRSA,0.9760166840458812,4,OTHER,PEK,HRI,EIF2AK1
PEK,-3.924166666666667,2,KRSA,0.9760166840458812,4,OTHER,PEK,PKR,EIF2AK2
PEK,-3.924166666666667,2,KRSA,0.9760166840458812,4,OTHER,PEK,PEK,EIF2AK3
PEK,-3.924166666666667,2,KRSA,0.9760166840458812,4,OTHER,PEK,GCN2,EIF2AK4
CDK,-3.4966666666666666,3,KRSA,0.9635036496350365,4,CMGC,CDK,CDC2,CDK1
CDK,-3.4966666666666666,3,KRSA,0.9635036496350365,4,CMGC,CDK,CDK10,CDK10
CDK,-3.4966666666666666,3,KRSA,0.9635036496350365,4,CMGC,CDK,CRK7,CDK12
CDK,-3.4966666666666666,3,KRSA,0.9635036496350365,4,CMGC,CDK,CRK7,CDK13
CDK,-3.4966666666666666,3,KRSA,0.9635036496350365,4,CMGC,CDK,PFTAIRE,CDK14
CDK,-3.4966666666666666,3,KRSA,0.9635036496350365,4,CMGC,CDK,PFTAIRE,CDK15
CDK,-3.4966666666666666,3,KRSA,0.9635036496350365,4,CMGC,CDK,PCTAIRE,CDK16
CDK,-3.4966666666666666,3,KRSA,0.9635036496350365,4,CMGC,CDK,PCTAIRE,CDK17
CDK,-3.4966666666666666,3,KRSA,0.9635036496350365,4,CMGC,CDK,PCTAIRE,CDK18
CDK,-3.4966666666666666,3,KRSA,0.9635036496350365,4,CMGC,CDK,CDK8,CDK19
CDK,-3.4966666666666666,3,KRSA,0.9635036496350365,4,CMGC,CDK,CDC2,CDK2
CDK,-3.4966666666666666,3,KRSA,0.9635036496350365,4,CMGC,CDK,CCRK,CDK20
CDK,-3.4966666666666666,3,KRSA,0.9635036496350365,4,CMGC,CDK,CDC2,CDK3
CDK,-3.4966666666666666,3,KRSA,0.9635036496350365,4,CMGC,CDK,CDK4,CDK4
CDK,-3.4966666666666666,3,KRSA,0.9635036496350365,4,CMGC,CDK,CDK5,CDK5
CDK,-3.4966666666666666,3,KRSA,0.9635036496350365,4,CMGC,CDK,CDK4,CDK6
CDK,-3.4966666666666666,3,KRSA,0.9635036496350365,4,CMGC,CDK,CDK7,CDK7
CDK,-3.4966666666666666,3,KRSA,0.9635036496350365,4,CMGC,CDK,CDK8,CDK8
CDK,-3.4966666666666666,3,KRSA,0.9635036496350365,4,CMGC,CDK,CDK9,CDK9
CDK,-3.4966666666666666,3,KRSA,0.9635036496350365,4,NA,NA,NA,CDK11A
CDK,-3.4966666666666666,3,KRSA,0.9635036496350365,4,NA,NA,NA,CDK11B
NMO,-2.444166666666667,9,KRSA,0.8884254431699687,4,CMGC,MAPK,NMO,NLK
ERK,-2.7983333333333333,6,KRSA,0.9259645464025026,4,CMGC,MAPK,ERK1,MAPK1
ERK,-2.7983333333333333,6,KRSA,0.9259645464025026,4,CMGC,MAPK,ERK7,MAPK15
ERK,-2.7983333333333333,6,KRSA,0.9259645464025026,4,CMGC,MAPK,ERK1,MAPK3
ERK,-2.7983333333333333,6,KRSA,0.9259645464025026,4,CMGC,MAPK,ERK3,MAPK4
ERK,-2.7983333333333333,6,KRSA,0.9259645464025026,4,CMGC,MAPK,ERK3,MAPK6
ERK,-2.7983333333333333,6,KRSA,0.9259645464025026,4,CMGC,MAPK,ERK5,MAPK7
PHK,-2.5658333333333334,7,KRSA,0.913451511991658,4,CAMK,PHK,PHK,PHKG1
PHK,-2.5658333333333334,7,KRSA,0.913451511991658,4,CAMK,PHK,PHK,PHKG2
PLK,-2.9066666666666667,4,KRSA,0.9509906152241918,4,NA,NA,NA,PLK5
PLK,-2.9066666666666667,4,KRSA,0.9509906152241918,4,OTHER,PLK,PLK1,PLK1
PLK,-2.9066666666666667,4,KRSA,0.9509906152241918,4,OTHER,PLK,PLK2,PLK2
PLK,-2.9066666666666667,4,KRSA,0.9509906152241918,4,OTHER,PLK,PLK2,PLK3
PLK,-2.9066666666666667,4,KRSA,0.9509906152241918,4,OTHER,PLK,SAK,PLK4
PDHK,-2.565,8,KRSA,0.9009384775808134,4,ATYPICAL,PDHK,BCKDK,BCKDK
PDHK,-2.565,8,KRSA,0.9009384775808134,4,ATYPICAL,PDHK,PDHK,PDK2
PDHK,-2.565,8,KRSA,0.9009384775808134,4,ATYPICAL,PDHK,PDHK,PDK3
PDHK,-2.565,8,KRSA,0.9009384775808134,4,ATYPICAL,PDHK,PDHK,PDK4
STE7,-2.35,11,KRSA,0.8633993743482794,4,STE,STE7,MEK1,MAP2K1
STE7,-2.35,11,KRSA,0.8633993743482794,4,STE,STE7,MEK1,MAP2K2
STE7,-2.35,11,KRSA,0.8633993743482794,4,STE,STE7,MEK3,MAP2K3
STE7,-2.35,11,KRSA,0.8633993743482794,4,STE,STE7,MEK4,MAP2K4
STE7,-2.35,11,KRSA,0.8633993743482794,4,STE,STE7,MEK5,MAP2K5
STE7,-2.35,11,KRSA,0.8633993743482794,4,STE,STE7,MEK3,MAP2K6
STE7,-2.35,11,KRSA,0.8633993743482794,4,STE,STE7,MEK7,MAP2K7
CK1,-2.0633333333333335,12,KRSA,0.8508863399374348,4,CK1,CK1,CK1-A,CSNK1A1
CK1,-2.0633333333333335,12,KRSA,0.8508863399374348,4,CK1,CK1,CK1-A,CSNK1A1L
CK1,-2.0633333333333335,12,KRSA,0.8508863399374348,4,CK1,CK1,CK1-D,CSNK1D
CK1,-2.0633333333333335,12,KRSA,0.8508863399374348,4,CK1,CK1,CK1-D,CSNK1E
CK1,-2.0633333333333335,12,KRSA,0.8508863399374348,4,CK1,CK1,CK1-G,CSNK1G1
CK1,-2.0633333333333335,12,KRSA,0.8508863399374348,4,CK1,CK1,CK1-G,CSNK1G2
CK1,-2.0633333333333335,12,KRSA,0.8508863399374348,4,CK1,CK1,CK1-G,CSNK1G3
CK1,-2.0633333333333335,12,KRSA,0.8508863399374348,4,CK1,TTBK,TTBK,TTBK1
CK1,-2.0633333333333335,12,KRSA,0.8508863399374348,4,CK1,TTBK,TTBK,TTBK2
CK1,-2.0633333333333335,12,KRSA,0.8508863399374348,4,CK1,VRK,VRK,VRK3
DYRK,-2.3608333333333333,10,KRSA,0.8759124087591241,4,CMGC,DYRK,DYRK1,DYRK1A
DYRK,-2.3608333333333333,10,KRSA,0.8759124087591241,4,CMGC,DYRK,DYRK1,DYRK1B
DYRK,-2.3608333333333333,10,KRSA,0.8759124087591241,4,CMGC,DYRK,DYRK2,DYRK2
DYRK,-2.3608333333333333,10,KRSA,0.8759124087591241,4,CMGC,DYRK,DYRK2,DYRK3
DYRK,-2.3608333333333333,10,KRSA,0.8759124087591241,4,CMGC,DYRK,DYRK2,DYRK4
DYRK,-2.3608333333333333,10,KRSA,0.8759124087591241,4,CMGC,DYRK,HIPK,HIPK1
DYRK,-2.3608333333333333,10,KRSA,0.8759124087591241,4,CMGC,DYRK,HIPK,HIPK2
DYRK,-2.3608333333333333,10,KRSA,0.8759124087591241,4,CMGC,DYRK,HIPK,HIPK3
DYRK,-2.3608333333333333,10,KRSA,0.8759124087591241,4,CMGC,DYRK,HIPK,HIPK4
DYRK,-2.3608333333333333,10,KRSA,0.8759124087591241,4,CMGC,DYRK,PRP4,PRPF4B
PDK1,-2.8158333333333334,5,KRSA,0.9384775808133472,4,ATYPICAL,PDHK,PDHK,PDK1
PDK1,-2.8158333333333334,5,KRSA,0.9384775808133472,4,AGC,PDK1,PDK1,PDPK1
JNK,-1.945,13,KRSA,0.8383733055265902,4,CMGC,MAPK,JNK,MAPK10
JNK,-1.945,13,KRSA,0.8383733055265902,4,CMGC,MAPK,JNK,MAPK8
JNK,-1.945,13,KRSA,0.8383733055265902,4,CMGC,MAPK,JNK,MAPK9
P38,-1.9233333333333331,14,KRSA,0.8258602711157456,4,CMGC,MAPK,P38,MAPK11
P38,-1.9233333333333331,14,KRSA,0.8258602711157456,4,CMGC,MAPK,P38,MAPK12
P38,-1.9233333333333331,14,KRSA,0.8258602711157456,4,CMGC,MAPK,P38,MAPK13
P38,-1.9233333333333331,14,KRSA,0.8258602711157456,4,CMGC,MAPK,P38,MAPK14
DMPK,-1.875,15,KRSA,0.8133472367049009,4,AGC,DMPK,GEK,CDC42BPA
DMPK,-1.875,15,KRSA,0.8133472367049009,4,AGC,DMPK,GEK,CDC42BPB
DMPK,-1.875,15,KRSA,0.8133472367049009,4,AGC,DMPK,GEK,CDC42BPG
DMPK,-1.875,15,KRSA,0.8133472367049009,4,AGC,DMPK,CRIK,CIT
DMPK,-1.875,15,KRSA,0.8133472367049009,4,AGC,DMPK,GEK,DMPK
DMPK,-1.875,15,KRSA,0.8133472367049009,4,AGC,DMPK,ROCK,ROCK1
DMPK,-1.875,15,KRSA,0.8133472367049009,4,AGC,DMPK,ROCK,ROCK2
SGK,0.5308333333333334,51,KRSA,0.32533889468196037,2,AGC,SGK,SGK,SGK1
SGK,0.5308333333333334,51,KRSA,0.32533889468196037,2,AGC,SGK,SGK,SGK2
SGK,0.5308333333333334,51,KRSA,0.32533889468196037,2,AGC,SGK,SGK,SGK3
MLCK,0.3958333333333333,56,KRSA,0.26277372262773724,2,CAMK,MLCK,MLCK,MYLK
MLCK,0.3958333333333333,56,KRSA,0.26277372262773724,2,CAMK,MLCK,MLCK,MYLK2
MLCK,0.3958333333333333,56,KRSA,0.26277372262773724,2,CAMK,MLCK,MLCK,TTN
QIK,-1.8483333333333336,16,KRSA,0.8008342022940563,4,CAMK,CAMKL,QIK,SIK1
QIK,-1.8483333333333336,16,KRSA,0.8008342022940563,4,CAMK,CAMKL,QIK,SIK2
RSK,-0.8099999999999999,41,KRSA,0.4504692387904067,2,AGC,RSK,RSK,RPS6KA1
RSK,-0.8099999999999999,41,KRSA,0.4504692387904067,2,AGC,RSK,RSK,RPS6KA2
RSK,-0.8099999999999999,41,KRSA,0.4504692387904067,2,AGC,RSK,RSK,RPS6KA3
RSK,-0.8099999999999999,41,KRSA,0.4504692387904067,2,AGC,RSK,MSK,RPS6KA4
RSK,-0.8099999999999999,41,KRSA,0.4504692387904067,2,AGC,RSK,MSK,RPS6KA5
RSK,-0.8099999999999999,41,KRSA,0.4504692387904067,2,AGC,RSK,RSK,RPS6KA6
RSK,-0.8099999999999999,41,KRSA,0.4504692387904067,2,AGC,RSK,P70,RPS6KB1
RSK,-0.8099999999999999,41,KRSA,0.4504692387904067,2,AGC,RSK,P70,RPS6KB2
PKD,-1.1025,28,KRSA,0.6256517205422315,3,CAMK,PKD,PKD,PRKD1
PKD,-1.1025,28,KRSA,0.6256517205422315,3,CAMK,PKD,PKD,PRKD2
PKD,-1.1025,28,KRSA,0.6256517205422315,3,CAMK,PKD,PKD,PRKD3
PAKA,-1.3,23,KRSA,0.7007299270072993,3,STE,STE20,PAKA,PAK1
PAKA,-1.3,23,KRSA,0.7007299270072993,3,STE,STE20,PAKA,PAK2
PAKA,-1.3,23,KRSA,0.7007299270072993,3,STE,STE20,PAKA,PAK3
PKN,-0.9216666666666666,32,KRSA,0.5755995828988529,3,AGC,PKN,PKN,PKN1
PKN,-0.9216666666666666,32,KRSA,0.5755995828988529,3,AGC,PKN,PKN,PKN2
PKN,-0.9216666666666666,32,KRSA,0.5755995828988529,3,AGC,PKN,PKN,PKN3
TLK,-1.2891666666666666,24,KRSA,0.67570385818561,3,OTHER,TLK,TLK,TLK1
TLK,-1.2891666666666666,24,KRSA,0.67570385818561,3,OTHER,TLK,TLK,TLK2
TTK,-1.3,23,KRSA,0.7007299270072993,3,OTHER,TTK,TTK,TTK
FRAY,-1.5658333333333334,17,KRSA,0.7883211678832117,4,STE,STE20,FRAY,OXSR1
FRAY,-1.5658333333333334,17,KRSA,0.7883211678832117,4,STE,STE20,FRAY,STK39
CAMK1,1.5016666666666667,19,KRSA,0.7632950990615224,4,CAMK,CAMK1,CAMK1,CAMK1
CAMK1,1.5016666666666667,19,KRSA,0.7632950990615224,4,CAMK,CAMK1,CAMK1,CAMK1D
CAMK1,1.5016666666666667,19,KRSA,0.7632950990615224,4,CAMK,CAMK1,CAMK1,CAMK1G
CAMK1,1.5016666666666667,19,KRSA,0.7632950990615224,4,CAMK,CAMK1,CAMK1,CAMK4
CAMK1,1.5016666666666667,19,KRSA,0.7632950990615224,4,CAMK,CAMK1,CAMK1,PNCK
BARK2,0.7916666666666666,44,KRSA,0.4129301355578728,2,AGC,GRK,BARK,GRK3
NUAK,-1.2766666666666666,25,KRSA,0.6631908237747653,3,CAMK,CAMKL,NUAK,NUAK1
NUAK,-1.2766666666666666,25,KRSA,0.6631908237747653,3,CAMK,CAMKL,NUAK,NUAK2
RAF,-1.2366666666666666,26,KRSA,0.6506777893639207,3,TKL,RAF,RAF,ARAF
RAF,-1.2366666666666666,26,KRSA,0.6506777893639207,3,TKL,RAF,RAF,BRAF
RAF,-1.2366666666666666,26,KRSA,0.6506777893639207,3,TKL,RAF,KSR,KSR1
RAF,-1.2366666666666666,26,KRSA,0.6506777893639207,3,TKL,RAF,KSR,KSR2
RAF,-1.2366666666666666,26,KRSA,0.6506777893639207,3,TKL,RAF,RAF,RAF1
LKB,-1.524166666666667,18,KRSA,0.7758081334723671,4,CAMK,CAMKL,LKB,STK11
ATM,-1.211666666666667,27,KRSA,0.6381647549530761,3,ATYPICAL,PIKK,ATM,ATM
BUD32,-0.9133333333333332,33,KRSA,0.5630865484880083,3,OTHER,BUD32,BUD32,TP53RK
CLK,-0.8908333333333334,38,KRSA,0.4880083420229406,2,CMGC,CLK,CLK,CLK1
CLK,-0.8908333333333334,38,KRSA,0.4880083420229406,2,CMGC,CLK,CLK,CLK2
CLK,-0.8908333333333334,38,KRSA,0.4880083420229406,2,CMGC,CLK,CLK,CLK3
CLK,-0.8908333333333334,38,KRSA,0.4880083420229406,2,CMGC,CLK,CLK,CLK4
WNK,-0.9058333333333334,34,KRSA,0.5505735140771637,3,OTHER,WNK,WNK,WNK1
WNK,-0.9058333333333334,34,KRSA,0.5505735140771637,3,OTHER,WNK,WNK,WNK2
WNK,-0.9058333333333334,34,KRSA,0.5505735140771637,3,OTHER,WNK,WNK,WNK3
WNK,-0.9058333333333334,34,KRSA,0.5505735140771637,3,OTHER,WNK,WNK,WNK4
ULK,-0.8966666666666667,37,KRSA,0.5130344108446299,3,OTHER,ULK,FUSED,STK36
ULK,-0.8966666666666667,37,KRSA,0.5130344108446299,3,OTHER,ULK,ULK,ULK1
ULK,-0.8966666666666667,37,KRSA,0.5130344108446299,3,OTHER,ULK,ULK,ULK2
ULK,-0.8966666666666667,37,KRSA,0.5130344108446299,3,OTHER,ULK,ULK,ULK3
ULK,-0.8966666666666667,37,KRSA,0.5130344108446299,3,OTHER,ULK,ULK,ULK4
CAMKK,-0.9033333333333332,35,KRSA,0.5380604796663191,3,OTHER,CAMKK,META,CAMKK1
CAMKK,-0.9033333333333332,35,KRSA,0.5380604796663191,3,OTHER,CAMKK,META,CAMKK2
NIK,-0.9008333333333334,36,KRSA,0.5255474452554745,3,STE,STE-UNIQUE,STE-UNIQUE,MAP3K14
CK2,-1.05,30,KRSA,0.6006256517205423,3,CMGC,CK2,CK2,CSNK2A1
CK2,-1.05,30,KRSA,0.6006256517205423,3,CMGC,CK2,CK2,CSNK2A2
CK2,-1.05,30,KRSA,0.6006256517205423,3,NA,NA,NA,CSNK2A3
PKCH,-0.195,70,KRSA,0.08759124087591241,1,AGC,PKC,ETA,PRKCE
PKCH,-0.195,70,KRSA,0.08759124087591241,1,AGC,PKC,ETA,PRKCH
PRKDC,-1.2891666666666666,24,KRSA,0.67570385818561,3,ATYPICAL,PIKK,DNAPK,PRKDC
RAD53,-0.13416666666666663,75,KRSA,0.02502606882168926,1,CAMK,RAD53,RAD53,CHEK2
IRAK,-0.4916666666666667,53,KRSA,0.30031282586027114,2,TKL,IRAK,IRAK,IRAK1
IRAK,-0.4916666666666667,53,KRSA,0.30031282586027114,2,TKL,IRAK,IRAK,IRAK2
IRAK,-0.4916666666666667,53,KRSA,0.30031282586027114,2,TKL,IRAK,IRAK,IRAK3
IRAK,-0.4916666666666667,53,KRSA,0.30031282586027114,2,TKL,IRAK,IRAK,IRAK4
MELK,-0.13749999999999998,73,KRSA,0.05005213764337852,1,CAMK,CAMKL,MELK,MELK
SLK,0.13416666666666668,74,KRSA,0.03753910323253389,1,STE,STE20,SLK,SLK
SLK,0.13416666666666668,74,KRSA,0.03753910323253389,1,STE,STE20,SLK,STK10
MOS,0.65,49,KRSA,0.35036496350364965,2,OTHER,MOS,MOS,MOS
BRSK,1.3283333333333334,20,KRSA,0.7507820646506778,4,CAMK,CAMKL,BRSK,BRSK1
BRSK,1.3283333333333334,20,KRSA,0.7507820646506778,4,CAMK,CAMKL,BRSK,BRSK2
TAO,-0.21916666666666668,69,KRSA,0.10010427528675704,1,STE,STE20,TAO,TAOK1
TAO,-0.21916666666666668,69,KRSA,0.10010427528675704,1,STE,STE20,TAO,TAOK2
TAO,-0.21916666666666668,69,KRSA,0.10010427528675704,1,STE,STE20,TAO,TAOK3
PASK,0.4941666666666667,52,KRSA,0.31282586027111575,2,CAMK,CAMKL,PASK,PASK
IKK,-0.7975,43,KRSA,0.4254431699687174,2,OTHER,IKK,IKK,CHUK
IKK,-0.7975,43,KRSA,0.4254431699687174,2,OTHER,IKK,IKK,IKBKB
IKK,-0.7975,43,KRSA,0.4254431699687174,2,OTHER,IKK,IKK,IKBKE
IKK,-0.7975,43,KRSA,0.4254431699687174,2,OTHER,IKK,IKK,TBK1
KHS,0.485,54,KRSA,0.28779979144942647,2,STE,STE20,KHS,MAP4K1
KHS,0.485,54,KRSA,0.28779979144942647,2,STE,STE20,KHS,MAP4K2
KHS,0.485,54,KRSA,0.28779979144942647,2,STE,STE20,KHS,MAP4K3
KHS,0.485,54,KRSA,0.28779979144942647,2,STE,STE20,KHS,MAP4K5
STKR,0.27416666666666667,65,KRSA,0.15015641293013557,1,TKL,STKR,TYPE1,ACVR1
STKR,0.27416666666666667,65,KRSA,0.15015641293013557,1,TKL,STKR,TYPE1,ACVR1B
STKR,0.27416666666666667,65,KRSA,0.15015641293013557,1,TKL,STKR,TYPE1,ACVR1C
STKR,0.27416666666666667,65,KRSA,0.15015641293013557,1,TKL,STKR,TYPE2,ACVR2A
STKR,0.27416666666666667,65,KRSA,0.15015641293013557,1,TKL,STKR,TYPE2,ACVR2B
STKR,0.27416666666666667,65,KRSA,0.15015641293013557,1,TKL,STKR,TYPE1,ACVRL1
STKR,0.27416666666666667,65,KRSA,0.15015641293013557,1,TKL,STKR,TYPE2,AMHR2
STKR,0.27416666666666667,65,KRSA,0.15015641293013557,1,TKL,STKR,TYPE1,BMPR1A
STKR,0.27416666666666667,65,KRSA,0.15015641293013557,1,TKL,STKR,TYPE1,BMPR1B
STKR,0.27416666666666667,65,KRSA,0.15015641293013557,1,TKL,STKR,TYPE2,BMPR2
STKR,0.27416666666666667,65,KRSA,0.15015641293013557,1,TKL,STKR,TYPE1,TGFBR1
STKR,0.27416666666666667,65,KRSA,0.15015641293013557,1,TKL,STKR,TYPE2,TGFBR2
MTOR,-0.8025,42,KRSA,0.43795620437956206,2,ATYPICAL,PIKK,FRAP,MTOR
VRK1,-0.8908333333333334,38,KRSA,0.4880083420229406,2,CK1,VRK,VRK,VRK1
MSN,0.10583333333333332,76,KRSA,0.01251303441084463,1,STE,STE20,MSN,MAP4K4
MSN,0.10583333333333332,76,KRSA,0.01251303441084463,1,STE,STE20,MSN,NRK
MSN,0.10583333333333332,76,KRSA,0.01251303441084463,1,STE,STE20,MSN,TNIK
CAMK2,-0.26499999999999996,68,KRSA,0.11261730969760167,1,CAMK,CAMK2,CAMK2,CAMK2A
CAMK2,-0.26499999999999996,68,KRSA,0.11261730969760167,1,CAMK,CAMK2,CAMK2,CAMK2B
CAMK2,-0.26499999999999996,68,KRSA,0.11261730969760167,1,CAMK,CAMK2,CAMK2,CAMK2D
CAMK2,-0.26499999999999996,68,KRSA,0.11261730969760167,1,CAMK,CAMK2,CAMK2,CAMK2G
ATR,-1.0583333333333331,29,KRSA,0.6131386861313869,3,ATYPICAL,PIKK,ATR,ATR
PKCD,-0.2675,67,KRSA,0.1251303441084463,1,AGC,PKC,DELTA,PRKCD
PKCD,-0.2675,67,KRSA,0.1251303441084463,1,AGC,PKC,DELTA,PRKCQ
NDR,-0.8741666666666666,39,KRSA,0.4754953076120959,2,AGC,NDR,NDR,LATS1
NDR,-0.8741666666666666,39,KRSA,0.4754953076120959,2,AGC,NDR,NDR,LATS2
NDR,-0.8741666666666666,39,KRSA,0.4754953076120959,2,AGC,NDR,NDR,STK38
NDR,-0.8741666666666666,39,KRSA,0.4754953076120959,2,AGC,NDR,NDR,STK38L
AUR,-0.3675000000000001,58,KRSA,0.23774765380604795,1,OTHER,AUR,AUR,AURKA
AUR,-0.3675000000000001,58,KRSA,0.23774765380604795,1,OTHER,AUR,AUR,AURKB
AUR,-0.3675000000000001,58,KRSA,0.23774765380604795,1,OTHER,AUR,AUR,AURKC
DAPK,-0.835,40,KRSA,0.4629822732012513,2,CAMK,DAPK,DAPK,DAPK1
DAPK,-0.835,40,KRSA,0.4629822732012513,2,CAMK,DAPK,DAPK,DAPK2
DAPK,-0.835,40,KRSA,0.4629822732012513,2,CAMK,DAPK,DAPK,DAPK3
DAPK,-0.835,40,KRSA,0.4629822732012513,2,CAMK,DAPK,DRAK,STK17A
DAPK,-0.835,40,KRSA,0.4629822732012513,2,CAMK,DAPK,DRAK,STK17B
PKA,0.7558333333333334,45,KRSA,0.40041710114702816,2,AGC,PKA,PKA,PRKACA
PKA,0.7558333333333334,45,KRSA,0.40041710114702816,2,AGC,PKA,PKA,PRKACB
PKA,0.7558333333333334,45,KRSA,0.40041710114702816,2,AGC,PKA,PKA,PRKACG
PKA,0.7558333333333334,45,KRSA,0.40041710114702816,2,AGC,PKA,PKA,PRKX
PKA,0.7558333333333334,45,KRSA,0.40041710114702816,2,AGC,PKA,PKA,PRKY
GRK,-0.35416666666666663,59,KRSA,0.22523461939520334,1,AGC,GRK,GRK,GRK1
GRK,-0.35416666666666663,59,KRSA,0.22523461939520334,1,AGC,GRK,GRK,GRK4
GRK,-0.35416666666666663,59,KRSA,0.22523461939520334,1,AGC,GRK,GRK,GRK5
GRK,-0.35416666666666663,59,KRSA,0.22523461939520334,1,AGC,GRK,GRK,GRK6
GRK,-0.35416666666666663,59,KRSA,0.22523461939520334,1,AGC,GRK,GRK,GRK7
CHK1,0.29333333333333333,64,KRSA,0.16266944734098018,1,CAMK,CAMKL,CHK1,CHEK1
STE11,-0.5483333333333332,50,KRSA,0.337851929092805,2,TKL,MLK,TAK1,MAP3K7
STE11,-0.5483333333333332,50,KRSA,0.337851929092805,2,STE,STE11,MEKK1,MAP3K1
STE11,-0.5483333333333332,50,KRSA,0.337851929092805,2,STE,STE11,ASK,MAP3K15
STE11,-0.5483333333333332,50,KRSA,0.337851929092805,2,STE,STE11,MEKK2,MAP3K2
STE11,-0.5483333333333332,50,KRSA,0.337851929092805,2,STE,STE11,MEKK2,MAP3K3
STE11,-0.5483333333333332,50,KRSA,0.337851929092805,2,STE,STE11,MEKK4,MAP3K4
STE11,-0.5483333333333332,50,KRSA,0.337851929092805,2,STE,STE11,ASK,MAP3K5
STE11,-0.5483333333333332,50,KRSA,0.337851929092805,2,STE,STE11,ASK,MAP3K6
NEK,-0.6808333333333333,47,KRSA,0.3753910323253389,2,OTHER,NEK,NEK11,NEK11
NEK,-0.6808333333333333,47,KRSA,0.3753910323253389,2,OTHER,NEK,NEK2,NEK2
NEK,-0.6808333333333333,47,KRSA,0.3753910323253389,2,OTHER,NEK,NEK1,NEK3
NEK,-0.6808333333333333,47,KRSA,0.3753910323253389,2,OTHER,NEK,NEK4,NEK4
NEK,-0.6808333333333333,47,KRSA,0.3753910323253389,2,OTHER,NEK,NEK1,NEK5
NEK,-0.6808333333333333,47,KRSA,0.3753910323253389,2,OTHER,NEK,NEK6,NEK6
NEK,-0.6808333333333333,47,KRSA,0.3753910323253389,2,OTHER,NEK,NEK6,NEK7
NEK,-0.6808333333333333,47,KRSA,0.3753910323253389,2,OTHER,NEK,NEK8,NEK8
NEK,-0.6808333333333333,47,KRSA,0.3753910323253389,2,OTHER,NEK,NEK8,NEK9
GSK,-0.7283333333333333,46,KRSA,0.38790406673618355,2,CMGC,GSK,GSK,GSK3A
GSK,-0.7283333333333333,46,KRSA,0.38790406673618355,2,CMGC,GSK,GSK,GSK3B
PKG,0.6633333333333333,48,KRSA,0.36287799791449427,2,AGC,PKG,PKG,PRKG1
PKG,0.6633333333333333,48,KRSA,0.36287799791449427,2,AGC,PKG,PKG,PRKG2
PIM,-0.9233333333333332,31,KRSA,0.5881126173096975,3,CAMK,PIM,PIM,PIM1
PIM,-0.9233333333333332,31,KRSA,0.5881126173096975,3,CAMK,PIM,PIM,PIM2
PIM,-0.9233333333333332,31,KRSA,0.5881126173096975,3,CAMK,PIM,PIM,PIM3
AMPK,-0.18416666666666665,71,KRSA,0.07507820646506778,1,CAMK,CAMKL,AMPK,PRKAA1
AMPK,-0.18416666666666665,71,KRSA,0.07507820646506778,1,CAMK,CAMKL,AMPK,PRKAA2
NAK,-0.26833333333333337,66,KRSA,0.13764337851929093,1,OTHER,NAK,BIKE,AAK1
NAK,-0.26833333333333337,66,KRSA,0.13764337851929093,1,OTHER,NAK,BIKE,BMP2K
NAK,-0.26833333333333337,66,KRSA,0.13764337851929093,1,OTHER,NAK,GAK,GAK
NAK,-0.26833333333333337,66,KRSA,0.13764337851929093,1,OTHER,NAK,MPSK,STK16
MAPKAPK,-0.3516666666666667,60,KRSA,0.2127215849843587,1,CAMK,MAPKAPK,MAPKAPK,MAPKAPK2
MAPKAPK,-0.3516666666666667,60,KRSA,0.2127215849843587,1,CAMK,MAPKAPK,MAPKAPK,MAPKAPK3
MAPKAPK,-0.3516666666666667,60,KRSA,0.2127215849843587,1,CAMK,MAPKAPK,MAPKAPK,MAPKAPK5
MAPKAPK,-0.3516666666666667,60,KRSA,0.2127215849843587,1,CAMK,MAPKAPK,MNK,MKNK1
MAPKAPK,-0.3516666666666667,60,KRSA,0.2127215849843587,1,CAMK,MAPKAPK,MNK,MKNK2
HAL,0.3016666666666666,63,KRSA,0.17518248175182483,1,RGC,RGC,RGC,NPR1
COT,-0.1675,72,KRSA,0.06256517205422316,1,STE,STE-UNIQUE,STE-UNIQUE,MAP3K8
PAKB,-0.41583333333333333,55,KRSA,0.27528675703858185,2,STE,STE20,PAKB,PAK4
PAKB,-0.41583333333333333,55,KRSA,0.27528675703858185,2,STE,STE20,PAKB,PAK5
PAKB,-0.41583333333333333,55,KRSA,0.27528675703858185,2,STE,STE20,PAKB,PAK6
AKT,-0.3366666666666667,62,KRSA,0.18769551616266944,1,AGC,AKT,AKT,AKT1
AKT,-0.3366666666666667,62,KRSA,0.18769551616266944,1,AGC,AKT,AKT,AKT2
AKT,-0.3366666666666667,62,KRSA,0.18769551616266944,1,AGC,AKT,AKT,AKT3
PKCI,-0.3933333333333333,57,KRSA,0.2502606882168926,2,AGC,PKC,IOTA,PRKCI
PKCI,-0.3933333333333333,57,KRSA,0.2502606882168926,2,AGC,PKC,IOTA,PRKCZ
RIPK,0.05999999999999998,77,KRSA,0,1,TKL,RIPK,RIPK,ANKK1
RIPK,0.05999999999999998,77,KRSA,0,1,TKL,RIPK,RIPK,RIPK1
RIPK,0.05999999999999998,77,KRSA,0,1,TKL,RIPK,RIPK,RIPK2
RIPK,0.05999999999999998,77,KRSA,0,1,TKL,RIPK,RIPK,RIPK3
RIPK,0.05999999999999998,77,KRSA,0,1,TKL,RIPK,RIPK,RIPK4
MST,-1.3266666666666669,21,KRSA,0.7382690302398331,3,STE,STE20,MST,STK3
MST,-1.3266666666666669,21,KRSA,0.7382690302398331,3,STE,STE20,MST,STK4
MLK,-0.3433333333333334,61,KRSA,0.20020855057351408,1,TKL,MLK,ILK,ILK
MLK,-0.3433333333333334,61,KRSA,0.20020855057351408,1,TKL,MLK,MLK,MAP3K10
MLK,-0.3433333333333334,61,KRSA,0.20020855057351408,1,TKL,MLK,MLK,MAP3K11
MLK,-0.3433333333333334,61,KRSA,0.20020855057351408,1,TKL,MLK,LZK,MAP3K12
MLK,-0.3433333333333334,61,KRSA,0.20020855057351408,1,TKL,MLK,LZK,MAP3K13
MLK,-0.3433333333333334,61,KRSA,0.20020855057351408,1,TKL,MLK,MLK,MAP3K9
MLK,-0.3433333333333334,61,KRSA,0.20020855057351408,1,TKL,MLK,HH498,TNNI3K
PKCA,-4.91,1,KRSA,0.9885297184567258,4,AGC,PKC,ALPHA,PRKCA
PKCA,-4.91,1,KRSA,0.9885297184567258,4,AGC,PKC,ALPHA,PRKCB
PKCA,-4.91,1,KRSA,0.9885297184567258,4,AGC,PKC,ALPHA,PRKCG
PEK,-3.924166666666667,2,KRSA,0.9760166840458812,4,OTHER,PEK,HRI,EIF2AK1
PEK,-3.924166666666667,2,KRSA,0.9760166840458812,4,OTHER,PEK,PKR,EIF2AK2
PEK,-3.924166666666667,2,KRSA,0.9760166840458812,4,OTHER,PEK,PEK,EIF2AK3
PEK,-3.924166666666667,2,KRSA,0.9760166840458812,4,OTHER,PEK,GCN2,EIF2AK4
CK1,-2.0633333333333335,12,KRSA,0.8508863399374348,4,CK1,CK1,CK1-A,CSNK1A1
CK1,-2.0633333333333335,12,KRSA,0.8508863399374348,4,CK1,CK1,CK1-A,CSNK1A1L
CK1,-2.0633333333333335,12,KRSA,0.8508863399374348,4,CK1,CK1,CK1-D,CSNK1D
CK1,-2.0633333333333335,12,KRSA,0.8508863399374348,4,CK1,CK1,CK1-D,CSNK1E
CK1,-2.0633333333333335,12,KRSA,0.8508863399374348,4,CK1,CK1,CK1-G,CSNK1G1
CK1,-2.0633333333333335,12,KRSA,0.8508863399374348,4,CK1,CK1,CK1-G,CSNK1G2
CK1,-2.0633333333333335,12,KRSA,0.8508863399374348,4,CK1,CK1,CK1-G,CSNK1G3
CK1,-2.0633333333333335,12,KRSA,0.8508863399374348,4,CK1,TTBK,TTBK,TTBK1
CK1,-2.0633333333333335,12,KRSA,0.8508863399374348,4,CK1,TTBK,TTBK,TTBK2
CK1,-2.0633333333333335,12,KRSA,0.8508863399374348,4,CK1,VRK,VRK,VRK3
CDK,-3.4966666666666666,3,KRSA,0.9635036496350365,4,CMGC,CDK,CDC2,CDK1
CDK,-3.4966666666666666,3,KRSA,0.9635036496350365,4,CMGC,CDK,CDK10,CDK10
CDK,-3.4966666666666666,3,KRSA,0.9635036496350365,4,CMGC,CDK,CRK7,CDK12
CDK,-3.4966666666666666,3,KRSA,0.9635036496350365,4,CMGC,CDK,CRK7,CDK13
CDK,-3.4966666666666666,3,KRSA,0.9635036496350365,4,CMGC,CDK,PFTAIRE,CDK14
CDK,-3.4966666666666666,3,KRSA,0.9635036496350365,4,CMGC,CDK,PFTAIRE,CDK15
CDK,-3.4966666666666666,3,KRSA,0.9635036496350365,4,CMGC,CDK,PCTAIRE,CDK16
CDK,-3.4966666666666666,3,KRSA,0.9635036496350365,4,CMGC,CDK,PCTAIRE,CDK17
CDK,-3.4966666666666666,3,KRSA,0.9635036496350365,4,CMGC,CDK,PCTAIRE,CDK18
CDK,-3.4966666666666666,3,KRSA,0.9635036496350365,4,CMGC,CDK,CDK8,CDK19
CDK,-3.4966666666666666,3,KRSA,0.9635036496350365,4,CMGC,CDK,CDC2,CDK2
CDK,-3.4966666666666666,3,KRSA,0.9635036496350365,4,CMGC,CDK,CCRK,CDK20
CDK,-3.4966666666666666,3,KRSA,0.9635036496350365,4,CMGC,CDK,CDC2,CDK3
CDK,-3.4966666666666666,3,KRSA,0.9635036496350365,4,CMGC,CDK,CDK4,CDK4
CDK,-3.4966666666666666,3,KRSA,0.9635036496350365,4,CMGC,CDK,CDK5,CDK5
CDK,-3.4966666666666666,3,KRSA,0.9635036496350365,4,CMGC,CDK,CDK4,CDK6
CDK,-3.4966666666666666,3,KRSA,0.9635036496350365,4,CMGC,CDK,CDK7,CDK7
CDK,-3.4966666666666666,3,KRSA,0.9635036496350365,4,CMGC,CDK,CDK8,CDK8
CDK,-3.4966666666666666,3,KRSA,0.9635036496350365,4,CMGC,CDK,CDK9,CDK9
CDK,-3.4966666666666666,3,KRSA,0.9635036496350365,4,NA,NA,NA,CDK11A
CDK,-3.4966666666666666,3,KRSA,0.9635036496350365,4,NA,NA,NA,CDK11B
CAMK1,1.5016666666666667,19,KRSA,0.7632950990615224,4,CAMK,CAMK1,CAMK1,CAMK1
CAMK1,1.5016666666666667,19,KRSA,0.7632950990615224,4,CAMK,CAMK1,CAMK1,CAMK1D
CAMK1,1.5016666666666667,19,KRSA,0.7632950990615224,4,CAMK,CAMK1,CAMK1,CAMK1G
CAMK1,1.5016666666666667,19,KRSA,0.7632950990615224,4,CAMK,CAMK1,CAMK1,CAMK4
CAMK1,1.5016666666666667,19,KRSA,0.7632950990615224,4,CAMK,CAMK1,CAMK1,PNCK
STE7,-2.35,11,KRSA,0.8633993743482794,4,STE,STE7,MEK1,MAP2K1
STE7,-2.35,11,KRSA,0.8633993743482794,4,STE,STE7,MEK1,MAP2K2
STE7,-2.35,11,KRSA,0.8633993743482794,4,STE,STE7,MEK3,MAP2K3
STE7,-2.35,11,KRSA,0.8633993743482794,4,STE,STE7,MEK4,MAP2K4
STE7,-2.35,11,KRSA,0.8633993743482794,4,STE,STE7,MEK5,MAP2K5
STE7,-2.35,11,KRSA,0.8633993743482794,4,STE,STE7,MEK3,MAP2K6
STE7,-2.35,11,KRSA,0.8633993743482794,4,STE,STE7,MEK7,MAP2K7
PDHK,-2.565,8,KRSA,0.9009384775808134,4,ATYPICAL,PDHK,BCKDK,BCKDK
PDHK,-2.565,8,KRSA,0.9009384775808134,4,ATYPICAL,PDHK,PDHK,PDK2
PDHK,-2.565,8,KRSA,0.9009384775808134,4,ATYPICAL,PDHK,PDHK,PDK3
PDHK,-2.565,8,KRSA,0.9009384775808134,4,ATYPICAL,PDHK,PDHK,PDK4
ERK,-2.7983333333333333,6,KRSA,0.9259645464025026,4,CMGC,MAPK,ERK1,MAPK1
ERK,-2.7983333333333333,6,KRSA,0.9259645464025026,4,CMGC,MAPK,ERK7,MAPK15
ERK,-2.7983333333333333,6,KRSA,0.9259645464025026,4,CMGC,MAPK,ERK1,MAPK3
ERK,-2.7983333333333333,6,KRSA,0.9259645464025026,4,CMGC,MAPK,ERK3,MAPK4
ERK,-2.7983333333333333,6,KRSA,0.9259645464025026,4,CMGC,MAPK,ERK3,MAPK6
ERK,-2.7983333333333333,6,KRSA,0.9259645464025026,4,CMGC,MAPK,ERK5,MAPK7
PRKDC,-1.2891666666666666,24,KRSA,0.67570385818561,3,ATYPICAL,PIKK,DNAPK,PRKDC
NMO,-2.444166666666667,9,KRSA,0.8884254431699687,4,CMGC,MAPK,NMO,NLK
LKB,-1.524166666666667,18,KRSA,0.7758081334723671,4,CAMK,CAMKL,LKB,STK11
PKA,0.7558333333333334,45,KRSA,0.40041710114702816,2,AGC,PKA,PKA,PRKACA
PKA,0.7558333333333334,45,KRSA,0.40041710114702816,2,AGC,PKA,PKA,PRKACB
PKA,0.7558333333333334,45,KRSA,0.40041710114702816,2,AGC,PKA,PKA,PRKACG
PKA,0.7558333333333334,45,KRSA,0.40041710114702816,2,AGC,PKA,PKA,PRKX
PKA,0.7558333333333334,45,KRSA,0.40041710114702816,2,AGC,PKA,PKA,PRKY
PLK,-2.9066666666666667,4,KRSA,0.9509906152241918,4,NA,NA,NA,PLK5
PLK,-2.9066666666666667,4,KRSA,0.9509906152241918,4,OTHER,PLK,PLK1,PLK1
PLK,-2.9066666666666667,4,KRSA,0.9509906152241918,4,OTHER,PLK,PLK2,PLK2
PLK,-2.9066666666666667,4,KRSA,0.9509906152241918,4,OTHER,PLK,PLK2,PLK3
PLK,-2.9066666666666667,4,KRSA,0.9509906152241918,4,OTHER,PLK,SAK,PLK4
QIK,-1.8483333333333336,16,KRSA,0.8008342022940563,4,CAMK,CAMKL,QIK,SIK1
QIK,-1.8483333333333336,16,KRSA,0.8008342022940563,4,CAMK,CAMKL,QIK,SIK2
ATR,-1.0583333333333331,29,KRSA,0.6131386861313869,3,ATYPICAL,PIKK,ATR,ATR
VRK1,-0.8908333333333334,38,KRSA,0.4880083420229406,2,CK1,VRK,VRK,VRK1
PDK1,-2.8158333333333334,5,KRSA,0.9384775808133472,4,ATYPICAL,PDHK,PDHK,PDK1
PDK1,-2.8158333333333334,5,KRSA,0.9384775808133472,4,AGC,PDK1,PDK1,PDPK1
CK2,-1.05,30,KRSA,0.6006256517205423,3,CMGC,CK2,CK2,CSNK2A1
CK2,-1.05,30,KRSA,0.6006256517205423,3,CMGC,CK2,CK2,CSNK2A2
CK2,-1.05,30,KRSA,0.6006256517205423,3,NA,NA,NA,CSNK2A3
CHK1,0.29333333333333333,64,KRSA,0.16266944734098018,1,CAMK,CAMKL,CHK1,CHEK1
NEK,-0.6808333333333333,47,KRSA,0.3753910323253389,2,OTHER,NEK,NEK11,NEK11
NEK,-0.6808333333333333,47,KRSA,0.3753910323253389,2,OTHER,NEK,NEK2,NEK2
NEK,-0.6808333333333333,47,KRSA,0.3753910323253389,2,OTHER,NEK,NEK1,NEK3
NEK,-0.6808333333333333,47,KRSA,0.3753910323253389,2,OTHER,NEK,NEK4,NEK4
NEK,-0.6808333333333333,47,KRSA,0.3753910323253389,2,OTHER,NEK,NEK1,NEK5
NEK,-0.6808333333333333,47,KRSA,0.3753910323253389,2,OTHER,NEK,NEK6,NEK6
NEK,-0.6808333333333333,47,KRSA,0.3753910323253389,2,OTHER,NEK,NEK6,NEK7
NEK,-0.6808333333333333,47,KRSA,0.3753910323253389,2,OTHER,NEK,NEK8,NEK8
NEK,-0.6808333333333333,47,KRSA,0.3753910323253389,2,OTHER,NEK,NEK8,NEK9
PASK,0.4941666666666667,52,KRSA,0.31282586027111575,2,CAMK,CAMKL,PASK,PASK
MOS,0.65,49,KRSA,0.35036496350364965,2,OTHER,MOS,MOS,MOS
AUR,-0.3675000000000001,58,KRSA,0.23774765380604795,1,OTHER,AUR,AUR,AURKA
AUR,-0.3675000000000001,58,KRSA,0.23774765380604795,1,OTHER,AUR,AUR,AURKB
AUR,-0.3675000000000001,58,KRSA,0.23774765380604795,1,OTHER,AUR,AUR,AURKC
KHS,0.485,54,KRSA,0.28779979144942647,2,STE,STE20,KHS,MAP4K1
KHS,0.485,54,KRSA,0.28779979144942647,2,STE,STE20,KHS,MAP4K2
KHS,0.485,54,KRSA,0.28779979144942647,2,STE,STE20,KHS,MAP4K3
KHS,0.485,54,KRSA,0.28779979144942647,2,STE,STE20,KHS,MAP4K5
BRSK,1.3283333333333334,20,KRSA,0.7507820646506778,4,CAMK,CAMKL,BRSK,BRSK1
BRSK,1.3283333333333334,20,KRSA,0.7507820646506778,4,CAMK,CAMKL,BRSK,BRSK2
PKG,0.6633333333333333,48,KRSA,0.36287799791449427,2,AGC,PKG,PKG,PRKG1
PKG,0.6633333333333333,48,KRSA,0.36287799791449427,2,AGC,PKG,PKG,PRKG2
SLK,0.13416666666666668,74,KRSA,0.03753910323253389,1,STE,STE20,SLK,SLK
SLK,0.13416666666666668,74,KRSA,0.03753910323253389,1,STE,STE20,SLK,STK10
FRAY,-1.5658333333333334,17,KRSA,0.7883211678832117,4,STE,STE20,FRAY,OXSR1
FRAY,-1.5658333333333334,17,KRSA,0.7883211678832117,4,STE,STE20,FRAY,STK39
P38,-1.9233333333333331,14,KRSA,0.8258602711157456,4,CMGC,MAPK,P38,MAPK11
P38,-1.9233333333333331,14,KRSA,0.8258602711157456,4,CMGC,MAPK,P38,MAPK12
P38,-1.9233333333333331,14,KRSA,0.8258602711157456,4,CMGC,MAPK,P38,MAPK13
P38,-1.9233333333333331,14,KRSA,0.8258602711157456,4,CMGC,MAPK,P38,MAPK14
BARK2,0.7916666666666666,44,KRSA,0.4129301355578728,2,AGC,GRK,BARK,GRK3
SGK,0.5308333333333334,51,KRSA,0.32533889468196037,2,AGC,SGK,SGK,SGK1
SGK,0.5308333333333334,51,KRSA,0.32533889468196037,2,AGC,SGK,SGK,SGK2
SGK,0.5308333333333334,51,KRSA,0.32533889468196037,2,AGC,SGK,SGK,SGK3
TTK,-1.3,23,KRSA,0.7007299270072993,3,OTHER,TTK,TTK,TTK
HAL,0.3016666666666666,63,KRSA,0.17518248175182483,1,RGC,RGC,RGC,NPR1
MAPKAPK,-0.3516666666666667,60,KRSA,0.2127215849843587,1,CAMK,MAPKAPK,MAPKAPK,MAPKAPK2
MAPKAPK,-0.3516666666666667,60,KRSA,0.2127215849843587,1,CAMK,MAPKAPK,MAPKAPK,MAPKAPK3
MAPKAPK,-0.3516666666666667,60,KRSA,0.2127215849843587,1,CAMK,MAPKAPK,MAPKAPK,MAPKAPK5
MAPKAPK,-0.3516666666666667,60,KRSA,0.2127215849843587,1,CAMK,MAPKAPK,MNK,MKNK1
MAPKAPK,-0.3516666666666667,60,KRSA,0.2127215849843587,1,CAMK,MAPKAPK,MNK,MKNK2
TLK,-1.2891666666666666,24,KRSA,0.67570385818561,3,OTHER,TLK,TLK,TLK1
TLK,-1.2891666666666666,24,KRSA,0.67570385818561,3,OTHER,TLK,TLK,TLK2
PHK,-2.5658333333333334,7,KRSA,0.913451511991658,4,CAMK,PHK,PHK,PHKG1
PHK,-2.5658333333333334,7,KRSA,0.913451511991658,4,CAMK,PHK,PHK,PHKG2
NAK,-0.26833333333333337,66,KRSA,0.13764337851929093,1,OTHER,NAK,BIKE,AAK1
NAK,-0.26833333333333337,66,KRSA,0.13764337851929093,1,OTHER,NAK,BIKE,BMP2K
NAK,-0.26833333333333337,66,KRSA,0.13764337851929093,1,OTHER,NAK,GAK,GAK
NAK,-0.26833333333333337,66,KRSA,0.13764337851929093,1,OTHER,NAK,MPSK,STK16
PKN,-0.9216666666666666,32,KRSA,0.5755995828988529,3,AGC,PKN,PKN,PKN1
PKN,-0.9216666666666666,32,KRSA,0.5755995828988529,3,AGC,PKN,PKN,PKN2
PKN,-0.9216666666666666,32,KRSA,0.5755995828988529,3,AGC,PKN,PKN,PKN3
COT,-0.1675,72,KRSA,0.06256517205422316,1,STE,STE-UNIQUE,STE-UNIQUE,MAP3K8
DYRK,-2.3608333333333333,10,KRSA,0.8759124087591241,4,CMGC,DYRK,DYRK1,DYRK1A
DYRK,-2.3608333333333333,10,KRSA,0.8759124087591241,4,CMGC,DYRK,DYRK1,DYRK1B
DYRK,-2.3608333333333333,10,KRSA,0.8759124087591241,4,CMGC,DYRK,DYRK2,DYRK2
DYRK,-2.3608333333333333,10,KRSA,0.8759124087591241,4,CMGC,DYRK,DYRK2,DYRK3
DYRK,-2.3608333333333333,10,KRSA,0.8759124087591241,4,CMGC,DYRK,DYRK2,DYRK4
DYRK,-2.3608333333333333,10,KRSA,0.8759124087591241,4,CMGC,DYRK,HIPK,HIPK1
DYRK,-2.3608333333333333,10,KRSA,0.8759124087591241,4,CMGC,DYRK,HIPK,HIPK2
DYRK,-2.3608333333333333,10,KRSA,0.8759124087591241,4,CMGC,DYRK,HIPK,HIPK3
DYRK,-2.3608333333333333,10,KRSA,0.8759124087591241,4,CMGC,DYRK,HIPK,HIPK4
DYRK,-2.3608333333333333,10,KRSA,0.8759124087591241,4,CMGC,DYRK,PRP4,PRPF4B
NUAK,-1.2766666666666666,25,KRSA,0.6631908237747653,3,CAMK,CAMKL,NUAK,NUAK1
NUAK,-1.2766666666666666,25,KRSA,0.6631908237747653,3,CAMK,CAMKL,NUAK,NUAK2
JNK,-1.945,13,KRSA,0.8383733055265902,4,CMGC,MAPK,JNK,MAPK10
JNK,-1.945,13,KRSA,0.8383733055265902,4,CMGC,MAPK,JNK,MAPK8
JNK,-1.945,13,KRSA,0.8383733055265902,4,CMGC,MAPK,JNK,MAPK9
MST,-1.3266666666666669,21,KRSA,0.7382690302398331,3,STE,STE20,MST,STK3
MST,-1.3266666666666669,21,KRSA,0.7382690302398331,3,STE,STE20,MST,STK4
MLK,-0.3433333333333334,61,KRSA,0.20020855057351408,1,TKL,MLK,ILK,ILK
MLK,-0.3433333333333334,61,KRSA,0.20020855057351408,1,TKL,MLK,MLK,MAP3K10
MLK,-0.3433333333333334,61,KRSA,0.20020855057351408,1,TKL,MLK,MLK,MAP3K11
MLK,-0.3433333333333334,61,KRSA,0.20020855057351408,1,TKL,MLK,LZK,MAP3K12
MLK,-0.3433333333333334,61,KRSA,0.20020855057351408,1,TKL,MLK,LZK,MAP3K13
MLK,-0.3433333333333334,61,KRSA,0.20020855057351408,1,TKL,MLK,MLK,MAP3K9
MLK,-0.3433333333333334,61,KRSA,0.20020855057351408,1,TKL,MLK,HH498,TNNI3K
RAF,-1.2366666666666666,26,KRSA,0.6506777893639207,3,TKL,RAF,RAF,ARAF
RAF,-1.2366666666666666,26,KRSA,0.6506777893639207,3,TKL,RAF,RAF,BRAF
RAF,-1.2366666666666666,26,KRSA,0.6506777893639207,3,TKL,RAF,KSR,KSR1
RAF,-1.2366666666666666,26,KRSA,0.6506777893639207,3,TKL,RAF,KSR,KSR2
RAF,-1.2366666666666666,26,KRSA,0.6506777893639207,3,TKL,RAF,RAF,RAF1
AKT,-0.3366666666666667,62,KRSA,0.18769551616266944,1,AGC,AKT,AKT,AKT1
AKT,-0.3366666666666667,62,KRSA,0.18769551616266944,1,AGC,AKT,AKT,AKT2
AKT,-0.3366666666666667,62,KRSA,0.18769551616266944,1,AGC,AKT,AKT,AKT3
DMPK,-1.875,15,KRSA,0.8133472367049009,4,AGC,DMPK,GEK,CDC42BPA
DMPK,-1.875,15,KRSA,0.8133472367049009,4,AGC,DMPK,GEK,CDC42BPB
DMPK,-1.875,15,KRSA,0.8133472367049009,4,AGC,DMPK,GEK,CDC42BPG
DMPK,-1.875,15,KRSA,0.8133472367049009,4,AGC,DMPK,CRIK,CIT
DMPK,-1.875,15,KRSA,0.8133472367049009,4,AGC,DMPK,GEK,DMPK
DMPK,-1.875,15,KRSA,0.8133472367049009,4,AGC,DMPK,ROCK,ROCK1
DMPK,-1.875,15,KRSA,0.8133472367049009,4,AGC,DMPK,ROCK,ROCK2
CLK,-0.8908333333333334,38,KRSA,0.4880083420229406,2,CMGC,CLK,CLK,CLK1
CLK,-0.8908333333333334,38,KRSA,0.4880083420229406,2,CMGC,CLK,CLK,CLK2
CLK,-0.8908333333333334,38,KRSA,0.4880083420229406,2,CMGC,CLK,CLK,CLK3
CLK,-0.8908333333333334,38,KRSA,0.4880083420229406,2,CMGC,CLK,CLK,CLK4
TAO,-0.21916666666666668,69,KRSA,0.10010427528675704,1,STE,STE20,TAO,TAOK1
TAO,-0.21916666666666668,69,KRSA,0.10010427528675704,1,STE,STE20,TAO,TAOK2
TAO,-0.21916666666666668,69,KRSA,0.10010427528675704,1,STE,STE20,TAO,TAOK3
NDR,-0.8741666666666666,39,KRSA,0.4754953076120959,2,AGC,NDR,NDR,LATS1
NDR,-0.8741666666666666,39,KRSA,0.4754953076120959,2,AGC,NDR,NDR,LATS2
NDR,-0.8741666666666666,39,KRSA,0.4754953076120959,2,AGC,NDR,NDR,STK38
NDR,-0.8741666666666666,39,KRSA,0.4754953076120959,2,AGC,NDR,NDR,STK38L
ULK,-0.8966666666666667,37,KRSA,0.5130344108446299,3,OTHER,ULK,FUSED,STK36
ULK,-0.8966666666666667,37,KRSA,0.5130344108446299,3,OTHER,ULK,ULK,ULK1
ULK,-0.8966666666666667,37,KRSA,0.5130344108446299,3,OTHER,ULK,ULK,ULK2
ULK,-0.8966666666666667,37,KRSA,0.5130344108446299,3,OTHER,ULK,ULK,ULK3
ULK,-0.8966666666666667,37,KRSA,0.5130344108446299,3,OTHER,ULK,ULK,ULK4
WNK,-0.9058333333333334,34,KRSA,0.5505735140771637,3,OTHER,WNK,WNK,WNK1
WNK,-0.9058333333333334,34,KRSA,0.5505735140771637,3,OTHER,WNK,WNK,WNK2
WNK,-0.9058333333333334,34,KRSA,0.5505735140771637,3,OTHER,WNK,WNK,WNK3
WNK,-0.9058333333333334,34,KRSA,0.5505735140771637,3,OTHER,WNK,WNK,WNK4
NIK,-0.9008333333333334,36,KRSA,0.5255474452554745,3,STE,STE-UNIQUE,STE-UNIQUE,MAP3K14
RAD53,-0.13416666666666663,75,KRSA,0.02502606882168926,1,CAMK,RAD53,RAD53,CHEK2
BUD32,-0.9133333333333332,33,KRSA,0.5630865484880083,3,OTHER,BUD32,BUD32,TP53RK
CAMKK,-0.9033333333333332,35,KRSA,0.5380604796663191,3,OTHER,CAMKK,META,CAMKK1
CAMKK,-0.9033333333333332,35,KRSA,0.5380604796663191,3,OTHER,CAMKK,META,CAMKK2
MELK,-0.13749999999999998,73,KRSA,0.05005213764337852,1,CAMK,CAMKL,MELK,MELK
MTOR,-0.8025,42,KRSA,0.43795620437956206,2,ATYPICAL,PIKK,FRAP,MTOR
MSN,0.10583333333333332,76,KRSA,0.01251303441084463,1,STE,STE20,MSN,MAP4K4
MSN,0.10583333333333332,76,KRSA,0.01251303441084463,1,STE,STE20,MSN,NRK
MSN,0.10583333333333332,76,KRSA,0.01251303441084463,1,STE,STE20,MSN,TNIK
IKK,-0.7975,43,KRSA,0.4254431699687174,2,OTHER,IKK,IKK,CHUK
IKK,-0.7975,43,KRSA,0.4254431699687174,2,OTHER,IKK,IKK,IKBKB
IKK,-0.7975,43,KRSA,0.4254431699687174,2,OTHER,IKK,IKK,IKBKE
IKK,-0.7975,43,KRSA,0.4254431699687174,2,OTHER,IKK,IKK,TBK1
PKCD,-0.2675,67,KRSA,0.1251303441084463,1,AGC,PKC,DELTA,PRKCD
PKCD,-0.2675,67,KRSA,0.1251303441084463,1,AGC,PKC,DELTA,PRKCQ
STE11,-0.5483333333333332,50,KRSA,0.337851929092805,2,TKL,MLK,TAK1,MAP3K7
STE11,-0.5483333333333332,50,KRSA,0.337851929092805,2,STE,STE11,MEKK1,MAP3K1
STE11,-0.5483333333333332,50,KRSA,0.337851929092805,2,STE,STE11,ASK,MAP3K15
STE11,-0.5483333333333332,50,KRSA,0.337851929092805,2,STE,STE11,MEKK2,MAP3K2
STE11,-0.5483333333333332,50,KRSA,0.337851929092805,2,STE,STE11,MEKK2,MAP3K3
STE11,-0.5483333333333332,50,KRSA,0.337851929092805,2,STE,STE11,MEKK4,MAP3K4
STE11,-0.5483333333333332,50,KRSA,0.337851929092805,2,STE,STE11,ASK,MAP3K5
STE11,-0.5483333333333332,50,KRSA,0.337851929092805,2,STE,STE11,ASK,MAP3K6
ATM,-1.211666666666667,27,KRSA,0.6381647549530761,3,ATYPICAL,PIKK,ATM,ATM
PKD,-1.1025,28,KRSA,0.6256517205422315,3,CAMK,PKD,PKD,PRKD1
PKD,-1.1025,28,KRSA,0.6256517205422315,3,CAMK,PKD,PKD,PRKD2
PKD,-1.1025,28,KRSA,0.6256517205422315,3,CAMK,PKD,PKD,PRKD3
PIM,-0.9233333333333332,31,KRSA,0.5881126173096975,3,CAMK,PIM,PIM,PIM1
PIM,-0.9233333333333332,31,KRSA,0.5881126173096975,3,CAMK,PIM,PIM,PIM2
PIM,-0.9233333333333332,31,KRSA,0.5881126173096975,3,CAMK,PIM,PIM,PIM3
RIPK,0.05999999999999998,77,KRSA,0,1,TKL,RIPK,RIPK,ANKK1
RIPK,0.05999999999999998,77,KRSA,0,1,TKL,RIPK,RIPK,RIPK1
RIPK,0.05999999999999998,77,KRSA,0,1,TKL,RIPK,RIPK,RIPK2
RIPK,0.05999999999999998,77,KRSA,0,1,TKL,RIPK,RIPK,RIPK3
RIPK,0.05999999999999998,77,KRSA,0,1,TKL,RIPK,RIPK,RIPK4
PAKB,-0.41583333333333333,55,KRSA,0.27528675703858185,2,STE,STE20,PAKB,PAK4
PAKB,-0.41583333333333333,55,KRSA,0.27528675703858185,2,STE,STE20,PAKB,PAK5
PAKB,-0.41583333333333333,55,KRSA,0.27528675703858185,2,STE,STE20,PAKB,PAK6
STKR,0.27416666666666667,65,KRSA,0.15015641293013557,1,TKL,STKR,TYPE1,ACVR1
STKR,0.27416666666666667,65,KRSA,0.15015641293013557,1,TKL,STKR,TYPE1,ACVR1B
STKR,0.27416666666666667,65,KRSA,0.15015641293013557,1,TKL,STKR,TYPE1,ACVR1C
STKR,0.27416666666666667,65,KRSA,0.15015641293013557,1,TKL,STKR,TYPE2,ACVR2A
STKR,0.27416666666666667,65,KRSA,0.15015641293013557,1,TKL,STKR,TYPE2,ACVR2B
STKR,0.27416666666666667,65,KRSA,0.15015641293013557,1,TKL,STKR,TYPE1,ACVRL1
STKR,0.27416666666666667,65,KRSA,0.15015641293013557,1,TKL,STKR,TYPE2,AMHR2
STKR,0.27416666666666667,65,KRSA,0.15015641293013557,1,TKL,STKR,TYPE1,BMPR1A
STKR,0.27416666666666667,65,KRSA,0.15015641293013557,1,TKL,STKR,TYPE1,BMPR1B
STKR,0.27416666666666667,65,KRSA,0.15015641293013557,1,TKL,STKR,TYPE2,BMPR2
STKR,0.27416666666666667,65,KRSA,0.15015641293013557,1,TKL,STKR,TYPE1,TGFBR1
STKR,0.27416666666666667,65,KRSA,0.15015641293013557,1,TKL,STKR,TYPE2,TGFBR2
GRK,-0.35416666666666663,59,KRSA,0.22523461939520334,1,AGC,GRK,GRK,GRK1
GRK,-0.35416666666666663,59,KRSA,0.22523461939520334,1,AGC,GRK,GRK,GRK4
GRK,-0.35416666666666663,59,KRSA,0.22523461939520334,1,AGC,GRK,GRK,GRK5
GRK,-0.35416666666666663,59,KRSA,0.22523461939520334,1,AGC,GRK,GRK,GRK6
GRK,-0.35416666666666663,59,KRSA,0.22523461939520334,1,AGC,GRK,GRK,GRK7
RSK,-0.8099999999999999,41,KRSA,0.4504692387904067,2,AGC,RSK,RSK,RPS6KA1
RSK,-0.8099999999999999,41,KRSA,0.4504692387904067,2,AGC,RSK,RSK,RPS6KA2
RSK,-0.8099999999999999,41,KRSA,0.4504692387904067,2,AGC,RSK,RSK,RPS6KA3
RSK,-0.8099999999999999,41,KRSA,0.4504692387904067,2,AGC,RSK,MSK,RPS6KA4
RSK,-0.8099999999999999,41,KRSA,0.4504692387904067,2,AGC,RSK,MSK,RPS6KA5
RSK,-0.8099999999999999,41,KRSA,0.4504692387904067,2,AGC,RSK,RSK,RPS6KA6
RSK,-0.8099999999999999,41,KRSA,0.4504692387904067,2,AGC,RSK,P70,RPS6KB1
RSK,-0.8099999999999999,41,KRSA,0.4504692387904067,2,AGC,RSK,P70,RPS6KB2
MLCK,0.3958333333333333,56,KRSA,0.26277372262773724,2,CAMK,MLCK,MLCK,MYLK
MLCK,0.3958333333333333,56,KRSA,0.26277372262773724,2,CAMK,MLCK,MLCK,MYLK2
MLCK,0.3958333333333333,56,KRSA,0.26277372262773724,2,CAMK,MLCK,MLCK,TTN
IRAK,-0.4916666666666667,53,KRSA,0.30031282586027114,2,TKL,IRAK,IRAK,IRAK1
IRAK,-0.4916666666666667,53,KRSA,0.30031282586027114,2,TKL,IRAK,IRAK,IRAK2
IRAK,-0.4916666666666667,53,KRSA,0.30031282586027114,2,TKL,IRAK,IRAK,IRAK3
IRAK,-0.4916666666666667,53,KRSA,0.30031282586027114,2,TKL,IRAK,IRAK,IRAK4
CAMK2,-0.26499999999999996,68,KRSA,0.11261730969760167,1,CAMK,CAMK2,CAMK2,CAMK2A
CAMK2,-0.26499999999999996,68,KRSA,0.11261730969760167,1,CAMK,CAMK2,CAMK2,CAMK2B
CAMK2,-0.26499999999999996,68,KRSA,0.11261730969760167,1,CAMK,CAMK2,CAMK2,CAMK2D
CAMK2,-0.26499999999999996,68,KRSA,0.11261730969760167,1,CAMK,CAMK2,CAMK2,CAMK2G
GSK,-0.7283333333333333,46,KRSA,0.38790406673618355,2,CMGC,GSK,GSK,GSK3A
GSK,-0.7283333333333333,46,KRSA,0.38790406673618355,2,CMGC,GSK,GSK,GSK3B
PAKA,-1.3,23,KRSA,0.7007299270072993,3,STE,STE20,PAKA,PAK1
PAKA,-1.3,23,KRSA,0.7007299270072993,3,STE,STE20,PAKA,PAK2
PAKA,-1.3,23,KRSA,0.7007299270072993,3,STE,STE20,PAKA,PAK3
AMPK,-0.18416666666666665,71,KRSA,0.07507820646506778,1,CAMK,CAMKL,AMPK,PRKAA1
AMPK,-0.18416666666666665,71,KRSA,0.07507820646506778,1,CAMK,CAMKL,AMPK,PRKAA2
PKCH,-0.195,70,KRSA,0.08759124087591241,1,AGC,PKC,ETA,PRKCE
PKCH,-0.195,70,KRSA,0.08759124087591241,1,AGC,PKC,ETA,PRKCH
DAPK,-0.835,40,KRSA,0.4629822732012513,2,CAMK,DAPK,DAPK,DAPK1
DAPK,-0.835,40,KRSA,0.4629822732012513,2,CAMK,DAPK,DAPK,DAPK2
DAPK,-0.835,40,KRSA,0.4629822732012513,2,CAMK,DAPK,DAPK,DAPK3
DAPK,-0.835,40,KRSA,0.4629822732012513,2,CAMK,DAPK,DRAK,STK17A
DAPK,-0.835,40,KRSA,0.4629822732012513,2,CAMK,DAPK,DRAK,STK17B
PKCI,-0.3933333333333333,57,KRSA,0.2502606882168926,2,AGC,PKC,IOTA,PRKCI
PKCI,-0.3933333333333333,57,KRSA,0.2502606882168926,2,AGC,PKC,IOTA,PRKCZ
PKCA,-4.91,1,KRSA,0.9885297184567258,4,AGC,PKC,ALPHA,PRKCA
PKCA,-4.91,1,KRSA,0.9885297184567258,4,AGC,PKC,ALPHA,PRKCB
PKCA,-4.91,1,KRSA,0.9885297184567258,4,AGC,PKC,ALPHA,PRKCG
PDHK,-2.565,8,KRSA,0.9009384775808134,4,ATYPICAL,PDHK,BCKDK,BCKDK
PDHK,-2.565,8,KRSA,0.9009384775808134,4,ATYPICAL,PDHK,PDHK,PDK2
PDHK,-2.565,8,KRSA,0.9009384775808134,4,ATYPICAL,PDHK,PDHK,PDK3
PDHK,-2.565,8,KRSA,0.9009384775808134,4,ATYPICAL,PDHK,PDHK,PDK4
PHK,-2.5658333333333334,7,KRSA,0.913451511991658,4,CAMK,PHK,PHK,PHKG1
PHK,-2.5658333333333334,7,KRSA,0.913451511991658,4,CAMK,PHK,PHK,PHKG2
LKB,-1.524166666666667,18,KRSA,0.7758081334723671,4,CAMK,CAMKL,LKB,STK11
MOS,0.65,49,KRSA,0.35036496350364965,2,OTHER,MOS,MOS,MOS
STE7,-2.35,11,KRSA,0.8633993743482794,4,STE,STE7,MEK1,MAP2K1
STE7,-2.35,11,KRSA,0.8633993743482794,4,STE,STE7,MEK1,MAP2K2
STE7,-2.35,11,KRSA,0.8633993743482794,4,STE,STE7,MEK3,MAP2K3
STE7,-2.35,11,KRSA,0.8633993743482794,4,STE,STE7,MEK4,MAP2K4
STE7,-2.35,11,KRSA,0.8633993743482794,4,STE,STE7,MEK5,MAP2K5
STE7,-2.35,11,KRSA,0.8633993743482794,4,STE,STE7,MEK3,MAP2K6
STE7,-2.35,11,KRSA,0.8633993743482794,4,STE,STE7,MEK7,MAP2K7
PASK,0.4941666666666667,52,KRSA,0.31282586027111575,2,CAMK,CAMKL,PASK,PASK
KHS,0.485,54,KRSA,0.28779979144942647,2,STE,STE20,KHS,MAP4K1
KHS,0.485,54,KRSA,0.28779979144942647,2,STE,STE20,KHS,MAP4K2
KHS,0.485,54,KRSA,0.28779979144942647,2,STE,STE20,KHS,MAP4K3
KHS,0.485,54,KRSA,0.28779979144942647,2,STE,STE20,KHS,MAP4K5
BRSK,1.3283333333333334,20,KRSA,0.7507820646506778,4,CAMK,CAMKL,BRSK,BRSK1
BRSK,1.3283333333333334,20,KRSA,0.7507820646506778,4,CAMK,CAMKL,BRSK,BRSK2
CK1,-2.0633333333333335,12,KRSA,0.8508863399374348,4,CK1,CK1,CK1-A,CSNK1A1
CK1,-2.0633333333333335,12,KRSA,0.8508863399374348,4,CK1,CK1,CK1-A,CSNK1A1L
CK1,-2.0633333333333335,12,KRSA,0.8508863399374348,4,CK1,CK1,CK1-D,CSNK1D
CK1,-2.0633333333333335,12,KRSA,0.8508863399374348,4,CK1,CK1,CK1-D,CSNK1E
CK1,-2.0633333333333335,12,KRSA,0.8508863399374348,4,CK1,CK1,CK1-G,CSNK1G1
CK1,-2.0633333333333335,12,KRSA,0.8508863399374348,4,CK1,CK1,CK1-G,CSNK1G2
CK1,-2.0633333333333335,12,KRSA,0.8508863399374348,4,CK1,CK1,CK1-G,CSNK1G3
CK1,-2.0633333333333335,12,KRSA,0.8508863399374348,4,CK1,TTBK,TTBK,TTBK1
CK1,-2.0633333333333335,12,KRSA,0.8508863399374348,4,CK1,TTBK,TTBK,TTBK2
CK1,-2.0633333333333335,12,KRSA,0.8508863399374348,4,CK1,VRK,VRK,VRK3
NEK,-0.6808333333333333,47,KRSA,0.3753910323253389,2,OTHER,NEK,NEK11,NEK11
NEK,-0.6808333333333333,47,KRSA,0.3753910323253389,2,OTHER,NEK,NEK2,NEK2
NEK,-0.6808333333333333,47,KRSA,0.3753910323253389,2,OTHER,NEK,NEK1,NEK3
NEK,-0.6808333333333333,47,KRSA,0.3753910323253389,2,OTHER,NEK,NEK4,NEK4
NEK,-0.6808333333333333,47,KRSA,0.3753910323253389,2,OTHER,NEK,NEK1,NEK5
NEK,-0.6808333333333333,47,KRSA,0.3753910323253389,2,OTHER,NEK,NEK6,NEK6
NEK,-0.6808333333333333,47,KRSA,0.3753910323253389,2,OTHER,NEK,NEK6,NEK7
NEK,-0.6808333333333333,47,KRSA,0.3753910323253389,2,OTHER,NEK,NEK8,NEK8
NEK,-0.6808333333333333,47,KRSA,0.3753910323253389,2,OTHER,NEK,NEK8,NEK9
ERK,-2.7983333333333333,6,KRSA,0.9259645464025026,4,CMGC,MAPK,ERK1,MAPK1
ERK,-2.7983333333333333,6,KRSA,0.9259645464025026,4,CMGC,MAPK,ERK7,MAPK15
ERK,-2.7983333333333333,6,KRSA,0.9259645464025026,4,CMGC,MAPK,ERK1,MAPK3
ERK,-2.7983333333333333,6,KRSA,0.9259645464025026,4,CMGC,MAPK,ERK3,MAPK4
ERK,-2.7983333333333333,6,KRSA,0.9259645464025026,4,CMGC,MAPK,ERK3,MAPK6
ERK,-2.7983333333333333,6,KRSA,0.9259645464025026,4,CMGC,MAPK,ERK5,MAPK7
QIK,-1.8483333333333336,16,KRSA,0.8008342022940563,4,CAMK,CAMKL,QIK,SIK1
QIK,-1.8483333333333336,16,KRSA,0.8008342022940563,4,CAMK,CAMKL,QIK,SIK2
CK2,-1.05,30,KRSA,0.6006256517205423,3,CMGC,CK2,CK2,CSNK2A1
CK2,-1.05,30,KRSA,0.6006256517205423,3,CMGC,CK2,CK2,CSNK2A2
CK2,-1.05,30,KRSA,0.6006256517205423,3,NA,NA,NA,CSNK2A3
MST,-1.3266666666666669,21,KRSA,0.7382690302398331,3,STE,STE20,MST,STK3
MST,-1.3266666666666669,21,KRSA,0.7382690302398331,3,STE,STE20,MST,STK4
PKA,0.7558333333333334,45,KRSA,0.40041710114702816,2,AGC,PKA,PKA,PRKACA
PKA,0.7558333333333334,45,KRSA,0.40041710114702816,2,AGC,PKA,PKA,PRKACB
PKA,0.7558333333333334,45,KRSA,0.40041710114702816,2,AGC,PKA,PKA,PRKACG
PKA,0.7558333333333334,45,KRSA,0.40041710114702816,2,AGC,PKA,PKA,PRKX
PKA,0.7558333333333334,45,KRSA,0.40041710114702816,2,AGC,PKA,PKA,PRKY
CHK1,0.29333333333333333,64,KRSA,0.16266944734098018,1,CAMK,CAMKL,CHK1,CHEK1
PRKDC,-1.2891666666666666,24,KRSA,0.67570385818561,3,ATYPICAL,PIKK,DNAPK,PRKDC
PLK,-2.9066666666666667,4,KRSA,0.9509906152241918,4,NA,NA,NA,PLK5
PLK,-2.9066666666666667,4,KRSA,0.9509906152241918,4,OTHER,PLK,PLK1,PLK1
PLK,-2.9066666666666667,4,KRSA,0.9509906152241918,4,OTHER,PLK,PLK2,PLK2
PLK,-2.9066666666666667,4,KRSA,0.9509906152241918,4,OTHER,PLK,PLK2,PLK3
PLK,-2.9066666666666667,4,KRSA,0.9509906152241918,4,OTHER,PLK,SAK,PLK4
COT,-0.1675,72,KRSA,0.06256517205422316,1,STE,STE-UNIQUE,STE-UNIQUE,MAP3K8
DMPK,-1.875,15,KRSA,0.8133472367049009,4,AGC,DMPK,GEK,CDC42BPA
DMPK,-1.875,15,KRSA,0.8133472367049009,4,AGC,DMPK,GEK,CDC42BPB
DMPK,-1.875,15,KRSA,0.8133472367049009,4,AGC,DMPK,GEK,CDC42BPG
DMPK,-1.875,15,KRSA,0.8133472367049009,4,AGC,DMPK,CRIK,CIT
DMPK,-1.875,15,KRSA,0.8133472367049009,4,AGC,DMPK,GEK,DMPK
DMPK,-1.875,15,KRSA,0.8133472367049009,4,AGC,DMPK,ROCK,ROCK1
DMPK,-1.875,15,KRSA,0.8133472367049009,4,AGC,DMPK,ROCK,ROCK2
VRK1,-0.8908333333333334,38,KRSA,0.4880083420229406,2,CK1,VRK,VRK,VRK1
NDR,-0.8741666666666666,39,KRSA,0.4754953076120959,2,AGC,NDR,NDR,LATS1
NDR,-0.8741666666666666,39,KRSA,0.4754953076120959,2,AGC,NDR,NDR,LATS2
NDR,-0.8741666666666666,39,KRSA,0.4754953076120959,2,AGC,NDR,NDR,STK38
NDR,-0.8741666666666666,39,KRSA,0.4754953076120959,2,AGC,NDR,NDR,STK38L
NMO,-2.444166666666667,9,KRSA,0.8884254431699687,4,CMGC,MAPK,NMO,NLK
CAMK2,-0.26499999999999996,68,KRSA,0.11261730969760167,1,CAMK,CAMK2,CAMK2,CAMK2A
CAMK2,-0.26499999999999996,68,KRSA,0.11261730969760167,1,CAMK,CAMK2,CAMK2,CAMK2B
CAMK2,-0.26499999999999996,68,KRSA,0.11261730969760167,1,CAMK,CAMK2,CAMK2,CAMK2D
CAMK2,-0.26499999999999996,68,KRSA,0.11261730969760167,1,CAMK,CAMK2,CAMK2,CAMK2G
ATM,-1.211666666666667,27,KRSA,0.6381647549530761,3,ATYPICAL,PIKK,ATM,ATM
PKCH,-0.195,70,KRSA,0.08759124087591241,1,AGC,PKC,ETA,PRKCE
PKCH,-0.195,70,KRSA,0.08759124087591241,1,AGC,PKC,ETA,PRKCH
CAMK1,1.5016666666666667,19,KRSA,0.7632950990615224,4,CAMK,CAMK1,CAMK1,CAMK1
CAMK1,1.5016666666666667,19,KRSA,0.7632950990615224,4,CAMK,CAMK1,CAMK1,CAMK1D
CAMK1,1.5016666666666667,19,KRSA,0.7632950990615224,4,CAMK,CAMK1,CAMK1,CAMK1G
CAMK1,1.5016666666666667,19,KRSA,0.7632950990615224,4,CAMK,CAMK1,CAMK1,CAMK4
CAMK1,1.5016666666666667,19,KRSA,0.7632950990615224,4,CAMK,CAMK1,CAMK1,PNCK
GSK,-0.7283333333333333,46,KRSA,0.38790406673618355,2,CMGC,GSK,GSK,GSK3A
GSK,-0.7283333333333333,46,KRSA,0.38790406673618355,2,CMGC,GSK,GSK,GSK3B
PEK,-3.924166666666667,2,KRSA,0.9760166840458812,4,OTHER,PEK,HRI,EIF2AK1
PEK,-3.924166666666667,2,KRSA,0.9760166840458812,4,OTHER,PEK,PKR,EIF2AK2
PEK,-3.924166666666667,2,KRSA,0.9760166840458812,4,OTHER,PEK,PEK,EIF2AK3
PEK,-3.924166666666667,2,KRSA,0.9760166840458812,4,OTHER,PEK,GCN2,EIF2AK4
PKG,0.6633333333333333,48,KRSA,0.36287799791449427,2,AGC,PKG,PKG,PRKG1
PKG,0.6633333333333333,48,KRSA,0.36287799791449427,2,AGC,PKG,PKG,PRKG2
FRAY,-1.5658333333333334,17,KRSA,0.7883211678832117,4,STE,STE20,FRAY,OXSR1
FRAY,-1.5658333333333334,17,KRSA,0.7883211678832117,4,STE,STE20,FRAY,STK39
RAD53,-0.13416666666666663,75,KRSA,0.02502606882168926,1,CAMK,RAD53,RAD53,CHEK2
AMPK,-0.18416666666666665,71,KRSA,0.07507820646506778,1,CAMK,CAMKL,AMPK,PRKAA1
AMPK,-0.18416666666666665,71,KRSA,0.07507820646506778,1,CAMK,CAMKL,AMPK,PRKAA2
CDK,-3.4966666666666666,3,KRSA,0.9635036496350365,4,CMGC,CDK,CDC2,CDK1
CDK,-3.4966666666666666,3,KRSA,0.9635036496350365,4,CMGC,CDK,CDK10,CDK10
CDK,-3.4966666666666666,3,KRSA,0.9635036496350365,4,CMGC,CDK,CRK7,CDK12
CDK,-3.4966666666666666,3,KRSA,0.9635036496350365,4,CMGC,CDK,CRK7,CDK13
CDK,-3.4966666666666666,3,KRSA,0.9635036496350365,4,CMGC,CDK,PFTAIRE,CDK14
CDK,-3.4966666666666666,3,KRSA,0.9635036496350365,4,CMGC,CDK,PFTAIRE,CDK15
CDK,-3.4966666666666666,3,KRSA,0.9635036496350365,4,CMGC,CDK,PCTAIRE,CDK16
CDK,-3.4966666666666666,3,KRSA,0.9635036496350365,4,CMGC,CDK,PCTAIRE,CDK17
CDK,-3.4966666666666666,3,KRSA,0.9635036496350365,4,CMGC,CDK,PCTAIRE,CDK18
CDK,-3.4966666666666666,3,KRSA,0.9635036496350365,4,CMGC,CDK,CDK8,CDK19
CDK,-3.4966666666666666,3,KRSA,0.9635036496350365,4,CMGC,CDK,CDC2,CDK2
CDK,-3.4966666666666666,3,KRSA,0.9635036496350365,4,CMGC,CDK,CCRK,CDK20
CDK,-3.4966666666666666,3,KRSA,0.9635036496350365,4,CMGC,CDK,CDC2,CDK3
CDK,-3.4966666666666666,3,KRSA,0.9635036496350365,4,CMGC,CDK,CDK4,CDK4
CDK,-3.4966666666666666,3,KRSA,0.9635036496350365,4,CMGC,CDK,CDK5,CDK5
CDK,-3.4966666666666666,3,KRSA,0.9635036496350365,4,CMGC,CDK,CDK4,CDK6
CDK,-3.4966666666666666,3,KRSA,0.9635036496350365,4,CMGC,CDK,CDK7,CDK7
CDK,-3.4966666666666666,3,KRSA,0.9635036496350365,4,CMGC,CDK,CDK8,CDK8
CDK,-3.4966666666666666,3,KRSA,0.9635036496350365,4,CMGC,CDK,CDK9,CDK9
CDK,-3.4966666666666666,3,KRSA,0.9635036496350365,4,NA,NA,NA,CDK11A
CDK,-3.4966666666666666,3,KRSA,0.9635036496350365,4,NA,NA,NA,CDK11B
PAKA,-1.3,23,KRSA,0.7007299270072993,3,STE,STE20,PAKA,PAK1
PAKA,-1.3,23,KRSA,0.7007299270072993,3,STE,STE20,PAKA,PAK2
PAKA,-1.3,23,KRSA,0.7007299270072993,3,STE,STE20,PAKA,PAK3
NAK,-0.26833333333333337,66,KRSA,0.13764337851929093,1,OTHER,NAK,BIKE,AAK1
NAK,-0.26833333333333337,66,KRSA,0.13764337851929093,1,OTHER,NAK,BIKE,BMP2K
NAK,-0.26833333333333337,66,KRSA,0.13764337851929093,1,OTHER,NAK,GAK,GAK
NAK,-0.26833333333333337,66,KRSA,0.13764337851929093,1,OTHER,NAK,MPSK,STK16
TLK,-1.2891666666666666,24,KRSA,0.67570385818561,3,OTHER,TLK,TLK,TLK1
TLK,-1.2891666666666666,24,KRSA,0.67570385818561,3,OTHER,TLK,TLK,TLK2
PKN,-0.9216666666666666,32,KRSA,0.5755995828988529,3,AGC,PKN,PKN,PKN1
PKN,-0.9216666666666666,32,KRSA,0.5755995828988529,3,AGC,PKN,PKN,PKN2
PKN,-0.9216666666666666,32,KRSA,0.5755995828988529,3,AGC,PKN,PKN,PKN3
PAKB,-0.41583333333333333,55,KRSA,0.27528675703858185,2,STE,STE20,PAKB,PAK4
PAKB,-0.41583333333333333,55,KRSA,0.27528675703858185,2,STE,STE20,PAKB,PAK5
PAKB,-0.41583333333333333,55,KRSA,0.27528675703858185,2,STE,STE20,PAKB,PAK6
PIM,-0.9233333333333332,31,KRSA,0.5881126173096975,3,CAMK,PIM,PIM,PIM1
PIM,-0.9233333333333332,31,KRSA,0.5881126173096975,3,CAMK,PIM,PIM,PIM2
PIM,-0.9233333333333332,31,KRSA,0.5881126173096975,3,CAMK,PIM,PIM,PIM3
NUAK,-1.2766666666666666,25,KRSA,0.6631908237747653,3,CAMK,CAMKL,NUAK,NUAK1
NUAK,-1.2766666666666666,25,KRSA,0.6631908237747653,3,CAMK,CAMKL,NUAK,NUAK2
TTK,-1.3,23,KRSA,0.7007299270072993,3,OTHER,TTK,TTK,TTK
HAL,0.3016666666666666,63,KRSA,0.17518248175182483,1,RGC,RGC,RGC,NPR1
DYRK,-2.3608333333333333,10,KRSA,0.8759124087591241,4,CMGC,DYRK,DYRK1,DYRK1A
DYRK,-2.3608333333333333,10,KRSA,0.8759124087591241,4,CMGC,DYRK,DYRK1,DYRK1B
DYRK,-2.3608333333333333,10,KRSA,0.8759124087591241,4,CMGC,DYRK,DYRK2,DYRK2
DYRK,-2.3608333333333333,10,KRSA,0.8759124087591241,4,CMGC,DYRK,DYRK2,DYRK3
DYRK,-2.3608333333333333,10,KRSA,0.8759124087591241,4,CMGC,DYRK,DYRK2,DYRK4
DYRK,-2.3608333333333333,10,KRSA,0.8759124087591241,4,CMGC,DYRK,HIPK,HIPK1
DYRK,-2.3608333333333333,10,KRSA,0.8759124087591241,4,CMGC,DYRK,HIPK,HIPK2
DYRK,-2.3608333333333333,10,KRSA,0.8759124087591241,4,CMGC,DYRK,HIPK,HIPK3
DYRK,-2.3608333333333333,10,KRSA,0.8759124087591241,4,CMGC,DYRK,HIPK,HIPK4
DYRK,-2.3608333333333333,10,KRSA,0.8759124087591241,4,CMGC,DYRK,PRP4,PRPF4B
PKCD,-0.2675,67,KRSA,0.1251303441084463,1,AGC,PKC,DELTA,PRKCD
PKCD,-0.2675,67,KRSA,0.1251303441084463,1,AGC,PKC,DELTA,PRKCQ
ATR,-1.0583333333333331,29,KRSA,0.6131386861313869,3,ATYPICAL,PIKK,ATR,ATR
P38,-1.9233333333333331,14,KRSA,0.8258602711157456,4,CMGC,MAPK,P38,MAPK11
P38,-1.9233333333333331,14,KRSA,0.8258602711157456,4,CMGC,MAPK,P38,MAPK12
P38,-1.9233333333333331,14,KRSA,0.8258602711157456,4,CMGC,MAPK,P38,MAPK13
P38,-1.9233333333333331,14,KRSA,0.8258602711157456,4,CMGC,MAPK,P38,MAPK14
STKR,0.27416666666666667,65,KRSA,0.15015641293013557,1,TKL,STKR,TYPE1,ACVR1
STKR,0.27416666666666667,65,KRSA,0.15015641293013557,1,TKL,STKR,TYPE1,ACVR1B
STKR,0.27416666666666667,65,KRSA,0.15015641293013557,1,TKL,STKR,TYPE1,ACVR1C
STKR,0.27416666666666667,65,KRSA,0.15015641293013557,1,TKL,STKR,TYPE2,ACVR2A
STKR,0.27416666666666667,65,KRSA,0.15015641293013557,1,TKL,STKR,TYPE2,ACVR2B
STKR,0.27416666666666667,65,KRSA,0.15015641293013557,1,TKL,STKR,TYPE1,ACVRL1
STKR,0.27416666666666667,65,KRSA,0.15015641293013557,1,TKL,STKR,TYPE2,AMHR2
STKR,0.27416666666666667,65,KRSA,0.15015641293013557,1,TKL,STKR,TYPE1,BMPR1A
STKR,0.27416666666666667,65,KRSA,0.15015641293013557,1,TKL,STKR,TYPE1,BMPR1B
STKR,0.27416666666666667,65,KRSA,0.15015641293013557,1,TKL,STKR,TYPE2,BMPR2
STKR,0.27416666666666667,65,KRSA,0.15015641293013557,1,TKL,STKR,TYPE1,TGFBR1
STKR,0.27416666666666667,65,KRSA,0.15015641293013557,1,TKL,STKR,TYPE2,TGFBR2
BUD32,-0.9133333333333332,33,KRSA,0.5630865484880083,3,OTHER,BUD32,BUD32,TP53RK
CAMKK,-0.9033333333333332,35,KRSA,0.5380604796663191,3,OTHER,CAMKK,META,CAMKK1
CAMKK,-0.9033333333333332,35,KRSA,0.5380604796663191,3,OTHER,CAMKK,META,CAMKK2
NIK,-0.9008333333333334,36,KRSA,0.5255474452554745,3,STE,STE-UNIQUE,STE-UNIQUE,MAP3K14
TAO,-0.21916666666666668,69,KRSA,0.10010427528675704,1,STE,STE20,TAO,TAOK1
TAO,-0.21916666666666668,69,KRSA,0.10010427528675704,1,STE,STE20,TAO,TAOK2
TAO,-0.21916666666666668,69,KRSA,0.10010427528675704,1,STE,STE20,TAO,TAOK3
WNK,-0.9058333333333334,34,KRSA,0.5505735140771637,3,OTHER,WNK,WNK,WNK1
WNK,-0.9058333333333334,34,KRSA,0.5505735140771637,3,OTHER,WNK,WNK,WNK2
WNK,-0.9058333333333334,34,KRSA,0.5505735140771637,3,OTHER,WNK,WNK,WNK3
WNK,-0.9058333333333334,34,KRSA,0.5505735140771637,3,OTHER,WNK,WNK,WNK4
ULK,-0.8966666666666667,37,KRSA,0.5130344108446299,3,OTHER,ULK,FUSED,STK36
ULK,-0.8966666666666667,37,KRSA,0.5130344108446299,3,OTHER,ULK,ULK,ULK1
ULK,-0.8966666666666667,37,KRSA,0.5130344108446299,3,OTHER,ULK,ULK,ULK2
ULK,-0.8966666666666667,37,KRSA,0.5130344108446299,3,OTHER,ULK,ULK,ULK3
ULK,-0.8966666666666667,37,KRSA,0.5130344108446299,3,OTHER,ULK,ULK,ULK4
CLK,-0.8908333333333334,38,KRSA,0.4880083420229406,2,CMGC,CLK,CLK,CLK1
CLK,-0.8908333333333334,38,KRSA,0.4880083420229406,2,CMGC,CLK,CLK,CLK2
CLK,-0.8908333333333334,38,KRSA,0.4880083420229406,2,CMGC,CLK,CLK,CLK3
CLK,-0.8908333333333334,38,KRSA,0.4880083420229406,2,CMGC,CLK,CLK,CLK4
SLK,0.13416666666666668,74,KRSA,0.03753910323253389,1,STE,STE20,SLK,SLK
SLK,0.13416666666666668,74,KRSA,0.03753910323253389,1,STE,STE20,SLK,STK10
MAPKAPK,-0.3516666666666667,60,KRSA,0.2127215849843587,1,CAMK,MAPKAPK,MAPKAPK,MAPKAPK2
MAPKAPK,-0.3516666666666667,60,KRSA,0.2127215849843587,1,CAMK,MAPKAPK,MAPKAPK,MAPKAPK3
MAPKAPK,-0.3516666666666667,60,KRSA,0.2127215849843587,1,CAMK,MAPKAPK,MAPKAPK,MAPKAPK5
MAPKAPK,-0.3516666666666667,60,KRSA,0.2127215849843587,1,CAMK,MAPKAPK,MNK,MKNK1
MAPKAPK,-0.3516666666666667,60,KRSA,0.2127215849843587,1,CAMK,MAPKAPK,MNK,MKNK2
MTOR,-0.8025,42,KRSA,0.43795620437956206,2,ATYPICAL,PIKK,FRAP,MTOR
AUR,-0.3675000000000001,58,KRSA,0.23774765380604795,1,OTHER,AUR,AUR,AURKA
AUR,-0.3675000000000001,58,KRSA,0.23774765380604795,1,OTHER,AUR,AUR,AURKB
AUR,-0.3675000000000001,58,KRSA,0.23774765380604795,1,OTHER,AUR,AUR,AURKC
PDK1,-2.8158333333333334,5,KRSA,0.9384775808133472,4,ATYPICAL,PDHK,PDHK,PDK1
PDK1,-2.8158333333333334,5,KRSA,0.9384775808133472,4,AGC,PDK1,PDK1,PDPK1
PKCI,-0.3933333333333333,57,KRSA,0.2502606882168926,2,AGC,PKC,IOTA,PRKCI
PKCI,-0.3933333333333333,57,KRSA,0.2502606882168926,2,AGC,PKC,IOTA,PRKCZ
BARK2,0.7916666666666666,44,KRSA,0.4129301355578728,2,AGC,GRK,BARK,GRK3
IKK,-0.7975,43,KRSA,0.4254431699687174,2,OTHER,IKK,IKK,CHUK
IKK,-0.7975,43,KRSA,0.4254431699687174,2,OTHER,IKK,IKK,IKBKB
IKK,-0.7975,43,KRSA,0.4254431699687174,2,OTHER,IKK,IKK,IKBKE
IKK,-0.7975,43,KRSA,0.4254431699687174,2,OTHER,IKK,IKK,TBK1
RAF,-1.2366666666666666,26,KRSA,0.6506777893639207,3,TKL,RAF,RAF,ARAF
RAF,-1.2366666666666666,26,KRSA,0.6506777893639207,3,TKL,RAF,RAF,BRAF
RAF,-1.2366666666666666,26,KRSA,0.6506777893639207,3,TKL,RAF,KSR,KSR1
RAF,-1.2366666666666666,26,KRSA,0.6506777893639207,3,TKL,RAF,KSR,KSR2
RAF,-1.2366666666666666,26,KRSA,0.6506777893639207,3,TKL,RAF,RAF,RAF1
IRAK,-0.4916666666666667,53,KRSA,0.30031282586027114,2,TKL,IRAK,IRAK,IRAK1
IRAK,-0.4916666666666667,53,KRSA,0.30031282586027114,2,TKL,IRAK,IRAK,IRAK2
IRAK,-0.4916666666666667,53,KRSA,0.30031282586027114,2,TKL,IRAK,IRAK,IRAK3
IRAK,-0.4916666666666667,53,KRSA,0.30031282586027114,2,TKL,IRAK,IRAK,IRAK4
MELK,-0.13749999999999998,73,KRSA,0.05005213764337852,1,CAMK,CAMKL,MELK,MELK
RIPK,0.05999999999999998,77,KRSA,0,1,TKL,RIPK,RIPK,ANKK1
RIPK,0.05999999999999998,77,KRSA,0,1,TKL,RIPK,RIPK,RIPK1
RIPK,0.05999999999999998,77,KRSA,0,1,TKL,RIPK,RIPK,RIPK2
RIPK,0.05999999999999998,77,KRSA,0,1,TKL,RIPK,RIPK,RIPK3
RIPK,0.05999999999999998,77,KRSA,0,1,TKL,RIPK,RIPK,RIPK4
STE11,-0.5483333333333332,50,KRSA,0.337851929092805,2,TKL,MLK,TAK1,MAP3K7
STE11,-0.5483333333333332,50,KRSA,0.337851929092805,2,STE,STE11,MEKK1,MAP3K1
STE11,-0.5483333333333332,50,KRSA,0.337851929092805,2,STE,STE11,ASK,MAP3K15
STE11,-0.5483333333333332,50,KRSA,0.337851929092805,2,STE,STE11,MEKK2,MAP3K2
STE11,-0.5483333333333332,50,KRSA,0.337851929092805,2,STE,STE11,MEKK2,MAP3K3
STE11,-0.5483333333333332,50,KRSA,0.337851929092805,2,STE,STE11,MEKK4,MAP3K4
STE11,-0.5483333333333332,50,KRSA,0.337851929092805,2,STE,STE11,ASK,MAP3K5
STE11,-0.5483333333333332,50,KRSA,0.337851929092805,2,STE,STE11,ASK,MAP3K6
MLCK,0.3958333333333333,56,KRSA,0.26277372262773724,2,CAMK,MLCK,MLCK,MYLK
MLCK,0.3958333333333333,56,KRSA,0.26277372262773724,2,CAMK,MLCK,MLCK,MYLK2
MLCK,0.3958333333333333,56,KRSA,0.26277372262773724,2,CAMK,MLCK,MLCK,TTN
JNK,-1.945,13,KRSA,0.8383733055265902,4,CMGC,MAPK,JNK,MAPK10
JNK,-1.945,13,KRSA,0.8383733055265902,4,CMGC,MAPK,JNK,MAPK8
JNK,-1.945,13,KRSA,0.8383733055265902,4,CMGC,MAPK,JNK,MAPK9
MLK,-0.3433333333333334,61,KRSA,0.20020855057351408,1,TKL,MLK,ILK,ILK
MLK,-0.3433333333333334,61,KRSA,0.20020855057351408,1,TKL,MLK,MLK,MAP3K10
MLK,-0.3433333333333334,61,KRSA,0.20020855057351408,1,TKL,MLK,MLK,MAP3K11
MLK,-0.3433333333333334,61,KRSA,0.20020855057351408,1,TKL,MLK,LZK,MAP3K12
MLK,-0.3433333333333334,61,KRSA,0.20020855057351408,1,TKL,MLK,LZK,MAP3K13
MLK,-0.3433333333333334,61,KRSA,0.20020855057351408,1,TKL,MLK,MLK,MAP3K9
MLK,-0.3433333333333334,61,KRSA,0.20020855057351408,1,TKL,MLK,HH498,TNNI3K
SGK,0.5308333333333334,51,KRSA,0.32533889468196037,2,AGC,SGK,SGK,SGK1
SGK,0.5308333333333334,51,KRSA,0.32533889468196037,2,AGC,SGK,SGK,SGK2
SGK,0.5308333333333334,51,KRSA,0.32533889468196037,2,AGC,SGK,SGK,SGK3
PKD,-1.1025,28,KRSA,0.6256517205422315,3,CAMK,PKD,PKD,PRKD1
PKD,-1.1025,28,KRSA,0.6256517205422315,3,CAMK,PKD,PKD,PRKD2
PKD,-1.1025,28,KRSA,0.6256517205422315,3,CAMK,PKD,PKD,PRKD3
AKT,-0.3366666666666667,62,KRSA,0.18769551616266944,1,AGC,AKT,AKT,AKT1
AKT,-0.3366666666666667,62,KRSA,0.18769551616266944,1,AGC,AKT,AKT,AKT2
AKT,-0.3366666666666667,62,KRSA,0.18769551616266944,1,AGC,AKT,AKT,AKT3
DAPK,-0.835,40,KRSA,0.4629822732012513,2,CAMK,DAPK,DAPK,DAPK1
DAPK,-0.835,40,KRSA,0.4629822732012513,2,CAMK,DAPK,DAPK,DAPK2
DAPK,-0.835,40,KRSA,0.4629822732012513,2,CAMK,DAPK,DAPK,DAPK3
DAPK,-0.835,40,KRSA,0.4629822732012513,2,CAMK,DAPK,DRAK,STK17A
DAPK,-0.835,40,KRSA,0.4629822732012513,2,CAMK,DAPK,DRAK,STK17B
GRK,-0.35416666666666663,59,KRSA,0.22523461939520334,1,AGC,GRK,GRK,GRK1
GRK,-0.35416666666666663,59,KRSA,0.22523461939520334,1,AGC,GRK,GRK,GRK4
GRK,-0.35416666666666663,59,KRSA,0.22523461939520334,1,AGC,GRK,GRK,GRK5
GRK,-0.35416666666666663,59,KRSA,0.22523461939520334,1,AGC,GRK,GRK,GRK6
GRK,-0.35416666666666663,59,KRSA,0.22523461939520334,1,AGC,GRK,GRK,GRK7
MSN,0.10583333333333332,76,KRSA,0.01251303441084463,1,STE,STE20,MSN,MAP4K4
MSN,0.10583333333333332,76,KRSA,0.01251303441084463,1,STE,STE20,MSN,NRK
MSN,0.10583333333333332,76,KRSA,0.01251303441084463,1,STE,STE20,MSN,TNIK
RSK,-0.8099999999999999,41,KRSA,0.4504692387904067,2,AGC,RSK,RSK,RPS6KA1
RSK,-0.8099999999999999,41,KRSA,0.4504692387904067,2,AGC,RSK,RSK,RPS6KA2
RSK,-0.8099999999999999,41,KRSA,0.4504692387904067,2,AGC,RSK,RSK,RPS6KA3
RSK,-0.8099999999999999,41,KRSA,0.4504692387904067,2,AGC,RSK,MSK,RPS6KA4
RSK,-0.8099999999999999,41,KRSA,0.4504692387904067,2,AGC,RSK,MSK,RPS6KA5
RSK,-0.8099999999999999,41,KRSA,0.4504692387904067,2,AGC,RSK,RSK,RPS6KA6
RSK,-0.8099999999999999,41,KRSA,0.4504692387904067,2,AGC,RSK,P70,RPS6KB1
RSK,-0.8099999999999999,41,KRSA,0.4504692387904067,2,AGC,RSK,P70,RPS6KB2
