Kinase,Score,Rank,Method,Perc,Qrt,group,KinaseFamily,subfamily,hgnc_symbol
SGK1,33.84651487261973,32,PTM-SEA,0.5394736842105263,3,AGC,SGK,SGK,SGK1
PIK3C2A,0,55,PTM-SEA,0,1,NA,NA,NA,PIK3C2A
CHEK1,-21.121687332459544,42,PTM-SEA,0.40789473684210525,2,CAMK,CAMKL,CHK1,CHEK1
AURKA,43.59551295125054,25,PTM-SEA,0.6447368421052632,3,OTHER,AUR,AUR,AURKA
DAPK3,0,55,PTM-SEA,0,1,CAMK,DAPK,DAPK,DAPK3
RPS6KA5,-48.17277333461558,22,PTM-SEA,0.6842105263157895,3,AGC,RSK,MSK,RPS6KA5
CHEK2,-23.644634882007004,37,PTM-SEA,0.47368421052631576,2,CAMK,RAD53,RAD53,CHEK2
RAF1,-45.99663467075198,23,PTM-SEA,0.6710526315789473,3,TKL,RAF,RAF,RAF1
PRKCG,0,55,PTM-SEA,0,1,AGC,PKC,ALPHA,PRKCG
PRKCB,2.77961912712202,53,PTM-SEA,0.2631578947368421,2,AGC,PKC,ALPHA,PRKCB
CDK1,-80.19284423900791,8,PTM-SEA,0.9078947368421053,4,CMGC,CDK,CDC2,CDK1
ARAF,-34.61001482170624,30,PTM-SEA,0.5657894736842105,3,TKL,RAF,RAF,ARAF
PIM1,-12.33417712216178,49,PTM-SEA,0.3157894736842105,2,CAMK,PIM,PIM,PIM1
CDK4,-24.201069014441504,36,PTM-SEA,0.4868421052631579,2,CMGC,CDK,CDK4,CDK4
SRC,0,55,PTM-SEA,0,1,TK,SRC,SRCA,SRC
BRAF,-34.61001482170624,30,PTM-SEA,0.5657894736842105,3,TKL,RAF,RAF,BRAF
PRKCA,22.945617138740598,38,PTM-SEA,0.4605263157894737,2,AGC,PKC,ALPHA,PRKCA
PRKACA,57.90880610892454,16,PTM-SEA,0.8026315789473685,4,AGC,PKA,PKA,PRKACA
PRKACG,12.485895544626796,48,PTM-SEA,0.32894736842105265,2,AGC,PKA,PKA,PRKACG
PRKACB,-50.13281718163994,21,PTM-SEA,0.6973684210526315,3,AGC,PKA,PKA,PRKACB
RPS6KB1,42.10020214156858,26,PTM-SEA,0.631578947368421,3,AGC,RSK,P70,RPS6KB1
CDK2,-59.02147280061482,15,PTM-SEA,0.8157894736842105,4,CMGC,CDK,CDC2,CDK2
MAPK3,-45.498122768608894,24,PTM-SEA,0.6578947368421053,3,CMGC,MAPK,ERK1,MAPK3
MAPK1,-57.85717958182283,17,PTM-SEA,0.7894736842105263,4,CMGC,MAPK,ERK1,MAPK1
AKT1,26.936524873088647,35,PTM-SEA,0.5,3,AGC,AKT,AKT,AKT1
AKT2,5.5856481149160135,51,PTM-SEA,0.2894736842105263,2,AGC,AKT,AKT,AKT2
MAP3K8,-3.599776496504071,52,PTM-SEA,0.27631578947368424,2,STE,STE-UNIQUE,STE-UNIQUE,MAP3K8
PRKCI,-50.13281718163994,21,PTM-SEA,0.6973684210526315,3,AGC,PKC,IOTA,PRKCI
MTOR,0,55,PTM-SEA,0,1,ATYPICAL,PIKK,FRAP,MTOR
MAPK8,-86.37342626563327,7,PTM-SEA,0.9210526315789473,4,CMGC,MAPK,JNK,MAPK8
MAPK9,0,55,PTM-SEA,0,1,CMGC,MAPK,JNK,MAPK9
MAPKAPK2,10.834099667708863,50,PTM-SEA,0.3026315789473684,2,CAMK,MAPKAPK,MAPKAPK,MAPKAPK2
GSK3B,-14.714389783413534,46,PTM-SEA,0.35526315789473684,2,CMGC,GSK,GSK,GSK3B
CDK7,-114.35018726591761,1,PTM-SEA,1,4,CMGC,CDK,CDK7,CDK7
CDK9,-51.88576779026218,18,PTM-SEA,0.7631578947368421,4,CMGC,CDK,CDK9,CDK9
RPS6KA3,34.0935113695451,31,PTM-SEA,0.5526315789473685,3,AGC,RSK,RSK,RPS6KA3
NEK2,0,55,PTM-SEA,0,1,OTHER,NEK,NEK2,NEK2
DAPK1,80.08554066703994,9,PTM-SEA,0.8947368421052632,4,CAMK,DAPK,DAPK,DAPK1
MAPK10,-90.17041198501872,5,PTM-SEA,0.9473684210526315,4,CMGC,MAPK,JNK,MAPK10
PRKAA2,20.696965114073173,43,PTM-SEA,0.39473684210526316,2,CAMK,CAMKL,AMPK,PRKAA2
SIK1,-91.17790262172285,4,PTM-SEA,0.9605263157894737,4,CAMK,CAMKL,QIK,SIK1
CSNK2A1,88.2569922784992,6,PTM-SEA,0.9342105263157895,4,CMGC,CK2,CK2,CSNK2A1
PRKDC,-21.157303370786508,41,PTM-SEA,0.42105263157894735,2,ATYPICAL,PIKK,DNAPK,PRKDC
ATM,0,55,PTM-SEA,0,1,ATYPICAL,PIKK,ATM,ATM
AURKB,-34.72201257856663,29,PTM-SEA,0.5921052631578947,3,OTHER,AUR,AUR,AURKB
CDK3,0,55,PTM-SEA,0,1,CMGC,CDK,CDC2,CDK3
CDK6,-51.88576779026218,18,PTM-SEA,0.7631578947368421,4,CMGC,CDK,CDK4,CDK6
CDK5,-70.68671320330257,13,PTM-SEA,0.8421052631578947,4,CMGC,CDK,CDK5,CDK5
PRKCE,-19.723554626857105,44,PTM-SEA,0.3815789473684211,2,AGC,PKC,ETA,PRKCE
PRKCQ,-72.7077050533675,11,PTM-SEA,0.868421052631579,4,AGC,PKC,DELTA,PRKCQ
PRKCZ,35.138714444877266,28,PTM-SEA,0.6052631578947368,3,AGC,PKC,IOTA,PRKCZ
PRKCD,72.00675745693793,12,PTM-SEA,0.8552631578947368,4,AGC,PKC,DELTA,PRKCD
PRKAA1,12.688290997011517,47,PTM-SEA,0.34210526315789475,2,CAMK,CAMKL,AMPK,PRKAA1
PAK1,-51.58954540587066,19,PTM-SEA,0.75,4,STE,STE20,PAKA,PAK1
PAK2,95.20786516853933,2,PTM-SEA,0.9868421052631579,4,STE,STE20,PAKA,PAK2
PRKG2,-64.01055277657365,14,PTM-SEA,0.8289473684210527,4,AGC,PKG,PKG,PRKG2
ROCK1,-50.48426857002278,20,PTM-SEA,0.7368421052631579,3,AGC,DMPK,ROCK,ROCK1
ATR,0,55,PTM-SEA,0,1,ATYPICAL,PIKK,ATR,ATR
CAMK2G,0,55,PTM-SEA,0,1,CAMK,CAMK2,CAMK2,CAMK2G
DYRK1A,-18.586429386964348,45,PTM-SEA,0.3684210526315789,2,CMGC,DYRK,DYRK1,DYRK1A
PRKG1,73.95381227083243,10,PTM-SEA,0.881578947368421,4,AGC,PKG,PKG,PRKG1
PRKD1,21.3173638715539,40,PTM-SEA,0.4342105263157895,2,CAMK,PKD,PKD,PRKD1
RPS6KA2,-28.965757493610067,33,PTM-SEA,0.5263157894736842,3,AGC,RSK,RSK,RPS6KA2
RPS6KA1,21.699566462774904,39,PTM-SEA,0.4473684210526316,2,AGC,RSK,RSK,RPS6KA1
PKN1,-94.94197509402993,3,PTM-SEA,0.9736842105263158,4,AGC,PKN,PKN,PKN1
MAPK14,-36.50553797748668,27,PTM-SEA,0.618421052631579,3,CMGC,MAPK,P38,MAPK14
PIM3,-50.13281718163994,21,PTM-SEA,0.6973684210526315,3,CAMK,PIM,PIM,PIM3
BRSK2,0,55,PTM-SEA,0,1,CAMK,CAMKL,BRSK,BRSK2
BRSK1,0,55,PTM-SEA,0,1,CAMK,CAMKL,BRSK,BRSK1
DYRK2,0,55,PTM-SEA,0,1,CMGC,DYRK,DYRK2,DYRK2
PASK,0,55,PTM-SEA,0,1,CAMK,CAMKL,PASK,PASK
VRK1,0,55,PTM-SEA,0,1,CK1,VRK,VRK,VRK1
PRKD2,0,55,PTM-SEA,0,1,CAMK,PKD,PKD,PRKD2
PLK3,0,55,PTM-SEA,0,1,OTHER,PLK,PLK2,PLK3
NEK6,0,55,PTM-SEA,0,1,OTHER,NEK,NEK6,NEK6
PIM2,-27.209293733672755,34,PTM-SEA,0.5131578947368421,3,CAMK,PIM,PIM,PIM2
AKT3,1.745847268623443,54,PTM-SEA,0.25,2,AGC,AKT,AKT,AKT3
AAK1,298,262,KEA3,0.1,1,OTHER,NAK,BIKE,AAK1
ABL1,27.333333333333332,15,KEA3,0.9542857142857143,4,TK,ABL,ABL,ABL1
ABL2,157,159,KEA3,0.4542857142857143,2,TK,ABL,ABL,ABL2
ACVR1,153,154,KEA3,0.4742857142857143,2,TKL,STKR,TYPE1,ACVR1
ACVR1B,211.5,204,KEA3,0.2857142857142857,2,TKL,STKR,TYPE1,ACVR1B
ACVR2B,211,203,KEA3,0.29428571428571426,2,TKL,STKR,TYPE2,ACVR2B
AKT1,20.333333333333332,9,KEA3,0.9714285714285714,4,AGC,AKT,AKT,AKT1
AKT2,57.666666666666664,38,KEA3,0.8771428571428571,4,AGC,AKT,AKT,AKT2
AKT3,111,104,KEA3,0.64,3,AGC,AKT,AKT,AKT3
ALK,35,21,KEA3,0.9371428571428572,4,TK,ALK,ALK,ALK
ARAF,88.5,72,KEA3,0.7457142857142857,3,TKL,RAF,RAF,ARAF
ATM,110.33333333333333,103,KEA3,0.6457142857142857,3,ATYPICAL,PIKK,ATM,ATM
ATR,69,48,KEA3,0.8428571428571429,4,ATYPICAL,PIKK,ATR,ATR
AURKA,69.33333333333333,49,KEA3,0.84,4,OTHER,AUR,AUR,AURKA
AURKB,79,59,KEA3,0.7971428571428572,4,OTHER,AUR,AUR,AURKB
AURKC,185,186,KEA3,0.35428571428571426,2,OTHER,AUR,AUR,AURKC
AXL,130,125,KEA3,0.5714285714285714,3,TK,AXL,AXL,AXL
BLK,257,232,KEA3,0.18571428571428572,1,TK,SRC,SRCB,BLK
BMP2K,325,285,KEA3,0.03428571428571429,1,OTHER,NAK,BIKE,BMP2K
BMPR1A,188.5,190,KEA3,0.34285714285714286,2,TKL,STKR,TYPE1,BMPR1A
BMPR1B,108,97,KEA3,0.6628571428571428,3,TKL,STKR,TYPE1,BMPR1B
BMPR2,195,196,KEA3,0.32,2,TKL,STKR,TYPE2,BMPR2
BMX,92,77,KEA3,0.7257142857142858,3,TK,TEC,TEC,BMX
BRAF,158.5,162,KEA3,0.44571428571428573,2,TKL,RAF,RAF,BRAF
BRSK1,223.66666666666666,215,KEA3,0.24285714285714285,1,CAMK,CAMKL,BRSK,BRSK1
BRSK2,305,269,KEA3,0.08,1,CAMK,CAMKL,BRSK,BRSK2
BTK,75.66666666666667,54,KEA3,0.8257142857142857,4,TK,TEC,TEC,BTK
BUB1,150.5,151,KEA3,0.48857142857142855,2,OTHER,BUB,BUB,BUB1
CAMK1,95.66666666666667,83,KEA3,0.7085714285714285,3,CAMK,CAMK1,CAMK1,CAMK1
CAMK1D,243.5,223,KEA3,0.21714285714285714,1,CAMK,CAMK1,CAMK1,CAMK1D
CAMK2A,44.666666666666664,29,KEA3,0.9142857142857143,4,CAMK,CAMK2,CAMK2,CAMK2A
CAMK2B,129.5,124,KEA3,0.5742857142857143,3,CAMK,CAMK2,CAMK2,CAMK2B
CAMK2D,92.66666666666667,79,KEA3,0.72,3,CAMK,CAMK2,CAMK2,CAMK2D
CAMK2G,31,18,KEA3,0.9457142857142857,4,CAMK,CAMK2,CAMK2,CAMK2G
CAMK4,84,62,KEA3,0.7828571428571428,4,CAMK,CAMK1,CAMK1,CAMK4
CAMKK1,96,84,KEA3,0.7057142857142857,3,OTHER,CAMKK,META,CAMKK1
CAMKK2,120,115,KEA3,0.6028571428571429,3,OTHER,CAMKK,META,CAMKK2
CDC42BPA,282,251,KEA3,0.13142857142857142,1,AGC,DMPK,GEK,CDC42BPA
CDC7,166.5,170,KEA3,0.42,2,OTHER,CDC7,CDC7,CDC7
CDK1,19,7,KEA3,0.98,4,CMGC,CDK,CDC2,CDK1
CDK11A,121,118,KEA3,0.5914285714285714,3,CMGC,CDK,CDK11,CDK11A
CDK11A,121,118,KEA3,0.5914285714285714,3,NA,NA,NA,CDK11A
CDK12,132,129,KEA3,0.56,3,CMGC,CDK,CRK7,CDK12
CDK15,261,235,KEA3,0.17714285714285713,1,CMGC,CDK,PFTAIRE,CDK15
CDK16,241,222,KEA3,0.22,1,CMGC,CDK,PCTAIRE,CDK16
CDK18,249,227,KEA3,0.20285714285714285,1,CMGC,CDK,PCTAIRE,CDK18
CDK19,180,182,KEA3,0.3742857142857143,2,CMGC,CDK,CDK8,CDK19
CDK2,16.333333333333332,6,KEA3,0.9857142857142858,4,CMGC,CDK,CDC2,CDK2
CDK20,168,172,KEA3,0.4114285714285714,2,CMGC,CDK,CCRK,CDK20
CDK3,55.333333333333336,37,KEA3,0.8828571428571429,4,CMGC,CDK,CDC2,CDK3
CDK4,33.666666666666664,20,KEA3,0.94,4,CMGC,CDK,CDK4,CDK4
CDK5,79,59,KEA3,0.7971428571428572,4,CMGC,CDK,CDK5,CDK5
CDK6,31.666666666666664,19,KEA3,0.9428571428571428,4,CMGC,CDK,CDK4,CDK6
CDK7,87.66666666666667,69,KEA3,0.7571428571428571,4,CMGC,CDK,CDK7,CDK7
CDK8,133,130,KEA3,0.5542857142857143,3,CMGC,CDK,CDK8,CDK8
CDK9,86,65,KEA3,0.7714285714285715,4,CMGC,CDK,CDK9,CDK9
CDKL3,302,266,KEA3,0.08857142857142856,1,CMGC,CDKL,CDKL,CDKL3
CDKL5,78.5,58,KEA3,0.8114285714285714,4,CMGC,CDKL,CDKL,CDKL5
CHEK1,19.333333333333332,8,KEA3,0.9771428571428571,4,CAMK,CAMKL,CHK1,CHEK1
CHEK2,61,43,KEA3,0.8628571428571429,4,CAMK,RAD53,RAD53,CHEK2
CHUK,45,30,KEA3,0.9114285714285715,4,OTHER,IKK,IKK,CHUK
CLK1,108,97,KEA3,0.6628571428571428,3,CMGC,CLK,CLK,CLK1
CLK2,83,61,KEA3,0.7885714285714286,4,CMGC,CLK,CLK,CLK2
CLK3,214,206,KEA3,0.2742857142857143,2,CMGC,CLK,CLK,CLK3
CLK4,321,283,KEA3,0.04,1,CMGC,CLK,CLK,CLK4
CSF1R,116,108,KEA3,0.6285714285714286,3,TK,PDGFR,PDGFR,CSF1R
CSK,152.66666666666666,153,KEA3,0.4828571428571429,2,TK,CSK,CSK,CSK
CSNK1A1,89,73,KEA3,0.7428571428571429,3,CK1,CK1,CK1-A,CSNK1A1
CSNK1A1L,337,295,KEA3,0.005714285714285714,1,CK1,CK1,CK1-A,CSNK1A1L
CSNK1D,103.33333333333333,91,KEA3,0.6857142857142857,3,CK1,CK1,CK1-D,CSNK1D
CSNK1E,120.66666666666667,117,KEA3,0.5942857142857143,3,CK1,CK1,CK1-D,CSNK1E
CSNK1G1,130.5,126,KEA3,0.5685714285714286,3,CK1,CK1,CK1-G,CSNK1G1
CSNK1G2,210.5,202,KEA3,0.29714285714285715,2,CK1,CK1,CK1-G,CSNK1G2
CSNK1G3,257,232,KEA3,0.18571428571428572,1,CK1,CK1,CK1-G,CSNK1G3
CSNK2A1,29.666666666666664,17,KEA3,0.9485714285714286,4,CMGC,CK2,CK2,CSNK2A1
CSNK2A2,120.66666666666667,117,KEA3,0.5942857142857143,3,CMGC,CK2,CK2,CSNK2A2
DAPK1,168,172,KEA3,0.4114285714285714,2,CAMK,DAPK,DAPK,DAPK1
DAPK3,120.66666666666666,116,KEA3,0.6,3,CAMK,DAPK,DAPK,DAPK3
DCLK1,192,194,KEA3,0.3314285714285714,2,CAMK,DCAMKL,DCAMKL,DCLK1
DDR1,84,62,KEA3,0.7828571428571428,4,TK,DDR,DDR,DDR1
DDR2,224,216,KEA3,0.24,1,TK,DDR,DDR,DDR2
DMPK,105,94,KEA3,0.6742857142857143,3,AGC,DMPK,GEK,DMPK
DYRK1A,96.66666666666667,86,KEA3,0.7,3,CMGC,DYRK,DYRK1,DYRK1A
DYRK1B,39.333333333333336,26,KEA3,0.9228571428571428,4,CMGC,DYRK,DYRK1,DYRK1B
DYRK2,92,77,KEA3,0.7257142857142858,3,CMGC,DYRK,DYRK2,DYRK2
DYRK3,184,185,KEA3,0.3628571428571429,2,CMGC,DYRK,DYRK2,DYRK3
DYRK4,77,56,KEA3,0.8171428571428572,4,CMGC,DYRK,DYRK2,DYRK4
EEF2K,140.5,142,KEA3,0.5142857142857142,3,ATYPICAL,ALPHA,EEF2K,EEF2K
EGFR,74.33333333333333,52,KEA3,0.8314285714285714,4,TK,EGFR,EGFR,EGFR
EIF2AK1,315,278,KEA3,0.054285714285714284,1,OTHER,PEK,HRI,EIF2AK1
EIF2AK2,128.66666666666666,123,KEA3,0.5771428571428572,3,OTHER,PEK,PKR,EIF2AK2
EIF2AK3,335,293,KEA3,0.011428571428571429,1,OTHER,PEK,PEK,EIF2AK3
EPHA2,320,282,KEA3,0.04285714285714286,1,TK,EPH,EPH,EPHA2
EPHA3,133.5,131,KEA3,0.5514285714285714,3,TK,EPH,EPH,EPHA3
EPHA4,326,286,KEA3,0.03142857142857143,1,TK,EPH,EPH,EPHA4
EPHA8,334,292,KEA3,0.014285714285714285,1,TK,EPH,EPH,EPHA8
EPHB1,322,284,KEA3,0.037142857142857144,1,TK,EPH,EPH,EPHB1
EPHB2,290,256,KEA3,0.11714285714285715,1,TK,EPH,EPH,EPHB2
EPHB3,173,177,KEA3,0.3914285714285714,2,TK,EPH,EPH,EPHB3
ERBB2,113.5,106,KEA3,0.6342857142857142,3,TK,EGFR,EGFR,ERBB2
ERBB4,319,281,KEA3,0.045714285714285714,1,TK,EGFR,EGFR,ERBB4
FASTK,231,218,KEA3,0.23142857142857143,1,ATYPICAL,FAST,FAST,FASTK
FER,68,46,KEA3,0.8514285714285714,4,TK,FER,FER,FER
FES,268,241,KEA3,0.16,1,TK,FER,FER,FES
FGFR1,130.66666666666666,127,KEA3,0.5657142857142857,3,TK,FGFR,FGFR,FGFR1
FGFR2,109,100,KEA3,0.6542857142857142,3,TK,FGFR,FGFR,FGFR2
FGFR3,166,168,KEA3,0.4257142857142857,2,TK,FGFR,FGFR,FGFR3
FGFR4,123,120,KEA3,0.5857142857142857,3,TK,FGFR,FGFR,FGFR4
FGR,78,57,KEA3,0.8142857142857143,4,TK,SRC,SRCA,FGR
FLT1,306,270,KEA3,0.07714285714285714,1,TK,VEGFR,VEGFR,FLT1
FLT3,220,211,KEA3,0.2571428571428571,2,TK,PDGFR,PDGFR,FLT3
FLT4,265,239,KEA3,0.1657142857142857,1,TK,VEGFR,VEGFR,FLT4
FRK,145.5,145,KEA3,0.5057142857142857,3,TK,SRC,FRK,FRK
FYN,54.666666666666664,35,KEA3,0.8885714285714286,4,TK,SRC,SRCA,FYN
GRK1,331,290,KEA3,0.02,1,AGC,GRK,GRK,GRK1
GRK2,37,23,KEA3,0.9314285714285714,4,AGC,GRK,BARK,GRK2
GRK3,84.5,63,KEA3,0.78,4,AGC,GRK,BARK,GRK3
GRK5,44.333333333333336,28,KEA3,0.9171428571428571,4,AGC,GRK,GRK,GRK5
GRK6,133.66666666666666,132,KEA3,0.5485714285714286,3,AGC,GRK,GRK,GRK6
GSK3A,77,56,KEA3,0.8171428571428572,4,CMGC,GSK,GSK,GSK3A
GSK3B,7.666666666666667,3,KEA3,0.9942857142857143,4,CMGC,GSK,GSK,GSK3B
HASPIN,221,212,KEA3,0.25142857142857145,2,OTHER,HASPIN,HASPIN,HASPIN
HCK,109.66666666666667,102,KEA3,0.6485714285714286,3,TK,SRC,SRCB,HCK
HIPK1,114.5,107,KEA3,0.6314285714285715,3,CMGC,DYRK,HIPK,HIPK1
HIPK2,120,115,KEA3,0.6028571428571429,3,CMGC,DYRK,HIPK,HIPK2
HIPK3,291,257,KEA3,0.11428571428571428,1,CMGC,DYRK,HIPK,HIPK3
HIPK4,86,65,KEA3,0.7714285714285715,4,CMGC,DYRK,HIPK,HIPK4
ICK,280,249,KEA3,0.13714285714285715,1,CMGC,RCK,RCK,CILK1
IGF1R,96.33333333333333,85,KEA3,0.7028571428571428,3,TK,INSR,INSR,IGF1R
IKBKB,68.66666666666667,47,KEA3,0.8485714285714285,4,OTHER,IKK,IKK,IKBKB
IKBKE,51.333333333333336,32,KEA3,0.9028571428571428,4,OTHER,IKK,IKK,IKBKE
ILK,104.33333333333333,93,KEA3,0.6771428571428572,3,TKL,MLK,ILK,ILK
INSR,117.33333333333333,111,KEA3,0.62,3,TK,INSR,INSR,INSR
IRAK1,198.5,198,KEA3,0.3142857142857143,2,TKL,IRAK,IRAK,IRAK1
IRAK3,247.5,225,KEA3,0.20857142857142857,1,TKL,IRAK,IRAK,IRAK3
IRAK4,289,255,KEA3,0.12,1,TKL,IRAK,IRAK,IRAK4
ITK,166.33333333333334,169,KEA3,0.4228571428571429,2,TK,TEC,TEC,ITK
JAK1,195,196,KEA3,0.32,2,TK,JAKA,JAKA,JAK1
JAK2,60.666666666666664,42,KEA3,0.8657142857142858,4,TK,JAKA,JAKA,JAK2
JAK3,167,171,KEA3,0.41714285714285715,2,TK,JAKA,JAKA,JAK3
KDR,300,264,KEA3,0.09428571428571429,1,TK,VEGFR,VEGFR,KDR
KIT,153,154,KEA3,0.4742857142857143,2,TK,PDGFR,PDGFR,KIT
KSR1,267,240,KEA3,0.16285714285714287,1,TKL,RAF,KSR,KSR1
KSR2,177,180,KEA3,0.38,2,TKL,RAF,KSR,KSR2
LATS1,193.33333333333334,195,KEA3,0.32857142857142857,2,AGC,NDR,NDR,LATS1
LATS2,139,140,KEA3,0.52,3,AGC,NDR,NDR,LATS2
LCK,59.666666666666664,41,KEA3,0.8685714285714285,4,TK,SRC,SRCB,LCK
LIMK1,281,250,KEA3,0.13428571428571429,1,TKL,LISK,LIMK,LIMK1
LIMK2,212,205,KEA3,0.28,2,TKL,LISK,LIMK,LIMK2
LRRK2,165.5,167,KEA3,0.43142857142857144,2,TKL,LRRK,LRRK,LRRK2
LYN,93.33333333333333,80,KEA3,0.7171428571428572,3,TK,SRC,SRCB,LYN
MAK,260,234,KEA3,0.18,1,CMGC,RCK,RCK,MAK
MAP2K1,88.33333333333333,71,KEA3,0.7514285714285714,4,STE,STE7,MEK1,MAP2K1
MAP2K2,210.5,202,KEA3,0.29714285714285715,2,STE,STE7,MEK1,MAP2K2
MAP2K3,206,200,KEA3,0.3057142857142857,2,STE,STE7,MEK3,MAP2K3
MAP2K4,159,163,KEA3,0.44285714285714284,2,STE,STE7,MEK4,MAP2K4
MAP2K6,190.66666666666666,193,KEA3,0.3342857142857143,2,STE,STE7,MEK3,MAP2K6
MAP2K7,107,96,KEA3,0.6685714285714286,3,STE,STE7,MEK7,MAP2K7
MAP3K1,253,229,KEA3,0.19714285714285715,1,STE,STE11,MEKK1,MAP3K1
MAP3K10,269,242,KEA3,0.15714285714285714,1,TKL,MLK,MLK,MAP3K10
MAP3K11,200,199,KEA3,0.30857142857142855,2,TKL,MLK,MLK,MAP3K11
MAP3K13,247.5,225,KEA3,0.20857142857142857,1,TKL,MLK,LZK,MAP3K13
MAP3K14,131,128,KEA3,0.5628571428571428,3,STE,STE-UNIQUE,STE-UNIQUE,MAP3K14
MAP3K20,278,248,KEA3,0.14,1,TKL,MLK,ZAK,MAP3K20
MAP3K3,287,254,KEA3,0.12285714285714286,1,STE,STE11,MEKK2,MAP3K3
MAP3K4,303,267,KEA3,0.08571428571428572,1,STE,STE11,MEKK4,MAP3K4
MAP3K5,109.66666666666666,101,KEA3,0.6514285714285715,3,STE,STE11,ASK,MAP3K5
MAP3K6,258,233,KEA3,0.18285714285714286,1,STE,STE11,ASK,MAP3K6
MAP3K7,108.33333333333333,98,KEA3,0.66,3,TKL,MLK,TAK1,MAP3K7
MAP3K8,169,174,KEA3,0.4057142857142857,2,STE,STE-UNIQUE,STE-UNIQUE,MAP3K8
MAP4K1,262,236,KEA3,0.1742857142857143,1,STE,STE20,KHS,MAP4K1
MAP4K2,152,152,KEA3,0.4857142857142857,2,STE,STE20,KHS,MAP4K2
MAP4K3,295,260,KEA3,0.10571428571428572,1,STE,STE20,KHS,MAP4K3
MAP4K4,310,273,KEA3,0.06857142857142857,1,STE,STE20,MSN,MAP4K4
MAP4K5,170.5,175,KEA3,0.40285714285714286,2,STE,STE20,KHS,MAP4K5
MAPK1,20.333333333333332,9,KEA3,0.9714285714285714,4,CMGC,MAPK,ERK1,MAPK1
MAPK10,94.33333333333333,81,KEA3,0.7142857142857143,3,CMGC,MAPK,JNK,MAPK10
MAPK11,116.33333333333333,109,KEA3,0.6257142857142857,3,CMGC,MAPK,P38,MAPK11
MAPK12,104,92,KEA3,0.68,3,CMGC,MAPK,P38,MAPK12
MAPK13,175,179,KEA3,0.38285714285714284,2,CMGC,MAPK,P38,MAPK13
MAPK14,25.666666666666668,13,KEA3,0.96,4,CMGC,MAPK,P38,MAPK14
MAPK15,215,207,KEA3,0.2714285714285714,2,CMGC,MAPK,ERK7,MAPK15
MAPK3,35.333333333333336,22,KEA3,0.9342857142857143,4,CMGC,MAPK,ERK1,MAPK3
MAPK6,200,199,KEA3,0.30857142857142855,2,CMGC,MAPK,ERK3,MAPK6
MAPK7,137,138,KEA3,0.5257142857142857,3,CMGC,MAPK,ERK5,MAPK7
MAPK8,104,92,KEA3,0.68,3,CMGC,MAPK,JNK,MAPK8
MAPK9,74,51,KEA3,0.8342857142857143,4,CMGC,MAPK,JNK,MAPK9
MAPKAPK2,92.33333333333333,78,KEA3,0.7228571428571429,3,CAMK,MAPKAPK,MAPKAPK,MAPKAPK2
MAPKAPK3,297,261,KEA3,0.10285714285714286,1,CAMK,MAPKAPK,MAPKAPK,MAPKAPK3
MAPKAPK5,48.666666666666664,31,KEA3,0.9057142857142857,4,CAMK,MAPKAPK,MAPKAPK,MAPKAPK5
MARK2,111,104,KEA3,0.64,3,CAMK,CAMKL,MARK,MARK2
MARK3,189.66666666666666,192,KEA3,0.33714285714285713,2,CAMK,CAMKL,MARK,MARK3
MARK4,333,291,KEA3,0.017142857142857144,1,CAMK,CAMKL,MARK,MARK4
MAST1,207.5,201,KEA3,0.3028571428571429,2,AGC,MAST,MAST,MAST1
MAST2,314,277,KEA3,0.05714285714285714,1,AGC,MAST,MAST,MAST2
MATK,212,205,KEA3,0.28,2,TK,CSK,CSK,MATK
MELK,304,268,KEA3,0.08285714285714285,1,CAMK,CAMKL,MELK,MELK
MERTK,153,154,KEA3,0.4742857142857143,2,TK,AXL,AXL,MERTK
MET,117.66666666666667,112,KEA3,0.6171428571428571,3,TK,MET,MET,MET
MKNK1,139.33333333333334,141,KEA3,0.5171428571428571,3,CAMK,MAPKAPK,MNK,MKNK1
MKNK2,221,212,KEA3,0.25142857142857145,2,CAMK,MAPKAPK,MNK,MKNK2
MOK,239.5,221,KEA3,0.22285714285714286,1,CMGC,RCK,RCK,MOK
MOS,301,265,KEA3,0.09142857142857143,1,OTHER,MOS,MOS,MOS
MST1R,186,187,KEA3,0.3514285714285714,2,TK,MET,MET,MST1R
MTOR,135.66666666666666,134,KEA3,0.54,3,ATYPICAL,PIKK,FRAP,MTOR
MYLK2,227,217,KEA3,0.2342857142857143,1,CAMK,MLCK,MLCK,MYLK2
MYO3A,272,245,KEA3,0.14857142857142858,1,STE,STE20,NINAC,MYO3A
NEK10,284,252,KEA3,0.12857142857142856,1,OTHER,NEK,NEK10,NEK10
NEK11,313,276,KEA3,0.06,1,OTHER,NEK,NEK11,NEK11
NEK2,73,50,KEA3,0.8371428571428572,4,OTHER,NEK,NEK2,NEK2
NEK3,166,168,KEA3,0.4257142857142857,2,OTHER,NEK,NEK1,NEK3
NEK4,181.5,183,KEA3,0.37142857142857144,2,OTHER,NEK,NEK4,NEK4
NEK6,55.33333333333333,36,KEA3,0.8857142857142857,4,OTHER,NEK,NEK6,NEK6
NEK8,219.5,210,KEA3,0.26285714285714284,2,OTHER,NEK,NEK8,NEK8
NEK9,89.5,74,KEA3,0.74,3,OTHER,NEK,NEK8,NEK9
NIM1K,270,243,KEA3,0.15428571428571428,1,CAMK,CAMKL,NIM1,NIM1K
NLK,146,146,KEA3,0.5028571428571429,3,CMGC,MAPK,NMO,NLK
NPR2,111.5,105,KEA3,0.6371428571428571,3,RGC,RGC,RGC,NPR2
NRBP2,227,217,KEA3,0.2342857142857143,1,OTHER,NRBP,NRBP,NRBP2
NTRK1,106,95,KEA3,0.6714285714285714,3,TK,TRK,TRK,NTRK1
NTRK2,135,133,KEA3,0.5457142857142857,3,TK,TRK,TRK,NTRK2
NTRK3,255,231,KEA3,0.19142857142857142,1,TK,TRK,TRK,NTRK3
NUAK1,149.33333333333334,149,KEA3,0.4942857142857143,2,CAMK,CAMKL,NUAK,NUAK1
NUAK2,293,258,KEA3,0.11142857142857143,1,CAMK,CAMKL,NUAK,NUAK2
OXSR1,274,246,KEA3,0.1457142857142857,1,STE,STE20,FRAY,OXSR1
PAK1,52.33333333333333,33,KEA3,0.9,4,STE,STE20,PAKA,PAK1
PAK2,173,177,KEA3,0.3914285714285714,2,STE,STE20,PAKA,PAK2
PAK3,263,237,KEA3,0.17142857142857143,1,STE,STE20,PAKA,PAK3
PAK4,52.333333333333336,34,KEA3,0.8942857142857142,4,STE,STE20,PAKB,PAK4
PAK5,328,288,KEA3,0.025714285714285714,1,STE,STE20,PAKB,PAK5
PAK6,108.5,99,KEA3,0.6571428571428571,3,STE,STE20,PAKB,PAK6
PASK,158,161,KEA3,0.44857142857142857,2,CAMK,CAMKL,PASK,PASK
PBK,94.66666666666667,82,KEA3,0.7114285714285714,3,OTHER,TOPK,TOPK,PBK
PDGFRA,223,214,KEA3,0.24571428571428572,1,TK,PDGFR,PDGFR,PDGFRA
PDGFRB,143,144,KEA3,0.5085714285714286,3,TK,PDGFR,PDGFR,PDGFRB
PDIK1L,299,263,KEA3,0.09714285714285714,1,OTHER,NKF4,NKF4,PDIK1L
PDK1,164.5,166,KEA3,0.4342857142857143,2,ATYPICAL,PDHK,PDHK,PDK1
PDPK1,121.5,119,KEA3,0.5885714285714285,3,AGC,PDK1,PDK1,PDPK1
PIK3CA,219,209,KEA3,0.26571428571428574,2,NA,NA,NA,PIK3CA
PIK3CB,336,294,KEA3,0.008571428571428572,1,NA,NA,NA,PIK3CB
PIK3CG,311,274,KEA3,0.06571428571428571,1,NA,NA,NA,PIK3CG
PIK3R4,264,238,KEA3,0.16857142857142857,1,OTHER,VPS15,VPS15,PIK3R4
PIM1,23.666666666666668,12,KEA3,0.9628571428571429,4,CAMK,PIM,PIM,PIM1
PIM2,136.5,137,KEA3,0.5314285714285715,3,CAMK,PIM,PIM,PIM2
PINK1,150,150,KEA3,0.49142857142857144,2,OTHER,NKF2,NKF2,PINK1
PKMYT1,175,179,KEA3,0.38285714285714284,2,OTHER,WEE,WEE,PKMYT1
PKN1,133,130,KEA3,0.5542857142857143,3,AGC,PKN,PKN,PKN1
PLK1,65.66666666666667,44,KEA3,0.8571428571428571,4,OTHER,PLK,PLK1,PLK1
PLK2,153.5,155,KEA3,0.4714285714285714,2,OTHER,PLK,PLK2,PLK2
PLK3,38.333333333333336,24,KEA3,0.9285714285714286,4,OTHER,PLK,PLK2,PLK3
PLK4,128,122,KEA3,0.58,3,OTHER,PLK,SAK,PLK4
PNCK,178,181,KEA3,0.37714285714285717,2,CAMK,CAMK1,CAMK1,PNCK
PRKAA1,19,7,KEA3,0.98,4,CAMK,CAMKL,AMPK,PRKAA1
PRKAA2,90.66666666666667,76,KEA3,0.7342857142857143,3,CAMK,CAMKL,AMPK,PRKAA2
PRKACA,3.333333333333333,2,KEA3,0.9971428571428571,4,AGC,PKA,PKA,PRKACA
PRKACB,248,226,KEA3,0.2057142857142857,1,AGC,PKA,PKA,PRKACB
PRKCA,2.6666666666666665,1,KEA3,1,4,AGC,PKC,ALPHA,PRKCA
PRKCB,26.666666666666668,14,KEA3,0.9571428571428572,4,AGC,PKC,ALPHA,PRKCB
PRKCD,54.666666666666664,35,KEA3,0.8885714285714286,4,AGC,PKC,DELTA,PRKCD
PRKCE,85.66666666666667,64,KEA3,0.7771428571428571,4,AGC,PKC,ETA,PRKCE
PRKCG,90.33333333333333,75,KEA3,0.7371428571428571,3,AGC,PKC,ALPHA,PRKCG
PRKCH,156.66666666666666,158,KEA3,0.46,2,AGC,PKC,ETA,PRKCH
PRKCI,67,45,KEA3,0.8542857142857143,4,AGC,PKC,IOTA,PRKCI
PRKCQ,38.666666666666664,25,KEA3,0.9257142857142857,4,AGC,PKC,DELTA,PRKCQ
PRKCZ,87.33333333333333,67,KEA3,0.7657142857142857,4,AGC,PKC,IOTA,PRKCZ
PRKD1,27.666666666666668,16,KEA3,0.9514285714285714,4,CAMK,PKD,PKD,PRKD1
PRKD2,173,177,KEA3,0.3914285714285714,2,CAMK,PKD,PKD,PRKD2
PRKD3,195,196,KEA3,0.32,2,CAMK,PKD,PKD,PRKD3
PRKDC,52.333333333333336,34,KEA3,0.8942857142857142,4,ATYPICAL,PIKK,DNAPK,PRKDC
PRKG1,22,11,KEA3,0.9657142857142857,4,AGC,PKG,PKG,PRKG1
PRKG2,232,219,KEA3,0.22857142857142856,1,AGC,PKG,PKG,PRKG2
PRKX,83,61,KEA3,0.7885714285714286,4,AGC,PKA,PKA,PRKX
PRKY,149,148,KEA3,0.49714285714285716,2,AGC,PKA,PKA,PRKY
PRPF4B,183.5,184,KEA3,0.36857142857142855,2,CMGC,DYRK,PRP4,PRPF4B
PTK2,97.33333333333333,87,KEA3,0.6971428571428572,3,TK,FAK,FAK,PTK2
PTK2B,86.33333333333333,66,KEA3,0.7685714285714286,4,TK,FAK,FAK,PTK2B
PTK6,82,60,KEA3,0.7942857142857143,4,TK,SRC,SRM,PTK6
PXK,103,90,KEA3,0.6885714285714286,3,OTHER,SLOB,SLOB,PXK
RAF1,87.66666666666667,69,KEA3,0.7571428571428571,4,TKL,RAF,RAF,RAF1
RET,101,89,KEA3,0.6914285714285714,3,TK,RET,RET,RET
RIOK1,285,253,KEA3,0.12571428571428572,1,ATYPICAL,RIO,RIO1,RIOK1
RIPK1,187,188,KEA3,0.3485714285714286,2,TKL,RIPK,RIPK,RIPK1
RIPK2,214,206,KEA3,0.2742857142857143,2,TKL,RIPK,RIPK,RIPK2
RIPK3,118,113,KEA3,0.6142857142857143,3,TKL,RIPK,RIPK,RIPK3
ROCK1,141.66666666666666,143,KEA3,0.5114285714285715,3,AGC,DMPK,ROCK,ROCK1
ROCK2,157,159,KEA3,0.4542857142857143,2,AGC,DMPK,ROCK,ROCK2
RPS6KA1,9.666666666666666,4,KEA3,0.9914285714285714,4,AGC,RSK,RSK,RPS6KA1
RPS6KA2,92,77,KEA3,0.7257142857142858,3,AGC,RSK,RSK,RPS6KA2
RPS6KA3,20.666666666666668,10,KEA3,0.9685714285714285,4,AGC,RSK,RSK,RPS6KA3
RPS6KA4,59.5,40,KEA3,0.8714285714285714,4,AGC,RSK,MSK,RPS6KA4
RPS6KA5,41,27,KEA3,0.92,4,AGC,RSK,MSK,RPS6KA5
RPS6KB1,57.666666666666664,38,KEA3,0.8771428571428571,4,AGC,RSK,P70,RPS6KB1
RPS6KB2,173.33333333333334,178,KEA3,0.38857142857142857,2,AGC,RSK,P70,RPS6KB2
RPS6KL1,312,275,KEA3,0.06285714285714286,1,AGC,RSKL,RSKL,RPS6KL1
SCYL1,327,287,KEA3,0.02857142857142857,1,OTHER,SCY1,SCY1,SCYL1
SCYL2,137,138,KEA3,0.5257142857142857,3,OTHER,SCY1,SCY1,SCYL2
SCYL3,254,230,KEA3,0.19428571428571428,1,OTHER,SCY1,SCY1,SCYL3
SGK1,88,70,KEA3,0.7542857142857143,4,AGC,SGK,SGK,SGK1
SGK2,171,176,KEA3,0.4,2,AGC,SGK,SGK,SGK2
SGK3,185,186,KEA3,0.35428571428571426,2,AGC,SGK,SGK,SGK3
SIK1,222,213,KEA3,0.24857142857142858,1,CAMK,CAMKL,QIK,SIK1
SIK2,307,271,KEA3,0.07428571428571429,1,CAMK,CAMKL,QIK,SIK2
SMG1,330,289,KEA3,0.022857142857142857,1,ATYPICAL,PIKK,SMG1,SMG1
SNRK,188,189,KEA3,0.3457142857142857,2,CAMK,CAMKL,SNRK,SNRK
SRC,13.333333333333334,5,KEA3,0.9885714285714285,4,TK,SRC,SRCA,SRC
SRMS,126,121,KEA3,0.5828571428571429,3,TK,SRC,SRM,SRMS
SRPK1,136,135,KEA3,0.5371428571428571,3,CMGC,SRPK,SRPK,SRPK1
SRPK2,76.5,55,KEA3,0.8228571428571428,4,CMGC,SRPK,SRPK,SRPK2
STK10,184,185,KEA3,0.3628571428571429,2,STE,STE20,SLK,STK10
STK11,79,59,KEA3,0.7971428571428572,4,CAMK,CAMKL,LKB,STK11
STK16,87.5,68,KEA3,0.7628571428571429,4,OTHER,NAK,MPSK,STK16
STK17A,59,39,KEA3,0.8742857142857143,4,CAMK,DAPK,DRAK,STK17A
STK24,155.5,157,KEA3,0.46285714285714286,2,STE,STE20,YSK,STK24
STK25,211.5,204,KEA3,0.2857142857142857,2,STE,STE20,YSK,STK25
STK26,234.5,220,KEA3,0.2257142857142857,1,STE,STE20,YSK,STK26
STK3,65.66666666666667,44,KEA3,0.8571428571428571,4,STE,STE20,MST,STK3
STK33,271,244,KEA3,0.15142857142857144,1,CAMK,CAMK-UNIQUE,CAMK-UNIQUE,STK33
STK36,244,224,KEA3,0.21428571428571427,1,OTHER,ULK,FUSED,STK36
STK38,189,191,KEA3,0.34,2,AGC,NDR,NDR,STK38
STK38L,220,211,KEA3,0.2571428571428571,2,AGC,NDR,NDR,STK38L
STK39,120,115,KEA3,0.6028571428571429,3,STE,STE20,FRAY,STK39
STK4,138,139,KEA3,0.5228571428571429,3,STE,STE20,MST,STK4
STK40,211.5,204,KEA3,0.2857142857142857,2,CAMK,SGK495,SGK495,STK40
STYK1,185,186,KEA3,0.35428571428571426,2,TK,TK-UNIQUE,TK-UNIQUE,STYK1
SYK,48.666666666666664,31,KEA3,0.9057142857142857,4,TK,SYK,SYK,SYK
TAOK1,308,272,KEA3,0.07142857142857142,1,STE,STE20,TAO,TAOK1
TBK1,69,48,KEA3,0.8428571428571429,4,OTHER,IKK,IKK,TBK1
TEC,168.5,173,KEA3,0.4085714285714286,2,TK,TEC,TEC,TEC
TEK,317,279,KEA3,0.05142857142857143,1,TK,TIE,TIE,TEK
TESK1,294,259,KEA3,0.10857142857142857,1,TKL,LISK,TESK,TESK1
TESK2,155.5,157,KEA3,0.46285714285714286,2,TKL,LISK,TESK,TESK2
TGFBR1,160.5,165,KEA3,0.43714285714285717,2,TKL,STKR,TYPE1,TGFBR1
TGFBR2,79,59,KEA3,0.7971428571428572,4,TKL,STKR,TYPE2,TGFBR2
TLK1,339,297,KEA3,0,1,OTHER,TLK,TLK,TLK1
TNIK,318,280,KEA3,0.04857142857142857,1,STE,STE20,MSN,TNIK
TNK2,116.66666666666667,110,KEA3,0.6228571428571429,3,TK,ACK,ACK,TNK2
TNNI3K,75.5,53,KEA3,0.8285714285714286,4,TKL,MLK,HH498,TNNI3K
TP53RK,338,296,KEA3,0.002857142857142857,1,OTHER,BUD32,BUD32,TP53RK
TRIB3,154.5,156,KEA3,0.4685714285714286,2,CAMK,TRBL,TRBL,TRIB3
TRPM7,217,208,KEA3,0.26857142857142857,2,ATYPICAL,ALPHA,CHAK,TRPM7
TTK,136.33333333333334,136,KEA3,0.5342857142857143,3,OTHER,TTK,TTK,TTK
TXK,276,247,KEA3,0.14285714285714285,1,TK,TEC,TEC,TXK
TYK2,119,114,KEA3,0.6114285714285714,3,TK,JAKA,JAKA,TYK2
TYRO3,157.5,160,KEA3,0.4514285714285714,2,TK,AXL,AXL,TYRO3
UHMK1,147,147,KEA3,0.5,3,OTHER,KIS,KIS,UHMK1
ULK1,197,197,KEA3,0.3171428571428571,2,OTHER,ULK,ULK,ULK1
VRK1,160,164,KEA3,0.44,2,CK1,VRK,VRK,VRK1
VRK3,249.5,228,KEA3,0.2,1,CK1,VRK,VRK,VRK3
WEE1,88.5,72,KEA3,0.7457142857142857,3,OTHER,WEE,WEE,WEE1
WNK1,135.66666666666666,134,KEA3,0.54,3,OTHER,WNK,WNK,WNK1
YES1,100.33333333333333,88,KEA3,0.6942857142857143,3,TK,SRC,SRCA,YES1
ZAP70,79,59,KEA3,0.7971428571428572,4,TK,SYK,SYK,ZAP70
PRKX,3.6655462488490698,1,UKA,0.9669421487603306,4,AGC,PKA,PKA,PRKX
CAMK4,2.267606240177032,3,UKA,0.9421487603305785,4,CAMK,CAMK1,CAMK1,CAMK4
CAMK4,2.267606240177032,3,UKA,0.9421487603305785,4,OTHER,CAMKK,META,CAMKK1
PRKY,2.085762652232259,4,UKA,0.9338842975206612,4,AGC,PKA,PKA,PRKY
MAPKAPK3,1.9331524890261007,9,UKA,0.8925619834710744,4,CAMK,MAPKAPK,MAPKAPK,MAPKAPK3
PIM1,1.8802164138383024,11,UKA,0.8760330578512396,4,CAMK,PIM,PIM,PIM1
PIM2,1.8394714461482429,13,UKA,0.859504132231405,4,CAMK,PIM,PIM,PIM2
ATR,1.5482749531933049,18,UKA,0.8181818181818182,4,ATYPICAL,PIKK,ATR,ATR
PLK3,1.422508200162775,24,UKA,0.768595041322314,4,OTHER,PLK,PLK2,PLK3
CDK10,1.3960333046311528,25,UKA,0.7603305785123967,4,CMGC,CDK,CDK10,CDK10
MAPKAPK2,1.368881058587538,30,UKA,0.71900826446281,3,CAMK,MAPKAPK,MAPKAPK,MAPKAPK2
CDKL1,1.3310924976981382,33,UKA,0.6942148760330579,3,CMGC,CDKL,CDKL,CDKL1
SGK2,1.3133637307377066,36,UKA,0.6694214876033058,3,AGC,SGK,SGK,SGK2
SGK2,1.3133637307377066,36,UKA,0.6694214876033058,3,AGC,SGK,SGK,SGK3
ROCK1,1.1222141410983737,44,UKA,0.6033057851239669,3,AGC,DMPK,ROCK,ROCK1
DAPK3,1.115589839748949,45,UKA,0.5950413223140496,3,CAMK,DAPK,DAPK,DAPK3
CDK3,0.9463377653390586,50,UKA,0.5537190082644629,3,CMGC,CDK,CDC2,CDK3
PAK1,0.7601701795162135,55,UKA,0.512396694214876,3,STE,STE20,PAKA,PAK1
SGK1,0.7555942184115835,56,UKA,0.5041322314049587,3,AGC,SGK,SGK,SGK1
CDK6,0.5920315535978405,61,UKA,0.4628099173553719,2,CMGC,CDK,CDK4,CDK6
NUAK1,0.5576895917663269,64,UKA,0.4380165289256198,2,CAMK,CAMKL,NUAK,NUAK1
CDK7,0.5505030877657243,65,UKA,0.4297520661157025,2,CMGC,CDK,CDK7,CDK7
CDK4,0.5501144959679509,66,UKA,0.4214876033057851,2,CMGC,CDK,CDK4,CDK4
CDKL2,0.5201577717533121,67,UKA,0.4132231404958678,2,CMGC,CDKL,CDKL,CDKL2
RAF1,0.3560580309200717,73,UKA,0.36363636363636365,2,TKL,RAF,RAF,RAF1
ROCK2,0.33878232704048183,74,UKA,0.35537190082644626,2,AGC,DMPK,ROCK,ROCK2
CDKL5,0.27832985121112014,79,UKA,0.3140495867768595,2,CMGC,CDKL,CDKL,CDKL5
CDK5,0.257560827540933,81,UKA,0.2975206611570248,2,CMGC,CDK,CDK5,CDK5
DYRK1A,0.2027556881123176,86,UKA,0.256198347107438,2,CMGC,DYRK,DYRK1,DYRK1A
TBK1,0.2001193311957626,87,UKA,0.24793388429752067,1,OTHER,IKK,IKK,TBK1
MAPK14,0.1786908935721258,89,UKA,0.23140495867768596,1,CMGC,MAPK,P38,MAPK14
CDK2,0.15802769327264485,93,UKA,0.19834710743801653,1,CMGC,CDK,CDC2,CDK2
ARAF,0.09735974057100748,101,UKA,0.10743801652892562,1,TKL,RAF,RAF,ARAF
PIM3,0.09735974057100748,101,UKA,0.10743801652892562,1,CAMK,PIM,PIM,PIM3
BRAF,0.09638049667945722,102,UKA,0.09917355371900827,1,TKL,RAF,RAF,BRAF
CDK9,0.09627857379759602,103,UKA,0.09090909090909091,1,CMGC,CDK,CDK9,CDK9
DAPK2,0.06615651407358393,107,UKA,0.05785123966942149,1,CAMK,DAPK,DAPK,DAPK2
ERK,-4.384166666666666,1,KRSA,0.9885297184567258,4,CMGC,MAPK,ERK1,MAPK1
ERK,-4.384166666666666,1,KRSA,0.9885297184567258,4,CMGC,MAPK,ERK7,MAPK15
ERK,-4.384166666666666,1,KRSA,0.9885297184567258,4,CMGC,MAPK,ERK1,MAPK3
ERK,-4.384166666666666,1,KRSA,0.9885297184567258,4,CMGC,MAPK,ERK3,MAPK4
ERK,-4.384166666666666,1,KRSA,0.9885297184567258,4,CMGC,MAPK,ERK3,MAPK6
ERK,-4.384166666666666,1,KRSA,0.9885297184567258,4,CMGC,MAPK,ERK5,MAPK7
PKCA,-2.4466666666666668,11,KRSA,0.8633993743482794,4,AGC,PKC,ALPHA,PRKCA
PKCA,-2.4466666666666668,11,KRSA,0.8633993743482794,4,AGC,PKC,ALPHA,PRKCB
PKCA,-2.4466666666666668,11,KRSA,0.8633993743482794,4,AGC,PKC,ALPHA,PRKCG
PLK,-2.943333333333334,8,KRSA,0.9009384775808134,4,NA,NA,NA,PLK5
PLK,-2.943333333333334,8,KRSA,0.9009384775808134,4,OTHER,PLK,PLK1,PLK1
PLK,-2.943333333333334,8,KRSA,0.9009384775808134,4,OTHER,PLK,PLK2,PLK2
PLK,-2.943333333333334,8,KRSA,0.9009384775808134,4,OTHER,PLK,PLK2,PLK3
PLK,-2.943333333333334,8,KRSA,0.9009384775808134,4,OTHER,PLK,SAK,PLK4
P38,-3.2391666666666667,6,KRSA,0.9259645464025026,4,CMGC,MAPK,P38,MAPK11
P38,-3.2391666666666667,6,KRSA,0.9259645464025026,4,CMGC,MAPK,P38,MAPK12
P38,-3.2391666666666667,6,KRSA,0.9259645464025026,4,CMGC,MAPK,P38,MAPK13
P38,-3.2391666666666667,6,KRSA,0.9259645464025026,4,CMGC,MAPK,P38,MAPK14
JNK,-3.725833333333333,3,KRSA,0.9635036496350365,4,CMGC,MAPK,JNK,MAPK10
JNK,-3.725833333333333,3,KRSA,0.9635036496350365,4,CMGC,MAPK,JNK,MAPK8
JNK,-3.725833333333333,3,KRSA,0.9635036496350365,4,CMGC,MAPK,JNK,MAPK9
PDK1,-3.7941666666666665,2,KRSA,0.9760166840458812,4,ATYPICAL,PDHK,PDHK,PDK1
PDK1,-3.7941666666666665,2,KRSA,0.9760166840458812,4,AGC,PDK1,PDK1,PDPK1
CDK,-3.35,5,KRSA,0.9384775808133472,4,CMGC,CDK,CDC2,CDK1
CDK,-3.35,5,KRSA,0.9384775808133472,4,CMGC,CDK,CDK10,CDK10
CDK,-3.35,5,KRSA,0.9384775808133472,4,CMGC,CDK,CRK7,CDK12
CDK,-3.35,5,KRSA,0.9384775808133472,4,CMGC,CDK,CRK7,CDK13
CDK,-3.35,5,KRSA,0.9384775808133472,4,CMGC,CDK,PFTAIRE,CDK14
CDK,-3.35,5,KRSA,0.9384775808133472,4,CMGC,CDK,PFTAIRE,CDK15
CDK,-3.35,5,KRSA,0.9384775808133472,4,CMGC,CDK,PCTAIRE,CDK16
CDK,-3.35,5,KRSA,0.9384775808133472,4,CMGC,CDK,PCTAIRE,CDK17
CDK,-3.35,5,KRSA,0.9384775808133472,4,CMGC,CDK,PCTAIRE,CDK18
CDK,-3.35,5,KRSA,0.9384775808133472,4,CMGC,CDK,CDK8,CDK19
CDK,-3.35,5,KRSA,0.9384775808133472,4,CMGC,CDK,CDC2,CDK2
CDK,-3.35,5,KRSA,0.9384775808133472,4,CMGC,CDK,CCRK,CDK20
CDK,-3.35,5,KRSA,0.9384775808133472,4,CMGC,CDK,CDC2,CDK3
CDK,-3.35,5,KRSA,0.9384775808133472,4,CMGC,CDK,CDK4,CDK4
CDK,-3.35,5,KRSA,0.9384775808133472,4,CMGC,CDK,CDK5,CDK5
CDK,-3.35,5,KRSA,0.9384775808133472,4,CMGC,CDK,CDK4,CDK6
CDK,-3.35,5,KRSA,0.9384775808133472,4,CMGC,CDK,CDK7,CDK7
CDK,-3.35,5,KRSA,0.9384775808133472,4,CMGC,CDK,CDK8,CDK8
CDK,-3.35,5,KRSA,0.9384775808133472,4,CMGC,CDK,CDK9,CDK9
CDK,-3.35,5,KRSA,0.9384775808133472,4,NA,NA,NA,CDK11A
CDK,-3.35,5,KRSA,0.9384775808133472,4,NA,NA,NA,CDK11B
DYRK,-3.701666666666666,4,KRSA,0.9509906152241918,4,CMGC,DYRK,DYRK1,DYRK1A
DYRK,-3.701666666666666,4,KRSA,0.9509906152241918,4,CMGC,DYRK,DYRK1,DYRK1B
DYRK,-3.701666666666666,4,KRSA,0.9509906152241918,4,CMGC,DYRK,DYRK2,DYRK2
DYRK,-3.701666666666666,4,KRSA,0.9509906152241918,4,CMGC,DYRK,DYRK2,DYRK3
DYRK,-3.701666666666666,4,KRSA,0.9509906152241918,4,CMGC,DYRK,DYRK2,DYRK4
DYRK,-3.701666666666666,4,KRSA,0.9509906152241918,4,CMGC,DYRK,HIPK,HIPK1
DYRK,-3.701666666666666,4,KRSA,0.9509906152241918,4,CMGC,DYRK,HIPK,HIPK2
DYRK,-3.701666666666666,4,KRSA,0.9509906152241918,4,CMGC,DYRK,HIPK,HIPK3
DYRK,-3.701666666666666,4,KRSA,0.9509906152241918,4,CMGC,DYRK,HIPK,HIPK4
DYRK,-3.701666666666666,4,KRSA,0.9509906152241918,4,CMGC,DYRK,PRP4,PRPF4B
CK1,-2.104166666666667,15,KRSA,0.8133472367049009,4,CK1,CK1,CK1-A,CSNK1A1
CK1,-2.104166666666667,15,KRSA,0.8133472367049009,4,CK1,CK1,CK1-A,CSNK1A1L
CK1,-2.104166666666667,15,KRSA,0.8133472367049009,4,CK1,CK1,CK1-D,CSNK1D
CK1,-2.104166666666667,15,KRSA,0.8133472367049009,4,CK1,CK1,CK1-D,CSNK1E
CK1,-2.104166666666667,15,KRSA,0.8133472367049009,4,CK1,CK1,CK1-G,CSNK1G1
CK1,-2.104166666666667,15,KRSA,0.8133472367049009,4,CK1,CK1,CK1-G,CSNK1G2
CK1,-2.104166666666667,15,KRSA,0.8133472367049009,4,CK1,CK1,CK1-G,CSNK1G3
CK1,-2.104166666666667,15,KRSA,0.8133472367049009,4,CK1,TTBK,TTBK,TTBK1
CK1,-2.104166666666667,15,KRSA,0.8133472367049009,4,CK1,TTBK,TTBK,TTBK2
CK1,-2.104166666666667,15,KRSA,0.8133472367049009,4,CK1,VRK,VRK,VRK3
RAF,-2.3133333333333335,13,KRSA,0.8383733055265902,4,TKL,RAF,RAF,ARAF
RAF,-2.3133333333333335,13,KRSA,0.8383733055265902,4,TKL,RAF,RAF,BRAF
RAF,-2.3133333333333335,13,KRSA,0.8383733055265902,4,TKL,RAF,KSR,KSR1
RAF,-2.3133333333333335,13,KRSA,0.8383733055265902,4,TKL,RAF,KSR,KSR2
RAF,-2.3133333333333335,13,KRSA,0.8383733055265902,4,TKL,RAF,RAF,RAF1
PEK,-2.6991666666666667,10,KRSA,0.8759124087591241,4,OTHER,PEK,HRI,EIF2AK1
PEK,-2.6991666666666667,10,KRSA,0.8759124087591241,4,OTHER,PEK,PKR,EIF2AK2
PEK,-2.6991666666666667,10,KRSA,0.8759124087591241,4,OTHER,PEK,PEK,EIF2AK3
PEK,-2.6991666666666667,10,KRSA,0.8759124087591241,4,OTHER,PEK,GCN2,EIF2AK4
PHK,-1.56,22,KRSA,0.7257559958289885,3,CAMK,PHK,PHK,PHKG1
PHK,-1.56,22,KRSA,0.7257559958289885,3,CAMK,PHK,PHK,PHKG2
NMO,-2.44,12,KRSA,0.8508863399374348,4,CMGC,MAPK,NMO,NLK
DMPK,-0.905,38,KRSA,0.5255474452554745,3,AGC,DMPK,GEK,CDC42BPA
DMPK,-0.905,38,KRSA,0.5255474452554745,3,AGC,DMPK,GEK,CDC42BPB
DMPK,-0.905,38,KRSA,0.5255474452554745,3,AGC,DMPK,GEK,CDC42BPG
DMPK,-0.905,38,KRSA,0.5255474452554745,3,AGC,DMPK,CRIK,CIT
DMPK,-0.905,38,KRSA,0.5255474452554745,3,AGC,DMPK,GEK,DMPK
DMPK,-0.905,38,KRSA,0.5255474452554745,3,AGC,DMPK,ROCK,ROCK1
DMPK,-0.905,38,KRSA,0.5255474452554745,3,AGC,DMPK,ROCK,ROCK2
MST,-2.005833333333334,16,KRSA,0.8008342022940563,4,STE,STE20,MST,STK3
MST,-2.005833333333334,16,KRSA,0.8008342022940563,4,STE,STE20,MST,STK4
QIK,-2.275,14,KRSA,0.8258602711157456,4,CAMK,CAMKL,QIK,SIK1
QIK,-2.275,14,KRSA,0.8258602711157456,4,CAMK,CAMKL,QIK,SIK2
PKA,2.931666666666666,9,KRSA,0.8884254431699687,4,AGC,PKA,PKA,PRKACA
PKA,2.931666666666666,9,KRSA,0.8884254431699687,4,AGC,PKA,PKA,PRKACB
PKA,2.931666666666666,9,KRSA,0.8884254431699687,4,AGC,PKA,PKA,PRKACG
PKA,2.931666666666666,9,KRSA,0.8884254431699687,4,AGC,PKA,PKA,PRKX
PKA,2.931666666666666,9,KRSA,0.8884254431699687,4,AGC,PKA,PKA,PRKY
STE7,-1.6208333333333331,20,KRSA,0.7507820646506778,4,STE,STE7,MEK1,MAP2K1
STE7,-1.6208333333333331,20,KRSA,0.7507820646506778,4,STE,STE7,MEK1,MAP2K2
STE7,-1.6208333333333331,20,KRSA,0.7507820646506778,4,STE,STE7,MEK3,MAP2K3
STE7,-1.6208333333333331,20,KRSA,0.7507820646506778,4,STE,STE7,MEK4,MAP2K4
STE7,-1.6208333333333331,20,KRSA,0.7507820646506778,4,STE,STE7,MEK5,MAP2K5
STE7,-1.6208333333333331,20,KRSA,0.7507820646506778,4,STE,STE7,MEK3,MAP2K6
STE7,-1.6208333333333331,20,KRSA,0.7507820646506778,4,STE,STE7,MEK7,MAP2K7
STKR,-0.9475,36,KRSA,0.5505735140771637,3,TKL,STKR,TYPE1,ACVR1
STKR,-0.9475,36,KRSA,0.5505735140771637,3,TKL,STKR,TYPE1,ACVR1B
STKR,-0.9475,36,KRSA,0.5505735140771637,3,TKL,STKR,TYPE1,ACVR1C
STKR,-0.9475,36,KRSA,0.5505735140771637,3,TKL,STKR,TYPE2,ACVR2A
STKR,-0.9475,36,KRSA,0.5505735140771637,3,TKL,STKR,TYPE2,ACVR2B
STKR,-0.9475,36,KRSA,0.5505735140771637,3,TKL,STKR,TYPE1,ACVRL1
STKR,-0.9475,36,KRSA,0.5505735140771637,3,TKL,STKR,TYPE2,AMHR2
STKR,-0.9475,36,KRSA,0.5505735140771637,3,TKL,STKR,TYPE1,BMPR1A
STKR,-0.9475,36,KRSA,0.5505735140771637,3,TKL,STKR,TYPE1,BMPR1B
STKR,-0.9475,36,KRSA,0.5505735140771637,3,TKL,STKR,TYPE2,BMPR2
STKR,-0.9475,36,KRSA,0.5505735140771637,3,TKL,STKR,TYPE1,TGFBR1
STKR,-0.9475,36,KRSA,0.5505735140771637,3,TKL,STKR,TYPE2,TGFBR2
FRAY,-1.600833333333333,21,KRSA,0.7382690302398331,3,STE,STE20,FRAY,OXSR1
FRAY,-1.600833333333333,21,KRSA,0.7382690302398331,3,STE,STE20,FRAY,STK39
PKG,2.9516666666666667,7,KRSA,0.913451511991658,4,AGC,PKG,PKG,PRKG1
PKG,2.9516666666666667,7,KRSA,0.913451511991658,4,AGC,PKG,PKG,PRKG2
IRAK,-0.7391666666666667,53,KRSA,0.337851929092805,2,TKL,IRAK,IRAK,IRAK1
IRAK,-0.7391666666666667,53,KRSA,0.337851929092805,2,TKL,IRAK,IRAK,IRAK2
IRAK,-0.7391666666666667,53,KRSA,0.337851929092805,2,TKL,IRAK,IRAK,IRAK3
IRAK,-0.7391666666666667,53,KRSA,0.337851929092805,2,TKL,IRAK,IRAK,IRAK4
HAL,0.6866666666666666,54,KRSA,0.32533889468196037,2,RGC,RGC,RGC,NPR1
LKB,-1.4725,24,KRSA,0.7007299270072993,3,CAMK,CAMKL,LKB,STK11
NEK,-0.7866666666666666,49,KRSA,0.38790406673618355,2,OTHER,NEK,NEK11,NEK11
NEK,-0.7866666666666666,49,KRSA,0.38790406673618355,2,OTHER,NEK,NEK2,NEK2
NEK,-0.7866666666666666,49,KRSA,0.38790406673618355,2,OTHER,NEK,NEK1,NEK3
NEK,-0.7866666666666666,49,KRSA,0.38790406673618355,2,OTHER,NEK,NEK4,NEK4
NEK,-0.7866666666666666,49,KRSA,0.38790406673618355,2,OTHER,NEK,NEK1,NEK5
NEK,-0.7866666666666666,49,KRSA,0.38790406673618355,2,OTHER,NEK,NEK6,NEK6
NEK,-0.7866666666666666,49,KRSA,0.38790406673618355,2,OTHER,NEK,NEK6,NEK7
NEK,-0.7866666666666666,49,KRSA,0.38790406673618355,2,OTHER,NEK,NEK8,NEK8
NEK,-0.7866666666666666,49,KRSA,0.38790406673618355,2,OTHER,NEK,NEK8,NEK9
NUAK,-1.195,31,KRSA,0.6131386861313869,3,CAMK,CAMKL,NUAK,NUAK1
NUAK,-1.195,31,KRSA,0.6131386861313869,3,CAMK,CAMKL,NUAK,NUAK2
PKN,-1.0741666666666667,33,KRSA,0.5881126173096975,3,AGC,PKN,PKN,PKN1
PKN,-1.0741666666666667,33,KRSA,0.5881126173096975,3,AGC,PKN,PKN,PKN2
PKN,-1.0741666666666667,33,KRSA,0.5881126173096975,3,AGC,PKN,PKN,PKN3
NAK,-1.215,28,KRSA,0.6506777893639207,3,OTHER,NAK,BIKE,AAK1
NAK,-1.215,28,KRSA,0.6506777893639207,3,OTHER,NAK,BIKE,BMP2K
NAK,-1.215,28,KRSA,0.6506777893639207,3,OTHER,NAK,GAK,GAK
NAK,-1.215,28,KRSA,0.6506777893639207,3,OTHER,NAK,MPSK,STK16
TLK,-1.205,29,KRSA,0.6381647549530761,3,OTHER,TLK,TLK,TLK1
TLK,-1.205,29,KRSA,0.6381647549530761,3,OTHER,TLK,TLK,TLK2
ATR,-1.355,26,KRSA,0.67570385818561,3,ATYPICAL,PIKK,ATR,ATR
TTK,-1.2,30,KRSA,0.6256517205422315,3,OTHER,TTK,TTK,TTK
IKK,-0.8591666666666666,41,KRSA,0.4880083420229406,2,OTHER,IKK,IKK,CHUK
IKK,-0.8591666666666666,41,KRSA,0.4880083420229406,2,OTHER,IKK,IKK,IKBKB
IKK,-0.8591666666666666,41,KRSA,0.4880083420229406,2,OTHER,IKK,IKK,IKBKE
IKK,-0.8591666666666666,41,KRSA,0.4880083420229406,2,OTHER,IKK,IKK,TBK1
CHK1,-0.17666666666666667,75,KRSA,0.06256517205422316,1,CAMK,CAMKL,CHK1,CHEK1
STE11,-0.6575,57,KRSA,0.28779979144942647,2,TKL,MLK,TAK1,MAP3K7
STE11,-0.6575,57,KRSA,0.28779979144942647,2,STE,STE11,MEKK1,MAP3K1
STE11,-0.6575,57,KRSA,0.28779979144942647,2,STE,STE11,ASK,MAP3K15
STE11,-0.6575,57,KRSA,0.28779979144942647,2,STE,STE11,MEKK2,MAP3K2
STE11,-0.6575,57,KRSA,0.28779979144942647,2,STE,STE11,MEKK2,MAP3K3
STE11,-0.6575,57,KRSA,0.28779979144942647,2,STE,STE11,MEKK4,MAP3K4
STE11,-0.6575,57,KRSA,0.28779979144942647,2,STE,STE11,ASK,MAP3K5
STE11,-0.6575,57,KRSA,0.28779979144942647,2,STE,STE11,ASK,MAP3K6
MOS,1.0725,34,KRSA,0.5755995828988529,3,OTHER,MOS,MOS,MOS
GRK,-0.43083333333333335,68,KRSA,0.15015641293013557,1,AGC,GRK,GRK,GRK1
GRK,-0.43083333333333335,68,KRSA,0.15015641293013557,1,AGC,GRK,GRK,GRK4
GRK,-0.43083333333333335,68,KRSA,0.15015641293013557,1,AGC,GRK,GRK,GRK5
GRK,-0.43083333333333335,68,KRSA,0.15015641293013557,1,AGC,GRK,GRK,GRK6
GRK,-0.43083333333333335,68,KRSA,0.15015641293013557,1,AGC,GRK,GRK,GRK7
PRKDC,-1.0841666666666667,32,KRSA,0.6006256517205423,3,ATYPICAL,PIKK,DNAPK,PRKDC
BRSK,0.5175,63,KRSA,0.2127215849843587,1,CAMK,CAMKL,BRSK,BRSK1
BRSK,0.5175,63,KRSA,0.2127215849843587,1,CAMK,CAMKL,BRSK,BRSK2
PASK,0.8833333333333333,39,KRSA,0.5130344108446299,3,CAMK,CAMKL,PASK,PASK
GSK,-1.495,23,KRSA,0.7132429614181439,3,CMGC,GSK,GSK,GSK3A
GSK,-1.495,23,KRSA,0.7132429614181439,3,CMGC,GSK,GSK,GSK3B
TAO,-0.5108333333333334,64,KRSA,0.20020855057351408,1,STE,STE20,TAO,TAOK1
TAO,-0.5108333333333334,64,KRSA,0.20020855057351408,1,STE,STE20,TAO,TAOK2
TAO,-0.5108333333333334,64,KRSA,0.20020855057351408,1,STE,STE20,TAO,TAOK3
PKCD,0.5308333333333334,62,KRSA,0.22523461939520334,1,AGC,PKC,DELTA,PRKCD
PKCD,0.5308333333333334,62,KRSA,0.22523461939520334,1,AGC,PKC,DELTA,PRKCQ
WNK,-0.8433333333333334,42,KRSA,0.4754953076120959,2,OTHER,WNK,WNK,WNK1
WNK,-0.8433333333333334,42,KRSA,0.4754953076120959,2,OTHER,WNK,WNK,WNK2
WNK,-0.8433333333333334,42,KRSA,0.4754953076120959,2,OTHER,WNK,WNK,WNK3
WNK,-0.8433333333333334,42,KRSA,0.4754953076120959,2,OTHER,WNK,WNK,WNK4
KHS,0.3491666666666667,69,KRSA,0.13764337851929093,1,STE,STE20,KHS,MAP4K1
KHS,0.3491666666666667,69,KRSA,0.13764337851929093,1,STE,STE20,KHS,MAP4K2
KHS,0.3491666666666667,69,KRSA,0.13764337851929093,1,STE,STE20,KHS,MAP4K3
KHS,0.3491666666666667,69,KRSA,0.13764337851929093,1,STE,STE20,KHS,MAP4K5
CLK,-0.8325,47,KRSA,0.4129301355578728,2,CMGC,CLK,CLK,CLK1
CLK,-0.8325,47,KRSA,0.4129301355578728,2,CMGC,CLK,CLK,CLK2
CLK,-0.8325,47,KRSA,0.4129301355578728,2,CMGC,CLK,CLK,CLK3
CLK,-0.8325,47,KRSA,0.4129301355578728,2,CMGC,CLK,CLK,CLK4
BUD32,-0.8416666666666667,44,KRSA,0.4504692387904067,2,OTHER,BUD32,BUD32,TP53RK
CAMKK,-0.8425,43,KRSA,0.4629822732012513,2,OTHER,CAMKK,META,CAMKK1
CAMKK,-0.8425,43,KRSA,0.4629822732012513,2,OTHER,CAMKK,META,CAMKK2
ULK,-0.84,46,KRSA,0.4254431699687174,2,OTHER,ULK,FUSED,STK36
ULK,-0.84,46,KRSA,0.4254431699687174,2,OTHER,ULK,ULK,ULK1
ULK,-0.84,46,KRSA,0.4254431699687174,2,OTHER,ULK,ULK,ULK2
ULK,-0.84,46,KRSA,0.4254431699687174,2,OTHER,ULK,ULK,ULK3
ULK,-0.84,46,KRSA,0.4254431699687174,2,OTHER,ULK,ULK,ULK4
NIK,-0.8408333333333333,45,KRSA,0.43795620437956206,2,STE,STE-UNIQUE,STE-UNIQUE,MAP3K14
SLK,0.21083333333333332,74,KRSA,0.07507820646506778,1,STE,STE20,SLK,SLK
SLK,0.21083333333333332,74,KRSA,0.07507820646506778,1,STE,STE20,SLK,STK10
MTOR,-1.7675,17,KRSA,0.7883211678832117,4,ATYPICAL,PIKK,FRAP,MTOR
ATM,-0.9883333333333334,35,KRSA,0.5630865484880083,3,ATYPICAL,PIKK,ATM,ATM
MAPKAPK,0.07583333333333335,78,KRSA,0.02502606882168926,1,CAMK,MAPKAPK,MAPKAPK,MAPKAPK2
MAPKAPK,0.07583333333333335,78,KRSA,0.02502606882168926,1,CAMK,MAPKAPK,MAPKAPK,MAPKAPK3
MAPKAPK,0.07583333333333335,78,KRSA,0.02502606882168926,1,CAMK,MAPKAPK,MAPKAPK,MAPKAPK5
MAPKAPK,0.07583333333333335,78,KRSA,0.02502606882168926,1,CAMK,MAPKAPK,MNK,MKNK1
MAPKAPK,0.07583333333333335,78,KRSA,0.02502606882168926,1,CAMK,MAPKAPK,MNK,MKNK2
CAMK1,1.6283333333333334,19,KRSA,0.7632950990615224,4,CAMK,CAMK1,CAMK1,CAMK1
CAMK1,1.6283333333333334,19,KRSA,0.7632950990615224,4,CAMK,CAMK1,CAMK1,CAMK1D
CAMK1,1.6283333333333334,19,KRSA,0.7632950990615224,4,CAMK,CAMK1,CAMK1,CAMK1G
CAMK1,1.6283333333333334,19,KRSA,0.7632950990615224,4,CAMK,CAMK1,CAMK1,CAMK4
CAMK1,1.6283333333333334,19,KRSA,0.7632950990615224,4,CAMK,CAMK1,CAMK1,PNCK
PIM,0.09833333333333331,76,KRSA,0.05005213764337852,1,CAMK,PIM,PIM,PIM1
PIM,0.09833333333333331,76,KRSA,0.05005213764337852,1,CAMK,PIM,PIM,PIM2
PIM,0.09833333333333331,76,KRSA,0.05005213764337852,1,CAMK,PIM,PIM,PIM3
DAPK,-0.9291666666666668,37,KRSA,0.5380604796663191,3,CAMK,DAPK,DAPK,DAPK1
DAPK,-0.9291666666666668,37,KRSA,0.5380604796663191,3,CAMK,DAPK,DAPK,DAPK2
DAPK,-0.9291666666666668,37,KRSA,0.5380604796663191,3,CAMK,DAPK,DAPK,DAPK3
DAPK,-0.9291666666666668,37,KRSA,0.5380604796663191,3,CAMK,DAPK,DRAK,STK17A
DAPK,-0.9291666666666668,37,KRSA,0.5380604796663191,3,CAMK,DAPK,DRAK,STK17B
AMPK,0.08000000000000002,77,KRSA,0.03753910323253389,1,CAMK,CAMKL,AMPK,PRKAA1
AMPK,0.08000000000000002,77,KRSA,0.03753910323253389,1,CAMK,CAMKL,AMPK,PRKAA2
PKD,0.30500000000000005,71,KRSA,0.11261730969760167,1,CAMK,PKD,PKD,PRKD1
PKD,0.30500000000000005,71,KRSA,0.11261730969760167,1,CAMK,PKD,PKD,PRKD2
PKD,0.30500000000000005,71,KRSA,0.11261730969760167,1,CAMK,PKD,PKD,PRKD3
BARK2,0.5533333333333333,61,KRSA,0.23774765380604795,1,AGC,GRK,BARK,GRK3
CK2,-0.4708333333333333,66,KRSA,0.17518248175182483,1,CMGC,CK2,CK2,CSNK2A1
CK2,-0.4708333333333333,66,KRSA,0.17518248175182483,1,CMGC,CK2,CK2,CSNK2A2
CK2,-0.4708333333333333,66,KRSA,0.17518248175182483,1,NA,NA,NA,CSNK2A3
SGK,-0.7541666666666667,51,KRSA,0.36287799791449427,2,AGC,SGK,SGK,SGK1
SGK,-0.7541666666666667,51,KRSA,0.36287799791449427,2,AGC,SGK,SGK,SGK2
SGK,-0.7541666666666667,51,KRSA,0.36287799791449427,2,AGC,SGK,SGK,SGK3
NDR,0.4458333333333333,67,KRSA,0.16266944734098018,1,AGC,NDR,NDR,LATS1
NDR,0.4458333333333333,67,KRSA,0.16266944734098018,1,AGC,NDR,NDR,LATS2
NDR,0.4458333333333333,67,KRSA,0.16266944734098018,1,AGC,NDR,NDR,STK38
NDR,0.4458333333333333,67,KRSA,0.16266944734098018,1,AGC,NDR,NDR,STK38L
PKCI,0.7458333333333333,52,KRSA,0.35036496350364965,2,AGC,PKC,IOTA,PRKCI
PKCI,0.7458333333333333,52,KRSA,0.35036496350364965,2,AGC,PKC,IOTA,PRKCZ
AUR,-0.03083333333333335,79,KRSA,0.01251303441084463,1,OTHER,AUR,AUR,AURKA
AUR,-0.03083333333333335,79,KRSA,0.01251303441084463,1,OTHER,AUR,AUR,AURKB
AUR,-0.03083333333333335,79,KRSA,0.01251303441084463,1,OTHER,AUR,AUR,AURKC
COT,0.2966666666666667,72,KRSA,0.10010427528675704,1,STE,STE-UNIQUE,STE-UNIQUE,MAP3K8
PKCH,-0.21833333333333332,73,KRSA,0.08759124087591241,1,AGC,PKC,ETA,PRKCE
PKCH,-0.21833333333333332,73,KRSA,0.08759124087591241,1,AGC,PKC,ETA,PRKCH
PAKA,0.675,56,KRSA,0.30031282586027114,2,STE,STE20,PAKA,PAK1
PAKA,0.675,56,KRSA,0.30031282586027114,2,STE,STE20,PAKA,PAK2
PAKA,0.675,56,KRSA,0.30031282586027114,2,STE,STE20,PAKA,PAK3
VRK1,-1.3883333333333334,25,KRSA,0.6882168925964547,3,CK1,VRK,VRK,VRK1
MLCK,-0.8308333333333333,48,KRSA,0.40041710114702816,2,CAMK,MLCK,MLCK,MYLK
MLCK,-0.8308333333333333,48,KRSA,0.40041710114702816,2,CAMK,MLCK,MLCK,MYLK2
MLCK,-0.8308333333333333,48,KRSA,0.40041710114702816,2,CAMK,MLCK,MLCK,TTN
AKT,0.3075,70,KRSA,0.1251303441084463,1,AGC,AKT,AKT,AKT1
AKT,0.3075,70,KRSA,0.1251303441084463,1,AGC,AKT,AKT,AKT2
AKT,0.3075,70,KRSA,0.1251303441084463,1,AGC,AKT,AKT,AKT3
RIPK,1.2691666666666666,27,KRSA,0.6631908237747653,3,TKL,RIPK,RIPK,ANKK1
RIPK,1.2691666666666666,27,KRSA,0.6631908237747653,3,TKL,RIPK,RIPK,RIPK1
RIPK,1.2691666666666666,27,KRSA,0.6631908237747653,3,TKL,RIPK,RIPK,RIPK2
RIPK,1.2691666666666666,27,KRSA,0.6631908237747653,3,TKL,RIPK,RIPK,RIPK3
RIPK,1.2691666666666666,27,KRSA,0.6631908237747653,3,TKL,RIPK,RIPK,RIPK4
MELK,-0.6341666666666667,59,KRSA,0.26277372262773724,2,CAMK,CAMKL,MELK,MELK
MSN,-0.5541666666666666,60,KRSA,0.2502606882168926,2,STE,STE20,MSN,MAP4K4
MSN,-0.5541666666666666,60,KRSA,0.2502606882168926,2,STE,STE20,MSN,NRK
MSN,-0.5541666666666666,60,KRSA,0.2502606882168926,2,STE,STE20,MSN,TNIK
MLK,-0.8616666666666667,40,KRSA,0.5005213764337852,3,TKL,MLK,ILK,ILK
MLK,-0.8616666666666667,40,KRSA,0.5005213764337852,3,TKL,MLK,MLK,MAP3K10
MLK,-0.8616666666666667,40,KRSA,0.5005213764337852,3,TKL,MLK,MLK,MAP3K11
MLK,-0.8616666666666667,40,KRSA,0.5005213764337852,3,TKL,MLK,LZK,MAP3K12
MLK,-0.8616666666666667,40,KRSA,0.5005213764337852,3,TKL,MLK,LZK,MAP3K13
MLK,-0.8616666666666667,40,KRSA,0.5005213764337852,3,TKL,MLK,MLK,MAP3K9
MLK,-0.8616666666666667,40,KRSA,0.5005213764337852,3,TKL,MLK,HH498,TNNI3K
CAMK2,0.01416666666666666,80,KRSA,0,1,CAMK,CAMK2,CAMK2,CAMK2A
CAMK2,0.01416666666666666,80,KRSA,0,1,CAMK,CAMK2,CAMK2,CAMK2B
CAMK2,0.01416666666666666,80,KRSA,0,1,CAMK,CAMK2,CAMK2,CAMK2D
CAMK2,0.01416666666666666,80,KRSA,0,1,CAMK,CAMK2,CAMK2,CAMK2G
PAKB,-0.4825,65,KRSA,0.18769551616266944,1,STE,STE20,PAKB,PAK4
PAKB,-0.4825,65,KRSA,0.18769551616266944,1,STE,STE20,PAKB,PAK5
PAKB,-0.4825,65,KRSA,0.18769551616266944,1,STE,STE20,PAKB,PAK6
RAD53,0.7608333333333334,50,KRSA,0.3753910323253389,2,CAMK,RAD53,RAD53,CHEK2
PDHK,-0.6858333333333333,55,KRSA,0.31282586027111575,2,ATYPICAL,PDHK,BCKDK,BCKDK
PDHK,-0.6858333333333333,55,KRSA,0.31282586027111575,2,ATYPICAL,PDHK,PDHK,PDK2
PDHK,-0.6858333333333333,55,KRSA,0.31282586027111575,2,ATYPICAL,PDHK,PDHK,PDK3
PDHK,-0.6858333333333333,55,KRSA,0.31282586027111575,2,ATYPICAL,PDHK,PDHK,PDK4
RSK,0.635,58,KRSA,0.27528675703858185,2,AGC,RSK,RSK,RPS6KA1
RSK,0.635,58,KRSA,0.27528675703858185,2,AGC,RSK,RSK,RPS6KA2
RSK,0.635,58,KRSA,0.27528675703858185,2,AGC,RSK,RSK,RPS6KA3
RSK,0.635,58,KRSA,0.27528675703858185,2,AGC,RSK,MSK,RPS6KA4
RSK,0.635,58,KRSA,0.27528675703858185,2,AGC,RSK,MSK,RPS6KA5
RSK,0.635,58,KRSA,0.27528675703858185,2,AGC,RSK,RSK,RPS6KA6
RSK,0.635,58,KRSA,0.27528675703858185,2,AGC,RSK,P70,RPS6KB1
RSK,0.635,58,KRSA,0.27528675703858185,2,AGC,RSK,P70,RPS6KB2
ERK,-4.384166666666666,1,KRSA,0.9885297184567258,4,CMGC,MAPK,ERK1,MAPK1
ERK,-4.384166666666666,1,KRSA,0.9885297184567258,4,CMGC,MAPK,ERK7,MAPK15
ERK,-4.384166666666666,1,KRSA,0.9885297184567258,4,CMGC,MAPK,ERK1,MAPK3
ERK,-4.384166666666666,1,KRSA,0.9885297184567258,4,CMGC,MAPK,ERK3,MAPK4
ERK,-4.384166666666666,1,KRSA,0.9885297184567258,4,CMGC,MAPK,ERK3,MAPK6
ERK,-4.384166666666666,1,KRSA,0.9885297184567258,4,CMGC,MAPK,ERK5,MAPK7
PLK,-2.943333333333334,8,KRSA,0.9009384775808134,4,NA,NA,NA,PLK5
PLK,-2.943333333333334,8,KRSA,0.9009384775808134,4,OTHER,PLK,PLK1,PLK1
PLK,-2.943333333333334,8,KRSA,0.9009384775808134,4,OTHER,PLK,PLK2,PLK2
PLK,-2.943333333333334,8,KRSA,0.9009384775808134,4,OTHER,PLK,PLK2,PLK3
PLK,-2.943333333333334,8,KRSA,0.9009384775808134,4,OTHER,PLK,SAK,PLK4
P38,-3.2391666666666667,6,KRSA,0.9259645464025026,4,CMGC,MAPK,P38,MAPK11
P38,-3.2391666666666667,6,KRSA,0.9259645464025026,4,CMGC,MAPK,P38,MAPK12
P38,-3.2391666666666667,6,KRSA,0.9259645464025026,4,CMGC,MAPK,P38,MAPK13
P38,-3.2391666666666667,6,KRSA,0.9259645464025026,4,CMGC,MAPK,P38,MAPK14
JNK,-3.725833333333333,3,KRSA,0.9635036496350365,4,CMGC,MAPK,JNK,MAPK10
JNK,-3.725833333333333,3,KRSA,0.9635036496350365,4,CMGC,MAPK,JNK,MAPK8
JNK,-3.725833333333333,3,KRSA,0.9635036496350365,4,CMGC,MAPK,JNK,MAPK9
PKCA,-2.4466666666666668,11,KRSA,0.8633993743482794,4,AGC,PKC,ALPHA,PRKCA
PKCA,-2.4466666666666668,11,KRSA,0.8633993743482794,4,AGC,PKC,ALPHA,PRKCB
PKCA,-2.4466666666666668,11,KRSA,0.8633993743482794,4,AGC,PKC,ALPHA,PRKCG
DYRK,-3.701666666666666,4,KRSA,0.9509906152241918,4,CMGC,DYRK,DYRK1,DYRK1A
DYRK,-3.701666666666666,4,KRSA,0.9509906152241918,4,CMGC,DYRK,DYRK1,DYRK1B
DYRK,-3.701666666666666,4,KRSA,0.9509906152241918,4,CMGC,DYRK,DYRK2,DYRK2
DYRK,-3.701666666666666,4,KRSA,0.9509906152241918,4,CMGC,DYRK,DYRK2,DYRK3
DYRK,-3.701666666666666,4,KRSA,0.9509906152241918,4,CMGC,DYRK,DYRK2,DYRK4
DYRK,-3.701666666666666,4,KRSA,0.9509906152241918,4,CMGC,DYRK,HIPK,HIPK1
DYRK,-3.701666666666666,4,KRSA,0.9509906152241918,4,CMGC,DYRK,HIPK,HIPK2
DYRK,-3.701666666666666,4,KRSA,0.9509906152241918,4,CMGC,DYRK,HIPK,HIPK3
DYRK,-3.701666666666666,4,KRSA,0.9509906152241918,4,CMGC,DYRK,HIPK,HIPK4
DYRK,-3.701666666666666,4,KRSA,0.9509906152241918,4,CMGC,DYRK,PRP4,PRPF4B
PDK1,-3.7941666666666665,2,KRSA,0.9760166840458812,4,ATYPICAL,PDHK,PDHK,PDK1
PDK1,-3.7941666666666665,2,KRSA,0.9760166840458812,4,AGC,PDK1,PDK1,PDPK1
CK1,-2.104166666666667,15,KRSA,0.8133472367049009,4,CK1,CK1,CK1-A,CSNK1A1
CK1,-2.104166666666667,15,KRSA,0.8133472367049009,4,CK1,CK1,CK1-A,CSNK1A1L
CK1,-2.104166666666667,15,KRSA,0.8133472367049009,4,CK1,CK1,CK1-D,CSNK1D
CK1,-2.104166666666667,15,KRSA,0.8133472367049009,4,CK1,CK1,CK1-D,CSNK1E
CK1,-2.104166666666667,15,KRSA,0.8133472367049009,4,CK1,CK1,CK1-G,CSNK1G1
CK1,-2.104166666666667,15,KRSA,0.8133472367049009,4,CK1,CK1,CK1-G,CSNK1G2
CK1,-2.104166666666667,15,KRSA,0.8133472367049009,4,CK1,CK1,CK1-G,CSNK1G3
CK1,-2.104166666666667,15,KRSA,0.8133472367049009,4,CK1,TTBK,TTBK,TTBK1
CK1,-2.104166666666667,15,KRSA,0.8133472367049009,4,CK1,TTBK,TTBK,TTBK2
CK1,-2.104166666666667,15,KRSA,0.8133472367049009,4,CK1,VRK,VRK,VRK3
CDK,-3.35,5,KRSA,0.9384775808133472,4,CMGC,CDK,CDC2,CDK1
CDK,-3.35,5,KRSA,0.9384775808133472,4,CMGC,CDK,CDK10,CDK10
CDK,-3.35,5,KRSA,0.9384775808133472,4,CMGC,CDK,CRK7,CDK12
CDK,-3.35,5,KRSA,0.9384775808133472,4,CMGC,CDK,CRK7,CDK13
CDK,-3.35,5,KRSA,0.9384775808133472,4,CMGC,CDK,PFTAIRE,CDK14
CDK,-3.35,5,KRSA,0.9384775808133472,4,CMGC,CDK,PFTAIRE,CDK15
CDK,-3.35,5,KRSA,0.9384775808133472,4,CMGC,CDK,PCTAIRE,CDK16
CDK,-3.35,5,KRSA,0.9384775808133472,4,CMGC,CDK,PCTAIRE,CDK17
CDK,-3.35,5,KRSA,0.9384775808133472,4,CMGC,CDK,PCTAIRE,CDK18
CDK,-3.35,5,KRSA,0.9384775808133472,4,CMGC,CDK,CDK8,CDK19
CDK,-3.35,5,KRSA,0.9384775808133472,4,CMGC,CDK,CDC2,CDK2
CDK,-3.35,5,KRSA,0.9384775808133472,4,CMGC,CDK,CCRK,CDK20
CDK,-3.35,5,KRSA,0.9384775808133472,4,CMGC,CDK,CDC2,CDK3
CDK,-3.35,5,KRSA,0.9384775808133472,4,CMGC,CDK,CDK4,CDK4
CDK,-3.35,5,KRSA,0.9384775808133472,4,CMGC,CDK,CDK5,CDK5
CDK,-3.35,5,KRSA,0.9384775808133472,4,CMGC,CDK,CDK4,CDK6
CDK,-3.35,5,KRSA,0.9384775808133472,4,CMGC,CDK,CDK7,CDK7
CDK,-3.35,5,KRSA,0.9384775808133472,4,CMGC,CDK,CDK8,CDK8
CDK,-3.35,5,KRSA,0.9384775808133472,4,CMGC,CDK,CDK9,CDK9
CDK,-3.35,5,KRSA,0.9384775808133472,4,NA,NA,NA,CDK11A
CDK,-3.35,5,KRSA,0.9384775808133472,4,NA,NA,NA,CDK11B
PEK,-2.6991666666666667,10,KRSA,0.8759124087591241,4,OTHER,PEK,HRI,EIF2AK1
PEK,-2.6991666666666667,10,KRSA,0.8759124087591241,4,OTHER,PEK,PKR,EIF2AK2
PEK,-2.6991666666666667,10,KRSA,0.8759124087591241,4,OTHER,PEK,PEK,EIF2AK3
PEK,-2.6991666666666667,10,KRSA,0.8759124087591241,4,OTHER,PEK,GCN2,EIF2AK4
PKA,2.931666666666666,9,KRSA,0.8884254431699687,4,AGC,PKA,PKA,PRKACA
PKA,2.931666666666666,9,KRSA,0.8884254431699687,4,AGC,PKA,PKA,PRKACB
PKA,2.931666666666666,9,KRSA,0.8884254431699687,4,AGC,PKA,PKA,PRKACG
PKA,2.931666666666666,9,KRSA,0.8884254431699687,4,AGC,PKA,PKA,PRKX
PKA,2.931666666666666,9,KRSA,0.8884254431699687,4,AGC,PKA,PKA,PRKY
RAF,-2.3133333333333335,13,KRSA,0.8383733055265902,4,TKL,RAF,RAF,ARAF
RAF,-2.3133333333333335,13,KRSA,0.8383733055265902,4,TKL,RAF,RAF,BRAF
RAF,-2.3133333333333335,13,KRSA,0.8383733055265902,4,TKL,RAF,KSR,KSR1
RAF,-2.3133333333333335,13,KRSA,0.8383733055265902,4,TKL,RAF,KSR,KSR2
RAF,-2.3133333333333335,13,KRSA,0.8383733055265902,4,TKL,RAF,RAF,RAF1
NMO,-2.44,12,KRSA,0.8508863399374348,4,CMGC,MAPK,NMO,NLK
PKG,2.9516666666666667,7,KRSA,0.913451511991658,4,AGC,PKG,PKG,PRKG1
PKG,2.9516666666666667,7,KRSA,0.913451511991658,4,AGC,PKG,PKG,PRKG2
QIK,-2.275,14,KRSA,0.8258602711157456,4,CAMK,CAMKL,QIK,SIK1
QIK,-2.275,14,KRSA,0.8258602711157456,4,CAMK,CAMKL,QIK,SIK2
PHK,-1.56,22,KRSA,0.7257559958289885,3,CAMK,PHK,PHK,PHKG1
PHK,-1.56,22,KRSA,0.7257559958289885,3,CAMK,PHK,PHK,PHKG2
MST,-2.005833333333334,16,KRSA,0.8008342022940563,4,STE,STE20,MST,STK3
MST,-2.005833333333334,16,KRSA,0.8008342022940563,4,STE,STE20,MST,STK4
DMPK,-0.905,38,KRSA,0.5255474452554745,3,AGC,DMPK,GEK,CDC42BPA
DMPK,-0.905,38,KRSA,0.5255474452554745,3,AGC,DMPK,GEK,CDC42BPB
DMPK,-0.905,38,KRSA,0.5255474452554745,3,AGC,DMPK,GEK,CDC42BPG
DMPK,-0.905,38,KRSA,0.5255474452554745,3,AGC,DMPK,CRIK,CIT
DMPK,-0.905,38,KRSA,0.5255474452554745,3,AGC,DMPK,GEK,DMPK
DMPK,-0.905,38,KRSA,0.5255474452554745,3,AGC,DMPK,ROCK,ROCK1
DMPK,-0.905,38,KRSA,0.5255474452554745,3,AGC,DMPK,ROCK,ROCK2
NEK,-0.7866666666666666,49,KRSA,0.38790406673618355,2,OTHER,NEK,NEK11,NEK11
NEK,-0.7866666666666666,49,KRSA,0.38790406673618355,2,OTHER,NEK,NEK2,NEK2
NEK,-0.7866666666666666,49,KRSA,0.38790406673618355,2,OTHER,NEK,NEK1,NEK3
NEK,-0.7866666666666666,49,KRSA,0.38790406673618355,2,OTHER,NEK,NEK4,NEK4
NEK,-0.7866666666666666,49,KRSA,0.38790406673618355,2,OTHER,NEK,NEK1,NEK5
NEK,-0.7866666666666666,49,KRSA,0.38790406673618355,2,OTHER,NEK,NEK6,NEK6
NEK,-0.7866666666666666,49,KRSA,0.38790406673618355,2,OTHER,NEK,NEK6,NEK7
NEK,-0.7866666666666666,49,KRSA,0.38790406673618355,2,OTHER,NEK,NEK8,NEK8
NEK,-0.7866666666666666,49,KRSA,0.38790406673618355,2,OTHER,NEK,NEK8,NEK9
HAL,0.6866666666666666,54,KRSA,0.32533889468196037,2,RGC,RGC,RGC,NPR1
STKR,-0.9475,36,KRSA,0.5505735140771637,3,TKL,STKR,TYPE1,ACVR1
STKR,-0.9475,36,KRSA,0.5505735140771637,3,TKL,STKR,TYPE1,ACVR1B
STKR,-0.9475,36,KRSA,0.5505735140771637,3,TKL,STKR,TYPE1,ACVR1C
STKR,-0.9475,36,KRSA,0.5505735140771637,3,TKL,STKR,TYPE2,ACVR2A
STKR,-0.9475,36,KRSA,0.5505735140771637,3,TKL,STKR,TYPE2,ACVR2B
STKR,-0.9475,36,KRSA,0.5505735140771637,3,TKL,STKR,TYPE1,ACVRL1
STKR,-0.9475,36,KRSA,0.5505735140771637,3,TKL,STKR,TYPE2,AMHR2
STKR,-0.9475,36,KRSA,0.5505735140771637,3,TKL,STKR,TYPE1,BMPR1A
STKR,-0.9475,36,KRSA,0.5505735140771637,3,TKL,STKR,TYPE1,BMPR1B
STKR,-0.9475,36,KRSA,0.5505735140771637,3,TKL,STKR,TYPE2,BMPR2
STKR,-0.9475,36,KRSA,0.5505735140771637,3,TKL,STKR,TYPE1,TGFBR1
STKR,-0.9475,36,KRSA,0.5505735140771637,3,TKL,STKR,TYPE2,TGFBR2
ATR,-1.355,26,KRSA,0.67570385818561,3,ATYPICAL,PIKK,ATR,ATR
STE7,-1.6208333333333331,20,KRSA,0.7507820646506778,4,STE,STE7,MEK1,MAP2K1
STE7,-1.6208333333333331,20,KRSA,0.7507820646506778,4,STE,STE7,MEK1,MAP2K2
STE7,-1.6208333333333331,20,KRSA,0.7507820646506778,4,STE,STE7,MEK3,MAP2K3
STE7,-1.6208333333333331,20,KRSA,0.7507820646506778,4,STE,STE7,MEK4,MAP2K4
STE7,-1.6208333333333331,20,KRSA,0.7507820646506778,4,STE,STE7,MEK5,MAP2K5
STE7,-1.6208333333333331,20,KRSA,0.7507820646506778,4,STE,STE7,MEK3,MAP2K6
STE7,-1.6208333333333331,20,KRSA,0.7507820646506778,4,STE,STE7,MEK7,MAP2K7
FRAY,-1.600833333333333,21,KRSA,0.7382690302398331,3,STE,STE20,FRAY,OXSR1
FRAY,-1.600833333333333,21,KRSA,0.7382690302398331,3,STE,STE20,FRAY,STK39
PRKDC,-1.0841666666666667,32,KRSA,0.6006256517205423,3,ATYPICAL,PIKK,DNAPK,PRKDC
PKCD,0.5308333333333334,62,KRSA,0.22523461939520334,1,AGC,PKC,DELTA,PRKCD
PKCD,0.5308333333333334,62,KRSA,0.22523461939520334,1,AGC,PKC,DELTA,PRKCQ
CAMK1,1.6283333333333334,19,KRSA,0.7632950990615224,4,CAMK,CAMK1,CAMK1,CAMK1
CAMK1,1.6283333333333334,19,KRSA,0.7632950990615224,4,CAMK,CAMK1,CAMK1,CAMK1D
CAMK1,1.6283333333333334,19,KRSA,0.7632950990615224,4,CAMK,CAMK1,CAMK1,CAMK1G
CAMK1,1.6283333333333334,19,KRSA,0.7632950990615224,4,CAMK,CAMK1,CAMK1,CAMK4
CAMK1,1.6283333333333334,19,KRSA,0.7632950990615224,4,CAMK,CAMK1,CAMK1,PNCK
TLK,-1.205,29,KRSA,0.6381647549530761,3,OTHER,TLK,TLK,TLK1
TLK,-1.205,29,KRSA,0.6381647549530761,3,OTHER,TLK,TLK,TLK2
NAK,-1.215,28,KRSA,0.6506777893639207,3,OTHER,NAK,BIKE,AAK1
NAK,-1.215,28,KRSA,0.6506777893639207,3,OTHER,NAK,BIKE,BMP2K
NAK,-1.215,28,KRSA,0.6506777893639207,3,OTHER,NAK,GAK,GAK
NAK,-1.215,28,KRSA,0.6506777893639207,3,OTHER,NAK,MPSK,STK16
PKN,-1.0741666666666667,33,KRSA,0.5881126173096975,3,AGC,PKN,PKN,PKN1
PKN,-1.0741666666666667,33,KRSA,0.5881126173096975,3,AGC,PKN,PKN,PKN2
PKN,-1.0741666666666667,33,KRSA,0.5881126173096975,3,AGC,PKN,PKN,PKN3
TTK,-1.2,30,KRSA,0.6256517205422315,3,OTHER,TTK,TTK,TTK
NUAK,-1.195,31,KRSA,0.6131386861313869,3,CAMK,CAMKL,NUAK,NUAK1
NUAK,-1.195,31,KRSA,0.6131386861313869,3,CAMK,CAMKL,NUAK,NUAK2
IRAK,-0.7391666666666667,53,KRSA,0.337851929092805,2,TKL,IRAK,IRAK,IRAK1
IRAK,-0.7391666666666667,53,KRSA,0.337851929092805,2,TKL,IRAK,IRAK,IRAK2
IRAK,-0.7391666666666667,53,KRSA,0.337851929092805,2,TKL,IRAK,IRAK,IRAK3
IRAK,-0.7391666666666667,53,KRSA,0.337851929092805,2,TKL,IRAK,IRAK,IRAK4
IKK,-0.8591666666666666,41,KRSA,0.4880083420229406,2,OTHER,IKK,IKK,CHUK
IKK,-0.8591666666666666,41,KRSA,0.4880083420229406,2,OTHER,IKK,IKK,IKBKB
IKK,-0.8591666666666666,41,KRSA,0.4880083420229406,2,OTHER,IKK,IKK,IKBKE
IKK,-0.8591666666666666,41,KRSA,0.4880083420229406,2,OTHER,IKK,IKK,TBK1
BRSK,0.5175,63,KRSA,0.2127215849843587,1,CAMK,CAMKL,BRSK,BRSK1
BRSK,0.5175,63,KRSA,0.2127215849843587,1,CAMK,CAMKL,BRSK,BRSK2
LKB,-1.4725,24,KRSA,0.7007299270072993,3,CAMK,CAMKL,LKB,STK11
MOS,1.0725,34,KRSA,0.5755995828988529,3,OTHER,MOS,MOS,MOS
PASK,0.8833333333333333,39,KRSA,0.5130344108446299,3,CAMK,CAMKL,PASK,PASK
VRK1,-1.3883333333333334,25,KRSA,0.6882168925964547,3,CK1,VRK,VRK,VRK1
GSK,-1.495,23,KRSA,0.7132429614181439,3,CMGC,GSK,GSK,GSK3A
GSK,-1.495,23,KRSA,0.7132429614181439,3,CMGC,GSK,GSK,GSK3B
CHK1,-0.17666666666666667,75,KRSA,0.06256517205422316,1,CAMK,CAMKL,CHK1,CHEK1
STE11,-0.6575,57,KRSA,0.28779979144942647,2,TKL,MLK,TAK1,MAP3K7
STE11,-0.6575,57,KRSA,0.28779979144942647,2,STE,STE11,MEKK1,MAP3K1
STE11,-0.6575,57,KRSA,0.28779979144942647,2,STE,STE11,ASK,MAP3K15
STE11,-0.6575,57,KRSA,0.28779979144942647,2,STE,STE11,MEKK2,MAP3K2
STE11,-0.6575,57,KRSA,0.28779979144942647,2,STE,STE11,MEKK2,MAP3K3
STE11,-0.6575,57,KRSA,0.28779979144942647,2,STE,STE11,MEKK4,MAP3K4
STE11,-0.6575,57,KRSA,0.28779979144942647,2,STE,STE11,ASK,MAP3K5
STE11,-0.6575,57,KRSA,0.28779979144942647,2,STE,STE11,ASK,MAP3K6
MTOR,-1.7675,17,KRSA,0.7883211678832117,4,ATYPICAL,PIKK,FRAP,MTOR
NIK,-0.8408333333333333,45,KRSA,0.43795620437956206,2,STE,STE-UNIQUE,STE-UNIQUE,MAP3K14
TAO,-0.5108333333333334,64,KRSA,0.20020855057351408,1,STE,STE20,TAO,TAOK1
TAO,-0.5108333333333334,64,KRSA,0.20020855057351408,1,STE,STE20,TAO,TAOK2
TAO,-0.5108333333333334,64,KRSA,0.20020855057351408,1,STE,STE20,TAO,TAOK3
BUD32,-0.8416666666666667,44,KRSA,0.4504692387904067,2,OTHER,BUD32,BUD32,TP53RK
WNK,-0.8433333333333334,42,KRSA,0.4754953076120959,2,OTHER,WNK,WNK,WNK1
WNK,-0.8433333333333334,42,KRSA,0.4754953076120959,2,OTHER,WNK,WNK,WNK2
WNK,-0.8433333333333334,42,KRSA,0.4754953076120959,2,OTHER,WNK,WNK,WNK3
WNK,-0.8433333333333334,42,KRSA,0.4754953076120959,2,OTHER,WNK,WNK,WNK4
CLK,-0.8325,47,KRSA,0.4129301355578728,2,CMGC,CLK,CLK,CLK1
CLK,-0.8325,47,KRSA,0.4129301355578728,2,CMGC,CLK,CLK,CLK2
CLK,-0.8325,47,KRSA,0.4129301355578728,2,CMGC,CLK,CLK,CLK3
CLK,-0.8325,47,KRSA,0.4129301355578728,2,CMGC,CLK,CLK,CLK4
KHS,0.3491666666666667,69,KRSA,0.13764337851929093,1,STE,STE20,KHS,MAP4K1
KHS,0.3491666666666667,69,KRSA,0.13764337851929093,1,STE,STE20,KHS,MAP4K2
KHS,0.3491666666666667,69,KRSA,0.13764337851929093,1,STE,STE20,KHS,MAP4K3
KHS,0.3491666666666667,69,KRSA,0.13764337851929093,1,STE,STE20,KHS,MAP4K5
SLK,0.21083333333333332,74,KRSA,0.07507820646506778,1,STE,STE20,SLK,SLK
SLK,0.21083333333333332,74,KRSA,0.07507820646506778,1,STE,STE20,SLK,STK10
ULK,-0.84,46,KRSA,0.4254431699687174,2,OTHER,ULK,FUSED,STK36
ULK,-0.84,46,KRSA,0.4254431699687174,2,OTHER,ULK,ULK,ULK1
ULK,-0.84,46,KRSA,0.4254431699687174,2,OTHER,ULK,ULK,ULK2
ULK,-0.84,46,KRSA,0.4254431699687174,2,OTHER,ULK,ULK,ULK3
ULK,-0.84,46,KRSA,0.4254431699687174,2,OTHER,ULK,ULK,ULK4
CAMKK,-0.8425,43,KRSA,0.4629822732012513,2,OTHER,CAMKK,META,CAMKK1
CAMKK,-0.8425,43,KRSA,0.4629822732012513,2,OTHER,CAMKK,META,CAMKK2
PIM,0.09833333333333331,76,KRSA,0.05005213764337852,1,CAMK,PIM,PIM,PIM1
PIM,0.09833333333333331,76,KRSA,0.05005213764337852,1,CAMK,PIM,PIM,PIM2
PIM,0.09833333333333331,76,KRSA,0.05005213764337852,1,CAMK,PIM,PIM,PIM3
GRK,-0.43083333333333335,68,KRSA,0.15015641293013557,1,AGC,GRK,GRK,GRK1
GRK,-0.43083333333333335,68,KRSA,0.15015641293013557,1,AGC,GRK,GRK,GRK4
GRK,-0.43083333333333335,68,KRSA,0.15015641293013557,1,AGC,GRK,GRK,GRK5
GRK,-0.43083333333333335,68,KRSA,0.15015641293013557,1,AGC,GRK,GRK,GRK6
GRK,-0.43083333333333335,68,KRSA,0.15015641293013557,1,AGC,GRK,GRK,GRK7
BARK2,0.5533333333333333,61,KRSA,0.23774765380604795,1,AGC,GRK,BARK,GRK3
ATM,-0.9883333333333334,35,KRSA,0.5630865484880083,3,ATYPICAL,PIKK,ATM,ATM
AUR,-0.03083333333333335,79,KRSA,0.01251303441084463,1,OTHER,AUR,AUR,AURKA
AUR,-0.03083333333333335,79,KRSA,0.01251303441084463,1,OTHER,AUR,AUR,AURKB
AUR,-0.03083333333333335,79,KRSA,0.01251303441084463,1,OTHER,AUR,AUR,AURKC
PKCI,0.7458333333333333,52,KRSA,0.35036496350364965,2,AGC,PKC,IOTA,PRKCI
PKCI,0.7458333333333333,52,KRSA,0.35036496350364965,2,AGC,PKC,IOTA,PRKCZ
NDR,0.4458333333333333,67,KRSA,0.16266944734098018,1,AGC,NDR,NDR,LATS1
NDR,0.4458333333333333,67,KRSA,0.16266944734098018,1,AGC,NDR,NDR,LATS2
NDR,0.4458333333333333,67,KRSA,0.16266944734098018,1,AGC,NDR,NDR,STK38
NDR,0.4458333333333333,67,KRSA,0.16266944734098018,1,AGC,NDR,NDR,STK38L
DAPK,-0.9291666666666668,37,KRSA,0.5380604796663191,3,CAMK,DAPK,DAPK,DAPK1
DAPK,-0.9291666666666668,37,KRSA,0.5380604796663191,3,CAMK,DAPK,DAPK,DAPK2
DAPK,-0.9291666666666668,37,KRSA,0.5380604796663191,3,CAMK,DAPK,DAPK,DAPK3
DAPK,-0.9291666666666668,37,KRSA,0.5380604796663191,3,CAMK,DAPK,DRAK,STK17A
DAPK,-0.9291666666666668,37,KRSA,0.5380604796663191,3,CAMK,DAPK,DRAK,STK17B
MSN,-0.5541666666666666,60,KRSA,0.2502606882168926,2,STE,STE20,MSN,MAP4K4
MSN,-0.5541666666666666,60,KRSA,0.2502606882168926,2,STE,STE20,MSN,NRK
MSN,-0.5541666666666666,60,KRSA,0.2502606882168926,2,STE,STE20,MSN,TNIK
AMPK,0.08000000000000002,77,KRSA,0.03753910323253389,1,CAMK,CAMKL,AMPK,PRKAA1
AMPK,0.08000000000000002,77,KRSA,0.03753910323253389,1,CAMK,CAMKL,AMPK,PRKAA2
SGK,-0.7541666666666667,51,KRSA,0.36287799791449427,2,AGC,SGK,SGK,SGK1
SGK,-0.7541666666666667,51,KRSA,0.36287799791449427,2,AGC,SGK,SGK,SGK2
SGK,-0.7541666666666667,51,KRSA,0.36287799791449427,2,AGC,SGK,SGK,SGK3
PKCH,-0.21833333333333332,73,KRSA,0.08759124087591241,1,AGC,PKC,ETA,PRKCE
PKCH,-0.21833333333333332,73,KRSA,0.08759124087591241,1,AGC,PKC,ETA,PRKCH
RAD53,0.7608333333333334,50,KRSA,0.3753910323253389,2,CAMK,RAD53,RAD53,CHEK2
RIPK,1.2691666666666666,27,KRSA,0.6631908237747653,3,TKL,RIPK,RIPK,ANKK1
RIPK,1.2691666666666666,27,KRSA,0.6631908237747653,3,TKL,RIPK,RIPK,RIPK1
RIPK,1.2691666666666666,27,KRSA,0.6631908237747653,3,TKL,RIPK,RIPK,RIPK2
RIPK,1.2691666666666666,27,KRSA,0.6631908237747653,3,TKL,RIPK,RIPK,RIPK3
RIPK,1.2691666666666666,27,KRSA,0.6631908237747653,3,TKL,RIPK,RIPK,RIPK4
MELK,-0.6341666666666667,59,KRSA,0.26277372262773724,2,CAMK,CAMKL,MELK,MELK
MAPKAPK,0.07583333333333335,78,KRSA,0.02502606882168926,1,CAMK,MAPKAPK,MAPKAPK,MAPKAPK2
MAPKAPK,0.07583333333333335,78,KRSA,0.02502606882168926,1,CAMK,MAPKAPK,MAPKAPK,MAPKAPK3
MAPKAPK,0.07583333333333335,78,KRSA,0.02502606882168926,1,CAMK,MAPKAPK,MAPKAPK,MAPKAPK5
MAPKAPK,0.07583333333333335,78,KRSA,0.02502606882168926,1,CAMK,MAPKAPK,MNK,MKNK1
MAPKAPK,0.07583333333333335,78,KRSA,0.02502606882168926,1,CAMK,MAPKAPK,MNK,MKNK2
CK2,-0.4708333333333333,66,KRSA,0.17518248175182483,1,CMGC,CK2,CK2,CSNK2A1
CK2,-0.4708333333333333,66,KRSA,0.17518248175182483,1,CMGC,CK2,CK2,CSNK2A2
CK2,-0.4708333333333333,66,KRSA,0.17518248175182483,1,NA,NA,NA,CSNK2A3
PKD,0.30500000000000005,71,KRSA,0.11261730969760167,1,CAMK,PKD,PKD,PRKD1
PKD,0.30500000000000005,71,KRSA,0.11261730969760167,1,CAMK,PKD,PKD,PRKD2
PKD,0.30500000000000005,71,KRSA,0.11261730969760167,1,CAMK,PKD,PKD,PRKD3
CAMK2,0.01416666666666666,80,KRSA,0,1,CAMK,CAMK2,CAMK2,CAMK2A
CAMK2,0.01416666666666666,80,KRSA,0,1,CAMK,CAMK2,CAMK2,CAMK2B
CAMK2,0.01416666666666666,80,KRSA,0,1,CAMK,CAMK2,CAMK2,CAMK2D
CAMK2,0.01416666666666666,80,KRSA,0,1,CAMK,CAMK2,CAMK2,CAMK2G
PAKA,0.675,56,KRSA,0.30031282586027114,2,STE,STE20,PAKA,PAK1
PAKA,0.675,56,KRSA,0.30031282586027114,2,STE,STE20,PAKA,PAK2
PAKA,0.675,56,KRSA,0.30031282586027114,2,STE,STE20,PAKA,PAK3
COT,0.2966666666666667,72,KRSA,0.10010427528675704,1,STE,STE-UNIQUE,STE-UNIQUE,MAP3K8
MLCK,-0.8308333333333333,48,KRSA,0.40041710114702816,2,CAMK,MLCK,MLCK,MYLK
MLCK,-0.8308333333333333,48,KRSA,0.40041710114702816,2,CAMK,MLCK,MLCK,MYLK2
MLCK,-0.8308333333333333,48,KRSA,0.40041710114702816,2,CAMK,MLCK,MLCK,TTN
AKT,0.3075,70,KRSA,0.1251303441084463,1,AGC,AKT,AKT,AKT1
AKT,0.3075,70,KRSA,0.1251303441084463,1,AGC,AKT,AKT,AKT2
AKT,0.3075,70,KRSA,0.1251303441084463,1,AGC,AKT,AKT,AKT3
RSK,0.635,58,KRSA,0.27528675703858185,2,AGC,RSK,RSK,RPS6KA1
RSK,0.635,58,KRSA,0.27528675703858185,2,AGC,RSK,RSK,RPS6KA2
RSK,0.635,58,KRSA,0.27528675703858185,2,AGC,RSK,RSK,RPS6KA3
RSK,0.635,58,KRSA,0.27528675703858185,2,AGC,RSK,MSK,RPS6KA4
RSK,0.635,58,KRSA,0.27528675703858185,2,AGC,RSK,MSK,RPS6KA5
RSK,0.635,58,KRSA,0.27528675703858185,2,AGC,RSK,RSK,RPS6KA6
RSK,0.635,58,KRSA,0.27528675703858185,2,AGC,RSK,P70,RPS6KB1
RSK,0.635,58,KRSA,0.27528675703858185,2,AGC,RSK,P70,RPS6KB2
PAKB,-0.4825,65,KRSA,0.18769551616266944,1,STE,STE20,PAKB,PAK4
PAKB,-0.4825,65,KRSA,0.18769551616266944,1,STE,STE20,PAKB,PAK5
PAKB,-0.4825,65,KRSA,0.18769551616266944,1,STE,STE20,PAKB,PAK6
PDHK,-0.6858333333333333,55,KRSA,0.31282586027111575,2,ATYPICAL,PDHK,BCKDK,BCKDK
PDHK,-0.6858333333333333,55,KRSA,0.31282586027111575,2,ATYPICAL,PDHK,PDHK,PDK2
PDHK,-0.6858333333333333,55,KRSA,0.31282586027111575,2,ATYPICAL,PDHK,PDHK,PDK3
PDHK,-0.6858333333333333,55,KRSA,0.31282586027111575,2,ATYPICAL,PDHK,PDHK,PDK4
MLK,-0.8616666666666667,40,KRSA,0.5005213764337852,3,TKL,MLK,ILK,ILK
MLK,-0.8616666666666667,40,KRSA,0.5005213764337852,3,TKL,MLK,MLK,MAP3K10
MLK,-0.8616666666666667,40,KRSA,0.5005213764337852,3,TKL,MLK,MLK,MAP3K11
MLK,-0.8616666666666667,40,KRSA,0.5005213764337852,3,TKL,MLK,LZK,MAP3K12
MLK,-0.8616666666666667,40,KRSA,0.5005213764337852,3,TKL,MLK,LZK,MAP3K13
MLK,-0.8616666666666667,40,KRSA,0.5005213764337852,3,TKL,MLK,MLK,MAP3K9
MLK,-0.8616666666666667,40,KRSA,0.5005213764337852,3,TKL,MLK,HH498,TNNI3K
PKG,2.9516666666666667,7,KRSA,0.913451511991658,4,AGC,PKG,PKG,PRKG1
PKG,2.9516666666666667,7,KRSA,0.913451511991658,4,AGC,PKG,PKG,PRKG2
JNK,-3.725833333333333,3,KRSA,0.9635036496350365,4,CMGC,MAPK,JNK,MAPK10
JNK,-3.725833333333333,3,KRSA,0.9635036496350365,4,CMGC,MAPK,JNK,MAPK8
JNK,-3.725833333333333,3,KRSA,0.9635036496350365,4,CMGC,MAPK,JNK,MAPK9
ERK,-4.384166666666666,1,KRSA,0.9885297184567258,4,CMGC,MAPK,ERK1,MAPK1
ERK,-4.384166666666666,1,KRSA,0.9885297184567258,4,CMGC,MAPK,ERK7,MAPK15
ERK,-4.384166666666666,1,KRSA,0.9885297184567258,4,CMGC,MAPK,ERK1,MAPK3
ERK,-4.384166666666666,1,KRSA,0.9885297184567258,4,CMGC,MAPK,ERK3,MAPK4
ERK,-4.384166666666666,1,KRSA,0.9885297184567258,4,CMGC,MAPK,ERK3,MAPK6
ERK,-4.384166666666666,1,KRSA,0.9885297184567258,4,CMGC,MAPK,ERK5,MAPK7
DYRK,-3.701666666666666,4,KRSA,0.9509906152241918,4,CMGC,DYRK,DYRK1,DYRK1A
DYRK,-3.701666666666666,4,KRSA,0.9509906152241918,4,CMGC,DYRK,DYRK1,DYRK1B
DYRK,-3.701666666666666,4,KRSA,0.9509906152241918,4,CMGC,DYRK,DYRK2,DYRK2
DYRK,-3.701666666666666,4,KRSA,0.9509906152241918,4,CMGC,DYRK,DYRK2,DYRK3
DYRK,-3.701666666666666,4,KRSA,0.9509906152241918,4,CMGC,DYRK,DYRK2,DYRK4
DYRK,-3.701666666666666,4,KRSA,0.9509906152241918,4,CMGC,DYRK,HIPK,HIPK1
DYRK,-3.701666666666666,4,KRSA,0.9509906152241918,4,CMGC,DYRK,HIPK,HIPK2
DYRK,-3.701666666666666,4,KRSA,0.9509906152241918,4,CMGC,DYRK,HIPK,HIPK3
DYRK,-3.701666666666666,4,KRSA,0.9509906152241918,4,CMGC,DYRK,HIPK,HIPK4
DYRK,-3.701666666666666,4,KRSA,0.9509906152241918,4,CMGC,DYRK,PRP4,PRPF4B
P38,-3.2391666666666667,6,KRSA,0.9259645464025026,4,CMGC,MAPK,P38,MAPK11
P38,-3.2391666666666667,6,KRSA,0.9259645464025026,4,CMGC,MAPK,P38,MAPK12
P38,-3.2391666666666667,6,KRSA,0.9259645464025026,4,CMGC,MAPK,P38,MAPK13
P38,-3.2391666666666667,6,KRSA,0.9259645464025026,4,CMGC,MAPK,P38,MAPK14
PKA,2.931666666666666,9,KRSA,0.8884254431699687,4,AGC,PKA,PKA,PRKACA
PKA,2.931666666666666,9,KRSA,0.8884254431699687,4,AGC,PKA,PKA,PRKACB
PKA,2.931666666666666,9,KRSA,0.8884254431699687,4,AGC,PKA,PKA,PRKACG
PKA,2.931666666666666,9,KRSA,0.8884254431699687,4,AGC,PKA,PKA,PRKX
PKA,2.931666666666666,9,KRSA,0.8884254431699687,4,AGC,PKA,PKA,PRKY
PDK1,-3.7941666666666665,2,KRSA,0.9760166840458812,4,ATYPICAL,PDHK,PDHK,PDK1
PDK1,-3.7941666666666665,2,KRSA,0.9760166840458812,4,AGC,PDK1,PDK1,PDPK1
CDK,-3.35,5,KRSA,0.9384775808133472,4,CMGC,CDK,CDC2,CDK1
CDK,-3.35,5,KRSA,0.9384775808133472,4,CMGC,CDK,CDK10,CDK10
CDK,-3.35,5,KRSA,0.9384775808133472,4,CMGC,CDK,CRK7,CDK12
CDK,-3.35,5,KRSA,0.9384775808133472,4,CMGC,CDK,CRK7,CDK13
CDK,-3.35,5,KRSA,0.9384775808133472,4,CMGC,CDK,PFTAIRE,CDK14
CDK,-3.35,5,KRSA,0.9384775808133472,4,CMGC,CDK,PFTAIRE,CDK15
CDK,-3.35,5,KRSA,0.9384775808133472,4,CMGC,CDK,PCTAIRE,CDK16
CDK,-3.35,5,KRSA,0.9384775808133472,4,CMGC,CDK,PCTAIRE,CDK17
CDK,-3.35,5,KRSA,0.9384775808133472,4,CMGC,CDK,PCTAIRE,CDK18
CDK,-3.35,5,KRSA,0.9384775808133472,4,CMGC,CDK,CDK8,CDK19
CDK,-3.35,5,KRSA,0.9384775808133472,4,CMGC,CDK,CDC2,CDK2
CDK,-3.35,5,KRSA,0.9384775808133472,4,CMGC,CDK,CCRK,CDK20
CDK,-3.35,5,KRSA,0.9384775808133472,4,CMGC,CDK,CDC2,CDK3
CDK,-3.35,5,KRSA,0.9384775808133472,4,CMGC,CDK,CDK4,CDK4
CDK,-3.35,5,KRSA,0.9384775808133472,4,CMGC,CDK,CDK5,CDK5
CDK,-3.35,5,KRSA,0.9384775808133472,4,CMGC,CDK,CDK4,CDK6
CDK,-3.35,5,KRSA,0.9384775808133472,4,CMGC,CDK,CDK7,CDK7
CDK,-3.35,5,KRSA,0.9384775808133472,4,CMGC,CDK,CDK8,CDK8
CDK,-3.35,5,KRSA,0.9384775808133472,4,CMGC,CDK,CDK9,CDK9
CDK,-3.35,5,KRSA,0.9384775808133472,4,NA,NA,NA,CDK11A
CDK,-3.35,5,KRSA,0.9384775808133472,4,NA,NA,NA,CDK11B
PLK,-2.943333333333334,8,KRSA,0.9009384775808134,4,NA,NA,NA,PLK5
PLK,-2.943333333333334,8,KRSA,0.9009384775808134,4,OTHER,PLK,PLK1,PLK1
PLK,-2.943333333333334,8,KRSA,0.9009384775808134,4,OTHER,PLK,PLK2,PLK2
PLK,-2.943333333333334,8,KRSA,0.9009384775808134,4,OTHER,PLK,PLK2,PLK3
PLK,-2.943333333333334,8,KRSA,0.9009384775808134,4,OTHER,PLK,SAK,PLK4
RAF,-2.3133333333333335,13,KRSA,0.8383733055265902,4,TKL,RAF,RAF,ARAF
RAF,-2.3133333333333335,13,KRSA,0.8383733055265902,4,TKL,RAF,RAF,BRAF
RAF,-2.3133333333333335,13,KRSA,0.8383733055265902,4,TKL,RAF,KSR,KSR1
RAF,-2.3133333333333335,13,KRSA,0.8383733055265902,4,TKL,RAF,KSR,KSR2
RAF,-2.3133333333333335,13,KRSA,0.8383733055265902,4,TKL,RAF,RAF,RAF1
HAL,0.6866666666666666,54,KRSA,0.32533889468196037,2,RGC,RGC,RGC,NPR1
ATR,-1.355,26,KRSA,0.67570385818561,3,ATYPICAL,PIKK,ATR,ATR
CK1,-2.104166666666667,15,KRSA,0.8133472367049009,4,CK1,CK1,CK1-A,CSNK1A1
CK1,-2.104166666666667,15,KRSA,0.8133472367049009,4,CK1,CK1,CK1-A,CSNK1A1L
CK1,-2.104166666666667,15,KRSA,0.8133472367049009,4,CK1,CK1,CK1-D,CSNK1D
CK1,-2.104166666666667,15,KRSA,0.8133472367049009,4,CK1,CK1,CK1-D,CSNK1E
CK1,-2.104166666666667,15,KRSA,0.8133472367049009,4,CK1,CK1,CK1-G,CSNK1G1
CK1,-2.104166666666667,15,KRSA,0.8133472367049009,4,CK1,CK1,CK1-G,CSNK1G2
CK1,-2.104166666666667,15,KRSA,0.8133472367049009,4,CK1,CK1,CK1-G,CSNK1G3
CK1,-2.104166666666667,15,KRSA,0.8133472367049009,4,CK1,TTBK,TTBK,TTBK1
CK1,-2.104166666666667,15,KRSA,0.8133472367049009,4,CK1,TTBK,TTBK,TTBK2
CK1,-2.104166666666667,15,KRSA,0.8133472367049009,4,CK1,VRK,VRK,VRK3
QIK,-2.275,14,KRSA,0.8258602711157456,4,CAMK,CAMKL,QIK,SIK1
QIK,-2.275,14,KRSA,0.8258602711157456,4,CAMK,CAMKL,QIK,SIK2
CAMK1,1.6283333333333334,19,KRSA,0.7632950990615224,4,CAMK,CAMK1,CAMK1,CAMK1
CAMK1,1.6283333333333334,19,KRSA,0.7632950990615224,4,CAMK,CAMK1,CAMK1,CAMK1D
CAMK1,1.6283333333333334,19,KRSA,0.7632950990615224,4,CAMK,CAMK1,CAMK1,CAMK1G
CAMK1,1.6283333333333334,19,KRSA,0.7632950990615224,4,CAMK,CAMK1,CAMK1,CAMK4
CAMK1,1.6283333333333334,19,KRSA,0.7632950990615224,4,CAMK,CAMK1,CAMK1,PNCK
PEK,-2.6991666666666667,10,KRSA,0.8759124087591241,4,OTHER,PEK,HRI,EIF2AK1
PEK,-2.6991666666666667,10,KRSA,0.8759124087591241,4,OTHER,PEK,PKR,EIF2AK2
PEK,-2.6991666666666667,10,KRSA,0.8759124087591241,4,OTHER,PEK,PEK,EIF2AK3
PEK,-2.6991666666666667,10,KRSA,0.8759124087591241,4,OTHER,PEK,GCN2,EIF2AK4
RIPK,1.2691666666666666,27,KRSA,0.6631908237747653,3,TKL,RIPK,RIPK,ANKK1
RIPK,1.2691666666666666,27,KRSA,0.6631908237747653,3,TKL,RIPK,RIPK,RIPK1
RIPK,1.2691666666666666,27,KRSA,0.6631908237747653,3,TKL,RIPK,RIPK,RIPK2
RIPK,1.2691666666666666,27,KRSA,0.6631908237747653,3,TKL,RIPK,RIPK,RIPK3
RIPK,1.2691666666666666,27,KRSA,0.6631908237747653,3,TKL,RIPK,RIPK,RIPK4
NMO,-2.44,12,KRSA,0.8508863399374348,4,CMGC,MAPK,NMO,NLK
PHK,-1.56,22,KRSA,0.7257559958289885,3,CAMK,PHK,PHK,PHKG1
PHK,-1.56,22,KRSA,0.7257559958289885,3,CAMK,PHK,PHK,PHKG2
VRK1,-1.3883333333333334,25,KRSA,0.6882168925964547,3,CK1,VRK,VRK,VRK1
MOS,1.0725,34,KRSA,0.5755995828988529,3,OTHER,MOS,MOS,MOS
BRSK,0.5175,63,KRSA,0.2127215849843587,1,CAMK,CAMKL,BRSK,BRSK1
BRSK,0.5175,63,KRSA,0.2127215849843587,1,CAMK,CAMKL,BRSK,BRSK2
CAMK2,0.01416666666666666,80,KRSA,0,1,CAMK,CAMK2,CAMK2,CAMK2A
CAMK2,0.01416666666666666,80,KRSA,0,1,CAMK,CAMK2,CAMK2,CAMK2B
CAMK2,0.01416666666666666,80,KRSA,0,1,CAMK,CAMK2,CAMK2,CAMK2D
CAMK2,0.01416666666666666,80,KRSA,0,1,CAMK,CAMK2,CAMK2,CAMK2G
BARK2,0.5533333333333333,61,KRSA,0.23774765380604795,1,AGC,GRK,BARK,GRK3
MST,-2.005833333333334,16,KRSA,0.8008342022940563,4,STE,STE20,MST,STK3
MST,-2.005833333333334,16,KRSA,0.8008342022940563,4,STE,STE20,MST,STK4
MTOR,-1.7675,17,KRSA,0.7883211678832117,4,ATYPICAL,PIKK,FRAP,MTOR
DAPK,-0.9291666666666668,37,KRSA,0.5380604796663191,3,CAMK,DAPK,DAPK,DAPK1
DAPK,-0.9291666666666668,37,KRSA,0.5380604796663191,3,CAMK,DAPK,DAPK,DAPK2
DAPK,-0.9291666666666668,37,KRSA,0.5380604796663191,3,CAMK,DAPK,DAPK,DAPK3
DAPK,-0.9291666666666668,37,KRSA,0.5380604796663191,3,CAMK,DAPK,DRAK,STK17A
DAPK,-0.9291666666666668,37,KRSA,0.5380604796663191,3,CAMK,DAPK,DRAK,STK17B
PRKDC,-1.0841666666666667,32,KRSA,0.6006256517205423,3,ATYPICAL,PIKK,DNAPK,PRKDC
STKR,-0.9475,36,KRSA,0.5505735140771637,3,TKL,STKR,TYPE1,ACVR1
STKR,-0.9475,36,KRSA,0.5505735140771637,3,TKL,STKR,TYPE1,ACVR1B
STKR,-0.9475,36,KRSA,0.5505735140771637,3,TKL,STKR,TYPE1,ACVR1C
STKR,-0.9475,36,KRSA,0.5505735140771637,3,TKL,STKR,TYPE2,ACVR2A
STKR,-0.9475,36,KRSA,0.5505735140771637,3,TKL,STKR,TYPE2,ACVR2B
STKR,-0.9475,36,KRSA,0.5505735140771637,3,TKL,STKR,TYPE1,ACVRL1
STKR,-0.9475,36,KRSA,0.5505735140771637,3,TKL,STKR,TYPE2,AMHR2
STKR,-0.9475,36,KRSA,0.5505735140771637,3,TKL,STKR,TYPE1,BMPR1A
STKR,-0.9475,36,KRSA,0.5505735140771637,3,TKL,STKR,TYPE1,BMPR1B
STKR,-0.9475,36,KRSA,0.5505735140771637,3,TKL,STKR,TYPE2,BMPR2
STKR,-0.9475,36,KRSA,0.5505735140771637,3,TKL,STKR,TYPE1,TGFBR1
STKR,-0.9475,36,KRSA,0.5505735140771637,3,TKL,STKR,TYPE2,TGFBR2
NAK,-1.215,28,KRSA,0.6506777893639207,3,OTHER,NAK,BIKE,AAK1
NAK,-1.215,28,KRSA,0.6506777893639207,3,OTHER,NAK,BIKE,BMP2K
NAK,-1.215,28,KRSA,0.6506777893639207,3,OTHER,NAK,GAK,GAK
NAK,-1.215,28,KRSA,0.6506777893639207,3,OTHER,NAK,MPSK,STK16
PAKB,-0.4825,65,KRSA,0.18769551616266944,1,STE,STE20,PAKB,PAK4
PAKB,-0.4825,65,KRSA,0.18769551616266944,1,STE,STE20,PAKB,PAK5
PAKB,-0.4825,65,KRSA,0.18769551616266944,1,STE,STE20,PAKB,PAK6
NUAK,-1.195,31,KRSA,0.6131386861313869,3,CAMK,CAMKL,NUAK,NUAK1
NUAK,-1.195,31,KRSA,0.6131386861313869,3,CAMK,CAMKL,NUAK,NUAK2
PDHK,-0.6858333333333333,55,KRSA,0.31282586027111575,2,ATYPICAL,PDHK,BCKDK,BCKDK
PDHK,-0.6858333333333333,55,KRSA,0.31282586027111575,2,ATYPICAL,PDHK,PDHK,PDK2
PDHK,-0.6858333333333333,55,KRSA,0.31282586027111575,2,ATYPICAL,PDHK,PDHK,PDK3
PDHK,-0.6858333333333333,55,KRSA,0.31282586027111575,2,ATYPICAL,PDHK,PDHK,PDK4
TLK,-1.205,29,KRSA,0.6381647549530761,3,OTHER,TLK,TLK,TLK1
TLK,-1.205,29,KRSA,0.6381647549530761,3,OTHER,TLK,TLK,TLK2
PKN,-1.0741666666666667,33,KRSA,0.5881126173096975,3,AGC,PKN,PKN,PKN1
PKN,-1.0741666666666667,33,KRSA,0.5881126173096975,3,AGC,PKN,PKN,PKN2
PKN,-1.0741666666666667,33,KRSA,0.5881126173096975,3,AGC,PKN,PKN,PKN3
TTK,-1.2,30,KRSA,0.6256517205422315,3,OTHER,TTK,TTK,TTK
DMPK,-0.905,38,KRSA,0.5255474452554745,3,AGC,DMPK,GEK,CDC42BPA
DMPK,-0.905,38,KRSA,0.5255474452554745,3,AGC,DMPK,GEK,CDC42BPB
DMPK,-0.905,38,KRSA,0.5255474452554745,3,AGC,DMPK,GEK,CDC42BPG
DMPK,-0.905,38,KRSA,0.5255474452554745,3,AGC,DMPK,CRIK,CIT
DMPK,-0.905,38,KRSA,0.5255474452554745,3,AGC,DMPK,GEK,DMPK
DMPK,-0.905,38,KRSA,0.5255474452554745,3,AGC,DMPK,ROCK,ROCK1
DMPK,-0.905,38,KRSA,0.5255474452554745,3,AGC,DMPK,ROCK,ROCK2
PKCA,-2.4466666666666668,11,KRSA,0.8633993743482794,4,AGC,PKC,ALPHA,PRKCA
PKCA,-2.4466666666666668,11,KRSA,0.8633993743482794,4,AGC,PKC,ALPHA,PRKCB
PKCA,-2.4466666666666668,11,KRSA,0.8633993743482794,4,AGC,PKC,ALPHA,PRKCG
NEK,-0.7866666666666666,49,KRSA,0.38790406673618355,2,OTHER,NEK,NEK11,NEK11
NEK,-0.7866666666666666,49,KRSA,0.38790406673618355,2,OTHER,NEK,NEK2,NEK2
NEK,-0.7866666666666666,49,KRSA,0.38790406673618355,2,OTHER,NEK,NEK1,NEK3
NEK,-0.7866666666666666,49,KRSA,0.38790406673618355,2,OTHER,NEK,NEK4,NEK4
NEK,-0.7866666666666666,49,KRSA,0.38790406673618355,2,OTHER,NEK,NEK1,NEK5
NEK,-0.7866666666666666,49,KRSA,0.38790406673618355,2,OTHER,NEK,NEK6,NEK6
NEK,-0.7866666666666666,49,KRSA,0.38790406673618355,2,OTHER,NEK,NEK6,NEK7
NEK,-0.7866666666666666,49,KRSA,0.38790406673618355,2,OTHER,NEK,NEK8,NEK8
NEK,-0.7866666666666666,49,KRSA,0.38790406673618355,2,OTHER,NEK,NEK8,NEK9
GSK,-1.495,23,KRSA,0.7132429614181439,3,CMGC,GSK,GSK,GSK3A
GSK,-1.495,23,KRSA,0.7132429614181439,3,CMGC,GSK,GSK,GSK3B
STE7,-1.6208333333333331,20,KRSA,0.7507820646506778,4,STE,STE7,MEK1,MAP2K1
STE7,-1.6208333333333331,20,KRSA,0.7507820646506778,4,STE,STE7,MEK1,MAP2K2
STE7,-1.6208333333333331,20,KRSA,0.7507820646506778,4,STE,STE7,MEK3,MAP2K3
STE7,-1.6208333333333331,20,KRSA,0.7507820646506778,4,STE,STE7,MEK4,MAP2K4
STE7,-1.6208333333333331,20,KRSA,0.7507820646506778,4,STE,STE7,MEK5,MAP2K5
STE7,-1.6208333333333331,20,KRSA,0.7507820646506778,4,STE,STE7,MEK3,MAP2K6
STE7,-1.6208333333333331,20,KRSA,0.7507820646506778,4,STE,STE7,MEK7,MAP2K7
RAD53,0.7608333333333334,50,KRSA,0.3753910323253389,2,CAMK,RAD53,RAD53,CHEK2
RSK,0.635,58,KRSA,0.27528675703858185,2,AGC,RSK,RSK,RPS6KA1
RSK,0.635,58,KRSA,0.27528675703858185,2,AGC,RSK,RSK,RPS6KA2
RSK,0.635,58,KRSA,0.27528675703858185,2,AGC,RSK,RSK,RPS6KA3
RSK,0.635,58,KRSA,0.27528675703858185,2,AGC,RSK,MSK,RPS6KA4
RSK,0.635,58,KRSA,0.27528675703858185,2,AGC,RSK,MSK,RPS6KA5
RSK,0.635,58,KRSA,0.27528675703858185,2,AGC,RSK,RSK,RPS6KA6
RSK,0.635,58,KRSA,0.27528675703858185,2,AGC,RSK,P70,RPS6KB1
RSK,0.635,58,KRSA,0.27528675703858185,2,AGC,RSK,P70,RPS6KB2
PASK,0.8833333333333333,39,KRSA,0.5130344108446299,3,CAMK,CAMKL,PASK,PASK
ULK,-0.84,46,KRSA,0.4254431699687174,2,OTHER,ULK,FUSED,STK36
ULK,-0.84,46,KRSA,0.4254431699687174,2,OTHER,ULK,ULK,ULK1
ULK,-0.84,46,KRSA,0.4254431699687174,2,OTHER,ULK,ULK,ULK2
ULK,-0.84,46,KRSA,0.4254431699687174,2,OTHER,ULK,ULK,ULK3
ULK,-0.84,46,KRSA,0.4254431699687174,2,OTHER,ULK,ULK,ULK4
CAMKK,-0.8425,43,KRSA,0.4629822732012513,2,OTHER,CAMKK,META,CAMKK1
CAMKK,-0.8425,43,KRSA,0.4629822732012513,2,OTHER,CAMKK,META,CAMKK2
SLK,0.21083333333333332,74,KRSA,0.07507820646506778,1,STE,STE20,SLK,SLK
SLK,0.21083333333333332,74,KRSA,0.07507820646506778,1,STE,STE20,SLK,STK10
KHS,0.3491666666666667,69,KRSA,0.13764337851929093,1,STE,STE20,KHS,MAP4K1
KHS,0.3491666666666667,69,KRSA,0.13764337851929093,1,STE,STE20,KHS,MAP4K2
KHS,0.3491666666666667,69,KRSA,0.13764337851929093,1,STE,STE20,KHS,MAP4K3
KHS,0.3491666666666667,69,KRSA,0.13764337851929093,1,STE,STE20,KHS,MAP4K5
CLK,-0.8325,47,KRSA,0.4129301355578728,2,CMGC,CLK,CLK,CLK1
CLK,-0.8325,47,KRSA,0.4129301355578728,2,CMGC,CLK,CLK,CLK2
CLK,-0.8325,47,KRSA,0.4129301355578728,2,CMGC,CLK,CLK,CLK3
CLK,-0.8325,47,KRSA,0.4129301355578728,2,CMGC,CLK,CLK,CLK4
TAO,-0.5108333333333334,64,KRSA,0.20020855057351408,1,STE,STE20,TAO,TAOK1
TAO,-0.5108333333333334,64,KRSA,0.20020855057351408,1,STE,STE20,TAO,TAOK2
TAO,-0.5108333333333334,64,KRSA,0.20020855057351408,1,STE,STE20,TAO,TAOK3
NIK,-0.8408333333333333,45,KRSA,0.43795620437956206,2,STE,STE-UNIQUE,STE-UNIQUE,MAP3K14
BUD32,-0.8416666666666667,44,KRSA,0.4504692387904067,2,OTHER,BUD32,BUD32,TP53RK
WNK,-0.8433333333333334,42,KRSA,0.4754953076120959,2,OTHER,WNK,WNK,WNK1
WNK,-0.8433333333333334,42,KRSA,0.4754953076120959,2,OTHER,WNK,WNK,WNK2
WNK,-0.8433333333333334,42,KRSA,0.4754953076120959,2,OTHER,WNK,WNK,WNK3
WNK,-0.8433333333333334,42,KRSA,0.4754953076120959,2,OTHER,WNK,WNK,WNK4
FRAY,-1.600833333333333,21,KRSA,0.7382690302398331,3,STE,STE20,FRAY,OXSR1
FRAY,-1.600833333333333,21,KRSA,0.7382690302398331,3,STE,STE20,FRAY,STK39
AKT,0.3075,70,KRSA,0.1251303441084463,1,AGC,AKT,AKT,AKT1
AKT,0.3075,70,KRSA,0.1251303441084463,1,AGC,AKT,AKT,AKT2
AKT,0.3075,70,KRSA,0.1251303441084463,1,AGC,AKT,AKT,AKT3
PKCD,0.5308333333333334,62,KRSA,0.22523461939520334,1,AGC,PKC,DELTA,PRKCD
PKCD,0.5308333333333334,62,KRSA,0.22523461939520334,1,AGC,PKC,DELTA,PRKCQ
PKCH,-0.21833333333333332,73,KRSA,0.08759124087591241,1,AGC,PKC,ETA,PRKCE
PKCH,-0.21833333333333332,73,KRSA,0.08759124087591241,1,AGC,PKC,ETA,PRKCH
PKD,0.30500000000000005,71,KRSA,0.11261730969760167,1,CAMK,PKD,PKD,PRKD1
PKD,0.30500000000000005,71,KRSA,0.11261730969760167,1,CAMK,PKD,PKD,PRKD2
PKD,0.30500000000000005,71,KRSA,0.11261730969760167,1,CAMK,PKD,PKD,PRKD3
SGK,-0.7541666666666667,51,KRSA,0.36287799791449427,2,AGC,SGK,SGK,SGK1
SGK,-0.7541666666666667,51,KRSA,0.36287799791449427,2,AGC,SGK,SGK,SGK2
SGK,-0.7541666666666667,51,KRSA,0.36287799791449427,2,AGC,SGK,SGK,SGK3
NDR,0.4458333333333333,67,KRSA,0.16266944734098018,1,AGC,NDR,NDR,LATS1
NDR,0.4458333333333333,67,KRSA,0.16266944734098018,1,AGC,NDR,NDR,LATS2
NDR,0.4458333333333333,67,KRSA,0.16266944734098018,1,AGC,NDR,NDR,STK38
NDR,0.4458333333333333,67,KRSA,0.16266944734098018,1,AGC,NDR,NDR,STK38L
COT,0.2966666666666667,72,KRSA,0.10010427528675704,1,STE,STE-UNIQUE,STE-UNIQUE,MAP3K8
PIM,0.09833333333333331,76,KRSA,0.05005213764337852,1,CAMK,PIM,PIM,PIM1
PIM,0.09833333333333331,76,KRSA,0.05005213764337852,1,CAMK,PIM,PIM,PIM2
PIM,0.09833333333333331,76,KRSA,0.05005213764337852,1,CAMK,PIM,PIM,PIM3
MLCK,-0.8308333333333333,48,KRSA,0.40041710114702816,2,CAMK,MLCK,MLCK,MYLK
MLCK,-0.8308333333333333,48,KRSA,0.40041710114702816,2,CAMK,MLCK,MLCK,MYLK2
MLCK,-0.8308333333333333,48,KRSA,0.40041710114702816,2,CAMK,MLCK,MLCK,TTN
PKCI,0.7458333333333333,52,KRSA,0.35036496350364965,2,AGC,PKC,IOTA,PRKCI
PKCI,0.7458333333333333,52,KRSA,0.35036496350364965,2,AGC,PKC,IOTA,PRKCZ
CK2,-0.4708333333333333,66,KRSA,0.17518248175182483,1,CMGC,CK2,CK2,CSNK2A1
CK2,-0.4708333333333333,66,KRSA,0.17518248175182483,1,CMGC,CK2,CK2,CSNK2A2
CK2,-0.4708333333333333,66,KRSA,0.17518248175182483,1,NA,NA,NA,CSNK2A3
IKK,-0.8591666666666666,41,KRSA,0.4880083420229406,2,OTHER,IKK,IKK,CHUK
IKK,-0.8591666666666666,41,KRSA,0.4880083420229406,2,OTHER,IKK,IKK,IKBKB
IKK,-0.8591666666666666,41,KRSA,0.4880083420229406,2,OTHER,IKK,IKK,IKBKE
IKK,-0.8591666666666666,41,KRSA,0.4880083420229406,2,OTHER,IKK,IKK,TBK1
AUR,-0.03083333333333335,79,KRSA,0.01251303441084463,1,OTHER,AUR,AUR,AURKA
AUR,-0.03083333333333335,79,KRSA,0.01251303441084463,1,OTHER,AUR,AUR,AURKB
AUR,-0.03083333333333335,79,KRSA,0.01251303441084463,1,OTHER,AUR,AUR,AURKC
MELK,-0.6341666666666667,59,KRSA,0.26277372262773724,2,CAMK,CAMKL,MELK,MELK
LKB,-1.4725,24,KRSA,0.7007299270072993,3,CAMK,CAMKL,LKB,STK11
MSN,-0.5541666666666666,60,KRSA,0.2502606882168926,2,STE,STE20,MSN,MAP4K4
MSN,-0.5541666666666666,60,KRSA,0.2502606882168926,2,STE,STE20,MSN,NRK
MSN,-0.5541666666666666,60,KRSA,0.2502606882168926,2,STE,STE20,MSN,TNIK
AMPK,0.08000000000000002,77,KRSA,0.03753910323253389,1,CAMK,CAMKL,AMPK,PRKAA1
AMPK,0.08000000000000002,77,KRSA,0.03753910323253389,1,CAMK,CAMKL,AMPK,PRKAA2
PAKA,0.675,56,KRSA,0.30031282586027114,2,STE,STE20,PAKA,PAK1
PAKA,0.675,56,KRSA,0.30031282586027114,2,STE,STE20,PAKA,PAK2
PAKA,0.675,56,KRSA,0.30031282586027114,2,STE,STE20,PAKA,PAK3
ATM,-0.9883333333333334,35,KRSA,0.5630865484880083,3,ATYPICAL,PIKK,ATM,ATM
MLK,-0.8616666666666667,40,KRSA,0.5005213764337852,3,TKL,MLK,ILK,ILK
MLK,-0.8616666666666667,40,KRSA,0.5005213764337852,3,TKL,MLK,MLK,MAP3K10
MLK,-0.8616666666666667,40,KRSA,0.5005213764337852,3,TKL,MLK,MLK,MAP3K11
MLK,-0.8616666666666667,40,KRSA,0.5005213764337852,3,TKL,MLK,LZK,MAP3K12
MLK,-0.8616666666666667,40,KRSA,0.5005213764337852,3,TKL,MLK,LZK,MAP3K13
MLK,-0.8616666666666667,40,KRSA,0.5005213764337852,3,TKL,MLK,MLK,MAP3K9
MLK,-0.8616666666666667,40,KRSA,0.5005213764337852,3,TKL,MLK,HH498,TNNI3K
IRAK,-0.7391666666666667,53,KRSA,0.337851929092805,2,TKL,IRAK,IRAK,IRAK1
IRAK,-0.7391666666666667,53,KRSA,0.337851929092805,2,TKL,IRAK,IRAK,IRAK2
IRAK,-0.7391666666666667,53,KRSA,0.337851929092805,2,TKL,IRAK,IRAK,IRAK3
IRAK,-0.7391666666666667,53,KRSA,0.337851929092805,2,TKL,IRAK,IRAK,IRAK4
GRK,-0.43083333333333335,68,KRSA,0.15015641293013557,1,AGC,GRK,GRK,GRK1
GRK,-0.43083333333333335,68,KRSA,0.15015641293013557,1,AGC,GRK,GRK,GRK4
GRK,-0.43083333333333335,68,KRSA,0.15015641293013557,1,AGC,GRK,GRK,GRK5
GRK,-0.43083333333333335,68,KRSA,0.15015641293013557,1,AGC,GRK,GRK,GRK6
GRK,-0.43083333333333335,68,KRSA,0.15015641293013557,1,AGC,GRK,GRK,GRK7
MAPKAPK,0.07583333333333335,78,KRSA,0.02502606882168926,1,CAMK,MAPKAPK,MAPKAPK,MAPKAPK2
MAPKAPK,0.07583333333333335,78,KRSA,0.02502606882168926,1,CAMK,MAPKAPK,MAPKAPK,MAPKAPK3
MAPKAPK,0.07583333333333335,78,KRSA,0.02502606882168926,1,CAMK,MAPKAPK,MAPKAPK,MAPKAPK5
MAPKAPK,0.07583333333333335,78,KRSA,0.02502606882168926,1,CAMK,MAPKAPK,MNK,MKNK1
MAPKAPK,0.07583333333333335,78,KRSA,0.02502606882168926,1,CAMK,MAPKAPK,MNK,MKNK2
STE11,-0.6575,57,KRSA,0.28779979144942647,2,TKL,MLK,TAK1,MAP3K7
STE11,-0.6575,57,KRSA,0.28779979144942647,2,STE,STE11,MEKK1,MAP3K1
STE11,-0.6575,57,KRSA,0.28779979144942647,2,STE,STE11,ASK,MAP3K15
STE11,-0.6575,57,KRSA,0.28779979144942647,2,STE,STE11,MEKK2,MAP3K2
STE11,-0.6575,57,KRSA,0.28779979144942647,2,STE,STE11,MEKK2,MAP3K3
STE11,-0.6575,57,KRSA,0.28779979144942647,2,STE,STE11,MEKK4,MAP3K4
STE11,-0.6575,57,KRSA,0.28779979144942647,2,STE,STE11,ASK,MAP3K5
STE11,-0.6575,57,KRSA,0.28779979144942647,2,STE,STE11,ASK,MAP3K6
CHK1,-0.17666666666666667,75,KRSA,0.06256517205422316,1,CAMK,CAMKL,CHK1,CHEK1
ERK,-4.384166666666666,1,KRSA,0.9885297184567258,4,CMGC,MAPK,ERK1,MAPK1
ERK,-4.384166666666666,1,KRSA,0.9885297184567258,4,CMGC,MAPK,ERK7,MAPK15
ERK,-4.384166666666666,1,KRSA,0.9885297184567258,4,CMGC,MAPK,ERK1,MAPK3
ERK,-4.384166666666666,1,KRSA,0.9885297184567258,4,CMGC,MAPK,ERK3,MAPK4
ERK,-4.384166666666666,1,KRSA,0.9885297184567258,4,CMGC,MAPK,ERK3,MAPK6
ERK,-4.384166666666666,1,KRSA,0.9885297184567258,4,CMGC,MAPK,ERK5,MAPK7
P38,-3.2391666666666667,6,KRSA,0.9259645464025026,4,CMGC,MAPK,P38,MAPK11
P38,-3.2391666666666667,6,KRSA,0.9259645464025026,4,CMGC,MAPK,P38,MAPK12
P38,-3.2391666666666667,6,KRSA,0.9259645464025026,4,CMGC,MAPK,P38,MAPK13
P38,-3.2391666666666667,6,KRSA,0.9259645464025026,4,CMGC,MAPK,P38,MAPK14
JNK,-3.725833333333333,3,KRSA,0.9635036496350365,4,CMGC,MAPK,JNK,MAPK10
JNK,-3.725833333333333,3,KRSA,0.9635036496350365,4,CMGC,MAPK,JNK,MAPK8
JNK,-3.725833333333333,3,KRSA,0.9635036496350365,4,CMGC,MAPK,JNK,MAPK9
PDK1,-3.7941666666666665,2,KRSA,0.9760166840458812,4,ATYPICAL,PDHK,PDHK,PDK1
PDK1,-3.7941666666666665,2,KRSA,0.9760166840458812,4,AGC,PDK1,PDK1,PDPK1
PKA,2.931666666666666,9,KRSA,0.8884254431699687,4,AGC,PKA,PKA,PRKACA
PKA,2.931666666666666,9,KRSA,0.8884254431699687,4,AGC,PKA,PKA,PRKACB
PKA,2.931666666666666,9,KRSA,0.8884254431699687,4,AGC,PKA,PKA,PRKACG
PKA,2.931666666666666,9,KRSA,0.8884254431699687,4,AGC,PKA,PKA,PRKX
PKA,2.931666666666666,9,KRSA,0.8884254431699687,4,AGC,PKA,PKA,PRKY
DYRK,-3.701666666666666,4,KRSA,0.9509906152241918,4,CMGC,DYRK,DYRK1,DYRK1A
DYRK,-3.701666666666666,4,KRSA,0.9509906152241918,4,CMGC,DYRK,DYRK1,DYRK1B
DYRK,-3.701666666666666,4,KRSA,0.9509906152241918,4,CMGC,DYRK,DYRK2,DYRK2
DYRK,-3.701666666666666,4,KRSA,0.9509906152241918,4,CMGC,DYRK,DYRK2,DYRK3
DYRK,-3.701666666666666,4,KRSA,0.9509906152241918,4,CMGC,DYRK,DYRK2,DYRK4
DYRK,-3.701666666666666,4,KRSA,0.9509906152241918,4,CMGC,DYRK,HIPK,HIPK1
DYRK,-3.701666666666666,4,KRSA,0.9509906152241918,4,CMGC,DYRK,HIPK,HIPK2
DYRK,-3.701666666666666,4,KRSA,0.9509906152241918,4,CMGC,DYRK,HIPK,HIPK3
DYRK,-3.701666666666666,4,KRSA,0.9509906152241918,4,CMGC,DYRK,HIPK,HIPK4
DYRK,-3.701666666666666,4,KRSA,0.9509906152241918,4,CMGC,DYRK,PRP4,PRPF4B
PKG,2.9516666666666667,7,KRSA,0.913451511991658,4,AGC,PKG,PKG,PRKG1
PKG,2.9516666666666667,7,KRSA,0.913451511991658,4,AGC,PKG,PKG,PRKG2
CDK,-3.35,5,KRSA,0.9384775808133472,4,CMGC,CDK,CDC2,CDK1
CDK,-3.35,5,KRSA,0.9384775808133472,4,CMGC,CDK,CDK10,CDK10
CDK,-3.35,5,KRSA,0.9384775808133472,4,CMGC,CDK,CRK7,CDK12
CDK,-3.35,5,KRSA,0.9384775808133472,4,CMGC,CDK,CRK7,CDK13
CDK,-3.35,5,KRSA,0.9384775808133472,4,CMGC,CDK,PFTAIRE,CDK14
CDK,-3.35,5,KRSA,0.9384775808133472,4,CMGC,CDK,PFTAIRE,CDK15
CDK,-3.35,5,KRSA,0.9384775808133472,4,CMGC,CDK,PCTAIRE,CDK16
CDK,-3.35,5,KRSA,0.9384775808133472,4,CMGC,CDK,PCTAIRE,CDK17
CDK,-3.35,5,KRSA,0.9384775808133472,4,CMGC,CDK,PCTAIRE,CDK18
CDK,-3.35,5,KRSA,0.9384775808133472,4,CMGC,CDK,CDK8,CDK19
CDK,-3.35,5,KRSA,0.9384775808133472,4,CMGC,CDK,CDC2,CDK2
CDK,-3.35,5,KRSA,0.9384775808133472,4,CMGC,CDK,CCRK,CDK20
CDK,-3.35,5,KRSA,0.9384775808133472,4,CMGC,CDK,CDC2,CDK3
CDK,-3.35,5,KRSA,0.9384775808133472,4,CMGC,CDK,CDK4,CDK4
CDK,-3.35,5,KRSA,0.9384775808133472,4,CMGC,CDK,CDK5,CDK5
CDK,-3.35,5,KRSA,0.9384775808133472,4,CMGC,CDK,CDK4,CDK6
CDK,-3.35,5,KRSA,0.9384775808133472,4,CMGC,CDK,CDK7,CDK7
CDK,-3.35,5,KRSA,0.9384775808133472,4,CMGC,CDK,CDK8,CDK8
CDK,-3.35,5,KRSA,0.9384775808133472,4,CMGC,CDK,CDK9,CDK9
CDK,-3.35,5,KRSA,0.9384775808133472,4,NA,NA,NA,CDK11A
CDK,-3.35,5,KRSA,0.9384775808133472,4,NA,NA,NA,CDK11B
CK1,-2.104166666666667,15,KRSA,0.8133472367049009,4,CK1,CK1,CK1-A,CSNK1A1
CK1,-2.104166666666667,15,KRSA,0.8133472367049009,4,CK1,CK1,CK1-A,CSNK1A1L
CK1,-2.104166666666667,15,KRSA,0.8133472367049009,4,CK1,CK1,CK1-D,CSNK1D
CK1,-2.104166666666667,15,KRSA,0.8133472367049009,4,CK1,CK1,CK1-D,CSNK1E
CK1,-2.104166666666667,15,KRSA,0.8133472367049009,4,CK1,CK1,CK1-G,CSNK1G1
CK1,-2.104166666666667,15,KRSA,0.8133472367049009,4,CK1,CK1,CK1-G,CSNK1G2
CK1,-2.104166666666667,15,KRSA,0.8133472367049009,4,CK1,CK1,CK1-G,CSNK1G3
CK1,-2.104166666666667,15,KRSA,0.8133472367049009,4,CK1,TTBK,TTBK,TTBK1
CK1,-2.104166666666667,15,KRSA,0.8133472367049009,4,CK1,TTBK,TTBK,TTBK2
CK1,-2.104166666666667,15,KRSA,0.8133472367049009,4,CK1,VRK,VRK,VRK3
RAF,-2.3133333333333335,13,KRSA,0.8383733055265902,4,TKL,RAF,RAF,ARAF
RAF,-2.3133333333333335,13,KRSA,0.8383733055265902,4,TKL,RAF,RAF,BRAF
RAF,-2.3133333333333335,13,KRSA,0.8383733055265902,4,TKL,RAF,KSR,KSR1
RAF,-2.3133333333333335,13,KRSA,0.8383733055265902,4,TKL,RAF,KSR,KSR2
RAF,-2.3133333333333335,13,KRSA,0.8383733055265902,4,TKL,RAF,RAF,RAF1
PEK,-2.6991666666666667,10,KRSA,0.8759124087591241,4,OTHER,PEK,HRI,EIF2AK1
PEK,-2.6991666666666667,10,KRSA,0.8759124087591241,4,OTHER,PEK,PKR,EIF2AK2
PEK,-2.6991666666666667,10,KRSA,0.8759124087591241,4,OTHER,PEK,PEK,EIF2AK3
PEK,-2.6991666666666667,10,KRSA,0.8759124087591241,4,OTHER,PEK,GCN2,EIF2AK4
MOS,1.0725,34,KRSA,0.5755995828988529,3,OTHER,MOS,MOS,MOS
BARK2,0.5533333333333333,61,KRSA,0.23774765380604795,1,AGC,GRK,BARK,GRK3
PLK,-2.943333333333334,8,KRSA,0.9009384775808134,4,NA,NA,NA,PLK5
PLK,-2.943333333333334,8,KRSA,0.9009384775808134,4,OTHER,PLK,PLK1,PLK1
PLK,-2.943333333333334,8,KRSA,0.9009384775808134,4,OTHER,PLK,PLK2,PLK2
PLK,-2.943333333333334,8,KRSA,0.9009384775808134,4,OTHER,PLK,PLK2,PLK3
PLK,-2.943333333333334,8,KRSA,0.9009384775808134,4,OTHER,PLK,SAK,PLK4
CAMK2,0.01416666666666666,80,KRSA,0,1,CAMK,CAMK2,CAMK2,CAMK2A
CAMK2,0.01416666666666666,80,KRSA,0,1,CAMK,CAMK2,CAMK2,CAMK2B
CAMK2,0.01416666666666666,80,KRSA,0,1,CAMK,CAMK2,CAMK2,CAMK2D
CAMK2,0.01416666666666666,80,KRSA,0,1,CAMK,CAMK2,CAMK2,CAMK2G
MST,-2.005833333333334,16,KRSA,0.8008342022940563,4,STE,STE20,MST,STK3
MST,-2.005833333333334,16,KRSA,0.8008342022940563,4,STE,STE20,MST,STK4
ATR,-1.355,26,KRSA,0.67570385818561,3,ATYPICAL,PIKK,ATR,ATR
PAKA,0.675,56,KRSA,0.30031282586027114,2,STE,STE20,PAKA,PAK1
PAKA,0.675,56,KRSA,0.30031282586027114,2,STE,STE20,PAKA,PAK2
PAKA,0.675,56,KRSA,0.30031282586027114,2,STE,STE20,PAKA,PAK3
QIK,-2.275,14,KRSA,0.8258602711157456,4,CAMK,CAMKL,QIK,SIK1
QIK,-2.275,14,KRSA,0.8258602711157456,4,CAMK,CAMKL,QIK,SIK2
VRK1,-1.3883333333333334,25,KRSA,0.6882168925964547,3,CK1,VRK,VRK,VRK1
PKCD,0.5308333333333334,62,KRSA,0.22523461939520334,1,AGC,PKC,DELTA,PRKCD
PKCD,0.5308333333333334,62,KRSA,0.22523461939520334,1,AGC,PKC,DELTA,PRKCQ
NMO,-2.44,12,KRSA,0.8508863399374348,4,CMGC,MAPK,NMO,NLK
PKCA,-2.4466666666666668,11,KRSA,0.8633993743482794,4,AGC,PKC,ALPHA,PRKCA
PKCA,-2.4466666666666668,11,KRSA,0.8633993743482794,4,AGC,PKC,ALPHA,PRKCB
PKCA,-2.4466666666666668,11,KRSA,0.8633993743482794,4,AGC,PKC,ALPHA,PRKCG
GSK,-1.495,23,KRSA,0.7132429614181439,3,CMGC,GSK,GSK,GSK3A
GSK,-1.495,23,KRSA,0.7132429614181439,3,CMGC,GSK,GSK,GSK3B
CAMK1,1.6283333333333334,19,KRSA,0.7632950990615224,4,CAMK,CAMK1,CAMK1,CAMK1
CAMK1,1.6283333333333334,19,KRSA,0.7632950990615224,4,CAMK,CAMK1,CAMK1,CAMK1D
CAMK1,1.6283333333333334,19,KRSA,0.7632950990615224,4,CAMK,CAMK1,CAMK1,CAMK1G
CAMK1,1.6283333333333334,19,KRSA,0.7632950990615224,4,CAMK,CAMK1,CAMK1,CAMK4
CAMK1,1.6283333333333334,19,KRSA,0.7632950990615224,4,CAMK,CAMK1,CAMK1,PNCK
STE11,-0.6575,57,KRSA,0.28779979144942647,2,TKL,MLK,TAK1,MAP3K7
STE11,-0.6575,57,KRSA,0.28779979144942647,2,STE,STE11,MEKK1,MAP3K1
STE11,-0.6575,57,KRSA,0.28779979144942647,2,STE,STE11,ASK,MAP3K15
STE11,-0.6575,57,KRSA,0.28779979144942647,2,STE,STE11,MEKK2,MAP3K2
STE11,-0.6575,57,KRSA,0.28779979144942647,2,STE,STE11,MEKK2,MAP3K3
STE11,-0.6575,57,KRSA,0.28779979144942647,2,STE,STE11,MEKK4,MAP3K4
STE11,-0.6575,57,KRSA,0.28779979144942647,2,STE,STE11,ASK,MAP3K5
STE11,-0.6575,57,KRSA,0.28779979144942647,2,STE,STE11,ASK,MAP3K6
MTOR,-1.7675,17,KRSA,0.7883211678832117,4,ATYPICAL,PIKK,FRAP,MTOR
PHK,-1.56,22,KRSA,0.7257559958289885,3,CAMK,PHK,PHK,PHKG1
PHK,-1.56,22,KRSA,0.7257559958289885,3,CAMK,PHK,PHK,PHKG2
AUR,-0.03083333333333335,79,KRSA,0.01251303441084463,1,OTHER,AUR,AUR,AURKA
AUR,-0.03083333333333335,79,KRSA,0.01251303441084463,1,OTHER,AUR,AUR,AURKB
AUR,-0.03083333333333335,79,KRSA,0.01251303441084463,1,OTHER,AUR,AUR,AURKC
CK2,-0.4708333333333333,66,KRSA,0.17518248175182483,1,CMGC,CK2,CK2,CSNK2A1
CK2,-0.4708333333333333,66,KRSA,0.17518248175182483,1,CMGC,CK2,CK2,CSNK2A2
CK2,-0.4708333333333333,66,KRSA,0.17518248175182483,1,NA,NA,NA,CSNK2A3
FRAY,-1.600833333333333,21,KRSA,0.7382690302398331,3,STE,STE20,FRAY,OXSR1
FRAY,-1.600833333333333,21,KRSA,0.7382690302398331,3,STE,STE20,FRAY,STK39
PKCI,0.7458333333333333,52,KRSA,0.35036496350364965,2,AGC,PKC,IOTA,PRKCI
PKCI,0.7458333333333333,52,KRSA,0.35036496350364965,2,AGC,PKC,IOTA,PRKCZ
STE7,-1.6208333333333331,20,KRSA,0.7507820646506778,4,STE,STE7,MEK1,MAP2K1
STE7,-1.6208333333333331,20,KRSA,0.7507820646506778,4,STE,STE7,MEK1,MAP2K2
STE7,-1.6208333333333331,20,KRSA,0.7507820646506778,4,STE,STE7,MEK3,MAP2K3
STE7,-1.6208333333333331,20,KRSA,0.7507820646506778,4,STE,STE7,MEK4,MAP2K4
STE7,-1.6208333333333331,20,KRSA,0.7507820646506778,4,STE,STE7,MEK5,MAP2K5
STE7,-1.6208333333333331,20,KRSA,0.7507820646506778,4,STE,STE7,MEK3,MAP2K6
STE7,-1.6208333333333331,20,KRSA,0.7507820646506778,4,STE,STE7,MEK7,MAP2K7
DAPK,-0.9291666666666668,37,KRSA,0.5380604796663191,3,CAMK,DAPK,DAPK,DAPK1
DAPK,-0.9291666666666668,37,KRSA,0.5380604796663191,3,CAMK,DAPK,DAPK,DAPK2
DAPK,-0.9291666666666668,37,KRSA,0.5380604796663191,3,CAMK,DAPK,DAPK,DAPK3
DAPK,-0.9291666666666668,37,KRSA,0.5380604796663191,3,CAMK,DAPK,DRAK,STK17A
DAPK,-0.9291666666666668,37,KRSA,0.5380604796663191,3,CAMK,DAPK,DRAK,STK17B
HAL,0.6866666666666666,54,KRSA,0.32533889468196037,2,RGC,RGC,RGC,NPR1
MELK,-0.6341666666666667,59,KRSA,0.26277372262773724,2,CAMK,CAMKL,MELK,MELK
NDR,0.4458333333333333,67,KRSA,0.16266944734098018,1,AGC,NDR,NDR,LATS1
NDR,0.4458333333333333,67,KRSA,0.16266944734098018,1,AGC,NDR,NDR,LATS2
NDR,0.4458333333333333,67,KRSA,0.16266944734098018,1,AGC,NDR,NDR,STK38
NDR,0.4458333333333333,67,KRSA,0.16266944734098018,1,AGC,NDR,NDR,STK38L
NAK,-1.215,28,KRSA,0.6506777893639207,3,OTHER,NAK,BIKE,AAK1
NAK,-1.215,28,KRSA,0.6506777893639207,3,OTHER,NAK,BIKE,BMP2K
NAK,-1.215,28,KRSA,0.6506777893639207,3,OTHER,NAK,GAK,GAK
NAK,-1.215,28,KRSA,0.6506777893639207,3,OTHER,NAK,MPSK,STK16
TLK,-1.205,29,KRSA,0.6381647549530761,3,OTHER,TLK,TLK,TLK1
TLK,-1.205,29,KRSA,0.6381647549530761,3,OTHER,TLK,TLK,TLK2
RIPK,1.2691666666666666,27,KRSA,0.6631908237747653,3,TKL,RIPK,RIPK,ANKK1
RIPK,1.2691666666666666,27,KRSA,0.6631908237747653,3,TKL,RIPK,RIPK,RIPK1
RIPK,1.2691666666666666,27,KRSA,0.6631908237747653,3,TKL,RIPK,RIPK,RIPK2
RIPK,1.2691666666666666,27,KRSA,0.6631908237747653,3,TKL,RIPK,RIPK,RIPK3
RIPK,1.2691666666666666,27,KRSA,0.6631908237747653,3,TKL,RIPK,RIPK,RIPK4
PKN,-1.0741666666666667,33,KRSA,0.5881126173096975,3,AGC,PKN,PKN,PKN1
PKN,-1.0741666666666667,33,KRSA,0.5881126173096975,3,AGC,PKN,PKN,PKN2
PKN,-1.0741666666666667,33,KRSA,0.5881126173096975,3,AGC,PKN,PKN,PKN3
DMPK,-0.905,38,KRSA,0.5255474452554745,3,AGC,DMPK,GEK,CDC42BPA
DMPK,-0.905,38,KRSA,0.5255474452554745,3,AGC,DMPK,GEK,CDC42BPB
DMPK,-0.905,38,KRSA,0.5255474452554745,3,AGC,DMPK,GEK,CDC42BPG
DMPK,-0.905,38,KRSA,0.5255474452554745,3,AGC,DMPK,CRIK,CIT
DMPK,-0.905,38,KRSA,0.5255474452554745,3,AGC,DMPK,GEK,DMPK
DMPK,-0.905,38,KRSA,0.5255474452554745,3,AGC,DMPK,ROCK,ROCK1
DMPK,-0.905,38,KRSA,0.5255474452554745,3,AGC,DMPK,ROCK,ROCK2
PAKB,-0.4825,65,KRSA,0.18769551616266944,1,STE,STE20,PAKB,PAK4
PAKB,-0.4825,65,KRSA,0.18769551616266944,1,STE,STE20,PAKB,PAK5
PAKB,-0.4825,65,KRSA,0.18769551616266944,1,STE,STE20,PAKB,PAK6
PIM,0.09833333333333331,76,KRSA,0.05005213764337852,1,CAMK,PIM,PIM,PIM1
PIM,0.09833333333333331,76,KRSA,0.05005213764337852,1,CAMK,PIM,PIM,PIM2
PIM,0.09833333333333331,76,KRSA,0.05005213764337852,1,CAMK,PIM,PIM,PIM3
NUAK,-1.195,31,KRSA,0.6131386861313869,3,CAMK,CAMKL,NUAK,NUAK1
NUAK,-1.195,31,KRSA,0.6131386861313869,3,CAMK,CAMKL,NUAK,NUAK2
TTK,-1.2,30,KRSA,0.6256517205422315,3,OTHER,TTK,TTK,TTK
GRK,-0.43083333333333335,68,KRSA,0.15015641293013557,1,AGC,GRK,GRK,GRK1
GRK,-0.43083333333333335,68,KRSA,0.15015641293013557,1,AGC,GRK,GRK,GRK4
GRK,-0.43083333333333335,68,KRSA,0.15015641293013557,1,AGC,GRK,GRK,GRK5
GRK,-0.43083333333333335,68,KRSA,0.15015641293013557,1,AGC,GRK,GRK,GRK6
GRK,-0.43083333333333335,68,KRSA,0.15015641293013557,1,AGC,GRK,GRK,GRK7
SGK,-0.7541666666666667,51,KRSA,0.36287799791449427,2,AGC,SGK,SGK,SGK1
SGK,-0.7541666666666667,51,KRSA,0.36287799791449427,2,AGC,SGK,SGK,SGK2
SGK,-0.7541666666666667,51,KRSA,0.36287799791449427,2,AGC,SGK,SGK,SGK3
PRKDC,-1.0841666666666667,32,KRSA,0.6006256517205423,3,ATYPICAL,PIKK,DNAPK,PRKDC
STKR,-0.9475,36,KRSA,0.5505735140771637,3,TKL,STKR,TYPE1,ACVR1
STKR,-0.9475,36,KRSA,0.5505735140771637,3,TKL,STKR,TYPE1,ACVR1B
STKR,-0.9475,36,KRSA,0.5505735140771637,3,TKL,STKR,TYPE1,ACVR1C
STKR,-0.9475,36,KRSA,0.5505735140771637,3,TKL,STKR,TYPE2,ACVR2A
STKR,-0.9475,36,KRSA,0.5505735140771637,3,TKL,STKR,TYPE2,ACVR2B
STKR,-0.9475,36,KRSA,0.5505735140771637,3,TKL,STKR,TYPE1,ACVRL1
STKR,-0.9475,36,KRSA,0.5505735140771637,3,TKL,STKR,TYPE2,AMHR2
STKR,-0.9475,36,KRSA,0.5505735140771637,3,TKL,STKR,TYPE1,BMPR1A
STKR,-0.9475,36,KRSA,0.5505735140771637,3,TKL,STKR,TYPE1,BMPR1B
STKR,-0.9475,36,KRSA,0.5505735140771637,3,TKL,STKR,TYPE2,BMPR2
STKR,-0.9475,36,KRSA,0.5505735140771637,3,TKL,STKR,TYPE1,TGFBR1
STKR,-0.9475,36,KRSA,0.5505735140771637,3,TKL,STKR,TYPE2,TGFBR2
NEK,-0.7866666666666666,49,KRSA,0.38790406673618355,2,OTHER,NEK,NEK11,NEK11
NEK,-0.7866666666666666,49,KRSA,0.38790406673618355,2,OTHER,NEK,NEK2,NEK2
NEK,-0.7866666666666666,49,KRSA,0.38790406673618355,2,OTHER,NEK,NEK1,NEK3
NEK,-0.7866666666666666,49,KRSA,0.38790406673618355,2,OTHER,NEK,NEK4,NEK4
NEK,-0.7866666666666666,49,KRSA,0.38790406673618355,2,OTHER,NEK,NEK1,NEK5
NEK,-0.7866666666666666,49,KRSA,0.38790406673618355,2,OTHER,NEK,NEK6,NEK6
NEK,-0.7866666666666666,49,KRSA,0.38790406673618355,2,OTHER,NEK,NEK6,NEK7
NEK,-0.7866666666666666,49,KRSA,0.38790406673618355,2,OTHER,NEK,NEK8,NEK8
NEK,-0.7866666666666666,49,KRSA,0.38790406673618355,2,OTHER,NEK,NEK8,NEK9
BUD32,-0.8416666666666667,44,KRSA,0.4504692387904067,2,OTHER,BUD32,BUD32,TP53RK
BRSK,0.5175,63,KRSA,0.2127215849843587,1,CAMK,CAMKL,BRSK,BRSK1
BRSK,0.5175,63,KRSA,0.2127215849843587,1,CAMK,CAMKL,BRSK,BRSK2
AKT,0.3075,70,KRSA,0.1251303441084463,1,AGC,AKT,AKT,AKT1
AKT,0.3075,70,KRSA,0.1251303441084463,1,AGC,AKT,AKT,AKT2
AKT,0.3075,70,KRSA,0.1251303441084463,1,AGC,AKT,AKT,AKT3
CAMKK,-0.8425,43,KRSA,0.4629822732012513,2,OTHER,CAMKK,META,CAMKK1
CAMKK,-0.8425,43,KRSA,0.4629822732012513,2,OTHER,CAMKK,META,CAMKK2
NIK,-0.8408333333333333,45,KRSA,0.43795620437956206,2,STE,STE-UNIQUE,STE-UNIQUE,MAP3K14
KHS,0.3491666666666667,69,KRSA,0.13764337851929093,1,STE,STE20,KHS,MAP4K1
KHS,0.3491666666666667,69,KRSA,0.13764337851929093,1,STE,STE20,KHS,MAP4K2
KHS,0.3491666666666667,69,KRSA,0.13764337851929093,1,STE,STE20,KHS,MAP4K3
KHS,0.3491666666666667,69,KRSA,0.13764337851929093,1,STE,STE20,KHS,MAP4K5
TAO,-0.5108333333333334,64,KRSA,0.20020855057351408,1,STE,STE20,TAO,TAOK1
TAO,-0.5108333333333334,64,KRSA,0.20020855057351408,1,STE,STE20,TAO,TAOK2
TAO,-0.5108333333333334,64,KRSA,0.20020855057351408,1,STE,STE20,TAO,TAOK3
PASK,0.8833333333333333,39,KRSA,0.5130344108446299,3,CAMK,CAMKL,PASK,PASK
WNK,-0.8433333333333334,42,KRSA,0.4754953076120959,2,OTHER,WNK,WNK,WNK1
WNK,-0.8433333333333334,42,KRSA,0.4754953076120959,2,OTHER,WNK,WNK,WNK2
WNK,-0.8433333333333334,42,KRSA,0.4754953076120959,2,OTHER,WNK,WNK,WNK3
WNK,-0.8433333333333334,42,KRSA,0.4754953076120959,2,OTHER,WNK,WNK,WNK4
ULK,-0.84,46,KRSA,0.4254431699687174,2,OTHER,ULK,FUSED,STK36
ULK,-0.84,46,KRSA,0.4254431699687174,2,OTHER,ULK,ULK,ULK1
ULK,-0.84,46,KRSA,0.4254431699687174,2,OTHER,ULK,ULK,ULK2
ULK,-0.84,46,KRSA,0.4254431699687174,2,OTHER,ULK,ULK,ULK3
ULK,-0.84,46,KRSA,0.4254431699687174,2,OTHER,ULK,ULK,ULK4
CLK,-0.8325,47,KRSA,0.4129301355578728,2,CMGC,CLK,CLK,CLK1
CLK,-0.8325,47,KRSA,0.4129301355578728,2,CMGC,CLK,CLK,CLK2
CLK,-0.8325,47,KRSA,0.4129301355578728,2,CMGC,CLK,CLK,CLK3
CLK,-0.8325,47,KRSA,0.4129301355578728,2,CMGC,CLK,CLK,CLK4
SLK,0.21083333333333332,74,KRSA,0.07507820646506778,1,STE,STE20,SLK,SLK
SLK,0.21083333333333332,74,KRSA,0.07507820646506778,1,STE,STE20,SLK,STK10
RAD53,0.7608333333333334,50,KRSA,0.3753910323253389,2,CAMK,RAD53,RAD53,CHEK2
MAPKAPK,0.07583333333333335,78,KRSA,0.02502606882168926,1,CAMK,MAPKAPK,MAPKAPK,MAPKAPK2
MAPKAPK,0.07583333333333335,78,KRSA,0.02502606882168926,1,CAMK,MAPKAPK,MAPKAPK,MAPKAPK3
MAPKAPK,0.07583333333333335,78,KRSA,0.02502606882168926,1,CAMK,MAPKAPK,MAPKAPK,MAPKAPK5
MAPKAPK,0.07583333333333335,78,KRSA,0.02502606882168926,1,CAMK,MAPKAPK,MNK,MKNK1
MAPKAPK,0.07583333333333335,78,KRSA,0.02502606882168926,1,CAMK,MAPKAPK,MNK,MKNK2
LKB,-1.4725,24,KRSA,0.7007299270072993,3,CAMK,CAMKL,LKB,STK11
PDHK,-0.6858333333333333,55,KRSA,0.31282586027111575,2,ATYPICAL,PDHK,BCKDK,BCKDK
PDHK,-0.6858333333333333,55,KRSA,0.31282586027111575,2,ATYPICAL,PDHK,PDHK,PDK2
PDHK,-0.6858333333333333,55,KRSA,0.31282586027111575,2,ATYPICAL,PDHK,PDHK,PDK3
PDHK,-0.6858333333333333,55,KRSA,0.31282586027111575,2,ATYPICAL,PDHK,PDHK,PDK4
AMPK,0.08000000000000002,77,KRSA,0.03753910323253389,1,CAMK,CAMKL,AMPK,PRKAA1
AMPK,0.08000000000000002,77,KRSA,0.03753910323253389,1,CAMK,CAMKL,AMPK,PRKAA2
RSK,0.635,58,KRSA,0.27528675703858185,2,AGC,RSK,RSK,RPS6KA1
RSK,0.635,58,KRSA,0.27528675703858185,2,AGC,RSK,RSK,RPS6KA2
RSK,0.635,58,KRSA,0.27528675703858185,2,AGC,RSK,RSK,RPS6KA3
RSK,0.635,58,KRSA,0.27528675703858185,2,AGC,RSK,MSK,RPS6KA4
RSK,0.635,58,KRSA,0.27528675703858185,2,AGC,RSK,MSK,RPS6KA5
RSK,0.635,58,KRSA,0.27528675703858185,2,AGC,RSK,RSK,RPS6KA6
RSK,0.635,58,KRSA,0.27528675703858185,2,AGC,RSK,P70,RPS6KB1
RSK,0.635,58,KRSA,0.27528675703858185,2,AGC,RSK,P70,RPS6KB2
IRAK,-0.7391666666666667,53,KRSA,0.337851929092805,2,TKL,IRAK,IRAK,IRAK1
IRAK,-0.7391666666666667,53,KRSA,0.337851929092805,2,TKL,IRAK,IRAK,IRAK2
IRAK,-0.7391666666666667,53,KRSA,0.337851929092805,2,TKL,IRAK,IRAK,IRAK3
IRAK,-0.7391666666666667,53,KRSA,0.337851929092805,2,TKL,IRAK,IRAK,IRAK4
MLK,-0.8616666666666667,40,KRSA,0.5005213764337852,3,TKL,MLK,ILK,ILK
MLK,-0.8616666666666667,40,KRSA,0.5005213764337852,3,TKL,MLK,MLK,MAP3K10
MLK,-0.8616666666666667,40,KRSA,0.5005213764337852,3,TKL,MLK,MLK,MAP3K11
MLK,-0.8616666666666667,40,KRSA,0.5005213764337852,3,TKL,MLK,LZK,MAP3K12
MLK,-0.8616666666666667,40,KRSA,0.5005213764337852,3,TKL,MLK,LZK,MAP3K13
MLK,-0.8616666666666667,40,KRSA,0.5005213764337852,3,TKL,MLK,MLK,MAP3K9
MLK,-0.8616666666666667,40,KRSA,0.5005213764337852,3,TKL,MLK,HH498,TNNI3K
PKD,0.30500000000000005,71,KRSA,0.11261730969760167,1,CAMK,PKD,PKD,PRKD1
PKD,0.30500000000000005,71,KRSA,0.11261730969760167,1,CAMK,PKD,PKD,PRKD2
PKD,0.30500000000000005,71,KRSA,0.11261730969760167,1,CAMK,PKD,PKD,PRKD3
MLCK,-0.8308333333333333,48,KRSA,0.40041710114702816,2,CAMK,MLCK,MLCK,MYLK
MLCK,-0.8308333333333333,48,KRSA,0.40041710114702816,2,CAMK,MLCK,MLCK,MYLK2
MLCK,-0.8308333333333333,48,KRSA,0.40041710114702816,2,CAMK,MLCK,MLCK,TTN
COT,0.2966666666666667,72,KRSA,0.10010427528675704,1,STE,STE-UNIQUE,STE-UNIQUE,MAP3K8
CHK1,-0.17666666666666667,75,KRSA,0.06256517205422316,1,CAMK,CAMKL,CHK1,CHEK1
PKCH,-0.21833333333333332,73,KRSA,0.08759124087591241,1,AGC,PKC,ETA,PRKCE
PKCH,-0.21833333333333332,73,KRSA,0.08759124087591241,1,AGC,PKC,ETA,PRKCH
MSN,-0.5541666666666666,60,KRSA,0.2502606882168926,2,STE,STE20,MSN,MAP4K4
MSN,-0.5541666666666666,60,KRSA,0.2502606882168926,2,STE,STE20,MSN,NRK
MSN,-0.5541666666666666,60,KRSA,0.2502606882168926,2,STE,STE20,MSN,TNIK
IKK,-0.8591666666666666,41,KRSA,0.4880083420229406,2,OTHER,IKK,IKK,CHUK
IKK,-0.8591666666666666,41,KRSA,0.4880083420229406,2,OTHER,IKK,IKK,IKBKB
IKK,-0.8591666666666666,41,KRSA,0.4880083420229406,2,OTHER,IKK,IKK,IKBKE
IKK,-0.8591666666666666,41,KRSA,0.4880083420229406,2,OTHER,IKK,IKK,TBK1
ATM,-0.9883333333333334,35,KRSA,0.5630865484880083,3,ATYPICAL,PIKK,ATM,ATM
PEK,-2.6991666666666667,10,KRSA,0.8759124087591241,4,OTHER,PEK,HRI,EIF2AK1
PEK,-2.6991666666666667,10,KRSA,0.8759124087591241,4,OTHER,PEK,PKR,EIF2AK2
PEK,-2.6991666666666667,10,KRSA,0.8759124087591241,4,OTHER,PEK,PEK,EIF2AK3
PEK,-2.6991666666666667,10,KRSA,0.8759124087591241,4,OTHER,PEK,GCN2,EIF2AK4
CDK,-3.35,5,KRSA,0.9384775808133472,4,CMGC,CDK,CDC2,CDK1
CDK,-3.35,5,KRSA,0.9384775808133472,4,CMGC,CDK,CDK10,CDK10
CDK,-3.35,5,KRSA,0.9384775808133472,4,CMGC,CDK,CRK7,CDK12
CDK,-3.35,5,KRSA,0.9384775808133472,4,CMGC,CDK,CRK7,CDK13
CDK,-3.35,5,KRSA,0.9384775808133472,4,CMGC,CDK,PFTAIRE,CDK14
CDK,-3.35,5,KRSA,0.9384775808133472,4,CMGC,CDK,PFTAIRE,CDK15
CDK,-3.35,5,KRSA,0.9384775808133472,4,CMGC,CDK,PCTAIRE,CDK16
CDK,-3.35,5,KRSA,0.9384775808133472,4,CMGC,CDK,PCTAIRE,CDK17
CDK,-3.35,5,KRSA,0.9384775808133472,4,CMGC,CDK,PCTAIRE,CDK18
CDK,-3.35,5,KRSA,0.9384775808133472,4,CMGC,CDK,CDK8,CDK19
CDK,-3.35,5,KRSA,0.9384775808133472,4,CMGC,CDK,CDC2,CDK2
CDK,-3.35,5,KRSA,0.9384775808133472,4,CMGC,CDK,CCRK,CDK20
CDK,-3.35,5,KRSA,0.9384775808133472,4,CMGC,CDK,CDC2,CDK3
CDK,-3.35,5,KRSA,0.9384775808133472,4,CMGC,CDK,CDK4,CDK4
CDK,-3.35,5,KRSA,0.9384775808133472,4,CMGC,CDK,CDK5,CDK5
CDK,-3.35,5,KRSA,0.9384775808133472,4,CMGC,CDK,CDK4,CDK6
CDK,-3.35,5,KRSA,0.9384775808133472,4,CMGC,CDK,CDK7,CDK7
CDK,-3.35,5,KRSA,0.9384775808133472,4,CMGC,CDK,CDK8,CDK8
CDK,-3.35,5,KRSA,0.9384775808133472,4,CMGC,CDK,CDK9,CDK9
CDK,-3.35,5,KRSA,0.9384775808133472,4,NA,NA,NA,CDK11A
CDK,-3.35,5,KRSA,0.9384775808133472,4,NA,NA,NA,CDK11B
PDK1,-3.7941666666666665,2,KRSA,0.9760166840458812,4,ATYPICAL,PDHK,PDHK,PDK1
PDK1,-3.7941666666666665,2,KRSA,0.9760166840458812,4,AGC,PDK1,PDK1,PDPK1
ERK,-4.384166666666666,1,KRSA,0.9885297184567258,4,CMGC,MAPK,ERK1,MAPK1
ERK,-4.384166666666666,1,KRSA,0.9885297184567258,4,CMGC,MAPK,ERK7,MAPK15
ERK,-4.384166666666666,1,KRSA,0.9885297184567258,4,CMGC,MAPK,ERK1,MAPK3
ERK,-4.384166666666666,1,KRSA,0.9885297184567258,4,CMGC,MAPK,ERK3,MAPK4
ERK,-4.384166666666666,1,KRSA,0.9885297184567258,4,CMGC,MAPK,ERK3,MAPK6
ERK,-4.384166666666666,1,KRSA,0.9885297184567258,4,CMGC,MAPK,ERK5,MAPK7
PKCA,-2.4466666666666668,11,KRSA,0.8633993743482794,4,AGC,PKC,ALPHA,PRKCA
PKCA,-2.4466666666666668,11,KRSA,0.8633993743482794,4,AGC,PKC,ALPHA,PRKCB
PKCA,-2.4466666666666668,11,KRSA,0.8633993743482794,4,AGC,PKC,ALPHA,PRKCG
DYRK,-3.701666666666666,4,KRSA,0.9509906152241918,4,CMGC,DYRK,DYRK1,DYRK1A
DYRK,-3.701666666666666,4,KRSA,0.9509906152241918,4,CMGC,DYRK,DYRK1,DYRK1B
DYRK,-3.701666666666666,4,KRSA,0.9509906152241918,4,CMGC,DYRK,DYRK2,DYRK2
DYRK,-3.701666666666666,4,KRSA,0.9509906152241918,4,CMGC,DYRK,DYRK2,DYRK3
DYRK,-3.701666666666666,4,KRSA,0.9509906152241918,4,CMGC,DYRK,DYRK2,DYRK4
DYRK,-3.701666666666666,4,KRSA,0.9509906152241918,4,CMGC,DYRK,HIPK,HIPK1
DYRK,-3.701666666666666,4,KRSA,0.9509906152241918,4,CMGC,DYRK,HIPK,HIPK2
DYRK,-3.701666666666666,4,KRSA,0.9509906152241918,4,CMGC,DYRK,HIPK,HIPK3
DYRK,-3.701666666666666,4,KRSA,0.9509906152241918,4,CMGC,DYRK,HIPK,HIPK4
DYRK,-3.701666666666666,4,KRSA,0.9509906152241918,4,CMGC,DYRK,PRP4,PRPF4B
JNK,-3.725833333333333,3,KRSA,0.9635036496350365,4,CMGC,MAPK,JNK,MAPK10
JNK,-3.725833333333333,3,KRSA,0.9635036496350365,4,CMGC,MAPK,JNK,MAPK8
JNK,-3.725833333333333,3,KRSA,0.9635036496350365,4,CMGC,MAPK,JNK,MAPK9
NMO,-2.44,12,KRSA,0.8508863399374348,4,CMGC,MAPK,NMO,NLK
QIK,-2.275,14,KRSA,0.8258602711157456,4,CAMK,CAMKL,QIK,SIK1
QIK,-2.275,14,KRSA,0.8258602711157456,4,CAMK,CAMKL,QIK,SIK2
MTOR,-1.7675,17,KRSA,0.7883211678832117,4,ATYPICAL,PIKK,FRAP,MTOR
PLK,-2.943333333333334,8,KRSA,0.9009384775808134,4,NA,NA,NA,PLK5
PLK,-2.943333333333334,8,KRSA,0.9009384775808134,4,OTHER,PLK,PLK1,PLK1
PLK,-2.943333333333334,8,KRSA,0.9009384775808134,4,OTHER,PLK,PLK2,PLK2
PLK,-2.943333333333334,8,KRSA,0.9009384775808134,4,OTHER,PLK,PLK2,PLK3
PLK,-2.943333333333334,8,KRSA,0.9009384775808134,4,OTHER,PLK,SAK,PLK4
PDHK,-0.6858333333333333,55,KRSA,0.31282586027111575,2,ATYPICAL,PDHK,BCKDK,BCKDK
PDHK,-0.6858333333333333,55,KRSA,0.31282586027111575,2,ATYPICAL,PDHK,PDHK,PDK2
PDHK,-0.6858333333333333,55,KRSA,0.31282586027111575,2,ATYPICAL,PDHK,PDHK,PDK3
PDHK,-0.6858333333333333,55,KRSA,0.31282586027111575,2,ATYPICAL,PDHK,PDHK,PDK4
STE7,-1.6208333333333331,20,KRSA,0.7507820646506778,4,STE,STE7,MEK1,MAP2K1
STE7,-1.6208333333333331,20,KRSA,0.7507820646506778,4,STE,STE7,MEK1,MAP2K2
STE7,-1.6208333333333331,20,KRSA,0.7507820646506778,4,STE,STE7,MEK3,MAP2K3
STE7,-1.6208333333333331,20,KRSA,0.7507820646506778,4,STE,STE7,MEK4,MAP2K4
STE7,-1.6208333333333331,20,KRSA,0.7507820646506778,4,STE,STE7,MEK5,MAP2K5
STE7,-1.6208333333333331,20,KRSA,0.7507820646506778,4,STE,STE7,MEK3,MAP2K6
STE7,-1.6208333333333331,20,KRSA,0.7507820646506778,4,STE,STE7,MEK7,MAP2K7
P38,-3.2391666666666667,6,KRSA,0.9259645464025026,4,CMGC,MAPK,P38,MAPK11
P38,-3.2391666666666667,6,KRSA,0.9259645464025026,4,CMGC,MAPK,P38,MAPK12
P38,-3.2391666666666667,6,KRSA,0.9259645464025026,4,CMGC,MAPK,P38,MAPK13
P38,-3.2391666666666667,6,KRSA,0.9259645464025026,4,CMGC,MAPK,P38,MAPK14
PHK,-1.56,22,KRSA,0.7257559958289885,3,CAMK,PHK,PHK,PHKG1
PHK,-1.56,22,KRSA,0.7257559958289885,3,CAMK,PHK,PHK,PHKG2
IKK,-0.8591666666666666,41,KRSA,0.4880083420229406,2,OTHER,IKK,IKK,CHUK
IKK,-0.8591666666666666,41,KRSA,0.4880083420229406,2,OTHER,IKK,IKK,IKBKB
IKK,-0.8591666666666666,41,KRSA,0.4880083420229406,2,OTHER,IKK,IKK,IKBKE
IKK,-0.8591666666666666,41,KRSA,0.4880083420229406,2,OTHER,IKK,IKK,TBK1
RAF,-2.3133333333333335,13,KRSA,0.8383733055265902,4,TKL,RAF,RAF,ARAF
RAF,-2.3133333333333335,13,KRSA,0.8383733055265902,4,TKL,RAF,RAF,BRAF
RAF,-2.3133333333333335,13,KRSA,0.8383733055265902,4,TKL,RAF,KSR,KSR1
RAF,-2.3133333333333335,13,KRSA,0.8383733055265902,4,TKL,RAF,KSR,KSR2
RAF,-2.3133333333333335,13,KRSA,0.8383733055265902,4,TKL,RAF,RAF,RAF1
CK1,-2.104166666666667,15,KRSA,0.8133472367049009,4,CK1,CK1,CK1-A,CSNK1A1
CK1,-2.104166666666667,15,KRSA,0.8133472367049009,4,CK1,CK1,CK1-A,CSNK1A1L
CK1,-2.104166666666667,15,KRSA,0.8133472367049009,4,CK1,CK1,CK1-D,CSNK1D
CK1,-2.104166666666667,15,KRSA,0.8133472367049009,4,CK1,CK1,CK1-D,CSNK1E
CK1,-2.104166666666667,15,KRSA,0.8133472367049009,4,CK1,CK1,CK1-G,CSNK1G1
CK1,-2.104166666666667,15,KRSA,0.8133472367049009,4,CK1,CK1,CK1-G,CSNK1G2
CK1,-2.104166666666667,15,KRSA,0.8133472367049009,4,CK1,CK1,CK1-G,CSNK1G3
CK1,-2.104166666666667,15,KRSA,0.8133472367049009,4,CK1,TTBK,TTBK,TTBK1
CK1,-2.104166666666667,15,KRSA,0.8133472367049009,4,CK1,TTBK,TTBK,TTBK2
CK1,-2.104166666666667,15,KRSA,0.8133472367049009,4,CK1,VRK,VRK,VRK3
FRAY,-1.600833333333333,21,KRSA,0.7382690302398331,3,STE,STE20,FRAY,OXSR1
FRAY,-1.600833333333333,21,KRSA,0.7382690302398331,3,STE,STE20,FRAY,STK39
PKG,2.9516666666666667,7,KRSA,0.913451511991658,4,AGC,PKG,PKG,PRKG1
PKG,2.9516666666666667,7,KRSA,0.913451511991658,4,AGC,PKG,PKG,PRKG2
ATR,-1.355,26,KRSA,0.67570385818561,3,ATYPICAL,PIKK,ATR,ATR
PKA,2.931666666666666,9,KRSA,0.8884254431699687,4,AGC,PKA,PKA,PRKACA
PKA,2.931666666666666,9,KRSA,0.8884254431699687,4,AGC,PKA,PKA,PRKACB
PKA,2.931666666666666,9,KRSA,0.8884254431699687,4,AGC,PKA,PKA,PRKACG
PKA,2.931666666666666,9,KRSA,0.8884254431699687,4,AGC,PKA,PKA,PRKX
PKA,2.931666666666666,9,KRSA,0.8884254431699687,4,AGC,PKA,PKA,PRKY
MST,-2.005833333333334,16,KRSA,0.8008342022940563,4,STE,STE20,MST,STK3
MST,-2.005833333333334,16,KRSA,0.8008342022940563,4,STE,STE20,MST,STK4
CAMK1,1.6283333333333334,19,KRSA,0.7632950990615224,4,CAMK,CAMK1,CAMK1,CAMK1
CAMK1,1.6283333333333334,19,KRSA,0.7632950990615224,4,CAMK,CAMK1,CAMK1,CAMK1D
CAMK1,1.6283333333333334,19,KRSA,0.7632950990615224,4,CAMK,CAMK1,CAMK1,CAMK1G
CAMK1,1.6283333333333334,19,KRSA,0.7632950990615224,4,CAMK,CAMK1,CAMK1,CAMK4
CAMK1,1.6283333333333334,19,KRSA,0.7632950990615224,4,CAMK,CAMK1,CAMK1,PNCK
GSK,-1.495,23,KRSA,0.7132429614181439,3,CMGC,GSK,GSK,GSK3A
GSK,-1.495,23,KRSA,0.7132429614181439,3,CMGC,GSK,GSK,GSK3B
PRKDC,-1.0841666666666667,32,KRSA,0.6006256517205423,3,ATYPICAL,PIKK,DNAPK,PRKDC
MLK,-0.8616666666666667,40,KRSA,0.5005213764337852,3,TKL,MLK,ILK,ILK
MLK,-0.8616666666666667,40,KRSA,0.5005213764337852,3,TKL,MLK,MLK,MAP3K10
MLK,-0.8616666666666667,40,KRSA,0.5005213764337852,3,TKL,MLK,MLK,MAP3K11
MLK,-0.8616666666666667,40,KRSA,0.5005213764337852,3,TKL,MLK,LZK,MAP3K12
MLK,-0.8616666666666667,40,KRSA,0.5005213764337852,3,TKL,MLK,LZK,MAP3K13
MLK,-0.8616666666666667,40,KRSA,0.5005213764337852,3,TKL,MLK,MLK,MAP3K9
MLK,-0.8616666666666667,40,KRSA,0.5005213764337852,3,TKL,MLK,HH498,TNNI3K
NAK,-1.215,28,KRSA,0.6506777893639207,3,OTHER,NAK,BIKE,AAK1
NAK,-1.215,28,KRSA,0.6506777893639207,3,OTHER,NAK,BIKE,BMP2K
NAK,-1.215,28,KRSA,0.6506777893639207,3,OTHER,NAK,GAK,GAK
NAK,-1.215,28,KRSA,0.6506777893639207,3,OTHER,NAK,MPSK,STK16
TTK,-1.2,30,KRSA,0.6256517205422315,3,OTHER,TTK,TTK,TTK
NUAK,-1.195,31,KRSA,0.6131386861313869,3,CAMK,CAMKL,NUAK,NUAK1
NUAK,-1.195,31,KRSA,0.6131386861313869,3,CAMK,CAMKL,NUAK,NUAK2
TLK,-1.205,29,KRSA,0.6381647549530761,3,OTHER,TLK,TLK,TLK1
TLK,-1.205,29,KRSA,0.6381647549530761,3,OTHER,TLK,TLK,TLK2
LKB,-1.4725,24,KRSA,0.7007299270072993,3,CAMK,CAMKL,LKB,STK11
PKCI,0.7458333333333333,52,KRSA,0.35036496350364965,2,AGC,PKC,IOTA,PRKCI
PKCI,0.7458333333333333,52,KRSA,0.35036496350364965,2,AGC,PKC,IOTA,PRKCZ
MSN,-0.5541666666666666,60,KRSA,0.2502606882168926,2,STE,STE20,MSN,MAP4K4
MSN,-0.5541666666666666,60,KRSA,0.2502606882168926,2,STE,STE20,MSN,NRK
MSN,-0.5541666666666666,60,KRSA,0.2502606882168926,2,STE,STE20,MSN,TNIK
ATM,-0.9883333333333334,35,KRSA,0.5630865484880083,3,ATYPICAL,PIKK,ATM,ATM
GRK,-0.43083333333333335,68,KRSA,0.15015641293013557,1,AGC,GRK,GRK,GRK1
GRK,-0.43083333333333335,68,KRSA,0.15015641293013557,1,AGC,GRK,GRK,GRK4
GRK,-0.43083333333333335,68,KRSA,0.15015641293013557,1,AGC,GRK,GRK,GRK5
GRK,-0.43083333333333335,68,KRSA,0.15015641293013557,1,AGC,GRK,GRK,GRK6
GRK,-0.43083333333333335,68,KRSA,0.15015641293013557,1,AGC,GRK,GRK,GRK7
PKCH,-0.21833333333333332,73,KRSA,0.08759124087591241,1,AGC,PKC,ETA,PRKCE
PKCH,-0.21833333333333332,73,KRSA,0.08759124087591241,1,AGC,PKC,ETA,PRKCH
CK2,-0.4708333333333333,66,KRSA,0.17518248175182483,1,CMGC,CK2,CK2,CSNK2A1
CK2,-0.4708333333333333,66,KRSA,0.17518248175182483,1,CMGC,CK2,CK2,CSNK2A2
CK2,-0.4708333333333333,66,KRSA,0.17518248175182483,1,NA,NA,NA,CSNK2A3
DMPK,-0.905,38,KRSA,0.5255474452554745,3,AGC,DMPK,GEK,CDC42BPA
DMPK,-0.905,38,KRSA,0.5255474452554745,3,AGC,DMPK,GEK,CDC42BPB
DMPK,-0.905,38,KRSA,0.5255474452554745,3,AGC,DMPK,GEK,CDC42BPG
DMPK,-0.905,38,KRSA,0.5255474452554745,3,AGC,DMPK,CRIK,CIT
DMPK,-0.905,38,KRSA,0.5255474452554745,3,AGC,DMPK,GEK,DMPK
DMPK,-0.905,38,KRSA,0.5255474452554745,3,AGC,DMPK,ROCK,ROCK1
DMPK,-0.905,38,KRSA,0.5255474452554745,3,AGC,DMPK,ROCK,ROCK2
TAO,-0.5108333333333334,64,KRSA,0.20020855057351408,1,STE,STE20,TAO,TAOK1
TAO,-0.5108333333333334,64,KRSA,0.20020855057351408,1,STE,STE20,TAO,TAOK2
TAO,-0.5108333333333334,64,KRSA,0.20020855057351408,1,STE,STE20,TAO,TAOK3
WNK,-0.8433333333333334,42,KRSA,0.4754953076120959,2,OTHER,WNK,WNK,WNK1
WNK,-0.8433333333333334,42,KRSA,0.4754953076120959,2,OTHER,WNK,WNK,WNK2
WNK,-0.8433333333333334,42,KRSA,0.4754953076120959,2,OTHER,WNK,WNK,WNK3
WNK,-0.8433333333333334,42,KRSA,0.4754953076120959,2,OTHER,WNK,WNK,WNK4
CLK,-0.8325,47,KRSA,0.4129301355578728,2,CMGC,CLK,CLK,CLK1
CLK,-0.8325,47,KRSA,0.4129301355578728,2,CMGC,CLK,CLK,CLK2
CLK,-0.8325,47,KRSA,0.4129301355578728,2,CMGC,CLK,CLK,CLK3
CLK,-0.8325,47,KRSA,0.4129301355578728,2,CMGC,CLK,CLK,CLK4
NIK,-0.8408333333333333,45,KRSA,0.43795620437956206,2,STE,STE-UNIQUE,STE-UNIQUE,MAP3K14
ULK,-0.84,46,KRSA,0.4254431699687174,2,OTHER,ULK,FUSED,STK36
ULK,-0.84,46,KRSA,0.4254431699687174,2,OTHER,ULK,ULK,ULK1
ULK,-0.84,46,KRSA,0.4254431699687174,2,OTHER,ULK,ULK,ULK2
ULK,-0.84,46,KRSA,0.4254431699687174,2,OTHER,ULK,ULK,ULK3
ULK,-0.84,46,KRSA,0.4254431699687174,2,OTHER,ULK,ULK,ULK4
BUD32,-0.8416666666666667,44,KRSA,0.4504692387904067,2,OTHER,BUD32,BUD32,TP53RK
CAMKK,-0.8425,43,KRSA,0.4629822732012513,2,OTHER,CAMKK,META,CAMKK1
CAMKK,-0.8425,43,KRSA,0.4629822732012513,2,OTHER,CAMKK,META,CAMKK2
MELK,-0.6341666666666667,59,KRSA,0.26277372262773724,2,CAMK,CAMKL,MELK,MELK
SGK,-0.7541666666666667,51,KRSA,0.36287799791449427,2,AGC,SGK,SGK,SGK1
SGK,-0.7541666666666667,51,KRSA,0.36287799791449427,2,AGC,SGK,SGK,SGK2
SGK,-0.7541666666666667,51,KRSA,0.36287799791449427,2,AGC,SGK,SGK,SGK3
DAPK,-0.9291666666666668,37,KRSA,0.5380604796663191,3,CAMK,DAPK,DAPK,DAPK1
DAPK,-0.9291666666666668,37,KRSA,0.5380604796663191,3,CAMK,DAPK,DAPK,DAPK2
DAPK,-0.9291666666666668,37,KRSA,0.5380604796663191,3,CAMK,DAPK,DAPK,DAPK3
DAPK,-0.9291666666666668,37,KRSA,0.5380604796663191,3,CAMK,DAPK,DRAK,STK17A
DAPK,-0.9291666666666668,37,KRSA,0.5380604796663191,3,CAMK,DAPK,DRAK,STK17B
COT,0.2966666666666667,72,KRSA,0.10010427528675704,1,STE,STE-UNIQUE,STE-UNIQUE,MAP3K8
BARK2,0.5533333333333333,61,KRSA,0.23774765380604795,1,AGC,GRK,BARK,GRK3
RAD53,0.7608333333333334,50,KRSA,0.3753910323253389,2,CAMK,RAD53,RAD53,CHEK2
NDR,0.4458333333333333,67,KRSA,0.16266944734098018,1,AGC,NDR,NDR,LATS1
NDR,0.4458333333333333,67,KRSA,0.16266944734098018,1,AGC,NDR,NDR,LATS2
NDR,0.4458333333333333,67,KRSA,0.16266944734098018,1,AGC,NDR,NDR,STK38
NDR,0.4458333333333333,67,KRSA,0.16266944734098018,1,AGC,NDR,NDR,STK38L
VRK1,-1.3883333333333334,25,KRSA,0.6882168925964547,3,CK1,VRK,VRK,VRK1
MLCK,-0.8308333333333333,48,KRSA,0.40041710114702816,2,CAMK,MLCK,MLCK,MYLK
MLCK,-0.8308333333333333,48,KRSA,0.40041710114702816,2,CAMK,MLCK,MLCK,MYLK2
MLCK,-0.8308333333333333,48,KRSA,0.40041710114702816,2,CAMK,MLCK,MLCK,TTN
BRSK,0.5175,63,KRSA,0.2127215849843587,1,CAMK,CAMKL,BRSK,BRSK1
BRSK,0.5175,63,KRSA,0.2127215849843587,1,CAMK,CAMKL,BRSK,BRSK2
SLK,0.21083333333333332,74,KRSA,0.07507820646506778,1,STE,STE20,SLK,SLK
SLK,0.21083333333333332,74,KRSA,0.07507820646506778,1,STE,STE20,SLK,STK10
PASK,0.8833333333333333,39,KRSA,0.5130344108446299,3,CAMK,CAMKL,PASK,PASK
MOS,1.0725,34,KRSA,0.5755995828988529,3,OTHER,MOS,MOS,MOS
KHS,0.3491666666666667,69,KRSA,0.13764337851929093,1,STE,STE20,KHS,MAP4K1
KHS,0.3491666666666667,69,KRSA,0.13764337851929093,1,STE,STE20,KHS,MAP4K2
KHS,0.3491666666666667,69,KRSA,0.13764337851929093,1,STE,STE20,KHS,MAP4K3
KHS,0.3491666666666667,69,KRSA,0.13764337851929093,1,STE,STE20,KHS,MAP4K5
PKCD,0.5308333333333334,62,KRSA,0.22523461939520334,1,AGC,PKC,DELTA,PRKCD
PKCD,0.5308333333333334,62,KRSA,0.22523461939520334,1,AGC,PKC,DELTA,PRKCQ
NEK,-0.7866666666666666,49,KRSA,0.38790406673618355,2,OTHER,NEK,NEK11,NEK11
NEK,-0.7866666666666666,49,KRSA,0.38790406673618355,2,OTHER,NEK,NEK2,NEK2
NEK,-0.7866666666666666,49,KRSA,0.38790406673618355,2,OTHER,NEK,NEK1,NEK3
NEK,-0.7866666666666666,49,KRSA,0.38790406673618355,2,OTHER,NEK,NEK4,NEK4
NEK,-0.7866666666666666,49,KRSA,0.38790406673618355,2,OTHER,NEK,NEK1,NEK5
NEK,-0.7866666666666666,49,KRSA,0.38790406673618355,2,OTHER,NEK,NEK6,NEK6
NEK,-0.7866666666666666,49,KRSA,0.38790406673618355,2,OTHER,NEK,NEK6,NEK7
NEK,-0.7866666666666666,49,KRSA,0.38790406673618355,2,OTHER,NEK,NEK8,NEK8
NEK,-0.7866666666666666,49,KRSA,0.38790406673618355,2,OTHER,NEK,NEK8,NEK9
STE11,-0.6575,57,KRSA,0.28779979144942647,2,TKL,MLK,TAK1,MAP3K7
STE11,-0.6575,57,KRSA,0.28779979144942647,2,STE,STE11,MEKK1,MAP3K1
STE11,-0.6575,57,KRSA,0.28779979144942647,2,STE,STE11,ASK,MAP3K15
STE11,-0.6575,57,KRSA,0.28779979144942647,2,STE,STE11,MEKK2,MAP3K2
STE11,-0.6575,57,KRSA,0.28779979144942647,2,STE,STE11,MEKK2,MAP3K3
STE11,-0.6575,57,KRSA,0.28779979144942647,2,STE,STE11,MEKK4,MAP3K4
STE11,-0.6575,57,KRSA,0.28779979144942647,2,STE,STE11,ASK,MAP3K5
STE11,-0.6575,57,KRSA,0.28779979144942647,2,STE,STE11,ASK,MAP3K6
CAMK2,0.01416666666666666,80,KRSA,0,1,CAMK,CAMK2,CAMK2,CAMK2A
CAMK2,0.01416666666666666,80,KRSA,0,1,CAMK,CAMK2,CAMK2,CAMK2B
CAMK2,0.01416666666666666,80,KRSA,0,1,CAMK,CAMK2,CAMK2,CAMK2D
CAMK2,0.01416666666666666,80,KRSA,0,1,CAMK,CAMK2,CAMK2,CAMK2G
PAKA,0.675,56,KRSA,0.30031282586027114,2,STE,STE20,PAKA,PAK1
PAKA,0.675,56,KRSA,0.30031282586027114,2,STE,STE20,PAKA,PAK2
PAKA,0.675,56,KRSA,0.30031282586027114,2,STE,STE20,PAKA,PAK3
RIPK,1.2691666666666666,27,KRSA,0.6631908237747653,3,TKL,RIPK,RIPK,ANKK1
RIPK,1.2691666666666666,27,KRSA,0.6631908237747653,3,TKL,RIPK,RIPK,RIPK1
RIPK,1.2691666666666666,27,KRSA,0.6631908237747653,3,TKL,RIPK,RIPK,RIPK2
RIPK,1.2691666666666666,27,KRSA,0.6631908237747653,3,TKL,RIPK,RIPK,RIPK3
RIPK,1.2691666666666666,27,KRSA,0.6631908237747653,3,TKL,RIPK,RIPK,RIPK4
RSK,0.635,58,KRSA,0.27528675703858185,2,AGC,RSK,RSK,RPS6KA1
RSK,0.635,58,KRSA,0.27528675703858185,2,AGC,RSK,RSK,RPS6KA2
RSK,0.635,58,KRSA,0.27528675703858185,2,AGC,RSK,RSK,RPS6KA3
RSK,0.635,58,KRSA,0.27528675703858185,2,AGC,RSK,MSK,RPS6KA4
RSK,0.635,58,KRSA,0.27528675703858185,2,AGC,RSK,MSK,RPS6KA5
RSK,0.635,58,KRSA,0.27528675703858185,2,AGC,RSK,RSK,RPS6KA6
RSK,0.635,58,KRSA,0.27528675703858185,2,AGC,RSK,P70,RPS6KB1
RSK,0.635,58,KRSA,0.27528675703858185,2,AGC,RSK,P70,RPS6KB2
AKT,0.3075,70,KRSA,0.1251303441084463,1,AGC,AKT,AKT,AKT1
AKT,0.3075,70,KRSA,0.1251303441084463,1,AGC,AKT,AKT,AKT2
AKT,0.3075,70,KRSA,0.1251303441084463,1,AGC,AKT,AKT,AKT3
PKN,-1.0741666666666667,33,KRSA,0.5881126173096975,3,AGC,PKN,PKN,PKN1
PKN,-1.0741666666666667,33,KRSA,0.5881126173096975,3,AGC,PKN,PKN,PKN2
PKN,-1.0741666666666667,33,KRSA,0.5881126173096975,3,AGC,PKN,PKN,PKN3
PAKB,-0.4825,65,KRSA,0.18769551616266944,1,STE,STE20,PAKB,PAK4
PAKB,-0.4825,65,KRSA,0.18769551616266944,1,STE,STE20,PAKB,PAK5
PAKB,-0.4825,65,KRSA,0.18769551616266944,1,STE,STE20,PAKB,PAK6
HAL,0.6866666666666666,54,KRSA,0.32533889468196037,2,RGC,RGC,RGC,NPR1
AUR,-0.03083333333333335,79,KRSA,0.01251303441084463,1,OTHER,AUR,AUR,AURKA
AUR,-0.03083333333333335,79,KRSA,0.01251303441084463,1,OTHER,AUR,AUR,AURKB
AUR,-0.03083333333333335,79,KRSA,0.01251303441084463,1,OTHER,AUR,AUR,AURKC
PKD,0.30500000000000005,71,KRSA,0.11261730969760167,1,CAMK,PKD,PKD,PRKD1
PKD,0.30500000000000005,71,KRSA,0.11261730969760167,1,CAMK,PKD,PKD,PRKD2
PKD,0.30500000000000005,71,KRSA,0.11261730969760167,1,CAMK,PKD,PKD,PRKD3
PIM,0.09833333333333331,76,KRSA,0.05005213764337852,1,CAMK,PIM,PIM,PIM1
PIM,0.09833333333333331,76,KRSA,0.05005213764337852,1,CAMK,PIM,PIM,PIM2
PIM,0.09833333333333331,76,KRSA,0.05005213764337852,1,CAMK,PIM,PIM,PIM3
CHK1,-0.17666666666666667,75,KRSA,0.06256517205422316,1,CAMK,CAMKL,CHK1,CHEK1
IRAK,-0.7391666666666667,53,KRSA,0.337851929092805,2,TKL,IRAK,IRAK,IRAK1
IRAK,-0.7391666666666667,53,KRSA,0.337851929092805,2,TKL,IRAK,IRAK,IRAK2
IRAK,-0.7391666666666667,53,KRSA,0.337851929092805,2,TKL,IRAK,IRAK,IRAK3
IRAK,-0.7391666666666667,53,KRSA,0.337851929092805,2,TKL,IRAK,IRAK,IRAK4
AMPK,0.08000000000000002,77,KRSA,0.03753910323253389,1,CAMK,CAMKL,AMPK,PRKAA1
AMPK,0.08000000000000002,77,KRSA,0.03753910323253389,1,CAMK,CAMKL,AMPK,PRKAA2
MAPKAPK,0.07583333333333335,78,KRSA,0.02502606882168926,1,CAMK,MAPKAPK,MAPKAPK,MAPKAPK2
MAPKAPK,0.07583333333333335,78,KRSA,0.02502606882168926,1,CAMK,MAPKAPK,MAPKAPK,MAPKAPK3
MAPKAPK,0.07583333333333335,78,KRSA,0.02502606882168926,1,CAMK,MAPKAPK,MAPKAPK,MAPKAPK5
MAPKAPK,0.07583333333333335,78,KRSA,0.02502606882168926,1,CAMK,MAPKAPK,MNK,MKNK1
MAPKAPK,0.07583333333333335,78,KRSA,0.02502606882168926,1,CAMK,MAPKAPK,MNK,MKNK2
STKR,-0.9475,36,KRSA,0.5505735140771637,3,TKL,STKR,TYPE1,ACVR1
STKR,-0.9475,36,KRSA,0.5505735140771637,3,TKL,STKR,TYPE1,ACVR1B
STKR,-0.9475,36,KRSA,0.5505735140771637,3,TKL,STKR,TYPE1,ACVR1C
STKR,-0.9475,36,KRSA,0.5505735140771637,3,TKL,STKR,TYPE2,ACVR2A
STKR,-0.9475,36,KRSA,0.5505735140771637,3,TKL,STKR,TYPE2,ACVR2B
STKR,-0.9475,36,KRSA,0.5505735140771637,3,TKL,STKR,TYPE1,ACVRL1
STKR,-0.9475,36,KRSA,0.5505735140771637,3,TKL,STKR,TYPE2,AMHR2
STKR,-0.9475,36,KRSA,0.5505735140771637,3,TKL,STKR,TYPE1,BMPR1A
STKR,-0.9475,36,KRSA,0.5505735140771637,3,TKL,STKR,TYPE1,BMPR1B
STKR,-0.9475,36,KRSA,0.5505735140771637,3,TKL,STKR,TYPE2,BMPR2
STKR,-0.9475,36,KRSA,0.5505735140771637,3,TKL,STKR,TYPE1,TGFBR1
STKR,-0.9475,36,KRSA,0.5505735140771637,3,TKL,STKR,TYPE2,TGFBR2
PEK,-2.6991666666666667,10,KRSA,0.8759124087591241,4,OTHER,PEK,HRI,EIF2AK1
PEK,-2.6991666666666667,10,KRSA,0.8759124087591241,4,OTHER,PEK,PKR,EIF2AK2
PEK,-2.6991666666666667,10,KRSA,0.8759124087591241,4,OTHER,PEK,PEK,EIF2AK3
PEK,-2.6991666666666667,10,KRSA,0.8759124087591241,4,OTHER,PEK,GCN2,EIF2AK4
ERK,-4.384166666666666,1,KRSA,0.9885297184567258,4,CMGC,MAPK,ERK1,MAPK1
ERK,-4.384166666666666,1,KRSA,0.9885297184567258,4,CMGC,MAPK,ERK7,MAPK15
ERK,-4.384166666666666,1,KRSA,0.9885297184567258,4,CMGC,MAPK,ERK1,MAPK3
ERK,-4.384166666666666,1,KRSA,0.9885297184567258,4,CMGC,MAPK,ERK3,MAPK4
ERK,-4.384166666666666,1,KRSA,0.9885297184567258,4,CMGC,MAPK,ERK3,MAPK6
ERK,-4.384166666666666,1,KRSA,0.9885297184567258,4,CMGC,MAPK,ERK5,MAPK7
PDK1,-3.7941666666666665,2,KRSA,0.9760166840458812,4,ATYPICAL,PDHK,PDHK,PDK1
PDK1,-3.7941666666666665,2,KRSA,0.9760166840458812,4,AGC,PDK1,PDK1,PDPK1
CDK,-3.35,5,KRSA,0.9384775808133472,4,CMGC,CDK,CDC2,CDK1
CDK,-3.35,5,KRSA,0.9384775808133472,4,CMGC,CDK,CDK10,CDK10
CDK,-3.35,5,KRSA,0.9384775808133472,4,CMGC,CDK,CRK7,CDK12
CDK,-3.35,5,KRSA,0.9384775808133472,4,CMGC,CDK,CRK7,CDK13
CDK,-3.35,5,KRSA,0.9384775808133472,4,CMGC,CDK,PFTAIRE,CDK14
CDK,-3.35,5,KRSA,0.9384775808133472,4,CMGC,CDK,PFTAIRE,CDK15
CDK,-3.35,5,KRSA,0.9384775808133472,4,CMGC,CDK,PCTAIRE,CDK16
CDK,-3.35,5,KRSA,0.9384775808133472,4,CMGC,CDK,PCTAIRE,CDK17
CDK,-3.35,5,KRSA,0.9384775808133472,4,CMGC,CDK,PCTAIRE,CDK18
CDK,-3.35,5,KRSA,0.9384775808133472,4,CMGC,CDK,CDK8,CDK19
CDK,-3.35,5,KRSA,0.9384775808133472,4,CMGC,CDK,CDC2,CDK2
CDK,-3.35,5,KRSA,0.9384775808133472,4,CMGC,CDK,CCRK,CDK20
CDK,-3.35,5,KRSA,0.9384775808133472,4,CMGC,CDK,CDC2,CDK3
CDK,-3.35,5,KRSA,0.9384775808133472,4,CMGC,CDK,CDK4,CDK4
CDK,-3.35,5,KRSA,0.9384775808133472,4,CMGC,CDK,CDK5,CDK5
CDK,-3.35,5,KRSA,0.9384775808133472,4,CMGC,CDK,CDK4,CDK6
CDK,-3.35,5,KRSA,0.9384775808133472,4,CMGC,CDK,CDK7,CDK7
CDK,-3.35,5,KRSA,0.9384775808133472,4,CMGC,CDK,CDK8,CDK8
CDK,-3.35,5,KRSA,0.9384775808133472,4,CMGC,CDK,CDK9,CDK9
CDK,-3.35,5,KRSA,0.9384775808133472,4,NA,NA,NA,CDK11A
CDK,-3.35,5,KRSA,0.9384775808133472,4,NA,NA,NA,CDK11B
PKCA,-2.4466666666666668,11,KRSA,0.8633993743482794,4,AGC,PKC,ALPHA,PRKCA
PKCA,-2.4466666666666668,11,KRSA,0.8633993743482794,4,AGC,PKC,ALPHA,PRKCB
PKCA,-2.4466666666666668,11,KRSA,0.8633993743482794,4,AGC,PKC,ALPHA,PRKCG
JNK,-3.725833333333333,3,KRSA,0.9635036496350365,4,CMGC,MAPK,JNK,MAPK10
JNK,-3.725833333333333,3,KRSA,0.9635036496350365,4,CMGC,MAPK,JNK,MAPK8
JNK,-3.725833333333333,3,KRSA,0.9635036496350365,4,CMGC,MAPK,JNK,MAPK9
MTOR,-1.7675,17,KRSA,0.7883211678832117,4,ATYPICAL,PIKK,FRAP,MTOR
QIK,-2.275,14,KRSA,0.8258602711157456,4,CAMK,CAMKL,QIK,SIK1
QIK,-2.275,14,KRSA,0.8258602711157456,4,CAMK,CAMKL,QIK,SIK2
DYRK,-3.701666666666666,4,KRSA,0.9509906152241918,4,CMGC,DYRK,DYRK1,DYRK1A
DYRK,-3.701666666666666,4,KRSA,0.9509906152241918,4,CMGC,DYRK,DYRK1,DYRK1B
DYRK,-3.701666666666666,4,KRSA,0.9509906152241918,4,CMGC,DYRK,DYRK2,DYRK2
DYRK,-3.701666666666666,4,KRSA,0.9509906152241918,4,CMGC,DYRK,DYRK2,DYRK3
DYRK,-3.701666666666666,4,KRSA,0.9509906152241918,4,CMGC,DYRK,DYRK2,DYRK4
DYRK,-3.701666666666666,4,KRSA,0.9509906152241918,4,CMGC,DYRK,HIPK,HIPK1
DYRK,-3.701666666666666,4,KRSA,0.9509906152241918,4,CMGC,DYRK,HIPK,HIPK2
DYRK,-3.701666666666666,4,KRSA,0.9509906152241918,4,CMGC,DYRK,HIPK,HIPK3
DYRK,-3.701666666666666,4,KRSA,0.9509906152241918,4,CMGC,DYRK,HIPK,HIPK4
DYRK,-3.701666666666666,4,KRSA,0.9509906152241918,4,CMGC,DYRK,PRP4,PRPF4B
NMO,-2.44,12,KRSA,0.8508863399374348,4,CMGC,MAPK,NMO,NLK
PLK,-2.943333333333334,8,KRSA,0.9009384775808134,4,NA,NA,NA,PLK5
PLK,-2.943333333333334,8,KRSA,0.9009384775808134,4,OTHER,PLK,PLK1,PLK1
PLK,-2.943333333333334,8,KRSA,0.9009384775808134,4,OTHER,PLK,PLK2,PLK2
PLK,-2.943333333333334,8,KRSA,0.9009384775808134,4,OTHER,PLK,PLK2,PLK3
PLK,-2.943333333333334,8,KRSA,0.9009384775808134,4,OTHER,PLK,SAK,PLK4
PDHK,-0.6858333333333333,55,KRSA,0.31282586027111575,2,ATYPICAL,PDHK,BCKDK,BCKDK
PDHK,-0.6858333333333333,55,KRSA,0.31282586027111575,2,ATYPICAL,PDHK,PDHK,PDK2
PDHK,-0.6858333333333333,55,KRSA,0.31282586027111575,2,ATYPICAL,PDHK,PDHK,PDK3
PDHK,-0.6858333333333333,55,KRSA,0.31282586027111575,2,ATYPICAL,PDHK,PDHK,PDK4
FRAY,-1.600833333333333,21,KRSA,0.7382690302398331,3,STE,STE20,FRAY,OXSR1
FRAY,-1.600833333333333,21,KRSA,0.7382690302398331,3,STE,STE20,FRAY,STK39
P38,-3.2391666666666667,6,KRSA,0.9259645464025026,4,CMGC,MAPK,P38,MAPK11
P38,-3.2391666666666667,6,KRSA,0.9259645464025026,4,CMGC,MAPK,P38,MAPK12
P38,-3.2391666666666667,6,KRSA,0.9259645464025026,4,CMGC,MAPK,P38,MAPK13
P38,-3.2391666666666667,6,KRSA,0.9259645464025026,4,CMGC,MAPK,P38,MAPK14
STE7,-1.6208333333333331,20,KRSA,0.7507820646506778,4,STE,STE7,MEK1,MAP2K1
STE7,-1.6208333333333331,20,KRSA,0.7507820646506778,4,STE,STE7,MEK1,MAP2K2
STE7,-1.6208333333333331,20,KRSA,0.7507820646506778,4,STE,STE7,MEK3,MAP2K3
STE7,-1.6208333333333331,20,KRSA,0.7507820646506778,4,STE,STE7,MEK4,MAP2K4
STE7,-1.6208333333333331,20,KRSA,0.7507820646506778,4,STE,STE7,MEK5,MAP2K5
STE7,-1.6208333333333331,20,KRSA,0.7507820646506778,4,STE,STE7,MEK3,MAP2K6
STE7,-1.6208333333333331,20,KRSA,0.7507820646506778,4,STE,STE7,MEK7,MAP2K7
LKB,-1.4725,24,KRSA,0.7007299270072993,3,CAMK,CAMKL,LKB,STK11
MLCK,-0.8308333333333333,48,KRSA,0.40041710114702816,2,CAMK,MLCK,MLCK,MYLK
MLCK,-0.8308333333333333,48,KRSA,0.40041710114702816,2,CAMK,MLCK,MLCK,MYLK2
MLCK,-0.8308333333333333,48,KRSA,0.40041710114702816,2,CAMK,MLCK,MLCK,TTN
GSK,-1.495,23,KRSA,0.7132429614181439,3,CMGC,GSK,GSK,GSK3A
GSK,-1.495,23,KRSA,0.7132429614181439,3,CMGC,GSK,GSK,GSK3B
CK1,-2.104166666666667,15,KRSA,0.8133472367049009,4,CK1,CK1,CK1-A,CSNK1A1
CK1,-2.104166666666667,15,KRSA,0.8133472367049009,4,CK1,CK1,CK1-A,CSNK1A1L
CK1,-2.104166666666667,15,KRSA,0.8133472367049009,4,CK1,CK1,CK1-D,CSNK1D
CK1,-2.104166666666667,15,KRSA,0.8133472367049009,4,CK1,CK1,CK1-D,CSNK1E
CK1,-2.104166666666667,15,KRSA,0.8133472367049009,4,CK1,CK1,CK1-G,CSNK1G1
CK1,-2.104166666666667,15,KRSA,0.8133472367049009,4,CK1,CK1,CK1-G,CSNK1G2
CK1,-2.104166666666667,15,KRSA,0.8133472367049009,4,CK1,CK1,CK1-G,CSNK1G3
CK1,-2.104166666666667,15,KRSA,0.8133472367049009,4,CK1,TTBK,TTBK,TTBK1
CK1,-2.104166666666667,15,KRSA,0.8133472367049009,4,CK1,TTBK,TTBK,TTBK2
CK1,-2.104166666666667,15,KRSA,0.8133472367049009,4,CK1,VRK,VRK,VRK3
PKA,2.931666666666666,9,KRSA,0.8884254431699687,4,AGC,PKA,PKA,PRKACA
PKA,2.931666666666666,9,KRSA,0.8884254431699687,4,AGC,PKA,PKA,PRKACB
PKA,2.931666666666666,9,KRSA,0.8884254431699687,4,AGC,PKA,PKA,PRKACG
PKA,2.931666666666666,9,KRSA,0.8884254431699687,4,AGC,PKA,PKA,PRKX
PKA,2.931666666666666,9,KRSA,0.8884254431699687,4,AGC,PKA,PKA,PRKY
CAMK1,1.6283333333333334,19,KRSA,0.7632950990615224,4,CAMK,CAMK1,CAMK1,CAMK1
CAMK1,1.6283333333333334,19,KRSA,0.7632950990615224,4,CAMK,CAMK1,CAMK1,CAMK1D
CAMK1,1.6283333333333334,19,KRSA,0.7632950990615224,4,CAMK,CAMK1,CAMK1,CAMK1G
CAMK1,1.6283333333333334,19,KRSA,0.7632950990615224,4,CAMK,CAMK1,CAMK1,CAMK4
CAMK1,1.6283333333333334,19,KRSA,0.7632950990615224,4,CAMK,CAMK1,CAMK1,PNCK
MLK,-0.8616666666666667,40,KRSA,0.5005213764337852,3,TKL,MLK,ILK,ILK
MLK,-0.8616666666666667,40,KRSA,0.5005213764337852,3,TKL,MLK,MLK,MAP3K10
MLK,-0.8616666666666667,40,KRSA,0.5005213764337852,3,TKL,MLK,MLK,MAP3K11
MLK,-0.8616666666666667,40,KRSA,0.5005213764337852,3,TKL,MLK,LZK,MAP3K12
MLK,-0.8616666666666667,40,KRSA,0.5005213764337852,3,TKL,MLK,LZK,MAP3K13
MLK,-0.8616666666666667,40,KRSA,0.5005213764337852,3,TKL,MLK,MLK,MAP3K9
MLK,-0.8616666666666667,40,KRSA,0.5005213764337852,3,TKL,MLK,HH498,TNNI3K
RAF,-2.3133333333333335,13,KRSA,0.8383733055265902,4,TKL,RAF,RAF,ARAF
RAF,-2.3133333333333335,13,KRSA,0.8383733055265902,4,TKL,RAF,RAF,BRAF
RAF,-2.3133333333333335,13,KRSA,0.8383733055265902,4,TKL,RAF,KSR,KSR1
RAF,-2.3133333333333335,13,KRSA,0.8383733055265902,4,TKL,RAF,KSR,KSR2
RAF,-2.3133333333333335,13,KRSA,0.8383733055265902,4,TKL,RAF,RAF,RAF1
PHK,-1.56,22,KRSA,0.7257559958289885,3,CAMK,PHK,PHK,PHKG1
PHK,-1.56,22,KRSA,0.7257559958289885,3,CAMK,PHK,PHK,PHKG2
PKG,2.9516666666666667,7,KRSA,0.913451511991658,4,AGC,PKG,PKG,PRKG1
PKG,2.9516666666666667,7,KRSA,0.913451511991658,4,AGC,PKG,PKG,PRKG2
PRKDC,-1.0841666666666667,32,KRSA,0.6006256517205423,3,ATYPICAL,PIKK,DNAPK,PRKDC
IKK,-0.8591666666666666,41,KRSA,0.4880083420229406,2,OTHER,IKK,IKK,CHUK
IKK,-0.8591666666666666,41,KRSA,0.4880083420229406,2,OTHER,IKK,IKK,IKBKB
IKK,-0.8591666666666666,41,KRSA,0.4880083420229406,2,OTHER,IKK,IKK,IKBKE
IKK,-0.8591666666666666,41,KRSA,0.4880083420229406,2,OTHER,IKK,IKK,TBK1
ATR,-1.355,26,KRSA,0.67570385818561,3,ATYPICAL,PIKK,ATR,ATR
PKN,-1.0741666666666667,33,KRSA,0.5881126173096975,3,AGC,PKN,PKN,PKN1
PKN,-1.0741666666666667,33,KRSA,0.5881126173096975,3,AGC,PKN,PKN,PKN2
PKN,-1.0741666666666667,33,KRSA,0.5881126173096975,3,AGC,PKN,PKN,PKN3
TLK,-1.205,29,KRSA,0.6381647549530761,3,OTHER,TLK,TLK,TLK1
TLK,-1.205,29,KRSA,0.6381647549530761,3,OTHER,TLK,TLK,TLK2
NAK,-1.215,28,KRSA,0.6506777893639207,3,OTHER,NAK,BIKE,AAK1
NAK,-1.215,28,KRSA,0.6506777893639207,3,OTHER,NAK,BIKE,BMP2K
NAK,-1.215,28,KRSA,0.6506777893639207,3,OTHER,NAK,GAK,GAK
NAK,-1.215,28,KRSA,0.6506777893639207,3,OTHER,NAK,MPSK,STK16
NUAK,-1.195,31,KRSA,0.6131386861313869,3,CAMK,CAMKL,NUAK,NUAK1
NUAK,-1.195,31,KRSA,0.6131386861313869,3,CAMK,CAMKL,NUAK,NUAK2
VRK1,-1.3883333333333334,25,KRSA,0.6882168925964547,3,CK1,VRK,VRK,VRK1
TTK,-1.2,30,KRSA,0.6256517205422315,3,OTHER,TTK,TTK,TTK
GRK,-0.43083333333333335,68,KRSA,0.15015641293013557,1,AGC,GRK,GRK,GRK1
GRK,-0.43083333333333335,68,KRSA,0.15015641293013557,1,AGC,GRK,GRK,GRK4
GRK,-0.43083333333333335,68,KRSA,0.15015641293013557,1,AGC,GRK,GRK,GRK5
GRK,-0.43083333333333335,68,KRSA,0.15015641293013557,1,AGC,GRK,GRK,GRK6
GRK,-0.43083333333333335,68,KRSA,0.15015641293013557,1,AGC,GRK,GRK,GRK7
MST,-2.005833333333334,16,KRSA,0.8008342022940563,4,STE,STE20,MST,STK3
MST,-2.005833333333334,16,KRSA,0.8008342022940563,4,STE,STE20,MST,STK4
IRAK,-0.7391666666666667,53,KRSA,0.337851929092805,2,TKL,IRAK,IRAK,IRAK1
IRAK,-0.7391666666666667,53,KRSA,0.337851929092805,2,TKL,IRAK,IRAK,IRAK2
IRAK,-0.7391666666666667,53,KRSA,0.337851929092805,2,TKL,IRAK,IRAK,IRAK3
IRAK,-0.7391666666666667,53,KRSA,0.337851929092805,2,TKL,IRAK,IRAK,IRAK4
COT,0.2966666666666667,72,KRSA,0.10010427528675704,1,STE,STE-UNIQUE,STE-UNIQUE,MAP3K8
RIPK,1.2691666666666666,27,KRSA,0.6631908237747653,3,TKL,RIPK,RIPK,ANKK1
RIPK,1.2691666666666666,27,KRSA,0.6631908237747653,3,TKL,RIPK,RIPK,RIPK1
RIPK,1.2691666666666666,27,KRSA,0.6631908237747653,3,TKL,RIPK,RIPK,RIPK2
RIPK,1.2691666666666666,27,KRSA,0.6631908237747653,3,TKL,RIPK,RIPK,RIPK3
RIPK,1.2691666666666666,27,KRSA,0.6631908237747653,3,TKL,RIPK,RIPK,RIPK4
DMPK,-0.905,38,KRSA,0.5255474452554745,3,AGC,DMPK,GEK,CDC42BPA
DMPK,-0.905,38,KRSA,0.5255474452554745,3,AGC,DMPK,GEK,CDC42BPB
DMPK,-0.905,38,KRSA,0.5255474452554745,3,AGC,DMPK,GEK,CDC42BPG
DMPK,-0.905,38,KRSA,0.5255474452554745,3,AGC,DMPK,CRIK,CIT
DMPK,-0.905,38,KRSA,0.5255474452554745,3,AGC,DMPK,GEK,DMPK
DMPK,-0.905,38,KRSA,0.5255474452554745,3,AGC,DMPK,ROCK,ROCK1
DMPK,-0.905,38,KRSA,0.5255474452554745,3,AGC,DMPK,ROCK,ROCK2
MELK,-0.6341666666666667,59,KRSA,0.26277372262773724,2,CAMK,CAMKL,MELK,MELK
DAPK,-0.9291666666666668,37,KRSA,0.5380604796663191,3,CAMK,DAPK,DAPK,DAPK1
DAPK,-0.9291666666666668,37,KRSA,0.5380604796663191,3,CAMK,DAPK,DAPK,DAPK2
DAPK,-0.9291666666666668,37,KRSA,0.5380604796663191,3,CAMK,DAPK,DAPK,DAPK3
DAPK,-0.9291666666666668,37,KRSA,0.5380604796663191,3,CAMK,DAPK,DRAK,STK17A
DAPK,-0.9291666666666668,37,KRSA,0.5380604796663191,3,CAMK,DAPK,DRAK,STK17B
MSN,-0.5541666666666666,60,KRSA,0.2502606882168926,2,STE,STE20,MSN,MAP4K4
MSN,-0.5541666666666666,60,KRSA,0.2502606882168926,2,STE,STE20,MSN,NRK
MSN,-0.5541666666666666,60,KRSA,0.2502606882168926,2,STE,STE20,MSN,TNIK
ATM,-0.9883333333333334,35,KRSA,0.5630865484880083,3,ATYPICAL,PIKK,ATM,ATM
RAD53,0.7608333333333334,50,KRSA,0.3753910323253389,2,CAMK,RAD53,RAD53,CHEK2
WNK,-0.8433333333333334,42,KRSA,0.4754953076120959,2,OTHER,WNK,WNK,WNK1
WNK,-0.8433333333333334,42,KRSA,0.4754953076120959,2,OTHER,WNK,WNK,WNK2
WNK,-0.8433333333333334,42,KRSA,0.4754953076120959,2,OTHER,WNK,WNK,WNK3
WNK,-0.8433333333333334,42,KRSA,0.4754953076120959,2,OTHER,WNK,WNK,WNK4
NIK,-0.8408333333333333,45,KRSA,0.43795620437956206,2,STE,STE-UNIQUE,STE-UNIQUE,MAP3K14
ULK,-0.84,46,KRSA,0.4254431699687174,2,OTHER,ULK,FUSED,STK36
ULK,-0.84,46,KRSA,0.4254431699687174,2,OTHER,ULK,ULK,ULK1
ULK,-0.84,46,KRSA,0.4254431699687174,2,OTHER,ULK,ULK,ULK2
ULK,-0.84,46,KRSA,0.4254431699687174,2,OTHER,ULK,ULK,ULK3
ULK,-0.84,46,KRSA,0.4254431699687174,2,OTHER,ULK,ULK,ULK4
BUD32,-0.8416666666666667,44,KRSA,0.4504692387904067,2,OTHER,BUD32,BUD32,TP53RK
CAMKK,-0.8425,43,KRSA,0.4629822732012513,2,OTHER,CAMKK,META,CAMKK1
CAMKK,-0.8425,43,KRSA,0.4629822732012513,2,OTHER,CAMKK,META,CAMKK2
CLK,-0.8325,47,KRSA,0.4129301355578728,2,CMGC,CLK,CLK,CLK1
CLK,-0.8325,47,KRSA,0.4129301355578728,2,CMGC,CLK,CLK,CLK2
CLK,-0.8325,47,KRSA,0.4129301355578728,2,CMGC,CLK,CLK,CLK3
CLK,-0.8325,47,KRSA,0.4129301355578728,2,CMGC,CLK,CLK,CLK4
TAO,-0.5108333333333334,64,KRSA,0.20020855057351408,1,STE,STE20,TAO,TAOK1
TAO,-0.5108333333333334,64,KRSA,0.20020855057351408,1,STE,STE20,TAO,TAOK2
TAO,-0.5108333333333334,64,KRSA,0.20020855057351408,1,STE,STE20,TAO,TAOK3
NEK,-0.7866666666666666,49,KRSA,0.38790406673618355,2,OTHER,NEK,NEK11,NEK11
NEK,-0.7866666666666666,49,KRSA,0.38790406673618355,2,OTHER,NEK,NEK2,NEK2
NEK,-0.7866666666666666,49,KRSA,0.38790406673618355,2,OTHER,NEK,NEK1,NEK3
NEK,-0.7866666666666666,49,KRSA,0.38790406673618355,2,OTHER,NEK,NEK4,NEK4
NEK,-0.7866666666666666,49,KRSA,0.38790406673618355,2,OTHER,NEK,NEK1,NEK5
NEK,-0.7866666666666666,49,KRSA,0.38790406673618355,2,OTHER,NEK,NEK6,NEK6
NEK,-0.7866666666666666,49,KRSA,0.38790406673618355,2,OTHER,NEK,NEK6,NEK7
NEK,-0.7866666666666666,49,KRSA,0.38790406673618355,2,OTHER,NEK,NEK8,NEK8
NEK,-0.7866666666666666,49,KRSA,0.38790406673618355,2,OTHER,NEK,NEK8,NEK9
MOS,1.0725,34,KRSA,0.5755995828988529,3,OTHER,MOS,MOS,MOS
CAMK2,0.01416666666666666,80,KRSA,0,1,CAMK,CAMK2,CAMK2,CAMK2A
CAMK2,0.01416666666666666,80,KRSA,0,1,CAMK,CAMK2,CAMK2,CAMK2B
CAMK2,0.01416666666666666,80,KRSA,0,1,CAMK,CAMK2,CAMK2,CAMK2D
CAMK2,0.01416666666666666,80,KRSA,0,1,CAMK,CAMK2,CAMK2,CAMK2G
BRSK,0.5175,63,KRSA,0.2127215849843587,1,CAMK,CAMKL,BRSK,BRSK1
BRSK,0.5175,63,KRSA,0.2127215849843587,1,CAMK,CAMKL,BRSK,BRSK2
SLK,0.21083333333333332,74,KRSA,0.07507820646506778,1,STE,STE20,SLK,SLK
SLK,0.21083333333333332,74,KRSA,0.07507820646506778,1,STE,STE20,SLK,STK10
PASK,0.8833333333333333,39,KRSA,0.5130344108446299,3,CAMK,CAMKL,PASK,PASK
KHS,0.3491666666666667,69,KRSA,0.13764337851929093,1,STE,STE20,KHS,MAP4K1
KHS,0.3491666666666667,69,KRSA,0.13764337851929093,1,STE,STE20,KHS,MAP4K2
KHS,0.3491666666666667,69,KRSA,0.13764337851929093,1,STE,STE20,KHS,MAP4K3
KHS,0.3491666666666667,69,KRSA,0.13764337851929093,1,STE,STE20,KHS,MAP4K5
CK2,-0.4708333333333333,66,KRSA,0.17518248175182483,1,CMGC,CK2,CK2,CSNK2A1
CK2,-0.4708333333333333,66,KRSA,0.17518248175182483,1,CMGC,CK2,CK2,CSNK2A2
CK2,-0.4708333333333333,66,KRSA,0.17518248175182483,1,NA,NA,NA,CSNK2A3
PKCH,-0.21833333333333332,73,KRSA,0.08759124087591241,1,AGC,PKC,ETA,PRKCE
PKCH,-0.21833333333333332,73,KRSA,0.08759124087591241,1,AGC,PKC,ETA,PRKCH
AKT,0.3075,70,KRSA,0.1251303441084463,1,AGC,AKT,AKT,AKT1
AKT,0.3075,70,KRSA,0.1251303441084463,1,AGC,AKT,AKT,AKT2
AKT,0.3075,70,KRSA,0.1251303441084463,1,AGC,AKT,AKT,AKT3
SGK,-0.7541666666666667,51,KRSA,0.36287799791449427,2,AGC,SGK,SGK,SGK1
SGK,-0.7541666666666667,51,KRSA,0.36287799791449427,2,AGC,SGK,SGK,SGK2
SGK,-0.7541666666666667,51,KRSA,0.36287799791449427,2,AGC,SGK,SGK,SGK3
CHK1,-0.17666666666666667,75,KRSA,0.06256517205422316,1,CAMK,CAMKL,CHK1,CHEK1
BARK2,0.5533333333333333,61,KRSA,0.23774765380604795,1,AGC,GRK,BARK,GRK3
STKR,-0.9475,36,KRSA,0.5505735140771637,3,TKL,STKR,TYPE1,ACVR1
STKR,-0.9475,36,KRSA,0.5505735140771637,3,TKL,STKR,TYPE1,ACVR1B
STKR,-0.9475,36,KRSA,0.5505735140771637,3,TKL,STKR,TYPE1,ACVR1C
STKR,-0.9475,36,KRSA,0.5505735140771637,3,TKL,STKR,TYPE2,ACVR2A
STKR,-0.9475,36,KRSA,0.5505735140771637,3,TKL,STKR,TYPE2,ACVR2B
STKR,-0.9475,36,KRSA,0.5505735140771637,3,TKL,STKR,TYPE1,ACVRL1
STKR,-0.9475,36,KRSA,0.5505735140771637,3,TKL,STKR,TYPE2,AMHR2
STKR,-0.9475,36,KRSA,0.5505735140771637,3,TKL,STKR,TYPE1,BMPR1A
STKR,-0.9475,36,KRSA,0.5505735140771637,3,TKL,STKR,TYPE1,BMPR1B
STKR,-0.9475,36,KRSA,0.5505735140771637,3,TKL,STKR,TYPE2,BMPR2
STKR,-0.9475,36,KRSA,0.5505735140771637,3,TKL,STKR,TYPE1,TGFBR1
STKR,-0.9475,36,KRSA,0.5505735140771637,3,TKL,STKR,TYPE2,TGFBR2
AUR,-0.03083333333333335,79,KRSA,0.01251303441084463,1,OTHER,AUR,AUR,AURKA
AUR,-0.03083333333333335,79,KRSA,0.01251303441084463,1,OTHER,AUR,AUR,AURKB
AUR,-0.03083333333333335,79,KRSA,0.01251303441084463,1,OTHER,AUR,AUR,AURKC
NDR,0.4458333333333333,67,KRSA,0.16266944734098018,1,AGC,NDR,NDR,LATS1
NDR,0.4458333333333333,67,KRSA,0.16266944734098018,1,AGC,NDR,NDR,LATS2
NDR,0.4458333333333333,67,KRSA,0.16266944734098018,1,AGC,NDR,NDR,STK38
NDR,0.4458333333333333,67,KRSA,0.16266944734098018,1,AGC,NDR,NDR,STK38L
PAKA,0.675,56,KRSA,0.30031282586027114,2,STE,STE20,PAKA,PAK1
PAKA,0.675,56,KRSA,0.30031282586027114,2,STE,STE20,PAKA,PAK2
PAKA,0.675,56,KRSA,0.30031282586027114,2,STE,STE20,PAKA,PAK3
PIM,0.09833333333333331,76,KRSA,0.05005213764337852,1,CAMK,PIM,PIM,PIM1
PIM,0.09833333333333331,76,KRSA,0.05005213764337852,1,CAMK,PIM,PIM,PIM2
PIM,0.09833333333333331,76,KRSA,0.05005213764337852,1,CAMK,PIM,PIM,PIM3
RSK,0.635,58,KRSA,0.27528675703858185,2,AGC,RSK,RSK,RPS6KA1
RSK,0.635,58,KRSA,0.27528675703858185,2,AGC,RSK,RSK,RPS6KA2
RSK,0.635,58,KRSA,0.27528675703858185,2,AGC,RSK,RSK,RPS6KA3
RSK,0.635,58,KRSA,0.27528675703858185,2,AGC,RSK,MSK,RPS6KA4
RSK,0.635,58,KRSA,0.27528675703858185,2,AGC,RSK,MSK,RPS6KA5
RSK,0.635,58,KRSA,0.27528675703858185,2,AGC,RSK,RSK,RPS6KA6
RSK,0.635,58,KRSA,0.27528675703858185,2,AGC,RSK,P70,RPS6KB1
RSK,0.635,58,KRSA,0.27528675703858185,2,AGC,RSK,P70,RPS6KB2
STE11,-0.6575,57,KRSA,0.28779979144942647,2,TKL,MLK,TAK1,MAP3K7
STE11,-0.6575,57,KRSA,0.28779979144942647,2,STE,STE11,MEKK1,MAP3K1
STE11,-0.6575,57,KRSA,0.28779979144942647,2,STE,STE11,ASK,MAP3K15
STE11,-0.6575,57,KRSA,0.28779979144942647,2,STE,STE11,MEKK2,MAP3K2
STE11,-0.6575,57,KRSA,0.28779979144942647,2,STE,STE11,MEKK2,MAP3K3
STE11,-0.6575,57,KRSA,0.28779979144942647,2,STE,STE11,MEKK4,MAP3K4
STE11,-0.6575,57,KRSA,0.28779979144942647,2,STE,STE11,ASK,MAP3K5
STE11,-0.6575,57,KRSA,0.28779979144942647,2,STE,STE11,ASK,MAP3K6
PKD,0.30500000000000005,71,KRSA,0.11261730969760167,1,CAMK,PKD,PKD,PRKD1
PKD,0.30500000000000005,71,KRSA,0.11261730969760167,1,CAMK,PKD,PKD,PRKD2
PKD,0.30500000000000005,71,KRSA,0.11261730969760167,1,CAMK,PKD,PKD,PRKD3
AMPK,0.08000000000000002,77,KRSA,0.03753910323253389,1,CAMK,CAMKL,AMPK,PRKAA1
AMPK,0.08000000000000002,77,KRSA,0.03753910323253389,1,CAMK,CAMKL,AMPK,PRKAA2
PKCI,0.7458333333333333,52,KRSA,0.35036496350364965,2,AGC,PKC,IOTA,PRKCI
PKCI,0.7458333333333333,52,KRSA,0.35036496350364965,2,AGC,PKC,IOTA,PRKCZ
MAPKAPK,0.07583333333333335,78,KRSA,0.02502606882168926,1,CAMK,MAPKAPK,MAPKAPK,MAPKAPK2
MAPKAPK,0.07583333333333335,78,KRSA,0.02502606882168926,1,CAMK,MAPKAPK,MAPKAPK,MAPKAPK3
MAPKAPK,0.07583333333333335,78,KRSA,0.02502606882168926,1,CAMK,MAPKAPK,MAPKAPK,MAPKAPK5
MAPKAPK,0.07583333333333335,78,KRSA,0.02502606882168926,1,CAMK,MAPKAPK,MNK,MKNK1
MAPKAPK,0.07583333333333335,78,KRSA,0.02502606882168926,1,CAMK,MAPKAPK,MNK,MKNK2
PAKB,-0.4825,65,KRSA,0.18769551616266944,1,STE,STE20,PAKB,PAK4
PAKB,-0.4825,65,KRSA,0.18769551616266944,1,STE,STE20,PAKB,PAK5
PAKB,-0.4825,65,KRSA,0.18769551616266944,1,STE,STE20,PAKB,PAK6
PKCD,0.5308333333333334,62,KRSA,0.22523461939520334,1,AGC,PKC,DELTA,PRKCD
PKCD,0.5308333333333334,62,KRSA,0.22523461939520334,1,AGC,PKC,DELTA,PRKCQ
HAL,0.6866666666666666,54,KRSA,0.32533889468196037,2,RGC,RGC,RGC,NPR1
ERK,-4.384166666666666,1,KRSA,0.9885297184567258,4,CMGC,MAPK,ERK1,MAPK1
ERK,-4.384166666666666,1,KRSA,0.9885297184567258,4,CMGC,MAPK,ERK7,MAPK15
ERK,-4.384166666666666,1,KRSA,0.9885297184567258,4,CMGC,MAPK,ERK1,MAPK3
ERK,-4.384166666666666,1,KRSA,0.9885297184567258,4,CMGC,MAPK,ERK3,MAPK4
ERK,-4.384166666666666,1,KRSA,0.9885297184567258,4,CMGC,MAPK,ERK3,MAPK6
ERK,-4.384166666666666,1,KRSA,0.9885297184567258,4,CMGC,MAPK,ERK5,MAPK7
PDK1,-3.7941666666666665,2,KRSA,0.9760166840458812,4,ATYPICAL,PDHK,PDHK,PDK1
PDK1,-3.7941666666666665,2,KRSA,0.9760166840458812,4,AGC,PDK1,PDK1,PDPK1
JNK,-3.725833333333333,3,KRSA,0.9635036496350365,4,CMGC,MAPK,JNK,MAPK10
JNK,-3.725833333333333,3,KRSA,0.9635036496350365,4,CMGC,MAPK,JNK,MAPK8
JNK,-3.725833333333333,3,KRSA,0.9635036496350365,4,CMGC,MAPK,JNK,MAPK9
CDK,-3.35,5,KRSA,0.9384775808133472,4,CMGC,CDK,CDC2,CDK1
CDK,-3.35,5,KRSA,0.9384775808133472,4,CMGC,CDK,CDK10,CDK10
CDK,-3.35,5,KRSA,0.9384775808133472,4,CMGC,CDK,CRK7,CDK12
CDK,-3.35,5,KRSA,0.9384775808133472,4,CMGC,CDK,CRK7,CDK13
CDK,-3.35,5,KRSA,0.9384775808133472,4,CMGC,CDK,PFTAIRE,CDK14
CDK,-3.35,5,KRSA,0.9384775808133472,4,CMGC,CDK,PFTAIRE,CDK15
CDK,-3.35,5,KRSA,0.9384775808133472,4,CMGC,CDK,PCTAIRE,CDK16
CDK,-3.35,5,KRSA,0.9384775808133472,4,CMGC,CDK,PCTAIRE,CDK17
CDK,-3.35,5,KRSA,0.9384775808133472,4,CMGC,CDK,PCTAIRE,CDK18
CDK,-3.35,5,KRSA,0.9384775808133472,4,CMGC,CDK,CDK8,CDK19
CDK,-3.35,5,KRSA,0.9384775808133472,4,CMGC,CDK,CDC2,CDK2
CDK,-3.35,5,KRSA,0.9384775808133472,4,CMGC,CDK,CCRK,CDK20
CDK,-3.35,5,KRSA,0.9384775808133472,4,CMGC,CDK,CDC2,CDK3
CDK,-3.35,5,KRSA,0.9384775808133472,4,CMGC,CDK,CDK4,CDK4
CDK,-3.35,5,KRSA,0.9384775808133472,4,CMGC,CDK,CDK5,CDK5
CDK,-3.35,5,KRSA,0.9384775808133472,4,CMGC,CDK,CDK4,CDK6
CDK,-3.35,5,KRSA,0.9384775808133472,4,CMGC,CDK,CDK7,CDK7
CDK,-3.35,5,KRSA,0.9384775808133472,4,CMGC,CDK,CDK8,CDK8
CDK,-3.35,5,KRSA,0.9384775808133472,4,CMGC,CDK,CDK9,CDK9
CDK,-3.35,5,KRSA,0.9384775808133472,4,NA,NA,NA,CDK11A
CDK,-3.35,5,KRSA,0.9384775808133472,4,NA,NA,NA,CDK11B
DYRK,-3.701666666666666,4,KRSA,0.9509906152241918,4,CMGC,DYRK,DYRK1,DYRK1A
DYRK,-3.701666666666666,4,KRSA,0.9509906152241918,4,CMGC,DYRK,DYRK1,DYRK1B
DYRK,-3.701666666666666,4,KRSA,0.9509906152241918,4,CMGC,DYRK,DYRK2,DYRK2
DYRK,-3.701666666666666,4,KRSA,0.9509906152241918,4,CMGC,DYRK,DYRK2,DYRK3
DYRK,-3.701666666666666,4,KRSA,0.9509906152241918,4,CMGC,DYRK,DYRK2,DYRK4
DYRK,-3.701666666666666,4,KRSA,0.9509906152241918,4,CMGC,DYRK,HIPK,HIPK1
DYRK,-3.701666666666666,4,KRSA,0.9509906152241918,4,CMGC,DYRK,HIPK,HIPK2
DYRK,-3.701666666666666,4,KRSA,0.9509906152241918,4,CMGC,DYRK,HIPK,HIPK3
DYRK,-3.701666666666666,4,KRSA,0.9509906152241918,4,CMGC,DYRK,HIPK,HIPK4
DYRK,-3.701666666666666,4,KRSA,0.9509906152241918,4,CMGC,DYRK,PRP4,PRPF4B
PKG,2.9516666666666667,7,KRSA,0.913451511991658,4,AGC,PKG,PKG,PRKG1
PKG,2.9516666666666667,7,KRSA,0.913451511991658,4,AGC,PKG,PKG,PRKG2
RAF,-2.3133333333333335,13,KRSA,0.8383733055265902,4,TKL,RAF,RAF,ARAF
RAF,-2.3133333333333335,13,KRSA,0.8383733055265902,4,TKL,RAF,RAF,BRAF
RAF,-2.3133333333333335,13,KRSA,0.8383733055265902,4,TKL,RAF,KSR,KSR1
RAF,-2.3133333333333335,13,KRSA,0.8383733055265902,4,TKL,RAF,KSR,KSR2
RAF,-2.3133333333333335,13,KRSA,0.8383733055265902,4,TKL,RAF,RAF,RAF1
CAMK1,1.6283333333333334,19,KRSA,0.7632950990615224,4,CAMK,CAMK1,CAMK1,CAMK1
CAMK1,1.6283333333333334,19,KRSA,0.7632950990615224,4,CAMK,CAMK1,CAMK1,CAMK1D
CAMK1,1.6283333333333334,19,KRSA,0.7632950990615224,4,CAMK,CAMK1,CAMK1,CAMK1G
CAMK1,1.6283333333333334,19,KRSA,0.7632950990615224,4,CAMK,CAMK1,CAMK1,CAMK4
CAMK1,1.6283333333333334,19,KRSA,0.7632950990615224,4,CAMK,CAMK1,CAMK1,PNCK
MTOR,-1.7675,17,KRSA,0.7883211678832117,4,ATYPICAL,PIKK,FRAP,MTOR
PEK,-2.6991666666666667,10,KRSA,0.8759124087591241,4,OTHER,PEK,HRI,EIF2AK1
PEK,-2.6991666666666667,10,KRSA,0.8759124087591241,4,OTHER,PEK,PKR,EIF2AK2
PEK,-2.6991666666666667,10,KRSA,0.8759124087591241,4,OTHER,PEK,PEK,EIF2AK3
PEK,-2.6991666666666667,10,KRSA,0.8759124087591241,4,OTHER,PEK,GCN2,EIF2AK4
PKA,2.931666666666666,9,KRSA,0.8884254431699687,4,AGC,PKA,PKA,PRKACA
PKA,2.931666666666666,9,KRSA,0.8884254431699687,4,AGC,PKA,PKA,PRKACB
PKA,2.931666666666666,9,KRSA,0.8884254431699687,4,AGC,PKA,PKA,PRKACG
PKA,2.931666666666666,9,KRSA,0.8884254431699687,4,AGC,PKA,PKA,PRKX
PKA,2.931666666666666,9,KRSA,0.8884254431699687,4,AGC,PKA,PKA,PRKY
NMO,-2.44,12,KRSA,0.8508863399374348,4,CMGC,MAPK,NMO,NLK
FRAY,-1.600833333333333,21,KRSA,0.7382690302398331,3,STE,STE20,FRAY,OXSR1
FRAY,-1.600833333333333,21,KRSA,0.7382690302398331,3,STE,STE20,FRAY,STK39
P38,-3.2391666666666667,6,KRSA,0.9259645464025026,4,CMGC,MAPK,P38,MAPK11
P38,-3.2391666666666667,6,KRSA,0.9259645464025026,4,CMGC,MAPK,P38,MAPK12
P38,-3.2391666666666667,6,KRSA,0.9259645464025026,4,CMGC,MAPK,P38,MAPK13
P38,-3.2391666666666667,6,KRSA,0.9259645464025026,4,CMGC,MAPK,P38,MAPK14
QIK,-2.275,14,KRSA,0.8258602711157456,4,CAMK,CAMKL,QIK,SIK1
QIK,-2.275,14,KRSA,0.8258602711157456,4,CAMK,CAMKL,QIK,SIK2
RIPK,1.2691666666666666,27,KRSA,0.6631908237747653,3,TKL,RIPK,RIPK,ANKK1
RIPK,1.2691666666666666,27,KRSA,0.6631908237747653,3,TKL,RIPK,RIPK,RIPK1
RIPK,1.2691666666666666,27,KRSA,0.6631908237747653,3,TKL,RIPK,RIPK,RIPK2
RIPK,1.2691666666666666,27,KRSA,0.6631908237747653,3,TKL,RIPK,RIPK,RIPK3
RIPK,1.2691666666666666,27,KRSA,0.6631908237747653,3,TKL,RIPK,RIPK,RIPK4
MLCK,-0.8308333333333333,48,KRSA,0.40041710114702816,2,CAMK,MLCK,MLCK,MYLK
MLCK,-0.8308333333333333,48,KRSA,0.40041710114702816,2,CAMK,MLCK,MLCK,MYLK2
MLCK,-0.8308333333333333,48,KRSA,0.40041710114702816,2,CAMK,MLCK,MLCK,TTN
PLK,-2.943333333333334,8,KRSA,0.9009384775808134,4,NA,NA,NA,PLK5
PLK,-2.943333333333334,8,KRSA,0.9009384775808134,4,OTHER,PLK,PLK1,PLK1
PLK,-2.943333333333334,8,KRSA,0.9009384775808134,4,OTHER,PLK,PLK2,PLK2
PLK,-2.943333333333334,8,KRSA,0.9009384775808134,4,OTHER,PLK,PLK2,PLK3
PLK,-2.943333333333334,8,KRSA,0.9009384775808134,4,OTHER,PLK,SAK,PLK4
PKCA,-2.4466666666666668,11,KRSA,0.8633993743482794,4,AGC,PKC,ALPHA,PRKCA
PKCA,-2.4466666666666668,11,KRSA,0.8633993743482794,4,AGC,PKC,ALPHA,PRKCB
PKCA,-2.4466666666666668,11,KRSA,0.8633993743482794,4,AGC,PKC,ALPHA,PRKCG
MSN,-0.5541666666666666,60,KRSA,0.2502606882168926,2,STE,STE20,MSN,MAP4K4
MSN,-0.5541666666666666,60,KRSA,0.2502606882168926,2,STE,STE20,MSN,NRK
MSN,-0.5541666666666666,60,KRSA,0.2502606882168926,2,STE,STE20,MSN,TNIK
LKB,-1.4725,24,KRSA,0.7007299270072993,3,CAMK,CAMKL,LKB,STK11
PHK,-1.56,22,KRSA,0.7257559958289885,3,CAMK,PHK,PHK,PHKG1
PHK,-1.56,22,KRSA,0.7257559958289885,3,CAMK,PHK,PHK,PHKG2
CK1,-2.104166666666667,15,KRSA,0.8133472367049009,4,CK1,CK1,CK1-A,CSNK1A1
CK1,-2.104166666666667,15,KRSA,0.8133472367049009,4,CK1,CK1,CK1-A,CSNK1A1L
CK1,-2.104166666666667,15,KRSA,0.8133472367049009,4,CK1,CK1,CK1-D,CSNK1D
CK1,-2.104166666666667,15,KRSA,0.8133472367049009,4,CK1,CK1,CK1-D,CSNK1E
CK1,-2.104166666666667,15,KRSA,0.8133472367049009,4,CK1,CK1,CK1-G,CSNK1G1
CK1,-2.104166666666667,15,KRSA,0.8133472367049009,4,CK1,CK1,CK1-G,CSNK1G2
CK1,-2.104166666666667,15,KRSA,0.8133472367049009,4,CK1,CK1,CK1-G,CSNK1G3
CK1,-2.104166666666667,15,KRSA,0.8133472367049009,4,CK1,TTBK,TTBK,TTBK1
CK1,-2.104166666666667,15,KRSA,0.8133472367049009,4,CK1,TTBK,TTBK,TTBK2
CK1,-2.104166666666667,15,KRSA,0.8133472367049009,4,CK1,VRK,VRK,VRK3
MST,-2.005833333333334,16,KRSA,0.8008342022940563,4,STE,STE20,MST,STK3
MST,-2.005833333333334,16,KRSA,0.8008342022940563,4,STE,STE20,MST,STK4
ATR,-1.355,26,KRSA,0.67570385818561,3,ATYPICAL,PIKK,ATR,ATR
DAPK,-0.9291666666666668,37,KRSA,0.5380604796663191,3,CAMK,DAPK,DAPK,DAPK1
DAPK,-0.9291666666666668,37,KRSA,0.5380604796663191,3,CAMK,DAPK,DAPK,DAPK2
DAPK,-0.9291666666666668,37,KRSA,0.5380604796663191,3,CAMK,DAPK,DAPK,DAPK3
DAPK,-0.9291666666666668,37,KRSA,0.5380604796663191,3,CAMK,DAPK,DRAK,STK17A
DAPK,-0.9291666666666668,37,KRSA,0.5380604796663191,3,CAMK,DAPK,DRAK,STK17B
PDHK,-0.6858333333333333,55,KRSA,0.31282586027111575,2,ATYPICAL,PDHK,BCKDK,BCKDK
PDHK,-0.6858333333333333,55,KRSA,0.31282586027111575,2,ATYPICAL,PDHK,PDHK,PDK2
PDHK,-0.6858333333333333,55,KRSA,0.31282586027111575,2,ATYPICAL,PDHK,PDHK,PDK3
PDHK,-0.6858333333333333,55,KRSA,0.31282586027111575,2,ATYPICAL,PDHK,PDHK,PDK4
MLK,-0.8616666666666667,40,KRSA,0.5005213764337852,3,TKL,MLK,ILK,ILK
MLK,-0.8616666666666667,40,KRSA,0.5005213764337852,3,TKL,MLK,MLK,MAP3K10
MLK,-0.8616666666666667,40,KRSA,0.5005213764337852,3,TKL,MLK,MLK,MAP3K11
MLK,-0.8616666666666667,40,KRSA,0.5005213764337852,3,TKL,MLK,LZK,MAP3K12
MLK,-0.8616666666666667,40,KRSA,0.5005213764337852,3,TKL,MLK,LZK,MAP3K13
MLK,-0.8616666666666667,40,KRSA,0.5005213764337852,3,TKL,MLK,MLK,MAP3K9
MLK,-0.8616666666666667,40,KRSA,0.5005213764337852,3,TKL,MLK,HH498,TNNI3K
GSK,-1.495,23,KRSA,0.7132429614181439,3,CMGC,GSK,GSK,GSK3A
GSK,-1.495,23,KRSA,0.7132429614181439,3,CMGC,GSK,GSK,GSK3B
PRKDC,-1.0841666666666667,32,KRSA,0.6006256517205423,3,ATYPICAL,PIKK,DNAPK,PRKDC
RAD53,0.7608333333333334,50,KRSA,0.3753910323253389,2,CAMK,RAD53,RAD53,CHEK2
NUAK,-1.195,31,KRSA,0.6131386861313869,3,CAMK,CAMKL,NUAK,NUAK1
NUAK,-1.195,31,KRSA,0.6131386861313869,3,CAMK,CAMKL,NUAK,NUAK2
TTK,-1.2,30,KRSA,0.6256517205422315,3,OTHER,TTK,TTK,TTK
PKCH,-0.21833333333333332,73,KRSA,0.08759124087591241,1,AGC,PKC,ETA,PRKCE
PKCH,-0.21833333333333332,73,KRSA,0.08759124087591241,1,AGC,PKC,ETA,PRKCH
BRSK,0.5175,63,KRSA,0.2127215849843587,1,CAMK,CAMKL,BRSK,BRSK1
BRSK,0.5175,63,KRSA,0.2127215849843587,1,CAMK,CAMKL,BRSK,BRSK2
TLK,-1.205,29,KRSA,0.6381647549530761,3,OTHER,TLK,TLK,TLK1
TLK,-1.205,29,KRSA,0.6381647549530761,3,OTHER,TLK,TLK,TLK2
NAK,-1.215,28,KRSA,0.6506777893639207,3,OTHER,NAK,BIKE,AAK1
NAK,-1.215,28,KRSA,0.6506777893639207,3,OTHER,NAK,BIKE,BMP2K
NAK,-1.215,28,KRSA,0.6506777893639207,3,OTHER,NAK,GAK,GAK
NAK,-1.215,28,KRSA,0.6506777893639207,3,OTHER,NAK,MPSK,STK16
PKN,-1.0741666666666667,33,KRSA,0.5881126173096975,3,AGC,PKN,PKN,PKN1
PKN,-1.0741666666666667,33,KRSA,0.5881126173096975,3,AGC,PKN,PKN,PKN2
PKN,-1.0741666666666667,33,KRSA,0.5881126173096975,3,AGC,PKN,PKN,PKN3
KHS,0.3491666666666667,69,KRSA,0.13764337851929093,1,STE,STE20,KHS,MAP4K1
KHS,0.3491666666666667,69,KRSA,0.13764337851929093,1,STE,STE20,KHS,MAP4K2
KHS,0.3491666666666667,69,KRSA,0.13764337851929093,1,STE,STE20,KHS,MAP4K3
KHS,0.3491666666666667,69,KRSA,0.13764337851929093,1,STE,STE20,KHS,MAP4K5
PASK,0.8833333333333333,39,KRSA,0.5130344108446299,3,CAMK,CAMKL,PASK,PASK
MOS,1.0725,34,KRSA,0.5755995828988529,3,OTHER,MOS,MOS,MOS
IRAK,-0.7391666666666667,53,KRSA,0.337851929092805,2,TKL,IRAK,IRAK,IRAK1
IRAK,-0.7391666666666667,53,KRSA,0.337851929092805,2,TKL,IRAK,IRAK,IRAK2
IRAK,-0.7391666666666667,53,KRSA,0.337851929092805,2,TKL,IRAK,IRAK,IRAK3
IRAK,-0.7391666666666667,53,KRSA,0.337851929092805,2,TKL,IRAK,IRAK,IRAK4
VRK1,-1.3883333333333334,25,KRSA,0.6882168925964547,3,CK1,VRK,VRK,VRK1
CK2,-0.4708333333333333,66,KRSA,0.17518248175182483,1,CMGC,CK2,CK2,CSNK2A1
CK2,-0.4708333333333333,66,KRSA,0.17518248175182483,1,CMGC,CK2,CK2,CSNK2A2
CK2,-0.4708333333333333,66,KRSA,0.17518248175182483,1,NA,NA,NA,CSNK2A3
PKCD,0.5308333333333334,62,KRSA,0.22523461939520334,1,AGC,PKC,DELTA,PRKCD
PKCD,0.5308333333333334,62,KRSA,0.22523461939520334,1,AGC,PKC,DELTA,PRKCQ
COT,0.2966666666666667,72,KRSA,0.10010427528675704,1,STE,STE-UNIQUE,STE-UNIQUE,MAP3K8
SLK,0.21083333333333332,74,KRSA,0.07507820646506778,1,STE,STE20,SLK,SLK
SLK,0.21083333333333332,74,KRSA,0.07507820646506778,1,STE,STE20,SLK,STK10
TAO,-0.5108333333333334,64,KRSA,0.20020855057351408,1,STE,STE20,TAO,TAOK1
TAO,-0.5108333333333334,64,KRSA,0.20020855057351408,1,STE,STE20,TAO,TAOK2
TAO,-0.5108333333333334,64,KRSA,0.20020855057351408,1,STE,STE20,TAO,TAOK3
NEK,-0.7866666666666666,49,KRSA,0.38790406673618355,2,OTHER,NEK,NEK11,NEK11
NEK,-0.7866666666666666,49,KRSA,0.38790406673618355,2,OTHER,NEK,NEK2,NEK2
NEK,-0.7866666666666666,49,KRSA,0.38790406673618355,2,OTHER,NEK,NEK1,NEK3
NEK,-0.7866666666666666,49,KRSA,0.38790406673618355,2,OTHER,NEK,NEK4,NEK4
NEK,-0.7866666666666666,49,KRSA,0.38790406673618355,2,OTHER,NEK,NEK1,NEK5
NEK,-0.7866666666666666,49,KRSA,0.38790406673618355,2,OTHER,NEK,NEK6,NEK6
NEK,-0.7866666666666666,49,KRSA,0.38790406673618355,2,OTHER,NEK,NEK6,NEK7
NEK,-0.7866666666666666,49,KRSA,0.38790406673618355,2,OTHER,NEK,NEK8,NEK8
NEK,-0.7866666666666666,49,KRSA,0.38790406673618355,2,OTHER,NEK,NEK8,NEK9
BUD32,-0.8416666666666667,44,KRSA,0.4504692387904067,2,OTHER,BUD32,BUD32,TP53RK
ULK,-0.84,46,KRSA,0.4254431699687174,2,OTHER,ULK,FUSED,STK36
ULK,-0.84,46,KRSA,0.4254431699687174,2,OTHER,ULK,ULK,ULK1
ULK,-0.84,46,KRSA,0.4254431699687174,2,OTHER,ULK,ULK,ULK2
ULK,-0.84,46,KRSA,0.4254431699687174,2,OTHER,ULK,ULK,ULK3
ULK,-0.84,46,KRSA,0.4254431699687174,2,OTHER,ULK,ULK,ULK4
WNK,-0.8433333333333334,42,KRSA,0.4754953076120959,2,OTHER,WNK,WNK,WNK1
WNK,-0.8433333333333334,42,KRSA,0.4754953076120959,2,OTHER,WNK,WNK,WNK2
WNK,-0.8433333333333334,42,KRSA,0.4754953076120959,2,OTHER,WNK,WNK,WNK3
WNK,-0.8433333333333334,42,KRSA,0.4754953076120959,2,OTHER,WNK,WNK,WNK4
NIK,-0.8408333333333333,45,KRSA,0.43795620437956206,2,STE,STE-UNIQUE,STE-UNIQUE,MAP3K14
STE7,-1.6208333333333331,20,KRSA,0.7507820646506778,4,STE,STE7,MEK1,MAP2K1
STE7,-1.6208333333333331,20,KRSA,0.7507820646506778,4,STE,STE7,MEK1,MAP2K2
STE7,-1.6208333333333331,20,KRSA,0.7507820646506778,4,STE,STE7,MEK3,MAP2K3
STE7,-1.6208333333333331,20,KRSA,0.7507820646506778,4,STE,STE7,MEK4,MAP2K4
STE7,-1.6208333333333331,20,KRSA,0.7507820646506778,4,STE,STE7,MEK5,MAP2K5
STE7,-1.6208333333333331,20,KRSA,0.7507820646506778,4,STE,STE7,MEK3,MAP2K6
STE7,-1.6208333333333331,20,KRSA,0.7507820646506778,4,STE,STE7,MEK7,MAP2K7
DMPK,-0.905,38,KRSA,0.5255474452554745,3,AGC,DMPK,GEK,CDC42BPA
DMPK,-0.905,38,KRSA,0.5255474452554745,3,AGC,DMPK,GEK,CDC42BPB
DMPK,-0.905,38,KRSA,0.5255474452554745,3,AGC,DMPK,GEK,CDC42BPG
DMPK,-0.905,38,KRSA,0.5255474452554745,3,AGC,DMPK,CRIK,CIT
DMPK,-0.905,38,KRSA,0.5255474452554745,3,AGC,DMPK,GEK,DMPK
DMPK,-0.905,38,KRSA,0.5255474452554745,3,AGC,DMPK,ROCK,ROCK1
DMPK,-0.905,38,KRSA,0.5255474452554745,3,AGC,DMPK,ROCK,ROCK2
SGK,-0.7541666666666667,51,KRSA,0.36287799791449427,2,AGC,SGK,SGK,SGK1
SGK,-0.7541666666666667,51,KRSA,0.36287799791449427,2,AGC,SGK,SGK,SGK2
SGK,-0.7541666666666667,51,KRSA,0.36287799791449427,2,AGC,SGK,SGK,SGK3
CLK,-0.8325,47,KRSA,0.4129301355578728,2,CMGC,CLK,CLK,CLK1
CLK,-0.8325,47,KRSA,0.4129301355578728,2,CMGC,CLK,CLK,CLK2
CLK,-0.8325,47,KRSA,0.4129301355578728,2,CMGC,CLK,CLK,CLK3
CLK,-0.8325,47,KRSA,0.4129301355578728,2,CMGC,CLK,CLK,CLK4
CAMKK,-0.8425,43,KRSA,0.4629822732012513,2,OTHER,CAMKK,META,CAMKK1
CAMKK,-0.8425,43,KRSA,0.4629822732012513,2,OTHER,CAMKK,META,CAMKK2
PKD,0.30500000000000005,71,KRSA,0.11261730969760167,1,CAMK,PKD,PKD,PRKD1
PKD,0.30500000000000005,71,KRSA,0.11261730969760167,1,CAMK,PKD,PKD,PRKD2
PKD,0.30500000000000005,71,KRSA,0.11261730969760167,1,CAMK,PKD,PKD,PRKD3
STKR,-0.9475,36,KRSA,0.5505735140771637,3,TKL,STKR,TYPE1,ACVR1
STKR,-0.9475,36,KRSA,0.5505735140771637,3,TKL,STKR,TYPE1,ACVR1B
STKR,-0.9475,36,KRSA,0.5505735140771637,3,TKL,STKR,TYPE1,ACVR1C
STKR,-0.9475,36,KRSA,0.5505735140771637,3,TKL,STKR,TYPE2,ACVR2A
STKR,-0.9475,36,KRSA,0.5505735140771637,3,TKL,STKR,TYPE2,ACVR2B
STKR,-0.9475,36,KRSA,0.5505735140771637,3,TKL,STKR,TYPE1,ACVRL1
STKR,-0.9475,36,KRSA,0.5505735140771637,3,TKL,STKR,TYPE2,AMHR2
STKR,-0.9475,36,KRSA,0.5505735140771637,3,TKL,STKR,TYPE1,BMPR1A
STKR,-0.9475,36,KRSA,0.5505735140771637,3,TKL,STKR,TYPE1,BMPR1B
STKR,-0.9475,36,KRSA,0.5505735140771637,3,TKL,STKR,TYPE2,BMPR2
STKR,-0.9475,36,KRSA,0.5505735140771637,3,TKL,STKR,TYPE1,TGFBR1
STKR,-0.9475,36,KRSA,0.5505735140771637,3,TKL,STKR,TYPE2,TGFBR2
ATM,-0.9883333333333334,35,KRSA,0.5630865484880083,3,ATYPICAL,PIKK,ATM,ATM
GRK,-0.43083333333333335,68,KRSA,0.15015641293013557,1,AGC,GRK,GRK,GRK1
GRK,-0.43083333333333335,68,KRSA,0.15015641293013557,1,AGC,GRK,GRK,GRK4
GRK,-0.43083333333333335,68,KRSA,0.15015641293013557,1,AGC,GRK,GRK,GRK5
GRK,-0.43083333333333335,68,KRSA,0.15015641293013557,1,AGC,GRK,GRK,GRK6
GRK,-0.43083333333333335,68,KRSA,0.15015641293013557,1,AGC,GRK,GRK,GRK7
CAMK2,0.01416666666666666,80,KRSA,0,1,CAMK,CAMK2,CAMK2,CAMK2A
CAMK2,0.01416666666666666,80,KRSA,0,1,CAMK,CAMK2,CAMK2,CAMK2B
CAMK2,0.01416666666666666,80,KRSA,0,1,CAMK,CAMK2,CAMK2,CAMK2D
CAMK2,0.01416666666666666,80,KRSA,0,1,CAMK,CAMK2,CAMK2,CAMK2G
MAPKAPK,0.07583333333333335,78,KRSA,0.02502606882168926,1,CAMK,MAPKAPK,MAPKAPK,MAPKAPK2
MAPKAPK,0.07583333333333335,78,KRSA,0.02502606882168926,1,CAMK,MAPKAPK,MAPKAPK,MAPKAPK3
MAPKAPK,0.07583333333333335,78,KRSA,0.02502606882168926,1,CAMK,MAPKAPK,MAPKAPK,MAPKAPK5
MAPKAPK,0.07583333333333335,78,KRSA,0.02502606882168926,1,CAMK,MAPKAPK,MNK,MKNK1
MAPKAPK,0.07583333333333335,78,KRSA,0.02502606882168926,1,CAMK,MAPKAPK,MNK,MKNK2
AMPK,0.08000000000000002,77,KRSA,0.03753910323253389,1,CAMK,CAMKL,AMPK,PRKAA1
AMPK,0.08000000000000002,77,KRSA,0.03753910323253389,1,CAMK,CAMKL,AMPK,PRKAA2
IKK,-0.8591666666666666,41,KRSA,0.4880083420229406,2,OTHER,IKK,IKK,CHUK
IKK,-0.8591666666666666,41,KRSA,0.4880083420229406,2,OTHER,IKK,IKK,IKBKB
IKK,-0.8591666666666666,41,KRSA,0.4880083420229406,2,OTHER,IKK,IKK,IKBKE
IKK,-0.8591666666666666,41,KRSA,0.4880083420229406,2,OTHER,IKK,IKK,TBK1
PAKA,0.675,56,KRSA,0.30031282586027114,2,STE,STE20,PAKA,PAK1
PAKA,0.675,56,KRSA,0.30031282586027114,2,STE,STE20,PAKA,PAK2
PAKA,0.675,56,KRSA,0.30031282586027114,2,STE,STE20,PAKA,PAK3
AUR,-0.03083333333333335,79,KRSA,0.01251303441084463,1,OTHER,AUR,AUR,AURKA
AUR,-0.03083333333333335,79,KRSA,0.01251303441084463,1,OTHER,AUR,AUR,AURKB
AUR,-0.03083333333333335,79,KRSA,0.01251303441084463,1,OTHER,AUR,AUR,AURKC
BARK2,0.5533333333333333,61,KRSA,0.23774765380604795,1,AGC,GRK,BARK,GRK3
MELK,-0.6341666666666667,59,KRSA,0.26277372262773724,2,CAMK,CAMKL,MELK,MELK
HAL,0.6866666666666666,54,KRSA,0.32533889468196037,2,RGC,RGC,RGC,NPR1
CHK1,-0.17666666666666667,75,KRSA,0.06256517205422316,1,CAMK,CAMKL,CHK1,CHEK1
PKCI,0.7458333333333333,52,KRSA,0.35036496350364965,2,AGC,PKC,IOTA,PRKCI
PKCI,0.7458333333333333,52,KRSA,0.35036496350364965,2,AGC,PKC,IOTA,PRKCZ
PIM,0.09833333333333331,76,KRSA,0.05005213764337852,1,CAMK,PIM,PIM,PIM1
PIM,0.09833333333333331,76,KRSA,0.05005213764337852,1,CAMK,PIM,PIM,PIM2
PIM,0.09833333333333331,76,KRSA,0.05005213764337852,1,CAMK,PIM,PIM,PIM3
PAKB,-0.4825,65,KRSA,0.18769551616266944,1,STE,STE20,PAKB,PAK4
PAKB,-0.4825,65,KRSA,0.18769551616266944,1,STE,STE20,PAKB,PAK5
PAKB,-0.4825,65,KRSA,0.18769551616266944,1,STE,STE20,PAKB,PAK6
STE11,-0.6575,57,KRSA,0.28779979144942647,2,TKL,MLK,TAK1,MAP3K7
STE11,-0.6575,57,KRSA,0.28779979144942647,2,STE,STE11,MEKK1,MAP3K1
STE11,-0.6575,57,KRSA,0.28779979144942647,2,STE,STE11,ASK,MAP3K15
STE11,-0.6575,57,KRSA,0.28779979144942647,2,STE,STE11,MEKK2,MAP3K2
STE11,-0.6575,57,KRSA,0.28779979144942647,2,STE,STE11,MEKK2,MAP3K3
STE11,-0.6575,57,KRSA,0.28779979144942647,2,STE,STE11,MEKK4,MAP3K4
STE11,-0.6575,57,KRSA,0.28779979144942647,2,STE,STE11,ASK,MAP3K5
STE11,-0.6575,57,KRSA,0.28779979144942647,2,STE,STE11,ASK,MAP3K6
RSK,0.635,58,KRSA,0.27528675703858185,2,AGC,RSK,RSK,RPS6KA1
RSK,0.635,58,KRSA,0.27528675703858185,2,AGC,RSK,RSK,RPS6KA2
RSK,0.635,58,KRSA,0.27528675703858185,2,AGC,RSK,RSK,RPS6KA3
RSK,0.635,58,KRSA,0.27528675703858185,2,AGC,RSK,MSK,RPS6KA4
RSK,0.635,58,KRSA,0.27528675703858185,2,AGC,RSK,MSK,RPS6KA5
RSK,0.635,58,KRSA,0.27528675703858185,2,AGC,RSK,RSK,RPS6KA6
RSK,0.635,58,KRSA,0.27528675703858185,2,AGC,RSK,P70,RPS6KB1
RSK,0.635,58,KRSA,0.27528675703858185,2,AGC,RSK,P70,RPS6KB2
AKT,0.3075,70,KRSA,0.1251303441084463,1,AGC,AKT,AKT,AKT1
AKT,0.3075,70,KRSA,0.1251303441084463,1,AGC,AKT,AKT,AKT2
AKT,0.3075,70,KRSA,0.1251303441084463,1,AGC,AKT,AKT,AKT3
NDR,0.4458333333333333,67,KRSA,0.16266944734098018,1,AGC,NDR,NDR,LATS1
NDR,0.4458333333333333,67,KRSA,0.16266944734098018,1,AGC,NDR,NDR,LATS2
NDR,0.4458333333333333,67,KRSA,0.16266944734098018,1,AGC,NDR,NDR,STK38
NDR,0.4458333333333333,67,KRSA,0.16266944734098018,1,AGC,NDR,NDR,STK38L
ERK,-4.384166666666666,1,KRSA,0.9885297184567258,4,CMGC,MAPK,ERK1,MAPK1
ERK,-4.384166666666666,1,KRSA,0.9885297184567258,4,CMGC,MAPK,ERK7,MAPK15
ERK,-4.384166666666666,1,KRSA,0.9885297184567258,4,CMGC,MAPK,ERK1,MAPK3
ERK,-4.384166666666666,1,KRSA,0.9885297184567258,4,CMGC,MAPK,ERK3,MAPK4
ERK,-4.384166666666666,1,KRSA,0.9885297184567258,4,CMGC,MAPK,ERK3,MAPK6
ERK,-4.384166666666666,1,KRSA,0.9885297184567258,4,CMGC,MAPK,ERK5,MAPK7
PKA,2.931666666666666,9,KRSA,0.8884254431699687,4,AGC,PKA,PKA,PRKACA
PKA,2.931666666666666,9,KRSA,0.8884254431699687,4,AGC,PKA,PKA,PRKACB
PKA,2.931666666666666,9,KRSA,0.8884254431699687,4,AGC,PKA,PKA,PRKACG
PKA,2.931666666666666,9,KRSA,0.8884254431699687,4,AGC,PKA,PKA,PRKX
PKA,2.931666666666666,9,KRSA,0.8884254431699687,4,AGC,PKA,PKA,PRKY
JNK,-3.725833333333333,3,KRSA,0.9635036496350365,4,CMGC,MAPK,JNK,MAPK10
JNK,-3.725833333333333,3,KRSA,0.9635036496350365,4,CMGC,MAPK,JNK,MAPK8
JNK,-3.725833333333333,3,KRSA,0.9635036496350365,4,CMGC,MAPK,JNK,MAPK9
DYRK,-3.701666666666666,4,KRSA,0.9509906152241918,4,CMGC,DYRK,DYRK1,DYRK1A
DYRK,-3.701666666666666,4,KRSA,0.9509906152241918,4,CMGC,DYRK,DYRK1,DYRK1B
DYRK,-3.701666666666666,4,KRSA,0.9509906152241918,4,CMGC,DYRK,DYRK2,DYRK2
DYRK,-3.701666666666666,4,KRSA,0.9509906152241918,4,CMGC,DYRK,DYRK2,DYRK3
DYRK,-3.701666666666666,4,KRSA,0.9509906152241918,4,CMGC,DYRK,DYRK2,DYRK4
DYRK,-3.701666666666666,4,KRSA,0.9509906152241918,4,CMGC,DYRK,HIPK,HIPK1
DYRK,-3.701666666666666,4,KRSA,0.9509906152241918,4,CMGC,DYRK,HIPK,HIPK2
DYRK,-3.701666666666666,4,KRSA,0.9509906152241918,4,CMGC,DYRK,HIPK,HIPK3
DYRK,-3.701666666666666,4,KRSA,0.9509906152241918,4,CMGC,DYRK,HIPK,HIPK4
DYRK,-3.701666666666666,4,KRSA,0.9509906152241918,4,CMGC,DYRK,PRP4,PRPF4B
PDK1,-3.7941666666666665,2,KRSA,0.9760166840458812,4,ATYPICAL,PDHK,PDHK,PDK1
PDK1,-3.7941666666666665,2,KRSA,0.9760166840458812,4,AGC,PDK1,PDK1,PDPK1
CDK,-3.35,5,KRSA,0.9384775808133472,4,CMGC,CDK,CDC2,CDK1
CDK,-3.35,5,KRSA,0.9384775808133472,4,CMGC,CDK,CDK10,CDK10
CDK,-3.35,5,KRSA,0.9384775808133472,4,CMGC,CDK,CRK7,CDK12
CDK,-3.35,5,KRSA,0.9384775808133472,4,CMGC,CDK,CRK7,CDK13
CDK,-3.35,5,KRSA,0.9384775808133472,4,CMGC,CDK,PFTAIRE,CDK14
CDK,-3.35,5,KRSA,0.9384775808133472,4,CMGC,CDK,PFTAIRE,CDK15
CDK,-3.35,5,KRSA,0.9384775808133472,4,CMGC,CDK,PCTAIRE,CDK16
CDK,-3.35,5,KRSA,0.9384775808133472,4,CMGC,CDK,PCTAIRE,CDK17
CDK,-3.35,5,KRSA,0.9384775808133472,4,CMGC,CDK,PCTAIRE,CDK18
CDK,-3.35,5,KRSA,0.9384775808133472,4,CMGC,CDK,CDK8,CDK19
CDK,-3.35,5,KRSA,0.9384775808133472,4,CMGC,CDK,CDC2,CDK2
CDK,-3.35,5,KRSA,0.9384775808133472,4,CMGC,CDK,CCRK,CDK20
CDK,-3.35,5,KRSA,0.9384775808133472,4,CMGC,CDK,CDC2,CDK3
CDK,-3.35,5,KRSA,0.9384775808133472,4,CMGC,CDK,CDK4,CDK4
CDK,-3.35,5,KRSA,0.9384775808133472,4,CMGC,CDK,CDK5,CDK5
CDK,-3.35,5,KRSA,0.9384775808133472,4,CMGC,CDK,CDK4,CDK6
CDK,-3.35,5,KRSA,0.9384775808133472,4,CMGC,CDK,CDK7,CDK7
CDK,-3.35,5,KRSA,0.9384775808133472,4,CMGC,CDK,CDK8,CDK8
CDK,-3.35,5,KRSA,0.9384775808133472,4,CMGC,CDK,CDK9,CDK9
CDK,-3.35,5,KRSA,0.9384775808133472,4,NA,NA,NA,CDK11A
CDK,-3.35,5,KRSA,0.9384775808133472,4,NA,NA,NA,CDK11B
PKG,2.9516666666666667,7,KRSA,0.913451511991658,4,AGC,PKG,PKG,PRKG1
PKG,2.9516666666666667,7,KRSA,0.913451511991658,4,AGC,PKG,PKG,PRKG2
PEK,-2.6991666666666667,10,KRSA,0.8759124087591241,4,OTHER,PEK,HRI,EIF2AK1
PEK,-2.6991666666666667,10,KRSA,0.8759124087591241,4,OTHER,PEK,PKR,EIF2AK2
PEK,-2.6991666666666667,10,KRSA,0.8759124087591241,4,OTHER,PEK,PEK,EIF2AK3
PEK,-2.6991666666666667,10,KRSA,0.8759124087591241,4,OTHER,PEK,GCN2,EIF2AK4
NMO,-2.44,12,KRSA,0.8508863399374348,4,CMGC,MAPK,NMO,NLK
MST,-2.005833333333334,16,KRSA,0.8008342022940563,4,STE,STE20,MST,STK3
MST,-2.005833333333334,16,KRSA,0.8008342022940563,4,STE,STE20,MST,STK4
PLK,-2.943333333333334,8,KRSA,0.9009384775808134,4,NA,NA,NA,PLK5
PLK,-2.943333333333334,8,KRSA,0.9009384775808134,4,OTHER,PLK,PLK1,PLK1
PLK,-2.943333333333334,8,KRSA,0.9009384775808134,4,OTHER,PLK,PLK2,PLK2
PLK,-2.943333333333334,8,KRSA,0.9009384775808134,4,OTHER,PLK,PLK2,PLK3
PLK,-2.943333333333334,8,KRSA,0.9009384775808134,4,OTHER,PLK,SAK,PLK4
P38,-3.2391666666666667,6,KRSA,0.9259645464025026,4,CMGC,MAPK,P38,MAPK11
P38,-3.2391666666666667,6,KRSA,0.9259645464025026,4,CMGC,MAPK,P38,MAPK12
P38,-3.2391666666666667,6,KRSA,0.9259645464025026,4,CMGC,MAPK,P38,MAPK13
P38,-3.2391666666666667,6,KRSA,0.9259645464025026,4,CMGC,MAPK,P38,MAPK14
QIK,-2.275,14,KRSA,0.8258602711157456,4,CAMK,CAMKL,QIK,SIK1
QIK,-2.275,14,KRSA,0.8258602711157456,4,CAMK,CAMKL,QIK,SIK2
RIPK,1.2691666666666666,27,KRSA,0.6631908237747653,3,TKL,RIPK,RIPK,ANKK1
RIPK,1.2691666666666666,27,KRSA,0.6631908237747653,3,TKL,RIPK,RIPK,RIPK1
RIPK,1.2691666666666666,27,KRSA,0.6631908237747653,3,TKL,RIPK,RIPK,RIPK2
RIPK,1.2691666666666666,27,KRSA,0.6631908237747653,3,TKL,RIPK,RIPK,RIPK3
RIPK,1.2691666666666666,27,KRSA,0.6631908237747653,3,TKL,RIPK,RIPK,RIPK4
RAF,-2.3133333333333335,13,KRSA,0.8383733055265902,4,TKL,RAF,RAF,ARAF
RAF,-2.3133333333333335,13,KRSA,0.8383733055265902,4,TKL,RAF,RAF,BRAF
RAF,-2.3133333333333335,13,KRSA,0.8383733055265902,4,TKL,RAF,KSR,KSR1
RAF,-2.3133333333333335,13,KRSA,0.8383733055265902,4,TKL,RAF,KSR,KSR2
RAF,-2.3133333333333335,13,KRSA,0.8383733055265902,4,TKL,RAF,RAF,RAF1
LKB,-1.4725,24,KRSA,0.7007299270072993,3,CAMK,CAMKL,LKB,STK11
STE7,-1.6208333333333331,20,KRSA,0.7507820646506778,4,STE,STE7,MEK1,MAP2K1
STE7,-1.6208333333333331,20,KRSA,0.7507820646506778,4,STE,STE7,MEK1,MAP2K2
STE7,-1.6208333333333331,20,KRSA,0.7507820646506778,4,STE,STE7,MEK3,MAP2K3
STE7,-1.6208333333333331,20,KRSA,0.7507820646506778,4,STE,STE7,MEK4,MAP2K4
STE7,-1.6208333333333331,20,KRSA,0.7507820646506778,4,STE,STE7,MEK5,MAP2K5
STE7,-1.6208333333333331,20,KRSA,0.7507820646506778,4,STE,STE7,MEK3,MAP2K6
STE7,-1.6208333333333331,20,KRSA,0.7507820646506778,4,STE,STE7,MEK7,MAP2K7
CAMK1,1.6283333333333334,19,KRSA,0.7632950990615224,4,CAMK,CAMK1,CAMK1,CAMK1
CAMK1,1.6283333333333334,19,KRSA,0.7632950990615224,4,CAMK,CAMK1,CAMK1,CAMK1D
CAMK1,1.6283333333333334,19,KRSA,0.7632950990615224,4,CAMK,CAMK1,CAMK1,CAMK1G
CAMK1,1.6283333333333334,19,KRSA,0.7632950990615224,4,CAMK,CAMK1,CAMK1,CAMK4
CAMK1,1.6283333333333334,19,KRSA,0.7632950990615224,4,CAMK,CAMK1,CAMK1,PNCK
MLCK,-0.8308333333333333,48,KRSA,0.40041710114702816,2,CAMK,MLCK,MLCK,MYLK
MLCK,-0.8308333333333333,48,KRSA,0.40041710114702816,2,CAMK,MLCK,MLCK,MYLK2
MLCK,-0.8308333333333333,48,KRSA,0.40041710114702816,2,CAMK,MLCK,MLCK,TTN
VRK1,-1.3883333333333334,25,KRSA,0.6882168925964547,3,CK1,VRK,VRK,VRK1
MLK,-0.8616666666666667,40,KRSA,0.5005213764337852,3,TKL,MLK,ILK,ILK
MLK,-0.8616666666666667,40,KRSA,0.5005213764337852,3,TKL,MLK,MLK,MAP3K10
MLK,-0.8616666666666667,40,KRSA,0.5005213764337852,3,TKL,MLK,MLK,MAP3K11
MLK,-0.8616666666666667,40,KRSA,0.5005213764337852,3,TKL,MLK,LZK,MAP3K12
MLK,-0.8616666666666667,40,KRSA,0.5005213764337852,3,TKL,MLK,LZK,MAP3K13
MLK,-0.8616666666666667,40,KRSA,0.5005213764337852,3,TKL,MLK,MLK,MAP3K9
MLK,-0.8616666666666667,40,KRSA,0.5005213764337852,3,TKL,MLK,HH498,TNNI3K
MTOR,-1.7675,17,KRSA,0.7883211678832117,4,ATYPICAL,PIKK,FRAP,MTOR
MOS,1.0725,34,KRSA,0.5755995828988529,3,OTHER,MOS,MOS,MOS
IRAK,-0.7391666666666667,53,KRSA,0.337851929092805,2,TKL,IRAK,IRAK,IRAK1
IRAK,-0.7391666666666667,53,KRSA,0.337851929092805,2,TKL,IRAK,IRAK,IRAK2
IRAK,-0.7391666666666667,53,KRSA,0.337851929092805,2,TKL,IRAK,IRAK,IRAK3
IRAK,-0.7391666666666667,53,KRSA,0.337851929092805,2,TKL,IRAK,IRAK,IRAK4
MAPKAPK,0.07583333333333335,78,KRSA,0.02502606882168926,1,CAMK,MAPKAPK,MAPKAPK,MAPKAPK2
MAPKAPK,0.07583333333333335,78,KRSA,0.02502606882168926,1,CAMK,MAPKAPK,MAPKAPK,MAPKAPK3
MAPKAPK,0.07583333333333335,78,KRSA,0.02502606882168926,1,CAMK,MAPKAPK,MAPKAPK,MAPKAPK5
MAPKAPK,0.07583333333333335,78,KRSA,0.02502606882168926,1,CAMK,MAPKAPK,MNK,MKNK1
MAPKAPK,0.07583333333333335,78,KRSA,0.02502606882168926,1,CAMK,MAPKAPK,MNK,MKNK2
KHS,0.3491666666666667,69,KRSA,0.13764337851929093,1,STE,STE20,KHS,MAP4K1
KHS,0.3491666666666667,69,KRSA,0.13764337851929093,1,STE,STE20,KHS,MAP4K2
KHS,0.3491666666666667,69,KRSA,0.13764337851929093,1,STE,STE20,KHS,MAP4K3
KHS,0.3491666666666667,69,KRSA,0.13764337851929093,1,STE,STE20,KHS,MAP4K5
MSN,-0.5541666666666666,60,KRSA,0.2502606882168926,2,STE,STE20,MSN,MAP4K4
MSN,-0.5541666666666666,60,KRSA,0.2502606882168926,2,STE,STE20,MSN,NRK
MSN,-0.5541666666666666,60,KRSA,0.2502606882168926,2,STE,STE20,MSN,TNIK
GSK,-1.495,23,KRSA,0.7132429614181439,3,CMGC,GSK,GSK,GSK3A
GSK,-1.495,23,KRSA,0.7132429614181439,3,CMGC,GSK,GSK,GSK3B
PASK,0.8833333333333333,39,KRSA,0.5130344108446299,3,CAMK,CAMKL,PASK,PASK
CK1,-2.104166666666667,15,KRSA,0.8133472367049009,4,CK1,CK1,CK1-A,CSNK1A1
CK1,-2.104166666666667,15,KRSA,0.8133472367049009,4,CK1,CK1,CK1-A,CSNK1A1L
CK1,-2.104166666666667,15,KRSA,0.8133472367049009,4,CK1,CK1,CK1-D,CSNK1D
CK1,-2.104166666666667,15,KRSA,0.8133472367049009,4,CK1,CK1,CK1-D,CSNK1E
CK1,-2.104166666666667,15,KRSA,0.8133472367049009,4,CK1,CK1,CK1-G,CSNK1G1
CK1,-2.104166666666667,15,KRSA,0.8133472367049009,4,CK1,CK1,CK1-G,CSNK1G2
CK1,-2.104166666666667,15,KRSA,0.8133472367049009,4,CK1,CK1,CK1-G,CSNK1G3
CK1,-2.104166666666667,15,KRSA,0.8133472367049009,4,CK1,TTBK,TTBK,TTBK1
CK1,-2.104166666666667,15,KRSA,0.8133472367049009,4,CK1,TTBK,TTBK,TTBK2
CK1,-2.104166666666667,15,KRSA,0.8133472367049009,4,CK1,VRK,VRK,VRK3
PAKA,0.675,56,KRSA,0.30031282586027114,2,STE,STE20,PAKA,PAK1
PAKA,0.675,56,KRSA,0.30031282586027114,2,STE,STE20,PAKA,PAK2
PAKA,0.675,56,KRSA,0.30031282586027114,2,STE,STE20,PAKA,PAK3
DAPK,-0.9291666666666668,37,KRSA,0.5380604796663191,3,CAMK,DAPK,DAPK,DAPK1
DAPK,-0.9291666666666668,37,KRSA,0.5380604796663191,3,CAMK,DAPK,DAPK,DAPK2
DAPK,-0.9291666666666668,37,KRSA,0.5380604796663191,3,CAMK,DAPK,DAPK,DAPK3
DAPK,-0.9291666666666668,37,KRSA,0.5380604796663191,3,CAMK,DAPK,DRAK,STK17A
DAPK,-0.9291666666666668,37,KRSA,0.5380604796663191,3,CAMK,DAPK,DRAK,STK17B
RAD53,0.7608333333333334,50,KRSA,0.3753910323253389,2,CAMK,RAD53,RAD53,CHEK2
FRAY,-1.600833333333333,21,KRSA,0.7382690302398331,3,STE,STE20,FRAY,OXSR1
FRAY,-1.600833333333333,21,KRSA,0.7382690302398331,3,STE,STE20,FRAY,STK39
PKCA,-2.4466666666666668,11,KRSA,0.8633993743482794,4,AGC,PKC,ALPHA,PRKCA
PKCA,-2.4466666666666668,11,KRSA,0.8633993743482794,4,AGC,PKC,ALPHA,PRKCB
PKCA,-2.4466666666666668,11,KRSA,0.8633993743482794,4,AGC,PKC,ALPHA,PRKCG
CK2,-0.4708333333333333,66,KRSA,0.17518248175182483,1,CMGC,CK2,CK2,CSNK2A1
CK2,-0.4708333333333333,66,KRSA,0.17518248175182483,1,CMGC,CK2,CK2,CSNK2A2
CK2,-0.4708333333333333,66,KRSA,0.17518248175182483,1,NA,NA,NA,CSNK2A3
PKD,0.30500000000000005,71,KRSA,0.11261730969760167,1,CAMK,PKD,PKD,PRKD1
PKD,0.30500000000000005,71,KRSA,0.11261730969760167,1,CAMK,PKD,PKD,PRKD2
PKD,0.30500000000000005,71,KRSA,0.11261730969760167,1,CAMK,PKD,PKD,PRKD3
STKR,-0.9475,36,KRSA,0.5505735140771637,3,TKL,STKR,TYPE1,ACVR1
STKR,-0.9475,36,KRSA,0.5505735140771637,3,TKL,STKR,TYPE1,ACVR1B
STKR,-0.9475,36,KRSA,0.5505735140771637,3,TKL,STKR,TYPE1,ACVR1C
STKR,-0.9475,36,KRSA,0.5505735140771637,3,TKL,STKR,TYPE2,ACVR2A
STKR,-0.9475,36,KRSA,0.5505735140771637,3,TKL,STKR,TYPE2,ACVR2B
STKR,-0.9475,36,KRSA,0.5505735140771637,3,TKL,STKR,TYPE1,ACVRL1
STKR,-0.9475,36,KRSA,0.5505735140771637,3,TKL,STKR,TYPE2,AMHR2
STKR,-0.9475,36,KRSA,0.5505735140771637,3,TKL,STKR,TYPE1,BMPR1A
STKR,-0.9475,36,KRSA,0.5505735140771637,3,TKL,STKR,TYPE1,BMPR1B
STKR,-0.9475,36,KRSA,0.5505735140771637,3,TKL,STKR,TYPE2,BMPR2
STKR,-0.9475,36,KRSA,0.5505735140771637,3,TKL,STKR,TYPE1,TGFBR1
STKR,-0.9475,36,KRSA,0.5505735140771637,3,TKL,STKR,TYPE2,TGFBR2
PKCD,0.5308333333333334,62,KRSA,0.22523461939520334,1,AGC,PKC,DELTA,PRKCD
PKCD,0.5308333333333334,62,KRSA,0.22523461939520334,1,AGC,PKC,DELTA,PRKCQ
AMPK,0.08000000000000002,77,KRSA,0.03753910323253389,1,CAMK,CAMKL,AMPK,PRKAA1
AMPK,0.08000000000000002,77,KRSA,0.03753910323253389,1,CAMK,CAMKL,AMPK,PRKAA2
AUR,-0.03083333333333335,79,KRSA,0.01251303441084463,1,OTHER,AUR,AUR,AURKA
AUR,-0.03083333333333335,79,KRSA,0.01251303441084463,1,OTHER,AUR,AUR,AURKB
AUR,-0.03083333333333335,79,KRSA,0.01251303441084463,1,OTHER,AUR,AUR,AURKC
TTK,-1.2,30,KRSA,0.6256517205422315,3,OTHER,TTK,TTK,TTK
NAK,-1.215,28,KRSA,0.6506777893639207,3,OTHER,NAK,BIKE,AAK1
NAK,-1.215,28,KRSA,0.6506777893639207,3,OTHER,NAK,BIKE,BMP2K
NAK,-1.215,28,KRSA,0.6506777893639207,3,OTHER,NAK,GAK,GAK
NAK,-1.215,28,KRSA,0.6506777893639207,3,OTHER,NAK,MPSK,STK16
NUAK,-1.195,31,KRSA,0.6131386861313869,3,CAMK,CAMKL,NUAK,NUAK1
NUAK,-1.195,31,KRSA,0.6131386861313869,3,CAMK,CAMKL,NUAK,NUAK2
PKN,-1.0741666666666667,33,KRSA,0.5881126173096975,3,AGC,PKN,PKN,PKN1
PKN,-1.0741666666666667,33,KRSA,0.5881126173096975,3,AGC,PKN,PKN,PKN2
PKN,-1.0741666666666667,33,KRSA,0.5881126173096975,3,AGC,PKN,PKN,PKN3
TLK,-1.205,29,KRSA,0.6381647549530761,3,OTHER,TLK,TLK,TLK1
TLK,-1.205,29,KRSA,0.6381647549530761,3,OTHER,TLK,TLK,TLK2
PAKB,-0.4825,65,KRSA,0.18769551616266944,1,STE,STE20,PAKB,PAK4
PAKB,-0.4825,65,KRSA,0.18769551616266944,1,STE,STE20,PAKB,PAK5
PAKB,-0.4825,65,KRSA,0.18769551616266944,1,STE,STE20,PAKB,PAK6
NEK,-0.7866666666666666,49,KRSA,0.38790406673618355,2,OTHER,NEK,NEK11,NEK11
NEK,-0.7866666666666666,49,KRSA,0.38790406673618355,2,OTHER,NEK,NEK2,NEK2
NEK,-0.7866666666666666,49,KRSA,0.38790406673618355,2,OTHER,NEK,NEK1,NEK3
NEK,-0.7866666666666666,49,KRSA,0.38790406673618355,2,OTHER,NEK,NEK4,NEK4
NEK,-0.7866666666666666,49,KRSA,0.38790406673618355,2,OTHER,NEK,NEK1,NEK5
NEK,-0.7866666666666666,49,KRSA,0.38790406673618355,2,OTHER,NEK,NEK6,NEK6
NEK,-0.7866666666666666,49,KRSA,0.38790406673618355,2,OTHER,NEK,NEK6,NEK7
NEK,-0.7866666666666666,49,KRSA,0.38790406673618355,2,OTHER,NEK,NEK8,NEK8
NEK,-0.7866666666666666,49,KRSA,0.38790406673618355,2,OTHER,NEK,NEK8,NEK9
PKCI,0.7458333333333333,52,KRSA,0.35036496350364965,2,AGC,PKC,IOTA,PRKCI
PKCI,0.7458333333333333,52,KRSA,0.35036496350364965,2,AGC,PKC,IOTA,PRKCZ
PDHK,-0.6858333333333333,55,KRSA,0.31282586027111575,2,ATYPICAL,PDHK,BCKDK,BCKDK
PDHK,-0.6858333333333333,55,KRSA,0.31282586027111575,2,ATYPICAL,PDHK,PDHK,PDK2
PDHK,-0.6858333333333333,55,KRSA,0.31282586027111575,2,ATYPICAL,PDHK,PDHK,PDK3
PDHK,-0.6858333333333333,55,KRSA,0.31282586027111575,2,ATYPICAL,PDHK,PDHK,PDK4
ATR,-1.355,26,KRSA,0.67570385818561,3,ATYPICAL,PIKK,ATR,ATR
CLK,-0.8325,47,KRSA,0.4129301355578728,2,CMGC,CLK,CLK,CLK1
CLK,-0.8325,47,KRSA,0.4129301355578728,2,CMGC,CLK,CLK,CLK2
CLK,-0.8325,47,KRSA,0.4129301355578728,2,CMGC,CLK,CLK,CLK3
CLK,-0.8325,47,KRSA,0.4129301355578728,2,CMGC,CLK,CLK,CLK4
NIK,-0.8408333333333333,45,KRSA,0.43795620437956206,2,STE,STE-UNIQUE,STE-UNIQUE,MAP3K14
WNK,-0.8433333333333334,42,KRSA,0.4754953076120959,2,OTHER,WNK,WNK,WNK1
WNK,-0.8433333333333334,42,KRSA,0.4754953076120959,2,OTHER,WNK,WNK,WNK2
WNK,-0.8433333333333334,42,KRSA,0.4754953076120959,2,OTHER,WNK,WNK,WNK3
WNK,-0.8433333333333334,42,KRSA,0.4754953076120959,2,OTHER,WNK,WNK,WNK4
BUD32,-0.8416666666666667,44,KRSA,0.4504692387904067,2,OTHER,BUD32,BUD32,TP53RK
CAMKK,-0.8425,43,KRSA,0.4629822732012513,2,OTHER,CAMKK,META,CAMKK1
CAMKK,-0.8425,43,KRSA,0.4629822732012513,2,OTHER,CAMKK,META,CAMKK2
IKK,-0.8591666666666666,41,KRSA,0.4880083420229406,2,OTHER,IKK,IKK,CHUK
IKK,-0.8591666666666666,41,KRSA,0.4880083420229406,2,OTHER,IKK,IKK,IKBKB
IKK,-0.8591666666666666,41,KRSA,0.4880083420229406,2,OTHER,IKK,IKK,IKBKE
IKK,-0.8591666666666666,41,KRSA,0.4880083420229406,2,OTHER,IKK,IKK,TBK1
TAO,-0.5108333333333334,64,KRSA,0.20020855057351408,1,STE,STE20,TAO,TAOK1
TAO,-0.5108333333333334,64,KRSA,0.20020855057351408,1,STE,STE20,TAO,TAOK2
TAO,-0.5108333333333334,64,KRSA,0.20020855057351408,1,STE,STE20,TAO,TAOK3
SLK,0.21083333333333332,74,KRSA,0.07507820646506778,1,STE,STE20,SLK,SLK
SLK,0.21083333333333332,74,KRSA,0.07507820646506778,1,STE,STE20,SLK,STK10
BRSK,0.5175,63,KRSA,0.2127215849843587,1,CAMK,CAMKL,BRSK,BRSK1
BRSK,0.5175,63,KRSA,0.2127215849843587,1,CAMK,CAMKL,BRSK,BRSK2
ULK,-0.84,46,KRSA,0.4254431699687174,2,OTHER,ULK,FUSED,STK36
ULK,-0.84,46,KRSA,0.4254431699687174,2,OTHER,ULK,ULK,ULK1
ULK,-0.84,46,KRSA,0.4254431699687174,2,OTHER,ULK,ULK,ULK2
ULK,-0.84,46,KRSA,0.4254431699687174,2,OTHER,ULK,ULK,ULK3
ULK,-0.84,46,KRSA,0.4254431699687174,2,OTHER,ULK,ULK,ULK4
PIM,0.09833333333333331,76,KRSA,0.05005213764337852,1,CAMK,PIM,PIM,PIM1
PIM,0.09833333333333331,76,KRSA,0.05005213764337852,1,CAMK,PIM,PIM,PIM2
PIM,0.09833333333333331,76,KRSA,0.05005213764337852,1,CAMK,PIM,PIM,PIM3
PHK,-1.56,22,KRSA,0.7257559958289885,3,CAMK,PHK,PHK,PHKG1
PHK,-1.56,22,KRSA,0.7257559958289885,3,CAMK,PHK,PHK,PHKG2
RSK,0.635,58,KRSA,0.27528675703858185,2,AGC,RSK,RSK,RPS6KA1
RSK,0.635,58,KRSA,0.27528675703858185,2,AGC,RSK,RSK,RPS6KA2
RSK,0.635,58,KRSA,0.27528675703858185,2,AGC,RSK,RSK,RPS6KA3
RSK,0.635,58,KRSA,0.27528675703858185,2,AGC,RSK,MSK,RPS6KA4
RSK,0.635,58,KRSA,0.27528675703858185,2,AGC,RSK,MSK,RPS6KA5
RSK,0.635,58,KRSA,0.27528675703858185,2,AGC,RSK,RSK,RPS6KA6
RSK,0.635,58,KRSA,0.27528675703858185,2,AGC,RSK,P70,RPS6KB1
RSK,0.635,58,KRSA,0.27528675703858185,2,AGC,RSK,P70,RPS6KB2
NDR,0.4458333333333333,67,KRSA,0.16266944734098018,1,AGC,NDR,NDR,LATS1
NDR,0.4458333333333333,67,KRSA,0.16266944734098018,1,AGC,NDR,NDR,LATS2
NDR,0.4458333333333333,67,KRSA,0.16266944734098018,1,AGC,NDR,NDR,STK38
NDR,0.4458333333333333,67,KRSA,0.16266944734098018,1,AGC,NDR,NDR,STK38L
COT,0.2966666666666667,72,KRSA,0.10010427528675704,1,STE,STE-UNIQUE,STE-UNIQUE,MAP3K8
PRKDC,-1.0841666666666667,32,KRSA,0.6006256517205423,3,ATYPICAL,PIKK,DNAPK,PRKDC
HAL,0.6866666666666666,54,KRSA,0.32533889468196037,2,RGC,RGC,RGC,NPR1
MELK,-0.6341666666666667,59,KRSA,0.26277372262773724,2,CAMK,CAMKL,MELK,MELK
AKT,0.3075,70,KRSA,0.1251303441084463,1,AGC,AKT,AKT,AKT1
AKT,0.3075,70,KRSA,0.1251303441084463,1,AGC,AKT,AKT,AKT2
AKT,0.3075,70,KRSA,0.1251303441084463,1,AGC,AKT,AKT,AKT3
ATM,-0.9883333333333334,35,KRSA,0.5630865484880083,3,ATYPICAL,PIKK,ATM,ATM
CAMK2,0.01416666666666666,80,KRSA,0,1,CAMK,CAMK2,CAMK2,CAMK2A
CAMK2,0.01416666666666666,80,KRSA,0,1,CAMK,CAMK2,CAMK2,CAMK2B
CAMK2,0.01416666666666666,80,KRSA,0,1,CAMK,CAMK2,CAMK2,CAMK2D
CAMK2,0.01416666666666666,80,KRSA,0,1,CAMK,CAMK2,CAMK2,CAMK2G
DMPK,-0.905,38,KRSA,0.5255474452554745,3,AGC,DMPK,GEK,CDC42BPA
DMPK,-0.905,38,KRSA,0.5255474452554745,3,AGC,DMPK,GEK,CDC42BPB
DMPK,-0.905,38,KRSA,0.5255474452554745,3,AGC,DMPK,GEK,CDC42BPG
DMPK,-0.905,38,KRSA,0.5255474452554745,3,AGC,DMPK,CRIK,CIT
DMPK,-0.905,38,KRSA,0.5255474452554745,3,AGC,DMPK,GEK,DMPK
DMPK,-0.905,38,KRSA,0.5255474452554745,3,AGC,DMPK,ROCK,ROCK1
DMPK,-0.905,38,KRSA,0.5255474452554745,3,AGC,DMPK,ROCK,ROCK2
CHK1,-0.17666666666666667,75,KRSA,0.06256517205422316,1,CAMK,CAMKL,CHK1,CHEK1
SGK,-0.7541666666666667,51,KRSA,0.36287799791449427,2,AGC,SGK,SGK,SGK1
SGK,-0.7541666666666667,51,KRSA,0.36287799791449427,2,AGC,SGK,SGK,SGK2
SGK,-0.7541666666666667,51,KRSA,0.36287799791449427,2,AGC,SGK,SGK,SGK3
STE11,-0.6575,57,KRSA,0.28779979144942647,2,TKL,MLK,TAK1,MAP3K7
STE11,-0.6575,57,KRSA,0.28779979144942647,2,STE,STE11,MEKK1,MAP3K1
STE11,-0.6575,57,KRSA,0.28779979144942647,2,STE,STE11,ASK,MAP3K15
STE11,-0.6575,57,KRSA,0.28779979144942647,2,STE,STE11,MEKK2,MAP3K2
STE11,-0.6575,57,KRSA,0.28779979144942647,2,STE,STE11,MEKK2,MAP3K3
STE11,-0.6575,57,KRSA,0.28779979144942647,2,STE,STE11,MEKK4,MAP3K4
STE11,-0.6575,57,KRSA,0.28779979144942647,2,STE,STE11,ASK,MAP3K5
STE11,-0.6575,57,KRSA,0.28779979144942647,2,STE,STE11,ASK,MAP3K6
PKCH,-0.21833333333333332,73,KRSA,0.08759124087591241,1,AGC,PKC,ETA,PRKCE
PKCH,-0.21833333333333332,73,KRSA,0.08759124087591241,1,AGC,PKC,ETA,PRKCH
BARK2,0.5533333333333333,61,KRSA,0.23774765380604795,1,AGC,GRK,BARK,GRK3
GRK,-0.43083333333333335,68,KRSA,0.15015641293013557,1,AGC,GRK,GRK,GRK1
GRK,-0.43083333333333335,68,KRSA,0.15015641293013557,1,AGC,GRK,GRK,GRK4
GRK,-0.43083333333333335,68,KRSA,0.15015641293013557,1,AGC,GRK,GRK,GRK5
GRK,-0.43083333333333335,68,KRSA,0.15015641293013557,1,AGC,GRK,GRK,GRK6
GRK,-0.43083333333333335,68,KRSA,0.15015641293013557,1,AGC,GRK,GRK,GRK7
ERK,-4.384166666666666,1,KRSA,0.9885297184567258,4,CMGC,MAPK,ERK1,MAPK1
ERK,-4.384166666666666,1,KRSA,0.9885297184567258,4,CMGC,MAPK,ERK7,MAPK15
ERK,-4.384166666666666,1,KRSA,0.9885297184567258,4,CMGC,MAPK,ERK1,MAPK3
ERK,-4.384166666666666,1,KRSA,0.9885297184567258,4,CMGC,MAPK,ERK3,MAPK4
ERK,-4.384166666666666,1,KRSA,0.9885297184567258,4,CMGC,MAPK,ERK3,MAPK6
ERK,-4.384166666666666,1,KRSA,0.9885297184567258,4,CMGC,MAPK,ERK5,MAPK7
JNK,-3.725833333333333,3,KRSA,0.9635036496350365,4,CMGC,MAPK,JNK,MAPK10
JNK,-3.725833333333333,3,KRSA,0.9635036496350365,4,CMGC,MAPK,JNK,MAPK8
JNK,-3.725833333333333,3,KRSA,0.9635036496350365,4,CMGC,MAPK,JNK,MAPK9
DYRK,-3.701666666666666,4,KRSA,0.9509906152241918,4,CMGC,DYRK,DYRK1,DYRK1A
DYRK,-3.701666666666666,4,KRSA,0.9509906152241918,4,CMGC,DYRK,DYRK1,DYRK1B
DYRK,-3.701666666666666,4,KRSA,0.9509906152241918,4,CMGC,DYRK,DYRK2,DYRK2
DYRK,-3.701666666666666,4,KRSA,0.9509906152241918,4,CMGC,DYRK,DYRK2,DYRK3
DYRK,-3.701666666666666,4,KRSA,0.9509906152241918,4,CMGC,DYRK,DYRK2,DYRK4
DYRK,-3.701666666666666,4,KRSA,0.9509906152241918,4,CMGC,DYRK,HIPK,HIPK1
DYRK,-3.701666666666666,4,KRSA,0.9509906152241918,4,CMGC,DYRK,HIPK,HIPK2
DYRK,-3.701666666666666,4,KRSA,0.9509906152241918,4,CMGC,DYRK,HIPK,HIPK3
DYRK,-3.701666666666666,4,KRSA,0.9509906152241918,4,CMGC,DYRK,HIPK,HIPK4
DYRK,-3.701666666666666,4,KRSA,0.9509906152241918,4,CMGC,DYRK,PRP4,PRPF4B
CDK,-3.35,5,KRSA,0.9384775808133472,4,CMGC,CDK,CDC2,CDK1
CDK,-3.35,5,KRSA,0.9384775808133472,4,CMGC,CDK,CDK10,CDK10
CDK,-3.35,5,KRSA,0.9384775808133472,4,CMGC,CDK,CRK7,CDK12
CDK,-3.35,5,KRSA,0.9384775808133472,4,CMGC,CDK,CRK7,CDK13
CDK,-3.35,5,KRSA,0.9384775808133472,4,CMGC,CDK,PFTAIRE,CDK14
CDK,-3.35,5,KRSA,0.9384775808133472,4,CMGC,CDK,PFTAIRE,CDK15
CDK,-3.35,5,KRSA,0.9384775808133472,4,CMGC,CDK,PCTAIRE,CDK16
CDK,-3.35,5,KRSA,0.9384775808133472,4,CMGC,CDK,PCTAIRE,CDK17
CDK,-3.35,5,KRSA,0.9384775808133472,4,CMGC,CDK,PCTAIRE,CDK18
CDK,-3.35,5,KRSA,0.9384775808133472,4,CMGC,CDK,CDK8,CDK19
CDK,-3.35,5,KRSA,0.9384775808133472,4,CMGC,CDK,CDC2,CDK2
CDK,-3.35,5,KRSA,0.9384775808133472,4,CMGC,CDK,CCRK,CDK20
CDK,-3.35,5,KRSA,0.9384775808133472,4,CMGC,CDK,CDC2,CDK3
CDK,-3.35,5,KRSA,0.9384775808133472,4,CMGC,CDK,CDK4,CDK4
CDK,-3.35,5,KRSA,0.9384775808133472,4,CMGC,CDK,CDK5,CDK5
CDK,-3.35,5,KRSA,0.9384775808133472,4,CMGC,CDK,CDK4,CDK6
CDK,-3.35,5,KRSA,0.9384775808133472,4,CMGC,CDK,CDK7,CDK7
CDK,-3.35,5,KRSA,0.9384775808133472,4,CMGC,CDK,CDK8,CDK8
CDK,-3.35,5,KRSA,0.9384775808133472,4,CMGC,CDK,CDK9,CDK9
CDK,-3.35,5,KRSA,0.9384775808133472,4,NA,NA,NA,CDK11A
CDK,-3.35,5,KRSA,0.9384775808133472,4,NA,NA,NA,CDK11B
P38,-3.2391666666666667,6,KRSA,0.9259645464025026,4,CMGC,MAPK,P38,MAPK11
P38,-3.2391666666666667,6,KRSA,0.9259645464025026,4,CMGC,MAPK,P38,MAPK12
P38,-3.2391666666666667,6,KRSA,0.9259645464025026,4,CMGC,MAPK,P38,MAPK13
P38,-3.2391666666666667,6,KRSA,0.9259645464025026,4,CMGC,MAPK,P38,MAPK14
PKCA,-2.4466666666666668,11,KRSA,0.8633993743482794,4,AGC,PKC,ALPHA,PRKCA
PKCA,-2.4466666666666668,11,KRSA,0.8633993743482794,4,AGC,PKC,ALPHA,PRKCB
PKCA,-2.4466666666666668,11,KRSA,0.8633993743482794,4,AGC,PKC,ALPHA,PRKCG
PDK1,-3.7941666666666665,2,KRSA,0.9760166840458812,4,ATYPICAL,PDHK,PDHK,PDK1
PDK1,-3.7941666666666665,2,KRSA,0.9760166840458812,4,AGC,PDK1,PDK1,PDPK1
PLK,-2.943333333333334,8,KRSA,0.9009384775808134,4,NA,NA,NA,PLK5
PLK,-2.943333333333334,8,KRSA,0.9009384775808134,4,OTHER,PLK,PLK1,PLK1
PLK,-2.943333333333334,8,KRSA,0.9009384775808134,4,OTHER,PLK,PLK2,PLK2
PLK,-2.943333333333334,8,KRSA,0.9009384775808134,4,OTHER,PLK,PLK2,PLK3
PLK,-2.943333333333334,8,KRSA,0.9009384775808134,4,OTHER,PLK,SAK,PLK4
NMO,-2.44,12,KRSA,0.8508863399374348,4,CMGC,MAPK,NMO,NLK
PKG,2.9516666666666667,7,KRSA,0.913451511991658,4,AGC,PKG,PKG,PRKG1
PKG,2.9516666666666667,7,KRSA,0.913451511991658,4,AGC,PKG,PKG,PRKG2
PEK,-2.6991666666666667,10,KRSA,0.8759124087591241,4,OTHER,PEK,HRI,EIF2AK1
PEK,-2.6991666666666667,10,KRSA,0.8759124087591241,4,OTHER,PEK,PKR,EIF2AK2
PEK,-2.6991666666666667,10,KRSA,0.8759124087591241,4,OTHER,PEK,PEK,EIF2AK3
PEK,-2.6991666666666667,10,KRSA,0.8759124087591241,4,OTHER,PEK,GCN2,EIF2AK4
PKA,2.931666666666666,9,KRSA,0.8884254431699687,4,AGC,PKA,PKA,PRKACA
PKA,2.931666666666666,9,KRSA,0.8884254431699687,4,AGC,PKA,PKA,PRKACB
PKA,2.931666666666666,9,KRSA,0.8884254431699687,4,AGC,PKA,PKA,PRKACG
PKA,2.931666666666666,9,KRSA,0.8884254431699687,4,AGC,PKA,PKA,PRKX
PKA,2.931666666666666,9,KRSA,0.8884254431699687,4,AGC,PKA,PKA,PRKY
CK1,-2.104166666666667,15,KRSA,0.8133472367049009,4,CK1,CK1,CK1-A,CSNK1A1
CK1,-2.104166666666667,15,KRSA,0.8133472367049009,4,CK1,CK1,CK1-A,CSNK1A1L
CK1,-2.104166666666667,15,KRSA,0.8133472367049009,4,CK1,CK1,CK1-D,CSNK1D
CK1,-2.104166666666667,15,KRSA,0.8133472367049009,4,CK1,CK1,CK1-D,CSNK1E
CK1,-2.104166666666667,15,KRSA,0.8133472367049009,4,CK1,CK1,CK1-G,CSNK1G1
CK1,-2.104166666666667,15,KRSA,0.8133472367049009,4,CK1,CK1,CK1-G,CSNK1G2
CK1,-2.104166666666667,15,KRSA,0.8133472367049009,4,CK1,CK1,CK1-G,CSNK1G3
CK1,-2.104166666666667,15,KRSA,0.8133472367049009,4,CK1,TTBK,TTBK,TTBK1
CK1,-2.104166666666667,15,KRSA,0.8133472367049009,4,CK1,TTBK,TTBK,TTBK2
CK1,-2.104166666666667,15,KRSA,0.8133472367049009,4,CK1,VRK,VRK,VRK3
QIK,-2.275,14,KRSA,0.8258602711157456,4,CAMK,CAMKL,QIK,SIK1
QIK,-2.275,14,KRSA,0.8258602711157456,4,CAMK,CAMKL,QIK,SIK2
RAF,-2.3133333333333335,13,KRSA,0.8383733055265902,4,TKL,RAF,RAF,ARAF
RAF,-2.3133333333333335,13,KRSA,0.8383733055265902,4,TKL,RAF,RAF,BRAF
RAF,-2.3133333333333335,13,KRSA,0.8383733055265902,4,TKL,RAF,KSR,KSR1
RAF,-2.3133333333333335,13,KRSA,0.8383733055265902,4,TKL,RAF,KSR,KSR2
RAF,-2.3133333333333335,13,KRSA,0.8383733055265902,4,TKL,RAF,RAF,RAF1
VRK1,-1.3883333333333334,25,KRSA,0.6882168925964547,3,CK1,VRK,VRK,VRK1
GSK,-1.495,23,KRSA,0.7132429614181439,3,CMGC,GSK,GSK,GSK3A
GSK,-1.495,23,KRSA,0.7132429614181439,3,CMGC,GSK,GSK,GSK3B
ATM,-0.9883333333333334,35,KRSA,0.5630865484880083,3,ATYPICAL,PIKK,ATM,ATM
STE7,-1.6208333333333331,20,KRSA,0.7507820646506778,4,STE,STE7,MEK1,MAP2K1
STE7,-1.6208333333333331,20,KRSA,0.7507820646506778,4,STE,STE7,MEK1,MAP2K2
STE7,-1.6208333333333331,20,KRSA,0.7507820646506778,4,STE,STE7,MEK3,MAP2K3
STE7,-1.6208333333333331,20,KRSA,0.7507820646506778,4,STE,STE7,MEK4,MAP2K4
STE7,-1.6208333333333331,20,KRSA,0.7507820646506778,4,STE,STE7,MEK5,MAP2K5
STE7,-1.6208333333333331,20,KRSA,0.7507820646506778,4,STE,STE7,MEK3,MAP2K6
STE7,-1.6208333333333331,20,KRSA,0.7507820646506778,4,STE,STE7,MEK7,MAP2K7
LKB,-1.4725,24,KRSA,0.7007299270072993,3,CAMK,CAMKL,LKB,STK11
CAMK1,1.6283333333333334,19,KRSA,0.7632950990615224,4,CAMK,CAMK1,CAMK1,CAMK1
CAMK1,1.6283333333333334,19,KRSA,0.7632950990615224,4,CAMK,CAMK1,CAMK1,CAMK1D
CAMK1,1.6283333333333334,19,KRSA,0.7632950990615224,4,CAMK,CAMK1,CAMK1,CAMK1G
CAMK1,1.6283333333333334,19,KRSA,0.7632950990615224,4,CAMK,CAMK1,CAMK1,CAMK4
CAMK1,1.6283333333333334,19,KRSA,0.7632950990615224,4,CAMK,CAMK1,CAMK1,PNCK
MST,-2.005833333333334,16,KRSA,0.8008342022940563,4,STE,STE20,MST,STK3
MST,-2.005833333333334,16,KRSA,0.8008342022940563,4,STE,STE20,MST,STK4
TLK,-1.205,29,KRSA,0.6381647549530761,3,OTHER,TLK,TLK,TLK1
TLK,-1.205,29,KRSA,0.6381647549530761,3,OTHER,TLK,TLK,TLK2
TTK,-1.2,30,KRSA,0.6256517205422315,3,OTHER,TTK,TTK,TTK
NAK,-1.215,28,KRSA,0.6506777893639207,3,OTHER,NAK,BIKE,AAK1
NAK,-1.215,28,KRSA,0.6506777893639207,3,OTHER,NAK,BIKE,BMP2K
NAK,-1.215,28,KRSA,0.6506777893639207,3,OTHER,NAK,GAK,GAK
NAK,-1.215,28,KRSA,0.6506777893639207,3,OTHER,NAK,MPSK,STK16
PKN,-1.0741666666666667,33,KRSA,0.5881126173096975,3,AGC,PKN,PKN,PKN1
PKN,-1.0741666666666667,33,KRSA,0.5881126173096975,3,AGC,PKN,PKN,PKN2
PKN,-1.0741666666666667,33,KRSA,0.5881126173096975,3,AGC,PKN,PKN,PKN3
NUAK,-1.195,31,KRSA,0.6131386861313869,3,CAMK,CAMKL,NUAK,NUAK1
NUAK,-1.195,31,KRSA,0.6131386861313869,3,CAMK,CAMKL,NUAK,NUAK2
STKR,-0.9475,36,KRSA,0.5505735140771637,3,TKL,STKR,TYPE1,ACVR1
STKR,-0.9475,36,KRSA,0.5505735140771637,3,TKL,STKR,TYPE1,ACVR1B
STKR,-0.9475,36,KRSA,0.5505735140771637,3,TKL,STKR,TYPE1,ACVR1C
STKR,-0.9475,36,KRSA,0.5505735140771637,3,TKL,STKR,TYPE2,ACVR2A
STKR,-0.9475,36,KRSA,0.5505735140771637,3,TKL,STKR,TYPE2,ACVR2B
STKR,-0.9475,36,KRSA,0.5505735140771637,3,TKL,STKR,TYPE1,ACVRL1
STKR,-0.9475,36,KRSA,0.5505735140771637,3,TKL,STKR,TYPE2,AMHR2
STKR,-0.9475,36,KRSA,0.5505735140771637,3,TKL,STKR,TYPE1,BMPR1A
STKR,-0.9475,36,KRSA,0.5505735140771637,3,TKL,STKR,TYPE1,BMPR1B
STKR,-0.9475,36,KRSA,0.5505735140771637,3,TKL,STKR,TYPE2,BMPR2
STKR,-0.9475,36,KRSA,0.5505735140771637,3,TKL,STKR,TYPE1,TGFBR1
STKR,-0.9475,36,KRSA,0.5505735140771637,3,TKL,STKR,TYPE2,TGFBR2
MTOR,-1.7675,17,KRSA,0.7883211678832117,4,ATYPICAL,PIKK,FRAP,MTOR
BARK2,0.5533333333333333,61,KRSA,0.23774765380604795,1,AGC,GRK,BARK,GRK3
PIM,0.09833333333333331,76,KRSA,0.05005213764337852,1,CAMK,PIM,PIM,PIM1
PIM,0.09833333333333331,76,KRSA,0.05005213764337852,1,CAMK,PIM,PIM,PIM2
PIM,0.09833333333333331,76,KRSA,0.05005213764337852,1,CAMK,PIM,PIM,PIM3
PHK,-1.56,22,KRSA,0.7257559958289885,3,CAMK,PHK,PHK,PHKG1
PHK,-1.56,22,KRSA,0.7257559958289885,3,CAMK,PHK,PHK,PHKG2
PKCH,-0.21833333333333332,73,KRSA,0.08759124087591241,1,AGC,PKC,ETA,PRKCE
PKCH,-0.21833333333333332,73,KRSA,0.08759124087591241,1,AGC,PKC,ETA,PRKCH
RAD53,0.7608333333333334,50,KRSA,0.3753910323253389,2,CAMK,RAD53,RAD53,CHEK2
CAMKK,-0.8425,43,KRSA,0.4629822732012513,2,OTHER,CAMKK,META,CAMKK1
CAMKK,-0.8425,43,KRSA,0.4629822732012513,2,OTHER,CAMKK,META,CAMKK2
WNK,-0.8433333333333334,42,KRSA,0.4754953076120959,2,OTHER,WNK,WNK,WNK1
WNK,-0.8433333333333334,42,KRSA,0.4754953076120959,2,OTHER,WNK,WNK,WNK2
WNK,-0.8433333333333334,42,KRSA,0.4754953076120959,2,OTHER,WNK,WNK,WNK3
WNK,-0.8433333333333334,42,KRSA,0.4754953076120959,2,OTHER,WNK,WNK,WNK4
NIK,-0.8408333333333333,45,KRSA,0.43795620437956206,2,STE,STE-UNIQUE,STE-UNIQUE,MAP3K14
CLK,-0.8325,47,KRSA,0.4129301355578728,2,CMGC,CLK,CLK,CLK1
CLK,-0.8325,47,KRSA,0.4129301355578728,2,CMGC,CLK,CLK,CLK2
CLK,-0.8325,47,KRSA,0.4129301355578728,2,CMGC,CLK,CLK,CLK3
CLK,-0.8325,47,KRSA,0.4129301355578728,2,CMGC,CLK,CLK,CLK4
BUD32,-0.8416666666666667,44,KRSA,0.4504692387904067,2,OTHER,BUD32,BUD32,TP53RK
CK2,-0.4708333333333333,66,KRSA,0.17518248175182483,1,CMGC,CK2,CK2,CSNK2A1
CK2,-0.4708333333333333,66,KRSA,0.17518248175182483,1,CMGC,CK2,CK2,CSNK2A2
CK2,-0.4708333333333333,66,KRSA,0.17518248175182483,1,NA,NA,NA,CSNK2A3
AKT,0.3075,70,KRSA,0.1251303441084463,1,AGC,AKT,AKT,AKT1
AKT,0.3075,70,KRSA,0.1251303441084463,1,AGC,AKT,AKT,AKT2
AKT,0.3075,70,KRSA,0.1251303441084463,1,AGC,AKT,AKT,AKT3
ULK,-0.84,46,KRSA,0.4254431699687174,2,OTHER,ULK,FUSED,STK36
ULK,-0.84,46,KRSA,0.4254431699687174,2,OTHER,ULK,ULK,ULK1
ULK,-0.84,46,KRSA,0.4254431699687174,2,OTHER,ULK,ULK,ULK2
ULK,-0.84,46,KRSA,0.4254431699687174,2,OTHER,ULK,ULK,ULK3
ULK,-0.84,46,KRSA,0.4254431699687174,2,OTHER,ULK,ULK,ULK4
RSK,0.635,58,KRSA,0.27528675703858185,2,AGC,RSK,RSK,RPS6KA1
RSK,0.635,58,KRSA,0.27528675703858185,2,AGC,RSK,RSK,RPS6KA2
RSK,0.635,58,KRSA,0.27528675703858185,2,AGC,RSK,RSK,RPS6KA3
RSK,0.635,58,KRSA,0.27528675703858185,2,AGC,RSK,MSK,RPS6KA4
RSK,0.635,58,KRSA,0.27528675703858185,2,AGC,RSK,MSK,RPS6KA5
RSK,0.635,58,KRSA,0.27528675703858185,2,AGC,RSK,RSK,RPS6KA6
RSK,0.635,58,KRSA,0.27528675703858185,2,AGC,RSK,P70,RPS6KB1
RSK,0.635,58,KRSA,0.27528675703858185,2,AGC,RSK,P70,RPS6KB2
CHK1,-0.17666666666666667,75,KRSA,0.06256517205422316,1,CAMK,CAMKL,CHK1,CHEK1
PDHK,-0.6858333333333333,55,KRSA,0.31282586027111575,2,ATYPICAL,PDHK,BCKDK,BCKDK
PDHK,-0.6858333333333333,55,KRSA,0.31282586027111575,2,ATYPICAL,PDHK,PDHK,PDK2
PDHK,-0.6858333333333333,55,KRSA,0.31282586027111575,2,ATYPICAL,PDHK,PDHK,PDK3
PDHK,-0.6858333333333333,55,KRSA,0.31282586027111575,2,ATYPICAL,PDHK,PDHK,PDK4
KHS,0.3491666666666667,69,KRSA,0.13764337851929093,1,STE,STE20,KHS,MAP4K1
KHS,0.3491666666666667,69,KRSA,0.13764337851929093,1,STE,STE20,KHS,MAP4K2
KHS,0.3491666666666667,69,KRSA,0.13764337851929093,1,STE,STE20,KHS,MAP4K3
KHS,0.3491666666666667,69,KRSA,0.13764337851929093,1,STE,STE20,KHS,MAP4K5
MOS,1.0725,34,KRSA,0.5755995828988529,3,OTHER,MOS,MOS,MOS
ATR,-1.355,26,KRSA,0.67570385818561,3,ATYPICAL,PIKK,ATR,ATR
DAPK,-0.9291666666666668,37,KRSA,0.5380604796663191,3,CAMK,DAPK,DAPK,DAPK1
DAPK,-0.9291666666666668,37,KRSA,0.5380604796663191,3,CAMK,DAPK,DAPK,DAPK2
DAPK,-0.9291666666666668,37,KRSA,0.5380604796663191,3,CAMK,DAPK,DAPK,DAPK3
DAPK,-0.9291666666666668,37,KRSA,0.5380604796663191,3,CAMK,DAPK,DRAK,STK17A
DAPK,-0.9291666666666668,37,KRSA,0.5380604796663191,3,CAMK,DAPK,DRAK,STK17B
SGK,-0.7541666666666667,51,KRSA,0.36287799791449427,2,AGC,SGK,SGK,SGK1
SGK,-0.7541666666666667,51,KRSA,0.36287799791449427,2,AGC,SGK,SGK,SGK2
SGK,-0.7541666666666667,51,KRSA,0.36287799791449427,2,AGC,SGK,SGK,SGK3
DMPK,-0.905,38,KRSA,0.5255474452554745,3,AGC,DMPK,GEK,CDC42BPA
DMPK,-0.905,38,KRSA,0.5255474452554745,3,AGC,DMPK,GEK,CDC42BPB
DMPK,-0.905,38,KRSA,0.5255474452554745,3,AGC,DMPK,GEK,CDC42BPG
DMPK,-0.905,38,KRSA,0.5255474452554745,3,AGC,DMPK,CRIK,CIT
DMPK,-0.905,38,KRSA,0.5255474452554745,3,AGC,DMPK,GEK,DMPK
DMPK,-0.905,38,KRSA,0.5255474452554745,3,AGC,DMPK,ROCK,ROCK1
DMPK,-0.905,38,KRSA,0.5255474452554745,3,AGC,DMPK,ROCK,ROCK2
BRSK,0.5175,63,KRSA,0.2127215849843587,1,CAMK,CAMKL,BRSK,BRSK1
BRSK,0.5175,63,KRSA,0.2127215849843587,1,CAMK,CAMKL,BRSK,BRSK2
PASK,0.8833333333333333,39,KRSA,0.5130344108446299,3,CAMK,CAMKL,PASK,PASK
PKCD,0.5308333333333334,62,KRSA,0.22523461939520334,1,AGC,PKC,DELTA,PRKCD
PKCD,0.5308333333333334,62,KRSA,0.22523461939520334,1,AGC,PKC,DELTA,PRKCQ
TAO,-0.5108333333333334,64,KRSA,0.20020855057351408,1,STE,STE20,TAO,TAOK1
TAO,-0.5108333333333334,64,KRSA,0.20020855057351408,1,STE,STE20,TAO,TAOK2
TAO,-0.5108333333333334,64,KRSA,0.20020855057351408,1,STE,STE20,TAO,TAOK3
SLK,0.21083333333333332,74,KRSA,0.07507820646506778,1,STE,STE20,SLK,SLK
SLK,0.21083333333333332,74,KRSA,0.07507820646506778,1,STE,STE20,SLK,STK10
MLCK,-0.8308333333333333,48,KRSA,0.40041710114702816,2,CAMK,MLCK,MLCK,MYLK
MLCK,-0.8308333333333333,48,KRSA,0.40041710114702816,2,CAMK,MLCK,MLCK,MYLK2
MLCK,-0.8308333333333333,48,KRSA,0.40041710114702816,2,CAMK,MLCK,MLCK,TTN
PAKA,0.675,56,KRSA,0.30031282586027114,2,STE,STE20,PAKA,PAK1
PAKA,0.675,56,KRSA,0.30031282586027114,2,STE,STE20,PAKA,PAK2
PAKA,0.675,56,KRSA,0.30031282586027114,2,STE,STE20,PAKA,PAK3
RIPK,1.2691666666666666,27,KRSA,0.6631908237747653,3,TKL,RIPK,RIPK,ANKK1
RIPK,1.2691666666666666,27,KRSA,0.6631908237747653,3,TKL,RIPK,RIPK,RIPK1
RIPK,1.2691666666666666,27,KRSA,0.6631908237747653,3,TKL,RIPK,RIPK,RIPK2
RIPK,1.2691666666666666,27,KRSA,0.6631908237747653,3,TKL,RIPK,RIPK,RIPK3
RIPK,1.2691666666666666,27,KRSA,0.6631908237747653,3,TKL,RIPK,RIPK,RIPK4
IKK,-0.8591666666666666,41,KRSA,0.4880083420229406,2,OTHER,IKK,IKK,CHUK
IKK,-0.8591666666666666,41,KRSA,0.4880083420229406,2,OTHER,IKK,IKK,IKBKB
IKK,-0.8591666666666666,41,KRSA,0.4880083420229406,2,OTHER,IKK,IKK,IKBKE
IKK,-0.8591666666666666,41,KRSA,0.4880083420229406,2,OTHER,IKK,IKK,TBK1
MSN,-0.5541666666666666,60,KRSA,0.2502606882168926,2,STE,STE20,MSN,MAP4K4
MSN,-0.5541666666666666,60,KRSA,0.2502606882168926,2,STE,STE20,MSN,NRK
MSN,-0.5541666666666666,60,KRSA,0.2502606882168926,2,STE,STE20,MSN,TNIK
FRAY,-1.600833333333333,21,KRSA,0.7382690302398331,3,STE,STE20,FRAY,OXSR1
FRAY,-1.600833333333333,21,KRSA,0.7382690302398331,3,STE,STE20,FRAY,STK39
MLK,-0.8616666666666667,40,KRSA,0.5005213764337852,3,TKL,MLK,ILK,ILK
MLK,-0.8616666666666667,40,KRSA,0.5005213764337852,3,TKL,MLK,MLK,MAP3K10
MLK,-0.8616666666666667,40,KRSA,0.5005213764337852,3,TKL,MLK,MLK,MAP3K11
MLK,-0.8616666666666667,40,KRSA,0.5005213764337852,3,TKL,MLK,LZK,MAP3K12
MLK,-0.8616666666666667,40,KRSA,0.5005213764337852,3,TKL,MLK,LZK,MAP3K13
MLK,-0.8616666666666667,40,KRSA,0.5005213764337852,3,TKL,MLK,MLK,MAP3K9
MLK,-0.8616666666666667,40,KRSA,0.5005213764337852,3,TKL,MLK,HH498,TNNI3K
IRAK,-0.7391666666666667,53,KRSA,0.337851929092805,2,TKL,IRAK,IRAK,IRAK1
IRAK,-0.7391666666666667,53,KRSA,0.337851929092805,2,TKL,IRAK,IRAK,IRAK2
IRAK,-0.7391666666666667,53,KRSA,0.337851929092805,2,TKL,IRAK,IRAK,IRAK3
IRAK,-0.7391666666666667,53,KRSA,0.337851929092805,2,TKL,IRAK,IRAK,IRAK4
PRKDC,-1.0841666666666667,32,KRSA,0.6006256517205423,3,ATYPICAL,PIKK,DNAPK,PRKDC
GRK,-0.43083333333333335,68,KRSA,0.15015641293013557,1,AGC,GRK,GRK,GRK1
GRK,-0.43083333333333335,68,KRSA,0.15015641293013557,1,AGC,GRK,GRK,GRK4
GRK,-0.43083333333333335,68,KRSA,0.15015641293013557,1,AGC,GRK,GRK,GRK5
GRK,-0.43083333333333335,68,KRSA,0.15015641293013557,1,AGC,GRK,GRK,GRK6
GRK,-0.43083333333333335,68,KRSA,0.15015641293013557,1,AGC,GRK,GRK,GRK7
STE11,-0.6575,57,KRSA,0.28779979144942647,2,TKL,MLK,TAK1,MAP3K7
STE11,-0.6575,57,KRSA,0.28779979144942647,2,STE,STE11,MEKK1,MAP3K1
STE11,-0.6575,57,KRSA,0.28779979144942647,2,STE,STE11,ASK,MAP3K15
STE11,-0.6575,57,KRSA,0.28779979144942647,2,STE,STE11,MEKK2,MAP3K2
STE11,-0.6575,57,KRSA,0.28779979144942647,2,STE,STE11,MEKK2,MAP3K3
STE11,-0.6575,57,KRSA,0.28779979144942647,2,STE,STE11,MEKK4,MAP3K4
STE11,-0.6575,57,KRSA,0.28779979144942647,2,STE,STE11,ASK,MAP3K5
STE11,-0.6575,57,KRSA,0.28779979144942647,2,STE,STE11,ASK,MAP3K6
AMPK,0.08000000000000002,77,KRSA,0.03753910323253389,1,CAMK,CAMKL,AMPK,PRKAA1
AMPK,0.08000000000000002,77,KRSA,0.03753910323253389,1,CAMK,CAMKL,AMPK,PRKAA2
NEK,-0.7866666666666666,49,KRSA,0.38790406673618355,2,OTHER,NEK,NEK11,NEK11
NEK,-0.7866666666666666,49,KRSA,0.38790406673618355,2,OTHER,NEK,NEK2,NEK2
NEK,-0.7866666666666666,49,KRSA,0.38790406673618355,2,OTHER,NEK,NEK1,NEK3
NEK,-0.7866666666666666,49,KRSA,0.38790406673618355,2,OTHER,NEK,NEK4,NEK4
NEK,-0.7866666666666666,49,KRSA,0.38790406673618355,2,OTHER,NEK,NEK1,NEK5
NEK,-0.7866666666666666,49,KRSA,0.38790406673618355,2,OTHER,NEK,NEK6,NEK6
NEK,-0.7866666666666666,49,KRSA,0.38790406673618355,2,OTHER,NEK,NEK6,NEK7
NEK,-0.7866666666666666,49,KRSA,0.38790406673618355,2,OTHER,NEK,NEK8,NEK8
NEK,-0.7866666666666666,49,KRSA,0.38790406673618355,2,OTHER,NEK,NEK8,NEK9
PKCI,0.7458333333333333,52,KRSA,0.35036496350364965,2,AGC,PKC,IOTA,PRKCI
PKCI,0.7458333333333333,52,KRSA,0.35036496350364965,2,AGC,PKC,IOTA,PRKCZ
MAPKAPK,0.07583333333333335,78,KRSA,0.02502606882168926,1,CAMK,MAPKAPK,MAPKAPK,MAPKAPK2
MAPKAPK,0.07583333333333335,78,KRSA,0.02502606882168926,1,CAMK,MAPKAPK,MAPKAPK,MAPKAPK3
MAPKAPK,0.07583333333333335,78,KRSA,0.02502606882168926,1,CAMK,MAPKAPK,MAPKAPK,MAPKAPK5
MAPKAPK,0.07583333333333335,78,KRSA,0.02502606882168926,1,CAMK,MAPKAPK,MNK,MKNK1
MAPKAPK,0.07583333333333335,78,KRSA,0.02502606882168926,1,CAMK,MAPKAPK,MNK,MKNK2
CAMK2,0.01416666666666666,80,KRSA,0,1,CAMK,CAMK2,CAMK2,CAMK2A
CAMK2,0.01416666666666666,80,KRSA,0,1,CAMK,CAMK2,CAMK2,CAMK2B
CAMK2,0.01416666666666666,80,KRSA,0,1,CAMK,CAMK2,CAMK2,CAMK2D
CAMK2,0.01416666666666666,80,KRSA,0,1,CAMK,CAMK2,CAMK2,CAMK2G
MELK,-0.6341666666666667,59,KRSA,0.26277372262773724,2,CAMK,CAMKL,MELK,MELK
HAL,0.6866666666666666,54,KRSA,0.32533889468196037,2,RGC,RGC,RGC,NPR1
PAKB,-0.4825,65,KRSA,0.18769551616266944,1,STE,STE20,PAKB,PAK4
PAKB,-0.4825,65,KRSA,0.18769551616266944,1,STE,STE20,PAKB,PAK5
PAKB,-0.4825,65,KRSA,0.18769551616266944,1,STE,STE20,PAKB,PAK6
AUR,-0.03083333333333335,79,KRSA,0.01251303441084463,1,OTHER,AUR,AUR,AURKA
AUR,-0.03083333333333335,79,KRSA,0.01251303441084463,1,OTHER,AUR,AUR,AURKB
AUR,-0.03083333333333335,79,KRSA,0.01251303441084463,1,OTHER,AUR,AUR,AURKC
NDR,0.4458333333333333,67,KRSA,0.16266944734098018,1,AGC,NDR,NDR,LATS1
NDR,0.4458333333333333,67,KRSA,0.16266944734098018,1,AGC,NDR,NDR,LATS2
NDR,0.4458333333333333,67,KRSA,0.16266944734098018,1,AGC,NDR,NDR,STK38
NDR,0.4458333333333333,67,KRSA,0.16266944734098018,1,AGC,NDR,NDR,STK38L
COT,0.2966666666666667,72,KRSA,0.10010427528675704,1,STE,STE-UNIQUE,STE-UNIQUE,MAP3K8
PKD,0.30500000000000005,71,KRSA,0.11261730969760167,1,CAMK,PKD,PKD,PRKD1
PKD,0.30500000000000005,71,KRSA,0.11261730969760167,1,CAMK,PKD,PKD,PRKD2
PKD,0.30500000000000005,71,KRSA,0.11261730969760167,1,CAMK,PKD,PKD,PRKD3
ERK,-4.384166666666666,1,KRSA,0.9885297184567258,4,CMGC,MAPK,ERK1,MAPK1
ERK,-4.384166666666666,1,KRSA,0.9885297184567258,4,CMGC,MAPK,ERK7,MAPK15
ERK,-4.384166666666666,1,KRSA,0.9885297184567258,4,CMGC,MAPK,ERK1,MAPK3
ERK,-4.384166666666666,1,KRSA,0.9885297184567258,4,CMGC,MAPK,ERK3,MAPK4
ERK,-4.384166666666666,1,KRSA,0.9885297184567258,4,CMGC,MAPK,ERK3,MAPK6
ERK,-4.384166666666666,1,KRSA,0.9885297184567258,4,CMGC,MAPK,ERK5,MAPK7
DYRK,-3.701666666666666,4,KRSA,0.9509906152241918,4,CMGC,DYRK,DYRK1,DYRK1A
DYRK,-3.701666666666666,4,KRSA,0.9509906152241918,4,CMGC,DYRK,DYRK1,DYRK1B
DYRK,-3.701666666666666,4,KRSA,0.9509906152241918,4,CMGC,DYRK,DYRK2,DYRK2
DYRK,-3.701666666666666,4,KRSA,0.9509906152241918,4,CMGC,DYRK,DYRK2,DYRK3
DYRK,-3.701666666666666,4,KRSA,0.9509906152241918,4,CMGC,DYRK,DYRK2,DYRK4
DYRK,-3.701666666666666,4,KRSA,0.9509906152241918,4,CMGC,DYRK,HIPK,HIPK1
DYRK,-3.701666666666666,4,KRSA,0.9509906152241918,4,CMGC,DYRK,HIPK,HIPK2
DYRK,-3.701666666666666,4,KRSA,0.9509906152241918,4,CMGC,DYRK,HIPK,HIPK3
DYRK,-3.701666666666666,4,KRSA,0.9509906152241918,4,CMGC,DYRK,HIPK,HIPK4
DYRK,-3.701666666666666,4,KRSA,0.9509906152241918,4,CMGC,DYRK,PRP4,PRPF4B
PDK1,-3.7941666666666665,2,KRSA,0.9760166840458812,4,ATYPICAL,PDHK,PDHK,PDK1
PDK1,-3.7941666666666665,2,KRSA,0.9760166840458812,4,AGC,PDK1,PDK1,PDPK1
JNK,-3.725833333333333,3,KRSA,0.9635036496350365,4,CMGC,MAPK,JNK,MAPK10
JNK,-3.725833333333333,3,KRSA,0.9635036496350365,4,CMGC,MAPK,JNK,MAPK8
JNK,-3.725833333333333,3,KRSA,0.9635036496350365,4,CMGC,MAPK,JNK,MAPK9
CDK,-3.35,5,KRSA,0.9384775808133472,4,CMGC,CDK,CDC2,CDK1
CDK,-3.35,5,KRSA,0.9384775808133472,4,CMGC,CDK,CDK10,CDK10
CDK,-3.35,5,KRSA,0.9384775808133472,4,CMGC,CDK,CRK7,CDK12
CDK,-3.35,5,KRSA,0.9384775808133472,4,CMGC,CDK,CRK7,CDK13
CDK,-3.35,5,KRSA,0.9384775808133472,4,CMGC,CDK,PFTAIRE,CDK14
CDK,-3.35,5,KRSA,0.9384775808133472,4,CMGC,CDK,PFTAIRE,CDK15
CDK,-3.35,5,KRSA,0.9384775808133472,4,CMGC,CDK,PCTAIRE,CDK16
CDK,-3.35,5,KRSA,0.9384775808133472,4,CMGC,CDK,PCTAIRE,CDK17
CDK,-3.35,5,KRSA,0.9384775808133472,4,CMGC,CDK,PCTAIRE,CDK18
CDK,-3.35,5,KRSA,0.9384775808133472,4,CMGC,CDK,CDK8,CDK19
CDK,-3.35,5,KRSA,0.9384775808133472,4,CMGC,CDK,CDC2,CDK2
CDK,-3.35,5,KRSA,0.9384775808133472,4,CMGC,CDK,CCRK,CDK20
CDK,-3.35,5,KRSA,0.9384775808133472,4,CMGC,CDK,CDC2,CDK3
CDK,-3.35,5,KRSA,0.9384775808133472,4,CMGC,CDK,CDK4,CDK4
CDK,-3.35,5,KRSA,0.9384775808133472,4,CMGC,CDK,CDK5,CDK5
CDK,-3.35,5,KRSA,0.9384775808133472,4,CMGC,CDK,CDK4,CDK6
CDK,-3.35,5,KRSA,0.9384775808133472,4,CMGC,CDK,CDK7,CDK7
CDK,-3.35,5,KRSA,0.9384775808133472,4,CMGC,CDK,CDK8,CDK8
CDK,-3.35,5,KRSA,0.9384775808133472,4,CMGC,CDK,CDK9,CDK9
CDK,-3.35,5,KRSA,0.9384775808133472,4,NA,NA,NA,CDK11A
CDK,-3.35,5,KRSA,0.9384775808133472,4,NA,NA,NA,CDK11B
PLK,-2.943333333333334,8,KRSA,0.9009384775808134,4,NA,NA,NA,PLK5
PLK,-2.943333333333334,8,KRSA,0.9009384775808134,4,OTHER,PLK,PLK1,PLK1
PLK,-2.943333333333334,8,KRSA,0.9009384775808134,4,OTHER,PLK,PLK2,PLK2
PLK,-2.943333333333334,8,KRSA,0.9009384775808134,4,OTHER,PLK,PLK2,PLK3
PLK,-2.943333333333334,8,KRSA,0.9009384775808134,4,OTHER,PLK,SAK,PLK4
PKG,2.9516666666666667,7,KRSA,0.913451511991658,4,AGC,PKG,PKG,PRKG1
PKG,2.9516666666666667,7,KRSA,0.913451511991658,4,AGC,PKG,PKG,PRKG2
P38,-3.2391666666666667,6,KRSA,0.9259645464025026,4,CMGC,MAPK,P38,MAPK11
P38,-3.2391666666666667,6,KRSA,0.9259645464025026,4,CMGC,MAPK,P38,MAPK12
P38,-3.2391666666666667,6,KRSA,0.9259645464025026,4,CMGC,MAPK,P38,MAPK13
P38,-3.2391666666666667,6,KRSA,0.9259645464025026,4,CMGC,MAPK,P38,MAPK14
PKA,2.931666666666666,9,KRSA,0.8884254431699687,4,AGC,PKA,PKA,PRKACA
PKA,2.931666666666666,9,KRSA,0.8884254431699687,4,AGC,PKA,PKA,PRKACB
PKA,2.931666666666666,9,KRSA,0.8884254431699687,4,AGC,PKA,PKA,PRKACG
PKA,2.931666666666666,9,KRSA,0.8884254431699687,4,AGC,PKA,PKA,PRKX
PKA,2.931666666666666,9,KRSA,0.8884254431699687,4,AGC,PKA,PKA,PRKY
PKCA,-2.4466666666666668,11,KRSA,0.8633993743482794,4,AGC,PKC,ALPHA,PRKCA
PKCA,-2.4466666666666668,11,KRSA,0.8633993743482794,4,AGC,PKC,ALPHA,PRKCB
PKCA,-2.4466666666666668,11,KRSA,0.8633993743482794,4,AGC,PKC,ALPHA,PRKCG
RAF,-2.3133333333333335,13,KRSA,0.8383733055265902,4,TKL,RAF,RAF,ARAF
RAF,-2.3133333333333335,13,KRSA,0.8383733055265902,4,TKL,RAF,RAF,BRAF
RAF,-2.3133333333333335,13,KRSA,0.8383733055265902,4,TKL,RAF,KSR,KSR1
RAF,-2.3133333333333335,13,KRSA,0.8383733055265902,4,TKL,RAF,KSR,KSR2
RAF,-2.3133333333333335,13,KRSA,0.8383733055265902,4,TKL,RAF,RAF,RAF1
NMO,-2.44,12,KRSA,0.8508863399374348,4,CMGC,MAPK,NMO,NLK
MST,-2.005833333333334,16,KRSA,0.8008342022940563,4,STE,STE20,MST,STK3
MST,-2.005833333333334,16,KRSA,0.8008342022940563,4,STE,STE20,MST,STK4
PEK,-2.6991666666666667,10,KRSA,0.8759124087591241,4,OTHER,PEK,HRI,EIF2AK1
PEK,-2.6991666666666667,10,KRSA,0.8759124087591241,4,OTHER,PEK,PKR,EIF2AK2
PEK,-2.6991666666666667,10,KRSA,0.8759124087591241,4,OTHER,PEK,PEK,EIF2AK3
PEK,-2.6991666666666667,10,KRSA,0.8759124087591241,4,OTHER,PEK,GCN2,EIF2AK4
QIK,-2.275,14,KRSA,0.8258602711157456,4,CAMK,CAMKL,QIK,SIK1
QIK,-2.275,14,KRSA,0.8258602711157456,4,CAMK,CAMKL,QIK,SIK2
VRK1,-1.3883333333333334,25,KRSA,0.6882168925964547,3,CK1,VRK,VRK,VRK1
BARK2,0.5533333333333333,61,KRSA,0.23774765380604795,1,AGC,GRK,BARK,GRK3
ATM,-0.9883333333333334,35,KRSA,0.5630865484880083,3,ATYPICAL,PIKK,ATM,ATM
GSK,-1.495,23,KRSA,0.7132429614181439,3,CMGC,GSK,GSK,GSK3A
GSK,-1.495,23,KRSA,0.7132429614181439,3,CMGC,GSK,GSK,GSK3B
CAMK1,1.6283333333333334,19,KRSA,0.7632950990615224,4,CAMK,CAMK1,CAMK1,CAMK1
CAMK1,1.6283333333333334,19,KRSA,0.7632950990615224,4,CAMK,CAMK1,CAMK1,CAMK1D
CAMK1,1.6283333333333334,19,KRSA,0.7632950990615224,4,CAMK,CAMK1,CAMK1,CAMK1G
CAMK1,1.6283333333333334,19,KRSA,0.7632950990615224,4,CAMK,CAMK1,CAMK1,CAMK4
CAMK1,1.6283333333333334,19,KRSA,0.7632950990615224,4,CAMK,CAMK1,CAMK1,PNCK
DAPK,-0.9291666666666668,37,KRSA,0.5380604796663191,3,CAMK,DAPK,DAPK,DAPK1
DAPK,-0.9291666666666668,37,KRSA,0.5380604796663191,3,CAMK,DAPK,DAPK,DAPK2
DAPK,-0.9291666666666668,37,KRSA,0.5380604796663191,3,CAMK,DAPK,DAPK,DAPK3
DAPK,-0.9291666666666668,37,KRSA,0.5380604796663191,3,CAMK,DAPK,DRAK,STK17A
DAPK,-0.9291666666666668,37,KRSA,0.5380604796663191,3,CAMK,DAPK,DRAK,STK17B
CK1,-2.104166666666667,15,KRSA,0.8133472367049009,4,CK1,CK1,CK1-A,CSNK1A1
CK1,-2.104166666666667,15,KRSA,0.8133472367049009,4,CK1,CK1,CK1-A,CSNK1A1L
CK1,-2.104166666666667,15,KRSA,0.8133472367049009,4,CK1,CK1,CK1-D,CSNK1D
CK1,-2.104166666666667,15,KRSA,0.8133472367049009,4,CK1,CK1,CK1-D,CSNK1E
CK1,-2.104166666666667,15,KRSA,0.8133472367049009,4,CK1,CK1,CK1-G,CSNK1G1
CK1,-2.104166666666667,15,KRSA,0.8133472367049009,4,CK1,CK1,CK1-G,CSNK1G2
CK1,-2.104166666666667,15,KRSA,0.8133472367049009,4,CK1,CK1,CK1-G,CSNK1G3
CK1,-2.104166666666667,15,KRSA,0.8133472367049009,4,CK1,TTBK,TTBK,TTBK1
CK1,-2.104166666666667,15,KRSA,0.8133472367049009,4,CK1,TTBK,TTBK,TTBK2
CK1,-2.104166666666667,15,KRSA,0.8133472367049009,4,CK1,VRK,VRK,VRK3
RIPK,1.2691666666666666,27,KRSA,0.6631908237747653,3,TKL,RIPK,RIPK,ANKK1
RIPK,1.2691666666666666,27,KRSA,0.6631908237747653,3,TKL,RIPK,RIPK,RIPK1
RIPK,1.2691666666666666,27,KRSA,0.6631908237747653,3,TKL,RIPK,RIPK,RIPK2
RIPK,1.2691666666666666,27,KRSA,0.6631908237747653,3,TKL,RIPK,RIPK,RIPK3
RIPK,1.2691666666666666,27,KRSA,0.6631908237747653,3,TKL,RIPK,RIPK,RIPK4
MTOR,-1.7675,17,KRSA,0.7883211678832117,4,ATYPICAL,PIKK,FRAP,MTOR
FRAY,-1.600833333333333,21,KRSA,0.7382690302398331,3,STE,STE20,FRAY,OXSR1
FRAY,-1.600833333333333,21,KRSA,0.7382690302398331,3,STE,STE20,FRAY,STK39
RSK,0.635,58,KRSA,0.27528675703858185,2,AGC,RSK,RSK,RPS6KA1
RSK,0.635,58,KRSA,0.27528675703858185,2,AGC,RSK,RSK,RPS6KA2
RSK,0.635,58,KRSA,0.27528675703858185,2,AGC,RSK,RSK,RPS6KA3
RSK,0.635,58,KRSA,0.27528675703858185,2,AGC,RSK,MSK,RPS6KA4
RSK,0.635,58,KRSA,0.27528675703858185,2,AGC,RSK,MSK,RPS6KA5
RSK,0.635,58,KRSA,0.27528675703858185,2,AGC,RSK,RSK,RPS6KA6
RSK,0.635,58,KRSA,0.27528675703858185,2,AGC,RSK,P70,RPS6KB1
RSK,0.635,58,KRSA,0.27528675703858185,2,AGC,RSK,P70,RPS6KB2
STE7,-1.6208333333333331,20,KRSA,0.7507820646506778,4,STE,STE7,MEK1,MAP2K1
STE7,-1.6208333333333331,20,KRSA,0.7507820646506778,4,STE,STE7,MEK1,MAP2K2
STE7,-1.6208333333333331,20,KRSA,0.7507820646506778,4,STE,STE7,MEK3,MAP2K3
STE7,-1.6208333333333331,20,KRSA,0.7507820646506778,4,STE,STE7,MEK4,MAP2K4
STE7,-1.6208333333333331,20,KRSA,0.7507820646506778,4,STE,STE7,MEK5,MAP2K5
STE7,-1.6208333333333331,20,KRSA,0.7507820646506778,4,STE,STE7,MEK3,MAP2K6
STE7,-1.6208333333333331,20,KRSA,0.7507820646506778,4,STE,STE7,MEK7,MAP2K7
NAK,-1.215,28,KRSA,0.6506777893639207,3,OTHER,NAK,BIKE,AAK1
NAK,-1.215,28,KRSA,0.6506777893639207,3,OTHER,NAK,BIKE,BMP2K
NAK,-1.215,28,KRSA,0.6506777893639207,3,OTHER,NAK,GAK,GAK
NAK,-1.215,28,KRSA,0.6506777893639207,3,OTHER,NAK,MPSK,STK16
TLK,-1.205,29,KRSA,0.6381647549530761,3,OTHER,TLK,TLK,TLK1
TLK,-1.205,29,KRSA,0.6381647549530761,3,OTHER,TLK,TLK,TLK2
PDHK,-0.6858333333333333,55,KRSA,0.31282586027111575,2,ATYPICAL,PDHK,BCKDK,BCKDK
PDHK,-0.6858333333333333,55,KRSA,0.31282586027111575,2,ATYPICAL,PDHK,PDHK,PDK2
PDHK,-0.6858333333333333,55,KRSA,0.31282586027111575,2,ATYPICAL,PDHK,PDHK,PDK3
PDHK,-0.6858333333333333,55,KRSA,0.31282586027111575,2,ATYPICAL,PDHK,PDHK,PDK4
TTK,-1.2,30,KRSA,0.6256517205422315,3,OTHER,TTK,TTK,TTK
NUAK,-1.195,31,KRSA,0.6131386861313869,3,CAMK,CAMKL,NUAK,NUAK1
NUAK,-1.195,31,KRSA,0.6131386861313869,3,CAMK,CAMKL,NUAK,NUAK2
PAKB,-0.4825,65,KRSA,0.18769551616266944,1,STE,STE20,PAKB,PAK4
PAKB,-0.4825,65,KRSA,0.18769551616266944,1,STE,STE20,PAKB,PAK5
PAKB,-0.4825,65,KRSA,0.18769551616266944,1,STE,STE20,PAKB,PAK6
PHK,-1.56,22,KRSA,0.7257559958289885,3,CAMK,PHK,PHK,PHKG1
PHK,-1.56,22,KRSA,0.7257559958289885,3,CAMK,PHK,PHK,PHKG2
PKN,-1.0741666666666667,33,KRSA,0.5881126173096975,3,AGC,PKN,PKN,PKN1
PKN,-1.0741666666666667,33,KRSA,0.5881126173096975,3,AGC,PKN,PKN,PKN2
PKN,-1.0741666666666667,33,KRSA,0.5881126173096975,3,AGC,PKN,PKN,PKN3
LKB,-1.4725,24,KRSA,0.7007299270072993,3,CAMK,CAMKL,LKB,STK11
PKCH,-0.21833333333333332,73,KRSA,0.08759124087591241,1,AGC,PKC,ETA,PRKCE
PKCH,-0.21833333333333332,73,KRSA,0.08759124087591241,1,AGC,PKC,ETA,PRKCH
BRSK,0.5175,63,KRSA,0.2127215849843587,1,CAMK,CAMKL,BRSK,BRSK1
BRSK,0.5175,63,KRSA,0.2127215849843587,1,CAMK,CAMKL,BRSK,BRSK2
KHS,0.3491666666666667,69,KRSA,0.13764337851929093,1,STE,STE20,KHS,MAP4K1
KHS,0.3491666666666667,69,KRSA,0.13764337851929093,1,STE,STE20,KHS,MAP4K2
KHS,0.3491666666666667,69,KRSA,0.13764337851929093,1,STE,STE20,KHS,MAP4K3
KHS,0.3491666666666667,69,KRSA,0.13764337851929093,1,STE,STE20,KHS,MAP4K5
SLK,0.21083333333333332,74,KRSA,0.07507820646506778,1,STE,STE20,SLK,SLK
SLK,0.21083333333333332,74,KRSA,0.07507820646506778,1,STE,STE20,SLK,STK10
PASK,0.8833333333333333,39,KRSA,0.5130344108446299,3,CAMK,CAMKL,PASK,PASK
MOS,1.0725,34,KRSA,0.5755995828988529,3,OTHER,MOS,MOS,MOS
MLK,-0.8616666666666667,40,KRSA,0.5005213764337852,3,TKL,MLK,ILK,ILK
MLK,-0.8616666666666667,40,KRSA,0.5005213764337852,3,TKL,MLK,MLK,MAP3K10
MLK,-0.8616666666666667,40,KRSA,0.5005213764337852,3,TKL,MLK,MLK,MAP3K11
MLK,-0.8616666666666667,40,KRSA,0.5005213764337852,3,TKL,MLK,LZK,MAP3K12
MLK,-0.8616666666666667,40,KRSA,0.5005213764337852,3,TKL,MLK,LZK,MAP3K13
MLK,-0.8616666666666667,40,KRSA,0.5005213764337852,3,TKL,MLK,MLK,MAP3K9
MLK,-0.8616666666666667,40,KRSA,0.5005213764337852,3,TKL,MLK,HH498,TNNI3K
WNK,-0.8433333333333334,42,KRSA,0.4754953076120959,2,OTHER,WNK,WNK,WNK1
WNK,-0.8433333333333334,42,KRSA,0.4754953076120959,2,OTHER,WNK,WNK,WNK2
WNK,-0.8433333333333334,42,KRSA,0.4754953076120959,2,OTHER,WNK,WNK,WNK3
WNK,-0.8433333333333334,42,KRSA,0.4754953076120959,2,OTHER,WNK,WNK,WNK4
BUD32,-0.8416666666666667,44,KRSA,0.4504692387904067,2,OTHER,BUD32,BUD32,TP53RK
CAMKK,-0.8425,43,KRSA,0.4629822732012513,2,OTHER,CAMKK,META,CAMKK1
CAMKK,-0.8425,43,KRSA,0.4629822732012513,2,OTHER,CAMKK,META,CAMKK2
STKR,-0.9475,36,KRSA,0.5505735140771637,3,TKL,STKR,TYPE1,ACVR1
STKR,-0.9475,36,KRSA,0.5505735140771637,3,TKL,STKR,TYPE1,ACVR1B
STKR,-0.9475,36,KRSA,0.5505735140771637,3,TKL,STKR,TYPE1,ACVR1C
STKR,-0.9475,36,KRSA,0.5505735140771637,3,TKL,STKR,TYPE2,ACVR2A
STKR,-0.9475,36,KRSA,0.5505735140771637,3,TKL,STKR,TYPE2,ACVR2B
STKR,-0.9475,36,KRSA,0.5505735140771637,3,TKL,STKR,TYPE1,ACVRL1
STKR,-0.9475,36,KRSA,0.5505735140771637,3,TKL,STKR,TYPE2,AMHR2
STKR,-0.9475,36,KRSA,0.5505735140771637,3,TKL,STKR,TYPE1,BMPR1A
STKR,-0.9475,36,KRSA,0.5505735140771637,3,TKL,STKR,TYPE1,BMPR1B
STKR,-0.9475,36,KRSA,0.5505735140771637,3,TKL,STKR,TYPE2,BMPR2
STKR,-0.9475,36,KRSA,0.5505735140771637,3,TKL,STKR,TYPE1,TGFBR1
STKR,-0.9475,36,KRSA,0.5505735140771637,3,TKL,STKR,TYPE2,TGFBR2
ULK,-0.84,46,KRSA,0.4254431699687174,2,OTHER,ULK,FUSED,STK36
ULK,-0.84,46,KRSA,0.4254431699687174,2,OTHER,ULK,ULK,ULK1
ULK,-0.84,46,KRSA,0.4254431699687174,2,OTHER,ULK,ULK,ULK2
ULK,-0.84,46,KRSA,0.4254431699687174,2,OTHER,ULK,ULK,ULK3
ULK,-0.84,46,KRSA,0.4254431699687174,2,OTHER,ULK,ULK,ULK4
NIK,-0.8408333333333333,45,KRSA,0.43795620437956206,2,STE,STE-UNIQUE,STE-UNIQUE,MAP3K14
TAO,-0.5108333333333334,64,KRSA,0.20020855057351408,1,STE,STE20,TAO,TAOK1
TAO,-0.5108333333333334,64,KRSA,0.20020855057351408,1,STE,STE20,TAO,TAOK2
TAO,-0.5108333333333334,64,KRSA,0.20020855057351408,1,STE,STE20,TAO,TAOK3
CLK,-0.8325,47,KRSA,0.4129301355578728,2,CMGC,CLK,CLK,CLK1
CLK,-0.8325,47,KRSA,0.4129301355578728,2,CMGC,CLK,CLK,CLK2
CLK,-0.8325,47,KRSA,0.4129301355578728,2,CMGC,CLK,CLK,CLK3
CLK,-0.8325,47,KRSA,0.4129301355578728,2,CMGC,CLK,CLK,CLK4
MSN,-0.5541666666666666,60,KRSA,0.2502606882168926,2,STE,STE20,MSN,MAP4K4
MSN,-0.5541666666666666,60,KRSA,0.2502606882168926,2,STE,STE20,MSN,NRK
MSN,-0.5541666666666666,60,KRSA,0.2502606882168926,2,STE,STE20,MSN,TNIK
DMPK,-0.905,38,KRSA,0.5255474452554745,3,AGC,DMPK,GEK,CDC42BPA
DMPK,-0.905,38,KRSA,0.5255474452554745,3,AGC,DMPK,GEK,CDC42BPB
DMPK,-0.905,38,KRSA,0.5255474452554745,3,AGC,DMPK,GEK,CDC42BPG
DMPK,-0.905,38,KRSA,0.5255474452554745,3,AGC,DMPK,CRIK,CIT
DMPK,-0.905,38,KRSA,0.5255474452554745,3,AGC,DMPK,GEK,DMPK
DMPK,-0.905,38,KRSA,0.5255474452554745,3,AGC,DMPK,ROCK,ROCK1
DMPK,-0.905,38,KRSA,0.5255474452554745,3,AGC,DMPK,ROCK,ROCK2
AKT,0.3075,70,KRSA,0.1251303441084463,1,AGC,AKT,AKT,AKT1
AKT,0.3075,70,KRSA,0.1251303441084463,1,AGC,AKT,AKT,AKT2
AKT,0.3075,70,KRSA,0.1251303441084463,1,AGC,AKT,AKT,AKT3
PIM,0.09833333333333331,76,KRSA,0.05005213764337852,1,CAMK,PIM,PIM,PIM1
PIM,0.09833333333333331,76,KRSA,0.05005213764337852,1,CAMK,PIM,PIM,PIM2
PIM,0.09833333333333331,76,KRSA,0.05005213764337852,1,CAMK,PIM,PIM,PIM3
SGK,-0.7541666666666667,51,KRSA,0.36287799791449427,2,AGC,SGK,SGK,SGK1
SGK,-0.7541666666666667,51,KRSA,0.36287799791449427,2,AGC,SGK,SGK,SGK2
SGK,-0.7541666666666667,51,KRSA,0.36287799791449427,2,AGC,SGK,SGK,SGK3
NDR,0.4458333333333333,67,KRSA,0.16266944734098018,1,AGC,NDR,NDR,LATS1
NDR,0.4458333333333333,67,KRSA,0.16266944734098018,1,AGC,NDR,NDR,LATS2
NDR,0.4458333333333333,67,KRSA,0.16266944734098018,1,AGC,NDR,NDR,STK38
NDR,0.4458333333333333,67,KRSA,0.16266944734098018,1,AGC,NDR,NDR,STK38L
PKCI,0.7458333333333333,52,KRSA,0.35036496350364965,2,AGC,PKC,IOTA,PRKCI
PKCI,0.7458333333333333,52,KRSA,0.35036496350364965,2,AGC,PKC,IOTA,PRKCZ
PAKA,0.675,56,KRSA,0.30031282586027114,2,STE,STE20,PAKA,PAK1
PAKA,0.675,56,KRSA,0.30031282586027114,2,STE,STE20,PAKA,PAK2
PAKA,0.675,56,KRSA,0.30031282586027114,2,STE,STE20,PAKA,PAK3
AUR,-0.03083333333333335,79,KRSA,0.01251303441084463,1,OTHER,AUR,AUR,AURKA
AUR,-0.03083333333333335,79,KRSA,0.01251303441084463,1,OTHER,AUR,AUR,AURKB
AUR,-0.03083333333333335,79,KRSA,0.01251303441084463,1,OTHER,AUR,AUR,AURKC
RAD53,0.7608333333333334,50,KRSA,0.3753910323253389,2,CAMK,RAD53,RAD53,CHEK2
ATR,-1.355,26,KRSA,0.67570385818561,3,ATYPICAL,PIKK,ATR,ATR
CK2,-0.4708333333333333,66,KRSA,0.17518248175182483,1,CMGC,CK2,CK2,CSNK2A1
CK2,-0.4708333333333333,66,KRSA,0.17518248175182483,1,CMGC,CK2,CK2,CSNK2A2
CK2,-0.4708333333333333,66,KRSA,0.17518248175182483,1,NA,NA,NA,CSNK2A3
STE11,-0.6575,57,KRSA,0.28779979144942647,2,TKL,MLK,TAK1,MAP3K7
STE11,-0.6575,57,KRSA,0.28779979144942647,2,STE,STE11,MEKK1,MAP3K1
STE11,-0.6575,57,KRSA,0.28779979144942647,2,STE,STE11,ASK,MAP3K15
STE11,-0.6575,57,KRSA,0.28779979144942647,2,STE,STE11,MEKK2,MAP3K2
STE11,-0.6575,57,KRSA,0.28779979144942647,2,STE,STE11,MEKK2,MAP3K3
STE11,-0.6575,57,KRSA,0.28779979144942647,2,STE,STE11,MEKK4,MAP3K4
STE11,-0.6575,57,KRSA,0.28779979144942647,2,STE,STE11,ASK,MAP3K5
STE11,-0.6575,57,KRSA,0.28779979144942647,2,STE,STE11,ASK,MAP3K6
IKK,-0.8591666666666666,41,KRSA,0.4880083420229406,2,OTHER,IKK,IKK,CHUK
IKK,-0.8591666666666666,41,KRSA,0.4880083420229406,2,OTHER,IKK,IKK,IKBKB
IKK,-0.8591666666666666,41,KRSA,0.4880083420229406,2,OTHER,IKK,IKK,IKBKE
IKK,-0.8591666666666666,41,KRSA,0.4880083420229406,2,OTHER,IKK,IKK,TBK1
PKD,0.30500000000000005,71,KRSA,0.11261730969760167,1,CAMK,PKD,PKD,PRKD1
PKD,0.30500000000000005,71,KRSA,0.11261730969760167,1,CAMK,PKD,PKD,PRKD2
PKD,0.30500000000000005,71,KRSA,0.11261730969760167,1,CAMK,PKD,PKD,PRKD3
GRK,-0.43083333333333335,68,KRSA,0.15015641293013557,1,AGC,GRK,GRK,GRK1
GRK,-0.43083333333333335,68,KRSA,0.15015641293013557,1,AGC,GRK,GRK,GRK4
GRK,-0.43083333333333335,68,KRSA,0.15015641293013557,1,AGC,GRK,GRK,GRK5
GRK,-0.43083333333333335,68,KRSA,0.15015641293013557,1,AGC,GRK,GRK,GRK6
GRK,-0.43083333333333335,68,KRSA,0.15015641293013557,1,AGC,GRK,GRK,GRK7
MLCK,-0.8308333333333333,48,KRSA,0.40041710114702816,2,CAMK,MLCK,MLCK,MYLK
MLCK,-0.8308333333333333,48,KRSA,0.40041710114702816,2,CAMK,MLCK,MLCK,MYLK2
MLCK,-0.8308333333333333,48,KRSA,0.40041710114702816,2,CAMK,MLCK,MLCK,TTN
MELK,-0.6341666666666667,59,KRSA,0.26277372262773724,2,CAMK,CAMKL,MELK,MELK
COT,0.2966666666666667,72,KRSA,0.10010427528675704,1,STE,STE-UNIQUE,STE-UNIQUE,MAP3K8
CAMK2,0.01416666666666666,80,KRSA,0,1,CAMK,CAMK2,CAMK2,CAMK2A
CAMK2,0.01416666666666666,80,KRSA,0,1,CAMK,CAMK2,CAMK2,CAMK2B
CAMK2,0.01416666666666666,80,KRSA,0,1,CAMK,CAMK2,CAMK2,CAMK2D
CAMK2,0.01416666666666666,80,KRSA,0,1,CAMK,CAMK2,CAMK2,CAMK2G
PRKDC,-1.0841666666666667,32,KRSA,0.6006256517205423,3,ATYPICAL,PIKK,DNAPK,PRKDC
NEK,-0.7866666666666666,49,KRSA,0.38790406673618355,2,OTHER,NEK,NEK11,NEK11
NEK,-0.7866666666666666,49,KRSA,0.38790406673618355,2,OTHER,NEK,NEK2,NEK2
NEK,-0.7866666666666666,49,KRSA,0.38790406673618355,2,OTHER,NEK,NEK1,NEK3
NEK,-0.7866666666666666,49,KRSA,0.38790406673618355,2,OTHER,NEK,NEK4,NEK4
NEK,-0.7866666666666666,49,KRSA,0.38790406673618355,2,OTHER,NEK,NEK1,NEK5
NEK,-0.7866666666666666,49,KRSA,0.38790406673618355,2,OTHER,NEK,NEK6,NEK6
NEK,-0.7866666666666666,49,KRSA,0.38790406673618355,2,OTHER,NEK,NEK6,NEK7
NEK,-0.7866666666666666,49,KRSA,0.38790406673618355,2,OTHER,NEK,NEK8,NEK8
NEK,-0.7866666666666666,49,KRSA,0.38790406673618355,2,OTHER,NEK,NEK8,NEK9
HAL,0.6866666666666666,54,KRSA,0.32533889468196037,2,RGC,RGC,RGC,NPR1
AMPK,0.08000000000000002,77,KRSA,0.03753910323253389,1,CAMK,CAMKL,AMPK,PRKAA1
AMPK,0.08000000000000002,77,KRSA,0.03753910323253389,1,CAMK,CAMKL,AMPK,PRKAA2
IRAK,-0.7391666666666667,53,KRSA,0.337851929092805,2,TKL,IRAK,IRAK,IRAK1
IRAK,-0.7391666666666667,53,KRSA,0.337851929092805,2,TKL,IRAK,IRAK,IRAK2
IRAK,-0.7391666666666667,53,KRSA,0.337851929092805,2,TKL,IRAK,IRAK,IRAK3
IRAK,-0.7391666666666667,53,KRSA,0.337851929092805,2,TKL,IRAK,IRAK,IRAK4
PKCD,0.5308333333333334,62,KRSA,0.22523461939520334,1,AGC,PKC,DELTA,PRKCD
PKCD,0.5308333333333334,62,KRSA,0.22523461939520334,1,AGC,PKC,DELTA,PRKCQ
CHK1,-0.17666666666666667,75,KRSA,0.06256517205422316,1,CAMK,CAMKL,CHK1,CHEK1
MAPKAPK,0.07583333333333335,78,KRSA,0.02502606882168926,1,CAMK,MAPKAPK,MAPKAPK,MAPKAPK2
MAPKAPK,0.07583333333333335,78,KRSA,0.02502606882168926,1,CAMK,MAPKAPK,MAPKAPK,MAPKAPK3
MAPKAPK,0.07583333333333335,78,KRSA,0.02502606882168926,1,CAMK,MAPKAPK,MAPKAPK,MAPKAPK5
MAPKAPK,0.07583333333333335,78,KRSA,0.02502606882168926,1,CAMK,MAPKAPK,MNK,MKNK1
MAPKAPK,0.07583333333333335,78,KRSA,0.02502606882168926,1,CAMK,MAPKAPK,MNK,MKNK2
ERK,-4.384166666666666,1,KRSA,0.9885297184567258,4,CMGC,MAPK,ERK1,MAPK1
ERK,-4.384166666666666,1,KRSA,0.9885297184567258,4,CMGC,MAPK,ERK7,MAPK15
ERK,-4.384166666666666,1,KRSA,0.9885297184567258,4,CMGC,MAPK,ERK1,MAPK3
ERK,-4.384166666666666,1,KRSA,0.9885297184567258,4,CMGC,MAPK,ERK3,MAPK4
ERK,-4.384166666666666,1,KRSA,0.9885297184567258,4,CMGC,MAPK,ERK3,MAPK6
ERK,-4.384166666666666,1,KRSA,0.9885297184567258,4,CMGC,MAPK,ERK5,MAPK7
DYRK,-3.701666666666666,4,KRSA,0.9509906152241918,4,CMGC,DYRK,DYRK1,DYRK1A
DYRK,-3.701666666666666,4,KRSA,0.9509906152241918,4,CMGC,DYRK,DYRK1,DYRK1B
DYRK,-3.701666666666666,4,KRSA,0.9509906152241918,4,CMGC,DYRK,DYRK2,DYRK2
DYRK,-3.701666666666666,4,KRSA,0.9509906152241918,4,CMGC,DYRK,DYRK2,DYRK3
DYRK,-3.701666666666666,4,KRSA,0.9509906152241918,4,CMGC,DYRK,DYRK2,DYRK4
DYRK,-3.701666666666666,4,KRSA,0.9509906152241918,4,CMGC,DYRK,HIPK,HIPK1
DYRK,-3.701666666666666,4,KRSA,0.9509906152241918,4,CMGC,DYRK,HIPK,HIPK2
DYRK,-3.701666666666666,4,KRSA,0.9509906152241918,4,CMGC,DYRK,HIPK,HIPK3
DYRK,-3.701666666666666,4,KRSA,0.9509906152241918,4,CMGC,DYRK,HIPK,HIPK4
DYRK,-3.701666666666666,4,KRSA,0.9509906152241918,4,CMGC,DYRK,PRP4,PRPF4B
PDK1,-3.7941666666666665,2,KRSA,0.9760166840458812,4,ATYPICAL,PDHK,PDHK,PDK1
PDK1,-3.7941666666666665,2,KRSA,0.9760166840458812,4,AGC,PDK1,PDK1,PDPK1
PKA,2.931666666666666,9,KRSA,0.8884254431699687,4,AGC,PKA,PKA,PRKACA
PKA,2.931666666666666,9,KRSA,0.8884254431699687,4,AGC,PKA,PKA,PRKACB
PKA,2.931666666666666,9,KRSA,0.8884254431699687,4,AGC,PKA,PKA,PRKACG
PKA,2.931666666666666,9,KRSA,0.8884254431699687,4,AGC,PKA,PKA,PRKX
PKA,2.931666666666666,9,KRSA,0.8884254431699687,4,AGC,PKA,PKA,PRKY
PKG,2.9516666666666667,7,KRSA,0.913451511991658,4,AGC,PKG,PKG,PRKG1
PKG,2.9516666666666667,7,KRSA,0.913451511991658,4,AGC,PKG,PKG,PRKG2
P38,-3.2391666666666667,6,KRSA,0.9259645464025026,4,CMGC,MAPK,P38,MAPK11
P38,-3.2391666666666667,6,KRSA,0.9259645464025026,4,CMGC,MAPK,P38,MAPK12
P38,-3.2391666666666667,6,KRSA,0.9259645464025026,4,CMGC,MAPK,P38,MAPK13
P38,-3.2391666666666667,6,KRSA,0.9259645464025026,4,CMGC,MAPK,P38,MAPK14
JNK,-3.725833333333333,3,KRSA,0.9635036496350365,4,CMGC,MAPK,JNK,MAPK10
JNK,-3.725833333333333,3,KRSA,0.9635036496350365,4,CMGC,MAPK,JNK,MAPK8
JNK,-3.725833333333333,3,KRSA,0.9635036496350365,4,CMGC,MAPK,JNK,MAPK9
CDK,-3.35,5,KRSA,0.9384775808133472,4,CMGC,CDK,CDC2,CDK1
CDK,-3.35,5,KRSA,0.9384775808133472,4,CMGC,CDK,CDK10,CDK10
CDK,-3.35,5,KRSA,0.9384775808133472,4,CMGC,CDK,CRK7,CDK12
CDK,-3.35,5,KRSA,0.9384775808133472,4,CMGC,CDK,CRK7,CDK13
CDK,-3.35,5,KRSA,0.9384775808133472,4,CMGC,CDK,PFTAIRE,CDK14
CDK,-3.35,5,KRSA,0.9384775808133472,4,CMGC,CDK,PFTAIRE,CDK15
CDK,-3.35,5,KRSA,0.9384775808133472,4,CMGC,CDK,PCTAIRE,CDK16
CDK,-3.35,5,KRSA,0.9384775808133472,4,CMGC,CDK,PCTAIRE,CDK17
CDK,-3.35,5,KRSA,0.9384775808133472,4,CMGC,CDK,PCTAIRE,CDK18
CDK,-3.35,5,KRSA,0.9384775808133472,4,CMGC,CDK,CDK8,CDK19
CDK,-3.35,5,KRSA,0.9384775808133472,4,CMGC,CDK,CDC2,CDK2
CDK,-3.35,5,KRSA,0.9384775808133472,4,CMGC,CDK,CCRK,CDK20
CDK,-3.35,5,KRSA,0.9384775808133472,4,CMGC,CDK,CDC2,CDK3
CDK,-3.35,5,KRSA,0.9384775808133472,4,CMGC,CDK,CDK4,CDK4
CDK,-3.35,5,KRSA,0.9384775808133472,4,CMGC,CDK,CDK5,CDK5
CDK,-3.35,5,KRSA,0.9384775808133472,4,CMGC,CDK,CDK4,CDK6
CDK,-3.35,5,KRSA,0.9384775808133472,4,CMGC,CDK,CDK7,CDK7
CDK,-3.35,5,KRSA,0.9384775808133472,4,CMGC,CDK,CDK8,CDK8
CDK,-3.35,5,KRSA,0.9384775808133472,4,CMGC,CDK,CDK9,CDK9
CDK,-3.35,5,KRSA,0.9384775808133472,4,NA,NA,NA,CDK11A
CDK,-3.35,5,KRSA,0.9384775808133472,4,NA,NA,NA,CDK11B
PLK,-2.943333333333334,8,KRSA,0.9009384775808134,4,NA,NA,NA,PLK5
PLK,-2.943333333333334,8,KRSA,0.9009384775808134,4,OTHER,PLK,PLK1,PLK1
PLK,-2.943333333333334,8,KRSA,0.9009384775808134,4,OTHER,PLK,PLK2,PLK2
PLK,-2.943333333333334,8,KRSA,0.9009384775808134,4,OTHER,PLK,PLK2,PLK3
PLK,-2.943333333333334,8,KRSA,0.9009384775808134,4,OTHER,PLK,SAK,PLK4
MST,-2.005833333333334,16,KRSA,0.8008342022940563,4,STE,STE20,MST,STK3
MST,-2.005833333333334,16,KRSA,0.8008342022940563,4,STE,STE20,MST,STK4
QIK,-2.275,14,KRSA,0.8258602711157456,4,CAMK,CAMKL,QIK,SIK1
QIK,-2.275,14,KRSA,0.8258602711157456,4,CAMK,CAMKL,QIK,SIK2
NMO,-2.44,12,KRSA,0.8508863399374348,4,CMGC,MAPK,NMO,NLK
FRAY,-1.600833333333333,21,KRSA,0.7382690302398331,3,STE,STE20,FRAY,OXSR1
FRAY,-1.600833333333333,21,KRSA,0.7382690302398331,3,STE,STE20,FRAY,STK39
RAF,-2.3133333333333335,13,KRSA,0.8383733055265902,4,TKL,RAF,RAF,ARAF
RAF,-2.3133333333333335,13,KRSA,0.8383733055265902,4,TKL,RAF,RAF,BRAF
RAF,-2.3133333333333335,13,KRSA,0.8383733055265902,4,TKL,RAF,KSR,KSR1
RAF,-2.3133333333333335,13,KRSA,0.8383733055265902,4,TKL,RAF,KSR,KSR2
RAF,-2.3133333333333335,13,KRSA,0.8383733055265902,4,TKL,RAF,RAF,RAF1
PEK,-2.6991666666666667,10,KRSA,0.8759124087591241,4,OTHER,PEK,HRI,EIF2AK1
PEK,-2.6991666666666667,10,KRSA,0.8759124087591241,4,OTHER,PEK,PKR,EIF2AK2
PEK,-2.6991666666666667,10,KRSA,0.8759124087591241,4,OTHER,PEK,PEK,EIF2AK3
PEK,-2.6991666666666667,10,KRSA,0.8759124087591241,4,OTHER,PEK,GCN2,EIF2AK4
RSK,0.635,58,KRSA,0.27528675703858185,2,AGC,RSK,RSK,RPS6KA1
RSK,0.635,58,KRSA,0.27528675703858185,2,AGC,RSK,RSK,RPS6KA2
RSK,0.635,58,KRSA,0.27528675703858185,2,AGC,RSK,RSK,RPS6KA3
RSK,0.635,58,KRSA,0.27528675703858185,2,AGC,RSK,MSK,RPS6KA4
RSK,0.635,58,KRSA,0.27528675703858185,2,AGC,RSK,MSK,RPS6KA5
RSK,0.635,58,KRSA,0.27528675703858185,2,AGC,RSK,RSK,RPS6KA6
RSK,0.635,58,KRSA,0.27528675703858185,2,AGC,RSK,P70,RPS6KB1
RSK,0.635,58,KRSA,0.27528675703858185,2,AGC,RSK,P70,RPS6KB2
MTOR,-1.7675,17,KRSA,0.7883211678832117,4,ATYPICAL,PIKK,FRAP,MTOR
RIPK,1.2691666666666666,27,KRSA,0.6631908237747653,3,TKL,RIPK,RIPK,ANKK1
RIPK,1.2691666666666666,27,KRSA,0.6631908237747653,3,TKL,RIPK,RIPK,RIPK1
RIPK,1.2691666666666666,27,KRSA,0.6631908237747653,3,TKL,RIPK,RIPK,RIPK2
RIPK,1.2691666666666666,27,KRSA,0.6631908237747653,3,TKL,RIPK,RIPK,RIPK3
RIPK,1.2691666666666666,27,KRSA,0.6631908237747653,3,TKL,RIPK,RIPK,RIPK4
LKB,-1.4725,24,KRSA,0.7007299270072993,3,CAMK,CAMKL,LKB,STK11
VRK1,-1.3883333333333334,25,KRSA,0.6882168925964547,3,CK1,VRK,VRK,VRK1
STE7,-1.6208333333333331,20,KRSA,0.7507820646506778,4,STE,STE7,MEK1,MAP2K1
STE7,-1.6208333333333331,20,KRSA,0.7507820646506778,4,STE,STE7,MEK1,MAP2K2
STE7,-1.6208333333333331,20,KRSA,0.7507820646506778,4,STE,STE7,MEK3,MAP2K3
STE7,-1.6208333333333331,20,KRSA,0.7507820646506778,4,STE,STE7,MEK4,MAP2K4
STE7,-1.6208333333333331,20,KRSA,0.7507820646506778,4,STE,STE7,MEK5,MAP2K5
STE7,-1.6208333333333331,20,KRSA,0.7507820646506778,4,STE,STE7,MEK3,MAP2K6
STE7,-1.6208333333333331,20,KRSA,0.7507820646506778,4,STE,STE7,MEK7,MAP2K7
STE11,-0.6575,57,KRSA,0.28779979144942647,2,TKL,MLK,TAK1,MAP3K7
STE11,-0.6575,57,KRSA,0.28779979144942647,2,STE,STE11,MEKK1,MAP3K1
STE11,-0.6575,57,KRSA,0.28779979144942647,2,STE,STE11,ASK,MAP3K15
STE11,-0.6575,57,KRSA,0.28779979144942647,2,STE,STE11,MEKK2,MAP3K2
STE11,-0.6575,57,KRSA,0.28779979144942647,2,STE,STE11,MEKK2,MAP3K3
STE11,-0.6575,57,KRSA,0.28779979144942647,2,STE,STE11,MEKK4,MAP3K4
STE11,-0.6575,57,KRSA,0.28779979144942647,2,STE,STE11,ASK,MAP3K5
STE11,-0.6575,57,KRSA,0.28779979144942647,2,STE,STE11,ASK,MAP3K6
MOS,1.0725,34,KRSA,0.5755995828988529,3,OTHER,MOS,MOS,MOS
SGK,-0.7541666666666667,51,KRSA,0.36287799791449427,2,AGC,SGK,SGK,SGK1
SGK,-0.7541666666666667,51,KRSA,0.36287799791449427,2,AGC,SGK,SGK,SGK2
SGK,-0.7541666666666667,51,KRSA,0.36287799791449427,2,AGC,SGK,SGK,SGK3
SLK,0.21083333333333332,74,KRSA,0.07507820646506778,1,STE,STE20,SLK,SLK
SLK,0.21083333333333332,74,KRSA,0.07507820646506778,1,STE,STE20,SLK,STK10
KHS,0.3491666666666667,69,KRSA,0.13764337851929093,1,STE,STE20,KHS,MAP4K1
KHS,0.3491666666666667,69,KRSA,0.13764337851929093,1,STE,STE20,KHS,MAP4K2
KHS,0.3491666666666667,69,KRSA,0.13764337851929093,1,STE,STE20,KHS,MAP4K3
KHS,0.3491666666666667,69,KRSA,0.13764337851929093,1,STE,STE20,KHS,MAP4K5
NDR,0.4458333333333333,67,KRSA,0.16266944734098018,1,AGC,NDR,NDR,LATS1
NDR,0.4458333333333333,67,KRSA,0.16266944734098018,1,AGC,NDR,NDR,LATS2
NDR,0.4458333333333333,67,KRSA,0.16266944734098018,1,AGC,NDR,NDR,STK38
NDR,0.4458333333333333,67,KRSA,0.16266944734098018,1,AGC,NDR,NDR,STK38L
PKD,0.30500000000000005,71,KRSA,0.11261730969760167,1,CAMK,PKD,PKD,PRKD1
PKD,0.30500000000000005,71,KRSA,0.11261730969760167,1,CAMK,PKD,PKD,PRKD2
PKD,0.30500000000000005,71,KRSA,0.11261730969760167,1,CAMK,PKD,PKD,PRKD3
PASK,0.8833333333333333,39,KRSA,0.5130344108446299,3,CAMK,CAMKL,PASK,PASK
PKCA,-2.4466666666666668,11,KRSA,0.8633993743482794,4,AGC,PKC,ALPHA,PRKCA
PKCA,-2.4466666666666668,11,KRSA,0.8633993743482794,4,AGC,PKC,ALPHA,PRKCB
PKCA,-2.4466666666666668,11,KRSA,0.8633993743482794,4,AGC,PKC,ALPHA,PRKCG
BARK2,0.5533333333333333,61,KRSA,0.23774765380604795,1,AGC,GRK,BARK,GRK3
MLK,-0.8616666666666667,40,KRSA,0.5005213764337852,3,TKL,MLK,ILK,ILK
MLK,-0.8616666666666667,40,KRSA,0.5005213764337852,3,TKL,MLK,MLK,MAP3K10
MLK,-0.8616666666666667,40,KRSA,0.5005213764337852,3,TKL,MLK,MLK,MAP3K11
MLK,-0.8616666666666667,40,KRSA,0.5005213764337852,3,TKL,MLK,LZK,MAP3K12
MLK,-0.8616666666666667,40,KRSA,0.5005213764337852,3,TKL,MLK,LZK,MAP3K13
MLK,-0.8616666666666667,40,KRSA,0.5005213764337852,3,TKL,MLK,MLK,MAP3K9
MLK,-0.8616666666666667,40,KRSA,0.5005213764337852,3,TKL,MLK,HH498,TNNI3K
ATM,-0.9883333333333334,35,KRSA,0.5630865484880083,3,ATYPICAL,PIKK,ATM,ATM
CAMK1,1.6283333333333334,19,KRSA,0.7632950990615224,4,CAMK,CAMK1,CAMK1,CAMK1
CAMK1,1.6283333333333334,19,KRSA,0.7632950990615224,4,CAMK,CAMK1,CAMK1,CAMK1D
CAMK1,1.6283333333333334,19,KRSA,0.7632950990615224,4,CAMK,CAMK1,CAMK1,CAMK1G
CAMK1,1.6283333333333334,19,KRSA,0.7632950990615224,4,CAMK,CAMK1,CAMK1,CAMK4
CAMK1,1.6283333333333334,19,KRSA,0.7632950990615224,4,CAMK,CAMK1,CAMK1,PNCK
ATR,-1.355,26,KRSA,0.67570385818561,3,ATYPICAL,PIKK,ATR,ATR
GSK,-1.495,23,KRSA,0.7132429614181439,3,CMGC,GSK,GSK,GSK3A
GSK,-1.495,23,KRSA,0.7132429614181439,3,CMGC,GSK,GSK,GSK3B
MELK,-0.6341666666666667,59,KRSA,0.26277372262773724,2,CAMK,CAMKL,MELK,MELK
PRKDC,-1.0841666666666667,32,KRSA,0.6006256517205423,3,ATYPICAL,PIKK,DNAPK,PRKDC
PKCH,-0.21833333333333332,73,KRSA,0.08759124087591241,1,AGC,PKC,ETA,PRKCE
PKCH,-0.21833333333333332,73,KRSA,0.08759124087591241,1,AGC,PKC,ETA,PRKCH
PAKA,0.675,56,KRSA,0.30031282586027114,2,STE,STE20,PAKA,PAK1
PAKA,0.675,56,KRSA,0.30031282586027114,2,STE,STE20,PAKA,PAK2
PAKA,0.675,56,KRSA,0.30031282586027114,2,STE,STE20,PAKA,PAK3
PKCI,0.7458333333333333,52,KRSA,0.35036496350364965,2,AGC,PKC,IOTA,PRKCI
PKCI,0.7458333333333333,52,KRSA,0.35036496350364965,2,AGC,PKC,IOTA,PRKCZ
CK1,-2.104166666666667,15,KRSA,0.8133472367049009,4,CK1,CK1,CK1-A,CSNK1A1
CK1,-2.104166666666667,15,KRSA,0.8133472367049009,4,CK1,CK1,CK1-A,CSNK1A1L
CK1,-2.104166666666667,15,KRSA,0.8133472367049009,4,CK1,CK1,CK1-D,CSNK1D
CK1,-2.104166666666667,15,KRSA,0.8133472367049009,4,CK1,CK1,CK1-D,CSNK1E
CK1,-2.104166666666667,15,KRSA,0.8133472367049009,4,CK1,CK1,CK1-G,CSNK1G1
CK1,-2.104166666666667,15,KRSA,0.8133472367049009,4,CK1,CK1,CK1-G,CSNK1G2
CK1,-2.104166666666667,15,KRSA,0.8133472367049009,4,CK1,CK1,CK1-G,CSNK1G3
CK1,-2.104166666666667,15,KRSA,0.8133472367049009,4,CK1,TTBK,TTBK,TTBK1
CK1,-2.104166666666667,15,KRSA,0.8133472367049009,4,CK1,TTBK,TTBK,TTBK2
CK1,-2.104166666666667,15,KRSA,0.8133472367049009,4,CK1,VRK,VRK,VRK3
STKR,-0.9475,36,KRSA,0.5505735140771637,3,TKL,STKR,TYPE1,ACVR1
STKR,-0.9475,36,KRSA,0.5505735140771637,3,TKL,STKR,TYPE1,ACVR1B
STKR,-0.9475,36,KRSA,0.5505735140771637,3,TKL,STKR,TYPE1,ACVR1C
STKR,-0.9475,36,KRSA,0.5505735140771637,3,TKL,STKR,TYPE2,ACVR2A
STKR,-0.9475,36,KRSA,0.5505735140771637,3,TKL,STKR,TYPE2,ACVR2B
STKR,-0.9475,36,KRSA,0.5505735140771637,3,TKL,STKR,TYPE1,ACVRL1
STKR,-0.9475,36,KRSA,0.5505735140771637,3,TKL,STKR,TYPE2,AMHR2
STKR,-0.9475,36,KRSA,0.5505735140771637,3,TKL,STKR,TYPE1,BMPR1A
STKR,-0.9475,36,KRSA,0.5505735140771637,3,TKL,STKR,TYPE1,BMPR1B
STKR,-0.9475,36,KRSA,0.5505735140771637,3,TKL,STKR,TYPE2,BMPR2
STKR,-0.9475,36,KRSA,0.5505735140771637,3,TKL,STKR,TYPE1,TGFBR1
STKR,-0.9475,36,KRSA,0.5505735140771637,3,TKL,STKR,TYPE2,TGFBR2
NAK,-1.215,28,KRSA,0.6506777893639207,3,OTHER,NAK,BIKE,AAK1
NAK,-1.215,28,KRSA,0.6506777893639207,3,OTHER,NAK,BIKE,BMP2K
NAK,-1.215,28,KRSA,0.6506777893639207,3,OTHER,NAK,GAK,GAK
NAK,-1.215,28,KRSA,0.6506777893639207,3,OTHER,NAK,MPSK,STK16
PAKB,-0.4825,65,KRSA,0.18769551616266944,1,STE,STE20,PAKB,PAK4
PAKB,-0.4825,65,KRSA,0.18769551616266944,1,STE,STE20,PAKB,PAK5
PAKB,-0.4825,65,KRSA,0.18769551616266944,1,STE,STE20,PAKB,PAK6
NUAK,-1.195,31,KRSA,0.6131386861313869,3,CAMK,CAMKL,NUAK,NUAK1
NUAK,-1.195,31,KRSA,0.6131386861313869,3,CAMK,CAMKL,NUAK,NUAK2
TLK,-1.205,29,KRSA,0.6381647549530761,3,OTHER,TLK,TLK,TLK1
TLK,-1.205,29,KRSA,0.6381647549530761,3,OTHER,TLK,TLK,TLK2
PKN,-1.0741666666666667,33,KRSA,0.5881126173096975,3,AGC,PKN,PKN,PKN1
PKN,-1.0741666666666667,33,KRSA,0.5881126173096975,3,AGC,PKN,PKN,PKN2
PKN,-1.0741666666666667,33,KRSA,0.5881126173096975,3,AGC,PKN,PKN,PKN3
TTK,-1.2,30,KRSA,0.6256517205422315,3,OTHER,TTK,TTK,TTK
NEK,-0.7866666666666666,49,KRSA,0.38790406673618355,2,OTHER,NEK,NEK11,NEK11
NEK,-0.7866666666666666,49,KRSA,0.38790406673618355,2,OTHER,NEK,NEK2,NEK2
NEK,-0.7866666666666666,49,KRSA,0.38790406673618355,2,OTHER,NEK,NEK1,NEK3
NEK,-0.7866666666666666,49,KRSA,0.38790406673618355,2,OTHER,NEK,NEK4,NEK4
NEK,-0.7866666666666666,49,KRSA,0.38790406673618355,2,OTHER,NEK,NEK1,NEK5
NEK,-0.7866666666666666,49,KRSA,0.38790406673618355,2,OTHER,NEK,NEK6,NEK6
NEK,-0.7866666666666666,49,KRSA,0.38790406673618355,2,OTHER,NEK,NEK6,NEK7
NEK,-0.7866666666666666,49,KRSA,0.38790406673618355,2,OTHER,NEK,NEK8,NEK8
NEK,-0.7866666666666666,49,KRSA,0.38790406673618355,2,OTHER,NEK,NEK8,NEK9
ULK,-0.84,46,KRSA,0.4254431699687174,2,OTHER,ULK,FUSED,STK36
ULK,-0.84,46,KRSA,0.4254431699687174,2,OTHER,ULK,ULK,ULK1
ULK,-0.84,46,KRSA,0.4254431699687174,2,OTHER,ULK,ULK,ULK2
ULK,-0.84,46,KRSA,0.4254431699687174,2,OTHER,ULK,ULK,ULK3
ULK,-0.84,46,KRSA,0.4254431699687174,2,OTHER,ULK,ULK,ULK4
CAMKK,-0.8425,43,KRSA,0.4629822732012513,2,OTHER,CAMKK,META,CAMKK1
CAMKK,-0.8425,43,KRSA,0.4629822732012513,2,OTHER,CAMKK,META,CAMKK2
BRSK,0.5175,63,KRSA,0.2127215849843587,1,CAMK,CAMKL,BRSK,BRSK1
BRSK,0.5175,63,KRSA,0.2127215849843587,1,CAMK,CAMKL,BRSK,BRSK2
CLK,-0.8325,47,KRSA,0.4129301355578728,2,CMGC,CLK,CLK,CLK1
CLK,-0.8325,47,KRSA,0.4129301355578728,2,CMGC,CLK,CLK,CLK2
CLK,-0.8325,47,KRSA,0.4129301355578728,2,CMGC,CLK,CLK,CLK3
CLK,-0.8325,47,KRSA,0.4129301355578728,2,CMGC,CLK,CLK,CLK4
TAO,-0.5108333333333334,64,KRSA,0.20020855057351408,1,STE,STE20,TAO,TAOK1
TAO,-0.5108333333333334,64,KRSA,0.20020855057351408,1,STE,STE20,TAO,TAOK2
TAO,-0.5108333333333334,64,KRSA,0.20020855057351408,1,STE,STE20,TAO,TAOK3
NIK,-0.8408333333333333,45,KRSA,0.43795620437956206,2,STE,STE-UNIQUE,STE-UNIQUE,MAP3K14
BUD32,-0.8416666666666667,44,KRSA,0.4504692387904067,2,OTHER,BUD32,BUD32,TP53RK
WNK,-0.8433333333333334,42,KRSA,0.4754953076120959,2,OTHER,WNK,WNK,WNK1
WNK,-0.8433333333333334,42,KRSA,0.4754953076120959,2,OTHER,WNK,WNK,WNK2
WNK,-0.8433333333333334,42,KRSA,0.4754953076120959,2,OTHER,WNK,WNK,WNK3
WNK,-0.8433333333333334,42,KRSA,0.4754953076120959,2,OTHER,WNK,WNK,WNK4
CHK1,-0.17666666666666667,75,KRSA,0.06256517205422316,1,CAMK,CAMKL,CHK1,CHEK1
AKT,0.3075,70,KRSA,0.1251303441084463,1,AGC,AKT,AKT,AKT1
AKT,0.3075,70,KRSA,0.1251303441084463,1,AGC,AKT,AKT,AKT2
AKT,0.3075,70,KRSA,0.1251303441084463,1,AGC,AKT,AKT,AKT3
PKCD,0.5308333333333334,62,KRSA,0.22523461939520334,1,AGC,PKC,DELTA,PRKCD
PKCD,0.5308333333333334,62,KRSA,0.22523461939520334,1,AGC,PKC,DELTA,PRKCQ
HAL,0.6866666666666666,54,KRSA,0.32533889468196037,2,RGC,RGC,RGC,NPR1
MLCK,-0.8308333333333333,48,KRSA,0.40041710114702816,2,CAMK,MLCK,MLCK,MYLK
MLCK,-0.8308333333333333,48,KRSA,0.40041710114702816,2,CAMK,MLCK,MLCK,MYLK2
MLCK,-0.8308333333333333,48,KRSA,0.40041710114702816,2,CAMK,MLCK,MLCK,TTN
GRK,-0.43083333333333335,68,KRSA,0.15015641293013557,1,AGC,GRK,GRK,GRK1
GRK,-0.43083333333333335,68,KRSA,0.15015641293013557,1,AGC,GRK,GRK,GRK4
GRK,-0.43083333333333335,68,KRSA,0.15015641293013557,1,AGC,GRK,GRK,GRK5
GRK,-0.43083333333333335,68,KRSA,0.15015641293013557,1,AGC,GRK,GRK,GRK6
GRK,-0.43083333333333335,68,KRSA,0.15015641293013557,1,AGC,GRK,GRK,GRK7
PDHK,-0.6858333333333333,55,KRSA,0.31282586027111575,2,ATYPICAL,PDHK,BCKDK,BCKDK
PDHK,-0.6858333333333333,55,KRSA,0.31282586027111575,2,ATYPICAL,PDHK,PDHK,PDK2
PDHK,-0.6858333333333333,55,KRSA,0.31282586027111575,2,ATYPICAL,PDHK,PDHK,PDK3
PDHK,-0.6858333333333333,55,KRSA,0.31282586027111575,2,ATYPICAL,PDHK,PDHK,PDK4
PHK,-1.56,22,KRSA,0.7257559958289885,3,CAMK,PHK,PHK,PHKG1
PHK,-1.56,22,KRSA,0.7257559958289885,3,CAMK,PHK,PHK,PHKG2
COT,0.2966666666666667,72,KRSA,0.10010427528675704,1,STE,STE-UNIQUE,STE-UNIQUE,MAP3K8
CK2,-0.4708333333333333,66,KRSA,0.17518248175182483,1,CMGC,CK2,CK2,CSNK2A1
CK2,-0.4708333333333333,66,KRSA,0.17518248175182483,1,CMGC,CK2,CK2,CSNK2A2
CK2,-0.4708333333333333,66,KRSA,0.17518248175182483,1,NA,NA,NA,CSNK2A3
IKK,-0.8591666666666666,41,KRSA,0.4880083420229406,2,OTHER,IKK,IKK,CHUK
IKK,-0.8591666666666666,41,KRSA,0.4880083420229406,2,OTHER,IKK,IKK,IKBKB
IKK,-0.8591666666666666,41,KRSA,0.4880083420229406,2,OTHER,IKK,IKK,IKBKE
IKK,-0.8591666666666666,41,KRSA,0.4880083420229406,2,OTHER,IKK,IKK,TBK1
RAD53,0.7608333333333334,50,KRSA,0.3753910323253389,2,CAMK,RAD53,RAD53,CHEK2
AUR,-0.03083333333333335,79,KRSA,0.01251303441084463,1,OTHER,AUR,AUR,AURKA
AUR,-0.03083333333333335,79,KRSA,0.01251303441084463,1,OTHER,AUR,AUR,AURKB
AUR,-0.03083333333333335,79,KRSA,0.01251303441084463,1,OTHER,AUR,AUR,AURKC
MSN,-0.5541666666666666,60,KRSA,0.2502606882168926,2,STE,STE20,MSN,MAP4K4
MSN,-0.5541666666666666,60,KRSA,0.2502606882168926,2,STE,STE20,MSN,NRK
MSN,-0.5541666666666666,60,KRSA,0.2502606882168926,2,STE,STE20,MSN,TNIK
PIM,0.09833333333333331,76,KRSA,0.05005213764337852,1,CAMK,PIM,PIM,PIM1
PIM,0.09833333333333331,76,KRSA,0.05005213764337852,1,CAMK,PIM,PIM,PIM2
PIM,0.09833333333333331,76,KRSA,0.05005213764337852,1,CAMK,PIM,PIM,PIM3
DAPK,-0.9291666666666668,37,KRSA,0.5380604796663191,3,CAMK,DAPK,DAPK,DAPK1
DAPK,-0.9291666666666668,37,KRSA,0.5380604796663191,3,CAMK,DAPK,DAPK,DAPK2
DAPK,-0.9291666666666668,37,KRSA,0.5380604796663191,3,CAMK,DAPK,DAPK,DAPK3
DAPK,-0.9291666666666668,37,KRSA,0.5380604796663191,3,CAMK,DAPK,DRAK,STK17A
DAPK,-0.9291666666666668,37,KRSA,0.5380604796663191,3,CAMK,DAPK,DRAK,STK17B
AMPK,0.08000000000000002,77,KRSA,0.03753910323253389,1,CAMK,CAMKL,AMPK,PRKAA1
AMPK,0.08000000000000002,77,KRSA,0.03753910323253389,1,CAMK,CAMKL,AMPK,PRKAA2
CAMK2,0.01416666666666666,80,KRSA,0,1,CAMK,CAMK2,CAMK2,CAMK2A
CAMK2,0.01416666666666666,80,KRSA,0,1,CAMK,CAMK2,CAMK2,CAMK2B
CAMK2,0.01416666666666666,80,KRSA,0,1,CAMK,CAMK2,CAMK2,CAMK2D
CAMK2,0.01416666666666666,80,KRSA,0,1,CAMK,CAMK2,CAMK2,CAMK2G
IRAK,-0.7391666666666667,53,KRSA,0.337851929092805,2,TKL,IRAK,IRAK,IRAK1
IRAK,-0.7391666666666667,53,KRSA,0.337851929092805,2,TKL,IRAK,IRAK,IRAK2
IRAK,-0.7391666666666667,53,KRSA,0.337851929092805,2,TKL,IRAK,IRAK,IRAK3
IRAK,-0.7391666666666667,53,KRSA,0.337851929092805,2,TKL,IRAK,IRAK,IRAK4
MAPKAPK,0.07583333333333335,78,KRSA,0.02502606882168926,1,CAMK,MAPKAPK,MAPKAPK,MAPKAPK2
MAPKAPK,0.07583333333333335,78,KRSA,0.02502606882168926,1,CAMK,MAPKAPK,MAPKAPK,MAPKAPK3
MAPKAPK,0.07583333333333335,78,KRSA,0.02502606882168926,1,CAMK,MAPKAPK,MAPKAPK,MAPKAPK5
MAPKAPK,0.07583333333333335,78,KRSA,0.02502606882168926,1,CAMK,MAPKAPK,MNK,MKNK1
MAPKAPK,0.07583333333333335,78,KRSA,0.02502606882168926,1,CAMK,MAPKAPK,MNK,MKNK2
DMPK,-0.905,38,KRSA,0.5255474452554745,3,AGC,DMPK,GEK,CDC42BPA
DMPK,-0.905,38,KRSA,0.5255474452554745,3,AGC,DMPK,GEK,CDC42BPB
DMPK,-0.905,38,KRSA,0.5255474452554745,3,AGC,DMPK,GEK,CDC42BPG
DMPK,-0.905,38,KRSA,0.5255474452554745,3,AGC,DMPK,CRIK,CIT
DMPK,-0.905,38,KRSA,0.5255474452554745,3,AGC,DMPK,GEK,DMPK
DMPK,-0.905,38,KRSA,0.5255474452554745,3,AGC,DMPK,ROCK,ROCK1
DMPK,-0.905,38,KRSA,0.5255474452554745,3,AGC,DMPK,ROCK,ROCK2
PKG,2.9516666666666667,7,KRSA,0.913451511991658,4,AGC,PKG,PKG,PRKG1
PKG,2.9516666666666667,7,KRSA,0.913451511991658,4,AGC,PKG,PKG,PRKG2
DYRK,-3.701666666666666,4,KRSA,0.9509906152241918,4,CMGC,DYRK,DYRK1,DYRK1A
DYRK,-3.701666666666666,4,KRSA,0.9509906152241918,4,CMGC,DYRK,DYRK1,DYRK1B
DYRK,-3.701666666666666,4,KRSA,0.9509906152241918,4,CMGC,DYRK,DYRK2,DYRK2
DYRK,-3.701666666666666,4,KRSA,0.9509906152241918,4,CMGC,DYRK,DYRK2,DYRK3
DYRK,-3.701666666666666,4,KRSA,0.9509906152241918,4,CMGC,DYRK,DYRK2,DYRK4
DYRK,-3.701666666666666,4,KRSA,0.9509906152241918,4,CMGC,DYRK,HIPK,HIPK1
DYRK,-3.701666666666666,4,KRSA,0.9509906152241918,4,CMGC,DYRK,HIPK,HIPK2
DYRK,-3.701666666666666,4,KRSA,0.9509906152241918,4,CMGC,DYRK,HIPK,HIPK3
DYRK,-3.701666666666666,4,KRSA,0.9509906152241918,4,CMGC,DYRK,HIPK,HIPK4
DYRK,-3.701666666666666,4,KRSA,0.9509906152241918,4,CMGC,DYRK,PRP4,PRPF4B
PDK1,-3.7941666666666665,2,KRSA,0.9760166840458812,4,ATYPICAL,PDHK,PDHK,PDK1
PDK1,-3.7941666666666665,2,KRSA,0.9760166840458812,4,AGC,PDK1,PDK1,PDPK1
PKA,2.931666666666666,9,KRSA,0.8884254431699687,4,AGC,PKA,PKA,PRKACA
PKA,2.931666666666666,9,KRSA,0.8884254431699687,4,AGC,PKA,PKA,PRKACB
PKA,2.931666666666666,9,KRSA,0.8884254431699687,4,AGC,PKA,PKA,PRKACG
PKA,2.931666666666666,9,KRSA,0.8884254431699687,4,AGC,PKA,PKA,PRKX
PKA,2.931666666666666,9,KRSA,0.8884254431699687,4,AGC,PKA,PKA,PRKY
JNK,-3.725833333333333,3,KRSA,0.9635036496350365,4,CMGC,MAPK,JNK,MAPK10
JNK,-3.725833333333333,3,KRSA,0.9635036496350365,4,CMGC,MAPK,JNK,MAPK8
JNK,-3.725833333333333,3,KRSA,0.9635036496350365,4,CMGC,MAPK,JNK,MAPK9
ERK,-4.384166666666666,1,KRSA,0.9885297184567258,4,CMGC,MAPK,ERK1,MAPK1
ERK,-4.384166666666666,1,KRSA,0.9885297184567258,4,CMGC,MAPK,ERK7,MAPK15
ERK,-4.384166666666666,1,KRSA,0.9885297184567258,4,CMGC,MAPK,ERK1,MAPK3
ERK,-4.384166666666666,1,KRSA,0.9885297184567258,4,CMGC,MAPK,ERK3,MAPK4
ERK,-4.384166666666666,1,KRSA,0.9885297184567258,4,CMGC,MAPK,ERK3,MAPK6
ERK,-4.384166666666666,1,KRSA,0.9885297184567258,4,CMGC,MAPK,ERK5,MAPK7
P38,-3.2391666666666667,6,KRSA,0.9259645464025026,4,CMGC,MAPK,P38,MAPK11
P38,-3.2391666666666667,6,KRSA,0.9259645464025026,4,CMGC,MAPK,P38,MAPK12
P38,-3.2391666666666667,6,KRSA,0.9259645464025026,4,CMGC,MAPK,P38,MAPK13
P38,-3.2391666666666667,6,KRSA,0.9259645464025026,4,CMGC,MAPK,P38,MAPK14
RIPK,1.2691666666666666,27,KRSA,0.6631908237747653,3,TKL,RIPK,RIPK,ANKK1
RIPK,1.2691666666666666,27,KRSA,0.6631908237747653,3,TKL,RIPK,RIPK,RIPK1
RIPK,1.2691666666666666,27,KRSA,0.6631908237747653,3,TKL,RIPK,RIPK,RIPK2
RIPK,1.2691666666666666,27,KRSA,0.6631908237747653,3,TKL,RIPK,RIPK,RIPK3
RIPK,1.2691666666666666,27,KRSA,0.6631908237747653,3,TKL,RIPK,RIPK,RIPK4
MST,-2.005833333333334,16,KRSA,0.8008342022940563,4,STE,STE20,MST,STK3
MST,-2.005833333333334,16,KRSA,0.8008342022940563,4,STE,STE20,MST,STK4
CDK,-3.35,5,KRSA,0.9384775808133472,4,CMGC,CDK,CDC2,CDK1
CDK,-3.35,5,KRSA,0.9384775808133472,4,CMGC,CDK,CDK10,CDK10
CDK,-3.35,5,KRSA,0.9384775808133472,4,CMGC,CDK,CRK7,CDK12
CDK,-3.35,5,KRSA,0.9384775808133472,4,CMGC,CDK,CRK7,CDK13
CDK,-3.35,5,KRSA,0.9384775808133472,4,CMGC,CDK,PFTAIRE,CDK14
CDK,-3.35,5,KRSA,0.9384775808133472,4,CMGC,CDK,PFTAIRE,CDK15
CDK,-3.35,5,KRSA,0.9384775808133472,4,CMGC,CDK,PCTAIRE,CDK16
CDK,-3.35,5,KRSA,0.9384775808133472,4,CMGC,CDK,PCTAIRE,CDK17
CDK,-3.35,5,KRSA,0.9384775808133472,4,CMGC,CDK,PCTAIRE,CDK18
CDK,-3.35,5,KRSA,0.9384775808133472,4,CMGC,CDK,CDK8,CDK19
CDK,-3.35,5,KRSA,0.9384775808133472,4,CMGC,CDK,CDC2,CDK2
CDK,-3.35,5,KRSA,0.9384775808133472,4,CMGC,CDK,CCRK,CDK20
CDK,-3.35,5,KRSA,0.9384775808133472,4,CMGC,CDK,CDC2,CDK3
CDK,-3.35,5,KRSA,0.9384775808133472,4,CMGC,CDK,CDK4,CDK4
CDK,-3.35,5,KRSA,0.9384775808133472,4,CMGC,CDK,CDK5,CDK5
CDK,-3.35,5,KRSA,0.9384775808133472,4,CMGC,CDK,CDK4,CDK6
CDK,-3.35,5,KRSA,0.9384775808133472,4,CMGC,CDK,CDK7,CDK7
CDK,-3.35,5,KRSA,0.9384775808133472,4,CMGC,CDK,CDK8,CDK8
CDK,-3.35,5,KRSA,0.9384775808133472,4,CMGC,CDK,CDK9,CDK9
CDK,-3.35,5,KRSA,0.9384775808133472,4,NA,NA,NA,CDK11A
CDK,-3.35,5,KRSA,0.9384775808133472,4,NA,NA,NA,CDK11B
PKCH,-0.21833333333333332,73,KRSA,0.08759124087591241,1,AGC,PKC,ETA,PRKCE
PKCH,-0.21833333333333332,73,KRSA,0.08759124087591241,1,AGC,PKC,ETA,PRKCH
PLK,-2.943333333333334,8,KRSA,0.9009384775808134,4,NA,NA,NA,PLK5
PLK,-2.943333333333334,8,KRSA,0.9009384775808134,4,OTHER,PLK,PLK1,PLK1
PLK,-2.943333333333334,8,KRSA,0.9009384775808134,4,OTHER,PLK,PLK2,PLK2
PLK,-2.943333333333334,8,KRSA,0.9009384775808134,4,OTHER,PLK,PLK2,PLK3
PLK,-2.943333333333334,8,KRSA,0.9009384775808134,4,OTHER,PLK,SAK,PLK4
RSK,0.635,58,KRSA,0.27528675703858185,2,AGC,RSK,RSK,RPS6KA1
RSK,0.635,58,KRSA,0.27528675703858185,2,AGC,RSK,RSK,RPS6KA2
RSK,0.635,58,KRSA,0.27528675703858185,2,AGC,RSK,RSK,RPS6KA3
RSK,0.635,58,KRSA,0.27528675703858185,2,AGC,RSK,MSK,RPS6KA4
RSK,0.635,58,KRSA,0.27528675703858185,2,AGC,RSK,MSK,RPS6KA5
RSK,0.635,58,KRSA,0.27528675703858185,2,AGC,RSK,RSK,RPS6KA6
RSK,0.635,58,KRSA,0.27528675703858185,2,AGC,RSK,P70,RPS6KB1
RSK,0.635,58,KRSA,0.27528675703858185,2,AGC,RSK,P70,RPS6KB2
PASK,0.8833333333333333,39,KRSA,0.5130344108446299,3,CAMK,CAMKL,PASK,PASK
SLK,0.21083333333333332,74,KRSA,0.07507820646506778,1,STE,STE20,SLK,SLK
SLK,0.21083333333333332,74,KRSA,0.07507820646506778,1,STE,STE20,SLK,STK10
FRAY,-1.600833333333333,21,KRSA,0.7382690302398331,3,STE,STE20,FRAY,OXSR1
FRAY,-1.600833333333333,21,KRSA,0.7382690302398331,3,STE,STE20,FRAY,STK39
LKB,-1.4725,24,KRSA,0.7007299270072993,3,CAMK,CAMKL,LKB,STK11
NMO,-2.44,12,KRSA,0.8508863399374348,4,CMGC,MAPK,NMO,NLK
STE11,-0.6575,57,KRSA,0.28779979144942647,2,TKL,MLK,TAK1,MAP3K7
STE11,-0.6575,57,KRSA,0.28779979144942647,2,STE,STE11,MEKK1,MAP3K1
STE11,-0.6575,57,KRSA,0.28779979144942647,2,STE,STE11,ASK,MAP3K15
STE11,-0.6575,57,KRSA,0.28779979144942647,2,STE,STE11,MEKK2,MAP3K2
STE11,-0.6575,57,KRSA,0.28779979144942647,2,STE,STE11,MEKK2,MAP3K3
STE11,-0.6575,57,KRSA,0.28779979144942647,2,STE,STE11,MEKK4,MAP3K4
STE11,-0.6575,57,KRSA,0.28779979144942647,2,STE,STE11,ASK,MAP3K5
STE11,-0.6575,57,KRSA,0.28779979144942647,2,STE,STE11,ASK,MAP3K6
RAF,-2.3133333333333335,13,KRSA,0.8383733055265902,4,TKL,RAF,RAF,ARAF
RAF,-2.3133333333333335,13,KRSA,0.8383733055265902,4,TKL,RAF,RAF,BRAF
RAF,-2.3133333333333335,13,KRSA,0.8383733055265902,4,TKL,RAF,KSR,KSR1
RAF,-2.3133333333333335,13,KRSA,0.8383733055265902,4,TKL,RAF,KSR,KSR2
RAF,-2.3133333333333335,13,KRSA,0.8383733055265902,4,TKL,RAF,RAF,RAF1
PAKA,0.675,56,KRSA,0.30031282586027114,2,STE,STE20,PAKA,PAK1
PAKA,0.675,56,KRSA,0.30031282586027114,2,STE,STE20,PAKA,PAK2
PAKA,0.675,56,KRSA,0.30031282586027114,2,STE,STE20,PAKA,PAK3
QIK,-2.275,14,KRSA,0.8258602711157456,4,CAMK,CAMKL,QIK,SIK1
QIK,-2.275,14,KRSA,0.8258602711157456,4,CAMK,CAMKL,QIK,SIK2
MELK,-0.6341666666666667,59,KRSA,0.26277372262773724,2,CAMK,CAMKL,MELK,MELK
PKD,0.30500000000000005,71,KRSA,0.11261730969760167,1,CAMK,PKD,PKD,PRKD1
PKD,0.30500000000000005,71,KRSA,0.11261730969760167,1,CAMK,PKD,PKD,PRKD2
PKD,0.30500000000000005,71,KRSA,0.11261730969760167,1,CAMK,PKD,PKD,PRKD3
GSK,-1.495,23,KRSA,0.7132429614181439,3,CMGC,GSK,GSK,GSK3A
GSK,-1.495,23,KRSA,0.7132429614181439,3,CMGC,GSK,GSK,GSK3B
PKCI,0.7458333333333333,52,KRSA,0.35036496350364965,2,AGC,PKC,IOTA,PRKCI
PKCI,0.7458333333333333,52,KRSA,0.35036496350364965,2,AGC,PKC,IOTA,PRKCZ
IRAK,-0.7391666666666667,53,KRSA,0.337851929092805,2,TKL,IRAK,IRAK,IRAK1
IRAK,-0.7391666666666667,53,KRSA,0.337851929092805,2,TKL,IRAK,IRAK,IRAK2
IRAK,-0.7391666666666667,53,KRSA,0.337851929092805,2,TKL,IRAK,IRAK,IRAK3
IRAK,-0.7391666666666667,53,KRSA,0.337851929092805,2,TKL,IRAK,IRAK,IRAK4
MTOR,-1.7675,17,KRSA,0.7883211678832117,4,ATYPICAL,PIKK,FRAP,MTOR
ATR,-1.355,26,KRSA,0.67570385818561,3,ATYPICAL,PIKK,ATR,ATR
MLCK,-0.8308333333333333,48,KRSA,0.40041710114702816,2,CAMK,MLCK,MLCK,MYLK
MLCK,-0.8308333333333333,48,KRSA,0.40041710114702816,2,CAMK,MLCK,MLCK,MYLK2
MLCK,-0.8308333333333333,48,KRSA,0.40041710114702816,2,CAMK,MLCK,MLCK,TTN
VRK1,-1.3883333333333334,25,KRSA,0.6882168925964547,3,CK1,VRK,VRK,VRK1
PRKDC,-1.0841666666666667,32,KRSA,0.6006256517205423,3,ATYPICAL,PIKK,DNAPK,PRKDC
STE7,-1.6208333333333331,20,KRSA,0.7507820646506778,4,STE,STE7,MEK1,MAP2K1
STE7,-1.6208333333333331,20,KRSA,0.7507820646506778,4,STE,STE7,MEK1,MAP2K2
STE7,-1.6208333333333331,20,KRSA,0.7507820646506778,4,STE,STE7,MEK3,MAP2K3
STE7,-1.6208333333333331,20,KRSA,0.7507820646506778,4,STE,STE7,MEK4,MAP2K4
STE7,-1.6208333333333331,20,KRSA,0.7507820646506778,4,STE,STE7,MEK5,MAP2K5
STE7,-1.6208333333333331,20,KRSA,0.7507820646506778,4,STE,STE7,MEK3,MAP2K6
STE7,-1.6208333333333331,20,KRSA,0.7507820646506778,4,STE,STE7,MEK7,MAP2K7
COT,0.2966666666666667,72,KRSA,0.10010427528675704,1,STE,STE-UNIQUE,STE-UNIQUE,MAP3K8
ATM,-0.9883333333333334,35,KRSA,0.5630865484880083,3,ATYPICAL,PIKK,ATM,ATM
HAL,0.6866666666666666,54,KRSA,0.32533889468196037,2,RGC,RGC,RGC,NPR1
MLK,-0.8616666666666667,40,KRSA,0.5005213764337852,3,TKL,MLK,ILK,ILK
MLK,-0.8616666666666667,40,KRSA,0.5005213764337852,3,TKL,MLK,MLK,MAP3K10
MLK,-0.8616666666666667,40,KRSA,0.5005213764337852,3,TKL,MLK,MLK,MAP3K11
MLK,-0.8616666666666667,40,KRSA,0.5005213764337852,3,TKL,MLK,LZK,MAP3K12
MLK,-0.8616666666666667,40,KRSA,0.5005213764337852,3,TKL,MLK,LZK,MAP3K13
MLK,-0.8616666666666667,40,KRSA,0.5005213764337852,3,TKL,MLK,MLK,MAP3K9
MLK,-0.8616666666666667,40,KRSA,0.5005213764337852,3,TKL,MLK,HH498,TNNI3K
CAMK1,1.6283333333333334,19,KRSA,0.7632950990615224,4,CAMK,CAMK1,CAMK1,CAMK1
CAMK1,1.6283333333333334,19,KRSA,0.7632950990615224,4,CAMK,CAMK1,CAMK1,CAMK1D
CAMK1,1.6283333333333334,19,KRSA,0.7632950990615224,4,CAMK,CAMK1,CAMK1,CAMK1G
CAMK1,1.6283333333333334,19,KRSA,0.7632950990615224,4,CAMK,CAMK1,CAMK1,CAMK4
CAMK1,1.6283333333333334,19,KRSA,0.7632950990615224,4,CAMK,CAMK1,CAMK1,PNCK
PDHK,-0.6858333333333333,55,KRSA,0.31282586027111575,2,ATYPICAL,PDHK,BCKDK,BCKDK
PDHK,-0.6858333333333333,55,KRSA,0.31282586027111575,2,ATYPICAL,PDHK,PDHK,PDK2
PDHK,-0.6858333333333333,55,KRSA,0.31282586027111575,2,ATYPICAL,PDHK,PDHK,PDK3
PDHK,-0.6858333333333333,55,KRSA,0.31282586027111575,2,ATYPICAL,PDHK,PDHK,PDK4
PEK,-2.6991666666666667,10,KRSA,0.8759124087591241,4,OTHER,PEK,HRI,EIF2AK1
PEK,-2.6991666666666667,10,KRSA,0.8759124087591241,4,OTHER,PEK,PKR,EIF2AK2
PEK,-2.6991666666666667,10,KRSA,0.8759124087591241,4,OTHER,PEK,PEK,EIF2AK3
PEK,-2.6991666666666667,10,KRSA,0.8759124087591241,4,OTHER,PEK,GCN2,EIF2AK4
BARK2,0.5533333333333333,61,KRSA,0.23774765380604795,1,AGC,GRK,BARK,GRK3
PHK,-1.56,22,KRSA,0.7257559958289885,3,CAMK,PHK,PHK,PHKG1
PHK,-1.56,22,KRSA,0.7257559958289885,3,CAMK,PHK,PHK,PHKG2
TTK,-1.2,30,KRSA,0.6256517205422315,3,OTHER,TTK,TTK,TTK
NEK,-0.7866666666666666,49,KRSA,0.38790406673618355,2,OTHER,NEK,NEK11,NEK11
NEK,-0.7866666666666666,49,KRSA,0.38790406673618355,2,OTHER,NEK,NEK2,NEK2
NEK,-0.7866666666666666,49,KRSA,0.38790406673618355,2,OTHER,NEK,NEK1,NEK3
NEK,-0.7866666666666666,49,KRSA,0.38790406673618355,2,OTHER,NEK,NEK4,NEK4
NEK,-0.7866666666666666,49,KRSA,0.38790406673618355,2,OTHER,NEK,NEK1,NEK5
NEK,-0.7866666666666666,49,KRSA,0.38790406673618355,2,OTHER,NEK,NEK6,NEK6
NEK,-0.7866666666666666,49,KRSA,0.38790406673618355,2,OTHER,NEK,NEK6,NEK7
NEK,-0.7866666666666666,49,KRSA,0.38790406673618355,2,OTHER,NEK,NEK8,NEK8
NEK,-0.7866666666666666,49,KRSA,0.38790406673618355,2,OTHER,NEK,NEK8,NEK9
PAKB,-0.4825,65,KRSA,0.18769551616266944,1,STE,STE20,PAKB,PAK4
PAKB,-0.4825,65,KRSA,0.18769551616266944,1,STE,STE20,PAKB,PAK5
PAKB,-0.4825,65,KRSA,0.18769551616266944,1,STE,STE20,PAKB,PAK6
PKN,-1.0741666666666667,33,KRSA,0.5881126173096975,3,AGC,PKN,PKN,PKN1
PKN,-1.0741666666666667,33,KRSA,0.5881126173096975,3,AGC,PKN,PKN,PKN2
PKN,-1.0741666666666667,33,KRSA,0.5881126173096975,3,AGC,PKN,PKN,PKN3
NUAK,-1.195,31,KRSA,0.6131386861313869,3,CAMK,CAMKL,NUAK,NUAK1
NUAK,-1.195,31,KRSA,0.6131386861313869,3,CAMK,CAMKL,NUAK,NUAK2
SGK,-0.7541666666666667,51,KRSA,0.36287799791449427,2,AGC,SGK,SGK,SGK1
SGK,-0.7541666666666667,51,KRSA,0.36287799791449427,2,AGC,SGK,SGK,SGK2
SGK,-0.7541666666666667,51,KRSA,0.36287799791449427,2,AGC,SGK,SGK,SGK3
NAK,-1.215,28,KRSA,0.6506777893639207,3,OTHER,NAK,BIKE,AAK1
NAK,-1.215,28,KRSA,0.6506777893639207,3,OTHER,NAK,BIKE,BMP2K
NAK,-1.215,28,KRSA,0.6506777893639207,3,OTHER,NAK,GAK,GAK
NAK,-1.215,28,KRSA,0.6506777893639207,3,OTHER,NAK,MPSK,STK16
TLK,-1.205,29,KRSA,0.6381647549530761,3,OTHER,TLK,TLK,TLK1
TLK,-1.205,29,KRSA,0.6381647549530761,3,OTHER,TLK,TLK,TLK2
CK1,-2.104166666666667,15,KRSA,0.8133472367049009,4,CK1,CK1,CK1-A,CSNK1A1
CK1,-2.104166666666667,15,KRSA,0.8133472367049009,4,CK1,CK1,CK1-A,CSNK1A1L
CK1,-2.104166666666667,15,KRSA,0.8133472367049009,4,CK1,CK1,CK1-D,CSNK1D
CK1,-2.104166666666667,15,KRSA,0.8133472367049009,4,CK1,CK1,CK1-D,CSNK1E
CK1,-2.104166666666667,15,KRSA,0.8133472367049009,4,CK1,CK1,CK1-G,CSNK1G1
CK1,-2.104166666666667,15,KRSA,0.8133472367049009,4,CK1,CK1,CK1-G,CSNK1G2
CK1,-2.104166666666667,15,KRSA,0.8133472367049009,4,CK1,CK1,CK1-G,CSNK1G3
CK1,-2.104166666666667,15,KRSA,0.8133472367049009,4,CK1,TTBK,TTBK,TTBK1
CK1,-2.104166666666667,15,KRSA,0.8133472367049009,4,CK1,TTBK,TTBK,TTBK2
CK1,-2.104166666666667,15,KRSA,0.8133472367049009,4,CK1,VRK,VRK,VRK3
AMPK,0.08000000000000002,77,KRSA,0.03753910323253389,1,CAMK,CAMKL,AMPK,PRKAA1
AMPK,0.08000000000000002,77,KRSA,0.03753910323253389,1,CAMK,CAMKL,AMPK,PRKAA2
RAD53,0.7608333333333334,50,KRSA,0.3753910323253389,2,CAMK,RAD53,RAD53,CHEK2
CAMKK,-0.8425,43,KRSA,0.4629822732012513,2,OTHER,CAMKK,META,CAMKK1
CAMKK,-0.8425,43,KRSA,0.4629822732012513,2,OTHER,CAMKK,META,CAMKK2
PIM,0.09833333333333331,76,KRSA,0.05005213764337852,1,CAMK,PIM,PIM,PIM1
PIM,0.09833333333333331,76,KRSA,0.05005213764337852,1,CAMK,PIM,PIM,PIM2
PIM,0.09833333333333331,76,KRSA,0.05005213764337852,1,CAMK,PIM,PIM,PIM3
BRSK,0.5175,63,KRSA,0.2127215849843587,1,CAMK,CAMKL,BRSK,BRSK1
BRSK,0.5175,63,KRSA,0.2127215849843587,1,CAMK,CAMKL,BRSK,BRSK2
BUD32,-0.8416666666666667,44,KRSA,0.4504692387904067,2,OTHER,BUD32,BUD32,TP53RK
NIK,-0.8408333333333333,45,KRSA,0.43795620437956206,2,STE,STE-UNIQUE,STE-UNIQUE,MAP3K14
TAO,-0.5108333333333334,64,KRSA,0.20020855057351408,1,STE,STE20,TAO,TAOK1
TAO,-0.5108333333333334,64,KRSA,0.20020855057351408,1,STE,STE20,TAO,TAOK2
TAO,-0.5108333333333334,64,KRSA,0.20020855057351408,1,STE,STE20,TAO,TAOK3
ULK,-0.84,46,KRSA,0.4254431699687174,2,OTHER,ULK,FUSED,STK36
ULK,-0.84,46,KRSA,0.4254431699687174,2,OTHER,ULK,ULK,ULK1
ULK,-0.84,46,KRSA,0.4254431699687174,2,OTHER,ULK,ULK,ULK2
ULK,-0.84,46,KRSA,0.4254431699687174,2,OTHER,ULK,ULK,ULK3
ULK,-0.84,46,KRSA,0.4254431699687174,2,OTHER,ULK,ULK,ULK4
WNK,-0.8433333333333334,42,KRSA,0.4754953076120959,2,OTHER,WNK,WNK,WNK1
WNK,-0.8433333333333334,42,KRSA,0.4754953076120959,2,OTHER,WNK,WNK,WNK2
WNK,-0.8433333333333334,42,KRSA,0.4754953076120959,2,OTHER,WNK,WNK,WNK3
WNK,-0.8433333333333334,42,KRSA,0.4754953076120959,2,OTHER,WNK,WNK,WNK4
KHS,0.3491666666666667,69,KRSA,0.13764337851929093,1,STE,STE20,KHS,MAP4K1
KHS,0.3491666666666667,69,KRSA,0.13764337851929093,1,STE,STE20,KHS,MAP4K2
KHS,0.3491666666666667,69,KRSA,0.13764337851929093,1,STE,STE20,KHS,MAP4K3
KHS,0.3491666666666667,69,KRSA,0.13764337851929093,1,STE,STE20,KHS,MAP4K5
MOS,1.0725,34,KRSA,0.5755995828988529,3,OTHER,MOS,MOS,MOS
PKCD,0.5308333333333334,62,KRSA,0.22523461939520334,1,AGC,PKC,DELTA,PRKCD
PKCD,0.5308333333333334,62,KRSA,0.22523461939520334,1,AGC,PKC,DELTA,PRKCQ
CHK1,-0.17666666666666667,75,KRSA,0.06256517205422316,1,CAMK,CAMKL,CHK1,CHEK1
CLK,-0.8325,47,KRSA,0.4129301355578728,2,CMGC,CLK,CLK,CLK1
CLK,-0.8325,47,KRSA,0.4129301355578728,2,CMGC,CLK,CLK,CLK2
CLK,-0.8325,47,KRSA,0.4129301355578728,2,CMGC,CLK,CLK,CLK3
CLK,-0.8325,47,KRSA,0.4129301355578728,2,CMGC,CLK,CLK,CLK4
STKR,-0.9475,36,KRSA,0.5505735140771637,3,TKL,STKR,TYPE1,ACVR1
STKR,-0.9475,36,KRSA,0.5505735140771637,3,TKL,STKR,TYPE1,ACVR1B
STKR,-0.9475,36,KRSA,0.5505735140771637,3,TKL,STKR,TYPE1,ACVR1C
STKR,-0.9475,36,KRSA,0.5505735140771637,3,TKL,STKR,TYPE2,ACVR2A
STKR,-0.9475,36,KRSA,0.5505735140771637,3,TKL,STKR,TYPE2,ACVR2B
STKR,-0.9475,36,KRSA,0.5505735140771637,3,TKL,STKR,TYPE1,ACVRL1
STKR,-0.9475,36,KRSA,0.5505735140771637,3,TKL,STKR,TYPE2,AMHR2
STKR,-0.9475,36,KRSA,0.5505735140771637,3,TKL,STKR,TYPE1,BMPR1A
STKR,-0.9475,36,KRSA,0.5505735140771637,3,TKL,STKR,TYPE1,BMPR1B
STKR,-0.9475,36,KRSA,0.5505735140771637,3,TKL,STKR,TYPE2,BMPR2
STKR,-0.9475,36,KRSA,0.5505735140771637,3,TKL,STKR,TYPE1,TGFBR1
STKR,-0.9475,36,KRSA,0.5505735140771637,3,TKL,STKR,TYPE2,TGFBR2
MAPKAPK,0.07583333333333335,78,KRSA,0.02502606882168926,1,CAMK,MAPKAPK,MAPKAPK,MAPKAPK2
MAPKAPK,0.07583333333333335,78,KRSA,0.02502606882168926,1,CAMK,MAPKAPK,MAPKAPK,MAPKAPK3
MAPKAPK,0.07583333333333335,78,KRSA,0.02502606882168926,1,CAMK,MAPKAPK,MAPKAPK,MAPKAPK5
MAPKAPK,0.07583333333333335,78,KRSA,0.02502606882168926,1,CAMK,MAPKAPK,MNK,MKNK1
MAPKAPK,0.07583333333333335,78,KRSA,0.02502606882168926,1,CAMK,MAPKAPK,MNK,MKNK2
IKK,-0.8591666666666666,41,KRSA,0.4880083420229406,2,OTHER,IKK,IKK,CHUK
IKK,-0.8591666666666666,41,KRSA,0.4880083420229406,2,OTHER,IKK,IKK,IKBKB
IKK,-0.8591666666666666,41,KRSA,0.4880083420229406,2,OTHER,IKK,IKK,IKBKE
IKK,-0.8591666666666666,41,KRSA,0.4880083420229406,2,OTHER,IKK,IKK,TBK1
DMPK,-0.905,38,KRSA,0.5255474452554745,3,AGC,DMPK,GEK,CDC42BPA
DMPK,-0.905,38,KRSA,0.5255474452554745,3,AGC,DMPK,GEK,CDC42BPB
DMPK,-0.905,38,KRSA,0.5255474452554745,3,AGC,DMPK,GEK,CDC42BPG
DMPK,-0.905,38,KRSA,0.5255474452554745,3,AGC,DMPK,CRIK,CIT
DMPK,-0.905,38,KRSA,0.5255474452554745,3,AGC,DMPK,GEK,DMPK
DMPK,-0.905,38,KRSA,0.5255474452554745,3,AGC,DMPK,ROCK,ROCK1
DMPK,-0.905,38,KRSA,0.5255474452554745,3,AGC,DMPK,ROCK,ROCK2
GRK,-0.43083333333333335,68,KRSA,0.15015641293013557,1,AGC,GRK,GRK,GRK1
GRK,-0.43083333333333335,68,KRSA,0.15015641293013557,1,AGC,GRK,GRK,GRK4
GRK,-0.43083333333333335,68,KRSA,0.15015641293013557,1,AGC,GRK,GRK,GRK5
GRK,-0.43083333333333335,68,KRSA,0.15015641293013557,1,AGC,GRK,GRK,GRK6
GRK,-0.43083333333333335,68,KRSA,0.15015641293013557,1,AGC,GRK,GRK,GRK7
CK2,-0.4708333333333333,66,KRSA,0.17518248175182483,1,CMGC,CK2,CK2,CSNK2A1
CK2,-0.4708333333333333,66,KRSA,0.17518248175182483,1,CMGC,CK2,CK2,CSNK2A2
CK2,-0.4708333333333333,66,KRSA,0.17518248175182483,1,NA,NA,NA,CSNK2A3
CAMK2,0.01416666666666666,80,KRSA,0,1,CAMK,CAMK2,CAMK2,CAMK2A
CAMK2,0.01416666666666666,80,KRSA,0,1,CAMK,CAMK2,CAMK2,CAMK2B
CAMK2,0.01416666666666666,80,KRSA,0,1,CAMK,CAMK2,CAMK2,CAMK2D
CAMK2,0.01416666666666666,80,KRSA,0,1,CAMK,CAMK2,CAMK2,CAMK2G
MSN,-0.5541666666666666,60,KRSA,0.2502606882168926,2,STE,STE20,MSN,MAP4K4
MSN,-0.5541666666666666,60,KRSA,0.2502606882168926,2,STE,STE20,MSN,NRK
MSN,-0.5541666666666666,60,KRSA,0.2502606882168926,2,STE,STE20,MSN,TNIK
AUR,-0.03083333333333335,79,KRSA,0.01251303441084463,1,OTHER,AUR,AUR,AURKA
AUR,-0.03083333333333335,79,KRSA,0.01251303441084463,1,OTHER,AUR,AUR,AURKB
AUR,-0.03083333333333335,79,KRSA,0.01251303441084463,1,OTHER,AUR,AUR,AURKC
AKT,0.3075,70,KRSA,0.1251303441084463,1,AGC,AKT,AKT,AKT1
AKT,0.3075,70,KRSA,0.1251303441084463,1,AGC,AKT,AKT,AKT2
AKT,0.3075,70,KRSA,0.1251303441084463,1,AGC,AKT,AKT,AKT3
PKCA,-2.4466666666666668,11,KRSA,0.8633993743482794,4,AGC,PKC,ALPHA,PRKCA
PKCA,-2.4466666666666668,11,KRSA,0.8633993743482794,4,AGC,PKC,ALPHA,PRKCB
PKCA,-2.4466666666666668,11,KRSA,0.8633993743482794,4,AGC,PKC,ALPHA,PRKCG
DAPK,-0.9291666666666668,37,KRSA,0.5380604796663191,3,CAMK,DAPK,DAPK,DAPK1
DAPK,-0.9291666666666668,37,KRSA,0.5380604796663191,3,CAMK,DAPK,DAPK,DAPK2
DAPK,-0.9291666666666668,37,KRSA,0.5380604796663191,3,CAMK,DAPK,DAPK,DAPK3
DAPK,-0.9291666666666668,37,KRSA,0.5380604796663191,3,CAMK,DAPK,DRAK,STK17A
DAPK,-0.9291666666666668,37,KRSA,0.5380604796663191,3,CAMK,DAPK,DRAK,STK17B
NDR,0.4458333333333333,67,KRSA,0.16266944734098018,1,AGC,NDR,NDR,LATS1
NDR,0.4458333333333333,67,KRSA,0.16266944734098018,1,AGC,NDR,NDR,LATS2
NDR,0.4458333333333333,67,KRSA,0.16266944734098018,1,AGC,NDR,NDR,STK38
NDR,0.4458333333333333,67,KRSA,0.16266944734098018,1,AGC,NDR,NDR,STK38L
